job,trial,call_id,input_tokens,output_tokens,status,returned_model
har116-a-000383-baseline,har116-a-000383-baseline__igrXg8R,1,1048,103,200,XiaomiMiMo/MiMo-V2.6-Distill-Qwen-9B
har116-a-000383-baseline,har116-a-000383-baseline__igrXg8R,2,1694,68,200,XiaomiMiMo/MiMo-V2.6-Distill-Qwen-9B
har116-a-000383-baseline,har116-a-000383-baseline__igrXg8R,3,4465,122,200,XiaomiMiMo/MiMo-V2.6-Distill-Qwen-9B
har116-a-000383-baseline,har116-a-000383-baseline__igrXg8R,4,7234,155,200,XiaomiMiMo/MiMo-V2.6-Distill-Qwen-9B
har116-a-000383-baseline,har116-a-000383-baseline__igrXg8R,5,9477,146,200,XiaomiMiMo/MiMo-V2.6-Distill-Qwen-9B
har116-a-000383-baseline,har116-a-000383-baseline__igrXg8R,6,11329,77,200,XiaomiMiMo/MiMo-V2.6-Distill-Qwen-9B
har116-a-000383-baseline,har116-a-000383-baseline__igrXg8R,7,12057,41,200,XiaomiMiMo/MiMo-V2.6-Distill-Qwen-9B
har116-a-000383-baseline,har116-a-000383-baseline__igrXg8R,8,12834,389,200,XiaomiMiMo/MiMo-V2.6-Distill-Qwen-9B
har116-a-000383-baseline,har116-a-000383-baseline__igrXg8R,9,13225,50,200,XiaomiMiMo/MiMo-V2.6-Distill-Qwen-9B
har116-a-000383-baseline,har116-a-000383-baseline__igrXg8R,10,13458,53,200,XiaomiMiMo/MiMo-V2.6-Distill-Qwen-9B
har116-a-000383-baseline,har116-a-000383-baseline__igrXg8R,11,13727,817,200,XiaomiMiMo/MiMo-V2.6-Distill-Qwen-9B
har116-a-000383-baseline,har116-a-000383-baseline__igrXg8R,12,14188,76,200,XiaomiMiMo/MiMo-V2.6-Distill-Qwen-9B
har116-a-000383-baseline,har116-a-000383-baseline__igrXg8R,13,15196,108,200,XiaomiMiMo/MiMo-V2.6-Distill-Qwen-9B
har116-a-000383-baseline,har116-a-000383-baseline__igrXg8R,14,15562,100,200,XiaomiMiMo/MiMo-V2.6-Distill-Qwen-9B
har116-a-000383-baseline,har116-a-000383-baseline__igrXg8R,15,18611,163,200,XiaomiMiMo/MiMo-V2.6-Distill-Qwen-9B
har116-a-000383-baseline,har116-a-000383-baseline__igrXg8R,16,19088,95,200,XiaomiMiMo/MiMo-V2.6-Distill-Qwen-9B
har116-a-000383-baseline,har116-a-000383-baseline__igrXg8R,17,19470,149,200,XiaomiMiMo/MiMo-V2.6-Distill-Qwen-9B
har116-a-000383-baseline,har116-a-000383-baseline__igrXg8R,18,19873,392,200,XiaomiMiMo/MiMo-V2.6-Distill-Qwen-9B
har116-a-000383-baseline,har116-a-000383-baseline__igrXg8R,19,20803,392,200,XiaomiMiMo/MiMo-V2.6-Distill-Qwen-9B
har116-a-000383-baseline,har116-a-000383-baseline__igrXg8R,20,21733,135,200,XiaomiMiMo/MiMo-V2.6-Distill-Qwen-9B
har116-a-000383-baseline,har116-a-000383-baseline__igrXg8R,21,24404,158,200,XiaomiMiMo/MiMo-V2.6-Distill-Qwen-9B
har116-a-000383-baseline,har116-a-000383-baseline__igrXg8R,22,24915,74,200,XiaomiMiMo/MiMo-V2.6-Distill-Qwen-9B
har116-a-000383-baseline,har116-a-000383-baseline__igrXg8R,23,25248,96,200,XiaomiMiMo/MiMo-V2.6-Distill-Qwen-9B
har116-a-000383-baseline,har116-a-000383-baseline__igrXg8R,24,25575,59,200,XiaomiMiMo/MiMo-V2.6-Distill-Qwen-9B
har116-a-000383-baseline,har116-a-000383-baseline__igrXg8R,25,26023,44,200,XiaomiMiMo/MiMo-V2.6-Distill-Qwen-9B
har116-a-000383-baseline,har116-a-000383-baseline__igrXg8R,26,26402,66,200,XiaomiMiMo/MiMo-V2.6-Distill-Qwen-9B
har116-a-000383-baseline,har116-a-000383-baseline__igrXg8R,27,27023,54,200,XiaomiMiMo/MiMo-V2.6-Distill-Qwen-9B
har116-a-000383-baseline,har116-a-000383-baseline__igrXg8R,28,27448,62,200,XiaomiMiMo/MiMo-V2.6-Distill-Qwen-9B
har116-a-000383-baseline,har116-a-000383-baseline__igrXg8R,29,28364,48,200,XiaomiMiMo/MiMo-V2.6-Distill-Qwen-9B
har116-a-000383-baseline,har116-a-000383-baseline__igrXg8R,30,28632,64,200,XiaomiMiMo/MiMo-V2.6-Distill-Qwen-9B
har116-a-000383-baseline,har116-a-000383-baseline__igrXg8R,31,29142,90,200,XiaomiMiMo/MiMo-V2.6-Distill-Qwen-9B
har116-a-000383-baseline,har116-a-000383-baseline__igrXg8R,32,29595,1187,200,XiaomiMiMo/MiMo-V2.6-Distill-Qwen-9B
har116-a-000383-baseline,har116-a-000383-baseline__igrXg8R,33,32239,1310,200,XiaomiMiMo/MiMo-V2.6-Distill-Qwen-9B
har116-a-000383-baseline,har116-a-000383-baseline__igrXg8R,34,34963,260,200,XiaomiMiMo/MiMo-V2.6-Distill-Qwen-9B
har116-a-000383-baseline,har116-a-000383-baseline__igrXg8R,35,35251,135,200,XiaomiMiMo/MiMo-V2.6-Distill-Qwen-9B
har116-a-000383-baseline,har116-a-000383-baseline__igrXg8R,36,35616,1323,200,XiaomiMiMo/MiMo-V2.6-Distill-Qwen-9B
har116-a-000383-baseline,har116-a-000383-baseline__igrXg8R,37,37486,91,200,XiaomiMiMo/MiMo-V2.6-Distill-Qwen-9B
har116-a-000383-baseline,har116-a-000383-baseline__igrXg8R,38,37848,57,200,XiaomiMiMo/MiMo-V2.6-Distill-Qwen-9B
har116-a-000383-baseline,har116-a-000383-baseline__igrXg8R,39,38218,1035,200,XiaomiMiMo/MiMo-V2.6-Distill-Qwen-9B
har116-a-000383-baseline,har116-a-000383-baseline__igrXg8R,40,40693,205,200,XiaomiMiMo/MiMo-V2.6-Distill-Qwen-9B
har116-a-000383-baseline,har116-a-000383-baseline__igrXg8R,41,41252,279,200,XiaomiMiMo/MiMo-V2.6-Distill-Qwen-9B
har116-a-000383-baseline,har116-a-000383-baseline__igrXg8R,42,42120,1062,200,XiaomiMiMo/MiMo-V2.6-Distill-Qwen-9B
har116-a-000383-baseline,har116-a-000383-baseline__igrXg8R,43,44394,1036,200,XiaomiMiMo/MiMo-V2.6-Distill-Qwen-9B
har116-a-000383-baseline,har116-a-000383-baseline__igrXg8R,44,46054,51,200,XiaomiMiMo/MiMo-V2.6-Distill-Qwen-9B
har116-a-000383-baseline,har116-a-000383-baseline__igrXg8R,45,46527,240,200,XiaomiMiMo/MiMo-V2.6-Distill-Qwen-9B
har116-a-000383-baseline,har116-a-000383-baseline__igrXg8R,46,47110,43,200,XiaomiMiMo/MiMo-V2.6-Distill-Qwen-9B
har116-a-000383-baseline,har116-a-000383-baseline__igrXg8R,47,47298,94,200,XiaomiMiMo/MiMo-V2.6-Distill-Qwen-9B
har116-a-000383-baseline,har116-a-000383-baseline__igrXg8R,48,47532,37,200,XiaomiMiMo/MiMo-V2.6-Distill-Qwen-9B
har116-a-000383-baseline,har116-a-000383-baseline__igrXg8R,49,48464,223,200,XiaomiMiMo/MiMo-V2.6-Distill-Qwen-9B
har116-a-000383-baseline,har116-a-000383-baseline__igrXg8R,50,49085,91,200,XiaomiMiMo/MiMo-V2.6-Distill-Qwen-9B
har116-a-000383-baseline,har116-a-000383-baseline__igrXg8R,51,49321,39,200,XiaomiMiMo/MiMo-V2.6-Distill-Qwen-9B
har116-a-000383-baseline,har116-a-000383-baseline__igrXg8R,52,49776,1107,200,XiaomiMiMo/MiMo-V2.6-Distill-Qwen-9B
har116-a-000383-baseline,har116-a-000383-baseline__igrXg8R,53,51568,1177,200,XiaomiMiMo/MiMo-V2.6-Distill-Qwen-9B
har116-a-000383-baseline,har116-a-000383-baseline__igrXg8R,54,54389,1291,200,XiaomiMiMo/MiMo-V2.6-Distill-Qwen-9B
har116-a-000383-baseline,har116-a-000383-baseline__igrXg8R,55,56172,39,200,XiaomiMiMo/MiMo-V2.6-Distill-Qwen-9B
har116-a-000383-baseline,har116-a-000383-baseline__igrXg8R,56,1071,108,200,XiaomiMiMo/MiMo-V2.6-Distill-Qwen-9B
har116-a-000383-baseline,har116-a-000383-baseline__igrXg8R,57,56332,99,200,XiaomiMiMo/MiMo-V2.6-Distill-Qwen-9B
har116-a-000383-baseline,har116-a-000383-baseline__igrXg8R,58,2355,84,200,XiaomiMiMo/MiMo-V2.6-Distill-Qwen-9B
har116-a-000383-baseline,har116-a-000383-baseline__igrXg8R,59,2587,84,200,XiaomiMiMo/MiMo-V2.6-Distill-Qwen-9B
har116-a-000383-baseline,har116-a-000383-baseline__igrXg8R,60,3019,34,200,XiaomiMiMo/MiMo-V2.6-Distill-Qwen-9B
har116-a-000383-baseline,har116-a-000383-baseline__igrXg8R,61,4052,254,200,XiaomiMiMo/MiMo-V2.6-Distill-Qwen-9B
har116-a-000383-baseline,har116-a-000383-baseline__igrXg8R,62,4821,44,200,XiaomiMiMo/MiMo-V2.6-Distill-Qwen-9B
har116-a-000383-baseline,har116-a-000383-baseline__igrXg8R,63,6155,579,200,XiaomiMiMo/MiMo-V2.6-Distill-Qwen-9B
har116-a-000383-baseline,har116-a-000383-baseline__igrXg8R,64,7391,59,200,XiaomiMiMo/MiMo-V2.6-Distill-Qwen-9B
har116-a-000383-baseline,har116-a-000383-baseline__igrXg8R,65,7759,451,200,XiaomiMiMo/MiMo-V2.6-Distill-Qwen-9B
har116-a-000383-baseline,har116-a-000383-baseline__igrXg8R,66,8921,51,200,XiaomiMiMo/MiMo-V2.6-Distill-Qwen-9B
har116-a-000383-baseline,har116-a-000383-baseline__igrXg8R,67,9154,418,200,XiaomiMiMo/MiMo-V2.6-Distill-Qwen-9B
har116-a-000383-baseline,har116-a-000383-baseline__igrXg8R,68,10145,449,200,XiaomiMiMo/MiMo-V2.6-Distill-Qwen-9B
har116-a-000383-baseline,har116-a-000383-baseline__igrXg8R,69,11283,357,200,XiaomiMiMo/MiMo-V2.6-Distill-Qwen-9B
har116-a-000383-baseline,har116-a-000383-baseline__igrXg8R,70,12026,223,200,XiaomiMiMo/MiMo-V2.6-Distill-Qwen-9B
har116-a-000383-baseline,har116-a-000383-baseline__igrXg8R,71,12444,41,200,XiaomiMiMo/MiMo-V2.6-Distill-Qwen-9B
har116-a-000383-baseline,har116-a-000383-baseline__igrXg8R,72,12671,121,200,XiaomiMiMo/MiMo-V2.6-Distill-Qwen-9B
har116-a-000383-baseline,har116-a-000383-baseline__igrXg8R,73,13644,1218,200,XiaomiMiMo/MiMo-V2.6-Distill-Qwen-9B
har116-a-000383-baseline,har116-a-000383-baseline__igrXg8R,74,15400,481,200,XiaomiMiMo/MiMo-V2.6-Distill-Qwen-9B
har116-a-000383-baseline,har116-a-000383-baseline__igrXg8R,75,16592,232,200,XiaomiMiMo/MiMo-V2.6-Distill-Qwen-9B
har116-a-000383-baseline,har116-a-000383-baseline__igrXg8R,76,17114,460,200,XiaomiMiMo/MiMo-V2.6-Distill-Qwen-9B
har116-a-000383-baseline,har116-a-000383-baseline__igrXg8R,77,18071,39,200,XiaomiMiMo/MiMo-V2.6-Distill-Qwen-9B
har116-a-000383-baseline,har116-a-000383-baseline__igrXg8R,78,18431,367,200,XiaomiMiMo/MiMo-V2.6-Distill-Qwen-9B
har116-a-000383-baseline,har116-a-000383-baseline__igrXg8R,79,19308,44,200,XiaomiMiMo/MiMo-V2.6-Distill-Qwen-9B
har116-a-000383-baseline,har116-a-000383-baseline__igrXg8R,80,19550,475,200,XiaomiMiMo/MiMo-V2.6-Distill-Qwen-9B
har116-a-000383-baseline,har116-a-000383-baseline__igrXg8R,81,20519,109,200,XiaomiMiMo/MiMo-V2.6-Distill-Qwen-9B
har116-a-000383-baseline,har116-a-000383-baseline__igrXg8R,82,21459,500,200,XiaomiMiMo/MiMo-V2.6-Distill-Qwen-9B
har116-a-000383-baseline,har116-a-000383-baseline__igrXg8R,83,22693,514,200,XiaomiMiMo/MiMo-V2.6-Distill-Qwen-9B
har116-a-000383-baseline,har116-a-000383-baseline__igrXg8R,84,23980,509,200,XiaomiMiMo/MiMo-V2.6-Distill-Qwen-9B
har116-a-000383-baseline,har116-a-000383-baseline__igrXg8R,85,25384,514,200,XiaomiMiMo/MiMo-V2.6-Distill-Qwen-9B
har116-a-000383-baseline,har116-a-000383-baseline__igrXg8R,86,26671,515,200,XiaomiMiMo/MiMo-V2.6-Distill-Qwen-9B
har116-a-000383-baseline,har116-a-000383-baseline__igrXg8R,87,27999,462,200,XiaomiMiMo/MiMo-V2.6-Distill-Qwen-9B
har116-a-000383-baseline,har116-a-000383-baseline__igrXg8R,88,29273,1219,200,XiaomiMiMo/MiMo-V2.6-Distill-Qwen-9B
har116-a-000383-baseline,har116-a-000383-baseline__igrXg8R,89,31236,2733,200,XiaomiMiMo/MiMo-V2.6-Distill-Qwen-9B
har116-a-000383-baseline,har116-a-000383-baseline__igrXg8R,90,34812,45,200,XiaomiMiMo/MiMo-V2.6-Distill-Qwen-9B
har116-a-000383-baseline,har116-a-000383-baseline__igrXg8R,91,35059,428,200,XiaomiMiMo/MiMo-V2.6-Distill-Qwen-9B
har116-a-000383-baseline,har116-a-000383-baseline__igrXg8R,92,36119,302,200,XiaomiMiMo/MiMo-V2.6-Distill-Qwen-9B
har116-a-000383-baseline,har116-a-000383-baseline__igrXg8R,93,36831,578,200,XiaomiMiMo/MiMo-V2.6-Distill-Qwen-9B
har116-a-000383-baseline,har116-a-000383-baseline__igrXg8R,94,37895,45,200,XiaomiMiMo/MiMo-V2.6-Distill-Qwen-9B
har116-a-000383-baseline,har116-a-000383-baseline__igrXg8R,95,38083,474,200,XiaomiMiMo/MiMo-V2.6-Distill-Qwen-9B
har116-a-000383-baseline,har116-a-000383-baseline__igrXg8R,96,39168,45,200,XiaomiMiMo/MiMo-V2.6-Distill-Qwen-9B
har116-a-000383-baseline,har116-a-000383-baseline__igrXg8R,97,39356,85,200,XiaomiMiMo/MiMo-V2.6-Distill-Qwen-9B
har116-a-000383-loopfix,har116-a-000383-loopfix__wgujpBQ,1,1053,121,200,XiaomiMiMo/MiMo-V2.6-Distill-Qwen-9B
har116-a-000383-loopfix-r2,har116-a-000383-loopfix-r2__cNEHjBa,1,1050,104,200,XiaomiMiMo/MiMo-V2.6-Distill-Qwen-9B
har116-a-000383-loopfix-r2,har116-a-000383-loopfix-r2__cNEHjBa,2,1702,63,200,XiaomiMiMo/MiMo-V2.6-Distill-Qwen-9B
har116-a-000383-loopfix-r2,har116-a-000383-loopfix-r2__cNEHjBa,3,2527,120,200,XiaomiMiMo/MiMo-V2.6-Distill-Qwen-9B
har116-a-000383-loopfix-r2,har116-a-000383-loopfix-r2__cNEHjBa,4,3339,87,200,XiaomiMiMo/MiMo-V2.6-Distill-Qwen-9B
har116-a-000383-loopfix-r2,har116-a-000383-loopfix-r2__cNEHjBa,5,4114,94,200,XiaomiMiMo/MiMo-V2.6-Distill-Qwen-9B
har116-a-000383-loopfix-r2,har116-a-000383-loopfix-r2__cNEHjBa,6,4888,146,200,XiaomiMiMo/MiMo-V2.6-Distill-Qwen-9B
har116-a-000383-loopfix-r2,har116-a-000383-loopfix-r2__cNEHjBa,7,5774,105,200,XiaomiMiMo/MiMo-V2.6-Distill-Qwen-9B
har116-a-000383-loopfix-r2,har116-a-000383-loopfix-r2__cNEHjBa,8,6539,122,200,XiaomiMiMo/MiMo-V2.6-Distill-Qwen-9B
har116-a-000383-loopfix-r2,har116-a-000383-loopfix-r2__cNEHjBa,9,7312,83,200,XiaomiMiMo/MiMo-V2.6-Distill-Qwen-9B
har116-a-000383-loopfix-r2,har116-a-000383-loopfix-r2__cNEHjBa,10,7941,83,200,XiaomiMiMo/MiMo-V2.6-Distill-Qwen-9B
har116-a-000383-loopfix-r2,har116-a-000383-loopfix-r2__cNEHjBa,11,8701,113,200,XiaomiMiMo/MiMo-V2.6-Distill-Qwen-9B
har116-a-000383-loopfix-r2,har116-a-000383-loopfix-r2__cNEHjBa,12,9456,73,200,XiaomiMiMo/MiMo-V2.6-Distill-Qwen-9B
har116-a-000383-loopfix-r2,har116-a-000383-loopfix-r2__cNEHjBa,13,10304,73,200,XiaomiMiMo/MiMo-V2.6-Distill-Qwen-9B
har116-a-000383-loopfix-r2,har116-a-000383-loopfix-r2__cNEHjBa,14,10869,73,200,XiaomiMiMo/MiMo-V2.6-Distill-Qwen-9B
har116-a-000383-loopfix-r2,har116-a-000383-loopfix-r2__cNEHjBa,15,11665,72,200,XiaomiMiMo/MiMo-V2.6-Distill-Qwen-9B
har116-a-000383-loopfix-r2,har116-a-000383-loopfix-r2__cNEHjBa,16,12542,611,200,XiaomiMiMo/MiMo-V2.6-Distill-Qwen-9B
har116-a-000383-loopfix-r2,har116-a-000383-loopfix-r2__cNEHjBa,17,13200,49,200,XiaomiMiMo/MiMo-V2.6-Distill-Qwen-9B
har116-a-000383-loopfix-r2,har116-a-000383-loopfix-r2__cNEHjBa,18,13859,67,200,XiaomiMiMo/MiMo-V2.6-Distill-Qwen-9B
har116-a-000383-loopfix-r2,har116-a-000383-loopfix-r2__cNEHjBa,19,14528,50,200,XiaomiMiMo/MiMo-V2.6-Distill-Qwen-9B
har116-a-000383-loopfix-r2,har116-a-000383-loopfix-r2__cNEHjBa,20,14800,99,200,XiaomiMiMo/MiMo-V2.6-Distill-Qwen-9B
har116-a-000383-loopfix-r2,har116-a-000383-loopfix-r2__cNEHjBa,21,15290,139,200,XiaomiMiMo/MiMo-V2.6-Distill-Qwen-9B
har116-a-000383-loopfix-r2,har116-a-000383-loopfix-r2__cNEHjBa,22,15728,132,200,XiaomiMiMo/MiMo-V2.6-Distill-Qwen-9B
har116-a-000383-loopfix-r2,har116-a-000383-loopfix-r2__cNEHjBa,23,16151,103,200,XiaomiMiMo/MiMo-V2.6-Distill-Qwen-9B
har116-a-000383-loopfix-r2,har116-a-000383-loopfix-r2__cNEHjBa,24,16510,185,200,XiaomiMiMo/MiMo-V2.6-Distill-Qwen-9B
har116-a-000383-loopfix-r2,har116-a-000383-loopfix-r2__cNEHjBa,25,17007,76,200,XiaomiMiMo/MiMo-V2.6-Distill-Qwen-9B
har116-a-000383-loopfix-r2,har116-a-000383-loopfix-r2__cNEHjBa,26,17271,94,200,XiaomiMiMo/MiMo-V2.6-Distill-Qwen-9B
har116-a-000383-loopfix-r2,har116-a-000383-loopfix-r2__cNEHjBa,27,17976,98,200,XiaomiMiMo/MiMo-V2.6-Distill-Qwen-9B
har116-a-000383-loopfix-r2,har116-a-000383-loopfix-r2__cNEHjBa,28,18323,263,200,XiaomiMiMo/MiMo-V2.6-Distill-Qwen-9B
har116-a-000383-loopfix-r2,har116-a-000383-loopfix-r2__cNEHjBa,29,18976,82,200,XiaomiMiMo/MiMo-V2.6-Distill-Qwen-9B
har116-a-000383-loopfix-r2,har116-a-000383-loopfix-r2__cNEHjBa,30,19628,109,200,XiaomiMiMo/MiMo-V2.6-Distill-Qwen-9B
har116-a-000383-loopfix-r2,har116-a-000383-loopfix-r2__cNEHjBa,31,20379,125,200,XiaomiMiMo/MiMo-V2.6-Distill-Qwen-9B
har116-a-000383-loopfix-r2,har116-a-000383-loopfix-r2__cNEHjBa,32,21084,98,200,XiaomiMiMo/MiMo-V2.6-Distill-Qwen-9B
har116-a-000383-loopfix-r2,har116-a-000383-loopfix-r2__cNEHjBa,33,21680,87,200,XiaomiMiMo/MiMo-V2.6-Distill-Qwen-9B
har116-a-000383-loopfix-r2,har116-a-000383-loopfix-r2__cNEHjBa,34,22554,87,200,XiaomiMiMo/MiMo-V2.6-Distill-Qwen-9B
har116-a-000383-loopfix-r2,har116-a-000383-loopfix-r2__cNEHjBa,35,23064,92,200,XiaomiMiMo/MiMo-V2.6-Distill-Qwen-9B
har116-a-000383-loopfix-r2,har116-a-000383-loopfix-r2__cNEHjBa,36,23634,101,200,XiaomiMiMo/MiMo-V2.6-Distill-Qwen-9B
har116-a-000383-loopfix-r2,har116-a-000383-loopfix-r2__cNEHjBa,37,24206,111,200,XiaomiMiMo/MiMo-V2.6-Distill-Qwen-9B
har116-a-000383-loopfix-r2,har116-a-000383-loopfix-r2__cNEHjBa,38,24681,118,200,XiaomiMiMo/MiMo-V2.6-Distill-Qwen-9B
har116-a-000383-loopfix-r2,har116-a-000383-loopfix-r2__cNEHjBa,39,25504,123,200,XiaomiMiMo/MiMo-V2.6-Distill-Qwen-9B
har116-a-000383-loopfix-r2,har116-a-000383-loopfix-r2__cNEHjBa,40,26339,251,200,XiaomiMiMo/MiMo-V2.6-Distill-Qwen-9B
har116-a-000383-loopfix-r2,har116-a-000383-loopfix-r2__cNEHjBa,41,26954,146,200,XiaomiMiMo/MiMo-V2.6-Distill-Qwen-9B
har116-a-000383-loopfix-r2,har116-a-000383-loopfix-r2__cNEHjBa,42,27463,125,200,XiaomiMiMo/MiMo-V2.6-Distill-Qwen-9B
har116-a-000383-loopfix-r2,har116-a-000383-loopfix-r2__cNEHjBa,43,27961,239,200,XiaomiMiMo/MiMo-V2.6-Distill-Qwen-9B
har116-a-000383-loopfix-r2,har116-a-000383-loopfix-r2__cNEHjBa,44,28563,81,200,XiaomiMiMo/MiMo-V2.6-Distill-Qwen-9B
har116-a-000383-loopfix-r2,har116-a-000383-loopfix-r2__cNEHjBa,45,28873,75,200,XiaomiMiMo/MiMo-V2.6-Distill-Qwen-9B
har116-a-000383-loopfix-r2,har116-a-000383-loopfix-r2__cNEHjBa,46,29560,58,200,XiaomiMiMo/MiMo-V2.6-Distill-Qwen-9B
har116-a-000383-loopfix-r2,har116-a-000383-loopfix-r2__cNEHjBa,47,30225,58,200,XiaomiMiMo/MiMo-V2.6-Distill-Qwen-9B
har116-a-000383-loopfix-r2,har116-a-000383-loopfix-r2__cNEHjBa,48,30890,101,200,XiaomiMiMo/MiMo-V2.6-Distill-Qwen-9B
har116-a-000383-loopfix-r2,har116-a-000383-loopfix-r2__cNEHjBa,49,31308,81,200,XiaomiMiMo/MiMo-V2.6-Distill-Qwen-9B
har116-a-000383-loopfix-r2,har116-a-000383-loopfix-r2__cNEHjBa,50,31691,137,200,XiaomiMiMo/MiMo-V2.6-Distill-Qwen-9B
har116-a-000383-loopfix-r2,har116-a-000383-loopfix-r2__cNEHjBa,51,32587,165,200,XiaomiMiMo/MiMo-V2.6-Distill-Qwen-9B
har116-a-000383-loopfix-r2,har116-a-000383-loopfix-r2__cNEHjBa,52,33112,209,200,XiaomiMiMo/MiMo-V2.6-Distill-Qwen-9B
har116-a-000383-loopfix-r2,har116-a-000383-loopfix-r2__cNEHjBa,53,33754,222,200,XiaomiMiMo/MiMo-V2.6-Distill-Qwen-9B
har116-a-000383-loopfix-r2,har116-a-000383-loopfix-r2__cNEHjBa,54,34310,235,200,XiaomiMiMo/MiMo-V2.6-Distill-Qwen-9B
har116-a-000383-loopfix-r2,har116-a-000383-loopfix-r2__cNEHjBa,55,34894,250,200,XiaomiMiMo/MiMo-V2.6-Distill-Qwen-9B
har116-a-000383-loopfix-r2,har116-a-000383-loopfix-r2__cNEHjBa,56,35508,250,200,XiaomiMiMo/MiMo-V2.6-Distill-Qwen-9B
har116-a-000383-loopfix-r2,har116-a-000383-loopfix-r2__cNEHjBa,57,36122,250,200,XiaomiMiMo/MiMo-V2.6-Distill-Qwen-9B
har116-a-000383-loopfix-r2,har116-a-000383-loopfix-r2__cNEHjBa,58,36736,250,200,XiaomiMiMo/MiMo-V2.6-Distill-Qwen-9B
har116-a-000383-loopfix-r2,har116-a-000383-loopfix-r2__cNEHjBa,59,37358,250,200,XiaomiMiMo/MiMo-V2.6-Distill-Qwen-9B
har116-a-000383-loopfix-r2,har116-a-000383-loopfix-r2__cNEHjBa,60,37972,250,200,XiaomiMiMo/MiMo-V2.6-Distill-Qwen-9B
har116-a-000383-loopfix-r2,har116-a-000383-loopfix-r2__cNEHjBa,61,38586,250,200,XiaomiMiMo/MiMo-V2.6-Distill-Qwen-9B
har116-a-000383-loopfix-r2,har116-a-000383-loopfix-r2__cNEHjBa,62,39200,250,200,XiaomiMiMo/MiMo-V2.6-Distill-Qwen-9B
har116-a-000383-loopfix-r2,har116-a-000383-loopfix-r2__cNEHjBa,63,40225,250,200,XiaomiMiMo/MiMo-V2.6-Distill-Qwen-9B
har116-a-000495-baseline,har116-a-000495-baseline__DiGmEPC,1,1420,168,200,XiaomiMiMo/MiMo-V2.6-Distill-Qwen-9B
har116-a-000495-baseline,har116-a-000495-baseline__DiGmEPC,2,1916,98,200,XiaomiMiMo/MiMo-V2.6-Distill-Qwen-9B
har116-a-000495-baseline,har116-a-000495-baseline__DiGmEPC,3,3200,1227,200,XiaomiMiMo/MiMo-V2.6-Distill-Qwen-9B
har116-a-000495-baseline,har116-a-000495-baseline__DiGmEPC,4,4491,74,200,XiaomiMiMo/MiMo-V2.6-Distill-Qwen-9B
har116-a-000495-baseline,har116-a-000495-baseline__DiGmEPC,5,4667,49,200,XiaomiMiMo/MiMo-V2.6-Distill-Qwen-9B
har116-a-000495-baseline,har116-a-000495-baseline__DiGmEPC,6,5223,1391,200,XiaomiMiMo/MiMo-V2.6-Distill-Qwen-9B
har116-a-000495-baseline,har116-a-000495-baseline__DiGmEPC,7,8795,215,200,XiaomiMiMo/MiMo-V2.6-Distill-Qwen-9B
har116-a-000495-baseline,har116-a-000495-baseline__DiGmEPC,8,9219,109,200,XiaomiMiMo/MiMo-V2.6-Distill-Qwen-9B
har116-a-000495-baseline,har116-a-000495-baseline__DiGmEPC,9,10714,272,200,XiaomiMiMo/MiMo-V2.6-Distill-Qwen-9B
har116-a-000495-baseline,har116-a-000495-baseline__DiGmEPC,10,11826,128,200,XiaomiMiMo/MiMo-V2.6-Distill-Qwen-9B
har116-a-000495-baseline,har116-a-000495-baseline__DiGmEPC,11,12712,291,200,XiaomiMiMo/MiMo-V2.6-Distill-Qwen-9B
har116-a-000495-baseline,har116-a-000495-baseline__DiGmEPC,12,13377,78,200,XiaomiMiMo/MiMo-V2.6-Distill-Qwen-9B
har116-a-000495-baseline,har116-a-000495-baseline__DiGmEPC,13,13835,53,200,XiaomiMiMo/MiMo-V2.6-Distill-Qwen-9B
har116-a-000495-baseline,har116-a-000495-baseline__DiGmEPC,14,15596,87,200,XiaomiMiMo/MiMo-V2.6-Distill-Qwen-9B
har116-a-000495-baseline,har116-a-000495-baseline__DiGmEPC,15,16878,53,200,XiaomiMiMo/MiMo-V2.6-Distill-Qwen-9B
har116-a-000495-baseline,har116-a-000495-baseline__DiGmEPC,16,17425,265,200,XiaomiMiMo/MiMo-V2.6-Distill-Qwen-9B
har116-a-000495-baseline,har116-a-000495-baseline__DiGmEPC,17,17655,73,200,XiaomiMiMo/MiMo-V2.6-Distill-Qwen-9B
har116-a-000495-baseline,har116-a-000495-baseline__DiGmEPC,18,17978,42,200,XiaomiMiMo/MiMo-V2.6-Distill-Qwen-9B
har116-a-000495-baseline,har116-a-000495-baseline__DiGmEPC,19,18330,50,200,XiaomiMiMo/MiMo-V2.6-Distill-Qwen-9B
har116-a-000495-baseline,har116-a-000495-baseline__DiGmEPC,20,19027,43,200,XiaomiMiMo/MiMo-V2.6-Distill-Qwen-9B
har116-a-000495-baseline,har116-a-000495-baseline__DiGmEPC,21,19389,55,200,XiaomiMiMo/MiMo-V2.6-Distill-Qwen-9B
har116-a-000495-baseline,har116-a-000495-baseline__DiGmEPC,22,19488,52,200,XiaomiMiMo/MiMo-V2.6-Distill-Qwen-9B
har116-a-000495-baseline,har116-a-000495-baseline__DiGmEPC,23,20400,772,200,XiaomiMiMo/MiMo-V2.6-Distill-Qwen-9B
har116-a-000495-baseline,har116-a-000495-baseline__DiGmEPC,24,20854,54,200,XiaomiMiMo/MiMo-V2.6-Distill-Qwen-9B
har116-a-000495-baseline,har116-a-000495-baseline__DiGmEPC,25,21488,1204,200,XiaomiMiMo/MiMo-V2.6-Distill-Qwen-9B
har116-a-000495-baseline,har116-a-000495-baseline__DiGmEPC,26,22067,53,200,XiaomiMiMo/MiMo-V2.6-Distill-Qwen-9B
har116-a-000495-baseline,har116-a-000495-baseline__DiGmEPC,27,22913,56,200,XiaomiMiMo/MiMo-V2.6-Distill-Qwen-9B
har116-a-000495-baseline,har116-a-000495-baseline__DiGmEPC,28,23083,56,200,XiaomiMiMo/MiMo-V2.6-Distill-Qwen-9B
har116-a-000495-baseline,har116-a-000495-baseline__DiGmEPC,29,23254,61,200,XiaomiMiMo/MiMo-V2.6-Distill-Qwen-9B
har116-a-000495-baseline,har116-a-000495-baseline__DiGmEPC,30,23505,56,200,XiaomiMiMo/MiMo-V2.6-Distill-Qwen-9B
har116-a-000495-baseline,har116-a-000495-baseline__DiGmEPC,31,23803,62,200,XiaomiMiMo/MiMo-V2.6-Distill-Qwen-9B
har116-a-000495-baseline,har116-a-000495-baseline__DiGmEPC,32,23987,72,200,XiaomiMiMo/MiMo-V2.6-Distill-Qwen-9B
har116-a-000495-baseline,har116-a-000495-baseline__DiGmEPC,33,24189,70,200,XiaomiMiMo/MiMo-V2.6-Distill-Qwen-9B
har116-a-000495-baseline,har116-a-000495-baseline__DiGmEPC,34,24479,47,200,XiaomiMiMo/MiMo-V2.6-Distill-Qwen-9B
har116-a-000495-baseline,har116-a-000495-baseline__DiGmEPC,35,24654,62,200,XiaomiMiMo/MiMo-V2.6-Distill-Qwen-9B
har116-a-000495-baseline,har116-a-000495-baseline__DiGmEPC,36,24912,53,200,XiaomiMiMo/MiMo-V2.6-Distill-Qwen-9B
har116-a-000495-baseline,har116-a-000495-baseline__DiGmEPC,37,25388,88,200,XiaomiMiMo/MiMo-V2.6-Distill-Qwen-9B
har116-a-000495-baseline,har116-a-000495-baseline__DiGmEPC,38,26152,118,200,XiaomiMiMo/MiMo-V2.6-Distill-Qwen-9B
har116-a-000495-baseline,har116-a-000495-baseline__DiGmEPC,39,26748,46,200,XiaomiMiMo/MiMo-V2.6-Distill-Qwen-9B
har116-a-000495-baseline,har116-a-000495-baseline__DiGmEPC,40,27175,51,200,XiaomiMiMo/MiMo-V2.6-Distill-Qwen-9B
har116-a-000495-baseline,har116-a-000495-baseline__DiGmEPC,41,27830,51,200,XiaomiMiMo/MiMo-V2.6-Distill-Qwen-9B
har116-a-000495-baseline,har116-a-000495-baseline__DiGmEPC,42,28669,81,200,XiaomiMiMo/MiMo-V2.6-Distill-Qwen-9B
har116-a-000495-baseline,har116-a-000495-baseline__DiGmEPC,43,28929,70,200,XiaomiMiMo/MiMo-V2.6-Distill-Qwen-9B
har116-a-000495-baseline,har116-a-000495-baseline__DiGmEPC,44,29381,61,200,XiaomiMiMo/MiMo-V2.6-Distill-Qwen-9B
har116-a-000495-baseline,har116-a-000495-baseline__DiGmEPC,45,30293,61,200,XiaomiMiMo/MiMo-V2.6-Distill-Qwen-9B
har116-a-000495-baseline,har116-a-000495-baseline__DiGmEPC,46,31014,69,200,XiaomiMiMo/MiMo-V2.6-Distill-Qwen-9B
har116-a-000495-baseline,har116-a-000495-baseline__DiGmEPC,47,31727,46,200,XiaomiMiMo/MiMo-V2.6-Distill-Qwen-9B
har116-a-000495-baseline,har116-a-000495-baseline__DiGmEPC,48,32330,51,200,XiaomiMiMo/MiMo-V2.6-Distill-Qwen-9B
har116-a-000495-baseline,har116-a-000495-baseline__DiGmEPC,49,32489,84,200,XiaomiMiMo/MiMo-V2.6-Distill-Qwen-9B
har116-a-000495-baseline,har116-a-000495-baseline__DiGmEPC,50,33160,48,200,XiaomiMiMo/MiMo-V2.6-Distill-Qwen-9B
har116-a-000495-baseline,har116-a-000495-baseline__DiGmEPC,51,33885,46,200,XiaomiMiMo/MiMo-V2.6-Distill-Qwen-9B
har116-a-000495-baseline,har116-a-000495-baseline__DiGmEPC,52,34294,55,200,XiaomiMiMo/MiMo-V2.6-Distill-Qwen-9B
har116-a-000495-baseline,har116-a-000495-baseline__DiGmEPC,53,35337,57,200,XiaomiMiMo/MiMo-V2.6-Distill-Qwen-9B
har116-a-000495-baseline,har116-a-000495-baseline__DiGmEPC,54,35654,67,200,XiaomiMiMo/MiMo-V2.6-Distill-Qwen-9B
har116-a-000495-baseline,har116-a-000495-baseline__DiGmEPC,55,35944,54,200,XiaomiMiMo/MiMo-V2.6-Distill-Qwen-9B
har116-a-000495-baseline,har116-a-000495-baseline__DiGmEPC,56,36351,52,200,XiaomiMiMo/MiMo-V2.6-Distill-Qwen-9B
har116-a-000495-baseline,har116-a-000495-baseline__DiGmEPC,57,36942,104,200,XiaomiMiMo/MiMo-V2.6-Distill-Qwen-9B
har116-a-000495-baseline,har116-a-000495-baseline__DiGmEPC,58,37334,345,200,XiaomiMiMo/MiMo-V2.6-Distill-Qwen-9B
har116-a-000495-baseline,har116-a-000495-baseline__DiGmEPC,59,38108,321,200,XiaomiMiMo/MiMo-V2.6-Distill-Qwen-9B
har116-a-000495-baseline,har116-a-000495-baseline__DiGmEPC,60,39019,327,200,XiaomiMiMo/MiMo-V2.6-Distill-Qwen-9B
har116-a-000495-baseline,har116-a-000495-baseline__DiGmEPC,61,39963,365,200,XiaomiMiMo/MiMo-V2.6-Distill-Qwen-9B
har116-a-000495-baseline,har116-a-000495-baseline__DiGmEPC,62,40983,364,200,XiaomiMiMo/MiMo-V2.6-Distill-Qwen-9B
har116-a-000495-baseline,har116-a-000495-baseline__DiGmEPC,63,41840,367,200,XiaomiMiMo/MiMo-V2.6-Distill-Qwen-9B
har116-a-000495-baseline,har116-a-000495-baseline__DiGmEPC,64,42829,367,200,XiaomiMiMo/MiMo-V2.6-Distill-Qwen-9B
har116-a-000495-baseline,har116-a-000495-baseline__DiGmEPC,65,43818,367,200,XiaomiMiMo/MiMo-V2.6-Distill-Qwen-9B
har116-a-000495-baseline,har116-a-000495-baseline__DiGmEPC,66,44807,367,200,XiaomiMiMo/MiMo-V2.6-Distill-Qwen-9B
har116-a-000495-baseline,har116-a-000495-baseline__DiGmEPC,67,45638,367,200,XiaomiMiMo/MiMo-V2.6-Distill-Qwen-9B
har116-a-000495-baseline,har116-a-000495-baseline__DiGmEPC,68,46627,367,200,XiaomiMiMo/MiMo-V2.6-Distill-Qwen-9B
har116-a-000495-baseline,har116-a-000495-baseline__DiGmEPC,69,47616,369,200,XiaomiMiMo/MiMo-V2.6-Distill-Qwen-9B
har116-a-000495-baseline,har116-a-000495-baseline__DiGmEPC,70,48609,369,200,XiaomiMiMo/MiMo-V2.6-Distill-Qwen-9B
har116-a-000495-baseline,har116-a-000495-baseline__DiGmEPC,71,49443,369,200,XiaomiMiMo/MiMo-V2.6-Distill-Qwen-9B
har116-a-000495-baseline,har116-a-000495-baseline__DiGmEPC,72,50436,369,200,XiaomiMiMo/MiMo-V2.6-Distill-Qwen-9B
har116-a-000495-baseline,har116-a-000495-baseline__DiGmEPC,73,51429,369,200,XiaomiMiMo/MiMo-V2.6-Distill-Qwen-9B
har116-a-000495-baseline,har116-a-000495-baseline__DiGmEPC,74,52422,369,200,XiaomiMiMo/MiMo-V2.6-Distill-Qwen-9B
har116-a-000495-baseline,har116-a-000495-baseline__DiGmEPC,75,53256,369,200,XiaomiMiMo/MiMo-V2.6-Distill-Qwen-9B
har116-a-000495-baseline,har116-a-000495-baseline__DiGmEPC,76,54250,369,200,XiaomiMiMo/MiMo-V2.6-Distill-Qwen-9B
har116-a-000495-baseline,har116-a-000495-baseline__DiGmEPC,77,55244,369,200,XiaomiMiMo/MiMo-V2.6-Distill-Qwen-9B
har116-a-000495-baseline,har116-a-000495-baseline__DiGmEPC,78,56480,381,200,XiaomiMiMo/MiMo-V2.6-Distill-Qwen-9B
har116-a-000495-baseline,har116-a-000495-baseline__DiGmEPC,79,1616,59,200,XiaomiMiMo/MiMo-V2.6-Distill-Qwen-9B
har116-a-000495-baseline,har116-a-000495-baseline__DiGmEPC,80,56937,50,200,XiaomiMiMo/MiMo-V2.6-Distill-Qwen-9B
har116-a-000495-baseline,har116-a-000495-baseline__DiGmEPC,81,3178,76,200,XiaomiMiMo/MiMo-V2.6-Distill-Qwen-9B
har116-a-000495-baseline,har116-a-000495-baseline__DiGmEPC,82,3502,161,200,XiaomiMiMo/MiMo-V2.6-Distill-Qwen-9B
har116-a-000495-baseline,har116-a-000495-baseline__DiGmEPC,83,3765,63,200,XiaomiMiMo/MiMo-V2.6-Distill-Qwen-9B
har116-a-000495-baseline,har116-a-000495-baseline__DiGmEPC,84,4181,48,200,XiaomiMiMo/MiMo-V2.6-Distill-Qwen-9B
har116-a-000495-baseline,har116-a-000495-baseline__DiGmEPC,85,4561,49,200,XiaomiMiMo/MiMo-V2.6-Distill-Qwen-9B
har116-a-000495-baseline,har116-a-000495-baseline__DiGmEPC,86,4942,48,200,XiaomiMiMo/MiMo-V2.6-Distill-Qwen-9B
har116-a-000495-baseline,har116-a-000495-baseline__DiGmEPC,87,5923,403,200,XiaomiMiMo/MiMo-V2.6-Distill-Qwen-9B
har116-a-000495-baseline,har116-a-000495-baseline__DiGmEPC,88,6690,89,200,XiaomiMiMo/MiMo-V2.6-Distill-Qwen-9B
har116-a-000495-baseline,har116-a-000495-baseline__DiGmEPC,89,6946,66,200,XiaomiMiMo/MiMo-V2.6-Distill-Qwen-9B
har116-a-000495-baseline,har116-a-000495-baseline__DiGmEPC,90,7246,327,200,XiaomiMiMo/MiMo-V2.6-Distill-Qwen-9B
har116-a-000495-baseline,har116-a-000495-baseline__DiGmEPC,91,7598,50,200,XiaomiMiMo/MiMo-V2.6-Distill-Qwen-9B
har116-a-000495-baseline,har116-a-000495-baseline__DiGmEPC,92,7799,83,200,XiaomiMiMo/MiMo-V2.6-Distill-Qwen-9B
har116-a-000495-baseline,har116-a-000495-baseline__DiGmEPC,93,8084,50,200,XiaomiMiMo/MiMo-V2.6-Distill-Qwen-9B
har116-a-000495-baseline,har116-a-000495-baseline__DiGmEPC,94,8688,110,200,XiaomiMiMo/MiMo-V2.6-Distill-Qwen-9B
har116-a-000495-baseline,har116-a-000495-baseline__DiGmEPC,95,9030,66,200,XiaomiMiMo/MiMo-V2.6-Distill-Qwen-9B
har116-a-000495-baseline,har116-a-000495-baseline__DiGmEPC,96,9243,63,200,XiaomiMiMo/MiMo-V2.6-Distill-Qwen-9B
har116-a-000495-baseline,har116-a-000495-baseline__DiGmEPC,97,9935,68,200,XiaomiMiMo/MiMo-V2.6-Distill-Qwen-9B
har116-a-000495-baseline,har116-a-000495-baseline__DiGmEPC,98,10184,69,200,XiaomiMiMo/MiMo-V2.6-Distill-Qwen-9B
har116-a-000495-baseline,har116-a-000495-baseline__DiGmEPC,99,10403,105,200,XiaomiMiMo/MiMo-V2.6-Distill-Qwen-9B
har116-a-000495-baseline,har116-a-000495-baseline__DiGmEPC,100,11203,54,200,XiaomiMiMo/MiMo-V2.6-Distill-Qwen-9B
har116-a-000495-baseline,har116-a-000495-baseline__DiGmEPC,101,11618,70,200,XiaomiMiMo/MiMo-V2.6-Distill-Qwen-9B
har116-a-000495-baseline,har116-a-000495-baseline__DiGmEPC,102,11840,119,200,XiaomiMiMo/MiMo-V2.6-Distill-Qwen-9B
har116-a-000495-baseline,har116-a-000495-baseline__DiGmEPC,103,12163,122,200,XiaomiMiMo/MiMo-V2.6-Distill-Qwen-9B
har116-a-000495-baseline,har116-a-000495-baseline__DiGmEPC,104,12491,125,200,XiaomiMiMo/MiMo-V2.6-Distill-Qwen-9B
har116-a-000495-loopfix,har116-a-000495-loopfix__rXR8je7,1,1424,97,200,XiaomiMiMo/MiMo-V2.6-Distill-Qwen-9B
har116-a-000495-loopfix-r2,har116-a-000495-loopfix-r2__42F3G5T,1,1421,79,200,XiaomiMiMo/MiMo-V2.6-Distill-Qwen-9B
har116-a-000495-loopfix-r2,har116-a-000495-loopfix-r2__42F3G5T,2,1921,87,200,XiaomiMiMo/MiMo-V2.6-Distill-Qwen-9B
har116-a-000495-loopfix-r2,har116-a-000495-loopfix-r2__42F3G5T,3,2677,36,200,XiaomiMiMo/MiMo-V2.6-Distill-Qwen-9B
har116-a-000495-loopfix-r2,har116-a-000495-loopfix-r2__42F3G5T,4,3262,45,200,XiaomiMiMo/MiMo-V2.6-Distill-Qwen-9B
har116-a-000495-loopfix-r2,har116-a-000495-loopfix-r2__42F3G5T,5,3861,55,200,XiaomiMiMo/MiMo-V2.6-Distill-Qwen-9B
har116-a-000495-loopfix-r2,har116-a-000495-loopfix-r2__42F3G5T,6,4455,63,200,XiaomiMiMo/MiMo-V2.6-Distill-Qwen-9B
har116-a-000495-loopfix-r2,har116-a-000495-loopfix-r2__42F3G5T,7,4776,51,200,XiaomiMiMo/MiMo-V2.6-Distill-Qwen-9B
har116-a-000495-loopfix-r2,har116-a-000495-loopfix-r2__42F3G5T,8,5375,833,200,XiaomiMiMo/MiMo-V2.6-Distill-Qwen-9B
har116-a-000495-loopfix-r2,har116-a-000495-loopfix-r2__42F3G5T,9,6081,1901,200,XiaomiMiMo/MiMo-V2.6-Distill-Qwen-9B
har116-a-000495-loopfix-r2,har116-a-000495-loopfix-r2__42F3G5T,10,6876,74,200,XiaomiMiMo/MiMo-V2.6-Distill-Qwen-9B
har116-a-000495-loopfix-r2,har116-a-000495-loopfix-r2__42F3G5T,11,7365,41,200,XiaomiMiMo/MiMo-V2.6-Distill-Qwen-9B
har116-a-000495-loopfix-r2,har116-a-000495-loopfix-r2__42F3G5T,12,8028,43,200,XiaomiMiMo/MiMo-V2.6-Distill-Qwen-9B
har116-a-000495-loopfix-r2,har116-a-000495-loopfix-r2__42F3G5T,13,8645,40,200,XiaomiMiMo/MiMo-V2.6-Distill-Qwen-9B
har116-a-000495-loopfix-r2,har116-a-000495-loopfix-r2__42F3G5T,14,9280,423,200,XiaomiMiMo/MiMo-V2.6-Distill-Qwen-9B
har116-a-000495-loopfix-r2,har116-a-000495-loopfix-r2__42F3G5T,15,10321,59,200,XiaomiMiMo/MiMo-V2.6-Distill-Qwen-9B
har116-a-000495-loopfix-r2,har116-a-000495-loopfix-r2__42F3G5T,16,10630,39,200,XiaomiMiMo/MiMo-V2.6-Distill-Qwen-9B
har116-a-000495-loopfix-r2,har116-a-000495-loopfix-r2__42F3G5T,17,11319,1304,200,XiaomiMiMo/MiMo-V2.6-Distill-Qwen-9B
har116-a-000495-loopfix-r2,har116-a-000495-loopfix-r2__42F3G5T,18,11941,125,200,XiaomiMiMo/MiMo-V2.6-Distill-Qwen-9B
har116-a-000495-loopfix-r2,har116-a-000495-loopfix-r2__42F3G5T,19,12358,70,200,XiaomiMiMo/MiMo-V2.6-Distill-Qwen-9B
har116-a-000495-loopfix-r2,har116-a-000495-loopfix-r2__42F3G5T,20,12725,44,200,XiaomiMiMo/MiMo-V2.6-Distill-Qwen-9B
har116-a-000495-loopfix-r2,har116-a-000495-loopfix-r2__42F3G5T,21,13278,133,200,XiaomiMiMo/MiMo-V2.6-Distill-Qwen-9B
har116-a-000495-loopfix-r2,har116-a-000495-loopfix-r2__42F3G5T,22,13776,100,200,XiaomiMiMo/MiMo-V2.6-Distill-Qwen-9B
har116-a-000495-loopfix-r2,har116-a-000495-loopfix-r2__42F3G5T,23,14340,1208,200,XiaomiMiMo/MiMo-V2.6-Distill-Qwen-9B
har116-a-000495-loopfix-r2,har116-a-000495-loopfix-r2__42F3G5T,24,14800,119,200,XiaomiMiMo/MiMo-V2.6-Distill-Qwen-9B
har116-a-000495-loopfix-r2,har116-a-000495-loopfix-r2__42F3G5T,25,15208,44,200,XiaomiMiMo/MiMo-V2.6-Distill-Qwen-9B
har116-a-000495-loopfix-r2,har116-a-000495-loopfix-r2__42F3G5T,26,15922,270,200,XiaomiMiMo/MiMo-V2.6-Distill-Qwen-9B
har116-a-000495-loopfix-r2,har116-a-000495-loopfix-r2__42F3G5T,27,16596,201,200,XiaomiMiMo/MiMo-V2.6-Distill-Qwen-9B
har116-a-000495-loopfix-r2,har116-a-000495-loopfix-r2__42F3G5T,28,17206,39,200,XiaomiMiMo/MiMo-V2.6-Distill-Qwen-9B
har116-a-000495-loopfix-r2,har116-a-000495-loopfix-r2__42F3G5T,29,17511,450,200,XiaomiMiMo/MiMo-V2.6-Distill-Qwen-9B
har116-a-000495-loopfix-r2,har116-a-000495-loopfix-r2__42F3G5T,30,18333,39,200,XiaomiMiMo/MiMo-V2.6-Distill-Qwen-9B
har116-a-000495-loopfix-r2,har116-a-000495-loopfix-r2__42F3G5T,31,18636,54,200,XiaomiMiMo/MiMo-V2.6-Distill-Qwen-9B
har116-a-000495-loopfix-r2,har116-a-000495-loopfix-r2__42F3G5T,32,18964,46,200,XiaomiMiMo/MiMo-V2.6-Distill-Qwen-9B
har116-a-000495-loopfix-r2,har116-a-000495-loopfix-r2__42F3G5T,33,19526,124,200,XiaomiMiMo/MiMo-V2.6-Distill-Qwen-9B
har116-a-000495-loopfix-r2,har116-a-000495-loopfix-r2__42F3G5T,34,19994,305,200,XiaomiMiMo/MiMo-V2.6-Distill-Qwen-9B
har116-a-000495-loopfix-r2,har116-a-000495-loopfix-r2__42F3G5T,35,20867,424,200,XiaomiMiMo/MiMo-V2.6-Distill-Qwen-9B
har116-a-000495-loopfix-r2,har116-a-000495-loopfix-r2__42F3G5T,36,21662,39,200,XiaomiMiMo/MiMo-V2.6-Distill-Qwen-9B
har116-a-000495-loopfix-r2,har116-a-000495-loopfix-r2__42F3G5T,37,21923,57,200,XiaomiMiMo/MiMo-V2.6-Distill-Qwen-9B
har116-a-000495-loopfix-r2,har116-a-000495-loopfix-r2__42F3G5T,38,22271,69,200,XiaomiMiMo/MiMo-V2.6-Distill-Qwen-9B
har116-a-000495-loopfix-r2,har116-a-000495-loopfix-r2__42F3G5T,39,22447,54,200,XiaomiMiMo/MiMo-V2.6-Distill-Qwen-9B
har116-a-000495-loopfix-r2,har116-a-000495-loopfix-r2__42F3G5T,40,22999,130,200,XiaomiMiMo/MiMo-V2.6-Distill-Qwen-9B
har116-a-000495-loopfix-r2,har116-a-000495-loopfix-r2__42F3G5T,41,23458,170,200,XiaomiMiMo/MiMo-V2.6-Distill-Qwen-9B
har116-a-000495-loopfix-r2,har116-a-000495-loopfix-r2__42F3G5T,42,23970,132,200,XiaomiMiMo/MiMo-V2.6-Distill-Qwen-9B
har116-a-000495-loopfix-r2,har116-a-000495-loopfix-r2__42F3G5T,43,24790,383,200,XiaomiMiMo/MiMo-V2.6-Distill-Qwen-9B
har116-a-000495-loopfix-r2,har116-a-000495-loopfix-r2__42F3G5T,44,25683,299,200,XiaomiMiMo/MiMo-V2.6-Distill-Qwen-9B
har116-a-000495-loopfix-r2,har116-a-000495-loopfix-r2__42F3G5T,45,26200,156,200,XiaomiMiMo/MiMo-V2.6-Distill-Qwen-9B
har116-a-000495-loopfix-r2,har116-a-000495-loopfix-r2__42F3G5T,46,26868,91,200,XiaomiMiMo/MiMo-V2.6-Distill-Qwen-9B
har116-a-000495-loopfix-r2,har116-a-000495-loopfix-r2__42F3G5T,47,27107,55,200,XiaomiMiMo/MiMo-V2.6-Distill-Qwen-9B
har116-a-000495-loopfix-r2,har116-a-000495-loopfix-r2__42F3G5T,48,27498,269,200,XiaomiMiMo/MiMo-V2.6-Distill-Qwen-9B
har116-a-000495-loopfix-r2,har116-a-000495-loopfix-r2__42F3G5T,49,28303,164,200,XiaomiMiMo/MiMo-V2.6-Distill-Qwen-9B
har116-a-000495-loopfix-r2,har116-a-000495-loopfix-r2__42F3G5T,50,28729,159,200,XiaomiMiMo/MiMo-V2.6-Distill-Qwen-9B
har116-a-000495-loopfix-r2,har116-a-000495-loopfix-r2__42F3G5T,51,29135,56,200,XiaomiMiMo/MiMo-V2.6-Distill-Qwen-9B
har116-a-000495-loopfix-r2,har116-a-000495-loopfix-r2__42F3G5T,52,29366,258,200,XiaomiMiMo/MiMo-V2.6-Distill-Qwen-9B
har116-a-000495-loopfix-r2,har116-a-000495-loopfix-r2__42F3G5T,53,30247,48,200,XiaomiMiMo/MiMo-V2.6-Distill-Qwen-9B
har116-a-000495-loopfix-r2,har116-a-000495-loopfix-r2__42F3G5T,54,30829,258,200,XiaomiMiMo/MiMo-V2.6-Distill-Qwen-9B
har116-a-000495-loopfix-r2,har116-a-000495-loopfix-r2__42F3G5T,55,31557,161,200,XiaomiMiMo/MiMo-V2.6-Distill-Qwen-9B
har116-a-000495-loopfix-r2,har116-a-000495-loopfix-r2__42F3G5T,56,32293,303,200,XiaomiMiMo/MiMo-V2.6-Distill-Qwen-9B
har116-a-000495-loopfix-r2,har116-a-000495-loopfix-r2__42F3G5T,57,32725,75,200,XiaomiMiMo/MiMo-V2.6-Distill-Qwen-9B
har116-a-000495-loopfix-r2,har116-a-000495-loopfix-r2__42F3G5T,58,33460,447,200,XiaomiMiMo/MiMo-V2.6-Distill-Qwen-9B
har116-a-000495-loopfix-r2,har116-a-000495-loopfix-r2__42F3G5T,59,34615,114,200,XiaomiMiMo/MiMo-V2.6-Distill-Qwen-9B
har116-a-000495-loopfix-r2,har116-a-000495-loopfix-r2__42F3G5T,60,35151,70,200,XiaomiMiMo/MiMo-V2.6-Distill-Qwen-9B
har116-a-000495-loopfix-r2,har116-a-000495-loopfix-r2__42F3G5T,61,35468,244,200,XiaomiMiMo/MiMo-V2.6-Distill-Qwen-9B
har116-a-000495-loopfix-r2,har116-a-000495-loopfix-r2__42F3G5T,62,36268,179,200,XiaomiMiMo/MiMo-V2.6-Distill-Qwen-9B
har116-a-000495-loopfix-r2,har116-a-000495-loopfix-r2__42F3G5T,63,36708,109,200,XiaomiMiMo/MiMo-V2.6-Distill-Qwen-9B
har116-a-000495-loopfix-r2,har116-a-000495-loopfix-r2__42F3G5T,64,37024,153,200,XiaomiMiMo/MiMo-V2.6-Distill-Qwen-9B
har116-a-000495-loopfix-r2,har116-a-000495-loopfix-r2__42F3G5T,65,37407,133,200,XiaomiMiMo/MiMo-V2.6-Distill-Qwen-9B
har116-a-000495-loopfix-r2,har116-a-000495-loopfix-r2__42F3G5T,66,37764,54,200,XiaomiMiMo/MiMo-V2.6-Distill-Qwen-9B
har116-a-000495-loopfix-r2,har116-a-000495-loopfix-r2__42F3G5T,67,38013,82,200,XiaomiMiMo/MiMo-V2.6-Distill-Qwen-9B
har116-a-000495-loopfix-r2,har116-a-000495-loopfix-r2__42F3G5T,68,38602,256,200,XiaomiMiMo/MiMo-V2.6-Distill-Qwen-9B
har116-a-000495-loopfix-r2,har116-a-000495-loopfix-r2__42F3G5T,69,39456,284,200,XiaomiMiMo/MiMo-V2.6-Distill-Qwen-9B
har116-a-000495-loopfix-r2,har116-a-000495-loopfix-r2__42F3G5T,70,40380,66,200,XiaomiMiMo/MiMo-V2.6-Distill-Qwen-9B
har116-a-000495-loopfix-r2,har116-a-000495-loopfix-r2__42F3G5T,71,40545,50,200,XiaomiMiMo/MiMo-V2.6-Distill-Qwen-9B
har116-a-000495-loopfix-r2,har116-a-000495-loopfix-r2__42F3G5T,72,40903,71,200,XiaomiMiMo/MiMo-V2.6-Distill-Qwen-9B
har116-a-000495-loopfix-r2,har116-a-000495-loopfix-r2__42F3G5T,73,41301,131,200,XiaomiMiMo/MiMo-V2.6-Distill-Qwen-9B
har116-a-000495-loopfix-r2,har116-a-000495-loopfix-r2__42F3G5T,74,41572,50,200,XiaomiMiMo/MiMo-V2.6-Distill-Qwen-9B
har116-a-000495-loopfix-r2,har116-a-000495-loopfix-r2__42F3G5T,75,41729,50,200,XiaomiMiMo/MiMo-V2.6-Distill-Qwen-9B
har116-a-000495-loopfix-r2,har116-a-000495-loopfix-r2__42F3G5T,76,42217,69,200,XiaomiMiMo/MiMo-V2.6-Distill-Qwen-9B
har116-a-000495-loopfix-r2,har116-a-000495-loopfix-r2__42F3G5T,77,42430,51,200,XiaomiMiMo/MiMo-V2.6-Distill-Qwen-9B
har116-a-000495-loopfix-r2,har116-a-000495-loopfix-r2__42F3G5T,78,42584,51,200,XiaomiMiMo/MiMo-V2.6-Distill-Qwen-9B
har116-a-000495-loopfix-r2,har116-a-000495-loopfix-r2__42F3G5T,79,42738,51,200,XiaomiMiMo/MiMo-V2.6-Distill-Qwen-9B
har116-a-000495-loopfix-r2,har116-a-000495-loopfix-r2__42F3G5T,80,43036,77,200,XiaomiMiMo/MiMo-V2.6-Distill-Qwen-9B
har116-a-000495-loopfix-r2,har116-a-000495-loopfix-r2__42F3G5T,81,43334,47,200,XiaomiMiMo/MiMo-V2.6-Distill-Qwen-9B
har116-a-000495-loopfix-r2,har116-a-000495-loopfix-r2__42F3G5T,82,43633,51,200,XiaomiMiMo/MiMo-V2.6-Distill-Qwen-9B
har116-a-000495-loopfix-r2,har116-a-000495-loopfix-r2__42F3G5T,83,44109,66,200,XiaomiMiMo/MiMo-V2.6-Distill-Qwen-9B
har116-a-000495-loopfix-r2,har116-a-000495-loopfix-r2__42F3G5T,84,44813,85,200,XiaomiMiMo/MiMo-V2.6-Distill-Qwen-9B
har116-a-000495-loopfix-r2,har116-a-000495-loopfix-r2__42F3G5T,85,45506,69,200,XiaomiMiMo/MiMo-V2.6-Distill-Qwen-9B
har116-a-000495-loopfix-r2,har116-a-000495-loopfix-r2__42F3G5T,86,46222,346,200,XiaomiMiMo/MiMo-V2.6-Distill-Qwen-9B
har116-a-000495-loopfix-r2,har116-a-000495-loopfix-r2__42F3G5T,87,46673,65,200,XiaomiMiMo/MiMo-V2.6-Distill-Qwen-9B
har116-a-000587-baseline,har116-a-000587-baseline__Vuxk2nX,1,1092,86,200,XiaomiMiMo/MiMo-V2.6-Distill-Qwen-9B
har116-a-000587-baseline,har116-a-000587-baseline__Vuxk2nX,2,2108,57,200,XiaomiMiMo/MiMo-V2.6-Distill-Qwen-9B
har116-a-000587-baseline,har116-a-000587-baseline__Vuxk2nX,3,4457,78,200,XiaomiMiMo/MiMo-V2.6-Distill-Qwen-9B
har116-a-000587-baseline,har116-a-000587-baseline__Vuxk2nX,4,5480,72,200,XiaomiMiMo/MiMo-V2.6-Distill-Qwen-9B
har116-a-000587-baseline,har116-a-000587-baseline__Vuxk2nX,5,6700,462,200,XiaomiMiMo/MiMo-V2.6-Distill-Qwen-9B
har116-a-000587-baseline,har116-a-000587-baseline__Vuxk2nX,6,7507,511,200,XiaomiMiMo/MiMo-V2.6-Distill-Qwen-9B
har116-a-000587-baseline,har116-a-000587-baseline__Vuxk2nX,7,8401,501,200,XiaomiMiMo/MiMo-V2.6-Distill-Qwen-9B
har116-a-000587-baseline,har116-a-000587-baseline__Vuxk2nX,8,10568,47,200,XiaomiMiMo/MiMo-V2.6-Distill-Qwen-9B
har116-a-000587-baseline,har116-a-000587-baseline__Vuxk2nX,9,11344,471,200,XiaomiMiMo/MiMo-V2.6-Distill-Qwen-9B
har116-a-000587-baseline,har116-a-000587-baseline__Vuxk2nX,10,11566,50,200,XiaomiMiMo/MiMo-V2.6-Distill-Qwen-9B
har116-a-000587-baseline,har116-a-000587-baseline__Vuxk2nX,11,11916,789,200,XiaomiMiMo/MiMo-V2.6-Distill-Qwen-9B
har116-a-000587-baseline,har116-a-000587-baseline__Vuxk2nX,12,13217,357,200,XiaomiMiMo/MiMo-V2.6-Distill-Qwen-9B
har116-a-000587-baseline,har116-a-000587-baseline__Vuxk2nX,13,14021,252,200,XiaomiMiMo/MiMo-V2.6-Distill-Qwen-9B
har116-a-000587-baseline,har116-a-000587-baseline__Vuxk2nX,14,14679,214,200,XiaomiMiMo/MiMo-V2.6-Distill-Qwen-9B
har116-a-000587-baseline,har116-a-000587-baseline__Vuxk2nX,15,15338,129,200,XiaomiMiMo/MiMo-V2.6-Distill-Qwen-9B
har116-a-000587-baseline,har116-a-000587-baseline__Vuxk2nX,16,15817,95,200,XiaomiMiMo/MiMo-V2.6-Distill-Qwen-9B
har116-a-000587-baseline,har116-a-000587-baseline__Vuxk2nX,17,16179,108,200,XiaomiMiMo/MiMo-V2.6-Distill-Qwen-9B
har116-a-000587-baseline,har116-a-000587-baseline__Vuxk2nX,18,16482,83,200,XiaomiMiMo/MiMo-V2.6-Distill-Qwen-9B
har116-a-000587-baseline,har116-a-000587-baseline__Vuxk2nX,19,16747,234,200,XiaomiMiMo/MiMo-V2.6-Distill-Qwen-9B
har116-a-000587-baseline,har116-a-000587-baseline__Vuxk2nX,20,17339,69,200,XiaomiMiMo/MiMo-V2.6-Distill-Qwen-9B
har116-a-000587-baseline,har116-a-000587-baseline__Vuxk2nX,21,17565,246,200,XiaomiMiMo/MiMo-V2.6-Distill-Qwen-9B
har116-a-000587-baseline,har116-a-000587-baseline__Vuxk2nX,22,18220,141,200,XiaomiMiMo/MiMo-V2.6-Distill-Qwen-9B
har116-a-000587-baseline,har116-a-000587-baseline__Vuxk2nX,23,18643,222,200,XiaomiMiMo/MiMo-V2.6-Distill-Qwen-9B
har116-a-000587-baseline,har116-a-000587-baseline__Vuxk2nX,24,19198,255,200,XiaomiMiMo/MiMo-V2.6-Distill-Qwen-9B
har116-a-000587-baseline,har116-a-000587-baseline__Vuxk2nX,25,20088,761,200,XiaomiMiMo/MiMo-V2.6-Distill-Qwen-9B
har116-a-000587-baseline,har116-a-000587-baseline__Vuxk2nX,26,21154,161,200,XiaomiMiMo/MiMo-V2.6-Distill-Qwen-9B
har116-a-000587-baseline,har116-a-000587-baseline__Vuxk2nX,27,21941,180,200,XiaomiMiMo/MiMo-V2.6-Distill-Qwen-9B
har116-a-000587-baseline,har116-a-000587-baseline__Vuxk2nX,28,22904,588,200,XiaomiMiMo/MiMo-V2.6-Distill-Qwen-9B
har116-a-000587-baseline,har116-a-000587-baseline__Vuxk2nX,29,23877,472,200,XiaomiMiMo/MiMo-V2.6-Distill-Qwen-9B
har116-a-000587-baseline,har116-a-000587-baseline__Vuxk2nX,30,24634,143,200,XiaomiMiMo/MiMo-V2.6-Distill-Qwen-9B
har116-a-000587-baseline,har116-a-000587-baseline__Vuxk2nX,31,25064,102,200,XiaomiMiMo/MiMo-V2.6-Distill-Qwen-9B
har116-a-000587-baseline,har116-a-000587-baseline__Vuxk2nX,32,25421,117,200,XiaomiMiMo/MiMo-V2.6-Distill-Qwen-9B
har116-a-000587-baseline,har116-a-000587-baseline__Vuxk2nX,33,25655,104,200,XiaomiMiMo/MiMo-V2.6-Distill-Qwen-9B
har116-a-000587-baseline,har116-a-000587-baseline__Vuxk2nX,34,25990,95,200,XiaomiMiMo/MiMo-V2.6-Distill-Qwen-9B
har116-a-000587-baseline,har116-a-000587-baseline__Vuxk2nX,35,26545,94,200,XiaomiMiMo/MiMo-V2.6-Distill-Qwen-9B
har116-a-000587-baseline,har116-a-000587-baseline__Vuxk2nX,36,26889,90,200,XiaomiMiMo/MiMo-V2.6-Distill-Qwen-9B
har116-a-000587-baseline,har116-a-000587-baseline__Vuxk2nX,37,27438,86,200,XiaomiMiMo/MiMo-V2.6-Distill-Qwen-9B
har116-a-000587-baseline,har116-a-000587-baseline__Vuxk2nX,38,27897,52,200,XiaomiMiMo/MiMo-V2.6-Distill-Qwen-9B
har116-a-000587-baseline,har116-a-000587-baseline__Vuxk2nX,39,28276,77,200,XiaomiMiMo/MiMo-V2.6-Distill-Qwen-9B
har116-a-000587-baseline,har116-a-000587-baseline__Vuxk2nX,40,28377,51,200,XiaomiMiMo/MiMo-V2.6-Distill-Qwen-9B
har116-a-000587-baseline,har116-a-000587-baseline__Vuxk2nX,41,28452,52,200,XiaomiMiMo/MiMo-V2.6-Distill-Qwen-9B
har116-a-000587-baseline,har116-a-000587-baseline__Vuxk2nX,42,28528,42,200,XiaomiMiMo/MiMo-V2.6-Distill-Qwen-9B
har116-a-000587-baseline,har116-a-000587-baseline__Vuxk2nX,43,28594,61,200,XiaomiMiMo/MiMo-V2.6-Distill-Qwen-9B
har116-a-000587-baseline,har116-a-000587-baseline__Vuxk2nX,44,28679,42,200,XiaomiMiMo/MiMo-V2.6-Distill-Qwen-9B
har116-a-000587-baseline,har116-a-000587-baseline__Vuxk2nX,45,28745,47,200,XiaomiMiMo/MiMo-V2.6-Distill-Qwen-9B
har116-a-000587-baseline,har116-a-000587-baseline__Vuxk2nX,46,29132,50,200,XiaomiMiMo/MiMo-V2.6-Distill-Qwen-9B
har116-a-000587-baseline,har116-a-000587-baseline__Vuxk2nX,47,29515,43,200,XiaomiMiMo/MiMo-V2.6-Distill-Qwen-9B
har116-a-000587-baseline,har116-a-000587-baseline__Vuxk2nX,48,30103,47,200,XiaomiMiMo/MiMo-V2.6-Distill-Qwen-9B
har116-a-000587-baseline,har116-a-000587-baseline__Vuxk2nX,49,30491,31,200,XiaomiMiMo/MiMo-V2.6-Distill-Qwen-9B
har116-a-000587-baseline,har116-a-000587-baseline__Vuxk2nX,50,31067,49,200,XiaomiMiMo/MiMo-V2.6-Distill-Qwen-9B
har116-a-000587-baseline,har116-a-000587-baseline__Vuxk2nX,51,31540,49,200,XiaomiMiMo/MiMo-V2.6-Distill-Qwen-9B
har116-a-000587-baseline,har116-a-000587-baseline__Vuxk2nX,52,32032,49,200,XiaomiMiMo/MiMo-V2.6-Distill-Qwen-9B
har116-a-000587-baseline,har116-a-000587-baseline__Vuxk2nX,53,32582,49,200,XiaomiMiMo/MiMo-V2.6-Distill-Qwen-9B
har116-a-000587-baseline,har116-a-000587-baseline__Vuxk2nX,54,32984,49,200,XiaomiMiMo/MiMo-V2.6-Distill-Qwen-9B
har116-a-000587-baseline,har116-a-000587-baseline__Vuxk2nX,55,33453,49,200,XiaomiMiMo/MiMo-V2.6-Distill-Qwen-9B
har116-a-000587-baseline,har116-a-000587-baseline__Vuxk2nX,56,33922,49,200,XiaomiMiMo/MiMo-V2.6-Distill-Qwen-9B
har116-a-000587-baseline,har116-a-000587-baseline__Vuxk2nX,57,34391,49,200,XiaomiMiMo/MiMo-V2.6-Distill-Qwen-9B
har116-a-000587-baseline,har116-a-000587-baseline__Vuxk2nX,58,34860,49,200,XiaomiMiMo/MiMo-V2.6-Distill-Qwen-9B
har116-a-000587-baseline,har116-a-000587-baseline__Vuxk2nX,59,35329,49,200,XiaomiMiMo/MiMo-V2.6-Distill-Qwen-9B
har116-a-000587-baseline,har116-a-000587-baseline__Vuxk2nX,60,35798,49,200,XiaomiMiMo/MiMo-V2.6-Distill-Qwen-9B
har116-a-000587-baseline,har116-a-000587-baseline__Vuxk2nX,61,36267,49,200,XiaomiMiMo/MiMo-V2.6-Distill-Qwen-9B
har116-a-000587-baseline,har116-a-000587-baseline__Vuxk2nX,62,36736,49,200,XiaomiMiMo/MiMo-V2.6-Distill-Qwen-9B
har116-a-000587-baseline,har116-a-000587-baseline__Vuxk2nX,63,37205,49,200,XiaomiMiMo/MiMo-V2.6-Distill-Qwen-9B
har116-a-000587-baseline,har116-a-000587-baseline__Vuxk2nX,64,37674,49,200,XiaomiMiMo/MiMo-V2.6-Distill-Qwen-9B
har116-a-000587-baseline,har116-a-000587-baseline__Vuxk2nX,65,38143,49,200,XiaomiMiMo/MiMo-V2.6-Distill-Qwen-9B
har116-a-000587-baseline,har116-a-000587-baseline__Vuxk2nX,66,38612,49,200,XiaomiMiMo/MiMo-V2.6-Distill-Qwen-9B
har116-a-000587-baseline,har116-a-000587-baseline__Vuxk2nX,67,39081,49,200,XiaomiMiMo/MiMo-V2.6-Distill-Qwen-9B
har116-a-000587-baseline,har116-a-000587-baseline__Vuxk2nX,68,39550,49,200,XiaomiMiMo/MiMo-V2.6-Distill-Qwen-9B
har116-a-000587-baseline,har116-a-000587-baseline__Vuxk2nX,69,40019,49,200,XiaomiMiMo/MiMo-V2.6-Distill-Qwen-9B
har116-a-000587-baseline,har116-a-000587-baseline__Vuxk2nX,70,40488,49,200,XiaomiMiMo/MiMo-V2.6-Distill-Qwen-9B
har116-a-000587-baseline,har116-a-000587-baseline__Vuxk2nX,71,40957,49,200,XiaomiMiMo/MiMo-V2.6-Distill-Qwen-9B
har116-a-000587-baseline,har116-a-000587-baseline__Vuxk2nX,72,41426,49,200,XiaomiMiMo/MiMo-V2.6-Distill-Qwen-9B
har116-a-000587-baseline,har116-a-000587-baseline__Vuxk2nX,73,41895,49,200,XiaomiMiMo/MiMo-V2.6-Distill-Qwen-9B
har116-a-000587-baseline,har116-a-000587-baseline__Vuxk2nX,74,42364,49,200,XiaomiMiMo/MiMo-V2.6-Distill-Qwen-9B
har116-a-000587-baseline,har116-a-000587-baseline__Vuxk2nX,75,42833,49,200,XiaomiMiMo/MiMo-V2.6-Distill-Qwen-9B
har116-a-000587-baseline,har116-a-000587-baseline__Vuxk2nX,76,43302,49,200,XiaomiMiMo/MiMo-V2.6-Distill-Qwen-9B
har116-a-000587-baseline,har116-a-000587-baseline__Vuxk2nX,77,43771,49,200,XiaomiMiMo/MiMo-V2.6-Distill-Qwen-9B
har116-a-000587-baseline,har116-a-000587-baseline__Vuxk2nX,78,44240,49,200,XiaomiMiMo/MiMo-V2.6-Distill-Qwen-9B
har116-a-000587-baseline,har116-a-000587-baseline__Vuxk2nX,79,44709,49,200,XiaomiMiMo/MiMo-V2.6-Distill-Qwen-9B
har116-a-000587-baseline,har116-a-000587-baseline__Vuxk2nX,80,45178,49,200,XiaomiMiMo/MiMo-V2.6-Distill-Qwen-9B
har116-a-000587-baseline,har116-a-000587-baseline__Vuxk2nX,81,45647,49,200,XiaomiMiMo/MiMo-V2.6-Distill-Qwen-9B
har116-a-000587-baseline,har116-a-000587-baseline__Vuxk2nX,82,46116,49,200,XiaomiMiMo/MiMo-V2.6-Distill-Qwen-9B
har116-a-000587-baseline,har116-a-000587-baseline__Vuxk2nX,83,46585,49,200,XiaomiMiMo/MiMo-V2.6-Distill-Qwen-9B
har116-a-000587-baseline,har116-a-000587-baseline__Vuxk2nX,84,47054,49,200,XiaomiMiMo/MiMo-V2.6-Distill-Qwen-9B
har116-a-000587-baseline,har116-a-000587-baseline__Vuxk2nX,85,47523,49,200,XiaomiMiMo/MiMo-V2.6-Distill-Qwen-9B
har116-a-000587-baseline,har116-a-000587-baseline__Vuxk2nX,86,47992,49,200,XiaomiMiMo/MiMo-V2.6-Distill-Qwen-9B
har116-a-000587-loopfix,har116-a-000587-loopfix__X5SAhvg,1,1092,88,200,XiaomiMiMo/MiMo-V2.6-Distill-Qwen-9B
har116-a-000587-loopfix-r2,har116-a-000587-loopfix-r2__RmCmzbQ,1,1090,95,200,XiaomiMiMo/MiMo-V2.6-Distill-Qwen-9B
har116-a-000587-loopfix-r2,har116-a-000587-loopfix-r2__RmCmzbQ,2,1858,85,200,XiaomiMiMo/MiMo-V2.6-Distill-Qwen-9B
har116-a-000587-loopfix-r2,har116-a-000587-loopfix-r2__RmCmzbQ,3,2564,150,200,XiaomiMiMo/MiMo-V2.6-Distill-Qwen-9B
har116-a-000587-loopfix-r2,har116-a-000587-loopfix-r2__RmCmzbQ,4,3431,71,200,XiaomiMiMo/MiMo-V2.6-Distill-Qwen-9B
har116-a-000587-loopfix-r2,har116-a-000587-loopfix-r2__RmCmzbQ,5,4073,50,200,XiaomiMiMo/MiMo-V2.6-Distill-Qwen-9B
har116-a-000587-loopfix-r2,har116-a-000587-loopfix-r2__RmCmzbQ,6,4719,381,200,XiaomiMiMo/MiMo-V2.6-Distill-Qwen-9B
har116-a-000587-loopfix-r2,har116-a-000587-loopfix-r2__RmCmzbQ,7,5512,347,200,XiaomiMiMo/MiMo-V2.6-Distill-Qwen-9B
har116-a-000587-loopfix-r2,har116-a-000587-loopfix-r2__RmCmzbQ,8,6015,774,200,XiaomiMiMo/MiMo-V2.6-Distill-Qwen-9B
har116-a-000587-loopfix-r2,har116-a-000587-loopfix-r2__RmCmzbQ,9,6843,384,200,XiaomiMiMo/MiMo-V2.6-Distill-Qwen-9B
har116-a-000587-loopfix-r2,har116-a-000587-loopfix-r2__RmCmzbQ,10,7757,143,200,XiaomiMiMo/MiMo-V2.6-Distill-Qwen-9B
har116-a-000587-loopfix-r2,har116-a-000587-loopfix-r2__RmCmzbQ,11,8064,80,200,XiaomiMiMo/MiMo-V2.6-Distill-Qwen-9B
har116-a-000587-loopfix-r2,har116-a-000587-loopfix-r2__RmCmzbQ,12,8356,49,200,XiaomiMiMo/MiMo-V2.6-Distill-Qwen-9B
har116-a-000587-loopfix-r2,har116-a-000587-loopfix-r2__RmCmzbQ,13,8513,709,200,XiaomiMiMo/MiMo-V2.6-Distill-Qwen-9B
har116-a-000587-loopfix-r2,har116-a-000587-loopfix-r2__RmCmzbQ,14,9832,794,200,XiaomiMiMo/MiMo-V2.6-Distill-Qwen-9B
har116-a-000587-loopfix-r2,har116-a-000587-loopfix-r2__RmCmzbQ,15,11281,232,200,XiaomiMiMo/MiMo-V2.6-Distill-Qwen-9B
har116-a-000587-loopfix-r2,har116-a-000587-loopfix-r2__RmCmzbQ,16,11963,107,200,XiaomiMiMo/MiMo-V2.6-Distill-Qwen-9B
har116-a-000587-loopfix-r2,har116-a-000587-loopfix-r2__RmCmzbQ,17,12267,110,200,XiaomiMiMo/MiMo-V2.6-Distill-Qwen-9B
har116-a-000587-loopfix-r2,har116-a-000587-loopfix-r2__RmCmzbQ,18,12794,52,200,XiaomiMiMo/MiMo-V2.6-Distill-Qwen-9B
har116-a-000587-loopfix-r2,har116-a-000587-loopfix-r2__RmCmzbQ,19,13082,239,200,XiaomiMiMo/MiMo-V2.6-Distill-Qwen-9B
har116-a-000587-loopfix-r2,har116-a-000587-loopfix-r2__RmCmzbQ,20,13726,239,200,XiaomiMiMo/MiMo-V2.6-Distill-Qwen-9B
har116-a-000587-loopfix-r2,har116-a-000587-loopfix-r2__RmCmzbQ,21,14395,77,200,XiaomiMiMo/MiMo-V2.6-Distill-Qwen-9B
har116-a-000587-loopfix-r2,har116-a-000587-loopfix-r2__RmCmzbQ,22,14849,266,200,XiaomiMiMo/MiMo-V2.6-Distill-Qwen-9B
har116-a-000587-loopfix-r2,har116-a-000587-loopfix-r2__RmCmzbQ,23,15619,80,200,XiaomiMiMo/MiMo-V2.6-Distill-Qwen-9B
har116-a-000587-loopfix-r2,har116-a-000587-loopfix-r2__RmCmzbQ,24,16225,313,200,XiaomiMiMo/MiMo-V2.6-Distill-Qwen-9B
har116-a-000587-loopfix-r2,har116-a-000587-loopfix-r2__RmCmzbQ,25,17201,190,200,XiaomiMiMo/MiMo-V2.6-Distill-Qwen-9B
har116-a-000587-loopfix-r2,har116-a-000587-loopfix-r2__RmCmzbQ,26,17894,133,200,XiaomiMiMo/MiMo-V2.6-Distill-Qwen-9B
har116-a-000587-loopfix-r2,har116-a-000587-loopfix-r2__RmCmzbQ,27,18372,73,200,XiaomiMiMo/MiMo-V2.6-Distill-Qwen-9B
har116-a-000587-loopfix-r2,har116-a-000587-loopfix-r2__RmCmzbQ,28,18687,79,200,XiaomiMiMo/MiMo-V2.6-Distill-Qwen-9B
har116-a-000587-loopfix-r2,har116-a-000587-loopfix-r2__RmCmzbQ,29,18959,64,200,XiaomiMiMo/MiMo-V2.6-Distill-Qwen-9B
har116-a-000587-loopfix-r2,har116-a-000587-loopfix-r2__RmCmzbQ,30,19208,151,200,XiaomiMiMo/MiMo-V2.6-Distill-Qwen-9B
har116-a-000587-loopfix-r2,har116-a-000587-loopfix-r2__RmCmzbQ,31,19758,71,200,XiaomiMiMo/MiMo-V2.6-Distill-Qwen-9B
har116-a-000587-loopfix-r2,har116-a-000587-loopfix-r2__RmCmzbQ,32,19970,260,200,XiaomiMiMo/MiMo-V2.6-Distill-Qwen-9B
har116-a-000587-loopfix-r2,har116-a-000587-loopfix-r2__RmCmzbQ,33,20567,98,200,XiaomiMiMo/MiMo-V2.6-Distill-Qwen-9B
har116-a-000587-loopfix-r2,har116-a-000587-loopfix-r2__RmCmzbQ,34,20717,40,200,XiaomiMiMo/MiMo-V2.6-Distill-Qwen-9B
har116-a-000587-loopfix-r2,har116-a-000587-loopfix-r2__RmCmzbQ,35,21220,48,200,XiaomiMiMo/MiMo-V2.6-Distill-Qwen-9B
har116-a-000587-loopfix-r2,har116-a-000587-loopfix-r2__RmCmzbQ,36,21641,235,200,XiaomiMiMo/MiMo-V2.6-Distill-Qwen-9B
har116-a-000587-loopfix-r2,har116-a-000587-loopfix-r2__RmCmzbQ,37,22317,143,200,XiaomiMiMo/MiMo-V2.6-Distill-Qwen-9B
har116-a-000587-loopfix-r2,har116-a-000587-loopfix-r2__RmCmzbQ,38,22839,61,200,XiaomiMiMo/MiMo-V2.6-Distill-Qwen-9B
har116-a-000587-loopfix-r2,har116-a-000587-loopfix-r2__RmCmzbQ,39,23230,171,200,XiaomiMiMo/MiMo-V2.6-Distill-Qwen-9B
har116-a-000587-loopfix-r2,har116-a-000587-loopfix-r2__RmCmzbQ,40,23835,332,200,XiaomiMiMo/MiMo-V2.6-Distill-Qwen-9B
har116-a-000587-loopfix-r2,har116-a-000587-loopfix-r2__RmCmzbQ,41,24679,234,200,XiaomiMiMo/MiMo-V2.6-Distill-Qwen-9B
har116-a-000587-loopfix-r2,har116-a-000587-loopfix-r2__RmCmzbQ,42,25273,93,200,XiaomiMiMo/MiMo-V2.6-Distill-Qwen-9B
har116-a-000587-loopfix-r2,har116-a-000587-loopfix-r2__RmCmzbQ,43,25540,93,200,XiaomiMiMo/MiMo-V2.6-Distill-Qwen-9B
har116-a-000587-loopfix-r2,har116-a-000587-loopfix-r2__RmCmzbQ,44,25779,48,200,XiaomiMiMo/MiMo-V2.6-Distill-Qwen-9B
har116-a-000587-loopfix-r2,har116-a-000587-loopfix-r2__RmCmzbQ,45,26197,69,200,XiaomiMiMo/MiMo-V2.6-Distill-Qwen-9B
har116-a-000587-loopfix-r2,har116-a-000587-loopfix-r2__RmCmzbQ,46,26600,48,200,XiaomiMiMo/MiMo-V2.6-Distill-Qwen-9B
har116-a-000587-loopfix-r2,har116-a-000587-loopfix-r2__RmCmzbQ,47,26996,260,200,XiaomiMiMo/MiMo-V2.6-Distill-Qwen-9B
har116-a-000587-loopfix-r2,har116-a-000587-loopfix-r2__RmCmzbQ,48,27747,153,200,XiaomiMiMo/MiMo-V2.6-Distill-Qwen-9B
har116-a-000587-loopfix-r2,har116-a-000587-loopfix-r2__RmCmzbQ,49,28196,76,200,XiaomiMiMo/MiMo-V2.6-Distill-Qwen-9B
har116-a-000587-loopfix-r2,har116-a-000587-loopfix-r2__RmCmzbQ,50,28734,328,200,XiaomiMiMo/MiMo-V2.6-Distill-Qwen-9B
har116-a-000587-loopfix-r2,har116-a-000587-loopfix-r2__RmCmzbQ,51,29654,144,200,XiaomiMiMo/MiMo-V2.6-Distill-Qwen-9B
har116-a-000587-loopfix-r2,har116-a-000587-loopfix-r2__RmCmzbQ,52,30122,208,200,XiaomiMiMo/MiMo-V2.6-Distill-Qwen-9B
har116-a-000587-loopfix-r2,har116-a-000587-loopfix-r2__RmCmzbQ,53,30813,147,200,XiaomiMiMo/MiMo-V2.6-Distill-Qwen-9B
har116-a-000587-loopfix-r2,har116-a-000587-loopfix-r2__RmCmzbQ,54,31298,76,200,XiaomiMiMo/MiMo-V2.6-Distill-Qwen-9B
har116-a-000587-loopfix-r2,har116-a-000587-loopfix-r2__RmCmzbQ,55,31542,71,200,XiaomiMiMo/MiMo-V2.6-Distill-Qwen-9B
har116-a-000587-loopfix-r2,har116-a-000587-loopfix-r2__RmCmzbQ,56,32161,70,200,XiaomiMiMo/MiMo-V2.6-Distill-Qwen-9B
har116-a-000587-loopfix-r2,har116-a-000587-loopfix-r2__RmCmzbQ,57,32585,74,200,XiaomiMiMo/MiMo-V2.6-Distill-Qwen-9B
har116-a-000587-loopfix-r2,har116-a-000587-loopfix-r2__RmCmzbQ,58,32680,42,200,XiaomiMiMo/MiMo-V2.6-Distill-Qwen-9B
har116-a-000587-loopfix-r2,har116-a-000587-loopfix-r2__RmCmzbQ,59,32743,60,200,XiaomiMiMo/MiMo-V2.6-Distill-Qwen-9B
har116-a-000587-loopfix-r2,har116-a-000587-loopfix-r2__RmCmzbQ,60,32824,67,200,XiaomiMiMo/MiMo-V2.6-Distill-Qwen-9B
har116-a-000587-loopfix-r2,har116-a-000587-loopfix-r2__RmCmzbQ,61,32912,42,200,XiaomiMiMo/MiMo-V2.6-Distill-Qwen-9B
har116-a-000587-loopfix-r2,har116-a-000587-loopfix-r2__RmCmzbQ,62,32983,76,200,XiaomiMiMo/MiMo-V2.6-Distill-Qwen-9B
har116-a-000587-loopfix-r2,har116-a-000587-loopfix-r2__RmCmzbQ,63,33080,76,200,XiaomiMiMo/MiMo-V2.6-Distill-Qwen-9B
har116-a-000587-loopfix-r2,har116-a-000587-loopfix-r2__RmCmzbQ,64,33177,76,200,XiaomiMiMo/MiMo-V2.6-Distill-Qwen-9B
har116-a-000587-loopfix-r2,har116-a-000587-loopfix-r2__RmCmzbQ,65,33274,76,200,XiaomiMiMo/MiMo-V2.6-Distill-Qwen-9B
har116-a-000587-loopfix-r2,har116-a-000587-loopfix-r2__RmCmzbQ,66,33371,76,200,XiaomiMiMo/MiMo-V2.6-Distill-Qwen-9B
har116-a-001161-baseline,har116-a-001161-baseline__DwYZaia,1,1059,80,200,XiaomiMiMo/MiMo-V2.6-Distill-Qwen-9B
har116-a-001161-baseline,har116-a-001161-baseline__DwYZaia,2,1956,73,200,XiaomiMiMo/MiMo-V2.6-Distill-Qwen-9B
har116-a-001161-baseline,har116-a-001161-baseline__DwYZaia,3,2598,146,200,XiaomiMiMo/MiMo-V2.6-Distill-Qwen-9B
har116-a-001161-baseline,har116-a-001161-baseline__DwYZaia,4,5085,100,200,XiaomiMiMo/MiMo-V2.6-Distill-Qwen-9B
har116-a-001161-baseline,har116-a-001161-baseline__DwYZaia,5,7490,43,200,XiaomiMiMo/MiMo-V2.6-Distill-Qwen-9B
har116-a-001161-baseline,har116-a-001161-baseline__DwYZaia,6,7865,38,200,XiaomiMiMo/MiMo-V2.6-Distill-Qwen-9B
har116-a-001161-baseline,har116-a-001161-baseline__DwYZaia,7,8286,37,200,XiaomiMiMo/MiMo-V2.6-Distill-Qwen-9B
har116-a-001161-baseline,har116-a-001161-baseline__DwYZaia,8,8770,40,200,XiaomiMiMo/MiMo-V2.6-Distill-Qwen-9B
har116-a-001161-baseline,har116-a-001161-baseline__DwYZaia,9,9147,40,200,XiaomiMiMo/MiMo-V2.6-Distill-Qwen-9B
har116-a-001161-baseline,har116-a-001161-baseline__DwYZaia,10,10167,221,200,XiaomiMiMo/MiMo-V2.6-Distill-Qwen-9B
har116-a-001161-baseline,har116-a-001161-baseline__DwYZaia,11,10757,224,200,XiaomiMiMo/MiMo-V2.6-Distill-Qwen-9B
har116-a-001161-baseline,har116-a-001161-baseline__DwYZaia,12,11052,88,200,XiaomiMiMo/MiMo-V2.6-Distill-Qwen-9B
har116-a-001161-baseline,har116-a-001161-baseline__DwYZaia,13,11362,64,200,XiaomiMiMo/MiMo-V2.6-Distill-Qwen-9B
har116-a-001161-baseline,har116-a-001161-baseline__DwYZaia,14,11982,51,200,XiaomiMiMo/MiMo-V2.6-Distill-Qwen-9B
har116-a-001161-baseline,har116-a-001161-baseline__DwYZaia,15,12785,44,200,XiaomiMiMo/MiMo-V2.6-Distill-Qwen-9B
har116-a-001161-baseline,har116-a-001161-baseline__DwYZaia,16,12973,193,200,XiaomiMiMo/MiMo-V2.6-Distill-Qwen-9B
har116-a-001161-baseline,har116-a-001161-baseline__DwYZaia,17,14098,104,200,XiaomiMiMo/MiMo-V2.6-Distill-Qwen-9B
har116-a-001161-baseline,har116-a-001161-baseline__DwYZaia,18,14618,52,200,XiaomiMiMo/MiMo-V2.6-Distill-Qwen-9B
har116-a-001161-baseline,har116-a-001161-baseline__DwYZaia,19,15085,70,200,XiaomiMiMo/MiMo-V2.6-Distill-Qwen-9B
har116-a-001161-baseline,har116-a-001161-baseline__DwYZaia,20,15631,59,200,XiaomiMiMo/MiMo-V2.6-Distill-Qwen-9B
har116-a-001161-baseline,har116-a-001161-baseline__DwYZaia,21,15993,42,200,XiaomiMiMo/MiMo-V2.6-Distill-Qwen-9B
har116-a-001161-baseline,har116-a-001161-baseline__DwYZaia,22,16180,49,200,XiaomiMiMo/MiMo-V2.6-Distill-Qwen-9B
har116-a-001161-baseline,har116-a-001161-baseline__DwYZaia,23,16414,81,200,XiaomiMiMo/MiMo-V2.6-Distill-Qwen-9B
har116-a-001161-baseline,har116-a-001161-baseline__DwYZaia,24,17694,52,200,XiaomiMiMo/MiMo-V2.6-Distill-Qwen-9B
har116-a-001161-baseline,har116-a-001161-baseline__DwYZaia,25,18945,52,200,XiaomiMiMo/MiMo-V2.6-Distill-Qwen-9B
har116-a-001161-baseline,har116-a-001161-baseline__DwYZaia,26,19370,81,200,XiaomiMiMo/MiMo-V2.6-Distill-Qwen-9B
har116-a-001161-baseline,har116-a-001161-baseline__DwYZaia,27,19914,88,200,XiaomiMiMo/MiMo-V2.6-Distill-Qwen-9B
har116-a-001161-baseline,har116-a-001161-baseline__DwYZaia,28,20492,52,200,XiaomiMiMo/MiMo-V2.6-Distill-Qwen-9B
har116-a-001161-baseline,har116-a-001161-baseline__DwYZaia,29,21359,59,200,XiaomiMiMo/MiMo-V2.6-Distill-Qwen-9B
har116-a-001161-baseline,har116-a-001161-baseline__DwYZaia,30,21840,62,200,XiaomiMiMo/MiMo-V2.6-Distill-Qwen-9B
har116-a-001161-baseline,har116-a-001161-baseline__DwYZaia,31,22446,63,200,XiaomiMiMo/MiMo-V2.6-Distill-Qwen-9B
har116-a-001161-baseline,har116-a-001161-baseline__DwYZaia,32,22916,63,200,XiaomiMiMo/MiMo-V2.6-Distill-Qwen-9B
har116-a-001161-baseline,har116-a-001161-baseline__DwYZaia,33,23554,232,200,XiaomiMiMo/MiMo-V2.6-Distill-Qwen-9B
har116-a-001161-baseline,har116-a-001161-baseline__DwYZaia,34,23915,32,200,XiaomiMiMo/MiMo-V2.6-Distill-Qwen-9B
har116-a-001161-baseline,har116-a-001161-baseline__DwYZaia,35,24733,161,200,XiaomiMiMo/MiMo-V2.6-Distill-Qwen-9B
har116-a-001161-baseline,har116-a-001161-baseline__DwYZaia,36,24957,68,200,XiaomiMiMo/MiMo-V2.6-Distill-Qwen-9B
har116-a-001161-baseline,har116-a-001161-baseline__DwYZaia,37,25215,134,200,XiaomiMiMo/MiMo-V2.6-Distill-Qwen-9B
har116-a-001161-baseline,har116-a-001161-baseline__DwYZaia,38,25628,38,200,XiaomiMiMo/MiMo-V2.6-Distill-Qwen-9B
har116-a-001161-baseline,har116-a-001161-baseline__DwYZaia,39,26165,40,200,XiaomiMiMo/MiMo-V2.6-Distill-Qwen-9B
har116-a-001161-baseline,har116-a-001161-baseline__DwYZaia,40,27086,63,200,XiaomiMiMo/MiMo-V2.6-Distill-Qwen-9B
har116-a-001161-baseline,har116-a-001161-baseline__DwYZaia,41,27534,38,200,XiaomiMiMo/MiMo-V2.6-Distill-Qwen-9B
har116-a-001161-baseline,har116-a-001161-baseline__DwYZaia,42,27891,43,200,XiaomiMiMo/MiMo-V2.6-Distill-Qwen-9B
har116-a-001161-baseline,har116-a-001161-baseline__DwYZaia,43,28359,101,200,XiaomiMiMo/MiMo-V2.6-Distill-Qwen-9B
har116-a-001161-baseline,har116-a-001161-baseline__DwYZaia,44,28791,37,200,XiaomiMiMo/MiMo-V2.6-Distill-Qwen-9B
har116-a-001161-baseline,har116-a-001161-baseline__DwYZaia,45,29822,58,200,XiaomiMiMo/MiMo-V2.6-Distill-Qwen-9B
har116-a-001161-baseline,har116-a-001161-baseline__DwYZaia,46,30262,65,200,XiaomiMiMo/MiMo-V2.6-Distill-Qwen-9B
har116-a-001161-baseline,har116-a-001161-baseline__DwYZaia,47,30735,39,200,XiaomiMiMo/MiMo-V2.6-Distill-Qwen-9B
har116-a-001161-baseline,har116-a-001161-baseline__DwYZaia,48,31066,39,200,XiaomiMiMo/MiMo-V2.6-Distill-Qwen-9B
har116-a-001161-baseline,har116-a-001161-baseline__DwYZaia,49,31585,63,200,XiaomiMiMo/MiMo-V2.6-Distill-Qwen-9B
har116-a-001161-baseline,har116-a-001161-baseline__DwYZaia,50,31986,29,200,XiaomiMiMo/MiMo-V2.6-Distill-Qwen-9B
har116-a-001161-baseline,har116-a-001161-baseline__DwYZaia,51,32393,41,200,XiaomiMiMo/MiMo-V2.6-Distill-Qwen-9B
har116-a-001161-baseline,har116-a-001161-baseline__DwYZaia,52,32812,40,200,XiaomiMiMo/MiMo-V2.6-Distill-Qwen-9B
har116-a-001161-baseline,har116-a-001161-baseline__DwYZaia,53,33947,40,200,XiaomiMiMo/MiMo-V2.6-Distill-Qwen-9B
har116-a-001161-baseline,har116-a-001161-baseline__DwYZaia,54,34301,40,200,XiaomiMiMo/MiMo-V2.6-Distill-Qwen-9B
har116-a-001161-baseline,har116-a-001161-baseline__DwYZaia,55,34849,67,200,XiaomiMiMo/MiMo-V2.6-Distill-Qwen-9B
har116-a-001161-baseline,har116-a-001161-baseline__DwYZaia,56,35243,82,200,XiaomiMiMo/MiMo-V2.6-Distill-Qwen-9B
har116-a-001161-baseline,har116-a-001161-baseline__DwYZaia,57,35520,41,200,XiaomiMiMo/MiMo-V2.6-Distill-Qwen-9B
har116-a-001161-baseline,har116-a-001161-baseline__DwYZaia,58,35885,38,200,XiaomiMiMo/MiMo-V2.6-Distill-Qwen-9B
har116-a-001161-baseline,har116-a-001161-baseline__DwYZaia,59,37212,37,200,XiaomiMiMo/MiMo-V2.6-Distill-Qwen-9B
har116-a-001161-baseline,har116-a-001161-baseline__DwYZaia,60,37829,36,200,XiaomiMiMo/MiMo-V2.6-Distill-Qwen-9B
har116-a-001161-baseline,har116-a-001161-baseline__DwYZaia,61,38333,39,200,XiaomiMiMo/MiMo-V2.6-Distill-Qwen-9B
har116-a-001161-baseline,har116-a-001161-baseline__DwYZaia,62,38603,70,200,XiaomiMiMo/MiMo-V2.6-Distill-Qwen-9B
har116-a-001161-baseline,har116-a-001161-baseline__DwYZaia,63,39040,50,200,XiaomiMiMo/MiMo-V2.6-Distill-Qwen-9B
har116-a-001161-baseline,har116-a-001161-baseline__DwYZaia,64,39580,32,200,XiaomiMiMo/MiMo-V2.6-Distill-Qwen-9B
har116-a-001161-baseline,har116-a-001161-baseline__DwYZaia,65,40277,265,200,XiaomiMiMo/MiMo-V2.6-Distill-Qwen-9B
har116-a-001161-baseline,har116-a-001161-baseline__DwYZaia,66,40818,56,200,XiaomiMiMo/MiMo-V2.6-Distill-Qwen-9B
har116-a-001161-baseline,har116-a-001161-baseline__DwYZaia,67,41053,38,200,XiaomiMiMo/MiMo-V2.6-Distill-Qwen-9B
har116-a-001161-baseline,har116-a-001161-baseline__DwYZaia,68,41468,175,200,XiaomiMiMo/MiMo-V2.6-Distill-Qwen-9B
har116-a-001161-baseline,har116-a-001161-baseline__DwYZaia,69,42094,39,200,XiaomiMiMo/MiMo-V2.6-Distill-Qwen-9B
har116-a-001161-baseline,har116-a-001161-baseline__DwYZaia,70,42580,50,200,XiaomiMiMo/MiMo-V2.6-Distill-Qwen-9B
har116-a-001161-baseline,har116-a-001161-baseline__DwYZaia,71,42802,39,200,XiaomiMiMo/MiMo-V2.6-Distill-Qwen-9B
har116-a-001161-baseline,har116-a-001161-baseline__DwYZaia,72,43105,246,200,XiaomiMiMo/MiMo-V2.6-Distill-Qwen-9B
har116-a-001161-baseline,har116-a-001161-baseline__DwYZaia,73,43805,75,200,XiaomiMiMo/MiMo-V2.6-Distill-Qwen-9B
har116-a-001161-baseline,har116-a-001161-baseline__DwYZaia,74,44442,56,200,XiaomiMiMo/MiMo-V2.6-Distill-Qwen-9B
har116-a-001161-baseline,har116-a-001161-baseline__DwYZaia,75,44647,40,200,XiaomiMiMo/MiMo-V2.6-Distill-Qwen-9B
har116-a-001161-baseline,har116-a-001161-baseline__DwYZaia,76,45159,1193,200,XiaomiMiMo/MiMo-V2.6-Distill-Qwen-9B
har116-a-001161-baseline,har116-a-001161-baseline__DwYZaia,77,47887,93,200,XiaomiMiMo/MiMo-V2.6-Distill-Qwen-9B
har116-a-001161-baseline,har116-a-001161-baseline__DwYZaia,78,48342,40,200,XiaomiMiMo/MiMo-V2.6-Distill-Qwen-9B
har116-a-001161-baseline,har116-a-001161-baseline__DwYZaia,79,49111,65,200,XiaomiMiMo/MiMo-V2.6-Distill-Qwen-9B
har116-a-001161-baseline,har116-a-001161-baseline__DwYZaia,80,49564,58,200,XiaomiMiMo/MiMo-V2.6-Distill-Qwen-9B
har116-a-001161-baseline,har116-a-001161-baseline__DwYZaia,81,49772,40,200,XiaomiMiMo/MiMo-V2.6-Distill-Qwen-9B
har116-a-001161-baseline,har116-a-001161-baseline__DwYZaia,82,50050,956,200,XiaomiMiMo/MiMo-V2.6-Distill-Qwen-9B
har116-a-001161-baseline,har116-a-001161-baseline__DwYZaia,83,51411,68,200,XiaomiMiMo/MiMo-V2.6-Distill-Qwen-9B
har116-a-001161-baseline,har116-a-001161-baseline__DwYZaia,84,51723,39,200,XiaomiMiMo/MiMo-V2.6-Distill-Qwen-9B
har116-a-001161-baseline,har116-a-001161-baseline__DwYZaia,85,52298,560,200,XiaomiMiMo/MiMo-V2.6-Distill-Qwen-9B
har116-a-001161-baseline,har116-a-001161-baseline__DwYZaia,86,53290,336,200,XiaomiMiMo/MiMo-V2.6-Distill-Qwen-9B
har116-a-001161-loopfix,har116-a-001161-loopfix__WxP98h8,1,1060,114,200,XiaomiMiMo/MiMo-V2.6-Distill-Qwen-9B
har116-a-001161-loopfix-r2,har116-a-001161-loopfix-r2__uo7QDVh,1,1060,94,200,XiaomiMiMo/MiMo-V2.6-Distill-Qwen-9B
har116-a-001161-loopfix-r2,har116-a-001161-loopfix-r2__uo7QDVh,2,1607,65,200,XiaomiMiMo/MiMo-V2.6-Distill-Qwen-9B
har116-a-001161-loopfix-r2,har116-a-001161-loopfix-r2__uo7QDVh,3,2505,30,200,XiaomiMiMo/MiMo-V2.6-Distill-Qwen-9B
har116-a-001161-loopfix-r2,har116-a-001161-loopfix-r2__uo7QDVh,4,3143,40,200,XiaomiMiMo/MiMo-V2.6-Distill-Qwen-9B
har116-a-001161-loopfix-r2,har116-a-001161-loopfix-r2__uo7QDVh,5,3814,41,200,XiaomiMiMo/MiMo-V2.6-Distill-Qwen-9B
har116-a-001161-loopfix-r2,har116-a-001161-loopfix-r2__uo7QDVh,6,4473,47,200,XiaomiMiMo/MiMo-V2.6-Distill-Qwen-9B
har116-a-001161-loopfix-r2,har116-a-001161-loopfix-r2__uo7QDVh,7,5256,41,200,XiaomiMiMo/MiMo-V2.6-Distill-Qwen-9B
har116-a-001161-loopfix-r2,har116-a-001161-loopfix-r2__uo7QDVh,8,5904,112,200,XiaomiMiMo/MiMo-V2.6-Distill-Qwen-9B
har116-a-001161-loopfix-r2,har116-a-001161-loopfix-r2__uo7QDVh,9,6581,39,200,XiaomiMiMo/MiMo-V2.6-Distill-Qwen-9B
har116-a-001161-loopfix-r2,har116-a-001161-loopfix-r2__uo7QDVh,10,7238,41,200,XiaomiMiMo/MiMo-V2.6-Distill-Qwen-9B
har116-a-001161-loopfix-r2,har116-a-001161-loopfix-r2__uo7QDVh,11,7906,41,200,XiaomiMiMo/MiMo-V2.6-Distill-Qwen-9B
har116-a-001161-loopfix-r2,har116-a-001161-loopfix-r2__uo7QDVh,12,8368,41,200,XiaomiMiMo/MiMo-V2.6-Distill-Qwen-9B
har116-a-001161-loopfix-r2,har116-a-001161-loopfix-r2__uo7QDVh,13,8805,41,200,XiaomiMiMo/MiMo-V2.6-Distill-Qwen-9B
har116-a-001161-loopfix-r2,har116-a-001161-loopfix-r2__uo7QDVh,14,9441,73,200,XiaomiMiMo/MiMo-V2.6-Distill-Qwen-9B
har116-a-001161-loopfix-r2,har116-a-001161-loopfix-r2__uo7QDVh,15,9906,57,200,XiaomiMiMo/MiMo-V2.6-Distill-Qwen-9B
har116-a-001161-loopfix-r2,har116-a-001161-loopfix-r2__uo7QDVh,16,10391,43,200,XiaomiMiMo/MiMo-V2.6-Distill-Qwen-9B
har116-a-001161-loopfix-r2,har116-a-001161-loopfix-r2__uo7QDVh,17,10747,43,200,XiaomiMiMo/MiMo-V2.6-Distill-Qwen-9B
har116-a-001161-loopfix-r2,har116-a-001161-loopfix-r2__uo7QDVh,18,11136,43,200,XiaomiMiMo/MiMo-V2.6-Distill-Qwen-9B
har116-a-001161-loopfix-r2,har116-a-001161-loopfix-r2__uo7QDVh,19,11843,43,200,XiaomiMiMo/MiMo-V2.6-Distill-Qwen-9B
har116-a-001161-loopfix-r2,har116-a-001161-loopfix-r2__uo7QDVh,20,12199,43,200,XiaomiMiMo/MiMo-V2.6-Distill-Qwen-9B
har116-a-001161-loopfix-r2,har116-a-001161-loopfix-r2__uo7QDVh,21,12575,41,200,XiaomiMiMo/MiMo-V2.6-Distill-Qwen-9B
har116-a-001161-loopfix-r2,har116-a-001161-loopfix-r2__uo7QDVh,22,13296,95,200,XiaomiMiMo/MiMo-V2.6-Distill-Qwen-9B
har116-a-001161-loopfix-r2,har116-a-001161-loopfix-r2__uo7QDVh,23,13960,62,200,XiaomiMiMo/MiMo-V2.6-Distill-Qwen-9B
har116-a-001161-loopfix-r2,har116-a-001161-loopfix-r2__uo7QDVh,24,14365,41,200,XiaomiMiMo/MiMo-V2.6-Distill-Qwen-9B
har116-a-001161-loopfix-r2,har116-a-001161-loopfix-r2__uo7QDVh,25,14862,82,200,XiaomiMiMo/MiMo-V2.6-Distill-Qwen-9B
har116-a-001161-loopfix-r2,har116-a-001161-loopfix-r2__uo7QDVh,26,15139,90,200,XiaomiMiMo/MiMo-V2.6-Distill-Qwen-9B
har116-a-001161-loopfix-r2,har116-a-001161-loopfix-r2__uo7QDVh,27,15529,43,200,XiaomiMiMo/MiMo-V2.6-Distill-Qwen-9B
har116-a-001161-loopfix-r2,har116-a-001161-loopfix-r2__uo7QDVh,28,15919,66,200,XiaomiMiMo/MiMo-V2.6-Distill-Qwen-9B
har116-a-001161-loopfix-r2,har116-a-001161-loopfix-r2__uo7QDVh,29,16693,43,200,XiaomiMiMo/MiMo-V2.6-Distill-Qwen-9B
har116-a-001161-loopfix-r2,har116-a-001161-loopfix-r2__uo7QDVh,30,17031,142,200,XiaomiMiMo/MiMo-V2.6-Distill-Qwen-9B
har116-a-001161-loopfix-r2,har116-a-001161-loopfix-r2__uo7QDVh,31,17868,118,200,XiaomiMiMo/MiMo-V2.6-Distill-Qwen-9B
har116-a-001161-loopfix-r2,har116-a-001161-loopfix-r2__uo7QDVh,32,18174,63,200,XiaomiMiMo/MiMo-V2.6-Distill-Qwen-9B
har116-a-001161-loopfix-r2,har116-a-001161-loopfix-r2__uo7QDVh,33,18438,59,200,XiaomiMiMo/MiMo-V2.6-Distill-Qwen-9B
har116-a-001161-loopfix-r2,har116-a-001161-loopfix-r2__uo7QDVh,34,18988,126,200,XiaomiMiMo/MiMo-V2.6-Distill-Qwen-9B
har116-a-001161-loopfix-r2,har116-a-001161-loopfix-r2__uo7QDVh,35,19530,34,200,XiaomiMiMo/MiMo-V2.6-Distill-Qwen-9B
har116-a-001161-loopfix-r2,har116-a-001161-loopfix-r2__uo7QDVh,36,19874,57,200,XiaomiMiMo/MiMo-V2.6-Distill-Qwen-9B
har116-a-001161-loopfix-r2,har116-a-001161-loopfix-r2__uo7QDVh,37,20243,35,200,XiaomiMiMo/MiMo-V2.6-Distill-Qwen-9B
har116-a-001161-loopfix-r2,har116-a-001161-loopfix-r2__uo7QDVh,38,20655,34,200,XiaomiMiMo/MiMo-V2.6-Distill-Qwen-9B
har116-a-001161-loopfix-r2,har116-a-001161-loopfix-r2__uo7QDVh,39,21070,43,200,XiaomiMiMo/MiMo-V2.6-Distill-Qwen-9B
har116-a-001161-loopfix-r2,har116-a-001161-loopfix-r2__uo7QDVh,40,21481,36,200,XiaomiMiMo/MiMo-V2.6-Distill-Qwen-9B
har116-a-001161-loopfix-r2,har116-a-001161-loopfix-r2__uo7QDVh,41,22054,34,200,XiaomiMiMo/MiMo-V2.6-Distill-Qwen-9B
har116-a-001161-loopfix-r2,har116-a-001161-loopfix-r2__uo7QDVh,42,22753,69,200,XiaomiMiMo/MiMo-V2.6-Distill-Qwen-9B
har116-a-001161-loopfix-r2,har116-a-001161-loopfix-r2__uo7QDVh,43,23280,34,200,XiaomiMiMo/MiMo-V2.6-Distill-Qwen-9B
har116-a-001161-loopfix-r2,har116-a-001161-loopfix-r2__uo7QDVh,44,23624,44,200,XiaomiMiMo/MiMo-V2.6-Distill-Qwen-9B
har116-a-001161-loopfix-r2,har116-a-001161-loopfix-r2__uo7QDVh,45,24329,65,200,XiaomiMiMo/MiMo-V2.6-Distill-Qwen-9B
har116-a-001161-loopfix-r2,har116-a-001161-loopfix-r2__uo7QDVh,46,24817,44,200,XiaomiMiMo/MiMo-V2.6-Distill-Qwen-9B
har116-a-001161-loopfix-r2,har116-a-001161-loopfix-r2__uo7QDVh,47,25206,35,200,XiaomiMiMo/MiMo-V2.6-Distill-Qwen-9B
har116-a-001161-loopfix-r2,har116-a-001161-loopfix-r2__uo7QDVh,48,25892,46,200,XiaomiMiMo/MiMo-V2.6-Distill-Qwen-9B
har116-a-001161-loopfix-r2,har116-a-001161-loopfix-r2__uo7QDVh,49,26287,45,200,XiaomiMiMo/MiMo-V2.6-Distill-Qwen-9B
har116-a-001161-loopfix-r2,har116-a-001161-loopfix-r2__uo7QDVh,50,26656,35,200,XiaomiMiMo/MiMo-V2.6-Distill-Qwen-9B
har116-a-001161-loopfix-r2,har116-a-001161-loopfix-r2__uo7QDVh,51,27065,35,200,XiaomiMiMo/MiMo-V2.6-Distill-Qwen-9B
har116-a-001161-loopfix-r2,har116-a-001161-loopfix-r2__uo7QDVh,52,27723,31,200,XiaomiMiMo/MiMo-V2.6-Distill-Qwen-9B
har116-a-001161-loopfix-r2,har116-a-001161-loopfix-r2__uo7QDVh,53,28162,38,200,XiaomiMiMo/MiMo-V2.6-Distill-Qwen-9B
har116-a-001161-loopfix-r2,har116-a-001161-loopfix-r2__uo7QDVh,54,28866,44,200,XiaomiMiMo/MiMo-V2.6-Distill-Qwen-9B
har116-a-001161-loopfix-r2,har116-a-001161-loopfix-r2__uo7QDVh,55,29294,45,200,XiaomiMiMo/MiMo-V2.6-Distill-Qwen-9B
har116-a-001161-loopfix-r2,har116-a-001161-loopfix-r2__uo7QDVh,56,29747,45,200,XiaomiMiMo/MiMo-V2.6-Distill-Qwen-9B
har116-a-001161-loopfix-r2,har116-a-001161-loopfix-r2__uo7QDVh,57,30387,43,200,XiaomiMiMo/MiMo-V2.6-Distill-Qwen-9B
har116-a-001161-loopfix-r2,har116-a-001161-loopfix-r2__uo7QDVh,58,30811,43,200,XiaomiMiMo/MiMo-V2.6-Distill-Qwen-9B
har116-a-001161-loopfix-r2,har116-a-001161-loopfix-r2__uo7QDVh,59,31293,44,200,XiaomiMiMo/MiMo-V2.6-Distill-Qwen-9B
har116-a-001161-loopfix-r2,har116-a-001161-loopfix-r2__uo7QDVh,60,31867,82,200,XiaomiMiMo/MiMo-V2.6-Distill-Qwen-9B
har116-a-001161-loopfix-r2,har116-a-001161-loopfix-r2__uo7QDVh,61,32409,60,200,XiaomiMiMo/MiMo-V2.6-Distill-Qwen-9B
har116-a-001161-loopfix-r2,har116-a-001161-loopfix-r2__uo7QDVh,62,32879,36,200,XiaomiMiMo/MiMo-V2.6-Distill-Qwen-9B
har116-a-001161-loopfix-r2,har116-a-001161-loopfix-r2__uo7QDVh,63,33426,46,200,XiaomiMiMo/MiMo-V2.6-Distill-Qwen-9B
har116-a-001161-loopfix-r2,har116-a-001161-loopfix-r2__uo7QDVh,64,34134,47,200,XiaomiMiMo/MiMo-V2.6-Distill-Qwen-9B
har116-a-001161-loopfix-r2,har116-a-001161-loopfix-r2__uo7QDVh,65,34557,46,200,XiaomiMiMo/MiMo-V2.6-Distill-Qwen-9B
har116-a-001161-loopfix-r2,har116-a-001161-loopfix-r2__uo7QDVh,66,34911,46,200,XiaomiMiMo/MiMo-V2.6-Distill-Qwen-9B
har116-a-001161-loopfix-r2,har116-a-001161-loopfix-r2__uo7QDVh,67,35328,107,200,XiaomiMiMo/MiMo-V2.6-Distill-Qwen-9B
har116-a-001161-loopfix-r2,har116-a-001161-loopfix-r2__uo7QDVh,68,35936,44,200,XiaomiMiMo/MiMo-V2.6-Distill-Qwen-9B
har116-a-001161-loopfix-r2,har116-a-001161-loopfix-r2__uo7QDVh,69,36408,44,200,XiaomiMiMo/MiMo-V2.6-Distill-Qwen-9B
har116-a-001161-loopfix-r2,har116-a-001161-loopfix-r2__uo7QDVh,70,36792,43,200,XiaomiMiMo/MiMo-V2.6-Distill-Qwen-9B
har116-a-001161-loopfix-r2,har116-a-001161-loopfix-r2__uo7QDVh,71,37313,42,200,XiaomiMiMo/MiMo-V2.6-Distill-Qwen-9B
har116-a-001161-loopfix-r2,har116-a-001161-loopfix-r2__uo7QDVh,72,37676,44,200,XiaomiMiMo/MiMo-V2.6-Distill-Qwen-9B
har116-a-001161-loopfix-r2,har116-a-001161-loopfix-r2__uo7QDVh,73,38083,44,200,XiaomiMiMo/MiMo-V2.6-Distill-Qwen-9B
har116-a-001161-loopfix-r2,har116-a-001161-loopfix-r2__uo7QDVh,74,38412,44,200,XiaomiMiMo/MiMo-V2.6-Distill-Qwen-9B
har116-a-001161-loopfix-r2,har116-a-001161-loopfix-r2__uo7QDVh,75,38917,67,200,XiaomiMiMo/MiMo-V2.6-Distill-Qwen-9B
har116-a-001161-loopfix-r2,har116-a-001161-loopfix-r2__uo7QDVh,76,39291,45,200,XiaomiMiMo/MiMo-V2.6-Distill-Qwen-9B
har116-a-001161-loopfix-r2,har116-a-001161-loopfix-r2__uo7QDVh,77,39843,44,200,XiaomiMiMo/MiMo-V2.6-Distill-Qwen-9B
har116-a-001161-loopfix-r2,har116-a-001161-loopfix-r2__uo7QDVh,78,40460,45,200,XiaomiMiMo/MiMo-V2.6-Distill-Qwen-9B
har116-a-001161-loopfix-r2,har116-a-001161-loopfix-r2__uo7QDVh,79,40847,45,200,XiaomiMiMo/MiMo-V2.6-Distill-Qwen-9B
har116-a-001161-loopfix-r2,har116-a-001161-loopfix-r2__uo7QDVh,80,41136,77,200,XiaomiMiMo/MiMo-V2.6-Distill-Qwen-9B
har116-a-001161-loopfix-r2,har116-a-001161-loopfix-r2__uo7QDVh,81,41333,72,200,XiaomiMiMo/MiMo-V2.6-Distill-Qwen-9B
har116-a-001161-loopfix-r2,har116-a-001161-loopfix-r2__uo7QDVh,82,41647,52,200,XiaomiMiMo/MiMo-V2.6-Distill-Qwen-9B
har116-a-001161-loopfix-r2,har116-a-001161-loopfix-r2__uo7QDVh,83,41940,54,200,XiaomiMiMo/MiMo-V2.6-Distill-Qwen-9B
har116-a-001161-loopfix-r2,har116-a-001161-loopfix-r2__uo7QDVh,84,42159,56,200,XiaomiMiMo/MiMo-V2.6-Distill-Qwen-9B
har116-a-001161-loopfix-r2,har116-a-001161-loopfix-r2__uo7QDVh,85,42468,60,200,XiaomiMiMo/MiMo-V2.6-Distill-Qwen-9B
har116-a-001161-loopfix-r2,har116-a-001161-loopfix-r2__uo7QDVh,86,42706,40,200,XiaomiMiMo/MiMo-V2.6-Distill-Qwen-9B
har116-a-001161-loopfix-r2,har116-a-001161-loopfix-r2__uo7QDVh,87,43122,62,200,XiaomiMiMo/MiMo-V2.6-Distill-Qwen-9B
har116-a-001161-loopfix-r2,har116-a-001161-loopfix-r2__uo7QDVh,88,43363,83,200,XiaomiMiMo/MiMo-V2.6-Distill-Qwen-9B
har116-a-001161-loopfix-r2,har116-a-001161-loopfix-r2__uo7QDVh,89,43650,86,200,XiaomiMiMo/MiMo-V2.6-Distill-Qwen-9B
har116-a-001161-loopfix-r2,har116-a-001161-loopfix-r2__uo7QDVh,90,44243,45,200,XiaomiMiMo/MiMo-V2.6-Distill-Qwen-9B
har116-a-001161-loopfix-r2,har116-a-001161-loopfix-r2__uo7QDVh,91,44750,53,200,XiaomiMiMo/MiMo-V2.6-Distill-Qwen-9B
har116-a-001161-loopfix-r2,har116-a-001161-loopfix-r2__uo7QDVh,92,45162,53,200,XiaomiMiMo/MiMo-V2.6-Distill-Qwen-9B
har116-a-001161-loopfix-r2,har116-a-001161-loopfix-r2__uo7QDVh,93,45689,64,200,XiaomiMiMo/MiMo-V2.6-Distill-Qwen-9B
har116-a-001161-loopfix-r2,har116-a-001161-loopfix-r2__uo7QDVh,94,45935,67,200,XiaomiMiMo/MiMo-V2.6-Distill-Qwen-9B
har116-a-001161-loopfix-r2,har116-a-001161-loopfix-r2__uo7QDVh,95,46494,53,200,XiaomiMiMo/MiMo-V2.6-Distill-Qwen-9B
har116-a-001181-baseline,har116-a-001181-baseline__cK5qZMf,1,997,83,200,XiaomiMiMo/MiMo-V2.6-Distill-Qwen-9B
har116-a-001181-baseline,har116-a-001181-baseline__cK5qZMf,2,2392,80,200,XiaomiMiMo/MiMo-V2.6-Distill-Qwen-9B
har116-a-001181-baseline,har116-a-001181-baseline__cK5qZMf,3,3027,29,200,XiaomiMiMo/MiMo-V2.6-Distill-Qwen-9B
har116-a-001181-baseline,har116-a-001181-baseline__cK5qZMf,4,5552,86,200,XiaomiMiMo/MiMo-V2.6-Distill-Qwen-9B
har116-a-001181-baseline,har116-a-001181-baseline__cK5qZMf,5,6224,42,200,XiaomiMiMo/MiMo-V2.6-Distill-Qwen-9B
har116-a-001181-baseline,har116-a-001181-baseline__cK5qZMf,6,7457,43,200,XiaomiMiMo/MiMo-V2.6-Distill-Qwen-9B
har116-a-001181-baseline,har116-a-001181-baseline__cK5qZMf,7,7899,43,200,XiaomiMiMo/MiMo-V2.6-Distill-Qwen-9B
har116-a-001181-baseline,har116-a-001181-baseline__cK5qZMf,8,8305,44,200,XiaomiMiMo/MiMo-V2.6-Distill-Qwen-9B
har116-a-001181-baseline,har116-a-001181-baseline__cK5qZMf,9,8728,44,200,XiaomiMiMo/MiMo-V2.6-Distill-Qwen-9B
har116-a-001181-baseline,har116-a-001181-baseline__cK5qZMf,10,9929,44,200,XiaomiMiMo/MiMo-V2.6-Distill-Qwen-9B
har116-a-001181-baseline,har116-a-001181-baseline__cK5qZMf,11,10630,44,200,XiaomiMiMo/MiMo-V2.6-Distill-Qwen-9B
har116-a-001181-baseline,har116-a-001181-baseline__cK5qZMf,12,11036,44,200,XiaomiMiMo/MiMo-V2.6-Distill-Qwen-9B
har116-a-001181-baseline,har116-a-001181-baseline__cK5qZMf,13,11417,44,200,XiaomiMiMo/MiMo-V2.6-Distill-Qwen-9B
har116-a-001181-baseline,har116-a-001181-baseline__cK5qZMf,14,12356,65,200,XiaomiMiMo/MiMo-V2.6-Distill-Qwen-9B
har116-a-001181-baseline,har116-a-001181-baseline__cK5qZMf,15,13412,4096,200,XiaomiMiMo/MiMo-V2.6-Distill-Qwen-9B
har116-a-001181-baseline,har116-a-001181-baseline__cK5qZMf,16,13496,36,200,XiaomiMiMo/MiMo-V2.6-Distill-Qwen-9B
har116-a-001181-baseline,har116-a-001181-baseline__cK5qZMf,17,13765,3401,200,XiaomiMiMo/MiMo-V2.6-Distill-Qwen-9B
har116-a-001181-baseline,har116-a-001181-baseline__cK5qZMf,18,14436,50,200,XiaomiMiMo/MiMo-V2.6-Distill-Qwen-9B
har116-a-001181-baseline,har116-a-001181-baseline__cK5qZMf,19,14829,61,200,XiaomiMiMo/MiMo-V2.6-Distill-Qwen-9B
har116-a-001181-baseline,har116-a-001181-baseline__cK5qZMf,20,15933,51,200,XiaomiMiMo/MiMo-V2.6-Distill-Qwen-9B
har116-a-001181-baseline,har116-a-001181-baseline__cK5qZMf,21,16203,116,200,XiaomiMiMo/MiMo-V2.6-Distill-Qwen-9B
har116-a-001181-baseline,har116-a-001181-baseline__cK5qZMf,22,16573,44,200,XiaomiMiMo/MiMo-V2.6-Distill-Qwen-9B
har116-a-001181-baseline,har116-a-001181-baseline__cK5qZMf,23,17254,138,200,XiaomiMiMo/MiMo-V2.6-Distill-Qwen-9B
har116-a-001181-baseline,har116-a-001181-baseline__cK5qZMf,24,18117,68,200,XiaomiMiMo/MiMo-V2.6-Distill-Qwen-9B
har116-a-001181-baseline,har116-a-001181-baseline__cK5qZMf,25,18497,44,200,XiaomiMiMo/MiMo-V2.6-Distill-Qwen-9B
har116-a-001181-baseline,har116-a-001181-baseline__cK5qZMf,26,19055,44,200,XiaomiMiMo/MiMo-V2.6-Distill-Qwen-9B
har116-a-001181-baseline,har116-a-001181-baseline__cK5qZMf,27,19348,44,200,XiaomiMiMo/MiMo-V2.6-Distill-Qwen-9B
har116-a-001181-baseline,har116-a-001181-baseline__cK5qZMf,28,20018,42,200,XiaomiMiMo/MiMo-V2.6-Distill-Qwen-9B
har116-a-001181-baseline,har116-a-001181-baseline__cK5qZMf,29,20457,42,200,XiaomiMiMo/MiMo-V2.6-Distill-Qwen-9B
har116-a-001181-baseline,har116-a-001181-baseline__cK5qZMf,30,20849,44,200,XiaomiMiMo/MiMo-V2.6-Distill-Qwen-9B
har116-a-001181-baseline,har116-a-001181-baseline__cK5qZMf,31,21321,42,200,XiaomiMiMo/MiMo-V2.6-Distill-Qwen-9B
har116-a-001181-baseline,har116-a-001181-baseline__cK5qZMf,32,21722,44,200,XiaomiMiMo/MiMo-V2.6-Distill-Qwen-9B
har116-a-001181-baseline,har116-a-001181-baseline__cK5qZMf,33,22098,44,200,XiaomiMiMo/MiMo-V2.6-Distill-Qwen-9B
har116-a-001181-baseline,har116-a-001181-baseline__cK5qZMf,34,22573,42,200,XiaomiMiMo/MiMo-V2.6-Distill-Qwen-9B
har116-a-001181-baseline,har116-a-001181-baseline__cK5qZMf,35,23507,42,200,XiaomiMiMo/MiMo-V2.6-Distill-Qwen-9B
har116-a-001181-baseline,har116-a-001181-baseline__cK5qZMf,36,24241,44,200,XiaomiMiMo/MiMo-V2.6-Distill-Qwen-9B
har116-a-001181-baseline,har116-a-001181-baseline__cK5qZMf,37,24579,42,200,XiaomiMiMo/MiMo-V2.6-Distill-Qwen-9B
har116-a-001181-baseline,har116-a-001181-baseline__cK5qZMf,38,24939,42,200,XiaomiMiMo/MiMo-V2.6-Distill-Qwen-9B
har116-a-001181-baseline,har116-a-001181-baseline__cK5qZMf,39,25827,42,200,XiaomiMiMo/MiMo-V2.6-Distill-Qwen-9B
har116-a-001181-baseline,har116-a-001181-baseline__cK5qZMf,40,26215,42,200,XiaomiMiMo/MiMo-V2.6-Distill-Qwen-9B
har116-a-001181-baseline,har116-a-001181-baseline__cK5qZMf,41,27029,42,200,XiaomiMiMo/MiMo-V2.6-Distill-Qwen-9B
har116-a-001181-baseline,har116-a-001181-baseline__cK5qZMf,42,27948,42,200,XiaomiMiMo/MiMo-V2.6-Distill-Qwen-9B
har116-a-001181-baseline,har116-a-001181-baseline__cK5qZMf,43,28391,42,200,XiaomiMiMo/MiMo-V2.6-Distill-Qwen-9B
har116-a-001181-baseline,har116-a-001181-baseline__cK5qZMf,44,29201,42,200,XiaomiMiMo/MiMo-V2.6-Distill-Qwen-9B
har116-a-001181-baseline,har116-a-001181-baseline__cK5qZMf,45,29643,42,200,XiaomiMiMo/MiMo-V2.6-Distill-Qwen-9B
har116-a-001181-baseline,har116-a-001181-baseline__cK5qZMf,46,30378,42,200,XiaomiMiMo/MiMo-V2.6-Distill-Qwen-9B
har116-a-001181-baseline,har116-a-001181-baseline__cK5qZMf,47,30839,42,200,XiaomiMiMo/MiMo-V2.6-Distill-Qwen-9B
har116-a-001181-baseline,har116-a-001181-baseline__cK5qZMf,48,31258,42,200,XiaomiMiMo/MiMo-V2.6-Distill-Qwen-9B
har116-a-001181-baseline,har116-a-001181-baseline__cK5qZMf,49,31724,42,200,XiaomiMiMo/MiMo-V2.6-Distill-Qwen-9B
har116-a-001181-baseline,har116-a-001181-baseline__cK5qZMf,50,32372,42,200,XiaomiMiMo/MiMo-V2.6-Distill-Qwen-9B
har116-a-001181-baseline,har116-a-001181-baseline__cK5qZMf,51,32848,42,200,XiaomiMiMo/MiMo-V2.6-Distill-Qwen-9B
har116-a-001181-baseline,har116-a-001181-baseline__cK5qZMf,52,33327,42,200,XiaomiMiMo/MiMo-V2.6-Distill-Qwen-9B
har116-a-001181-baseline,har116-a-001181-baseline__cK5qZMf,53,33743,42,200,XiaomiMiMo/MiMo-V2.6-Distill-Qwen-9B
har116-a-001181-baseline,har116-a-001181-baseline__cK5qZMf,54,34226,42,200,XiaomiMiMo/MiMo-V2.6-Distill-Qwen-9B
har116-a-001181-baseline,har116-a-001181-baseline__cK5qZMf,55,34543,42,200,XiaomiMiMo/MiMo-V2.6-Distill-Qwen-9B
har116-a-001181-baseline,har116-a-001181-baseline__cK5qZMf,56,34843,42,200,XiaomiMiMo/MiMo-V2.6-Distill-Qwen-9B
har116-a-001181-baseline,har116-a-001181-baseline__cK5qZMf,57,35143,42,200,XiaomiMiMo/MiMo-V2.6-Distill-Qwen-9B
har116-a-001181-baseline,har116-a-001181-baseline__cK5qZMf,58,35416,42,200,XiaomiMiMo/MiMo-V2.6-Distill-Qwen-9B
har116-a-001181-baseline,har116-a-001181-baseline__cK5qZMf,59,35652,42,200,XiaomiMiMo/MiMo-V2.6-Distill-Qwen-9B
har116-a-001181-baseline,har116-a-001181-baseline__cK5qZMf,60,35933,42,200,XiaomiMiMo/MiMo-V2.6-Distill-Qwen-9B
har116-a-001181-baseline,har116-a-001181-baseline__cK5qZMf,61,36192,42,200,XiaomiMiMo/MiMo-V2.6-Distill-Qwen-9B
har116-a-001181-baseline,har116-a-001181-baseline__cK5qZMf,62,36466,42,200,XiaomiMiMo/MiMo-V2.6-Distill-Qwen-9B
har116-a-001181-baseline,har116-a-001181-baseline__cK5qZMf,63,36781,42,200,XiaomiMiMo/MiMo-V2.6-Distill-Qwen-9B
har116-a-001181-baseline,har116-a-001181-baseline__cK5qZMf,64,37038,42,200,XiaomiMiMo/MiMo-V2.6-Distill-Qwen-9B
har116-a-001181-baseline,har116-a-001181-baseline__cK5qZMf,65,37307,42,200,XiaomiMiMo/MiMo-V2.6-Distill-Qwen-9B
har116-a-001181-baseline,har116-a-001181-baseline__cK5qZMf,66,37572,42,200,XiaomiMiMo/MiMo-V2.6-Distill-Qwen-9B
har116-a-001181-baseline,har116-a-001181-baseline__cK5qZMf,67,37826,42,200,XiaomiMiMo/MiMo-V2.6-Distill-Qwen-9B
har116-a-001181-baseline,har116-a-001181-baseline__cK5qZMf,68,38047,42,200,XiaomiMiMo/MiMo-V2.6-Distill-Qwen-9B
har116-a-001181-baseline,har116-a-001181-baseline__cK5qZMf,69,38327,42,200,XiaomiMiMo/MiMo-V2.6-Distill-Qwen-9B
har116-a-001181-baseline,har116-a-001181-baseline__cK5qZMf,70,38612,42,200,XiaomiMiMo/MiMo-V2.6-Distill-Qwen-9B
har116-a-001181-baseline,har116-a-001181-baseline__cK5qZMf,71,39210,42,200,XiaomiMiMo/MiMo-V2.6-Distill-Qwen-9B
har116-a-001181-baseline,har116-a-001181-baseline__cK5qZMf,72,39493,42,200,XiaomiMiMo/MiMo-V2.6-Distill-Qwen-9B
har116-a-001181-baseline,har116-a-001181-baseline__cK5qZMf,73,39783,42,200,XiaomiMiMo/MiMo-V2.6-Distill-Qwen-9B
har116-a-001181-baseline,har116-a-001181-baseline__cK5qZMf,74,40041,42,200,XiaomiMiMo/MiMo-V2.6-Distill-Qwen-9B
har116-a-001181-baseline,har116-a-001181-baseline__cK5qZMf,75,40291,42,200,XiaomiMiMo/MiMo-V2.6-Distill-Qwen-9B
har116-a-001181-baseline,har116-a-001181-baseline__cK5qZMf,76,40522,42,200,XiaomiMiMo/MiMo-V2.6-Distill-Qwen-9B
har116-a-001181-baseline,har116-a-001181-baseline__cK5qZMf,77,40764,42,200,XiaomiMiMo/MiMo-V2.6-Distill-Qwen-9B
har116-a-001181-baseline,har116-a-001181-baseline__cK5qZMf,78,41010,42,200,XiaomiMiMo/MiMo-V2.6-Distill-Qwen-9B
har116-a-001181-baseline,har116-a-001181-baseline__cK5qZMf,79,41263,42,200,XiaomiMiMo/MiMo-V2.6-Distill-Qwen-9B
har116-a-001181-baseline,har116-a-001181-baseline__cK5qZMf,80,41542,42,200,XiaomiMiMo/MiMo-V2.6-Distill-Qwen-9B
har116-a-001181-baseline,har116-a-001181-baseline__cK5qZMf,81,41811,42,200,XiaomiMiMo/MiMo-V2.6-Distill-Qwen-9B
har116-a-001181-baseline,har116-a-001181-baseline__cK5qZMf,82,42047,42,200,XiaomiMiMo/MiMo-V2.6-Distill-Qwen-9B
har116-a-001181-baseline,har116-a-001181-baseline__cK5qZMf,83,42286,42,200,XiaomiMiMo/MiMo-V2.6-Distill-Qwen-9B
har116-a-001181-baseline,har116-a-001181-baseline__cK5qZMf,84,42525,42,200,XiaomiMiMo/MiMo-V2.6-Distill-Qwen-9B
har116-a-001181-baseline,har116-a-001181-baseline__cK5qZMf,85,42754,42,200,XiaomiMiMo/MiMo-V2.6-Distill-Qwen-9B
har116-a-001181-baseline,har116-a-001181-baseline__cK5qZMf,86,42981,42,200,XiaomiMiMo/MiMo-V2.6-Distill-Qwen-9B
har116-a-001181-baseline,har116-a-001181-baseline__cK5qZMf,87,43276,42,200,XiaomiMiMo/MiMo-V2.6-Distill-Qwen-9B
har116-a-001181-baseline,har116-a-001181-baseline__cK5qZMf,88,43688,42,200,XiaomiMiMo/MiMo-V2.6-Distill-Qwen-9B
har116-a-001181-baseline,har116-a-001181-baseline__cK5qZMf,89,44582,42,200,XiaomiMiMo/MiMo-V2.6-Distill-Qwen-9B
har116-a-001181-loopfix,har116-a-001181-loopfix__Cd9chGm,1,998,126,200,XiaomiMiMo/MiMo-V2.6-Distill-Qwen-9B
har116-a-001181-loopfix-r2,har116-a-001181-loopfix-r2__ZhWHNno,1,999,107,200,XiaomiMiMo/MiMo-V2.6-Distill-Qwen-9B
har116-a-001181-loopfix-r2,har116-a-001181-loopfix-r2__ZhWHNno,2,1617,70,200,XiaomiMiMo/MiMo-V2.6-Distill-Qwen-9B
har116-a-001181-loopfix-r2,har116-a-001181-loopfix-r2__ZhWHNno,3,2269,50,200,XiaomiMiMo/MiMo-V2.6-Distill-Qwen-9B
har116-a-001181-loopfix-r2,har116-a-001181-loopfix-r2__ZhWHNno,4,2875,50,200,XiaomiMiMo/MiMo-V2.6-Distill-Qwen-9B
har116-a-001181-loopfix-r2,har116-a-001181-loopfix-r2__ZhWHNno,5,3510,155,200,XiaomiMiMo/MiMo-V2.6-Distill-Qwen-9B
har116-a-001181-loopfix-r2,har116-a-001181-loopfix-r2__ZhWHNno,6,4350,50,200,XiaomiMiMo/MiMo-V2.6-Distill-Qwen-9B
har116-a-001181-loopfix-r2,har116-a-001181-loopfix-r2__ZhWHNno,7,4970,63,200,XiaomiMiMo/MiMo-V2.6-Distill-Qwen-9B
har116-a-001181-loopfix-r2,har116-a-001181-loopfix-r2__ZhWHNno,8,5526,123,200,XiaomiMiMo/MiMo-V2.6-Distill-Qwen-9B
har116-a-001181-loopfix-r2,har116-a-001181-loopfix-r2__ZhWHNno,9,6043,51,200,XiaomiMiMo/MiMo-V2.6-Distill-Qwen-9B
har116-a-001181-loopfix-r2,har116-a-001181-loopfix-r2__ZhWHNno,10,6688,51,200,XiaomiMiMo/MiMo-V2.6-Distill-Qwen-9B
har116-a-001181-loopfix-r2,har116-a-001181-loopfix-r2__ZhWHNno,11,7311,51,200,XiaomiMiMo/MiMo-V2.6-Distill-Qwen-9B
har116-a-001181-loopfix-r2,har116-a-001181-loopfix-r2__ZhWHNno,12,7894,51,200,XiaomiMiMo/MiMo-V2.6-Distill-Qwen-9B
har116-a-001181-loopfix-r2,har116-a-001181-loopfix-r2__ZhWHNno,13,8344,91,200,XiaomiMiMo/MiMo-V2.6-Distill-Qwen-9B
har116-a-001181-loopfix-r2,har116-a-001181-loopfix-r2__ZhWHNno,14,9097,74,200,XiaomiMiMo/MiMo-V2.6-Distill-Qwen-9B
har116-a-001181-loopfix-r2,har116-a-001181-loopfix-r2__ZhWHNno,15,10121,51,200,XiaomiMiMo/MiMo-V2.6-Distill-Qwen-9B
har116-a-001181-loopfix-r2,har116-a-001181-loopfix-r2__ZhWHNno,16,10740,51,200,XiaomiMiMo/MiMo-V2.6-Distill-Qwen-9B
har116-a-001181-loopfix-r2,har116-a-001181-loopfix-r2__ZhWHNno,17,11134,51,200,XiaomiMiMo/MiMo-V2.6-Distill-Qwen-9B
har116-a-001181-loopfix-r2,har116-a-001181-loopfix-r2__ZhWHNno,18,11404,51,200,XiaomiMiMo/MiMo-V2.6-Distill-Qwen-9B
har116-a-001181-loopfix-r2,har116-a-001181-loopfix-r2__ZhWHNno,19,11804,134,200,XiaomiMiMo/MiMo-V2.6-Distill-Qwen-9B
har116-a-001181-loopfix-r2,har116-a-001181-loopfix-r2__ZhWHNno,20,12179,57,200,XiaomiMiMo/MiMo-V2.6-Distill-Qwen-9B
har116-a-001181-loopfix-r2,har116-a-001181-loopfix-r2__ZhWHNno,21,12496,853,200,XiaomiMiMo/MiMo-V2.6-Distill-Qwen-9B
har116-a-001181-loopfix-r2,har116-a-001181-loopfix-r2__ZhWHNno,22,14044,702,200,XiaomiMiMo/MiMo-V2.6-Distill-Qwen-9B
har116-a-001181-loopfix-r2,har116-a-001181-loopfix-r2__ZhWHNno,23,15206,199,200,XiaomiMiMo/MiMo-V2.6-Distill-Qwen-9B
har116-a-001181-loopfix-r2,har116-a-001181-loopfix-r2__ZhWHNno,24,15631,51,200,XiaomiMiMo/MiMo-V2.6-Distill-Qwen-9B
har116-a-001181-loopfix-r2,har116-a-001181-loopfix-r2__ZhWHNno,25,15955,497,200,XiaomiMiMo/MiMo-V2.6-Distill-Qwen-9B
har116-a-001181-loopfix-r2,har116-a-001181-loopfix-r2__ZhWHNno,26,17065,70,200,XiaomiMiMo/MiMo-V2.6-Distill-Qwen-9B
har116-a-001181-loopfix-r2,har116-a-001181-loopfix-r2__ZhWHNno,27,17596,237,200,XiaomiMiMo/MiMo-V2.6-Distill-Qwen-9B
har116-a-001181-loopfix-r2,har116-a-001181-loopfix-r2__ZhWHNno,28,17885,464,200,XiaomiMiMo/MiMo-V2.6-Distill-Qwen-9B
har116-a-001181-loopfix-r2,har116-a-001181-loopfix-r2__ZhWHNno,29,18966,142,200,XiaomiMiMo/MiMo-V2.6-Distill-Qwen-9B
har116-a-001181-loopfix-r2,har116-a-001181-loopfix-r2__ZhWHNno,30,19733,47,200,XiaomiMiMo/MiMo-V2.6-Distill-Qwen-9B
har116-a-001181-loopfix-r2,har116-a-001181-loopfix-r2__ZhWHNno,31,20430,55,200,XiaomiMiMo/MiMo-V2.6-Distill-Qwen-9B
har116-a-001181-loopfix-r2,har116-a-001181-loopfix-r2__ZhWHNno,32,20798,51,200,XiaomiMiMo/MiMo-V2.6-Distill-Qwen-9B
har116-a-001181-loopfix-r2,har116-a-001181-loopfix-r2__ZhWHNno,33,21178,225,200,XiaomiMiMo/MiMo-V2.6-Distill-Qwen-9B
har116-a-001181-loopfix-r2,har116-a-001181-loopfix-r2__ZhWHNno,34,22338,68,200,XiaomiMiMo/MiMo-V2.6-Distill-Qwen-9B
har116-a-001181-loopfix-r2,har116-a-001181-loopfix-r2__ZhWHNno,35,23737,62,200,XiaomiMiMo/MiMo-V2.6-Distill-Qwen-9B
har116-a-001181-loopfix-r2,har116-a-001181-loopfix-r2__ZhWHNno,36,24128,50,200,XiaomiMiMo/MiMo-V2.6-Distill-Qwen-9B
har116-a-001181-loopfix-r2,har116-a-001181-loopfix-r2__ZhWHNno,37,24500,96,200,XiaomiMiMo/MiMo-V2.6-Distill-Qwen-9B
har116-a-001181-loopfix-r2,har116-a-001181-loopfix-r2__ZhWHNno,38,25359,91,200,XiaomiMiMo/MiMo-V2.6-Distill-Qwen-9B
har116-a-001181-loopfix-r2,har116-a-001181-loopfix-r2__ZhWHNno,39,26302,102,200,XiaomiMiMo/MiMo-V2.6-Distill-Qwen-9B
har116-a-001181-loopfix-r2,har116-a-001181-loopfix-r2__ZhWHNno,40,26576,95,200,XiaomiMiMo/MiMo-V2.6-Distill-Qwen-9B
har116-a-001181-loopfix-r2,har116-a-001181-loopfix-r2__ZhWHNno,41,27767,99,200,XiaomiMiMo/MiMo-V2.6-Distill-Qwen-9B
har116-a-001181-loopfix-r2,har116-a-001181-loopfix-r2__ZhWHNno,42,28580,78,200,XiaomiMiMo/MiMo-V2.6-Distill-Qwen-9B
har116-a-001181-loopfix-r2,har116-a-001181-loopfix-r2__ZhWHNno,43,29486,77,200,XiaomiMiMo/MiMo-V2.6-Distill-Qwen-9B
har116-a-001181-loopfix-r2,har116-a-001181-loopfix-r2__ZhWHNno,44,29797,71,200,XiaomiMiMo/MiMo-V2.6-Distill-Qwen-9B
har116-a-001181-loopfix-r2,har116-a-001181-loopfix-r2__ZhWHNno,45,30100,46,200,XiaomiMiMo/MiMo-V2.6-Distill-Qwen-9B
har116-a-001181-loopfix-r2,har116-a-001181-loopfix-r2__ZhWHNno,46,30398,76,200,XiaomiMiMo/MiMo-V2.6-Distill-Qwen-9B
har116-a-001181-loopfix-r2,har116-a-001181-loopfix-r2__ZhWHNno,47,31187,121,200,XiaomiMiMo/MiMo-V2.6-Distill-Qwen-9B
har116-a-001181-loopfix-r2,har116-a-001181-loopfix-r2__ZhWHNno,48,32097,125,200,XiaomiMiMo/MiMo-V2.6-Distill-Qwen-9B
har116-a-001181-loopfix-r2,har116-a-001181-loopfix-r2__ZhWHNno,49,32854,171,200,XiaomiMiMo/MiMo-V2.6-Distill-Qwen-9B
har116-a-001181-loopfix-r2,har116-a-001181-loopfix-r2__ZhWHNno,50,33455,154,200,XiaomiMiMo/MiMo-V2.6-Distill-Qwen-9B
har116-a-001181-loopfix-r2,har116-a-001181-loopfix-r2__ZhWHNno,51,34078,157,200,XiaomiMiMo/MiMo-V2.6-Distill-Qwen-9B
har116-a-001181-loopfix-r2,har116-a-001181-loopfix-r2__ZhWHNno,52,34599,192,200,XiaomiMiMo/MiMo-V2.6-Distill-Qwen-9B
har116-a-001181-loopfix-r2,har116-a-001181-loopfix-r2__ZhWHNno,53,35277,192,200,XiaomiMiMo/MiMo-V2.6-Distill-Qwen-9B
har116-a-001181-loopfix-r2,har116-a-001181-loopfix-r2__ZhWHNno,54,35955,192,200,XiaomiMiMo/MiMo-V2.6-Distill-Qwen-9B
har116-a-001181-loopfix-r2,har116-a-001181-loopfix-r2__ZhWHNno,55,36633,192,200,XiaomiMiMo/MiMo-V2.6-Distill-Qwen-9B
har116-a-001181-loopfix-r2,har116-a-001181-loopfix-r2__ZhWHNno,56,37311,192,200,XiaomiMiMo/MiMo-V2.6-Distill-Qwen-9B
har116-a-001181-loopfix-r2,har116-a-001181-loopfix-r2__ZhWHNno,57,38252,197,200,XiaomiMiMo/MiMo-V2.6-Distill-Qwen-9B
har116-a-001181-loopfix-r2,har116-a-001181-loopfix-r2__ZhWHNno,58,38860,176,200,XiaomiMiMo/MiMo-V2.6-Distill-Qwen-9B
har116-a-001181-loopfix-r2,har116-a-001181-loopfix-r2__ZhWHNno,59,39327,136,200,XiaomiMiMo/MiMo-V2.6-Distill-Qwen-9B
har116-a-001181-loopfix-r2,har116-a-001181-loopfix-r2__ZhWHNno,60,39765,136,200,XiaomiMiMo/MiMo-V2.6-Distill-Qwen-9B
har116-a-001181-loopfix-r2,har116-a-001181-loopfix-r2__ZhWHNno,61,40238,136,200,XiaomiMiMo/MiMo-V2.6-Distill-Qwen-9B
har116-a-001181-loopfix-r2,har116-a-001181-loopfix-r2__ZhWHNno,62,40656,136,200,XiaomiMiMo/MiMo-V2.6-Distill-Qwen-9B
har116-a-001181-loopfix-r2,har116-a-001181-loopfix-r2__ZhWHNno,63,41069,136,200,XiaomiMiMo/MiMo-V2.6-Distill-Qwen-9B
har116-a-001181-loopfix-r2,har116-a-001181-loopfix-r2__ZhWHNno,64,41499,135,200,XiaomiMiMo/MiMo-V2.6-Distill-Qwen-9B
har116-a-001181-loopfix-r2,har116-a-001181-loopfix-r2__ZhWHNno,65,41914,131,200,XiaomiMiMo/MiMo-V2.6-Distill-Qwen-9B
har116-a-001181-loopfix-r2,har116-a-001181-loopfix-r2__ZhWHNno,66,42290,133,200,XiaomiMiMo/MiMo-V2.6-Distill-Qwen-9B
har116-a-001181-loopfix-r2,har116-a-001181-loopfix-r2__ZhWHNno,67,42663,218,200,XiaomiMiMo/MiMo-V2.6-Distill-Qwen-9B
har116-a-001181-loopfix-r2,har116-a-001181-loopfix-r2__ZhWHNno,68,43724,180,200,XiaomiMiMo/MiMo-V2.6-Distill-Qwen-9B
har116-a-001181-loopfix-r2,har116-a-001181-loopfix-r2__ZhWHNno,69,44279,179,200,XiaomiMiMo/MiMo-V2.6-Distill-Qwen-9B
har116-a-001181-loopfix-r2,har116-a-001181-loopfix-r2__ZhWHNno,70,44768,179,200,XiaomiMiMo/MiMo-V2.6-Distill-Qwen-9B
har116-a-001181-loopfix-r2,har116-a-001181-loopfix-r2__ZhWHNno,71,45265,179,200,XiaomiMiMo/MiMo-V2.6-Distill-Qwen-9B
har116-a-001181-loopfix-r2,har116-a-001181-loopfix-r2__ZhWHNno,72,46054,171,200,XiaomiMiMo/MiMo-V2.6-Distill-Qwen-9B
har116-a-001181-loopfix-r2,har116-a-001181-loopfix-r2__ZhWHNno,73,46528,170,200,XiaomiMiMo/MiMo-V2.6-Distill-Qwen-9B
har116-a-001181-loopfix-r2,har116-a-001181-loopfix-r2__ZhWHNno,74,47001,170,200,XiaomiMiMo/MiMo-V2.6-Distill-Qwen-9B
har116-a-001181-loopfix-r2,har116-a-001181-loopfix-r2__ZhWHNno,75,47475,170,200,XiaomiMiMo/MiMo-V2.6-Distill-Qwen-9B
har116-a-001181-loopfix-r2,har116-a-001181-loopfix-r2__ZhWHNno,76,47949,170,200,XiaomiMiMo/MiMo-V2.6-Distill-Qwen-9B
har116-a-001181-loopfix-r2,har116-a-001181-loopfix-r2__ZhWHNno,77,48421,170,200,XiaomiMiMo/MiMo-V2.6-Distill-Qwen-9B
har116-a-001181-loopfix-r2,har116-a-001181-loopfix-r2__ZhWHNno,78,48895,170,200,XiaomiMiMo/MiMo-V2.6-Distill-Qwen-9B
har116-a-001181-loopfix-r2,har116-a-001181-loopfix-r2__ZhWHNno,79,49370,170,200,XiaomiMiMo/MiMo-V2.6-Distill-Qwen-9B
har116-a-001181-loopfix-r2,har116-a-001181-loopfix-r2__ZhWHNno,80,49844,170,200,XiaomiMiMo/MiMo-V2.6-Distill-Qwen-9B
har116-a-001181-loopfix-r2,har116-a-001181-loopfix-r2__ZhWHNno,81,50319,170,200,XiaomiMiMo/MiMo-V2.6-Distill-Qwen-9B
har116-a-001181-loopfix-r2,har116-a-001181-loopfix-r2__ZhWHNno,82,50794,170,200,XiaomiMiMo/MiMo-V2.6-Distill-Qwen-9B
har116-a-001181-loopfix-r2,har116-a-001181-loopfix-r2__ZhWHNno,83,51567,170,200,XiaomiMiMo/MiMo-V2.6-Distill-Qwen-9B
har116-a-001181-loopfix-r2,har116-a-001181-loopfix-r2__ZhWHNno,84,52044,170,200,XiaomiMiMo/MiMo-V2.6-Distill-Qwen-9B
har116-a-001181-loopfix-r2,har116-a-001181-loopfix-r2__ZhWHNno,85,52521,170,200,XiaomiMiMo/MiMo-V2.6-Distill-Qwen-9B
har116-a-001181-loopfix-r2,har116-a-001181-loopfix-r2__ZhWHNno,86,52996,170,200,XiaomiMiMo/MiMo-V2.6-Distill-Qwen-9B
har116-a-001832-baseline,har116-a-001832-baseline__9jhqCTW,1,1107,123,200,XiaomiMiMo/MiMo-V2.6-Distill-Qwen-9B
har116-a-001832-baseline,har116-a-001832-baseline__9jhqCTW,2,1687,198,200,XiaomiMiMo/MiMo-V2.6-Distill-Qwen-9B
har116-a-001832-baseline,har116-a-001832-baseline__9jhqCTW,3,3029,209,200,XiaomiMiMo/MiMo-V2.6-Distill-Qwen-9B
har116-a-001832-baseline,har116-a-001832-baseline__9jhqCTW,4,4638,187,200,XiaomiMiMo/MiMo-V2.6-Distill-Qwen-9B
har116-a-001832-baseline,har116-a-001832-baseline__9jhqCTW,5,5618,176,200,XiaomiMiMo/MiMo-V2.6-Distill-Qwen-9B
har116-a-001832-baseline,har116-a-001832-baseline__9jhqCTW,6,8498,229,200,XiaomiMiMo/MiMo-V2.6-Distill-Qwen-9B
har116-a-001832-baseline,har116-a-001832-baseline__9jhqCTW,7,9708,52,200,XiaomiMiMo/MiMo-V2.6-Distill-Qwen-9B
har116-a-001832-baseline,har116-a-001832-baseline__9jhqCTW,8,11719,2856,200,XiaomiMiMo/MiMo-V2.6-Distill-Qwen-9B
har116-a-001832-baseline,har116-a-001832-baseline__9jhqCTW,9,12023,142,200,XiaomiMiMo/MiMo-V2.6-Distill-Qwen-9B
har116-a-001832-baseline,har116-a-001832-baseline__9jhqCTW,10,13323,114,200,XiaomiMiMo/MiMo-V2.6-Distill-Qwen-9B
har116-a-001832-baseline,har116-a-001832-baseline__9jhqCTW,11,14641,3976,200,XiaomiMiMo/MiMo-V2.6-Distill-Qwen-9B
har116-a-001832-baseline,har116-a-001832-baseline__9jhqCTW,12,15632,119,200,XiaomiMiMo/MiMo-V2.6-Distill-Qwen-9B
har116-a-001832-baseline,har116-a-001832-baseline__9jhqCTW,13,16526,196,200,XiaomiMiMo/MiMo-V2.6-Distill-Qwen-9B
har116-a-001832-baseline,har116-a-001832-baseline__9jhqCTW,14,18036,940,200,XiaomiMiMo/MiMo-V2.6-Distill-Qwen-9B
har116-a-001832-baseline,har116-a-001832-baseline__9jhqCTW,15,20080,78,200,XiaomiMiMo/MiMo-V2.6-Distill-Qwen-9B
har116-a-001832-baseline,har116-a-001832-baseline__9jhqCTW,16,20371,830,200,XiaomiMiMo/MiMo-V2.6-Distill-Qwen-9B
har116-a-001832-baseline,har116-a-001832-baseline__9jhqCTW,17,22253,79,200,XiaomiMiMo/MiMo-V2.6-Distill-Qwen-9B
har116-a-001832-baseline,har116-a-001832-baseline__9jhqCTW,18,22555,733,200,XiaomiMiMo/MiMo-V2.6-Distill-Qwen-9B
har116-a-001832-baseline,har116-a-001832-baseline__9jhqCTW,19,24238,61,200,XiaomiMiMo/MiMo-V2.6-Distill-Qwen-9B
har116-a-001832-baseline,har116-a-001832-baseline__9jhqCTW,20,24758,763,200,XiaomiMiMo/MiMo-V2.6-Distill-Qwen-9B
har116-a-001832-baseline,har116-a-001832-baseline__9jhqCTW,21,26441,98,200,XiaomiMiMo/MiMo-V2.6-Distill-Qwen-9B
har116-a-001832-baseline,har116-a-001832-baseline__9jhqCTW,22,26746,729,200,XiaomiMiMo/MiMo-V2.6-Distill-Qwen-9B
har116-a-001832-baseline,har116-a-001832-baseline__9jhqCTW,23,27817,207,200,XiaomiMiMo/MiMo-V2.6-Distill-Qwen-9B
har116-a-001832-baseline,har116-a-001832-baseline__9jhqCTW,24,28736,71,200,XiaomiMiMo/MiMo-V2.6-Distill-Qwen-9B
har116-a-001832-baseline,har116-a-001832-baseline__9jhqCTW,25,29005,50,200,XiaomiMiMo/MiMo-V2.6-Distill-Qwen-9B
har116-a-001832-baseline,har116-a-001832-baseline__9jhqCTW,26,29283,51,200,XiaomiMiMo/MiMo-V2.6-Distill-Qwen-9B
har116-a-001832-baseline,har116-a-001832-baseline__9jhqCTW,27,29848,192,200,XiaomiMiMo/MiMo-V2.6-Distill-Qwen-9B
har116-a-001832-baseline,har116-a-001832-baseline__9jhqCTW,28,30310,391,200,XiaomiMiMo/MiMo-V2.6-Distill-Qwen-9B
har116-a-001832-baseline,har116-a-001832-baseline__9jhqCTW,29,31271,55,200,XiaomiMiMo/MiMo-V2.6-Distill-Qwen-9B
har116-a-001832-baseline,har116-a-001832-baseline__9jhqCTW,30,31815,139,200,XiaomiMiMo/MiMo-V2.6-Distill-Qwen-9B
har116-a-001832-baseline,har116-a-001832-baseline__9jhqCTW,31,32165,279,200,XiaomiMiMo/MiMo-V2.6-Distill-Qwen-9B
har116-a-001832-baseline,har116-a-001832-baseline__9jhqCTW,32,32783,77,200,XiaomiMiMo/MiMo-V2.6-Distill-Qwen-9B
har116-a-001832-baseline,har116-a-001832-baseline__9jhqCTW,33,33695,72,200,XiaomiMiMo/MiMo-V2.6-Distill-Qwen-9B
har116-a-001832-baseline,har116-a-001832-baseline__9jhqCTW,34,34093,233,200,XiaomiMiMo/MiMo-V2.6-Distill-Qwen-9B
har116-a-001832-baseline,har116-a-001832-baseline__9jhqCTW,35,34638,141,200,XiaomiMiMo/MiMo-V2.6-Distill-Qwen-9B
har116-a-001832-baseline,har116-a-001832-baseline__9jhqCTW,36,35084,92,200,XiaomiMiMo/MiMo-V2.6-Distill-Qwen-9B
har116-a-001832-baseline,har116-a-001832-baseline__9jhqCTW,37,35441,326,200,XiaomiMiMo/MiMo-V2.6-Distill-Qwen-9B
har116-a-001832-baseline,har116-a-001832-baseline__9jhqCTW,38,36405,319,200,XiaomiMiMo/MiMo-V2.6-Distill-Qwen-9B
har116-a-001832-baseline,har116-a-001832-baseline__9jhqCTW,39,37052,201,200,XiaomiMiMo/MiMo-V2.6-Distill-Qwen-9B
har116-a-001832-baseline,har116-a-001832-baseline__9jhqCTW,40,37749,277,200,XiaomiMiMo/MiMo-V2.6-Distill-Qwen-9B
har116-a-001832-baseline,har116-a-001832-baseline__9jhqCTW,41,38221,137,200,XiaomiMiMo/MiMo-V2.6-Distill-Qwen-9B
har116-a-001832-baseline,har116-a-001832-baseline__9jhqCTW,42,38574,195,200,XiaomiMiMo/MiMo-V2.6-Distill-Qwen-9B
har116-a-001832-baseline,har116-a-001832-baseline__9jhqCTW,43,39394,325,200,XiaomiMiMo/MiMo-V2.6-Distill-Qwen-9B
har116-a-001832-baseline,har116-a-001832-baseline__9jhqCTW,44,40063,225,200,XiaomiMiMo/MiMo-V2.6-Distill-Qwen-9B
har116-a-001832-baseline,har116-a-001832-baseline__9jhqCTW,45,40852,246,200,XiaomiMiMo/MiMo-V2.6-Distill-Qwen-9B
har116-a-001832-baseline,har116-a-001832-baseline__9jhqCTW,46,41767,216,200,XiaomiMiMo/MiMo-V2.6-Distill-Qwen-9B
har116-a-001832-baseline,har116-a-001832-baseline__9jhqCTW,47,42423,205,200,XiaomiMiMo/MiMo-V2.6-Distill-Qwen-9B
har116-a-001832-baseline,har116-a-001832-baseline__9jhqCTW,48,42895,202,200,XiaomiMiMo/MiMo-V2.6-Distill-Qwen-9B
har116-a-001832-baseline,har116-a-001832-baseline__9jhqCTW,49,43589,159,200,XiaomiMiMo/MiMo-V2.6-Distill-Qwen-9B
har116-a-001832-baseline,har116-a-001832-baseline__9jhqCTW,50,43974,189,200,XiaomiMiMo/MiMo-V2.6-Distill-Qwen-9B
har116-a-001832-baseline,har116-a-001832-baseline__9jhqCTW,51,44390,177,200,XiaomiMiMo/MiMo-V2.6-Distill-Qwen-9B
har116-a-001832-baseline,har116-a-001832-baseline__9jhqCTW,52,45198,132,200,XiaomiMiMo/MiMo-V2.6-Distill-Qwen-9B
har116-a-001832-baseline,har116-a-001832-baseline__9jhqCTW,53,45696,112,200,XiaomiMiMo/MiMo-V2.6-Distill-Qwen-9B
har116-a-001832-baseline,har116-a-001832-baseline__9jhqCTW,54,46024,192,200,XiaomiMiMo/MiMo-V2.6-Distill-Qwen-9B
har116-a-001832-baseline,har116-a-001832-baseline__9jhqCTW,55,46357,130,200,XiaomiMiMo/MiMo-V2.6-Distill-Qwen-9B
har116-a-001832-baseline,har116-a-001832-baseline__9jhqCTW,56,46733,53,200,XiaomiMiMo/MiMo-V2.6-Distill-Qwen-9B
har116-a-001832-baseline,har116-a-001832-baseline__9jhqCTW,57,47200,137,200,XiaomiMiMo/MiMo-V2.6-Distill-Qwen-9B
har116-a-001832-baseline,har116-a-001832-baseline__9jhqCTW,58,47675,383,200,XiaomiMiMo/MiMo-V2.6-Distill-Qwen-9B
har116-a-001832-baseline,har116-a-001832-baseline__9jhqCTW,59,48518,681,200,XiaomiMiMo/MiMo-V2.6-Distill-Qwen-9B
har116-a-001832-baseline,har116-a-001832-baseline__9jhqCTW,60,49595,347,200,XiaomiMiMo/MiMo-V2.6-Distill-Qwen-9B
har116-a-001832-baseline,har116-a-001832-baseline__9jhqCTW,61,50247,201,200,XiaomiMiMo/MiMo-V2.6-Distill-Qwen-9B
har116-a-001832-baseline,har116-a-001832-baseline__9jhqCTW,62,50823,58,200,XiaomiMiMo/MiMo-V2.6-Distill-Qwen-9B
har116-a-001832-baseline,har116-a-001832-baseline__9jhqCTW,63,51094,205,200,XiaomiMiMo/MiMo-V2.6-Distill-Qwen-9B
har116-a-001832-baseline,har116-a-001832-baseline__9jhqCTW,64,51539,212,200,XiaomiMiMo/MiMo-V2.6-Distill-Qwen-9B
har116-a-001832-baseline,har116-a-001832-baseline__9jhqCTW,65,52259,101,200,XiaomiMiMo/MiMo-V2.6-Distill-Qwen-9B
har116-a-001832-baseline,har116-a-001832-baseline__9jhqCTW,66,52707,52,200,XiaomiMiMo/MiMo-V2.6-Distill-Qwen-9B
har116-a-001832-baseline,har116-a-001832-baseline__9jhqCTW,67,53071,334,200,XiaomiMiMo/MiMo-V2.6-Distill-Qwen-9B
har116-a-001832-baseline,har116-a-001832-baseline__9jhqCTW,68,53771,266,200,XiaomiMiMo/MiMo-V2.6-Distill-Qwen-9B
har116-a-001832-baseline,har116-a-001832-baseline__9jhqCTW,69,55232,426,200,XiaomiMiMo/MiMo-V2.6-Distill-Qwen-9B
har116-a-001832-baseline,har116-a-001832-baseline__9jhqCTW,70,56209,275,200,XiaomiMiMo/MiMo-V2.6-Distill-Qwen-9B
har116-a-001832-baseline,har116-a-001832-baseline__9jhqCTW,71,1244,72,200,XiaomiMiMo/MiMo-V2.6-Distill-Qwen-9B
har116-a-001832-baseline,har116-a-001832-baseline__9jhqCTW,72,56561,79,200,XiaomiMiMo/MiMo-V2.6-Distill-Qwen-9B
har116-a-001832-baseline,har116-a-001832-baseline__9jhqCTW,73,2523,57,200,XiaomiMiMo/MiMo-V2.6-Distill-Qwen-9B
har116-a-001832-baseline,har116-a-001832-baseline__9jhqCTW,74,3118,51,200,XiaomiMiMo/MiMo-V2.6-Distill-Qwen-9B
har116-a-001832-baseline,har116-a-001832-baseline__9jhqCTW,75,3298,78,200,XiaomiMiMo/MiMo-V2.6-Distill-Qwen-9B
har116-a-001832-baseline,har116-a-001832-baseline__9jhqCTW,76,4762,219,200,XiaomiMiMo/MiMo-V2.6-Distill-Qwen-9B
har116-a-001832-baseline,har116-a-001832-baseline__9jhqCTW,77,5133,43,200,XiaomiMiMo/MiMo-V2.6-Distill-Qwen-9B
har116-a-001832-baseline,har116-a-001832-baseline__9jhqCTW,78,5539,130,200,XiaomiMiMo/MiMo-V2.6-Distill-Qwen-9B
har116-a-001832-baseline,har116-a-001832-baseline__9jhqCTW,79,6895,78,200,XiaomiMiMo/MiMo-V2.6-Distill-Qwen-9B
har116-a-001832-baseline,har116-a-001832-baseline__9jhqCTW,80,7540,68,200,XiaomiMiMo/MiMo-V2.6-Distill-Qwen-9B
har116-a-001832-baseline,har116-a-001832-baseline__9jhqCTW,81,8064,145,200,XiaomiMiMo/MiMo-V2.6-Distill-Qwen-9B
har116-a-001832-baseline,har116-a-001832-baseline__9jhqCTW,82,8388,86,200,XiaomiMiMo/MiMo-V2.6-Distill-Qwen-9B
har116-a-001832-baseline,har116-a-001832-baseline__9jhqCTW,83,8912,374,200,XiaomiMiMo/MiMo-V2.6-Distill-Qwen-9B
har116-a-001832-baseline,har116-a-001832-baseline__9jhqCTW,84,9696,114,200,XiaomiMiMo/MiMo-V2.6-Distill-Qwen-9B
har116-a-001832-baseline,har116-a-001832-baseline__9jhqCTW,85,10220,257,200,XiaomiMiMo/MiMo-V2.6-Distill-Qwen-9B
har116-a-001832-baseline,har116-a-001832-baseline__9jhqCTW,86,11213,114,200,XiaomiMiMo/MiMo-V2.6-Distill-Qwen-9B
har116-a-001832-baseline,har116-a-001832-baseline__9jhqCTW,87,11471,114,200,XiaomiMiMo/MiMo-V2.6-Distill-Qwen-9B
har116-a-001832-loopfix,har116-a-001832-loopfix__rw7cJJ4,1,1105,100,200,XiaomiMiMo/MiMo-V2.6-Distill-Qwen-9B
har116-a-001832-loopfix-r2,har116-a-001832-loopfix-r2__RL4Q8AX,1,1107,111,200,XiaomiMiMo/MiMo-V2.6-Distill-Qwen-9B
har116-a-001832-loopfix-r2,har116-a-001832-loopfix-r2__RL4Q8AX,2,1959,194,200,XiaomiMiMo/MiMo-V2.6-Distill-Qwen-9B
har116-a-001832-loopfix-r2,har116-a-001832-loopfix-r2__RL4Q8AX,3,2692,117,200,XiaomiMiMo/MiMo-V2.6-Distill-Qwen-9B
har116-a-001832-loopfix-r2,har116-a-001832-loopfix-r2__RL4Q8AX,4,3589,136,200,XiaomiMiMo/MiMo-V2.6-Distill-Qwen-9B
har116-a-001832-loopfix-r2,har116-a-001832-loopfix-r2__RL4Q8AX,5,4401,169,200,XiaomiMiMo/MiMo-V2.6-Distill-Qwen-9B
har116-a-001832-loopfix-r2,har116-a-001832-loopfix-r2__RL4Q8AX,6,5315,133,200,XiaomiMiMo/MiMo-V2.6-Distill-Qwen-9B
har116-a-001832-loopfix-r2,har116-a-001832-loopfix-r2__RL4Q8AX,7,6118,162,200,XiaomiMiMo/MiMo-V2.6-Distill-Qwen-9B
har116-a-001832-loopfix-r2,har116-a-001832-loopfix-r2__RL4Q8AX,8,7007,119,200,XiaomiMiMo/MiMo-V2.6-Distill-Qwen-9B
har116-a-001832-loopfix-r2,har116-a-001832-loopfix-r2__RL4Q8AX,9,7831,139,200,XiaomiMiMo/MiMo-V2.6-Distill-Qwen-9B
har116-a-001832-loopfix-r2,har116-a-001832-loopfix-r2__RL4Q8AX,10,8724,129,200,XiaomiMiMo/MiMo-V2.6-Distill-Qwen-9B
har116-a-001832-loopfix-r2,har116-a-001832-loopfix-r2__RL4Q8AX,11,9582,170,200,XiaomiMiMo/MiMo-V2.6-Distill-Qwen-9B
har116-a-001832-loopfix-r2,har116-a-001832-loopfix-r2__RL4Q8AX,12,10486,142,200,XiaomiMiMo/MiMo-V2.6-Distill-Qwen-9B
har116-a-001832-loopfix-r2,har116-a-001832-loopfix-r2__RL4Q8AX,13,11342,186,200,XiaomiMiMo/MiMo-V2.6-Distill-Qwen-9B
har116-a-001832-loopfix-r2,har116-a-001832-loopfix-r2__RL4Q8AX,14,12250,165,200,XiaomiMiMo/MiMo-V2.6-Distill-Qwen-9B
har116-a-001832-loopfix-r2,har116-a-001832-loopfix-r2__RL4Q8AX,15,13081,2330,200,XiaomiMiMo/MiMo-V2.6-Distill-Qwen-9B
har116-a-001832-loopfix-r2,har116-a-001832-loopfix-r2__RL4Q8AX,16,13983,81,200,XiaomiMiMo/MiMo-V2.6-Distill-Qwen-9B
har116-a-001832-loopfix-r2,har116-a-001832-loopfix-r2__RL4Q8AX,17,14487,55,200,XiaomiMiMo/MiMo-V2.6-Distill-Qwen-9B
har116-a-001832-loopfix-r2,har116-a-001832-loopfix-r2__RL4Q8AX,18,14658,74,200,XiaomiMiMo/MiMo-V2.6-Distill-Qwen-9B
har116-a-001832-loopfix-r2,har116-a-001832-loopfix-r2__RL4Q8AX,19,14895,43,200,XiaomiMiMo/MiMo-V2.6-Distill-Qwen-9B
har116-a-001832-loopfix-r2,har116-a-001832-loopfix-r2__RL4Q8AX,20,15251,60,200,XiaomiMiMo/MiMo-V2.6-Distill-Qwen-9B
har116-a-001832-loopfix-r2,har116-a-001832-loopfix-r2__RL4Q8AX,21,15436,69,200,XiaomiMiMo/MiMo-V2.6-Distill-Qwen-9B
har116-a-001832-loopfix-r2,har116-a-001832-loopfix-r2__RL4Q8AX,22,15686,55,200,XiaomiMiMo/MiMo-V2.6-Distill-Qwen-9B
har116-a-001832-loopfix-r2,har116-a-001832-loopfix-r2__RL4Q8AX,23,16244,2443,200,XiaomiMiMo/MiMo-V2.6-Distill-Qwen-9B
har116-a-001832-loopfix-r2,har116-a-001832-loopfix-r2__RL4Q8AX,24,16808,109,200,XiaomiMiMo/MiMo-V2.6-Distill-Qwen-9B
har116-a-001832-loopfix-r2,har116-a-001832-loopfix-r2__RL4Q8AX,25,17786,159,200,XiaomiMiMo/MiMo-V2.6-Distill-Qwen-9B
har116-a-001832-loopfix-r2,har116-a-001832-loopfix-r2__RL4Q8AX,26,18710,106,200,XiaomiMiMo/MiMo-V2.6-Distill-Qwen-9B
har116-a-001832-loopfix-r2,har116-a-001832-loopfix-r2__RL4Q8AX,27,19219,53,200,XiaomiMiMo/MiMo-V2.6-Distill-Qwen-9B
har116-a-001832-loopfix-r2,har116-a-001832-loopfix-r2__RL4Q8AX,28,19667,116,200,XiaomiMiMo/MiMo-V2.6-Distill-Qwen-9B
har116-a-001832-loopfix-r2,har116-a-001832-loopfix-r2__RL4Q8AX,29,20059,99,200,XiaomiMiMo/MiMo-V2.6-Distill-Qwen-9B
har116-a-001832-loopfix-r2,har116-a-001832-loopfix-r2__RL4Q8AX,30,20338,746,200,XiaomiMiMo/MiMo-V2.6-Distill-Qwen-9B
har116-a-001832-loopfix-r2,har116-a-001832-loopfix-r2__RL4Q8AX,31,21784,1028,200,XiaomiMiMo/MiMo-V2.6-Distill-Qwen-9B
har116-a-001832-loopfix-r2,har116-a-001832-loopfix-r2__RL4Q8AX,32,22098,407,200,XiaomiMiMo/MiMo-V2.6-Distill-Qwen-9B
har116-a-001832-loopfix-r2,har116-a-001832-loopfix-r2__RL4Q8AX,33,23053,124,200,XiaomiMiMo/MiMo-V2.6-Distill-Qwen-9B
har116-a-001832-loopfix-r2,har116-a-001832-loopfix-r2__RL4Q8AX,34,23375,411,200,XiaomiMiMo/MiMo-V2.6-Distill-Qwen-9B
har116-a-001832-loopfix-r2,har116-a-001832-loopfix-r2__RL4Q8AX,35,24274,77,200,XiaomiMiMo/MiMo-V2.6-Distill-Qwen-9B
har116-a-001832-loopfix-r2,har116-a-001832-loopfix-r2__RL4Q8AX,36,24674,164,200,XiaomiMiMo/MiMo-V2.6-Distill-Qwen-9B
har116-a-001832-loopfix-r2,har116-a-001832-loopfix-r2__RL4Q8AX,37,25066,356,200,XiaomiMiMo/MiMo-V2.6-Distill-Qwen-9B
har116-a-001832-loopfix-r2,har116-a-001832-loopfix-r2__RL4Q8AX,38,25932,206,200,XiaomiMiMo/MiMo-V2.6-Distill-Qwen-9B
har116-a-001832-loopfix-r2,har116-a-001832-loopfix-r2__RL4Q8AX,39,26425,248,200,XiaomiMiMo/MiMo-V2.6-Distill-Qwen-9B
har116-a-001832-loopfix-r2,har116-a-001832-loopfix-r2__RL4Q8AX,40,27035,148,200,XiaomiMiMo/MiMo-V2.6-Distill-Qwen-9B
har116-a-001832-loopfix-r2,har116-a-001832-loopfix-r2__RL4Q8AX,41,27437,214,200,XiaomiMiMo/MiMo-V2.6-Distill-Qwen-9B
har116-a-001832-loopfix-r2,har116-a-001832-loopfix-r2__RL4Q8AX,42,28091,135,200,XiaomiMiMo/MiMo-V2.6-Distill-Qwen-9B
har116-a-001832-loopfix-r2,har116-a-001832-loopfix-r2__RL4Q8AX,43,28472,415,200,XiaomiMiMo/MiMo-V2.6-Distill-Qwen-9B
har116-a-001832-loopfix-r2,har116-a-001832-loopfix-r2__RL4Q8AX,44,29598,267,200,XiaomiMiMo/MiMo-V2.6-Distill-Qwen-9B
har116-a-001832-loopfix-r2,har116-a-001832-loopfix-r2__RL4Q8AX,45,30181,294,200,XiaomiMiMo/MiMo-V2.6-Distill-Qwen-9B
har116-a-001832-loopfix-r2,har116-a-001832-loopfix-r2__RL4Q8AX,46,30807,283,200,XiaomiMiMo/MiMo-V2.6-Distill-Qwen-9B
har116-a-001832-loopfix-r2,har116-a-001832-loopfix-r2__RL4Q8AX,47,31535,120,200,XiaomiMiMo/MiMo-V2.6-Distill-Qwen-9B
har116-a-001832-loopfix-r2,har116-a-001832-loopfix-r2__RL4Q8AX,48,32269,309,200,XiaomiMiMo/MiMo-V2.6-Distill-Qwen-9B
har116-a-001832-loopfix-r2,har116-a-001832-loopfix-r2__RL4Q8AX,49,32956,183,200,XiaomiMiMo/MiMo-V2.6-Distill-Qwen-9B
har116-a-001832-loopfix-r2,har116-a-001832-loopfix-r2__RL4Q8AX,50,33666,214,200,XiaomiMiMo/MiMo-V2.6-Distill-Qwen-9B
har116-a-001832-loopfix-r2,har116-a-001832-loopfix-r2__RL4Q8AX,51,34409,201,200,XiaomiMiMo/MiMo-V2.6-Distill-Qwen-9B
har116-a-001832-loopfix-r2,har116-a-001832-loopfix-r2__RL4Q8AX,52,34859,297,200,XiaomiMiMo/MiMo-V2.6-Distill-Qwen-9B
har116-a-001832-loopfix-r2,har116-a-001832-loopfix-r2__RL4Q8AX,53,35866,99,200,XiaomiMiMo/MiMo-V2.6-Distill-Qwen-9B
har116-a-001832-loopfix-r2,har116-a-001832-loopfix-r2__RL4Q8AX,54,36411,158,200,XiaomiMiMo/MiMo-V2.6-Distill-Qwen-9B
har116-a-001832-loopfix-r2,har116-a-001832-loopfix-r2__RL4Q8AX,55,36899,172,200,XiaomiMiMo/MiMo-V2.6-Distill-Qwen-9B
har116-a-001832-loopfix-r2,har116-a-001832-loopfix-r2__RL4Q8AX,56,37829,160,200,XiaomiMiMo/MiMo-V2.6-Distill-Qwen-9B
har116-a-001832-loopfix-r2,har116-a-001832-loopfix-r2__RL4Q8AX,57,38376,160,200,XiaomiMiMo/MiMo-V2.6-Distill-Qwen-9B
har116-a-001832-loopfix-r2,har116-a-001832-loopfix-r2__RL4Q8AX,58,39296,119,200,XiaomiMiMo/MiMo-V2.6-Distill-Qwen-9B
har116-a-001832-loopfix-r2,har116-a-001832-loopfix-r2__RL4Q8AX,59,39810,119,200,XiaomiMiMo/MiMo-V2.6-Distill-Qwen-9B
har116-a-001832-loopfix-r2,har116-a-001832-loopfix-r2__RL4Q8AX,60,40691,119,200,XiaomiMiMo/MiMo-V2.6-Distill-Qwen-9B
har116-a-001832-loopfix-r2,har116-a-001832-loopfix-r2__RL4Q8AX,61,41197,119,200,XiaomiMiMo/MiMo-V2.6-Distill-Qwen-9B
har116-a-001832-loopfix-r2,har116-a-001832-loopfix-r2__RL4Q8AX,62,42076,119,200,XiaomiMiMo/MiMo-V2.6-Distill-Qwen-9B
har116-a-001832-loopfix-r2,har116-a-001832-loopfix-r2__RL4Q8AX,63,42582,119,200,XiaomiMiMo/MiMo-V2.6-Distill-Qwen-9B
har116-a-001896-baseline,har116-a-001896-baseline__mBFMKax,1,1357,99,200,XiaomiMiMo/MiMo-V2.6-Distill-Qwen-9B
har116-a-001896-baseline,har116-a-001896-baseline__mBFMKax,2,2653,103,200,XiaomiMiMo/MiMo-V2.6-Distill-Qwen-9B
har116-a-001896-baseline,har116-a-001896-baseline__mBFMKax,3,4616,225,200,XiaomiMiMo/MiMo-V2.6-Distill-Qwen-9B
har116-a-001896-baseline,har116-a-001896-baseline__mBFMKax,4,7452,138,200,XiaomiMiMo/MiMo-V2.6-Distill-Qwen-9B
har116-a-001896-baseline,har116-a-001896-baseline__mBFMKax,5,8339,4096,200,XiaomiMiMo/MiMo-V2.6-Distill-Qwen-9B
har116-a-001896-baseline,har116-a-001896-baseline__mBFMKax,6,8423,109,200,XiaomiMiMo/MiMo-V2.6-Distill-Qwen-9B
har116-a-001896-baseline,har116-a-001896-baseline__mBFMKax,7,9075,3751,200,XiaomiMiMo/MiMo-V2.6-Distill-Qwen-9B
har116-a-001896-baseline,har116-a-001896-baseline__mBFMKax,8,10116,4096,200,XiaomiMiMo/MiMo-V2.6-Distill-Qwen-9B
har116-a-001896-baseline,har116-a-001896-baseline__mBFMKax,9,10200,4096,200,XiaomiMiMo/MiMo-V2.6-Distill-Qwen-9B
har116-a-001896-baseline,har116-a-001896-baseline__mBFMKax,10,10284,1255,200,XiaomiMiMo/MiMo-V2.6-Distill-Qwen-9B
har116-a-001896-baseline,har116-a-001896-baseline__mBFMKax,11,11628,1279,200,XiaomiMiMo/MiMo-V2.6-Distill-Qwen-9B
har116-a-001896-baseline,har116-a-001896-baseline__mBFMKax,12,12840,1162,200,XiaomiMiMo/MiMo-V2.6-Distill-Qwen-9B
har116-a-001896-baseline,har116-a-001896-baseline__mBFMKax,13,14046,1164,200,XiaomiMiMo/MiMo-V2.6-Distill-Qwen-9B
har116-a-001896-baseline,har116-a-001896-baseline__mBFMKax,14,15254,1164,200,XiaomiMiMo/MiMo-V2.6-Distill-Qwen-9B
har116-a-001896-baseline,har116-a-001896-baseline__mBFMKax,15,16462,1164,200,XiaomiMiMo/MiMo-V2.6-Distill-Qwen-9B
har116-a-001896-baseline,har116-a-001896-baseline__mBFMKax,16,17670,1164,200,XiaomiMiMo/MiMo-V2.6-Distill-Qwen-9B
har116-a-001896-baseline,har116-a-001896-baseline__mBFMKax,17,18878,1164,200,XiaomiMiMo/MiMo-V2.6-Distill-Qwen-9B
har116-a-001896-baseline,har116-a-001896-baseline__mBFMKax,18,20086,1164,200,XiaomiMiMo/MiMo-V2.6-Distill-Qwen-9B
har116-a-001896-baseline,har116-a-001896-baseline__mBFMKax,19,21294,1164,200,XiaomiMiMo/MiMo-V2.6-Distill-Qwen-9B
har116-a-001896-baseline,har116-a-001896-baseline__mBFMKax,20,22502,1164,200,XiaomiMiMo/MiMo-V2.6-Distill-Qwen-9B
har116-a-001896-baseline,har116-a-001896-baseline__mBFMKax,21,23710,1164,200,XiaomiMiMo/MiMo-V2.6-Distill-Qwen-9B
har116-a-001896-baseline,har116-a-001896-baseline__mBFMKax,22,24918,1164,200,XiaomiMiMo/MiMo-V2.6-Distill-Qwen-9B
har116-a-001896-baseline,har116-a-001896-baseline__mBFMKax,23,26126,1164,200,XiaomiMiMo/MiMo-V2.6-Distill-Qwen-9B
har116-a-001896-baseline,har116-a-001896-baseline__mBFMKax,24,27334,1164,200,XiaomiMiMo/MiMo-V2.6-Distill-Qwen-9B
har116-a-001896-baseline,har116-a-001896-baseline__mBFMKax,25,28542,1164,200,XiaomiMiMo/MiMo-V2.6-Distill-Qwen-9B
har116-a-001896-baseline,har116-a-001896-baseline__mBFMKax,26,29750,1164,200,XiaomiMiMo/MiMo-V2.6-Distill-Qwen-9B
har116-a-001896-baseline,har116-a-001896-baseline__mBFMKax,27,30958,1164,200,XiaomiMiMo/MiMo-V2.6-Distill-Qwen-9B
har116-a-001896-baseline,har116-a-001896-baseline__mBFMKax,28,32166,1164,200,XiaomiMiMo/MiMo-V2.6-Distill-Qwen-9B
har116-a-001896-baseline,har116-a-001896-baseline__mBFMKax,29,33374,1164,200,XiaomiMiMo/MiMo-V2.6-Distill-Qwen-9B
har116-a-001896-baseline,har116-a-001896-baseline__mBFMKax,30,34582,1164,200,XiaomiMiMo/MiMo-V2.6-Distill-Qwen-9B
har116-a-001896-baseline,har116-a-001896-baseline__mBFMKax,31,35790,1164,200,XiaomiMiMo/MiMo-V2.6-Distill-Qwen-9B
har116-a-001896-baseline,har116-a-001896-baseline__mBFMKax,32,36998,1164,200,XiaomiMiMo/MiMo-V2.6-Distill-Qwen-9B
har116-a-001896-baseline,har116-a-001896-baseline__mBFMKax,33,38206,1164,200,XiaomiMiMo/MiMo-V2.6-Distill-Qwen-9B
har116-a-001896-baseline,har116-a-001896-baseline__mBFMKax,34,39414,1164,200,XiaomiMiMo/MiMo-V2.6-Distill-Qwen-9B
har116-a-001896-baseline,har116-a-001896-baseline__mBFMKax,35,40622,1164,200,XiaomiMiMo/MiMo-V2.6-Distill-Qwen-9B
har116-a-001896-baseline,har116-a-001896-baseline__mBFMKax,36,41830,1164,200,XiaomiMiMo/MiMo-V2.6-Distill-Qwen-9B
har116-a-001896-baseline,har116-a-001896-baseline__mBFMKax,37,43038,1164,200,XiaomiMiMo/MiMo-V2.6-Distill-Qwen-9B
har116-a-001896-baseline,har116-a-001896-baseline__mBFMKax,38,44246,1164,200,XiaomiMiMo/MiMo-V2.6-Distill-Qwen-9B
har116-a-001896-baseline,har116-a-001896-baseline__mBFMKax,39,45454,1164,200,XiaomiMiMo/MiMo-V2.6-Distill-Qwen-9B
har116-a-001896-baseline,har116-a-001896-baseline__mBFMKax,40,46662,1164,200,XiaomiMiMo/MiMo-V2.6-Distill-Qwen-9B
har116-a-001896-baseline,har116-a-001896-baseline__mBFMKax,41,47870,1164,200,XiaomiMiMo/MiMo-V2.6-Distill-Qwen-9B
har116-a-001896-baseline,har116-a-001896-baseline__mBFMKax,42,49078,1164,200,XiaomiMiMo/MiMo-V2.6-Distill-Qwen-9B
har116-a-001896-baseline,har116-a-001896-baseline__mBFMKax,43,50286,1164,200,XiaomiMiMo/MiMo-V2.6-Distill-Qwen-9B
har116-a-001896-baseline,har116-a-001896-baseline__mBFMKax,44,51494,1164,200,XiaomiMiMo/MiMo-V2.6-Distill-Qwen-9B
har116-a-001896-baseline,har116-a-001896-baseline__mBFMKax,45,52702,1164,200,XiaomiMiMo/MiMo-V2.6-Distill-Qwen-9B
har116-a-001896-baseline,har116-a-001896-baseline__mBFMKax,46,54665,939,200,XiaomiMiMo/MiMo-V2.6-Distill-Qwen-9B
har116-a-001896-baseline,har116-a-001896-baseline__mBFMKax,47,2008,555,200,XiaomiMiMo/MiMo-V2.6-Distill-Qwen-9B
har116-a-001896-baseline,har116-a-001896-baseline__mBFMKax,48,56176,141,200,XiaomiMiMo/MiMo-V2.6-Distill-Qwen-9B
har116-a-001896-baseline,har116-a-001896-baseline__mBFMKax,49,4094,145,200,XiaomiMiMo/MiMo-V2.6-Distill-Qwen-9B
har116-a-001896-baseline,har116-a-001896-baseline__mBFMKax,50,5764,135,200,XiaomiMiMo/MiMo-V2.6-Distill-Qwen-9B
har116-a-001896-baseline,har116-a-001896-baseline__mBFMKax,51,7343,2184,200,XiaomiMiMo/MiMo-V2.6-Distill-Qwen-9B
har116-a-001896-baseline,har116-a-001896-baseline__mBFMKax,52,9466,4096,200,XiaomiMiMo/MiMo-V2.6-Distill-Qwen-9B
har116-a-001896-baseline,har116-a-001896-baseline__mBFMKax,53,9550,406,200,XiaomiMiMo/MiMo-V2.6-Distill-Qwen-9B
har116-a-001896-baseline,har116-a-001896-baseline__mBFMKax,54,10479,70,200,XiaomiMiMo/MiMo-V2.6-Distill-Qwen-9B
har116-a-001896-baseline,har116-a-001896-baseline__mBFMKax,55,11496,1051,200,XiaomiMiMo/MiMo-V2.6-Distill-Qwen-9B
har116-a-001896-baseline,har116-a-001896-baseline__mBFMKax,56,13834,596,200,XiaomiMiMo/MiMo-V2.6-Distill-Qwen-9B
har116-a-001896-baseline,har116-a-001896-baseline__mBFMKax,57,14499,934,200,XiaomiMiMo/MiMo-V2.6-Distill-Qwen-9B
har116-a-001896-baseline,har116-a-001896-baseline__mBFMKax,58,16646,188,200,XiaomiMiMo/MiMo-V2.6-Distill-Qwen-9B
har116-a-001896-baseline,har116-a-001896-baseline__mBFMKax,59,17111,926,200,XiaomiMiMo/MiMo-V2.6-Distill-Qwen-9B
har116-a-001896-baseline,har116-a-001896-baseline__mBFMKax,60,19363,201,200,XiaomiMiMo/MiMo-V2.6-Distill-Qwen-9B
har116-a-001896-baseline,har116-a-001896-baseline__mBFMKax,61,19858,926,200,XiaomiMiMo/MiMo-V2.6-Distill-Qwen-9B
har116-a-001896-baseline,har116-a-001896-baseline__mBFMKax,62,21369,282,200,XiaomiMiMo/MiMo-V2.6-Distill-Qwen-9B
har116-a-001896-baseline,har116-a-001896-baseline__mBFMKax,63,22050,926,200,XiaomiMiMo/MiMo-V2.6-Distill-Qwen-9B
har116-a-001896-baseline,har116-a-001896-baseline__mBFMKax,64,24233,217,200,XiaomiMiMo/MiMo-V2.6-Distill-Qwen-9B
har116-a-001896-baseline,har116-a-001896-baseline__mBFMKax,65,24774,926,200,XiaomiMiMo/MiMo-V2.6-Distill-Qwen-9B
har116-a-001896-baseline,har116-a-001896-baseline__mBFMKax,66,26302,81,200,XiaomiMiMo/MiMo-V2.6-Distill-Qwen-9B
har116-a-001896-baseline,har116-a-001896-baseline__mBFMKax,67,26728,1195,200,XiaomiMiMo/MiMo-V2.6-Distill-Qwen-9B
har116-a-001896-baseline,har116-a-001896-baseline__mBFMKax,68,29217,464,200,XiaomiMiMo/MiMo-V2.6-Distill-Qwen-9B
har116-a-001896-baseline,har116-a-001896-baseline__mBFMKax,69,30024,987,200,XiaomiMiMo/MiMo-V2.6-Distill-Qwen-9B
har116-a-001896-baseline,har116-a-001896-baseline__mBFMKax,70,31632,1551,200,XiaomiMiMo/MiMo-V2.6-Distill-Qwen-9B
har116-a-001896-baseline,har116-a-001896-baseline__mBFMKax,71,33728,1310,200,XiaomiMiMo/MiMo-V2.6-Distill-Qwen-9B
har116-a-001896-baseline,har116-a-001896-baseline__mBFMKax,72,36678,581,200,XiaomiMiMo/MiMo-V2.6-Distill-Qwen-9B
har116-a-001896-baseline,har116-a-001896-baseline__mBFMKax,73,37783,823,200,XiaomiMiMo/MiMo-V2.6-Distill-Qwen-9B
har116-a-001896-baseline,har116-a-001896-baseline__mBFMKax,74,39365,179,200,XiaomiMiMo/MiMo-V2.6-Distill-Qwen-9B
har116-a-001896-baseline,har116-a-001896-baseline__mBFMKax,75,40014,209,200,XiaomiMiMo/MiMo-V2.6-Distill-Qwen-9B
har116-a-001896-baseline,har116-a-001896-baseline__mBFMKax,76,40491,148,200,XiaomiMiMo/MiMo-V2.6-Distill-Qwen-9B
har116-a-001896-baseline,har116-a-001896-baseline__mBFMKax,77,40888,787,200,XiaomiMiMo/MiMo-V2.6-Distill-Qwen-9B
har116-a-001896-baseline,har116-a-001896-baseline__mBFMKax,78,42648,180,200,XiaomiMiMo/MiMo-V2.6-Distill-Qwen-9B
har116-a-001896-baseline,har116-a-001896-baseline__mBFMKax,79,43375,658,200,XiaomiMiMo/MiMo-V2.6-Distill-Qwen-9B
har116-a-001896-baseline,har116-a-001896-baseline__mBFMKax,80,44425,1130,200,XiaomiMiMo/MiMo-V2.6-Distill-Qwen-9B
har116-a-001896-baseline,har116-a-001896-baseline__mBFMKax,81,45979,224,200,XiaomiMiMo/MiMo-V2.6-Distill-Qwen-9B
har116-a-001896-baseline,har116-a-001896-baseline__mBFMKax,82,46521,787,200,XiaomiMiMo/MiMo-V2.6-Distill-Qwen-9B
har116-a-001896-baseline,har116-a-001896-baseline__mBFMKax,83,48283,152,200,XiaomiMiMo/MiMo-V2.6-Distill-Qwen-9B
har116-a-001896-baseline,har116-a-001896-baseline__mBFMKax,84,49124,169,200,XiaomiMiMo/MiMo-V2.6-Distill-Qwen-9B
har116-a-001896-baseline,har116-a-001896-baseline__mBFMKax,85,49534,370,200,XiaomiMiMo/MiMo-V2.6-Distill-Qwen-9B
har116-a-001896-baseline,har116-a-001896-baseline__mBFMKax,86,50337,100,200,XiaomiMiMo/MiMo-V2.6-Distill-Qwen-9B
har116-a-001896-baseline,har116-a-001896-baseline__mBFMKax,87,50604,757,200,XiaomiMiMo/MiMo-V2.6-Distill-Qwen-9B
har116-a-001896-loopfix,har116-a-001896-loopfix__n5p224u,1,1355,87,200,XiaomiMiMo/MiMo-V2.6-Distill-Qwen-9B
har116-a-001896-loopfix-r2,har116-a-001896-loopfix-r2__Wmwi4NK,1,1356,61,200,XiaomiMiMo/MiMo-V2.6-Distill-Qwen-9B
har116-a-001896-loopfix-r2,har116-a-001896-loopfix-r2__Wmwi4NK,2,2180,161,200,XiaomiMiMo/MiMo-V2.6-Distill-Qwen-9B
har116-a-001896-loopfix-r2,har116-a-001896-loopfix-r2__Wmwi4NK,3,3011,109,200,XiaomiMiMo/MiMo-V2.6-Distill-Qwen-9B
har116-a-001896-loopfix-r2,har116-a-001896-loopfix-r2__Wmwi4NK,4,3875,116,200,XiaomiMiMo/MiMo-V2.6-Distill-Qwen-9B
har116-a-001896-loopfix-r2,har116-a-001896-loopfix-r2__Wmwi4NK,5,4690,66,200,XiaomiMiMo/MiMo-V2.6-Distill-Qwen-9B
har116-a-001896-loopfix-r2,har116-a-001896-loopfix-r2__Wmwi4NK,6,5070,110,200,XiaomiMiMo/MiMo-V2.6-Distill-Qwen-9B
har116-a-001896-loopfix-r2,har116-a-001896-loopfix-r2__Wmwi4NK,7,5991,54,200,XiaomiMiMo/MiMo-V2.6-Distill-Qwen-9B
har116-a-001896-loopfix-r2,har116-a-001896-loopfix-r2__Wmwi4NK,8,6775,56,200,XiaomiMiMo/MiMo-V2.6-Distill-Qwen-9B
har116-a-001896-loopfix-r2,har116-a-001896-loopfix-r2__Wmwi4NK,9,7433,91,200,XiaomiMiMo/MiMo-V2.6-Distill-Qwen-9B
har116-a-001896-loopfix-r2,har116-a-001896-loopfix-r2__Wmwi4NK,10,8116,54,200,XiaomiMiMo/MiMo-V2.6-Distill-Qwen-9B
har116-a-001896-loopfix-r2,har116-a-001896-loopfix-r2__Wmwi4NK,11,8810,53,200,XiaomiMiMo/MiMo-V2.6-Distill-Qwen-9B
har116-a-001896-loopfix-r2,har116-a-001896-loopfix-r2__Wmwi4NK,12,9112,40,200,XiaomiMiMo/MiMo-V2.6-Distill-Qwen-9B
har116-a-001896-loopfix-r2,har116-a-001896-loopfix-r2__Wmwi4NK,13,9548,182,200,XiaomiMiMo/MiMo-V2.6-Distill-Qwen-9B
har116-a-001896-loopfix-r2,har116-a-001896-loopfix-r2__Wmwi4NK,14,10123,58,200,XiaomiMiMo/MiMo-V2.6-Distill-Qwen-9B
har116-a-001896-loopfix-r2,har116-a-001896-loopfix-r2__Wmwi4NK,15,10433,130,200,XiaomiMiMo/MiMo-V2.6-Distill-Qwen-9B
har116-a-001896-loopfix-r2,har116-a-001896-loopfix-r2__Wmwi4NK,16,10845,73,200,XiaomiMiMo/MiMo-V2.6-Distill-Qwen-9B
har116-a-001896-loopfix-r2,har116-a-001896-loopfix-r2__Wmwi4NK,17,11174,75,200,XiaomiMiMo/MiMo-V2.6-Distill-Qwen-9B
har116-a-001896-loopfix-r2,har116-a-001896-loopfix-r2__Wmwi4NK,18,11665,85,200,XiaomiMiMo/MiMo-V2.6-Distill-Qwen-9B
har116-a-001896-loopfix-r2,har116-a-001896-loopfix-r2__Wmwi4NK,19,12205,83,200,XiaomiMiMo/MiMo-V2.6-Distill-Qwen-9B
har116-a-001896-loopfix-r2,har116-a-001896-loopfix-r2__Wmwi4NK,20,12715,80,200,XiaomiMiMo/MiMo-V2.6-Distill-Qwen-9B
har116-a-001896-loopfix-r2,har116-a-001896-loopfix-r2__Wmwi4NK,21,13219,77,200,XiaomiMiMo/MiMo-V2.6-Distill-Qwen-9B
har116-a-001896-loopfix-r2,har116-a-001896-loopfix-r2__Wmwi4NK,22,13722,77,200,XiaomiMiMo/MiMo-V2.6-Distill-Qwen-9B
har116-a-001896-loopfix-r2,har116-a-001896-loopfix-r2__Wmwi4NK,23,14519,169,200,XiaomiMiMo/MiMo-V2.6-Distill-Qwen-9B
har116-a-001896-loopfix-r2,har116-a-001896-loopfix-r2__Wmwi4NK,24,14914,98,200,XiaomiMiMo/MiMo-V2.6-Distill-Qwen-9B
har116-a-001896-loopfix-r2,har116-a-001896-loopfix-r2__Wmwi4NK,25,15306,142,200,XiaomiMiMo/MiMo-V2.6-Distill-Qwen-9B
har116-a-001896-loopfix-r2,har116-a-001896-loopfix-r2__Wmwi4NK,26,15742,96,200,XiaomiMiMo/MiMo-V2.6-Distill-Qwen-9B
har116-a-001896-loopfix-r2,har116-a-001896-loopfix-r2__Wmwi4NK,27,16047,147,200,XiaomiMiMo/MiMo-V2.6-Distill-Qwen-9B
har116-a-001896-loopfix-r2,har116-a-001896-loopfix-r2__Wmwi4NK,28,16452,74,200,XiaomiMiMo/MiMo-V2.6-Distill-Qwen-9B
har116-a-001896-loopfix-r2,har116-a-001896-loopfix-r2__Wmwi4NK,29,16963,3033,200,XiaomiMiMo/MiMo-V2.6-Distill-Qwen-9B
har116-a-001896-loopfix-r2,har116-a-001896-loopfix-r2__Wmwi4NK,30,17306,41,200,XiaomiMiMo/MiMo-V2.6-Distill-Qwen-9B
har116-a-001896-loopfix-r2,har116-a-001896-loopfix-r2__Wmwi4NK,31,17720,52,200,XiaomiMiMo/MiMo-V2.6-Distill-Qwen-9B
har116-a-001896-loopfix-r2,har116-a-001896-loopfix-r2__Wmwi4NK,32,18024,41,200,XiaomiMiMo/MiMo-V2.6-Distill-Qwen-9B
har116-a-001896-loopfix-r2,har116-a-001896-loopfix-r2__Wmwi4NK,33,18438,71,200,XiaomiMiMo/MiMo-V2.6-Distill-Qwen-9B
har116-a-001896-loopfix-r2,har116-a-001896-loopfix-r2__Wmwi4NK,34,19198,38,200,XiaomiMiMo/MiMo-V2.6-Distill-Qwen-9B
har116-a-001896-loopfix-r2,har116-a-001896-loopfix-r2__Wmwi4NK,35,19488,47,200,XiaomiMiMo/MiMo-V2.6-Distill-Qwen-9B
har116-a-001896-loopfix-r2,har116-a-001896-loopfix-r2__Wmwi4NK,36,20102,82,200,XiaomiMiMo/MiMo-V2.6-Distill-Qwen-9B
har116-a-001896-loopfix-r2,har116-a-001896-loopfix-r2__Wmwi4NK,37,20561,231,200,XiaomiMiMo/MiMo-V2.6-Distill-Qwen-9B
har116-a-001896-loopfix-r2,har116-a-001896-loopfix-r2__Wmwi4NK,38,21079,1663,200,XiaomiMiMo/MiMo-V2.6-Distill-Qwen-9B
har116-a-001896-loopfix-r2,har116-a-001896-loopfix-r2__Wmwi4NK,39,22798,1268,200,XiaomiMiMo/MiMo-V2.6-Distill-Qwen-9B
har116-a-001896-loopfix-r2,har116-a-001896-loopfix-r2__Wmwi4NK,40,24106,1419,200,XiaomiMiMo/MiMo-V2.6-Distill-Qwen-9B
har116-a-001896-loopfix-r2,har116-a-001896-loopfix-r2__Wmwi4NK,41,25569,1419,200,XiaomiMiMo/MiMo-V2.6-Distill-Qwen-9B
har116-a-001896-loopfix-r2,har116-a-001896-loopfix-r2__Wmwi4NK,42,27032,1448,200,XiaomiMiMo/MiMo-V2.6-Distill-Qwen-9B
har116-a-001896-loopfix-r2,har116-a-001896-loopfix-r2__Wmwi4NK,43,28524,2920,200,XiaomiMiMo/MiMo-V2.6-Distill-Qwen-9B
har116-a-001896-loopfix-r2,har116-a-001896-loopfix-r2__Wmwi4NK,44,31488,136,200,XiaomiMiMo/MiMo-V2.6-Distill-Qwen-9B
har116-a-001896-loopfix-r2,har116-a-001896-loopfix-r2__Wmwi4NK,45,31668,136,200,XiaomiMiMo/MiMo-V2.6-Distill-Qwen-9B
har116-a-001896-loopfix-r2,har116-a-001896-loopfix-r2__Wmwi4NK,46,31848,136,200,XiaomiMiMo/MiMo-V2.6-Distill-Qwen-9B
har116-a-001896-loopfix-r2,har116-a-001896-loopfix-r2__Wmwi4NK,47,32028,136,200,XiaomiMiMo/MiMo-V2.6-Distill-Qwen-9B
har116-a-001896-loopfix-r2,har116-a-001896-loopfix-r2__Wmwi4NK,48,32208,136,200,XiaomiMiMo/MiMo-V2.6-Distill-Qwen-9B
har116-a-001896-loopfix-r2,har116-a-001896-loopfix-r2__Wmwi4NK,49,32388,136,200,XiaomiMiMo/MiMo-V2.6-Distill-Qwen-9B
har116-a-001896-loopfix-r2,har116-a-001896-loopfix-r2__Wmwi4NK,50,32568,136,200,XiaomiMiMo/MiMo-V2.6-Distill-Qwen-9B
har116-a-001896-loopfix-r2,har116-a-001896-loopfix-r2__Wmwi4NK,51,32748,136,200,XiaomiMiMo/MiMo-V2.6-Distill-Qwen-9B
har116-a-001896-loopfix-r2,har116-a-001896-loopfix-r2__Wmwi4NK,52,32928,136,200,XiaomiMiMo/MiMo-V2.6-Distill-Qwen-9B
har116-a-001896-loopfix-r2,har116-a-001896-loopfix-r2__Wmwi4NK,53,33108,136,200,XiaomiMiMo/MiMo-V2.6-Distill-Qwen-9B
har116-a-001896-loopfix-r2,har116-a-001896-loopfix-r2__Wmwi4NK,54,33288,136,200,XiaomiMiMo/MiMo-V2.6-Distill-Qwen-9B
har116-a-001896-loopfix-r2,har116-a-001896-loopfix-r2__Wmwi4NK,55,33468,136,200,XiaomiMiMo/MiMo-V2.6-Distill-Qwen-9B
har116-a-001896-loopfix-r2,har116-a-001896-loopfix-r2__Wmwi4NK,56,33648,136,200,XiaomiMiMo/MiMo-V2.6-Distill-Qwen-9B
har116-a-001896-loopfix-r2,har116-a-001896-loopfix-r2__Wmwi4NK,57,33828,136,200,XiaomiMiMo/MiMo-V2.6-Distill-Qwen-9B
har116-a-001896-loopfix-r2,har116-a-001896-loopfix-r2__Wmwi4NK,58,34008,136,200,XiaomiMiMo/MiMo-V2.6-Distill-Qwen-9B
har116-a-001896-loopfix-r2,har116-a-001896-loopfix-r2__Wmwi4NK,59,34188,136,200,XiaomiMiMo/MiMo-V2.6-Distill-Qwen-9B
har116-a-001896-loopfix-r2,har116-a-001896-loopfix-r2__Wmwi4NK,60,34368,136,200,XiaomiMiMo/MiMo-V2.6-Distill-Qwen-9B
har116-a-001896-loopfix-r2,har116-a-001896-loopfix-r2__Wmwi4NK,61,34548,136,200,XiaomiMiMo/MiMo-V2.6-Distill-Qwen-9B
har116-a-001896-loopfix-r2,har116-a-001896-loopfix-r2__Wmwi4NK,62,34728,136,200,XiaomiMiMo/MiMo-V2.6-Distill-Qwen-9B
har116-a-001896-loopfix-r2,har116-a-001896-loopfix-r2__Wmwi4NK,63,34908,136,200,XiaomiMiMo/MiMo-V2.6-Distill-Qwen-9B
har116-a-001896-loopfix-r2,har116-a-001896-loopfix-r2__Wmwi4NK,64,35088,136,200,XiaomiMiMo/MiMo-V2.6-Distill-Qwen-9B
har116-a-001896-loopfix-r2,har116-a-001896-loopfix-r2__Wmwi4NK,65,35268,136,200,XiaomiMiMo/MiMo-V2.6-Distill-Qwen-9B
har116-a-001896-loopfix-r2,har116-a-001896-loopfix-r2__Wmwi4NK,66,35448,136,200,XiaomiMiMo/MiMo-V2.6-Distill-Qwen-9B
har116-a-001896-loopfix-r2,har116-a-001896-loopfix-r2__Wmwi4NK,67,35628,136,200,XiaomiMiMo/MiMo-V2.6-Distill-Qwen-9B
har116-a-001896-loopfix-r2,har116-a-001896-loopfix-r2__Wmwi4NK,68,35808,136,200,XiaomiMiMo/MiMo-V2.6-Distill-Qwen-9B
har116-a-001896-loopfix-r2,har116-a-001896-loopfix-r2__Wmwi4NK,69,35988,136,200,XiaomiMiMo/MiMo-V2.6-Distill-Qwen-9B
har116-a-001896-loopfix-r2,har116-a-001896-loopfix-r2__Wmwi4NK,70,36168,136,200,XiaomiMiMo/MiMo-V2.6-Distill-Qwen-9B
har116-a-001896-loopfix-r2,har116-a-001896-loopfix-r2__Wmwi4NK,71,36348,136,200,XiaomiMiMo/MiMo-V2.6-Distill-Qwen-9B
har116-a-001896-loopfix-r2,har116-a-001896-loopfix-r2__Wmwi4NK,72,36528,136,200,XiaomiMiMo/MiMo-V2.6-Distill-Qwen-9B
har116-a-001896-loopfix-r2,har116-a-001896-loopfix-r2__Wmwi4NK,73,36708,136,200,XiaomiMiMo/MiMo-V2.6-Distill-Qwen-9B
har116-a-001896-loopfix-r2,har116-a-001896-loopfix-r2__Wmwi4NK,74,36888,136,200,XiaomiMiMo/MiMo-V2.6-Distill-Qwen-9B
har116-a-001896-loopfix-r2,har116-a-001896-loopfix-r2__Wmwi4NK,75,37068,136,200,XiaomiMiMo/MiMo-V2.6-Distill-Qwen-9B
har116-a-001896-loopfix-r2,har116-a-001896-loopfix-r2__Wmwi4NK,76,37248,136,200,XiaomiMiMo/MiMo-V2.6-Distill-Qwen-9B
har116-a-001896-loopfix-r2,har116-a-001896-loopfix-r2__Wmwi4NK,77,37428,136,200,XiaomiMiMo/MiMo-V2.6-Distill-Qwen-9B
har116-a-001896-loopfix-r2,har116-a-001896-loopfix-r2__Wmwi4NK,78,37608,136,200,XiaomiMiMo/MiMo-V2.6-Distill-Qwen-9B
har116-a-001896-loopfix-r2,har116-a-001896-loopfix-r2__Wmwi4NK,79,37788,136,200,XiaomiMiMo/MiMo-V2.6-Distill-Qwen-9B
har116-a-001896-loopfix-r2,har116-a-001896-loopfix-r2__Wmwi4NK,80,37968,136,200,XiaomiMiMo/MiMo-V2.6-Distill-Qwen-9B
har116-a-001896-loopfix-r2,har116-a-001896-loopfix-r2__Wmwi4NK,81,38148,136,200,XiaomiMiMo/MiMo-V2.6-Distill-Qwen-9B
har116-a-001896-loopfix-r2,har116-a-001896-loopfix-r2__Wmwi4NK,82,38328,136,200,XiaomiMiMo/MiMo-V2.6-Distill-Qwen-9B
har116-a-001896-loopfix-r2,har116-a-001896-loopfix-r2__Wmwi4NK,83,38508,136,200,XiaomiMiMo/MiMo-V2.6-Distill-Qwen-9B
har116-a-001896-loopfix-r2,har116-a-001896-loopfix-r2__Wmwi4NK,84,38688,136,200,XiaomiMiMo/MiMo-V2.6-Distill-Qwen-9B
har116-a-001896-loopfix-r2,har116-a-001896-loopfix-r2__Wmwi4NK,85,38868,136,200,XiaomiMiMo/MiMo-V2.6-Distill-Qwen-9B
har116-a-001896-loopfix-r2,har116-a-001896-loopfix-r2__Wmwi4NK,86,39048,136,200,XiaomiMiMo/MiMo-V2.6-Distill-Qwen-9B
har116-a-001896-loopfix-r2,har116-a-001896-loopfix-r2__Wmwi4NK,87,39228,136,200,XiaomiMiMo/MiMo-V2.6-Distill-Qwen-9B
har116-a-001896-loopfix-r2,har116-a-001896-loopfix-r2__Wmwi4NK,88,39408,136,200,XiaomiMiMo/MiMo-V2.6-Distill-Qwen-9B
har116-a-001896-loopfix-r2,har116-a-001896-loopfix-r2__Wmwi4NK,89,39588,136,200,XiaomiMiMo/MiMo-V2.6-Distill-Qwen-9B
har116-a-001896-loopfix-r2,har116-a-001896-loopfix-r2__Wmwi4NK,90,39768,136,200,XiaomiMiMo/MiMo-V2.6-Distill-Qwen-9B
har116-a-001896-loopfix-r2,har116-a-001896-loopfix-r2__Wmwi4NK,91,39948,136,200,XiaomiMiMo/MiMo-V2.6-Distill-Qwen-9B
har116-a-001896-loopfix-r2,har116-a-001896-loopfix-r2__Wmwi4NK,92,40128,136,200,XiaomiMiMo/MiMo-V2.6-Distill-Qwen-9B
har116-a-001896-loopfix-r2,har116-a-001896-loopfix-r2__Wmwi4NK,93,40308,136,200,XiaomiMiMo/MiMo-V2.6-Distill-Qwen-9B
har116-a-001896-loopfix-r2,har116-a-001896-loopfix-r2__Wmwi4NK,94,40488,136,200,XiaomiMiMo/MiMo-V2.6-Distill-Qwen-9B
har116-a-002256-baseline,har116-a-002256-baseline__uRsPnvZ,1,1305,51,200,XiaomiMiMo/MiMo-V2.6-Distill-Qwen-9B
har116-a-002256-baseline,har116-a-002256-baseline__uRsPnvZ,2,1625,140,200,XiaomiMiMo/MiMo-V2.6-Distill-Qwen-9B
har116-a-002256-baseline,har116-a-002256-baseline__uRsPnvZ,3,1956,304,200,XiaomiMiMo/MiMo-V2.6-Distill-Qwen-9B
har116-a-002256-baseline,har116-a-002256-baseline__uRsPnvZ,4,2632,60,200,XiaomiMiMo/MiMo-V2.6-Distill-Qwen-9B
har116-a-002256-baseline,har116-a-002256-baseline__uRsPnvZ,5,2850,61,200,XiaomiMiMo/MiMo-V2.6-Distill-Qwen-9B
har116-a-002256-baseline,har116-a-002256-baseline__uRsPnvZ,6,3101,283,200,XiaomiMiMo/MiMo-V2.6-Distill-Qwen-9B
har116-a-002256-baseline,har116-a-002256-baseline__uRsPnvZ,7,3486,295,200,XiaomiMiMo/MiMo-V2.6-Distill-Qwen-9B
har116-a-002256-loopfix,har116-a-002256-loopfix__5Xu6dgc,1,1306,47,200,XiaomiMiMo/MiMo-V2.6-Distill-Qwen-9B
har116-a-002256-loopfix-r2,har116-a-002256-loopfix-r2__5oQwkeW,1,1306,46,200,XiaomiMiMo/MiMo-V2.6-Distill-Qwen-9B
har116-a-002256-loopfix-r2,har116-a-002256-loopfix-r2__5oQwkeW,2,1651,130,200,XiaomiMiMo/MiMo-V2.6-Distill-Qwen-9B
har116-a-002256-loopfix-r2,har116-a-002256-loopfix-r2__5oQwkeW,3,2452,159,200,XiaomiMiMo/MiMo-V2.6-Distill-Qwen-9B
har116-a-002256-loopfix-r2,har116-a-002256-loopfix-r2__5oQwkeW,4,3058,543,200,XiaomiMiMo/MiMo-V2.6-Distill-Qwen-9B
har116-a-002256-loopfix-r2,har116-a-002256-loopfix-r2__5oQwkeW,5,3292,407,200,XiaomiMiMo/MiMo-V2.6-Distill-Qwen-9B
har116-a-002256-loopfix-r2,har116-a-002256-loopfix-r2__5oQwkeW,6,3872,315,200,XiaomiMiMo/MiMo-V2.6-Distill-Qwen-9B
har116-a-002256-loopfix-r2,har116-a-002256-loopfix-r2__5oQwkeW,7,4563,78,200,XiaomiMiMo/MiMo-V2.6-Distill-Qwen-9B
har116-a-002256-loopfix-r2,har116-a-002256-loopfix-r2__5oQwkeW,8,4783,62,200,XiaomiMiMo/MiMo-V2.6-Distill-Qwen-9B
har116-a-002256-loopfix-r2,har116-a-002256-loopfix-r2__5oQwkeW,9,5006,52,200,XiaomiMiMo/MiMo-V2.6-Distill-Qwen-9B
har116-a-002256-loopfix-r2,har116-a-002256-loopfix-r2__5oQwkeW,10,5398,68,200,XiaomiMiMo/MiMo-V2.6-Distill-Qwen-9B
har116-a-002256-loopfix-r2,har116-a-002256-loopfix-r2__5oQwkeW,11,5634,113,200,XiaomiMiMo/MiMo-V2.6-Distill-Qwen-9B
har116-a-002256-loopfix-r2,har116-a-002256-loopfix-r2__5oQwkeW,12,5915,70,200,XiaomiMiMo/MiMo-V2.6-Distill-Qwen-9B
har116-a-002256-loopfix-r2,har116-a-002256-loopfix-r2__5oQwkeW,13,6176,59,200,XiaomiMiMo/MiMo-V2.6-Distill-Qwen-9B
har116-a-002256-loopfix-r2,har116-a-002256-loopfix-r2__5oQwkeW,14,6545,319,200,XiaomiMiMo/MiMo-V2.6-Distill-Qwen-9B
har116-a-002256-loopfix-r2,har116-a-002256-loopfix-r2__5oQwkeW,15,6967,28,200,XiaomiMiMo/MiMo-V2.6-Distill-Qwen-9B
har116-a-002256-loopfix-r2,har116-a-002256-loopfix-r2__5oQwkeW,16,7114,23,200,XiaomiMiMo/MiMo-V2.6-Distill-Qwen-9B
har116-a-002256-loopfix-r2,har116-a-002256-loopfix-r2__5oQwkeW,17,7260,159,200,XiaomiMiMo/MiMo-V2.6-Distill-Qwen-9B
har116-a-002256-loopfix-r2,har116-a-002256-loopfix-r2__5oQwkeW,18,7452,23,200,XiaomiMiMo/MiMo-V2.6-Distill-Qwen-9B
har116-a-002256-loopfix-r2,har116-a-002256-loopfix-r2__5oQwkeW,19,7598,165,200,XiaomiMiMo/MiMo-V2.6-Distill-Qwen-9B
har116-a-002256-loopfix-r2,har116-a-002256-loopfix-r2__5oQwkeW,20,7866,165,200,XiaomiMiMo/MiMo-V2.6-Distill-Qwen-9B
har116-a-002391-baseline,har116-a-002391-baseline__xZqrQkD,1,1117,88,200,XiaomiMiMo/MiMo-V2.6-Distill-Qwen-9B
har116-a-002391-baseline,har116-a-002391-baseline__xZqrQkD,2,2030,118,200,XiaomiMiMo/MiMo-V2.6-Distill-Qwen-9B
har116-a-002391-baseline,har116-a-002391-baseline__xZqrQkD,3,4777,75,200,XiaomiMiMo/MiMo-V2.6-Distill-Qwen-9B
har116-a-002391-baseline,har116-a-002391-baseline__xZqrQkD,4,5572,2443,200,XiaomiMiMo/MiMo-V2.6-Distill-Qwen-9B
har116-a-002391-baseline,har116-a-002391-baseline__xZqrQkD,5,6060,2297,200,XiaomiMiMo/MiMo-V2.6-Distill-Qwen-9B
har116-a-002391-baseline,har116-a-002391-baseline__xZqrQkD,6,6444,1218,200,XiaomiMiMo/MiMo-V2.6-Distill-Qwen-9B
har116-a-002391-baseline,har116-a-002391-baseline__xZqrQkD,7,9858,767,200,XiaomiMiMo/MiMo-V2.6-Distill-Qwen-9B
har116-a-002391-baseline,har116-a-002391-baseline__xZqrQkD,8,12372,278,200,XiaomiMiMo/MiMo-V2.6-Distill-Qwen-9B
har116-a-002391-baseline,har116-a-002391-baseline__xZqrQkD,9,13722,231,200,XiaomiMiMo/MiMo-V2.6-Distill-Qwen-9B
har116-a-002391-baseline,har116-a-002391-baseline__xZqrQkD,10,14377,499,200,XiaomiMiMo/MiMo-V2.6-Distill-Qwen-9B
har116-a-002391-baseline,har116-a-002391-baseline__xZqrQkD,11,15597,545,200,XiaomiMiMo/MiMo-V2.6-Distill-Qwen-9B
har116-a-002391-baseline,har116-a-002391-baseline__xZqrQkD,12,16874,428,200,XiaomiMiMo/MiMo-V2.6-Distill-Qwen-9B
har116-a-002391-baseline,har116-a-002391-baseline__xZqrQkD,13,17901,44,200,XiaomiMiMo/MiMo-V2.6-Distill-Qwen-9B
har116-a-002391-baseline,har116-a-002391-baseline__xZqrQkD,14,18151,441,200,XiaomiMiMo/MiMo-V2.6-Distill-Qwen-9B
har116-a-002391-baseline,har116-a-002391-baseline__xZqrQkD,15,19246,567,200,XiaomiMiMo/MiMo-V2.6-Distill-Qwen-9B
har116-a-002391-baseline,har116-a-002391-baseline__xZqrQkD,16,20564,499,200,XiaomiMiMo/MiMo-V2.6-Distill-Qwen-9B
har116-a-002391-baseline,har116-a-002391-baseline__xZqrQkD,17,21765,500,200,XiaomiMiMo/MiMo-V2.6-Distill-Qwen-9B
har116-a-002391-baseline,har116-a-002391-baseline__xZqrQkD,18,23056,271,200,XiaomiMiMo/MiMo-V2.6-Distill-Qwen-9B
har116-a-002391-baseline,har116-a-002391-baseline__xZqrQkD,19,23694,1278,200,XiaomiMiMo/MiMo-V2.6-Distill-Qwen-9B
har116-a-002391-baseline,har116-a-002391-baseline__xZqrQkD,20,25662,630,200,XiaomiMiMo/MiMo-V2.6-Distill-Qwen-9B
har116-a-002391-baseline,har116-a-002391-baseline__xZqrQkD,21,27141,70,200,XiaomiMiMo/MiMo-V2.6-Distill-Qwen-9B
har116-a-002391-baseline,har116-a-002391-baseline__xZqrQkD,22,27736,66,200,XiaomiMiMo/MiMo-V2.6-Distill-Qwen-9B
har116-a-002391-baseline,har116-a-002391-baseline__xZqrQkD,23,28621,1785,200,XiaomiMiMo/MiMo-V2.6-Distill-Qwen-9B
har116-a-002391-baseline,har116-a-002391-baseline__xZqrQkD,24,31624,886,200,XiaomiMiMo/MiMo-V2.6-Distill-Qwen-9B
har116-a-002391-baseline,har116-a-002391-baseline__xZqrQkD,25,33760,77,200,XiaomiMiMo/MiMo-V2.6-Distill-Qwen-9B
har116-a-002391-baseline,har116-a-002391-baseline__xZqrQkD,26,34032,167,200,XiaomiMiMo/MiMo-V2.6-Distill-Qwen-9B
har116-a-002391-baseline,har116-a-002391-baseline__xZqrQkD,27,34595,68,200,XiaomiMiMo/MiMo-V2.6-Distill-Qwen-9B
har116-a-002391-baseline,har116-a-002391-baseline__xZqrQkD,28,35365,2279,200,XiaomiMiMo/MiMo-V2.6-Distill-Qwen-9B
har116-a-002391-baseline,har116-a-002391-baseline__xZqrQkD,29,38149,78,200,XiaomiMiMo/MiMo-V2.6-Distill-Qwen-9B
har116-a-002391-baseline,har116-a-002391-baseline__xZqrQkD,30,38750,430,200,XiaomiMiMo/MiMo-V2.6-Distill-Qwen-9B
har116-a-002391-baseline,har116-a-002391-baseline__xZqrQkD,31,39784,52,200,XiaomiMiMo/MiMo-V2.6-Distill-Qwen-9B
har116-a-002391-baseline,har116-a-002391-baseline__xZqrQkD,32,40057,65,200,XiaomiMiMo/MiMo-V2.6-Distill-Qwen-9B
har116-a-002391-baseline,har116-a-002391-baseline__xZqrQkD,33,40660,65,200,XiaomiMiMo/MiMo-V2.6-Distill-Qwen-9B
har116-a-002391-baseline,har116-a-002391-baseline__xZqrQkD,34,40918,64,200,XiaomiMiMo/MiMo-V2.6-Distill-Qwen-9B
har116-a-002391-baseline,har116-a-002391-baseline__xZqrQkD,35,42051,236,200,XiaomiMiMo/MiMo-V2.6-Distill-Qwen-9B
har116-a-002391-baseline,har116-a-002391-baseline__xZqrQkD,36,42736,43,200,XiaomiMiMo/MiMo-V2.6-Distill-Qwen-9B
har116-a-002391-baseline,har116-a-002391-baseline__xZqrQkD,37,43038,67,200,XiaomiMiMo/MiMo-V2.6-Distill-Qwen-9B
har116-a-002391-baseline,har116-a-002391-baseline__xZqrQkD,38,43608,1440,200,XiaomiMiMo/MiMo-V2.6-Distill-Qwen-9B
har116-a-002391-baseline,har116-a-002391-baseline__xZqrQkD,39,45536,1035,200,XiaomiMiMo/MiMo-V2.6-Distill-Qwen-9B
har116-a-002391-baseline,har116-a-002391-baseline__xZqrQkD,40,47917,69,200,XiaomiMiMo/MiMo-V2.6-Distill-Qwen-9B
har116-a-002391-baseline,har116-a-002391-baseline__xZqrQkD,41,48085,52,200,XiaomiMiMo/MiMo-V2.6-Distill-Qwen-9B
har116-a-002391-baseline,har116-a-002391-baseline__xZqrQkD,42,48270,57,200,XiaomiMiMo/MiMo-V2.6-Distill-Qwen-9B
har116-a-002391-baseline,har116-a-002391-baseline__xZqrQkD,43,48437,27,200,XiaomiMiMo/MiMo-V2.6-Distill-Qwen-9B
har116-a-002391-baseline,har116-a-002391-baseline__xZqrQkD,44,48549,34,200,XiaomiMiMo/MiMo-V2.6-Distill-Qwen-9B
har116-a-002391-baseline,har116-a-002391-baseline__xZqrQkD,45,48645,79,200,XiaomiMiMo/MiMo-V2.6-Distill-Qwen-9B
har116-a-002391-baseline,har116-a-002391-baseline__xZqrQkD,46,48819,88,200,XiaomiMiMo/MiMo-V2.6-Distill-Qwen-9B
har116-a-002391-baseline,har116-a-002391-baseline__xZqrQkD,47,49039,28,200,XiaomiMiMo/MiMo-V2.6-Distill-Qwen-9B
har116-a-002391-baseline,har116-a-002391-baseline__xZqrQkD,48,49167,34,200,XiaomiMiMo/MiMo-V2.6-Distill-Qwen-9B
har116-a-002391-baseline,har116-a-002391-baseline__xZqrQkD,49,49264,55,200,XiaomiMiMo/MiMo-V2.6-Distill-Qwen-9B
har116-a-002391-baseline,har116-a-002391-baseline__xZqrQkD,50,49385,65,200,XiaomiMiMo/MiMo-V2.6-Distill-Qwen-9B
har116-a-002391-baseline,har116-a-002391-baseline__xZqrQkD,51,49531,107,200,XiaomiMiMo/MiMo-V2.6-Distill-Qwen-9B
har116-a-002391-baseline,har116-a-002391-baseline__xZqrQkD,52,49770,120,200,XiaomiMiMo/MiMo-V2.6-Distill-Qwen-9B
har116-a-002391-baseline,har116-a-002391-baseline__xZqrQkD,53,50021,29,200,XiaomiMiMo/MiMo-V2.6-Distill-Qwen-9B
har116-a-002391-baseline,har116-a-002391-baseline__xZqrQkD,54,50128,31,200,XiaomiMiMo/MiMo-V2.6-Distill-Qwen-9B
har116-a-002391-baseline,har116-a-002391-baseline__xZqrQkD,55,50220,89,200,XiaomiMiMo/MiMo-V2.6-Distill-Qwen-9B
har116-a-002391-baseline,har116-a-002391-baseline__xZqrQkD,56,50405,43,200,XiaomiMiMo/MiMo-V2.6-Distill-Qwen-9B
har116-a-002391-baseline,har116-a-002391-baseline__xZqrQkD,57,50557,100,200,XiaomiMiMo/MiMo-V2.6-Distill-Qwen-9B
har116-a-002391-baseline,har116-a-002391-baseline__xZqrQkD,58,50782,29,200,XiaomiMiMo/MiMo-V2.6-Distill-Qwen-9B
har116-a-002391-baseline,har116-a-002391-baseline__xZqrQkD,59,50862,32,200,XiaomiMiMo/MiMo-V2.6-Distill-Qwen-9B
har116-a-002391-baseline,har116-a-002391-baseline__xZqrQkD,60,50956,34,200,XiaomiMiMo/MiMo-V2.6-Distill-Qwen-9B
har116-a-002391-baseline,har116-a-002391-baseline__xZqrQkD,61,51058,108,200,XiaomiMiMo/MiMo-V2.6-Distill-Qwen-9B
har116-a-002391-baseline,har116-a-002391-baseline__xZqrQkD,62,51288,35,200,XiaomiMiMo/MiMo-V2.6-Distill-Qwen-9B
har116-a-002391-baseline,har116-a-002391-baseline__xZqrQkD,63,51388,98,200,XiaomiMiMo/MiMo-V2.6-Distill-Qwen-9B
har116-a-002391-baseline,har116-a-002391-baseline__xZqrQkD,64,51609,35,200,XiaomiMiMo/MiMo-V2.6-Distill-Qwen-9B
har116-a-002391-baseline,har116-a-002391-baseline__xZqrQkD,65,51709,68,200,XiaomiMiMo/MiMo-V2.6-Distill-Qwen-9B
har116-a-002391-baseline,har116-a-002391-baseline__xZqrQkD,66,51854,84,200,XiaomiMiMo/MiMo-V2.6-Distill-Qwen-9B
har116-a-002391-baseline,har116-a-002391-baseline__xZqrQkD,67,52028,53,200,XiaomiMiMo/MiMo-V2.6-Distill-Qwen-9B
har116-a-002391-baseline,har116-a-002391-baseline__xZqrQkD,68,53146,82,200,XiaomiMiMo/MiMo-V2.6-Distill-Qwen-9B
har116-a-002391-loopfix,har116-a-002391-loopfix__KMAky2p,1,1120,103,200,XiaomiMiMo/MiMo-V2.6-Distill-Qwen-9B
har116-a-002391-loopfix-r2,har116-a-002391-loopfix-r2__NvEfxbt,1,1119,86,200,XiaomiMiMo/MiMo-V2.6-Distill-Qwen-9B
har116-a-002391-loopfix-r2,har116-a-002391-loopfix-r2__NvEfxbt,2,1905,52,200,XiaomiMiMo/MiMo-V2.6-Distill-Qwen-9B
har116-a-002391-loopfix-r2,har116-a-002391-loopfix-r2__NvEfxbt,3,2001,59,200,XiaomiMiMo/MiMo-V2.6-Distill-Qwen-9B
har116-a-002391-loopfix-r2,har116-a-002391-loopfix-r2__NvEfxbt,4,2097,58,200,XiaomiMiMo/MiMo-V2.6-Distill-Qwen-9B
har116-a-002391-loopfix-r2,har116-a-002391-loopfix-r2__NvEfxbt,5,2813,65,200,XiaomiMiMo/MiMo-V2.6-Distill-Qwen-9B
har116-a-002391-loopfix-r2,har116-a-002391-loopfix-r2__NvEfxbt,6,3566,70,200,XiaomiMiMo/MiMo-V2.6-Distill-Qwen-9B
har116-a-002391-loopfix-r2,har116-a-002391-loopfix-r2__NvEfxbt,7,4289,213,200,XiaomiMiMo/MiMo-V2.6-Distill-Qwen-9B
har116-a-002391-loopfix-r2,har116-a-002391-loopfix-r2__NvEfxbt,8,5146,76,200,XiaomiMiMo/MiMo-V2.6-Distill-Qwen-9B
har116-a-002391-loopfix-r2,har116-a-002391-loopfix-r2__NvEfxbt,9,5904,100,200,XiaomiMiMo/MiMo-V2.6-Distill-Qwen-9B
har116-a-002391-loopfix-r2,har116-a-002391-loopfix-r2__NvEfxbt,10,6691,40,200,XiaomiMiMo/MiMo-V2.6-Distill-Qwen-9B
har116-a-002391-loopfix-r2,har116-a-002391-loopfix-r2__NvEfxbt,11,7039,68,200,XiaomiMiMo/MiMo-V2.6-Distill-Qwen-9B
har116-a-002391-loopfix-r2,har116-a-002391-loopfix-r2__NvEfxbt,12,7681,41,200,XiaomiMiMo/MiMo-V2.6-Distill-Qwen-9B
har116-a-002391-loopfix-r2,har116-a-002391-loopfix-r2__NvEfxbt,13,8011,4096,200,XiaomiMiMo/MiMo-V2.6-Distill-Qwen-9B
har116-a-002391-loopfix-r2,har116-a-002391-loopfix-r2__NvEfxbt,14,8105,42,200,XiaomiMiMo/MiMo-V2.6-Distill-Qwen-9B
har116-a-002391-loopfix-r2,har116-a-002391-loopfix-r2__NvEfxbt,15,8465,4096,200,XiaomiMiMo/MiMo-V2.6-Distill-Qwen-9B
har116-a-002391-loopfix-r2,har116-a-002391-loopfix-r2__NvEfxbt,16,8549,157,200,XiaomiMiMo/MiMo-V2.6-Distill-Qwen-9B
har116-a-002391-loopfix-r2,har116-a-002391-loopfix-r2__NvEfxbt,17,8959,643,200,XiaomiMiMo/MiMo-V2.6-Distill-Qwen-9B
har116-a-002391-loopfix-r2,har116-a-002391-loopfix-r2__NvEfxbt,18,10258,148,200,XiaomiMiMo/MiMo-V2.6-Distill-Qwen-9B
har116-a-002391-loopfix-r2,har116-a-002391-loopfix-r2__NvEfxbt,19,10503,55,200,XiaomiMiMo/MiMo-V2.6-Distill-Qwen-9B
har116-a-002391-loopfix-r2,har116-a-002391-loopfix-r2__NvEfxbt,20,10695,68,200,XiaomiMiMo/MiMo-V2.6-Distill-Qwen-9B
har116-a-002391-loopfix-r2,har116-a-002391-loopfix-r2__NvEfxbt,21,11288,57,200,XiaomiMiMo/MiMo-V2.6-Distill-Qwen-9B
har116-a-002391-loopfix-r2,har116-a-002391-loopfix-r2__NvEfxbt,22,11952,787,200,XiaomiMiMo/MiMo-V2.6-Distill-Qwen-9B
har116-a-002391-loopfix-r2,har116-a-002391-loopfix-r2__NvEfxbt,23,13411,42,200,XiaomiMiMo/MiMo-V2.6-Distill-Qwen-9B
har116-a-002391-loopfix-r2,har116-a-002391-loopfix-r2__NvEfxbt,24,14038,56,200,XiaomiMiMo/MiMo-V2.6-Distill-Qwen-9B
har116-a-002391-loopfix-r2,har116-a-002391-loopfix-r2__NvEfxbt,25,14530,183,200,XiaomiMiMo/MiMo-V2.6-Distill-Qwen-9B
har116-a-002391-loopfix-r2,har116-a-002391-loopfix-r2__NvEfxbt,26,14986,44,200,XiaomiMiMo/MiMo-V2.6-Distill-Qwen-9B
har116-a-002391-loopfix-r2,har116-a-002391-loopfix-r2__NvEfxbt,27,15564,82,200,XiaomiMiMo/MiMo-V2.6-Distill-Qwen-9B
har116-a-002391-loopfix-r2,har116-a-002391-loopfix-r2__NvEfxbt,28,16302,849,200,XiaomiMiMo/MiMo-V2.6-Distill-Qwen-9B
har116-a-002391-loopfix-r2,har116-a-002391-loopfix-r2__NvEfxbt,29,17878,356,200,XiaomiMiMo/MiMo-V2.6-Distill-Qwen-9B
har116-a-002391-loopfix-r2,har116-a-002391-loopfix-r2__NvEfxbt,30,18738,40,200,XiaomiMiMo/MiMo-V2.6-Distill-Qwen-9B
har116-a-002391-loopfix-r2,har116-a-002391-loopfix-r2__NvEfxbt,31,19318,41,200,XiaomiMiMo/MiMo-V2.6-Distill-Qwen-9B
har116-a-002391-loopfix-r2,har116-a-002391-loopfix-r2__NvEfxbt,32,19882,772,200,XiaomiMiMo/MiMo-V2.6-Distill-Qwen-9B
har116-a-002391-loopfix-r2,har116-a-002391-loopfix-r2__NvEfxbt,33,21075,103,200,XiaomiMiMo/MiMo-V2.6-Distill-Qwen-9B
har116-a-002391-loopfix-r2,har116-a-002391-loopfix-r2__NvEfxbt,34,21487,43,200,XiaomiMiMo/MiMo-V2.6-Distill-Qwen-9B
har116-a-002391-loopfix-r2,har116-a-002391-loopfix-r2__NvEfxbt,35,21789,78,200,XiaomiMiMo/MiMo-V2.6-Distill-Qwen-9B
har116-a-002391-loopfix-r2,har116-a-002391-loopfix-r2__NvEfxbt,36,22276,145,200,XiaomiMiMo/MiMo-V2.6-Distill-Qwen-9B
har116-a-002391-loopfix-r2,har116-a-002391-loopfix-r2__NvEfxbt,37,22663,43,200,XiaomiMiMo/MiMo-V2.6-Distill-Qwen-9B
har116-a-002391-loopfix-r2,har116-a-002391-loopfix-r2__NvEfxbt,38,22965,74,200,XiaomiMiMo/MiMo-V2.6-Distill-Qwen-9B
har116-a-002391-loopfix-r2,har116-a-002391-loopfix-r2__NvEfxbt,39,23496,137,200,XiaomiMiMo/MiMo-V2.6-Distill-Qwen-9B
har116-a-002391-loopfix-r2,har116-a-002391-loopfix-r2__NvEfxbt,40,23869,43,200,XiaomiMiMo/MiMo-V2.6-Distill-Qwen-9B
har116-a-002391-loopfix-r2,har116-a-002391-loopfix-r2__NvEfxbt,41,24175,804,200,XiaomiMiMo/MiMo-V2.6-Distill-Qwen-9B
har116-a-002391-loopfix-r2,har116-a-002391-loopfix-r2__NvEfxbt,42,25400,43,200,XiaomiMiMo/MiMo-V2.6-Distill-Qwen-9B
har116-a-002391-loopfix-r2,har116-a-002391-loopfix-r2__NvEfxbt,43,25704,514,200,XiaomiMiMo/MiMo-V2.6-Distill-Qwen-9B
har116-a-002391-loopfix-r2,har116-a-002391-loopfix-r2__NvEfxbt,44,26880,43,200,XiaomiMiMo/MiMo-V2.6-Distill-Qwen-9B
har116-a-002391-loopfix-r2,har116-a-002391-loopfix-r2__NvEfxbt,45,27184,821,200,XiaomiMiMo/MiMo-V2.6-Distill-Qwen-9B
har116-a-002391-loopfix-r2,har116-a-002391-loopfix-r2__NvEfxbt,46,28426,43,200,XiaomiMiMo/MiMo-V2.6-Distill-Qwen-9B
har116-a-002391-loopfix-r2,har116-a-002391-loopfix-r2__NvEfxbt,47,28728,75,200,XiaomiMiMo/MiMo-V2.6-Distill-Qwen-9B
har116-a-002391-loopfix-r2,har116-a-002391-loopfix-r2__NvEfxbt,48,29302,1173,200,XiaomiMiMo/MiMo-V2.6-Distill-Qwen-9B
har116-a-002391-loopfix-r2,har116-a-002391-loopfix-r2__NvEfxbt,49,31134,43,200,XiaomiMiMo/MiMo-V2.6-Distill-Qwen-9B
har116-a-002391-loopfix-r2,har116-a-002391-loopfix-r2__NvEfxbt,50,31436,88,200,XiaomiMiMo/MiMo-V2.6-Distill-Qwen-9B
har116-a-002391-loopfix-r2,har116-a-002391-loopfix-r2__NvEfxbt,51,31968,285,200,XiaomiMiMo/MiMo-V2.6-Distill-Qwen-9B
har116-a-002391-loopfix-r2,har116-a-002391-loopfix-r2__NvEfxbt,52,32699,43,200,XiaomiMiMo/MiMo-V2.6-Distill-Qwen-9B
har116-a-002391-loopfix-r2,har116-a-002391-loopfix-r2__NvEfxbt,53,32963,65,200,XiaomiMiMo/MiMo-V2.6-Distill-Qwen-9B
har116-a-002391-loopfix-r2,har116-a-002391-loopfix-r2__NvEfxbt,54,33134,41,200,XiaomiMiMo/MiMo-V2.6-Distill-Qwen-9B
har116-a-002391-loopfix-r2,har116-a-002391-loopfix-r2__NvEfxbt,55,33304,66,200,XiaomiMiMo/MiMo-V2.6-Distill-Qwen-9B
har116-a-002391-loopfix-r2,har116-a-002391-loopfix-r2__NvEfxbt,56,33462,84,200,XiaomiMiMo/MiMo-V2.6-Distill-Qwen-9B
har116-a-002391-loopfix-r2,har116-a-002391-loopfix-r2__NvEfxbt,57,33653,90,200,XiaomiMiMo/MiMo-V2.6-Distill-Qwen-9B
har116-a-002391-loopfix-r2,har116-a-002391-loopfix-r2__NvEfxbt,58,33881,50,200,XiaomiMiMo/MiMo-V2.6-Distill-Qwen-9B
har116-a-002391-loopfix-r2,har116-a-002391-loopfix-r2__NvEfxbt,59,34001,66,200,XiaomiMiMo/MiMo-V2.6-Distill-Qwen-9B
har116-a-002391-loopfix-r2,har116-a-002391-loopfix-r2__NvEfxbt,60,34154,38,200,XiaomiMiMo/MiMo-V2.6-Distill-Qwen-9B
har116-a-002391-loopfix-r2,har116-a-002391-loopfix-r2__NvEfxbt,61,34269,37,200,XiaomiMiMo/MiMo-V2.6-Distill-Qwen-9B
har116-a-002391-loopfix-r2,har116-a-002391-loopfix-r2__NvEfxbt,62,34354,35,200,XiaomiMiMo/MiMo-V2.6-Distill-Qwen-9B
har116-a-002391-loopfix-r2,har116-a-002391-loopfix-r2__NvEfxbt,63,34434,36,200,XiaomiMiMo/MiMo-V2.6-Distill-Qwen-9B
har116-a-002391-loopfix-r2,har116-a-002391-loopfix-r2__NvEfxbt,64,34517,49,200,XiaomiMiMo/MiMo-V2.6-Distill-Qwen-9B
har116-a-002391-loopfix-r2,har116-a-002391-loopfix-r2__NvEfxbt,65,34629,24,200,XiaomiMiMo/MiMo-V2.6-Distill-Qwen-9B
har116-a-002391-loopfix-r2,har116-a-002391-loopfix-r2__NvEfxbt,66,34718,36,200,XiaomiMiMo/MiMo-V2.6-Distill-Qwen-9B
har116-a-002391-loopfix-r2,har116-a-002391-loopfix-r2__NvEfxbt,67,34804,36,200,XiaomiMiMo/MiMo-V2.6-Distill-Qwen-9B
har116-a-002391-loopfix-r2,har116-a-002391-loopfix-r2__NvEfxbt,68,34889,45,200,XiaomiMiMo/MiMo-V2.6-Distill-Qwen-9B
har116-a-002391-loopfix-r2,har116-a-002391-loopfix-r2__NvEfxbt,69,34996,24,200,XiaomiMiMo/MiMo-V2.6-Distill-Qwen-9B
har116-a-002391-loopfix-r2,har116-a-002391-loopfix-r2__NvEfxbt,70,35083,36,200,XiaomiMiMo/MiMo-V2.6-Distill-Qwen-9B
har116-a-002391-loopfix-r2,har116-a-002391-loopfix-r2__NvEfxbt,71,35169,45,200,XiaomiMiMo/MiMo-V2.6-Distill-Qwen-9B
har116-a-002391-loopfix-r2,har116-a-002391-loopfix-r2__NvEfxbt,72,35274,24,200,XiaomiMiMo/MiMo-V2.6-Distill-Qwen-9B
har116-a-002391-loopfix-r2,har116-a-002391-loopfix-r2__NvEfxbt,73,35361,36,200,XiaomiMiMo/MiMo-V2.6-Distill-Qwen-9B
har116-a-002391-loopfix-r2,har116-a-002391-loopfix-r2__NvEfxbt,74,35447,45,200,XiaomiMiMo/MiMo-V2.6-Distill-Qwen-9B
har116-a-002391-loopfix-r2,har116-a-002391-loopfix-r2__NvEfxbt,75,35800,166,200,XiaomiMiMo/MiMo-V2.6-Distill-Qwen-9B
har116-a-002391-loopfix-r2,har116-a-002391-loopfix-r2__NvEfxbt,76,36083,25,200,XiaomiMiMo/MiMo-V2.6-Distill-Qwen-9B
har116-a-002391-loopfix-r2,har116-a-002391-loopfix-r2__NvEfxbt,77,36171,39,200,XiaomiMiMo/MiMo-V2.6-Distill-Qwen-9B
har116-a-002391-loopfix-r2,har116-a-002391-loopfix-r2__NvEfxbt,78,36265,36,200,XiaomiMiMo/MiMo-V2.6-Distill-Qwen-9B
har116-a-002391-loopfix-r2,har116-a-002391-loopfix-r2__NvEfxbt,79,36352,45,200,XiaomiMiMo/MiMo-V2.6-Distill-Qwen-9B
har116-a-002391-loopfix-r2,har116-a-002391-loopfix-r2__NvEfxbt,80,36457,36,200,XiaomiMiMo/MiMo-V2.6-Distill-Qwen-9B
har116-a-002391-loopfix-r2,har116-a-002391-loopfix-r2__NvEfxbt,81,36555,45,200,XiaomiMiMo/MiMo-V2.6-Distill-Qwen-9B
har116-a-002391-loopfix-r2,har116-a-002391-loopfix-r2__NvEfxbt,82,36660,36,200,XiaomiMiMo/MiMo-V2.6-Distill-Qwen-9B
har116-a-002391-loopfix-r2,har116-a-002391-loopfix-r2__NvEfxbt,83,36758,45,200,XiaomiMiMo/MiMo-V2.6-Distill-Qwen-9B
har116-a-002391-loopfix-r2,har116-a-002391-loopfix-r2__NvEfxbt,84,36863,36,200,XiaomiMiMo/MiMo-V2.6-Distill-Qwen-9B
har116-a-002391-loopfix-r2,har116-a-002391-loopfix-r2__NvEfxbt,85,36961,45,200,XiaomiMiMo/MiMo-V2.6-Distill-Qwen-9B
har116-a-002391-loopfix-r2,har116-a-002391-loopfix-r2__NvEfxbt,86,37066,36,200,XiaomiMiMo/MiMo-V2.6-Distill-Qwen-9B
har116-a-002391-loopfix-r2,har116-a-002391-loopfix-r2__NvEfxbt,87,37164,45,200,XiaomiMiMo/MiMo-V2.6-Distill-Qwen-9B
har116-a-002391-loopfix-r2,har116-a-002391-loopfix-r2__NvEfxbt,88,37269,36,200,XiaomiMiMo/MiMo-V2.6-Distill-Qwen-9B
har116-a-002391-loopfix-r2,har116-a-002391-loopfix-r2__NvEfxbt,89,37367,45,200,XiaomiMiMo/MiMo-V2.6-Distill-Qwen-9B
har116-a-002391-loopfix-r2,har116-a-002391-loopfix-r2__NvEfxbt,90,37472,36,200,XiaomiMiMo/MiMo-V2.6-Distill-Qwen-9B
har116-a-002391-loopfix-r2,har116-a-002391-loopfix-r2__NvEfxbt,91,37570,45,200,XiaomiMiMo/MiMo-V2.6-Distill-Qwen-9B
har116-a-002391-loopfix-r2,har116-a-002391-loopfix-r2__NvEfxbt,92,37675,36,200,XiaomiMiMo/MiMo-V2.6-Distill-Qwen-9B
har116-a-002391-loopfix-r2,har116-a-002391-loopfix-r2__NvEfxbt,93,37912,36,200,XiaomiMiMo/MiMo-V2.6-Distill-Qwen-9B
har116-a-002391-loopfix-r2,har116-a-002391-loopfix-r2__NvEfxbt,94,37999,45,200,XiaomiMiMo/MiMo-V2.6-Distill-Qwen-9B
har116-a-002391-loopfix-r2,har116-a-002391-loopfix-r2__NvEfxbt,95,38106,36,200,XiaomiMiMo/MiMo-V2.6-Distill-Qwen-9B
har116-a-002391-loopfix-r2,har116-a-002391-loopfix-r2__NvEfxbt,96,38204,45,200,XiaomiMiMo/MiMo-V2.6-Distill-Qwen-9B
har116-a-002391-loopfix-r2,har116-a-002391-loopfix-r2__NvEfxbt,97,38309,36,200,XiaomiMiMo/MiMo-V2.6-Distill-Qwen-9B
har116-a-002864-baseline,har116-a-002864-baseline__LnaWDq6,1,1172,134,200,XiaomiMiMo/MiMo-V2.6-Distill-Qwen-9B
har116-a-002864-baseline,har116-a-002864-baseline__LnaWDq6,2,1621,165,200,XiaomiMiMo/MiMo-V2.6-Distill-Qwen-9B
har116-a-002864-baseline,har116-a-002864-baseline__LnaWDq6,3,3555,175,200,XiaomiMiMo/MiMo-V2.6-Distill-Qwen-9B
har116-a-002864-baseline,har116-a-002864-baseline__LnaWDq6,4,4097,53,200,XiaomiMiMo/MiMo-V2.6-Distill-Qwen-9B
har116-a-002864-baseline,har116-a-002864-baseline__LnaWDq6,5,5243,122,200,XiaomiMiMo/MiMo-V2.6-Distill-Qwen-9B
har116-a-002864-baseline,har116-a-002864-baseline__LnaWDq6,6,5883,847,200,XiaomiMiMo/MiMo-V2.6-Distill-Qwen-9B
har116-a-002864-baseline,har116-a-002864-baseline__LnaWDq6,7,6400,51,200,XiaomiMiMo/MiMo-V2.6-Distill-Qwen-9B
har116-a-002864-baseline,har116-a-002864-baseline__LnaWDq6,8,6836,900,200,XiaomiMiMo/MiMo-V2.6-Distill-Qwen-9B
har116-a-002864-baseline,har116-a-002864-baseline__LnaWDq6,9,7516,77,200,XiaomiMiMo/MiMo-V2.6-Distill-Qwen-9B
har116-a-002864-baseline,har116-a-002864-baseline__LnaWDq6,10,7792,53,200,XiaomiMiMo/MiMo-V2.6-Distill-Qwen-9B
har116-a-002864-baseline,har116-a-002864-baseline__LnaWDq6,11,8016,372,200,XiaomiMiMo/MiMo-V2.6-Distill-Qwen-9B
har116-a-002864-baseline,har116-a-002864-baseline__LnaWDq6,12,9077,301,200,XiaomiMiMo/MiMo-V2.6-Distill-Qwen-9B
har116-a-002864-baseline,har116-a-002864-baseline__LnaWDq6,13,9794,61,200,XiaomiMiMo/MiMo-V2.6-Distill-Qwen-9B
har116-a-002864-baseline,har116-a-002864-baseline__LnaWDq6,14,10064,50,200,XiaomiMiMo/MiMo-V2.6-Distill-Qwen-9B
har116-a-002864-baseline,har116-a-002864-baseline__LnaWDq6,15,10254,61,200,XiaomiMiMo/MiMo-V2.6-Distill-Qwen-9B
har116-a-002864-baseline,har116-a-002864-baseline__LnaWDq6,16,11056,281,200,XiaomiMiMo/MiMo-V2.6-Distill-Qwen-9B
har116-a-002864-baseline,har116-a-002864-baseline__LnaWDq6,17,11442,209,200,XiaomiMiMo/MiMo-V2.6-Distill-Qwen-9B
har116-a-002864-baseline,har116-a-002864-baseline__LnaWDq6,18,11749,29,200,XiaomiMiMo/MiMo-V2.6-Distill-Qwen-9B
har116-a-002864-baseline,har116-a-002864-baseline__LnaWDq6,19,11873,29,200,XiaomiMiMo/MiMo-V2.6-Distill-Qwen-9B
har116-a-002864-baseline,har116-a-002864-baseline__LnaWDq6,20,11997,218,200,XiaomiMiMo/MiMo-V2.6-Distill-Qwen-9B
har116-a-002864-baseline,har116-a-002864-baseline__LnaWDq6,21,12317,45,200,XiaomiMiMo/MiMo-V2.6-Distill-Qwen-9B
har116-a-002864-baseline,har116-a-002864-baseline__LnaWDq6,22,12457,163,200,XiaomiMiMo/MiMo-V2.6-Distill-Qwen-9B
har116-a-002864-baseline,har116-a-002864-baseline__LnaWDq6,23,12715,45,200,XiaomiMiMo/MiMo-V2.6-Distill-Qwen-9B
har116-a-002864-baseline,har116-a-002864-baseline__LnaWDq6,24,12855,190,200,XiaomiMiMo/MiMo-V2.6-Distill-Qwen-9B
har116-a-002864-baseline,har116-a-002864-baseline__LnaWDq6,25,13140,190,200,XiaomiMiMo/MiMo-V2.6-Distill-Qwen-9B
har116-a-002864-baseline,har116-a-002864-baseline__LnaWDq6,26,13425,190,200,XiaomiMiMo/MiMo-V2.6-Distill-Qwen-9B
har116-a-002864-baseline,har116-a-002864-baseline__LnaWDq6,27,13710,190,200,XiaomiMiMo/MiMo-V2.6-Distill-Qwen-9B
har116-a-002864-baseline,har116-a-002864-baseline__LnaWDq6,28,13995,190,200,XiaomiMiMo/MiMo-V2.6-Distill-Qwen-9B
har116-a-002864-baseline,har116-a-002864-baseline__LnaWDq6,29,14280,190,200,XiaomiMiMo/MiMo-V2.6-Distill-Qwen-9B
har116-a-002864-baseline,har116-a-002864-baseline__LnaWDq6,30,14565,190,200,XiaomiMiMo/MiMo-V2.6-Distill-Qwen-9B
har116-a-002864-baseline,har116-a-002864-baseline__LnaWDq6,31,14850,190,200,XiaomiMiMo/MiMo-V2.6-Distill-Qwen-9B
har116-a-002864-baseline,har116-a-002864-baseline__LnaWDq6,32,15135,190,200,XiaomiMiMo/MiMo-V2.6-Distill-Qwen-9B
har116-a-002864-baseline,har116-a-002864-baseline__LnaWDq6,33,15420,190,200,XiaomiMiMo/MiMo-V2.6-Distill-Qwen-9B
har116-a-002864-baseline,har116-a-002864-baseline__LnaWDq6,34,15705,190,200,XiaomiMiMo/MiMo-V2.6-Distill-Qwen-9B
har116-a-002864-baseline,har116-a-002864-baseline__LnaWDq6,35,15990,190,200,XiaomiMiMo/MiMo-V2.6-Distill-Qwen-9B
har116-a-002864-baseline,har116-a-002864-baseline__LnaWDq6,36,16275,190,200,XiaomiMiMo/MiMo-V2.6-Distill-Qwen-9B
har116-a-002864-baseline,har116-a-002864-baseline__LnaWDq6,37,16560,190,200,XiaomiMiMo/MiMo-V2.6-Distill-Qwen-9B
har116-a-002864-baseline,har116-a-002864-baseline__LnaWDq6,38,16845,190,200,XiaomiMiMo/MiMo-V2.6-Distill-Qwen-9B
har116-a-002864-baseline,har116-a-002864-baseline__LnaWDq6,39,17130,190,200,XiaomiMiMo/MiMo-V2.6-Distill-Qwen-9B
har116-a-002864-baseline,har116-a-002864-baseline__LnaWDq6,40,17415,190,200,XiaomiMiMo/MiMo-V2.6-Distill-Qwen-9B
har116-a-002864-baseline,har116-a-002864-baseline__LnaWDq6,41,17700,190,200,XiaomiMiMo/MiMo-V2.6-Distill-Qwen-9B
har116-a-002864-baseline,har116-a-002864-baseline__LnaWDq6,42,17985,190,200,XiaomiMiMo/MiMo-V2.6-Distill-Qwen-9B
har116-a-002864-baseline,har116-a-002864-baseline__LnaWDq6,43,18270,190,200,XiaomiMiMo/MiMo-V2.6-Distill-Qwen-9B
har116-a-002864-baseline,har116-a-002864-baseline__LnaWDq6,44,18555,190,200,XiaomiMiMo/MiMo-V2.6-Distill-Qwen-9B
har116-a-002864-baseline,har116-a-002864-baseline__LnaWDq6,45,18840,190,200,XiaomiMiMo/MiMo-V2.6-Distill-Qwen-9B
har116-a-002864-baseline,har116-a-002864-baseline__LnaWDq6,46,19125,190,200,XiaomiMiMo/MiMo-V2.6-Distill-Qwen-9B
har116-a-002864-baseline,har116-a-002864-baseline__LnaWDq6,47,19410,190,200,XiaomiMiMo/MiMo-V2.6-Distill-Qwen-9B
har116-a-002864-baseline,har116-a-002864-baseline__LnaWDq6,48,19695,190,200,XiaomiMiMo/MiMo-V2.6-Distill-Qwen-9B
har116-a-002864-baseline,har116-a-002864-baseline__LnaWDq6,49,19980,190,200,XiaomiMiMo/MiMo-V2.6-Distill-Qwen-9B
har116-a-002864-baseline,har116-a-002864-baseline__LnaWDq6,50,20265,190,200,XiaomiMiMo/MiMo-V2.6-Distill-Qwen-9B
har116-a-002864-baseline,har116-a-002864-baseline__LnaWDq6,51,20550,190,200,XiaomiMiMo/MiMo-V2.6-Distill-Qwen-9B
har116-a-002864-baseline,har116-a-002864-baseline__LnaWDq6,52,20835,190,200,XiaomiMiMo/MiMo-V2.6-Distill-Qwen-9B
har116-a-002864-baseline,har116-a-002864-baseline__LnaWDq6,53,21120,190,200,XiaomiMiMo/MiMo-V2.6-Distill-Qwen-9B
har116-a-002864-baseline,har116-a-002864-baseline__LnaWDq6,54,21405,190,200,XiaomiMiMo/MiMo-V2.6-Distill-Qwen-9B
har116-a-002864-baseline,har116-a-002864-baseline__LnaWDq6,55,21690,190,200,XiaomiMiMo/MiMo-V2.6-Distill-Qwen-9B
har116-a-002864-baseline,har116-a-002864-baseline__LnaWDq6,56,21975,190,200,XiaomiMiMo/MiMo-V2.6-Distill-Qwen-9B
har116-a-002864-baseline,har116-a-002864-baseline__LnaWDq6,57,22260,190,200,XiaomiMiMo/MiMo-V2.6-Distill-Qwen-9B
har116-a-002864-baseline,har116-a-002864-baseline__LnaWDq6,58,22545,190,200,XiaomiMiMo/MiMo-V2.6-Distill-Qwen-9B
har116-a-002864-baseline,har116-a-002864-baseline__LnaWDq6,59,22830,190,200,XiaomiMiMo/MiMo-V2.6-Distill-Qwen-9B
har116-a-002864-baseline,har116-a-002864-baseline__LnaWDq6,60,23115,190,200,XiaomiMiMo/MiMo-V2.6-Distill-Qwen-9B
har116-a-002864-baseline,har116-a-002864-baseline__LnaWDq6,61,23400,190,200,XiaomiMiMo/MiMo-V2.6-Distill-Qwen-9B
har116-a-002864-baseline,har116-a-002864-baseline__LnaWDq6,62,23685,190,200,XiaomiMiMo/MiMo-V2.6-Distill-Qwen-9B
har116-a-002864-baseline,har116-a-002864-baseline__LnaWDq6,63,23970,190,200,XiaomiMiMo/MiMo-V2.6-Distill-Qwen-9B
har116-a-002864-baseline,har116-a-002864-baseline__LnaWDq6,64,24255,190,200,XiaomiMiMo/MiMo-V2.6-Distill-Qwen-9B
har116-a-002864-baseline,har116-a-002864-baseline__LnaWDq6,65,24540,190,200,XiaomiMiMo/MiMo-V2.6-Distill-Qwen-9B
har116-a-002864-baseline,har116-a-002864-baseline__LnaWDq6,66,24825,190,200,XiaomiMiMo/MiMo-V2.6-Distill-Qwen-9B
har116-a-002864-baseline,har116-a-002864-baseline__LnaWDq6,67,25110,190,200,XiaomiMiMo/MiMo-V2.6-Distill-Qwen-9B
har116-a-002864-baseline,har116-a-002864-baseline__LnaWDq6,68,25395,190,200,XiaomiMiMo/MiMo-V2.6-Distill-Qwen-9B
har116-a-002864-baseline,har116-a-002864-baseline__LnaWDq6,69,25680,190,200,XiaomiMiMo/MiMo-V2.6-Distill-Qwen-9B
har116-a-002864-baseline,har116-a-002864-baseline__LnaWDq6,70,25965,190,200,XiaomiMiMo/MiMo-V2.6-Distill-Qwen-9B
har116-a-002864-baseline,har116-a-002864-baseline__LnaWDq6,71,26250,190,200,XiaomiMiMo/MiMo-V2.6-Distill-Qwen-9B
har116-a-002864-baseline,har116-a-002864-baseline__LnaWDq6,72,26535,190,200,XiaomiMiMo/MiMo-V2.6-Distill-Qwen-9B
har116-a-002864-baseline,har116-a-002864-baseline__LnaWDq6,73,26820,190,200,XiaomiMiMo/MiMo-V2.6-Distill-Qwen-9B
har116-a-002864-baseline,har116-a-002864-baseline__LnaWDq6,74,27105,190,200,XiaomiMiMo/MiMo-V2.6-Distill-Qwen-9B
har116-a-002864-baseline,har116-a-002864-baseline__LnaWDq6,75,27390,190,200,XiaomiMiMo/MiMo-V2.6-Distill-Qwen-9B
har116-a-002864-baseline,har116-a-002864-baseline__LnaWDq6,76,27675,190,200,XiaomiMiMo/MiMo-V2.6-Distill-Qwen-9B
har116-a-002864-baseline,har116-a-002864-baseline__LnaWDq6,77,27960,190,200,XiaomiMiMo/MiMo-V2.6-Distill-Qwen-9B
har116-a-002864-baseline,har116-a-002864-baseline__LnaWDq6,78,28245,190,200,XiaomiMiMo/MiMo-V2.6-Distill-Qwen-9B
har116-a-002864-baseline,har116-a-002864-baseline__LnaWDq6,79,28530,190,200,XiaomiMiMo/MiMo-V2.6-Distill-Qwen-9B
har116-a-002864-baseline,har116-a-002864-baseline__LnaWDq6,80,28815,190,200,XiaomiMiMo/MiMo-V2.6-Distill-Qwen-9B
har116-a-002864-baseline,har116-a-002864-baseline__LnaWDq6,81,29100,190,200,XiaomiMiMo/MiMo-V2.6-Distill-Qwen-9B
har116-a-002864-baseline,har116-a-002864-baseline__LnaWDq6,82,29385,190,200,XiaomiMiMo/MiMo-V2.6-Distill-Qwen-9B
har116-a-002864-baseline,har116-a-002864-baseline__LnaWDq6,83,29670,190,200,XiaomiMiMo/MiMo-V2.6-Distill-Qwen-9B
har116-a-002864-baseline,har116-a-002864-baseline__LnaWDq6,84,29955,190,200,XiaomiMiMo/MiMo-V2.6-Distill-Qwen-9B
har116-a-002864-baseline,har116-a-002864-baseline__LnaWDq6,85,30240,190,200,XiaomiMiMo/MiMo-V2.6-Distill-Qwen-9B
har116-a-002864-baseline,har116-a-002864-baseline__LnaWDq6,86,30525,190,200,XiaomiMiMo/MiMo-V2.6-Distill-Qwen-9B
har116-a-002864-baseline,har116-a-002864-baseline__LnaWDq6,87,30810,190,200,XiaomiMiMo/MiMo-V2.6-Distill-Qwen-9B
har116-a-002864-baseline,har116-a-002864-baseline__LnaWDq6,88,31095,190,200,XiaomiMiMo/MiMo-V2.6-Distill-Qwen-9B
har116-a-002864-baseline,har116-a-002864-baseline__LnaWDq6,89,31380,190,200,XiaomiMiMo/MiMo-V2.6-Distill-Qwen-9B
har116-a-002864-baseline,har116-a-002864-baseline__LnaWDq6,90,31665,190,200,XiaomiMiMo/MiMo-V2.6-Distill-Qwen-9B
har116-a-002864-baseline,har116-a-002864-baseline__LnaWDq6,91,31950,190,200,XiaomiMiMo/MiMo-V2.6-Distill-Qwen-9B
har116-a-002864-baseline,har116-a-002864-baseline__LnaWDq6,92,32235,190,200,XiaomiMiMo/MiMo-V2.6-Distill-Qwen-9B
har116-a-002864-baseline,har116-a-002864-baseline__LnaWDq6,93,32520,190,200,XiaomiMiMo/MiMo-V2.6-Distill-Qwen-9B
har116-a-002864-baseline,har116-a-002864-baseline__LnaWDq6,94,32805,190,200,XiaomiMiMo/MiMo-V2.6-Distill-Qwen-9B
har116-a-002864-baseline,har116-a-002864-baseline__LnaWDq6,95,33090,190,200,XiaomiMiMo/MiMo-V2.6-Distill-Qwen-9B
har116-a-002864-baseline,har116-a-002864-baseline__LnaWDq6,96,33375,190,200,XiaomiMiMo/MiMo-V2.6-Distill-Qwen-9B
har116-a-002864-baseline,har116-a-002864-baseline__LnaWDq6,97,33660,190,200,XiaomiMiMo/MiMo-V2.6-Distill-Qwen-9B
har116-a-002864-baseline,har116-a-002864-baseline__LnaWDq6,98,33945,190,200,XiaomiMiMo/MiMo-V2.6-Distill-Qwen-9B
har116-a-002864-baseline,har116-a-002864-baseline__LnaWDq6,99,34230,190,200,XiaomiMiMo/MiMo-V2.6-Distill-Qwen-9B
har116-a-002864-baseline,har116-a-002864-baseline__LnaWDq6,100,34515,190,200,XiaomiMiMo/MiMo-V2.6-Distill-Qwen-9B
har116-a-002864-baseline,har116-a-002864-baseline__LnaWDq6,101,34800,190,200,XiaomiMiMo/MiMo-V2.6-Distill-Qwen-9B
har116-a-002864-baseline,har116-a-002864-baseline__LnaWDq6,102,35085,190,200,XiaomiMiMo/MiMo-V2.6-Distill-Qwen-9B
har116-a-002864-baseline,har116-a-002864-baseline__LnaWDq6,103,35370,190,200,XiaomiMiMo/MiMo-V2.6-Distill-Qwen-9B
har116-a-002864-baseline,har116-a-002864-baseline__LnaWDq6,104,35655,190,200,XiaomiMiMo/MiMo-V2.6-Distill-Qwen-9B
har116-a-002864-baseline,har116-a-002864-baseline__LnaWDq6,105,35940,190,200,XiaomiMiMo/MiMo-V2.6-Distill-Qwen-9B
har116-a-002864-baseline,har116-a-002864-baseline__LnaWDq6,106,36225,190,200,XiaomiMiMo/MiMo-V2.6-Distill-Qwen-9B
har116-a-002864-baseline,har116-a-002864-baseline__LnaWDq6,107,36510,190,200,XiaomiMiMo/MiMo-V2.6-Distill-Qwen-9B
har116-a-002864-baseline,har116-a-002864-baseline__LnaWDq6,108,36795,190,200,XiaomiMiMo/MiMo-V2.6-Distill-Qwen-9B
har116-a-002864-baseline,har116-a-002864-baseline__LnaWDq6,109,37080,190,200,XiaomiMiMo/MiMo-V2.6-Distill-Qwen-9B
har116-a-002864-baseline,har116-a-002864-baseline__LnaWDq6,110,37365,190,200,XiaomiMiMo/MiMo-V2.6-Distill-Qwen-9B
har116-a-002864-baseline,har116-a-002864-baseline__LnaWDq6,111,37650,190,200,XiaomiMiMo/MiMo-V2.6-Distill-Qwen-9B
har116-a-002864-baseline,har116-a-002864-baseline__LnaWDq6,112,37935,190,200,XiaomiMiMo/MiMo-V2.6-Distill-Qwen-9B
har116-a-002864-loopfix,har116-a-002864-loopfix__oHC4HdZ,1,1171,128,200,XiaomiMiMo/MiMo-V2.6-Distill-Qwen-9B
har116-a-002864-loopfix-r2,har116-a-002864-loopfix-r2__CWRe7mJ,1,1169,115,200,XiaomiMiMo/MiMo-V2.6-Distill-Qwen-9B
har116-a-002864-loopfix-r2,har116-a-002864-loopfix-r2__CWRe7mJ,2,1622,84,200,XiaomiMiMo/MiMo-V2.6-Distill-Qwen-9B
har116-a-002864-loopfix-r2,har116-a-002864-loopfix-r2__CWRe7mJ,3,2381,44,200,XiaomiMiMo/MiMo-V2.6-Distill-Qwen-9B
har116-a-002864-loopfix-r2,har116-a-002864-loopfix-r2__CWRe7mJ,4,3006,52,200,XiaomiMiMo/MiMo-V2.6-Distill-Qwen-9B
har116-a-002864-loopfix-r2,har116-a-002864-loopfix-r2__CWRe7mJ,5,3661,147,200,XiaomiMiMo/MiMo-V2.6-Distill-Qwen-9B
har116-a-002864-loopfix-r2,har116-a-002864-loopfix-r2__CWRe7mJ,6,4079,90,200,XiaomiMiMo/MiMo-V2.6-Distill-Qwen-9B
har116-a-002864-loopfix-r2,har116-a-002864-loopfix-r2__CWRe7mJ,7,4640,419,200,XiaomiMiMo/MiMo-V2.6-Distill-Qwen-9B
har116-a-002864-loopfix-r2,har116-a-002864-loopfix-r2__CWRe7mJ,8,5004,55,200,XiaomiMiMo/MiMo-V2.6-Distill-Qwen-9B
har116-a-002864-loopfix-r2,har116-a-002864-loopfix-r2__CWRe7mJ,9,5490,433,200,XiaomiMiMo/MiMo-V2.6-Distill-Qwen-9B
har116-a-002864-loopfix-r2,har116-a-002864-loopfix-r2__CWRe7mJ,10,5811,739,200,XiaomiMiMo/MiMo-V2.6-Distill-Qwen-9B
har116-a-002864-loopfix-r2,har116-a-002864-loopfix-r2__CWRe7mJ,11,6291,929,200,XiaomiMiMo/MiMo-V2.6-Distill-Qwen-9B
har116-a-002864-loopfix-r2,har116-a-002864-loopfix-r2__CWRe7mJ,12,7006,410,200,XiaomiMiMo/MiMo-V2.6-Distill-Qwen-9B
har116-a-002864-loopfix-r2,har116-a-002864-loopfix-r2__CWRe7mJ,13,7965,262,200,XiaomiMiMo/MiMo-V2.6-Distill-Qwen-9B
har116-a-002864-loopfix-r2,har116-a-002864-loopfix-r2__CWRe7mJ,14,8590,56,200,XiaomiMiMo/MiMo-V2.6-Distill-Qwen-9B
har116-a-002864-loopfix-r2,har116-a-002864-loopfix-r2__CWRe7mJ,15,8778,65,200,XiaomiMiMo/MiMo-V2.6-Distill-Qwen-9B
har116-a-002864-loopfix-r2,har116-a-002864-loopfix-r2__CWRe7mJ,16,8975,63,200,XiaomiMiMo/MiMo-V2.6-Distill-Qwen-9B
har116-a-002864-loopfix-r2,har116-a-002864-loopfix-r2__CWRe7mJ,17,9480,95,200,XiaomiMiMo/MiMo-V2.6-Distill-Qwen-9B
har116-a-002864-loopfix-r2,har116-a-002864-loopfix-r2__CWRe7mJ,18,9897,331,200,XiaomiMiMo/MiMo-V2.6-Distill-Qwen-9B
har116-a-002864-loopfix-r2,har116-a-002864-loopfix-r2__CWRe7mJ,19,10330,100,200,XiaomiMiMo/MiMo-V2.6-Distill-Qwen-9B
har116-a-002864-loopfix-r2,har116-a-002864-loopfix-r2__CWRe7mJ,20,10917,47,200,XiaomiMiMo/MiMo-V2.6-Distill-Qwen-9B
har116-a-002864-loopfix-r2,har116-a-002864-loopfix-r2__CWRe7mJ,21,11056,236,200,XiaomiMiMo/MiMo-V2.6-Distill-Qwen-9B
har116-a-002864-loopfix-r2,har116-a-002864-loopfix-r2__CWRe7mJ,22,11394,96,200,XiaomiMiMo/MiMo-V2.6-Distill-Qwen-9B
har116-b-000146-leakclosed,har116-b-000146-leakclosed__UsngzaQ,1,2278,103,200,XiaomiMiMo/MiMo-V2.6-Distill-Qwen-9B
har116-b-000146-leakclosed,har116-b-000146-leakclosed__UsngzaQ,2,2725,67,200,XiaomiMiMo/MiMo-V2.6-Distill-Qwen-9B
har116-b-000146-leakclosed,har116-b-000146-leakclosed__UsngzaQ,3,5119,160,200,XiaomiMiMo/MiMo-V2.6-Distill-Qwen-9B
har116-b-000146-leakclosed,har116-b-000146-leakclosed__UsngzaQ,4,6064,583,200,XiaomiMiMo/MiMo-V2.6-Distill-Qwen-9B
har116-b-000146-leakclosed,har116-b-000146-leakclosed__UsngzaQ,5,7416,951,200,XiaomiMiMo/MiMo-V2.6-Distill-Qwen-9B
har116-b-000146-leakclosed,har116-b-000146-leakclosed__UsngzaQ,6,8569,770,200,XiaomiMiMo/MiMo-V2.6-Distill-Qwen-9B
har116-b-000146-leakclosed,har116-b-000146-leakclosed__UsngzaQ,7,9720,154,200,XiaomiMiMo/MiMo-V2.6-Distill-Qwen-9B
har116-b-000146-leakclosed,har116-b-000146-leakclosed__UsngzaQ,8,10036,53,200,XiaomiMiMo/MiMo-V2.6-Distill-Qwen-9B
har116-b-000146-leakclosed,har116-b-000146-leakclosed__UsngzaQ,9,10425,55,200,XiaomiMiMo/MiMo-V2.6-Distill-Qwen-9B
har116-b-000146-leakclosed,har116-b-000146-leakclosed__UsngzaQ,10,10671,425,200,XiaomiMiMo/MiMo-V2.6-Distill-Qwen-9B
har116-b-000146-leakclosed,har116-b-000146-leakclosed__UsngzaQ,11,11646,306,200,XiaomiMiMo/MiMo-V2.6-Distill-Qwen-9B
har116-b-000146-leakclosed,har116-b-000146-leakclosed__UsngzaQ,12,12734,90,200,XiaomiMiMo/MiMo-V2.6-Distill-Qwen-9B
har116-b-000146-leakclosed,har116-b-000146-leakclosed__UsngzaQ,13,13316,83,200,XiaomiMiMo/MiMo-V2.6-Distill-Qwen-9B
har116-b-000146-leakclosed,har116-b-000146-leakclosed__UsngzaQ,14,13760,390,200,XiaomiMiMo/MiMo-V2.6-Distill-Qwen-9B
har116-b-000146-leakclosed,har116-b-000146-leakclosed__UsngzaQ,15,14738,88,200,XiaomiMiMo/MiMo-V2.6-Distill-Qwen-9B
har116-b-000146-leakclosed,har116-b-000146-leakclosed__UsngzaQ,16,15173,94,200,XiaomiMiMo/MiMo-V2.6-Distill-Qwen-9B
har116-b-000146-leakclosed,har116-b-000146-leakclosed__UsngzaQ,17,15534,219,200,XiaomiMiMo/MiMo-V2.6-Distill-Qwen-9B
har116-b-000146-leakclosed,har116-b-000146-leakclosed__UsngzaQ,18,16103,91,200,XiaomiMiMo/MiMo-V2.6-Distill-Qwen-9B
har116-b-000146-leakclosed,har116-b-000146-leakclosed__UsngzaQ,19,16492,433,200,XiaomiMiMo/MiMo-V2.6-Distill-Qwen-9B
har116-b-000146-leakclosed,har116-b-000146-leakclosed__UsngzaQ,20,17493,89,200,XiaomiMiMo/MiMo-V2.6-Distill-Qwen-9B
har116-b-000146-leakclosed,har116-b-000146-leakclosed__UsngzaQ,21,17742,64,200,XiaomiMiMo/MiMo-V2.6-Distill-Qwen-9B
har116-b-000146-leakclosed,har116-b-000146-leakclosed__UsngzaQ,22,18421,47,200,XiaomiMiMo/MiMo-V2.6-Distill-Qwen-9B
har116-b-000146-leakclosed,har116-b-000146-leakclosed__UsngzaQ,23,18599,48,200,XiaomiMiMo/MiMo-V2.6-Distill-Qwen-9B
har116-b-000146-leakclosed,har116-b-000146-leakclosed__UsngzaQ,24,18909,197,200,XiaomiMiMo/MiMo-V2.6-Distill-Qwen-9B
har116-b-000146-leakclosed,har116-b-000146-leakclosed__UsngzaQ,25,19390,56,200,XiaomiMiMo/MiMo-V2.6-Distill-Qwen-9B
har116-b-000146-leakclosed,har116-b-000146-leakclosed__UsngzaQ,26,20153,73,200,XiaomiMiMo/MiMo-V2.6-Distill-Qwen-9B
har116-b-000146-leakclosed,har116-b-000146-leakclosed__UsngzaQ,27,20576,92,200,XiaomiMiMo/MiMo-V2.6-Distill-Qwen-9B
har116-b-000146-leakclosed,har116-b-000146-leakclosed__UsngzaQ,28,20818,93,200,XiaomiMiMo/MiMo-V2.6-Distill-Qwen-9B
har116-b-000146-leakclosed,har116-b-000146-leakclosed__UsngzaQ,29,21486,88,200,XiaomiMiMo/MiMo-V2.6-Distill-Qwen-9B
har116-b-000146-leakclosed,har116-b-000146-leakclosed__UsngzaQ,30,21734,365,200,XiaomiMiMo/MiMo-V2.6-Distill-Qwen-9B
har116-b-000146-leakclosed,har116-b-000146-leakclosed__UsngzaQ,31,22203,194,200,XiaomiMiMo/MiMo-V2.6-Distill-Qwen-9B
har116-b-000146-original,har116-b-000146-original__JT6tRiN,1,2277,63,200,XiaomiMiMo/MiMo-V2.6-Distill-Qwen-9B
har116-b-000146-original,har116-b-000146-original__JT6tRiN,2,4670,87,200,XiaomiMiMo/MiMo-V2.6-Distill-Qwen-9B
har116-b-000146-original,har116-b-000146-original__JT6tRiN,3,5353,302,200,XiaomiMiMo/MiMo-V2.6-Distill-Qwen-9B
har116-b-000146-original,har116-b-000146-original__JT6tRiN,4,5673,565,200,XiaomiMiMo/MiMo-V2.6-Distill-Qwen-9B
har116-b-000146-original,har116-b-000146-original__JT6tRiN,5,6036,475,200,XiaomiMiMo/MiMo-V2.6-Distill-Qwen-9B
har116-b-000146-original,har116-b-000146-original__JT6tRiN,6,7020,256,200,XiaomiMiMo/MiMo-V2.6-Distill-Qwen-9B
har116-b-000146-original,har116-b-000146-original__JT6tRiN,7,7221,196,200,XiaomiMiMo/MiMo-V2.6-Distill-Qwen-9B
har116-b-000146-original,har116-b-000146-original__JT6tRiN,8,7752,1089,200,XiaomiMiMo/MiMo-V2.6-Distill-Qwen-9B
har116-b-000146-original,har116-b-000146-original__JT6tRiN,9,8576,88,200,XiaomiMiMo/MiMo-V2.6-Distill-Qwen-9B
har116-b-000146-original,har116-b-000146-original__JT6tRiN,10,8797,342,200,XiaomiMiMo/MiMo-V2.6-Distill-Qwen-9B
har116-b-000146-original,har116-b-000146-original__JT6tRiN,11,10718,3050,200,XiaomiMiMo/MiMo-V2.6-Distill-Qwen-9B
har116-b-000146-original,har116-b-000146-original__JT6tRiN,12,11040,285,200,XiaomiMiMo/MiMo-V2.6-Distill-Qwen-9B
har116-b-000146-original,har116-b-000146-original__JT6tRiN,13,11784,2578,200,XiaomiMiMo/MiMo-V2.6-Distill-Qwen-9B
har116-b-000146-original,har116-b-000146-original__JT6tRiN,14,12082,102,200,XiaomiMiMo/MiMo-V2.6-Distill-Qwen-9B
har116-b-000146-original,har116-b-000146-original__JT6tRiN,15,12423,107,200,XiaomiMiMo/MiMo-V2.6-Distill-Qwen-9B
har116-b-000146-original,har116-b-000146-original__JT6tRiN,16,12702,63,200,XiaomiMiMo/MiMo-V2.6-Distill-Qwen-9B
har116-b-000146-original,har116-b-000146-original__JT6tRiN,17,12887,58,200,XiaomiMiMo/MiMo-V2.6-Distill-Qwen-9B
har116-b-000146-original,har116-b-000146-original__JT6tRiN,18,13185,63,200,XiaomiMiMo/MiMo-V2.6-Distill-Qwen-9B
har116-b-000146-original,har116-b-000146-original__JT6tRiN,19,13370,69,200,XiaomiMiMo/MiMo-V2.6-Distill-Qwen-9B
har116-b-000146-original,har116-b-000146-original__JT6tRiN,20,13660,212,200,XiaomiMiMo/MiMo-V2.6-Distill-Qwen-9B
har116-b-000146-original,har116-b-000146-original__JT6tRiN,21,14307,336,200,XiaomiMiMo/MiMo-V2.6-Distill-Qwen-9B
har116-b-000146-original,har116-b-000146-original__JT6tRiN,22,15255,82,200,XiaomiMiMo/MiMo-V2.6-Distill-Qwen-9B
har116-b-000146-original,har116-b-000146-original__JT6tRiN,23,15819,77,200,XiaomiMiMo/MiMo-V2.6-Distill-Qwen-9B
har116-b-000146-original,har116-b-000146-original__JT6tRiN,24,16012,49,200,XiaomiMiMo/MiMo-V2.6-Distill-Qwen-9B
har116-b-000146-original,har116-b-000146-original__JT6tRiN,25,16322,224,200,XiaomiMiMo/MiMo-V2.6-Distill-Qwen-9B
har116-b-000146-original,har116-b-000146-original__JT6tRiN,26,17070,304,200,XiaomiMiMo/MiMo-V2.6-Distill-Qwen-9B
har116-b-000146-original,har116-b-000146-original__JT6tRiN,27,17993,303,200,XiaomiMiMo/MiMo-V2.6-Distill-Qwen-9B
har116-b-000146-original,har116-b-000146-original__JT6tRiN,28,18975,73,200,XiaomiMiMo/MiMo-V2.6-Distill-Qwen-9B
har116-b-000146-original,har116-b-000146-original__JT6tRiN,29,19162,58,200,XiaomiMiMo/MiMo-V2.6-Distill-Qwen-9B
har116-b-000146-original,har116-b-000146-original__JT6tRiN,30,19558,329,200,XiaomiMiMo/MiMo-V2.6-Distill-Qwen-9B
har116-b-000146-original,har116-b-000146-original__JT6tRiN,31,20524,79,200,XiaomiMiMo/MiMo-V2.6-Distill-Qwen-9B
har116-b-000146-original,har116-b-000146-original__JT6tRiN,32,21429,86,200,XiaomiMiMo/MiMo-V2.6-Distill-Qwen-9B
har116-b-000146-original,har116-b-000146-original__JT6tRiN,33,21727,293,200,XiaomiMiMo/MiMo-V2.6-Distill-Qwen-9B
har116-b-000146-original,har116-b-000146-original__JT6tRiN,34,22589,77,200,XiaomiMiMo/MiMo-V2.6-Distill-Qwen-9B
har116-b-000146-original,har116-b-000146-original__JT6tRiN,35,22987,338,200,XiaomiMiMo/MiMo-V2.6-Distill-Qwen-9B
har116-b-000146-original,har116-b-000146-original__JT6tRiN,36,23647,53,200,XiaomiMiMo/MiMo-V2.6-Distill-Qwen-9B
har116-b-000146-original,har116-b-000146-original__JT6tRiN,37,24016,308,200,XiaomiMiMo/MiMo-V2.6-Distill-Qwen-9B
har116-b-000146-original,har116-b-000146-original__JT6tRiN,38,24919,298,200,XiaomiMiMo/MiMo-V2.6-Distill-Qwen-9B
har116-b-000146-original,har116-b-000146-original__JT6tRiN,39,25758,119,200,XiaomiMiMo/MiMo-V2.6-Distill-Qwen-9B
har116-b-000146-original,har116-b-000146-original__JT6tRiN,40,26131,145,200,XiaomiMiMo/MiMo-V2.6-Distill-Qwen-9B
har116-b-000146-original,har116-b-000146-original__JT6tRiN,41,26467,108,200,XiaomiMiMo/MiMo-V2.6-Distill-Qwen-9B
har116-b-000146-original,har116-b-000146-original__JT6tRiN,42,26809,96,200,XiaomiMiMo/MiMo-V2.6-Distill-Qwen-9B
har116-b-000146-original,har116-b-000146-original__JT6tRiN,43,27733,72,200,XiaomiMiMo/MiMo-V2.6-Distill-Qwen-9B
har116-b-000146-original,har116-b-000146-original__JT6tRiN,44,29052,76,200,XiaomiMiMo/MiMo-V2.6-Distill-Qwen-9B
har116-b-000146-original,har116-b-000146-original__JT6tRiN,45,29678,77,200,XiaomiMiMo/MiMo-V2.6-Distill-Qwen-9B
har116-b-000146-original,har116-b-000146-original__JT6tRiN,46,30118,61,200,XiaomiMiMo/MiMo-V2.6-Distill-Qwen-9B
har116-b-000146-original,har116-b-000146-original__JT6tRiN,47,30340,60,200,XiaomiMiMo/MiMo-V2.6-Distill-Qwen-9B
har116-b-000146-original,har116-b-000146-original__JT6tRiN,48,30542,222,200,XiaomiMiMo/MiMo-V2.6-Distill-Qwen-9B
har116-b-000146-original,har116-b-000146-original__JT6tRiN,49,31041,119,200,XiaomiMiMo/MiMo-V2.6-Distill-Qwen-9B
har116-b-000146-original,har116-b-000146-original__JT6tRiN,50,31404,80,200,XiaomiMiMo/MiMo-V2.6-Distill-Qwen-9B
har116-b-000146-original,har116-b-000146-original__JT6tRiN,51,31635,81,200,XiaomiMiMo/MiMo-V2.6-Distill-Qwen-9B
har116-b-000146-original,har116-b-000146-original__JT6tRiN,52,31905,58,200,XiaomiMiMo/MiMo-V2.6-Distill-Qwen-9B
har116-b-000146-original,har116-b-000146-original__JT6tRiN,53,32113,311,200,XiaomiMiMo/MiMo-V2.6-Distill-Qwen-9B
har116-b-000146-original,har116-b-000146-original__JT6tRiN,54,32527,68,200,XiaomiMiMo/MiMo-V2.6-Distill-Qwen-9B
har116-b-000146-original,har116-b-000146-original__JT6tRiN,55,32924,129,200,XiaomiMiMo/MiMo-V2.6-Distill-Qwen-9B
har116-b-000146-original,har116-b-000146-original__JT6tRiN,56,33156,145,200,XiaomiMiMo/MiMo-V2.6-Distill-Qwen-9B
har116-b-000146-original,har116-b-000146-original__JT6tRiN,57,33345,145,200,XiaomiMiMo/MiMo-V2.6-Distill-Qwen-9B
har116-b-000146-original,har116-b-000146-original__JT6tRiN,58,33534,118,200,XiaomiMiMo/MiMo-V2.6-Distill-Qwen-9B
har116-b-000146-original,har116-b-000146-original__JT6tRiN,59,33696,118,200,XiaomiMiMo/MiMo-V2.6-Distill-Qwen-9B
har116-b-000146-original,har116-b-000146-original__JT6tRiN,60,33858,118,200,XiaomiMiMo/MiMo-V2.6-Distill-Qwen-9B
har116-b-000146-original,har116-b-000146-original__JT6tRiN,61,34020,118,200,XiaomiMiMo/MiMo-V2.6-Distill-Qwen-9B
har116-b-000146-original,har116-b-000146-original__JT6tRiN,62,34182,118,200,XiaomiMiMo/MiMo-V2.6-Distill-Qwen-9B
har116-b-000146-original,har116-b-000146-original__JT6tRiN,63,34344,118,200,XiaomiMiMo/MiMo-V2.6-Distill-Qwen-9B
har116-b-000146-original,har116-b-000146-original__JT6tRiN,64,34506,118,200,XiaomiMiMo/MiMo-V2.6-Distill-Qwen-9B
har116-b-000146-original,har116-b-000146-original__JT6tRiN,65,34668,118,200,XiaomiMiMo/MiMo-V2.6-Distill-Qwen-9B
har116-b-000146-original,har116-b-000146-original__JT6tRiN,66,34830,118,200,XiaomiMiMo/MiMo-V2.6-Distill-Qwen-9B
har116-b-000146-original,har116-b-000146-original__JT6tRiN,67,34992,118,200,XiaomiMiMo/MiMo-V2.6-Distill-Qwen-9B
har116-b-000146-original,har116-b-000146-original__JT6tRiN,68,35154,118,200,XiaomiMiMo/MiMo-V2.6-Distill-Qwen-9B
har116-b-000146-original,har116-b-000146-original__JT6tRiN,69,35316,118,200,XiaomiMiMo/MiMo-V2.6-Distill-Qwen-9B
har116-b-000146-original,har116-b-000146-original__JT6tRiN,70,35478,118,200,XiaomiMiMo/MiMo-V2.6-Distill-Qwen-9B
har116-b-000146-original,har116-b-000146-original__JT6tRiN,71,35640,118,200,XiaomiMiMo/MiMo-V2.6-Distill-Qwen-9B
har116-b-000146-original,har116-b-000146-original__JT6tRiN,72,35802,118,200,XiaomiMiMo/MiMo-V2.6-Distill-Qwen-9B
har116-b-000146-original,har116-b-000146-original__JT6tRiN,73,35964,118,200,XiaomiMiMo/MiMo-V2.6-Distill-Qwen-9B
har116-b-000146-original,har116-b-000146-original__JT6tRiN,74,36126,118,200,XiaomiMiMo/MiMo-V2.6-Distill-Qwen-9B
har116-b-000146-original,har116-b-000146-original__JT6tRiN,75,36288,118,200,XiaomiMiMo/MiMo-V2.6-Distill-Qwen-9B
har116-b-000146-original,har116-b-000146-original__JT6tRiN,76,36450,118,200,XiaomiMiMo/MiMo-V2.6-Distill-Qwen-9B
har116-b-000146-original,har116-b-000146-original__JT6tRiN,77,36612,118,200,XiaomiMiMo/MiMo-V2.6-Distill-Qwen-9B
har116-b-000146-original,har116-b-000146-original__JT6tRiN,78,36774,118,200,XiaomiMiMo/MiMo-V2.6-Distill-Qwen-9B
har116-b-000146-original,har116-b-000146-original__JT6tRiN,79,36936,118,200,XiaomiMiMo/MiMo-V2.6-Distill-Qwen-9B
har116-b-000146-original,har116-b-000146-original__JT6tRiN,80,37098,118,200,XiaomiMiMo/MiMo-V2.6-Distill-Qwen-9B
har116-b-000146-original,har116-b-000146-original__JT6tRiN,81,37260,118,200,XiaomiMiMo/MiMo-V2.6-Distill-Qwen-9B
har116-b-000146-original,har116-b-000146-original__JT6tRiN,82,37422,118,200,XiaomiMiMo/MiMo-V2.6-Distill-Qwen-9B
har116-b-000146-original,har116-b-000146-original__JT6tRiN,83,37584,118,200,XiaomiMiMo/MiMo-V2.6-Distill-Qwen-9B
har116-b-000146-original,har116-b-000146-original__JT6tRiN,84,37746,118,200,XiaomiMiMo/MiMo-V2.6-Distill-Qwen-9B
har116-b-000146-original,har116-b-000146-original__JT6tRiN,85,37908,118,200,XiaomiMiMo/MiMo-V2.6-Distill-Qwen-9B
har116-b-000146-original,har116-b-000146-original__JT6tRiN,86,38070,118,200,XiaomiMiMo/MiMo-V2.6-Distill-Qwen-9B
har116-b-000146-original,har116-b-000146-original__JT6tRiN,87,38232,118,200,XiaomiMiMo/MiMo-V2.6-Distill-Qwen-9B
har116-b-000146-original,har116-b-000146-original__JT6tRiN,88,38394,118,200,XiaomiMiMo/MiMo-V2.6-Distill-Qwen-9B
har116-b-000146-original,har116-b-000146-original__JT6tRiN,89,38556,118,200,XiaomiMiMo/MiMo-V2.6-Distill-Qwen-9B
har116-b-000146-original,har116-b-000146-original__JT6tRiN,90,38718,118,200,XiaomiMiMo/MiMo-V2.6-Distill-Qwen-9B
har116-b-000146-original,har116-b-000146-original__JT6tRiN,91,38880,118,200,XiaomiMiMo/MiMo-V2.6-Distill-Qwen-9B
har116-b-000146-original,har116-b-000146-original__JT6tRiN,92,39042,118,200,XiaomiMiMo/MiMo-V2.6-Distill-Qwen-9B
har116-b-000146-original,har116-b-000146-original__JT6tRiN,93,39204,118,200,XiaomiMiMo/MiMo-V2.6-Distill-Qwen-9B
har116-b-000146-original,har116-b-000146-original__JT6tRiN,94,39366,118,200,XiaomiMiMo/MiMo-V2.6-Distill-Qwen-9B
har116-b-000226-leakclosed,har116-b-000226-leakclosed__K9ddjiP,1,920,86,200,XiaomiMiMo/MiMo-V2.6-Distill-Qwen-9B
har116-b-000226-leakclosed,har116-b-000226-leakclosed__K9ddjiP,2,1162,167,200,XiaomiMiMo/MiMo-V2.6-Distill-Qwen-9B
har116-b-000226-leakclosed,har116-b-000226-leakclosed__K9ddjiP,3,1637,50,200,XiaomiMiMo/MiMo-V2.6-Distill-Qwen-9B
har116-b-000226-leakclosed,har116-b-000226-leakclosed__K9ddjiP,4,1953,83,200,XiaomiMiMo/MiMo-V2.6-Distill-Qwen-9B
har116-b-000226-leakclosed,har116-b-000226-leakclosed__K9ddjiP,5,2173,50,200,XiaomiMiMo/MiMo-V2.6-Distill-Qwen-9B
har116-b-000226-leakclosed,har116-b-000226-leakclosed__K9ddjiP,6,2530,857,200,XiaomiMiMo/MiMo-V2.6-Distill-Qwen-9B
har116-b-000226-leakclosed,har116-b-000226-leakclosed__K9ddjiP,7,2738,59,200,XiaomiMiMo/MiMo-V2.6-Distill-Qwen-9B
har116-b-000226-leakclosed,har116-b-000226-leakclosed__K9ddjiP,8,2983,62,200,XiaomiMiMo/MiMo-V2.6-Distill-Qwen-9B
har116-b-000226-leakclosed,har116-b-000226-leakclosed__K9ddjiP,9,3233,53,200,XiaomiMiMo/MiMo-V2.6-Distill-Qwen-9B
har116-b-000226-leakclosed,har116-b-000226-leakclosed__K9ddjiP,10,3531,2210,200,XiaomiMiMo/MiMo-V2.6-Distill-Qwen-9B
har116-b-000226-leakclosed,har116-b-000226-leakclosed__K9ddjiP,11,4278,94,200,XiaomiMiMo/MiMo-V2.6-Distill-Qwen-9B
har116-b-000226-leakclosed,har116-b-000226-leakclosed__K9ddjiP,12,4589,71,200,XiaomiMiMo/MiMo-V2.6-Distill-Qwen-9B
har116-b-000226-leakclosed,har116-b-000226-leakclosed__K9ddjiP,13,5260,1591,200,XiaomiMiMo/MiMo-V2.6-Distill-Qwen-9B
har116-b-000226-leakclosed,har116-b-000226-leakclosed__K9ddjiP,14,5735,1493,200,XiaomiMiMo/MiMo-V2.6-Distill-Qwen-9B
har116-b-000226-leakclosed,har116-b-000226-leakclosed__K9ddjiP,15,5992,2806,200,XiaomiMiMo/MiMo-V2.6-Distill-Qwen-9B
har116-b-000226-leakclosed,har116-b-000226-leakclosed__K9ddjiP,16,6430,56,200,XiaomiMiMo/MiMo-V2.6-Distill-Qwen-9B
har116-b-000226-leakclosed,har116-b-000226-leakclosed__K9ddjiP,17,6723,52,200,XiaomiMiMo/MiMo-V2.6-Distill-Qwen-9B
har116-b-000226-leakclosed,har116-b-000226-leakclosed__K9ddjiP,18,7536,75,200,XiaomiMiMo/MiMo-V2.6-Distill-Qwen-9B
har116-b-000226-leakclosed,har116-b-000226-leakclosed__K9ddjiP,19,7928,45,200,XiaomiMiMo/MiMo-V2.6-Distill-Qwen-9B
har116-b-000226-leakclosed,har116-b-000226-leakclosed__K9ddjiP,20,8109,48,200,XiaomiMiMo/MiMo-V2.6-Distill-Qwen-9B
har116-b-000226-leakclosed,har116-b-000226-leakclosed__K9ddjiP,21,8328,594,200,XiaomiMiMo/MiMo-V2.6-Distill-Qwen-9B
har116-b-000226-leakclosed,har116-b-000226-leakclosed__K9ddjiP,22,9628,4096,200,XiaomiMiMo/MiMo-V2.6-Distill-Qwen-9B
har116-b-000226-leakclosed,har116-b-000226-leakclosed__K9ddjiP,23,9712,310,200,XiaomiMiMo/MiMo-V2.6-Distill-Qwen-9B
har116-b-000226-leakclosed,har116-b-000226-leakclosed__K9ddjiP,24,10432,315,200,XiaomiMiMo/MiMo-V2.6-Distill-Qwen-9B
har116-b-000226-leakclosed,har116-b-000226-leakclosed__K9ddjiP,25,11157,327,200,XiaomiMiMo/MiMo-V2.6-Distill-Qwen-9B
har116-b-000226-leakclosed,har116-b-000226-leakclosed__K9ddjiP,26,11894,317,200,XiaomiMiMo/MiMo-V2.6-Distill-Qwen-9B
har116-b-000226-leakclosed,har116-b-000226-leakclosed__K9ddjiP,27,12621,317,200,XiaomiMiMo/MiMo-V2.6-Distill-Qwen-9B
har116-b-000226-leakclosed,har116-b-000226-leakclosed__K9ddjiP,28,13348,317,200,XiaomiMiMo/MiMo-V2.6-Distill-Qwen-9B
har116-b-000226-leakclosed,har116-b-000226-leakclosed__K9ddjiP,29,14075,317,200,XiaomiMiMo/MiMo-V2.6-Distill-Qwen-9B
har116-b-000226-leakclosed,har116-b-000226-leakclosed__K9ddjiP,30,14802,317,200,XiaomiMiMo/MiMo-V2.6-Distill-Qwen-9B
har116-b-000226-leakclosed,har116-b-000226-leakclosed__K9ddjiP,31,15529,317,200,XiaomiMiMo/MiMo-V2.6-Distill-Qwen-9B
har116-b-000226-leakclosed,har116-b-000226-leakclosed__K9ddjiP,32,16256,317,200,XiaomiMiMo/MiMo-V2.6-Distill-Qwen-9B
har116-b-000226-leakclosed,har116-b-000226-leakclosed__K9ddjiP,33,16983,317,200,XiaomiMiMo/MiMo-V2.6-Distill-Qwen-9B
har116-b-000226-leakclosed,har116-b-000226-leakclosed__K9ddjiP,34,17710,317,200,XiaomiMiMo/MiMo-V2.6-Distill-Qwen-9B
har116-b-000226-leakclosed,har116-b-000226-leakclosed__K9ddjiP,35,18437,317,200,XiaomiMiMo/MiMo-V2.6-Distill-Qwen-9B
har116-b-000226-leakclosed,har116-b-000226-leakclosed__K9ddjiP,36,19164,317,200,XiaomiMiMo/MiMo-V2.6-Distill-Qwen-9B
har116-b-000226-leakclosed,har116-b-000226-leakclosed__K9ddjiP,37,19891,317,200,XiaomiMiMo/MiMo-V2.6-Distill-Qwen-9B
har116-b-000226-leakclosed,har116-b-000226-leakclosed__K9ddjiP,38,20618,317,200,XiaomiMiMo/MiMo-V2.6-Distill-Qwen-9B
har116-b-000226-leakclosed,har116-b-000226-leakclosed__K9ddjiP,39,21345,317,200,XiaomiMiMo/MiMo-V2.6-Distill-Qwen-9B
har116-b-000226-leakclosed,har116-b-000226-leakclosed__K9ddjiP,40,22072,317,200,XiaomiMiMo/MiMo-V2.6-Distill-Qwen-9B
har116-b-000226-leakclosed,har116-b-000226-leakclosed__K9ddjiP,41,22799,317,200,XiaomiMiMo/MiMo-V2.6-Distill-Qwen-9B
har116-b-000226-leakclosed,har116-b-000226-leakclosed__K9ddjiP,42,23526,317,200,XiaomiMiMo/MiMo-V2.6-Distill-Qwen-9B
har116-b-000226-leakclosed,har116-b-000226-leakclosed__K9ddjiP,43,24253,317,200,XiaomiMiMo/MiMo-V2.6-Distill-Qwen-9B
har116-b-000226-leakclosed,har116-b-000226-leakclosed__K9ddjiP,44,24980,317,200,XiaomiMiMo/MiMo-V2.6-Distill-Qwen-9B
har116-b-000226-leakclosed,har116-b-000226-leakclosed__K9ddjiP,45,25707,317,200,XiaomiMiMo/MiMo-V2.6-Distill-Qwen-9B
har116-b-000226-leakclosed,har116-b-000226-leakclosed__K9ddjiP,46,26434,317,200,XiaomiMiMo/MiMo-V2.6-Distill-Qwen-9B
har116-b-000226-leakclosed,har116-b-000226-leakclosed__K9ddjiP,47,27161,317,200,XiaomiMiMo/MiMo-V2.6-Distill-Qwen-9B
har116-b-000226-leakclosed,har116-b-000226-leakclosed__K9ddjiP,48,27888,317,200,XiaomiMiMo/MiMo-V2.6-Distill-Qwen-9B
har116-b-000226-leakclosed,har116-b-000226-leakclosed__K9ddjiP,49,28615,317,200,XiaomiMiMo/MiMo-V2.6-Distill-Qwen-9B
har116-b-000226-leakclosed,har116-b-000226-leakclosed__K9ddjiP,50,29342,317,200,XiaomiMiMo/MiMo-V2.6-Distill-Qwen-9B
har116-b-000226-leakclosed,har116-b-000226-leakclosed__K9ddjiP,51,30069,317,200,XiaomiMiMo/MiMo-V2.6-Distill-Qwen-9B
har116-b-000226-leakclosed,har116-b-000226-leakclosed__K9ddjiP,52,30796,317,200,XiaomiMiMo/MiMo-V2.6-Distill-Qwen-9B
har116-b-000226-leakclosed,har116-b-000226-leakclosed__K9ddjiP,53,31523,317,200,XiaomiMiMo/MiMo-V2.6-Distill-Qwen-9B
har116-b-000226-leakclosed,har116-b-000226-leakclosed__K9ddjiP,54,32250,317,200,XiaomiMiMo/MiMo-V2.6-Distill-Qwen-9B
har116-b-000226-leakclosed,har116-b-000226-leakclosed__K9ddjiP,55,32977,317,200,XiaomiMiMo/MiMo-V2.6-Distill-Qwen-9B
har116-b-000226-leakclosed,har116-b-000226-leakclosed__K9ddjiP,56,33704,317,200,XiaomiMiMo/MiMo-V2.6-Distill-Qwen-9B
har116-b-000226-leakclosed,har116-b-000226-leakclosed__K9ddjiP,57,34431,317,200,XiaomiMiMo/MiMo-V2.6-Distill-Qwen-9B
har116-b-000226-leakclosed,har116-b-000226-leakclosed__K9ddjiP,58,35158,317,200,XiaomiMiMo/MiMo-V2.6-Distill-Qwen-9B
har116-b-000226-leakclosed,har116-b-000226-leakclosed__K9ddjiP,59,35885,317,200,XiaomiMiMo/MiMo-V2.6-Distill-Qwen-9B
har116-b-000226-leakclosed,har116-b-000226-leakclosed__K9ddjiP,60,36612,317,200,XiaomiMiMo/MiMo-V2.6-Distill-Qwen-9B
har116-b-000226-leakclosed,har116-b-000226-leakclosed__K9ddjiP,61,37339,317,200,XiaomiMiMo/MiMo-V2.6-Distill-Qwen-9B
har116-b-000226-leakclosed,har116-b-000226-leakclosed__K9ddjiP,62,38066,317,200,XiaomiMiMo/MiMo-V2.6-Distill-Qwen-9B
har116-b-000226-leakclosed,har116-b-000226-leakclosed__K9ddjiP,63,38795,317,200,XiaomiMiMo/MiMo-V2.6-Distill-Qwen-9B
har116-b-000226-leakclosed,har116-b-000226-leakclosed__K9ddjiP,64,39525,317,200,XiaomiMiMo/MiMo-V2.6-Distill-Qwen-9B
har116-b-000226-leakclosed,har116-b-000226-leakclosed__K9ddjiP,65,40255,317,200,XiaomiMiMo/MiMo-V2.6-Distill-Qwen-9B
har116-b-000226-leakclosed,har116-b-000226-leakclosed__K9ddjiP,66,40985,317,200,XiaomiMiMo/MiMo-V2.6-Distill-Qwen-9B
har116-b-000226-leakclosed,har116-b-000226-leakclosed__K9ddjiP,67,41715,317,200,XiaomiMiMo/MiMo-V2.6-Distill-Qwen-9B
har116-b-000226-leakclosed,har116-b-000226-leakclosed__K9ddjiP,68,42444,317,200,XiaomiMiMo/MiMo-V2.6-Distill-Qwen-9B
har116-b-000226-leakclosed,har116-b-000226-leakclosed__K9ddjiP,69,43180,317,200,XiaomiMiMo/MiMo-V2.6-Distill-Qwen-9B
har116-b-000226-leakclosed,har116-b-000226-leakclosed__K9ddjiP,70,43916,317,200,XiaomiMiMo/MiMo-V2.6-Distill-Qwen-9B
har116-b-000226-leakclosed,har116-b-000226-leakclosed__K9ddjiP,71,44652,317,200,XiaomiMiMo/MiMo-V2.6-Distill-Qwen-9B
har116-b-000226-leakclosed,har116-b-000226-leakclosed__K9ddjiP,72,45388,317,200,XiaomiMiMo/MiMo-V2.6-Distill-Qwen-9B
har116-b-000226-leakclosed,har116-b-000226-leakclosed__K9ddjiP,73,46117,317,200,XiaomiMiMo/MiMo-V2.6-Distill-Qwen-9B
har116-b-000226-leakclosed,har116-b-000226-leakclosed__K9ddjiP,74,46844,317,200,XiaomiMiMo/MiMo-V2.6-Distill-Qwen-9B
har116-b-000226-leakclosed,har116-b-000226-leakclosed__K9ddjiP,75,47571,317,200,XiaomiMiMo/MiMo-V2.6-Distill-Qwen-9B
har116-b-000226-leakclosed,har116-b-000226-leakclosed__K9ddjiP,76,48298,317,200,XiaomiMiMo/MiMo-V2.6-Distill-Qwen-9B
har116-b-000226-leakclosed,har116-b-000226-leakclosed__K9ddjiP,77,49025,317,200,XiaomiMiMo/MiMo-V2.6-Distill-Qwen-9B
har116-b-000226-leakclosed,har116-b-000226-leakclosed__K9ddjiP,78,49754,317,200,XiaomiMiMo/MiMo-V2.6-Distill-Qwen-9B
har116-b-000226-leakclosed,har116-b-000226-leakclosed__K9ddjiP,79,50481,317,200,XiaomiMiMo/MiMo-V2.6-Distill-Qwen-9B
har116-b-000226-leakclosed,har116-b-000226-leakclosed__K9ddjiP,80,51208,317,200,XiaomiMiMo/MiMo-V2.6-Distill-Qwen-9B
har116-b-000226-leakclosed,har116-b-000226-leakclosed__K9ddjiP,81,51935,317,200,XiaomiMiMo/MiMo-V2.6-Distill-Qwen-9B
har116-b-000226-leakclosed,har116-b-000226-leakclosed__K9ddjiP,82,52662,317,200,XiaomiMiMo/MiMo-V2.6-Distill-Qwen-9B
har116-b-000226-leakclosed,har116-b-000226-leakclosed__K9ddjiP,83,53389,317,200,XiaomiMiMo/MiMo-V2.6-Distill-Qwen-9B
har116-b-000226-leakclosed,har116-b-000226-leakclosed__K9ddjiP,84,54118,317,200,XiaomiMiMo/MiMo-V2.6-Distill-Qwen-9B
har116-b-000226-leakclosed,har116-b-000226-leakclosed__K9ddjiP,85,54845,317,200,XiaomiMiMo/MiMo-V2.6-Distill-Qwen-9B
har116-b-000226-leakclosed,har116-b-000226-leakclosed__K9ddjiP,86,55572,317,200,XiaomiMiMo/MiMo-V2.6-Distill-Qwen-9B
har116-b-000226-leakclosed,har116-b-000226-leakclosed__K9ddjiP,87,56254,370,200,XiaomiMiMo/MiMo-V2.6-Distill-Qwen-9B
har116-b-000226-leakclosed,har116-b-000226-leakclosed__K9ddjiP,88,1050,73,200,XiaomiMiMo/MiMo-V2.6-Distill-Qwen-9B
har116-b-000226-leakclosed,har116-b-000226-leakclosed__K9ddjiP,89,56714,45,200,XiaomiMiMo/MiMo-V2.6-Distill-Qwen-9B
har116-b-000226-leakclosed,har116-b-000226-leakclosed__K9ddjiP,90,2121,100,200,XiaomiMiMo/MiMo-V2.6-Distill-Qwen-9B
har116-b-000226-leakclosed,har116-b-000226-leakclosed__K9ddjiP,91,2322,81,200,XiaomiMiMo/MiMo-V2.6-Distill-Qwen-9B
har116-b-000226-leakclosed,har116-b-000226-leakclosed__K9ddjiP,92,2431,89,200,XiaomiMiMo/MiMo-V2.6-Distill-Qwen-9B
har116-b-000226-leakclosed,har116-b-000226-leakclosed__K9ddjiP,93,2722,69,200,XiaomiMiMo/MiMo-V2.6-Distill-Qwen-9B
har116-b-000226-leakclosed,har116-b-000226-leakclosed__K9ddjiP,94,3119,87,200,XiaomiMiMo/MiMo-V2.6-Distill-Qwen-9B
har116-b-000226-leakclosed,har116-b-000226-leakclosed__K9ddjiP,95,4015,1971,200,XiaomiMiMo/MiMo-V2.6-Distill-Qwen-9B
har116-b-000226-leakclosed,har116-b-000226-leakclosed__K9ddjiP,96,4578,64,200,XiaomiMiMo/MiMo-V2.6-Distill-Qwen-9B
har116-b-000226-leakclosed,har116-b-000226-leakclosed__K9ddjiP,97,4827,94,200,XiaomiMiMo/MiMo-V2.6-Distill-Qwen-9B
har116-b-000226-leakclosed,har116-b-000226-leakclosed__K9ddjiP,98,5928,3562,200,XiaomiMiMo/MiMo-V2.6-Distill-Qwen-9B
har116-b-000226-leakclosed,har116-b-000226-leakclosed__K9ddjiP,99,6513,47,200,XiaomiMiMo/MiMo-V2.6-Distill-Qwen-9B
har116-b-000226-leakclosed,har116-b-000226-leakclosed__K9ddjiP,100,6930,3035,200,XiaomiMiMo/MiMo-V2.6-Distill-Qwen-9B
har116-b-000226-leakclosed,har116-b-000226-leakclosed__K9ddjiP,101,7631,73,200,XiaomiMiMo/MiMo-V2.6-Distill-Qwen-9B
har116-b-000226-leakclosed,har116-b-000226-leakclosed__K9ddjiP,102,8255,120,200,XiaomiMiMo/MiMo-V2.6-Distill-Qwen-9B
har116-b-000226-leakclosed,har116-b-000226-leakclosed__K9ddjiP,103,8694,77,200,XiaomiMiMo/MiMo-V2.6-Distill-Qwen-9B
har116-b-000226-leakclosed,har116-b-000226-leakclosed__K9ddjiP,104,9194,104,200,XiaomiMiMo/MiMo-V2.6-Distill-Qwen-9B
har116-b-000226-leakclosed,har116-b-000226-leakclosed__K9ddjiP,105,9650,689,200,XiaomiMiMo/MiMo-V2.6-Distill-Qwen-9B
har116-b-000226-leakclosed,har116-b-000226-leakclosed__K9ddjiP,106,10777,1046,200,XiaomiMiMo/MiMo-V2.6-Distill-Qwen-9B
har116-b-000226-leakclosed,har116-b-000226-leakclosed__K9ddjiP,107,12872,398,200,XiaomiMiMo/MiMo-V2.6-Distill-Qwen-9B
har116-b-000226-leakclosed,har116-b-000226-leakclosed__K9ddjiP,108,13698,688,200,XiaomiMiMo/MiMo-V2.6-Distill-Qwen-9B
har116-b-000226-leakclosed,har116-b-000226-leakclosed__K9ddjiP,109,15705,145,200,XiaomiMiMo/MiMo-V2.6-Distill-Qwen-9B
har116-b-000226-leakclosed,har116-b-000226-leakclosed__K9ddjiP,110,16021,111,200,XiaomiMiMo/MiMo-V2.6-Distill-Qwen-9B
har116-b-000226-leakclosed,har116-b-000226-leakclosed__K9ddjiP,111,16338,282,200,XiaomiMiMo/MiMo-V2.6-Distill-Qwen-9B
har116-b-000226-original,har116-b-000226-original__JTEerfm,1,921,88,200,XiaomiMiMo/MiMo-V2.6-Distill-Qwen-9B
har116-b-000226-original,har116-b-000226-original__JTEerfm,2,1684,50,200,XiaomiMiMo/MiMo-V2.6-Distill-Qwen-9B
har116-b-000226-original,har116-b-000226-original__JTEerfm,3,2018,127,200,XiaomiMiMo/MiMo-V2.6-Distill-Qwen-9B
har116-b-000226-original,har116-b-000226-original__JTEerfm,4,3192,1871,200,XiaomiMiMo/MiMo-V2.6-Distill-Qwen-9B
har116-b-000226-original,har116-b-000226-original__JTEerfm,5,4411,4096,200,XiaomiMiMo/MiMo-V2.6-Distill-Qwen-9B
har116-b-000226-original,har116-b-000226-original__JTEerfm,6,4495,100,200,XiaomiMiMo/MiMo-V2.6-Distill-Qwen-9B
har116-b-000226-original,har116-b-000226-original__JTEerfm,7,4908,49,200,XiaomiMiMo/MiMo-V2.6-Distill-Qwen-9B
har116-b-000226-original,har116-b-000226-original__JTEerfm,8,5668,2437,200,XiaomiMiMo/MiMo-V2.6-Distill-Qwen-9B
har116-b-000226-original,har116-b-000226-original__JTEerfm,9,6432,329,200,XiaomiMiMo/MiMo-V2.6-Distill-Qwen-9B
har116-b-000226-original,har116-b-000226-original__JTEerfm,10,7189,49,200,XiaomiMiMo/MiMo-V2.6-Distill-Qwen-9B
har116-b-000226-original,har116-b-000226-original__JTEerfm,11,7604,4096,200,XiaomiMiMo/MiMo-V2.6-Distill-Qwen-9B
har116-b-000226-original,har116-b-000226-original__JTEerfm,12,7688,331,200,XiaomiMiMo/MiMo-V2.6-Distill-Qwen-9B
har116-b-000226-original,har116-b-000226-original__JTEerfm,13,8449,49,200,XiaomiMiMo/MiMo-V2.6-Distill-Qwen-9B
har116-b-000226-original,har116-b-000226-original__JTEerfm,14,8790,331,200,XiaomiMiMo/MiMo-V2.6-Distill-Qwen-9B
har116-b-000226-original,har116-b-000226-original__JTEerfm,15,9551,49,200,XiaomiMiMo/MiMo-V2.6-Distill-Qwen-9B
har116-b-000226-original,har116-b-000226-original__JTEerfm,16,9892,331,200,XiaomiMiMo/MiMo-V2.6-Distill-Qwen-9B
har116-b-000226-original,har116-b-000226-original__JTEerfm,17,10653,49,200,XiaomiMiMo/MiMo-V2.6-Distill-Qwen-9B
har116-b-000226-original,har116-b-000226-original__JTEerfm,18,10994,331,200,XiaomiMiMo/MiMo-V2.6-Distill-Qwen-9B
har116-b-000226-original,har116-b-000226-original__JTEerfm,19,11755,49,200,XiaomiMiMo/MiMo-V2.6-Distill-Qwen-9B
har116-b-000226-original,har116-b-000226-original__JTEerfm,20,12096,331,200,XiaomiMiMo/MiMo-V2.6-Distill-Qwen-9B
har116-b-000226-original,har116-b-000226-original__JTEerfm,21,12857,49,200,XiaomiMiMo/MiMo-V2.6-Distill-Qwen-9B
har116-b-000226-original,har116-b-000226-original__JTEerfm,22,13198,331,200,XiaomiMiMo/MiMo-V2.6-Distill-Qwen-9B
har116-b-000226-original,har116-b-000226-original__JTEerfm,23,13959,49,200,XiaomiMiMo/MiMo-V2.6-Distill-Qwen-9B
har116-b-000226-original,har116-b-000226-original__JTEerfm,24,14300,331,200,XiaomiMiMo/MiMo-V2.6-Distill-Qwen-9B
har116-b-000226-original,har116-b-000226-original__JTEerfm,25,15061,49,200,XiaomiMiMo/MiMo-V2.6-Distill-Qwen-9B
har116-b-000226-original,har116-b-000226-original__JTEerfm,26,15402,331,200,XiaomiMiMo/MiMo-V2.6-Distill-Qwen-9B
har116-b-000226-original,har116-b-000226-original__JTEerfm,27,16163,49,200,XiaomiMiMo/MiMo-V2.6-Distill-Qwen-9B
har116-b-000226-original,har116-b-000226-original__JTEerfm,28,16504,331,200,XiaomiMiMo/MiMo-V2.6-Distill-Qwen-9B
har116-b-000226-original,har116-b-000226-original__JTEerfm,29,17265,49,200,XiaomiMiMo/MiMo-V2.6-Distill-Qwen-9B
har116-b-000226-original,har116-b-000226-original__JTEerfm,30,17606,331,200,XiaomiMiMo/MiMo-V2.6-Distill-Qwen-9B
har116-b-000226-original,har116-b-000226-original__JTEerfm,31,18367,49,200,XiaomiMiMo/MiMo-V2.6-Distill-Qwen-9B
har116-b-000226-original,har116-b-000226-original__JTEerfm,32,18708,331,200,XiaomiMiMo/MiMo-V2.6-Distill-Qwen-9B
har116-b-000226-original,har116-b-000226-original__JTEerfm,33,19469,49,200,XiaomiMiMo/MiMo-V2.6-Distill-Qwen-9B
har116-b-000226-original,har116-b-000226-original__JTEerfm,34,19810,331,200,XiaomiMiMo/MiMo-V2.6-Distill-Qwen-9B
har116-b-000226-original,har116-b-000226-original__JTEerfm,35,20571,49,200,XiaomiMiMo/MiMo-V2.6-Distill-Qwen-9B
har116-b-000226-original,har116-b-000226-original__JTEerfm,36,20912,331,200,XiaomiMiMo/MiMo-V2.6-Distill-Qwen-9B
har116-b-000226-original,har116-b-000226-original__JTEerfm,37,21673,49,200,XiaomiMiMo/MiMo-V2.6-Distill-Qwen-9B
har116-b-000226-original,har116-b-000226-original__JTEerfm,38,22014,331,200,XiaomiMiMo/MiMo-V2.6-Distill-Qwen-9B
har116-b-000226-original,har116-b-000226-original__JTEerfm,39,22775,49,200,XiaomiMiMo/MiMo-V2.6-Distill-Qwen-9B
har116-b-000226-original,har116-b-000226-original__JTEerfm,40,23116,331,200,XiaomiMiMo/MiMo-V2.6-Distill-Qwen-9B
har116-b-000226-original,har116-b-000226-original__JTEerfm,41,23877,49,200,XiaomiMiMo/MiMo-V2.6-Distill-Qwen-9B
har116-b-000226-original,har116-b-000226-original__JTEerfm,42,24218,331,200,XiaomiMiMo/MiMo-V2.6-Distill-Qwen-9B
har116-b-000226-original,har116-b-000226-original__JTEerfm,43,24979,49,200,XiaomiMiMo/MiMo-V2.6-Distill-Qwen-9B
har116-b-000226-original,har116-b-000226-original__JTEerfm,44,25320,331,200,XiaomiMiMo/MiMo-V2.6-Distill-Qwen-9B
har116-b-000226-original,har116-b-000226-original__JTEerfm,45,26081,49,200,XiaomiMiMo/MiMo-V2.6-Distill-Qwen-9B
har116-b-000226-original,har116-b-000226-original__JTEerfm,46,26422,331,200,XiaomiMiMo/MiMo-V2.6-Distill-Qwen-9B
har116-b-000226-original,har116-b-000226-original__JTEerfm,47,27183,49,200,XiaomiMiMo/MiMo-V2.6-Distill-Qwen-9B
har116-b-000226-original,har116-b-000226-original__JTEerfm,48,27524,331,200,XiaomiMiMo/MiMo-V2.6-Distill-Qwen-9B
har116-b-000226-original,har116-b-000226-original__JTEerfm,49,28285,49,200,XiaomiMiMo/MiMo-V2.6-Distill-Qwen-9B
har116-b-000226-original,har116-b-000226-original__JTEerfm,50,28626,331,200,XiaomiMiMo/MiMo-V2.6-Distill-Qwen-9B
har116-b-000226-original,har116-b-000226-original__JTEerfm,51,29387,49,200,XiaomiMiMo/MiMo-V2.6-Distill-Qwen-9B
har116-b-000226-original,har116-b-000226-original__JTEerfm,52,29728,331,200,XiaomiMiMo/MiMo-V2.6-Distill-Qwen-9B
har116-b-000226-original,har116-b-000226-original__JTEerfm,53,30489,49,200,XiaomiMiMo/MiMo-V2.6-Distill-Qwen-9B
har116-b-000226-original,har116-b-000226-original__JTEerfm,54,30830,331,200,XiaomiMiMo/MiMo-V2.6-Distill-Qwen-9B
har116-b-000226-original,har116-b-000226-original__JTEerfm,55,31591,49,200,XiaomiMiMo/MiMo-V2.6-Distill-Qwen-9B
har116-b-000226-original,har116-b-000226-original__JTEerfm,56,31932,331,200,XiaomiMiMo/MiMo-V2.6-Distill-Qwen-9B
har116-b-000226-original,har116-b-000226-original__JTEerfm,57,32693,49,200,XiaomiMiMo/MiMo-V2.6-Distill-Qwen-9B
har116-b-000226-original,har116-b-000226-original__JTEerfm,58,33034,331,200,XiaomiMiMo/MiMo-V2.6-Distill-Qwen-9B
har116-b-000226-original,har116-b-000226-original__JTEerfm,59,33795,49,200,XiaomiMiMo/MiMo-V2.6-Distill-Qwen-9B
har116-b-000226-original,har116-b-000226-original__JTEerfm,60,34136,331,200,XiaomiMiMo/MiMo-V2.6-Distill-Qwen-9B
har116-b-000226-original,har116-b-000226-original__JTEerfm,61,34897,49,200,XiaomiMiMo/MiMo-V2.6-Distill-Qwen-9B
har116-b-000226-original,har116-b-000226-original__JTEerfm,62,35340,331,200,XiaomiMiMo/MiMo-V2.6-Distill-Qwen-9B
har116-b-000226-original,har116-b-000226-original__JTEerfm,63,36107,49,200,XiaomiMiMo/MiMo-V2.6-Distill-Qwen-9B
har116-b-000226-original,har116-b-000226-original__JTEerfm,64,36451,331,200,XiaomiMiMo/MiMo-V2.6-Distill-Qwen-9B
har116-b-000226-original,har116-b-000226-original__JTEerfm,65,37218,49,200,XiaomiMiMo/MiMo-V2.6-Distill-Qwen-9B
har116-b-000226-original,har116-b-000226-original__JTEerfm,66,37562,331,200,XiaomiMiMo/MiMo-V2.6-Distill-Qwen-9B
har116-b-000226-original,har116-b-000226-original__JTEerfm,67,38329,49,200,XiaomiMiMo/MiMo-V2.6-Distill-Qwen-9B
har116-b-000226-original,har116-b-000226-original__JTEerfm,68,38673,331,200,XiaomiMiMo/MiMo-V2.6-Distill-Qwen-9B
har116-b-000226-original,har116-b-000226-original__JTEerfm,69,39455,49,200,XiaomiMiMo/MiMo-V2.6-Distill-Qwen-9B
har116-b-000226-original,har116-b-000226-original__JTEerfm,70,39796,331,200,XiaomiMiMo/MiMo-V2.6-Distill-Qwen-9B
har116-b-000226-original,har116-b-000226-original__JTEerfm,71,40557,49,200,XiaomiMiMo/MiMo-V2.6-Distill-Qwen-9B
har116-b-000226-original,har116-b-000226-original__JTEerfm,72,40898,331,200,XiaomiMiMo/MiMo-V2.6-Distill-Qwen-9B
har116-b-000226-original,har116-b-000226-original__JTEerfm,73,41659,49,200,XiaomiMiMo/MiMo-V2.6-Distill-Qwen-9B
har116-b-000226-original,har116-b-000226-original__JTEerfm,74,42000,331,200,XiaomiMiMo/MiMo-V2.6-Distill-Qwen-9B
har116-b-000226-original,har116-b-000226-original__JTEerfm,75,42782,49,200,XiaomiMiMo/MiMo-V2.6-Distill-Qwen-9B
har116-b-000226-original,har116-b-000226-original__JTEerfm,76,43123,331,200,XiaomiMiMo/MiMo-V2.6-Distill-Qwen-9B
har116-b-000226-original,har116-b-000226-original__JTEerfm,77,43884,49,200,XiaomiMiMo/MiMo-V2.6-Distill-Qwen-9B
har116-b-000226-original,har116-b-000226-original__JTEerfm,78,44225,331,200,XiaomiMiMo/MiMo-V2.6-Distill-Qwen-9B
har116-b-000226-original,har116-b-000226-original__JTEerfm,79,44986,49,200,XiaomiMiMo/MiMo-V2.6-Distill-Qwen-9B
har116-b-000226-original,har116-b-000226-original__JTEerfm,80,45327,331,200,XiaomiMiMo/MiMo-V2.6-Distill-Qwen-9B
har116-b-000226-original,har116-b-000226-original__JTEerfm,81,46109,49,200,XiaomiMiMo/MiMo-V2.6-Distill-Qwen-9B
har116-b-000226-original,har116-b-000226-original__JTEerfm,82,46453,331,200,XiaomiMiMo/MiMo-V2.6-Distill-Qwen-9B
har116-b-000226-original,har116-b-000226-original__JTEerfm,83,47220,49,200,XiaomiMiMo/MiMo-V2.6-Distill-Qwen-9B
har116-b-000226-original,har116-b-000226-original__JTEerfm,84,47564,331,200,XiaomiMiMo/MiMo-V2.6-Distill-Qwen-9B
har116-b-000226-original,har116-b-000226-original__JTEerfm,85,48331,49,200,XiaomiMiMo/MiMo-V2.6-Distill-Qwen-9B
har116-b-000226-original,har116-b-000226-original__JTEerfm,86,48675,331,200,XiaomiMiMo/MiMo-V2.6-Distill-Qwen-9B
har116-b-000226-original,har116-b-000226-original__JTEerfm,87,49442,49,200,XiaomiMiMo/MiMo-V2.6-Distill-Qwen-9B
har116-b-000226-original,har116-b-000226-original__JTEerfm,88,49885,331,200,XiaomiMiMo/MiMo-V2.6-Distill-Qwen-9B
har116-b-000226-original,har116-b-000226-original__JTEerfm,89,50646,49,200,XiaomiMiMo/MiMo-V2.6-Distill-Qwen-9B
har116-b-000226-original,har116-b-000226-original__JTEerfm,90,50987,331,200,XiaomiMiMo/MiMo-V2.6-Distill-Qwen-9B
har116-b-000226-original,har116-b-000226-original__JTEerfm,91,51748,49,200,XiaomiMiMo/MiMo-V2.6-Distill-Qwen-9B
har116-b-000927-leakclosed,har116-b-000927-leakclosed__Sj3aGEg,1,1088,138,200,XiaomiMiMo/MiMo-V2.6-Distill-Qwen-9B
har116-b-000927-leakclosed,har116-b-000927-leakclosed__Sj3aGEg,2,2585,125,200,XiaomiMiMo/MiMo-V2.6-Distill-Qwen-9B
har116-b-000927-leakclosed,har116-b-000927-leakclosed__Sj3aGEg,3,3573,118,200,XiaomiMiMo/MiMo-V2.6-Distill-Qwen-9B
har116-b-000927-leakclosed,har116-b-000927-leakclosed__Sj3aGEg,4,6916,135,200,XiaomiMiMo/MiMo-V2.6-Distill-Qwen-9B
har116-b-000927-leakclosed,har116-b-000927-leakclosed__Sj3aGEg,5,8078,115,200,XiaomiMiMo/MiMo-V2.6-Distill-Qwen-9B
har116-b-000927-leakclosed,har116-b-000927-leakclosed__Sj3aGEg,6,9514,133,200,XiaomiMiMo/MiMo-V2.6-Distill-Qwen-9B
har116-b-000927-leakclosed,har116-b-000927-leakclosed__Sj3aGEg,7,10464,3478,200,XiaomiMiMo/MiMo-V2.6-Distill-Qwen-9B
har116-b-000927-leakclosed,har116-b-000927-leakclosed__Sj3aGEg,8,11194,49,200,XiaomiMiMo/MiMo-V2.6-Distill-Qwen-9B
har116-b-000927-leakclosed,har116-b-000927-leakclosed__Sj3aGEg,9,11761,50,200,XiaomiMiMo/MiMo-V2.6-Distill-Qwen-9B
har116-b-000927-leakclosed,har116-b-000927-leakclosed__Sj3aGEg,10,11902,56,200,XiaomiMiMo/MiMo-V2.6-Distill-Qwen-9B
har116-b-000927-leakclosed,har116-b-000927-leakclosed__Sj3aGEg,11,12092,55,200,XiaomiMiMo/MiMo-V2.6-Distill-Qwen-9B
har116-b-000927-leakclosed,har116-b-000927-leakclosed__Sj3aGEg,12,12636,2573,200,XiaomiMiMo/MiMo-V2.6-Distill-Qwen-9B
har116-b-000927-leakclosed,har116-b-000927-leakclosed__Sj3aGEg,13,13852,56,200,XiaomiMiMo/MiMo-V2.6-Distill-Qwen-9B
har116-b-000927-leakclosed,har116-b-000927-leakclosed__Sj3aGEg,14,14217,871,200,XiaomiMiMo/MiMo-V2.6-Distill-Qwen-9B
har116-b-000927-leakclosed,har116-b-000927-leakclosed__Sj3aGEg,15,14435,57,200,XiaomiMiMo/MiMo-V2.6-Distill-Qwen-9B
har116-b-000927-leakclosed,har116-b-000927-leakclosed__Sj3aGEg,16,14797,68,200,XiaomiMiMo/MiMo-V2.6-Distill-Qwen-9B
har116-b-000927-leakclosed,har116-b-000927-leakclosed__Sj3aGEg,17,16390,51,200,XiaomiMiMo/MiMo-V2.6-Distill-Qwen-9B
har116-b-000927-leakclosed,har116-b-000927-leakclosed__Sj3aGEg,18,17337,51,200,XiaomiMiMo/MiMo-V2.6-Distill-Qwen-9B
har116-b-000927-leakclosed,har116-b-000927-leakclosed__Sj3aGEg,19,17570,78,200,XiaomiMiMo/MiMo-V2.6-Distill-Qwen-9B
har116-b-000927-leakclosed,har116-b-000927-leakclosed__Sj3aGEg,20,18085,101,200,XiaomiMiMo/MiMo-V2.6-Distill-Qwen-9B
har116-b-000927-leakclosed,har116-b-000927-leakclosed__Sj3aGEg,21,18650,70,200,XiaomiMiMo/MiMo-V2.6-Distill-Qwen-9B
har116-b-000927-leakclosed,har116-b-000927-leakclosed__Sj3aGEg,22,18922,100,200,XiaomiMiMo/MiMo-V2.6-Distill-Qwen-9B
har116-b-000927-leakclosed,har116-b-000927-leakclosed__Sj3aGEg,23,19188,79,200,XiaomiMiMo/MiMo-V2.6-Distill-Qwen-9B
har116-b-000927-leakclosed,har116-b-000927-leakclosed__Sj3aGEg,24,19887,127,200,XiaomiMiMo/MiMo-V2.6-Distill-Qwen-9B
har116-b-000927-leakclosed,har116-b-000927-leakclosed__Sj3aGEg,25,20228,113,200,XiaomiMiMo/MiMo-V2.6-Distill-Qwen-9B
har116-b-000927-leakclosed,har116-b-000927-leakclosed__Sj3aGEg,26,20537,80,200,XiaomiMiMo/MiMo-V2.6-Distill-Qwen-9B
har116-b-000927-leakclosed,har116-b-000927-leakclosed__Sj3aGEg,27,21153,147,200,XiaomiMiMo/MiMo-V2.6-Distill-Qwen-9B
har116-b-000927-leakclosed,har116-b-000927-leakclosed__Sj3aGEg,28,21522,128,200,XiaomiMiMo/MiMo-V2.6-Distill-Qwen-9B
har116-b-000927-leakclosed,har116-b-000927-leakclosed__Sj3aGEg,29,21862,143,200,XiaomiMiMo/MiMo-V2.6-Distill-Qwen-9B
har116-b-000927-leakclosed,har116-b-000927-leakclosed__Sj3aGEg,30,22435,123,200,XiaomiMiMo/MiMo-V2.6-Distill-Qwen-9B
har116-b-000927-leakclosed,har116-b-000927-leakclosed__Sj3aGEg,31,22764,123,200,XiaomiMiMo/MiMo-V2.6-Distill-Qwen-9B
har116-b-000927-leakclosed,har116-b-000927-leakclosed__Sj3aGEg,32,23093,123,200,XiaomiMiMo/MiMo-V2.6-Distill-Qwen-9B
har116-b-000927-leakclosed,har116-b-000927-leakclosed__Sj3aGEg,33,23422,123,200,XiaomiMiMo/MiMo-V2.6-Distill-Qwen-9B
har116-b-000927-leakclosed,har116-b-000927-leakclosed__Sj3aGEg,34,23751,123,200,XiaomiMiMo/MiMo-V2.6-Distill-Qwen-9B
har116-b-000927-leakclosed,har116-b-000927-leakclosed__Sj3aGEg,35,24080,123,200,XiaomiMiMo/MiMo-V2.6-Distill-Qwen-9B
har116-b-000927-leakclosed,har116-b-000927-leakclosed__Sj3aGEg,36,24409,123,200,XiaomiMiMo/MiMo-V2.6-Distill-Qwen-9B
har116-b-000927-leakclosed,har116-b-000927-leakclosed__Sj3aGEg,37,24738,123,200,XiaomiMiMo/MiMo-V2.6-Distill-Qwen-9B
har116-b-000927-leakclosed,har116-b-000927-leakclosed__Sj3aGEg,38,25067,123,200,XiaomiMiMo/MiMo-V2.6-Distill-Qwen-9B
har116-b-000927-leakclosed,har116-b-000927-leakclosed__Sj3aGEg,39,25396,123,200,XiaomiMiMo/MiMo-V2.6-Distill-Qwen-9B
har116-b-000927-leakclosed,har116-b-000927-leakclosed__Sj3aGEg,40,25725,123,200,XiaomiMiMo/MiMo-V2.6-Distill-Qwen-9B
har116-b-000927-leakclosed,har116-b-000927-leakclosed__Sj3aGEg,41,26054,123,200,XiaomiMiMo/MiMo-V2.6-Distill-Qwen-9B
har116-b-000927-leakclosed,har116-b-000927-leakclosed__Sj3aGEg,42,26383,123,200,XiaomiMiMo/MiMo-V2.6-Distill-Qwen-9B
har116-b-000927-leakclosed,har116-b-000927-leakclosed__Sj3aGEg,43,26712,123,200,XiaomiMiMo/MiMo-V2.6-Distill-Qwen-9B
har116-b-000927-leakclosed,har116-b-000927-leakclosed__Sj3aGEg,44,27041,123,200,XiaomiMiMo/MiMo-V2.6-Distill-Qwen-9B
har116-b-000927-leakclosed,har116-b-000927-leakclosed__Sj3aGEg,45,27370,123,200,XiaomiMiMo/MiMo-V2.6-Distill-Qwen-9B
har116-b-000927-leakclosed,har116-b-000927-leakclosed__Sj3aGEg,46,27699,123,200,XiaomiMiMo/MiMo-V2.6-Distill-Qwen-9B
har116-b-000927-leakclosed,har116-b-000927-leakclosed__Sj3aGEg,47,28028,123,200,XiaomiMiMo/MiMo-V2.6-Distill-Qwen-9B
har116-b-000927-leakclosed,har116-b-000927-leakclosed__Sj3aGEg,48,28357,123,200,XiaomiMiMo/MiMo-V2.6-Distill-Qwen-9B
har116-b-000927-leakclosed,har116-b-000927-leakclosed__Sj3aGEg,49,28686,123,200,XiaomiMiMo/MiMo-V2.6-Distill-Qwen-9B
har116-b-000927-leakclosed,har116-b-000927-leakclosed__Sj3aGEg,50,29015,123,200,XiaomiMiMo/MiMo-V2.6-Distill-Qwen-9B
har116-b-000927-leakclosed,har116-b-000927-leakclosed__Sj3aGEg,51,29344,123,200,XiaomiMiMo/MiMo-V2.6-Distill-Qwen-9B
har116-b-000927-leakclosed,har116-b-000927-leakclosed__Sj3aGEg,52,29673,123,200,XiaomiMiMo/MiMo-V2.6-Distill-Qwen-9B
har116-b-000927-leakclosed,har116-b-000927-leakclosed__Sj3aGEg,53,30002,123,200,XiaomiMiMo/MiMo-V2.6-Distill-Qwen-9B
har116-b-000927-leakclosed,har116-b-000927-leakclosed__Sj3aGEg,54,30331,123,200,XiaomiMiMo/MiMo-V2.6-Distill-Qwen-9B
har116-b-000927-leakclosed,har116-b-000927-leakclosed__Sj3aGEg,55,30660,123,200,XiaomiMiMo/MiMo-V2.6-Distill-Qwen-9B
har116-b-000927-leakclosed,har116-b-000927-leakclosed__Sj3aGEg,56,30989,123,200,XiaomiMiMo/MiMo-V2.6-Distill-Qwen-9B
har116-b-000927-leakclosed,har116-b-000927-leakclosed__Sj3aGEg,57,31318,123,200,XiaomiMiMo/MiMo-V2.6-Distill-Qwen-9B
har116-b-000927-leakclosed,har116-b-000927-leakclosed__Sj3aGEg,58,31647,123,200,XiaomiMiMo/MiMo-V2.6-Distill-Qwen-9B
har116-b-000927-leakclosed,har116-b-000927-leakclosed__Sj3aGEg,59,31976,123,200,XiaomiMiMo/MiMo-V2.6-Distill-Qwen-9B
har116-b-000927-leakclosed,har116-b-000927-leakclosed__Sj3aGEg,60,32305,123,200,XiaomiMiMo/MiMo-V2.6-Distill-Qwen-9B
har116-b-000927-leakclosed,har116-b-000927-leakclosed__Sj3aGEg,61,32634,123,200,XiaomiMiMo/MiMo-V2.6-Distill-Qwen-9B
har116-b-000927-leakclosed,har116-b-000927-leakclosed__Sj3aGEg,62,32963,123,200,XiaomiMiMo/MiMo-V2.6-Distill-Qwen-9B
har116-b-000927-leakclosed,har116-b-000927-leakclosed__Sj3aGEg,63,33292,123,200,XiaomiMiMo/MiMo-V2.6-Distill-Qwen-9B
har116-b-000927-leakclosed,har116-b-000927-leakclosed__Sj3aGEg,64,33621,123,200,XiaomiMiMo/MiMo-V2.6-Distill-Qwen-9B
har116-b-000927-leakclosed,har116-b-000927-leakclosed__Sj3aGEg,65,33950,123,200,XiaomiMiMo/MiMo-V2.6-Distill-Qwen-9B
har116-b-000927-leakclosed,har116-b-000927-leakclosed__Sj3aGEg,66,34279,123,200,XiaomiMiMo/MiMo-V2.6-Distill-Qwen-9B
har116-b-000927-leakclosed,har116-b-000927-leakclosed__Sj3aGEg,67,34608,123,200,XiaomiMiMo/MiMo-V2.6-Distill-Qwen-9B
har116-b-000927-leakclosed,har116-b-000927-leakclosed__Sj3aGEg,68,34937,123,200,XiaomiMiMo/MiMo-V2.6-Distill-Qwen-9B
har116-b-000927-leakclosed,har116-b-000927-leakclosed__Sj3aGEg,69,35266,123,200,XiaomiMiMo/MiMo-V2.6-Distill-Qwen-9B
har116-b-000927-leakclosed,har116-b-000927-leakclosed__Sj3aGEg,70,35595,123,200,XiaomiMiMo/MiMo-V2.6-Distill-Qwen-9B
har116-b-000927-leakclosed,har116-b-000927-leakclosed__Sj3aGEg,71,35924,123,200,XiaomiMiMo/MiMo-V2.6-Distill-Qwen-9B
har116-b-000927-leakclosed,har116-b-000927-leakclosed__Sj3aGEg,72,36253,123,200,XiaomiMiMo/MiMo-V2.6-Distill-Qwen-9B
har116-b-000927-leakclosed,har116-b-000927-leakclosed__Sj3aGEg,73,36582,123,200,XiaomiMiMo/MiMo-V2.6-Distill-Qwen-9B
har116-b-000927-leakclosed,har116-b-000927-leakclosed__Sj3aGEg,74,36911,123,200,XiaomiMiMo/MiMo-V2.6-Distill-Qwen-9B
har116-b-000927-leakclosed,har116-b-000927-leakclosed__Sj3aGEg,75,37240,123,200,XiaomiMiMo/MiMo-V2.6-Distill-Qwen-9B
har116-b-000927-leakclosed,har116-b-000927-leakclosed__Sj3aGEg,76,37569,123,200,XiaomiMiMo/MiMo-V2.6-Distill-Qwen-9B
har116-b-000927-leakclosed,har116-b-000927-leakclosed__Sj3aGEg,77,37898,123,200,XiaomiMiMo/MiMo-V2.6-Distill-Qwen-9B
har116-b-000927-leakclosed,har116-b-000927-leakclosed__Sj3aGEg,78,38227,123,200,XiaomiMiMo/MiMo-V2.6-Distill-Qwen-9B
har116-b-000927-leakclosed,har116-b-000927-leakclosed__Sj3aGEg,79,38556,123,200,XiaomiMiMo/MiMo-V2.6-Distill-Qwen-9B
har116-b-000927-leakclosed,har116-b-000927-leakclosed__Sj3aGEg,80,38885,123,200,XiaomiMiMo/MiMo-V2.6-Distill-Qwen-9B
har116-b-000927-leakclosed,har116-b-000927-leakclosed__Sj3aGEg,81,39214,123,200,XiaomiMiMo/MiMo-V2.6-Distill-Qwen-9B
har116-b-000927-leakclosed,har116-b-000927-leakclosed__Sj3aGEg,82,39543,123,200,XiaomiMiMo/MiMo-V2.6-Distill-Qwen-9B
har116-b-000927-leakclosed,har116-b-000927-leakclosed__Sj3aGEg,83,39872,123,200,XiaomiMiMo/MiMo-V2.6-Distill-Qwen-9B
har116-b-000927-leakclosed,har116-b-000927-leakclosed__Sj3aGEg,84,40201,123,200,XiaomiMiMo/MiMo-V2.6-Distill-Qwen-9B
har116-b-000927-leakclosed,har116-b-000927-leakclosed__Sj3aGEg,85,40530,123,200,XiaomiMiMo/MiMo-V2.6-Distill-Qwen-9B
har116-b-000927-leakclosed,har116-b-000927-leakclosed__Sj3aGEg,86,40859,123,200,XiaomiMiMo/MiMo-V2.6-Distill-Qwen-9B
har116-b-000927-leakclosed,har116-b-000927-leakclosed__Sj3aGEg,87,41188,123,200,XiaomiMiMo/MiMo-V2.6-Distill-Qwen-9B
har116-b-000927-leakclosed,har116-b-000927-leakclosed__Sj3aGEg,88,41517,123,200,XiaomiMiMo/MiMo-V2.6-Distill-Qwen-9B
har116-b-000927-leakclosed,har116-b-000927-leakclosed__Sj3aGEg,89,41846,123,200,XiaomiMiMo/MiMo-V2.6-Distill-Qwen-9B
har116-b-000927-leakclosed,har116-b-000927-leakclosed__Sj3aGEg,90,42175,123,200,XiaomiMiMo/MiMo-V2.6-Distill-Qwen-9B
har116-b-000927-leakclosed,har116-b-000927-leakclosed__Sj3aGEg,91,42504,123,200,XiaomiMiMo/MiMo-V2.6-Distill-Qwen-9B
har116-b-000927-leakclosed,har116-b-000927-leakclosed__Sj3aGEg,92,42833,123,200,XiaomiMiMo/MiMo-V2.6-Distill-Qwen-9B
har116-b-000927-original,har116-b-000927-original__kvyP9fr,1,1088,113,200,XiaomiMiMo/MiMo-V2.6-Distill-Qwen-9B
har116-b-000927-original,har116-b-000927-original__kvyP9fr,2,2017,126,200,XiaomiMiMo/MiMo-V2.6-Distill-Qwen-9B
har116-b-000927-original,har116-b-000927-original__kvyP9fr,3,3075,98,200,XiaomiMiMo/MiMo-V2.6-Distill-Qwen-9B
har116-b-000927-original,har116-b-000927-original__kvyP9fr,4,5669,143,200,XiaomiMiMo/MiMo-V2.6-Distill-Qwen-9B
har116-b-000927-original,har116-b-000927-original__kvyP9fr,5,7284,2830,200,XiaomiMiMo/MiMo-V2.6-Distill-Qwen-9B
har116-b-000927-original,har116-b-000927-original__kvyP9fr,6,8899,2056,200,XiaomiMiMo/MiMo-V2.6-Distill-Qwen-9B
har116-b-000927-original,har116-b-000927-original__kvyP9fr,7,11044,3489,200,XiaomiMiMo/MiMo-V2.6-Distill-Qwen-9B
har116-b-000927-original,har116-b-000927-original__kvyP9fr,8,11532,100,200,XiaomiMiMo/MiMo-V2.6-Distill-Qwen-9B
har116-b-000927-original,har116-b-000927-original__kvyP9fr,9,11966,145,200,XiaomiMiMo/MiMo-V2.6-Distill-Qwen-9B
har116-b-000927-original,har116-b-000927-original__kvyP9fr,10,13201,183,200,XiaomiMiMo/MiMo-V2.6-Distill-Qwen-9B
har116-b-000927-original,har116-b-000927-original__kvyP9fr,11,13880,50,200,XiaomiMiMo/MiMo-V2.6-Distill-Qwen-9B
har116-b-000927-original,har116-b-000927-original__kvyP9fr,12,14240,126,200,XiaomiMiMo/MiMo-V2.6-Distill-Qwen-9B
har116-b-000927-original,har116-b-000927-original__kvyP9fr,13,14570,296,200,XiaomiMiMo/MiMo-V2.6-Distill-Qwen-9B
har116-b-000927-original,har116-b-000927-original__kvyP9fr,14,15269,516,200,XiaomiMiMo/MiMo-V2.6-Distill-Qwen-9B
har116-b-000927-original,har116-b-000927-original__kvyP9fr,15,16398,284,200,XiaomiMiMo/MiMo-V2.6-Distill-Qwen-9B
har116-b-000927-original,har116-b-000927-original__kvyP9fr,16,17055,839,200,XiaomiMiMo/MiMo-V2.6-Distill-Qwen-9B
har116-b-000927-original,har116-b-000927-original__kvyP9fr,17,18895,836,200,XiaomiMiMo/MiMo-V2.6-Distill-Qwen-9B
har116-b-000927-original,har116-b-000927-original__kvyP9fr,18,21513,184,200,XiaomiMiMo/MiMo-V2.6-Distill-Qwen-9B
har116-b-000927-original,har116-b-000927-original__kvyP9fr,19,22417,90,200,XiaomiMiMo/MiMo-V2.6-Distill-Qwen-9B
har116-b-000927-original,har116-b-000927-original__kvyP9fr,20,22681,171,200,XiaomiMiMo/MiMo-V2.6-Distill-Qwen-9B
har116-b-000927-original,har116-b-000927-original__kvyP9fr,21,23030,1366,200,XiaomiMiMo/MiMo-V2.6-Distill-Qwen-9B
har116-b-000927-original,har116-b-000927-original__kvyP9fr,22,26052,286,200,XiaomiMiMo/MiMo-V2.6-Distill-Qwen-9B
har116-b-000927-original,har116-b-000927-original__kvyP9fr,23,26828,69,200,XiaomiMiMo/MiMo-V2.6-Distill-Qwen-9B
har116-b-000927-original,har116-b-000927-original__kvyP9fr,24,27123,114,200,XiaomiMiMo/MiMo-V2.6-Distill-Qwen-9B
har116-b-000927-original,har116-b-000927-original__kvyP9fr,25,28490,83,200,XiaomiMiMo/MiMo-V2.6-Distill-Qwen-9B
har116-b-000927-original,har116-b-000927-original__kvyP9fr,26,29151,824,200,XiaomiMiMo/MiMo-V2.6-Distill-Qwen-9B
har116-b-000927-original,har116-b-000927-original__kvyP9fr,27,30949,59,200,XiaomiMiMo/MiMo-V2.6-Distill-Qwen-9B
har116-b-000927-original,har116-b-000927-original__kvyP9fr,28,31247,82,200,XiaomiMiMo/MiMo-V2.6-Distill-Qwen-9B
har116-b-000927-original,har116-b-000927-original__kvyP9fr,29,31561,306,200,XiaomiMiMo/MiMo-V2.6-Distill-Qwen-9B
har116-b-000927-original,har116-b-000927-original__kvyP9fr,30,32241,59,200,XiaomiMiMo/MiMo-V2.6-Distill-Qwen-9B
har116-b-000927-original,har116-b-000927-original__kvyP9fr,31,32513,121,200,XiaomiMiMo/MiMo-V2.6-Distill-Qwen-9B
har116-b-000927-original,har116-b-000927-original__kvyP9fr,32,32995,758,200,XiaomiMiMo/MiMo-V2.6-Distill-Qwen-9B
har116-b-000927-original,har116-b-000927-original__kvyP9fr,33,34543,59,200,XiaomiMiMo/MiMo-V2.6-Distill-Qwen-9B
har116-b-000927-original,har116-b-000927-original__kvyP9fr,34,34750,68,200,XiaomiMiMo/MiMo-V2.6-Distill-Qwen-9B
har116-b-000927-original,har116-b-000927-original__kvyP9fr,35,35041,99,200,XiaomiMiMo/MiMo-V2.6-Distill-Qwen-9B
har116-b-000927-original,har116-b-000927-original__kvyP9fr,36,35786,50,200,XiaomiMiMo/MiMo-V2.6-Distill-Qwen-9B
har116-b-000927-original,har116-b-000927-original__kvyP9fr,37,36950,647,200,XiaomiMiMo/MiMo-V2.6-Distill-Qwen-9B
har116-b-000927-original,har116-b-000927-original__kvyP9fr,38,38387,659,200,XiaomiMiMo/MiMo-V2.6-Distill-Qwen-9B
har116-b-000927-original,har116-b-000927-original__kvyP9fr,39,39602,183,200,XiaomiMiMo/MiMo-V2.6-Distill-Qwen-9B
har116-b-000927-original,har116-b-000927-original__kvyP9fr,40,40052,121,200,XiaomiMiMo/MiMo-V2.6-Distill-Qwen-9B
har116-b-000927-original,har116-b-000927-original__kvyP9fr,41,40356,74,200,XiaomiMiMo/MiMo-V2.6-Distill-Qwen-9B
har116-b-000927-original,har116-b-000927-original__kvyP9fr,42,40644,110,200,XiaomiMiMo/MiMo-V2.6-Distill-Qwen-9B
har116-b-000927-original,har116-b-000927-original__kvyP9fr,43,40889,134,200,XiaomiMiMo/MiMo-V2.6-Distill-Qwen-9B
har116-b-000927-original,har116-b-000927-original__kvyP9fr,44,41786,101,200,XiaomiMiMo/MiMo-V2.6-Distill-Qwen-9B
har116-b-000927-original,har116-b-000927-original__kvyP9fr,45,42196,40,200,XiaomiMiMo/MiMo-V2.6-Distill-Qwen-9B
har116-b-000927-original,har116-b-000927-original__kvyP9fr,46,42786,166,200,XiaomiMiMo/MiMo-V2.6-Distill-Qwen-9B
har116-b-000927-original,har116-b-000927-original__kvyP9fr,47,43564,182,200,XiaomiMiMo/MiMo-V2.6-Distill-Qwen-9B
har116-b-000927-original,har116-b-000927-original__kvyP9fr,48,43914,35,200,XiaomiMiMo/MiMo-V2.6-Distill-Qwen-9B
har116-b-000927-original,har116-b-000927-original__kvyP9fr,49,43971,40,200,XiaomiMiMo/MiMo-V2.6-Distill-Qwen-9B
har116-b-000927-original,har116-b-000927-original__kvyP9fr,50,44038,51,200,XiaomiMiMo/MiMo-V2.6-Distill-Qwen-9B
har116-b-000927-original,har116-b-000927-original__kvyP9fr,51,44127,53,200,XiaomiMiMo/MiMo-V2.6-Distill-Qwen-9B
har116-b-000927-original,har116-b-000927-original__kvyP9fr,52,44220,72,200,XiaomiMiMo/MiMo-V2.6-Distill-Qwen-9B
har116-b-000927-original,har116-b-000927-original__kvyP9fr,53,44334,31,200,XiaomiMiMo/MiMo-V2.6-Distill-Qwen-9B
har116-b-000927-original,har116-b-000927-original__kvyP9fr,54,44383,77,200,XiaomiMiMo/MiMo-V2.6-Distill-Qwen-9B
har116-b-000927-original,har116-b-000927-original__kvyP9fr,55,44497,55,200,XiaomiMiMo/MiMo-V2.6-Distill-Qwen-9B
har116-b-000927-original,har116-b-000927-original__kvyP9fr,56,44594,49,200,XiaomiMiMo/MiMo-V2.6-Distill-Qwen-9B
har116-b-000927-original,har116-b-000927-original__kvyP9fr,57,44678,62,200,XiaomiMiMo/MiMo-V2.6-Distill-Qwen-9B
har116-b-000927-original,har116-b-000927-original__kvyP9fr,58,44788,46,200,XiaomiMiMo/MiMo-V2.6-Distill-Qwen-9B
har116-b-000927-original,har116-b-000927-original__kvyP9fr,59,44867,52,200,XiaomiMiMo/MiMo-V2.6-Distill-Qwen-9B
har116-b-000927-original,har116-b-000927-original__kvyP9fr,60,44958,89,200,XiaomiMiMo/MiMo-V2.6-Distill-Qwen-9B
har116-b-000927-original,har116-b-000927-original__kvyP9fr,61,45103,36,200,XiaomiMiMo/MiMo-V2.6-Distill-Qwen-9B
har116-b-000927-original,har116-b-000927-original__kvyP9fr,62,45162,38,200,XiaomiMiMo/MiMo-V2.6-Distill-Qwen-9B
har116-b-000927-original,har116-b-000927-original__kvyP9fr,63,45274,98,200,XiaomiMiMo/MiMo-V2.6-Distill-Qwen-9B
har116-b-000927-original,har116-b-000927-original__kvyP9fr,64,45618,63,200,XiaomiMiMo/MiMo-V2.6-Distill-Qwen-9B
har116-b-000927-original,har116-b-000927-original__kvyP9fr,65,46177,393,200,XiaomiMiMo/MiMo-V2.6-Distill-Qwen-9B
har116-b-000927-original,har116-b-000927-original__kvyP9fr,66,46614,38,200,XiaomiMiMo/MiMo-V2.6-Distill-Qwen-9B
har116-b-000927-original,har116-b-000927-original__kvyP9fr,67,46668,40,200,XiaomiMiMo/MiMo-V2.6-Distill-Qwen-9B
har116-b-000927-original,har116-b-000927-original__kvyP9fr,68,46826,69,200,XiaomiMiMo/MiMo-V2.6-Distill-Qwen-9B
har116-b-000927-original,har116-b-000927-original__kvyP9fr,69,47118,338,200,XiaomiMiMo/MiMo-V2.6-Distill-Qwen-9B
har116-b-000927-original,har116-b-000927-original__kvyP9fr,70,47500,164,200,XiaomiMiMo/MiMo-V2.6-Distill-Qwen-9B
har116-b-000927-original,har116-b-000927-original__kvyP9fr,71,47708,164,200,XiaomiMiMo/MiMo-V2.6-Distill-Qwen-9B
har116-b-000927-original,har116-b-000927-original__kvyP9fr,72,47916,164,200,XiaomiMiMo/MiMo-V2.6-Distill-Qwen-9B
har116-b-000927-original,har116-b-000927-original__kvyP9fr,73,48124,164,200,XiaomiMiMo/MiMo-V2.6-Distill-Qwen-9B
har116-b-000927-original,har116-b-000927-original__kvyP9fr,74,48332,164,200,XiaomiMiMo/MiMo-V2.6-Distill-Qwen-9B
har116-b-002308-leakclosed,har116-b-002308-leakclosed__idknFAu,1,1301,94,200,XiaomiMiMo/MiMo-V2.6-Distill-Qwen-9B
har116-b-002308-leakclosed,har116-b-002308-leakclosed__idknFAu,2,2623,94,200,XiaomiMiMo/MiMo-V2.6-Distill-Qwen-9B
har116-b-002308-leakclosed,har116-b-002308-leakclosed__idknFAu,3,4244,144,200,XiaomiMiMo/MiMo-V2.6-Distill-Qwen-9B
har116-b-002308-leakclosed,har116-b-002308-leakclosed__idknFAu,4,6213,56,200,XiaomiMiMo/MiMo-V2.6-Distill-Qwen-9B
har116-b-002308-leakclosed,har116-b-002308-leakclosed__idknFAu,5,7324,1727,200,XiaomiMiMo/MiMo-V2.6-Distill-Qwen-9B
har116-b-002308-leakclosed,har116-b-002308-leakclosed__idknFAu,6,8771,2105,200,XiaomiMiMo/MiMo-V2.6-Distill-Qwen-9B
har116-b-002308-leakclosed,har116-b-002308-leakclosed__idknFAu,7,9460,1022,200,XiaomiMiMo/MiMo-V2.6-Distill-Qwen-9B
har116-b-002308-leakclosed,har116-b-002308-leakclosed__idknFAu,8,10534,706,200,XiaomiMiMo/MiMo-V2.6-Distill-Qwen-9B
har116-b-002308-leakclosed,har116-b-002308-leakclosed__idknFAu,9,11844,656,200,XiaomiMiMo/MiMo-V2.6-Distill-Qwen-9B
har116-b-002308-leakclosed,har116-b-002308-leakclosed__idknFAu,10,12263,1146,200,XiaomiMiMo/MiMo-V2.6-Distill-Qwen-9B
har116-b-002308-leakclosed,har116-b-002308-leakclosed__idknFAu,11,14042,1252,200,XiaomiMiMo/MiMo-V2.6-Distill-Qwen-9B
har116-b-002308-leakclosed,har116-b-002308-leakclosed__idknFAu,12,16130,1804,200,XiaomiMiMo/MiMo-V2.6-Distill-Qwen-9B
har116-b-002308-leakclosed,har116-b-002308-leakclosed__idknFAu,13,17706,1716,200,XiaomiMiMo/MiMo-V2.6-Distill-Qwen-9B
har116-b-002308-leakclosed,har116-b-002308-leakclosed__idknFAu,14,18010,68,200,XiaomiMiMo/MiMo-V2.6-Distill-Qwen-9B
har116-b-002308-leakclosed,har116-b-002308-leakclosed__idknFAu,15,18533,3548,200,XiaomiMiMo/MiMo-V2.6-Distill-Qwen-9B
har116-b-002308-leakclosed,har116-b-002308-leakclosed__idknFAu,16,18898,1287,200,XiaomiMiMo/MiMo-V2.6-Distill-Qwen-9B
har116-b-002308-leakclosed,har116-b-002308-leakclosed__idknFAu,17,19542,101,200,XiaomiMiMo/MiMo-V2.6-Distill-Qwen-9B
har116-b-002308-leakclosed,har116-b-002308-leakclosed__idknFAu,18,19962,111,200,XiaomiMiMo/MiMo-V2.6-Distill-Qwen-9B
har116-b-002308-leakclosed,har116-b-002308-leakclosed__idknFAu,19,21298,138,200,XiaomiMiMo/MiMo-V2.6-Distill-Qwen-9B
har116-b-002308-leakclosed,har116-b-002308-leakclosed__idknFAu,20,23350,120,200,XiaomiMiMo/MiMo-V2.6-Distill-Qwen-9B
har116-b-002308-leakclosed,har116-b-002308-leakclosed__idknFAu,21,23786,87,200,XiaomiMiMo/MiMo-V2.6-Distill-Qwen-9B
har116-b-002308-leakclosed,har116-b-002308-leakclosed__idknFAu,22,24726,79,200,XiaomiMiMo/MiMo-V2.6-Distill-Qwen-9B
har116-b-002308-leakclosed,har116-b-002308-leakclosed__idknFAu,23,25567,668,200,XiaomiMiMo/MiMo-V2.6-Distill-Qwen-9B
har116-b-002308-leakclosed,har116-b-002308-leakclosed__idknFAu,24,26452,885,200,XiaomiMiMo/MiMo-V2.6-Distill-Qwen-9B
har116-b-002308-leakclosed,har116-b-002308-leakclosed__idknFAu,25,28410,162,200,XiaomiMiMo/MiMo-V2.6-Distill-Qwen-9B
har116-b-002308-leakclosed,har116-b-002308-leakclosed__idknFAu,26,28823,44,200,XiaomiMiMo/MiMo-V2.6-Distill-Qwen-9B
har116-b-002308-leakclosed,har116-b-002308-leakclosed__idknFAu,27,29465,243,200,XiaomiMiMo/MiMo-V2.6-Distill-Qwen-9B
har116-b-002308-leakclosed,har116-b-002308-leakclosed__idknFAu,28,30079,141,200,XiaomiMiMo/MiMo-V2.6-Distill-Qwen-9B
har116-b-002308-leakclosed,har116-b-002308-leakclosed__idknFAu,29,30597,226,200,XiaomiMiMo/MiMo-V2.6-Distill-Qwen-9B
har116-b-002308-leakclosed,har116-b-002308-leakclosed__idknFAu,30,31639,42,200,XiaomiMiMo/MiMo-V2.6-Distill-Qwen-9B
har116-b-002308-leakclosed,har116-b-002308-leakclosed__idknFAu,31,32166,202,200,XiaomiMiMo/MiMo-V2.6-Distill-Qwen-9B
har116-b-002308-leakclosed,har116-b-002308-leakclosed__idknFAu,32,32691,70,200,XiaomiMiMo/MiMo-V2.6-Distill-Qwen-9B
har116-b-002308-leakclosed,har116-b-002308-leakclosed__idknFAu,33,33286,49,200,XiaomiMiMo/MiMo-V2.6-Distill-Qwen-9B
har116-b-002308-leakclosed,har116-b-002308-leakclosed__idknFAu,34,33512,320,200,XiaomiMiMo/MiMo-V2.6-Distill-Qwen-9B
har116-b-002308-leakclosed,har116-b-002308-leakclosed__idknFAu,35,34292,89,200,XiaomiMiMo/MiMo-V2.6-Distill-Qwen-9B
har116-b-002308-leakclosed,har116-b-002308-leakclosed__idknFAu,36,34683,68,200,XiaomiMiMo/MiMo-V2.6-Distill-Qwen-9B
har116-b-002308-leakclosed,har116-b-002308-leakclosed__idknFAu,37,35306,59,200,XiaomiMiMo/MiMo-V2.6-Distill-Qwen-9B
har116-b-002308-leakclosed,har116-b-002308-leakclosed__idknFAu,38,35572,37,200,XiaomiMiMo/MiMo-V2.6-Distill-Qwen-9B
har116-b-002308-leakclosed,har116-b-002308-leakclosed__idknFAu,39,36015,204,200,XiaomiMiMo/MiMo-V2.6-Distill-Qwen-9B
har116-b-002308-leakclosed,har116-b-002308-leakclosed__idknFAu,40,36547,74,200,XiaomiMiMo/MiMo-V2.6-Distill-Qwen-9B
har116-b-002308-leakclosed,har116-b-002308-leakclosed__idknFAu,41,36784,79,200,XiaomiMiMo/MiMo-V2.6-Distill-Qwen-9B
har116-b-002308-leakclosed,har116-b-002308-leakclosed__idknFAu,42,37098,62,200,XiaomiMiMo/MiMo-V2.6-Distill-Qwen-9B
har116-b-002308-leakclosed,har116-b-002308-leakclosed__idknFAu,43,37613,129,200,XiaomiMiMo/MiMo-V2.6-Distill-Qwen-9B
har116-b-002308-leakclosed,har116-b-002308-leakclosed__idknFAu,44,37922,37,200,XiaomiMiMo/MiMo-V2.6-Distill-Qwen-9B
har116-b-002308-leakclosed,har116-b-002308-leakclosed__idknFAu,45,38600,176,200,XiaomiMiMo/MiMo-V2.6-Distill-Qwen-9B
har116-b-002308-leakclosed,har116-b-002308-leakclosed__idknFAu,46,39105,197,200,XiaomiMiMo/MiMo-V2.6-Distill-Qwen-9B
har116-b-002308-leakclosed,har116-b-002308-leakclosed__idknFAu,47,39504,84,200,XiaomiMiMo/MiMo-V2.6-Distill-Qwen-9B
har116-b-002308-leakclosed,har116-b-002308-leakclosed__idknFAu,48,39985,193,200,XiaomiMiMo/MiMo-V2.6-Distill-Qwen-9B
har116-b-002308-leakclosed,har116-b-002308-leakclosed__idknFAu,49,40458,61,200,XiaomiMiMo/MiMo-V2.6-Distill-Qwen-9B
har116-b-002308-leakclosed,har116-b-002308-leakclosed__idknFAu,50,40661,121,200,XiaomiMiMo/MiMo-V2.6-Distill-Qwen-9B
har116-b-002308-leakclosed,har116-b-002308-leakclosed__idknFAu,51,41334,110,200,XiaomiMiMo/MiMo-V2.6-Distill-Qwen-9B
har116-b-002308-leakclosed,har116-b-002308-leakclosed__idknFAu,52,41547,79,200,XiaomiMiMo/MiMo-V2.6-Distill-Qwen-9B
har116-b-002308-leakclosed,har116-b-002308-leakclosed__idknFAu,53,41717,98,200,XiaomiMiMo/MiMo-V2.6-Distill-Qwen-9B
har116-b-002308-leakclosed,har116-b-002308-leakclosed__idknFAu,54,41915,54,200,XiaomiMiMo/MiMo-V2.6-Distill-Qwen-9B
har116-b-002308-leakclosed,har116-b-002308-leakclosed__idknFAu,55,42027,44,200,XiaomiMiMo/MiMo-V2.6-Distill-Qwen-9B
har116-b-002308-leakclosed,har116-b-002308-leakclosed__idknFAu,56,42112,104,200,XiaomiMiMo/MiMo-V2.6-Distill-Qwen-9B
har116-b-002308-leakclosed,har116-b-002308-leakclosed__idknFAu,57,42299,100,200,XiaomiMiMo/MiMo-V2.6-Distill-Qwen-9B
har116-b-002308-leakclosed,har116-b-002308-leakclosed__idknFAu,58,42485,34,200,XiaomiMiMo/MiMo-V2.6-Distill-Qwen-9B
har116-b-002308-leakclosed,har116-b-002308-leakclosed__idknFAu,59,42560,44,200,XiaomiMiMo/MiMo-V2.6-Distill-Qwen-9B
har116-b-002308-leakclosed,har116-b-002308-leakclosed__idknFAu,60,42642,101,200,XiaomiMiMo/MiMo-V2.6-Distill-Qwen-9B
har116-b-002308-leakclosed,har116-b-002308-leakclosed__idknFAu,61,42833,57,200,XiaomiMiMo/MiMo-V2.6-Distill-Qwen-9B
har116-b-002308-leakclosed,har116-b-002308-leakclosed__idknFAu,62,42934,49,200,XiaomiMiMo/MiMo-V2.6-Distill-Qwen-9B
har116-b-002308-leakclosed,har116-b-002308-leakclosed__idknFAu,63,43027,57,200,XiaomiMiMo/MiMo-V2.6-Distill-Qwen-9B
har116-b-002308-leakclosed,har116-b-002308-leakclosed__idknFAu,64,43425,96,200,XiaomiMiMo/MiMo-V2.6-Distill-Qwen-9B
har116-b-002308-leakclosed,har116-b-002308-leakclosed__idknFAu,65,43585,42,200,XiaomiMiMo/MiMo-V2.6-Distill-Qwen-9B
har116-b-002308-leakclosed,har116-b-002308-leakclosed__idknFAu,66,43676,74,200,XiaomiMiMo/MiMo-V2.6-Distill-Qwen-9B
har116-b-002308-leakclosed,har116-b-002308-leakclosed__idknFAu,67,43826,72,200,XiaomiMiMo/MiMo-V2.6-Distill-Qwen-9B
har116-b-002308-leakclosed,har116-b-002308-leakclosed__idknFAu,68,43963,70,200,XiaomiMiMo/MiMo-V2.6-Distill-Qwen-9B
har116-b-002308-leakclosed,har116-b-002308-leakclosed__idknFAu,69,44071,50,200,XiaomiMiMo/MiMo-V2.6-Distill-Qwen-9B
har116-b-002308-leakclosed,har116-b-002308-leakclosed__idknFAu,70,44166,58,200,XiaomiMiMo/MiMo-V2.6-Distill-Qwen-9B
har116-b-002308-leakclosed,har116-b-002308-leakclosed__idknFAu,71,44253,37,200,XiaomiMiMo/MiMo-V2.6-Distill-Qwen-9B
har116-b-002308-leakclosed,har116-b-002308-leakclosed__idknFAu,72,44319,62,200,XiaomiMiMo/MiMo-V2.6-Distill-Qwen-9B
har116-b-002308-leakclosed,har116-b-002308-leakclosed__idknFAu,73,44418,42,200,XiaomiMiMo/MiMo-V2.6-Distill-Qwen-9B
har116-b-002308-leakclosed,har116-b-002308-leakclosed__idknFAu,74,44502,42,200,XiaomiMiMo/MiMo-V2.6-Distill-Qwen-9B
har116-b-002308-leakclosed,har116-b-002308-leakclosed__idknFAu,75,44586,49,200,XiaomiMiMo/MiMo-V2.6-Distill-Qwen-9B
har116-b-002308-leakclosed,har116-b-002308-leakclosed__idknFAu,76,44665,30,200,XiaomiMiMo/MiMo-V2.6-Distill-Qwen-9B
har116-b-002308-leakclosed,har116-b-002308-leakclosed__idknFAu,77,44715,60,200,XiaomiMiMo/MiMo-V2.6-Distill-Qwen-9B
har116-b-002308-original,har116-b-002308-original__oYziU3z,1,1301,113,200,XiaomiMiMo/MiMo-V2.6-Distill-Qwen-9B
har116-b-002308-original,har116-b-002308-original__oYziU3z,2,1830,118,200,XiaomiMiMo/MiMo-V2.6-Distill-Qwen-9B
har116-b-002308-original,har116-b-002308-original__oYziU3z,3,4473,190,200,XiaomiMiMo/MiMo-V2.6-Distill-Qwen-9B
har116-b-002308-original,har116-b-002308-original__oYziU3z,4,7351,1444,200,XiaomiMiMo/MiMo-V2.6-Distill-Qwen-9B
har116-b-002308-original,har116-b-002308-original__oYziU3z,5,8321,1719,200,XiaomiMiMo/MiMo-V2.6-Distill-Qwen-9B
har116-b-002308-original,har116-b-002308-original__oYziU3z,6,9786,89,200,XiaomiMiMo/MiMo-V2.6-Distill-Qwen-9B
har116-b-002308-original,har116-b-002308-original__oYziU3z,7,10146,144,200,XiaomiMiMo/MiMo-V2.6-Distill-Qwen-9B
har116-b-002308-original,har116-b-002308-original__oYziU3z,8,10658,80,200,XiaomiMiMo/MiMo-V2.6-Distill-Qwen-9B
har116-b-002308-original,har116-b-002308-original__oYziU3z,9,11215,92,200,XiaomiMiMo/MiMo-V2.6-Distill-Qwen-9B
har116-b-002308-original,har116-b-002308-original__oYziU3z,10,11464,88,200,XiaomiMiMo/MiMo-V2.6-Distill-Qwen-9B
har116-b-002308-original,har116-b-002308-original__oYziU3z,11,11738,120,200,XiaomiMiMo/MiMo-V2.6-Distill-Qwen-9B
har116-b-002308-original,har116-b-002308-original__oYziU3z,12,13339,87,200,XiaomiMiMo/MiMo-V2.6-Distill-Qwen-9B
har116-b-002308-original,har116-b-002308-original__oYziU3z,13,13717,66,200,XiaomiMiMo/MiMo-V2.6-Distill-Qwen-9B
har116-b-002308-original,har116-b-002308-original__oYziU3z,14,13962,68,200,XiaomiMiMo/MiMo-V2.6-Distill-Qwen-9B
har116-b-002308-original,har116-b-002308-original__oYziU3z,15,14387,287,200,XiaomiMiMo/MiMo-V2.6-Distill-Qwen-9B
har116-b-002308-original,har116-b-002308-original__oYziU3z,16,15129,478,200,XiaomiMiMo/MiMo-V2.6-Distill-Qwen-9B
har116-b-002308-original,har116-b-002308-original__oYziU3z,17,15365,696,200,XiaomiMiMo/MiMo-V2.6-Distill-Qwen-9B
har116-b-002308-original,har116-b-002308-original__oYziU3z,18,15705,98,200,XiaomiMiMo/MiMo-V2.6-Distill-Qwen-9B
har116-b-002308-original,har116-b-002308-original__oYziU3z,19,16026,63,200,XiaomiMiMo/MiMo-V2.6-Distill-Qwen-9B
har116-b-002308-original,har116-b-002308-original__oYziU3z,20,16443,92,200,XiaomiMiMo/MiMo-V2.6-Distill-Qwen-9B
har116-b-002308-original,har116-b-002308-original__oYziU3z,21,16770,115,200,XiaomiMiMo/MiMo-V2.6-Distill-Qwen-9B
har116-b-002308-original,har116-b-002308-original__oYziU3z,22,17086,114,200,XiaomiMiMo/MiMo-V2.6-Distill-Qwen-9B
har116-b-002308-original,har116-b-002308-original__oYziU3z,23,17440,408,200,XiaomiMiMo/MiMo-V2.6-Distill-Qwen-9B
har116-b-002308-original,har116-b-002308-original__oYziU3z,24,18413,233,200,XiaomiMiMo/MiMo-V2.6-Distill-Qwen-9B
har116-b-002308-original,har116-b-002308-original__oYziU3z,25,19096,73,200,XiaomiMiMo/MiMo-V2.6-Distill-Qwen-9B
har116-b-002308-original,har116-b-002308-original__oYziU3z,26,19266,73,200,XiaomiMiMo/MiMo-V2.6-Distill-Qwen-9B
har116-b-002308-original,har116-b-002308-original__oYziU3z,27,19416,81,200,XiaomiMiMo/MiMo-V2.6-Distill-Qwen-9B
har116-b-002308-original,har116-b-002308-original__oYziU3z,28,19550,76,200,XiaomiMiMo/MiMo-V2.6-Distill-Qwen-9B
har116-b-002308-original,har116-b-002308-original__oYziU3z,29,19723,54,200,XiaomiMiMo/MiMo-V2.6-Distill-Qwen-9B
har116-b-002308-original,har116-b-002308-original__oYziU3z,30,19846,41,200,XiaomiMiMo/MiMo-V2.6-Distill-Qwen-9B
har116-b-002308-original,har116-b-002308-original__oYziU3z,31,19922,47,200,XiaomiMiMo/MiMo-V2.6-Distill-Qwen-9B
har116-b-002308-original,har116-b-002308-original__oYziU3z,32,20016,67,200,XiaomiMiMo/MiMo-V2.6-Distill-Qwen-9B
har116-b-002308-original,har116-b-002308-original__oYziU3z,33,20139,62,200,XiaomiMiMo/MiMo-V2.6-Distill-Qwen-9B
har116-b-002308-original,har116-b-002308-original__oYziU3z,34,20271,60,200,XiaomiMiMo/MiMo-V2.6-Distill-Qwen-9B
har116-b-002308-original,har116-b-002308-original__oYziU3z,35,20411,45,200,XiaomiMiMo/MiMo-V2.6-Distill-Qwen-9B
har116-b-002308-original,har116-b-002308-original__oYziU3z,36,20504,29,200,XiaomiMiMo/MiMo-V2.6-Distill-Qwen-9B
har116-b-002308-original,har116-b-002308-original__oYziU3z,37,20551,58,200,XiaomiMiMo/MiMo-V2.6-Distill-Qwen-9B
har116-b-002308-original,har116-b-002308-original__oYziU3z,38,20630,38,200,XiaomiMiMo/MiMo-V2.6-Distill-Qwen-9B
har116-b-002308-original,har116-b-002308-original__oYziU3z,39,20866,112,200,XiaomiMiMo/MiMo-V2.6-Distill-Qwen-9B
har116-b-002308-original,har116-b-002308-original__oYziU3z,40,21066,42,200,XiaomiMiMo/MiMo-V2.6-Distill-Qwen-9B
har116-b-002308-original,har116-b-002308-original__oYziU3z,41,21137,42,200,XiaomiMiMo/MiMo-V2.6-Distill-Qwen-9B
har116-b-002308-original,har116-b-002308-original__oYziU3z,42,21221,45,200,XiaomiMiMo/MiMo-V2.6-Distill-Qwen-9B
har116-b-002308-original,har116-b-002308-original__oYziU3z,43,21311,46,200,XiaomiMiMo/MiMo-V2.6-Distill-Qwen-9B
har116-b-002308-original,har116-b-002308-original__oYziU3z,44,21405,66,200,XiaomiMiMo/MiMo-V2.6-Distill-Qwen-9B
har116-b-002308-original,har116-b-002308-original__oYziU3z,45,21520,57,200,XiaomiMiMo/MiMo-V2.6-Distill-Qwen-9B
har116-b-002308-original,har116-b-002308-original__oYziU3z,46,21638,39,200,XiaomiMiMo/MiMo-V2.6-Distill-Qwen-9B
har116-b-002308-original,har116-b-002308-original__oYziU3z,47,21731,41,200,XiaomiMiMo/MiMo-V2.6-Distill-Qwen-9B
har116-b-002308-original,har116-b-002308-original__oYziU3z,48,21810,63,200,XiaomiMiMo/MiMo-V2.6-Distill-Qwen-9B
har116-b-002308-original,har116-b-002308-original__oYziU3z,49,21917,36,200,XiaomiMiMo/MiMo-V2.6-Distill-Qwen-9B
har116-b-002308-original,har116-b-002308-original__oYziU3z,50,21993,36,200,XiaomiMiMo/MiMo-V2.6-Distill-Qwen-9B
har116-b-002308-original,har116-b-002308-original__oYziU3z,51,22061,75,200,XiaomiMiMo/MiMo-V2.6-Distill-Qwen-9B
har116-b-002308-original,har116-b-002308-original__oYziU3z,52,22186,32,200,XiaomiMiMo/MiMo-V2.6-Distill-Qwen-9B
har116-b-002308-original,har116-b-002308-original__oYziU3z,53,22264,32,200,XiaomiMiMo/MiMo-V2.6-Distill-Qwen-9B
har116-b-002308-original,har116-b-002308-original__oYziU3z,54,22320,32,200,XiaomiMiMo/MiMo-V2.6-Distill-Qwen-9B
har116-b-002308-original,har116-b-002308-original__oYziU3z,55,22376,60,200,XiaomiMiMo/MiMo-V2.6-Distill-Qwen-9B
har116-b-002308-original,har116-b-002308-original__oYziU3z,56,22468,40,200,XiaomiMiMo/MiMo-V2.6-Distill-Qwen-9B
har116-b-002308-original,har116-b-002308-original__oYziU3z,57,22548,40,200,XiaomiMiMo/MiMo-V2.6-Distill-Qwen-9B
har116-b-002308-original,har116-b-002308-original__oYziU3z,58,22628,40,200,XiaomiMiMo/MiMo-V2.6-Distill-Qwen-9B
har116-b-002308-original,har116-b-002308-original__oYziU3z,59,22708,40,200,XiaomiMiMo/MiMo-V2.6-Distill-Qwen-9B
har116-b-002308-original,har116-b-002308-original__oYziU3z,60,22788,75,200,XiaomiMiMo/MiMo-V2.6-Distill-Qwen-9B
har116-b-002308-original,har116-b-002308-original__oYziU3z,61,22914,50,200,XiaomiMiMo/MiMo-V2.6-Distill-Qwen-9B
har116-b-002308-original,har116-b-002308-original__oYziU3z,62,23226,84,200,XiaomiMiMo/MiMo-V2.6-Distill-Qwen-9B
har116-b-002308-original,har116-b-002308-original__oYziU3z,63,23525,153,200,XiaomiMiMo/MiMo-V2.6-Distill-Qwen-9B
har116-b-002308-original,har116-b-002308-original__oYziU3z,64,24197,70,200,XiaomiMiMo/MiMo-V2.6-Distill-Qwen-9B
har116-b-002308-original,har116-b-002308-original__oYziU3z,65,24351,43,200,XiaomiMiMo/MiMo-V2.6-Distill-Qwen-9B
har116-b-002308-original,har116-b-002308-original__oYziU3z,66,24436,43,200,XiaomiMiMo/MiMo-V2.6-Distill-Qwen-9B
har116-b-002308-original,har116-b-002308-original__oYziU3z,67,24525,43,200,XiaomiMiMo/MiMo-V2.6-Distill-Qwen-9B
har116-b-002308-original,har116-b-002308-original__oYziU3z,68,24614,52,200,XiaomiMiMo/MiMo-V2.6-Distill-Qwen-9B
har116-b-002308-original,har116-b-002308-original__oYziU3z,69,25697,74,200,XiaomiMiMo/MiMo-V2.6-Distill-Qwen-9B
har116-b-002308-original,har116-b-002308-original__oYziU3z,70,25827,43,200,XiaomiMiMo/MiMo-V2.6-Distill-Qwen-9B
har116-b-002308-original,har116-b-002308-original__oYziU3z,71,26039,43,200,XiaomiMiMo/MiMo-V2.6-Distill-Qwen-9B
har116-b-002308-original,har116-b-002308-original__oYziU3z,72,26164,43,200,XiaomiMiMo/MiMo-V2.6-Distill-Qwen-9B
har116-b-002308-original,har116-b-002308-original__oYziU3z,73,26253,43,200,XiaomiMiMo/MiMo-V2.6-Distill-Qwen-9B
har116-b-002308-original,har116-b-002308-original__oYziU3z,74,26465,43,200,XiaomiMiMo/MiMo-V2.6-Distill-Qwen-9B
har116-b-002308-original,har116-b-002308-original__oYziU3z,75,26554,43,200,XiaomiMiMo/MiMo-V2.6-Distill-Qwen-9B
har116-b-002308-original,har116-b-002308-original__oYziU3z,76,26643,43,200,XiaomiMiMo/MiMo-V2.6-Distill-Qwen-9B
har116-b-002308-original,har116-b-002308-original__oYziU3z,77,26732,43,200,XiaomiMiMo/MiMo-V2.6-Distill-Qwen-9B
har116-b-002308-original,har116-b-002308-original__oYziU3z,78,26821,43,200,XiaomiMiMo/MiMo-V2.6-Distill-Qwen-9B
har116-b-002308-original,har116-b-002308-original__oYziU3z,79,26910,43,200,XiaomiMiMo/MiMo-V2.6-Distill-Qwen-9B
har116-b-002308-original,har116-b-002308-original__oYziU3z,80,27125,43,200,XiaomiMiMo/MiMo-V2.6-Distill-Qwen-9B
har116-b-002308-original,har116-b-002308-original__oYziU3z,81,27214,43,200,XiaomiMiMo/MiMo-V2.6-Distill-Qwen-9B
har116-b-002308-original,har116-b-002308-original__oYziU3z,82,27303,43,200,XiaomiMiMo/MiMo-V2.6-Distill-Qwen-9B
har116-b-002308-original,har116-b-002308-original__oYziU3z,83,27392,43,200,XiaomiMiMo/MiMo-V2.6-Distill-Qwen-9B
har116-b-002308-original,har116-b-002308-original__oYziU3z,84,27481,43,200,XiaomiMiMo/MiMo-V2.6-Distill-Qwen-9B
har116-b-002308-original,har116-b-002308-original__oYziU3z,85,27570,43,200,XiaomiMiMo/MiMo-V2.6-Distill-Qwen-9B
har116-b-002308-original,har116-b-002308-original__oYziU3z,86,27659,43,200,XiaomiMiMo/MiMo-V2.6-Distill-Qwen-9B
har116-b-002308-original,har116-b-002308-original__oYziU3z,87,27748,43,200,XiaomiMiMo/MiMo-V2.6-Distill-Qwen-9B
har116-b-002308-original,har116-b-002308-original__oYziU3z,88,27965,43,200,XiaomiMiMo/MiMo-V2.6-Distill-Qwen-9B
har116-b-002308-original,har116-b-002308-original__oYziU3z,89,28093,43,200,XiaomiMiMo/MiMo-V2.6-Distill-Qwen-9B
har116-b-002308-original,har116-b-002308-original__oYziU3z,90,28182,43,200,XiaomiMiMo/MiMo-V2.6-Distill-Qwen-9B
har116-b-002308-original,har116-b-002308-original__oYziU3z,91,28271,43,200,XiaomiMiMo/MiMo-V2.6-Distill-Qwen-9B
har116-b-002308-original,har116-b-002308-original__oYziU3z,92,28360,43,200,XiaomiMiMo/MiMo-V2.6-Distill-Qwen-9B
har116-b-002308-original,har116-b-002308-original__oYziU3z,93,28449,43,200,XiaomiMiMo/MiMo-V2.6-Distill-Qwen-9B
har116-b-002308-original,har116-b-002308-original__oYziU3z,94,28538,43,200,XiaomiMiMo/MiMo-V2.6-Distill-Qwen-9B
har116-b-002308-original,har116-b-002308-original__oYziU3z,95,28627,43,200,XiaomiMiMo/MiMo-V2.6-Distill-Qwen-9B
har116-b-002308-original,har116-b-002308-original__oYziU3z,96,28716,43,200,XiaomiMiMo/MiMo-V2.6-Distill-Qwen-9B
har116-b-002308-original,har116-b-002308-original__oYziU3z,97,28805,43,200,XiaomiMiMo/MiMo-V2.6-Distill-Qwen-9B
har116-b-002308-original,har116-b-002308-original__oYziU3z,98,28894,43,200,XiaomiMiMo/MiMo-V2.6-Distill-Qwen-9B
har116-b-002308-original,har116-b-002308-original__oYziU3z,99,28983,43,200,XiaomiMiMo/MiMo-V2.6-Distill-Qwen-9B
har116-b-002308-original,har116-b-002308-original__oYziU3z,100,29470,57,200,XiaomiMiMo/MiMo-V2.6-Distill-Qwen-9B
har116-b-002308-original,har116-b-002308-original__oYziU3z,101,29653,64,200,XiaomiMiMo/MiMo-V2.6-Distill-Qwen-9B
har116-b-002308-original,har116-b-002308-original__oYziU3z,102,30252,78,200,XiaomiMiMo/MiMo-V2.6-Distill-Qwen-9B
har116-b-002308-original,har116-b-002308-original__oYziU3z,103,30766,97,200,XiaomiMiMo/MiMo-V2.6-Distill-Qwen-9B
har116-b-002308-original,har116-b-002308-original__oYziU3z,104,31272,83,200,XiaomiMiMo/MiMo-V2.6-Distill-Qwen-9B
har116-b-002308-original,har116-b-002308-original__oYziU3z,105,31507,386,200,XiaomiMiMo/MiMo-V2.6-Distill-Qwen-9B
har116-b-002308-original,har116-b-002308-original__oYziU3z,106,31996,95,200,XiaomiMiMo/MiMo-V2.6-Distill-Qwen-9B
har116-b-002308-original,har116-b-002308-original__oYziU3z,107,32329,331,200,XiaomiMiMo/MiMo-V2.6-Distill-Qwen-9B
har116-b-002308-original,har116-b-002308-original__oYziU3z,108,32832,93,200,XiaomiMiMo/MiMo-V2.6-Distill-Qwen-9B
har116-b-002308-original,har116-b-002308-original__oYziU3z,109,33083,62,200,XiaomiMiMo/MiMo-V2.6-Distill-Qwen-9B
har116-b-002308-original,har116-b-002308-original__oYziU3z,110,33427,279,200,XiaomiMiMo/MiMo-V2.6-Distill-Qwen-9B
har116-b-002402-leakclosed,har116-b-002402-leakclosed__X7nGHNs,1,2831,108,200,XiaomiMiMo/MiMo-V2.6-Distill-Qwen-9B
har116-b-002402-leakclosed,har116-b-002402-leakclosed__X7nGHNs,2,3774,104,200,XiaomiMiMo/MiMo-V2.6-Distill-Qwen-9B
har116-b-002402-leakclosed,har116-b-002402-leakclosed__X7nGHNs,3,5559,528,200,XiaomiMiMo/MiMo-V2.6-Distill-Qwen-9B
har116-b-002402-leakclosed,har116-b-002402-leakclosed__X7nGHNs,4,6520,628,200,XiaomiMiMo/MiMo-V2.6-Distill-Qwen-9B
har116-b-002402-leakclosed,har116-b-002402-leakclosed__X7nGHNs,5,8693,2531,200,XiaomiMiMo/MiMo-V2.6-Distill-Qwen-9B
har116-b-002402-leakclosed,har116-b-002402-leakclosed__X7nGHNs,6,10937,2113,200,XiaomiMiMo/MiMo-V2.6-Distill-Qwen-9B
har116-b-002402-leakclosed,har116-b-002402-leakclosed__X7nGHNs,7,11866,275,200,XiaomiMiMo/MiMo-V2.6-Distill-Qwen-9B
har116-b-002402-leakclosed,har116-b-002402-leakclosed__X7nGHNs,8,13318,328,200,XiaomiMiMo/MiMo-V2.6-Distill-Qwen-9B
har116-b-002402-leakclosed,har116-b-002402-leakclosed__X7nGHNs,9,13927,78,200,XiaomiMiMo/MiMo-V2.6-Distill-Qwen-9B
har116-b-002402-leakclosed,har116-b-002402-leakclosed__X7nGHNs,10,15344,500,200,XiaomiMiMo/MiMo-V2.6-Distill-Qwen-9B
har116-b-002402-leakclosed,har116-b-002402-leakclosed__X7nGHNs,11,15999,111,200,XiaomiMiMo/MiMo-V2.6-Distill-Qwen-9B
har116-b-002402-leakclosed,har116-b-002402-leakclosed__X7nGHNs,12,16347,45,200,XiaomiMiMo/MiMo-V2.6-Distill-Qwen-9B
har116-b-002402-leakclosed,har116-b-002402-leakclosed__X7nGHNs,13,16767,102,200,XiaomiMiMo/MiMo-V2.6-Distill-Qwen-9B
har116-b-002402-leakclosed,har116-b-002402-leakclosed__X7nGHNs,14,17093,111,200,XiaomiMiMo/MiMo-V2.6-Distill-Qwen-9B
har116-b-002402-leakclosed,har116-b-002402-leakclosed__X7nGHNs,15,17478,45,200,XiaomiMiMo/MiMo-V2.6-Distill-Qwen-9B
har116-b-002402-leakclosed,har116-b-002402-leakclosed__X7nGHNs,16,17877,41,200,XiaomiMiMo/MiMo-V2.6-Distill-Qwen-9B
har116-b-002402-leakclosed,har116-b-002402-leakclosed__X7nGHNs,17,18074,39,200,XiaomiMiMo/MiMo-V2.6-Distill-Qwen-9B
har116-b-002402-leakclosed,har116-b-002402-leakclosed__X7nGHNs,18,18455,44,200,XiaomiMiMo/MiMo-V2.6-Distill-Qwen-9B
har116-b-002402-leakclosed,har116-b-002402-leakclosed__X7nGHNs,19,18637,1475,200,XiaomiMiMo/MiMo-V2.6-Distill-Qwen-9B
har116-b-002402-leakclosed,har116-b-002402-leakclosed__X7nGHNs,20,18879,44,200,XiaomiMiMo/MiMo-V2.6-Distill-Qwen-9B
har116-b-002402-leakclosed,har116-b-002402-leakclosed__X7nGHNs,21,19232,215,200,XiaomiMiMo/MiMo-V2.6-Distill-Qwen-9B
har116-b-002402-leakclosed,har116-b-002402-leakclosed__X7nGHNs,22,19753,138,200,XiaomiMiMo/MiMo-V2.6-Distill-Qwen-9B
har116-b-002402-leakclosed,har116-b-002402-leakclosed__X7nGHNs,23,20160,156,200,XiaomiMiMo/MiMo-V2.6-Distill-Qwen-9B
har116-b-002402-leakclosed,har116-b-002402-leakclosed__X7nGHNs,24,20575,157,200,XiaomiMiMo/MiMo-V2.6-Distill-Qwen-9B
har116-b-002402-leakclosed,har116-b-002402-leakclosed__X7nGHNs,25,21003,218,200,XiaomiMiMo/MiMo-V2.6-Distill-Qwen-9B
har116-b-002402-leakclosed,har116-b-002402-leakclosed__X7nGHNs,26,21552,184,200,XiaomiMiMo/MiMo-V2.6-Distill-Qwen-9B
har116-b-002402-leakclosed,har116-b-002402-leakclosed__X7nGHNs,27,22039,44,200,XiaomiMiMo/MiMo-V2.6-Distill-Qwen-9B
har116-b-002402-leakclosed,har116-b-002402-leakclosed__X7nGHNs,28,22320,161,200,XiaomiMiMo/MiMo-V2.6-Distill-Qwen-9B
har116-b-002402-leakclosed,har116-b-002402-leakclosed__X7nGHNs,29,23043,69,200,XiaomiMiMo/MiMo-V2.6-Distill-Qwen-9B
har116-b-002402-leakclosed,har116-b-002402-leakclosed__X7nGHNs,30,23914,155,200,XiaomiMiMo/MiMo-V2.6-Distill-Qwen-9B
har116-b-002402-leakclosed,har116-b-002402-leakclosed__X7nGHNs,31,24308,135,200,XiaomiMiMo/MiMo-V2.6-Distill-Qwen-9B
har116-b-002402-leakclosed,har116-b-002402-leakclosed__X7nGHNs,32,24658,268,200,XiaomiMiMo/MiMo-V2.6-Distill-Qwen-9B
har116-b-002402-leakclosed,har116-b-002402-leakclosed__X7nGHNs,33,25313,55,200,XiaomiMiMo/MiMo-V2.6-Distill-Qwen-9B
har116-b-002402-leakclosed,har116-b-002402-leakclosed__X7nGHNs,34,25636,43,200,XiaomiMiMo/MiMo-V2.6-Distill-Qwen-9B
har116-b-002402-leakclosed,har116-b-002402-leakclosed__X7nGHNs,35,26003,45,200,XiaomiMiMo/MiMo-V2.6-Distill-Qwen-9B
har116-b-002402-leakclosed,har116-b-002402-leakclosed__X7nGHNs,36,26346,45,200,XiaomiMiMo/MiMo-V2.6-Distill-Qwen-9B
har116-b-002402-leakclosed,har116-b-002402-leakclosed__X7nGHNs,37,26690,43,200,XiaomiMiMo/MiMo-V2.6-Distill-Qwen-9B
har116-b-002402-leakclosed,har116-b-002402-leakclosed__X7nGHNs,38,26969,49,200,XiaomiMiMo/MiMo-V2.6-Distill-Qwen-9B
har116-b-002402-leakclosed,har116-b-002402-leakclosed__X7nGHNs,39,27479,74,200,XiaomiMiMo/MiMo-V2.6-Distill-Qwen-9B
har116-b-002402-leakclosed,har116-b-002402-leakclosed__X7nGHNs,40,27739,37,200,XiaomiMiMo/MiMo-V2.6-Distill-Qwen-9B
har116-b-002402-leakclosed,har116-b-002402-leakclosed__X7nGHNs,41,28014,43,200,XiaomiMiMo/MiMo-V2.6-Distill-Qwen-9B
har116-b-002402-leakclosed,har116-b-002402-leakclosed__X7nGHNs,42,28429,132,200,XiaomiMiMo/MiMo-V2.6-Distill-Qwen-9B
har116-b-002402-leakclosed,har116-b-002402-leakclosed__X7nGHNs,43,28880,160,200,XiaomiMiMo/MiMo-V2.6-Distill-Qwen-9B
har116-b-002402-leakclosed,har116-b-002402-leakclosed__X7nGHNs,44,29421,160,200,XiaomiMiMo/MiMo-V2.6-Distill-Qwen-9B
har116-b-002402-leakclosed,har116-b-002402-leakclosed__X7nGHNs,45,29962,160,200,XiaomiMiMo/MiMo-V2.6-Distill-Qwen-9B
har116-b-002402-leakclosed,har116-b-002402-leakclosed__X7nGHNs,46,30503,157,200,XiaomiMiMo/MiMo-V2.6-Distill-Qwen-9B
har116-b-002402-leakclosed,har116-b-002402-leakclosed__X7nGHNs,47,31077,174,200,XiaomiMiMo/MiMo-V2.6-Distill-Qwen-9B
har116-b-002402-leakclosed,har116-b-002402-leakclosed__X7nGHNs,48,31727,174,200,XiaomiMiMo/MiMo-V2.6-Distill-Qwen-9B
har116-b-002402-leakclosed,har116-b-002402-leakclosed__X7nGHNs,49,32339,176,200,XiaomiMiMo/MiMo-V2.6-Distill-Qwen-9B
har116-b-002402-leakclosed,har116-b-002402-leakclosed__X7nGHNs,50,33025,176,200,XiaomiMiMo/MiMo-V2.6-Distill-Qwen-9B
har116-b-002402-leakclosed,har116-b-002402-leakclosed__X7nGHNs,51,33641,157,200,XiaomiMiMo/MiMo-V2.6-Distill-Qwen-9B
har116-b-002402-leakclosed,har116-b-002402-leakclosed__X7nGHNs,52,34215,176,200,XiaomiMiMo/MiMo-V2.6-Distill-Qwen-9B
har116-b-002402-leakclosed,har116-b-002402-leakclosed__X7nGHNs,53,34869,176,200,XiaomiMiMo/MiMo-V2.6-Distill-Qwen-9B
har116-b-002402-leakclosed,har116-b-002402-leakclosed__X7nGHNs,54,35523,176,200,XiaomiMiMo/MiMo-V2.6-Distill-Qwen-9B
har116-b-002402-leakclosed,har116-b-002402-leakclosed__X7nGHNs,55,36177,176,200,XiaomiMiMo/MiMo-V2.6-Distill-Qwen-9B
har116-b-002402-leakclosed,har116-b-002402-leakclosed__X7nGHNs,56,36831,176,200,XiaomiMiMo/MiMo-V2.6-Distill-Qwen-9B
har116-b-002402-leakclosed,har116-b-002402-leakclosed__X7nGHNs,57,37447,176,200,XiaomiMiMo/MiMo-V2.6-Distill-Qwen-9B
har116-b-002402-leakclosed,har116-b-002402-leakclosed__X7nGHNs,58,37940,176,200,XiaomiMiMo/MiMo-V2.6-Distill-Qwen-9B
har116-b-002402-leakclosed,har116-b-002402-leakclosed__X7nGHNs,59,38756,176,200,XiaomiMiMo/MiMo-V2.6-Distill-Qwen-9B
har116-b-002402-leakclosed,har116-b-002402-leakclosed__X7nGHNs,60,39442,176,200,XiaomiMiMo/MiMo-V2.6-Distill-Qwen-9B
har116-b-002402-leakclosed,har116-b-002402-leakclosed__X7nGHNs,61,40058,176,200,XiaomiMiMo/MiMo-V2.6-Distill-Qwen-9B
har116-b-002402-leakclosed,har116-b-002402-leakclosed__X7nGHNs,62,40706,176,200,XiaomiMiMo/MiMo-V2.6-Distill-Qwen-9B
har116-b-002402-leakclosed,har116-b-002402-leakclosed__X7nGHNs,63,41392,176,200,XiaomiMiMo/MiMo-V2.6-Distill-Qwen-9B
har116-b-002402-leakclosed,har116-b-002402-leakclosed__X7nGHNs,64,42008,176,200,XiaomiMiMo/MiMo-V2.6-Distill-Qwen-9B
har116-b-002402-leakclosed,har116-b-002402-leakclosed__X7nGHNs,65,42694,176,200,XiaomiMiMo/MiMo-V2.6-Distill-Qwen-9B
har116-b-002402-leakclosed,har116-b-002402-leakclosed__X7nGHNs,66,43348,176,200,XiaomiMiMo/MiMo-V2.6-Distill-Qwen-9B
har116-b-002402-leakclosed,har116-b-002402-leakclosed__X7nGHNs,67,43964,176,200,XiaomiMiMo/MiMo-V2.6-Distill-Qwen-9B
har116-b-002402-leakclosed,har116-b-002402-leakclosed__X7nGHNs,68,44612,176,200,XiaomiMiMo/MiMo-V2.6-Distill-Qwen-9B
har116-b-002402-leakclosed,har116-b-002402-leakclosed__X7nGHNs,69,45260,176,200,XiaomiMiMo/MiMo-V2.6-Distill-Qwen-9B
har116-b-002402-leakclosed,har116-b-002402-leakclosed__X7nGHNs,70,45946,176,200,XiaomiMiMo/MiMo-V2.6-Distill-Qwen-9B
har116-b-002402-leakclosed,har116-b-002402-leakclosed__X7nGHNs,71,46562,176,200,XiaomiMiMo/MiMo-V2.6-Distill-Qwen-9B
har116-b-002402-leakclosed,har116-b-002402-leakclosed__X7nGHNs,72,47445,176,200,XiaomiMiMo/MiMo-V2.6-Distill-Qwen-9B
har116-b-002402-leakclosed,har116-b-002402-leakclosed__X7nGHNs,73,48093,176,200,XiaomiMiMo/MiMo-V2.6-Distill-Qwen-9B
har116-b-002402-leakclosed,har116-b-002402-leakclosed__X7nGHNs,74,48779,176,200,XiaomiMiMo/MiMo-V2.6-Distill-Qwen-9B
har116-b-002402-leakclosed,har116-b-002402-leakclosed__X7nGHNs,75,49395,176,200,XiaomiMiMo/MiMo-V2.6-Distill-Qwen-9B
har116-b-002402-leakclosed,har116-b-002402-leakclosed__X7nGHNs,76,50043,176,200,XiaomiMiMo/MiMo-V2.6-Distill-Qwen-9B
har116-b-002402-leakclosed,har116-b-002402-leakclosed__X7nGHNs,77,50729,176,200,XiaomiMiMo/MiMo-V2.6-Distill-Qwen-9B
har116-b-002402-leakclosed,har116-b-002402-leakclosed__X7nGHNs,78,51345,176,200,XiaomiMiMo/MiMo-V2.6-Distill-Qwen-9B
har116-b-002402-leakclosed,har116-b-002402-leakclosed__X7nGHNs,79,51838,176,200,XiaomiMiMo/MiMo-V2.6-Distill-Qwen-9B
har116-b-002402-leakclosed,har116-b-002402-leakclosed__X7nGHNs,80,52721,176,200,XiaomiMiMo/MiMo-V2.6-Distill-Qwen-9B
har116-b-002402-leakclosed,har116-b-002402-leakclosed__X7nGHNs,81,53375,176,200,XiaomiMiMo/MiMo-V2.6-Distill-Qwen-9B
har116-b-002402-leakclosed,har116-b-002402-leakclosed__X7nGHNs,82,53991,176,200,XiaomiMiMo/MiMo-V2.6-Distill-Qwen-9B
har116-b-002402-original,har116-b-002402-original__PCgLbp7,1,2835,106,200,XiaomiMiMo/MiMo-V2.6-Distill-Qwen-9B
har116-b-002402-original,har116-b-002402-original__PCgLbp7,2,3810,124,200,XiaomiMiMo/MiMo-V2.6-Distill-Qwen-9B
har116-b-002402-original,har116-b-002402-original__PCgLbp7,3,4764,1680,200,XiaomiMiMo/MiMo-V2.6-Distill-Qwen-9B
har116-b-002402-original,har116-b-002402-original__PCgLbp7,4,5727,998,200,XiaomiMiMo/MiMo-V2.6-Distill-Qwen-9B
har116-b-002402-original,har116-b-002402-original__PCgLbp7,5,6761,636,200,XiaomiMiMo/MiMo-V2.6-Distill-Qwen-9B
har116-b-002402-original,har116-b-002402-original__PCgLbp7,6,7413,613,200,XiaomiMiMo/MiMo-V2.6-Distill-Qwen-9B
har116-b-002402-original,har116-b-002402-original__PCgLbp7,7,8308,73,200,XiaomiMiMo/MiMo-V2.6-Distill-Qwen-9B
har116-b-002402-original,har116-b-002402-original__PCgLbp7,8,8869,1962,200,XiaomiMiMo/MiMo-V2.6-Distill-Qwen-9B
har116-b-002402-original,har116-b-002402-original__PCgLbp7,9,11133,754,200,XiaomiMiMo/MiMo-V2.6-Distill-Qwen-9B
har116-b-002402-original,har116-b-002402-original__PCgLbp7,10,12957,171,200,XiaomiMiMo/MiMo-V2.6-Distill-Qwen-9B
har116-b-002402-original,har116-b-002402-original__PCgLbp7,11,13974,1017,200,XiaomiMiMo/MiMo-V2.6-Distill-Qwen-9B
har116-b-002402-original,har116-b-002402-original__PCgLbp7,12,14905,109,200,XiaomiMiMo/MiMo-V2.6-Distill-Qwen-9B
har116-b-002402-original,har116-b-002402-original__PCgLbp7,13,15196,84,200,XiaomiMiMo/MiMo-V2.6-Distill-Qwen-9B
har116-b-002402-original,har116-b-002402-original__PCgLbp7,14,16347,61,200,XiaomiMiMo/MiMo-V2.6-Distill-Qwen-9B
har116-b-002402-original,har116-b-002402-original__PCgLbp7,15,16554,60,200,XiaomiMiMo/MiMo-V2.6-Distill-Qwen-9B
har116-b-002402-original,har116-b-002402-original__PCgLbp7,16,17184,170,200,XiaomiMiMo/MiMo-V2.6-Distill-Qwen-9B
har116-b-002402-original,har116-b-002402-original__PCgLbp7,17,17526,120,200,XiaomiMiMo/MiMo-V2.6-Distill-Qwen-9B
har116-b-002402-original,har116-b-002402-original__PCgLbp7,18,17906,1199,200,XiaomiMiMo/MiMo-V2.6-Distill-Qwen-9B
har116-b-002402-original,har116-b-002402-original__PCgLbp7,19,18735,81,200,XiaomiMiMo/MiMo-V2.6-Distill-Qwen-9B
har116-b-002402-original,har116-b-002402-original__PCgLbp7,20,19569,1546,200,XiaomiMiMo/MiMo-V2.6-Distill-Qwen-9B
har116-b-002402-original,har116-b-002402-original__PCgLbp7,21,21482,92,200,XiaomiMiMo/MiMo-V2.6-Distill-Qwen-9B
har116-b-002402-original,har116-b-002402-original__PCgLbp7,22,21876,49,200,XiaomiMiMo/MiMo-V2.6-Distill-Qwen-9B
har116-b-002402-original,har116-b-002402-original__PCgLbp7,23,22062,468,200,XiaomiMiMo/MiMo-V2.6-Distill-Qwen-9B
har116-b-002402-original,har116-b-002402-original__PCgLbp7,24,23071,41,200,XiaomiMiMo/MiMo-V2.6-Distill-Qwen-9B
har116-b-002402-original,har116-b-002402-original__PCgLbp7,25,23429,78,200,XiaomiMiMo/MiMo-V2.6-Distill-Qwen-9B
har116-b-002402-original,har116-b-002402-original__PCgLbp7,26,23891,73,200,XiaomiMiMo/MiMo-V2.6-Distill-Qwen-9B
har116-b-002402-original,har116-b-002402-original__PCgLbp7,27,24346,52,200,XiaomiMiMo/MiMo-V2.6-Distill-Qwen-9B
har116-b-002402-original,har116-b-002402-original__PCgLbp7,28,24533,48,200,XiaomiMiMo/MiMo-V2.6-Distill-Qwen-9B
har116-b-002402-original,har116-b-002402-original__PCgLbp7,29,24848,60,200,XiaomiMiMo/MiMo-V2.6-Distill-Qwen-9B
har116-b-002402-original,har116-b-002402-original__PCgLbp7,30,25302,89,200,XiaomiMiMo/MiMo-V2.6-Distill-Qwen-9B
har116-b-002402-original,har116-b-002402-original__PCgLbp7,31,25484,69,200,XiaomiMiMo/MiMo-V2.6-Distill-Qwen-9B
har116-b-002402-original,har116-b-002402-original__PCgLbp7,32,26033,113,200,XiaomiMiMo/MiMo-V2.6-Distill-Qwen-9B
har116-b-002402-original,har116-b-002402-original__PCgLbp7,33,26215,82,200,XiaomiMiMo/MiMo-V2.6-Distill-Qwen-9B
har116-b-002402-original,har116-b-002402-original__PCgLbp7,34,27677,94,200,XiaomiMiMo/MiMo-V2.6-Distill-Qwen-9B
har116-b-002402-original,har116-b-002402-original__PCgLbp7,35,27998,306,200,XiaomiMiMo/MiMo-V2.6-Distill-Qwen-9B
har116-b-002402-original,har116-b-002402-original__PCgLbp7,36,28410,48,200,XiaomiMiMo/MiMo-V2.6-Distill-Qwen-9B
har116-b-002402-original,har116-b-002402-original__PCgLbp7,37,28842,206,200,XiaomiMiMo/MiMo-V2.6-Distill-Qwen-9B
har116-b-002402-original,har116-b-002402-original__PCgLbp7,38,29154,68,200,XiaomiMiMo/MiMo-V2.6-Distill-Qwen-9B
har116-b-002402-original,har116-b-002402-original__PCgLbp7,39,29359,49,200,XiaomiMiMo/MiMo-V2.6-Distill-Qwen-9B
har116-b-002402-original,har116-b-002402-original__PCgLbp7,40,29627,69,200,XiaomiMiMo/MiMo-V2.6-Distill-Qwen-9B
har116-b-002402-original,har116-b-002402-original__PCgLbp7,41,30080,50,200,XiaomiMiMo/MiMo-V2.6-Distill-Qwen-9B
har116-b-002402-original,har116-b-002402-original__PCgLbp7,42,30267,48,200,XiaomiMiMo/MiMo-V2.6-Distill-Qwen-9B
har116-b-002402-original,har116-b-002402-original__PCgLbp7,43,30699,48,200,XiaomiMiMo/MiMo-V2.6-Distill-Qwen-9B
har116-b-002402-original,har116-b-002402-original__PCgLbp7,44,31131,48,200,XiaomiMiMo/MiMo-V2.6-Distill-Qwen-9B
har116-b-002402-original,har116-b-002402-original__PCgLbp7,45,31563,48,200,XiaomiMiMo/MiMo-V2.6-Distill-Qwen-9B
har116-b-002402-original,har116-b-002402-original__PCgLbp7,46,31995,48,200,XiaomiMiMo/MiMo-V2.6-Distill-Qwen-9B
har116-b-002402-original,har116-b-002402-original__PCgLbp7,47,32427,48,200,XiaomiMiMo/MiMo-V2.6-Distill-Qwen-9B
har116-b-002402-original,har116-b-002402-original__PCgLbp7,48,32859,48,200,XiaomiMiMo/MiMo-V2.6-Distill-Qwen-9B
har116-b-002402-original,har116-b-002402-original__PCgLbp7,49,33291,48,200,XiaomiMiMo/MiMo-V2.6-Distill-Qwen-9B
har116-b-002402-original,har116-b-002402-original__PCgLbp7,50,33723,48,200,XiaomiMiMo/MiMo-V2.6-Distill-Qwen-9B
har116-b-002402-original,har116-b-002402-original__PCgLbp7,51,34155,48,200,XiaomiMiMo/MiMo-V2.6-Distill-Qwen-9B
har116-b-002402-original,har116-b-002402-original__PCgLbp7,52,34587,48,200,XiaomiMiMo/MiMo-V2.6-Distill-Qwen-9B
har116-b-002402-original,har116-b-002402-original__PCgLbp7,53,35019,48,200,XiaomiMiMo/MiMo-V2.6-Distill-Qwen-9B
har116-b-002402-original,har116-b-002402-original__PCgLbp7,54,35451,48,200,XiaomiMiMo/MiMo-V2.6-Distill-Qwen-9B
har116-b-002402-original,har116-b-002402-original__PCgLbp7,55,35883,48,200,XiaomiMiMo/MiMo-V2.6-Distill-Qwen-9B
har116-b-002402-original,har116-b-002402-original__PCgLbp7,56,36315,48,200,XiaomiMiMo/MiMo-V2.6-Distill-Qwen-9B
har116-b-002402-original,har116-b-002402-original__PCgLbp7,57,36747,48,200,XiaomiMiMo/MiMo-V2.6-Distill-Qwen-9B
har116-b-002402-original,har116-b-002402-original__PCgLbp7,58,37179,48,200,XiaomiMiMo/MiMo-V2.6-Distill-Qwen-9B
har116-b-002402-original,har116-b-002402-original__PCgLbp7,59,37611,48,200,XiaomiMiMo/MiMo-V2.6-Distill-Qwen-9B
har116-b-002402-original,har116-b-002402-original__PCgLbp7,60,38043,48,200,XiaomiMiMo/MiMo-V2.6-Distill-Qwen-9B
har116-b-002402-original,har116-b-002402-original__PCgLbp7,61,38475,48,200,XiaomiMiMo/MiMo-V2.6-Distill-Qwen-9B
har116-b-002402-original,har116-b-002402-original__PCgLbp7,62,38907,48,200,XiaomiMiMo/MiMo-V2.6-Distill-Qwen-9B
har116-b-002402-original,har116-b-002402-original__PCgLbp7,63,39339,48,200,XiaomiMiMo/MiMo-V2.6-Distill-Qwen-9B
har116-b-002402-original,har116-b-002402-original__PCgLbp7,64,39771,48,200,XiaomiMiMo/MiMo-V2.6-Distill-Qwen-9B
har116-b-002402-original,har116-b-002402-original__PCgLbp7,65,40203,48,200,XiaomiMiMo/MiMo-V2.6-Distill-Qwen-9B
har116-b-002402-original,har116-b-002402-original__PCgLbp7,66,40635,48,200,XiaomiMiMo/MiMo-V2.6-Distill-Qwen-9B
har116-b-002402-original,har116-b-002402-original__PCgLbp7,67,41067,48,200,XiaomiMiMo/MiMo-V2.6-Distill-Qwen-9B
har116-b-002402-original,har116-b-002402-original__PCgLbp7,68,41499,48,200,XiaomiMiMo/MiMo-V2.6-Distill-Qwen-9B
har116-b-002402-original,har116-b-002402-original__PCgLbp7,69,41931,48,200,XiaomiMiMo/MiMo-V2.6-Distill-Qwen-9B
har116-b-002402-original,har116-b-002402-original__PCgLbp7,70,42363,48,200,XiaomiMiMo/MiMo-V2.6-Distill-Qwen-9B
har116-b-002402-original,har116-b-002402-original__PCgLbp7,71,42795,48,200,XiaomiMiMo/MiMo-V2.6-Distill-Qwen-9B
har116-b-002402-original,har116-b-002402-original__PCgLbp7,72,43227,48,200,XiaomiMiMo/MiMo-V2.6-Distill-Qwen-9B
har116-b-002402-original,har116-b-002402-original__PCgLbp7,73,43659,48,200,XiaomiMiMo/MiMo-V2.6-Distill-Qwen-9B
har116-b-002402-original,har116-b-002402-original__PCgLbp7,74,44091,48,200,XiaomiMiMo/MiMo-V2.6-Distill-Qwen-9B
har116-b-002402-original,har116-b-002402-original__PCgLbp7,75,44523,48,200,XiaomiMiMo/MiMo-V2.6-Distill-Qwen-9B
har116-b-002402-original,har116-b-002402-original__PCgLbp7,76,44955,48,200,XiaomiMiMo/MiMo-V2.6-Distill-Qwen-9B
har116-b-002402-original,har116-b-002402-original__PCgLbp7,77,45387,48,200,XiaomiMiMo/MiMo-V2.6-Distill-Qwen-9B
har116-b-002402-original,har116-b-002402-original__PCgLbp7,78,45819,48,200,XiaomiMiMo/MiMo-V2.6-Distill-Qwen-9B
har116-b-002402-original,har116-b-002402-original__PCgLbp7,79,46251,48,200,XiaomiMiMo/MiMo-V2.6-Distill-Qwen-9B
har116-b-002402-original,har116-b-002402-original__PCgLbp7,80,46683,48,200,XiaomiMiMo/MiMo-V2.6-Distill-Qwen-9B
har116-b-002402-original,har116-b-002402-original__PCgLbp7,81,47115,48,200,XiaomiMiMo/MiMo-V2.6-Distill-Qwen-9B
har116-b-002402-original,har116-b-002402-original__PCgLbp7,82,47547,48,200,XiaomiMiMo/MiMo-V2.6-Distill-Qwen-9B
har116-b-002402-original,har116-b-002402-original__PCgLbp7,83,47979,48,200,XiaomiMiMo/MiMo-V2.6-Distill-Qwen-9B
