app_id,ts,kind,running_req,full_token,full_token_usage,gen_tok_s,input_tok_s,queue_req,new_seq,new_token,cached_token
ap-i1jDXiUmYYzX3k11Tpww83,2026-10-01T00:05:13+00:00,prefill,0,,0.0,,4.16,0,1,77,0
ap-i1jDXiUmYYzX3k11Tpww83,2026-10-01T00:05:16+00:00,prefill,0,,0.0,,0.38,0,1,1,0
ap-i1jDXiUmYYzX3k11Tpww83,2026-10-01T00:05:21+00:00,prefill,0,,0.0,,0.21,0,1,1,0
ap-i1jDXiUmYYzX3k11Tpww83,2026-10-01T00:05:22+00:00,prefill,0,,0.0,,15.89,0,1,24,0
ap-i1jDXiUmYYzX3k11Tpww83,2026-10-01T00:05:23+00:00,prefill,0,,0.0,,136.49,0,1,88,0
ap-i1jDXiUmYYzX3k11Tpww83,2026-10-01T00:05:23+00:00,decode,1,97,0.0,1.42,,0,,,
ap-i1jDXiUmYYzX3k11Tpww83,2026-10-01T00:05:23+00:00,decode,1,137,0.0,87.76,,0,,,
ap-i1jDXiUmYYzX3k11Tpww83,2026-10-01T00:05:24+00:00,decode,1,177,0.0,87.7,,0,,,
ap-i1jDXiUmYYzX3k11Tpww83,2026-10-01T00:05:24+00:00,prefill,0,,0.0,,12.6,0,1,19,0
ap-i1jDXiUmYYzX3k11Tpww83,2026-10-01T00:05:25+00:00,decode,1,35,0.0,59.14,,0,,,
ap-i1jDXiUmYYzX3k11Tpww83,2026-10-01T00:05:25+00:00,decode,1,75,0.0,87.89,,0,,,
ap-i1jDXiUmYYzX3k11Tpww83,2026-10-01T00:05:25+00:00,decode,1,115,0.0,87.74,,0,,,
ap-i1jDXiUmYYzX3k11Tpww83,2026-10-01T00:05:26+00:00,decode,1,155,0.0,87.73,,0,,,
ap-i1jDXiUmYYzX3k11Tpww83,2026-10-01T00:05:26+00:00,decode,1,195,0.0,87.76,,0,,,
ap-i1jDXiUmYYzX3k11Tpww83,2026-10-01T00:05:27+00:00,decode,1,235,0.0,87.71,,0,,,
ap-i1jDXiUmYYzX3k11Tpww83,2026-10-01T00:05:27+00:00,decode,1,275,0.0,87.66,,0,,,
ap-i1jDXiUmYYzX3k11Tpww83,2026-10-01T00:05:28+00:00,decode,1,315,0.0,87.71,,0,,,
ap-i1jDXiUmYYzX3k11Tpww83,2026-10-01T00:05:28+00:00,decode,1,355,0.0,87.71,,0,,,
ap-i1jDXiUmYYzX3k11Tpww83,2026-10-01T00:05:29+00:00,decode,1,395,0.0,87.69,,0,,,
ap-i1jDXiUmYYzX3k11Tpww83,2026-10-01T00:05:29+00:00,decode,1,435,0.0,87.66,,0,,,
ap-i1jDXiUmYYzX3k11Tpww83,2026-10-01T00:05:30+00:00,decode,1,475,0.0,87.7,,0,,,
ap-i1jDXiUmYYzX3k11Tpww83,2026-10-01T00:05:30+00:00,decode,1,515,0.0,87.63,,0,,,
ap-i1jDXiUmYYzX3k11Tpww83,2026-10-01T00:05:30+00:00,prefill,0,,0.0,,3.16,0,1,19,0
ap-i1jDXiUmYYzX3k11Tpww83,2026-10-01T00:05:31+00:00,decode,1,43,0.0,62.65,,0,,,
ap-i1jDXiUmYYzX3k11Tpww83,2026-10-01T00:05:31+00:00,decode,1,83,0.0,87.86,,0,,,
ap-i1jDXiUmYYzX3k11Tpww83,2026-10-01T00:05:32+00:00,decode,1,123,0.0,87.7,,0,,,
ap-i1jDXiUmYYzX3k11Tpww83,2026-10-01T00:05:32+00:00,decode,1,163,0.0,87.72,,0,,,
ap-i1jDXiUmYYzX3k11Tpww83,2026-10-01T00:05:32+00:00,decode,1,203,0.0,87.71,,0,,,
ap-i1jDXiUmYYzX3k11Tpww83,2026-10-01T00:05:33+00:00,decode,1,243,0.0,87.7,,0,,,
ap-i1jDXiUmYYzX3k11Tpww83,2026-10-01T00:05:33+00:00,decode,1,283,0.0,87.62,,0,,,
ap-i1jDXiUmYYzX3k11Tpww83,2026-10-01T00:05:34+00:00,decode,1,323,0.0,87.66,,0,,,
ap-i1jDXiUmYYzX3k11Tpww83,2026-10-01T00:05:34+00:00,decode,1,363,0.0,87.72,,0,,,
ap-i1jDXiUmYYzX3k11Tpww83,2026-10-01T00:05:35+00:00,decode,1,403,0.0,87.67,,0,,,
ap-i1jDXiUmYYzX3k11Tpww83,2026-10-01T00:05:35+00:00,decode,1,443,0.0,87.68,,0,,,
ap-i1jDXiUmYYzX3k11Tpww83,2026-10-01T00:05:36+00:00,decode,1,483,0.0,87.73,,0,,,
ap-i1jDXiUmYYzX3k11Tpww83,2026-10-01T00:05:36+00:00,decode,1,523,0.0,87.62,,0,,,
ap-i1jDXiUmYYzX3k11Tpww83,2026-10-01T00:05:36+00:00,prefill,0,,0.0,,3.14,0,1,19,0
ap-i1jDXiUmYYzX3k11Tpww83,2026-10-01T00:05:37+00:00,decode,1,51,0.0,60.62,,0,,,
ap-i1jDXiUmYYzX3k11Tpww83,2026-10-01T00:05:37+00:00,decode,1,91,0.0,87.82,,0,,,
ap-i1jDXiUmYYzX3k11Tpww83,2026-10-01T00:05:38+00:00,decode,1,131,0.0,87.77,,0,,,
ap-i1jDXiUmYYzX3k11Tpww83,2026-10-01T00:05:38+00:00,decode,1,171,0.0,87.67,,0,,,
ap-i1jDXiUmYYzX3k11Tpww83,2026-10-01T00:05:39+00:00,decode,1,211,0.0,87.72,,0,,,
ap-i1jDXiUmYYzX3k11Tpww83,2026-10-01T00:05:39+00:00,decode,1,251,0.0,87.73,,0,,,
ap-i1jDXiUmYYzX3k11Tpww83,2026-10-01T00:05:40+00:00,decode,1,291,0.0,87.56,,0,,,
ap-i1jDXiUmYYzX3k11Tpww83,2026-10-01T00:05:40+00:00,decode,1,331,0.0,87.69,,0,,,
ap-i1jDXiUmYYzX3k11Tpww83,2026-10-01T00:05:40+00:00,decode,1,371,0.0,87.68,,0,,,
ap-i1jDXiUmYYzX3k11Tpww83,2026-10-01T00:05:41+00:00,decode,1,411,0.0,87.68,,0,,,
ap-i1jDXiUmYYzX3k11Tpww83,2026-10-01T00:05:41+00:00,decode,1,451,0.0,87.73,,0,,,
ap-i1jDXiUmYYzX3k11Tpww83,2026-10-01T00:05:42+00:00,decode,1,491,0.0,87.69,,0,,,
ap-i1jDXiUmYYzX3k11Tpww83,2026-10-01T00:05:42+00:00,decode,1,0,0.0,87.46,,0,,,
ap-i1jDXiUmYYzX3k11Tpww83,2026-10-01T00:05:43+00:00,prefill,0,,0.02,,1205.74,0,1,8192,0
ap-i1jDXiUmYYzX3k11Tpww83,2026-10-01T00:05:44+00:00,prefill,0,,0.02,,14911.35,0,1,5632,0
ap-i1jDXiUmYYzX3k11Tpww83,2026-10-01T00:05:44+00:00,decode,1,13864,0.02,22.18,,0,,,
ap-i1jDXiUmYYzX3k11Tpww83,2026-10-01T00:05:45+00:00,decode,1,13904,0.02,85.27,,0,,,
ap-i1jDXiUmYYzX3k11Tpww83,2026-10-01T00:05:45+00:00,decode,1,13944,0.02,85.26,,0,,,
ap-i1jDXiUmYYzX3k11Tpww83,2026-10-01T00:05:45+00:00,decode,1,13984,0.02,85.3,,0,,,
ap-i1jDXiUmYYzX3k11Tpww83,2026-10-01T00:05:46+00:00,decode,1,14024,0.02,85.19,,0,,,
ap-i1jDXiUmYYzX3k11Tpww83,2026-10-01T00:05:46+00:00,decode,1,14064,0.02,85.28,,0,,,
ap-i1jDXiUmYYzX3k11Tpww83,2026-10-01T00:05:47+00:00,decode,1,14104,0.02,85.19,,0,,,
ap-i1jDXiUmYYzX3k11Tpww83,2026-10-01T00:05:47+00:00,decode,1,14144,0.02,85.26,,0,,,
ap-i1jDXiUmYYzX3k11Tpww83,2026-10-01T00:05:48+00:00,decode,1,14184,0.02,85.25,,0,,,
ap-i1jDXiUmYYzX3k11Tpww83,2026-10-01T00:05:48+00:00,decode,1,14224,0.02,85.17,,0,,,
ap-i1jDXiUmYYzX3k11Tpww83,2026-10-01T00:05:49+00:00,decode,1,14264,0.02,85.25,,0,,,
ap-i1jDXiUmYYzX3k11Tpww83,2026-10-01T00:05:49+00:00,decode,1,14304,0.02,85.25,,0,,,
ap-i1jDXiUmYYzX3k11Tpww83,2026-10-01T00:05:50+00:00,prefill,0,,0.0,,2.95,0,1,19,0
ap-i1jDXiUmYYzX3k11Tpww83,2026-10-01T00:05:50+00:00,prefill,1,,0.0,,2571.9,0,5,95,0
ap-i1jDXiUmYYzX3k11Tpww83,2026-10-01T00:05:50+00:00,prefill,6,,0.0,,5832.5,0,2,38,0
ap-i1jDXiUmYYzX3k11Tpww83,2026-10-01T00:05:50+00:00,decode,8,216,0.0,93.12,,0,,,
ap-i1jDXiUmYYzX3k11Tpww83,2026-10-01T00:05:51+00:00,decode,8,536,0.0,676.65,,0,,,
ap-i1jDXiUmYYzX3k11Tpww83,2026-10-01T00:05:51+00:00,decode,8,856,0.0,675.15,,0,,,
ap-i1jDXiUmYYzX3k11Tpww83,2026-10-01T00:05:52+00:00,decode,8,1176,0.0,674.49,,0,,,
ap-i1jDXiUmYYzX3k11Tpww83,2026-10-01T00:05:52+00:00,decode,8,1496,0.0,674.6,,0,,,
ap-i1jDXiUmYYzX3k11Tpww83,2026-10-01T00:05:53+00:00,decode,8,1816,0.0,673.95,,0,,,
ap-i1jDXiUmYYzX3k11Tpww83,2026-10-01T00:05:53+00:00,decode,8,2136,0.0,673.22,,0,,,
ap-i1jDXiUmYYzX3k11Tpww83,2026-10-01T00:05:54+00:00,decode,8,2456,0.0,673.92,,0,,,
ap-i1jDXiUmYYzX3k11Tpww83,2026-10-01T00:05:54+00:00,decode,8,2776,0.0,673.21,,0,,,
ap-i1jDXiUmYYzX3k11Tpww83,2026-10-01T00:05:54+00:00,decode,8,3096,0.0,672.74,,0,,,
ap-i1jDXiUmYYzX3k11Tpww83,2026-10-01T00:05:55+00:00,decode,8,3416,0.0,672.23,,0,,,
ap-i1jDXiUmYYzX3k11Tpww83,2026-10-01T00:05:55+00:00,decode,8,3736,0.01,671.75,,0,,,
ap-i1jDXiUmYYzX3k11Tpww83,2026-10-01T00:05:56+00:00,decode,8,4056,0.01,671.58,,0,,,
ap-i1jDXiUmYYzX3k11Tpww83,2026-10-01T00:07:04+00:00,prefill,0,,0.0,,14.82,0,1,1092,0
ap-i1jDXiUmYYzX3k11Tpww83,2026-10-01T00:07:04+00:00,decode,1,1108,0.0,3.16,,0,,,
ap-i1jDXiUmYYzX3k11Tpww83,2026-10-01T00:07:04+00:00,prefill,1,,0.0,,2382.52,0,1,1092,0
ap-i1jDXiUmYYzX3k11Tpww83,2026-10-01T00:07:04+00:00,prefill,2,,0.0,,20169.84,0,1,1105,0
ap-i1jDXiUmYYzX3k11Tpww83,2026-10-01T00:07:05+00:00,prefill,3,,0.0,,791.09,0,1,715,640
ap-i1jDXiUmYYzX3k11Tpww83,2026-10-01T00:07:05+00:00,prefill,4,,0.0,,12974.68,0,2,1184,1280
ap-i1jDXiUmYYzX3k11Tpww83,2026-10-01T00:07:05+00:00,prefill,6,,0.0,,8764.91,0,1,357,640
ap-i1jDXiUmYYzX3k11Tpww83,2026-10-01T00:07:05+00:00,prefill,7,,0.0,,36892.76,0,1,531,640
ap-i1jDXiUmYYzX3k11Tpww83,2026-10-01T00:07:06+00:00,prefill,8,,0.01,,2736.52,0,1,532,640
ap-i1jDXiUmYYzX3k11Tpww83,2026-10-01T00:07:06+00:00,prefill,9,,0.01,,5615.21,0,1,666,640
ap-i1jDXiUmYYzX3k11Tpww83,2026-10-01T00:07:06+00:00,decode,10,4515,0.01,132.3,,0,,,
ap-i1jDXiUmYYzX3k11Tpww83,2026-10-01T00:07:06+00:00,decode,8,4083,0.01,799.84,,0,,,
ap-i1jDXiUmYYzX3k11Tpww83,2026-10-01T00:07:07+00:00,prefill,5,,0.01,,657.21,0,1,665,640
ap-i1jDXiUmYYzX3k11Tpww83,2026-10-01T00:07:07+00:00,decode,4,2609,0.0,487.62,,0,,,
ap-i1jDXiUmYYzX3k11Tpww83,2026-10-01T00:07:07+00:00,prefill,2,,0.0,,832.6,0,1,358,640
ap-i1jDXiUmYYzX3k11Tpww83,2026-10-01T00:07:07+00:00,prefill,3,,0.0,,8432.65,0,1,1020,1088
ap-i1jDXiUmYYzX3k11Tpww83,2026-10-01T00:07:07+00:00,decode,4,3115,0.0,256.21,,0,,,
ap-i1jDXiUmYYzX3k11Tpww83,2026-10-01T00:07:08+00:00,decode,2,2527,0.0,186.26,,0,,,
ap-i1jDXiUmYYzX3k11Tpww83,2026-10-01T00:07:08+00:00,prefill,1,,0.0,,613.24,0,1,599,1088
ap-i1jDXiUmYYzX3k11Tpww83,2026-10-01T00:07:08+00:00,decode,2,2104,0.0,109.12,,0,,,
ap-i1jDXiUmYYzX3k11Tpww83,2026-10-01T00:07:09+00:00,prefill,1,,0.01,,3775.49,0,1,2409,2048
ap-i1jDXiUmYYzX3k11Tpww83,2026-10-01T00:07:09+00:00,decode,2,5515,0.01,126.46,,0,,,
ap-i1jDXiUmYYzX3k11Tpww83,2026-10-01T00:07:09+00:00,prefill,2,,0.01,,3038.19,0,1,533,1088
ap-i1jDXiUmYYzX3k11Tpww83,2026-10-01T00:07:09+00:00,prefill,3,,0.01,,7137.86,0,1,1432,960
ap-i1jDXiUmYYzX3k11Tpww83,2026-10-01T00:07:09+00:00,prefill,4,,0.01,,54555.66,0,1,409,1216
ap-i1jDXiUmYYzX3k11Tpww83,2026-10-01T00:07:10+00:00,prefill,5,,0.01,,4432.73,0,1,1309,1344
ap-i1jDXiUmYYzX3k11Tpww83,2026-10-01T00:07:10+00:00,decode,6,11253,0.02,247.87,,0,,,
ap-i1jDXiUmYYzX3k11Tpww83,2026-10-01T00:07:10+00:00,decode,5,7635,0.01,484.17,,0,,,
ap-i1jDXiUmYYzX3k11Tpww83,2026-10-01T00:07:11+00:00,decode,4,6018,0.01,364.28,,0,,,
ap-i1jDXiUmYYzX3k11Tpww83,2026-10-01T00:07:11+00:00,decode,1,1778,0.0,231.8,,0,,,
ap-i1jDXiUmYYzX3k11Tpww83,2026-10-01T00:07:11+00:00,prefill,1,,0.01,,616.19,0,1,1064,4416
ap-i1jDXiUmYYzX3k11Tpww83,2026-10-01T00:07:12+00:00,decode,1,5516,0.01,79.56,,0,,,
ap-i1jDXiUmYYzX3k11Tpww83,2026-10-01T00:07:12+00:00,prefill,0,,0.0,,1156.77,0,1,1365,1664
ap-i1jDXiUmYYzX3k11Tpww83,2026-10-01T00:07:12+00:00,decode,1,3033,0.0,49.32,,0,,,
ap-i1jDXiUmYYzX3k11Tpww83,2026-10-01T00:07:13+00:00,prefill,1,,0.01,,729.92,0,1,356,1600
ap-i1jDXiUmYYzX3k11Tpww83,2026-10-01T00:07:13+00:00,decode,2,4347,0.01,88.55,,0,,,
ap-i1jDXiUmYYzX3k11Tpww83,2026-10-01T00:07:13+00:00,prefill,2,,0.01,,5184.09,0,1,2403,1152
ap-i1jDXiUmYYzX3k11Tpww83,2026-10-01T00:07:13+00:00,prefill,3,,0.01,,24297.3,0,1,659,2368
ap-i1jDXiUmYYzX3k11Tpww83,2026-10-01T00:07:14+00:00,prefill,4,,0.02,,5453.93,0,1,1992,2624
ap-i1jDXiUmYYzX3k11Tpww83,2026-10-01T00:07:14+00:00,decode,5,13609,0.02,148.28,,0,,,
ap-i1jDXiUmYYzX3k11Tpww83,2026-10-01T00:07:14+00:00,prefill,4,,0.02,,2278.01,0,1,1260,5440
ap-i1jDXiUmYYzX3k11Tpww83,2026-10-01T00:07:14+00:00,decode,5,17424,0.02,302.68,,0,,,
ap-i1jDXiUmYYzX3k11Tpww83,2026-10-01T00:07:15+00:00,decode,5,17624,0.02,416.69,,0,,,
ap-i1jDXiUmYYzX3k11Tpww83,2026-10-01T00:07:15+00:00,decode,5,17824,0.02,417.46,,0,,,
ap-i1jDXiUmYYzX3k11Tpww83,2026-10-01T00:07:16+00:00,decode,3,12390,0.02,340.34,,0,,,
ap-i1jDXiUmYYzX3k11Tpww83,2026-10-01T00:07:16+00:00,prefill,3,,0.02,,1311.29,0,1,2544,3008
ap-i1jDXiUmYYzX3k11Tpww83,2026-10-01T00:07:16+00:00,decode,4,17390,0.02,209.45,,0,,,
ap-i1jDXiUmYYzX3k11Tpww83,2026-10-01T00:07:17+00:00,prefill,3,,0.02,,2395.11,0,1,1630,3008
ap-i1jDXiUmYYzX3k11Tpww83,2026-10-01T00:07:17+00:00,prefill,4,,0.03,,4705.76,0,1,577,3520
ap-i1jDXiUmYYzX3k11Tpww83,2026-10-01T00:07:17+00:00,decode,5,20749,0.03,232.18,,0,,,
ap-i1jDXiUmYYzX3k11Tpww83,2026-10-01T00:07:18+00:00,decode,3,14395,0.02,361.16,,0,,,
ap-i1jDXiUmYYzX3k11Tpww83,2026-10-01T00:07:18+00:00,decode,2,11023,0.01,201.08,,0,,,
ap-i1jDXiUmYYzX3k11Tpww83,2026-10-01T00:07:18+00:00,decode,2,11103,0.01,176.02,,0,,,
ap-i1jDXiUmYYzX3k11Tpww83,2026-10-01T00:07:19+00:00,decode,2,11183,0.02,176.22,,0,,,
ap-i1jDXiUmYYzX3k11Tpww83,2026-10-01T00:07:19+00:00,prefill,1,,0.02,,510.25,0,1,1147,4096
ap-i1jDXiUmYYzX3k11Tpww83,2026-10-01T00:07:19+00:00,prefill,2,,0.02,,30250.89,0,1,712,1920
ap-i1jDXiUmYYzX3k11Tpww83,2026-10-01T00:07:20+00:00,decode,3,13641,0.02,152.95,,0,,,
ap-i1jDXiUmYYzX3k11Tpww83,2026-10-01T00:07:20+00:00,prefill,3,,0.03,,5914.2,0,1,2844,4608
ap-i1jDXiUmYYzX3k11Tpww83,2026-10-01T00:07:20+00:00,decode,4,20561,0.03,224.65,,0,,,
ap-i1jDXiUmYYzX3k11Tpww83,2026-10-01T00:07:21+00:00,prefill,2,,0.02,,983.38,0,1,720,5504
ap-i1jDXiUmYYzX3k11Tpww83,2026-10-01T00:07:21+00:00,prefill,3,,0.03,,3772.88,0,1,1010,4608
ap-i1jDXiUmYYzX3k11Tpww83,2026-10-01T00:07:21+00:00,decode,4,22667,0.03,196.85,,0,,,
ap-i1jDXiUmYYzX3k11Tpww83,2026-10-01T00:07:21+00:00,decode,2,12538,0.02,278.04,,0,,,
ap-i1jDXiUmYYzX3k11Tpww83,2026-10-01T00:07:22+00:00,prefill,2,,0.03,,1249.66,0,1,851,6656
ap-i1jDXiUmYYzX3k11Tpww83,2026-10-01T00:07:22+00:00,decode,2,12550,0.02,173.59,,0,,,
ap-i1jDXiUmYYzX3k11Tpww83,2026-10-01T00:07:22+00:00,decode,2,12630,0.02,175.86,,0,,,
ap-i1jDXiUmYYzX3k11Tpww83,2026-10-01T00:07:23+00:00,prefill,2,,0.02,,598.41,0,1,699,5184
ap-i1jDXiUmYYzX3k11Tpww83,2026-10-01T00:07:23+00:00,decode,3,17919,0.02,177.01,,0,,,
ap-i1jDXiUmYYzX3k11Tpww83,2026-10-01T00:07:23+00:00,decode,2,12906,0.02,206.47,,0,,,
ap-i1jDXiUmYYzX3k11Tpww83,2026-10-01T00:07:24+00:00,decode,2,12986,0.02,175.61,,0,,,
ap-i1jDXiUmYYzX3k11Tpww83,2026-10-01T00:07:24+00:00,prefill,2,,0.03,,896.42,0,1,1249,6208
ap-i1jDXiUmYYzX3k11Tpww83,2026-10-01T00:07:24+00:00,decode,3,19856,0.03,176.87,,0,,,
ap-i1jDXiUmYYzX3k11Tpww83,2026-10-01T00:07:25+00:00,prefill,3,,0.04,,6154.5,0,1,2930,5568
ap-i1jDXiUmYYzX3k11Tpww83,2026-10-01T00:07:25+00:00,prefill,4,,0.05,,5191.45,0,1,915,7424
ap-i1jDXiUmYYzX3k11Tpww83,2026-10-01T00:07:25+00:00,prefill,5,,0.05,,52587.33,0,1,413,640
ap-i1jDXiUmYYzX3k11Tpww83,2026-10-01T00:07:25+00:00,decode,5,29077,0.04,245.8,,0,,,
ap-i1jDXiUmYYzX3k11Tpww83,2026-10-01T00:07:26+00:00,decode,5,29277,0.04,409.12,,0,,,
ap-i1jDXiUmYYzX3k11Tpww83,2026-10-01T00:07:26+00:00,decode,5,29477,0.04,409.0,,0,,,
ap-i1jDXiUmYYzX3k11Tpww83,2026-10-01T00:07:27+00:00,decode,4,29159,0.04,349.08,,0,,,
ap-i1jDXiUmYYzX3k11Tpww83,2026-10-01T00:07:27+00:00,decode,4,29319,0.04,334.0,,0,,,
ap-i1jDXiUmYYzX3k11Tpww83,2026-10-01T00:07:28+00:00,decode,3,21432,0.03,318.3,,0,,,
ap-i1jDXiUmYYzX3k11Tpww83,2026-10-01T00:07:28+00:00,decode,3,21552,0.03,255.1,,0,,,
ap-i1jDXiUmYYzX3k11Tpww83,2026-10-01T00:07:28+00:00,prefill,2,,0.03,,133.15,0,1,475,7424
ap-i1jDXiUmYYzX3k11Tpww83,2026-10-01T00:07:29+00:00,decode,3,21535,0.03,199.49,,0,,,
ap-i1jDXiUmYYzX3k11Tpww83,2026-10-01T00:07:29+00:00,decode,2,14382,0.02,221.63,,0,,,
ap-i1jDXiUmYYzX3k11Tpww83,2026-10-01T00:07:29+00:00,prefill,2,,0.03,,1413.08,0,1,1260,8448
ap-i1jDXiUmYYzX3k11Tpww83,2026-10-01T00:07:30+00:00,decode,3,23514,0.03,196.39,,0,,,
ap-i1jDXiUmYYzX3k11Tpww83,2026-10-01T00:07:30+00:00,decode,2,14542,0.02,215.33,,0,,,
ap-i1jDXiUmYYzX3k11Tpww83,2026-10-01T00:07:31+00:00,prefill,2,,0.03,,694.94,0,1,913,7488
ap-i1jDXiUmYYzX3k11Tpww83,2026-10-01T00:07:31+00:00,decode,3,22343,0.03,158.69,,0,,,
ap-i1jDXiUmYYzX3k11Tpww83,2026-10-01T00:07:31+00:00,decode,3,22463,0.03,254.77,,0,,,
ap-i1jDXiUmYYzX3k11Tpww83,2026-10-01T00:07:32+00:00,decode,3,22583,0.03,254.77,,0,,,
ap-i1jDXiUmYYzX3k11Tpww83,2026-10-01T00:07:32+00:00,decode,3,30318,0.04,237.39,,0,,,
ap-i1jDXiUmYYzX3k11Tpww83,2026-10-01T00:07:32+00:00,prefill,3,,0.04,,242.26,0,1,369,7936
ap-i1jDXiUmYYzX3k11Tpww83,2026-10-01T00:07:32+00:00,prefill,4,,0.06,,7218.57,0,1,1991,9728
ap-i1jDXiUmYYzX3k11Tpww83,2026-10-01T00:07:33+00:00,decode,5,41543,0.06,289.92,,0,,,
ap-i1jDXiUmYYzX3k11Tpww83,2026-10-01T00:07:33+00:00,decode,4,34044,0.05,338.42,,0,,,
ap-i1jDXiUmYYzX3k11Tpww83,2026-10-01T00:07:34+00:00,decode,3,28155,0.04,321.89,,0,,,
ap-i1jDXiUmYYzX3k11Tpww83,2026-10-01T00:07:34+00:00,decode,3,28275,0.04,252.72,,0,,,
ap-i1jDXiUmYYzX3k11Tpww83,2026-10-01T00:07:34+00:00,prefill,3,,0.04,,216.95,0,1,408,640
ap-i1jDXiUmYYzX3k11Tpww83,2026-10-01T00:07:35+00:00,decode,4,28793,0.04,303.69,,0,,,
ap-i1jDXiUmYYzX3k11Tpww83,2026-10-01T00:07:35+00:00,prefill,4,,0.05,,934.36,0,1,576,5824
ap-i1jDXiUmYYzX3k11Tpww83,2026-10-01T00:07:35+00:00,decode,5,34698,0.05,351.84,,0,,,
ap-i1jDXiUmYYzX3k11Tpww83,2026-10-01T00:07:35+00:00,prefill,5,,0.05,,803.24,0,1,480,640
ap-i1jDXiUmYYzX3k11Tpww83,2026-10-01T00:07:36+00:00,decode,4,29093,0.04,358.9,,0,,,
ap-i1jDXiUmYYzX3k11Tpww83,2026-10-01T00:07:36+00:00,prefill,4,,0.05,,737.71,0,1,472,8256
ap-i1jDXiUmYYzX3k11Tpww83,2026-10-01T00:07:36+00:00,decode,5,37312,0.05,331.62,,0,,,
ap-i1jDXiUmYYzX3k11Tpww83,2026-10-01T00:07:37+00:00,decode,3,28875,0.04,375.87,,0,,,
ap-i1jDXiUmYYzX3k11Tpww83,2026-10-01T00:07:37+00:00,prefill,3,,0.05,,504.24,0,1,436,6400
ap-i1jDXiUmYYzX3k11Tpww83,2026-10-01T00:07:37+00:00,decode,3,26934,0.04,239.52,,0,,,
ap-i1jDXiUmYYzX3k11Tpww83,2026-10-01T00:07:38+00:00,decode,3,27054,0.04,253.18,,0,,,
ap-i1jDXiUmYYzX3k11Tpww83,2026-10-01T00:07:38+00:00,prefill,3,,0.05,,1715.17,0,1,2184,8384
ap-i1jDXiUmYYzX3k11Tpww83,2026-10-01T00:07:38+00:00,prefill,4,,0.05,,2932.05,0,1,734,960
ap-i1jDXiUmYYzX3k11Tpww83,2026-10-01T00:07:38+00:00,decode,5,38080,0.05,195.6,,0,,,
ap-i1jDXiUmYYzX3k11Tpww83,2026-10-01T00:07:39+00:00,decode,4,28341,0.04,386.18,,0,,,
ap-i1jDXiUmYYzX3k11Tpww83,2026-10-01T00:07:39+00:00,decode,3,27414,0.04,307.62,,0,,,
ap-i1jDXiUmYYzX3k11Tpww83,2026-10-01T00:07:40+00:00,prefill,3,,0.05,,944.43,0,1,1225,8704
ap-i1jDXiUmYYzX3k11Tpww83,2026-10-01T00:07:40+00:00,decode,4,36799,0.05,244.57,,0,,,
ap-i1jDXiUmYYzX3k11Tpww83,2026-10-01T00:07:40+00:00,decode,3,27654,0.04,295.84,,0,,,
ap-i1jDXiUmYYzX3k11Tpww83,2026-10-01T00:07:41+00:00,decode,3,27774,0.04,252.89,,0,,,
ap-i1jDXiUmYYzX3k11Tpww83,2026-10-01T00:07:41+00:00,prefill,3,,0.05,,597.88,0,1,784,10560
ap-i1jDXiUmYYzX3k11Tpww83,2026-10-01T00:07:42+00:00,decode,4,38591,0.05,282.27,,0,,,
ap-i1jDXiUmYYzX3k11Tpww83,2026-10-01T00:07:42+00:00,decode,4,38751,0.05,329.28,,0,,,
ap-i1jDXiUmYYzX3k11Tpww83,2026-10-01T00:07:43+00:00,prefill,4,,0.06,,1759.13,0,1,2801,1664
ap-i1jDXiUmYYzX3k11Tpww83,2026-10-01T00:07:43+00:00,decode,5,42692,0.06,239.89,,0,,,
ap-i1jDXiUmYYzX3k11Tpww83,2026-10-01T00:07:43+00:00,decode,5,52830,0.07,373.35,,0,,,
ap-i1jDXiUmYYzX3k11Tpww83,2026-10-01T00:07:43+00:00,prefill,5,,0.07,,1157.31,0,1,710,9920
ap-i1jDXiUmYYzX3k11Tpww83,2026-10-01T00:07:44+00:00,decode,6,53076,0.07,445.94,,0,,,
ap-i1jDXiUmYYzX3k11Tpww83,2026-10-01T00:07:44+00:00,decode,4,39391,0.05,404.88,,0,,,
ap-i1jDXiUmYYzX3k11Tpww83,2026-10-01T00:07:45+00:00,decode,4,39551,0.05,328.88,,0,,,
ap-i1jDXiUmYYzX3k11Tpww83,2026-10-01T00:07:45+00:00,decode,4,39711,0.05,329.01,,0,,,
ap-i1jDXiUmYYzX3k11Tpww83,2026-10-01T00:07:46+00:00,decode,4,39871,0.05,328.87,,0,,,
ap-i1jDXiUmYYzX3k11Tpww83,2026-10-01T00:07:46+00:00,decode,4,40031,0.05,328.18,,0,,,
ap-i1jDXiUmYYzX3k11Tpww83,2026-10-01T00:07:47+00:00,decode,4,40191,0.05,328.27,,0,,,
ap-i1jDXiUmYYzX3k11Tpww83,2026-10-01T00:07:47+00:00,prefill,4,,0.07,,111.12,0,1,412,10624
ap-i1jDXiUmYYzX3k11Tpww83,2026-10-01T00:07:47+00:00,prefill,5,,0.08,,8331.62,0,1,2818,4416
ap-i1jDXiUmYYzX3k11Tpww83,2026-10-01T00:07:47+00:00,decode,5,46144,0.06,246.42,,0,,,
ap-i1jDXiUmYYzX3k11Tpww83,2026-10-01T00:07:48+00:00,decode,4,35932,0.05,368.38,,0,,,
ap-i1jDXiUmYYzX3k11Tpww83,2026-10-01T00:07:48+00:00,prefill,4,,0.05,,415.23,0,1,477,640
ap-i1jDXiUmYYzX3k11Tpww83,2026-10-01T00:07:48+00:00,decode,5,36523,0.05,307.15,,0,,,
ap-i1jDXiUmYYzX3k11Tpww83,2026-10-01T00:07:49+00:00,decode,4,29663,0.04,387.22,,0,,,
ap-i1jDXiUmYYzX3k11Tpww83,2026-10-01T00:07:49+00:00,decode,3,23105,0.03,299.61,,0,,,
ap-i1jDXiUmYYzX3k11Tpww83,2026-10-01T00:07:50+00:00,prefill,2,,0.04,,211.13,0,1,238,11328
ap-i1jDXiUmYYzX3k11Tpww83,2026-10-01T00:07:50+00:00,prefill,3,,0.06,,5108.84,0,1,409,11008
ap-i1jDXiUmYYzX3k11Tpww83,2026-10-01T00:07:50+00:00,decode,4,51171,0.07,243.33,,0,,,
ap-i1jDXiUmYYzX3k11Tpww83,2026-10-01T00:07:50+00:00,prefill,4,,0.07,,1753.41,0,1,732,6784
ap-i1jDXiUmYYzX3k11Tpww83,2026-10-01T00:07:51+00:00,decode,3,29624,0.04,296.29,,0,,,
ap-i1jDXiUmYYzX3k11Tpww83,2026-10-01T00:07:51+00:00,decode,2,22834,0.03,246.02,,0,,,
ap-i1jDXiUmYYzX3k11Tpww83,2026-10-01T00:07:51+00:00,decode,2,22914,0.03,172.81,,0,,,
ap-i1jDXiUmYYzX3k11Tpww83,2026-10-01T00:07:52+00:00,prefill,2,,0.04,,1116.86,0,1,2245,7232
ap-i1jDXiUmYYzX3k11Tpww83,2026-10-01T00:07:52+00:00,decode,3,38889,0.05,126.15,,0,,,
ap-i1jDXiUmYYzX3k11Tpww83,2026-10-01T00:07:52+00:00,prefill,3,,0.05,,3483.87,0,1,304,7488
ap-i1jDXiUmYYzX3k11Tpww83,2026-10-01T00:07:52+00:00,prefill,4,,0.07,,3054.59,0,1,396,11520
ap-i1jDXiUmYYzX3k11Tpww83,2026-10-01T00:07:53+00:00,decode,5,50316,0.07,351.56,,0,,,
ap-i1jDXiUmYYzX3k11Tpww83,2026-10-01T00:07:53+00:00,prefill,4,,0.07,,1071.37,0,1,964,11392
ap-i1jDXiUmYYzX3k11Tpww83,2026-10-01T00:07:53+00:00,decode,5,55008,0.07,308.79,,0,,,
ap-i1jDXiUmYYzX3k11Tpww83,2026-10-01T00:07:53+00:00,prefill,5,,0.08,,4160.46,0,1,1006,1024
ap-i1jDXiUmYYzX3k11Tpww83,2026-10-01T00:07:54+00:00,decode,6,56585,0.08,398.24,,0,,,
ap-i1jDXiUmYYzX3k11Tpww83,2026-10-01T00:07:54+00:00,prefill,6,,0.09,,398.94,0,1,272,7744
ap-i1jDXiUmYYzX3k11Tpww83,2026-10-01T00:07:54+00:00,decode,5,43469,0.06,410.44,,0,,,
ap-i1jDXiUmYYzX3k11Tpww83,2026-10-01T00:07:55+00:00,decode,5,43669,0.06,401.31,,0,,,
ap-i1jDXiUmYYzX3k11Tpww83,2026-10-01T00:07:55+00:00,decode,4,42372,0.06,332.71,,0,,,
ap-i1jDXiUmYYzX3k11Tpww83,2026-10-01T00:07:56+00:00,decode,4,42532,0.06,327.47,,0,,,
ap-i1jDXiUmYYzX3k11Tpww83,2026-10-01T00:07:56+00:00,decode,4,42692,0.06,326.51,,0,,,
ap-i1jDXiUmYYzX3k11Tpww83,2026-10-01T00:07:57+00:00,decode,4,42852,0.06,326.87,,0,,,
ap-i1jDXiUmYYzX3k11Tpww83,2026-10-01T00:07:57+00:00,prefill,4,,0.07,,624.63,0,1,1857,9472
ap-i1jDXiUmYYzX3k11Tpww83,2026-10-01T00:07:57+00:00,prefill,5,,0.09,,9138.56,0,1,1060,12352
ap-i1jDXiUmYYzX3k11Tpww83,2026-10-01T00:07:58+00:00,decode,6,66450,0.09,298.33,,0,,,
ap-i1jDXiUmYYzX3k11Tpww83,2026-10-01T00:07:58+00:00,decode,6,55973,0.08,460.69,,0,,,
ap-i1jDXiUmYYzX3k11Tpww83,2026-10-01T00:07:59+00:00,decode,5,56173,0.08,396.39,,0,,,
ap-i1jDXiUmYYzX3k11Tpww83,2026-10-01T00:07:59+00:00,prefill,4,,0.07,,1294.18,0,1,2793,1984
ap-i1jDXiUmYYzX3k11Tpww83,2026-10-01T00:07:59+00:00,decode,5,52749,0.07,270.03,,0,,,
ap-i1jDXiUmYYzX3k11Tpww83,2026-10-01T00:08:00+00:00,decode,5,52949,0.07,394.52,,0,,,
ap-i1jDXiUmYYzX3k11Tpww83,2026-10-01T00:08:00+00:00,prefill,5,,0.08,,904.56,0,1,885,8192
ap-i1jDXiUmYYzX3k11Tpww83,2026-10-01T00:08:00+00:00,decode,5,57380,0.08,347.08,,0,,,
ap-i1jDXiUmYYzX3k11Tpww83,2026-10-01T00:08:01+00:00,decode,5,57580,0.08,392.33,,0,,,
ap-i1jDXiUmYYzX3k11Tpww83,2026-10-01T00:08:01+00:00,decode,5,57780,0.08,392.65,,0,,,
ap-i1jDXiUmYYzX3k11Tpww83,2026-10-01T00:08:02+00:00,decode,5,57980,0.08,392.4,,0,,,
ap-i1jDXiUmYYzX3k11Tpww83,2026-10-01T00:08:02+00:00,prefill,5,,0.09,,417.14,0,1,729,11328
ap-i1jDXiUmYYzX3k11Tpww83,2026-10-01T00:08:03+00:00,decode,6,69588,0.09,406.6,,0,,,
ap-i1jDXiUmYYzX3k11Tpww83,2026-10-01T00:08:03+00:00,decode,4,46357,0.06,388.72,,0,,,
ap-i1jDXiUmYYzX3k11Tpww83,2026-10-01T00:08:04+00:00,prefill,4,,0.07,,548.5,0,1,836,4736
ap-i1jDXiUmYYzX3k11Tpww83,2026-10-01T00:08:04+00:00,decode,5,51406,0.07,290.62,,0,,,
ap-i1jDXiUmYYzX3k11Tpww83,2026-10-01T00:08:04+00:00,decode,5,51606,0.07,395.7,,0,,,
ap-i1jDXiUmYYzX3k11Tpww83,2026-10-01T00:08:05+00:00,prefill,4,,0.07,,827.39,0,1,802,12032
ap-i1jDXiUmYYzX3k11Tpww83,2026-10-01T00:08:05+00:00,decode,5,55244,0.07,318.2,,0,,,
ap-i1jDXiUmYYzX3k11Tpww83,2026-10-01T00:08:05+00:00,prefill,5,,0.09,,2044.93,0,1,1313,11904
ap-i1jDXiUmYYzX3k11Tpww83,2026-10-01T00:08:05+00:00,decode,6,67988,0.09,337.34,,0,,,
ap-i1jDXiUmYYzX3k11Tpww83,2026-10-01T00:08:06+00:00,decode,6,68228,0.09,460.25,,0,,,
ap-i1jDXiUmYYzX3k11Tpww83,2026-10-01T00:08:06+00:00,decode,6,68468,0.09,460.49,,0,,,
ap-i1jDXiUmYYzX3k11Tpww83,2026-10-01T00:08:07+00:00,decode,6,68708,0.09,459.84,,0,,,
ap-i1jDXiUmYYzX3k11Tpww83,2026-10-01T00:08:07+00:00,decode,6,68948,0.09,460.06,,0,,,
ap-i1jDXiUmYYzX3k11Tpww83,2026-10-01T00:08:08+00:00,decode,6,69188,0.09,459.8,,0,,,
ap-i1jDXiUmYYzX3k11Tpww83,2026-10-01T00:08:09+00:00,decode,6,69428,0.09,460.22,,0,,,
ap-i1jDXiUmYYzX3k11Tpww83,2026-10-01T00:08:09+00:00,decode,6,69668,0.09,459.64,,0,,,
ap-i1jDXiUmYYzX3k11Tpww83,2026-10-01T00:08:10+00:00,decode,6,69908,0.09,459.55,,0,,,
ap-i1jDXiUmYYzX3k11Tpww83,2026-10-01T00:08:10+00:00,decode,4,44684,0.06,391.39,,0,,,
ap-i1jDXiUmYYzX3k11Tpww83,2026-10-01T00:08:11+00:00,decode,3,30943,0.04,299.99,,0,,,
ap-i1jDXiUmYYzX3k11Tpww83,2026-10-01T00:08:11+00:00,decode,3,31063,0.04,251.48,,0,,,
ap-i1jDXiUmYYzX3k11Tpww83,2026-10-01T00:08:12+00:00,decode,3,31183,0.04,251.14,,0,,,
ap-i1jDXiUmYYzX3k11Tpww83,2026-10-01T00:08:12+00:00,decode,3,31303,0.04,251.4,,0,,,
ap-i1jDXiUmYYzX3k11Tpww83,2026-10-01T00:08:12+00:00,prefill,3,,0.06,,119.08,0,1,837,13184
ap-i1jDXiUmYYzX3k11Tpww83,2026-10-01T00:08:12+00:00,prefill,4,,0.08,,6052.71,0,1,311,11712
ap-i1jDXiUmYYzX3k11Tpww83,2026-10-01T00:08:13+00:00,decode,5,68673,0.09,259.64,,0,,,
ap-i1jDXiUmYYzX3k11Tpww83,2026-10-01T00:08:13+00:00,prefill,5,,0.09,,1209.83,0,1,425,12800
ap-i1jDXiUmYYzX3k11Tpww83,2026-10-01T00:08:13+00:00,decode,6,68919,0.09,448.9,,0,,,
ap-i1jDXiUmYYzX3k11Tpww83,2026-10-01T00:08:14+00:00,decode,5,56542,0.08,409.45,,0,,,
ap-i1jDXiUmYYzX3k11Tpww83,2026-10-01T00:08:14+00:00,decode,4,45263,0.06,389.76,,0,,,
ap-i1jDXiUmYYzX3k11Tpww83,2026-10-01T00:08:15+00:00,decode,4,45423,0.06,325.54,,0,,,
ap-i1jDXiUmYYzX3k11Tpww83,2026-10-01T00:08:15+00:00,prefill,4,,0.08,,111.66,0,1,274,13184
ap-i1jDXiUmYYzX3k11Tpww83,2026-10-01T00:08:15+00:00,decode,5,58362,0.08,316.94,,0,,,
ap-i1jDXiUmYYzX3k11Tpww83,2026-10-01T00:08:16+00:00,prefill,5,,0.1,,2640.11,0,1,1291,12032
ap-i1jDXiUmYYzX3k11Tpww83,2026-10-01T00:08:16+00:00,decode,5,57617,0.08,327.27,,0,,,
ap-i1jDXiUmYYzX3k11Tpww83,2026-10-01T00:08:16+00:00,decode,4,44958,0.06,333.05,,0,,,
ap-i1jDXiUmYYzX3k11Tpww83,2026-10-01T00:08:17+00:00,decode,4,45118,0.06,325.48,,0,,,
ap-i1jDXiUmYYzX3k11Tpww83,2026-10-01T00:08:17+00:00,decode,3,32503,0.04,277.54,,0,,,
ap-i1jDXiUmYYzX3k11Tpww83,2026-10-01T00:08:18+00:00,prefill,3,,0.06,,282.53,0,1,599,14080
ap-i1jDXiUmYYzX3k11Tpww83,2026-10-01T00:08:18+00:00,decode,4,46628,0.06,243.04,,0,,,
ap-i1jDXiUmYYzX3k11Tpww83,2026-10-01T00:08:18+00:00,decode,4,46788,0.06,325.12,,0,,,
ap-i1jDXiUmYYzX3k11Tpww83,2026-10-01T00:08:19+00:00,prefill,4,,0.08,,1461.21,0,1,1329,13312
ap-i1jDXiUmYYzX3k11Tpww83,2026-10-01T00:08:19+00:00,decode,4,49165,0.07,275.69,,0,,,
ap-i1jDXiUmYYzX3k11Tpww83,2026-10-01T00:08:19+00:00,prefill,4,,0.09,,616.54,0,1,287,13440
ap-i1jDXiUmYYzX3k11Tpww83,2026-10-01T00:08:19+00:00,prefill,5,,0.09,,15387.2,0,1,103,8320
ap-i1jDXiUmYYzX3k11Tpww83,2026-10-01T00:08:20+00:00,decode,6,70173,0.09,387.14,,0,,,
ap-i1jDXiUmYYzX3k11Tpww83,2026-10-01T00:08:20+00:00,decode,6,70413,0.09,458.21,,0,,,
ap-i1jDXiUmYYzX3k11Tpww83,2026-10-01T00:08:21+00:00,decode,5,62801,0.08,444.32,,0,,,
ap-i1jDXiUmYYzX3k11Tpww83,2026-10-01T00:08:21+00:00,decode,4,48756,0.07,327.63,,0,,,
ap-i1jDXiUmYYzX3k11Tpww83,2026-10-01T00:08:21+00:00,prefill,4,,0.07,,105.81,0,1,226,2624
ap-i1jDXiUmYYzX3k11Tpww83,2026-10-01T00:08:22+00:00,decode,5,51114,0.07,358.48,,0,,,
ap-i1jDXiUmYYzX3k11Tpww83,2026-10-01T00:08:22+00:00,prefill,4,,0.08,,726.19,0,1,627,8448
ap-i1jDXiUmYYzX3k11Tpww83,2026-10-01T00:08:22+00:00,decode,5,57473,0.08,350.39,,0,,,
ap-i1jDXiUmYYzX3k11Tpww83,2026-10-01T00:08:23+00:00,decode,5,57673,0.08,392.43,,0,,,
ap-i1jDXiUmYYzX3k11Tpww83,2026-10-01T00:08:23+00:00,prefill,5,,0.1,,468.23,0,1,490,14848
ap-i1jDXiUmYYzX3k11Tpww83,2026-10-01T00:08:23+00:00,decode,6,72537,0.1,374.11,,0,,,
ap-i1jDXiUmYYzX3k11Tpww83,2026-10-01T00:08:24+00:00,decode,6,72777,0.1,456.46,,0,,,
ap-i1jDXiUmYYzX3k11Tpww83,2026-10-01T00:08:24+00:00,decode,6,73017,0.1,456.45,,0,,,
ap-i1jDXiUmYYzX3k11Tpww83,2026-10-01T00:08:25+00:00,decode,5,58473,0.08,451.33,,0,,,
ap-i1jDXiUmYYzX3k11Tpww83,2026-10-01T00:08:25+00:00,decode,5,58673,0.08,392.14,,0,,,
ap-i1jDXiUmYYzX3k11Tpww83,2026-10-01T00:08:26+00:00,decode,5,58873,0.08,392.03,,0,,,
ap-i1jDXiUmYYzX3k11Tpww83,2026-10-01T00:08:26+00:00,decode,5,59073,0.08,391.8,,0,,,
ap-i1jDXiUmYYzX3k11Tpww83,2026-10-01T00:08:27+00:00,decode,5,59273,0.08,391.24,,0,,,
ap-i1jDXiUmYYzX3k11Tpww83,2026-10-01T00:08:27+00:00,decode,5,59473,0.08,391.0,,0,,,
ap-i1jDXiUmYYzX3k11Tpww83,2026-10-01T00:08:28+00:00,prefill,5,,0.1,,94.96,0,1,457,15360
ap-i1jDXiUmYYzX3k11Tpww83,2026-10-01T00:08:28+00:00,decode,6,74807,0.1,359.68,,0,,,
ap-i1jDXiUmYYzX3k11Tpww83,2026-10-01T00:08:29+00:00,decode,6,75047,0.1,455.05,,0,,,
ap-i1jDXiUmYYzX3k11Tpww83,2026-10-01T00:08:29+00:00,decode,6,75287,0.1,455.68,,0,,,
ap-i1jDXiUmYYzX3k11Tpww83,2026-10-01T00:08:30+00:00,decode,5,60273,0.08,410.34,,0,,,
ap-i1jDXiUmYYzX3k11Tpww83,2026-10-01T00:08:30+00:00,decode,4,46597,0.06,358.28,,0,,,
ap-i1jDXiUmYYzX3k11Tpww83,2026-10-01T00:08:31+00:00,decode,4,46757,0.06,325.19,,0,,,
ap-i1jDXiUmYYzX3k11Tpww83,2026-10-01T00:08:31+00:00,decode,4,46917,0.06,325.1,,0,,,
ap-i1jDXiUmYYzX3k11Tpww83,2026-10-01T00:08:31+00:00,prefill,4,,0.08,,95.23,0,1,307,15872
ap-i1jDXiUmYYzX3k11Tpww83,2026-10-01T00:08:32+00:00,decode,5,62603,0.08,350.3,,0,,,
ap-i1jDXiUmYYzX3k11Tpww83,2026-10-01T00:08:32+00:00,decode,5,62803,0.08,389.55,,0,,,
ap-i1jDXiUmYYzX3k11Tpww83,2026-10-01T00:08:33+00:00,decode,4,47397,0.06,381.69,,0,,,
ap-i1jDXiUmYYzX3k11Tpww83,2026-10-01T00:08:33+00:00,decode,4,47557,0.06,325.08,,0,,,
ap-i1jDXiUmYYzX3k11Tpww83,2026-10-01T00:08:34+00:00,decode,4,47717,0.06,324.61,,0,,,
ap-i1jDXiUmYYzX3k11Tpww83,2026-10-01T00:08:34+00:00,decode,4,47877,0.06,324.52,,0,,,
ap-i1jDXiUmYYzX3k11Tpww83,2026-10-01T00:08:34+00:00,prefill,4,,0.08,,161.24,0,1,492,13696
ap-i1jDXiUmYYzX3k11Tpww83,2026-10-01T00:08:35+00:00,prefill,5,,0.1,,806.49,0,1,354,16128
ap-i1jDXiUmYYzX3k11Tpww83,2026-10-01T00:08:35+00:00,decode,6,77370,0.1,326.52,,0,,,
ap-i1jDXiUmYYzX3k11Tpww83,2026-10-01T00:08:35+00:00,decode,6,77610,0.1,453.31,,0,,,
ap-i1jDXiUmYYzX3k11Tpww83,2026-10-01T00:08:36+00:00,decode,4,41028,0.06,388.37,,0,,,
ap-i1jDXiUmYYzX3k11Tpww83,2026-10-01T00:08:36+00:00,decode,3,41148,0.06,247.66,,0,,,
ap-i1jDXiUmYYzX3k11Tpww83,2026-10-01T00:08:37+00:00,decode,3,41268,0.06,247.42,,0,,,
ap-i1jDXiUmYYzX3k11Tpww83,2026-10-01T00:08:37+00:00,prefill,3,,0.07,,419.71,0,1,1052,14144
ap-i1jDXiUmYYzX3k11Tpww83,2026-10-01T00:08:37+00:00,decode,4,55907,0.08,221.4,,0,,,
ap-i1jDXiUmYYzX3k11Tpww83,2026-10-01T00:08:38+00:00,prefill,4,,0.1,,485.38,0,1,299,16448
ap-i1jDXiUmYYzX3k11Tpww83,2026-10-01T00:08:38+00:00,decode,5,72133,0.1,304.25,,0,,,
ap-i1jDXiUmYYzX3k11Tpww83,2026-10-01T00:08:38+00:00,decode,5,72333,0.1,383.98,,0,,,
ap-i1jDXiUmYYzX3k11Tpww83,2026-10-01T00:08:39+00:00,decode,4,57894,0.08,347.78,,0,,,
ap-i1jDXiUmYYzX3k11Tpww83,2026-10-01T00:08:39+00:00,prefill,4,,0.08,,374.14,0,1,492,5568
ap-i1jDXiUmYYzX3k11Tpww83,2026-10-01T00:08:39+00:00,decode,5,63452,0.09,334.95,,0,,,
ap-i1jDXiUmYYzX3k11Tpww83,2026-10-01T00:08:40+00:00,decode,5,63652,0.09,388.22,,0,,,
ap-i1jDXiUmYYzX3k11Tpww83,2026-10-01T00:08:40+00:00,decode,5,63852,0.09,388.69,,0,,,
ap-i1jDXiUmYYzX3k11Tpww83,2026-10-01T00:08:41+00:00,decode,4,47746,0.06,371.33,,0,,,
ap-i1jDXiUmYYzX3k11Tpww83,2026-10-01T00:08:41+00:00,decode,4,47906,0.06,324.48,,0,,,
ap-i1jDXiUmYYzX3k11Tpww83,2026-10-01T00:08:42+00:00,prefill,4,,0.08,,159.21,0,1,394,15168
ap-i1jDXiUmYYzX3k11Tpww83,2026-10-01T00:08:42+00:00,decode,5,62975,0.08,349.69,,0,,,
ap-i1jDXiUmYYzX3k11Tpww83,2026-10-01T00:08:43+00:00,decode,5,63175,0.08,389.26,,0,,,
ap-i1jDXiUmYYzX3k11Tpww83,2026-10-01T00:08:43+00:00,decode,4,48386,0.06,365.59,,0,,,
ap-i1jDXiUmYYzX3k11Tpww83,2026-10-01T00:08:43+00:00,prefill,4,,0.09,,284.05,0,1,443,16896
ap-i1jDXiUmYYzX3k11Tpww83,2026-10-01T00:08:44+00:00,decode,5,65236,0.09,347.34,,0,,,
ap-i1jDXiUmYYzX3k11Tpww83,2026-10-01T00:08:44+00:00,decode,4,48706,0.07,374.94,,0,,,
ap-i1jDXiUmYYzX3k11Tpww83,2026-10-01T00:08:45+00:00,decode,4,48866,0.07,324.07,,0,,,
ap-i1jDXiUmYYzX3k11Tpww83,2026-10-01T00:08:45+00:00,prefill,4,,0.09,,1461.51,0,1,2995,15616
ap-i1jDXiUmYYzX3k11Tpww83,2026-10-01T00:08:45+00:00,prefill,5,,0.11,,2413.41,0,1,285,17280
ap-i1jDXiUmYYzX3k11Tpww83,2026-10-01T00:08:45+00:00,decode,6,83850,0.11,230.24,,0,,,
ap-i1jDXiUmYYzX3k11Tpww83,2026-10-01T00:08:46+00:00,decode,6,84090,0.11,450.09,,0,,,
ap-i1jDXiUmYYzX3k11Tpww83,2026-10-01T00:08:46+00:00,decode,6,84330,0.11,449.68,,0,,,
ap-i1jDXiUmYYzX3k11Tpww83,2026-10-01T00:08:47+00:00,decode,6,84570,0.11,449.39,,0,,,
ap-i1jDXiUmYYzX3k11Tpww83,2026-10-01T00:08:48+00:00,decode,5,66713,0.09,432.63,,0,,,
ap-i1jDXiUmYYzX3k11Tpww83,2026-10-01T00:08:48+00:00,prefill,5,,0.09,,323.81,0,1,780,640
ap-i1jDXiUmYYzX3k11Tpww83,2026-10-01T00:08:48+00:00,decode,6,67679,0.09,392.96,,0,,,
ap-i1jDXiUmYYzX3k11Tpww83,2026-10-01T00:08:49+00:00,decode,5,50792,0.07,456.91,,0,,,
ap-i1jDXiUmYYzX3k11Tpww83,2026-10-01T00:08:49+00:00,decode,5,50992,0.07,396.19,,0,,,
ap-i1jDXiUmYYzX3k11Tpww83,2026-10-01T00:08:50+00:00,decode,5,51192,0.07,395.3,,0,,,
ap-i1jDXiUmYYzX3k11Tpww83,2026-10-01T00:08:50+00:00,decode,4,50466,0.07,352.78,,0,,,
ap-i1jDXiUmYYzX3k11Tpww83,2026-10-01T00:08:50+00:00,prefill,4,,0.09,,149.14,0,1,400,18688
ap-i1jDXiUmYYzX3k11Tpww83,2026-10-01T00:08:51+00:00,decode,5,69051,0.09,331.35,,0,,,
ap-i1jDXiUmYYzX3k11Tpww83,2026-10-01T00:08:51+00:00,decode,5,69251,0.09,385.67,,0,,,
ap-i1jDXiUmYYzX3k11Tpww83,2026-10-01T00:08:51+00:00,prefill,5,,0.09,,494.13,0,1,508,1408
ap-i1jDXiUmYYzX3k11Tpww83,2026-10-01T00:08:52+00:00,decode,4,35364,0.05,362.19,,0,,,
ap-i1jDXiUmYYzX3k11Tpww83,2026-10-01T00:08:52+00:00,prefill,4,,0.06,,221.74,0,1,120,13376
ap-i1jDXiUmYYzX3k11Tpww83,2026-10-01T00:08:52+00:00,decode,5,48363,0.06,352.02,,0,,,
ap-i1jDXiUmYYzX3k11Tpww83,2026-10-01T00:08:53+00:00,decode,3,34345,0.05,320.42,,0,,,
ap-i1jDXiUmYYzX3k11Tpww83,2026-10-01T00:08:53+00:00,decode,3,34465,0.05,250.22,,0,,,
ap-i1jDXiUmYYzX3k11Tpww83,2026-10-01T00:08:54+00:00,prefill,3,,0.07,,229.12,0,1,398,19072
ap-i1jDXiUmYYzX3k11Tpww83,2026-10-01T00:08:54+00:00,decode,4,53377,0.07,244.29,,0,,,
ap-i1jDXiUmYYzX3k11Tpww83,2026-10-01T00:08:54+00:00,prefill,4,,0.08,,2229.18,0,1,1344,1856
ap-i1jDXiUmYYzX3k11Tpww83,2026-10-01T00:08:54+00:00,decode,5,56061,0.08,280.11,,0,,,
ap-i1jDXiUmYYzX3k11Tpww83,2026-10-01T00:08:55+00:00,decode,5,56261,0.08,393.62,,0,,,
ap-i1jDXiUmYYzX3k11Tpww83,2026-10-01T00:08:55+00:00,decode,5,56461,0.08,393.0,,0,,,
ap-i1jDXiUmYYzX3k11Tpww83,2026-10-01T00:08:56+00:00,prefill,4,,0.07,,223.89,0,1,325,13440
ap-i1jDXiUmYYzX3k11Tpww83,2026-10-01T00:08:56+00:00,decode,5,50807,0.07,362.79,,0,,,
ap-i1jDXiUmYYzX3k11Tpww83,2026-10-01T00:08:56+00:00,prefill,5,,0.07,,649.34,0,1,420,640
ap-i1jDXiUmYYzX3k11Tpww83,2026-10-01T00:08:57+00:00,decode,6,51392,0.07,384.76,,0,,,
ap-i1jDXiUmYYzX3k11Tpww83,2026-10-01T00:08:57+00:00,decode,6,51632,0.07,471.33,,0,,,
ap-i1jDXiUmYYzX3k11Tpww83,2026-10-01T00:08:58+00:00,decode,6,51872,0.07,471.67,,0,,,
ap-i1jDXiUmYYzX3k11Tpww83,2026-10-01T00:08:58+00:00,prefill,6,,0.1,,297.92,0,1,417,19456
ap-i1jDXiUmYYzX3k11Tpww83,2026-10-01T00:08:58+00:00,decode,6,70817,0.1,436.25,,0,,,
ap-i1jDXiUmYYzX3k11Tpww83,2026-10-01T00:08:59+00:00,decode,6,71057,0.1,458.44,,0,,,
ap-i1jDXiUmYYzX3k11Tpww83,2026-10-01T00:08:59+00:00,decode,6,71297,0.1,458.24,,0,,,
ap-i1jDXiUmYYzX3k11Tpww83,2026-10-01T00:09:00+00:00,decode,6,71537,0.1,457.73,,0,,,
ap-i1jDXiUmYYzX3k11Tpww83,2026-10-01T00:09:00+00:00,decode,6,71777,0.1,458.14,,0,,,
ap-i1jDXiUmYYzX3k11Tpww83,2026-10-01T00:09:00+00:00,prefill,6,,0.1,,162.24,0,1,419,640
ap-i1jDXiUmYYzX3k11Tpww83,2026-10-01T00:09:01+00:00,decode,7,72421,0.1,475.43,,0,,,
ap-i1jDXiUmYYzX3k11Tpww83,2026-10-01T00:09:01+00:00,decode,7,72701,0.1,528.48,,0,,,
ap-i1jDXiUmYYzX3k11Tpww83,2026-10-01T00:09:02+00:00,decode,6,72497,0.1,473.31,,0,,,
ap-i1jDXiUmYYzX3k11Tpww83,2026-10-01T00:09:02+00:00,decode,6,72737,0.1,456.57,,0,,,
ap-i1jDXiUmYYzX3k11Tpww83,2026-10-01T00:09:03+00:00,decode,6,72977,0.1,456.76,,0,,,
ap-i1jDXiUmYYzX3k11Tpww83,2026-10-01T00:09:03+00:00,decode,5,53607,0.07,405.95,,0,,,
ap-i1jDXiUmYYzX3k11Tpww83,2026-10-01T00:09:04+00:00,decode,5,53807,0.07,395.21,,0,,,
ap-i1jDXiUmYYzX3k11Tpww83,2026-10-01T00:09:04+00:00,prefill,5,,0.07,,246.51,0,1,996,960
ap-i1jDXiUmYYzX3k11Tpww83,2026-10-01T00:09:05+00:00,decode,6,55283,0.07,352.56,,0,,,
ap-i1jDXiUmYYzX3k11Tpww83,2026-10-01T00:09:05+00:00,decode,6,55523,0.07,468.33,,0,,,
ap-i1jDXiUmYYzX3k11Tpww83,2026-10-01T00:09:05+00:00,prefill,5,,0.09,,547.68,0,1,578,9216
ap-i1jDXiUmYYzX3k11Tpww83,2026-10-01T00:09:06+00:00,decode,6,63523,0.09,412.82,,0,,,
ap-i1jDXiUmYYzX3k11Tpww83,2026-10-01T00:09:06+00:00,prefill,6,,0.11,,1662.69,0,1,556,17664
ap-i1jDXiUmYYzX3k11Tpww83,2026-10-01T00:09:06+00:00,prefill,7,,0.14,,5581.78,0,1,579,20224
ap-i1jDXiUmYYzX3k11Tpww83,2026-10-01T00:09:06+00:00,decode,8,101463,0.14,436.69,,0,,,
ap-i1jDXiUmYYzX3k11Tpww83,2026-10-01T00:09:07+00:00,decode,7,92587,0.12,535.27,,0,,,
ap-i1jDXiUmYYzX3k11Tpww83,2026-10-01T00:09:07+00:00,prefill,7,,0.13,,504.16,0,1,678,1920
ap-i1jDXiUmYYzX3k11Tpww83,2026-10-01T00:09:07+00:00,decode,8,94789,0.13,480.86,,0,,,
ap-i1jDXiUmYYzX3k11Tpww83,2026-10-01T00:09:08+00:00,decode,7,77428,0.1,574.32,,0,,,
ap-i1jDXiUmYYzX3k11Tpww83,2026-10-01T00:09:08+00:00,decode,7,77708,0.1,525.97,,0,,,
ap-i1jDXiUmYYzX3k11Tpww83,2026-10-01T00:09:09+00:00,decode,7,77988,0.1,524.49,,0,,,
ap-i1jDXiUmYYzX3k11Tpww83,2026-10-01T00:09:10+00:00,decode,6,76186,0.1,482.63,,0,,,
ap-i1jDXiUmYYzX3k11Tpww83,2026-10-01T00:09:10+00:00,prefill,5,,0.12,,168.51,0,1,467,18176
ap-i1jDXiUmYYzX3k11Tpww83,2026-10-01T00:09:10+00:00,decode,6,86712,0.12,408.3,,0,,,
ap-i1jDXiUmYYzX3k11Tpww83,2026-10-01T00:09:11+00:00,decode,6,86952,0.12,447.0,,0,,,
ap-i1jDXiUmYYzX3k11Tpww83,2026-10-01T00:09:11+00:00,prefill,5,,0.12,,2078.24,0,1,2525,2560
ap-i1jDXiUmYYzX3k11Tpww83,2026-10-01T00:09:11+00:00,decode,6,87836,0.12,319.98,,0,,,
ap-i1jDXiUmYYzX3k11Tpww83,2026-10-01T00:09:12+00:00,decode,4,49596,0.07,379.91,,0,,,
ap-i1jDXiUmYYzX3k11Tpww83,2026-10-01T00:09:12+00:00,decode,3,37597,0.05,288.39,,0,,,
ap-i1jDXiUmYYzX3k11Tpww83,2026-10-01T00:09:13+00:00,decode,2,33189,0.04,191.98,,0,,,
ap-i1jDXiUmYYzX3k11Tpww83,2026-10-01T00:09:13+00:00,decode,1,15065,0.02,116.83,,0,,,
ap-i1jDXiUmYYzX3k11Tpww83,2026-10-01T00:09:14+00:00,prefill,1,,0.04,,465.85,0,1,1092,9024
ap-i1jDXiUmYYzX3k11Tpww83,2026-10-01T00:09:14+00:00,prefill,2,,0.04,,41465.71,0,1,428,6016
ap-i1jDXiUmYYzX3k11Tpww83,2026-10-01T00:09:14+00:00,decode,3,30347,0.04,155.22,,0,,,
ap-i1jDXiUmYYzX3k11Tpww83,2026-10-01T00:09:14+00:00,prefill,3,,0.05,,1964.94,0,1,1291,3200
ap-i1jDXiUmYYzX3k11Tpww83,2026-10-01T00:09:15+00:00,prefill,4,,0.07,,2452.25,0,1,741,20992
ap-i1jDXiUmYYzX3k11Tpww83,2026-10-01T00:09:15+00:00,decode,5,55342,0.07,218.98,,0,,,
ap-i1jDXiUmYYzX3k11Tpww83,2026-10-01T00:09:15+00:00,prefill,5,,0.09,,2910.83,0,1,1040,14592
ap-i1jDXiUmYYzX3k11Tpww83,2026-10-01T00:09:15+00:00,decode,6,70509,0.09,359.52,,0,,,
ap-i1jDXiUmYYzX3k11Tpww83,2026-10-01T00:09:16+00:00,prefill,5,,0.1,,2933.72,0,1,2434,5056
ap-i1jDXiUmYYzX3k11Tpww83,2026-10-01T00:09:16+00:00,decode,6,73659,0.1,321.53,,0,,,
ap-i1jDXiUmYYzX3k11Tpww83,2026-10-01T00:09:16+00:00,decode,5,71017,0.1,411.35,,0,,,
ap-i1jDXiUmYYzX3k11Tpww83,2026-10-01T00:09:16+00:00,prefill,5,,0.1,,254.87,0,1,187,4480
ap-i1jDXiUmYYzX3k11Tpww83,2026-10-01T00:09:17+00:00,decode,4,34968,0.05,375.08,,0,,,
ap-i1jDXiUmYYzX3k11Tpww83,2026-10-01T00:09:17+00:00,decode,3,31067,0.04,269.48,,0,,,
ap-i1jDXiUmYYzX3k11Tpww83,2026-10-01T00:09:18+00:00,decode,3,31187,0.04,251.18,,0,,,
ap-i1jDXiUmYYzX3k11Tpww83,2026-10-01T00:09:18+00:00,prefill,3,,0.06,,475.22,0,1,910,15616
ap-i1jDXiUmYYzX3k11Tpww83,2026-10-01T00:09:19+00:00,decode,4,47154,0.06,225.61,,0,,,
ap-i1jDXiUmYYzX3k11Tpww83,2026-10-01T00:09:19+00:00,prefill,4,,0.07,,1384.25,0,1,377,7488
ap-i1jDXiUmYYzX3k11Tpww83,2026-10-01T00:09:19+00:00,decode,5,54523,0.07,350.12,,0,,,
ap-i1jDXiUmYYzX3k11Tpww83,2026-10-01T00:09:20+00:00,decode,4,47474,0.06,339.44,,0,,,
ap-i1jDXiUmYYzX3k11Tpww83,2026-10-01T00:09:20+00:00,prefill,4,,0.1,,2066.09,0,1,2644,21760
ap-i1jDXiUmYYzX3k11Tpww83,2026-10-01T00:09:20+00:00,prefill,5,,0.1,,9232.56,0,1,615,4608
ap-i1jDXiUmYYzX3k11Tpww83,2026-10-01T00:09:20+00:00,decode,6,75940,0.1,261.27,,0,,,
ap-i1jDXiUmYYzX3k11Tpww83,2026-10-01T00:09:21+00:00,prefill,6,,0.1,,856.23,0,1,784,640
ap-i1jDXiUmYYzX3k11Tpww83,2026-10-01T00:09:21+00:00,decode,7,76263,0.1,404.8,,0,,,
ap-i1jDXiUmYYzX3k11Tpww83,2026-10-01T00:09:21+00:00,prefill,6,,0.09,,870.12,0,1,478,7808
ap-i1jDXiUmYYzX3k11Tpww83,2026-10-01T00:09:22+00:00,decode,7,68100,0.09,470.92,,0,,,
ap-i1jDXiUmYYzX3k11Tpww83,2026-10-01T00:09:22+00:00,decode,6,60736,0.08,520.09,,0,,,
ap-i1jDXiUmYYzX3k11Tpww83,2026-10-01T00:09:23+00:00,decode,4,36870,0.05,375.94,,0,,,
ap-i1jDXiUmYYzX3k11Tpww83,2026-10-01T00:09:23+00:00,prefill,4,,0.07,,1004.77,0,1,1524,16512
ap-i1jDXiUmYYzX3k11Tpww83,2026-10-01T00:09:23+00:00,prefill,5,,0.08,,5573.28,0,1,285,2816
ap-i1jDXiUmYYzX3k11Tpww83,2026-10-01T00:09:23+00:00,decode,6,56820,0.08,283.0,,0,,,
ap-i1jDXiUmYYzX3k11Tpww83,2026-10-01T00:09:24+00:00,decode,6,57060,0.08,468.36,,0,,,
ap-i1jDXiUmYYzX3k11Tpww83,2026-10-01T00:09:24+00:00,decode,6,57300,0.08,467.59,,0,,,
ap-i1jDXiUmYYzX3k11Tpww83,2026-10-01T00:09:25+00:00,decode,6,57540,0.08,467.52,,0,,,
ap-i1jDXiUmYYzX3k11Tpww83,2026-10-01T00:09:25+00:00,prefill,6,,0.09,,258.19,0,1,514,8256
ap-i1jDXiUmYYzX3k11Tpww83,2026-10-01T00:09:25+00:00,prefill,7,,0.12,,2240.48,0,1,531,24384
ap-i1jDXiUmYYzX3k11Tpww83,2026-10-01T00:09:25+00:00,decode,8,90122,0.12,420.14,,0,,,
ap-i1jDXiUmYYzX3k11Tpww83,2026-10-01T00:09:26+00:00,decode,7,82296,0.11,551.22,,0,,,
ap-i1jDXiUmYYzX3k11Tpww83,2026-10-01T00:09:26+00:00,decode,6,58260,0.08,501.57,,0,,,
ap-i1jDXiUmYYzX3k11Tpww83,2026-10-01T00:09:27+00:00,decode,5,55792,0.07,448.59,,0,,,
ap-i1jDXiUmYYzX3k11Tpww83,2026-10-01T00:09:27+00:00,decode,5,55992,0.08,392.62,,0,,,
ap-i1jDXiUmYYzX3k11Tpww83,2026-10-01T00:09:28+00:00,prefill,5,,0.08,,61.49,0,1,158,3328
ap-i1jDXiUmYYzX3k11Tpww83,2026-10-01T00:09:28+00:00,decode,6,59007,0.08,392.28,,0,,,
ap-i1jDXiUmYYzX3k11Tpww83,2026-10-01T00:09:28+00:00,prefill,6,,0.09,,1089.41,0,1,379,8768
ap-i1jDXiUmYYzX3k11Tpww83,2026-10-01T00:09:29+00:00,decode,7,67739,0.09,481.56,,0,,,
ap-i1jDXiUmYYzX3k11Tpww83,2026-10-01T00:09:29+00:00,decode,6,59487,0.08,481.04,,0,,,
ap-i1jDXiUmYYzX3k11Tpww83,2026-10-01T00:09:30+00:00,prefill,6,,0.11,,252.57,0,1,352,24896
ap-i1jDXiUmYYzX3k11Tpww83,2026-10-01T00:09:30+00:00,decode,7,84294,0.11,438.44,,0,,,
ap-i1jDXiUmYYzX3k11Tpww83,2026-10-01T00:09:30+00:00,prefill,7,,0.14,,969.39,0,1,510,18688
ap-i1jDXiUmYYzX3k11Tpww83,2026-10-01T00:09:30+00:00,decode,8,103098,0.14,488.34,,0,,,
ap-i1jDXiUmYYzX3k11Tpww83,2026-10-01T00:09:31+00:00,decode,7,96434,0.13,561.93,,0,,,
ap-i1jDXiUmYYzX3k11Tpww83,2026-10-01T00:09:31+00:00,decode,6,72027,0.1,470.29,,0,,,
ap-i1jDXiUmYYzX3k11Tpww83,2026-10-01T00:09:32+00:00,prefill,6,,0.11,,612.08,0,1,1079,9088
ap-i1jDXiUmYYzX3k11Tpww83,2026-10-01T00:09:32+00:00,decode,7,78661,0.11,397.32,,0,,,
ap-i1jDXiUmYYzX3k11Tpww83,2026-10-01T00:09:33+00:00,decode,6,78901,0.11,453.81,,0,,,
ap-i1jDXiUmYYzX3k11Tpww83,2026-10-01T00:09:33+00:00,decode,6,79141,0.11,452.74,,0,,,
ap-i1jDXiUmYYzX3k11Tpww83,2026-10-01T00:09:34+00:00,decode,6,79381,0.11,453.62,,0,,,
ap-i1jDXiUmYYzX3k11Tpww83,2026-10-01T00:09:34+00:00,decode,5,60817,0.08,395.13,,0,,,
ap-i1jDXiUmYYzX3k11Tpww83,2026-10-01T00:09:34+00:00,prefill,5,,0.12,,155.72,0,1,359,25216
ap-i1jDXiUmYYzX3k11Tpww83,2026-10-01T00:09:34+00:00,prefill,6,,0.13,,8891.34,0,1,2434,7424
ap-i1jDXiUmYYzX3k11Tpww83,2026-10-01T00:09:35+00:00,decode,7,95139,0.13,345.88,,0,,,
ap-i1jDXiUmYYzX3k11Tpww83,2026-10-01T00:09:35+00:00,decode,5,60727,0.08,446.03,,0,,,
ap-i1jDXiUmYYzX3k11Tpww83,2026-10-01T00:09:36+00:00,decode,5,60927,0.08,389.64,,0,,,
ap-i1jDXiUmYYzX3k11Tpww83,2026-10-01T00:09:36+00:00,decode,4,42805,0.06,336.16,,0,,,
ap-i1jDXiUmYYzX3k11Tpww83,2026-10-01T00:09:37+00:00,decode,4,42965,0.06,326.72,,0,,,
ap-i1jDXiUmYYzX3k11Tpww83,2026-10-01T00:09:37+00:00,prefill,4,,0.08,,379.08,0,1,1136,18944
ap-i1jDXiUmYYzX3k11Tpww83,2026-10-01T00:09:37+00:00,decode,5,62519,0.08,270.39,,0,,,
ap-i1jDXiUmYYzX3k11Tpww83,2026-10-01T00:09:38+00:00,prefill,5,,0.12,,766.75,0,1,423,25600
ap-i1jDXiUmYYzX3k11Tpww83,2026-10-01T00:09:38+00:00,decode,6,88057,0.12,358.61,,0,,,
ap-i1jDXiUmYYzX3k11Tpww83,2026-10-01T00:09:39+00:00,decode,5,43445,0.06,439.81,,0,,,
ap-i1jDXiUmYYzX3k11Tpww83,2026-10-01T00:09:39+00:00,decode,4,43605,0.06,328.18,,0,,,
ap-i1jDXiUmYYzX3k11Tpww83,2026-10-01T00:09:40+00:00,prefill,3,,0.06,,422.08,0,1,645,10112
ap-i1jDXiUmYYzX3k11Tpww83,2026-10-01T00:09:40+00:00,decode,4,47880,0.06,241.08,,0,,,
ap-i1jDXiUmYYzX3k11Tpww83,2026-10-01T00:09:40+00:00,prefill,4,,0.09,,697.57,0,1,339,20032
ap-i1jDXiUmYYzX3k11Tpww83,2026-10-01T00:09:40+00:00,decode,5,67734,0.09,315.68,,0,,,
ap-i1jDXiUmYYzX3k11Tpww83,2026-10-01T00:09:41+00:00,decode,5,67934,0.09,386.42,,0,,,
ap-i1jDXiUmYYzX3k11Tpww83,2026-10-01T00:09:41+00:00,decode,5,68134,0.09,386.14,,0,,,
ap-i1jDXiUmYYzX3k11Tpww83,2026-10-01T00:09:41+00:00,prefill,5,,0.1,,2473.43,0,1,3611,5184
ap-i1jDXiUmYYzX3k11Tpww83,2026-10-01T00:09:42+00:00,prefill,6,,0.14,,1590.65,0,1,418,25984
ap-i1jDXiUmYYzX3k11Tpww83,2026-10-01T00:09:42+00:00,decode,7,102219,0.14,303.74,,0,,,
ap-i1jDXiUmYYzX3k11Tpww83,2026-10-01T00:09:43+00:00,decode,7,102499,0.14,507.95,,0,,,
ap-i1jDXiUmYYzX3k11Tpww83,2026-10-01T00:09:43+00:00,decode,4,50146,0.07,392.9,,0,,,
ap-i1jDXiUmYYzX3k11Tpww83,2026-10-01T00:09:44+00:00,decode,4,50306,0.07,322.92,,0,,,
ap-i1jDXiUmYYzX3k11Tpww83,2026-10-01T00:09:44+00:00,decode,4,50466,0.07,322.53,,0,,,
ap-i1jDXiUmYYzX3k11Tpww83,2026-10-01T00:09:45+00:00,decode,3,42278,0.06,277.72,,0,,,
ap-i1jDXiUmYYzX3k11Tpww83,2026-10-01T00:09:45+00:00,prefill,2,,0.06,,95.03,0,1,300,10752
ap-i1jDXiUmYYzX3k11Tpww83,2026-10-01T00:09:45+00:00,decode,3,42824,0.06,223.21,,0,,,
ap-i1jDXiUmYYzX3k11Tpww83,2026-10-01T00:09:46+00:00,decode,3,42944,0.06,246.57,,0,,,
ap-i1jDXiUmYYzX3k11Tpww83,2026-10-01T00:09:46+00:00,prefill,3,,0.09,,647.31,0,1,655,26368
ap-i1jDXiUmYYzX3k11Tpww83,2026-10-01T00:09:46+00:00,prefill,4,,0.1,,4618.84,0,1,451,8768
ap-i1jDXiUmYYzX3k11Tpww83,2026-10-01T00:09:46+00:00,prefill,4,,0.11,,2731.8,0,1,676,13760
ap-i1jDXiUmYYzX3k11Tpww83,2026-10-01T00:09:46+00:00,decode,5,81261,0.11,221.22,,0,,,
ap-i1jDXiUmYYzX3k11Tpww83,2026-10-01T00:09:47+00:00,decode,4,55064,0.07,367.08,,0,,,
ap-i1jDXiUmYYzX3k11Tpww83,2026-10-01T00:09:47+00:00,decode,3,41390,0.06,258.24,,0,,,
ap-i1jDXiUmYYzX3k11Tpww83,2026-10-01T00:09:48+00:00,decode,2,32839,0.04,191.45,,0,,,
ap-i1jDXiUmYYzX3k11Tpww83,2026-10-01T00:09:48+00:00,prefill,2,,0.06,,184.46,0,1,354,11008
ap-i1jDXiUmYYzX3k11Tpww83,2026-10-01T00:09:48+00:00,prefill,3,,0.07,,12547.07,0,1,2516,9856
ap-i1jDXiUmYYzX3k11Tpww83,2026-10-01T00:09:49+00:00,decode,4,55300,0.07,143.14,,0,,,
ap-i1jDXiUmYYzX3k11Tpww83,2026-10-01T00:09:49+00:00,decode,4,55460,0.07,320.36,,0,,,
ap-i1jDXiUmYYzX3k11Tpww83,2026-10-01T00:09:49+00:00,prefill,3,,0.07,,1459.24,0,1,1498,9216
ap-i1jDXiUmYYzX3k11Tpww83,2026-10-01T00:09:50+00:00,decode,4,54898,0.07,244.05,,0,,,
ap-i1jDXiUmYYzX3k11Tpww83,2026-10-01T00:09:50+00:00,prefill,4,,0.11,,984.1,0,1,440,27008
ap-i1jDXiUmYYzX3k11Tpww83,2026-10-01T00:09:50+00:00,decode,5,81844,0.11,322.27,,0,,,
ap-i1jDXiUmYYzX3k11Tpww83,2026-10-01T00:09:50+00:00,prefill,5,,0.13,,1064.78,0,1,429,14400
ap-i1jDXiUmYYzX3k11Tpww83,2026-10-01T00:09:51+00:00,prefill,6,,0.16,,1686.29,0,1,888,19200
ap-i1jDXiUmYYzX3k11Tpww83,2026-10-01T00:09:51+00:00,decode,6,88809,0.12,354.75,,0,,,
ap-i1jDXiUmYYzX3k11Tpww83,2026-10-01T00:09:51+00:00,decode,5,74827,0.1,417.87,,0,,,
ap-i1jDXiUmYYzX3k11Tpww83,2026-10-01T00:09:52+00:00,decode,4,54493,0.07,350.93,,0,,,
ap-i1jDXiUmYYzX3k11Tpww83,2026-10-01T00:09:52+00:00,prefill,3,,0.07,,406.1,0,1,654,11328
ap-i1jDXiUmYYzX3k11Tpww83,2026-10-01T00:09:52+00:00,decode,4,53982,0.07,276.0,,0,,,
ap-i1jDXiUmYYzX3k11Tpww83,2026-10-01T00:09:53+00:00,decode,4,54142,0.07,321.22,,0,,,
ap-i1jDXiUmYYzX3k11Tpww83,2026-10-01T00:09:53+00:00,decode,2,32594,0.04,206.76,,0,,,
ap-i1jDXiUmYYzX3k11Tpww83,2026-10-01T00:09:54+00:00,prefill,2,,0.08,,632.72,0,1,972,27392
ap-i1jDXiUmYYzX3k11Tpww83,2026-10-01T00:09:54+00:00,prefill,3,,0.11,,5938.18,0,1,1261,20992
ap-i1jDXiUmYYzX3k11Tpww83,2026-10-01T00:09:54+00:00,decode,4,97167,0.13,122.78,,0,,,
ap-i1jDXiUmYYzX3k11Tpww83,2026-10-01T00:09:54+00:00,prefill,4,,0.13,,9286.19,0,1,1085,14848
ap-i1jDXiUmYYzX3k11Tpww83,2026-10-01T00:09:55+00:00,prefill,5,,0.15,,1986.88,0,1,1138,10688
ap-i1jDXiUmYYzX3k11Tpww83,2026-10-01T00:09:55+00:00,decode,5,80792,0.11,287.74,,0,,,
ap-i1jDXiUmYYzX3k11Tpww83,2026-10-01T00:09:55+00:00,prefill,4,,0.1,,2171.73,0,1,753,12032
ap-i1jDXiUmYYzX3k11Tpww83,2026-10-01T00:09:55+00:00,decode,4,56142,0.08,327.73,,0,,,
ap-i1jDXiUmYYzX3k11Tpww83,2026-10-01T00:09:56+00:00,prefill,3,,0.08,,1477.9,0,1,1178,12544
ap-i1jDXiUmYYzX3k11Tpww83,2026-10-01T00:09:56+00:00,decode,4,57182,0.08,248.72,,0,,,
ap-i1jDXiUmYYzX3k11Tpww83,2026-10-01T00:09:57+00:00,decode,4,57342,0.08,319.67,,0,,,
ap-i1jDXiUmYYzX3k11Tpww83,2026-10-01T00:09:57+00:00,decode,3,46197,0.06,251.14,,0,,,
ap-i1jDXiUmYYzX3k11Tpww83,2026-10-01T00:09:57+00:00,prefill,3,,0.08,,226.41,0,1,331,15872
ap-i1jDXiUmYYzX3k11Tpww83,2026-10-01T00:09:58+00:00,decode,4,61848,0.08,250.52,,0,,,
ap-i1jDXiUmYYzX3k11Tpww83,2026-10-01T00:09:58+00:00,prefill,4,,0.11,,777.06,0,1,347,22208
ap-i1jDXiUmYYzX3k11Tpww83,2026-10-01T00:09:58+00:00,prefill,5,,0.13,,2661.48,0,1,173,12800
ap-i1jDXiUmYYzX3k11Tpww83,2026-10-01T00:09:58+00:00,prefill,6,,0.17,,1860.04,0,1,280,28352
ap-i1jDXiUmYYzX3k11Tpww83,2026-10-01T00:09:58+00:00,decode,7,124160,0.17,326.87,,0,,,
ap-i1jDXiUmYYzX3k11Tpww83,2026-10-01T00:09:59+00:00,decode,7,124440,0.17,492.29,,0,,,
ap-i1jDXiUmYYzX3k11Tpww83,2026-10-01T00:09:59+00:00,decode,4,67750,0.09,403.37,,0,,,
ap-i1jDXiUmYYzX3k11Tpww83,2026-10-01T00:09:59+00:00,prefill,4,,0.11,,675.33,0,1,936,11776
ap-i1jDXiUmYYzX3k11Tpww83,2026-10-01T00:10:00+00:00,decode,5,79974,0.11,322.73,,0,,,
ap-i1jDXiUmYYzX3k11Tpww83,2026-10-01T00:10:01+00:00,decode,5,80174,0.11,379.63,,0,,,
ap-i1jDXiUmYYzX3k11Tpww83,2026-10-01T00:10:01+00:00,decode,4,67867,0.09,336.28,,0,,,
ap-i1jDXiUmYYzX3k11Tpww83,2026-10-01T00:10:02+00:00,decode,3,47858,0.06,304.4,,0,,,
ap-i1jDXiUmYYzX3k11Tpww83,2026-10-01T00:10:02+00:00,decode,3,47978,0.06,244.7,,0,,,
ap-i1jDXiUmYYzX3k11Tpww83,2026-10-01T00:10:02+00:00,prefill,3,,0.1,,179.9,0,1,470,28672
ap-i1jDXiUmYYzX3k11Tpww83,2026-10-01T00:10:02+00:00,prefill,4,,0.12,,4840.68,0,1,381,16192
ap-i1jDXiUmYYzX3k11Tpww83,2026-10-01T00:10:03+00:00,prefill,5,,0.14,,1562.03,0,1,553,13824
ap-i1jDXiUmYYzX3k11Tpww83,2026-10-01T00:10:03+00:00,decode,6,106217,0.14,298.58,,0,,,
ap-i1jDXiUmYYzX3k11Tpww83,2026-10-01T00:10:03+00:00,decode,5,90494,0.12,386.24,,0,,,
ap-i1jDXiUmYYzX3k11Tpww83,2026-10-01T00:10:04+00:00,decode,3,49777,0.07,285.31,,0,,,
ap-i1jDXiUmYYzX3k11Tpww83,2026-10-01T00:10:04+00:00,prefill,3,,0.08,,705.98,0,1,1170,12928
ap-i1jDXiUmYYzX3k11Tpww83,2026-10-01T00:10:04+00:00,decode,4,63323,0.08,223.83,,0,,,
ap-i1jDXiUmYYzX3k11Tpww83,2026-10-01T00:10:05+00:00,prefill,4,,0.11,,1164.45,0,1,742,16512
ap-i1jDXiUmYYzX3k11Tpww83,2026-10-01T00:10:05+00:00,decode,5,80060,0.11,292.23,,0,,,
ap-i1jDXiUmYYzX3k11Tpww83,2026-10-01T00:10:05+00:00,decode,5,80260,0.11,379.48,,0,,,
ap-i1jDXiUmYYzX3k11Tpww83,2026-10-01T00:10:06+00:00,prefill,4,,0.11,,690.77,0,1,705,12672
ap-i1jDXiUmYYzX3k11Tpww83,2026-10-01T00:10:06+00:00,decode,5,79621,0.11,317.13,,0,,,
ap-i1jDXiUmYYzX3k11Tpww83,2026-10-01T00:10:07+00:00,prefill,5,,0.15,,624.45,0,1,411,29184
ap-i1jDXiUmYYzX3k11Tpww83,2026-10-01T00:10:07+00:00,decode,6,108738,0.15,359.57,,0,,,
ap-i1jDXiUmYYzX3k11Tpww83,2026-10-01T00:10:07+00:00,decode,4,79454,0.11,359.38,,0,,,
ap-i1jDXiUmYYzX3k11Tpww83,2026-10-01T00:10:08+00:00,prefill,4,,0.12,,271.03,0,1,272,9792
ap-i1jDXiUmYYzX3k11Tpww83,2026-10-01T00:10:08+00:00,decode,5,89009,0.12,315.65,,0,,,
ap-i1jDXiUmYYzX3k11Tpww83,2026-10-01T00:10:08+00:00,prefill,3,,0.09,,599.52,0,1,459,13376
ap-i1jDXiUmYYzX3k11Tpww83,2026-10-01T00:10:08+00:00,decode,4,70317,0.09,323.34,,0,,,
ap-i1jDXiUmYYzX3k11Tpww83,2026-10-01T00:10:09+00:00,decode,4,70477,0.09,313.07,,0,,,
ap-i1jDXiUmYYzX3k11Tpww83,2026-10-01T00:10:09+00:00,prefill,4,,0.11,,771.19,0,1,538,14080
ap-i1jDXiUmYYzX3k11Tpww83,2026-10-01T00:10:09+00:00,decode,4,71370,0.1,284.96,,0,,,
ap-i1jDXiUmYYzX3k11Tpww83,2026-10-01T00:10:10+00:00,prefill,3,,0.1,,1398.13,0,1,901,17216
ap-i1jDXiUmYYzX3k11Tpww83,2026-10-01T00:10:10+00:00,decode,3,60763,0.08,224.19,,0,,,
ap-i1jDXiUmYYzX3k11Tpww83,2026-10-01T00:10:10+00:00,decode,2,43382,0.06,234.91,,0,,,
ap-i1jDXiUmYYzX3k11Tpww83,2026-10-01T00:10:11+00:00,prefill,2,,0.08,,1395.99,0,1,1772,13824
ap-i1jDXiUmYYzX3k11Tpww83,2026-10-01T00:10:11+00:00,prefill,3,,0.11,,9527.87,0,1,1198,23040
ap-i1jDXiUmYYzX3k11Tpww83,2026-10-01T00:10:11+00:00,decode,3,68425,0.09,141.05,,0,,,
ap-i1jDXiUmYYzX3k11Tpww83,2026-10-01T00:10:12+00:00,prefill,3,,0.1,,157.09,0,1,88,10112
ap-i1jDXiUmYYzX3k11Tpww83,2026-10-01T00:10:12+00:00,prefill,4,,0.12,,1922.24,0,1,493,14592
ap-i1jDXiUmYYzX3k11Tpww83,2026-10-01T00:10:12+00:00,decode,5,92476,0.12,233.13,,0,,,
ap-i1jDXiUmYYzX3k11Tpww83,2026-10-01T00:10:12+00:00,decode,3,54017,0.07,292.4,,0,,,
ap-i1jDXiUmYYzX3k11Tpww83,2026-10-01T00:10:13+00:00,prefill,2,,0.07,,747.05,0,1,749,14848
ap-i1jDXiUmYYzX3k11Tpww83,2026-10-01T00:10:13+00:00,decode,3,54576,0.07,197.62,,0,,,
ap-i1jDXiUmYYzX3k11Tpww83,2026-10-01T00:10:13+00:00,prefill,3,,0.11,,1497.9,0,1,566,24192
ap-i1jDXiUmYYzX3k11Tpww83,2026-10-01T00:10:14+00:00,decode,4,78792,0.11,252.98,,0,,,
ap-i1jDXiUmYYzX3k11Tpww83,2026-10-01T00:10:14+00:00,prefill,4,,0.13,,477.67,0,1,321,18176
ap-i1jDXiUmYYzX3k11Tpww83,2026-10-01T00:10:14+00:00,decode,5,96781,0.13,309.92,,0,,,
ap-i1jDXiUmYYzX3k11Tpww83,2026-10-01T00:10:15+00:00,prefill,4,,0.13,,1450.4,0,1,1262,15616
ap-i1jDXiUmYYzX3k11Tpww83,2026-10-01T00:10:15+00:00,decode,5,95305,0.13,289.7,,0,,,
ap-i1jDXiUmYYzX3k11Tpww83,2026-10-01T00:10:15+00:00,prefill,5,,0.15,,5214.68,0,1,527,15104
ap-i1jDXiUmYYzX3k11Tpww83,2026-10-01T00:10:15+00:00,decode,6,110488,0.15,383.84,,0,,,
ap-i1jDXiUmYYzX3k11Tpww83,2026-10-01T00:10:16+00:00,decode,4,79432,0.11,362.09,,0,,,
ap-i1jDXiUmYYzX3k11Tpww83,2026-10-01T00:10:16+00:00,decode,4,79592,0.11,309.49,,0,,,
ap-i1jDXiUmYYzX3k11Tpww83,2026-10-01T00:10:17+00:00,decode,4,79752,0.11,309.15,,0,,,
ap-i1jDXiUmYYzX3k11Tpww83,2026-10-01T00:10:17+00:00,decode,4,79912,0.11,309.29,,0,,,
ap-i1jDXiUmYYzX3k11Tpww83,2026-10-01T00:10:18+00:00,prefill,4,,0.13,,200.82,0,1,559,18496
ap-i1jDXiUmYYzX3k11Tpww83,2026-10-01T00:10:18+00:00,decode,5,98473,0.13,320.57,,0,,,
ap-i1jDXiUmYYzX3k11Tpww83,2026-10-01T00:10:18+00:00,prefill,5,,0.13,,823.22,0,1,529,16896
ap-i1jDXiUmYYzX3k11Tpww83,2026-10-01T00:10:18+00:00,prefill,5,,0.16,,2648.94,0,1,418,20736
ap-i1jDXiUmYYzX3k11Tpww83,2026-10-01T00:10:19+00:00,decode,6,117489,0.16,334.86,,0,,,
ap-i1jDXiUmYYzX3k11Tpww83,2026-10-01T00:10:19+00:00,prefill,6,,0.18,,905.2,0,1,377,15616
ap-i1jDXiUmYYzX3k11Tpww83,2026-10-01T00:10:19+00:00,decode,7,133070,0.18,447.47,,0,,,
ap-i1jDXiUmYYzX3k11Tpww83,2026-10-01T00:10:20+00:00,decode,6,117969,0.16,440.45,,0,,,
ap-i1jDXiUmYYzX3k11Tpww83,2026-10-01T00:10:20+00:00,decode,6,118209,0.16,428.22,,0,,,
ap-i1jDXiUmYYzX3k11Tpww83,2026-10-01T00:10:21+00:00,decode,4,82320,0.11,360.92,,0,,,
ap-i1jDXiUmYYzX3k11Tpww83,2026-10-01T00:10:22+00:00,decode,4,82480,0.11,307.77,,0,,,
ap-i1jDXiUmYYzX3k11Tpww83,2026-10-01T00:10:22+00:00,prefill,4,,0.14,,121.88,0,1,340,19008
ap-i1jDXiUmYYzX3k11Tpww83,2026-10-01T00:10:22+00:00,decode,4,84328,0.11,327.88,,0,,,
ap-i1jDXiUmYYzX3k11Tpww83,2026-10-01T00:10:23+00:00,decode,3,65752,0.09,255.63,,0,,,
ap-i1jDXiUmYYzX3k11Tpww83,2026-10-01T00:10:23+00:00,prefill,3,,0.11,,213.27,0,1,244,15936
ap-i1jDXiUmYYzX3k11Tpww83,2026-10-01T00:10:23+00:00,prefill,4,,0.14,,2752.88,0,1,693,21248
ap-i1jDXiUmYYzX3k11Tpww83,2026-10-01T00:10:23+00:00,decode,5,102665,0.14,259.13,,0,,,
ap-i1jDXiUmYYzX3k11Tpww83,2026-10-01T00:10:23+00:00,prefill,5,,0.16,,569.82,0,1,247,17408
ap-i1jDXiUmYYzX3k11Tpww83,2026-10-01T00:10:24+00:00,decode,4,74180,0.1,322.66,,0,,,
ap-i1jDXiUmYYzX3k11Tpww83,2026-10-01T00:10:24+00:00,prefill,3,,0.09,,813.94,0,1,690,19328
ap-i1jDXiUmYYzX3k11Tpww83,2026-10-01T00:10:24+00:00,prefill,4,,0.11,,9202.89,0,1,746,16128
ap-i1jDXiUmYYzX3k11Tpww83,2026-10-01T00:10:24+00:00,decode,5,85011,0.11,226.69,,0,,,
ap-i1jDXiUmYYzX3k11Tpww83,2026-10-01T00:10:25+00:00,decode,3,48759,0.07,320.49,,0,,,
ap-i1jDXiUmYYzX3k11Tpww83,2026-10-01T00:10:25+00:00,decode,3,48879,0.07,244.3,,0,,,
ap-i1jDXiUmYYzX3k11Tpww83,2026-10-01T00:10:26+00:00,prefill,2,,0.06,,189.66,0,1,286,16128
ap-i1jDXiUmYYzX3k11Tpww83,2026-10-01T00:10:26+00:00,decode,3,43262,0.06,175.94,,0,,,
ap-i1jDXiUmYYzX3k11Tpww83,2026-10-01T00:10:26+00:00,prefill,3,,0.09,,6523.96,0,1,1737,24704
ap-i1jDXiUmYYzX3k11Tpww83,2026-10-01T00:10:27+00:00,prefill,4,,0.14,,3099.45,0,1,1519,30720
ap-i1jDXiUmYYzX3k11Tpww83,2026-10-01T00:10:27+00:00,decode,5,100733,0.14,200.85,,0,,,
ap-i1jDXiUmYYzX3k11Tpww83,2026-10-01T00:10:27+00:00,prefill,5,,0.16,,624.26,0,1,314,17664
ap-i1jDXiUmYYzX3k11Tpww83,2026-10-01T00:10:27+00:00,decode,5,102428,0.14,359.02,,0,,,
ap-i1jDXiUmYYzX3k11Tpww83,2026-10-01T00:10:28+00:00,prefill,4,,0.11,,1353.92,0,1,888,22016
ap-i1jDXiUmYYzX3k11Tpww83,2026-10-01T00:10:28+00:00,decode,4,81643,0.11,288.91,,0,,,
ap-i1jDXiUmYYzX3k11Tpww83,2026-10-01T00:10:28+00:00,prefill,4,,0.14,,1171.04,0,1,489,19968
ap-i1jDXiUmYYzX3k11Tpww83,2026-10-01T00:10:29+00:00,decode,5,101601,0.14,315.98,,0,,,
ap-i1jDXiUmYYzX3k11Tpww83,2026-10-01T00:10:29+00:00,decode,4,81963,0.11,331.21,,0,,,
ap-i1jDXiUmYYzX3k11Tpww83,2026-10-01T00:10:30+00:00,decode,4,82123,0.11,308.23,,0,,,
ap-i1jDXiUmYYzX3k11Tpww83,2026-10-01T00:10:30+00:00,decode,4,82283,0.11,307.97,,0,,,
ap-i1jDXiUmYYzX3k11Tpww83,2026-10-01T00:10:30+00:00,prefill,4,,0.15,,152.68,0,1,314,26432
ap-i1jDXiUmYYzX3k11Tpww83,2026-10-01T00:10:31+00:00,prefill,5,,0.17,,1936.0,0,1,410,17920
ap-i1jDXiUmYYzX3k11Tpww83,2026-10-01T00:10:31+00:00,decode,5,109571,0.15,312.78,,0,,,
ap-i1jDXiUmYYzX3k11Tpww83,2026-10-01T00:10:31+00:00,prefill,5,,0.17,,2196.64,0,1,1310,16384
ap-i1jDXiUmYYzX3k11Tpww83,2026-10-01T00:10:31+00:00,decode,5,109101,0.15,316.21,,0,,,
ap-i1jDXiUmYYzX3k11Tpww83,2026-10-01T00:10:32+00:00,decode,4,92225,0.12,340.52,,0,,,
ap-i1jDXiUmYYzX3k11Tpww83,2026-10-01T00:10:32+00:00,prefill,4,,0.15,,304.05,0,1,369,20480
ap-i1jDXiUmYYzX3k11Tpww83,2026-10-01T00:10:33+00:00,decode,5,112570,0.15,311.87,,0,,,
ap-i1jDXiUmYYzX3k11Tpww83,2026-10-01T00:10:33+00:00,prefill,4,,0.15,,804.41,0,1,723,18304
ap-i1jDXiUmYYzX3k11Tpww83,2026-10-01T00:10:33+00:00,decode,5,110887,0.15,299.93,,0,,,
ap-i1jDXiUmYYzX3k11Tpww83,2026-10-01T00:10:34+00:00,decode,5,111087,0.15,362.8,,0,,,
ap-i1jDXiUmYYzX3k11Tpww83,2026-10-01T00:10:34+00:00,prefill,4,,0.15,,691.37,0,1,749,17152
ap-i1jDXiUmYYzX3k11Tpww83,2026-10-01T00:10:34+00:00,decode,5,110084,0.15,278.91,,0,,,
ap-i1jDXiUmYYzX3k11Tpww83,2026-10-01T00:10:35+00:00,decode,4,93025,0.12,360.34,,0,,,
ap-i1jDXiUmYYzX3k11Tpww83,2026-10-01T00:10:35+00:00,prefill,4,,0.15,,1324.72,0,1,1281,17664
ap-i1jDXiUmYYzX3k11Tpww83,2026-10-01T00:10:36+00:00,decode,5,111468,0.15,276.97,,0,,,
ap-i1jDXiUmYYzX3k11Tpww83,2026-10-01T00:10:36+00:00,prefill,5,,0.17,,552.63,0,1,381,19008
ap-i1jDXiUmYYzX3k11Tpww83,2026-10-01T00:10:36+00:00,decode,5,112065,0.15,344.11,,0,,,
ap-i1jDXiUmYYzX3k11Tpww83,2026-10-01T00:10:37+00:00,decode,3,70672,0.09,320.96,,0,,,
ap-i1jDXiUmYYzX3k11Tpww83,2026-10-01T00:10:37+00:00,decode,3,70792,0.09,236.43,,0,,,
ap-i1jDXiUmYYzX3k11Tpww83,2026-10-01T00:10:38+00:00,decode,3,70912,0.1,236.41,,0,,,
ap-i1jDXiUmYYzX3k11Tpww83,2026-10-01T00:10:38+00:00,prefill,3,,0.12,,270.51,0,1,521,20800
ap-i1jDXiUmYYzX3k11Tpww83,2026-10-01T00:10:38+00:00,prefill,4,,0.15,,3108.05,0,1,160,19328
ap-i1jDXiUmYYzX3k11Tpww83,2026-10-01T00:10:38+00:00,decode,5,110536,0.15,289.8,,0,,,
ap-i1jDXiUmYYzX3k11Tpww83,2026-10-01T00:10:39+00:00,decode,3,71152,0.1,281.86,,0,,,
ap-i1jDXiUmYYzX3k11Tpww83,2026-10-01T00:10:39+00:00,prefill,3,,0.12,,411.2,0,1,426,18944
ap-i1jDXiUmYYzX3k11Tpww83,2026-10-01T00:10:39+00:00,prefill,4,,0.14,,490.36,0,1,231,17920
ap-i1jDXiUmYYzX3k11Tpww83,2026-10-01T00:10:40+00:00,decode,5,107464,0.14,268.91,,0,,,
ap-i1jDXiUmYYzX3k11Tpww83,2026-10-01T00:10:40+00:00,decode,5,107664,0.14,364.6,,0,,,
ap-i1jDXiUmYYzX3k11Tpww83,2026-10-01T00:10:41+00:00,decode,4,89061,0.12,308.21,,0,,,
ap-i1jDXiUmYYzX3k11Tpww83,2026-10-01T00:10:41+00:00,decode,3,62409,0.08,264.42,,0,,,
ap-i1jDXiUmYYzX3k11Tpww83,2026-10-01T00:10:42+00:00,decode,3,62529,0.08,238.75,,0,,,
ap-i1jDXiUmYYzX3k11Tpww83,2026-10-01T00:10:42+00:00,prefill,3,,0.11,,174.06,0,1,410,21312
ap-i1jDXiUmYYzX3k11Tpww83,2026-10-01T00:10:42+00:00,prefill,4,,0.14,,5472.32,0,1,944,19456
ap-i1jDXiUmYYzX3k11Tpww83,2026-10-01T00:10:42+00:00,decode,5,103451,0.14,255.78,,0,,,
ap-i1jDXiUmYYzX3k11Tpww83,2026-10-01T00:10:43+00:00,prefill,4,,0.15,,482.34,0,1,425,27392
ap-i1jDXiUmYYzX3k11Tpww83,2026-10-01T00:10:43+00:00,decode,5,109676,0.15,302.67,,0,,,
ap-i1jDXiUmYYzX3k11Tpww83,2026-10-01T00:10:43+00:00,decode,5,109876,0.15,363.57,,0,,,
ap-i1jDXiUmYYzX3k11Tpww83,2026-10-01T00:10:44+00:00,prefill,5,,0.17,,563.84,0,1,586,19328
ap-i1jDXiUmYYzX3k11Tpww83,2026-10-01T00:10:44+00:00,decode,6,129314,0.17,339.6,,0,,,
ap-i1jDXiUmYYzX3k11Tpww83,2026-10-01T00:10:45+00:00,decode,6,129554,0.17,420.46,,0,,,
ap-i1jDXiUmYYzX3k11Tpww83,2026-10-01T00:10:45+00:00,decode,5,110476,0.15,421.1,,0,,,
ap-i1jDXiUmYYzX3k11Tpww83,2026-10-01T00:10:46+00:00,decode,3,59886,0.08,328.86,,0,,,
ap-i1jDXiUmYYzX3k11Tpww83,2026-10-01T00:10:46+00:00,decode,2,32636,0.04,180.92,,0,,,
ap-i1jDXiUmYYzX3k11Tpww83,2026-10-01T00:10:46+00:00,prefill,2,,0.07,,132.4,0,1,338,21760
ap-i1jDXiUmYYzX3k11Tpww83,2026-10-01T00:10:47+00:00,decode,3,54149,0.07,191.88,,0,,,
ap-i1jDXiUmYYzX3k11Tpww83,2026-10-01T00:10:47+00:00,decode,2,32796,0.04,212.42,,0,,,
ap-i1jDXiUmYYzX3k11Tpww83,2026-10-01T00:10:48+00:00,decode,2,32876,0.04,169.92,,0,,,
ap-i1jDXiUmYYzX3k11Tpww83,2026-10-01T00:10:48+00:00,prefill,2,,0.07,,406.07,0,1,524,19968
ap-i1jDXiUmYYzX3k11Tpww83,2026-10-01T00:10:48+00:00,prefill,3,,0.11,,4138.37,0,1,832,27904
ap-i1jDXiUmYYzX3k11Tpww83,2026-10-01T00:10:48+00:00,decode,4,80879,0.11,224.43,,0,,,
ap-i1jDXiUmYYzX3k11Tpww83,2026-10-01T00:10:49+00:00,decode,3,33036,0.04,261.73,,0,,,
ap-i1jDXiUmYYzX3k11Tpww83,2026-10-01T00:10:49+00:00,prefill,2,,0.09,,2158.24,0,1,2771,32192
ap-i1jDXiUmYYzX3k11Tpww83,2026-10-01T00:10:49+00:00,prefill,3,,0.12,,4441.74,0,1,814,18432
ap-i1jDXiUmYYzX3k11Tpww83,2026-10-01T00:10:50+00:00,decode,4,86001,0.12,154.78,,0,,,
ap-i1jDXiUmYYzX3k11Tpww83,2026-10-01T00:10:50+00:00,decode,4,86161,0.12,306.37,,0,,,
ap-i1jDXiUmYYzX3k11Tpww83,2026-10-01T00:10:51+00:00,prefill,4,,0.15,,372.08,0,1,493,22080
ap-i1jDXiUmYYzX3k11Tpww83,2026-10-01T00:10:51+00:00,decode,5,108213,0.15,282.93,,0,,,
ap-i1jDXiUmYYzX3k11Tpww83,2026-10-01T00:10:51+00:00,prefill,5,,0.17,,5036.72,0,1,879,20480
ap-i1jDXiUmYYzX3k11Tpww83,2026-10-01T00:10:51+00:00,prefill,5,,0.18,,464.14,0,1,269,28736
ap-i1jDXiUmYYzX3k11Tpww83,2026-10-01T00:10:51+00:00,decode,6,135511,0.18,338.69,,0,,,
ap-i1jDXiUmYYzX3k11Tpww83,2026-10-01T00:10:52+00:00,decode,5,114999,0.15,390.82,,0,,,
ap-i1jDXiUmYYzX3k11Tpww83,2026-10-01T00:10:53+00:00,decode,4,86801,0.12,318.27,,0,,,
ap-i1jDXiUmYYzX3k11Tpww83,2026-10-01T00:10:53+00:00,decode,2,31919,0.04,272.83,,0,,,
ap-i1jDXiUmYYzX3k11Tpww83,2026-10-01T00:10:54+00:00,prefill,2,,0.07,,277.26,0,1,581,23296
ap-i1jDXiUmYYzX3k11Tpww83,2026-10-01T00:10:54+00:00,decode,3,78012,0.1,148.11,,0,,,
ap-i1jDXiUmYYzX3k11Tpww83,2026-10-01T00:10:54+00:00,prefill,3,,0.1,,6041.12,0,1,979,22528
ap-i1jDXiUmYYzX3k11Tpww83,2026-10-01T00:10:54+00:00,decode,4,78176,0.1,275.39,,0,,,
ap-i1jDXiUmYYzX3k11Tpww83,2026-10-01T00:10:55+00:00,prefill,3,,0.1,,661.2,0,1,502,20352
ap-i1jDXiUmYYzX3k11Tpww83,2026-10-01T00:10:55+00:00,decode,4,75628,0.1,259.98,,0,,,
ap-i1jDXiUmYYzX3k11Tpww83,2026-10-01T00:10:55+00:00,prefill,4,,0.14,,768.07,0,1,291,28992
ap-i1jDXiUmYYzX3k11Tpww83,2026-10-01T00:10:55+00:00,prefill,5,,0.17,,3065.5,0,1,528,21312
ap-i1jDXiUmYYzX3k11Tpww83,2026-10-01T00:10:55+00:00,decode,5,105374,0.14,330.2,,0,,,
ap-i1jDXiUmYYzX3k11Tpww83,2026-10-01T00:10:56+00:00,decode,3,90234,0.12,293.86,,0,,,
ap-i1jDXiUmYYzX3k11Tpww83,2026-10-01T00:10:56+00:00,prefill,3,,0.12,,306.57,0,1,307,34944
ap-i1jDXiUmYYzX3k11Tpww83,2026-10-01T00:10:57+00:00,decode,4,90398,0.12,296.71,,0,,,
ap-i1jDXiUmYYzX3k11Tpww83,2026-10-01T00:10:57+00:00,decode,4,90558,0.12,304.3,,0,,,
ap-i1jDXiUmYYzX3k11Tpww83,2026-10-01T00:10:58+00:00,prefill,4,,0.13,,517.93,0,1,753,23488
ap-i1jDXiUmYYzX3k11Tpww83,2026-10-01T00:10:58+00:00,decode,4,95148,0.13,266.36,,0,,,
ap-i1jDXiUmYYzX3k11Tpww83,2026-10-01T00:10:58+00:00,decode,2,36975,0.05,245.81,,0,,,
ap-i1jDXiUmYYzX3k11Tpww83,2026-10-01T00:10:59+00:00,decode,2,37055,0.05,168.58,,0,,,
ap-i1jDXiUmYYzX3k11Tpww83,2026-10-01T00:10:59+00:00,prefill,2,,0.09,,435.32,0,1,600,29248
ap-i1jDXiUmYYzX3k11Tpww83,2026-10-01T00:10:59+00:00,prefill,3,,0.12,,6346.34,0,1,688,20800
ap-i1jDXiUmYYzX3k11Tpww83,2026-10-01T00:10:59+00:00,prefill,4,,0.15,,1759.14,0,1,622,21824
ap-i1jDXiUmYYzX3k11Tpww83,2026-10-01T00:10:59+00:00,decode,5,108916,0.15,193.61,,0,,,
ap-i1jDXiUmYYzX3k11Tpww83,2026-10-01T00:11:00+00:00,decode,5,109116,0.15,364.15,,0,,,
ap-i1jDXiUmYYzX3k11Tpww83,2026-10-01T00:11:00+00:00,decode,3,63796,0.09,313.65,,0,,,
ap-i1jDXiUmYYzX3k11Tpww83,2026-10-01T00:11:01+00:00,decode,3,63916,0.09,238.79,,0,,,
ap-i1jDXiUmYYzX3k11Tpww83,2026-10-01T00:11:01+00:00,prefill,3,,0.13,,197.6,0,1,416,35200
ap-i1jDXiUmYYzX3k11Tpww83,2026-10-01T00:11:02+00:00,prefill,4,,0.16,,3344.97,0,1,387,24192
ap-i1jDXiUmYYzX3k11Tpww83,2026-10-01T00:11:02+00:00,decode,5,122866,0.16,210.58,,0,,,
ap-i1jDXiUmYYzX3k11Tpww83,2026-10-01T00:11:02+00:00,prefill,5,,0.15,,5478.64,0,1,852,19712
ap-i1jDXiUmYYzX3k11Tpww83,2026-10-01T00:11:02+00:00,decode,5,89655,0.12,312.98,,0,,,
ap-i1jDXiUmYYzX3k11Tpww83,2026-10-01T00:11:03+00:00,prefill,4,,0.15,,505.04,0,1,516,22400
ap-i1jDXiUmYYzX3k11Tpww83,2026-10-01T00:11:03+00:00,decode,5,112051,0.15,279.77,,0,,,
ap-i1jDXiUmYYzX3k11Tpww83,2026-10-01T00:11:03+00:00,decode,5,112251,0.15,363.0,,0,,,
ap-i1jDXiUmYYzX3k11Tpww83,2026-10-01T00:11:04+00:00,decode,4,90135,0.12,329.84,,0,,,
ap-i1jDXiUmYYzX3k11Tpww83,2026-10-01T00:11:04+00:00,prefill,4,,0.16,,268.32,0,1,358,29952
ap-i1jDXiUmYYzX3k11Tpww83,2026-10-01T00:11:05+00:00,decode,5,119948,0.16,320.89,,0,,,
ap-i1jDXiUmYYzX3k11Tpww83,2026-10-01T00:11:05+00:00,decode,5,120148,0.16,358.92,,0,,,
ap-i1jDXiUmYYzX3k11Tpww83,2026-10-01T00:11:06+00:00,prefill,5,,0.19,,232.26,0,1,363,24576
ap-i1jDXiUmYYzX3k11Tpww83,2026-10-01T00:11:06+00:00,decode,6,144603,0.19,335.62,,0,,,
ap-i1jDXiUmYYzX3k11Tpww83,2026-10-01T00:11:06+00:00,decode,6,120548,0.16,414.09,,0,,,
ap-i1jDXiUmYYzX3k11Tpww83,2026-10-01T00:11:07+00:00,decode,5,143610,0.19,337.07,,0,,,
ap-i1jDXiUmYYzX3k11Tpww83,2026-10-01T00:11:07+00:00,prefill,5,,0.19,,518.66,0,1,642,22912
ap-i1jDXiUmYYzX3k11Tpww83,2026-10-01T00:11:07+00:00,decode,6,143856,0.19,389.61,,0,,,
ap-i1jDXiUmYYzX3k11Tpww83,2026-10-01T00:11:08+00:00,decode,6,144096,0.19,414.64,,0,,,
ap-i1jDXiUmYYzX3k11Tpww83,2026-10-01T00:11:09+00:00,decode,6,144336,0.19,414.21,,0,,,
ap-i1jDXiUmYYzX3k11Tpww83,2026-10-01T00:11:09+00:00,prefill,5,,0.2,,393.22,0,1,931,24896
ap-i1jDXiUmYYzX3k11Tpww83,2026-10-01T00:11:09+00:00,decode,6,149327,0.2,334.03,,0,,,
ap-i1jDXiUmYYzX3k11Tpww83,2026-10-01T00:11:10+00:00,decode,5,94370,0.13,409.99,,0,,,
ap-i1jDXiUmYYzX3k11Tpww83,2026-10-01T00:11:10+00:00,decode,2,57812,0.08,286.45,,0,,,
ap-i1jDXiUmYYzX3k11Tpww83,2026-10-01T00:11:11+00:00,prefill,2,,0.09,,163.38,0,1,206,10048
ap-i1jDXiUmYYzX3k11Tpww83,2026-10-01T00:11:11+00:00,prefill,3,,0.1,,264.92,0,1,108,10176
ap-i1jDXiUmYYzX3k11Tpww83,2026-10-01T00:11:11+00:00,decode,4,77095,0.1,204.37,,0,,,
ap-i1jDXiUmYYzX3k11Tpww83,2026-10-01T00:11:11+00:00,decode,3,67613,0.09,286.54,,0,,,
ap-i1jDXiUmYYzX3k11Tpww83,2026-10-01T00:11:12+00:00,decode,3,67733,0.09,237.35,,0,,,
ap-i1jDXiUmYYzX3k11Tpww83,2026-10-01T00:11:12+00:00,prefill,3,,0.13,,620.72,0,1,807,30464
ap-i1jDXiUmYYzX3k11Tpww83,2026-10-01T00:11:12+00:00,prefill,4,,0.16,,2735.37,0,1,773,20992
ap-i1jDXiUmYYzX3k11Tpww83,2026-10-01T00:11:13+00:00,decode,5,119558,0.16,232.4,,0,,,
ap-i1jDXiUmYYzX3k11Tpww83,2026-10-01T00:11:13+00:00,prefill,5,,0.19,,640.88,0,1,359,25856
ap-i1jDXiUmYYzX3k11Tpww83,2026-10-01T00:11:13+00:00,decode,5,114652,0.15,337.65,,0,,,
ap-i1jDXiUmYYzX3k11Tpww83,2026-10-01T00:11:13+00:00,prefill,5,,0.19,,840.37,0,1,363,23552
ap-i1jDXiUmYYzX3k11Tpww83,2026-10-01T00:11:14+00:00,decode,5,112524,0.15,354.3,,0,,,
ap-i1jDXiUmYYzX3k11Tpww83,2026-10-01T00:11:14+00:00,decode,4,89425,0.12,307.4,,0,,,
ap-i1jDXiUmYYzX3k11Tpww83,2026-10-01T00:11:15+00:00,decode,4,89585,0.12,304.73,,0,,,
ap-i1jDXiUmYYzX3k11Tpww83,2026-10-01T00:11:15+00:00,decode,4,89745,0.12,304.59,,0,,,
ap-i1jDXiUmYYzX3k11Tpww83,2026-10-01T00:11:16+00:00,prefill,4,,0.16,,237.72,0,1,583,31232
ap-i1jDXiUmYYzX3k11Tpww83,2026-10-01T00:11:16+00:00,prefill,5,,0.19,,5496.98,0,1,861,23872
ap-i1jDXiUmYYzX3k11Tpww83,2026-10-01T00:11:16+00:00,decode,6,145096,0.19,254.05,,0,,,
ap-i1jDXiUmYYzX3k11Tpww83,2026-10-01T00:11:17+00:00,prefill,5,,0.2,,1236.68,0,1,853,26176
ap-i1jDXiUmYYzX3k11Tpww83,2026-10-01T00:11:17+00:00,decode,6,149655,0.2,336.1,,0,,,
ap-i1jDXiUmYYzX3k11Tpww83,2026-10-01T00:11:17+00:00,decode,5,123508,0.17,408.42,,0,,,
ap-i1jDXiUmYYzX3k11Tpww83,2026-10-01T00:11:17+00:00,prefill,5,,0.2,,449.57,0,1,314,24320
ap-i1jDXiUmYYzX3k11Tpww83,2026-10-01T00:11:18+00:00,decode,6,147695,0.2,382.38,,0,,,
ap-i1jDXiUmYYzX3k11Tpww83,2026-10-01T00:11:19+00:00,decode,4,92424,0.12,364.2,,0,,,
ap-i1jDXiUmYYzX3k11Tpww83,2026-10-01T00:11:19+00:00,decode,4,92584,0.12,303.48,,0,,,
ap-i1jDXiUmYYzX3k11Tpww83,2026-10-01T00:11:20+00:00,prefill,3,,0.12,,298.99,0,1,627,21440
ap-i1jDXiUmYYzX3k11Tpww83,2026-10-01T00:11:20+00:00,decode,4,90029,0.12,262.84,,0,,,
ap-i1jDXiUmYYzX3k11Tpww83,2026-10-01T00:11:20+00:00,decode,3,68577,0.09,245.26,,0,,,
ap-i1jDXiUmYYzX3k11Tpww83,2026-10-01T00:11:20+00:00,prefill,2,,0.1,,1082.34,0,1,940,27008
ap-i1jDXiUmYYzX3k11Tpww83,2026-10-01T00:11:21+00:00,prefill,3,,0.14,,2911.48,0,1,357,31808
ap-i1jDXiUmYYzX3k11Tpww83,2026-10-01T00:11:21+00:00,decode,3,69765,0.09,200.2,,0,,,
ap-i1jDXiUmYYzX3k11Tpww83,2026-10-01T00:11:21+00:00,decode,2,42552,0.06,186.87,,0,,,
ap-i1jDXiUmYYzX3k11Tpww83,2026-10-01T00:11:22+00:00,prefill,2,,0.09,,196.23,0,1,253,24704
ap-i1jDXiUmYYzX3k11Tpww83,2026-10-01T00:11:22+00:00,decode,3,66907,0.09,162.16,,0,,,
ap-i1jDXiUmYYzX3k11Tpww83,2026-10-01T00:11:22+00:00,prefill,3,,0.12,,4884.7,0,1,897,22016
ap-i1jDXiUmYYzX3k11Tpww83,2026-10-01T00:11:23+00:00,decode,4,89291,0.12,252.96,,0,,,
ap-i1jDXiUmYYzX3k11Tpww83,2026-10-01T00:11:23+00:00,decode,2,42792,0.06,244.01,,0,,,
ap-i1jDXiUmYYzX3k11Tpww83,2026-10-01T00:11:23+00:00,prefill,2,,0.09,,756.4,0,1,1040,22016
ap-i1jDXiUmYYzX3k11Tpww83,2026-10-01T00:11:24+00:00,decode,3,65257,0.09,161.65,,0,,,
ap-i1jDXiUmYYzX3k11Tpww83,2026-10-01T00:11:24+00:00,decode,3,65377,0.09,237.97,,0,,,
ap-i1jDXiUmYYzX3k11Tpww83,2026-10-01T00:11:24+00:00,prefill,3,,0.14,,769.42,0,1,622,36864
ap-i1jDXiUmYYzX3k11Tpww83,2026-10-01T00:11:25+00:00,prefill,3,,0.13,,1634.72,0,1,487,27904
ap-i1jDXiUmYYzX3k11Tpww83,2026-10-01T00:11:25+00:00,decode,4,98278,0.13,231.37,,0,,,
ap-i1jDXiUmYYzX3k11Tpww83,2026-10-01T00:11:25+00:00,prefill,4,,0.16,,329.48,0,1,171,22912
ap-i1jDXiUmYYzX3k11Tpww83,2026-10-01T00:11:25+00:00,decode,4,93094,0.12,289.35,,0,,,
ap-i1jDXiUmYYzX3k11Tpww83,2026-10-01T00:11:26+00:00,decode,2,33875,0.05,245.62,,0,,,
ap-i1jDXiUmYYzX3k11Tpww83,2026-10-01T00:11:26+00:00,prefill,2,,0.08,,269.45,0,1,319,24896
ap-i1jDXiUmYYzX3k11Tpww83,2026-10-01T00:11:26+00:00,decode,3,58498,0.08,179.32,,0,,,
ap-i1jDXiUmYYzX3k11Tpww83,2026-10-01T00:11:27+00:00,decode,3,58618,0.08,240.73,,0,,,
ap-i1jDXiUmYYzX3k11Tpww83,2026-10-01T00:11:27+00:00,prefill,2,,0.09,,451.42,0,1,527,32256
ap-i1jDXiUmYYzX3k11Tpww83,2026-10-01T00:11:27+00:00,prefill,3,,0.12,,2376.11,0,1,214,23040
ap-i1jDXiUmYYzX3k11Tpww83,2026-10-01T00:11:28+00:00,decode,4,90742,0.12,167.61,,0,,,
ap-i1jDXiUmYYzX3k11Tpww83,2026-10-01T00:11:28+00:00,prefill,4,,0.16,,3780.8,0,1,785,28416
ap-i1jDXiUmYYzX3k11Tpww83,2026-10-01T00:11:28+00:00,decode,5,94786,0.13,299.73,,0,,,
ap-i1jDXiUmYYzX3k11Tpww83,2026-10-01T00:11:29+00:00,prefill,1,,0.07,,424.41,0,1,408,37440
ap-i1jDXiUmYYzX3k11Tpww83,2026-10-01T00:11:29+00:00,decode,2,48693,0.07,190.07,,0,,,
ap-i1jDXiUmYYzX3k11Tpww83,2026-10-01T00:11:29+00:00,decode,1,37892,0.05,102.55,,0,,,
ap-i1jDXiUmYYzX3k11Tpww83,2026-10-01T00:11:31+00:00,prefill,0,,0.03,,211.48,0,1,398,23296
ap-i1jDXiUmYYzX3k11Tpww83,2026-10-01T00:11:31+00:00,prefill,1,,0.07,,2014.75,0,1,459,29184
ap-i1jDXiUmYYzX3k11Tpww83,2026-10-01T00:11:31+00:00,decode,2,52690,0.07,30.02,,0,,,
ap-i1jDXiUmYYzX3k11Tpww83,2026-10-01T00:11:31+00:00,decode,1,23761,0.03,144.64,,0,,,
ap-i1jDXiUmYYzX3k11Tpww83,2026-10-01T00:11:31+00:00,prefill,1,,0.06,,297.11,0,1,209,23296
ap-i1jDXiUmYYzX3k11Tpww83,2026-10-01T00:11:32+00:00,prefill,2,,0.1,,2882.7,0,1,476,25152
ap-i1jDXiUmYYzX3k11Tpww83,2026-10-01T00:11:32+00:00,prefill,3,,0.14,,4153.26,0,1,927,32768
ap-i1jDXiUmYYzX3k11Tpww83,2026-10-01T00:11:32+00:00,decode,4,104653,0.14,173.05,,0,,,
ap-i1jDXiUmYYzX3k11Tpww83,2026-10-01T00:11:32+00:00,prefill,4,,0.16,,333.62,0,1,108,11520
ap-i1jDXiUmYYzX3k11Tpww83,2026-10-01T00:11:32+00:00,prefill,4,,0.14,,1144.36,0,1,330,37888
ap-i1jDXiUmYYzX3k11Tpww83,2026-10-01T00:11:33+00:00,decode,4,105436,0.14,265.84,,0,,,
ap-i1jDXiUmYYzX3k11Tpww83,2026-10-01T00:11:33+00:00,decode,3,72490,0.1,256.47,,0,,,
ap-i1jDXiUmYYzX3k11Tpww83,2026-10-01T00:11:33+00:00,prefill,3,,0.14,,844.53,0,1,746,29632
ap-i1jDXiUmYYzX3k11Tpww83,2026-10-01T00:11:34+00:00,prefill,4,,0.17,,471.39,0,1,251,23552
ap-i1jDXiUmYYzX3k11Tpww83,2026-10-01T00:11:34+00:00,decode,5,125460,0.17,247.63,,0,,,
ap-i1jDXiUmYYzX3k11Tpww83,2026-10-01T00:11:34+00:00,decode,4,95889,0.13,306.04,,0,,,
ap-i1jDXiUmYYzX3k11Tpww83,2026-10-01T00:11:35+00:00,decode,3,72850,0.1,269.39,,0,,,
ap-i1jDXiUmYYzX3k11Tpww83,2026-10-01T00:11:35+00:00,decode,3,72970,0.1,235.18,,0,,,
ap-i1jDXiUmYYzX3k11Tpww83,2026-10-01T00:11:36+00:00,prefill,3,,0.14,,233.87,0,1,429,33664
ap-i1jDXiUmYYzX3k11Tpww83,2026-10-01T00:11:36+00:00,prefill,4,,0.18,,2651.18,0,1,949,25216
ap-i1jDXiUmYYzX3k11Tpww83,2026-10-01T00:11:36+00:00,decode,5,132005,0.18,219.72,,0,,,
ap-i1jDXiUmYYzX3k11Tpww83,2026-10-01T00:11:36+00:00,prefill,5,,0.22,,2854.72,0,1,503,30336
ap-i1jDXiUmYYzX3k11Tpww83,2026-10-01T00:11:37+00:00,decode,5,136871,0.18,356.41,,0,,,
ap-i1jDXiUmYYzX3k11Tpww83,2026-10-01T00:11:37+00:00,prefill,4,,0.17,,227.13,0,1,179,23808
ap-i1jDXiUmYYzX3k11Tpww83,2026-10-01T00:11:37+00:00,decode,5,130167,0.17,319.4,,0,,,
ap-i1jDXiUmYYzX3k11Tpww83,2026-10-01T00:11:38+00:00,decode,5,130367,0.17,354.49,,0,,,
ap-i1jDXiUmYYzX3k11Tpww83,2026-10-01T00:11:39+00:00,decode,4,107160,0.14,306.34,,0,,,
ap-i1jDXiUmYYzX3k11Tpww83,2026-10-01T00:11:39+00:00,decode,4,107320,0.14,297.37,,0,,,
ap-i1jDXiUmYYzX3k11Tpww83,2026-10-01T00:11:40+00:00,decode,3,73810,0.1,247.79,,0,,,
ap-i1jDXiUmYYzX3k11Tpww83,2026-10-01T00:11:40+00:00,prefill,3,,0.14,,159.44,0,1,474,30784
ap-i1jDXiUmYYzX3k11Tpww83,2026-10-01T00:11:40+00:00,decode,4,104512,0.14,224.45,,0,,,
ap-i1jDXiUmYYzX3k11Tpww83,2026-10-01T00:11:40+00:00,prefill,4,,0.18,,2455.29,0,1,974,26112
ap-i1jDXiUmYYzX3k11Tpww83,2026-10-01T00:11:41+00:00,prefill,5,,0.21,,2694.28,0,1,253,23936
ap-i1jDXiUmYYzX3k11Tpww83,2026-10-01T00:11:41+00:00,decode,5,124005,0.17,289.84,,0,,,
ap-i1jDXiUmYYzX3k11Tpww83,2026-10-01T00:11:41+00:00,decode,4,97737,0.13,349.89,,0,,,
ap-i1jDXiUmYYzX3k11Tpww83,2026-10-01T00:11:42+00:00,prefill,3,,0.15,,240.6,0,1,334,34304
ap-i1jDXiUmYYzX3k11Tpww83,2026-10-01T00:11:42+00:00,decode,4,108246,0.15,233.53,,0,,,
ap-i1jDXiUmYYzX3k11Tpww83,2026-10-01T00:11:43+00:00,decode,4,108406,0.15,296.83,,0,,,
ap-i1jDXiUmYYzX3k11Tpww83,2026-10-01T00:11:43+00:00,prefill,4,,0.18,,355.93,0,1,351,24128
ap-i1jDXiUmYYzX3k11Tpww83,2026-10-01T00:11:43+00:00,decode,5,132375,0.18,296.75,,0,,,
ap-i1jDXiUmYYzX3k11Tpww83,2026-10-01T00:11:44+00:00,decode,4,108726,0.15,340.65,,0,,,
ap-i1jDXiUmYYzX3k11Tpww83,2026-10-01T00:11:44+00:00,prefill,3,,0.14,,391.16,0,1,492,31232
ap-i1jDXiUmYYzX3k11Tpww83,2026-10-01T00:11:44+00:00,decode,4,105817,0.14,243.86,,0,,,
ap-i1jDXiUmYYzX3k11Tpww83,2026-10-01T00:11:45+00:00,decode,3,74890,0.1,287.03,,0,,,
ap-i1jDXiUmYYzX3k11Tpww83,2026-10-01T00:11:45+00:00,prefill,3,,0.14,,450.96,0,1,398,27136
ap-i1jDXiUmYYzX3k11Tpww83,2026-10-01T00:11:45+00:00,decode,4,101884,0.14,252.94,,0,,,
ap-i1jDXiUmYYzX3k11Tpww83,2026-10-01T00:11:46+00:00,prefill,4,,0.15,,821.46,0,1,460,34624
ap-i1jDXiUmYYzX3k11Tpww83,2026-10-01T00:11:46+00:00,decode,4,109555,0.15,265.36,,0,,,
ap-i1jDXiUmYYzX3k11Tpww83,2026-10-01T00:11:46+00:00,prefill,4,,0.18,,374.67,0,1,206,24448
ap-i1jDXiUmYYzX3k11Tpww83,2026-10-01T00:11:47+00:00,decode,5,133714,0.18,319.5,,0,,,
ap-i1jDXiUmYYzX3k11Tpww83,2026-10-01T00:11:47+00:00,decode,3,75370,0.1,317.11,,0,,,
ap-i1jDXiUmYYzX3k11Tpww83,2026-10-01T00:11:48+00:00,decode,2,36899,0.05,192.73,,0,,,
ap-i1jDXiUmYYzX3k11Tpww83,2026-10-01T00:11:48+00:00,prefill,2,,0.09,,382.34,0,1,628,31744
ap-i1jDXiUmYYzX3k11Tpww83,2026-10-01T00:11:48+00:00,decode,3,68697,0.09,195.65,,0,,,
ap-i1jDXiUmYYzX3k11Tpww83,2026-10-01T00:11:49+00:00,decode,2,37059,0.05,186.36,,0,,,
ap-i1jDXiUmYYzX3k11Tpww83,2026-10-01T00:11:49+00:00,prefill,1,,0.05,,296.63,0,1,371,27520
ap-i1jDXiUmYYzX3k11Tpww83,2026-10-01T00:11:49+00:00,decode,2,40045,0.05,125.47,,0,,,
ap-i1jDXiUmYYzX3k11Tpww83,2026-10-01T00:11:49+00:00,prefill,2,,0.09,,831.15,0,1,272,24640
ap-i1jDXiUmYYzX3k11Tpww83,2026-10-01T00:11:50+00:00,prefill,3,,0.1,,1348.65,0,1,369,35072
ap-i1jDXiUmYYzX3k11Tpww83,2026-10-01T00:11:50+00:00,decode,3,71886,0.1,186.3,,0,,,
ap-i1jDXiUmYYzX3k11Tpww83,2026-10-01T00:11:50+00:00,decode,2,35493,0.05,207.46,,0,,,
ap-i1jDXiUmYYzX3k11Tpww83,2026-10-01T00:11:51+00:00,prefill,1,,0.1,,1430.99,0,1,1525,39168
ap-i1jDXiUmYYzX3k11Tpww83,2026-10-01T00:11:51+00:00,prefill,2,,0.12,,3973.21,0,1,1256,11584
ap-i1jDXiUmYYzX3k11Tpww83,2026-10-01T00:11:51+00:00,decode,3,87709,0.12,79.42,,0,,,
ap-i1jDXiUmYYzX3k11Tpww83,2026-10-01T00:11:51+00:00,prefill,3,,0.16,,1205.86,0,1,528,32320
ap-i1jDXiUmYYzX3k11Tpww83,2026-10-01T00:11:52+00:00,prefill,4,,0.19,,2919.28,0,1,488,24576
ap-i1jDXiUmYYzX3k11Tpww83,2026-10-01T00:11:52+00:00,decode,5,144387,0.19,208.29,,0,,,
ap-i1jDXiUmYYzX3k11Tpww83,2026-10-01T00:11:52+00:00,prefill,5,,0.23,,1159.39,0,1,455,27904
ap-i1jDXiUmYYzX3k11Tpww83,2026-10-01T00:11:52+00:00,prefill,6,,0.26,,3734.71,0,1,830,24832
ap-i1jDXiUmYYzX3k11Tpww83,2026-10-01T00:11:52+00:00,decode,6,165054,0.22,303.71,,0,,,
ap-i1jDXiUmYYzX3k11Tpww83,2026-10-01T00:11:53+00:00,prefill,6,,0.25,,1269.71,0,1,492,24896
ap-i1jDXiUmYYzX3k11Tpww83,2026-10-01T00:11:53+00:00,decode,7,190027,0.25,403.23,,0,,,
ap-i1jDXiUmYYzX3k11Tpww83,2026-10-01T00:11:54+00:00,decode,5,138029,0.19,423.31,,0,,,
ap-i1jDXiUmYYzX3k11Tpww83,2026-10-01T00:11:54+00:00,decode,3,73193,0.1,301.31,,0,,,
ap-i1jDXiUmYYzX3k11Tpww83,2026-10-01T00:11:55+00:00,prefill,3,,0.14,,255.73,0,1,495,32832
ap-i1jDXiUmYYzX3k11Tpww83,2026-10-01T00:11:55+00:00,decode,3,70891,0.1,232.5,,0,,,
ap-i1jDXiUmYYzX3k11Tpww83,2026-10-01T00:11:55+00:00,decode,2,38309,0.05,204.97,,0,,,
ap-i1jDXiUmYYzX3k11Tpww83,2026-10-01T00:11:56+00:00,decode,2,38389,0.05,168.26,,0,,,
ap-i1jDXiUmYYzX3k11Tpww83,2026-10-01T00:11:56+00:00,decode,2,38469,0.05,168.21,,0,,,
ap-i1jDXiUmYYzX3k11Tpww83,2026-10-01T00:11:57+00:00,decode,2,38549,0.05,168.24,,0,,,
ap-i1jDXiUmYYzX3k11Tpww83,2026-10-01T00:11:57+00:00,decode,2,38629,0.05,168.25,,0,,,
ap-i1jDXiUmYYzX3k11Tpww83,2026-10-01T00:11:58+00:00,decode,2,79270,0.11,156.38,,0,,,
ap-i1jDXiUmYYzX3k11Tpww83,2026-10-01T00:11:58+00:00,prefill,2,,0.11,,169.84,0,1,548,40704
ap-i1jDXiUmYYzX3k11Tpww83,2026-10-01T00:11:58+00:00,prefill,3,,0.15,,3008.56,0,1,463,33280
ap-i1jDXiUmYYzX3k11Tpww83,2026-10-01T00:11:58+00:00,prefill,4,,0.2,,3565.33,0,1,821,35584
ap-i1jDXiUmYYzX3k11Tpww83,2026-10-01T00:11:58+00:00,prefill,5,,0.23,,6968.21,0,1,808,25344
ap-i1jDXiUmYYzX3k11Tpww83,2026-10-01T00:11:58+00:00,prefill,6,,0.27,,3011.19,0,1,375,28416
ap-i1jDXiUmYYzX3k11Tpww83,2026-10-01T00:11:59+00:00,decode,7,201831,0.27,233.01,,0,,,
ap-i1jDXiUmYYzX3k11Tpww83,2026-10-01T00:11:59+00:00,decode,5,140820,0.19,388.02,,0,,,
ap-i1jDXiUmYYzX3k11Tpww83,2026-10-01T00:12:00+00:00,decode,5,141020,0.19,348.89,,0,,,
ap-i1jDXiUmYYzX3k11Tpww83,2026-10-01T00:12:00+00:00,decode,4,115613,0.16,317.92,,0,,,
ap-i1jDXiUmYYzX3k11Tpww83,2026-10-01T00:12:01+00:00,decode,4,115773,0.16,293.85,,0,,,
ap-i1jDXiUmYYzX3k11Tpww83,2026-10-01T00:12:01+00:00,decode,3,90306,0.12,257.37,,0,,,
ap-i1jDXiUmYYzX3k11Tpww83,2026-10-01T00:12:02+00:00,decode,2,49582,0.07,227.8,,0,,,
ap-i1jDXiUmYYzX3k11Tpww83,2026-10-01T00:12:02+00:00,decode,2,49662,0.07,165.28,,0,,,
ap-i1jDXiUmYYzX3k11Tpww83,2026-10-01T00:12:03+00:00,prefill,2,,0.11,,257.34,0,1,1086,28736
ap-i1jDXiUmYYzX3k11Tpww83,2026-10-01T00:12:03+00:00,prefill,2,,0.1,,1573.07,0,1,498,33728
ap-i1jDXiUmYYzX3k11Tpww83,2026-10-01T00:12:03+00:00,prefill,3,,0.14,,4843.84,0,1,636,26112
ap-i1jDXiUmYYzX3k11Tpww83,2026-10-01T00:12:03+00:00,decode,4,102483,0.14,156.22,,0,,,
ap-i1jDXiUmYYzX3k11Tpww83,2026-10-01T00:12:04+00:00,decode,1,13722,0.02,240.49,,0,,,
ap-i1jDXiUmYYzX3k11Tpww83,2026-10-01T00:12:04+00:00,decode,1,13762,0.02,85.42,,0,,,
ap-i1jDXiUmYYzX3k11Tpww83,2026-10-01T00:12:05+00:00,decode,1,13802,0.02,85.44,,0,,,
ap-i1jDXiUmYYzX3k11Tpww83,2026-10-01T00:12:05+00:00,prefill,1,,0.05,,593.9,0,1,1029,26112
ap-i1jDXiUmYYzX3k11Tpww83,2026-10-01T00:12:05+00:00,decode,2,40333,0.05,131.83,,0,,,
ap-i1jDXiUmYYzX3k11Tpww83,2026-10-01T00:12:05+00:00,prefill,2,,0.11,,933.33,0,1,648,41472
ap-i1jDXiUmYYzX3k11Tpww83,2026-10-01T00:12:06+00:00,prefill,3,,0.16,,2436.42,0,1,444,36608
ap-i1jDXiUmYYzX3k11Tpww83,2026-10-01T00:12:06+00:00,prefill,3,,0.16,,1809.12,0,1,502,29760
ap-i1jDXiUmYYzX3k11Tpww83,2026-10-01T00:12:06+00:00,decode,4,121301,0.16,163.7,,0,,,
ap-i1jDXiUmYYzX3k11Tpww83,2026-10-01T00:12:06+00:00,prefill,4,,0.2,,1936.92,0,1,487,26688
ap-i1jDXiUmYYzX3k11Tpww83,2026-10-01T00:12:07+00:00,prefill,5,,0.24,,837.91,0,1,367,34176
ap-i1jDXiUmYYzX3k11Tpww83,2026-10-01T00:12:07+00:00,decode,6,181836,0.24,279.22,,0,,,
ap-i1jDXiUmYYzX3k11Tpww83,2026-10-01T00:12:07+00:00,decode,4,91963,0.12,349.56,,0,,,
ap-i1jDXiUmYYzX3k11Tpww83,2026-10-01T00:12:08+00:00,decode,3,78770,0.11,231.26,,0,,,
ap-i1jDXiUmYYzX3k11Tpww83,2026-10-01T00:12:08+00:00,decode,2,78850,0.11,160.55,,0,,,
ap-i1jDXiUmYYzX3k11Tpww83,2026-10-01T00:12:09+00:00,prefill,2,,0.07,,113.28,0,1,222,13824
ap-i1jDXiUmYYzX3k11Tpww83,2026-10-01T00:12:09+00:00,decode,2,55723,0.07,149.18,,0,,,
ap-i1jDXiUmYYzX3k11Tpww83,2026-10-01T00:12:09+00:00,decode,2,55803,0.07,163.38,,0,,,
ap-i1jDXiUmYYzX3k11Tpww83,2026-10-01T00:12:09+00:00,prefill,2,,0.11,,675.69,0,1,600,27136
ap-i1jDXiUmYYzX3k11Tpww83,2026-10-01T00:12:10+00:00,prefill,3,,0.15,,3007.42,0,1,694,27136
ap-i1jDXiUmYYzX3k11Tpww83,2026-10-01T00:12:10+00:00,decode,4,110123,0.15,192.63,,0,,,
ap-i1jDXiUmYYzX3k11Tpww83,2026-10-01T00:12:10+00:00,prefill,4,,0.19,,1020.53,0,1,527,30208
ap-i1jDXiUmYYzX3k11Tpww83,2026-10-01T00:12:10+00:00,prefill,5,,0.23,,1649.09,0,1,283,34560
ap-i1jDXiUmYYzX3k11Tpww83,2026-10-01T00:12:11+00:00,decode,4,120210,0.16,280.32,,0,,,
ap-i1jDXiUmYYzX3k11Tpww83,2026-10-01T00:12:11+00:00,decode,2,56043,0.08,230.56,,0,,,
ap-i1jDXiUmYYzX3k11Tpww83,2026-10-01T00:12:12+00:00,prefill,2,,0.13,,504.99,0,1,629,37120
ap-i1jDXiUmYYzX3k11Tpww83,2026-10-01T00:12:12+00:00,decode,3,93190,0.13,150.86,,0,,,
ap-i1jDXiUmYYzX3k11Tpww83,2026-10-01T00:12:12+00:00,decode,3,93310,0.13,228.51,,0,,,
ap-i1jDXiUmYYzX3k11Tpww83,2026-10-01T00:12:13+00:00,decode,3,93430,0.13,228.29,,0,,,
ap-i1jDXiUmYYzX3k11Tpww83,2026-10-01T00:12:13+00:00,prefill,3,,0.17,,225.0,0,1,327,34816
ap-i1jDXiUmYYzX3k11Tpww83,2026-10-01T00:12:13+00:00,prefill,4,,0.21,,4889.88,0,1,893,27776
ap-i1jDXiUmYYzX3k11Tpww83,2026-10-01T00:12:13+00:00,decode,5,156022,0.21,218.08,,0,,,
ap-i1jDXiUmYYzX3k11Tpww83,2026-10-01T00:12:14+00:00,decode,4,121706,0.16,321.16,,0,,,
ap-i1jDXiUmYYzX3k11Tpww83,2026-10-01T00:12:14+00:00,prefill,4,,0.2,,896.57,0,1,909,27712
ap-i1jDXiUmYYzX3k11Tpww83,2026-10-01T00:12:14+00:00,prefill,5,,0.24,,2909.75,0,1,346,30720
ap-i1jDXiUmYYzX3k11Tpww83,2026-10-01T00:12:15+00:00,decode,5,152156,0.2,275.57,,0,,,
ap-i1jDXiUmYYzX3k11Tpww83,2026-10-01T00:12:15+00:00,prefill,4,,0.18,,952.25,0,1,816,10240
ap-i1jDXiUmYYzX3k11Tpww83,2026-10-01T00:12:15+00:00,decode,5,132292,0.18,287.33,,0,,,
ap-i1jDXiUmYYzX3k11Tpww83,2026-10-01T00:12:16+00:00,decode,4,95145,0.13,341.89,,0,,,
ap-i1jDXiUmYYzX3k11Tpww83,2026-10-01T00:12:17+00:00,decode,4,95305,0.13,302.08,,0,,,
ap-i1jDXiUmYYzX3k11Tpww83,2026-10-01T00:12:17+00:00,prefill,4,,0.17,,155.08,0,1,257,28672
ap-i1jDXiUmYYzX3k11Tpww83,2026-10-01T00:12:17+00:00,decode,5,123719,0.17,295.18,,0,,,
ap-i1jDXiUmYYzX3k11Tpww83,2026-10-01T00:12:17+00:00,prefill,5,,0.21,,1325.32,0,1,280,35136
ap-i1jDXiUmYYzX3k11Tpww83,2026-10-01T00:12:18+00:00,decode,6,158688,0.21,378.52,,0,,,
ap-i1jDXiUmYYzX3k11Tpww83,2026-10-01T00:12:18+00:00,decode,4,95785,0.13,332.32,,0,,,
ap-i1jDXiUmYYzX3k11Tpww83,2026-10-01T00:12:18+00:00,prefill,4,,0.17,,452.04,0,1,545,31040
ap-i1jDXiUmYYzX3k11Tpww83,2026-10-01T00:12:19+00:00,prefill,5,,0.22,,2150.26,0,1,525,37696
ap-i1jDXiUmYYzX3k11Tpww83,2026-10-01T00:12:19+00:00,decode,6,164443,0.22,309.57,,0,,,
ap-i1jDXiUmYYzX3k11Tpww83,2026-10-01T00:12:20+00:00,decode,4,123045,0.17,370.1,,0,,,
ap-i1jDXiUmYYzX3k11Tpww83,2026-10-01T00:12:20+00:00,decode,4,123205,0.17,291.02,,0,,,
ap-i1jDXiUmYYzX3k11Tpww83,2026-10-01T00:12:21+00:00,decode,3,85685,0.11,276.17,,0,,,
ap-i1jDXiUmYYzX3k11Tpww83,2026-10-01T00:12:21+00:00,prefill,3,,0.15,,197.54,0,1,453,28928
ap-i1jDXiUmYYzX3k11Tpww83,2026-10-01T00:12:21+00:00,prefill,4,,0.2,,1348.67,0,1,260,35392
ap-i1jDXiUmYYzX3k11Tpww83,2026-10-01T00:12:21+00:00,decode,4,107012,0.14,245.98,,0,,,
ap-i1jDXiUmYYzX3k11Tpww83,2026-10-01T00:12:22+00:00,decode,2,43386,0.06,264.16,,0,,,
ap-i1jDXiUmYYzX3k11Tpww83,2026-10-01T00:12:22+00:00,prefill,2,,0.1,,398.49,0,1,434,31552
ap-i1jDXiUmYYzX3k11Tpww83,2026-10-01T00:12:22+00:00,decode,3,74784,0.1,176.08,,0,,,
ap-i1jDXiUmYYzX3k11Tpww83,2026-10-01T00:12:23+00:00,decode,2,43546,0.06,186.32,,0,,,
ap-i1jDXiUmYYzX3k11Tpww83,2026-10-01T00:12:23+00:00,prefill,2,,0.07,,224.96,0,1,178,11264
ap-i1jDXiUmYYzX3k11Tpww83,2026-10-01T00:12:23+00:00,prefill,3,,0.12,,1095.95,0,1,366,38208
ap-i1jDXiUmYYzX3k11Tpww83,2026-10-01T00:12:23+00:00,decode,4,92319,0.12,221.85,,0,,,
ap-i1jDXiUmYYzX3k11Tpww83,2026-10-01T00:12:24+00:00,decode,4,92479,0.12,303.52,,0,,,
ap-i1jDXiUmYYzX3k11Tpww83,2026-10-01T00:12:24+00:00,prefill,4,,0.16,,966.98,0,1,853,29440
ap-i1jDXiUmYYzX3k11Tpww83,2026-10-01T00:12:24+00:00,prefill,5,,0.22,,4781.27,0,1,1386,43008
ap-i1jDXiUmYYzX3k11Tpww83,2026-10-01T00:12:25+00:00,prefill,6,,0.27,,738.64,0,1,285,35648
ap-i1jDXiUmYYzX3k11Tpww83,2026-10-01T00:12:25+00:00,decode,7,201260,0.27,251.9,,0,,,
ap-i1jDXiUmYYzX3k11Tpww83,2026-10-01T00:12:25+00:00,prefill,7,,0.3,,715.6,0,1,333,25088
ap-i1jDXiUmYYzX3k11Tpww83,2026-10-01T00:12:26+00:00,decode,7,161320,0.22,420.63,,0,,,
ap-i1jDXiUmYYzX3k11Tpww83,2026-10-01T00:12:26+00:00,decode,5,147025,0.2,386.4,,0,,,
ap-i1jDXiUmYYzX3k11Tpww83,2026-10-01T00:12:26+00:00,prefill,5,,0.24,,385.17,0,1,393,32000
ap-i1jDXiUmYYzX3k11Tpww83,2026-10-01T00:12:27+00:00,prefill,4,,0.19,,344.51,0,1,150,15104
ap-i1jDXiUmYYzX3k11Tpww83,2026-10-01T00:12:27+00:00,decode,5,144437,0.19,279.58,,0,,,
ap-i1jDXiUmYYzX3k11Tpww83,2026-10-01T00:12:27+00:00,decode,3,87990,0.12,281.93,,0,,,
ap-i1jDXiUmYYzX3k11Tpww83,2026-10-01T00:12:28+00:00,decode,3,88110,0.12,230.33,,0,,,
ap-i1jDXiUmYYzX3k11Tpww83,2026-10-01T00:12:28+00:00,prefill,3,,0.16,,487.06,0,1,742,30272
ap-i1jDXiUmYYzX3k11Tpww83,2026-10-01T00:12:28+00:00,decode,4,118571,0.16,218.57,,0,,,
ap-i1jDXiUmYYzX3k11Tpww83,2026-10-01T00:12:29+00:00,prefill,4,,0.21,,634.92,0,1,288,35904
ap-i1jDXiUmYYzX3k11Tpww83,2026-10-01T00:12:29+00:00,decode,5,154260,0.21,299.95,,0,,,
ap-i1jDXiUmYYzX3k11Tpww83,2026-10-01T00:12:29+00:00,prefill,5,,0.26,,1459.15,0,1,738,38656
ap-i1jDXiUmYYzX3k11Tpww83,2026-10-01T00:12:30+00:00,decode,4,127210,0.17,286.37,,0,,,
ap-i1jDXiUmYYzX3k11Tpww83,2026-10-01T00:12:30+00:00,prefill,4,,0.19,,351.73,0,1,229,11520
ap-i1jDXiUmYYzX3k11Tpww83,2026-10-01T00:12:30+00:00,decode,4,127370,0.17,312.93,,0,,,
ap-i1jDXiUmYYzX3k11Tpww83,2026-10-01T00:12:31+00:00,prefill,4,,0.21,,705.67,0,1,428,32384
ap-i1jDXiUmYYzX3k11Tpww83,2026-10-01T00:12:31+00:00,decode,5,159688,0.21,302.66,,0,,,
ap-i1jDXiUmYYzX3k11Tpww83,2026-10-01T00:12:32+00:00,decode,4,127690,0.17,299.73,,0,,,
ap-i1jDXiUmYYzX3k11Tpww83,2026-10-01T00:12:32+00:00,decode,4,127850,0.17,289.08,,0,,,
ap-i1jDXiUmYYzX3k11Tpww83,2026-10-01T00:12:33+00:00,prefill,4,,0.21,,371.44,0,1,751,30976
ap-i1jDXiUmYYzX3k11Tpww83,2026-10-01T00:12:33+00:00,prefill,5,,0.26,,1701.9,0,1,306,36160
ap-i1jDXiUmYYzX3k11Tpww83,2026-10-01T00:12:33+00:00,decode,6,194850,0.26,257.7,,0,,,
ap-i1jDXiUmYYzX3k11Tpww83,2026-10-01T00:12:33+00:00,decode,4,128170,0.17,375.29,,0,,,
ap-i1jDXiUmYYzX3k11Tpww83,2026-10-01T00:12:34+00:00,decode,4,128330,0.17,288.91,,0,,,
ap-i1jDXiUmYYzX3k11Tpww83,2026-10-01T00:12:34+00:00,prefill,4,,0.19,,72.06,0,1,97,11776
ap-i1jDXiUmYYzX3k11Tpww83,2026-10-01T00:12:34+00:00,prefill,4,,0.18,,3303.99,0,1,1179,32768
ap-i1jDXiUmYYzX3k11Tpww83,2026-10-01T00:12:35+00:00,decode,4,122709,0.16,248.51,,0,,,
ap-i1jDXiUmYYzX3k11Tpww83,2026-10-01T00:12:35+00:00,decode,3,89550,0.12,264.18,,0,,,
ap-i1jDXiUmYYzX3k11Tpww83,2026-10-01T00:12:36+00:00,prefill,3,,0.16,,476.65,0,1,586,31744
ap-i1jDXiUmYYzX3k11Tpww83,2026-10-01T00:12:36+00:00,prefill,4,,0.21,,2138.73,0,1,365,36416
ap-i1jDXiUmYYzX3k11Tpww83,2026-10-01T00:12:36+00:00,prefill,5,,0.23,,3139.89,0,1,157,11840
ap-i1jDXiUmYYzX3k11Tpww83,2026-10-01T00:12:36+00:00,decode,6,168737,0.23,198.83,,0,,,
ap-i1jDXiUmYYzX3k11Tpww83,2026-10-01T00:12:37+00:00,decode,4,101143,0.14,398.39,,0,,,
ap-i1jDXiUmYYzX3k11Tpww83,2026-10-01T00:12:37+00:00,prefill,4,,0.19,,327.1,0,1,383,39680
ap-i1jDXiUmYYzX3k11Tpww83,2026-10-01T00:12:37+00:00,decode,5,140681,0.19,278.22,,0,,,
ap-i1jDXiUmYYzX3k11Tpww83,2026-10-01T00:12:38+00:00,prefill,5,,0.23,,600.21,0,1,381,33920
ap-i1jDXiUmYYzX3k11Tpww83,2026-10-01T00:12:38+00:00,decode,6,174498,0.23,324.53,,0,,,
ap-i1jDXiUmYYzX3k11Tpww83,2026-10-01T00:12:38+00:00,prefill,6,,0.28,,457.31,0,1,169,32320
ap-i1jDXiUmYYzX3k11Tpww83,2026-10-01T00:12:38+00:00,decode,6,172904,0.23,395.85,,0,,,
ap-i1jDXiUmYYzX3k11Tpww83,2026-10-01T00:12:39+00:00,decode,6,173144,0.23,398.39,,0,,,
ap-i1jDXiUmYYzX3k11Tpww83,2026-10-01T00:12:40+00:00,decode,4,129928,0.17,344.27,,0,,,
ap-i1jDXiUmYYzX3k11Tpww83,2026-10-01T00:12:40+00:00,decode,4,130088,0.17,287.97,,0,,,
ap-i1jDXiUmYYzX3k11Tpww83,2026-10-01T00:12:40+00:00,prefill,4,,0.22,,141.99,0,1,302,36736
ap-i1jDXiUmYYzX3k11Tpww83,2026-10-01T00:12:41+00:00,decode,3,82249,0.11,254.92,,0,,,
ap-i1jDXiUmYYzX3k11Tpww83,2026-10-01T00:12:41+00:00,decode,1,16217,0.02,165.29,,0,,,
ap-i1jDXiUmYYzX3k11Tpww83,2026-10-01T00:12:41+00:00,prefill,1,,0.07,,520.74,0,1,648,32512
ap-i1jDXiUmYYzX3k11Tpww83,2026-10-01T00:12:42+00:00,prefill,2,,0.08,,1797.74,0,1,285,12032
ap-i1jDXiUmYYzX3k11Tpww83,2026-10-01T00:12:42+00:00,decode,3,60404,0.08,136.18,,0,,,
ap-i1jDXiUmYYzX3k11Tpww83,2026-10-01T00:12:42+00:00,prefill,2,,0.08,,934.36,0,1,545,34304
ap-i1jDXiUmYYzX3k11Tpww83,2026-10-01T00:12:42+00:00,decode,2,50475,0.07,187.16,,0,,,
ap-i1jDXiUmYYzX3k11Tpww83,2026-10-01T00:12:43+00:00,decode,2,50555,0.07,164.94,,0,,,
ap-i1jDXiUmYYzX3k11Tpww83,2026-10-01T00:12:43+00:00,decode,1,16377,0.02,109.41,,0,,,
ap-i1jDXiUmYYzX3k11Tpww83,2026-10-01T00:12:44+00:00,decode,1,16417,0.02,84.92,,0,,,
ap-i1jDXiUmYYzX3k11Tpww83,2026-10-01T00:12:44+00:00,prefill,0,,0.05,,360.07,0,1,660,40192
ap-i1jDXiUmYYzX3k11Tpww83,2026-10-01T00:12:44+00:00,prefill,1,,0.12,,3168.82,0,1,742,45312
ap-i1jDXiUmYYzX3k11Tpww83,2026-10-01T00:12:44+00:00,prefill,2,,0.16,,1931.75,0,1,315,36992
ap-i1jDXiUmYYzX3k11Tpww83,2026-10-01T00:12:44+00:00,prefill,3,,0.18,,3240.12,0,1,169,12288
ap-i1jDXiUmYYzX3k11Tpww83,2026-10-01T00:12:45+00:00,decode,4,134708,0.18,111.07,,0,,,
ap-i1jDXiUmYYzX3k11Tpww83,2026-10-01T00:12:45+00:00,prefill,4,,0.23,,1506.92,0,1,733,33152
ap-i1jDXiUmYYzX3k11Tpww83,2026-10-01T00:12:45+00:00,prefill,3,,0.16,,3114.64,0,1,1416,30208
ap-i1jDXiUmYYzX3k11Tpww83,2026-10-01T00:12:45+00:00,prefill,4,,0.18,,1557.82,0,1,78,16384
ap-i1jDXiUmYYzX3k11Tpww83,2026-10-01T00:12:45+00:00,decode,5,132703,0.18,201.31,,0,,,
ap-i1jDXiUmYYzX3k11Tpww83,2026-10-01T00:12:46+00:00,decode,4,99637,0.13,325.5,,0,,,
ap-i1jDXiUmYYzX3k11Tpww83,2026-10-01T00:12:46+00:00,prefill,4,,0.18,,621.01,0,1,427,34816
ap-i1jDXiUmYYzX3k11Tpww83,2026-10-01T00:12:47+00:00,decode,5,134392,0.18,319.15,,0,,,
ap-i1jDXiUmYYzX3k11Tpww83,2026-10-01T00:12:47+00:00,decode,4,122645,0.16,332.34,,0,,,
ap-i1jDXiUmYYzX3k11Tpww83,2026-10-01T00:12:48+00:00,decode,3,88130,0.12,236.57,,0,,,
ap-i1jDXiUmYYzX3k11Tpww83,2026-10-01T00:12:48+00:00,prefill,3,,0.17,,186.18,0,1,324,37248
ap-i1jDXiUmYYzX3k11Tpww83,2026-10-01T00:12:48+00:00,prefill,3,,0.16,,863.97,0,1,438,33856
ap-i1jDXiUmYYzX3k11Tpww83,2026-10-01T00:12:48+00:00,decode,4,118338,0.16,195.62,,0,,,
ap-i1jDXiUmYYzX3k11Tpww83,2026-10-01T00:12:49+00:00,prefill,3,,0.17,,1436.6,0,1,447,46080
ap-i1jDXiUmYYzX3k11Tpww83,2026-10-01T00:12:49+00:00,decode,4,127399,0.17,243.75,,0,,,
ap-i1jDXiUmYYzX3k11Tpww83,2026-10-01T00:12:49+00:00,prefill,3,,0.14,,247.34,0,1,171,12544
ap-i1jDXiUmYYzX3k11Tpww83,2026-10-01T00:12:50+00:00,decode,4,105914,0.14,258.68,,0,,,
ap-i1jDXiUmYYzX3k11Tpww83,2026-10-01T00:12:50+00:00,prefill,4,,0.19,,864.56,0,1,320,35200
ap-i1jDXiUmYYzX3k11Tpww83,2026-10-01T00:12:50+00:00,decode,4,128855,0.17,297.86,,0,,,
ap-i1jDXiUmYYzX3k11Tpww83,2026-10-01T00:12:51+00:00,prefill,3,,0.18,,950.59,0,1,807,40960
ap-i1jDXiUmYYzX3k11Tpww83,2026-10-01T00:12:51+00:00,decode,4,135206,0.18,227.74,,0,,,
ap-i1jDXiUmYYzX3k11Tpww83,2026-10-01T00:12:51+00:00,prefill,4,,0.2,,235.88,0,1,183,12672
ap-i1jDXiUmYYzX3k11Tpww83,2026-10-01T00:12:51+00:00,decode,5,147539,0.2,274.37,,0,,,
ap-i1jDXiUmYYzX3k11Tpww83,2026-10-01T00:12:52+00:00,decode,5,147739,0.2,345.6,,0,,,
ap-i1jDXiUmYYzX3k11Tpww83,2026-10-01T00:12:52+00:00,prefill,5,,0.25,,336.01,0,1,258,37568
ap-i1jDXiUmYYzX3k11Tpww83,2026-10-01T00:12:53+00:00,prefill,5,,0.23,,1988.91,0,1,1033,34304
ap-i1jDXiUmYYzX3k11Tpww83,2026-10-01T00:12:53+00:00,decode,6,173669,0.23,288.52,,0,,,
ap-i1jDXiUmYYzX3k11Tpww83,2026-10-01T00:12:53+00:00,decode,5,136695,0.18,360.72,,0,,,
ap-i1jDXiUmYYzX3k11Tpww83,2026-10-01T00:12:54+00:00,decode,3,60861,0.08,311.08,,0,,,
ap-i1jDXiUmYYzX3k11Tpww83,2026-10-01T00:12:54+00:00,prefill,3,,0.13,,245.7,0,1,365,35520
ap-i1jDXiUmYYzX3k11Tpww83,2026-10-01T00:12:54+00:00,decode,3,83830,0.11,229.94,,0,,,
ap-i1jDXiUmYYzX3k11Tpww83,2026-10-01T00:12:55+00:00,decode,2,48688,0.07,191.17,,0,,,
ap-i1jDXiUmYYzX3k11Tpww83,2026-10-01T00:12:55+00:00,prefill,2,,0.11,,275.31,0,1,326,35328
ap-i1jDXiUmYYzX3k11Tpww83,2026-10-01T00:12:55+00:00,decode,3,83748,0.11,170.12,,0,,,
ap-i1jDXiUmYYzX3k11Tpww83,2026-10-01T00:12:56+00:00,prefill,3,,0.16,,784.25,0,1,223,37824
ap-i1jDXiUmYYzX3k11Tpww83,2026-10-01T00:12:56+00:00,decode,4,121262,0.16,263.91,,0,,,
ap-i1jDXiUmYYzX3k11Tpww83,2026-10-01T00:12:56+00:00,prefill,4,,0.18,,582.09,0,1,340,12800
ap-i1jDXiUmYYzX3k11Tpww83,2026-10-01T00:12:57+00:00,decode,3,61415,0.08,246.14,,0,,,
ap-i1jDXiUmYYzX3k11Tpww83,2026-10-01T00:12:57+00:00,prefill,3,,0.14,,1118.64,0,1,695,41728
ap-i1jDXiUmYYzX3k11Tpww83,2026-10-01T00:12:57+00:00,prefill,4,,0.2,,2045.66,0,1,518,46592
ap-i1jDXiUmYYzX3k11Tpww83,2026-10-01T00:12:57+00:00,decode,5,149741,0.2,236.94,,0,,,
ap-i1jDXiUmYYzX3k11Tpww83,2026-10-01T00:12:58+00:00,decode,4,103461,0.14,328.13,,0,,,
ap-i1jDXiUmYYzX3k11Tpww83,2026-10-01T00:12:58+00:00,decode,4,71800,0.1,296.77,,0,,,
ap-i1jDXiUmYYzX3k11Tpww83,2026-10-01T00:12:59+00:00,decode,2,59273,0.08,232.9,,0,,,
ap-i1jDXiUmYYzX3k11Tpww83,2026-10-01T00:12:59+00:00,prefill,2,,0.11,,118.09,0,1,247,25408
ap-i1jDXiUmYYzX3k11Tpww83,2026-10-01T00:12:59+00:00,prefill,3,,0.16,,4293.18,0,1,1372,35840
ap-i1jDXiUmYYzX3k11Tpww83,2026-10-01T00:13:00+00:00,prefill,4,,0.21,,2652.25,0,1,311,38016
ap-i1jDXiUmYYzX3k11Tpww83,2026-10-01T00:13:00+00:00,decode,5,158533,0.21,163.17,,0,,,
ap-i1jDXiUmYYzX3k11Tpww83,2026-10-01T00:13:00+00:00,prefill,5,,0.26,,1109.8,0,1,296,35648
ap-i1jDXiUmYYzX3k11Tpww83,2026-10-01T00:13:00+00:00,decode,3,77791,0.1,301.22,,0,,,
ap-i1jDXiUmYYzX3k11Tpww83,2026-10-01T00:13:01+00:00,decode,1,17507,0.02,202.91,,0,,,
ap-i1jDXiUmYYzX3k11Tpww83,2026-10-01T00:13:01+00:00,decode,1,17547,0.02,84.75,,0,,,
ap-i1jDXiUmYYzX3k11Tpww83,2026-10-01T00:13:02+00:00,prefill,1,,0.09,,111.96,0,1,194,47104
ap-i1jDXiUmYYzX3k11Tpww83,2026-10-01T00:13:02+00:00,prefill,2,,0.1,,771.61,0,1,113,13312
ap-i1jDXiUmYYzX3k11Tpww83,2026-10-01T00:13:02+00:00,decode,3,76961,0.1,116.21,,0,,,
ap-i1jDXiUmYYzX3k11Tpww83,2026-10-01T00:13:02+00:00,decode,3,60143,0.08,233.7,,0,,,
ap-i1jDXiUmYYzX3k11Tpww83,2026-10-01T00:13:03+00:00,prefill,2,,0.13,,1452.91,0,1,1504,32256
ap-i1jDXiUmYYzX3k11Tpww83,2026-10-01T00:13:03+00:00,decode,2,46606,0.06,145.4,,0,,,
ap-i1jDXiUmYYzX3k11Tpww83,2026-10-01T00:13:03+00:00,prefill,2,,0.12,,1136.33,0,1,399,42496
ap-i1jDXiUmYYzX3k11Tpww83,2026-10-01T00:13:03+00:00,prefill,3,,0.17,,3049.91,0,1,645,37184
ap-i1jDXiUmYYzX3k11Tpww83,2026-10-01T00:13:04+00:00,prefill,4,,0.22,,2740.23,0,1,447,35904
ap-i1jDXiUmYYzX3k11Tpww83,2026-10-01T00:13:04+00:00,prefill,5,,0.24,,3283.23,0,1,262,17408
ap-i1jDXiUmYYzX3k11Tpww83,2026-10-01T00:13:04+00:00,prefill,6,,0.29,,1680.46,0,1,340,38272
ap-i1jDXiUmYYzX3k11Tpww83,2026-10-01T00:13:04+00:00,decode,7,216707,0.29,208.88,,0,,,
ap-i1jDXiUmYYzX3k11Tpww83,2026-10-01T00:13:04+00:00,decode,3,72915,0.1,372.21,,0,,,
ap-i1jDXiUmYYzX3k11Tpww83,2026-10-01T00:13:05+00:00,decode,2,60088,0.08,202.9,,0,,,
ap-i1jDXiUmYYzX3k11Tpww83,2026-10-01T00:13:05+00:00,decode,2,60168,0.08,162.54,,0,,,
ap-i1jDXiUmYYzX3k11Tpww83,2026-10-01T00:13:06+00:00,prefill,2,,0.1,,66.08,0,1,142,13568
ap-i1jDXiUmYYzX3k11Tpww83,2026-10-01T00:13:06+00:00,decode,3,73276,0.1,157.7,,0,,,
ap-i1jDXiUmYYzX3k11Tpww83,2026-10-01T00:13:06+00:00,decode,2,30954,0.04,182.48,,0,,,
ap-i1jDXiUmYYzX3k11Tpww83,2026-10-01T00:13:07+00:00,prefill,2,,0.09,,777.52,0,1,509,37824
ap-i1jDXiUmYYzX3k11Tpww83,2026-10-01T00:13:07+00:00,decode,3,68716,0.09,201.69,,0,,,
ap-i1jDXiUmYYzX3k11Tpww83,2026-10-01T00:13:07+00:00,prefill,2,,0.1,,295.76,0,1,172,47360
ap-i1jDXiUmYYzX3k11Tpww83,2026-10-01T00:13:07+00:00,prefill,3,,0.15,,2214.96,0,1,590,36352
ap-i1jDXiUmYYzX3k11Tpww83,2026-10-01T00:13:08+00:00,decode,4,114263,0.15,209.25,,0,,,
ap-i1jDXiUmYYzX3k11Tpww83,2026-10-01T00:13:08+00:00,decode,3,67507,0.09,244.8,,0,,,
ap-i1jDXiUmYYzX3k11Tpww83,2026-10-01T00:13:08+00:00,prefill,3,,0.14,,293.9,0,1,240,33792
ap-i1jDXiUmYYzX3k11Tpww83,2026-10-01T00:13:09+00:00,prefill,4,,0.19,,2085.48,0,1,581,43008
ap-i1jDXiUmYYzX3k11Tpww83,2026-10-01T00:13:09+00:00,prefill,4,,0.23,,2809.02,0,1,618,38592
ap-i1jDXiUmYYzX3k11Tpww83,2026-10-01T00:13:09+00:00,decode,5,169239,0.23,235.48,,0,,,
ap-i1jDXiUmYYzX3k11Tpww83,2026-10-01T00:13:09+00:00,decode,3,94470,0.13,282.06,,0,,,
ap-i1jDXiUmYYzX3k11Tpww83,2026-10-01T00:13:10+00:00,prefill,3,,0.18,,260.67,0,1,331,38272
ap-i1jDXiUmYYzX3k11Tpww83,2026-10-01T00:13:10+00:00,decode,4,132510,0.18,213.46,,0,,,
ap-i1jDXiUmYYzX3k11Tpww83,2026-10-01T00:13:10+00:00,prefill,4,,0.2,,1062.61,0,1,171,13824
ap-i1jDXiUmYYzX3k11Tpww83,2026-10-01T00:13:11+00:00,decode,5,146013,0.2,317.79,,0,,,
ap-i1jDXiUmYYzX3k11Tpww83,2026-10-01T00:13:11+00:00,decode,2,31589,0.04,257.54,,0,,,
ap-i1jDXiUmYYzX3k11Tpww83,2026-10-01T00:13:12+00:00,decode,2,31669,0.04,169.97,,0,,,
ap-i1jDXiUmYYzX3k11Tpww83,2026-10-01T00:13:12+00:00,prefill,2,,0.11,,509.87,0,1,976,47488
ap-i1jDXiUmYYzX3k11Tpww83,2026-10-01T00:13:12+00:00,prefill,3,,0.16,,2575.61,0,1,325,39168
ap-i1jDXiUmYYzX3k11Tpww83,2026-10-01T00:13:12+00:00,decode,4,118354,0.16,152.88,,0,,,
ap-i1jDXiUmYYzX3k11Tpww83,2026-10-01T00:13:12+00:00,prefill,4,,0.21,,1991.73,0,1,406,36928
ap-i1jDXiUmYYzX3k11Tpww83,2026-10-01T00:13:13+00:00,decode,3,102841,0.14,297.6,,0,,,
ap-i1jDXiUmYYzX3k11Tpww83,2026-10-01T00:13:13+00:00,decode,3,102961,0.14,225.17,,0,,,
ap-i1jDXiUmYYzX3k11Tpww83,2026-10-01T00:13:14+00:00,decode,3,103081,0.14,225.33,,0,,,
ap-i1jDXiUmYYzX3k11Tpww83,2026-10-01T00:13:14+00:00,prefill,3,,0.2,,230.02,0,1,390,43584
ap-i1jDXiUmYYzX3k11Tpww83,2026-10-01T00:13:14+00:00,prefill,4,,0.25,,1881.28,0,1,384,38656
ap-i1jDXiUmYYzX3k11Tpww83,2026-10-01T00:13:14+00:00,prefill,5,,0.27,,1792.03,0,1,200,14080
ap-i1jDXiUmYYzX3k11Tpww83,2026-10-01T00:13:15+00:00,decode,6,198519,0.27,276.11,,0,,,
ap-i1jDXiUmYYzX3k11Tpww83,2026-10-01T00:13:15+00:00,prefill,5,,0.26,,683.05,0,1,547,34048
ap-i1jDXiUmYYzX3k11Tpww83,2026-10-01T00:13:15+00:00,decode,6,194260,0.26,344.03,,0,,,
ap-i1jDXiUmYYzX3k11Tpww83,2026-10-01T00:13:16+00:00,decode,5,146470,0.2,356.0,,0,,,
ap-i1jDXiUmYYzX3k11Tpww83,2026-10-01T00:13:16+00:00,prefill,5,,0.25,,299.89,0,1,295,39488
ap-i1jDXiUmYYzX3k11Tpww83,2026-10-01T00:13:17+00:00,decode,5,151797,0.2,324.21,,0,,,
ap-i1jDXiUmYYzX3k11Tpww83,2026-10-01T00:13:17+00:00,decode,3,69346,0.09,298.09,,0,,,
ap-i1jDXiUmYYzX3k11Tpww83,2026-10-01T00:13:18+00:00,decode,1,18646,0.03,157.59,,0,,,
ap-i1jDXiUmYYzX3k11Tpww83,2026-10-01T00:13:18+00:00,decode,1,18686,0.03,84.66,,0,,,
ap-i1jDXiUmYYzX3k11Tpww83,2026-10-01T00:13:19+00:00,prefill,1,,0.08,,220.35,0,1,540,39040
ap-i1jDXiUmYYzX3k11Tpww83,2026-10-01T00:13:19+00:00,decode,2,57625,0.08,81.68,,0,,,
ap-i1jDXiUmYYzX3k11Tpww83,2026-10-01T00:13:19+00:00,decode,1,18766,0.03,138.08,,0,,,
ap-i1jDXiUmYYzX3k11Tpww83,2026-10-01T00:13:20+00:00,prefill,1,,0.09,,534.07,0,1,445,48640
ap-i1jDXiUmYYzX3k11Tpww83,2026-10-01T00:13:20+00:00,decode,2,67225,0.09,110.68,,0,,,
ap-i1jDXiUmYYzX3k11Tpww83,2026-10-01T00:13:20+00:00,decode,1,49148,0.07,138.62,,0,,,
ap-i1jDXiUmYYzX3k11Tpww83,2026-10-01T00:13:20+00:00,prefill,1,,0.12,,351.6,0,1,297,39744
ap-i1jDXiUmYYzX3k11Tpww83,2026-10-01T00:13:21+00:00,prefill,2,,0.14,,902.98,0,1,229,14336
ap-i1jDXiUmYYzX3k11Tpww83,2026-10-01T00:13:21+00:00,prefill,2,,0.12,,2690.16,0,1,805,34560
ap-i1jDXiUmYYzX3k11Tpww83,2026-10-01T00:13:21+00:00,decode,3,88664,0.12,134.31,,0,,,
ap-i1jDXiUmYYzX3k11Tpww83,2026-10-01T00:13:21+00:00,prefill,2,,0.12,,1975.95,0,1,358,44032
ap-i1jDXiUmYYzX3k11Tpww83,2026-10-01T00:13:22+00:00,decode,3,93088,0.12,207.15,,0,,,
ap-i1jDXiUmYYzX3k11Tpww83,2026-10-01T00:13:22+00:00,prefill,3,,0.15,,227.44,0,1,190,18688
ap-i1jDXiUmYYzX3k11Tpww83,2026-10-01T00:13:22+00:00,decode,4,111412,0.15,236.58,,0,,,
ap-i1jDXiUmYYzX3k11Tpww83,2026-10-01T00:13:23+00:00,decode,4,111572,0.15,295.43,,0,,,
ap-i1jDXiUmYYzX3k11Tpww83,2026-10-01T00:13:23+00:00,prefill,4,,0.2,,613.13,0,1,725,39552
ap-i1jDXiUmYYzX3k11Tpww83,2026-10-01T00:13:23+00:00,prefill,5,,0.25,,2097.34,0,1,476,37632
ap-i1jDXiUmYYzX3k11Tpww83,2026-10-01T00:13:23+00:00,decode,6,188760,0.25,247.15,,0,,,
ap-i1jDXiUmYYzX3k11Tpww83,2026-10-01T00:13:24+00:00,decode,4,131003,0.18,327.32,,0,,,
ap-i1jDXiUmYYzX3k11Tpww83,2026-10-01T00:13:24+00:00,prefill,4,,0.24,,159.55,0,1,169,49152
ap-i1jDXiUmYYzX3k11Tpww83,2026-10-01T00:13:25+00:00,decode,5,179807,0.24,282.31,,0,,,
ap-i1jDXiUmYYzX3k11Tpww83,2026-10-01T00:13:25+00:00,prefill,5,,0.29,,1295.61,0,1,291,40000
ap-i1jDXiUmYYzX3k11Tpww83,2026-10-01T00:13:25+00:00,decode,5,170967,0.23,337.89,,0,,,
ap-i1jDXiUmYYzX3k11Tpww83,2026-10-01T00:13:26+00:00,prefill,4,,0.2,,219.34,0,1,258,14592
ap-i1jDXiUmYYzX3k11Tpww83,2026-10-01T00:13:26+00:00,decode,5,145649,0.2,275.62,,0,,,
ap-i1jDXiUmYYzX3k11Tpww83,2026-10-01T00:13:26+00:00,prefill,5,,0.26,,1370.76,0,1,654,44544
ap-i1jDXiUmYYzX3k11Tpww83,2026-10-01T00:13:26+00:00,decode,6,190374,0.26,317.74,,0,,,
ap-i1jDXiUmYYzX3k11Tpww83,2026-10-01T00:13:27+00:00,decode,6,190614,0.26,390.94,,0,,,
ap-i1jDXiUmYYzX3k11Tpww83,2026-10-01T00:13:28+00:00,decode,5,150970,0.2,358.45,,0,,,
ap-i1jDXiUmYYzX3k11Tpww83,2026-10-01T00:13:28+00:00,decode,3,68781,0.09,338.37,,0,,,
ap-i1jDXiUmYYzX3k11Tpww83,2026-10-01T00:13:29+00:00,prefill,2,,0.14,,196.99,0,1,496,49280
ap-i1jDXiUmYYzX3k11Tpww83,2026-10-01T00:13:29+00:00,decode,3,103629,0.14,195.55,,0,,,
ap-i1jDXiUmYYzX3k11Tpww83,2026-10-01T00:13:29+00:00,prefill,3,,0.19,,1395.05,0,1,266,40256
ap-i1jDXiUmYYzX3k11Tpww83,2026-10-01T00:13:29+00:00,decode,4,143620,0.19,255.99,,0,,,
ap-i1jDXiUmYYzX3k11Tpww83,2026-10-01T00:13:30+00:00,decode,3,103869,0.14,235.58,,0,,,
ap-i1jDXiUmYYzX3k11Tpww83,2026-10-01T00:13:31+00:00,decode,3,103989,0.14,225.08,,0,,,
ap-i1jDXiUmYYzX3k11Tpww83,2026-10-01T00:13:31+00:00,prefill,3,,0.16,,159.04,0,1,287,14848
ap-i1jDXiUmYYzX3k11Tpww83,2026-10-01T00:13:31+00:00,prefill,4,,0.21,,1379.33,0,1,370,40448
ap-i1jDXiUmYYzX3k11Tpww83,2026-10-01T00:13:31+00:00,decode,5,158724,0.21,241.28,,0,,,
ap-i1jDXiUmYYzX3k11Tpww83,2026-10-01T00:13:31+00:00,prefill,5,,0.27,,1938.33,0,1,384,45312
ap-i1jDXiUmYYzX3k11Tpww83,2026-10-01T00:13:32+00:00,prefill,6,,0.32,,2358.63,0,1,619,38400
ap-i1jDXiUmYYzX3k11Tpww83,2026-10-01T00:13:32+00:00,decode,7,242331,0.33,344.32,,0,,,
ap-i1jDXiUmYYzX3k11Tpww83,2026-10-01T00:13:33+00:00,decode,6,202390,0.27,392.29,,0,,,
ap-i1jDXiUmYYzX3k11Tpww83,2026-10-01T00:13:33+00:00,prefill,6,,0.33,,176.84,0,1,252,40512
ap-i1jDXiUmYYzX3k11Tpww83,2026-10-01T00:13:33+00:00,prefill,7,,0.36,,2683.7,0,1,390,25600
ap-i1jDXiUmYYzX3k11Tpww83,2026-10-01T00:13:33+00:00,decode,7,222919,0.3,366.14,,0,,,
ap-i1jDXiUmYYzX3k11Tpww83,2026-10-01T00:13:34+00:00,decode,6,183061,0.25,417.04,,0,,,
ap-i1jDXiUmYYzX3k11Tpww83,2026-10-01T00:13:34+00:00,prefill,5,,0.28,,217.77,0,1,285,40768
ap-i1jDXiUmYYzX3k11Tpww83,2026-10-01T00:13:35+00:00,decode,6,183609,0.25,333.69,,0,,,
ap-i1jDXiUmYYzX3k11Tpww83,2026-10-01T00:13:35+00:00,prefill,4,,0.25,,414.68,0,1,328,45696
ap-i1jDXiUmYYzX3k11Tpww83,2026-10-01T00:13:35+00:00,decode,5,188729,0.25,294.2,,0,,,
ap-i1jDXiUmYYzX3k11Tpww83,2026-10-01T00:13:36+00:00,decode,5,188929,0.25,328.07,,0,,,
ap-i1jDXiUmYYzX3k11Tpww83,2026-10-01T00:13:36+00:00,prefill,5,,0.31,,350.78,0,1,306,40704
ap-i1jDXiUmYYzX3k11Tpww83,2026-10-01T00:13:36+00:00,prefill,6,,0.33,,1199.09,0,1,316,15104
ap-i1jDXiUmYYzX3k11Tpww83,2026-10-01T00:13:37+00:00,decode,7,244233,0.33,336.74,,0,,,
ap-i1jDXiUmYYzX3k11Tpww83,2026-10-01T00:13:37+00:00,decode,5,165439,0.22,374.78,,0,,,
ap-i1jDXiUmYYzX3k11Tpww83,2026-10-01T00:13:38+00:00,decode,5,165639,0.22,338.08,,0,,,
ap-i1jDXiUmYYzX3k11Tpww83,2026-10-01T00:13:38+00:00,decode,4,120299,0.16,324.81,,0,,,
ap-i1jDXiUmYYzX3k11Tpww83,2026-10-01T00:13:39+00:00,prefill,4,,0.22,,201.35,0,1,444,41024
ap-i1jDXiUmYYzX3k11Tpww83,2026-10-01T00:13:39+00:00,decode,5,161275,0.22,297.55,,0,,,
ap-i1jDXiUmYYzX3k11Tpww83,2026-10-01T00:13:39+00:00,prefill,5,,0.27,,485.88,0,1,303,40960
ap-i1jDXiUmYYzX3k11Tpww83,2026-10-01T00:13:40+00:00,decode,5,187137,0.25,317.67,,0,,,
ap-i1jDXiUmYYzX3k11Tpww83,2026-10-01T00:13:40+00:00,prefill,3,,0.23,,249.26,0,1,277,46080
ap-i1jDXiUmYYzX3k11Tpww83,2026-10-01T00:13:40+00:00,prefill,4,,0.25,,5034.02,0,1,345,15360
ap-i1jDXiUmYYzX3k11Tpww83,2026-10-01T00:13:40+00:00,decode,5,188013,0.25,243.45,,0,,,
ap-i1jDXiUmYYzX3k11Tpww83,2026-10-01T00:13:41+00:00,prefill,5,,0.28,,191.38,0,1,118,19968
ap-i1jDXiUmYYzX3k11Tpww83,2026-10-01T00:13:41+00:00,decode,6,207614,0.28,313.36,,0,,,
ap-i1jDXiUmYYzX3k11Tpww83,2026-10-01T00:13:41+00:00,prefill,6,,0.33,,2092.98,0,1,795,39168
ap-i1jDXiUmYYzX3k11Tpww83,2026-10-01T00:13:42+00:00,decode,6,206180,0.28,337.64,,0,,,
ap-i1jDXiUmYYzX3k11Tpww83,2026-10-01T00:13:42+00:00,prefill,6,,0.33,,457.57,0,1,326,41216
ap-i1jDXiUmYYzX3k11Tpww83,2026-10-01T00:13:42+00:00,decode,7,247299,0.33,378.09,,0,,,
ap-i1jDXiUmYYzX3k11Tpww83,2026-10-01T00:13:43+00:00,decode,5,160828,0.22,369.1,,0,,,
ap-i1jDXiUmYYzX3k11Tpww83,2026-10-01T00:13:44+00:00,decode,4,145808,0.2,323.35,,0,,,
ap-i1jDXiUmYYzX3k11Tpww83,2026-10-01T00:13:44+00:00,prefill,4,,0.25,,320.78,0,1,622,41472
ap-i1jDXiUmYYzX3k11Tpww83,2026-10-01T00:13:44+00:00,decode,5,187396,0.25,270.24,,0,,,
ap-i1jDXiUmYYzX3k11Tpww83,2026-10-01T00:13:45+00:00,prefill,5,,0.27,,197.11,0,1,118,15872
ap-i1jDXiUmYYzX3k11Tpww83,2026-10-01T00:13:45+00:00,decode,5,161455,0.22,317.79,,0,,,
ap-i1jDXiUmYYzX3k11Tpww83,2026-10-01T00:13:45+00:00,prefill,5,,0.28,,560.8,0,1,397,46336
ap-i1jDXiUmYYzX3k11Tpww83,2026-10-01T00:13:46+00:00,decode,6,207719,0.28,329.36,,0,,,
ap-i1jDXiUmYYzX3k11Tpww83,2026-10-01T00:13:46+00:00,prefill,6,,0.27,,313.97,0,1,275,41536
ap-i1jDXiUmYYzX3k11Tpww83,2026-10-01T00:13:46+00:00,decode,6,202986,0.27,357.46,,0,,,
ap-i1jDXiUmYYzX3k11Tpww83,2026-10-01T00:13:47+00:00,decode,4,111841,0.15,360.94,,0,,,
ap-i1jDXiUmYYzX3k11Tpww83,2026-10-01T00:13:47+00:00,decode,3,72339,0.1,265.84,,0,,,
ap-i1jDXiUmYYzX3k11Tpww83,2026-10-01T00:13:48+00:00,prefill,2,,0.13,,318.58,0,1,532,42048
ap-i1jDXiUmYYzX3k11Tpww83,2026-10-01T00:13:48+00:00,decode,3,98836,0.13,167.05,,0,,,
ap-i1jDXiUmYYzX3k11Tpww83,2026-10-01T00:13:48+00:00,decode,3,57012,0.08,226.21,,0,,,
ap-i1jDXiUmYYzX3k11Tpww83,2026-10-01T00:13:49+00:00,prefill,2,,0.14,,460.76,0,1,480,46720
ap-i1jDXiUmYYzX3k11Tpww83,2026-10-01T00:13:49+00:00,decode,3,103619,0.14,164.15,,0,,,
ap-i1jDXiUmYYzX3k11Tpww83,2026-10-01T00:13:50+00:00,decode,3,103739,0.14,224.97,,0,,,
ap-i1jDXiUmYYzX3k11Tpww83,2026-10-01T00:13:50+00:00,prefill,3,,0.16,,178.72,0,1,147,16128
ap-i1jDXiUmYYzX3k11Tpww83,2026-10-01T00:13:50+00:00,prefill,4,,0.23,,1524.47,0,1,880,50688
ap-i1jDXiUmYYzX3k11Tpww83,2026-10-01T00:13:50+00:00,decode,5,170367,0.23,223.71,,0,,,
ap-i1jDXiUmYYzX3k11Tpww83,2026-10-01T00:13:51+00:00,prefill,5,,0.28,,3226.45,0,1,791,40192
ap-i1jDXiUmYYzX3k11Tpww83,2026-10-01T00:13:51+00:00,prefill,6,,0.34,,1538.54,0,1,255,41792
ap-i1jDXiUmYYzX3k11Tpww83,2026-10-01T00:13:51+00:00,prefill,7,,0.39,,685.36,0,1,242,42560
ap-i1jDXiUmYYzX3k11Tpww83,2026-10-01T00:13:51+00:00,decode,8,294405,0.39,320.69,,0,,,
ap-i1jDXiUmYYzX3k11Tpww83,2026-10-01T00:13:52+00:00,decode,5,164450,0.22,394.29,,0,,,
ap-i1jDXiUmYYzX3k11Tpww83,2026-10-01T00:13:52+00:00,decode,5,164650,0.22,338.05,,0,,,
ap-i1jDXiUmYYzX3k11Tpww83,2026-10-01T00:13:53+00:00,prefill,5,,0.28,,289.81,0,1,507,47168
ap-i1jDXiUmYYzX3k11Tpww83,2026-10-01T00:13:53+00:00,decode,5,196069,0.26,310.18,,0,,,
ap-i1jDXiUmYYzX3k11Tpww83,2026-10-01T00:13:54+00:00,decode,5,196269,0.26,324.86,,0,,,
ap-i1jDXiUmYYzX3k11Tpww83,2026-10-01T00:13:54+00:00,decode,5,196469,0.26,324.6,,0,,,
ap-i1jDXiUmYYzX3k11Tpww83,2026-10-01T00:13:55+00:00,prefill,5,,0.32,,167.07,0,1,302,41984
ap-i1jDXiUmYYzX3k11Tpww83,2026-10-01T00:13:55+00:00,decode,6,238292,0.32,325.83,,0,,,
ap-i1jDXiUmYYzX3k11Tpww83,2026-10-01T00:13:55+00:00,prefill,6,,0.34,,346.2,0,1,176,16384
ap-i1jDXiUmYYzX3k11Tpww83,2026-10-01T00:13:55+00:00,prefill,7,,0.4,,1512.17,0,1,353,42752
ap-i1jDXiUmYYzX3k11Tpww83,2026-10-01T00:13:56+00:00,decode,7,255219,0.34,365.93,,0,,,
ap-i1jDXiUmYYzX3k11Tpww83,2026-10-01T00:13:56+00:00,decode,7,255499,0.34,418.95,,0,,,
ap-i1jDXiUmYYzX3k11Tpww83,2026-10-01T00:13:57+00:00,decode,5,178127,0.24,383.18,,0,,,
ap-i1jDXiUmYYzX3k11Tpww83,2026-10-01T00:13:58+00:00,decode,5,178327,0.24,332.37,,0,,,
ap-i1jDXiUmYYzX3k11Tpww83,2026-10-01T00:13:58+00:00,decode,4,162459,0.22,326.42,,0,,,
ap-i1jDXiUmYYzX3k11Tpww83,2026-10-01T00:13:59+00:00,prefill,4,,0.27,,83.71,0,1,285,42240
ap-i1jDXiUmYYzX3k11Tpww83,2026-10-01T00:13:59+00:00,decode,5,204466,0.27,265.67,,0,,,
ap-i1jDXiUmYYzX3k11Tpww83,2026-10-01T00:13:59+00:00,prefill,3,,0.18,,338.28,0,1,205,16640
ap-i1jDXiUmYYzX3k11Tpww83,2026-10-01T00:13:59+00:00,decode,3,68300,0.09,250.78,,0,,,
ap-i1jDXiUmYYzX3k11Tpww83,2026-10-01T00:14:00+00:00,decode,2,68380,0.09,162.65,,0,,,
ap-i1jDXiUmYYzX3k11Tpww83,2026-10-01T00:14:00+00:00,prefill,2,,0.12,,47.19,0,1,46,21248
ap-i1jDXiUmYYzX3k11Tpww83,2026-10-01T00:14:01+00:00,decode,3,89080,0.12,174.14,,0,,,
ap-i1jDXiUmYYzX3k11Tpww83,2026-10-01T00:14:01+00:00,decode,3,89200,0.12,229.28,,0,,,
ap-i1jDXiUmYYzX3k11Tpww83,2026-10-01T00:14:01+00:00,prefill,3,,0.17,,669.37,0,1,624,41216
ap-i1jDXiUmYYzX3k11Tpww83,2026-10-01T00:14:02+00:00,prefill,4,,0.24,,1904.66,0,1,646,47872
ap-i1jDXiUmYYzX3k11Tpww83,2026-10-01T00:14:02+00:00,prefill,5,,0.29,,2894.71,0,1,517,37632
ap-i1jDXiUmYYzX3k11Tpww83,2026-10-01T00:14:02+00:00,decode,6,215809,0.29,203.84,,0,,,
ap-i1jDXiUmYYzX3k11Tpww83,2026-10-01T00:14:02+00:00,prefill,5,,0.32,,357.87,0,1,258,42496
ap-i1jDXiUmYYzX3k11Tpww83,2026-10-01T00:14:03+00:00,decode,6,241750,0.32,330.32,,0,,,
ap-i1jDXiUmYYzX3k11Tpww83,2026-10-01T00:14:03+00:00,prefill,6,,0.38,,1955.81,0,1,541,43264
ap-i1jDXiUmYYzX3k11Tpww83,2026-10-01T00:14:03+00:00,decode,6,205484,0.28,348.28,,0,,,
ap-i1jDXiUmYYzX3k11Tpww83,2026-10-01T00:14:04+00:00,decode,5,205684,0.28,321.97,,0,,,
ap-i1jDXiUmYYzX3k11Tpww83,2026-10-01T00:14:04+00:00,prefill,4,,0.24,,151.95,0,1,234,16896
ap-i1jDXiUmYYzX3k11Tpww83,2026-10-01T00:14:05+00:00,decode,5,179114,0.24,284.68,,0,,,
ap-i1jDXiUmYYzX3k11Tpww83,2026-10-01T00:14:05+00:00,decode,5,179314,0.24,331.54,,0,,,
ap-i1jDXiUmYYzX3k11Tpww83,2026-10-01T00:14:06+00:00,decode,5,179514,0.24,331.83,,0,,,
ap-i1jDXiUmYYzX3k11Tpww83,2026-10-01T00:14:06+00:00,prefill,5,,0.3,,318.45,0,1,666,43776
ap-i1jDXiUmYYzX3k11Tpww83,2026-10-01T00:14:06+00:00,decode,6,223471,0.3,291.33,,0,,,
ap-i1jDXiUmYYzX3k11Tpww83,2026-10-01T00:14:07+00:00,prefill,6,,0.36,,1062.21,0,1,229,42752
ap-i1jDXiUmYYzX3k11Tpww83,2026-10-01T00:14:07+00:00,prefill,7,,0.41,,2510.12,0,1,606,38144
ap-i1jDXiUmYYzX3k11Tpww83,2026-10-01T00:14:07+00:00,decode,8,304118,0.41,364.01,,0,,,
ap-i1jDXiUmYYzX3k11Tpww83,2026-10-01T00:14:08+00:00,decode,4,160035,0.21,352.17,,0,,,
ap-i1jDXiUmYYzX3k11Tpww83,2026-10-01T00:14:08+00:00,prefill,4,,0.24,,165.96,0,1,263,17152
ap-i1jDXiUmYYzX3k11Tpww83,2026-10-01T00:14:08+00:00,decode,5,176925,0.24,260.37,,0,,,
ap-i1jDXiUmYYzX3k11Tpww83,2026-10-01T00:14:09+00:00,decode,5,177125,0.24,333.06,,0,,,
ap-i1jDXiUmYYzX3k11Tpww83,2026-10-01T00:14:10+00:00,prefill,4,,0.23,,222.48,0,1,268,43008
ap-i1jDXiUmYYzX3k11Tpww83,2026-10-01T00:14:10+00:00,decode,5,167834,0.23,285.35,,0,,,
ap-i1jDXiUmYYzX3k11Tpww83,2026-10-01T00:14:10+00:00,decode,5,125402,0.17,336.31,,0,,,
ap-i1jDXiUmYYzX3k11Tpww83,2026-10-01T00:14:11+00:00,prefill,4,,0.23,,192.4,0,1,231,44416
ap-i1jDXiUmYYzX3k11Tpww83,2026-10-01T00:14:11+00:00,decode,5,169524,0.23,272.49,,0,,,
ap-i1jDXiUmYYzX3k11Tpww83,2026-10-01T00:14:11+00:00,decode,3,108792,0.15,319.25,,0,,,
ap-i1jDXiUmYYzX3k11Tpww83,2026-10-01T00:14:12+00:00,prefill,3,,0.2,,745.57,0,1,845,41984
ap-i1jDXiUmYYzX3k11Tpww83,2026-10-01T00:14:12+00:00,decode,4,151063,0.2,198.49,,0,,,
ap-i1jDXiUmYYzX3k11Tpww83,2026-10-01T00:14:13+00:00,prefill,4,,0.27,,2420.87,0,1,1653,52736
ap-i1jDXiUmYYzX3k11Tpww83,2026-10-01T00:14:13+00:00,prefill,5,,0.3,,5156.33,0,1,292,17408
ap-i1jDXiUmYYzX3k11Tpww83,2026-10-01T00:14:13+00:00,decode,5,173444,0.23,215.07,,0,,,
ap-i1jDXiUmYYzX3k11Tpww83,2026-10-01T00:14:14+00:00,decode,5,173644,0.23,334.19,,0,,,
ap-i1jDXiUmYYzX3k11Tpww83,2026-10-01T00:14:14+00:00,prefill,5,,0.29,,488.16,0,1,424,43264
ap-i1jDXiUmYYzX3k11Tpww83,2026-10-01T00:14:14+00:00,prefill,5,,0.3,,969.93,0,1,551,44608
ap-i1jDXiUmYYzX3k11Tpww83,2026-10-01T00:14:14+00:00,decode,6,222843,0.3,287.41,,0,,,
ap-i1jDXiUmYYzX3k11Tpww83,2026-10-01T00:14:15+00:00,decode,5,180002,0.24,334.95,,0,,,
ap-i1jDXiUmYYzX3k11Tpww83,2026-10-01T00:14:15+00:00,decode,5,180202,0.24,331.17,,0,,,
ap-i1jDXiUmYYzX3k11Tpww83,2026-10-01T00:14:16+00:00,prefill,5,,0.31,,278.35,0,1,443,49152
ap-i1jDXiUmYYzX3k11Tpww83,2026-10-01T00:14:16+00:00,decode,5,212109,0.28,293.51,,0,,,
ap-i1jDXiUmYYzX3k11Tpww83,2026-10-01T00:14:17+00:00,decode,5,212309,0.28,318.43,,0,,,
ap-i1jDXiUmYYzX3k11Tpww83,2026-10-01T00:14:17+00:00,prefill,5,,0.34,,413.36,0,1,616,39168
ap-i1jDXiUmYYzX3k11Tpww83,2026-10-01T00:14:18+00:00,decode,6,251622,0.34,301.89,,0,,,
ap-i1jDXiUmYYzX3k11Tpww83,2026-10-01T00:14:18+00:00,prefill,6,,0.4,,1399.91,0,1,934,43648
ap-i1jDXiUmYYzX3k11Tpww83,2026-10-01T00:14:18+00:00,prefill,7,,0.42,,5715.82,0,1,321,17664
ap-i1jDXiUmYYzX3k11Tpww83,2026-10-01T00:14:18+00:00,decode,6,231440,0.31,331.06,,0,,,
ap-i1jDXiUmYYzX3k11Tpww83,2026-10-01T00:14:19+00:00,decode,5,187720,0.25,348.6,,0,,,
ap-i1jDXiUmYYzX3k11Tpww83,2026-10-01T00:14:20+00:00,decode,4,166140,0.22,315.06,,0,,,
ap-i1jDXiUmYYzX3k11Tpww83,2026-10-01T00:14:20+00:00,decode,4,166300,0.22,274.29,,0,,,
ap-i1jDXiUmYYzX3k11Tpww83,2026-10-01T00:14:20+00:00,prefill,4,,0.25,,100.12,0,1,230,22272
ap-i1jDXiUmYYzX3k11Tpww83,2026-10-01T00:14:21+00:00,decode,5,188311,0.25,306.11,,0,,,
ap-i1jDXiUmYYzX3k11Tpww83,2026-10-01T00:14:21+00:00,decode,4,121735,0.16,282.53,,0,,,
ap-i1jDXiUmYYzX3k11Tpww83,2026-10-01T00:14:22+00:00,decode,3,121855,0.16,219.48,,0,,,
ap-i1jDXiUmYYzX3k11Tpww83,2026-10-01T00:14:22+00:00,prefill,3,,0.22,,177.5,0,1,313,39744
ap-i1jDXiUmYYzX3k11Tpww83,2026-10-01T00:14:22+00:00,prefill,4,,0.24,,2588.84,0,1,286,17984
ap-i1jDXiUmYYzX3k11Tpww83,2026-10-01T00:14:23+00:00,prefill,5,,0.3,,1388.0,0,1,810,43008
ap-i1jDXiUmYYzX3k11Tpww83,2026-10-01T00:14:23+00:00,decode,6,222135,0.3,248.16,,0,,,
ap-i1jDXiUmYYzX3k11Tpww83,2026-10-01T00:14:23+00:00,prefill,6,,0.36,,697.47,0,1,327,49920
ap-i1jDXiUmYYzX3k11Tpww83,2026-10-01T00:14:23+00:00,decode,6,232502,0.31,347.9,,0,,,
ap-i1jDXiUmYYzX3k11Tpww83,2026-10-01T00:14:24+00:00,decode,6,232742,0.31,371.85,,0,,,
ap-i1jDXiUmYYzX3k11Tpww83,2026-10-01T00:14:25+00:00,decode,6,232982,0.31,371.81,,0,,,
ap-i1jDXiUmYYzX3k11Tpww83,2026-10-01T00:14:25+00:00,decode,5,215444,0.29,365.44,,0,,,
ap-i1jDXiUmYYzX3k11Tpww83,2026-10-01T00:14:26+00:00,decode,5,215644,0.29,317.26,,0,,,
ap-i1jDXiUmYYzX3k11Tpww83,2026-10-01T00:14:26+00:00,prefill,5,,0.25,,37.89,0,1,123,18432
ap-i1jDXiUmYYzX3k11Tpww83,2026-10-01T00:14:27+00:00,decode,5,183954,0.25,301.21,,0,,,
ap-i1jDXiUmYYzX3k11Tpww83,2026-10-01T00:14:27+00:00,prefill,5,,0.3,,1077.36,0,1,660,40000
ap-i1jDXiUmYYzX3k11Tpww83,2026-10-01T00:14:27+00:00,decode,6,224147,0.3,312.35,,0,,,
ap-i1jDXiUmYYzX3k11Tpww83,2026-10-01T00:14:28+00:00,decode,6,224387,0.3,374.57,,0,,,
ap-i1jDXiUmYYzX3k11Tpww83,2026-10-01T00:14:29+00:00,decode,5,184554,0.25,334.14,,0,,,
ap-i1jDXiUmYYzX3k11Tpww83,2026-10-01T00:14:29+00:00,prefill,4,,0.26,,184.45,0,1,391,50432
ap-i1jDXiUmYYzX3k11Tpww83,2026-10-01T00:14:29+00:00,decode,5,191362,0.26,269.56,,0,,,
ap-i1jDXiUmYYzX3k11Tpww83,2026-10-01T00:14:30+00:00,decode,4,173477,0.23,291.64,,0,,,
ap-i1jDXiUmYYzX3k11Tpww83,2026-10-01T00:14:30+00:00,decode,3,123415,0.17,234.3,,0,,,
ap-i1jDXiUmYYzX3k11Tpww83,2026-10-01T00:14:31+00:00,prefill,3,,0.19,,110.88,0,1,152,18688
ap-i1jDXiUmYYzX3k11Tpww83,2026-10-01T00:14:31+00:00,decode,4,141724,0.19,257.83,,0,,,
ap-i1jDXiUmYYzX3k11Tpww83,2026-10-01T00:14:32+00:00,decode,4,141884,0.19,283.26,,0,,,
ap-i1jDXiUmYYzX3k11Tpww83,2026-10-01T00:14:32+00:00,prefill,4,,0.24,,169.17,0,1,214,40704
ap-i1jDXiUmYYzX3k11Tpww83,2026-10-01T00:14:32+00:00,decode,5,182302,0.24,297.86,,0,,,
ap-i1jDXiUmYYzX3k11Tpww83,2026-10-01T00:14:33+00:00,prefill,5,,0.31,,321.25,0,1,278,50816
ap-i1jDXiUmYYzX3k11Tpww83,2026-10-01T00:14:33+00:00,decode,5,192624,0.26,316.16,,0,,,
ap-i1jDXiUmYYzX3k11Tpww83,2026-10-01T00:14:33+00:00,prefill,5,,0.32,,1480.6,0,1,775,44032
ap-i1jDXiUmYYzX3k11Tpww83,2026-10-01T00:14:34+00:00,decode,3,117948,0.16,284.99,,0,,,
ap-i1jDXiUmYYzX3k11Tpww83,2026-10-01T00:14:34+00:00,decode,3,118068,0.16,220.52,,0,,,
ap-i1jDXiUmYYzX3k11Tpww83,2026-10-01T00:14:35+00:00,decode,3,118188,0.16,220.33,,0,,,
ap-i1jDXiUmYYzX3k11Tpww83,2026-10-01T00:14:35+00:00,decode,3,118308,0.16,220.61,,0,,,
ap-i1jDXiUmYYzX3k11Tpww83,2026-10-01T00:14:36+00:00,decode,2,67808,0.09,207.91,,0,,,
ap-i1jDXiUmYYzX3k11Tpww83,2026-10-01T00:14:36+00:00,prefill,2,,0.12,,68.68,0,1,181,18944
ap-i1jDXiUmYYzX3k11Tpww83,2026-10-01T00:14:36+00:00,decode,3,86366,0.12,213.83,,0,,,
ap-i1jDXiUmYYzX3k11Tpww83,2026-10-01T00:14:37+00:00,decode,3,86486,0.12,230.07,,0,,,
ap-i1jDXiUmYYzX3k11Tpww83,2026-10-01T00:14:37+00:00,prefill,3,,0.17,,821.89,0,1,1091,40960
ap-i1jDXiUmYYzX3k11Tpww83,2026-10-01T00:14:38+00:00,prefill,4,,0.24,,4883.15,0,1,2767,45120
ap-i1jDXiUmYYzX3k11Tpww83,2026-10-01T00:14:38+00:00,prefill,5,,0.31,,6108.9,0,1,620,55552
ap-i1jDXiUmYYzX3k11Tpww83,2026-10-01T00:14:38+00:00,prefill,6,,0.34,,6885.64,0,1,561,25984
ap-i1jDXiUmYYzX3k11Tpww83,2026-10-01T00:14:38+00:00,decode,7,256561,0.34,146.01,,0,,,
ap-i1jDXiUmYYzX3k11Tpww83,2026-10-01T00:14:39+00:00,prefill,7,,0.34,,490.79,0,1,339,51200
ap-i1jDXiUmYYzX3k11Tpww83,2026-10-01T00:14:39+00:00,decode,7,252169,0.34,388.44,,0,,,
ap-i1jDXiUmYYzX3k11Tpww83,2026-10-01T00:14:39+00:00,prefill,5,,0.25,,1821.31,0,1,1071,0
ap-i1jDXiUmYYzX3k11Tpww83,2026-10-01T00:14:39+00:00,decode,5,167376,0.22,328.19,,0,,,
ap-i1jDXiUmYYzX3k11Tpww83,2026-10-01T00:14:40+00:00,prefill,4,,0.16,,383.34,0,1,158,23552
ap-i1jDXiUmYYzX3k11Tpww83,2026-10-01T00:14:40+00:00,decode,4,117316,0.16,279.64,,0,,,
ap-i1jDXiUmYYzX3k11Tpww83,2026-10-01T00:14:41+00:00,prefill,4,,0.18,,220.45,0,1,210,19200
ap-i1jDXiUmYYzX3k11Tpww83,2026-10-01T00:14:41+00:00,decode,5,136205,0.18,281.83,,0,,,
ap-i1jDXiUmYYzX3k11Tpww83,2026-10-01T00:14:41+00:00,decode,4,135201,0.18,303.4,,0,,,
ap-i1jDXiUmYYzX3k11Tpww83,2026-10-01T00:14:41+00:00,prefill,3,,0.2,,222.17,0,1,204,56128
ap-i1jDXiUmYYzX3k11Tpww83,2026-10-01T00:14:42+00:00,decode,4,149397,0.2,253.47,,0,,,
ap-i1jDXiUmYYzX3k11Tpww83,2026-10-01T00:14:42+00:00,decode,3,98458,0.13,232.02,,0,,,
ap-i1jDXiUmYYzX3k11Tpww83,2026-10-01T00:14:43+00:00,decode,2,42832,0.06,222.12,,0,,,
ap-i1jDXiUmYYzX3k11Tpww83,2026-10-01T00:14:44+00:00,prefill,1,,0.1,,1271.96,0,1,2710,45632
ap-i1jDXiUmYYzX3k11Tpww83,2026-10-01T00:14:44+00:00,prefill,2,,0.17,,14209.52,0,1,2355,0
ap-i1jDXiUmYYzX3k11Tpww83,2026-10-01T00:14:44+00:00,prefill,3,,0.17,,9844.0,0,1,547,51712
ap-i1jDXiUmYYzX3k11Tpww83,2026-10-01T00:14:44+00:00,prefill,4,,0.23,,5400.55,0,1,582,45056
ap-i1jDXiUmYYzX3k11Tpww83,2026-10-01T00:14:44+00:00,decode,5,169847,0.23,73.43,,0,,,
ap-i1jDXiUmYYzX3k11Tpww83,2026-10-01T00:14:45+00:00,decode,4,122346,0.16,330.39,,0,,,
ap-i1jDXiUmYYzX3k11Tpww83,2026-10-01T00:14:45+00:00,prefill,4,,0.19,,248.62,0,1,239,19456
ap-i1jDXiUmYYzX3k11Tpww83,2026-10-01T00:14:45+00:00,decode,4,139782,0.19,297.11,,0,,,
ap-i1jDXiUmYYzX3k11Tpww83,2026-10-01T00:14:46+00:00,decode,3,88246,0.12,252.48,,0,,,
ap-i1jDXiUmYYzX3k11Tpww83,2026-10-01T00:14:46+00:00,decode,3,88366,0.12,229.96,,0,,,
ap-i1jDXiUmYYzX3k11Tpww83,2026-10-01T00:14:47+00:00,prefill,3,,0.18,,286.99,0,1,496,42240
ap-i1jDXiUmYYzX3k11Tpww83,2026-10-01T00:14:47+00:00,decode,4,130549,0.18,223.13,,0,,,
ap-i1jDXiUmYYzX3k11Tpww83,2026-10-01T00:14:47+00:00,decode,3,88606,0.12,270.69,,0,,,
ap-i1jDXiUmYYzX3k11Tpww83,2026-10-01T00:14:48+00:00,prefill,2,,0.1,,1510.25,0,1,1563,1024
ap-i1jDXiUmYYzX3k11Tpww83,2026-10-01T00:14:48+00:00,prefill,3,,0.17,,2302.45,0,1,483,52224
ap-i1jDXiUmYYzX3k11Tpww83,2026-10-01T00:14:48+00:00,decode,4,171882,0.23,177.93,,0,,,
ap-i1jDXiUmYYzX3k11Tpww83,2026-10-01T00:14:48+00:00,prefill,4,,0.23,,2255.12,0,1,791,48320
ap-i1jDXiUmYYzX3k11Tpww83,2026-10-01T00:14:49+00:00,decode,4,120010,0.16,294.47,,0,,,
ap-i1jDXiUmYYzX3k11Tpww83,2026-10-01T00:14:49+00:00,decode,2,69658,0.09,228.26,,0,,,
ap-i1jDXiUmYYzX3k11Tpww83,2026-10-01T00:14:50+00:00,decode,1,24383,0.03,91.69,,0,,,
ap-i1jDXiUmYYzX3k11Tpww83,2026-10-01T00:14:50+00:00,prefill,1,,0.06,,128.14,0,1,268,19712
ap-i1jDXiUmYYzX3k11Tpww83,2026-10-01T00:14:50+00:00,decode,2,43719,0.06,81.31,,0,,,
ap-i1jDXiUmYYzX3k11Tpww83,2026-10-01T00:14:51+00:00,decode,2,43799,0.06,166.69,,0,,,
ap-i1jDXiUmYYzX3k11Tpww83,2026-10-01T00:14:51+00:00,prefill,2,,0.12,,299.01,0,1,286,42752
ap-i1jDXiUmYYzX3k11Tpww83,2026-10-01T00:14:51+00:00,decode,3,86235,0.12,161.96,,0,,,
ap-i1jDXiUmYYzX3k11Tpww83,2026-10-01T00:14:52+00:00,decode,3,86355,0.12,230.28,,0,,,
ap-i1jDXiUmYYzX3k11Tpww83,2026-10-01T00:14:52+00:00,prefill,3,,0.13,,347.61,0,1,335,52736
ap-i1jDXiUmYYzX3k11Tpww83,2026-10-01T00:14:52+00:00,prefill,4,,0.13,,75358.94,0,1,459,2560
ap-i1jDXiUmYYzX3k11Tpww83,2026-10-01T00:14:52+00:00,decode,4,98791,0.13,222.14,,0,,,
ap-i1jDXiUmYYzX3k11Tpww83,2026-10-01T00:14:53+00:00,prefill,3,,0.2,,678.29,0,1,412,49152
ap-i1jDXiUmYYzX3k11Tpww83,2026-10-01T00:14:53+00:00,decode,3,125961,0.17,234.37,,0,,,
ap-i1jDXiUmYYzX3k11Tpww83,2026-10-01T00:14:53+00:00,prefill,3,,0.23,,1788.41,0,1,803,45824
ap-i1jDXiUmYYzX3k11Tpww83,2026-10-01T00:14:54+00:00,decode,4,123119,0.17,224.07,,0,,,
ap-i1jDXiUmYYzX3k11Tpww83,2026-10-01T00:14:54+00:00,prefill,3,,0.19,,300.1,0,1,297,19968
ap-i1jDXiUmYYzX3k11Tpww83,2026-10-01T00:14:54+00:00,decode,4,142824,0.19,212.98,,0,,,
ap-i1jDXiUmYYzX3k11Tpww83,2026-10-01T00:14:55+00:00,decode,4,142984,0.19,283.01,,0,,,
ap-i1jDXiUmYYzX3k11Tpww83,2026-10-01T00:14:55+00:00,decode,4,143144,0.19,282.99,,0,,,
ap-i1jDXiUmYYzX3k11Tpww83,2026-10-01T00:14:56+00:00,prefill,4,,0.25,,370.34,0,1,600,43008
ap-i1jDXiUmYYzX3k11Tpww83,2026-10-01T00:14:56+00:00,decode,5,186241,0.25,267.0,,0,,,
ap-i1jDXiUmYYzX3k11Tpww83,2026-10-01T00:14:57+00:00,decode,5,186441,0.25,328.32,,0,,,
ap-i1jDXiUmYYzX3k11Tpww83,2026-10-01T00:14:57+00:00,prefill,4,,0.29,,187.72,0,1,236,49536
ap-i1jDXiUmYYzX3k11Tpww83,2026-10-01T00:14:57+00:00,prefill,5,,0.29,,19860.66,0,1,1044,3008
ap-i1jDXiUmYYzX3k11Tpww83,2026-10-01T00:14:57+00:00,decode,4,142408,0.19,258.15,,0,,,
ap-i1jDXiUmYYzX3k11Tpww83,2026-10-01T00:14:58+00:00,prefill,3,,0.16,,129.66,0,1,86,24832
ap-i1jDXiUmYYzX3k11Tpww83,2026-10-01T00:14:58+00:00,decode,4,117669,0.16,265.34,,0,,,
ap-i1jDXiUmYYzX3k11Tpww83,2026-10-01T00:14:59+00:00,decode,4,117829,0.16,292.6,,0,,,
ap-i1jDXiUmYYzX3k11Tpww83,2026-10-01T00:14:59+00:00,decode,3,124734,0.17,241.05,,0,,,
ap-i1jDXiUmYYzX3k11Tpww83,2026-10-01T00:14:59+00:00,prefill,3,,0.17,,380.56,0,1,523,53248
ap-i1jDXiUmYYzX3k11Tpww83,2026-10-01T00:14:59+00:00,prefill,4,,0.19,,4035.05,0,1,326,20224
ap-i1jDXiUmYYzX3k11Tpww83,2026-10-01T00:15:00+00:00,decode,5,144799,0.19,295.36,,0,,,
ap-i1jDXiUmYYzX3k11Tpww83,2026-10-01T00:15:00+00:00,decode,5,144999,0.19,346.52,,0,,,
ap-i1jDXiUmYYzX3k11Tpww83,2026-10-01T00:15:01+00:00,decode,4,141576,0.19,338.84,,0,,,
ap-i1jDXiUmYYzX3k11Tpww83,2026-10-01T00:15:01+00:00,prefill,4,,0.26,,173.58,0,1,322,49728
ap-i1jDXiUmYYzX3k11Tpww83,2026-10-01T00:15:02+00:00,decode,5,191132,0.26,292.19,,0,,,
ap-i1jDXiUmYYzX3k11Tpww83,2026-10-01T00:15:02+00:00,decode,4,171271,0.23,316.94,,0,,,
ap-i1jDXiUmYYzX3k11Tpww83,2026-10-01T00:15:03+00:00,decode,4,171431,0.23,272.44,,0,,,
ap-i1jDXiUmYYzX3k11Tpww83,2026-10-01T00:15:03+00:00,prefill,4,,0.29,,370.97,0,1,768,46848
ap-i1jDXiUmYYzX3k11Tpww83,2026-10-01T00:15:04+00:00,decode,4,165178,0.22,243.2,,0,,,
ap-i1jDXiUmYYzX3k11Tpww83,2026-10-01T00:15:04+00:00,decode,4,165338,0.22,274.95,,0,,,
ap-i1jDXiUmYYzX3k11Tpww83,2026-10-01T00:15:04+00:00,prefill,4,,0.25,,79.96,0,1,99,20736
ap-i1jDXiUmYYzX3k11Tpww83,2026-10-01T00:15:05+00:00,decode,5,185665,0.25,281.54,,0,,,
ap-i1jDXiUmYYzX3k11Tpww83,2026-10-01T00:15:05+00:00,prefill,5,,0.32,,1517.05,0,1,1216,54016
ap-i1jDXiUmYYzX3k11Tpww83,2026-10-01T00:15:06+00:00,decode,6,240424,0.32,278.26,,0,,,
ap-i1jDXiUmYYzX3k11Tpww83,2026-10-01T00:15:06+00:00,prefill,6,,0.33,,891.31,0,1,789,4032
ap-i1jDXiUmYYzX3k11Tpww83,2026-10-01T00:15:06+00:00,decode,7,244802,0.33,336.83,,0,,,
ap-i1jDXiUmYYzX3k11Tpww83,2026-10-01T00:15:07+00:00,decode,6,240904,0.32,421.32,,0,,,
ap-i1jDXiUmYYzX3k11Tpww83,2026-10-01T00:15:08+00:00,decode,6,241144,0.32,366.26,,0,,,
ap-i1jDXiUmYYzX3k11Tpww83,2026-10-01T00:15:08+00:00,decode,5,221017,0.3,331.06,,0,,,
ap-i1jDXiUmYYzX3k11Tpww83,2026-10-01T00:15:09+00:00,decode,5,221217,0.3,315.08,,0,,,
ap-i1jDXiUmYYzX3k11Tpww83,2026-10-01T00:15:09+00:00,prefill,5,,0.32,,44.79,0,1,128,20992
ap-i1jDXiUmYYzX3k11Tpww83,2026-10-01T00:15:10+00:00,decode,5,194572,0.26,325.87,,0,,,
ap-i1jDXiUmYYzX3k11Tpww83,2026-10-01T00:15:10+00:00,prefill,5,,0.27,,1288.75,0,1,1291,4864
ap-i1jDXiUmYYzX3k11Tpww83,2026-10-01T00:15:10+00:00,decode,6,200253,0.27,294.14,,0,,,
ap-i1jDXiUmYYzX3k11Tpww83,2026-10-01T00:15:11+00:00,decode,6,200493,0.27,384.59,,0,,,
ap-i1jDXiUmYYzX3k11Tpww83,2026-10-01T00:15:11+00:00,decode,6,200733,0.27,384.66,,0,,,
ap-i1jDXiUmYYzX3k11Tpww83,2026-10-01T00:15:12+00:00,decode,5,180348,0.24,382.74,,0,,,
ap-i1jDXiUmYYzX3k11Tpww83,2026-10-01T00:15:13+00:00,decode,4,125549,0.17,301.95,,0,,,
ap-i1jDXiUmYYzX3k11Tpww83,2026-10-01T00:15:13+00:00,prefill,4,,0.2,,50.41,0,1,157,21248
ap-i1jDXiUmYYzX3k11Tpww83,2026-10-01T00:15:13+00:00,decode,5,146438,0.2,284.53,,0,,,
ap-i1jDXiUmYYzX3k11Tpww83,2026-10-01T00:15:14+00:00,prefill,5,,0.26,,1235.63,0,1,737,47872
ap-i1jDXiUmYYzX3k11Tpww83,2026-10-01T00:15:14+00:00,decode,6,194576,0.26,313.92,,0,,,
ap-i1jDXiUmYYzX3k11Tpww83,2026-10-01T00:15:15+00:00,decode,6,194816,0.26,387.67,,0,,,
ap-i1jDXiUmYYzX3k11Tpww83,2026-10-01T00:15:15+00:00,prefill,6,,0.34,,460.47,0,1,657,55552
ap-i1jDXiUmYYzX3k11Tpww83,2026-10-01T00:15:15+00:00,decode,7,250586,0.34,344.05,,0,,,
ap-i1jDXiUmYYzX3k11Tpww83,2026-10-01T00:15:16+00:00,decode,7,250866,0.34,421.13,,0,,,
ap-i1jDXiUmYYzX3k11Tpww83,2026-10-01T00:15:17+00:00,decode,5,204811,0.27,382.94,,0,,,
ap-i1jDXiUmYYzX3k11Tpww83,2026-10-01T00:15:17+00:00,decode,4,154655,0.21,282.98,,0,,,
ap-i1jDXiUmYYzX3k11Tpww83,2026-10-01T00:15:17+00:00,prefill,4,,0.24,,123.92,0,1,270,25856
ap-i1jDXiUmYYzX3k11Tpww83,2026-10-01T00:15:18+00:00,prefill,5,,0.27,,665.09,0,1,186,21504
ap-i1jDXiUmYYzX3k11Tpww83,2026-10-01T00:15:18+00:00,decode,6,201307,0.27,307.7,,0,,,
ap-i1jDXiUmYYzX3k11Tpww83,2026-10-01T00:15:19+00:00,decode,6,201547,0.27,384.84,,0,,,
ap-i1jDXiUmYYzX3k11Tpww83,2026-10-01T00:15:19+00:00,decode,5,157410,0.21,366.47,,0,,,
ap-i1jDXiUmYYzX3k11Tpww83,2026-10-01T00:15:20+00:00,decode,2,47421,0.06,262.58,,0,,,
ap-i1jDXiUmYYzX3k11Tpww83,2026-10-01T00:15:20+00:00,decode,2,47501,0.06,165.63,,0,,,
ap-i1jDXiUmYYzX3k11Tpww83,2026-10-01T00:15:20+00:00,prefill,1,,0.04,,446.44,0,1,1244,0
ap-i1jDXiUmYYzX3k11Tpww83,2026-10-01T00:15:21+00:00,prefill,2,,0.11,,1291.29,0,1,467,50944
ap-i1jDXiUmYYzX3k11Tpww83,2026-10-01T00:15:21+00:00,decode,3,78353,0.11,126.29,,0,,,
ap-i1jDXiUmYYzX3k11Tpww83,2026-10-01T00:15:21+00:00,decode,3,78473,0.11,232.97,,0,,,
ap-i1jDXiUmYYzX3k11Tpww83,2026-10-01T00:15:21+00:00,prefill,3,,0.13,,348.95,0,1,215,21760
ap-i1jDXiUmYYzX3k11Tpww83,2026-10-01T00:15:22+00:00,decode,2,47766,0.06,198.22,,0,,,
ap-i1jDXiUmYYzX3k11Tpww83,2026-10-01T00:15:22+00:00,prefill,2,,0.14,,303.9,0,1,241,56320
ap-i1jDXiUmYYzX3k11Tpww83,2026-10-01T00:15:22+00:00,decode,3,103736,0.14,177.8,,0,,,
ap-i1jDXiUmYYzX3k11Tpww83,2026-10-01T00:15:23+00:00,decode,3,103856,0.14,224.76,,0,,,
ap-i1jDXiUmYYzX3k11Tpww83,2026-10-01T00:15:23+00:00,prefill,3,,0.15,,1168.69,0,1,1247,6144
ap-i1jDXiUmYYzX3k11Tpww83,2026-10-01T00:15:24+00:00,decode,3,99577,0.13,193.81,,0,,,
ap-i1jDXiUmYYzX3k11Tpww83,2026-10-01T00:15:24+00:00,prefill,3,,0.13,,1859.22,0,1,736,44800
ap-i1jDXiUmYYzX3k11Tpww83,2026-10-01T00:15:24+00:00,prefill,4,,0.14,,7178.03,0,1,2523,0
ap-i1jDXiUmYYzX3k11Tpww83,2026-10-01T00:15:24+00:00,prefill,5,,0.2,,1712.83,0,1,547,48896
ap-i1jDXiUmYYzX3k11Tpww83,2026-10-01T00:15:24+00:00,decode,4,122115,0.16,215.51,,0,,,
ap-i1jDXiUmYYzX3k11Tpww83,2026-10-01T00:15:25+00:00,decode,3,120374,0.16,274.54,,0,,,
ap-i1jDXiUmYYzX3k11Tpww83,2026-10-01T00:15:25+00:00,prefill,3,,0.23,,305.8,0,1,267,51456
ap-i1jDXiUmYYzX3k11Tpww83,2026-10-01T00:15:26+00:00,decode,4,171560,0.23,239.52,,0,,,
ap-i1jDXiUmYYzX3k11Tpww83,2026-10-01T00:15:26+00:00,prefill,3,,0.19,,367.39,0,1,244,22016
ap-i1jDXiUmYYzX3k11Tpww83,2026-10-01T00:15:26+00:00,decode,4,142214,0.19,257.25,,0,,,
ap-i1jDXiUmYYzX3k11Tpww83,2026-10-01T00:15:27+00:00,decode,4,142374,0.19,283.13,,0,,,
ap-i1jDXiUmYYzX3k11Tpww83,2026-10-01T00:15:27+00:00,prefill,4,,0.2,,243.48,0,1,335,7424
ap-i1jDXiUmYYzX3k11Tpww83,2026-10-01T00:15:27+00:00,decode,5,149616,0.2,281.77,,0,,,
ap-i1jDXiUmYYzX3k11Tpww83,2026-10-01T00:15:28+00:00,prefill,5,,0.2,,1633.99,0,1,558,2560
ap-i1jDXiUmYYzX3k11Tpww83,2026-10-01T00:15:28+00:00,decode,6,152277,0.2,362.06,,0,,,
ap-i1jDXiUmYYzX3k11Tpww83,2026-10-01T00:15:29+00:00,decode,5,150016,0.2,376.74,,0,,,
ap-i1jDXiUmYYzX3k11Tpww83,2026-10-01T00:15:29+00:00,decode,4,128416,0.17,294.35,,0,,,
ap-i1jDXiUmYYzX3k11Tpww83,2026-10-01T00:15:29+00:00,prefill,4,,0.24,,318.72,0,1,586,51712
ap-i1jDXiUmYYzX3k11Tpww83,2026-10-01T00:15:30+00:00,prefill,5,,0.27,,736.39,0,1,273,22272
ap-i1jDXiUmYYzX3k11Tpww83,2026-10-01T00:15:30+00:00,decode,6,152957,0.21,272.97,,0,,,
ap-i1jDXiUmYYzX3k11Tpww83,2026-10-01T00:15:30+00:00,decode,5,153157,0.21,342.59,,0,,,
ap-i1jDXiUmYYzX3k11Tpww83,2026-10-01T00:15:31+00:00,prefill,5,,0.21,,196.57,0,1,226,3072
ap-i1jDXiUmYYzX3k11Tpww83,2026-10-01T00:15:31+00:00,decode,6,155978,0.21,339.3,,0,,,
ap-i1jDXiUmYYzX3k11Tpww83,2026-10-01T00:15:32+00:00,decode,6,156218,0.21,406.38,,0,,,
ap-i1jDXiUmYYzX3k11Tpww83,2026-10-01T00:15:32+00:00,decode,5,153757,0.21,385.66,,0,,,
ap-i1jDXiUmYYzX3k11Tpww83,2026-10-01T00:15:33+00:00,decode,4,131891,0.18,319.17,,0,,,
ap-i1jDXiUmYYzX3k11Tpww83,2026-10-01T00:15:33+00:00,decode,4,132051,0.18,287.06,,0,,,
ap-i1jDXiUmYYzX3k11Tpww83,2026-10-01T00:15:34+00:00,prefill,4,,0.21,,100.94,0,1,302,22528
ap-i1jDXiUmYYzX3k11Tpww83,2026-10-01T00:15:34+00:00,decode,5,146839,0.2,274.42,,0,,,
ap-i1jDXiUmYYzX3k11Tpww83,2026-10-01T00:15:35+00:00,decode,4,146999,0.2,281.27,,0,,,
ap-i1jDXiUmYYzX3k11Tpww83,2026-10-01T00:15:35+00:00,prefill,4,,0.27,,936.71,0,1,772,49664
ap-i1jDXiUmYYzX3k11Tpww83,2026-10-01T00:15:35+00:00,prefill,5,,0.27,,20922.11,0,1,1498,3264
ap-i1jDXiUmYYzX3k11Tpww83,2026-10-01T00:15:35+00:00,decode,5,174428,0.23,253.03,,0,,,
ap-i1jDXiUmYYzX3k11Tpww83,2026-10-01T00:15:36+00:00,prefill,5,,0.27,,180.77,0,1,198,27136
ap-i1jDXiUmYYzX3k11Tpww83,2026-10-01T00:15:36+00:00,decode,6,201282,0.27,323.99,,0,,,
ap-i1jDXiUmYYzX3k11Tpww83,2026-10-01T00:15:37+00:00,decode,6,201522,0.27,384.33,,0,,,
ap-i1jDXiUmYYzX3k11Tpww83,2026-10-01T00:15:37+00:00,prefill,5,,0.25,,599.71,0,1,729,8192
ap-i1jDXiUmYYzX3k11Tpww83,2026-10-01T00:15:37+00:00,decode,6,187659,0.25,348.44,,0,,,
ap-i1jDXiUmYYzX3k11Tpww83,2026-10-01T00:15:38+00:00,decode,5,179612,0.24,386.91,,0,,,
ap-i1jDXiUmYYzX3k11Tpww83,2026-10-01T00:15:38+00:00,prefill,4,,0.2,,298.88,0,1,331,22784
ap-i1jDXiUmYYzX3k11Tpww83,2026-10-01T00:15:39+00:00,decode,4,145752,0.2,284.0,,0,,,
ap-i1jDXiUmYYzX3k11Tpww83,2026-10-01T00:15:39+00:00,decode,4,145912,0.2,281.59,,0,,,
ap-i1jDXiUmYYzX3k11Tpww83,2026-10-01T00:15:40+00:00,decode,3,100184,0.13,275.04,,0,,,
ap-i1jDXiUmYYzX3k11Tpww83,2026-10-01T00:15:40+00:00,prefill,3,,0.15,,138.17,0,1,258,8896
ap-i1jDXiUmYYzX3k11Tpww83,2026-10-01T00:15:40+00:00,prefill,4,,0.15,,2651.67,0,1,397,4736
ap-i1jDXiUmYYzX3k11Tpww83,2026-10-01T00:15:40+00:00,decode,5,113233,0.15,224.19,,0,,,
ap-i1jDXiUmYYzX3k11Tpww83,2026-10-01T00:15:41+00:00,decode,3,58795,0.08,325.44,,0,,,
ap-i1jDXiUmYYzX3k11Tpww83,2026-10-01T00:15:41+00:00,prefill,2,,0.12,,635.37,0,1,554,52736
ap-i1jDXiUmYYzX3k11Tpww83,2026-10-01T00:15:41+00:00,decode,3,88890,0.12,185.67,,0,,,
ap-i1jDXiUmYYzX3k11Tpww83,2026-10-01T00:15:42+00:00,prefill,3,,0.15,,350.04,0,1,265,26624
ap-i1jDXiUmYYzX3k11Tpww83,2026-10-01T00:15:42+00:00,decode,4,115222,0.15,227.01,,0,,,
ap-i1jDXiUmYYzX3k11Tpww83,2026-10-01T00:15:43+00:00,decode,4,115382,0.15,293.32,,0,,,
ap-i1jDXiUmYYzX3k11Tpww83,2026-10-01T00:15:43+00:00,decode,4,89250,0.12,292.66,,0,,,
ap-i1jDXiUmYYzX3k11Tpww83,2026-10-01T00:15:43+00:00,prefill,3,,0.15,,78.9,0,1,104,23296
ap-i1jDXiUmYYzX3k11Tpww83,2026-10-01T00:15:44+00:00,prefill,4,,0.21,,3922.49,0,1,1581,46336
ap-i1jDXiUmYYzX3k11Tpww83,2026-10-01T00:15:44+00:00,prefill,5,,0.22,,3263.47,0,1,419,5120
ap-i1jDXiUmYYzX3k11Tpww83,2026-10-01T00:15:44+00:00,decode,6,164231,0.22,226.27,,0,,,
ap-i1jDXiUmYYzX3k11Tpww83,2026-10-01T00:15:45+00:00,decode,6,164471,0.22,402.8,,0,,,
ap-i1jDXiUmYYzX3k11Tpww83,2026-10-01T00:15:45+00:00,prefill,5,,0.23,,705.93,0,1,741,50688
ap-i1jDXiUmYYzX3k11Tpww83,2026-10-01T00:15:45+00:00,decode,6,168155,0.23,346.33,,0,,,
ap-i1jDXiUmYYzX3k11Tpww83,2026-10-01T00:15:46+00:00,decode,5,163411,0.22,396.14,,0,,,
ap-i1jDXiUmYYzX3k11Tpww83,2026-10-01T00:15:46+00:00,decode,3,87754,0.12,323.12,,0,,,
ap-i1jDXiUmYYzX3k11Tpww83,2026-10-01T00:15:47+00:00,decode,2,78955,0.11,166.88,,0,,,
ap-i1jDXiUmYYzX3k11Tpww83,2026-10-01T00:15:47+00:00,decode,2,79035,0.11,157.89,,0,,,
ap-i1jDXiUmYYzX3k11Tpww83,2026-10-01T00:15:48+00:00,decode,2,79115,0.11,157.7,,0,,,
ap-i1jDXiUmYYzX3k11Tpww83,2026-10-01T00:15:48+00:00,prefill,2,,0.11,,350.12,0,1,1263,5632
ap-i1jDXiUmYYzX3k11Tpww83,2026-10-01T00:15:49+00:00,prefill,3,,0.15,,989.18,0,1,133,23552
ap-i1jDXiUmYYzX3k11Tpww83,2026-10-01T00:15:49+00:00,decode,4,108414,0.15,143.76,,0,,,
ap-i1jDXiUmYYzX3k11Tpww83,2026-10-01T00:15:49+00:00,decode,4,108574,0.15,295.89,,0,,,
ap-i1jDXiUmYYzX3k11Tpww83,2026-10-01T00:15:49+00:00,prefill,4,,0.16,,824.63,0,1,673,9472
ap-i1jDXiUmYYzX3k11Tpww83,2026-10-01T00:15:50+00:00,prefill,4,,0.21,,615.64,0,1,213,47872
ap-i1jDXiUmYYzX3k11Tpww83,2026-10-01T00:15:50+00:00,decode,5,159323,0.21,274.58,,0,,,
ap-i1jDXiUmYYzX3k11Tpww83,2026-10-01T00:15:50+00:00,decode,4,108391,0.15,318.8,,0,,,
ap-i1jDXiUmYYzX3k11Tpww83,2026-10-01T00:15:51+00:00,decode,3,61069,0.08,249.93,,0,,,
ap-i1jDXiUmYYzX3k11Tpww83,2026-10-01T00:15:51+00:00,decode,2,37987,0.05,217.15,,0,,,
ap-i1jDXiUmYYzX3k11Tpww83,2026-10-01T00:15:52+00:00,decode,2,38067,0.05,168.13,,0,,,
ap-i1jDXiUmYYzX3k11Tpww83,2026-10-01T00:15:52+00:00,decode,2,38147,0.05,168.29,,0,,,
ap-i1jDXiUmYYzX3k11Tpww83,2026-10-01T00:15:53+00:00,prefill,2,,0.06,,220.79,0,1,628,6912
ap-i1jDXiUmYYzX3k11Tpww83,2026-10-01T00:15:53+00:00,prefill,3,,0.09,,1417.05,0,1,162,23808
ap-i1jDXiUmYYzX3k11Tpww83,2026-10-01T00:15:53+00:00,decode,3,40589,0.05,199.54,,0,,,
ap-i1jDXiUmYYzX3k11Tpww83,2026-10-01T00:15:53+00:00,decode,3,40709,0.05,247.3,,0,,,
ap-i1jDXiUmYYzX3k11Tpww83,2026-10-01T00:15:54+00:00,decode,2,33874,0.05,179.01,,0,,,
ap-i1jDXiUmYYzX3k11Tpww83,2026-10-01T00:15:54+00:00,prefill,2,,0.08,,102.28,0,1,126,28416
ap-i1jDXiUmYYzX3k11Tpww83,2026-10-01T00:15:54+00:00,decode,3,61846,0.08,219.73,,0,,,
ap-i1jDXiUmYYzX3k11Tpww83,2026-10-01T00:15:54+00:00,prefill,3,,0.15,,1165.41,0,1,710,51712
ap-i1jDXiUmYYzX3k11Tpww83,2026-10-01T00:15:55+00:00,decode,4,113739,0.15,247.82,,0,,,
ap-i1jDXiUmYYzX3k11Tpww83,2026-10-01T00:15:55+00:00,prefill,3,,0.19,,191.32,0,1,142,48128
ap-i1jDXiUmYYzX3k11Tpww83,2026-10-01T00:15:56+00:00,decode,3,128081,0.17,238.76,,0,,,
ap-i1jDXiUmYYzX3k11Tpww83,2026-10-01T00:15:56+00:00,prefill,3,,0.18,,891.61,0,1,576,7488
ap-i1jDXiUmYYzX3k11Tpww83,2026-10-01T00:15:56+00:00,decode,3,87952,0.12,221.82,,0,,,
ap-i1jDXiUmYYzX3k11Tpww83,2026-10-01T00:15:57+00:00,decode,3,88072,0.12,230.15,,0,,,
ap-i1jDXiUmYYzX3k11Tpww83,2026-10-01T00:15:57+00:00,prefill,3,,0.15,,144.8,0,1,191,24064
ap-i1jDXiUmYYzX3k11Tpww83,2026-10-01T00:15:57+00:00,decode,4,111766,0.15,223.19,,0,,,
ap-i1jDXiUmYYzX3k11Tpww83,2026-10-01T00:15:58+00:00,decode,4,111926,0.15,294.85,,0,,,
ap-i1jDXiUmYYzX3k11Tpww83,2026-10-01T00:15:58+00:00,prefill,3,,0.15,,851.23,0,1,787,10496
ap-i1jDXiUmYYzX3k11Tpww83,2026-10-01T00:15:58+00:00,decode,4,115145,0.15,234.46,,0,,,
ap-i1jDXiUmYYzX3k11Tpww83,2026-10-01T00:15:59+00:00,decode,4,115305,0.15,293.51,,0,,,
ap-i1jDXiUmYYzX3k11Tpww83,2026-10-01T00:16:00+00:00,decode,4,115465,0.15,293.26,,0,,,
ap-i1jDXiUmYYzX3k11Tpww83,2026-10-01T00:16:00+00:00,prefill,4,,0.15,,113.42,0,1,181,48256
ap-i1jDXiUmYYzX3k11Tpww83,2026-10-01T00:16:00+00:00,decode,2,39718,0.05,251.88,,0,,,
ap-i1jDXiUmYYzX3k11Tpww83,2026-10-01T00:16:00+00:00,prefill,2,,0.06,,322.02,0,1,196,8192
ap-i1jDXiUmYYzX3k11Tpww83,2026-10-01T00:16:01+00:00,decode,3,47521,0.06,197.14,,0,,,
ap-i1jDXiUmYYzX3k11Tpww83,2026-10-01T00:16:01+00:00,decode,3,47641,0.06,244.53,,0,,,
ap-i1jDXiUmYYzX3k11Tpww83,2026-10-01T00:16:02+00:00,decode,2,39958,0.05,212.24,,0,,,
ap-i1jDXiUmYYzX3k11Tpww83,2026-10-01T00:16:02+00:00,prefill,2,,0.09,,137.57,0,1,220,24320
ap-i1jDXiUmYYzX3k11Tpww83,2026-10-01T00:16:02+00:00,decode,3,63907,0.09,180.27,,0,,,
ap-i1jDXiUmYYzX3k11Tpww83,2026-10-01T00:16:03+00:00,decode,3,64027,0.09,238.43,,0,,,
ap-i1jDXiUmYYzX3k11Tpww83,2026-10-01T00:16:03+00:00,decode,2,53170,0.07,192.59,,0,,,
ap-i1jDXiUmYYzX3k11Tpww83,2026-10-01T00:16:04+00:00,decode,2,53250,0.07,164.18,,0,,,
ap-i1jDXiUmYYzX3k11Tpww83,2026-10-01T00:16:04+00:00,prefill,2,,0.14,,88.9,0,1,165,48384
ap-i1jDXiUmYYzX3k11Tpww83,2026-10-01T00:16:04+00:00,prefill,3,,0.15,,2286.58,0,1,464,8448
ap-i1jDXiUmYYzX3k11Tpww83,2026-10-01T00:16:04+00:00,decode,4,109459,0.15,204.27,,0,,,
ap-i1jDXiUmYYzX3k11Tpww83,2026-10-01T00:16:04+00:00,prefill,3,,0.15,,1157.48,0,1,520,52736
ap-i1jDXiUmYYzX3k11Tpww83,2026-10-01T00:16:05+00:00,decode,3,90220,0.12,212.87,,0,,,
ap-i1jDXiUmYYzX3k11Tpww83,2026-10-01T00:16:05+00:00,decode,3,90340,0.12,229.27,,0,,,
ap-i1jDXiUmYYzX3k11Tpww83,2026-10-01T00:16:06+00:00,prefill,3,,0.17,,200.72,0,1,249,24576
ap-i1jDXiUmYYzX3k11Tpww83,2026-10-01T00:16:06+00:00,prefill,4,,0.17,,41086.97,0,1,506,11520
ap-i1jDXiUmYYzX3k11Tpww83,2026-10-01T00:16:06+00:00,decode,5,125977,0.17,252.36,,0,,,
ap-i1jDXiUmYYzX3k11Tpww83,2026-10-01T00:16:07+00:00,decode,5,126177,0.17,354.89,,0,,,
ap-i1jDXiUmYYzX3k11Tpww83,2026-10-01T00:16:07+00:00,decode,5,126377,0.17,355.37,,0,,,
ap-i1jDXiUmYYzX3k11Tpww83,2026-10-01T00:16:08+00:00,decode,5,126577,0.17,355.19,,0,,,
ap-i1jDXiUmYYzX3k11Tpww83,2026-10-01T00:16:08+00:00,prefill,5,,0.23,,53.67,0,1,133,48512
ap-i1jDXiUmYYzX3k11Tpww83,2026-10-01T00:16:08+00:00,decode,6,174741,0.23,340.44,,0,,,
ap-i1jDXiUmYYzX3k11Tpww83,2026-10-01T00:16:09+00:00,decode,5,150622,0.2,357.52,,0,,,
ap-i1jDXiUmYYzX3k11Tpww83,2026-10-01T00:16:09+00:00,decode,2,82580,0.11,274.9,,0,,,
ap-i1jDXiUmYYzX3k11Tpww83,2026-10-01T00:16:10+00:00,prefill,2,,0.07,,181.28,0,1,278,24832
ap-i1jDXiUmYYzX3k11Tpww83,2026-10-01T00:16:10+00:00,decode,2,54146,0.07,148.11,,0,,,
ap-i1jDXiUmYYzX3k11Tpww83,2026-10-01T00:16:10+00:00,decode,1,25172,0.03,95.83,,0,,,
ap-i1jDXiUmYYzX3k11Tpww83,2026-10-01T00:16:11+00:00,decode,1,25212,0.03,83.59,,0,,,
ap-i1jDXiUmYYzX3k11Tpww83,2026-10-01T00:16:11+00:00,prefill,1,,0.05,,271.04,0,1,412,12032
ap-i1jDXiUmYYzX3k11Tpww83,2026-10-01T00:16:11+00:00,prefill,2,,0.1,,292.87,0,1,54,29696
ap-i1jDXiUmYYzX3k11Tpww83,2026-10-01T00:16:11+00:00,prefill,3,,0.1,,18517.32,0,1,800,8896
ap-i1jDXiUmYYzX3k11Tpww83,2026-10-01T00:16:12+00:00,decode,4,75114,0.1,115.52,,0,,,
ap-i1jDXiUmYYzX3k11Tpww83,2026-10-01T00:16:12+00:00,decode,3,63460,0.09,280.35,,0,,,
ap-i1jDXiUmYYzX3k11Tpww83,2026-10-01T00:16:13+00:00,decode,2,38935,0.05,184.58,,0,,,
ap-i1jDXiUmYYzX3k11Tpww83,2026-10-01T00:16:13+00:00,decode,1,29879,0.04,137.99,,0,,,
ap-i1jDXiUmYYzX3k11Tpww83,2026-10-01T00:16:13+00:00,prefill,1,,0.1,,100.27,0,1,179,48640
ap-i1jDXiUmYYzX3k11Tpww83,2026-10-01T00:16:13+00:00,prefill,2,,0.14,,2351.88,0,1,307,25088
ap-i1jDXiUmYYzX3k11Tpww83,2026-10-01T00:16:14+00:00,decode,3,102804,0.14,143.68,,0,,,
ap-i1jDXiUmYYzX3k11Tpww83,2026-10-01T00:16:14+00:00,decode,3,102924,0.14,224.99,,0,,,
ap-i1jDXiUmYYzX3k11Tpww83,2026-10-01T00:16:14+00:00,prefill,3,,0.21,,833.8,0,1,746,53504
ap-i1jDXiUmYYzX3k11Tpww83,2026-10-01T00:16:14+00:00,prefill,4,,0.22,,6705.8,0,1,492,9728
ap-i1jDXiUmYYzX3k11Tpww83,2026-10-01T00:16:15+00:00,decode,4,129957,0.17,237.92,,0,,,
ap-i1jDXiUmYYzX3k11Tpww83,2026-10-01T00:16:15+00:00,prefill,4,,0.17,,449.54,0,1,255,12416
ap-i1jDXiUmYYzX3k11Tpww83,2026-10-01T00:16:15+00:00,decode,5,130162,0.17,351.68,,0,,,
ap-i1jDXiUmYYzX3k11Tpww83,2026-10-01T00:16:16+00:00,decode,5,130362,0.17,353.27,,0,,,
ap-i1jDXiUmYYzX3k11Tpww83,2026-10-01T00:16:17+00:00,decode,4,93531,0.13,312.57,,0,,,
ap-i1jDXiUmYYzX3k11Tpww83,2026-10-01T00:16:17+00:00,decode,3,93651,0.13,230.43,,0,,,
ap-i1jDXiUmYYzX3k11Tpww83,2026-10-01T00:16:17+00:00,prefill,3,,0.16,,138.05,0,1,336,25344
ap-i1jDXiUmYYzX3k11Tpww83,2026-10-01T00:16:18+00:00,decode,4,118791,0.16,250.38,,0,,,
ap-i1jDXiUmYYzX3k11Tpww83,2026-10-01T00:16:18+00:00,decode,3,109142,0.15,257.39,,0,,,
ap-i1jDXiUmYYzX3k11Tpww83,2026-10-01T00:16:18+00:00,prefill,3,,0.21,,131.77,0,1,143,48896
ap-i1jDXiUmYYzX3k11Tpww83,2026-10-01T00:16:19+00:00,decode,3,109262,0.15,245.75,,0,,,
ap-i1jDXiUmYYzX3k11Tpww83,2026-10-01T00:16:19+00:00,decode,3,122334,0.16,209.32,,0,,,
ap-i1jDXiUmYYzX3k11Tpww83,2026-10-01T00:16:19+00:00,prefill,3,,0.16,,984.62,0,1,1036,12608
ap-i1jDXiUmYYzX3k11Tpww83,2026-10-01T00:16:20+00:00,decode,3,68535,0.09,222.83,,0,,,
ap-i1jDXiUmYYzX3k11Tpww83,2026-10-01T00:16:21+00:00,prefill,2,,0.07,,925.62,0,1,973,10240
ap-i1jDXiUmYYzX3k11Tpww83,2026-10-01T00:16:21+00:00,decode,3,53963,0.07,152.43,,0,,,
ap-i1jDXiUmYYzX3k11Tpww83,2026-10-01T00:16:21+00:00,decode,3,54083,0.07,242.22,,0,,,
ap-i1jDXiUmYYzX3k11Tpww83,2026-10-01T00:16:21+00:00,prefill,3,,0.11,,145.86,0,1,109,25856
ap-i1jDXiUmYYzX3k11Tpww83,2026-10-01T00:16:22+00:00,decode,4,79508,0.11,267.13,,0,,,
ap-i1jDXiUmYYzX3k11Tpww83,2026-10-01T00:16:22+00:00,decode,3,69020,0.09,292.92,,0,,,
ap-i1jDXiUmYYzX3k11Tpww83,2026-10-01T00:16:23+00:00,prefill,3,,0.16,,111.58,0,1,143,49024
ap-i1jDXiUmYYzX3k11Tpww83,2026-10-01T00:16:23+00:00,decode,4,117628,0.16,233.39,,0,,,
ap-i1jDXiUmYYzX3k11Tpww83,2026-10-01T00:16:23+00:00,decode,3,69260,0.09,272.23,,0,,,
ap-i1jDXiUmYYzX3k11Tpww83,2026-10-01T00:16:24+00:00,decode,3,69380,0.09,236.21,,0,,,
ap-i1jDXiUmYYzX3k11Tpww83,2026-10-01T00:16:24+00:00,prefill,2,,0.13,,488.63,0,1,716,54528
ap-i1jDXiUmYYzX3k11Tpww83,2026-10-01T00:16:24+00:00,decode,3,98576,0.13,176.52,,0,,,
ap-i1jDXiUmYYzX3k11Tpww83,2026-10-01T00:16:25+00:00,prefill,3,,0.15,,316.01,0,1,207,11264
ap-i1jDXiUmYYzX3k11Tpww83,2026-10-01T00:16:25+00:00,decode,4,109495,0.15,238.36,,0,,,
ap-i1jDXiUmYYzX3k11Tpww83,2026-10-01T00:16:25+00:00,prefill,4,,0.18,,268.68,0,1,138,26112
ap-i1jDXiUmYYzX3k11Tpww83,2026-10-01T00:16:25+00:00,decode,5,135240,0.18,305.18,,0,,,
ap-i1jDXiUmYYzX3k11Tpww83,2026-10-01T00:16:26+00:00,decode,5,135440,0.18,350.79,,0,,,
ap-i1jDXiUmYYzX3k11Tpww83,2026-10-01T00:16:27+00:00,decode,4,124721,0.17,317.54,,0,,,
ap-i1jDXiUmYYzX3k11Tpww83,2026-10-01T00:16:27+00:00,prefill,4,,0.23,,67.43,0,1,112,49152
ap-i1jDXiUmYYzX3k11Tpww83,2026-10-01T00:16:27+00:00,decode,5,173483,0.23,299.8,,0,,,
ap-i1jDXiUmYYzX3k11Tpww83,2026-10-01T00:16:28+00:00,decode,3,94811,0.13,316.94,,0,,,
ap-i1jDXiUmYYzX3k11Tpww83,2026-10-01T00:16:28+00:00,decode,2,69146,0.09,175.82,,0,,,
ap-i1jDXiUmYYzX3k11Tpww83,2026-10-01T00:16:29+00:00,prefill,2,,0.13,,130.98,0,1,238,30720
ap-i1jDXiUmYYzX3k11Tpww83,2026-10-01T00:16:29+00:00,decode,3,99512,0.13,173.98,,0,,,
ap-i1jDXiUmYYzX3k11Tpww83,2026-10-01T00:16:29+00:00,decode,2,44691,0.06,206.29,,0,,,
ap-i1jDXiUmYYzX3k11Tpww83,2026-10-01T00:16:30+00:00,decode,2,44771,0.06,166.45,,0,,,
ap-i1jDXiUmYYzX3k11Tpww83,2026-10-01T00:16:30+00:00,prefill,2,,0.09,,106.35,0,1,167,26368
ap-i1jDXiUmYYzX3k11Tpww83,2026-10-01T00:16:30+00:00,decode,3,70713,0.09,176.69,,0,,,
ap-i1jDXiUmYYzX3k11Tpww83,2026-10-01T00:16:31+00:00,decode,3,70833,0.1,236.19,,0,,,
ap-i1jDXiUmYYzX3k11Tpww83,2026-10-01T00:16:31+00:00,prefill,3,,0.16,,149.78,0,1,169,49216
ap-i1jDXiUmYYzX3k11Tpww83,2026-10-01T00:16:31+00:00,decode,4,119657,0.16,230.01,,0,,,
ap-i1jDXiUmYYzX3k11Tpww83,2026-10-01T00:16:32+00:00,decode,4,119817,0.16,291.38,,0,,,
ap-i1jDXiUmYYzX3k11Tpww83,2026-10-01T00:16:33+00:00,decode,3,71193,0.1,261.57,,0,,,
ap-i1jDXiUmYYzX3k11Tpww83,2026-10-01T00:16:33+00:00,decode,2,45251,0.06,196.79,,0,,,
ap-i1jDXiUmYYzX3k11Tpww83,2026-10-01T00:16:33+00:00,decode,2,45331,0.06,166.36,,0,,,
ap-i1jDXiUmYYzX3k11Tpww83,2026-10-01T00:16:34+00:00,prefill,2,,0.14,,380.66,0,1,928,55552
ap-i1jDXiUmYYzX3k11Tpww83,2026-10-01T00:16:34+00:00,prefill,3,,0.17,,2188.66,0,1,196,26624
ap-i1jDXiUmYYzX3k11Tpww83,2026-10-01T00:16:34+00:00,decode,4,127389,0.17,186.04,,0,,,
ap-i1jDXiUmYYzX3k11Tpww83,2026-10-01T00:16:35+00:00,decode,4,127549,0.17,288.62,,0,,,
ap-i1jDXiUmYYzX3k11Tpww83,2026-10-01T00:16:35+00:00,decode,4,127709,0.17,288.37,,0,,,
ap-i1jDXiUmYYzX3k11Tpww83,2026-10-01T00:16:36+00:00,decode,4,127869,0.17,288.13,,0,,,
ap-i1jDXiUmYYzX3k11Tpww83,2026-10-01T00:16:36+00:00,prefill,4,,0.24,,54.86,0,1,123,49408
ap-i1jDXiUmYYzX3k11Tpww83,2026-10-01T00:16:36+00:00,decode,4,162700,0.22,266.18,,0,,,
ap-i1jDXiUmYYzX3k11Tpww83,2026-10-01T00:16:37+00:00,decode,3,136503,0.18,225.85,,0,,,
ap-i1jDXiUmYYzX3k11Tpww83,2026-10-01T00:16:38+00:00,decode,3,136623,0.18,215.08,,0,,,
ap-i1jDXiUmYYzX3k11Tpww83,2026-10-01T00:16:38+00:00,decode,2,87756,0.12,160.5,,0,,,
ap-i1jDXiUmYYzX3k11Tpww83,2026-10-01T00:16:39+00:00,decode,2,87836,0.12,155.62,,0,,,
ap-i1jDXiUmYYzX3k11Tpww83,2026-10-01T00:16:39+00:00,prefill,2,,0.15,,86.89,0,1,225,26880
ap-i1jDXiUmYYzX3k11Tpww83,2026-10-01T00:16:39+00:00,decode,2,58190,0.08,193.43,,0,,,
ap-i1jDXiUmYYzX3k11Tpww83,2026-10-01T00:16:39+00:00,prefill,2,,0.1,,837.22,0,1,552,14848
ap-i1jDXiUmYYzX3k11Tpww83,2026-10-01T00:16:40+00:00,decode,3,74625,0.1,183.35,,0,,,
ap-i1jDXiUmYYzX3k11Tpww83,2026-10-01T00:16:40+00:00,prefill,3,,0.1,,3192.11,0,1,1616,0
ap-i1jDXiUmYYzX3k11Tpww83,2026-10-01T00:16:40+00:00,decode,4,74784,0.1,264.35,,0,,,
ap-i1jDXiUmYYzX3k11Tpww83,2026-10-01T00:16:41+00:00,decode,3,73252,0.1,271.34,,0,,,
ap-i1jDXiUmYYzX3k11Tpww83,2026-10-01T00:16:41+00:00,prefill,2,,0.14,,68.61,0,1,105,56832
ap-i1jDXiUmYYzX3k11Tpww83,2026-10-01T00:16:41+00:00,decode,3,103012,0.14,214.63,,0,,,
ap-i1jDXiUmYYzX3k11Tpww83,2026-10-01T00:16:42+00:00,prefill,3,,0.2,,1200.84,0,1,298,49472
ap-i1jDXiUmYYzX3k11Tpww83,2026-10-01T00:16:42+00:00,decode,4,152243,0.2,243.19,,0,,,
ap-i1jDXiUmYYzX3k11Tpww83,2026-10-01T00:16:43+00:00,prefill,3,,0.13,,3158.84,0,1,3178,0
ap-i1jDXiUmYYzX3k11Tpww83,2026-10-01T00:16:43+00:00,decode,4,98572,0.13,182.74,,0,,,
ap-i1jDXiUmYYzX3k11Tpww83,2026-10-01T00:16:43+00:00,prefill,4,,0.17,,985.39,0,1,254,27136
ap-i1jDXiUmYYzX3k11Tpww83,2026-10-01T00:16:43+00:00,decode,5,125472,0.17,327.29,,0,,,
ap-i1jDXiUmYYzX3k11Tpww83,2026-10-01T00:16:44+00:00,decode,3,73857,0.1,294.21,,0,,,
ap-i1jDXiUmYYzX3k11Tpww83,2026-10-01T00:16:44+00:00,decode,3,73977,0.1,234.99,,0,,,
ap-i1jDXiUmYYzX3k11Tpww83,2026-10-01T00:16:45+00:00,decode,2,42651,0.06,215.34,,0,,,
ap-i1jDXiUmYYzX3k11Tpww83,2026-10-01T00:16:45+00:00,prefill,2,,0.09,,229.33,0,1,558,26880
ap-i1jDXiUmYYzX3k11Tpww83,2026-10-01T00:16:46+00:00,decode,2,42596,0.06,157.6,,0,,,
ap-i1jDXiUmYYzX3k11Tpww83,2026-10-01T00:16:46+00:00,prefill,2,,0.1,,500.25,0,1,166,32000
ap-i1jDXiUmYYzX3k11Tpww83,2026-10-01T00:16:46+00:00,decode,3,74183,0.1,201.96,,0,,,
ap-i1jDXiUmYYzX3k11Tpww83,2026-10-01T00:16:47+00:00,decode,1,32236,0.04,169.3,,0,,,
ap-i1jDXiUmYYzX3k11Tpww83,2026-10-01T00:16:47+00:00,prefill,1,,0.05,,1545.07,0,1,2094,1408
ap-i1jDXiUmYYzX3k11Tpww83,2026-10-01T00:16:47+00:00,decode,2,35104,0.05,81.89,,0,,,
ap-i1jDXiUmYYzX3k11Tpww83,2026-10-01T00:16:48+00:00,prefill,2,,0.11,,552.19,0,1,293,49728
ap-i1jDXiUmYYzX3k11Tpww83,2026-10-01T00:16:48+00:00,prefill,3,,0.15,,1597.99,0,1,283,27392
ap-i1jDXiUmYYzX3k11Tpww83,2026-10-01T00:16:48+00:00,decode,4,111520,0.15,160.5,,0,,,
ap-i1jDXiUmYYzX3k11Tpww83,2026-10-01T00:16:48+00:00,decode,3,62295,0.08,264.09,,0,,,
ap-i1jDXiUmYYzX3k11Tpww83,2026-10-01T00:16:48+00:00,prefill,3,,0.12,,788.34,0,1,505,27392
ap-i1jDXiUmYYzX3k11Tpww83,2026-10-01T00:16:49+00:00,decode,4,89663,0.12,268.63,,0,,,
ap-i1jDXiUmYYzX3k11Tpww83,2026-10-01T00:16:49+00:00,prefill,3,,0.11,,845.12,0,1,720,15872
ap-i1jDXiUmYYzX3k11Tpww83,2026-10-01T00:16:49+00:00,decode,3,75468,0.1,240.6,,0,,,
ap-i1jDXiUmYYzX3k11Tpww83,2026-10-01T00:16:50+00:00,decode,3,75588,0.1,234.18,,0,,,
ap-i1jDXiUmYYzX3k11Tpww83,2026-10-01T00:16:50+00:00,decode,2,48517,0.07,214.04,,0,,,
ap-i1jDXiUmYYzX3k11Tpww83,2026-10-01T00:16:51+00:00,decode,2,48597,0.07,165.62,,0,,,
ap-i1jDXiUmYYzX3k11Tpww83,2026-10-01T00:16:51+00:00,prefill,2,,0.1,,166.4,0,1,372,27904
ap-i1jDXiUmYYzX3k11Tpww83,2026-10-01T00:16:51+00:00,decode,3,76268,0.1,153.23,,0,,,
ap-i1jDXiUmYYzX3k11Tpww83,2026-10-01T00:16:52+00:00,prefill,3,,0.14,,2284.66,0,1,312,27648
ap-i1jDXiUmYYzX3k11Tpww83,2026-10-01T00:16:52+00:00,decode,4,103696,0.14,266.01,,0,,,
ap-i1jDXiUmYYzX3k11Tpww83,2026-10-01T00:16:52+00:00,prefill,3,,0.19,,164.66,0,1,144,49984
ap-i1jDXiUmYYzX3k11Tpww83,2026-10-01T00:16:52+00:00,prefill,4,,0.19,,38130.85,0,1,309,3456
ap-i1jDXiUmYYzX3k11Tpww83,2026-10-01T00:16:53+00:00,decode,4,112571,0.15,254.35,,0,,,
ap-i1jDXiUmYYzX3k11Tpww83,2026-10-01T00:16:53+00:00,decode,3,63237,0.08,263.07,,0,,,
ap-i1jDXiUmYYzX3k11Tpww83,2026-10-01T00:16:54+00:00,decode,2,60184,0.08,179.91,,0,,,
ap-i1jDXiUmYYzX3k11Tpww83,2026-10-01T00:16:54+00:00,decode,1,32796,0.04,154.42,,0,,,
ap-i1jDXiUmYYzX3k11Tpww83,2026-10-01T00:16:55+00:00,decode,1,32836,0.04,82.66,,0,,,
ap-i1jDXiUmYYzX3k11Tpww83,2026-10-01T00:16:55+00:00,prefill,1,,0.08,,58.79,0,1,153,28224
ap-i1jDXiUmYYzX3k11Tpww83,2026-10-01T00:16:55+00:00,decode,2,60576,0.08,93.71,,0,,,
ap-i1jDXiUmYYzX3k11Tpww83,2026-10-01T00:16:55+00:00,prefill,2,,0.1,,1825.81,0,1,474,16640
ap-i1jDXiUmYYzX3k11Tpww83,2026-10-01T00:16:56+00:00,prefill,3,,0.14,,1806.78,0,1,341,27904
ap-i1jDXiUmYYzX3k11Tpww83,2026-10-01T00:16:56+00:00,decode,4,104694,0.14,215.02,,0,,,
ap-i1jDXiUmYYzX3k11Tpww83,2026-10-01T00:16:56+00:00,decode,3,77074,0.1,237.17,,0,,,
ap-i1jDXiUmYYzX3k11Tpww83,2026-10-01T00:16:57+00:00,prefill,3,,0.11,,409.8,0,1,469,3712
ap-i1jDXiUmYYzX3k11Tpww83,2026-10-01T00:16:57+00:00,prefill,4,,0.17,,456.84,0,1,108,50112
ap-i1jDXiUmYYzX3k11Tpww83,2026-10-01T00:16:57+00:00,decode,5,130238,0.17,229.06,,0,,,
ap-i1jDXiUmYYzX3k11Tpww83,2026-10-01T00:16:57+00:00,decode,4,126887,0.17,340.39,,0,,,
ap-i1jDXiUmYYzX3k11Tpww83,2026-10-01T00:16:58+00:00,decode,4,127047,0.17,288.75,,0,,,
ap-i1jDXiUmYYzX3k11Tpww83,2026-10-01T00:16:58+00:00,prefill,2,,0.1,,24.77,0,1,36,28416
ap-i1jDXiUmYYzX3k11Tpww83,2026-10-01T00:16:59+00:00,decode,3,77557,0.1,209.44,,0,,,
ap-i1jDXiUmYYzX3k11Tpww83,2026-10-01T00:16:59+00:00,decode,2,49854,0.07,225.84,,0,,,
ap-i1jDXiUmYYzX3k11Tpww83,2026-10-01T00:17:00+00:00,decode,2,49934,0.07,165.01,,0,,,
ap-i1jDXiUmYYzX3k11Tpww83,2026-10-01T00:17:00+00:00,prefill,2,,0.1,,86.56,0,1,114,28416
ap-i1jDXiUmYYzX3k11Tpww83,2026-10-01T00:17:00+00:00,prefill,3,,0.11,,2431.86,0,1,401,4160
ap-i1jDXiUmYYzX3k11Tpww83,2026-10-01T00:17:00+00:00,decode,4,81793,0.11,235.69,,0,,,
ap-i1jDXiUmYYzX3k11Tpww83,2026-10-01T00:17:01+00:00,decode,3,78013,0.1,278.15,,0,,,
ap-i1jDXiUmYYzX3k11Tpww83,2026-10-01T00:17:01+00:00,decode,3,78133,0.1,233.26,,0,,,
ap-i1jDXiUmYYzX3k11Tpww83,2026-10-01T00:17:02+00:00,prefill,2,,0.1,,64.98,0,1,112,28416
ap-i1jDXiUmYYzX3k11Tpww83,2026-10-01T00:17:02+00:00,decode,2,56542,0.08,181.13,,0,,,
ap-i1jDXiUmYYzX3k11Tpww83,2026-10-01T00:17:02+00:00,prefill,2,,0.14,,966.78,0,1,229,50176
ap-i1jDXiUmYYzX3k11Tpww83,2026-10-01T00:17:02+00:00,decode,1,50444,0.07,179.22,,0,,,
ap-i1jDXiUmYYzX3k11Tpww83,2026-10-01T00:17:03+00:00,prefill,0,,0.04,,103.76,0,1,94,33280
ap-i1jDXiUmYYzX3k11Tpww83,2026-10-01T00:17:03+00:00,decode,1,33410,0.04,48.17,,0,,,
ap-i1jDXiUmYYzX3k11Tpww83,2026-10-01T00:17:04+00:00,prefill,1,,0.08,,163.46,0,1,143,28672
ap-i1jDXiUmYYzX3k11Tpww83,2026-10-01T00:17:04+00:00,decode,2,61585,0.08,87.99,,0,,,
ap-i1jDXiUmYYzX3k11Tpww83,2026-10-01T00:17:04+00:00,prefill,2,,0.09,,1313.46,0,1,334,4608
ap-i1jDXiUmYYzX3k11Tpww83,2026-10-01T00:17:04+00:00,decode,3,65949,0.09,200.62,,0,,,
ap-i1jDXiUmYYzX3k11Tpww83,2026-10-01T00:17:05+00:00,prefill,2,,0.12,,155.17,0,1,114,28480
ap-i1jDXiUmYYzX3k11Tpww83,2026-10-01T00:17:05+00:00,prefill,3,,0.14,,5048.73,0,1,663,17408
ap-i1jDXiUmYYzX3k11Tpww83,2026-10-01T00:17:05+00:00,decode,4,107057,0.14,194.79,,0,,,
ap-i1jDXiUmYYzX3k11Tpww83,2026-10-01T00:17:05+00:00,decode,3,89786,0.12,281.88,,0,,,
ap-i1jDXiUmYYzX3k11Tpww83,2026-10-01T00:17:06+00:00,decode,2,61905,0.08,176.1,,0,,,
ap-i1jDXiUmYYzX3k11Tpww83,2026-10-01T00:17:06+00:00,prefill,1,,0.11,,80.42,0,1,125,50432
ap-i1jDXiUmYYzX3k11Tpww83,2026-10-01T00:17:06+00:00,decode,2,83529,0.11,138.65,,0,,,
ap-i1jDXiUmYYzX3k11Tpww83,2026-10-01T00:17:07+00:00,decode,2,83609,0.11,156.83,,0,,,
ap-i1jDXiUmYYzX3k11Tpww83,2026-10-01T00:17:07+00:00,prefill,2,,0.12,,1219.53,0,1,995,4928
ap-i1jDXiUmYYzX3k11Tpww83,2026-10-01T00:17:08+00:00,decode,3,88958,0.12,186.05,,0,,,
ap-i1jDXiUmYYzX3k11Tpww83,2026-10-01T00:17:08+00:00,decode,2,39079,0.05,184.44,,0,,,
ap-i1jDXiUmYYzX3k11Tpww83,2026-10-01T00:17:08+00:00,prefill,2,,0.09,,110.56,0,1,135,28544
ap-i1jDXiUmYYzX3k11Tpww83,2026-10-01T00:17:09+00:00,decode,3,95579,0.13,172.89,,0,,,
ap-i1jDXiUmYYzX3k11Tpww83,2026-10-01T00:17:09+00:00,prefill,3,,0.13,,675.77,0,1,172,28928
ap-i1jDXiUmYYzX3k11Tpww83,2026-10-01T00:17:09+00:00,prefill,4,,0.15,,4251.81,0,1,383,18048
ap-i1jDXiUmYYzX3k11Tpww83,2026-10-01T00:17:09+00:00,decode,4,85472,0.11,310.13,,0,,,
ap-i1jDXiUmYYzX3k11Tpww83,2026-10-01T00:17:10+00:00,decode,4,85632,0.11,306.28,,0,,,
ap-i1jDXiUmYYzX3k11Tpww83,2026-10-01T00:17:10+00:00,decode,4,85792,0.12,305.75,,0,,,
ap-i1jDXiUmYYzX3k11Tpww83,2026-10-01T00:17:10+00:00,prefill,4,,0.15,,40.99,0,1,73,28672
ap-i1jDXiUmYYzX3k11Tpww83,2026-10-01T00:17:11+00:00,decode,5,114035,0.15,318.32,,0,,,
ap-i1jDXiUmYYzX3k11Tpww83,2026-10-01T00:17:11+00:00,decode,3,57498,0.08,323.54,,0,,,
ap-i1jDXiUmYYzX3k11Tpww83,2026-10-01T00:17:12+00:00,prefill,3,,0.14,,254.29,0,1,286,50496
ap-i1jDXiUmYYzX3k11Tpww83,2026-10-01T00:17:12+00:00,decode,4,107735,0.14,251.55,,0,,,
ap-i1jDXiUmYYzX3k11Tpww83,2026-10-01T00:17:12+00:00,decode,3,57738,0.08,249.59,,0,,,
ap-i1jDXiUmYYzX3k11Tpww83,2026-10-01T00:17:13+00:00,prefill,3,,0.12,,210.78,0,1,201,29184
ap-i1jDXiUmYYzX3k11Tpww83,2026-10-01T00:17:13+00:00,decode,3,80920,0.11,223.75,,0,,,
ap-i1jDXiUmYYzX3k11Tpww83,2026-10-01T00:17:13+00:00,prefill,3,,0.15,,427.86,0,1,396,28736
ap-i1jDXiUmYYzX3k11Tpww83,2026-10-01T00:17:13+00:00,decode,4,109490,0.15,217.54,,0,,,
ap-i1jDXiUmYYzX3k11Tpww83,2026-10-01T00:17:14+00:00,decode,3,91511,0.12,247.62,,0,,,
ap-i1jDXiUmYYzX3k11Tpww83,2026-10-01T00:17:15+00:00,decode,2,63101,0.08,172.21,,0,,,
ap-i1jDXiUmYYzX3k11Tpww83,2026-10-01T00:17:15+00:00,decode,1,34290,0.05,157.73,,0,,,
ap-i1jDXiUmYYzX3k11Tpww83,2026-10-01T00:17:16+00:00,decode,1,34330,0.05,82.44,,0,,,
ap-i1jDXiUmYYzX3k11Tpww83,2026-10-01T00:17:16+00:00,prefill,1,,0.12,,47.45,0,1,110,50752
ap-i1jDXiUmYYzX3k11Tpww83,2026-10-01T00:17:16+00:00,prefill,2,,0.12,,23086.38,0,1,802,5888
ap-i1jDXiUmYYzX3k11Tpww83,2026-10-01T00:17:16+00:00,decode,3,90598,0.12,145.05,,0,,,
ap-i1jDXiUmYYzX3k11Tpww83,2026-10-01T00:17:17+00:00,prefill,2,,0.08,,857.96,0,1,620,18688
ap-i1jDXiUmYYzX3k11Tpww83,2026-10-01T00:17:17+00:00,prefill,3,,0.12,,3105.15,0,1,395,29120
ap-i1jDXiUmYYzX3k11Tpww83,2026-10-01T00:17:17+00:00,decode,4,87948,0.12,174.89,,0,,,
ap-i1jDXiUmYYzX3k11Tpww83,2026-10-01T00:17:17+00:00,prefill,3,,0.15,,498.93,0,1,230,29440
ap-i1jDXiUmYYzX3k11Tpww83,2026-10-01T00:17:17+00:00,decode,2,63449,0.09,259.98,,0,,,
ap-i1jDXiUmYYzX3k11Tpww83,2026-10-01T00:17:18+00:00,decode,2,63529,0.09,161.57,,0,,,
ap-i1jDXiUmYYzX3k11Tpww83,2026-10-01T00:17:18+00:00,decode,2,63609,0.09,161.78,,0,,,
ap-i1jDXiUmYYzX3k11Tpww83,2026-10-01T00:17:19+00:00,decode,1,29806,0.04,100.93,,0,,,
ap-i1jDXiUmYYzX3k11Tpww83,2026-10-01T00:17:19+00:00,decode,1,29846,0.04,82.97,,0,,,
ap-i1jDXiUmYYzX3k11Tpww83,2026-10-01T00:17:19+00:00,prefill,1,,0.09,,126.11,0,1,278,34304
ap-i1jDXiUmYYzX3k11Tpww83,2026-10-01T00:17:20+00:00,prefill,1,,0.09,,1588.2,0,1,599,29504
ap-i1jDXiUmYYzX3k11Tpww83,2026-10-01T00:17:20+00:00,decode,2,64053,0.09,112.42,,0,,,
ap-i1jDXiUmYYzX3k11Tpww83,2026-10-01T00:17:20+00:00,prefill,2,,0.16,,347.42,0,1,140,50816
ap-i1jDXiUmYYzX3k11Tpww83,2026-10-01T00:17:20+00:00,prefill,3,,0.16,,36498.75,0,1,290,6656
ap-i1jDXiUmYYzX3k11Tpww83,2026-10-01T00:17:20+00:00,prefill,4,,0.19,,2993.65,0,1,286,19264
ap-i1jDXiUmYYzX3k11Tpww83,2026-10-01T00:17:21+00:00,decode,4,110132,0.15,227.89,,0,,,
ap-i1jDXiUmYYzX3k11Tpww83,2026-10-01T00:17:21+00:00,prefill,3,,0.12,,481.02,0,1,259,29696
ap-i1jDXiUmYYzX3k11Tpww83,2026-10-01T00:17:21+00:00,decode,3,82925,0.11,269.03,,0,,,
ap-i1jDXiUmYYzX3k11Tpww83,2026-10-01T00:17:22+00:00,decode,3,83045,0.11,231.88,,0,,,
ap-i1jDXiUmYYzX3k11Tpww83,2026-10-01T00:17:22+00:00,decode,3,83165,0.11,231.72,,0,,,
ap-i1jDXiUmYYzX3k11Tpww83,2026-10-01T00:17:23+00:00,decode,3,83285,0.11,231.57,,0,,,
ap-i1jDXiUmYYzX3k11Tpww83,2026-10-01T00:17:23+00:00,prefill,3,,0.15,,203.29,0,1,411,30080
ap-i1jDXiUmYYzX3k11Tpww83,2026-10-01T00:17:23+00:00,decode,3,83405,0.11,256.09,,0,,,
ap-i1jDXiUmYYzX3k11Tpww83,2026-10-01T00:17:24+00:00,decode,2,54028,0.07,167.53,,0,,,
ap-i1jDXiUmYYzX3k11Tpww83,2026-10-01T00:17:24+00:00,prefill,2,,0.08,,251.42,0,1,334,6912
ap-i1jDXiUmYYzX3k11Tpww83,2026-10-01T00:17:24+00:00,decode,3,60682,0.08,177.49,,0,,,
ap-i1jDXiUmYYzX3k11Tpww83,2026-10-01T00:17:24+00:00,prefill,3,,0.12,,1062.12,0,1,288,29952
ap-i1jDXiUmYYzX3k11Tpww83,2026-10-01T00:17:25+00:00,prefill,4,,0.19,,462.19,0,1,114,50944
ap-i1jDXiUmYYzX3k11Tpww83,2026-10-01T00:17:25+00:00,decode,5,140782,0.19,281.3,,0,,,
ap-i1jDXiUmYYzX3k11Tpww83,2026-10-01T00:17:25+00:00,prefill,5,,0.23,,727.58,0,1,603,30464
ap-i1jDXiUmYYzX3k11Tpww83,2026-10-01T00:17:26+00:00,decode,6,171370,0.23,318.92,,0,,,
ap-i1jDXiUmYYzX3k11Tpww83,2026-10-01T00:17:26+00:00,decode,6,171610,0.23,399.26,,0,,,
ap-i1jDXiUmYYzX3k11Tpww83,2026-10-01T00:17:27+00:00,decode,4,90872,0.12,316.16,,0,,,
ap-i1jDXiUmYYzX3k11Tpww83,2026-10-01T00:17:27+00:00,decode,2,41916,0.06,245.2,,0,,,
ap-i1jDXiUmYYzX3k11Tpww83,2026-10-01T00:17:28+00:00,decode,2,41996,0.06,166.98,,0,,,
ap-i1jDXiUmYYzX3k11Tpww83,2026-10-01T00:17:28+00:00,decode,2,42076,0.06,167.22,,0,,,
ap-i1jDXiUmYYzX3k11Tpww83,2026-10-01T00:17:28+00:00,prefill,2,,0.1,,107.9,0,1,317,30208
ap-i1jDXiUmYYzX3k11Tpww83,2026-10-01T00:17:29+00:00,decode,2,65126,0.09,181.12,,0,,,
ap-i1jDXiUmYYzX3k11Tpww83,2026-10-01T00:17:29+00:00,prefill,2,,0.13,,1283.7,0,1,500,31040
ap-i1jDXiUmYYzX3k11Tpww83,2026-10-01T00:17:29+00:00,decode,3,96099,0.13,201.85,,0,,,
ap-i1jDXiUmYYzX3k11Tpww83,2026-10-01T00:17:30+00:00,prefill,2,,0.16,,318.03,0,1,280,51008
ap-i1jDXiUmYYzX3k11Tpww83,2026-10-01T00:17:30+00:00,decode,3,115901,0.16,184.71,,0,,,
ap-i1jDXiUmYYzX3k11Tpww83,2026-10-01T00:17:30+00:00,prefill,3,,0.18,,1291.22,0,1,551,19968
ap-i1jDXiUmYYzX3k11Tpww83,2026-10-01T00:17:30+00:00,decode,3,85225,0.11,213.85,,0,,,
ap-i1jDXiUmYYzX3k11Tpww83,2026-10-01T00:17:31+00:00,decode,3,85345,0.11,231.15,,0,,,
ap-i1jDXiUmYYzX3k11Tpww83,2026-10-01T00:17:31+00:00,decode,2,35462,0.05,171.87,,0,,,
ap-i1jDXiUmYYzX3k11Tpww83,2026-10-01T00:17:32+00:00,prefill,1,,0.06,,235.27,0,1,366,7232
ap-i1jDXiUmYYzX3k11Tpww83,2026-10-01T00:17:32+00:00,decode,2,42443,0.06,135.2,,0,,,
ap-i1jDXiUmYYzX3k11Tpww83,2026-10-01T00:17:32+00:00,prefill,2,,0.1,,1256.76,0,1,544,31488
ap-i1jDXiUmYYzX3k11Tpww83,2026-10-01T00:17:33+00:00,decode,2,66927,0.09,174.22,,0,,,
ap-i1jDXiUmYYzX3k11Tpww83,2026-10-01T00:17:33+00:00,decode,1,35582,0.05,102.2,,0,,,
ap-i1jDXiUmYYzX3k11Tpww83,2026-10-01T00:17:33+00:00,prefill,1,,0.09,,304.19,0,1,346,30464
ap-i1jDXiUmYYzX3k11Tpww83,2026-10-01T00:17:34+00:00,prefill,2,,0.12,,3087.52,0,1,979,20480
ap-i1jDXiUmYYzX3k11Tpww83,2026-10-01T00:17:34+00:00,decode,3,137257,0.18,123.65,,0,,,
ap-i1jDXiUmYYzX3k11Tpww83,2026-10-01T00:17:34+00:00,prefill,3,,0.18,,588.13,0,1,124,51264
ap-i1jDXiUmYYzX3k11Tpww83,2026-10-01T00:17:34+00:00,decode,4,137421,0.18,283.49,,0,,,
ap-i1jDXiUmYYzX3k11Tpww83,2026-10-01T00:17:35+00:00,decode,4,137581,0.18,284.52,,0,,,
ap-i1jDXiUmYYzX3k11Tpww83,2026-10-01T00:17:35+00:00,decode,3,118813,0.16,240.07,,0,,,
ap-i1jDXiUmYYzX3k11Tpww83,2026-10-01T00:17:35+00:00,prefill,3,,0.17,,328.99,0,1,582,32000
ap-i1jDXiUmYYzX3k11Tpww83,2026-10-01T00:17:35+00:00,prefill,4,,0.17,,45474.91,0,1,247,7552
ap-i1jDXiUmYYzX3k11Tpww83,2026-10-01T00:17:36+00:00,decode,3,60722,0.08,268.26,,0,,,
ap-i1jDXiUmYYzX3k11Tpww83,2026-10-01T00:17:36+00:00,prefill,2,,0.09,,218.95,0,1,206,35584
ap-i1jDXiUmYYzX3k11Tpww83,2026-10-01T00:17:37+00:00,decode,3,63977,0.09,188.14,,0,,,
ap-i1jDXiUmYYzX3k11Tpww83,2026-10-01T00:17:37+00:00,decode,2,56864,0.08,169.1,,0,,,
ap-i1jDXiUmYYzX3k11Tpww83,2026-10-01T00:17:38+00:00,decode,2,56944,0.08,163.45,,0,,,
ap-i1jDXiUmYYzX3k11Tpww83,2026-10-01T00:17:38+00:00,decode,2,57024,0.08,163.25,,0,,,
ap-i1jDXiUmYYzX3k11Tpww83,2026-10-01T00:17:38+00:00,prefill,2,,0.12,,247.54,0,1,408,32576
ap-i1jDXiUmYYzX3k11Tpww83,2026-10-01T00:17:38+00:00,prefill,3,,0.16,,811.24,0,1,119,30976
ap-i1jDXiUmYYzX3k11Tpww83,2026-10-01T00:17:39+00:00,decode,4,119881,0.16,237.31,,0,,,
ap-i1jDXiUmYYzX3k11Tpww83,2026-10-01T00:17:39+00:00,prefill,3,,0.19,,161.28,0,1,153,51456
ap-i1jDXiUmYYzX3k11Tpww83,2026-10-01T00:17:39+00:00,decode,4,138588,0.19,234.16,,0,,,
ap-i1jDXiUmYYzX3k11Tpww83,2026-10-01T00:17:40+00:00,decode,3,87784,0.12,273.77,,0,,,
ap-i1jDXiUmYYzX3k11Tpww83,2026-10-01T00:17:40+00:00,prefill,3,,0.13,,404.21,0,1,340,7744
ap-i1jDXiUmYYzX3k11Tpww83,2026-10-01T00:17:40+00:00,decode,4,95326,0.13,254.74,,0,,,
ap-i1jDXiUmYYzX3k11Tpww83,2026-10-01T00:17:41+00:00,decode,1,36120,0.05,219.62,,0,,,
ap-i1jDXiUmYYzX3k11Tpww83,2026-10-01T00:17:41+00:00,decode,1,36160,0.05,82.23,,0,,,
ap-i1jDXiUmYYzX3k11Tpww83,2026-10-01T00:17:42+00:00,prefill,1,,0.09,,260.19,0,1,429,33024
ap-i1jDXiUmYYzX3k11Tpww83,2026-10-01T00:17:42+00:00,prefill,2,,0.13,,678.68,0,1,148,31232
ap-i1jDXiUmYYzX3k11Tpww83,2026-10-01T00:17:42+00:00,decode,3,99681,0.13,102.22,,0,,,
ap-i1jDXiUmYYzX3k11Tpww83,2026-10-01T00:17:42+00:00,decode,2,66977,0.09,213.71,,0,,,
ap-i1jDXiUmYYzX3k11Tpww83,2026-10-01T00:17:43+00:00,decode,2,67057,0.09,160.86,,0,,,
ap-i1jDXiUmYYzX3k11Tpww83,2026-10-01T00:17:43+00:00,prefill,2,,0.16,,82.91,0,1,125,51584
ap-i1jDXiUmYYzX3k11Tpww83,2026-10-01T00:17:44+00:00,prefill,3,,0.19,,6279.9,0,1,933,21760
ap-i1jDXiUmYYzX3k11Tpww83,2026-10-01T00:17:44+00:00,decode,4,140173,0.19,140.0,,0,,,
ap-i1jDXiUmYYzX3k11Tpww83,2026-10-01T00:17:44+00:00,prefill,4,,0.2,,1777.11,0,1,624,8064
ap-i1jDXiUmYYzX3k11Tpww83,2026-10-01T00:17:44+00:00,decode,5,148357,0.2,288.97,,0,,,
ap-i1jDXiUmYYzX3k11Tpww83,2026-10-01T00:17:45+00:00,decode,3,66552,0.09,306.38,,0,,,
ap-i1jDXiUmYYzX3k11Tpww83,2026-10-01T00:17:45+00:00,prefill,3,,0.13,,444.16,0,1,514,33408
ap-i1jDXiUmYYzX3k11Tpww83,2026-10-01T00:17:45+00:00,decode,4,99931,0.13,241.27,,0,,,
ap-i1jDXiUmYYzX3k11Tpww83,2026-10-01T00:17:46+00:00,decode,2,58648,0.08,221.78,,0,,,
ap-i1jDXiUmYYzX3k11Tpww83,2026-10-01T00:17:46+00:00,prefill,2,,0.12,,194.23,0,1,177,31488
ap-i1jDXiUmYYzX3k11Tpww83,2026-10-01T00:17:46+00:00,decode,3,89743,0.12,208.11,,0,,,
ap-i1jDXiUmYYzX3k11Tpww83,2026-10-01T00:17:47+00:00,decode,3,89863,0.12,229.5,,0,,,
ap-i1jDXiUmYYzX3k11Tpww83,2026-10-01T00:17:47+00:00,decode,3,89983,0.12,229.3,,0,,,
ap-i1jDXiUmYYzX3k11Tpww83,2026-10-01T00:17:48+00:00,decode,3,90103,0.12,229.23,,0,,,
ap-i1jDXiUmYYzX3k11Tpww83,2026-10-01T00:17:48+00:00,prefill,3,,0.17,,187.88,0,1,471,33920
ap-i1jDXiUmYYzX3k11Tpww83,2026-10-01T00:17:49+00:00,decode,3,92762,0.12,208.57,,0,,,
ap-i1jDXiUmYYzX3k11Tpww83,2026-10-01T00:17:49+00:00,prefill,3,,0.2,,516.27,0,1,142,51712
ap-i1jDXiUmYYzX3k11Tpww83,2026-10-01T00:17:49+00:00,prefill,4,,0.2,,47238.85,0,1,326,8704
ap-i1jDXiUmYYzX3k11Tpww83,2026-10-01T00:17:49+00:00,decode,5,118706,0.16,285.22,,0,,,
ap-i1jDXiUmYYzX3k11Tpww83,2026-10-01T00:17:50+00:00,decode,3,110448,0.15,278.71,,0,,,
ap-i1jDXiUmYYzX3k11Tpww83,2026-10-01T00:17:50+00:00,decode,2,59288,0.08,178.88,,0,,,
ap-i1jDXiUmYYzX3k11Tpww83,2026-10-01T00:17:51+00:00,decode,1,36840,0.05,144.61,,0,,,
ap-i1jDXiUmYYzX3k11Tpww83,2026-10-01T00:17:51+00:00,prefill,1,,0.09,,89.74,0,1,206,31744
ap-i1jDXiUmYYzX3k11Tpww83,2026-10-01T00:17:51+00:00,decode,2,68166,0.09,116.87,,0,,,
ap-i1jDXiUmYYzX3k11Tpww83,2026-10-01T00:17:52+00:00,prefill,2,,0.14,,680.78,0,1,492,34368
ap-i1jDXiUmYYzX3k11Tpww83,2026-10-01T00:17:52+00:00,prefill,3,,0.15,,4529.5,0,1,219,9024
ap-i1jDXiUmYYzX3k11Tpww83,2026-10-01T00:17:52+00:00,decode,4,110994,0.15,158.95,,0,,,
ap-i1jDXiUmYYzX3k11Tpww83,2026-10-01T00:17:52+00:00,decode,3,40658,0.05,288.39,,0,,,
ap-i1jDXiUmYYzX3k11Tpww83,2026-10-01T00:17:53+00:00,decode,1,32093,0.04,114.08,,0,,,
ap-i1jDXiUmYYzX3k11Tpww83,2026-10-01T00:17:53+00:00,prefill,1,,0.09,,85.55,0,1,134,36864
ap-i1jDXiUmYYzX3k11Tpww83,2026-10-01T00:17:53+00:00,decode,2,68452,0.09,89.73,,0,,,
ap-i1jDXiUmYYzX3k11Tpww83,2026-10-01T00:17:54+00:00,prefill,1,,0.12,,627.52,0,1,188,51840
ap-i1jDXiUmYYzX3k11Tpww83,2026-10-01T00:17:54+00:00,prefill,2,,0.15,,2256.07,0,1,940,23040
ap-i1jDXiUmYYzX3k11Tpww83,2026-10-01T00:17:54+00:00,decode,3,111705,0.15,116.41,,0,,,
ap-i1jDXiUmYYzX3k11Tpww83,2026-10-01T00:17:55+00:00,decode,2,60419,0.08,203.94,,0,,,
ap-i1jDXiUmYYzX3k11Tpww83,2026-10-01T00:17:55+00:00,prefill,2,,0.13,,675.08,0,1,513,34816
ap-i1jDXiUmYYzX3k11Tpww83,2026-10-01T00:17:55+00:00,decode,3,95170,0.13,183.41,,0,,,
ap-i1jDXiUmYYzX3k11Tpww83,2026-10-01T00:17:56+00:00,prefill,2,,0.09,,785.32,0,1,719,9216
ap-i1jDXiUmYYzX3k11Tpww83,2026-10-01T00:17:56+00:00,decode,3,69830,0.09,179.09,,0,,,
ap-i1jDXiUmYYzX3k11Tpww83,2026-10-01T00:17:56+00:00,prefill,3,,0.14,,1493.29,0,1,235,32000
ap-i1jDXiUmYYzX3k11Tpww83,2026-10-01T00:17:56+00:00,decode,4,101532,0.14,269.85,,0,,,
ap-i1jDXiUmYYzX3k11Tpww83,2026-10-01T00:17:57+00:00,decode,3,92361,0.12,274.46,,0,,,
ap-i1jDXiUmYYzX3k11Tpww83,2026-10-01T00:17:57+00:00,decode,3,92481,0.12,228.52,,0,,,
ap-i1jDXiUmYYzX3k11Tpww83,2026-10-01T00:17:58+00:00,prefill,3,,0.17,,232.7,0,1,470,35328
ap-i1jDXiUmYYzX3k11Tpww83,2026-10-01T00:17:58+00:00,decode,4,127718,0.17,210.4,,0,,,
ap-i1jDXiUmYYzX3k11Tpww83,2026-10-01T00:17:59+00:00,decode,3,96136,0.13,284.18,,0,,,
ap-i1jDXiUmYYzX3k11Tpww83,2026-10-01T00:17:59+00:00,decode,2,61059,0.08,168.86,,0,,,
ap-i1jDXiUmYYzX3k11Tpww83,2026-10-01T00:17:59+00:00,prefill,2,,0.15,,870.58,0,1,1178,51968
ap-i1jDXiUmYYzX3k11Tpww83,2026-10-01T00:18:00+00:00,decode,3,113630,0.15,167.18,,0,,,
ap-i1jDXiUmYYzX3k11Tpww83,2026-10-01T00:18:00+00:00,prefill,3,,0.17,,407.05,0,1,200,9984
ap-i1jDXiUmYYzX3k11Tpww83,2026-10-01T00:18:00+00:00,decode,4,123287,0.17,270.5,,0,,,
ap-i1jDXiUmYYzX3k11Tpww83,2026-10-01T00:18:01+00:00,decode,2,61299,0.08,231.14,,0,,,
ap-i1jDXiUmYYzX3k11Tpww83,2026-10-01T00:18:01+00:00,prefill,2,,0.12,,220.73,0,1,264,32256
ap-i1jDXiUmYYzX3k11Tpww83,2026-10-01T00:18:01+00:00,prefill,3,,0.17,,1718.01,0,1,427,35840
ap-i1jDXiUmYYzX3k11Tpww83,2026-10-01T00:18:01+00:00,decode,3,105030,0.14,188.35,,0,,,
ap-i1jDXiUmYYzX3k11Tpww83,2026-10-01T00:18:02+00:00,decode,2,69512,0.09,212.34,,0,,,
ap-i1jDXiUmYYzX3k11Tpww83,2026-10-01T00:18:02+00:00,decode,2,69592,0.09,159.9,,0,,,
ap-i1jDXiUmYYzX3k11Tpww83,2026-10-01T00:18:03+00:00,decode,2,69672,0.09,160.1,,0,,,
ap-i1jDXiUmYYzX3k11Tpww83,2026-10-01T00:18:03+00:00,decode,1,37726,0.05,156.11,,0,,,
ap-i1jDXiUmYYzX3k11Tpww83,2026-10-01T00:18:04+00:00,prefill,1,,0.06,,60.65,0,1,163,10240
ap-i1jDXiUmYYzX3k11Tpww83,2026-10-01T00:18:04+00:00,decode,2,47491,0.06,90.88,,0,,,
ap-i1jDXiUmYYzX3k11Tpww83,2026-10-01T00:18:05+00:00,prefill,2,,0.1,,1590.6,0,1,1064,24320
ap-i1jDXiUmYYzX3k11Tpww83,2026-10-01T00:18:05+00:00,decode,3,72269,0.1,137.22,,0,,,
ap-i1jDXiUmYYzX3k11Tpww83,2026-10-01T00:18:05+00:00,prefill,3,,0.15,,2318.66,0,1,512,36224
ap-i1jDXiUmYYzX3k11Tpww83,2026-10-01T00:18:05+00:00,prefill,4,,0.19,,2542.69,0,1,293,32512
ap-i1jDXiUmYYzX3k11Tpww83,2026-10-01T00:18:05+00:00,decode,5,140613,0.19,263.07,,0,,,
ap-i1jDXiUmYYzX3k11Tpww83,2026-10-01T00:18:06+00:00,decode,3,94848,0.13,284.37,,0,,,
ap-i1jDXiUmYYzX3k11Tpww83,2026-10-01T00:18:06+00:00,decode,3,94968,0.13,227.69,,0,,,
ap-i1jDXiUmYYzX3k11Tpww83,2026-10-01T00:18:07+00:00,decode,3,95088,0.13,227.97,,0,,,
ap-i1jDXiUmYYzX3k11Tpww83,2026-10-01T00:18:07+00:00,decode,3,95208,0.13,227.99,,0,,,
ap-i1jDXiUmYYzX3k11Tpww83,2026-10-01T00:18:08+00:00,decode,2,62984,0.08,170.37,,0,,,
ap-i1jDXiUmYYzX3k11Tpww83,2026-10-01T00:18:08+00:00,prefill,2,,0.13,,135.18,0,1,469,36736
ap-i1jDXiUmYYzX3k11Tpww83,2026-10-01T00:18:08+00:00,decode,3,99589,0.13,151.99,,0,,,
ap-i1jDXiUmYYzX3k11Tpww83,2026-10-01T00:18:09+00:00,prefill,3,,0.18,,818.5,0,1,322,32768
ap-i1jDXiUmYYzX3k11Tpww83,2026-10-01T00:18:09+00:00,prefill,4,,0.19,,9693.16,0,1,707,10496
ap-i1jDXiUmYYzX3k11Tpww83,2026-10-01T00:18:09+00:00,decode,5,142669,0.19,239.84,,0,,,
ap-i1jDXiUmYYzX3k11Tpww83,2026-10-01T00:18:10+00:00,decode,2,58211,0.08,288.46,,0,,,
ap-i1jDXiUmYYzX3k11Tpww83,2026-10-01T00:18:10+00:00,decode,2,58291,0.08,162.92,,0,,,
ap-i1jDXiUmYYzX3k11Tpww83,2026-10-01T00:18:11+00:00,prefill,2,,0.13,,36.14,0,1,62,38144
ap-i1jDXiUmYYzX3k11Tpww83,2026-10-01T00:18:11+00:00,decode,3,95898,0.13,166.85,,0,,,
ap-i1jDXiUmYYzX3k11Tpww83,2026-10-01T00:18:11+00:00,decode,3,96018,0.13,227.4,,0,,,
ap-i1jDXiUmYYzX3k11Tpww83,2026-10-01T00:18:12+00:00,prefill,1,,0.1,,418.87,0,1,490,37184
ap-i1jDXiUmYYzX3k11Tpww83,2026-10-01T00:18:12+00:00,decode,2,75288,0.1,150.79,,0,,,
ap-i1jDXiUmYYzX3k11Tpww83,2026-10-01T00:18:12+00:00,decode,2,75368,0.1,158.81,,0,,,
ap-i1jDXiUmYYzX3k11Tpww83,2026-10-01T00:18:13+00:00,prefill,1,,0.07,,406.02,0,1,418,11200
ap-i1jDXiUmYYzX3k11Tpww83,2026-10-01T00:18:13+00:00,decode,2,49313,0.07,92.78,,0,,,
ap-i1jDXiUmYYzX3k11Tpww83,2026-10-01T00:18:13+00:00,decode,2,49393,0.07,165.16,,0,,,
ap-i1jDXiUmYYzX3k11Tpww83,2026-10-01T00:18:14+00:00,decode,1,38456,0.05,133.6,,0,,,
ap-i1jDXiUmYYzX3k11Tpww83,2026-10-01T00:18:14+00:00,decode,1,38496,0.05,81.93,,0,,,
ap-i1jDXiUmYYzX3k11Tpww83,2026-10-01T00:18:15+00:00,prefill,1,,0.1,,146.57,0,1,287,33088
ap-i1jDXiUmYYzX3k11Tpww83,2026-10-01T00:18:15+00:00,decode,2,97213,0.13,84.09,,0,,,
ap-i1jDXiUmYYzX3k11Tpww83,2026-10-01T00:18:15+00:00,prefill,2,,0.13,,4388.27,0,1,815,25856
ap-i1jDXiUmYYzX3k11Tpww83,2026-10-01T00:18:15+00:00,prefill,3,,0.18,,1274.38,0,1,511,37632
ap-i1jDXiUmYYzX3k11Tpww83,2026-10-01T00:18:16+00:00,decode,4,134808,0.18,204.32,,0,,,
ap-i1jDXiUmYYzX3k11Tpww83,2026-10-01T00:18:16+00:00,decode,3,97456,0.13,277.8,,0,,,
ap-i1jDXiUmYYzX3k11Tpww83,2026-10-01T00:18:17+00:00,prefill,3,,0.15,,205.1,0,1,256,11584
ap-i1jDXiUmYYzX3k11Tpww83,2026-10-01T00:18:17+00:00,decode,4,108736,0.15,221.68,,0,,,
ap-i1jDXiUmYYzX3k11Tpww83,2026-10-01T00:18:17+00:00,decode,4,108896,0.15,296.79,,0,,,
ap-i1jDXiUmYYzX3k11Tpww83,2026-10-01T00:18:18+00:00,decode,3,76159,0.1,269.22,,0,,,
ap-i1jDXiUmYYzX3k11Tpww83,2026-10-01T00:18:18+00:00,decode,2,64999,0.09,221.57,,0,,,
ap-i1jDXiUmYYzX3k11Tpww83,2026-10-01T00:18:19+00:00,prefill,2,,0.14,,235.28,0,1,468,38144
ap-i1jDXiUmYYzX3k11Tpww83,2026-10-01T00:18:19+00:00,prefill,3,,0.18,,577.64,0,1,124,33536
ap-i1jDXiUmYYzX3k11Tpww83,2026-10-01T00:18:19+00:00,decode,4,136004,0.18,168.53,,0,,,
ap-i1jDXiUmYYzX3k11Tpww83,2026-10-01T00:18:19+00:00,decode,3,98179,0.13,271.03,,0,,,
ap-i1jDXiUmYYzX3k11Tpww83,2026-10-01T00:18:20+00:00,decode,3,98299,0.13,226.99,,0,,,
ap-i1jDXiUmYYzX3k11Tpww83,2026-10-01T00:18:20+00:00,decode,3,98419,0.13,226.33,,0,,,
ap-i1jDXiUmYYzX3k11Tpww83,2026-10-01T00:18:21+00:00,decode,3,98539,0.13,226.47,,0,,,
ap-i1jDXiUmYYzX3k11Tpww83,2026-10-01T00:18:21+00:00,prefill,3,,0.15,,127.36,0,1,323,11840
ap-i1jDXiUmYYzX3k11Tpww83,2026-10-01T00:18:22+00:00,decode,3,76975,0.1,218.16,,0,,,
ap-i1jDXiUmYYzX3k11Tpww83,2026-10-01T00:18:22+00:00,prefill,3,,0.15,,709.18,0,1,425,38656
ap-i1jDXiUmYYzX3k11Tpww83,2026-10-01T00:18:22+00:00,decode,3,89004,0.12,228.05,,0,,,
ap-i1jDXiUmYYzX3k11Tpww83,2026-10-01T00:18:23+00:00,decode,2,50672,0.07,217.36,,0,,,
ap-i1jDXiUmYYzX3k11Tpww83,2026-10-01T00:18:23+00:00,prefill,2,,0.11,,185.7,0,1,153,33792
ap-i1jDXiUmYYzX3k11Tpww83,2026-10-01T00:18:23+00:00,decode,2,72432,0.1,182.53,,0,,,
ap-i1jDXiUmYYzX3k11Tpww83,2026-10-01T00:18:24+00:00,decode,2,72512,0.1,159.29,,0,,,
ap-i1jDXiUmYYzX3k11Tpww83,2026-10-01T00:18:24+00:00,prefill,2,,0.13,,556.68,0,1,863,27136
ap-i1jDXiUmYYzX3k11Tpww83,2026-10-01T00:18:24+00:00,decode,3,99904,0.13,136.4,,0,,,
ap-i1jDXiUmYYzX3k11Tpww83,2026-10-01T00:18:25+00:00,decode,3,100024,0.13,225.9,,0,,,
ap-i1jDXiUmYYzX3k11Tpww83,2026-10-01T00:18:25+00:00,decode,2,66688,0.09,215.33,,0,,,
ap-i1jDXiUmYYzX3k11Tpww83,2026-10-01T00:18:26+00:00,prefill,2,,0.14,,407.89,0,1,510,39040
ap-i1jDXiUmYYzX3k11Tpww83,2026-10-01T00:18:26+00:00,decode,3,105663,0.14,186.85,,0,,,
ap-i1jDXiUmYYzX3k11Tpww83,2026-10-01T00:18:26+00:00,prefill,3,,0.16,,529.28,0,1,331,12160
ap-i1jDXiUmYYzX3k11Tpww83,2026-10-01T00:18:27+00:00,decode,2,39993,0.05,214.19,,0,,,
ap-i1jDXiUmYYzX3k11Tpww83,2026-10-01T00:18:27+00:00,decode,2,40073,0.05,167.72,,0,,,
ap-i1jDXiUmYYzX3k11Tpww83,2026-10-01T00:18:27+00:00,prefill,2,,0.11,,216.2,0,1,246,39168
ap-i1jDXiUmYYzX3k11Tpww83,2026-10-01T00:18:28+00:00,decode,3,78896,0.11,182.67,,0,,,
ap-i1jDXiUmYYzX3k11Tpww83,2026-10-01T00:18:28+00:00,prefill,2,,0.13,,253.97,0,1,182,34048
ap-i1jDXiUmYYzX3k11Tpww83,2026-10-01T00:18:28+00:00,decode,3,100612,0.13,186.49,,0,,,
ap-i1jDXiUmYYzX3k11Tpww83,2026-10-01T00:18:29+00:00,decode,3,100732,0.14,226.1,,0,,,
ap-i1jDXiUmYYzX3k11Tpww83,2026-10-01T00:18:29+00:00,prefill,3,,0.19,,485.32,0,1,531,39488
ap-i1jDXiUmYYzX3k11Tpww83,2026-10-01T00:18:29+00:00,decode,4,140192,0.19,207.37,,0,,,
ap-i1jDXiUmYYzX3k11Tpww83,2026-10-01T00:18:30+00:00,decode,4,140352,0.19,284.14,,0,,,
ap-i1jDXiUmYYzX3k11Tpww83,2026-10-01T00:18:30+00:00,decode,3,101092,0.14,228.81,,0,,,
ap-i1jDXiUmYYzX3k11Tpww83,2026-10-01T00:18:31+00:00,decode,1,39672,0.05,169.55,,0,,,
ap-i1jDXiUmYYzX3k11Tpww83,2026-10-01T00:18:31+00:00,decode,1,39712,0.05,81.72,,0,,,
ap-i1jDXiUmYYzX3k11Tpww83,2026-10-01T00:18:32+00:00,decode,1,39752,0.05,81.71,,0,,,
ap-i1jDXiUmYYzX3k11Tpww83,2026-10-01T00:18:32+00:00,prefill,1,,0.1,,70.41,0,1,211,34304
ap-i1jDXiUmYYzX3k11Tpww83,2026-10-01T00:18:32+00:00,prefill,2,,0.15,,1749.15,0,1,488,40000
ap-i1jDXiUmYYzX3k11Tpww83,2026-10-01T00:18:32+00:00,decode,3,113442,0.15,98.05,,0,,,
ap-i1jDXiUmYYzX3k11Tpww83,2026-10-01T00:18:33+00:00,decode,3,113562,0.15,221.84,,0,,,
ap-i1jDXiUmYYzX3k11Tpww83,2026-10-01T00:18:33+00:00,decode,2,73799,0.1,172.32,,0,,,
ap-i1jDXiUmYYzX3k11Tpww83,2026-10-01T00:18:34+00:00,prefill,2,,0.14,,663.79,0,1,857,28416
ap-i1jDXiUmYYzX3k11Tpww83,2026-10-01T00:18:34+00:00,decode,3,102493,0.14,177.28,,0,,,
ap-i1jDXiUmYYzX3k11Tpww83,2026-10-01T00:18:35+00:00,decode,3,102613,0.14,225.15,,0,,,
ap-i1jDXiUmYYzX3k11Tpww83,2026-10-01T00:18:35+00:00,decode,2,68686,0.09,180.66,,0,,,
ap-i1jDXiUmYYzX3k11Tpww83,2026-10-01T00:18:36+00:00,decode,2,68766,0.09,160.25,,0,,,
ap-i1jDXiUmYYzX3k11Tpww83,2026-10-01T00:18:36+00:00,decode,2,68846,0.09,160.39,,0,,,
ap-i1jDXiUmYYzX3k11Tpww83,2026-10-01T00:18:36+00:00,prefill,2,,0.15,,200.72,0,1,509,40448
ap-i1jDXiUmYYzX3k11Tpww83,2026-10-01T00:18:36+00:00,prefill,3,,0.19,,1621.5,0,1,240,34560
ap-i1jDXiUmYYzX3k11Tpww83,2026-10-01T00:18:37+00:00,decode,4,143377,0.19,220.68,,0,,,
ap-i1jDXiUmYYzX3k11Tpww83,2026-10-01T00:18:37+00:00,decode,3,103189,0.14,243.19,,0,,,
ap-i1jDXiUmYYzX3k11Tpww83,2026-10-01T00:18:38+00:00,decode,3,103309,0.14,225.14,,0,,,
ap-i1jDXiUmYYzX3k11Tpww83,2026-10-01T00:18:38+00:00,decode,3,103429,0.14,224.74,,0,,,
ap-i1jDXiUmYYzX3k11Tpww83,2026-10-01T00:18:39+00:00,decode,3,69246,0.09,222.65,,0,,,
ap-i1jDXiUmYYzX3k11Tpww83,2026-10-01T00:18:39+00:00,decode,2,69326,0.09,163.84,,0,,,
ap-i1jDXiUmYYzX3k11Tpww83,2026-10-01T00:18:40+00:00,prefill,2,,0.15,,138.35,0,1,466,40960
ap-i1jDXiUmYYzX3k11Tpww83,2026-10-01T00:18:40+00:00,decode,3,110166,0.15,170.15,,0,,,
ap-i1jDXiUmYYzX3k11Tpww83,2026-10-01T00:18:41+00:00,decode,2,69486,0.09,206.57,,0,,,
ap-i1jDXiUmYYzX3k11Tpww83,2026-10-01T00:18:41+00:00,decode,2,69566,0.09,160.22,,0,,,
ap-i1jDXiUmYYzX3k11Tpww83,2026-10-01T00:18:41+00:00,prefill,2,,0.14,,166.51,0,1,269,34816
ap-i1jDXiUmYYzX3k11Tpww83,2026-10-01T00:18:42+00:00,decode,3,104063,0.14,175.91,,0,,,
ap-i1jDXiUmYYzX3k11Tpww83,2026-10-01T00:18:42+00:00,decode,3,104183,0.14,224.93,,0,,,
ap-i1jDXiUmYYzX3k11Tpww83,2026-10-01T00:18:43+00:00,decode,3,104303,0.14,225.1,,0,,,
ap-i1jDXiUmYYzX3k11Tpww83,2026-10-01T00:18:43+00:00,prefill,2,,0.14,,237.11,0,1,423,41472
ap-i1jDXiUmYYzX3k11Tpww83,2026-10-01T00:18:43+00:00,decode,3,105737,0.14,196.26,,0,,,
ap-i1jDXiUmYYzX3k11Tpww83,2026-10-01T00:18:44+00:00,decode,3,64600,0.09,223.48,,0,,,
ap-i1jDXiUmYYzX3k11Tpww83,2026-10-01T00:18:44+00:00,prefill,1,,0.09,,183.32,0,1,174,40448
ap-i1jDXiUmYYzX3k11Tpww83,2026-10-01T00:18:44+00:00,decode,2,70015,0.09,133.8,,0,,,
ap-i1jDXiUmYYzX3k11Tpww83,2026-10-01T00:18:45+00:00,decode,2,70095,0.09,160.17,,0,,,
ap-i1jDXiUmYYzX3k11Tpww83,2026-10-01T00:18:45+00:00,decode,2,70175,0.09,160.0,,0,,,
ap-i1jDXiUmYYzX3k11Tpww83,2026-10-01T00:18:46+00:00,prefill,2,,0.14,,205.55,0,1,298,35072
ap-i1jDXiUmYYzX3k11Tpww83,2026-10-01T00:18:46+00:00,decode,3,104965,0.14,186.24,,0,,,
ap-i1jDXiUmYYzX3k11Tpww83,2026-10-01T00:18:46+00:00,prefill,3,,0.2,,594.71,0,1,508,41856
ap-i1jDXiUmYYzX3k11Tpww83,2026-10-01T00:18:46+00:00,decode,4,146770,0.2,207.99,,0,,,
ap-i1jDXiUmYYzX3k11Tpww83,2026-10-01T00:18:47+00:00,decode,4,146930,0.2,281.63,,0,,,
ap-i1jDXiUmYYzX3k11Tpww83,2026-10-01T00:18:48+00:00,decode,3,105325,0.14,227.6,,0,,,
ap-i1jDXiUmYYzX3k11Tpww83,2026-10-01T00:18:48+00:00,decode,3,105445,0.14,224.72,,0,,,
ap-i1jDXiUmYYzX3k11Tpww83,2026-10-01T00:18:49+00:00,decode,2,70655,0.09,166.61,,0,,,
ap-i1jDXiUmYYzX3k11Tpww83,2026-10-01T00:18:49+00:00,decode,2,70735,0.09,159.96,,0,,,
ap-i1jDXiUmYYzX3k11Tpww83,2026-10-01T00:18:50+00:00,prefill,2,,0.15,,165.51,0,1,529,42304
ap-i1jDXiUmYYzX3k11Tpww83,2026-10-01T00:18:50+00:00,decode,3,112972,0.15,153.12,,0,,,
ap-i1jDXiUmYYzX3k11Tpww83,2026-10-01T00:18:50+00:00,decode,1,41081,0.06,204.63,,0,,,
ap-i1jDXiUmYYzX3k11Tpww83,2026-10-01T00:18:50+00:00,prefill,1,,0.1,,368.31,0,1,327,35328
ap-i1jDXiUmYYzX3k11Tpww83,2026-10-01T00:18:51+00:00,decode,2,76116,0.1,120.78,,0,,,
ap-i1jDXiUmYYzX3k11Tpww83,2026-10-01T00:18:51+00:00,decode,2,76196,0.1,158.53,,0,,,
ap-i1jDXiUmYYzX3k11Tpww83,2026-10-01T00:18:52+00:00,decode,2,76276,0.1,158.37,,0,,,
ap-i1jDXiUmYYzX3k11Tpww83,2026-10-01T00:18:52+00:00,decode,2,76356,0.1,158.29,,0,,,
ap-i1jDXiUmYYzX3k11Tpww83,2026-10-01T00:18:53+00:00,decode,2,76436,0.1,158.34,,0,,,
ap-i1jDXiUmYYzX3k11Tpww83,2026-10-01T00:18:53+00:00,prefill,1,,0.1,,286.58,0,1,772,30464
ap-i1jDXiUmYYzX3k11Tpww83,2026-10-01T00:18:53+00:00,prefill,2,,0.15,,2178.14,0,1,486,42816
ap-i1jDXiUmYYzX3k11Tpww83,2026-10-01T00:18:53+00:00,decode,3,114511,0.15,105.15,,0,,,
ap-i1jDXiUmYYzX3k11Tpww83,2026-10-01T00:18:54+00:00,decode,3,114631,0.15,221.67,,0,,,
ap-i1jDXiUmYYzX3k11Tpww83,2026-10-01T00:18:54+00:00,prefill,2,,0.14,,110.53,0,1,100,35840
ap-i1jDXiUmYYzX3k11Tpww83,2026-10-01T00:18:55+00:00,decode,3,107324,0.14,185.63,,0,,,
ap-i1jDXiUmYYzX3k11Tpww83,2026-10-01T00:18:55+00:00,decode,3,107444,0.14,224.07,,0,,,
ap-i1jDXiUmYYzX3k11Tpww83,2026-10-01T00:18:56+00:00,decode,3,107564,0.14,223.83,,0,,,
ap-i1jDXiUmYYzX3k11Tpww83,2026-10-01T00:18:56+00:00,decode,3,107684,0.14,223.72,,0,,,
ap-i1jDXiUmYYzX3k11Tpww83,2026-10-01T00:18:57+00:00,prefill,3,,0.2,,210.06,0,1,507,43264
ap-i1jDXiUmYYzX3k11Tpww83,2026-10-01T00:18:57+00:00,decode,4,150896,0.2,206.72,,0,,,
ap-i1jDXiUmYYzX3k11Tpww83,2026-10-01T00:18:57+00:00,decode,3,115580,0.16,233.24,,0,,,
ap-i1jDXiUmYYzX3k11Tpww83,2026-10-01T00:18:58+00:00,decode,2,72528,0.1,162.98,,0,,,
ap-i1jDXiUmYYzX3k11Tpww83,2026-10-01T00:18:58+00:00,decode,2,108144,0.15,149.23,,0,,,
ap-i1jDXiUmYYzX3k11Tpww83,2026-10-01T00:18:58+00:00,prefill,2,,0.15,,76.03,0,1,129,36096
ap-i1jDXiUmYYzX3k11Tpww83,2026-10-01T00:18:59+00:00,decode,3,108267,0.15,221.95,,0,,,
ap-i1jDXiUmYYzX3k11Tpww83,2026-10-01T00:18:59+00:00,decode,3,108387,0.15,223.64,,0,,,
ap-i1jDXiUmYYzX3k11Tpww83,2026-10-01T00:19:00+00:00,decode,2,67395,0.09,202.19,,0,,,
ap-i1jDXiUmYYzX3k11Tpww83,2026-10-01T00:19:00+00:00,prefill,2,,0.15,,261.21,0,1,464,43776
ap-i1jDXiUmYYzX3k11Tpww83,2026-10-01T00:19:01+00:00,decode,3,111060,0.15,184.69,,0,,,
ap-i1jDXiUmYYzX3k11Tpww83,2026-10-01T00:19:01+00:00,prefill,3,,0.2,,172.57,0,1,102,41728
ap-i1jDXiUmYYzX3k11Tpww83,2026-10-01T00:19:01+00:00,decode,2,72988,0.1,205.43,,0,,,
ap-i1jDXiUmYYzX3k11Tpww83,2026-10-01T00:19:02+00:00,decode,2,73068,0.1,159.4,,0,,,
ap-i1jDXiUmYYzX3k11Tpww83,2026-10-01T00:19:02+00:00,decode,2,73148,0.1,159.41,,0,,,
ap-i1jDXiUmYYzX3k11Tpww83,2026-10-01T00:19:03+00:00,decode,2,73228,0.1,159.3,,0,,,
ap-i1jDXiUmYYzX3k11Tpww83,2026-10-01T00:19:03+00:00,decode,2,73308,0.1,159.37,,0,,,
ap-i1jDXiUmYYzX3k11Tpww83,2026-10-01T00:19:03+00:00,prefill,2,,0.15,,59.61,0,1,158,36352
ap-i1jDXiUmYYzX3k11Tpww83,2026-10-01T00:19:04+00:00,prefill,3,,0.21,,1570.42,0,1,421,44288
ap-i1jDXiUmYYzX3k11Tpww83,2026-10-01T00:19:04+00:00,decode,4,153267,0.21,179.37,,0,,,
ap-i1jDXiUmYYzX3k11Tpww83,2026-10-01T00:19:04+00:00,decode,4,109356,0.15,278.1,,0,,,
ap-i1jDXiUmYYzX3k11Tpww83,2026-10-01T00:19:05+00:00,decode,3,109476,0.15,225.46,,0,,,
ap-i1jDXiUmYYzX3k11Tpww83,2026-10-01T00:19:05+00:00,decode,3,109596,0.15,223.02,,0,,,
ap-i1jDXiUmYYzX3k11Tpww83,2026-10-01T00:19:06+00:00,decode,3,109716,0.15,223.26,,0,,,
ap-i1jDXiUmYYzX3k11Tpww83,2026-10-01T00:19:06+00:00,decode,2,73788,0.1,169.17,,0,,,
ap-i1jDXiUmYYzX3k11Tpww83,2026-10-01T00:19:07+00:00,decode,2,73868,0.1,159.32,,0,,,
ap-i1jDXiUmYYzX3k11Tpww83,2026-10-01T00:19:07+00:00,prefill,2,,0.16,,138.19,0,1,506,44672
ap-i1jDXiUmYYzX3k11Tpww83,2026-10-01T00:19:08+00:00,prefill,3,,0.21,,718.41,0,1,187,36608
ap-i1jDXiUmYYzX3k11Tpww83,2026-10-01T00:19:08+00:00,decode,4,154569,0.21,157.73,,0,,,
ap-i1jDXiUmYYzX3k11Tpww83,2026-10-01T00:19:08+00:00,decode,3,110179,0.15,266.44,,0,,,
ap-i1jDXiUmYYzX3k11Tpww83,2026-10-01T00:19:09+00:00,decode,3,110299,0.15,223.06,,0,,,
ap-i1jDXiUmYYzX3k11Tpww83,2026-10-01T00:19:09+00:00,decode,3,110419,0.15,222.91,,0,,,
ap-i1jDXiUmYYzX3k11Tpww83,2026-10-01T00:19:10+00:00,decode,3,110539,0.15,222.81,,0,,,
ap-i1jDXiUmYYzX3k11Tpww83,2026-10-01T00:19:10+00:00,decode,2,74348,0.1,204.47,,0,,,
ap-i1jDXiUmYYzX3k11Tpww83,2026-10-01T00:19:11+00:00,prefill,2,,0.16,,160.05,0,1,527,45120
ap-i1jDXiUmYYzX3k11Tpww83,2026-10-01T00:19:11+00:00,decode,3,119391,0.16,140.05,,0,,,
ap-i1jDXiUmYYzX3k11Tpww83,2026-10-01T00:19:11+00:00,decode,3,119511,0.16,220.43,,0,,,
ap-i1jDXiUmYYzX3k11Tpww83,2026-10-01T00:19:12+00:00,decode,2,74588,0.1,170.26,,0,,,
ap-i1jDXiUmYYzX3k11Tpww83,2026-10-01T00:19:12+00:00,prefill,2,,0.15,,142.6,0,1,216,36864
ap-i1jDXiUmYYzX3k11Tpww83,2026-10-01T00:19:13+00:00,decode,3,111071,0.15,161.9,,0,,,
ap-i1jDXiUmYYzX3k11Tpww83,2026-10-01T00:19:13+00:00,decode,3,111191,0.15,222.26,,0,,,
ap-i1jDXiUmYYzX3k11Tpww83,2026-10-01T00:19:14+00:00,decode,3,111311,0.15,222.39,,0,,,
ap-i1jDXiUmYYzX3k11Tpww83,2026-10-01T00:19:14+00:00,decode,3,111431,0.15,222.45,,0,,,
ap-i1jDXiUmYYzX3k11Tpww83,2026-10-01T00:19:14+00:00,prefill,3,,0.21,,252.37,0,1,484,45632
ap-i1jDXiUmYYzX3k11Tpww83,2026-10-01T00:19:15+00:00,decode,4,157013,0.21,236.98,,0,,,
ap-i1jDXiUmYYzX3k11Tpww83,2026-10-01T00:19:15+00:00,decode,2,75068,0.1,219.06,,0,,,
ap-i1jDXiUmYYzX3k11Tpww83,2026-10-01T00:19:16+00:00,decode,2,75148,0.1,158.87,,0,,,
ap-i1jDXiUmYYzX3k11Tpww83,2026-10-01T00:19:16+00:00,decode,2,75228,0.1,158.76,,0,,,
ap-i1jDXiUmYYzX3k11Tpww83,2026-10-01T00:19:17+00:00,prefill,2,,0.15,,112.01,0,1,245,37120
ap-i1jDXiUmYYzX3k11Tpww83,2026-10-01T00:19:17+00:00,decode,2,69684,0.09,152.99,,0,,,
ap-i1jDXiUmYYzX3k11Tpww83,2026-10-01T00:19:17+00:00,decode,2,69764,0.09,160.13,,0,,,
ap-i1jDXiUmYYzX3k11Tpww83,2026-10-01T00:19:18+00:00,prefill,2,,0.15,,292.06,0,1,286,42752
ap-i1jDXiUmYYzX3k11Tpww83,2026-10-01T00:19:18+00:00,prefill,3,,0.21,,1463.3,0,1,505,46080
ap-i1jDXiUmYYzX3k11Tpww83,2026-10-01T00:19:18+00:00,decode,4,158141,0.21,192.54,,0,,,
ap-i1jDXiUmYYzX3k11Tpww83,2026-10-01T00:19:19+00:00,decode,3,112348,0.15,270.35,,0,,,
ap-i1jDXiUmYYzX3k11Tpww83,2026-10-01T00:19:19+00:00,decode,3,75600,0.1,219.41,,0,,,
ap-i1jDXiUmYYzX3k11Tpww83,2026-10-01T00:19:20+00:00,decode,2,75680,0.1,162.67,,0,,,
ap-i1jDXiUmYYzX3k11Tpww83,2026-10-01T00:19:20+00:00,decode,2,75760,0.1,158.76,,0,,,
ap-i1jDXiUmYYzX3k11Tpww83,2026-10-01T00:19:20+00:00,prefill,2,,0.15,,106.07,0,1,274,37376
ap-i1jDXiUmYYzX3k11Tpww83,2026-10-01T00:19:21+00:00,decode,3,112827,0.15,181.3,,0,,,
ap-i1jDXiUmYYzX3k11Tpww83,2026-10-01T00:19:21+00:00,prefill,3,,0.21,,630.11,0,1,462,46592
ap-i1jDXiUmYYzX3k11Tpww83,2026-10-01T00:19:21+00:00,decode,4,159329,0.21,213.89,,0,,,
ap-i1jDXiUmYYzX3k11Tpww83,2026-10-01T00:19:22+00:00,decode,3,113067,0.15,269.91,,0,,,
ap-i1jDXiUmYYzX3k11Tpww83,2026-10-01T00:19:22+00:00,decode,3,113187,0.15,222.27,,0,,,
ap-i1jDXiUmYYzX3k11Tpww83,2026-10-01T00:19:23+00:00,decode,3,113307,0.15,222.03,,0,,,
ap-i1jDXiUmYYzX3k11Tpww83,2026-10-01T00:19:24+00:00,decode,2,76240,0.1,170.29,,0,,,
ap-i1jDXiUmYYzX3k11Tpww83,2026-10-01T00:19:24+00:00,decode,2,76320,0.1,158.59,,0,,,
ap-i1jDXiUmYYzX3k11Tpww83,2026-10-01T00:19:25+00:00,prefill,2,,0.17,,142.59,0,1,483,47040
ap-i1jDXiUmYYzX3k11Tpww83,2026-10-01T00:19:25+00:00,decode,3,123242,0.17,145.69,,0,,,
ap-i1jDXiUmYYzX3k11Tpww83,2026-10-01T00:19:25+00:00,decode,3,123362,0.17,219.07,,0,,,
ap-i1jDXiUmYYzX3k11Tpww83,2026-10-01T00:19:26+00:00,prefill,2,,0.15,,299.73,0,1,303,37632
ap-i1jDXiUmYYzX3k11Tpww83,2026-10-01T00:19:26+00:00,decode,3,113822,0.15,170.67,,0,,,
ap-i1jDXiUmYYzX3k11Tpww83,2026-10-01T00:19:26+00:00,decode,3,113942,0.15,221.91,,0,,,
ap-i1jDXiUmYYzX3k11Tpww83,2026-10-01T00:19:27+00:00,decode,3,114062,0.15,222.02,,0,,,
ap-i1jDXiUmYYzX3k11Tpww83,2026-10-01T00:19:27+00:00,decode,3,114182,0.15,221.63,,0,,,
ap-i1jDXiUmYYzX3k11Tpww83,2026-10-01T00:19:28+00:00,prefill,3,,0.22,,213.74,0,1,504,47488
ap-i1jDXiUmYYzX3k11Tpww83,2026-10-01T00:19:28+00:00,decode,4,161612,0.22,200.23,,0,,,
ap-i1jDXiUmYYzX3k11Tpww83,2026-10-01T00:19:29+00:00,decode,3,124310,0.17,243.73,,0,,,
ap-i1jDXiUmYYzX3k11Tpww83,2026-10-01T00:19:29+00:00,decode,2,77040,0.1,166.5,,0,,,
ap-i1jDXiUmYYzX3k11Tpww83,2026-10-01T00:19:30+00:00,decode,2,77120,0.1,158.41,,0,,,
ap-i1jDXiUmYYzX3k11Tpww83,2026-10-01T00:19:30+00:00,decode,2,77200,0.1,158.21,,0,,,
ap-i1jDXiUmYYzX3k11Tpww83,2026-10-01T00:19:31+00:00,decode,1,43993,0.06,147.13,,0,,,
ap-i1jDXiUmYYzX3k11Tpww83,2026-10-01T00:19:31+00:00,decode,1,44033,0.06,81.14,,0,,,
ap-i1jDXiUmYYzX3k11Tpww83,2026-10-01T00:19:32+00:00,decode,1,44073,0.06,81.2,,0,,,
ap-i1jDXiUmYYzX3k11Tpww83,2026-10-01T00:19:32+00:00,decode,1,44113,0.06,81.18,,0,,,
ap-i1jDXiUmYYzX3k11Tpww83,2026-10-01T00:19:33+00:00,decode,1,44153,0.06,81.19,,0,,,
ap-i1jDXiUmYYzX3k11Tpww83,2026-10-01T00:19:33+00:00,decode,1,44193,0.06,81.21,,0,,,
ap-i1jDXiUmYYzX3k11Tpww83,2026-10-01T00:19:34+00:00,prefill,0,,0.06,,34.6,0,1,214,44032
ap-i1jDXiUmYYzX3k11Tpww83,2026-10-01T00:19:34+00:00,prefill,1,,0.11,,4200.21,0,1,1020,33792
ap-i1jDXiUmYYzX3k11Tpww83,2026-10-01T00:19:35+00:00,decode,2,78420,0.11,37.71,,0,,,
ap-i1jDXiUmYYzX3k11Tpww83,2026-10-01T00:19:35+00:00,decode,1,44317,0.06,131.41,,0,,,
ap-i1jDXiUmYYzX3k11Tpww83,2026-10-01T00:19:36+00:00,decode,1,44357,0.06,81.19,,0,,,
ap-i1jDXiUmYYzX3k11Tpww83,2026-10-01T00:19:36+00:00,decode,1,44397,0.06,81.14,,0,,,
ap-i1jDXiUmYYzX3k11Tpww83,2026-10-01T00:19:37+00:00,decode,1,44437,0.06,81.17,,0,,,
ap-i1jDXiUmYYzX3k11Tpww83,2026-10-01T00:19:37+00:00,decode,1,44477,0.06,81.19,,0,,,
ap-i1jDXiUmYYzX3k11Tpww83,2026-10-01T00:19:38+00:00,decode,1,44517,0.06,81.14,,0,,,
ap-i1jDXiUmYYzX3k11Tpww83,2026-10-01T00:19:38+00:00,decode,1,44557,0.06,81.1,,0,,,
ap-i1jDXiUmYYzX3k11Tpww83,2026-10-01T00:19:39+00:00,decode,1,44597,0.06,81.13,,0,,,
ap-i1jDXiUmYYzX3k11Tpww83,2026-10-01T00:19:39+00:00,decode,1,44637,0.06,81.12,,0,,,
ap-i1jDXiUmYYzX3k11Tpww83,2026-10-01T00:19:40+00:00,decode,1,44677,0.06,81.1,,0,,,
ap-i1jDXiUmYYzX3k11Tpww83,2026-10-01T00:19:40+00:00,decode,1,44717,0.06,81.1,,0,,,
ap-i1jDXiUmYYzX3k11Tpww83,2026-10-01T00:19:40+00:00,prefill,1,,0.11,,40.7,0,1,243,34816
ap-i1jDXiUmYYzX3k11Tpww83,2026-10-01T00:19:41+00:00,decode,2,79147,0.11,109.82,,0,,,
ap-i1jDXiUmYYzX3k11Tpww83,2026-10-01T00:19:41+00:00,decode,2,79227,0.11,157.88,,0,,,
ap-i1jDXiUmYYzX3k11Tpww83,2026-10-01T00:19:42+00:00,decode,2,79307,0.11,157.6,,0,,,
ap-i1jDXiUmYYzX3k11Tpww83,2026-10-01T00:19:42+00:00,decode,2,79387,0.11,158.02,,0,,,
ap-i1jDXiUmYYzX3k11Tpww83,2026-10-01T00:19:43+00:00,decode,2,79467,0.11,157.82,,0,,,
ap-i1jDXiUmYYzX3k11Tpww83,2026-10-01T00:19:43+00:00,decode,2,79547,0.11,157.73,,0,,,
ap-i1jDXiUmYYzX3k11Tpww83,2026-10-01T00:19:44+00:00,decode,2,79627,0.11,157.84,,0,,,
ap-i1jDXiUmYYzX3k11Tpww83,2026-10-01T00:19:44+00:00,decode,2,79707,0.11,157.6,,0,,,
ap-i1jDXiUmYYzX3k11Tpww83,2026-10-01T00:19:45+00:00,decode,2,79787,0.11,157.73,,0,,,
ap-i1jDXiUmYYzX3k11Tpww83,2026-10-01T00:19:45+00:00,decode,2,79867,0.11,157.81,,0,,,
ap-i1jDXiUmYYzX3k11Tpww83,2026-10-01T00:19:46+00:00,decode,2,79947,0.11,157.78,,0,,,
ap-i1jDXiUmYYzX3k11Tpww83,2026-10-01T00:19:46+00:00,decode,1,45197,0.06,98.5,,0,,,
ap-i1jDXiUmYYzX3k11Tpww83,2026-10-01T00:19:47+00:00,decode,1,45237,0.06,81.01,,0,,,
ap-i1jDXiUmYYzX3k11Tpww83,2026-10-01T00:19:47+00:00,decode,1,45277,0.06,80.99,,0,,,
ap-i1jDXiUmYYzX3k11Tpww83,2026-10-01T00:19:48+00:00,decode,1,45317,0.06,80.89,,0,,,
ap-i1jDXiUmYYzX3k11Tpww83,2026-10-01T00:19:48+00:00,decode,1,45357,0.06,80.98,,0,,,
ap-i1jDXiUmYYzX3k11Tpww83,2026-10-01T00:19:49+00:00,decode,1,45397,0.06,81.0,,0,,,
ap-i1jDXiUmYYzX3k11Tpww83,2026-10-01T00:19:49+00:00,prefill,0,,0.05,,91.0,0,1,791,35328
ap-i1jDXiUmYYzX3k11Tpww83,2026-10-01T00:19:49+00:00,decode,1,36146,0.05,54.78,,0,,,
ap-i1jDXiUmYYzX3k11Tpww83,2026-10-01T00:19:50+00:00,decode,1,36186,0.05,82.26,,0,,,
ap-i1jDXiUmYYzX3k11Tpww83,2026-10-01T00:19:50+00:00,prefill,1,,0.11,,161.56,0,1,142,45312
ap-i1jDXiUmYYzX3k11Tpww83,2026-10-01T00:19:50+00:00,decode,2,81029,0.11,141.53,,0,,,
ap-i1jDXiUmYYzX3k11Tpww83,2026-10-01T00:19:51+00:00,decode,2,81109,0.11,157.53,,0,,,
ap-i1jDXiUmYYzX3k11Tpww83,2026-10-01T00:19:51+00:00,decode,2,81189,0.11,157.42,,0,,,
ap-i1jDXiUmYYzX3k11Tpww83,2026-10-01T00:19:52+00:00,decode,2,81269,0.11,157.57,,0,,,
ap-i1jDXiUmYYzX3k11Tpww83,2026-10-01T00:19:52+00:00,decode,2,81349,0.11,157.42,,0,,,
ap-i1jDXiUmYYzX3k11Tpww83,2026-10-01T00:19:53+00:00,decode,1,45692,0.06,149.99,,0,,,
ap-i1jDXiUmYYzX3k11Tpww83,2026-10-01T00:19:53+00:00,decode,1,45732,0.06,80.96,,0,,,
ap-i1jDXiUmYYzX3k11Tpww83,2026-10-01T00:19:54+00:00,decode,1,45772,0.06,80.91,,0,,,
ap-i1jDXiUmYYzX3k11Tpww83,2026-10-01T00:19:54+00:00,decode,1,45812,0.06,80.88,,0,,,
ap-i1jDXiUmYYzX3k11Tpww83,2026-10-01T00:19:55+00:00,decode,1,45852,0.06,80.82,,0,,,
ap-i1jDXiUmYYzX3k11Tpww83,2026-10-01T00:19:55+00:00,decode,1,45892,0.06,80.9,,0,,,
ap-i1jDXiUmYYzX3k11Tpww83,2026-10-01T00:19:56+00:00,decode,1,45932,0.06,80.88,,0,,,
ap-i1jDXiUmYYzX3k11Tpww83,2026-10-01T00:19:56+00:00,prefill,1,,0.11,,74.86,0,1,479,36352
ap-i1jDXiUmYYzX3k11Tpww83,2026-10-01T00:19:56+00:00,decode,2,82126,0.11,90.33,,0,,,
ap-i1jDXiUmYYzX3k11Tpww83,2026-10-01T00:19:57+00:00,decode,2,82206,0.11,157.15,,0,,,
ap-i1jDXiUmYYzX3k11Tpww83,2026-10-01T00:19:57+00:00,decode,2,82286,0.11,157.06,,0,,,
ap-i1jDXiUmYYzX3k11Tpww83,2026-10-01T00:19:58+00:00,decode,2,82366,0.11,156.98,,0,,,
ap-i1jDXiUmYYzX3k11Tpww83,2026-10-01T00:19:58+00:00,decode,2,82446,0.11,157.08,,0,,,
ap-i1jDXiUmYYzX3k11Tpww83,2026-10-01T00:19:59+00:00,decode,2,82526,0.11,156.95,,0,,,
ap-i1jDXiUmYYzX3k11Tpww83,2026-10-01T00:19:59+00:00,decode,2,82606,0.11,157.06,,0,,,
ap-i1jDXiUmYYzX3k11Tpww83,2026-10-01T00:20:00+00:00,decode,2,82686,0.11,156.9,,0,,,
ap-i1jDXiUmYYzX3k11Tpww83,2026-10-01T00:20:01+00:00,decode,2,82766,0.11,157.03,,0,,,
ap-i1jDXiUmYYzX3k11Tpww83,2026-10-01T00:20:01+00:00,decode,2,82846,0.11,156.97,,0,,,
ap-i1jDXiUmYYzX3k11Tpww83,2026-10-01T00:20:02+00:00,decode,2,82926,0.11,156.88,,0,,,
ap-i1jDXiUmYYzX3k11Tpww83,2026-10-01T00:20:02+00:00,decode,2,83006,0.11,156.99,,0,,,
ap-i1jDXiUmYYzX3k11Tpww83,2026-10-01T00:20:03+00:00,decode,2,83086,0.11,157.01,,0,,,
ap-i1jDXiUmYYzX3k11Tpww83,2026-10-01T00:20:03+00:00,decode,2,83166,0.11,157.01,,0,,,
ap-i1jDXiUmYYzX3k11Tpww83,2026-10-01T00:20:04+00:00,decode,2,83246,0.11,156.79,,0,,,
ap-i1jDXiUmYYzX3k11Tpww83,2026-10-01T00:20:04+00:00,decode,1,46572,0.06,94.44,,0,,,
ap-i1jDXiUmYYzX3k11Tpww83,2026-10-01T00:20:05+00:00,decode,1,46612,0.06,80.78,,0,,,
ap-i1jDXiUmYYzX3k11Tpww83,2026-10-01T00:20:06+00:00,prefill,0,,0.06,,7.36,0,1,70,46592
ap-i1jDXiUmYYzX3k11Tpww83,2026-10-01T00:20:06+00:00,decode,1,46696,0.06,24.29,,0,,,
ap-i1jDXiUmYYzX3k11Tpww83,2026-10-01T00:20:07+00:00,decode,1,46736,0.06,80.86,,0,,,
ap-i1jDXiUmYYzX3k11Tpww83,2026-10-01T00:20:07+00:00,prefill,1,,0.11,,446.89,0,1,519,37376
ap-i1jDXiUmYYzX3k11Tpww83,2026-10-01T00:20:07+00:00,decode,2,84008,0.11,112.29,,0,,,
ap-i1jDXiUmYYzX3k11Tpww83,2026-10-01T00:20:08+00:00,decode,1,46816,0.06,119.31,,0,,,
ap-i1jDXiUmYYzX3k11Tpww83,2026-10-01T00:20:08+00:00,decode,1,46856,0.06,80.77,,0,,,
ap-i1jDXiUmYYzX3k11Tpww83,2026-10-01T00:20:09+00:00,decode,1,46896,0.06,80.82,,0,,,
ap-i1jDXiUmYYzX3k11Tpww83,2026-10-01T00:20:09+00:00,decode,1,46936,0.06,80.8,,0,,,
ap-i1jDXiUmYYzX3k11Tpww83,2026-10-01T00:20:10+00:00,decode,1,46976,0.06,80.82,,0,,,
ap-i1jDXiUmYYzX3k11Tpww83,2026-10-01T00:20:10+00:00,decode,1,47016,0.06,80.8,,0,,,
ap-i1jDXiUmYYzX3k11Tpww83,2026-10-01T00:20:11+00:00,prefill,1,,0.11,,54.42,0,1,195,37888
ap-i1jDXiUmYYzX3k11Tpww83,2026-10-01T00:20:11+00:00,decode,2,84471,0.11,111.1,,0,,,
ap-i1jDXiUmYYzX3k11Tpww83,2026-10-01T00:20:11+00:00,decode,2,84551,0.11,156.64,,0,,,
ap-i1jDXiUmYYzX3k11Tpww83,2026-10-01T00:20:12+00:00,decode,2,84631,0.11,156.51,,0,,,
ap-i1jDXiUmYYzX3k11Tpww83,2026-10-01T00:20:12+00:00,decode,2,84711,0.11,156.69,,0,,,
ap-i1jDXiUmYYzX3k11Tpww83,2026-10-01T00:20:13+00:00,decode,2,84791,0.11,156.68,,0,,,
ap-i1jDXiUmYYzX3k11Tpww83,2026-10-01T00:20:13+00:00,decode,2,84871,0.11,156.68,,0,,,
ap-i1jDXiUmYYzX3k11Tpww83,2026-10-01T00:20:14+00:00,decode,2,84951,0.11,156.66,,0,,,
ap-i1jDXiUmYYzX3k11Tpww83,2026-10-01T00:20:14+00:00,decode,2,85031,0.11,156.65,,0,,,
ap-i1jDXiUmYYzX3k11Tpww83,2026-10-01T00:20:15+00:00,decode,2,85111,0.11,156.21,,0,,,
ap-i1jDXiUmYYzX3k11Tpww83,2026-10-01T00:20:15+00:00,decode,2,85191,0.11,156.45,,0,,,
ap-i1jDXiUmYYzX3k11Tpww83,2026-10-01T00:20:16+00:00,decode,2,85271,0.11,156.44,,0,,,
ap-i1jDXiUmYYzX3k11Tpww83,2026-10-01T00:20:16+00:00,decode,2,85351,0.11,156.3,,0,,,
ap-i1jDXiUmYYzX3k11Tpww83,2026-10-01T00:20:17+00:00,decode,1,47536,0.06,107.66,,0,,,
ap-i1jDXiUmYYzX3k11Tpww83,2026-10-01T00:20:17+00:00,decode,1,47576,0.06,80.74,,0,,,
ap-i1jDXiUmYYzX3k11Tpww83,2026-10-01T00:20:18+00:00,decode,1,47616,0.06,80.69,,0,,,
ap-i1jDXiUmYYzX3k11Tpww83,2026-10-01T00:20:18+00:00,decode,1,47656,0.06,80.66,,0,,,
ap-i1jDXiUmYYzX3k11Tpww83,2026-10-01T00:20:19+00:00,decode,1,47696,0.06,80.74,,0,,,
ap-i1jDXiUmYYzX3k11Tpww83,2026-10-01T00:20:19+00:00,decode,1,47736,0.06,80.71,,0,,,
ap-i1jDXiUmYYzX3k11Tpww83,2026-10-01T00:20:20+00:00,prefill,1,,0.12,,82.06,0,1,768,38400
ap-i1jDXiUmYYzX3k11Tpww83,2026-10-01T00:20:20+00:00,decode,2,86262,0.12,79.08,,0,,,
ap-i1jDXiUmYYzX3k11Tpww83,2026-10-01T00:20:20+00:00,decode,1,47816,0.06,154.41,,0,,,
ap-i1jDXiUmYYzX3k11Tpww83,2026-10-01T00:20:22+00:00,prefill,0,,0.06,,141.13,0,1,254,47616
ap-i1jDXiUmYYzX3k11Tpww83,2026-10-01T00:20:22+00:00,decode,1,47900,0.06,25.5,,0,,,
ap-i1jDXiUmYYzX3k11Tpww83,2026-10-01T00:20:23+00:00,decode,1,47940,0.06,80.7,,0,,,
ap-i1jDXiUmYYzX3k11Tpww83,2026-10-01T00:20:23+00:00,decode,1,47980,0.06,80.69,,0,,,
ap-i1jDXiUmYYzX3k11Tpww83,2026-10-01T00:20:24+00:00,decode,1,48020,0.06,80.65,,0,,,
ap-i1jDXiUmYYzX3k11Tpww83,2026-10-01T00:20:24+00:00,prefill,1,,0.12,,94.86,0,1,188,39168
ap-i1jDXiUmYYzX3k11Tpww83,2026-10-01T00:20:24+00:00,decode,2,86760,0.12,131.91,,0,,,
ap-i1jDXiUmYYzX3k11Tpww83,2026-10-01T00:20:25+00:00,decode,2,86840,0.12,156.16,,0,,,
ap-i1jDXiUmYYzX3k11Tpww83,2026-10-01T00:20:25+00:00,decode,1,48140,0.06,105.62,,0,,,
ap-i1jDXiUmYYzX3k11Tpww83,2026-10-01T00:20:26+00:00,decode,1,48180,0.06,80.65,,0,,,
ap-i1jDXiUmYYzX3k11Tpww83,2026-10-01T00:20:26+00:00,decode,1,48220,0.06,80.59,,0,,,
ap-i1jDXiUmYYzX3k11Tpww83,2026-10-01T00:20:27+00:00,decode,1,48260,0.06,80.71,,0,,,
ap-i1jDXiUmYYzX3k11Tpww83,2026-10-01T00:20:27+00:00,decode,1,48300,0.06,80.61,,0,,,
ap-i1jDXiUmYYzX3k11Tpww83,2026-10-01T00:20:28+00:00,decode,1,48340,0.06,80.65,,0,,,
ap-i1jDXiUmYYzX3k11Tpww83,2026-10-01T00:20:28+00:00,decode,1,48380,0.06,80.66,,0,,,
ap-i1jDXiUmYYzX3k11Tpww83,2026-10-01T00:20:29+00:00,decode,1,48420,0.06,80.43,,0,,,
ap-i1jDXiUmYYzX3k11Tpww83,2026-10-01T00:20:29+00:00,decode,1,48460,0.07,80.56,,0,,,
ap-i1jDXiUmYYzX3k11Tpww83,2026-10-01T00:20:30+00:00,decode,1,48500,0.07,80.53,,0,,,
ap-i1jDXiUmYYzX3k11Tpww83,2026-10-01T00:20:30+00:00,decode,1,48540,0.07,80.53,,0,,,
ap-i1jDXiUmYYzX3k11Tpww83,2026-10-01T00:20:31+00:00,decode,1,48580,0.07,80.5,,0,,,
ap-i1jDXiUmYYzX3k11Tpww83,2026-10-01T00:20:31+00:00,decode,1,48620,0.07,80.48,,0,,,
ap-i1jDXiUmYYzX3k11Tpww83,2026-10-01T00:20:32+00:00,decode,1,48660,0.07,80.52,,0,,,
ap-i1jDXiUmYYzX3k11Tpww83,2026-10-01T00:20:32+00:00,decode,1,48700,0.07,80.5,,0,,,
ap-i1jDXiUmYYzX3k11Tpww83,2026-10-01T00:20:33+00:00,decode,1,48740,0.07,80.5,,0,,,
ap-i1jDXiUmYYzX3k11Tpww83,2026-10-01T00:20:33+00:00,decode,1,48780,0.07,80.49,,0,,,
ap-i1jDXiUmYYzX3k11Tpww83,2026-10-01T00:20:34+00:00,decode,1,48820,0.07,80.45,,0,,,
ap-i1jDXiUmYYzX3k11Tpww83,2026-10-01T00:20:34+00:00,decode,1,48860,0.07,80.59,,0,,,
ap-i1jDXiUmYYzX3k11Tpww83,2026-10-01T00:20:35+00:00,decode,1,48900,0.07,80.47,,0,,,
ap-i1jDXiUmYYzX3k11Tpww83,2026-10-01T00:20:35+00:00,decode,1,48940,0.07,80.46,,0,,,
ap-i1jDXiUmYYzX3k11Tpww83,2026-10-01T00:20:36+00:00,decode,1,48980,0.07,80.51,,0,,,
ap-i1jDXiUmYYzX3k11Tpww83,2026-10-01T00:20:36+00:00,decode,1,49020,0.07,80.48,,0,,,
ap-i1jDXiUmYYzX3k11Tpww83,2026-10-01T00:20:37+00:00,prefill,0,,0.07,,13.54,0,1,182,48896
ap-i1jDXiUmYYzX3k11Tpww83,2026-10-01T00:20:37+00:00,decode,1,49104,0.07,28.47,,0,,,
ap-i1jDXiUmYYzX3k11Tpww83,2026-10-01T00:20:38+00:00,decode,1,49144,0.07,80.48,,0,,,
ap-i1jDXiUmYYzX3k11Tpww83,2026-10-01T00:20:38+00:00,decode,1,49184,0.07,80.45,,0,,,
ap-i1jDXiUmYYzX3k11Tpww83,2026-10-01T00:20:39+00:00,decode,1,49224,0.07,80.44,,0,,,
ap-i1jDXiUmYYzX3k11Tpww83,2026-10-01T00:20:39+00:00,decode,1,49264,0.07,80.48,,0,,,
ap-i1jDXiUmYYzX3k11Tpww83,2026-10-01T00:20:40+00:00,decode,1,49304,0.07,80.53,,0,,,
ap-i1jDXiUmYYzX3k11Tpww83,2026-10-01T00:20:40+00:00,decode,1,49344,0.07,80.49,,0,,,
ap-i1jDXiUmYYzX3k11Tpww83,2026-10-01T00:20:41+00:00,decode,1,49384,0.07,80.51,,0,,,
ap-i1jDXiUmYYzX3k11Tpww83,2026-10-01T00:20:41+00:00,decode,1,49424,0.07,80.36,,0,,,
ap-i1jDXiUmYYzX3k11Tpww83,2026-10-01T00:20:42+00:00,decode,1,49464,0.07,80.25,,0,,,
ap-i1jDXiUmYYzX3k11Tpww83,2026-10-01T00:20:42+00:00,decode,1,49504,0.07,80.3,,0,,,
ap-i1jDXiUmYYzX3k11Tpww83,2026-10-01T00:20:43+00:00,decode,1,49544,0.07,80.44,,0,,,
ap-i1jDXiUmYYzX3k11Tpww83,2026-10-01T00:20:43+00:00,decode,1,49584,0.07,80.43,,0,,,
ap-i1jDXiUmYYzX3k11Tpww83,2026-10-01T00:20:44+00:00,decode,1,49624,0.07,80.41,,0,,,
ap-i1jDXiUmYYzX3k11Tpww83,2026-10-01T00:20:44+00:00,decode,1,49664,0.07,80.38,,0,,,
ap-i1jDXiUmYYzX3k11Tpww83,2026-10-01T00:20:45+00:00,decode,1,49704,0.07,80.38,,0,,,
ap-i1jDXiUmYYzX3k11Tpww83,2026-10-01T00:20:45+00:00,decode,1,49744,0.07,80.42,,0,,,
ap-i1jDXiUmYYzX3k11Tpww83,2026-10-01T00:20:46+00:00,decode,1,49784,0.07,80.41,,0,,,
ap-i1jDXiUmYYzX3k11Tpww83,2026-10-01T00:20:46+00:00,decode,1,49824,0.07,80.38,,0,,,
ap-i1jDXiUmYYzX3k11Tpww83,2026-10-01T00:20:47+00:00,decode,1,49864,0.07,80.43,,0,,,
ap-i1jDXiUmYYzX3k11Tpww83,2026-10-01T00:20:47+00:00,decode,1,49904,0.07,80.37,,0,,,
ap-i1jDXiUmYYzX3k11Tpww83,2026-10-01T00:20:48+00:00,decode,1,49944,0.07,80.34,,0,,,
ap-i1jDXiUmYYzX3k11Tpww83,2026-10-01T00:20:48+00:00,decode,1,49984,0.07,80.36,,0,,,
ap-i1jDXiUmYYzX3k11Tpww83,2026-10-01T00:20:49+00:00,decode,1,50024,0.07,80.37,,0,,,
ap-i1jDXiUmYYzX3k11Tpww83,2026-10-01T00:20:49+00:00,decode,1,50064,0.07,80.41,,0,,,
ap-i1jDXiUmYYzX3k11Tpww83,2026-10-01T00:20:50+00:00,decode,1,50104,0.07,80.4,,0,,,
ap-i1jDXiUmYYzX3k11Tpww83,2026-10-01T00:20:50+00:00,decode,1,50144,0.07,80.37,,0,,,
ap-i1jDXiUmYYzX3k11Tpww83,2026-10-01T00:20:51+00:00,decode,1,50184,0.07,80.31,,0,,,
ap-i1jDXiUmYYzX3k11Tpww83,2026-10-01T00:20:51+00:00,decode,1,50224,0.07,80.42,,0,,,
ap-i1jDXiUmYYzX3k11Tpww83,2026-10-01T00:20:53+00:00,prefill,0,,0.07,,7.08,0,1,110,50176
ap-i1jDXiUmYYzX3k11Tpww83,2026-10-01T00:20:53+00:00,decode,1,50308,0.07,25.6,,0,,,
ap-i1jDXiUmYYzX3k11Tpww83,2026-10-01T00:20:53+00:00,decode,1,50348,0.07,80.4,,0,,,
ap-i1jDXiUmYYzX3k11Tpww83,2026-10-01T00:20:54+00:00,decode,1,50388,0.07,80.36,,0,,,
ap-i1jDXiUmYYzX3k11Tpww83,2026-10-01T00:20:54+00:00,decode,1,50428,0.07,80.36,,0,,,
ap-i1jDXiUmYYzX3k11Tpww83,2026-10-01T00:20:55+00:00,decode,1,50468,0.07,80.31,,0,,,
ap-i1jDXiUmYYzX3k11Tpww83,2026-10-01T00:20:55+00:00,decode,1,50508,0.07,80.36,,0,,,
ap-i1jDXiUmYYzX3k11Tpww83,2026-10-01T00:20:56+00:00,decode,1,50548,0.07,80.35,,0,,,
ap-i1jDXiUmYYzX3k11Tpww83,2026-10-01T00:20:56+00:00,decode,1,50588,0.07,80.37,,0,,,
ap-i1jDXiUmYYzX3k11Tpww83,2026-10-01T00:20:57+00:00,decode,1,50628,0.07,80.33,,0,,,
ap-i1jDXiUmYYzX3k11Tpww83,2026-10-01T00:20:57+00:00,decode,1,50668,0.07,80.38,,0,,,
ap-i1jDXiUmYYzX3k11Tpww83,2026-10-01T00:20:58+00:00,decode,1,50708,0.07,80.26,,0,,,
ap-i1jDXiUmYYzX3k11Tpww83,2026-10-01T00:20:58+00:00,decode,1,50748,0.07,80.33,,0,,,
ap-i1jDXiUmYYzX3k11Tpww83,2026-10-01T00:20:59+00:00,decode,1,50788,0.07,80.33,,0,,,
ap-i1jDXiUmYYzX3k11Tpww83,2026-10-01T00:20:59+00:00,decode,1,50828,0.07,80.34,,0,,,
ap-i1jDXiUmYYzX3k11Tpww83,2026-10-01T00:21:00+00:00,decode,1,50868,0.07,80.28,,0,,,
ap-i1jDXiUmYYzX3k11Tpww83,2026-10-01T00:21:00+00:00,decode,1,50908,0.07,80.29,,0,,,
ap-i1jDXiUmYYzX3k11Tpww83,2026-10-01T00:21:01+00:00,decode,1,50948,0.07,80.26,,0,,,
ap-i1jDXiUmYYzX3k11Tpww83,2026-10-01T00:21:01+00:00,decode,1,50988,0.07,80.28,,0,,,
ap-i1jDXiUmYYzX3k11Tpww83,2026-10-01T00:21:02+00:00,decode,1,51028,0.07,80.26,,0,,,
ap-i1jDXiUmYYzX3k11Tpww83,2026-10-01T00:21:02+00:00,decode,1,51068,0.07,80.3,,0,,,
ap-i1jDXiUmYYzX3k11Tpww83,2026-10-01T00:21:03+00:00,decode,1,51108,0.07,80.28,,0,,,
ap-i1jDXiUmYYzX3k11Tpww83,2026-10-01T00:21:03+00:00,decode,1,51148,0.07,80.29,,0,,,
ap-i1jDXiUmYYzX3k11Tpww83,2026-10-01T00:21:04+00:00,decode,1,51188,0.07,80.22,,0,,,
ap-i1jDXiUmYYzX3k11Tpww83,2026-10-01T00:21:04+00:00,decode,1,51228,0.07,80.17,,0,,,
ap-i1jDXiUmYYzX3k11Tpww83,2026-10-01T00:21:05+00:00,decode,1,51268,0.07,80.27,,0,,,
ap-i1jDXiUmYYzX3k11Tpww83,2026-10-01T00:21:05+00:00,decode,1,51308,0.07,80.28,,0,,,
ap-i1jDXiUmYYzX3k11Tpww83,2026-10-01T00:21:06+00:00,decode,1,51348,0.07,80.24,,0,,,
ap-i1jDXiUmYYzX3k11Tpww83,2026-10-01T00:21:06+00:00,decode,1,51388,0.07,80.25,,0,,,
ap-i1jDXiUmYYzX3k11Tpww83,2026-10-01T00:21:07+00:00,decode,1,51428,0.07,80.28,,0,,,
ap-i1jDXiUmYYzX3k11Tpww83,2026-10-01T00:21:08+00:00,prefill,0,,0.07,,18.94,0,1,294,51200
ap-i1jDXiUmYYzX3k11Tpww83,2026-10-01T00:21:08+00:00,decode,1,51512,0.07,26.27,,0,,,
ap-i1jDXiUmYYzX3k11Tpww83,2026-10-01T00:21:09+00:00,decode,1,51552,0.07,80.27,,0,,,
ap-i1jDXiUmYYzX3k11Tpww83,2026-10-01T00:21:09+00:00,decode,1,51592,0.07,80.24,,0,,,
ap-i1jDXiUmYYzX3k11Tpww83,2026-10-01T00:21:10+00:00,decode,1,51632,0.07,80.22,,0,,,
ap-i1jDXiUmYYzX3k11Tpww83,2026-10-01T00:21:10+00:00,decode,1,51672,0.07,80.21,,0,,,
ap-i1jDXiUmYYzX3k11Tpww83,2026-10-01T00:21:11+00:00,decode,1,51712,0.07,80.28,,0,,,
ap-i1jDXiUmYYzX3k11Tpww83,2026-10-01T00:21:11+00:00,decode,1,51752,0.07,80.2,,0,,,
ap-i1jDXiUmYYzX3k11Tpww83,2026-10-01T00:21:12+00:00,decode,1,51792,0.07,80.24,,0,,,
ap-i1jDXiUmYYzX3k11Tpww83,2026-10-01T00:21:12+00:00,decode,1,51832,0.07,80.19,,0,,,
ap-i1jDXiUmYYzX3k11Tpww83,2026-10-01T00:21:13+00:00,decode,1,51872,0.07,80.16,,0,,,
ap-i1jDXiUmYYzX3k11Tpww83,2026-10-01T00:21:13+00:00,decode,1,51912,0.07,80.09,,0,,,
ap-i1jDXiUmYYzX3k11Tpww83,2026-10-01T00:21:14+00:00,decode,1,51952,0.07,80.11,,0,,,
ap-i1jDXiUmYYzX3k11Tpww83,2026-10-01T00:21:14+00:00,decode,1,51992,0.07,80.01,,0,,,
ap-i1jDXiUmYYzX3k11Tpww83,2026-10-01T00:21:15+00:00,decode,1,52032,0.07,80.12,,0,,,
ap-i1jDXiUmYYzX3k11Tpww83,2026-10-01T00:21:15+00:00,decode,1,52072,0.07,80.06,,0,,,
ap-i1jDXiUmYYzX3k11Tpww83,2026-10-01T00:21:16+00:00,decode,1,52112,0.07,80.1,,0,,,
ap-i1jDXiUmYYzX3k11Tpww83,2026-10-01T00:21:16+00:00,decode,1,52152,0.07,80.09,,0,,,
ap-i1jDXiUmYYzX3k11Tpww83,2026-10-01T00:21:17+00:00,decode,1,52192,0.07,80.09,,0,,,
ap-i1jDXiUmYYzX3k11Tpww83,2026-10-01T00:21:17+00:00,decode,1,52232,0.07,79.99,,0,,,
ap-i1jDXiUmYYzX3k11Tpww83,2026-10-01T00:21:18+00:00,decode,1,52272,0.07,80.08,,0,,,
ap-i1jDXiUmYYzX3k11Tpww83,2026-10-01T00:21:18+00:00,decode,1,52312,0.07,80.06,,0,,,
ap-i1jDXiUmYYzX3k11Tpww83,2026-10-01T00:21:19+00:00,decode,1,52352,0.07,80.05,,0,,,
ap-i1jDXiUmYYzX3k11Tpww83,2026-10-01T00:21:19+00:00,decode,1,52392,0.07,80.03,,0,,,
ap-i1jDXiUmYYzX3k11Tpww83,2026-10-01T00:21:20+00:00,decode,1,52432,0.07,80.05,,0,,,
ap-i1jDXiUmYYzX3k11Tpww83,2026-10-01T00:21:20+00:00,decode,1,52472,0.07,80.09,,0,,,
ap-i1jDXiUmYYzX3k11Tpww83,2026-10-01T00:21:21+00:00,decode,1,52512,0.07,80.0,,0,,,
ap-i1jDXiUmYYzX3k11Tpww83,2026-10-01T00:21:21+00:00,decode,1,52552,0.07,80.03,,0,,,
ap-i1jDXiUmYYzX3k11Tpww83,2026-10-01T00:21:22+00:00,decode,1,52592,0.07,80.04,,0,,,
ap-i1jDXiUmYYzX3k11Tpww83,2026-10-01T00:21:22+00:00,decode,1,52632,0.07,80.1,,0,,,
ap-i1jDXiUmYYzX3k11Tpww83,2026-10-01T00:21:24+00:00,prefill,0,,0.07,,14.31,0,1,222,52480
ap-i1jDXiUmYYzX3k11Tpww83,2026-10-01T00:21:24+00:00,decode,1,52716,0.07,26.92,,0,,,
ap-i1jDXiUmYYzX3k11Tpww83,2026-10-01T00:21:24+00:00,decode,1,52756,0.07,79.98,,0,,,
ap-i1jDXiUmYYzX3k11Tpww83,2026-10-01T00:21:25+00:00,decode,1,52796,0.07,80.05,,0,,,
ap-i1jDXiUmYYzX3k11Tpww83,2026-10-01T00:21:25+00:00,decode,1,52836,0.07,80.03,,0,,,
ap-i1jDXiUmYYzX3k11Tpww83,2026-10-01T00:21:26+00:00,decode,1,52876,0.07,80.03,,0,,,
ap-i1jDXiUmYYzX3k11Tpww83,2026-10-01T00:21:26+00:00,decode,1,52916,0.07,80.04,,0,,,
ap-i1jDXiUmYYzX3k11Tpww83,2026-10-01T00:21:27+00:00,decode,1,52956,0.07,80.05,,0,,,
ap-i1jDXiUmYYzX3k11Tpww83,2026-10-01T00:21:27+00:00,decode,1,52996,0.07,79.99,,0,,,
ap-i1jDXiUmYYzX3k11Tpww83,2026-10-01T00:21:28+00:00,decode,1,53036,0.07,80.01,,0,,,
ap-i1jDXiUmYYzX3k11Tpww83,2026-10-01T00:21:28+00:00,decode,1,53076,0.07,80.0,,0,,,
ap-i1jDXiUmYYzX3k11Tpww83,2026-10-01T00:21:29+00:00,decode,1,53116,0.07,80.0,,0,,,
ap-i1jDXiUmYYzX3k11Tpww83,2026-10-01T00:21:29+00:00,decode,1,53156,0.07,79.98,,0,,,
ap-i1jDXiUmYYzX3k11Tpww83,2026-10-01T00:21:30+00:00,decode,1,53196,0.07,79.96,,0,,,
ap-i1jDXiUmYYzX3k11Tpww83,2026-10-01T00:21:30+00:00,decode,1,53236,0.07,79.98,,0,,,
ap-i1jDXiUmYYzX3k11Tpww83,2026-10-01T00:21:31+00:00,decode,1,53276,0.07,79.89,,0,,,
ap-i1jDXiUmYYzX3k11Tpww83,2026-10-01T00:21:31+00:00,decode,1,53316,0.07,79.99,,0,,,
ap-i1jDXiUmYYzX3k11Tpww83,2026-10-01T00:21:32+00:00,decode,1,53356,0.07,79.97,,0,,,
ap-i1jDXiUmYYzX3k11Tpww83,2026-10-01T00:21:32+00:00,decode,1,53396,0.07,79.99,,0,,,
ap-i1jDXiUmYYzX3k11Tpww83,2026-10-01T00:21:33+00:00,decode,1,53436,0.07,79.91,,0,,,
ap-i1jDXiUmYYzX3k11Tpww83,2026-10-01T00:21:33+00:00,decode,1,53476,0.07,79.92,,0,,,
ap-i1jDXiUmYYzX3k11Tpww83,2026-10-01T00:21:34+00:00,decode,1,53516,0.07,79.9,,0,,,
ap-i1jDXiUmYYzX3k11Tpww83,2026-10-01T00:21:34+00:00,decode,1,53556,0.07,79.96,,0,,,
ap-i1jDXiUmYYzX3k11Tpww83,2026-10-01T00:21:35+00:00,decode,1,53596,0.07,79.92,,0,,,
ap-i1jDXiUmYYzX3k11Tpww83,2026-10-01T00:21:35+00:00,decode,1,53636,0.07,79.93,,0,,,
ap-i1jDXiUmYYzX3k11Tpww83,2026-10-01T00:21:36+00:00,decode,1,53676,0.07,79.99,,0,,,
ap-i1jDXiUmYYzX3k11Tpww83,2026-10-01T00:21:36+00:00,decode,1,53716,0.07,79.95,,0,,,
ap-i1jDXiUmYYzX3k11Tpww83,2026-10-01T00:21:37+00:00,decode,1,53756,0.07,79.91,,0,,,
ap-i1jDXiUmYYzX3k11Tpww83,2026-10-01T00:21:37+00:00,decode,1,53796,0.07,79.87,,0,,,
ap-i1jDXiUmYYzX3k11Tpww83,2026-10-01T00:21:38+00:00,decode,1,53836,0.07,79.97,,0,,,
ap-i1jDXiUmYYzX3k11Tpww83,2026-10-01T00:21:39+00:00,prefill,0,,0.07,,57.88,0,1,905,53760
ap-i1jDXiUmYYzX3k11Tpww83,2026-10-01T00:21:39+00:00,decode,1,54675,0.07,25.29,,0,,,
ap-i1jDXiUmYYzX3k11Tpww83,2026-10-01T00:21:40+00:00,decode,1,54715,0.07,79.79,,0,,,
ap-i1jDXiUmYYzX3k11Tpww83,2026-10-01T00:21:40+00:00,decode,1,54755,0.07,79.9,,0,,,
ap-i1jDXiUmYYzX3k11Tpww83,2026-10-01T00:21:41+00:00,decode,1,54795,0.07,79.77,,0,,,
ap-i1jDXiUmYYzX3k11Tpww83,2026-10-01T00:21:41+00:00,decode,1,54835,0.07,79.87,,0,,,
ap-i1jDXiUmYYzX3k11Tpww83,2026-10-01T00:21:42+00:00,decode,1,54875,0.07,79.85,,0,,,
ap-i1jDXiUmYYzX3k11Tpww83,2026-10-01T00:21:42+00:00,decode,1,54915,0.07,79.76,,0,,,
ap-i1jDXiUmYYzX3k11Tpww83,2026-10-01T00:21:43+00:00,decode,1,54955,0.07,79.9,,0,,,
ap-i1jDXiUmYYzX3k11Tpww83,2026-10-01T00:21:43+00:00,decode,1,54995,0.07,79.81,,0,,,
ap-i1jDXiUmYYzX3k11Tpww83,2026-10-01T00:21:44+00:00,decode,1,55035,0.07,79.86,,0,,,
ap-i1jDXiUmYYzX3k11Tpww83,2026-10-01T00:21:44+00:00,decode,1,55075,0.07,79.75,,0,,,
ap-i1jDXiUmYYzX3k11Tpww83,2026-10-01T00:21:45+00:00,decode,1,55115,0.07,79.75,,0,,,
ap-i1jDXiUmYYzX3k11Tpww83,2026-10-01T00:21:45+00:00,decode,1,55155,0.07,79.85,,0,,,
ap-i1jDXiUmYYzX3k11Tpww83,2026-10-01T00:21:46+00:00,decode,1,55195,0.07,79.79,,0,,,
ap-i1jDXiUmYYzX3k11Tpww83,2026-10-01T00:21:46+00:00,decode,1,55235,0.07,79.79,,0,,,
ap-i1jDXiUmYYzX3k11Tpww83,2026-10-01T00:21:47+00:00,decode,1,55275,0.07,79.81,,0,,,
ap-i1jDXiUmYYzX3k11Tpww83,2026-10-01T00:21:47+00:00,decode,1,55315,0.07,79.64,,0,,,
ap-i1jDXiUmYYzX3k11Tpww83,2026-10-01T00:21:48+00:00,decode,1,55355,0.07,79.72,,0,,,
ap-i1jDXiUmYYzX3k11Tpww83,2026-10-01T00:21:48+00:00,decode,1,55395,0.07,79.71,,0,,,
ap-i1jDXiUmYYzX3k11Tpww83,2026-10-01T00:21:49+00:00,decode,1,55435,0.07,79.67,,0,,,
ap-i1jDXiUmYYzX3k11Tpww83,2026-10-01T00:21:49+00:00,decode,1,55475,0.07,79.68,,0,,,
ap-i1jDXiUmYYzX3k11Tpww83,2026-10-01T00:21:50+00:00,decode,1,55515,0.07,79.59,,0,,,
ap-i1jDXiUmYYzX3k11Tpww83,2026-10-01T00:21:50+00:00,decode,1,55555,0.07,79.67,,0,,,
ap-i1jDXiUmYYzX3k11Tpww83,2026-10-01T00:21:51+00:00,decode,1,55595,0.07,79.66,,0,,,
ap-i1jDXiUmYYzX3k11Tpww83,2026-10-01T00:21:52+00:00,prefill,0,,0.0,,160.55,0,1,2008,0
ap-i1jDXiUmYYzX3k11Tpww83,2026-10-01T00:21:52+00:00,decode,1,2039,0.0,33.09,,0,,,
ap-i1jDXiUmYYzX3k11Tpww83,2026-10-01T00:21:53+00:00,decode,1,2079,0.0,87.41,,0,,,
ap-i1jDXiUmYYzX3k11Tpww83,2026-10-01T00:21:53+00:00,decode,1,2119,0.0,87.48,,0,,,
ap-i1jDXiUmYYzX3k11Tpww83,2026-10-01T00:21:54+00:00,decode,1,2159,0.0,87.44,,0,,,
ap-i1jDXiUmYYzX3k11Tpww83,2026-10-01T00:21:54+00:00,decode,1,2199,0.0,87.38,,0,,,
ap-i1jDXiUmYYzX3k11Tpww83,2026-10-01T00:21:54+00:00,decode,1,2239,0.0,87.41,,0,,,
ap-i1jDXiUmYYzX3k11Tpww83,2026-10-01T00:21:55+00:00,decode,1,2279,0.0,87.37,,0,,,
ap-i1jDXiUmYYzX3k11Tpww83,2026-10-01T00:21:55+00:00,decode,1,2319,0.0,87.37,,0,,,
ap-i1jDXiUmYYzX3k11Tpww83,2026-10-01T00:21:56+00:00,decode,1,2359,0.0,87.44,,0,,,
ap-i1jDXiUmYYzX3k11Tpww83,2026-10-01T00:21:56+00:00,decode,1,2399,0.0,87.29,,0,,,
ap-i1jDXiUmYYzX3k11Tpww83,2026-10-01T00:21:57+00:00,decode,1,2439,0.0,87.24,,0,,,
ap-i1jDXiUmYYzX3k11Tpww83,2026-10-01T00:21:57+00:00,decode,1,2479,0.0,87.24,,0,,,
ap-i1jDXiUmYYzX3k11Tpww83,2026-10-01T00:21:58+00:00,decode,1,2519,0.0,87.27,,0,,,
ap-i1jDXiUmYYzX3k11Tpww83,2026-10-01T00:21:58+00:00,decode,1,2559,0.0,87.17,,0,,,
ap-i1jDXiUmYYzX3k11Tpww83,2026-10-01T00:21:59+00:00,prefill,0,,0.08,,87.2,0,1,624,55552
ap-i1jDXiUmYYzX3k11Tpww83,2026-10-01T00:21:59+00:00,decode,1,56212,0.08,30.9,,0,,,
ap-i1jDXiUmYYzX3k11Tpww83,2026-10-01T00:22:00+00:00,decode,1,56252,0.08,79.59,,0,,,
ap-i1jDXiUmYYzX3k11Tpww83,2026-10-01T00:22:00+00:00,decode,1,56292,0.08,79.58,,0,,,
ap-i1jDXiUmYYzX3k11Tpww83,2026-10-01T00:22:01+00:00,prefill,0,,0.01,,1750.02,0,1,4094,0
ap-i1jDXiUmYYzX3k11Tpww83,2026-10-01T00:22:02+00:00,decode,1,4109,0.01,37.74,,0,,,
ap-i1jDXiUmYYzX3k11Tpww83,2026-10-01T00:22:02+00:00,decode,1,4149,0.01,87.0,,0,,,
ap-i1jDXiUmYYzX3k11Tpww83,2026-10-01T00:22:02+00:00,decode,1,4189,0.01,86.97,,0,,,
ap-i1jDXiUmYYzX3k11Tpww83,2026-10-01T00:22:03+00:00,decode,1,4229,0.01,87.03,,0,,,
ap-i1jDXiUmYYzX3k11Tpww83,2026-10-01T00:22:07+00:00,prefill,0,,0.01,,850.92,0,1,4420,1344
ap-i1jDXiUmYYzX3k11Tpww83,2026-10-01T00:22:07+00:00,decode,1,5794,0.01,10.03,,0,,,
ap-i1jDXiUmYYzX3k11Tpww83,2026-10-01T00:22:07+00:00,decode,1,5834,0.01,86.63,,0,,,
ap-i1jDXiUmYYzX3k11Tpww83,2026-10-01T00:22:08+00:00,decode,1,5874,0.01,86.58,,0,,,
ap-i1jDXiUmYYzX3k11Tpww83,2026-10-01T00:22:11+00:00,prefill,0,,0.01,,691.2,0,1,3311,4032
ap-i1jDXiUmYYzX3k11Tpww83,2026-10-01T00:22:11+00:00,decode,1,7358,0.01,10.83,,0,,,
ap-i1jDXiUmYYzX3k11Tpww83,2026-10-01T00:22:12+00:00,decode,1,7398,0.01,86.31,,0,,,
ap-i1jDXiUmYYzX3k11Tpww83,2026-10-01T00:22:12+00:00,decode,1,7438,0.01,86.25,,0,,,
ap-i1jDXiUmYYzX3k11Tpww83,2026-10-01T00:22:13+00:00,decode,1,7478,0.01,86.27,,0,,,
ap-i1jDXiUmYYzX3k11Tpww83,2026-10-01T00:22:13+00:00,decode,1,7518,0.01,86.28,,0,,,
ap-i1jDXiUmYYzX3k11Tpww83,2026-10-01T00:22:14+00:00,decode,1,7558,0.01,86.28,,0,,,
ap-i1jDXiUmYYzX3k11Tpww83,2026-10-01T00:22:14+00:00,decode,1,7598,0.01,86.26,,0,,,
ap-i1jDXiUmYYzX3k11Tpww83,2026-10-01T00:22:15+00:00,decode,1,7638,0.01,86.26,,0,,,
ap-i1jDXiUmYYzX3k11Tpww83,2026-10-01T00:22:15+00:00,decode,1,7678,0.01,86.25,,0,,,
ap-i1jDXiUmYYzX3k11Tpww83,2026-10-01T00:22:16+00:00,decode,1,7718,0.01,86.19,,0,,,
ap-i1jDXiUmYYzX3k11Tpww83,2026-10-01T00:22:16+00:00,decode,1,7758,0.01,86.28,,0,,,
ap-i1jDXiUmYYzX3k11Tpww83,2026-10-01T00:22:17+00:00,decode,1,7798,0.01,86.21,,0,,,
ap-i1jDXiUmYYzX3k11Tpww83,2026-10-01T00:22:17+00:00,decode,1,7838,0.01,86.23,,0,,,
ap-i1jDXiUmYYzX3k11Tpww83,2026-10-01T00:22:18+00:00,decode,1,7878,0.01,86.24,,0,,,
ap-i1jDXiUmYYzX3k11Tpww83,2026-10-01T00:22:18+00:00,decode,1,7918,0.01,86.19,,0,,,
ap-i1jDXiUmYYzX3k11Tpww83,2026-10-01T00:22:18+00:00,decode,1,7958,0.01,86.15,,0,,,
ap-i1jDXiUmYYzX3k11Tpww83,2026-10-01T00:22:19+00:00,decode,1,7998,0.01,86.22,,0,,,
ap-i1jDXiUmYYzX3k11Tpww83,2026-10-01T00:22:19+00:00,decode,1,8038,0.01,86.19,,0,,,
ap-i1jDXiUmYYzX3k11Tpww83,2026-10-01T00:22:20+00:00,decode,1,8078,0.01,86.2,,0,,,
ap-i1jDXiUmYYzX3k11Tpww83,2026-10-01T00:22:20+00:00,decode,1,8118,0.01,86.2,,0,,,
ap-i1jDXiUmYYzX3k11Tpww83,2026-10-01T00:22:21+00:00,decode,1,8158,0.01,86.22,,0,,,
ap-i1jDXiUmYYzX3k11Tpww83,2026-10-01T00:22:21+00:00,decode,1,8198,0.01,86.15,,0,,,
ap-i1jDXiUmYYzX3k11Tpww83,2026-10-01T00:22:22+00:00,decode,1,8238,0.01,86.17,,0,,,
ap-i1jDXiUmYYzX3k11Tpww83,2026-10-01T00:22:22+00:00,decode,1,8278,0.01,86.21,,0,,,
ap-i1jDXiUmYYzX3k11Tpww83,2026-10-01T00:22:23+00:00,decode,1,8318,0.01,86.15,,0,,,
ap-i1jDXiUmYYzX3k11Tpww83,2026-10-01T00:22:23+00:00,decode,1,8358,0.01,86.14,,0,,,
ap-i1jDXiUmYYzX3k11Tpww83,2026-10-01T00:22:24+00:00,decode,1,8398,0.01,86.14,,0,,,
ap-i1jDXiUmYYzX3k11Tpww83,2026-10-01T00:22:24+00:00,decode,1,8438,0.01,86.16,,0,,,
ap-i1jDXiUmYYzX3k11Tpww83,2026-10-01T00:22:24+00:00,decode,1,8478,0.01,86.1,,0,,,
ap-i1jDXiUmYYzX3k11Tpww83,2026-10-01T00:22:25+00:00,decode,1,8518,0.01,86.13,,0,,,
ap-i1jDXiUmYYzX3k11Tpww83,2026-10-01T00:22:25+00:00,decode,1,8558,0.01,86.12,,0,,,
ap-i1jDXiUmYYzX3k11Tpww83,2026-10-01T00:22:26+00:00,decode,1,8598,0.01,86.11,,0,,,
ap-i1jDXiUmYYzX3k11Tpww83,2026-10-01T00:22:26+00:00,decode,1,8638,0.01,86.12,,0,,,
ap-i1jDXiUmYYzX3k11Tpww83,2026-10-01T00:22:27+00:00,decode,1,8678,0.01,86.14,,0,,,
ap-i1jDXiUmYYzX3k11Tpww83,2026-10-01T00:22:27+00:00,decode,1,8718,0.01,86.03,,0,,,
ap-i1jDXiUmYYzX3k11Tpww83,2026-10-01T00:22:28+00:00,decode,1,8758,0.01,86.11,,0,,,
ap-i1jDXiUmYYzX3k11Tpww83,2026-10-01T00:22:28+00:00,decode,1,8798,0.01,86.11,,0,,,
ap-i1jDXiUmYYzX3k11Tpww83,2026-10-01T00:22:29+00:00,decode,1,8838,0.01,86.08,,0,,,
ap-i1jDXiUmYYzX3k11Tpww83,2026-10-01T00:22:29+00:00,decode,1,8878,0.01,86.1,,0,,,
ap-i1jDXiUmYYzX3k11Tpww83,2026-10-01T00:22:30+00:00,decode,1,8918,0.01,86.11,,0,,,
ap-i1jDXiUmYYzX3k11Tpww83,2026-10-01T00:22:30+00:00,decode,1,8958,0.01,86.07,,0,,,
ap-i1jDXiUmYYzX3k11Tpww83,2026-10-01T00:22:31+00:00,decode,1,8998,0.01,86.01,,0,,,
ap-i1jDXiUmYYzX3k11Tpww83,2026-10-01T00:22:31+00:00,decode,1,9038,0.01,86.1,,0,,,
ap-i1jDXiUmYYzX3k11Tpww83,2026-10-01T00:22:31+00:00,decode,1,9078,0.01,86.1,,0,,,
ap-i1jDXiUmYYzX3k11Tpww83,2026-10-01T00:22:32+00:00,decode,1,9118,0.01,86.05,,0,,,
ap-i1jDXiUmYYzX3k11Tpww83,2026-10-01T00:22:32+00:00,decode,1,9158,0.01,86.11,,0,,,
ap-i1jDXiUmYYzX3k11Tpww83,2026-10-01T00:22:33+00:00,decode,1,9198,0.01,86.07,,0,,,
ap-i1jDXiUmYYzX3k11Tpww83,2026-10-01T00:22:33+00:00,decode,1,9238,0.01,86.0,,0,,,
ap-i1jDXiUmYYzX3k11Tpww83,2026-10-01T00:22:34+00:00,decode,1,9278,0.01,86.06,,0,,,
ap-i1jDXiUmYYzX3k11Tpww83,2026-10-01T00:22:34+00:00,decode,1,9318,0.01,86.04,,0,,,
ap-i1jDXiUmYYzX3k11Tpww83,2026-10-01T00:22:35+00:00,decode,1,9358,0.01,86.05,,0,,,
ap-i1jDXiUmYYzX3k11Tpww83,2026-10-01T00:22:35+00:00,decode,1,9398,0.01,86.05,,0,,,
ap-i1jDXiUmYYzX3k11Tpww83,2026-10-01T00:22:36+00:00,decode,1,9438,0.01,86.04,,0,,,
ap-i1jDXiUmYYzX3k11Tpww83,2026-10-01T00:22:36+00:00,decode,1,9478,0.01,85.95,,0,,,
ap-i1jDXiUmYYzX3k11Tpww83,2026-10-01T00:22:37+00:00,decode,1,9518,0.01,86.02,,0,,,
ap-i1jDXiUmYYzX3k11Tpww83,2026-10-01T00:22:39+00:00,prefill,0,,0.01,,133.69,0,1,3706,5760
ap-i1jDXiUmYYzX3k11Tpww83,2026-10-01T00:22:39+00:00,decode,1,9497,0.01,14.12,,0,,,
ap-i1jDXiUmYYzX3k11Tpww83,2026-10-01T00:22:40+00:00,decode,1,9537,0.01,86.02,,0,,,
ap-i1jDXiUmYYzX3k11Tpww83,2026-10-01T00:22:40+00:00,decode,1,9577,0.01,86.01,,0,,,
ap-i1jDXiUmYYzX3k11Tpww83,2026-10-01T00:22:41+00:00,decode,1,9617,0.01,86.02,,0,,,
ap-i1jDXiUmYYzX3k11Tpww83,2026-10-01T00:22:41+00:00,decode,1,9657,0.01,86.0,,0,,,
ap-i1jDXiUmYYzX3k11Tpww83,2026-10-01T00:22:42+00:00,decode,1,9697,0.01,86.02,,0,,,
ap-i1jDXiUmYYzX3k11Tpww83,2026-10-01T00:22:42+00:00,decode,1,9737,0.01,85.92,,0,,,
ap-i1jDXiUmYYzX3k11Tpww83,2026-10-01T00:22:43+00:00,decode,1,9777,0.01,85.94,,0,,,
ap-i1jDXiUmYYzX3k11Tpww83,2026-10-01T00:22:43+00:00,decode,1,9817,0.01,85.98,,0,,,
ap-i1jDXiUmYYzX3k11Tpww83,2026-10-01T00:22:44+00:00,decode,1,9857,0.01,85.97,,0,,,
ap-i1jDXiUmYYzX3k11Tpww83,2026-10-01T00:22:44+00:00,decode,1,9897,0.01,85.93,,0,,,
ap-i1jDXiUmYYzX3k11Tpww83,2026-10-01T00:22:45+00:00,decode,1,9937,0.01,85.98,,0,,,
ap-i1jDXiUmYYzX3k11Tpww83,2026-10-01T00:22:45+00:00,decode,1,9977,0.01,85.95,,0,,,
ap-i1jDXiUmYYzX3k11Tpww83,2026-10-01T00:22:45+00:00,decode,1,10017,0.01,85.9,,0,,,
ap-i1jDXiUmYYzX3k11Tpww83,2026-10-01T00:22:46+00:00,decode,1,10057,0.01,85.96,,0,,,
ap-i1jDXiUmYYzX3k11Tpww83,2026-10-01T00:22:46+00:00,decode,1,10097,0.01,85.93,,0,,,
ap-i1jDXiUmYYzX3k11Tpww83,2026-10-01T00:22:47+00:00,decode,1,10137,0.01,85.93,,0,,,
ap-i1jDXiUmYYzX3k11Tpww83,2026-10-01T00:22:47+00:00,decode,1,10177,0.01,85.94,,0,,,
ap-i1jDXiUmYYzX3k11Tpww83,2026-10-01T00:22:48+00:00,decode,1,10217,0.01,85.93,,0,,,
ap-i1jDXiUmYYzX3k11Tpww83,2026-10-01T00:22:48+00:00,decode,1,10257,0.01,85.81,,0,,,
ap-i1jDXiUmYYzX3k11Tpww83,2026-10-01T00:22:49+00:00,decode,1,10297,0.01,85.9,,0,,,
ap-i1jDXiUmYYzX3k11Tpww83,2026-10-01T00:22:49+00:00,decode,1,10337,0.01,85.91,,0,,,
ap-i1jDXiUmYYzX3k11Tpww83,2026-10-01T00:22:50+00:00,decode,1,10377,0.01,85.91,,0,,,
ap-i1jDXiUmYYzX3k11Tpww83,2026-10-01T00:22:50+00:00,decode,1,10417,0.01,85.78,,0,,,
ap-i1jDXiUmYYzX3k11Tpww83,2026-10-01T00:22:51+00:00,decode,1,10457,0.01,85.78,,0,,,
ap-i1jDXiUmYYzX3k11Tpww83,2026-10-01T00:22:51+00:00,decode,1,10497,0.01,85.67,,0,,,
ap-i1jDXiUmYYzX3k11Tpww83,2026-10-01T00:22:51+00:00,decode,1,10537,0.01,85.77,,0,,,
ap-i1jDXiUmYYzX3k11Tpww83,2026-10-01T00:22:52+00:00,decode,1,10577,0.01,85.79,,0,,,
ap-i1jDXiUmYYzX3k11Tpww83,2026-10-01T00:22:52+00:00,decode,1,10617,0.01,85.75,,0,,,
ap-i1jDXiUmYYzX3k11Tpww83,2026-10-01T00:22:53+00:00,decode,1,10657,0.01,85.75,,0,,,
ap-i1jDXiUmYYzX3k11Tpww83,2026-10-01T00:22:53+00:00,decode,1,10697,0.01,85.76,,0,,,
ap-i1jDXiUmYYzX3k11Tpww83,2026-10-01T00:22:54+00:00,decode,1,10737,0.01,85.74,,0,,,
ap-i1jDXiUmYYzX3k11Tpww83,2026-10-01T00:22:54+00:00,decode,1,10777,0.01,85.69,,0,,,
ap-i1jDXiUmYYzX3k11Tpww83,2026-10-01T00:22:55+00:00,decode,1,10817,0.01,85.77,,0,,,
ap-i1jDXiUmYYzX3k11Tpww83,2026-10-01T00:22:55+00:00,decode,1,10857,0.01,85.77,,0,,,
ap-i1jDXiUmYYzX3k11Tpww83,2026-10-01T00:22:56+00:00,decode,1,10897,0.01,85.75,,0,,,
ap-i1jDXiUmYYzX3k11Tpww83,2026-10-01T00:22:56+00:00,decode,1,10937,0.01,85.75,,0,,,
ap-i1jDXiUmYYzX3k11Tpww83,2026-10-01T00:22:57+00:00,decode,1,10977,0.01,85.72,,0,,,
ap-i1jDXiUmYYzX3k11Tpww83,2026-10-01T00:22:57+00:00,decode,1,11017,0.01,85.66,,0,,,
ap-i1jDXiUmYYzX3k11Tpww83,2026-10-01T00:22:58+00:00,decode,1,11057,0.01,85.72,,0,,,
ap-i1jDXiUmYYzX3k11Tpww83,2026-10-01T00:22:58+00:00,decode,1,11097,0.01,85.73,,0,,,
ap-i1jDXiUmYYzX3k11Tpww83,2026-10-01T00:22:58+00:00,decode,1,11137,0.01,85.73,,0,,,
ap-i1jDXiUmYYzX3k11Tpww83,2026-10-01T00:22:59+00:00,decode,1,11177,0.01,85.73,,0,,,
ap-i1jDXiUmYYzX3k11Tpww83,2026-10-01T00:22:59+00:00,decode,1,11217,0.02,85.7,,0,,,
ap-i1jDXiUmYYzX3k11Tpww83,2026-10-01T00:23:00+00:00,decode,1,11257,0.02,85.71,,0,,,
ap-i1jDXiUmYYzX3k11Tpww83,2026-10-01T00:23:00+00:00,decode,1,11297,0.02,85.67,,0,,,
ap-i1jDXiUmYYzX3k11Tpww83,2026-10-01T00:23:01+00:00,decode,1,11337,0.02,85.73,,0,,,
ap-i1jDXiUmYYzX3k11Tpww83,2026-10-01T00:23:01+00:00,decode,1,11377,0.02,85.69,,0,,,
ap-i1jDXiUmYYzX3k11Tpww83,2026-10-01T00:23:02+00:00,decode,1,11417,0.02,85.7,,0,,,
ap-i1jDXiUmYYzX3k11Tpww83,2026-10-01T00:23:02+00:00,decode,1,11457,0.02,85.66,,0,,,
ap-i1jDXiUmYYzX3k11Tpww83,2026-10-01T00:23:03+00:00,decode,1,11497,0.02,85.69,,0,,,
ap-i1jDXiUmYYzX3k11Tpww83,2026-10-01T00:23:03+00:00,decode,1,11537,0.02,85.63,,0,,,
ap-i1jDXiUmYYzX3k11Tpww83,2026-10-01T00:23:04+00:00,decode,1,11577,0.02,85.69,,0,,,
ap-i1jDXiUmYYzX3k11Tpww83,2026-10-01T00:23:04+00:00,decode,1,11617,0.02,85.68,,0,,,
ap-i1jDXiUmYYzX3k11Tpww83,2026-10-01T00:23:05+00:00,decode,1,11657,0.02,85.69,,0,,,
ap-i1jDXiUmYYzX3k11Tpww83,2026-10-01T00:23:05+00:00,decode,1,11697,0.02,85.67,,0,,,
ap-i1jDXiUmYYzX3k11Tpww83,2026-10-01T00:23:05+00:00,decode,1,11737,0.02,85.67,,0,,,
ap-i1jDXiUmYYzX3k11Tpww83,2026-10-01T00:23:06+00:00,decode,1,11777,0.02,85.58,,0,,,
ap-i1jDXiUmYYzX3k11Tpww83,2026-10-01T00:23:06+00:00,decode,1,11817,0.02,85.64,,0,,,
ap-i1jDXiUmYYzX3k11Tpww83,2026-10-01T00:23:07+00:00,decode,1,11857,0.02,85.66,,0,,,
ap-i1jDXiUmYYzX3k11Tpww83,2026-10-01T00:23:07+00:00,decode,1,11897,0.02,85.64,,0,,,
ap-i1jDXiUmYYzX3k11Tpww83,2026-10-01T00:23:08+00:00,decode,1,11937,0.02,85.64,,0,,,
ap-i1jDXiUmYYzX3k11Tpww83,2026-10-01T00:23:08+00:00,decode,1,11977,0.02,85.6,,0,,,
ap-i1jDXiUmYYzX3k11Tpww83,2026-10-01T00:23:09+00:00,decode,1,12017,0.02,85.6,,0,,,
ap-i1jDXiUmYYzX3k11Tpww83,2026-10-01T00:23:09+00:00,decode,1,12057,0.02,85.52,,0,,,
ap-i1jDXiUmYYzX3k11Tpww83,2026-10-01T00:23:10+00:00,decode,1,12097,0.02,85.6,,0,,,
ap-i1jDXiUmYYzX3k11Tpww83,2026-10-01T00:23:10+00:00,decode,1,12137,0.02,85.55,,0,,,
ap-i1jDXiUmYYzX3k11Tpww83,2026-10-01T00:23:11+00:00,decode,1,12177,0.02,85.61,,0,,,
ap-i1jDXiUmYYzX3k11Tpww83,2026-10-01T00:23:11+00:00,decode,1,12217,0.02,85.59,,0,,,
ap-i1jDXiUmYYzX3k11Tpww83,2026-10-01T00:23:12+00:00,decode,1,12257,0.02,85.54,,0,,,
ap-i1jDXiUmYYzX3k11Tpww83,2026-10-01T00:23:12+00:00,decode,1,12297,0.02,85.55,,0,,,
ap-i1jDXiUmYYzX3k11Tpww83,2026-10-01T00:23:13+00:00,decode,1,12337,0.02,85.57,,0,,,
ap-i1jDXiUmYYzX3k11Tpww83,2026-10-01T00:23:13+00:00,decode,1,12377,0.02,85.58,,0,,,
ap-i1jDXiUmYYzX3k11Tpww83,2026-10-01T00:23:13+00:00,decode,1,12417,0.02,85.57,,0,,,
ap-i1jDXiUmYYzX3k11Tpww83,2026-10-01T00:23:14+00:00,decode,1,12457,0.02,85.54,,0,,,
ap-i1jDXiUmYYzX3k11Tpww83,2026-10-01T00:23:14+00:00,decode,1,12497,0.02,85.55,,0,,,
ap-i1jDXiUmYYzX3k11Tpww83,2026-10-01T00:23:15+00:00,decode,1,12537,0.02,85.58,,0,,,
ap-i1jDXiUmYYzX3k11Tpww83,2026-10-01T00:23:15+00:00,decode,1,12577,0.02,85.5,,0,,,
ap-i1jDXiUmYYzX3k11Tpww83,2026-10-01T00:23:16+00:00,decode,1,12617,0.02,85.51,,0,,,
ap-i1jDXiUmYYzX3k11Tpww83,2026-10-01T00:23:16+00:00,decode,1,12657,0.02,85.52,,0,,,
ap-i1jDXiUmYYzX3k11Tpww83,2026-10-01T00:23:17+00:00,decode,1,12697,0.02,85.52,,0,,,
ap-i1jDXiUmYYzX3k11Tpww83,2026-10-01T00:23:17+00:00,decode,1,12737,0.02,85.52,,0,,,
ap-i1jDXiUmYYzX3k11Tpww83,2026-10-01T00:23:18+00:00,decode,1,12777,0.02,85.54,,0,,,
ap-i1jDXiUmYYzX3k11Tpww83,2026-10-01T00:23:18+00:00,decode,1,12817,0.02,85.42,,0,,,
ap-i1jDXiUmYYzX3k11Tpww83,2026-10-01T00:23:19+00:00,decode,1,12857,0.02,85.53,,0,,,
ap-i1jDXiUmYYzX3k11Tpww83,2026-10-01T00:23:19+00:00,decode,1,12897,0.02,85.51,,0,,,
ap-i1jDXiUmYYzX3k11Tpww83,2026-10-01T00:23:20+00:00,decode,1,12937,0.02,85.49,,0,,,
ap-i1jDXiUmYYzX3k11Tpww83,2026-10-01T00:23:20+00:00,decode,1,12977,0.02,85.48,,0,,,
ap-i1jDXiUmYYzX3k11Tpww83,2026-10-01T00:23:20+00:00,decode,1,13017,0.02,85.47,,0,,,
ap-i1jDXiUmYYzX3k11Tpww83,2026-10-01T00:23:21+00:00,decode,1,13057,0.02,85.42,,0,,,
ap-i1jDXiUmYYzX3k11Tpww83,2026-10-01T00:23:21+00:00,decode,1,13097,0.02,85.48,,0,,,
ap-i1jDXiUmYYzX3k11Tpww83,2026-10-01T00:23:22+00:00,decode,1,13137,0.02,85.47,,0,,,
ap-i1jDXiUmYYzX3k11Tpww83,2026-10-01T00:23:22+00:00,decode,1,13177,0.02,85.44,,0,,,
ap-i1jDXiUmYYzX3k11Tpww83,2026-10-01T00:23:23+00:00,decode,1,13217,0.02,85.5,,0,,,
ap-i1jDXiUmYYzX3k11Tpww83,2026-10-01T00:23:23+00:00,decode,1,13257,0.02,85.48,,0,,,
ap-i1jDXiUmYYzX3k11Tpww83,2026-10-01T00:23:24+00:00,decode,1,13297,0.02,85.46,,0,,,
ap-i1jDXiUmYYzX3k11Tpww83,2026-10-01T00:23:24+00:00,decode,1,13337,0.02,85.38,,0,,,
ap-i1jDXiUmYYzX3k11Tpww83,2026-10-01T00:23:25+00:00,decode,1,13377,0.02,85.44,,0,,,
ap-i1jDXiUmYYzX3k11Tpww83,2026-10-01T00:23:25+00:00,decode,1,13417,0.02,85.44,,0,,,
ap-i1jDXiUmYYzX3k11Tpww83,2026-10-01T00:23:26+00:00,decode,1,13457,0.02,85.43,,0,,,
ap-i1jDXiUmYYzX3k11Tpww83,2026-10-01T00:23:26+00:00,decode,1,13497,0.02,85.45,,0,,,
ap-i1jDXiUmYYzX3k11Tpww83,2026-10-01T00:23:27+00:00,decode,1,13537,0.02,85.44,,0,,,
ap-i1jDXiUmYYzX3k11Tpww83,2026-10-01T00:23:28+00:00,prefill,0,,0.01,,46.42,0,1,2254,7296
ap-i1jDXiUmYYzX3k11Tpww83,2026-10-01T00:23:28+00:00,decode,1,9565,0.01,32.85,,0,,,
ap-i1jDXiUmYYzX3k11Tpww83,2026-10-01T00:23:28+00:00,decode,1,9605,0.01,86.0,,0,,,
ap-i1jDXiUmYYzX3k11Tpww83,2026-10-01T00:23:29+00:00,decode,1,9645,0.01,85.99,,0,,,
ap-i1jDXiUmYYzX3k11Tpww83,2026-10-01T00:23:29+00:00,decode,1,9685,0.01,86.02,,0,,,
ap-i1jDXiUmYYzX3k11Tpww83,2026-10-01T00:23:30+00:00,decode,1,9725,0.01,85.99,,0,,,
ap-i1jDXiUmYYzX3k11Tpww83,2026-10-01T00:23:30+00:00,decode,1,9765,0.01,85.87,,0,,,
ap-i1jDXiUmYYzX3k11Tpww83,2026-10-01T00:23:31+00:00,decode,1,9805,0.01,85.98,,0,,,
ap-i1jDXiUmYYzX3k11Tpww83,2026-10-01T00:23:31+00:00,decode,1,9845,0.01,85.98,,0,,,
ap-i1jDXiUmYYzX3k11Tpww83,2026-10-01T00:23:31+00:00,decode,1,9885,0.01,85.96,,0,,,
ap-i1jDXiUmYYzX3k11Tpww83,2026-10-01T00:23:32+00:00,decode,1,9925,0.01,85.95,,0,,,
ap-i1jDXiUmYYzX3k11Tpww83,2026-10-01T00:23:34+00:00,prefill,0,,0.01,,110.08,0,1,751,9728
ap-i1jDXiUmYYzX3k11Tpww83,2026-10-01T00:23:35+00:00,decode,1,10488,0.01,15.59,,0,,,
ap-i1jDXiUmYYzX3k11Tpww83,2026-10-01T00:23:35+00:00,decode,1,10528,0.01,85.66,,0,,,
ap-i1jDXiUmYYzX3k11Tpww83,2026-10-01T00:23:38+00:00,prefill,0,,0.02,,254.56,0,1,1000,10496
ap-i1jDXiUmYYzX3k11Tpww83,2026-10-01T00:23:39+00:00,decode,1,11515,0.02,11.17,,0,,,
ap-i1jDXiUmYYzX3k11Tpww83,2026-10-01T00:23:39+00:00,decode,1,11555,0.02,85.59,,0,,,
ap-i1jDXiUmYYzX3k11Tpww83,2026-10-01T00:23:40+00:00,decode,1,11595,0.02,85.66,,0,,,
ap-i1jDXiUmYYzX3k11Tpww83,2026-10-01T00:23:40+00:00,decode,1,11635,0.02,85.65,,0,,,
ap-i1jDXiUmYYzX3k11Tpww83,2026-10-01T00:23:40+00:00,decode,1,11675,0.02,85.68,,0,,,
ap-i1jDXiUmYYzX3k11Tpww83,2026-10-01T00:23:41+00:00,decode,1,11715,0.02,85.66,,0,,,
ap-i1jDXiUmYYzX3k11Tpww83,2026-10-01T00:23:41+00:00,decode,1,11755,0.02,85.66,,0,,,
ap-i1jDXiUmYYzX3k11Tpww83,2026-10-01T00:23:42+00:00,decode,1,11795,0.02,85.59,,0,,,
ap-i1jDXiUmYYzX3k11Tpww83,2026-10-01T00:23:42+00:00,decode,1,11835,0.02,85.66,,0,,,
ap-i1jDXiUmYYzX3k11Tpww83,2026-10-01T00:23:43+00:00,decode,1,11875,0.02,85.63,,0,,,
ap-i1jDXiUmYYzX3k11Tpww83,2026-10-01T00:23:43+00:00,decode,1,11915,0.02,85.63,,0,,,
ap-i1jDXiUmYYzX3k11Tpww83,2026-10-01T00:23:44+00:00,decode,1,11955,0.02,85.63,,0,,,
ap-i1jDXiUmYYzX3k11Tpww83,2026-10-01T00:23:44+00:00,decode,1,11995,0.02,85.6,,0,,,
ap-i1jDXiUmYYzX3k11Tpww83,2026-10-01T00:23:45+00:00,decode,1,12035,0.02,85.56,,0,,,
ap-i1jDXiUmYYzX3k11Tpww83,2026-10-01T00:23:45+00:00,decode,1,12075,0.02,85.63,,0,,,
ap-i1jDXiUmYYzX3k11Tpww83,2026-10-01T00:23:46+00:00,decode,1,12115,0.02,85.62,,0,,,
ap-i1jDXiUmYYzX3k11Tpww83,2026-10-01T00:23:46+00:00,decode,1,12155,0.02,85.55,,0,,,
ap-i1jDXiUmYYzX3k11Tpww83,2026-10-01T00:23:47+00:00,decode,1,12195,0.02,85.63,,0,,,
ap-i1jDXiUmYYzX3k11Tpww83,2026-10-01T00:23:47+00:00,decode,1,12235,0.02,85.59,,0,,,
ap-i1jDXiUmYYzX3k11Tpww83,2026-10-01T00:23:47+00:00,decode,1,12275,0.02,85.6,,0,,,
ap-i1jDXiUmYYzX3k11Tpww83,2026-10-01T00:23:48+00:00,decode,1,12315,0.02,85.53,,0,,,
ap-i1jDXiUmYYzX3k11Tpww83,2026-10-01T00:23:48+00:00,decode,1,12355,0.02,85.59,,0,,,
ap-i1jDXiUmYYzX3k11Tpww83,2026-10-01T00:23:49+00:00,decode,1,12395,0.02,85.59,,0,,,
ap-i1jDXiUmYYzX3k11Tpww83,2026-10-01T00:23:49+00:00,decode,1,12435,0.02,85.57,,0,,,
ap-i1jDXiUmYYzX3k11Tpww83,2026-10-01T00:23:50+00:00,decode,1,12475,0.02,85.58,,0,,,
ap-i1jDXiUmYYzX3k11Tpww83,2026-10-01T00:23:50+00:00,decode,1,12515,0.02,85.52,,0,,,
ap-i1jDXiUmYYzX3k11Tpww83,2026-10-01T00:23:53+00:00,prefill,0,,0.02,,89.32,0,1,1290,12544
ap-i1jDXiUmYYzX3k11Tpww83,2026-10-01T00:23:53+00:00,decode,1,13842,0.02,15.23,,0,,,
ap-i1jDXiUmYYzX3k11Tpww83,2026-10-01T00:23:53+00:00,decode,1,13882,0.02,85.28,,0,,,
ap-i1jDXiUmYYzX3k11Tpww83,2026-10-01T00:23:54+00:00,decode,1,13922,0.02,85.24,,0,,,
ap-i1jDXiUmYYzX3k11Tpww83,2026-10-01T00:23:54+00:00,decode,1,13962,0.02,85.25,,0,,,
ap-i1jDXiUmYYzX3k11Tpww83,2026-10-01T00:23:55+00:00,decode,1,14002,0.02,85.25,,0,,,
ap-i1jDXiUmYYzX3k11Tpww83,2026-10-01T00:23:55+00:00,decode,1,14042,0.02,85.28,,0,,,
ap-i1jDXiUmYYzX3k11Tpww83,2026-10-01T00:23:56+00:00,decode,1,14082,0.02,85.18,,0,,,
ap-i1jDXiUmYYzX3k11Tpww83,2026-10-01T00:23:56+00:00,decode,1,14122,0.02,85.22,,0,,,
ap-i1jDXiUmYYzX3k11Tpww83,2026-10-01T00:23:57+00:00,decode,1,14162,0.02,85.26,,0,,,
ap-i1jDXiUmYYzX3k11Tpww83,2026-10-01T00:23:57+00:00,decode,1,14202,0.02,85.22,,0,,,
ap-i1jDXiUmYYzX3k11Tpww83,2026-10-01T00:23:58+00:00,decode,1,14242,0.02,85.26,,0,,,
ap-i1jDXiUmYYzX3k11Tpww83,2026-10-01T00:23:58+00:00,decode,1,14282,0.02,85.24,,0,,,
ap-i1jDXiUmYYzX3k11Tpww83,2026-10-01T00:23:59+00:00,decode,1,14322,0.02,85.25,,0,,,
ap-i1jDXiUmYYzX3k11Tpww83,2026-10-01T00:23:59+00:00,decode,1,14362,0.02,85.18,,0,,,
ap-i1jDXiUmYYzX3k11Tpww83,2026-10-01T00:23:59+00:00,decode,1,14402,0.02,85.27,,0,,,
ap-i1jDXiUmYYzX3k11Tpww83,2026-10-01T00:24:02+00:00,prefill,0,,0.02,,74.12,0,1,675,13824
ap-i1jDXiUmYYzX3k11Tpww83,2026-10-01T00:24:02+00:00,decode,1,14511,0.02,15.45,,0,,,
ap-i1jDXiUmYYzX3k11Tpww83,2026-10-01T00:24:03+00:00,decode,1,14551,0.02,85.11,,0,,,
ap-i1jDXiUmYYzX3k11Tpww83,2026-10-01T00:24:03+00:00,decode,1,14591,0.02,85.19,,0,,,
ap-i1jDXiUmYYzX3k11Tpww83,2026-10-01T00:24:03+00:00,decode,1,14631,0.02,85.07,,0,,,
ap-i1jDXiUmYYzX3k11Tpww83,2026-10-01T00:24:04+00:00,decode,1,14671,0.02,85.18,,0,,,
ap-i1jDXiUmYYzX3k11Tpww83,2026-10-01T00:24:04+00:00,decode,1,14711,0.02,85.17,,0,,,
ap-i1jDXiUmYYzX3k11Tpww83,2026-10-01T00:24:05+00:00,decode,1,14751,0.02,85.18,,0,,,
ap-i1jDXiUmYYzX3k11Tpww83,2026-10-01T00:24:05+00:00,decode,1,14791,0.02,85.15,,0,,,
ap-i1jDXiUmYYzX3k11Tpww83,2026-10-01T00:24:06+00:00,decode,1,14831,0.02,85.15,,0,,,
ap-i1jDXiUmYYzX3k11Tpww83,2026-10-01T00:24:06+00:00,decode,1,14871,0.02,85.09,,0,,,
ap-i1jDXiUmYYzX3k11Tpww83,2026-10-01T00:24:07+00:00,decode,1,14911,0.02,85.12,,0,,,
ap-i1jDXiUmYYzX3k11Tpww83,2026-10-01T00:24:07+00:00,decode,1,14951,0.02,85.17,,0,,,
ap-i1jDXiUmYYzX3k11Tpww83,2026-10-01T00:24:08+00:00,decode,1,14991,0.02,85.16,,0,,,
ap-i1jDXiUmYYzX3k11Tpww83,2026-10-01T00:24:08+00:00,decode,1,15031,0.02,85.19,,0,,,
ap-i1jDXiUmYYzX3k11Tpww83,2026-10-01T00:24:09+00:00,decode,1,15071,0.02,85.18,,0,,,
ap-i1jDXiUmYYzX3k11Tpww83,2026-10-01T00:24:09+00:00,decode,1,15111,0.02,85.06,,0,,,
ap-i1jDXiUmYYzX3k11Tpww83,2026-10-01T00:24:10+00:00,decode,1,15151,0.02,85.12,,0,,,
ap-i1jDXiUmYYzX3k11Tpww83,2026-10-01T00:24:10+00:00,decode,1,15191,0.02,85.14,,0,,,
ap-i1jDXiUmYYzX3k11Tpww83,2026-10-01T00:24:10+00:00,decode,1,15231,0.02,85.11,,0,,,
ap-i1jDXiUmYYzX3k11Tpww83,2026-10-01T00:24:11+00:00,decode,1,15271,0.02,85.14,,0,,,
ap-i1jDXiUmYYzX3k11Tpww83,2026-10-01T00:24:11+00:00,decode,1,15311,0.02,85.14,,0,,,
ap-i1jDXiUmYYzX3k11Tpww83,2026-10-01T00:24:12+00:00,decode,1,15351,0.02,85.09,,0,,,
ap-i1jDXiUmYYzX3k11Tpww83,2026-10-01T00:24:12+00:00,decode,1,15391,0.02,85.08,,0,,,
ap-i1jDXiUmYYzX3k11Tpww83,2026-10-01T00:24:13+00:00,decode,1,15431,0.02,85.12,,0,,,
ap-i1jDXiUmYYzX3k11Tpww83,2026-10-01T00:24:15+00:00,prefill,0,,0.02,,97.56,0,1,1286,15360
ap-i1jDXiUmYYzX3k11Tpww83,2026-10-01T00:24:16+00:00,decode,1,16684,0.02,14.94,,0,,,
ap-i1jDXiUmYYzX3k11Tpww83,2026-10-01T00:24:16+00:00,decode,1,16724,0.02,84.93,,0,,,
ap-i1jDXiUmYYzX3k11Tpww83,2026-10-01T00:24:16+00:00,decode,1,16764,0.02,84.92,,0,,,
ap-i1jDXiUmYYzX3k11Tpww83,2026-10-01T00:24:17+00:00,decode,1,16804,0.02,84.94,,0,,,
ap-i1jDXiUmYYzX3k11Tpww83,2026-10-01T00:24:19+00:00,prefill,0,,0.02,,107.02,0,1,471,16640
ap-i1jDXiUmYYzX3k11Tpww83,2026-10-01T00:24:20+00:00,decode,1,17121,0.02,15.04,,0,,,
ap-i1jDXiUmYYzX3k11Tpww83,2026-10-01T00:24:20+00:00,decode,1,17161,0.02,84.76,,0,,,
ap-i1jDXiUmYYzX3k11Tpww83,2026-10-01T00:24:21+00:00,decode,1,17201,0.02,84.89,,0,,,
ap-i1jDXiUmYYzX3k11Tpww83,2026-10-01T00:24:21+00:00,decode,1,17241,0.02,84.84,,0,,,
ap-i1jDXiUmYYzX3k11Tpww83,2026-10-01T00:24:21+00:00,decode,1,17281,0.02,84.85,,0,,,
ap-i1jDXiUmYYzX3k11Tpww83,2026-10-01T00:24:22+00:00,decode,1,17321,0.02,84.73,,0,,,
ap-i1jDXiUmYYzX3k11Tpww83,2026-10-01T00:24:22+00:00,decode,1,17361,0.02,84.67,,0,,,
ap-i1jDXiUmYYzX3k11Tpww83,2026-10-01T00:24:23+00:00,decode,1,17401,0.02,84.8,,0,,,
ap-i1jDXiUmYYzX3k11Tpww83,2026-10-01T00:24:23+00:00,decode,1,17441,0.02,84.64,,0,,,
ap-i1jDXiUmYYzX3k11Tpww83,2026-10-01T00:24:24+00:00,decode,1,17481,0.02,84.73,,0,,,
ap-i1jDXiUmYYzX3k11Tpww83,2026-10-01T00:24:24+00:00,decode,1,17521,0.02,84.71,,0,,,
ap-i1jDXiUmYYzX3k11Tpww83,2026-10-01T00:24:25+00:00,decode,1,17561,0.02,84.68,,0,,,
ap-i1jDXiUmYYzX3k11Tpww83,2026-10-01T00:24:25+00:00,decode,1,17601,0.02,84.76,,0,,,
ap-i1jDXiUmYYzX3k11Tpww83,2026-10-01T00:24:26+00:00,decode,1,17641,0.02,84.72,,0,,,
ap-i1jDXiUmYYzX3k11Tpww83,2026-10-01T00:24:26+00:00,decode,1,17681,0.02,84.64,,0,,,
ap-i1jDXiUmYYzX3k11Tpww83,2026-10-01T00:24:27+00:00,decode,1,17721,0.02,84.71,,0,,,
ap-i1jDXiUmYYzX3k11Tpww83,2026-10-01T00:24:27+00:00,decode,1,17761,0.02,84.65,,0,,,
ap-i1jDXiUmYYzX3k11Tpww83,2026-10-01T00:24:28+00:00,decode,1,17801,0.02,84.77,,0,,,
ap-i1jDXiUmYYzX3k11Tpww83,2026-10-01T00:24:28+00:00,decode,1,17841,0.02,84.72,,0,,,
ap-i1jDXiUmYYzX3k11Tpww83,2026-10-01T00:24:29+00:00,decode,1,17881,0.02,84.72,,0,,,
ap-i1jDXiUmYYzX3k11Tpww83,2026-10-01T00:24:29+00:00,decode,1,17921,0.02,84.63,,0,,,
ap-i1jDXiUmYYzX3k11Tpww83,2026-10-01T00:24:30+00:00,decode,1,17961,0.02,84.68,,0,,,
ap-i1jDXiUmYYzX3k11Tpww83,2026-10-01T00:24:30+00:00,decode,1,18001,0.02,84.73,,0,,,
ap-i1jDXiUmYYzX3k11Tpww83,2026-10-01T00:24:34+00:00,prefill,0,,0.03,,100.92,0,1,1443,17920
ap-i1jDXiUmYYzX3k11Tpww83,2026-10-01T00:24:34+00:00,decode,1,19367,0.03,10.42,,0,,,
ap-i1jDXiUmYYzX3k11Tpww83,2026-10-01T00:24:34+00:00,decode,1,19407,0.03,84.36,,0,,,
ap-i1jDXiUmYYzX3k11Tpww83,2026-10-01T00:24:35+00:00,decode,1,19447,0.03,84.55,,0,,,
ap-i1jDXiUmYYzX3k11Tpww83,2026-10-01T00:24:35+00:00,decode,1,19487,0.03,84.48,,0,,,
ap-i1jDXiUmYYzX3k11Tpww83,2026-10-01T00:24:36+00:00,decode,1,19527,0.03,84.53,,0,,,
ap-i1jDXiUmYYzX3k11Tpww83,2026-10-01T00:24:38+00:00,prefill,0,,0.03,,88.53,0,1,402,19456
ap-i1jDXiUmYYzX3k11Tpww83,2026-10-01T00:24:38+00:00,decode,1,19861,0.03,15.18,,0,,,
ap-i1jDXiUmYYzX3k11Tpww83,2026-10-01T00:24:39+00:00,decode,1,19901,0.03,83.62,,0,,,
ap-i1jDXiUmYYzX3k11Tpww83,2026-10-01T00:24:39+00:00,decode,1,19941,0.03,84.46,,0,,,
ap-i1jDXiUmYYzX3k11Tpww83,2026-10-01T00:24:40+00:00,decode,1,19981,0.03,84.4,,0,,,
ap-i1jDXiUmYYzX3k11Tpww83,2026-10-01T00:24:40+00:00,decode,1,20021,0.03,84.47,,0,,,
ap-i1jDXiUmYYzX3k11Tpww83,2026-10-01T00:24:41+00:00,decode,1,20061,0.03,84.42,,0,,,
ap-i1jDXiUmYYzX3k11Tpww83,2026-10-01T00:24:41+00:00,decode,1,20101,0.03,84.46,,0,,,
ap-i1jDXiUmYYzX3k11Tpww83,2026-10-01T00:24:42+00:00,decode,1,20141,0.03,84.42,,0,,,
ap-i1jDXiUmYYzX3k11Tpww83,2026-10-01T00:24:42+00:00,decode,1,20181,0.03,84.44,,0,,,
ap-i1jDXiUmYYzX3k11Tpww83,2026-10-01T00:24:43+00:00,decode,1,20221,0.03,84.46,,0,,,
ap-i1jDXiUmYYzX3k11Tpww83,2026-10-01T00:24:43+00:00,decode,1,20261,0.03,84.33,,0,,,
ap-i1jDXiUmYYzX3k11Tpww83,2026-10-01T00:24:44+00:00,decode,1,20301,0.03,84.44,,0,,,
ap-i1jDXiUmYYzX3k11Tpww83,2026-10-01T00:24:44+00:00,decode,1,20341,0.03,84.43,,0,,,
ap-i1jDXiUmYYzX3k11Tpww83,2026-10-01T00:24:45+00:00,decode,1,20381,0.03,84.44,,0,,,
ap-i1jDXiUmYYzX3k11Tpww83,2026-10-01T00:24:45+00:00,decode,1,20421,0.03,84.35,,0,,,
ap-i1jDXiUmYYzX3k11Tpww83,2026-10-01T00:24:45+00:00,decode,1,20461,0.03,84.41,,0,,,
ap-i1jDXiUmYYzX3k11Tpww83,2026-10-01T00:24:46+00:00,decode,1,20501,0.03,84.35,,0,,,
ap-i1jDXiUmYYzX3k11Tpww83,2026-10-01T00:24:46+00:00,decode,1,20541,0.03,84.41,,0,,,
ap-i1jDXiUmYYzX3k11Tpww83,2026-10-01T00:24:47+00:00,decode,1,20581,0.03,84.41,,0,,,
ap-i1jDXiUmYYzX3k11Tpww83,2026-10-01T00:24:47+00:00,decode,1,20621,0.03,84.36,,0,,,
ap-i1jDXiUmYYzX3k11Tpww83,2026-10-01T00:24:48+00:00,decode,1,20661,0.03,84.39,,0,,,
ap-i1jDXiUmYYzX3k11Tpww83,2026-10-01T00:24:48+00:00,decode,1,20701,0.03,84.38,,0,,,
ap-i1jDXiUmYYzX3k11Tpww83,2026-10-01T00:24:49+00:00,decode,1,20741,0.03,84.32,,0,,,
ap-i1jDXiUmYYzX3k11Tpww83,2026-10-01T00:24:49+00:00,decode,1,20781,0.03,84.3,,0,,,
ap-i1jDXiUmYYzX3k11Tpww83,2026-10-01T00:24:52+00:00,prefill,0,,0.03,,47.09,0,1,633,20736
ap-i1jDXiUmYYzX3k11Tpww83,2026-10-01T00:24:52+00:00,decode,1,21406,0.03,13.57,,0,,,
ap-i1jDXiUmYYzX3k11Tpww83,2026-10-01T00:24:53+00:00,decode,1,21446,0.03,84.19,,0,,,
ap-i1jDXiUmYYzX3k11Tpww83,2026-10-01T00:24:53+00:00,decode,1,21486,0.03,84.22,,0,,,
ap-i1jDXiUmYYzX3k11Tpww83,2026-10-01T00:24:54+00:00,decode,1,21526,0.03,84.15,,0,,,
ap-i1jDXiUmYYzX3k11Tpww83,2026-10-01T00:24:54+00:00,decode,1,21566,0.03,84.2,,0,,,
ap-i1jDXiUmYYzX3k11Tpww83,2026-10-01T00:24:55+00:00,decode,1,21606,0.03,84.21,,0,,,
ap-i1jDXiUmYYzX3k11Tpww83,2026-10-01T00:24:55+00:00,decode,1,21646,0.03,84.23,,0,,,
ap-i1jDXiUmYYzX3k11Tpww83,2026-10-01T00:24:57+00:00,prefill,0,,0.03,,98.69,0,1,546,21504
ap-i1jDXiUmYYzX3k11Tpww83,2026-10-01T00:24:58+00:00,decode,1,22085,0.03,15.07,,0,,,
ap-i1jDXiUmYYzX3k11Tpww83,2026-10-01T00:24:58+00:00,decode,1,22125,0.03,84.14,,0,,,
ap-i1jDXiUmYYzX3k11Tpww83,2026-10-01T00:24:59+00:00,decode,1,22165,0.03,84.1,,0,,,
ap-i1jDXiUmYYzX3k11Tpww83,2026-10-01T00:24:59+00:00,decode,1,22205,0.03,84.11,,0,,,
ap-i1jDXiUmYYzX3k11Tpww83,2026-10-01T00:25:00+00:00,decode,1,22245,0.03,84.12,,0,,,
ap-i1jDXiUmYYzX3k11Tpww83,2026-10-01T00:25:00+00:00,decode,1,22285,0.03,84.02,,0,,,
ap-i1jDXiUmYYzX3k11Tpww83,2026-10-01T00:25:01+00:00,decode,1,22325,0.03,84.06,,0,,,
ap-i1jDXiUmYYzX3k11Tpww83,2026-10-01T00:25:01+00:00,decode,1,22365,0.03,84.07,,0,,,
ap-i1jDXiUmYYzX3k11Tpww83,2026-10-01T00:25:02+00:00,decode,1,22405,0.03,84.09,,0,,,
ap-i1jDXiUmYYzX3k11Tpww83,2026-10-01T00:25:02+00:00,decode,1,22445,0.03,84.09,,0,,,
ap-i1jDXiUmYYzX3k11Tpww83,2026-10-01T00:25:02+00:00,decode,1,22485,0.03,84.06,,0,,,
ap-i1jDXiUmYYzX3k11Tpww83,2026-10-01T00:25:03+00:00,decode,1,22525,0.03,84.06,,0,,,
ap-i1jDXiUmYYzX3k11Tpww83,2026-10-01T00:25:03+00:00,decode,1,22565,0.03,84.03,,0,,,
ap-i1jDXiUmYYzX3k11Tpww83,2026-10-01T00:25:04+00:00,decode,1,22605,0.03,84.09,,0,,,
ap-i1jDXiUmYYzX3k11Tpww83,2026-10-01T00:25:04+00:00,decode,1,22645,0.03,84.07,,0,,,
ap-i1jDXiUmYYzX3k11Tpww83,2026-10-01T00:25:05+00:00,decode,1,22685,0.03,84.07,,0,,,
ap-i1jDXiUmYYzX3k11Tpww83,2026-10-01T00:25:05+00:00,decode,1,22725,0.03,84.04,,0,,,
ap-i1jDXiUmYYzX3k11Tpww83,2026-10-01T00:25:06+00:00,decode,1,22765,0.03,84.07,,0,,,
ap-i1jDXiUmYYzX3k11Tpww83,2026-10-01T00:25:06+00:00,decode,1,22805,0.03,83.94,,0,,,
ap-i1jDXiUmYYzX3k11Tpww83,2026-10-01T00:25:07+00:00,decode,1,22845,0.03,84.04,,0,,,
ap-i1jDXiUmYYzX3k11Tpww83,2026-10-01T00:25:07+00:00,decode,1,22885,0.03,84.07,,0,,,
ap-i1jDXiUmYYzX3k11Tpww83,2026-10-01T00:25:08+00:00,decode,1,22925,0.03,84.06,,0,,,
ap-i1jDXiUmYYzX3k11Tpww83,2026-10-01T00:25:08+00:00,decode,1,22965,0.03,84.04,,0,,,
ap-i1jDXiUmYYzX3k11Tpww83,2026-10-01T00:25:11+00:00,prefill,0,,0.03,,108.5,0,1,1449,22784
ap-i1jDXiUmYYzX3k11Tpww83,2026-10-01T00:25:11+00:00,decode,1,24262,0.03,14.22,,0,,,
ap-i1jDXiUmYYzX3k11Tpww83,2026-10-01T00:25:11+00:00,decode,1,24302,0.03,83.81,,0,,,
ap-i1jDXiUmYYzX3k11Tpww83,2026-10-01T00:25:12+00:00,decode,1,24342,0.03,83.72,,0,,,
ap-i1jDXiUmYYzX3k11Tpww83,2026-10-01T00:25:12+00:00,decode,1,24382,0.03,83.78,,0,,,
ap-i1jDXiUmYYzX3k11Tpww83,2026-10-01T00:25:13+00:00,decode,1,24422,0.03,83.79,,0,,,
ap-i1jDXiUmYYzX3k11Tpww83,2026-10-01T00:25:17+00:00,prefill,0,,0.03,,76.54,0,1,454,24320
ap-i1jDXiUmYYzX3k11Tpww83,2026-10-01T00:25:17+00:00,decode,1,24786,0.03,10.46,,0,,,
ap-i1jDXiUmYYzX3k11Tpww83,2026-10-01T00:25:17+00:00,decode,1,24826,0.03,83.73,,0,,,
ap-i1jDXiUmYYzX3k11Tpww83,2026-10-01T00:25:18+00:00,decode,1,24866,0.03,83.63,,0,,,
ap-i1jDXiUmYYzX3k11Tpww83,2026-10-01T00:25:18+00:00,decode,1,24906,0.03,83.64,,0,,,
ap-i1jDXiUmYYzX3k11Tpww83,2026-10-01T00:25:19+00:00,decode,1,24946,0.03,83.68,,0,,,
ap-i1jDXiUmYYzX3k11Tpww83,2026-10-01T00:25:19+00:00,decode,1,24986,0.03,83.66,,0,,,
ap-i1jDXiUmYYzX3k11Tpww83,2026-10-01T00:25:20+00:00,decode,1,25026,0.03,83.68,,0,,,
ap-i1jDXiUmYYzX3k11Tpww83,2026-10-01T00:25:20+00:00,decode,1,25066,0.03,83.68,,0,,,
ap-i1jDXiUmYYzX3k11Tpww83,2026-10-01T00:25:21+00:00,decode,1,25106,0.03,83.6,,0,,,
ap-i1jDXiUmYYzX3k11Tpww83,2026-10-01T00:25:21+00:00,decode,1,25146,0.03,83.67,,0,,,
ap-i1jDXiUmYYzX3k11Tpww83,2026-10-01T00:25:21+00:00,decode,1,25186,0.03,83.66,,0,,,
ap-i1jDXiUmYYzX3k11Tpww83,2026-10-01T00:25:22+00:00,decode,1,25226,0.03,83.66,,0,,,
ap-i1jDXiUmYYzX3k11Tpww83,2026-10-01T00:25:22+00:00,decode,1,25266,0.03,83.7,,0,,,
ap-i1jDXiUmYYzX3k11Tpww83,2026-10-01T00:25:23+00:00,decode,1,25306,0.03,83.72,,0,,,
ap-i1jDXiUmYYzX3k11Tpww83,2026-10-01T00:25:23+00:00,decode,1,25346,0.03,83.61,,0,,,
ap-i1jDXiUmYYzX3k11Tpww83,2026-10-01T00:25:24+00:00,decode,1,25386,0.03,83.68,,0,,,
ap-i1jDXiUmYYzX3k11Tpww83,2026-10-01T00:25:24+00:00,decode,1,25426,0.03,83.66,,0,,,
ap-i1jDXiUmYYzX3k11Tpww83,2026-10-01T00:25:25+00:00,decode,1,25466,0.03,83.62,,0,,,
ap-i1jDXiUmYYzX3k11Tpww83,2026-10-01T00:25:25+00:00,decode,1,25506,0.03,83.61,,0,,,
ap-i1jDXiUmYYzX3k11Tpww83,2026-10-01T00:25:26+00:00,decode,1,25546,0.03,83.68,,0,,,
ap-i1jDXiUmYYzX3k11Tpww83,2026-10-01T00:25:26+00:00,decode,1,25586,0.03,83.66,,0,,,
ap-i1jDXiUmYYzX3k11Tpww83,2026-10-01T00:25:27+00:00,decode,1,25626,0.03,83.57,,0,,,
ap-i1jDXiUmYYzX3k11Tpww83,2026-10-01T00:25:27+00:00,decode,1,25666,0.03,83.65,,0,,,
ap-i1jDXiUmYYzX3k11Tpww83,2026-10-01T00:25:30+00:00,prefill,0,,0.04,,51.11,0,1,702,25600
ap-i1jDXiUmYYzX3k11Tpww83,2026-10-01T00:25:30+00:00,decode,1,26308,0.04,12.73,,0,,,
ap-i1jDXiUmYYzX3k11Tpww83,2026-10-01T00:25:31+00:00,decode,1,26348,0.04,83.59,,0,,,
ap-i1jDXiUmYYzX3k11Tpww83,2026-10-01T00:25:34+00:00,prefill,0,,0.04,,87.54,0,1,360,26368
ap-i1jDXiUmYYzX3k11Tpww83,2026-10-01T00:25:34+00:00,decode,1,26733,0.04,11.05,,0,,,
ap-i1jDXiUmYYzX3k11Tpww83,2026-10-01T00:25:35+00:00,decode,1,26773,0.04,82.63,,0,,,
ap-i1jDXiUmYYzX3k11Tpww83,2026-10-01T00:25:35+00:00,decode,1,26813,0.04,83.54,,0,,,
ap-i1jDXiUmYYzX3k11Tpww83,2026-10-01T00:25:36+00:00,decode,1,26853,0.04,83.53,,0,,,
ap-i1jDXiUmYYzX3k11Tpww83,2026-10-01T00:25:36+00:00,decode,1,26893,0.04,83.45,,0,,,
ap-i1jDXiUmYYzX3k11Tpww83,2026-10-01T00:25:37+00:00,decode,1,26933,0.04,83.51,,0,,,
ap-i1jDXiUmYYzX3k11Tpww83,2026-10-01T00:25:37+00:00,decode,1,26973,0.04,83.49,,0,,,
ap-i1jDXiUmYYzX3k11Tpww83,2026-10-01T00:25:38+00:00,decode,1,27013,0.04,83.48,,0,,,
ap-i1jDXiUmYYzX3k11Tpww83,2026-10-01T00:25:38+00:00,decode,1,27053,0.04,83.48,,0,,,
ap-i1jDXiUmYYzX3k11Tpww83,2026-10-01T00:25:39+00:00,decode,1,27093,0.04,83.48,,0,,,
ap-i1jDXiUmYYzX3k11Tpww83,2026-10-01T00:25:39+00:00,decode,1,27133,0.04,83.47,,0,,,
ap-i1jDXiUmYYzX3k11Tpww83,2026-10-01T00:25:40+00:00,decode,1,27173,0.04,83.38,,0,,,
ap-i1jDXiUmYYzX3k11Tpww83,2026-10-01T00:25:40+00:00,decode,1,27213,0.04,83.46,,0,,,
ap-i1jDXiUmYYzX3k11Tpww83,2026-10-01T00:25:41+00:00,decode,1,27253,0.04,83.46,,0,,,
ap-i1jDXiUmYYzX3k11Tpww83,2026-10-01T00:25:41+00:00,decode,1,27293,0.04,83.46,,0,,,
ap-i1jDXiUmYYzX3k11Tpww83,2026-10-01T00:25:42+00:00,decode,1,27333,0.04,83.43,,0,,,
ap-i1jDXiUmYYzX3k11Tpww83,2026-10-01T00:25:42+00:00,decode,1,27373,0.04,83.45,,0,,,
ap-i1jDXiUmYYzX3k11Tpww83,2026-10-01T00:25:43+00:00,decode,1,27413,0.04,83.4,,0,,,
ap-i1jDXiUmYYzX3k11Tpww83,2026-10-01T00:25:43+00:00,decode,1,27453,0.04,83.44,,0,,,
ap-i1jDXiUmYYzX3k11Tpww83,2026-10-01T00:25:44+00:00,decode,1,27493,0.04,83.46,,0,,,
ap-i1jDXiUmYYzX3k11Tpww83,2026-10-01T00:25:44+00:00,decode,1,27533,0.04,83.46,,0,,,
ap-i1jDXiUmYYzX3k11Tpww83,2026-10-01T00:25:45+00:00,decode,1,27573,0.04,83.46,,0,,,
ap-i1jDXiUmYYzX3k11Tpww83,2026-10-01T00:25:45+00:00,decode,1,27613,0.04,83.47,,0,,,
ap-i1jDXiUmYYzX3k11Tpww83,2026-10-01T00:25:46+00:00,decode,1,27653,0.04,83.37,,0,,,
ap-i1jDXiUmYYzX3k11Tpww83,2026-10-01T00:25:46+00:00,decode,1,27693,0.04,83.32,,0,,,
ap-i1jDXiUmYYzX3k11Tpww83,2026-10-01T00:25:46+00:00,decode,1,27733,0.04,83.32,,0,,,
ap-i1jDXiUmYYzX3k11Tpww83,2026-10-01T00:25:47+00:00,decode,1,27773,0.04,83.31,,0,,,
ap-i1jDXiUmYYzX3k11Tpww83,2026-10-01T00:25:47+00:00,decode,1,27813,0.04,83.28,,0,,,
ap-i1jDXiUmYYzX3k11Tpww83,2026-10-01T00:25:48+00:00,decode,1,27853,0.04,83.3,,0,,,
ap-i1jDXiUmYYzX3k11Tpww83,2026-10-01T00:25:48+00:00,decode,1,27893,0.04,83.3,,0,,,
ap-i1jDXiUmYYzX3k11Tpww83,2026-10-01T00:25:51+00:00,prefill,0,,0.04,,78.57,0,1,1313,27904
ap-i1jDXiUmYYzX3k11Tpww83,2026-10-01T00:25:51+00:00,decode,1,29227,0.04,13.98,,0,,,
ap-i1jDXiUmYYzX3k11Tpww83,2026-10-01T00:25:52+00:00,decode,1,29267,0.04,83.11,,0,,,
ap-i1jDXiUmYYzX3k11Tpww83,2026-10-01T00:25:52+00:00,decode,1,29307,0.04,83.23,,0,,,
ap-i1jDXiUmYYzX3k11Tpww83,2026-10-01T00:25:53+00:00,decode,1,29347,0.04,83.13,,0,,,
ap-i1jDXiUmYYzX3k11Tpww83,2026-10-01T00:25:53+00:00,decode,1,29387,0.04,83.15,,0,,,
ap-i1jDXiUmYYzX3k11Tpww83,2026-10-01T00:25:54+00:00,decode,1,29427,0.04,83.13,,0,,,
ap-i1jDXiUmYYzX3k11Tpww83,2026-10-01T00:25:54+00:00,decode,1,29467,0.04,83.03,,0,,,
ap-i1jDXiUmYYzX3k11Tpww83,2026-10-01T00:25:55+00:00,decode,1,29507,0.04,83.2,,0,,,
ap-i1jDXiUmYYzX3k11Tpww83,2026-10-01T00:25:55+00:00,decode,1,29547,0.04,83.11,,0,,,
ap-i1jDXiUmYYzX3k11Tpww83,2026-10-01T00:25:56+00:00,decode,1,29587,0.04,83.13,,0,,,
ap-i1jDXiUmYYzX3k11Tpww83,2026-10-01T00:25:56+00:00,decode,1,29627,0.04,83.12,,0,,,
ap-i1jDXiUmYYzX3k11Tpww83,2026-10-01T00:25:57+00:00,decode,1,29667,0.04,83.08,,0,,,
ap-i1jDXiUmYYzX3k11Tpww83,2026-10-01T00:26:00+00:00,prefill,0,,0.04,,67.18,0,1,584,29440
ap-i1jDXiUmYYzX3k11Tpww83,2026-10-01T00:26:00+00:00,decode,1,30050,0.04,11.12,,0,,,
ap-i1jDXiUmYYzX3k11Tpww83,2026-10-01T00:26:01+00:00,decode,1,30090,0.04,83.02,,0,,,
ap-i1jDXiUmYYzX3k11Tpww83,2026-10-01T00:26:01+00:00,decode,1,30130,0.04,83.05,,0,,,
ap-i1jDXiUmYYzX3k11Tpww83,2026-10-01T00:26:02+00:00,decode,1,30170,0.04,82.99,,0,,,
ap-i1jDXiUmYYzX3k11Tpww83,2026-10-01T00:26:02+00:00,decode,1,30210,0.04,82.98,,0,,,
ap-i1jDXiUmYYzX3k11Tpww83,2026-10-01T00:26:03+00:00,decode,1,30250,0.04,83.0,,0,,,
ap-i1jDXiUmYYzX3k11Tpww83,2026-10-01T00:26:03+00:00,decode,1,30290,0.04,83.02,,0,,,
ap-i1jDXiUmYYzX3k11Tpww83,2026-10-01T00:26:04+00:00,decode,1,30330,0.04,82.99,,0,,,
ap-i1jDXiUmYYzX3k11Tpww83,2026-10-01T00:26:04+00:00,decode,1,30370,0.04,82.99,,0,,,
ap-i1jDXiUmYYzX3k11Tpww83,2026-10-01T00:26:04+00:00,decode,1,30410,0.04,82.99,,0,,,
ap-i1jDXiUmYYzX3k11Tpww83,2026-10-01T00:26:05+00:00,decode,1,30450,0.04,82.98,,0,,,
ap-i1jDXiUmYYzX3k11Tpww83,2026-10-01T00:26:05+00:00,decode,1,30490,0.04,82.93,,0,,,
ap-i1jDXiUmYYzX3k11Tpww83,2026-10-01T00:26:06+00:00,decode,1,30530,0.04,82.96,,0,,,
ap-i1jDXiUmYYzX3k11Tpww83,2026-10-01T00:26:06+00:00,decode,1,30570,0.04,83.04,,0,,,
ap-i1jDXiUmYYzX3k11Tpww83,2026-10-01T00:26:07+00:00,decode,1,30610,0.04,82.94,,0,,,
ap-i1jDXiUmYYzX3k11Tpww83,2026-10-01T00:26:07+00:00,decode,1,30650,0.04,82.89,,0,,,
ap-i1jDXiUmYYzX3k11Tpww83,2026-10-01T00:26:08+00:00,decode,1,30690,0.04,82.93,,0,,,
ap-i1jDXiUmYYzX3k11Tpww83,2026-10-01T00:26:08+00:00,decode,1,30730,0.04,82.94,,0,,,
ap-i1jDXiUmYYzX3k11Tpww83,2026-10-01T00:26:09+00:00,decode,1,30770,0.04,82.98,,0,,,
ap-i1jDXiUmYYzX3k11Tpww83,2026-10-01T00:26:09+00:00,decode,1,30810,0.04,82.96,,0,,,
ap-i1jDXiUmYYzX3k11Tpww83,2026-10-01T00:26:10+00:00,decode,1,30850,0.04,82.98,,0,,,
ap-i1jDXiUmYYzX3k11Tpww83,2026-10-01T00:26:10+00:00,decode,1,30890,0.04,82.97,,0,,,
ap-i1jDXiUmYYzX3k11Tpww83,2026-10-01T00:26:11+00:00,decode,1,30930,0.04,83.0,,0,,,
ap-i1jDXiUmYYzX3k11Tpww83,2026-10-01T00:26:11+00:00,decode,1,30970,0.04,82.93,,0,,,
ap-i1jDXiUmYYzX3k11Tpww83,2026-10-01T00:26:12+00:00,decode,1,31010,0.04,82.88,,0,,,
ap-i1jDXiUmYYzX3k11Tpww83,2026-10-01T00:26:15+00:00,prefill,0,,0.04,,42.38,0,1,656,30976
ap-i1jDXiUmYYzX3k11Tpww83,2026-10-01T00:26:16+00:00,decode,1,31671,0.04,9.83,,0,,,
ap-i1jDXiUmYYzX3k11Tpww83,2026-10-01T00:26:16+00:00,decode,1,31711,0.04,82.77,,0,,,
ap-i1jDXiUmYYzX3k11Tpww83,2026-10-01T00:26:17+00:00,decode,1,31751,0.04,82.68,,0,,,
ap-i1jDXiUmYYzX3k11Tpww83,2026-10-01T00:26:17+00:00,decode,1,31791,0.04,82.77,,0,,,
ap-i1jDXiUmYYzX3k11Tpww83,2026-10-01T00:26:18+00:00,decode,1,31831,0.04,82.79,,0,,,
ap-i1jDXiUmYYzX3k11Tpww83,2026-10-01T00:26:18+00:00,decode,1,31871,0.04,82.77,,0,,,
ap-i1jDXiUmYYzX3k11Tpww83,2026-10-01T00:26:19+00:00,decode,1,31911,0.04,82.79,,0,,,
ap-i1jDXiUmYYzX3k11Tpww83,2026-10-01T00:26:19+00:00,decode,1,31951,0.04,82.79,,0,,,
ap-i1jDXiUmYYzX3k11Tpww83,2026-10-01T00:26:20+00:00,decode,1,31991,0.04,82.75,,0,,,
ap-i1jDXiUmYYzX3k11Tpww83,2026-10-01T00:26:20+00:00,decode,1,32031,0.04,82.71,,0,,,
ap-i1jDXiUmYYzX3k11Tpww83,2026-10-01T00:26:21+00:00,decode,1,32071,0.04,82.77,,0,,,
ap-i1jDXiUmYYzX3k11Tpww83,2026-10-01T00:26:21+00:00,decode,1,32111,0.04,82.74,,0,,,
ap-i1jDXiUmYYzX3k11Tpww83,2026-10-01T00:26:22+00:00,decode,1,32151,0.04,82.76,,0,,,
ap-i1jDXiUmYYzX3k11Tpww83,2026-10-01T00:26:22+00:00,decode,1,32191,0.04,82.71,,0,,,
ap-i1jDXiUmYYzX3k11Tpww83,2026-10-01T00:26:23+00:00,decode,1,32231,0.04,82.76,,0,,,
ap-i1jDXiUmYYzX3k11Tpww83,2026-10-01T00:26:23+00:00,decode,1,32271,0.04,82.68,,0,,,
ap-i1jDXiUmYYzX3k11Tpww83,2026-10-01T00:26:24+00:00,decode,1,32311,0.04,82.72,,0,,,
ap-i1jDXiUmYYzX3k11Tpww83,2026-10-01T00:26:24+00:00,decode,1,32351,0.04,82.74,,0,,,
ap-i1jDXiUmYYzX3k11Tpww83,2026-10-01T00:26:24+00:00,decode,1,32391,0.04,82.75,,0,,,
ap-i1jDXiUmYYzX3k11Tpww83,2026-10-01T00:26:25+00:00,decode,1,32431,0.04,82.72,,0,,,
ap-i1jDXiUmYYzX3k11Tpww83,2026-10-01T00:26:25+00:00,decode,1,32471,0.04,82.71,,0,,,
ap-i1jDXiUmYYzX3k11Tpww83,2026-10-01T00:26:26+00:00,decode,1,32511,0.04,82.71,,0,,,
ap-i1jDXiUmYYzX3k11Tpww83,2026-10-01T00:26:26+00:00,decode,1,32551,0.04,82.63,,0,,,
ap-i1jDXiUmYYzX3k11Tpww83,2026-10-01T00:26:27+00:00,decode,1,32591,0.04,82.71,,0,,,
ap-i1jDXiUmYYzX3k11Tpww83,2026-10-01T00:26:27+00:00,decode,1,32631,0.04,82.68,,0,,,
ap-i1jDXiUmYYzX3k11Tpww83,2026-10-01T00:26:28+00:00,decode,1,32671,0.04,82.71,,0,,,
ap-i1jDXiUmYYzX3k11Tpww83,2026-10-01T00:26:28+00:00,decode,1,32711,0.04,82.72,,0,,,
ap-i1jDXiUmYYzX3k11Tpww83,2026-10-01T00:26:29+00:00,decode,1,32751,0.04,82.67,,0,,,
ap-i1jDXiUmYYzX3k11Tpww83,2026-10-01T00:26:29+00:00,decode,1,32791,0.04,82.61,,0,,,
ap-i1jDXiUmYYzX3k11Tpww83,2026-10-01T00:26:30+00:00,decode,1,32831,0.04,82.69,,0,,,
ap-i1jDXiUmYYzX3k11Tpww83,2026-10-01T00:26:30+00:00,decode,1,32871,0.04,82.67,,0,,,
ap-i1jDXiUmYYzX3k11Tpww83,2026-10-01T00:26:31+00:00,decode,1,32911,0.04,82.61,,0,,,
ap-i1jDXiUmYYzX3k11Tpww83,2026-10-01T00:26:31+00:00,decode,1,32951,0.04,82.65,,0,,,
ap-i1jDXiUmYYzX3k11Tpww83,2026-10-01T00:26:32+00:00,decode,1,32991,0.04,82.62,,0,,,
ap-i1jDXiUmYYzX3k11Tpww83,2026-10-01T00:26:32+00:00,decode,1,33031,0.04,82.56,,0,,,
ap-i1jDXiUmYYzX3k11Tpww83,2026-10-01T00:26:33+00:00,decode,1,33071,0.04,82.67,,0,,,
ap-i1jDXiUmYYzX3k11Tpww83,2026-10-01T00:26:33+00:00,decode,1,33111,0.04,82.7,,0,,,
ap-i1jDXiUmYYzX3k11Tpww83,2026-10-01T00:26:34+00:00,decode,1,33151,0.04,82.66,,0,,,
ap-i1jDXiUmYYzX3k11Tpww83,2026-10-01T00:26:37+00:00,prefill,0,,0.05,,32.04,0,1,704,33024
ap-i1jDXiUmYYzX3k11Tpww83,2026-10-01T00:26:37+00:00,decode,1,33736,0.05,10.81,,0,,,
ap-i1jDXiUmYYzX3k11Tpww83,2026-10-01T00:26:38+00:00,decode,1,33776,0.05,82.58,,0,,,
ap-i1jDXiUmYYzX3k11Tpww83,2026-10-01T00:26:38+00:00,decode,1,33816,0.05,82.54,,0,,,
ap-i1jDXiUmYYzX3k11Tpww83,2026-10-01T00:26:39+00:00,decode,1,33856,0.05,82.57,,0,,,
ap-i1jDXiUmYYzX3k11Tpww83,2026-10-01T00:26:39+00:00,decode,1,33896,0.05,82.56,,0,,,
ap-i1jDXiUmYYzX3k11Tpww83,2026-10-01T00:26:40+00:00,decode,1,33936,0.05,82.56,,0,,,
ap-i1jDXiUmYYzX3k11Tpww83,2026-10-01T00:26:40+00:00,decode,1,33976,0.05,82.56,,0,,,
ap-i1jDXiUmYYzX3k11Tpww83,2026-10-01T00:26:41+00:00,decode,1,34016,0.05,82.51,,0,,,
ap-i1jDXiUmYYzX3k11Tpww83,2026-10-01T00:26:41+00:00,decode,1,34056,0.05,82.5,,0,,,
ap-i1jDXiUmYYzX3k11Tpww83,2026-10-01T00:26:42+00:00,decode,1,34096,0.05,82.52,,0,,,
ap-i1jDXiUmYYzX3k11Tpww83,2026-10-01T00:26:42+00:00,decode,1,34136,0.05,82.47,,0,,,
ap-i1jDXiUmYYzX3k11Tpww83,2026-10-01T00:26:43+00:00,decode,1,34176,0.05,82.51,,0,,,
ap-i1jDXiUmYYzX3k11Tpww83,2026-10-01T00:26:43+00:00,decode,1,34216,0.05,82.51,,0,,,
ap-i1jDXiUmYYzX3k11Tpww83,2026-10-01T00:26:44+00:00,decode,1,34256,0.05,82.51,,0,,,
ap-i1jDXiUmYYzX3k11Tpww83,2026-10-01T00:26:44+00:00,decode,1,34296,0.05,82.49,,0,,,
ap-i1jDXiUmYYzX3k11Tpww83,2026-10-01T00:26:45+00:00,decode,1,34336,0.05,82.42,,0,,,
ap-i1jDXiUmYYzX3k11Tpww83,2026-10-01T00:26:45+00:00,decode,1,34376,0.05,82.48,,0,,,
ap-i1jDXiUmYYzX3k11Tpww83,2026-10-01T00:26:46+00:00,decode,1,34416,0.05,82.45,,0,,,
ap-i1jDXiUmYYzX3k11Tpww83,2026-10-01T00:26:46+00:00,decode,1,34456,0.05,82.49,,0,,,
ap-i1jDXiUmYYzX3k11Tpww83,2026-10-01T00:26:47+00:00,decode,1,34496,0.05,82.48,,0,,,
ap-i1jDXiUmYYzX3k11Tpww83,2026-10-01T00:26:47+00:00,decode,1,34536,0.05,82.5,,0,,,
ap-i1jDXiUmYYzX3k11Tpww83,2026-10-01T00:26:48+00:00,decode,1,34576,0.05,82.39,,0,,,
ap-i1jDXiUmYYzX3k11Tpww83,2026-10-01T00:26:48+00:00,decode,1,34616,0.05,82.37,,0,,,
ap-i1jDXiUmYYzX3k11Tpww83,2026-10-01T00:26:49+00:00,decode,1,34656,0.05,82.36,,0,,,
ap-i1jDXiUmYYzX3k11Tpww83,2026-10-01T00:26:49+00:00,decode,1,34696,0.05,82.35,,0,,,
ap-i1jDXiUmYYzX3k11Tpww83,2026-10-01T00:26:49+00:00,decode,1,34736,0.05,82.41,,0,,,
ap-i1jDXiUmYYzX3k11Tpww83,2026-10-01T00:26:50+00:00,decode,1,34776,0.05,82.34,,0,,,
ap-i1jDXiUmYYzX3k11Tpww83,2026-10-01T00:26:50+00:00,decode,1,34816,0.05,82.36,,0,,,
ap-i1jDXiUmYYzX3k11Tpww83,2026-10-01T00:26:51+00:00,decode,1,34856,0.05,82.3,,0,,,
ap-i1jDXiUmYYzX3k11Tpww83,2026-10-01T00:26:51+00:00,decode,1,34896,0.05,82.34,,0,,,
ap-i1jDXiUmYYzX3k11Tpww83,2026-10-01T00:26:52+00:00,decode,1,34936,0.05,82.35,,0,,,
ap-i1jDXiUmYYzX3k11Tpww83,2026-10-01T00:26:52+00:00,decode,1,34976,0.05,82.32,,0,,,
ap-i1jDXiUmYYzX3k11Tpww83,2026-10-01T00:26:53+00:00,decode,1,35016,0.05,82.37,,0,,,
ap-i1jDXiUmYYzX3k11Tpww83,2026-10-01T00:26:57+00:00,prefill,0,,0.05,,96.39,0,1,1862,34816
ap-i1jDXiUmYYzX3k11Tpww83,2026-10-01T00:26:57+00:00,decode,1,36696,0.05,10.23,,0,,,
ap-i1jDXiUmYYzX3k11Tpww83,2026-10-01T00:26:57+00:00,decode,1,36736,0.05,82.19,,0,,,
ap-i1jDXiUmYYzX3k11Tpww83,2026-10-01T00:26:58+00:00,decode,1,36776,0.05,82.18,,0,,,
ap-i1jDXiUmYYzX3k11Tpww83,2026-10-01T00:26:58+00:00,decode,1,36816,0.05,82.14,,0,,,
ap-i1jDXiUmYYzX3k11Tpww83,2026-10-01T00:26:59+00:00,decode,1,36856,0.05,82.17,,0,,,
ap-i1jDXiUmYYzX3k11Tpww83,2026-10-01T00:26:59+00:00,decode,1,36896,0.05,82.05,,0,,,
ap-i1jDXiUmYYzX3k11Tpww83,2026-10-01T00:27:00+00:00,decode,1,36936,0.05,82.14,,0,,,
ap-i1jDXiUmYYzX3k11Tpww83,2026-10-01T00:27:00+00:00,decode,1,36976,0.05,82.16,,0,,,
ap-i1jDXiUmYYzX3k11Tpww83,2026-10-01T00:27:01+00:00,decode,1,37016,0.05,82.11,,0,,,
ap-i1jDXiUmYYzX3k11Tpww83,2026-10-01T00:27:01+00:00,decode,1,37056,0.05,82.16,,0,,,
ap-i1jDXiUmYYzX3k11Tpww83,2026-10-01T00:27:02+00:00,decode,1,37096,0.05,82.15,,0,,,
ap-i1jDXiUmYYzX3k11Tpww83,2026-10-01T00:27:02+00:00,decode,1,37136,0.05,82.02,,0,,,
ap-i1jDXiUmYYzX3k11Tpww83,2026-10-01T00:27:03+00:00,decode,1,37176,0.05,82.15,,0,,,
ap-i1jDXiUmYYzX3k11Tpww83,2026-10-01T00:27:03+00:00,decode,1,37216,0.05,82.13,,0,,,
ap-i1jDXiUmYYzX3k11Tpww83,2026-10-01T00:27:04+00:00,decode,1,37256,0.05,82.1,,0,,,
ap-i1jDXiUmYYzX3k11Tpww83,2026-10-01T00:27:07+00:00,prefill,0,,0.05,,62.51,0,1,663,37120
ap-i1jDXiUmYYzX3k11Tpww83,2026-10-01T00:27:08+00:00,decode,1,37820,0.05,9.94,,0,,,
ap-i1jDXiUmYYzX3k11Tpww83,2026-10-01T00:27:08+00:00,decode,1,37860,0.05,82.01,,0,,,
ap-i1jDXiUmYYzX3k11Tpww83,2026-10-01T00:27:09+00:00,decode,1,37900,0.05,81.99,,0,,,
ap-i1jDXiUmYYzX3k11Tpww83,2026-10-01T00:27:09+00:00,decode,1,37940,0.05,81.98,,0,,,
ap-i1jDXiUmYYzX3k11Tpww83,2026-10-01T00:27:10+00:00,decode,1,37980,0.05,82.0,,0,,,
ap-i1jDXiUmYYzX3k11Tpww83,2026-10-01T00:27:10+00:00,decode,1,38020,0.05,82.04,,0,,,
ap-i1jDXiUmYYzX3k11Tpww83,2026-10-01T00:27:11+00:00,decode,1,38060,0.05,81.92,,0,,,
ap-i1jDXiUmYYzX3k11Tpww83,2026-10-01T00:27:11+00:00,decode,1,38100,0.05,81.91,,0,,,
ap-i1jDXiUmYYzX3k11Tpww83,2026-10-01T00:27:12+00:00,decode,1,38140,0.05,81.93,,0,,,
ap-i1jDXiUmYYzX3k11Tpww83,2026-10-01T00:27:12+00:00,decode,1,38180,0.05,81.83,,0,,,
ap-i1jDXiUmYYzX3k11Tpww83,2026-10-01T00:27:13+00:00,decode,1,38220,0.05,81.88,,0,,,
ap-i1jDXiUmYYzX3k11Tpww83,2026-10-01T00:27:13+00:00,decode,1,38260,0.05,81.93,,0,,,
ap-i1jDXiUmYYzX3k11Tpww83,2026-10-01T00:27:14+00:00,decode,1,38300,0.05,81.88,,0,,,
ap-i1jDXiUmYYzX3k11Tpww83,2026-10-01T00:27:14+00:00,decode,1,38340,0.05,81.9,,0,,,
ap-i1jDXiUmYYzX3k11Tpww83,2026-10-01T00:27:14+00:00,decode,1,38380,0.05,81.9,,0,,,
ap-i1jDXiUmYYzX3k11Tpww83,2026-10-01T00:27:15+00:00,decode,1,38420,0.05,81.81,,0,,,
ap-i1jDXiUmYYzX3k11Tpww83,2026-10-01T00:27:15+00:00,decode,1,38460,0.05,81.86,,0,,,
ap-i1jDXiUmYYzX3k11Tpww83,2026-10-01T00:27:16+00:00,decode,1,38500,0.05,81.89,,0,,,
ap-i1jDXiUmYYzX3k11Tpww83,2026-10-01T00:27:16+00:00,decode,1,38540,0.05,81.88,,0,,,
ap-i1jDXiUmYYzX3k11Tpww83,2026-10-01T00:27:17+00:00,decode,1,38580,0.05,81.87,,0,,,
ap-i1jDXiUmYYzX3k11Tpww83,2026-10-01T00:27:20+00:00,prefill,0,,0.05,,76.56,0,1,965,38400
ap-i1jDXiUmYYzX3k11Tpww83,2026-10-01T00:27:20+00:00,decode,1,39379,0.05,13.15,,0,,,
ap-i1jDXiUmYYzX3k11Tpww83,2026-10-01T00:27:20+00:00,decode,1,39419,0.05,81.77,,0,,,
ap-i1jDXiUmYYzX3k11Tpww83,2026-10-01T00:27:21+00:00,decode,1,39459,0.05,81.7,,0,,,
ap-i1jDXiUmYYzX3k11Tpww83,2026-10-01T00:27:21+00:00,decode,1,39499,0.05,81.8,,0,,,
ap-i1jDXiUmYYzX3k11Tpww83,2026-10-01T00:27:22+00:00,decode,1,39539,0.05,81.8,,0,,,
ap-i1jDXiUmYYzX3k11Tpww83,2026-10-01T00:27:25+00:00,prefill,0,,0.05,,105.53,0,1,590,39424
ap-i1jDXiUmYYzX3k11Tpww83,2026-10-01T00:27:26+00:00,decode,1,40049,0.05,10.28,,0,,,
ap-i1jDXiUmYYzX3k11Tpww83,2026-10-01T00:27:26+00:00,decode,1,40089,0.05,81.73,,0,,,
ap-i1jDXiUmYYzX3k11Tpww83,2026-10-01T00:27:27+00:00,decode,1,40129,0.05,81.72,,0,,,
ap-i1jDXiUmYYzX3k11Tpww83,2026-10-01T00:27:27+00:00,decode,1,40169,0.05,81.7,,0,,,
ap-i1jDXiUmYYzX3k11Tpww83,2026-10-01T00:27:28+00:00,decode,1,40209,0.05,81.66,,0,,,
ap-i1jDXiUmYYzX3k11Tpww83,2026-10-01T00:27:31+00:00,prefill,0,,0.05,,52.69,0,1,299,40192
ap-i1jDXiUmYYzX3k11Tpww83,2026-10-01T00:27:31+00:00,decode,1,40517,0.05,11.07,,0,,,
ap-i1jDXiUmYYzX3k11Tpww83,2026-10-01T00:27:32+00:00,decode,1,40557,0.05,81.71,,0,,,
ap-i1jDXiUmYYzX3k11Tpww83,2026-10-01T00:27:32+00:00,decode,1,40597,0.05,81.65,,0,,,
ap-i1jDXiUmYYzX3k11Tpww83,2026-10-01T00:27:33+00:00,decode,1,40637,0.05,81.7,,0,,,
ap-i1jDXiUmYYzX3k11Tpww83,2026-10-01T00:27:35+00:00,prefill,0,,0.05,,110.05,0,1,440,40448
ap-i1jDXiUmYYzX3k11Tpww83,2026-10-01T00:27:36+00:00,decode,1,40926,0.05,14.99,,0,,,
ap-i1jDXiUmYYzX3k11Tpww83,2026-10-01T00:27:36+00:00,decode,1,40966,0.05,81.54,,0,,,
ap-i1jDXiUmYYzX3k11Tpww83,2026-10-01T00:27:37+00:00,decode,1,41006,0.06,81.54,,0,,,
ap-i1jDXiUmYYzX3k11Tpww83,2026-10-01T00:27:37+00:00,decode,1,41046,0.06,81.52,,0,,,
ap-i1jDXiUmYYzX3k11Tpww83,2026-10-01T00:27:37+00:00,decode,1,41086,0.06,81.56,,0,,,
ap-i1jDXiUmYYzX3k11Tpww83,2026-10-01T00:27:38+00:00,decode,1,41126,0.06,81.59,,0,,,
ap-i1jDXiUmYYzX3k11Tpww83,2026-10-01T00:27:38+00:00,decode,1,41166,0.06,81.61,,0,,,
ap-i1jDXiUmYYzX3k11Tpww83,2026-10-01T00:27:39+00:00,decode,1,41206,0.06,81.57,,0,,,
ap-i1jDXiUmYYzX3k11Tpww83,2026-10-01T00:27:39+00:00,decode,1,41246,0.06,81.52,,0,,,
ap-i1jDXiUmYYzX3k11Tpww83,2026-10-01T00:27:40+00:00,decode,1,41286,0.06,81.58,,0,,,
ap-i1jDXiUmYYzX3k11Tpww83,2026-10-01T00:27:40+00:00,decode,1,41326,0.06,81.53,,0,,,
ap-i1jDXiUmYYzX3k11Tpww83,2026-10-01T00:27:41+00:00,decode,1,41366,0.06,81.56,,0,,,
ap-i1jDXiUmYYzX3k11Tpww83,2026-10-01T00:27:41+00:00,decode,1,41406,0.06,81.56,,0,,,
ap-i1jDXiUmYYzX3k11Tpww83,2026-10-01T00:27:42+00:00,decode,1,41446,0.06,81.56,,0,,,
ap-i1jDXiUmYYzX3k11Tpww83,2026-10-01T00:27:42+00:00,decode,1,41486,0.06,81.46,,0,,,
ap-i1jDXiUmYYzX3k11Tpww83,2026-10-01T00:27:43+00:00,decode,1,41526,0.06,81.46,,0,,,
ap-i1jDXiUmYYzX3k11Tpww83,2026-10-01T00:27:43+00:00,decode,1,41566,0.06,81.43,,0,,,
ap-i1jDXiUmYYzX3k11Tpww83,2026-10-01T00:27:44+00:00,decode,1,41606,0.06,81.46,,0,,,
ap-i1jDXiUmYYzX3k11Tpww83,2026-10-01T00:27:44+00:00,decode,1,41646,0.06,81.44,,0,,,
ap-i1jDXiUmYYzX3k11Tpww83,2026-10-01T00:27:48+00:00,prefill,0,,0.06,,90.58,0,1,1176,41472
ap-i1jDXiUmYYzX3k11Tpww83,2026-10-01T00:27:48+00:00,decode,1,42659,0.06,10.47,,0,,,
ap-i1jDXiUmYYzX3k11Tpww83,2026-10-01T00:27:49+00:00,decode,1,42699,0.06,81.23,,0,,,
ap-i1jDXiUmYYzX3k11Tpww83,2026-10-01T00:27:49+00:00,decode,1,42739,0.06,81.3,,0,,,
ap-i1jDXiUmYYzX3k11Tpww83,2026-10-01T00:27:50+00:00,decode,1,42779,0.06,81.33,,0,,,
ap-i1jDXiUmYYzX3k11Tpww83,2026-10-01T00:27:50+00:00,decode,1,42819,0.06,81.35,,0,,,
ap-i1jDXiUmYYzX3k11Tpww83,2026-10-01T00:27:52+00:00,prefill,0,,0.06,,140.3,0,1,623,42752
ap-i1jDXiUmYYzX3k11Tpww83,2026-10-01T00:27:53+00:00,decode,1,43406,0.06,14.7,,0,,,
ap-i1jDXiUmYYzX3k11Tpww83,2026-10-01T00:27:53+00:00,decode,1,43446,0.06,81.28,,0,,,
ap-i1jDXiUmYYzX3k11Tpww83,2026-10-01T00:27:54+00:00,decode,1,43486,0.06,81.27,,0,,,
ap-i1jDXiUmYYzX3k11Tpww83,2026-10-01T00:27:54+00:00,decode,1,43526,0.06,81.18,,0,,,
ap-i1jDXiUmYYzX3k11Tpww83,2026-10-01T00:27:55+00:00,decode,1,43566,0.06,81.28,,0,,,
ap-i1jDXiUmYYzX3k11Tpww83,2026-10-01T00:27:55+00:00,decode,1,43606,0.06,81.27,,0,,,
ap-i1jDXiUmYYzX3k11Tpww83,2026-10-01T00:27:56+00:00,decode,1,43646,0.06,81.26,,0,,,
ap-i1jDXiUmYYzX3k11Tpww83,2026-10-01T00:27:56+00:00,decode,1,43686,0.06,81.26,,0,,,
ap-i1jDXiUmYYzX3k11Tpww83,2026-10-01T00:27:57+00:00,decode,1,43726,0.06,81.26,,0,,,
ap-i1jDXiUmYYzX3k11Tpww83,2026-10-01T00:27:57+00:00,decode,1,43766,0.06,81.23,,0,,,
ap-i1jDXiUmYYzX3k11Tpww83,2026-10-01T00:27:58+00:00,decode,1,43806,0.06,81.17,,0,,,
ap-i1jDXiUmYYzX3k11Tpww83,2026-10-01T00:27:58+00:00,decode,1,43846,0.06,81.2,,0,,,
ap-i1jDXiUmYYzX3k11Tpww83,2026-10-01T00:27:59+00:00,decode,1,43886,0.06,81.18,,0,,,
ap-i1jDXiUmYYzX3k11Tpww83,2026-10-01T00:27:59+00:00,decode,1,43926,0.06,81.24,,0,,,
ap-i1jDXiUmYYzX3k11Tpww83,2026-10-01T00:28:00+00:00,decode,1,43966,0.06,81.21,,0,,,
ap-i1jDXiUmYYzX3k11Tpww83,2026-10-01T00:28:00+00:00,decode,1,44006,0.06,81.24,,0,,,
ap-i1jDXiUmYYzX3k11Tpww83,2026-10-01T00:28:03+00:00,prefill,0,,0.06,,37.68,0,1,393,44032
ap-i1jDXiUmYYzX3k11Tpww83,2026-10-01T00:28:03+00:00,decode,1,44438,0.06,14.16,,0,,,
ap-i1jDXiUmYYzX3k11Tpww83,2026-10-01T00:28:04+00:00,decode,1,44478,0.06,81.14,,0,,,
ap-i1jDXiUmYYzX3k11Tpww83,2026-10-01T00:28:04+00:00,decode,1,44518,0.06,81.18,,0,,,
ap-i1jDXiUmYYzX3k11Tpww83,2026-10-01T00:28:05+00:00,decode,1,44558,0.06,81.1,,0,,,
ap-i1jDXiUmYYzX3k11Tpww83,2026-10-01T00:28:05+00:00,decode,1,44598,0.06,81.18,,0,,,
ap-i1jDXiUmYYzX3k11Tpww83,2026-10-01T00:28:06+00:00,decode,1,44638,0.06,81.15,,0,,,
ap-i1jDXiUmYYzX3k11Tpww83,2026-10-01T00:28:06+00:00,decode,1,44678,0.06,81.15,,0,,,
ap-i1jDXiUmYYzX3k11Tpww83,2026-10-01T00:28:07+00:00,decode,1,44718,0.06,81.15,,0,,,
ap-i1jDXiUmYYzX3k11Tpww83,2026-10-01T00:28:07+00:00,decode,1,44758,0.06,81.15,,0,,,
ap-i1jDXiUmYYzX3k11Tpww83,2026-10-01T00:28:08+00:00,decode,1,44798,0.06,81.16,,0,,,
ap-i1jDXiUmYYzX3k11Tpww83,2026-10-01T00:28:08+00:00,decode,1,44838,0.06,81.05,,0,,,
ap-i1jDXiUmYYzX3k11Tpww83,2026-10-01T00:28:08+00:00,decode,1,44878,0.06,81.14,,0,,,
ap-i1jDXiUmYYzX3k11Tpww83,2026-10-01T00:28:09+00:00,decode,1,44918,0.06,81.1,,0,,,
ap-i1jDXiUmYYzX3k11Tpww83,2026-10-01T00:28:09+00:00,decode,1,44958,0.06,81.02,,0,,,
ap-i1jDXiUmYYzX3k11Tpww83,2026-10-01T00:28:10+00:00,decode,1,44998,0.06,81.02,,0,,,
ap-i1jDXiUmYYzX3k11Tpww83,2026-10-01T00:28:10+00:00,decode,1,45038,0.06,81.02,,0,,,
ap-i1jDXiUmYYzX3k11Tpww83,2026-10-01T00:28:11+00:00,decode,1,45078,0.06,80.96,,0,,,
ap-i1jDXiUmYYzX3k11Tpww83,2026-10-01T00:28:11+00:00,decode,1,45118,0.06,81.02,,0,,,
ap-i1jDXiUmYYzX3k11Tpww83,2026-10-01T00:28:12+00:00,decode,1,45158,0.06,81.0,,0,,,
ap-i1jDXiUmYYzX3k11Tpww83,2026-10-01T00:28:12+00:00,decode,1,45198,0.06,80.98,,0,,,
ap-i1jDXiUmYYzX3k11Tpww83,2026-10-01T00:28:13+00:00,decode,1,45238,0.06,81.05,,0,,,
ap-i1jDXiUmYYzX3k11Tpww83,2026-10-01T00:28:13+00:00,decode,1,45278,0.06,81.02,,0,,,
ap-i1jDXiUmYYzX3k11Tpww83,2026-10-01T00:28:14+00:00,decode,1,45318,0.06,80.94,,0,,,
ap-i1jDXiUmYYzX3k11Tpww83,2026-10-01T00:28:14+00:00,decode,1,45358,0.06,81.0,,0,,,
ap-i1jDXiUmYYzX3k11Tpww83,2026-10-01T00:28:15+00:00,decode,1,45398,0.06,80.99,,0,,,
ap-i1jDXiUmYYzX3k11Tpww83,2026-10-01T00:28:15+00:00,decode,1,45438,0.06,80.98,,0,,,
ap-i1jDXiUmYYzX3k11Tpww83,2026-10-01T00:28:16+00:00,decode,1,45478,0.06,80.99,,0,,,
ap-i1jDXiUmYYzX3k11Tpww83,2026-10-01T00:28:16+00:00,decode,1,45518,0.06,80.96,,0,,,
ap-i1jDXiUmYYzX3k11Tpww83,2026-10-01T00:28:19+00:00,prefill,0,,0.06,,40.35,0,1,667,45312
ap-i1jDXiUmYYzX3k11Tpww83,2026-10-01T00:28:19+00:00,decode,1,45982,0.06,12.99,,0,,,
ap-i1jDXiUmYYzX3k11Tpww83,2026-10-01T00:28:20+00:00,decode,1,46022,0.06,80.19,,0,,,
ap-i1jDXiUmYYzX3k11Tpww83,2026-10-01T00:28:20+00:00,decode,1,46062,0.06,80.93,,0,,,
ap-i1jDXiUmYYzX3k11Tpww83,2026-10-01T00:28:21+00:00,decode,1,46102,0.06,80.87,,0,,,
ap-i1jDXiUmYYzX3k11Tpww83,2026-10-01T00:28:21+00:00,decode,1,46142,0.06,80.91,,0,,,
ap-i1jDXiUmYYzX3k11Tpww83,2026-10-01T00:28:22+00:00,decode,1,46182,0.06,80.9,,0,,,
ap-i1jDXiUmYYzX3k11Tpww83,2026-10-01T00:28:25+00:00,prefill,0,,0.06,,85.06,0,1,441,46080
ap-i1jDXiUmYYzX3k11Tpww83,2026-10-01T00:28:25+00:00,decode,1,46540,0.06,13.74,,0,,,
ap-i1jDXiUmYYzX3k11Tpww83,2026-10-01T00:28:25+00:00,decode,1,46580,0.06,80.85,,0,,,
ap-i1jDXiUmYYzX3k11Tpww83,2026-10-01T00:28:26+00:00,decode,1,46620,0.06,80.72,,0,,,
ap-i1jDXiUmYYzX3k11Tpww83,2026-10-01T00:28:26+00:00,decode,1,46660,0.06,80.85,,0,,,
ap-i1jDXiUmYYzX3k11Tpww83,2026-10-01T00:28:27+00:00,decode,1,46700,0.06,80.79,,0,,,
ap-i1jDXiUmYYzX3k11Tpww83,2026-10-01T00:28:27+00:00,decode,1,46740,0.06,80.84,,0,,,
ap-i1jDXiUmYYzX3k11Tpww83,2026-10-01T00:28:28+00:00,decode,1,46780,0.06,80.8,,0,,,
ap-i1jDXiUmYYzX3k11Tpww83,2026-10-01T00:28:28+00:00,decode,1,46820,0.06,80.8,,0,,,
ap-i1jDXiUmYYzX3k11Tpww83,2026-10-01T00:28:29+00:00,decode,1,46860,0.06,80.74,,0,,,
ap-i1jDXiUmYYzX3k11Tpww83,2026-10-01T00:28:29+00:00,decode,1,46900,0.06,80.83,,0,,,
ap-i1jDXiUmYYzX3k11Tpww83,2026-10-01T00:28:30+00:00,decode,1,46940,0.06,80.82,,0,,,
ap-i1jDXiUmYYzX3k11Tpww83,2026-10-01T00:28:30+00:00,decode,1,46980,0.06,80.79,,0,,,
ap-i1jDXiUmYYzX3k11Tpww83,2026-10-01T00:28:31+00:00,decode,1,47020,0.06,80.78,,0,,,
ap-i1jDXiUmYYzX3k11Tpww83,2026-10-01T00:28:31+00:00,decode,1,47060,0.06,80.77,,0,,,
ap-i1jDXiUmYYzX3k11Tpww83,2026-10-01T00:28:32+00:00,decode,1,47100,0.06,80.79,,0,,,
ap-i1jDXiUmYYzX3k11Tpww83,2026-10-01T00:28:32+00:00,decode,1,47140,0.06,80.71,,0,,,
ap-i1jDXiUmYYzX3k11Tpww83,2026-10-01T00:28:33+00:00,decode,1,47180,0.06,80.79,,0,,,
ap-i1jDXiUmYYzX3k11Tpww83,2026-10-01T00:28:33+00:00,decode,1,47220,0.06,80.78,,0,,,
ap-i1jDXiUmYYzX3k11Tpww83,2026-10-01T00:28:34+00:00,decode,1,47260,0.06,80.75,,0,,,
ap-i1jDXiUmYYzX3k11Tpww83,2026-10-01T00:28:34+00:00,decode,1,47300,0.06,80.81,,0,,,
ap-i1jDXiUmYYzX3k11Tpww83,2026-10-01T00:28:38+00:00,prefill,0,,0.06,,89.11,0,1,1179,47104
ap-i1jDXiUmYYzX3k11Tpww83,2026-10-01T00:28:38+00:00,decode,1,48315,0.06,10.05,,0,,,
ap-i1jDXiUmYYzX3k11Tpww83,2026-10-01T00:28:39+00:00,decode,1,48355,0.06,80.67,,0,,,
ap-i1jDXiUmYYzX3k11Tpww83,2026-10-01T00:28:39+00:00,decode,1,48395,0.06,80.57,,0,,,
ap-i1jDXiUmYYzX3k11Tpww83,2026-10-01T00:28:40+00:00,decode,1,0,0.0,79.84,,0,,,
ap-i1jDXiUmYYzX3k11Tpww83,2026-10-01T00:28:43+00:00,prefill,0,,0.07,,140.13,0,1,740,48384
ap-i1jDXiUmYYzX3k11Tpww83,2026-10-01T00:28:44+00:00,decode,1,49164,0.07,10.27,,0,,,
ap-i1jDXiUmYYzX3k11Tpww83,2026-10-01T00:28:44+00:00,decode,1,49204,0.07,80.46,,0,,,
ap-i1jDXiUmYYzX3k11Tpww83,2026-10-01T00:28:45+00:00,decode,1,49244,0.07,80.5,,0,,,
ap-i1jDXiUmYYzX3k11Tpww83,2026-10-01T00:28:45+00:00,decode,1,49284,0.07,80.47,,0,,,
ap-i1jDXiUmYYzX3k11Tpww83,2026-10-01T00:28:49+00:00,prefill,0,,0.07,,67.47,0,1,382,49152
ap-i1jDXiUmYYzX3k11Tpww83,2026-10-01T00:28:49+00:00,decode,1,49565,0.07,9.86,,0,,,
ap-i1jDXiUmYYzX3k11Tpww83,2026-10-01T00:28:50+00:00,decode,1,49605,0.07,80.44,,0,,,
ap-i1jDXiUmYYzX3k11Tpww83,2026-10-01T00:28:50+00:00,decode,1,49645,0.07,80.42,,0,,,
ap-i1jDXiUmYYzX3k11Tpww83,2026-10-01T00:28:51+00:00,decode,1,49685,0.07,80.39,,0,,,
ap-i1jDXiUmYYzX3k11Tpww83,2026-10-01T00:28:51+00:00,decode,1,49725,0.07,80.44,,0,,,
ap-i1jDXiUmYYzX3k11Tpww83,2026-10-01T00:28:52+00:00,decode,1,49765,0.07,80.44,,0,,,
ap-i1jDXiUmYYzX3k11Tpww83,2026-10-01T00:28:52+00:00,decode,1,49805,0.07,80.46,,0,,,
ap-i1jDXiUmYYzX3k11Tpww83,2026-10-01T00:28:53+00:00,decode,1,49845,0.07,80.46,,0,,,
ap-i1jDXiUmYYzX3k11Tpww83,2026-10-01T00:28:53+00:00,decode,1,49885,0.07,80.46,,0,,,
ap-i1jDXiUmYYzX3k11Tpww83,2026-10-01T00:28:57+00:00,prefill,0,,0.07,,84.88,0,1,673,49664
ap-i1jDXiUmYYzX3k11Tpww83,2026-10-01T00:28:57+00:00,decode,1,50358,0.07,10.46,,0,,,
ap-i1jDXiUmYYzX3k11Tpww83,2026-10-01T00:28:57+00:00,decode,1,50398,0.07,80.33,,0,,,
ap-i1jDXiUmYYzX3k11Tpww83,2026-10-01T00:28:58+00:00,decode,1,0,0.0,80.28,,0,,,
ap-i1jDXiUmYYzX3k11Tpww83,2026-10-01T00:29:01+00:00,prefill,0,,0.07,,45.11,0,1,172,50432
ap-i1jDXiUmYYzX3k11Tpww83,2026-10-01T00:29:01+00:00,decode,1,50645,0.07,13.05,,0,,,
ap-i1jDXiUmYYzX3k11Tpww83,2026-10-01T00:29:02+00:00,decode,1,50685,0.07,80.36,,0,,,
ap-i1jDXiUmYYzX3k11Tpww83,2026-10-01T00:29:02+00:00,decode,1,50725,0.07,80.29,,0,,,
ap-i1jDXiUmYYzX3k11Tpww83,2026-10-01T00:29:03+00:00,decode,1,50765,0.07,80.34,,0,,,
ap-i1jDXiUmYYzX3k11Tpww83,2026-10-01T00:29:03+00:00,decode,1,50805,0.07,80.31,,0,,,
ap-i1jDXiUmYYzX3k11Tpww83,2026-10-01T00:29:04+00:00,decode,1,50845,0.07,80.31,,0,,,
ap-i1jDXiUmYYzX3k11Tpww83,2026-10-01T00:29:04+00:00,decode,1,50885,0.07,80.33,,0,,,
ap-i1jDXiUmYYzX3k11Tpww83,2026-10-01T00:29:05+00:00,decode,1,50925,0.07,80.33,,0,,,
ap-i1jDXiUmYYzX3k11Tpww83,2026-10-01T00:29:05+00:00,decode,1,50965,0.07,80.27,,0,,,
ap-i1jDXiUmYYzX3k11Tpww83,2026-10-01T00:29:06+00:00,decode,1,51005,0.07,80.29,,0,,,
ap-i1jDXiUmYYzX3k11Tpww83,2026-10-01T00:29:06+00:00,decode,1,51045,0.07,80.29,,0,,,
ap-i1jDXiUmYYzX3k11Tpww83,2026-10-01T00:29:07+00:00,decode,1,51085,0.07,80.29,,0,,,
ap-i1jDXiUmYYzX3k11Tpww83,2026-10-01T00:29:07+00:00,decode,1,51125,0.07,80.34,,0,,,
ap-i1jDXiUmYYzX3k11Tpww83,2026-10-01T00:29:08+00:00,decode,1,51165,0.07,80.31,,0,,,
ap-i1jDXiUmYYzX3k11Tpww83,2026-10-01T00:29:08+00:00,decode,1,51205,0.07,80.25,,0,,,
ap-i1jDXiUmYYzX3k11Tpww83,2026-10-01T00:29:09+00:00,decode,1,51245,0.07,80.32,,0,,,
ap-i1jDXiUmYYzX3k11Tpww83,2026-10-01T00:29:09+00:00,decode,1,51285,0.07,80.29,,0,,,
ap-i1jDXiUmYYzX3k11Tpww83,2026-10-01T00:29:10+00:00,decode,1,51325,0.07,80.29,,0,,,
ap-yXxcAQPhR4WRVkUd4thsUc,2026-10-01T01:49:03+00:00,prefill,0,,0.0,,4.83,0,1,77,0
ap-yXxcAQPhR4WRVkUd4thsUc,2026-10-01T01:49:05+00:00,prefill,0,,0.0,,0.46,0,1,1,0
ap-yXxcAQPhR4WRVkUd4thsUc,2026-10-01T01:49:07+00:00,prefill,0,,0.0,,0.72,0,1,1,0
ap-yXxcAQPhR4WRVkUd4thsUc,2026-10-01T01:49:08+00:00,prefill,0,,0.0,,21.12,0,1,24,0
ap-yXxcAQPhR4WRVkUd4thsUc,2026-10-01T01:49:08+00:00,decode,1,55,0.0,1.91,,0,,,
ap-yXxcAQPhR4WRVkUd4thsUc,2026-10-01T01:49:08+00:00,prefill,0,,0.0,,144.99,0,1,88,0
ap-yXxcAQPhR4WRVkUd4thsUc,2026-10-01T01:49:09+00:00,decode,1,120,0.0,65.46,,0,,,
ap-yXxcAQPhR4WRVkUd4thsUc,2026-10-01T01:49:09+00:00,decode,1,160,0.0,87.9,,0,,,
ap-yXxcAQPhR4WRVkUd4thsUc,2026-10-01T01:49:09+00:00,prefill,0,,0.0,,18.16,0,1,19,0
ap-yXxcAQPhR4WRVkUd4thsUc,2026-10-01T01:49:10+00:00,decode,1,57,0.0,60.72,,0,,,
ap-yXxcAQPhR4WRVkUd4thsUc,2026-10-01T01:49:10+00:00,decode,1,97,0.0,87.99,,0,,,
ap-yXxcAQPhR4WRVkUd4thsUc,2026-10-01T01:49:11+00:00,decode,1,137,0.0,87.95,,0,,,
ap-yXxcAQPhR4WRVkUd4thsUc,2026-10-01T01:49:11+00:00,decode,1,177,0.0,87.88,,0,,,
ap-yXxcAQPhR4WRVkUd4thsUc,2026-10-01T01:49:12+00:00,decode,1,217,0.0,87.89,,0,,,
ap-yXxcAQPhR4WRVkUd4thsUc,2026-10-01T01:49:12+00:00,decode,1,257,0.0,87.82,,0,,,
ap-yXxcAQPhR4WRVkUd4thsUc,2026-10-01T01:49:12+00:00,decode,1,297,0.0,87.9,,0,,,
ap-yXxcAQPhR4WRVkUd4thsUc,2026-10-01T01:49:13+00:00,decode,1,337,0.0,87.92,,0,,,
ap-yXxcAQPhR4WRVkUd4thsUc,2026-10-01T01:49:13+00:00,decode,1,377,0.0,87.89,,0,,,
ap-yXxcAQPhR4WRVkUd4thsUc,2026-10-01T01:49:14+00:00,decode,1,417,0.0,87.92,,0,,,
ap-yXxcAQPhR4WRVkUd4thsUc,2026-10-01T01:49:14+00:00,decode,1,457,0.0,87.91,,0,,,
ap-yXxcAQPhR4WRVkUd4thsUc,2026-10-01T01:49:15+00:00,decode,1,497,0.0,87.89,,0,,,
ap-yXxcAQPhR4WRVkUd4thsUc,2026-10-01T01:49:15+00:00,prefill,0,,0.0,,3.18,0,1,19,0
ap-yXxcAQPhR4WRVkUd4thsUc,2026-10-01T01:49:15+00:00,decode,1,25,0.0,65.79,,0,,,
ap-yXxcAQPhR4WRVkUd4thsUc,2026-10-01T01:49:16+00:00,decode,1,65,0.0,88.1,,0,,,
ap-yXxcAQPhR4WRVkUd4thsUc,2026-10-01T01:49:16+00:00,decode,1,105,0.0,87.95,,0,,,
ap-yXxcAQPhR4WRVkUd4thsUc,2026-10-01T01:49:17+00:00,decode,1,145,0.0,87.94,,0,,,
ap-yXxcAQPhR4WRVkUd4thsUc,2026-10-01T01:49:17+00:00,decode,1,185,0.0,87.9,,0,,,
ap-yXxcAQPhR4WRVkUd4thsUc,2026-10-01T01:49:18+00:00,decode,1,225,0.0,87.88,,0,,,
ap-yXxcAQPhR4WRVkUd4thsUc,2026-10-01T01:49:18+00:00,decode,1,265,0.0,87.85,,0,,,
ap-yXxcAQPhR4WRVkUd4thsUc,2026-10-01T01:49:19+00:00,decode,1,305,0.0,87.91,,0,,,
ap-yXxcAQPhR4WRVkUd4thsUc,2026-10-01T01:49:19+00:00,decode,1,345,0.0,87.92,,0,,,
ap-yXxcAQPhR4WRVkUd4thsUc,2026-10-01T01:49:19+00:00,decode,1,385,0.0,87.89,,0,,,
ap-yXxcAQPhR4WRVkUd4thsUc,2026-10-01T01:49:20+00:00,decode,1,425,0.0,87.88,,0,,,
ap-yXxcAQPhR4WRVkUd4thsUc,2026-10-01T01:49:20+00:00,decode,1,465,0.0,87.9,,0,,,
ap-yXxcAQPhR4WRVkUd4thsUc,2026-10-01T01:49:21+00:00,decode,1,505,0.0,87.87,,0,,,
ap-yXxcAQPhR4WRVkUd4thsUc,2026-10-01T01:49:21+00:00,prefill,0,,0.0,,3.18,0,1,19,0
ap-yXxcAQPhR4WRVkUd4thsUc,2026-10-01T01:49:21+00:00,decode,1,33,0.0,65.46,,0,,,
ap-yXxcAQPhR4WRVkUd4thsUc,2026-10-01T01:49:22+00:00,decode,1,73,0.0,88.1,,0,,,
ap-yXxcAQPhR4WRVkUd4thsUc,2026-10-01T01:49:22+00:00,decode,1,113,0.0,87.93,,0,,,
ap-yXxcAQPhR4WRVkUd4thsUc,2026-10-01T01:49:23+00:00,decode,1,153,0.0,87.88,,0,,,
ap-yXxcAQPhR4WRVkUd4thsUc,2026-10-01T01:49:23+00:00,decode,1,193,0.0,87.88,,0,,,
ap-yXxcAQPhR4WRVkUd4thsUc,2026-10-01T01:49:24+00:00,decode,1,233,0.0,87.9,,0,,,
ap-yXxcAQPhR4WRVkUd4thsUc,2026-10-01T01:49:24+00:00,decode,1,273,0.0,87.78,,0,,,
ap-yXxcAQPhR4WRVkUd4thsUc,2026-10-01T01:49:25+00:00,decode,1,313,0.0,87.89,,0,,,
ap-yXxcAQPhR4WRVkUd4thsUc,2026-10-01T01:49:25+00:00,decode,1,353,0.0,87.91,,0,,,
ap-yXxcAQPhR4WRVkUd4thsUc,2026-10-01T01:49:26+00:00,decode,1,393,0.0,87.92,,0,,,
ap-yXxcAQPhR4WRVkUd4thsUc,2026-10-01T01:49:26+00:00,decode,1,433,0.0,87.88,,0,,,
ap-yXxcAQPhR4WRVkUd4thsUc,2026-10-01T01:49:26+00:00,decode,1,473,0.0,87.92,,0,,,
ap-yXxcAQPhR4WRVkUd4thsUc,2026-10-01T01:49:27+00:00,decode,1,513,0.0,87.78,,0,,,
ap-yXxcAQPhR4WRVkUd4thsUc,2026-10-01T01:49:28+00:00,prefill,0,,0.02,,1225.2,0,1,8192,0
ap-yXxcAQPhR4WRVkUd4thsUc,2026-10-01T01:49:28+00:00,prefill,0,,0.02,,14447.62,0,1,5632,0
ap-yXxcAQPhR4WRVkUd4thsUc,2026-10-01T01:49:29+00:00,decode,1,13846,0.02,23.33,,0,,,
ap-yXxcAQPhR4WRVkUd4thsUc,2026-10-01T01:49:29+00:00,decode,1,13886,0.02,85.46,,0,,,
ap-yXxcAQPhR4WRVkUd4thsUc,2026-10-01T01:49:30+00:00,decode,1,13926,0.02,85.47,,0,,,
ap-yXxcAQPhR4WRVkUd4thsUc,2026-10-01T01:49:30+00:00,decode,1,13966,0.02,85.38,,0,,,
ap-yXxcAQPhR4WRVkUd4thsUc,2026-10-01T01:49:30+00:00,decode,1,14006,0.02,85.43,,0,,,
ap-yXxcAQPhR4WRVkUd4thsUc,2026-10-01T01:49:31+00:00,decode,1,14046,0.02,85.39,,0,,,
ap-yXxcAQPhR4WRVkUd4thsUc,2026-10-01T01:49:31+00:00,decode,1,14086,0.02,85.4,,0,,,
ap-yXxcAQPhR4WRVkUd4thsUc,2026-10-01T01:49:32+00:00,decode,1,14126,0.02,85.44,,0,,,
ap-yXxcAQPhR4WRVkUd4thsUc,2026-10-01T01:49:32+00:00,decode,1,14166,0.02,85.34,,0,,,
ap-yXxcAQPhR4WRVkUd4thsUc,2026-10-01T01:49:33+00:00,decode,1,14206,0.02,85.36,,0,,,
ap-yXxcAQPhR4WRVkUd4thsUc,2026-10-01T01:49:33+00:00,decode,1,14246,0.02,85.37,,0,,,
ap-yXxcAQPhR4WRVkUd4thsUc,2026-10-01T01:49:34+00:00,decode,1,14286,0.02,84.77,,0,,,
ap-yXxcAQPhR4WRVkUd4thsUc,2026-10-01T01:49:34+00:00,decode,1,14326,0.02,85.34,,0,,,
ap-yXxcAQPhR4WRVkUd4thsUc,2026-10-01T01:49:35+00:00,prefill,0,,0.0,,3.01,0,1,19,0
ap-yXxcAQPhR4WRVkUd4thsUc,2026-10-01T01:49:35+00:00,prefill,1,,0.0,,23414.84,0,7,133,0
ap-yXxcAQPhR4WRVkUd4thsUc,2026-10-01T01:49:35+00:00,decode,8,392,0.0,309.76,,0,,,
ap-yXxcAQPhR4WRVkUd4thsUc,2026-10-01T01:49:35+00:00,decode,8,712,0.0,677.52,,0,,,
ap-yXxcAQPhR4WRVkUd4thsUc,2026-10-01T01:49:36+00:00,decode,8,1032,0.0,676.22,,0,,,
ap-yXxcAQPhR4WRVkUd4thsUc,2026-10-01T01:49:36+00:00,decode,8,1352,0.0,676.31,,0,,,
ap-yXxcAQPhR4WRVkUd4thsUc,2026-10-01T01:49:37+00:00,decode,8,1672,0.0,675.27,,0,,,
ap-yXxcAQPhR4WRVkUd4thsUc,2026-10-01T01:49:37+00:00,decode,8,1992,0.0,675.03,,0,,,
ap-yXxcAQPhR4WRVkUd4thsUc,2026-10-01T01:49:38+00:00,decode,8,2312,0.0,674.61,,0,,,
ap-yXxcAQPhR4WRVkUd4thsUc,2026-10-01T01:49:38+00:00,decode,8,2632,0.0,674.71,,0,,,
ap-yXxcAQPhR4WRVkUd4thsUc,2026-10-01T01:49:39+00:00,decode,8,2952,0.0,673.95,,0,,,
ap-yXxcAQPhR4WRVkUd4thsUc,2026-10-01T01:49:39+00:00,decode,8,3272,0.0,673.71,,0,,,
ap-yXxcAQPhR4WRVkUd4thsUc,2026-10-01T01:49:40+00:00,decode,8,3592,0.0,673.92,,0,,,
ap-yXxcAQPhR4WRVkUd4thsUc,2026-10-01T01:49:40+00:00,decode,8,3912,0.01,673.06,,0,,,
ap-yXxcAQPhR4WRVkUd4thsUc,2026-10-01T01:49:41+00:00,decode,8,4232,0.01,671.57,,0,,,
ap-yXxcAQPhR4WRVkUd4thsUc,2026-10-01T01:50:15+00:00,prefill,0,,0.0,,33.39,0,1,1356,0
ap-yXxcAQPhR4WRVkUd4thsUc,2026-10-01T01:50:16+00:00,decode,1,1394,0.0,1.74,,0,,,
ap-yXxcAQPhR4WRVkUd4thsUc,2026-10-01T01:50:17+00:00,prefill,0,,0.0,,769.42,0,1,1050,0
ap-yXxcAQPhR4WRVkUd4thsUc,2026-10-01T01:50:17+00:00,decode,1,1067,0.0,35.55,,0,,,
ap-yXxcAQPhR4WRVkUd4thsUc,2026-10-01T01:50:17+00:00,decode,1,1107,0.0,87.7,,0,,,
ap-yXxcAQPhR4WRVkUd4thsUc,2026-10-01T01:50:18+00:00,prefill,1,,0.0,,317.93,0,1,529,640
ap-yXxcAQPhR4WRVkUd4thsUc,2026-10-01T01:50:18+00:00,prefill,2,,0.0,,51845.14,0,1,281,640
ap-yXxcAQPhR4WRVkUd4thsUc,2026-10-01T01:50:18+00:00,prefill,3,,0.01,,3425.74,0,1,467,640
ap-yXxcAQPhR4WRVkUd4thsUc,2026-10-01T01:50:19+00:00,prefill,4,,0.01,,11172.72,0,1,836,1344
ap-yXxcAQPhR4WRVkUd4thsUc,2026-10-01T01:50:19+00:00,prefill,5,,0.01,,22097.67,0,2,946,1280
ap-yXxcAQPhR4WRVkUd4thsUc,2026-10-01T01:50:19+00:00,decode,7,4622,0.01,88.98,,0,,,
ap-yXxcAQPhR4WRVkUd4thsUc,2026-10-01T01:50:19+00:00,decode,5,3682,0.0,511.03,,0,,,
ap-yXxcAQPhR4WRVkUd4thsUc,2026-10-01T01:50:20+00:00,decode,3,3367,0.0,393.7,,0,,,
ap-yXxcAQPhR4WRVkUd4thsUc,2026-10-01T01:50:20+00:00,prefill,1,,0.0,,302.69,0,1,450,640
ap-yXxcAQPhR4WRVkUd4thsUc,2026-10-01T01:50:20+00:00,decode,2,2727,0.0,169.12,,0,,,
ap-yXxcAQPhR4WRVkUd4thsUc,2026-10-01T01:50:21+00:00,prefill,1,,0.0,,724.3,0,1,420,640
ap-yXxcAQPhR4WRVkUd4thsUc,2026-10-01T01:50:21+00:00,decode,2,1515,0.0,140.62,,0,,,
ap-yXxcAQPhR4WRVkUd4thsUc,2026-10-01T01:50:21+00:00,prefill,2,,0.0,,3154.06,0,1,788,896
ap-yXxcAQPhR4WRVkUd4thsUc,2026-10-01T01:50:21+00:00,prefill,3,,0.0,,6812.0,0,1,330,832
ap-yXxcAQPhR4WRVkUd4thsUc,2026-10-01T01:50:21+00:00,decode,4,2926,0.0,230.11,,0,,,
ap-yXxcAQPhR4WRVkUd4thsUc,2026-10-01T01:50:21+00:00,prefill,4,,0.0,,999.16,0,1,359,640
ap-yXxcAQPhR4WRVkUd4thsUc,2026-10-01T01:50:21+00:00,prefill,4,,0.0,,3868.12,0,1,470,1152
ap-yXxcAQPhR4WRVkUd4thsUc,2026-10-01T01:50:22+00:00,prefill,4,,0.01,,1583.53,0,1,371,1280
ap-yXxcAQPhR4WRVkUd4thsUc,2026-10-01T01:50:22+00:00,decode,5,3973,0.01,322.84,,0,,,
ap-yXxcAQPhR4WRVkUd4thsUc,2026-10-01T01:50:22+00:00,prefill,5,,0.01,,3676.97,0,1,871,1088
ap-yXxcAQPhR4WRVkUd4thsUc,2026-10-01T01:50:22+00:00,prefill,6,,0.01,,8533.27,0,1,1062,640
ap-yXxcAQPhR4WRVkUd4thsUc,2026-10-01T01:50:22+00:00,prefill,6,,0.01,,2496.42,0,1,835,2176
ap-yXxcAQPhR4WRVkUd4thsUc,2026-10-01T01:50:22+00:00,decode,7,8374,0.01,364.42,,0,,,
ap-yXxcAQPhR4WRVkUd4thsUc,2026-10-01T01:50:23+00:00,prefill,6,,0.01,,710.53,0,1,354,1664
ap-yXxcAQPhR4WRVkUd4thsUc,2026-10-01T01:50:23+00:00,prefill,7,,0.01,,18971.37,0,1,770,1088
ap-yXxcAQPhR4WRVkUd4thsUc,2026-10-01T01:50:23+00:00,decode,6,8437,0.01,456.59,,0,,,
ap-yXxcAQPhR4WRVkUd4thsUc,2026-10-01T01:50:24+00:00,prefill,5,,0.01,,1112.36,0,1,781,640
ap-yXxcAQPhR4WRVkUd4thsUc,2026-10-01T01:50:24+00:00,decode,5,7851,0.01,412.29,,0,,,
ap-yXxcAQPhR4WRVkUd4thsUc,2026-10-01T01:50:24+00:00,decode,3,4326,0.01,353.28,,0,,,
ap-yXxcAQPhR4WRVkUd4thsUc,2026-10-01T01:50:24+00:00,prefill,3,,0.01,,1242.91,0,1,781,1600
ap-yXxcAQPhR4WRVkUd4thsUc,2026-10-01T01:50:24+00:00,prefill,4,,0.01,,2280.72,0,1,657,960
ap-yXxcAQPhR4WRVkUd4thsUc,2026-10-01T01:50:25+00:00,decode,2,3365,0.0,259.33,,0,,,
ap-yXxcAQPhR4WRVkUd4thsUc,2026-10-01T01:50:25+00:00,prefill,1,,0.0,,948.3,0,1,485,1152
ap-yXxcAQPhR4WRVkUd4thsUc,2026-10-01T01:50:25+00:00,decode,2,2640,0.0,127.67,,0,,,
ap-yXxcAQPhR4WRVkUd4thsUc,2026-10-01T01:50:26+00:00,prefill,1,,0.0,,963.86,0,1,583,1024
ap-yXxcAQPhR4WRVkUd4thsUc,2026-10-01T01:50:26+00:00,decode,1,4118,0.01,100.57,,0,,,
ap-yXxcAQPhR4WRVkUd4thsUc,2026-10-01T01:50:26+00:00,prefill,1,,0.01,,7511.59,0,1,1208,1984
ap-yXxcAQPhR4WRVkUd4thsUc,2026-10-01T01:50:26+00:00,prefill,2,,0.01,,7885.13,0,1,867,3008
ap-yXxcAQPhR4WRVkUd4thsUc,2026-10-01T01:50:26+00:00,prefill,3,,0.01,,10178.98,0,1,852,1600
ap-yXxcAQPhR4WRVkUd4thsUc,2026-10-01T01:50:26+00:00,prefill,4,,0.02,,2967.09,0,1,638,2368
ap-yXxcAQPhR4WRVkUd4thsUc,2026-10-01T01:50:26+00:00,prefill,5,,0.02,,6532.24,0,1,863,1664
ap-yXxcAQPhR4WRVkUd4thsUc,2026-10-01T01:50:26+00:00,prefill,6,,0.02,,9188.98,0,1,772,1920
ap-yXxcAQPhR4WRVkUd4thsUc,2026-10-01T01:50:27+00:00,prefill,7,,0.02,,4228.47,0,1,708,1856
ap-yXxcAQPhR4WRVkUd4thsUc,2026-10-01T01:50:27+00:00,decode,8,17331,0.02,228.7,,0,,,
ap-yXxcAQPhR4WRVkUd4thsUc,2026-10-01T01:50:27+00:00,prefill,8,,0.02,,1111.19,0,1,353,1600
ap-yXxcAQPhR4WRVkUd4thsUc,2026-10-01T01:50:27+00:00,prefill,8,,0.02,,2895.54,0,1,669,1600
ap-yXxcAQPhR4WRVkUd4thsUc,2026-10-01T01:50:27+00:00,decode,8,16954,0.02,551.95,,0,,,
ap-yXxcAQPhR4WRVkUd4thsUc,2026-10-01T01:50:28+00:00,decode,7,12337,0.02,652.23,,0,,,
ap-yXxcAQPhR4WRVkUd4thsUc,2026-10-01T01:50:28+00:00,decode,3,7280,0.01,389.68,,0,,,
ap-yXxcAQPhR4WRVkUd4thsUc,2026-10-01T01:50:29+00:00,prefill,1,,0.01,,459.02,0,1,717,2944
ap-yXxcAQPhR4WRVkUd4thsUc,2026-10-01T01:50:29+00:00,decode,2,6371,0.01,134.18,,0,,,
ap-yXxcAQPhR4WRVkUd4thsUc,2026-10-01T01:50:29+00:00,decode,2,6451,0.01,177.73,,0,,,
ap-yXxcAQPhR4WRVkUd4thsUc,2026-10-01T01:50:29+00:00,prefill,2,,0.01,,853.51,0,1,513,1408
ap-yXxcAQPhR4WRVkUd4thsUc,2026-10-01T01:50:29+00:00,prefill,3,,0.01,,26278.79,0,1,571,2304
ap-yXxcAQPhR4WRVkUd4thsUc,2026-10-01T01:50:29+00:00,prefill,4,,0.02,,1787.53,0,1,253,1920
ap-yXxcAQPhR4WRVkUd4thsUc,2026-10-01T01:50:30+00:00,prefill,5,,0.02,,4282.33,0,2,1329,4480
ap-yXxcAQPhR4WRVkUd4thsUc,2026-10-01T01:50:30+00:00,decode,7,18702,0.03,270.35,,0,,,
ap-yXxcAQPhR4WRVkUd4thsUc,2026-10-01T01:50:30+00:00,prefill,7,,0.03,,4268.13,0,1,901,2688
ap-yXxcAQPhR4WRVkUd4thsUc,2026-10-01T01:50:30+00:00,prefill,8,,0.03,,9972.43,0,1,871,2560
ap-yXxcAQPhR4WRVkUd4thsUc,2026-10-01T01:50:31+00:00,prefill,7,,0.03,,1918.38,0,1,905,1600
ap-yXxcAQPhR4WRVkUd4thsUc,2026-10-01T01:50:31+00:00,decode,8,20011,0.03,463.59,,0,,,
ap-yXxcAQPhR4WRVkUd4thsUc,2026-10-01T01:50:31+00:00,prefill,8,,0.03,,2950.73,0,1,626,2432
ap-yXxcAQPhR4WRVkUd4thsUc,2026-10-01T01:50:31+00:00,decode,3,8942,0.01,472.3,,0,,,
ap-yXxcAQPhR4WRVkUd4thsUc,2026-10-01T01:50:31+00:00,prefill,3,,0.02,,1222.44,0,1,843,2496
ap-yXxcAQPhR4WRVkUd4thsUc,2026-10-01T01:50:32+00:00,decode,4,11735,0.02,264.62,,0,,,
ap-yXxcAQPhR4WRVkUd4thsUc,2026-10-01T01:50:32+00:00,prefill,4,,0.02,,2077.28,0,2,1112,4928
ap-yXxcAQPhR4WRVkUd4thsUc,2026-10-01T01:50:32+00:00,decode,5,13358,0.02,326.53,,0,,,
ap-yXxcAQPhR4WRVkUd4thsUc,2026-10-01T01:50:32+00:00,prefill,5,,0.02,,1126.78,0,1,448,640
ap-yXxcAQPhR4WRVkUd4thsUc,2026-10-01T01:50:33+00:00,prefill,6,,0.02,,2414.9,0,1,448,640
ap-yXxcAQPhR4WRVkUd4thsUc,2026-10-01T01:50:33+00:00,prefill,6,,0.03,,1715.0,0,1,398,4672
ap-yXxcAQPhR4WRVkUd4thsUc,2026-10-01T01:50:33+00:00,prefill,7,,0.03,,37191.94,0,1,431,3648
ap-yXxcAQPhR4WRVkUd4thsUc,2026-10-01T01:50:33+00:00,prefill,8,,0.03,,8085.74,0,1,681,3392
ap-yXxcAQPhR4WRVkUd4thsUc,2026-10-01T01:50:33+00:00,decode,9,22515,0.03,372.67,,0,,,
ap-yXxcAQPhR4WRVkUd4thsUc,2026-10-01T01:50:33+00:00,decode,9,22875,0.03,718.87,,0,,,
ap-yXxcAQPhR4WRVkUd4thsUc,2026-10-01T01:50:34+00:00,prefill,8,,0.03,,734.5,0,1,647,2496
ap-yXxcAQPhR4WRVkUd4thsUc,2026-10-01T01:50:34+00:00,prefill,9,,0.03,,3144.96,0,1,817,3584
ap-yXxcAQPhR4WRVkUd4thsUc,2026-10-01T01:50:34+00:00,decode,9,22297,0.03,554.33,,0,,,
ap-yXxcAQPhR4WRVkUd4thsUc,2026-10-01T01:50:35+00:00,decode,4,12036,0.02,514.74,,0,,,
ap-yXxcAQPhR4WRVkUd4thsUc,2026-10-01T01:50:35+00:00,prefill,4,,0.02,,823.78,0,1,661,640
ap-yXxcAQPhR4WRVkUd4thsUc,2026-10-01T01:50:35+00:00,decode,5,12835,0.02,348.22,,0,,,
ap-yXxcAQPhR4WRVkUd4thsUc,2026-10-01T01:50:35+00:00,prefill,5,,0.02,,1876.88,0,1,757,1920
ap-yXxcAQPhR4WRVkUd4thsUc,2026-10-01T01:50:35+00:00,prefill,6,,0.03,,2977.28,0,1,623,4096
ap-yXxcAQPhR4WRVkUd4thsUc,2026-10-01T01:50:35+00:00,prefill,7,,0.03,,20474.73,0,1,929,1088
ap-yXxcAQPhR4WRVkUd4thsUc,2026-10-01T01:50:36+00:00,prefill,8,,0.03,,2315.82,0,1,608,4032
ap-yXxcAQPhR4WRVkUd4thsUc,2026-10-01T01:50:36+00:00,decode,9,22411,0.03,397.9,,0,,,
ap-yXxcAQPhR4WRVkUd4thsUc,2026-10-01T01:50:36+00:00,prefill,8,,0.04,,1442.03,0,1,894,3456
ap-yXxcAQPhR4WRVkUd4thsUc,2026-10-01T01:50:36+00:00,decode,9,26399,0.04,570.89,,0,,,
ap-yXxcAQPhR4WRVkUd4thsUc,2026-10-01T01:50:37+00:00,prefill,7,,0.04,,1755.64,0,1,871,5120
ap-yXxcAQPhR4WRVkUd4thsUc,2026-10-01T01:50:37+00:00,prefill,8,,0.04,,10162.99,0,1,1561,1024
ap-yXxcAQPhR4WRVkUd4thsUc,2026-10-01T01:50:37+00:00,decode,9,28944,0.04,442.69,,0,,,
ap-yXxcAQPhR4WRVkUd4thsUc,2026-10-01T01:50:37+00:00,prefill,8,,0.04,,2734.42,0,1,678,3136
ap-yXxcAQPhR4WRVkUd4thsUc,2026-10-01T01:50:37+00:00,prefill,9,,0.04,,6365.63,0,1,786,3328
ap-yXxcAQPhR4WRVkUd4thsUc,2026-10-01T01:50:38+00:00,prefill,10,,0.04,,5533.2,0,1,817,1088
ap-yXxcAQPhR4WRVkUd4thsUc,2026-10-01T01:50:38+00:00,prefill,10,,0.04,,3589.29,0,1,550,1280
ap-yXxcAQPhR4WRVkUd4thsUc,2026-10-01T01:50:38+00:00,decode,11,33452,0.04,532.61,,0,,,
ap-yXxcAQPhR4WRVkUd4thsUc,2026-10-01T01:50:38+00:00,decode,8,24018,0.03,719.75,,0,,,
ap-yXxcAQPhR4WRVkUd4thsUc,2026-10-01T01:50:39+00:00,prefill,8,,0.04,,1086.11,0,1,963,4352
ap-yXxcAQPhR4WRVkUd4thsUc,2026-10-01T01:50:39+00:00,prefill,9,,0.04,,3984.79,0,1,618,4352
ap-yXxcAQPhR4WRVkUd4thsUc,2026-10-01T01:50:39+00:00,prefill,9,,0.04,,5306.62,0,1,1091,1984
ap-yXxcAQPhR4WRVkUd4thsUc,2026-10-01T01:50:39+00:00,decode,8,27218,0.04,491.86,,0,,,
ap-yXxcAQPhR4WRVkUd4thsUc,2026-10-01T01:50:39+00:00,prefill,8,,0.04,,1945.7,0,1,638,2624
ap-yXxcAQPhR4WRVkUd4thsUc,2026-10-01T01:50:39+00:00,prefill,9,,0.04,,887.29,0,1,145,1856
ap-yXxcAQPhR4WRVkUd4thsUc,2026-10-01T01:50:40+00:00,decode,9,25855,0.03,602.38,,0,,,
ap-yXxcAQPhR4WRVkUd4thsUc,2026-10-01T01:50:40+00:00,prefill,8,,0.04,,1983.71,0,1,823,5952
ap-yXxcAQPhR4WRVkUd4thsUc,2026-10-01T01:50:40+00:00,decode,7,28274,0.04,565.55,,0,,,
ap-yXxcAQPhR4WRVkUd4thsUc,2026-10-01T01:50:40+00:00,prefill,7,,0.04,,1825.01,0,1,1013,2560
ap-yXxcAQPhR4WRVkUd4thsUc,2026-10-01T01:50:41+00:00,decode,5,18013,0.02,427.96,,0,,,
ap-yXxcAQPhR4WRVkUd4thsUc,2026-10-01T01:50:41+00:00,prefill,5,,0.03,,3861.61,0,1,2681,1792
ap-yXxcAQPhR4WRVkUd4thsUc,2026-10-01T01:50:41+00:00,prefill,6,,0.03,,26483.53,0,1,633,3840
ap-yXxcAQPhR4WRVkUd4thsUc,2026-10-01T01:50:41+00:00,prefill,7,,0.04,,2377.68,0,1,598,4928
ap-yXxcAQPhR4WRVkUd4thsUc,2026-10-01T01:50:42+00:00,prefill,8,,0.04,,535.86,0,1,113,1984
ap-yXxcAQPhR4WRVkUd4thsUc,2026-10-01T01:50:42+00:00,decode,8,27730,0.04,363.45,,0,,,
ap-yXxcAQPhR4WRVkUd4thsUc,2026-10-01T01:50:42+00:00,prefill,8,,0.04,,1211.69,0,1,284,3008
ap-yXxcAQPhR4WRVkUd4thsUc,2026-10-01T01:50:42+00:00,prefill,8,,0.04,,4455.32,0,1,2597,3072
ap-yXxcAQPhR4WRVkUd4thsUc,2026-10-01T01:50:42+00:00,prefill,9,,0.05,,9060.85,0,1,792,4096
ap-yXxcAQPhR4WRVkUd4thsUc,2026-10-01T01:50:42+00:00,decode,10,33005,0.04,400.67,,0,,,
ap-yXxcAQPhR4WRVkUd4thsUc,2026-10-01T01:50:43+00:00,prefill,7,,0.05,,2361.54,0,1,713,6720
ap-yXxcAQPhR4WRVkUd4thsUc,2026-10-01T01:50:43+00:00,decode,8,34232,0.05,572.69,,0,,,
ap-yXxcAQPhR4WRVkUd4thsUc,2026-10-01T01:50:43+00:00,prefill,8,,0.05,,1911.99,0,1,742,5376
ap-yXxcAQPhR4WRVkUd4thsUc,2026-10-01T01:50:43+00:00,prefill,9,,0.05,,2951.8,0,1,661,640
ap-yXxcAQPhR4WRVkUd4thsUc,2026-10-01T01:50:44+00:00,prefill,9,,0.05,,3542.75,0,1,661,3200
ap-yXxcAQPhR4WRVkUd4thsUc,2026-10-01T01:50:44+00:00,decode,10,38332,0.05,538.07,,0,,,
ap-yXxcAQPhR4WRVkUd4thsUc,2026-10-01T01:50:44+00:00,prefill,10,,0.06,,4725.15,0,1,3396,3520
ap-yXxcAQPhR4WRVkUd4thsUc,2026-10-01T01:50:44+00:00,prefill,11,,0.07,,10931.23,0,2,1236,9280
ap-yXxcAQPhR4WRVkUd4thsUc,2026-10-01T01:50:45+00:00,decode,11,43494,0.06,492.12,,0,,,
ap-yXxcAQPhR4WRVkUd4thsUc,2026-10-01T01:50:45+00:00,prefill,10,,0.06,,2102.44,0,1,840,4416
ap-yXxcAQPhR4WRVkUd4thsUc,2026-10-01T01:50:45+00:00,decode,7,31026,0.04,660.13,,0,,,
ap-yXxcAQPhR4WRVkUd4thsUc,2026-10-01T01:50:46+00:00,decode,5,24149,0.03,496.13,,0,,,
ap-yXxcAQPhR4WRVkUd4thsUc,2026-10-01T01:50:46+00:00,prefill,4,,0.03,,2239.8,0,1,2935,4416
ap-yXxcAQPhR4WRVkUd4thsUc,2026-10-01T01:50:46+00:00,prefill,5,,0.05,,8000.51,0,1,1652,5632
ap-yXxcAQPhR4WRVkUd4thsUc,2026-10-01T01:50:46+00:00,prefill,6,,0.06,,9526.1,0,1,539,5504
ap-yXxcAQPhR4WRVkUd4thsUc,2026-10-01T01:50:46+00:00,prefill,7,,0.06,,21935.79,0,1,692,7424
ap-yXxcAQPhR4WRVkUd4thsUc,2026-10-01T01:50:47+00:00,decode,7,38487,0.05,254.23,,0,,,
ap-yXxcAQPhR4WRVkUd4thsUc,2026-10-01T01:50:47+00:00,prefill,7,,0.06,,924.79,0,1,498,4992
ap-yXxcAQPhR4WRVkUd4thsUc,2026-10-01T01:50:47+00:00,decode,6,30685,0.04,521.77,,0,,,
ap-yXxcAQPhR4WRVkUd4thsUc,2026-10-01T01:50:47+00:00,prefill,6,,0.04,,721.91,0,1,242,2496
ap-yXxcAQPhR4WRVkUd4thsUc,2026-10-01T01:50:48+00:00,decode,7,32822,0.04,523.24,,0,,,
ap-yXxcAQPhR4WRVkUd4thsUc,2026-10-01T01:50:48+00:00,prefill,7,,0.05,,1710.54,0,1,1166,6912
ap-yXxcAQPhR4WRVkUd4thsUc,2026-10-01T01:50:48+00:00,prefill,8,,0.06,,8223.3,0,1,1407,1216
ap-yXxcAQPhR4WRVkUd4thsUc,2026-10-01T01:50:48+00:00,prefill,9,,0.07,,5332.39,0,1,863,6144
ap-yXxcAQPhR4WRVkUd4thsUc,2026-10-01T01:50:48+00:00,prefill,10,,0.08,,10345.64,0,1,656,5248
ap-yXxcAQPhR4WRVkUd4thsUc,2026-10-01T01:50:48+00:00,prefill,11,,0.08,,28826.55,0,1,615,3840
ap-yXxcAQPhR4WRVkUd4thsUc,2026-10-01T01:50:49+00:00,decode,11,54991,0.07,413.18,,0,,,
ap-yXxcAQPhR4WRVkUd4thsUc,2026-10-01T01:50:49+00:00,prefill,10,,0.09,,866.46,0,1,746,8064
ap-yXxcAQPhR4WRVkUd4thsUc,2026-10-01T01:50:49+00:00,prefill,11,,0.09,,21441.41,0,1,672,6016
ap-yXxcAQPhR4WRVkUd4thsUc,2026-10-01T01:50:49+00:00,decode,12,66522,0.09,641.92,,0,,,
ap-yXxcAQPhR4WRVkUd4thsUc,2026-10-01T01:50:49+00:00,prefill,11,,0.09,,4567.7,0,1,765,2048
ap-yXxcAQPhR4WRVkUd4thsUc,2026-10-01T01:50:50+00:00,prefill,12,,0.09,,926.8,0,1,295,2688
ap-yXxcAQPhR4WRVkUd4thsUc,2026-10-01T01:50:50+00:00,prefill,12,,0.1,,4824.42,0,1,910,4864
ap-yXxcAQPhR4WRVkUd4thsUc,2026-10-01T01:50:50+00:00,decode,13,71033,0.1,678.58,,0,,,
ap-yXxcAQPhR4WRVkUd4thsUc,2026-10-01T01:50:51+00:00,decode,6,30857,0.04,652.53,,0,,,
ap-yXxcAQPhR4WRVkUd4thsUc,2026-10-01T01:50:51+00:00,decode,5,28898,0.04,426.63,,0,,,
ap-yXxcAQPhR4WRVkUd4thsUc,2026-10-01T01:50:51+00:00,prefill,5,,0.05,,975.96,0,1,1322,8192
ap-yXxcAQPhR4WRVkUd4thsUc,2026-10-01T01:50:52+00:00,decode,5,32382,0.04,339.66,,0,,,
ap-yXxcAQPhR4WRVkUd4thsUc,2026-10-01T01:50:52+00:00,prefill,5,,0.05,,1197.35,0,1,608,3264
ap-yXxcAQPhR4WRVkUd4thsUc,2026-10-01T01:50:52+00:00,prefill,6,,0.05,,1173.03,0,1,289,2944
ap-yXxcAQPhR4WRVkUd4thsUc,2026-10-01T01:50:52+00:00,decode,7,38166,0.05,415.32,,0,,,
ap-yXxcAQPhR4WRVkUd4thsUc,2026-10-01T01:50:53+00:00,prefill,7,,0.06,,1137.21,0,1,655,6656
ap-yXxcAQPhR4WRVkUd4thsUc,2026-10-01T01:50:53+00:00,prefill,8,,0.08,,3555.7,0,1,344,8768
ap-yXxcAQPhR4WRVkUd4thsUc,2026-10-01T01:50:53+00:00,prefill,9,,0.08,,16939.51,0,1,1684,2560
ap-yXxcAQPhR4WRVkUd4thsUc,2026-10-01T01:50:53+00:00,prefill,10,,0.09,,5385.58,0,1,511,5504
ap-yXxcAQPhR4WRVkUd4thsUc,2026-10-01T01:50:53+00:00,prefill,11,,0.09,,18957.09,0,1,855,6976
ap-yXxcAQPhR4WRVkUd4thsUc,2026-10-01T01:50:53+00:00,prefill,12,,0.1,,3988.3,0,1,360,4416
ap-yXxcAQPhR4WRVkUd4thsUc,2026-10-01T01:50:53+00:00,decode,13,70692,0.09,368.76,,0,,,
ap-yXxcAQPhR4WRVkUd4thsUc,2026-10-01T01:50:54+00:00,decode,9,47403,0.06,846.52,,0,,,
ap-yXxcAQPhR4WRVkUd4thsUc,2026-10-01T01:50:54+00:00,decode,7,38323,0.05,589.72,,0,,,
ap-yXxcAQPhR4WRVkUd4thsUc,2026-10-01T01:50:54+00:00,prefill,7,,0.05,,1546.64,0,1,2195,640
ap-yXxcAQPhR4WRVkUd4thsUc,2026-10-01T01:50:55+00:00,prefill,8,,0.07,,10008.56,0,2,1323,12672
ap-yXxcAQPhR4WRVkUd4thsUc,2026-10-01T01:50:55+00:00,prefill,10,,0.08,,1781.29,0,1,693,5888
ap-yXxcAQPhR4WRVkUd4thsUc,2026-10-01T01:50:55+00:00,decode,11,58805,0.08,425.61,,0,,,
ap-yXxcAQPhR4WRVkUd4thsUc,2026-10-01T01:50:55+00:00,prefill,11,,0.09,,2828.43,0,1,371,5440
ap-yXxcAQPhR4WRVkUd4thsUc,2026-10-01T01:50:55+00:00,prefill,10,,0.09,,1326.93,0,1,460,9088
ap-yXxcAQPhR4WRVkUd4thsUc,2026-10-01T01:50:56+00:00,prefill,11,,0.08,,17700.34,0,1,2191,640
ap-yXxcAQPhR4WRVkUd4thsUc,2026-10-01T01:50:56+00:00,prefill,11,,0.09,,4582.31,0,1,779,5760
ap-yXxcAQPhR4WRVkUd4thsUc,2026-10-01T01:50:56+00:00,decode,11,58635,0.08,522.31,,0,,,
ap-yXxcAQPhR4WRVkUd4thsUc,2026-10-01T01:50:56+00:00,prefill,11,,0.09,,1435.78,0,1,598,7296
ap-yXxcAQPhR4WRVkUd4thsUc,2026-10-01T01:50:56+00:00,decode,11,66112,0.09,775.64,,0,,,
ap-yXxcAQPhR4WRVkUd4thsUc,2026-10-01T01:50:57+00:00,decode,10,59283,0.08,801.87,,0,,,
ap-yXxcAQPhR4WRVkUd4thsUc,2026-10-01T01:50:57+00:00,prefill,10,,0.08,,1337.71,0,1,1275,3136
ap-yXxcAQPhR4WRVkUd4thsUc,2026-10-01T01:50:57+00:00,prefill,11,,0.09,,8629.09,0,1,788,7936
ap-yXxcAQPhR4WRVkUd4thsUc,2026-10-01T01:50:57+00:00,prefill,11,,0.1,,6372.5,0,1,639,4736
ap-yXxcAQPhR4WRVkUd4thsUc,2026-10-01T01:50:57+00:00,prefill,12,,0.1,,19775.69,0,1,994,2816
ap-yXxcAQPhR4WRVkUd4thsUc,2026-10-01T01:50:58+00:00,prefill,13,,0.1,,5209.08,0,1,750,2816
ap-yXxcAQPhR4WRVkUd4thsUc,2026-10-01T01:50:58+00:00,prefill,12,,0.1,,3899.5,0,1,1989,4224
ap-yXxcAQPhR4WRVkUd4thsUc,2026-10-01T01:50:58+00:00,decode,13,75278,0.1,472.08,,0,,,
ap-yXxcAQPhR4WRVkUd4thsUc,2026-10-01T01:50:59+00:00,decode,13,72851,0.1,938.79,,0,,,
ap-yXxcAQPhR4WRVkUd4thsUc,2026-10-01T01:50:59+00:00,decode,10,59218,0.08,792.45,,0,,,
ap-yXxcAQPhR4WRVkUd4thsUc,2026-10-01T01:50:59+00:00,prefill,9,,0.09,,309.91,0,1,408,7936
ap-yXxcAQPhR4WRVkUd4thsUc,2026-10-01T01:51:00+00:00,prefill,9,,0.08,,3924.51,0,1,710,6528
ap-yXxcAQPhR4WRVkUd4thsUc,2026-10-01T01:51:00+00:00,prefill,10,,0.09,,3487.33,0,1,723,3840
ap-yXxcAQPhR4WRVkUd4thsUc,2026-10-01T01:51:00+00:00,decode,11,66290,0.09,572.44,,0,,,
ap-yXxcAQPhR4WRVkUd4thsUc,2026-10-01T01:51:00+00:00,prefill,10,,0.09,,1642.07,0,1,1022,2752
ap-yXxcAQPhR4WRVkUd4thsUc,2026-10-01T01:51:00+00:00,prefill,11,,0.09,,19481.68,0,1,988,3776
ap-yXxcAQPhR4WRVkUd4thsUc,2026-10-01T01:51:01+00:00,prefill,12,,0.1,,8124.33,0,1,1116,6208
ap-yXxcAQPhR4WRVkUd4thsUc,2026-10-01T01:51:01+00:00,decode,13,71277,0.1,563.53,,0,,,
ap-yXxcAQPhR4WRVkUd4thsUc,2026-10-01T01:51:01+00:00,decode,11,60064,0.08,905.04,,0,,,
ap-yXxcAQPhR4WRVkUd4thsUc,2026-10-01T01:51:01+00:00,prefill,11,,0.09,,1077.1,0,1,878,8704
ap-yXxcAQPhR4WRVkUd4thsUc,2026-10-01T01:51:02+00:00,decode,12,69434,0.09,762.32,,0,,,
ap-yXxcAQPhR4WRVkUd4thsUc,2026-10-01T01:51:02+00:00,prefill,12,,0.11,,1105.95,0,1,587,9536
ap-yXxcAQPhR4WRVkUd4thsUc,2026-10-01T01:51:02+00:00,prefill,13,,0.11,,3924.41,0,1,784,6528
ap-yXxcAQPhR4WRVkUd4thsUc,2026-10-01T01:51:03+00:00,decode,13,84926,0.11,756.57,,0,,,
ap-yXxcAQPhR4WRVkUd4thsUc,2026-10-01T01:51:03+00:00,prefill,12,,0.1,,1858.5,0,1,1637,640
ap-yXxcAQPhR4WRVkUd4thsUc,2026-10-01T01:51:03+00:00,decode,13,77539,0.1,753.74,,0,,,
ap-yXxcAQPhR4WRVkUd4thsUc,2026-10-01T01:51:04+00:00,prefill,12,,0.11,,1096.9,0,1,777,8320
ap-yXxcAQPhR4WRVkUd4thsUc,2026-10-01T01:51:04+00:00,prefill,13,,0.12,,5119.92,0,1,674,7232
ap-yXxcAQPhR4WRVkUd4thsUc,2026-10-01T01:51:04+00:00,decode,14,86971,0.12,736.88,,0,,,
ap-yXxcAQPhR4WRVkUd4thsUc,2026-10-01T01:51:04+00:00,decode,11,69489,0.09,904.71,,0,,,
ap-yXxcAQPhR4WRVkUd4thsUc,2026-10-01T01:51:05+00:00,prefill,10,,0.09,,1505.99,0,1,1847,3712
ap-yXxcAQPhR4WRVkUd4thsUc,2026-10-01T01:51:05+00:00,decode,11,64204,0.09,628.65,,0,,,
ap-yXxcAQPhR4WRVkUd4thsUc,2026-10-01T01:51:05+00:00,prefill,11,,0.09,,6989.81,0,1,2430,2240
ap-yXxcAQPhR4WRVkUd4thsUc,2026-10-01T01:51:05+00:00,prefill,12,,0.1,,9389.16,0,1,705,3584
ap-yXxcAQPhR4WRVkUd4thsUc,2026-10-01T01:51:06+00:00,prefill,13,,0.1,,4703.13,0,1,1638,640
ap-yXxcAQPhR4WRVkUd4thsUc,2026-10-01T01:51:06+00:00,prefill,14,,0.11,,3986.76,0,1,321,10112
ap-yXxcAQPhR4WRVkUd4thsUc,2026-10-01T01:51:06+00:00,decode,15,82173,0.11,559.6,,0,,,
ap-yXxcAQPhR4WRVkUd4thsUc,2026-10-01T01:51:07+00:00,decode,14,76635,0.1,1012.6,,0,,,
ap-yXxcAQPhR4WRVkUd4thsUc,2026-10-01T01:51:07+00:00,prefill,13,,0.11,,805.22,0,1,1033,9088
ap-yXxcAQPhR4WRVkUd4thsUc,2026-10-01T01:51:07+00:00,decode,14,93813,0.13,789.43,,0,,,
ap-yXxcAQPhR4WRVkUd4thsUc,2026-10-01T01:51:07+00:00,prefill,14,,0.13,,4767.13,0,1,950,9536
ap-yXxcAQPhR4WRVkUd4thsUc,2026-10-01T01:51:08+00:00,prefill,13,,0.12,,1409.28,0,1,745,4608
ap-yXxcAQPhR4WRVkUd4thsUc,2026-10-01T01:51:08+00:00,prefill,14,,0.12,,6133.54,0,1,645,7296
ap-yXxcAQPhR4WRVkUd4thsUc,2026-10-01T01:51:08+00:00,decode,14,88873,0.12,748.75,,0,,,
ap-yXxcAQPhR4WRVkUd4thsUc,2026-10-01T01:51:08+00:00,prefill,13,,0.12,,1606.76,0,1,432,7936
ap-yXxcAQPhR4WRVkUd4thsUc,2026-10-01T01:51:09+00:00,prefill,14,,0.12,,1354.56,0,1,549,2176
ap-yXxcAQPhR4WRVkUd4thsUc,2026-10-01T01:51:09+00:00,decode,15,88114,0.12,839.07,,0,,,
ap-yXxcAQPhR4WRVkUd4thsUc,2026-10-01T01:51:09+00:00,prefill,15,,0.13,,5918.64,0,1,891,5952
ap-yXxcAQPhR4WRVkUd4thsUc,2026-10-01T01:51:09+00:00,prefill,15,,0.12,,1977.69,0,1,531,5760
ap-yXxcAQPhR4WRVkUd4thsUc,2026-10-01T01:51:09+00:00,decode,14,81617,0.11,873.23,,0,,,
ap-yXxcAQPhR4WRVkUd4thsUc,2026-10-01T01:51:10+00:00,decode,12,71643,0.1,950.95,,0,,,
ap-yXxcAQPhR4WRVkUd4thsUc,2026-10-01T01:51:10+00:00,prefill,12,,0.11,,322.6,0,1,349,10496
ap-yXxcAQPhR4WRVkUd4thsUc,2026-10-01T01:51:11+00:00,decode,12,74754,0.1,835.15,,0,,,
ap-yXxcAQPhR4WRVkUd4thsUc,2026-10-01T01:51:11+00:00,prefill,12,,0.11,,1165.41,0,1,628,10112
ap-yXxcAQPhR4WRVkUd4thsUc,2026-10-01T01:51:11+00:00,prefill,13,,0.12,,11311.95,0,1,2879,2240
ap-yXxcAQPhR4WRVkUd4thsUc,2026-10-01T01:51:11+00:00,decode,13,82712,0.11,649.45,,0,,,
ap-yXxcAQPhR4WRVkUd4thsUc,2026-10-01T01:51:12+00:00,prefill,12,,0.11,,1440.77,0,1,1025,7296
ap-yXxcAQPhR4WRVkUd4thsUc,2026-10-01T01:51:12+00:00,prefill,12,,0.11,,3288.46,0,1,846,10496
ap-yXxcAQPhR4WRVkUd4thsUc,2026-10-01T01:51:12+00:00,decode,13,80596,0.11,691.92,,0,,,
ap-yXxcAQPhR4WRVkUd4thsUc,2026-10-01T01:51:13+00:00,decode,13,81116,0.11,934.93,,0,,,
ap-yXxcAQPhR4WRVkUd4thsUc,2026-10-01T01:51:13+00:00,prefill,12,,0.12,,429.31,0,1,485,8320
ap-yXxcAQPhR4WRVkUd4thsUc,2026-10-01T01:51:13+00:00,decode,13,86324,0.12,844.85,,0,,,
ap-yXxcAQPhR4WRVkUd4thsUc,2026-10-01T01:51:14+00:00,prefill,12,,0.12,,713.69,0,1,358,10816
ap-yXxcAQPhR4WRVkUd4thsUc,2026-10-01T01:51:14+00:00,decode,12,84555,0.11,835.51,,0,,,
ap-yXxcAQPhR4WRVkUd4thsUc,2026-10-01T01:51:14+00:00,prefill,11,,0.12,,1472.17,0,1,765,7936
ap-yXxcAQPhR4WRVkUd4thsUc,2026-10-01T01:51:14+00:00,prefill,12,,0.14,,2342.64,0,1,361,5312
ap-yXxcAQPhR4WRVkUd4thsUc,2026-10-01T01:51:14+00:00,prefill,13,,0.14,,49592.29,0,1,382,10752
ap-yXxcAQPhR4WRVkUd4thsUc,2026-10-01T01:51:15+00:00,decode,14,110602,0.15,696.98,,0,,,
ap-yXxcAQPhR4WRVkUd4thsUc,2026-10-01T01:51:15+00:00,prefill,14,,0.15,,1893.02,0,1,769,5312
ap-yXxcAQPhR4WRVkUd4thsUc,2026-10-01T01:51:15+00:00,prefill,15,,0.15,,9748.46,0,1,944,5120
ap-yXxcAQPhR4WRVkUd4thsUc,2026-10-01T01:51:15+00:00,decode,12,76565,0.1,807.59,,0,,,
ap-yXxcAQPhR4WRVkUd4thsUc,2026-10-01T01:51:16+00:00,prefill,12,,0.11,,884.36,0,1,858,4288
ap-yXxcAQPhR4WRVkUd4thsUc,2026-10-01T01:51:16+00:00,decode,13,81518,0.11,792.26,,0,,,
ap-yXxcAQPhR4WRVkUd4thsUc,2026-10-01T01:51:16+00:00,decode,12,73876,0.1,888.84,,0,,,
ap-yXxcAQPhR4WRVkUd4thsUc,2026-10-01T01:51:17+00:00,prefill,12,,0.11,,1892.33,0,1,1741,6016
ap-yXxcAQPhR4WRVkUd4thsUc,2026-10-01T01:51:17+00:00,prefill,13,,0.11,,10400.92,0,1,1016,5504
ap-yXxcAQPhR4WRVkUd4thsUc,2026-10-01T01:51:17+00:00,prefill,14,,0.13,,3779.2,0,1,922,11328
ap-yXxcAQPhR4WRVkUd4thsUc,2026-10-01T01:51:17+00:00,prefill,14,,0.14,,1663.77,0,1,673,8768
ap-yXxcAQPhR4WRVkUd4thsUc,2026-10-01T01:51:17+00:00,decode,15,101025,0.14,599.11,,0,,,
ap-yXxcAQPhR4WRVkUd4thsUc,2026-10-01T01:51:18+00:00,decode,15,101625,0.14,1037.66,,0,,,
ap-yXxcAQPhR4WRVkUd4thsUc,2026-10-01T01:51:18+00:00,prefill,15,,0.15,,717.78,0,1,529,11136
ap-yXxcAQPhR4WRVkUd4thsUc,2026-10-01T01:51:18+00:00,prefill,16,,0.17,,3397.13,0,1,332,11072
ap-yXxcAQPhR4WRVkUd4thsUc,2026-10-01T01:51:19+00:00,decode,16,115151,0.15,604.96,,0,,,
ap-yXxcAQPhR4WRVkUd4thsUc,2026-10-01T01:51:19+00:00,prefill,15,,0.15,,646.86,0,1,816,8640
ap-yXxcAQPhR4WRVkUd4thsUc,2026-10-01T01:51:20+00:00,decode,15,106557,0.14,936.81,,0,,,
ap-yXxcAQPhR4WRVkUd4thsUc,2026-10-01T01:51:20+00:00,decode,13,84317,0.11,968.55,,0,,,
ap-yXxcAQPhR4WRVkUd4thsUc,2026-10-01T01:51:21+00:00,decode,12,75969,0.1,900.2,,0,,,
ap-yXxcAQPhR4WRVkUd4thsUc,2026-10-01T01:51:21+00:00,decode,12,76449,0.1,880.43,,0,,,
ap-yXxcAQPhR4WRVkUd4thsUc,2026-10-01T01:51:22+00:00,prefill,12,,0.12,,178.28,0,1,412,11392
ap-yXxcAQPhR4WRVkUd4thsUc,2026-10-01T01:51:22+00:00,prefill,13,,0.13,,9220.97,0,1,1280,6784
ap-yXxcAQPhR4WRVkUd4thsUc,2026-10-01T01:51:22+00:00,decode,14,95452,0.13,727.87,,0,,,
ap-yXxcAQPhR4WRVkUd4thsUc,2026-10-01T01:51:23+00:00,decode,14,96012,0.13,981.53,,0,,,
ap-yXxcAQPhR4WRVkUd4thsUc,2026-10-01T01:51:23+00:00,prefill,14,,0.14,,495.7,0,1,434,9472
ap-yXxcAQPhR4WRVkUd4thsUc,2026-10-01T01:51:23+00:00,prefill,15,,0.16,,3181.35,0,1,857,12224
ap-yXxcAQPhR4WRVkUd4thsUc,2026-10-01T01:51:23+00:00,prefill,16,,0.16,,2921.4,0,1,557,11648
ap-yXxcAQPhR4WRVkUd4thsUc,2026-10-01T01:51:23+00:00,decode,16,122301,0.16,796.58,,0,,,
ap-yXxcAQPhR4WRVkUd4thsUc,2026-10-01T01:51:24+00:00,prefill,16,,0.17,,1462.14,0,1,832,9472
ap-yXxcAQPhR4WRVkUd4thsUc,2026-10-01T01:51:24+00:00,prefill,16,,0.17,,8547.46,0,1,784,5120
ap-yXxcAQPhR4WRVkUd4thsUc,2026-10-01T01:51:24+00:00,decode,15,113241,0.15,852.07,,0,,,
ap-yXxcAQPhR4WRVkUd4thsUc,2026-10-01T01:51:25+00:00,decode,12,89707,0.12,970.58,,0,,,
ap-yXxcAQPhR4WRVkUd4thsUc,2026-10-01T01:51:25+00:00,prefill,11,,0.11,,368.27,0,1,404,5632
ap-yXxcAQPhR4WRVkUd4thsUc,2026-10-01T01:51:25+00:00,decode,12,85847,0.12,802.39,,0,,,
ap-yXxcAQPhR4WRVkUd4thsUc,2026-10-01T01:51:26+00:00,prefill,11,,0.12,,410.01,0,1,292,8064
ap-yXxcAQPhR4WRVkUd4thsUc,2026-10-01T01:51:26+00:00,prefill,12,,0.13,,4341.65,0,1,1400,6016
ap-yXxcAQPhR4WRVkUd4thsUc,2026-10-01T01:51:26+00:00,decode,13,93842,0.13,653.11,,0,,,
ap-yXxcAQPhR4WRVkUd4thsUc,2026-10-01T01:51:26+00:00,prefill,13,,0.13,,4158.86,0,1,734,6272
ap-yXxcAQPhR4WRVkUd4thsUc,2026-10-01T01:51:27+00:00,decode,13,92989,0.12,859.67,,0,,,
ap-yXxcAQPhR4WRVkUd4thsUc,2026-10-01T01:51:27+00:00,prefill,13,,0.14,,700.79,0,1,403,11776
ap-yXxcAQPhR4WRVkUd4thsUc,2026-10-01T01:51:27+00:00,decode,13,100670,0.14,882.28,,0,,,
ap-yXxcAQPhR4WRVkUd4thsUc,2026-10-01T01:51:28+00:00,prefill,13,,0.13,,645.44,0,1,565,10304
ap-yXxcAQPhR4WRVkUd4thsUc,2026-10-01T01:51:28+00:00,prefill,13,,0.15,,7458.35,0,1,535,9856
ap-yXxcAQPhR4WRVkUd4thsUc,2026-10-01T01:51:28+00:00,decode,14,109544,0.15,777.73,,0,,,
ap-yXxcAQPhR4WRVkUd4thsUc,2026-10-01T01:51:28+00:00,prefill,14,,0.16,,1270.42,0,1,555,12160
ap-yXxcAQPhR4WRVkUd4thsUc,2026-10-01T01:51:29+00:00,decode,13,106631,0.14,879.33,,0,,,
ap-yXxcAQPhR4WRVkUd4thsUc,2026-10-01T01:51:29+00:00,prefill,12,,0.14,,190.29,0,1,193,8320
ap-yXxcAQPhR4WRVkUd4thsUc,2026-10-01T01:51:29+00:00,decode,12,96908,0.13,827.27,,0,,,
ap-yXxcAQPhR4WRVkUd4thsUc,2026-10-01T01:51:29+00:00,prefill,11,,0.12,,3752.17,0,1,991,4736
ap-yXxcAQPhR4WRVkUd4thsUc,2026-10-01T01:51:30+00:00,decode,12,90321,0.12,748.72,,0,,,
ap-yXxcAQPhR4WRVkUd4thsUc,2026-10-01T01:51:30+00:00,prefill,12,,0.13,,3399.28,0,1,2229,6464
ap-yXxcAQPhR4WRVkUd4thsUc,2026-10-01T01:51:30+00:00,prefill,13,,0.15,,6013.32,0,1,336,12160
ap-yXxcAQPhR4WRVkUd4thsUc,2026-10-01T01:51:31+00:00,decode,14,108586,0.15,698.89,,0,,,
ap-yXxcAQPhR4WRVkUd4thsUc,2026-10-01T01:51:31+00:00,decode,14,109146,0.15,963.17,,0,,,
ap-yXxcAQPhR4WRVkUd4thsUc,2026-10-01T01:51:32+00:00,decode,13,104826,0.14,940.54,,0,,,
ap-yXxcAQPhR4WRVkUd4thsUc,2026-10-01T01:51:32+00:00,prefill,13,,0.15,,748.44,0,1,1475,7296
ap-yXxcAQPhR4WRVkUd4thsUc,2026-10-01T01:51:32+00:00,prefill,14,,0.16,,7659.67,0,1,803,5888
ap-yXxcAQPhR4WRVkUd4thsUc,2026-10-01T01:51:32+00:00,prefill,15,,0.17,,6795.27,0,1,849,10816
ap-yXxcAQPhR4WRVkUd4thsUc,2026-10-01T01:51:33+00:00,prefill,16,,0.19,,1505.05,0,1,379,10368
ap-yXxcAQPhR4WRVkUd4thsUc,2026-10-01T01:51:33+00:00,prefill,17,,0.2,,4201.54,0,1,547,12672
ap-yXxcAQPhR4WRVkUd4thsUc,2026-10-01T01:51:33+00:00,decode,18,152523,0.2,522.0,,0,,,
ap-yXxcAQPhR4WRVkUd4thsUc,2026-10-01T01:51:33+00:00,prefill,18,,0.21,,1418.48,0,1,758,3520
ap-yXxcAQPhR4WRVkUd4thsUc,2026-10-01T01:51:34+00:00,decode,15,129437,0.17,726.56,,0,,,
ap-yXxcAQPhR4WRVkUd4thsUc,2026-10-01T01:51:35+00:00,decode,12,97238,0.13,914.34,,0,,,
ap-yXxcAQPhR4WRVkUd4thsUc,2026-10-01T01:51:35+00:00,prefill,12,,0.14,,761.36,0,1,1004,6016
ap-yXxcAQPhR4WRVkUd4thsUc,2026-10-01T01:51:35+00:00,decode,12,99030,0.13,766.53,,0,,,
ap-yXxcAQPhR4WRVkUd4thsUc,2026-10-01T01:51:35+00:00,prefill,12,,0.14,,1223.66,0,1,989,6976
ap-yXxcAQPhR4WRVkUd4thsUc,2026-10-01T01:51:36+00:00,prefill,13,,0.15,,5910.36,0,1,1667,7232
ap-yXxcAQPhR4WRVkUd4thsUc,2026-10-01T01:51:36+00:00,decode,14,114691,0.15,656.44,,0,,,
ap-yXxcAQPhR4WRVkUd4thsUc,2026-10-01T01:51:36+00:00,prefill,14,,0.16,,742.06,0,1,365,4224
ap-yXxcAQPhR4WRVkUd4thsUc,2026-10-01T01:51:37+00:00,decode,15,118989,0.16,938.35,,0,,,
ap-yXxcAQPhR4WRVkUd4thsUc,2026-10-01T01:51:37+00:00,decode,15,119589,0.16,1015.36,,0,,,
ap-yXxcAQPhR4WRVkUd4thsUc,2026-10-01T01:51:38+00:00,prefill,14,,0.17,,690.24,0,1,894,11648
ap-yXxcAQPhR4WRVkUd4thsUc,2026-10-01T01:51:38+00:00,prefill,15,,0.19,,2401.1,0,1,538,13184
ap-yXxcAQPhR4WRVkUd4thsUc,2026-10-01T01:51:38+00:00,decode,16,141298,0.19,812.07,,0,,,
ap-yXxcAQPhR4WRVkUd4thsUc,2026-10-01T01:51:38+00:00,prefill,16,,0.2,,1174.86,0,1,384,10752
ap-yXxcAQPhR4WRVkUd4thsUc,2026-10-01T01:51:39+00:00,prefill,17,,0.21,,1410.93,0,1,652,4608
ap-yXxcAQPhR4WRVkUd4thsUc,2026-10-01T01:51:39+00:00,decode,18,156831,0.21,528.41,,0,,,
ap-yXxcAQPhR4WRVkUd4thsUc,2026-10-01T01:51:40+00:00,prefill,17,,0.21,,320.68,0,1,383,6656
ap-yXxcAQPhR4WRVkUd4thsUc,2026-10-01T01:51:40+00:00,decode,16,135209,0.18,687.43,,0,,,
ap-yXxcAQPhR4WRVkUd4thsUc,2026-10-01T01:51:41+00:00,decode,15,121884,0.16,1048.39,,0,,,
ap-yXxcAQPhR4WRVkUd4thsUc,2026-10-01T01:51:41+00:00,prefill,15,,0.17,,206.19,0,1,245,6976
ap-yXxcAQPhR4WRVkUd4thsUc,2026-10-01T01:51:41+00:00,decode,15,127470,0.17,952.8,,0,,,
ap-yXxcAQPhR4WRVkUd4thsUc,2026-10-01T01:51:42+00:00,decode,14,119261,0.16,969.72,,0,,,
ap-yXxcAQPhR4WRVkUd4thsUc,2026-10-01T01:51:43+00:00,decode,13,111270,0.15,929.89,,0,,,
ap-yXxcAQPhR4WRVkUd4thsUc,2026-10-01T01:51:43+00:00,prefill,13,,0.17,,369.01,0,1,823,13696
ap-yXxcAQPhR4WRVkUd4thsUc,2026-10-01T01:51:43+00:00,prefill,14,,0.18,,8831.13,0,1,707,11136
ap-yXxcAQPhR4WRVkUd4thsUc,2026-10-01T01:51:43+00:00,decode,14,130660,0.18,731.31,,0,,,
ap-yXxcAQPhR4WRVkUd4thsUc,2026-10-01T01:51:44+00:00,decode,12,113277,0.15,923.0,,0,,,
ap-yXxcAQPhR4WRVkUd4thsUc,2026-10-01T01:51:45+00:00,decode,12,113757,0.15,835.61,,0,,,
ap-yXxcAQPhR4WRVkUd4thsUc,2026-10-01T01:51:45+00:00,prefill,12,,0.16,,803.23,0,1,1209,7360
ap-yXxcAQPhR4WRVkUd4thsUc,2026-10-01T01:51:45+00:00,prefill,13,,0.18,,3210.04,0,1,1320,8512
ap-yXxcAQPhR4WRVkUd4thsUc,2026-10-01T01:51:45+00:00,prefill,14,,0.18,,8213.74,0,1,584,7168
ap-yXxcAQPhR4WRVkUd4thsUc,2026-10-01T01:51:45+00:00,decode,15,136851,0.18,630.72,,0,,,
ap-yXxcAQPhR4WRVkUd4thsUc,2026-10-01T01:51:46+00:00,decode,13,110762,0.15,962.46,,0,,,
ap-yXxcAQPhR4WRVkUd4thsUc,2026-10-01T01:51:47+00:00,decode,13,111282,0.15,898.48,,0,,,
ap-yXxcAQPhR4WRVkUd4thsUc,2026-10-01T01:51:47+00:00,prefill,13,,0.16,,411.78,0,1,705,6976
ap-yXxcAQPhR4WRVkUd4thsUc,2026-10-01T01:51:47+00:00,decode,14,118818,0.16,838.54,,0,,,
ap-yXxcAQPhR4WRVkUd4thsUc,2026-10-01T01:51:48+00:00,decode,11,101038,0.14,846.55,,0,,,
ap-yXxcAQPhR4WRVkUd4thsUc,2026-10-01T01:51:48+00:00,prefill,11,,0.15,,361.21,0,1,359,11840
ap-yXxcAQPhR4WRVkUd4thsUc,2026-10-01T01:51:48+00:00,prefill,11,,0.15,,1776.63,0,1,732,13312
ap-yXxcAQPhR4WRVkUd4thsUc,2026-10-01T01:51:49+00:00,decode,12,113920,0.15,699.7,,0,,,
ap-yXxcAQPhR4WRVkUd4thsUc,2026-10-01T01:51:49+00:00,decode,11,117024,0.16,742.53,,0,,,
ap-yXxcAQPhR4WRVkUd4thsUc,2026-10-01T01:51:49+00:00,prefill,11,,0.16,,559.12,0,1,450,14464
ap-yXxcAQPhR4WRVkUd4thsUc,2026-10-01T01:51:49+00:00,prefill,12,,0.16,,6428.45,0,1,1065,5696
ap-yXxcAQPhR4WRVkUd4thsUc,2026-10-01T01:51:50+00:00,decode,13,121523,0.16,739.16,,0,,,
ap-yXxcAQPhR4WRVkUd4thsUc,2026-10-01T01:51:50+00:00,decode,13,122043,0.16,886.37,,0,,,
ap-yXxcAQPhR4WRVkUd4thsUc,2026-10-01T01:51:51+00:00,decode,12,108217,0.15,862.82,,0,,,
ap-yXxcAQPhR4WRVkUd4thsUc,2026-10-01T01:51:52+00:00,decode,12,108697,0.15,841.81,,0,,,
ap-yXxcAQPhR4WRVkUd4thsUc,2026-10-01T01:51:52+00:00,decode,12,109177,0.15,841.62,,0,,,
ap-yXxcAQPhR4WRVkUd4thsUc,2026-10-01T01:51:52+00:00,prefill,12,,0.15,,485.69,0,1,1500,5376
ap-yXxcAQPhR4WRVkUd4thsUc,2026-10-01T01:51:53+00:00,prefill,13,,0.17,,3378.96,0,1,720,12480
ap-yXxcAQPhR4WRVkUd4thsUc,2026-10-01T01:51:53+00:00,prefill,14,,0.19,,2298.02,0,1,415,12160
ap-yXxcAQPhR4WRVkUd4thsUc,2026-10-01T01:51:53+00:00,prefill,15,,0.2,,2075.53,0,1,331,7680
ap-yXxcAQPhR4WRVkUd4thsUc,2026-10-01T01:51:53+00:00,decode,16,147631,0.2,631.76,,0,,,
ap-yXxcAQPhR4WRVkUd4thsUc,2026-10-01T01:51:54+00:00,decode,14,123761,0.17,1019.99,,0,,,
ap-yXxcAQPhR4WRVkUd4thsUc,2026-10-01T01:51:54+00:00,prefill,12,,0.16,,403.55,0,1,394,14912
ap-yXxcAQPhR4WRVkUd4thsUc,2026-10-01T01:51:54+00:00,decode,13,119732,0.16,820.3,,0,,,
ap-yXxcAQPhR4WRVkUd4thsUc,2026-10-01T01:51:55+00:00,decode,13,120252,0.16,888.23,,0,,,
ap-yXxcAQPhR4WRVkUd4thsUc,2026-10-01T01:51:55+00:00,prefill,13,,0.18,,503.08,0,1,762,10432
ap-yXxcAQPhR4WRVkUd4thsUc,2026-10-01T01:51:55+00:00,decode,14,130924,0.18,799.45,,0,,,
ap-yXxcAQPhR4WRVkUd4thsUc,2026-10-01T01:51:56+00:00,decode,14,131484,0.18,935.32,,0,,,
ap-yXxcAQPhR4WRVkUd4thsUc,2026-10-01T01:51:57+00:00,decode,12,107014,0.14,854.51,,0,,,
ap-yXxcAQPhR4WRVkUd4thsUc,2026-10-01T01:51:57+00:00,prefill,12,,0.16,,483.46,0,1,675,13184
ap-yXxcAQPhR4WRVkUd4thsUc,2026-10-01T01:51:57+00:00,prefill,12,,0.16,,1246.59,0,1,453,6912
ap-yXxcAQPhR4WRVkUd4thsUc,2026-10-01T01:51:57+00:00,decode,13,132847,0.18,682.94,,0,,,
ap-yXxcAQPhR4WRVkUd4thsUc,2026-10-01T01:51:57+00:00,prefill,13,,0.18,,4067.41,0,1,752,12544
ap-yXxcAQPhR4WRVkUd4thsUc,2026-10-01T01:51:58+00:00,decode,11,103491,0.14,840.34,,0,,,
ap-yXxcAQPhR4WRVkUd4thsUc,2026-10-01T01:51:58+00:00,prefill,11,,0.15,,1609.59,0,1,1208,8512
ap-yXxcAQPhR4WRVkUd4thsUc,2026-10-01T01:51:59+00:00,prefill,12,,0.16,,1277.52,0,1,625,11136
ap-yXxcAQPhR4WRVkUd4thsUc,2026-10-01T01:51:59+00:00,decode,13,122177,0.16,654.08,,0,,,
ap-yXxcAQPhR4WRVkUd4thsUc,2026-10-01T01:51:59+00:00,decode,12,105360,0.14,854.82,,0,,,
ap-yXxcAQPhR4WRVkUd4thsUc,2026-10-01T01:51:59+00:00,prefill,10,,0.15,,481.92,0,1,382,15360
ap-yXxcAQPhR4WRVkUd4thsUc,2026-10-01T01:52:00+00:00,decode,10,95993,0.13,681.59,,0,,,
ap-yXxcAQPhR4WRVkUd4thsUc,2026-10-01T01:52:00+00:00,prefill,10,,0.14,,1991.02,0,1,1489,9792
ap-yXxcAQPhR4WRVkUd4thsUc,2026-10-01T01:52:00+00:00,prefill,11,,0.15,,2282.34,0,1,693,6720
ap-yXxcAQPhR4WRVkUd4thsUc,2026-10-01T01:52:01+00:00,decode,11,104011,0.14,585.08,,0,,,
ap-yXxcAQPhR4WRVkUd4thsUc,2026-10-01T01:52:01+00:00,decode,10,89283,0.12,753.9,,0,,,
ap-yXxcAQPhR4WRVkUd4thsUc,2026-10-01T01:52:01+00:00,prefill,10,,0.13,,786.79,0,1,668,7360
ap-yXxcAQPhR4WRVkUd4thsUc,2026-10-01T01:52:02+00:00,prefill,11,,0.14,,338.47,0,1,126,11776
ap-yXxcAQPhR4WRVkUd4thsUc,2026-10-01T01:52:02+00:00,prefill,12,,0.17,,5554.65,0,1,704,13824
ap-yXxcAQPhR4WRVkUd4thsUc,2026-10-01T01:52:02+00:00,prefill,13,,0.17,,46974.59,0,1,372,9664
ap-yXxcAQPhR4WRVkUd4thsUc,2026-10-01T01:52:02+00:00,decode,14,129594,0.17,605.08,,0,,,
ap-yXxcAQPhR4WRVkUd4thsUc,2026-10-01T01:52:02+00:00,prefill,13,,0.18,,1328.62,0,1,614,14592
ap-yXxcAQPhR4WRVkUd4thsUc,2026-10-01T01:52:03+00:00,prefill,12,,0.14,,482.74,0,1,175,4608
ap-yXxcAQPhR4WRVkUd4thsUc,2026-10-01T01:52:03+00:00,decode,12,106140,0.14,773.96,,0,,,
ap-yXxcAQPhR4WRVkUd4thsUc,2026-10-01T01:52:03+00:00,prefill,10,,0.14,,1475.72,0,1,367,15680
ap-yXxcAQPhR4WRVkUd4thsUc,2026-10-01T01:52:03+00:00,decode,11,101614,0.14,721.5,,0,,,
ap-yXxcAQPhR4WRVkUd4thsUc,2026-10-01T01:52:04+00:00,prefill,10,,0.14,,1048.27,0,1,832,7744
ap-yXxcAQPhR4WRVkUd4thsUc,2026-10-01T01:52:04+00:00,prefill,11,,0.15,,4211.17,0,1,441,9984
ap-yXxcAQPhR4WRVkUd4thsUc,2026-10-01T01:52:04+00:00,prefill,12,,0.17,,3084.15,0,1,648,13312
ap-yXxcAQPhR4WRVkUd4thsUc,2026-10-01T01:52:04+00:00,decode,13,127258,0.17,591.19,,0,,,
ap-yXxcAQPhR4WRVkUd4thsUc,2026-10-01T01:52:04+00:00,prefill,12,,0.17,,1299.26,0,1,252,11840
ap-yXxcAQPhR4WRVkUd4thsUc,2026-10-01T01:52:05+00:00,decode,13,127993,0.17,823.35,,0,,,
ap-yXxcAQPhR4WRVkUd4thsUc,2026-10-01T01:52:05+00:00,decode,8,66261,0.09,721.97,,0,,,
ap-yXxcAQPhR4WRVkUd4thsUc,2026-10-01T01:52:06+00:00,prefill,6,,0.08,,449.69,0,1,645,8000
ap-yXxcAQPhR4WRVkUd4thsUc,2026-10-01T01:52:06+00:00,prefill,7,,0.11,,6690.68,0,1,927,13056
ap-yXxcAQPhR4WRVkUd4thsUc,2026-10-01T01:52:06+00:00,prefill,8,,0.11,,48970.42,0,1,303,10368
ap-yXxcAQPhR4WRVkUd4thsUc,2026-10-01T01:52:06+00:00,decode,9,83071,0.11,405.0,,0,,,
ap-yXxcAQPhR4WRVkUd4thsUc,2026-10-01T01:52:06+00:00,prefill,9,,0.12,,1524.34,0,1,487,5248
ap-yXxcAQPhR4WRVkUd4thsUc,2026-10-01T01:52:06+00:00,prefill,10,,0.14,,2547.81,0,1,272,14528
ap-yXxcAQPhR4WRVkUd4thsUc,2026-10-01T01:52:06+00:00,prefill,11,,0.14,,2061.2,0,1,221,8576
ap-yXxcAQPhR4WRVkUd4thsUc,2026-10-01T01:52:07+00:00,prefill,10,,0.13,,502.0,0,1,143,4352
ap-yXxcAQPhR4WRVkUd4thsUc,2026-10-01T01:52:07+00:00,prefill,11,,0.15,,7513.26,0,1,699,11264
ap-yXxcAQPhR4WRVkUd4thsUc,2026-10-01T01:52:07+00:00,decode,12,108278,0.15,528.32,,0,,,
ap-yXxcAQPhR4WRVkUd4thsUc,2026-10-01T01:52:07+00:00,prefill,11,,0.14,,1006.79,0,1,604,12032
ap-yXxcAQPhR4WRVkUd4thsUc,2026-10-01T01:52:07+00:00,prefill,12,,0.16,,6551.47,0,1,452,16000
ap-yXxcAQPhR4WRVkUd4thsUc,2026-10-01T01:52:07+00:00,decode,13,122734,0.16,694.98,,0,,,
ap-yXxcAQPhR4WRVkUd4thsUc,2026-10-01T01:52:08+00:00,prefill,12,,0.15,,725.12,0,1,463,15168
ap-yXxcAQPhR4WRVkUd4thsUc,2026-10-01T01:52:08+00:00,decode,12,113791,0.15,804.39,,0,,,
ap-yXxcAQPhR4WRVkUd4thsUc,2026-10-01T01:52:09+00:00,decode,9,83287,0.11,768.54,,0,,,
ap-yXxcAQPhR4WRVkUd4thsUc,2026-10-01T01:52:09+00:00,prefill,8,,0.11,,475.25,0,1,413,13952
ap-yXxcAQPhR4WRVkUd4thsUc,2026-10-01T01:52:09+00:00,decode,9,82322,0.11,597.34,,0,,,
ap-yXxcAQPhR4WRVkUd4thsUc,2026-10-01T01:52:10+00:00,decode,7,59026,0.08,628.06,,0,,,
ap-yXxcAQPhR4WRVkUd4thsUc,2026-10-01T01:52:10+00:00,prefill,7,,0.08,,363.82,0,1,428,4480
ap-yXxcAQPhR4WRVkUd4thsUc,2026-10-01T01:52:10+00:00,prefill,8,,0.11,,4990.17,0,1,535,13952
ap-yXxcAQPhR4WRVkUd4thsUc,2026-10-01T01:52:10+00:00,prefill,9,,0.11,,25661.35,0,1,640,8640
ap-yXxcAQPhR4WRVkUd4thsUc,2026-10-01T01:52:10+00:00,decode,10,80545,0.11,477.27,,0,,,
ap-yXxcAQPhR4WRVkUd4thsUc,2026-10-01T01:52:11+00:00,prefill,9,,0.12,,1159.93,0,1,692,8768
ap-yXxcAQPhR4WRVkUd4thsUc,2026-10-01T01:52:11+00:00,decode,8,71753,0.1,605.26,,0,,,
ap-yXxcAQPhR4WRVkUd4thsUc,2026-10-01T01:52:11+00:00,prefill,8,,0.11,,3976.0,0,1,2148,8896
ap-yXxcAQPhR4WRVkUd4thsUc,2026-10-01T01:52:11+00:00,prefill,9,,0.14,,10520.6,0,2,1463,23808
ap-yXxcAQPhR4WRVkUd4thsUc,2026-10-01T01:52:12+00:00,prefill,11,,0.18,,3906.87,0,1,339,15616
ap-yXxcAQPhR4WRVkUd4thsUc,2026-10-01T01:52:12+00:00,prefill,12,,0.18,,21926.27,0,1,442,14848
ap-yXxcAQPhR4WRVkUd4thsUc,2026-10-01T01:52:12+00:00,decode,13,126984,0.17,482.58,,0,,,
ap-yXxcAQPhR4WRVkUd4thsUc,2026-10-01T01:52:12+00:00,prefill,12,,0.18,,611.86,0,1,398,8192
ap-yXxcAQPhR4WRVkUd4thsUc,2026-10-01T01:52:12+00:00,prefill,13,,0.19,,2697.66,0,1,804,4864
ap-yXxcAQPhR4WRVkUd4thsUc,2026-10-01T01:52:13+00:00,decode,14,140199,0.19,733.14,,0,,,
ap-yXxcAQPhR4WRVkUd4thsUc,2026-10-01T01:52:13+00:00,prefill,12,,0.16,,2710.5,0,1,1466,8320
ap-yXxcAQPhR4WRVkUd4thsUc,2026-10-01T01:52:13+00:00,prefill,11,,0.17,,1887.61,0,1,526,14336
ap-yXxcAQPhR4WRVkUd4thsUc,2026-10-01T01:52:13+00:00,decode,12,128898,0.17,643.96,,0,,,
ap-yXxcAQPhR4WRVkUd4thsUc,2026-10-01T01:52:14+00:00,prefill,12,,0.18,,1623.84,0,1,613,8256
ap-yXxcAQPhR4WRVkUd4thsUc,2026-10-01T01:52:14+00:00,prefill,12,,0.18,,457.45,0,1,194,14464
ap-yXxcAQPhR4WRVkUd4thsUc,2026-10-01T01:52:14+00:00,decode,13,136810,0.18,730.43,,0,,,
ap-yXxcAQPhR4WRVkUd4thsUc,2026-10-01T01:52:15+00:00,decode,11,114431,0.15,838.95,,0,,,
ap-yXxcAQPhR4WRVkUd4thsUc,2026-10-01T01:52:15+00:00,prefill,11,,0.17,,350.94,0,1,235,12032
ap-yXxcAQPhR4WRVkUd4thsUc,2026-10-01T01:52:15+00:00,decode,11,112439,0.15,765.58,,0,,,
ap-yXxcAQPhR4WRVkUd4thsUc,2026-10-01T01:52:16+00:00,prefill,11,,0.16,,490.2,0,1,418,9728
ap-yXxcAQPhR4WRVkUd4thsUc,2026-10-01T01:52:16+00:00,decode,12,121790,0.16,745.76,,0,,,
ap-yXxcAQPhR4WRVkUd4thsUc,2026-10-01T01:52:17+00:00,decode,11,110570,0.15,815.85,,0,,,
ap-yXxcAQPhR4WRVkUd4thsUc,2026-10-01T01:52:17+00:00,decode,11,111010,0.15,770.87,,0,,,
ap-yXxcAQPhR4WRVkUd4thsUc,2026-10-01T01:52:17+00:00,prefill,10,,0.16,,204.0,0,1,368,15360
ap-yXxcAQPhR4WRVkUd4thsUc,2026-10-01T01:52:18+00:00,decode,11,108428,0.15,697.2,,0,,,
ap-yXxcAQPhR4WRVkUd4thsUc,2026-10-01T01:52:18+00:00,prefill,10,,0.16,,303.14,0,1,239,14656
ap-yXxcAQPhR4WRVkUd4thsUc,2026-10-01T01:52:18+00:00,decode,11,123042,0.17,680.14,,0,,,
ap-yXxcAQPhR4WRVkUd4thsUc,2026-10-01T01:52:18+00:00,prefill,11,,0.18,,1074.84,0,1,291,14848
ap-yXxcAQPhR4WRVkUd4thsUc,2026-10-01T01:52:19+00:00,prefill,12,,0.18,,941.16,0,1,418,10240
ap-yXxcAQPhR4WRVkUd4thsUc,2026-10-01T01:52:19+00:00,decode,12,133116,0.18,698.42,,0,,,
ap-yXxcAQPhR4WRVkUd4thsUc,2026-10-01T01:52:20+00:00,decode,10,102638,0.14,788.76,,0,,,
ap-yXxcAQPhR4WRVkUd4thsUc,2026-10-01T01:52:20+00:00,decode,8,78990,0.11,676.51,,0,,,
ap-yXxcAQPhR4WRVkUd4thsUc,2026-10-01T01:52:21+00:00,decode,8,79310,0.11,598.8,,0,,,
ap-yXxcAQPhR4WRVkUd4thsUc,2026-10-01T01:52:21+00:00,prefill,8,,0.12,,541.08,0,1,1041,9280
ap-yXxcAQPhR4WRVkUd4thsUc,2026-10-01T01:52:21+00:00,prefill,9,,0.14,,1434.5,0,1,403,14848
ap-yXxcAQPhR4WRVkUd4thsUc,2026-10-01T01:52:21+00:00,prefill,10,,0.15,,2981.14,0,1,591,10624
ap-yXxcAQPhR4WRVkUd4thsUc,2026-10-01T01:52:21+00:00,decode,11,113840,0.15,495.12,,0,,,
ap-yXxcAQPhR4WRVkUd4thsUc,2026-10-01T01:52:22+00:00,decode,10,104572,0.14,748.87,,0,,,
ap-yXxcAQPhR4WRVkUd4thsUc,2026-10-01T01:52:22+00:00,prefill,9,,0.14,,671.02,0,1,681,16384
ap-yXxcAQPhR4WRVkUd4thsUc,2026-10-01T01:52:23+00:00,decode,10,106711,0.14,609.75,,0,,,
ap-yXxcAQPhR4WRVkUd4thsUc,2026-10-01T01:52:23+00:00,prefill,9,,0.17,,757.62,0,1,471,15680
ap-yXxcAQPhR4WRVkUd4thsUc,2026-10-01T01:52:23+00:00,prefill,10,,0.17,,30219.7,0,1,506,12288
ap-yXxcAQPhR4WRVkUd4thsUc,2026-10-01T01:52:23+00:00,decode,11,124641,0.17,604.07,,0,,,
ap-yXxcAQPhR4WRVkUd4thsUc,2026-10-01T01:52:24+00:00,prefill,9,,0.14,,319.4,0,1,264,11200
ap-yXxcAQPhR4WRVkUd4thsUc,2026-10-01T01:52:24+00:00,decode,10,106646,0.14,672.61,,0,,,
ap-yXxcAQPhR4WRVkUd4thsUc,2026-10-01T01:52:24+00:00,prefill,10,,0.16,,2897.85,0,1,425,15104
ap-yXxcAQPhR4WRVkUd4thsUc,2026-10-01T01:52:25+00:00,decode,11,121928,0.16,702.25,,0,,,
ap-yXxcAQPhR4WRVkUd4thsUc,2026-10-01T01:52:25+00:00,decode,9,91842,0.12,659.72,,0,,,
ap-yXxcAQPhR4WRVkUd4thsUc,2026-10-01T01:52:25+00:00,prefill,9,,0.13,,174.53,0,1,204,15232
ap-yXxcAQPhR4WRVkUd4thsUc,2026-10-01T01:52:26+00:00,prefill,9,,0.14,,881.11,0,1,326,10304
ap-yXxcAQPhR4WRVkUd4thsUc,2026-10-01T01:52:26+00:00,decode,10,106616,0.14,592.86,,0,,,
ap-yXxcAQPhR4WRVkUd4thsUc,2026-10-01T01:52:26+00:00,prefill,8,,0.13,,710.9,0,1,572,17024
ap-yXxcAQPhR4WRVkUd4thsUc,2026-10-01T01:52:26+00:00,decode,9,99102,0.13,606.69,,0,,,
ap-yXxcAQPhR4WRVkUd4thsUc,2026-10-01T01:52:27+00:00,decode,9,99462,0.13,644.77,,0,,,
ap-yXxcAQPhR4WRVkUd4thsUc,2026-10-01T01:52:27+00:00,prefill,8,,0.14,,217.69,0,1,218,11520
ap-yXxcAQPhR4WRVkUd4thsUc,2026-10-01T01:52:27+00:00,decode,9,101054,0.14,576.94,,0,,,
ap-yXxcAQPhR4WRVkUd4thsUc,2026-10-01T01:52:28+00:00,prefill,9,,0.16,,1052.61,0,1,431,15488
ap-yXxcAQPhR4WRVkUd4thsUc,2026-10-01T01:52:28+00:00,prefill,10,,0.18,,1273.32,0,1,382,16128
ap-yXxcAQPhR4WRVkUd4thsUc,2026-10-01T01:52:28+00:00,decode,11,132503,0.18,597.66,,0,,,
ap-yXxcAQPhR4WRVkUd4thsUc,2026-10-01T01:52:29+00:00,decode,11,117644,0.16,749.23,,0,,,
ap-yXxcAQPhR4WRVkUd4thsUc,2026-10-01T01:52:29+00:00,prefill,10,,0.18,,234.92,0,1,262,15424
ap-yXxcAQPhR4WRVkUd4thsUc,2026-10-01T01:52:29+00:00,decode,10,121872,0.16,655.52,,0,,,
ap-yXxcAQPhR4WRVkUd4thsUc,2026-10-01T01:52:30+00:00,prefill,9,,0.17,,1601.59,0,1,1126,9408
ap-yXxcAQPhR4WRVkUd4thsUc,2026-10-01T01:52:30+00:00,decode,9,93560,0.13,575.98,,0,,,
ap-yXxcAQPhR4WRVkUd4thsUc,2026-10-01T01:52:30+00:00,prefill,8,,0.14,,1923.64,0,1,695,10624
ap-yXxcAQPhR4WRVkUd4thsUc,2026-10-01T01:52:31+00:00,decode,9,104544,0.14,565.73,,0,,,
ap-yXxcAQPhR4WRVkUd4thsUc,2026-10-01T01:52:31+00:00,prefill,8,,0.14,,279.45,0,1,282,12800
ap-yXxcAQPhR4WRVkUd4thsUc,2026-10-01T01:52:31+00:00,decode,9,101271,0.14,574.84,,0,,,
ap-yXxcAQPhR4WRVkUd4thsUc,2026-10-01T01:52:31+00:00,prefill,9,,0.15,,8429.91,0,1,1563,11776
ap-yXxcAQPhR4WRVkUd4thsUc,2026-10-01T01:52:32+00:00,prefill,10,,0.18,,2743.56,0,1,349,17536
ap-yXxcAQPhR4WRVkUd4thsUc,2026-10-01T01:52:32+00:00,decode,11,130981,0.18,561.25,,0,,,
ap-yXxcAQPhR4WRVkUd4thsUc,2026-10-01T01:52:33+00:00,prefill,11,,0.2,,742.32,0,1,821,15872
ap-yXxcAQPhR4WRVkUd4thsUc,2026-10-01T01:52:33+00:00,decode,12,147430,0.2,661.49,,0,,,
ap-yXxcAQPhR4WRVkUd4thsUc,2026-10-01T01:52:33+00:00,prefill,11,,0.2,,1054.47,0,1,564,15680
ap-yXxcAQPhR4WRVkUd4thsUc,2026-10-01T01:52:33+00:00,decode,12,135228,0.18,698.97,,0,,,
ap-yXxcAQPhR4WRVkUd4thsUc,2026-10-01T01:52:34+00:00,prefill,11,,0.2,,569.42,0,1,405,13312
ap-yXxcAQPhR4WRVkUd4thsUc,2026-10-01T01:52:34+00:00,decode,12,148132,0.2,702.06,,0,,,
ap-yXxcAQPhR4WRVkUd4thsUc,2026-10-01T01:52:34+00:00,prefill,12,,0.22,,914.28,0,1,367,16640
ap-yXxcAQPhR4WRVkUd4thsUc,2026-10-01T01:52:35+00:00,decode,13,164952,0.22,769.67,,0,,,
ap-yXxcAQPhR4WRVkUd4thsUc,2026-10-01T01:52:35+00:00,decode,11,140291,0.19,815.66,,0,,,
ap-yXxcAQPhR4WRVkUd4thsUc,2026-10-01T01:52:36+00:00,decode,10,124311,0.17,711.57,,0,,,
ap-yXxcAQPhR4WRVkUd4thsUc,2026-10-01T01:52:36+00:00,prefill,10,,0.18,,147.1,0,1,266,13696
ap-yXxcAQPhR4WRVkUd4thsUc,2026-10-01T01:52:36+00:00,decode,11,137438,0.18,675.39,,0,,,
ap-yXxcAQPhR4WRVkUd4thsUc,2026-10-01T01:52:37+00:00,decode,11,137878,0.18,745.43,,0,,,
ap-yXxcAQPhR4WRVkUd4thsUc,2026-10-01T01:52:37+00:00,prefill,10,,0.19,,291.7,0,1,391,16640
ap-yXxcAQPhR4WRVkUd4thsUc,2026-10-01T01:52:38+00:00,prefill,11,,0.21,,3041.63,0,1,414,13312
ap-yXxcAQPhR4WRVkUd4thsUc,2026-10-01T01:52:38+00:00,decode,12,154920,0.21,627.11,,0,,,
ap-yXxcAQPhR4WRVkUd4thsUc,2026-10-01T01:52:38+00:00,prefill,12,,0.23,,583.23,0,1,435,13952
ap-yXxcAQPhR4WRVkUd4thsUc,2026-10-01T01:52:38+00:00,decode,13,168532,0.23,735.21,,0,,,
ap-yXxcAQPhR4WRVkUd4thsUc,2026-10-01T01:52:39+00:00,prefill,13,,0.25,,593.56,0,1,311,16960
ap-yXxcAQPhR4WRVkUd4thsUc,2026-10-01T01:52:39+00:00,decode,13,167976,0.23,788.35,,0,,,
ap-yXxcAQPhR4WRVkUd4thsUc,2026-10-01T01:52:40+00:00,decode,13,168496,0.23,835.41,,0,,,
ap-yXxcAQPhR4WRVkUd4thsUc,2026-10-01T01:52:40+00:00,decode,12,152496,0.2,802.18,,0,,,
ap-yXxcAQPhR4WRVkUd4thsUc,2026-10-01T01:52:41+00:00,decode,11,136261,0.18,702.94,,0,,,
ap-yXxcAQPhR4WRVkUd4thsUc,2026-10-01T01:52:42+00:00,prefill,9,,0.18,,291.64,0,1,790,18176
ap-yXxcAQPhR4WRVkUd4thsUc,2026-10-01T01:52:42+00:00,decode,10,131686,0.18,587.87,,0,,,
ap-yXxcAQPhR4WRVkUd4thsUc,2026-10-01T01:52:42+00:00,decode,10,132086,0.18,675.44,,0,,,
ap-yXxcAQPhR4WRVkUd4thsUc,2026-10-01T01:52:43+00:00,decode,10,132486,0.18,666.09,,0,,,
ap-yXxcAQPhR4WRVkUd4thsUc,2026-10-01T01:52:43+00:00,decode,9,118862,0.16,635.42,,0,,,
ap-yXxcAQPhR4WRVkUd4thsUc,2026-10-01T01:52:44+00:00,prefill,8,,0.17,,233.39,0,1,571,13824
ap-yXxcAQPhR4WRVkUd4thsUc,2026-10-01T01:52:44+00:00,prefill,9,,0.17,,16421.85,0,1,1348,10496
ap-yXxcAQPhR4WRVkUd4thsUc,2026-10-01T01:52:44+00:00,decode,10,125651,0.17,449.83,,0,,,
ap-yXxcAQPhR4WRVkUd4thsUc,2026-10-01T01:52:44+00:00,prefill,10,,0.19,,4349.37,0,1,760,17216
ap-yXxcAQPhR4WRVkUd4thsUc,2026-10-01T01:52:45+00:00,prefill,10,,0.19,,574.07,0,1,202,8576
ap-yXxcAQPhR4WRVkUd4thsUc,2026-10-01T01:52:45+00:00,prefill,11,,0.21,,5505.37,0,1,716,17152
ap-yXxcAQPhR4WRVkUd4thsUc,2026-10-01T01:52:45+00:00,decode,12,158503,0.21,547.77,,0,,,
ap-yXxcAQPhR4WRVkUd4thsUc,2026-10-01T01:52:46+00:00,decode,11,145192,0.19,783.62,,0,,,
ap-yXxcAQPhR4WRVkUd4thsUc,2026-10-01T01:52:46+00:00,decode,9,120042,0.16,672.06,,0,,,
ap-yXxcAQPhR4WRVkUd4thsUc,2026-10-01T01:52:47+00:00,prefill,9,,0.19,,445.89,0,1,789,18944
ap-yXxcAQPhR4WRVkUd4thsUc,2026-10-01T01:52:47+00:00,decode,9,122154,0.16,542.93,,0,,,
ap-yXxcAQPhR4WRVkUd4thsUc,2026-10-01T01:52:47+00:00,decode,8,103409,0.14,613.35,,0,,,
ap-yXxcAQPhR4WRVkUd4thsUc,2026-10-01T01:52:48+00:00,prefill,8,,0.16,,362.48,0,1,513,14336
ap-yXxcAQPhR4WRVkUd4thsUc,2026-10-01T01:52:48+00:00,decode,9,117894,0.16,524.61,,0,,,
ap-yXxcAQPhR4WRVkUd4thsUc,2026-10-01T01:52:49+00:00,decode,8,104058,0.14,590.81,,0,,,
ap-yXxcAQPhR4WRVkUd4thsUc,2026-10-01T01:52:49+00:00,decode,8,104378,0.14,578.05,,0,,,
ap-yXxcAQPhR4WRVkUd4thsUc,2026-10-01T01:52:49+00:00,prefill,8,,0.16,,294.58,0,1,403,17920
ap-yXxcAQPhR4WRVkUd4thsUc,2026-10-01T01:52:49+00:00,prefill,9,,0.19,,4543.13,0,1,318,17856
ap-yXxcAQPhR4WRVkUd4thsUc,2026-10-01T01:52:50+00:00,prefill,10,,0.2,,3825.77,0,1,1244,12608
ap-yXxcAQPhR4WRVkUd4thsUc,2026-10-01T01:52:50+00:00,decode,11,172424,0.23,474.61,,0,,,
ap-yXxcAQPhR4WRVkUd4thsUc,2026-10-01T01:52:50+00:00,prefill,11,,0.23,,3215.49,0,1,718,19712
ap-yXxcAQPhR4WRVkUd4thsUc,2026-10-01T01:52:51+00:00,decode,11,155363,0.21,725.63,,0,,,
ap-yXxcAQPhR4WRVkUd4thsUc,2026-10-01T01:52:51+00:00,decode,7,103701,0.14,620.08,,0,,,
ap-yXxcAQPhR4WRVkUd4thsUc,2026-10-01T01:52:52+00:00,decode,7,103981,0.14,507.29,,0,,,
ap-yXxcAQPhR4WRVkUd4thsUc,2026-10-01T01:52:52+00:00,prefill,7,,0.16,,199.22,0,1,393,13824
ap-yXxcAQPhR4WRVkUd4thsUc,2026-10-01T01:52:52+00:00,decode,7,103017,0.14,483.88,,0,,,
ap-yXxcAQPhR4WRVkUd4thsUc,2026-10-01T01:52:53+00:00,prefill,7,,0.15,,990.71,0,1,800,5632
ap-yXxcAQPhR4WRVkUd4thsUc,2026-10-01T01:52:53+00:00,decode,8,109057,0.15,468.06,,0,,,
ap-yXxcAQPhR4WRVkUd4thsUc,2026-10-01T01:52:53+00:00,prefill,7,,0.15,,342.64,0,1,262,18176
ap-yXxcAQPhR4WRVkUd4thsUc,2026-10-01T01:52:53+00:00,decode,8,109229,0.15,533.76,,0,,,
ap-yXxcAQPhR4WRVkUd4thsUc,2026-10-01T01:52:54+00:00,decode,8,109549,0.15,572.83,,0,,,
ap-yXxcAQPhR4WRVkUd4thsUc,2026-10-01T01:52:55+00:00,decode,6,80195,0.11,500.2,,0,,,
ap-yXxcAQPhR4WRVkUd4thsUc,2026-10-01T01:52:55+00:00,prefill,6,,0.13,,610.77,0,1,771,14848
ap-yXxcAQPhR4WRVkUd4thsUc,2026-10-01T01:52:55+00:00,decode,7,95404,0.13,441.95,,0,,,
ap-yXxcAQPhR4WRVkUd4thsUc,2026-10-01T01:52:56+00:00,prefill,7,,0.14,,722.05,0,1,677,11264
ap-yXxcAQPhR4WRVkUd4thsUc,2026-10-01T01:52:56+00:00,decode,8,106951,0.14,475.07,,0,,,
ap-yXxcAQPhR4WRVkUd4thsUc,2026-10-01T01:52:56+00:00,decode,7,92222,0.12,522.45,,0,,,
ap-yXxcAQPhR4WRVkUd4thsUc,2026-10-01T01:52:57+00:00,decode,7,92502,0.12,512.19,,0,,,
ap-yXxcAQPhR4WRVkUd4thsUc,2026-10-01T01:52:57+00:00,prefill,5,,0.13,,300.46,0,1,544,18432
ap-yXxcAQPhR4WRVkUd4thsUc,2026-10-01T01:52:58+00:00,decode,6,93607,0.13,449.19,,0,,,
ap-yXxcAQPhR4WRVkUd4thsUc,2026-10-01T01:52:58+00:00,decode,5,82402,0.11,402.03,,0,,,
ap-yXxcAQPhR4WRVkUd4thsUc,2026-10-01T01:52:58+00:00,prefill,5,,0.14,,721.06,0,1,556,18432
ap-yXxcAQPhR4WRVkUd4thsUc,2026-10-01T01:52:58+00:00,prefill,6,,0.15,,5037.15,0,1,423,11840
ap-yXxcAQPhR4WRVkUd4thsUc,2026-10-01T01:52:59+00:00,prefill,7,,0.16,,309.97,0,1,105,8000
ap-yXxcAQPhR4WRVkUd4thsUc,2026-10-01T01:52:59+00:00,decode,7,101592,0.14,373.52,,0,,,
ap-yXxcAQPhR4WRVkUd4thsUc,2026-10-01T01:52:59+00:00,decode,5,75063,0.1,439.64,,0,,,
ap-yXxcAQPhR4WRVkUd4thsUc,2026-10-01T01:53:00+00:00,decode,5,75263,0.1,383.16,,0,,,
ap-yXxcAQPhR4WRVkUd4thsUc,2026-10-01T01:53:00+00:00,prefill,5,,0.11,,395.71,0,1,533,6656
ap-yXxcAQPhR4WRVkUd4thsUc,2026-10-01T01:53:00+00:00,decode,5,63543,0.09,356.57,,0,,,
ap-yXxcAQPhR4WRVkUd4thsUc,2026-10-01T01:53:01+00:00,prefill,5,,0.1,,1714.18,0,1,1249,14976
ap-yXxcAQPhR4WRVkUd4thsUc,2026-10-01T01:53:01+00:00,prefill,5,,0.1,,1250.0,0,1,296,5696
ap-yXxcAQPhR4WRVkUd4thsUc,2026-10-01T01:53:01+00:00,decode,6,78044,0.1,310.0,,0,,,
ap-yXxcAQPhR4WRVkUd4thsUc,2026-10-01T01:53:02+00:00,decode,6,78284,0.11,454.04,,0,,,
ap-yXxcAQPhR4WRVkUd4thsUc,2026-10-01T01:53:02+00:00,prefill,6,,0.13,,651.66,0,1,684,18944
ap-yXxcAQPhR4WRVkUd4thsUc,2026-10-01T01:53:02+00:00,prefill,7,,0.14,,2076.41,0,1,436,7168
ap-yXxcAQPhR4WRVkUd4thsUc,2026-10-01T01:53:02+00:00,decode,8,104204,0.14,388.54,,0,,,
ap-yXxcAQPhR4WRVkUd4thsUc,2026-10-01T01:53:02+00:00,prefill,8,,0.16,,3415.78,0,1,346,16960
ap-yXxcAQPhR4WRVkUd4thsUc,2026-10-01T01:53:02+00:00,prefill,9,,0.18,,6116.65,0,1,326,12032
ap-yXxcAQPhR4WRVkUd4thsUc,2026-10-01T01:53:03+00:00,decode,10,132887,0.18,590.39,,0,,,
ap-yXxcAQPhR4WRVkUd4thsUc,2026-10-01T01:53:03+00:00,decode,8,104844,0.14,627.83,,0,,,
ap-yXxcAQPhR4WRVkUd4thsUc,2026-10-01T01:53:04+00:00,decode,7,86091,0.12,543.57,,0,,,
ap-yXxcAQPhR4WRVkUd4thsUc,2026-10-01T01:53:05+00:00,decode,7,86371,0.12,520.37,,0,,,
ap-yXxcAQPhR4WRVkUd4thsUc,2026-10-01T01:53:05+00:00,decode,6,72570,0.1,464.26,,0,,,
ap-yXxcAQPhR4WRVkUd4thsUc,2026-10-01T01:53:05+00:00,prefill,6,,0.12,,206.76,0,1,586,18944
ap-yXxcAQPhR4WRVkUd4thsUc,2026-10-01T01:53:05+00:00,prefill,6,,0.11,,1444.43,0,1,270,4736
ap-yXxcAQPhR4WRVkUd4thsUc,2026-10-01T01:53:06+00:00,prefill,6,,0.1,,1237.86,0,1,401,8064
ap-yXxcAQPhR4WRVkUd4thsUc,2026-10-01T01:53:06+00:00,decode,6,55184,0.07,367.98,,0,,,
ap-yXxcAQPhR4WRVkUd4thsUc,2026-10-01T01:53:06+00:00,prefill,6,,0.09,,1219.09,0,1,227,14208
ap-yXxcAQPhR4WRVkUd4thsUc,2026-10-01T01:53:06+00:00,prefill,6,,0.11,,1187.96,0,1,440,17280
ap-yXxcAQPhR4WRVkUd4thsUc,2026-10-01T01:53:06+00:00,decode,7,81861,0.11,428.68,,0,,,
ap-yXxcAQPhR4WRVkUd4thsUc,2026-10-01T01:53:07+00:00,decode,6,80352,0.11,462.08,,0,,,
ap-yXxcAQPhR4WRVkUd4thsUc,2026-10-01T01:53:07+00:00,prefill,6,,0.11,,544.38,0,1,373,12352
ap-yXxcAQPhR4WRVkUd4thsUc,2026-10-01T01:53:07+00:00,prefill,6,,0.11,,2149.5,0,1,667,19712
ap-yXxcAQPhR4WRVkUd4thsUc,2026-10-01T01:53:08+00:00,decode,7,83232,0.11,436.43,,0,,,
ap-yXxcAQPhR4WRVkUd4thsUc,2026-10-01T01:53:08+00:00,prefill,6,,0.12,,964.24,0,1,817,16384
ap-yXxcAQPhR4WRVkUd4thsUc,2026-10-01T01:53:08+00:00,decode,7,87913,0.12,401.8,,0,,,
ap-yXxcAQPhR4WRVkUd4thsUc,2026-10-01T01:53:09+00:00,decode,7,88193,0.12,512.59,,0,,,
ap-yXxcAQPhR4WRVkUd4thsUc,2026-10-01T01:53:09+00:00,prefill,7,,0.12,,469.3,0,1,406,4992
ap-yXxcAQPhR4WRVkUd4thsUc,2026-10-01T01:53:09+00:00,prefill,8,,0.14,,3404.81,0,1,397,14400
ap-yXxcAQPhR4WRVkUd4thsUc,2026-10-01T01:53:09+00:00,prefill,8,,0.14,,3085.32,0,1,360,17664
ap-yXxcAQPhR4WRVkUd4thsUc,2026-10-01T01:53:09+00:00,decode,9,104859,0.14,466.21,,0,,,
ap-yXxcAQPhR4WRVkUd4thsUc,2026-10-01T01:53:10+00:00,prefill,8,,0.14,,536.01,0,1,354,19520
ap-yXxcAQPhR4WRVkUd4thsUc,2026-10-01T01:53:10+00:00,decode,9,107027,0.14,588.91,,0,,,
ap-yXxcAQPhR4WRVkUd4thsUc,2026-10-01T01:53:11+00:00,decode,6,70353,0.09,508.78,,0,,,
ap-yXxcAQPhR4WRVkUd4thsUc,2026-10-01T01:53:11+00:00,prefill,4,,0.06,,491.34,0,1,606,12672
ap-yXxcAQPhR4WRVkUd4thsUc,2026-10-01T01:53:11+00:00,decode,5,47191,0.06,335.04,,0,,,
ap-yXxcAQPhR4WRVkUd4thsUc,2026-10-01T01:53:12+00:00,decode,5,47391,0.06,399.24,,0,,,
ap-yXxcAQPhR4WRVkUd4thsUc,2026-10-01T01:53:12+00:00,decode,5,47591,0.06,399.27,,0,,,
ap-yXxcAQPhR4WRVkUd4thsUc,2026-10-01T01:53:13+00:00,prefill,5,,0.09,,1063.02,0,1,1542,14848
ap-yXxcAQPhR4WRVkUd4thsUc,2026-10-01T01:53:13+00:00,prefill,6,,0.11,,1859.13,0,1,604,20480
ap-yXxcAQPhR4WRVkUd4thsUc,2026-10-01T01:53:13+00:00,decode,7,83913,0.11,306.86,,0,,,
ap-yXxcAQPhR4WRVkUd4thsUc,2026-10-01T01:53:13+00:00,prefill,6,,0.12,,1882.17,0,1,454,17984
ap-yXxcAQPhR4WRVkUd4thsUc,2026-10-01T01:53:13+00:00,prefill,7,,0.13,,8686.71,0,1,1950,8768
ap-yXxcAQPhR4WRVkUd4thsUc,2026-10-01T01:53:14+00:00,prefill,7,,0.14,,2679.38,0,1,742,17152
ap-yXxcAQPhR4WRVkUd4thsUc,2026-10-01T01:53:14+00:00,decode,8,100717,0.14,355.78,,0,,,
ap-yXxcAQPhR4WRVkUd4thsUc,2026-10-01T01:53:14+00:00,prefill,8,,0.15,,3144.96,0,1,537,14592
ap-yXxcAQPhR4WRVkUd4thsUc,2026-10-01T01:53:14+00:00,prefill,9,,0.18,,4140.73,0,1,616,16192
ap-yXxcAQPhR4WRVkUd4thsUc,2026-10-01T01:53:14+00:00,prefill,10,,0.2,,5841.52,0,1,638,11008
ap-yXxcAQPhR4WRVkUd4thsUc,2026-10-01T01:53:14+00:00,prefill,11,,0.2,,16270.05,0,1,2297,8640
ap-yXxcAQPhR4WRVkUd4thsUc,2026-10-01T01:53:15+00:00,prefill,12,,0.22,,1951.88,0,1,953,16384
ap-yXxcAQPhR4WRVkUd4thsUc,2026-10-01T01:53:15+00:00,prefill,13,,0.25,,5822.25,0,1,403,19840
ap-yXxcAQPhR4WRVkUd4thsUc,2026-10-01T01:53:15+00:00,decode,14,187046,0.25,421.78,,0,,,
ap-yXxcAQPhR4WRVkUd4thsUc,2026-10-01T01:53:15+00:00,decode,11,129630,0.17,805.23,,0,,,
ap-yXxcAQPhR4WRVkUd4thsUc,2026-10-01T01:53:16+00:00,decode,8,84947,0.11,699.48,,0,,,
ap-yXxcAQPhR4WRVkUd4thsUc,2026-10-01T01:53:17+00:00,decode,7,67892,0.09,543.28,,0,,,
ap-yXxcAQPhR4WRVkUd4thsUc,2026-10-01T01:53:17+00:00,decode,7,68172,0.09,527.48,,0,,,
ap-yXxcAQPhR4WRVkUd4thsUc,2026-10-01T01:53:18+00:00,decode,7,68452,0.09,533.62,,0,,,
ap-yXxcAQPhR4WRVkUd4thsUc,2026-10-01T01:53:18+00:00,decode,7,68732,0.09,533.6,,0,,,
ap-yXxcAQPhR4WRVkUd4thsUc,2026-10-01T01:53:19+00:00,decode,6,72371,0.1,474.99,,0,,,
ap-yXxcAQPhR4WRVkUd4thsUc,2026-10-01T01:53:19+00:00,prefill,6,,0.1,,117.52,0,1,464,13312
ap-yXxcAQPhR4WRVkUd4thsUc,2026-10-01T01:53:19+00:00,prefill,7,,0.12,,2402.74,0,1,290,17280
ap-yXxcAQPhR4WRVkUd4thsUc,2026-10-01T01:53:19+00:00,decode,8,89576,0.12,531.17,,0,,,
ap-yXxcAQPhR4WRVkUd4thsUc,2026-10-01T01:53:20+00:00,prefill,8,,0.14,,1586.16,0,1,1818,12224
ap-yXxcAQPhR4WRVkUd4thsUc,2026-10-01T01:53:20+00:00,prefill,9,,0.16,,6221.23,0,1,452,17920
ap-yXxcAQPhR4WRVkUd4thsUc,2026-10-01T01:53:20+00:00,decode,10,120369,0.16,418.99,,0,,,
ap-yXxcAQPhR4WRVkUd4thsUc,2026-10-01T01:53:20+00:00,prefill,9,,0.16,,2975.91,0,1,766,18432
ap-yXxcAQPhR4WRVkUd4thsUc,2026-10-01T01:53:21+00:00,decode,9,109099,0.15,580.39,,0,,,
ap-yXxcAQPhR4WRVkUd4thsUc,2026-10-01T01:53:21+00:00,prefill,8,,0.15,,615.62,0,1,431,20224
ap-yXxcAQPhR4WRVkUd4thsUc,2026-10-01T01:53:21+00:00,prefill,9,,0.18,,4082.8,0,1,624,21056
ap-yXxcAQPhR4WRVkUd4thsUc,2026-10-01T01:53:21+00:00,prefill,9,,0.16,,3039.01,0,1,890,16896
ap-yXxcAQPhR4WRVkUd4thsUc,2026-10-01T01:53:21+00:00,decode,9,116863,0.16,463.97,,0,,,
ap-yXxcAQPhR4WRVkUd4thsUc,2026-10-01T01:53:22+00:00,prefill,8,,0.15,,1420.51,0,1,549,17536
ap-yXxcAQPhR4WRVkUd4thsUc,2026-10-01T01:53:22+00:00,decode,9,114610,0.15,558.17,,0,,,
ap-yXxcAQPhR4WRVkUd4thsUc,2026-10-01T01:53:23+00:00,prefill,8,,0.14,,321.2,0,1,261,15104
ap-yXxcAQPhR4WRVkUd4thsUc,2026-10-01T01:53:23+00:00,decode,9,107994,0.14,582.1,,0,,,
ap-yXxcAQPhR4WRVkUd4thsUc,2026-10-01T01:53:23+00:00,decode,9,108354,0.15,626.44,,0,,,
ap-yXxcAQPhR4WRVkUd4thsUc,2026-10-01T01:53:24+00:00,decode,7,73916,0.1,581.69,,0,,,
ap-yXxcAQPhR4WRVkUd4thsUc,2026-10-01T01:53:24+00:00,decode,7,74196,0.1,515.53,,0,,,
ap-yXxcAQPhR4WRVkUd4thsUc,2026-10-01T01:53:24+00:00,prefill,7,,0.12,,157.89,0,1,288,19200
ap-yXxcAQPhR4WRVkUd4thsUc,2026-10-01T01:53:25+00:00,decode,8,93313,0.13,536.29,,0,,,
ap-yXxcAQPhR4WRVkUd4thsUc,2026-10-01T01:53:26+00:00,decode,7,74756,0.1,543.82,,0,,,
ap-yXxcAQPhR4WRVkUd4thsUc,2026-10-01T01:53:26+00:00,prefill,7,,0.12,,397.21,0,1,474,18176
ap-yXxcAQPhR4WRVkUd4thsUc,2026-10-01T01:53:26+00:00,prefill,8,,0.15,,1385.38,0,1,462,20608
ap-yXxcAQPhR4WRVkUd4thsUc,2026-10-01T01:53:26+00:00,prefill,9,,0.18,,6476.16,0,1,982,17728
ap-yXxcAQPhR4WRVkUd4thsUc,2026-10-01T01:53:26+00:00,prefill,10,,0.21,,5979.88,0,1,794,21760
ap-yXxcAQPhR4WRVkUd4thsUc,2026-10-01T01:53:26+00:00,prefill,11,,0.22,,4892.36,0,1,516,13824
ap-yXxcAQPhR4WRVkUd4thsUc,2026-10-01T01:53:26+00:00,decode,12,166990,0.22,371.16,,0,,,
ap-yXxcAQPhR4WRVkUd4thsUc,2026-10-01T01:53:27+00:00,decode,10,148399,0.2,721.81,,0,,,
ap-yXxcAQPhR4WRVkUd4thsUc,2026-10-01T01:53:27+00:00,prefill,10,,0.2,,887.17,0,1,646,19456
ap-yXxcAQPhR4WRVkUd4thsUc,2026-10-01T01:53:28+00:00,decode,11,126898,0.17,692.41,,0,,,
ap-yXxcAQPhR4WRVkUd4thsUc,2026-10-01T01:53:28+00:00,decode,9,109147,0.15,662.81,,0,,,
ap-yXxcAQPhR4WRVkUd4thsUc,2026-10-01T01:53:29+00:00,prefill,8,,0.14,,146.2,0,1,255,18432
ap-yXxcAQPhR4WRVkUd4thsUc,2026-10-01T01:53:29+00:00,decode,9,107975,0.14,551.35,,0,,,
ap-yXxcAQPhR4WRVkUd4thsUc,2026-10-01T01:53:29+00:00,prefill,9,,0.17,,581.67,0,1,234,18688
ap-yXxcAQPhR4WRVkUd4thsUc,2026-10-01T01:53:29+00:00,decode,10,126586,0.17,617.64,,0,,,
ap-yXxcAQPhR4WRVkUd4thsUc,2026-10-01T01:53:30+00:00,decode,9,108904,0.15,686.17,,0,,,
ap-yXxcAQPhR4WRVkUd4thsUc,2026-10-01T01:53:31+00:00,decode,9,109264,0.15,637.51,,0,,,
ap-yXxcAQPhR4WRVkUd4thsUc,2026-10-01T01:53:31+00:00,prefill,8,,0.15,,274.88,0,1,531,18688
ap-yXxcAQPhR4WRVkUd4thsUc,2026-10-01T01:53:31+00:00,decode,9,109787,0.15,536.15,,0,,,
ap-yXxcAQPhR4WRVkUd4thsUc,2026-10-01T01:53:31+00:00,prefill,9,,0.18,,2383.4,0,1,425,21056
ap-yXxcAQPhR4WRVkUd4thsUc,2026-10-01T01:53:32+00:00,prefill,10,,0.21,,2524.89,0,1,536,22528
ap-yXxcAQPhR4WRVkUd4thsUc,2026-10-01T01:53:32+00:00,decode,11,153376,0.21,588.66,,0,,,
ap-yXxcAQPhR4WRVkUd4thsUc,2026-10-01T01:53:33+00:00,decode,9,114333,0.15,649.31,,0,,,
ap-yXxcAQPhR4WRVkUd4thsUc,2026-10-01T01:53:33+00:00,prefill,8,,0.15,,163.47,0,1,244,18944
ap-yXxcAQPhR4WRVkUd4thsUc,2026-10-01T01:53:33+00:00,decode,9,128981,0.17,556.12,,0,,,
ap-yXxcAQPhR4WRVkUd4thsUc,2026-10-01T01:53:33+00:00,prefill,9,,0.17,,3407.78,0,1,271,18688
ap-yXxcAQPhR4WRVkUd4thsUc,2026-10-01T01:53:34+00:00,decode,9,114559,0.15,640.32,,0,,,
ap-yXxcAQPhR4WRVkUd4thsUc,2026-10-01T01:53:34+00:00,decode,7,77981,0.1,608.21,,0,,,
ap-yXxcAQPhR4WRVkUd4thsUc,2026-10-01T01:53:35+00:00,prefill,7,,0.12,,237.72,0,1,345,15360
ap-yXxcAQPhR4WRVkUd4thsUc,2026-10-01T01:53:35+00:00,decode,8,92727,0.12,516.2,,0,,,
ap-yXxcAQPhR4WRVkUd4thsUc,2026-10-01T01:53:35+00:00,prefill,8,,0.15,,684.02,0,1,467,19200
ap-yXxcAQPhR4WRVkUd4thsUc,2026-10-01T01:53:35+00:00,decode,9,112039,0.15,548.67,,0,,,
ap-yXxcAQPhR4WRVkUd4thsUc,2026-10-01T01:53:36+00:00,prefill,9,,0.18,,2206.59,0,1,687,19200
ap-yXxcAQPhR4WRVkUd4thsUc,2026-10-01T01:53:36+00:00,prefill,10,,0.21,,1528.18,0,1,550,21504
ap-yXxcAQPhR4WRVkUd4thsUc,2026-10-01T01:53:36+00:00,decode,10,138474,0.19,564.46,,0,,,
ap-yXxcAQPhR4WRVkUd4thsUc,2026-10-01T01:53:37+00:00,prefill,10,,0.19,,1061.97,0,1,594,23040
ap-yXxcAQPhR4WRVkUd4thsUc,2026-10-01T01:53:37+00:00,prefill,10,,0.2,,3245.72,0,1,524,11008
ap-yXxcAQPhR4WRVkUd4thsUc,2026-10-01T01:53:37+00:00,prefill,11,,0.23,,1480.58,0,1,264,18944
ap-yXxcAQPhR4WRVkUd4thsUc,2026-10-01T01:53:37+00:00,decode,12,169453,0.23,553.79,,0,,,
ap-yXxcAQPhR4WRVkUd4thsUc,2026-10-01T01:53:38+00:00,decode,11,150821,0.2,758.42,,0,,,
ap-yXxcAQPhR4WRVkUd4thsUc,2026-10-01T01:53:38+00:00,decode,9,109212,0.15,695.58,,0,,,
ap-yXxcAQPhR4WRVkUd4thsUc,2026-10-01T01:53:39+00:00,decode,8,98590,0.13,587.4,,0,,,
ap-yXxcAQPhR4WRVkUd4thsUc,2026-10-01T01:53:39+00:00,prefill,8,,0.16,,120.46,0,1,260,19968
ap-yXxcAQPhR4WRVkUd4thsUc,2026-10-01T01:53:39+00:00,decode,8,99784,0.13,547.41,,0,,,
ap-yXxcAQPhR4WRVkUd4thsUc,2026-10-01T01:53:39+00:00,prefill,8,,0.15,,1215.01,0,1,446,11520
ap-yXxcAQPhR4WRVkUd4thsUc,2026-10-01T01:53:40+00:00,decode,8,96427,0.13,545.42,,0,,,
ap-yXxcAQPhR4WRVkUd4thsUc,2026-10-01T01:53:41+00:00,prefill,8,,0.16,,649.52,0,1,737,22016
ap-yXxcAQPhR4WRVkUd4thsUc,2026-10-01T01:53:41+00:00,decode,9,118815,0.16,515.16,,0,,,
ap-yXxcAQPhR4WRVkUd4thsUc,2026-10-01T01:53:41+00:00,prefill,8,,0.16,,1104.83,0,1,411,19648
ap-yXxcAQPhR4WRVkUd4thsUc,2026-10-01T01:53:41+00:00,decode,9,119238,0.16,568.69,,0,,,
ap-yXxcAQPhR4WRVkUd4thsUc,2026-10-01T01:53:42+00:00,decode,7,86012,0.12,596.5,,0,,,
ap-yXxcAQPhR4WRVkUd4thsUc,2026-10-01T01:53:42+00:00,prefill,7,,0.15,,644.77,0,1,590,23616
ap-yXxcAQPhR4WRVkUd4thsUc,2026-10-01T01:53:42+00:00,prefill,8,,0.17,,6045.68,0,1,558,19200
ap-yXxcAQPhR4WRVkUd4thsUc,2026-10-01T01:53:42+00:00,decode,9,109487,0.15,497.61,,0,,,
ap-yXxcAQPhR4WRVkUd4thsUc,2026-10-01T01:53:43+00:00,prefill,7,,0.15,,289.94,0,1,313,20224
ap-yXxcAQPhR4WRVkUd4thsUc,2026-10-01T01:53:43+00:00,decode,8,122662,0.16,501.09,,0,,,
ap-yXxcAQPhR4WRVkUd4thsUc,2026-10-01T01:53:43+00:00,prefill,8,,0.16,,8013.82,0,1,1169,12032
ap-yXxcAQPhR4WRVkUd4thsUc,2026-10-01T01:53:44+00:00,prefill,9,,0.19,,5277.86,0,1,2114,14016
ap-yXxcAQPhR4WRVkUd4thsUc,2026-10-01T01:53:44+00:00,decode,9,114864,0.15,454.06,,0,,,
ap-yXxcAQPhR4WRVkUd4thsUc,2026-10-01T01:53:44+00:00,prefill,9,,0.18,,451.36,0,1,306,20032
ap-yXxcAQPhR4WRVkUd4thsUc,2026-10-01T01:53:45+00:00,decode,8,107397,0.14,609.25,,0,,,
ap-yXxcAQPhR4WRVkUd4thsUc,2026-10-01T01:53:45+00:00,decode,8,107717,0.14,574.71,,0,,,
ap-yXxcAQPhR4WRVkUd4thsUc,2026-10-01T01:53:45+00:00,prefill,7,,0.14,,1914.82,0,1,2301,8832
ap-yXxcAQPhR4WRVkUd4thsUc,2026-10-01T01:53:45+00:00,prefill,8,,0.17,,5606.14,0,1,496,22784
ap-yXxcAQPhR4WRVkUd4thsUc,2026-10-01T01:53:46+00:00,decode,9,124132,0.17,423.05,,0,,,
ap-yXxcAQPhR4WRVkUd4thsUc,2026-10-01T01:53:46+00:00,prefill,8,,0.14,,772.91,0,1,478,5952
ap-yXxcAQPhR4WRVkUd4thsUc,2026-10-01T01:53:46+00:00,decode,8,94695,0.13,557.57,,0,,,
ap-yXxcAQPhR4WRVkUd4thsUc,2026-10-01T01:53:47+00:00,prefill,8,,0.15,,1242.11,0,1,673,20480
ap-yXxcAQPhR4WRVkUd4thsUc,2026-10-01T01:53:47+00:00,prefill,8,,0.16,,475.43,0,1,207,8768
ap-yXxcAQPhR4WRVkUd4thsUc,2026-10-01T01:53:47+00:00,decode,9,107929,0.14,512.61,,0,,,
ap-yXxcAQPhR4WRVkUd4thsUc,2026-10-01T01:53:47+00:00,prefill,8,,0.19,,1306.81,0,1,489,24192
ap-yXxcAQPhR4WRVkUd4thsUc,2026-10-01T01:53:47+00:00,prefill,9,,0.19,,21482.63,0,1,568,13312
ap-yXxcAQPhR4WRVkUd4thsUc,2026-10-01T01:53:48+00:00,decode,10,145127,0.19,526.97,,0,,,
ap-yXxcAQPhR4WRVkUd4thsUc,2026-10-01T01:53:48+00:00,decode,8,124253,0.17,624.01,,0,,,
ap-yXxcAQPhR4WRVkUd4thsUc,2026-10-01T01:53:49+00:00,prefill,8,,0.17,,270.52,0,1,323,6400
ap-yXxcAQPhR4WRVkUd4thsUc,2026-10-01T01:53:49+00:00,decode,8,109824,0.15,555.65,,0,,,
ap-yXxcAQPhR4WRVkUd4thsUc,2026-10-01T01:53:49+00:00,prefill,8,,0.16,,1900.07,0,1,986,10880
ap-yXxcAQPhR4WRVkUd4thsUc,2026-10-01T01:53:49+00:00,prefill,9,,0.18,,3143.43,0,1,416,13824
ap-yXxcAQPhR4WRVkUd4thsUc,2026-10-01T01:53:50+00:00,prefill,9,,0.16,,2560.95,0,1,464,14336
ap-yXxcAQPhR4WRVkUd4thsUc,2026-10-01T01:53:50+00:00,decode,9,116926,0.16,480.97,,0,,,
ap-yXxcAQPhR4WRVkUd4thsUc,2026-10-01T01:53:50+00:00,prefill,9,,0.19,,486.92,0,1,328,23296
ap-yXxcAQPhR4WRVkUd4thsUc,2026-10-01T01:53:50+00:00,prefill,10,,0.21,,1494.93,0,1,258,19712
ap-yXxcAQPhR4WRVkUd4thsUc,2026-10-01T01:53:50+00:00,decode,11,159531,0.21,576.14,,0,,,
ap-yXxcAQPhR4WRVkUd4thsUc,2026-10-01T01:53:51+00:00,prefill,10,,0.19,,1170.66,0,1,816,6720
ap-yXxcAQPhR4WRVkUd4thsUc,2026-10-01T01:53:51+00:00,prefill,11,,0.22,,2305.46,0,1,274,21248
ap-yXxcAQPhR4WRVkUd4thsUc,2026-10-01T01:53:51+00:00,decode,12,164121,0.22,600.79,,0,,,
ap-yXxcAQPhR4WRVkUd4thsUc,2026-10-01T01:53:52+00:00,decode,10,137001,0.18,726.64,,0,,,
ap-yXxcAQPhR4WRVkUd4thsUc,2026-10-01T01:53:52+00:00,decode,9,130657,0.18,662.79,,0,,,
ap-yXxcAQPhR4WRVkUd4thsUc,2026-10-01T01:53:53+00:00,prefill,9,,0.21,,483.55,0,1,864,24640
ap-yXxcAQPhR4WRVkUd4thsUc,2026-10-01T01:53:53+00:00,decode,10,155839,0.21,542.62,,0,,,
ap-yXxcAQPhR4WRVkUd4thsUc,2026-10-01T01:53:53+00:00,prefill,10,,0.22,,2082.18,0,1,440,7488
ap-yXxcAQPhR4WRVkUd4thsUc,2026-10-01T01:53:53+00:00,prefill,10,,0.22,,3069.58,0,1,318,20480
ap-yXxcAQPhR4WRVkUd4thsUc,2026-10-01T01:53:54+00:00,prefill,11,,0.24,,752.47,0,1,234,14336
ap-yXxcAQPhR4WRVkUd4thsUc,2026-10-01T01:53:54+00:00,prefill,12,,0.27,,3900.69,0,1,713,23616
ap-yXxcAQPhR4WRVkUd4thsUc,2026-10-01T01:53:54+00:00,decode,13,190664,0.26,553.26,,0,,,
ap-yXxcAQPhR4WRVkUd4thsUc,2026-10-01T01:53:54+00:00,decode,10,163836,0.22,694.46,,0,,,
ap-yXxcAQPhR4WRVkUd4thsUc,2026-10-01T01:53:55+00:00,prefill,10,,0.24,,462.89,0,1,424,14784
ap-yXxcAQPhR4WRVkUd4thsUc,2026-10-01T01:53:55+00:00,decode,8,110546,0.15,589.01,,0,,,
ap-yXxcAQPhR4WRVkUd4thsUc,2026-10-01T01:53:55+00:00,prefill,8,,0.16,,524.15,0,1,358,21504
ap-yXxcAQPhR4WRVkUd4thsUc,2026-10-01T01:53:56+00:00,prefill,8,,0.17,,905.73,0,1,173,7936
ap-yXxcAQPhR4WRVkUd4thsUc,2026-10-01T01:53:56+00:00,decode,9,124365,0.17,518.92,,0,,,
ap-yXxcAQPhR4WRVkUd4thsUc,2026-10-01T01:53:56+00:00,decode,8,117439,0.16,613.0,,0,,,
ap-yXxcAQPhR4WRVkUd4thsUc,2026-10-01T01:53:57+00:00,prefill,7,,0.17,,356.77,0,1,442,20736
ap-yXxcAQPhR4WRVkUd4thsUc,2026-10-01T01:53:57+00:00,prefill,8,,0.17,,16603.37,0,1,1478,11840
ap-yXxcAQPhR4WRVkUd4thsUc,2026-10-01T01:53:57+00:00,decode,9,128377,0.17,422.39,,0,,,
ap-yXxcAQPhR4WRVkUd4thsUc,2026-10-01T01:53:58+00:00,decode,8,107772,0.14,617.61,,0,,,
ap-yXxcAQPhR4WRVkUd4thsUc,2026-10-01T01:53:58+00:00,prefill,7,,0.14,,260.77,0,1,264,8064
ap-yXxcAQPhR4WRVkUd4thsUc,2026-10-01T01:53:58+00:00,decode,8,106436,0.14,527.35,,0,,,
ap-yXxcAQPhR4WRVkUd4thsUc,2026-10-01T01:53:59+00:00,prefill,7,,0.16,,1020.56,0,1,739,25600
ap-yXxcAQPhR4WRVkUd4thsUc,2026-10-01T01:53:59+00:00,prefill,8,,0.19,,1661.04,0,1,497,24320
ap-yXxcAQPhR4WRVkUd4thsUc,2026-10-01T01:53:59+00:00,prefill,9,,0.21,,9136.33,0,1,754,15168
ap-yXxcAQPhR4WRVkUd4thsUc,2026-10-01T01:53:59+00:00,decode,10,157579,0.21,401.46,,0,,,
ap-yXxcAQPhR4WRVkUd4thsUc,2026-10-01T01:53:59+00:00,prefill,10,,0.24,,1960.89,0,1,792,20992
ap-yXxcAQPhR4WRVkUd4thsUc,2026-10-01T01:54:00+00:00,decode,11,179095,0.24,600.28,,0,,,
ap-yXxcAQPhR4WRVkUd4thsUc,2026-10-01T01:54:00+00:00,prefill,10,,0.25,,976.62,0,1,611,21824
ap-yXxcAQPhR4WRVkUd4thsUc,2026-10-01T01:54:00+00:00,prefill,11,,0.25,,14870.58,0,1,1885,11072
ap-yXxcAQPhR4WRVkUd4thsUc,2026-10-01T01:54:01+00:00,prefill,12,,0.27,,1272.18,0,1,421,14848
ap-yXxcAQPhR4WRVkUd4thsUc,2026-10-01T01:54:01+00:00,decode,13,201525,0.27,510.95,,0,,,
ap-yXxcAQPhR4WRVkUd4thsUc,2026-10-01T01:54:01+00:00,prefill,12,,0.27,,686.59,0,1,465,20096
ap-yXxcAQPhR4WRVkUd4thsUc,2026-10-01T01:54:01+00:00,decode,13,201181,0.27,723.38,,0,,,
ap-yXxcAQPhR4WRVkUd4thsUc,2026-10-01T01:54:02+00:00,decode,13,201701,0.27,801.2,,0,,,
ap-yXxcAQPhR4WRVkUd4thsUc,2026-10-01T01:54:03+00:00,decode,10,156726,0.21,761.31,,0,,,
ap-yXxcAQPhR4WRVkUd4thsUc,2026-10-01T01:54:03+00:00,decode,8,118759,0.16,634.37,,0,,,
ap-yXxcAQPhR4WRVkUd4thsUc,2026-10-01T01:54:03+00:00,prefill,8,,0.19,,105.28,0,1,236,22528
ap-yXxcAQPhR4WRVkUd4thsUc,2026-10-01T01:54:04+00:00,prefill,8,,0.2,,1216.74,0,1,374,24832
ap-yXxcAQPhR4WRVkUd4thsUc,2026-10-01T01:54:04+00:00,decode,9,149839,0.2,519.4,,0,,,
ap-yXxcAQPhR4WRVkUd4thsUc,2026-10-01T01:54:04+00:00,decode,8,125630,0.17,588.88,,0,,,
ap-yXxcAQPhR4WRVkUd4thsUc,2026-10-01T01:54:05+00:00,prefill,8,,0.19,,746.97,0,1,615,13312
ap-yXxcAQPhR4WRVkUd4thsUc,2026-10-01T01:54:05+00:00,prefill,8,,0.17,,663.01,0,1,352,10688
ap-yXxcAQPhR4WRVkUd4thsUc,2026-10-01T01:54:05+00:00,decode,9,129463,0.17,504.81,,0,,,
ap-yXxcAQPhR4WRVkUd4thsUc,2026-10-01T01:54:05+00:00,prefill,9,,0.19,,2720.71,0,1,918,13056
ap-yXxcAQPhR4WRVkUd4thsUc,2026-10-01T01:54:06+00:00,decode,9,107951,0.14,541.77,,0,,,
ap-yXxcAQPhR4WRVkUd4thsUc,2026-10-01T01:54:06+00:00,decode,8,108271,0.15,577.67,,0,,,
ap-yXxcAQPhR4WRVkUd4thsUc,2026-10-01T01:54:07+00:00,prefill,8,,0.18,,453.18,0,1,586,26368
ap-yXxcAQPhR4WRVkUd4thsUc,2026-10-01T01:54:07+00:00,decode,9,134876,0.18,530.02,,0,,,
ap-yXxcAQPhR4WRVkUd4thsUc,2026-10-01T01:54:07+00:00,prefill,9,,0.2,,1081.69,0,1,468,16128
ap-yXxcAQPhR4WRVkUd4thsUc,2026-10-01T01:54:08+00:00,prefill,9,,0.2,,281.78,0,1,136,7552
ap-yXxcAQPhR4WRVkUd4thsUc,2026-10-01T01:54:08+00:00,prefill,10,,0.21,,9309.57,0,1,1456,13888
ap-yXxcAQPhR4WRVkUd4thsUc,2026-10-01T01:54:08+00:00,decode,11,181739,0.24,439.27,,0,,,
ap-yXxcAQPhR4WRVkUd4thsUc,2026-10-01T01:54:08+00:00,prefill,11,,0.24,,5141.93,0,1,309,22784
ap-yXxcAQPhR4WRVkUd4thsUc,2026-10-01T01:54:08+00:00,prefill,11,,0.27,,3166.54,0,1,740,25152
ap-yXxcAQPhR4WRVkUd4thsUc,2026-10-01T01:54:08+00:00,prefill,12,,0.29,,6131.89,0,1,346,15680
ap-yXxcAQPhR4WRVkUd4thsUc,2026-10-01T01:54:09+00:00,prefill,13,,0.31,,700.81,0,1,343,20736
ap-yXxcAQPhR4WRVkUd4thsUc,2026-10-01T01:54:09+00:00,decode,14,234581,0.31,620.0,,0,,,
ap-yXxcAQPhR4WRVkUd4thsUc,2026-10-01T01:54:09+00:00,decode,11,180274,0.24,791.18,,0,,,
ap-yXxcAQPhR4WRVkUd4thsUc,2026-10-01T01:54:10+00:00,prefill,10,,0.22,,716.95,0,1,924,8704
ap-yXxcAQPhR4WRVkUd4thsUc,2026-10-01T01:54:10+00:00,decode,11,163025,0.22,596.65,,0,,,
ap-yXxcAQPhR4WRVkUd4thsUc,2026-10-01T01:54:11+00:00,decode,9,130221,0.17,626.8,,0,,,
ap-yXxcAQPhR4WRVkUd4thsUc,2026-10-01T01:54:11+00:00,decode,8,114438,0.15,579.76,,0,,,
ap-yXxcAQPhR4WRVkUd4thsUc,2026-10-01T01:54:11+00:00,prefill,8,,0.17,,361.58,0,1,520,11264
ap-yXxcAQPhR4WRVkUd4thsUc,2026-10-01T01:54:11+00:00,prefill,9,,0.17,,6998.35,0,1,782,15616
ap-yXxcAQPhR4WRVkUd4thsUc,2026-10-01T01:54:12+00:00,prefill,9,,0.18,,387.87,0,1,101,8448
ap-yXxcAQPhR4WRVkUd4thsUc,2026-10-01T01:54:12+00:00,decode,10,137600,0.18,477.06,,0,,,
ap-yXxcAQPhR4WRVkUd4thsUc,2026-10-01T01:54:12+00:00,prefill,10,,0.19,,948.41,0,1,258,5376
ap-yXxcAQPhR4WRVkUd4thsUc,2026-10-01T01:54:12+00:00,prefill,11,,0.22,,926.02,0,1,343,20224
ap-yXxcAQPhR4WRVkUd4thsUc,2026-10-01T01:54:12+00:00,prefill,12,,0.25,,3638.77,0,1,382,23040
ap-yXxcAQPhR4WRVkUd4thsUc,2026-10-01T01:54:13+00:00,decode,13,185271,0.25,632.65,,0,,,
ap-yXxcAQPhR4WRVkUd4thsUc,2026-10-01T01:54:13+00:00,prefill,13,,0.29,,661.7,0,1,519,26944
ap-yXxcAQPhR4WRVkUd4thsUc,2026-10-01T01:54:13+00:00,prefill,14,,0.32,,4257.45,0,1,431,25856
ap-yXxcAQPhR4WRVkUd4thsUc,2026-10-01T01:54:13+00:00,decode,15,238176,0.32,695.48,,0,,,
ap-yXxcAQPhR4WRVkUd4thsUc,2026-10-01T01:54:14+00:00,decode,12,209269,0.28,814.85,,0,,,
ap-yXxcAQPhR4WRVkUd4thsUc,2026-10-01T01:54:15+00:00,prefill,9,,0.23,,481.17,0,1,566,16640
ap-yXxcAQPhR4WRVkUd4thsUc,2026-10-01T01:54:15+00:00,decode,9,150039,0.2,588.23,,0,,,
ap-yXxcAQPhR4WRVkUd4thsUc,2026-10-01T01:54:15+00:00,decode,7,106924,0.14,584.91,,0,,,
ap-yXxcAQPhR4WRVkUd4thsUc,2026-10-01T01:54:16+00:00,prefill,7,,0.15,,476.43,0,1,513,7936
ap-yXxcAQPhR4WRVkUd4thsUc,2026-10-01T01:54:16+00:00,decode,8,114799,0.15,493.34,,0,,,
ap-yXxcAQPhR4WRVkUd4thsUc,2026-10-01T01:54:16+00:00,decode,5,78388,0.11,478.51,,0,,,
ap-yXxcAQPhR4WRVkUd4thsUc,2026-10-01T01:54:17+00:00,prefill,4,,0.1,,129.27,0,1,173,20544
ap-yXxcAQPhR4WRVkUd4thsUc,2026-10-01T01:54:17+00:00,prefill,5,,0.13,,7886.75,0,1,1578,16128
ap-yXxcAQPhR4WRVkUd4thsUc,2026-10-01T01:54:17+00:00,prefill,6,,0.16,,6008.36,0,1,391,23360
ap-yXxcAQPhR4WRVkUd4thsUc,2026-10-01T01:54:17+00:00,decode,7,116560,0.16,240.48,,0,,,
ap-yXxcAQPhR4WRVkUd4thsUc,2026-10-01T01:54:18+00:00,prefill,7,,0.18,,1212.06,0,1,415,16640
ap-yXxcAQPhR4WRVkUd4thsUc,2026-10-01T01:54:18+00:00,prefill,8,,0.19,,1740.4,0,1,342,8448
ap-yXxcAQPhR4WRVkUd4thsUc,2026-10-01T01:54:18+00:00,decode,8,120717,0.16,463.87,,0,,,
ap-yXxcAQPhR4WRVkUd4thsUc,2026-10-01T01:54:18+00:00,prefill,8,,0.2,,1093.35,0,1,416,26240
ap-yXxcAQPhR4WRVkUd4thsUc,2026-10-01T01:54:18+00:00,prefill,9,,0.21,,8537.5,0,1,703,15296
ap-yXxcAQPhR4WRVkUd4thsUc,2026-10-01T01:54:19+00:00,decode,10,160270,0.22,522.73,,0,,,
ap-yXxcAQPhR4WRVkUd4thsUc,2026-10-01T01:54:19+00:00,prefill,9,,0.22,,775.33,0,1,505,27456
ap-yXxcAQPhR4WRVkUd4thsUc,2026-10-01T01:54:19+00:00,prefill,10,,0.24,,6444.15,0,1,359,17152
ap-yXxcAQPhR4WRVkUd4thsUc,2026-10-01T01:54:19+00:00,decode,11,155954,0.21,584.93,,0,,,
ap-yXxcAQPhR4WRVkUd4thsUc,2026-10-01T01:54:19+00:00,prefill,10,,0.24,,683.25,0,1,338,21760
ap-yXxcAQPhR4WRVkUd4thsUc,2026-10-01T01:54:20+00:00,prefill,11,,0.25,,2606.67,0,1,958,11776
ap-yXxcAQPhR4WRVkUd4thsUc,2026-10-01T01:54:20+00:00,decode,12,188320,0.25,604.52,,0,,,
ap-yXxcAQPhR4WRVkUd4thsUc,2026-10-01T01:54:20+00:00,prefill,11,,0.25,,444.36,0,1,255,8704
ap-yXxcAQPhR4WRVkUd4thsUc,2026-10-01T01:54:21+00:00,prefill,12,,0.27,,3182.98,0,1,484,20736
ap-yXxcAQPhR4WRVkUd4thsUc,2026-10-01T01:54:21+00:00,decode,13,204293,0.27,667.07,,0,,,
ap-yXxcAQPhR4WRVkUd4thsUc,2026-10-01T01:54:21+00:00,decode,11,173621,0.23,779.37,,0,,,
ap-yXxcAQPhR4WRVkUd4thsUc,2026-10-01T01:54:22+00:00,prefill,11,,0.26,,237.62,0,1,272,23808
ap-yXxcAQPhR4WRVkUd4thsUc,2026-10-01T01:54:22+00:00,decode,12,197128,0.26,699.75,,0,,,
ap-yXxcAQPhR4WRVkUd4thsUc,2026-10-01T01:54:23+00:00,decode,11,183294,0.25,741.96,,0,,,
ap-yXxcAQPhR4WRVkUd4thsUc,2026-10-01T01:54:23+00:00,prefill,11,,0.28,,331.75,0,1,441,26624
ap-yXxcAQPhR4WRVkUd4thsUc,2026-10-01T01:54:23+00:00,prefill,11,,0.27,,3764.12,0,1,411,15936
ap-yXxcAQPhR4WRVkUd4thsUc,2026-10-01T01:54:24+00:00,decode,12,190048,0.25,628.69,,0,,,
ap-yXxcAQPhR4WRVkUd4thsUc,2026-10-01T01:54:24+00:00,prefill,8,,0.2,,443.76,0,1,393,21248
ap-yXxcAQPhR4WRVkUd4thsUc,2026-10-01T01:54:24+00:00,decode,9,146092,0.2,574.04,,0,,,
ap-yXxcAQPhR4WRVkUd4thsUc,2026-10-01T01:54:25+00:00,decode,9,146452,0.2,606.65,,0,,,
ap-yXxcAQPhR4WRVkUd4thsUc,2026-10-01T01:54:25+00:00,prefill,9,,0.23,,743.51,0,1,953,13952
ap-yXxcAQPhR4WRVkUd4thsUc,2026-10-01T01:54:25+00:00,prefill,10,,0.23,,24656.77,0,1,591,8960
ap-yXxcAQPhR4WRVkUd4thsUc,2026-10-01T01:54:25+00:00,decode,11,169732,0.23,516.02,,0,,,
ap-yXxcAQPhR4WRVkUd4thsUc,2026-10-01T01:54:26+00:00,prefill,11,,0.26,,661.91,0,1,345,24064
ap-yXxcAQPhR4WRVkUd4thsUc,2026-10-01T01:54:26+00:00,decode,11,184834,0.25,684.54,,0,,,
ap-yXxcAQPhR4WRVkUd4thsUc,2026-10-01T01:54:27+00:00,prefill,10,,0.26,,1012.62,0,1,715,27008
ap-yXxcAQPhR4WRVkUd4thsUc,2026-10-01T01:54:27+00:00,prefill,11,,0.29,,3526.78,0,1,403,28160
ap-yXxcAQPhR4WRVkUd4thsUc,2026-10-01T01:54:27+00:00,prefill,12,,0.29,,4278.73,0,1,383,16384
ap-yXxcAQPhR4WRVkUd4thsUc,2026-10-01T01:54:27+00:00,decode,12,215084,0.29,560.4,,0,,,
ap-yXxcAQPhR4WRVkUd4thsUc,2026-10-01T01:54:28+00:00,prefill,10,,0.25,,428.09,0,1,356,9536
ap-yXxcAQPhR4WRVkUd4thsUc,2026-10-01T01:54:28+00:00,decode,11,185234,0.25,644.25,,0,,,
ap-yXxcAQPhR4WRVkUd4thsUc,2026-10-01T01:54:28+00:00,decode,8,112984,0.15,644.84,,0,,,
ap-yXxcAQPhR4WRVkUd4thsUc,2026-10-01T01:54:29+00:00,decode,7,97087,0.13,520.95,,0,,,
ap-yXxcAQPhR4WRVkUd4thsUc,2026-10-01T01:54:29+00:00,prefill,7,,0.16,,425.89,0,1,781,22272
ap-yXxcAQPhR4WRVkUd4thsUc,2026-10-01T01:54:29+00:00,decode,8,119735,0.16,445.91,,0,,,
ap-yXxcAQPhR4WRVkUd4thsUc,2026-10-01T01:54:30+00:00,prefill,8,,0.18,,1183.92,0,1,348,14848
ap-yXxcAQPhR4WRVkUd4thsUc,2026-10-01T01:54:30+00:00,decode,9,134590,0.18,558.67,,0,,,
ap-yXxcAQPhR4WRVkUd4thsUc,2026-10-01T01:54:30+00:00,prefill,9,,0.21,,440.41,0,1,354,24384
ap-yXxcAQPhR4WRVkUd4thsUc,2026-10-01T01:54:31+00:00,decode,10,158658,0.21,588.36,,0,,,
ap-yXxcAQPhR4WRVkUd4thsUc,2026-10-01T01:54:31+00:00,prefill,10,,0.24,,1293.93,0,1,413,17920
ap-yXxcAQPhR4WRVkUd4thsUc,2026-10-01T01:54:31+00:00,prefill,9,,0.23,,1702.64,0,1,557,21760
ap-yXxcAQPhR4WRVkUd4thsUc,2026-10-01T01:54:31+00:00,prefill,10,,0.26,,3155.12,0,1,389,16704
ap-yXxcAQPhR4WRVkUd4thsUc,2026-10-01T01:54:31+00:00,decode,11,168770,0.23,541.28,,0,,,
ap-yXxcAQPhR4WRVkUd4thsUc,2026-10-01T01:54:32+00:00,prefill,10,,0.24,,1364.42,0,1,450,27712
ap-yXxcAQPhR4WRVkUd4thsUc,2026-10-01T01:54:32+00:00,prefill,10,,0.28,,3579.19,0,1,329,28544
ap-yXxcAQPhR4WRVkUd4thsUc,2026-10-01T01:54:32+00:00,decode,10,190305,0.26,560.11,,0,,,
ap-yXxcAQPhR4WRVkUd4thsUc,2026-10-01T01:54:33+00:00,decode,8,138968,0.19,585.25,,0,,,
ap-yXxcAQPhR4WRVkUd4thsUc,2026-10-01T01:54:33+00:00,prefill,6,,0.15,,812.34,0,1,1179,15168
ap-yXxcAQPhR4WRVkUd4thsUc,2026-10-01T01:54:33+00:00,decode,6,100755,0.14,378.93,,0,,,
ap-yXxcAQPhR4WRVkUd4thsUc,2026-10-01T01:54:34+00:00,decode,4,63461,0.09,383.29,,0,,,
ap-yXxcAQPhR4WRVkUd4thsUc,2026-10-01T01:54:34+00:00,prefill,4,,0.1,,564.89,0,1,669,9984
ap-yXxcAQPhR4WRVkUd4thsUc,2026-10-01T01:54:34+00:00,prefill,5,,0.12,,9889.76,0,1,1231,17664
ap-yXxcAQPhR4WRVkUd4thsUc,2026-10-01T01:54:35+00:00,prefill,6,,0.15,,1634.26,0,1,335,23040
ap-yXxcAQPhR4WRVkUd4thsUc,2026-10-01T01:54:35+00:00,prefill,7,,0.19,,2279.29,0,1,235,24832
ap-yXxcAQPhR4WRVkUd4thsUc,2026-10-01T01:54:35+00:00,decode,8,138360,0.19,263.54,,0,,,
ap-yXxcAQPhR4WRVkUd4thsUc,2026-10-01T01:54:35+00:00,prefill,7,,0.2,,537.31,0,1,332,18304
ap-yXxcAQPhR4WRVkUd4thsUc,2026-10-01T01:54:35+00:00,decode,8,146797,0.2,502.07,,0,,,
ap-yXxcAQPhR4WRVkUd4thsUc,2026-10-01T01:54:36+00:00,prefill,8,,0.22,,279.53,0,1,170,16384
ap-yXxcAQPhR4WRVkUd4thsUc,2026-10-01T01:54:36+00:00,decode,9,162987,0.22,516.46,,0,,,
ap-yXxcAQPhR4WRVkUd4thsUc,2026-10-01T01:54:36+00:00,prefill,9,,0.26,,3528.7,0,1,706,28160
ap-yXxcAQPhR4WRVkUd4thsUc,2026-10-01T01:54:36+00:00,prefill,10,,0.29,,6991.34,0,1,567,22272
ap-yXxcAQPhR4WRVkUd4thsUc,2026-10-01T01:54:36+00:00,prefill,11,,0.33,,5230.57,0,1,632,28928
ap-yXxcAQPhR4WRVkUd4thsUc,2026-10-01T01:54:37+00:00,prefill,11,,0.33,,3054.18,0,1,786,9472
ap-yXxcAQPhR4WRVkUd4thsUc,2026-10-01T01:54:37+00:00,prefill,12,,0.33,,45617.48,0,1,370,10624
ap-yXxcAQPhR4WRVkUd4thsUc,2026-10-01T01:54:37+00:00,decode,12,222273,0.3,460.22,,0,,,
ap-yXxcAQPhR4WRVkUd4thsUc,2026-10-01T01:54:37+00:00,prefill,12,,0.29,,777.92,0,1,326,17152
ap-yXxcAQPhR4WRVkUd4thsUc,2026-10-01T01:54:37+00:00,prefill,11,,0.28,,1018.71,0,1,270,22528
ap-yXxcAQPhR4WRVkUd4thsUc,2026-10-01T01:54:38+00:00,decode,9,142160,0.19,606.63,,0,,,
ap-yXxcAQPhR4WRVkUd4thsUc,2026-10-01T01:54:38+00:00,decode,8,125650,0.17,569.96,,0,,,
ap-yXxcAQPhR4WRVkUd4thsUc,2026-10-01T01:54:39+00:00,decode,8,125970,0.17,561.6,,0,,,
ap-yXxcAQPhR4WRVkUd4thsUc,2026-10-01T01:54:39+00:00,prefill,7,,0.19,,174.31,0,1,308,25088
ap-yXxcAQPhR4WRVkUd4thsUc,2026-10-01T01:54:39+00:00,prefill,8,,0.21,,2780.94,0,1,672,16512
ap-yXxcAQPhR4WRVkUd4thsUc,2026-10-01T01:54:40+00:00,decode,9,172506,0.23,448.76,,0,,,
ap-yXxcAQPhR4WRVkUd4thsUc,2026-10-01T01:54:40+00:00,prefill,9,,0.23,,1669.23,0,1,405,17472
ap-yXxcAQPhR4WRVkUd4thsUc,2026-10-01T01:54:40+00:00,prefill,10,,0.26,,760.3,0,1,276,18688
ap-yXxcAQPhR4WRVkUd4thsUc,2026-10-01T01:54:40+00:00,decode,11,176085,0.24,616.65,,0,,,
ap-yXxcAQPhR4WRVkUd4thsUc,2026-10-01T01:54:41+00:00,decode,9,158148,0.21,634.87,,0,,,
ap-yXxcAQPhR4WRVkUd4thsUc,2026-10-01T01:54:41+00:00,prefill,9,,0.25,,685.35,0,1,721,29504
ap-yXxcAQPhR4WRVkUd4thsUc,2026-10-01T01:54:41+00:00,prefill,10,,0.27,,2127.59,0,1,443,16000
ap-yXxcAQPhR4WRVkUd4thsUc,2026-10-01T01:54:41+00:00,prefill,11,,0.28,,3665.07,0,1,430,28864
ap-yXxcAQPhR4WRVkUd4thsUc,2026-10-01T01:54:42+00:00,decode,11,207424,0.28,515.17,,0,,,
ap-yXxcAQPhR4WRVkUd4thsUc,2026-10-01T01:54:42+00:00,prefill,8,,0.19,,280.41,0,1,218,17856
ap-yXxcAQPhR4WRVkUd4thsUc,2026-10-01T01:54:42+00:00,decode,7,116723,0.16,581.41,,0,,,
ap-yXxcAQPhR4WRVkUd4thsUc,2026-10-01T01:54:43+00:00,decode,5,84269,0.11,455.08,,0,,,
ap-yXxcAQPhR4WRVkUd4thsUc,2026-10-01T01:54:43+00:00,decode,5,84469,0.11,378.4,,0,,,
ap-yXxcAQPhR4WRVkUd4thsUc,2026-10-01T01:54:43+00:00,prefill,5,,0.15,,281.78,0,1,381,25344
ap-yXxcAQPhR4WRVkUd4thsUc,2026-10-01T01:54:44+00:00,prefill,6,,0.16,,1511.67,0,1,491,11264
ap-yXxcAQPhR4WRVkUd4thsUc,2026-10-01T01:54:44+00:00,decode,7,120286,0.16,395.88,,0,,,
ap-yXxcAQPhR4WRVkUd4thsUc,2026-10-01T01:54:44+00:00,prefill,7,,0.19,,1126.51,0,1,582,18944
ap-yXxcAQPhR4WRVkUd4thsUc,2026-10-01T01:54:44+00:00,prefill,8,,0.21,,2122.11,0,1,407,18048
ap-yXxcAQPhR4WRVkUd4thsUc,2026-10-01T01:54:45+00:00,prefill,9,,0.23,,3692.92,0,1,374,17152
ap-yXxcAQPhR4WRVkUd4thsUc,2026-10-01T01:54:45+00:00,prefill,9,,0.23,,1827.91,0,1,263,10240
ap-yXxcAQPhR4WRVkUd4thsUc,2026-10-01T01:54:45+00:00,prefill,10,,0.25,,3120.98,0,1,386,16384
ap-yXxcAQPhR4WRVkUd4thsUc,2026-10-01T01:54:45+00:00,decode,11,186367,0.25,405.08,,0,,,
ap-yXxcAQPhR4WRVkUd4thsUc,2026-10-01T01:54:46+00:00,decode,10,201275,0.27,651.29,,0,,,
ap-yXxcAQPhR4WRVkUd4thsUc,2026-10-01T01:54:46+00:00,prefill,10,,0.27,,948.3,0,1,682,30208
ap-yXxcAQPhR4WRVkUd4thsUc,2026-10-01T01:54:46+00:00,prefill,11,,0.3,,7996.2,0,1,722,23552
ap-yXxcAQPhR4WRVkUd4thsUc,2026-10-01T01:54:46+00:00,prefill,10,,0.29,,1015.96,0,1,499,29248
ap-yXxcAQPhR4WRVkUd4thsUc,2026-10-01T01:54:46+00:00,prefill,11,,0.29,,2688.33,0,1,320,11776
ap-yXxcAQPhR4WRVkUd4thsUc,2026-10-01T01:54:46+00:00,decode,11,212736,0.29,491.97,,0,,,
ap-yXxcAQPhR4WRVkUd4thsUc,2026-10-01T01:54:47+00:00,decode,6,108233,0.15,621.32,,0,,,
ap-yXxcAQPhR4WRVkUd4thsUc,2026-10-01T01:54:47+00:00,prefill,6,,0.17,,243.11,0,1,205,18432
ap-yXxcAQPhR4WRVkUd4thsUc,2026-10-01T01:54:48+00:00,decode,6,96137,0.13,435.73,,0,,,
ap-yXxcAQPhR4WRVkUd4thsUc,2026-10-01T01:54:48+00:00,prefill,6,,0.16,,453.09,0,1,390,25664
ap-yXxcAQPhR4WRVkUd4thsUc,2026-10-01T01:54:48+00:00,decode,7,121404,0.16,425.5,,0,,,
ap-yXxcAQPhR4WRVkUd4thsUc,2026-10-01T01:54:49+00:00,decode,6,102974,0.14,465.14,,0,,,
ap-yXxcAQPhR4WRVkUd4thsUc,2026-10-01T01:54:49+00:00,prefill,6,,0.16,,267.29,0,1,318,16768
ap-yXxcAQPhR4WRVkUd4thsUc,2026-10-01T01:54:49+00:00,prefill,7,,0.18,,3974.01,0,1,434,17472
ap-yXxcAQPhR4WRVkUd4thsUc,2026-10-01T01:54:49+00:00,prefill,8,,0.2,,6306.87,0,1,346,17664
ap-yXxcAQPhR4WRVkUd4thsUc,2026-10-01T01:54:49+00:00,prefill,9,,0.22,,3246.41,0,1,520,8960
ap-yXxcAQPhR4WRVkUd4thsUc,2026-10-01T01:54:49+00:00,decode,10,160308,0.22,361.27,,0,,,
ap-yXxcAQPhR4WRVkUd4thsUc,2026-10-01T01:54:50+00:00,prefill,10,,0.25,,897.51,0,1,354,24320
ap-yXxcAQPhR4WRVkUd4thsUc,2026-10-01T01:54:50+00:00,decode,10,159208,0.21,619.06,,0,,,
ap-yXxcAQPhR4WRVkUd4thsUc,2026-10-01T01:54:50+00:00,prefill,10,,0.24,,1015.69,0,1,474,19520
ap-yXxcAQPhR4WRVkUd4thsUc,2026-10-01T01:54:51+00:00,prefill,10,,0.26,,2216.65,0,1,691,29696
ap-yXxcAQPhR4WRVkUd4thsUc,2026-10-01T01:54:51+00:00,prefill,11,,0.29,,6718.39,0,1,1801,19712
ap-yXxcAQPhR4WRVkUd4thsUc,2026-10-01T01:54:51+00:00,prefill,12,,0.33,,5149.59,0,1,332,30976
ap-yXxcAQPhR4WRVkUd4thsUc,2026-10-01T01:54:51+00:00,decode,13,243290,0.33,451.79,,0,,,
ap-yXxcAQPhR4WRVkUd4thsUc,2026-10-01T01:54:52+00:00,prefill,10,,0.27,,276.93,0,1,199,10496
ap-yXxcAQPhR4WRVkUd4thsUc,2026-10-01T01:54:52+00:00,decode,11,198620,0.27,678.14,,0,,,
ap-yXxcAQPhR4WRVkUd4thsUc,2026-10-01T01:54:52+00:00,prefill,10,,0.29,,647.3,0,1,271,26112
ap-yXxcAQPhR4WRVkUd4thsUc,2026-10-01T01:54:53+00:00,decode,10,182130,0.24,621.54,,0,,,
ap-yXxcAQPhR4WRVkUd4thsUc,2026-10-01T01:54:53+00:00,decode,8,148271,0.2,600.78,,0,,,
ap-yXxcAQPhR4WRVkUd4thsUc,2026-10-01T01:54:54+00:00,prefill,8,,0.22,,397.04,0,1,569,12288
ap-yXxcAQPhR4WRVkUd4thsUc,2026-10-01T01:54:54+00:00,prefill,9,,0.24,,3444.28,0,1,288,17152
ap-yXxcAQPhR4WRVkUd4thsUc,2026-10-01T01:54:54+00:00,decode,10,177349,0.24,496.2,,0,,,
ap-yXxcAQPhR4WRVkUd4thsUc,2026-10-01T01:54:54+00:00,decode,7,119195,0.16,586.6,,0,,,
ap-yXxcAQPhR4WRVkUd4thsUc,2026-10-01T01:54:55+00:00,decode,6,105787,0.14,478.82,,0,,,
ap-yXxcAQPhR4WRVkUd4thsUc,2026-10-01T01:54:55+00:00,prefill,6,,0.18,,214.66,0,1,344,26368
ap-yXxcAQPhR4WRVkUd4thsUc,2026-10-01T01:54:56+00:00,decode,6,136828,0.18,404.24,,0,,,
ap-yXxcAQPhR4WRVkUd4thsUc,2026-10-01T01:54:56+00:00,prefill,6,,0.18,,645.68,0,1,234,24832
ap-yXxcAQPhR4WRVkUd4thsUc,2026-10-01T01:54:56+00:00,prefill,7,,0.2,,6832.34,0,1,398,12800
ap-yXxcAQPhR4WRVkUd4thsUc,2026-10-01T01:54:56+00:00,prefill,8,,0.24,,3113.02,0,1,475,30336
ap-yXxcAQPhR4WRVkUd4thsUc,2026-10-01T01:54:56+00:00,prefill,9,,0.28,,3457.12,0,1,395,31296
ap-yXxcAQPhR4WRVkUd4thsUc,2026-10-01T01:54:56+00:00,decode,10,210664,0.28,478.71,,0,,,
ap-yXxcAQPhR4WRVkUd4thsUc,2026-10-01T01:54:57+00:00,prefill,10,,0.31,,1528.25,0,1,913,21504
ap-yXxcAQPhR4WRVkUd4thsUc,2026-10-01T01:54:57+00:00,decode,10,202278,0.27,548.61,,0,,,
ap-yXxcAQPhR4WRVkUd4thsUc,2026-10-01T01:54:58+00:00,decode,9,176866,0.24,605.43,,0,,,
ap-yXxcAQPhR4WRVkUd4thsUc,2026-10-01T01:54:58+00:00,prefill,7,,0.18,,292.55,0,1,536,10752
ap-yXxcAQPhR4WRVkUd4thsUc,2026-10-01T01:54:58+00:00,decode,8,134829,0.18,497.6,,0,,,
ap-yXxcAQPhR4WRVkUd4thsUc,2026-10-01T01:54:59+00:00,decode,7,111735,0.15,506.27,,0,,,
ap-yXxcAQPhR4WRVkUd4thsUc,2026-10-01T01:54:59+00:00,prefill,7,,0.18,,1523.53,0,1,1322,22784
ap-yXxcAQPhR4WRVkUd4thsUc,2026-10-01T01:54:59+00:00,prefill,8,,0.24,,3275.62,0,1,281,22400
ap-yXxcAQPhR4WRVkUd4thsUc,2026-10-01T01:54:59+00:00,prefill,9,,0.24,,15722.59,0,1,643,20224
ap-yXxcAQPhR4WRVkUd4thsUc,2026-10-01T01:55:00+00:00,prefill,9,,0.26,,1152.6,0,1,353,26688
ap-yXxcAQPhR4WRVkUd4thsUc,2026-10-01T01:55:00+00:00,decode,10,193031,0.26,400.91,,0,,,
ap-yXxcAQPhR4WRVkUd4thsUc,2026-10-01T01:55:00+00:00,prefill,10,,0.3,,686.98,0,1,509,30784
ap-yXxcAQPhR4WRVkUd4thsUc,2026-10-01T01:55:01+00:00,decode,10,206884,0.28,582.2,,0,,,
ap-yXxcAQPhR4WRVkUd4thsUc,2026-10-01T01:55:01+00:00,decode,9,176626,0.24,616.46,,0,,,
ap-yXxcAQPhR4WRVkUd4thsUc,2026-10-01T01:55:02+00:00,prefill,8,,0.26,,691.97,0,1,843,31744
ap-yXxcAQPhR4WRVkUd4thsUc,2026-10-01T01:55:02+00:00,decode,7,145356,0.2,476.85,,0,,,
ap-yXxcAQPhR4WRVkUd4thsUc,2026-10-01T01:55:02+00:00,decode,6,123450,0.17,453.34,,0,,,
ap-yXxcAQPhR4WRVkUd4thsUc,2026-10-01T01:55:03+00:00,prefill,6,,0.18,,603.67,0,1,647,13312
ap-yXxcAQPhR4WRVkUd4thsUc,2026-10-01T01:55:03+00:00,decode,7,136802,0.18,423.12,,0,,,
ap-yXxcAQPhR4WRVkUd4thsUc,2026-10-01T01:55:03+00:00,prefill,7,,0.21,,1765.04,0,1,1090,21248
ap-yXxcAQPhR4WRVkUd4thsUc,2026-10-01T01:55:04+00:00,decode,7,145618,0.2,420.13,,0,,,
ap-yXxcAQPhR4WRVkUd4thsUc,2026-10-01T01:55:04+00:00,prefill,7,,0.23,,315.52,0,1,234,27136
ap-yXxcAQPhR4WRVkUd4thsUc,2026-10-01T01:55:04+00:00,prefill,7,,0.22,,857.41,0,1,246,22784
ap-yXxcAQPhR4WRVkUd4thsUc,2026-10-01T01:55:04+00:00,decode,7,140801,0.19,448.8,,0,,,
ap-yXxcAQPhR4WRVkUd4thsUc,2026-10-01T01:55:05+00:00,prefill,7,,0.21,,777.89,0,1,348,13952
ap-yXxcAQPhR4WRVkUd4thsUc,2026-10-01T01:55:05+00:00,prefill,8,,0.25,,3895.88,0,1,635,31232
ap-yXxcAQPhR4WRVkUd4thsUc,2026-10-01T01:55:05+00:00,prefill,9,,0.26,,3128.46,0,1,688,11264
ap-yXxcAQPhR4WRVkUd4thsUc,2026-10-01T01:55:05+00:00,decode,10,196995,0.26,418.37,,0,,,
ap-yXxcAQPhR4WRVkUd4thsUc,2026-10-01T01:55:05+00:00,prefill,10,,0.3,,2127.91,0,1,588,25344
ap-yXxcAQPhR4WRVkUd4thsUc,2026-10-01T01:55:06+00:00,decode,11,222673,0.3,601.95,,0,,,
ap-yXxcAQPhR4WRVkUd4thsUc,2026-10-01T01:55:07+00:00,decode,8,144748,0.19,624.75,,0,,,
ap-yXxcAQPhR4WRVkUd4thsUc,2026-10-01T01:55:07+00:00,decode,8,145068,0.19,545.92,,0,,,
ap-yXxcAQPhR4WRVkUd4thsUc,2026-10-01T01:55:08+00:00,prefill,8,,0.24,,223.25,0,1,536,32576
ap-yXxcAQPhR4WRVkUd4thsUc,2026-10-01T01:55:08+00:00,decode,9,177814,0.24,488.83,,0,,,
ap-yXxcAQPhR4WRVkUd4thsUc,2026-10-01T01:55:08+00:00,prefill,9,,0.27,,524.77,0,1,307,27392
ap-yXxcAQPhR4WRVkUd4thsUc,2026-10-01T01:55:09+00:00,decode,10,204837,0.27,550.69,,0,,,
ap-yXxcAQPhR4WRVkUd4thsUc,2026-10-01T01:55:09+00:00,decode,9,179759,0.24,594.13,,0,,,
ap-yXxcAQPhR4WRVkUd4thsUc,2026-10-01T01:55:10+00:00,decode,8,163793,0.22,569.42,,0,,,
ap-yXxcAQPhR4WRVkUd4thsUc,2026-10-01T01:55:10+00:00,decode,6,123565,0.17,512.52,,0,,,
ap-yXxcAQPhR4WRVkUd4thsUc,2026-10-01T01:55:11+00:00,prefill,6,,0.21,,287.57,0,1,601,31808
ap-yXxcAQPhR4WRVkUd4thsUc,2026-10-01T01:55:11+00:00,prefill,7,,0.24,,6486.99,0,1,414,21248
ap-yXxcAQPhR4WRVkUd4thsUc,2026-10-01T01:55:11+00:00,decode,8,176573,0.24,425.55,,0,,,
ap-yXxcAQPhR4WRVkUd4thsUc,2026-10-01T01:55:12+00:00,prefill,5,,0.14,,464.81,0,1,469,14592
ap-yXxcAQPhR4WRVkUd4thsUc,2026-10-01T01:55:12+00:00,decode,6,86145,0.12,399.26,,0,,,
ap-yXxcAQPhR4WRVkUd4thsUc,2026-10-01T01:55:12+00:00,prefill,5,,0.14,,3636.13,0,1,879,17856
ap-yXxcAQPhR4WRVkUd4thsUc,2026-10-01T01:55:12+00:00,decode,6,90200,0.12,372.52,,0,,,
ap-yXxcAQPhR4WRVkUd4thsUc,2026-10-01T01:55:12+00:00,prefill,5,,0.16,,528.5,0,1,313,26112
ap-yXxcAQPhR4WRVkUd4thsUc,2026-10-01T01:55:13+00:00,prefill,6,,0.19,,1002.06,0,1,380,27648
ap-yXxcAQPhR4WRVkUd4thsUc,2026-10-01T01:55:13+00:00,decode,7,143174,0.19,385.71,,0,,,
ap-yXxcAQPhR4WRVkUd4thsUc,2026-10-01T01:55:14+00:00,decode,6,125287,0.17,429.97,,0,,,
ap-yXxcAQPhR4WRVkUd4thsUc,2026-10-01T01:55:14+00:00,prefill,6,,0.19,,333.38,0,1,298,15104
ap-yXxcAQPhR4WRVkUd4thsUc,2026-10-01T01:55:14+00:00,decode,7,140085,0.19,444.49,,0,,,
ap-yXxcAQPhR4WRVkUd4thsUc,2026-10-01T01:55:15+00:00,prefill,7,,0.21,,281.36,0,1,255,18624
ap-yXxcAQPhR4WRVkUd4thsUc,2026-10-01T01:55:15+00:00,prefill,7,,0.22,,2424.67,0,1,474,33280
ap-yXxcAQPhR4WRVkUd4thsUc,2026-10-01T01:55:15+00:00,prefill,8,,0.25,,3396.16,0,1,291,21632
ap-yXxcAQPhR4WRVkUd4thsUc,2026-10-01T01:55:15+00:00,decode,9,185763,0.25,398.83,,0,,,
ap-yXxcAQPhR4WRVkUd4thsUc,2026-10-01T01:55:15+00:00,prefill,9,,0.27,,4386.86,0,1,881,18688
ap-yXxcAQPhR4WRVkUd4thsUc,2026-10-01T01:55:16+00:00,prefill,9,,0.29,,965.57,0,1,495,32384
ap-yXxcAQPhR4WRVkUd4thsUc,2026-10-01T01:55:16+00:00,prefill,10,,0.3,,2822.09,0,1,283,5632
ap-yXxcAQPhR4WRVkUd4thsUc,2026-10-01T01:55:16+00:00,decode,11,224226,0.3,474.8,,0,,,
ap-yXxcAQPhR4WRVkUd4thsUc,2026-10-01T01:55:16+00:00,decode,9,171107,0.23,632.15,,0,,,
ap-yXxcAQPhR4WRVkUd4thsUc,2026-10-01T01:55:17+00:00,prefill,7,,0.22,,295.47,0,1,389,27968
ap-yXxcAQPhR4WRVkUd4thsUc,2026-10-01T01:55:17+00:00,decode,8,167455,0.22,495.18,,0,,,
ap-yXxcAQPhR4WRVkUd4thsUc,2026-10-01T01:55:17+00:00,prefill,8,,0.25,,1194.75,0,1,416,18816
ap-yXxcAQPhR4WRVkUd4thsUc,2026-10-01T01:55:18+00:00,decode,9,184239,0.25,515.01,,0,,,
ap-yXxcAQPhR4WRVkUd4thsUc,2026-10-01T01:55:18+00:00,decode,8,172528,0.23,553.62,,0,,,
ap-yXxcAQPhR4WRVkUd4thsUc,2026-10-01T01:55:19+00:00,prefill,6,,0.18,,75.25,0,1,112,9600
ap-yXxcAQPhR4WRVkUd4thsUc,2026-10-01T01:55:19+00:00,decode,7,135500,0.18,440.3,,0,,,
ap-yXxcAQPhR4WRVkUd4thsUc,2026-10-01T01:55:19+00:00,decode,5,93427,0.13,402.6,,0,,,
ap-yXxcAQPhR4WRVkUd4thsUc,2026-10-01T01:55:20+00:00,prefill,5,,0.15,,395.86,0,1,383,21888
ap-yXxcAQPhR4WRVkUd4thsUc,2026-10-01T01:55:20+00:00,decode,6,115229,0.15,368.61,,0,,,
ap-yXxcAQPhR4WRVkUd4thsUc,2026-10-01T01:55:20+00:00,prefill,6,,0.19,,1105.6,0,1,411,26624
ap-yXxcAQPhR4WRVkUd4thsUc,2026-10-01T01:55:20+00:00,prefill,7,,0.23,,3382.63,0,1,594,32832
ap-yXxcAQPhR4WRVkUd4thsUc,2026-10-01T01:55:21+00:00,decode,7,157953,0.21,410.94,,0,,,
ap-yXxcAQPhR4WRVkUd4thsUc,2026-10-01T01:55:21+00:00,prefill,7,,0.23,,1009.16,0,1,547,15616
ap-yXxcAQPhR4WRVkUd4thsUc,2026-10-01T01:55:21+00:00,prefill,6,,0.2,,690.59,0,1,270,28416
ap-yXxcAQPhR4WRVkUd4thsUc,2026-10-01T01:55:21+00:00,decode,7,146718,0.2,403.84,,0,,,
ap-yXxcAQPhR4WRVkUd4thsUc,2026-10-01T01:55:22+00:00,decode,6,131638,0.18,441.97,,0,,,
ap-yXxcAQPhR4WRVkUd4thsUc,2026-10-01T01:55:22+00:00,prefill,6,,0.19,,434.31,0,1,518,33792
ap-yXxcAQPhR4WRVkUd4thsUc,2026-10-01T01:55:23+00:00,prefill,5,,0.19,,2073.14,0,1,553,19200
ap-yXxcAQPhR4WRVkUd4thsUc,2026-10-01T01:55:23+00:00,prefill,6,,0.19,,19892.94,0,1,516,12800
ap-yXxcAQPhR4WRVkUd4thsUc,2026-10-01T01:55:23+00:00,decode,7,143758,0.19,308.22,,0,,,
ap-yXxcAQPhR4WRVkUd4thsUc,2026-10-01T01:55:23+00:00,prefill,7,,0.21,,993.94,0,1,376,16128
ap-yXxcAQPhR4WRVkUd4thsUc,2026-10-01T01:55:23+00:00,prefill,8,,0.25,,2354.12,0,1,225,25344
ap-yXxcAQPhR4WRVkUd4thsUc,2026-10-01T01:55:23+00:00,decode,8,156803,0.21,453.5,,0,,,
ap-yXxcAQPhR4WRVkUd4thsUc,2026-10-01T01:55:24+00:00,prefill,7,,0.22,,1217.37,0,1,867,12544
ap-yXxcAQPhR4WRVkUd4thsUc,2026-10-01T01:55:24+00:00,decode,8,160699,0.22,465.9,,0,,,
ap-yXxcAQPhR4WRVkUd4thsUc,2026-10-01T01:55:25+00:00,decode,6,135493,0.18,466.92,,0,,,
ap-yXxcAQPhR4WRVkUd4thsUc,2026-10-01T01:55:25+00:00,prefill,6,,0.21,,185.6,0,1,175,22272
ap-yXxcAQPhR4WRVkUd4thsUc,2026-10-01T01:55:25+00:00,prefill,6,,0.23,,1539.53,0,1,726,33408
ap-yXxcAQPhR4WRVkUd4thsUc,2026-10-01T01:55:25+00:00,decode,7,183396,0.25,343.72,,0,,,
ap-yXxcAQPhR4WRVkUd4thsUc,2026-10-01T01:55:25+00:00,prefill,7,,0.25,,4828.57,0,1,448,9984
ap-yXxcAQPhR4WRVkUd4thsUc,2026-10-01T01:55:26+00:00,prefill,8,,0.26,,4657.06,0,1,448,13312
ap-yXxcAQPhR4WRVkUd4thsUc,2026-10-01T01:55:26+00:00,prefill,9,,0.3,,3641.24,0,1,343,28672
ap-yXxcAQPhR4WRVkUd4thsUc,2026-10-01T01:55:26+00:00,decode,9,203010,0.27,496.04,,0,,,
ap-yXxcAQPhR4WRVkUd4thsUc,2026-10-01T01:55:27+00:00,prefill,8,,0.22,,324.49,0,1,301,27136
ap-yXxcAQPhR4WRVkUd4thsUc,2026-10-01T01:55:27+00:00,decode,7,139373,0.19,493.53,,0,,,
ap-yXxcAQPhR4WRVkUd4thsUc,2026-10-01T01:55:27+00:00,prefill,7,,0.21,,1025.95,0,1,448,19712
ap-yXxcAQPhR4WRVkUd4thsUc,2026-10-01T01:55:28+00:00,decode,8,157056,0.21,483.01,,0,,,
ap-yXxcAQPhR4WRVkUd4thsUc,2026-10-01T01:55:28+00:00,decode,7,128893,0.17,501.5,,0,,,
ap-yXxcAQPhR4WRVkUd4thsUc,2026-10-01T01:55:29+00:00,decode,6,113209,0.15,480.62,,0,,,
ap-yXxcAQPhR4WRVkUd4thsUc,2026-10-01T01:55:29+00:00,prefill,6,,0.19,,172.47,0,1,352,28992
ap-yXxcAQPhR4WRVkUd4thsUc,2026-10-01T01:55:29+00:00,decode,7,142120,0.19,416.04,,0,,,
ap-yXxcAQPhR4WRVkUd4thsUc,2026-10-01T01:55:30+00:00,prefill,6,,0.2,,3033.62,0,1,1732,24320
ap-yXxcAQPhR4WRVkUd4thsUc,2026-10-01T01:55:30+00:00,decode,6,157103,0.21,338.68,,0,,,
ap-yXxcAQPhR4WRVkUd4thsUc,2026-10-01T01:55:30+00:00,prefill,6,,0.21,,1337.35,0,1,590,34304
ap-yXxcAQPhR4WRVkUd4thsUc,2026-10-01T01:55:30+00:00,prefill,7,,0.23,,4625.96,0,1,625,16640
ap-yXxcAQPhR4WRVkUd4thsUc,2026-10-01T01:55:30+00:00,prefill,8,,0.25,,3823.22,0,1,662,13376
ap-yXxcAQPhR4WRVkUd4thsUc,2026-10-01T01:55:31+00:00,prefill,9,,0.3,,2769.63,0,1,445,34112
ap-yXxcAQPhR4WRVkUd4thsUc,2026-10-01T01:55:31+00:00,prefill,10,,0.33,,3325.13,0,1,599,22400
ap-yXxcAQPhR4WRVkUd4thsUc,2026-10-01T01:55:31+00:00,decode,10,233537,0.31,398.17,,0,,,
ap-yXxcAQPhR4WRVkUd4thsUc,2026-10-01T01:55:31+00:00,prefill,9,,0.32,,536.88,0,1,351,20224
ap-yXxcAQPhR4WRVkUd4thsUc,2026-10-01T01:55:32+00:00,decode,7,159302,0.21,520.14,,0,,,
ap-yXxcAQPhR4WRVkUd4thsUc,2026-10-01T01:55:32+00:00,decode,6,146111,0.2,461.63,,0,,,
ap-yXxcAQPhR4WRVkUd4thsUc,2026-10-01T01:55:33+00:00,prefill,6,,0.21,,547.08,0,1,661,10496
ap-yXxcAQPhR4WRVkUd4thsUc,2026-10-01T01:55:33+00:00,decode,6,163018,0.22,376.44,,0,,,
ap-yXxcAQPhR4WRVkUd4thsUc,2026-10-01T01:55:33+00:00,prefill,6,,0.22,,673.03,0,1,233,29440
ap-yXxcAQPhR4WRVkUd4thsUc,2026-10-01T01:55:33+00:00,prefill,7,,0.24,,2177.82,0,1,390,17216
ap-yXxcAQPhR4WRVkUd4thsUc,2026-10-01T01:55:34+00:00,decode,8,180064,0.24,471.57,,0,,,
ap-yXxcAQPhR4WRVkUd4thsUc,2026-10-01T01:55:34+00:00,prefill,7,,0.25,,483.59,0,1,443,27648
ap-yXxcAQPhR4WRVkUd4thsUc,2026-10-01T01:55:34+00:00,decode,8,189838,0.25,466.94,,0,,,
ap-yXxcAQPhR4WRVkUd4thsUc,2026-10-01T01:55:35+00:00,decode,6,130358,0.17,460.8,,0,,,
ap-yXxcAQPhR4WRVkUd4thsUc,2026-10-01T01:55:35+00:00,decode,5,101451,0.14,373.01,,0,,,
ap-yXxcAQPhR4WRVkUd4thsUc,2026-10-01T01:55:36+00:00,prefill,5,,0.18,,235.12,0,1,351,34560
ap-yXxcAQPhR4WRVkUd4thsUc,2026-10-01T01:55:36+00:00,prefill,6,,0.21,,1195.57,0,1,459,20544
ap-yXxcAQPhR4WRVkUd4thsUc,2026-10-01T01:55:36+00:00,decode,7,126597,0.17,362.59,,0,,,
ap-yXxcAQPhR4WRVkUd4thsUc,2026-10-01T01:55:37+00:00,decode,5,92538,0.12,388.79,,0,,,
ap-yXxcAQPhR4WRVkUd4thsUc,2026-10-01T01:55:37+00:00,prefill,5,,0.16,,727.12,0,1,716,26112
ap-yXxcAQPhR4WRVkUd4thsUc,2026-10-01T01:55:37+00:00,prefill,6,,0.2,,1079.73,0,1,306,29696
ap-yXxcAQPhR4WRVkUd4thsUc,2026-10-01T01:55:37+00:00,decode,7,147872,0.2,344.55,,0,,,
ap-yXxcAQPhR4WRVkUd4thsUc,2026-10-01T01:55:38+00:00,prefill,7,,0.23,,943.35,0,1,418,23040
ap-yXxcAQPhR4WRVkUd4thsUc,2026-10-01T01:55:38+00:00,prefill,8,,0.25,,3555.71,0,1,450,14080
ap-yXxcAQPhR4WRVkUd4thsUc,2026-10-01T01:55:38+00:00,prefill,8,,0.28,,2743.75,0,1,436,35072
ap-yXxcAQPhR4WRVkUd4thsUc,2026-10-01T01:55:38+00:00,decode,9,209013,0.28,405.93,,0,,,
ap-yXxcAQPhR4WRVkUd4thsUc,2026-10-01T01:55:39+00:00,decode,7,166212,0.22,498.46,,0,,,
ap-yXxcAQPhR4WRVkUd4thsUc,2026-10-01T01:55:39+00:00,decode,6,137048,0.18,460.69,,0,,,
ap-yXxcAQPhR4WRVkUd4thsUc,2026-10-01T01:55:39+00:00,prefill,6,,0.17,,413.41,0,1,630,11264
ap-yXxcAQPhR4WRVkUd4thsUc,2026-10-01T01:55:40+00:00,decode,6,130064,0.17,382.12,,0,,,
ap-yXxcAQPhR4WRVkUd4thsUc,2026-10-01T01:55:40+00:00,prefill,6,,0.2,,764.73,0,1,446,22784
ap-yXxcAQPhR4WRVkUd4thsUc,2026-10-01T01:55:40+00:00,prefill,7,,0.23,,6584.47,0,1,447,17920
ap-yXxcAQPhR4WRVkUd4thsUc,2026-10-01T01:55:40+00:00,prefill,8,,0.27,,2572.88,0,1,312,28160
ap-yXxcAQPhR4WRVkUd4thsUc,2026-10-01T01:55:41+00:00,prefill,7,,0.25,,1015.82,0,1,448,34880
ap-yXxcAQPhR4WRVkUd4thsUc,2026-10-01T01:55:41+00:00,decode,8,189479,0.25,391.58,,0,,,
ap-yXxcAQPhR4WRVkUd4thsUc,2026-10-01T01:55:41+00:00,prefill,6,,0.24,,757.13,0,1,560,20992
ap-yXxcAQPhR4WRVkUd4thsUc,2026-10-01T01:55:41+00:00,decode,7,179044,0.24,394.54,,0,,,
ap-yXxcAQPhR4WRVkUd4thsUc,2026-10-01T01:55:42+00:00,prefill,7,,0.28,,991.39,0,1,379,29952
ap-yXxcAQPhR4WRVkUd4thsUc,2026-10-01T01:55:42+00:00,decode,8,173918,0.23,448.2,,0,,,
ap-yXxcAQPhR4WRVkUd4thsUc,2026-10-01T01:55:42+00:00,prefill,6,,0.21,,581.13,0,1,404,18304
ap-yXxcAQPhR4WRVkUd4thsUc,2026-10-01T01:55:43+00:00,decode,7,175962,0.24,410.49,,0,,,
ap-yXxcAQPhR4WRVkUd4thsUc,2026-10-01T01:55:43+00:00,prefill,7,,0.24,,1594.29,0,1,490,20992
ap-yXxcAQPhR4WRVkUd4thsUc,2026-10-01T01:55:43+00:00,decode,7,153550,0.21,474.23,,0,,,
ap-yXxcAQPhR4WRVkUd4thsUc,2026-10-01T01:55:44+00:00,decode,6,124046,0.17,456.25,,0,,,
ap-yXxcAQPhR4WRVkUd4thsUc,2026-10-01T01:55:44+00:00,prefill,5,,0.17,,283.04,0,1,418,23552
ap-yXxcAQPhR4WRVkUd4thsUc,2026-10-01T01:55:45+00:00,decode,5,107712,0.14,359.29,,0,,,
ap-yXxcAQPhR4WRVkUd4thsUc,2026-10-01T01:55:45+00:00,decode,4,96543,0.13,308.4,,0,,,
ap-yXxcAQPhR4WRVkUd4thsUc,2026-10-01T01:55:45+00:00,prefill,4,,0.16,,378.28,0,1,372,21504
ap-yXxcAQPhR4WRVkUd4thsUc,2026-10-01T01:55:46+00:00,prefill,5,,0.21,,1091.76,0,1,538,35584
ap-yXxcAQPhR4WRVkUd4thsUc,2026-10-01T01:55:46+00:00,decode,6,153361,0.21,289.88,,0,,,
ap-yXxcAQPhR4WRVkUd4thsUc,2026-10-01T01:55:46+00:00,prefill,5,,0.23,,990.85,0,1,388,30272
ap-yXxcAQPhR4WRVkUd4thsUc,2026-10-01T01:55:46+00:00,prefill,6,,0.23,,21899.45,0,1,589,12032
ap-yXxcAQPhR4WRVkUd4thsUc,2026-10-01T01:55:46+00:00,decode,6,150672,0.2,353.7,,0,,,
ap-yXxcAQPhR4WRVkUd4thsUc,2026-10-01T01:55:47+00:00,prefill,5,,0.15,,553.35,0,1,394,14592
ap-yXxcAQPhR4WRVkUd4thsUc,2026-10-01T01:55:47+00:00,decode,5,110676,0.15,338.35,,0,,,
ap-yXxcAQPhR4WRVkUd4thsUc,2026-10-01T01:55:47+00:00,prefill,5,,0.18,,432.11,0,1,152,26880
ap-yXxcAQPhR4WRVkUd4thsUc,2026-10-01T01:55:47+00:00,prefill,6,,0.21,,3607.42,0,1,535,21504
ap-yXxcAQPhR4WRVkUd4thsUc,2026-10-01T01:55:48+00:00,prefill,7,,0.26,,3688.52,0,1,608,35328
ap-yXxcAQPhR4WRVkUd4thsUc,2026-10-01T01:55:48+00:00,decode,6,161381,0.22,342.53,,0,,,
ap-yXxcAQPhR4WRVkUd4thsUc,2026-10-01T01:55:48+00:00,prefill,5,,0.22,,384.21,0,1,238,21824
ap-yXxcAQPhR4WRVkUd4thsUc,2026-10-01T01:55:48+00:00,decode,4,96174,0.13,342.34,,0,,,
ap-yXxcAQPhR4WRVkUd4thsUc,2026-10-01T01:55:49+00:00,decode,4,96334,0.13,301.99,,0,,,
ap-yXxcAQPhR4WRVkUd4thsUc,2026-10-01T01:55:49+00:00,prefill,4,,0.15,,403.78,0,1,525,18944
ap-yXxcAQPhR4WRVkUd4thsUc,2026-10-01T01:55:50+00:00,decode,5,115093,0.15,281.18,,0,,,
ap-yXxcAQPhR4WRVkUd4thsUc,2026-10-01T01:55:50+00:00,decode,4,60938,0.08,319.58,,0,,,
ap-yXxcAQPhR4WRVkUd4thsUc,2026-10-01T01:55:50+00:00,prefill,3,,0.12,,289.26,0,1,269,30720
ap-yXxcAQPhR4WRVkUd4thsUc,2026-10-01T01:55:51+00:00,prefill,4,,0.15,,4743.58,0,1,726,24064
ap-yXxcAQPhR4WRVkUd4thsUc,2026-10-01T01:55:51+00:00,decode,5,115499,0.15,242.27,,0,,,
ap-yXxcAQPhR4WRVkUd4thsUc,2026-10-01T01:55:51+00:00,prefill,5,,0.19,,2109.06,0,1,926,28672
ap-yXxcAQPhR4WRVkUd4thsUc,2026-10-01T01:55:51+00:00,prefill,5,,0.2,,2140.62,0,1,304,22016
ap-yXxcAQPhR4WRVkUd4thsUc,2026-10-01T01:55:51+00:00,prefill,6,,0.23,,1102.09,0,1,354,19456
ap-yXxcAQPhR4WRVkUd4thsUc,2026-10-01T01:55:51+00:00,decode,7,171045,0.23,302.92,,0,,,
ap-yXxcAQPhR4WRVkUd4thsUc,2026-10-01T01:55:52+00:00,decode,7,171325,0.23,464.76,,0,,,
ap-yXxcAQPhR4WRVkUd4thsUc,2026-10-01T01:55:52+00:00,prefill,7,,0.29,,479.62,0,1,504,35904
ap-yXxcAQPhR4WRVkUd4thsUc,2026-10-01T01:55:53+00:00,prefill,8,,0.29,,22409.12,0,1,548,12800
ap-yXxcAQPhR4WRVkUd4thsUc,2026-10-01T01:55:53+00:00,prefill,8,,0.28,,3149.03,0,1,549,17984
ap-yXxcAQPhR4WRVkUd4thsUc,2026-10-01T01:55:53+00:00,prefill,9,,0.29,,6911.53,0,1,425,9472
ap-yXxcAQPhR4WRVkUd4thsUc,2026-10-01T01:55:53+00:00,decode,10,216481,0.29,385.61,,0,,,
ap-yXxcAQPhR4WRVkUd4thsUc,2026-10-01T01:55:53+00:00,prefill,10,,0.34,,712.57,0,1,384,36352
ap-yXxcAQPhR4WRVkUd4thsUc,2026-10-01T01:55:54+00:00,prefill,10,,0.31,,1588.21,0,1,588,14976
ap-yXxcAQPhR4WRVkUd4thsUc,2026-10-01T01:55:54+00:00,decode,11,232049,0.31,537.13,,0,,,
ap-yXxcAQPhR4WRVkUd4thsUc,2026-10-01T01:55:54+00:00,decode,10,212775,0.29,640.03,,0,,,
ap-yXxcAQPhR4WRVkUd4thsUc,2026-10-01T01:55:55+00:00,prefill,10,,0.33,,256.92,0,1,342,30976
ap-yXxcAQPhR4WRVkUd4thsUc,2026-10-01T01:55:55+00:00,decode,10,228852,0.31,580.89,,0,,,
ap-yXxcAQPhR4WRVkUd4thsUc,2026-10-01T01:55:56+00:00,decode,9,200072,0.27,604.16,,0,,,
ap-yXxcAQPhR4WRVkUd4thsUc,2026-10-01T01:55:56+00:00,prefill,8,,0.25,,302.73,0,1,306,11776
ap-yXxcAQPhR4WRVkUd4thsUc,2026-10-01T01:55:56+00:00,decode,9,189976,0.25,529.83,,0,,,
ap-yXxcAQPhR4WRVkUd4thsUc,2026-10-01T01:55:57+00:00,prefill,9,,0.29,,739.04,0,1,771,22272
ap-yXxcAQPhR4WRVkUd4thsUc,2026-10-01T01:55:57+00:00,decode,9,181940,0.24,507.04,,0,,,
ap-yXxcAQPhR4WRVkUd4thsUc,2026-10-01T01:55:57+00:00,prefill,7,,0.23,,1403.75,0,1,440,36352
ap-yXxcAQPhR4WRVkUd4thsUc,2026-10-01T01:55:58+00:00,prefill,7,,0.21,,1493.55,0,1,543,22528
ap-yXxcAQPhR4WRVkUd4thsUc,2026-10-01T01:55:58+00:00,decode,7,147098,0.2,431.18,,0,,,
ap-yXxcAQPhR4WRVkUd4thsUc,2026-10-01T01:55:58+00:00,decode,2,45886,0.06,379.96,,0,,,
ap-yXxcAQPhR4WRVkUd4thsUc,2026-10-01T01:55:59+00:00,decode,2,45966,0.06,166.55,,0,,,
ap-yXxcAQPhR4WRVkUd4thsUc,2026-10-01T01:55:59+00:00,prefill,2,,0.08,,268.98,0,1,391,12032
ap-yXxcAQPhR4WRVkUd4thsUc,2026-10-01T01:55:59+00:00,prefill,3,,0.12,,2374.16,0,1,351,31296
ap-yXxcAQPhR4WRVkUd4thsUc,2026-10-01T01:55:59+00:00,prefill,4,,0.16,,3444.5,0,1,485,29696
ap-yXxcAQPhR4WRVkUd4thsUc,2026-10-01T01:56:00+00:00,prefill,5,,0.18,,7798.45,0,1,507,13568
ap-yXxcAQPhR4WRVkUd4thsUc,2026-10-01T01:56:00+00:00,decode,6,131661,0.18,163.06,,0,,,
ap-yXxcAQPhR4WRVkUd4thsUc,2026-10-01T01:56:00+00:00,prefill,6,,0.19,,2074.65,0,1,346,9984
ap-yXxcAQPhR4WRVkUd4thsUc,2026-10-01T01:56:00+00:00,prefill,7,,0.22,,4847.78,0,1,603,19968
ap-yXxcAQPhR4WRVkUd4thsUc,2026-10-01T01:56:00+00:00,decode,8,161302,0.22,436.49,,0,,,
ap-yXxcAQPhR4WRVkUd4thsUc,2026-10-01T01:56:01+00:00,prefill,7,,0.22,,619.25,0,1,595,25088
ap-yXxcAQPhR4WRVkUd4thsUc,2026-10-01T01:56:01+00:00,decode,8,166866,0.22,466.42,,0,,,
ap-yXxcAQPhR4WRVkUd4thsUc,2026-10-01T01:56:01+00:00,prefill,7,,0.26,,1013.78,0,1,494,36864
ap-yXxcAQPhR4WRVkUd4thsUc,2026-10-01T01:56:01+00:00,prefill,8,,0.28,,8416.59,0,1,686,15616
ap-yXxcAQPhR4WRVkUd4thsUc,2026-10-01T01:56:01+00:00,prefill,9,,0.31,,7718.34,0,1,874,23040
ap-yXxcAQPhR4WRVkUd4thsUc,2026-10-01T01:56:02+00:00,prefill,10,,0.32,,4421.59,0,1,749,17664
ap-yXxcAQPhR4WRVkUd4thsUc,2026-10-01T01:56:02+00:00,decode,9,207206,0.28,370.12,,0,,,
ap-yXxcAQPhR4WRVkUd4thsUc,2026-10-01T01:56:02+00:00,prefill,9,,0.3,,1207.44,0,1,368,20544
ap-yXxcAQPhR4WRVkUd4thsUc,2026-10-01T01:56:02+00:00,prefill,10,,0.35,,1879.23,0,1,577,36736
ap-yXxcAQPhR4WRVkUd4thsUc,2026-10-01T01:56:03+00:00,decode,11,264289,0.35,533.06,,0,,,
ap-yXxcAQPhR4WRVkUd4thsUc,2026-10-01T01:56:03+00:00,prefill,11,,0.37,,573.99,0,1,286,12416
ap-yXxcAQPhR4WRVkUd4thsUc,2026-10-01T01:56:03+00:00,prefill,12,,0.34,,2029.93,0,1,613,10304
ap-yXxcAQPhR4WRVkUd4thsUc,2026-10-01T01:56:03+00:00,decode,12,250345,0.34,610.92,,0,,,
ap-yXxcAQPhR4WRVkUd4thsUc,2026-10-01T01:56:04+00:00,prefill,10,,0.35,,235.5,0,1,232,31744
ap-yXxcAQPhR4WRVkUd4thsUc,2026-10-01T01:56:04+00:00,decode,11,259735,0.35,642.36,,0,,,
ap-yXxcAQPhR4WRVkUd4thsUc,2026-10-01T01:56:05+00:00,decode,10,236767,0.32,616.79,,0,,,
ap-yXxcAQPhR4WRVkUd4thsUc,2026-10-01T01:56:05+00:00,prefill,9,,0.29,,207.11,0,1,215,12672
ap-yXxcAQPhR4WRVkUd4thsUc,2026-10-01T01:56:05+00:00,decode,9,206058,0.28,570.36,,0,,,
ap-yXxcAQPhR4WRVkUd4thsUc,2026-10-01T01:56:06+00:00,decode,5,108392,0.15,511.33,,0,,,
ap-yXxcAQPhR4WRVkUd4thsUc,2026-10-01T01:56:06+00:00,prefill,4,,0.13,,133.92,0,1,176,10880
ap-yXxcAQPhR4WRVkUd4thsUc,2026-10-01T01:56:07+00:00,decode,5,93658,0.13,336.46,,0,,,
ap-yXxcAQPhR4WRVkUd4thsUc,2026-10-01T01:56:07+00:00,prefill,5,,0.18,,741.0,0,1,364,37312
ap-yXxcAQPhR4WRVkUd4thsUc,2026-10-01T01:56:07+00:00,prefill,6,,0.19,,7177.31,0,1,466,14336
ap-yXxcAQPhR4WRVkUd4thsUc,2026-10-01T01:56:07+00:00,prefill,7,,0.22,,7784.51,0,1,1401,22336
ap-yXxcAQPhR4WRVkUd4thsUc,2026-10-01T01:56:07+00:00,prefill,8,,0.27,,8754.94,0,2,985,31296
ap-yXxcAQPhR4WRVkUd4thsUc,2026-10-01T01:56:07+00:00,prefill,10,,0.3,,3027.86,0,1,244,24064
ap-yXxcAQPhR4WRVkUd4thsUc,2026-10-01T01:56:08+00:00,prefill,11,,0.34,,919.61,0,1,343,30464
ap-yXxcAQPhR4WRVkUd4thsUc,2026-10-01T01:56:08+00:00,decode,12,252060,0.34,349.41,,0,,,
ap-yXxcAQPhR4WRVkUd4thsUc,2026-10-01T01:56:08+00:00,prefill,9,,0.26,,438.41,0,1,305,32000
ap-yXxcAQPhR4WRVkUd4thsUc,2026-10-01T01:56:08+00:00,decode,9,191028,0.26,610.68,,0,,,
ap-yXxcAQPhR4WRVkUd4thsUc,2026-10-01T01:56:09+00:00,decode,8,173445,0.23,536.27,,0,,,
ap-yXxcAQPhR4WRVkUd4thsUc,2026-10-01T01:56:09+00:00,prefill,8,,0.28,,609.71,0,1,596,37376
ap-yXxcAQPhR4WRVkUd4thsUc,2026-10-01T01:56:09+00:00,prefill,9,,0.3,,1627.9,0,1,186,13184
ap-yXxcAQPhR4WRVkUd4thsUc,2026-10-01T01:56:10+00:00,prefill,10,,0.33,,5618.85,0,1,681,20992
ap-yXxcAQPhR4WRVkUd4thsUc,2026-10-01T01:56:10+00:00,prefill,11,,0.36,,2360.8,0,1,344,25856
ap-yXxcAQPhR4WRVkUd4thsUc,2026-10-01T01:56:10+00:00,decode,11,246343,0.33,435.0,,0,,,
ap-yXxcAQPhR4WRVkUd4thsUc,2026-10-01T01:56:11+00:00,decode,10,194192,0.26,645.44,,0,,,
ap-yXxcAQPhR4WRVkUd4thsUc,2026-10-01T01:56:11+00:00,decode,7,171137,0.23,499.66,,0,,,
ap-yXxcAQPhR4WRVkUd4thsUc,2026-10-01T01:56:12+00:00,decode,7,171417,0.23,464.67,,0,,,
ap-yXxcAQPhR4WRVkUd4thsUc,2026-10-01T01:56:12+00:00,prefill,7,,0.28,,205.23,0,1,451,37632
ap-yXxcAQPhR4WRVkUd4thsUc,2026-10-01T01:56:12+00:00,prefill,8,,0.3,,6690.88,0,1,348,13312
ap-yXxcAQPhR4WRVkUd4thsUc,2026-10-01T01:56:12+00:00,prefill,9,,0.34,,3036.64,0,1,382,21632
ap-yXxcAQPhR4WRVkUd4thsUc,2026-10-01T01:56:12+00:00,prefill,10,,0.34,,23268.48,0,1,130,11264
ap-yXxcAQPhR4WRVkUd4thsUc,2026-10-01T01:56:13+00:00,decode,9,170139,0.23,442.07,,0,,,
ap-yXxcAQPhR4WRVkUd4thsUc,2026-10-01T01:56:13+00:00,prefill,8,,0.26,,568.84,0,1,338,24320
ap-yXxcAQPhR4WRVkUd4thsUc,2026-10-01T01:56:13+00:00,prefill,8,,0.23,,2661.41,0,1,378,32256
ap-yXxcAQPhR4WRVkUd4thsUc,2026-10-01T01:56:13+00:00,prefill,8,,0.27,,1130.18,0,1,108,28416
ap-yXxcAQPhR4WRVkUd4thsUc,2026-10-01T01:56:13+00:00,decode,9,202563,0.27,468.11,,0,,,
ap-yXxcAQPhR4WRVkUd4thsUc,2026-10-01T01:56:14+00:00,decode,7,154558,0.21,536.55,,0,,,
ap-yXxcAQPhR4WRVkUd4thsUc,2026-10-01T01:56:15+00:00,decode,7,154838,0.21,475.31,,0,,,
ap-yXxcAQPhR4WRVkUd4thsUc,2026-10-01T01:56:15+00:00,prefill,7,,0.23,,240.0,0,1,425,15104
ap-yXxcAQPhR4WRVkUd4thsUc,2026-10-01T01:56:15+00:00,decode,7,137704,0.18,453.65,,0,,,
ap-yXxcAQPhR4WRVkUd4thsUc,2026-10-01T01:56:16+00:00,decode,6,124777,0.17,453.84,,0,,,
ap-yXxcAQPhR4WRVkUd4thsUc,2026-10-01T01:56:16+00:00,prefill,6,,0.22,,297.79,0,1,332,38080
ap-yXxcAQPhR4WRVkUd4thsUc,2026-10-01T01:56:16+00:00,prefill,7,,0.25,,4625.12,0,1,692,26176
ap-yXxcAQPhR4WRVkUd4thsUc,2026-10-01T01:56:16+00:00,prefill,8,,0.29,,1596.62,0,1,559,30976
ap-yXxcAQPhR4WRVkUd4thsUc,2026-10-01T01:56:17+00:00,prefill,8,,0.29,,2304.08,0,1,483,13824
ap-yXxcAQPhR4WRVkUd4thsUc,2026-10-01T01:56:17+00:00,decode,9,217013,0.29,370.96,,0,,,
ap-yXxcAQPhR4WRVkUd4thsUc,2026-10-01T01:56:17+00:00,prefill,8,,0.28,,761.57,0,1,387,32576
ap-yXxcAQPhR4WRVkUd4thsUc,2026-10-01T01:56:17+00:00,decode,8,225503,0.3,470.91,,0,,,
ap-yXxcAQPhR4WRVkUd4thsUc,2026-10-01T01:56:17+00:00,prefill,8,,0.3,,1317.86,0,1,442,38144
ap-yXxcAQPhR4WRVkUd4thsUc,2026-10-01T01:56:18+00:00,decode,7,178090,0.24,478.47,,0,,,
ap-yXxcAQPhR4WRVkUd4thsUc,2026-10-01T01:56:18+00:00,prefill,6,,0.21,,258.24,0,1,288,5888
ap-yXxcAQPhR4WRVkUd4thsUc,2026-10-01T01:56:19+00:00,decode,7,152887,0.21,430.99,,0,,,
ap-yXxcAQPhR4WRVkUd4thsUc,2026-10-01T01:56:19+00:00,decode,6,120753,0.16,459.09,,0,,,
ap-yXxcAQPhR4WRVkUd4thsUc,2026-10-01T01:56:19+00:00,prefill,5,,0.18,,512.2,0,1,503,22272
ap-yXxcAQPhR4WRVkUd4thsUc,2026-10-01T01:56:20+00:00,prefill,6,,0.24,,2687.52,0,1,517,38400
ap-yXxcAQPhR4WRVkUd4thsUc,2026-10-01T01:56:20+00:00,decode,7,175585,0.24,352.84,,0,,,
ap-yXxcAQPhR4WRVkUd4thsUc,2026-10-01T01:56:20+00:00,prefill,6,,0.25,,805.69,0,1,481,24832
ap-yXxcAQPhR4WRVkUd4thsUc,2026-10-01T01:56:21+00:00,decode,6,163355,0.22,379.91,,0,,,
ap-yXxcAQPhR4WRVkUd4thsUc,2026-10-01T01:56:21+00:00,decode,4,100577,0.13,358.22,,0,,,
ap-yXxcAQPhR4WRVkUd4thsUc,2026-10-01T01:56:21+00:00,prefill,4,,0.18,,270.78,0,1,268,33024
ap-yXxcAQPhR4WRVkUd4thsUc,2026-10-01T01:56:21+00:00,prefill,5,,0.18,,1581.25,0,1,227,26880
ap-yXxcAQPhR4WRVkUd4thsUc,2026-10-01T01:56:21+00:00,prefill,6,,0.18,,22173.97,0,1,640,15616
ap-yXxcAQPhR4WRVkUd4thsUc,2026-10-01T01:56:22+00:00,prefill,6,,0.23,,4687.11,0,1,781,31488
ap-yXxcAQPhR4WRVkUd4thsUc,2026-10-01T01:56:22+00:00,decode,7,168861,0.23,306.59,,0,,,
ap-yXxcAQPhR4WRVkUd4thsUc,2026-10-01T01:56:22+00:00,prefill,7,,0.26,,717.37,0,1,332,22784
ap-yXxcAQPhR4WRVkUd4thsUc,2026-10-01T01:56:22+00:00,prefill,7,,0.25,,1398.21,0,1,401,6144
ap-yXxcAQPhR4WRVkUd4thsUc,2026-10-01T01:56:23+00:00,prefill,7,,0.23,,2389.4,0,1,982,16896
ap-yXxcAQPhR4WRVkUd4thsUc,2026-10-01T01:56:23+00:00,decode,8,174010,0.23,375.06,,0,,,
ap-yXxcAQPhR4WRVkUd4thsUc,2026-10-01T01:56:23+00:00,decode,8,174330,0.23,527.3,,0,,,
ap-yXxcAQPhR4WRVkUd4thsUc,2026-10-01T01:56:24+00:00,decode,7,141888,0.19,489.73,,0,,,
ap-yXxcAQPhR4WRVkUd4thsUc,2026-10-01T01:56:24+00:00,prefill,7,,0.22,,213.59,0,1,292,25344
ap-yXxcAQPhR4WRVkUd4thsUc,2026-10-01T01:56:25+00:00,decode,8,167150,0.22,487.3,,0,,,
ap-yXxcAQPhR4WRVkUd4thsUc,2026-10-01T01:56:25+00:00,prefill,7,,0.24,,372.62,0,1,379,38912
ap-yXxcAQPhR4WRVkUd4thsUc,2026-10-01T01:56:25+00:00,prefill,8,,0.29,,3243.96,0,1,544,38656
ap-yXxcAQPhR4WRVkUd4thsUc,2026-10-01T01:56:25+00:00,decode,9,219573,0.29,416.44,,0,,,
ap-yXxcAQPhR4WRVkUd4thsUc,2026-10-01T01:56:26+00:00,prefill,9,,0.34,,569.82,0,1,341,33280
ap-yXxcAQPhR4WRVkUd4thsUc,2026-10-01T01:56:26+00:00,decode,9,214223,0.29,521.58,,0,,,
ap-yXxcAQPhR4WRVkUd4thsUc,2026-10-01T01:56:27+00:00,prefill,9,,0.32,,606.1,0,1,362,27136
ap-yXxcAQPhR4WRVkUd4thsUc,2026-10-01T01:56:27+00:00,decode,10,241408,0.32,534.79,,0,,,
ap-yXxcAQPhR4WRVkUd4thsUc,2026-10-01T01:56:27+00:00,decode,8,194152,0.26,524.82,,0,,,
ap-yXxcAQPhR4WRVkUd4thsUc,2026-10-01T01:56:28+00:00,prefill,6,,0.26,,305.33,0,1,403,25600
ap-yXxcAQPhR4WRVkUd4thsUc,2026-10-01T01:56:28+00:00,decode,6,157750,0.21,421.54,,0,,,
ap-yXxcAQPhR4WRVkUd4thsUc,2026-10-01T01:56:29+00:00,prefill,6,,0.23,,852.83,0,1,599,16384
ap-yXxcAQPhR4WRVkUd4thsUc,2026-10-01T01:56:29+00:00,decode,5,131376,0.18,364.61,,0,,,
ap-yXxcAQPhR4WRVkUd4thsUc,2026-10-01T01:56:29+00:00,decode,5,131576,0.18,353.11,,0,,,
ap-yXxcAQPhR4WRVkUd4thsUc,2026-10-01T01:56:29+00:00,prefill,5,,0.18,,401.35,0,1,311,6656
ap-yXxcAQPhR4WRVkUd4thsUc,2026-10-01T01:56:30+00:00,prefill,5,,0.18,,1610.33,0,1,350,33600
ap-yXxcAQPhR4WRVkUd4thsUc,2026-10-01T01:56:30+00:00,decode,5,126272,0.17,342.48,,0,,,
ap-yXxcAQPhR4WRVkUd4thsUc,2026-10-01T01:56:30+00:00,prefill,5,,0.22,,1017.04,0,1,611,39232
ap-yXxcAQPhR4WRVkUd4thsUc,2026-10-01T01:56:31+00:00,prefill,6,,0.25,,1471.79,0,1,581,23296
ap-yXxcAQPhR4WRVkUd4thsUc,2026-10-01T01:56:31+00:00,decode,7,188662,0.25,318.69,,0,,,
ap-yXxcAQPhR4WRVkUd4thsUc,2026-10-01T01:56:31+00:00,prefill,7,,0.3,,1781.22,0,1,444,32512
ap-yXxcAQPhR4WRVkUd4thsUc,2026-10-01T01:56:31+00:00,decode,6,154914,0.21,397.11,,0,,,
ap-yXxcAQPhR4WRVkUd4thsUc,2026-10-01T01:56:32+00:00,prefill,4,,0.17,,362.6,0,1,362,25984
ap-yXxcAQPhR4WRVkUd4thsUc,2026-10-01T01:56:32+00:00,decode,5,124328,0.17,315.78,,0,,,
ap-yXxcAQPhR4WRVkUd4thsUc,2026-10-01T01:56:32+00:00,decode,4,98820,0.13,352.62,,0,,,
ap-yXxcAQPhR4WRVkUd4thsUc,2026-10-01T01:56:33+00:00,prefill,4,,0.14,,257.4,0,1,202,6912
ap-yXxcAQPhR4WRVkUd4thsUc,2026-10-01T01:56:33+00:00,prefill,4,,0.16,,815.87,0,1,346,23872
ap-yXxcAQPhR4WRVkUd4thsUc,2026-10-01T01:56:33+00:00,decode,5,122326,0.16,304.4,,0,,,
ap-yXxcAQPhR4WRVkUd4thsUc,2026-10-01T01:56:33+00:00,prefill,5,,0.22,,2042.32,0,1,801,39424
ap-yXxcAQPhR4WRVkUd4thsUc,2026-10-01T01:56:33+00:00,prefill,6,,0.24,,8271.05,0,1,658,14080
ap-yXxcAQPhR4WRVkUd4thsUc,2026-10-01T01:56:34+00:00,decode,5,127268,0.17,304.75,,0,,,
ap-yXxcAQPhR4WRVkUd4thsUc,2026-10-01T01:56:34+00:00,prefill,5,,0.22,,445.35,0,1,231,34048
ap-yXxcAQPhR4WRVkUd4thsUc,2026-10-01T01:56:34+00:00,decode,6,161092,0.22,371.09,,0,,,
ap-yXxcAQPhR4WRVkUd4thsUc,2026-10-01T01:56:35+00:00,prefill,6,,0.24,,742.65,0,1,562,18176
ap-yXxcAQPhR4WRVkUd4thsUc,2026-10-01T01:56:35+00:00,prefill,7,,0.28,,5312.34,0,1,655,27648
ap-yXxcAQPhR4WRVkUd4thsUc,2026-10-01T01:56:35+00:00,prefill,7,,0.31,,3094.91,0,1,652,39808
ap-yXxcAQPhR4WRVkUd4thsUc,2026-10-01T01:56:35+00:00,prefill,8,,0.33,,7240.03,0,1,558,17152
ap-yXxcAQPhR4WRVkUd4thsUc,2026-10-01T01:56:35+00:00,decode,9,249519,0.33,321.91,,0,,,
ap-yXxcAQPhR4WRVkUd4thsUc,2026-10-01T01:56:36+00:00,prefill,9,,0.35,,645.98,0,1,322,26368
ap-yXxcAQPhR4WRVkUd4thsUc,2026-10-01T01:56:36+00:00,prefill,9,,0.35,,1138.78,0,1,156,7104
ap-yXxcAQPhR4WRVkUd4thsUc,2026-10-01T01:56:36+00:00,decode,9,224560,0.3,493.0,,0,,,
ap-yXxcAQPhR4WRVkUd4thsUc,2026-10-01T01:56:37+00:00,decode,7,165107,0.22,501.58,,0,,,
ap-yXxcAQPhR4WRVkUd4thsUc,2026-10-01T01:56:37+00:00,decode,7,165387,0.22,466.78,,0,,,
ap-yXxcAQPhR4WRVkUd4thsUc,2026-10-01T01:56:38+00:00,decode,5,98067,0.13,431.26,,0,,,
ap-yXxcAQPhR4WRVkUd4thsUc,2026-10-01T01:56:38+00:00,prefill,5,,0.18,,285.6,0,1,642,33024
ap-yXxcAQPhR4WRVkUd4thsUc,2026-10-01T01:56:39+00:00,decode,5,124528,0.17,336.5,,0,,,
ap-yXxcAQPhR4WRVkUd4thsUc,2026-10-01T01:56:39+00:00,decode,4,101022,0.14,307.32,,0,,,
ap-yXxcAQPhR4WRVkUd4thsUc,2026-10-01T01:56:40+00:00,decode,4,101182,0.14,299.92,,0,,,
ap-yXxcAQPhR4WRVkUd4thsUc,2026-10-01T01:56:40+00:00,prefill,4,,0.18,,181.18,0,1,304,34304
ap-yXxcAQPhR4WRVkUd4thsUc,2026-10-01T01:56:40+00:00,prefill,5,,0.19,,2485.41,0,1,220,7232
ap-yXxcAQPhR4WRVkUd4thsUc,2026-10-01T01:56:40+00:00,decode,4,117944,0.16,317.39,,0,,,
ap-yXxcAQPhR4WRVkUd4thsUc,2026-10-01T01:56:41+00:00,prefill,4,,0.19,,325.65,0,1,281,26688
ap-yXxcAQPhR4WRVkUd4thsUc,2026-10-01T01:56:41+00:00,decode,5,144400,0.19,290.0,,0,,,
ap-yXxcAQPhR4WRVkUd4thsUc,2026-10-01T01:56:41+00:00,decode,3,85050,0.11,314.01,,0,,,
ap-yXxcAQPhR4WRVkUd4thsUc,2026-10-01T01:56:41+00:00,prefill,3,,0.15,,308.12,0,1,243,26880
ap-yXxcAQPhR4WRVkUd4thsUc,2026-10-01T01:56:42+00:00,prefill,3,,0.14,,2554.83,0,1,659,24320
ap-yXxcAQPhR4WRVkUd4thsUc,2026-10-01T01:56:42+00:00,decode,4,101886,0.14,236.28,,0,,,
ap-yXxcAQPhR4WRVkUd4thsUc,2026-10-01T01:56:43+00:00,prefill,3,,0.13,,621.39,0,1,517,17920
ap-yXxcAQPhR4WRVkUd4thsUc,2026-10-01T01:56:43+00:00,decode,4,95446,0.13,255.23,,0,,,
ap-yXxcAQPhR4WRVkUd4thsUc,2026-10-01T01:56:43+00:00,prefill,4,,0.18,,2091.59,0,1,399,40448
ap-yXxcAQPhR4WRVkUd4thsUc,2026-10-01T01:56:43+00:00,prefill,5,,0.22,,2725.4,0,1,313,28416
ap-yXxcAQPhR4WRVkUd4thsUc,2026-10-01T01:56:43+00:00,prefill,6,,0.24,,5123.7,0,1,630,18688
ap-yXxcAQPhR4WRVkUd4thsUc,2026-10-01T01:56:43+00:00,prefill,7,,0.25,,561.08,0,1,174,7424
ap-yXxcAQPhR4WRVkUd4thsUc,2026-10-01T01:56:43+00:00,decode,7,162903,0.22,328.36,,0,,,
ap-yXxcAQPhR4WRVkUd4thsUc,2026-10-01T01:56:44+00:00,prefill,7,,0.2,,1195.34,0,1,360,24960
ap-yXxcAQPhR4WRVkUd4thsUc,2026-10-01T01:56:44+00:00,prefill,6,,0.22,,3450.19,0,1,617,33792
ap-yXxcAQPhR4WRVkUd4thsUc,2026-10-01T01:56:44+00:00,decode,7,162469,0.22,390.63,,0,,,
ap-yXxcAQPhR4WRVkUd4thsUc,2026-10-01T01:56:44+00:00,prefill,7,,0.26,,761.87,0,1,377,34560
ap-yXxcAQPhR4WRVkUd4thsUc,2026-10-01T01:56:44+00:00,prefill,8,,0.3,,2223.4,0,1,535,26944
ap-yXxcAQPhR4WRVkUd4thsUc,2026-10-01T01:56:45+00:00,decode,9,223854,0.3,451.57,,0,,,
ap-yXxcAQPhR4WRVkUd4thsUc,2026-10-01T01:56:46+00:00,decode,9,224214,0.3,551.98,,0,,,
ap-yXxcAQPhR4WRVkUd4thsUc,2026-10-01T01:56:46+00:00,prefill,9,,0.33,,472.5,0,1,539,23296
ap-yXxcAQPhR4WRVkUd4thsUc,2026-10-01T01:56:46+00:00,prefill,8,,0.29,,4421.2,0,1,1354,27136
ap-yXxcAQPhR4WRVkUd4thsUc,2026-10-01T01:56:46+00:00,decode,8,213023,0.29,418.66,,0,,,
ap-yXxcAQPhR4WRVkUd4thsUc,2026-10-01T01:56:47+00:00,decode,7,179293,0.24,467.41,,0,,,
ap-yXxcAQPhR4WRVkUd4thsUc,2026-10-01T01:56:48+00:00,decode,5,117713,0.16,398.61,,0,,,
ap-yXxcAQPhR4WRVkUd4thsUc,2026-10-01T01:56:48+00:00,prefill,5,,0.21,,152.1,0,1,304,40832
ap-yXxcAQPhR4WRVkUd4thsUc,2026-10-01T01:56:48+00:00,prefill,6,,0.27,,2011.6,0,1,386,34880
ap-yXxcAQPhR4WRVkUd4thsUc,2026-10-01T01:56:48+00:00,prefill,7,,0.27,,31254.24,0,1,186,7680
ap-yXxcAQPhR4WRVkUd4thsUc,2026-10-01T01:56:48+00:00,decode,7,182280,0.24,322.11,,0,,,
ap-yXxcAQPhR4WRVkUd4thsUc,2026-10-01T01:56:49+00:00,prefill,7,,0.28,,380.2,0,1,283,27456
ap-yXxcAQPhR4WRVkUd4thsUc,2026-10-01T01:56:49+00:00,decode,8,209619,0.28,435.14,,0,,,
ap-yXxcAQPhR4WRVkUd4thsUc,2026-10-01T01:56:49+00:00,prefill,6,,0.23,,1112.17,0,1,671,28480
ap-yXxcAQPhR4WRVkUd4thsUc,2026-10-01T01:56:50+00:00,prefill,7,,0.23,,4973.14,0,1,463,28672
ap-yXxcAQPhR4WRVkUd4thsUc,2026-10-01T01:56:50+00:00,prefill,7,,0.26,,3673.11,0,1,476,18688
ap-yXxcAQPhR4WRVkUd4thsUc,2026-10-01T01:56:50+00:00,decode,8,192366,0.26,363.4,,0,,,
ap-yXxcAQPhR4WRVkUd4thsUc,2026-10-01T01:56:50+00:00,prefill,8,,0.28,,3943.19,0,1,618,19264
ap-yXxcAQPhR4WRVkUd4thsUc,2026-10-01T01:56:50+00:00,prefill,8,,0.28,,547.56,0,1,299,34560
ap-yXxcAQPhR4WRVkUd4thsUc,2026-10-01T01:56:51+00:00,decode,9,211743,0.28,475.11,,0,,,
ap-yXxcAQPhR4WRVkUd4thsUc,2026-10-01T01:56:51+00:00,prefill,8,,0.28,,1135.95,0,1,481,25600
ap-yXxcAQPhR4WRVkUd4thsUc,2026-10-01T01:56:51+00:00,decode,8,201440,0.27,496.97,,0,,,
ap-yXxcAQPhR4WRVkUd4thsUc,2026-10-01T01:56:52+00:00,decode,6,152984,0.21,456.34,,0,,,
ap-yXxcAQPhR4WRVkUd4thsUc,2026-10-01T01:56:52+00:00,decode,6,153224,0.21,409.93,,0,,,
ap-yXxcAQPhR4WRVkUd4thsUc,2026-10-01T01:56:53+00:00,prefill,6,,0.24,,172.57,0,1,302,27712
ap-yXxcAQPhR4WRVkUd4thsUc,2026-10-01T01:56:53+00:00,prefill,6,,0.26,,1482.55,0,1,267,35328
ap-yXxcAQPhR4WRVkUd4thsUc,2026-10-01T01:56:53+00:00,prefill,7,,0.29,,1458.64,0,1,310,26112
ap-yXxcAQPhR4WRVkUd4thsUc,2026-10-01T01:56:53+00:00,prefill,8,,0.35,,1475.66,0,1,245,41088
ap-yXxcAQPhR4WRVkUd4thsUc,2026-10-01T01:56:53+00:00,decode,9,260185,0.35,362.62,,0,,,
ap-yXxcAQPhR4WRVkUd4thsUc,2026-10-01T01:56:54+00:00,decode,8,233145,0.31,501.59,,0,,,
ap-yXxcAQPhR4WRVkUd4thsUc,2026-10-01T01:56:54+00:00,prefill,8,,0.35,,180.25,0,1,182,29184
ap-yXxcAQPhR4WRVkUd4thsUc,2026-10-01T01:56:55+00:00,decode,8,221439,0.3,478.39,,0,,,
ap-yXxcAQPhR4WRVkUd4thsUc,2026-10-01T01:56:55+00:00,decode,6,168453,0.23,466.65,,0,,,
ap-yXxcAQPhR4WRVkUd4thsUc,2026-10-01T01:56:55+00:00,prefill,6,,0.22,,373.5,0,1,461,27968
ap-yXxcAQPhR4WRVkUd4thsUc,2026-10-01T01:56:56+00:00,decode,6,161968,0.22,366.69,,0,,,
ap-yXxcAQPhR4WRVkUd4thsUc,2026-10-01T01:56:56+00:00,decode,6,162208,0.22,404.93,,0,,,
ap-yXxcAQPhR4WRVkUd4thsUc,2026-10-01T01:56:56+00:00,prefill,6,,0.24,,388.22,0,1,435,19456
ap-yXxcAQPhR4WRVkUd4thsUc,2026-10-01T01:56:57+00:00,prefill,7,,0.27,,1144.59,0,1,402,18496
ap-yXxcAQPhR4WRVkUd4thsUc,2026-10-01T01:56:57+00:00,prefill,8,,0.31,,1026.56,0,1,340,35584
ap-yXxcAQPhR4WRVkUd4thsUc,2026-10-01T01:56:57+00:00,decode,9,234613,0.31,390.31,,0,,,
ap-yXxcAQPhR4WRVkUd4thsUc,2026-10-01T01:56:58+00:00,decode,8,207079,0.28,526.32,,0,,,
ap-yXxcAQPhR4WRVkUd4thsUc,2026-10-01T01:56:58+00:00,prefill,8,,0.33,,355.93,0,1,367,41280
ap-yXxcAQPhR4WRVkUd4thsUc,2026-10-01T01:56:59+00:00,decode,7,193559,0.26,477.03,,0,,,
ap-yXxcAQPhR4WRVkUd4thsUc,2026-10-01T01:56:59+00:00,prefill,7,,0.31,,892.29,0,1,794,35072
ap-yXxcAQPhR4WRVkUd4thsUc,2026-10-01T01:56:59+00:00,decode,7,188006,0.25,393.4,,0,,,
ap-yXxcAQPhR4WRVkUd4thsUc,2026-10-01T01:57:00+00:00,decode,6,153244,0.21,411.6,,0,,,
ap-yXxcAQPhR4WRVkUd4thsUc,2026-10-01T01:57:00+00:00,prefill,6,,0.24,,463.04,0,1,559,26624
ap-yXxcAQPhR4WRVkUd4thsUc,2026-10-01T01:57:00+00:00,prefill,7,,0.27,,4949.81,0,1,389,23040
ap-yXxcAQPhR4WRVkUd4thsUc,2026-10-01T01:57:00+00:00,prefill,8,,0.31,,4183.98,0,1,464,28416
ap-yXxcAQPhR4WRVkUd4thsUc,2026-10-01T01:57:01+00:00,decode,9,228655,0.31,347.24,,0,,,
ap-yXxcAQPhR4WRVkUd4thsUc,2026-10-01T01:57:01+00:00,decode,7,167349,0.22,517.48,,0,,,
ap-yXxcAQPhR4WRVkUd4thsUc,2026-10-01T01:57:02+00:00,prefill,6,,0.23,,329.64,0,1,349,35904
ap-yXxcAQPhR4WRVkUd4thsUc,2026-10-01T01:57:02+00:00,decode,5,131825,0.18,408.88,,0,,,
ap-yXxcAQPhR4WRVkUd4thsUc,2026-10-01T01:57:02+00:00,prefill,5,,0.22,,326.59,0,1,256,31232
ap-yXxcAQPhR4WRVkUd4thsUc,2026-10-01T01:57:02+00:00,decode,6,162836,0.22,347.99,,0,,,
ap-yXxcAQPhR4WRVkUd4thsUc,2026-10-01T01:57:03+00:00,prefill,6,,0.26,,2570.57,0,1,807,29440
ap-yXxcAQPhR4WRVkUd4thsUc,2026-10-01T01:57:03+00:00,prefill,7,,0.29,,5865.4,0,1,388,27136
ap-yXxcAQPhR4WRVkUd4thsUc,2026-10-01T01:57:03+00:00,prefill,7,,0.32,,1245.84,0,1,340,41600
ap-yXxcAQPhR4WRVkUd4thsUc,2026-10-01T01:57:03+00:00,decode,7,212466,0.29,357.71,,0,,,
ap-yXxcAQPhR4WRVkUd4thsUc,2026-10-01T01:57:04+00:00,prefill,4,,0.21,,775.92,0,1,571,35840
ap-yXxcAQPhR4WRVkUd4thsUc,2026-10-01T01:57:04+00:00,prefill,5,,0.24,,5455.23,0,1,467,23424
ap-yXxcAQPhR4WRVkUd4thsUc,2026-10-01T01:57:04+00:00,decode,5,136088,0.18,317.64,,0,,,
ap-yXxcAQPhR4WRVkUd4thsUc,2026-10-01T01:57:04+00:00,prefill,5,,0.21,,1213.5,0,1,650,19968
ap-yXxcAQPhR4WRVkUd4thsUc,2026-10-01T01:57:05+00:00,decode,6,156053,0.21,344.97,,0,,,
ap-yXxcAQPhR4WRVkUd4thsUc,2026-10-01T01:57:05+00:00,decode,4,102020,0.14,329.8,,0,,,
ap-yXxcAQPhR4WRVkUd4thsUc,2026-10-01T01:57:06+00:00,prefill,4,,0.18,,154.38,0,1,180,31488
ap-yXxcAQPhR4WRVkUd4thsUc,2026-10-01T01:57:06+00:00,decode,5,133184,0.18,313.01,,0,,,
ap-yXxcAQPhR4WRVkUd4thsUc,2026-10-01T01:57:06+00:00,prefill,5,,0.22,,1974.54,0,1,997,29952
ap-yXxcAQPhR4WRVkUd4thsUc,2026-10-01T01:57:06+00:00,prefill,6,,0.27,,3476.77,0,1,230,36352
ap-yXxcAQPhR4WRVkUd4thsUc,2026-10-01T01:57:06+00:00,prefill,7,,0.31,,3558.91,0,1,493,28928
ap-yXxcAQPhR4WRVkUd4thsUc,2026-10-01T01:57:07+00:00,decode,7,192118,0.26,336.0,,0,,,
ap-yXxcAQPhR4WRVkUd4thsUc,2026-10-01T01:57:07+00:00,decode,6,162416,0.22,432.63,,0,,,
ap-yXxcAQPhR4WRVkUd4thsUc,2026-10-01T01:57:07+00:00,prefill,6,,0.26,,494.78,0,1,621,30208
ap-yXxcAQPhR4WRVkUd4thsUc,2026-10-01T01:57:08+00:00,decode,6,161705,0.22,388.07,,0,,,
ap-yXxcAQPhR4WRVkUd4thsUc,2026-10-01T01:57:08+00:00,prefill,5,,0.22,,249.58,0,1,175,41984
ap-yXxcAQPhR4WRVkUd4thsUc,2026-10-01T01:57:09+00:00,decode,5,140395,0.19,347.61,,0,,,
ap-yXxcAQPhR4WRVkUd4thsUc,2026-10-01T01:57:09+00:00,prefill,5,,0.19,,178.37,0,1,104,31744
ap-yXxcAQPhR4WRVkUd4thsUc,2026-10-01T01:57:09+00:00,decode,4,101322,0.14,314.01,,0,,,
ap-yXxcAQPhR4WRVkUd4thsUc,2026-10-01T01:57:10+00:00,prefill,3,,0.16,,712.17,0,1,547,36352
ap-yXxcAQPhR4WRVkUd4thsUc,2026-10-01T01:57:10+00:00,prefill,4,,0.18,,2220.99,0,1,595,20480
ap-yXxcAQPhR4WRVkUd4thsUc,2026-10-01T01:57:10+00:00,decode,5,137826,0.18,229.07,,0,,,
ap-yXxcAQPhR4WRVkUd4thsUc,2026-10-01T01:57:10+00:00,decode,5,138026,0.19,350.49,,0,,,
ap-yXxcAQPhR4WRVkUd4thsUc,2026-10-01T01:57:10+00:00,prefill,5,,0.23,,429.69,0,1,303,36608
ap-yXxcAQPhR4WRVkUd4thsUc,2026-10-01T01:57:11+00:00,prefill,6,,0.26,,1275.71,0,1,194,19072
ap-yXxcAQPhR4WRVkUd4thsUc,2026-10-01T01:57:11+00:00,prefill,7,,0.3,,2645.44,0,1,637,27648
ap-yXxcAQPhR4WRVkUd4thsUc,2026-10-01T01:57:11+00:00,prefill,8,,0.33,,5078.06,0,1,448,23680
ap-yXxcAQPhR4WRVkUd4thsUc,2026-10-01T01:57:11+00:00,prefill,8,,0.31,,3120.65,0,1,609,20736
ap-yXxcAQPhR4WRVkUd4thsUc,2026-10-01T01:57:11+00:00,decode,9,232770,0.31,331.38,,0,,,
ap-yXxcAQPhR4WRVkUd4thsUc,2026-10-01T01:57:12+00:00,prefill,8,,0.28,,811.74,0,1,522,29440
ap-yXxcAQPhR4WRVkUd4thsUc,2026-10-01T01:57:12+00:00,prefill,7,,0.29,,1927.42,0,1,220,31808
ap-yXxcAQPhR4WRVkUd4thsUc,2026-10-01T01:57:12+00:00,decode,7,191878,0.26,442.56,,0,,,
ap-yXxcAQPhR4WRVkUd4thsUc,2026-10-01T01:57:13+00:00,decode,5,137650,0.18,394.94,,0,,,
ap-yXxcAQPhR4WRVkUd4thsUc,2026-10-01T01:57:13+00:00,prefill,4,,0.19,,291.97,0,1,356,42112
ap-yXxcAQPhR4WRVkUd4thsUc,2026-10-01T01:57:13+00:00,decode,5,143257,0.19,290.43,,0,,,
ap-yXxcAQPhR4WRVkUd4thsUc,2026-10-01T01:57:14+00:00,prefill,5,,0.23,,601.66,0,1,402,28224
ap-yXxcAQPhR4WRVkUd4thsUc,2026-10-01T01:57:14+00:00,decode,6,171210,0.23,325.79,,0,,,
ap-yXxcAQPhR4WRVkUd4thsUc,2026-10-01T01:57:14+00:00,decode,3,68619,0.09,305.56,,0,,,
ap-yXxcAQPhR4WRVkUd4thsUc,2026-10-01T01:57:15+00:00,prefill,3,,0.13,,212.26,0,1,208,32000
ap-yXxcAQPhR4WRVkUd4thsUc,2026-10-01T01:57:15+00:00,prefill,4,,0.17,,2749.45,0,1,372,24128
ap-yXxcAQPhR4WRVkUd4thsUc,2026-10-01T01:57:15+00:00,decode,5,124096,0.17,235.3,,0,,,
ap-yXxcAQPhR4WRVkUd4thsUc,2026-10-01T01:57:15+00:00,prefill,5,,0.22,,2322.44,0,1,376,36864
ap-yXxcAQPhR4WRVkUd4thsUc,2026-10-01T01:57:16+00:00,decode,6,160889,0.22,373.96,,0,,,
ap-yXxcAQPhR4WRVkUd4thsUc,2026-10-01T01:57:16+00:00,prefill,6,,0.27,,1305.22,0,1,965,36864
ap-yXxcAQPhR4WRVkUd4thsUc,2026-10-01T01:57:16+00:00,decode,6,177511,0.24,361.55,,0,,,
ap-yXxcAQPhR4WRVkUd4thsUc,2026-10-01T01:57:17+00:00,prefill,5,,0.25,,649.03,0,1,581,30976
ap-yXxcAQPhR4WRVkUd4thsUc,2026-10-01T01:57:17+00:00,decode,6,184704,0.25,343.36,,0,,,
ap-yXxcAQPhR4WRVkUd4thsUc,2026-10-01T01:57:17+00:00,prefill,4,,0.2,,856.22,0,1,551,29952
ap-yXxcAQPhR4WRVkUd4thsUc,2026-10-01T01:57:18+00:00,prefill,5,,0.22,,2124.49,0,1,568,21504
ap-yXxcAQPhR4WRVkUd4thsUc,2026-10-01T01:57:18+00:00,prefill,6,,0.25,,5478.13,0,1,431,21056
ap-yXxcAQPhR4WRVkUd4thsUc,2026-10-01T01:57:18+00:00,prefill,7,,0.3,,922.65,0,1,132,32256
ap-yXxcAQPhR4WRVkUd4thsUc,2026-10-01T01:57:18+00:00,decode,8,220090,0.3,262.17,,0,,,
ap-yXxcAQPhR4WRVkUd4thsUc,2026-10-01T01:57:18+00:00,prefill,8,,0.35,,1162.32,0,1,210,42496
ap-yXxcAQPhR4WRVkUd4thsUc,2026-10-01T01:57:19+00:00,decode,7,222104,0.3,477.77,,0,,,
ap-yXxcAQPhR4WRVkUd4thsUc,2026-10-01T01:57:19+00:00,decode,5,142954,0.19,361.16,,0,,,
ap-yXxcAQPhR4WRVkUd4thsUc,2026-10-01T01:57:20+00:00,prefill,3,,0.16,,256.23,0,1,385,37184
ap-yXxcAQPhR4WRVkUd4thsUc,2026-10-01T01:57:20+00:00,decode,4,120886,0.16,266.19,,0,,,
ap-yXxcAQPhR4WRVkUd4thsUc,2026-10-01T01:57:20+00:00,decode,2,59182,0.08,210.99,,0,,,
ap-yXxcAQPhR4WRVkUd4thsUc,2026-10-01T01:57:21+00:00,prefill,2,,0.1,,633.75,0,1,662,18880
ap-yXxcAQPhR4WRVkUd4thsUc,2026-10-01T01:57:21+00:00,prefill,3,,0.15,,525.41,0,1,56,32512
ap-yXxcAQPhR4WRVkUd4thsUc,2026-10-01T01:57:21+00:00,decode,4,110034,0.15,186.0,,0,,,
ap-yXxcAQPhR4WRVkUd4thsUc,2026-10-01T01:57:21+00:00,prefill,4,,0.19,,1271.02,0,1,459,28928
ap-yXxcAQPhR4WRVkUd4thsUc,2026-10-01T01:57:21+00:00,decode,4,101716,0.14,291.45,,0,,,
ap-yXxcAQPhR4WRVkUd4thsUc,2026-10-01T01:57:22+00:00,prefill,3,,0.15,,616.76,0,1,488,37888
ap-yXxcAQPhR4WRVkUd4thsUc,2026-10-01T01:57:22+00:00,decode,4,92046,0.12,257.86,,0,,,
ap-yXxcAQPhR4WRVkUd4thsUc,2026-10-01T01:57:23+00:00,decode,2,70450,0.09,209.9,,0,,,
ap-yXxcAQPhR4WRVkUd4thsUc,2026-10-01T01:57:23+00:00,prefill,1,,0.09,,532.91,0,1,613,30464
ap-yXxcAQPhR4WRVkUd4thsUc,2026-10-01T01:57:23+00:00,prefill,2,,0.13,,5172.13,0,1,741,31552
ap-yXxcAQPhR4WRVkUd4thsUc,2026-10-01T01:57:23+00:00,decode,3,100499,0.13,102.62,,0,,,
ap-yXxcAQPhR4WRVkUd4thsUc,2026-10-01T01:57:23+00:00,prefill,3,,0.19,,1888.28,0,1,434,42688
ap-yXxcAQPhR4WRVkUd4thsUc,2026-10-01T01:57:23+00:00,prefill,4,,0.21,,8433.79,0,1,663,14592
ap-yXxcAQPhR4WRVkUd4thsUc,2026-10-01T01:57:24+00:00,prefill,5,,0.25,,2485.72,0,1,236,32512
ap-yXxcAQPhR4WRVkUd4thsUc,2026-10-01T01:57:24+00:00,prefill,6,,0.29,,2888.71,0,1,352,29376
ap-yXxcAQPhR4WRVkUd4thsUc,2026-10-01T01:57:24+00:00,prefill,7,,0.34,,1895.57,0,1,266,37632
ap-yXxcAQPhR4WRVkUd4thsUc,2026-10-01T01:57:24+00:00,prefill,8,,0.37,,1509.16,0,1,527,22272
ap-yXxcAQPhR4WRVkUd4thsUc,2026-10-01T01:57:24+00:00,decode,9,278022,0.37,292.21,,0,,,
ap-yXxcAQPhR4WRVkUd4thsUc,2026-10-01T01:57:25+00:00,prefill,7,,0.29,,440.02,0,1,285,21504
ap-yXxcAQPhR4WRVkUd4thsUc,2026-10-01T01:57:25+00:00,decode,8,219111,0.29,472.67,,0,,,
ap-yXxcAQPhR4WRVkUd4thsUc,2026-10-01T01:57:25+00:00,prefill,8,,0.3,,1684.85,0,1,442,19520
ap-yXxcAQPhR4WRVkUd4thsUc,2026-10-01T01:57:26+00:00,decode,8,224057,0.3,457.05,,0,,,
ap-yXxcAQPhR4WRVkUd4thsUc,2026-10-01T01:57:26+00:00,decode,4,103052,0.14,443.52,,0,,,
ap-yXxcAQPhR4WRVkUd4thsUc,2026-10-01T01:57:27+00:00,prefill,4,,0.16,,94.16,0,1,160,32768
ap-yXxcAQPhR4WRVkUd4thsUc,2026-10-01T01:57:27+00:00,decode,4,116067,0.16,280.82,,0,,,
ap-yXxcAQPhR4WRVkUd4thsUc,2026-10-01T01:57:27+00:00,prefill,4,,0.21,,3820.6,0,1,896,38400
ap-yXxcAQPhR4WRVkUd4thsUc,2026-10-01T01:57:28+00:00,decode,5,154871,0.21,282.88,,0,,,
ap-yXxcAQPhR4WRVkUd4thsUc,2026-10-01T01:57:28+00:00,decode,5,155071,0.21,342.42,,0,,,
ap-yXxcAQPhR4WRVkUd4thsUc,2026-10-01T01:57:28+00:00,prefill,5,,0.26,,260.01,0,1,339,37888
ap-yXxcAQPhR4WRVkUd4thsUc,2026-10-01T01:57:29+00:00,prefill,5,,0.27,,776.14,0,1,291,43072
ap-yXxcAQPhR4WRVkUd4thsUc,2026-10-01T01:57:29+00:00,prefill,6,,0.3,,7523.73,0,1,1330,19968
ap-yXxcAQPhR4WRVkUd4thsUc,2026-10-01T01:57:29+00:00,decode,7,224207,0.3,260.75,,0,,,
ap-yXxcAQPhR4WRVkUd4thsUc,2026-10-01T01:57:29+00:00,prefill,4,,0.18,,805.45,0,1,495,31232
ap-yXxcAQPhR4WRVkUd4thsUc,2026-10-01T01:57:30+00:00,decode,4,132729,0.18,305.71,,0,,,
ap-yXxcAQPhR4WRVkUd4thsUc,2026-10-01T01:57:30+00:00,prefill,4,,0.22,,204.02,0,1,84,33024
ap-yXxcAQPhR4WRVkUd4thsUc,2026-10-01T01:57:30+00:00,decode,4,122567,0.16,291.36,,0,,,
ap-yXxcAQPhR4WRVkUd4thsUc,2026-10-01T01:57:31+00:00,decode,3,85036,0.11,251.8,,0,,,
ap-yXxcAQPhR4WRVkUd4thsUc,2026-10-01T01:57:31+00:00,prefill,2,,0.13,,484.07,0,1,537,29952
ap-yXxcAQPhR4WRVkUd4thsUc,2026-10-01T01:57:31+00:00,decode,3,94206,0.13,198.01,,0,,,
ap-yXxcAQPhR4WRVkUd4thsUc,2026-10-01T01:57:32+00:00,decode,1,31896,0.04,195.07,,0,,,
ap-yXxcAQPhR4WRVkUd4thsUc,2026-10-01T01:57:32+00:00,prefill,0,,0.03,,460.17,0,1,486,23040
ap-yXxcAQPhR4WRVkUd4thsUc,2026-10-01T01:57:32+00:00,prefill,1,,0.06,,4661.36,0,1,516,21760
ap-yXxcAQPhR4WRVkUd4thsUc,2026-10-01T01:57:32+00:00,prefill,2,,0.1,,636.4,0,1,200,33088
ap-yXxcAQPhR4WRVkUd4thsUc,2026-10-01T01:57:33+00:00,decode,3,77788,0.1,103.71,,0,,,
ap-yXxcAQPhR4WRVkUd4thsUc,2026-10-01T01:57:33+00:00,prefill,3,,0.16,,2523.47,0,1,514,39296
ap-yXxcAQPhR4WRVkUd4thsUc,2026-10-01T01:57:33+00:00,prefill,4,,0.21,,2965.08,0,1,348,38208
ap-yXxcAQPhR4WRVkUd4thsUc,2026-10-01T01:57:33+00:00,prefill,5,,0.25,,660.85,0,1,213,32512
ap-yXxcAQPhR4WRVkUd4thsUc,2026-10-01T01:57:33+00:00,prefill,6,,0.29,,2658.15,0,1,366,30464
ap-yXxcAQPhR4WRVkUd4thsUc,2026-10-01T01:57:33+00:00,decode,7,216978,0.29,262.55,,0,,,
ap-yXxcAQPhR4WRVkUd4thsUc,2026-10-01T01:57:34+00:00,decode,7,217258,0.29,438.91,,0,,,
ap-yXxcAQPhR4WRVkUd4thsUc,2026-10-01T01:57:34+00:00,prefill,7,,0.35,,341.32,0,1,322,43328
ap-yXxcAQPhR4WRVkUd4thsUc,2026-10-01T01:57:35+00:00,decode,6,206663,0.28,411.01,,0,,,
ap-yXxcAQPhR4WRVkUd4thsUc,2026-10-01T01:57:35+00:00,prefill,4,,0.16,,2483.08,0,1,2102,21248
ap-yXxcAQPhR4WRVkUd4thsUc,2026-10-01T01:57:35+00:00,prefill,4,,0.2,,6736.19,0,1,595,31744
ap-yXxcAQPhR4WRVkUd4thsUc,2026-10-01T01:57:36+00:00,decode,5,151207,0.2,233.98,,0,,,
ap-yXxcAQPhR4WRVkUd4thsUc,2026-10-01T01:57:36+00:00,prefill,5,,0.25,,291.83,0,1,188,33280
ap-yXxcAQPhR4WRVkUd4thsUc,2026-10-01T01:57:36+00:00,decode,5,141141,0.19,330.75,,0,,,
ap-yXxcAQPhR4WRVkUd4thsUc,2026-10-01T01:57:36+00:00,prefill,5,,0.21,,1036.28,0,1,453,14720
ap-yXxcAQPhR4WRVkUd4thsUc,2026-10-01T01:57:37+00:00,decode,6,155867,0.21,373.79,,0,,,
ap-yXxcAQPhR4WRVkUd4thsUc,2026-10-01T01:57:37+00:00,prefill,5,,0.23,,205.19,0,1,229,38656
ap-yXxcAQPhR4WRVkUd4thsUc,2026-10-01T01:57:37+00:00,decode,6,171498,0.23,352.18,,0,,,
ap-yXxcAQPhR4WRVkUd4thsUc,2026-10-01T01:57:38+00:00,prefill,2,,0.15,,1350.89,0,1,883,39808
ap-yXxcAQPhR4WRVkUd4thsUc,2026-10-01T01:57:38+00:00,decode,3,109373,0.15,242.03,,0,,,
ap-yXxcAQPhR4WRVkUd4thsUc,2026-10-01T01:57:39+00:00,decode,3,109493,0.15,223.54,,0,,,
ap-yXxcAQPhR4WRVkUd4thsUc,2026-10-01T01:57:39+00:00,prefill,3,,0.15,,154.92,0,1,112,33536
ap-yXxcAQPhR4WRVkUd4thsUc,2026-10-01T01:57:39+00:00,prefill,3,,0.19,,778.2,0,1,271,30976
ap-yXxcAQPhR4WRVkUd4thsUc,2026-10-01T01:57:39+00:00,decode,3,104349,0.14,209.48,,0,,,
ap-yXxcAQPhR4WRVkUd4thsUc,2026-10-01T01:57:39+00:00,prefill,3,,0.18,,2274.98,0,1,692,32768
ap-yXxcAQPhR4WRVkUd4thsUc,2026-10-01T01:57:40+00:00,prefill,3,,0.19,,1128.43,0,1,595,43648
ap-yXxcAQPhR4WRVkUd4thsUc,2026-10-01T01:57:40+00:00,prefill,4,,0.22,,7025.35,0,1,490,23296
ap-yXxcAQPhR4WRVkUd4thsUc,2026-10-01T01:57:40+00:00,decode,5,163816,0.22,202.91,,0,,,
ap-yXxcAQPhR4WRVkUd4thsUc,2026-10-01T01:57:40+00:00,prefill,5,,0.25,,1770.27,0,1,445,23808
ap-yXxcAQPhR4WRVkUd4thsUc,2026-10-01T01:57:40+00:00,prefill,6,,0.28,,1677.61,0,1,391,22272
ap-yXxcAQPhR4WRVkUd4thsUc,2026-10-01T01:57:41+00:00,prefill,7,,0.32,,4004.43,0,1,615,30976
ap-yXxcAQPhR4WRVkUd4thsUc,2026-10-01T01:57:41+00:00,prefill,7,,0.27,,1839.42,0,1,513,32512
ap-yXxcAQPhR4WRVkUd4thsUc,2026-10-01T01:57:41+00:00,decode,7,198419,0.27,290.3,,0,,,
ap-yXxcAQPhR4WRVkUd4thsUc,2026-10-01T01:57:41+00:00,decode,4,112780,0.15,399.39,,0,,,
ap-yXxcAQPhR4WRVkUd4thsUc,2026-10-01T01:57:42+00:00,prefill,3,,0.17,,414.02,0,1,302,38912
ap-yXxcAQPhR4WRVkUd4thsUc,2026-10-01T01:57:42+00:00,prefill,4,,0.22,,595.18,0,1,228,33600
ap-yXxcAQPhR4WRVkUd4thsUc,2026-10-01T01:57:42+00:00,decode,5,161431,0.22,261.06,,0,,,
ap-yXxcAQPhR4WRVkUd4thsUc,2026-10-01T01:57:43+00:00,decode,5,161631,0.22,340.2,,0,,,
ap-yXxcAQPhR4WRVkUd4thsUc,2026-10-01T01:57:43+00:00,prefill,5,,0.26,,356.17,0,1,329,31232
ap-yXxcAQPhR4WRVkUd4thsUc,2026-10-01T01:57:43+00:00,prefill,6,,0.3,,1069.59,0,1,380,31552
ap-yXxcAQPhR4WRVkUd4thsUc,2026-10-01T01:57:43+00:00,prefill,7,,0.35,,2700.93,0,1,493,40704
ap-yXxcAQPhR4WRVkUd4thsUc,2026-10-01T01:57:43+00:00,decode,8,263955,0.35,312.32,,0,,,
ap-yXxcAQPhR4WRVkUd4thsUc,2026-10-01T01:57:44+00:00,decode,6,193409,0.26,415.11,,0,,,
ap-yXxcAQPhR4WRVkUd4thsUc,2026-10-01T01:57:45+00:00,decode,5,160339,0.22,348.06,,0,,,
ap-yXxcAQPhR4WRVkUd4thsUc,2026-10-01T01:57:45+00:00,prefill,5,,0.27,,321.76,0,1,526,44224
ap-yXxcAQPhR4WRVkUd4thsUc,2026-10-01T01:57:45+00:00,prefill,6,,0.32,,1943.87,0,1,216,33792
ap-yXxcAQPhR4WRVkUd4thsUc,2026-10-01T01:57:45+00:00,decode,6,197328,0.26,319.6,,0,,,
ap-yXxcAQPhR4WRVkUd4thsUc,2026-10-01T01:57:46+00:00,prefill,5,,0.27,,1909.36,0,1,918,23808
ap-yXxcAQPhR4WRVkUd4thsUc,2026-10-01T01:57:46+00:00,prefill,6,,0.32,,953.95,0,1,375,39168
ap-yXxcAQPhR4WRVkUd4thsUc,2026-10-01T01:57:46+00:00,decode,6,192299,0.26,311.24,,0,,,
ap-yXxcAQPhR4WRVkUd4thsUc,2026-10-01T01:57:47+00:00,decode,6,192539,0.26,389.78,,0,,,
ap-yXxcAQPhR4WRVkUd4thsUc,2026-10-01T01:57:47+00:00,prefill,6,,0.3,,718.14,0,1,617,33024
ap-yXxcAQPhR4WRVkUd4thsUc,2026-10-01T01:57:47+00:00,prefill,5,,0.26,,1530.69,0,1,660,24320
ap-yXxcAQPhR4WRVkUd4thsUc,2026-10-01T01:57:47+00:00,prefill,6,,0.29,,4243.75,0,1,309,22656
ap-yXxcAQPhR4WRVkUd4thsUc,2026-10-01T01:57:48+00:00,decode,7,181323,0.24,301.48,,0,,,
ap-yXxcAQPhR4WRVkUd4thsUc,2026-10-01T01:57:48+00:00,decode,4,111748,0.15,382.72,,0,,,
ap-yXxcAQPhR4WRVkUd4thsUc,2026-10-01T01:57:49+00:00,prefill,4,,0.19,,128.81,0,1,140,34048
ap-yXxcAQPhR4WRVkUd4thsUc,2026-10-01T01:57:49+00:00,prefill,4,,0.22,,2779.9,0,1,860,41216
ap-yXxcAQPhR4WRVkUd4thsUc,2026-10-01T01:57:49+00:00,decode,5,133072,0.18,245.66,,0,,,
ap-yXxcAQPhR4WRVkUd4thsUc,2026-10-01T01:57:49+00:00,decode,3,100118,0.13,287.0,,0,,,
ap-yXxcAQPhR4WRVkUd4thsUc,2026-10-01T01:57:50+00:00,decode,3,100238,0.13,226.46,,0,,,
ap-yXxcAQPhR4WRVkUd4thsUc,2026-10-01T01:57:50+00:00,prefill,3,,0.17,,640.51,0,1,863,24704
ap-yXxcAQPhR4WRVkUd4thsUc,2026-10-01T01:57:50+00:00,prefill,4,,0.23,,2408.86,0,1,362,44800
ap-yXxcAQPhR4WRVkUd4thsUc,2026-10-01T01:57:50+00:00,prefill,5,,0.28,,2504.74,0,1,384,39488
ap-yXxcAQPhR4WRVkUd4thsUc,2026-10-01T01:57:51+00:00,prefill,6,,0.32,,3193.1,0,1,497,31744
ap-yXxcAQPhR4WRVkUd4thsUc,2026-10-01T01:57:51+00:00,prefill,5,,0.27,,2600.93,0,1,823,33792
ap-yXxcAQPhR4WRVkUd4thsUc,2026-10-01T01:57:51+00:00,decode,6,198972,0.27,220.43,,0,,,
ap-yXxcAQPhR4WRVkUd4thsUc,2026-10-01T01:57:51+00:00,prefill,6,,0.31,,3963.09,0,1,437,32256
ap-yXxcAQPhR4WRVkUd4thsUc,2026-10-01T01:57:52+00:00,decode,6,186521,0.25,377.89,,0,,,
ap-yXxcAQPhR4WRVkUd4thsUc,2026-10-01T01:57:52+00:00,prefill,5,,0.25,,84.55,0,1,64,34304
ap-yXxcAQPhR4WRVkUd4thsUc,2026-10-01T01:57:52+00:00,decode,5,157288,0.21,330.48,,0,,,
ap-yXxcAQPhR4WRVkUd4thsUc,2026-10-01T01:57:53+00:00,prefill,3,,0.17,,478.98,0,1,423,33792
ap-yXxcAQPhR4WRVkUd4thsUc,2026-10-01T01:57:53+00:00,decode,3,93024,0.12,276.14,,0,,,
ap-yXxcAQPhR4WRVkUd4thsUc,2026-10-01T01:57:53+00:00,decode,3,93144,0.12,228.92,,0,,,
ap-yXxcAQPhR4WRVkUd4thsUc,2026-10-01T01:57:54+00:00,prefill,3,,0.17,,409.17,0,1,394,32640
ap-yXxcAQPhR4WRVkUd4thsUc,2026-10-01T01:57:54+00:00,prefill,3,,0.16,,1760.93,0,1,615,24064
ap-yXxcAQPhR4WRVkUd4thsUc,2026-10-01T01:57:54+00:00,decode,4,115803,0.16,207.71,,0,,,
ap-yXxcAQPhR4WRVkUd4thsUc,2026-10-01T01:57:54+00:00,prefill,4,,0.21,,1462.57,0,1,534,42048
ap-yXxcAQPhR4WRVkUd4thsUc,2026-10-01T01:57:55+00:00,prefill,5,,0.26,,749.57,0,1,180,34368
ap-yXxcAQPhR4WRVkUd4thsUc,2026-10-01T01:57:55+00:00,decode,6,191755,0.26,284.37,,0,,,
ap-yXxcAQPhR4WRVkUd4thsUc,2026-10-01T01:57:55+00:00,prefill,6,,0.29,,1801.83,0,1,584,22912
ap-yXxcAQPhR4WRVkUd4thsUc,2026-10-01T01:57:55+00:00,prefill,7,,0.34,,2112.18,0,1,265,39936
ap-yXxcAQPhR4WRVkUd4thsUc,2026-10-01T01:57:55+00:00,prefill,8,,0.37,,3365.24,0,1,619,25088
ap-yXxcAQPhR4WRVkUd4thsUc,2026-10-01T01:57:56+00:00,decode,9,245527,0.33,382.45,,0,,,
ap-yXxcAQPhR4WRVkUd4thsUc,2026-10-01T01:57:56+00:00,prefill,8,,0.39,,951.85,0,1,569,45120
ap-yXxcAQPhR4WRVkUd4thsUc,2026-10-01T01:57:56+00:00,decode,9,290882,0.39,453.43,,0,,,
ap-yXxcAQPhR4WRVkUd4thsUc,2026-10-01T01:57:57+00:00,prefill,7,,0.32,,475.08,0,1,591,34560
ap-yXxcAQPhR4WRVkUd4thsUc,2026-10-01T01:57:57+00:00,decode,8,238597,0.32,441.2,,0,,,
ap-yXxcAQPhR4WRVkUd4thsUc,2026-10-01T01:57:58+00:00,decode,5,142258,0.19,402.4,,0,,,
ap-yXxcAQPhR4WRVkUd4thsUc,2026-10-01T01:57:58+00:00,prefill,3,,0.16,,150.78,0,1,168,34560
ap-yXxcAQPhR4WRVkUd4thsUc,2026-10-01T01:57:58+00:00,decode,4,117723,0.16,310.0,,0,,,
ap-yXxcAQPhR4WRVkUd4thsUc,2026-10-01T01:57:59+00:00,decode,4,152061,0.2,276.52,,0,,,
ap-yXxcAQPhR4WRVkUd4thsUc,2026-10-01T01:57:59+00:00,prefill,4,,0.2,,735.12,0,1,565,34304
ap-yXxcAQPhR4WRVkUd4thsUc,2026-10-01T01:58:00+00:00,decode,4,119763,0.16,301.91,,0,,,
ap-yXxcAQPhR4WRVkUd4thsUc,2026-10-01T01:58:00+00:00,prefill,4,,0.21,,403.66,0,1,338,40192
ap-yXxcAQPhR4WRVkUd4thsUc,2026-10-01T01:58:00+00:00,decode,5,159791,0.21,297.11,,0,,,
ap-yXxcAQPhR4WRVkUd4thsUc,2026-10-01T01:58:01+00:00,decode,3,100415,0.13,257.71,,0,,,
ap-yXxcAQPhR4WRVkUd4thsUc,2026-10-01T01:58:01+00:00,prefill,3,,0.18,,77.98,0,1,92,34816
ap-yXxcAQPhR4WRVkUd4thsUc,2026-10-01T01:58:01+00:00,prefill,4,,0.21,,1391.77,0,1,303,45632
ap-yXxcAQPhR4WRVkUd4thsUc,2026-10-01T01:58:01+00:00,prefill,4,,0.25,,3597.27,0,1,515,33280
ap-yXxcAQPhR4WRVkUd4thsUc,2026-10-01T01:58:01+00:00,decode,5,187592,0.25,205.05,,0,,,
ap-yXxcAQPhR4WRVkUd4thsUc,2026-10-01T01:58:02+00:00,prefill,3,,0.2,,509.82,0,1,332,35136
ap-yXxcAQPhR4WRVkUd4thsUc,2026-10-01T01:58:02+00:00,decode,4,148205,0.2,253.72,,0,,,
ap-yXxcAQPhR4WRVkUd4thsUc,2026-10-01T01:58:03+00:00,decode,2,69834,0.09,197.51,,0,,,
ap-yXxcAQPhR4WRVkUd4thsUc,2026-10-01T01:58:03+00:00,prefill,1,,0.08,,524.17,0,1,578,25856
ap-yXxcAQPhR4WRVkUd4thsUc,2026-10-01T01:58:03+00:00,decode,2,61300,0.08,134.4,,0,,,
ap-yXxcAQPhR4WRVkUd4thsUc,2026-10-01T01:58:03+00:00,prefill,2,,0.11,,1207.86,0,1,317,23552
ap-yXxcAQPhR4WRVkUd4thsUc,2026-10-01T01:58:04+00:00,decode,3,84586,0.11,187.32,,0,,,
ap-yXxcAQPhR4WRVkUd4thsUc,2026-10-01T01:58:04+00:00,prefill,3,,0.16,,489.48,0,1,208,34880
ap-yXxcAQPhR4WRVkUd4thsUc,2026-10-01T01:58:04+00:00,prefill,3,,0.18,,1303.24,0,1,347,40512
ap-yXxcAQPhR4WRVkUd4thsUc,2026-10-01T01:58:04+00:00,decode,4,136085,0.18,238.71,,0,,,
ap-yXxcAQPhR4WRVkUd4thsUc,2026-10-01T01:58:05+00:00,prefill,4,,0.23,,994.56,0,1,707,34816
ap-yXxcAQPhR4WRVkUd4thsUc,2026-10-01T01:58:05+00:00,prefill,5,,0.27,,3213.76,0,1,344,33792
ap-yXxcAQPhR4WRVkUd4thsUc,2026-10-01T01:58:05+00:00,decode,6,204360,0.27,255.1,,0,,,
ap-yXxcAQPhR4WRVkUd4thsUc,2026-10-01T01:58:05+00:00,prefill,6,,0.31,,2058.11,0,1,916,25536
ap-yXxcAQPhR4WRVkUd4thsUc,2026-10-01T01:58:06+00:00,decode,7,230392,0.31,358.15,,0,,,
ap-yXxcAQPhR4WRVkUd4thsUc,2026-10-01T01:58:06+00:00,prefill,4,,0.22,,612.09,0,1,606,45888
ap-yXxcAQPhR4WRVkUd4thsUc,2026-10-01T01:58:06+00:00,decode,5,166559,0.22,319.64,,0,,,
ap-yXxcAQPhR4WRVkUd4thsUc,2026-10-01T01:58:07+00:00,prefill,5,,0.27,,353.17,0,1,196,35072
ap-yXxcAQPhR4WRVkUd4thsUc,2026-10-01T01:58:07+00:00,prefill,6,,0.3,,4050.76,0,1,474,23872
ap-yXxcAQPhR4WRVkUd4thsUc,2026-10-01T01:58:07+00:00,decode,7,222920,0.3,316.75,,0,,,
ap-yXxcAQPhR4WRVkUd4thsUc,2026-10-01T01:58:08+00:00,decode,6,177304,0.24,401.39,,0,,,
ap-yXxcAQPhR4WRVkUd4thsUc,2026-10-01T01:58:08+00:00,decode,3,94972,0.13,295.62,,0,,,
ap-yXxcAQPhR4WRVkUd4thsUc,2026-10-01T01:58:09+00:00,prefill,3,,0.18,,141.73,0,1,228,40960
ap-yXxcAQPhR4WRVkUd4thsUc,2026-10-01T01:58:09+00:00,decode,4,135614,0.18,241.63,,0,,,
ap-yXxcAQPhR4WRVkUd4thsUc,2026-10-01T01:58:09+00:00,prefill,3,,0.17,,436.65,0,1,367,23808
ap-yXxcAQPhR4WRVkUd4thsUc,2026-10-01T01:58:09+00:00,decode,4,124509,0.17,215.02,,0,,,
ap-yXxcAQPhR4WRVkUd4thsUc,2026-10-01T01:58:10+00:00,prefill,4,,0.21,,3527.41,0,1,684,35584
ap-yXxcAQPhR4WRVkUd4thsUc,2026-10-01T01:58:10+00:00,prefill,5,,0.26,,1269.8,0,1,120,35328
ap-yXxcAQPhR4WRVkUd4thsUc,2026-10-01T01:58:10+00:00,prefill,6,,0.3,,4194.73,0,1,537,26624
ap-yXxcAQPhR4WRVkUd4thsUc,2026-10-01T01:58:10+00:00,prefill,7,,0.33,,4266.14,0,1,213,24320
ap-yXxcAQPhR4WRVkUd4thsUc,2026-10-01T01:58:10+00:00,decode,8,245252,0.33,319.44,,0,,,
ap-yXxcAQPhR4WRVkUd4thsUc,2026-10-01T01:58:11+00:00,prefill,5,,0.25,,561.61,0,1,593,35584
ap-yXxcAQPhR4WRVkUd4thsUc,2026-10-01T01:58:11+00:00,decode,6,182886,0.25,365.28,,0,,,
ap-yXxcAQPhR4WRVkUd4thsUc,2026-10-01T01:58:12+00:00,decode,6,183126,0.25,394.15,,0,,,
ap-yXxcAQPhR4WRVkUd4thsUc,2026-10-01T01:58:12+00:00,prefill,5,,0.24,,472.2,0,1,593,34304
ap-yXxcAQPhR4WRVkUd4thsUc,2026-10-01T01:58:12+00:00,decode,6,182480,0.24,341.37,,0,,,
ap-yXxcAQPhR4WRVkUd4thsUc,2026-10-01T01:58:13+00:00,prefill,5,,0.23,,519.15,0,1,272,24576
ap-yXxcAQPhR4WRVkUd4thsUc,2026-10-01T01:58:13+00:00,prefill,6,,0.27,,1670.74,0,1,236,35392
ap-yXxcAQPhR4WRVkUd4thsUc,2026-10-01T01:58:13+00:00,decode,7,203961,0.27,355.73,,0,,,
ap-yXxcAQPhR4WRVkUd4thsUc,2026-10-01T01:58:13+00:00,prefill,7,,0.33,,1882.5,0,1,301,41216
ap-yXxcAQPhR4WRVkUd4thsUc,2026-10-01T01:58:14+00:00,decode,7,211007,0.28,413.69,,0,,,
ap-yXxcAQPhR4WRVkUd4thsUc,2026-10-01T01:58:14+00:00,decode,5,153443,0.21,371.0,,0,,,
ap-yXxcAQPhR4WRVkUd4thsUc,2026-10-01T01:58:14+00:00,prefill,5,,0.23,,112.58,0,1,152,19264
ap-yXxcAQPhR4WRVkUd4thsUc,2026-10-01T01:58:15+00:00,decode,6,171833,0.23,368.66,,0,,,
ap-yXxcAQPhR4WRVkUd4thsUc,2026-10-01T01:58:15+00:00,decode,3,69159,0.09,280.1,,0,,,
ap-yXxcAQPhR4WRVkUd4thsUc,2026-10-01T01:58:16+00:00,prefill,2,,0.1,,335.76,0,1,441,24832
ap-yXxcAQPhR4WRVkUd4thsUc,2026-10-01T01:58:16+00:00,prefill,3,,0.15,,1591.66,0,1,224,35584
ap-yXxcAQPhR4WRVkUd4thsUc,2026-10-01T01:58:16+00:00,prefill,4,,0.2,,3168.34,0,1,460,34880
ap-yXxcAQPhR4WRVkUd4thsUc,2026-10-01T01:58:16+00:00,decode,5,145408,0.2,187.6,,0,,,
ap-yXxcAQPhR4WRVkUd4thsUc,2026-10-01T01:58:17+00:00,decode,5,145608,0.2,346.75,,0,,,
ap-yXxcAQPhR4WRVkUd4thsUc,2026-10-01T01:58:17+00:00,prefill,5,,0.24,,491.55,0,1,479,36352
ap-yXxcAQPhR4WRVkUd4thsUc,2026-10-01T01:58:17+00:00,prefill,6,,0.27,,1340.53,0,1,374,41472
ap-yXxcAQPhR4WRVkUd4thsUc,2026-10-01T01:58:17+00:00,decode,6,198457,0.27,312.6,,0,,,
ap-yXxcAQPhR4WRVkUd4thsUc,2026-10-01T01:58:17+00:00,prefill,6,,0.3,,2487.62,0,1,496,27392
ap-yXxcAQPhR4WRVkUd4thsUc,2026-10-01T01:58:18+00:00,prefill,7,,0.35,,849.08,0,1,356,36352
ap-yXxcAQPhR4WRVkUd4thsUc,2026-10-01T01:58:18+00:00,decode,8,261784,0.35,385.74,,0,,,
ap-yXxcAQPhR4WRVkUd4thsUc,2026-10-01T01:58:19+00:00,decode,7,226812,0.3,438.63,,0,,,
ap-yXxcAQPhR4WRVkUd4thsUc,2026-10-01T01:58:19+00:00,prefill,7,,0.35,,136.53,0,1,148,35840
ap-yXxcAQPhR4WRVkUd4thsUc,2026-10-01T01:58:19+00:00,decode,7,221136,0.3,438.22,,0,,,
ap-yXxcAQPhR4WRVkUd4thsUc,2026-10-01T01:58:20+00:00,prefill,7,,0.33,,1118.85,0,1,783,24576
ap-yXxcAQPhR4WRVkUd4thsUc,2026-10-01T01:58:20+00:00,decode,5,146966,0.2,366.51,,0,,,
ap-yXxcAQPhR4WRVkUd4thsUc,2026-10-01T01:58:21+00:00,decode,5,147166,0.2,345.9,,0,,,
ap-yXxcAQPhR4WRVkUd4thsUc,2026-10-01T01:58:21+00:00,decode,3,87126,0.12,291.49,,0,,,
ap-yXxcAQPhR4WRVkUd4thsUc,2026-10-01T01:58:22+00:00,prefill,2,,0.13,,176.04,0,1,383,41792
ap-yXxcAQPhR4WRVkUd4thsUc,2026-10-01T01:58:22+00:00,decode,3,93910,0.13,161.92,,0,,,
ap-yXxcAQPhR4WRVkUd4thsUc,2026-10-01T01:58:22+00:00,prefill,3,,0.17,,513.85,0,1,72,36096
ap-yXxcAQPhR4WRVkUd4thsUc,2026-10-01T01:58:22+00:00,decode,3,102024,0.14,261.56,,0,,,
ap-yXxcAQPhR4WRVkUd4thsUc,2026-10-01T01:58:23+00:00,prefill,2,,0.15,,325.1,0,1,257,32256
ap-yXxcAQPhR4WRVkUd4thsUc,2026-10-01T01:58:23+00:00,prefill,3,,0.18,,5276.67,0,1,1274,27136
ap-yXxcAQPhR4WRVkUd4thsUc,2026-10-01T01:58:23+00:00,prefill,4,,0.23,,5717.6,0,1,523,35584
ap-yXxcAQPhR4WRVkUd4thsUc,2026-10-01T01:58:23+00:00,prefill,5,,0.28,,3874.01,0,1,583,36864
ap-yXxcAQPhR4WRVkUd4thsUc,2026-10-01T01:58:23+00:00,decode,6,209234,0.28,146.28,,0,,,
ap-yXxcAQPhR4WRVkUd4thsUc,2026-10-01T01:58:24+00:00,decode,6,132749,0.18,381.66,,0,,,
ap-yXxcAQPhR4WRVkUd4thsUc,2026-10-01T01:58:24+00:00,prefill,4,,0.22,,593.86,0,1,455,28160
ap-yXxcAQPhR4WRVkUd4thsUc,2026-10-01T01:58:25+00:00,decode,4,125240,0.17,285.44,,0,,,
ap-yXxcAQPhR4WRVkUd4thsUc,2026-10-01T01:58:25+00:00,prefill,3,,0.17,,377.11,0,1,352,36672
ap-yXxcAQPhR4WRVkUd4thsUc,2026-10-01T01:58:25+00:00,prefill,4,,0.22,,811.8,0,1,188,36160
ap-yXxcAQPhR4WRVkUd4thsUc,2026-10-01T01:58:25+00:00,decode,5,165452,0.22,251.39,,0,,,
ap-yXxcAQPhR4WRVkUd4thsUc,2026-10-01T01:58:25+00:00,prefill,5,,0.27,,1193.07,0,1,355,36096
ap-yXxcAQPhR4WRVkUd4thsUc,2026-10-01T01:58:26+00:00,decode,5,173356,0.23,331.99,,0,,,
ap-yXxcAQPhR4WRVkUd4thsUc,2026-10-01T01:58:26+00:00,prefill,4,,0.2,,630.91,0,1,587,15232
ap-yXxcAQPhR4WRVkUd4thsUc,2026-10-01T01:58:26+00:00,decode,5,151730,0.2,279.72,,0,,,
ap-yXxcAQPhR4WRVkUd4thsUc,2026-10-01T01:58:27+00:00,prefill,5,,0.26,,1605.89,0,1,264,42240
ap-yXxcAQPhR4WRVkUd4thsUc,2026-10-01T01:58:27+00:00,decode,6,193786,0.26,360.81,,0,,,
ap-yXxcAQPhR4WRVkUd4thsUc,2026-10-01T01:58:27+00:00,prefill,6,,0.3,,579.43,0,1,483,32512
ap-yXxcAQPhR4WRVkUd4thsUc,2026-10-01T01:58:28+00:00,decode,4,138449,0.19,318.82,,0,,,
ap-yXxcAQPhR4WRVkUd4thsUc,2026-10-01T01:58:28+00:00,prefill,4,,0.24,,711.66,0,1,500,37440
ap-yXxcAQPhR4WRVkUd4thsUc,2026-10-01T01:58:28+00:00,prefill,5,,0.28,,1377.29,0,1,176,36352
ap-yXxcAQPhR4WRVkUd4thsUc,2026-10-01T01:58:28+00:00,decode,6,211747,0.28,288.0,,0,,,
ap-yXxcAQPhR4WRVkUd4thsUc,2026-10-01T01:58:29+00:00,prefill,5,,0.27,,895.22,0,1,407,28416
ap-yXxcAQPhR4WRVkUd4thsUc,2026-10-01T01:58:29+00:00,prefill,6,,0.29,,1097.63,0,1,140,15872
ap-yXxcAQPhR4WRVkUd4thsUc,2026-10-01T01:58:29+00:00,decode,6,185833,0.25,365.95,,0,,,
ap-yXxcAQPhR4WRVkUd4thsUc,2026-10-01T01:58:30+00:00,prefill,5,,0.24,,805.16,0,1,568,24832
ap-yXxcAQPhR4WRVkUd4thsUc,2026-10-01T01:58:30+00:00,decode,5,167209,0.22,329.21,,0,,,
ap-yXxcAQPhR4WRVkUd4thsUc,2026-10-01T01:58:30+00:00,decode,3,106652,0.14,305.65,,0,,,
ap-yXxcAQPhR4WRVkUd4thsUc,2026-10-01T01:58:31+00:00,prefill,3,,0.13,,306.66,0,1,414,28928
ap-yXxcAQPhR4WRVkUd4thsUc,2026-10-01T01:58:31+00:00,prefill,2,,0.14,,2002.27,0,1,337,42496
ap-yXxcAQPhR4WRVkUd4thsUc,2026-10-01T01:58:31+00:00,prefill,3,,0.16,,6453.78,0,1,322,16000
ap-yXxcAQPhR4WRVkUd4thsUc,2026-10-01T01:58:31+00:00,decode,4,119329,0.16,179.47,,0,,,
ap-yXxcAQPhR4WRVkUd4thsUc,2026-10-01T01:58:31+00:00,prefill,4,,0.21,,623.66,0,1,100,36608
ap-yXxcAQPhR4WRVkUd4thsUc,2026-10-01T01:58:32+00:00,decode,5,155546,0.21,318.21,,0,,,
ap-yXxcAQPhR4WRVkUd4thsUc,2026-10-01T01:58:32+00:00,prefill,5,,0.26,,298.45,0,1,287,37120
ap-yXxcAQPhR4WRVkUd4thsUc,2026-10-01T01:58:32+00:00,decode,6,192479,0.26,332.88,,0,,,
ap-yXxcAQPhR4WRVkUd4thsUc,2026-10-01T01:58:32+00:00,prefill,6,,0.3,,2408.7,0,1,665,28800
ap-yXxcAQPhR4WRVkUd4thsUc,2026-10-01T01:58:33+00:00,prefill,7,,0.35,,1192.0,0,1,610,36608
ap-yXxcAQPhR4WRVkUd4thsUc,2026-10-01T01:58:33+00:00,decode,7,215974,0.29,360.07,,0,,,
ap-yXxcAQPhR4WRVkUd4thsUc,2026-10-01T01:58:34+00:00,decode,5,143685,0.19,416.59,,0,,,
ap-yXxcAQPhR4WRVkUd4thsUc,2026-10-01T01:58:34+00:00,prefill,5,,0.24,,173.72,0,1,216,36672
ap-yXxcAQPhR4WRVkUd4thsUc,2026-10-01T01:58:34+00:00,prefill,6,,0.29,,3750.74,0,1,868,37888
ap-yXxcAQPhR4WRVkUd4thsUc,2026-10-01T01:58:35+00:00,decode,7,181322,0.24,295.74,,0,,,
ap-yXxcAQPhR4WRVkUd4thsUc,2026-10-01T01:58:35+00:00,decode,5,165682,0.22,369.17,,0,,,
ap-yXxcAQPhR4WRVkUd4thsUc,2026-10-01T01:58:36+00:00,prefill,5,,0.27,,348.99,0,1,378,37184
ap-yXxcAQPhR4WRVkUd4thsUc,2026-10-01T01:58:36+00:00,decode,6,202582,0.27,331.13,,0,,,
ap-yXxcAQPhR4WRVkUd4thsUc,2026-10-01T01:58:36+00:00,prefill,5,,0.27,,426.03,0,1,360,25344
ap-yXxcAQPhR4WRVkUd4thsUc,2026-10-01T01:58:36+00:00,decode,6,199044,0.27,344.21,,0,,,
ap-yXxcAQPhR4WRVkUd4thsUc,2026-10-01T01:58:37+00:00,decode,4,133853,0.18,295.71,,0,,,
ap-yXxcAQPhR4WRVkUd4thsUc,2026-10-01T01:58:37+00:00,prefill,4,,0.2,,836.02,0,1,686,16384
ap-yXxcAQPhR4WRVkUd4thsUc,2026-10-01T01:58:37+00:00,prefill,4,,0.2,,1494.58,0,1,204,36864
ap-yXxcAQPhR4WRVkUd4thsUc,2026-10-01T01:58:38+00:00,decode,5,148557,0.2,275.88,,0,,,
ap-yXxcAQPhR4WRVkUd4thsUc,2026-10-01T01:58:38+00:00,prefill,5,,0.25,,538.77,0,1,388,37376
ap-yXxcAQPhR4WRVkUd4thsUc,2026-10-01T01:58:38+00:00,prefill,6,,0.29,,5401.08,0,1,629,29440
ap-yXxcAQPhR4WRVkUd4thsUc,2026-10-01T01:58:38+00:00,decode,7,215059,0.29,318.97,,0,,,
ap-yXxcAQPhR4WRVkUd4thsUc,2026-10-01T01:58:39+00:00,prefill,7,,0.31,,732.9,0,1,366,15168
ap-yXxcAQPhR4WRVkUd4thsUc,2026-10-01T01:58:39+00:00,decode,7,191529,0.26,442.84,,0,,,
ap-yXxcAQPhR4WRVkUd4thsUc,2026-10-01T01:58:40+00:00,prefill,6,,0.25,,370.5,0,1,383,29696
ap-yXxcAQPhR4WRVkUd4thsUc,2026-10-01T01:58:40+00:00,decode,7,184681,0.25,417.06,,0,,,
ap-yXxcAQPhR4WRVkUd4thsUc,2026-10-01T01:58:40+00:00,decode,6,151864,0.2,421.63,,0,,,
ap-yXxcAQPhR4WRVkUd4thsUc,2026-10-01T01:58:41+00:00,prefill,6,,0.25,,149.74,0,1,128,37120
ap-yXxcAQPhR4WRVkUd4thsUc,2026-10-01T01:58:41+00:00,prefill,7,,0.3,,2635.07,0,1,530,38912
ap-yXxcAQPhR4WRVkUd4thsUc,2026-10-01T01:58:41+00:00,decode,7,190448,0.26,385.9,,0,,,
ap-yXxcAQPhR4WRVkUd4thsUc,2026-10-01T01:58:42+00:00,decode,7,190728,0.26,453.24,,0,,,
ap-yXxcAQPhR4WRVkUd4thsUc,2026-10-01T01:58:42+00:00,prefill,4,,0.22,,951.1,0,1,1583,32960
ap-yXxcAQPhR4WRVkUd4thsUc,2026-10-01T01:58:42+00:00,decode,5,165091,0.22,318.98,,0,,,
ap-yXxcAQPhR4WRVkUd4thsUc,2026-10-01T01:58:43+00:00,prefill,5,,0.27,,1117.6,0,1,441,37888
ap-yXxcAQPhR4WRVkUd4thsUc,2026-10-01T01:58:43+00:00,decode,5,166055,0.22,313.29,,0,,,
ap-yXxcAQPhR4WRVkUd4thsUc,2026-10-01T01:58:44+00:00,prefill,4,,0.16,,1165.92,0,1,841,17152
ap-yXxcAQPhR4WRVkUd4thsUc,2026-10-01T01:58:44+00:00,prefill,3,,0.11,,242.03,0,1,52,37376
ap-yXxcAQPhR4WRVkUd4thsUc,2026-10-01T01:58:44+00:00,decode,3,80218,0.11,243.75,,0,,,
ap-yXxcAQPhR4WRVkUd4thsUc,2026-10-01T01:58:44+00:00,prefill,3,,0.16,,1604.2,0,1,253,37760
ap-yXxcAQPhR4WRVkUd4thsUc,2026-10-01T01:58:44+00:00,decode,4,117700,0.16,267.93,,0,,,
ap-yXxcAQPhR4WRVkUd4thsUc,2026-10-01T01:58:45+00:00,decode,3,92320,0.12,277.28,,0,,,
ap-yXxcAQPhR4WRVkUd4thsUc,2026-10-01T01:58:45+00:00,decode,2,54998,0.07,175.98,,0,,,
ap-yXxcAQPhR4WRVkUd4thsUc,2026-10-01T01:58:46+00:00,prefill,1,,0.08,,224.83,0,1,401,38272
ap-yXxcAQPhR4WRVkUd4thsUc,2026-10-01T01:58:46+00:00,decode,2,56181,0.08,136.78,,0,,,
ap-yXxcAQPhR4WRVkUd4thsUc,2026-10-01T01:58:46+00:00,prefill,2,,0.12,,1175.4,0,1,389,30208
ap-yXxcAQPhR4WRVkUd4thsUc,2026-10-01T01:58:46+00:00,prefill,3,,0.16,,1913.21,0,1,588,30208
ap-yXxcAQPhR4WRVkUd4thsUc,2026-10-01T01:58:46+00:00,prefill,4,,0.21,,1771.64,0,1,232,37376
ap-yXxcAQPhR4WRVkUd4thsUc,2026-10-01T01:58:47+00:00,decode,5,153086,0.21,218.88,,0,,,
ap-yXxcAQPhR4WRVkUd4thsUc,2026-10-01T01:58:47+00:00,prefill,5,,0.26,,1055.15,0,1,634,39424
ap-yXxcAQPhR4WRVkUd4thsUc,2026-10-01T01:58:47+00:00,decode,6,192676,0.26,322.79,,0,,,
ap-yXxcAQPhR4WRVkUd4thsUc,2026-10-01T01:58:48+00:00,decode,6,192916,0.26,390.11,,0,,,
ap-yXxcAQPhR4WRVkUd4thsUc,2026-10-01T01:58:49+00:00,decode,5,175511,0.24,340.55,,0,,,
ap-yXxcAQPhR4WRVkUd4thsUc,2026-10-01T01:58:49+00:00,decode,4,138615,0.19,286.92,,0,,,
ap-yXxcAQPhR4WRVkUd4thsUc,2026-10-01T01:58:49+00:00,prefill,4,,0.21,,366.04,0,1,799,18176
ap-yXxcAQPhR4WRVkUd4thsUc,2026-10-01T01:58:49+00:00,prefill,5,,0.26,,1101.2,0,1,156,37632
ap-yXxcAQPhR4WRVkUd4thsUc,2026-10-01T01:58:50+00:00,decode,4,124533,0.17,296.26,,0,,,
ap-yXxcAQPhR4WRVkUd4thsUc,2026-10-01T01:58:50+00:00,decode,3,106327,0.14,283.89,,0,,,
ap-yXxcAQPhR4WRVkUd4thsUc,2026-10-01T01:58:51+00:00,prefill,3,,0.19,,522.49,0,1,650,37952
ap-yXxcAQPhR4WRVkUd4thsUc,2026-10-01T01:58:51+00:00,decode,3,106254,0.14,216.84,,0,,,
ap-yXxcAQPhR4WRVkUd4thsUc,2026-10-01T01:58:51+00:00,prefill,3,,0.18,,1378.64,0,1,768,26112
ap-yXxcAQPhR4WRVkUd4thsUc,2026-10-01T01:58:52+00:00,prefill,2,,0.11,,707.94,0,1,218,18944
ap-yXxcAQPhR4WRVkUd4thsUc,2026-10-01T01:58:52+00:00,decode,3,83387,0.11,197.95,,0,,,
ap-yXxcAQPhR4WRVkUd4thsUc,2026-10-01T01:58:52+00:00,decode,2,57240,0.08,181.04,,0,,,
ap-yXxcAQPhR4WRVkUd4thsUc,2026-10-01T01:58:52+00:00,prefill,2,,0.1,,103.96,0,1,80,37888
ap-yXxcAQPhR4WRVkUd4thsUc,2026-10-01T01:58:53+00:00,decode,2,76068,0.1,147.72,,0,,,
ap-yXxcAQPhR4WRVkUd4thsUc,2026-10-01T01:58:53+00:00,prefill,2,,0.16,,669.37,0,1,514,40192
ap-yXxcAQPhR4WRVkUd4thsUc,2026-10-01T01:58:53+00:00,prefill,3,,0.2,,2640.24,0,1,547,30976
ap-yXxcAQPhR4WRVkUd4thsUc,2026-10-01T01:58:53+00:00,prefill,4,,0.22,,3223.31,0,1,358,19200
ap-yXxcAQPhR4WRVkUd4thsUc,2026-10-01T01:58:53+00:00,decode,5,165912,0.22,158.9,,0,,,
ap-yXxcAQPhR4WRVkUd4thsUc,2026-10-01T01:58:54+00:00,prefill,5,,0.26,,2799.61,0,1,1047,30592
ap-yXxcAQPhR4WRVkUd4thsUc,2026-10-01T01:58:54+00:00,prefill,6,,0.32,,1291.64,0,1,543,38912
ap-yXxcAQPhR4WRVkUd4thsUc,2026-10-01T01:58:54+00:00,decode,7,235676,0.32,287.0,,0,,,
ap-yXxcAQPhR4WRVkUd4thsUc,2026-10-01T01:58:55+00:00,decode,4,129314,0.17,366.61,,0,,,
ap-yXxcAQPhR4WRVkUd4thsUc,2026-10-01T01:58:55+00:00,prefill,3,,0.17,,168.76,0,1,196,37952
ap-yXxcAQPhR4WRVkUd4thsUc,2026-10-01T01:58:55+00:00,decode,4,128281,0.17,231.63,,0,,,
ap-yXxcAQPhR4WRVkUd4thsUc,2026-10-01T01:58:56+00:00,decode,3,88241,0.12,283.06,,0,,,
ap-yXxcAQPhR4WRVkUd4thsUc,2026-10-01T01:58:56+00:00,decode,3,88361,0.12,230.15,,0,,,
ap-yXxcAQPhR4WRVkUd4thsUc,2026-10-01T01:58:57+00:00,prefill,3,,0.17,,255.84,0,1,372,39424
ap-yXxcAQPhR4WRVkUd4thsUc,2026-10-01T01:58:57+00:00,decode,4,127422,0.17,242.81,,0,,,
ap-yXxcAQPhR4WRVkUd4thsUc,2026-10-01T01:58:58+00:00,prefill,3,,0.16,,689.05,0,1,550,31616
ap-yXxcAQPhR4WRVkUd4thsUc,2026-10-01T01:58:58+00:00,decode,4,121441,0.16,225.89,,0,,,
ap-yXxcAQPhR4WRVkUd4thsUc,2026-10-01T01:58:58+00:00,prefill,4,,0.21,,467.08,0,1,184,38144
ap-yXxcAQPhR4WRVkUd4thsUc,2026-10-01T01:58:58+00:00,prefill,5,,0.25,,2366.34,0,1,304,26880
ap-yXxcAQPhR4WRVkUd4thsUc,2026-10-01T01:58:58+00:00,decode,5,154804,0.21,287.73,,0,,,
ap-yXxcAQPhR4WRVkUd4thsUc,2026-10-01T01:58:59+00:00,decode,4,135767,0.18,291.84,,0,,,
ap-yXxcAQPhR4WRVkUd4thsUc,2026-10-01T01:58:59+00:00,decode,4,135927,0.18,285.63,,0,,,
ap-yXxcAQPhR4WRVkUd4thsUc,2026-10-01T01:59:00+00:00,decode,3,98304,0.13,276.1,,0,,,
ap-yXxcAQPhR4WRVkUd4thsUc,2026-10-01T01:59:00+00:00,prefill,3,,0.19,,334.95,0,1,688,40704
ap-yXxcAQPhR4WRVkUd4thsUc,2026-10-01T01:59:01+00:00,decode,3,107478,0.14,234.13,,0,,,
ap-yXxcAQPhR4WRVkUd4thsUc,2026-10-01T01:59:01+00:00,prefill,3,,0.2,,1150.97,0,1,800,38656
ap-yXxcAQPhR4WRVkUd4thsUc,2026-10-01T01:59:01+00:00,prefill,4,,0.24,,1131.95,0,1,506,31744
ap-yXxcAQPhR4WRVkUd4thsUc,2026-10-01T01:59:01+00:00,prefill,5,,0.27,,5135.35,0,1,812,19712
ap-yXxcAQPhR4WRVkUd4thsUc,2026-10-01T01:59:01+00:00,decode,6,197621,0.27,199.3,,0,,,
ap-yXxcAQPhR4WRVkUd4thsUc,2026-10-01T01:59:02+00:00,prefill,6,,0.32,,913.41,0,1,108,38400
ap-yXxcAQPhR4WRVkUd4thsUc,2026-10-01T01:59:02+00:00,decode,6,196457,0.26,391.75,,0,,,
ap-yXxcAQPhR4WRVkUd4thsUc,2026-10-01T01:59:03+00:00,prefill,6,,0.28,,359.23,0,1,435,32256
ap-yXxcAQPhR4WRVkUd4thsUc,2026-10-01T01:59:03+00:00,decode,6,208786,0.28,350.96,,0,,,
ap-yXxcAQPhR4WRVkUd4thsUc,2026-10-01T01:59:03+00:00,decode,5,168123,0.23,358.73,,0,,,
ap-yXxcAQPhR4WRVkUd4thsUc,2026-10-01T01:59:04+00:00,prefill,4,,0.23,,561.72,0,1,621,39936
ap-yXxcAQPhR4WRVkUd4thsUc,2026-10-01T01:59:04+00:00,prefill,5,,0.21,,8550.53,0,1,949,20480
ap-yXxcAQPhR4WRVkUd4thsUc,2026-10-01T01:59:04+00:00,decode,5,158710,0.21,255.3,,0,,,
ap-yXxcAQPhR4WRVkUd4thsUc,2026-10-01T01:59:05+00:00,prefill,5,,0.26,,350.56,0,1,224,38464
ap-yXxcAQPhR4WRVkUd4thsUc,2026-10-01T01:59:05+00:00,decode,5,157189,0.21,329.69,,0,,,
ap-yXxcAQPhR4WRVkUd4thsUc,2026-10-01T01:59:05+00:00,decode,4,136551,0.18,329.45,,0,,,
ap-yXxcAQPhR4WRVkUd4thsUc,2026-10-01T01:59:06+00:00,decode,3,97627,0.13,242.25,,0,,,
ap-yXxcAQPhR4WRVkUd4thsUc,2026-10-01T01:59:06+00:00,prefill,3,,0.19,,337.08,0,1,536,41472
ap-yXxcAQPhR4WRVkUd4thsUc,2026-10-01T01:59:06+00:00,prefill,3,,0.17,,816.06,0,1,223,21504
ap-yXxcAQPhR4WRVkUd4thsUc,2026-10-01T01:59:07+00:00,decode,4,168461,0.23,209.45,,0,,,
ap-yXxcAQPhR4WRVkUd4thsUc,2026-10-01T01:59:07+00:00,prefill,4,,0.23,,2122.13,0,1,386,40512
ap-yXxcAQPhR4WRVkUd4thsUc,2026-10-01T01:59:07+00:00,prefill,4,,0.22,,2368.23,0,1,646,32640
ap-yXxcAQPhR4WRVkUd4thsUc,2026-10-01T01:59:07+00:00,decode,5,163118,0.22,274.6,,0,,,
ap-yXxcAQPhR4WRVkUd4thsUc,2026-10-01T01:59:07+00:00,prefill,5,,0.27,,401.75,0,1,212,38656
ap-yXxcAQPhR4WRVkUd4thsUc,2026-10-01T01:59:08+00:00,decode,5,168865,0.23,336.82,,0,,,
ap-yXxcAQPhR4WRVkUd4thsUc,2026-10-01T01:59:08+00:00,prefill,5,,0.27,,474.48,0,1,465,32512
ap-yXxcAQPhR4WRVkUd4thsUc,2026-10-01T01:59:09+00:00,decode,6,201176,0.27,317.96,,0,,,
ap-yXxcAQPhR4WRVkUd4thsUc,2026-10-01T01:59:09+00:00,decode,5,159908,0.21,374.74,,0,,,
ap-yXxcAQPhR4WRVkUd4thsUc,2026-10-01T01:59:10+00:00,prefill,5,,0.27,,616.37,0,1,700,39680
ap-yXxcAQPhR4WRVkUd4thsUc,2026-10-01T01:59:10+00:00,decode,5,161492,0.22,303.48,,0,,,
ap-yXxcAQPhR4WRVkUd4thsUc,2026-10-01T01:59:10+00:00,prefill,5,,0.27,,156.53,0,1,136,38912
ap-yXxcAQPhR4WRVkUd4thsUc,2026-10-01T01:59:11+00:00,decode,6,200059,0.27,328.55,,0,,,
ap-yXxcAQPhR4WRVkUd4thsUc,2026-10-01T01:59:11+00:00,prefill,5,,0.26,,1080.46,0,1,232,33280
ap-yXxcAQPhR4WRVkUd4thsUc,2026-10-01T01:59:11+00:00,decode,6,193363,0.26,365.74,,0,,,
ap-yXxcAQPhR4WRVkUd4thsUc,2026-10-01T01:59:12+00:00,decode,4,144880,0.19,293.8,,0,,,
ap-yXxcAQPhR4WRVkUd4thsUc,2026-10-01T01:59:12+00:00,prefill,3,,0.2,,448.76,0,1,710,41984
ap-yXxcAQPhR4WRVkUd4thsUc,2026-10-01T01:59:12+00:00,decode,4,146680,0.2,223.27,,0,,,
ap-yXxcAQPhR4WRVkUd4thsUc,2026-10-01T01:59:13+00:00,prefill,4,,0.23,,1966.89,0,1,573,22016
ap-yXxcAQPhR4WRVkUd4thsUc,2026-10-01T01:59:13+00:00,decode,4,130250,0.17,262.97,,0,,,
ap-yXxcAQPhR4WRVkUd4thsUc,2026-10-01T01:59:13+00:00,prefill,4,,0.23,,76.71,0,1,60,39168
ap-yXxcAQPhR4WRVkUd4thsUc,2026-10-01T01:59:14+00:00,decode,4,114372,0.15,281.07,,0,,,
ap-yXxcAQPhR4WRVkUd4thsUc,2026-10-01T01:59:14+00:00,prefill,3,,0.21,,1065.63,0,1,443,41216
ap-yXxcAQPhR4WRVkUd4thsUc,2026-10-01T01:59:14+00:00,prefill,4,,0.26,,664.07,0,1,225,40320
ap-yXxcAQPhR4WRVkUd4thsUc,2026-10-01T01:59:14+00:00,decode,5,195379,0.26,253.4,,0,,,
ap-yXxcAQPhR4WRVkUd4thsUc,2026-10-01T01:59:15+00:00,decode,3,114612,0.15,282.93,,0,,,
ap-yXxcAQPhR4WRVkUd4thsUc,2026-10-01T01:59:15+00:00,prefill,2,,0.14,,326.63,0,1,424,33280
ap-yXxcAQPhR4WRVkUd4thsUc,2026-10-01T01:59:16+00:00,prefill,2,,0.14,,1552.05,0,1,190,34560
ap-yXxcAQPhR4WRVkUd4thsUc,2026-10-01T01:59:16+00:00,decode,3,100919,0.14,146.18,,0,,,
ap-yXxcAQPhR4WRVkUd4thsUc,2026-10-01T01:59:16+00:00,prefill,2,,0.12,,2699.32,0,1,470,24832
ap-yXxcAQPhR4WRVkUd4thsUc,2026-10-01T01:59:16+00:00,prefill,3,,0.15,,3730.83,0,1,459,22528
ap-yXxcAQPhR4WRVkUd4thsUc,2026-10-01T01:59:16+00:00,prefill,4,,0.21,,632.82,0,1,240,39168
ap-yXxcAQPhR4WRVkUd4thsUc,2026-10-01T01:59:16+00:00,decode,5,153558,0.21,211.28,,0,,,
ap-yXxcAQPhR4WRVkUd4thsUc,2026-10-01T01:59:16+00:00,prefill,5,,0.26,,2134.84,0,1,400,41600
ap-yXxcAQPhR4WRVkUd4thsUc,2026-10-01T01:59:17+00:00,decode,5,160768,0.22,333.33,,0,,,
ap-yXxcAQPhR4WRVkUd4thsUc,2026-10-01T01:59:17+00:00,decode,4,136240,0.18,309.3,,0,,,
ap-yXxcAQPhR4WRVkUd4thsUc,2026-10-01T01:59:18+00:00,prefill,4,,0.22,,334.45,0,1,522,27904
ap-yXxcAQPhR4WRVkUd4thsUc,2026-10-01T01:59:18+00:00,prefill,5,,0.25,,1917.85,0,1,94,19456
ap-yXxcAQPhR4WRVkUd4thsUc,2026-10-01T01:59:18+00:00,decode,6,225676,0.3,252.37,,0,,,
ap-yXxcAQPhR4WRVkUd4thsUc,2026-10-01T01:59:18+00:00,prefill,6,,0.3,,2714.4,0,1,596,42752
ap-yXxcAQPhR4WRVkUd4thsUc,2026-10-01T01:59:19+00:00,prefill,6,,0.3,,1169.77,0,1,500,33792
ap-yXxcAQPhR4WRVkUd4thsUc,2026-10-01T01:59:19+00:00,decode,6,192342,0.26,354.18,,0,,,
ap-yXxcAQPhR4WRVkUd4thsUc,2026-10-01T01:59:19+00:00,prefill,6,,0.31,,248.36,0,1,164,39424
ap-yXxcAQPhR4WRVkUd4thsUc,2026-10-01T01:59:20+00:00,prefill,6,,0.34,,1267.44,0,1,391,40512
ap-yXxcAQPhR4WRVkUd4thsUc,2026-10-01T01:59:20+00:00,decode,7,253338,0.34,343.25,,0,,,
ap-yXxcAQPhR4WRVkUd4thsUc,2026-10-01T01:59:20+00:00,prefill,7,,0.37,,1479.54,0,1,196,25344
ap-yXxcAQPhR4WRVkUd4thsUc,2026-10-01T01:59:20+00:00,decode,7,244804,0.33,430.94,,0,,,
ap-yXxcAQPhR4WRVkUd4thsUc,2026-10-01T01:59:21+00:00,decode,5,171632,0.23,402.23,,0,,,
ap-yXxcAQPhR4WRVkUd4thsUc,2026-10-01T01:59:22+00:00,decode,1,42314,0.06,259.54,,0,,,
ap-yXxcAQPhR4WRVkUd4thsUc,2026-10-01T01:59:22+00:00,prefill,0,,0.05,,35.49,0,1,88,39680
ap-yXxcAQPhR4WRVkUd4thsUc,2026-10-01T01:59:22+00:00,decode,1,39791,0.05,42.05,,0,,,
ap-yXxcAQPhR4WRVkUd4thsUc,2026-10-01T01:59:23+00:00,prefill,1,,0.08,,952.82,0,1,351,23296
ap-yXxcAQPhR4WRVkUd4thsUc,2026-10-01T01:59:23+00:00,prefill,2,,0.13,,4257.18,0,1,639,33792
ap-yXxcAQPhR4WRVkUd4thsUc,2026-10-01T01:59:23+00:00,decode,3,96601,0.13,163.91,,0,,,
ap-yXxcAQPhR4WRVkUd4thsUc,2026-10-01T01:59:24+00:00,decode,2,73685,0.1,190.75,,0,,,
ap-yXxcAQPhR4WRVkUd4thsUc,2026-10-01T01:59:24+00:00,prefill,2,,0.13,,861.73,0,1,958,25344
ap-yXxcAQPhR4WRVkUd4thsUc,2026-10-01T01:59:24+00:00,prefill,3,,0.19,,4468.18,0,1,542,42240
ap-yXxcAQPhR4WRVkUd4thsUc,2026-10-01T01:59:24+00:00,prefill,4,,0.2,,1165.93,0,1,444,43520
ap-yXxcAQPhR4WRVkUd4thsUc,2026-10-01T01:59:24+00:00,decode,4,145404,0.2,173.32,,0,,,
ap-yXxcAQPhR4WRVkUd4thsUc,2026-10-01T01:59:25+00:00,prefill,4,,0.25,,2106.12,0,1,341,40960
ap-yXxcAQPhR4WRVkUd4thsUc,2026-10-01T01:59:25+00:00,prefill,5,,0.28,,4267.87,0,1,400,23616
ap-yXxcAQPhR4WRVkUd4thsUc,2026-10-01T01:59:25+00:00,prefill,5,,0.26,,914.27,0,1,312,28416
ap-yXxcAQPhR4WRVkUd4thsUc,2026-10-01T01:59:25+00:00,decode,6,234921,0.32,289.66,,0,,,
ap-yXxcAQPhR4WRVkUd4thsUc,2026-10-01T01:59:25+00:00,prefill,6,,0.32,,711.67,0,1,204,39744
ap-yXxcAQPhR4WRVkUd4thsUc,2026-10-01T01:59:26+00:00,decode,6,209481,0.28,416.25,,0,,,
ap-yXxcAQPhR4WRVkUd4thsUc,2026-10-01T01:59:26+00:00,decode,5,181585,0.24,355.69,,0,,,
ap-yXxcAQPhR4WRVkUd4thsUc,2026-10-01T01:59:27+00:00,prefill,4,,0.25,,234.9,0,1,371,42752
ap-yXxcAQPhR4WRVkUd4thsUc,2026-10-01T01:59:27+00:00,decode,5,183279,0.25,299.96,,0,,,
ap-yXxcAQPhR4WRVkUd4thsUc,2026-10-01T01:59:28+00:00,decode,3,100573,0.13,263.48,,0,,,
ap-yXxcAQPhR4WRVkUd4thsUc,2026-10-01T01:59:28+00:00,prefill,2,,0.14,,145.96,0,1,192,39936
ap-yXxcAQPhR4WRVkUd4thsUc,2026-10-01T01:59:28+00:00,decode,3,106242,0.14,177.42,,0,,,
ap-yXxcAQPhR4WRVkUd4thsUc,2026-10-01T01:59:29+00:00,decode,3,106362,0.14,224.21,,0,,,
ap-yXxcAQPhR4WRVkUd4thsUc,2026-10-01T01:59:29+00:00,decode,2,82837,0.11,212.88,,0,,,
ap-yXxcAQPhR4WRVkUd4thsUc,2026-10-01T01:59:30+00:00,prefill,2,,0.17,,384.91,0,1,580,44032
ap-yXxcAQPhR4WRVkUd4thsUc,2026-10-01T01:59:30+00:00,prefill,3,,0.22,,3007.14,0,1,598,34560
ap-yXxcAQPhR4WRVkUd4thsUc,2026-10-01T01:59:30+00:00,decode,4,161156,0.22,162.48,,0,,,
ap-yXxcAQPhR4WRVkUd4thsUc,2026-10-01T01:59:30+00:00,prefill,3,,0.2,,996.79,0,1,599,24320
ap-yXxcAQPhR4WRVkUd4thsUc,2026-10-01T01:59:31+00:00,decode,4,145952,0.2,224.81,,0,,,
ap-yXxcAQPhR4WRVkUd4thsUc,2026-10-01T01:59:31+00:00,prefill,4,,0.25,,258.37,0,1,116,40192
ap-yXxcAQPhR4WRVkUd4thsUc,2026-10-01T01:59:31+00:00,decode,5,185759,0.25,295.2,,0,,,
ap-yXxcAQPhR4WRVkUd4thsUc,2026-10-01T01:59:32+00:00,prefill,5,,0.3,,391.47,0,1,292,41280
ap-yXxcAQPhR4WRVkUd4thsUc,2026-10-01T01:59:32+00:00,prefill,5,,0.29,,1887.38,0,1,630,28672
ap-yXxcAQPhR4WRVkUd4thsUc,2026-10-01T01:59:32+00:00,decode,6,212893,0.29,285.77,,0,,,
ap-yXxcAQPhR4WRVkUd4thsUc,2026-10-01T01:59:33+00:00,decode,4,128081,0.17,365.11,,0,,,
ap-yXxcAQPhR4WRVkUd4thsUc,2026-10-01T01:59:33+00:00,decode,3,88476,0.12,275.89,,0,,,
ap-yXxcAQPhR4WRVkUd4thsUc,2026-10-01T01:59:34+00:00,prefill,3,,0.18,,389.04,0,1,620,43264
ap-yXxcAQPhR4WRVkUd4thsUc,2026-10-01T01:59:34+00:00,decode,4,131618,0.18,220.52,,0,,,
ap-yXxcAQPhR4WRVkUd4thsUc,2026-10-01T01:59:34+00:00,prefill,4,,0.23,,850.15,0,1,232,40256
ap-yXxcAQPhR4WRVkUd4thsUc,2026-10-01T01:59:34+00:00,decode,4,128555,0.17,307.42,,0,,,
ap-yXxcAQPhR4WRVkUd4thsUc,2026-10-01T01:59:35+00:00,decode,3,93911,0.13,266.76,,0,,,
ap-yXxcAQPhR4WRVkUd4thsUc,2026-10-01T01:59:35+00:00,decode,2,69464,0.09,167.45,,0,,,
ap-yXxcAQPhR4WRVkUd4thsUc,2026-10-01T01:59:36+00:00,prefill,2,,0.1,,339.63,0,1,652,44608
ap-yXxcAQPhR4WRVkUd4thsUc,2026-10-01T01:59:36+00:00,decode,2,74182,0.1,135.69,,0,,,
ap-yXxcAQPhR4WRVkUd4thsUc,2026-10-01T01:59:36+00:00,prefill,2,,0.16,,561.11,0,1,385,43840
ap-yXxcAQPhR4WRVkUd4thsUc,2026-10-01T01:59:37+00:00,prefill,3,,0.21,,3588.9,0,1,557,35328
ap-yXxcAQPhR4WRVkUd4thsUc,2026-10-01T01:59:37+00:00,decode,4,152828,0.21,153.28,,0,,,
ap-yXxcAQPhR4WRVkUd4thsUc,2026-10-01T01:59:37+00:00,decode,4,152988,0.21,279.2,,0,,,
ap-yXxcAQPhR4WRVkUd4thsUc,2026-10-01T01:59:37+00:00,prefill,4,,0.24,,752.38,0,1,670,25088
ap-yXxcAQPhR4WRVkUd4thsUc,2026-10-01T01:59:38+00:00,prefill,5,,0.29,,1350.03,0,1,193,41536
ap-yXxcAQPhR4WRVkUd4thsUc,2026-10-01T01:59:38+00:00,decode,6,219316,0.29,293.45,,0,,,
ap-yXxcAQPhR4WRVkUd4thsUc,2026-10-01T01:59:39+00:00,decode,4,133693,0.18,355.92,,0,,,
ap-yXxcAQPhR4WRVkUd4thsUc,2026-10-01T01:59:39+00:00,decode,4,133853,0.18,286.5,,0,,,
ap-yXxcAQPhR4WRVkUd4thsUc,2026-10-01T01:59:40+00:00,decode,3,108791,0.15,237.99,,0,,,
ap-yXxcAQPhR4WRVkUd4thsUc,2026-10-01T01:59:40+00:00,decode,3,108911,0.15,223.41,,0,,,
ap-yXxcAQPhR4WRVkUd4thsUc,2026-10-01T01:59:41+00:00,decode,3,109031,0.15,223.66,,0,,,
ap-yXxcAQPhR4WRVkUd4thsUc,2026-10-01T01:59:41+00:00,decode,1,29945,0.04,204.65,,0,,,
ap-yXxcAQPhR4WRVkUd4thsUc,2026-10-01T01:59:42+00:00,prefill,1,,0.07,,69.36,0,1,275,25856
ap-yXxcAQPhR4WRVkUd4thsUc,2026-10-01T01:59:42+00:00,prefill,2,,0.14,,3067.78,0,1,634,45312
ap-yXxcAQPhR4WRVkUd4thsUc,2026-10-01T01:59:42+00:00,decode,3,100720,0.14,113.11,,0,,,
ap-yXxcAQPhR4WRVkUd4thsUc,2026-10-01T01:59:42+00:00,prefill,3,,0.19,,1041.89,0,1,489,41728
ap-yXxcAQPhR4WRVkUd4thsUc,2026-10-01T01:59:43+00:00,decode,4,142391,0.19,226.44,,0,,,
ap-yXxcAQPhR4WRVkUd4thsUc,2026-10-01T01:59:43+00:00,prefill,4,,0.24,,686.05,0,1,516,36096
ap-yXxcAQPhR4WRVkUd4thsUc,2026-10-01T01:59:43+00:00,decode,5,192352,0.26,252.29,,0,,,
ap-yXxcAQPhR4WRVkUd4thsUc,2026-10-01T01:59:43+00:00,prefill,5,,0.26,,2114.98,0,1,487,15616
ap-yXxcAQPhR4WRVkUd4thsUc,2026-10-01T01:59:44+00:00,decode,5,150967,0.2,341.81,,0,,,
ap-yXxcAQPhR4WRVkUd4thsUc,2026-10-01T01:59:44+00:00,prefill,4,,0.23,,435.38,0,1,442,44544
ap-yXxcAQPhR4WRVkUd4thsUc,2026-10-01T01:59:44+00:00,decode,5,171213,0.23,279.09,,0,,,
ap-yXxcAQPhR4WRVkUd4thsUc,2026-10-01T01:59:45+00:00,decode,2,66243,0.09,241.5,,0,,,
ap-yXxcAQPhR4WRVkUd4thsUc,2026-10-01T01:59:46+00:00,decode,2,66323,0.09,161.09,,0,,,
ap-yXxcAQPhR4WRVkUd4thsUc,2026-10-01T01:59:46+00:00,decode,2,66403,0.09,161.11,,0,,,
ap-yXxcAQPhR4WRVkUd4thsUc,2026-10-01T01:59:46+00:00,prefill,2,,0.12,,176.46,0,1,355,26112
ap-yXxcAQPhR4WRVkUd4thsUc,2026-10-01T01:59:47+00:00,decode,3,92287,0.12,184.99,,0,,,
ap-yXxcAQPhR4WRVkUd4thsUc,2026-10-01T01:59:47+00:00,decode,3,92407,0.12,229.05,,0,,,
ap-yXxcAQPhR4WRVkUd4thsUc,2026-10-01T01:59:47+00:00,prefill,3,,0.18,,210.85,0,1,190,42240
ap-yXxcAQPhR4WRVkUd4thsUc,2026-10-01T01:59:48+00:00,decode,3,98050,0.13,245.49,,0,,,
ap-yXxcAQPhR4WRVkUd4thsUc,2026-10-01T01:59:48+00:00,prefill,2,,0.16,,733.69,0,1,482,46080
ap-yXxcAQPhR4WRVkUd4thsUc,2026-10-01T01:59:48+00:00,prefill,3,,0.16,,2391.14,0,1,399,44928
ap-yXxcAQPhR4WRVkUd4thsUc,2026-10-01T01:59:48+00:00,decode,3,121002,0.16,176.72,,0,,,
ap-yXxcAQPhR4WRVkUd4thsUc,2026-10-01T01:59:49+00:00,decode,3,121122,0.16,219.93,,0,,,
ap-yXxcAQPhR4WRVkUd4thsUc,2026-10-01T01:59:49+00:00,prefill,2,,0.17,,388.87,0,1,475,36864
ap-yXxcAQPhR4WRVkUd4thsUc,2026-10-01T01:59:49+00:00,decode,3,127906,0.17,183.46,,0,,,
ap-yXxcAQPhR4WRVkUd4thsUc,2026-10-01T01:59:50+00:00,decode,3,154145,0.21,205.56,,0,,,
ap-yXxcAQPhR4WRVkUd4thsUc,2026-10-01T01:59:50+00:00,prefill,3,,0.21,,427.02,0,1,377,26432
ap-yXxcAQPhR4WRVkUd4thsUc,2026-10-01T01:59:51+00:00,decode,3,108239,0.15,249.56,,0,,,
ap-yXxcAQPhR4WRVkUd4thsUc,2026-10-01T01:59:51+00:00,decode,3,108359,0.15,223.54,,0,,,
ap-yXxcAQPhR4WRVkUd4thsUc,2026-10-01T01:59:52+00:00,decode,2,82236,0.11,184.49,,0,,,
ap-yXxcAQPhR4WRVkUd4thsUc,2026-10-01T01:59:52+00:00,decode,2,82316,0.11,157.24,,0,,,
ap-yXxcAQPhR4WRVkUd4thsUc,2026-10-01T01:59:53+00:00,decode,1,37601,0.05,129.85,,0,,,
ap-yXxcAQPhR4WRVkUd4thsUc,2026-10-01T01:59:53+00:00,prefill,1,,0.11,,79.31,0,1,216,42368
ap-yXxcAQPhR4WRVkUd4thsUc,2026-10-01T01:59:53+00:00,decode,2,79574,0.11,138.51,,0,,,
ap-yXxcAQPhR4WRVkUd4thsUc,2026-10-01T01:59:54+00:00,prefill,0,,0.04,,942.63,0,1,853,26880
ap-yXxcAQPhR4WRVkUd4thsUc,2026-10-01T01:59:54+00:00,prefill,1,,0.1,,3971.16,0,1,853,46592
ap-yXxcAQPhR4WRVkUd4thsUc,2026-10-01T01:59:54+00:00,decode,2,74532,0.1,82.07,,0,,,
ap-yXxcAQPhR4WRVkUd4thsUc,2026-10-01T01:59:55+00:00,decode,2,74612,0.1,159.17,,0,,,
ap-yXxcAQPhR4WRVkUd4thsUc,2026-10-01T01:59:55+00:00,prefill,1,,0.1,,683.0,0,1,670,30464
ap-yXxcAQPhR4WRVkUd4thsUc,2026-10-01T01:59:55+00:00,prefill,2,,0.15,,3271.13,0,1,434,37632
ap-yXxcAQPhR4WRVkUd4thsUc,2026-10-01T01:59:55+00:00,decode,3,115410,0.15,133.66,,0,,,
ap-yXxcAQPhR4WRVkUd4thsUc,2026-10-01T01:59:55+00:00,prefill,3,,0.22,,1596.63,0,1,541,45568
ap-yXxcAQPhR4WRVkUd4thsUc,2026-10-01T01:59:56+00:00,decode,3,130289,0.17,215.12,,0,,,
ap-yXxcAQPhR4WRVkUd4thsUc,2026-10-01T01:59:56+00:00,decode,2,38165,0.05,170.69,,0,,,
ap-yXxcAQPhR4WRVkUd4thsUc,2026-10-01T01:59:57+00:00,decode,1,38205,0.05,84.8,,0,,,
ap-yXxcAQPhR4WRVkUd4thsUc,2026-10-01T01:59:57+00:00,prefill,1,,0.11,,100.04,0,1,178,42560
ap-yXxcAQPhR4WRVkUd4thsUc,2026-10-01T01:59:58+00:00,prefill,2,,0.15,,3388.05,0,1,1340,27712
ap-yXxcAQPhR4WRVkUd4thsUc,2026-10-01T01:59:58+00:00,decode,3,108693,0.15,102.71,,0,,,
ap-yXxcAQPhR4WRVkUd4thsUc,2026-10-01T01:59:58+00:00,decode,2,66696,0.09,202.63,,0,,,
ap-yXxcAQPhR4WRVkUd4thsUc,2026-10-01T01:59:59+00:00,decode,1,38325,0.05,143.41,,0,,,
ap-yXxcAQPhR4WRVkUd4thsUc,2026-10-01T01:59:59+00:00,prefill,1,,0.11,,323.85,0,1,373,46080
ap-yXxcAQPhR4WRVkUd4thsUc,2026-10-01T01:59:59+00:00,decode,2,83979,0.11,140.81,,0,,,
ap-yXxcAQPhR4WRVkUd4thsUc,2026-10-01T02:00:00+00:00,prefill,1,,0.13,,523.45,0,1,477,47616
ap-yXxcAQPhR4WRVkUd4thsUc,2026-10-01T02:00:00+00:00,decode,2,93953,0.13,123.46,,0,,,
ap-yXxcAQPhR4WRVkUd4thsUc,2026-10-01T02:00:00+00:00,decode,2,94033,0.13,154.59,,0,,,
ap-yXxcAQPhR4WRVkUd4thsUc,2026-10-01T02:00:01+00:00,decode,2,94113,0.13,154.6,,0,,,
ap-yXxcAQPhR4WRVkUd4thsUc,2026-10-01T02:00:01+00:00,prefill,2,,0.17,,435.05,0,1,686,28992
ap-yXxcAQPhR4WRVkUd4thsUc,2026-10-01T02:00:01+00:00,decode,3,123202,0.17,159.44,,0,,,
ap-yXxcAQPhR4WRVkUd4thsUc,2026-10-01T02:00:02+00:00,prefill,3,,0.22,,603.06,0,1,284,42752
ap-yXxcAQPhR4WRVkUd4thsUc,2026-10-01T02:00:02+00:00,prefill,4,,0.26,,1627.46,0,1,332,31104
ap-yXxcAQPhR4WRVkUd4thsUc,2026-10-01T02:00:02+00:00,decode,5,196463,0.26,239.33,,0,,,
ap-yXxcAQPhR4WRVkUd4thsUc,2026-10-01T02:00:03+00:00,prefill,3,,0.21,,967.01,0,1,651,38144
ap-yXxcAQPhR4WRVkUd4thsUc,2026-10-01T02:00:03+00:00,decode,4,157886,0.21,240.16,,0,,,
ap-yXxcAQPhR4WRVkUd4thsUc,2026-10-01T02:00:03+00:00,decode,2,84745,0.11,227.07,,0,,,
ap-yXxcAQPhR4WRVkUd4thsUc,2026-10-01T02:00:04+00:00,decode,1,38891,0.05,105.06,,0,,,
ap-yXxcAQPhR4WRVkUd4thsUc,2026-10-01T02:00:04+00:00,decode,1,38931,0.05,81.89,,0,,,
ap-yXxcAQPhR4WRVkUd4thsUc,2026-10-01T02:00:05+00:00,prefill,1,,0.09,,190.77,0,1,422,29696
ap-yXxcAQPhR4WRVkUd4thsUc,2026-10-01T02:00:05+00:00,decode,2,68409,0.09,84.92,,0,,,
ap-yXxcAQPhR4WRVkUd4thsUc,2026-10-01T02:00:05+00:00,decode,2,68489,0.09,160.59,,0,,,
ap-yXxcAQPhR4WRVkUd4thsUc,2026-10-01T02:00:06+00:00,prefill,2,,0.16,,850.99,0,1,651,48128
ap-yXxcAQPhR4WRVkUd4thsUc,2026-10-01T02:00:06+00:00,decode,2,87176,0.12,143.51,,0,,,
ap-yXxcAQPhR4WRVkUd4thsUc,2026-10-01T02:00:06+00:00,prefill,2,,0.18,,943.3,0,1,628,46592
ap-yXxcAQPhR4WRVkUd4thsUc,2026-10-01T02:00:07+00:00,decode,3,133625,0.18,171.4,,0,,,
ap-yXxcAQPhR4WRVkUd4thsUc,2026-10-01T02:00:07+00:00,decode,1,48892,0.07,158.92,,0,,,
ap-yXxcAQPhR4WRVkUd4thsUc,2026-10-01T02:00:08+00:00,decode,1,48932,0.07,80.57,,0,,,
ap-yXxcAQPhR4WRVkUd4thsUc,2026-10-01T02:00:08+00:00,prefill,1,,0.12,,200.96,0,1,326,43008
ap-yXxcAQPhR4WRVkUd4thsUc,2026-10-01T02:00:08+00:00,prefill,1,,0.1,,1129.15,0,1,260,30080
ap-yXxcAQPhR4WRVkUd4thsUc,2026-10-01T02:00:08+00:00,decode,2,73026,0.1,102.84,,0,,,
ap-yXxcAQPhR4WRVkUd4thsUc,2026-10-01T02:00:09+00:00,decode,1,30392,0.04,123.96,,0,,,
ap-yXxcAQPhR4WRVkUd4thsUc,2026-10-01T02:00:10+00:00,prefill,0,,0.04,,317.45,0,1,480,31488
ap-yXxcAQPhR4WRVkUd4thsUc,2026-10-01T02:00:10+00:00,prefill,1,,0.11,,2200.69,0,1,396,47168
ap-yXxcAQPhR4WRVkUd4thsUc,2026-10-01T02:00:10+00:00,prefill,2,,0.16,,3721.22,0,1,613,38912
ap-yXxcAQPhR4WRVkUd4thsUc,2026-10-01T02:00:10+00:00,decode,3,117560,0.16,52.99,,0,,,
ap-yXxcAQPhR4WRVkUd4thsUc,2026-10-01T02:00:11+00:00,decode,3,117680,0.16,220.75,,0,,,
ap-yXxcAQPhR4WRVkUd4thsUc,2026-10-01T02:00:11+00:00,decode,3,117800,0.16,221.04,,0,,,
ap-yXxcAQPhR4WRVkUd4thsUc,2026-10-01T02:00:11+00:00,prefill,3,,0.22,,341.39,0,1,499,48896
ap-yXxcAQPhR4WRVkUd4thsUc,2026-10-01T02:00:11+00:00,prefill,4,,0.26,,3238.09,0,1,206,30336
ap-yXxcAQPhR4WRVkUd4thsUc,2026-10-01T02:00:12+00:00,decode,5,196547,0.26,256.2,,0,,,
ap-yXxcAQPhR4WRVkUd4thsUc,2026-10-01T02:00:13+00:00,decode,5,239688,0.32,309.56,,0,,,
ap-yXxcAQPhR4WRVkUd4thsUc,2026-10-01T02:00:13+00:00,prefill,5,,0.32,,270.85,0,1,305,43328
ap-yXxcAQPhR4WRVkUd4thsUc,2026-10-01T02:00:13+00:00,decode,6,239934,0.32,357.97,,0,,,
ap-yXxcAQPhR4WRVkUd4thsUc,2026-10-01T02:00:14+00:00,decode,5,197147,0.26,337.45,,0,,,
ap-yXxcAQPhR4WRVkUd4thsUc,2026-10-01T02:00:14+00:00,decode,3,116853,0.16,273.17,,0,,,
ap-yXxcAQPhR4WRVkUd4thsUc,2026-10-01T02:00:17+00:00,prefill,0,,0.05,,145.05,0,1,575,39680
ap-yXxcAQPhR4WRVkUd4thsUc,2026-10-01T02:00:17+00:00,decode,1,40264,0.05,42.17,,0,,,
ap-yXxcAQPhR4WRVkUd4thsUc,2026-10-01T02:00:17+00:00,prefill,1,,0.12,,2489.73,0,1,459,47872
ap-yXxcAQPhR4WRVkUd4thsUc,2026-10-01T02:00:17+00:00,decode,2,87796,0.12,134.78,,0,,,
ap-yXxcAQPhR4WRVkUd4thsUc,2026-10-01T02:00:17+00:00,prefill,1,,0.09,,417.44,0,1,321,30720
ap-yXxcAQPhR4WRVkUd4thsUc,2026-10-01T02:00:18+00:00,prefill,2,,0.15,,2524.82,0,1,525,43584
ap-yXxcAQPhR4WRVkUd4thsUc,2026-10-01T02:00:18+00:00,prefill,3,,0.22,,3081.57,0,1,635,49408
ap-yXxcAQPhR4WRVkUd4thsUc,2026-10-01T02:00:18+00:00,decode,4,163516,0.22,119.62,,0,,,
ap-yXxcAQPhR4WRVkUd4thsUc,2026-10-01T02:00:19+00:00,decode,4,163676,0.22,275.48,,0,,,
ap-yXxcAQPhR4WRVkUd4thsUc,2026-10-01T02:00:19+00:00,decode,3,120321,0.16,240.16,,0,,,
ap-yXxcAQPhR4WRVkUd4thsUc,2026-10-01T02:00:19+00:00,prefill,3,,0.21,,181.16,0,1,225,34816
ap-yXxcAQPhR4WRVkUd4thsUc,2026-10-01T02:00:20+00:00,decode,3,124337,0.17,227.34,,0,,,
ap-yXxcAQPhR4WRVkUd4thsUc,2026-10-01T02:00:20+00:00,prefill,3,,0.2,,225.66,0,1,140,25344
ap-yXxcAQPhR4WRVkUd4thsUc,2026-10-01T02:00:20+00:00,decode,4,147188,0.2,259.95,,0,,,
ap-yXxcAQPhR4WRVkUd4thsUc,2026-10-01T02:00:21+00:00,prefill,1,,0.12,,340.17,0,1,355,48320
ap-yXxcAQPhR4WRVkUd4thsUc,2026-10-01T02:00:21+00:00,decode,2,88345,0.12,191.24,,0,,,
ap-yXxcAQPhR4WRVkUd4thsUc,2026-10-01T02:00:21+00:00,prefill,1,,0.11,,1241.08,0,1,699,32000
ap-yXxcAQPhR4WRVkUd4thsUc,2026-10-01T02:00:21+00:00,decode,2,80739,0.11,127.0,,0,,,
ap-yXxcAQPhR4WRVkUd4thsUc,2026-10-01T02:00:22+00:00,prefill,2,,0.15,,706.38,0,1,364,31040
ap-yXxcAQPhR4WRVkUd4thsUc,2026-10-01T02:00:22+00:00,decode,2,79487,0.11,154.07,,0,,,
ap-yXxcAQPhR4WRVkUd4thsUc,2026-10-01T02:00:22+00:00,decode,2,79567,0.11,157.7,,0,,,
ap-yXxcAQPhR4WRVkUd4thsUc,2026-10-01T02:00:23+00:00,prefill,2,,0.15,,542.82,0,1,379,34304
ap-yXxcAQPhR4WRVkUd4thsUc,2026-10-01T02:00:23+00:00,prefill,3,,0.21,,2563.6,0,1,717,44096
ap-yXxcAQPhR4WRVkUd4thsUc,2026-10-01T02:00:23+00:00,prefill,4,,0.26,,2987.1,0,1,714,35072
ap-yXxcAQPhR4WRVkUd4thsUc,2026-10-01T02:00:23+00:00,decode,4,162139,0.22,186.5,,0,,,
ap-yXxcAQPhR4WRVkUd4thsUc,2026-10-01T02:00:24+00:00,prefill,4,,0.28,,902.6,0,1,553,50176
ap-yXxcAQPhR4WRVkUd4thsUc,2026-10-01T02:00:24+00:00,prefill,5,,0.34,,3420.97,0,1,537,40448
ap-yXxcAQPhR4WRVkUd4thsUc,2026-10-01T02:00:24+00:00,prefill,6,,0.33,,3676.22,0,1,179,25600
ap-yXxcAQPhR4WRVkUd4thsUc,2026-10-01T02:00:24+00:00,decode,5,208354,0.28,231.43,,0,,,
ap-yXxcAQPhR4WRVkUd4thsUc,2026-10-01T02:00:25+00:00,decode,3,139179,0.19,295.21,,0,,,
ap-yXxcAQPhR4WRVkUd4thsUc,2026-10-01T02:00:25+00:00,decode,3,139299,0.19,214.46,,0,,,
ap-yXxcAQPhR4WRVkUd4thsUc,2026-10-01T02:00:26+00:00,decode,3,139419,0.19,214.46,,0,,,
ap-yXxcAQPhR4WRVkUd4thsUc,2026-10-01T02:00:26+00:00,decode,1,41158,0.06,164.49,,0,,,
ap-yXxcAQPhR4WRVkUd4thsUc,2026-10-01T02:00:27+00:00,prefill,1,,0.1,,387.5,0,1,1174,35776
ap-yXxcAQPhR4WRVkUd4thsUc,2026-10-01T02:00:27+00:00,decode,2,77463,0.1,66.14,,0,,,
ap-yXxcAQPhR4WRVkUd4thsUc,2026-10-01T02:00:27+00:00,prefill,2,,0.15,,1769.84,0,1,682,34624
ap-yXxcAQPhR4WRVkUd4thsUc,2026-10-01T02:00:28+00:00,prefill,3,,0.18,,1889.44,0,1,469,25728
ap-yXxcAQPhR4WRVkUd4thsUc,2026-10-01T02:00:28+00:00,decode,4,137694,0.18,150.8,,0,,,
ap-yXxcAQPhR4WRVkUd4thsUc,2026-10-01T02:00:28+00:00,decode,4,137854,0.18,284.79,,0,,,
ap-yXxcAQPhR4WRVkUd4thsUc,2026-10-01T02:00:28+00:00,prefill,3,,0.16,,272.27,0,1,203,19520
ap-yXxcAQPhR4WRVkUd4thsUc,2026-10-01T02:00:29+00:00,prefill,2,,0.14,,1136.02,0,1,546,48896
ap-yXxcAQPhR4WRVkUd4thsUc,2026-10-01T02:00:29+00:00,decode,3,104899,0.14,196.69,,0,,,
ap-yXxcAQPhR4WRVkUd4thsUc,2026-10-01T02:00:29+00:00,prefill,3,,0.2,,3606.6,0,1,706,44800
ap-yXxcAQPhR4WRVkUd4thsUc,2026-10-01T02:00:29+00:00,prefill,4,,0.24,,3198.47,0,1,323,32640
ap-yXxcAQPhR4WRVkUd4thsUc,2026-10-01T02:00:29+00:00,prefill,5,,0.28,,2637.98,0,1,208,26368
ap-yXxcAQPhR4WRVkUd4thsUc,2026-10-01T02:00:30+00:00,decode,5,188988,0.25,251.66,,0,,,
ap-yXxcAQPhR4WRVkUd4thsUc,2026-10-01T02:00:30+00:00,prefill,5,,0.32,,1150.3,0,1,657,50688
ap-yXxcAQPhR4WRVkUd4thsUc,2026-10-01T02:00:30+00:00,decode,3,113804,0.15,276.01,,0,,,
ap-yXxcAQPhR4WRVkUd4thsUc,2026-10-01T02:00:31+00:00,decode,2,128953,0.17,191.65,,0,,,
ap-yXxcAQPhR4WRVkUd4thsUc,2026-10-01T02:00:31+00:00,prefill,2,,0.17,,434.85,0,1,499,41216
ap-yXxcAQPhR4WRVkUd4thsUc,2026-10-01T02:00:31+00:00,decode,3,129076,0.17,202.97,,0,,,
ap-yXxcAQPhR4WRVkUd4thsUc,2026-10-01T02:00:31+00:00,prefill,3,,0.22,,407.07,0,1,244,35328
ap-yXxcAQPhR4WRVkUd4thsUc,2026-10-01T02:00:32+00:00,prefill,4,,0.25,,798.06,0,1,424,26176
ap-yXxcAQPhR4WRVkUd4thsUc,2026-10-01T02:00:32+00:00,decode,4,155116,0.21,242.94,,0,,,
ap-yXxcAQPhR4WRVkUd4thsUc,2026-10-01T02:00:33+00:00,decode,3,104421,0.14,252.32,,0,,,
ap-yXxcAQPhR4WRVkUd4thsUc,2026-10-01T02:00:33+00:00,prefill,2,,0.17,,514.46,0,1,477,49408
ap-yXxcAQPhR4WRVkUd4thsUc,2026-10-01T02:00:33+00:00,decode,3,127572,0.17,173.98,,0,,,
ap-yXxcAQPhR4WRVkUd4thsUc,2026-10-01T02:00:34+00:00,decode,3,127692,0.17,217.72,,0,,,
ap-yXxcAQPhR4WRVkUd4thsUc,2026-10-01T02:00:34+00:00,decode,3,127812,0.17,217.98,,0,,,
ap-yXxcAQPhR4WRVkUd4thsUc,2026-10-01T02:00:35+00:00,decode,3,127932,0.17,217.69,,0,,,
ap-yXxcAQPhR4WRVkUd4thsUc,2026-10-01T02:00:35+00:00,prefill,3,,0.22,,189.94,0,1,431,35584
ap-yXxcAQPhR4WRVkUd4thsUc,2026-10-01T02:00:35+00:00,prefill,4,,0.28,,2941.06,0,1,654,45568
ap-yXxcAQPhR4WRVkUd4thsUc,2026-10-01T02:00:36+00:00,prefill,5,,0.35,,2342.5,0,1,382,51456
ap-yXxcAQPhR4WRVkUd4thsUc,2026-10-01T02:00:36+00:00,decode,5,218956,0.29,204.96,,0,,,
ap-yXxcAQPhR4WRVkUd4thsUc,2026-10-01T02:00:36+00:00,prefill,5,,0.33,,1828.71,0,1,372,26624
ap-yXxcAQPhR4WRVkUd4thsUc,2026-10-01T02:00:36+00:00,decode,6,245503,0.33,338.79,,0,,,
ap-yXxcAQPhR4WRVkUd4thsUc,2026-10-01T02:00:37+00:00,prefill,6,,0.37,,107.8,0,1,110,33024
ap-yXxcAQPhR4WRVkUd4thsUc,2026-10-01T02:00:37+00:00,decode,7,278208,0.37,366.06,,0,,,
ap-yXxcAQPhR4WRVkUd4thsUc,2026-10-01T02:00:38+00:00,prefill,5,,0.34,,529.63,0,1,460,41984
ap-yXxcAQPhR4WRVkUd4thsUc,2026-10-01T02:00:38+00:00,decode,6,250613,0.34,329.29,,0,,,
ap-yXxcAQPhR4WRVkUd4thsUc,2026-10-01T02:00:38+00:00,decode,5,201502,0.27,350.2,,0,,,
ap-yXxcAQPhR4WRVkUd4thsUc,2026-10-01T02:00:39+00:00,decode,3,114791,0.15,264.08,,0,,,
ap-yXxcAQPhR4WRVkUd4thsUc,2026-10-01T02:00:40+00:00,prefill,3,,0.2,,513.76,0,1,1011,37376
ap-yXxcAQPhR4WRVkUd4thsUc,2026-10-01T02:00:40+00:00,decode,4,152616,0.2,187.19,,0,,,
ap-yXxcAQPhR4WRVkUd4thsUc,2026-10-01T02:00:40+00:00,decode,3,126189,0.17,253.68,,0,,,
ap-yXxcAQPhR4WRVkUd4thsUc,2026-10-01T02:00:41+00:00,decode,3,126309,0.17,218.35,,0,,,
ap-yXxcAQPhR4WRVkUd4thsUc,2026-10-01T02:00:41+00:00,prefill,2,,0.17,,323.83,0,1,470,50176
ap-yXxcAQPhR4WRVkUd4thsUc,2026-10-01T02:00:41+00:00,decode,3,130312,0.17,187.46,,0,,,
ap-yXxcAQPhR4WRVkUd4thsUc,2026-10-01T02:00:42+00:00,prefill,2,,0.16,,551.62,0,1,451,36096
ap-yXxcAQPhR4WRVkUd4thsUc,2026-10-01T02:00:42+00:00,decode,3,116470,0.16,186.94,,0,,,
ap-yXxcAQPhR4WRVkUd4thsUc,2026-10-01T02:00:42+00:00,prefill,3,,0.23,,2897.81,0,1,753,51968
ap-yXxcAQPhR4WRVkUd4thsUc,2026-10-01T02:00:43+00:00,prefill,3,,0.21,,1318.7,0,1,611,27136
ap-yXxcAQPhR4WRVkUd4thsUc,2026-10-01T02:00:43+00:00,decode,4,153648,0.21,210.57,,0,,,
ap-yXxcAQPhR4WRVkUd4thsUc,2026-10-01T02:00:43+00:00,decode,3,117857,0.16,256.14,,0,,,
ap-yXxcAQPhR4WRVkUd4thsUc,2026-10-01T02:00:43+00:00,prefill,3,,0.2,,266.75,0,1,216,33088
ap-yXxcAQPhR4WRVkUd4thsUc,2026-10-01T02:00:44+00:00,prefill,4,,0.26,,765.9,0,1,428,42752
ap-yXxcAQPhR4WRVkUd4thsUc,2026-10-01T02:00:44+00:00,decode,5,193126,0.26,237.44,,0,,,
ap-yXxcAQPhR4WRVkUd4thsUc,2026-10-01T02:00:45+00:00,prefill,5,,0.28,,566.87,0,1,299,50688
ap-yXxcAQPhR4WRVkUd4thsUc,2026-10-01T02:00:45+00:00,prefill,5,,0.34,,1752.99,0,1,337,46336
ap-yXxcAQPhR4WRVkUd4thsUc,2026-10-01T02:00:45+00:00,decode,6,256739,0.34,279.04,,0,,,
ap-yXxcAQPhR4WRVkUd4thsUc,2026-10-01T02:00:45+00:00,decode,4,177514,0.24,318.7,,0,,,
ap-yXxcAQPhR4WRVkUd4thsUc,2026-10-01T02:00:46+00:00,prefill,4,,0.26,,378.75,0,1,364,16128
ap-yXxcAQPhR4WRVkUd4thsUc,2026-10-01T02:00:46+00:00,decode,4,147433,0.2,263.4,,0,,,
ap-yXxcAQPhR4WRVkUd4thsUc,2026-10-01T02:00:47+00:00,decode,4,147593,0.2,281.28,,0,,,
ap-yXxcAQPhR4WRVkUd4thsUc,2026-10-01T02:00:47+00:00,decode,4,147753,0.2,281.37,,0,,,
ap-yXxcAQPhR4WRVkUd4thsUc,2026-10-01T02:00:48+00:00,decode,4,147913,0.2,281.29,,0,,,
ap-yXxcAQPhR4WRVkUd4thsUc,2026-10-01T02:00:48+00:00,prefill,4,,0.27,,255.36,0,1,639,52736
ap-yXxcAQPhR4WRVkUd4thsUc,2026-10-01T02:00:48+00:00,decode,5,200774,0.27,255.46,,0,,,
ap-yXxcAQPhR4WRVkUd4thsUc,2026-10-01T02:00:49+00:00,decode,4,158351,0.21,318.9,,0,,,
ap-yXxcAQPhR4WRVkUd4thsUc,2026-10-01T02:00:50+00:00,decode,4,107880,0.14,274.56,,0,,,
ap-yXxcAQPhR4WRVkUd4thsUc,2026-10-01T02:00:50+00:00,decode,2,69615,0.09,188.62,,0,,,
ap-yXxcAQPhR4WRVkUd4thsUc,2026-10-01T02:00:51+00:00,prefill,2,,0.15,,274.08,0,1,652,43264
ap-yXxcAQPhR4WRVkUd4thsUc,2026-10-01T02:00:51+00:00,prefill,3,,0.2,,1423.45,0,1,182,33280
ap-yXxcAQPhR4WRVkUd4thsUc,2026-10-01T02:00:51+00:00,decode,4,145710,0.2,141.39,,0,,,
ap-yXxcAQPhR4WRVkUd4thsUc,2026-10-01T02:00:51+00:00,decode,3,92969,0.12,234.26,,0,,,
ap-yXxcAQPhR4WRVkUd4thsUc,2026-10-01T02:00:52+00:00,decode,3,93089,0.12,228.3,,0,,,
ap-yXxcAQPhR4WRVkUd4thsUc,2026-10-01T02:00:52+00:00,prefill,1,,0.13,,373.68,0,1,548,51200
ap-yXxcAQPhR4WRVkUd4thsUc,2026-10-01T02:00:52+00:00,prefill,2,,0.18,,4337.66,0,1,690,38912
ap-yXxcAQPhR4WRVkUd4thsUc,2026-10-01T02:00:52+00:00,decode,3,133855,0.18,115.62,,0,,,
ap-yXxcAQPhR4WRVkUd4thsUc,2026-10-01T02:00:53+00:00,decode,2,83050,0.11,207.51,,0,,,
ap-yXxcAQPhR4WRVkUd4thsUc,2026-10-01T02:00:54+00:00,decode,2,83130,0.11,157.18,,0,,,
ap-yXxcAQPhR4WRVkUd4thsUc,2026-10-01T02:00:54+00:00,decode,2,83210,0.11,157.19,,0,,,
ap-yXxcAQPhR4WRVkUd4thsUc,2026-10-01T02:00:54+00:00,prefill,2,,0.18,,268.69,0,1,487,53504
ap-yXxcAQPhR4WRVkUd4thsUc,2026-10-01T02:00:55+00:00,decode,3,136632,0.18,184.69,,0,,,
ap-yXxcAQPhR4WRVkUd4thsUc,2026-10-01T02:00:55+00:00,decode,1,54069,0.07,157.14,,0,,,
ap-yXxcAQPhR4WRVkUd4thsUc,2026-10-01T02:00:56+00:00,decode,1,54109,0.07,80.08,,0,,,
ap-yXxcAQPhR4WRVkUd4thsUc,2026-10-01T02:00:56+00:00,decode,1,54149,0.07,80.04,,0,,,
ap-yXxcAQPhR4WRVkUd4thsUc,2026-10-01T02:00:57+00:00,prefill,0,,0.06,,242.78,0,1,620,44032
ap-yXxcAQPhR4WRVkUd4thsUc,2026-10-01T02:00:57+00:00,decode,1,44674,0.06,52.02,,0,,,
ap-yXxcAQPhR4WRVkUd4thsUc,2026-10-01T02:00:57+00:00,prefill,1,,0.11,,706.73,0,1,372,39680
ap-yXxcAQPhR4WRVkUd4thsUc,2026-10-01T02:00:57+00:00,prefill,2,,0.16,,954.23,0,1,117,33536
ap-yXxcAQPhR4WRVkUd4thsUc,2026-10-01T02:00:58+00:00,decode,3,117084,0.16,129.56,,0,,,
ap-yXxcAQPhR4WRVkUd4thsUc,2026-10-01T02:00:58+00:00,decode,3,117204,0.16,220.88,,0,,,
ap-yXxcAQPhR4WRVkUd4thsUc,2026-10-01T02:00:59+00:00,decode,2,84262,0.11,213.38,,0,,,
ap-yXxcAQPhR4WRVkUd4thsUc,2026-10-01T02:00:59+00:00,decode,1,44834,0.06,117.65,,0,,,
ap-yXxcAQPhR4WRVkUd4thsUc,2026-10-01T02:01:00+00:00,decode,1,44874,0.06,81.24,,0,,,
ap-yXxcAQPhR4WRVkUd4thsUc,2026-10-01T02:01:00+00:00,decode,1,44914,0.06,81.26,,0,,,
ap-yXxcAQPhR4WRVkUd4thsUc,2026-10-01T02:01:01+00:00,decode,1,44954,0.06,81.18,,0,,,
ap-yXxcAQPhR4WRVkUd4thsUc,2026-10-01T02:01:01+00:00,prefill,0,,0.03,,33.79,0,1,134,19712
ap-yXxcAQPhR4WRVkUd4thsUc,2026-10-01T02:01:02+00:00,prefill,1,,0.08,,1760.18,0,1,356,40000
ap-yXxcAQPhR4WRVkUd4thsUc,2026-10-01T02:01:02+00:00,decode,2,59552,0.08,49.01,,0,,,
ap-yXxcAQPhR4WRVkUd4thsUc,2026-10-01T02:01:02+00:00,decode,1,40408,0.05,116.22,,0,,,
ap-yXxcAQPhR4WRVkUd4thsUc,2026-10-01T02:01:03+00:00,prefill,1,,0.06,,599.35,0,1,588,44800
ap-yXxcAQPhR4WRVkUd4thsUc,2026-10-01T02:01:03+00:00,decode,1,45407,0.06,69.6,,0,,,
ap-yXxcAQPhR4WRVkUd4thsUc,2026-10-01T02:01:03+00:00,decode,1,45447,0.06,80.84,,0,,,
ap-yXxcAQPhR4WRVkUd4thsUc,2026-10-01T02:01:04+00:00,decode,1,45487,0.06,81.0,,0,,,
ap-yXxcAQPhR4WRVkUd4thsUc,2026-10-01T02:01:04+00:00,decode,1,45527,0.06,81.05,,0,,,
ap-yXxcAQPhR4WRVkUd4thsUc,2026-10-01T02:01:05+00:00,prefill,1,,0.11,,137.71,0,1,281,33600
ap-yXxcAQPhR4WRVkUd4thsUc,2026-10-01T02:01:05+00:00,decode,2,78778,0.11,103.58,,0,,,
ap-yXxcAQPhR4WRVkUd4thsUc,2026-10-01T02:01:05+00:00,decode,1,45607,0.06,146.5,,0,,,
ap-yXxcAQPhR4WRVkUd4thsUc,2026-10-01T02:01:06+00:00,decode,1,45647,0.06,81.1,,0,,,
ap-yXxcAQPhR4WRVkUd4thsUc,2026-10-01T02:01:06+00:00,decode,1,45687,0.06,81.12,,0,,,
ap-yXxcAQPhR4WRVkUd4thsUc,2026-10-01T02:01:07+00:00,prefill,0,,0.04,,169.14,0,1,484,27712
ap-yXxcAQPhR4WRVkUd4thsUc,2026-10-01T02:01:08+00:00,decode,1,28218,0.04,28.17,,0,,,
ap-yXxcAQPhR4WRVkUd4thsUc,2026-10-01T02:01:08+00:00,decode,1,28258,0.04,83.36,,0,,,
ap-yXxcAQPhR4WRVkUd4thsUc,2026-10-01T02:01:10+00:00,prefill,0,,0.06,,258.16,0,1,549,45568
ap-yXxcAQPhR4WRVkUd4thsUc,2026-10-01T02:01:10+00:00,decode,1,46143,0.06,23.51,,0,,,
ap-yXxcAQPhR4WRVkUd4thsUc,2026-10-01T02:01:10+00:00,decode,1,46183,0.06,81.0,,0,,,
ap-yXxcAQPhR4WRVkUd4thsUc,2026-10-01T02:01:11+00:00,prefill,1,,0.1,,428.94,0,1,574,28160
ap-yXxcAQPhR4WRVkUd4thsUc,2026-10-01T02:01:11+00:00,decode,2,74273,0.1,74.55,,0,,,
ap-yXxcAQPhR4WRVkUd4thsUc,2026-10-01T02:01:11+00:00,decode,2,74353,0.1,158.99,,0,,,
ap-yXxcAQPhR4WRVkUd4thsUc,2026-10-01T02:01:12+00:00,prefill,2,,0.14,,227.15,0,1,145,33856
ap-yXxcAQPhR4WRVkUd4thsUc,2026-10-01T02:01:12+00:00,decode,3,107782,0.14,202.3,,0,,,
ap-yXxcAQPhR4WRVkUd4thsUc,2026-10-01T02:01:12+00:00,decode,2,74513,0.1,211.25,,0,,,
ap-yXxcAQPhR4WRVkUd4thsUc,2026-10-01T02:01:13+00:00,decode,2,74593,0.1,159.3,,0,,,
ap-yXxcAQPhR4WRVkUd4thsUc,2026-10-01T02:01:13+00:00,decode,2,74673,0.1,159.19,,0,,,
ap-yXxcAQPhR4WRVkUd4thsUc,2026-10-01T02:01:14+00:00,decode,1,28977,0.04,106.75,,0,,,
ap-yXxcAQPhR4WRVkUd4thsUc,2026-10-01T02:01:14+00:00,decode,1,29017,0.04,83.3,,0,,,
ap-yXxcAQPhR4WRVkUd4thsUc,2026-10-01T02:01:15+00:00,decode,1,29057,0.04,83.32,,0,,,
ap-yXxcAQPhR4WRVkUd4thsUc,2026-10-01T02:01:16+00:00,prefill,0,,0.06,,124.81,0,1,508,46336
ap-yXxcAQPhR4WRVkUd4thsUc,2026-10-01T02:01:16+00:00,decode,1,46879,0.06,38.03,,0,,,
ap-yXxcAQPhR4WRVkUd4thsUc,2026-10-01T02:01:16+00:00,decode,1,46919,0.06,80.9,,0,,,
ap-yXxcAQPhR4WRVkUd4thsUc,2026-10-01T02:01:17+00:00,decode,1,46959,0.06,80.92,,0,,,
ap-yXxcAQPhR4WRVkUd4thsUc,2026-10-01T02:01:17+00:00,decode,1,46999,0.06,80.9,,0,,,
ap-yXxcAQPhR4WRVkUd4thsUc,2026-10-01T02:01:18+00:00,decode,1,47039,0.06,80.89,,0,,,
ap-yXxcAQPhR4WRVkUd4thsUc,2026-10-01T02:01:18+00:00,prefill,1,,0.1,,254.11,0,1,726,28928
ap-yXxcAQPhR4WRVkUd4thsUc,2026-10-01T02:01:19+00:00,decode,2,76056,0.1,85.18,,0,,,
ap-yXxcAQPhR4WRVkUd4thsUc,2026-10-01T02:01:19+00:00,prefill,2,,0.15,,171.88,0,1,106,34048
ap-yXxcAQPhR4WRVkUd4thsUc,2026-10-01T02:01:19+00:00,decode,3,109607,0.15,153.19,,0,,,
ap-yXxcAQPhR4WRVkUd4thsUc,2026-10-01T02:01:20+00:00,decode,2,76216,0.1,215.7,,0,,,
ap-yXxcAQPhR4WRVkUd4thsUc,2026-10-01T02:01:20+00:00,decode,1,29784,0.04,89.1,,0,,,
ap-yXxcAQPhR4WRVkUd4thsUc,2026-10-01T02:01:23+00:00,prefill,0,,0.06,,134.26,0,1,467,47104
ap-yXxcAQPhR4WRVkUd4thsUc,2026-10-01T02:01:23+00:00,decode,1,47597,0.06,14.65,,0,,,
ap-yXxcAQPhR4WRVkUd4thsUc,2026-10-01T02:01:23+00:00,prefill,1,,0.1,,748.98,0,1,426,29696
ap-yXxcAQPhR4WRVkUd4thsUc,2026-10-01T02:01:23+00:00,decode,2,77096,0.1,113.97,,0,,,
ap-yXxcAQPhR4WRVkUd4thsUc,2026-10-01T02:01:24+00:00,decode,2,77176,0.1,158.52,,0,,,
ap-yXxcAQPhR4WRVkUd4thsUc,2026-10-01T02:01:24+00:00,prefill,2,,0.14,,598.12,0,1,561,25472
ap-yXxcAQPhR4WRVkUd4thsUc,2026-10-01T02:01:24+00:00,decode,3,102637,0.14,191.1,,0,,,
ap-yXxcAQPhR4WRVkUd4thsUc,2026-10-01T02:01:25+00:00,decode,3,102757,0.14,225.44,,0,,,
ap-yXxcAQPhR4WRVkUd4thsUc,2026-10-01T02:01:25+00:00,prefill,3,,0.18,,206.05,0,1,275,31360
ap-yXxcAQPhR4WRVkUd4thsUc,2026-10-01T02:01:26+00:00,prefill,4,,0.22,,679.79,0,1,157,34112
ap-yXxcAQPhR4WRVkUd4thsUc,2026-10-01T02:01:26+00:00,decode,4,141968,0.19,223.68,,0,,,
ap-yXxcAQPhR4WRVkUd4thsUc,2026-10-01T02:01:26+00:00,decode,2,78843,0.11,252.05,,0,,,
ap-yXxcAQPhR4WRVkUd4thsUc,2026-10-01T02:01:27+00:00,decode,1,47877,0.06,127.43,,0,,,
ap-yXxcAQPhR4WRVkUd4thsUc,2026-10-01T02:01:28+00:00,prefill,0,,0.06,,150.16,0,1,426,47872
ap-yXxcAQPhR4WRVkUd4thsUc,2026-10-01T02:01:29+00:00,decode,1,48327,0.06,19.19,,0,,,
ap-yXxcAQPhR4WRVkUd4thsUc,2026-10-01T02:01:29+00:00,decode,1,48367,0.06,80.78,,0,,,
ap-yXxcAQPhR4WRVkUd4thsUc,2026-10-01T02:01:30+00:00,decode,1,48407,0.06,80.62,,0,,,
ap-yXxcAQPhR4WRVkUd4thsUc,2026-10-01T02:01:30+00:00,decode,1,48447,0.06,80.63,,0,,,
ap-yXxcAQPhR4WRVkUd4thsUc,2026-10-01T02:01:31+00:00,decode,1,48487,0.07,80.64,,0,,,
ap-yXxcAQPhR4WRVkUd4thsUc,2026-10-01T02:01:31+00:00,decode,1,48527,0.07,80.63,,0,,,
ap-yXxcAQPhR4WRVkUd4thsUc,2026-10-01T02:01:32+00:00,decode,1,48567,0.07,80.65,,0,,,
ap-yXxcAQPhR4WRVkUd4thsUc,2026-10-01T02:01:32+00:00,prefill,1,,0.11,,13.36,0,1,50,34304
ap-yXxcAQPhR4WRVkUd4thsUc,2026-10-01T02:01:32+00:00,decode,2,82283,0.11,90.96,,0,,,
ap-yXxcAQPhR4WRVkUd4thsUc,2026-10-01T02:01:33+00:00,prefill,0,,0.04,,470.71,0,1,605,30208
ap-yXxcAQPhR4WRVkUd4thsUc,2026-10-01T02:01:34+00:00,prefill,1,,0.08,,6923.05,0,1,1143,26624
ap-yXxcAQPhR4WRVkUd4thsUc,2026-10-01T02:01:34+00:00,decode,2,57917,0.08,39.77,,0,,,
ap-yXxcAQPhR4WRVkUd4thsUc,2026-10-01T02:01:34+00:00,decode,2,57997,0.08,163.18,,0,,,
ap-yXxcAQPhR4WRVkUd4thsUc,2026-10-01T02:01:35+00:00,prefill,2,,0.13,,362.02,0,1,324,40320
ap-yXxcAQPhR4WRVkUd4thsUc,2026-10-01T02:01:35+00:00,decode,3,98055,0.13,179.52,,0,,,
ap-yXxcAQPhR4WRVkUd4thsUc,2026-10-01T02:01:35+00:00,prefill,3,,0.16,,1303.53,0,1,641,48384
ap-yXxcAQPhR4WRVkUd4thsUc,2026-10-01T02:01:35+00:00,decode,3,119334,0.16,189.69,,0,,,
ap-yXxcAQPhR4WRVkUd4thsUc,2026-10-01T02:01:36+00:00,decode,2,89154,0.12,179.01,,0,,,
ap-yXxcAQPhR4WRVkUd4thsUc,2026-10-01T02:01:36+00:00,decode,1,49136,0.07,99.74,,0,,,
ap-yXxcAQPhR4WRVkUd4thsUc,2026-10-01T02:01:37+00:00,decode,1,49176,0.07,80.5,,0,,,
ap-yXxcAQPhR4WRVkUd4thsUc,2026-10-01T02:01:37+00:00,prefill,1,,0.11,,243.46,0,1,514,30784
ap-yXxcAQPhR4WRVkUd4thsUc,2026-10-01T02:01:38+00:00,decode,2,79859,0.11,123.39,,0,,,
ap-yXxcAQPhR4WRVkUd4thsUc,2026-10-01T02:01:38+00:00,decode,2,79939,0.11,157.77,,0,,,
ap-yXxcAQPhR4WRVkUd4thsUc,2026-10-01T02:01:38+00:00,prefill,1,,0.11,,112.09,0,1,130,34304
ap-yXxcAQPhR4WRVkUd4thsUc,2026-10-01T02:01:39+00:00,decode,2,123266,0.17,117.51,,0,,,
ap-yXxcAQPhR4WRVkUd4thsUc,2026-10-01T02:01:39+00:00,prefill,2,,0.17,,587.01,0,1,185,40704
ap-yXxcAQPhR4WRVkUd4thsUc,2026-10-01T02:01:39+00:00,decode,2,89579,0.12,177.5,,0,,,
ap-yXxcAQPhR4WRVkUd4thsUc,2026-10-01T02:01:40+00:00,decode,1,40970,0.05,94.96,,0,,,
ap-yXxcAQPhR4WRVkUd4thsUc,2026-10-01T02:01:40+00:00,decode,1,41010,0.06,81.75,,0,,,
ap-yXxcAQPhR4WRVkUd4thsUc,2026-10-01T02:01:41+00:00,prefill,0,,0.07,,223.53,0,1,602,49152
ap-yXxcAQPhR4WRVkUd4thsUc,2026-10-01T02:01:42+00:00,decode,1,49781,0.07,26.59,,0,,,
ap-yXxcAQPhR4WRVkUd4thsUc,2026-10-01T02:01:42+00:00,decode,1,49821,0.07,80.59,,0,,,
ap-yXxcAQPhR4WRVkUd4thsUc,2026-10-01T02:01:43+00:00,decode,1,49861,0.07,80.55,,0,,,
ap-yXxcAQPhR4WRVkUd4thsUc,2026-10-01T02:01:43+00:00,decode,1,49901,0.07,80.54,,0,,,
ap-yXxcAQPhR4WRVkUd4thsUc,2026-10-01T02:01:44+00:00,decode,1,49941,0.07,80.5,,0,,,
ap-yXxcAQPhR4WRVkUd4thsUc,2026-10-01T02:01:44+00:00,decode,1,49981,0.07,80.53,,0,,,
ap-yXxcAQPhR4WRVkUd4thsUc,2026-10-01T02:01:45+00:00,decode,1,50021,0.07,80.54,,0,,,
ap-yXxcAQPhR4WRVkUd4thsUc,2026-10-01T02:01:45+00:00,decode,1,50061,0.07,80.55,,0,,,
ap-yXxcAQPhR4WRVkUd4thsUc,2026-10-01T02:01:45+00:00,prefill,0,,0.05,,43.93,0,1,176,36608
ap-yXxcAQPhR4WRVkUd4thsUc,2026-10-01T02:01:45+00:00,prefill,1,,0.09,,500.47,0,1,85,34432
ap-yXxcAQPhR4WRVkUd4thsUc,2026-10-01T02:01:46+00:00,decode,2,70663,0.09,96.21,,0,,,
ap-yXxcAQPhR4WRVkUd4thsUc,2026-10-01T02:01:46+00:00,decode,1,36854,0.05,142.92,,0,,,
ap-yXxcAQPhR4WRVkUd4thsUc,2026-10-01T02:01:47+00:00,prefill,0,,0.07,,340.53,0,1,561,49920
ap-yXxcAQPhR4WRVkUd4thsUc,2026-10-01T02:01:47+00:00,decode,1,50512,0.07,30.83,,0,,,
ap-yXxcAQPhR4WRVkUd4thsUc,2026-10-01T02:01:48+00:00,decode,1,50552,0.07,80.41,,0,,,
ap-yXxcAQPhR4WRVkUd4thsUc,2026-10-01T02:01:48+00:00,decode,1,50592,0.07,80.4,,0,,,
ap-yXxcAQPhR4WRVkUd4thsUc,2026-10-01T02:01:49+00:00,decode,1,50632,0.07,80.42,,0,,,
ap-yXxcAQPhR4WRVkUd4thsUc,2026-10-01T02:01:49+00:00,prefill,1,,0.09,,40.71,0,1,82,19840
ap-yXxcAQPhR4WRVkUd4thsUc,2026-10-01T02:01:50+00:00,decode,2,69939,0.09,132.09,,0,,,
ap-yXxcAQPhR4WRVkUd4thsUc,2026-10-01T02:01:50+00:00,decode,1,50712,0.07,112.11,,0,,,
ap-yXxcAQPhR4WRVkUd4thsUc,2026-10-01T02:01:51+00:00,decode,1,50752,0.07,80.44,,0,,,
ap-yXxcAQPhR4WRVkUd4thsUc,2026-10-01T02:01:51+00:00,decode,1,50792,0.07,80.48,,0,,,
ap-yXxcAQPhR4WRVkUd4thsUc,2026-10-01T02:01:52+00:00,prefill,0,,0.05,,20.97,0,1,69,34560
ap-yXxcAQPhR4WRVkUd4thsUc,2026-10-01T02:01:53+00:00,prefill,0,,0.07,,1321.44,0,1,520,50688
ap-yXxcAQPhR4WRVkUd4thsUc,2026-10-01T02:01:53+00:00,decode,1,51218,0.07,20.92,,0,,,
ap-yXxcAQPhR4WRVkUd4thsUc,2026-10-01T02:01:53+00:00,decode,1,51258,0.07,80.33,,0,,,
ap-yXxcAQPhR4WRVkUd4thsUc,2026-10-01T02:01:54+00:00,decode,1,51298,0.07,80.38,,0,,,
ap-yXxcAQPhR4WRVkUd4thsUc,2026-10-01T02:01:54+00:00,decode,1,51338,0.07,80.38,,0,,,
ap-yXxcAQPhR4WRVkUd4thsUc,2026-10-01T02:01:54+00:00,prefill,1,,0.09,,356.68,0,1,597,16896
ap-yXxcAQPhR4WRVkUd4thsUc,2026-10-01T02:01:55+00:00,decode,2,68224,0.09,140.68,,0,,,
ap-yXxcAQPhR4WRVkUd4thsUc,2026-10-01T02:01:55+00:00,decode,2,68304,0.09,160.29,,0,,,
ap-yXxcAQPhR4WRVkUd4thsUc,2026-10-01T02:01:56+00:00,decode,1,51458,0.07,100.18,,0,,,
ap-yXxcAQPhR4WRVkUd4thsUc,2026-10-01T02:01:56+00:00,decode,1,51498,0.07,80.42,,0,,,
ap-yXxcAQPhR4WRVkUd4thsUc,2026-10-01T02:01:59+00:00,prefill,0,,0.07,,118.68,0,1,479,51456
ap-yXxcAQPhR4WRVkUd4thsUc,2026-10-01T02:01:59+00:00,decode,1,51948,0.07,18.2,,0,,,
ap-yXxcAQPhR4WRVkUd4thsUc,2026-10-01T02:01:59+00:00,prefill,1,,0.12,,179.27,0,1,94,34624
ap-yXxcAQPhR4WRVkUd4thsUc,2026-10-01T02:01:59+00:00,decode,2,86033,0.12,97.76,,0,,,
ap-yXxcAQPhR4WRVkUd4thsUc,2026-10-01T02:02:00+00:00,decode,1,52028,0.07,124.36,,0,,,
ap-yXxcAQPhR4WRVkUd4thsUc,2026-10-01T02:02:00+00:00,decode,1,52068,0.07,80.18,,0,,,
ap-yXxcAQPhR4WRVkUd4thsUc,2026-10-01T02:02:01+00:00,decode,1,52108,0.07,80.19,,0,,,
ap-yXxcAQPhR4WRVkUd4thsUc,2026-10-01T02:02:01+00:00,decode,1,52148,0.07,80.18,,0,,,
ap-yXxcAQPhR4WRVkUd4thsUc,2026-10-01T02:02:02+00:00,decode,1,52188,0.07,80.2,,0,,,
ap-yXxcAQPhR4WRVkUd4thsUc,2026-10-01T02:02:02+00:00,decode,1,52228,0.07,80.16,,0,,,
ap-yXxcAQPhR4WRVkUd4thsUc,2026-10-01T02:02:04+00:00,prefill,0,,0.07,,82.3,0,1,438,52224
ap-yXxcAQPhR4WRVkUd4thsUc,2026-10-01T02:02:05+00:00,decode,1,52678,0.07,17.09,,0,,,
ap-yXxcAQPhR4WRVkUd4thsUc,2026-10-01T02:02:05+00:00,decode,1,52718,0.07,80.17,,0,,,
ap-yXxcAQPhR4WRVkUd4thsUc,2026-10-01T02:02:06+00:00,decode,1,52758,0.07,80.05,,0,,,
ap-yXxcAQPhR4WRVkUd4thsUc,2026-10-01T02:02:06+00:00,prefill,1,,0.12,,72.85,0,1,116,34688
ap-yXxcAQPhR4WRVkUd4thsUc,2026-10-01T02:02:06+00:00,decode,2,86926,0.12,93.21,,0,,,
ap-yXxcAQPhR4WRVkUd4thsUc,2026-10-01T02:02:07+00:00,decode,1,52838,0.07,129.83,,0,,,
ap-yXxcAQPhR4WRVkUd4thsUc,2026-10-01T02:02:07+00:00,decode,1,52878,0.07,80.13,,0,,,
ap-yXxcAQPhR4WRVkUd4thsUc,2026-10-01T02:02:08+00:00,decode,1,52918,0.07,80.16,,0,,,
ap-yXxcAQPhR4WRVkUd4thsUc,2026-10-01T02:02:08+00:00,decode,1,52958,0.07,80.13,,0,,,
ap-yXxcAQPhR4WRVkUd4thsUc,2026-10-01T02:02:11+00:00,prefill,0,,0.07,,128.32,0,1,653,52736
ap-yXxcAQPhR4WRVkUd4thsUc,2026-10-01T02:02:11+00:00,decode,1,53408,0.07,12.57,,0,,,
ap-yXxcAQPhR4WRVkUd4thsUc,2026-10-01T02:02:12+00:00,decode,1,53448,0.07,80.14,,0,,,
ap-yXxcAQPhR4WRVkUd4thsUc,2026-10-01T02:02:12+00:00,decode,1,53488,0.07,80.05,,0,,,
ap-yXxcAQPhR4WRVkUd4thsUc,2026-10-01T02:02:13+00:00,decode,1,53528,0.07,79.97,,0,,,
ap-yXxcAQPhR4WRVkUd4thsUc,2026-10-01T02:02:13+00:00,decode,1,53568,0.07,80.09,,0,,,
ap-yXxcAQPhR4WRVkUd4thsUc,2026-10-01T02:02:13+00:00,prefill,1,,0.12,,32.16,0,1,73,34816
ap-yXxcAQPhR4WRVkUd4thsUc,2026-10-01T02:02:14+00:00,decode,2,87850,0.12,144.59,,0,,,
ap-yXxcAQPhR4WRVkUd4thsUc,2026-10-01T02:02:14+00:00,decode,1,53648,0.07,91.68,,0,,,
ap-yXxcAQPhR4WRVkUd4thsUc,2026-10-01T02:02:15+00:00,decode,1,53688,0.07,80.09,,0,,,
ap-yXxcAQPhR4WRVkUd4thsUc,2026-10-01T02:02:17+00:00,prefill,0,,0.07,,164.95,0,1,614,53504
ap-yXxcAQPhR4WRVkUd4thsUc,2026-10-01T02:02:17+00:00,decode,1,54140,0.07,16.09,,0,,,
ap-yXxcAQPhR4WRVkUd4thsUc,2026-10-01T02:02:18+00:00,decode,1,54180,0.07,80.05,,0,,,
ap-yXxcAQPhR4WRVkUd4thsUc,2026-10-01T02:02:18+00:00,decode,1,54220,0.07,79.97,,0,,,
ap-yXxcAQPhR4WRVkUd4thsUc,2026-10-01T02:02:19+00:00,decode,1,54260,0.07,80.03,,0,,,
ap-yXxcAQPhR4WRVkUd4thsUc,2026-10-01T02:02:19+00:00,decode,1,54300,0.07,79.95,,0,,,
ap-yXxcAQPhR4WRVkUd4thsUc,2026-10-01T02:02:20+00:00,decode,1,54340,0.07,79.99,,0,,,
ap-yXxcAQPhR4WRVkUd4thsUc,2026-10-01T02:02:20+00:00,decode,1,54380,0.07,79.99,,0,,,
ap-yXxcAQPhR4WRVkUd4thsUc,2026-10-01T02:02:21+00:00,prefill,1,,0.12,,32.93,0,1,116,34880
ap-yXxcAQPhR4WRVkUd4thsUc,2026-10-01T02:02:21+00:00,decode,2,88752,0.12,114.7,,0,,,
ap-yXxcAQPhR4WRVkUd4thsUc,2026-10-01T02:02:24+00:00,prefill,0,,0.07,,184.68,0,1,573,54272
ap-yXxcAQPhR4WRVkUd4thsUc,2026-10-01T02:02:24+00:00,decode,1,54870,0.07,13.45,,0,,,
ap-yXxcAQPhR4WRVkUd4thsUc,2026-10-01T02:02:24+00:00,decode,1,54910,0.07,79.95,,0,,,
ap-yXxcAQPhR4WRVkUd4thsUc,2026-10-01T02:02:25+00:00,decode,1,54950,0.07,79.88,,0,,,
ap-yXxcAQPhR4WRVkUd4thsUc,2026-10-01T02:02:25+00:00,decode,1,54990,0.07,79.06,,0,,,
ap-yXxcAQPhR4WRVkUd4thsUc,2026-10-01T02:02:26+00:00,decode,1,55030,0.07,77.02,,0,,,
ap-yXxcAQPhR4WRVkUd4thsUc,2026-10-01T02:02:27+00:00,decode,1,55070,0.07,79.78,,0,,,
ap-yXxcAQPhR4WRVkUd4thsUc,2026-10-01T02:02:27+00:00,prefill,1,,0.12,,41.64,0,1,139,34944
ap-yXxcAQPhR4WRVkUd4thsUc,2026-10-01T02:02:27+00:00,decode,2,89514,0.12,79.15,,0,,,
ap-yXxcAQPhR4WRVkUd4thsUc,2026-10-01T02:02:28+00:00,decode,1,55150,0.07,135.02,,0,,,
ap-yXxcAQPhR4WRVkUd4thsUc,2026-10-01T02:02:28+00:00,prefill,1,,0.04,,128.07,0,1,103,26112
ap-yXxcAQPhR4WRVkUd4thsUc,2026-10-01T02:02:28+00:00,decode,1,26243,0.04,75.47,,0,,,
ap-yXxcAQPhR4WRVkUd4thsUc,2026-10-01T02:02:29+00:00,decode,1,26283,0.04,83.63,,0,,,
ap-yXxcAQPhR4WRVkUd4thsUc,2026-10-01T02:02:29+00:00,prefill,0,,0.04,,231.06,0,1,289,31616
ap-yXxcAQPhR4WRVkUd4thsUc,2026-10-01T02:02:29+00:00,decode,1,31931,0.04,53.46,,0,,,
ap-yXxcAQPhR4WRVkUd4thsUc,2026-10-01T02:02:30+00:00,prefill,1,,0.12,,755.02,0,1,532,55040
ap-yXxcAQPhR4WRVkUd4thsUc,2026-10-01T02:02:30+00:00,decode,1,55587,0.07,80.94,,0,,,
ap-yXxcAQPhR4WRVkUd4thsUc,2026-10-01T02:02:30+00:00,decode,1,55627,0.07,79.8,,0,,,
ap-yXxcAQPhR4WRVkUd4thsUc,2026-10-01T02:02:31+00:00,decode,1,55667,0.07,79.72,,0,,,
ap-yXxcAQPhR4WRVkUd4thsUc,2026-10-01T02:02:31+00:00,decode,1,55707,0.07,79.71,,0,,,
ap-yXxcAQPhR4WRVkUd4thsUc,2026-10-01T02:02:32+00:00,decode,1,55747,0.07,79.74,,0,,,
ap-yXxcAQPhR4WRVkUd4thsUc,2026-10-01T02:02:32+00:00,decode,1,55787,0.07,79.72,,0,,,
ap-yXxcAQPhR4WRVkUd4thsUc,2026-10-01T02:02:33+00:00,prefill,1,,0.12,,30.36,0,1,97,35072
ap-yXxcAQPhR4WRVkUd4thsUc,2026-10-01T02:02:33+00:00,decode,2,90312,0.12,78.15,,0,,,
ap-yXxcAQPhR4WRVkUd4thsUc,2026-10-01T02:02:34+00:00,decode,2,90392,0.12,155.28,,0,,,
ap-yXxcAQPhR4WRVkUd4thsUc,2026-10-01T02:02:36+00:00,prefill,0,,0.08,,162.02,0,1,446,55808
ap-yXxcAQPhR4WRVkUd4thsUc,2026-10-01T02:02:36+00:00,decode,1,56272,0.08,17.71,,0,,,
ap-yXxcAQPhR4WRVkUd4thsUc,2026-10-01T02:02:36+00:00,decode,1,56312,0.08,79.77,,0,,,
ap-yXxcAQPhR4WRVkUd4thsUc,2026-10-01T02:02:37+00:00,decode,1,56352,0.08,79.67,,0,,,
ap-yXxcAQPhR4WRVkUd4thsUc,2026-10-01T02:02:37+00:00,decode,1,56392,0.08,79.73,,0,,,
ap-yXxcAQPhR4WRVkUd4thsUc,2026-10-01T02:02:38+00:00,prefill,1,,0.11,,463.9,0,1,868,27712
ap-yXxcAQPhR4WRVkUd4thsUc,2026-10-01T02:02:38+00:00,decode,2,84362,0.11,124.47,,0,,,
ap-yXxcAQPhR4WRVkUd4thsUc,2026-10-01T02:02:39+00:00,decode,2,84442,0.11,156.77,,0,,,
ap-yXxcAQPhR4WRVkUd4thsUc,2026-10-01T02:02:39+00:00,decode,1,56512,0.08,83.67,,0,,,
ap-yXxcAQPhR4WRVkUd4thsUc,2026-10-01T02:02:40+00:00,decode,1,56552,0.08,79.74,,0,,,
ap-yXxcAQPhR4WRVkUd4thsUc,2026-10-01T02:02:40+00:00,prefill,1,,0.12,,56.05,0,1,138,35136
ap-yXxcAQPhR4WRVkUd4thsUc,2026-10-01T02:02:40+00:00,decode,2,91184,0.12,81.8,,0,,,
ap-yXxcAQPhR4WRVkUd4thsUc,2026-10-01T02:02:41+00:00,prefill,0,,0.04,,440.16,0,1,246,31296
ap-yXxcAQPhR4WRVkUd4thsUc,2026-10-01T02:02:41+00:00,decode,1,31550,0.04,101.27,,0,,,
ap-yXxcAQPhR4WRVkUd4thsUc,2026-10-01T02:02:41+00:00,decode,1,31590,0.04,82.92,,0,,,
ap-yXxcAQPhR4WRVkUd4thsUc,2026-10-01T02:02:41+00:00,prefill,1,,0.08,,2664.39,0,2,1992,28544
ap-yXxcAQPhR4WRVkUd4thsUc,2026-10-01T02:02:42+00:00,decode,2,30611,0.04,154.93,,0,,,
ap-yXxcAQPhR4WRVkUd4thsUc,2026-10-01T02:02:43+00:00,prefill,0,,0.08,,99.25,0,1,138,56576
ap-yXxcAQPhR4WRVkUd4thsUc,2026-10-01T02:02:43+00:00,decode,1,56717,0.08,79.25,,0,,,
ap-yXxcAQPhR4WRVkUd4thsUc,2026-10-01T02:02:43+00:00,prefill,1,,0.13,,3565.29,0,1,826,40960
ap-yXxcAQPhR4WRVkUd4thsUc,2026-10-01T02:02:43+00:00,decode,2,97888,0.13,115.32,,0,,,
ap-yXxcAQPhR4WRVkUd4thsUc,2026-10-01T02:02:44+00:00,prefill,1,,0.06,,2679.51,0,1,2121,0
ap-yXxcAQPhR4WRVkUd4thsUc,2026-10-01T02:02:44+00:00,decode,2,43314,0.06,99.39,,0,,,
ap-yXxcAQPhR4WRVkUd4thsUc,2026-10-01T02:02:44+00:00,prefill,2,,0.1,,1403.96,0,1,673,31488
ap-yXxcAQPhR4WRVkUd4thsUc,2026-10-01T02:02:45+00:00,decode,2,33686,0.05,171.4,,0,,,
ap-yXxcAQPhR4WRVkUd4thsUc,2026-10-01T02:02:45+00:00,prefill,2,,0.08,,557.53,0,1,357,29440
ap-yXxcAQPhR4WRVkUd4thsUc,2026-10-01T02:02:45+00:00,decode,2,61360,0.08,184.19,,0,,,
ap-yXxcAQPhR4WRVkUd4thsUc,2026-10-01T02:02:46+00:00,decode,1,29857,0.04,87.28,,0,,,
ap-yXxcAQPhR4WRVkUd4thsUc,2026-10-01T02:02:46+00:00,prefill,0,,0.05,,65.13,0,1,97,35264
ap-yXxcAQPhR4WRVkUd4thsUc,2026-10-01T02:02:47+00:00,decode,1,35390,0.05,36.17,,0,,,
ap-yXxcAQPhR4WRVkUd4thsUc,2026-10-01T02:02:47+00:00,prefill,0,,0.06,,696.24,0,1,468,41728
ap-yXxcAQPhR4WRVkUd4thsUc,2026-10-01T02:02:47+00:00,prefill,1,,0.06,,4393.2,0,1,1426,896
ap-yXxcAQPhR4WRVkUd4thsUc,2026-10-01T02:02:48+00:00,decode,2,43879,0.06,65.01,,0,,,
ap-yXxcAQPhR4WRVkUd4thsUc,2026-10-01T02:02:48+00:00,prefill,1,,0.05,,1209.63,0,1,457,32128
ap-yXxcAQPhR4WRVkUd4thsUc,2026-10-01T02:02:48+00:00,decode,2,34304,0.05,141.78,,0,,,
ap-yXxcAQPhR4WRVkUd4thsUc,2026-10-01T02:02:48+00:00,prefill,2,,0.09,,603.53,0,1,340,29760
ap-yXxcAQPhR4WRVkUd4thsUc,2026-10-01T02:02:49+00:00,decode,2,62092,0.08,170.85,,0,,,
ap-yXxcAQPhR4WRVkUd4thsUc,2026-10-01T02:02:49+00:00,prefill,2,,0.13,,943.86,0,1,362,36736
ap-yXxcAQPhR4WRVkUd4thsUc,2026-10-01T02:02:49+00:00,decode,1,37136,0.05,119.71,,0,,,
ap-yXxcAQPhR4WRVkUd4thsUc,2026-10-01T02:02:50+00:00,prefill,0,,0.06,,489.66,0,1,610,42176
ap-yXxcAQPhR4WRVkUd4thsUc,2026-10-01T02:02:50+00:00,decode,1,42802,0.06,41.18,,0,,,
ap-yXxcAQPhR4WRVkUd4thsUc,2026-10-01T02:02:51+00:00,decode,1,42842,0.06,81.46,,0,,,
ap-yXxcAQPhR4WRVkUd4thsUc,2026-10-01T02:02:51+00:00,prefill,1,,0.06,,118.12,0,1,127,2304
ap-yXxcAQPhR4WRVkUd4thsUc,2026-10-01T02:02:51+00:00,decode,2,44637,0.06,95.76,,0,,,
ap-yXxcAQPhR4WRVkUd4thsUc,2026-10-01T02:02:51+00:00,prefill,2,,0.1,,432.31,0,1,104,32576
ap-yXxcAQPhR4WRVkUd4thsUc,2026-10-01T02:02:52+00:00,prefill,3,,0.14,,1163.29,0,1,318,30080
ap-yXxcAQPhR4WRVkUd4thsUc,2026-10-01T02:02:52+00:00,decode,4,106471,0.14,215.49,,0,,,
ap-yXxcAQPhR4WRVkUd4thsUc,2026-10-01T02:02:52+00:00,decode,1,30454,0.04,233.98,,0,,,
ap-yXxcAQPhR4WRVkUd4thsUc,2026-10-01T02:02:53+00:00,prefill,0,,0.05,,61.79,0,1,119,35328
ap-yXxcAQPhR4WRVkUd4thsUc,2026-10-01T02:02:54+00:00,decode,1,35467,0.05,27.71,,0,,,
ap-yXxcAQPhR4WRVkUd4thsUc,2026-10-01T02:02:55+00:00,prefill,0,,0.04,,98.87,0,1,103,32640
ap-yXxcAQPhR4WRVkUd4thsUc,2026-10-01T02:02:55+00:00,decode,1,32758,0.04,40.77,,0,,,
ap-yXxcAQPhR4WRVkUd4thsUc,2026-10-01T02:02:55+00:00,prefill,1,,0.1,,2898.26,0,1,812,42752
ap-yXxcAQPhR4WRVkUd4thsUc,2026-10-01T02:02:55+00:00,prefill,2,,0.1,,2922.22,0,1,354,2368
ap-yXxcAQPhR4WRVkUd4thsUc,2026-10-01T02:02:55+00:00,decode,3,77783,0.1,171.14,,0,,,
ap-yXxcAQPhR4WRVkUd4thsUc,2026-10-01T02:02:55+00:00,prefill,3,,0.1,,1297.36,0,1,723,30464
ap-yXxcAQPhR4WRVkUd4thsUc,2026-10-01T02:02:56+00:00,decode,2,74180,0.1,197.84,,0,,,
ap-yXxcAQPhR4WRVkUd4thsUc,2026-10-01T02:02:56+00:00,prefill,2,,0.13,,55.53,0,1,48,19968
ap-yXxcAQPhR4WRVkUd4thsUc,2026-10-01T02:02:56+00:00,decode,3,93599,0.13,165.84,,0,,,
ap-yXxcAQPhR4WRVkUd4thsUc,2026-10-01T02:02:57+00:00,prefill,3,,0.15,,710.04,0,1,270,17472
ap-yXxcAQPhR4WRVkUd4thsUc,2026-10-01T02:02:57+00:00,decode,4,110798,0.15,249.52,,0,,,
ap-yXxcAQPhR4WRVkUd4thsUc,2026-10-01T02:02:58+00:00,decode,1,0,0.0,174.23,,0,,,
ap-yXxcAQPhR4WRVkUd4thsUc,2026-10-01T02:02:58+00:00,prefill,0,,0.04,,40.28,0,1,56,32768
ap-yXxcAQPhR4WRVkUd4thsUc,2026-10-01T02:02:58+00:00,prefill,1,,0.05,,2044.92,0,1,431,2688
ap-yXxcAQPhR4WRVkUd4thsUc,2026-10-01T02:02:59+00:00,decode,2,35322,0.05,59.77,,0,,,
ap-yXxcAQPhR4WRVkUd4thsUc,2026-10-01T02:02:59+00:00,prefill,2,,0.07,,1462.97,0,1,693,17728
ap-yXxcAQPhR4WRVkUd4thsUc,2026-10-01T02:02:59+00:00,decode,2,20951,0.03,179.75,,0,,,
ap-yXxcAQPhR4WRVkUd4thsUc,2026-10-01T02:03:00+00:00,prefill,0,,0.06,,411.24,0,1,394,43520
ap-yXxcAQPhR4WRVkUd4thsUc,2026-10-01T02:03:00+00:00,decode,1,43933,0.06,69.75,,0,,,
ap-yXxcAQPhR4WRVkUd4thsUc,2026-10-01T02:03:00+00:00,prefill,1,,0.1,,1981.92,0,1,865,31232
ap-yXxcAQPhR4WRVkUd4thsUc,2026-10-01T02:03:00+00:00,prefill,2,,0.15,,3903.88,0,1,408,35392
ap-yXxcAQPhR4WRVkUd4thsUc,2026-10-01T02:03:01+00:00,prefill,2,,0.11,,606.93,0,1,167,18432
ap-yXxcAQPhR4WRVkUd4thsUc,2026-10-01T02:03:01+00:00,decode,3,85191,0.11,118.69,,0,,,
ap-yXxcAQPhR4WRVkUd4thsUc,2026-10-01T02:03:01+00:00,decode,3,67350,0.09,231.13,,0,,,
ap-yXxcAQPhR4WRVkUd4thsUc,2026-10-01T02:03:02+00:00,decode,2,67430,0.09,160.82,,0,,,
ap-yXxcAQPhR4WRVkUd4thsUc,2026-10-01T02:03:02+00:00,prefill,1,,0.11,,48.4,0,1,67,43904
ap-yXxcAQPhR4WRVkUd4thsUc,2026-10-01T02:03:02+00:00,prefill,2,,0.15,,722.19,0,1,144,32768
ap-yXxcAQPhR4WRVkUd4thsUc,2026-10-01T02:03:02+00:00,prefill,3,,0.15,,23347.0,0,1,943,3072
ap-yXxcAQPhR4WRVkUd4thsUc,2026-10-01T02:03:02+00:00,decode,4,114834,0.15,149.46,,0,,,
ap-yXxcAQPhR4WRVkUd4thsUc,2026-10-01T02:03:03+00:00,prefill,4,,0.18,,910.98,0,1,349,18560
ap-yXxcAQPhR4WRVkUd4thsUc,2026-10-01T02:03:03+00:00,decode,2,22318,0.03,241.28,,0,,,
ap-yXxcAQPhR4WRVkUd4thsUc,2026-10-01T02:03:03+00:00,decode,2,22398,0.03,172.72,,0,,,
ap-yXxcAQPhR4WRVkUd4thsUc,2026-10-01T02:03:04+00:00,decode,2,22478,0.03,172.96,,0,,,
ap-yXxcAQPhR4WRVkUd4thsUc,2026-10-01T02:03:04+00:00,decode,2,22558,0.03,172.86,,0,,,
ap-yXxcAQPhR4WRVkUd4thsUc,2026-10-01T02:03:05+00:00,decode,2,22638,0.03,172.98,,0,,,
ap-yXxcAQPhR4WRVkUd4thsUc,2026-10-01T02:03:05+00:00,prefill,1,,0.05,,299.07,0,1,790,32064
ap-yXxcAQPhR4WRVkUd4thsUc,2026-10-01T02:03:05+00:00,prefill,2,,0.09,,1000.95,0,1,87,32896
ap-yXxcAQPhR4WRVkUd4thsUc,2026-10-01T02:03:05+00:00,decode,3,68747,0.09,106.58,,0,,,
ap-yXxcAQPhR4WRVkUd4thsUc,2026-10-01T02:03:05+00:00,prefill,3,,0.15,,350.86,0,1,70,43968
ap-yXxcAQPhR4WRVkUd4thsUc,2026-10-01T02:03:06+00:00,decode,4,112251,0.15,266.31,,0,,,
ap-yXxcAQPhR4WRVkUd4thsUc,2026-10-01T02:03:06+00:00,prefill,4,,0.12,,611.43,0,1,446,18944
ap-yXxcAQPhR4WRVkUd4thsUc,2026-10-01T02:03:07+00:00,decode,3,55331,0.07,260.15,,0,,,
ap-yXxcAQPhR4WRVkUd4thsUc,2026-10-01T02:03:07+00:00,decode,2,36685,0.05,230.9,,0,,,
ap-yXxcAQPhR4WRVkUd4thsUc,2026-10-01T02:03:07+00:00,decode,2,36765,0.05,168.86,,0,,,
ap-yXxcAQPhR4WRVkUd4thsUc,2026-10-01T02:03:08+00:00,decode,1,4468,0.01,91.27,,0,,,
ap-yXxcAQPhR4WRVkUd4thsUc,2026-10-01T02:03:08+00:00,prefill,1,,0.03,,398.65,0,1,825,19328
ap-yXxcAQPhR4WRVkUd4thsUc,2026-10-01T02:03:08+00:00,decode,2,23991,0.03,102.61,,0,,,
ap-yXxcAQPhR4WRVkUd4thsUc,2026-10-01T02:03:09+00:00,prefill,2,,0.08,,495.55,0,1,243,35840
ap-yXxcAQPhR4WRVkUd4thsUc,2026-10-01T02:03:09+00:00,prefill,3,,0.14,,551.57,0,1,95,44032
ap-yXxcAQPhR4WRVkUd4thsUc,2026-10-01T02:03:09+00:00,decode,4,102932,0.14,185.85,,0,,,
ap-yXxcAQPhR4WRVkUd4thsUc,2026-10-01T02:03:09+00:00,prefill,3,,0.09,,510.95,0,1,171,19968
ap-yXxcAQPhR4WRVkUd4thsUc,2026-10-01T02:03:09+00:00,prefill,3,,0.13,,487.02,0,1,56,33024
ap-yXxcAQPhR4WRVkUd4thsUc,2026-10-01T02:03:10+00:00,decode,4,99961,0.13,245.69,,0,,,
ap-yXxcAQPhR4WRVkUd4thsUc,2026-10-01T02:03:10+00:00,decode,2,37078,0.05,250.18,,0,,,
ap-yXxcAQPhR4WRVkUd4thsUc,2026-10-01T02:03:10+00:00,prefill,2,,0.09,,437.32,0,1,431,33024
ap-yXxcAQPhR4WRVkUd4thsUc,2026-10-01T02:03:11+00:00,decode,2,37459,0.05,154.7,,0,,,
ap-yXxcAQPhR4WRVkUd4thsUc,2026-10-01T02:03:11+00:00,prefill,2,,0.08,,543.5,0,1,352,20224
ap-yXxcAQPhR4WRVkUd4thsUc,2026-10-01T02:03:11+00:00,decode,3,57440,0.08,174.14,,0,,,
ap-yXxcAQPhR4WRVkUd4thsUc,2026-10-01T02:03:12+00:00,decode,3,57560,0.08,240.97,,0,,,
ap-yXxcAQPhR4WRVkUd4thsUc,2026-10-01T02:03:12+00:00,prefill,3,,0.14,,109.38,0,1,124,44096
ap-yXxcAQPhR4WRVkUd4thsUc,2026-10-01T02:03:12+00:00,decode,4,81236,0.11,229.09,,0,,,
ap-yXxcAQPhR4WRVkUd4thsUc,2026-10-01T02:03:13+00:00,decode,2,48405,0.06,188.73,,0,,,
ap-yXxcAQPhR4WRVkUd4thsUc,2026-10-01T02:03:13+00:00,decode,1,4868,0.01,144.41,,0,,,
ap-yXxcAQPhR4WRVkUd4thsUc,2026-10-01T02:03:13+00:00,prefill,1,,0.05,,127.85,0,1,153,33024
ap-yXxcAQPhR4WRVkUd4thsUc,2026-10-01T02:03:14+00:00,prefill,2,,0.08,,1538.53,0,1,274,20544
ap-yXxcAQPhR4WRVkUd4thsUc,2026-10-01T02:03:14+00:00,decode,3,57573,0.08,148.3,,0,,,
ap-yXxcAQPhR4WRVkUd4thsUc,2026-10-01T02:03:14+00:00,decode,3,57693,0.08,241.19,,0,,,
ap-yXxcAQPhR4WRVkUd4thsUc,2026-10-01T02:03:15+00:00,decode,1,4988,0.01,184.21,,0,,,
ap-yXxcAQPhR4WRVkUd4thsUc,2026-10-01T02:03:15+00:00,decode,1,5028,0.01,87.04,,0,,,
ap-yXxcAQPhR4WRVkUd4thsUc,2026-10-01T02:03:15+00:00,prefill,1,,0.05,,282.22,0,1,542,33536
ap-yXxcAQPhR4WRVkUd4thsUc,2026-10-01T02:03:16+00:00,prefill,2,,0.11,,341.22,0,1,46,44288
ap-yXxcAQPhR4WRVkUd4thsUc,2026-10-01T02:03:16+00:00,prefill,3,,0.16,,444.06,0,1,75,36096
ap-yXxcAQPhR4WRVkUd4thsUc,2026-10-01T02:03:16+00:00,decode,4,117625,0.16,116.58,,0,,,
ap-yXxcAQPhR4WRVkUd4thsUc,2026-10-01T02:03:16+00:00,decode,2,38560,0.05,261.95,,0,,,
ap-yXxcAQPhR4WRVkUd4thsUc,2026-10-01T02:03:17+00:00,decode,2,38640,0.05,168.2,,0,,,
ap-yXxcAQPhR4WRVkUd4thsUc,2026-10-01T02:03:17+00:00,prefill,2,,0.08,,492.44,0,1,686,20800
ap-yXxcAQPhR4WRVkUd4thsUc,2026-10-01T02:03:17+00:00,decode,3,59534,0.08,169.12,,0,,,
ap-yXxcAQPhR4WRVkUd4thsUc,2026-10-01T02:03:18+00:00,prefill,3,,0.12,,348.28,0,1,122,33152
ap-yXxcAQPhR4WRVkUd4thsUc,2026-10-01T02:03:18+00:00,decode,3,58699,0.08,234.23,,0,,,
ap-yXxcAQPhR4WRVkUd4thsUc,2026-10-01T02:03:18+00:00,decode,2,37925,0.05,230.22,,0,,,
ap-yXxcAQPhR4WRVkUd4thsUc,2026-10-01T02:03:19+00:00,prefill,1,,0.07,,80.08,0,1,95,44288
ap-yXxcAQPhR4WRVkUd4thsUc,2026-10-01T02:03:19+00:00,decode,2,49020,0.07,122.58,,0,,,
ap-yXxcAQPhR4WRVkUd4thsUc,2026-10-01T02:03:19+00:00,decode,2,49100,0.07,165.4,,0,,,
ap-yXxcAQPhR4WRVkUd4thsUc,2026-10-01T02:03:20+00:00,decode,1,5388,0.01,130.71,,0,,,
ap-yXxcAQPhR4WRVkUd4thsUc,2026-10-01T02:03:20+00:00,decode,1,5428,0.01,86.65,,0,,,
ap-yXxcAQPhR4WRVkUd4thsUc,2026-10-01T02:03:21+00:00,decode,1,5468,0.01,86.67,,0,,,
ap-yXxcAQPhR4WRVkUd4thsUc,2026-10-01T02:03:21+00:00,prefill,1,,0.05,,256.97,0,1,551,34048
ap-yXxcAQPhR4WRVkUd4thsUc,2026-10-01T02:03:21+00:00,prefill,2,,0.08,,387.33,0,1,175,20096
ap-yXxcAQPhR4WRVkUd4thsUc,2026-10-01T02:03:21+00:00,decode,3,59049,0.08,141.7,,0,,,
ap-yXxcAQPhR4WRVkUd4thsUc,2026-10-01T02:03:21+00:00,prefill,3,,0.12,,734.29,0,1,91,33280
ap-yXxcAQPhR4WRVkUd4thsUc,2026-10-01T02:03:22+00:00,decode,4,91891,0.12,281.22,,0,,,
ap-yXxcAQPhR4WRVkUd4thsUc,2026-10-01T02:03:22+00:00,decode,2,39620,0.05,262.03,,0,,,
ap-yXxcAQPhR4WRVkUd4thsUc,2026-10-01T02:03:23+00:00,decode,2,39700,0.05,168.09,,0,,,
ap-yXxcAQPhR4WRVkUd4thsUc,2026-10-01T02:03:23+00:00,prefill,2,,0.1,,66.84,0,1,105,36160
ap-yXxcAQPhR4WRVkUd4thsUc,2026-10-01T02:03:23+00:00,decode,2,5668,0.01,201.32,,0,,,
ap-yXxcAQPhR4WRVkUd4thsUc,2026-10-01T02:03:24+00:00,decode,1,5708,0.01,89.25,,0,,,
ap-yXxcAQPhR4WRVkUd4thsUc,2026-10-01T02:03:24+00:00,decode,1,5748,0.01,86.81,,0,,,
ap-yXxcAQPhR4WRVkUd4thsUc,2026-10-01T02:03:25+00:00,decode,1,5788,0.01,86.81,,0,,,
ap-yXxcAQPhR4WRVkUd4thsUc,2026-10-01T02:03:25+00:00,decode,1,5828,0.01,86.76,,0,,,
ap-yXxcAQPhR4WRVkUd4thsUc,2026-10-01T02:03:26+00:00,decode,1,5868,0.01,86.85,,0,,,
ap-yXxcAQPhR4WRVkUd4thsUc,2026-10-01T02:03:26+00:00,decode,1,5908,0.01,86.69,,0,,,
ap-yXxcAQPhR4WRVkUd4thsUc,2026-10-01T02:03:26+00:00,prefill,1,,0.05,,214.39,0,1,717,34560
ap-yXxcAQPhR4WRVkUd4thsUc,2026-10-01T02:03:27+00:00,decode,2,40574,0.05,134.74,,0,,,
ap-yXxcAQPhR4WRVkUd4thsUc,2026-10-01T02:03:27+00:00,decode,1,35353,0.05,165.32,,0,,,
ap-yXxcAQPhR4WRVkUd4thsUc,2026-10-01T02:03:28+00:00,decode,1,35393,0.05,82.49,,0,,,
ap-yXxcAQPhR4WRVkUd4thsUc,2026-10-01T02:03:28+00:00,decode,1,35433,0.05,82.49,,0,,,
ap-yXxcAQPhR4WRVkUd4thsUc,2026-10-01T02:03:30+00:00,prefill,0,,0.05,,35.37,0,1,128,36224
ap-yXxcAQPhR4WRVkUd4thsUc,2026-10-01T02:03:30+00:00,decode,1,36356,0.05,22.37,,0,,,
ap-yXxcAQPhR4WRVkUd4thsUc,2026-10-01T02:03:30+00:00,prefill,1,,0.05,,4585.42,0,1,610,3968
ap-yXxcAQPhR4WRVkUd4thsUc,2026-10-01T02:03:31+00:00,prefill,2,,0.09,,2784.7,0,1,1501,26176
ap-yXxcAQPhR4WRVkUd4thsUc,2026-10-01T02:03:31+00:00,decode,3,67318,0.09,116.65,,0,,,
ap-yXxcAQPhR4WRVkUd4thsUc,2026-10-01T02:03:31+00:00,decode,1,27721,0.04,147.17,,0,,,
ap-yXxcAQPhR4WRVkUd4thsUc,2026-10-01T02:03:32+00:00,prefill,1,,0.08,,628.7,0,1,627,35328
ap-yXxcAQPhR4WRVkUd4thsUc,2026-10-01T02:03:32+00:00,decode,2,63036,0.08,82.59,,0,,,
ap-yXxcAQPhR4WRVkUd4thsUc,2026-10-01T02:03:32+00:00,decode,1,36002,0.05,104.49,,0,,,
ap-yXxcAQPhR4WRVkUd4thsUc,2026-10-01T02:03:32+00:00,prefill,1,,0.09,,353.5,0,1,241,31872
ap-yXxcAQPhR4WRVkUd4thsUc,2026-10-01T02:03:33+00:00,decode,2,67502,0.09,137.8,,0,,,
ap-yXxcAQPhR4WRVkUd4thsUc,2026-10-01T02:03:33+00:00,decode,2,67582,0.09,160.88,,0,,,
ap-yXxcAQPhR4WRVkUd4thsUc,2026-10-01T02:03:34+00:00,decode,2,67662,0.09,160.67,,0,,,
ap-yXxcAQPhR4WRVkUd4thsUc,2026-10-01T02:03:34+00:00,decode,1,32267,0.04,133.89,,0,,,
ap-yXxcAQPhR4WRVkUd4thsUc,2026-10-01T02:03:34+00:00,prefill,1,,0.07,,95.03,0,1,187,20224
ap-yXxcAQPhR4WRVkUd4thsUc,2026-10-01T02:03:34+00:00,prefill,2,,0.08,,3739.26,0,1,219,4608
ap-yXxcAQPhR4WRVkUd4thsUc,2026-10-01T02:03:35+00:00,decode,3,56245,0.08,198.38,,0,,,
ap-yXxcAQPhR4WRVkUd4thsUc,2026-10-01T02:03:35+00:00,decode,2,36563,0.05,183.71,,0,,,
ap-yXxcAQPhR4WRVkUd4thsUc,2026-10-01T02:03:36+00:00,decode,1,32387,0.04,123.18,,0,,,
ap-yXxcAQPhR4WRVkUd4thsUc,2026-10-01T02:03:37+00:00,prefill,0,,0.05,,41.17,0,1,105,36352
ap-yXxcAQPhR4WRVkUd4thsUc,2026-10-01T02:03:37+00:00,decode,1,36460,0.05,34.0,,0,,,
ap-yXxcAQPhR4WRVkUd4thsUc,2026-10-01T02:03:37+00:00,prefill,1,,0.1,,2986.27,0,1,537,36096
ap-yXxcAQPhR4WRVkUd4thsUc,2026-10-01T02:03:37+00:00,decode,1,36667,0.05,117.4,,0,,,
ap-yXxcAQPhR4WRVkUd4thsUc,2026-10-01T02:03:38+00:00,decode,1,36707,0.05,82.36,,0,,,
ap-yXxcAQPhR4WRVkUd4thsUc,2026-10-01T02:03:38+00:00,prefill,1,,0.09,,193.44,0,1,271,32256
ap-yXxcAQPhR4WRVkUd4thsUc,2026-10-01T02:03:38+00:00,decode,2,68590,0.09,79.54,,0,,,
ap-yXxcAQPhR4WRVkUd4thsUc,2026-10-01T02:03:39+00:00,prefill,2,,0.1,,5208.12,0,1,1064,4864
ap-yXxcAQPhR4WRVkUd4thsUc,2026-10-01T02:03:39+00:00,decode,3,73945,0.1,187.26,,0,,,
ap-yXxcAQPhR4WRVkUd4thsUc,2026-10-01T02:03:40+00:00,decode,1,6002,0.01,210.43,,0,,,
ap-yXxcAQPhR4WRVkUd4thsUc,2026-10-01T02:03:40+00:00,decode,1,6042,0.01,86.8,,0,,,
ap-yXxcAQPhR4WRVkUd4thsUc,2026-10-01T02:03:41+00:00,decode,1,6082,0.01,86.8,,0,,,
ap-yXxcAQPhR4WRVkUd4thsUc,2026-10-01T02:03:41+00:00,prefill,1,,0.03,,66.68,0,1,152,20352
ap-yXxcAQPhR4WRVkUd4thsUc,2026-10-01T02:03:41+00:00,decode,2,25945,0.03,91.12,,0,,,
ap-yXxcAQPhR4WRVkUd4thsUc,2026-10-01T02:03:41+00:00,decode,1,6162,0.01,137.83,,0,,,
ap-yXxcAQPhR4WRVkUd4thsUc,2026-10-01T02:03:42+00:00,prefill,1,,0.05,,458.56,0,1,412,32512
ap-yXxcAQPhR4WRVkUd4thsUc,2026-10-01T02:03:42+00:00,decode,2,38452,0.05,100.31,,0,,,
ap-yXxcAQPhR4WRVkUd4thsUc,2026-10-01T02:03:42+00:00,decode,2,38532,0.05,168.29,,0,,,
ap-yXxcAQPhR4WRVkUd4thsUc,2026-10-01T02:03:43+00:00,prefill,2,,0.1,,810.25,0,1,703,36608
ap-yXxcAQPhR4WRVkUd4thsUc,2026-10-01T02:03:43+00:00,decode,3,75263,0.1,182.04,,0,,,
ap-yXxcAQPhR4WRVkUd4thsUc,2026-10-01T02:03:44+00:00,decode,2,43013,0.06,229.49,,0,,,
ap-yXxcAQPhR4WRVkUd4thsUc,2026-10-01T02:03:44+00:00,prefill,2,,0.11,,128.2,0,1,139,36416
ap-yXxcAQPhR4WRVkUd4thsUc,2026-10-01T02:03:44+00:00,decode,3,78985,0.11,192.96,,0,,,
ap-yXxcAQPhR4WRVkUd4thsUc,2026-10-01T02:03:45+00:00,decode,2,43173,0.06,204.58,,0,,,
ap-yXxcAQPhR4WRVkUd4thsUc,2026-10-01T02:03:45+00:00,decode,2,43253,0.06,167.07,,0,,,
ap-yXxcAQPhR4WRVkUd4thsUc,2026-10-01T02:03:46+00:00,decode,1,6482,0.01,99.1,,0,,,
ap-yXxcAQPhR4WRVkUd4thsUc,2026-10-01T02:03:46+00:00,prefill,1,,0.05,,70.93,0,1,132,33024
ap-yXxcAQPhR4WRVkUd4thsUc,2026-10-01T02:03:46+00:00,decode,2,39024,0.05,142.58,,0,,,
ap-yXxcAQPhR4WRVkUd4thsUc,2026-10-01T02:03:47+00:00,decode,2,39104,0.05,168.2,,0,,,
ap-yXxcAQPhR4WRVkUd4thsUc,2026-10-01T02:03:47+00:00,decode,2,39184,0.05,168.14,,0,,,
ap-yXxcAQPhR4WRVkUd4thsUc,2026-10-01T02:03:47+00:00,prefill,2,,0.08,,41.02,0,1,71,20480
ap-yXxcAQPhR4WRVkUd4thsUc,2026-10-01T02:03:47+00:00,decode,2,26516,0.04,161.29,,0,,,
ap-yXxcAQPhR4WRVkUd4thsUc,2026-10-01T02:03:48+00:00,decode,2,26596,0.04,171.4,,0,,,
ap-yXxcAQPhR4WRVkUd4thsUc,2026-10-01T02:03:48+00:00,prefill,2,,0.09,,1176.01,0,1,876,37376
ap-yXxcAQPhR4WRVkUd4thsUc,2026-10-01T02:03:48+00:00,prefill,3,,0.13,,1364.0,0,1,65,33280
ap-yXxcAQPhR4WRVkUd4thsUc,2026-10-01T02:03:49+00:00,decode,3,77016,0.1,180.34,,0,,,
ap-yXxcAQPhR4WRVkUd4thsUc,2026-10-01T02:03:49+00:00,decode,3,77136,0.1,234.15,,0,,,
ap-yXxcAQPhR4WRVkUd4thsUc,2026-10-01T02:03:50+00:00,decode,3,77256,0.1,234.27,,0,,,
ap-yXxcAQPhR4WRVkUd4thsUc,2026-10-01T02:03:50+00:00,decode,2,44563,0.06,219.46,,0,,,
ap-yXxcAQPhR4WRVkUd4thsUc,2026-10-01T02:03:51+00:00,decode,2,44643,0.06,166.59,,0,,,
ap-yXxcAQPhR4WRVkUd4thsUc,2026-10-01T02:03:51+00:00,prefill,1,,0.05,,71.7,0,1,190,33344
ap-yXxcAQPhR4WRVkUd4thsUc,2026-10-01T02:03:51+00:00,decode,2,39796,0.05,132.75,,0,,,
ap-yXxcAQPhR4WRVkUd4thsUc,2026-10-01T02:03:51+00:00,prefill,2,,0.1,,299.24,0,1,116,36544
ap-yXxcAQPhR4WRVkUd4thsUc,2026-10-01T02:03:52+00:00,decode,2,39876,0.05,211.6,,0,,,
ap-yXxcAQPhR4WRVkUd4thsUc,2026-10-01T02:03:52+00:00,prefill,2,,0.1,,635.16,0,1,493,37120
ap-yXxcAQPhR4WRVkUd4thsUc,2026-10-01T02:03:52+00:00,decode,3,76903,0.1,177.41,,0,,,
ap-yXxcAQPhR4WRVkUd4thsUc,2026-10-01T02:03:53+00:00,decode,2,44029,0.06,187.8,,0,,,
ap-yXxcAQPhR4WRVkUd4thsUc,2026-10-01T02:03:53+00:00,prefill,2,,0.1,,130.62,0,1,160,33536
ap-yXxcAQPhR4WRVkUd4thsUc,2026-10-01T02:03:53+00:00,decode,3,77122,0.1,160.94,,0,,,
ap-yXxcAQPhR4WRVkUd4thsUc,2026-10-01T02:03:54+00:00,prefill,2,,0.11,,913.73,0,1,460,38400
ap-yXxcAQPhR4WRVkUd4thsUc,2026-10-01T02:03:54+00:00,decode,3,78358,0.11,203.02,,0,,,
ap-yXxcAQPhR4WRVkUd4thsUc,2026-10-01T02:03:54+00:00,decode,3,98418,0.13,220.25,,0,,,
ap-yXxcAQPhR4WRVkUd4thsUc,2026-10-01T02:03:54+00:00,prefill,3,,0.13,,129.84,0,1,86,20544
ap-yXxcAQPhR4WRVkUd4thsUc,2026-10-01T02:03:55+00:00,decode,2,45465,0.06,287.93,,0,,,
ap-yXxcAQPhR4WRVkUd4thsUc,2026-10-01T02:03:55+00:00,decode,2,45545,0.06,166.42,,0,,,
ap-yXxcAQPhR4WRVkUd4thsUc,2026-10-01T02:03:56+00:00,prefill,2,,0.11,,48.2,0,1,66,33792
ap-yXxcAQPhR4WRVkUd4thsUc,2026-10-01T02:03:56+00:00,decode,3,78810,0.11,177.06,,0,,,
ap-yXxcAQPhR4WRVkUd4thsUc,2026-10-01T02:03:56+00:00,decode,2,40547,0.05,179.7,,0,,,
ap-yXxcAQPhR4WRVkUd4thsUc,2026-10-01T02:03:57+00:00,prefill,2,,0.1,,268.95,0,1,290,37632
ap-yXxcAQPhR4WRVkUd4thsUc,2026-10-01T02:03:57+00:00,decode,3,77871,0.1,165.55,,0,,,
ap-yXxcAQPhR4WRVkUd4thsUc,2026-10-01T02:03:57+00:00,decode,1,7402,0.01,189.32,,0,,,
ap-yXxcAQPhR4WRVkUd4thsUc,2026-10-01T02:03:58+00:00,decode,1,7442,0.01,86.36,,0,,,
ap-yXxcAQPhR4WRVkUd4thsUc,2026-10-01T02:03:58+00:00,prefill,1,,0.05,,136.29,0,1,164,33856
ap-yXxcAQPhR4WRVkUd4thsUc,2026-10-01T02:03:58+00:00,decode,2,40847,0.05,139.4,,0,,,
ap-yXxcAQPhR4WRVkUd4thsUc,2026-10-01T02:03:59+00:00,prefill,2,,0.1,,321.44,0,1,150,36608
ap-yXxcAQPhR4WRVkUd4thsUc,2026-10-01T02:03:59+00:00,decode,3,77034,0.1,211.32,,0,,,
ap-yXxcAQPhR4WRVkUd4thsUc,2026-10-01T02:03:59+00:00,prefill,3,,0.16,,748.93,0,1,415,38912
ap-yXxcAQPhR4WRVkUd4thsUc,2026-10-01T02:04:00+00:00,decode,3,79684,0.11,219.33,,0,,,
ap-yXxcAQPhR4WRVkUd4thsUc,2026-10-01T02:04:00+00:00,decode,2,46319,0.06,178.51,,0,,,
ap-yXxcAQPhR4WRVkUd4thsUc,2026-10-01T02:04:01+00:00,prefill,2,,0.11,,483.5,0,1,712,37888
ap-yXxcAQPhR4WRVkUd4thsUc,2026-10-01T02:04:01+00:00,decode,3,117809,0.16,139.58,,0,,,
ap-yXxcAQPhR4WRVkUd4thsUc,2026-10-01T02:04:01+00:00,prefill,3,,0.16,,1542.37,0,1,134,34048
ap-yXxcAQPhR4WRVkUd4thsUc,2026-10-01T02:04:01+00:00,decode,3,79176,0.11,262.6,,0,,,
ap-yXxcAQPhR4WRVkUd4thsUc,2026-10-01T02:04:02+00:00,decode,3,79296,0.11,233.03,,0,,,
ap-yXxcAQPhR4WRVkUd4thsUc,2026-10-01T02:04:02+00:00,prefill,3,,0.13,,180.51,0,1,258,20608
ap-yXxcAQPhR4WRVkUd4thsUc,2026-10-01T02:04:02+00:00,decode,3,65421,0.09,234.64,,0,,,
ap-yXxcAQPhR4WRVkUd4thsUc,2026-10-01T02:04:03+00:00,decode,3,65541,0.09,237.93,,0,,,
ap-yXxcAQPhR4WRVkUd4thsUc,2026-10-01T02:04:03+00:00,decode,2,28115,0.04,192.34,,0,,,
ap-yXxcAQPhR4WRVkUd4thsUc,2026-10-01T02:04:04+00:00,decode,1,7882,0.01,126.84,,0,,,
ap-yXxcAQPhR4WRVkUd4thsUc,2026-10-01T02:04:04+00:00,prefill,1,,0.06,,100.61,0,1,168,34176
ap-yXxcAQPhR4WRVkUd4thsUc,2026-10-01T02:04:04+00:00,decode,2,41619,0.06,154.15,,0,,,
ap-yXxcAQPhR4WRVkUd4thsUc,2026-10-01T02:04:05+00:00,decode,2,41699,0.06,167.3,,0,,,
ap-yXxcAQPhR4WRVkUd4thsUc,2026-10-01T02:04:05+00:00,decode,1,8002,0.01,165.35,,0,,,
ap-yXxcAQPhR4WRVkUd4thsUc,2026-10-01T02:04:06+00:00,decode,1,8042,0.01,86.35,,0,,,
ap-yXxcAQPhR4WRVkUd4thsUc,2026-10-01T02:04:06+00:00,decode,1,8082,0.01,86.34,,0,,,
ap-yXxcAQPhR4WRVkUd4thsUc,2026-10-01T02:04:06+00:00,prefill,1,,0.06,,182.45,0,1,449,38656
ap-yXxcAQPhR4WRVkUd4thsUc,2026-10-01T02:04:06+00:00,prefill,2,,0.11,,947.47,0,1,202,34304
ap-yXxcAQPhR4WRVkUd4thsUc,2026-10-01T02:04:07+00:00,prefill,3,,0.16,,1594.35,0,1,341,39424
ap-yXxcAQPhR4WRVkUd4thsUc,2026-10-01T02:04:07+00:00,decode,4,119507,0.16,161.13,,0,,,
ap-yXxcAQPhR4WRVkUd4thsUc,2026-10-01T02:04:07+00:00,prefill,4,,0.21,,585.9,0,1,127,36736
ap-yXxcAQPhR4WRVkUd4thsUc,2026-10-01T02:04:07+00:00,decode,5,119667,0.16,317.05,,0,,,
ap-yXxcAQPhR4WRVkUd4thsUc,2026-10-01T02:04:08+00:00,decode,4,119827,0.16,292.2,,0,,,
ap-yXxcAQPhR4WRVkUd4thsUc,2026-10-01T02:04:08+00:00,decode,3,86025,0.12,256.37,,0,,,
ap-yXxcAQPhR4WRVkUd4thsUc,2026-10-01T02:04:09+00:00,prefill,2,,0.11,,52.16,0,1,108,34560
ap-yXxcAQPhR4WRVkUd4thsUc,2026-10-01T02:04:09+00:00,decode,3,42269,0.06,172.22,,0,,,
ap-yXxcAQPhR4WRVkUd4thsUc,2026-10-01T02:04:09+00:00,decode,2,42349,0.06,170.63,,0,,,
ap-yXxcAQPhR4WRVkUd4thsUc,2026-10-01T02:04:10+00:00,decode,2,42429,0.06,167.25,,0,,,
ap-yXxcAQPhR4WRVkUd4thsUc,2026-10-01T02:04:10+00:00,decode,1,8402,0.01,153.34,,0,,,
ap-yXxcAQPhR4WRVkUd4thsUc,2026-10-01T02:04:11+00:00,decode,1,8442,0.01,86.29,,0,,,
ap-yXxcAQPhR4WRVkUd4thsUc,2026-10-01T02:04:11+00:00,prefill,1,,0.06,,84.09,0,1,206,34624
ap-yXxcAQPhR4WRVkUd4thsUc,2026-10-01T02:04:11+00:00,decode,2,42627,0.06,81.81,,0,,,
ap-yXxcAQPhR4WRVkUd4thsUc,2026-10-01T02:04:12+00:00,prefill,2,,0.11,,2205.57,0,1,494,39744
ap-yXxcAQPhR4WRVkUd4thsUc,2026-10-01T02:04:12+00:00,decode,3,82287,0.11,187.71,,0,,,
ap-yXxcAQPhR4WRVkUd4thsUc,2026-10-01T02:04:12+00:00,decode,3,82407,0.11,232.21,,0,,,
ap-yXxcAQPhR4WRVkUd4thsUc,2026-10-01T02:04:13+00:00,decode,2,48262,0.06,227.35,,0,,,
ap-yXxcAQPhR4WRVkUd4thsUc,2026-10-01T02:04:13+00:00,decode,1,8642,0.01,142.44,,0,,,
ap-yXxcAQPhR4WRVkUd4thsUc,2026-10-01T02:04:14+00:00,prefill,1,,0.06,,77.57,0,1,176,34816
ap-yXxcAQPhR4WRVkUd4thsUc,2026-10-01T02:04:14+00:00,decode,2,42997,0.06,97.08,,0,,,
ap-yXxcAQPhR4WRVkUd4thsUc,2026-10-01T02:04:14+00:00,prefill,2,,0.11,,297.34,0,1,97,36864
ap-yXxcAQPhR4WRVkUd4thsUc,2026-10-01T02:04:14+00:00,decode,3,79377,0.11,194.44,,0,,,
ap-yXxcAQPhR4WRVkUd4thsUc,2026-10-01T02:04:15+00:00,decode,2,43157,0.06,201.16,,0,,,
ap-yXxcAQPhR4WRVkUd4thsUc,2026-10-01T02:04:15+00:00,decode,1,8802,0.01,145.29,,0,,,
ap-yXxcAQPhR4WRVkUd4thsUc,2026-10-01T02:04:16+00:00,decode,1,8842,0.01,86.24,,0,,,
ap-yXxcAQPhR4WRVkUd4thsUc,2026-10-01T02:04:16+00:00,prefill,1,,0.06,,38.27,0,1,82,35072
ap-yXxcAQPhR4WRVkUd4thsUc,2026-10-01T02:04:16+00:00,decode,2,43360,0.06,99.07,,0,,,
ap-yXxcAQPhR4WRVkUd4thsUc,2026-10-01T02:04:17+00:00,prefill,2,,0.11,,2078.75,0,1,464,40192
ap-yXxcAQPhR4WRVkUd4thsUc,2026-10-01T02:04:17+00:00,decode,3,83447,0.11,200.45,,0,,,
ap-yXxcAQPhR4WRVkUd4thsUc,2026-10-01T02:04:18+00:00,decode,3,83567,0.11,231.43,,0,,,
ap-yXxcAQPhR4WRVkUd4thsUc,2026-10-01T02:04:18+00:00,decode,2,49089,0.07,212.82,,0,,,
ap-yXxcAQPhR4WRVkUd4thsUc,2026-10-01T02:04:19+00:00,decode,1,9042,0.01,124.58,,0,,,
ap-yXxcAQPhR4WRVkUd4thsUc,2026-10-01T02:04:19+00:00,prefill,1,,0.06,,81.72,0,1,180,35136
ap-yXxcAQPhR4WRVkUd4thsUc,2026-10-01T02:04:19+00:00,decode,2,43736,0.06,125.31,,0,,,
ap-yXxcAQPhR4WRVkUd4thsUc,2026-10-01T02:04:19+00:00,decode,2,43816,0.06,166.92,,0,,,
ap-yXxcAQPhR4WRVkUd4thsUc,2026-10-01T02:04:20+00:00,prefill,2,,0.08,,240.54,0,1,230,21504
ap-yXxcAQPhR4WRVkUd4thsUc,2026-10-01T02:04:20+00:00,decode,3,63423,0.09,201.51,,0,,,
ap-yXxcAQPhR4WRVkUd4thsUc,2026-10-01T02:04:21+00:00,decode,2,30317,0.04,195.52,,0,,,
ap-yXxcAQPhR4WRVkUd4thsUc,2026-10-01T02:04:21+00:00,decode,2,30397,0.04,170.39,,0,,,
ap-yXxcAQPhR4WRVkUd4thsUc,2026-10-01T02:04:21+00:00,prefill,2,,0.09,,107.17,0,1,150,35328
ap-yXxcAQPhR4WRVkUd4thsUc,2026-10-01T02:04:21+00:00,prefill,3,,0.14,,1718.91,0,1,365,40704
ap-yXxcAQPhR4WRVkUd4thsUc,2026-10-01T02:04:21+00:00,prefill,4,,0.19,,745.35,0,1,138,36928
ap-yXxcAQPhR4WRVkUd4thsUc,2026-10-01T02:04:22+00:00,decode,5,140549,0.19,224.15,,0,,,
ap-yXxcAQPhR4WRVkUd4thsUc,2026-10-01T02:04:22+00:00,decode,4,104319,0.14,331.99,,0,,,
ap-yXxcAQPhR4WRVkUd4thsUc,2026-10-01T02:04:23+00:00,prefill,4,,0.2,,135.27,0,1,145,44352
ap-yXxcAQPhR4WRVkUd4thsUc,2026-10-01T02:04:23+00:00,decode,5,148305,0.2,297.37,,0,,,
ap-yXxcAQPhR4WRVkUd4thsUc,2026-10-01T02:04:23+00:00,decode,3,30717,0.04,292.16,,0,,,
ap-yXxcAQPhR4WRVkUd4thsUc,2026-10-01T02:04:24+00:00,prefill,2,,0.09,,51.21,0,1,56,35584
ap-yXxcAQPhR4WRVkUd4thsUc,2026-10-01T02:04:24+00:00,decode,3,64217,0.09,183.48,,0,,,
ap-yXxcAQPhR4WRVkUd4thsUc,2026-10-01T02:04:24+00:00,decode,3,64337,0.09,238.38,,0,,,
ap-yXxcAQPhR4WRVkUd4thsUc,2026-10-01T02:04:25+00:00,decode,1,35735,0.05,136.6,,0,,,
ap-yXxcAQPhR4WRVkUd4thsUc,2026-10-01T02:04:26+00:00,prefill,0,,0.03,,88.12,0,1,187,22016
ap-yXxcAQPhR4WRVkUd4thsUc,2026-10-01T02:04:26+00:00,prefill,1,,0.07,,1319.41,0,1,218,35584
ap-yXxcAQPhR4WRVkUd4thsUc,2026-10-01T02:04:26+00:00,decode,2,55793,0.07,38.31,,0,,,
ap-yXxcAQPhR4WRVkUd4thsUc,2026-10-01T02:04:26+00:00,prefill,2,,0.13,,1091.13,0,1,475,41024
ap-yXxcAQPhR4WRVkUd4thsUc,2026-10-01T02:04:27+00:00,decode,3,96701,0.13,165.78,,0,,,
ap-yXxcAQPhR4WRVkUd4thsUc,2026-10-01T02:04:27+00:00,decode,3,96821,0.13,227.21,,0,,,
ap-yXxcAQPhR4WRVkUd4thsUc,2026-10-01T02:04:27+00:00,prefill,3,,0.14,,599.57,0,1,625,5888
ap-yXxcAQPhR4WRVkUd4thsUc,2026-10-01T02:04:28+00:00,decode,3,69095,0.09,228.4,,0,,,
ap-yXxcAQPhR4WRVkUd4thsUc,2026-10-01T02:04:28+00:00,decode,2,22380,0.03,212.82,,0,,,
ap-yXxcAQPhR4WRVkUd4thsUc,2026-10-01T02:04:29+00:00,prefill,0,,0.05,,108.53,0,1,124,35840
ap-yXxcAQPhR4WRVkUd4thsUc,2026-10-01T02:04:29+00:00,prefill,1,,0.1,,605.73,0,1,108,37056
ap-yXxcAQPhR4WRVkUd4thsUc,2026-10-01T02:04:29+00:00,decode,2,72475,0.1,74.13,,0,,,
ap-yXxcAQPhR4WRVkUd4thsUc,2026-10-01T02:04:29+00:00,decode,1,36027,0.05,150.22,,0,,,
ap-yXxcAQPhR4WRVkUd4thsUc,2026-10-01T02:04:30+00:00,decode,1,36067,0.05,82.35,,0,,,
ap-yXxcAQPhR4WRVkUd4thsUc,2026-10-01T02:04:30+00:00,prefill,0,,0.01,,273.72,0,1,466,6464
ap-yXxcAQPhR4WRVkUd4thsUc,2026-10-01T02:04:31+00:00,decode,1,6955,0.01,45.69,,0,,,
ap-yXxcAQPhR4WRVkUd4thsUc,2026-10-01T02:04:31+00:00,prefill,1,,0.06,,500.84,0,1,222,35904
ap-yXxcAQPhR4WRVkUd4thsUc,2026-10-01T02:04:31+00:00,prefill,2,,0.11,,2208.03,0,1,442,41472
ap-yXxcAQPhR4WRVkUd4thsUc,2026-10-01T02:04:31+00:00,decode,3,83710,0.11,146.23,,0,,,
ap-yXxcAQPhR4WRVkUd4thsUc,2026-10-01T02:04:32+00:00,decode,3,83830,0.11,231.8,,0,,,
ap-yXxcAQPhR4WRVkUd4thsUc,2026-10-01T02:04:32+00:00,decode,3,83950,0.11,231.59,,0,,,
ap-yXxcAQPhR4WRVkUd4thsUc,2026-10-01T02:04:33+00:00,decode,1,7115,0.01,168.1,,0,,,
ap-yXxcAQPhR4WRVkUd4thsUc,2026-10-01T02:04:33+00:00,prefill,1,,0.06,,87.02,0,1,192,36096
ap-yXxcAQPhR4WRVkUd4thsUc,2026-10-01T02:04:33+00:00,decode,2,42761,0.06,88.57,,0,,,
ap-yXxcAQPhR4WRVkUd4thsUc,2026-10-01T02:04:34+00:00,decode,2,42841,0.06,167.09,,0,,,
ap-yXxcAQPhR4WRVkUd4thsUc,2026-10-01T02:04:34+00:00,decode,2,42921,0.06,166.91,,0,,,
ap-yXxcAQPhR4WRVkUd4thsUc,2026-10-01T02:04:34+00:00,prefill,2,,0.09,,309.23,0,1,350,27648
ap-yXxcAQPhR4WRVkUd4thsUc,2026-10-01T02:04:35+00:00,decode,2,34620,0.05,197.33,,0,,,
ap-yXxcAQPhR4WRVkUd4thsUc,2026-10-01T02:04:35+00:00,decode,2,34700,0.05,169.36,,0,,,
ap-yXxcAQPhR4WRVkUd4thsUc,2026-10-01T02:04:36+00:00,prefill,2,,0.09,,78.87,0,1,98,36352
ap-yXxcAQPhR4WRVkUd4thsUc,2026-10-01T02:04:36+00:00,prefill,3,,0.14,,794.3,0,1,149,37120
ap-yXxcAQPhR4WRVkUd4thsUc,2026-10-01T02:04:36+00:00,decode,4,107141,0.14,169.55,,0,,,
ap-yXxcAQPhR4WRVkUd4thsUc,2026-10-01T02:04:36+00:00,prefill,4,,0.2,,1682.98,0,1,306,41984
ap-yXxcAQPhR4WRVkUd4thsUc,2026-10-01T02:04:36+00:00,decode,4,112312,0.15,302.85,,0,,,
ap-yXxcAQPhR4WRVkUd4thsUc,2026-10-01T02:04:37+00:00,decode,4,112472,0.15,294.86,,0,,,
ap-yXxcAQPhR4WRVkUd4thsUc,2026-10-01T02:04:38+00:00,decode,3,76735,0.1,273.16,,0,,,
ap-yXxcAQPhR4WRVkUd4thsUc,2026-10-01T02:04:38+00:00,decode,2,71023,0.1,193.53,,0,,,
ap-yXxcAQPhR4WRVkUd4thsUc,2026-10-01T02:04:38+00:00,prefill,2,,0.1,,95.6,0,1,196,36416
ap-yXxcAQPhR4WRVkUd4thsUc,2026-10-01T02:04:39+00:00,decode,2,43521,0.06,222.77,,0,,,
ap-yXxcAQPhR4WRVkUd4thsUc,2026-10-01T02:04:39+00:00,decode,2,43601,0.06,166.68,,0,,,
ap-yXxcAQPhR4WRVkUd4thsUc,2026-10-01T02:04:40+00:00,decode,1,7635,0.01,162.73,,0,,,
ap-yXxcAQPhR4WRVkUd4thsUc,2026-10-01T02:04:40+00:00,decode,1,7675,0.01,86.43,,0,,,
ap-yXxcAQPhR4WRVkUd4thsUc,2026-10-01T02:04:40+00:00,prefill,1,,0.06,,70.17,0,1,166,36608
ap-yXxcAQPhR4WRVkUd4thsUc,2026-10-01T02:04:41+00:00,decode,2,43808,0.06,89.91,,0,,,
ap-yXxcAQPhR4WRVkUd4thsUc,2026-10-01T02:04:41+00:00,prefill,2,,0.12,,1428.51,0,1,423,42240
ap-yXxcAQPhR4WRVkUd4thsUc,2026-10-01T02:04:41+00:00,prefill,3,,0.15,,2222.59,0,1,250,28160
ap-yXxcAQPhR4WRVkUd4thsUc,2026-10-01T02:04:41+00:00,decode,4,113633,0.15,203.67,,0,,,
ap-yXxcAQPhR4WRVkUd4thsUc,2026-10-01T02:04:42+00:00,decode,3,86010,0.12,277.35,,0,,,
ap-yXxcAQPhR4WRVkUd4thsUc,2026-10-01T02:04:42+00:00,decode,2,49917,0.07,219.7,,0,,,
ap-yXxcAQPhR4WRVkUd4thsUc,2026-10-01T02:04:43+00:00,prefill,2,,0.12,,71.02,0,1,119,37248
ap-yXxcAQPhR4WRVkUd4thsUc,2026-10-01T02:04:43+00:00,decode,3,86691,0.12,174.76,,0,,,
ap-yXxcAQPhR4WRVkUd4thsUc,2026-10-01T02:04:43+00:00,prefill,3,,0.16,,242.15,0,1,72,36864
ap-yXxcAQPhR4WRVkUd4thsUc,2026-10-01T02:04:43+00:00,decode,3,86360,0.12,251.68,,0,,,
ap-yXxcAQPhR4WRVkUd4thsUc,2026-10-01T02:04:44+00:00,prefill,3,,0.15,,495.39,0,1,426,28416
ap-yXxcAQPhR4WRVkUd4thsUc,2026-10-01T02:04:44+00:00,decode,3,72446,0.1,218.12,,0,,,
ap-yXxcAQPhR4WRVkUd4thsUc,2026-10-01T02:04:44+00:00,decode,3,72566,0.1,235.38,,0,,,
ap-yXxcAQPhR4WRVkUd4thsUc,2026-10-01T02:04:45+00:00,decode,2,36283,0.05,177.66,,0,,,
ap-yXxcAQPhR4WRVkUd4thsUc,2026-10-01T02:04:45+00:00,prefill,2,,0.1,,114.08,0,1,170,36928
ap-yXxcAQPhR4WRVkUd4thsUc,2026-10-01T02:04:45+00:00,decode,3,72789,0.1,180.92,,0,,,
ap-yXxcAQPhR4WRVkUd4thsUc,2026-10-01T02:04:46+00:00,decode,3,72909,0.1,235.34,,0,,,
ap-yXxcAQPhR4WRVkUd4thsUc,2026-10-01T02:04:46+00:00,decode,2,44661,0.06,225.42,,0,,,
ap-yXxcAQPhR4WRVkUd4thsUc,2026-10-01T02:04:47+00:00,prefill,2,,0.12,,620.5,0,1,972,42752
ap-yXxcAQPhR4WRVkUd4thsUc,2026-10-01T02:04:47+00:00,decode,2,51252,0.07,136.44,,0,,,
ap-yXxcAQPhR4WRVkUd4thsUc,2026-10-01T02:04:47+00:00,prefill,2,,0.12,,188.59,0,1,140,37120
ap-yXxcAQPhR4WRVkUd4thsUc,2026-10-01T02:04:47+00:00,decode,3,87907,0.12,155.96,,0,,,
ap-yXxcAQPhR4WRVkUd4thsUc,2026-10-01T02:04:48+00:00,decode,3,88027,0.12,230.38,,0,,,
ap-yXxcAQPhR4WRVkUd4thsUc,2026-10-01T02:04:48+00:00,prefill,3,,0.16,,306.72,0,1,226,28928
ap-yXxcAQPhR4WRVkUd4thsUc,2026-10-01T02:04:49+00:00,decode,4,116642,0.16,257.01,,0,,,
ap-yXxcAQPhR4WRVkUd4thsUc,2026-10-01T02:04:49+00:00,prefill,4,,0.21,,151.09,0,1,96,37376
ap-yXxcAQPhR4WRVkUd4thsUc,2026-10-01T02:04:49+00:00,decode,4,45164,0.06,297.32,,0,,,
ap-yXxcAQPhR4WRVkUd4thsUc,2026-10-01T02:04:50+00:00,decode,1,8395,0.01,118.47,,0,,,
ap-yXxcAQPhR4WRVkUd4thsUc,2026-10-01T02:04:50+00:00,prefill,1,,0.06,,40.75,0,1,46,37376
ap-yXxcAQPhR4WRVkUd4thsUc,2026-10-01T02:04:50+00:00,decode,2,45185,0.06,108.11,,0,,,
ap-yXxcAQPhR4WRVkUd4thsUc,2026-10-01T02:04:51+00:00,decode,2,45265,0.06,166.39,,0,,,
ap-yXxcAQPhR4WRVkUd4thsUc,2026-10-01T02:04:51+00:00,decode,2,45345,0.06,166.28,,0,,,
ap-yXxcAQPhR4WRVkUd4thsUc,2026-10-01T02:04:51+00:00,prefill,2,,0.1,,122.33,0,1,175,29184
ap-yXxcAQPhR4WRVkUd4thsUc,2026-10-01T02:04:52+00:00,decode,2,37246,0.05,159.89,,0,,,
ap-yXxcAQPhR4WRVkUd4thsUc,2026-10-01T02:04:52+00:00,prefill,2,,0.11,,896.83,0,1,503,43776
ap-yXxcAQPhR4WRVkUd4thsUc,2026-10-01T02:04:52+00:00,prefill,2,,0.12,,1250.41,0,1,208,37376
ap-yXxcAQPhR4WRVkUd4thsUc,2026-10-01T02:04:52+00:00,decode,3,89110,0.12,158.26,,0,,,
ap-yXxcAQPhR4WRVkUd4thsUc,2026-10-01T02:04:53+00:00,decode,3,89230,0.12,230.13,,0,,,
ap-yXxcAQPhR4WRVkUd4thsUc,2026-10-01T02:04:53+00:00,decode,3,89350,0.12,229.56,,0,,,
ap-yXxcAQPhR4WRVkUd4thsUc,2026-10-01T02:04:54+00:00,decode,2,52445,0.07,215.72,,0,,,
ap-yXxcAQPhR4WRVkUd4thsUc,2026-10-01T02:04:54+00:00,decode,2,52525,0.07,164.44,,0,,,
ap-yXxcAQPhR4WRVkUd4thsUc,2026-10-01T02:04:54+00:00,prefill,1,,0.06,,51.14,0,1,114,37632
ap-yXxcAQPhR4WRVkUd4thsUc,2026-10-01T02:04:55+00:00,decode,2,45890,0.06,149.92,,0,,,
ap-yXxcAQPhR4WRVkUd4thsUc,2026-10-01T02:04:55+00:00,decode,2,45970,0.06,166.27,,0,,,
ap-yXxcAQPhR4WRVkUd4thsUc,2026-10-01T02:04:55+00:00,prefill,2,,0.11,,123.12,0,1,130,37440
ap-yXxcAQPhR4WRVkUd4thsUc,2026-10-01T02:04:56+00:00,decode,3,82964,0.11,202.9,,0,,,
ap-yXxcAQPhR4WRVkUd4thsUc,2026-10-01T02:04:56+00:00,decode,1,8915,0.01,122.57,,0,,,
ap-yXxcAQPhR4WRVkUd4thsUc,2026-10-01T02:04:57+00:00,prefill,1,,0.06,,178.94,0,1,212,37696
ap-yXxcAQPhR4WRVkUd4thsUc,2026-10-01T02:04:57+00:00,decode,2,46192,0.06,108.86,,0,,,
ap-yXxcAQPhR4WRVkUd4thsUc,2026-10-01T02:04:57+00:00,prefill,2,,0.12,,951.84,0,1,480,44288
ap-yXxcAQPhR4WRVkUd4thsUc,2026-10-01T02:04:57+00:00,decode,3,90373,0.12,172.89,,0,,,
ap-yXxcAQPhR4WRVkUd4thsUc,2026-10-01T02:04:58+00:00,decode,3,90493,0.12,229.15,,0,,,
ap-yXxcAQPhR4WRVkUd4thsUc,2026-10-01T02:04:58+00:00,decode,2,53256,0.07,202.72,,0,,,
ap-yXxcAQPhR4WRVkUd4thsUc,2026-10-01T02:04:59+00:00,decode,2,53336,0.07,164.48,,0,,,
ap-yXxcAQPhR4WRVkUd4thsUc,2026-10-01T02:04:59+00:00,prefill,2,,0.12,,99.52,0,1,182,37888
ap-yXxcAQPhR4WRVkUd4thsUc,2026-10-01T02:04:59+00:00,decode,3,46577,0.06,211.56,,0,,,
ap-yXxcAQPhR4WRVkUd4thsUc,2026-10-01T02:05:00+00:00,decode,2,46657,0.06,166.09,,0,,,
ap-yXxcAQPhR4WRVkUd4thsUc,2026-10-01T02:05:00+00:00,decode,2,9235,0.01,165.86,,0,,,
ap-yXxcAQPhR4WRVkUd4thsUc,2026-10-01T02:05:01+00:00,decode,1,9275,0.01,86.21,,0,,,
ap-yXxcAQPhR4WRVkUd4thsUc,2026-10-01T02:05:01+00:00,prefill,1,,0.06,,39.14,0,1,88,38144
ap-yXxcAQPhR4WRVkUd4thsUc,2026-10-01T02:05:01+00:00,decode,2,46876,0.06,109.26,,0,,,
ap-yXxcAQPhR4WRVkUd4thsUc,2026-10-01T02:05:02+00:00,decode,2,46956,0.06,166.11,,0,,,
ap-yXxcAQPhR4WRVkUd4thsUc,2026-10-01T02:05:02+00:00,prefill,2,,0.11,,131.16,0,1,107,37568
ap-yXxcAQPhR4WRVkUd4thsUc,2026-10-01T02:05:02+00:00,prefill,3,,0.17,,2329.83,0,1,465,44800
ap-yXxcAQPhR4WRVkUd4thsUc,2026-10-01T02:05:02+00:00,decode,4,128654,0.17,205.42,,0,,,
ap-yXxcAQPhR4WRVkUd4thsUc,2026-10-01T02:05:03+00:00,decode,2,54074,0.07,212.11,,0,,,
ap-yXxcAQPhR4WRVkUd4thsUc,2026-10-01T02:05:03+00:00,decode,2,54154,0.07,163.93,,0,,,
ap-yXxcAQPhR4WRVkUd4thsUc,2026-10-01T02:05:04+00:00,prefill,2,,0.12,,134.01,0,1,186,38208
ap-yXxcAQPhR4WRVkUd4thsUc,2026-10-01T02:05:04+00:00,decode,3,91976,0.12,206.48,,0,,,
ap-yXxcAQPhR4WRVkUd4thsUc,2026-10-01T02:05:05+00:00,decode,2,47337,0.06,227.29,,0,,,
ap-yXxcAQPhR4WRVkUd4thsUc,2026-10-01T02:05:05+00:00,decode,2,47417,0.06,165.91,,0,,,
ap-yXxcAQPhR4WRVkUd4thsUc,2026-10-01T02:05:06+00:00,decode,1,9635,0.01,94.31,,0,,,
ap-yXxcAQPhR4WRVkUd4thsUc,2026-10-01T02:05:06+00:00,prefill,1,,0.04,,95.65,0,1,202,20864
ap-yXxcAQPhR4WRVkUd4thsUc,2026-10-01T02:05:06+00:00,prefill,2,,0.09,,949.07,0,1,156,38400
ap-yXxcAQPhR4WRVkUd4thsUc,2026-10-01T02:05:06+00:00,decode,3,67966,0.09,147.76,,0,,,
ap-yXxcAQPhR4WRVkUd4thsUc,2026-10-01T02:05:07+00:00,decode,2,47640,0.06,195.02,,0,,,
ap-yXxcAQPhR4WRVkUd4thsUc,2026-10-01T02:05:07+00:00,decode,2,47720,0.06,165.37,,0,,,
ap-yXxcAQPhR4WRVkUd4thsUc,2026-10-01T02:05:08+00:00,decode,1,9795,0.01,132.45,,0,,,
ap-yXxcAQPhR4WRVkUd4thsUc,2026-10-01T02:05:08+00:00,prefill,1,,0.07,,409.24,0,1,742,45312
ap-yXxcAQPhR4WRVkUd4thsUc,2026-10-01T02:05:08+00:00,prefill,2,,0.13,,152.75,0,1,62,38656
ap-yXxcAQPhR4WRVkUd4thsUc,2026-10-01T02:05:08+00:00,decode,3,93270,0.13,123.06,,0,,,
ap-yXxcAQPhR4WRVkUd4thsUc,2026-10-01T02:05:09+00:00,decode,3,93390,0.13,228.75,,0,,,
ap-yXxcAQPhR4WRVkUd4thsUc,2026-10-01T02:05:09+00:00,prefill,3,,0.18,,264.81,0,1,280,37632
ap-yXxcAQPhR4WRVkUd4thsUc,2026-10-01T02:05:09+00:00,decode,4,130741,0.18,218.6,,0,,,
ap-yXxcAQPhR4WRVkUd4thsUc,2026-10-01T02:05:10+00:00,decode,2,55476,0.07,269.23,,0,,,
ap-yXxcAQPhR4WRVkUd4thsUc,2026-10-01T02:05:10+00:00,prefill,0,,0.05,,175.38,0,1,224,38656
ap-yXxcAQPhR4WRVkUd4thsUc,2026-10-01T02:05:11+00:00,decode,1,38903,0.05,54.95,,0,,,
ap-yXxcAQPhR4WRVkUd4thsUc,2026-10-01T02:05:11+00:00,decode,1,38943,0.05,81.92,,0,,,
ap-yXxcAQPhR4WRVkUd4thsUc,2026-10-01T02:05:12+00:00,prefill,1,,0.1,,263.06,0,1,336,39168
ap-yXxcAQPhR4WRVkUd4thsUc,2026-10-01T02:05:12+00:00,decode,2,77802,0.1,76.49,,0,,,
ap-yXxcAQPhR4WRVkUd4thsUc,2026-10-01T02:05:12+00:00,decode,1,39546,0.05,113.14,,0,,,
ap-yXxcAQPhR4WRVkUd4thsUc,2026-10-01T02:05:12+00:00,prefill,1,,0.06,,1081.99,0,1,719,6912
ap-yXxcAQPhR4WRVkUd4thsUc,2026-10-01T02:05:13+00:00,decode,2,46563,0.06,131.87,,0,,,
ap-yXxcAQPhR4WRVkUd4thsUc,2026-10-01T02:05:13+00:00,prefill,1,,0.06,,268.55,0,1,130,38912
ap-yXxcAQPhR4WRVkUd4thsUc,2026-10-01T02:05:13+00:00,prefill,2,,0.12,,1563.8,0,1,448,46080
ap-yXxcAQPhR4WRVkUd4thsUc,2026-10-01T02:05:13+00:00,decode,3,84937,0.11,156.92,,0,,,
ap-yXxcAQPhR4WRVkUd4thsUc,2026-10-01T02:05:14+00:00,decode,2,85017,0.11,158.87,,0,,,
ap-yXxcAQPhR4WRVkUd4thsUc,2026-10-01T02:05:14+00:00,decode,2,85097,0.11,156.35,,0,,,
ap-yXxcAQPhR4WRVkUd4thsUc,2026-10-01T02:05:15+00:00,decode,1,46666,0.06,86.84,,0,,,
ap-yXxcAQPhR4WRVkUd4thsUc,2026-10-01T02:05:15+00:00,prefill,0,,0.05,,72.88,0,1,164,39040
ap-yXxcAQPhR4WRVkUd4thsUc,2026-10-01T02:05:15+00:00,decode,1,39212,0.05,67.83,,0,,,
ap-yXxcAQPhR4WRVkUd4thsUc,2026-10-01T02:05:16+00:00,prefill,1,,0.06,,1279.82,0,1,575,7680
ap-yXxcAQPhR4WRVkUd4thsUc,2026-10-01T02:05:16+00:00,decode,2,46835,0.06,99.7,,0,,,
ap-yXxcAQPhR4WRVkUd4thsUc,2026-10-01T02:05:16+00:00,prefill,2,,0.11,,240.34,0,1,111,37888
ap-yXxcAQPhR4WRVkUd4thsUc,2026-10-01T02:05:17+00:00,decode,3,84247,0.11,185.45,,0,,,
ap-yXxcAQPhR4WRVkUd4thsUc,2026-10-01T02:05:17+00:00,prefill,3,,0.17,,1525.82,0,1,497,39488
ap-yXxcAQPhR4WRVkUd4thsUc,2026-10-01T02:05:17+00:00,decode,2,47688,0.06,226.58,,0,,,
ap-yXxcAQPhR4WRVkUd4thsUc,2026-10-01T02:05:18+00:00,decode,1,40065,0.05,136.12,,0,,,
ap-yXxcAQPhR4WRVkUd4thsUc,2026-10-01T02:05:18+00:00,prefill,1,,0.11,,158.51,0,1,198,39168
ap-yXxcAQPhR4WRVkUd4thsUc,2026-10-01T02:05:18+00:00,decode,2,78808,0.11,118.08,,0,,,
ap-yXxcAQPhR4WRVkUd4thsUc,2026-10-01T02:05:19+00:00,prefill,2,,0.17,,654.48,0,1,409,46592
ap-yXxcAQPhR4WRVkUd4thsUc,2026-10-01T02:05:19+00:00,decode,3,125221,0.17,167.87,,0,,,
ap-yXxcAQPhR4WRVkUd4thsUc,2026-10-01T02:05:19+00:00,decode,2,85843,0.12,209.6,,0,,,
ap-yXxcAQPhR4WRVkUd4thsUc,2026-10-01T02:05:20+00:00,decode,1,47100,0.06,109.81,,0,,,
ap-yXxcAQPhR4WRVkUd4thsUc,2026-10-01T02:05:20+00:00,prefill,1,,0.07,,340.93,0,1,502,8192
ap-yXxcAQPhR4WRVkUd4thsUc,2026-10-01T02:05:20+00:00,decode,2,55177,0.07,128.05,,0,,,
ap-yXxcAQPhR4WRVkUd4thsUc,2026-10-01T02:05:21+00:00,decode,1,8764,0.01,148.83,,0,,,
ap-yXxcAQPhR4WRVkUd4thsUc,2026-10-01T02:05:23+00:00,prefill,0,,0.05,,187.11,0,1,522,39936
ap-yXxcAQPhR4WRVkUd4thsUc,2026-10-01T02:05:23+00:00,decode,1,40491,0.05,17.09,,0,,,
ap-yXxcAQPhR4WRVkUd4thsUc,2026-10-01T02:05:23+00:00,prefill,1,,0.07,,1007.81,0,1,490,8704
ap-yXxcAQPhR4WRVkUd4thsUc,2026-10-01T02:05:24+00:00,prefill,2,,0.12,,550.61,0,1,154,37952
ap-yXxcAQPhR4WRVkUd4thsUc,2026-10-01T02:05:24+00:00,decode,2,46667,0.06,142.17,,0,,,
ap-yXxcAQPhR4WRVkUd4thsUc,2026-10-01T02:05:24+00:00,prefill,1,,0.08,,692.17,0,1,371,47104
ap-yXxcAQPhR4WRVkUd4thsUc,2026-10-01T02:05:24+00:00,decode,2,56076,0.08,142.15,,0,,,
ap-yXxcAQPhR4WRVkUd4thsUc,2026-10-01T02:05:25+00:00,decode,1,47532,0.06,138.55,,0,,,
ap-yXxcAQPhR4WRVkUd4thsUc,2026-10-01T02:05:25+00:00,decode,1,47572,0.06,80.89,,0,,,
ap-yXxcAQPhR4WRVkUd4thsUc,2026-10-01T02:05:26+00:00,decode,1,47612,0.06,80.93,,0,,,
ap-yXxcAQPhR4WRVkUd4thsUc,2026-10-01T02:05:26+00:00,prefill,1,,0.12,,27.59,0,1,50,44544
ap-yXxcAQPhR4WRVkUd4thsUc,2026-10-01T02:05:26+00:00,decode,1,44626,0.06,121.02,,0,,,
ap-yXxcAQPhR4WRVkUd4thsUc,2026-10-01T02:05:27+00:00,prefill,0,,0.01,,449.32,0,1,434,9216
ap-yXxcAQPhR4WRVkUd4thsUc,2026-10-01T02:05:27+00:00,decode,1,9673,0.01,48.5,,0,,,
ap-yXxcAQPhR4WRVkUd4thsUc,2026-10-01T02:05:28+00:00,decode,1,9713,0.01,86.14,,0,,,
ap-yXxcAQPhR4WRVkUd4thsUc,2026-10-01T02:05:28+00:00,decode,1,9753,0.01,86.05,,0,,,
ap-yXxcAQPhR4WRVkUd4thsUc,2026-10-01T02:05:28+00:00,decode,1,9793,0.01,86.16,,0,,,
ap-yXxcAQPhR4WRVkUd4thsUc,2026-10-01T02:05:29+00:00,prefill,1,,0.08,,157.83,0,1,333,47616
ap-yXxcAQPhR4WRVkUd4thsUc,2026-10-01T02:05:29+00:00,decode,2,57101,0.08,86.81,,0,,,
ap-yXxcAQPhR4WRVkUd4thsUc,2026-10-01T02:05:30+00:00,decode,2,57181,0.08,163.2,,0,,,
ap-yXxcAQPhR4WRVkUd4thsUc,2026-10-01T02:05:30+00:00,decode,2,57261,0.08,163.19,,0,,,
ap-yXxcAQPhR4WRVkUd4thsUc,2026-10-01T02:05:30+00:00,prefill,2,,0.13,,86.64,0,1,124,38080
ap-yXxcAQPhR4WRVkUd4thsUc,2026-10-01T02:05:31+00:00,decode,3,94870,0.13,170.77,,0,,,
ap-yXxcAQPhR4WRVkUd4thsUc,2026-10-01T02:05:31+00:00,decode,2,57421,0.08,218.63,,0,,,
ap-yXxcAQPhR4WRVkUd4thsUc,2026-10-01T02:05:32+00:00,decode,1,10033,0.01,96.15,,0,,,
ap-yXxcAQPhR4WRVkUd4thsUc,2026-10-01T02:05:32+00:00,decode,1,10073,0.01,86.09,,0,,,
ap-yXxcAQPhR4WRVkUd4thsUc,2026-10-01T02:05:32+00:00,decode,1,10113,0.01,86.1,,0,,,
ap-yXxcAQPhR4WRVkUd4thsUc,2026-10-01T02:05:33+00:00,decode,1,10153,0.01,86.09,,0,,,
ap-yXxcAQPhR4WRVkUd4thsUc,2026-10-01T02:05:33+00:00,decode,1,10193,0.01,86.06,,0,,,
ap-yXxcAQPhR4WRVkUd4thsUc,2026-10-01T02:05:34+00:00,decode,1,10233,0.01,86.1,,0,,,
ap-yXxcAQPhR4WRVkUd4thsUc,2026-10-01T02:05:34+00:00,prefill,1,,0.08,,132.15,0,1,485,47936
ap-yXxcAQPhR4WRVkUd4thsUc,2026-10-01T02:05:34+00:00,decode,2,58036,0.08,121.94,,0,,,
ap-yXxcAQPhR4WRVkUd4thsUc,2026-10-01T02:05:35+00:00,decode,2,58116,0.08,163.07,,0,,,
ap-yXxcAQPhR4WRVkUd4thsUc,2026-10-01T02:05:35+00:00,decode,1,48530,0.07,135.98,,0,,,
ap-yXxcAQPhR4WRVkUd4thsUc,2026-10-01T02:05:36+00:00,decode,1,48570,0.07,80.71,,0,,,
ap-yXxcAQPhR4WRVkUd4thsUc,2026-10-01T02:05:38+00:00,prefill,0,,0.03,,23.28,0,1,81,21056
ap-yXxcAQPhR4WRVkUd4thsUc,2026-10-01T02:05:38+00:00,decode,1,21156,0.03,21.38,,0,,,
ap-yXxcAQPhR4WRVkUd4thsUc,2026-10-01T02:05:38+00:00,prefill,1,,0.08,,393.33,0,1,165,38144
ap-yXxcAQPhR4WRVkUd4thsUc,2026-10-01T02:05:38+00:00,prefill,1,,0.06,,2069.5,0,1,537,10240
ap-yXxcAQPhR4WRVkUd4thsUc,2026-10-01T02:05:38+00:00,decode,2,48436,0.06,102.32,,0,,,
ap-yXxcAQPhR4WRVkUd4thsUc,2026-10-01T02:05:39+00:00,decode,1,10827,0.01,106.23,,0,,,
ap-yXxcAQPhR4WRVkUd4thsUc,2026-10-01T02:05:39+00:00,decode,1,59074,0.08,80.6,,0,,,
ap-yXxcAQPhR4WRVkUd4thsUc,2026-10-01T02:05:39+00:00,prefill,1,,0.08,,454.92,0,1,511,48384
ap-yXxcAQPhR4WRVkUd4thsUc,2026-10-01T02:05:40+00:00,decode,2,59156,0.08,149.47,,0,,,
ap-yXxcAQPhR4WRVkUd4thsUc,2026-10-01T02:05:40+00:00,decode,2,59236,0.08,162.79,,0,,,
ap-yXxcAQPhR4WRVkUd4thsUc,2026-10-01T02:05:41+00:00,decode,2,59316,0.08,162.85,,0,,,
ap-yXxcAQPhR4WRVkUd4thsUc,2026-10-01T02:05:41+00:00,decode,2,59396,0.08,162.56,,0,,,
ap-yXxcAQPhR4WRVkUd4thsUc,2026-10-01T02:05:42+00:00,decode,1,11067,0.01,105.89,,0,,,
ap-yXxcAQPhR4WRVkUd4thsUc,2026-10-01T02:05:42+00:00,decode,1,11107,0.01,85.87,,0,,,
ap-yXxcAQPhR4WRVkUd4thsUc,2026-10-01T02:05:43+00:00,decode,1,11147,0.01,85.87,,0,,,
ap-yXxcAQPhR4WRVkUd4thsUc,2026-10-01T02:05:43+00:00,decode,1,11187,0.02,85.87,,0,,,
ap-yXxcAQPhR4WRVkUd4thsUc,2026-10-01T02:05:44+00:00,decode,1,11227,0.02,85.77,,0,,,
ap-yXxcAQPhR4WRVkUd4thsUc,2026-10-01T02:05:44+00:00,decode,1,11267,0.02,85.8,,0,,,
ap-yXxcAQPhR4WRVkUd4thsUc,2026-10-01T02:05:45+00:00,prefill,1,,0.08,,90.27,0,1,474,48896
ap-yXxcAQPhR4WRVkUd4thsUc,2026-10-01T02:05:45+00:00,decode,2,59996,0.08,82.82,,0,,,
ap-yXxcAQPhR4WRVkUd4thsUc,2026-10-01T02:05:45+00:00,decode,2,60076,0.08,162.44,,0,,,
ap-yXxcAQPhR4WRVkUd4thsUc,2026-10-01T02:05:46+00:00,decode,2,60156,0.08,162.68,,0,,,
ap-yXxcAQPhR4WRVkUd4thsUc,2026-10-01T02:05:46+00:00,decode,2,60236,0.08,162.54,,0,,,
ap-yXxcAQPhR4WRVkUd4thsUc,2026-10-01T02:05:47+00:00,decode,2,60316,0.08,162.73,,0,,,
ap-yXxcAQPhR4WRVkUd4thsUc,2026-10-01T02:05:47+00:00,decode,1,11507,0.02,95.86,,0,,,
ap-yXxcAQPhR4WRVkUd4thsUc,2026-10-01T02:05:48+00:00,decode,1,11547,0.02,85.79,,0,,,
ap-yXxcAQPhR4WRVkUd4thsUc,2026-10-01T02:05:48+00:00,decode,1,11587,0.02,85.82,,0,,,
ap-yXxcAQPhR4WRVkUd4thsUc,2026-10-01T02:05:48+00:00,decode,1,11627,0.02,85.78,,0,,,
ap-yXxcAQPhR4WRVkUd4thsUc,2026-10-01T02:05:49+00:00,decode,1,11667,0.02,85.93,,0,,,
ap-yXxcAQPhR4WRVkUd4thsUc,2026-10-01T02:05:49+00:00,decode,1,11707,0.02,85.81,,0,,,
ap-yXxcAQPhR4WRVkUd4thsUc,2026-10-01T02:05:50+00:00,prefill,1,,0.08,,85.87,0,1,436,49408
ap-yXxcAQPhR4WRVkUd4thsUc,2026-10-01T02:05:50+00:00,decode,2,60930,0.08,116.79,,0,,,
ap-yXxcAQPhR4WRVkUd4thsUc,2026-10-01T02:05:50+00:00,decode,2,61010,0.08,162.19,,0,,,
ap-yXxcAQPhR4WRVkUd4thsUc,2026-10-01T02:05:51+00:00,decode,1,49950,0.07,155.81,,0,,,
ap-yXxcAQPhR4WRVkUd4thsUc,2026-10-01T02:05:51+00:00,decode,1,49990,0.07,80.57,,0,,,
ap-yXxcAQPhR4WRVkUd4thsUc,2026-10-01T02:05:53+00:00,prefill,0,,0.02,,587.8,0,1,2120,10752
ap-yXxcAQPhR4WRVkUd4thsUc,2026-10-01T02:05:53+00:00,decode,1,12888,0.02,20.06,,0,,,
ap-yXxcAQPhR4WRVkUd4thsUc,2026-10-01T02:05:54+00:00,decode,1,12928,0.02,85.61,,0,,,
ap-yXxcAQPhR4WRVkUd4thsUc,2026-10-01T02:05:54+00:00,prefill,1,,0.06,,306.72,0,1,315,29312
ap-yXxcAQPhR4WRVkUd4thsUc,2026-10-01T02:05:54+00:00,decode,2,41920,0.06,99.13,,0,,,
ap-yXxcAQPhR4WRVkUd4thsUc,2026-10-01T02:05:55+00:00,decode,2,91630,0.12,156.84,,0,,,
ap-yXxcAQPhR4WRVkUd4thsUc,2026-10-01T02:05:55+00:00,prefill,2,,0.12,,594.58,0,1,399,49920
ap-yXxcAQPhR4WRVkUd4thsUc,2026-10-01T02:05:55+00:00,decode,2,62721,0.08,182.83,,0,,,
ap-yXxcAQPhR4WRVkUd4thsUc,2026-10-01T02:05:56+00:00,decode,2,62801,0.08,161.75,,0,,,
ap-yXxcAQPhR4WRVkUd4thsUc,2026-10-01T02:05:56+00:00,decode,2,62881,0.08,161.77,,0,,,
ap-yXxcAQPhR4WRVkUd4thsUc,2026-10-01T02:05:57+00:00,decode,2,62961,0.08,161.91,,0,,,
ap-yXxcAQPhR4WRVkUd4thsUc,2026-10-01T02:05:57+00:00,decode,1,13208,0.02,105.45,,0,,,
ap-yXxcAQPhR4WRVkUd4thsUc,2026-10-01T02:05:58+00:00,prefill,1,,0.06,,199.02,0,1,512,29568
ap-yXxcAQPhR4WRVkUd4thsUc,2026-10-01T02:05:58+00:00,decode,2,42678,0.06,141.0,,0,,,
ap-yXxcAQPhR4WRVkUd4thsUc,2026-10-01T02:06:00+00:00,prefill,0,,0.07,,156.31,0,1,362,50432
ap-yXxcAQPhR4WRVkUd4thsUc,2026-10-01T02:06:00+00:00,decode,1,50812,0.07,25.78,,0,,,
ap-yXxcAQPhR4WRVkUd4thsUc,2026-10-01T02:06:00+00:00,prefill,1,,0.11,,345.38,0,1,187,30080
ap-yXxcAQPhR4WRVkUd4thsUc,2026-10-01T02:06:01+00:00,decode,2,80449,0.11,104.85,,0,,,
ap-yXxcAQPhR4WRVkUd4thsUc,2026-10-01T02:06:01+00:00,decode,1,50892,0.07,142.45,,0,,,
ap-yXxcAQPhR4WRVkUd4thsUc,2026-10-01T02:06:01+00:00,prefill,1,,0.09,,716.8,0,1,642,13056
ap-yXxcAQPhR4WRVkUd4thsUc,2026-10-01T02:06:02+00:00,decode,2,63974,0.09,124.65,,0,,,
ap-yXxcAQPhR4WRVkUd4thsUc,2026-10-01T02:06:02+00:00,decode,1,13769,0.02,148.73,,0,,,
ap-yXxcAQPhR4WRVkUd4thsUc,2026-10-01T02:06:03+00:00,decode,1,13809,0.02,85.52,,0,,,
ap-yXxcAQPhR4WRVkUd4thsUc,2026-10-01T02:06:03+00:00,decode,1,13849,0.02,85.4,,0,,,
ap-yXxcAQPhR4WRVkUd4thsUc,2026-10-01T02:06:03+00:00,prefill,1,,0.06,,257.17,0,1,491,30208
ap-yXxcAQPhR4WRVkUd4thsUc,2026-10-01T02:06:04+00:00,decode,2,43938,0.06,140.58,,0,,,
ap-yXxcAQPhR4WRVkUd4thsUc,2026-10-01T02:06:04+00:00,decode,1,13929,0.02,110.2,,0,,,
ap-yXxcAQPhR4WRVkUd4thsUc,2026-10-01T02:06:05+00:00,decode,1,13969,0.02,85.44,,0,,,
ap-yXxcAQPhR4WRVkUd4thsUc,2026-10-01T02:06:05+00:00,prefill,1,,0.09,,329.19,0,1,623,50944
ap-yXxcAQPhR4WRVkUd4thsUc,2026-10-01T02:06:05+00:00,decode,2,64893,0.09,77.41,,0,,,
ap-yXxcAQPhR4WRVkUd4thsUc,2026-10-01T02:06:06+00:00,decode,2,64973,0.09,161.27,,0,,,
ap-yXxcAQPhR4WRVkUd4thsUc,2026-10-01T02:06:06+00:00,prefill,2,,0.13,,502.66,0,1,411,30720
ap-yXxcAQPhR4WRVkUd4thsUc,2026-10-01T02:06:06+00:00,decode,3,95519,0.13,178.96,,0,,,
ap-yXxcAQPhR4WRVkUd4thsUc,2026-10-01T02:06:07+00:00,decode,2,65133,0.09,207.06,,0,,,
ap-yXxcAQPhR4WRVkUd4thsUc,2026-10-01T02:06:07+00:00,decode,2,65213,0.09,161.17,,0,,,
ap-yXxcAQPhR4WRVkUd4thsUc,2026-10-01T02:06:08+00:00,decode,1,14209,0.02,99.26,,0,,,
ap-yXxcAQPhR4WRVkUd4thsUc,2026-10-01T02:06:08+00:00,decode,1,14249,0.02,85.4,,0,,,
ap-yXxcAQPhR4WRVkUd4thsUc,2026-10-01T02:06:09+00:00,decode,1,14289,0.02,85.41,,0,,,
ap-yXxcAQPhR4WRVkUd4thsUc,2026-10-01T02:06:09+00:00,prefill,1,,0.06,,162.0,0,1,459,31104
ap-yXxcAQPhR4WRVkUd4thsUc,2026-10-01T02:06:09+00:00,decode,2,45240,0.06,136.81,,0,,,
ap-yXxcAQPhR4WRVkUd4thsUc,2026-10-01T02:06:10+00:00,decode,1,14369,0.02,114.05,,0,,,
ap-yXxcAQPhR4WRVkUd4thsUc,2026-10-01T02:06:11+00:00,prefill,0,,0.07,,140.02,0,1,332,51712
ap-yXxcAQPhR4WRVkUd4thsUc,2026-10-01T02:06:11+00:00,decode,1,83374,0.11,22.33,,0,,,
ap-yXxcAQPhR4WRVkUd4thsUc,2026-10-01T02:06:11+00:00,prefill,1,,0.11,,1329.96,0,1,443,31552
ap-yXxcAQPhR4WRVkUd4thsUc,2026-10-01T02:06:12+00:00,decode,2,83456,0.11,147.78,,0,,,
ap-yXxcAQPhR4WRVkUd4thsUc,2026-10-01T02:06:12+00:00,prefill,1,,0.09,,1525.31,0,1,1369,14336
ap-yXxcAQPhR4WRVkUd4thsUc,2026-10-01T02:06:13+00:00,decode,2,67185,0.09,107.09,,0,,,
ap-yXxcAQPhR4WRVkUd4thsUc,2026-10-01T02:06:13+00:00,decode,2,67265,0.09,160.92,,0,,,
ap-yXxcAQPhR4WRVkUd4thsUc,2026-10-01T02:06:14+00:00,decode,1,15805,0.02,138.67,,0,,,
ap-yXxcAQPhR4WRVkUd4thsUc,2026-10-01T02:06:14+00:00,decode,1,15845,0.02,85.45,,0,,,
ap-yXxcAQPhR4WRVkUd4thsUc,2026-10-01T02:06:14+00:00,prefill,0,,0.04,,221.02,0,1,427,32000
ap-yXxcAQPhR4WRVkUd4thsUc,2026-10-01T02:06:15+00:00,decode,1,32462,0.04,61.67,,0,,,
ap-yXxcAQPhR4WRVkUd4thsUc,2026-10-01T02:06:16+00:00,prefill,0,,0.07,,227.6,0,1,489,52032
ap-yXxcAQPhR4WRVkUd4thsUc,2026-10-01T02:06:17+00:00,prefill,1,,0.09,,2310.33,0,1,341,15680
ap-yXxcAQPhR4WRVkUd4thsUc,2026-10-01T02:06:17+00:00,decode,2,67900,0.09,27.15,,0,,,
ap-yXxcAQPhR4WRVkUd4thsUc,2026-10-01T02:06:17+00:00,prefill,2,,0.13,,1219.68,0,1,475,32384
ap-yXxcAQPhR4WRVkUd4thsUc,2026-10-01T02:06:17+00:00,decode,3,100184,0.13,189.17,,0,,,
ap-yXxcAQPhR4WRVkUd4thsUc,2026-10-01T02:06:18+00:00,decode,2,68060,0.09,189.42,,0,,,
ap-yXxcAQPhR4WRVkUd4thsUc,2026-10-01T02:06:18+00:00,decode,1,52668,0.07,108.16,,0,,,
ap-yXxcAQPhR4WRVkUd4thsUc,2026-10-01T02:06:20+00:00,prefill,0,,0.04,,162.93,0,1,459,32832
ap-yXxcAQPhR4WRVkUd4thsUc,2026-10-01T02:06:20+00:00,decode,1,33308,0.04,25.19,,0,,,
ap-yXxcAQPhR4WRVkUd4thsUc,2026-10-01T02:06:20+00:00,prefill,0,,0.02,,322.86,0,1,210,16128
ap-yXxcAQPhR4WRVkUd4thsUc,2026-10-01T02:06:21+00:00,decode,1,16347,0.02,72.6,,0,,,
ap-yXxcAQPhR4WRVkUd4thsUc,2026-10-01T02:06:21+00:00,decode,1,16387,0.02,85.13,,0,,,
ap-yXxcAQPhR4WRVkUd4thsUc,2026-10-01T02:06:21+00:00,prefill,1,,0.09,,520.18,0,1,516,52480
ap-yXxcAQPhR4WRVkUd4thsUc,2026-10-01T02:06:22+00:00,decode,2,68748,0.09,90.63,,0,,,
ap-yXxcAQPhR4WRVkUd4thsUc,2026-10-01T02:06:22+00:00,decode,2,68828,0.09,160.38,,0,,,
ap-yXxcAQPhR4WRVkUd4thsUc,2026-10-01T02:06:22+00:00,prefill,2,,0.14,,456.2,0,1,443,33280
ap-yXxcAQPhR4WRVkUd4thsUc,2026-10-01T02:06:23+00:00,decode,3,101963,0.14,169.82,,0,,,
ap-yXxcAQPhR4WRVkUd4thsUc,2026-10-01T02:06:23+00:00,decode,2,68988,0.09,209.89,,0,,,
ap-yXxcAQPhR4WRVkUd4thsUc,2026-10-01T02:06:24+00:00,decode,1,16587,0.02,158.46,,0,,,
ap-yXxcAQPhR4WRVkUd4thsUc,2026-10-01T02:06:25+00:00,prefill,0,,0.05,,174.45,0,1,491,33664
ap-yXxcAQPhR4WRVkUd4thsUc,2026-10-01T02:06:25+00:00,decode,1,34162,0.05,24.62,,0,,,
ap-yXxcAQPhR4WRVkUd4thsUc,2026-10-01T02:06:26+00:00,decode,1,34202,0.05,82.61,,0,,,
ap-yXxcAQPhR4WRVkUd4thsUc,2026-10-01T02:06:26+00:00,prefill,0,,0.05,,304.6,0,1,213,40448
ap-yXxcAQPhR4WRVkUd4thsUc,2026-10-01T02:06:26+00:00,decode,1,40700,0.05,65.86,,0,,,
ap-yXxcAQPhR4WRVkUd4thsUc,2026-10-01T02:06:27+00:00,decode,1,40740,0.05,81.7,,0,,,
ap-yXxcAQPhR4WRVkUd4thsUc,2026-10-01T02:06:27+00:00,decode,1,40780,0.05,81.72,,0,,,
ap-yXxcAQPhR4WRVkUd4thsUc,2026-10-01T02:06:28+00:00,prefill,0,,0.05,,221.24,0,1,475,34112
ap-yXxcAQPhR4WRVkUd4thsUc,2026-10-01T02:06:29+00:00,decode,1,34625,0.05,34.72,,0,,,
ap-yXxcAQPhR4WRVkUd4thsUc,2026-10-01T02:06:29+00:00,prefill,0,,0.06,,133.21,0,1,134,44544
ap-yXxcAQPhR4WRVkUd4thsUc,2026-10-01T02:06:29+00:00,decode,1,44708,0.06,43.88,,0,,,
ap-yXxcAQPhR4WRVkUd4thsUc,2026-10-01T02:06:31+00:00,prefill,0,,0.05,,273.33,0,1,459,34560
ap-yXxcAQPhR4WRVkUd4thsUc,2026-10-01T02:06:31+00:00,decode,1,35027,0.05,28.37,,0,,,
ap-yXxcAQPhR4WRVkUd4thsUc,2026-10-01T02:06:31+00:00,decode,1,0,0.0,82.14,,0,,,
ap-yXxcAQPhR4WRVkUd4thsUc,2026-10-01T02:06:34+00:00,prefill,0,,0.05,,158.01,0,1,443,35008
ap-yXxcAQPhR4WRVkUd4thsUc,2026-10-01T02:06:34+00:00,decode,1,35491,0.05,14.77,,0,,,
ap-yXxcAQPhR4WRVkUd4thsUc,2026-10-01T02:06:35+00:00,prefill,0,,0.05,,262.1,0,1,491,35392
ap-yXxcAQPhR4WRVkUd4thsUc,2026-10-01T02:06:36+00:00,decode,1,35915,0.05,22.56,,0,,,
ap-yXxcAQPhR4WRVkUd4thsUc,2026-10-01T02:06:38+00:00,prefill,0,,0.05,,174.22,0,1,475,35840
ap-yXxcAQPhR4WRVkUd4thsUc,2026-10-01T02:06:38+00:00,decode,1,36339,0.05,15.18,,0,,,
ap-yXxcAQPhR4WRVkUd4thsUc,2026-10-01T02:06:41+00:00,prefill,0,,0.05,,136.43,0,1,395,36352
ap-yXxcAQPhR4WRVkUd4thsUc,2026-10-01T02:06:41+00:00,decode,1,36763,0.05,14.31,,0,,,
ap-yXxcAQPhR4WRVkUd4thsUc,2026-10-01T02:06:44+00:00,prefill,0,,0.05,,157.53,0,1,443,36736
ap-yXxcAQPhR4WRVkUd4thsUc,2026-10-01T02:06:44+00:00,decode,1,37187,0.05,14.73,,0,,,
ap-yXxcAQPhR4WRVkUd4thsUc,2026-10-01T02:06:44+00:00,decode,1,0,0.0,81.99,,0,,,
ap-yXxcAQPhR4WRVkUd4thsUc,2026-10-01T02:06:47+00:00,prefill,0,,0.05,,177.15,0,1,491,37120
ap-yXxcAQPhR4WRVkUd4thsUc,2026-10-01T02:06:47+00:00,decode,1,37651,0.05,14.95,,0,,,
ap-yXxcAQPhR4WRVkUd4thsUc,2026-10-01T02:06:49+00:00,prefill,0,,0.03,,47.1,0,1,101,21120
ap-yXxcAQPhR4WRVkUd4thsUc,2026-10-01T02:06:49+00:00,decode,1,21253,0.03,19.67,,0,,,
ap-yXxcAQPhR4WRVkUd4thsUc,2026-10-01T02:06:49+00:00,prefill,0,,0.05,,590.73,0,1,411,37632
ap-yXxcAQPhR4WRVkUd4thsUc,2026-10-01T02:06:50+00:00,decode,1,38070,0.05,62.07,,0,,,
ap-yXxcAQPhR4WRVkUd4thsUc,2026-10-01T02:06:52+00:00,prefill,0,,0.05,,153.86,0,1,459,38016
ap-yXxcAQPhR4WRVkUd4thsUc,2026-10-01T02:06:53+00:00,decode,1,38494,0.05,13.84,,0,,,
ap-yXxcAQPhR4WRVkUd4thsUc,2026-10-01T02:06:55+00:00,prefill,0,,0.05,,148.68,0,1,443,38464
ap-yXxcAQPhR4WRVkUd4thsUc,2026-10-01T02:06:56+00:00,decode,1,38918,0.05,13.88,,0,,,
ap-yXxcAQPhR4WRVkUd4thsUc,2026-10-01T02:06:58+00:00,prefill,0,,0.05,,148.5,0,1,427,38912
ap-yXxcAQPhR4WRVkUd4thsUc,2026-10-01T02:06:58+00:00,decode,1,39342,0.05,14.42,,0,,,
ap-yXxcAQPhR4WRVkUd4thsUc,2026-10-01T02:06:59+00:00,decode,1,39382,0.05,81.28,,0,,,
ap-yXxcAQPhR4WRVkUd4thsUc,2026-10-01T02:07:01+00:00,prefill,0,,0.05,,164.07,0,1,475,39296
ap-yXxcAQPhR4WRVkUd4thsUc,2026-10-01T02:07:02+00:00,decode,1,39806,0.05,14.31,,0,,,
ap-yXxcAQPhR4WRVkUd4thsUc,2026-10-01T02:07:04+00:00,prefill,0,,0.05,,165.88,0,1,459,39744
ap-yXxcAQPhR4WRVkUd4thsUc,2026-10-01T02:07:04+00:00,decode,1,40230,0.05,14.97,,0,,,
ap-yXxcAQPhR4WRVkUd4thsUc,2026-10-01T02:07:07+00:00,prefill,0,,0.05,,156.39,0,1,443,40192
ap-yXxcAQPhR4WRVkUd4thsUc,2026-10-01T02:07:07+00:00,decode,1,40654,0.05,14.63,,0,,,
ap-yXxcAQPhR4WRVkUd4thsUc,2026-10-01T02:07:10+00:00,prefill,0,,0.06,,179.37,0,1,491,40576
ap-yXxcAQPhR4WRVkUd4thsUc,2026-10-01T02:07:10+00:00,decode,1,41078,0.06,15.14,,0,,,
ap-yXxcAQPhR4WRVkUd4thsUc,2026-10-01T02:07:12+00:00,prefill,0,,0.06,,178.35,0,1,475,41024
ap-yXxcAQPhR4WRVkUd4thsUc,2026-10-01T02:07:12+00:00,decode,1,41502,0.06,15.61,,0,,,
ap-yXxcAQPhR4WRVkUd4thsUc,2026-10-01T02:07:13+00:00,decode,1,41542,0.06,81.05,,0,,,
ap-yXxcAQPhR4WRVkUd4thsUc,2026-10-01T02:07:15+00:00,prefill,0,,0.06,,165.1,0,1,459,41472
ap-yXxcAQPhR4WRVkUd4thsUc,2026-10-01T02:07:15+00:00,decode,1,41966,0.06,14.9,,0,,,
ap-yXxcAQPhR4WRVkUd4thsUc,2026-10-01T02:07:18+00:00,prefill,0,,0.06,,146.56,0,1,443,41920
ap-yXxcAQPhR4WRVkUd4thsUc,2026-10-01T02:07:18+00:00,decode,1,42390,0.06,13.68,,0,,,
ap-yXxcAQPhR4WRVkUd4thsUc,2026-10-01T02:07:21+00:00,prefill,0,,0.06,,174.43,0,1,491,42304
ap-yXxcAQPhR4WRVkUd4thsUc,2026-10-01T02:07:21+00:00,decode,1,42814,0.06,14.72,,0,,,
ap-yXxcAQPhR4WRVkUd4thsUc,2026-10-01T02:07:24+00:00,prefill,0,,0.06,,174.04,0,1,475,42752
ap-yXxcAQPhR4WRVkUd4thsUc,2026-10-01T02:07:24+00:00,decode,1,43238,0.06,15.23,,0,,,
ap-yXxcAQPhR4WRVkUd4thsUc,2026-10-01T02:07:26+00:00,prefill,0,,0.06,,144.24,0,1,395,43264
ap-yXxcAQPhR4WRVkUd4thsUc,2026-10-01T02:07:26+00:00,decode,1,43662,0.06,15.15,,0,,,
ap-yXxcAQPhR4WRVkUd4thsUc,2026-10-01T02:07:27+00:00,decode,1,43702,0.06,80.8,,0,,,
ap-yXxcAQPhR4WRVkUd4thsUc,2026-10-01T02:07:29+00:00,prefill,0,,0.06,,161.02,0,1,443,43648
ap-yXxcAQPhR4WRVkUd4thsUc,2026-10-01T02:07:30+00:00,prefill,1,,0.11,,1285.63,0,1,630,40704
ap-yXxcAQPhR4WRVkUd4thsUc,2026-10-01T02:07:30+00:00,decode,2,84775,0.11,14.99,,0,,,
ap-yXxcAQPhR4WRVkUd4thsUc,2026-10-01T02:07:30+00:00,decode,1,41376,0.06,108.58,,0,,,
ap-yXxcAQPhR4WRVkUd4thsUc,2026-10-01T02:07:31+00:00,decode,1,41416,0.06,81.7,,0,,,
ap-yXxcAQPhR4WRVkUd4thsUc,2026-10-01T02:07:32+00:00,prefill,0,,0.06,,201.95,0,1,491,44032
ap-yXxcAQPhR4WRVkUd4thsUc,2026-10-01T02:07:32+00:00,prefill,1,,0.12,,879.47,0,1,116,44672
ap-yXxcAQPhR4WRVkUd4thsUc,2026-10-01T02:07:32+00:00,decode,2,88640,0.12,26.86,,0,,,
ap-yXxcAQPhR4WRVkUd4thsUc,2026-10-01T02:07:33+00:00,decode,1,44832,0.06,150.15,,0,,,
ap-yXxcAQPhR4WRVkUd4thsUc,2026-10-01T02:07:35+00:00,prefill,0,,0.06,,151.14,0,1,411,44544
ap-yXxcAQPhR4WRVkUd4thsUc,2026-10-01T02:07:35+00:00,prefill,1,,0.12,,156.17,0,1,67,44800
ap-yXxcAQPhR4WRVkUd4thsUc,2026-10-01T02:07:35+00:00,decode,2,89179,0.12,16.91,,0,,,
ap-yXxcAQPhR4WRVkUd4thsUc,2026-10-01T02:07:36+00:00,decode,1,44913,0.06,102.29,,0,,,
ap-yXxcAQPhR4WRVkUd4thsUc,2026-10-01T02:07:38+00:00,prefill,0,,0.06,,191.73,0,1,459,44928
ap-yXxcAQPhR4WRVkUd4thsUc,2026-10-01T02:07:38+00:00,decode,1,45421,0.06,17.87,,0,,,
ap-yXxcAQPhR4WRVkUd4thsUc,2026-10-01T02:07:38+00:00,prefill,1,,0.06,,152.87,0,1,94,44864
ap-yXxcAQPhR4WRVkUd4thsUc,2026-10-01T02:07:39+00:00,decode,1,44985,0.06,75.78,,0,,,
ap-yXxcAQPhR4WRVkUd4thsUc,2026-10-01T02:07:39+00:00,decode,1,45025,0.06,81.19,,0,,,
ap-yXxcAQPhR4WRVkUd4thsUc,2026-10-01T02:07:41+00:00,prefill,0,,0.06,,183.69,0,1,443,45376
ap-yXxcAQPhR4WRVkUd4thsUc,2026-10-01T02:07:41+00:00,decode,1,45837,0.06,22.11,,0,,,
ap-yXxcAQPhR4WRVkUd4thsUc,2026-10-01T02:07:43+00:00,prefill,0,,0.06,,151.4,0,1,427,45824
ap-yXxcAQPhR4WRVkUd4thsUc,2026-10-01T02:07:44+00:00,decode,1,46261,0.06,14.69,,0,,,
ap-yXxcAQPhR4WRVkUd4thsUc,2026-10-01T02:07:46+00:00,prefill,0,,0.06,,169.91,0,1,475,46208
ap-yXxcAQPhR4WRVkUd4thsUc,2026-10-01T02:07:46+00:00,decode,1,46685,0.06,14.84,,0,,,
ap-yXxcAQPhR4WRVkUd4thsUc,2026-10-01T02:07:47+00:00,decode,1,46725,0.06,80.64,,0,,,
ap-yXxcAQPhR4WRVkUd4thsUc,2026-10-01T02:07:49+00:00,prefill,0,,0.06,,160.4,0,1,459,46656
ap-yXxcAQPhR4WRVkUd4thsUc,2026-10-01T02:07:50+00:00,decode,1,47149,0.06,14.48,,0,,,
ap-yXxcAQPhR4WRVkUd4thsUc,2026-10-01T02:07:51+00:00,prefill,0,,0.03,,26.78,0,1,63,21248
ap-yXxcAQPhR4WRVkUd4thsUc,2026-10-01T02:07:52+00:00,prefill,1,,0.09,,1269.37,0,1,443,47104
ap-yXxcAQPhR4WRVkUd4thsUc,2026-10-01T02:07:52+00:00,decode,2,68200,0.09,18.13,,0,,,
ap-yXxcAQPhR4WRVkUd4thsUc,2026-10-01T02:07:52+00:00,decode,1,47590,0.06,122.69,,0,,,
ap-yXxcAQPhR4WRVkUd4thsUc,2026-10-01T02:07:55+00:00,prefill,0,,0.06,,179.2,0,1,491,47488
ap-yXxcAQPhR4WRVkUd4thsUc,2026-10-01T02:07:55+00:00,decode,1,48014,0.06,15.14,,0,,,
ap-yXxcAQPhR4WRVkUd4thsUc,2026-10-01T02:08:33+00:00,prefill,0,,0.06,,6.87,0,1,267,41280
ap-yXxcAQPhR4WRVkUd4thsUc,2026-10-01T02:08:34+00:00,decode,1,41574,0.06,1.03,,0,,,
ap-yXxcAQPhR4WRVkUd4thsUc,2026-10-01T02:08:34+00:00,decode,1,41614,0.06,81.59,,0,,,
ap-yXxcAQPhR4WRVkUd4thsUc,2026-10-01T02:08:42+00:00,prefill,0,,0.06,,20.59,0,1,175,44928
ap-yXxcAQPhR4WRVkUd4thsUc,2026-10-01T02:08:42+00:00,decode,1,45131,0.06,4.99,,0,,,
ap-yXxcAQPhR4WRVkUd4thsUc,2026-10-01T02:08:44+00:00,prefill,0,,0.06,,46.27,0,1,106,45056
ap-yXxcAQPhR4WRVkUd4thsUc,2026-10-01T02:08:45+00:00,decode,1,45194,0.06,17.16,,0,,,
ap-yXxcAQPhR4WRVkUd4thsUc,2026-10-01T02:08:48+00:00,prefill,0,,0.06,,42.68,0,1,154,45120
ap-yXxcAQPhR4WRVkUd4thsUc,2026-10-01T02:08:48+00:00,decode,1,45308,0.06,10.99,,0,,,
ap-yXxcAQPhR4WRVkUd4thsUc,2026-10-01T02:08:49+00:00,decode,1,45348,0.06,81.03,,0,,,
ap-yXxcAQPhR4WRVkUd4thsUc,2026-10-01T02:08:54+00:00,prefill,0,,0.03,,24.6,0,1,157,21248
ap-yXxcAQPhR4WRVkUd4thsUc,2026-10-01T02:08:54+00:00,decode,1,21421,0.03,7.06,,0,,,
ap-yXxcAQPhR4WRVkUd4thsUc,2026-10-01T02:08:55+00:00,decode,1,21461,0.03,84.35,,0,,,
ap-yXxcAQPhR4WRVkUd4thsUc,2026-10-01T02:09:15+00:00,prefill,0,,0.03,,7.02,0,1,144,21376
ap-yXxcAQPhR4WRVkUd4thsUc,2026-10-01T02:09:15+00:00,decode,1,21550,0.03,1.98,,0,,,
ap-yXxcAQPhR4WRVkUd4thsUc,2026-10-01T02:09:29+00:00,prefill,0,,0.03,,9.41,0,1,134,21504
ap-yXxcAQPhR4WRVkUd4thsUc,2026-10-01T02:09:29+00:00,decode,1,21651,0.03,2.85,,0,,,
ap-yXxcAQPhR4WRVkUd4thsUc,2026-10-01T02:09:37+00:00,prefill,0,,0.06,,22.67,0,1,181,41536
ap-yXxcAQPhR4WRVkUd4thsUc,2026-10-01T02:09:37+00:00,decode,1,41731,0.06,5.0,,0,,,
ap-yXxcAQPhR4WRVkUd4thsUc,2026-10-01T02:09:38+00:00,decode,1,41771,0.06,81.44,,0,,,
ap-yXxcAQPhR4WRVkUd4thsUc,2026-10-01T02:09:38+00:00,decode,1,41811,0.06,81.6,,0,,,
ap-yXxcAQPhR4WRVkUd4thsUc,2026-10-01T02:09:46+00:00,prefill,0,,0.03,,11.38,0,1,99,21632
ap-yXxcAQPhR4WRVkUd4thsUc,2026-10-01T02:09:46+00:00,decode,1,21767,0.03,5.01,,0,,,
ap-yXxcAQPhR4WRVkUd4thsUc,2026-10-01T02:09:52+00:00,prefill,0,,0.06,,51.96,0,1,306,45312
ap-yXxcAQPhR4WRVkUd4thsUc,2026-10-01T02:09:52+00:00,decode,1,45653,0.06,6.79,,0,,,
ap-yXxcAQPhR4WRVkUd4thsUc,2026-10-01T02:09:55+00:00,prefill,0,,0.06,,161.83,0,1,609,45568
ap-yXxcAQPhR4WRVkUd4thsUc,2026-10-01T02:09:55+00:00,decode,1,46189,0.06,11.51,,0,,,
ap-yXxcAQPhR4WRVkUd4thsUc,2026-10-01T02:09:56+00:00,decode,1,46229,0.06,81.03,,0,,,
ap-yXxcAQPhR4WRVkUd4thsUc,2026-10-01T02:09:56+00:00,decode,1,46269,0.06,81.04,,0,,,
ap-yXxcAQPhR4WRVkUd4thsUc,2026-10-01T02:09:57+00:00,decode,1,46309,0.06,80.99,,0,,,
ap-yXxcAQPhR4WRVkUd4thsUc,2026-10-01T02:09:57+00:00,decode,1,46349,0.06,80.92,,0,,,
ap-yXxcAQPhR4WRVkUd4thsUc,2026-10-01T02:09:58+00:00,decode,1,46389,0.06,81.01,,0,,,
ap-yXxcAQPhR4WRVkUd4thsUc,2026-10-01T02:09:58+00:00,decode,1,46429,0.06,81.0,,0,,,
ap-yXxcAQPhR4WRVkUd4thsUc,2026-10-01T02:09:59+00:00,prefill,1,,0.09,,15.07,0,1,50,21760
ap-yXxcAQPhR4WRVkUd4thsUc,2026-10-01T02:09:59+00:00,decode,2,67618,0.09,122.06,,0,,,
ap-yXxcAQPhR4WRVkUd4thsUc,2026-10-01T02:09:59+00:00,decode,1,46509,0.06,156.51,,0,,,
ap-yXxcAQPhR4WRVkUd4thsUc,2026-10-01T02:10:00+00:00,decode,1,46549,0.06,80.94,,0,,,
ap-yXxcAQPhR4WRVkUd4thsUc,2026-10-01T02:10:01+00:00,prefill,0,,0.06,,101.92,0,1,278,46336
ap-yXxcAQPhR4WRVkUd4thsUc,2026-10-01T02:10:02+00:00,decode,1,46633,0.06,24.36,,0,,,
ap-yXxcAQPhR4WRVkUd4thsUc,2026-10-01T02:10:05+00:00,prefill,0,,0.06,,21.76,0,1,76,46592
ap-yXxcAQPhR4WRVkUd4thsUc,2026-10-01T02:10:05+00:00,decode,1,46689,0.06,11.36,,0,,,
ap-yXxcAQPhR4WRVkUd4thsUc,2026-10-01T02:10:06+00:00,prefill,0,,0.03,,94.35,0,1,157,21760
ap-yXxcAQPhR4WRVkUd4thsUc,2026-10-01T02:10:07+00:00,decode,1,21938,0.03,24.25,,0,,,
ap-yXxcAQPhR4WRVkUd4thsUc,2026-10-01T02:10:08+00:00,prefill,0,,0.06,,113.39,0,1,170,46656
ap-yXxcAQPhR4WRVkUd4thsUc,2026-10-01T02:10:08+00:00,decode,1,46851,0.06,25.7,,0,,,
ap-yXxcAQPhR4WRVkUd4thsUc,2026-10-01T02:10:09+00:00,decode,1,46891,0.06,80.99,,0,,,
ap-yXxcAQPhR4WRVkUd4thsUc,2026-10-01T02:10:11+00:00,prefill,0,,0.06,,82.08,0,1,270,46848
ap-yXxcAQPhR4WRVkUd4thsUc,2026-10-01T02:10:12+00:00,decode,1,47154,0.06,13.61,,0,,,
ap-yXxcAQPhR4WRVkUd4thsUc,2026-10-01T02:10:12+00:00,decode,1,47194,0.06,80.97,,0,,,
ap-yXxcAQPhR4WRVkUd4thsUc,2026-10-01T02:10:13+00:00,decode,1,47234,0.06,80.93,,0,,,
ap-yXxcAQPhR4WRVkUd4thsUc,2026-10-01T02:10:13+00:00,decode,1,47274,0.06,80.92,,0,,,
ap-yXxcAQPhR4WRVkUd4thsUc,2026-10-01T02:10:14+00:00,decode,1,47314,0.06,80.92,,0,,,
ap-yXxcAQPhR4WRVkUd4thsUc,2026-10-01T02:10:14+00:00,prefill,1,,0.09,,38.92,0,1,105,21888
ap-yXxcAQPhR4WRVkUd4thsUc,2026-10-01T02:10:14+00:00,decode,2,68681,0.09,112.52,,0,,,
ap-yXxcAQPhR4WRVkUd4thsUc,2026-10-01T02:10:15+00:00,decode,1,47394,0.06,112.68,,0,,,
ap-yXxcAQPhR4WRVkUd4thsUc,2026-10-01T02:10:15+00:00,decode,1,47434,0.06,80.91,,0,,,
ap-yXxcAQPhR4WRVkUd4thsUc,2026-10-01T02:10:16+00:00,prefill,0,,0.06,,60.61,0,1,140,47360
ap-yXxcAQPhR4WRVkUd4thsUc,2026-10-01T02:10:16+00:00,decode,1,47518,0.06,31.38,,0,,,
ap-yXxcAQPhR4WRVkUd4thsUc,2026-10-01T02:10:17+00:00,decode,1,47558,0.06,80.88,,0,,,
ap-yXxcAQPhR4WRVkUd4thsUc,2026-10-01T02:10:17+00:00,decode,1,47598,0.06,80.87,,0,,,
ap-yXxcAQPhR4WRVkUd4thsUc,2026-10-01T02:10:18+00:00,decode,1,47638,0.06,80.84,,0,,,
ap-yXxcAQPhR4WRVkUd4thsUc,2026-10-01T02:10:19+00:00,prefill,0,,0.06,,31.66,0,1,92,47616
ap-yXxcAQPhR4WRVkUd4thsUc,2026-10-01T02:10:19+00:00,decode,1,47722,0.06,29.08,,0,,,
ap-yXxcAQPhR4WRVkUd4thsUc,2026-10-01T02:10:20+00:00,decode,1,47762,0.06,80.86,,0,,,
ap-yXxcAQPhR4WRVkUd4thsUc,2026-10-01T02:10:20+00:00,decode,1,47802,0.06,80.87,,0,,,
ap-yXxcAQPhR4WRVkUd4thsUc,2026-10-01T02:10:21+00:00,decode,1,47842,0.06,80.75,,0,,,
ap-yXxcAQPhR4WRVkUd4thsUc,2026-10-01T02:10:22+00:00,prefill,0,,0.06,,83.15,0,1,236,47680
ap-yXxcAQPhR4WRVkUd4thsUc,2026-10-01T02:10:22+00:00,decode,1,47926,0.06,30.65,,0,,,
ap-yXxcAQPhR4WRVkUd4thsUc,2026-10-01T02:10:23+00:00,decode,1,47966,0.06,80.78,,0,,,
ap-yXxcAQPhR4WRVkUd4thsUc,2026-10-01T02:10:23+00:00,decode,1,48006,0.06,80.9,,0,,,
ap-yXxcAQPhR4WRVkUd4thsUc,2026-10-01T02:10:24+00:00,decode,1,48046,0.06,80.84,,0,,,
ap-yXxcAQPhR4WRVkUd4thsUc,2026-10-01T02:10:25+00:00,prefill,0,,0.06,,89.63,0,1,252,47872
ap-yXxcAQPhR4WRVkUd4thsUc,2026-10-01T02:10:25+00:00,decode,1,48130,0.06,31.3,,0,,,
ap-yXxcAQPhR4WRVkUd4thsUc,2026-10-01T02:10:25+00:00,decode,1,48170,0.06,80.83,,0,,,
ap-yXxcAQPhR4WRVkUd4thsUc,2026-10-01T02:10:26+00:00,prefill,1,,0.09,,62.54,0,1,45,22016
ap-yXxcAQPhR4WRVkUd4thsUc,2026-10-01T02:10:26+00:00,decode,2,69614,0.09,130.6,,0,,,
ap-yXxcAQPhR4WRVkUd4thsUc,2026-10-01T02:10:26+00:00,decode,2,69694,0.09,160.25,,0,,,
ap-yXxcAQPhR4WRVkUd4thsUc,2026-10-01T02:10:28+00:00,prefill,0,,0.06,,91.73,0,1,204,48128
ap-yXxcAQPhR4WRVkUd4thsUc,2026-10-01T02:10:28+00:00,decode,1,48334,0.06,33.56,,0,,,
ap-yXxcAQPhR4WRVkUd4thsUc,2026-10-01T02:10:28+00:00,decode,1,48374,0.06,80.79,,0,,,
ap-yXxcAQPhR4WRVkUd4thsUc,2026-10-01T02:10:29+00:00,decode,1,48414,0.06,80.65,,0,,,
ap-yXxcAQPhR4WRVkUd4thsUc,2026-10-01T02:10:29+00:00,decode,1,48454,0.07,80.69,,0,,,
ap-yXxcAQPhR4WRVkUd4thsUc,2026-10-01T02:10:30+00:00,decode,1,48494,0.07,80.68,,0,,,
ap-yXxcAQPhR4WRVkUd4thsUc,2026-10-01T02:10:39+00:00,prefill,0,,0.03,,15.56,0,1,170,22016
ap-yXxcAQPhR4WRVkUd4thsUc,2026-10-01T02:10:40+00:00,prefill,0,,0.06,,205.13,0,1,187,41728
ap-yXxcAQPhR4WRVkUd4thsUc,2026-10-01T02:10:40+00:00,decode,1,41921,0.06,4.04,,0,,,
ap-yXxcAQPhR4WRVkUd4thsUc,2026-10-01T02:10:40+00:00,decode,1,41961,0.06,81.54,,0,,,
ap-yXxcAQPhR4WRVkUd4thsUc,2026-10-01T02:10:46+00:00,prefill,0,,0.03,,18.22,0,1,120,22144
ap-yXxcAQPhR4WRVkUd4thsUc,2026-10-01T02:10:47+00:00,decode,1,0,0.0,6.24,,0,,,
ap-yXxcAQPhR4WRVkUd4thsUc,2026-10-01T02:10:53+00:00,prefill,0,,0.03,,7.37,0,1,48,22272
ap-yXxcAQPhR4WRVkUd4thsUc,2026-10-01T02:10:58+00:00,prefill,0,,0.06,,35.21,0,1,171,41856
ap-yXxcAQPhR4WRVkUd4thsUc,2026-10-01T02:10:58+00:00,decode,1,42035,0.06,3.61,,0,,,
ap-yXxcAQPhR4WRVkUd4thsUc,2026-10-01T02:11:00+00:00,prefill,0,,0.03,,37.07,0,1,104,22272
ap-yXxcAQPhR4WRVkUd4thsUc,2026-10-01T02:11:00+00:00,decode,1,22380,0.03,14.53,,0,,,
ap-yXxcAQPhR4WRVkUd4thsUc,2026-10-01T02:11:01+00:00,decode,1,22420,0.03,83.46,,0,,,
ap-yXxcAQPhR4WRVkUd4thsUc,2026-10-01T02:11:07+00:00,prefill,0,,0.03,,19.51,0,1,132,22336
ap-yXxcAQPhR4WRVkUd4thsUc,2026-10-01T02:11:07+00:00,decode,1,22492,0.03,6.12,,0,,,
ap-yXxcAQPhR4WRVkUd4thsUc,2026-10-01T02:11:09+00:00,prefill,0,,0.06,,63.42,0,1,128,41984
ap-yXxcAQPhR4WRVkUd4thsUc,2026-10-01T02:11:09+00:00,decode,1,42136,0.06,19.84,,0,,,
ap-yXxcAQPhR4WRVkUd4thsUc,2026-10-01T02:11:10+00:00,decode,1,42176,0.06,81.51,,0,,,
ap-yXxcAQPhR4WRVkUd4thsUc,2026-10-01T02:11:10+00:00,decode,1,0,0.0,81.29,,0,,,
ap-yXxcAQPhR4WRVkUd4thsUc,2026-10-01T02:11:15+00:00,prefill,0,,0.03,,15.41,0,1,84,22464
ap-yXxcAQPhR4WRVkUd4thsUc,2026-10-01T02:11:15+00:00,decode,1,0,0.0,8.59,,0,,,
ap-yXxcAQPhR4WRVkUd4thsUc,2026-10-01T02:11:21+00:00,prefill,0,,0.03,,15.26,0,1,100,22528
ap-yXxcAQPhR4WRVkUd4thsUc,2026-10-01T02:11:22+00:00,decode,1,0,0.0,6.1,,0,,,
ap-yXxcAQPhR4WRVkUd4thsUc,2026-10-01T02:11:29+00:00,prefill,0,,0.03,,14.94,0,1,116,22592
ap-yXxcAQPhR4WRVkUd4thsUc,2026-10-01T02:11:29+00:00,decode,1,0,0.0,5.15,,0,,,
ap-yXxcAQPhR4WRVkUd4thsUc,2026-10-01T02:11:36+00:00,prefill,0,,0.03,,19.8,0,1,132,22656
ap-yXxcAQPhR4WRVkUd4thsUc,2026-10-01T02:11:36+00:00,decode,1,22828,0.03,6.0,,0,,,
ap-yXxcAQPhR4WRVkUd4thsUc,2026-10-01T02:11:44+00:00,prefill,0,,0.03,,16.06,0,1,130,22784
ap-yXxcAQPhR4WRVkUd4thsUc,2026-10-01T02:11:44+00:00,decode,1,22919,0.03,5.21,,0,,,
ap-yXxcAQPhR4WRVkUd4thsUc,2026-10-01T02:11:44+00:00,decode,1,22959,0.03,83.76,,0,,,
ap-yXxcAQPhR4WRVkUd4thsUc,2026-10-01T02:11:50+00:00,prefill,0,,0.03,,46.73,0,1,314,22912
ap-yXxcAQPhR4WRVkUd4thsUc,2026-10-01T02:11:51+00:00,decode,1,23261,0.03,6.05,,0,,,
ap-yXxcAQPhR4WRVkUd4thsUc,2026-10-01T02:11:51+00:00,decode,1,23301,0.03,84.07,,0,,,
ap-yXxcAQPhR4WRVkUd4thsUc,2026-10-01T02:11:59+00:00,prefill,0,,0.03,,28.06,0,1,229,23296
ap-yXxcAQPhR4WRVkUd4thsUc,2026-10-01T02:11:59+00:00,decode,1,23556,0.03,5.24,,0,,,
ap-yXxcAQPhR4WRVkUd4thsUc,2026-10-01T02:11:59+00:00,decode,1,23596,0.03,84.1,,0,,,
ap-yXxcAQPhR4WRVkUd4thsUc,2026-10-01T02:12:00+00:00,decode,1,23636,0.03,84.11,,0,,,
ap-yXxcAQPhR4WRVkUd4thsUc,2026-10-01T02:12:00+00:00,decode,1,23676,0.03,84.05,,0,,,
ap-yXxcAQPhR4WRVkUd4thsUc,2026-10-01T02:12:23+00:00,prefill,0,,0.06,,7.72,0,1,187,42112
ap-yXxcAQPhR4WRVkUd4thsUc,2026-10-01T02:12:23+00:00,decode,1,42337,0.06,1.75,,0,,,
ap-yXxcAQPhR4WRVkUd4thsUc,2026-10-01T02:12:24+00:00,decode,1,42377,0.06,81.53,,0,,,
ap-yXxcAQPhR4WRVkUd4thsUc,2026-10-01T02:13:03+00:00,prefill,0,,0.03,,15.89,0,1,645,23552
ap-yXxcAQPhR4WRVkUd4thsUc,2026-10-01T02:13:04+00:00,decode,1,24215,0.03,1.0,,0,,,
ap-yXxcAQPhR4WRVkUd4thsUc,2026-10-01T02:13:04+00:00,decode,1,24255,0.03,83.93,,0,,,
ap-yXxcAQPhR4WRVkUd4thsUc,2026-10-01T02:13:12+00:00,prefill,0,,0.03,,19.33,0,1,159,24192
ap-yXxcAQPhR4WRVkUd4thsUc,2026-10-01T02:13:12+00:00,decode,1,24379,0.03,5.08,,0,,,
ap-yXxcAQPhR4WRVkUd4thsUc,2026-10-01T02:13:20+00:00,prefill,0,,0.03,,14.48,0,1,116,24320
ap-yXxcAQPhR4WRVkUd4thsUc,2026-10-01T02:13:20+00:00,decode,1,24461,0.03,5.01,,0,,,
ap-yXxcAQPhR4WRVkUd4thsUc,2026-10-01T02:13:27+00:00,prefill,0,,0.03,,18.3,0,1,141,24384
ap-yXxcAQPhR4WRVkUd4thsUc,2026-10-01T02:13:28+00:00,decode,1,24547,0.03,5.22,,0,,,
ap-yXxcAQPhR4WRVkUd4thsUc,2026-10-01T02:13:29+00:00,prefill,0,,0.06,,174.5,0,1,245,42240
ap-yXxcAQPhR4WRVkUd4thsUc,2026-10-01T02:13:29+00:00,decode,1,42504,0.06,29.17,,0,,,
ap-yXxcAQPhR4WRVkUd4thsUc,2026-10-01T02:13:35+00:00,prefill,0,,0.03,,15.73,0,1,102,24512
ap-yXxcAQPhR4WRVkUd4thsUc,2026-10-01T02:13:36+00:00,decode,1,24639,0.03,6.1,,0,,,
ap-yXxcAQPhR4WRVkUd4thsUc,2026-10-01T02:13:37+00:00,prefill,0,,0.06,,42.32,0,1,64,42496
ap-yXxcAQPhR4WRVkUd4thsUc,2026-10-01T02:13:37+00:00,decode,1,42573,0.06,29.34,,0,,,
ap-yXxcAQPhR4WRVkUd4thsUc,2026-10-01T02:13:43+00:00,prefill,0,,0.03,,172.27,0,1,1121,24576
ap-yXxcAQPhR4WRVkUd4thsUc,2026-10-01T02:13:43+00:00,decode,1,25706,0.03,6.19,,0,,,
ap-yXxcAQPhR4WRVkUd4thsUc,2026-10-01T02:13:44+00:00,decode,1,25746,0.03,83.77,,0,,,
ap-yXxcAQPhR4WRVkUd4thsUc,2026-10-01T02:13:45+00:00,prefill,0,,0.06,,66.16,0,1,82,42560
ap-yXxcAQPhR4WRVkUd4thsUc,2026-10-01T02:13:45+00:00,decode,1,42657,0.06,47.98,,0,,,
ap-yXxcAQPhR4WRVkUd4thsUc,2026-10-01T02:13:45+00:00,decode,1,42697,0.06,81.49,,0,,,
ap-yXxcAQPhR4WRVkUd4thsUc,2026-10-01T02:13:46+00:00,decode,1,42737,0.06,81.47,,0,,,
ap-yXxcAQPhR4WRVkUd4thsUc,2026-10-01T02:13:50+00:00,prefill,0,,0.03,,28.01,0,1,163,25664
ap-yXxcAQPhR4WRVkUd4thsUc,2026-10-01T02:13:51+00:00,decode,1,25861,0.03,7.89,,0,,,
ap-yXxcAQPhR4WRVkUd4thsUc,2026-10-01T02:13:58+00:00,prefill,0,,0.03,,23.43,0,1,183,25856
ap-yXxcAQPhR4WRVkUd4thsUc,2026-10-01T02:13:58+00:00,decode,1,26070,0.03,5.15,,0,,,
ap-yXxcAQPhR4WRVkUd4thsUc,2026-10-01T02:14:05+00:00,prefill,0,,0.04,,27.17,0,1,180,25984
ap-yXxcAQPhR4WRVkUd4thsUc,2026-10-01T02:14:05+00:00,decode,1,26192,0.04,6.07,,0,,,
ap-yXxcAQPhR4WRVkUd4thsUc,2026-10-01T02:14:12+00:00,prefill,0,,0.04,,18.91,0,1,141,26112
ap-yXxcAQPhR4WRVkUd4thsUc,2026-10-01T02:14:13+00:00,decode,1,26278,0.04,5.39,,0,,,
ap-yXxcAQPhR4WRVkUd4thsUc,2026-10-01T02:14:19+00:00,prefill,0,,0.04,,33.51,0,1,225,26240
ap-yXxcAQPhR4WRVkUd4thsUc,2026-10-01T02:14:19+00:00,decode,1,26487,0.04,5.98,,0,,,
ap-yXxcAQPhR4WRVkUd4thsUc,2026-10-01T02:14:27+00:00,prefill,0,,0.04,,15.41,0,1,122,26432
ap-yXxcAQPhR4WRVkUd4thsUc,2026-10-01T02:14:27+00:00,decode,1,26573,0.04,5.08,,0,,,
ap-yXxcAQPhR4WRVkUd4thsUc,2026-10-01T02:14:35+00:00,prefill,0,,0.04,,18.48,0,1,147,26496
ap-yXxcAQPhR4WRVkUd4thsUc,2026-10-01T02:14:35+00:00,decode,1,26659,0.04,5.05,,0,,,
ap-yXxcAQPhR4WRVkUd4thsUc,2026-10-01T02:14:42+00:00,prefill,0,,0.04,,15.71,0,1,108,26624
ap-yXxcAQPhR4WRVkUd4thsUc,2026-10-01T02:14:42+00:00,decode,1,26745,0.04,5.85,,0,,,
ap-yXxcAQPhR4WRVkUd4thsUc,2026-10-01T02:14:48+00:00,prefill,0,,0.06,,32.18,0,1,209,42624
ap-yXxcAQPhR4WRVkUd4thsUc,2026-10-01T02:14:48+00:00,decode,1,42843,0.06,6.19,,0,,,
ap-yXxcAQPhR4WRVkUd4thsUc,2026-10-01T02:14:49+00:00,decode,1,42883,0.06,81.15,,0,,,
ap-yXxcAQPhR4WRVkUd4thsUc,2026-10-01T02:14:49+00:00,prefill,0,,0.04,,113.62,0,1,133,26688
ap-yXxcAQPhR4WRVkUd4thsUc,2026-10-01T02:14:50+00:00,decode,1,26854,0.04,42.32,,0,,,
ap-yXxcAQPhR4WRVkUd4thsUc,2026-10-01T02:14:57+00:00,prefill,0,,0.04,,12.08,0,1,94,26816
ap-yXxcAQPhR4WRVkUd4thsUc,2026-10-01T02:14:57+00:00,decode,1,26940,0.04,5.16,,0,,,
ap-yXxcAQPhR4WRVkUd4thsUc,2026-10-01T02:15:04+00:00,prefill,0,,0.04,,36.19,0,1,245,26880
ap-yXxcAQPhR4WRVkUd4thsUc,2026-10-01T02:15:04+00:00,decode,1,27152,0.04,5.94,,0,,,
ap-yXxcAQPhR4WRVkUd4thsUc,2026-10-01T02:15:12+00:00,prefill,0,,0.04,,9.9,0,1,78,27136
ap-yXxcAQPhR4WRVkUd4thsUc,2026-10-01T02:15:12+00:00,decode,1,27238,0.04,5.1,,0,,,
ap-yXxcAQPhR4WRVkUd4thsUc,2026-10-01T02:15:19+00:00,prefill,0,,0.04,,13.37,0,1,103,27200
ap-yXxcAQPhR4WRVkUd4thsUc,2026-10-01T02:15:20+00:00,decode,1,27324,0.04,5.21,,0,,,
ap-yXxcAQPhR4WRVkUd4thsUc,2026-10-01T02:15:26+00:00,prefill,0,,0.04,,18.94,0,1,128,27264
ap-yXxcAQPhR4WRVkUd4thsUc,2026-10-01T02:15:26+00:00,decode,1,27410,0.04,5.95,,0,,,
ap-yXxcAQPhR4WRVkUd4thsUc,2026-10-01T02:15:33+00:00,prefill,0,,0.04,,13.11,0,1,89,27392
ap-yXxcAQPhR4WRVkUd4thsUc,2026-10-01T02:15:33+00:00,decode,1,27496,0.04,5.92,,0,,,
ap-yXxcAQPhR4WRVkUd4thsUc,2026-10-01T02:15:40+00:00,prefill,0,,0.04,,16.74,0,1,114,27456
ap-yXxcAQPhR4WRVkUd4thsUc,2026-10-01T02:15:40+00:00,decode,1,27582,0.04,5.91,,0,,,
ap-yXxcAQPhR4WRVkUd4thsUc,2026-10-01T02:15:48+00:00,prefill,0,,0.04,,17.88,0,1,139,27520
ap-yXxcAQPhR4WRVkUd4thsUc,2026-10-01T02:15:48+00:00,decode,1,27668,0.04,5.17,,0,,,
ap-yXxcAQPhR4WRVkUd4thsUc,2026-10-01T02:15:52+00:00,prefill,0,,0.06,,26.15,0,1,118,42816
ap-yXxcAQPhR4WRVkUd4thsUc,2026-10-01T02:15:52+00:00,decode,1,42940,0.06,8.93,,0,,,
ap-yXxcAQPhR4WRVkUd4thsUc,2026-10-01T02:15:53+00:00,decode,1,42980,0.06,80.71,,0,,,
ap-yXxcAQPhR4WRVkUd4thsUc,2026-10-01T02:15:55+00:00,prefill,0,,0.04,,30.22,0,1,100,27648
ap-yXxcAQPhR4WRVkUd4thsUc,2026-10-01T02:15:56+00:00,decode,1,27785,0.04,12.57,,0,,,
ap-yXxcAQPhR4WRVkUd4thsUc,2026-10-01T02:16:00+00:00,prefill,0,,0.06,,29.85,0,1,147,42880
ap-yXxcAQPhR4WRVkUd4thsUc,2026-10-01T02:16:01+00:00,decode,1,43061,0.06,8.16,,0,,,
ap-yXxcAQPhR4WRVkUd4thsUc,2026-10-01T02:16:02+00:00,prefill,0,,0.04,,138.7,0,1,253,27712
ap-yXxcAQPhR4WRVkUd4thsUc,2026-10-01T02:16:02+00:00,decode,1,27982,0.04,24.97,,0,,,
ap-yXxcAQPhR4WRVkUd4thsUc,2026-10-01T02:16:09+00:00,prefill,0,,0.06,,65.34,0,1,417,43008
ap-yXxcAQPhR4WRVkUd4thsUc,2026-10-01T02:16:09+00:00,decode,1,43439,0.06,6.3,,0,,,
ap-yXxcAQPhR4WRVkUd4thsUc,2026-10-01T02:16:09+00:00,decode,1,43479,0.06,81.41,,0,,,
ap-yXxcAQPhR4WRVkUd4thsUc,2026-10-01T02:16:10+00:00,decode,1,43519,0.06,81.41,,0,,,
ap-yXxcAQPhR4WRVkUd4thsUc,2026-10-01T02:16:10+00:00,prefill,0,,0.04,,125.71,0,1,189,27904
ap-yXxcAQPhR4WRVkUd4thsUc,2026-10-01T02:16:11+00:00,decode,1,28131,0.04,49.88,,0,,,
ap-yXxcAQPhR4WRVkUd4thsUc,2026-10-01T02:16:17+00:00,prefill,0,,0.04,,21.87,0,1,150,28032
ap-yXxcAQPhR4WRVkUd4thsUc,2026-10-01T02:16:17+00:00,prefill,1,,0.09,,243.64,0,1,65,43520
ap-yXxcAQPhR4WRVkUd4thsUc,2026-10-01T02:16:17+00:00,decode,2,70559,0.09,8.01,,0,,,
ap-yXxcAQPhR4WRVkUd4thsUc,2026-10-01T02:16:24+00:00,prefill,0,,0.06,,13.41,0,1,92,43584
ap-yXxcAQPhR4WRVkUd4thsUc,2026-10-01T02:16:24+00:00,decode,1,43690,0.06,7.17,,0,,,
ap-yXxcAQPhR4WRVkUd4thsUc,2026-10-01T02:16:25+00:00,prefill,1,,0.09,,182.65,0,1,111,28160
ap-yXxcAQPhR4WRVkUd4thsUc,2026-10-01T02:16:25+00:00,decode,2,70750,0.09,88.47,,0,,,
ap-yXxcAQPhR4WRVkUd4thsUc,2026-10-01T02:16:31+00:00,prefill,0,,0.04,,20.23,0,1,136,28224
ap-yXxcAQPhR4WRVkUd4thsUc,2026-10-01T02:16:31+00:00,decode,1,28365,0.04,9.12,,0,,,
ap-yXxcAQPhR4WRVkUd4thsUc,2026-10-01T02:16:33+00:00,prefill,0,,0.06,,141.1,0,1,178,43648
ap-yXxcAQPhR4WRVkUd4thsUc,2026-10-01T02:16:33+00:00,decode,1,43828,0.06,32.68,,0,,,
ap-yXxcAQPhR4WRVkUd4thsUc,2026-10-01T02:16:33+00:00,decode,1,43868,0.06,81.35,,0,,,
ap-yXxcAQPhR4WRVkUd4thsUc,2026-10-01T02:16:39+00:00,prefill,0,,0.04,,14.77,0,1,97,28352
ap-yXxcAQPhR4WRVkUd4thsUc,2026-10-01T02:16:39+00:00,decode,1,28459,0.04,6.47,,0,,,
ap-yXxcAQPhR4WRVkUd4thsUc,2026-10-01T02:16:41+00:00,prefill,0,,0.06,,119.04,0,1,187,43776
ap-yXxcAQPhR4WRVkUd4thsUc,2026-10-01T02:16:41+00:00,decode,1,43970,0.06,26.12,,0,,,
ap-yXxcAQPhR4WRVkUd4thsUc,2026-10-01T02:16:41+00:00,decode,1,44010,0.06,81.33,,0,,,
ap-yXxcAQPhR4WRVkUd4thsUc,2026-10-01T02:16:47+00:00,prefill,0,,0.04,,19.94,0,1,122,28416
ap-yXxcAQPhR4WRVkUd4thsUc,2026-10-01T02:16:47+00:00,decode,1,28555,0.04,6.95,,0,,,
ap-yXxcAQPhR4WRVkUd4thsUc,2026-10-01T02:16:49+00:00,prefill,0,,0.06,,19.54,0,1,39,44032
ap-yXxcAQPhR4WRVkUd4thsUc,2026-10-01T02:16:49+00:00,decode,1,44085,0.06,20.38,,0,,,
ap-yXxcAQPhR4WRVkUd4thsUc,2026-10-01T02:16:54+00:00,prefill,0,,0.04,,31.77,0,1,147,28480
ap-yXxcAQPhR4WRVkUd4thsUc,2026-10-01T02:16:54+00:00,decode,1,28631,0.04,8.89,,0,,,
ap-yXxcAQPhR4WRVkUd4thsUc,2026-10-01T02:16:54+00:00,decode,1,0,0.0,82.33,,0,,,
ap-yXxcAQPhR4WRVkUd4thsUc,2026-10-01T02:16:57+00:00,prefill,0,,0.06,,42.0,0,1,134,44032
ap-yXxcAQPhR4WRVkUd4thsUc,2026-10-01T02:16:57+00:00,decode,1,44207,0.06,12.63,,0,,,
ap-yXxcAQPhR4WRVkUd4thsUc,2026-10-01T02:17:01+00:00,prefill,0,,0.04,,23.83,0,1,108,28608
ap-yXxcAQPhR4WRVkUd4thsUc,2026-10-01T02:17:02+00:00,decode,1,28739,0.04,9.3,,0,,,
ap-yXxcAQPhR4WRVkUd4thsUc,2026-10-01T02:17:09+00:00,prefill,0,,0.04,,17.08,0,1,133,28672
ap-yXxcAQPhR4WRVkUd4thsUc,2026-10-01T02:17:09+00:00,decode,1,28825,0.04,5.16,,0,,,
ap-yXxcAQPhR4WRVkUd4thsUc,2026-10-01T02:17:10+00:00,prefill,0,,0.06,,131.53,0,1,93,44160
ap-yXxcAQPhR4WRVkUd4thsUc,2026-10-01T02:17:10+00:00,decode,1,44270,0.06,59.86,,0,,,
ap-yXxcAQPhR4WRVkUd4thsUc,2026-10-01T02:17:16+00:00,prefill,0,,0.04,,15.11,0,1,94,28800
ap-yXxcAQPhR4WRVkUd4thsUc,2026-10-01T02:17:16+00:00,decode,1,28914,0.04,6.39,,0,,,
ap-yXxcAQPhR4WRVkUd4thsUc,2026-10-01T02:17:22+00:00,prefill,0,,0.06,,4.79,0,1,31,44288
ap-yXxcAQPhR4WRVkUd4thsUc,2026-10-01T02:17:23+00:00,decode,1,44336,0.06,6.2,,0,,,
ap-yXxcAQPhR4WRVkUd4thsUc,2026-10-01T02:17:23+00:00,decode,1,44376,0.06,80.97,,0,,,
ap-yXxcAQPhR4WRVkUd4thsUc,2026-10-01T02:17:24+00:00,prefill,0,,0.04,,38.03,0,1,55,28928
ap-yXxcAQPhR4WRVkUd4thsUc,2026-10-01T02:17:24+00:00,decode,1,29018,0.04,34.61,,0,,,
ap-yXxcAQPhR4WRVkUd4thsUc,2026-10-01T02:17:32+00:00,prefill,0,,0.04,,64.16,0,1,542,28928
ap-yXxcAQPhR4WRVkUd4thsUc,2026-10-01T02:17:33+00:00,decode,1,29502,0.04,4.76,,0,,,
ap-yXxcAQPhR4WRVkUd4thsUc,2026-10-01T02:17:36+00:00,prefill,0,,0.06,,39.88,0,1,130,44288
ap-yXxcAQPhR4WRVkUd4thsUc,2026-10-01T02:17:36+00:00,decode,1,44433,0.06,13.05,,0,,,
ap-yXxcAQPhR4WRVkUd4thsUc,2026-10-01T02:17:41+00:00,prefill,0,,0.04,,41.45,0,1,213,29440
ap-yXxcAQPhR4WRVkUd4thsUc,2026-10-01T02:17:41+00:00,decode,1,29666,0.04,7.83,,0,,,
ap-yXxcAQPhR4WRVkUd4thsUc,2026-10-01T02:17:41+00:00,decode,1,29706,0.04,83.18,,0,,,
ap-yXxcAQPhR4WRVkUd4thsUc,2026-10-01T02:17:48+00:00,prefill,0,,0.04,,73.8,0,1,556,29696
ap-yXxcAQPhR4WRVkUd4thsUc,2026-10-01T02:17:48+00:00,prefill,1,,0.1,,472.78,0,1,86,44416
ap-yXxcAQPhR4WRVkUd4thsUc,2026-10-01T02:17:49+00:00,decode,2,73541,0.1,7.68,,0,,,
ap-yXxcAQPhR4WRVkUd4thsUc,2026-10-01T02:17:49+00:00,decode,1,30321,0.04,133.27,,0,,,
ap-yXxcAQPhR4WRVkUd4thsUc,2026-10-01T02:17:57+00:00,prefill,0,,0.04,,66.8,0,1,558,30208
ap-yXxcAQPhR4WRVkUd4thsUc,2026-10-01T02:17:57+00:00,decode,1,30797,0.04,4.99,,0,,,
ap-yXxcAQPhR4WRVkUd4thsUc,2026-10-01T02:17:58+00:00,decode,1,30837,0.04,83.05,,0,,,
ap-yXxcAQPhR4WRVkUd4thsUc,2026-10-01T02:18:01+00:00,prefill,0,,0.06,,23.8,0,1,106,44480
ap-yXxcAQPhR4WRVkUd4thsUc,2026-10-01T02:18:01+00:00,decode,1,44600,0.06,10.62,,0,,,
ap-yXxcAQPhR4WRVkUd4thsUc,2026-10-01T02:18:05+00:00,prefill,0,,0.04,,134.63,0,1,552,30720
ap-yXxcAQPhR4WRVkUd4thsUc,2026-10-01T02:18:05+00:00,decode,1,31277,0.04,10.03,,0,,,
ap-yXxcAQPhR4WRVkUd4thsUc,2026-10-01T02:18:06+00:00,decode,1,31317,0.04,82.84,,0,,,
ap-yXxcAQPhR4WRVkUd4thsUc,2026-10-01T02:18:09+00:00,prefill,0,,0.06,,31.67,0,1,121,44544
ap-yXxcAQPhR4WRVkUd4thsUc,2026-10-01T02:18:09+00:00,decode,1,44667,0.06,12.12,,0,,,
ap-yXxcAQPhR4WRVkUd4thsUc,2026-10-01T02:18:17+00:00,prefill,0,,0.06,,14.15,0,1,107,44608
ap-yXxcAQPhR4WRVkUd4thsUc,2026-10-01T02:18:17+00:00,decode,1,44727,0.06,5.2,,0,,,
ap-yXxcAQPhR4WRVkUd4thsUc,2026-10-01T02:18:17+00:00,decode,1,44767,0.06,81.21,,0,,,
ap-yXxcAQPhR4WRVkUd4thsUc,2026-10-01T02:19:08+00:00,prefill,0,,0.04,,5.35,0,1,275,31232
ap-yXxcAQPhR4WRVkUd4thsUc,2026-10-01T02:19:09+00:00,decode,1,31539,0.04,0.78,,0,,,
ap-yXxcAQPhR4WRVkUd4thsUc,2026-10-01T02:19:09+00:00,decode,1,31579,0.04,82.93,,0,,,
ap-yXxcAQPhR4WRVkUd4thsUc,2026-10-01T02:19:10+00:00,decode,1,31619,0.04,82.93,,0,,,
ap-yXxcAQPhR4WRVkUd4thsUc,2026-10-01T02:19:10+00:00,decode,1,31659,0.04,82.95,,0,,,
ap-yXxcAQPhR4WRVkUd4thsUc,2026-10-01T02:19:10+00:00,decode,1,31699,0.04,82.9,,0,,,
ap-yXxcAQPhR4WRVkUd4thsUc,2026-10-01T02:19:11+00:00,decode,1,31739,0.04,82.92,,0,,,
ap-yXxcAQPhR4WRVkUd4thsUc,2026-10-01T02:19:11+00:00,decode,1,31779,0.04,82.87,,0,,,
ap-yXxcAQPhR4WRVkUd4thsUc,2026-10-01T02:19:12+00:00,decode,1,31819,0.04,82.88,,0,,,
ap-yXxcAQPhR4WRVkUd4thsUc,2026-10-01T02:19:12+00:00,decode,1,31859,0.04,82.93,,0,,,
ap-yXxcAQPhR4WRVkUd4thsUc,2026-10-01T02:19:15+00:00,prefill,0,,0.04,,36.09,0,1,252,31744
ap-yXxcAQPhR4WRVkUd4thsUc,2026-10-01T02:19:15+00:00,decode,1,32002,0.04,14.26,,0,,,
ap-yXxcAQPhR4WRVkUd4thsUc,2026-10-01T02:19:16+00:00,decode,1,32042,0.04,82.04,,0,,,
ap-yXxcAQPhR4WRVkUd4thsUc,2026-10-01T02:19:16+00:00,decode,1,32082,0.04,82.87,,0,,,
ap-yXxcAQPhR4WRVkUd4thsUc,2026-10-01T02:20:19+00:00,prefill,0,,0.04,,5.19,0,1,329,32000
ap-yXxcAQPhR4WRVkUd4thsUc,2026-10-01T02:20:19+00:00,decode,1,32360,0.04,0.64,,0,,,
ap-yXxcAQPhR4WRVkUd4thsUc,2026-10-01T02:20:19+00:00,decode,1,32400,0.04,82.83,,0,,,
ap-yXxcAQPhR4WRVkUd4thsUc,2026-10-01T02:20:20+00:00,decode,1,32440,0.04,82.79,,0,,,
ap-yXxcAQPhR4WRVkUd4thsUc,2026-10-01T02:20:20+00:00,decode,1,32480,0.04,82.81,,0,,,
ap-yXxcAQPhR4WRVkUd4thsUc,2026-10-01T02:20:21+00:00,decode,1,32520,0.04,82.79,,0,,,
ap-yXxcAQPhR4WRVkUd4thsUc,2026-10-01T02:20:21+00:00,decode,1,32560,0.04,82.8,,0,,,
ap-yXxcAQPhR4WRVkUd4thsUc,2026-10-01T02:20:22+00:00,decode,1,32600,0.04,82.88,,0,,,
ap-yXxcAQPhR4WRVkUd4thsUc,2026-10-01T02:20:22+00:00,decode,1,32640,0.04,82.84,,0,,,
ap-yXxcAQPhR4WRVkUd4thsUc,2026-10-01T02:20:30+00:00,prefill,0,,0.04,,28.46,0,1,320,32512
ap-yXxcAQPhR4WRVkUd4thsUc,2026-10-01T02:20:30+00:00,decode,1,32852,0.04,5.18,,0,,,
ap-yXxcAQPhR4WRVkUd4thsUc,2026-10-01T02:20:31+00:00,decode,1,32892,0.04,82.78,,0,,,
ap-yXxcAQPhR4WRVkUd4thsUc,2026-10-01T02:21:34+00:00,prefill,0,,0.04,,3.9,0,1,251,32832
ap-yXxcAQPhR4WRVkUd4thsUc,2026-10-01T02:21:34+00:00,decode,1,33090,0.04,0.63,,0,,,
ap-yXxcAQPhR4WRVkUd4thsUc,2026-10-01T02:21:35+00:00,decode,1,33130,0.04,82.74,,0,,,
ap-yXxcAQPhR4WRVkUd4thsUc,2026-10-01T02:21:42+00:00,prefill,0,,0.04,,48.79,0,1,403,33024
ap-yXxcAQPhR4WRVkUd4thsUc,2026-10-01T02:21:43+00:00,decode,1,33452,0.04,5.0,,0,,,
ap-yXxcAQPhR4WRVkUd4thsUc,2026-10-01T02:21:43+00:00,decode,1,33492,0.04,82.73,,0,,,
ap-yXxcAQPhR4WRVkUd4thsUc,2026-10-01T02:21:44+00:00,decode,1,33532,0.04,82.75,,0,,,
ap-yXxcAQPhR4WRVkUd4thsUc,2026-10-01T02:21:44+00:00,decode,1,33572,0.05,82.67,,0,,,
ap-yXxcAQPhR4WRVkUd4thsUc,2026-10-01T02:21:45+00:00,decode,1,33612,0.05,82.72,,0,,,
ap-yXxcAQPhR4WRVkUd4thsUc,2026-10-01T02:21:45+00:00,decode,1,33652,0.05,82.7,,0,,,
ap-yXxcAQPhR4WRVkUd4thsUc,2026-10-01T02:21:46+00:00,decode,1,33692,0.05,82.74,,0,,,
