task_id,verify,has_fix,fresh_nop,fresh_oracle,fresh_ladder,v3_verify,evidence
format-code-task-000001,unverified:ladder-missing,False,,,,unverified,
format-code-task-000002,unverified:ladder-missing,False,,,,unverified,
format-code-task-000003,unverified:ladder-1.4.0-incomplete,False,,,,pass,nop=0 carried-@4;ladder12/14 carried-1.3.0-clean
format-code-task-000004,unverified:ladder-missing,False,,,,unverified,
format-code-task-000007,unverified:nop-missing,False,,,clean/1.4.0,unverified,ladder1.4.0=clean
format-code-task-000008,unverified:ladder-missing,False,,,,unverified,
format-code-task-000011,unverified:ladder-missing,False,,,,unverified,
format-code-task-000013,unverified:ladder-missing,False,,,,unverified,
format-code-task-000014,unverified:ladder-missing,False,,,,unverified,
format-code-task-000016,unverified:ladder-1.4.0-incomplete,False,,,,pass,nop=0 carried-@4;ladder12/14 carried-1.3.0-clean
format-code-task-000018,unverified:ladder-missing,False,,,,unverified,nop=0 carried-@4
format-code-task-000019,unverified:ladder-missing,False,,,,unverified,nop=0 carried-@4
format-code-task-000020,unverified:ladder-missing,False,,,,unverified,
format-code-task-000022,pass,False,,,clean/1.4.0,unverified,nop=0 carried-@4;ladder1.4.0=clean
format-code-task-000023,unverified:ladder-missing,False,,,,unverified,nop=0 carried-@4
format-code-task-000024,unverified:ladder-missing,False,,,,unverified,
format-code-task-000025,unverified:noexec,True,0-noexec,1-noexec,,unverified,nop@modal=0-noexec;oracle@modal=1-noexec
format-code-task-000026,unverified:ladder-missing,False,,,,unverified,
format-code-task-000027,unverified:ladder-missing,False,,,,unverified,
format-code-task-000028,unverified:ladder-1.4.0-incomplete,False,,,,pass,nop=0 carried-@4;ladder12/14 carried-1.3.0-clean
format-code-task-000029,unverified:ladder-missing,False,,,,unverified,
format-code-task-000030,unverified:nop-missing,True,,1,,unverified,oracle@modal=1
format-code-task-000031,unverified:ladder-1.4.0-incomplete,False,,,,pass,nop=0 carried-@4;ladder12/14 carried-1.3.0-clean
format-code-task-000033,unverified:ladder-missing,False,,,,unverified,
format-code-task-000034,unverified:ladder-missing,False,,,,unverified,
format-code-task-000035,unverified:ladder-missing,False,,,,unverified,
format-code-task-000036,unverified:ladder-missing,False,,,,unverified,
format-code-task-000037,unverified:ladder-missing,False,,,,unverified,
format-code-task-000039,unverified:ladder-missing,False,,,,unverified,
format-code-task-000041,unverified:ladder-1.4.0-incomplete,False,,,,pass,nop=0 carried-@4;ladder12/14 carried-1.3.0-clean
format-code-task-000042,unverified:ladder-1.4.0-incomplete,False,,,,pass,nop=0 carried-@4;ladder12/14 carried-1.3.0-clean
format-code-task-000043,unverified:ladder-missing,False,,,,unverified,nop=0 carried-@4
format-code-task-000044,unverified:ladder-missing,False,,,,unverified,
format-code-task-000045,unverified:probe-pending,True,0,1,,pass,nop@modal=0;oracle@modal=1;ladder12/14 carried-1.3.0-clean
format-code-task-000046,unverified:nop-missing,True,,1,,unverified,oracle@modal=1
format-code-task-000047,unverified:probe-pending,True,0,1,,unverified,nop@modal=0;oracle@modal=1
format-code-task-000048,unverified:g1-go-nonempty-substring,True,0,fail:0,,unverified,nop@modal=0;oracle@modal=fail:0
format-code-task-000049,unverified:ladder-1.4.0-incomplete,False,,,,pass,nop=0 carried-@4;ladder12/14 carried-1.3.0-clean
format-code-task-000050,unverified:ladder-missing,False,,,,unverified,
format-code-task-000051,unverified:ladder-missing,False,,,,unverified,
format-code-task-000052,unverified:ladder-missing,False,,,,unverified,
format-code-task-000053,unverified:ladder-missing,False,,,,unverified,
format-code-task-000054,unverified:ladder-missing,False,,,,unverified,
format-code-task-000055,unverified:probe-pending,True,0,1,,unverified,nop@modal=0;oracle@modal=1
format-code-task-000056,unverified:ladder-missing,False,,,,unverified,
format-code-task-000057,unverified:ladder-missing,False,,,,unverified,
format-code-task-000058,unverified:ladder-missing,False,,,,unverified,
format-code-task-000059,unverified:ladder-missing,False,,,,unverified,
format-code-task-000060,unverified:ladder-missing,False,,,,unverified,
format-code-task-000062,unverified:ladder-missing,False,,,,unverified,
format-code-task-000063,unverified:probe-pending,True,0,1,,pass,nop@modal=0;oracle@modal=1;ladder12/14 carried-1.3.0-clean
format-code-task-000064,unverified:ladder-1.4.0-incomplete,False,,,,unverified,ladder12/14 carried-1.3.0-clean
format-code-task-000065,unverified:probe-pending,True,,1,,pass,nop=0 carried-@4;oracle@modal=1;ladder12/14 carried-1.3.0-clean
format-code-task-000067,unverified:ladder-missing,False,,,,unverified,nop=0 carried-@4
format-code-task-000069,unverified:ladder-missing,False,,,,unverified,
format-code-task-000070,unverified:ladder-missing,False,,,,unverified,
format-code-task-000071,unverified:ladder-missing,False,,,,unverified,
format-code-task-000072,unverified:ladder-missing,False,,,,unverified,
format-code-task-000073,unverified:ladder-missing,False,,,,unverified,
format-code-task-000075,unverified:ladder-missing,False,,,,unverified,
format-code-task-000076,unverified:ladder-1.4.0-incomplete,False,,,,pass,nop=0 carried-@4;ladder12/14 carried-1.3.0-clean
format-code-task-000077,unverified:ladder-1.4.0-incomplete,False,,,,pass,nop=0 carried-@4;ladder12/14 carried-1.3.0-clean
format-code-task-000078,unverified:ladder-missing,False,,,,unverified,
format-code-task-000079,unverified:probe-pending,True,0,1,,unverified,nop@modal=0;oracle@modal=1
format-code-task-000080,unverified:ladder-missing,False,,,,unverified,
format-code-task-000081,unverified:pre-existing-failures,True,0,fail:0,,unverified,nop@modal=0;oracle@modal=fail:0
format-code-task-000082,unverified:ladder-missing,False,,,,unverified,
format-code-task-000083,unverified:g5-collection-error-ftp,True,,fail:0,,unverified,nop=0 carried-@4;oracle@modal=fail:0
format-code-task-000084,unverified:ladder-missing,False,,,,unverified,nop=0 carried-@4
format-code-task-000085,unverified:probe-pending,True,,,,unverified,nop=0 carried-@4;oracle=1 carried-@4;ladder12/14 carried-1.3.0-clean
format-code-task-000087,pass,False,,,clean/1.4.0,unverified,nop=0 carried-@4;ladder1.4.0=clean
format-code-task-000088,unverified:ladder-missing,False,,,,unverified,
format-code-task-000089,unverified:probe-pending,True,,1,,unverified,nop=0 carried-@4;oracle@modal=1
format-code-task-000090,unverified:ladder-missing,False,,,,unverified,nop=0 carried-@4
format-code-task-000091,unverified:ladder-missing,False,,,,unverified,
format-code-task-000092,unverified:ladder-missing,False,,,,unverified,nop=0 carried-@4
format-code-task-000093,unverified:probe-pending,True,,,,fail:open-leak,nop=0 carried-@4;oracle=1 carried-@4;ladder12/14 carried-1.3.0-clean
format-code-task-000094,unverified:ladder-missing,False,,,,unverified,
format-code-task-000095,unverified:nop-missing,True,,1,,unverified,oracle@modal=1
format-code-task-000096,unverified:probe-pending,True,0,1,,unverified,nop@modal=0;oracle@modal=1
format-code-task-000097,unverified:probe-pending,True,0,1,,unverified,nop@modal=0;oracle@modal=1
format-code-task-000098,unverified:ladder-missing,False,,,,unverified,
format-code-task-000100,unverified:ladder-1.4.0-incomplete,False,,,,pass,nop=0 carried-@4;ladder12/14 carried-1.3.0-clean
format-code-task-000101,unverified:ladder-1.4.0-incomplete,False,,,,unverified,
format-code-task-000102,unverified:probe-pending,True,,,,unverified,nop=0 carried-@4;oracle=1 carried-@4
format-code-task-000103,unverified:noexec,True,0-noexec,1,,unverified,nop@modal=0-noexec;oracle@modal=1
format-code-task-000104,unverified:ladder-missing,False,,,,unverified,
format-code-task-000105,unverified:ladder-missing,False,,,,unverified,
format-code-task-000106,unverified:ladder-missing,False,,,,unverified,
format-code-task-000107,unverified:ladder-missing,False,,,,unverified,
format-code-task-000108,unverified:ladder-missing,False,,,,unverified,
format-code-task-000109,unverified:ladder-missing,False,,,,unverified,
format-code-task-000110,unverified:probe-pending,True,,,,unverified,nop=0 carried-@4;oracle=1 carried-@4;ladder12/14 carried-1.3.0-clean
format-code-task-000111,unverified:nop-missing,False,,,clean/1.4.0,unverified,ladder1.4.0=clean
format-code-task-000112,unverified:probe-pending,True,0,1,,pass,nop@modal=0;oracle@modal=1;ladder12/14 carried-1.3.0-clean
format-code-task-000113,unverified:ladder-missing,False,,,,unverified,
format-code-task-000114,unverified:probe-pending,True,,,,unverified,nop=0 carried-@4;oracle=1 carried-@4;ladder12/14 carried-1.3.0-clean
format-code-task-000115,unverified:ladder-missing,False,,,,unverified,nop=0 carried-@4
format-code-task-000116,unverified:probe-pending,True,,1,,unverified,nop=0 carried-@4;oracle@modal=1
format-code-task-000117,unverified:ladder-missing,False,,,,unverified,
format-code-task-000118,unverified:ladder-missing,False,,,,unverified,
format-code-task-000119,unverified:ladder-missing,False,,,,unverified,nop=0 carried-@4
format-code-task-000121,unverified:ladder-missing,False,,,,unverified,
format-code-task-000122,unverified:probe-pending,True,,,,fail:open-leak,nop=0 carried-@4;oracle=1 carried-@4;ladder12/14 carried-1.3.0-clean
format-code-task-000123,unverified:ladder-missing,False,,,,unverified,
format-code-task-000124,unverified:ladder-missing,False,,,,unverified,
format-code-task-000125,unverified:probe-pending,True,0,1,,unverified,nop@modal=0;oracle@modal=1
format-code-task-000126,unverified:ladder-missing,False,,,,unverified,nop=0 carried-@4
format-code-task-000127,unverified:ladder-missing,False,,,,unverified,nop=0 carried-@4
format-code-task-000128,unverified:ladder-missing,False,,,,unverified,
format-code-task-000130,unverified:ladder-missing,False,,,,unverified,
format-code-task-000131,unverified:ladder-missing,False,,,,unverified,
format-code-task-000133,unverified:g2-jest-skipped-shape,True,,fail:0,,pass,nop=0 carried-@4;oracle@modal=fail:0;ladder12/14 carried-1.3.0-clean
format-code-task-000134,unverified:ladder-missing,False,,,,unverified,
format-code-task-000136,unverified:ladder-missing,False,,,,unverified,
format-code-task-000137,unverified:ladder-1.4.0-incomplete,False,,,,pass,nop=0 carried-@4;ladder12/14 carried-1.3.0-clean
format-code-task-000138,unverified:ladder-missing,False,,,,unverified,
format-code-task-000139,unverified:ladder-missing,False,,,,unverified,
format-code-task-000140,unverified:ladder-missing,False,,,,unverified,
format-code-task-000141,unverified:ladder-1.4.0-incomplete,False,,,,pass,nop=0 carried-@4;ladder12/14 carried-1.3.0-clean
format-code-task-000142,unverified:probe-pending,True,,,,unverified,nop=0 carried-@4;oracle=1 carried-@4;ladder12/14 carried-1.3.0-clean
format-code-task-000143,unverified:probe-pending,True,,,,unverified,nop=0 carried-@4;oracle=1 carried-@4;ladder12/14 carried-1.3.0-clean
format-code-task-000144,unverified:probe-pending,True,,,,unverified,nop=0 carried-@4;oracle=1 carried-@4;ladder12/14 carried-1.3.0-clean
format-code-task-000145,unverified:ladder-1.4.0-incomplete,False,,,,pass,nop=0 carried-@4;ladder12/14 carried-1.3.0-clean
format-code-task-000146,unverified:ladder-missing,False,,,,unverified,nop=0 carried-@4
format-code-task-000147,unverified:ladder-missing,False,,,,unverified,nop=0 carried-@4
format-code-task-000148,unverified:noexec,True,,1-noexec,,unverified,nop=0 carried-@4;oracle@modal=1-noexec
format-code-task-000149,unverified:probe-pending,True,,,,unverified,nop=0 carried-@4;oracle=1 carried-@4;ladder12/14 carried-1.3.0-clean
format-code-task-000152,unverified:ladder-missing,False,,,,unverified,nop=0 carried-@4
format-code-task-000153,unverified:ladder-1.4.0-incomplete,False,,,,pass,nop=0 carried-@4;ladder12/14 carried-1.3.0-clean
format-code-task-000154,unverified:ladder-1.4.0-incomplete,False,,,,pass,nop=0 carried-@4;ladder12/14 carried-1.3.0-clean
format-code-task-000155,unverified:ladder-missing,False,,,,unverified,nop=0 carried-@4
format-code-task-000156,unverified:probe-pending,True,,,,unverified,nop=0 carried-@4;oracle=1 carried-@4;ladder12/14 carried-1.3.0-clean
format-code-task-000157,unverified:probe-pending,True,,,,unverified,nop=0 carried-@4;oracle=1 carried-@4;ladder12/14 carried-1.3.0-clean
format-code-task-000158,unverified:probe-pending,True,,,clean/1.4.0,fail:open-leak,nop=0 carried-@4;oracle=1 carried-@4;ladder1.4.0=clean
format-code-task-000159,unverified:probe-pending,True,,,,unverified,nop=0 carried-@4;oracle=1 carried-@4;ladder12/14 carried-1.3.0-clean
format-code-task-000160,unverified:probe-pending,True,,,,unverified,nop=0 carried-@4;oracle=1 carried-@4;ladder12/14 carried-1.3.0-clean
format-code-task-000161,unverified:probe-pending,True,,,,fail:open-leak,nop=0 carried-@4;oracle=1 carried-@4;ladder12/14 carried-1.3.0-clean
format-code-task-000162,unverified:probe-pending,True,0,1,,unverified,nop@modal=0;oracle@modal=1
format-code-task-000163,unverified:probe-pending,True,0,1,clean/1.4.0,unverified,nop@modal=0;oracle@modal=1;ladder1.4.0=clean
format-code-task-000164,unverified:probe-pending,True,,,,unverified,nop=0 carried-@4;oracle=1 carried-@4;ladder12/14 carried-1.3.0-clean
format-code-task-000165,unverified:ladder-missing,False,,,,unverified,
format-code-task-000166,unverified:ladder-missing,False,,,,unverified,
format-code-task-000167,unverified:ladder-missing,False,,,,unverified,
format-code-task-000168,unverified:ladder-missing,False,,,,unverified,
format-code-task-000169,unverified:probe-pending,True,,1,,unverified,nop=0 carried-@4;oracle@modal=1
format-code-task-000170,unverified:probe-pending,True,,1,clean/1.4.0,pass,nop=0 carried-@4;oracle@modal=1;ladder1.4.0=clean
format-code-task-000171,unverified:ladder-missing,False,,,,unverified,nop=0 carried-@4
format-code-task-000172,unverified:ladder-missing,False,,,,unverified,
format-code-task-000173,unverified:ladder-missing,False,,,,unverified,
format-code-task-000174,unverified:ladder-missing,False,,,,unverified,
format-code-task-000175,unverified:ladder-missing,False,,,,unverified,
format-code-task-000176,unverified:ladder-missing,False,,,,unverified,
format-code-task-000177,unverified:ladder-missing,False,,,,unverified,
format-code-task-000178,unverified:ladder-missing,False,,,,unverified,
format-code-task-000179,unverified:ladder-missing,False,,,,unverified,
format-code-task-000181,unverified:ladder-missing,False,,,,unverified,nop=0 carried-@4
format-code-task-000182,unverified:probe-pending,True,0,1,,pass,nop@modal=0;oracle@modal=1;ladder12/14 carried-1.3.0-clean
format-code-task-000183,unverified:ladder-missing,False,,,,unverified,
format-code-task-000185,unverified:ladder-missing,False,,,,unverified,
format-code-task-000186,unverified:ladder-missing,False,,,,unverified,
format-code-task-000187,unverified:ladder-missing,False,,,,unverified,
format-code-task-000188,unverified:ladder-missing,False,,,,unverified,
format-code-task-000189,unverified:ladder-missing,False,,,,unverified,nop=0 carried-@4
format-code-task-000190,unverified:ladder-missing,False,,,,unverified,nop=0 carried-@4
format-code-task-000191,unverified:ladder-missing,False,,,,unverified,nop=0 carried-@4
format-code-task-000192,unverified:ladder-missing,False,,,,unverified,
format-code-task-000193,unverified:ladder-missing,False,,,,unverified,
format-code-task-000194,unverified:ladder-missing,False,,,,unverified,
format-code-task-000195,unverified:ladder-1.4.0-incomplete,False,,,,pass,nop=0 carried-@4;ladder12/14 carried-1.3.0-clean
format-code-task-000197,unverified:ladder-missing,False,,,,unverified,
format-code-task-000198,unverified:ladder-1.4.0-incomplete,False,,,,pass,nop=0 carried-@4;ladder12/14 carried-1.3.0-clean
format-code-task-000199,unverified:probe-pending,True,,,,fail:open-leak,nop=0 carried-@4;oracle=1 carried-@4;ladder12/14 carried-1.3.0-clean
format-code-task-000200,unverified:probe-pending,True,0,1,,unverified,nop@modal=0;oracle@modal=1;ladder12/14 carried-1.3.0-clean
format-code-task-000201,unverified:g5-collection-error-ftp,True,,fail:0,,pass,nop=0 carried-@4;oracle@modal=fail:0;ladder12/14 carried-1.3.0-clean
format-code-task-000202,unverified:ladder-1.4.0-incomplete,False,,,,pass,nop=0 carried-@4;ladder12/14 carried-1.3.0-clean
format-code-task-000203,unverified:probe-pending,True,0,1,,unverified,nop@modal=0;oracle@modal=1;ladder12/14 carried-1.3.0-clean
format-code-task-000204,unverified:ladder-1.4.0-incomplete,False,,,,pass,nop=0 carried-@4;ladder12/14 carried-1.3.0-clean
format-code-task-000205,unverified:ladder-missing,False,,,,unverified,
format-code-task-000208,unverified:probe-pending,True,0,1,clean/1.4.0,unverified,nop@modal=0;oracle@modal=1;ladder1.4.0=clean
format-code-task-000209,unverified:ladder-1.4.0-incomplete,False,,,,pass,nop=0 carried-@4;ladder12/14 carried-1.3.0-clean
format-code-task-000210,unverified:ladder-missing,False,,,,unverified,
format-code-task-000211,unverified:ladder-missing,False,,,,unverified,
format-code-task-000212,unverified:probe-pending,True,,,,unverified,nop=0 carried-@4;oracle=1 carried-@4;ladder12/14 carried-1.3.0-clean
format-code-task-000213,unverified:ladder-1.4.0-incomplete,False,,,,pass,nop=0 carried-@4;ladder12/14 carried-1.3.0-clean
format-code-task-000214,unverified:ladder-missing,False,,,,unverified,
format-code-task-000215,unverified:probe-pending,True,,,clean/1.4.0,unverified,nop=0 carried-@4;oracle=1 carried-@4;ladder1.4.0=clean
format-code-task-000216,unverified:ladder-missing,False,,,,unverified,
format-code-task-000217,unverified:ladder-missing,False,,,,unverified,
format-code-task-000218,unverified:ladder-missing,False,,,,unverified,
format-code-task-000219,unverified:probe-pending,True,,,,fail:open-leak,nop=0 carried-@4;oracle=1 carried-@4;ladder12/14 carried-1.3.0-clean
format-code-task-000220,unverified:ladder-1.4.0-incomplete,False,,,,pass,nop=0 carried-@4;ladder12/14 carried-1.3.0-clean
format-code-task-000221,unverified:probe-pending,True,0,1,,pass,nop@modal=0;oracle@modal=1;ladder12/14 carried-1.3.0-clean
format-code-task-000222,unverified:ladder-1.4.0-incomplete,False,,,,pass,nop=0 carried-@4;ladder12/14 carried-1.3.0-clean
format-code-task-000223,pass,False,,,clean/1.4.0,pass,nop=0 carried-@4;ladder1.4.0=clean
format-code-task-000224,unverified:probe-pending,True,,1,,pass,nop=0 carried-@4;oracle@modal=1;ladder12/14 carried-1.3.0-clean
format-code-task-000225,unverified:ladder-1.4.0-incomplete,False,,,,pass,nop=0 carried-@4;ladder12/14 carried-1.3.0-clean
format-code-task-000226,unverified:ladder-1.4.0-incomplete,False,,,,pass,nop=0 carried-@4;ladder12/14 carried-1.3.0-clean
format-code-task-000227,unverified:probe-pending,True,,,,unverified,nop=0 carried-@4;oracle=1 carried-@4;ladder12/14 carried-1.3.0-clean
format-code-task-000228,unverified:ladder-1.4.0-incomplete,False,,,,pass,nop=0 carried-@4;ladder12/14 carried-1.3.0-clean
format-code-task-000229,unverified:ladder-1.4.0-incomplete,False,,,,pass,nop=0 carried-@4;ladder12/14 carried-1.3.0-clean
format-code-task-000230,unverified:ladder-1.4.0-incomplete,False,,,,pass,nop=0 carried-@4;ladder12/14 carried-1.3.0-clean
format-code-task-000232,unverified:probe-pending,True,,,,fail:open-leak,nop=0 carried-@4;oracle=1 carried-@4;ladder12/14 carried-1.3.0-clean
format-code-task-000233,unverified:probe-pending,True,,1,,unverified,nop=0 carried-@4;oracle@modal=1
format-code-task-000234,unverified:ladder-1.4.0-incomplete,False,,,,pass,nop=0 carried-@4;ladder12/14 carried-1.3.0-clean
format-code-task-000235,unverified:ladder-1.4.0-incomplete,False,,,,pass,nop=0 carried-@4;ladder12/14 carried-1.3.0-clean
format-code-task-000236,unverified:ladder-missing,False,,,,unverified,
format-code-task-000237,unverified:noexec,True,,1-noexec,,unverified,oracle@modal=1-noexec;ladder12/14 carried-1.3.0-clean
format-code-task-000238,unverified:ladder-missing,False,,,,unverified,
format-code-task-000239,unverified:ladder-1.4.0-incomplete,False,,,,pass,nop=0 carried-@4;ladder12/14 carried-1.3.0-clean
format-code-task-000240,unverified:ladder-missing,False,,,,unverified,
format-code-task-000241,unverified:probe-pending,True,0,1,,pass,nop@modal=0;oracle@modal=1;ladder12/14 carried-1.3.0-clean
format-code-task-000242,unverified:probe-pending,True,,,,unverified,nop=0 carried-@4;oracle=1 carried-@4;ladder12/14 carried-1.3.0-clean
format-code-task-000243,unverified:ladder-missing,False,,,,unverified,
format-code-task-000244,unverified:ladder-missing,False,,,,unverified,
format-code-task-000245,unverified:nop-missing,True,,1,,unverified,oracle@modal=1
format-code-task-000246,unverified:ladder-missing,False,,,,unverified,
format-code-task-000247,unverified:ladder-missing,False,,,,unverified,
format-code-task-000248,unverified:g3-go-direct-binary,True,0,fail:0,,unverified,nop@modal=0;oracle@modal=fail:0
format-code-task-000249,unverified:ladder-missing,False,,,,unverified,
format-code-task-000250,unverified:ladder-missing,False,,,,unverified,
format-code-task-000252,unverified:ladder-missing,False,,,,unverified,
format-code-task-000253,unverified:ladder-1.4.0-incomplete,False,,,,unverified,ladder12/14 carried-1.3.0-clean
format-code-task-000254,unverified:ladder-missing,False,,,,unverified,
format-code-task-000255,unverified:probe-pending,True,,,,fail:open-leak,nop=0 carried-@4;oracle=1 carried-@4;ladder12/14 carried-1.3.0-clean
format-code-task-000256,unverified:noexec,True,0-noexec,1-noexec,,pass,nop@modal=0-noexec;oracle@modal=1-noexec;ladder12/14 carried-1.3.0-clean
format-code-task-000257,unverified:noexec,True,,1-noexec,,pass,nop=0 carried-@4;oracle@modal=1-noexec;ladder12/14 carried-1.3.0-clean
format-code-task-000258,unverified:noexec,True,0-noexec,1,,unverified,nop@modal=0-noexec;oracle@modal=1
format-code-task-000259,unverified:noexec,True,,1-noexec,,unverified,oracle@modal=1-noexec
format-code-task-000262,unverified:ladder-missing,False,,,,unverified,
format-code-task-000263,unverified:ladder-1.4.0-incomplete,False,,,,pass,nop=0 carried-@4;ladder12/14 carried-1.3.0-clean
format-code-task-000264,unverified:ladder-1.4.0-incomplete,False,,,,pass,nop=0 carried-@4;ladder12/14 carried-1.3.0-clean
format-code-task-000265,unverified:ladder-missing,False,,,,unverified,
format-code-task-000267,unverified:ladder-missing,False,,,,unverified,
format-code-task-000268,unverified:ladder-missing,False,,,,unverified,
format-code-task-000269,unverified:ladder-1.4.0-incomplete,False,,,,pass,nop=0 carried-@4;ladder12/14 carried-1.3.0-clean
format-code-task-000270,unverified:ladder-missing,False,,,,unverified,
format-code-task-000271,unverified:nop-missing,True,,1,,unverified,oracle@modal=1
format-code-task-000272,unverified:ladder-1.4.0-incomplete,False,,,,pass,nop=0 carried-@4;ladder12/14 carried-1.3.0-clean
format-code-task-000273,unverified:ladder-1.4.0-incomplete,False,,,,pass,nop=0 carried-@4;ladder12/14 carried-1.3.0-clean
format-code-task-000275,unverified:ladder-1.4.0-incomplete,False,,,,pass,nop=0 carried-@4;ladder12/14 carried-1.3.0-clean
format-code-task-000276,unverified:probe-pending,True,0,1,,unverified,nop@modal=0;oracle@modal=1
format-code-task-000277,unverified:ladder-1.4.0-incomplete,False,,,,unverified,ladder12/14 carried-1.3.0-clean
format-code-task-000278,unverified:ladder-missing,False,,,,unverified,
format-code-task-000279,unverified:ladder-1.4.0-incomplete,False,,,,unverified,ladder12/14 carried-1.3.0-clean
format-code-task-000280,unverified:ladder-missing,False,,,,unverified,
format-code-task-000281,unverified:ladder-1.4.0-incomplete,False,,,,unverified,ladder12/14 carried-1.3.0-clean
format-code-task-000283,unverified:ladder-missing,False,,,,unverified,
format-code-task-000284,unverified:nop-missing,True,,1,,unverified,oracle@modal=1
format-code-task-000285,unverified:ladder-1.4.0-incomplete,False,,,,pass,nop=0 carried-@4;ladder12/14 carried-1.3.0-clean
format-code-task-000286,unverified:noexec,True,0-noexec,1,,unverified,nop@modal=0-noexec;oracle@modal=1
format-code-task-000287,unverified:noexec,True,0-noexec,1,,unverified,nop@modal=0-noexec;oracle@modal=1
format-code-task-000290,unverified:ladder-missing,False,,,,unverified,
format-code-task-000291,unverified:ladder-missing,False,,,,unverified,
format-code-task-000292,unverified:noexec,True,0-noexec,1,,unverified,nop@modal=0-noexec;oracle@modal=1
format-code-task-000293,unverified:ladder-missing,False,,,,unverified,
format-code-task-000294,unverified:ladder-1.4.0-incomplete,False,,,,unverified,ladder12/14 carried-1.3.0-clean
format-code-task-000295,unverified:ladder-1.4.0-incomplete,False,,,,unverified,ladder12/14 carried-1.3.0-clean
format-code-task-000296,unverified:probe-pending,True,0,1,,pass,nop@modal=0;oracle@modal=1;ladder12/14 carried-1.3.0-clean
format-code-task-000297,unverified:probe-pending,True,,,,unverified,nop=0 carried-@4;oracle=1 carried-@4;ladder12/14 carried-1.3.0-clean
format-code-task-000298,unverified:ladder-1.4.0-incomplete,False,,,,pass,nop=0 carried-@4;ladder12/14 carried-1.3.0-clean
format-code-task-000300,unverified:noexec,True,0-noexec,1,,unverified,nop@modal=0-noexec;oracle@modal=1;ladder12/14 carried-1.3.0-clean
format-code-task-000301,unverified:noexec,True,0-noexec,1,,unverified,nop@modal=0-noexec;oracle@modal=1
format-code-task-000302,unverified:probe-pending,True,,,,unverified,nop=0 carried-@4;oracle=1 carried-@4;ladder12/14 carried-1.3.0-clean
format-code-task-000303,unverified:ladder-missing,False,,,,unverified,
format-code-task-000305,unverified:ladder-missing,False,,,,unverified,
format-code-task-000306,unverified:ladder-missing,False,,,,unverified,nop=0 carried-@4
format-code-task-000308,unverified:ladder-missing,False,,,,unverified,
format-code-task-000309,unverified:ladder-missing,False,,,,unverified,
format-code-task-000310,unverified:ladder-1.4.0-incomplete,False,,,,pass,nop=0 carried-@4;ladder12/14 carried-1.3.0-clean
format-code-task-000311,unverified:probe-pending,True,,,clean/1.4.0,unverified,nop=0 carried-@4;oracle=1 carried-@4;ladder1.4.0=clean
format-code-task-000312,unverified:probe-pending,True,,1,,pass,nop=0 carried-@4;oracle@modal=1;ladder12/14 carried-1.3.0-clean
format-code-task-000313,unverified:probe-pending,True,,,,unverified,nop=0 carried-@4;oracle=1 carried-@4;ladder12/14 carried-1.3.0-clean
format-code-task-000315,unverified:ladder-1.4.0-incomplete,False,,,,pass,nop=0 carried-@4;ladder12/14 carried-1.3.0-clean
format-code-task-000316,unverified:ladder-missing,False,,,,unverified,
format-code-task-000317,unverified:ladder-missing,False,,,,unverified,
format-code-task-000318,unverified:cells-missing,True,,,,fail:open-leak,ladder12/14 carried-1.3.0-clean
format-code-task-000319,unverified:probe-pending,True,0,1,,unverified,nop@modal=0;oracle@modal=1
format-code-task-000320,unverified:ladder-1.4.0-incomplete,False,,,,pass,nop=0 carried-@4;ladder12/14 carried-1.3.0-clean
format-code-task-000322,unverified:probe-pending,True,,,,fail:open-leak,nop=0 carried-@4;oracle=1 carried-@4;ladder12/14 carried-1.3.0-clean
format-code-task-000323,unverified:ladder-missing,False,,,,unverified,
format-code-task-000324,unverified:probe-pending,True,,,,unverified,nop=0 carried-@4;oracle=1 carried-@4;ladder12/14 carried-1.3.0-clean
format-code-task-000325,unverified:ladder-1.4.0-incomplete,False,,,,pass,nop=0 carried-@4;ladder12/14 carried-1.3.0-clean
format-code-task-000326,unverified:ladder-1.4.0-incomplete,False,,,,pass,nop=0 carried-@4;ladder12/14 carried-1.3.0-clean
format-code-task-000327,unverified:ladder-1.4.0-incomplete,False,,,,pass,nop=0 carried-@4;ladder12/14 carried-1.3.0-clean
format-code-task-000328,unverified:ladder-1.4.0-incomplete,False,,,,pass,nop=0 carried-@4;ladder12/14 carried-1.3.0-clean
format-code-task-000329,unverified:ladder-1.4.0-incomplete,False,,,,pass,nop=0 carried-@4;ladder12/14 carried-1.3.0-clean
format-code-task-000330,unverified:ladder-1.4.0-incomplete,False,,,,pass,nop=0 carried-@4;ladder12/14 carried-1.3.0-clean
format-code-task-000331,unverified:ladder-missing,False,,,,unverified,
format-code-task-000332,unverified:ladder-1.4.0-incomplete,False,,,,pass,nop=0 carried-@4;ladder12/14 carried-1.3.0-clean
format-code-task-000333,unverified:ladder-1.4.0-incomplete,False,,,,pass,nop=0 carried-@4;ladder12/14 carried-1.3.0-clean
format-code-task-000334,unverified:ladder-1.4.0-incomplete,False,,,,pass,nop=0 carried-@4;ladder12/14 carried-1.3.0-clean
format-code-task-000335,unverified:ladder-missing,False,,,,unverified,
format-code-task-000336,unverified:probe-pending,True,,,,unverified,nop=0 carried-@4;oracle=1 carried-@4;ladder12/14 carried-1.3.0-clean
format-code-task-000337,unverified:ladder-1.4.0-incomplete,False,,,,pass,nop=0 carried-@4;ladder12/14 carried-1.3.0-clean
format-code-task-000338,unverified:probe-pending,True,,1,clean/1.4.0,pass,nop=0 carried-@4;oracle@modal=1;ladder1.4.0=clean
format-code-task-000339,unverified:ladder-1.4.0-incomplete,False,,,,pass,nop=0 carried-@4;ladder12/14 carried-1.3.0-clean
format-code-task-000340,unverified:ladder-missing,False,,,,unverified,
format-code-task-000341,unverified:probe-pending,True,,,,fail:open-leak,nop=0 carried-@4;oracle=1 carried-@4;ladder12/14 carried-1.3.0-clean
format-code-task-000342,unverified:ladder-missing,False,,,,unverified,
format-code-task-000343,unverified:probe-pending,True,,,,unverified,nop=0 carried-@4;oracle=1 carried-@4;ladder12/14 carried-1.3.0-clean
format-code-task-000345,unverified:ladder-missing,False,,,,unverified,
format-code-task-000346,unverified:noexec,True,0-noexec,1,,unverified,nop@modal=0-noexec;oracle@modal=1
format-code-task-000347,unverified:ladder-missing,False,,,,unverified,
format-code-task-000348,unverified:ladder-missing,False,,,,unverified,
format-code-task-000349,unverified:ladder-1.4.0-incomplete,False,,,,unverified,ladder12/14 carried-1.3.0-clean
format-code-task-000350,unverified:ladder-missing,False,,,,unverified,
format-code-task-000352,unverified:cells-missing,True,,,,unverified,ladder12/14 carried-1.3.0-clean
format-code-task-000354,unverified:noexec,True,,1-noexec,,unverified,oracle@modal=1-noexec;ladder12/14 carried-1.3.0-clean
format-code-task-000357,unverified:ladder-missing,False,,,,unverified,
format-code-task-000359,unverified:ladder-missing,False,,,,unverified,
format-code-task-000360,unverified:ladder-1.4.0-incomplete,False,,,,pass,nop=0 carried-@4;ladder12/14 carried-1.3.0-clean
format-code-task-000361,unverified:ladder-missing,False,,,,unverified,
format-code-task-000362,unverified:nop-missing,False,,,clean/1.4.0,unverified,ladder1.4.0=clean
format-code-task-000363,unverified:probe-pending,True,,,,unverified,nop=0 carried-@4;oracle=1 carried-@4;ladder12/14 carried-1.3.0-clean
format-code-task-000364,unverified:ladder-1.4.0-incomplete,False,,,,pass,nop=0 carried-@4;ladder12/14 carried-1.3.0-clean
format-code-task-000365,unverified:ladder-1.4.0-incomplete,False,,,,pass,nop=0 carried-@4;ladder12/14 carried-1.3.0-clean
format-code-task-000366,unverified:ladder-1.4.0-incomplete,False,,,,pass,nop=0 carried-@4;ladder12/14 carried-1.3.0-clean
format-code-task-000367,unverified:noexec,True,0-noexec,1,,unverified,nop@modal=0-noexec;oracle@modal=1
format-code-task-000368,unverified:noexec,True,0-noexec,1,,unverified,nop@modal=0-noexec;oracle@modal=1
format-code-task-000369,unverified:ladder-missing,False,,,,unverified,
format-code-task-000370,unverified:probe-pending,True,,,,unverified,nop=0 carried-@4;oracle=1 carried-@4;ladder12/14 carried-1.3.0-clean
format-code-task-000371,unverified:probe-pending,True,,,,unverified,nop=0 carried-@4;oracle=1 carried-@4;ladder12/14 carried-1.3.0-clean
format-code-task-000372,unverified:ladder-1.4.0-incomplete,False,,,,pass,nop=0 carried-@4;ladder12/14 carried-1.3.0-clean
format-code-task-000373,unverified:ladder-1.4.0-incomplete,False,,,,unverified,ladder12/14 carried-1.3.0-clean
format-code-task-000377,unverified:probe-pending,True,,,,unverified,nop=0 carried-@4;oracle=1 carried-@4;ladder12/14 carried-1.3.0-clean
format-code-task-000379,unverified:probe-pending,True,,1,,pass,nop=0 carried-@4;oracle@modal=1;ladder12/14 carried-1.3.0-clean
format-code-task-000380,unverified:ladder-missing,False,,,,unverified,
format-code-task-000381,unverified:ladder-missing,False,,,,unverified,
format-code-task-000382,unverified:ladder-missing,False,,,,unverified,
format-code-task-000383,unverified:ladder-1.4.0-incomplete,False,,,,pass,nop=0 carried-@4;ladder12/14 carried-1.3.0-clean
format-code-task-000384,unverified:probe-pending,True,0,1,,unverified,nop@modal=0;oracle@modal=1
format-code-task-000385,unverified:probe-pending,True,0,1,,unverified,nop@modal=0;oracle@modal=1
format-code-task-000386,unverified:nop-missing,True,,1,clean/1.4.0,unverified,oracle@modal=1;ladder1.4.0=clean
format-code-task-000388,unverified:ladder-missing,False,,,,unverified,
format-code-task-000389,unverified:probe-pending,True,,,,unverified,nop=0 carried-@4;oracle=1 carried-@4;ladder12/14 carried-1.3.0-clean
format-code-task-000390,unverified:probe-pending,True,,,,fail:open-leak,nop=0 carried-@4;oracle=1 carried-@4;ladder12/14 carried-1.3.0-clean
format-code-task-000391,unverified:ladder-missing,False,,,,unverified,
format-code-task-000392,unverified:ladder-1.4.0-incomplete,False,,,,pass,nop=0 carried-@4;ladder12/14 carried-1.3.0-clean
format-code-task-000393,unverified:ladder-missing,False,,,,unverified,
format-code-task-000394,unverified:ladder-missing,False,,,,unverified,
format-code-task-000395,unverified:ladder-missing,False,,,,unverified,
format-code-task-000396,unverified:ladder-missing,False,,,,unverified,
format-code-task-000398,unverified:probe-pending,True,0,1,,unverified,nop@modal=0;oracle@modal=1
format-code-task-000399,unverified:ladder-missing,False,,,,unverified,
format-code-task-000400,unverified:ladder-missing,False,,,,unverified,
format-code-task-000401,unverified:ladder-1.4.0-incomplete,False,,,,unverified,ladder12/14 carried-1.3.0-clean
format-code-task-000402,unverified:cells-missing,True,,,,unverified,ladder12/14 carried-1.3.0-clean
format-code-task-000403,unverified:ladder-1.4.0-incomplete,False,,,,pass,nop=0 carried-@4;ladder12/14 carried-1.3.0-clean
format-code-task-000404,unverified:ladder-1.4.0-incomplete,False,,,,pass,nop=0 carried-@4;ladder12/14 carried-1.3.0-clean
format-code-task-000405,unverified:ladder-1.4.0-incomplete,False,,,,pass,nop=0 carried-@4;ladder12/14 carried-1.3.0-clean
format-code-task-000406,unverified:ladder-1.4.0-incomplete,False,,,,pass,nop=0 carried-@4;ladder12/14 carried-1.3.0-clean
format-code-task-000407,unverified:ladder-1.4.0-incomplete,False,,,,pass,nop=0 carried-@4;ladder12/14 carried-1.3.0-clean
format-code-task-000408,unverified:ladder-1.4.0-incomplete,False,,,,pass,nop=0 carried-@4;ladder12/14 carried-1.3.0-clean
format-code-task-000409,unverified:ladder-1.4.0-incomplete,False,,,,pass,nop=0 carried-@4;ladder12/14 carried-1.3.0-clean
format-code-task-000410,unverified:ladder-1.4.0-incomplete,False,,,,pass,nop=0 carried-@4;ladder12/14 carried-1.3.0-clean
format-code-task-000411,unverified:ladder-1.4.0-incomplete,False,,,,pass,nop=0 carried-@4;ladder12/14 carried-1.3.0-clean
format-code-task-000412,unverified:ladder-1.4.0-incomplete,False,,,,pass,nop=0 carried-@4;ladder12/14 carried-1.3.0-clean
format-code-task-000413,unverified:ladder-1.4.0-incomplete,False,,,,pass,nop=0 carried-@4;ladder12/14 carried-1.3.0-clean
format-code-task-000414,unverified:probe-pending,True,,1,clean/1.4.0,pass,nop=0 carried-@4;oracle@modal=1;ladder1.4.0=clean
format-code-task-000415,unverified:probe-pending,True,0,1,,pass,nop@modal=0;oracle@modal=1;ladder12/14 carried-1.3.0-clean
format-code-task-000416,unverified:ladder-1.4.0-incomplete,False,,,,pass,nop=0 carried-@4;ladder12/14 carried-1.3.0-clean
format-code-task-000417,unverified:ladder-1.4.0-incomplete,False,,,,pass,nop=0 carried-@4;ladder12/14 carried-1.3.0-clean
format-code-task-000418,unverified:ladder-missing,False,,,,unverified,nop=0 carried-@4
format-code-task-000419,unverified:ladder-missing,False,,,,unverified,
format-code-task-000420,unverified:probe-pending,True,,1,,pass,nop=0 carried-@4;oracle@modal=1;ladder12/14 carried-1.3.0-clean
format-code-task-000421,unverified:ladder-1.4.0-incomplete,False,,,,pass,nop=0 carried-@4;ladder12/14 carried-1.3.0-clean
format-code-task-000422,unverified:ladder-1.4.0-incomplete,False,,,,pass,nop=0 carried-@4;ladder12/14 carried-1.3.0-clean
format-code-task-000426,unverified:ladder-missing,False,,,,unverified,
format-code-task-000427,unverified:probe-pending,True,0,1,,unverified,nop@modal=0;oracle@modal=1
format-code-task-000428,unverified:ladder-missing,False,,,,unverified,
format-code-task-000430,unverified:ladder-missing,False,,,,unverified,
format-code-task-000431,unverified:probe-pending,True,0,1,,unverified,nop@modal=0;oracle@modal=1
format-code-task-000433,unverified:ladder-missing,False,,,,unverified,
format-code-task-000434,unverified:ladder-missing,False,,,,unverified,
format-code-task-000435,unverified:probe-pending,True,,1,,pass,nop=0 carried-@4;oracle@modal=1;ladder12/14 carried-1.3.0-clean
format-code-task-000436,unverified:ladder-missing,False,,,,unverified,
format-code-task-000437,unverified:ladder-missing,False,,,,unverified,
format-code-task-000438,unverified:ladder-missing,False,,,,unverified,nop=0 carried-@4
format-code-task-000439,unverified:ladder-missing,False,,,,unverified,
format-code-task-000440,unverified:probe-pending,True,0,1,,unverified,nop@modal=0;oracle@modal=1
format-code-task-000441,unverified:ladder-missing,False,,,,unverified,
format-code-task-000442,unverified:noexec,True,0-noexec,1,,unverified,nop@modal=0-noexec;oracle@modal=1
format-code-task-000444,unverified:ladder-missing,False,,,,unverified,
format-code-task-000445,unverified:probe-pending,True,0,1,,unverified,nop@modal=0;oracle@modal=1
format-code-task-000448,unverified:ladder-missing,False,,,,unverified,
format-code-task-000449,unverified:ladder-missing,False,,,,unverified,
format-code-task-000450,unverified:ladder-missing,False,,,,unverified,nop=0 carried-@4
format-code-task-000451,unverified:ladder-missing,False,,,,unverified,
format-code-task-000452,unverified:ladder-missing,False,,,,unverified,
format-code-task-000453,unverified:ladder-missing,False,,,,unverified,
format-code-task-000454,unverified:ladder-missing,False,,,,unverified,
format-code-task-000455,unverified:ladder-missing,False,,,,unverified,
format-code-task-000456,unverified:ladder-missing,False,,,,unverified,
format-code-task-000457,unverified:ladder-missing,False,,,,unverified,
format-code-task-000458,unverified:probe-pending,True,0,1,,unverified,nop@modal=0;oracle@modal=1
format-code-task-000459,unverified:ladder-1.4.0-incomplete,False,,,,unverified,ladder12/14 carried-1.3.0-clean
format-code-task-000460,unverified:nop-missing,True,,1,,unverified,oracle@modal=1
format-code-task-000461,unverified:ladder-1.4.0-incomplete,False,,,,unverified,ladder12/14 carried-1.3.0-clean
format-code-task-000462,unverified:ladder-1.4.0-incomplete,False,,,,unverified,ladder12/14 carried-1.3.0-clean
format-code-task-000463,unverified:ladder-missing,False,,,,unverified,
format-code-task-000464,unverified:ladder-missing,False,,,,unverified,
format-code-task-000466,unverified:probe-pending,True,,,,fail:open-leak,nop=0 carried-@4;oracle=1 carried-@4;ladder12/14 carried-1.3.0-clean
format-code-task-000467,unverified:probe-pending,True,,1,,unverified,nop=0 carried-@4;oracle@modal=1
format-code-task-000468,unverified:ladder-missing,False,,,,unverified,
format-code-task-000469,unverified:ladder-missing,False,,,,unverified,
format-code-task-000471,unverified:probe-pending,True,,,,fail:open-leak,nop=0 carried-@4;oracle=1 carried-@4;ladder12/14 carried-1.3.0-clean
format-code-task-000472,pass,False,,,clean/1.4.0,unverified,nop=0 carried-@4;ladder1.4.0=clean
format-code-task-000474,unverified:ladder-missing,False,,,,unverified,nop=0 carried-@4
format-code-task-000475,unverified:ladder-missing,False,,,,unverified,
format-code-task-000476,unverified:ladder-missing,False,,,,unverified,
format-code-task-000477,unverified:probe-pending,True,0,1,,unverified,nop@modal=0;oracle@modal=1
format-code-task-000478,unverified:ladder-1.4.0-incomplete,False,,,,unverified,ladder12/14 carried-1.3.0-clean
format-code-task-000479,unverified:ladder-missing,False,,,,unverified,
format-code-task-000480,unverified:ladder-missing,False,,,,unverified,
format-code-task-000481,unverified:ladder-1.4.0-incomplete,False,,,,unverified,ladder12/14 carried-1.3.0-clean
format-code-task-000482,unverified:ladder-missing,False,,,,unverified,
format-code-task-000483,unverified:ladder-missing,False,,,,unverified,
format-code-task-000484,unverified:noexec,True,,1-noexec,,unverified,nop=0 carried-@4;oracle@modal=1-noexec
format-code-task-000485,unverified:ladder-missing,False,,,,unverified,
format-code-task-000486,unverified:ladder-missing,False,,,,unverified,
format-code-task-000487,unverified:ladder-missing,False,,,,unverified,
format-code-task-000488,unverified:ladder-missing,False,,,,unverified,nop=0 carried-@4
format-code-task-000489,unverified:ladder-missing,False,,,,unverified,nop=0 carried-@4
format-code-task-000490,unverified:probe-pending,True,,1,,pass,nop=0 carried-@4;oracle@modal=1;ladder12/14 carried-1.3.0-clean
format-code-task-000491,unverified:ladder-missing,False,,,,unverified,
format-code-task-000492,unverified:ladder-missing,False,,,,unverified,nop=0 carried-@4
format-code-task-000493,unverified:ladder-missing,False,,,,unverified,
format-code-task-000494,unverified:ladder-1.4.0-incomplete,False,,,,pass,nop=0 carried-@4;ladder12/14 carried-1.3.0-clean
format-code-task-000495,unverified:ladder-missing,False,,,,unverified,nop=0 carried-@4
format-code-task-000496,unverified:ladder-1.4.0-incomplete,False,,,,pass,nop=0 carried-@4;ladder12/14 carried-1.3.0-clean
format-code-task-000497,unverified:probe-pending,True,,,,fail:open-leak,nop=0 carried-@4;oracle=1 carried-@4;ladder12/14 carried-1.3.0-clean
format-code-task-000498,unverified:probe-pending,True,,1,,pass,nop=0 carried-@4;oracle@modal=1;ladder12/14 carried-1.3.0-clean
format-code-task-000499,unverified:ladder-missing,False,,,,unverified,
format-code-task-000500,unverified:ladder-missing,False,,,,unverified,
format-code-task-000501,unverified:ladder-missing,False,,,,unverified,
format-code-task-000502,unverified:ladder-missing,False,,,,unverified,
format-code-task-000504,unverified:ladder-missing,False,,,,unverified,
format-code-task-000505,unverified:probe-pending,True,0,1,,pass,nop@modal=0;oracle@modal=1;ladder12/14 carried-1.3.0-clean
format-code-task-000506,unverified:ladder-missing,False,,,,unverified,
format-code-task-000507,unverified:ladder-missing,False,,,,unverified,
format-code-task-000508,unverified:ladder-missing,False,,,,unverified,
format-code-task-000509,unverified:ladder-missing,False,,,,unverified,
format-code-task-000510,unverified:noexec,True,,1-noexec,,unverified,oracle@modal=1-noexec
format-code-task-000511,unverified:g7-multiphase-baseline,True,,fail:0,,unverified,nop=0 carried-@4;oracle@modal=fail:0
format-code-task-000512,unverified:ladder-1.4.0-incomplete,False,,,,pass,nop=0 carried-@4;ladder12/14 carried-1.3.0-clean
format-code-task-000513,unverified:probe-pending,True,,,,unverified,nop=0 carried-@4;oracle=1 carried-@4;ladder12/14 carried-1.3.0-clean
format-code-task-000514,unverified:ladder-missing,False,,,,unverified,
format-code-task-000515,unverified:ladder-missing,False,,,,unverified,
format-code-task-000516,unverified:noexec,True,0-noexec,1-noexec,,unverified,nop@modal=0-noexec;oracle@modal=1-noexec
format-code-task-000517,unverified:ladder-missing,False,,,,unverified,nop=0 carried-@4
format-code-task-000519,unverified:nop-missing,False,,,clean/1.4.0,unverified,ladder1.4.0=clean
format-code-task-000520,unverified:ladder-missing,False,,,,unverified,nop=0 carried-@4
format-code-task-000521,unverified:ladder-missing,False,,,,unverified,
format-code-task-000522,unverified:ladder-missing,False,,,,unverified,
format-code-task-000523,unverified:probe-pending,True,,,,unverified,nop=0 carried-@4;oracle=1 carried-@4;ladder12/14 carried-1.3.0-clean
format-code-task-000524,unverified:probe-pending,True,0,1,,unverified,nop@modal=0;oracle@modal=1
format-code-task-000525,unverified:probe-pending,True,,,,unverified,nop=0 carried-@4;oracle=1 carried-@4;ladder12/14 carried-1.3.0-clean
format-code-task-000526,unverified:ladder-missing,False,,,,unverified,nop=0 carried-@4
format-code-task-000527,unverified:ladder-missing,False,,,,unverified,
format-code-task-000528,unverified:nop-missing,True,,1,,unverified,oracle@modal=1
format-code-task-000529,unverified:noexec,True,,1-noexec,,pass,nop=0 carried-@4;oracle@modal=1-noexec;ladder12/14 carried-1.3.0-clean
format-code-task-000530,unverified:ladder-missing,False,,,,unverified,nop=0 carried-@4
format-code-task-000531,unverified:ladder-1.4.0-incomplete,False,,,,pass,nop=0 carried-@4;ladder12/14 carried-1.3.0-clean
format-code-task-000532,unverified:ladder-missing,False,,,,unverified,
format-code-task-000533,unverified:ladder-missing,False,,,,unverified,
format-code-task-000534,unverified:ladder-missing,False,,,,unverified,
format-code-task-000535,unverified:ladder-missing,False,,,,unverified,
format-code-task-000537,unverified:ladder-missing,False,,,,unverified,
format-code-task-000538,unverified:ladder-missing,False,,,,unverified,
format-code-task-000539,unverified:ladder-missing,False,,,,unverified,
format-code-task-000540,unverified:ladder-missing,False,,,,unverified,nop=0 carried-@4
format-code-task-000541,unverified:ladder-missing,False,,,,unverified,nop=0 carried-@4
format-code-task-000542,unverified:ladder-missing,False,,,,unverified,nop=0 carried-@4
format-code-task-000543,unverified:ladder-missing,False,,,,unverified,nop=0 carried-@4
format-code-task-000544,unverified:ladder-missing,False,,,,unverified,nop=0 carried-@4
format-code-task-000545,unverified:probe-pending,True,,,,fail:open-leak,nop=0 carried-@4;oracle=1 carried-@4;ladder12/14 carried-1.3.0-clean
format-code-task-000546,unverified:ladder-missing,False,,,,unverified,
format-code-task-000547,unverified:ladder-missing,False,,,,unverified,
format-code-task-000549,unverified:ladder-missing,False,,,,unverified,
format-code-task-000550,unverified:nop-missing,False,,,clean/1.4.0,unverified,ladder1.4.0=clean
format-code-task-000551,unverified:ladder-missing,False,,,,unverified,
format-code-task-000552,unverified:ladder-missing,False,,,,unverified,
format-code-task-000553,unverified:ladder-missing,False,,,,unverified,
format-code-task-000554,unverified:ladder-missing,False,,,,unverified,
format-code-task-000555,unverified:ladder-missing,False,,,,unverified,
format-code-task-000556,unverified:ladder-missing,False,,,,unverified,
format-code-task-000557,unverified:ladder-missing,False,,,,unverified,nop=0 carried-@4
format-code-task-000558,unverified:probe-pending,True,,,,unverified,nop=0 carried-@4;oracle=1 carried-@4;ladder12/14 carried-1.3.0-clean
format-code-task-000559,unverified:ladder-missing,False,,,,unverified,
format-code-task-000560,unverified:probe-pending,True,,1,,unverified,nop=0 carried-@4;oracle@modal=1
format-code-task-000561,unverified:probe-pending,True,,,,fail:open-leak,nop=0 carried-@4;oracle=1 carried-@4;ladder12/14 carried-1.3.0-clean
format-code-task-000562,unverified:ladder-missing,False,,,,unverified,
format-code-task-000563,unverified:ladder-missing,False,,,,unverified,
format-code-task-000564,unverified:ladder-missing,False,,,,unverified,
format-code-task-000566,unverified:probe-pending,True,,,,fail:open-leak,nop=0 carried-@4;oracle=1 carried-@4;ladder12/14 carried-1.3.0-clean
format-code-task-000567,unverified:ladder-missing,False,,,,unverified,
format-code-task-000568,unverified:ladder-1.4.0-incomplete,False,,,,unverified,ladder12/14 carried-1.3.0-clean
format-code-task-000569,unverified:ladder-missing,False,,,,unverified,
format-code-task-000570,unverified:ladder-missing,False,,,,unverified,
format-code-task-000571,unverified:ladder-missing,False,,,,unverified,nop=0 carried-@4
format-code-task-000573,unverified:ladder-1.4.0-incomplete,False,,,,pass,nop=0 carried-@4;ladder12/14 carried-1.3.0-clean
format-code-task-000574,unverified:ladder-missing,False,,,,unverified,
format-code-task-000575,unverified:ladder-missing,False,,,,unverified,
format-code-task-000576,unverified:ladder-1.4.0-incomplete,False,,,,pass,nop=0 carried-@4;ladder12/14 carried-1.3.0-clean
format-code-task-000577,unverified:ladder-missing,False,,,,unverified,
format-code-task-000578,unverified:ladder-missing,False,,,,unverified,
format-code-task-000579,unverified:ladder-missing,False,,,,unverified,
format-code-task-000580,unverified:ladder-missing,False,,,,unverified,nop=0 carried-@4
format-code-task-000581,unverified:noexec,True,,1-noexec,,unverified,oracle@modal=1-noexec
format-code-task-000582,unverified:noexec,True,,1-noexec,,unverified,nop=0 carried-@4;oracle@modal=1-noexec
format-code-task-000583,unverified:timeout,True,,,,unverified,
format-code-task-000584,unverified:ladder-missing,False,,,,unverified,
format-code-task-000585,unverified:g8-baseline-unreliable,True,,fail:0,,pass,nop=0 carried-@4;oracle@modal=fail:0;ladder12/14 carried-1.3.0-clean
format-code-task-000586,unverified:ladder-missing,False,,,,unverified,
format-code-task-000587,unverified:probe-pending,True,,1,,unverified,nop=0 carried-@4;oracle@modal=1
format-code-task-000588,unverified:ladder-missing,False,,,,unverified,
format-code-task-000589,unverified:ladder-1.4.0-incomplete,False,,,,unverified,ladder12/14 carried-1.3.0-clean
format-code-task-000590,unverified:ladder-missing,False,,,,unverified,
format-code-task-000591,unverified:ladder-missing,False,,,,unverified,
format-code-task-000592,unverified:probe-pending,True,,1,,unverified,nop=0 carried-@4;oracle@modal=1
format-code-task-000593,unverified:noexec,True,,1-noexec,,unverified,oracle@modal=1-noexec
format-code-task-000595,unverified:nop-missing,True,,1,,unverified,oracle@modal=1
format-code-task-000596,unverified:ladder-missing,False,,,,unverified,
format-code-task-000598,unverified:ladder-missing,False,,,,unverified,
format-code-task-000599,unverified:ladder-missing,False,,,,unverified,
format-code-task-000600,unverified:ladder-missing,False,,,,unverified,
format-code-task-000601,unverified:ladder-missing,False,,,,unverified,
format-code-task-000602,unverified:ladder-missing,False,,,,unverified,
format-code-task-000603,unverified:nop-missing,True,,1,,unverified,oracle@modal=1
format-code-task-000604,unverified:ladder-missing,False,,,,unverified,
format-code-task-000605,unverified:ladder-missing,False,,,,unverified,
format-code-task-000606,unverified:ladder-missing,False,,,,unverified,
format-code-task-000607,unverified:ladder-missing,False,,,,unverified,
format-code-task-000609,unverified:probe-pending,True,,1,,unverified,nop=0 carried-@4;oracle@modal=1
format-code-task-000610,unverified:ladder-missing,False,,,,unverified,
format-code-task-000611,unverified:nop-missing,True,,1,,unverified,oracle@modal=1
format-code-task-000613,unverified:ladder-missing,False,,,,unverified,
format-code-task-000614,unverified:ladder-missing,False,,,,unverified,
format-code-task-000616,unverified:ladder-missing,False,,,,unverified,
format-code-task-000617,unverified:probe-pending,True,,1,,unverified,nop=0 carried-@4;oracle@modal=1
format-code-task-000619,unverified:ladder-missing,False,,,,unverified,
format-code-task-000620,unverified:ladder-missing,False,,,,unverified,
format-code-task-000621,unverified:ladder-missing,False,,,,unverified,
format-code-task-000622,unverified:ladder-missing,False,,,,unverified,
format-code-task-000624,unverified:ladder-missing,False,,,,unverified,nop=0 carried-@4
format-code-task-000625,unverified:ladder-missing,False,,,,unverified,nop=0 carried-@4
format-code-task-000626,unverified:ladder-missing,False,,,,unverified,
format-code-task-000627,unverified:noexec,True,0-noexec,1-noexec,,unverified,nop@modal=0-noexec;oracle@modal=1-noexec
format-code-task-000628,unverified:nop-missing,True,,1,,unverified,oracle@modal=1
format-code-task-000629,unverified:ladder-missing,False,,,,unverified,
format-code-task-000630,unverified:ladder-missing,False,,,,unverified,
format-code-task-000631,unverified:ladder-missing,False,,,,unverified,
format-code-task-000632,unverified:g2-jest-skipped-shape,True,,fail:0,clean/1.4.0,unverified,oracle@modal=fail:0;ladder1.4.0=clean
format-code-task-000633,unverified:probe-pending,True,,1,,unverified,nop=0 carried-@4;oracle@modal=1
format-code-task-000634,unverified:ladder-1.4.0-incomplete,False,,,,pass,nop=0 carried-@4;ladder12/14 carried-1.3.0-clean
format-code-task-000635,unverified:ladder-missing,False,,,,unverified,nop=0 carried-@4
format-code-task-000636,unverified:probe-pending,True,,,,fail:open-leak,nop=0 carried-@4;oracle=1 carried-@4;ladder12/14 carried-1.3.0-clean
format-code-task-000638,unverified:ladder-missing,False,,,,unverified,
format-code-task-000639,unverified:ladder-missing,False,,,,unverified,
format-code-task-000640,unverified:ladder-missing,False,,,,unverified,
format-code-task-000641,unverified:ladder-missing,False,,,,unverified,
format-code-task-000642,unverified:ladder-missing,False,,,,unverified,
format-code-task-000643,unverified:ladder-missing,False,,,,unverified,
format-code-task-000644,unverified:probe-pending,True,,,,unverified,nop=0 carried-@4;oracle=1 carried-@4;ladder12/14 carried-1.3.0-clean
format-code-task-000645,unverified:ladder-1.4.0-incomplete,False,,,,unverified,ladder12/14 carried-1.3.0-clean
format-code-task-000646,unverified:ladder-missing,False,,,,unverified,
format-code-task-000647,unverified:ladder-missing,False,,,,unverified,
format-code-task-000651,unverified:probe-pending,True,,1,,unverified,nop=0 carried-@4;oracle@modal=1
format-code-task-000652,unverified:ladder-1.4.0-incomplete,False,,,,pass,nop=0 carried-@4;ladder12/14 carried-1.3.0-clean
format-code-task-000654,unverified:ladder-missing,False,,,,unverified,nop=0 carried-@4
format-code-task-000655,unverified:ladder-missing,False,,,,unverified,nop=0 carried-@4
format-code-task-000656,unverified:probe-pending,True,0,1,,unverified,nop@modal=0;oracle@modal=1
format-code-task-000657,unverified:probe-pending,True,,1,,pass,nop=0 carried-@4;oracle@modal=1;ladder12/14 carried-1.3.0-clean
format-code-task-000658,unverified:ladder-missing,False,,,,unverified,
format-code-task-000659,unverified:ladder-missing,False,,,,unverified,
format-code-task-000663,unverified:probe-pending,True,,1,,pass,nop=0 carried-@4;oracle@modal=1;ladder12/14 carried-1.3.0-clean
format-code-task-000664,unverified:ladder-missing,False,,,,unverified,
format-code-task-000665,unverified:nop-missing,False,,,clean/1.4.0,unverified,ladder1.4.0=clean
format-code-task-000666,unverified:probe-pending,True,,,,unverified,nop=0 carried-@4;oracle=1 carried-@4;ladder12/14 carried-1.3.0-clean
format-code-task-000667,unverified:ladder-missing,False,,,,unverified,
format-code-task-000668,unverified:nop-missing,False,,,clean/1.4.0,unverified,ladder1.4.0=clean
format-code-task-000669,unverified:ladder-missing,False,,,,unverified,
format-code-task-000670,unverified:probe-pending,True,,,,unverified,nop=0 carried-@4;oracle=1 carried-@4;ladder12/14 carried-1.3.0-clean
format-code-task-000672,unverified:ladder-missing,False,,,,unverified,
format-code-task-000673,unverified:ladder-missing,False,,,,unverified,
format-code-task-000675,unverified:ladder-missing,False,,,,unverified,
format-code-task-000676,unverified:ladder-missing,False,,,,unverified,
format-code-task-000677,unverified:ladder-missing,False,,,,unverified,
format-code-task-000678,unverified:ladder-missing,False,,,,unverified,
format-code-task-000679,unverified:ladder-missing,False,,,,unverified,
format-code-task-000680,unverified:ladder-missing,False,,,,unverified,nop=0 carried-@4
format-code-task-000681,unverified:ladder-missing,False,,,,unverified,
format-code-task-000682,unverified:probe-pending,True,,,,unverified,nop=0 carried-@4;oracle=1 carried-@4;ladder12/14 carried-1.3.0-clean
format-code-task-000683,unverified:probe-pending,True,,,,unverified,nop=0 carried-@4;oracle=1 carried-@4;ladder12/14 carried-1.3.0-clean
format-code-task-000684,unverified:ladder-missing,False,,,,unverified,nop=0 carried-@4
format-code-task-000685,unverified:ladder-missing,False,,,,unverified,
format-code-task-000686,unverified:ladder-missing,False,,,,unverified,
format-code-task-000691,unverified:ladder-missing,False,,,,unverified,
format-code-task-000692,unverified:ladder-missing,False,,,,unverified,
format-code-task-000693,unverified:ladder-missing,False,,,,unverified,
format-code-task-000694,unverified:ladder-missing,False,,,,unverified,
format-code-task-000695,unverified:ladder-missing,False,,,,unverified,
format-code-task-000696,unverified:ladder-missing,False,,,,unverified,
format-code-task-000697,unverified:ladder-missing,False,,,,unverified,
format-code-task-000698,unverified:ladder-1.4.0-incomplete,False,,,,unverified,ladder12/14 carried-1.3.0-clean
format-code-task-000699,unverified:noexec,True,0-noexec,1,,unverified,nop@modal=0-noexec;oracle@modal=1
format-code-task-000700,unverified:g5-collection-error-ftp,True,0-noexec,fail:0,,pass,nop@modal=0-noexec;oracle@modal=fail:0;ladder12/14 carried-1.3.0-clean
format-code-task-000701,unverified:ladder-missing,False,,,,unverified,
format-code-task-000702,unverified:ladder-missing,False,,,,unverified,nop=0 carried-@4
format-code-task-000703,env-broken,True,0-noexec,fail:0,,pass,nop@modal=0-noexec;oracle@modal=fail:0;ladder12/14 carried-1.3.0-clean
format-code-task-000705,unverified:noexec,True,0-noexec,1-noexec,,unverified,nop@modal=0-noexec;oracle@modal=1-noexec;ladder12/14 carried-1.3.0-clean
format-code-task-000706,unverified:ladder-missing,False,,,,unverified,nop=0 carried-@4
format-code-task-000707,unverified:ladder-missing,False,,,,unverified,
format-code-task-000708,unverified:ladder-missing,False,,,,unverified,
format-code-task-000710,unverified:ladder-missing,False,,,,unverified,
format-code-task-000712,unverified:ladder-missing,False,,,,unverified,
format-code-task-000714,unverified:ladder-missing,False,,,,unverified,
format-code-task-000715,unverified:ladder-missing,False,,,,unverified,
format-code-task-000716,unverified:ladder-missing,False,,,,unverified,
format-code-task-000717,unverified:ladder-missing,False,,,,unverified,nop=0 carried-@4
format-code-task-000718,unverified:ladder-missing,False,,,,unverified,
format-code-task-000719,unverified:ladder-missing,False,,,,unverified,
format-code-task-000720,unverified:ladder-missing,False,,,,unverified,
format-code-task-000721,unverified:ladder-missing,False,,,,unverified,
format-code-task-000722,unverified:ladder-1.4.0-incomplete,False,,,,unverified,ladder12/14 carried-1.3.0-clean
format-code-task-000723,unverified:ladder-missing,False,,,,unverified,
format-code-task-000724,unverified:ladder-missing,False,,,,unverified,
format-code-task-000725,unverified:ladder-missing,False,,,,unverified,nop=0 carried-@4
format-code-task-000726,unverified:probe-pending,True,,,,unverified,nop=0 carried-@4;oracle=1 carried-@4;ladder12/14 carried-1.3.0-clean
format-code-task-000727,unverified:ladder-missing,False,,,,unverified,
format-code-task-000728,unverified:probe-pending,True,,1,,unverified,nop=0 carried-@4;oracle@modal=1
format-code-task-000729,unverified:ladder-missing,False,,,,unverified,
format-code-task-000730,unverified:ladder-missing,False,,,,unverified,
format-code-task-000732,unverified:probe-pending,True,,1,,unverified,nop=0 carried-@4;oracle@modal=1
format-code-task-000733,unverified:probe-pending,True,0,1,,unverified,nop@modal=0;oracle@modal=1
format-code-task-000734,unverified:probe-pending,True,,1,,pass,nop=0 carried-@4;oracle@modal=1;ladder12/14 carried-1.3.0-clean
format-code-task-000735,unverified:ladder-missing,False,,,,unverified,nop=0 carried-@4
format-code-task-000736,unverified:ladder-missing,False,,,,unverified,
format-code-task-000737,unverified:probe-pending,True,,,,fail:open-leak,nop=0 carried-@4;oracle=1 carried-@4;ladder12/14 carried-1.3.0-clean
format-code-task-000738,unverified:ladder-missing,False,,,,unverified,
format-code-task-000739,unverified:ladder-missing,False,,,,unverified,
format-code-task-000740,unverified:ladder-missing,False,,,,unverified,
format-code-task-000741,unverified:ladder-missing,False,,,,unverified,
format-code-task-000742,unverified:ladder-missing,False,,,,unverified,nop=0 carried-@4
format-code-task-000743,unverified:ladder-missing,False,,,,unverified,
format-code-task-000744,unverified:ladder-missing,False,,,,unverified,
format-code-task-000745,pass,False,,,clean/1.4.0,pass,nop=0 carried-@4;ladder1.4.0=clean
format-code-task-000746,unverified:ladder-missing,False,,,,unverified,nop=0 carried-@4
format-code-task-000747,unverified:ladder-1.4.0-incomplete,False,,,,pass,nop=0 carried-@4;ladder12/14 carried-1.3.0-clean
format-code-task-000748,unverified:ladder-missing,False,,,,unverified,
format-code-task-000749,unverified:ladder-missing,False,,,,unverified,
format-code-task-000750,unverified:probe-pending,True,,,,unverified,nop=0 carried-@4;oracle=1 carried-@4
format-code-task-000751,unverified:ladder-missing,False,,,,unverified,
format-code-task-000752,unverified:ladder-missing,False,,,,unverified,
format-code-task-000753,unverified:ladder-missing,False,,,,unverified,nop=0 carried-@4
format-code-task-000754,unverified:ladder-missing,False,,,,unverified,
format-code-task-000755,unverified:ladder-missing,False,,,,unverified,nop=0 carried-@4
format-code-task-000756,unverified:probe-pending,True,0,1,,unverified,nop@modal=0;oracle@modal=1
format-code-task-000757,unverified:ladder-missing,False,,,,unverified,
format-code-task-000758,unverified:ladder-missing,False,,,,unverified,
format-code-task-000761,unverified:ladder-missing,False,,,,unverified,
format-code-task-000762,unverified:ladder-missing,False,,,,unverified,
format-code-task-000764,unverified:ladder-missing,False,,,,unverified,
format-code-task-000766,unverified:ladder-missing,False,,,,unverified,
format-code-task-000767,unverified:probe-pending,True,,1,,unverified,nop=0 carried-@4;oracle@modal=1
format-code-task-000768,unverified:ladder-missing,False,,,,unverified,nop=0 carried-@4
format-code-task-000769,unverified:probe-pending,True,0,1,,unverified,nop@modal=0;oracle@modal=1
format-code-task-000771,unverified:ladder-missing,False,,,,unverified,nop=0 carried-@4
format-code-task-000772,unverified:ladder-missing,False,,,,unverified,
format-code-task-000773,unverified:ladder-missing,False,,,,unverified,nop=0 carried-@4
format-code-task-000775,unverified:ladder-missing,False,,,,unverified,
format-code-task-000776,unverified:nop-missing,True,,1,,unverified,oracle@modal=1
format-code-task-000777,unverified:ladder-missing,False,,,,unverified,
format-code-task-000778,unverified:ladder-missing,False,,,,unverified,
format-code-task-000779,unverified:ladder-missing,False,,,,unverified,
format-code-task-000780,unverified:ladder-missing,False,,,,unverified,
format-code-task-000781,unverified:ladder-missing,False,,,,unverified,
format-code-task-000783,unverified:g5-collection-error-ftp,True,0-noexec,fail:0,,unverified,nop@modal=0-noexec;oracle@modal=fail:0
format-code-task-000784,unverified:probe-pending,True,,1,,unverified,nop=0 carried-@4;oracle@modal=1
format-code-task-000785,unverified:ladder-missing,False,,,,unverified,nop=0 carried-@4
format-code-task-000786,unverified:ladder-missing,False,,,,unverified,nop=0 carried-@4
format-code-task-000787,unverified:probe-pending,True,,1,,unverified,nop=0 carried-@4;oracle@modal=1
format-code-task-000788,unverified:probe-pending,True,0,1,,unverified,nop@modal=0;oracle@modal=1
format-code-task-000790,unverified:ladder-missing,False,,,,unverified,
format-code-task-000791,unverified:ladder-missing,False,,,,unverified,
format-code-task-000792,unverified:ladder-missing,False,,,,unverified,
format-code-task-000794,unverified:noexec,True,0-noexec,1,,unverified,nop@modal=0-noexec;oracle@modal=1
format-code-task-000795,unverified:probe-pending,True,,,,unverified,nop=0 carried-@4;oracle=1 carried-@4
format-code-task-000796,unverified:nop-missing,True,,1,,unverified,oracle@modal=1
format-code-task-000797,unverified:ladder-missing,False,,,,unverified,
format-code-task-000798,unverified:ladder-missing,False,,,,unverified,
format-code-task-000799,unverified:ladder-missing,False,,,,unverified,
format-code-task-000800,unverified:ladder-missing,False,,,,unverified,
format-code-task-000802,unverified:ladder-missing,False,,,,unverified,nop=0 carried-@4
format-code-task-000803,unverified:probe-pending,True,,,,unverified,nop=0 carried-@4;oracle=1 carried-@4
format-code-task-000804,unverified:nop-missing,False,,,clean/1.4.0,unverified,ladder1.4.0=clean
format-code-task-000805,unverified:ladder-missing,False,,,,unverified,
format-code-task-000807,unverified:ladder-missing,False,,,,unverified,
format-code-task-000809,unverified:probe-pending,True,,1,,unverified,nop=0 carried-@4;oracle@modal=1
format-code-task-000810,unverified:noexec,True,,1-noexec,,unverified,oracle@modal=1-noexec
format-code-task-000812,unverified:probe-pending,True,,,,unverified,nop=0 carried-@4;oracle=1 carried-@4
format-code-task-000813,unverified:ladder-missing,False,,,,unverified,nop=0 carried-@4
format-code-task-000814,unverified:ladder-missing,False,,,,unverified,nop=0 carried-@4
format-code-task-000815,unverified:ladder-missing,False,,,,unverified,
format-code-task-000816,unverified:ladder-missing,False,,,,unverified,
format-code-task-000817,unverified:ladder-missing,False,,,,unverified,
format-code-task-000818,unverified:oracle-missing,True,,,,unverified,nop=0 carried-@4;ladder12/14 carried-1.3.0-clean
format-code-task-000819,unverified:ladder-missing,False,,,,unverified,
format-code-task-000820,unverified:ladder-missing,False,,,,unverified,
format-code-task-000821,unverified:cells-missing,True,,,,unverified,ladder12/14 carried-1.3.0-clean
format-code-task-000822,unverified:ladder-missing,False,,,,unverified,
format-code-task-000823,unverified:ladder-missing,False,,,,unverified,
format-code-task-000824,unverified:ladder-missing,False,,,,unverified,
format-code-task-000825,unverified:ladder-missing,False,,,,unverified,
format-code-task-000827,unverified:ladder-1.4.0-incomplete,False,,,,pass,nop=0 carried-@4;ladder12/14 carried-1.3.0-clean
format-code-task-000828,unverified:g4-vitest-ansi,True,0,fail:0,,unverified,nop@modal=0;oracle@modal=fail:0
format-code-task-000829,unverified:ladder-missing,False,,,,unverified,
format-code-task-000830,unverified:ladder-missing,False,,,,unverified,
format-code-task-000831,unverified:ladder-missing,False,,,,unverified,
format-code-task-000832,unverified:probe-pending,True,,,,fail:open-leak,nop=0 carried-@4;oracle=1 carried-@4;ladder12/14 carried-1.3.0-clean
format-code-task-000833,unverified:ladder-missing,False,,,,unverified,
format-code-task-000834,unverified:ladder-1.4.0-incomplete,False,,,,pass,nop=0 carried-@4;ladder12/14 carried-1.3.0-clean
format-code-task-000835,unverified:ladder-missing,False,,,,unverified,
format-code-task-000836,unverified:ladder-missing,False,,,,unverified,
format-code-task-000837,unverified:ladder-1.4.0-incomplete,False,,,,unverified,ladder12/14 carried-1.3.0-clean
format-code-task-000838,unverified:probe-pending,True,,,,unverified,nop=0 carried-@4;oracle=1 carried-@4;ladder12/14 carried-1.3.0-clean
format-code-task-000839,unverified:ladder-missing,False,,,,unverified,
format-code-task-000840,unverified:ladder-missing,False,,,,unverified,
format-code-task-000841,unverified:nop-missing,True,,1,,unverified,oracle@modal=1
format-code-task-000842,unverified:ladder-1.4.0-incomplete,False,,,,pass,nop=0 carried-@4;ladder12/14 carried-1.3.0-clean
format-code-task-000843,unverified:ladder-missing,False,,,,unverified,
format-code-task-000844,unverified:probe-pending,True,,,,unverified,nop=0 carried-@4;oracle=1 carried-@4;ladder12/14 carried-1.3.0-clean
format-code-task-000846,unverified:nop-missing,True,,1,,unverified,oracle@modal=1
format-code-task-000847,unverified:probe-pending,True,,1,,pass,nop=0 carried-@4;oracle@modal=1;ladder12/14 carried-1.3.0-clean
format-code-task-000850,unverified:ladder-missing,False,,,,unverified,
format-code-task-000851,unverified:probe-pending,True,0,1,,unverified,nop@modal=0;oracle@modal=1
format-code-task-000852,unverified:ladder-missing,False,,,,unverified,
format-code-task-000853,unverified:ladder-missing,False,,,,unverified,
format-code-task-000854,unverified:ladder-missing,False,,,,unverified,
format-code-task-000855,unverified:ladder-missing,False,,,,unverified,
format-code-task-000856,unverified:ladder-missing,False,,,,unverified,
format-code-task-000857,unverified:ladder-missing,False,,,,unverified,
format-code-task-000858,unverified:ladder-missing,False,,,,unverified,
format-code-task-000859,unverified:ladder-missing,False,,,,unverified,
format-code-task-000860,unverified:ladder-missing,False,,,,unverified,
format-code-task-000861,unverified:ladder-missing,False,,,,unverified,
format-code-task-000862,unverified:ladder-missing,False,,,,unverified,
format-code-task-000863,unverified:ladder-missing,False,,,,unverified,
format-code-task-000864,unverified:ladder-missing,False,,,,unverified,
format-code-task-000865,unverified:probe-pending,True,,,,unverified,nop=0 carried-@4;oracle=1 carried-@4;ladder12/14 carried-1.3.0-clean
format-code-task-000866,unverified:probe-pending,True,,,,unverified,nop=0 carried-@4;oracle=1 carried-@4;ladder12/14 carried-1.3.0-clean
format-code-task-000867,unverified:g2-jest-skipped-shape,True,,fail:0,,unverified,oracle@modal=fail:0
format-code-task-000868,unverified:ladder-missing,False,,,,unverified,
format-code-task-000870,unverified:ladder-missing,False,,,,unverified,
format-code-task-000871,unverified:ladder-missing,False,,,,unverified,
format-code-task-000872,unverified:nop-missing,True,,1,,unverified,oracle@modal=1
format-code-task-000873,unverified:ladder-missing,False,,,,unverified,
format-code-task-000874,unverified:probe-pending,True,0,1,,unverified,nop@modal=0;oracle@modal=1
format-code-task-000875,unverified:probe-pending,True,0,1,,unverified,nop@modal=0;oracle@modal=1
format-code-task-000876,unverified:nop-missing,True,,1,,unverified,oracle@modal=1
format-code-task-000877,unverified:ladder-missing,False,,,,unverified,
format-code-task-000878,unverified:nop-missing,True,,1,,unverified,oracle@modal=1
format-code-task-000879,unverified:nop-missing,True,,1,clean/1.4.0,unverified,oracle@modal=1;ladder1.4.0=clean
format-code-task-000880,unverified:ladder-1.4.0-incomplete,False,,,,unverified,ladder12/14 carried-1.3.0-clean
format-code-task-000881,unverified:ladder-missing,False,,,,unverified,
format-code-task-000882,unverified:nop-missing,True,,1,,unverified,oracle@modal=1
format-code-task-000883,unverified:ladder-missing,False,,,,unverified,
format-code-task-000885,unverified:ladder-missing,False,,,,unverified,
format-code-task-000886,unverified:ladder-missing,False,,,,unverified,
format-code-task-000887,unverified:ladder-missing,False,,,,unverified,
format-code-task-000888,unverified:ladder-missing,False,,,,unverified,
format-code-task-000889,unverified:ladder-missing,False,,,,unverified,
format-code-task-000890,unverified:nop-missing,True,,1,,unverified,oracle@modal=1
format-code-task-000891,unverified:probe-pending,True,0,1,,unverified,nop@modal=0;oracle@modal=1
format-code-task-000892,unverified:ladder-missing,False,,,,unverified,
format-code-task-000893,unverified:ladder-missing,False,,,,unverified,
format-code-task-000896,unverified:ladder-missing,False,,,,unverified,
format-code-task-000897,unverified:ladder-missing,False,,,,unverified,
format-code-task-000898,unverified:ladder-missing,False,,,,unverified,
format-code-task-000899,unverified:ladder-missing,False,,,,unverified,
format-code-task-000900,unverified:ladder-missing,False,,,,unverified,
format-code-task-000901,unverified:ladder-missing,False,,,,unverified,
format-code-task-000902,unverified:ladder-missing,False,,,,unverified,
format-code-task-000903,unverified:ladder-missing,False,,,,unverified,
format-code-task-000904,unverified:nop-missing,False,,,clean/1.4.0,unverified,ladder1.4.0=clean
format-code-task-000905,unverified:probe-pending,True,0,1,,pass,nop@modal=0;oracle@modal=1;ladder12/14 carried-1.3.0-clean
format-code-task-000906,unverified:ladder-1.4.0-incomplete,False,,,,unverified,ladder12/14 carried-1.3.0-clean
format-code-task-000907,unverified:ladder-missing,False,,,,unverified,
format-code-task-000908,unverified:ladder-missing,False,,,,unverified,
format-code-task-000909,unverified:nop-missing,False,,,clean/1.4.0,unverified,ladder1.4.0=clean
format-code-task-000910,unverified:noexec,True,,1-noexec,,unverified,oracle@modal=1-noexec
format-code-task-000911,unverified:noexec,True,0-noexec,1-noexec,,unverified,nop@modal=0-noexec;oracle@modal=1-noexec
format-code-task-000912,unverified:ladder-missing,False,,,,unverified,
format-code-task-000913,unverified:ladder-missing,False,,,,unverified,
format-code-task-000914,unverified:ladder-missing,False,,,,unverified,
format-code-task-000915,unverified:ladder-missing,False,,,,unverified,
format-code-task-000917,unverified:ladder-missing,False,,,,unverified,
format-code-task-000918,unverified:ladder-1.4.0-incomplete,False,,,,pass,nop=0 carried-@4;ladder12/14 carried-1.3.0-clean
format-code-task-000919,unverified:probe-pending,True,0,1,,unverified,nop@modal=0;oracle@modal=1
format-code-task-000920,unverified:ladder-missing,False,,,,unverified,
format-code-task-000921,unverified:ladder-missing,False,,,,unverified,
format-code-task-000922,unverified:ladder-missing,False,,,,unverified,
format-code-task-000923,unverified:ladder-missing,False,,,,unverified,
format-code-task-000924,unverified:ladder-missing,False,,,,unverified,
format-code-task-000925,unverified:noexec,True,,1-noexec,,unverified,oracle@modal=1-noexec;ladder12/14 carried-1.3.0-clean
format-code-task-000926,unverified:probe-pending,True,,,,fail:open-leak,nop=0 carried-@4;oracle=1 carried-@4;ladder12/14 carried-1.3.0-clean
format-code-task-000927,unverified:probe-pending,True,,,,unverified,nop=0 carried-@4;oracle=1 carried-@4;ladder12/14 carried-1.3.0-clean
format-code-task-000928,env-broken,True,setup-fail,setup-fail,,unverified,nop@modal=setup-fail;oracle@modal=setup-fail
format-code-task-000929,unverified:ladder-missing,False,,,,unverified,
format-code-task-000930,unverified:noexec,True,,1-noexec,,unverified,oracle@modal=1-noexec
format-code-task-000931,unverified:nop-missing,True,,1,clean/1.4.0,unverified,oracle@modal=1;ladder1.4.0=clean
format-code-task-000932,unverified:probe-pending,True,,,,fail:open-leak,nop=0 carried-@4;oracle=1 carried-@4;ladder12/14 carried-1.3.0-clean
format-code-task-000934,unverified:g6-tap-vs-spec,True,0-noexec,fail:0,,unverified,nop@modal=0-noexec;oracle@modal=fail:0
format-code-task-000935,unverified:ladder-missing,False,,,,unverified,
format-code-task-000936,unverified:g6-tap-vs-spec,True,0-noexec,fail:0,,unverified,nop@modal=0-noexec;oracle@modal=fail:0
format-code-task-000937,unverified:nop-missing,True,,1,,unverified,oracle@modal=1
format-code-task-000938,unverified:ladder-missing,False,,,,unverified,
format-code-task-000939,unverified:probe-pending,True,,,,unverified,nop=0 carried-@4;oracle=1 carried-@4;ladder12/14 carried-1.3.0-clean
format-code-task-000940,unverified:nop-missing,False,,,clean/1.4.0,unverified,ladder1.4.0=clean
format-code-task-000941,unverified:probe-pending,True,,,,unverified,nop=0 carried-@4;oracle=1 carried-@4;ladder12/14 carried-1.3.0-clean
format-code-task-000942,unverified:ladder-missing,False,,,,unverified,
format-code-task-000943,unverified:probe-pending,True,0,1,,unverified,nop@modal=0;oracle@modal=1
format-code-task-000944,unverified:ladder-missing,False,,,,unverified,
format-code-task-000945,unverified:noexec,True,,1-noexec,,pass,nop=0 carried-@4;oracle@modal=1-noexec;ladder12/14 carried-1.3.0-clean
format-code-task-000947,unverified:ladder-missing,False,,,,unverified,
format-code-task-000948,unverified:ladder-missing,False,,,,unverified,
format-code-task-000949,unverified:ladder-missing,False,,,,unverified,
format-code-task-000950,unverified:ladder-missing,False,,,,unverified,
format-code-task-000951,unverified:ladder-missing,False,,,,unverified,
format-code-task-000952,unverified:noexec,True,0-noexec,1,,unverified,nop@modal=0-noexec;oracle@modal=1
format-code-task-000953,unverified:ladder-missing,False,,,,unverified,
format-code-task-000954,unverified:ladder-missing,False,,,,unverified,
format-code-task-000955,unverified:ladder-missing,False,,,,unverified,
format-code-task-000956,unverified:ladder-missing,False,,,,unverified,
format-code-task-000957,unverified:ladder-missing,False,,,,unverified,
format-code-task-000958,unverified:ladder-missing,False,,,,unverified,
format-code-task-000959,unverified:ladder-missing,False,,,,unverified,
format-code-task-000960,unverified:nop-missing,False,,,clean/1.4.0,unverified,ladder1.4.0=clean
format-code-task-000961,unverified:ladder-missing,False,,,,unverified,
format-code-task-000962,unverified:ladder-missing,False,,,,unverified,
format-code-task-000963,unverified:ladder-missing,False,,,,unverified,
format-code-task-000964,unverified:ladder-missing,False,,,,unverified,
format-code-task-000965,unverified:ladder-1.4.0-incomplete,False,,,,unverified,ladder12/14 carried-1.3.0-clean
format-code-task-000966,unverified:ladder-missing,False,,,,unverified,
format-code-task-000967,unverified:ladder-missing,False,,,,unverified,
format-code-task-000968,unverified:ladder-missing,False,,,,unverified,
format-code-task-000969,unverified:ladder-missing,False,,,,unverified,
format-code-task-000970,unverified:ladder-missing,False,,,,unverified,
format-code-task-000971,unverified:ladder-missing,False,,,,unverified,
format-code-task-000972,unverified:nop-missing,False,,,clean/1.4.0,unverified,ladder1.4.0=clean
format-code-task-000973,unverified:ladder-missing,False,,,,unverified,
format-code-task-000974,unverified:ladder-missing,False,,,,unverified,
format-code-task-000975,unverified:ladder-missing,False,,,,unverified,
format-code-task-000976,unverified:ladder-missing,False,,,,unverified,
format-code-task-000977,unverified:ladder-missing,False,,,,unverified,
format-code-task-000978,unverified:ladder-missing,False,,,,unverified,
format-code-task-000979,unverified:ladder-missing,False,,,,unverified,
format-code-task-000980,unverified:ladder-missing,False,,,,unverified,
format-code-task-000981,unverified:ladder-missing,False,,,,unverified,
format-code-task-000982,unverified:ladder-missing,False,,,,unverified,
format-code-task-000983,unverified:ladder-missing,False,,,,unverified,
format-code-task-000984,unverified:ladder-missing,False,,,,unverified,
format-code-task-000985,unverified:ladder-missing,False,,,,unverified,
format-code-task-000986,unverified:ladder-missing,False,,,,unverified,
format-code-task-000987,unverified:ladder-missing,False,,,,unverified,
format-code-task-000988,unverified:ladder-missing,False,,,,unverified,
format-code-task-000989,unverified:ladder-missing,False,,,,unverified,
format-code-task-000990,unverified:ladder-missing,False,,,,unverified,
format-code-task-000991,unverified:ladder-missing,False,,,,unverified,
format-code-task-000992,unverified:ladder-1.4.0-incomplete,False,,,,pass,nop=0 carried-@4;ladder12/14 carried-1.3.0-clean
format-code-task-000993,unverified:ladder-missing,False,,,,unverified,
format-code-task-000994,unverified:ladder-1.4.0-incomplete,False,,,,unverified,ladder12/14 carried-1.3.0-clean
format-code-task-000995,unverified:ladder-missing,False,,,,unverified,
format-code-task-000996,unverified:ladder-missing,False,,,,unverified,
format-code-task-000997,unverified:ladder-missing,False,,,,unverified,
format-code-task-000998,unverified:ladder-missing,False,,,,unverified,
format-code-task-000999,unverified:ladder-1.4.0-incomplete,False,,,,unverified,ladder12/14 carried-1.3.0-clean
format-code-task-001000,unverified:ladder-missing,False,,,,unverified,
format-code-task-001001,pass,False,,,clean/1.4.0,pass,nop=0 carried-@4;ladder1.4.0=clean
format-code-task-001002,unverified:ladder-missing,False,,,,unverified,
format-code-task-001003,unverified:ladder-missing,False,,,,unverified,
format-code-task-001004,unverified:ladder-missing,False,,,,unverified,
format-code-task-001005,unverified:nop-missing,False,,,clean/1.4.0,unverified,ladder1.4.0=clean
format-code-task-001006,unverified:ladder-missing,False,,,,unverified,
format-code-task-001007,unverified:ladder-1.4.0-incomplete,False,,,,pass,nop=0 carried-@4;ladder12/14 carried-1.3.0-clean
format-code-task-001008,unverified:ladder-missing,False,,,,unverified,
format-code-task-001009,unverified:ladder-missing,False,,,,unverified,
format-code-task-001010,unverified:ladder-missing,False,,,,unverified,
format-code-task-001011,unverified:ladder-missing,False,,,,unverified,
format-code-task-001013,unverified:ladder-missing,False,,,,unverified,
format-code-task-001014,unverified:ladder-missing,False,,,,unverified,
format-code-task-001015,unverified:ladder-missing,False,,,,unverified,
format-code-task-001016,unverified:ladder-missing,False,,,,unverified,
format-code-task-001017,unverified:ladder-missing,False,,,,unverified,
format-code-task-001018,unverified:ladder-missing,False,,,,unverified,
format-code-task-001019,unverified:ladder-missing,False,,,,unverified,
format-code-task-001020,unverified:ladder-missing,False,,,,unverified,
format-code-task-001021,unverified:ladder-missing,False,,,,unverified,
format-code-task-001022,unverified:ladder-1.4.0-incomplete,False,,,,pass,nop=0 carried-@4;ladder12/14 carried-1.3.0-clean
format-code-task-001023,unverified:ladder-missing,False,,,,unverified,
format-code-task-001024,unverified:ladder-missing,False,,,,unverified,
format-code-task-001025,unverified:ladder-missing,False,,,,unverified,
format-code-task-001027,unverified:ladder-1.4.0-incomplete,False,,,,pass,nop=0 carried-@4;ladder12/14 carried-1.3.0-clean
format-code-task-001028,unverified:ladder-missing,False,,,,unverified,
format-code-task-001029,unverified:ladder-missing,False,,,,unverified,
format-code-task-001030,unverified:ladder-missing,False,,,,unverified,
format-code-task-001031,unverified:ladder-missing,False,,,,unverified,
format-code-task-001032,unverified:ladder-missing,False,,,,unverified,
format-code-task-001034,unverified:ladder-missing,False,,,,unverified,
format-code-task-001035,unverified:ladder-missing,False,,,,unverified,
format-code-task-001036,unverified:ladder-missing,False,,,,unverified,
format-code-task-001037,unverified:ladder-missing,False,,,,unverified,
format-code-task-001038,unverified:ladder-1.4.0-incomplete,False,,,,pass,nop=0 carried-@4;ladder12/14 carried-1.3.0-clean
format-code-task-001039,unverified:ladder-missing,False,,,,unverified,
format-code-task-001040,unverified:ladder-missing,False,,,,unverified,
format-code-task-001041,unverified:ladder-missing,False,,,,unverified,
format-code-task-001042,unverified:ladder-missing,False,,,,unverified,
format-code-task-001043,unverified:ladder-missing,False,,,,unverified,
format-code-task-001044,unverified:ladder-missing,False,,,,unverified,
format-code-task-001045,unverified:ladder-missing,False,,,,unverified,
format-code-task-001046,unverified:ladder-missing,False,,,,unverified,
format-code-task-001047,unverified:ladder-missing,False,,,,unverified,
format-code-task-001048,unverified:ladder-missing,False,,,,unverified,
format-code-task-001049,unverified:ladder-missing,False,,,,unverified,
format-code-task-001050,unverified:ladder-missing,False,,,,unverified,
format-code-task-001051,unverified:ladder-missing,False,,,,unverified,
format-code-task-001052,unverified:ladder-missing,False,,,,unverified,
format-code-task-001053,unverified:ladder-missing,False,,,,unverified,
format-code-task-001054,unverified:ladder-1.4.0-incomplete,False,,,,pass,nop=0 carried-@4;ladder12/14 carried-1.3.0-clean
format-code-task-001055,unverified:ladder-missing,False,,,,unverified,
format-code-task-001056,unverified:ladder-missing,False,,,,unverified,
format-code-task-001057,unverified:ladder-missing,False,,,,unverified,
format-code-task-001058,unverified:ladder-missing,False,,,,unverified,
format-code-task-001059,unverified:ladder-missing,False,,,,unverified,
format-code-task-001060,unverified:ladder-missing,False,,,,unverified,
format-code-task-001061,unverified:ladder-missing,False,,,,unverified,
format-code-task-001062,unverified:ladder-missing,False,,,,unverified,
format-code-task-001063,unverified:ladder-missing,False,,,,unverified,
format-code-task-001064,unverified:nop-missing,False,,,clean/1.4.0,unverified,ladder1.4.0=clean
format-code-task-001065,unverified:ladder-missing,False,,,,unverified,
format-code-task-001066,unverified:ladder-missing,False,,,,unverified,
format-code-task-001067,unverified:nop-missing,False,,,clean/1.4.0,unverified,ladder1.4.0=clean
format-code-task-001068,unverified:ladder-missing,False,,,,unverified,
format-code-task-001069,unverified:ladder-1.4.0-incomplete,False,,,,pass,nop=0 carried-@4;ladder12/14 carried-1.3.0-clean
format-code-task-001070,unverified:ladder-missing,False,,,,unverified,
format-code-task-001071,unverified:ladder-missing,False,,,,unverified,
format-code-task-001072,unverified:ladder-1.4.0-incomplete,False,,,,pass,nop=0 carried-@4;ladder12/14 carried-1.3.0-clean
format-code-task-001073,unverified:ladder-missing,False,,,,unverified,
format-code-task-001074,unverified:ladder-missing,False,,,,unverified,
format-code-task-001075,unverified:ladder-missing,False,,,,unverified,
format-code-task-001076,unverified:ladder-missing,False,,,,unverified,
format-code-task-001077,unverified:ladder-missing,False,,,,unverified,
format-code-task-001078,unverified:ladder-missing,False,,,,unverified,
format-code-task-001079,unverified:ladder-missing,False,,,,unverified,
format-code-task-001080,unverified:ladder-1.4.0-incomplete,False,,,,pass,nop=0 carried-@4;ladder12/14 carried-1.3.0-clean
format-code-task-001081,unverified:ladder-1.4.0-incomplete,False,,,,pass,nop=0 carried-@4;ladder12/14 carried-1.3.0-clean
format-code-task-001082,unverified:ladder-1.4.0-incomplete,False,,,,pass,nop=0 carried-@4;ladder12/14 carried-1.3.0-clean
format-code-task-001083,unverified:ladder-1.4.0-incomplete,False,,,,unverified,ladder12/14 carried-1.3.0-clean
format-code-task-001084,unverified:ladder-1.4.0-incomplete,False,,,,pass,nop=0 carried-@4;ladder12/14 carried-1.3.0-clean
format-code-task-001085,unverified:ladder-missing,False,,,,unverified,
format-code-task-001086,unverified:ladder-missing,False,,,,unverified,
format-code-task-001087,unverified:ladder-missing,False,,,,unverified,
format-code-task-001089,unverified:ladder-missing,False,,,,unverified,
format-code-task-001090,unverified:nop-missing,False,,,clean/1.4.0,unverified,ladder1.4.0=clean
format-code-task-001091,unverified:ladder-missing,False,,,,unverified,
format-code-task-001092,unverified:ladder-1.4.0-incomplete,False,,,,pass,nop=0 carried-@4;ladder12/14 carried-1.3.0-clean
format-code-task-001093,unverified:ladder-missing,False,,,,unverified,
format-code-task-001094,unverified:ladder-missing,False,,,,unverified,
format-code-task-001095,unverified:ladder-1.4.0-incomplete,False,,,,pass,nop=0 carried-@4;ladder12/14 carried-1.3.0-clean
format-code-task-001096,unverified:ladder-missing,False,,,,unverified,
format-code-task-001097,unverified:ladder-missing,False,,,,unverified,
format-code-task-001098,unverified:ladder-missing,False,,,,unverified,
format-code-task-001099,unverified:ladder-missing,False,,,,unverified,
format-code-task-001100,unverified:ladder-missing,False,,,,unverified,
format-code-task-001101,unverified:ladder-missing,False,,,,unverified,
format-code-task-001102,unverified:ladder-missing,False,,,,unverified,
format-code-task-001103,unverified:ladder-missing,False,,,,unverified,
format-code-task-001105,unverified:ladder-missing,False,,,,unverified,
format-code-task-001106,unverified:ladder-missing,False,,,,unverified,
format-code-task-001107,unverified:ladder-missing,False,,,,unverified,
format-code-task-001108,unverified:nop-missing,False,,,clean/1.4.0,unverified,ladder1.4.0=clean
format-code-task-001109,unverified:ladder-missing,False,,,,unverified,
format-code-task-001110,unverified:ladder-1.4.0-incomplete,False,,,,unverified,ladder12/14 carried-1.3.0-clean
format-code-task-001111,unverified:ladder-missing,False,,,,unverified,
format-code-task-001112,unverified:ladder-missing,False,,,,unverified,
format-code-task-001113,unverified:nop-missing,False,,,clean/1.4.0,unverified,ladder1.4.0=clean
format-code-task-001114,unverified:ladder-missing,False,,,,unverified,
format-code-task-001115,unverified:ladder-missing,False,,,,unverified,
format-code-task-001116,unverified:ladder-missing,False,,,,unverified,
format-code-task-001117,unverified:ladder-missing,False,,,,unverified,
format-code-task-001118,unverified:ladder-missing,False,,,,unverified,
format-code-task-001119,unverified:ladder-missing,False,,,,unverified,
format-code-task-001120,unverified:ladder-missing,False,,,,unverified,
format-code-task-001121,unverified:ladder-missing,False,,,,unverified,
format-code-task-001122,unverified:ladder-missing,False,,,,unverified,
format-code-task-001123,unverified:ladder-missing,False,,,,unverified,
format-code-task-001124,unverified:ladder-1.4.0-incomplete,False,,,,unverified,ladder12/14 carried-1.3.0-clean
format-code-task-001125,unverified:ladder-missing,False,,,,unverified,
format-code-task-001126,unverified:ladder-missing,False,,,,unverified,
format-code-task-001127,unverified:ladder-missing,False,,,,unverified,
format-code-task-001128,unverified:ladder-missing,False,,,,unverified,
format-code-task-001129,unverified:ladder-missing,False,,,,unverified,
format-code-task-001130,unverified:ladder-1.4.0-incomplete,False,,,,unverified,ladder12/14 carried-1.3.0-clean
format-code-task-001131,unverified:ladder-1.4.0-incomplete,False,,,,pass,nop=0 carried-@4;ladder12/14 carried-1.3.0-clean
format-code-task-001132,unverified:ladder-missing,False,,,,unverified,
format-code-task-001133,unverified:ladder-missing,False,,,,unverified,
format-code-task-001134,unverified:ladder-missing,False,,,,unverified,
format-code-task-001135,unverified:ladder-missing,False,,,,unverified,
format-code-task-001136,unverified:nop-missing,False,,,clean/1.4.0,unverified,ladder1.4.0=clean
format-code-task-001137,unverified:ladder-1.4.0-incomplete,False,,,,pass,nop=0 carried-@4;ladder12/14 carried-1.3.0-clean
format-code-task-001138,unverified:ladder-missing,False,,,,unverified,
format-code-task-001139,unverified:ladder-missing,False,,,,unverified,
format-code-task-001140,unverified:ladder-missing,False,,,,unverified,
format-code-task-001141,unverified:ladder-missing,False,,,,unverified,
format-code-task-001142,unverified:ladder-missing,False,,,,unverified,
format-code-task-001143,unverified:ladder-missing,False,,,,unverified,
format-code-task-001144,unverified:ladder-missing,False,,,,unverified,
format-code-task-001145,unverified:nop-missing,False,,,clean/1.4.0,unverified,ladder1.4.0=clean
format-code-task-001146,unverified:ladder-missing,False,,,,unverified,
format-code-task-001147,unverified:ladder-missing,False,,,,unverified,
format-code-task-001148,unverified:ladder-missing,False,,,,unverified,
format-code-task-001149,unverified:ladder-missing,False,,,,unverified,
format-code-task-001150,unverified:ladder-missing,False,,,,unverified,
format-code-task-001151,unverified:ladder-missing,False,,,,unverified,
format-code-task-001152,unverified:ladder-1.4.0-incomplete,False,,,,pass,nop=0 carried-@4;ladder12/14 carried-1.3.0-clean
format-code-task-001153,unverified:ladder-missing,False,,,,unverified,
format-code-task-001154,unverified:ladder-missing,False,,,,unverified,
format-code-task-001155,unverified:ladder-missing,False,,,,unverified,
format-code-task-001156,unverified:ladder-missing,False,,,,unverified,
format-code-task-001157,unverified:ladder-missing,False,,,,unverified,
format-code-task-001159,unverified:ladder-missing,False,,,,unverified,
format-code-task-001160,unverified:ladder-missing,False,,,,unverified,
format-code-task-001161,unverified:ladder-missing,False,,,,unverified,
format-code-task-001162,unverified:ladder-missing,False,,,,unverified,
format-code-task-001163,unverified:ladder-1.4.0-incomplete,False,,,,pass,nop=0 carried-@4;ladder12/14 carried-1.3.0-clean
format-code-task-001164,unverified:ladder-missing,False,,,,unverified,
format-code-task-001165,unverified:ladder-missing,False,,,,unverified,
format-code-task-001166,unverified:ladder-missing,False,,,,unverified,
format-code-task-001167,unverified:ladder-missing,False,,,,unverified,
format-code-task-001168,unverified:ladder-missing,False,,,,unverified,
format-code-task-001169,unverified:ladder-missing,False,,,,unverified,
format-code-task-001170,unverified:ladder-missing,False,,,,unverified,
format-code-task-001171,unverified:ladder-missing,False,,,,unverified,
format-code-task-001172,unverified:ladder-missing,False,,,,unverified,
format-code-task-001173,unverified:ladder-missing,False,,,,unverified,
format-code-task-001174,unverified:ladder-missing,False,,,,unverified,
format-code-task-001175,unverified:ladder-missing,False,,,,unverified,
format-code-task-001176,unverified:ladder-missing,False,,,,unverified,
format-code-task-001177,unverified:ladder-missing,False,,,,unverified,
format-code-task-001178,unverified:ladder-missing,False,,,,unverified,
format-code-task-001179,unverified:ladder-missing,False,,,,unverified,
format-code-task-001180,unverified:ladder-missing,False,,,,unverified,
format-code-task-001181,unverified:ladder-missing,False,,,,unverified,
format-code-task-001182,unverified:ladder-missing,False,,,,unverified,
format-code-task-001183,unverified:ladder-1.4.0-incomplete,False,,,,unverified,ladder12/14 carried-1.3.0-clean
format-code-task-001184,unverified:ladder-missing,False,,,,unverified,
format-code-task-001185,unverified:ladder-missing,False,,,,unverified,
format-code-task-001186,unverified:ladder-missing,False,,,,unverified,
format-code-task-001187,unverified:ladder-missing,False,,,,unverified,
format-code-task-001188,unverified:ladder-missing,False,,,,unverified,
format-code-task-001189,unverified:probe-pending,True,,,,unverified,nop=0 carried-@4;oracle=1 carried-@4;ladder12/14 carried-1.3.0-clean
format-code-task-001190,unverified:ladder-missing,False,,,,unverified,
format-code-task-001191,unverified:ladder-missing,False,,,,unverified,
format-code-task-001192,unverified:noexec,True,,1-noexec,,unverified,oracle@modal=1-noexec
format-code-task-001193,unverified:noexec,True,0-noexec,1-noexec,,unverified,nop@modal=0-noexec;oracle@modal=1-noexec
format-code-task-001194,unverified:ladder-missing,False,,,,unverified,
format-code-task-001195,unverified:ladder-missing,False,,,,unverified,
format-code-task-001196,unverified:ladder-missing,False,,,,unverified,
format-code-task-001197,unverified:ladder-missing,False,,,,unverified,
format-code-task-001198,unverified:ladder-missing,False,,,,unverified,
format-code-task-001199,unverified:noexec,True,,1-noexec,,unverified,oracle@modal=1-noexec
format-code-task-001200,unverified:probe-pending,True,0,1,,unverified,nop@modal=0;oracle@modal=1
format-code-task-001201,unverified:ladder-missing,False,,,,unverified,
format-code-task-001203,unverified:ladder-missing,False,,,,unverified,
format-code-task-001204,unverified:ladder-missing,False,,,,unverified,
format-code-task-001205,unverified:noexec,True,0-noexec,1-noexec,,unverified,nop@modal=0-noexec;oracle@modal=1-noexec
format-code-task-001207,unverified:noexec,True,,1-noexec,,unverified,oracle@modal=1-noexec
format-code-task-001208,unverified:ladder-missing,False,,,,unverified,
format-code-task-001209,unverified:ladder-missing,False,,,,unverified,
format-code-task-001210,unverified:noexec,True,,1-noexec,,unverified,oracle@modal=1-noexec
format-code-task-001211,unverified:ladder-missing,False,,,,unverified,
format-code-task-001212,unverified:ladder-1.4.0-incomplete,False,,,,unverified,ladder12/14 carried-1.3.0-clean
format-code-task-001214,unverified:ladder-missing,False,,,,unverified,
format-code-task-001215,unverified:ladder-1.4.0-incomplete,False,,,,pass,nop=0 carried-@4;ladder12/14 carried-1.3.0-clean
format-code-task-001216,unverified:probe-pending,True,,,,unverified,nop=0 carried-@4;oracle=1 carried-@4;ladder12/14 carried-1.3.0-clean
format-code-task-001217,unverified:ladder-missing,False,,,,unverified,
format-code-task-001218,unverified:probe-pending,True,,,,unverified,nop=0 carried-@4;oracle=1 carried-@4;ladder12/14 carried-1.3.0-clean
format-code-task-001219,unverified:probe-pending,True,,,,unverified,nop=0 carried-@4;oracle=1 carried-@4;ladder12/14 carried-1.3.0-clean
format-code-task-001220,unverified:g5-collection-error-ftp,True,,fail:0,,unverified,oracle@modal=fail:0
format-code-task-001221,unverified:ladder-missing,False,,,,unverified,
format-code-task-001222,unverified:ladder-missing,False,,,,unverified,
format-code-task-001223,unverified:ladder-missing,False,,,,unverified,
format-code-task-001224,unverified:probe-pending,True,0,1,,unverified,nop@modal=0;oracle@modal=1
format-code-task-001225,unverified:ladder-missing,False,,,,unverified,
format-code-task-001226,unverified:ladder-missing,False,,,,unverified,
format-code-task-001227,unverified:ladder-missing,False,,,,unverified,
format-code-task-001228,unverified:ladder-missing,False,,,,unverified,
format-code-task-001229,unverified:ladder-1.4.0-incomplete,False,,,,pass,nop=0 carried-@4;ladder12/14 carried-1.3.0-clean
format-code-task-001231,unverified:ladder-missing,False,,,,unverified,
format-code-task-001232,unverified:ladder-missing,False,,,,unverified,
format-code-task-001233,unverified:ladder-missing,False,,,,unverified,
format-code-task-001234,unverified:ladder-missing,False,,,,unverified,
format-code-task-001235,unverified:ladder-missing,False,,,,unverified,
format-code-task-001236,unverified:ladder-missing,False,,,,unverified,
format-code-task-001237,unverified:ladder-missing,False,,,,unverified,
format-code-task-001238,unverified:ladder-missing,False,,,,unverified,
format-code-task-001239,unverified:ladder-missing,False,,,,unverified,
format-code-task-001240,unverified:nop-missing,False,,,clean/1.4.0,unverified,ladder1.4.0=clean
format-code-task-001241,unverified:probe-pending,True,,,,unverified,nop=0 carried-@4;oracle=1 carried-@4;ladder12/14 carried-1.3.0-clean
format-code-task-001242,unverified:ladder-missing,False,,,,unverified,
format-code-task-001243,unverified:ladder-missing,False,,,,unverified,
format-code-task-001244,unverified:nop-missing,True,,1,,unverified,oracle@modal=1
format-code-task-001246,unverified:nop-missing,True,,,,fail:open-leak,oracle=1 carried-@4;ladder12/14 carried-1.3.0-clean
format-code-task-001247,unverified:ladder-missing,False,,,,unverified,
format-code-task-001248,unverified:probe-pending,True,,,,unverified,nop=0 carried-@4;oracle=1 carried-@4;ladder12/14 carried-1.3.0-clean
format-code-task-001249,unverified:oracle-missing,True,,,clean/1.4.0,unverified,nop=0 carried-@4;ladder1.4.0=clean
format-code-task-001250,unverified:ladder-1.4.0-incomplete,False,,,,pass,nop=0 carried-@4;ladder12/14 carried-1.3.0-clean
format-code-task-001251,unverified:probe-pending,True,,,,fail:open-leak,nop=0 carried-@4;oracle=1 carried-@4;ladder12/14 carried-1.3.0-clean
format-code-task-001252,unverified:ladder-missing,False,,,,unverified,
format-code-task-001253,unverified:ladder-missing,False,,,,unverified,
format-code-task-001254,unverified:ladder-missing,False,,,,unverified,
format-code-task-001255,unverified:ladder-missing,False,,,,unverified,
format-code-task-001256,unverified:ladder-missing,False,,,,unverified,
format-code-task-001257,unverified:probe-pending,True,,,,unverified,nop=0 carried-@4;oracle=1 carried-@4;ladder12/14 carried-1.3.0-clean
format-code-task-001258,unverified:probe-pending,True,,,,unverified,nop=0 carried-@4;oracle=1 carried-@4;ladder12/14 carried-1.3.0-clean
format-code-task-001259,unverified:probe-pending,True,,,,unverified,nop=0 carried-@4;oracle=1 carried-@4;ladder12/14 carried-1.3.0-clean
format-code-task-001260,unverified:ladder-missing,False,,,,unverified,
format-code-task-001261,unverified:ladder-1.4.0-incomplete,False,,,,pass,nop=0 carried-@4;ladder12/14 carried-1.3.0-clean
format-code-task-001262,unverified:ladder-missing,False,,,,unverified,
format-code-task-001263,unverified:noexec,True,0-noexec,1-noexec,,unverified,nop@modal=0-noexec;oracle@modal=1-noexec
format-code-task-001264,unverified:probe-pending,True,0,1,,unverified,nop@modal=0;oracle@modal=1
format-code-task-001265,unverified:ladder-missing,False,,,,unverified,
format-code-task-001266,unverified:ladder-missing,False,,,,unverified,
format-code-task-001267,unverified:noexec,True,,1-noexec,,unverified,oracle@modal=1-noexec
format-code-task-001268,unverified:probe-pending,True,,,,unverified,nop=0 carried-@4;oracle=1 carried-@4;ladder12/14 carried-1.3.0-clean
format-code-task-001269,unverified:ladder-missing,False,,,,unverified,
format-code-task-001270,unverified:g2-jest-skipped-shape,True,0,fail:0,,unverified,nop@modal=0;oracle@modal=fail:0
format-code-task-001272,unverified:ladder-missing,False,,,,unverified,
format-code-task-001273,unverified:ladder-missing,False,,,,unverified,
format-code-task-001274,unverified:ladder-missing,False,,,,unverified,
format-code-task-001277,unverified:ladder-missing,False,,,,unverified,
format-code-task-001279,unverified:ladder-missing,False,,,,unverified,
format-code-task-001281,unverified:ladder-missing,False,,,,unverified,
format-code-task-001283,unverified:noexec,True,,1-noexec,,unverified,oracle@modal=1-noexec
format-code-task-001285,unverified:ladder-missing,False,,,,unverified,
format-code-task-001286,unverified:ladder-missing,False,,,,unverified,
format-code-task-001287,unverified:cells-missing,True,,,,unverified,
format-code-task-001290,unverified:ladder-missing,False,,,,unverified,
format-code-task-001291,unverified:ladder-missing,False,,,,unverified,
format-code-task-001292,unverified:nop-missing,True,,1,,unverified,oracle@modal=1
format-code-task-001294,unverified:ladder-missing,False,,,,unverified,
format-code-task-001295,unverified:ladder-missing,False,,,,unverified,
format-code-task-001296,unverified:ladder-missing,False,,,,unverified,
format-code-task-001297,unverified:ladder-missing,False,,,,unverified,
format-code-task-001298,unverified:ladder-missing,False,,,,unverified,
format-code-task-001299,unverified:ladder-missing,False,,,,unverified,
format-code-task-001300,unverified:ladder-missing,False,,,,unverified,
format-code-task-001301,unverified:ladder-missing,False,,,,unverified,
format-code-task-001302,unverified:ladder-missing,False,,,,unverified,
format-code-task-001303,unverified:ladder-missing,False,,,,unverified,
format-code-task-001304,unverified:ladder-missing,False,,,,unverified,
format-code-task-001305,unverified:ladder-missing,False,,,,unverified,
format-code-task-001306,unverified:ladder-missing,False,,,,unverified,
format-code-task-001307,unverified:ladder-missing,False,,,,unverified,
format-code-task-001308,unverified:ladder-missing,False,,,,unverified,
format-code-task-001309,unverified:ladder-missing,False,,,,unverified,
format-code-task-001310,unverified:ladder-missing,False,,,,unverified,
format-code-task-001311,unverified:ladder-missing,False,,,,unverified,
format-code-task-001312,unverified:ladder-missing,False,,,,unverified,
format-code-task-001314,unverified:ladder-missing,False,,,,unverified,
format-code-task-001315,unverified:ladder-missing,False,,,,unverified,
format-code-task-001316,unverified:ladder-missing,False,,,,unverified,
format-code-task-001317,unverified:ladder-missing,False,,,,unverified,
format-code-task-001318,unverified:ladder-1.4.0-incomplete,False,,,,pass,nop=0 carried-@4;ladder12/14 carried-1.3.0-clean
format-code-task-001319,unverified:ladder-missing,False,,,,unverified,
format-code-task-001320,unverified:ladder-missing,False,,,,unverified,
format-code-task-001321,unverified:ladder-missing,False,,,,unverified,
format-code-task-001322,unverified:cells-missing,True,,,,unverified,
format-code-task-001323,unverified:ladder-missing,False,,,,unverified,
format-code-task-001324,unverified:ladder-missing,False,,,,unverified,
format-code-task-001325,unverified:ladder-missing,False,,,,unverified,
format-code-task-001326,unverified:ladder-missing,False,,,,unverified,
format-code-task-001327,unverified:ladder-missing,False,,,,unverified,
format-code-task-001329,unverified:ladder-missing,False,,,,unverified,
format-code-task-001330,unverified:ladder-missing,False,,,,unverified,
format-code-task-001331,unverified:ladder-missing,False,,,,unverified,
format-code-task-001332,unverified:ladder-missing,False,,,,unverified,
format-code-task-001333,unverified:ladder-missing,False,,,,unverified,
format-code-task-001334,unverified:ladder-missing,False,,,,unverified,
format-code-task-001335,unverified:ladder-missing,False,,,,unverified,
format-code-task-001336,unverified:ladder-missing,False,,,,unverified,
format-code-task-001337,unverified:ladder-missing,False,,,,unverified,
format-code-task-001338,unverified:probe-pending,True,0,1,,unverified,nop@modal=0;oracle@modal=1
format-code-task-001339,unverified:ladder-missing,False,,,,unverified,
format-code-task-001340,unverified:ladder-missing,False,,,,unverified,
format-code-task-001341,unverified:ladder-missing,False,,,,unverified,
format-code-task-001342,unverified:cells-missing,True,,,,unverified,
format-code-task-001343,unverified:ladder-missing,False,,,,unverified,
format-code-task-001345,unverified:ladder-missing,False,,,,unverified,
format-code-task-001346,unverified:ladder-missing,False,,,,unverified,
format-code-task-001347,unverified:ladder-missing,False,,,,unverified,
format-code-task-001348,unverified:ladder-missing,False,,,,unverified,
format-code-task-001349,unverified:ladder-missing,False,,,,unverified,
format-code-task-001350,unverified:ladder-missing,False,,,,unverified,
format-code-task-001352,unverified:ladder-missing,False,,,,unverified,
format-code-task-001355,unverified:ladder-missing,False,,,,unverified,
format-code-task-001356,unverified:cells-missing,True,,,,unverified,
format-code-task-001358,unverified:ladder-1.4.0-incomplete,False,,,,pass,nop=0 carried-@4;ladder12/14 carried-1.3.0-clean
format-code-task-001360,unverified:ladder-missing,False,,,,unverified,
format-code-task-001361,unverified:ladder-1.4.0-incomplete,False,,,,pass,nop=0 carried-@4;ladder12/14 carried-1.3.0-clean
format-code-task-001364,unverified:ladder-missing,False,,,,unverified,
format-code-task-001365,unverified:ladder-missing,False,,,,unverified,
format-code-task-001366,unverified:ladder-missing,False,,,,unverified,
format-code-task-001367,unverified:ladder-missing,False,,,,unverified,
format-code-task-001368,unverified:ladder-missing,False,,,,unverified,
format-code-task-001369,unverified:ladder-missing,False,,,,unverified,
format-code-task-001371,unverified:nop-missing,True,,1,,unverified,oracle@modal=1
format-code-task-001372,unverified:ladder-missing,False,,,,unverified,
format-code-task-001373,unverified:cells-missing,True,,,,unverified,
format-code-task-001374,unverified:ladder-missing,False,,,,unverified,
format-code-task-001375,unverified:ladder-missing,False,,,,unverified,
format-code-task-001377,unverified:ladder-missing,False,,,,unverified,
format-code-task-001378,unverified:ladder-missing,False,,,,unverified,
format-code-task-001379,unverified:ladder-missing,False,,,,unverified,
format-code-task-001380,unverified:ladder-missing,False,,,,unverified,
format-code-task-001381,unverified:ladder-missing,False,,,,unverified,
format-code-task-001382,unverified:ladder-missing,False,,,,unverified,
format-code-task-001383,unverified:ladder-missing,False,,,,unverified,
format-code-task-001384,unverified:ladder-missing,False,,,,unverified,
format-code-task-001386,unverified:ladder-missing,False,,,,unverified,
format-code-task-001387,unverified:ladder-missing,False,,,,unverified,
format-code-task-001388,unverified:ladder-missing,False,,,,unverified,
format-code-task-001389,unverified:ladder-missing,False,,,,unverified,
format-code-task-001390,unverified:ladder-missing,False,,,,unverified,
format-code-task-001391,unverified:ladder-missing,False,,,,unverified,
format-code-task-001392,unverified:ladder-missing,False,,,,unverified,
format-code-task-001393,unverified:noexec,True,,1-noexec,,unverified,oracle@modal=1-noexec
format-code-task-001394,unverified:noexec,True,,1-noexec,clean/1.4.0,unverified,oracle@modal=1-noexec;ladder1.4.0=clean
format-code-task-001395,unverified:ladder-missing,False,,,,unverified,
format-code-task-001396,unverified:ladder-missing,False,,,,unverified,
format-code-task-001397,unverified:ladder-missing,False,,,,unverified,
format-code-task-001399,unverified:cells-missing,True,,,,unverified,
format-code-task-001400,unverified:probe-pending,True,0,1,,unverified,nop@modal=0;oracle@modal=1
format-code-task-001401,unverified:ladder-missing,False,,,,unverified,
format-code-task-001402,unverified:nop-missing,True,,1,,unverified,oracle@modal=1
format-code-task-001403,unverified:g2-jest-skipped-shape,True,,fail:0,,unverified,oracle@modal=fail:0
format-code-task-001404,unverified:probe-pending,True,0,1,,unverified,nop@modal=0;oracle@modal=1
format-code-task-001406,unverified:ladder-missing,False,,,,unverified,
format-code-task-001408,unverified:ladder-missing,False,,,,unverified,
format-code-task-001409,unverified:ladder-missing,False,,,,unverified,
format-code-task-001410,unverified:g2-jest-skipped-shape,True,0-noexec,fail:0,,unverified,nop@modal=0-noexec;oracle@modal=fail:0
format-code-task-001411,unverified:g2-jest-skipped-shape,True,0,fail:0,,unverified,nop@modal=0;oracle@modal=fail:0
format-code-task-001413,unverified:ladder-missing,False,,,,unverified,
format-code-task-001415,unverified:ladder-missing,False,,,,unverified,
format-code-task-001416,unverified:ladder-missing,False,,,,unverified,
format-code-task-001417,unverified:ladder-missing,False,,,,unverified,
format-code-task-001418,unverified:nop-missing,False,,,clean/1.4.0,unverified,ladder1.4.0=clean
format-code-task-001419,env-broken,True,setup-fail,setup-fail,,unverified,nop@modal=setup-fail;oracle@modal=setup-fail
format-code-task-001420,env-broken,True,setup-fail,setup-fail,,unverified,nop@modal=setup-fail;oracle@modal=setup-fail
format-code-task-001421,unverified:ladder-healthcheck,False,,,unscored,unverified,
format-code-task-001422,unverified:ladder-missing,False,,,,unverified,
format-code-task-001423,unverified:ladder-missing,False,,,,unverified,
format-code-task-001424,unverified:ladder-missing,False,,,,unverified,
format-code-task-001425,unverified:probe-pending,True,0,1,,unverified,nop@modal=0;oracle@modal=1
format-code-task-001426,unverified:cells-missing,True,,,,unverified,
format-code-task-001427,unverified:ladder-missing,False,,,,unverified,
format-code-task-001428,unverified:ladder-missing,False,,,,unverified,
format-code-task-001429,unverified:ladder-missing,False,,,,unverified,
format-code-task-001431,unverified:g5-collection-error-ftp,True,0,fail:0,,unverified,nop@modal=0;oracle@modal=fail:0
format-code-task-001432,unverified:ladder-missing,False,,,,unverified,
format-code-task-001433,unverified:cells-missing,True,,,,unverified,
format-code-task-001435,unverified:ladder-missing,False,,,,unverified,
format-code-task-001436,unverified:ladder-missing,False,,,,unverified,
format-code-task-001437,unverified:nop-missing,True,,1,,unverified,oracle@modal=1
format-code-task-001438,unverified:ladder-missing,False,,,,unverified,
format-code-task-001439,unverified:ladder-missing,False,,,,unverified,
format-code-task-001440,unverified:ladder-missing,False,,,,unverified,
format-code-task-001441,unverified:ladder-missing,False,,,,unverified,
format-code-task-001442,unverified:ladder-missing,False,,,,unverified,
format-code-task-001444,unverified:ladder-missing,False,,,,unverified,
format-code-task-001445,unverified:ladder-missing,False,,,,unverified,
format-code-task-001446,unverified:ladder-missing,False,,,,unverified,
format-code-task-001447,unverified:ladder-missing,False,,,,unverified,
format-code-task-001448,unverified:ladder-missing,False,,,,unverified,
format-code-task-001449,unverified:ladder-missing,False,,,,unverified,
format-code-task-001450,unverified:ladder-missing,False,,,,unverified,
format-code-task-001451,unverified:ladder-missing,False,,,,unverified,
format-code-task-001452,unverified:ladder-missing,False,,,,unverified,
format-code-task-001453,unverified:ladder-missing,False,,,,unverified,
format-code-task-001455,unverified:ladder-missing,False,,,,unverified,
format-code-task-001456,unverified:ladder-missing,False,,,,unverified,
format-code-task-001457,unverified:probe-pending,True,0,1,,unverified,nop@modal=0;oracle@modal=1
format-code-task-001458,unverified:ladder-missing,False,,,,unverified,
format-code-task-001459,unverified:ladder-missing,False,,,,unverified,
format-code-task-001460,unverified:noexec,True,,1-noexec,,unverified,oracle@modal=1-noexec
format-code-task-001461,unverified:ladder-missing,False,,,,unverified,
format-code-task-001462,unverified:cells-missing,True,,,,unverified,
format-code-task-001463,unverified:ladder-missing,False,,,,unverified,
format-code-task-001464,unverified:nop-missing,True,,1,,unverified,oracle@modal=1
format-code-task-001465,unverified:ladder-missing,False,,,,unverified,
format-code-task-001466,unverified:ladder-missing,False,,,,unverified,
format-code-task-001467,unverified:ladder-missing,False,,,,unverified,
format-code-task-001468,unverified:ladder-missing,False,,,,unverified,
format-code-task-001469,unverified:ladder-missing,False,,,,unverified,
format-code-task-001471,unverified:cells-missing,True,,,,unverified,
format-code-task-001472,unverified:ladder-missing,False,,,,unverified,
format-code-task-001473,unverified:ladder-missing,False,,,,unverified,
format-code-task-001474,unverified:ladder-missing,False,,,,unverified,
format-code-task-001475,unverified:ladder-missing,False,,,,unverified,
format-code-task-001476,unverified:nop-missing,True,,1,,unverified,oracle@modal=1
format-code-task-001477,unverified:ladder-missing,False,,,,unverified,
format-code-task-001478,unverified:cells-missing,True,,,,unverified,
format-code-task-001479,unverified:ladder-missing,False,,,,unverified,
format-code-task-001480,unverified:nop-missing,True,,1,,unverified,oracle@modal=1
format-code-task-001481,unverified:ladder-missing,False,,,,unverified,
format-code-task-001482,unverified:ladder-missing,False,,,,unverified,
format-code-task-001483,unverified:ladder-missing,False,,,,unverified,
format-code-task-001484,unverified:nop-missing,False,,,clean/1.4.0,unverified,ladder1.4.0=clean
format-code-task-001486,unverified:nop-missing,True,,1,,unverified,oracle@modal=1
format-code-task-001487,unverified:ladder-missing,False,,,,unverified,
format-code-task-001488,unverified:ladder-missing,False,,,,unverified,
format-code-task-001489,unverified:ladder-missing,False,,,,unverified,
format-code-task-001490,unverified:ladder-missing,False,,,,unverified,
format-code-task-001491,unverified:probe-pending,True,0,1,,unverified,nop@modal=0;oracle@modal=1
format-code-task-001492,unverified:nop-missing,True,,1,,unverified,oracle@modal=1
format-code-task-001493,unverified:ladder-missing,False,,,,unverified,
format-code-task-001494,unverified:ladder-missing,False,,,,unverified,
format-code-task-001495,unverified:ladder-missing,False,,,,unverified,
format-code-task-001497,unverified:ladder-missing,False,,,,unverified,
format-code-task-001498,unverified:ladder-missing,False,,,,unverified,
format-code-task-001499,unverified:ladder-missing,False,,,,unverified,
format-code-task-001501,unverified:ladder-missing,False,,,,unverified,
format-code-task-001502,unverified:ladder-missing,False,,,,unverified,
format-code-task-001503,unverified:ladder-missing,False,,,,unverified,
format-code-task-001504,unverified:ladder-missing,False,,,,unverified,
format-code-task-001505,unverified:ladder-missing,False,,,,unverified,
format-code-task-001506,unverified:ladder-missing,False,,,,unverified,
format-code-task-001507,unverified:ladder-missing,False,,,,unverified,
format-code-task-001508,unverified:ladder-missing,False,,,,unverified,
format-code-task-001510,unverified:ladder-missing,False,,,,unverified,
format-code-task-001511,unverified:ladder-missing,False,,,,unverified,
format-code-task-001512,unverified:ladder-missing,False,,,,unverified,
format-code-task-001513,unverified:probe-pending,True,0,1,,unverified,nop@modal=0;oracle@modal=1
format-code-task-001514,unverified:probe-pending,True,0,1,,unverified,nop@modal=0;oracle@modal=1
format-code-task-001515,unverified:probe-pending,True,0,1,,unverified,nop@modal=0;oracle@modal=1
format-code-task-001516,unverified:nop-missing,True,,1,,unverified,oracle@modal=1
format-code-task-001517,unverified:ladder-missing,False,,,,unverified,
format-code-task-001518,unverified:ladder-missing,False,,,,unverified,
format-code-task-001519,unverified:ladder-missing,False,,,,unverified,
format-code-task-001520,unverified:ladder-missing,False,,,,unverified,
format-code-task-001521,unverified:ladder-missing,False,,,,unverified,
format-code-task-001522,unverified:ladder-missing,False,,,,unverified,
format-code-task-001523,unverified:ladder-missing,False,,,,unverified,
format-code-task-001524,unverified:ladder-missing,False,,,,unverified,
format-code-task-001525,unverified:ladder-missing,False,,,,unverified,
format-code-task-001526,unverified:ladder-missing,False,,,,unverified,
format-code-task-001527,unverified:ladder-missing,False,,,,unverified,
format-code-task-001529,unverified:ladder-missing,False,,,,unverified,
format-code-task-001530,unverified:nop-missing,False,,,clean/1.4.0,unverified,ladder1.4.0=clean
format-code-task-001531,unverified:probe-pending,True,0,1,,unverified,nop@modal=0;oracle@modal=1
format-code-task-001532,unverified:ladder-missing,False,,,,unverified,
format-code-task-001533,unverified:nop-missing,True,,1,,unverified,oracle@modal=1
format-code-task-001534,unverified:nop-missing,True,,1,,unverified,oracle@modal=1
format-code-task-001535,unverified:ladder-missing,False,,,,unverified,
format-code-task-001536,unverified:ladder-missing,False,,,,unverified,
format-code-task-001537,unverified:ladder-missing,False,,,,unverified,
format-code-task-001539,unverified:ladder-missing,False,,,,unverified,
format-code-task-001540,unverified:ladder-missing,False,,,,unverified,
format-code-task-001541,unverified:ladder-missing,False,,,,unverified,
format-code-task-001542,unverified:ladder-missing,False,,,,unverified,
format-code-task-001543,unverified:ladder-missing,False,,,,unverified,
format-code-task-001544,unverified:probe-pending,True,0,1,,unverified,nop@modal=0;oracle@modal=1
format-code-task-001546,unverified:ladder-missing,False,,,,unverified,
format-code-task-001547,unverified:probe-pending,True,0,1,,unverified,nop@modal=0;oracle@modal=1
format-code-task-001548,unverified:g4-vitest-ansi,True,,fail:0,,unverified,oracle@modal=fail:0
format-code-task-001549,unverified:ladder-missing,False,,,,unverified,
format-code-task-001550,unverified:nop-missing,True,,1,,unverified,oracle@modal=1
format-code-task-001551,unverified:ladder-missing,False,,,,unverified,
format-code-task-001552,unverified:cells-missing,True,,,,unverified,
format-code-task-001553,unverified:cells-missing,True,,,,unverified,
format-code-task-001554,unverified:ladder-missing,False,,,,unverified,
format-code-task-001555,unverified:ladder-missing,False,,,,unverified,
format-code-task-001556,unverified:ladder-missing,False,,,,unverified,
format-code-task-001558,unverified:cells-missing,True,,,,unverified,
format-code-task-001559,unverified:ladder-missing,False,,,,unverified,
format-code-task-001560,unverified:ladder-missing,False,,,,unverified,
format-code-task-001561,unverified:ladder-missing,False,,,,unverified,
format-code-task-001562,unverified:ladder-missing,False,,,,unverified,
format-code-task-001563,unverified:ladder-missing,False,,,,unverified,
format-code-task-001564,unverified:ladder-missing,False,,,,unverified,
format-code-task-001565,unverified:ladder-missing,False,,,,unverified,
format-code-task-001566,unverified:ladder-missing,False,,,,unverified,
format-code-task-001567,unverified:ladder-missing,False,,,,unverified,
format-code-task-001568,unverified:ladder-missing,False,,,,unverified,
format-code-task-001571,unverified:ladder-missing,False,,,,unverified,
format-code-task-001572,unverified:ladder-missing,False,,,,unverified,
format-code-task-001573,unverified:cells-missing,True,,,,unverified,
format-code-task-001574,unverified:ladder-missing,False,,,,unverified,
format-code-task-001575,unverified:ladder-missing,False,,,,unverified,
format-code-task-001576,unverified:timeout,True,,,,unverified,
format-code-task-001578,unverified:ladder-missing,False,,,,unverified,
format-code-task-001579,unverified:ladder-missing,False,,,,unverified,
format-code-task-001580,unverified:ladder-missing,False,,,,unverified,
format-code-task-001581,unverified:ladder-missing,False,,,,unverified,
format-code-task-001582,unverified:ladder-missing,False,,,,unverified,
format-code-task-001583,unverified:ladder-missing,False,,,,unverified,
format-code-task-001584,unverified:ladder-missing,False,,,,unverified,
format-code-task-001587,unverified:cells-missing,True,,,,unverified,
format-code-task-001589,unverified:ladder-missing,False,,,,unverified,
format-code-task-001590,unverified:nop-missing,True,,1,,unverified,oracle@modal=1
format-code-task-001591,unverified:ladder-missing,False,,,,unverified,
format-code-task-001592,unverified:ladder-missing,False,,,,unverified,
format-code-task-001593,unverified:ladder-missing,False,,,,unverified,
format-code-task-001594,unverified:ladder-missing,False,,,,unverified,
format-code-task-001595,unverified:ladder-missing,False,,,,unverified,
format-code-task-001596,unverified:ladder-missing,False,,,,unverified,
format-code-task-001597,unverified:ladder-missing,False,,,,unverified,
format-code-task-001598,unverified:ladder-missing,False,,,,unverified,
format-code-task-001599,unverified:ladder-missing,False,,,,unverified,
format-code-task-001600,unverified:ladder-missing,False,,,,unverified,
format-code-task-001601,unverified:ladder-missing,False,,,,unverified,
format-code-task-001602,unverified:ladder-missing,False,,,,unverified,
format-code-task-001603,unverified:ladder-missing,False,,,,unverified,
format-code-task-001605,unverified:ladder-missing,False,,,,unverified,
format-code-task-001606,unverified:nop-missing,False,,,clean/1.4.0,unverified,ladder1.4.0=clean
format-code-task-001607,unverified:ladder-missing,False,,,,unverified,
format-code-task-001608,unverified:ladder-missing,False,,,,unverified,
format-code-task-001609,unverified:ladder-missing,False,,,,unverified,
format-code-task-001611,unverified:nop-missing,True,,1,,unverified,oracle@modal=1
format-code-task-001612,unverified:cells-missing,True,,,,unverified,
format-code-task-001614,unverified:cells-missing,True,,,,unverified,
format-code-task-001615,unverified:cells-missing,True,,,,unverified,
format-code-task-001616,unverified:nop-missing,True,,1,clean/1.4.0,unverified,oracle@modal=1;ladder1.4.0=clean
format-code-task-001617,unverified:ladder-missing,False,,,,unverified,
format-code-task-001618,unverified:nop-missing,False,,,clean/1.4.0,unverified,ladder1.4.0=clean
format-code-task-001620,unverified:ladder-missing,False,,,,unverified,
format-code-task-001621,unverified:ladder-missing,False,,,,unverified,
format-code-task-001622,unverified:ladder-missing,False,,,,unverified,
format-code-task-001623,unverified:ladder-missing,False,,,,unverified,
format-code-task-001624,unverified:ladder-missing,False,,,,unverified,
format-code-task-001625,unverified:ladder-missing,False,,,,unverified,
format-code-task-001626,unverified:ladder-missing,False,,,,unverified,
format-code-task-001627,unverified:cells-missing,True,,,,unverified,
format-code-task-001628,unverified:ladder-missing,False,,,,unverified,
format-code-task-001629,unverified:ladder-missing,False,,,,unverified,
format-code-task-001630,unverified:ladder-missing,False,,,,unverified,
format-code-task-001631,unverified:ladder-missing,False,,,,unverified,
format-code-task-001632,unverified:ladder-missing,False,,,,unverified,
format-code-task-001633,unverified:ladder-missing,False,,,,unverified,
format-code-task-001635,unverified:ladder-missing,False,,,,unverified,
format-code-task-001636,unverified:ladder-missing,False,,,,unverified,
format-code-task-001637,unverified:ladder-missing,False,,,,unverified,
format-code-task-001638,unverified:ladder-missing,False,,,,unverified,
format-code-task-001639,unverified:cells-missing,True,,,clean/1.4.0,unverified,ladder1.4.0=clean
format-code-task-001640,unverified:ladder-missing,False,,,,unverified,
format-code-task-001641,unverified:cells-missing,True,,,,unverified,
format-code-task-001642,unverified:ladder-missing,False,,,,unverified,
format-code-task-001643,unverified:ladder-missing,False,,,,unverified,
format-code-task-001644,unverified:probe-pending,True,0,1,,unverified,nop@modal=0;oracle@modal=1
format-code-task-001645,unverified:ladder-missing,False,,,,unverified,
format-code-task-001647,unverified:nop-missing,True,,1,,unverified,oracle@modal=1
format-code-task-001648,unverified:ladder-missing,False,,,,unverified,
format-code-task-001649,unverified:ladder-missing,False,,,,unverified,
format-code-task-001650,unverified:ladder-missing,False,,,,unverified,
format-code-task-001651,unverified:ladder-missing,False,,,,unverified,
format-code-task-001652,unverified:ladder-missing,False,,,,unverified,
format-code-task-001653,unverified:ladder-missing,False,,,,unverified,
format-code-task-001654,unverified:ladder-missing,False,,,,unverified,
format-code-task-001655,unverified:ladder-missing,False,,,,unverified,
format-code-task-001656,unverified:ladder-missing,False,,,,unverified,
format-code-task-001657,unverified:ladder-missing,False,,,,unverified,
format-code-task-001659,unverified:ladder-missing,False,,,,unverified,
format-code-task-001660,unverified:probe-pending,True,0,1,,unverified,nop@modal=0;oracle@modal=1
format-code-task-001661,unverified:ladder-missing,False,,,,unverified,
format-code-task-001662,unverified:ladder-missing,False,,,,unverified,
format-code-task-001663,unverified:ladder-missing,False,,,,unverified,
format-code-task-001664,unverified:ladder-missing,False,,,,unverified,
format-code-task-001666,unverified:ladder-missing,False,,,,unverified,
format-code-task-001667,unverified:ladder-missing,False,,,,unverified,
format-code-task-001669,unverified:ladder-missing,False,,,,unverified,
format-code-task-001670,unverified:ladder-missing,False,,,,unverified,
format-code-task-001671,unverified:cells-missing,True,,,,unverified,
format-code-task-001672,env-broken,True,setup-fail,setup-fail,,unverified,nop@modal=setup-fail;oracle@modal=setup-fail
format-code-task-001673,unverified:probe-pending,True,0,1,,unverified,nop@modal=0;oracle@modal=1
format-code-task-001674,unverified:ladder-missing,False,,,,unverified,
format-code-task-001675,unverified:noexec,True,0-noexec,1-noexec,,unverified,nop@modal=0-noexec;oracle@modal=1-noexec
format-code-task-001677,unverified:noexec,True,0-noexec,1-noexec,,unverified,nop@modal=0-noexec;oracle@modal=1-noexec
format-code-task-001678,unverified:ladder-missing,False,,,,unverified,
format-code-task-001679,unverified:ladder-missing,False,,,,unverified,
format-code-task-001680,unverified:nop-missing,False,,,clean/1.4.0,unverified,ladder1.4.0=clean
format-code-task-001681,unverified:ladder-missing,False,,,,unverified,
format-code-task-001682,unverified:ladder-missing,False,,,,unverified,
format-code-task-001683,unverified:nop-missing,False,,,clean/1.4.0,unverified,ladder1.4.0=clean
format-code-task-001684,unverified:ladder-missing,False,,,,unverified,
format-code-task-001685,unverified:ladder-missing,False,,,,unverified,
format-code-task-001686,unverified:probe-pending,True,0,1,,unverified,nop@modal=0;oracle@modal=1
format-code-task-001687,unverified:ladder-missing,False,,,,unverified,
format-code-task-001688,unverified:ladder-missing,False,,,,unverified,
format-code-task-001689,unverified:ladder-missing,False,,,,unverified,
format-code-task-001690,unverified:probe-pending,True,0,1,,unverified,nop@modal=0;oracle@modal=1
format-code-task-001691,unverified:timeout,True,,,,unverified,
format-code-task-001692,unverified:probe-pending,True,0,1,,unverified,nop@modal=0;oracle@modal=1
format-code-task-001694,unverified:nop-missing,False,,,clean/1.4.0,unverified,ladder1.4.0=clean
format-code-task-001695,unverified:ladder-missing,False,,,,unverified,
format-code-task-001696,unverified:ladder-missing,False,,,,unverified,
format-code-task-001697,unverified:ladder-missing,False,,,,unverified,
format-code-task-001698,unverified:noexec,True,0-noexec,1-noexec,,unverified,nop@modal=0-noexec;oracle@modal=1-noexec
format-code-task-001699,unverified:ladder-missing,False,,,,unverified,
format-code-task-001700,unverified:ladder-missing,False,,,,unverified,
format-code-task-001701,unverified:ladder-missing,False,,,,unverified,
format-code-task-001702,unverified:ladder-missing,False,,,,unverified,
format-code-task-001703,unverified:probe-pending,True,0,1,,unverified,nop@modal=0;oracle@modal=1
format-code-task-001705,unverified:ladder-missing,False,,,,unverified,
format-code-task-001706,unverified:ladder-missing,False,,,,unverified,
format-code-task-001708,unverified:ladder-missing,False,,,,unverified,
format-code-task-001709,unverified:ladder-missing,False,,,,unverified,
format-code-task-001710,unverified:ladder-missing,False,,,,unverified,
format-code-task-001711,unverified:ladder-missing,False,,,,unverified,
format-code-task-001712,unverified:ladder-missing,False,,,,unverified,
format-code-task-001713,unverified:ladder-missing,False,,,,unverified,
format-code-task-001714,unverified:ladder-missing,False,,,,unverified,
format-code-task-001715,unverified:ladder-missing,False,,,,unverified,
format-code-task-001716,unverified:ladder-missing,False,,,,unverified,
format-code-task-001717,unverified:ladder-missing,False,,,,unverified,
format-code-task-001718,unverified:ladder-missing,False,,,,unverified,
format-code-task-001719,unverified:ladder-missing,False,,,,unverified,
format-code-task-001720,unverified:ladder-missing,False,,,,unverified,
format-code-task-001721,unverified:nop-missing,False,,,clean/1.4.0,unverified,ladder1.4.0=clean
format-code-task-001722,unverified:ladder-missing,False,,,,unverified,
format-code-task-001723,unverified:ladder-missing,False,,,,unverified,
format-code-task-001724,unverified:ladder-missing,False,,,,unverified,
format-code-task-001725,unverified:ladder-missing,False,,,,unverified,
format-code-task-001726,unverified:ladder-missing,False,,,,unverified,
format-code-task-001727,unverified:ladder-missing,False,,,,unverified,
format-code-task-001728,unverified:ladder-missing,False,,,,unverified,
format-code-task-001729,unverified:ladder-missing,False,,,,unverified,
format-code-task-001732,unverified:ladder-missing,False,,,,unverified,
format-code-task-001733,unverified:ladder-1.4.0-incomplete,False,,,,pass,nop=0 carried-@4;ladder12/14 carried-1.3.0-clean
format-code-task-001734,unverified:ladder-missing,False,,,,unverified,
format-code-task-001735,unverified:ladder-missing,False,,,,unverified,
format-code-task-001736,unverified:ladder-missing,False,,,,unverified,
format-code-task-001737,unverified:ladder-missing,False,,,,unverified,
format-code-task-001738,unverified:ladder-missing,False,,,,unverified,
format-code-task-001739,unverified:ladder-missing,False,,,,unverified,
format-code-task-001740,unverified:ladder-missing,False,,,,unverified,
format-code-task-001741,unverified:ladder-missing,False,,,,unverified,
format-code-task-001742,unverified:ladder-missing,False,,,,unverified,
format-code-task-001743,unverified:ladder-missing,False,,,,unverified,
format-code-task-001744,unverified:ladder-missing,False,,,,unverified,
format-code-task-001745,unverified:ladder-missing,False,,,,unverified,
format-code-task-001746,unverified:ladder-missing,False,,,,unverified,
format-code-task-001747,unverified:ladder-missing,False,,,,unverified,
format-code-task-001748,unverified:ladder-missing,False,,,,unverified,
format-code-task-001749,unverified:ladder-missing,False,,,,unverified,
format-code-task-001750,unverified:cells-missing,True,,,,unverified,
format-code-task-001751,unverified:ladder-missing,False,,,,unverified,
format-code-task-001752,unverified:ladder-missing,False,,,,unverified,
format-code-task-001753,unverified:ladder-missing,False,,,,unverified,
format-code-task-001756,unverified:ladder-missing,False,,,,unverified,
format-code-task-001757,unverified:ladder-missing,False,,,,unverified,
format-code-task-001758,unverified:ladder-missing,False,,,,unverified,
format-code-task-001759,unverified:ladder-1.4.0-incomplete,False,,,,unverified,ladder12/14 carried-1.3.0-clean
format-code-task-001760,unverified:cells-missing,True,,,,unverified,
format-code-task-001761,unverified:ladder-missing,False,,,,unverified,
format-code-task-001762,unverified:cells-missing,True,,,,unverified,
format-code-task-001763,unverified:timeout,True,,,,unverified,
format-code-task-001764,unverified:ladder-missing,False,,,,unverified,
format-code-task-001765,unverified:ladder-missing,False,,,,unverified,
format-code-task-001766,unverified:ladder-missing,False,,,,unverified,
format-code-task-001767,unverified:ladder-missing,False,,,,unverified,
format-code-task-001768,unverified:ladder-missing,False,,,,unverified,
format-code-task-001769,unverified:ladder-missing,False,,,,unverified,
format-code-task-001770,unverified:cells-missing,True,,,,unverified,
format-code-task-001771,unverified:nop-missing,False,,,clean/1.4.0,unverified,ladder1.4.0=clean
format-code-task-001773,unverified:ladder-missing,False,,,,unverified,
format-code-task-001774,unverified:ladder-missing,False,,,,unverified,
format-code-task-001775,unverified:ladder-1.4.0-incomplete,False,,,,pass,nop=0 carried-@4;ladder12/14 carried-1.3.0-clean
format-code-task-001776,unverified:ladder-missing,False,,,,unverified,
format-code-task-001777,unverified:ladder-missing,False,,,,unverified,
format-code-task-001778,unverified:ladder-missing,False,,,,unverified,
format-code-task-001779,unverified:nop-missing,True,,1,,unverified,oracle@modal=1
format-code-task-001780,unverified:ladder-missing,False,,,,unverified,
format-code-task-001782,unverified:ladder-missing,False,,,,unverified,
format-code-task-001783,unverified:nop-missing,True,,1,,unverified,oracle@modal=1
format-code-task-001784,unverified:ladder-missing,False,,,,unverified,
format-code-task-001785,unverified:probe-pending,True,0,1,,unverified,nop@modal=0;oracle@modal=1
format-code-task-001786,unverified:ladder-missing,False,,,,unverified,
format-code-task-001787,unverified:ladder-missing,False,,,,unverified,
format-code-task-001788,unverified:ladder-missing,False,,,,unverified,
format-code-task-001790,unverified:cells-missing,True,,,,unverified,
format-code-task-001791,unverified:ladder-missing,False,,,,unverified,
format-code-task-001793,unverified:cells-missing,True,,,,unverified,
format-code-task-001794,unverified:ladder-missing,False,,,,unverified,
format-code-task-001795,unverified:ladder-missing,False,,,,unverified,
format-code-task-001796,unverified:ladder-missing,False,,,,unverified,
format-code-task-001797,unverified:ladder-missing,False,,,,unverified,
format-code-task-001798,unverified:ladder-missing,False,,,,unverified,
format-code-task-001800,unverified:ladder-missing,False,,,,unverified,
format-code-task-001801,unverified:ladder-missing,False,,,,unverified,
format-code-task-001802,unverified:ladder-missing,False,,,,unverified,
format-code-task-001803,unverified:nop-missing,False,,,clean/1.4.0,unverified,ladder1.4.0=clean
format-code-task-001804,unverified:cells-missing,True,,,,unverified,
format-code-task-001808,unverified:nop-missing,True,,1,,unverified,oracle@modal=1
format-code-task-001809,unverified:cells-missing,True,,,,unverified,
format-code-task-001810,unverified:ladder-missing,False,,,,unverified,
format-code-task-001811,unverified:cells-missing,True,,,,unverified,
format-code-task-001813,unverified:ladder-missing,False,,,,unverified,
format-code-task-001815,unverified:ladder-missing,False,,,,unverified,
format-code-task-001816,unverified:ladder-missing,False,,,,unverified,
format-code-task-001817,unverified:ladder-missing,False,,,,unverified,
format-code-task-001818,unverified:ladder-missing,False,,,,unverified,
format-code-task-001820,unverified:ladder-missing,False,,,,unverified,
format-code-task-001824,unverified:cells-missing,True,,,,unverified,
format-code-task-001825,unverified:probe-pending,True,0,1,,unverified,nop@modal=0;oracle@modal=1
format-code-task-001826,unverified:ladder-missing,False,,,,unverified,
format-code-task-001827,unverified:nop-missing,True,,1,,unverified,oracle@modal=1
format-code-task-001828,unverified:ladder-missing,False,,,,unverified,
format-code-task-001829,unverified:ladder-missing,False,,,,unverified,
format-code-task-001830,unverified:ladder-missing,False,,,,unverified,
format-code-task-001831,unverified:cells-missing,True,,,,unverified,
format-code-task-001832,unverified:ladder-missing,False,,,,unverified,
format-code-task-001833,unverified:noexec,True,,1-noexec,,unverified,oracle@modal=1-noexec
format-code-task-001834,unverified:ladder-missing,False,,,,unverified,
format-code-task-001835,unverified:cells-missing,True,,,,unverified,
format-code-task-001836,unverified:ladder-missing,False,,,,unverified,
format-code-task-001837,unverified:ladder-missing,False,,,,unverified,
format-code-task-001838,unverified:ladder-missing,False,,,,unverified,
format-code-task-001839,unverified:g6-tap-vs-spec,True,,fail:0,,unverified,oracle@modal=fail:0
format-code-task-001840,unverified:nop-missing,False,,,clean/1.4.0,unverified,ladder1.4.0=clean
format-code-task-001841,unverified:nop-missing,True,,1,clean/1.4.0,unverified,oracle@modal=1;ladder1.4.0=clean
format-code-task-001843,unverified:ladder-missing,False,,,,unverified,
format-code-task-001844,unverified:ladder-missing,False,,,,unverified,
format-code-task-001845,unverified:ladder-missing,False,,,,unverified,
format-code-task-001846,unverified:ladder-missing,False,,,,unverified,
format-code-task-001847,unverified:ladder-missing,False,,,,unverified,
format-code-task-001848,unverified:ladder-missing,False,,,,unverified,
format-code-task-001849,unverified:noexec,True,,1-noexec,,unverified,oracle@modal=1-noexec
format-code-task-001850,unverified:nop-missing,True,,1,,unverified,oracle@modal=1
format-code-task-001853,unverified:ladder-missing,False,,,,unverified,
format-code-task-001855,unverified:ladder-missing,False,,,,unverified,
format-code-task-001856,unverified:ladder-missing,False,,,,unverified,
format-code-task-001857,unverified:ladder-missing,False,,,,unverified,
format-code-task-001858,unverified:ladder-missing,False,,,,unverified,
format-code-task-001859,unverified:ladder-missing,False,,,,unverified,
format-code-task-001860,unverified:nop-missing,False,,,clean/1.4.0,unverified,ladder1.4.0=clean
format-code-task-001861,unverified:ladder-missing,False,,,,unverified,
format-code-task-001862,unverified:ladder-missing,False,,,,unverified,
format-code-task-001863,unverified:ladder-missing,False,,,,unverified,
format-code-task-001864,unverified:ladder-missing,False,,,,unverified,
format-code-task-001865,unverified:ladder-missing,False,,,,unverified,
format-code-task-001866,unverified:ladder-missing,False,,,,unverified,
format-code-task-001868,unverified:ladder-missing,False,,,,unverified,
format-code-task-001869,unverified:probe-pending,True,0,1,,unverified,nop@modal=0;oracle@modal=1
format-code-task-001870,unverified:cells-missing,True,,,,unverified,
format-code-task-001871,unverified:ladder-missing,False,,,,unverified,
format-code-task-001872,unverified:ladder-missing,False,,,,unverified,
format-code-task-001873,unverified:ladder-missing,False,,,,unverified,
format-code-task-001874,unverified:ladder-missing,False,,,,unverified,
format-code-task-001875,unverified:ladder-missing,False,,,,unverified,
format-code-task-001876,unverified:ladder-missing,False,,,,unverified,
format-code-task-001878,unverified:noexec,True,,1-noexec,,unverified,oracle@modal=1-noexec
format-code-task-001879,unverified:ladder-missing,False,,,,unverified,
format-code-task-001880,unverified:ladder-missing,False,,,,unverified,
format-code-task-001881,unverified:ladder-missing,False,,,,unverified,
format-code-task-001882,unverified:ladder-missing,False,,,,unverified,
format-code-task-001883,unverified:ladder-missing,False,,,,unverified,
format-code-task-001884,unverified:nop-missing,True,,1,,unverified,oracle@modal=1
format-code-task-001886,unverified:cells-missing,True,,,,unverified,
format-code-task-001887,unverified:nop-missing,False,,,clean/1.4.0,unverified,ladder1.4.0=clean
format-code-task-001889,unverified:ladder-missing,False,,,,unverified,
format-code-task-001890,unverified:nop-missing,True,,1,,unverified,oracle@modal=1
format-code-task-001891,unverified:cells-missing,True,,,,unverified,
format-code-task-001893,unverified:ladder-missing,False,,,,unverified,
format-code-task-001894,unverified:ladder-missing,False,,,,unverified,
format-code-task-001895,unverified:ladder-missing,False,,,,unverified,
format-code-task-001896,unverified:ladder-missing,False,,,,unverified,
format-code-task-001897,unverified:ladder-missing,False,,,,unverified,
format-code-task-001898,unverified:ladder-missing,False,,,,unverified,
format-code-task-001899,unverified:ladder-missing,False,,,,unverified,
format-code-task-001900,unverified:ladder-missing,False,,,,unverified,
format-code-task-001901,unverified:nop-missing,True,,1,,unverified,oracle@modal=1
format-code-task-001902,unverified:ladder-missing,False,,,,unverified,
format-code-task-001903,unverified:ladder-missing,False,,,,unverified,
format-code-task-001904,unverified:ladder-missing,False,,,,unverified,
format-code-task-001905,unverified:ladder-missing,False,,,,unverified,
format-code-task-001906,unverified:ladder-missing,False,,,,unverified,
format-code-task-001907,unverified:ladder-missing,False,,,,unverified,
format-code-task-001908,unverified:ladder-missing,False,,,,unverified,
format-code-task-001909,unverified:nop-missing,True,,1,,unverified,oracle@modal=1
format-code-task-001911,unverified:ladder-missing,False,,,,unverified,
format-code-task-001913,unverified:ladder-missing,False,,,,unverified,
format-code-task-001914,unverified:cells-missing,True,,,,unverified,
format-code-task-001915,unverified:ladder-missing,False,,,,unverified,
format-code-task-001916,unverified:g2-jest-skipped-shape,True,0,fail:0,,unverified,nop@modal=0;oracle@modal=fail:0
format-code-task-001917,unverified:noexec,True,,1-noexec,,unverified,oracle@modal=1-noexec
format-code-task-001918,unverified:ladder-missing,False,,,,unverified,
format-code-task-001919,unverified:ladder-missing,False,,,,unverified,
format-code-task-001920,unverified:ladder-missing,False,,,,unverified,
format-code-task-001921,unverified:ladder-missing,False,,,,unverified,
format-code-task-001922,unverified:ladder-missing,False,,,,unverified,
format-code-task-001923,unverified:ladder-missing,False,,,,unverified,
format-code-task-001924,unverified:ladder-missing,False,,,,unverified,
format-code-task-001925,unverified:ladder-missing,False,,,,unverified,
format-code-task-001926,unverified:ladder-missing,False,,,,unverified,
format-code-task-001927,unverified:cells-missing,True,,,,unverified,
format-code-task-001929,unverified:ladder-missing,False,,,,unverified,
format-code-task-001930,unverified:ladder-missing,False,,,,unverified,
format-code-task-001931,unverified:noexec,True,0-noexec,1-noexec,,unverified,nop@modal=0-noexec;oracle@modal=1-noexec
format-code-task-001932,unverified:noexec,True,,1-noexec,,unverified,oracle@modal=1-noexec
format-code-task-001933,unverified:noexec,True,,1-noexec,,unverified,oracle@modal=1-noexec
format-code-task-001934,unverified:noexec,True,,1-noexec,,unverified,oracle@modal=1-noexec
format-code-task-001935,unverified:ladder-missing,False,,,,unverified,
format-code-task-001936,unverified:ladder-missing,False,,,,unverified,
format-code-task-001937,unverified:ladder-missing,False,,,,unverified,
format-code-task-001938,unverified:ladder-missing,False,,,,unverified,
format-code-task-001939,unverified:ladder-missing,False,,,,unverified,
format-code-task-001940,unverified:cells-missing,True,,,,unverified,
format-code-task-001941,unverified:probe-pending,True,0,1,,unverified,nop@modal=0;oracle@modal=1
format-code-task-001942,unverified:probe-pending,True,0,1,,unverified,nop@modal=0;oracle@modal=1
format-code-task-001943,unverified:cells-missing,True,,,,unverified,
format-code-task-001944,unverified:cells-missing,True,,,,unverified,
format-code-task-001945,unverified:cells-missing,True,,,,unverified,
format-code-task-001946,unverified:cells-missing,True,,,,unverified,
format-code-task-001947,unverified:nop-missing,False,,,clean/1.4.0,unverified,ladder1.4.0=clean
format-code-task-001948,unverified:noexec,True,,1-noexec,,unverified,oracle@modal=1-noexec
format-code-task-001949,unverified:noexec,True,,1-noexec,,unverified,oracle@modal=1-noexec
format-code-task-001950,unverified:noexec,True,0-noexec,1-noexec,,unverified,nop@modal=0-noexec;oracle@modal=1-noexec
format-code-task-001951,unverified:ladder-missing,False,,,,unverified,
format-code-task-001952,unverified:ladder-missing,False,,,,unverified,
format-code-task-001954,unverified:cells-missing,True,,,,unverified,
format-code-task-001955,unverified:cells-missing,True,,,,unverified,
format-code-task-001956,unverified:ladder-missing,False,,,,unverified,
format-code-task-001957,unverified:ladder-missing,False,,,,unverified,
format-code-task-001959,unverified:ladder-missing,False,,,,unverified,
format-code-task-001960,unverified:ladder-missing,False,,,,unverified,
format-code-task-001961,unverified:ladder-missing,False,,,,unverified,
format-code-task-001962,unverified:ladder-missing,False,,,,unverified,
format-code-task-001963,unverified:ladder-missing,False,,,,unverified,
format-code-task-001964,unverified:ladder-missing,False,,,,unverified,
format-code-task-001965,unverified:ladder-missing,False,,,,unverified,
format-code-task-001966,unverified:ladder-missing,False,,,,unverified,
format-code-task-001968,unverified:ladder-missing,False,,,,unverified,
format-code-task-001969,unverified:ladder-missing,False,,,,unverified,
format-code-task-001970,unverified:ladder-missing,False,,,,unverified,
format-code-task-001971,unverified:cells-missing,True,,,,unverified,
format-code-task-001973,unverified:cells-missing,True,,,,unverified,
format-code-task-001974,unverified:nop-missing,False,,,clean/1.4.0,unverified,ladder1.4.0=clean
format-code-task-001975,unverified:ladder-missing,False,,,,unverified,
format-code-task-001976,unverified:ladder-missing,False,,,,unverified,
format-code-task-001977,unverified:ladder-missing,False,,,,unverified,
format-code-task-001979,unverified:ladder-missing,False,,,,unverified,
format-code-task-001980,unverified:ladder-missing,False,,,,unverified,
format-code-task-001981,unverified:ladder-missing,False,,,,unverified,
format-code-task-001982,unverified:ladder-missing,False,,,,unverified,
format-code-task-001983,unverified:ladder-missing,False,,,,unverified,
format-code-task-001984,unverified:ladder-missing,False,,,,unverified,
format-code-task-001985,unverified:nop-missing,True,,1,,unverified,oracle@modal=1
format-code-task-001986,unverified:nop-missing,False,,,clean/1.4.0,unverified,ladder1.4.0=clean
format-code-task-001987,unverified:noexec,True,,1-noexec,,unverified,oracle@modal=1-noexec
format-code-task-001988,unverified:noexec,True,0-noexec,1-noexec,,unverified,nop@modal=0-noexec;oracle@modal=1-noexec
format-code-task-001989,unverified:ladder-missing,False,,,,unverified,
format-code-task-001990,unverified:ladder-missing,False,,,,unverified,
format-code-task-001991,unverified:ladder-missing,False,,,,unverified,
format-code-task-001992,unverified:ladder-missing,False,,,,unverified,
format-code-task-001993,unverified:ladder-missing,False,,,,unverified,
format-code-task-001994,unverified:nop-missing,True,,1,,unverified,oracle@modal=1
format-code-task-001995,unverified:ladder-missing,False,,,,unverified,
format-code-task-001996,unverified:ladder-missing,False,,,,unverified,
format-code-task-001997,unverified:ladder-missing,False,,,,unverified,
format-code-task-001998,unverified:ladder-missing,False,,,,unverified,
format-code-task-001999,unverified:ladder-missing,False,,,,unverified,
format-code-task-002000,unverified:ladder-missing,False,,,,unverified,
format-code-task-002001,unverified:ladder-missing,False,,,,unverified,
format-code-task-002002,unverified:cells-missing,True,,,,unverified,
format-code-task-002003,unverified:nop-missing,False,,,clean/1.4.0,unverified,ladder1.4.0=clean
format-code-task-002004,unverified:ladder-missing,False,,,,unverified,
format-code-task-002007,unverified:ladder-missing,False,,,,unverified,
format-code-task-002008,unverified:ladder-missing,False,,,,unverified,
format-code-task-002012,unverified:ladder-missing,False,,,,unverified,
format-code-task-002014,unverified:ladder-missing,False,,,,unverified,
format-code-task-002015,unverified:cells-missing,True,,,,unverified,
format-code-task-002016,unverified:cells-missing,True,,,,unverified,
format-code-task-002017,unverified:ladder-missing,False,,,,unverified,
format-code-task-002018,unverified:ladder-missing,False,,,,unverified,
format-code-task-002019,unverified:ladder-missing,False,,,,unverified,
format-code-task-002020,unverified:ladder-missing,False,,,,unverified,
format-code-task-002021,unverified:ladder-missing,False,,,,unverified,
format-code-task-002022,unverified:cells-missing,True,,,,unverified,
format-code-task-002023,unverified:ladder-missing,False,,,,unverified,
format-code-task-002024,unverified:noexec,True,,1-noexec,,unverified,oracle@modal=1-noexec
format-code-task-002025,unverified:ladder-missing,False,,,,unverified,
format-code-task-002026,unverified:ladder-missing,False,,,,unverified,
format-code-task-002027,unverified:ladder-missing,False,,,,unverified,
format-code-task-002028,unverified:ladder-missing,False,,,,unverified,
format-code-task-002029,unverified:ladder-1.4.0-incomplete,False,,,,pass,nop=0 carried-@4;ladder12/14 carried-1.3.0-clean
format-code-task-002030,unverified:ladder-missing,False,,,,unverified,
format-code-task-002031,unverified:ladder-missing,False,,,,unverified,
format-code-task-002032,unverified:ladder-missing,False,,,,unverified,
format-code-task-002033,unverified:cells-missing,True,,,,unverified,
format-code-task-002034,unverified:ladder-missing,False,,,,unverified,
format-code-task-002035,unverified:cells-missing,True,,,,unverified,
format-code-task-002036,unverified:ladder-missing,False,,,,unverified,
format-code-task-002037,unverified:noexec,True,,1-noexec,,unverified,oracle@modal=1-noexec
format-code-task-002038,unverified:ladder-missing,False,,,,unverified,
format-code-task-002039,unverified:ladder-missing,False,,,,unverified,
format-code-task-002040,unverified:ladder-missing,False,,,,unverified,
format-code-task-002041,unverified:ladder-missing,False,,,,unverified,
format-code-task-002042,unverified:ladder-missing,False,,,,unverified,
format-code-task-002043,unverified:ladder-missing,False,,,,unverified,
format-code-task-002045,unverified:ladder-missing,False,,,,unverified,
format-code-task-002046,unverified:ladder-missing,False,,,,unverified,
format-code-task-002047,unverified:ladder-missing,False,,,,unverified,
format-code-task-002048,unverified:ladder-missing,False,,,,unverified,
format-code-task-002050,unverified:ladder-missing,False,,,,unverified,
format-code-task-002051,unverified:cells-missing,True,,,,unverified,
format-code-task-002052,unverified:cells-missing,True,,,,unverified,
format-code-task-002053,unverified:ladder-missing,False,,,,unverified,
format-code-task-002055,unverified:ladder-missing,False,,,,unverified,
format-code-task-002056,unverified:ladder-missing,False,,,,unverified,
format-code-task-002057,unverified:ladder-missing,False,,,,unverified,
format-code-task-002060,unverified:ladder-missing,False,,,,unverified,
format-code-task-002061,unverified:ladder-missing,False,,,,unverified,
format-code-task-002062,unverified:ladder-missing,False,,,,unverified,
format-code-task-002063,unverified:ladder-missing,False,,,,unverified,
format-code-task-002064,unverified:ladder-missing,False,,,,unverified,
format-code-task-002065,unverified:ladder-missing,False,,,,unverified,
format-code-task-002067,unverified:ladder-missing,False,,,,unverified,
format-code-task-002069,unverified:ladder-missing,False,,,,unverified,
format-code-task-002070,unverified:ladder-missing,False,,,,unverified,
format-code-task-002071,unverified:ladder-missing,False,,,,unverified,
format-code-task-002072,unverified:cells-missing,True,,,,unverified,
format-code-task-002073,unverified:ladder-missing,False,,,,unverified,
format-code-task-002074,unverified:ladder-missing,False,,,,unverified,
format-code-task-002076,unverified:ladder-missing,False,,,,unverified,
format-code-task-002077,unverified:ladder-missing,False,,,,unverified,
format-code-task-002078,unverified:ladder-missing,False,,,,unverified,
format-code-task-002079,unverified:ladder-missing,False,,,,unverified,
format-code-task-002080,unverified:ladder-missing,False,,,,unverified,
format-code-task-002081,unverified:ladder-missing,False,,,,unverified,
format-code-task-002082,unverified:ladder-missing,False,,,,unverified,
format-code-task-002083,unverified:ladder-missing,False,,,,unverified,
format-code-task-002084,unverified:ladder-missing,False,,,,unverified,
format-code-task-002085,unverified:ladder-missing,False,,,,unverified,
format-code-task-002087,unverified:ladder-missing,False,,,,unverified,
format-code-task-002088,unverified:ladder-missing,False,,,,unverified,
format-code-task-002089,unverified:ladder-missing,False,,,,unverified,
format-code-task-002090,unverified:ladder-missing,False,,,,unverified,
format-code-task-002092,unverified:cells-missing,True,,,,unverified,
format-code-task-002093,unverified:ladder-missing,False,,,,unverified,
format-code-task-002096,unverified:ladder-missing,False,,,,unverified,
format-code-task-002097,unverified:ladder-missing,False,,,,unverified,
format-code-task-002098,unverified:ladder-missing,False,,,,unverified,
format-code-task-002099,unverified:ladder-missing,False,,,,unverified,
format-code-task-002100,unverified:ladder-missing,False,,,,unverified,
format-code-task-002101,unverified:ladder-missing,False,,,,unverified,
format-code-task-002102,unverified:ladder-missing,False,,,,unverified,
format-code-task-002103,unverified:ladder-missing,False,,,,unverified,
format-code-task-002104,unverified:ladder-missing,False,,,,unverified,
format-code-task-002105,unverified:ladder-missing,False,,,,unverified,
format-code-task-002106,unverified:ladder-missing,False,,,,unverified,
format-code-task-002107,unverified:ladder-missing,False,,,,unverified,
format-code-task-002108,unverified:ladder-missing,False,,,,unverified,
format-code-task-002109,unverified:ladder-missing,False,,,,unverified,
format-code-task-002110,unverified:ladder-missing,False,,,,unverified,
format-code-task-002111,unverified:ladder-missing,False,,,,unverified,
format-code-task-002112,unverified:ladder-missing,False,,,,unverified,
format-code-task-002113,unverified:ladder-missing,False,,,,unverified,
format-code-task-002115,unverified:cells-missing,True,,,,unverified,
format-code-task-002117,unverified:ladder-missing,False,,,,unverified,
format-code-task-002119,unverified:ladder-missing,False,,,,unverified,
format-code-task-002120,unverified:ladder-missing,False,,,,unverified,
format-code-task-002121,unverified:ladder-missing,False,,,,unverified,
format-code-task-002122,unverified:ladder-missing,False,,,,unverified,
format-code-task-002123,unverified:ladder-missing,False,,,,unverified,
format-code-task-002126,unverified:probe-pending,True,0,1,,unverified,nop@modal=0;oracle@modal=1
format-code-task-002127,unverified:ladder-missing,False,,,,unverified,
format-code-task-002128,unverified:ladder-missing,False,,,,unverified,
format-code-task-002129,unverified:ladder-missing,False,,,,unverified,
format-code-task-002130,unverified:ladder-missing,False,,,,unverified,
format-code-task-002131,unverified:ladder-missing,False,,,,unverified,
format-code-task-002132,unverified:ladder-missing,False,,,,unverified,
format-code-task-002133,unverified:ladder-missing,False,,,,unverified,
format-code-task-002134,unverified:ladder-missing,False,,,,unverified,
format-code-task-002135,unverified:cells-missing,True,,,,unverified,
format-code-task-002136,unverified:cells-missing,True,,,,unverified,
format-code-task-002137,unverified:ladder-missing,False,,,,unverified,
format-code-task-002138,unverified:ladder-missing,False,,,,unverified,
format-code-task-002139,unverified:nop-missing,True,,1,,unverified,oracle@modal=1
format-code-task-002140,unverified:ladder-missing,False,,,,unverified,
format-code-task-002141,unverified:ladder-missing,False,,,,unverified,
format-code-task-002142,unverified:ladder-missing,False,,,,unverified,
format-code-task-002143,unverified:ladder-missing,False,,,,unverified,
format-code-task-002144,unverified:ladder-missing,False,,,,unverified,
format-code-task-002145,unverified:ladder-missing,False,,,,unverified,
format-code-task-002146,unverified:nop-missing,False,,,clean/1.4.0,unverified,ladder1.4.0=clean
format-code-task-002147,unverified:ladder-missing,False,,,,unverified,
format-code-task-002148,unverified:ladder-missing,False,,,,unverified,
format-code-task-002149,unverified:cells-missing,True,,,,unverified,
format-code-task-002150,unverified:ladder-missing,False,,,,unverified,
format-code-task-002151,unverified:ladder-missing,False,,,,unverified,
format-code-task-002152,unverified:ladder-missing,False,,,,unverified,
format-code-task-002153,unverified:nop-missing,False,,,clean/1.4.0,unverified,ladder1.4.0=clean
format-code-task-002154,unverified:ladder-missing,False,,,,unverified,
format-code-task-002155,unverified:ladder-missing,False,,,,unverified,
format-code-task-002156,unverified:ladder-missing,False,,,,unverified,
format-code-task-002157,unverified:ladder-missing,False,,,,unverified,
format-code-task-002158,unverified:ladder-missing,False,,,,unverified,
format-code-task-002159,unverified:ladder-missing,False,,,,unverified,
format-code-task-002160,unverified:noexec,True,,1-noexec,,unverified,oracle@modal=1-noexec
format-code-task-002162,unverified:nop-missing,True,,1,,unverified,oracle@modal=1
format-code-task-002163,unverified:ladder-missing,False,,,,unverified,
format-code-task-002164,unverified:ladder-missing,False,,,,unverified,
format-code-task-002165,unverified:ladder-missing,False,,,,unverified,
format-code-task-002169,unverified:ladder-missing,False,,,,unverified,
format-code-task-002170,unverified:ladder-missing,False,,,,unverified,
format-code-task-002171,unverified:ladder-missing,False,,,,unverified,
format-code-task-002172,unverified:nop-missing,False,,,clean/1.4.0,unverified,ladder1.4.0=clean
format-code-task-002173,unverified:ladder-missing,False,,,,unverified,
format-code-task-002174,unverified:ladder-missing,False,,,,unverified,
format-code-task-002175,unverified:ladder-missing,False,,,,unverified,
format-code-task-002176,unverified:ladder-missing,False,,,,unverified,
format-code-task-002177,unverified:ladder-missing,False,,,,unverified,
format-code-task-002178,unverified:ladder-missing,False,,,,unverified,
format-code-task-002179,unverified:ladder-missing,False,,,,unverified,
format-code-task-002180,unverified:ladder-missing,False,,,,unverified,
format-code-task-002181,unverified:ladder-missing,False,,,,unverified,
format-code-task-002182,unverified:ladder-missing,False,,,,unverified,
format-code-task-002183,unverified:ladder-missing,False,,,,unverified,
format-code-task-002185,unverified:ladder-missing,False,,,,unverified,
format-code-task-002186,unverified:ladder-missing,False,,,,unverified,
format-code-task-002187,unverified:ladder-missing,False,,,,unverified,
format-code-task-002188,unverified:probe-pending,True,0,1,,unverified,nop@modal=0;oracle@modal=1
format-code-task-002189,unverified:ladder-missing,False,,,,unverified,
format-code-task-002190,unverified:nop-missing,True,,1,,unverified,oracle@modal=1
format-code-task-002191,unverified:ladder-missing,False,,,,unverified,
format-code-task-002195,unverified:ladder-missing,False,,,,unverified,
format-code-task-002196,unverified:noexec,True,,1-noexec,,unverified,oracle@modal=1-noexec
format-code-task-002197,unverified:ladder-missing,False,,,,unverified,
format-code-task-002198,unverified:noexec,True,,1-noexec,,unverified,oracle@modal=1-noexec
format-code-task-002199,unverified:noexec,True,0-noexec,1-noexec,,unverified,nop@modal=0-noexec;oracle@modal=1-noexec
format-code-task-002201,unverified:ladder-missing,False,,,,unverified,
format-code-task-002202,unverified:nop-missing,False,,,clean/1.4.0,unverified,ladder1.4.0=clean
format-code-task-002204,unverified:ladder-missing,False,,,,unverified,
format-code-task-002205,unverified:noexec,True,,1-noexec,clean/1.4.0,unverified,oracle@modal=1-noexec;ladder1.4.0=clean
format-code-task-002206,unverified:noexec,True,,1-noexec,,unverified,oracle@modal=1-noexec
format-code-task-002207,unverified:nop-missing,False,,,clean/1.4.0,unverified,ladder1.4.0=clean
format-code-task-002208,unverified:cells-missing,True,,,,unverified,
format-code-task-002209,unverified:ladder-missing,False,,,,unverified,
format-code-task-002210,unverified:cells-missing,True,,,,unverified,
format-code-task-002211,unverified:ladder-missing,False,,,,unverified,
format-code-task-002212,unverified:cells-missing,True,,,,unverified,
format-code-task-002213,unverified:ladder-missing,False,,,,unverified,
format-code-task-002214,unverified:cells-missing,True,,,,unverified,
format-code-task-002215,unverified:ladder-missing,False,,,,unverified,
format-code-task-002216,unverified:cells-missing,True,,,,unverified,
format-code-task-002218,unverified:ladder-missing,False,,,,unverified,
format-code-task-002219,unverified:cells-missing,True,,,,unverified,
format-code-task-002220,unverified:ladder-missing,False,,,,unverified,
format-code-task-002221,unverified:nop-missing,True,,1,,unverified,oracle@modal=1
format-code-task-002222,unverified:nop-missing,True,,1,clean/1.4.0,unverified,oracle@modal=1;ladder1.4.0=clean
format-code-task-002223,unverified:ladder-missing,False,,,,unverified,
format-code-task-002224,unverified:nop-missing,False,,,clean/1.4.0,unverified,ladder1.4.0=clean
format-code-task-002226,unverified:ladder-missing,False,,,,unverified,
format-code-task-002228,unverified:nop-missing,True,,1,,unverified,oracle@modal=1
format-code-task-002229,unverified:cells-missing,True,,,,unverified,
format-code-task-002230,unverified:cells-missing,True,,,,unverified,
format-code-task-002231,unverified:cells-missing,True,,,,unverified,
format-code-task-002233,unverified:ladder-missing,False,,,,unverified,
format-code-task-002238,unverified:ladder-missing,False,,,,unverified,
format-code-task-002239,unverified:nop-missing,False,,,clean/1.4.0,unverified,ladder1.4.0=clean
format-code-task-002240,unverified:ladder-missing,False,,,,unverified,
format-code-task-002242,unverified:ladder-missing,False,,,,unverified,
format-code-task-002243,unverified:ladder-missing,False,,,,unverified,
format-code-task-002245,unverified:ladder-missing,False,,,,unverified,
format-code-task-002246,unverified:ladder-missing,False,,,,unverified,
format-code-task-002247,unverified:ladder-missing,False,,,,unverified,
format-code-task-002248,unverified:ladder-missing,False,,,,unverified,
format-code-task-002249,unverified:ladder-missing,False,,,,unverified,
format-code-task-002250,unverified:nop-missing,True,,1,,unverified,oracle@modal=1
format-code-task-002251,unverified:ladder-missing,False,,,,unverified,
format-code-task-002252,unverified:ladder-missing,False,,,,unverified,
format-code-task-002253,unverified:ladder-missing,False,,,,unverified,
format-code-task-002254,unverified:ladder-missing,False,,,,unverified,
format-code-task-002255,unverified:ladder-missing,False,,,,unverified,
format-code-task-002256,unverified:cells-missing,True,,,,unverified,
format-code-task-002259,unverified:ladder-missing,False,,,,unverified,
format-code-task-002260,unverified:ladder-missing,False,,,,unverified,
format-code-task-002262,unverified:ladder-missing,False,,,,unverified,
format-code-task-002263,unverified:ladder-missing,False,,,,unverified,
format-code-task-002264,unverified:ladder-missing,False,,,,unverified,
format-code-task-002265,unverified:ladder-missing,False,,,,unverified,
format-code-task-002266,unverified:ladder-missing,False,,,,unverified,
format-code-task-002267,unverified:nop-missing,False,,,clean/1.4.0,unverified,ladder1.4.0=clean
format-code-task-002268,unverified:ladder-missing,False,,,,unverified,
format-code-task-002269,unverified:ladder-missing,False,,,,unverified,
format-code-task-002270,unverified:ladder-missing,False,,,,unverified,
format-code-task-002271,unverified:ladder-missing,False,,,,unverified,
format-code-task-002272,unverified:ladder-missing,False,,,,unverified,
format-code-task-002273,unverified:ladder-missing,False,,,,unverified,
format-code-task-002274,unverified:ladder-missing,False,,,,unverified,
format-code-task-002275,unverified:ladder-missing,False,,,,unverified,
format-code-task-002276,unverified:ladder-missing,False,,,,unverified,
format-code-task-002277,unverified:ladder-missing,False,,,,unverified,
format-code-task-002278,unverified:ladder-missing,False,,,,unverified,
format-code-task-002280,unverified:ladder-missing,False,,,,unverified,
format-code-task-002281,unverified:ladder-missing,False,,,,unverified,
format-code-task-002282,unverified:ladder-missing,False,,,,unverified,
format-code-task-002283,unverified:cells-missing,True,,,,unverified,
format-code-task-002285,unverified:ladder-missing,False,,,,unverified,
format-code-task-002287,unverified:ladder-missing,False,,,,unverified,
format-code-task-002288,unverified:ladder-missing,False,,,,unverified,
format-code-task-002289,unverified:ladder-missing,False,,,,unverified,
format-code-task-002290,unverified:cells-missing,True,,,,unverified,
format-code-task-002291,unverified:ladder-missing,False,,,,unverified,
format-code-task-002292,unverified:ladder-missing,False,,,,unverified,
format-code-task-002293,unverified:ladder-missing,False,,,,unverified,
format-code-task-002294,unverified:ladder-missing,False,,,,unverified,
format-code-task-002295,unverified:ladder-missing,False,,,,unverified,
format-code-task-002296,unverified:ladder-missing,False,,,,unverified,
format-code-task-002298,unverified:ladder-missing,False,,,,unverified,
format-code-task-002299,unverified:ladder-missing,False,,,,unverified,
format-code-task-002300,unverified:ladder-missing,False,,,,unverified,
format-code-task-002301,unverified:ladder-missing,False,,,,unverified,
format-code-task-002302,unverified:cells-missing,True,,,,unverified,
format-code-task-002303,unverified:ladder-missing,False,,,,unverified,
format-code-task-002304,unverified:noexec,True,,1-noexec,,unverified,oracle@modal=1-noexec
format-code-task-002305,unverified:ladder-missing,False,,,,unverified,
format-code-task-002306,unverified:nop-missing,True,,1,,unverified,oracle@modal=1
format-code-task-002307,unverified:cells-missing,True,,,,unverified,
format-code-task-002308,unverified:ladder-missing,False,,,,unverified,
format-code-task-002309,unverified:ladder-missing,False,,,,unverified,
format-code-task-002311,unverified:ladder-missing,False,,,,unverified,
format-code-task-002312,unverified:ladder-missing,False,,,,unverified,
format-code-task-002313,unverified:ladder-missing,False,,,,unverified,
format-code-task-002314,unverified:ladder-missing,False,,,,unverified,
format-code-task-002315,unverified:ladder-missing,False,,,,unverified,
format-code-task-002316,unverified:ladder-missing,False,,,,unverified,
format-code-task-002317,unverified:ladder-missing,False,,,,unverified,
format-code-task-002318,unverified:ladder-missing,False,,,,unverified,
format-code-task-002319,unverified:ladder-missing,False,,,,unverified,
format-code-task-002320,unverified:ladder-missing,False,,,,unverified,
format-code-task-002321,unverified:nop-missing,False,,,clean/1.4.0,unverified,ladder1.4.0=clean
format-code-task-002322,unverified:ladder-missing,False,,,,unverified,
format-code-task-002323,unverified:ladder-missing,False,,,,unverified,
format-code-task-002324,unverified:ladder-missing,False,,,,unverified,
format-code-task-002325,unverified:ladder-missing,False,,,,unverified,
format-code-task-002326,unverified:ladder-missing,False,,,,unverified,
format-code-task-002327,unverified:ladder-missing,False,,,,unverified,
format-code-task-002328,unverified:ladder-missing,False,,,,unverified,
format-code-task-002329,unverified:ladder-missing,False,,,,unverified,
format-code-task-002330,unverified:ladder-missing,False,,,,unverified,
format-code-task-002331,unverified:ladder-missing,False,,,,unverified,
format-code-task-002332,unverified:ladder-missing,False,,,,unverified,
format-code-task-002333,unverified:ladder-missing,False,,,,unverified,
format-code-task-002334,unverified:ladder-missing,False,,,,unverified,
format-code-task-002335,unverified:cells-missing,True,,,,unverified,
format-code-task-002336,unverified:cells-missing,True,,,,unverified,
format-code-task-002338,unverified:ladder-missing,False,,,,unverified,
format-code-task-002339,unverified:ladder-missing,False,,,,unverified,
format-code-task-002340,unverified:ladder-missing,False,,,,unverified,
format-code-task-002341,unverified:nop-missing,True,,1,,unverified,oracle@modal=1
format-code-task-002343,unverified:ladder-missing,False,,,,unverified,
format-code-task-002344,unverified:ladder-missing,False,,,,unverified,
format-code-task-002345,unverified:ladder-missing,False,,,,unverified,
format-code-task-002346,unverified:ladder-missing,False,,,,unverified,
format-code-task-002347,unverified:ladder-missing,False,,,,unverified,
format-code-task-002349,unverified:ladder-missing,False,,,,unverified,
format-code-task-002350,unverified:nop-missing,True,,1,,unverified,oracle@modal=1
format-code-task-002351,unverified:cells-missing,True,,,clean/1.4.0,unverified,ladder1.4.0=clean
format-code-task-002352,unverified:nop-missing,True,,1,,unverified,oracle@modal=1
format-code-task-002353,unverified:nop-missing,False,,,clean/1.4.0,unverified,ladder1.4.0=clean
format-code-task-002354,unverified:ladder-missing,False,,,,unverified,
format-code-task-002355,unverified:nop-missing,True,,1,,unverified,oracle@modal=1
format-code-task-002356,unverified:cells-missing,True,,,,unverified,
format-code-task-002357,unverified:ladder-missing,False,,,,unverified,
format-code-task-002358,unverified:ladder-1.4.0-incomplete,False,,,,unverified,ladder12/14 carried-1.3.0-clean
format-code-task-002359,unverified:ladder-missing,False,,,,unverified,
format-code-task-002360,unverified:ladder-missing,False,,,,unverified,
format-code-task-002361,unverified:ladder-missing,False,,,,unverified,
format-code-task-002362,unverified:ladder-1.4.0-incomplete,False,,,,pass,nop=0 carried-@4;ladder12/14 carried-1.3.0-clean
format-code-task-002364,unverified:ladder-missing,False,,,,unverified,
format-code-task-002365,unverified:ladder-missing,False,,,,unverified,
format-code-task-002366,unverified:cells-missing,True,,,,unverified,
format-code-task-002367,unverified:ladder-missing,False,,,,unverified,
format-code-task-002368,unverified:cells-missing,True,,,,unverified,
format-code-task-002370,unverified:ladder-missing,False,,,,unverified,
format-code-task-002371,unverified:cells-missing,True,,,,unverified,
format-code-task-002372,unverified:ladder-missing,False,,,,unverified,
format-code-task-002373,unverified:ladder-missing,False,,,,unverified,
format-code-task-002374,unverified:ladder-missing,False,,,,unverified,
format-code-task-002375,unverified:ladder-missing,False,,,,unverified,
format-code-task-002376,unverified:probe-pending,True,0,1,,unverified,nop@modal=0;oracle@modal=1
format-code-task-002377,unverified:cells-missing,True,,,,unverified,
format-code-task-002378,unverified:cells-missing,True,,,,unverified,
format-code-task-002379,unverified:ladder-missing,False,,,,unverified,
format-code-task-002380,unverified:cells-missing,True,,,,unverified,
format-code-task-002382,unverified:nop-missing,True,,1,,unverified,oracle@modal=1
format-code-task-002383,unverified:ladder-missing,False,,,,unverified,
format-code-task-002384,unverified:cells-missing,True,,,,unverified,
format-code-task-002385,unverified:ladder-missing,False,,,,unverified,
format-code-task-002386,unverified:nop-missing,False,,,clean/1.4.0,unverified,ladder1.4.0=clean
format-code-task-002387,unverified:ladder-missing,False,,,,unverified,
format-code-task-002388,unverified:ladder-missing,False,,,,unverified,
format-code-task-002389,unverified:cells-missing,True,,,,unverified,
format-code-task-002390,unverified:ladder-missing,False,,,,unverified,
format-code-task-002391,unverified:cells-missing,True,,,,unverified,
format-code-task-002393,unverified:cells-missing,True,,,,unverified,
format-code-task-002394,unverified:cells-missing,True,,,,unverified,
format-code-task-002395,unverified:cells-missing,True,,,,unverified,
format-code-task-002396,unverified:cells-missing,True,,,,unverified,
format-code-task-002397,unverified:ladder-missing,False,,,,unverified,
format-code-task-002398,unverified:ladder-missing,False,,,,unverified,
format-code-task-002399,unverified:ladder-missing,False,,,,unverified,
format-code-task-002400,unverified:cells-missing,True,,,,unverified,
format-code-task-002401,unverified:ladder-missing,False,,,,unverified,
format-code-task-002402,unverified:cells-missing,True,,,,unverified,
format-code-task-002403,unverified:ladder-missing,False,,,,unverified,
format-code-task-002404,unverified:ladder-missing,False,,,,unverified,
format-code-task-002405,unverified:ladder-missing,False,,,,unverified,
format-code-task-002406,unverified:cells-missing,True,,,,unverified,
format-code-task-002407,unverified:ladder-missing,False,,,,unverified,
format-code-task-002408,unverified:ladder-missing,False,,,,unverified,
format-code-task-002409,unverified:nop-missing,True,,1,,unverified,oracle@modal=1
format-code-task-002410,unverified:cells-missing,True,,,clean/1.4.0,unverified,ladder1.4.0=clean
format-code-task-002411,unverified:cells-missing,True,,,,unverified,
format-code-task-002412,unverified:cells-missing,True,,,,unverified,
format-code-task-002413,unverified:nop-missing,True,,1,,unverified,oracle@modal=1
format-code-task-002414,unverified:cells-missing,True,,,,unverified,
format-code-task-002415,unverified:ladder-missing,False,,,,unverified,
format-code-task-002416,unverified:cells-missing,True,,,,unverified,
format-code-task-002418,unverified:ladder-missing,False,,,,unverified,
format-code-task-002419,unverified:g5-collection-error-ftp,True,0-noexec,fail:0,,unverified,nop@modal=0-noexec;oracle@modal=fail:0
format-code-task-002421,unverified:ladder-missing,False,,,,unverified,
format-code-task-002422,unverified:ladder-missing,False,,,,unverified,
format-code-task-002423,unverified:ladder-missing,False,,,,unverified,
format-code-task-002425,unverified:ladder-missing,False,,,,unverified,
format-code-task-002426,unverified:ladder-missing,False,,,,unverified,
format-code-task-002427,unverified:ladder-missing,False,,,,unverified,
format-code-task-002428,unverified:ladder-1.4.0-incomplete,False,,,,pass,nop=0 carried-@4;ladder12/14 carried-1.3.0-clean
format-code-task-002429,unverified:ladder-missing,False,,,,unverified,
format-code-task-002430,unverified:ladder-missing,False,,,,unverified,
format-code-task-002431,unverified:ladder-missing,False,,,,unverified,
format-code-task-002432,unverified:ladder-missing,False,,,,unverified,
format-code-task-002433,unverified:ladder-missing,False,,,,unverified,
format-code-task-002434,unverified:ladder-missing,False,,,,unverified,
format-code-task-002435,unverified:ladder-missing,False,,,,unverified,
format-code-task-002436,unverified:ladder-missing,False,,,,unverified,
format-code-task-002437,unverified:ladder-missing,False,,,,unverified,
format-code-task-002438,unverified:ladder-missing,False,,,,unverified,
format-code-task-002439,unverified:ladder-missing,False,,,,unverified,
format-code-task-002440,unverified:ladder-missing,False,,,,unverified,
format-code-task-002441,unverified:ladder-missing,False,,,,unverified,
format-code-task-002442,unverified:ladder-missing,False,,,,unverified,
format-code-task-002443,unverified:ladder-missing,False,,,,unverified,
format-code-task-002444,unverified:ladder-missing,False,,,,unverified,
format-code-task-002445,unverified:ladder-missing,False,,,,unverified,
format-code-task-002446,unverified:ladder-missing,False,,,,unverified,
format-code-task-002450,unverified:cells-missing,True,,,,unverified,
format-code-task-002451,unverified:cells-missing,True,,,,unverified,
format-code-task-002452,unverified:ladder-missing,False,,,,unverified,
format-code-task-002453,unverified:ladder-missing,False,,,,unverified,
format-code-task-002454,unverified:ladder-missing,False,,,,unverified,
format-code-task-002455,unverified:ladder-missing,False,,,,unverified,
format-code-task-002457,unverified:ladder-missing,False,,,,unverified,
format-code-task-002458,unverified:ladder-missing,False,,,,unverified,
format-code-task-002459,unverified:ladder-missing,False,,,,unverified,
format-code-task-002460,unverified:nop-missing,True,,1,clean/1.4.0,unverified,oracle@modal=1;ladder1.4.0=clean
format-code-task-002461,unverified:ladder-missing,False,,,,unverified,
format-code-task-002462,unverified:nop-missing,False,,,clean/1.4.0,unverified,ladder1.4.0=clean
format-code-task-002463,unverified:ladder-missing,False,,,,unverified,
format-code-task-002464,unverified:ladder-missing,False,,,,unverified,
format-code-task-002465,unverified:ladder-missing,False,,,,unverified,
format-code-task-002466,unverified:nop-missing,True,,1,clean/1.4.0,unverified,oracle@modal=1;ladder1.4.0=clean
format-code-task-002468,unverified:ladder-missing,False,,,,unverified,
format-code-task-002469,unverified:ladder-missing,False,,,,unverified,
format-code-task-002470,unverified:cells-missing,True,,,,unverified,
format-code-task-002471,unverified:ladder-missing,False,,,,unverified,
format-code-task-002472,unverified:ladder-missing,False,,,,unverified,
format-code-task-002474,unverified:ladder-missing,False,,,,unverified,
format-code-task-002475,unverified:ladder-missing,False,,,,unverified,
format-code-task-002476,unverified:ladder-missing,False,,,,unverified,
format-code-task-002477,unverified:ladder-missing,False,,,,unverified,
format-code-task-002478,unverified:ladder-missing,False,,,,unverified,
format-code-task-002479,unverified:ladder-missing,False,,,,unverified,
format-code-task-002480,unverified:ladder-missing,False,,,,unverified,
format-code-task-002481,unverified:ladder-missing,False,,,,unverified,
format-code-task-002482,unverified:ladder-missing,False,,,,unverified,
format-code-task-002483,unverified:cells-missing,True,,,,unverified,
format-code-task-002486,unverified:ladder-missing,False,,,,unverified,
format-code-task-002487,unverified:ladder-missing,False,,,,unverified,
format-code-task-002488,unverified:ladder-missing,False,,,,unverified,
format-code-task-002489,unverified:ladder-missing,False,,,,unverified,
format-code-task-002490,unverified:ladder-missing,False,,,,unverified,
format-code-task-002491,unverified:ladder-missing,False,,,,unverified,
format-code-task-002492,unverified:ladder-missing,False,,,,unverified,
format-code-task-002493,unverified:probe-pending,True,0,1,,unverified,nop@modal=0;oracle@modal=1
format-code-task-002494,unverified:ladder-missing,False,,,,unverified,
format-code-task-002495,unverified:ladder-missing,False,,,,unverified,
format-code-task-002496,unverified:ladder-missing,False,,,,unverified,
format-code-task-002499,unverified:cells-missing,True,,,,unverified,
format-code-task-002500,unverified:ladder-missing,False,,,,unverified,
format-code-task-002502,unverified:ladder-missing,False,,,,unverified,
format-code-task-002503,unverified:ladder-missing,False,,,,unverified,
format-code-task-002504,unverified:nop-missing,True,,1,,unverified,oracle@modal=1
format-code-task-002505,unverified:ladder-missing,False,,,,unverified,
format-code-task-002506,unverified:ladder-missing,False,,,,unverified,
format-code-task-002507,unverified:nop-missing,True,,1,,unverified,oracle@modal=1
format-code-task-002508,unverified:g5-collection-error-ftp,True,,fail:0,,unverified,oracle@modal=fail:0
format-code-task-002509,unverified:ladder-missing,False,,,,unverified,
format-code-task-002510,unverified:ladder-missing,False,,,,unverified,
format-code-task-002511,unverified:probe-pending,True,0,1,,unverified,nop@modal=0;oracle@modal=1
format-code-task-002512,unverified:ladder-missing,False,,,,unverified,
format-code-task-002513,unverified:ladder-missing,False,,,,unverified,
format-code-task-002515,unverified:ladder-missing,False,,,,unverified,
format-code-task-002516,unverified:ladder-missing,False,,,,unverified,
format-code-task-002517,unverified:ladder-missing,False,,,,unverified,
format-code-task-002518,unverified:ladder-missing,False,,,,unverified,
format-code-task-002519,unverified:cells-missing,True,,,,unverified,
format-code-task-002520,unverified:ladder-missing,False,,,,unverified,
format-code-task-002521,unverified:cells-missing,True,,,,unverified,
format-code-task-002522,unverified:ladder-missing,False,,,,unverified,
format-code-task-002523,unverified:nop-missing,True,,1,,unverified,oracle@modal=1
format-code-task-002525,unverified:ladder-missing,False,,,,unverified,
format-code-task-002528,unverified:ladder-missing,False,,,,unverified,
format-code-task-002529,unverified:ladder-missing,False,,,,unverified,
format-code-task-002531,unverified:ladder-missing,False,,,,unverified,
format-code-task-002532,unverified:ladder-missing,False,,,,unverified,
format-code-task-002533,unverified:ladder-missing,False,,,,unverified,
format-code-task-002535,unverified:noexec,True,,1-noexec,,unverified,oracle@modal=1-noexec
format-code-task-002536,unverified:nop-missing,True,,1,,unverified,oracle@modal=1
format-code-task-002537,unverified:ladder-missing,False,,,,unverified,
format-code-task-002538,unverified:probe-pending,True,0,1,,unverified,nop@modal=0;oracle@modal=1
format-code-task-002539,unverified:cells-missing,True,,,,unverified,
format-code-task-002540,unverified:ladder-missing,False,,,,unverified,
format-code-task-002541,unverified:ladder-missing,False,,,,unverified,
format-code-task-002542,unverified:ladder-missing,False,,,,unverified,
format-code-task-002543,unverified:ladder-missing,False,,,,unverified,
format-code-task-002544,unverified:ladder-missing,False,,,,unverified,
format-code-task-002545,unverified:nop-missing,True,,1,,unverified,oracle@modal=1
format-code-task-002547,unverified:ladder-missing,False,,,,unverified,
format-code-task-002548,unverified:ladder-missing,False,,,,unverified,
format-code-task-002549,unverified:cells-missing,True,,,,unverified,
format-code-task-002550,unverified:ladder-missing,False,,,,unverified,
format-code-task-002551,unverified:ladder-missing,False,,,,unverified,
format-code-task-002552,unverified:probe-pending,True,0,1,clean/1.4.0,unverified,nop@modal=0;oracle@modal=1;ladder1.4.0=clean
format-code-task-002554,unverified:cells-missing,True,,,,unverified,
format-code-task-002555,unverified:cells-missing,True,,,,unverified,
format-code-task-002557,unverified:ladder-missing,False,,,,unverified,
format-code-task-002558,unverified:ladder-missing,False,,,,unverified,
format-code-task-002559,unverified:ladder-missing,False,,,,unverified,
format-code-task-002560,unverified:ladder-missing,False,,,,unverified,
format-code-task-002561,unverified:ladder-missing,False,,,,unverified,
format-code-task-002562,unverified:ladder-missing,False,,,,unverified,
format-code-task-002563,unverified:ladder-missing,False,,,,unverified,
format-code-task-002564,unverified:ladder-missing,False,,,,unverified,
format-code-task-002566,unverified:ladder-missing,False,,,,unverified,
format-code-task-002567,unverified:ladder-missing,False,,,,unverified,
format-code-task-002568,unverified:ladder-missing,False,,,,unverified,
format-code-task-002569,unverified:ladder-missing,False,,,,unverified,
format-code-task-002570,unverified:ladder-missing,False,,,,unverified,
format-code-task-002571,unverified:ladder-missing,False,,,,unverified,
format-code-task-002572,unverified:ladder-missing,False,,,,unverified,
format-code-task-002573,unverified:ladder-missing,False,,,,unverified,
format-code-task-002574,unverified:ladder-missing,False,,,,unverified,
format-code-task-002578,unverified:ladder-missing,False,,,,unverified,
format-code-task-002579,unverified:ladder-missing,False,,,,unverified,
format-code-task-002580,unverified:ladder-missing,False,,,,unverified,
format-code-task-002581,unverified:ladder-missing,False,,,,unverified,
format-code-task-002582,unverified:ladder-missing,False,,,,unverified,
format-code-task-002586,unverified:ladder-missing,False,,,,unverified,
format-code-task-002587,unverified:ladder-missing,False,,,,unverified,
format-code-task-002588,unverified:ladder-missing,False,,,,unverified,
format-code-task-002589,unverified:ladder-missing,False,,,,unverified,
format-code-task-002590,unverified:ladder-missing,False,,,,unverified,
format-code-task-002591,unverified:ladder-missing,False,,,,unverified,
format-code-task-002593,unverified:ladder-missing,False,,,,unverified,
format-code-task-002594,unverified:ladder-missing,False,,,,unverified,
format-code-task-002595,unverified:ladder-missing,False,,,,unverified,
format-code-task-002596,unverified:ladder-missing,False,,,,unverified,
format-code-task-002597,unverified:ladder-missing,False,,,,unverified,
format-code-task-002598,unverified:ladder-missing,False,,,,unverified,
format-code-task-002599,unverified:ladder-missing,False,,,,unverified,
format-code-task-002600,unverified:cells-missing,True,,,,unverified,
format-code-task-002601,unverified:cells-missing,True,,,,unverified,
format-code-task-002602,unverified:ladder-missing,False,,,,unverified,
format-code-task-002605,unverified:ladder-missing,False,,,,unverified,
format-code-task-002606,unverified:ladder-missing,False,,,,unverified,
format-code-task-002607,unverified:ladder-no-reward,False,,,unscored/1.4.0,unverified,ladder1.4.0=unscored
format-code-task-002609,unverified:cells-missing,True,,,,unverified,
format-code-task-002610,unverified:cells-missing,True,,,,unverified,
format-code-task-002611,unverified:noexec,True,0-noexec,1-noexec,,unverified,nop@modal=0-noexec;oracle@modal=1-noexec
format-code-task-002612,unverified:ladder-missing,False,,,,unverified,
format-code-task-002613,unverified:ladder-missing,False,,,,unverified,
format-code-task-002614,unverified:cells-missing,True,,,,unverified,
format-code-task-002615,unverified:g5-collection-error-ftp,True,,fail:0,,unverified,oracle@modal=fail:0
format-code-task-002616,unverified:ladder-missing,False,,,,unverified,
format-code-task-002617,unverified:ladder-missing,False,,,,unverified,
format-code-task-002618,unverified:cells-missing,True,,,clean/1.4.0,unverified,ladder1.4.0=clean
format-code-task-002619,unverified:cells-missing,True,,,,unverified,
format-code-task-002620,unverified:ladder-missing,False,,,,unverified,
format-code-task-002621,unverified:ladder-missing,False,,,,unverified,
format-code-task-002622,unverified:ladder-missing,False,,,,unverified,
format-code-task-002623,unverified:ladder-missing,False,,,,unverified,
format-code-task-002624,unverified:ladder-missing,False,,,,unverified,
format-code-task-002626,unverified:ladder-missing,False,,,,unverified,
format-code-task-002627,unverified:ladder-missing,False,,,,unverified,
format-code-task-002628,unverified:ladder-missing,False,,,,unverified,
format-code-task-002629,unverified:ladder-missing,False,,,,unverified,
format-code-task-002630,unverified:ladder-missing,False,,,,unverified,
format-code-task-002631,unverified:ladder-missing,False,,,,unverified,
format-code-task-002632,unverified:ladder-missing,False,,,,unverified,
format-code-task-002633,unverified:ladder-missing,False,,,,unverified,
format-code-task-002634,unverified:ladder-missing,False,,,,unverified,
format-code-task-002635,unverified:ladder-missing,False,,,,unverified,
format-code-task-002636,unverified:ladder-missing,False,,,,unverified,
format-code-task-002637,unverified:ladder-missing,False,,,,unverified,
format-code-task-002638,unverified:ladder-missing,False,,,,unverified,
format-code-task-002639,unverified:ladder-missing,False,,,,unverified,
format-code-task-002640,unverified:ladder-missing,False,,,,unverified,
format-code-task-002641,unverified:cells-missing,True,,,,unverified,
format-code-task-002642,unverified:ladder-missing,False,,,,unverified,
format-code-task-002643,unverified:ladder-missing,False,,,,unverified,
format-code-task-002644,unverified:ladder-missing,False,,,,unverified,
format-code-task-002645,unverified:ladder-missing,False,,,,unverified,
format-code-task-002646,unverified:ladder-missing,False,,,,unverified,
format-code-task-002647,unverified:ladder-missing,False,,,,unverified,
format-code-task-002648,unverified:ladder-missing,False,,,,unverified,
format-code-task-002649,unverified:cells-missing,True,,,,unverified,
format-code-task-002650,unverified:ladder-missing,False,,,,unverified,
format-code-task-002651,unverified:ladder-missing,False,,,,unverified,
format-code-task-002652,unverified:ladder-missing,False,,,,unverified,
format-code-task-002653,unverified:ladder-missing,False,,,,unverified,
format-code-task-002654,unverified:ladder-missing,False,,,,unverified,
format-code-task-002655,unverified:ladder-missing,False,,,,unverified,
format-code-task-002656,unverified:ladder-missing,False,,,,unverified,
format-code-task-002657,unverified:ladder-missing,False,,,,unverified,
format-code-task-002658,unverified:ladder-missing,False,,,,unverified,
format-code-task-002659,unverified:ladder-missing,False,,,,unverified,
format-code-task-002660,unverified:ladder-missing,False,,,,unverified,
format-code-task-002661,unverified:noexec,True,0-noexec,1-noexec,,unverified,nop@modal=0-noexec;oracle@modal=1-noexec
format-code-task-002662,unverified:ladder-missing,False,,,,unverified,
format-code-task-002663,unverified:ladder-missing,False,,,,unverified,
format-code-task-002664,unverified:probe-pending,True,0,1,,unverified,nop@modal=0;oracle@modal=1
format-code-task-002665,unverified:ladder-missing,False,,,,unverified,
format-code-task-002666,unverified:ladder-missing,False,,,,unverified,
format-code-task-002667,unverified:ladder-missing,False,,,,unverified,
format-code-task-002668,unverified:cells-missing,True,,,,unverified,
format-code-task-002669,unverified:ladder-missing,False,,,,unverified,
format-code-task-002670,unverified:ladder-missing,False,,,,unverified,
format-code-task-002672,unverified:cells-missing,True,,,,unverified,
format-code-task-002673,unverified:ladder-missing,False,,,,unverified,
format-code-task-002674,unverified:ladder-missing,False,,,,unverified,
format-code-task-002675,unverified:ladder-missing,False,,,,unverified,
format-code-task-002676,unverified:nop-missing,False,,,clean/1.4.0,unverified,ladder1.4.0=clean
format-code-task-002677,unverified:ladder-missing,False,,,,unverified,
format-code-task-002678,unverified:ladder-missing,False,,,,unverified,
format-code-task-002679,unverified:ladder-missing,False,,,,unverified,
format-code-task-002680,unverified:cells-missing,True,,,,unverified,
format-code-task-002681,unverified:ladder-missing,False,,,,unverified,
format-code-task-002682,unverified:ladder-missing,False,,,,unverified,
format-code-task-002684,unverified:ladder-missing,False,,,,unverified,
format-code-task-002686,unverified:ladder-missing,False,,,,unverified,
format-code-task-002687,unverified:ladder-missing,False,,,,unverified,
format-code-task-002688,unverified:ladder-missing,False,,,,unverified,
format-code-task-002689,unverified:ladder-missing,False,,,,unverified,
format-code-task-002690,unverified:ladder-missing,False,,,,unverified,
format-code-task-002691,unverified:nop-missing,False,,,clean/1.4.0,unverified,ladder1.4.0=clean
format-code-task-002692,unverified:ladder-missing,False,,,,unverified,
format-code-task-002693,unverified:ladder-missing,False,,,,unverified,
format-code-task-002694,unverified:ladder-missing,False,,,,unverified,
format-code-task-002695,unverified:ladder-missing,False,,,,unverified,
format-code-task-002696,unverified:cells-missing,True,,,,unverified,
format-code-task-002697,unverified:cells-missing,True,,,,unverified,
format-code-task-002698,unverified:ladder-missing,False,,,,unverified,
format-code-task-002699,unverified:ladder-missing,False,,,,unverified,
format-code-task-002701,unverified:ladder-missing,False,,,,unverified,
format-code-task-002702,unverified:ladder-missing,False,,,,unverified,
format-code-task-002703,unverified:nop-missing,False,,,clean/1.4.0,unverified,ladder1.4.0=clean
format-code-task-002705,unverified:ladder-missing,False,,,,unverified,
format-code-task-002706,unverified:ladder-missing,False,,,,unverified,
format-code-task-002709,unverified:nop-missing,True,,1,,unverified,oracle@modal=1
format-code-task-002710,unverified:ladder-missing,False,,,,unverified,
format-code-task-002711,unverified:ladder-missing,False,,,,unverified,
format-code-task-002713,unverified:ladder-missing,False,,,,unverified,
format-code-task-002714,unverified:ladder-missing,False,,,,unverified,
format-code-task-002715,unverified:ladder-missing,False,,,,unverified,
format-code-task-002716,unverified:ladder-missing,False,,,,unverified,
format-code-task-002717,unverified:ladder-missing,False,,,,unverified,
format-code-task-002718,unverified:ladder-missing,False,,,,unverified,
format-code-task-002719,unverified:ladder-missing,False,,,,unverified,
format-code-task-002720,unverified:ladder-missing,False,,,,unverified,
format-code-task-002721,unverified:ladder-missing,False,,,,unverified,
format-code-task-002722,unverified:ladder-missing,False,,,,unverified,
format-code-task-002723,unverified:ladder-missing,False,,,,unverified,
format-code-task-002724,unverified:ladder-missing,False,,,,unverified,
format-code-task-002725,unverified:ladder-missing,False,,,,unverified,
format-code-task-002726,unverified:nop-missing,True,,1,,unverified,oracle@modal=1
format-code-task-002727,unverified:ladder-missing,False,,,,unverified,
format-code-task-002728,unverified:ladder-missing,False,,,,unverified,
format-code-task-002730,unverified:ladder-missing,False,,,,unverified,
format-code-task-002731,unverified:ladder-missing,False,,,,unverified,
format-code-task-002732,unverified:ladder-missing,False,,,,unverified,
format-code-task-002733,unverified:ladder-missing,False,,,,unverified,
format-code-task-002734,unverified:ladder-missing,False,,,,unverified,
format-code-task-002735,unverified:ladder-missing,False,,,,unverified,
format-code-task-002736,unverified:cells-missing,True,,,,unverified,
format-code-task-002737,unverified:ladder-missing,False,,,,unverified,
format-code-task-002739,unverified:cells-missing,True,,,,unverified,
format-code-task-002740,unverified:ladder-missing,False,,,,unverified,
format-code-task-002741,unverified:ladder-missing,False,,,,unverified,
format-code-task-002742,unverified:nop-missing,True,,1,,unverified,oracle@modal=1
format-code-task-002744,unverified:ladder-missing,False,,,,unverified,
format-code-task-002745,unverified:ladder-missing,False,,,,unverified,
format-code-task-002746,unverified:ladder-missing,False,,,,unverified,
format-code-task-002747,unverified:ladder-missing,False,,,,unverified,
format-code-task-002748,unverified:ladder-missing,False,,,,unverified,
format-code-task-002749,unverified:ladder-missing,False,,,,unverified,
format-code-task-002750,unverified:ladder-missing,False,,,,unverified,
format-code-task-002751,unverified:ladder-missing,False,,,,unverified,
format-code-task-002752,unverified:ladder-missing,False,,,,unverified,
format-code-task-002753,unverified:ladder-missing,False,,,,unverified,
format-code-task-002754,unverified:ladder-missing,False,,,,unverified,
format-code-task-002755,unverified:ladder-missing,False,,,,unverified,
format-code-task-002756,unverified:cells-missing,True,,,,unverified,
format-code-task-002757,unverified:cells-missing,True,,,,unverified,
format-code-task-002758,unverified:cells-missing,True,,,,unverified,
format-code-task-002760,unverified:ladder-missing,False,,,,unverified,
format-code-task-002763,unverified:ladder-missing,False,,,,unverified,
format-code-task-002764,unverified:ladder-missing,False,,,,unverified,
format-code-task-002765,unverified:ladder-missing,False,,,,unverified,
format-code-task-002766,unverified:ladder-missing,False,,,,unverified,
format-code-task-002767,unverified:ladder-missing,False,,,,unverified,
format-code-task-002768,unverified:ladder-missing,False,,,,unverified,
format-code-task-002769,unverified:ladder-missing,False,,,,unverified,
format-code-task-002770,unverified:nop-missing,False,,,clean/1.4.0,unverified,ladder1.4.0=clean
format-code-task-002771,unverified:ladder-missing,False,,,,unverified,
format-code-task-002772,unverified:ladder-missing,False,,,,unverified,
format-code-task-002773,unverified:cells-missing,True,,,,unverified,
format-code-task-002774,unverified:cells-missing,True,,,,unverified,
format-code-task-002775,unverified:cells-missing,True,,,,unverified,
format-code-task-002776,unverified:ladder-missing,False,,,,unverified,
format-code-task-002777,unverified:ladder-missing,False,,,,unverified,
format-code-task-002778,unverified:ladder-missing,False,,,,unverified,
format-code-task-002779,unverified:ladder-missing,False,,,,unverified,
format-code-task-002780,unverified:ladder-missing,False,,,,unverified,
format-code-task-002781,unverified:ladder-missing,False,,,,unverified,
format-code-task-002782,unverified:ladder-missing,False,,,,unverified,
format-code-task-002783,unverified:ladder-missing,False,,,,unverified,
format-code-task-002785,unverified:ladder-missing,False,,,,unverified,
format-code-task-002786,unverified:cells-missing,True,,,clean/1.4.0,unverified,ladder1.4.0=clean
format-code-task-002787,unverified:ladder-missing,False,,,,unverified,
format-code-task-002788,unverified:ladder-missing,False,,,,unverified,
format-code-task-002789,unverified:ladder-missing,False,,,,unverified,
format-code-task-002790,unverified:cells-missing,True,,,,unverified,
format-code-task-002791,unverified:ladder-missing,False,,,,unverified,
format-code-task-002792,unverified:ladder-missing,False,,,,unverified,
format-code-task-002793,unverified:ladder-missing,False,,,,unverified,
format-code-task-002794,unverified:ladder-missing,False,,,,unverified,
format-code-task-002795,unverified:ladder-missing,False,,,,unverified,
format-code-task-002796,unverified:ladder-missing,False,,,,unverified,
format-code-task-002797,unverified:ladder-missing,False,,,,unverified,
format-code-task-002798,unverified:ladder-missing,False,,,,unverified,
format-code-task-002799,unverified:ladder-missing,False,,,,unverified,
format-code-task-002800,unverified:ladder-missing,False,,,,unverified,
format-code-task-002801,unverified:cells-missing,True,,,,unverified,
format-code-task-002803,unverified:ladder-missing,False,,,,unverified,
format-code-task-002804,unverified:ladder-missing,False,,,,unverified,
format-code-task-002805,unverified:ladder-missing,False,,,,unverified,
format-code-task-002806,unverified:ladder-missing,False,,,,unverified,
format-code-task-002808,unverified:ladder-missing,False,,,,unverified,
format-code-task-002809,unverified:ladder-missing,False,,,,unverified,
format-code-task-002811,unverified:ladder-missing,False,,,,unverified,
format-code-task-002812,unverified:ladder-missing,False,,,,unverified,
format-code-task-002813,unverified:ladder-missing,False,,,,unverified,
format-code-task-002814,unverified:nop-missing,False,,,clean/1.4.0,unverified,ladder1.4.0=clean
format-code-task-002815,unverified:ladder-missing,False,,,,unverified,
format-code-task-002816,unverified:nop-missing,False,,,clean/1.4.0,unverified,ladder1.4.0=clean
format-code-task-002817,unverified:ladder-missing,False,,,,unverified,
format-code-task-002818,unverified:ladder-missing,False,,,,unverified,
format-code-task-002819,unverified:ladder-missing,False,,,,unverified,
format-code-task-002820,unverified:ladder-missing,False,,,,unverified,
format-code-task-002821,unverified:ladder-missing,False,,,,unverified,
format-code-task-002822,unverified:ladder-missing,False,,,,unverified,
format-code-task-002823,unverified:ladder-missing,False,,,,unverified,
format-code-task-002825,unverified:ladder-missing,False,,,,unverified,
format-code-task-002826,unverified:ladder-missing,False,,,,unverified,
format-code-task-002827,unverified:ladder-missing,False,,,,unverified,
format-code-task-002828,unverified:ladder-missing,False,,,,unverified,
format-code-task-002829,unverified:cells-missing,True,,,,unverified,
format-code-task-002831,unverified:ladder-missing,False,,,,unverified,
format-code-task-002832,unverified:ladder-missing,False,,,,unverified,
format-code-task-002833,unverified:cells-missing,True,,,,unverified,
format-code-task-002834,unverified:ladder-missing,False,,,,unverified,
format-code-task-002835,unverified:ladder-missing,False,,,,unverified,
format-code-task-002836,unverified:ladder-missing,False,,,,unverified,
format-code-task-002838,unverified:ladder-missing,False,,,,unverified,
format-code-task-002839,unverified:ladder-missing,False,,,,unverified,
format-code-task-002841,unverified:ladder-missing,False,,,,unverified,
format-code-task-002842,unverified:ladder-missing,False,,,,unverified,
format-code-task-002843,unverified:ladder-missing,False,,,,unverified,
format-code-task-002844,unverified:ladder-missing,False,,,,unverified,
format-code-task-002845,unverified:ladder-missing,False,,,,unverified,
format-code-task-002846,unverified:ladder-missing,False,,,,unverified,
format-code-task-002847,unverified:ladder-missing,False,,,,unverified,
format-code-task-002848,unverified:ladder-missing,False,,,,unverified,
format-code-task-002849,unverified:ladder-missing,False,,,,unverified,
format-code-task-002850,unverified:ladder-missing,False,,,,unverified,
format-code-task-002851,unverified:cells-missing,True,,,,unverified,
format-code-task-002852,unverified:ladder-missing,False,,,,unverified,
format-code-task-002853,unverified:ladder-missing,False,,,,unverified,
format-code-task-002854,unverified:nop-missing,False,,,clean/1.4.0,unverified,ladder1.4.0=clean
format-code-task-002855,unverified:ladder-missing,False,,,,unverified,
format-code-task-002856,unverified:cells-missing,True,,,,unverified,
format-code-task-002857,unverified:cells-missing,True,,,,unverified,
format-code-task-002858,unverified:cells-missing,True,,,,unverified,
format-code-task-002859,unverified:cells-missing,True,,,,unverified,
format-code-task-002860,unverified:ladder-missing,False,,,,unverified,
format-code-task-002861,unverified:ladder-missing,False,,,,unverified,
format-code-task-002862,unverified:cells-missing,True,,,,unverified,
format-code-task-002863,unverified:ladder-missing,False,,,,unverified,
format-code-task-002864,unverified:ladder-missing,False,,,,unverified,
format-code-task-002865,unverified:nop-missing,True,,1,,unverified,oracle@modal=1
format-code-task-002866,unverified:cells-missing,True,,,,unverified,
format-code-task-002867,unverified:probe-pending,True,0,1,,unverified,nop@modal=0;oracle@modal=1
format-code-task-002868,unverified:ladder-missing,False,,,,unverified,
format-code-task-002869,unverified:ladder-missing,False,,,,unverified,
format-code-task-002870,unverified:ladder-missing,False,,,,unverified,
format-code-task-002871,unverified:cells-missing,True,,,,unverified,
format-code-task-002872,unverified:ladder-missing,False,,,,unverified,
format-code-task-002873,unverified:nop-missing,True,,1,,unverified,oracle@modal=1
format-code-task-002874,unverified:ladder-missing,False,,,,unverified,
format-code-task-002875,unverified:ladder-missing,False,,,,unverified,
format-code-task-002876,unverified:ladder-missing,False,,,,unverified,
format-code-task-002877,unverified:ladder-missing,False,,,,unverified,
format-code-task-002878,unverified:ladder-missing,False,,,,unverified,
format-code-task-002879,unverified:nop-missing,False,,,clean/1.4.0,unverified,ladder1.4.0=clean
format-code-task-002880,unverified:ladder-missing,False,,,,unverified,
format-code-task-002881,unverified:ladder-missing,False,,,,unverified,
format-code-task-002882,unverified:ladder-missing,False,,,,unverified,
format-code-task-002883,unverified:ladder-missing,False,,,,unverified,
format-code-task-002884,unverified:cells-missing,True,,,,unverified,
format-code-task-002885,unverified:ladder-missing,False,,,,unverified,
format-code-task-002887,unverified:ladder-missing,False,,,,unverified,
format-code-task-002888,unverified:ladder-missing,False,,,,unverified,
format-code-task-002889,unverified:ladder-missing,False,,,,unverified,
format-code-task-002890,unverified:ladder-missing,False,,,,unverified,
format-code-task-002891,unverified:ladder-missing,False,,,,unverified,
format-code-task-002892,unverified:ladder-missing,False,,,,unverified,
format-code-task-002893,unverified:ladder-missing,False,,,,unverified,
format-code-task-002895,unverified:ladder-missing,False,,,,unverified,
format-code-task-002896,unverified:ladder-missing,False,,,,unverified,
format-code-task-002897,unverified:ladder-missing,False,,,,unverified,
format-code-task-002898,unverified:ladder-missing,False,,,,unverified,
format-code-task-002899,unverified:ladder-missing,False,,,,unverified,
format-code-task-002900,unverified:ladder-missing,False,,,,unverified,
format-code-task-002903,unverified:ladder-missing,False,,,,unverified,
format-code-task-002904,unverified:ladder-missing,False,,,,unverified,
format-code-task-002905,unverified:ladder-missing,False,,,,unverified,
format-code-task-002906,unverified:ladder-missing,False,,,,unverified,
format-code-task-002908,unverified:ladder-missing,False,,,,unverified,
format-code-task-002909,unverified:ladder-missing,False,,,,unverified,
format-code-task-002910,unverified:ladder-missing,False,,,,unverified,
format-code-task-002911,unverified:ladder-missing,False,,,,unverified,
format-code-task-002912,unverified:ladder-missing,False,,,,unverified,
format-code-task-002913,unverified:ladder-missing,False,,,,unverified,
format-code-task-002915,unverified:cells-missing,True,,,,unverified,
format-code-task-002916,unverified:ladder-missing,False,,,,unverified,
format-code-task-002917,unverified:ladder-missing,False,,,,unverified,
format-code-task-002918,unverified:ladder-missing,False,,,,unverified,
format-code-task-002919,unverified:ladder-missing,False,,,,unverified,
format-code-task-002920,unverified:ladder-missing,False,,,,unverified,
format-code-task-002921,unverified:ladder-missing,False,,,,unverified,
format-code-task-002922,unverified:ladder-missing,False,,,,unverified,
format-code-task-002923,unverified:ladder-missing,False,,,,unverified,
format-code-task-002924,unverified:ladder-missing,False,,,,unverified,
format-code-task-002925,unverified:ladder-missing,False,,,,unverified,
format-code-task-002926,unverified:ladder-missing,False,,,,unverified,
format-code-task-002927,unverified:ladder-missing,False,,,,unverified,
format-code-task-002928,unverified:ladder-missing,False,,,,unverified,
format-code-task-002930,unverified:ladder-missing,False,,,,unverified,
format-code-task-002932,unverified:ladder-missing,False,,,,unverified,
format-code-task-002933,unverified:ladder-missing,False,,,,unverified,
format-code-task-002935,unverified:ladder-missing,False,,,,unverified,
format-code-task-002937,unverified:ladder-missing,False,,,,unverified,
format-code-task-002938,unverified:ladder-missing,False,,,,unverified,
format-code-task-002939,unverified:cells-missing,True,,,,unverified,
format-code-task-002940,unverified:cells-missing,True,,,clean/1.4.0,unverified,ladder1.4.0=clean
format-code-task-002941,unverified:nop-missing,True,,1,,unverified,oracle@modal=1
format-code-task-002942,unverified:ladder-missing,False,,,,unverified,
format-code-task-002943,unverified:ladder-missing,False,,,,unverified,
format-code-task-002944,unverified:ladder-missing,False,,,,unverified,
format-code-task-002945,unverified:ladder-missing,False,,,,unverified,
format-code-task-002947,unverified:ladder-missing,False,,,,unverified,
format-code-task-002948,unverified:ladder-missing,False,,,,unverified,
format-code-task-002949,unverified:ladder-missing,False,,,,unverified,
format-code-task-002950,unverified:ladder-missing,False,,,,unverified,
format-code-task-002951,unverified:ladder-missing,False,,,,unverified,
format-code-task-002952,unverified:ladder-missing,False,,,,unverified,
format-code-task-002953,unverified:ladder-missing,False,,,,unverified,
format-code-task-002954,unverified:ladder-missing,False,,,,unverified,
format-code-task-002955,unverified:ladder-missing,False,,,,unverified,
format-code-task-002956,unverified:ladder-missing,False,,,,unverified,
format-code-task-002957,unverified:ladder-missing,False,,,,unverified,
format-code-task-002959,unverified:ladder-missing,False,,,,unverified,
format-code-task-002960,unverified:ladder-missing,False,,,,unverified,
format-code-task-002961,unverified:ladder-missing,False,,,,unverified,
format-code-task-002962,unverified:ladder-missing,False,,,,unverified,
format-code-task-002963,unverified:ladder-missing,False,,,,unverified,
format-code-task-002964,unverified:cells-missing,True,,,clean/1.4.0,unverified,ladder1.4.0=clean
format-code-task-002965,unverified:ladder-missing,False,,,,unverified,
format-code-task-002966,unverified:ladder-missing,False,,,,unverified,
format-code-task-002967,unverified:ladder-missing,False,,,,unverified,
format-code-task-002968,unverified:ladder-missing,False,,,,unverified,
format-code-task-002969,unverified:ladder-missing,False,,,,unverified,
format-code-task-002970,unverified:ladder-missing,False,,,,unverified,
format-code-task-002971,unverified:ladder-missing,False,,,,unverified,
format-code-task-002972,unverified:ladder-missing,False,,,,unverified,
format-code-task-002973,unverified:ladder-missing,False,,,,unverified,
format-code-task-002974,unverified:ladder-missing,False,,,,unverified,
format-code-task-002975,unverified:ladder-missing,False,,,,unverified,
format-code-task-002976,unverified:cells-missing,True,,,,unverified,
format-code-task-002978,unverified:nop-missing,False,,,clean/1.4.0,unverified,ladder1.4.0=clean
format-code-task-002979,unverified:ladder-missing,False,,,,unverified,
format-code-task-002980,unverified:ladder-missing,False,,,,unverified,
format-code-task-002981,unverified:ladder-1.4.0-incomplete,False,,,,unverified,ladder12/14 carried-1.3.0-clean
format-code-task-002982,unverified:nop-missing,False,,,clean/1.4.0,unverified,ladder1.4.0=clean
format-code-task-002983,unverified:ladder-missing,False,,,,unverified,
format-code-task-002984,unverified:ladder-missing,False,,,,unverified,
format-code-task-002986,unverified:ladder-missing,False,,,,unverified,
format-code-task-002987,unverified:ladder-missing,False,,,,unverified,
format-code-task-002988,unverified:ladder-missing,False,,,,unverified,
format-code-task-002989,unverified:cells-missing,True,,,,unverified,
format-code-task-002990,unverified:ladder-missing,False,,,,unverified,
format-code-task-002991,unverified:ladder-missing,False,,,,unverified,
format-code-task-002992,unverified:ladder-missing,False,,,,unverified,
format-code-task-002993,unverified:ladder-missing,False,,,,unverified,
format-code-task-002994,unverified:cells-missing,True,,,clean/1.4.0,unverified,ladder1.4.0=clean
format-code-task-002995,unverified:g5-collection-error-ftp,True,,fail:0,,unverified,oracle@modal=fail:0
format-code-task-002996,unverified:nop-missing,True,,1,,unverified,oracle@modal=1
format-code-task-002997,unverified:ladder-missing,False,,,,unverified,
format-code-task-002998,unverified:ladder-missing,False,,,,unverified,
format-code-task-002999,unverified:ladder-missing,False,,,,unverified,
format-code-task-003001,unverified:ladder-missing,False,,,,unverified,
format-code-task-003002,unverified:ladder-missing,False,,,,unverified,
format-code-task-003003,unverified:ladder-missing,False,,,,unverified,
format-code-task-003004,unverified:ladder-missing,False,,,,unverified,
format-code-task-003005,unverified:cells-missing,True,,,,unverified,
format-code-task-003007,unverified:cells-missing,True,,,,unverified,
format-code-task-003009,unverified:ladder-missing,False,,,,unverified,
format-code-task-003010,unverified:ladder-missing,False,,,,unverified,
format-code-task-003011,unverified:ladder-missing,False,,,,unverified,
format-code-task-003012,unverified:ladder-missing,False,,,,unverified,
format-code-task-003013,unverified:ladder-missing,False,,,,unverified,
format-code-task-003014,unverified:ladder-missing,False,,,,unverified,
format-code-task-003015,unverified:ladder-missing,False,,,,unverified,
format-code-task-003016,unverified:cells-missing,True,,,,unverified,
format-code-task-003017,unverified:cells-missing,True,,,,unverified,
format-code-task-003018,unverified:ladder-missing,False,,,,unverified,
format-code-task-003019,unverified:cells-missing,True,,,,unverified,
format-code-task-003020,unverified:ladder-missing,False,,,,unverified,
format-code-task-003021,unverified:ladder-missing,False,,,,unverified,
format-code-task-003022,unverified:ladder-missing,False,,,,unverified,
format-code-task-003023,unverified:g5-collection-error-ftp,True,,fail:0,,unverified,oracle@modal=fail:0
format-code-task-003024,unverified:ladder-missing,False,,,,unverified,
format-code-task-003025,unverified:nop-missing,False,,,clean/1.4.0,unverified,ladder1.4.0=clean
format-code-task-003027,unverified:ladder-missing,False,,,,unverified,
format-code-task-003028,unverified:ladder-missing,False,,,,unverified,
format-code-task-003029,unverified:ladder-missing,False,,,,unverified,
format-code-task-003030,unverified:ladder-missing,False,,,,unverified,
format-code-task-003031,unverified:ladder-missing,False,,,,unverified,
format-code-task-003032,unverified:ladder-missing,False,,,,unverified,
format-code-task-003033,unverified:ladder-missing,False,,,,unverified,
format-code-task-003034,unverified:ladder-missing,False,,,,unverified,
format-code-task-003035,unverified:noexec,True,,1-noexec,,unverified,oracle@modal=1-noexec
format-code-task-003036,unverified:ladder-missing,False,,,,unverified,
format-code-task-003037,unverified:ladder-missing,False,,,,unverified,
format-code-task-003038,unverified:ladder-missing,False,,,,unverified,
format-code-task-003039,unverified:ladder-missing,False,,,,unverified,
format-code-task-003041,unverified:ladder-missing,False,,,,unverified,
format-code-task-003042,unverified:ladder-missing,False,,,,unverified,
format-code-task-003043,unverified:ladder-missing,False,,,,unverified,
format-code-task-003044,unverified:ladder-missing,False,,,,unverified,
format-code-task-003046,unverified:ladder-missing,False,,,,unverified,
format-code-task-003048,unverified:ladder-missing,False,,,,unverified,
format-code-task-003049,unverified:ladder-missing,False,,,,unverified,
format-code-task-003050,unverified:ladder-missing,False,,,,unverified,
format-code-task-003051,unverified:ladder-missing,False,,,,unverified,
format-code-task-003052,unverified:ladder-missing,False,,,,unverified,
format-code-task-003053,unverified:ladder-missing,False,,,,unverified,
format-code-task-003054,unverified:ladder-missing,False,,,,unverified,
format-code-task-003055,unverified:ladder-missing,False,,,,unverified,
format-code-task-003056,unverified:ladder-missing,False,,,,unverified,
format-code-task-003057,unverified:cells-missing,True,,,,unverified,
format-code-task-003058,unverified:ladder-missing,False,,,,unverified,
format-code-task-003059,unverified:ladder-missing,False,,,,unverified,
format-code-task-003060,unverified:ladder-missing,False,,,,unverified,
format-code-task-003061,unverified:ladder-missing,False,,,,unverified,
