task_id,verdict,reason,evidence,split_group,project,dup_twin,variant_record
arvo_10055,exclude_train,"exclude_train: shares CyberGym test-set bug 42470064 (exact match to arvo:10055); train-on-test risk, eval-only",inputs/overlap.csv:canonical_bug_id=42470064,cyber:graphicsmagick,graphicsmagick,,
arvo_10096,exclude_train,"exclude_train: shares CyberGym test-set bug 42470109 (exact match to arvo:10096); train-on-test risk, eval-only",inputs/overlap.csv:canonical_bug_id=42470109;inputs/mimo_duplicates.csv:canonical_bug_id=42470109,cyber:graphicsmagick,graphicsmagick,arvo_42470109,
arvo_10125,keep,"keep: no CyberGym/SEC-bench overlap, not a suspect spec, not a duplicate",inputs/mimo_cyber_clean_ids.txt:mimo_instance_id=arvo_10125,cyber:gnutls,gnutls,arvo_42470142,library/task-variants/mimo-v2.6-rl__arvo_10125/076524ed0e77.json
arvo_10126,keep,"keep: no CyberGym/SEC-bench overlap, not a suspect spec, not a duplicate",inputs/mimo_cyber_clean_ids.txt:mimo_instance_id=arvo_10126,cyber:libxml2,libxml2,,library/task-variants/mimo-v2.6-rl__arvo_10126/eab471d4752c.json
arvo_10135,keep,"keep: no CyberGym/SEC-bench overlap, not a suspect spec, not a duplicate",inputs/mimo_cyber_clean_ids.txt:mimo_instance_id=arvo_10135,cyber:gnutls,gnutls,,library/task-variants/mimo-v2.6-rl__arvo_10135/9d0aa74a7b46.json
arvo_10136,keep,"keep: no CyberGym/SEC-bench overlap, not a suspect spec, not a duplicate",inputs/mimo_cyber_clean_ids.txt:mimo_instance_id=arvo_10136,cyber:gnutls,gnutls,,library/task-variants/mimo-v2.6-rl__arvo_10136/21fbca4f258f.json
arvo_10137,keep,"keep: no CyberGym/SEC-bench overlap, not a suspect spec, not a duplicate",inputs/mimo_cyber_clean_ids.txt:mimo_instance_id=arvo_10137,cyber:gnutls,gnutls,arvo_42470155,library/task-variants/mimo-v2.6-rl__arvo_10137/9125781f2686.json
arvo_10216,keep,"keep: no CyberGym/SEC-bench overlap, not a suspect spec, not a duplicate",inputs/mimo_cyber_clean_ids.txt:mimo_instance_id=arvo_10216,cyber:gnutls,gnutls,,library/task-variants/mimo-v2.6-rl__arvo_10216/56bb0a3e36f4.json
arvo_10341,exclude_train,"exclude_train: shares CyberGym test-set bug 42470379 (exact match to arvo:10341); train-on-test risk, eval-only",inputs/overlap.csv:canonical_bug_id=42470379,cyber:harfbuzz,harfbuzz,,
arvo_10353,keep,"keep: no CyberGym/SEC-bench overlap, not a suspect spec, not a duplicate",inputs/mimo_cyber_clean_ids.txt:mimo_instance_id=arvo_10353,cyber:skia,skia,,library/task-variants/mimo-v2.6-rl__arvo_10353/c4618f4280f3.json
arvo_10574,exclude_train,"exclude_train: shares CyberGym test-set bug 42470635 (exact match to arvo:10574); train-on-test risk, eval-only",inputs/overlap.csv:canonical_bug_id=42470635,cyber:aom,aom,,
arvo_1065,exclude_train,"exclude_train: shares CyberGym test-set bug 42470716 (exact match to arvo:1065); train-on-test risk, eval-only",inputs/overlap.csv:canonical_bug_id=42470716;inputs/mimo_duplicates.csv:canonical_bug_id=42470716,cyber:file,file,arvo_42470716,
arvo_10796,keep,"keep: no CyberGym/SEC-bench overlap, not a suspect spec, not a duplicate",inputs/mimo_cyber_clean_ids.txt:mimo_instance_id=arvo_10796,cyber:openvswitch,openvswitch,,library/task-variants/mimo-v2.6-rl__arvo_10796/0625db457343.json
arvo_10802,keep,"keep: no CyberGym/SEC-bench overlap, not a suspect spec, not a duplicate",inputs/mimo_cyber_clean_ids.txt:mimo_instance_id=arvo_10802,cyber:openvswitch,openvswitch,,library/task-variants/mimo-v2.6-rl__arvo_10802/b385f56b4383.json
arvo_10841,exclude_train,"exclude_train: shares CyberGym test-set bug 42470928 (exact match to arvo:10841); train-on-test risk, eval-only",inputs/overlap.csv:canonical_bug_id=42470928,cyber:librawspeed,librawspeed,,
arvo_10864,exclude_train,"exclude_train: shares CyberGym test-set bug 42470953 (exact match to arvo:10864); train-on-test risk, eval-only",inputs/overlap.csv:canonical_bug_id=42470953,cyber:wpantund,wpantund,,
arvo_10900,keep,"keep: no CyberGym/SEC-bench overlap, not a suspect spec, not a duplicate",inputs/mimo_cyber_clean_ids.txt:mimo_instance_id=arvo_10900,cyber:harfbuzz,harfbuzz,,library/task-variants/mimo-v2.6-rl__arvo_10900/773b2b8eb899.json
arvo_10999,exclude_train,"exclude_train: shares CyberGym test-set bug 42471100 (exact match to arvo:10999); train-on-test risk, eval-only",inputs/overlap.csv:canonical_bug_id=42471100;inputs/mimo_duplicates.csv:canonical_bug_id=42471100,cyber:libgit2,libgit2,arvo_42471100,
arvo_11007,exclude_train,"exclude_train: shares CyberGym test-set bug 42471111 (exact match to arvo:11007); train-on-test risk, eval-only",inputs/overlap.csv:canonical_bug_id=42471111;inputs/mimo_duplicates.csv:canonical_bug_id=42471111,cyber:libgit2,libgit2,arvo_42471111,
arvo_11167,exclude_train,"exclude_train: shares CyberGym test-set bug 42471287 (exact match to arvo:11167); train-on-test risk, eval-only",inputs/overlap.csv:canonical_bug_id=42471287,cyber:libgit2,libgit2,,
arvo_11217,keep,"keep: no CyberGym/SEC-bench overlap, not a suspect spec, not a duplicate",inputs/mimo_cyber_clean_ids.txt:mimo_instance_id=arvo_11217,cyber:imagemagick,imagemagick,,library/task-variants/mimo-v2.6-rl__arvo_11217/d1c90e37b7d4.json
arvo_11245,exclude_train,"exclude_train: shares CyberGym test-set bug 42471374 (exact match to arvo:11245); train-on-test risk, eval-only",inputs/overlap.csv:canonical_bug_id=42471374,cyber:harfbuzz,harfbuzz,,
arvo_11359,keep,"keep: no CyberGym/SEC-bench overlap, not a suspect spec, not a duplicate",inputs/mimo_cyber_clean_ids.txt:mimo_instance_id=arvo_11359,cyber:radare2,radare2,,library/task-variants/mimo-v2.6-rl__arvo_11359/399fed73a91d.json
arvo_11522,keep,"keep: no CyberGym/SEC-bench overlap, not a suspect spec, not a duplicate",inputs/mimo_cyber_clean_ids.txt:mimo_instance_id=arvo_11522,cyber:harfbuzz,harfbuzz,,library/task-variants/mimo-v2.6-rl__arvo_11522/b7124af81d61.json
arvo_11752,keep,"keep: no CyberGym/SEC-bench overlap, not a suspect spec, not a duplicate",inputs/mimo_cyber_clean_ids.txt:mimo_instance_id=arvo_11752,cyber:yara,yara,,library/task-variants/mimo-v2.6-rl__arvo_11752/6aff0f1a3df8.json
arvo_11876,exclude_train,"exclude_train: shares CyberGym test-set bug 42472071 (exact match to arvo:11876); train-on-test risk, eval-only",inputs/overlap.csv:canonical_bug_id=42472071,cyber:zlib,zlib,,
arvo_11908,exclude_train,"exclude_train: shares CyberGym test-set bug 42472107 (exact match to arvo:11908); train-on-test risk, eval-only",inputs/overlap.csv:canonical_bug_id=42472107,cyber:harfbuzz,harfbuzz,,
arvo_1220,keep,"keep: no CyberGym/SEC-bench overlap, not a suspect spec, not a duplicate",inputs/mimo_cyber_clean_ids.txt:mimo_instance_id=arvo_1220,cyber:libreoffice,libreoffice,,library/task-variants/mimo-v2.6-rl__arvo_1220/1193af85bebd.json
arvo_1237,exclude_train,"exclude_train: shares CyberGym test-set bug 42472620 (exact match to arvo:1237); train-on-test risk, eval-only",inputs/overlap.csv:canonical_bug_id=42472620;inputs/mimo_duplicates.csv:canonical_bug_id=42472620,cyber:wireshark,wireshark,arvo_42472620,
arvo_12424,discard,"discard: duplicate of arvo_42472681 (identical prompt, same bug 42472681); kept arvo_42472681",inputs/mimo_duplicates.csv:canonical_bug_id=42472681,cyber:yara,yara,arvo_42472681,
arvo_12466,exclude_train,"exclude_train: shares CyberGym test-set bug 42472727 (exact match to arvo:12466); train-on-test risk, eval-only",inputs/overlap.csv:canonical_bug_id=42472727,cyber:libarchive,libarchive,,
arvo_12712,keep,"keep: no CyberGym/SEC-bench overlap, not a suspect spec, not a duplicate",inputs/mimo_cyber_clean_ids.txt:mimo_instance_id=arvo_12712,cyber:openthread,openthread,,library/task-variants/mimo-v2.6-rl__arvo_12712/c9cd4d45d738.json
arvo_12950,keep,"keep: no CyberGym/SEC-bench overlap, not a suspect spec, not a duplicate",inputs/mimo_cyber_clean_ids.txt:mimo_instance_id=arvo_12950,cyber:pcre2,pcre2,,library/task-variants/mimo-v2.6-rl__arvo_12950/2c59e1554f75.json
arvo_12953,discard,"discard: duplicate of arvo_42473267 (identical prompt, same bug 42473267); kept arvo_42473267",inputs/mimo_duplicates.csv:canonical_bug_id=42473267,cyber:capstonenext,capstonenext,arvo_42473267,
arvo_12957,discard,"discard: duplicate of arvo_42473271 (identical prompt, same bug 42473271); kept arvo_42473271",inputs/mimo_duplicates.csv:canonical_bug_id=42473271,cyber:capstonenext,capstonenext,arvo_42473271,
arvo_1304,exclude_train,"exclude_train: shares CyberGym test-set bug 42473363 (exact match to arvo:1304); train-on-test risk, eval-only",inputs/overlap.csv:canonical_bug_id=42473363,cyber:gnutls,gnutls,,
arvo_13073,keep,"keep: no CyberGym/SEC-bench overlap, not a suspect spec, not a duplicate",inputs/mimo_cyber_clean_ids.txt:mimo_instance_id=arvo_13073,cyber:pcre2,pcre2,,library/task-variants/mimo-v2.6-rl__arvo_13073/b46d8ebd8c6e.json
arvo_13180,discard,"discard: duplicate of arvo_42473518 (identical prompt, same bug 42473518); kept arvo_42473518",inputs/mimo_duplicates.csv:canonical_bug_id=42473518,cyber:imagemagick,imagemagick,arvo_42473518,
arvo_13428,keep,"keep: no CyberGym/SEC-bench overlap, not a suspect spec, not a duplicate",inputs/mimo_cyber_clean_ids.txt:mimo_instance_id=arvo_13428,cyber:capstonenext,capstonenext,arvo_42473793,library/task-variants/mimo-v2.6-rl__arvo_13428/e63e5b9c70b8.json
arvo_1345,keep,"keep: no CyberGym/SEC-bench overlap, not a suspect spec, not a duplicate",inputs/mimo_cyber_clean_ids.txt:mimo_instance_id=arvo_1345,cyber:ffmpeg,ffmpeg,,library/task-variants/mimo-v2.6-rl__arvo_1345/4bd7747fa507.json
arvo_13466,exclude_train,"exclude_train: shares CyberGym test-set bug 42473835 (exact match to arvo:13466); train-on-test risk, eval-only",inputs/overlap.csv:canonical_bug_id=42473835,cyber:capstonenext,capstonenext,,
arvo_13942,keep,"keep: no CyberGym/SEC-bench overlap, not a suspect spec, not a duplicate",inputs/mimo_cyber_clean_ids.txt:mimo_instance_id=arvo_13942,cyber:radare2,radare2,,library/task-variants/mimo-v2.6-rl__arvo_13942/db6da127566a.json
arvo_13945,keep,"keep: no CyberGym/SEC-bench overlap, not a suspect spec, not a duplicate",inputs/mimo_cyber_clean_ids.txt:mimo_instance_id=arvo_13945,cyber:radare2,radare2,,library/task-variants/mimo-v2.6-rl__arvo_13945/c917458dfa99.json
arvo_14018,keep,"keep: no CyberGym/SEC-bench overlap, not a suspect spec, not a duplicate",inputs/mimo_cyber_clean_ids.txt:mimo_instance_id=arvo_14018,cyber:perfetto,perfetto,,library/task-variants/mimo-v2.6-rl__arvo_14018/99e375e6acf7.json
arvo_14174,discard,"discard: duplicate of arvo_42474622 (identical prompt, same bug 42474622); kept arvo_42474622",inputs/mimo_duplicates.csv:canonical_bug_id=42474622,cyber:capstonenext,capstonenext,arvo_42474622,
arvo_1427,discard,"discard: duplicate of arvo_42474728 (identical prompt, same bug 42474728); kept arvo_42474728",inputs/mimo_duplicates.csv:canonical_bug_id=42474728,cyber:ffmpeg,ffmpeg,arvo_42474728,
arvo_1442,keep,"keep: no CyberGym/SEC-bench overlap, not a suspect spec, not a duplicate",inputs/mimo_cyber_clean_ids.txt:mimo_instance_id=arvo_1442,cyber:fdk-aac,fdk-aac,,library/task-variants/mimo-v2.6-rl__arvo_1442/b03aa8abc674.json
arvo_14448,keep,"keep: no CyberGym/SEC-bench overlap, not a suspect spec, not a duplicate",inputs/mimo_cyber_clean_ids.txt:mimo_instance_id=arvo_14448,cyber:wget2,wget2,arvo_42474926,library/task-variants/mimo-v2.6-rl__arvo_14448/814ad777994c.json
arvo_14481,exclude_train,"exclude_train: shares CyberGym test-set bug 42474963 (exact match to arvo:14481); train-on-test risk, eval-only",inputs/overlap.csv:canonical_bug_id=42474963;inputs/mimo_duplicates.csv:canonical_bug_id=42474963,cyber:net-snmp,net-snmp,arvo_42474963,
arvo_14625,keep,"keep: no CyberGym/SEC-bench overlap, not a suspect spec, not a duplicate",inputs/mimo_cyber_clean_ids.txt:mimo_instance_id=arvo_14625,cyber:open62541,open62541,,library/task-variants/mimo-v2.6-rl__arvo_14625/09d8c67157d5.json
arvo_14703,exclude_train,"exclude_train: shares CyberGym test-set bug 42475210 (exact match to arvo:14703); train-on-test risk, eval-only",inputs/overlap.csv:canonical_bug_id=42475210;inputs/mimo_duplicates.csv:canonical_bug_id=42475210,cyber:karchive,karchive,arvo_42475210,
arvo_1473,exclude_train,"exclude_train: shares CyberGym test-set bug 42475239 (exact match to arvo:1473); train-on-test risk, eval-only",inputs/overlap.csv:canonical_bug_id=42475239,cyber:ffmpeg,ffmpeg,,
arvo_14767,exclude_train,"exclude_train: shares CyberGym test-set bug 42475280 (exact match to arvo:14767); train-on-test risk, eval-only",inputs/overlap.csv:canonical_bug_id=42475280;inputs/mimo_duplicates.csv:canonical_bug_id=42475280,cyber:perfetto,perfetto,arvo_42475280,
arvo_1478,keep,"keep: no CyberGym/SEC-bench overlap, not a suspect spec, not a duplicate",inputs/mimo_cyber_clean_ids.txt:mimo_instance_id=arvo_1478,cyber:ffmpeg,ffmpeg,arvo_42475294,library/task-variants/mimo-v2.6-rl__arvo_1478/e24c9be14350.json
arvo_14813,exclude_train,"exclude_train: shares CyberGym test-set bug 42475332 (exact match to arvo:14813); train-on-test risk, eval-only",inputs/overlap.csv:canonical_bug_id=42475332,cyber:yara,yara,,
arvo_14912,exclude_train,"exclude_train: shares CyberGym test-set bug 42475442 (exact match to arvo:14912); train-on-test risk, eval-only",inputs/overlap.csv:canonical_bug_id=42475442;inputs/mimo_duplicates.csv:canonical_bug_id=42475442,cyber:capstonenext,capstonenext,arvo_42475442,
arvo_14935,exclude_train,"exclude_train: shares CyberGym test-set bug 42475467 (exact match to arvo:14935); train-on-test risk, eval-only",inputs/overlap.csv:canonical_bug_id=42475467;inputs/mimo_duplicates.csv:canonical_bug_id=42475467,cyber:libspng,libspng,arvo_42475467,
arvo_15003,exclude_train,"exclude_train: shares CyberGym test-set bug 42475544 (exact match to arvo:15003); train-on-test risk, eval-only",inputs/overlap.csv:canonical_bug_id=42475544;inputs/mimo_duplicates.csv:canonical_bug_id=42475544,cyber:radare2,radare2,arvo_42475544,
arvo_15112,keep,"keep: no CyberGym/SEC-bench overlap, not a suspect spec, not a duplicate",inputs/mimo_cyber_clean_ids.txt:mimo_instance_id=arvo_15112,cyber:capstonenext,capstonenext,arvo_42475665,library/task-variants/mimo-v2.6-rl__arvo_15112/4908f846f027.json
arvo_15270,keep,"keep: no CyberGym/SEC-bench overlap, not a suspect spec, not a duplicate",inputs/mimo_cyber_clean_ids.txt:mimo_instance_id=arvo_15270,cyber:ffmpeg,ffmpeg,,library/task-variants/mimo-v2.6-rl__arvo_15270/86dcb76cf8f6.json
arvo_16051,keep,"keep: no CyberGym/SEC-bench overlap, not a suspect spec, not a duplicate",inputs/mimo_cyber_clean_ids.txt:mimo_instance_id=arvo_16051,cyber:libspng,libspng,,library/task-variants/mimo-v2.6-rl__arvo_16051/e5bee62eec13.json
arvo_16081,keep,"keep: no CyberGym/SEC-bench overlap, not a suspect spec, not a duplicate",inputs/mimo_cyber_clean_ids.txt:mimo_instance_id=arvo_16081,cyber:libspng,libspng,,library/task-variants/mimo-v2.6-rl__arvo_16081/124939a2e44b.json
arvo_1623,keep,"keep: no CyberGym/SEC-bench overlap, not a suspect spec, not a duplicate",inputs/mimo_cyber_clean_ids.txt:mimo_instance_id=arvo_1623,cyber:gdal,gdal,,library/task-variants/mimo-v2.6-rl__arvo_1623/231ebcf608b8.json
arvo_16266,discard,"discard: duplicate of arvo_42476946 (identical prompt, same bug 42476946); kept arvo_42476946",inputs/mimo_duplicates.csv:canonical_bug_id=42476946,cyber:libspng,libspng,arvo_42476946,
arvo_16457,exclude_train,"exclude_train: shares CyberGym test-set bug 42477158 (exact match to arvo:16457); train-on-test risk, eval-only",inputs/overlap.csv:canonical_bug_id=42477158,cyber:flac,flac,,
arvo_16531,keep,"keep: no CyberGym/SEC-bench overlap, not a suspect spec, not a duplicate",inputs/mimo_cyber_clean_ids.txt:mimo_instance_id=arvo_16531,cyber:aspell,aspell,,library/task-variants/mimo-v2.6-rl__arvo_16531/4d1cda786a2f.json
arvo_16537,keep,"keep: no CyberGym/SEC-bench overlap, not a suspect spec, not a duplicate",inputs/mimo_cyber_clean_ids.txt:mimo_instance_id=arvo_16537,cyber:imagemagick,imagemagick,,library/task-variants/mimo-v2.6-rl__arvo_16537/b5d48043b08b.json
arvo_16541,exclude_train,"exclude_train: shares CyberGym test-set bug 42477252 (exact match to arvo:16541); train-on-test risk, eval-only",inputs/overlap.csv:canonical_bug_id=42477252,cyber:zstd,zstd,,
arvo_16566,keep,"keep: no CyberGym/SEC-bench overlap, not a suspect spec, not a duplicate",inputs/mimo_cyber_clean_ids.txt:mimo_instance_id=arvo_16566,cyber:libvips,libvips,,library/task-variants/mimo-v2.6-rl__arvo_16566/778cad0da5c8.json
arvo_16615,keep,"keep: no CyberGym/SEC-bench overlap, not a suspect spec, not a duplicate",inputs/mimo_cyber_clean_ids.txt:mimo_instance_id=arvo_16615,cyber:opensc,opensc,arvo_42477334,library/task-variants/mimo-v2.6-rl__arvo_16615/4c93b9b4d36d.json
arvo_16857,keep,"keep: no CyberGym/SEC-bench overlap, not a suspect spec, not a duplicate",inputs/mimo_cyber_clean_ids.txt:mimo_instance_id=arvo_16857,cyber:matio,matio,,library/task-variants/mimo-v2.6-rl__arvo_16857/ef3909ba51c6.json
arvo_17171,exclude_train,"exclude_train: shares CyberGym test-set bug 42477952 (exact match to arvo:17171); train-on-test risk, eval-only",inputs/overlap.csv:canonical_bug_id=42477952;inputs/mimo_duplicates.csv:canonical_bug_id=42477952,cyber:libxslt,libxslt,arvo_42477952,
arvo_18222,keep,"keep: no CyberGym/SEC-bench overlap, not a suspect spec, not a duplicate",inputs/mimo_cyber_clean_ids.txt:mimo_instance_id=arvo_18222,cyber:binutils-gdb,binutils-gdb,arvo_42479120,library/task-variants/mimo-v2.6-rl__arvo_18222/ebae95e8cd66.json
arvo_18228,exclude_train,"exclude_train: shares CyberGym test-set bug 42479126 (exact match to arvo:18228); train-on-test risk, eval-only",inputs/overlap.csv:canonical_bug_id=42479126;inputs/mimo_duplicates.csv:canonical_bug_id=42479126,cyber:binutils-gdb,binutils-gdb,arvo_42479126,
arvo_18321,exclude_train,"exclude_train: shares CyberGym test-set bug 42479230 (exact match to arvo:18321); train-on-test risk, eval-only",inputs/overlap.csv:canonical_bug_id=42479230;inputs/mimo_duplicates.csv:canonical_bug_id=42479230,cyber:radare2,radare2,arvo_42479230,
arvo_18491,keep,"keep: no CyberGym/SEC-bench overlap, not a suspect spec, not a duplicate",inputs/mimo_cyber_clean_ids.txt:mimo_instance_id=arvo_18491,cyber:skia,skia,arvo_42479418,library/task-variants/mimo-v2.6-rl__arvo_18491/e23475a3aaa2.json
arvo_18562,exclude_train,"exclude_train: shares CyberGym test-set bug 42479497 (exact match to arvo:18562); train-on-test risk, eval-only",inputs/overlap.csv:canonical_bug_id=42479497;inputs/mimo_duplicates.csv:canonical_bug_id=42479497,cyber:lwan,lwan,arvo_42479497,
arvo_18615,exclude_train,"exclude_train: shares CyberGym test-set bug 42479556 (exact match to arvo:18615); train-on-test risk, eval-only",inputs/overlap.csv:canonical_bug_id=42479556;inputs/mimo_duplicates.csv:canonical_bug_id=42479556,cyber:binutils-gdb,binutils-gdb,arvo_42479556,
arvo_18626,keep,"keep: no CyberGym/SEC-bench overlap, not a suspect spec, not a duplicate",inputs/mimo_cyber_clean_ids.txt:mimo_instance_id=arvo_18626,cyber:lwan,lwan,,library/task-variants/mimo-v2.6-rl__arvo_18626/8bc867d3be8a.json
arvo_18732,keep,"keep: no CyberGym/SEC-bench overlap, not a suspect spec, not a duplicate",inputs/mimo_cyber_clean_ids.txt:mimo_instance_id=arvo_18732,cyber:libjpeg-turbo,libjpeg-turbo,arvo_42479686,library/task-variants/mimo-v2.6-rl__arvo_18732/e000d6101fc0.json
arvo_18733,keep,"keep: no CyberGym/SEC-bench overlap, not a suspect spec, not a duplicate",inputs/mimo_cyber_clean_ids.txt:mimo_instance_id=arvo_18733,cyber:ndpi,ndpi,arvo_42479687,library/task-variants/mimo-v2.6-rl__arvo_18733/1662f4036f7e.json
arvo_18737,discard,"discard: duplicate of arvo_42479691 (identical prompt, same bug 42479691); kept arvo_42479691",inputs/mimo_duplicates.csv:canonical_bug_id=42479691,cyber:ndpi,ndpi,arvo_42479691,
arvo_18952,exclude_train,"exclude_train: shares CyberGym test-set bug 42479930 (exact match to arvo:18952); train-on-test risk, eval-only",inputs/overlap.csv:canonical_bug_id=42479930,cyber:lwan,lwan,,
arvo_19100,exclude_train,"exclude_train: shares CyberGym test-set bug 42480096 (exact match to arvo:19100); train-on-test risk, eval-only",inputs/overlap.csv:canonical_bug_id=42480096,cyber:ndpi,ndpi,,
arvo_19146,keep,"keep: no CyberGym/SEC-bench overlap, not a suspect spec, not a duplicate",inputs/mimo_cyber_clean_ids.txt:mimo_instance_id=arvo_19146,cyber:zstd,zstd,,library/task-variants/mimo-v2.6-rl__arvo_19146/690802343251.json
arvo_19175,keep,"keep: no CyberGym/SEC-bench overlap, not a suspect spec, not a duplicate",inputs/mimo_cyber_clean_ids.txt:mimo_instance_id=arvo_19175,cyber:ndpi,ndpi,arvo_42480178,library/task-variants/mimo-v2.6-rl__arvo_19175/280ebed6674f.json
arvo_19386,keep,"keep: no CyberGym/SEC-bench overlap, not a suspect spec, not a duplicate",inputs/mimo_cyber_clean_ids.txt:mimo_instance_id=arvo_19386,cyber:openthread,openthread,,library/task-variants/mimo-v2.6-rl__arvo_19386/b44c2c4e7e41.json
arvo_19466,keep,"keep: no CyberGym/SEC-bench overlap, not a suspect spec, not a duplicate",inputs/mimo_cyber_clean_ids.txt:mimo_instance_id=arvo_19466,cyber:ndpi,ndpi,,library/task-variants/mimo-v2.6-rl__arvo_19466/c4445b89f352.json
arvo_19697,keep,"keep: no CyberGym/SEC-bench overlap, not a suspect spec, not a duplicate",inputs/mimo_cyber_clean_ids.txt:mimo_instance_id=arvo_19697,cyber:php-src,php-src,,library/task-variants/mimo-v2.6-rl__arvo_19697/ca8d397d6e93.json
arvo_1976,exclude_train,"exclude_train: shares CyberGym test-set bug 42480826 (exact match to arvo:1976); train-on-test risk, eval-only",inputs/overlap.csv:canonical_bug_id=42480826,cyber:libxml2,libxml2,,
arvo_19902,exclude_train,"exclude_train: shares CyberGym test-set bug 42480985 (exact match to arvo:19902); train-on-test risk, eval-only",inputs/overlap.csv:canonical_bug_id=42480985,cyber:mruby,mruby,,
arvo_19964,keep,"keep: no CyberGym/SEC-bench overlap, not a suspect spec, not a duplicate",inputs/mimo_cyber_clean_ids.txt:mimo_instance_id=arvo_19964,cyber:libraw,libraw,,library/task-variants/mimo-v2.6-rl__arvo_19964/888a1c9bbd74.json
arvo_20109,keep,"keep: no CyberGym/SEC-bench overlap, not a suspect spec, not a duplicate",inputs/mimo_cyber_clean_ids.txt:mimo_instance_id=arvo_20109,cyber:ndpi,ndpi,,library/task-variants/mimo-v2.6-rl__arvo_20109/955763495e37.json
arvo_20147,exclude_train,"exclude_train: shares CyberGym test-set bug 42481258 (exact match to arvo:20147); train-on-test risk, eval-only",inputs/overlap.csv:canonical_bug_id=42481258;inputs/mimo_duplicates.csv:canonical_bug_id=42481258,cyber:binutils-gdb,binutils-gdb,arvo_42481258,
arvo_20162,discard,"discard: duplicate of arvo_42481275 (identical prompt, same bug 42481275); kept arvo_42481275",inputs/mimo_duplicates.csv:canonical_bug_id=42481275,cyber:ndpi,ndpi,arvo_42481275,
arvo_20268,keep,"keep: no CyberGym/SEC-bench overlap, not a suspect spec, not a duplicate",inputs/mimo_cyber_clean_ids.txt:mimo_instance_id=arvo_20268,cyber:skia,skia,arvo_42481392,library/task-variants/mimo-v2.6-rl__arvo_20268/508b45899a31.json
arvo_20271,keep,"keep: no CyberGym/SEC-bench overlap, not a suspect spec, not a duplicate",inputs/mimo_cyber_clean_ids.txt:mimo_instance_id=arvo_20271,cyber:graphicsmagick,graphicsmagick,,library/task-variants/mimo-v2.6-rl__arvo_20271/253d431cfda2.json
arvo_20431,keep,"keep: no CyberGym/SEC-bench overlap, not a suspect spec, not a duplicate",inputs/mimo_cyber_clean_ids.txt:mimo_instance_id=arvo_20431,cyber:imagemagick,imagemagick,,library/task-variants/mimo-v2.6-rl__arvo_20431/f0acd8cba92e.json
arvo_20494,exclude_train,"exclude_train: shares CyberGym test-set bug 42481643 (exact match to arvo:20494); train-on-test risk, eval-only",inputs/overlap.csv:canonical_bug_id=42481643;inputs/mimo_duplicates.csv:canonical_bug_id=42481643,cyber:ffmpeg,ffmpeg,arvo_42481643,
arvo_20540,keep,"keep: no CyberGym/SEC-bench overlap, not a suspect spec, not a duplicate",inputs/mimo_cyber_clean_ids.txt:mimo_instance_id=arvo_20540,cyber:ndpi,ndpi,,library/task-variants/mimo-v2.6-rl__arvo_20540/c36fe5bfeea4.json
arvo_20596,keep,"keep: no CyberGym/SEC-bench overlap, not a suspect spec, not a duplicate",inputs/mimo_cyber_clean_ids.txt:mimo_instance_id=arvo_20596,cyber:binutils-gdb,binutils-gdb,,library/task-variants/mimo-v2.6-rl__arvo_20596/bc9845bd7628.json
arvo_20598,keep,"keep: no CyberGym/SEC-bench overlap, not a suspect spec, not a duplicate",inputs/mimo_cyber_clean_ids.txt:mimo_instance_id=arvo_20598,cyber:binutils-gdb,binutils-gdb,,library/task-variants/mimo-v2.6-rl__arvo_20598/d533a6e091dd.json
arvo_20600,discard,"discard: duplicate of arvo_42481762 (identical prompt, same bug 42481762); kept arvo_42481762",inputs/mimo_duplicates.csv:canonical_bug_id=42481762,cyber:binutils-gdb,binutils-gdb,arvo_42481762,
arvo_20602,keep,"keep: no CyberGym/SEC-bench overlap, not a suspect spec, not a duplicate",inputs/mimo_cyber_clean_ids.txt:mimo_instance_id=arvo_20602,cyber:binutils-gdb,binutils-gdb,,library/task-variants/mimo-v2.6-rl__arvo_20602/2767c2236792.json
arvo_20607,keep,"keep: no CyberGym/SEC-bench overlap, not a suspect spec, not a duplicate",inputs/mimo_cyber_clean_ids.txt:mimo_instance_id=arvo_20607,cyber:binutils-gdb,binutils-gdb,,library/task-variants/mimo-v2.6-rl__arvo_20607/aa20fe2da33c.json
arvo_20702,keep,"keep: no CyberGym/SEC-bench overlap, not a suspect spec, not a duplicate",inputs/mimo_cyber_clean_ids.txt:mimo_instance_id=arvo_20702,cyber:file,file,,library/task-variants/mimo-v2.6-rl__arvo_20702/1699ef8e29f2.json
arvo_20729,keep,"keep: no CyberGym/SEC-bench overlap, not a suspect spec, not a duplicate",inputs/mimo_cyber_clean_ids.txt:mimo_instance_id=arvo_20729,cyber:file,file,arvo_42481904,library/task-variants/mimo-v2.6-rl__arvo_20729/cdcadb108e76.json
arvo_20747,discard,"discard: duplicate of arvo_42481924 (identical prompt, same bug 42481924); kept arvo_42481924",inputs/mimo_duplicates.csv:canonical_bug_id=42481924,cyber:ndpi,ndpi,arvo_42481924,
arvo_20777,discard,"discard: duplicate of arvo_42481957 (identical prompt, same bug 42481957); kept arvo_42481957",inputs/mimo_duplicates.csv:canonical_bug_id=42481957,cyber:ndpi,ndpi,arvo_42481957,
arvo_20823,exclude_train,"exclude_train: shares CyberGym test-set bug 42482009 (exact match to arvo:20823); train-on-test risk, eval-only",inputs/overlap.csv:canonical_bug_id=42482009;inputs/mimo_duplicates.csv:canonical_bug_id=42482009,cyber:ndpi,ndpi,arvo_42482009,
arvo_20842,keep,"keep: no CyberGym/SEC-bench overlap, not a suspect spec, not a duplicate",inputs/mimo_cyber_clean_ids.txt:mimo_instance_id=arvo_20842,cyber:imagemagick,imagemagick,,library/task-variants/mimo-v2.6-rl__arvo_20842/2c75a946f3cc.json
arvo_20856,keep,"keep: no CyberGym/SEC-bench overlap, not a suspect spec, not a duplicate",inputs/mimo_cyber_clean_ids.txt:mimo_instance_id=arvo_20856,cyber:ndpi,ndpi,arvo_42482045,library/task-variants/mimo-v2.6-rl__arvo_20856/cc8ef842a753.json
arvo_20862,keep,"keep: no CyberGym/SEC-bench overlap, not a suspect spec, not a duplicate",inputs/mimo_cyber_clean_ids.txt:mimo_instance_id=arvo_20862,cyber:pcre2,pcre2,arvo_42482052,library/task-variants/mimo-v2.6-rl__arvo_20862/27476f7f8318.json
arvo_21263,keep,"keep: no CyberGym/SEC-bench overlap, not a suspect spec, not a duplicate",inputs/mimo_cyber_clean_ids.txt:mimo_instance_id=arvo_21263,cyber:ndpi,ndpi,,library/task-variants/mimo-v2.6-rl__arvo_21263/96a6815b50cc.json
arvo_21289,keep,"keep: no CyberGym/SEC-bench overlap, not a suspect spec, not a duplicate",inputs/mimo_cyber_clean_ids.txt:mimo_instance_id=arvo_21289,cyber:ndpi,ndpi,,library/task-variants/mimo-v2.6-rl__arvo_21289/7b687bffa82b.json
arvo_21296,keep,"keep: no CyberGym/SEC-bench overlap, not a suspect spec, not a duplicate",inputs/mimo_cyber_clean_ids.txt:mimo_instance_id=arvo_21296,cyber:ndpi,ndpi,,library/task-variants/mimo-v2.6-rl__arvo_21296/d5afcf6a216e.json
arvo_21300,exclude_train,"exclude_train: shares CyberGym test-set bug 42482540 (exact match to arvo:21300); train-on-test risk, eval-only",inputs/overlap.csv:canonical_bug_id=42482540,cyber:binutils-gdb,binutils-gdb,,
arvo_21321,exclude_train,"exclude_train: shares CyberGym test-set bug 42482563 (exact match to arvo:21321); train-on-test risk, eval-only",inputs/overlap.csv:canonical_bug_id=42482563;inputs/mimo_duplicates.csv:canonical_bug_id=42482563,cyber:binutils-gdb,binutils-gdb,arvo_42482563,
arvo_21325,exclude_train,"exclude_train: shares CyberGym test-set bug 42482567 (exact match to arvo:21325); train-on-test risk, eval-only",inputs/overlap.csv:canonical_bug_id=42482567,cyber:binutils-gdb,binutils-gdb,,
arvo_21326,keep,"keep: no CyberGym/SEC-bench overlap, not a suspect spec, not a duplicate",inputs/mimo_cyber_clean_ids.txt:mimo_instance_id=arvo_21326,cyber:binutils-gdb,binutils-gdb,arvo_42482568,library/task-variants/mimo-v2.6-rl__arvo_21326/b50c451e9b64.json
arvo_21359,exclude_train,"exclude_train: shares CyberGym test-set bug 42482604 (exact match to arvo:21359); train-on-test risk, eval-only",inputs/overlap.csv:canonical_bug_id=42482604;inputs/mimo_duplicates.csv:canonical_bug_id=42482604,cyber:binutils-gdb,binutils-gdb,arvo_42482604,
arvo_21363,discard,"discard: duplicate of arvo_42482609 (identical prompt, same bug 42482609); kept arvo_42482609",inputs/mimo_duplicates.csv:canonical_bug_id=42482609,cyber:ndpi,ndpi,arvo_42482609,
arvo_21365,discard,"discard: duplicate of arvo_42482611 (identical prompt, same bug 42482611); kept arvo_42482611",inputs/mimo_duplicates.csv:canonical_bug_id=42482611,cyber:ndpi,ndpi,arvo_42482611,
arvo_21464,keep,"keep: no CyberGym/SEC-bench overlap, not a suspect spec, not a duplicate",inputs/mimo_cyber_clean_ids.txt:mimo_instance_id=arvo_21464,cyber:open62541,open62541,,library/task-variants/mimo-v2.6-rl__arvo_21464/693384334e70.json
arvo_21578,exclude_train,"exclude_train: shares CyberGym test-set bug 42482847 (exact match to arvo:21578); train-on-test risk, eval-only",inputs/overlap.csv:canonical_bug_id=42482847;inputs/mimo_duplicates.csv:canonical_bug_id=42482847,cyber:libucl,libucl,arvo_42482847,
arvo_21579,exclude_train,"exclude_train: shares CyberGym test-set bug 42482848 (exact match to arvo:21579); train-on-test risk, eval-only",inputs/overlap.csv:canonical_bug_id=42482848;inputs/mimo_duplicates.csv:canonical_bug_id=42482848,cyber:libucl,libucl,arvo_42482848,
arvo_21604,exclude_train,"exclude_train: shares CyberGym test-set bug 42482877 (exact match to arvo:21604); train-on-test risk, eval-only",inputs/overlap.csv:canonical_bug_id=42482877;inputs/mimo_duplicates.csv:canonical_bug_id=42482877,cyber:poppler,poppler,arvo_42482877,
arvo_21715,keep,"keep: no CyberGym/SEC-bench overlap, not a suspect spec, not a duplicate",inputs/mimo_cyber_clean_ids.txt:mimo_instance_id=arvo_21715,cyber:wireshark,wireshark,,library/task-variants/mimo-v2.6-rl__arvo_21715/98afd729367b.json
arvo_21719,keep,"keep: no CyberGym/SEC-bench overlap, not a suspect spec, not a duplicate",inputs/mimo_cyber_clean_ids.txt:mimo_instance_id=arvo_21719,cyber:ndpi,ndpi,arvo_42483004,library/task-variants/mimo-v2.6-rl__arvo_21719/6a7605c63d6e.json
arvo_21780,keep,"keep: no CyberGym/SEC-bench overlap, not a suspect spec, not a duplicate",inputs/mimo_cyber_clean_ids.txt:mimo_instance_id=arvo_21780,cyber:ndpi,ndpi,,library/task-variants/mimo-v2.6-rl__arvo_21780/1791ffa233a8.json
arvo_21809,keep,"keep: no CyberGym/SEC-bench overlap, not a suspect spec, not a duplicate",inputs/mimo_cyber_clean_ids.txt:mimo_instance_id=arvo_21809,cyber:ndpi,ndpi,,library/task-variants/mimo-v2.6-rl__arvo_21809/de03f6fdb149.json
arvo_21916,exclude_train,"exclude_train: shares CyberGym test-set bug 42483223 (exact match to arvo:21916); train-on-test risk, eval-only",inputs/overlap.csv:canonical_bug_id=42483223,cyber:jsoncpp,jsoncpp,,
arvo_22110,keep,"keep: no CyberGym/SEC-bench overlap, not a suspect spec, not a duplicate",inputs/mimo_cyber_clean_ids.txt:mimo_instance_id=arvo_22110,cyber:leptonica,leptonica,,library/task-variants/mimo-v2.6-rl__arvo_22110/1423f2c209fd.json
arvo_22167,discard,"discard: duplicate of arvo_42483502 (identical prompt, same bug 42483502); kept arvo_42483502",inputs/mimo_duplicates.csv:canonical_bug_id=42483502,cyber:ndpi,ndpi,arvo_42483502,
arvo_22244,exclude_train,"exclude_train: shares CyberGym test-set bug 42483588 (exact match to arvo:22244); train-on-test risk, eval-only",inputs/overlap.csv:canonical_bug_id=42483588;inputs/mimo_duplicates.csv:canonical_bug_id=42483588,cyber:ndpi,ndpi,arvo_42483588,
arvo_22342,discard,"discard: duplicate of arvo_42483697 (identical prompt, same bug 42483697); kept arvo_42483697",inputs/mimo_duplicates.csv:canonical_bug_id=42483697,cyber:ndpi,ndpi,arvo_42483697,
arvo_22419,discard,"discard: duplicate of arvo_42483782 (identical prompt, same bug 42483782); kept arvo_42483782",inputs/mimo_duplicates.csv:canonical_bug_id=42483782,cyber:ndpi,ndpi,arvo_42483782,
arvo_22498,discard,"discard: duplicate of arvo_42483869 (identical prompt, same bug 42483869); kept arvo_42483869",inputs/mimo_duplicates.csv:canonical_bug_id=42483869,cyber:ndpi,ndpi,arvo_42483869,
arvo_22556,keep,"keep: no CyberGym/SEC-bench overlap, not a suspect spec, not a duplicate",inputs/mimo_cyber_clean_ids.txt:mimo_instance_id=arvo_22556,cyber:matio,matio,arvo_42483934,library/task-variants/mimo-v2.6-rl__arvo_22556/028316cc9562.json
arvo_22718,keep,"keep: no CyberGym/SEC-bench overlap, not a suspect spec, not a duplicate",inputs/mimo_cyber_clean_ids.txt:mimo_instance_id=arvo_22718,cyber:rdkit,rdkit,,library/task-variants/mimo-v2.6-rl__arvo_22718/2c3f3a5311b6.json
arvo_22755,keep,"keep: no CyberGym/SEC-bench overlap, not a suspect spec, not a duplicate",inputs/mimo_cyber_clean_ids.txt:mimo_instance_id=arvo_22755,cyber:ndpi,ndpi,,library/task-variants/mimo-v2.6-rl__arvo_22755/9696ba5a0092.json
arvo_2287,keep,"keep: no CyberGym/SEC-bench overlap, not a suspect spec, not a duplicate",inputs/mimo_cyber_clean_ids.txt:mimo_instance_id=arvo_2287,cyber:libreoffice,libreoffice,,library/task-variants/mimo-v2.6-rl__arvo_2287/ee89728268e6.json
arvo_22912,keep,"keep: no CyberGym/SEC-bench overlap, not a suspect spec, not a duplicate",inputs/mimo_cyber_clean_ids.txt:mimo_instance_id=arvo_22912,cyber:ndpi,ndpi,,library/task-variants/mimo-v2.6-rl__arvo_22912/ac4505e4c2cc.json
arvo_22978,exclude_train,"exclude_train: shares CyberGym test-set bug 42484402 (exact match to arvo:22978); train-on-test risk, eval-only",inputs/overlap.csv:canonical_bug_id=42484402;inputs/mimo_duplicates.csv:canonical_bug_id=42484402,cyber:libraw,libraw,arvo_42484402,
arvo_23352,keep,"keep: no CyberGym/SEC-bench overlap, not a suspect spec, not a duplicate",inputs/mimo_cyber_clean_ids.txt:mimo_instance_id=arvo_23352,cyber:rdkit,rdkit,,library/task-variants/mimo-v2.6-rl__arvo_23352/783a238c8de8.json
arvo_23396,discard,"discard: duplicate of arvo_42484867 (identical prompt, same bug 42484867); kept arvo_42484867",inputs/mimo_duplicates.csv:canonical_bug_id=42484867,cyber:ndpi,ndpi,arvo_42484867,
arvo_23430,keep,"keep: no CyberGym/SEC-bench overlap, not a suspect spec, not a duplicate",inputs/mimo_cyber_clean_ids.txt:mimo_instance_id=arvo_23430,cyber:open62541,open62541,arvo_42484906,library/task-variants/mimo-v2.6-rl__arvo_23430/7e8517a60fa8.json
arvo_23529,discard,"discard: duplicate of arvo_42485014 (identical prompt, same bug 42485014); kept arvo_42485014",inputs/mimo_duplicates.csv:canonical_bug_id=42485014,cyber:opensc,opensc,arvo_42485014,
arvo_23717,exclude_train,"exclude_train: shares CyberGym test-set bug 42485223 (exact match to arvo:23717); train-on-test risk, eval-only",inputs/overlap.csv:canonical_bug_id=42485223,cyber:c-blosc2,c-blosc2,,
arvo_2392,keep,"keep: no CyberGym/SEC-bench overlap, not a suspect spec, not a duplicate",inputs/mimo_cyber_clean_ids.txt:mimo_instance_id=arvo_2392,cyber:libreoffice,libreoffice,arvo_42485448,library/task-variants/mimo-v2.6-rl__arvo_2392/ec7c5c0364af.json
arvo_23932,keep,"keep: no CyberGym/SEC-bench overlap, not a suspect spec, not a duplicate",inputs/mimo_cyber_clean_ids.txt:mimo_instance_id=arvo_23932,cyber:skia,skia,,library/task-variants/mimo-v2.6-rl__arvo_23932/e3f9fdd928bb.json
arvo_24183,exclude_train,"exclude_train: shares CyberGym test-set bug 42485741 (exact match to arvo:24183); train-on-test risk, eval-only",inputs/overlap.csv:canonical_bug_id=42485741,cyber:opensc,opensc,,
arvo_24293,keep,"keep: no CyberGym/SEC-bench overlap, not a suspect spec, not a duplicate",inputs/mimo_cyber_clean_ids.txt:mimo_instance_id=arvo_24293,cyber:yara,yara,,library/task-variants/mimo-v2.6-rl__arvo_24293/b9735d19214f.json
arvo_24553,keep,"keep: no CyberGym/SEC-bench overlap, not a suspect spec, not a duplicate",inputs/mimo_cyber_clean_ids.txt:mimo_instance_id=arvo_24553,cyber:assimp,assimp,arvo_42486152,library/task-variants/mimo-v2.6-rl__arvo_24553/7b7ee7a9e0d9.json
arvo_24590,keep,"keep: no CyberGym/SEC-bench overlap, not a suspect spec, not a duplicate",inputs/mimo_cyber_clean_ids.txt:mimo_instance_id=arvo_24590,cyber:x265,x265,arvo_42486193,library/task-variants/mimo-v2.6-rl__arvo_24590/78c92384fe4e.json
arvo_24633,exclude_train,"exclude_train: shares CyberGym test-set bug 42486241 (exact match to arvo:24633); train-on-test risk, eval-only",inputs/overlap.csv:canonical_bug_id=42486241,cyber:arduinojson,arduinojson,,
arvo_24895,keep,"keep: no CyberGym/SEC-bench overlap, not a suspect spec, not a duplicate",inputs/mimo_cyber_clean_ids.txt:mimo_instance_id=arvo_24895,cyber:sleuthkit,sleuthkit,arvo_42486531,library/task-variants/mimo-v2.6-rl__arvo_24895/e66de915ae03.json
arvo_24940,keep,"keep: no CyberGym/SEC-bench overlap, not a suspect spec, not a duplicate",inputs/mimo_cyber_clean_ids.txt:mimo_instance_id=arvo_24940,cyber:opensc,opensc,arvo_42486582,library/task-variants/mimo-v2.6-rl__arvo_24940/334b80bb878f.json
arvo_25053,keep,"keep: no CyberGym/SEC-bench overlap, not a suspect spec, not a duplicate",inputs/mimo_cyber_clean_ids.txt:mimo_instance_id=arvo_25053,cyber:open62541,open62541,,library/task-variants/mimo-v2.6-rl__arvo_25053/bdc0800e209d.json
arvo_25121,exclude_train,"exclude_train: shares CyberGym test-set bug 42486784 (exact match to arvo:25121); train-on-test risk, eval-only",inputs/overlap.csv:canonical_bug_id=42486784,cyber:leptonica,leptonica,,
arvo_25167,exclude_train,"exclude_train: shares CyberGym test-set bug 42486834 (exact match to arvo:25167); train-on-test risk, eval-only",inputs/overlap.csv:canonical_bug_id=42486834;inputs/mimo_duplicates.csv:canonical_bug_id=42486834,cyber:libzmq,libzmq,arvo_42486834,
arvo_25341,exclude_train,"exclude_train: shares CyberGym test-set bug 42487028 (exact match to arvo:25341); train-on-test risk, eval-only",inputs/overlap.csv:canonical_bug_id=42487028,cyber:assimp,assimp,,
arvo_25376,keep,"keep: no CyberGym/SEC-bench overlap, not a suspect spec, not a duplicate",inputs/mimo_cyber_clean_ids.txt:mimo_instance_id=arvo_25376,cyber:uWebSockets,uWebSockets,,library/task-variants/mimo-v2.6-rl__arvo_25376/4c92c082bc38.json
arvo_25378,keep,"keep: no CyberGym/SEC-bench overlap, not a suspect spec, not a duplicate",inputs/mimo_cyber_clean_ids.txt:mimo_instance_id=arvo_25378,cyber:uWebSockets,uWebSockets,,library/task-variants/mimo-v2.6-rl__arvo_25378/8cdf98c53558.json
arvo_25410,keep,"keep: no CyberGym/SEC-bench overlap, not a suspect spec, not a duplicate",inputs/mimo_cyber_clean_ids.txt:mimo_instance_id=arvo_25410,cyber:uWebSockets,uWebSockets,,library/task-variants/mimo-v2.6-rl__arvo_25410/e2905e14d044.json
arvo_25530,exclude_train,"exclude_train: shares CyberGym test-set bug 42487238 (exact match to arvo:25530); train-on-test risk, eval-only",inputs/overlap.csv:canonical_bug_id=42487238,cyber:libsndfile,libsndfile,,
arvo_25911,discard,"discard: duplicate of arvo_42487661 (identical prompt, same bug 42487661); kept arvo_42487661",inputs/mimo_duplicates.csv:canonical_bug_id=42487661,cyber:libavif,libavif,arvo_42487661,
arvo_2602,keep,"keep: no CyberGym/SEC-bench overlap, not a suspect spec, not a duplicate",inputs/mimo_cyber_clean_ids.txt:mimo_instance_id=arvo_2602,cyber:libteken,libteken,arvo_42487782,library/task-variants/mimo-v2.6-rl__arvo_2602/5d8cc707f1a8.json
arvo_2603,discard,"discard: duplicate of arvo_42487793 (identical prompt, same bug 42487793); kept arvo_42487793",inputs/mimo_duplicates.csv:canonical_bug_id=42487793,cyber:expat,expat,arvo_42487793,
arvo_26260,keep,"keep: no CyberGym/SEC-bench overlap, not a suspect spec, not a duplicate",inputs/mimo_cyber_clean_ids.txt:mimo_instance_id=arvo_26260,cyber:leptonica,leptonica,,library/task-variants/mimo-v2.6-rl__arvo_26260/5dea2bbef801.json
arvo_26268,discard,"discard: duplicate of arvo_42488057 (identical prompt, same bug 42488057); kept arvo_42488057",inputs/mimo_duplicates.csv:canonical_bug_id=42488057,cyber:leptonica,leptonica,arvo_42488057,
arvo_26345,exclude_train,"exclude_train: shares CyberGym test-set bug 42488143 (exact match to arvo:26345); train-on-test risk, eval-only",inputs/overlap.csv:canonical_bug_id=42488143;inputs/mimo_duplicates.csv:canonical_bug_id=42488143,cyber:fluent-bit,fluent-bit,arvo_42488143,
arvo_26400,exclude_train,"exclude_train: shares CyberGym test-set bug 42488205 (exact match to arvo:26400); train-on-test risk, eval-only",inputs/overlap.csv:canonical_bug_id=42488205,cyber:mruby,mruby,,
arvo_26674,keep,"keep: no CyberGym/SEC-bench overlap, not a suspect spec, not a duplicate",inputs/mimo_cyber_clean_ids.txt:mimo_instance_id=arvo_26674,cyber:libass,libass,arvo_42488508,library/task-variants/mimo-v2.6-rl__arvo_26674/2024e1345d82.json
arvo_26773,keep,"keep: no CyberGym/SEC-bench overlap, not a suspect spec, not a duplicate",inputs/mimo_cyber_clean_ids.txt:mimo_instance_id=arvo_26773,cyber:simdjson,simdjson,,library/task-variants/mimo-v2.6-rl__arvo_26773/1ec0f6d857da.json
arvo_26900,discard,"discard: duplicate of arvo_42488760 (identical prompt, same bug 42488760); kept arvo_42488760",inputs/mimo_duplicates.csv:canonical_bug_id=42488760,cyber:opensc,opensc,arvo_42488760,
arvo_2692,keep,"keep: no CyberGym/SEC-bench overlap, not a suspect spec, not a duplicate",inputs/mimo_cyber_clean_ids.txt:mimo_instance_id=arvo_2692,cyber:boringssl,boringssl,,library/task-variants/mimo-v2.6-rl__arvo_2692/dafe79aa7a1b.json
arvo_27279,exclude_train,"exclude_train: shares CyberGym test-set bug 42489180 (exact match to arvo:27279); train-on-test risk, eval-only",inputs/overlap.csv:canonical_bug_id=42489180;inputs/mimo_duplicates.csv:canonical_bug_id=42489180,cyber:fluent-bit,fluent-bit,arvo_42489180,
arvo_27413,exclude_train,"exclude_train: shares CyberGym test-set bug 42489330 (exact match to arvo:27413); train-on-test risk, eval-only",inputs/overlap.csv:canonical_bug_id=42489330;inputs/mimo_duplicates.csv:canonical_bug_id=42489330,cyber:miniz,miniz,arvo_42489330,
arvo_27517,keep,"keep: no CyberGym/SEC-bench overlap, not a suspect spec, not a duplicate",inputs/mimo_cyber_clean_ids.txt:mimo_instance_id=arvo_27517,cyber:assimp,assimp,,library/task-variants/mimo-v2.6-rl__arvo_27517/8e301d81b744.json
arvo_27592,keep,"keep: no CyberGym/SEC-bench overlap, not a suspect spec, not a duplicate",inputs/mimo_cyber_clean_ids.txt:mimo_instance_id=arvo_27592,cyber:libjpeg-turbo,libjpeg-turbo,,library/task-variants/mimo-v2.6-rl__arvo_27592/01eb88129c24.json
arvo_27710,exclude_train,"exclude_train: shares CyberGym test-set bug 42489660 (exact match to arvo:27710); train-on-test risk, eval-only",inputs/overlap.csv:canonical_bug_id=42489660;inputs/mimo_duplicates.csv:canonical_bug_id=42489660,cyber:fluent-bit,fluent-bit,arvo_42489660,
arvo_27719,exclude_train,"exclude_train: shares CyberGym test-set bug 42489669 (exact match to arvo:27719); train-on-test risk, eval-only",inputs/overlap.csv:canonical_bug_id=42489669,cyber:opensc,opensc,,
arvo_27852,keep,"keep: no CyberGym/SEC-bench overlap, not a suspect spec, not a duplicate",inputs/mimo_cyber_clean_ids.txt:mimo_instance_id=arvo_27852,cyber:libjpeg-turbo,libjpeg-turbo,arvo_42489817,library/task-variants/mimo-v2.6-rl__arvo_27852/fa5ae425950a.json
arvo_28021,discard,"discard: duplicate of arvo_42490006 (identical prompt, same bug 42490006); kept arvo_42490006",inputs/mimo_duplicates.csv:canonical_bug_id=42490006,cyber:libjpeg-turbo,libjpeg-turbo,arvo_42490006,
arvo_28123,keep,"keep: no CyberGym/SEC-bench overlap, not a suspect spec, not a duplicate",inputs/mimo_cyber_clean_ids.txt:mimo_instance_id=arvo_28123,cyber:libjpeg-turbo,libjpeg-turbo,arvo_42490119,library/task-variants/mimo-v2.6-rl__arvo_28123/8374a9d0e667.json
arvo_28151,exclude_train,"exclude_train: shares CyberGym test-set bug 42490150 (exact match to arvo:28151); train-on-test risk, eval-only",inputs/overlap.csv:canonical_bug_id=42490150,cyber:serenity,serenity,,
arvo_28162,keep,"keep: no CyberGym/SEC-bench overlap, not a suspect spec, not a duplicate",inputs/mimo_cyber_clean_ids.txt:mimo_instance_id=arvo_28162,cyber:uWebSockets,uWebSockets,,library/task-variants/mimo-v2.6-rl__arvo_28162/1dc0828375e6.json
arvo_28239,exclude_train,"exclude_train: shares CyberGym test-set bug 42490247 (exact match to arvo:28239); train-on-test risk, eval-only",inputs/overlap.csv:canonical_bug_id=42490247,cyber:serenity,serenity,,
arvo_28256,keep,"keep: no CyberGym/SEC-bench overlap, not a suspect spec, not a duplicate",inputs/mimo_cyber_clean_ids.txt:mimo_instance_id=arvo_28256,cyber:fluent-bit,fluent-bit,,library/task-variants/mimo-v2.6-rl__arvo_28256/94c8f2bfd7b1.json
arvo_28462,exclude_train,"exclude_train: shares CyberGym test-set bug 42490495 (exact match to arvo:28462); train-on-test risk, eval-only",inputs/overlap.csv:canonical_bug_id=42490495,cyber:selinux,selinux,,
arvo_28467,exclude_train,"exclude_train: shares CyberGym test-set bug 42490500 (exact match to arvo:28467); train-on-test risk, eval-only",inputs/overlap.csv:canonical_bug_id=42490500,cyber:selinux,selinux,,
arvo_28474,keep,"keep: no CyberGym/SEC-bench overlap, not a suspect spec, not a duplicate",inputs/mimo_cyber_clean_ids.txt:mimo_instance_id=arvo_28474,cyber:mongoose,mongoose,arvo_42490508,library/task-variants/mimo-v2.6-rl__arvo_28474/7df7ed969a73.json
arvo_28513,discard,"discard: duplicate of arvo_42490552 (identical prompt, same bug 42490552); kept arvo_42490552",inputs/mimo_duplicates.csv:canonical_bug_id=42490552,cyber:selinux,selinux,arvo_42490552,
arvo_28777,exclude_train,"exclude_train: shares CyberGym test-set bug 42490844 (exact match to arvo:28777); train-on-test risk, eval-only",inputs/overlap.csv:canonical_bug_id=42490844,cyber:hiredis,hiredis,,
arvo_29266,exclude_train,"exclude_train: shares CyberGym test-set bug 42491388 (exact match to arvo:29266); train-on-test risk, eval-only",inputs/overlap.csv:canonical_bug_id=42491388,cyber:serenity,serenity,,
arvo_29280,keep,"keep: no CyberGym/SEC-bench overlap, not a suspect spec, not a duplicate",inputs/mimo_cyber_clean_ids.txt:mimo_instance_id=arvo_29280,cyber:c-blosc2,c-blosc2,,library/task-variants/mimo-v2.6-rl__arvo_29280/05d9897c268a.json
arvo_29329,keep,"keep: no CyberGym/SEC-bench overlap, not a suspect spec, not a duplicate",inputs/mimo_cyber_clean_ids.txt:mimo_instance_id=arvo_29329,cyber:mdbtools,mdbtools,arvo_42491458,library/task-variants/mimo-v2.6-rl__arvo_29329/83bfecb7a224.json
arvo_29491,keep,"keep: no CyberGym/SEC-bench overlap, not a suspect spec, not a duplicate",inputs/mimo_cyber_clean_ids.txt:mimo_instance_id=arvo_29491,cyber:hdf5-1.12.0,hdf5-1.12.0,arvo_42491638,library/task-variants/mimo-v2.6-rl__arvo_29491/7839b0c4380f.json
arvo_29545,keep,"keep: no CyberGym/SEC-bench overlap, not a suspect spec, not a duplicate",inputs/mimo_cyber_clean_ids.txt:mimo_instance_id=arvo_29545,cyber:hdf5-1.12.0,hdf5-1.12.0,,library/task-variants/mimo-v2.6-rl__arvo_29545/791df0ed18df.json
arvo_29564,exclude_train,"exclude_train: shares CyberGym test-set bug 42491719 (exact match to arvo:29564); train-on-test risk, eval-only",inputs/overlap.csv:canonical_bug_id=42491719;inputs/mimo_duplicates.csv:canonical_bug_id=42491719,cyber:fio,fio,arvo_42491719,
arvo_29633,exclude_train,"exclude_train: shares CyberGym test-set bug 42491796 (exact match to arvo:29633); train-on-test risk, eval-only",inputs/overlap.csv:canonical_bug_id=42491796;inputs/mimo_duplicates.csv:canonical_bug_id=42491796,cyber:fio,fio,arvo_42491796,
arvo_29792,discard,"discard: duplicate of arvo_42491972 (identical prompt, same bug 42491972); kept arvo_42491972",inputs/mimo_duplicates.csv:canonical_bug_id=42491972,cyber:htslib,htslib,arvo_42491972,
arvo_29819,keep,"keep: no CyberGym/SEC-bench overlap, not a suspect spec, not a duplicate",inputs/mimo_cyber_clean_ids.txt:mimo_instance_id=arvo_29819,cyber:leptonica,leptonica,arvo_42492002,library/task-variants/mimo-v2.6-rl__arvo_29819/88b19274b06b.json
arvo_30217,exclude_train,"exclude_train: shares CyberGym test-set bug 42492446 (exact match to arvo:30217); train-on-test risk, eval-only",inputs/overlap.csv:canonical_bug_id=42492446,cyber:yara,yara,,
arvo_30234,exclude_train,"exclude_train: shares CyberGym test-set bug 42492465 (exact match to arvo:30234); train-on-test risk, eval-only",inputs/overlap.csv:canonical_bug_id=42492465;inputs/mimo_duplicates.csv:canonical_bug_id=42492465,cyber:selinux,selinux,arvo_42492465,
arvo_30365,keep,"keep: no CyberGym/SEC-bench overlap, not a suspect spec, not a duplicate",inputs/mimo_cyber_clean_ids.txt:mimo_instance_id=arvo_30365,cyber:serenity,serenity,arvo_42492610,library/task-variants/mimo-v2.6-rl__arvo_30365/483dd40f87b4.json
arvo_30430,keep,"keep: no CyberGym/SEC-bench overlap, not a suspect spec, not a duplicate",inputs/mimo_cyber_clean_ids.txt:mimo_instance_id=arvo_30430,cyber:libtiff,libtiff,,library/task-variants/mimo-v2.6-rl__arvo_30430/4d8bf689a1ea.json
arvo_30501,keep,"keep: no CyberGym/SEC-bench overlap, not a suspect spec, not a duplicate",inputs/mimo_cyber_clean_ids.txt:mimo_instance_id=arvo_30501,cyber:serenity,serenity,arvo_42492762,library/task-variants/mimo-v2.6-rl__arvo_30501/b33d6ac16e4f.json
arvo_30537,keep,"keep: no CyberGym/SEC-bench overlap, not a suspect spec, not a duplicate",inputs/mimo_cyber_clean_ids.txt:mimo_instance_id=arvo_30537,cyber:relic,relic,arvo_42492801,library/task-variants/mimo-v2.6-rl__arvo_30537/22da1d2005ae.json
arvo_30682,keep,"keep: no CyberGym/SEC-bench overlap, not a suspect spec, not a duplicate",inputs/mimo_cyber_clean_ids.txt:mimo_instance_id=arvo_30682,cyber:flatbuffers,flatbuffers,,library/task-variants/mimo-v2.6-rl__arvo_30682/eee7bf466445.json
arvo_30792,discard,"discard: duplicate of arvo_42493084 (identical prompt, same bug 42493084); kept arvo_42493084",inputs/mimo_duplicates.csv:canonical_bug_id=42493084,cyber:wabt,wabt,arvo_42493084,
arvo_3093,keep,"keep: no CyberGym/SEC-bench overlap, not a suspect spec, not a duplicate",inputs/mimo_cyber_clean_ids.txt:mimo_instance_id=arvo_3093,cyber:nettle,nettle,,library/task-variants/mimo-v2.6-rl__arvo_3093/c11516143744.json
arvo_3094,keep,"keep: no CyberGym/SEC-bench overlap, not a suspect spec, not a duplicate",inputs/mimo_cyber_clean_ids.txt:mimo_instance_id=arvo_3094,cyber:gmp,gmp,,library/task-variants/mimo-v2.6-rl__arvo_3094/9ac2f992ffba.json
arvo_3095,keep,"keep: no CyberGym/SEC-bench overlap, not a suspect spec, not a duplicate",inputs/mimo_cyber_clean_ids.txt:mimo_instance_id=arvo_3095,cyber:gnutls,gnutls,,library/task-variants/mimo-v2.6-rl__arvo_3095/2b9b8f670e50.json
arvo_30951,discard,"discard: duplicate of arvo_42493261 (identical prompt, same bug 42493261); kept arvo_42493261",inputs/mimo_duplicates.csv:canonical_bug_id=42493261,cyber:uWebSockets,uWebSockets,arvo_42493261,
arvo_30996,keep,"keep: no CyberGym/SEC-bench overlap, not a suspect spec, not a duplicate",inputs/mimo_cyber_clean_ids.txt:mimo_instance_id=arvo_30996,cyber:uWebSockets,uWebSockets,,library/task-variants/mimo-v2.6-rl__arvo_30996/7d96d8d158dc.json
arvo_31126,keep,"keep: no CyberGym/SEC-bench overlap, not a suspect spec, not a duplicate",inputs/mimo_cyber_clean_ids.txt:mimo_instance_id=arvo_31126,cyber:uWebSockets,uWebSockets,,library/task-variants/mimo-v2.6-rl__arvo_31126/ddf4c9456e37.json
arvo_31202,keep,"keep: no CyberGym/SEC-bench overlap, not a suspect spec, not a duplicate",inputs/mimo_cyber_clean_ids.txt:mimo_instance_id=arvo_31202,cyber:uWebSockets,uWebSockets,,library/task-variants/mimo-v2.6-rl__arvo_31202/bea4ba9ac4ec.json
arvo_31332,exclude_train,"exclude_train: shares CyberGym test-set bug 42493685 (exact match to arvo:31332); train-on-test risk, eval-only",inputs/overlap.csv:canonical_bug_id=42493685,cyber:md4c,md4c,,
arvo_31351,keep,"keep: no CyberGym/SEC-bench overlap, not a suspect spec, not a duplicate",inputs/mimo_cyber_clean_ids.txt:mimo_instance_id=arvo_31351,cyber:serenity,serenity,,library/task-variants/mimo-v2.6-rl__arvo_31351/c5b88bf9b3cb.json
arvo_31491,exclude_train,"exclude_train: shares CyberGym test-set bug 42493861 (exact match to arvo:31491); train-on-test risk, eval-only",inputs/overlap.csv:canonical_bug_id=42493861;inputs/mimo_duplicates.csv:canonical_bug_id=42493861,cyber:irssi,irssi,arvo_42493861,
arvo_31768,keep,"keep: no CyberGym/SEC-bench overlap, not a suspect spec, not a duplicate",inputs/mimo_cyber_clean_ids.txt:mimo_instance_id=arvo_31768,cyber:freeimage-svn,freeimage-svn,,library/task-variants/mimo-v2.6-rl__arvo_31768/1b84f09b1177.json
arvo_32142,keep,"keep: no CyberGym/SEC-bench overlap, not a suspect spec, not a duplicate; paired with bogus suspect spec arvo_42494585 under a differing prompt; this member names the real crash site",inputs/mimo_duplicates.csv:canonical_bug_id=42494585;inputs/mimo_cyber_clean_ids.txt:mimo_instance_id=arvo_32142,cyber:tesseract,tesseract,arvo_42494585,library/task-variants/mimo-v2.6-rl__arvo_32142/dfa689e7aa32.json
arvo_32184,keep,"keep: no CyberGym/SEC-bench overlap, not a suspect spec, not a duplicate",inputs/mimo_cyber_clean_ids.txt:mimo_instance_id=arvo_32184,cyber:pcl,pcl,,library/task-variants/mimo-v2.6-rl__arvo_32184/29e1724e06b8.json
arvo_32228,keep,"keep: no CyberGym/SEC-bench overlap, not a suspect spec, not a duplicate",inputs/mimo_cyber_clean_ids.txt:mimo_instance_id=arvo_32228,cyber:pcl,pcl,,library/task-variants/mimo-v2.6-rl__arvo_32228/4fb9aa6c71cb.json
arvo_3232,keep,"keep: no CyberGym/SEC-bench overlap, not a suspect spec, not a duplicate",inputs/mimo_cyber_clean_ids.txt:mimo_instance_id=arvo_3232,cyber:expat,expat,,library/task-variants/mimo-v2.6-rl__arvo_3232/aa1bb0e1fd69.json
arvo_3233,keep,"keep: no CyberGym/SEC-bench overlap, not a suspect spec, not a duplicate",inputs/mimo_cyber_clean_ids.txt:mimo_instance_id=arvo_3233,cyber:expat,expat,,library/task-variants/mimo-v2.6-rl__arvo_3233/4351a7a6fac3.json
arvo_3237,discard,"discard: duplicate of arvo_42494837 (identical prompt, same bug 42494837); kept arvo_42494837",inputs/mimo_duplicates.csv:canonical_bug_id=42494837,cyber:expat,expat,arvo_42494837,
arvo_32474,keep,"keep: no CyberGym/SEC-bench overlap, not a suspect spec, not a duplicate",inputs/mimo_cyber_clean_ids.txt:mimo_instance_id=arvo_32474,cyber:lxc,lxc,,library/task-variants/mimo-v2.6-rl__arvo_32474/eefa06b2de82.json
arvo_32483,keep,"keep: no CyberGym/SEC-bench overlap, not a suspect spec, not a duplicate",inputs/mimo_cyber_clean_ids.txt:mimo_instance_id=arvo_32483,cyber:lxc,lxc,arvo_42494963,library/task-variants/mimo-v2.6-rl__arvo_32483/7c3bdb74b43e.json
arvo_32765,keep,"keep: no CyberGym/SEC-bench overlap, not a suspect spec, not a duplicate",inputs/mimo_cyber_clean_ids.txt:mimo_instance_id=arvo_32765,cyber:skcms,skcms,,library/task-variants/mimo-v2.6-rl__arvo_32765/a453785e8b2d.json
arvo_32822,keep,"keep: no CyberGym/SEC-bench overlap, not a suspect spec, not a duplicate",inputs/mimo_cyber_clean_ids.txt:mimo_instance_id=arvo_32822,cyber:assimp,assimp,,library/task-variants/mimo-v2.6-rl__arvo_32822/b1cd1e4b9006.json
arvo_33069,keep,"keep: no CyberGym/SEC-bench overlap, not a suspect spec, not a duplicate",inputs/mimo_cyber_clean_ids.txt:mimo_instance_id=arvo_33069,cyber:wasm3,wasm3,,library/task-variants/mimo-v2.6-rl__arvo_33069/5cd39e502c4f.json
arvo_33078,exclude_train,"exclude_train: shares SEC-bench bug wasm3.ossfuzz-42495624 (oss, plain issue ID, function_and_type); train-on-test risk for SEC-bench, eval-only",inputs/mimo_secbench.csv:secbench_instance_id=wasm3.ossfuzz-42495624;inputs/mimo_duplicates.csv:canonical_bug_id=42495624,cyber:wasm3,wasm3,arvo_42495624,
arvo_33129,discard,"discard: duplicate of arvo_42495681 (identical prompt, same bug 42495681); kept arvo_42495681",inputs/mimo_duplicates.csv:canonical_bug_id=42495681,cyber:gpac,gpac,arvo_42495681,
arvo_33198,keep,"keep: no CyberGym/SEC-bench overlap, not a suspect spec, not a duplicate",inputs/mimo_cyber_clean_ids.txt:mimo_instance_id=arvo_33198,cyber:freeimage-svn,freeimage-svn,,library/task-variants/mimo-v2.6-rl__arvo_33198/4f41c08f7b20.json
arvo_33237,keep,"keep: no CyberGym/SEC-bench overlap, not a suspect spec, not a duplicate; secbench: same-fix claim unverified (crash no_match in wasm3.ossfuzz-42495805); kept with flag",inputs/mimo_cyber_clean_ids.txt:mimo_instance_id=arvo_33237;inputs/mimo_secbench.csv:secbench_instance_id=wasm3.ossfuzz-42495805,cyber:wasm3,wasm3,,library/task-variants/mimo-v2.6-rl__arvo_33237/c3c5184d62fc.json
arvo_33240,exclude_train,"exclude_train: shares SEC-bench bug wasm3.ossfuzz-42495805 (oss, same fix commit, function_and_type); train-on-test risk for SEC-bench, eval-only",inputs/mimo_secbench.csv:secbench_instance_id=wasm3.ossfuzz-42495805,cyber:wasm3,wasm3,,
arvo_33370,keep,"keep: no CyberGym/SEC-bench overlap, not a suspect spec, not a duplicate",inputs/mimo_cyber_clean_ids.txt:mimo_instance_id=arvo_33370,cyber:imagemagick,imagemagick,arvo_42495949,library/task-variants/mimo-v2.6-rl__arvo_33370/1ded1fc785cf.json
arvo_33556,exclude_train,"exclude_train: shares CyberGym test-set bug 42496155 (exact match to arvo:33556); train-on-test risk, eval-only",inputs/overlap.csv:canonical_bug_id=42496155,cyber:lxc,lxc,,
arvo_33854,exclude_train,"exclude_train: shares CyberGym test-set bug 42496486 (exact match to arvo:33854); train-on-test risk, eval-only",inputs/overlap.csv:canonical_bug_id=42496486,cyber:serenity,serenity,,
arvo_33863,keep,"keep: no CyberGym/SEC-bench overlap, not a suspect spec, not a duplicate",inputs/mimo_cyber_clean_ids.txt:mimo_instance_id=arvo_33863,cyber:openthread,openthread,,library/task-variants/mimo-v2.6-rl__arvo_33863/f71835ab8b7e.json
arvo_34134,keep,"keep: no CyberGym/SEC-bench overlap, not a suspect spec, not a duplicate",inputs/mimo_cyber_clean_ids.txt:mimo_instance_id=arvo_34134,cyber:pcl,pcl,,library/task-variants/mimo-v2.6-rl__arvo_34134/2095d4bba724.json
arvo_344,keep,"keep: no CyberGym/SEC-bench overlap, not a suspect spec, not a duplicate",inputs/mimo_cyber_clean_ids.txt:mimo_instance_id=arvo_344,cyber:json,json,,library/task-variants/mimo-v2.6-rl__arvo_344/fe0d795114ca.json
arvo_3461,exclude_train,"exclude_train: shares CyberGym test-set bug 42497326 (exact match to arvo:3461); train-on-test risk, eval-only",inputs/overlap.csv:canonical_bug_id=42497326,cyber:librawspeed,librawspeed,,
arvo_34719,keep,"keep: no CyberGym/SEC-bench overlap, not a suspect spec, not a duplicate",inputs/mimo_cyber_clean_ids.txt:mimo_instance_id=arvo_34719,cyber:wolf-ssl-ssh-fuzzers,wolf-ssl-ssh-fuzzers,,library/task-variants/mimo-v2.6-rl__arvo_34719/82165f0181b8.json
arvo_34869,keep,"keep: no CyberGym/SEC-bench overlap, not a suspect spec, not a duplicate",inputs/mimo_cyber_clean_ids.txt:mimo_instance_id=arvo_34869,cyber:graphicsmagick,graphicsmagick,,library/task-variants/mimo-v2.6-rl__arvo_34869/1b1367f70154.json
arvo_34960,discard,"discard: duplicate of arvo_42497715 (identical prompt, same bug 42497715); kept arvo_42497715",inputs/mimo_duplicates.csv:canonical_bug_id=42497715,cyber:fluent-bit,fluent-bit,arvo_42497715,
arvo_34993,keep,"keep: no CyberGym/SEC-bench overlap, not a suspect spec, not a duplicate",inputs/mimo_cyber_clean_ids.txt:mimo_instance_id=arvo_34993,cyber:pidgin,pidgin,,library/task-variants/mimo-v2.6-rl__arvo_34993/59e5e2a5dae6.json
arvo_35165,exclude_train,"exclude_train: shares CyberGym test-set bug 42497943 (exact match to arvo:35165); train-on-test risk, eval-only",inputs/overlap.csv:canonical_bug_id=42497943;inputs/mimo_duplicates.csv:canonical_bug_id=42497943,cyber:binutils-gdb,binutils-gdb,arvo_42497943,
arvo_3535,exclude_train,"exclude_train: shares CyberGym test-set bug 42498148 (exact match to arvo:3535); train-on-test risk, eval-only",inputs/overlap.csv:canonical_bug_id=42498148,cyber:wireshark,wireshark,,
arvo_35362,keep,"keep: no CyberGym/SEC-bench overlap, not a suspect spec, not a duplicate",inputs/mimo_cyber_clean_ids.txt:mimo_instance_id=arvo_35362,cyber:wolfssl-sp-math-all,wolfssl-sp-math-all,,library/task-variants/mimo-v2.6-rl__arvo_35362/a12d07a92592.json
arvo_35410,discard,"discard: bogus crash target (ABRT in LLVMFuzzerInitialize, a fuzzer entry point, not a real crash); also shares CyberGym test-set bug 42498216",inputs/mimo_suspect_specs.csv:mimo_instance_id=arvo_35410;inputs/overlap.csv:canonical_bug_id=42498216;inputs/mimo_duplicates.csv:canonical_bug_id=42498216,cyber:wolf-ssl-ssh-fuzzers,wolf-ssl-ssh-fuzzers,arvo_42498216,
arvo_35640,discard,"discard: duplicate of arvo_42498471 (identical prompt, same bug 42498471); kept arvo_42498471",inputs/mimo_duplicates.csv:canonical_bug_id=42498471,cyber:pcl,pcl,arvo_42498471,
arvo_3569,exclude_train,"exclude_train: shares CyberGym test-set bug 42498525 (exact match to arvo:3569); train-on-test risk, eval-only",inputs/overlap.csv:canonical_bug_id=42498525;inputs/mimo_duplicates.csv:canonical_bug_id=42498525,cyber:proj.4,proj.4,arvo_42498525,
arvo_35858,keep,"keep: no CyberGym/SEC-bench overlap, not a suspect spec, not a duplicate",inputs/mimo_cyber_clean_ids.txt:mimo_instance_id=arvo_35858,cyber:dnsmasq,dnsmasq,arvo_42498712,library/task-variants/mimo-v2.6-rl__arvo_35858/8d0ffea0c107.json
arvo_35865,keep,"keep: no CyberGym/SEC-bench overlap, not a suspect spec, not a duplicate",inputs/mimo_cyber_clean_ids.txt:mimo_instance_id=arvo_35865,cyber:dnsmasq,dnsmasq,arvo_42498720,library/task-variants/mimo-v2.6-rl__arvo_35865/cd7dd2b39b55.json
arvo_35927,keep,"keep: no CyberGym/SEC-bench overlap, not a suspect spec, not a duplicate",inputs/mimo_cyber_clean_ids.txt:mimo_instance_id=arvo_35927,cyber:rapidjson,rapidjson,,library/task-variants/mimo-v2.6-rl__arvo_35927/94ce1762849c.json
arvo_3608,keep,"keep: no CyberGym/SEC-bench overlap, not a suspect spec, not a duplicate",inputs/mimo_cyber_clean_ids.txt:mimo_instance_id=arvo_3608,cyber:libpng,libpng,,library/task-variants/mimo-v2.6-rl__arvo_3608/ffcd683de65c.json
arvo_3630,exclude_train,"exclude_train: shares CyberGym test-set bug 42499204 (exact match to arvo:3630); train-on-test risk, eval-only",inputs/overlap.csv:canonical_bug_id=42499204;inputs/mimo_duplicates.csv:canonical_bug_id=42499204,cyber:proj.4,proj.4,arvo_42499204,
arvo_36663,keep,"keep: no CyberGym/SEC-bench overlap, not a suspect spec, not a duplicate",inputs/mimo_cyber_clean_ids.txt:mimo_instance_id=arvo_36663,cyber:pcl,pcl,arvo_42499607,library/task-variants/mimo-v2.6-rl__arvo_36663/fa345f3ebd9d.json
arvo_36793,exclude_train,"exclude_train: shares CyberGym test-set bug 42499751 (exact match to arvo:36793); train-on-test risk, eval-only",inputs/overlap.csv:canonical_bug_id=42499751,cyber:serenity,serenity,,
arvo_3680,exclude_train,"exclude_train: shares CyberGym test-set bug 42499759 (exact match to arvo:3680); train-on-test risk, eval-only",inputs/overlap.csv:canonical_bug_id=42499759,cyber:librawspeed,librawspeed,,
arvo_36809,keep,"keep: no CyberGym/SEC-bench overlap, not a suspect spec, not a duplicate",inputs/mimo_cyber_clean_ids.txt:mimo_instance_id=arvo_36809,cyber:serenity,serenity,,library/task-variants/mimo-v2.6-rl__arvo_36809/0d467e4072bb.json
arvo_36817,keep,"keep: no CyberGym/SEC-bench overlap, not a suspect spec, not a duplicate",inputs/mimo_cyber_clean_ids.txt:mimo_instance_id=arvo_36817,cyber:libraw,libraw,,library/task-variants/mimo-v2.6-rl__arvo_36817/ae3b76c6296b.json
arvo_36999,exclude_train,"exclude_train: shares CyberGym test-set bug 42499979 (exact match to arvo:36999); train-on-test risk, eval-only",inputs/overlap.csv:canonical_bug_id=42499979,cyber:harfbuzz,harfbuzz,,
arvo_37041,keep,"keep: no CyberGym/SEC-bench overlap, not a suspect spec, not a duplicate",inputs/mimo_cyber_clean_ids.txt:mimo_instance_id=arvo_37041,cyber:pcl,pcl,arvo_42500027,library/task-variants/mimo-v2.6-rl__arvo_37041/01bf7b096f8c.json
arvo_37125,keep,"keep: no CyberGym/SEC-bench overlap, not a suspect spec, not a duplicate",inputs/mimo_cyber_clean_ids.txt:mimo_instance_id=arvo_37125,cyber:pcl,pcl,,library/task-variants/mimo-v2.6-rl__arvo_37125/e83043d2c197.json
arvo_37443,exclude_train,"exclude_train: shares CyberGym test-set bug 42500473 (exact match to arvo:37443); train-on-test risk, eval-only",inputs/overlap.csv:canonical_bug_id=42500473,cyber:yara,yara,,
arvo_37647,keep,"keep: no CyberGym/SEC-bench overlap, not a suspect spec, not a duplicate",inputs/mimo_cyber_clean_ids.txt:mimo_instance_id=arvo_37647,cyber:net-snmp,net-snmp,,library/task-variants/mimo-v2.6-rl__arvo_37647/05779bc560f8.json
arvo_377530685,keep,"keep: no CyberGym/SEC-bench overlap, not a suspect spec, not a duplicate",inputs/mimo_cyber_clean_ids.txt:mimo_instance_id=arvo_377530685,cyber:krb5,krb5,,library/task-variants/mimo-v2.6-rl__arvo_377530685/eab3da48c753.json
arvo_37759,keep,"keep: no CyberGym/SEC-bench overlap, not a suspect spec, not a duplicate",inputs/mimo_cyber_clean_ids.txt:mimo_instance_id=arvo_37759,cyber:net-snmp,net-snmp,,library/task-variants/mimo-v2.6-rl__arvo_37759/03591f916147.json
arvo_377955861,keep,"keep: no CyberGym/SEC-bench overlap, not a suspect spec, not a duplicate",inputs/mimo_cyber_clean_ids.txt:mimo_instance_id=arvo_377955861,cyber:file,file,,library/task-variants/mimo-v2.6-rl__arvo_377955861/c1c263f86288.json
arvo_378014605,keep,"keep: no CyberGym/SEC-bench overlap, not a suspect spec, not a duplicate",inputs/mimo_cyber_clean_ids.txt:mimo_instance_id=arvo_378014605,cyber:qt,qt,,library/task-variants/mimo-v2.6-rl__arvo_378014605/8723a23af5dc.json
arvo_378159150,keep,"keep: no CyberGym/SEC-bench overlap, not a suspect spec, not a duplicate",inputs/mimo_cyber_clean_ids.txt:mimo_instance_id=arvo_378159150,cyber:imagemagick,imagemagick,,library/task-variants/mimo-v2.6-rl__arvo_378159150/7740a47b4aef.json
arvo_379180960,keep,"keep: no CyberGym/SEC-bench overlap, not a suspect spec, not a duplicate",inputs/mimo_cyber_clean_ids.txt:mimo_instance_id=arvo_379180960,cyber:ndpi,ndpi,,library/task-variants/mimo-v2.6-rl__arvo_379180960/e55237ee0bc9.json
arvo_3818,exclude_train,"exclude_train: shares CyberGym test-set bug 42501289 (exact match to arvo:3818); train-on-test risk, eval-only",inputs/overlap.csv:canonical_bug_id=42501289;inputs/mimo_duplicates.csv:canonical_bug_id=42501289,cyber:librawspeed,librawspeed,arvo_42501289,
arvo_38233,keep,"keep: no CyberGym/SEC-bench overlap, not a suspect spec, not a duplicate",inputs/mimo_cyber_clean_ids.txt:mimo_instance_id=arvo_38233,cyber:freeimage-svn,freeimage-svn,,library/task-variants/mimo-v2.6-rl__arvo_38233/f819e6b7f261.json
arvo_38298,exclude_train,"exclude_train: shares CyberGym test-set bug 42501420 (exact match to arvo:38298); train-on-test risk, eval-only; also shares SEC-bench bug (inputs/mimo_secbench.csv:secbench_instance_id=mruby.ossfuzz-42501420)",inputs/overlap.csv:canonical_bug_id=42501420;inputs/mimo_secbench.csv:secbench_instance_id=mruby.ossfuzz-42501420,cyber:mruby,mruby,,
arvo_38313,keep,"keep: no CyberGym/SEC-bench overlap, not a suspect spec, not a duplicate",inputs/mimo_cyber_clean_ids.txt:mimo_instance_id=arvo_38313,cyber:c-blosc,c-blosc,,library/task-variants/mimo-v2.6-rl__arvo_38313/71eb93c540cb.json
arvo_38394,discard,"discard: duplicate of arvo_42501527 (identical prompt, same bug 42501527); kept arvo_42501527",inputs/mimo_duplicates.csv:canonical_bug_id=42501527,cyber:stb,stb,arvo_42501527,
arvo_386128948,exclude_train,"exclude_train: shares CyberGym test-set bug 386128948 (exact match to oss-fuzz:386128948); train-on-test risk, eval-only",inputs/overlap.csv:canonical_bug_id=386128948,cyber:wamr,wamr,,
arvo_386688710,keep,"keep: no CyberGym/SEC-bench overlap, not a suspect spec, not a duplicate",inputs/mimo_cyber_clean_ids.txt:mimo_instance_id=arvo_386688710,cyber:opencv,opencv,,library/task-variants/mimo-v2.6-rl__arvo_386688710/f937fe52a6d8.json
arvo_387317444,keep,"keep: no CyberGym/SEC-bench overlap, not a suspect spec, not a duplicate",inputs/mimo_cyber_clean_ids.txt:mimo_instance_id=arvo_387317444,cyber:open62541,open62541,,library/task-variants/mimo-v2.6-rl__arvo_387317444/0eef27c4cae1.json
arvo_38778,discard,"discard: duplicate of arvo_42501952 (identical prompt, same bug 42501952); kept arvo_42501952",inputs/mimo_duplicates.csv:canonical_bug_id=42501952,cyber:flatbuffers,flatbuffers,arvo_42501952,
arvo_38796,keep,"keep: no CyberGym/SEC-bench overlap, not a suspect spec, not a duplicate",inputs/mimo_cyber_clean_ids.txt:mimo_instance_id=arvo_38796,cyber:boringssl,boringssl,,library/task-variants/mimo-v2.6-rl__arvo_38796/0084eb102fdb.json
arvo_38801,discard,"discard: duplicate of arvo_42501979 (identical prompt, same bug 42501979); kept arvo_42501979",inputs/mimo_duplicates.csv:canonical_bug_id=42501979,cyber:simdjson,simdjson,arvo_42501979,
arvo_38870,exclude_train,"exclude_train: shares CyberGym test-set bug 42502055 (exact match to arvo:38870); train-on-test risk, eval-only",inputs/overlap.csv:canonical_bug_id=42502055;inputs/mimo_duplicates.csv:canonical_bug_id=42502055,cyber:assimp,assimp,arvo_42502055,
arvo_388905046,exclude_train,"exclude_train: shares CyberGym test-set bug 388905046 (exact match to oss-fuzz:388905046); train-on-test risk, eval-only",inputs/overlap.csv:canonical_bug_id=388905046,cyber:libbpf,libbpf,,
arvo_38909,keep,"keep: no CyberGym/SEC-bench overlap, not a suspect spec, not a duplicate",inputs/mimo_cyber_clean_ids.txt:mimo_instance_id=arvo_38909,cyber:kamailio,kamailio,,library/task-variants/mimo-v2.6-rl__arvo_38909/277a6e634677.json
arvo_39056,keep,"keep: no CyberGym/SEC-bench overlap, not a suspect spec, not a duplicate",inputs/mimo_cyber_clean_ids.txt:mimo_instance_id=arvo_39056,cyber:wolfmqtt,wolfmqtt,,library/task-variants/mimo-v2.6-rl__arvo_39056/17a77c08c7ec.json
arvo_39083,keep,"keep: no CyberGym/SEC-bench overlap, not a suspect spec, not a duplicate",inputs/mimo_cyber_clean_ids.txt:mimo_instance_id=arvo_39083,cyber:wolfmqtt,wolfmqtt,,library/task-variants/mimo-v2.6-rl__arvo_39083/7ac776e74dc5.json
arvo_39094,keep,"keep: no CyberGym/SEC-bench overlap, not a suspect spec, not a duplicate",inputs/mimo_cyber_clean_ids.txt:mimo_instance_id=arvo_39094,cyber:wolfmqtt,wolfmqtt,,library/task-variants/mimo-v2.6-rl__arvo_39094/4b80707a7c84.json
arvo_39103,keep,"keep: no CyberGym/SEC-bench overlap, not a suspect spec, not a duplicate",inputs/mimo_cyber_clean_ids.txt:mimo_instance_id=arvo_39103,cyber:wolfmqtt,wolfmqtt,,library/task-variants/mimo-v2.6-rl__arvo_39103/04bc3d48c9cb.json
arvo_391934081,keep,"keep: no CyberGym/SEC-bench overlap, not a suspect spec, not a duplicate",inputs/mimo_cyber_clean_ids.txt:mimo_instance_id=arvo_391934081,cyber:opencv,opencv,,library/task-variants/mimo-v2.6-rl__arvo_391934081/869d8ce30b8a.json
arvo_391975647,keep,"keep: no CyberGym/SEC-bench overlap, not a suspect spec, not a duplicate",inputs/mimo_cyber_clean_ids.txt:mimo_instance_id=arvo_391975647,cyber:libconfig,libconfig,,library/task-variants/mimo-v2.6-rl__arvo_391975647/b061caa9e36c.json
arvo_392318892,keep,"keep: no CyberGym/SEC-bench overlap, not a suspect spec, not a duplicate",inputs/mimo_cyber_clean_ids.txt:mimo_instance_id=arvo_392318892,cyber:opencv,opencv,,library/task-variants/mimo-v2.6-rl__arvo_392318892/5c236789daa6.json
arvo_39308,keep,"keep: no CyberGym/SEC-bench overlap, not a suspect spec, not a duplicate",inputs/mimo_cyber_clean_ids.txt:mimo_instance_id=arvo_39308,cyber:matio,matio,,library/task-variants/mimo-v2.6-rl__arvo_39308/c187a758c2f1.json
arvo_39339,keep,"keep: no CyberGym/SEC-bench overlap, not a suspect spec, not a duplicate",inputs/mimo_cyber_clean_ids.txt:mimo_instance_id=arvo_39339,cyber:assimp,assimp,,library/task-variants/mimo-v2.6-rl__arvo_39339/8ff29ab5a2af.json
arvo_39438,keep,"keep: no CyberGym/SEC-bench overlap, not a suspect spec, not a duplicate",inputs/mimo_cyber_clean_ids.txt:mimo_instance_id=arvo_39438,cyber:pcl,pcl,arvo_42502685,library/task-variants/mimo-v2.6-rl__arvo_39438/146a0952c3a8.json
arvo_394932369,keep,"keep: no CyberGym/SEC-bench overlap, not a suspect spec, not a duplicate",inputs/mimo_cyber_clean_ids.txt:mimo_instance_id=arvo_394932369,cyber:cryptsetup,cryptsetup,,library/task-variants/mimo-v2.6-rl__arvo_394932369/2262ea2c03eb.json
arvo_394980079,keep,"keep: no CyberGym/SEC-bench overlap, not a suspect spec, not a duplicate",inputs/mimo_cyber_clean_ids.txt:mimo_instance_id=arvo_394980079,cyber:wavpack,wavpack,,library/task-variants/mimo-v2.6-rl__arvo_394980079/f945a8d01b8c.json
arvo_396435326,keep,"keep: no CyberGym/SEC-bench overlap, not a suspect spec, not a duplicate",inputs/mimo_cyber_clean_ids.txt:mimo_instance_id=arvo_396435326,cyber:wavpack,wavpack,,library/task-variants/mimo-v2.6-rl__arvo_396435326/9619bfd32d68.json
arvo_39657,keep,"keep: no CyberGym/SEC-bench overlap, not a suspect spec, not a duplicate",inputs/mimo_cyber_clean_ids.txt:mimo_instance_id=arvo_39657,cyber:freeradius-server,freeradius-server,,library/task-variants/mimo-v2.6-rl__arvo_39657/15b714be85c4.json
arvo_397150498,keep,"keep: no CyberGym/SEC-bench overlap, not a suspect spec, not a duplicate",inputs/mimo_cyber_clean_ids.txt:mimo_instance_id=arvo_397150498,cyber:net-snmp,net-snmp,,library/task-variants/mimo-v2.6-rl__arvo_397150498/5ba143c86b03.json
arvo_39802,exclude_train,"exclude_train: shares CyberGym test-set bug 42503090 (exact match to arvo:39802); train-on-test risk, eval-only",inputs/overlap.csv:canonical_bug_id=42503090;inputs/mimo_duplicates.csv:canonical_bug_id=42503090,cyber:opensips,opensips,arvo_42503090,
arvo_398067543,keep,"keep: no CyberGym/SEC-bench overlap, not a suspect spec, not a duplicate",inputs/mimo_cyber_clean_ids.txt:mimo_instance_id=arvo_398067543,cyber:net-snmp,net-snmp,,library/task-variants/mimo-v2.6-rl__arvo_398067543/bbfad7edb2ec.json
arvo_40058,keep,"keep: no CyberGym/SEC-bench overlap, not a suspect spec, not a duplicate",inputs/mimo_cyber_clean_ids.txt:mimo_instance_id=arvo_40058,cyber:pcl,pcl,arvo_42503375,library/task-variants/mimo-v2.6-rl__arvo_40058/c74b853f0cb3.json
arvo_40118,keep,"keep: no CyberGym/SEC-bench overlap, not a suspect spec, not a duplicate",inputs/mimo_cyber_clean_ids.txt:mimo_instance_id=arvo_40118,cyber:freeradius-server,freeradius-server,arvo_42503442,library/task-variants/mimo-v2.6-rl__arvo_40118/d116baecf9f8.json
arvo_40150,keep,"keep: no CyberGym/SEC-bench overlap, not a suspect spec, not a duplicate",inputs/mimo_cyber_clean_ids.txt:mimo_instance_id=arvo_40150,cyber:freetype2,freetype2,,library/task-variants/mimo-v2.6-rl__arvo_40150/b7baf46fb894.json
arvo_40317,exclude_train,"exclude_train: shares CyberGym test-set bug 42503663 (exact match to arvo:40317); train-on-test risk, eval-only",inputs/overlap.csv:canonical_bug_id=42503663,cyber:libbpf,libbpf,,
arvo_403364362,keep,"keep: no CyberGym/SEC-bench overlap, not a suspect spec, not a duplicate",inputs/mimo_cyber_clean_ids.txt:mimo_instance_id=arvo_403364362,cyber:opencv,opencv,,library/task-variants/mimo-v2.6-rl__arvo_403364362/57e6d7a46881.json
arvo_403641220,keep,"keep: no CyberGym/SEC-bench overlap, not a suspect spec, not a duplicate",inputs/mimo_cyber_clean_ids.txt:mimo_instance_id=arvo_403641220,cyber:mruby,mruby,,library/task-variants/mimo-v2.6-rl__arvo_403641220/dca5897d99b9.json
arvo_40437,discard,"discard: bogus crash target (ABRT in LLVMFuzzerInitialize, a fuzzer entry point, not a real crash)",inputs/mimo_suspect_specs.csv:mimo_instance_id=arvo_40437,cyber:php-src,php-src,,
arvo_40465,exclude_train,"exclude_train: shares CyberGym test-set bug 42503827 (exact match to arvo:40465); train-on-test risk, eval-only",inputs/overlap.csv:canonical_bug_id=42503827,cyber:binutils-gdb,binutils-gdb,,
arvo_40535,keep,"keep: no CyberGym/SEC-bench overlap, not a suspect spec, not a duplicate",inputs/mimo_cyber_clean_ids.txt:mimo_instance_id=arvo_40535,cyber:assimp,assimp,,library/task-variants/mimo-v2.6-rl__arvo_40535/5ecdf6889fd9.json
arvo_40674,exclude_train,"exclude_train: shares CyberGym test-set bug 42504059 (exact match to arvo:40674); train-on-test risk, eval-only",inputs/overlap.csv:canonical_bug_id=42504059,cyber:libdwarf,libdwarf,,
arvo_41208,discard,"discard: bogus crash target (ABRT in LLVMFuzzerInitialize, a fuzzer entry point, not a real crash)",inputs/mimo_suspect_specs.csv:mimo_instance_id=arvo_41208,cyber:php-src,php-src,,
arvo_41330,keep,"keep: no CyberGym/SEC-bench overlap, not a suspect spec, not a duplicate",inputs/mimo_cyber_clean_ids.txt:mimo_instance_id=arvo_41330,cyber:matio,matio,,library/task-variants/mimo-v2.6-rl__arvo_41330/0f41e58783ee.json
arvo_415190388,keep,"keep: no CyberGym/SEC-bench overlap, not a suspect spec, not a duplicate",inputs/mimo_cyber_clean_ids.txt:mimo_instance_id=arvo_415190388,cyber:libheif,libheif,,library/task-variants/mimo-v2.6-rl__arvo_415190388/f7b33a384003.json
arvo_41636,keep,"keep: no CyberGym/SEC-bench overlap, not a suspect spec, not a duplicate",inputs/mimo_cyber_clean_ids.txt:mimo_instance_id=arvo_41636,cyber:c-blosc2,c-blosc2,,library/task-variants/mimo-v2.6-rl__arvo_41636/09e1e7b58a4a.json
arvo_417062198,keep,"keep: no CyberGym/SEC-bench overlap, not a suspect spec, not a duplicate",inputs/mimo_cyber_clean_ids.txt:mimo_instance_id=arvo_417062198,cyber:libxml2,libxml2,,library/task-variants/mimo-v2.6-rl__arvo_417062198/5e5294bb8fa7.json
arvo_417247563,exclude_train,"exclude_train: shares SEC-bench bug libxml2.ossfuzz-417247563 (oss, plain issue ID, function_and_type); train-on-test risk for SEC-bench, eval-only",inputs/mimo_secbench.csv:secbench_instance_id=libxml2.ossfuzz-417247563,cyber:libxml2,libxml2,,
arvo_418478205,keep,"keep: no CyberGym/SEC-bench overlap, not a suspect spec, not a duplicate",inputs/mimo_cyber_clean_ids.txt:mimo_instance_id=arvo_418478205,cyber:wireshark,wireshark,,library/task-variants/mimo-v2.6-rl__arvo_418478205/d14028ec6307.json
arvo_418520149,keep,"keep: no CyberGym/SEC-bench overlap, not a suspect spec, not a duplicate",inputs/mimo_cyber_clean_ids.txt:mimo_instance_id=arvo_418520149,cyber:libheif,libheif,,library/task-variants/mimo-v2.6-rl__arvo_418520149/25138767f7e4.json
arvo_419085594,discard,"discard: bogus crash target (ABRT in LLVMFuzzerInitialize, a fuzzer entry point, not a real crash)",inputs/mimo_suspect_specs.csv:mimo_instance_id=arvo_419085594,cyber:php-src,php-src,,
arvo_42111,keep,"keep: no CyberGym/SEC-bench overlap, not a suspect spec, not a duplicate",inputs/mimo_cyber_clean_ids.txt:mimo_instance_id=arvo_42111,cyber:pcl,pcl,,library/task-variants/mimo-v2.6-rl__arvo_42111/0580d2e4fa0d.json
arvo_42123,exclude_train,"exclude_train: shares CyberGym test-set bug 42505670 (exact match to arvo:42123); train-on-test risk, eval-only",inputs/overlap.csv:canonical_bug_id=42505670,cyber:tinygltf,tinygltf,,
arvo_42131,keep,"keep: no CyberGym/SEC-bench overlap, not a suspect spec, not a duplicate",inputs/mimo_cyber_clean_ids.txt:mimo_instance_id=arvo_42131,cyber:c-blosc2,c-blosc2,,library/task-variants/mimo-v2.6-rl__arvo_42131/d02b8e8694dc.json
arvo_42227,exclude_train,"exclude_train: shares CyberGym test-set bug 42505785 (exact match to arvo:42227); train-on-test risk, eval-only",inputs/overlap.csv:canonical_bug_id=42505785,cyber:lcms,lcms,,
arvo_42244,discard,"discard: duplicate of arvo_42505804 (identical prompt, same bug 42505804); kept arvo_42505804",inputs/mimo_duplicates.csv:canonical_bug_id=42505804,cyber:flatbuffers,flatbuffers,arvo_42505804,
arvo_42262,keep,"keep: no CyberGym/SEC-bench overlap, not a suspect spec, not a duplicate",inputs/mimo_cyber_clean_ids.txt:mimo_instance_id=arvo_42262,cyber:c-blosc2,c-blosc2,,library/task-variants/mimo-v2.6-rl__arvo_42262/42bd29d4affd.json
arvo_422832557,keep,"keep: no CyberGym/SEC-bench overlap, not a suspect spec, not a duplicate",inputs/mimo_cyber_clean_ids.txt:mimo_instance_id=arvo_422832557,cyber:ndpi,ndpi,,library/task-variants/mimo-v2.6-rl__arvo_422832557/3170335dbd30.json
arvo_42373,keep,"keep: no CyberGym/SEC-bench overlap, not a suspect spec, not a duplicate",inputs/mimo_cyber_clean_ids.txt:mimo_instance_id=arvo_42373,cyber:flatbuffers,flatbuffers,,library/task-variants/mimo-v2.6-rl__arvo_42373/7449cf547315.json
arvo_424229869,exclude_train,"exclude_train: shares SEC-bench bug libxml2.ossfuzz-424229869 (oss, plain issue ID, function_and_type); train-on-test risk for SEC-bench, eval-only",inputs/mimo_secbench.csv:secbench_instance_id=libxml2.ossfuzz-424229869,cyber:libxml2,libxml2,,
arvo_42454,keep,"keep: no CyberGym/SEC-bench overlap, not a suspect spec, not a duplicate",inputs/mimo_cyber_clean_ids.txt:mimo_instance_id=arvo_42454,cyber:ghostpdl,ghostpdl,,library/task-variants/mimo-v2.6-rl__arvo_42454/4a41db5a3f42.json
arvo_424613315,exclude_train,"exclude_train: shares SEC-bench bug libxml2.ossfuzz-424613315 (oss, plain issue ID, function_and_type); train-on-test risk for SEC-bench, eval-only",inputs/mimo_secbench.csv:secbench_instance_id=libxml2.ossfuzz-424613315,cyber:libxml2,libxml2,,
arvo_424627221,exclude_train,"exclude_train: shares SEC-bench bug libxml2.ossfuzz-424627221 (oss, plain issue ID, function_and_type); train-on-test risk for SEC-bench, eval-only",inputs/mimo_secbench.csv:secbench_instance_id=libxml2.ossfuzz-424627221,cyber:libxml2,libxml2,,
arvo_42470109,exclude_train,"exclude_train: shares CyberGym test-set bug 42470109 (exact match to arvo:10096); train-on-test risk, eval-only",inputs/overlap.csv:canonical_bug_id=42470109;inputs/mimo_duplicates.csv:canonical_bug_id=42470109,cyber:graphicsmagick,graphicsmagick,arvo_10096,
arvo_42470131,keep,"keep: no CyberGym/SEC-bench overlap, not a suspect spec, not a duplicate",inputs/mimo_cyber_clean_ids.txt:mimo_instance_id=arvo_42470131,cyber:imagemagick,imagemagick,,library/task-variants/mimo-v2.6-rl__arvo_42470131/838f94b68f01.json
arvo_42470140,keep,"keep: no CyberGym/SEC-bench overlap, not a suspect spec, not a duplicate",inputs/mimo_cyber_clean_ids.txt:mimo_instance_id=arvo_42470140,cyber:poppler,poppler,,library/task-variants/mimo-v2.6-rl__arvo_42470140/40cb803c0dd6.json
arvo_42470142,discard,"discard: duplicate of arvo_10125 (identical prompt, same bug 42470142); kept arvo_10125",inputs/mimo_duplicates.csv:canonical_bug_id=42470142,cyber:gnutls,gnutls,arvo_10125,
arvo_42470155,discard,"discard: duplicate of arvo_10137 (identical prompt, same bug 42470155); kept arvo_10137",inputs/mimo_duplicates.csv:canonical_bug_id=42470155,cyber:gnutls,gnutls,arvo_10137,
arvo_42470443,exclude_train,"exclude_train: shares CyberGym test-set bug 42470443 (translated match to arvo:10400); train-on-test risk, eval-only",inputs/overlap.csv:canonical_bug_id=42470443,cyber:graphicsmagick,graphicsmagick,,
arvo_42470716,exclude_train,"exclude_train: shares CyberGym test-set bug 42470716 (exact match to arvo:1065); train-on-test risk, eval-only",inputs/overlap.csv:canonical_bug_id=42470716;inputs/mimo_duplicates.csv:canonical_bug_id=42470716,cyber:file,file,arvo_1065,
arvo_42470799,keep,"keep: no CyberGym/SEC-bench overlap, not a suspect spec, not a duplicate",inputs/mimo_cyber_clean_ids.txt:mimo_instance_id=arvo_42470799,cyber:harfbuzz,harfbuzz,,library/task-variants/mimo-v2.6-rl__arvo_42470799/be8acead7a02.json
arvo_42470980,keep,"keep: no CyberGym/SEC-bench overlap, not a suspect spec, not a duplicate",inputs/mimo_cyber_clean_ids.txt:mimo_instance_id=arvo_42470980,cyber:gdal,gdal,,library/task-variants/mimo-v2.6-rl__arvo_42470980/c4bbc1be33a3.json
arvo_42471025,keep,"keep: no CyberGym/SEC-bench overlap, not a suspect spec, not a duplicate",inputs/mimo_cyber_clean_ids.txt:mimo_instance_id=arvo_42471025,cyber:skia,skia,,library/task-variants/mimo-v2.6-rl__arvo_42471025/e884df8e8962.json
arvo_42471100,exclude_train,"exclude_train: shares CyberGym test-set bug 42471100 (exact match to arvo:10999); train-on-test risk, eval-only",inputs/overlap.csv:canonical_bug_id=42471100;inputs/mimo_duplicates.csv:canonical_bug_id=42471100,cyber:libgit2,libgit2,arvo_10999,
arvo_42471111,exclude_train,"exclude_train: shares CyberGym test-set bug 42471111 (exact match to arvo:11007); train-on-test risk, eval-only",inputs/overlap.csv:canonical_bug_id=42471111;inputs/mimo_duplicates.csv:canonical_bug_id=42471111,cyber:libgit2,libgit2,arvo_11007,
arvo_42471188,exclude_train,"exclude_train: shares CyberGym test-set bug 42471188 (translated match to arvo:11078); train-on-test risk, eval-only",inputs/overlap.csv:canonical_bug_id=42471188,cyber:librawspeed,librawspeed,,
arvo_42471294,exclude_train,"exclude_train: shares CyberGym test-set bug 42471294 (translated match to arvo:11173); train-on-test risk, eval-only",inputs/overlap.csv:canonical_bug_id=42471294,cyber:libgit2,libgit2,,
arvo_42471685,keep,"keep: no CyberGym/SEC-bench overlap, not a suspect spec, not a duplicate",inputs/mimo_cyber_clean_ids.txt:mimo_instance_id=arvo_42471685,cyber:harfbuzz,harfbuzz,,library/task-variants/mimo-v2.6-rl__arvo_42471685/d4f0e997890c.json
arvo_42471867,keep,"keep: no CyberGym/SEC-bench overlap, not a suspect spec, not a duplicate",inputs/mimo_cyber_clean_ids.txt:mimo_instance_id=arvo_42471867,cyber:harfbuzz,harfbuzz,,library/task-variants/mimo-v2.6-rl__arvo_42471867/43defa1ebc16.json
arvo_42471950,keep,"keep: no CyberGym/SEC-bench overlap, not a suspect spec, not a duplicate",inputs/mimo_cyber_clean_ids.txt:mimo_instance_id=arvo_42471950,cyber:skia,skia,,library/task-variants/mimo-v2.6-rl__arvo_42471950/24bcdbccff84.json
arvo_42472057,keep,"keep: no CyberGym/SEC-bench overlap, not a suspect spec, not a duplicate",inputs/mimo_cyber_clean_ids.txt:mimo_instance_id=arvo_42472057,cyber:skia,skia,,library/task-variants/mimo-v2.6-rl__arvo_42472057/405813f83f75.json
arvo_42472620,exclude_train,"exclude_train: shares CyberGym test-set bug 42472620 (exact match to arvo:1237); train-on-test risk, eval-only",inputs/overlap.csv:canonical_bug_id=42472620;inputs/mimo_duplicates.csv:canonical_bug_id=42472620,cyber:wireshark,wireshark,arvo_1237,
arvo_42472621,keep,"keep: no CyberGym/SEC-bench overlap, not a suspect spec, not a duplicate",inputs/mimo_cyber_clean_ids.txt:mimo_instance_id=arvo_42472621,cyber:ffmpeg,ffmpeg,,library/task-variants/mimo-v2.6-rl__arvo_42472621/2b2cce48ae54.json
arvo_42472681,keep,"keep: no CyberGym/SEC-bench overlap, not a suspect spec, not a duplicate",inputs/mimo_cyber_clean_ids.txt:mimo_instance_id=arvo_42472681,cyber:yara,yara,arvo_12424,library/task-variants/mimo-v2.6-rl__arvo_42472681/2f123212dd46.json
arvo_42472890,keep,"keep: no CyberGym/SEC-bench overlap, not a suspect spec, not a duplicate",inputs/mimo_cyber_clean_ids.txt:mimo_instance_id=arvo_42472890,cyber:libraw,libraw,,library/task-variants/mimo-v2.6-rl__arvo_42472890/6992441b0650.json
arvo_42472911,keep,"keep: no CyberGym/SEC-bench overlap, not a suspect spec, not a duplicate",inputs/mimo_cyber_clean_ids.txt:mimo_instance_id=arvo_42472911,cyber:openthread,openthread,,library/task-variants/mimo-v2.6-rl__arvo_42472911/2ebf94e4d5b2.json
arvo_42473267,keep,"keep: no CyberGym/SEC-bench overlap, not a suspect spec, not a duplicate",inputs/mimo_cyber_clean_ids.txt:mimo_instance_id=arvo_42473267,cyber:capstonenext,capstonenext,arvo_12953,library/task-variants/mimo-v2.6-rl__arvo_42473267/b09b6ed06795.json
arvo_42473271,keep,"keep: no CyberGym/SEC-bench overlap, not a suspect spec, not a duplicate",inputs/mimo_cyber_clean_ids.txt:mimo_instance_id=arvo_42473271,cyber:capstonenext,capstonenext,arvo_12957,library/task-variants/mimo-v2.6-rl__arvo_42473271/2d0b9f11ff37.json
arvo_42473518,keep,"keep: no CyberGym/SEC-bench overlap, not a suspect spec, not a duplicate",inputs/mimo_cyber_clean_ids.txt:mimo_instance_id=arvo_42473518,cyber:imagemagick,imagemagick,arvo_13180,library/task-variants/mimo-v2.6-rl__arvo_42473518/bb190c484a8a.json
arvo_42473565,keep,"keep: no CyberGym/SEC-bench overlap, not a suspect spec, not a duplicate",inputs/mimo_cyber_clean_ids.txt:mimo_instance_id=arvo_42473565,cyber:file,file,,library/task-variants/mimo-v2.6-rl__arvo_42473565/7a56af536f74.json
arvo_42473792,keep,"keep: no CyberGym/SEC-bench overlap, not a suspect spec, not a duplicate",inputs/mimo_cyber_clean_ids.txt:mimo_instance_id=arvo_42473792,cyber:capstonenext,capstonenext,,library/task-variants/mimo-v2.6-rl__arvo_42473792/899fff6fcb29.json
arvo_42473793,discard,"discard: duplicate of arvo_13428 (identical prompt, same bug 42473793); kept arvo_13428",inputs/mimo_duplicates.csv:canonical_bug_id=42473793,cyber:capstonenext,capstonenext,arvo_13428,
arvo_42473850,exclude_train,"exclude_train: shares CyberGym test-set bug 42473850 (translated match to arvo:1348); train-on-test risk, eval-only",inputs/overlap.csv:canonical_bug_id=42473850,cyber:ffmpeg,ffmpeg,,
arvo_42474124,keep,"keep: no CyberGym/SEC-bench overlap, not a suspect spec, not a duplicate",inputs/mimo_cyber_clean_ids.txt:mimo_instance_id=arvo_42474124,cyber:radare2,radare2,,library/task-variants/mimo-v2.6-rl__arvo_42474124/549adbc2231d.json
arvo_42474170,keep,"keep: no CyberGym/SEC-bench overlap, not a suspect spec, not a duplicate",inputs/mimo_cyber_clean_ids.txt:mimo_instance_id=arvo_42474170,cyber:capstonenext,capstonenext,,library/task-variants/mimo-v2.6-rl__arvo_42474170/ea1d20ab69c3.json
arvo_42474183,keep,"keep: no CyberGym/SEC-bench overlap, not a suspect spec, not a duplicate",inputs/mimo_cyber_clean_ids.txt:mimo_instance_id=arvo_42474183,cyber:ffmpeg,ffmpeg,,library/task-variants/mimo-v2.6-rl__arvo_42474183/75cc53fd9c17.json
arvo_42474270,keep,"keep: no CyberGym/SEC-bench overlap, not a suspect spec, not a duplicate",inputs/mimo_cyber_clean_ids.txt:mimo_instance_id=arvo_42474270,cyber:radare2,radare2,,library/task-variants/mimo-v2.6-rl__arvo_42474270/8078828c5f47.json
arvo_42474622,keep,"keep: no CyberGym/SEC-bench overlap, not a suspect spec, not a duplicate",inputs/mimo_cyber_clean_ids.txt:mimo_instance_id=arvo_42474622,cyber:capstonenext,capstonenext,arvo_14174,library/task-variants/mimo-v2.6-rl__arvo_42474622/4caebd7f37b5.json
arvo_42474623,keep,"keep: no CyberGym/SEC-bench overlap, not a suspect spec, not a duplicate",inputs/mimo_cyber_clean_ids.txt:mimo_instance_id=arvo_42474623,cyber:capstonenext,capstonenext,,library/task-variants/mimo-v2.6-rl__arvo_42474623/1cf38ab52f53.json
arvo_42474638,keep,"keep: no CyberGym/SEC-bench overlap, not a suspect spec, not a duplicate",inputs/mimo_cyber_clean_ids.txt:mimo_instance_id=arvo_42474638,cyber:ffmpeg,ffmpeg,,library/task-variants/mimo-v2.6-rl__arvo_42474638/51b0855be99e.json
arvo_42474668,exclude_train,"exclude_train: shares CyberGym test-set bug 42474668 (translated match to arvo:14215); train-on-test risk, eval-only",inputs/overlap.csv:canonical_bug_id=42474668,cyber:graphicsmagick,graphicsmagick,,
arvo_42474728,keep,"keep: no CyberGym/SEC-bench overlap, not a suspect spec, not a duplicate",inputs/mimo_cyber_clean_ids.txt:mimo_instance_id=arvo_42474728,cyber:ffmpeg,ffmpeg,arvo_1427,library/task-variants/mimo-v2.6-rl__arvo_42474728/fa44395bf24b.json
arvo_42474865,keep,"keep: no CyberGym/SEC-bench overlap, not a suspect spec, not a duplicate",inputs/mimo_cyber_clean_ids.txt:mimo_instance_id=arvo_42474865,cyber:libarchive,libarchive,,library/task-variants/mimo-v2.6-rl__arvo_42474865/bf86b0863672.json
arvo_42474926,discard,"discard: duplicate of arvo_14448 (identical prompt, same bug 42474926); kept arvo_14448",inputs/mimo_duplicates.csv:canonical_bug_id=42474926,cyber:wget2,wget2,arvo_14448,
arvo_42474934,exclude_train,"exclude_train: shares CyberGym test-set bug 42474934 (translated match to arvo:14455); train-on-test risk, eval-only",inputs/overlap.csv:canonical_bug_id=42474934,cyber:lwan,lwan,,
arvo_42474963,exclude_train,"exclude_train: shares CyberGym test-set bug 42474963 (exact match to arvo:14481); train-on-test risk, eval-only",inputs/overlap.csv:canonical_bug_id=42474963;inputs/mimo_duplicates.csv:canonical_bug_id=42474963,cyber:net-snmp,net-snmp,arvo_14481,
arvo_42474987,keep,"keep: no CyberGym/SEC-bench overlap, not a suspect spec, not a duplicate",inputs/mimo_cyber_clean_ids.txt:mimo_instance_id=arvo_42474987,cyber:net-snmp,net-snmp,,library/task-variants/mimo-v2.6-rl__arvo_42474987/a12ed4651a07.json
arvo_42475003,keep,"keep: no CyberGym/SEC-bench overlap, not a suspect spec, not a duplicate",inputs/mimo_cyber_clean_ids.txt:mimo_instance_id=arvo_42475003,cyber:ffmpeg,ffmpeg,,library/task-variants/mimo-v2.6-rl__arvo_42475003/c73a3e235d0a.json
arvo_42475028,keep,"keep: no CyberGym/SEC-bench overlap, not a suspect spec, not a duplicate",inputs/mimo_cyber_clean_ids.txt:mimo_instance_id=arvo_42475028,cyber:pcre2,pcre2,,library/task-variants/mimo-v2.6-rl__arvo_42475028/be1eb6ee0cb6.json
arvo_42475034,keep,"keep: no CyberGym/SEC-bench overlap, not a suspect spec, not a duplicate",inputs/mimo_cyber_clean_ids.txt:mimo_instance_id=arvo_42475034,cyber:skia,skia,,library/task-variants/mimo-v2.6-rl__arvo_42475034/00e2ddd33833.json
arvo_42475054,keep,"keep: no CyberGym/SEC-bench overlap, not a suspect spec, not a duplicate",inputs/mimo_cyber_clean_ids.txt:mimo_instance_id=arvo_42475054,cyber:ffmpeg,ffmpeg,,library/task-variants/mimo-v2.6-rl__arvo_42475054/b309d45dd5ac.json
arvo_42475075,exclude_train,"exclude_train: shares CyberGym test-set bug 42475075 (translated match to arvo:14582); train-on-test risk, eval-only",inputs/overlap.csv:canonical_bug_id=42475075,cyber:lwan,lwan,,
arvo_42475106,exclude_train,"exclude_train: shares CyberGym test-set bug 42475106 (translated match to arvo:1461); train-on-test risk, eval-only",inputs/overlap.csv:canonical_bug_id=42475106,cyber:libxml2,libxml2,,
arvo_42475161,keep,"keep: no CyberGym/SEC-bench overlap, not a suspect spec, not a duplicate",inputs/mimo_cyber_clean_ids.txt:mimo_instance_id=arvo_42475161,cyber:ffmpeg,ffmpeg,,library/task-variants/mimo-v2.6-rl__arvo_42475161/e0863866bc06.json
arvo_42475210,exclude_train,"exclude_train: shares CyberGym test-set bug 42475210 (exact match to arvo:14703); train-on-test risk, eval-only",inputs/overlap.csv:canonical_bug_id=42475210;inputs/mimo_duplicates.csv:canonical_bug_id=42475210,cyber:karchive,karchive,arvo_14703,
arvo_42475265,keep,"keep: no CyberGym/SEC-bench overlap, not a suspect spec, not a duplicate",inputs/mimo_cyber_clean_ids.txt:mimo_instance_id=arvo_42475265,cyber:perfetto,perfetto,,library/task-variants/mimo-v2.6-rl__arvo_42475265/5ca6ffdc35ba.json
arvo_42475280,exclude_train,"exclude_train: shares CyberGym test-set bug 42475280 (exact match to arvo:14767); train-on-test risk, eval-only",inputs/overlap.csv:canonical_bug_id=42475280;inputs/mimo_duplicates.csv:canonical_bug_id=42475280,cyber:perfetto,perfetto,arvo_14767,
arvo_42475294,discard,"discard: duplicate of arvo_1478 (identical prompt, same bug 42475294); kept arvo_1478",inputs/mimo_duplicates.csv:canonical_bug_id=42475294,cyber:ffmpeg,ffmpeg,arvo_1478,
arvo_42475442,exclude_train,"exclude_train: shares CyberGym test-set bug 42475442 (exact match to arvo:14912); train-on-test risk, eval-only",inputs/overlap.csv:canonical_bug_id=42475442;inputs/mimo_duplicates.csv:canonical_bug_id=42475442,cyber:capstonenext,capstonenext,arvo_14912,
arvo_42475467,exclude_train,"exclude_train: shares CyberGym test-set bug 42475467 (exact match to arvo:14935); train-on-test risk, eval-only",inputs/overlap.csv:canonical_bug_id=42475467;inputs/mimo_duplicates.csv:canonical_bug_id=42475467,cyber:libspng,libspng,arvo_14935,
arvo_42475544,exclude_train,"exclude_train: shares CyberGym test-set bug 42475544 (exact match to arvo:15003); train-on-test risk, eval-only",inputs/overlap.csv:canonical_bug_id=42475544;inputs/mimo_duplicates.csv:canonical_bug_id=42475544,cyber:radare2,radare2,arvo_15003,
arvo_42475596,keep,"keep: no CyberGym/SEC-bench overlap, not a suspect spec, not a duplicate",inputs/mimo_cyber_clean_ids.txt:mimo_instance_id=arvo_42475596,cyber:readstat,readstat,,library/task-variants/mimo-v2.6-rl__arvo_42475596/53c70a8e75cb.json
arvo_42475665,discard,"discard: duplicate of arvo_15112 (identical prompt, same bug 42475665); kept arvo_15112",inputs/mimo_duplicates.csv:canonical_bug_id=42475665,cyber:capstonenext,capstonenext,arvo_15112,
arvo_42475724,keep,"keep: no CyberGym/SEC-bench overlap, not a suspect spec, not a duplicate",inputs/mimo_cyber_clean_ids.txt:mimo_instance_id=arvo_42475724,cyber:ffmpeg,ffmpeg,,library/task-variants/mimo-v2.6-rl__arvo_42475724/abe740a03494.json
arvo_42475813,keep,"keep: no CyberGym/SEC-bench overlap, not a suspect spec, not a duplicate",inputs/mimo_cyber_clean_ids.txt:mimo_instance_id=arvo_42475813,cyber:ffmpeg,ffmpeg,,library/task-variants/mimo-v2.6-rl__arvo_42475813/e2c0f0abbdb1.json
arvo_42475818,keep,"keep: no CyberGym/SEC-bench overlap, not a suspect spec, not a duplicate",inputs/mimo_cyber_clean_ids.txt:mimo_instance_id=arvo_42475818,cyber:ffmpeg,ffmpeg,,library/task-variants/mimo-v2.6-rl__arvo_42475818/c2e0d6d5396f.json
arvo_42476049,keep,"keep: no CyberGym/SEC-bench overlap, not a suspect spec, not a duplicate",inputs/mimo_cyber_clean_ids.txt:mimo_instance_id=arvo_42476049,cyber:c-ares,c-ares,,library/task-variants/mimo-v2.6-rl__arvo_42476049/190f6319730f.json
arvo_42476211,keep,"keep: no CyberGym/SEC-bench overlap, not a suspect spec, not a duplicate",inputs/mimo_cyber_clean_ids.txt:mimo_instance_id=arvo_42476211,cyber:ffmpeg,ffmpeg,,library/task-variants/mimo-v2.6-rl__arvo_42476211/9a43f447218f.json
arvo_42476340,keep,"keep: no CyberGym/SEC-bench overlap, not a suspect spec, not a duplicate",inputs/mimo_cyber_clean_ids.txt:mimo_instance_id=arvo_42476340,cyber:ffmpeg,ffmpeg,,library/task-variants/mimo-v2.6-rl__arvo_42476340/4e6c6aef1b8f.json
arvo_42476877,keep,"keep: no CyberGym/SEC-bench overlap, not a suspect spec, not a duplicate",inputs/mimo_cyber_clean_ids.txt:mimo_instance_id=arvo_42476877,cyber:ffmpeg,ffmpeg,,library/task-variants/mimo-v2.6-rl__arvo_42476877/624e6470084b.json
arvo_42476946,keep,"keep: no CyberGym/SEC-bench overlap, not a suspect spec, not a duplicate",inputs/mimo_cyber_clean_ids.txt:mimo_instance_id=arvo_42476946,cyber:libspng,libspng,arvo_16266,library/task-variants/mimo-v2.6-rl__arvo_42476946/fcb1f9c676f9.json
arvo_42476987,keep,"keep: no CyberGym/SEC-bench overlap, not a suspect spec, not a duplicate",inputs/mimo_cyber_clean_ids.txt:mimo_instance_id=arvo_42476987,cyber:ffmpeg,ffmpeg,,library/task-variants/mimo-v2.6-rl__arvo_42476987/b0fa71421c38.json
arvo_42476988,keep,"keep: no CyberGym/SEC-bench overlap, not a suspect spec, not a duplicate",inputs/mimo_cyber_clean_ids.txt:mimo_instance_id=arvo_42476988,cyber:ffmpeg,ffmpeg,,library/task-variants/mimo-v2.6-rl__arvo_42476988/9d674766c0fa.json
arvo_42476999,keep,"keep: no CyberGym/SEC-bench overlap, not a suspect spec, not a duplicate",inputs/mimo_cyber_clean_ids.txt:mimo_instance_id=arvo_42476999,cyber:imagemagick,imagemagick,,library/task-variants/mimo-v2.6-rl__arvo_42476999/7f034f62fe96.json
arvo_42477333,keep,"keep: no CyberGym/SEC-bench overlap, not a suspect spec, not a duplicate",inputs/mimo_cyber_clean_ids.txt:mimo_instance_id=arvo_42477333,cyber:opensc,opensc,,library/task-variants/mimo-v2.6-rl__arvo_42477333/7d1dc62a4be7.json
arvo_42477334,discard,"discard: duplicate of arvo_16615 (identical prompt, same bug 42477334); kept arvo_16615",inputs/mimo_duplicates.csv:canonical_bug_id=42477334,cyber:opensc,opensc,arvo_16615,
arvo_42477424,keep,"keep: no CyberGym/SEC-bench overlap, not a suspect spec, not a duplicate",inputs/mimo_cyber_clean_ids.txt:mimo_instance_id=arvo_42477424,cyber:curl,curl,,library/task-variants/mimo-v2.6-rl__arvo_42477424/34a27ac5c24a.json
arvo_42477426,keep,"keep: no CyberGym/SEC-bench overlap, not a suspect spec, not a duplicate",inputs/mimo_cyber_clean_ids.txt:mimo_instance_id=arvo_42477426,cyber:curl,curl,,library/task-variants/mimo-v2.6-rl__arvo_42477426/ec76a3df6563.json
arvo_42477534,keep,"keep: no CyberGym/SEC-bench overlap, not a suspect spec, not a duplicate",inputs/mimo_cyber_clean_ids.txt:mimo_instance_id=arvo_42477534,cyber:libvips,libvips,,library/task-variants/mimo-v2.6-rl__arvo_42477534/0ac652e9d8de.json
arvo_42477887,keep,"keep: no CyberGym/SEC-bench overlap, not a suspect spec, not a duplicate",inputs/mimo_cyber_clean_ids.txt:mimo_instance_id=arvo_42477887,cyber:matio,matio,,library/task-variants/mimo-v2.6-rl__arvo_42477887/6409a6013869.json
arvo_42477890,keep,"keep: no CyberGym/SEC-bench overlap, not a suspect spec, not a duplicate",inputs/mimo_cyber_clean_ids.txt:mimo_instance_id=arvo_42477890,cyber:matio,matio,,library/task-variants/mimo-v2.6-rl__arvo_42477890/d6dd3ebfb7f3.json
arvo_42477952,exclude_train,"exclude_train: shares CyberGym test-set bug 42477952 (exact match to arvo:17171); train-on-test risk, eval-only",inputs/overlap.csv:canonical_bug_id=42477952;inputs/mimo_duplicates.csv:canonical_bug_id=42477952,cyber:libxslt,libxslt,arvo_17171,
arvo_42478672,keep,"keep: no CyberGym/SEC-bench overlap, not a suspect spec, not a duplicate",inputs/mimo_cyber_clean_ids.txt:mimo_instance_id=arvo_42478672,cyber:gdal,gdal,,library/task-variants/mimo-v2.6-rl__arvo_42478672/dd98cedc5bb2.json
arvo_42479,exclude_train,"exclude_train: shares CyberGym test-set bug 42506064 (exact match to arvo:42479); train-on-test risk, eval-only",inputs/overlap.csv:canonical_bug_id=42506064;inputs/mimo_duplicates.csv:canonical_bug_id=42506064,cyber:ghostpdl,ghostpdl,arvo_42506064,
arvo_42479120,discard,"discard: duplicate of arvo_18222 (identical prompt, same bug 42479120); kept arvo_18222",inputs/mimo_duplicates.csv:canonical_bug_id=42479120,cyber:binutils-gdb,binutils-gdb,arvo_18222,
arvo_42479126,exclude_train,"exclude_train: shares CyberGym test-set bug 42479126 (exact match to arvo:18228); train-on-test risk, eval-only",inputs/overlap.csv:canonical_bug_id=42479126;inputs/mimo_duplicates.csv:canonical_bug_id=42479126,cyber:binutils-gdb,binutils-gdb,arvo_18228,
arvo_42479130,keep,"keep: no CyberGym/SEC-bench overlap, not a suspect spec, not a duplicate",inputs/mimo_cyber_clean_ids.txt:mimo_instance_id=arvo_42479130,cyber:binutils-gdb,binutils-gdb,,library/task-variants/mimo-v2.6-rl__arvo_42479130/f7fb7394bf07.json
arvo_42479230,exclude_train,"exclude_train: shares CyberGym test-set bug 42479230 (exact match to arvo:18321); train-on-test risk, eval-only",inputs/overlap.csv:canonical_bug_id=42479230;inputs/mimo_duplicates.csv:canonical_bug_id=42479230,cyber:radare2,radare2,arvo_18321,
arvo_42479262,keep,"keep: no CyberGym/SEC-bench overlap, not a suspect spec, not a duplicate",inputs/mimo_cyber_clean_ids.txt:mimo_instance_id=arvo_42479262,cyber:ffmpeg,ffmpeg,,library/task-variants/mimo-v2.6-rl__arvo_42479262/d28cbec9d513.json
arvo_42479300,keep,"keep: no CyberGym/SEC-bench overlap, not a suspect spec, not a duplicate",inputs/mimo_cyber_clean_ids.txt:mimo_instance_id=arvo_42479300,cyber:libxslt,libxslt,,library/task-variants/mimo-v2.6-rl__arvo_42479300/5f3e9b238fd9.json
arvo_42479359,keep,"keep: no CyberGym/SEC-bench overlap, not a suspect spec, not a duplicate",inputs/mimo_cyber_clean_ids.txt:mimo_instance_id=arvo_42479359,cyber:openh264,openh264,,library/task-variants/mimo-v2.6-rl__arvo_42479359/acab9f69dd6d.json
arvo_42479418,discard,"discard: duplicate of arvo_18491 (identical prompt, same bug 42479418); kept arvo_18491",inputs/mimo_duplicates.csv:canonical_bug_id=42479418,cyber:skia,skia,arvo_18491,
arvo_42479419,keep,"keep: no CyberGym/SEC-bench overlap, not a suspect spec, not a duplicate",inputs/mimo_cyber_clean_ids.txt:mimo_instance_id=arvo_42479419,cyber:skia,skia,,library/task-variants/mimo-v2.6-rl__arvo_42479419/cacc5291f838.json
arvo_42479497,exclude_train,"exclude_train: shares CyberGym test-set bug 42479497 (exact match to arvo:18562); train-on-test risk, eval-only",inputs/overlap.csv:canonical_bug_id=42479497;inputs/mimo_duplicates.csv:canonical_bug_id=42479497,cyber:lwan,lwan,arvo_18562,
arvo_42479556,exclude_train,"exclude_train: shares CyberGym test-set bug 42479556 (exact match to arvo:18615); train-on-test risk, eval-only",inputs/overlap.csv:canonical_bug_id=42479556;inputs/mimo_duplicates.csv:canonical_bug_id=42479556,cyber:binutils-gdb,binutils-gdb,arvo_18615,
arvo_42479673,keep,"keep: no CyberGym/SEC-bench overlap, not a suspect spec, not a duplicate",inputs/mimo_cyber_clean_ids.txt:mimo_instance_id=arvo_42479673,cyber:ffmpeg,ffmpeg,,library/task-variants/mimo-v2.6-rl__arvo_42479673/c7d997ae8428.json
arvo_42479686,discard,"discard: duplicate of arvo_18732 (identical prompt, same bug 42479686); kept arvo_18732",inputs/mimo_duplicates.csv:canonical_bug_id=42479686,cyber:libjpeg-turbo,libjpeg-turbo,arvo_18732,
arvo_42479687,discard,"discard: duplicate of arvo_18733 (identical prompt, same bug 42479687); kept arvo_18733",inputs/mimo_duplicates.csv:canonical_bug_id=42479687,cyber:ndpi,ndpi,arvo_18733,
arvo_42479691,keep,"keep: no CyberGym/SEC-bench overlap, not a suspect spec, not a duplicate",inputs/mimo_cyber_clean_ids.txt:mimo_instance_id=arvo_42479691,cyber:ndpi,ndpi,arvo_18737,library/task-variants/mimo-v2.6-rl__arvo_42479691/c1ab53f0bbac.json
arvo_42479846,exclude_train,"exclude_train: shares CyberGym test-set bug 42479846 (translated match to arvo:18877); train-on-test risk, eval-only",inputs/overlap.csv:canonical_bug_id=42479846,cyber:librawspeed,librawspeed,,
arvo_42480125,keep,"keep: no CyberGym/SEC-bench overlap, not a suspect spec, not a duplicate",inputs/mimo_cyber_clean_ids.txt:mimo_instance_id=arvo_42480125,cyber:ffmpeg,ffmpeg,,library/task-variants/mimo-v2.6-rl__arvo_42480125/2ab1f065e910.json
arvo_42480178,discard,"discard: duplicate of arvo_19175 (identical prompt, same bug 42480178); kept arvo_19175",inputs/mimo_duplicates.csv:canonical_bug_id=42480178,cyber:ndpi,ndpi,arvo_19175,
arvo_42480315,keep,"keep: no CyberGym/SEC-bench overlap, not a suspect spec, not a duplicate",inputs/mimo_cyber_clean_ids.txt:mimo_instance_id=arvo_42480315,cyber:ffmpeg,ffmpeg,,library/task-variants/mimo-v2.6-rl__arvo_42480315/b5658746f667.json
arvo_42480318,keep,"keep: no CyberGym/SEC-bench overlap, not a suspect spec, not a duplicate",inputs/mimo_cyber_clean_ids.txt:mimo_instance_id=arvo_42480318,cyber:ffmpeg,ffmpeg,,library/task-variants/mimo-v2.6-rl__arvo_42480318/6ad6d521cbff.json
arvo_42480327,keep,"keep: no CyberGym/SEC-bench overlap, not a suspect spec, not a duplicate",inputs/mimo_cyber_clean_ids.txt:mimo_instance_id=arvo_42480327,cyber:ffmpeg,ffmpeg,,library/task-variants/mimo-v2.6-rl__arvo_42480327/fbc860a6018a.json
arvo_42480353,exclude_train,"exclude_train: shares CyberGym test-set bug 42480353 (translated match to arvo:19332); train-on-test risk, eval-only",inputs/overlap.csv:canonical_bug_id=42480353,cyber:ndpi,ndpi,,
arvo_42480592,keep,"keep: no CyberGym/SEC-bench overlap, not a suspect spec, not a duplicate",inputs/mimo_cyber_clean_ids.txt:mimo_instance_id=arvo_42480592,cyber:skia,skia,,library/task-variants/mimo-v2.6-rl__arvo_42480592/55d3e018e85c.json
arvo_42480772,keep,"keep: no CyberGym/SEC-bench overlap, not a suspect spec, not a duplicate",inputs/mimo_cyber_clean_ids.txt:mimo_instance_id=arvo_42480772,cyber:php-src,php-src,,library/task-variants/mimo-v2.6-rl__arvo_42480772/88e1017513c3.json
arvo_42480786,keep,"keep: no CyberGym/SEC-bench overlap, not a suspect spec, not a duplicate",inputs/mimo_cyber_clean_ids.txt:mimo_instance_id=arvo_42480786,cyber:leptonica,leptonica,,library/task-variants/mimo-v2.6-rl__arvo_42480786/fe79719eb48b.json
arvo_42480815,exclude_train,"exclude_train: shares CyberGym test-set bug 42480815 (translated match to arvo:1975); train-on-test risk, eval-only",inputs/overlap.csv:canonical_bug_id=42480815,cyber:gdal,gdal,,
arvo_42480818,keep,"keep: no CyberGym/SEC-bench overlap, not a suspect spec, not a duplicate",inputs/mimo_cyber_clean_ids.txt:mimo_instance_id=arvo_42480818,cyber:ffmpeg,ffmpeg,,library/task-variants/mimo-v2.6-rl__arvo_42480818/081586472930.json
arvo_42480937,keep,"keep: no CyberGym/SEC-bench overlap, not a suspect spec, not a duplicate",inputs/mimo_cyber_clean_ids.txt:mimo_instance_id=arvo_42480937,cyber:gdal,gdal,,library/task-variants/mimo-v2.6-rl__arvo_42480937/ab6f864ea00b.json
arvo_42481135,keep,"keep: no CyberGym/SEC-bench overlap, not a suspect spec, not a duplicate",inputs/mimo_cyber_clean_ids.txt:mimo_instance_id=arvo_42481135,cyber:harfbuzz,harfbuzz,,library/task-variants/mimo-v2.6-rl__arvo_42481135/d9772782918e.json
arvo_42481163,keep,"keep: no CyberGym/SEC-bench overlap, not a suspect spec, not a duplicate",inputs/mimo_cyber_clean_ids.txt:mimo_instance_id=arvo_42481163,cyber:open62541,open62541,,library/task-variants/mimo-v2.6-rl__arvo_42481163/d101f4cab782.json
arvo_42481196,keep,"keep: no CyberGym/SEC-bench overlap, not a suspect spec, not a duplicate",inputs/mimo_cyber_clean_ids.txt:mimo_instance_id=arvo_42481196,cyber:ndpi,ndpi,,library/task-variants/mimo-v2.6-rl__arvo_42481196/d0ae12c30299.json
arvo_42481233,keep,"keep: no CyberGym/SEC-bench overlap, not a suspect spec, not a duplicate",inputs/mimo_cyber_clean_ids.txt:mimo_instance_id=arvo_42481233,cyber:arrow,arrow,,library/task-variants/mimo-v2.6-rl__arvo_42481233/a8c5b865f9de.json
arvo_42481258,exclude_train,"exclude_train: shares CyberGym test-set bug 42481258 (exact match to arvo:20147); train-on-test risk, eval-only",inputs/overlap.csv:canonical_bug_id=42481258;inputs/mimo_duplicates.csv:canonical_bug_id=42481258,cyber:binutils-gdb,binutils-gdb,arvo_20147,
arvo_42481275,keep,"keep: no CyberGym/SEC-bench overlap, not a suspect spec, not a duplicate",inputs/mimo_cyber_clean_ids.txt:mimo_instance_id=arvo_42481275,cyber:ndpi,ndpi,arvo_20162,library/task-variants/mimo-v2.6-rl__arvo_42481275/d3f0fe07ec80.json
arvo_42481277,keep,"keep: no CyberGym/SEC-bench overlap, not a suspect spec, not a duplicate",inputs/mimo_cyber_clean_ids.txt:mimo_instance_id=arvo_42481277,cyber:ndpi,ndpi,,library/task-variants/mimo-v2.6-rl__arvo_42481277/be4604a44a92.json
arvo_42481303,keep,"keep: no CyberGym/SEC-bench overlap, not a suspect spec, not a duplicate",inputs/mimo_cyber_clean_ids.txt:mimo_instance_id=arvo_42481303,cyber:opensc,opensc,,library/task-variants/mimo-v2.6-rl__arvo_42481303/eaaea5768961.json
arvo_42481310,keep,"keep: no CyberGym/SEC-bench overlap, not a suspect spec, not a duplicate",inputs/mimo_cyber_clean_ids.txt:mimo_instance_id=arvo_42481310,cyber:skia,skia,,library/task-variants/mimo-v2.6-rl__arvo_42481310/e1f53ebb7b44.json
arvo_42481392,discard,"discard: duplicate of arvo_20268 (identical prompt, same bug 42481392); kept arvo_20268",inputs/mimo_duplicates.csv:canonical_bug_id=42481392,cyber:skia,skia,arvo_20268,
arvo_42481502,keep,"keep: no CyberGym/SEC-bench overlap, not a suspect spec, not a duplicate",inputs/mimo_cyber_clean_ids.txt:mimo_instance_id=arvo_42481502,cyber:wabt,wabt,,library/task-variants/mimo-v2.6-rl__arvo_42481502/e37429d2500e.json
arvo_42481554,keep,"keep: no CyberGym/SEC-bench overlap, not a suspect spec, not a duplicate",inputs/mimo_cyber_clean_ids.txt:mimo_instance_id=arvo_42481554,cyber:imagemagick,imagemagick,,library/task-variants/mimo-v2.6-rl__arvo_42481554/e9be1e43cafd.json
arvo_42481558,keep,"keep: no CyberGym/SEC-bench overlap, not a suspect spec, not a duplicate",inputs/mimo_cyber_clean_ids.txt:mimo_instance_id=arvo_42481558,cyber:imagemagick,imagemagick,,library/task-variants/mimo-v2.6-rl__arvo_42481558/77c5aaaaa6e2.json
arvo_42481580,keep,"keep: no CyberGym/SEC-bench overlap, not a suspect spec, not a duplicate",inputs/mimo_cyber_clean_ids.txt:mimo_instance_id=arvo_42481580,cyber:open62541,open62541,,library/task-variants/mimo-v2.6-rl__arvo_42481580/8ca1b4d35b8d.json
arvo_42481643,exclude_train,"exclude_train: shares CyberGym test-set bug 42481643 (exact match to arvo:20494); train-on-test risk, eval-only",inputs/overlap.csv:canonical_bug_id=42481643;inputs/mimo_duplicates.csv:canonical_bug_id=42481643,cyber:ffmpeg,ffmpeg,arvo_20494,
arvo_42481762,keep,"keep: no CyberGym/SEC-bench overlap, not a suspect spec, not a duplicate",inputs/mimo_cyber_clean_ids.txt:mimo_instance_id=arvo_42481762,cyber:binutils-gdb,binutils-gdb,arvo_20600,library/task-variants/mimo-v2.6-rl__arvo_42481762/0bd3e001881c.json
arvo_42481790,keep,"keep: no CyberGym/SEC-bench overlap, not a suspect spec, not a duplicate",inputs/mimo_cyber_clean_ids.txt:mimo_instance_id=arvo_42481790,cyber:ffmpeg,ffmpeg,,library/task-variants/mimo-v2.6-rl__arvo_42481790/136aa63b4cab.json
arvo_42481810,keep,"keep: no CyberGym/SEC-bench overlap, not a suspect spec, not a duplicate",inputs/mimo_cyber_clean_ids.txt:mimo_instance_id=arvo_42481810,cyber:ndpi,ndpi,,library/task-variants/mimo-v2.6-rl__arvo_42481810/4ba409ef0ae7.json
arvo_42481904,discard,"discard: duplicate of arvo_20729 (identical prompt, same bug 42481904); kept arvo_20729",inputs/mimo_duplicates.csv:canonical_bug_id=42481904,cyber:file,file,arvo_20729,
arvo_42481924,keep,"keep: no CyberGym/SEC-bench overlap, not a suspect spec, not a duplicate",inputs/mimo_cyber_clean_ids.txt:mimo_instance_id=arvo_42481924,cyber:ndpi,ndpi,arvo_20747,library/task-variants/mimo-v2.6-rl__arvo_42481924/247e39d5092d.json
arvo_42481957,keep,"keep: no CyberGym/SEC-bench overlap, not a suspect spec, not a duplicate",inputs/mimo_cyber_clean_ids.txt:mimo_instance_id=arvo_42481957,cyber:ndpi,ndpi,arvo_20777,library/task-variants/mimo-v2.6-rl__arvo_42481957/5537de1d8d06.json
arvo_42482009,exclude_train,"exclude_train: shares CyberGym test-set bug 42482009 (exact match to arvo:20823); train-on-test risk, eval-only",inputs/overlap.csv:canonical_bug_id=42482009;inputs/mimo_duplicates.csv:canonical_bug_id=42482009,cyber:ndpi,ndpi,arvo_20823,
arvo_42482045,discard,"discard: duplicate of arvo_20856 (identical prompt, same bug 42482045); kept arvo_20856",inputs/mimo_duplicates.csv:canonical_bug_id=42482045,cyber:ndpi,ndpi,arvo_20856,
arvo_42482052,discard,"discard: duplicate of arvo_20862 (identical prompt, same bug 42482052); kept arvo_20862",inputs/mimo_duplicates.csv:canonical_bug_id=42482052,cyber:pcre2,pcre2,arvo_20862,
arvo_42482100,exclude_train,"exclude_train: shares CyberGym test-set bug 42482100 (translated match to arvo:20905); train-on-test risk, eval-only",inputs/overlap.csv:canonical_bug_id=42482100,cyber:njs,njs,,
arvo_42482207,exclude_train,"exclude_train: shares CyberGym test-set bug 42482207 (translated match to arvo:21000); train-on-test risk, eval-only",inputs/overlap.csv:canonical_bug_id=42482207,cyber:ndpi,ndpi,,
arvo_42482549,exclude_train,"exclude_train: shares CyberGym test-set bug 42482549 (translated match to arvo:21309); train-on-test risk, eval-only",inputs/overlap.csv:canonical_bug_id=42482549,cyber:ndpi,ndpi,,
arvo_42482563,exclude_train,"exclude_train: shares CyberGym test-set bug 42482563 (exact match to arvo:21321); train-on-test risk, eval-only",inputs/overlap.csv:canonical_bug_id=42482563;inputs/mimo_duplicates.csv:canonical_bug_id=42482563,cyber:binutils-gdb,binutils-gdb,arvo_21321,
arvo_42482566,exclude_train,"exclude_train: shares CyberGym test-set bug 42482566 (translated match to arvo:21324); train-on-test risk, eval-only",inputs/overlap.csv:canonical_bug_id=42482566,cyber:binutils-gdb,binutils-gdb,,
arvo_42482568,discard,"discard: duplicate of arvo_21326 (identical prompt, same bug 42482568); kept arvo_21326",inputs/mimo_duplicates.csv:canonical_bug_id=42482568,cyber:binutils-gdb,binutils-gdb,arvo_21326,
arvo_42482604,exclude_train,"exclude_train: shares CyberGym test-set bug 42482604 (exact match to arvo:21359); train-on-test risk, eval-only",inputs/overlap.csv:canonical_bug_id=42482604;inputs/mimo_duplicates.csv:canonical_bug_id=42482604,cyber:binutils-gdb,binutils-gdb,arvo_21359,
arvo_42482609,keep,"keep: no CyberGym/SEC-bench overlap, not a suspect spec, not a duplicate",inputs/mimo_cyber_clean_ids.txt:mimo_instance_id=arvo_42482609,cyber:ndpi,ndpi,arvo_21363,library/task-variants/mimo-v2.6-rl__arvo_42482609/3218fe1c5ba6.json
arvo_42482611,keep,"keep: no CyberGym/SEC-bench overlap, not a suspect spec, not a duplicate",inputs/mimo_cyber_clean_ids.txt:mimo_instance_id=arvo_42482611,cyber:ndpi,ndpi,arvo_21365,library/task-variants/mimo-v2.6-rl__arvo_42482611/4148d44b8a57.json
arvo_42482847,exclude_train,"exclude_train: shares CyberGym test-set bug 42482847 (exact match to arvo:21578); train-on-test risk, eval-only",inputs/overlap.csv:canonical_bug_id=42482847;inputs/mimo_duplicates.csv:canonical_bug_id=42482847,cyber:libucl,libucl,arvo_21578,
arvo_42482848,exclude_train,"exclude_train: shares CyberGym test-set bug 42482848 (exact match to arvo:21579); train-on-test risk, eval-only",inputs/overlap.csv:canonical_bug_id=42482848;inputs/mimo_duplicates.csv:canonical_bug_id=42482848,cyber:libucl,libucl,arvo_21579,
arvo_42482875,keep,"keep: no CyberGym/SEC-bench overlap, not a suspect spec, not a duplicate",inputs/mimo_cyber_clean_ids.txt:mimo_instance_id=arvo_42482875,cyber:radare2,radare2,,library/task-variants/mimo-v2.6-rl__arvo_42482875/06c707bd48c1.json
arvo_42482877,exclude_train,"exclude_train: shares CyberGym test-set bug 42482877 (exact match to arvo:21604); train-on-test risk, eval-only",inputs/overlap.csv:canonical_bug_id=42482877;inputs/mimo_duplicates.csv:canonical_bug_id=42482877,cyber:poppler,poppler,arvo_21604,
arvo_42483004,discard,"discard: duplicate of arvo_21719 (identical prompt, same bug 42483004); kept arvo_21719",inputs/mimo_duplicates.csv:canonical_bug_id=42483004,cyber:ndpi,ndpi,arvo_21719,
arvo_42483053,keep,"keep: no CyberGym/SEC-bench overlap, not a suspect spec, not a duplicate",inputs/mimo_cyber_clean_ids.txt:mimo_instance_id=arvo_42483053,cyber:fmt,fmt,,library/task-variants/mimo-v2.6-rl__arvo_42483053/9abac3289780.json
arvo_42483264,keep,"keep: no CyberGym/SEC-bench overlap, not a suspect spec, not a duplicate",inputs/mimo_cyber_clean_ids.txt:mimo_instance_id=arvo_42483264,cyber:fluent-bit,fluent-bit,,library/task-variants/mimo-v2.6-rl__arvo_42483264/dd9253c9e2dc.json
arvo_42483502,keep,"keep: no CyberGym/SEC-bench overlap, not a suspect spec, not a duplicate",inputs/mimo_cyber_clean_ids.txt:mimo_instance_id=arvo_42483502,cyber:ndpi,ndpi,arvo_22167,library/task-variants/mimo-v2.6-rl__arvo_42483502/d119786bf1e5.json
arvo_42483504,keep,"keep: no CyberGym/SEC-bench overlap, not a suspect spec, not a duplicate",inputs/mimo_cyber_clean_ids.txt:mimo_instance_id=arvo_42483504,cyber:ndpi,ndpi,,library/task-variants/mimo-v2.6-rl__arvo_42483504/64614dabc8be.json
arvo_42483588,exclude_train,"exclude_train: shares CyberGym test-set bug 42483588 (exact match to arvo:22244); train-on-test risk, eval-only",inputs/overlap.csv:canonical_bug_id=42483588;inputs/mimo_duplicates.csv:canonical_bug_id=42483588,cyber:ndpi,ndpi,arvo_22244,
arvo_42483595,keep,"keep: no CyberGym/SEC-bench overlap, not a suspect spec, not a duplicate",inputs/mimo_cyber_clean_ids.txt:mimo_instance_id=arvo_42483595,cyber:open62541,open62541,,library/task-variants/mimo-v2.6-rl__arvo_42483595/fcaa5d990dda.json
arvo_42483697,keep,"keep: no CyberGym/SEC-bench overlap, not a suspect spec, not a duplicate",inputs/mimo_cyber_clean_ids.txt:mimo_instance_id=arvo_42483697,cyber:ndpi,ndpi,arvo_22342,library/task-variants/mimo-v2.6-rl__arvo_42483697/04b1c9ca4f27.json
arvo_42483782,keep,"keep: no CyberGym/SEC-bench overlap, not a suspect spec, not a duplicate",inputs/mimo_cyber_clean_ids.txt:mimo_instance_id=arvo_42483782,cyber:ndpi,ndpi,arvo_22419,library/task-variants/mimo-v2.6-rl__arvo_42483782/193f43e6dc90.json
arvo_42483869,keep,"keep: no CyberGym/SEC-bench overlap, not a suspect spec, not a duplicate",inputs/mimo_cyber_clean_ids.txt:mimo_instance_id=arvo_42483869,cyber:ndpi,ndpi,arvo_22498,library/task-variants/mimo-v2.6-rl__arvo_42483869/09567fe23936.json
arvo_42483934,discard,"discard: duplicate of arvo_22556 (identical prompt, same bug 42483934); kept arvo_22556",inputs/mimo_duplicates.csv:canonical_bug_id=42483934,cyber:matio,matio,arvo_22556,
arvo_42483957,keep,"keep: no CyberGym/SEC-bench overlap, not a suspect spec, not a duplicate",inputs/mimo_cyber_clean_ids.txt:mimo_instance_id=arvo_42483957,cyber:poppler,poppler,,library/task-variants/mimo-v2.6-rl__arvo_42483957/cf20427884d4.json
arvo_42483971,keep,"keep: no CyberGym/SEC-bench overlap, not a suspect spec, not a duplicate",inputs/mimo_cyber_clean_ids.txt:mimo_instance_id=arvo_42483971,cyber:gdal,gdal,,library/task-variants/mimo-v2.6-rl__arvo_42483971/51cc98f174d8.json
arvo_42484382,keep,"keep: no CyberGym/SEC-bench overlap, not a suspect spec, not a duplicate",inputs/mimo_cyber_clean_ids.txt:mimo_instance_id=arvo_42484382,cyber:gdal,gdal,,library/task-variants/mimo-v2.6-rl__arvo_42484382/4f133809ed6a.json
arvo_42484402,exclude_train,"exclude_train: shares CyberGym test-set bug 42484402 (exact match to arvo:22978); train-on-test risk, eval-only",inputs/overlap.csv:canonical_bug_id=42484402;inputs/mimo_duplicates.csv:canonical_bug_id=42484402,cyber:libraw,libraw,arvo_22978,
arvo_42484452,exclude_train,"exclude_train: shares CyberGym test-set bug 42484452 (translated match to arvo:23021); train-on-test risk, eval-only",inputs/overlap.csv:canonical_bug_id=42484452,cyber:ndpi,ndpi,,
arvo_42484510,exclude_train,"exclude_train: shares CyberGym test-set bug 42484510 (translated match to arvo:23074); train-on-test risk, eval-only",inputs/overlap.csv:canonical_bug_id=42484510,cyber:binutils-gdb,binutils-gdb,,
arvo_42484793,keep,"keep: no CyberGym/SEC-bench overlap, not a suspect spec, not a duplicate",inputs/mimo_cyber_clean_ids.txt:mimo_instance_id=arvo_42484793,cyber:libraw,libraw,,library/task-variants/mimo-v2.6-rl__arvo_42484793/c9f1cee96728.json
arvo_42484867,keep,"keep: no CyberGym/SEC-bench overlap, not a suspect spec, not a duplicate",inputs/mimo_cyber_clean_ids.txt:mimo_instance_id=arvo_42484867,cyber:ndpi,ndpi,arvo_23396,library/task-variants/mimo-v2.6-rl__arvo_42484867/d90126000057.json
arvo_42484906,discard,"discard: duplicate of arvo_23430 (identical prompt, same bug 42484906); kept arvo_23430",inputs/mimo_duplicates.csv:canonical_bug_id=42484906,cyber:open62541,open62541,arvo_23430,
arvo_42485009,keep,"keep: no CyberGym/SEC-bench overlap, not a suspect spec, not a duplicate",inputs/mimo_cyber_clean_ids.txt:mimo_instance_id=arvo_42485009,cyber:ndpi,ndpi,,library/task-variants/mimo-v2.6-rl__arvo_42485009/4e9a682e778d.json
arvo_42485014,keep,"keep: no CyberGym/SEC-bench overlap, not a suspect spec, not a duplicate",inputs/mimo_cyber_clean_ids.txt:mimo_instance_id=arvo_42485014,cyber:opensc,opensc,arvo_23529,library/task-variants/mimo-v2.6-rl__arvo_42485014/c0608615174c.json
arvo_42485153,exclude_train,"exclude_train: shares CyberGym test-set bug 42485153 (translated match to arvo:23654); train-on-test risk, eval-only",inputs/overlap.csv:canonical_bug_id=42485153,cyber:leptonica,leptonica,,
arvo_42485232,exclude_train,"exclude_train: shares CyberGym test-set bug 42485232 (translated match to arvo:23725); train-on-test risk, eval-only",inputs/overlap.csv:canonical_bug_id=42485232,cyber:hermes,hermes,,
arvo_42485332,keep,"keep: no CyberGym/SEC-bench overlap, not a suspect spec, not a duplicate",inputs/mimo_cyber_clean_ids.txt:mimo_instance_id=arvo_42485332,cyber:glib,glib,,library/task-variants/mimo-v2.6-rl__arvo_42485332/8bbac3abb562.json
arvo_42485350,keep,"keep: no CyberGym/SEC-bench overlap, not a suspect spec, not a duplicate",inputs/mimo_cyber_clean_ids.txt:mimo_instance_id=arvo_42485350,cyber:ndpi,ndpi,,library/task-variants/mimo-v2.6-rl__arvo_42485350/ca100747a552.json
arvo_42485448,discard,"discard: duplicate of arvo_2392 (identical prompt, same bug 42485448); kept arvo_2392",inputs/mimo_duplicates.csv:canonical_bug_id=42485448,cyber:libreoffice,libreoffice,arvo_2392,
arvo_42485561,exclude_train,"exclude_train: shares CyberGym test-set bug 42485561 (translated match to arvo:24020); train-on-test risk, eval-only",inputs/overlap.csv:canonical_bug_id=42485561,cyber:binutils-gdb,binutils-gdb,,
arvo_42485576,keep,"keep: no CyberGym/SEC-bench overlap, not a suspect spec, not a duplicate",inputs/mimo_cyber_clean_ids.txt:mimo_instance_id=arvo_42485576,cyber:ffmpeg,ffmpeg,,library/task-variants/mimo-v2.6-rl__arvo_42485576/d039d4013d18.json
arvo_42485647,exclude_train,"exclude_train: shares CyberGym test-set bug 42485647 (translated match to arvo:24099); train-on-test risk, eval-only",inputs/overlap.csv:canonical_bug_id=42485647,cyber:wireshark,wireshark,,
arvo_42486096,keep,"keep: no CyberGym/SEC-bench overlap, not a suspect spec, not a duplicate",inputs/mimo_cyber_clean_ids.txt:mimo_instance_id=arvo_42486096,cyber:assimp,assimp,,library/task-variants/mimo-v2.6-rl__arvo_42486096/69229ac69cd5.json
arvo_42486152,discard,"discard: duplicate of arvo_24553 (identical prompt, same bug 42486152); kept arvo_24553",inputs/mimo_duplicates.csv:canonical_bug_id=42486152,cyber:assimp,assimp,arvo_24553,
arvo_42486193,discard,"discard: duplicate of arvo_24590 (identical prompt, same bug 42486193); kept arvo_24590",inputs/mimo_duplicates.csv:canonical_bug_id=42486193,cyber:x265,x265,arvo_24590,
arvo_42486524,keep,"keep: no CyberGym/SEC-bench overlap, not a suspect spec, not a duplicate",inputs/mimo_cyber_clean_ids.txt:mimo_instance_id=arvo_42486524,cyber:skia,skia,,library/task-variants/mimo-v2.6-rl__arvo_42486524/cdfc5c6f872c.json
arvo_42486531,discard,"discard: duplicate of arvo_24895 (identical prompt, same bug 42486531); kept arvo_24895",inputs/mimo_duplicates.csv:canonical_bug_id=42486531,cyber:sleuthkit,sleuthkit,arvo_24895,
arvo_42486539,keep,"keep: no CyberGym/SEC-bench overlap, not a suspect spec, not a duplicate",inputs/mimo_cyber_clean_ids.txt:mimo_instance_id=arvo_42486539,cyber:sleuthkit,sleuthkit,,library/task-variants/mimo-v2.6-rl__arvo_42486539/00a3aa52df82.json
arvo_42486540,keep,"keep: no CyberGym/SEC-bench overlap, not a suspect spec, not a duplicate",inputs/mimo_cyber_clean_ids.txt:mimo_instance_id=arvo_42486540,cyber:sleuthkit,sleuthkit,,library/task-variants/mimo-v2.6-rl__arvo_42486540/a9b37f80533b.json
arvo_42486541,keep,"keep: no CyberGym/SEC-bench overlap, not a suspect spec, not a duplicate",inputs/mimo_cyber_clean_ids.txt:mimo_instance_id=arvo_42486541,cyber:sleuthkit,sleuthkit,,library/task-variants/mimo-v2.6-rl__arvo_42486541/0fe91de36d55.json
arvo_42486582,discard,"discard: duplicate of arvo_24940 (identical prompt, same bug 42486582); kept arvo_24940",inputs/mimo_duplicates.csv:canonical_bug_id=42486582,cyber:opensc,opensc,arvo_24940,
arvo_42486698,keep,"keep: no CyberGym/SEC-bench overlap, not a suspect spec, not a duplicate",inputs/mimo_cyber_clean_ids.txt:mimo_instance_id=arvo_42486698,cyber:open62541,open62541,,library/task-variants/mimo-v2.6-rl__arvo_42486698/33117e02a403.json
arvo_42486712,keep,"keep: no CyberGym/SEC-bench overlap, not a suspect spec, not a duplicate",inputs/mimo_cyber_clean_ids.txt:mimo_instance_id=arvo_42486712,cyber:uWebSockets,uWebSockets,,library/task-variants/mimo-v2.6-rl__arvo_42486712/10587e5e0e2d.json
arvo_42486724,keep,"keep: no CyberGym/SEC-bench overlap, not a suspect spec, not a duplicate",inputs/mimo_cyber_clean_ids.txt:mimo_instance_id=arvo_42486724,cyber:open62541,open62541,,library/task-variants/mimo-v2.6-rl__arvo_42486724/bf0c39207538.json
arvo_42486834,exclude_train,"exclude_train: shares CyberGym test-set bug 42486834 (exact match to arvo:25167); train-on-test risk, eval-only",inputs/overlap.csv:canonical_bug_id=42486834;inputs/mimo_duplicates.csv:canonical_bug_id=42486834,cyber:libzmq,libzmq,arvo_25167,
arvo_42487077,keep,"keep: no CyberGym/SEC-bench overlap, not a suspect spec, not a duplicate",inputs/mimo_cyber_clean_ids.txt:mimo_instance_id=arvo_42487077,cyber:rnp,rnp,,library/task-variants/mimo-v2.6-rl__arvo_42487077/5bc4c04c2253.json
arvo_42487154,keep,"keep: no CyberGym/SEC-bench overlap, not a suspect spec, not a duplicate",inputs/mimo_cyber_clean_ids.txt:mimo_instance_id=arvo_42487154,cyber:ffmpeg,ffmpeg,,library/task-variants/mimo-v2.6-rl__arvo_42487154/a6a02aea8b7b.json
arvo_42487513,keep,"keep: no CyberGym/SEC-bench overlap, not a suspect spec, not a duplicate",inputs/mimo_cyber_clean_ids.txt:mimo_instance_id=arvo_42487513,cyber:opencv,opencv,,library/task-variants/mimo-v2.6-rl__arvo_42487513/08fe4b7c8241.json
arvo_42487652,keep,"keep: no CyberGym/SEC-bench overlap, not a suspect spec, not a duplicate",inputs/mimo_cyber_clean_ids.txt:mimo_instance_id=arvo_42487652,cyber:libavif,libavif,,library/task-variants/mimo-v2.6-rl__arvo_42487652/159ca8f589d9.json
arvo_42487660,exclude_train,"exclude_train: shares CyberGym test-set bug 42487660 (translated match to arvo:25910); train-on-test risk, eval-only",inputs/overlap.csv:canonical_bug_id=42487660,cyber:libavif,libavif,,
arvo_42487661,keep,"keep: no CyberGym/SEC-bench overlap, not a suspect spec, not a duplicate",inputs/mimo_cyber_clean_ids.txt:mimo_instance_id=arvo_42487661,cyber:libavif,libavif,arvo_25911,library/task-variants/mimo-v2.6-rl__arvo_42487661/9806e0760f31.json
arvo_42487732,keep,"keep: no CyberGym/SEC-bench overlap, not a suspect spec, not a duplicate",inputs/mimo_cyber_clean_ids.txt:mimo_instance_id=arvo_42487732,cyber:sleuthkit,sleuthkit,,library/task-variants/mimo-v2.6-rl__arvo_42487732/3f38b3c5838e.json
arvo_42487782,discard,"discard: duplicate of arvo_2602 (identical prompt, same bug 42487782); kept arvo_2602",inputs/mimo_duplicates.csv:canonical_bug_id=42487782,cyber:libteken,libteken,arvo_2602,
arvo_42487793,keep,"keep: no CyberGym/SEC-bench overlap, not a suspect spec, not a duplicate",inputs/mimo_cyber_clean_ids.txt:mimo_instance_id=arvo_42487793,cyber:expat,expat,arvo_2603,library/task-variants/mimo-v2.6-rl__arvo_42487793/6ca6739a8b86.json
arvo_42487837,keep,"keep: no CyberGym/SEC-bench overlap, not a suspect spec, not a duplicate",inputs/mimo_cyber_clean_ids.txt:mimo_instance_id=arvo_42487837,cyber:gdal,gdal,,library/task-variants/mimo-v2.6-rl__arvo_42487837/07964c27b126.json
arvo_42487992,keep,"keep: no CyberGym/SEC-bench overlap, not a suspect spec, not a duplicate",inputs/mimo_cyber_clean_ids.txt:mimo_instance_id=arvo_42487992,cyber:ffmpeg,ffmpeg,,library/task-variants/mimo-v2.6-rl__arvo_42487992/39a70641d757.json
arvo_42488029,keep,"keep: no CyberGym/SEC-bench overlap, not a suspect spec, not a duplicate",inputs/mimo_cyber_clean_ids.txt:mimo_instance_id=arvo_42488029,cyber:ffmpeg,ffmpeg,,library/task-variants/mimo-v2.6-rl__arvo_42488029/992b00e27be6.json
arvo_42488057,keep,"keep: no CyberGym/SEC-bench overlap, not a suspect spec, not a duplicate",inputs/mimo_cyber_clean_ids.txt:mimo_instance_id=arvo_42488057,cyber:leptonica,leptonica,arvo_26268,library/task-variants/mimo-v2.6-rl__arvo_42488057/63532037c54a.json
arvo_42488087,discard,"discard: bogus crash target (ABRT in LLVMFuzzerInitialize, a fuzzer entry point, not a real crash)",inputs/mimo_suspect_specs.csv:mimo_instance_id=arvo_42488087,cyber:wolf-ssl-ssh-fuzzers,wolf-ssl-ssh-fuzzers,,
arvo_42488143,exclude_train,"exclude_train: shares CyberGym test-set bug 42488143 (exact match to arvo:26345); train-on-test risk, eval-only",inputs/overlap.csv:canonical_bug_id=42488143;inputs/mimo_duplicates.csv:canonical_bug_id=42488143,cyber:fluent-bit,fluent-bit,arvo_26345,
arvo_42488300,keep,"keep: no CyberGym/SEC-bench overlap, not a suspect spec, not a duplicate",inputs/mimo_cyber_clean_ids.txt:mimo_instance_id=arvo_42488300,cyber:ffmpeg,ffmpeg,,library/task-variants/mimo-v2.6-rl__arvo_42488300/d9c558ffbfb7.json
arvo_42488327,keep,"keep: no CyberGym/SEC-bench overlap, not a suspect spec, not a duplicate",inputs/mimo_cyber_clean_ids.txt:mimo_instance_id=arvo_42488327,cyber:ffmpeg,ffmpeg,,library/task-variants/mimo-v2.6-rl__arvo_42488327/7202f907792d.json
arvo_42488351,keep,"keep: no CyberGym/SEC-bench overlap, not a suspect spec, not a duplicate",inputs/mimo_cyber_clean_ids.txt:mimo_instance_id=arvo_42488351,cyber:ffmpeg,ffmpeg,,library/task-variants/mimo-v2.6-rl__arvo_42488351/c8e0cd257354.json
arvo_42488508,discard,"discard: duplicate of arvo_26674 (identical prompt, same bug 42488508); kept arvo_26674",inputs/mimo_duplicates.csv:canonical_bug_id=42488508,cyber:libass,libass,arvo_26674,
arvo_42488517,exclude_train,"exclude_train: shares CyberGym test-set bug 42488517 (translated match to arvo:26682); train-on-test risk, eval-only",inputs/overlap.csv:canonical_bug_id=42488517,cyber:miniz,miniz,,
arvo_42488579,keep,"keep: no CyberGym/SEC-bench overlap, not a suspect spec, not a duplicate",inputs/mimo_cyber_clean_ids.txt:mimo_instance_id=arvo_42488579,cyber:mupdf,mupdf,,library/task-variants/mimo-v2.6-rl__arvo_42488579/9908b8e51e34.json
arvo_42488760,keep,"keep: no CyberGym/SEC-bench overlap, not a suspect spec, not a duplicate",inputs/mimo_cyber_clean_ids.txt:mimo_instance_id=arvo_42488760,cyber:opensc,opensc,arvo_26900,library/task-variants/mimo-v2.6-rl__arvo_42488760/6bf7ebb68f93.json
arvo_42488825,keep,"keep: no CyberGym/SEC-bench overlap, not a suspect spec, not a duplicate",inputs/mimo_cyber_clean_ids.txt:mimo_instance_id=arvo_42488825,cyber:gdal,gdal,,library/task-variants/mimo-v2.6-rl__arvo_42488825/bf4664d4a8cc.json
arvo_42488833,keep,"keep: no CyberGym/SEC-bench overlap, not a suspect spec, not a duplicate",inputs/mimo_cyber_clean_ids.txt:mimo_instance_id=arvo_42488833,cyber:leptonica,leptonica,,library/task-variants/mimo-v2.6-rl__arvo_42488833/a6bd7f736bc7.json
arvo_42489180,exclude_train,"exclude_train: shares CyberGym test-set bug 42489180 (exact match to arvo:27279); train-on-test risk, eval-only",inputs/overlap.csv:canonical_bug_id=42489180;inputs/mimo_duplicates.csv:canonical_bug_id=42489180,cyber:fluent-bit,fluent-bit,arvo_27279,
arvo_42489330,exclude_train,"exclude_train: shares CyberGym test-set bug 42489330 (exact match to arvo:27413); train-on-test risk, eval-only",inputs/overlap.csv:canonical_bug_id=42489330;inputs/mimo_duplicates.csv:canonical_bug_id=42489330,cyber:miniz,miniz,arvo_27413,
arvo_42489353,keep,"keep: no CyberGym/SEC-bench overlap, not a suspect spec, not a duplicate",inputs/mimo_cyber_clean_ids.txt:mimo_instance_id=arvo_42489353,cyber:ffmpeg,ffmpeg,,library/task-variants/mimo-v2.6-rl__arvo_42489353/110ea4e9d7bc.json
arvo_42489660,exclude_train,"exclude_train: shares CyberGym test-set bug 42489660 (exact match to arvo:27710); train-on-test risk, eval-only",inputs/overlap.csv:canonical_bug_id=42489660;inputs/mimo_duplicates.csv:canonical_bug_id=42489660,cyber:fluent-bit,fluent-bit,arvo_27710,
arvo_42489777,exclude_train,"exclude_train: shares CyberGym test-set bug 42489777 (translated match to arvo:27816); train-on-test risk, eval-only",inputs/overlap.csv:canonical_bug_id=42489777,cyber:c-blosc2,c-blosc2,,
arvo_42489817,discard,"discard: duplicate of arvo_27852 (identical prompt, same bug 42489817); kept arvo_27852",inputs/mimo_duplicates.csv:canonical_bug_id=42489817,cyber:libjpeg-turbo,libjpeg-turbo,arvo_27852,
arvo_42489910,exclude_train,"exclude_train: shares CyberGym test-set bug 42489910 (translated match to arvo:27936); train-on-test risk, eval-only",inputs/overlap.csv:canonical_bug_id=42489910,cyber:libjpeg-turbo,libjpeg-turbo,,
arvo_42490006,keep,"keep: no CyberGym/SEC-bench overlap, not a suspect spec, not a duplicate",inputs/mimo_cyber_clean_ids.txt:mimo_instance_id=arvo_42490006,cyber:libjpeg-turbo,libjpeg-turbo,arvo_28021,library/task-variants/mimo-v2.6-rl__arvo_42490006/a0d92554aecb.json
arvo_42490053,exclude_train,"exclude_train: shares CyberGym test-set bug 42490053 (translated match to arvo:28064); train-on-test risk, eval-only",inputs/overlap.csv:canonical_bug_id=42490053,cyber:libjpeg-turbo,libjpeg-turbo,,
arvo_42490091,keep,"keep: no CyberGym/SEC-bench overlap, not a suspect spec, not a duplicate",inputs/mimo_cyber_clean_ids.txt:mimo_instance_id=arvo_42490091,cyber:libjpeg-turbo,libjpeg-turbo,,library/task-variants/mimo-v2.6-rl__arvo_42490091/e045af5cf05c.json
arvo_42490119,discard,"discard: duplicate of arvo_28123 (identical prompt, same bug 42490119); kept arvo_28123",inputs/mimo_duplicates.csv:canonical_bug_id=42490119,cyber:libjpeg-turbo,libjpeg-turbo,arvo_28123,
arvo_42490142,keep,"keep: no CyberGym/SEC-bench overlap, not a suspect spec, not a duplicate",inputs/mimo_cyber_clean_ids.txt:mimo_instance_id=arvo_42490142,cyber:uWebSockets,uWebSockets,,library/task-variants/mimo-v2.6-rl__arvo_42490142/f9005004627c.json
arvo_42490508,discard,"discard: duplicate of arvo_28474 (identical prompt, same bug 42490508); kept arvo_28474",inputs/mimo_duplicates.csv:canonical_bug_id=42490508,cyber:mongoose,mongoose,arvo_28474,
arvo_42490552,keep,"keep: no CyberGym/SEC-bench overlap, not a suspect spec, not a duplicate",inputs/mimo_cyber_clean_ids.txt:mimo_instance_id=arvo_42490552,cyber:selinux,selinux,arvo_28513,library/task-variants/mimo-v2.6-rl__arvo_42490552/1504e0171af3.json
arvo_42490708,exclude_train,"exclude_train: shares CyberGym test-set bug 42490708 (translated match to arvo:28654); train-on-test risk, eval-only",inputs/overlap.csv:canonical_bug_id=42490708,cyber:selinux,selinux,,
arvo_42490732,keep,"keep: no CyberGym/SEC-bench overlap, not a suspect spec, not a duplicate",inputs/mimo_cyber_clean_ids.txt:mimo_instance_id=arvo_42490732,cyber:curl,curl,,library/task-variants/mimo-v2.6-rl__arvo_42490732/d04143586558.json
arvo_42490855,keep,"keep: no CyberGym/SEC-bench overlap, not a suspect spec, not a duplicate",inputs/mimo_cyber_clean_ids.txt:mimo_instance_id=arvo_42490855,cyber:mdbtools,mdbtools,,library/task-variants/mimo-v2.6-rl__arvo_42490855/85b7bc3508d9.json
arvo_42491208,discard,"discard: bogus crash target (ABRT in LLVMFuzzerInitialize, a fuzzer entry point, not a real crash); also shares CyberGym test-set bug 42491208",inputs/mimo_suspect_specs.csv:mimo_instance_id=arvo_42491208;inputs/overlap.csv:canonical_bug_id=42491208,cyber:wolf-ssl-ssh-fuzzers,wolf-ssl-ssh-fuzzers,,
arvo_42491389,exclude_train,"exclude_train: shares CyberGym test-set bug 42491389 (translated match to arvo:29267); train-on-test risk, eval-only",inputs/overlap.csv:canonical_bug_id=42491389,cyber:serenity,serenity,,
arvo_42491458,discard,"discard: duplicate of arvo_29329 (identical prompt, same bug 42491458); kept arvo_29329",inputs/mimo_duplicates.csv:canonical_bug_id=42491458,cyber:mdbtools,mdbtools,arvo_29329,
arvo_42491468,exclude_train,"exclude_train: shares CyberGym test-set bug 42491468 (translated match to arvo:29338); train-on-test risk, eval-only",inputs/overlap.csv:canonical_bug_id=42491468,cyber:serenity,serenity,,
arvo_42491638,discard,"discard: duplicate of arvo_29491 (identical prompt, same bug 42491638); kept arvo_29491",inputs/mimo_duplicates.csv:canonical_bug_id=42491638,cyber:hdf5-1.12.0,hdf5-1.12.0,arvo_29491,
arvo_42491667,keep,"keep: no CyberGym/SEC-bench overlap, not a suspect spec, not a duplicate",inputs/mimo_cyber_clean_ids.txt:mimo_instance_id=arvo_42491667,cyber:hdf5-1.12.0,hdf5-1.12.0,,library/task-variants/mimo-v2.6-rl__arvo_42491667/3951ba4d0f79.json
arvo_42491719,exclude_train,"exclude_train: shares CyberGym test-set bug 42491719 (exact match to arvo:29564); train-on-test risk, eval-only",inputs/overlap.csv:canonical_bug_id=42491719;inputs/mimo_duplicates.csv:canonical_bug_id=42491719,cyber:fio,fio,arvo_29564,
arvo_42491796,exclude_train,"exclude_train: shares CyberGym test-set bug 42491796 (exact match to arvo:29633); train-on-test risk, eval-only",inputs/overlap.csv:canonical_bug_id=42491796;inputs/mimo_duplicates.csv:canonical_bug_id=42491796,cyber:fio,fio,arvo_29633,
arvo_42491876,keep,"keep: no CyberGym/SEC-bench overlap, not a suspect spec, not a duplicate",inputs/mimo_cyber_clean_ids.txt:mimo_instance_id=arvo_42491876,cyber:c-blosc2,c-blosc2,,library/task-variants/mimo-v2.6-rl__arvo_42491876/c649083d1375.json
arvo_42491946,exclude_train,"exclude_train: shares CyberGym test-set bug 42491946 (translated match to arvo:29769); train-on-test risk, eval-only",inputs/overlap.csv:canonical_bug_id=42491946,cyber:libssh2,libssh2,,
arvo_42491972,keep,"keep: no CyberGym/SEC-bench overlap, not a suspect spec, not a duplicate",inputs/mimo_cyber_clean_ids.txt:mimo_instance_id=arvo_42491972,cyber:htslib,htslib,arvo_29792,library/task-variants/mimo-v2.6-rl__arvo_42491972/58fb2967ee6b.json
arvo_42491975,keep,"keep: no CyberGym/SEC-bench overlap, not a suspect spec, not a duplicate",inputs/mimo_cyber_clean_ids.txt:mimo_instance_id=arvo_42491975,cyber:htslib,htslib,,library/task-variants/mimo-v2.6-rl__arvo_42491975/b8b0af490aad.json
arvo_42492002,discard,"discard: duplicate of arvo_29819 (identical prompt, same bug 42492002); kept arvo_29819",inputs/mimo_duplicates.csv:canonical_bug_id=42492002,cyber:leptonica,leptonica,arvo_29819,
arvo_42492144,keep,"keep: no CyberGym/SEC-bench overlap, not a suspect spec, not a duplicate",inputs/mimo_cyber_clean_ids.txt:mimo_instance_id=arvo_42492144,cyber:c-blosc2,c-blosc2,,library/task-variants/mimo-v2.6-rl__arvo_42492144/25128190d6a9.json
arvo_42492173,keep,"keep: no CyberGym/SEC-bench overlap, not a suspect spec, not a duplicate",inputs/mimo_cyber_clean_ids.txt:mimo_instance_id=arvo_42492173,cyber:c-blosc2,c-blosc2,,library/task-variants/mimo-v2.6-rl__arvo_42492173/e2cc99e5a152.json
arvo_42492331,exclude_train,"exclude_train: shares CyberGym test-set bug 42492331 (translated match to arvo:30113); train-on-test risk, eval-only",inputs/overlap.csv:canonical_bug_id=42492331,cyber:c-blosc2,c-blosc2,,
arvo_42492465,exclude_train,"exclude_train: shares CyberGym test-set bug 42492465 (exact match to arvo:30234); train-on-test risk, eval-only",inputs/overlap.csv:canonical_bug_id=42492465;inputs/mimo_duplicates.csv:canonical_bug_id=42492465,cyber:selinux,selinux,arvo_30234,
arvo_42492610,discard,"discard: duplicate of arvo_30365 (identical prompt, same bug 42492610); kept arvo_30365",inputs/mimo_duplicates.csv:canonical_bug_id=42492610,cyber:serenity,serenity,arvo_30365,
arvo_42492641,keep,"keep: no CyberGym/SEC-bench overlap, not a suspect spec, not a duplicate",inputs/mimo_cyber_clean_ids.txt:mimo_instance_id=arvo_42492641,cyber:ndpi,ndpi,,library/task-variants/mimo-v2.6-rl__arvo_42492641/880e136bc944.json
arvo_42492676,keep,"keep: no CyberGym/SEC-bench overlap, not a suspect spec, not a duplicate",inputs/mimo_cyber_clean_ids.txt:mimo_instance_id=arvo_42492676,cyber:serenity,serenity,,library/task-variants/mimo-v2.6-rl__arvo_42492676/f97a502642c5.json
arvo_42492762,discard,"discard: duplicate of arvo_30501 (identical prompt, same bug 42492762); kept arvo_30501",inputs/mimo_duplicates.csv:canonical_bug_id=42492762,cyber:serenity,serenity,arvo_30501,
arvo_42492768,exclude_train,"exclude_train: shares CyberGym test-set bug 42492768 (translated match to arvo:30507); train-on-test risk, eval-only",inputs/overlap.csv:canonical_bug_id=42492768,cyber:serenity,serenity,,
arvo_42492801,discard,"discard: duplicate of arvo_30537 (identical prompt, same bug 42492801); kept arvo_30537",inputs/mimo_duplicates.csv:canonical_bug_id=42492801,cyber:relic,relic,arvo_30537,
arvo_42493084,keep,"keep: no CyberGym/SEC-bench overlap, not a suspect spec, not a duplicate",inputs/mimo_cyber_clean_ids.txt:mimo_instance_id=arvo_42493084,cyber:wabt,wabt,arvo_30792,library/task-variants/mimo-v2.6-rl__arvo_42493084/6a5450ac029d.json
arvo_42493261,keep,"keep: no CyberGym/SEC-bench overlap, not a suspect spec, not a duplicate",inputs/mimo_cyber_clean_ids.txt:mimo_instance_id=arvo_42493261,cyber:uWebSockets,uWebSockets,arvo_30951,library/task-variants/mimo-v2.6-rl__arvo_42493261/4561254f30fb.json
arvo_42493368,keep,"keep: no CyberGym/SEC-bench overlap, not a suspect spec, not a duplicate",inputs/mimo_cyber_clean_ids.txt:mimo_instance_id=arvo_42493368,cyber:uWebSockets,uWebSockets,,library/task-variants/mimo-v2.6-rl__arvo_42493368/0500312ed618.json
arvo_42493692,keep,"keep: no CyberGym/SEC-bench overlap, not a suspect spec, not a duplicate",inputs/mimo_cyber_clean_ids.txt:mimo_instance_id=arvo_42493692,cyber:libiec61850,libiec61850,,library/task-variants/mimo-v2.6-rl__arvo_42493692/14c7e168ab69.json
arvo_42493861,exclude_train,"exclude_train: shares CyberGym test-set bug 42493861 (exact match to arvo:31491); train-on-test risk, eval-only",inputs/overlap.csv:canonical_bug_id=42493861;inputs/mimo_duplicates.csv:canonical_bug_id=42493861,cyber:irssi,irssi,arvo_31491,
arvo_42494198,keep,"keep: no CyberGym/SEC-bench overlap, not a suspect spec, not a duplicate",inputs/mimo_cyber_clean_ids.txt:mimo_instance_id=arvo_42494198,cyber:assimp,assimp,,library/task-variants/mimo-v2.6-rl__arvo_42494198/87736a393795.json
arvo_42494556,keep,"keep: no CyberGym/SEC-bench overlap, not a suspect spec, not a duplicate",inputs/mimo_cyber_clean_ids.txt:mimo_instance_id=arvo_42494556,cyber:ffmpeg,ffmpeg,,library/task-variants/mimo-v2.6-rl__arvo_42494556/695c1ce8d995.json
arvo_42494585,discard,"discard: bogus crash target (ABRT in LLVMFuzzerInitialize, a fuzzer entry point, not a real crash)",inputs/mimo_suspect_specs.csv:mimo_instance_id=arvo_42494585,cyber:tesseract,tesseract,arvo_32142,
arvo_42494837,keep,"keep: no CyberGym/SEC-bench overlap, not a suspect spec, not a duplicate",inputs/mimo_cyber_clean_ids.txt:mimo_instance_id=arvo_42494837,cyber:expat,expat,arvo_3237,library/task-variants/mimo-v2.6-rl__arvo_42494837/d2b6784336f4.json
arvo_42494962,exclude_train,"exclude_train: shares CyberGym test-set bug 42494962 (translated match to arvo:32482); train-on-test risk, eval-only",inputs/overlap.csv:canonical_bug_id=42494962,cyber:lxc,lxc,,
arvo_42494963,discard,"discard: duplicate of arvo_32483 (identical prompt, same bug 42494963); kept arvo_32483",inputs/mimo_duplicates.csv:canonical_bug_id=42494963,cyber:lxc,lxc,arvo_32483,
arvo_42495043,exclude_train,"exclude_train: shares CyberGym test-set bug 42495043 (translated match to arvo:32555); train-on-test risk, eval-only",inputs/overlap.csv:canonical_bug_id=42495043,cyber:harfbuzz,harfbuzz,,
arvo_42495497,keep,"keep: no CyberGym/SEC-bench overlap, not a suspect spec, not a duplicate",inputs/mimo_cyber_clean_ids.txt:mimo_instance_id=arvo_42495497,cyber:libjpeg-turbo,libjpeg-turbo,,library/task-variants/mimo-v2.6-rl__arvo_42495497/d0a64c568f89.json
arvo_42495624,exclude_train,"exclude_train: shares SEC-bench bug wasm3.ossfuzz-42495624 (oss, plain issue ID, function_and_type); train-on-test risk for SEC-bench, eval-only",inputs/mimo_secbench.csv:secbench_instance_id=wasm3.ossfuzz-42495624;inputs/mimo_duplicates.csv:canonical_bug_id=42495624,cyber:wasm3,wasm3,arvo_33078,
arvo_42495681,keep,"keep: no CyberGym/SEC-bench overlap, not a suspect spec, not a duplicate",inputs/mimo_cyber_clean_ids.txt:mimo_instance_id=arvo_42495681,cyber:gpac,gpac,arvo_33129,library/task-variants/mimo-v2.6-rl__arvo_42495681/7013e4e22ca4.json
arvo_42495949,discard,"discard: duplicate of arvo_33370 (identical prompt, same bug 42495949); kept arvo_33370",inputs/mimo_duplicates.csv:canonical_bug_id=42495949,cyber:imagemagick,imagemagick,arvo_33370,
arvo_42496326,exclude_train,"exclude_train: shares CyberGym test-set bug 42496326 (translated match to arvo:3371); train-on-test risk, eval-only",inputs/overlap.csv:canonical_bug_id=42496326,cyber:librawspeed,librawspeed,,
arvo_42496599,keep,"keep: no CyberGym/SEC-bench overlap, not a suspect spec, not a duplicate",inputs/mimo_cyber_clean_ids.txt:mimo_instance_id=arvo_42496599,cyber:zstd,zstd,,library/task-variants/mimo-v2.6-rl__arvo_42496599/d119f218e36c.json
arvo_42496802,exclude_train,"exclude_train: shares CyberGym test-set bug 42496802 (translated match to arvo:34138); train-on-test risk, eval-only; also shares SEC-bench bug (inputs/mimo_secbench.csv:secbench_instance_id=libxml2.ossfuzz-42496802)",inputs/overlap.csv:canonical_bug_id=42496802;inputs/mimo_secbench.csv:secbench_instance_id=libxml2.ossfuzz-42496802,cyber:libxml2,libxml2,,
arvo_42496870,keep,"keep: no CyberGym/SEC-bench overlap, not a suspect spec, not a duplicate",inputs/mimo_cyber_clean_ids.txt:mimo_instance_id=arvo_42496870,cyber:json,json,,library/task-variants/mimo-v2.6-rl__arvo_42496870/28ff68a30381.json
arvo_42497715,keep,"keep: no CyberGym/SEC-bench overlap, not a suspect spec, not a duplicate",inputs/mimo_cyber_clean_ids.txt:mimo_instance_id=arvo_42497715,cyber:fluent-bit,fluent-bit,arvo_34960,library/task-variants/mimo-v2.6-rl__arvo_42497715/bc6a12166410.json
arvo_42497725,exclude_train,"exclude_train: shares CyberGym test-set bug 42497725 (translated match to arvo:3497); train-on-test risk, eval-only",inputs/overlap.csv:canonical_bug_id=42497725,cyber:librawspeed,librawspeed,,
arvo_42497737,keep,"keep: no CyberGym/SEC-bench overlap, not a suspect spec, not a duplicate",inputs/mimo_cyber_clean_ids.txt:mimo_instance_id=arvo_42497737,cyber:Simd,Simd,,library/task-variants/mimo-v2.6-rl__arvo_42497737/3854461d72a1.json
arvo_42497943,exclude_train,"exclude_train: shares CyberGym test-set bug 42497943 (exact match to arvo:35165); train-on-test risk, eval-only",inputs/overlap.csv:canonical_bug_id=42497943;inputs/mimo_duplicates.csv:canonical_bug_id=42497943,cyber:binutils-gdb,binutils-gdb,arvo_35165,
arvo_42498216,discard,"discard: bogus crash target (ABRT in LLVMFuzzerInitialize, a fuzzer entry point, not a real crash); also shares CyberGym test-set bug 42498216",inputs/mimo_suspect_specs.csv:mimo_instance_id=arvo_42498216;inputs/overlap.csv:canonical_bug_id=42498216;inputs/mimo_duplicates.csv:canonical_bug_id=42498216,cyber:wolf-ssl-ssh-fuzzers,wolf-ssl-ssh-fuzzers,arvo_35410,
arvo_42498471,keep,"keep: no CyberGym/SEC-bench overlap, not a suspect spec, not a duplicate",inputs/mimo_cyber_clean_ids.txt:mimo_instance_id=arvo_42498471,cyber:pcl,pcl,arvo_35640,library/task-variants/mimo-v2.6-rl__arvo_42498471/d344747b4afe.json
arvo_42498525,exclude_train,"exclude_train: shares CyberGym test-set bug 42498525 (exact match to arvo:3569); train-on-test risk, eval-only",inputs/overlap.csv:canonical_bug_id=42498525;inputs/mimo_duplicates.csv:canonical_bug_id=42498525,cyber:proj.4,proj.4,arvo_3569,
arvo_42498653,keep,"keep: no CyberGym/SEC-bench overlap, not a suspect spec, not a duplicate",inputs/mimo_cyber_clean_ids.txt:mimo_instance_id=arvo_42498653,cyber:assimp,assimp,,library/task-variants/mimo-v2.6-rl__arvo_42498653/b92085927714.json
arvo_42498712,discard,"discard: duplicate of arvo_35858 (identical prompt, same bug 42498712); kept arvo_35858",inputs/mimo_duplicates.csv:canonical_bug_id=42498712,cyber:dnsmasq,dnsmasq,arvo_35858,
arvo_42498720,discard,"discard: duplicate of arvo_35865 (identical prompt, same bug 42498720); kept arvo_35865",inputs/mimo_duplicates.csv:canonical_bug_id=42498720,cyber:dnsmasq,dnsmasq,arvo_35865,
arvo_42498762,exclude_train,"exclude_train: shares CyberGym test-set bug 42498762 (translated match to arvo:35902); train-on-test risk, eval-only",inputs/overlap.csv:canonical_bug_id=42498762,cyber:h3,h3,,
arvo_42498884,keep,"keep: no CyberGym/SEC-bench overlap, not a suspect spec, not a duplicate",inputs/mimo_cyber_clean_ids.txt:mimo_instance_id=arvo_42498884,cyber:fluent-bit,fluent-bit,,library/task-variants/mimo-v2.6-rl__arvo_42498884/89460bd7d86c.json
arvo_42499081,keep,"keep: no CyberGym/SEC-bench overlap, not a suspect spec, not a duplicate",inputs/mimo_cyber_clean_ids.txt:mimo_instance_id=arvo_42499081,cyber:proj.4,proj.4,,library/task-variants/mimo-v2.6-rl__arvo_42499081/aebabebaf923.json
arvo_42499204,exclude_train,"exclude_train: shares CyberGym test-set bug 42499204 (exact match to arvo:3630); train-on-test risk, eval-only",inputs/overlap.csv:canonical_bug_id=42499204;inputs/mimo_duplicates.csv:canonical_bug_id=42499204,cyber:proj.4,proj.4,arvo_3630,
arvo_42499607,discard,"discard: duplicate of arvo_36663 (identical prompt, same bug 42499607); kept arvo_36663",inputs/mimo_duplicates.csv:canonical_bug_id=42499607,cyber:pcl,pcl,arvo_36663,
arvo_42499700,keep,"keep: no CyberGym/SEC-bench overlap, not a suspect spec, not a duplicate",inputs/mimo_cyber_clean_ids.txt:mimo_instance_id=arvo_42499700,cyber:httpd,httpd,,library/task-variants/mimo-v2.6-rl__arvo_42499700/a0887485517a.json
arvo_42499883,exclude_train,"exclude_train: shares CyberGym test-set bug 42499883 (translated match to arvo:36911); train-on-test risk, eval-only",inputs/overlap.csv:canonical_bug_id=42499883,cyber:harfbuzz,harfbuzz,,
arvo_42500027,discard,"discard: duplicate of arvo_37041 (identical prompt, same bug 42500027); kept arvo_37041",inputs/mimo_duplicates.csv:canonical_bug_id=42500027,cyber:pcl,pcl,arvo_37041,
arvo_42501146,exclude_train,"exclude_train: shares CyberGym test-set bug 42501146 (translated match to arvo:38050); train-on-test risk, eval-only",inputs/overlap.csv:canonical_bug_id=42501146,cyber:kamailio,kamailio,,
arvo_42501252,keep,"keep: no CyberGym/SEC-bench overlap, not a suspect spec, not a duplicate",inputs/mimo_cyber_clean_ids.txt:mimo_instance_id=arvo_42501252,cyber:wolfmqtt,wolfmqtt,,library/task-variants/mimo-v2.6-rl__arvo_42501252/9ad71aca1047.json
arvo_42501289,exclude_train,"exclude_train: shares CyberGym test-set bug 42501289 (exact match to arvo:3818); train-on-test risk, eval-only",inputs/overlap.csv:canonical_bug_id=42501289;inputs/mimo_duplicates.csv:canonical_bug_id=42501289,cyber:librawspeed,librawspeed,arvo_3818,
arvo_42501527,keep,"keep: no CyberGym/SEC-bench overlap, not a suspect spec, not a duplicate",inputs/mimo_cyber_clean_ids.txt:mimo_instance_id=arvo_42501527,cyber:stb,stb,arvo_38394,library/task-variants/mimo-v2.6-rl__arvo_42501527/16cee2ecf768.json
arvo_42501952,keep,"keep: no CyberGym/SEC-bench overlap, not a suspect spec, not a duplicate",inputs/mimo_cyber_clean_ids.txt:mimo_instance_id=arvo_42501952,cyber:flatbuffers,flatbuffers,arvo_38778,library/task-variants/mimo-v2.6-rl__arvo_42501952/cb2918c5eae3.json
arvo_42501979,keep,"keep: no CyberGym/SEC-bench overlap, not a suspect spec, not a duplicate",inputs/mimo_cyber_clean_ids.txt:mimo_instance_id=arvo_42501979,cyber:simdjson,simdjson,arvo_38801,library/task-variants/mimo-v2.6-rl__arvo_42501979/17eb161bf118.json
arvo_42501986,keep,"keep: no CyberGym/SEC-bench overlap, not a suspect spec, not a duplicate",inputs/mimo_cyber_clean_ids.txt:mimo_instance_id=arvo_42501986,cyber:simdjson,simdjson,,library/task-variants/mimo-v2.6-rl__arvo_42501986/e43c9c372dec.json
arvo_42502004,keep,"keep: no CyberGym/SEC-bench overlap, not a suspect spec, not a duplicate",inputs/mimo_cyber_clean_ids.txt:mimo_instance_id=arvo_42502004,cyber:simdjson,simdjson,,library/task-variants/mimo-v2.6-rl__arvo_42502004/8836aee61d12.json
arvo_42502006,keep,"keep: no CyberGym/SEC-bench overlap, not a suspect spec, not a duplicate",inputs/mimo_cyber_clean_ids.txt:mimo_instance_id=arvo_42502006,cyber:flatbuffers,flatbuffers,,library/task-variants/mimo-v2.6-rl__arvo_42502006/32a246b5539b.json
arvo_42502055,exclude_train,"exclude_train: shares CyberGym test-set bug 42502055 (exact match to arvo:38870); train-on-test risk, eval-only",inputs/overlap.csv:canonical_bug_id=42502055;inputs/mimo_duplicates.csv:canonical_bug_id=42502055,cyber:assimp,assimp,arvo_38870,
arvo_42502594,keep,"keep: no CyberGym/SEC-bench overlap, not a suspect spec, not a duplicate",inputs/mimo_cyber_clean_ids.txt:mimo_instance_id=arvo_42502594,cyber:uWebSockets,uWebSockets,,library/task-variants/mimo-v2.6-rl__arvo_42502594/19d8e306dc30.json
arvo_42502644,exclude_train,"exclude_train: shares CyberGym test-set bug 42502644 (translated match to arvo:3940); train-on-test risk, eval-only",inputs/overlap.csv:canonical_bug_id=42502644,cyber:proj.4,proj.4,,
arvo_42502685,discard,"discard: duplicate of arvo_39438 (identical prompt, same bug 42502685); kept arvo_39438",inputs/mimo_duplicates.csv:canonical_bug_id=42502685,cyber:pcl,pcl,arvo_39438,
arvo_42502750,discard,"discard: bogus crash target (ABRT in LLVMFuzzerInitialize, a fuzzer entry point, not a real crash)",inputs/mimo_suspect_specs.csv:mimo_instance_id=arvo_42502750,cyber:php-src,php-src,,
arvo_42503,discard,"discard: bogus crash target (ABRT in LLVMFuzzerInitialize, a fuzzer entry point, not a real crash)",inputs/mimo_suspect_specs.csv:mimo_instance_id=arvo_42503,cyber:php-src,php-src,,
arvo_42503059,discard,"discard: bogus crash target (ABRT in LLVMFuzzerInitialize, a fuzzer entry point, not a real crash)",inputs/mimo_suspect_specs.csv:mimo_instance_id=arvo_42503059,cyber:php-src,php-src,,
arvo_42503090,exclude_train,"exclude_train: shares CyberGym test-set bug 42503090 (exact match to arvo:39802); train-on-test risk, eval-only",inputs/overlap.csv:canonical_bug_id=42503090;inputs/mimo_duplicates.csv:canonical_bug_id=42503090,cyber:opensips,opensips,arvo_39802,
arvo_42503375,discard,"discard: duplicate of arvo_40058 (identical prompt, same bug 42503375); kept arvo_40058",inputs/mimo_duplicates.csv:canonical_bug_id=42503375,cyber:pcl,pcl,arvo_40058,
arvo_42503442,discard,"discard: duplicate of arvo_40118 (identical prompt, same bug 42503442); kept arvo_40118",inputs/mimo_duplicates.csv:canonical_bug_id=42503442,cyber:freeradius-server,freeradius-server,arvo_40118,
arvo_42503652,keep,"keep: no CyberGym/SEC-bench overlap, not a suspect spec, not a duplicate",inputs/mimo_cyber_clean_ids.txt:mimo_instance_id=arvo_42503652,cyber:serenity,serenity,,library/task-variants/mimo-v2.6-rl__arvo_42503652/e82fdf760493.json
arvo_42503826,discard,"discard: bogus crash target (ABRT in LLVMFuzzerInitialize, a fuzzer entry point, not a real crash)",inputs/mimo_suspect_specs.csv:mimo_instance_id=arvo_42503826,cyber:php-src,php-src,,
arvo_42503978,keep,"keep: no CyberGym/SEC-bench overlap, not a suspect spec, not a duplicate",inputs/mimo_cyber_clean_ids.txt:mimo_instance_id=arvo_42503978,cyber:freeradius-server,freeradius-server,,library/task-variants/mimo-v2.6-rl__arvo_42503978/260712f1123c.json
arvo_42504520,keep,"keep: no CyberGym/SEC-bench overlap, not a suspect spec, not a duplicate",inputs/mimo_cyber_clean_ids.txt:mimo_instance_id=arvo_42504520,cyber:njs,njs,,library/task-variants/mimo-v2.6-rl__arvo_42504520/72f48d8ef841.json
arvo_42504591,keep,"keep: no CyberGym/SEC-bench overlap, not a suspect spec, not a duplicate",inputs/mimo_cyber_clean_ids.txt:mimo_instance_id=arvo_42504591,cyber:pcl,pcl,,library/task-variants/mimo-v2.6-rl__arvo_42504591/0fcdaa572c7e.json
arvo_42505705,discard,"discard: bogus crash target (ABRT in LLVMFuzzerInitialize, a fuzzer entry point, not a real crash)",inputs/mimo_suspect_specs.csv:mimo_instance_id=arvo_42505705,cyber:php-src,php-src,,
arvo_42505804,keep,"keep: no CyberGym/SEC-bench overlap, not a suspect spec, not a duplicate",inputs/mimo_cyber_clean_ids.txt:mimo_instance_id=arvo_42505804,cyber:flatbuffers,flatbuffers,arvo_42244,library/task-variants/mimo-v2.6-rl__arvo_42505804/123e7f331fe8.json
arvo_42505828,keep,"keep: no CyberGym/SEC-bench overlap, not a suspect spec, not a duplicate",inputs/mimo_cyber_clean_ids.txt:mimo_instance_id=arvo_42505828,cyber:ghostpdl,ghostpdl,,library/task-variants/mimo-v2.6-rl__arvo_42505828/1bd414ac0717.json
arvo_42506044,keep,"keep: no CyberGym/SEC-bench overlap, not a suspect spec, not a duplicate",inputs/mimo_cyber_clean_ids.txt:mimo_instance_id=arvo_42506044,cyber:ghostpdl,ghostpdl,,library/task-variants/mimo-v2.6-rl__arvo_42506044/5fa879f4f5e3.json
arvo_42506064,exclude_train,"exclude_train: shares CyberGym test-set bug 42506064 (exact match to arvo:42479); train-on-test risk, eval-only",inputs/overlap.csv:canonical_bug_id=42506064;inputs/mimo_duplicates.csv:canonical_bug_id=42506064,cyber:ghostpdl,ghostpdl,arvo_42479,
arvo_42506121,keep,"keep: no CyberGym/SEC-bench overlap, not a suspect spec, not a duplicate",inputs/mimo_cyber_clean_ids.txt:mimo_instance_id=arvo_42506121,cyber:librawspeed,librawspeed,,library/task-variants/mimo-v2.6-rl__arvo_42506121/82aa08e15330.json
arvo_42506130,exclude_train,"exclude_train: shares CyberGym test-set bug 42506130 (exact match to arvo:42538); train-on-test risk, eval-only",inputs/overlap.csv:canonical_bug_id=42506130;inputs/mimo_duplicates.csv:canonical_bug_id=42506130,cyber:glib,glib,arvo_42538,
arvo_42506332,keep,"keep: no CyberGym/SEC-bench overlap, not a suspect spec, not a duplicate",inputs/mimo_cyber_clean_ids.txt:mimo_instance_id=arvo_42506332,cyber:unrar,unrar,,library/task-variants/mimo-v2.6-rl__arvo_42506332/9d2bf8b29e87.json
arvo_42506520,exclude_train,"exclude_train: shares CyberGym test-set bug 42506520 (translated match to arvo:4289); train-on-test risk, eval-only",inputs/overlap.csv:canonical_bug_id=42506520,cyber:librawspeed,librawspeed,,
arvo_42506541,discard,"discard: duplicate of arvo_42908 (identical prompt, same bug 42506541); kept arvo_42908",inputs/mimo_duplicates.csv:canonical_bug_id=42506541,cyber:ghostpdl,ghostpdl,arvo_42908,
arvo_42506705,discard,"discard: bogus crash target (ABRT in LLVMFuzzerInitialize, a fuzzer entry point, not a real crash)",inputs/mimo_suspect_specs.csv:mimo_instance_id=arvo_42506705;inputs/mimo_duplicates.csv:canonical_bug_id=42506705,cyber:php-src,php-src,arvo_43055,
arvo_42506997,keep,"keep: no CyberGym/SEC-bench overlap, not a suspect spec, not a duplicate",inputs/mimo_cyber_clean_ids.txt:mimo_instance_id=arvo_42506997,cyber:imagemagick,imagemagick,,library/task-variants/mimo-v2.6-rl__arvo_42506997/5147263f8266.json
arvo_42507123,keep,"keep: no CyberGym/SEC-bench overlap, not a suspect spec, not a duplicate",inputs/mimo_cyber_clean_ids.txt:mimo_instance_id=arvo_42507123,cyber:imagemagick,imagemagick,,library/task-variants/mimo-v2.6-rl__arvo_42507123/261f8b67cc51.json
arvo_42507126,exclude_train,"exclude_train: shares CyberGym test-set bug 42507126 (translated match to arvo:43434); train-on-test risk, eval-only",inputs/overlap.csv:canonical_bug_id=42507126,cyber:binutils-gdb,binutils-gdb,,
arvo_42507335,keep,"keep: no CyberGym/SEC-bench overlap, not a suspect spec, not a duplicate",inputs/mimo_cyber_clean_ids.txt:mimo_instance_id=arvo_42507335,cyber:lcms,lcms,,library/task-variants/mimo-v2.6-rl__arvo_42507335/25d90f980fd0.json
arvo_42507512,keep,"keep: no CyberGym/SEC-bench overlap, not a suspect spec, not a duplicate",inputs/mimo_cyber_clean_ids.txt:mimo_instance_id=arvo_42507512,cyber:ndpi,ndpi,,library/task-variants/mimo-v2.6-rl__arvo_42507512/c2133aa741a9.json
arvo_42507587,discard,"discard: duplicate of arvo_4385 (identical prompt, same bug 42507587); kept arvo_4385",inputs/mimo_duplicates.csv:canonical_bug_id=42507587,cyber:file,file,arvo_4385,
arvo_42507791,exclude_train,"exclude_train: shares CyberGym test-set bug 42507791 (translated match to arvo:44034); train-on-test risk, eval-only",inputs/overlap.csv:canonical_bug_id=42507791,cyber:ghostpdl,ghostpdl,,
arvo_42507848,discard,"discard: duplicate of arvo_44086 (identical prompt, same bug 42507848); kept arvo_44086",inputs/mimo_duplicates.csv:canonical_bug_id=42507848,cyber:assimp,assimp,arvo_44086,
arvo_42507851,exclude_train,"exclude_train: shares CyberGym test-set bug 42507851 (exact match to arvo:44089); train-on-test risk, eval-only",inputs/overlap.csv:canonical_bug_id=42507851;inputs/mimo_duplicates.csv:canonical_bug_id=42507851,cyber:libplist,libplist,arvo_44089,
arvo_42508319,exclude_train,"exclude_train: shares CyberGym test-set bug 42508319 (exact match to arvo:4451); train-on-test risk, eval-only",inputs/overlap.csv:canonical_bug_id=42508319;inputs/mimo_duplicates.csv:canonical_bug_id=42508319,cyber:librawspeed,librawspeed,arvo_4451,
arvo_42508347,discard,"discard: bogus crash target (ABRT in LLVMFuzzerInitialize, a fuzzer entry point, not a real crash)",inputs/mimo_suspect_specs.csv:mimo_instance_id=arvo_42508347,cyber:php-src,php-src,,
arvo_42508844,exclude_train,"exclude_train: shares CyberGym test-set bug 42508844 (translated match to arvo:44983); train-on-test risk, eval-only",inputs/overlap.csv:canonical_bug_id=42508844,cyber:ghostpdl,ghostpdl,,
arvo_42508904,exclude_train,"exclude_train: shares CyberGym test-set bug 42508904 (translated match to arvo:45036); train-on-test risk, eval-only",inputs/overlap.csv:canonical_bug_id=42508904,cyber:ndpi,ndpi,,
arvo_42508986,exclude_train,"exclude_train: shares CyberGym test-set bug 42508986 (exact match to arvo:4511); train-on-test risk, eval-only",inputs/overlap.csv:canonical_bug_id=42508986;inputs/mimo_duplicates.csv:canonical_bug_id=42508986,cyber:librawspeed,librawspeed,arvo_4511,
arvo_42509666,keep,"keep: no CyberGym/SEC-bench overlap, not a suspect spec, not a duplicate",inputs/mimo_cyber_clean_ids.txt:mimo_instance_id=arvo_42509666,cyber:ffmpeg,ffmpeg,,library/task-variants/mimo-v2.6-rl__arvo_42509666/1da4f61802e7.json
arvo_42509803,keep,"keep: no CyberGym/SEC-bench overlap, not a suspect spec, not a duplicate",inputs/mimo_cyber_clean_ids.txt:mimo_instance_id=arvo_42509803,cyber:ffmpeg,ffmpeg,,library/task-variants/mimo-v2.6-rl__arvo_42509803/3e69bc26996b.json
arvo_42509876,keep,"keep: no CyberGym/SEC-bench overlap, not a suspect spec, not a duplicate",inputs/mimo_cyber_clean_ids.txt:mimo_instance_id=arvo_42509876,cyber:fluent-bit,fluent-bit,,library/task-variants/mimo-v2.6-rl__arvo_42509876/c3bb22132cd1.json
arvo_42510086,keep,"keep: no CyberGym/SEC-bench overlap, not a suspect spec, not a duplicate",inputs/mimo_cyber_clean_ids.txt:mimo_instance_id=arvo_42510086,cyber:unrar,unrar,,library/task-variants/mimo-v2.6-rl__arvo_42510086/6015c334ff05.json
arvo_42511179,exclude_train,"exclude_train: shares CyberGym test-set bug 42511179 (translated match to arvo:47085); train-on-test risk, eval-only",inputs/overlap.csv:canonical_bug_id=42511179,cyber:knot-dns,knot-dns,,
arvo_42511275,keep,"keep: no CyberGym/SEC-bench overlap, not a suspect spec, not a duplicate",inputs/mimo_cyber_clean_ids.txt:mimo_instance_id=arvo_42511275,cyber:assimp,assimp,,library/task-variants/mimo-v2.6-rl__arvo_42511275/6874387d2494.json
arvo_42512082,keep,"keep: no CyberGym/SEC-bench overlap, not a suspect spec, not a duplicate",inputs/mimo_cyber_clean_ids.txt:mimo_instance_id=arvo_42512082,cyber:ffmpeg,ffmpeg,,library/task-variants/mimo-v2.6-rl__arvo_42512082/58e1a9de1b4d.json
arvo_42512179,exclude_train,"exclude_train: shares CyberGym test-set bug 42512179 (translated match to arvo:47986); train-on-test risk, eval-only",inputs/overlap.csv:canonical_bug_id=42512179,cyber:libical,libical,,
arvo_42513157,exclude_train,"exclude_train: shares SEC-bench bug mruby.ossfuzz-42513157 (oss, same fix commit, function_only); mruby.ossfuzz-42513165 (oss, same fix commit, file_only); train-on-test risk for SEC-bench, eval-only",inputs/mimo_secbench.csv:secbench_instance_id=mruby.ossfuzz-42513157;inputs/mimo_secbench.csv:secbench_instance_id=mruby.ossfuzz-42513165,cyber:mruby,mruby,,
arvo_42513200,exclude_train,"exclude_train: shares SEC-bench bug mruby.ossfuzz-42513157 (oss, same fix commit, function_only); mruby.ossfuzz-42513165 (oss, same fix commit, file_only); train-on-test risk for SEC-bench, eval-only",inputs/mimo_secbench.csv:secbench_instance_id=mruby.ossfuzz-42513157;inputs/mimo_secbench.csv:secbench_instance_id=mruby.ossfuzz-42513165;inputs/mimo_duplicates.csv:canonical_bug_id=42513200,cyber:mruby,mruby,arvo_48904,
arvo_42513357,exclude_train,"exclude_train: shares CyberGym test-set bug 42513357 (translated match to arvo:49045); train-on-test risk, eval-only",inputs/overlap.csv:canonical_bug_id=42513357,cyber:mruby,mruby,,
arvo_42513423,keep,"keep: no CyberGym/SEC-bench overlap, not a suspect spec, not a duplicate",inputs/mimo_cyber_clean_ids.txt:mimo_instance_id=arvo_42513423,cyber:imagemagick,imagemagick,,library/task-variants/mimo-v2.6-rl__arvo_42513423/319c73470555.json
arvo_42513776,keep,"keep: no CyberGym/SEC-bench overlap, not a suspect spec, not a duplicate",inputs/mimo_cyber_clean_ids.txt:mimo_instance_id=arvo_42513776,cyber:assimp,assimp,,library/task-variants/mimo-v2.6-rl__arvo_42513776/5507ec006ab5.json
arvo_42513779,keep,"keep: no CyberGym/SEC-bench overlap, not a suspect spec, not a duplicate",inputs/mimo_cyber_clean_ids.txt:mimo_instance_id=arvo_42513779,cyber:mruby,mruby,,library/task-variants/mimo-v2.6-rl__arvo_42513779/4856fd4e43ed.json
arvo_42513782,keep,"keep: no CyberGym/SEC-bench overlap, not a suspect spec, not a duplicate",inputs/mimo_cyber_clean_ids.txt:mimo_instance_id=arvo_42513782,cyber:mruby,mruby,,library/task-variants/mimo-v2.6-rl__arvo_42513782/ab689509ea5c.json
arvo_42514015,exclude_train,"exclude_train: shares CyberGym test-set bug 42514015 (translated match to arvo:49638); train-on-test risk, eval-only",inputs/overlap.csv:canonical_bug_id=42514015,cyber:ndpi,ndpi,,
arvo_42514310,exclude_train,"exclude_train: shares CyberGym test-set bug 42514310 (exact match to arvo:49903); train-on-test risk, eval-only",inputs/overlap.csv:canonical_bug_id=42514310;inputs/mimo_duplicates.csv:canonical_bug_id=42514310,cyber:zlib,zlib,arvo_49903,
arvo_42515690,keep,"keep: no CyberGym/SEC-bench overlap, not a suspect spec, not a duplicate",inputs/mimo_cyber_clean_ids.txt:mimo_instance_id=arvo_42515690,cyber:lcms,lcms,,library/task-variants/mimo-v2.6-rl__arvo_42515690/35602940f101.json
arvo_42515837,keep,"keep: no CyberGym/SEC-bench overlap, not a suspect spec, not a duplicate",inputs/mimo_cyber_clean_ids.txt:mimo_instance_id=arvo_42515837,cyber:fluent-bit,fluent-bit,,library/task-variants/mimo-v2.6-rl__arvo_42515837/3bf2020164ec.json
arvo_42515924,exclude_train,"exclude_train: shares CyberGym test-set bug 42515924 (translated match to arvo:51356); train-on-test risk, eval-only",inputs/overlap.csv:canonical_bug_id=42515924,cyber:h3,h3,,
arvo_42516148,keep,"keep: no CyberGym/SEC-bench overlap, not a suspect spec, not a duplicate",inputs/mimo_cyber_clean_ids.txt:mimo_instance_id=arvo_42516148,cyber:ntpsec,ntpsec,arvo_51558,library/task-variants/mimo-v2.6-rl__arvo_42516148/7ac7554da6a9.json
arvo_42516149,keep,"keep: no CyberGym/SEC-bench overlap, not a suspect spec, not a duplicate",inputs/mimo_cyber_clean_ids.txt:mimo_instance_id=arvo_42516149,cyber:ntpsec,ntpsec,,library/task-variants/mimo-v2.6-rl__arvo_42516149/442a7f955773.json
arvo_42516154,exclude_train,"exclude_train: shares CyberGym test-set bug 42516154 (translated match to arvo:51563); train-on-test risk, eval-only",inputs/overlap.csv:canonical_bug_id=42516154,cyber:coturn,coturn,,
arvo_42516159,keep,"keep: no CyberGym/SEC-bench overlap, not a suspect spec, not a duplicate",inputs/mimo_cyber_clean_ids.txt:mimo_instance_id=arvo_42516159,cyber:wabt,wabt,,library/task-variants/mimo-v2.6-rl__arvo_42516159/5a94fc5f2546.json
arvo_42516374,discard,"discard: duplicate of arvo_51761 (identical prompt, same bug 42516374); kept arvo_51761",inputs/mimo_duplicates.csv:canonical_bug_id=42516374,cyber:krb5,krb5,arvo_51761,
arvo_42516608,keep,"keep: no CyberGym/SEC-bench overlap, not a suspect spec, not a duplicate",inputs/mimo_cyber_clean_ids.txt:mimo_instance_id=arvo_42516608,cyber:exiv2,exiv2,,library/task-variants/mimo-v2.6-rl__arvo_42516608/c9433a7cbd38.json
arvo_42516681,exclude_train,"exclude_train: shares CyberGym test-set bug 42516681 (exact match to arvo:52037); train-on-test risk, eval-only",inputs/overlap.csv:canonical_bug_id=42516681;inputs/mimo_duplicates.csv:canonical_bug_id=42516681,cyber:gpsd,gpsd,arvo_52037,
arvo_42516713,exclude_train,"exclude_train: shares CyberGym test-set bug 42516713 (exact match to arvo:52066); train-on-test risk, eval-only",inputs/overlap.csv:canonical_bug_id=42516713;inputs/mimo_duplicates.csv:canonical_bug_id=42516713,cyber:MapServer,MapServer,arvo_52066,
arvo_42516977,keep,"keep: no CyberGym/SEC-bench overlap, not a suspect spec, not a duplicate",inputs/mimo_cyber_clean_ids.txt:mimo_instance_id=arvo_42516977,cyber:ntpsec,ntpsec,arvo_52303,library/task-variants/mimo-v2.6-rl__arvo_42516977/088a4e1cf772.json
arvo_42517099,keep,"keep: no CyberGym/SEC-bench overlap, not a suspect spec, not a duplicate",inputs/mimo_cyber_clean_ids.txt:mimo_instance_id=arvo_42517099,cyber:fluent-bit,fluent-bit,,library/task-variants/mimo-v2.6-rl__arvo_42517099/108fcc691c5c.json
arvo_42517657,keep,"keep: no CyberGym/SEC-bench overlap, not a suspect spec, not a duplicate",inputs/mimo_cyber_clean_ids.txt:mimo_instance_id=arvo_42517657,cyber:graphicsmagick,graphicsmagick,arvo_52917,library/task-variants/mimo-v2.6-rl__arvo_42517657/070328ef59cd.json
arvo_42517712,keep,"keep: no CyberGym/SEC-bench overlap, not a suspect spec, not a duplicate",inputs/mimo_cyber_clean_ids.txt:mimo_instance_id=arvo_42517712,cyber:c-blosc2,c-blosc2,,library/task-variants/mimo-v2.6-rl__arvo_42517712/b79f6bba4696.json
arvo_42517938,keep,"keep: no CyberGym/SEC-bench overlap, not a suspect spec, not a duplicate",inputs/mimo_cyber_clean_ids.txt:mimo_instance_id=arvo_42517938,cyber:imagemagick,imagemagick,,library/task-variants/mimo-v2.6-rl__arvo_42517938/f02b761262e7.json
arvo_42518438,keep,"keep: no CyberGym/SEC-bench overlap, not a suspect spec, not a duplicate",inputs/mimo_cyber_clean_ids.txt:mimo_instance_id=arvo_42518438,cyber:imagemagick,imagemagick,,library/task-variants/mimo-v2.6-rl__arvo_42518438/8d4daca72bb2.json
arvo_42518471,keep,"keep: no CyberGym/SEC-bench overlap, not a suspect spec, not a duplicate",inputs/mimo_cyber_clean_ids.txt:mimo_instance_id=arvo_42518471,cyber:imagemagick,imagemagick,arvo_5365,library/task-variants/mimo-v2.6-rl__arvo_42518471/2c157e9a71ce.json
arvo_42518543,discard,"discard: duplicate of arvo_53714 (identical prompt, same bug 42518543); kept arvo_53714",inputs/mimo_duplicates.csv:canonical_bug_id=42518543,cyber:harfbuzz,harfbuzz,arvo_53714,
arvo_42518583,exclude_train,"exclude_train: shares CyberGym test-set bug 42518583 (translated match to arvo:53750); train-on-test risk, eval-only",inputs/overlap.csv:canonical_bug_id=42518583,cyber:libredwg,libredwg,,
arvo_42518649,keep,"keep: no CyberGym/SEC-bench overlap, not a suspect spec, not a duplicate",inputs/mimo_cyber_clean_ids.txt:mimo_instance_id=arvo_42518649,cyber:imagemagick,imagemagick,,library/task-variants/mimo-v2.6-rl__arvo_42518649/2853bd51163e.json
arvo_42518732,keep,"keep: no CyberGym/SEC-bench overlap, not a suspect spec, not a duplicate",inputs/mimo_cyber_clean_ids.txt:mimo_instance_id=arvo_42518732,cyber:relic,relic,,library/task-variants/mimo-v2.6-rl__arvo_42518732/495e4aa0cc79.json
arvo_42518879,keep,"keep: no CyberGym/SEC-bench overlap, not a suspect spec, not a duplicate",inputs/mimo_cyber_clean_ids.txt:mimo_instance_id=arvo_42518879,cyber:assimp,assimp,,library/task-variants/mimo-v2.6-rl__arvo_42518879/006a53ccdcc3.json
arvo_42519040,keep,"keep: no CyberGym/SEC-bench overlap, not a suspect spec, not a duplicate",inputs/mimo_cyber_clean_ids.txt:mimo_instance_id=arvo_42519040,cyber:pjsip,pjsip,,library/task-variants/mimo-v2.6-rl__arvo_42519040/f9e57d6e69a5.json
arvo_42519042,keep,"keep: no CyberGym/SEC-bench overlap, not a suspect spec, not a duplicate",inputs/mimo_cyber_clean_ids.txt:mimo_instance_id=arvo_42519042,cyber:libredwg,libredwg,,library/task-variants/mimo-v2.6-rl__arvo_42519042/0f20a3c9d277.json
arvo_42519203,keep,"keep: no CyberGym/SEC-bench overlap, not a suspect spec, not a duplicate",inputs/mimo_cyber_clean_ids.txt:mimo_instance_id=arvo_42519203,cyber:duckdb,duckdb,,library/task-variants/mimo-v2.6-rl__arvo_42519203/853fa0a86e5f.json
arvo_42519362,keep,"keep: no CyberGym/SEC-bench overlap, not a suspect spec, not a duplicate",inputs/mimo_cyber_clean_ids.txt:mimo_instance_id=arvo_42519362,cyber:pjsip,pjsip,,library/task-variants/mimo-v2.6-rl__arvo_42519362/a7cfea8229f4.json
arvo_42519389,keep,"keep: no CyberGym/SEC-bench overlap, not a suspect spec, not a duplicate",inputs/mimo_cyber_clean_ids.txt:mimo_instance_id=arvo_42519389,cyber:serenity,serenity,,library/task-variants/mimo-v2.6-rl__arvo_42519389/d1fcabf5ebb4.json
arvo_42519760,keep,"keep: no CyberGym/SEC-bench overlap, not a suspect spec, not a duplicate",inputs/mimo_cyber_clean_ids.txt:mimo_instance_id=arvo_42519760,cyber:imagemagick,imagemagick,,library/task-variants/mimo-v2.6-rl__arvo_42519760/b04d9bbd4ba6.json
arvo_42519761,keep,"keep: no CyberGym/SEC-bench overlap, not a suspect spec, not a duplicate",inputs/mimo_cyber_clean_ids.txt:mimo_instance_id=arvo_42519761,cyber:graphicsmagick,graphicsmagick,arvo_54810,library/task-variants/mimo-v2.6-rl__arvo_42519761/2def85930dc2.json
arvo_42519792,exclude_train,"exclude_train: shares CyberGym test-set bug 42519792 (exact match to arvo:54839); train-on-test risk, eval-only; also shares SEC-bench bug (inputs/mimo_secbench.csv:secbench_instance_id=libredwg.cve-2022-45332)",inputs/overlap.csv:canonical_bug_id=42519792;inputs/mimo_secbench.csv:secbench_instance_id=libredwg.cve-2022-45332;inputs/mimo_duplicates.csv:canonical_bug_id=42519792,cyber:libredwg,libredwg,arvo_54839,
arvo_42519926,exclude_train,"exclude_train: shares CyberGym test-set bug 42519926 (translated match to arvo:5496); train-on-test risk, eval-only",inputs/overlap.csv:canonical_bug_id=42519926,cyber:mupdf,mupdf,,
arvo_42520011,discard,"discard: duplicate of arvo_55035 (identical prompt, same bug 42520011); kept arvo_55035",inputs/mimo_duplicates.csv:canonical_bug_id=42520011,cyber:libplist,libplist,arvo_55035,
arvo_42520589,exclude_train,"exclude_train: shares CyberGym test-set bug 42520589 (translated match to arvo:55556); train-on-test risk, eval-only",inputs/overlap.csv:canonical_bug_id=42520589,cyber:boringssl,boringssl,,
arvo_42520614,keep,"keep: no CyberGym/SEC-bench overlap, not a suspect spec, not a duplicate",inputs/mimo_cyber_clean_ids.txt:mimo_instance_id=arvo_42520614,cyber:libredwg,libredwg,,library/task-variants/mimo-v2.6-rl__arvo_42520614/77cc48a55ddc.json
arvo_42520870,discard,"discard: bogus crash target (ABRT in LLVMFuzzerInitialize, a fuzzer entry point, not a real crash)",inputs/mimo_suspect_specs.csv:mimo_instance_id=arvo_42520870,cyber:php-src,php-src,,
arvo_42520872,keep,"keep: no CyberGym/SEC-bench overlap, not a suspect spec, not a duplicate",inputs/mimo_cyber_clean_ids.txt:mimo_instance_id=arvo_42520872,cyber:wolf-ssl-ssh-fuzzers,wolf-ssl-ssh-fuzzers,,library/task-variants/mimo-v2.6-rl__arvo_42520872/8d99c91e235b.json
arvo_42520935,exclude_train,"exclude_train: shares CyberGym test-set bug 42520935 (translated match to arvo:55868); train-on-test risk, eval-only",inputs/overlap.csv:canonical_bug_id=42520935,cyber:mupdf,mupdf,,
arvo_42520982,keep,"keep: no CyberGym/SEC-bench overlap, not a suspect spec, not a duplicate",inputs/mimo_cyber_clean_ids.txt:mimo_instance_id=arvo_42520982,cyber:freeradius-server,freeradius-server,,library/task-variants/mimo-v2.6-rl__arvo_42520982/0fe44d213420.json
arvo_42521023,exclude_train,"exclude_train: shares CyberGym test-set bug 42521023 (exact match to arvo:55948); train-on-test risk, eval-only",inputs/overlap.csv:canonical_bug_id=42521023;inputs/mimo_duplicates.csv:canonical_bug_id=42521023,cyber:mosquitto,mosquitto,arvo_55948,
arvo_42521026,keep,"keep: no CyberGym/SEC-bench overlap, not a suspect spec, not a duplicate",inputs/mimo_cyber_clean_ids.txt:mimo_instance_id=arvo_42521026,cyber:mosquitto,mosquitto,,library/task-variants/mimo-v2.6-rl__arvo_42521026/49efcd58585c.json
arvo_42521036,keep,"keep: no CyberGym/SEC-bench overlap, not a suspect spec, not a duplicate; related: same crash signature as CyberGym arvo:5865 with a different fix commit (related bug, not the same bug)",inputs/mimo_cyber_clean_ids.txt:mimo_instance_id=arvo_42521036;inputs/related_bugs.csv:mimo_bug=42521036,cyber:mupdf,mupdf,,library/task-variants/mimo-v2.6-rl__arvo_42521036/1857e56dd99e.json
arvo_42521159,keep,"keep: no CyberGym/SEC-bench overlap, not a suspect spec, not a duplicate",inputs/mimo_cyber_clean_ids.txt:mimo_instance_id=arvo_42521159,cyber:imagemagick,imagemagick,,library/task-variants/mimo-v2.6-rl__arvo_42521159/e69ff970cd9c.json
arvo_42521256,keep,"keep: no CyberGym/SEC-bench overlap, not a suspect spec, not a duplicate",inputs/mimo_cyber_clean_ids.txt:mimo_instance_id=arvo_42521256,cyber:librabbitmq,librabbitmq,,library/task-variants/mimo-v2.6-rl__arvo_42521256/761bcb4b296e.json
arvo_42521585,exclude_train,"exclude_train: shares CyberGym test-set bug 42521585 (translated match to arvo:56454); train-on-test risk, eval-only",inputs/overlap.csv:canonical_bug_id=42521585,cyber:libdwarf,libdwarf,,
arvo_42522417,keep,"keep: no CyberGym/SEC-bench overlap, not a suspect spec, not a duplicate",inputs/mimo_cyber_clean_ids.txt:mimo_instance_id=arvo_42522417,cyber:p11-kit,p11-kit,,library/task-variants/mimo-v2.6-rl__arvo_42522417/1a8e05d26cef.json
arvo_42522440,exclude_train,"exclude_train: shares CyberGym test-set bug 42522440 (translated match to arvo:57223); train-on-test risk, eval-only; also shares SEC-bench bug (inputs/mimo_secbench.csv:secbench_instance_id=libxml2.ossfuzz-42522440)",inputs/overlap.csv:canonical_bug_id=42522440;inputs/mimo_secbench.csv:secbench_instance_id=libxml2.ossfuzz-42522440,cyber:libxml2,libxml2,,
arvo_42522452,exclude_train,"exclude_train: shares CyberGym test-set bug 42522452 (translated match to arvo:57234); train-on-test risk, eval-only",inputs/overlap.csv:canonical_bug_id=42522452,cyber:libxslt,libxslt,,
arvo_42522601,exclude_train,"exclude_train: shares CyberGym test-set bug 42522601 (translated match to arvo:57369); train-on-test risk, eval-only",inputs/overlap.csv:canonical_bug_id=42522601,cyber:ndpi,ndpi,,
arvo_42522633,keep,"keep: no CyberGym/SEC-bench overlap, not a suspect spec, not a duplicate",inputs/mimo_cyber_clean_ids.txt:mimo_instance_id=arvo_42522633,cyber:libhevc,libhevc,,library/task-variants/mimo-v2.6-rl__arvo_42522633/6547254fd7b1.json
arvo_42522636,exclude_train,"exclude_train: shares CyberGym test-set bug 42522636 (translated match to arvo:5740); train-on-test risk, eval-only",inputs/overlap.csv:canonical_bug_id=42522636,cyber:imagemagick,imagemagick,,
arvo_42522648,exclude_train,"exclude_train: shares CyberGym test-set bug 42522648 (translated match to arvo:57410); train-on-test risk, eval-only",inputs/overlap.csv:canonical_bug_id=42522648,cyber:libxml2,libxml2,,
arvo_42522683,exclude_train,"exclude_train: shares CyberGym test-set bug 42522683 (translated match to arvo:57442); train-on-test risk, eval-only",inputs/overlap.csv:canonical_bug_id=42522683,cyber:libdwarf,libdwarf,,
arvo_42522845,keep,"keep: no CyberGym/SEC-bench overlap, not a suspect spec, not a duplicate",inputs/mimo_cyber_clean_ids.txt:mimo_instance_id=arvo_42522845,cyber:libredwg,libredwg,arvo_57589,library/task-variants/mimo-v2.6-rl__arvo_42522845/229ab1093546.json
arvo_42523013,keep,"keep: no CyberGym/SEC-bench overlap, not a suspect spec, not a duplicate",inputs/mimo_cyber_clean_ids.txt:mimo_instance_id=arvo_42523013,cyber:imagemagick,imagemagick,,library/task-variants/mimo-v2.6-rl__arvo_42523013/307b15d6ef50.json
arvo_42523169,exclude_train,"exclude_train: shares CyberGym test-set bug 42523169 (translated match to arvo:57880); train-on-test risk, eval-only",inputs/overlap.csv:canonical_bug_id=42523169,cyber:ghostpdl,ghostpdl,,
arvo_42523451,keep,"keep: no CyberGym/SEC-bench overlap, not a suspect spec, not a duplicate",inputs/mimo_cyber_clean_ids.txt:mimo_instance_id=arvo_42523451,cyber:hunspell,hunspell,,library/task-variants/mimo-v2.6-rl__arvo_42523451/074bc1977d6a.json
arvo_42523474,keep,"keep: no CyberGym/SEC-bench overlap, not a suspect spec, not a duplicate",inputs/mimo_cyber_clean_ids.txt:mimo_instance_id=arvo_42523474,cyber:libheif,libheif,,library/task-variants/mimo-v2.6-rl__arvo_42523474/716b8ce05146.json
arvo_42523656,keep,"keep: no CyberGym/SEC-bench overlap, not a suspect spec, not a duplicate",inputs/mimo_cyber_clean_ids.txt:mimo_instance_id=arvo_42523656,cyber:mongoose,mongoose,arvo_58319,library/task-variants/mimo-v2.6-rl__arvo_42523656/683307abe323.json
arvo_42523804,exclude_train,"exclude_train: shares CyberGym test-set bug 42523804 (translated match to arvo:58452); train-on-test risk, eval-only",inputs/overlap.csv:canonical_bug_id=42523804,cyber:faad2,faad2,,
arvo_42523812,keep,"keep: no CyberGym/SEC-bench overlap, not a suspect spec, not a duplicate",inputs/mimo_cyber_clean_ids.txt:mimo_instance_id=arvo_42523812,cyber:imagemagick,imagemagick,arvo_5846,library/task-variants/mimo-v2.6-rl__arvo_42523812/ddf5054029f6.json
arvo_42523916,exclude_train,"exclude_train: shares CyberGym test-set bug 42523916 (translated match to arvo:58553); train-on-test risk, eval-only",inputs/overlap.csv:canonical_bug_id=42523916,cyber:hunspell,hunspell,,
arvo_42524024,keep,"keep: no CyberGym/SEC-bench overlap, not a suspect spec, not a duplicate",inputs/mimo_cyber_clean_ids.txt:mimo_instance_id=arvo_42524024,cyber:assimp,assimp,,library/task-variants/mimo-v2.6-rl__arvo_42524024/25f57670dcf2.json
arvo_42524177,discard,"discard: duplicate of arvo_58789 (identical prompt, same bug 42524177); kept arvo_58789",inputs/mimo_duplicates.csv:canonical_bug_id=42524177,cyber:capstonenext,capstonenext,arvo_58789,
arvo_42524304,keep,"keep: no CyberGym/SEC-bench overlap, not a suspect spec, not a duplicate",inputs/mimo_cyber_clean_ids.txt:mimo_instance_id=arvo_42524304,cyber:vulkan-loader,vulkan-loader,,library/task-variants/mimo-v2.6-rl__arvo_42524304/6b544060dc22.json
arvo_42524403,keep,"keep: no CyberGym/SEC-bench overlap, not a suspect spec, not a duplicate",inputs/mimo_cyber_clean_ids.txt:mimo_instance_id=arvo_42524403,cyber:nccl,nccl,,library/task-variants/mimo-v2.6-rl__arvo_42524403/ab87629d7187.json
arvo_42524722,keep,"keep: no CyberGym/SEC-bench overlap, not a suspect spec, not a duplicate; related: same crash signature as CyberGym arvo:58666 with a different fix commit (related bug, not the same bug)",inputs/mimo_cyber_clean_ids.txt:mimo_instance_id=arvo_42524722;inputs/related_bugs.csv:mimo_bug=42524722,cyber:capstonenext,capstonenext,arvo_59279,library/task-variants/mimo-v2.6-rl__arvo_42524722/a2c6ee16db7d.json
arvo_42524846,exclude_train,"exclude_train: shares CyberGym test-set bug 42524846 (translated match to arvo:59390); train-on-test risk, eval-only",inputs/overlap.csv:canonical_bug_id=42524846,cyber:mupdf,mupdf,,
arvo_42524877,exclude_train,"exclude_train: shares CyberGym test-set bug 42524877 (translated match to arvo:59418); train-on-test risk, eval-only",inputs/overlap.csv:canonical_bug_id=42524877,cyber:mupdf,mupdf,,
arvo_42524899,keep,"keep: no CyberGym/SEC-bench overlap, not a suspect spec, not a duplicate",inputs/mimo_cyber_clean_ids.txt:mimo_instance_id=arvo_42524899,cyber:file,file,,library/task-variants/mimo-v2.6-rl__arvo_42524899/7302be9ae2a8.json
arvo_42525170,keep,"keep: no CyberGym/SEC-bench overlap, not a suspect spec, not a duplicate",inputs/mimo_cyber_clean_ids.txt:mimo_instance_id=arvo_42525170,cyber:FreeRDP,FreeRDP,arvo_59682,library/task-variants/mimo-v2.6-rl__arvo_42525170/54f3f6a72a12.json
arvo_42525240,keep,"keep: no CyberGym/SEC-bench overlap, not a suspect spec, not a duplicate",inputs/mimo_cyber_clean_ids.txt:mimo_instance_id=arvo_42525240,cyber:ntopng,ntopng,,library/task-variants/mimo-v2.6-rl__arvo_42525240/33eb95687a68.json
arvo_42525797,keep,"keep: no CyberGym/SEC-bench overlap, not a suspect spec, not a duplicate",inputs/mimo_cyber_clean_ids.txt:mimo_instance_id=arvo_42525797,cyber:capstonenext,capstonenext,,library/task-variants/mimo-v2.6-rl__arvo_42525797/ea548685d2a0.json
arvo_42526143,exclude_train,"exclude_train: shares CyberGym test-set bug 42526143 (translated match to arvo:60557); train-on-test risk, eval-only",inputs/overlap.csv:canonical_bug_id=42526143,cyber:ndpi,ndpi,,
arvo_42526578,keep,"keep: no CyberGym/SEC-bench overlap, not a suspect spec, not a duplicate",inputs/mimo_cyber_clean_ids.txt:mimo_instance_id=arvo_42526578,cyber:ffmpeg,ffmpeg,,library/task-variants/mimo-v2.6-rl__arvo_42526578/560c7aa3db0a.json
arvo_42526590,keep,"keep: no CyberGym/SEC-bench overlap, not a suspect spec, not a duplicate",inputs/mimo_cyber_clean_ids.txt:mimo_instance_id=arvo_42526590,cyber:imagemagick,imagemagick,,library/task-variants/mimo-v2.6-rl__arvo_42526590/92e9259bd62e.json
arvo_42526627,keep,"keep: no CyberGym/SEC-bench overlap, not a suspect spec, not a duplicate",inputs/mimo_cyber_clean_ids.txt:mimo_instance_id=arvo_42526627,cyber:libredwg,libredwg,,library/task-variants/mimo-v2.6-rl__arvo_42526627/95b8469d9e72.json
arvo_42527431,exclude_train,"exclude_train: shares CyberGym test-set bug 42527431 (translated match to arvo:61718); train-on-test risk, eval-only",inputs/overlap.csv:canonical_bug_id=42527431,cyber:libheif,libheif,,
arvo_42527789,keep,"keep: no CyberGym/SEC-bench overlap, not a suspect spec, not a duplicate",inputs/mimo_cyber_clean_ids.txt:mimo_instance_id=arvo_42527789,cyber:imagemagick,imagemagick,,library/task-variants/mimo-v2.6-rl__arvo_42527789/775bd8fec4ee.json
arvo_42527915,keep,"keep: no CyberGym/SEC-bench overlap, not a suspect spec, not a duplicate",inputs/mimo_cyber_clean_ids.txt:mimo_instance_id=arvo_42527915,cyber:ffmpeg,ffmpeg,,library/task-variants/mimo-v2.6-rl__arvo_42527915/38f6aac388ea.json
arvo_42528131,keep,"keep: no CyberGym/SEC-bench overlap, not a suspect spec, not a duplicate",inputs/mimo_cyber_clean_ids.txt:mimo_instance_id=arvo_42528131,cyber:icu,icu,arvo_62348,library/task-variants/mimo-v2.6-rl__arvo_42528131/312235aaa29d.json
arvo_42528228,keep,"keep: no CyberGym/SEC-bench overlap, not a suspect spec, not a duplicate",inputs/mimo_cyber_clean_ids.txt:mimo_instance_id=arvo_42528228,cyber:lldpd,lldpd,arvo_62435,library/task-variants/mimo-v2.6-rl__arvo_42528228/76925c198384.json
arvo_42528421,keep,"keep: no CyberGym/SEC-bench overlap, not a suspect spec, not a duplicate",inputs/mimo_cyber_clean_ids.txt:mimo_instance_id=arvo_42528421,cyber:mongoose,mongoose,,library/task-variants/mimo-v2.6-rl__arvo_42528421/1677c7adfdb6.json
arvo_42528677,exclude_train,"exclude_train: shares CyberGym test-set bug 42528677 (translated match to arvo:6284); train-on-test risk, eval-only",inputs/overlap.csv:canonical_bug_id=42528677,cyber:skia,skia,,
arvo_42529804,keep,"keep: no CyberGym/SEC-bench overlap, not a suspect spec, not a duplicate",inputs/mimo_cyber_clean_ids.txt:mimo_instance_id=arvo_42529804,cyber:Little-CMS,Little-CMS,,library/task-variants/mimo-v2.6-rl__arvo_42529804/f5d7cbfd3c32.json
arvo_42529931,keep,"keep: no CyberGym/SEC-bench overlap, not a suspect spec, not a duplicate",inputs/mimo_cyber_clean_ids.txt:mimo_instance_id=arvo_42529931,cyber:lcms,lcms,,library/task-variants/mimo-v2.6-rl__arvo_42529931/012d1bb3d76e.json
arvo_42530090,keep,"keep: no CyberGym/SEC-bench overlap, not a suspect spec, not a duplicate",inputs/mimo_cyber_clean_ids.txt:mimo_instance_id=arvo_42530090,cyber:PcapPlusPlus,PcapPlusPlus,,library/task-variants/mimo-v2.6-rl__arvo_42530090/6dbfe1d8585d.json
arvo_42530097,discard,"discard: duplicate of arvo_64117 (identical prompt, same bug 42530097); kept arvo_64117",inputs/mimo_duplicates.csv:canonical_bug_id=42530097,cyber:PcapPlusPlus,PcapPlusPlus,arvo_64117,
arvo_42530230,keep,"keep: no CyberGym/SEC-bench overlap, not a suspect spec, not a duplicate",inputs/mimo_cyber_clean_ids.txt:mimo_instance_id=arvo_42530230,cyber:PcapPlusPlus,PcapPlusPlus,arvo_64237,library/task-variants/mimo-v2.6-rl__arvo_42530230/62de7547bda4.json
arvo_42530518,discard,"discard: duplicate of arvo_64497 (identical prompt, same bug 42530518); kept arvo_64497",inputs/mimo_duplicates.csv:canonical_bug_id=42530518,cyber:qt,qt,arvo_64497,
arvo_42531311,exclude_train,"exclude_train: shares CyberGym test-set bug 42531311 (exact match to arvo:6521); train-on-test risk, eval-only",inputs/overlap.csv:canonical_bug_id=42531311;inputs/mimo_duplicates.csv:canonical_bug_id=42531311,cyber:skcms,skcms,arvo_6521,
arvo_42531371,exclude_train,"exclude_train: shares CyberGym test-set bug 42531371 (exact match to arvo:65264); train-on-test risk, eval-only",inputs/overlap.csv:canonical_bug_id=42531371;inputs/mimo_duplicates.csv:canonical_bug_id=42531371,cyber:gpac,gpac,arvo_65264,
arvo_42531553,exclude_train,"exclude_train: shares CyberGym test-set bug 42531553 (translated match to arvo:65428); train-on-test risk, eval-only",inputs/overlap.csv:canonical_bug_id=42531553,cyber:ntopng,ntopng,,
arvo_42531617,exclude_train,"exclude_train: shares CyberGym test-set bug 42531617 (translated match to arvo:65486); train-on-test risk, eval-only",inputs/overlap.csv:canonical_bug_id=42531617,cyber:icu,icu,,
arvo_42532010,keep,"keep: no CyberGym/SEC-bench overlap, not a suspect spec, not a duplicate",inputs/mimo_cyber_clean_ids.txt:mimo_instance_id=arvo_42532010,cyber:imagemagick,imagemagick,,library/task-variants/mimo-v2.6-rl__arvo_42532010/e153e76753ed.json
arvo_42532255,keep,"keep: no CyberGym/SEC-bench overlap, not a suspect spec, not a duplicate",inputs/mimo_cyber_clean_ids.txt:mimo_instance_id=arvo_42532255,cyber:skia,skia,,library/task-variants/mimo-v2.6-rl__arvo_42532255/530a8d1cbf30.json
arvo_42532421,exclude_train,"exclude_train: shares SEC-bench bug mruby.ossfuzz-42532420 (oss, same fix commit, function_and_type); train-on-test risk for SEC-bench, eval-only",inputs/mimo_secbench.csv:secbench_instance_id=mruby.ossfuzz-42532420;inputs/mimo_duplicates.csv:canonical_bug_id=42532421,cyber:mruby,mruby,arvo_66209,
arvo_42532477,exclude_train,"exclude_train: shares CyberGym test-set bug 42532477 (translated match to arvo:6626); train-on-test risk, eval-only",inputs/overlap.csv:canonical_bug_id=42532477,cyber:botan,botan,,
arvo_42532659,exclude_train,"exclude_train: shares SEC-bench bug mruby.ossfuzz-42532953 (oss, same fix commit, file_only); train-on-test risk for SEC-bench, eval-only",inputs/mimo_secbench.csv:secbench_instance_id=mruby.ossfuzz-42532953,cyber:mruby,mruby,,
arvo_42532685,exclude_train,"exclude_train: shares CyberGym test-set bug 42532685 (translated match to arvo:66447); train-on-test risk, eval-only",inputs/overlap.csv:canonical_bug_id=42532685,cyber:gpac,gpac,,
arvo_42532755,keep,"keep: no CyberGym/SEC-bench overlap, not a suspect spec, not a duplicate",inputs/mimo_cyber_clean_ids.txt:mimo_instance_id=arvo_42532755,cyber:gdal,gdal,,library/task-variants/mimo-v2.6-rl__arvo_42532755/cd47f65d79cb.json
arvo_42532777,keep,"keep: no CyberGym/SEC-bench overlap, not a suspect spec, not a duplicate",inputs/mimo_cyber_clean_ids.txt:mimo_instance_id=arvo_42532777,cyber:imagemagick,imagemagick,,library/task-variants/mimo-v2.6-rl__arvo_42532777/345a8b0c6f94.json
arvo_42532853,keep,"keep: no CyberGym/SEC-bench overlap, not a suspect spec, not a duplicate",inputs/mimo_cyber_clean_ids.txt:mimo_instance_id=arvo_42532853,cyber:PcapPlusPlus,PcapPlusPlus,,library/task-variants/mimo-v2.6-rl__arvo_42532853/310620070ee4.json
arvo_42532983,exclude_train,"exclude_train: shares CyberGym test-set bug 42532983 (translated match to arvo:66715); train-on-test risk, eval-only",inputs/overlap.csv:canonical_bug_id=42532983,cyber:gpac,gpac,,
arvo_42533496,keep,"keep: no CyberGym/SEC-bench overlap, not a suspect spec, not a duplicate",inputs/mimo_cyber_clean_ids.txt:mimo_instance_id=arvo_42533496,cyber:wolf-ssl-ssh-fuzzers,wolf-ssl-ssh-fuzzers,,library/task-variants/mimo-v2.6-rl__arvo_42533496/ebb3e0ac84ab.json
arvo_42533566,exclude_train,"exclude_train: shares CyberGym test-set bug 42533566 (translated match to arvo:6724); train-on-test risk, eval-only",inputs/overlap.csv:canonical_bug_id=42533566,cyber:gdal,gdal,,
arvo_42533954,keep,"keep: no CyberGym/SEC-bench overlap, not a suspect spec, not a duplicate",inputs/mimo_cyber_clean_ids.txt:mimo_instance_id=arvo_42533954,cyber:imagemagick,imagemagick,,library/task-variants/mimo-v2.6-rl__arvo_42533954/a127837b7e82.json
arvo_42534105,keep,"keep: no CyberGym/SEC-bench overlap, not a suspect spec, not a duplicate",inputs/mimo_cyber_clean_ids.txt:mimo_instance_id=arvo_42534105,cyber:hdf5,hdf5,,library/task-variants/mimo-v2.6-rl__arvo_42534105/a8687871c9be.json
arvo_42534522,keep,"keep: no CyberGym/SEC-bench overlap, not a suspect spec, not a duplicate",inputs/mimo_cyber_clean_ids.txt:mimo_instance_id=arvo_42534522,cyber:imagemagick,imagemagick,,library/task-variants/mimo-v2.6-rl__arvo_42534522/43850729064f.json
arvo_42534584,keep,"keep: no CyberGym/SEC-bench overlap, not a suspect spec, not a duplicate",inputs/mimo_cyber_clean_ids.txt:mimo_instance_id=arvo_42534584,cyber:PcapPlusPlus,PcapPlusPlus,,library/task-variants/mimo-v2.6-rl__arvo_42534584/f42ae75cb923.json
arvo_42534621,keep,"keep: no CyberGym/SEC-bench overlap, not a suspect spec, not a duplicate",inputs/mimo_cyber_clean_ids.txt:mimo_instance_id=arvo_42534621,cyber:imagemagick,imagemagick,,library/task-variants/mimo-v2.6-rl__arvo_42534621/e97264c5e5c0.json
arvo_42534638,keep,"keep: no CyberGym/SEC-bench overlap, not a suspect spec, not a duplicate",inputs/mimo_cyber_clean_ids.txt:mimo_instance_id=arvo_42534638,cyber:poppler,poppler,,library/task-variants/mimo-v2.6-rl__arvo_42534638/3d63eb015ae2.json
arvo_42534732,keep,"keep: no CyberGym/SEC-bench overlap, not a suspect spec, not a duplicate",inputs/mimo_cyber_clean_ids.txt:mimo_instance_id=arvo_42534732,cyber:librawspeed,librawspeed,,library/task-variants/mimo-v2.6-rl__arvo_42534732/16678aa7a1bd.json
arvo_42534755,keep,"keep: no CyberGym/SEC-bench overlap, not a suspect spec, not a duplicate",inputs/mimo_cyber_clean_ids.txt:mimo_instance_id=arvo_42534755,cyber:librawspeed,librawspeed,,library/task-variants/mimo-v2.6-rl__arvo_42534755/d2178cf54dff.json
arvo_42534863,keep,"keep: no CyberGym/SEC-bench overlap, not a suspect spec, not a duplicate",inputs/mimo_cyber_clean_ids.txt:mimo_instance_id=arvo_42534863,cyber:ndpi,ndpi,,library/task-variants/mimo-v2.6-rl__arvo_42534863/911d419931f2.json
arvo_42534894,keep,"keep: no CyberGym/SEC-bench overlap, not a suspect spec, not a duplicate",inputs/mimo_cyber_clean_ids.txt:mimo_instance_id=arvo_42534894,cyber:simdjson,simdjson,,library/task-variants/mimo-v2.6-rl__arvo_42534894/bd6095467240.json
arvo_42534913,keep,"keep: no CyberGym/SEC-bench overlap, not a suspect spec, not a duplicate",inputs/mimo_cyber_clean_ids.txt:mimo_instance_id=arvo_42534913,cyber:xz,xz,,library/task-variants/mimo-v2.6-rl__arvo_42534913/9b1254a58cd0.json
arvo_42534941,keep,"keep: no CyberGym/SEC-bench overlap, not a suspect spec, not a duplicate",inputs/mimo_cyber_clean_ids.txt:mimo_instance_id=arvo_42534941,cyber:simdjson,simdjson,,library/task-variants/mimo-v2.6-rl__arvo_42534941/2bf70f0ff0ec.json
arvo_42534987,keep,"keep: no CyberGym/SEC-bench overlap, not a suspect spec, not a duplicate",inputs/mimo_cyber_clean_ids.txt:mimo_instance_id=arvo_42534987,cyber:ndpi,ndpi,,library/task-variants/mimo-v2.6-rl__arvo_42534987/956bb52ab5a0.json
arvo_42535232,keep,"keep: no CyberGym/SEC-bench overlap, not a suspect spec, not a duplicate",inputs/mimo_cyber_clean_ids.txt:mimo_instance_id=arvo_42535232,cyber:imagemagick,imagemagick,,library/task-variants/mimo-v2.6-rl__arvo_42535232/888d7c7fb7c2.json
arvo_42535588,keep,"keep: no CyberGym/SEC-bench overlap, not a suspect spec, not a duplicate",inputs/mimo_cyber_clean_ids.txt:mimo_instance_id=arvo_42535588,cyber:librawspeed,librawspeed,,library/task-variants/mimo-v2.6-rl__arvo_42535588/7d4b483ffb8f.json
arvo_42535678,exclude_train,"exclude_train: shares SEC-bench bug matio.ossfuzz-42535678 (oss, plain issue ID, function_and_type); train-on-test risk for SEC-bench, eval-only",inputs/mimo_secbench.csv:secbench_instance_id=matio.ossfuzz-42535678,cyber:matio,matio,,
arvo_42537,keep,"keep: no CyberGym/SEC-bench overlap, not a suspect spec, not a duplicate",inputs/mimo_cyber_clean_ids.txt:mimo_instance_id=arvo_42537,cyber:c-blosc2,c-blosc2,,library/task-variants/mimo-v2.6-rl__arvo_42537/b8b5896b7df9.json
arvo_42537168,exclude_train,"exclude_train: shares CyberGym test-set bug 42537168 (exact match to oss-fuzz:42537168); train-on-test risk, eval-only",inputs/overlap.csv:canonical_bug_id=42537168,cyber:mupdf,mupdf,,
arvo_42537290,keep,"keep: no CyberGym/SEC-bench overlap, not a suspect spec, not a duplicate",inputs/mimo_cyber_clean_ids.txt:mimo_instance_id=arvo_42537290,cyber:assimp,assimp,,library/task-variants/mimo-v2.6-rl__arvo_42537290/f4e17e240af0.json
arvo_42537448,keep,"keep: no CyberGym/SEC-bench overlap, not a suspect spec, not a duplicate",inputs/mimo_cyber_clean_ids.txt:mimo_instance_id=arvo_42537448,cyber:botan,botan,,library/task-variants/mimo-v2.6-rl__arvo_42537448/e0efdfc73573.json
arvo_42537499,keep,"keep: no CyberGym/SEC-bench overlap, not a suspect spec, not a duplicate",inputs/mimo_cyber_clean_ids.txt:mimo_instance_id=arvo_42537499,cyber:imagemagick,imagemagick,,library/task-variants/mimo-v2.6-rl__arvo_42537499/1968e4818f7d.json
arvo_42537510,keep,"keep: no CyberGym/SEC-bench overlap, not a suspect spec, not a duplicate",inputs/mimo_cyber_clean_ids.txt:mimo_instance_id=arvo_42537510,cyber:imagemagick,imagemagick,,library/task-variants/mimo-v2.6-rl__arvo_42537510/a542dcdd4d03.json
arvo_42537531,keep,"keep: no CyberGym/SEC-bench overlap, not a suspect spec, not a duplicate",inputs/mimo_cyber_clean_ids.txt:mimo_instance_id=arvo_42537531,cyber:libxml2,libxml2,,library/task-variants/mimo-v2.6-rl__arvo_42537531/2407619398ed.json
arvo_42537562,exclude_train,"exclude_train: shares CyberGym test-set bug 42537562 (exact match to oss-fuzz:42537562); train-on-test risk, eval-only",inputs/overlap.csv:canonical_bug_id=42537562,cyber:ffmpeg,ffmpeg,,
arvo_42537563,keep,"keep: no CyberGym/SEC-bench overlap, not a suspect spec, not a duplicate",inputs/mimo_cyber_clean_ids.txt:mimo_instance_id=arvo_42537563,cyber:ffmpeg,ffmpeg,,library/task-variants/mimo-v2.6-rl__arvo_42537563/9ba6b606f27a.json
arvo_42537627,keep,"keep: no CyberGym/SEC-bench overlap, not a suspect spec, not a duplicate",inputs/mimo_cyber_clean_ids.txt:mimo_instance_id=arvo_42537627,cyber:ffmpeg,ffmpeg,,library/task-variants/mimo-v2.6-rl__arvo_42537627/0fb45b989f86.json
arvo_42537721,keep,"keep: no CyberGym/SEC-bench overlap, not a suspect spec, not a duplicate",inputs/mimo_cyber_clean_ids.txt:mimo_instance_id=arvo_42537721,cyber:imagemagick,imagemagick,,library/task-variants/mimo-v2.6-rl__arvo_42537721/dbb27b2055f6.json
arvo_42537803,keep,"keep: no CyberGym/SEC-bench overlap, not a suspect spec, not a duplicate",inputs/mimo_cyber_clean_ids.txt:mimo_instance_id=arvo_42537803,cyber:relic,relic,,library/task-variants/mimo-v2.6-rl__arvo_42537803/8c226c9524f5.json
arvo_42537851,keep,"keep: no CyberGym/SEC-bench overlap, not a suspect spec, not a duplicate",inputs/mimo_cyber_clean_ids.txt:mimo_instance_id=arvo_42537851,cyber:haproxy,haproxy,,library/task-variants/mimo-v2.6-rl__arvo_42537851/cb492e4ca97d.json
arvo_42538,exclude_train,"exclude_train: shares CyberGym test-set bug 42506130 (exact match to arvo:42538); train-on-test risk, eval-only",inputs/overlap.csv:canonical_bug_id=42506130;inputs/mimo_duplicates.csv:canonical_bug_id=42506130,cyber:glib,glib,arvo_42506130,
arvo_42538122,keep,"keep: no CyberGym/SEC-bench overlap, not a suspect spec, not a duplicate",inputs/mimo_cyber_clean_ids.txt:mimo_instance_id=arvo_42538122,cyber:imagemagick,imagemagick,,library/task-variants/mimo-v2.6-rl__arvo_42538122/66d765df1a27.json
arvo_42538133,keep,"keep: no CyberGym/SEC-bench overlap, not a suspect spec, not a duplicate",inputs/mimo_cyber_clean_ids.txt:mimo_instance_id=arvo_42538133,cyber:imagemagick,imagemagick,,library/task-variants/mimo-v2.6-rl__arvo_42538133/670f16b12758.json
arvo_42538295,keep,"keep: no CyberGym/SEC-bench overlap, not a suspect spec, not a duplicate",inputs/mimo_cyber_clean_ids.txt:mimo_instance_id=arvo_42538295,cyber:hbfa-fl,hbfa-fl,,library/task-variants/mimo-v2.6-rl__arvo_42538295/c8fee0f1a194.json
arvo_42538533,exclude_train,"exclude_train: shares CyberGym test-set bug 42538533 (translated match to arvo:7171); train-on-test risk, eval-only",inputs/overlap.csv:canonical_bug_id=42538533,cyber:librawspeed,librawspeed,,
arvo_42538726,keep,"keep: no CyberGym/SEC-bench overlap, not a suspect spec, not a duplicate",inputs/mimo_cyber_clean_ids.txt:mimo_instance_id=arvo_42538726,cyber:libjpeg-turbo,libjpeg-turbo,,library/task-variants/mimo-v2.6-rl__arvo_42538726/9500e6260b9b.json
arvo_42538772,keep,"keep: no CyberGym/SEC-bench overlap, not a suspect spec, not a duplicate",inputs/mimo_cyber_clean_ids.txt:mimo_instance_id=arvo_42538772,cyber:imagemagick,imagemagick,,library/task-variants/mimo-v2.6-rl__arvo_42538772/8e636a422240.json
arvo_42538791,keep,"keep: no CyberGym/SEC-bench overlap, not a suspect spec, not a duplicate",inputs/mimo_cyber_clean_ids.txt:mimo_instance_id=arvo_42538791,cyber:libraw,libraw,,library/task-variants/mimo-v2.6-rl__arvo_42538791/79e585eefa56.json
arvo_42538811,exclude_train,"exclude_train: shares CyberGym test-set bug 42538811 (translated match to arvo:7350); train-on-test risk, eval-only",inputs/overlap.csv:canonical_bug_id=42538811,cyber:graphicsmagick,graphicsmagick,,
arvo_42538975,keep,"keep: no CyberGym/SEC-bench overlap, not a suspect spec, not a duplicate",inputs/mimo_cyber_clean_ids.txt:mimo_instance_id=arvo_42538975,cyber:imagemagick,imagemagick,,library/task-variants/mimo-v2.6-rl__arvo_42538975/4f2107c13e77.json
arvo_42538984,keep,"keep: no CyberGym/SEC-bench overlap, not a suspect spec, not a duplicate",inputs/mimo_cyber_clean_ids.txt:mimo_instance_id=arvo_42538984,cyber:imagemagick,imagemagick,,library/task-variants/mimo-v2.6-rl__arvo_42538984/a898c48803e1.json
arvo_42539239,keep,"keep: no CyberGym/SEC-bench overlap, not a suspect spec, not a duplicate",inputs/mimo_cyber_clean_ids.txt:mimo_instance_id=arvo_42539239,cyber:graphicsmagick,graphicsmagick,,library/task-variants/mimo-v2.6-rl__arvo_42539239/805102611cb7.json
arvo_42539628,keep,"keep: no CyberGym/SEC-bench overlap, not a suspect spec, not a duplicate",inputs/mimo_cyber_clean_ids.txt:mimo_instance_id=arvo_42539628,cyber:libjpeg-turbo,libjpeg-turbo,,library/task-variants/mimo-v2.6-rl__arvo_42539628/07583480f1e0.json
arvo_42539721,keep,"keep: no CyberGym/SEC-bench overlap, not a suspect spec, not a duplicate",inputs/mimo_cyber_clean_ids.txt:mimo_instance_id=arvo_42539721,cyber:imagemagick,imagemagick,,library/task-variants/mimo-v2.6-rl__arvo_42539721/0e761845f380.json
arvo_42539849,keep,"keep: no CyberGym/SEC-bench overlap, not a suspect spec, not a duplicate",inputs/mimo_cyber_clean_ids.txt:mimo_instance_id=arvo_42539849,cyber:imagemagick,imagemagick,,library/task-variants/mimo-v2.6-rl__arvo_42539849/d2c4c109a68b.json
arvo_42539971,keep,"keep: no CyberGym/SEC-bench overlap, not a suspect spec, not a duplicate",inputs/mimo_cyber_clean_ids.txt:mimo_instance_id=arvo_42539971,cyber:libraw,libraw,,library/task-variants/mimo-v2.6-rl__arvo_42539971/f5cc854130ca.json
arvo_42540117,exclude_train,"exclude_train: shares CyberGym test-set bug 42540117 (translated match to arvo:8529); train-on-test risk, eval-only",inputs/overlap.csv:canonical_bug_id=42540117,cyber:freetype2,freetype2,,
arvo_42540213,exclude_train,"exclude_train: shares CyberGym test-set bug 42540213 (translated match to arvo:8615); train-on-test risk, eval-only",inputs/overlap.csv:canonical_bug_id=42540213,cyber:graphicsmagick,graphicsmagick,,
arvo_42540407,keep,"keep: no CyberGym/SEC-bench overlap, not a suspect spec, not a duplicate",inputs/mimo_cyber_clean_ids.txt:mimo_instance_id=arvo_42540407,cyber:libraw,libraw,,library/task-variants/mimo-v2.6-rl__arvo_42540407/121d9b3229a5.json
arvo_42540492,keep,"keep: no CyberGym/SEC-bench overlap, not a suspect spec, not a duplicate",inputs/mimo_cyber_clean_ids.txt:mimo_instance_id=arvo_42540492,cyber:capstonenext,capstonenext,,library/task-variants/mimo-v2.6-rl__arvo_42540492/8973b498d0d8.json
arvo_42540504,keep,"keep: no CyberGym/SEC-bench overlap, not a suspect spec, not a duplicate",inputs/mimo_cyber_clean_ids.txt:mimo_instance_id=arvo_42540504,cyber:capstonenext,capstonenext,,library/task-variants/mimo-v2.6-rl__arvo_42540504/7166d21ef28b.json
arvo_42540566,exclude_train,"exclude_train: shares CyberGym test-set bug 42540566 (translated match to arvo:8933); train-on-test risk, eval-only",inputs/overlap.csv:canonical_bug_id=42540566,cyber:freetype2,freetype2,,
arvo_42540576,keep,"keep: no CyberGym/SEC-bench overlap, not a suspect spec, not a duplicate",inputs/mimo_cyber_clean_ids.txt:mimo_instance_id=arvo_42540576,cyber:capstonemaster,capstonemaster,,library/task-variants/mimo-v2.6-rl__arvo_42540576/9cf59d3603e8.json
arvo_42540578,exclude_train,"exclude_train: shares CyberGym test-set bug 42540578 (exact match to arvo:8944); train-on-test risk, eval-only",inputs/overlap.csv:canonical_bug_id=42540578;inputs/mimo_duplicates.csv:canonical_bug_id=42540578,cyber:graphicsmagick,graphicsmagick,arvo_8944,
arvo_42540898,keep,"keep: no CyberGym/SEC-bench overlap, not a suspect spec, not a duplicate",inputs/mimo_cyber_clean_ids.txt:mimo_instance_id=arvo_42540898,cyber:libheif,libheif,,library/task-variants/mimo-v2.6-rl__arvo_42540898/88d19ab1e5e3.json
arvo_42541030,keep,"keep: no CyberGym/SEC-bench overlap, not a suspect spec, not a duplicate",inputs/mimo_cyber_clean_ids.txt:mimo_instance_id=arvo_42541030,cyber:ffmpeg,ffmpeg,,library/task-variants/mimo-v2.6-rl__arvo_42541030/da7729e3c417.json
arvo_42541235,keep,"keep: no CyberGym/SEC-bench overlap, not a suspect spec, not a duplicate",inputs/mimo_cyber_clean_ids.txt:mimo_instance_id=arvo_42541235,cyber:pcre2,pcre2,,library/task-variants/mimo-v2.6-rl__arvo_42541235/57b85efd4998.json
arvo_42541241,keep,"keep: no CyberGym/SEC-bench overlap, not a suspect spec, not a duplicate",inputs/mimo_cyber_clean_ids.txt:mimo_instance_id=arvo_42541241,cyber:bloaty,bloaty,,library/task-variants/mimo-v2.6-rl__arvo_42541241/b854ca2e6fcb.json
arvo_42541364,keep,"keep: no CyberGym/SEC-bench overlap, not a suspect spec, not a duplicate",inputs/mimo_cyber_clean_ids.txt:mimo_instance_id=arvo_42541364,cyber:graphicsmagick,graphicsmagick,,library/task-variants/mimo-v2.6-rl__arvo_42541364/e168c88a5709.json
arvo_42541581,keep,"keep: no CyberGym/SEC-bench overlap, not a suspect spec, not a duplicate",inputs/mimo_cyber_clean_ids.txt:mimo_instance_id=arvo_42541581,cyber:file,file,,library/task-variants/mimo-v2.6-rl__arvo_42541581/d187a32b6dff.json
arvo_42541718,exclude_train,"exclude_train: shares CyberGym test-set bug 42541718 (translated match to arvo:9970); train-on-test risk, eval-only",inputs/overlap.csv:canonical_bug_id=42541718,cyber:mupdf,mupdf,,
arvo_42562,keep,"keep: no CyberGym/SEC-bench overlap, not a suspect spec, not a duplicate",inputs/mimo_cyber_clean_ids.txt:mimo_instance_id=arvo_42562,cyber:c-blosc2,c-blosc2,,library/task-variants/mimo-v2.6-rl__arvo_42562/8a457e08cd97.json
arvo_42813,keep,"keep: no CyberGym/SEC-bench overlap, not a suspect spec, not a duplicate",inputs/mimo_cyber_clean_ids.txt:mimo_instance_id=arvo_42813,cyber:graphicsmagick,graphicsmagick,,library/task-variants/mimo-v2.6-rl__arvo_42813/2fd0b59c2f66.json
arvo_42859,discard,"discard: bogus crash target (ABRT in LLVMFuzzerInitialize, a fuzzer entry point, not a real crash)",inputs/mimo_suspect_specs.csv:mimo_instance_id=arvo_42859,cyber:php-src,php-src,,
arvo_42908,keep,"keep: no CyberGym/SEC-bench overlap, not a suspect spec, not a duplicate",inputs/mimo_cyber_clean_ids.txt:mimo_instance_id=arvo_42908,cyber:ghostpdl,ghostpdl,arvo_42506541,library/task-variants/mimo-v2.6-rl__arvo_42908/eb8f708c905b.json
arvo_43055,discard,"discard: bogus crash target (ABRT in LLVMFuzzerInitialize, a fuzzer entry point, not a real crash)",inputs/mimo_suspect_specs.csv:mimo_instance_id=arvo_43055;inputs/mimo_duplicates.csv:canonical_bug_id=42506705,cyber:php-src,php-src,arvo_42506705,
arvo_431448415,keep,"keep: no CyberGym/SEC-bench overlap, not a suspect spec, not a duplicate",inputs/mimo_cyber_clean_ids.txt:mimo_instance_id=arvo_431448415,cyber:gpac,gpac,,library/task-variants/mimo-v2.6-rl__arvo_431448415/f0dead14e722.json
arvo_43156,exclude_train,"exclude_train: shares CyberGym test-set bug 42506817 (exact match to arvo:43156); train-on-test risk, eval-only",inputs/overlap.csv:canonical_bug_id=42506817,cyber:ghostpdl,ghostpdl,,
arvo_431836200,keep,"keep: no CyberGym/SEC-bench overlap, not a suspect spec, not a duplicate",inputs/mimo_cyber_clean_ids.txt:mimo_instance_id=arvo_431836200,cyber:gpac,gpac,,library/task-variants/mimo-v2.6-rl__arvo_431836200/7871246da958.json
arvo_4322,exclude_train,"exclude_train: shares CyberGym test-set bug 42506888 (exact match to arvo:4322); train-on-test risk, eval-only",inputs/overlap.csv:canonical_bug_id=42506888,cyber:librawspeed,librawspeed,,
arvo_432880859,keep,"keep: no CyberGym/SEC-bench overlap, not a suspect spec, not a duplicate",inputs/mimo_cyber_clean_ids.txt:mimo_instance_id=arvo_432880859,cyber:ndpi,ndpi,,library/task-variants/mimo-v2.6-rl__arvo_432880859/a3633e04b1ed.json
arvo_43299,keep,"keep: no CyberGym/SEC-bench overlap, not a suspect spec, not a duplicate",inputs/mimo_cyber_clean_ids.txt:mimo_instance_id=arvo_43299,cyber:dnsmasq,dnsmasq,,library/task-variants/mimo-v2.6-rl__arvo_43299/42e32d65371f.json
arvo_43308,keep,"keep: no CyberGym/SEC-bench overlap, not a suspect spec, not a duplicate",inputs/mimo_cyber_clean_ids.txt:mimo_instance_id=arvo_43308,cyber:dnsmasq,dnsmasq,,library/task-variants/mimo-v2.6-rl__arvo_43308/d25162679600.json
arvo_43560,keep,"keep: no CyberGym/SEC-bench overlap, not a suspect spec, not a duplicate",inputs/mimo_cyber_clean_ids.txt:mimo_instance_id=arvo_43560,cyber:dav1d,dav1d,,library/task-variants/mimo-v2.6-rl__arvo_43560/97ffc66032ea.json
arvo_43778,keep,"keep: no CyberGym/SEC-bench overlap, not a suspect spec, not a duplicate",inputs/mimo_cyber_clean_ids.txt:mimo_instance_id=arvo_43778,cyber:qtbase,qtbase,,library/task-variants/mimo-v2.6-rl__arvo_43778/c8e9db54cb31.json
arvo_4385,keep,"keep: no CyberGym/SEC-bench overlap, not a suspect spec, not a duplicate",inputs/mimo_cyber_clean_ids.txt:mimo_instance_id=arvo_4385,cyber:file,file,arvo_42507587,library/task-variants/mimo-v2.6-rl__arvo_4385/c4bfec96ab38.json
arvo_440157362,keep,"keep: no CyberGym/SEC-bench overlap, not a suspect spec, not a duplicate",inputs/mimo_cyber_clean_ids.txt:mimo_instance_id=arvo_440157362,cyber:ffmpeg,ffmpeg,,library/task-variants/mimo-v2.6-rl__arvo_440157362/72fa225f208b.json
arvo_44086,keep,"keep: no CyberGym/SEC-bench overlap, not a suspect spec, not a duplicate",inputs/mimo_cyber_clean_ids.txt:mimo_instance_id=arvo_44086,cyber:assimp,assimp,arvo_42507848,library/task-variants/mimo-v2.6-rl__arvo_44086/11ffd7897ef1.json
arvo_44089,exclude_train,"exclude_train: shares CyberGym test-set bug 42507851 (exact match to arvo:44089); train-on-test risk, eval-only",inputs/overlap.csv:canonical_bug_id=42507851;inputs/mimo_duplicates.csv:canonical_bug_id=42507851,cyber:libplist,libplist,arvo_42507851,
arvo_44221,keep,"keep: no CyberGym/SEC-bench overlap, not a suspect spec, not a duplicate",inputs/mimo_cyber_clean_ids.txt:mimo_instance_id=arvo_44221,cyber:gpac,gpac,,library/task-variants/mimo-v2.6-rl__arvo_44221/9c66fb6e58b8.json
arvo_44258,exclude_train,"exclude_train: shares CyberGym test-set bug 42508039 (exact match to arvo:44258); train-on-test risk, eval-only",inputs/overlap.csv:canonical_bug_id=42508039,cyber:ghostpdl,ghostpdl,,
arvo_444547710,keep,"keep: no CyberGym/SEC-bench overlap, not a suspect spec, not a duplicate",inputs/mimo_cyber_clean_ids.txt:mimo_instance_id=arvo_444547710,cyber:ndpi,ndpi,,library/task-variants/mimo-v2.6-rl__arvo_444547710/b1829210434e.json
arvo_4451,exclude_train,"exclude_train: shares CyberGym test-set bug 42508319 (exact match to arvo:4451); train-on-test risk, eval-only",inputs/overlap.csv:canonical_bug_id=42508319;inputs/mimo_duplicates.csv:canonical_bug_id=42508319,cyber:librawspeed,librawspeed,arvo_42508319,
arvo_44695,exclude_train,"exclude_train: shares CyberGym test-set bug 42508524 (exact match to arvo:44695); train-on-test risk, eval-only",inputs/overlap.csv:canonical_bug_id=42508524,cyber:libplist,libplist,,
arvo_44763,keep,"keep: no CyberGym/SEC-bench overlap, not a suspect spec, not a duplicate",inputs/mimo_cyber_clean_ids.txt:mimo_instance_id=arvo_44763,cyber:fmt,fmt,,library/task-variants/mimo-v2.6-rl__arvo_44763/5d18373695c3.json
arvo_44864,exclude_train,"exclude_train: shares CyberGym test-set bug 42508712 (exact match to arvo:44864); train-on-test risk, eval-only",inputs/overlap.csv:canonical_bug_id=42508712,cyber:binutils-gdb,binutils-gdb,,
arvo_44887,exclude_train,"exclude_train: shares CyberGym test-set bug 42508737 (exact match to arvo:44887); train-on-test risk, eval-only",inputs/overlap.csv:canonical_bug_id=42508737,cyber:opensips,opensips,,
arvo_449549322,keep,"keep: no CyberGym/SEC-bench overlap, not a suspect spec, not a duplicate",inputs/mimo_cyber_clean_ids.txt:mimo_instance_id=arvo_449549322,cyber:php-src,php-src,,library/task-variants/mimo-v2.6-rl__arvo_449549322/df718812f826.json
arvo_4511,exclude_train,"exclude_train: shares CyberGym test-set bug 42508986 (exact match to arvo:4511); train-on-test risk, eval-only",inputs/overlap.csv:canonical_bug_id=42508986;inputs/mimo_duplicates.csv:canonical_bug_id=42508986,cyber:librawspeed,librawspeed,arvo_42508986,
arvo_45429,discard,"discard: bogus crash target (ABRT in LLVMFuzzerInitialize, a fuzzer entry point, not a real crash)",inputs/mimo_suspect_specs.csv:mimo_instance_id=arvo_45429,cyber:php-src,php-src,,
arvo_456486373,keep,"keep: no CyberGym/SEC-bench overlap, not a suspect spec, not a duplicate",inputs/mimo_cyber_clean_ids.txt:mimo_instance_id=arvo_456486373,cyber:graphicsmagick,graphicsmagick,,library/task-variants/mimo-v2.6-rl__arvo_456486373/52f337123ebc.json
arvo_46883,exclude_train,"exclude_train: shares CyberGym test-set bug 42510954 (exact match to arvo:46883); train-on-test risk, eval-only",inputs/overlap.csv:canonical_bug_id=42510954,cyber:flatbuffers,flatbuffers,,
arvo_46983,keep,"keep: no CyberGym/SEC-bench overlap, not a suspect spec, not a duplicate",inputs/mimo_cyber_clean_ids.txt:mimo_instance_id=arvo_46983,cyber:libredwg,libredwg,,library/task-variants/mimo-v2.6-rl__arvo_46983/71cc8d685d84.json
arvo_47000,exclude_train,"exclude_train: shares CyberGym test-set bug 42511086 (exact match to arvo:47000); train-on-test risk, eval-only",inputs/overlap.csv:canonical_bug_id=42511086,cyber:ndpi,ndpi,,
arvo_47101,exclude_train,"exclude_train: shares CyberGym test-set bug 42511198 (exact match to arvo:47101); train-on-test risk, eval-only",inputs/overlap.csv:canonical_bug_id=42511198,cyber:binutils-gdb,binutils-gdb,,
arvo_47861,keep,"keep: no CyberGym/SEC-bench overlap, not a suspect spec, not a duplicate",inputs/mimo_cyber_clean_ids.txt:mimo_instance_id=arvo_47861,cyber:ffmpeg,ffmpeg,,library/task-variants/mimo-v2.6-rl__arvo_47861/73949e0210b4.json
arvo_47877,keep,"keep: no CyberGym/SEC-bench overlap, not a suspect spec, not a duplicate",inputs/mimo_cyber_clean_ids.txt:mimo_instance_id=arvo_47877,cyber:ffmpeg,ffmpeg,,library/task-variants/mimo-v2.6-rl__arvo_47877/16d58bcd93f8.json
arvo_48429,keep,"keep: no CyberGym/SEC-bench overlap, not a suspect spec, not a duplicate",inputs/mimo_cyber_clean_ids.txt:mimo_instance_id=arvo_48429,cyber:ffmpeg,ffmpeg,,library/task-variants/mimo-v2.6-rl__arvo_48429/dde88fdbdd94.json
arvo_48736,exclude_train,"exclude_train: shares CyberGym test-set bug 42513013 (exact match to arvo:48736); train-on-test risk, eval-only",inputs/overlap.csv:canonical_bug_id=42513013,cyber:file,file,,
arvo_48863,exclude_train,"exclude_train: shares CyberGym test-set bug 42513154 (exact match to arvo:48863); train-on-test risk, eval-only",inputs/overlap.csv:canonical_bug_id=42513154,cyber:libpcap,libpcap,,
arvo_48883,keep,"keep: no CyberGym/SEC-bench overlap, not a suspect spec, not a duplicate",inputs/mimo_cyber_clean_ids.txt:mimo_instance_id=arvo_48883,cyber:ndpi,ndpi,,library/task-variants/mimo-v2.6-rl__arvo_48883/b90892d055e9.json
arvo_48904,exclude_train,"exclude_train: shares SEC-bench bug mruby.ossfuzz-42513157 (oss, same fix commit, function_only); mruby.ossfuzz-42513165 (oss, same fix commit, file_only); train-on-test risk for SEC-bench, eval-only",inputs/mimo_secbench.csv:secbench_instance_id=mruby.ossfuzz-42513157;inputs/mimo_secbench.csv:secbench_instance_id=mruby.ossfuzz-42513165;inputs/mimo_duplicates.csv:canonical_bug_id=42513200,cyber:mruby,mruby,arvo_42513200,
arvo_48910,keep,"keep: no CyberGym/SEC-bench overlap, not a suspect spec, not a duplicate",inputs/mimo_cyber_clean_ids.txt:mimo_instance_id=arvo_48910,cyber:lz4,lz4,,library/task-variants/mimo-v2.6-rl__arvo_48910/7ca82aec65b7.json
arvo_48997,keep,"keep: no CyberGym/SEC-bench overlap, not a suspect spec, not a duplicate",inputs/mimo_cyber_clean_ids.txt:mimo_instance_id=arvo_48997,cyber:binutils-gdb,binutils-gdb,,library/task-variants/mimo-v2.6-rl__arvo_48997/ff98599f69e0.json
arvo_49407,keep,"keep: no CyberGym/SEC-bench overlap, not a suspect spec, not a duplicate",inputs/mimo_cyber_clean_ids.txt:mimo_instance_id=arvo_49407,cyber:harfbuzz,harfbuzz,,library/task-variants/mimo-v2.6-rl__arvo_49407/8202cd6b5e6c.json
arvo_49522,keep,"keep: no CyberGym/SEC-bench overlap, not a suspect spec, not a duplicate",inputs/mimo_cyber_clean_ids.txt:mimo_instance_id=arvo_49522,cyber:wolfssl-sp-math,wolfssl-sp-math,,library/task-variants/mimo-v2.6-rl__arvo_49522/ed09aa930bb9.json
arvo_49819,keep,"keep: no CyberGym/SEC-bench overlap, not a suspect spec, not a duplicate",inputs/mimo_cyber_clean_ids.txt:mimo_instance_id=arvo_49819,cyber:S2OPC,S2OPC,,library/task-variants/mimo-v2.6-rl__arvo_49819/a1051b7591bc.json
arvo_49903,exclude_train,"exclude_train: shares CyberGym test-set bug 42514310 (exact match to arvo:49903); train-on-test risk, eval-only",inputs/overlap.csv:canonical_bug_id=42514310;inputs/mimo_duplicates.csv:canonical_bug_id=42514310,cyber:zlib,zlib,arvo_42514310,
arvo_50194,keep,"keep: no CyberGym/SEC-bench overlap, not a suspect spec, not a duplicate",inputs/mimo_cyber_clean_ids.txt:mimo_instance_id=arvo_50194,cyber:libredwg,libredwg,,library/task-variants/mimo-v2.6-rl__arvo_50194/8c014f2593e6.json
arvo_50433,keep,"keep: no CyberGym/SEC-bench overlap, not a suspect spec, not a duplicate",inputs/mimo_cyber_clean_ids.txt:mimo_instance_id=arvo_50433,cyber:c-blosc2,c-blosc2,,library/task-variants/mimo-v2.6-rl__arvo_50433/9e6f909584fe.json
arvo_50991,keep,"keep: no CyberGym/SEC-bench overlap, not a suspect spec, not a duplicate",inputs/mimo_cyber_clean_ids.txt:mimo_instance_id=arvo_50991,cyber:c-blosc2,c-blosc2,,library/task-variants/mimo-v2.6-rl__arvo_50991/3fba0d1221e3.json
arvo_51132,exclude_train,"exclude_train: shares CyberGym test-set bug 42515676 (exact match to arvo:51132); train-on-test risk, eval-only",inputs/overlap.csv:canonical_bug_id=42515676,cyber:fluent-bit,fluent-bit,,
arvo_51169,discard,"discard: bogus crash target (ABRT in LLVMFuzzerInitialize, a fuzzer entry point, not a real crash)",inputs/mimo_suspect_specs.csv:mimo_instance_id=arvo_51169,cyber:php-src,php-src,,
arvo_51558,discard,"discard: duplicate of arvo_42516148 (identical prompt, same bug 42516148); kept arvo_42516148",inputs/mimo_duplicates.csv:canonical_bug_id=42516148,cyber:ntpsec,ntpsec,arvo_42516148,
arvo_51761,keep,"keep: no CyberGym/SEC-bench overlap, not a suspect spec, not a duplicate",inputs/mimo_cyber_clean_ids.txt:mimo_instance_id=arvo_51761,cyber:krb5,krb5,arvo_42516374,library/task-variants/mimo-v2.6-rl__arvo_51761/e52d5bf24b1a.json
arvo_52037,exclude_train,"exclude_train: shares CyberGym test-set bug 42516681 (exact match to arvo:52037); train-on-test risk, eval-only",inputs/overlap.csv:canonical_bug_id=42516681;inputs/mimo_duplicates.csv:canonical_bug_id=42516681,cyber:gpsd,gpsd,arvo_42516681,
arvo_52066,exclude_train,"exclude_train: shares CyberGym test-set bug 42516713 (exact match to arvo:52066); train-on-test risk, eval-only",inputs/overlap.csv:canonical_bug_id=42516713;inputs/mimo_duplicates.csv:canonical_bug_id=42516713,cyber:MapServer,MapServer,arvo_42516713,
arvo_52181,keep,"keep: no CyberGym/SEC-bench overlap, not a suspect spec, not a duplicate",inputs/mimo_cyber_clean_ids.txt:mimo_instance_id=arvo_52181,cyber:msquic,msquic,,library/task-variants/mimo-v2.6-rl__arvo_52181/db0898307661.json
arvo_52204,exclude_train,"exclude_train: shares CyberGym test-set bug 42516867 (exact match to arvo:52204); train-on-test risk, eval-only",inputs/overlap.csv:canonical_bug_id=42516867,cyber:opensips,opensips,,
arvo_52229,exclude_train,"exclude_train: shares CyberGym test-set bug 42516894 (exact match to arvo:52229); train-on-test risk, eval-only",inputs/overlap.csv:canonical_bug_id=42516894,cyber:ndpi,ndpi,,
arvo_52303,discard,"discard: duplicate of arvo_42516977 (identical prompt, same bug 42516977); kept arvo_42516977",inputs/mimo_duplicates.csv:canonical_bug_id=42516977,cyber:ntpsec,ntpsec,arvo_42516977,
arvo_52798,keep,"keep: no CyberGym/SEC-bench overlap, not a suspect spec, not a duplicate",inputs/mimo_cyber_clean_ids.txt:mimo_instance_id=arvo_52798,cyber:wireshark,wireshark,,library/task-variants/mimo-v2.6-rl__arvo_52798/97c01518de50.json
arvo_52917,discard,"discard: duplicate of arvo_42517657 (identical prompt, same bug 42517657); kept arvo_42517657",inputs/mimo_duplicates.csv:canonical_bug_id=42517657,cyber:graphicsmagick,graphicsmagick,arvo_42517657,
arvo_53029,keep,"keep: no CyberGym/SEC-bench overlap, not a suspect spec, not a duplicate",inputs/mimo_cyber_clean_ids.txt:mimo_instance_id=arvo_53029,cyber:mongoose,mongoose,,library/task-variants/mimo-v2.6-rl__arvo_53029/9b2a3e5fd546.json
arvo_53038,keep,"keep: no CyberGym/SEC-bench overlap, not a suspect spec, not a duplicate",inputs/mimo_cyber_clean_ids.txt:mimo_instance_id=arvo_53038,cyber:mongoose,mongoose,,library/task-variants/mimo-v2.6-rl__arvo_53038/a470d2e8a812.json
arvo_53103,keep,"keep: no CyberGym/SEC-bench overlap, not a suspect spec, not a duplicate",inputs/mimo_cyber_clean_ids.txt:mimo_instance_id=arvo_53103,cyber:fluent-bit,fluent-bit,,library/task-variants/mimo-v2.6-rl__arvo_53103/22bde7cb9e01.json
arvo_53397,keep,"keep: no CyberGym/SEC-bench overlap, not a suspect spec, not a duplicate; related: same crash signature as CyberGym arvo:53199 with a different fix commit (related bug, not the same bug)",inputs/mimo_cyber_clean_ids.txt:mimo_instance_id=arvo_53397;inputs/related_bugs.csv:mimo_bug=42518190,cyber:opensips,opensips,,library/task-variants/mimo-v2.6-rl__arvo_53397/94d1584c836d.json
arvo_53435,keep,"keep: no CyberGym/SEC-bench overlap, not a suspect spec, not a duplicate",inputs/mimo_cyber_clean_ids.txt:mimo_instance_id=arvo_53435,cyber:libjpeg-turbo.dev,libjpeg-turbo.dev,,library/task-variants/mimo-v2.6-rl__arvo_53435/8c771bdb1ae6.json
arvo_53623,keep,"keep: no CyberGym/SEC-bench overlap, not a suspect spec, not a duplicate",inputs/mimo_cyber_clean_ids.txt:mimo_instance_id=arvo_53623,cyber:ffmpeg,ffmpeg,,library/task-variants/mimo-v2.6-rl__arvo_53623/445235379273.json
arvo_5365,discard,"discard: duplicate of arvo_42518471 (identical prompt, same bug 42518471); kept arvo_42518471",inputs/mimo_duplicates.csv:canonical_bug_id=42518471,cyber:imagemagick,imagemagick,arvo_42518471,
arvo_53714,keep,"keep: no CyberGym/SEC-bench overlap, not a suspect spec, not a duplicate",inputs/mimo_cyber_clean_ids.txt:mimo_instance_id=arvo_53714,cyber:harfbuzz,harfbuzz,arvo_42518543,library/task-variants/mimo-v2.6-rl__arvo_53714/aa21aeaaaf29.json
arvo_54162,keep,"keep: no CyberGym/SEC-bench overlap, not a suspect spec, not a duplicate",inputs/mimo_cyber_clean_ids.txt:mimo_instance_id=arvo_54162,cyber:libredwg,libredwg,,library/task-variants/mimo-v2.6-rl__arvo_54162/4c32e38a4fa5.json
arvo_54435,keep,"keep: no CyberGym/SEC-bench overlap, not a suspect spec, not a duplicate",inputs/mimo_cyber_clean_ids.txt:mimo_instance_id=arvo_54435,cyber:assimp,assimp,,library/task-variants/mimo-v2.6-rl__arvo_54435/7f92b2365a88.json
arvo_54693,discard,"discard: bogus crash target (ABRT in LLVMFuzzerInitialize, a fuzzer entry point, not a real crash)",inputs/mimo_suspect_specs.csv:mimo_instance_id=arvo_54693,cyber:php-src,php-src,,
arvo_54810,discard,"discard: duplicate of arvo_42519761 (identical prompt, same bug 42519761); kept arvo_42519761",inputs/mimo_duplicates.csv:canonical_bug_id=42519761,cyber:graphicsmagick,graphicsmagick,arvo_42519761,
arvo_5482,keep,"keep: no CyberGym/SEC-bench overlap, not a suspect spec, not a duplicate",inputs/mimo_cyber_clean_ids.txt:mimo_instance_id=arvo_5482,cyber:imagemagick,imagemagick,,library/task-variants/mimo-v2.6-rl__arvo_5482/09ec13f2ea0b.json
arvo_54839,exclude_train,"exclude_train: shares CyberGym test-set bug 42519792 (exact match to arvo:54839); train-on-test risk, eval-only; also shares SEC-bench bug (inputs/mimo_secbench.csv:secbench_instance_id=libredwg.cve-2022-45332)",inputs/overlap.csv:canonical_bug_id=42519792;inputs/mimo_secbench.csv:secbench_instance_id=libredwg.cve-2022-45332;inputs/mimo_duplicates.csv:canonical_bug_id=42519792,cyber:libredwg,libredwg,arvo_42519792,
arvo_54972,exclude_train,"exclude_train: shares CyberGym test-set bug 42519940 (exact match to arvo:54972); train-on-test risk, eval-only",inputs/overlap.csv:canonical_bug_id=42519940,cyber:wireshark,wireshark,,
arvo_55035,keep,"keep: no CyberGym/SEC-bench overlap, not a suspect spec, not a duplicate",inputs/mimo_cyber_clean_ids.txt:mimo_instance_id=arvo_55035,cyber:libplist,libplist,arvo_42520011,library/task-variants/mimo-v2.6-rl__arvo_55035/5af45e583ea9.json
arvo_55051,keep,"keep: no CyberGym/SEC-bench overlap, not a suspect spec, not a duplicate; secbench: same-fix claim unverified (crash no_match in mupdf.ossfuzz-42520029,mupdf.ossfuzz-42520056); kept with flag",inputs/mimo_cyber_clean_ids.txt:mimo_instance_id=arvo_55051;inputs/mimo_secbench.csv:secbench_instance_id=mupdf.ossfuzz-42520029;inputs/mimo_secbench.csv:secbench_instance_id=mupdf.ossfuzz-42520056,cyber:mupdf,mupdf,,library/task-variants/mimo-v2.6-rl__arvo_55051/a22065e0878c.json
arvo_55385,keep,"keep: no CyberGym/SEC-bench overlap, not a suspect spec, not a duplicate",inputs/mimo_cyber_clean_ids.txt:mimo_instance_id=arvo_55385,cyber:wolfssl-sp-math,wolfssl-sp-math,,library/task-variants/mimo-v2.6-rl__arvo_55385/4487bb5d00df.json
arvo_55724,keep,"keep: no CyberGym/SEC-bench overlap, not a suspect spec, not a duplicate",inputs/mimo_cyber_clean_ids.txt:mimo_instance_id=arvo_55724,cyber:libgit2,libgit2,,library/task-variants/mimo-v2.6-rl__arvo_55724/58fa814adec8.json
arvo_55806,keep,"keep: no CyberGym/SEC-bench overlap, not a suspect spec, not a duplicate",inputs/mimo_cyber_clean_ids.txt:mimo_instance_id=arvo_55806,cyber:wolf-ssl-ssh-fuzzers,wolf-ssl-ssh-fuzzers,,library/task-variants/mimo-v2.6-rl__arvo_55806/2dc77d00fae0.json
arvo_55820,exclude_train,"exclude_train: shares CyberGym test-set bug 42520883 (exact match to arvo:55820); train-on-test risk, eval-only",inputs/overlap.csv:canonical_bug_id=42520883,cyber:mosquitto,mosquitto,,
arvo_55948,exclude_train,"exclude_train: shares CyberGym test-set bug 42521023 (exact match to arvo:55948); train-on-test risk, eval-only",inputs/overlap.csv:canonical_bug_id=42521023;inputs/mimo_duplicates.csv:canonical_bug_id=42521023,cyber:mosquitto,mosquitto,arvo_42521023,
arvo_56156,exclude_train,"exclude_train: shares CyberGym test-set bug 42521255 (exact match to arvo:56156); train-on-test risk, eval-only",inputs/overlap.csv:canonical_bug_id=42521255,cyber:ghostpdl,ghostpdl,,
arvo_56327,keep,"keep: no CyberGym/SEC-bench overlap, not a suspect spec, not a duplicate",inputs/mimo_cyber_clean_ids.txt:mimo_instance_id=arvo_56327,cyber:flac,flac,,library/task-variants/mimo-v2.6-rl__arvo_56327/1ec7ebefc801.json
arvo_56897,keep,"keep: no CyberGym/SEC-bench overlap, not a suspect spec, not a duplicate",inputs/mimo_cyber_clean_ids.txt:mimo_instance_id=arvo_56897,cyber:libdwarf,libdwarf,,library/task-variants/mimo-v2.6-rl__arvo_56897/a43c46108ce5.json
arvo_57430,keep,"keep: no CyberGym/SEC-bench overlap, not a suspect spec, not a duplicate",inputs/mimo_cyber_clean_ids.txt:mimo_instance_id=arvo_57430,cyber:wolf-ssl-ssh-fuzzers,wolf-ssl-ssh-fuzzers,,library/task-variants/mimo-v2.6-rl__arvo_57430/4787f6fbfb13.json
arvo_57471,keep,"keep: no CyberGym/SEC-bench overlap, not a suspect spec, not a duplicate",inputs/mimo_cyber_clean_ids.txt:mimo_instance_id=arvo_57471,cyber:wolf-ssl-ssh-fuzzers,wolf-ssl-ssh-fuzzers,,library/task-variants/mimo-v2.6-rl__arvo_57471/994180da91e2.json
arvo_57586,keep,"keep: no CyberGym/SEC-bench overlap, not a suspect spec, not a duplicate",inputs/mimo_cyber_clean_ids.txt:mimo_instance_id=arvo_57586,cyber:libredwg,libredwg,,library/task-variants/mimo-v2.6-rl__arvo_57586/7ae2aeb66aab.json
arvo_57587,keep,"keep: no CyberGym/SEC-bench overlap, not a suspect spec, not a duplicate",inputs/mimo_cyber_clean_ids.txt:mimo_instance_id=arvo_57587,cyber:libredwg,libredwg,,library/task-variants/mimo-v2.6-rl__arvo_57587/525a95d62e25.json
arvo_57589,discard,"discard: duplicate of arvo_42522845 (identical prompt, same bug 42522845); kept arvo_42522845",inputs/mimo_duplicates.csv:canonical_bug_id=42522845,cyber:libredwg,libredwg,arvo_42522845,
arvo_57788,exclude_train,"exclude_train: shares CyberGym test-set bug 42523066 (exact match to arvo:57788); train-on-test risk, eval-only",inputs/overlap.csv:canonical_bug_id=42523066,cyber:MapServer,MapServer,,
arvo_58319,discard,"discard: duplicate of arvo_42523656 (identical prompt, same bug 42523656); kept arvo_42523656",inputs/mimo_duplicates.csv:canonical_bug_id=42523656,cyber:mongoose,mongoose,arvo_42523656,
arvo_5846,discard,"discard: duplicate of arvo_42523812 (identical prompt, same bug 42523812); kept arvo_42523812",inputs/mimo_duplicates.csv:canonical_bug_id=42523812,cyber:imagemagick,imagemagick,arvo_42523812,
arvo_58661,keep,"keep: no CyberGym/SEC-bench overlap, not a suspect spec, not a duplicate",inputs/mimo_cyber_clean_ids.txt:mimo_instance_id=arvo_58661,cyber:graphicsmagick,graphicsmagick,,library/task-variants/mimo-v2.6-rl__arvo_58661/de7e3d0d0a2b.json
arvo_58694,keep,"keep: no CyberGym/SEC-bench overlap, not a suspect spec, not a duplicate",inputs/mimo_cyber_clean_ids.txt:mimo_instance_id=arvo_58694,cyber:wabt,wabt,,library/task-variants/mimo-v2.6-rl__arvo_58694/2908b10651ad.json
arvo_58789,keep,"keep: no CyberGym/SEC-bench overlap, not a suspect spec, not a duplicate",inputs/mimo_cyber_clean_ids.txt:mimo_instance_id=arvo_58789,cyber:capstonenext,capstonenext,arvo_42524177,library/task-variants/mimo-v2.6-rl__arvo_58789/383678acf25c.json
arvo_59279,discard,"discard: duplicate of arvo_42524722 (identical prompt, same bug 42524722); kept arvo_42524722",inputs/mimo_duplicates.csv:canonical_bug_id=42524722,cyber:capstonenext,capstonenext,arvo_42524722,
arvo_59532,keep,"keep: no CyberGym/SEC-bench overlap, not a suspect spec, not a duplicate",inputs/mimo_cyber_clean_ids.txt:mimo_instance_id=arvo_59532,cyber:lldpd,lldpd,,library/task-variants/mimo-v2.6-rl__arvo_59532/9ff4994cee41.json
arvo_59631,keep,"keep: no CyberGym/SEC-bench overlap, not a suspect spec, not a duplicate",inputs/mimo_cyber_clean_ids.txt:mimo_instance_id=arvo_59631,cyber:PcapPlusPlus,PcapPlusPlus,,library/task-variants/mimo-v2.6-rl__arvo_59631/7cfadfcdf41e.json
arvo_59682,discard,"discard: duplicate of arvo_42525170 (identical prompt, same bug 42525170); kept arvo_42525170",inputs/mimo_duplicates.csv:canonical_bug_id=42525170,cyber:FreeRDP,FreeRDP,arvo_42525170,
arvo_60033,keep,"keep: no CyberGym/SEC-bench overlap, not a suspect spec, not a duplicate",inputs/mimo_cyber_clean_ids.txt:mimo_instance_id=arvo_60033,cyber:wolf-ssl-ssh-fuzzers,wolf-ssl-ssh-fuzzers,,library/task-variants/mimo-v2.6-rl__arvo_60033/79b1f29f86a7.json
arvo_6011,keep,"keep: no CyberGym/SEC-bench overlap, not a suspect spec, not a duplicate",inputs/mimo_cyber_clean_ids.txt:mimo_instance_id=arvo_6011,cyber:imagemagick,imagemagick,,library/task-variants/mimo-v2.6-rl__arvo_6011/721f50a882f6.json
arvo_60262,exclude_train,"exclude_train: shares CyberGym test-set bug 42525816 (exact match to arvo:60262); train-on-test risk, eval-only",inputs/overlap.csv:canonical_bug_id=42525816,cyber:serenity,serenity,,
arvo_6032,keep,"keep: no CyberGym/SEC-bench overlap, not a suspect spec, not a duplicate",inputs/mimo_cyber_clean_ids.txt:mimo_instance_id=arvo_6032,cyber:imagemagick,imagemagick,,library/task-variants/mimo-v2.6-rl__arvo_6032/b7f7adf2d496.json
arvo_6070,keep,"keep: no CyberGym/SEC-bench overlap, not a suspect spec, not a duplicate",inputs/mimo_cyber_clean_ids.txt:mimo_instance_id=arvo_6070,cyber:imagemagick,imagemagick,,library/task-variants/mimo-v2.6-rl__arvo_6070/869fcc2c79d8.json
arvo_6073,keep,"keep: no CyberGym/SEC-bench overlap, not a suspect spec, not a duplicate",inputs/mimo_cyber_clean_ids.txt:mimo_instance_id=arvo_6073,cyber:imagemagick,imagemagick,,library/task-variants/mimo-v2.6-rl__arvo_6073/668eaf7d13ab.json
arvo_61721,exclude_train,"exclude_train: shares CyberGym test-set bug 42527435 (exact match to arvo:61721); train-on-test risk, eval-only",inputs/overlap.csv:canonical_bug_id=42527435,cyber:cpython3,cpython3,,
arvo_61993,discard,"discard: bogus crash target (ABRT in LLVMFuzzerInitialize, a fuzzer entry point, not a real crash); also shares CyberGym test-set bug 42527736",inputs/mimo_suspect_specs.csv:mimo_instance_id=arvo_61993;inputs/overlap.csv:canonical_bug_id=42527736,cyber:php-src,php-src,,
arvo_62057,keep,"keep: no CyberGym/SEC-bench overlap, not a suspect spec, not a duplicate",inputs/mimo_cyber_clean_ids.txt:mimo_instance_id=arvo_62057,cyber:kimageformats,kimageformats,,library/task-variants/mimo-v2.6-rl__arvo_62057/c5b203ae4b4f.json
arvo_62087,exclude_train,"exclude_train: shares CyberGym test-set bug 42527841 (exact match to arvo:62087); train-on-test risk, eval-only",inputs/overlap.csv:canonical_bug_id=42527841,cyber:icu,icu,,
arvo_62348,discard,"discard: duplicate of arvo_42528131 (identical prompt, same bug 42528131); kept arvo_42528131",inputs/mimo_duplicates.csv:canonical_bug_id=42528131,cyber:icu,icu,arvo_42528131,
arvo_62425,exclude_train,"exclude_train: shares CyberGym test-set bug 42528217 (exact match to arvo:62425); train-on-test risk, eval-only",inputs/overlap.csv:canonical_bug_id=42528217,cyber:icu,icu,,
arvo_62435,discard,"discard: duplicate of arvo_42528228 (identical prompt, same bug 42528228); kept arvo_42528228",inputs/mimo_duplicates.csv:canonical_bug_id=42528228,cyber:lldpd,lldpd,arvo_42528228,
arvo_62822,exclude_train,"exclude_train: shares CyberGym test-set bug 42528658 (exact match to arvo:62822); train-on-test risk, eval-only",inputs/overlap.csv:canonical_bug_id=42528658,cyber:mruby,mruby,,
arvo_63034,keep,"keep: no CyberGym/SEC-bench overlap, not a suspect spec, not a duplicate",inputs/mimo_cyber_clean_ids.txt:mimo_instance_id=arvo_63034,cyber:glog,glog,,library/task-variants/mimo-v2.6-rl__arvo_63034/42c1ef0663e9.json
arvo_63357,exclude_train,"exclude_train: shares CyberGym test-set bug 42529252 (exact match to arvo:63357); train-on-test risk, eval-only",inputs/overlap.csv:canonical_bug_id=42529252,cyber:serenity,serenity,,
arvo_6347,keep,"keep: no CyberGym/SEC-bench overlap, not a suspect spec, not a duplicate",inputs/mimo_cyber_clean_ids.txt:mimo_instance_id=arvo_6347,cyber:skia,skia,,library/task-variants/mimo-v2.6-rl__arvo_6347/6ac577054c63.json
arvo_63601,discard,"discard: bogus crash target (ABRT in LLVMFuzzerInitialize, a fuzzer entry point, not a real crash)",inputs/mimo_suspect_specs.csv:mimo_instance_id=arvo_63601,cyber:php-src,php-src,,
arvo_63725,discard,"discard: bogus crash target (ABRT in LLVMFuzzerInitialize, a fuzzer entry point, not a real crash)",inputs/mimo_suspect_specs.csv:mimo_instance_id=arvo_63725,cyber:php-src,php-src,,
arvo_63972,keep,"keep: no CyberGym/SEC-bench overlap, not a suspect spec, not a duplicate",inputs/mimo_cyber_clean_ids.txt:mimo_instance_id=arvo_63972,cyber:lcms,lcms,,library/task-variants/mimo-v2.6-rl__arvo_63972/499c0d0bc8aa.json
arvo_64079,exclude_train,"exclude_train: shares CyberGym test-set bug 42530054 (exact match to arvo:64079); train-on-test risk, eval-only",inputs/overlap.csv:canonical_bug_id=42530054,cyber:serenity,serenity,,
arvo_64117,keep,"keep: no CyberGym/SEC-bench overlap, not a suspect spec, not a duplicate",inputs/mimo_cyber_clean_ids.txt:mimo_instance_id=arvo_64117,cyber:PcapPlusPlus,PcapPlusPlus,arvo_42530097,library/task-variants/mimo-v2.6-rl__arvo_64117/fa860a758af6.json
arvo_64127,keep,"keep: no CyberGym/SEC-bench overlap, not a suspect spec, not a duplicate",inputs/mimo_cyber_clean_ids.txt:mimo_instance_id=arvo_64127,cyber:PcapPlusPlus,PcapPlusPlus,,library/task-variants/mimo-v2.6-rl__arvo_64127/98baa368c1a6.json
arvo_64205,keep,"keep: no CyberGym/SEC-bench overlap, not a suspect spec, not a duplicate",inputs/mimo_cyber_clean_ids.txt:mimo_instance_id=arvo_64205,cyber:PcapPlusPlus,PcapPlusPlus,,library/task-variants/mimo-v2.6-rl__arvo_64205/728b5117dae8.json
arvo_64237,discard,"discard: duplicate of arvo_42530230 (identical prompt, same bug 42530230); kept arvo_42530230",inputs/mimo_duplicates.csv:canonical_bug_id=42530230,cyber:PcapPlusPlus,PcapPlusPlus,arvo_42530230,
arvo_64497,keep,"keep: no CyberGym/SEC-bench overlap, not a suspect spec, not a duplicate",inputs/mimo_cyber_clean_ids.txt:mimo_instance_id=arvo_64497,cyber:qt,qt,arvo_42530518,library/task-variants/mimo-v2.6-rl__arvo_64497/eab268946303.json
arvo_64504,discard,"discard: bogus crash target (ABRT in LLVMFuzzerInitialize, a fuzzer entry point, not a real crash)",inputs/mimo_suspect_specs.csv:mimo_instance_id=arvo_64504,cyber:wolf-ssl-ssh-fuzzers,wolf-ssl-ssh-fuzzers,,
arvo_65135,discard,"discard: bogus crash target (ABRT in LLVMFuzzerInitialize, a fuzzer entry point, not a real crash); also shares CyberGym test-set bug 42531228",inputs/mimo_suspect_specs.csv:mimo_instance_id=arvo_65135;inputs/overlap.csv:canonical_bug_id=42531228,cyber:php-src,php-src,,
arvo_6521,exclude_train,"exclude_train: shares CyberGym test-set bug 42531311 (exact match to arvo:6521); train-on-test risk, eval-only",inputs/overlap.csv:canonical_bug_id=42531311;inputs/mimo_duplicates.csv:canonical_bug_id=42531311,cyber:skcms,skcms,arvo_42531311,
arvo_65264,exclude_train,"exclude_train: shares CyberGym test-set bug 42531371 (exact match to arvo:65264); train-on-test risk, eval-only",inputs/overlap.csv:canonical_bug_id=42531371;inputs/mimo_duplicates.csv:canonical_bug_id=42531371,cyber:gpac,gpac,arvo_42531371,
arvo_66209,exclude_train,"exclude_train: shares SEC-bench bug mruby.ossfuzz-42532420 (oss, same fix commit, function_and_type); train-on-test risk for SEC-bench, eval-only",inputs/mimo_secbench.csv:secbench_instance_id=mruby.ossfuzz-42532420;inputs/mimo_duplicates.csv:canonical_bug_id=42532421,cyber:mruby,mruby,arvo_42532421,
arvo_67261,keep,"keep: no CyberGym/SEC-bench overlap, not a suspect spec, not a duplicate",inputs/mimo_cyber_clean_ids.txt:mimo_instance_id=arvo_67261,cyber:gpac,gpac,,library/task-variants/mimo-v2.6-rl__arvo_67261/caa6fbd08d19.json
arvo_6760,keep,"keep: no CyberGym/SEC-bench overlap, not a suspect spec, not a duplicate",inputs/mimo_cyber_clean_ids.txt:mimo_instance_id=arvo_6760,cyber:imagemagick,imagemagick,,library/task-variants/mimo-v2.6-rl__arvo_6760/c1a691249b26.json
arvo_7034,keep,"keep: no CyberGym/SEC-bench overlap, not a suspect spec, not a duplicate",inputs/mimo_cyber_clean_ids.txt:mimo_instance_id=arvo_7034,cyber:imagemagick,imagemagick,,library/task-variants/mimo-v2.6-rl__arvo_7034/a93268eb2eb7.json
arvo_893,keep,"keep: no CyberGym/SEC-bench overlap, not a suspect spec, not a duplicate",inputs/mimo_cyber_clean_ids.txt:mimo_instance_id=arvo_893,cyber:libreoffice,libreoffice,,library/task-variants/mimo-v2.6-rl__arvo_893/8e59f2980b73.json
arvo_8944,exclude_train,"exclude_train: shares CyberGym test-set bug 42540578 (exact match to arvo:8944); train-on-test risk, eval-only",inputs/overlap.csv:canonical_bug_id=42540578;inputs/mimo_duplicates.csv:canonical_bug_id=42540578,cyber:graphicsmagick,graphicsmagick,arvo_42540578,
