2026-03-14 02:00:00.165 runner job=J10221 run=r4216 event=start pid=5216
2026-03-14 02:00:00.165 runner job=J10221 run=r4216 event=finish status=ok exit=0 duration_ms=58135 level=INFO
2026-03-14 02:00:00.230 runner job=J10651 run=r4277 event=start pid=5277
2026-03-14 02:00:00.230 runner job=J10651 run=r4277 event=finish status=ok exit=0 duration_ms=286621 level=INFO
2026-03-14 02:00:00.333 runner job=J10564 run=r4271 event=start pid=5271
2026-03-14 02:00:00.333 runner job=J10564 run=r4271 event=finish status=ok exit=0 duration_ms=299154 level=INFO
2026-03-14 02:00:00.431 runner job=J10479 run=r4244 event=start pid=5244
2026-03-14 02:00:00.431 runner job=J10479 run=r4244 event=finish status=retry_ok exit=0 duration_ms=2430 level=INFO
2026-03-14 02:00:00.431 runner job=J10479 run=r4244 event=retry attempt=2 note=transient-upstream
2026-03-14 02:00:00.854 runner job=J10012 run=r4156 event=start pid=5156
2026-03-14 02:00:00.854 runner job=J10012 run=r4156 event=finish status=ok exit=0 duration_ms=8163 level=INFO
2026-03-14 02:00:00.953 runner job=J10347 run=r4236 event=start pid=5236
2026-03-14 02:00:00.953 runner job=J10347 run=r4236 event=finish status=ok exit=0 duration_ms=79538 level=INFO
2026-03-14 02:00:00.980 runner job=J10133 run=r4196 event=start pid=5196
2026-03-14 02:00:00.980 runner job=J10133 run=r4196 event=finish status=ok exit=0 duration_ms=51257 level=INFO
2026-03-14 02:02:01.122 runner job=J10012 run=r4157 event=start pid=5157
2026-03-14 02:02:01.122 runner job=J10012 run=r4157 event=finish status=ok exit=0 duration_ms=5989 level=INFO
2026-03-14 02:02:42.253 runner job=J10479 run=r4245 event=start pid=5245
2026-03-14 02:02:42.253 runner job=J10479 run=r4245 event=finish status=ok exit=0 duration_ms=4666 level=INFO
2026-03-14 02:03:41.120 runner job=J10221 run=r4217 event=start pid=5217
2026-03-14 02:03:41.120 runner job=J10221 run=r4217 event=finish status=ok exit=0 duration_ms=65209 level=INFO
2026-03-14 02:04:01.409 runner job=J10012 run=r4158 event=start pid=5158
2026-03-14 02:04:01.409 runner job=J10012 run=r4158 event=finish status=ok exit=0 duration_ms=7420 level=INFO
2026-03-14 02:04:28.412 runner job=J10133 run=r4197 event=start pid=5197
2026-03-14 02:04:28.412 runner job=J10133 run=r4197 event=finish status=ok exit=0 duration_ms=31118 level=INFO
2026-03-14 02:05:24.322 runner job=J10479 run=r4246 event=start pid=5246
2026-03-14 02:05:24.322 runner job=J10479 run=r4246 event=finish status=retry_ok exit=0 duration_ms=2887 level=INFO
2026-03-14 02:05:24.322 runner job=J10479 run=r4246 event=retry attempt=2 note=transient-upstream
2026-03-14 02:06:22.481 runner job=J10012 run=r4159 event=start pid=5159
2026-03-14 02:06:22.481 runner job=J10012 run=r4159 event=finish status=ok exit=0 duration_ms=5821 level=INFO
2026-03-14 02:07:19.612 runner job=J10221 run=r4218 event=start pid=5218
2026-03-14 02:07:19.612 runner job=J10221 run=r4218 event=finish status=ok exit=0 duration_ms=58044 level=INFO
2026-03-14 02:08:34.554 runner job=J10133 run=r4198 event=start pid=5198
2026-03-14 02:08:34.554 runner job=J10133 run=r4198 event=finish status=ok exit=0 duration_ms=30735 level=INFO
2026-03-14 02:08:37.364 runner job=J10012 run=r4160 event=start pid=5160
2026-03-14 02:08:37.364 runner job=J10012 run=r4160 event=finish status=ok exit=0 duration_ms=6672 level=INFO
2026-03-14 02:08:40.172 runner job=J10479 run=r4247 event=start pid=5247
2026-03-14 02:08:40.172 runner job=J10479 run=r4247 event=finish status=ok exit=0 duration_ms=5667 level=INFO
2026-03-14 02:09:31.539 runner job=J10347 run=r4237 event=start pid=5237
2026-03-14 02:09:31.539 runner job=J10347 run=r4237 event=finish status=ok exit=0 duration_ms=113308 level=INFO
2026-03-14 02:10:10.728 runner job=J10012 run=r4161 event=start pid=5161
2026-03-14 02:10:10.728 runner job=J10012 run=r4161 event=finish status=ok exit=0 duration_ms=8931 level=INFO
2026-03-14 02:11:42.963 runner job=J10479 run=r4248 event=start pid=5248
2026-03-14 02:11:42.963 runner job=J10479 run=r4248 event=finish status=ok exit=0 duration_ms=4692 level=INFO
2026-03-14 02:12:31.093 runner job=J10012 run=r4162 event=start pid=5162
2026-03-14 02:12:31.093 runner job=J10012 run=r4162 event=finish status=ok exit=0 duration_ms=4856 level=INFO
2026-03-14 02:14:25.120 runner job=J10012 run=r4163 event=start pid=5163
2026-03-14 02:14:25.120 runner job=J10012 run=r4163 event=finish status=ok exit=0 duration_ms=8955 level=INFO
2026-03-14 02:14:49.914 runner job=J10221 run=r4220 event=start pid=5220
2026-03-14 02:14:49.914 runner job=J10221 run=r4220 event=finish status=ok exit=0 duration_ms=57202 level=INFO
2026-03-14 02:15:12.474 runner job=J10479 run=r4249 event=start pid=5249
2026-03-14 02:15:12.474 runner job=J10479 run=r4249 event=finish status=ok exit=0 duration_ms=3293 level=INFO
2026-03-14 02:15:27.794 runner job=J10564 run=r4272 event=start pid=5272
2026-03-14 02:15:27.794 runner job=J10564 run=r4272 event=finish status=ok exit=0 duration_ms=230744 level=INFO
2026-03-14 02:15:58.958 runner job=J10012 run=r4164 event=start pid=5164
2026-03-14 02:15:58.958 runner job=J10012 run=r4164 event=finish status=ok exit=0 duration_ms=6197 level=INFO
2026-03-14 02:16:23.405 runner job=J10133 run=r4200 event=start pid=5200
2026-03-14 02:16:23.405 runner job=J10133 run=r4200 event=finish status=retry_ok exit=0 duration_ms=34602 level=INFO
2026-03-14 02:16:23.405 runner job=J10133 run=r4200 event=retry attempt=2 note=transient-upstream
2026-03-14 02:17:34.259 runner job=J10012 run=r4165 event=start pid=5165
2026-03-14 02:17:34.259 runner job=J10012 run=r4165 event=finish status=ok exit=0 duration_ms=5816 level=INFO
2026-03-14 02:18:22.774 runner job=J10479 run=r4250 event=start pid=5250
2026-03-14 02:18:22.774 runner job=J10479 run=r4250 event=finish status=ok exit=0 duration_ms=5689 level=INFO
2026-03-14 02:19:14.447 runner job=J10221 run=r4221 event=start pid=5221
2026-03-14 02:19:14.447 runner job=J10221 run=r4221 event=finish status=ok exit=0 duration_ms=28044 level=INFO
2026-03-14 02:19:19.906 runner job=J10012 run=r4166 event=start pid=5166
2026-03-14 02:19:19.906 runner job=J10012 run=r4166 event=finish status=ok exit=0 duration_ms=8984 level=INFO
2026-03-14 02:19:56.516 runner job=J10347 run=r4238 event=start pid=5238
2026-03-14 02:19:56.516 runner job=J10347 run=r4238 event=finish status=ok exit=0 duration_ms=115269 level=INFO
2026-03-14 02:20:03.236 runner job=J10133 run=r4201 event=start pid=5201
2026-03-14 02:20:03.236 runner job=J10133 run=r4201 event=finish status=ok exit=0 duration_ms=60368 level=INFO
2026-03-14 02:20:08.546 runner job=J10651 run=r4278 event=start pid=5278
2026-03-14 02:20:08.546 runner job=J10651 run=r4278 event=finish status=ok exit=0 duration_ms=275244 level=INFO
2026-03-14 02:21:08.802 runner job=J10479 run=r4251 event=start pid=5251
2026-03-14 02:21:08.802 runner job=J10479 run=r4251 event=finish status=ok exit=0 duration_ms=5735 level=INFO
2026-03-14 02:21:33.040 runner job=J10012 run=r4167 event=start pid=5167
2026-03-14 02:21:33.040 runner job=J10012 run=r4167 event=finish status=ok exit=0 duration_ms=8052 level=INFO
2026-03-14 02:23:04.351 runner job=J10221 run=r4222 event=start pid=5222
2026-03-14 02:23:04.351 runner job=J10221 run=r4222 event=finish status=ok exit=0 duration_ms=50369 level=INFO
2026-03-14 02:23:09.137 runner job=J10012 run=r4168 event=start pid=5168
2026-03-14 02:23:09.137 runner job=J10012 run=r4168 event=finish status=ok exit=0 duration_ms=7556 level=INFO
2026-03-14 02:24:06.808 runner job=J10479 run=r4252 event=start pid=5252
2026-03-14 02:24:06.808 runner job=J10479 run=r4252 event=finish status=ok exit=0 duration_ms=5093 level=INFO
2026-03-14 02:24:28.697 runner job=J10133 run=r4202 event=start pid=5202
2026-03-14 02:24:28.697 runner job=J10133 run=r4202 event=finish status=ok exit=0 duration_ms=63467 level=INFO
2026-03-14 02:25:37.134 runner job=J10012 run=r4169 event=start pid=5169
2026-03-14 02:25:37.134 runner job=J10012 run=r4169 event=finish status=ok exit=0 duration_ms=7996 level=INFO
2026-03-14 02:26:39.086 runner job=J10221 run=r4223 event=start pid=5223
2026-03-14 02:26:39.086 runner job=J10221 run=r4223 event=finish status=ok exit=0 duration_ms=49805 level=INFO
2026-03-14 02:26:53.900 runner job=J10479 run=r4253 event=start pid=5253
2026-03-14 02:26:53.900 runner job=J10479 run=r4253 event=finish status=ok exit=0 duration_ms=4380 level=INFO
2026-03-14 02:27:34.458 runner job=J10012 run=r4170 event=start pid=5170
2026-03-14 02:27:34.458 runner job=J10012 run=r4170 event=finish status=retry_ok exit=0 duration_ms=5254 level=INFO
2026-03-14 02:27:34.458 runner job=J10012 run=r4170 event=retry attempt=2 note=transient-upstream
2026-03-14 02:28:20.121 runner job=J10133 run=r4203 event=start pid=5203
2026-03-14 02:28:20.121 runner job=J10133 run=r4203 event=finish status=ok exit=0 duration_ms=55193 level=INFO
2026-03-14 02:29:37.560 runner job=J10479 run=r4254 event=start pid=5254
2026-03-14 02:29:37.560 runner job=J10479 run=r4254 event=finish status=ok exit=0 duration_ms=3769 level=INFO
2026-03-14 02:29:49.848 runner job=J10012 run=r4171 event=start pid=5171
2026-03-14 02:29:49.848 runner job=J10012 run=r4171 event=finish status=ok exit=0 duration_ms=5677 level=INFO
2026-03-14 02:30:09.716 runner job=J10221 run=r4224 event=start pid=5224
2026-03-14 02:30:09.716 runner job=J10221 run=r4224 event=finish status=ok exit=0 duration_ms=27396 level=INFO
2026-03-14 02:30:20.846 runner job=J10347 run=r4239 event=start pid=5239
2026-03-14 02:30:20.846 runner job=J10347 run=r4239 event=finish status=ok exit=0 duration_ms=131006 level=INFO
2026-03-14 02:30:28.470 runner job=J10564 run=r4273 event=start pid=5273
2026-03-14 02:30:28.470 runner job=J10564 run=r4273 event=finish status=ok exit=0 duration_ms=183238 level=INFO
2026-03-14 02:31:50.077 runner job=J10012 run=r4172 event=start pid=5172
2026-03-14 02:31:50.077 runner job=J10012 run=r4172 event=finish status=ok exit=0 duration_ms=8188 level=INFO
2026-03-14 02:32:39.405 runner job=J10479 run=r4255 event=start pid=5255
2026-03-14 02:32:39.405 runner job=J10479 run=r4255 event=finish status=failed exit=1 duration_ms=4201 level=WARN
2026-03-14 02:32:42.100 runner job=J10133 run=r4204 event=start pid=5204
2026-03-14 02:32:42.100 runner job=J10133 run=r4204 event=finish status=ok exit=0 duration_ms=47097 level=INFO
2026-03-14 02:33:32.216 runner job=J10012 run=r4173 event=start pid=5173
2026-03-14 02:33:32.216 runner job=J10012 run=r4173 event=finish status=ok exit=0 duration_ms=4744 level=INFO
2026-03-14 02:33:57.292 runner job=J10221 run=r4225 event=start pid=5225
2026-03-14 02:33:57.292 runner job=J10221 run=r4225 event=finish status=ok exit=0 duration_ms=56681 level=INFO
2026-03-14 02:35:38.296 runner job=J10479 run=r4256 event=start pid=5256
2026-03-14 02:35:38.296 runner job=J10479 run=r4256 event=finish status=ok exit=0 duration_ms=4899 level=INFO
2026-03-14 02:35:43.507 runner job=J10012 run=r4174 event=start pid=5174
2026-03-14 02:35:43.507 runner job=J10012 run=r4174 event=finish status=ok exit=0 duration_ms=4765 level=INFO
2026-03-14 02:36:49.303 runner job=J10133 run=r4205 event=start pid=5205
2026-03-14 02:36:49.303 runner job=J10133 run=r4205 event=finish status=ok exit=0 duration_ms=48926 level=INFO
2026-03-14 02:37:43.478 runner job=J10221 run=r4226 event=start pid=5226
2026-03-14 02:37:43.478 runner job=J10221 run=r4226 event=finish status=ok exit=0 duration_ms=51090 level=INFO
2026-03-14 02:37:54.299 runner job=J10012 run=r4175 event=start pid=5175
2026-03-14 02:37:54.299 runner job=J10012 run=r4175 event=finish status=ok exit=0 duration_ms=5528 level=INFO
2026-03-14 02:38:38.256 runner job=J10479 run=r4257 event=start pid=5257
2026-03-14 02:38:38.256 runner job=J10479 run=r4257 event=finish status=ok exit=0 duration_ms=5783 level=INFO
2026-03-14 02:39:49.950 runner job=J10012 run=r4176 event=start pid=5176
2026-03-14 02:39:49.950 runner job=J10012 run=r4176 event=finish status=ok exit=0 duration_ms=8966 level=INFO
2026-03-14 02:39:54.537 runner job=J10651 run=r4279 event=start pid=5279
2026-03-14 02:39:54.537 runner job=J10651 run=r4279 event=finish status=ok exit=0 duration_ms=266562 level=INFO
2026-03-14 02:40:28.127 runner job=J10347 run=r4240 event=start pid=5240
2026-03-14 02:40:28.127 runner job=J10347 run=r4240 event=finish status=ok exit=0 duration_ms=78727 level=INFO
2026-03-14 02:41:08.632 runner job=J10133 run=r4206 event=start pid=5206
2026-03-14 02:41:08.632 runner job=J10133 run=r4206 event=finish status=ok exit=0 duration_ms=37681 level=INFO
2026-03-14 02:41:16.861 runner job=J10479 run=r4258 event=start pid=5258
2026-03-14 02:41:16.861 runner job=J10479 run=r4258 event=finish status=ok exit=0 duration_ms=4071 level=INFO
2026-03-14 02:41:38.943 runner job=J10221 run=r4227 event=start pid=5227
2026-03-14 02:41:38.943 runner job=J10221 run=r4227 event=finish status=ok exit=0 duration_ms=48324 level=INFO
2026-03-14 02:41:42.087 runner job=J10012 run=r4177 event=start pid=5177
2026-03-14 02:41:42.087 runner job=J10012 run=r4177 event=finish status=ok exit=0 duration_ms=6108 level=INFO
2026-03-14 02:43:54.548 runner job=J10012 run=r4178 event=start pid=5178
2026-03-14 02:43:54.548 runner job=J10012 run=r4178 event=finish status=ok exit=0 duration_ms=4402 level=INFO
2026-03-14 02:44:35.238 runner job=J10479 run=r4259 event=start pid=5259
2026-03-14 02:44:35.238 runner job=J10479 run=r4259 event=finish status=ok exit=0 duration_ms=2435 level=INFO
2026-03-14 02:45:35.625 runner job=J10133 run=r4207 event=start pid=5207
2026-03-14 02:45:35.625 runner job=J10133 run=r4207 event=finish status=ok exit=0 duration_ms=60018 level=INFO
2026-03-14 02:45:37.013 runner job=J10221 run=r4228 event=start pid=5228
2026-03-14 02:45:37.013 runner job=J10221 run=r4228 event=finish status=ok exit=0 duration_ms=46940 level=INFO
2026-03-14 02:45:47.014 runner job=J10012 run=r4179 event=start pid=5179
2026-03-14 02:45:47.014 runner job=J10012 run=r4179 event=finish status=ok exit=0 duration_ms=4517 level=INFO
2026-03-14 02:45:53.027 runner job=J10564 run=r4274 event=start pid=5274
2026-03-14 02:45:53.027 runner job=J10564 run=r4274 event=finish status=ok exit=0 duration_ms=239233 level=INFO
2026-03-14 02:47:18.137 runner job=J10479 run=r4260 event=start pid=5260
2026-03-14 02:47:18.137 runner job=J10479 run=r4260 event=finish status=ok exit=0 duration_ms=3227 level=INFO
2026-03-14 02:47:48.783 runner job=J10012 run=r4180 event=start pid=5180
2026-03-14 02:47:48.783 runner job=J10012 run=r4180 event=finish status=ok exit=0 duration_ms=5357 level=INFO
2026-03-14 02:49:29.708 runner job=J10133 run=r4208 event=start pid=5208
2026-03-14 02:49:29.708 runner job=J10133 run=r4208 event=finish status=oom_killed exit=137 duration_ms=79837 level=ERROR
2026-03-14 02:49:58.609 runner job=J10012 run=r4181 event=start pid=5181
2026-03-14 02:49:58.609 runner job=J10012 run=r4181 event=finish status=ok exit=0 duration_ms=7049 level=INFO
2026-03-14 02:50:03.521 runner job=J10221 run=r4229 event=start pid=5229
2026-03-14 02:50:03.521 runner job=J10221 run=r4229 event=finish status=ok exit=0 duration_ms=49346 level=INFO
2026-03-14 02:50:22.033 runner job=J10479 run=r4261 event=start pid=5261
2026-03-14 02:50:22.033 runner job=J10479 run=r4261 event=finish status=retry_ok exit=0 duration_ms=3914 level=INFO
2026-03-14 02:50:22.033 runner job=J10479 run=r4261 event=retry attempt=2 note=transient-upstream
2026-03-14 02:50:48.523 runner job=J10347 run=r4241 event=start pid=5241
2026-03-14 02:50:48.523 runner job=J10347 run=r4241 event=finish status=ok exit=0 duration_ms=117663 level=INFO
2026-03-14 02:51:29.956 runner job=J10012 run=r4182 event=start pid=5182
2026-03-14 02:51:29.956 runner job=J10012 run=r4182 event=finish status=ok exit=0 duration_ms=6131 level=INFO
2026-03-14 02:52:55.063 runner job=J10479 run=r4262 event=start pid=5262
2026-03-14 02:52:55.063 runner job=J10479 run=r4262 event=finish status=ok exit=0 duration_ms=2536 level=INFO
2026-03-14 02:53:16.073 runner job=J10012 run=r4183 event=start pid=5183
2026-03-14 02:53:16.073 runner job=J10012 run=r4183 event=finish status=ok exit=0 duration_ms=5024 level=INFO
2026-03-14 02:53:39.573 runner job=J10133 run=r4209 event=start pid=5209
2026-03-14 02:53:39.573 runner job=J10133 run=r4209 event=finish status=oom_killed exit=137 duration_ms=48398 level=ERROR
2026-03-14 02:53:59.013 runner job=J10221 run=r4230 event=start pid=5230
2026-03-14 02:53:59.013 runner job=J10221 run=r4230 event=finish status=ok exit=0 duration_ms=59399 level=INFO
2026-03-14 02:55:12.370 runner job=J10012 run=r4184 event=start pid=5184
2026-03-14 02:55:12.370 runner job=J10012 run=r4184 event=finish status=ok exit=0 duration_ms=8493 level=INFO
2026-03-14 02:55:42.489 runner job=J10479 run=r4263 event=start pid=5263
2026-03-14 02:55:42.489 runner job=J10479 run=r4263 event=finish status=ok exit=0 duration_ms=3729 level=INFO
2026-03-14 02:57:00.158 runner job=J10012 run=r4185 event=start pid=5185
2026-03-14 02:57:00.158 runner job=J10012 run=r4185 event=finish status=ok exit=0 duration_ms=5927 level=INFO
2026-03-14 02:57:18.341 runner job=J10133 run=r4210 event=start pid=5210
2026-03-14 02:57:18.341 runner job=J10133 run=r4210 event=finish status=oom_killed exit=137 duration_ms=46462 level=ERROR
2026-03-14 02:57:40.566 runner job=J10221 run=r4231 event=start pid=5231
2026-03-14 02:57:40.566 runner job=J10221 run=r4231 event=finish status=retry_ok exit=0 duration_ms=69326 level=INFO
2026-03-14 02:57:40.566 runner job=J10221 run=r4231 event=retry attempt=2 note=transient-upstream
2026-03-14 02:58:26.037 runner job=J10479 run=r4264 event=start pid=5264
2026-03-14 02:58:26.037 runner job=J10479 run=r4264 event=finish status=ok exit=0 duration_ms=3347 level=INFO
2026-03-14 02:58:42.538 runner job=J10012 run=r4186 event=start pid=5186
2026-03-14 02:58:42.538 runner job=J10012 run=r4186 event=finish status=failed exit=2 duration_ms=8105 level=WARN
2026-03-14 02:59:55.091 runner job=J10651 run=r4280 event=start pid=5280
2026-03-14 02:59:55.091 runner job=J10651 run=r4280 event=finish status=ok exit=0 duration_ms=285508 level=INFO
2026-03-14 03:00:31.671 runner job=J10564 run=r4275 event=start pid=5275
2026-03-14 03:00:31.671 runner job=J10564 run=r4275 event=finish status=ok exit=0 duration_ms=258589 level=INFO
2026-03-14 03:00:56.397 runner job=J10133 run=r4211 event=start pid=5211
2026-03-14 03:00:56.397 runner job=J10133 run=r4211 event=finish status=ok exit=0 duration_ms=42023 level=INFO
2026-03-14 03:00:57.589 runner job=J10012 run=r4187 event=start pid=5187
2026-03-14 03:00:57.589 runner job=J10012 run=r4187 event=finish status=ok exit=0 duration_ms=7657 level=INFO
2026-03-14 03:01:16.245 runner job=J10347 run=r4242 event=start pid=5242
2026-03-14 03:01:16.245 runner job=J10347 run=r4242 event=finish status=ok exit=0 duration_ms=138246 level=INFO
2026-03-14 03:01:49.528 runner job=J10221 run=r4232 event=start pid=5232
2026-03-14 03:01:49.528 runner job=J10221 run=r4232 event=finish status=ok exit=0 duration_ms=52074 level=INFO
2026-03-14 03:02:55.904 runner job=J10012 run=r4188 event=start pid=5188
2026-03-14 03:02:55.904 runner job=J10012 run=r4188 event=finish status=ok exit=0 duration_ms=4492 level=INFO
2026-03-14 03:04:21.292 runner job=J10479 run=r4266 event=start pid=5266
2026-03-14 03:04:21.292 runner job=J10479 run=r4266 event=finish status=ok exit=0 duration_ms=3148 level=INFO
2026-03-14 03:04:31.327 runner job=J10133 run=r4212 event=start pid=5212
2026-03-14 03:04:31.327 runner job=J10133 run=r4212 event=finish status=ok exit=0 duration_ms=58228 level=INFO
2026-03-14 03:04:50.963 runner job=J10012 run=r4189 event=start pid=5189
2026-03-14 03:04:50.963 runner job=J10012 run=r4189 event=finish status=ok exit=0 duration_ms=8105 level=INFO
2026-03-14 03:05:51.965 runner job=J10221 run=r4233 event=start pid=5233
2026-03-14 03:05:51.965 runner job=J10221 run=r4233 event=finish status=ok exit=0 duration_ms=60303 level=INFO
2026-03-14 03:06:29.000 runner job=J10012 run=r4190 event=start pid=5190
2026-03-14 03:06:29.000 runner job=J10012 run=r4190 event=finish status=ok exit=0 duration_ms=7816 level=INFO
2026-03-14 03:07:14.585 runner job=J10479 run=r4267 event=start pid=5267
2026-03-14 03:07:14.585 runner job=J10479 run=r4267 event=finish status=ok exit=0 duration_ms=4253 level=INFO
2026-03-14 03:08:34.108 runner job=J10012 run=r4191 event=start pid=5191
2026-03-14 03:08:34.108 runner job=J10012 run=r4191 event=finish status=ok exit=0 duration_ms=7419 level=INFO
2026-03-14 03:08:46.277 runner job=J10133 run=r4213 event=start pid=5213
2026-03-14 03:08:46.277 runner job=J10133 run=r4213 event=finish status=ok exit=0 duration_ms=39251 level=INFO
2026-03-14 03:10:15.325 runner job=J10479 run=r4268 event=start pid=5268
2026-03-14 03:10:15.325 runner job=J10479 run=r4268 event=finish status=ok exit=0 duration_ms=3713 level=INFO
2026-03-14 03:10:16.259 runner job=J10221 run=r4234 event=start pid=5234
2026-03-14 03:10:16.259 runner job=J10221 run=r4234 event=finish status=ok exit=0 duration_ms=77516 level=INFO
2026-03-14 03:10:42.356 runner job=J10012 run=r4192 event=start pid=5192
2026-03-14 03:10:42.356 runner job=J10012 run=r4192 event=finish status=ok exit=0 duration_ms=6050 level=INFO
2026-03-14 03:11:09.007 runner job=J10347 run=r4243 event=start pid=5243
2026-03-14 03:11:09.007 runner job=J10347 run=r4243 event=finish status=ok exit=0 duration_ms=102697 level=INFO
2026-03-14 03:12:55.055 runner job=J10133 run=r4214 event=start pid=5214
2026-03-14 03:12:55.055 runner job=J10133 run=r4214 event=finish status=ok exit=0 duration_ms=43182 level=INFO
2026-03-14 03:12:56.476 runner job=J10479 run=r4269 event=start pid=5269
2026-03-14 03:12:56.476 runner job=J10479 run=r4269 event=finish status=ok exit=0 duration_ms=4904 level=INFO
2026-03-14 03:13:05.906 runner job=J10012 run=r4193 event=start pid=5193
2026-03-14 03:13:05.906 runner job=J10012 run=r4193 event=finish status=ok exit=0 duration_ms=5645 level=INFO
2026-03-14 03:14:12.172 runner job=J10221 run=r4235 event=start pid=5235
2026-03-14 03:14:12.172 runner job=J10221 run=r4235 event=finish status=ok exit=0 duration_ms=33658 level=INFO
2026-03-14 03:15:01.570 runner job=J10012 run=r4194 event=start pid=5194
2026-03-14 03:15:01.570 runner job=J10012 run=r4194 event=finish status=ok exit=0 duration_ms=5674 level=INFO
2026-03-14 03:15:24.420 runner job=J10564 run=r4276 event=start pid=5276
2026-03-14 03:15:24.420 runner job=J10564 run=r4276 event=finish status=ok exit=0 duration_ms=258166 level=INFO
2026-03-14 03:16:11.298 runner job=J10479 run=r4270 event=start pid=5270
2026-03-14 03:16:11.298 runner job=J10479 run=r4270 event=finish status=ok exit=0 duration_ms=4638 level=INFO
2026-03-14 03:16:57.245 runner job=J10012 run=r4195 event=start pid=5195
2026-03-14 03:16:57.245 runner job=J10012 run=r4195 event=finish status=ok exit=0 duration_ms=5670 level=INFO
2026-03-14 03:17:07.399 runner job=J10133 run=r4215 event=start pid=5215
2026-03-14 03:17:07.399 runner job=J10133 run=r4215 event=finish status=ok exit=0 duration_ms=71198 level=INFO
2026-03-14 02:38:22.704 runner heartbeat queue_depth=0 workers_busy=2 level=DEBUG
2026-03-14 02:15:19.282 runner heartbeat queue_depth=4 workers_busy=0 level=DEBUG
2026-03-14 02:59:35.612 runner heartbeat queue_depth=0 workers_busy=0 level=DEBUG
2026-03-14 03:00:59.469 runner heartbeat queue_depth=2 workers_busy=2 level=DEBUG
2026-03-14 02:47:55.373 runner heartbeat queue_depth=8 workers_busy=0 level=DEBUG
2026-03-14 02:10:49.480 runner heartbeat queue_depth=2 workers_busy=3 level=DEBUG
2026-03-14 02:03:45.419 runner heartbeat queue_depth=5 workers_busy=1 level=DEBUG
2026-03-14 02:56:01.573 runner heartbeat queue_depth=8 workers_busy=1 level=DEBUG
2026-03-14 03:04:54.379 runner heartbeat queue_depth=2 workers_busy=3 level=DEBUG
2026-03-14 02:13:33.042 runner heartbeat queue_depth=0 workers_busy=1 level=DEBUG
2026-03-14 02:57:19.894 runner heartbeat queue_depth=1 workers_busy=2 level=DEBUG
2026-03-14 02:15:14.273 runner heartbeat queue_depth=4 workers_busy=0 level=DEBUG
2026-03-14 02:49:25.623 runner heartbeat queue_depth=0 workers_busy=0 level=DEBUG
2026-03-14 02:14:39.192 runner heartbeat queue_depth=1 workers_busy=3 level=DEBUG
2026-03-14 02:08:27.129 runner heartbeat queue_depth=0 workers_busy=0 level=DEBUG
2026-03-14 02:55:29.304 runner heartbeat queue_depth=4 workers_busy=1 level=DEBUG
2026-03-14 02:43:07.582 runner heartbeat queue_depth=2 workers_busy=2 level=DEBUG
2026-03-14 03:13:12.036 runner heartbeat queue_depth=4 workers_busy=3 level=DEBUG
2026-03-14 02:51:27.630 runner heartbeat queue_depth=0 workers_busy=2 level=DEBUG
2026-03-14 03:02:11.192 runner heartbeat queue_depth=5 workers_busy=2 level=DEBUG
2026-03-14 03:06:59.161 runner heartbeat queue_depth=4 workers_busy=0 level=DEBUG
2026-03-14 02:54:53.669 runner heartbeat queue_depth=1 workers_busy=0 level=DEBUG
2026-03-14 02:27:07.893 runner heartbeat queue_depth=5 workers_busy=1 level=DEBUG
2026-03-14 02:43:32.077 runner heartbeat queue_depth=1 workers_busy=3 level=DEBUG
2026-03-14 03:11:14.552 runner heartbeat queue_depth=1 workers_busy=0 level=DEBUG
2026-03-14 02:44:58.678 runner heartbeat queue_depth=6 workers_busy=3 level=DEBUG
2026-03-14 03:10:37.013 runner heartbeat queue_depth=1 workers_busy=0 level=DEBUG
2026-03-14 02:19:03.968 runner heartbeat queue_depth=2 workers_busy=1 level=DEBUG
2026-03-14 03:02:34.568 runner heartbeat queue_depth=3 workers_busy=1 level=DEBUG
2026-03-14 02:10:26.279 runner heartbeat queue_depth=6 workers_busy=3 level=DEBUG
2026-03-14 02:30:01.545 runner heartbeat queue_depth=2 workers_busy=2 level=DEBUG
2026-03-14 02:12:45.914 runner heartbeat queue_depth=8 workers_busy=3 level=DEBUG
2026-03-14 02:40:37.299 runner heartbeat queue_depth=3 workers_busy=3 level=DEBUG
2026-03-14 02:47:19.757 runner heartbeat queue_depth=3 workers_busy=3 level=DEBUG
2026-03-14 02:49:30.831 runner heartbeat queue_depth=2 workers_busy=1 level=DEBUG
2026-03-14 02:25:52.758 runner heartbeat queue_depth=6 workers_busy=1 level=DEBUG
2026-03-14 03:00:14.735 runner heartbeat queue_depth=8 workers_busy=1 level=DEBUG
2026-03-14 02:51:53.560 runner heartbeat queue_depth=0 workers_busy=2 level=DEBUG
2026-03-14 02:44:15.872 runner heartbeat queue_depth=5 workers_busy=0 level=DEBUG
2026-03-14 02:01:03.652 runner heartbeat queue_depth=0 workers_busy=3 level=DEBUG
2026-03-14 02:35:53.091 runner heartbeat queue_depth=0 workers_busy=1 level=DEBUG
2026-03-14 02:40:48.576 runner heartbeat queue_depth=0 workers_busy=0 level=DEBUG
2026-03-14 02:50:18.470 runner heartbeat queue_depth=6 workers_busy=1 level=DEBUG
2026-03-14 02:35:09.266 runner heartbeat queue_depth=4 workers_busy=1 level=DEBUG
2026-03-14 02:21:46.831 runner heartbeat queue_depth=2 workers_busy=3 level=DEBUG
2026-03-14 02:14:00.344 runner heartbeat queue_depth=3 workers_busy=3 level=DEBUG
2026-03-14 02:53:16.132 runner heartbeat queue_depth=3 workers_busy=1 level=DEBUG
2026-03-14 02:02:35.456 runner heartbeat queue_depth=5 workers_busy=1 level=DEBUG
2026-03-14 02:16:57.712 runner heartbeat queue_depth=4 workers_busy=2 level=DEBUG
2026-03-14 02:04:39.388 runner heartbeat queue_depth=8 workers_busy=1 level=DEBUG
2026-03-14 02:06:07.816 runner heartbeat queue_depth=1 workers_busy=1 level=DEBUG
2026-03-14 03:07:21.847 runner heartbeat queue_depth=1 workers_busy=2 level=DEBUG
2026-03-14 02:31:27.070 runner heartbeat queue_depth=4 workers_busy=1 level=DEBUG
2026-03-14 02:26:49.092 runner heartbeat queue_depth=3 workers_busy=0 level=DEBUG
2026-03-14 03:14:47.972 runner heartbeat queue_depth=6 workers_busy=0 level=DEBUG
2026-03-14 02:19:35.779 runner heartbeat queue_depth=8 workers_busy=1 level=DEBUG
2026-03-14 02:33:16.538 runner heartbeat queue_depth=8 workers_busy=3 level=DEBUG
2026-03-14 02:02:12.165 runner heartbeat queue_depth=8 workers_busy=3 level=DEBUG
2026-03-14 02:21:33.153 runner heartbeat queue_depth=3 workers_busy=3 level=DEBUG
2026-03-14 02:34:36.452 runner heartbeat queue_depth=8 workers_busy=2 level=DEBUG
2026-03-14 02:58:56.300 runner heartbeat queue_depth=3 workers_busy=1 level=DEBUG
2026-03-14 03:12:55.472 runner heartbeat queue_depth=5 workers_busy=2 level=DEBUG
2026-03-14 02:55:21.709 runner heartbeat queue_depth=6 workers_busy=2 level=DEBUG
2026-03-14 02:07:53.335 runner heartbeat queue_depth=5 workers_busy=1 level=DEBUG
2026-03-14 02:20:52.402 runner heartbeat queue_depth=6 workers_busy=0 level=DEBUG
2026-03-14 02:49:14.123 runner heartbeat queue_depth=1 workers_busy=0 level=DEBUG
2026-03-14 02:24:49.333 runner heartbeat queue_depth=8 workers_busy=0 level=DEBUG
2026-03-14 02:25:19.350 runner heartbeat queue_depth=4 workers_busy=0 level=DEBUG
2026-03-14 02:14:01.026 runner heartbeat queue_depth=7 workers_busy=3 level=DEBUG
2026-03-14 02:01:58.502 runner heartbeat queue_depth=1 workers_busy=2 level=DEBUG
2026-03-14 03:11:36.215 runner heartbeat queue_depth=1 workers_busy=0 level=DEBUG
2026-03-14 02:45:50.652 runner heartbeat queue_depth=2 workers_busy=1 level=DEBUG
2026-03-14 02:38:20.977 runner heartbeat queue_depth=8 workers_busy=1 level=DEBUG
2026-03-14 02:48:25.634 runner heartbeat queue_depth=4 workers_busy=1 level=DEBUG
2026-03-14 02:41:57.242 runner heartbeat queue_depth=5 workers_busy=0 level=DEBUG
2026-03-14 02:07:00.716 runner heartbeat queue_depth=7 workers_busy=2 level=DEBUG
2026-03-14 02:41:40.466 runner heartbeat queue_depth=1 workers_busy=2 level=DEBUG
2026-03-14 02:09:36.831 runner heartbeat queue_depth=5 workers_busy=0 level=DEBUG
2026-03-14 02:08:37.732 runner heartbeat queue_depth=5 workers_busy=0 level=DEBUG
2026-03-14 02:28:27.762 runner heartbeat queue_depth=7 workers_busy=2 level=DEBUG
2026-03-14 02:00:09.831 runner heartbeat queue_depth=2 workers_busy=3 level=DEBUG
2026-03-14 02:25:55.188 runner heartbeat queue_depth=1 workers_busy=1 level=DEBUG
2026-03-14 02:58:31.237 runner heartbeat queue_depth=2 workers_busy=2 level=DEBUG
2026-03-14 03:15:44.132 runner heartbeat queue_depth=4 workers_busy=0 level=DEBUG
2026-03-14 02:19:14.486 runner heartbeat queue_depth=8 workers_busy=2 level=DEBUG
2026-03-14 02:51:52.037 runner heartbeat queue_depth=3 workers_busy=2 level=DEBUG
2026-03-14 02:33:46.472 runner heartbeat queue_depth=2 workers_busy=2 level=DEBUG
2026-03-14 02:40:11.095 runner heartbeat queue_depth=3 workers_busy=3 level=DEBUG
2026-03-14 02:45:42.522 runner heartbeat queue_depth=5 workers_busy=3 level=DEBUG
2026-03-14 02:45:18.187 runner heartbeat queue_depth=3 workers_busy=2 level=DEBUG
2026-03-14 02:44:35.623 runner heartbeat queue_depth=4 workers_busy=1 level=DEBUG
2026-03-14 02:44:35.819 runner heartbeat queue_depth=8 workers_busy=1 level=DEBUG
2026-03-14 02:06:02.701 runner heartbeat queue_depth=2 workers_busy=2 level=DEBUG
2026-03-14 02:50:16.180 runner heartbeat queue_depth=8 workers_busy=1 level=DEBUG
2026-03-14 02:21:18.355 runner heartbeat queue_depth=5 workers_busy=3 level=DEBUG
2026-03-14 02:26:14.215 runner heartbeat queue_depth=3 workers_busy=3 level=DEBUG
2026-03-14 02:02:28.905 runner heartbeat queue_depth=5 workers_busy=2 level=DEBUG
2026-03-14 02:17:30.545 runner heartbeat queue_depth=0 workers_busy=1 level=DEBUG
2026-03-14 03:13:41.497 runner heartbeat queue_depth=6 workers_busy=2 level=DEBUG
2026-03-14 02:05:17.311 runner heartbeat queue_depth=7 workers_busy=2 level=DEBUG
2026-03-14 02:05:39.223 runner heartbeat queue_depth=4 workers_busy=2 level=DEBUG
2026-03-14 02:35:27.849 runner heartbeat queue_depth=5 workers_busy=3 level=DEBUG
2026-03-14 02:56:43.238 runner heartbeat queue_depth=8 workers_busy=1 level=DEBUG
2026-03-14 03:10:48.518 runner heartbeat queue_depth=7 workers_busy=2 level=DEBUG
2026-03-14 02:50:47.874 runner heartbeat queue_depth=2 workers_busy=0 level=DEBUG
2026-03-14 03:09:22.144 runner heartbeat queue_depth=0 workers_busy=3 level=DEBUG
2026-03-14 02:30:28.593 runner heartbeat queue_depth=0 workers_busy=2 level=DEBUG
2026-03-14 02:34:13.531 runner heartbeat queue_depth=2 workers_busy=1 level=DEBUG
2026-03-14 02:27:07.319 runner heartbeat queue_depth=3 workers_busy=0 level=DEBUG
2026-03-14 02:37:59.675 runner heartbeat queue_depth=1 workers_busy=3 level=DEBUG
2026-03-14 02:30:02.996 runner heartbeat queue_depth=2 workers_busy=1 level=DEBUG
2026-03-14 02:46:25.633 runner heartbeat queue_depth=6 workers_busy=1 level=DEBUG
2026-03-14 02:58:01.754 runner heartbeat queue_depth=5 workers_busy=1 level=DEBUG
2026-03-14 03:07:06.232 runner heartbeat queue_depth=6 workers_busy=1 level=DEBUG
2026-03-14 02:26:43.889 runner heartbeat queue_depth=4 workers_busy=0 level=DEBUG
2026-03-14 02:13:47.151 runner heartbeat queue_depth=4 workers_busy=2 level=DEBUG
2026-03-14 03:04:10.735 runner heartbeat queue_depth=3 workers_busy=3 level=DEBUG
2026-03-14 02:48:02.698 runner heartbeat queue_depth=0 workers_busy=3 level=DEBUG
2026-03-14 02:16:12.279 runner heartbeat queue_depth=1 workers_busy=3 level=DEBUG
2026-03-14 02:15:03.626 runner heartbeat queue_depth=3 workers_busy=1 level=DEBUG
2026-03-14 02:03:54.728 runner heartbeat queue_depth=7 workers_busy=1 level=DEBUG
2026-03-14 02:43:49.309 runner heartbeat queue_depth=3 workers_busy=3 level=DEBUG
2026-03-14 02:50:40.133 runner heartbeat queue_depth=1 workers_busy=2 level=DEBUG
2026-03-14 02:09:14.067 runner heartbeat queue_depth=1 workers_busy=3 level=DEBUG
2026-03-14 03:09:26.071 runner heartbeat queue_depth=3 workers_busy=3 level=DEBUG
2026-03-14 02:03:33.232 runner heartbeat queue_depth=4 workers_busy=0 level=DEBUG
2026-03-14 02:49:20.988 runner heartbeat queue_depth=6 workers_busy=2 level=DEBUG
2026-03-14 02:24:08.520 runner heartbeat queue_depth=0 workers_busy=2 level=DEBUG
2026-03-14 02:17:52.185 runner heartbeat queue_depth=2 workers_busy=3 level=DEBUG
2026-03-14 02:43:22.734 runner heartbeat queue_depth=1 workers_busy=2 level=DEBUG
2026-03-14 03:17:33.900 runner heartbeat queue_depth=3 workers_busy=2 level=DEBUG
2026-03-14 02:51:22.877 runner heartbeat queue_depth=8 workers_busy=3 level=DEBUG
2026-03-14 02:29:44.132 runner heartbeat queue_depth=5 workers_busy=2 level=DEBUG
2026-03-14 02:58:57.259 runner heartbeat queue_depth=0 workers_busy=0 level=DEBUG
2026-03-14 03:05:10.396 runner heartbeat queue_depth=8 workers_busy=3 level=DEBUG
2026-03-14 02:44:22.104 runner heartbeat queue_depth=5 workers_busy=1 level=DEBUG
2026-03-14 02:03:02.809 runner heartbeat queue_depth=0 workers_busy=0 level=DEBUG
2026-03-14 03:07:17.845 runner heartbeat queue_depth=2 workers_busy=0 level=DEBUG
2026-03-14 02:13:10.831 runner heartbeat queue_depth=6 workers_busy=0 level=DEBUG
2026-03-14 02:53:59.056 runner heartbeat queue_depth=5 workers_busy=2 level=DEBUG
2026-03-14 02:06:54.891 runner heartbeat queue_depth=1 workers_busy=0 level=DEBUG
2026-03-14 02:27:52.908 runner heartbeat queue_depth=3 workers_busy=1 level=DEBUG
2026-03-14 02:58:46.897 runner heartbeat queue_depth=4 workers_busy=1 level=DEBUG
2026-03-14 02:00:22.335 runner heartbeat queue_depth=7 workers_busy=3 level=DEBUG
2026-03-14 02:49:32.661 runner heartbeat queue_depth=4 workers_busy=1 level=DEBUG
2026-03-14 02:03:51.030 runner heartbeat queue_depth=2 workers_busy=2 level=DEBUG
2026-03-14 02:15:56.167 runner heartbeat queue_depth=0 workers_busy=3 level=DEBUG
2026-03-14 02:48:04.339 runner heartbeat queue_depth=4 workers_busy=1 level=DEBUG
2026-03-14 02:53:34.012 runner heartbeat queue_depth=3 workers_busy=2 level=DEBUG
2026-03-14 02:36:23.115 runner heartbeat queue_depth=6 workers_busy=2 level=DEBUG
2026-03-14 02:12:24.082 runner heartbeat queue_depth=1 workers_busy=2 level=DEBUG
2026-03-14 02:19:43.656 runner heartbeat queue_depth=8 workers_busy=1 level=DEBUG
2026-03-14 02:04:00.947 runner heartbeat queue_depth=1 workers_busy=1 level=DEBUG
2026-03-14 02:54:38.162 runner heartbeat queue_depth=1 workers_busy=2 level=DEBUG
2026-03-14 02:48:33.478 runner heartbeat queue_depth=1 workers_busy=1 level=DEBUG
2026-03-14 03:01:14.103 runner heartbeat queue_depth=0 workers_busy=1 level=DEBUG
2026-03-14 02:20:10.030 runner heartbeat queue_depth=0 workers_busy=3 level=DEBUG
2026-03-14 02:19:44.793 runner heartbeat queue_depth=7 workers_busy=2 level=DEBUG
2026-03-14 02:38:01.387 runner heartbeat queue_depth=3 workers_busy=1 level=DEBUG
2026-03-14 02:31:57.931 runner heartbeat queue_depth=2 workers_busy=0 level=DEBUG
2026-03-14 02:55:30.768 runner heartbeat queue_depth=7 workers_busy=1 level=DEBUG
2026-03-14 03:09:43.539 runner heartbeat queue_depth=1 workers_busy=3 level=DEBUG
2026-03-14 02:05:34.960 runner heartbeat queue_depth=3 workers_busy=2 level=DEBUG
2026-03-14 02:15:44.194 runner heartbeat queue_depth=4 workers_busy=3 level=DEBUG
2026-03-14 03:14:56.594 runner heartbeat queue_depth=7 workers_busy=1 level=DEBUG
2026-03-14 03:16:48.550 runner heartbeat queue_depth=5 workers_busy=1 level=DEBUG
2026-03-14 02:29:04.078 runner heartbeat queue_depth=6 workers_busy=3 level=DEBUG
2026-03-14 02:09:07.230 runner heartbeat queue_depth=3 workers_busy=2 level=DEBUG
2026-03-14 02:28:34.845 runner heartbeat queue_depth=5 workers_busy=2 level=DEBUG
2026-03-14 02:24:25.564 runner heartbeat queue_depth=5 workers_busy=1 level=DEBUG
2026-03-14 03:11:38.121 runner heartbeat queue_depth=6 workers_busy=1 level=DEBUG
2026-03-14 02:03:01.768 runner heartbeat queue_depth=7 workers_busy=1 level=DEBUG
2026-03-14 03:10:16.426 runner heartbeat queue_depth=6 workers_busy=3 level=DEBUG
2026-03-14 02:30:03.158 runner heartbeat queue_depth=2 workers_busy=0 level=DEBUG
2026-03-14 02:18:26.406 runner heartbeat queue_depth=8 workers_busy=0 level=DEBUG
2026-03-14 03:12:37.993 runner heartbeat queue_depth=0 workers_busy=1 level=DEBUG
2026-03-14 03:12:36.164 runner heartbeat queue_depth=3 workers_busy=3 level=DEBUG
2026-03-14 02:51:36.810 runner heartbeat queue_depth=7 workers_busy=3 level=DEBUG
2026-03-14 02:13:51.751 runner heartbeat queue_depth=7 workers_busy=0 level=DEBUG
2026-03-14 03:05:03.849 runner heartbeat queue_depth=3 workers_busy=2 level=DEBUG
2026-03-14 03:16:25.371 runner heartbeat queue_depth=0 workers_busy=3 level=DEBUG
2026-03-14 03:03:42.569 runner heartbeat queue_depth=4 workers_busy=3 level=DEBUG
2026-03-14 02:28:52.658 runner heartbeat queue_depth=7 workers_busy=1 level=DEBUG
2026-03-14 03:00:07.836 runner heartbeat queue_depth=5 workers_busy=0 level=DEBUG
2026-03-14 02:28:01.887 runner heartbeat queue_depth=3 workers_busy=2 level=DEBUG
2026-03-14 03:11:10.053 runner heartbeat queue_depth=0 workers_busy=2 level=DEBUG
2026-03-14 02:52:06.325 runner heartbeat queue_depth=0 workers_busy=0 level=DEBUG
2026-03-14 02:45:13.570 runner heartbeat queue_depth=7 workers_busy=1 level=DEBUG
2026-03-14 02:08:11.542 runner heartbeat queue_depth=4 workers_busy=3 level=DEBUG
2026-03-14 03:16:21.203 runner heartbeat queue_depth=0 workers_busy=1 level=DEBUG
2026-03-14 03:06:07.279 runner heartbeat queue_depth=6 workers_busy=3 level=DEBUG
2026-03-14 02:55:44.083 runner heartbeat queue_depth=1 workers_busy=2 level=DEBUG
2026-03-14 02:44:37.503 runner heartbeat queue_depth=1 workers_busy=2 level=DEBUG
2026-03-14 02:06:49.039 runner heartbeat queue_depth=8 workers_busy=3 level=DEBUG
2026-03-14 03:16:48.924 runner heartbeat queue_depth=0 workers_busy=1 level=DEBUG
2026-03-14 02:42:35.100 runner heartbeat queue_depth=1 workers_busy=1 level=DEBUG
2026-03-14 02:36:05.890 runner heartbeat queue_depth=2 workers_busy=0 level=DEBUG
2026-03-14 02:59:14.851 runner heartbeat queue_depth=0 workers_busy=3 level=DEBUG
2026-03-14 02:55:42.205 runner heartbeat queue_depth=3 workers_busy=2 level=DEBUG
2026-03-14 03:13:09.111 runner heartbeat queue_depth=7 workers_busy=3 level=DEBUG
2026-03-14 02:12:53.645 runner heartbeat queue_depth=5 workers_busy=2 level=DEBUG
2026-03-14 02:28:04.055 runner heartbeat queue_depth=0 workers_busy=3 level=DEBUG
2026-03-14 03:05:26.744 runner heartbeat queue_depth=5 workers_busy=1 level=DEBUG
2026-03-14 02:47:10.815 runner heartbeat queue_depth=4 workers_busy=1 level=DEBUG
2026-03-14 03:13:57.607 runner heartbeat queue_depth=4 workers_busy=3 level=DEBUG
2026-03-14 02:43:07.361 runner heartbeat queue_depth=0 workers_busy=2 level=DEBUG
2026-03-14 02:16:51.195 runner heartbeat queue_depth=7 workers_busy=2 level=DEBUG
2026-03-14 02:31:24.076 runner heartbeat queue_depth=1 workers_busy=3 level=DEBUG
2026-03-14 02:07:01.472 runner heartbeat queue_depth=8 workers_busy=2 level=DEBUG
2026-03-14 02:51:36.334 runner heartbeat queue_depth=2 workers_busy=0 level=DEBUG
2026-03-14 02:26:58.039 runner heartbeat queue_depth=5 workers_busy=2 level=DEBUG
2026-03-14 02:47:24.907 runner heartbeat queue_depth=3 workers_busy=2 level=DEBUG
2026-03-14 02:27:21.820 runner heartbeat queue_depth=0 workers_busy=3 level=DEBUG
2026-03-14 02:13:42.626 runner heartbeat queue_depth=5 workers_busy=0 level=DEBUG
2026-03-14 02:53:40.598 runner heartbeat queue_depth=0 workers_busy=0 level=DEBUG
2026-03-14 02:13:53.181 runner heartbeat queue_depth=8 workers_busy=3 level=DEBUG
2026-03-14 02:48:08.275 runner heartbeat queue_depth=0 workers_busy=3 level=DEBUG
2026-03-14 02:48:53.543 runner heartbeat queue_depth=3 workers_busy=0 level=DEBUG
2026-03-14 02:16:44.186 runner heartbeat queue_depth=6 workers_busy=0 level=DEBUG
2026-03-14 03:17:06.747 runner heartbeat queue_depth=7 workers_busy=2 level=DEBUG
2026-03-14 02:46:21.136 runner heartbeat queue_depth=3 workers_busy=1 level=DEBUG
2026-03-14 03:08:53.046 runner heartbeat queue_depth=3 workers_busy=1 level=DEBUG
2026-03-14 03:13:34.205 runner heartbeat queue_depth=7 workers_busy=2 level=DEBUG
2026-03-14 02:34:55.719 runner heartbeat queue_depth=2 workers_busy=1 level=DEBUG
2026-03-14 02:18:35.387 runner heartbeat queue_depth=7 workers_busy=3 level=DEBUG
2026-03-14 02:58:09.210 runner heartbeat queue_depth=5 workers_busy=1 level=DEBUG
2026-03-14 02:45:34.751 runner heartbeat queue_depth=2 workers_busy=0 level=DEBUG
2026-03-14 02:49:57.655 runner heartbeat queue_depth=8 workers_busy=1 level=DEBUG
2026-03-14 03:00:58.983 runner heartbeat queue_depth=8 workers_busy=3 level=DEBUG
2026-03-14 02:13:48.418 runner heartbeat queue_depth=3 workers_busy=2 level=DEBUG
2026-03-14 02:11:51.576 runner heartbeat queue_depth=7 workers_busy=1 level=DEBUG
2026-03-14 02:44:42.833 runner heartbeat queue_depth=5 workers_busy=1 level=DEBUG
2026-03-14 02:25:06.789 runner heartbeat queue_depth=3 workers_busy=3 level=DEBUG
2026-03-14 03:15:13.211 runner heartbeat queue_depth=6 workers_busy=2 level=DEBUG
2026-03-14 02:02:49.228 runner heartbeat queue_depth=1 workers_busy=2 level=DEBUG
2026-03-14 02:52:06.793 runner heartbeat queue_depth=3 workers_busy=2 level=DEBUG
2026-03-14 02:40:50.810 runner heartbeat queue_depth=3 workers_busy=0 level=DEBUG
2026-03-14 02:17:04.641 runner heartbeat queue_depth=6 workers_busy=0 level=DEBUG
2026-03-14 02:01:28.201 runner heartbeat queue_depth=5 workers_busy=1 level=DEBUG
2026-03-14 02:45:54.238 runner heartbeat queue_depth=2 workers_busy=1 level=DEBUG
2026-03-14 02:18:44.751 runner heartbeat queue_depth=6 workers_busy=1 level=DEBUG
2026-03-14 03:11:45.176 runner heartbeat queue_depth=5 workers_busy=3 level=DEBUG
2026-03-14 02:55:32.639 runner heartbeat queue_depth=7 workers_busy=3 level=DEBUG
2026-03-14 03:02:51.621 runner heartbeat queue_depth=8 workers_busy=0 level=DEBUG
2026-03-14 02:36:26.607 runner heartbeat queue_depth=1 workers_busy=0 level=DEBUG
2026-03-14 02:21:26.177 runner heartbeat queue_depth=0 workers_busy=3 level=DEBUG
2026-03-14 02:25:19.671 runner heartbeat queue_depth=2 workers_busy=0 level=DEBUG
2026-03-14 02:35:39.353 runner heartbeat queue_depth=2 workers_busy=0 level=DEBUG
2026-03-14 02:12:05.029 runner heartbeat queue_depth=2 workers_busy=3 level=DEBUG
2026-03-14 02:00:46.950 runner heartbeat queue_depth=3 workers_busy=1 level=DEBUG
2026-03-14 03:04:07.700 runner heartbeat queue_depth=4 workers_busy=3 level=DEBUG
2026-03-14 02:51:38.388 runner heartbeat queue_depth=7 workers_busy=3 level=DEBUG
2026-03-14 02:37:09.894 runner heartbeat queue_depth=6 workers_busy=3 level=DEBUG
2026-03-14 02:07:01.991 runner heartbeat queue_depth=0 workers_busy=1 level=DEBUG
2026-03-14 02:50:38.521 runner heartbeat queue_depth=3 workers_busy=1 level=DEBUG
2026-03-14 02:54:56.396 runner heartbeat queue_depth=2 workers_busy=3 level=DEBUG
2026-03-14 02:56:35.343 runner heartbeat queue_depth=8 workers_busy=1 level=DEBUG
2026-03-14 02:07:02.172 runner heartbeat queue_depth=8 workers_busy=1 level=DEBUG
2026-03-14 02:24:09.578 runner heartbeat queue_depth=6 workers_busy=2 level=DEBUG
2026-03-14 03:05:38.678 runner heartbeat queue_depth=8 workers_busy=1 level=DEBUG
2026-03-14 02:05:51.135 runner heartbeat queue_depth=1 workers_busy=1 level=DEBUG
2026-03-14 02:47:04.506 runner heartbeat queue_depth=0 workers_busy=3 level=DEBUG
2026-03-14 02:17:25.638 runner heartbeat queue_depth=0 workers_busy=1 level=DEBUG
2026-03-14 03:16:28.260 runner heartbeat queue_depth=7 workers_busy=3 level=DEBUG
2026-03-14 02:11:11.076 runner heartbeat queue_depth=0 workers_busy=0 level=DEBUG
2026-03-14 03:07:09.720 runner heartbeat queue_depth=7 workers_busy=1 level=DEBUG
2026-03-14 02:27:32.271 runner heartbeat queue_depth=3 workers_busy=1 level=DEBUG
2026-03-14 02:15:42.156 runner heartbeat queue_depth=8 workers_busy=1 level=DEBUG
2026-03-14 02:51:57.492 runner heartbeat queue_depth=5 workers_busy=0 level=DEBUG
2026-03-14 02:25:49.733 runner heartbeat queue_depth=3 workers_busy=2 level=DEBUG
2026-03-14 02:08:51.798 runner heartbeat queue_depth=8 workers_busy=0 level=DEBUG
2026-03-14 02:03:20.170 runner heartbeat queue_depth=8 workers_busy=1 level=DEBUG
2026-03-14 02:59:02.001 runner heartbeat queue_depth=4 workers_busy=3 level=DEBUG
2026-03-14 03:05:03.441 runner heartbeat queue_depth=3 workers_busy=2 level=DEBUG
2026-03-14 02:25:06.460 runner heartbeat queue_depth=6 workers_busy=0 level=DEBUG
2026-03-14 02:10:25.765 runner heartbeat queue_depth=5 workers_busy=1 level=DEBUG
2026-03-14 02:34:30.387 runner heartbeat queue_depth=5 workers_busy=0 level=DEBUG
2026-03-14 03:10:03.687 runner heartbeat queue_depth=6 workers_busy=1 level=DEBUG
2026-03-14 02:01:25.343 runner heartbeat queue_depth=4 workers_busy=2 level=DEBUG
2026-03-14 02:37:10.658 runner heartbeat queue_depth=0 workers_busy=1 level=DEBUG
2026-03-14 02:47:36.181 runner heartbeat queue_depth=3 workers_busy=1 level=DEBUG
2026-03-14 02:16:08.258 runner heartbeat queue_depth=0 workers_busy=1 level=DEBUG
2026-03-14 02:29:24.744 runner heartbeat queue_depth=2 workers_busy=0 level=DEBUG
2026-03-14 02:58:44.991 runner heartbeat queue_depth=7 workers_busy=1 level=DEBUG
2026-03-14 03:00:45.066 runner heartbeat queue_depth=5 workers_busy=2 level=DEBUG
2026-03-14 02:51:06.192 runner heartbeat queue_depth=3 workers_busy=1 level=DEBUG
2026-03-14 02:12:45.045 runner heartbeat queue_depth=3 workers_busy=1 level=DEBUG
2026-03-14 02:53:45.529 runner heartbeat queue_depth=8 workers_busy=3 level=DEBUG
2026-03-14 02:41:24.565 runner heartbeat queue_depth=3 workers_busy=1 level=DEBUG
2026-03-14 02:04:56.229 runner heartbeat queue_depth=1 workers_busy=2 level=DEBUG
2026-03-14 02:42:20.283 runner heartbeat queue_depth=0 workers_busy=3 level=DEBUG
2026-03-14 02:14:14.990 runner heartbeat queue_depth=2 workers_busy=2 level=DEBUG
2026-03-14 02:42:21.474 runner heartbeat queue_depth=7 workers_busy=2 level=DEBUG
2026-03-14 02:55:39.702 runner heartbeat queue_depth=5 workers_busy=2 level=DEBUG
2026-03-14 03:02:24.553 runner heartbeat queue_depth=1 workers_busy=2 level=DEBUG
2026-03-14 03:04:56.120 runner heartbeat queue_depth=3 workers_busy=2 level=DEBUG
2026-03-14 02:51:21.481 runner heartbeat queue_depth=5 workers_busy=0 level=DEBUG
2026-03-14 02:11:17.177 runner heartbeat queue_depth=4 workers_busy=2 level=DEBUG
2026-03-14 03:06:44.060 runner heartbeat queue_depth=1 workers_busy=0 level=DEBUG
2026-03-14 02:02:42.043 runner heartbeat queue_depth=1 workers_busy=3 level=DEBUG
2026-03-14 03:16:14.450 runner heartbeat queue_depth=7 workers_busy=2 level=DEBUG
2026-03-14 02:21:39.859 runner heartbeat queue_depth=0 workers_busy=1 level=DEBUG
2026-03-14 02:11:50.963 runner heartbeat queue_depth=4 workers_busy=2 level=DEBUG
2026-03-14 02:26:11.675 runner heartbeat queue_depth=0 workers_busy=1 level=DEBUG
2026-03-14 03:01:09.464 runner heartbeat queue_depth=4 workers_busy=2 level=DEBUG
2026-03-14 02:59:20.499 runner heartbeat queue_depth=0 workers_busy=0 level=DEBUG
2026-03-14 02:26:39.552 runner heartbeat queue_depth=0 workers_busy=1 level=DEBUG
2026-03-14 02:23:12.118 runner heartbeat queue_depth=0 workers_busy=0 level=DEBUG
2026-03-14 03:13:11.205 runner heartbeat queue_depth=8 workers_busy=1 level=DEBUG
2026-03-14 03:15:03.558 runner heartbeat queue_depth=0 workers_busy=3 level=DEBUG
2026-03-14 02:42:37.158 runner heartbeat queue_depth=0 workers_busy=0 level=DEBUG
2026-03-14 02:56:08.085 runner heartbeat queue_depth=7 workers_busy=2 level=DEBUG
2026-03-14 03:01:23.070 runner heartbeat queue_depth=1 workers_busy=3 level=DEBUG
2026-03-14 02:34:16.035 runner heartbeat queue_depth=0 workers_busy=0 level=DEBUG
2026-03-14 02:31:02.458 runner heartbeat queue_depth=1 workers_busy=3 level=DEBUG
2026-03-14 02:38:12.179 runner heartbeat queue_depth=0 workers_busy=1 level=DEBUG
2026-03-14 02:55:44.795 runner heartbeat queue_depth=3 workers_busy=2 level=DEBUG
2026-03-14 02:33:22.436 runner heartbeat queue_depth=7 workers_busy=1 level=DEBUG
2026-03-14 02:16:42.411 runner heartbeat queue_depth=8 workers_busy=1 level=DEBUG
2026-03-14 03:06:13.757 runner heartbeat queue_depth=3 workers_busy=0 level=DEBUG
2026-03-14 03:17:36.124 runner heartbeat queue_depth=7 workers_busy=2 level=DEBUG
2026-03-14 03:00:20.083 runner heartbeat queue_depth=5 workers_busy=1 level=DEBUG
2026-03-14 03:02:54.451 runner heartbeat queue_depth=8 workers_busy=0 level=DEBUG
2026-03-14 02:06:28.497 runner heartbeat queue_depth=0 workers_busy=3 level=DEBUG
2026-03-14 03:17:03.513 runner heartbeat queue_depth=7 workers_busy=3 level=DEBUG
2026-03-14 02:08:01.068 runner heartbeat queue_depth=0 workers_busy=0 level=DEBUG
2026-03-14 02:20:13.083 runner heartbeat queue_depth=2 workers_busy=0 level=DEBUG
2026-03-14 02:05:47.761 runner heartbeat queue_depth=7 workers_busy=2 level=DEBUG
2026-03-14 02:57:31.022 runner heartbeat queue_depth=5 workers_busy=0 level=DEBUG
2026-03-14 02:32:43.650 runner heartbeat queue_depth=3 workers_busy=1 level=DEBUG
2026-03-14 03:00:27.655 runner heartbeat queue_depth=1 workers_busy=1 level=DEBUG
2026-03-14 02:40:47.166 runner heartbeat queue_depth=6 workers_busy=3 level=DEBUG
2026-03-14 02:01:50.084 runner heartbeat queue_depth=5 workers_busy=0 level=DEBUG
2026-03-14 02:34:33.131 runner heartbeat queue_depth=6 workers_busy=1 level=DEBUG
2026-03-14 02:28:27.824 runner heartbeat queue_depth=1 workers_busy=3 level=DEBUG
2026-03-14 02:11:47.101 runner heartbeat queue_depth=2 workers_busy=3 level=DEBUG
2026-03-14 03:02:50.458 runner heartbeat queue_depth=3 workers_busy=3 level=DEBUG
2026-03-14 03:10:23.686 runner heartbeat queue_depth=4 workers_busy=3 level=DEBUG
2026-03-14 02:07:19.026 runner heartbeat queue_depth=2 workers_busy=1 level=DEBUG
2026-03-14 02:40:18.684 runner heartbeat queue_depth=7 workers_busy=0 level=DEBUG
2026-03-14 02:50:07.325 runner heartbeat queue_depth=8 workers_busy=2 level=DEBUG
2026-03-14 02:57:16.167 runner heartbeat queue_depth=2 workers_busy=2 level=DEBUG
2026-03-14 02:53:12.867 runner heartbeat queue_depth=6 workers_busy=0 level=DEBUG
2026-03-14 02:47:58.953 runner heartbeat queue_depth=7 workers_busy=2 level=DEBUG
2026-03-14 02:57:44.713 runner heartbeat queue_depth=6 workers_busy=3 level=DEBUG
2026-03-14 02:50:59.841 runner heartbeat queue_depth=0 workers_busy=3 level=DEBUG
2026-03-14 03:08:26.930 runner heartbeat queue_depth=0 workers_busy=0 level=DEBUG
2026-03-14 02:11:58.172 runner heartbeat queue_depth=6 workers_busy=3 level=DEBUG
2026-03-14 03:02:48.887 runner heartbeat queue_depth=0 workers_busy=0 level=DEBUG
2026-03-14 03:07:27.838 runner heartbeat queue_depth=8 workers_busy=3 level=DEBUG
2026-03-14 02:23:03.001 runner heartbeat queue_depth=5 workers_busy=0 level=DEBUG
2026-03-14 03:02:45.309 runner heartbeat queue_depth=7 workers_busy=1 level=DEBUG
2026-03-14 03:02:58.267 runner heartbeat queue_depth=6 workers_busy=3 level=DEBUG
2026-03-14 02:11:37.022 runner heartbeat queue_depth=3 workers_busy=2 level=DEBUG
2026-03-14 02:13:32.507 runner heartbeat queue_depth=0 workers_busy=0 level=DEBUG
2026-03-14 02:08:16.363 runner heartbeat queue_depth=4 workers_busy=2 level=DEBUG
2026-03-14 02:24:05.116 runner heartbeat queue_depth=4 workers_busy=2 level=DEBUG
2026-03-14 03:13:01.926 runner heartbeat queue_depth=1 workers_busy=2 level=DEBUG
2026-03-14 02:35:28.817 runner heartbeat queue_depth=8 workers_busy=3 level=DEBUG
2026-03-14 02:40:13.626 runner heartbeat queue_depth=4 workers_busy=3 level=DEBUG
2026-03-14 02:45:12.691 runner heartbeat queue_depth=8 workers_busy=1 level=DEBUG
2026-03-14 02:39:15.445 runner heartbeat queue_depth=2 workers_busy=0 level=DEBUG
2026-03-14 02:59:43.568 runner heartbeat queue_depth=2 workers_busy=3 level=DEBUG
2026-03-14 02:53:27.896 runner heartbeat queue_depth=2 workers_busy=0 level=DEBUG
2026-03-14 02:37:05.582 runner heartbeat queue_depth=8 workers_busy=2 level=DEBUG
2026-03-14 02:22:18.729 runner heartbeat queue_depth=5 workers_busy=0 level=DEBUG
2026-03-14 02:59:32.896 runner heartbeat queue_depth=4 workers_busy=2 level=DEBUG
2026-03-14 03:01:16.544 runner heartbeat queue_depth=3 workers_busy=0 level=DEBUG
2026-03-14 02:22:09.498 runner heartbeat queue_depth=5 workers_busy=0 level=DEBUG
2026-03-14 03:12:44.517 runner heartbeat queue_depth=7 workers_busy=0 level=DEBUG
2026-03-14 02:06:41.974 runner heartbeat queue_depth=4 workers_busy=2 level=DEBUG
2026-03-14 03:13:37.280 runner heartbeat queue_depth=4 workers_busy=1 level=DEBUG
2026-03-14 03:15:43.906 runner heartbeat queue_depth=8 workers_busy=2 level=DEBUG
2026-03-14 02:43:23.317 runner heartbeat queue_depth=7 workers_busy=3 level=DEBUG
2026-03-14 03:09:12.305 runner heartbeat queue_depth=7 workers_busy=3 level=DEBUG
2026-03-14 03:04:39.409 runner heartbeat queue_depth=6 workers_busy=0 level=DEBUG
2026-03-14 02:52:39.203 runner heartbeat queue_depth=8 workers_busy=1 level=DEBUG
2026-03-14 02:56:53.667 runner heartbeat queue_depth=5 workers_busy=2 level=DEBUG
2026-03-14 03:17:16.879 runner heartbeat queue_depth=6 workers_busy=0 level=DEBUG
2026-03-14 02:47:49.158 runner heartbeat queue_depth=8 workers_busy=3 level=DEBUG
2026-03-14 02:10:38.239 runner heartbeat queue_depth=5 workers_busy=0 level=DEBUG
2026-03-14 03:02:52.078 runner heartbeat queue_depth=1 workers_busy=0 level=DEBUG
2026-03-14 02:05:50.054 runner heartbeat queue_depth=6 workers_busy=0 level=DEBUG
2026-03-14 03:05:51.772 runner heartbeat queue_depth=4 workers_busy=0 level=DEBUG
2026-03-14 02:22:11.261 runner heartbeat queue_depth=4 workers_busy=0 level=DEBUG
2026-03-14 02:27:33.155 runner heartbeat queue_depth=3 workers_busy=1 level=DEBUG
2026-03-14 03:11:36.295 runner heartbeat queue_depth=2 workers_busy=1 level=DEBUG
2026-03-14 02:49:51.207 runner heartbeat queue_depth=3 workers_busy=2 level=DEBUG
2026-03-14 03:01:43.253 runner heartbeat queue_depth=4 workers_busy=3 level=DEBUG
2026-03-14 02:01:12.038 runner heartbeat queue_depth=0 workers_busy=0 level=DEBUG
2026-03-14 02:50:34.661 runner heartbeat queue_depth=4 workers_busy=0 level=DEBUG
2026-03-14 03:07:18.665 runner heartbeat queue_depth=7 workers_busy=1 level=DEBUG
2026-03-14 02:56:03.168 runner heartbeat queue_depth=5 workers_busy=0 level=DEBUG
2026-03-14 03:11:42.687 runner heartbeat queue_depth=2 workers_busy=1 level=DEBUG
2026-03-14 02:39:57.717 runner heartbeat queue_depth=2 workers_busy=0 level=DEBUG
2026-03-14 03:09:08.644 runner heartbeat queue_depth=7 workers_busy=0 level=DEBUG
2026-03-14 02:34:45.771 runner heartbeat queue_depth=4 workers_busy=3 level=DEBUG
2026-03-14 02:34:19.077 runner heartbeat queue_depth=4 workers_busy=1 level=DEBUG
2026-03-14 02:10:25.834 runner heartbeat queue_depth=0 workers_busy=2 level=DEBUG
2026-03-14 02:20:13.462 runner heartbeat queue_depth=7 workers_busy=2 level=DEBUG
2026-03-14 03:17:34.886 runner heartbeat queue_depth=6 workers_busy=0 level=DEBUG
2026-03-14 02:39:13.378 runner heartbeat queue_depth=4 workers_busy=3 level=DEBUG
2026-03-14 02:37:59.715 runner heartbeat queue_depth=4 workers_busy=0 level=DEBUG
2026-03-14 02:33:30.697 runner heartbeat queue_depth=3 workers_busy=1 level=DEBUG
2026-03-14 02:31:42.190 runner heartbeat queue_depth=3 workers_busy=2 level=DEBUG
2026-03-14 02:42:11.788 runner heartbeat queue_depth=2 workers_busy=2 level=DEBUG
2026-03-14 02:49:07.713 runner heartbeat queue_depth=0 workers_busy=1 level=DEBUG
2026-03-14 03:01:13.050 runner heartbeat queue_depth=4 workers_busy=3 level=DEBUG
2026-03-14 02:41:03.806 runner heartbeat queue_depth=3 workers_busy=2 level=DEBUG
2026-03-14 03:02:25.449 runner heartbeat queue_depth=5 workers_busy=0 level=DEBUG
2026-03-14 02:46:30.320 runner heartbeat queue_depth=5 workers_busy=2 level=DEBUG
2026-03-14 02:35:57.609 runner heartbeat queue_depth=3 workers_busy=2 level=DEBUG
2026-03-14 02:05:09.708 runner heartbeat queue_depth=8 workers_busy=3 level=DEBUG
2026-03-14 02:56:38.680 runner heartbeat queue_depth=2 workers_busy=2 level=DEBUG
2026-03-14 02:09:20.889 runner heartbeat queue_depth=0 workers_busy=3 level=DEBUG
2026-03-14 02:13:28.503 runner heartbeat queue_depth=7 workers_busy=3 level=DEBUG
2026-03-14 02:32:56.313 runner heartbeat queue_depth=4 workers_busy=0 level=DEBUG
2026-03-14 03:06:38.158 runner heartbeat queue_depth=2 workers_busy=2 level=DEBUG
2026-03-14 02:23:35.143 runner heartbeat queue_depth=1 workers_busy=1 level=DEBUG
2026-03-14 02:45:59.836 runner heartbeat queue_depth=8 workers_busy=2 level=DEBUG
2026-03-14 02:22:54.102 runner heartbeat queue_depth=1 workers_busy=3 level=DEBUG
2026-03-14 02:34:02.904 runner heartbeat queue_depth=4 workers_busy=3 level=DEBUG
2026-03-14 02:36:19.200 runner heartbeat queue_depth=6 workers_busy=2 level=DEBUG
2026-03-14 02:33:23.625 runner heartbeat queue_depth=1 workers_busy=3 level=DEBUG
2026-03-14 02:19:26.105 runner heartbeat queue_depth=0 workers_busy=3 level=DEBUG
2026-03-14 02:26:38.823 runner heartbeat queue_depth=2 workers_busy=1 level=DEBUG
2026-03-14 02:24:43.515 runner heartbeat queue_depth=0 workers_busy=3 level=DEBUG
2026-03-14 02:01:23.174 runner heartbeat queue_depth=0 workers_busy=3 level=DEBUG
2026-03-14 03:07:26.272 runner heartbeat queue_depth=8 workers_busy=1 level=DEBUG
2026-03-14 02:49:33.399 runner heartbeat queue_depth=8 workers_busy=0 level=DEBUG
2026-03-14 03:05:09.195 runner heartbeat queue_depth=1 workers_busy=1 level=DEBUG
2026-03-14 02:41:21.666 runner heartbeat queue_depth=5 workers_busy=3 level=DEBUG
2026-03-14 02:22:50.604 runner heartbeat queue_depth=2 workers_busy=3 level=DEBUG
2026-03-14 02:32:20.968 runner heartbeat queue_depth=5 workers_busy=3 level=DEBUG
2026-03-14 03:07:21.770 runner heartbeat queue_depth=3 workers_busy=3 level=DEBUG
2026-03-14 02:37:21.917 runner heartbeat queue_depth=0 workers_busy=1 level=DEBUG
2026-03-14 02:30:30.389 runner heartbeat queue_depth=8 workers_busy=2 level=DEBUG
2026-03-14 03:00:31.704 runner heartbeat queue_depth=7 workers_busy=0 level=DEBUG
2026-03-14 02:15:32.953 runner heartbeat queue_depth=3 workers_busy=1 level=DEBUG
2026-03-14 02:38:44.993 runner heartbeat queue_depth=7 workers_busy=2 level=DEBUG
2026-03-14 02:25:04.212 runner heartbeat queue_depth=0 workers_busy=0 level=DEBUG
2026-03-14 03:01:02.519 runner heartbeat queue_depth=7 workers_busy=0 level=DEBUG
2026-03-14 02:08:48.165 runner heartbeat queue_depth=6 workers_busy=2 level=DEBUG
2026-03-14 02:58:06.470 runner heartbeat queue_depth=2 workers_busy=3 level=DEBUG
2026-03-14 02:19:55.207 runner heartbeat queue_depth=0 workers_busy=2 level=DEBUG
2026-03-14 02:43:23.735 runner heartbeat queue_depth=2 workers_busy=3 level=DEBUG
2026-03-14 02:46:05.337 runner heartbeat queue_depth=8 workers_busy=0 level=DEBUG
2026-03-14 02:34:24.223 runner heartbeat queue_depth=7 workers_busy=0 level=DEBUG
2026-03-14 02:18:29.014 runner heartbeat queue_depth=5 workers_busy=0 level=DEBUG
2026-03-14 02:31:10.753 runner heartbeat queue_depth=1 workers_busy=1 level=DEBUG
2026-03-14 02:22:47.044 runner heartbeat queue_depth=7 workers_busy=3 level=DEBUG
2026-03-14 03:11:20.254 runner heartbeat queue_depth=0 workers_busy=0 level=DEBUG
2026-03-14 03:15:12.294 runner heartbeat queue_depth=3 workers_busy=1 level=DEBUG
2026-03-14 02:23:05.753 runner heartbeat queue_depth=2 workers_busy=1 level=DEBUG
2026-03-14 02:11:03.735 runner heartbeat queue_depth=8 workers_busy=2 level=DEBUG
2026-03-14 02:44:55.036 runner heartbeat queue_depth=1 workers_busy=0 level=DEBUG
2026-03-14 02:19:58.246 runner heartbeat queue_depth=4 workers_busy=0 level=DEBUG
2026-03-14 02:26:44.722 runner heartbeat queue_depth=5 workers_busy=1 level=DEBUG
2026-03-14 02:31:10.304 runner heartbeat queue_depth=8 workers_busy=1 level=DEBUG
2026-03-14 03:16:23.249 runner heartbeat queue_depth=1 workers_busy=2 level=DEBUG
2026-03-14 02:31:17.310 runner heartbeat queue_depth=8 workers_busy=2 level=DEBUG
2026-03-14 03:16:26.329 runner heartbeat queue_depth=5 workers_busy=3 level=DEBUG
2026-03-14 02:35:01.690 runner heartbeat queue_depth=0 workers_busy=1 level=DEBUG
2026-03-14 02:08:54.148 runner heartbeat queue_depth=0 workers_busy=1 level=DEBUG
2026-03-14 02:11:22.497 runner heartbeat queue_depth=7 workers_busy=3 level=DEBUG
2026-03-14 02:32:16.266 runner heartbeat queue_depth=3 workers_busy=3 level=DEBUG
2026-03-14 02:26:47.460 runner heartbeat queue_depth=7 workers_busy=1 level=DEBUG
2026-03-14 02:57:13.802 runner heartbeat queue_depth=8 workers_busy=2 level=DEBUG
2026-03-14 02:45:48.154 runner heartbeat queue_depth=3 workers_busy=0 level=DEBUG
2026-03-14 02:46:42.543 runner heartbeat queue_depth=1 workers_busy=3 level=DEBUG
2026-03-14 02:12:45.939 runner heartbeat queue_depth=2 workers_busy=3 level=DEBUG
2026-03-14 02:46:37.542 runner heartbeat queue_depth=8 workers_busy=1 level=DEBUG
2026-03-14 02:44:30.485 runner heartbeat queue_depth=2 workers_busy=1 level=DEBUG
2026-03-14 02:58:42.835 runner heartbeat queue_depth=1 workers_busy=1 level=DEBUG
2026-03-14 02:24:22.370 runner heartbeat queue_depth=1 workers_busy=3 level=DEBUG
2026-03-14 02:09:57.828 runner heartbeat queue_depth=7 workers_busy=2 level=DEBUG
2026-03-14 02:23:22.207 runner heartbeat queue_depth=4 workers_busy=0 level=DEBUG
2026-03-14 03:09:07.777 runner heartbeat queue_depth=0 workers_busy=2 level=DEBUG
2026-03-14 02:39:30.771 runner heartbeat queue_depth=7 workers_busy=1 level=DEBUG
2026-03-14 03:03:00.870 runner heartbeat queue_depth=4 workers_busy=2 level=DEBUG
2026-03-14 03:15:44.764 runner heartbeat queue_depth=5 workers_busy=0 level=DEBUG
2026-03-14 02:23:31.748 runner heartbeat queue_depth=1 workers_busy=0 level=DEBUG
2026-03-14 02:00:20.520 runner heartbeat queue_depth=7 workers_busy=3 level=DEBUG
2026-03-14 02:46:14.386 runner heartbeat queue_depth=1 workers_busy=2 level=DEBUG
2026-03-14 02:26:18.463 runner heartbeat queue_depth=0 workers_busy=1 level=DEBUG
2026-03-14 03:02:14.962 runner heartbeat queue_depth=1 workers_busy=1 level=DEBUG
2026-03-14 02:38:55.564 runner heartbeat queue_depth=7 workers_busy=0 level=DEBUG
2026-03-14 02:03:14.821 runner heartbeat queue_depth=8 workers_busy=2 level=DEBUG
2026-03-14 02:41:23.970 runner heartbeat queue_depth=3 workers_busy=3 level=DEBUG
2026-03-14 03:01:32.819 runner heartbeat queue_depth=8 workers_busy=3 level=DEBUG
2026-03-14 02:08:57.970 runner heartbeat queue_depth=3 workers_busy=1 level=DEBUG
2026-03-14 03:16:30.337 runner heartbeat queue_depth=2 workers_busy=1 level=DEBUG
2026-03-14 02:16:18.253 runner heartbeat queue_depth=8 workers_busy=3 level=DEBUG
2026-03-14 02:32:40.832 runner heartbeat queue_depth=0 workers_busy=0 level=DEBUG
2026-03-14 02:23:48.308 runner heartbeat queue_depth=4 workers_busy=0 level=DEBUG
2026-03-14 03:03:42.641 runner heartbeat queue_depth=1 workers_busy=1 level=DEBUG
2026-03-14 03:15:01.601 runner heartbeat queue_depth=2 workers_busy=0 level=DEBUG
2026-03-14 03:00:33.934 runner heartbeat queue_depth=1 workers_busy=2 level=DEBUG
2026-03-14 02:02:17.696 runner heartbeat queue_depth=7 workers_busy=2 level=DEBUG
2026-03-14 02:21:37.440 runner heartbeat queue_depth=6 workers_busy=2 level=DEBUG
2026-03-14 03:11:05.012 runner heartbeat queue_depth=2 workers_busy=2 level=DEBUG
2026-03-14 02:34:03.787 runner heartbeat queue_depth=6 workers_busy=2 level=DEBUG
2026-03-14 03:10:59.016 runner heartbeat queue_depth=1 workers_busy=3 level=DEBUG
2026-03-14 02:21:40.373 runner heartbeat queue_depth=2 workers_busy=0 level=DEBUG
2026-03-14 02:54:30.396 runner heartbeat queue_depth=2 workers_busy=0 level=DEBUG
2026-03-14 03:15:06.327 runner heartbeat queue_depth=5 workers_busy=0 level=DEBUG
2026-03-14 03:08:53.229 runner heartbeat queue_depth=1 workers_busy=1 level=DEBUG
2026-03-14 02:29:44.775 runner heartbeat queue_depth=5 workers_busy=0 level=DEBUG
2026-03-14 02:31:36.110 runner heartbeat queue_depth=8 workers_busy=3 level=DEBUG
2026-03-14 02:02:51.698 runner heartbeat queue_depth=6 workers_busy=3 level=DEBUG
2026-03-14 03:00:04.989 runner heartbeat queue_depth=5 workers_busy=2 level=DEBUG
2026-03-14 02:39:34.077 runner heartbeat queue_depth=7 workers_busy=0 level=DEBUG
2026-03-14 02:50:09.364 runner heartbeat queue_depth=3 workers_busy=1 level=DEBUG
2026-03-14 02:16:41.091 runner heartbeat queue_depth=0 workers_busy=2 level=DEBUG
2026-03-14 03:05:41.644 runner heartbeat queue_depth=5 workers_busy=2 level=DEBUG
2026-03-14 02:12:29.210 runner heartbeat queue_depth=1 workers_busy=0 level=DEBUG
2026-03-14 02:58:37.847 runner heartbeat queue_depth=8 workers_busy=3 level=DEBUG
2026-03-14 02:47:20.148 runner heartbeat queue_depth=6 workers_busy=2 level=DEBUG
2026-03-14 03:14:30.078 runner heartbeat queue_depth=5 workers_busy=2 level=DEBUG
2026-03-14 02:59:10.215 runner heartbeat queue_depth=1 workers_busy=2 level=DEBUG
2026-03-14 02:05:23.960 runner heartbeat queue_depth=3 workers_busy=0 level=DEBUG
2026-03-14 02:25:36.443 runner heartbeat queue_depth=0 workers_busy=3 level=DEBUG
2026-03-14 02:57:15.597 runner heartbeat queue_depth=0 workers_busy=0 level=DEBUG
2026-03-14 03:05:52.841 runner heartbeat queue_depth=3 workers_busy=2 level=DEBUG
2026-03-14 02:16:18.073 runner heartbeat queue_depth=4 workers_busy=2 level=DEBUG
2026-03-14 02:59:27.487 runner heartbeat queue_depth=1 workers_busy=2 level=DEBUG
2026-03-14 03:03:18.074 runner heartbeat queue_depth=8 workers_busy=2 level=DEBUG
2026-03-14 02:27:22.647 runner heartbeat queue_depth=8 workers_busy=2 level=DEBUG
2026-03-14 02:31:53.295 runner heartbeat queue_depth=7 workers_busy=0 level=DEBUG
2026-03-14 02:59:53.210 runner heartbeat queue_depth=0 workers_busy=2 level=DEBUG
2026-03-14 02:49:06.040 runner heartbeat queue_depth=6 workers_busy=2 level=DEBUG
2026-03-14 02:28:45.530 runner heartbeat queue_depth=8 workers_busy=2 level=DEBUG
2026-03-14 02:25:35.952 runner heartbeat queue_depth=0 workers_busy=0 level=DEBUG
2026-03-14 02:10:39.089 runner heartbeat queue_depth=7 workers_busy=1 level=DEBUG
2026-03-14 03:01:34.563 runner heartbeat queue_depth=3 workers_busy=2 level=DEBUG
2026-03-14 02:25:00.647 runner heartbeat queue_depth=2 workers_busy=1 level=DEBUG
2026-03-14 03:13:31.766 runner heartbeat queue_depth=0 workers_busy=3 level=DEBUG
2026-03-14 03:17:20.971 runner heartbeat queue_depth=3 workers_busy=0 level=DEBUG
2026-03-14 02:09:44.715 runner heartbeat queue_depth=1 workers_busy=0 level=DEBUG
2026-03-14 02:58:22.336 runner heartbeat queue_depth=2 workers_busy=0 level=DEBUG
2026-03-14 02:42:20.557 runner heartbeat queue_depth=1 workers_busy=3 level=DEBUG
2026-03-14 03:01:42.965 runner heartbeat queue_depth=8 workers_busy=2 level=DEBUG
2026-03-14 02:02:59.118 runner heartbeat queue_depth=7 workers_busy=1 level=DEBUG
2026-03-14 02:23:25.754 runner heartbeat queue_depth=1 workers_busy=2 level=DEBUG
2026-03-14 03:06:27.705 runner heartbeat queue_depth=7 workers_busy=0 level=DEBUG
2026-03-14 02:56:55.112 runner heartbeat queue_depth=7 workers_busy=2 level=DEBUG
2026-03-14 02:11:56.764 runner heartbeat queue_depth=0 workers_busy=2 level=DEBUG
2026-03-14 02:28:13.482 runner heartbeat queue_depth=4 workers_busy=2 level=DEBUG
2026-03-14 02:09:56.988 runner heartbeat queue_depth=4 workers_busy=1 level=DEBUG
2026-03-14 03:16:10.466 runner heartbeat queue_depth=5 workers_busy=2 level=DEBUG
2026-03-14 02:11:25.396 runner heartbeat queue_depth=1 workers_busy=2 level=DEBUG
2026-03-14 03:16:21.905 runner heartbeat queue_depth=3 workers_busy=1 level=DEBUG
2026-03-14 02:56:09.925 runner heartbeat queue_depth=4 workers_busy=1 level=DEBUG
2026-03-14 02:05:57.807 runner heartbeat queue_depth=2 workers_busy=1 level=DEBUG
2026-03-14 02:45:08.569 runner heartbeat queue_depth=6 workers_busy=3 level=DEBUG
2026-03-14 02:11:09.807 runner heartbeat queue_depth=0 workers_busy=2 level=DEBUG
2026-03-14 03:02:09.420 runner heartbeat queue_depth=8 workers_busy=3 level=DEBUG
2026-03-14 02:54:01.943 runner heartbeat queue_depth=2 workers_busy=2 level=DEBUG
2026-03-14 02:43:18.625 runner heartbeat queue_depth=0 workers_busy=0 level=DEBUG
2026-03-14 02:18:50.467 runner heartbeat queue_depth=0 workers_busy=3 level=DEBUG
2026-03-14 02:39:12.031 runner heartbeat queue_depth=7 workers_busy=0 level=DEBUG
2026-03-14 02:02:21.434 runner heartbeat queue_depth=5 workers_busy=3 level=DEBUG
2026-03-14 03:14:50.098 runner heartbeat queue_depth=3 workers_busy=2 level=DEBUG
2026-03-14 02:11:41.486 runner heartbeat queue_depth=8 workers_busy=0 level=DEBUG
2026-03-14 02:09:40.112 runner heartbeat queue_depth=1 workers_busy=1 level=DEBUG
2026-03-14 02:16:13.122 runner heartbeat queue_depth=4 workers_busy=1 level=DEBUG
2026-03-14 02:25:09.145 runner heartbeat queue_depth=6 workers_busy=1 level=DEBUG
2026-03-14 02:53:03.549 runner heartbeat queue_depth=5 workers_busy=0 level=DEBUG
2026-03-14 02:29:48.275 runner heartbeat queue_depth=2 workers_busy=1 level=DEBUG
2026-03-14 02:05:31.630 runner heartbeat queue_depth=1 workers_busy=0 level=DEBUG
2026-03-14 02:13:51.295 runner heartbeat queue_depth=7 workers_busy=1 level=DEBUG
2026-03-14 02:26:48.542 runner heartbeat queue_depth=6 workers_busy=3 level=DEBUG
2026-03-14 02:50:56.990 runner heartbeat queue_depth=4 workers_busy=0 level=DEBUG
2026-03-14 03:13:36.482 runner heartbeat queue_depth=1 workers_busy=0 level=DEBUG
2026-03-14 03:16:37.666 runner heartbeat queue_depth=8 workers_busy=0 level=DEBUG
2026-03-14 03:06:52.431 runner heartbeat queue_depth=5 workers_busy=0 level=DEBUG
2026-03-14 02:35:48.466 runner heartbeat queue_depth=1 workers_busy=1 level=DEBUG
2026-03-14 02:26:01.907 runner heartbeat queue_depth=5 workers_busy=0 level=DEBUG
2026-03-14 02:17:13.351 runner heartbeat queue_depth=1 workers_busy=0 level=DEBUG
2026-03-14 03:10:20.484 runner heartbeat queue_depth=7 workers_busy=2 level=DEBUG
2026-03-14 03:04:21.077 runner heartbeat queue_depth=3 workers_busy=3 level=DEBUG
2026-03-14 02:14:14.392 runner heartbeat queue_depth=4 workers_busy=1 level=DEBUG
2026-03-14 02:56:00.424 runner heartbeat queue_depth=6 workers_busy=2 level=DEBUG
2026-03-14 02:57:53.175 runner heartbeat queue_depth=3 workers_busy=0 level=DEBUG
2026-03-14 02:36:53.015 runner heartbeat queue_depth=2 workers_busy=1 level=DEBUG
2026-03-14 02:51:10.336 runner heartbeat queue_depth=4 workers_busy=1 level=DEBUG
2026-03-14 02:09:39.417 runner heartbeat queue_depth=4 workers_busy=3 level=DEBUG
2026-03-14 03:16:16.256 runner heartbeat queue_depth=5 workers_busy=2 level=DEBUG
2026-03-14 02:57:34.963 runner heartbeat queue_depth=8 workers_busy=1 level=DEBUG
2026-03-14 02:08:14.593 runner heartbeat queue_depth=4 workers_busy=1 level=DEBUG
2026-03-14 02:53:27.212 runner heartbeat queue_depth=8 workers_busy=2 level=DEBUG
2026-03-14 02:27:13.515 runner heartbeat queue_depth=1 workers_busy=1 level=DEBUG
2026-03-14 02:17:38.398 runner heartbeat queue_depth=2 workers_busy=2 level=DEBUG
2026-03-14 02:12:42.096 runner heartbeat queue_depth=8 workers_busy=1 level=DEBUG
2026-03-14 02:27:59.837 runner heartbeat queue_depth=8 workers_busy=3 level=DEBUG
2026-03-14 02:31:27.345 runner heartbeat queue_depth=7 workers_busy=2 level=DEBUG
2026-03-14 03:04:44.319 runner heartbeat queue_depth=3 workers_busy=1 level=DEBUG
2026-03-14 03:00:57.022 runner heartbeat queue_depth=2 workers_busy=1 level=DEBUG
2026-03-14 02:18:08.503 runner heartbeat queue_depth=3 workers_busy=2 level=DEBUG
2026-03-14 02:56:03.961 runner heartbeat queue_depth=6 workers_busy=3 level=DEBUG
2026-03-14 02:43:09.332 runner heartbeat queue_depth=6 workers_busy=2 level=DEBUG
2026-03-14 02:23:09.296 runner heartbeat queue_depth=5 workers_busy=1 level=DEBUG
2026-03-14 02:23:07.263 runner heartbeat queue_depth=4 workers_busy=2 level=DEBUG
2026-03-14 02:34:05.735 runner heartbeat queue_depth=0 workers_busy=3 level=DEBUG
2026-03-14 03:04:52.124 runner heartbeat queue_depth=1 workers_busy=2 level=DEBUG
2026-03-14 02:13:12.784 runner heartbeat queue_depth=8 workers_busy=2 level=DEBUG
2026-03-14 02:05:17.142 runner heartbeat queue_depth=3 workers_busy=3 level=DEBUG
2026-03-14 03:14:20.749 runner heartbeat queue_depth=1 workers_busy=2 level=DEBUG
2026-03-14 02:21:07.779 runner heartbeat queue_depth=6 workers_busy=2 level=DEBUG
2026-03-14 03:09:03.917 runner heartbeat queue_depth=5 workers_busy=2 level=DEBUG
2026-03-14 02:49:34.794 runner heartbeat queue_depth=0 workers_busy=1 level=DEBUG
2026-03-14 02:41:13.490 runner heartbeat queue_depth=7 workers_busy=0 level=DEBUG
2026-03-14 02:24:43.786 runner heartbeat queue_depth=2 workers_busy=0 level=DEBUG
2026-03-14 02:46:27.161 runner heartbeat queue_depth=4 workers_busy=3 level=DEBUG
2026-03-14 03:07:26.095 runner heartbeat queue_depth=8 workers_busy=2 level=DEBUG
2026-03-14 02:52:33.624 runner heartbeat queue_depth=4 workers_busy=0 level=DEBUG
2026-03-14 02:55:50.075 runner heartbeat queue_depth=2 workers_busy=1 level=DEBUG
2026-03-14 02:34:27.489 runner heartbeat queue_depth=6 workers_busy=3 level=DEBUG
2026-03-14 02:48:22.675 runner heartbeat queue_depth=5 workers_busy=1 level=DEBUG
2026-03-14 02:55:01.905 runner heartbeat queue_depth=4 workers_busy=3 level=DEBUG
2026-03-14 03:11:26.553 runner heartbeat queue_depth=4 workers_busy=2 level=DEBUG
2026-03-14 02:46:37.754 runner heartbeat queue_depth=3 workers_busy=0 level=DEBUG
2026-03-14 02:39:16.531 runner heartbeat queue_depth=7 workers_busy=3 level=DEBUG
2026-03-14 02:05:37.887 runner heartbeat queue_depth=0 workers_busy=1 level=DEBUG
2026-03-14 02:38:09.801 runner heartbeat queue_depth=1 workers_busy=1 level=DEBUG
2026-03-14 02:57:12.783 runner heartbeat queue_depth=5 workers_busy=0 level=DEBUG
2026-03-14 02:22:36.731 runner heartbeat queue_depth=2 workers_busy=1 level=DEBUG
2026-03-14 02:36:11.093 runner heartbeat queue_depth=5 workers_busy=3 level=DEBUG
2026-03-14 02:00:23.094 runner heartbeat queue_depth=4 workers_busy=2 level=DEBUG
2026-03-14 02:16:40.105 runner heartbeat queue_depth=0 workers_busy=2 level=DEBUG
2026-03-14 02:50:39.771 runner heartbeat queue_depth=6 workers_busy=3 level=DEBUG
2026-03-14 02:27:54.760 runner heartbeat queue_depth=8 workers_busy=0 level=DEBUG
2026-03-14 02:25:07.062 runner heartbeat queue_depth=2 workers_busy=2 level=DEBUG
2026-03-14 02:05:54.435 runner heartbeat queue_depth=5 workers_busy=2 level=DEBUG
2026-03-14 02:06:30.808 runner heartbeat queue_depth=4 workers_busy=1 level=DEBUG
2026-03-14 02:43:02.006 runner heartbeat queue_depth=0 workers_busy=0 level=DEBUG
2026-03-14 02:27:10.465 runner heartbeat queue_depth=6 workers_busy=0 level=DEBUG
2026-03-14 03:02:27.300 runner heartbeat queue_depth=7 workers_busy=2 level=DEBUG
2026-03-14 02:09:55.015 runner heartbeat queue_depth=3 workers_busy=2 level=DEBUG
2026-03-14 02:36:01.358 runner heartbeat queue_depth=5 workers_busy=2 level=DEBUG
2026-03-14 02:06:57.539 runner heartbeat queue_depth=0 workers_busy=2 level=DEBUG
2026-03-14 02:29:56.071 runner heartbeat queue_depth=1 workers_busy=3 level=DEBUG
2026-03-14 02:53:06.564 runner heartbeat queue_depth=0 workers_busy=3 level=DEBUG
2026-03-14 02:05:26.240 runner heartbeat queue_depth=2 workers_busy=0 level=DEBUG
2026-03-14 03:14:23.957 runner heartbeat queue_depth=4 workers_busy=0 level=DEBUG
2026-03-14 02:38:37.736 runner heartbeat queue_depth=2 workers_busy=2 level=DEBUG
2026-03-14 03:05:01.597 runner heartbeat queue_depth=7 workers_busy=2 level=DEBUG
2026-03-14 03:12:19.608 runner heartbeat queue_depth=3 workers_busy=3 level=DEBUG
2026-03-14 02:35:16.821 runner heartbeat queue_depth=5 workers_busy=2 level=DEBUG
2026-03-14 03:13:11.186 runner heartbeat queue_depth=7 workers_busy=1 level=DEBUG
2026-03-14 02:33:38.418 runner heartbeat queue_depth=2 workers_busy=1 level=DEBUG
2026-03-14 02:39:08.051 runner heartbeat queue_depth=0 workers_busy=1 level=DEBUG
2026-03-14 03:01:49.000 runner heartbeat queue_depth=8 workers_busy=3 level=DEBUG
2026-03-14 03:17:31.427 runner heartbeat queue_depth=8 workers_busy=2 level=DEBUG
2026-03-14 02:15:12.932 runner heartbeat queue_depth=4 workers_busy=2 level=DEBUG
2026-03-14 02:27:17.975 runner heartbeat queue_depth=5 workers_busy=2 level=DEBUG
2026-03-14 02:22:02.435 runner heartbeat queue_depth=8 workers_busy=3 level=DEBUG
2026-03-14 02:42:18.624 runner heartbeat queue_depth=2 workers_busy=2 level=DEBUG
2026-03-14 02:30:11.541 runner heartbeat queue_depth=5 workers_busy=2 level=DEBUG
2026-03-14 02:56:49.198 runner heartbeat queue_depth=1 workers_busy=1 level=DEBUG
2026-03-14 02:53:42.690 runner heartbeat queue_depth=7 workers_busy=3 level=DEBUG
2026-03-14 03:06:40.811 runner heartbeat queue_depth=6 workers_busy=2 level=DEBUG
2026-03-14 02:25:52.047 runner heartbeat queue_depth=5 workers_busy=1 level=DEBUG
2026-03-14 02:35:39.286 runner heartbeat queue_depth=6 workers_busy=0 level=DEBUG
2026-03-14 02:36:56.358 runner heartbeat queue_depth=1 workers_busy=1 level=DEBUG
2026-03-14 02:03:13.094 runner heartbeat queue_depth=7 workers_busy=0 level=DEBUG
2026-03-14 02:59:43.658 runner heartbeat queue_depth=1 workers_busy=0 level=DEBUG
2026-03-14 02:31:01.176 runner heartbeat queue_depth=2 workers_busy=3 level=DEBUG
2026-03-14 02:05:39.751 runner heartbeat queue_depth=4 workers_busy=2 level=DEBUG
2026-03-14 02:58:42.408 runner heartbeat queue_depth=3 workers_busy=3 level=DEBUG
2026-03-14 02:09:44.746 runner heartbeat queue_depth=7 workers_busy=1 level=DEBUG
2026-03-14 02:22:54.841 runner heartbeat queue_depth=8 workers_busy=3 level=DEBUG
2026-03-14 03:02:59.095 runner heartbeat queue_depth=5 workers_busy=3 level=DEBUG
2026-03-14 02:43:37.171 runner heartbeat queue_depth=5 workers_busy=2 level=DEBUG
2026-03-14 02:23:24.679 runner heartbeat queue_depth=5 workers_busy=0 level=DEBUG
2026-03-14 03:12:26.878 runner heartbeat queue_depth=7 workers_busy=3 level=DEBUG
2026-03-14 02:11:23.463 runner heartbeat queue_depth=7 workers_busy=3 level=DEBUG
2026-03-14 02:59:36.031 runner heartbeat queue_depth=2 workers_busy=2 level=DEBUG
2026-03-14 02:22:39.603 runner heartbeat queue_depth=1 workers_busy=3 level=DEBUG
2026-03-14 02:30:06.628 runner heartbeat queue_depth=5 workers_busy=0 level=DEBUG
2026-03-14 02:18:16.064 runner heartbeat queue_depth=2 workers_busy=1 level=DEBUG
2026-03-14 03:15:53.460 runner heartbeat queue_depth=4 workers_busy=2 level=DEBUG
2026-03-14 02:33:36.614 runner heartbeat queue_depth=0 workers_busy=0 level=DEBUG
2026-03-14 03:15:03.672 runner heartbeat queue_depth=7 workers_busy=2 level=DEBUG
2026-03-14 03:07:26.779 runner heartbeat queue_depth=5 workers_busy=2 level=DEBUG
2026-03-14 02:09:21.654 runner heartbeat queue_depth=6 workers_busy=3 level=DEBUG
2026-03-14 02:38:55.358 runner heartbeat queue_depth=0 workers_busy=0 level=DEBUG
2026-03-14 02:44:37.052 runner heartbeat queue_depth=3 workers_busy=1 level=DEBUG
2026-03-14 03:13:07.950 runner heartbeat queue_depth=6 workers_busy=3 level=DEBUG
2026-03-14 02:10:20.737 runner heartbeat queue_depth=6 workers_busy=1 level=DEBUG
2026-03-14 02:07:53.221 runner heartbeat queue_depth=6 workers_busy=1 level=DEBUG
2026-03-14 03:17:48.889 runner heartbeat queue_depth=7 workers_busy=1 level=DEBUG
2026-03-14 02:10:00.586 runner heartbeat queue_depth=7 workers_busy=3 level=DEBUG
2026-03-14 02:41:31.586 runner heartbeat queue_depth=6 workers_busy=3 level=DEBUG
2026-03-14 02:35:03.195 runner heartbeat queue_depth=8 workers_busy=0 level=DEBUG
2026-03-14 02:44:07.857 runner heartbeat queue_depth=5 workers_busy=2 level=DEBUG
2026-03-14 02:28:38.319 runner heartbeat queue_depth=0 workers_busy=0 level=DEBUG
2026-03-14 02:07:13.998 runner heartbeat queue_depth=4 workers_busy=2 level=DEBUG
2026-03-14 02:06:53.855 runner heartbeat queue_depth=4 workers_busy=0 level=DEBUG
2026-03-14 02:06:05.377 runner heartbeat queue_depth=8 workers_busy=3 level=DEBUG
2026-03-14 03:11:28.633 runner heartbeat queue_depth=5 workers_busy=0 level=DEBUG
2026-03-14 02:28:55.719 runner heartbeat queue_depth=3 workers_busy=2 level=DEBUG
2026-03-14 02:08:26.118 runner heartbeat queue_depth=2 workers_busy=1 level=DEBUG
2026-03-14 03:08:04.797 runner heartbeat queue_depth=6 workers_busy=3 level=DEBUG
2026-03-14 02:31:51.797 runner heartbeat queue_depth=8 workers_busy=0 level=DEBUG
2026-03-14 02:42:45.832 runner heartbeat queue_depth=4 workers_busy=3 level=DEBUG
2026-03-14 02:02:15.573 runner heartbeat queue_depth=1 workers_busy=3 level=DEBUG
2026-03-14 02:52:08.772 runner heartbeat queue_depth=1 workers_busy=2 level=DEBUG
2026-03-14 02:48:15.588 runner heartbeat queue_depth=1 workers_busy=2 level=DEBUG
2026-03-14 02:08:56.218 runner heartbeat queue_depth=8 workers_busy=1 level=DEBUG
2026-03-14 02:42:36.991 runner heartbeat queue_depth=8 workers_busy=3 level=DEBUG
2026-03-14 03:06:54.616 runner heartbeat queue_depth=3 workers_busy=2 level=DEBUG
2026-03-14 02:13:32.890 runner heartbeat queue_depth=0 workers_busy=0 level=DEBUG
2026-03-14 02:27:47.829 runner heartbeat queue_depth=5 workers_busy=3 level=DEBUG
2026-03-14 02:55:49.165 runner heartbeat queue_depth=3 workers_busy=2 level=DEBUG
2026-03-14 03:04:54.735 runner heartbeat queue_depth=6 workers_busy=1 level=DEBUG
2026-03-14 03:04:01.868 runner heartbeat queue_depth=8 workers_busy=1 level=DEBUG
2026-03-14 02:58:11.251 runner heartbeat queue_depth=5 workers_busy=3 level=DEBUG
2026-03-14 02:16:47.385 runner heartbeat queue_depth=0 workers_busy=0 level=DEBUG
2026-03-14 03:05:37.076 runner heartbeat queue_depth=8 workers_busy=2 level=DEBUG
2026-03-14 02:41:38.453 runner heartbeat queue_depth=4 workers_busy=2 level=DEBUG
2026-03-14 02:44:00.031 runner heartbeat queue_depth=1 workers_busy=0 level=DEBUG
2026-03-14 02:19:49.979 runner heartbeat queue_depth=0 workers_busy=0 level=DEBUG
2026-03-14 03:12:19.220 runner heartbeat queue_depth=2 workers_busy=1 level=DEBUG
2026-03-14 02:28:12.784 runner heartbeat queue_depth=8 workers_busy=2 level=DEBUG
2026-03-14 03:16:40.142 runner heartbeat queue_depth=4 workers_busy=0 level=DEBUG
2026-03-14 02:53:28.154 runner heartbeat queue_depth=8 workers_busy=0 level=DEBUG
2026-03-14 03:12:05.768 runner heartbeat queue_depth=0 workers_busy=2 level=DEBUG
2026-03-14 02:58:51.244 runner heartbeat queue_depth=2 workers_busy=3 level=DEBUG
2026-03-14 03:06:56.379 runner heartbeat queue_depth=5 workers_busy=1 level=DEBUG
2026-03-14 02:03:48.595 runner heartbeat queue_depth=5 workers_busy=1 level=DEBUG
2026-03-14 02:08:42.431 runner heartbeat queue_depth=1 workers_busy=1 level=DEBUG
2026-03-14 02:34:42.537 runner heartbeat queue_depth=7 workers_busy=3 level=DEBUG
2026-03-14 02:36:44.213 runner heartbeat queue_depth=0 workers_busy=0 level=DEBUG
2026-03-14 02:18:57.513 runner heartbeat queue_depth=5 workers_busy=3 level=DEBUG
2026-03-14 02:24:14.220 runner heartbeat queue_depth=2 workers_busy=2 level=DEBUG
2026-03-14 02:33:55.683 runner heartbeat queue_depth=2 workers_busy=1 level=DEBUG
2026-03-14 02:46:43.783 runner heartbeat queue_depth=4 workers_busy=0 level=DEBUG
2026-03-14 02:31:49.596 runner heartbeat queue_depth=1 workers_busy=1 level=DEBUG
2026-03-14 02:19:52.792 runner heartbeat queue_depth=4 workers_busy=3 level=DEBUG
2026-03-14 03:05:18.621 runner heartbeat queue_depth=5 workers_busy=3 level=DEBUG
2026-03-14 02:43:09.924 runner heartbeat queue_depth=6 workers_busy=1 level=DEBUG
2026-03-14 03:11:45.750 runner heartbeat queue_depth=6 workers_busy=1 level=DEBUG
2026-03-14 02:40:34.624 runner heartbeat queue_depth=5 workers_busy=2 level=DEBUG
2026-03-14 02:30:12.495 runner heartbeat queue_depth=4 workers_busy=3 level=DEBUG
2026-03-14 02:20:09.486 runner heartbeat queue_depth=4 workers_busy=3 level=DEBUG
2026-03-14 03:15:29.650 runner heartbeat queue_depth=6 workers_busy=2 level=DEBUG
2026-03-14 02:18:06.490 runner heartbeat queue_depth=1 workers_busy=1 level=DEBUG
2026-03-14 02:07:46.419 runner heartbeat queue_depth=7 workers_busy=2 level=DEBUG
2026-03-14 02:33:16.440 runner heartbeat queue_depth=6 workers_busy=1 level=DEBUG
2026-03-14 02:22:19.498 runner heartbeat queue_depth=1 workers_busy=1 level=DEBUG
2026-03-14 02:56:06.665 runner heartbeat queue_depth=0 workers_busy=0 level=DEBUG
2026-03-14 02:21:36.563 runner heartbeat queue_depth=2 workers_busy=1 level=DEBUG
2026-03-14 02:30:40.005 runner heartbeat queue_depth=5 workers_busy=2 level=DEBUG
2026-03-14 02:21:10.465 runner heartbeat queue_depth=5 workers_busy=2 level=DEBUG
2026-03-14 03:01:16.821 runner heartbeat queue_depth=1 workers_busy=3 level=DEBUG
2026-03-14 02:05:14.899 runner heartbeat queue_depth=7 workers_busy=0 level=DEBUG
2026-03-14 02:40:51.811 runner heartbeat queue_depth=8 workers_busy=0 level=DEBUG
2026-03-14 02:49:40.732 runner heartbeat queue_depth=4 workers_busy=3 level=DEBUG
2026-03-14 03:17:04.089 runner heartbeat queue_depth=6 workers_busy=3 level=DEBUG
2026-03-14 02:25:39.990 runner heartbeat queue_depth=3 workers_busy=1 level=DEBUG
2026-03-14 03:07:52.222 runner heartbeat queue_depth=5 workers_busy=1 level=DEBUG
2026-03-14 02:21:57.905 runner heartbeat queue_depth=6 workers_busy=0 level=DEBUG
2026-03-14 02:13:57.591 runner heartbeat queue_depth=3 workers_busy=0 level=DEBUG
2026-03-14 03:02:21.945 runner heartbeat queue_depth=2 workers_busy=2 level=DEBUG
2026-03-14 03:06:04.544 runner heartbeat queue_depth=1 workers_busy=3 level=DEBUG
2026-03-14 02:49:17.343 runner heartbeat queue_depth=7 workers_busy=2 level=DEBUG
2026-03-14 02:06:39.552 runner heartbeat queue_depth=5 workers_busy=3 level=DEBUG
2026-03-14 02:49:19.133 runner heartbeat queue_depth=8 workers_busy=3 level=DEBUG
2026-03-14 02:03:58.600 runner heartbeat queue_depth=8 workers_busy=3 level=DEBUG
2026-03-14 02:43:14.076 runner heartbeat queue_depth=1 workers_busy=0 level=DEBUG
2026-03-14 02:06:04.446 runner heartbeat queue_depth=0 workers_busy=3 level=DEBUG
2026-03-14 02:32:29.788 runner heartbeat queue_depth=7 workers_busy=2 level=DEBUG
2026-03-14 03:01:13.665 runner heartbeat queue_depth=6 workers_busy=0 level=DEBUG
2026-03-14 02:14:07.545 runner heartbeat queue_depth=0 workers_busy=1 level=DEBUG
2026-03-14 03:03:16.438 runner heartbeat queue_depth=7 workers_busy=1 level=DEBUG
2026-03-14 02:02:20.728 runner heartbeat queue_depth=7 workers_busy=1 level=DEBUG
2026-03-14 02:55:03.731 runner heartbeat queue_depth=1 workers_busy=2 level=DEBUG
2026-03-14 02:49:21.875 runner heartbeat queue_depth=5 workers_busy=1 level=DEBUG
2026-03-14 02:12:01.418 runner heartbeat queue_depth=3 workers_busy=1 level=DEBUG
2026-03-14 03:04:50.091 runner heartbeat queue_depth=0 workers_busy=3 level=DEBUG
2026-03-14 03:00:06.404 runner heartbeat queue_depth=4 workers_busy=1 level=DEBUG
2026-03-14 02:54:10.658 runner heartbeat queue_depth=1 workers_busy=0 level=DEBUG
2026-03-14 02:48:47.552 runner heartbeat queue_depth=8 workers_busy=2 level=DEBUG
2026-03-14 02:54:54.705 runner heartbeat queue_depth=1 workers_busy=0 level=DEBUG
2026-03-14 02:18:04.358 runner heartbeat queue_depth=0 workers_busy=0 level=DEBUG
2026-03-14 03:14:02.796 runner heartbeat queue_depth=3 workers_busy=1 level=DEBUG
2026-03-14 02:34:12.440 runner heartbeat queue_depth=3 workers_busy=2 level=DEBUG
2026-03-14 03:16:57.603 runner heartbeat queue_depth=7 workers_busy=3 level=DEBUG
2026-03-14 02:59:58.353 runner heartbeat queue_depth=1 workers_busy=1 level=DEBUG
2026-03-14 03:05:53.308 runner heartbeat queue_depth=4 workers_busy=2 level=DEBUG
2026-03-14 03:03:54.330 runner heartbeat queue_depth=3 workers_busy=3 level=DEBUG
2026-03-14 03:01:22.104 runner heartbeat queue_depth=4 workers_busy=3 level=DEBUG
2026-03-14 02:07:45.655 runner heartbeat queue_depth=2 workers_busy=1 level=DEBUG
2026-03-14 02:56:09.452 runner heartbeat queue_depth=4 workers_busy=0 level=DEBUG
2026-03-14 03:14:42.807 runner heartbeat queue_depth=0 workers_busy=1 level=DEBUG
2026-03-14 02:12:56.638 runner heartbeat queue_depth=0 workers_busy=0 level=DEBUG
2026-03-14 02:38:25.156 runner heartbeat queue_depth=6 workers_busy=0 level=DEBUG
2026-03-14 03:07:12.103 runner heartbeat queue_depth=8 workers_busy=3 level=DEBUG
2026-03-14 03:08:37.074 runner heartbeat queue_depth=8 workers_busy=1 level=DEBUG
2026-03-14 03:14:44.344 runner heartbeat queue_depth=4 workers_busy=0 level=DEBUG
2026-03-14 02:04:49.895 runner heartbeat queue_depth=0 workers_busy=1 level=DEBUG
2026-03-14 03:10:00.053 runner heartbeat queue_depth=2 workers_busy=0 level=DEBUG
2026-03-14 02:07:58.624 runner heartbeat queue_depth=8 workers_busy=2 level=DEBUG
2026-03-14 03:14:53.689 runner heartbeat queue_depth=2 workers_busy=3 level=DEBUG
2026-03-14 02:31:39.059 runner heartbeat queue_depth=1 workers_busy=0 level=DEBUG
2026-03-14 02:20:20.191 runner heartbeat queue_depth=0 workers_busy=3 level=DEBUG
2026-03-14 03:07:54.549 runner heartbeat queue_depth=4 workers_busy=3 level=DEBUG
2026-03-14 02:41:46.265 runner heartbeat queue_depth=1 workers_busy=2 level=DEBUG
2026-03-14 02:57:13.076 runner heartbeat queue_depth=1 workers_busy=1 level=DEBUG
2026-03-14 02:02:21.907 runner heartbeat queue_depth=6 workers_busy=2 level=DEBUG
2026-03-14 02:27:17.944 runner heartbeat queue_depth=6 workers_busy=2 level=DEBUG
2026-03-14 02:24:12.909 runner heartbeat queue_depth=2 workers_busy=0 level=DEBUG
2026-03-14 02:58:19.539 runner heartbeat queue_depth=6 workers_busy=1 level=DEBUG
2026-03-14 02:57:56.751 runner heartbeat queue_depth=1 workers_busy=1 level=DEBUG
2026-03-14 03:11:06.476 runner heartbeat queue_depth=2 workers_busy=1 level=DEBUG
2026-03-14 02:34:49.469 runner heartbeat queue_depth=8 workers_busy=2 level=DEBUG
2026-03-14 02:58:40.434 runner heartbeat queue_depth=1 workers_busy=3 level=DEBUG
2026-03-14 02:02:21.376 runner heartbeat queue_depth=6 workers_busy=1 level=DEBUG
2026-03-14 03:17:03.632 runner heartbeat queue_depth=4 workers_busy=2 level=DEBUG
2026-03-14 02:08:17.200 runner heartbeat queue_depth=0 workers_busy=2 level=DEBUG
2026-03-14 02:46:22.580 runner heartbeat queue_depth=8 workers_busy=2 level=DEBUG
2026-03-14 02:40:23.527 runner heartbeat queue_depth=3 workers_busy=3 level=DEBUG
2026-03-14 02:34:59.573 runner heartbeat queue_depth=1 workers_busy=2 level=DEBUG
2026-03-14 03:02:33.245 runner heartbeat queue_depth=7 workers_busy=2 level=DEBUG
2026-03-14 03:04:06.169 runner heartbeat queue_depth=0 workers_busy=0 level=DEBUG
2026-03-14 02:17:45.054 runner heartbeat queue_depth=7 workers_busy=1 level=DEBUG
2026-03-14 02:22:30.917 runner heartbeat queue_depth=0 workers_busy=3 level=DEBUG
2026-03-14 03:05:00.179 runner heartbeat queue_depth=0 workers_busy=0 level=DEBUG
2026-03-14 02:36:17.225 runner heartbeat queue_depth=7 workers_busy=1 level=DEBUG
2026-03-14 02:48:16.115 runner heartbeat queue_depth=4 workers_busy=1 level=DEBUG
2026-03-14 02:36:33.470 runner heartbeat queue_depth=7 workers_busy=2 level=DEBUG
2026-03-14 03:08:11.383 runner heartbeat queue_depth=8 workers_busy=2 level=DEBUG
2026-03-14 02:16:39.605 runner heartbeat queue_depth=3 workers_busy=0 level=DEBUG
2026-03-14 02:10:26.953 runner heartbeat queue_depth=4 workers_busy=1 level=DEBUG
2026-03-14 03:09:08.311 runner heartbeat queue_depth=0 workers_busy=0 level=DEBUG
2026-03-14 02:29:00.708 runner heartbeat queue_depth=8 workers_busy=2 level=DEBUG
2026-03-14 02:27:22.005 runner heartbeat queue_depth=2 workers_busy=2 level=DEBUG
2026-03-14 02:41:02.314 runner heartbeat queue_depth=6 workers_busy=3 level=DEBUG
2026-03-14 02:28:40.388 runner heartbeat queue_depth=7 workers_busy=2 level=DEBUG
2026-03-14 02:31:08.876 runner heartbeat queue_depth=0 workers_busy=1 level=DEBUG
2026-03-14 03:15:53.180 runner heartbeat queue_depth=3 workers_busy=2 level=DEBUG
2026-03-14 02:08:56.960 runner heartbeat queue_depth=8 workers_busy=2 level=DEBUG
2026-03-14 02:55:53.867 runner heartbeat queue_depth=7 workers_busy=1 level=DEBUG
2026-03-14 02:44:05.022 runner heartbeat queue_depth=0 workers_busy=0 level=DEBUG
2026-03-14 02:50:40.171 runner heartbeat queue_depth=3 workers_busy=3 level=DEBUG
2026-03-14 02:37:10.173 runner heartbeat queue_depth=1 workers_busy=2 level=DEBUG
2026-03-14 02:20:46.172 runner heartbeat queue_depth=7 workers_busy=0 level=DEBUG
2026-03-14 02:56:43.623 runner heartbeat queue_depth=6 workers_busy=3 level=DEBUG
2026-03-14 03:07:33.503 runner heartbeat queue_depth=1 workers_busy=1 level=DEBUG
2026-03-14 02:54:14.205 runner heartbeat queue_depth=4 workers_busy=1 level=DEBUG
2026-03-14 02:13:07.363 runner heartbeat queue_depth=1 workers_busy=2 level=DEBUG
2026-03-14 02:13:59.600 runner heartbeat queue_depth=0 workers_busy=3 level=DEBUG
2026-03-14 02:51:13.038 runner heartbeat queue_depth=7 workers_busy=2 level=DEBUG
2026-03-14 02:29:19.376 runner heartbeat queue_depth=4 workers_busy=1 level=DEBUG
2026-03-14 03:14:43.534 runner heartbeat queue_depth=8 workers_busy=2 level=DEBUG
2026-03-14 03:15:51.818 runner heartbeat queue_depth=2 workers_busy=3 level=DEBUG
2026-03-14 02:08:32.296 runner heartbeat queue_depth=8 workers_busy=0 level=DEBUG
2026-03-14 03:00:34.257 runner heartbeat queue_depth=5 workers_busy=0 level=DEBUG
2026-03-14 02:57:39.572 runner heartbeat queue_depth=2 workers_busy=3 level=DEBUG
2026-03-14 02:26:20.145 runner heartbeat queue_depth=1 workers_busy=2 level=DEBUG
2026-03-14 02:18:45.260 runner heartbeat queue_depth=7 workers_busy=1 level=DEBUG
2026-03-14 02:18:58.338 runner heartbeat queue_depth=3 workers_busy=3 level=DEBUG
2026-03-14 02:16:15.924 runner heartbeat queue_depth=7 workers_busy=3 level=DEBUG
2026-03-14 02:26:57.921 runner heartbeat queue_depth=6 workers_busy=0 level=DEBUG
2026-03-14 02:08:12.811 runner heartbeat queue_depth=5 workers_busy=1 level=DEBUG
2026-03-14 02:25:11.892 runner heartbeat queue_depth=8 workers_busy=0 level=DEBUG
2026-03-14 02:47:23.665 runner heartbeat queue_depth=7 workers_busy=2 level=DEBUG
2026-03-14 02:39:52.136 runner heartbeat queue_depth=2 workers_busy=0 level=DEBUG
2026-03-14 03:00:47.040 runner heartbeat queue_depth=8 workers_busy=1 level=DEBUG
2026-03-14 02:37:39.785 runner heartbeat queue_depth=6 workers_busy=1 level=DEBUG
2026-03-14 02:31:01.767 runner heartbeat queue_depth=4 workers_busy=2 level=DEBUG
2026-03-14 02:19:34.780 runner heartbeat queue_depth=4 workers_busy=3 level=DEBUG
2026-03-14 03:14:05.375 runner heartbeat queue_depth=0 workers_busy=3 level=DEBUG
2026-03-14 02:41:05.891 runner heartbeat queue_depth=0 workers_busy=2 level=DEBUG
2026-03-14 02:18:39.526 runner heartbeat queue_depth=3 workers_busy=3 level=DEBUG
2026-03-14 02:50:31.453 runner heartbeat queue_depth=1 workers_busy=1 level=DEBUG
2026-03-14 03:08:24.970 runner heartbeat queue_depth=1 workers_busy=1 level=DEBUG
2026-03-14 02:38:04.063 runner heartbeat queue_depth=3 workers_busy=3 level=DEBUG
2026-03-14 02:40:16.182 runner heartbeat queue_depth=6 workers_busy=3 level=DEBUG
2026-03-14 02:06:01.857 runner heartbeat queue_depth=2 workers_busy=3 level=DEBUG
2026-03-14 03:10:17.029 runner heartbeat queue_depth=4 workers_busy=0 level=DEBUG
2026-03-14 02:05:16.291 runner heartbeat queue_depth=3 workers_busy=0 level=DEBUG
2026-03-14 02:48:40.641 runner heartbeat queue_depth=4 workers_busy=0 level=DEBUG
2026-03-14 02:23:23.399 runner heartbeat queue_depth=0 workers_busy=2 level=DEBUG
2026-03-14 02:19:22.001 runner heartbeat queue_depth=3 workers_busy=3 level=DEBUG
2026-03-14 02:35:41.805 runner heartbeat queue_depth=1 workers_busy=1 level=DEBUG
2026-03-14 02:12:26.889 runner heartbeat queue_depth=7 workers_busy=1 level=DEBUG
2026-03-14 02:06:00.092 runner heartbeat queue_depth=2 workers_busy=3 level=DEBUG
2026-03-14 02:51:42.262 runner heartbeat queue_depth=0 workers_busy=2 level=DEBUG
2026-03-14 02:22:50.714 runner heartbeat queue_depth=8 workers_busy=2 level=DEBUG
2026-03-14 02:16:21.240 runner heartbeat queue_depth=6 workers_busy=1 level=DEBUG
2026-03-14 02:13:20.086 runner heartbeat queue_depth=4 workers_busy=1 level=DEBUG
2026-03-14 02:11:53.206 runner heartbeat queue_depth=0 workers_busy=3 level=DEBUG
2026-03-14 02:33:24.379 runner heartbeat queue_depth=4 workers_busy=3 level=DEBUG
2026-03-14 02:32:15.451 runner heartbeat queue_depth=4 workers_busy=0 level=DEBUG
2026-03-14 03:13:42.976 runner heartbeat queue_depth=1 workers_busy=1 level=DEBUG
2026-03-14 02:00:30.048 runner heartbeat queue_depth=0 workers_busy=2 level=DEBUG
2026-03-14 02:50:21.942 runner heartbeat queue_depth=5 workers_busy=1 level=DEBUG
2026-03-14 02:40:29.268 runner heartbeat queue_depth=4 workers_busy=3 level=DEBUG
2026-03-14 02:07:29.567 runner heartbeat queue_depth=6 workers_busy=2 level=DEBUG
2026-03-14 03:01:40.083 runner heartbeat queue_depth=1 workers_busy=1 level=DEBUG
2026-03-14 03:12:31.229 runner heartbeat queue_depth=7 workers_busy=2 level=DEBUG
2026-03-14 03:13:05.882 runner heartbeat queue_depth=0 workers_busy=2 level=DEBUG
2026-03-14 02:09:02.716 runner heartbeat queue_depth=1 workers_busy=0 level=DEBUG
2026-03-14 02:01:02.564 runner heartbeat queue_depth=0 workers_busy=2 level=DEBUG
2026-03-14 03:16:23.379 runner heartbeat queue_depth=5 workers_busy=2 level=DEBUG
2026-03-14 03:12:20.731 runner heartbeat queue_depth=8 workers_busy=0 level=DEBUG
2026-03-14 02:10:53.075 runner heartbeat queue_depth=0 workers_busy=2 level=DEBUG
2026-03-14 02:51:20.017 runner heartbeat queue_depth=5 workers_busy=1 level=DEBUG
2026-03-14 02:55:40.326 runner heartbeat queue_depth=0 workers_busy=1 level=DEBUG
2026-03-14 02:03:03.764 runner heartbeat queue_depth=2 workers_busy=3 level=DEBUG
2026-03-14 02:52:47.761 runner heartbeat queue_depth=6 workers_busy=3 level=DEBUG
2026-03-14 02:57:10.563 runner heartbeat queue_depth=6 workers_busy=1 level=DEBUG
2026-03-14 02:12:38.701 runner heartbeat queue_depth=3 workers_busy=3 level=DEBUG
2026-03-14 03:16:33.727 runner heartbeat queue_depth=4 workers_busy=3 level=DEBUG
2026-03-14 02:43:49.893 runner heartbeat queue_depth=0 workers_busy=0 level=DEBUG
2026-03-14 02:10:15.856 runner heartbeat queue_depth=0 workers_busy=0 level=DEBUG
2026-03-14 02:15:01.190 runner heartbeat queue_depth=2 workers_busy=1 level=DEBUG
2026-03-14 02:48:27.433 runner heartbeat queue_depth=2 workers_busy=0 level=DEBUG
2026-03-14 02:52:01.599 runner heartbeat queue_depth=0 workers_busy=3 level=DEBUG
2026-03-14 02:20:40.626 runner heartbeat queue_depth=2 workers_busy=2 level=DEBUG
2026-03-14 02:27:59.427 runner heartbeat queue_depth=3 workers_busy=1 level=DEBUG
2026-03-14 02:10:58.720 runner heartbeat queue_depth=5 workers_busy=2 level=DEBUG
2026-03-14 02:24:57.119 runner heartbeat queue_depth=1 workers_busy=2 level=DEBUG
2026-03-14 02:27:17.498 runner heartbeat queue_depth=4 workers_busy=3 level=DEBUG
2026-03-14 03:11:25.506 runner heartbeat queue_depth=0 workers_busy=2 level=DEBUG
2026-03-14 02:37:05.954 runner heartbeat queue_depth=0 workers_busy=3 level=DEBUG
2026-03-14 02:54:34.859 runner heartbeat queue_depth=6 workers_busy=1 level=DEBUG
2026-03-14 02:43:20.560 runner heartbeat queue_depth=3 workers_busy=1 level=DEBUG
2026-03-14 02:44:18.154 runner heartbeat queue_depth=7 workers_busy=2 level=DEBUG
2026-03-14 02:29:36.845 runner heartbeat queue_depth=0 workers_busy=3 level=DEBUG
2026-03-14 02:30:35.555 runner heartbeat queue_depth=2 workers_busy=2 level=DEBUG
2026-03-14 02:42:32.868 runner heartbeat queue_depth=7 workers_busy=3 level=DEBUG
2026-03-14 02:54:14.070 runner heartbeat queue_depth=5 workers_busy=2 level=DEBUG
2026-03-14 02:25:49.593 runner heartbeat queue_depth=1 workers_busy=1 level=DEBUG
2026-03-14 02:13:44.395 runner heartbeat queue_depth=8 workers_busy=3 level=DEBUG
2026-03-14 03:08:19.456 runner heartbeat queue_depth=4 workers_busy=2 level=DEBUG
2026-03-14 02:12:32.325 runner heartbeat queue_depth=5 workers_busy=1 level=DEBUG
2026-03-14 02:08:51.475 runner heartbeat queue_depth=0 workers_busy=0 level=DEBUG
2026-03-14 02:30:40.775 runner heartbeat queue_depth=5 workers_busy=0 level=DEBUG
2026-03-14 03:03:36.220 runner heartbeat queue_depth=1 workers_busy=1 level=DEBUG
2026-03-14 02:13:32.385 runner heartbeat queue_depth=5 workers_busy=2 level=DEBUG
2026-03-14 02:08:13.199 runner heartbeat queue_depth=6 workers_busy=2 level=DEBUG
2026-03-14 02:25:09.869 runner heartbeat queue_depth=4 workers_busy=3 level=DEBUG
2026-03-14 03:03:18.120 runner heartbeat queue_depth=4 workers_busy=0 level=DEBUG
2026-03-14 02:17:08.345 runner heartbeat queue_depth=0 workers_busy=3 level=DEBUG
2026-03-14 02:35:49.700 runner heartbeat queue_depth=3 workers_busy=2 level=DEBUG
2026-03-14 03:07:34.029 runner heartbeat queue_depth=3 workers_busy=2 level=DEBUG
2026-03-14 03:17:18.840 runner heartbeat queue_depth=5 workers_busy=3 level=DEBUG
2026-03-14 02:05:49.542 runner heartbeat queue_depth=5 workers_busy=0 level=DEBUG
2026-03-14 02:17:35.365 runner heartbeat queue_depth=2 workers_busy=3 level=DEBUG
2026-03-14 02:36:14.847 runner heartbeat queue_depth=4 workers_busy=2 level=DEBUG
2026-03-14 02:32:44.671 runner heartbeat queue_depth=6 workers_busy=3 level=DEBUG
2026-03-14 02:00:45.920 runner heartbeat queue_depth=4 workers_busy=2 level=DEBUG
2026-03-14 02:50:04.128 runner heartbeat queue_depth=6 workers_busy=0 level=DEBUG
2026-03-14 03:04:04.110 runner heartbeat queue_depth=2 workers_busy=1 level=DEBUG
2026-03-14 02:44:53.737 runner heartbeat queue_depth=0 workers_busy=1 level=DEBUG
2026-03-14 03:04:54.359 runner heartbeat queue_depth=5 workers_busy=0 level=DEBUG
2026-03-14 02:36:52.644 runner heartbeat queue_depth=2 workers_busy=3 level=DEBUG
2026-03-14 03:02:53.715 runner heartbeat queue_depth=0 workers_busy=0 level=DEBUG
2026-03-14 02:30:06.539 runner heartbeat queue_depth=2 workers_busy=0 level=DEBUG
2026-03-14 02:33:07.042 runner heartbeat queue_depth=8 workers_busy=3 level=DEBUG
2026-03-14 02:53:17.435 runner heartbeat queue_depth=5 workers_busy=0 level=DEBUG
2026-03-14 02:26:15.406 runner heartbeat queue_depth=6 workers_busy=2 level=DEBUG
2026-03-14 02:30:52.027 runner heartbeat queue_depth=4 workers_busy=2 level=DEBUG
2026-03-14 03:08:40.539 runner heartbeat queue_depth=4 workers_busy=2 level=DEBUG
2026-03-14 02:48:57.949 runner heartbeat queue_depth=3 workers_busy=1 level=DEBUG
2026-03-14 03:12:03.395 runner heartbeat queue_depth=1 workers_busy=3 level=DEBUG
2026-03-14 02:05:42.381 runner heartbeat queue_depth=8 workers_busy=3 level=DEBUG
2026-03-14 03:02:49.007 runner heartbeat queue_depth=2 workers_busy=1 level=DEBUG
2026-03-14 03:17:09.762 runner heartbeat queue_depth=6 workers_busy=0 level=DEBUG
2026-03-14 02:55:10.538 runner heartbeat queue_depth=1 workers_busy=2 level=DEBUG
2026-03-14 03:07:31.141 runner heartbeat queue_depth=0 workers_busy=3 level=DEBUG
2026-03-14 02:45:37.899 runner heartbeat queue_depth=2 workers_busy=2 level=DEBUG
2026-03-14 03:00:09.395 runner heartbeat queue_depth=8 workers_busy=1 level=DEBUG
2026-03-14 02:45:56.305 runner heartbeat queue_depth=6 workers_busy=1 level=DEBUG
2026-03-14 02:55:41.779 runner heartbeat queue_depth=3 workers_busy=2 level=DEBUG
2026-03-14 02:51:12.425 runner heartbeat queue_depth=4 workers_busy=0 level=DEBUG
2026-03-14 03:01:13.644 runner heartbeat queue_depth=4 workers_busy=0 level=DEBUG
2026-03-14 02:55:35.021 runner heartbeat queue_depth=2 workers_busy=2 level=DEBUG
2026-03-14 02:45:02.436 runner heartbeat queue_depth=6 workers_busy=2 level=DEBUG
2026-03-14 02:53:35.010 runner heartbeat queue_depth=3 workers_busy=3 level=DEBUG
2026-03-14 03:01:29.279 runner heartbeat queue_depth=5 workers_busy=3 level=DEBUG
2026-03-14 02:51:48.207 runner heartbeat queue_depth=6 workers_busy=0 level=DEBUG
2026-03-14 03:05:42.531 runner heartbeat queue_depth=4 workers_busy=1 level=DEBUG
2026-03-14 03:08:23.725 runner heartbeat queue_depth=1 workers_busy=3 level=DEBUG
2026-03-14 02:27:08.605 runner heartbeat queue_depth=0 workers_busy=3 level=DEBUG
2026-03-14 02:36:29.704 runner heartbeat queue_depth=6 workers_busy=1 level=DEBUG
2026-03-14 02:55:09.437 runner heartbeat queue_depth=3 workers_busy=2 level=DEBUG
2026-03-14 03:17:43.470 runner heartbeat queue_depth=3 workers_busy=0 level=DEBUG
2026-03-14 03:11:12.441 runner heartbeat queue_depth=3 workers_busy=2 level=DEBUG
2026-03-14 02:03:01.936 runner heartbeat queue_depth=0 workers_busy=1 level=DEBUG
2026-03-14 03:00:37.789 runner heartbeat queue_depth=3 workers_busy=2 level=DEBUG
2026-03-14 02:00:16.007 runner heartbeat queue_depth=6 workers_busy=3 level=DEBUG
2026-03-14 02:52:48.112 runner heartbeat queue_depth=3 workers_busy=0 level=DEBUG
2026-03-14 03:17:44.075 runner heartbeat queue_depth=7 workers_busy=0 level=DEBUG
2026-03-14 02:02:43.771 runner heartbeat queue_depth=1 workers_busy=3 level=DEBUG
2026-03-14 02:34:50.654 runner heartbeat queue_depth=2 workers_busy=0 level=DEBUG
2026-03-14 02:19:56.744 runner heartbeat queue_depth=4 workers_busy=1 level=DEBUG
2026-03-14 02:17:11.840 runner heartbeat queue_depth=4 workers_busy=3 level=DEBUG
2026-03-14 02:40:30.566 runner heartbeat queue_depth=4 workers_busy=1 level=DEBUG
2026-03-14 02:25:37.161 runner heartbeat queue_depth=7 workers_busy=3 level=DEBUG
2026-03-14 03:10:27.336 runner heartbeat queue_depth=0 workers_busy=1 level=DEBUG
2026-03-14 02:08:56.990 runner heartbeat queue_depth=7 workers_busy=2 level=DEBUG
2026-03-14 03:08:17.974 runner heartbeat queue_depth=1 workers_busy=3 level=DEBUG
2026-03-14 02:33:41.786 runner heartbeat queue_depth=5 workers_busy=1 level=DEBUG
2026-03-14 02:57:34.764 runner heartbeat queue_depth=4 workers_busy=2 level=DEBUG
2026-03-14 02:27:53.135 runner heartbeat queue_depth=3 workers_busy=3 level=DEBUG
2026-03-14 02:18:03.869 runner heartbeat queue_depth=0 workers_busy=3 level=DEBUG
2026-03-14 03:17:00.396 runner heartbeat queue_depth=4 workers_busy=3 level=DEBUG
2026-03-14 02:32:05.788 runner heartbeat queue_depth=8 workers_busy=0 level=DEBUG
2026-03-14 02:03:17.346 runner heartbeat queue_depth=8 workers_busy=1 level=DEBUG
2026-03-14 02:09:55.682 runner heartbeat queue_depth=1 workers_busy=1 level=DEBUG
2026-03-14 03:08:00.348 runner heartbeat queue_depth=0 workers_busy=1 level=DEBUG
2026-03-14 02:24:10.925 runner heartbeat queue_depth=3 workers_busy=1 level=DEBUG
2026-03-14 03:14:42.947 runner heartbeat queue_depth=6 workers_busy=1 level=DEBUG
2026-03-14 02:13:48.215 runner heartbeat queue_depth=8 workers_busy=0 level=DEBUG
2026-03-14 03:14:39.531 runner heartbeat queue_depth=2 workers_busy=2 level=DEBUG
2026-03-14 02:14:18.770 runner heartbeat queue_depth=0 workers_busy=0 level=DEBUG
2026-03-14 03:12:13.256 runner heartbeat queue_depth=7 workers_busy=2 level=DEBUG
2026-03-14 02:39:54.973 runner heartbeat queue_depth=3 workers_busy=1 level=DEBUG
2026-03-14 03:05:58.695 runner heartbeat queue_depth=1 workers_busy=2 level=DEBUG
2026-03-14 03:09:54.295 runner heartbeat queue_depth=0 workers_busy=1 level=DEBUG
2026-03-14 02:37:19.629 runner heartbeat queue_depth=0 workers_busy=2 level=DEBUG
2026-03-14 03:12:46.674 runner heartbeat queue_depth=6 workers_busy=1 level=DEBUG
2026-03-14 02:38:36.213 runner heartbeat queue_depth=2 workers_busy=3 level=DEBUG
2026-03-14 02:20:33.930 runner heartbeat queue_depth=0 workers_busy=1 level=DEBUG
2026-03-14 02:41:19.692 runner heartbeat queue_depth=8 workers_busy=1 level=DEBUG
2026-03-14 02:16:26.988 runner heartbeat queue_depth=5 workers_busy=2 level=DEBUG
2026-03-14 02:13:13.062 runner heartbeat queue_depth=8 workers_busy=2 level=DEBUG
2026-03-14 02:21:17.863 runner heartbeat queue_depth=1 workers_busy=0 level=DEBUG
2026-03-14 02:03:19.209 runner heartbeat queue_depth=1 workers_busy=1 level=DEBUG
2026-03-14 02:15:38.766 runner heartbeat queue_depth=1 workers_busy=1 level=DEBUG
2026-03-14 03:02:43.871 runner heartbeat queue_depth=7 workers_busy=2 level=DEBUG
2026-03-14 03:01:05.866 runner heartbeat queue_depth=8 workers_busy=0 level=DEBUG
2026-03-14 03:04:18.653 runner heartbeat queue_depth=2 workers_busy=3 level=DEBUG
2026-03-14 02:45:46.179 runner heartbeat queue_depth=4 workers_busy=0 level=DEBUG
2026-03-14 02:12:52.355 runner heartbeat queue_depth=6 workers_busy=2 level=DEBUG
2026-03-14 02:27:10.941 runner heartbeat queue_depth=0 workers_busy=1 level=DEBUG
2026-03-14 02:57:06.264 runner heartbeat queue_depth=1 workers_busy=2 level=DEBUG
2026-03-14 03:13:33.180 runner heartbeat queue_depth=5 workers_busy=3 level=DEBUG
2026-03-14 02:35:22.309 runner heartbeat queue_depth=3 workers_busy=3 level=DEBUG
2026-03-14 02:21:46.921 runner heartbeat queue_depth=7 workers_busy=1 level=DEBUG
2026-03-14 03:00:33.819 runner heartbeat queue_depth=0 workers_busy=1 level=DEBUG
2026-03-14 02:45:47.860 runner heartbeat queue_depth=8 workers_busy=0 level=DEBUG
2026-03-14 02:42:24.877 runner heartbeat queue_depth=6 workers_busy=0 level=DEBUG
2026-03-14 02:55:28.359 runner heartbeat queue_depth=5 workers_busy=2 level=DEBUG
2026-03-14 02:16:54.358 runner heartbeat queue_depth=8 workers_busy=3 level=DEBUG
2026-03-14 03:07:58.739 runner heartbeat queue_depth=5 workers_busy=3 level=DEBUG
2026-03-14 02:16:34.131 runner heartbeat queue_depth=6 workers_busy=1 level=DEBUG
2026-03-14 03:11:36.532 runner heartbeat queue_depth=8 workers_busy=0 level=DEBUG
2026-03-14 02:58:58.826 runner heartbeat queue_depth=7 workers_busy=1 level=DEBUG
2026-03-14 02:43:57.260 runner heartbeat queue_depth=3 workers_busy=3 level=DEBUG
2026-03-14 02:11:04.116 runner heartbeat queue_depth=7 workers_busy=0 level=DEBUG
2026-03-14 03:02:33.578 runner heartbeat queue_depth=0 workers_busy=1 level=DEBUG
2026-03-14 02:38:33.535 runner heartbeat queue_depth=3 workers_busy=1 level=DEBUG
2026-03-14 02:51:46.871 runner heartbeat queue_depth=1 workers_busy=3 level=DEBUG
2026-03-14 02:03:56.505 runner heartbeat queue_depth=8 workers_busy=2 level=DEBUG
2026-03-14 02:48:43.934 runner heartbeat queue_depth=5 workers_busy=0 level=DEBUG
2026-03-14 03:07:25.630 runner heartbeat queue_depth=4 workers_busy=3 level=DEBUG
2026-03-14 02:13:41.318 runner heartbeat queue_depth=3 workers_busy=3 level=DEBUG
2026-03-14 02:36:31.614 runner heartbeat queue_depth=2 workers_busy=3 level=DEBUG
2026-03-14 02:10:52.280 runner heartbeat queue_depth=2 workers_busy=2 level=DEBUG
2026-03-14 02:42:30.472 runner heartbeat queue_depth=6 workers_busy=2 level=DEBUG
2026-03-14 02:16:19.166 runner heartbeat queue_depth=7 workers_busy=1 level=DEBUG
2026-03-14 02:52:15.111 runner heartbeat queue_depth=0 workers_busy=3 level=DEBUG
2026-03-14 02:20:12.717 runner heartbeat queue_depth=2 workers_busy=1 level=DEBUG
2026-03-14 02:52:16.262 runner heartbeat queue_depth=8 workers_busy=0 level=DEBUG
2026-03-14 02:34:01.976 runner heartbeat queue_depth=8 workers_busy=1 level=DEBUG
2026-03-14 02:07:38.371 runner heartbeat queue_depth=6 workers_busy=0 level=DEBUG
2026-03-14 02:49:57.827 runner heartbeat queue_depth=6 workers_busy=1 level=DEBUG
2026-03-14 02:20:49.049 runner heartbeat queue_depth=3 workers_busy=1 level=DEBUG
2026-03-14 03:07:40.131 runner heartbeat queue_depth=0 workers_busy=2 level=DEBUG
2026-03-14 02:38:58.647 runner heartbeat queue_depth=7 workers_busy=2 level=DEBUG
2026-03-14 02:29:48.048 runner heartbeat queue_depth=6 workers_busy=0 level=DEBUG
2026-03-14 02:18:12.180 runner heartbeat queue_depth=0 workers_busy=1 level=DEBUG
2026-03-14 02:48:05.750 runner heartbeat queue_depth=4 workers_busy=2 level=DEBUG
2026-03-14 03:17:50.207 runner heartbeat queue_depth=6 workers_busy=0 level=DEBUG
2026-03-14 02:27:15.495 runner heartbeat queue_depth=2 workers_busy=3 level=DEBUG
2026-03-14 02:30:34.366 runner heartbeat queue_depth=7 workers_busy=1 level=DEBUG
2026-03-14 02:48:12.811 runner heartbeat queue_depth=7 workers_busy=2 level=DEBUG
2026-03-14 02:04:50.064 runner heartbeat queue_depth=4 workers_busy=0 level=DEBUG
2026-03-14 02:33:23.169 runner heartbeat queue_depth=2 workers_busy=3 level=DEBUG
2026-03-14 03:12:40.742 runner heartbeat queue_depth=2 workers_busy=1 level=DEBUG
2026-03-14 02:01:54.508 runner heartbeat queue_depth=5 workers_busy=0 level=DEBUG
2026-03-14 03:05:41.746 runner heartbeat queue_depth=2 workers_busy=1 level=DEBUG
2026-03-14 03:15:37.126 runner heartbeat queue_depth=8 workers_busy=0 level=DEBUG
2026-03-14 02:07:02.956 runner heartbeat queue_depth=1 workers_busy=3 level=DEBUG
2026-03-14 02:45:36.441 runner heartbeat queue_depth=5 workers_busy=3 level=DEBUG
2026-03-14 02:38:12.209 runner heartbeat queue_depth=5 workers_busy=2 level=DEBUG
2026-03-14 02:31:54.142 runner heartbeat queue_depth=2 workers_busy=1 level=DEBUG
2026-03-14 02:46:57.264 runner heartbeat queue_depth=8 workers_busy=0 level=DEBUG
2026-03-14 03:06:18.347 runner heartbeat queue_depth=4 workers_busy=3 level=DEBUG
2026-03-14 02:54:34.550 runner heartbeat queue_depth=2 workers_busy=0 level=DEBUG
2026-03-14 02:24:12.966 runner heartbeat queue_depth=2 workers_busy=0 level=DEBUG
2026-03-14 02:43:18.225 runner heartbeat queue_depth=1 workers_busy=2 level=DEBUG
2026-03-14 02:50:50.307 runner heartbeat queue_depth=8 workers_busy=1 level=DEBUG
2026-03-14 02:24:12.488 runner heartbeat queue_depth=8 workers_busy=0 level=DEBUG
2026-03-14 02:54:46.054 runner heartbeat queue_depth=5 workers_busy=0 level=DEBUG
2026-03-14 02:39:05.007 runner heartbeat queue_depth=4 workers_busy=3 level=DEBUG
2026-03-14 02:20:55.033 runner heartbeat queue_depth=0 workers_busy=3 level=DEBUG
2026-03-14 02:53:35.893 runner heartbeat queue_depth=5 workers_busy=0 level=DEBUG
2026-03-14 02:46:40.029 runner heartbeat queue_depth=2 workers_busy=0 level=DEBUG
2026-03-14 02:54:06.887 runner heartbeat queue_depth=7 workers_busy=1 level=DEBUG
2026-03-14 02:54:48.554 runner heartbeat queue_depth=3 workers_busy=0 level=DEBUG
2026-03-14 02:52:03.178 runner heartbeat queue_depth=5 workers_busy=1 level=DEBUG
2026-03-14 02:19:34.876 runner heartbeat queue_depth=6 workers_busy=2 level=DEBUG
2026-03-14 02:22:07.176 runner heartbeat queue_depth=4 workers_busy=3 level=DEBUG
2026-03-14 02:15:13.392 runner heartbeat queue_depth=4 workers_busy=3 level=DEBUG
2026-03-14 02:48:29.398 runner heartbeat queue_depth=5 workers_busy=2 level=DEBUG
2026-03-14 02:40:27.435 runner heartbeat queue_depth=4 workers_busy=3 level=DEBUG
2026-03-14 03:01:00.442 runner heartbeat queue_depth=1 workers_busy=1 level=DEBUG
2026-03-14 02:16:23.949 runner heartbeat queue_depth=1 workers_busy=0 level=DEBUG
2026-03-14 02:51:51.675 runner heartbeat queue_depth=2 workers_busy=2 level=DEBUG
2026-03-14 03:00:52.174 runner heartbeat queue_depth=4 workers_busy=0 level=DEBUG
2026-03-14 02:52:54.505 runner heartbeat queue_depth=8 workers_busy=0 level=DEBUG
2026-03-14 02:02:03.296 runner heartbeat queue_depth=7 workers_busy=0 level=DEBUG
2026-03-14 02:46:07.385 runner heartbeat queue_depth=7 workers_busy=2 level=DEBUG
2026-03-14 02:23:55.027 runner heartbeat queue_depth=8 workers_busy=3 level=DEBUG
2026-03-14 02:28:24.816 runner heartbeat queue_depth=2 workers_busy=3 level=DEBUG
2026-03-14 02:58:53.643 runner heartbeat queue_depth=3 workers_busy=3 level=DEBUG
2026-03-14 03:02:34.213 runner heartbeat queue_depth=7 workers_busy=0 level=DEBUG
2026-03-14 02:51:01.409 runner heartbeat queue_depth=3 workers_busy=1 level=DEBUG
2026-03-14 02:40:03.522 runner heartbeat queue_depth=6 workers_busy=1 level=DEBUG
2026-03-14 02:07:15.964 runner heartbeat queue_depth=0 workers_busy=1 level=DEBUG
2026-03-14 02:29:22.486 runner heartbeat queue_depth=0 workers_busy=1 level=DEBUG
2026-03-14 03:03:04.661 runner heartbeat queue_depth=5 workers_busy=0 level=DEBUG
2026-03-14 02:37:11.435 runner heartbeat queue_depth=2 workers_busy=0 level=DEBUG
2026-03-14 03:17:09.409 runner heartbeat queue_depth=4 workers_busy=2 level=DEBUG
2026-03-14 03:05:48.708 runner heartbeat queue_depth=8 workers_busy=1 level=DEBUG
2026-03-14 02:25:04.476 runner heartbeat queue_depth=5 workers_busy=0 level=DEBUG
2026-03-14 02:41:24.323 runner heartbeat queue_depth=3 workers_busy=3 level=DEBUG
2026-03-14 02:46:39.386 runner heartbeat queue_depth=6 workers_busy=0 level=DEBUG
2026-03-14 02:36:43.256 runner heartbeat queue_depth=6 workers_busy=1 level=DEBUG
2026-03-14 02:28:23.823 runner heartbeat queue_depth=2 workers_busy=2 level=DEBUG
2026-03-14 02:08:06.801 runner heartbeat queue_depth=7 workers_busy=1 level=DEBUG
2026-03-14 02:13:37.343 runner heartbeat queue_depth=4 workers_busy=3 level=DEBUG
2026-03-14 02:32:05.726 runner heartbeat queue_depth=5 workers_busy=0 level=DEBUG
2026-03-14 03:02:39.490 runner heartbeat queue_depth=7 workers_busy=0 level=DEBUG
2026-03-14 02:04:26.618 runner heartbeat queue_depth=6 workers_busy=0 level=DEBUG
2026-03-14 02:31:57.661 runner heartbeat queue_depth=7 workers_busy=0 level=DEBUG
2026-03-14 02:34:58.609 runner heartbeat queue_depth=3 workers_busy=1 level=DEBUG
2026-03-14 02:16:45.833 runner heartbeat queue_depth=0 workers_busy=3 level=DEBUG
2026-03-14 02:23:20.304 runner heartbeat queue_depth=8 workers_busy=0 level=DEBUG
2026-03-14 03:02:34.210 runner heartbeat queue_depth=2 workers_busy=2 level=DEBUG
2026-03-14 02:35:53.403 runner heartbeat queue_depth=1 workers_busy=2 level=DEBUG
2026-03-14 02:44:02.475 runner heartbeat queue_depth=1 workers_busy=3 level=DEBUG
2026-03-14 02:16:31.205 runner heartbeat queue_depth=0 workers_busy=1 level=DEBUG
2026-03-14 02:53:55.827 runner heartbeat queue_depth=1 workers_busy=0 level=DEBUG
2026-03-14 02:53:59.014 runner heartbeat queue_depth=8 workers_busy=0 level=DEBUG
2026-03-14 02:01:39.760 runner heartbeat queue_depth=0 workers_busy=0 level=DEBUG
2026-03-14 02:43:06.375 runner heartbeat queue_depth=6 workers_busy=1 level=DEBUG
2026-03-14 02:31:24.584 runner heartbeat queue_depth=4 workers_busy=3 level=DEBUG
2026-03-14 02:25:28.337 runner heartbeat queue_depth=6 workers_busy=3 level=DEBUG
2026-03-14 02:30:09.629 runner heartbeat queue_depth=8 workers_busy=3 level=DEBUG
2026-03-14 02:56:50.992 runner heartbeat queue_depth=5 workers_busy=0 level=DEBUG
2026-03-14 03:05:15.880 runner heartbeat queue_depth=1 workers_busy=3 level=DEBUG
2026-03-14 02:47:11.470 runner heartbeat queue_depth=0 workers_busy=3 level=DEBUG
2026-03-14 02:06:24.289 runner heartbeat queue_depth=3 workers_busy=0 level=DEBUG
2026-03-14 02:27:46.368 runner heartbeat queue_depth=1 workers_busy=3 level=DEBUG
2026-03-14 03:14:17.395 runner heartbeat queue_depth=4 workers_busy=3 level=DEBUG
2026-03-14 02:58:15.311 runner heartbeat queue_depth=5 workers_busy=0 level=DEBUG
2026-03-14 02:08:57.963 runner heartbeat queue_depth=8 workers_busy=2 level=DEBUG
2026-03-14 02:31:44.913 runner heartbeat queue_depth=8 workers_busy=2 level=DEBUG
2026-03-14 02:52:37.991 runner heartbeat queue_depth=0 workers_busy=1 level=DEBUG
2026-03-14 03:14:34.832 runner heartbeat queue_depth=4 workers_busy=2 level=DEBUG
2026-03-14 02:16:30.367 runner heartbeat queue_depth=8 workers_busy=1 level=DEBUG
2026-03-14 02:00:06.252 runner heartbeat queue_depth=5 workers_busy=3 level=DEBUG
2026-03-14 02:25:11.295 runner heartbeat queue_depth=1 workers_busy=1 level=DEBUG
2026-03-14 03:14:54.255 runner heartbeat queue_depth=4 workers_busy=1 level=DEBUG
2026-03-14 03:16:23.718 runner heartbeat queue_depth=0 workers_busy=0 level=DEBUG
2026-03-14 02:28:58.674 runner heartbeat queue_depth=7 workers_busy=0 level=DEBUG
2026-03-14 02:54:13.779 runner heartbeat queue_depth=1 workers_busy=2 level=DEBUG
2026-03-14 02:45:18.617 runner heartbeat queue_depth=1 workers_busy=1 level=DEBUG
2026-03-14 02:51:55.319 runner heartbeat queue_depth=0 workers_busy=1 level=DEBUG
2026-03-14 02:27:59.213 runner heartbeat queue_depth=6 workers_busy=1 level=DEBUG
2026-03-14 02:44:28.910 runner heartbeat queue_depth=2 workers_busy=2 level=DEBUG
2026-03-14 03:09:14.165 runner heartbeat queue_depth=6 workers_busy=2 level=DEBUG
2026-03-14 02:00:21.621 runner heartbeat queue_depth=6 workers_busy=0 level=DEBUG
2026-03-14 02:48:52.560 runner heartbeat queue_depth=4 workers_busy=2 level=DEBUG
2026-03-14 02:57:20.152 runner heartbeat queue_depth=1 workers_busy=1 level=DEBUG
2026-03-14 02:43:52.847 runner heartbeat queue_depth=1 workers_busy=2 level=DEBUG
2026-03-14 03:05:51.815 runner heartbeat queue_depth=8 workers_busy=1 level=DEBUG
2026-03-14 02:27:28.492 runner heartbeat queue_depth=0 workers_busy=1 level=DEBUG
2026-03-14 02:11:01.439 runner heartbeat queue_depth=1 workers_busy=1 level=DEBUG
2026-03-14 02:56:21.689 runner heartbeat queue_depth=8 workers_busy=0 level=DEBUG
2026-03-14 02:48:46.095 runner heartbeat queue_depth=8 workers_busy=1 level=DEBUG
2026-03-14 02:04:32.443 runner heartbeat queue_depth=6 workers_busy=2 level=DEBUG
2026-03-14 02:55:50.859 runner heartbeat queue_depth=8 workers_busy=2 level=DEBUG
2026-03-14 02:50:11.564 runner heartbeat queue_depth=7 workers_busy=1 level=DEBUG
2026-03-14 02:42:41.255 runner heartbeat queue_depth=6 workers_busy=2 level=DEBUG
2026-03-14 02:30:06.031 runner heartbeat queue_depth=8 workers_busy=0 level=DEBUG
2026-03-14 02:31:50.902 runner heartbeat queue_depth=3 workers_busy=0 level=DEBUG
2026-03-14 02:19:45.119 runner heartbeat queue_depth=3 workers_busy=0 level=DEBUG
2026-03-14 02:30:27.165 runner heartbeat queue_depth=0 workers_busy=0 level=DEBUG
2026-03-14 02:23:26.625 runner heartbeat queue_depth=6 workers_busy=2 level=DEBUG
2026-03-14 02:45:00.575 runner heartbeat queue_depth=4 workers_busy=3 level=DEBUG
2026-03-14 02:59:31.076 runner heartbeat queue_depth=3 workers_busy=0 level=DEBUG
2026-03-14 02:06:22.042 runner heartbeat queue_depth=5 workers_busy=0 level=DEBUG
2026-03-14 02:24:15.130 runner heartbeat queue_depth=8 workers_busy=2 level=DEBUG
2026-03-14 03:11:50.607 runner heartbeat queue_depth=8 workers_busy=1 level=DEBUG
2026-03-14 02:24:22.544 runner heartbeat queue_depth=1 workers_busy=1 level=DEBUG
2026-03-14 02:00:46.920 runner heartbeat queue_depth=2 workers_busy=3 level=DEBUG
2026-03-14 02:28:40.671 runner heartbeat queue_depth=3 workers_busy=1 level=DEBUG
2026-03-14 02:34:36.724 runner heartbeat queue_depth=3 workers_busy=3 level=DEBUG
2026-03-14 02:45:50.850 runner heartbeat queue_depth=1 workers_busy=3 level=DEBUG
2026-03-14 02:39:14.077 runner heartbeat queue_depth=4 workers_busy=1 level=DEBUG
2026-03-14 02:23:48.461 runner heartbeat queue_depth=4 workers_busy=0 level=DEBUG
2026-03-14 02:50:11.175 runner heartbeat queue_depth=0 workers_busy=1 level=DEBUG
2026-03-14 02:00:14.136 runner heartbeat queue_depth=2 workers_busy=1 level=DEBUG
2026-03-14 02:45:16.168 runner heartbeat queue_depth=1 workers_busy=1 level=DEBUG
2026-03-14 02:14:29.706 runner heartbeat queue_depth=5 workers_busy=1 level=DEBUG
2026-03-14 02:39:36.874 runner heartbeat queue_depth=3 workers_busy=0 level=DEBUG
2026-03-14 02:11:50.019 runner heartbeat queue_depth=7 workers_busy=3 level=DEBUG
2026-03-14 02:20:34.265 runner heartbeat queue_depth=6 workers_busy=2 level=DEBUG
2026-03-14 02:07:02.219 runner heartbeat queue_depth=8 workers_busy=0 level=DEBUG
2026-03-14 02:39:47.101 runner heartbeat queue_depth=0 workers_busy=1 level=DEBUG
2026-03-14 02:56:24.180 runner heartbeat queue_depth=8 workers_busy=1 level=DEBUG
2026-03-14 02:21:03.577 runner heartbeat queue_depth=6 workers_busy=2 level=DEBUG
2026-03-14 02:38:19.313 runner heartbeat queue_depth=0 workers_busy=3 level=DEBUG
2026-03-14 02:39:00.336 runner heartbeat queue_depth=4 workers_busy=2 level=DEBUG
2026-03-14 02:08:08.149 runner heartbeat queue_depth=2 workers_busy=3 level=DEBUG
2026-03-14 02:20:22.471 runner heartbeat queue_depth=0 workers_busy=0 level=DEBUG
2026-03-14 02:50:51.746 runner heartbeat queue_depth=4 workers_busy=0 level=DEBUG
2026-03-14 02:34:30.075 runner heartbeat queue_depth=3 workers_busy=0 level=DEBUG
2026-03-14 02:12:32.709 runner heartbeat queue_depth=5 workers_busy=3 level=DEBUG
2026-03-14 02:12:33.041 runner heartbeat queue_depth=7 workers_busy=1 level=DEBUG
2026-03-14 03:13:26.212 runner heartbeat queue_depth=4 workers_busy=2 level=DEBUG
2026-03-14 03:15:25.164 runner heartbeat queue_depth=1 workers_busy=3 level=DEBUG
2026-03-14 02:53:11.345 runner heartbeat queue_depth=6 workers_busy=0 level=DEBUG
2026-03-14 02:08:45.942 runner heartbeat queue_depth=2 workers_busy=0 level=DEBUG
2026-03-14 02:11:14.468 runner heartbeat queue_depth=8 workers_busy=3 level=DEBUG
2026-03-14 02:14:36.277 runner heartbeat queue_depth=7 workers_busy=1 level=DEBUG
2026-03-14 02:05:57.367 runner heartbeat queue_depth=8 workers_busy=2 level=DEBUG
2026-03-14 02:47:07.922 runner heartbeat queue_depth=5 workers_busy=0 level=DEBUG
2026-03-14 02:38:55.434 runner heartbeat queue_depth=5 workers_busy=1 level=DEBUG
2026-03-14 02:25:10.542 runner heartbeat queue_depth=4 workers_busy=3 level=DEBUG
2026-03-14 02:24:18.550 runner heartbeat queue_depth=5 workers_busy=0 level=DEBUG
2026-03-14 02:36:24.036 runner heartbeat queue_depth=6 workers_busy=0 level=DEBUG
2026-03-14 02:45:52.543 runner heartbeat queue_depth=6 workers_busy=3 level=DEBUG
2026-03-14 02:38:08.026 runner heartbeat queue_depth=0 workers_busy=0 level=DEBUG
2026-03-14 02:25:02.353 runner heartbeat queue_depth=2 workers_busy=3 level=DEBUG
2026-03-14 03:05:28.701 runner heartbeat queue_depth=6 workers_busy=0 level=DEBUG
2026-03-14 02:54:50.515 runner heartbeat queue_depth=5 workers_busy=0 level=DEBUG
2026-03-14 03:03:20.559 runner heartbeat queue_depth=1 workers_busy=0 level=DEBUG
2026-03-14 02:33:01.891 runner heartbeat queue_depth=3 workers_busy=0 level=DEBUG
2026-03-14 02:44:20.221 runner heartbeat queue_depth=6 workers_busy=1 level=DEBUG
2026-03-14 02:05:56.380 runner heartbeat queue_depth=0 workers_busy=2 level=DEBUG
2026-03-14 02:34:46.240 runner heartbeat queue_depth=4 workers_busy=3 level=DEBUG
2026-03-14 02:59:45.071 runner heartbeat queue_depth=7 workers_busy=3 level=DEBUG
2026-03-14 02:13:24.229 runner heartbeat queue_depth=6 workers_busy=1 level=DEBUG
2026-03-14 02:25:43.461 runner heartbeat queue_depth=1 workers_busy=2 level=DEBUG
2026-03-14 02:42:53.395 runner heartbeat queue_depth=6 workers_busy=2 level=DEBUG
2026-03-14 02:15:33.883 runner heartbeat queue_depth=6 workers_busy=0 level=DEBUG
2026-03-14 02:36:24.213 runner heartbeat queue_depth=8 workers_busy=0 level=DEBUG
2026-03-14 02:52:37.123 runner heartbeat queue_depth=5 workers_busy=1 level=DEBUG
2026-03-14 02:40:43.547 runner heartbeat queue_depth=5 workers_busy=2 level=DEBUG
2026-03-14 02:09:42.472 runner heartbeat queue_depth=2 workers_busy=1 level=DEBUG
2026-03-14 02:42:35.799 runner heartbeat queue_depth=4 workers_busy=2 level=DEBUG
2026-03-14 02:29:26.922 runner heartbeat queue_depth=0 workers_busy=3 level=DEBUG
2026-03-14 03:13:11.153 runner heartbeat queue_depth=0 workers_busy=2 level=DEBUG
2026-03-14 02:36:42.352 runner heartbeat queue_depth=7 workers_busy=2 level=DEBUG
2026-03-14 03:09:40.059 runner heartbeat queue_depth=0 workers_busy=2 level=DEBUG
2026-03-14 02:42:47.835 runner heartbeat queue_depth=6 workers_busy=2 level=DEBUG
2026-03-14 02:05:06.248 runner heartbeat queue_depth=4 workers_busy=0 level=DEBUG
2026-03-14 02:09:52.108 runner heartbeat queue_depth=7 workers_busy=2 level=DEBUG
2026-03-14 02:23:21.907 runner heartbeat queue_depth=2 workers_busy=3 level=DEBUG
2026-03-14 03:12:05.178 runner heartbeat queue_depth=5 workers_busy=2 level=DEBUG
2026-03-14 02:13:35.946 runner heartbeat queue_depth=6 workers_busy=3 level=DEBUG
2026-03-14 02:26:23.686 runner heartbeat queue_depth=1 workers_busy=3 level=DEBUG
2026-03-14 02:54:33.200 runner heartbeat queue_depth=1 workers_busy=1 level=DEBUG
2026-03-14 02:08:41.425 runner heartbeat queue_depth=8 workers_busy=2 level=DEBUG
2026-03-14 03:03:12.354 runner heartbeat queue_depth=1 workers_busy=0 level=DEBUG
2026-03-14 02:22:58.445 runner heartbeat queue_depth=5 workers_busy=0 level=DEBUG
2026-03-14 02:27:19.598 runner heartbeat queue_depth=4 workers_busy=0 level=DEBUG
2026-03-14 02:36:43.709 runner heartbeat queue_depth=7 workers_busy=3 level=DEBUG
2026-03-14 02:20:20.730 runner heartbeat queue_depth=7 workers_busy=2 level=DEBUG
2026-03-14 02:32:06.209 runner heartbeat queue_depth=8 workers_busy=0 level=DEBUG
2026-03-14 02:10:49.852 runner heartbeat queue_depth=1 workers_busy=0 level=DEBUG
2026-03-14 03:07:16.297 runner heartbeat queue_depth=6 workers_busy=3 level=DEBUG
2026-03-14 02:59:25.811 runner heartbeat queue_depth=7 workers_busy=1 level=DEBUG
2026-03-14 03:16:25.659 runner heartbeat queue_depth=4 workers_busy=0 level=DEBUG
2026-03-14 03:15:10.330 runner heartbeat queue_depth=3 workers_busy=2 level=DEBUG
2026-03-14 02:35:08.521 runner heartbeat queue_depth=8 workers_busy=0 level=DEBUG
2026-03-14 02:33:21.109 runner heartbeat queue_depth=0 workers_busy=2 level=DEBUG
2026-03-14 02:36:26.715 runner heartbeat queue_depth=3 workers_busy=3 level=DEBUG
2026-03-14 02:04:26.641 runner heartbeat queue_depth=6 workers_busy=0 level=DEBUG
2026-03-14 02:01:42.617 runner heartbeat queue_depth=7 workers_busy=3 level=DEBUG
2026-03-14 02:02:42.570 runner heartbeat queue_depth=8 workers_busy=1 level=DEBUG
2026-03-14 02:16:37.167 runner heartbeat queue_depth=8 workers_busy=0 level=DEBUG
2026-03-14 02:16:01.115 runner heartbeat queue_depth=8 workers_busy=0 level=DEBUG
2026-03-14 02:00:17.936 runner heartbeat queue_depth=8 workers_busy=3 level=DEBUG
2026-03-14 02:25:07.928 runner heartbeat queue_depth=4 workers_busy=0 level=DEBUG
2026-03-14 02:52:15.358 runner heartbeat queue_depth=1 workers_busy=2 level=DEBUG
2026-03-14 03:13:32.676 runner heartbeat queue_depth=0 workers_busy=1 level=DEBUG
2026-03-14 02:56:26.698 runner heartbeat queue_depth=2 workers_busy=3 level=DEBUG
2026-03-14 02:11:16.202 runner heartbeat queue_depth=7 workers_busy=1 level=DEBUG
2026-03-14 02:56:35.691 runner heartbeat queue_depth=6 workers_busy=1 level=DEBUG
2026-03-14 02:09:26.099 runner heartbeat queue_depth=1 workers_busy=0 level=DEBUG
2026-03-14 02:10:47.668 runner heartbeat queue_depth=1 workers_busy=0 level=DEBUG
2026-03-14 02:05:27.140 runner heartbeat queue_depth=1 workers_busy=2 level=DEBUG
2026-03-14 03:01:07.891 runner heartbeat queue_depth=3 workers_busy=3 level=DEBUG
2026-03-14 02:01:42.558 runner heartbeat queue_depth=7 workers_busy=2 level=DEBUG
2026-03-14 02:55:57.123 runner heartbeat queue_depth=3 workers_busy=1 level=DEBUG
2026-03-14 03:05:15.651 runner heartbeat queue_depth=1 workers_busy=3 level=DEBUG
2026-03-14 02:01:52.349 runner heartbeat queue_depth=1 workers_busy=3 level=DEBUG
2026-03-14 02:27:35.102 runner heartbeat queue_depth=1 workers_busy=3 level=DEBUG
2026-03-14 02:38:04.379 runner heartbeat queue_depth=4 workers_busy=2 level=DEBUG
2026-03-14 02:38:25.501 runner heartbeat queue_depth=8 workers_busy=3 level=DEBUG
2026-03-14 02:44:25.439 runner heartbeat queue_depth=4 workers_busy=1 level=DEBUG
2026-03-14 02:23:28.916 runner heartbeat queue_depth=8 workers_busy=0 level=DEBUG
2026-03-14 02:24:05.929 runner heartbeat queue_depth=8 workers_busy=2 level=DEBUG
2026-03-14 02:49:30.149 runner heartbeat queue_depth=4 workers_busy=2 level=DEBUG
2026-03-14 02:14:38.930 runner heartbeat queue_depth=8 workers_busy=0 level=DEBUG
2026-03-14 02:06:06.800 runner heartbeat queue_depth=5 workers_busy=3 level=DEBUG
2026-03-14 02:06:20.039 runner heartbeat queue_depth=6 workers_busy=0 level=DEBUG
2026-03-14 02:49:27.734 runner heartbeat queue_depth=5 workers_busy=3 level=DEBUG
2026-03-14 02:05:41.772 runner heartbeat queue_depth=6 workers_busy=0 level=DEBUG
2026-03-14 02:00:27.604 runner heartbeat queue_depth=3 workers_busy=0 level=DEBUG
2026-03-14 02:07:52.398 runner heartbeat queue_depth=2 workers_busy=3 level=DEBUG
2026-03-14 02:16:41.012 runner heartbeat queue_depth=5 workers_busy=3 level=DEBUG
2026-03-14 02:47:02.118 runner heartbeat queue_depth=6 workers_busy=3 level=DEBUG
2026-03-14 02:53:00.111 runner heartbeat queue_depth=0 workers_busy=2 level=DEBUG
2026-03-14 02:16:35.656 runner heartbeat queue_depth=6 workers_busy=0 level=DEBUG
2026-03-14 02:58:49.960 runner heartbeat queue_depth=0 workers_busy=1 level=DEBUG
2026-03-14 02:14:14.066 runner heartbeat queue_depth=0 workers_busy=0 level=DEBUG
2026-03-14 02:02:05.681 runner heartbeat queue_depth=5 workers_busy=0 level=DEBUG
2026-03-14 02:06:31.416 runner heartbeat queue_depth=6 workers_busy=0 level=DEBUG
2026-03-14 02:50:35.987 runner heartbeat queue_depth=6 workers_busy=3 level=DEBUG
2026-03-14 02:29:49.823 runner heartbeat queue_depth=0 workers_busy=3 level=DEBUG
2026-03-14 02:22:58.826 runner heartbeat queue_depth=4 workers_busy=3 level=DEBUG
2026-03-14 03:09:15.575 runner heartbeat queue_depth=2 workers_busy=2 level=DEBUG
2026-03-14 02:25:06.201 runner heartbeat queue_depth=8 workers_busy=3 level=DEBUG
2026-03-14 02:22:41.965 runner heartbeat queue_depth=2 workers_busy=3 level=DEBUG
2026-03-14 02:23:06.042 runner heartbeat queue_depth=3 workers_busy=2 level=DEBUG
2026-03-14 02:18:48.199 runner heartbeat queue_depth=2 workers_busy=2 level=DEBUG
2026-03-14 02:52:36.199 runner heartbeat queue_depth=2 workers_busy=3 level=DEBUG
2026-03-14 02:14:56.277 runner heartbeat queue_depth=7 workers_busy=3 level=DEBUG
2026-03-14 02:56:52.286 runner heartbeat queue_depth=2 workers_busy=2 level=DEBUG
2026-03-14 02:56:43.432 runner heartbeat queue_depth=8 workers_busy=1 level=DEBUG
2026-03-14 02:17:01.765 runner heartbeat queue_depth=2 workers_busy=1 level=DEBUG
2026-03-14 02:24:09.028 runner heartbeat queue_depth=3 workers_busy=3 level=DEBUG
2026-03-14 02:26:04.189 runner heartbeat queue_depth=0 workers_busy=3 level=DEBUG
2026-03-14 02:58:14.028 runner heartbeat queue_depth=1 workers_busy=3 level=DEBUG
2026-03-14 02:26:00.704 runner heartbeat queue_depth=7 workers_busy=1 level=DEBUG
2026-03-14 02:14:20.108 runner heartbeat queue_depth=2 workers_busy=0 level=DEBUG
2026-03-14 03:13:14.677 runner heartbeat queue_depth=2 workers_busy=2 level=DEBUG
2026-03-14 02:04:19.234 runner heartbeat queue_depth=8 workers_busy=3 level=DEBUG
2026-03-14 02:25:51.305 runner heartbeat queue_depth=8 workers_busy=1 level=DEBUG
2026-03-14 03:02:22.737 runner heartbeat queue_depth=2 workers_busy=0 level=DEBUG
2026-03-14 02:37:49.363 runner heartbeat queue_depth=7 workers_busy=1 level=DEBUG
2026-03-14 02:20:48.016 runner heartbeat queue_depth=7 workers_busy=0 level=DEBUG
2026-03-14 03:05:25.997 runner heartbeat queue_depth=8 workers_busy=2 level=DEBUG
2026-03-14 02:14:42.656 runner heartbeat queue_depth=8 workers_busy=3 level=DEBUG
2026-03-14 02:41:19.381 runner heartbeat queue_depth=7 workers_busy=0 level=DEBUG
2026-03-14 02:25:46.436 runner heartbeat queue_depth=7 workers_busy=2 level=DEBUG
2026-03-14 02:08:21.109 runner heartbeat queue_depth=3 workers_busy=0 level=DEBUG
2026-03-14 02:05:15.904 runner heartbeat queue_depth=5 workers_busy=1 level=DEBUG
2026-03-14 03:03:59.373 runner heartbeat queue_depth=4 workers_busy=1 level=DEBUG
2026-03-14 02:47:33.035 runner heartbeat queue_depth=5 workers_busy=1 level=DEBUG
2026-03-14 02:32:20.053 runner heartbeat queue_depth=2 workers_busy=1 level=DEBUG
2026-03-14 02:27:13.966 runner heartbeat queue_depth=5 workers_busy=3 level=DEBUG
2026-03-14 02:05:11.537 runner heartbeat queue_depth=5 workers_busy=1 level=DEBUG
2026-03-14 02:13:07.652 runner heartbeat queue_depth=1 workers_busy=0 level=DEBUG
2026-03-14 02:08:30.426 runner heartbeat queue_depth=6 workers_busy=3 level=DEBUG
2026-03-14 02:25:50.898 runner heartbeat queue_depth=2 workers_busy=2 level=DEBUG
2026-03-14 02:31:59.893 runner heartbeat queue_depth=7 workers_busy=0 level=DEBUG
2026-03-14 03:12:53.357 runner heartbeat queue_depth=0 workers_busy=2 level=DEBUG
2026-03-14 02:54:00.149 runner heartbeat queue_depth=8 workers_busy=3 level=DEBUG
2026-03-14 03:15:11.980 runner heartbeat queue_depth=2 workers_busy=1 level=DEBUG
2026-03-14 02:17:58.267 runner heartbeat queue_depth=1 workers_busy=3 level=DEBUG
2026-03-14 02:44:46.139 runner heartbeat queue_depth=3 workers_busy=2 level=DEBUG
2026-03-14 02:57:15.911 runner heartbeat queue_depth=2 workers_busy=2 level=DEBUG
2026-03-14 02:36:49.804 runner heartbeat queue_depth=3 workers_busy=0 level=DEBUG
2026-03-14 03:04:08.160 runner heartbeat queue_depth=6 workers_busy=0 level=DEBUG
2026-03-14 02:19:46.413 runner heartbeat queue_depth=8 workers_busy=3 level=DEBUG
2026-03-14 02:53:00.855 runner heartbeat queue_depth=7 workers_busy=0 level=DEBUG
2026-03-14 03:02:20.568 runner heartbeat queue_depth=3 workers_busy=0 level=DEBUG
2026-03-14 03:03:47.979 runner heartbeat queue_depth=0 workers_busy=1 level=DEBUG
2026-03-14 03:07:46.534 runner heartbeat queue_depth=5 workers_busy=1 level=DEBUG
2026-03-14 03:11:43.725 runner heartbeat queue_depth=1 workers_busy=1 level=DEBUG
2026-03-14 02:38:34.015 runner heartbeat queue_depth=8 workers_busy=3 level=DEBUG
2026-03-14 03:03:24.204 runner heartbeat queue_depth=5 workers_busy=1 level=DEBUG
2026-03-14 02:50:05.239 runner heartbeat queue_depth=7 workers_busy=0 level=DEBUG
2026-03-14 02:23:36.107 runner heartbeat queue_depth=2 workers_busy=0 level=DEBUG
2026-03-14 02:21:59.508 runner heartbeat queue_depth=3 workers_busy=3 level=DEBUG
2026-03-14 02:05:40.705 runner heartbeat queue_depth=3 workers_busy=2 level=DEBUG
2026-03-14 02:33:08.092 runner heartbeat queue_depth=7 workers_busy=1 level=DEBUG
2026-03-14 02:48:07.240 runner heartbeat queue_depth=0 workers_busy=2 level=DEBUG
2026-03-14 02:45:05.587 runner heartbeat queue_depth=8 workers_busy=0 level=DEBUG
2026-03-14 02:54:45.250 runner heartbeat queue_depth=0 workers_busy=1 level=DEBUG
2026-03-14 02:12:32.484 runner heartbeat queue_depth=1 workers_busy=0 level=DEBUG
2026-03-14 02:04:59.938 runner heartbeat queue_depth=0 workers_busy=3 level=DEBUG
2026-03-14 02:51:41.045 runner heartbeat queue_depth=8 workers_busy=2 level=DEBUG
2026-03-14 02:26:24.505 runner heartbeat queue_depth=4 workers_busy=1 level=DEBUG
2026-03-14 03:15:37.232 runner heartbeat queue_depth=0 workers_busy=3 level=DEBUG
2026-03-14 03:13:31.425 runner heartbeat queue_depth=4 workers_busy=1 level=DEBUG
2026-03-14 02:42:17.184 runner heartbeat queue_depth=4 workers_busy=0 level=DEBUG
2026-03-14 02:39:03.245 runner heartbeat queue_depth=6 workers_busy=3 level=DEBUG
2026-03-14 03:00:06.375 runner heartbeat queue_depth=0 workers_busy=1 level=DEBUG
2026-03-14 02:10:41.219 runner heartbeat queue_depth=8 workers_busy=3 level=DEBUG
2026-03-14 02:09:34.863 runner heartbeat queue_depth=3 workers_busy=0 level=DEBUG
2026-03-14 02:43:54.231 runner heartbeat queue_depth=8 workers_busy=3 level=DEBUG
2026-03-14 03:14:04.056 runner heartbeat queue_depth=3 workers_busy=1 level=DEBUG
2026-03-14 03:13:30.945 runner heartbeat queue_depth=7 workers_busy=0 level=DEBUG
2026-03-14 02:23:34.123 runner heartbeat queue_depth=8 workers_busy=3 level=DEBUG
2026-03-14 02:49:57.460 runner heartbeat queue_depth=2 workers_busy=1 level=DEBUG
2026-03-14 02:34:56.015 runner heartbeat queue_depth=5 workers_busy=3 level=DEBUG
2026-03-14 02:15:32.736 runner heartbeat queue_depth=1 workers_busy=0 level=DEBUG
2026-03-14 02:14:29.210 runner heartbeat queue_depth=8 workers_busy=1 level=DEBUG
2026-03-14 02:16:18.359 runner heartbeat queue_depth=2 workers_busy=3 level=DEBUG
2026-03-14 02:06:21.165 runner heartbeat queue_depth=4 workers_busy=3 level=DEBUG
2026-03-14 02:48:14.400 runner heartbeat queue_depth=3 workers_busy=1 level=DEBUG
2026-03-14 02:56:05.384 runner heartbeat queue_depth=6 workers_busy=3 level=DEBUG
2026-03-14 02:28:47.149 runner heartbeat queue_depth=1 workers_busy=1 level=DEBUG
2026-03-14 03:10:22.650 runner heartbeat queue_depth=0 workers_busy=3 level=DEBUG
2026-03-14 02:28:29.990 runner heartbeat queue_depth=5 workers_busy=2 level=DEBUG
2026-03-14 02:05:16.494 runner heartbeat queue_depth=3 workers_busy=2 level=DEBUG
2026-03-14 02:49:41.880 runner heartbeat queue_depth=7 workers_busy=2 level=DEBUG
2026-03-14 02:40:12.225 runner heartbeat queue_depth=3 workers_busy=1 level=DEBUG
2026-03-14 02:11:44.787 runner heartbeat queue_depth=5 workers_busy=0 level=DEBUG
2026-03-14 02:50:06.921 runner heartbeat queue_depth=6 workers_busy=3 level=DEBUG
2026-03-14 02:06:32.223 runner heartbeat queue_depth=2 workers_busy=3 level=DEBUG
2026-03-14 03:13:04.375 runner heartbeat queue_depth=6 workers_busy=2 level=DEBUG
2026-03-14 02:42:23.633 runner heartbeat queue_depth=6 workers_busy=3 level=DEBUG
2026-03-14 02:56:32.438 runner heartbeat queue_depth=1 workers_busy=1 level=DEBUG
2026-03-14 02:56:00.889 runner heartbeat queue_depth=0 workers_busy=0 level=DEBUG
2026-03-14 02:41:51.458 runner heartbeat queue_depth=3 workers_busy=0 level=DEBUG
2026-03-14 03:15:06.087 runner heartbeat queue_depth=4 workers_busy=1 level=DEBUG
2026-03-14 02:18:25.248 runner heartbeat queue_depth=4 workers_busy=2 level=DEBUG
2026-03-14 02:39:26.614 runner heartbeat queue_depth=0 workers_busy=2 level=DEBUG
2026-03-14 02:33:20.219 runner heartbeat queue_depth=3 workers_busy=0 level=DEBUG
2026-03-14 02:21:33.488 runner heartbeat queue_depth=0 workers_busy=3 level=DEBUG
2026-03-14 02:20:58.204 runner heartbeat queue_depth=5 workers_busy=0 level=DEBUG
2026-03-14 02:05:18.126 runner heartbeat queue_depth=5 workers_busy=2 level=DEBUG
2026-03-14 02:47:51.368 runner heartbeat queue_depth=0 workers_busy=2 level=DEBUG
2026-03-14 03:17:11.093 runner heartbeat queue_depth=6 workers_busy=1 level=DEBUG
2026-03-14 02:13:33.854 runner heartbeat queue_depth=5 workers_busy=1 level=DEBUG
2026-03-14 03:01:33.243 runner heartbeat queue_depth=3 workers_busy=0 level=DEBUG
2026-03-14 02:58:18.237 runner heartbeat queue_depth=8 workers_busy=2 level=DEBUG
2026-03-14 02:23:44.183 runner heartbeat queue_depth=8 workers_busy=3 level=DEBUG
2026-03-14 02:48:15.349 runner heartbeat queue_depth=0 workers_busy=2 level=DEBUG
2026-03-14 02:28:53.604 runner heartbeat queue_depth=6 workers_busy=0 level=DEBUG
2026-03-14 02:03:42.202 runner heartbeat queue_depth=4 workers_busy=2 level=DEBUG
2026-03-14 02:44:39.213 runner heartbeat queue_depth=7 workers_busy=0 level=DEBUG
2026-03-14 02:28:51.295 runner heartbeat queue_depth=6 workers_busy=1 level=DEBUG
2026-03-14 02:48:31.994 runner heartbeat queue_depth=3 workers_busy=2 level=DEBUG
2026-03-14 02:12:38.663 runner heartbeat queue_depth=7 workers_busy=3 level=DEBUG
2026-03-14 02:57:14.647 runner heartbeat queue_depth=1 workers_busy=2 level=DEBUG
2026-03-14 02:03:50.395 runner heartbeat queue_depth=3 workers_busy=0 level=DEBUG
2026-03-14 02:26:59.702 runner heartbeat queue_depth=0 workers_busy=2 level=DEBUG
2026-03-14 03:02:49.543 runner heartbeat queue_depth=1 workers_busy=0 level=DEBUG
2026-03-14 02:28:01.822 runner heartbeat queue_depth=1 workers_busy=0 level=DEBUG
2026-03-14 03:04:55.342 runner heartbeat queue_depth=5 workers_busy=2 level=DEBUG
2026-03-14 02:53:04.094 runner heartbeat queue_depth=3 workers_busy=2 level=DEBUG
2026-03-14 02:10:02.893 runner heartbeat queue_depth=6 workers_busy=1 level=DEBUG
2026-03-14 02:45:50.044 runner heartbeat queue_depth=2 workers_busy=0 level=DEBUG
2026-03-14 02:07:47.629 runner heartbeat queue_depth=1 workers_busy=1 level=DEBUG
2026-03-14 03:05:01.840 runner heartbeat queue_depth=6 workers_busy=2 level=DEBUG
2026-03-14 02:43:31.179 runner heartbeat queue_depth=5 workers_busy=0 level=DEBUG
2026-03-14 02:57:42.668 runner heartbeat queue_depth=7 workers_busy=2 level=DEBUG
2026-03-14 02:15:57.265 runner heartbeat queue_depth=0 workers_busy=0 level=DEBUG
2026-03-14 02:48:56.284 runner heartbeat queue_depth=0 workers_busy=1 level=DEBUG
2026-03-14 02:12:05.544 runner heartbeat queue_depth=7 workers_busy=3 level=DEBUG
2026-03-14 02:04:10.173 runner heartbeat queue_depth=0 workers_busy=1 level=DEBUG
2026-03-14 03:15:30.306 runner heartbeat queue_depth=0 workers_busy=0 level=DEBUG
2026-03-14 02:25:56.711 runner heartbeat queue_depth=0 workers_busy=0 level=DEBUG
2026-03-14 02:51:31.146 runner heartbeat queue_depth=8 workers_busy=0 level=DEBUG
2026-03-14 03:04:50.580 runner heartbeat queue_depth=7 workers_busy=1 level=DEBUG
2026-03-14 02:34:38.642 runner heartbeat queue_depth=0 workers_busy=2 level=DEBUG
2026-03-14 02:18:00.214 runner heartbeat queue_depth=8 workers_busy=2 level=DEBUG
2026-03-14 02:39:50.493 runner heartbeat queue_depth=7 workers_busy=0 level=DEBUG
2026-03-14 02:11:30.230 runner heartbeat queue_depth=7 workers_busy=1 level=DEBUG
2026-03-14 03:05:30.080 runner heartbeat queue_depth=4 workers_busy=3 level=DEBUG
2026-03-14 03:15:34.325 runner heartbeat queue_depth=3 workers_busy=3 level=DEBUG
2026-03-14 03:02:34.231 runner heartbeat queue_depth=7 workers_busy=3 level=DEBUG
2026-03-14 02:51:44.230 runner heartbeat queue_depth=6 workers_busy=1 level=DEBUG
2026-03-14 03:01:35.065 runner heartbeat queue_depth=8 workers_busy=2 level=DEBUG
2026-03-14 02:47:04.123 runner heartbeat queue_depth=6 workers_busy=1 level=DEBUG
2026-03-14 02:21:56.201 runner heartbeat queue_depth=1 workers_busy=1 level=DEBUG
2026-03-14 02:31:29.154 runner heartbeat queue_depth=0 workers_busy=0 level=DEBUG
2026-03-14 02:46:36.719 runner heartbeat queue_depth=6 workers_busy=3 level=DEBUG
2026-03-14 02:07:05.099 runner heartbeat queue_depth=4 workers_busy=0 level=DEBUG
2026-03-14 02:24:21.775 runner heartbeat queue_depth=5 workers_busy=2 level=DEBUG
2026-03-14 02:39:49.179 runner heartbeat queue_depth=1 workers_busy=2 level=DEBUG
2026-03-14 02:56:51.376 runner heartbeat queue_depth=8 workers_busy=0 level=DEBUG
2026-03-14 02:54:14.133 runner heartbeat queue_depth=4 workers_busy=1 level=DEBUG
2026-03-14 02:21:15.173 runner heartbeat queue_depth=7 workers_busy=0 level=DEBUG
2026-03-14 02:29:00.092 runner heartbeat queue_depth=2 workers_busy=1 level=DEBUG
2026-03-14 02:56:25.014 runner heartbeat queue_depth=4 workers_busy=1 level=DEBUG
2026-03-14 02:01:50.781 runner heartbeat queue_depth=3 workers_busy=1 level=DEBUG
2026-03-14 02:02:09.901 runner heartbeat queue_depth=4 workers_busy=1 level=DEBUG
2026-03-14 03:10:08.444 runner heartbeat queue_depth=3 workers_busy=2 level=DEBUG
2026-03-14 03:12:54.857 runner heartbeat queue_depth=5 workers_busy=1 level=DEBUG
2026-03-14 02:33:54.074 runner heartbeat queue_depth=8 workers_busy=2 level=DEBUG
2026-03-14 03:03:41.611 runner heartbeat queue_depth=8 workers_busy=0 level=DEBUG
2026-03-14 02:37:51.867 runner heartbeat queue_depth=5 workers_busy=2 level=DEBUG
2026-03-14 02:39:29.731 runner heartbeat queue_depth=7 workers_busy=2 level=DEBUG
2026-03-14 02:31:42.276 runner heartbeat queue_depth=1 workers_busy=0 level=DEBUG
2026-03-14 02:42:42.787 runner heartbeat queue_depth=6 workers_busy=2 level=DEBUG
2026-03-14 02:52:29.792 runner heartbeat queue_depth=2 workers_busy=3 level=DEBUG
2026-03-14 02:48:59.462 runner heartbeat queue_depth=0 workers_busy=0 level=DEBUG
2026-03-14 02:54:34.158 runner heartbeat queue_depth=5 workers_busy=0 level=DEBUG
2026-03-14 02:37:40.585 runner heartbeat queue_depth=2 workers_busy=1 level=DEBUG
2026-03-14 03:03:52.451 runner heartbeat queue_depth=7 workers_busy=2 level=DEBUG
2026-03-14 03:07:31.903 runner heartbeat queue_depth=6 workers_busy=1 level=DEBUG
2026-03-14 02:35:09.963 runner heartbeat queue_depth=5 workers_busy=1 level=DEBUG
2026-03-14 02:04:31.241 runner heartbeat queue_depth=3 workers_busy=1 level=DEBUG
2026-03-14 02:25:39.980 runner heartbeat queue_depth=2 workers_busy=2 level=DEBUG
2026-03-14 02:12:04.411 runner heartbeat queue_depth=8 workers_busy=0 level=DEBUG
2026-03-14 02:43:24.387 runner heartbeat queue_depth=1 workers_busy=3 level=DEBUG
2026-03-14 02:35:46.603 runner heartbeat queue_depth=4 workers_busy=1 level=DEBUG
2026-03-14 03:03:00.751 runner heartbeat queue_depth=5 workers_busy=1 level=DEBUG
2026-03-14 02:50:42.374 runner heartbeat queue_depth=5 workers_busy=2 level=DEBUG
2026-03-14 02:38:27.377 runner heartbeat queue_depth=6 workers_busy=0 level=DEBUG
2026-03-14 03:04:00.085 runner heartbeat queue_depth=8 workers_busy=3 level=DEBUG
2026-03-14 03:01:39.971 runner heartbeat queue_depth=4 workers_busy=2 level=DEBUG
2026-03-14 02:49:35.064 runner heartbeat queue_depth=1 workers_busy=3 level=DEBUG
2026-03-14 03:14:45.550 runner heartbeat queue_depth=8 workers_busy=2 level=DEBUG
2026-03-14 02:00:22.335 runner heartbeat queue_depth=8 workers_busy=0 level=DEBUG
2026-03-14 02:08:38.420 runner heartbeat queue_depth=0 workers_busy=3 level=DEBUG
2026-03-14 02:28:03.311 runner heartbeat queue_depth=1 workers_busy=2 level=DEBUG
2026-03-14 02:21:18.302 runner heartbeat queue_depth=6 workers_busy=0 level=DEBUG
2026-03-14 02:19:57.027 runner heartbeat queue_depth=6 workers_busy=0 level=DEBUG
2026-03-14 02:02:58.597 runner heartbeat queue_depth=6 workers_busy=3 level=DEBUG
2026-03-14 02:20:55.618 runner heartbeat queue_depth=8 workers_busy=2 level=DEBUG
2026-03-14 03:05:01.604 runner heartbeat queue_depth=7 workers_busy=0 level=DEBUG
2026-03-14 02:10:42.824 runner heartbeat queue_depth=5 workers_busy=2 level=DEBUG
2026-03-14 02:00:32.710 runner heartbeat queue_depth=0 workers_busy=1 level=DEBUG
2026-03-14 03:05:30.935 runner heartbeat queue_depth=0 workers_busy=1 level=DEBUG
2026-03-14 02:46:56.545 runner heartbeat queue_depth=5 workers_busy=1 level=DEBUG
2026-03-14 02:44:40.614 runner heartbeat queue_depth=8 workers_busy=1 level=DEBUG
2026-03-14 02:15:26.390 runner heartbeat queue_depth=3 workers_busy=0 level=DEBUG
2026-03-14 02:17:27.969 runner heartbeat queue_depth=2 workers_busy=2 level=DEBUG
2026-03-14 02:00:53.900 runner heartbeat queue_depth=8 workers_busy=1 level=DEBUG
2026-03-14 02:57:15.192 runner heartbeat queue_depth=0 workers_busy=3 level=DEBUG
2026-03-14 02:54:12.640 runner heartbeat queue_depth=3 workers_busy=3 level=DEBUG
2026-03-14 02:14:21.334 runner heartbeat queue_depth=1 workers_busy=3 level=DEBUG
2026-03-14 02:21:46.193 runner heartbeat queue_depth=1 workers_busy=3 level=DEBUG
2026-03-14 03:06:35.793 runner heartbeat queue_depth=4 workers_busy=1 level=DEBUG
2026-03-14 02:37:04.316 runner heartbeat queue_depth=1 workers_busy=0 level=DEBUG
2026-03-14 02:20:49.070 runner heartbeat queue_depth=5 workers_busy=3 level=DEBUG
2026-03-14 02:29:42.725 runner heartbeat queue_depth=6 workers_busy=0 level=DEBUG
2026-03-14 02:48:05.295 runner heartbeat queue_depth=0 workers_busy=2 level=DEBUG
2026-03-14 02:36:00.392 runner heartbeat queue_depth=5 workers_busy=1 level=DEBUG
2026-03-14 02:41:58.527 runner heartbeat queue_depth=3 workers_busy=0 level=DEBUG
2026-03-14 02:51:23.896 runner heartbeat queue_depth=5 workers_busy=1 level=DEBUG
2026-03-14 02:27:27.176 runner heartbeat queue_depth=0 workers_busy=3 level=DEBUG
2026-03-14 03:04:48.136 runner heartbeat queue_depth=2 workers_busy=2 level=DEBUG
2026-03-14 02:01:39.958 runner heartbeat queue_depth=2 workers_busy=3 level=DEBUG
2026-03-14 02:23:14.882 runner heartbeat queue_depth=6 workers_busy=2 level=DEBUG
2026-03-14 03:02:23.062 runner heartbeat queue_depth=4 workers_busy=3 level=DEBUG
2026-03-14 03:02:10.024 runner heartbeat queue_depth=6 workers_busy=2 level=DEBUG
2026-03-14 02:28:18.924 runner heartbeat queue_depth=4 workers_busy=2 level=DEBUG
2026-03-14 02:36:29.181 runner heartbeat queue_depth=3 workers_busy=2 level=DEBUG
2026-03-14 02:51:20.280 runner heartbeat queue_depth=2 workers_busy=3 level=DEBUG
2026-03-14 02:30:54.503 runner heartbeat queue_depth=5 workers_busy=1 level=DEBUG
2026-03-14 02:54:13.176 runner heartbeat queue_depth=2 workers_busy=1 level=DEBUG
2026-03-14 02:40:47.572 runner heartbeat queue_depth=8 workers_busy=3 level=DEBUG
2026-03-14 02:25:26.994 runner heartbeat queue_depth=1 workers_busy=3 level=DEBUG
2026-03-14 02:29:44.149 runner heartbeat queue_depth=1 workers_busy=2 level=DEBUG
2026-03-14 02:23:46.020 runner heartbeat queue_depth=6 workers_busy=2 level=DEBUG
2026-03-14 02:14:47.597 runner heartbeat queue_depth=7 workers_busy=3 level=DEBUG
2026-03-14 03:10:06.163 runner heartbeat queue_depth=4 workers_busy=3 level=DEBUG
2026-03-14 02:56:50.036 runner heartbeat queue_depth=7 workers_busy=0 level=DEBUG
2026-03-14 02:23:07.338 runner heartbeat queue_depth=2 workers_busy=1 level=DEBUG
2026-03-14 02:38:56.713 runner heartbeat queue_depth=8 workers_busy=0 level=DEBUG
2026-03-14 02:23:34.769 runner heartbeat queue_depth=8 workers_busy=1 level=DEBUG
2026-03-14 02:34:51.636 runner heartbeat queue_depth=2 workers_busy=3 level=DEBUG
2026-03-14 03:11:21.885 runner heartbeat queue_depth=3 workers_busy=3 level=DEBUG
2026-03-14 02:32:55.289 runner heartbeat queue_depth=6 workers_busy=3 level=DEBUG
2026-03-14 02:34:26.642 runner heartbeat queue_depth=0 workers_busy=2 level=DEBUG
2026-03-14 03:07:25.158 runner heartbeat queue_depth=8 workers_busy=2 level=DEBUG
2026-03-14 02:43:11.623 runner heartbeat queue_depth=6 workers_busy=2 level=DEBUG
2026-03-14 02:43:26.333 runner heartbeat queue_depth=5 workers_busy=3 level=DEBUG
2026-03-14 02:55:12.136 runner heartbeat queue_depth=3 workers_busy=2 level=DEBUG
2026-03-14 02:35:34.819 runner heartbeat queue_depth=0 workers_busy=3 level=DEBUG
2026-03-14 02:00:31.499 runner heartbeat queue_depth=5 workers_busy=0 level=DEBUG
2026-03-14 02:01:25.159 runner heartbeat queue_depth=5 workers_busy=1 level=DEBUG
2026-03-14 02:48:22.573 runner heartbeat queue_depth=1 workers_busy=1 level=DEBUG
2026-03-14 02:28:17.115 runner heartbeat queue_depth=8 workers_busy=3 level=DEBUG
2026-03-14 02:54:00.226 runner heartbeat queue_depth=6 workers_busy=0 level=DEBUG
2026-03-14 03:01:54.111 runner heartbeat queue_depth=6 workers_busy=3 level=DEBUG
2026-03-14 02:50:32.672 runner heartbeat queue_depth=3 workers_busy=3 level=DEBUG
2026-03-14 02:31:58.724 runner heartbeat queue_depth=7 workers_busy=2 level=DEBUG
2026-03-14 02:57:52.354 runner heartbeat queue_depth=5 workers_busy=0 level=DEBUG
2026-03-14 02:16:43.628 runner heartbeat queue_depth=2 workers_busy=0 level=DEBUG
2026-03-14 02:13:37.231 runner heartbeat queue_depth=8 workers_busy=3 level=DEBUG
2026-03-14 02:12:09.989 runner heartbeat queue_depth=4 workers_busy=1 level=DEBUG
2026-03-14 02:20:30.894 runner heartbeat queue_depth=5 workers_busy=1 level=DEBUG
2026-03-14 02:56:46.589 runner heartbeat queue_depth=4 workers_busy=3 level=DEBUG
2026-03-14 02:08:43.101 runner heartbeat queue_depth=7 workers_busy=1 level=DEBUG
2026-03-14 02:45:49.487 runner heartbeat queue_depth=6 workers_busy=3 level=DEBUG
2026-03-14 02:58:34.340 runner heartbeat queue_depth=5 workers_busy=3 level=DEBUG
2026-03-14 02:28:13.055 runner heartbeat queue_depth=8 workers_busy=2 level=DEBUG
2026-03-14 02:30:13.637 runner heartbeat queue_depth=0 workers_busy=2 level=DEBUG
2026-03-14 02:56:50.278 runner heartbeat queue_depth=1 workers_busy=1 level=DEBUG
2026-03-14 02:12:12.905 runner heartbeat queue_depth=7 workers_busy=2 level=DEBUG
2026-03-14 03:05:56.110 runner heartbeat queue_depth=2 workers_busy=3 level=DEBUG
2026-03-14 02:18:32.987 runner heartbeat queue_depth=3 workers_busy=1 level=DEBUG
2026-03-14 02:31:55.636 runner heartbeat queue_depth=1 workers_busy=3 level=DEBUG
2026-03-14 02:09:07.695 runner heartbeat queue_depth=5 workers_busy=3 level=DEBUG
2026-03-14 02:06:19.581 runner heartbeat queue_depth=5 workers_busy=2 level=DEBUG
2026-03-14 02:52:58.716 runner heartbeat queue_depth=2 workers_busy=3 level=DEBUG
2026-03-14 02:58:02.844 runner heartbeat queue_depth=0 workers_busy=0 level=DEBUG
2026-03-14 02:37:35.305 runner heartbeat queue_depth=0 workers_busy=3 level=DEBUG
2026-03-14 02:36:16.483 runner heartbeat queue_depth=7 workers_busy=2 level=DEBUG
2026-03-14 02:02:20.603 runner heartbeat queue_depth=5 workers_busy=1 level=DEBUG
2026-03-14 02:47:52.545 runner heartbeat queue_depth=0 workers_busy=3 level=DEBUG
2026-03-14 02:07:42.626 runner heartbeat queue_depth=5 workers_busy=2 level=DEBUG
2026-03-14 02:16:58.182 runner heartbeat queue_depth=8 workers_busy=2 level=DEBUG
2026-03-14 02:34:29.143 runner heartbeat queue_depth=1 workers_busy=3 level=DEBUG
2026-03-14 02:13:25.434 runner heartbeat queue_depth=0 workers_busy=3 level=DEBUG
2026-03-14 02:18:42.530 runner heartbeat queue_depth=8 workers_busy=2 level=DEBUG
2026-03-14 02:19:58.238 runner heartbeat queue_depth=0 workers_busy=1 level=DEBUG
2026-03-14 02:20:30.993 runner heartbeat queue_depth=0 workers_busy=3 level=DEBUG
2026-03-14 03:08:53.177 runner heartbeat queue_depth=3 workers_busy=3 level=DEBUG
2026-03-14 02:15:29.442 runner heartbeat queue_depth=3 workers_busy=2 level=DEBUG
2026-03-14 02:11:08.486 runner heartbeat queue_depth=4 workers_busy=0 level=DEBUG
2026-03-14 02:56:30.841 runner heartbeat queue_depth=7 workers_busy=3 level=DEBUG
2026-03-14 02:38:02.506 runner heartbeat queue_depth=0 workers_busy=3 level=DEBUG
2026-03-14 02:49:41.602 runner heartbeat queue_depth=0 workers_busy=0 level=DEBUG
2026-03-14 02:51:00.635 runner heartbeat queue_depth=5 workers_busy=2 level=DEBUG
2026-03-14 03:07:18.466 runner heartbeat queue_depth=0 workers_busy=0 level=DEBUG
2026-03-14 03:07:40.998 runner heartbeat queue_depth=3 workers_busy=1 level=DEBUG
2026-03-14 02:24:00.641 runner heartbeat queue_depth=4 workers_busy=3 level=DEBUG
2026-03-14 02:07:08.988 runner heartbeat queue_depth=5 workers_busy=3 level=DEBUG
2026-03-14 03:10:46.981 runner heartbeat queue_depth=4 workers_busy=1 level=DEBUG
2026-03-14 03:13:01.849 runner heartbeat queue_depth=2 workers_busy=0 level=DEBUG
2026-03-14 03:03:20.037 runner heartbeat queue_depth=3 workers_busy=2 level=DEBUG
2026-03-14 02:51:23.644 runner heartbeat queue_depth=1 workers_busy=1 level=DEBUG
2026-03-14 02:25:02.746 runner heartbeat queue_depth=4 workers_busy=0 level=DEBUG
2026-03-14 03:01:13.893 runner heartbeat queue_depth=2 workers_busy=3 level=DEBUG
2026-03-14 03:08:40.665 runner heartbeat queue_depth=4 workers_busy=2 level=DEBUG
2026-03-14 03:12:34.410 runner heartbeat queue_depth=2 workers_busy=3 level=DEBUG
2026-03-14 02:16:05.643 runner heartbeat queue_depth=8 workers_busy=1 level=DEBUG
2026-03-14 02:03:07.319 runner heartbeat queue_depth=2 workers_busy=3 level=DEBUG
2026-03-14 02:33:16.366 runner heartbeat queue_depth=1 workers_busy=2 level=DEBUG
2026-03-14 02:35:36.929 runner heartbeat queue_depth=8 workers_busy=2 level=DEBUG
2026-03-14 02:46:34.390 runner heartbeat queue_depth=8 workers_busy=2 level=DEBUG
2026-03-14 02:00:19.411 runner heartbeat queue_depth=3 workers_busy=2 level=DEBUG
2026-03-14 02:45:20.470 runner heartbeat queue_depth=7 workers_busy=1 level=DEBUG
2026-03-14 02:17:53.591 runner heartbeat queue_depth=0 workers_busy=1 level=DEBUG
2026-03-14 02:15:34.354 runner heartbeat queue_depth=3 workers_busy=0 level=DEBUG
2026-03-14 02:55:50.192 runner heartbeat queue_depth=6 workers_busy=2 level=DEBUG
2026-03-14 02:39:18.506 runner heartbeat queue_depth=6 workers_busy=0 level=DEBUG
2026-03-14 02:35:57.165 runner heartbeat queue_depth=8 workers_busy=0 level=DEBUG
2026-03-14 03:17:41.412 runner heartbeat queue_depth=3 workers_busy=2 level=DEBUG
2026-03-14 02:40:41.695 runner heartbeat queue_depth=5 workers_busy=1 level=DEBUG
2026-03-14 02:59:11.797 runner heartbeat queue_depth=8 workers_busy=3 level=DEBUG
2026-03-14 03:09:33.100 runner heartbeat queue_depth=0 workers_busy=3 level=DEBUG
2026-03-14 02:54:53.204 runner heartbeat queue_depth=5 workers_busy=2 level=DEBUG
2026-03-14 02:58:29.328 runner heartbeat queue_depth=2 workers_busy=2 level=DEBUG
2026-03-14 02:40:55.571 runner heartbeat queue_depth=8 workers_busy=0 level=DEBUG
2026-03-14 03:16:18.326 runner heartbeat queue_depth=8 workers_busy=2 level=DEBUG
2026-03-14 02:37:11.689 runner heartbeat queue_depth=4 workers_busy=2 level=DEBUG
2026-03-14 02:06:22.729 runner heartbeat queue_depth=0 workers_busy=2 level=DEBUG
2026-03-14 02:37:53.799 runner heartbeat queue_depth=0 workers_busy=2 level=DEBUG
2026-03-14 02:51:23.794 runner heartbeat queue_depth=5 workers_busy=2 level=DEBUG
2026-03-14 02:35:27.358 runner heartbeat queue_depth=1 workers_busy=0 level=DEBUG
2026-03-14 02:10:02.627 runner heartbeat queue_depth=8 workers_busy=2 level=DEBUG
2026-03-14 02:09:15.774 runner heartbeat queue_depth=2 workers_busy=0 level=DEBUG
2026-03-14 02:11:59.101 runner heartbeat queue_depth=1 workers_busy=2 level=DEBUG
2026-03-14 02:32:44.480 runner heartbeat queue_depth=7 workers_busy=3 level=DEBUG
2026-03-14 03:15:21.965 runner heartbeat queue_depth=8 workers_busy=1 level=DEBUG
2026-03-14 02:50:20.961 runner heartbeat queue_depth=4 workers_busy=2 level=DEBUG
2026-03-14 02:37:06.429 runner heartbeat queue_depth=3 workers_busy=1 level=DEBUG
2026-03-14 02:43:39.851 runner heartbeat queue_depth=1 workers_busy=1 level=DEBUG
2026-03-14 03:14:40.728 runner heartbeat queue_depth=7 workers_busy=0 level=DEBUG
2026-03-14 02:54:11.166 runner heartbeat queue_depth=2 workers_busy=1 level=DEBUG
2026-03-14 02:11:08.526 runner heartbeat queue_depth=0 workers_busy=1 level=DEBUG
2026-03-14 02:06:42.230 runner heartbeat queue_depth=6 workers_busy=1 level=DEBUG
2026-03-14 02:37:20.439 runner heartbeat queue_depth=4 workers_busy=3 level=DEBUG
2026-03-14 02:37:30.431 runner heartbeat queue_depth=0 workers_busy=0 level=DEBUG
2026-03-14 02:15:34.939 runner heartbeat queue_depth=8 workers_busy=3 level=DEBUG
2026-03-14 02:34:26.196 runner heartbeat queue_depth=3 workers_busy=3 level=DEBUG
2026-03-14 02:50:26.810 runner heartbeat queue_depth=7 workers_busy=0 level=DEBUG
2026-03-14 02:10:31.328 runner heartbeat queue_depth=4 workers_busy=2 level=DEBUG
2026-03-14 02:13:10.737 runner heartbeat queue_depth=5 workers_busy=0 level=DEBUG
2026-03-14 02:58:07.285 runner heartbeat queue_depth=2 workers_busy=1 level=DEBUG
2026-03-14 02:26:52.715 runner heartbeat queue_depth=3 workers_busy=1 level=DEBUG
2026-03-14 02:29:33.896 runner heartbeat queue_depth=1 workers_busy=0 level=DEBUG
2026-03-14 03:00:44.808 runner heartbeat queue_depth=4 workers_busy=1 level=DEBUG
2026-03-14 02:36:22.144 runner heartbeat queue_depth=5 workers_busy=0 level=DEBUG
2026-03-14 02:46:36.740 runner heartbeat queue_depth=6 workers_busy=3 level=DEBUG
2026-03-14 03:04:18.193 runner heartbeat queue_depth=5 workers_busy=2 level=DEBUG
2026-03-14 02:55:43.870 runner heartbeat queue_depth=3 workers_busy=2 level=DEBUG
2026-03-14 02:04:28.505 runner heartbeat queue_depth=3 workers_busy=3 level=DEBUG
2026-03-14 02:13:41.137 runner heartbeat queue_depth=4 workers_busy=2 level=DEBUG
2026-03-14 02:48:36.325 runner heartbeat queue_depth=8 workers_busy=0 level=DEBUG
2026-03-14 02:22:41.896 runner heartbeat queue_depth=8 workers_busy=0 level=DEBUG
2026-03-14 02:53:07.685 runner heartbeat queue_depth=5 workers_busy=3 level=DEBUG
2026-03-14 03:03:03.329 runner heartbeat queue_depth=0 workers_busy=2 level=DEBUG
2026-03-14 02:30:32.876 runner heartbeat queue_depth=0 workers_busy=3 level=DEBUG
2026-03-14 03:05:23.397 runner heartbeat queue_depth=5 workers_busy=1 level=DEBUG
2026-03-14 02:48:35.005 runner heartbeat queue_depth=3 workers_busy=3 level=DEBUG
2026-03-14 02:47:27.270 runner heartbeat queue_depth=4 workers_busy=0 level=DEBUG
2026-03-14 02:44:57.450 runner heartbeat queue_depth=8 workers_busy=3 level=DEBUG
2026-03-14 03:00:20.187 runner heartbeat queue_depth=0 workers_busy=3 level=DEBUG
2026-03-14 02:55:47.543 runner heartbeat queue_depth=0 workers_busy=3 level=DEBUG
2026-03-14 03:04:45.702 runner heartbeat queue_depth=3 workers_busy=3 level=DEBUG
2026-03-14 02:37:52.729 runner heartbeat queue_depth=2 workers_busy=0 level=DEBUG
2026-03-14 02:15:22.180 runner heartbeat queue_depth=1 workers_busy=3 level=DEBUG
2026-03-14 02:56:42.978 runner heartbeat queue_depth=2 workers_busy=0 level=DEBUG
2026-03-14 02:54:45.705 runner heartbeat queue_depth=3 workers_busy=3 level=DEBUG
2026-03-14 02:34:33.636 runner heartbeat queue_depth=4 workers_busy=1 level=DEBUG
2026-03-14 02:38:28.948 runner heartbeat queue_depth=3 workers_busy=2 level=DEBUG
2026-03-14 02:39:08.998 runner heartbeat queue_depth=5 workers_busy=0 level=DEBUG
2026-03-14 03:03:32.220 runner heartbeat queue_depth=8 workers_busy=1 level=DEBUG
2026-03-14 02:36:28.122 runner heartbeat queue_depth=3 workers_busy=3 level=DEBUG
2026-03-14 02:50:22.750 runner heartbeat queue_depth=5 workers_busy=0 level=DEBUG
2026-03-14 02:15:56.421 runner heartbeat queue_depth=4 workers_busy=2 level=DEBUG
2026-03-14 02:23:25.654 runner heartbeat queue_depth=4 workers_busy=0 level=DEBUG
2026-03-14 03:10:48.446 runner heartbeat queue_depth=0 workers_busy=3 level=DEBUG
2026-03-14 02:25:50.218 runner heartbeat queue_depth=7 workers_busy=0 level=DEBUG
2026-03-14 02:12:01.948 runner heartbeat queue_depth=1 workers_busy=0 level=DEBUG
2026-03-14 02:02:08.504 runner heartbeat queue_depth=2 workers_busy=2 level=DEBUG
2026-03-14 03:12:39.774 runner heartbeat queue_depth=8 workers_busy=2 level=DEBUG
2026-03-14 02:29:24.464 runner heartbeat queue_depth=3 workers_busy=0 level=DEBUG
2026-03-14 02:55:56.307 runner heartbeat queue_depth=6 workers_busy=2 level=DEBUG
2026-03-14 02:47:23.004 runner heartbeat queue_depth=1 workers_busy=1 level=DEBUG
2026-03-14 02:02:39.788 runner heartbeat queue_depth=0 workers_busy=0 level=DEBUG
2026-03-14 02:43:22.734 runner heartbeat queue_depth=1 workers_busy=0 level=DEBUG
2026-03-14 03:05:55.277 runner heartbeat queue_depth=0 workers_busy=2 level=DEBUG
2026-03-14 02:11:03.838 runner heartbeat queue_depth=8 workers_busy=2 level=DEBUG
2026-03-14 02:01:51.479 runner heartbeat queue_depth=4 workers_busy=0 level=DEBUG
2026-03-14 02:30:01.534 runner heartbeat queue_depth=1 workers_busy=1 level=DEBUG
2026-03-14 02:19:34.010 runner heartbeat queue_depth=0 workers_busy=3 level=DEBUG
2026-03-14 02:25:14.791 runner heartbeat queue_depth=4 workers_busy=0 level=DEBUG
2026-03-14 03:15:35.317 runner heartbeat queue_depth=4 workers_busy=2 level=DEBUG
2026-03-14 02:04:14.398 runner heartbeat queue_depth=5 workers_busy=3 level=DEBUG
2026-03-14 02:51:35.470 runner heartbeat queue_depth=4 workers_busy=0 level=DEBUG
2026-03-14 02:23:19.539 runner heartbeat queue_depth=8 workers_busy=0 level=DEBUG
2026-03-14 02:38:10.776 runner heartbeat queue_depth=4 workers_busy=1 level=DEBUG
2026-03-14 02:12:10.111 runner heartbeat queue_depth=6 workers_busy=3 level=DEBUG
2026-03-14 03:11:02.461 runner heartbeat queue_depth=3 workers_busy=0 level=DEBUG
2026-03-14 02:14:19.330 runner heartbeat queue_depth=3 workers_busy=3 level=DEBUG
2026-03-14 02:12:04.512 runner heartbeat queue_depth=7 workers_busy=3 level=DEBUG
2026-03-14 02:30:16.375 runner heartbeat queue_depth=8 workers_busy=2 level=DEBUG
2026-03-14 02:01:02.681 runner heartbeat queue_depth=3 workers_busy=0 level=DEBUG
2026-03-14 02:51:09.186 runner heartbeat queue_depth=7 workers_busy=3 level=DEBUG
2026-03-14 02:49:35.306 runner heartbeat queue_depth=6 workers_busy=1 level=DEBUG
2026-03-14 02:53:05.349 runner heartbeat queue_depth=1 workers_busy=1 level=DEBUG
2026-03-14 02:20:45.988 runner heartbeat queue_depth=7 workers_busy=2 level=DEBUG
2026-03-14 02:42:07.308 runner heartbeat queue_depth=8 workers_busy=3 level=DEBUG
2026-03-14 02:03:29.304 runner heartbeat queue_depth=6 workers_busy=3 level=DEBUG
2026-03-14 02:12:42.085 runner heartbeat queue_depth=2 workers_busy=1 level=DEBUG
2026-03-14 02:57:17.940 runner heartbeat queue_depth=2 workers_busy=3 level=DEBUG
2026-03-14 02:03:13.784 runner heartbeat queue_depth=5 workers_busy=3 level=DEBUG
2026-03-14 02:49:08.141 runner heartbeat queue_depth=7 workers_busy=2 level=DEBUG
2026-03-14 02:29:41.139 runner heartbeat queue_depth=0 workers_busy=2 level=DEBUG
2026-03-14 02:57:24.948 runner heartbeat queue_depth=7 workers_busy=3 level=DEBUG
2026-03-14 02:48:05.711 runner heartbeat queue_depth=2 workers_busy=1 level=DEBUG
2026-03-14 02:57:56.537 runner heartbeat queue_depth=0 workers_busy=0 level=DEBUG
2026-03-14 03:17:45.672 runner heartbeat queue_depth=8 workers_busy=3 level=DEBUG
2026-03-14 03:03:47.155 runner heartbeat queue_depth=1 workers_busy=1 level=DEBUG
2026-03-14 03:00:02.039 runner heartbeat queue_depth=5 workers_busy=0 level=DEBUG
2026-03-14 02:56:39.126 runner heartbeat queue_depth=8 workers_busy=0 level=DEBUG
2026-03-14 03:13:32.084 runner heartbeat queue_depth=4 workers_busy=1 level=DEBUG
2026-03-14 03:11:01.320 runner heartbeat queue_depth=7 workers_busy=0 level=DEBUG
2026-03-14 02:44:18.938 runner heartbeat queue_depth=6 workers_busy=1 level=DEBUG
2026-03-14 02:01:12.704 runner heartbeat queue_depth=0 workers_busy=3 level=DEBUG
2026-03-14 03:15:46.699 runner heartbeat queue_depth=8 workers_busy=3 level=DEBUG
2026-03-14 03:10:35.308 runner heartbeat queue_depth=4 workers_busy=1 level=DEBUG
2026-03-14 02:01:23.683 runner heartbeat queue_depth=2 workers_busy=3 level=DEBUG
2026-03-14 02:34:40.452 runner heartbeat queue_depth=1 workers_busy=0 level=DEBUG
2026-03-14 02:27:35.052 runner heartbeat queue_depth=5 workers_busy=3 level=DEBUG
2026-03-14 02:59:48.484 runner heartbeat queue_depth=1 workers_busy=1 level=DEBUG
2026-03-14 02:54:02.312 runner heartbeat queue_depth=8 workers_busy=0 level=DEBUG
2026-03-14 02:12:40.675 runner heartbeat queue_depth=4 workers_busy=3 level=DEBUG
2026-03-14 02:33:06.841 runner heartbeat queue_depth=0 workers_busy=2 level=DEBUG
2026-03-14 02:01:16.717 runner heartbeat queue_depth=1 workers_busy=3 level=DEBUG
2026-03-14 02:14:00.728 runner heartbeat queue_depth=1 workers_busy=0 level=DEBUG
2026-03-14 02:20:33.557 runner heartbeat queue_depth=7 workers_busy=2 level=DEBUG
2026-03-14 03:17:37.490 runner heartbeat queue_depth=4 workers_busy=3 level=DEBUG
2026-03-14 02:40:40.939 runner heartbeat queue_depth=3 workers_busy=1 level=DEBUG
2026-03-14 02:29:06.130 runner heartbeat queue_depth=2 workers_busy=0 level=DEBUG
2026-03-14 02:25:47.080 runner heartbeat queue_depth=4 workers_busy=1 level=DEBUG
2026-03-14 02:12:25.994 runner heartbeat queue_depth=2 workers_busy=3 level=DEBUG
2026-03-14 02:17:35.878 runner heartbeat queue_depth=5 workers_busy=1 level=DEBUG
2026-03-14 03:04:17.035 runner heartbeat queue_depth=0 workers_busy=2 level=DEBUG
2026-03-14 03:14:17.087 runner heartbeat queue_depth=6 workers_busy=0 level=DEBUG
2026-03-14 02:04:09.578 runner heartbeat queue_depth=8 workers_busy=0 level=DEBUG
2026-03-14 02:37:38.740 runner heartbeat queue_depth=4 workers_busy=2 level=DEBUG
2026-03-14 03:06:52.390 runner heartbeat queue_depth=0 workers_busy=3 level=DEBUG
2026-03-14 03:06:34.888 runner heartbeat queue_depth=2 workers_busy=2 level=DEBUG
2026-03-14 02:46:12.914 runner heartbeat queue_depth=2 workers_busy=2 level=DEBUG
2026-03-14 03:02:51.186 runner heartbeat queue_depth=2 workers_busy=3 level=DEBUG
2026-03-14 02:55:07.987 runner heartbeat queue_depth=0 workers_busy=2 level=DEBUG
2026-03-14 03:17:37.565 runner heartbeat queue_depth=2 workers_busy=0 level=DEBUG
2026-03-14 02:52:18.262 runner heartbeat queue_depth=8 workers_busy=2 level=DEBUG
2026-03-14 02:55:14.730 runner heartbeat queue_depth=0 workers_busy=3 level=DEBUG
2026-03-14 02:11:59.444 runner heartbeat queue_depth=3 workers_busy=0 level=DEBUG
2026-03-14 02:58:19.484 runner heartbeat queue_depth=3 workers_busy=2 level=DEBUG
2026-03-14 02:53:16.775 runner heartbeat queue_depth=7 workers_busy=2 level=DEBUG
2026-03-14 02:00:40.324 runner heartbeat queue_depth=7 workers_busy=3 level=DEBUG
2026-03-14 02:16:01.441 runner heartbeat queue_depth=6 workers_busy=2 level=DEBUG
2026-03-14 02:52:16.987 runner heartbeat queue_depth=1 workers_busy=2 level=DEBUG
2026-03-14 02:07:52.280 runner heartbeat queue_depth=8 workers_busy=0 level=DEBUG
2026-03-14 03:00:51.237 runner heartbeat queue_depth=1 workers_busy=3 level=DEBUG
2026-03-14 02:57:03.932 runner heartbeat queue_depth=2 workers_busy=0 level=DEBUG
2026-03-14 02:04:39.709 runner heartbeat queue_depth=7 workers_busy=1 level=DEBUG
2026-03-14 02:19:27.973 runner heartbeat queue_depth=0 workers_busy=0 level=DEBUG
2026-03-14 02:12:13.783 runner heartbeat queue_depth=3 workers_busy=1 level=DEBUG
2026-03-14 03:10:09.860 runner heartbeat queue_depth=8 workers_busy=2 level=DEBUG
2026-03-14 02:06:29.555 runner heartbeat queue_depth=0 workers_busy=1 level=DEBUG
2026-03-14 02:55:19.859 runner heartbeat queue_depth=6 workers_busy=2 level=DEBUG
2026-03-14 02:34:40.055 runner heartbeat queue_depth=2 workers_busy=2 level=DEBUG
2026-03-14 02:53:13.527 runner heartbeat queue_depth=8 workers_busy=1 level=DEBUG
2026-03-14 02:54:17.076 runner heartbeat queue_depth=3 workers_busy=1 level=DEBUG
2026-03-14 02:31:27.408 runner heartbeat queue_depth=5 workers_busy=1 level=DEBUG
2026-03-14 03:10:10.548 runner heartbeat queue_depth=7 workers_busy=0 level=DEBUG
2026-03-14 03:10:56.060 runner heartbeat queue_depth=4 workers_busy=2 level=DEBUG
2026-03-14 02:56:10.660 runner heartbeat queue_depth=2 workers_busy=2 level=DEBUG
2026-03-14 02:48:59.828 runner heartbeat queue_depth=8 workers_busy=3 level=DEBUG
2026-03-14 02:15:00.581 runner heartbeat queue_depth=3 workers_busy=2 level=DEBUG
2026-03-14 02:18:52.600 runner heartbeat queue_depth=4 workers_busy=3 level=DEBUG
2026-03-14 03:16:59.257 runner heartbeat queue_depth=8 workers_busy=2 level=DEBUG
2026-03-14 03:07:45.059 runner heartbeat queue_depth=2 workers_busy=0 level=DEBUG
2026-03-14 02:38:53.351 runner heartbeat queue_depth=2 workers_busy=1 level=DEBUG
2026-03-14 02:04:53.320 runner heartbeat queue_depth=4 workers_busy=0 level=DEBUG
2026-03-14 02:38:49.801 runner heartbeat queue_depth=3 workers_busy=1 level=DEBUG
2026-03-14 02:38:04.910 runner heartbeat queue_depth=4 workers_busy=1 level=DEBUG
2026-03-14 03:10:48.971 runner heartbeat queue_depth=3 workers_busy=2 level=DEBUG
2026-03-14 02:39:58.741 runner heartbeat queue_depth=0 workers_busy=1 level=DEBUG
2026-03-14 02:11:35.313 runner heartbeat queue_depth=3 workers_busy=0 level=DEBUG
2026-03-14 02:15:11.708 runner heartbeat queue_depth=8 workers_busy=1 level=DEBUG
2026-03-14 03:03:59.064 runner heartbeat queue_depth=4 workers_busy=3 level=DEBUG
2026-03-14 02:16:30.759 runner heartbeat queue_depth=7 workers_busy=1 level=DEBUG
2026-03-14 03:14:57.750 runner heartbeat queue_depth=0 workers_busy=3 level=DEBUG
2026-03-14 02:05:39.937 runner heartbeat queue_depth=8 workers_busy=1 level=DEBUG
2026-03-14 02:04:57.261 runner heartbeat queue_depth=3 workers_busy=3 level=DEBUG
2026-03-14 02:09:37.882 runner heartbeat queue_depth=6 workers_busy=0 level=DEBUG
2026-03-14 02:39:39.729 runner heartbeat queue_depth=4 workers_busy=0 level=DEBUG
2026-03-14 02:07:07.488 runner heartbeat queue_depth=5 workers_busy=0 level=DEBUG
2026-03-14 02:08:08.402 runner heartbeat queue_depth=2 workers_busy=1 level=DEBUG
2026-03-14 03:03:29.573 runner heartbeat queue_depth=7 workers_busy=1 level=DEBUG
2026-03-14 02:52:42.353 runner heartbeat queue_depth=0 workers_busy=0 level=DEBUG
2026-03-14 02:31:10.547 runner heartbeat queue_depth=6 workers_busy=1 level=DEBUG
2026-03-14 03:08:39.359 runner heartbeat queue_depth=7 workers_busy=0 level=DEBUG
2026-03-14 02:39:24.231 runner heartbeat queue_depth=0 workers_busy=3 level=DEBUG
2026-03-14 02:48:25.019 runner heartbeat queue_depth=3 workers_busy=0 level=DEBUG
2026-03-14 03:17:38.269 runner heartbeat queue_depth=6 workers_busy=0 level=DEBUG
2026-03-14 02:36:30.814 runner heartbeat queue_depth=4 workers_busy=3 level=DEBUG
2026-03-14 02:32:20.460 runner heartbeat queue_depth=8 workers_busy=1 level=DEBUG
2026-03-14 03:03:17.959 runner heartbeat queue_depth=3 workers_busy=3 level=DEBUG
2026-03-14 02:17:33.250 runner heartbeat queue_depth=5 workers_busy=3 level=DEBUG
2026-03-14 02:14:57.234 runner heartbeat queue_depth=6 workers_busy=2 level=DEBUG
2026-03-14 02:22:56.891 runner heartbeat queue_depth=8 workers_busy=1 level=DEBUG
2026-03-14 02:44:15.124 runner heartbeat queue_depth=2 workers_busy=2 level=DEBUG
2026-03-14 03:07:17.678 runner heartbeat queue_depth=1 workers_busy=0 level=DEBUG
2026-03-14 03:04:52.607 runner heartbeat queue_depth=7 workers_busy=3 level=DEBUG
2026-03-14 03:11:13.509 runner heartbeat queue_depth=8 workers_busy=0 level=DEBUG
2026-03-14 02:44:10.750 runner heartbeat queue_depth=7 workers_busy=3 level=DEBUG
2026-03-14 02:05:43.318 runner heartbeat queue_depth=3 workers_busy=2 level=DEBUG
2026-03-14 02:22:09.895 runner heartbeat queue_depth=0 workers_busy=2 level=DEBUG
2026-03-14 02:52:59.762 runner heartbeat queue_depth=3 workers_busy=0 level=DEBUG
2026-03-14 02:06:45.283 runner heartbeat queue_depth=8 workers_busy=2 level=DEBUG
2026-03-14 02:24:41.982 runner heartbeat queue_depth=5 workers_busy=0 level=DEBUG
2026-03-14 02:24:45.354 runner heartbeat queue_depth=3 workers_busy=3 level=DEBUG
2026-03-14 02:24:20.931 runner heartbeat queue_depth=6 workers_busy=0 level=DEBUG
2026-03-14 02:01:26.121 runner heartbeat queue_depth=0 workers_busy=1 level=DEBUG
2026-03-14 03:05:20.136 runner heartbeat queue_depth=1 workers_busy=3 level=DEBUG
2026-03-14 02:41:01.563 runner heartbeat queue_depth=1 workers_busy=0 level=DEBUG
2026-03-14 02:59:09.174 runner heartbeat queue_depth=6 workers_busy=1 level=DEBUG
2026-03-14 02:42:58.086 runner heartbeat queue_depth=4 workers_busy=0 level=DEBUG
2026-03-14 03:08:41.956 runner heartbeat queue_depth=6 workers_busy=2 level=DEBUG
2026-03-14 02:40:00.209 runner heartbeat queue_depth=8 workers_busy=1 level=DEBUG
2026-03-14 03:02:33.962 runner heartbeat queue_depth=2 workers_busy=3 level=DEBUG
2026-03-14 02:30:02.859 runner heartbeat queue_depth=3 workers_busy=3 level=DEBUG
2026-03-14 02:32:57.545 runner heartbeat queue_depth=6 workers_busy=0 level=DEBUG
2026-03-14 02:02:49.188 runner heartbeat queue_depth=2 workers_busy=2 level=DEBUG
2026-03-14 02:29:39.736 runner heartbeat queue_depth=7 workers_busy=1 level=DEBUG
2026-03-14 02:38:40.266 runner heartbeat queue_depth=4 workers_busy=2 level=DEBUG
2026-03-14 02:16:06.160 runner heartbeat queue_depth=3 workers_busy=3 level=DEBUG
2026-03-14 02:20:33.299 runner heartbeat queue_depth=1 workers_busy=2 level=DEBUG
2026-03-14 03:12:04.072 runner heartbeat queue_depth=7 workers_busy=3 level=DEBUG
2026-03-14 02:45:02.814 runner heartbeat queue_depth=4 workers_busy=2 level=DEBUG
2026-03-14 02:30:37.242 runner heartbeat queue_depth=3 workers_busy=1 level=DEBUG
2026-03-14 02:29:27.946 runner heartbeat queue_depth=5 workers_busy=2 level=DEBUG
2026-03-14 02:34:03.785 runner heartbeat queue_depth=4 workers_busy=0 level=DEBUG
2026-03-14 02:32:00.066 runner heartbeat queue_depth=4 workers_busy=3 level=DEBUG
2026-03-14 02:28:34.510 runner heartbeat queue_depth=5 workers_busy=1 level=DEBUG
2026-03-14 02:58:40.099 runner heartbeat queue_depth=2 workers_busy=3 level=DEBUG
2026-03-14 02:33:51.272 runner heartbeat queue_depth=7 workers_busy=0 level=DEBUG
2026-03-14 03:05:06.923 runner heartbeat queue_depth=5 workers_busy=1 level=DEBUG
2026-03-14 03:12:12.561 runner heartbeat queue_depth=2 workers_busy=3 level=DEBUG
2026-03-14 02:37:54.898 runner heartbeat queue_depth=0 workers_busy=2 level=DEBUG
2026-03-14 02:39:28.576 runner heartbeat queue_depth=3 workers_busy=1 level=DEBUG
2026-03-14 02:14:58.855 runner heartbeat queue_depth=0 workers_busy=1 level=DEBUG
2026-03-14 02:15:37.274 runner heartbeat queue_depth=1 workers_busy=0 level=DEBUG
2026-03-14 02:58:49.064 runner heartbeat queue_depth=7 workers_busy=2 level=DEBUG
2026-03-14 02:21:13.982 runner heartbeat queue_depth=8 workers_busy=0 level=DEBUG
2026-03-14 02:54:53.951 runner heartbeat queue_depth=8 workers_busy=0 level=DEBUG
2026-03-14 03:00:34.459 runner heartbeat queue_depth=7 workers_busy=1 level=DEBUG
2026-03-14 02:33:31.161 runner heartbeat queue_depth=0 workers_busy=1 level=DEBUG
2026-03-14 02:26:29.614 runner heartbeat queue_depth=2 workers_busy=1 level=DEBUG
2026-03-14 02:08:06.226 runner heartbeat queue_depth=0 workers_busy=2 level=DEBUG
2026-03-14 02:54:31.666 runner heartbeat queue_depth=0 workers_busy=1 level=DEBUG
2026-03-14 02:28:56.624 runner heartbeat queue_depth=6 workers_busy=1 level=DEBUG
2026-03-14 03:06:47.240 runner heartbeat queue_depth=2 workers_busy=2 level=DEBUG
2026-03-14 02:49:08.950 runner heartbeat queue_depth=8 workers_busy=0 level=DEBUG
2026-03-14 02:49:47.627 runner heartbeat queue_depth=1 workers_busy=2 level=DEBUG
2026-03-14 03:06:10.702 runner heartbeat queue_depth=7 workers_busy=3 level=DEBUG
2026-03-14 02:06:26.050 runner heartbeat queue_depth=0 workers_busy=0 level=DEBUG
2026-03-14 03:15:52.872 runner heartbeat queue_depth=2 workers_busy=0 level=DEBUG
2026-03-14 02:35:42.541 runner heartbeat queue_depth=4 workers_busy=3 level=DEBUG
2026-03-14 02:25:36.039 runner heartbeat queue_depth=2 workers_busy=2 level=DEBUG
2026-03-14 02:54:39.829 runner heartbeat queue_depth=3 workers_busy=1 level=DEBUG
2026-03-14 02:23:20.102 runner heartbeat queue_depth=5 workers_busy=3 level=DEBUG
2026-03-14 02:08:27.994 runner heartbeat queue_depth=4 workers_busy=2 level=DEBUG
2026-03-14 02:25:27.837 runner heartbeat queue_depth=5 workers_busy=1 level=DEBUG
2026-03-14 02:44:00.031 runner heartbeat queue_depth=4 workers_busy=3 level=DEBUG
2026-03-14 03:11:11.994 runner heartbeat queue_depth=5 workers_busy=0 level=DEBUG
2026-03-14 02:46:23.657 runner heartbeat queue_depth=6 workers_busy=2 level=DEBUG
2026-03-14 02:01:02.777 runner heartbeat queue_depth=6 workers_busy=0 level=DEBUG
2026-03-14 03:05:26.724 runner heartbeat queue_depth=1 workers_busy=2 level=DEBUG
2026-03-14 02:15:58.653 runner heartbeat queue_depth=6 workers_busy=1 level=DEBUG
2026-03-14 02:08:57.466 runner heartbeat queue_depth=0 workers_busy=1 level=DEBUG
2026-03-14 02:42:02.690 runner heartbeat queue_depth=8 workers_busy=0 level=DEBUG
2026-03-14 02:43:38.197 runner heartbeat queue_depth=6 workers_busy=1 level=DEBUG
2026-03-14 02:59:18.182 runner heartbeat queue_depth=3 workers_busy=2 level=DEBUG
2026-03-14 02:48:32.180 runner heartbeat queue_depth=5 workers_busy=2 level=DEBUG
2026-03-14 02:48:35.629 runner heartbeat queue_depth=3 workers_busy=1 level=DEBUG
2026-03-14 03:13:34.669 runner heartbeat queue_depth=6 workers_busy=1 level=DEBUG
2026-03-14 02:16:17.186 runner heartbeat queue_depth=5 workers_busy=2 level=DEBUG
2026-03-14 02:37:31.023 runner heartbeat queue_depth=7 workers_busy=2 level=DEBUG
2026-03-14 02:22:39.845 runner heartbeat queue_depth=3 workers_busy=3 level=DEBUG
2026-03-14 02:00:23.705 runner heartbeat queue_depth=7 workers_busy=1 level=DEBUG
2026-03-14 03:10:58.776 runner heartbeat queue_depth=8 workers_busy=0 level=DEBUG
2026-03-14 02:02:11.222 runner heartbeat queue_depth=1 workers_busy=1 level=DEBUG
2026-03-14 02:51:15.165 runner heartbeat queue_depth=0 workers_busy=3 level=DEBUG
2026-03-14 03:17:23.416 runner heartbeat queue_depth=8 workers_busy=2 level=DEBUG
2026-03-14 03:05:57.403 runner heartbeat queue_depth=1 workers_busy=3 level=DEBUG
2026-03-14 02:56:23.479 runner heartbeat queue_depth=7 workers_busy=3 level=DEBUG
2026-03-14 03:02:51.452 runner heartbeat queue_depth=1 workers_busy=2 level=DEBUG
2026-03-14 02:22:38.342 runner heartbeat queue_depth=2 workers_busy=1 level=DEBUG
2026-03-14 02:33:26.519 runner heartbeat queue_depth=2 workers_busy=1 level=DEBUG
2026-03-14 02:45:04.656 runner heartbeat queue_depth=0 workers_busy=2 level=DEBUG
2026-03-14 02:22:21.602 runner heartbeat queue_depth=7 workers_busy=3 level=DEBUG
2026-03-14 02:26:24.768 runner heartbeat queue_depth=2 workers_busy=3 level=DEBUG
2026-03-14 02:57:24.711 runner heartbeat queue_depth=7 workers_busy=1 level=DEBUG
2026-03-14 03:00:55.454 runner heartbeat queue_depth=5 workers_busy=0 level=DEBUG
2026-03-14 02:27:01.948 runner heartbeat queue_depth=2 workers_busy=0 level=DEBUG
2026-03-14 02:27:22.246 runner heartbeat queue_depth=3 workers_busy=1 level=DEBUG
2026-03-14 02:44:19.909 runner heartbeat queue_depth=0 workers_busy=3 level=DEBUG
2026-03-14 02:48:52.029 runner heartbeat queue_depth=3 workers_busy=1 level=DEBUG
2026-03-14 02:39:07.346 runner heartbeat queue_depth=6 workers_busy=0 level=DEBUG
2026-03-14 02:23:31.159 runner heartbeat queue_depth=1 workers_busy=3 level=DEBUG
2026-03-14 02:04:01.840 runner heartbeat queue_depth=2 workers_busy=1 level=DEBUG
2026-03-14 02:24:27.478 runner heartbeat queue_depth=2 workers_busy=1 level=DEBUG
2026-03-14 02:47:14.654 runner heartbeat queue_depth=4 workers_busy=1 level=DEBUG
2026-03-14 03:08:33.034 runner heartbeat queue_depth=4 workers_busy=0 level=DEBUG
2026-03-14 03:01:04.691 runner heartbeat queue_depth=0 workers_busy=1 level=DEBUG
2026-03-14 02:43:37.734 runner heartbeat queue_depth=6 workers_busy=1 level=DEBUG
2026-03-14 02:41:17.881 runner heartbeat queue_depth=1 workers_busy=0 level=DEBUG
2026-03-14 03:13:39.291 runner heartbeat queue_depth=6 workers_busy=2 level=DEBUG
2026-03-14 02:08:48.836 runner heartbeat queue_depth=6 workers_busy=2 level=DEBUG
2026-03-14 02:08:02.705 runner heartbeat queue_depth=6 workers_busy=0 level=DEBUG
2026-03-14 03:03:46.762 runner heartbeat queue_depth=4 workers_busy=2 level=DEBUG
2026-03-14 02:53:32.949 runner heartbeat queue_depth=0 workers_busy=2 level=DEBUG
2026-03-14 02:58:19.887 runner heartbeat queue_depth=3 workers_busy=3 level=DEBUG
2026-03-14 02:14:59.646 runner heartbeat queue_depth=8 workers_busy=0 level=DEBUG
2026-03-14 02:26:24.676 runner heartbeat queue_depth=7 workers_busy=3 level=DEBUG
2026-03-14 02:28:08.443 runner heartbeat queue_depth=4 workers_busy=3 level=DEBUG
2026-03-14 03:10:17.044 runner heartbeat queue_depth=5 workers_busy=2 level=DEBUG
2026-03-14 02:19:46.257 runner heartbeat queue_depth=4 workers_busy=3 level=DEBUG
2026-03-14 02:00:48.884 runner heartbeat queue_depth=2 workers_busy=2 level=DEBUG
2026-03-14 02:14:25.361 runner heartbeat queue_depth=1 workers_busy=1 level=DEBUG
2026-03-14 02:59:09.581 runner heartbeat queue_depth=4 workers_busy=0 level=DEBUG
2026-03-14 02:55:51.709 runner heartbeat queue_depth=2 workers_busy=2 level=DEBUG
2026-03-14 02:00:36.308 runner heartbeat queue_depth=7 workers_busy=1 level=DEBUG
2026-03-14 02:16:49.445 runner heartbeat queue_depth=1 workers_busy=3 level=DEBUG
2026-03-14 03:07:03.715 runner heartbeat queue_depth=4 workers_busy=3 level=DEBUG
2026-03-14 02:55:54.379 runner heartbeat queue_depth=1 workers_busy=2 level=DEBUG
2026-03-14 02:27:22.773 runner heartbeat queue_depth=4 workers_busy=2 level=DEBUG
2026-03-14 03:05:05.852 runner heartbeat queue_depth=3 workers_busy=1 level=DEBUG
2026-03-14 02:34:26.756 runner heartbeat queue_depth=1 workers_busy=3 level=DEBUG
2026-03-14 03:07:59.884 runner heartbeat queue_depth=7 workers_busy=1 level=DEBUG
2026-03-14 03:00:01.064 runner heartbeat queue_depth=6 workers_busy=1 level=DEBUG
2026-03-14 02:19:12.969 runner heartbeat queue_depth=2 workers_busy=2 level=DEBUG
2026-03-14 02:43:17.617 runner heartbeat queue_depth=5 workers_busy=1 level=DEBUG
2026-03-14 02:12:25.493 runner heartbeat queue_depth=6 workers_busy=3 level=DEBUG
2026-03-14 02:20:09.093 runner heartbeat queue_depth=5 workers_busy=0 level=DEBUG
2026-03-14 03:10:47.546 runner heartbeat queue_depth=0 workers_busy=1 level=DEBUG
2026-03-14 02:40:40.918 runner heartbeat queue_depth=2 workers_busy=1 level=DEBUG
2026-03-14 02:08:32.492 runner heartbeat queue_depth=3 workers_busy=3 level=DEBUG
2026-03-14 03:02:46.066 runner heartbeat queue_depth=1 workers_busy=0 level=DEBUG
2026-03-14 02:57:41.373 runner heartbeat queue_depth=3 workers_busy=1 level=DEBUG
2026-03-14 02:33:28.789 runner heartbeat queue_depth=0 workers_busy=2 level=DEBUG
2026-03-14 02:10:30.144 runner heartbeat queue_depth=7 workers_busy=1 level=DEBUG
2026-03-14 03:05:12.072 runner heartbeat queue_depth=7 workers_busy=0 level=DEBUG
2026-03-14 02:12:28.313 runner heartbeat queue_depth=3 workers_busy=3 level=DEBUG
2026-03-14 03:08:14.262 runner heartbeat queue_depth=1 workers_busy=0 level=DEBUG
2026-03-14 02:46:01.355 runner heartbeat queue_depth=2 workers_busy=0 level=DEBUG
2026-03-14 02:19:46.629 runner heartbeat queue_depth=3 workers_busy=1 level=DEBUG
2026-03-14 03:05:49.701 runner heartbeat queue_depth=5 workers_busy=0 level=DEBUG
2026-03-14 02:59:01.539 runner heartbeat queue_depth=4 workers_busy=0 level=DEBUG
2026-03-14 02:24:34.122 runner heartbeat queue_depth=4 workers_busy=1 level=DEBUG
2026-03-14 02:56:17.056 runner heartbeat queue_depth=0 workers_busy=0 level=DEBUG
2026-03-14 02:38:49.254 runner heartbeat queue_depth=2 workers_busy=0 level=DEBUG
2026-03-14 02:28:08.209 runner heartbeat queue_depth=7 workers_busy=3 level=DEBUG
2026-03-14 03:16:15.854 runner heartbeat queue_depth=0 workers_busy=2 level=DEBUG
2026-03-14 02:05:33.843 runner heartbeat queue_depth=2 workers_busy=2 level=DEBUG
2026-03-14 02:37:44.796 runner heartbeat queue_depth=5 workers_busy=1 level=DEBUG
2026-03-14 02:55:44.699 runner heartbeat queue_depth=7 workers_busy=3 level=DEBUG
2026-03-14 02:35:37.704 runner heartbeat queue_depth=0 workers_busy=0 level=DEBUG
2026-03-14 03:13:22.848 runner heartbeat queue_depth=1 workers_busy=0 level=DEBUG
2026-03-14 02:11:57.501 runner heartbeat queue_depth=7 workers_busy=2 level=DEBUG
2026-03-14 02:48:12.973 runner heartbeat queue_depth=5 workers_busy=3 level=DEBUG
2026-03-14 03:13:58.918 runner heartbeat queue_depth=6 workers_busy=0 level=DEBUG
2026-03-14 02:16:20.896 runner heartbeat queue_depth=5 workers_busy=2 level=DEBUG
2026-03-14 02:53:23.509 runner heartbeat queue_depth=1 workers_busy=2 level=DEBUG
2026-03-14 03:08:42.836 runner heartbeat queue_depth=3 workers_busy=1 level=DEBUG
2026-03-14 02:29:41.499 runner heartbeat queue_depth=6 workers_busy=0 level=DEBUG
2026-03-14 02:13:53.432 runner heartbeat queue_depth=3 workers_busy=2 level=DEBUG
2026-03-14 02:36:02.795 runner heartbeat queue_depth=7 workers_busy=0 level=DEBUG
2026-03-14 02:45:44.447 runner heartbeat queue_depth=0 workers_busy=2 level=DEBUG
2026-03-14 02:14:24.403 runner heartbeat queue_depth=8 workers_busy=2 level=DEBUG
2026-03-14 02:08:25.608 runner heartbeat queue_depth=1 workers_busy=1 level=DEBUG
2026-03-14 02:46:46.671 runner heartbeat queue_depth=7 workers_busy=2 level=DEBUG
2026-03-14 02:40:13.477 runner heartbeat queue_depth=0 workers_busy=2 level=DEBUG
2026-03-14 02:03:46.170 runner heartbeat queue_depth=7 workers_busy=3 level=DEBUG
2026-03-14 02:42:47.716 runner heartbeat queue_depth=4 workers_busy=1 level=DEBUG
2026-03-14 03:13:11.388 runner heartbeat queue_depth=0 workers_busy=3 level=DEBUG
2026-03-14 02:59:06.497 runner heartbeat queue_depth=6 workers_busy=0 level=DEBUG
2026-03-14 02:55:50.364 runner heartbeat queue_depth=2 workers_busy=0 level=DEBUG
2026-03-14 03:12:41.682 runner heartbeat queue_depth=5 workers_busy=1 level=DEBUG
2026-03-14 02:58:47.995 runner heartbeat queue_depth=2 workers_busy=3 level=DEBUG
2026-03-14 03:04:15.178 runner heartbeat queue_depth=8 workers_busy=1 level=DEBUG
2026-03-14 03:09:23.555 runner heartbeat queue_depth=3 workers_busy=2 level=DEBUG
2026-03-14 02:17:57.951 runner heartbeat queue_depth=6 workers_busy=2 level=DEBUG
2026-03-14 03:10:15.522 runner heartbeat queue_depth=6 workers_busy=0 level=DEBUG
2026-03-14 03:04:43.656 runner heartbeat queue_depth=4 workers_busy=3 level=DEBUG
2026-03-14 03:14:08.614 runner heartbeat queue_depth=5 workers_busy=1 level=DEBUG
2026-03-14 02:22:35.209 runner heartbeat queue_depth=2 workers_busy=3 level=DEBUG
2026-03-14 02:29:17.064 runner heartbeat queue_depth=1 workers_busy=2 level=DEBUG
2026-03-14 02:21:29.301 runner heartbeat queue_depth=0 workers_busy=1 level=DEBUG
2026-03-14 02:17:22.856 runner heartbeat queue_depth=2 workers_busy=1 level=DEBUG
2026-03-14 02:24:10.618 runner heartbeat queue_depth=6 workers_busy=1 level=DEBUG
2026-03-14 03:06:37.754 runner heartbeat queue_depth=7 workers_busy=0 level=DEBUG
2026-03-14 02:01:21.272 runner heartbeat queue_depth=4 workers_busy=2 level=DEBUG
2026-03-14 02:02:51.758 runner heartbeat queue_depth=0 workers_busy=3 level=DEBUG
2026-03-14 02:46:42.324 runner heartbeat queue_depth=3 workers_busy=3 level=DEBUG
2026-03-14 02:20:27.730 runner heartbeat queue_depth=5 workers_busy=1 level=DEBUG
2026-03-14 02:30:53.748 runner heartbeat queue_depth=2 workers_busy=3 level=DEBUG
2026-03-14 02:17:40.451 runner heartbeat queue_depth=8 workers_busy=0 level=DEBUG
2026-03-14 02:01:32.090 runner heartbeat queue_depth=0 workers_busy=2 level=DEBUG
2026-03-14 02:43:04.046 runner heartbeat queue_depth=4 workers_busy=2 level=DEBUG
2026-03-14 03:03:28.236 runner heartbeat queue_depth=2 workers_busy=0 level=DEBUG
2026-03-14 03:04:20.257 runner heartbeat queue_depth=8 workers_busy=0 level=DEBUG
2026-03-14 03:05:31.706 runner heartbeat queue_depth=7 workers_busy=3 level=DEBUG
2026-03-14 03:11:48.984 runner heartbeat queue_depth=5 workers_busy=0 level=DEBUG
2026-03-14 02:19:27.346 runner heartbeat queue_depth=0 workers_busy=3 level=DEBUG
2026-03-14 02:28:41.881 runner heartbeat queue_depth=7 workers_busy=1 level=DEBUG
2026-03-14 02:51:48.687 runner heartbeat queue_depth=3 workers_busy=2 level=DEBUG
2026-03-14 03:03:28.604 runner heartbeat queue_depth=4 workers_busy=1 level=DEBUG
2026-03-14 02:21:52.403 runner heartbeat queue_depth=1 workers_busy=0 level=DEBUG
2026-03-14 03:08:28.713 runner heartbeat queue_depth=1 workers_busy=0 level=DEBUG
2026-03-14 02:58:34.786 runner heartbeat queue_depth=5 workers_busy=3 level=DEBUG
2026-03-14 02:31:43.323 runner heartbeat queue_depth=2 workers_busy=3 level=DEBUG
2026-03-14 03:15:25.356 runner heartbeat queue_depth=2 workers_busy=0 level=DEBUG
2026-03-14 03:13:17.501 runner heartbeat queue_depth=6 workers_busy=1 level=DEBUG
2026-03-14 03:10:06.886 runner heartbeat queue_depth=2 workers_busy=0 level=DEBUG
2026-03-14 02:38:35.436 runner heartbeat queue_depth=2 workers_busy=1 level=DEBUG
2026-03-14 02:13:57.827 runner heartbeat queue_depth=8 workers_busy=2 level=DEBUG
2026-03-14 02:32:19.563 runner heartbeat queue_depth=0 workers_busy=0 level=DEBUG
2026-03-14 02:59:59.739 runner heartbeat queue_depth=6 workers_busy=2 level=DEBUG
2026-03-14 02:43:09.937 runner heartbeat queue_depth=8 workers_busy=1 level=DEBUG
2026-03-14 02:38:16.485 runner heartbeat queue_depth=0 workers_busy=3 level=DEBUG
2026-03-14 03:11:40.342 runner heartbeat queue_depth=0 workers_busy=1 level=DEBUG
2026-03-14 02:18:04.289 runner heartbeat queue_depth=3 workers_busy=0 level=DEBUG
2026-03-14 02:46:56.097 runner heartbeat queue_depth=8 workers_busy=1 level=DEBUG
2026-03-14 02:34:09.099 runner heartbeat queue_depth=3 workers_busy=1 level=DEBUG
2026-03-14 02:05:48.310 runner heartbeat queue_depth=7 workers_busy=1 level=DEBUG
2026-03-14 03:01:15.355 runner heartbeat queue_depth=5 workers_busy=3 level=DEBUG
2026-03-14 03:06:45.060 runner heartbeat queue_depth=6 workers_busy=3 level=DEBUG
2026-03-14 03:12:33.922 runner heartbeat queue_depth=7 workers_busy=3 level=DEBUG
2026-03-14 02:38:53.004 runner heartbeat queue_depth=4 workers_busy=2 level=DEBUG
2026-03-14 02:14:48.992 runner heartbeat queue_depth=5 workers_busy=1 level=DEBUG
2026-03-14 02:23:24.350 runner heartbeat queue_depth=0 workers_busy=0 level=DEBUG
2026-03-14 02:02:25.501 runner heartbeat queue_depth=3 workers_busy=0 level=DEBUG
2026-03-14 03:05:30.730 runner heartbeat queue_depth=4 workers_busy=1 level=DEBUG
2026-03-14 02:49:06.167 runner heartbeat queue_depth=7 workers_busy=0 level=DEBUG
2026-03-14 03:15:23.798 runner heartbeat queue_depth=7 workers_busy=1 level=DEBUG
2026-03-14 02:06:08.775 runner heartbeat queue_depth=2 workers_busy=2 level=DEBUG
2026-03-14 02:29:35.235 runner heartbeat queue_depth=2 workers_busy=0 level=DEBUG
2026-03-14 02:29:29.411 runner heartbeat queue_depth=1 workers_busy=0 level=DEBUG
2026-03-14 02:08:33.593 runner heartbeat queue_depth=0 workers_busy=0 level=DEBUG
2026-03-14 02:39:44.530 runner heartbeat queue_depth=3 workers_busy=3 level=DEBUG
2026-03-14 02:07:52.113 runner heartbeat queue_depth=7 workers_busy=0 level=DEBUG
2026-03-14 02:30:29.210 runner heartbeat queue_depth=0 workers_busy=2 level=DEBUG
2026-03-14 02:09:19.416 runner heartbeat queue_depth=7 workers_busy=1 level=DEBUG
2026-03-14 02:34:09.226 runner heartbeat queue_depth=3 workers_busy=1 level=DEBUG
2026-03-14 02:53:01.083 runner heartbeat queue_depth=3 workers_busy=0 level=DEBUG
2026-03-14 02:00:51.219 runner heartbeat queue_depth=0 workers_busy=1 level=DEBUG
2026-03-14 02:31:05.357 runner heartbeat queue_depth=8 workers_busy=2 level=DEBUG
2026-03-14 02:23:47.222 runner heartbeat queue_depth=6 workers_busy=3 level=DEBUG
2026-03-14 02:32:45.637 runner heartbeat queue_depth=6 workers_busy=2 level=DEBUG
2026-03-14 02:49:00.714 runner heartbeat queue_depth=0 workers_busy=0 level=DEBUG
2026-03-14 02:22:49.331 runner heartbeat queue_depth=1 workers_busy=2 level=DEBUG
2026-03-14 02:21:44.571 runner heartbeat queue_depth=0 workers_busy=1 level=DEBUG
2026-03-14 02:28:00.181 runner heartbeat queue_depth=3 workers_busy=2 level=DEBUG
2026-03-14 02:31:04.799 runner heartbeat queue_depth=7 workers_busy=1 level=DEBUG
2026-03-14 02:00:04.764 runner heartbeat queue_depth=6 workers_busy=3 level=DEBUG
2026-03-14 02:55:28.208 runner heartbeat queue_depth=1 workers_busy=3 level=DEBUG
2026-03-14 02:01:49.134 runner heartbeat queue_depth=4 workers_busy=1 level=DEBUG
2026-03-14 03:05:44.085 runner heartbeat queue_depth=7 workers_busy=2 level=DEBUG
2026-03-14 02:22:18.956 runner heartbeat queue_depth=2 workers_busy=1 level=DEBUG
2026-03-14 02:58:13.914 runner heartbeat queue_depth=8 workers_busy=1 level=DEBUG
2026-03-14 02:05:31.098 runner heartbeat queue_depth=6 workers_busy=3 level=DEBUG
2026-03-14 02:58:54.568 runner heartbeat queue_depth=3 workers_busy=0 level=DEBUG
2026-03-14 02:30:22.373 runner heartbeat queue_depth=5 workers_busy=3 level=DEBUG
2026-03-14 02:49:40.597 runner heartbeat queue_depth=2 workers_busy=1 level=DEBUG
2026-03-14 02:38:31.238 runner heartbeat queue_depth=0 workers_busy=1 level=DEBUG
2026-03-14 03:17:19.636 runner heartbeat queue_depth=5 workers_busy=2 level=DEBUG
2026-03-14 02:12:50.041 runner heartbeat queue_depth=0 workers_busy=0 level=DEBUG
2026-03-14 02:04:13.171 runner heartbeat queue_depth=0 workers_busy=2 level=DEBUG
2026-03-14 02:51:38.942 runner heartbeat queue_depth=3 workers_busy=2 level=DEBUG
2026-03-14 03:13:52.387 runner heartbeat queue_depth=6 workers_busy=3 level=DEBUG
2026-03-14 02:42:00.635 runner heartbeat queue_depth=5 workers_busy=0 level=DEBUG
2026-03-14 02:19:44.009 runner heartbeat queue_depth=1 workers_busy=2 level=DEBUG
2026-03-14 03:12:12.317 runner heartbeat queue_depth=4 workers_busy=3 level=DEBUG
2026-03-14 02:41:46.187 runner heartbeat queue_depth=1 workers_busy=1 level=DEBUG
2026-03-14 02:41:00.475 runner heartbeat queue_depth=6 workers_busy=2 level=DEBUG
2026-03-14 02:48:10.931 runner heartbeat queue_depth=4 workers_busy=2 level=DEBUG
2026-03-14 02:16:10.392 runner heartbeat queue_depth=3 workers_busy=0 level=DEBUG
2026-03-14 02:39:18.602 runner heartbeat queue_depth=0 workers_busy=2 level=DEBUG
2026-03-14 03:12:57.065 runner heartbeat queue_depth=0 workers_busy=1 level=DEBUG
2026-03-14 02:25:32.720 runner heartbeat queue_depth=4 workers_busy=2 level=DEBUG
2026-03-14 02:02:55.949 runner heartbeat queue_depth=4 workers_busy=0 level=DEBUG
2026-03-14 02:08:56.859 runner heartbeat queue_depth=8 workers_busy=1 level=DEBUG
2026-03-14 03:00:53.588 runner heartbeat queue_depth=3 workers_busy=3 level=DEBUG
2026-03-14 02:21:06.241 runner heartbeat queue_depth=2 workers_busy=2 level=DEBUG
2026-03-14 03:08:09.146 runner heartbeat queue_depth=7 workers_busy=1 level=DEBUG
2026-03-14 02:44:55.244 runner heartbeat queue_depth=4 workers_busy=0 level=DEBUG
2026-03-14 03:07:25.320 runner heartbeat queue_depth=2 workers_busy=1 level=DEBUG
2026-03-14 03:06:08.690 runner heartbeat queue_depth=2 workers_busy=0 level=DEBUG
2026-03-14 02:00:37.542 runner heartbeat queue_depth=5 workers_busy=2 level=DEBUG
2026-03-14 02:39:33.427 runner heartbeat queue_depth=2 workers_busy=1 level=DEBUG
2026-03-14 02:23:42.057 runner heartbeat queue_depth=5 workers_busy=2 level=DEBUG
2026-03-14 02:44:33.365 runner heartbeat queue_depth=5 workers_busy=3 level=DEBUG
2026-03-14 03:07:00.951 runner heartbeat queue_depth=6 workers_busy=3 level=DEBUG
2026-03-14 03:10:15.949 runner heartbeat queue_depth=2 workers_busy=1 level=DEBUG
2026-03-14 02:32:10.311 runner heartbeat queue_depth=4 workers_busy=2 level=DEBUG
2026-03-14 02:12:35.075 runner heartbeat queue_depth=5 workers_busy=1 level=DEBUG
2026-03-14 03:13:29.213 runner heartbeat queue_depth=6 workers_busy=2 level=DEBUG
2026-03-14 02:19:30.464 runner heartbeat queue_depth=8 workers_busy=0 level=DEBUG
2026-03-14 03:09:56.865 runner heartbeat queue_depth=8 workers_busy=3 level=DEBUG
2026-03-14 03:16:01.828 runner heartbeat queue_depth=8 workers_busy=2 level=DEBUG
2026-03-14 02:03:40.834 runner heartbeat queue_depth=4 workers_busy=0 level=DEBUG
2026-03-14 03:04:25.308 runner heartbeat queue_depth=1 workers_busy=2 level=DEBUG
2026-03-14 02:42:25.578 runner heartbeat queue_depth=0 workers_busy=1 level=DEBUG
2026-03-14 02:12:01.118 runner heartbeat queue_depth=6 workers_busy=1 level=DEBUG
2026-03-14 02:58:35.634 runner heartbeat queue_depth=0 workers_busy=2 level=DEBUG
2026-03-14 02:49:03.226 runner heartbeat queue_depth=6 workers_busy=3 level=DEBUG
2026-03-14 03:14:42.849 runner heartbeat queue_depth=7 workers_busy=0 level=DEBUG
2026-03-14 03:16:43.940 runner heartbeat queue_depth=7 workers_busy=3 level=DEBUG
2026-03-14 02:06:54.273 runner heartbeat queue_depth=2 workers_busy=3 level=DEBUG
2026-03-14 02:19:24.059 runner heartbeat queue_depth=5 workers_busy=0 level=DEBUG
2026-03-14 02:12:59.070 runner heartbeat queue_depth=5 workers_busy=0 level=DEBUG
2026-03-14 02:59:02.474 runner heartbeat queue_depth=1 workers_busy=2 level=DEBUG
2026-03-14 03:04:49.522 runner heartbeat queue_depth=6 workers_busy=1 level=DEBUG
2026-03-14 02:05:24.866 runner heartbeat queue_depth=4 workers_busy=2 level=DEBUG
2026-03-14 02:08:26.747 runner heartbeat queue_depth=0 workers_busy=1 level=DEBUG
2026-03-14 02:44:10.608 runner heartbeat queue_depth=1 workers_busy=0 level=DEBUG
2026-03-14 03:09:03.770 runner heartbeat queue_depth=5 workers_busy=0 level=DEBUG
2026-03-14 02:28:24.882 runner heartbeat queue_depth=1 workers_busy=0 level=DEBUG
2026-03-14 02:08:36.857 runner heartbeat queue_depth=4 workers_busy=0 level=DEBUG
2026-03-14 03:13:26.808 runner heartbeat queue_depth=3 workers_busy=0 level=DEBUG
2026-03-14 02:46:35.323 runner heartbeat queue_depth=3 workers_busy=0 level=DEBUG
2026-03-14 02:50:10.305 runner heartbeat queue_depth=0 workers_busy=2 level=DEBUG
2026-03-14 02:16:19.437 runner heartbeat queue_depth=3 workers_busy=0 level=DEBUG
2026-03-14 02:07:38.446 runner heartbeat queue_depth=5 workers_busy=2 level=DEBUG
2026-03-14 03:12:49.493 runner heartbeat queue_depth=3 workers_busy=3 level=DEBUG
2026-03-14 02:46:08.738 runner heartbeat queue_depth=2 workers_busy=0 level=DEBUG
2026-03-14 03:09:26.816 runner heartbeat queue_depth=4 workers_busy=1 level=DEBUG
2026-03-14 02:08:23.757 runner heartbeat queue_depth=0 workers_busy=3 level=DEBUG
2026-03-14 02:52:45.327 runner heartbeat queue_depth=4 workers_busy=0 level=DEBUG
2026-03-14 02:06:02.073 runner heartbeat queue_depth=7 workers_busy=1 level=DEBUG
2026-03-14 03:09:15.778 runner heartbeat queue_depth=4 workers_busy=1 level=DEBUG
2026-03-14 03:06:48.401 runner heartbeat queue_depth=0 workers_busy=3 level=DEBUG
2026-03-14 02:54:53.145 runner heartbeat queue_depth=5 workers_busy=0 level=DEBUG
2026-03-14 02:55:52.736 runner heartbeat queue_depth=8 workers_busy=2 level=DEBUG
2026-03-14 02:35:28.853 runner heartbeat queue_depth=4 workers_busy=2 level=DEBUG
2026-03-14 02:46:12.865 runner heartbeat queue_depth=5 workers_busy=0 level=DEBUG
2026-03-14 02:42:32.988 runner heartbeat queue_depth=0 workers_busy=3 level=DEBUG
2026-03-14 03:14:15.387 runner heartbeat queue_depth=3 workers_busy=1 level=DEBUG
2026-03-14 02:45:05.097 runner heartbeat queue_depth=0 workers_busy=0 level=DEBUG
2026-03-14 03:02:18.559 runner heartbeat queue_depth=4 workers_busy=3 level=DEBUG
2026-03-14 03:00:08.355 runner heartbeat queue_depth=1 workers_busy=0 level=DEBUG
2026-03-14 02:19:59.146 runner heartbeat queue_depth=0 workers_busy=1 level=DEBUG
2026-03-14 02:56:09.407 runner heartbeat queue_depth=6 workers_busy=3 level=DEBUG
2026-03-14 02:51:36.282 runner heartbeat queue_depth=3 workers_busy=3 level=DEBUG
2026-03-14 02:02:55.652 runner heartbeat queue_depth=8 workers_busy=2 level=DEBUG
2026-03-14 02:15:39.371 runner heartbeat queue_depth=2 workers_busy=2 level=DEBUG
2026-03-14 02:07:19.053 runner heartbeat queue_depth=3 workers_busy=3 level=DEBUG
2026-03-14 03:03:25.649 runner heartbeat queue_depth=7 workers_busy=1 level=DEBUG
2026-03-14 02:44:08.189 runner heartbeat queue_depth=7 workers_busy=0 level=DEBUG
2026-03-14 03:14:21.989 runner heartbeat queue_depth=1 workers_busy=2 level=DEBUG
2026-03-14 02:58:56.482 runner heartbeat queue_depth=4 workers_busy=3 level=DEBUG
2026-03-14 02:04:13.542 runner heartbeat queue_depth=0 workers_busy=1 level=DEBUG
2026-03-14 02:10:09.406 runner heartbeat queue_depth=4 workers_busy=1 level=DEBUG
2026-03-14 02:17:56.198 runner heartbeat queue_depth=3 workers_busy=3 level=DEBUG
2026-03-14 02:43:59.522 runner heartbeat queue_depth=0 workers_busy=3 level=DEBUG
2026-03-14 03:02:31.693 runner heartbeat queue_depth=8 workers_busy=3 level=DEBUG
2026-03-14 02:55:06.495 runner heartbeat queue_depth=7 workers_busy=0 level=DEBUG
2026-03-14 02:09:08.785 runner heartbeat queue_depth=7 workers_busy=0 level=DEBUG
2026-03-14 02:53:59.305 runner heartbeat queue_depth=5 workers_busy=2 level=DEBUG
2026-03-14 02:19:36.774 runner heartbeat queue_depth=8 workers_busy=1 level=DEBUG
2026-03-14 03:15:28.983 runner heartbeat queue_depth=8 workers_busy=3 level=DEBUG
2026-03-14 02:52:26.662 runner heartbeat queue_depth=5 workers_busy=2 level=DEBUG
2026-03-14 02:06:04.338 runner heartbeat queue_depth=6 workers_busy=2 level=DEBUG
2026-03-14 02:03:07.809 runner heartbeat queue_depth=5 workers_busy=1 level=DEBUG
2026-03-14 02:01:05.241 runner heartbeat queue_depth=5 workers_busy=3 level=DEBUG
2026-03-14 02:22:12.532 runner heartbeat queue_depth=0 workers_busy=2 level=DEBUG
2026-03-14 02:13:02.929 runner heartbeat queue_depth=0 workers_busy=1 level=DEBUG
2026-03-14 02:51:02.106 runner heartbeat queue_depth=7 workers_busy=3 level=DEBUG
2026-03-14 02:51:59.757 runner heartbeat queue_depth=7 workers_busy=3 level=DEBUG
2026-03-14 03:13:53.207 runner heartbeat queue_depth=8 workers_busy=1 level=DEBUG
2026-03-14 02:50:50.608 runner heartbeat queue_depth=8 workers_busy=1 level=DEBUG
2026-03-14 02:19:42.938 runner heartbeat queue_depth=7 workers_busy=2 level=DEBUG
2026-03-14 02:08:46.353 runner heartbeat queue_depth=5 workers_busy=1 level=DEBUG
2026-03-14 02:13:49.920 runner heartbeat queue_depth=6 workers_busy=0 level=DEBUG
2026-03-14 02:02:45.534 runner heartbeat queue_depth=0 workers_busy=0 level=DEBUG
2026-03-14 02:27:27.613 runner heartbeat queue_depth=8 workers_busy=3 level=DEBUG
2026-03-14 03:08:59.534 runner heartbeat queue_depth=2 workers_busy=2 level=DEBUG
2026-03-14 02:23:05.077 runner heartbeat queue_depth=6 workers_busy=1 level=DEBUG
2026-03-14 02:05:07.716 runner heartbeat queue_depth=7 workers_busy=0 level=DEBUG
2026-03-14 02:41:13.291 runner heartbeat queue_depth=3 workers_busy=0 level=DEBUG
2026-03-14 02:09:07.786 runner heartbeat queue_depth=5 workers_busy=0 level=DEBUG
2026-03-14 03:05:05.991 runner heartbeat queue_depth=0 workers_busy=3 level=DEBUG
2026-03-14 03:02:41.374 runner heartbeat queue_depth=1 workers_busy=1 level=DEBUG
2026-03-14 03:13:35.502 runner heartbeat queue_depth=8 workers_busy=1 level=DEBUG
2026-03-14 02:49:49.775 runner heartbeat queue_depth=3 workers_busy=0 level=DEBUG
2026-03-14 03:05:23.258 runner heartbeat queue_depth=6 workers_busy=1 level=DEBUG
2026-03-14 03:09:18.106 runner heartbeat queue_depth=8 workers_busy=2 level=DEBUG
2026-03-14 02:12:31.696 runner heartbeat queue_depth=8 workers_busy=1 level=DEBUG
2026-03-14 02:35:51.972 runner heartbeat queue_depth=8 workers_busy=2 level=DEBUG
2026-03-14 02:41:17.944 runner heartbeat queue_depth=4 workers_busy=3 level=DEBUG
2026-03-14 02:21:28.936 runner heartbeat queue_depth=5 workers_busy=0 level=DEBUG
2026-03-14 02:19:53.213 runner heartbeat queue_depth=5 workers_busy=1 level=DEBUG
2026-03-14 03:17:37.147 runner heartbeat queue_depth=8 workers_busy=1 level=DEBUG
2026-03-14 02:54:26.486 runner heartbeat queue_depth=6 workers_busy=2 level=DEBUG
2026-03-14 03:09:52.698 runner heartbeat queue_depth=8 workers_busy=3 level=DEBUG
2026-03-14 02:13:34.865 runner heartbeat queue_depth=4 workers_busy=2 level=DEBUG
2026-03-14 02:46:55.158 runner heartbeat queue_depth=8 workers_busy=0 level=DEBUG
2026-03-14 03:08:20.619 runner heartbeat queue_depth=8 workers_busy=1 level=DEBUG
2026-03-14 02:31:55.326 runner heartbeat queue_depth=4 workers_busy=2 level=DEBUG
2026-03-14 03:04:52.999 runner heartbeat queue_depth=2 workers_busy=1 level=DEBUG
2026-03-14 03:02:53.833 runner heartbeat queue_depth=0 workers_busy=2 level=DEBUG
2026-03-14 02:21:14.022 runner heartbeat queue_depth=7 workers_busy=1 level=DEBUG
2026-03-14 02:30:12.052 runner heartbeat queue_depth=5 workers_busy=2 level=DEBUG
2026-03-14 02:37:49.147 runner heartbeat queue_depth=8 workers_busy=3 level=DEBUG
2026-03-14 02:20:57.733 runner heartbeat queue_depth=0 workers_busy=1 level=DEBUG
2026-03-14 02:31:49.995 runner heartbeat queue_depth=4 workers_busy=0 level=DEBUG
2026-03-14 03:03:35.248 runner heartbeat queue_depth=0 workers_busy=0 level=DEBUG
2026-03-14 03:05:31.378 runner heartbeat queue_depth=4 workers_busy=3 level=DEBUG
2026-03-14 02:43:10.925 runner heartbeat queue_depth=5 workers_busy=3 level=DEBUG
2026-03-14 02:10:13.452 runner heartbeat queue_depth=8 workers_busy=2 level=DEBUG
2026-03-14 03:12:47.882 runner heartbeat queue_depth=5 workers_busy=0 level=DEBUG
2026-03-14 02:15:38.425 runner heartbeat queue_depth=0 workers_busy=1 level=DEBUG
2026-03-14 02:11:49.881 runner heartbeat queue_depth=6 workers_busy=3 level=DEBUG
2026-03-14 02:49:11.212 runner heartbeat queue_depth=7 workers_busy=1 level=DEBUG
2026-03-14 02:15:08.549 runner heartbeat queue_depth=8 workers_busy=2 level=DEBUG
2026-03-14 03:08:07.776 runner heartbeat queue_depth=3 workers_busy=0 level=DEBUG
2026-03-14 02:07:17.081 runner heartbeat queue_depth=6 workers_busy=3 level=DEBUG
2026-03-14 02:04:43.880 runner heartbeat queue_depth=0 workers_busy=2 level=DEBUG
2026-03-14 03:09:56.136 runner heartbeat queue_depth=6 workers_busy=3 level=DEBUG
2026-03-14 03:16:11.407 runner heartbeat queue_depth=6 workers_busy=0 level=DEBUG
2026-03-14 03:05:45.669 runner heartbeat queue_depth=1 workers_busy=2 level=DEBUG
2026-03-14 02:46:08.025 runner heartbeat queue_depth=7 workers_busy=0 level=DEBUG
2026-03-14 02:01:50.555 runner heartbeat queue_depth=2 workers_busy=1 level=DEBUG
2026-03-14 03:04:22.333 runner heartbeat queue_depth=3 workers_busy=1 level=DEBUG
2026-03-14 03:00:34.582 runner heartbeat queue_depth=7 workers_busy=1 level=DEBUG
2026-03-14 02:56:45.880 runner heartbeat queue_depth=0 workers_busy=3 level=DEBUG
2026-03-14 02:03:54.619 runner heartbeat queue_depth=3 workers_busy=0 level=DEBUG
2026-03-14 02:06:27.694 runner heartbeat queue_depth=6 workers_busy=3 level=DEBUG
2026-03-14 02:58:44.918 runner heartbeat queue_depth=3 workers_busy=0 level=DEBUG
2026-03-14 02:22:26.094 runner heartbeat queue_depth=8 workers_busy=0 level=DEBUG
2026-03-14 02:29:24.574 runner heartbeat queue_depth=6 workers_busy=3 level=DEBUG
2026-03-14 02:30:16.954 runner heartbeat queue_depth=2 workers_busy=2 level=DEBUG
2026-03-14 02:42:50.243 runner heartbeat queue_depth=0 workers_busy=3 level=DEBUG
2026-03-14 02:50:44.867 runner heartbeat queue_depth=2 workers_busy=1 level=DEBUG
2026-03-14 02:33:20.897 runner heartbeat queue_depth=7 workers_busy=3 level=DEBUG
2026-03-14 02:35:24.289 runner heartbeat queue_depth=4 workers_busy=1 level=DEBUG
2026-03-14 02:03:14.829 runner heartbeat queue_depth=8 workers_busy=1 level=DEBUG
2026-03-14 02:30:27.918 runner heartbeat queue_depth=7 workers_busy=1 level=DEBUG
2026-03-14 02:50:23.443 runner heartbeat queue_depth=5 workers_busy=0 level=DEBUG
2026-03-14 03:12:17.343 runner heartbeat queue_depth=6 workers_busy=3 level=DEBUG
2026-03-14 03:11:56.391 runner heartbeat queue_depth=1 workers_busy=3 level=DEBUG
2026-03-14 02:58:03.395 runner heartbeat queue_depth=7 workers_busy=0 level=DEBUG
2026-03-14 02:29:24.895 runner heartbeat queue_depth=2 workers_busy=1 level=DEBUG
2026-03-14 03:12:22.333 runner heartbeat queue_depth=4 workers_busy=2 level=DEBUG
2026-03-14 02:21:28.783 runner heartbeat queue_depth=2 workers_busy=2 level=DEBUG
2026-03-14 02:52:15.048 runner heartbeat queue_depth=7 workers_busy=3 level=DEBUG
2026-03-14 02:00:39.343 runner heartbeat queue_depth=4 workers_busy=2 level=DEBUG
2026-03-14 02:05:39.871 runner heartbeat queue_depth=2 workers_busy=1 level=DEBUG
2026-03-14 02:29:47.913 runner heartbeat queue_depth=1 workers_busy=1 level=DEBUG
2026-03-14 02:54:58.978 runner heartbeat queue_depth=8 workers_busy=0 level=DEBUG
2026-03-14 03:00:22.663 runner heartbeat queue_depth=7 workers_busy=1 level=DEBUG
2026-03-14 02:22:39.736 runner heartbeat queue_depth=4 workers_busy=1 level=DEBUG
2026-03-14 02:42:35.279 runner heartbeat queue_depth=8 workers_busy=1 level=DEBUG
2026-03-14 03:16:36.951 runner heartbeat queue_depth=6 workers_busy=2 level=DEBUG
2026-03-14 03:07:22.197 runner heartbeat queue_depth=7 workers_busy=1 level=DEBUG
2026-03-14 02:10:43.678 runner heartbeat queue_depth=2 workers_busy=3 level=DEBUG
2026-03-14 02:04:31.103 runner heartbeat queue_depth=5 workers_busy=0 level=DEBUG
2026-03-14 02:23:08.673 runner heartbeat queue_depth=1 workers_busy=1 level=DEBUG
2026-03-14 03:00:57.721 runner heartbeat queue_depth=2 workers_busy=3 level=DEBUG
2026-03-14 02:20:13.070 runner heartbeat queue_depth=4 workers_busy=2 level=DEBUG
2026-03-14 03:12:31.568 runner heartbeat queue_depth=5 workers_busy=1 level=DEBUG
2026-03-14 02:22:47.548 runner heartbeat queue_depth=3 workers_busy=0 level=DEBUG
2026-03-14 03:03:39.171 runner heartbeat queue_depth=8 workers_busy=2 level=DEBUG
2026-03-14 02:29:41.737 runner heartbeat queue_depth=0 workers_busy=3 level=DEBUG
2026-03-14 02:15:53.808 runner heartbeat queue_depth=8 workers_busy=3 level=DEBUG
2026-03-14 02:39:42.334 runner heartbeat queue_depth=4 workers_busy=0 level=DEBUG
2026-03-14 03:00:14.533 runner heartbeat queue_depth=3 workers_busy=0 level=DEBUG
2026-03-14 02:00:59.781 runner heartbeat queue_depth=3 workers_busy=0 level=DEBUG
2026-03-14 02:27:18.537 runner heartbeat queue_depth=5 workers_busy=3 level=DEBUG
2026-03-14 02:36:06.254 runner heartbeat queue_depth=1 workers_busy=2 level=DEBUG
2026-03-14 02:12:21.574 runner heartbeat queue_depth=1 workers_busy=3 level=DEBUG
2026-03-14 02:44:08.094 runner heartbeat queue_depth=3 workers_busy=0 level=DEBUG
2026-03-14 03:15:10.262 runner heartbeat queue_depth=4 workers_busy=3 level=DEBUG
2026-03-14 02:35:23.762 runner heartbeat queue_depth=8 workers_busy=3 level=DEBUG
2026-03-14 02:16:48.104 runner heartbeat queue_depth=7 workers_busy=3 level=DEBUG
2026-03-14 02:58:05.056 runner heartbeat queue_depth=0 workers_busy=1 level=DEBUG
2026-03-14 03:01:34.993 runner heartbeat queue_depth=6 workers_busy=0 level=DEBUG
2026-03-14 02:23:43.443 runner heartbeat queue_depth=2 workers_busy=3 level=DEBUG
2026-03-14 02:59:26.303 runner heartbeat queue_depth=6 workers_busy=3 level=DEBUG
2026-03-14 02:14:56.754 runner heartbeat queue_depth=7 workers_busy=2 level=DEBUG
2026-03-14 02:10:22.330 runner heartbeat queue_depth=3 workers_busy=2 level=DEBUG
2026-03-14 03:12:58.287 runner heartbeat queue_depth=4 workers_busy=1 level=DEBUG
2026-03-14 02:34:32.713 runner heartbeat queue_depth=0 workers_busy=2 level=DEBUG
2026-03-14 02:59:25.619 runner heartbeat queue_depth=8 workers_busy=0 level=DEBUG
2026-03-14 02:52:47.883 runner heartbeat queue_depth=8 workers_busy=2 level=DEBUG
2026-03-14 02:54:41.987 runner heartbeat queue_depth=7 workers_busy=2 level=DEBUG
2026-03-14 02:30:25.194 runner heartbeat queue_depth=0 workers_busy=1 level=DEBUG
2026-03-14 02:42:26.248 runner heartbeat queue_depth=5 workers_busy=0 level=DEBUG
2026-03-14 02:11:47.301 runner heartbeat queue_depth=1 workers_busy=1 level=DEBUG
2026-03-14 02:23:17.896 runner heartbeat queue_depth=1 workers_busy=2 level=DEBUG
2026-03-14 02:34:50.044 runner heartbeat queue_depth=3 workers_busy=0 level=DEBUG
2026-03-14 02:55:00.721 runner heartbeat queue_depth=1 workers_busy=2 level=DEBUG
2026-03-14 02:48:04.026 runner heartbeat queue_depth=1 workers_busy=3 level=DEBUG
2026-03-14 02:53:29.068 runner heartbeat queue_depth=6 workers_busy=3 level=DEBUG
2026-03-14 03:03:16.891 runner heartbeat queue_depth=8 workers_busy=3 level=DEBUG
2026-03-14 02:38:27.739 runner heartbeat queue_depth=7 workers_busy=1 level=DEBUG
2026-03-14 03:02:09.693 runner heartbeat queue_depth=4 workers_busy=2 level=DEBUG
2026-03-14 03:13:48.115 runner heartbeat queue_depth=6 workers_busy=3 level=DEBUG
2026-03-14 03:16:58.085 runner heartbeat queue_depth=7 workers_busy=0 level=DEBUG
2026-03-14 03:04:59.007 runner heartbeat queue_depth=0 workers_busy=3 level=DEBUG
2026-03-14 02:22:37.495 runner heartbeat queue_depth=7 workers_busy=3 level=DEBUG
2026-03-14 02:04:06.250 runner heartbeat queue_depth=8 workers_busy=2 level=DEBUG
2026-03-14 02:07:09.503 runner heartbeat queue_depth=7 workers_busy=2 level=DEBUG
2026-03-14 02:28:31.256 runner heartbeat queue_depth=7 workers_busy=3 level=DEBUG
2026-03-14 02:16:46.663 runner heartbeat queue_depth=2 workers_busy=0 level=DEBUG
2026-03-14 03:09:38.259 runner heartbeat queue_depth=5 workers_busy=2 level=DEBUG
2026-03-14 02:35:35.342 runner heartbeat queue_depth=6 workers_busy=3 level=DEBUG
2026-03-14 02:04:36.134 runner heartbeat queue_depth=6 workers_busy=3 level=DEBUG
2026-03-14 02:38:39.710 runner heartbeat queue_depth=8 workers_busy=1 level=DEBUG
2026-03-14 03:09:45.517 runner heartbeat queue_depth=6 workers_busy=0 level=DEBUG
2026-03-14 02:29:36.238 runner heartbeat queue_depth=7 workers_busy=2 level=DEBUG
2026-03-14 02:37:10.394 runner heartbeat queue_depth=5 workers_busy=2 level=DEBUG
2026-03-14 02:08:42.919 runner heartbeat queue_depth=3 workers_busy=2 level=DEBUG
2026-03-14 02:13:58.789 runner heartbeat queue_depth=2 workers_busy=3 level=DEBUG
2026-03-14 02:42:23.491 runner heartbeat queue_depth=6 workers_busy=1 level=DEBUG
2026-03-14 02:28:21.660 runner heartbeat queue_depth=2 workers_busy=1 level=DEBUG
2026-03-14 03:13:10.698 runner heartbeat queue_depth=1 workers_busy=2 level=DEBUG
2026-03-14 02:10:07.988 runner heartbeat queue_depth=3 workers_busy=1 level=DEBUG
2026-03-14 02:04:51.764 runner heartbeat queue_depth=1 workers_busy=3 level=DEBUG
2026-03-14 02:58:27.408 runner heartbeat queue_depth=0 workers_busy=2 level=DEBUG
2026-03-14 02:58:05.005 runner heartbeat queue_depth=8 workers_busy=3 level=DEBUG
2026-03-14 02:38:33.862 runner heartbeat queue_depth=8 workers_busy=3 level=DEBUG
2026-03-14 02:01:27.182 runner heartbeat queue_depth=6 workers_busy=3 level=DEBUG
2026-03-14 02:46:01.557 runner heartbeat queue_depth=1 workers_busy=0 level=DEBUG
2026-03-14 02:59:19.600 runner heartbeat queue_depth=6 workers_busy=1 level=DEBUG
2026-03-14 03:14:45.930 runner heartbeat queue_depth=8 workers_busy=3 level=DEBUG
2026-03-14 02:25:43.690 runner heartbeat queue_depth=3 workers_busy=3 level=DEBUG
2026-03-14 02:23:31.683 runner heartbeat queue_depth=3 workers_busy=0 level=DEBUG
2026-03-14 03:02:38.035 runner heartbeat queue_depth=8 workers_busy=1 level=DEBUG
2026-03-14 02:27:17.534 runner heartbeat queue_depth=8 workers_busy=1 level=DEBUG
2026-03-14 03:10:48.374 runner heartbeat queue_depth=7 workers_busy=1 level=DEBUG
2026-03-14 03:11:09.253 runner heartbeat queue_depth=7 workers_busy=1 level=DEBUG
2026-03-14 02:22:54.933 runner heartbeat queue_depth=3 workers_busy=3 level=DEBUG
2026-03-14 03:03:49.641 runner heartbeat queue_depth=8 workers_busy=0 level=DEBUG
2026-03-14 02:45:22.146 runner heartbeat queue_depth=0 workers_busy=1 level=DEBUG
2026-03-14 02:35:49.466 runner heartbeat queue_depth=8 workers_busy=2 level=DEBUG
2026-03-14 03:10:46.218 runner heartbeat queue_depth=2 workers_busy=0 level=DEBUG
2026-03-14 02:25:01.067 runner heartbeat queue_depth=0 workers_busy=2 level=DEBUG
2026-03-14 02:10:48.313 runner heartbeat queue_depth=8 workers_busy=3 level=DEBUG
2026-03-14 02:16:01.643 runner heartbeat queue_depth=3 workers_busy=0 level=DEBUG
2026-03-14 02:16:28.378 runner heartbeat queue_depth=1 workers_busy=0 level=DEBUG
2026-03-14 02:24:35.604 runner heartbeat queue_depth=5 workers_busy=0 level=DEBUG
2026-03-14 02:36:45.582 runner heartbeat queue_depth=5 workers_busy=1 level=DEBUG
2026-03-14 02:17:54.954 runner heartbeat queue_depth=0 workers_busy=3 level=DEBUG
2026-03-14 02:28:58.448 runner heartbeat queue_depth=4 workers_busy=0 level=DEBUG
2026-03-14 02:21:55.587 runner heartbeat queue_depth=6 workers_busy=1 level=DEBUG
2026-03-14 03:00:56.076 runner heartbeat queue_depth=5 workers_busy=2 level=DEBUG
2026-03-14 02:15:19.960 runner heartbeat queue_depth=0 workers_busy=1 level=DEBUG
2026-03-14 02:06:49.465 runner heartbeat queue_depth=3 workers_busy=3 level=DEBUG
2026-03-14 02:19:21.209 runner heartbeat queue_depth=7 workers_busy=1 level=DEBUG
2026-03-14 02:58:31.656 runner heartbeat queue_depth=2 workers_busy=3 level=DEBUG
2026-03-14 02:04:35.305 runner heartbeat queue_depth=7 workers_busy=2 level=DEBUG
2026-03-14 02:21:56.945 runner heartbeat queue_depth=5 workers_busy=0 level=DEBUG
2026-03-14 02:37:12.946 runner heartbeat queue_depth=4 workers_busy=2 level=DEBUG
2026-03-14 02:20:23.450 runner heartbeat queue_depth=1 workers_busy=2 level=DEBUG
2026-03-14 02:46:40.927 runner heartbeat queue_depth=3 workers_busy=0 level=DEBUG
2026-03-14 03:01:45.408 runner heartbeat queue_depth=7 workers_busy=1 level=DEBUG
2026-03-14 02:13:38.821 runner heartbeat queue_depth=2 workers_busy=0 level=DEBUG
2026-03-14 03:14:47.422 runner heartbeat queue_depth=1 workers_busy=2 level=DEBUG
2026-03-14 02:23:38.108 runner heartbeat queue_depth=7 workers_busy=1 level=DEBUG
2026-03-14 02:35:19.958 runner heartbeat queue_depth=7 workers_busy=0 level=DEBUG
2026-03-14 02:43:11.654 runner heartbeat queue_depth=6 workers_busy=3 level=DEBUG
2026-03-14 02:32:08.698 runner heartbeat queue_depth=4 workers_busy=0 level=DEBUG
2026-03-14 02:18:03.326 runner heartbeat queue_depth=6 workers_busy=1 level=DEBUG
2026-03-14 02:19:28.186 runner heartbeat queue_depth=5 workers_busy=3 level=DEBUG
2026-03-14 03:08:28.165 runner heartbeat queue_depth=7 workers_busy=2 level=DEBUG
2026-03-14 03:09:35.763 runner heartbeat queue_depth=4 workers_busy=2 level=DEBUG
2026-03-14 02:08:25.932 runner heartbeat queue_depth=8 workers_busy=3 level=DEBUG
2026-03-14 03:06:53.378 runner heartbeat queue_depth=6 workers_busy=0 level=DEBUG
2026-03-14 02:29:15.779 runner heartbeat queue_depth=6 workers_busy=3 level=DEBUG
2026-03-14 02:46:39.934 runner heartbeat queue_depth=7 workers_busy=3 level=DEBUG
2026-03-14 03:16:23.980 runner heartbeat queue_depth=0 workers_busy=0 level=DEBUG
2026-03-14 02:49:10.731 runner heartbeat queue_depth=6 workers_busy=0 level=DEBUG
2026-03-14 02:50:55.319 runner heartbeat queue_depth=8 workers_busy=2 level=DEBUG
2026-03-14 02:20:32.044 runner heartbeat queue_depth=0 workers_busy=0 level=DEBUG
2026-03-14 02:41:39.742 runner heartbeat queue_depth=5 workers_busy=2 level=DEBUG
2026-03-14 02:14:29.666 runner heartbeat queue_depth=7 workers_busy=3 level=DEBUG
2026-03-14 02:41:20.493 runner heartbeat queue_depth=4 workers_busy=2 level=DEBUG
2026-03-14 03:13:05.658 runner heartbeat queue_depth=0 workers_busy=2 level=DEBUG
2026-03-14 02:29:12.357 runner heartbeat queue_depth=8 workers_busy=0 level=DEBUG
2026-03-14 02:02:45.408 runner heartbeat queue_depth=5 workers_busy=1 level=DEBUG
2026-03-14 02:49:17.034 runner heartbeat queue_depth=6 workers_busy=2 level=DEBUG
2026-03-14 02:09:28.185 runner heartbeat queue_depth=5 workers_busy=2 level=DEBUG
2026-03-14 02:20:29.182 runner heartbeat queue_depth=8 workers_busy=3 level=DEBUG
2026-03-14 02:26:35.443 runner heartbeat queue_depth=2 workers_busy=3 level=DEBUG
2026-03-14 03:05:16.657 runner heartbeat queue_depth=8 workers_busy=0 level=DEBUG
2026-03-14 02:00:52.624 runner heartbeat queue_depth=1 workers_busy=1 level=DEBUG
2026-03-14 02:43:08.954 runner heartbeat queue_depth=6 workers_busy=3 level=DEBUG
2026-03-14 03:05:19.903 runner heartbeat queue_depth=7 workers_busy=1 level=DEBUG
2026-03-14 02:59:38.732 runner heartbeat queue_depth=5 workers_busy=0 level=DEBUG
2026-03-14 02:25:40.744 runner heartbeat queue_depth=2 workers_busy=1 level=DEBUG
2026-03-14 02:19:47.148 runner heartbeat queue_depth=4 workers_busy=0 level=DEBUG
2026-03-14 02:34:09.222 runner heartbeat queue_depth=1 workers_busy=0 level=DEBUG
2026-03-14 03:17:20.059 runner heartbeat queue_depth=2 workers_busy=3 level=DEBUG
2026-03-14 02:26:08.721 runner heartbeat queue_depth=6 workers_busy=2 level=DEBUG
2026-03-14 03:15:36.081 runner heartbeat queue_depth=2 workers_busy=1 level=DEBUG
2026-03-14 02:42:54.910 runner heartbeat queue_depth=5 workers_busy=1 level=DEBUG
2026-03-14 02:03:36.436 runner heartbeat queue_depth=5 workers_busy=0 level=DEBUG
2026-03-14 03:07:34.077 runner heartbeat queue_depth=0 workers_busy=3 level=DEBUG
2026-03-14 02:58:19.831 runner heartbeat queue_depth=8 workers_busy=2 level=DEBUG
2026-03-14 02:08:33.477 runner heartbeat queue_depth=8 workers_busy=2 level=DEBUG
2026-03-14 02:05:10.458 runner heartbeat queue_depth=2 workers_busy=2 level=DEBUG
2026-03-14 02:15:38.150 runner heartbeat queue_depth=7 workers_busy=3 level=DEBUG
2026-03-14 02:10:24.192 runner heartbeat queue_depth=0 workers_busy=3 level=DEBUG
2026-03-14 02:48:46.065 runner heartbeat queue_depth=2 workers_busy=0 level=DEBUG
2026-03-14 03:02:16.120 runner heartbeat queue_depth=4 workers_busy=0 level=DEBUG
2026-03-14 02:47:30.695 runner heartbeat queue_depth=1 workers_busy=2 level=DEBUG
2026-03-14 02:25:42.380 runner heartbeat queue_depth=1 workers_busy=2 level=DEBUG
2026-03-14 02:06:05.902 runner heartbeat queue_depth=6 workers_busy=2 level=DEBUG
2026-03-14 02:48:33.506 runner heartbeat queue_depth=4 workers_busy=1 level=DEBUG
2026-03-14 03:02:26.077 runner heartbeat queue_depth=6 workers_busy=1 level=DEBUG
2026-03-14 02:58:22.114 runner heartbeat queue_depth=6 workers_busy=3 level=DEBUG
2026-03-14 03:12:48.040 runner heartbeat queue_depth=2 workers_busy=2 level=DEBUG
2026-03-14 03:04:07.320 runner heartbeat queue_depth=5 workers_busy=0 level=DEBUG
2026-03-14 02:08:57.560 runner heartbeat queue_depth=5 workers_busy=0 level=DEBUG
2026-03-14 02:31:04.472 runner heartbeat queue_depth=5 workers_busy=1 level=DEBUG
2026-03-14 02:58:00.445 runner heartbeat queue_depth=1 workers_busy=2 level=DEBUG
2026-03-14 02:24:32.135 runner heartbeat queue_depth=6 workers_busy=0 level=DEBUG
2026-03-14 02:22:37.271 runner heartbeat queue_depth=4 workers_busy=0 level=DEBUG
2026-03-14 02:20:27.527 runner heartbeat queue_depth=6 workers_busy=2 level=DEBUG
2026-03-14 02:56:12.159 runner heartbeat queue_depth=1 workers_busy=2 level=DEBUG
2026-03-14 03:16:24.167 runner heartbeat queue_depth=6 workers_busy=0 level=DEBUG
2026-03-14 02:28:19.354 runner heartbeat queue_depth=3 workers_busy=2 level=DEBUG
2026-03-14 02:32:19.032 runner heartbeat queue_depth=1 workers_busy=2 level=DEBUG
2026-03-14 02:47:57.501 runner heartbeat queue_depth=7 workers_busy=0 level=DEBUG
2026-03-14 02:04:58.390 runner heartbeat queue_depth=3 workers_busy=2 level=DEBUG
2026-03-14 03:08:14.089 runner heartbeat queue_depth=6 workers_busy=0 level=DEBUG
2026-03-14 02:04:28.983 runner heartbeat queue_depth=5 workers_busy=0 level=DEBUG
2026-03-14 02:17:50.644 runner heartbeat queue_depth=4 workers_busy=2 level=DEBUG
2026-03-14 02:50:27.445 runner heartbeat queue_depth=5 workers_busy=3 level=DEBUG
2026-03-14 02:07:56.507 runner heartbeat queue_depth=5 workers_busy=0 level=DEBUG
2026-03-14 02:53:14.184 runner heartbeat queue_depth=8 workers_busy=1 level=DEBUG
2026-03-14 02:07:28.322 runner heartbeat queue_depth=6 workers_busy=1 level=DEBUG
2026-03-14 02:01:28.750 runner heartbeat queue_depth=0 workers_busy=3 level=DEBUG
2026-03-14 02:36:16.931 runner heartbeat queue_depth=0 workers_busy=0 level=DEBUG
2026-03-14 02:43:28.927 runner heartbeat queue_depth=8 workers_busy=3 level=DEBUG
2026-03-14 02:56:41.462 runner heartbeat queue_depth=8 workers_busy=0 level=DEBUG
2026-03-14 02:32:44.637 runner heartbeat queue_depth=7 workers_busy=2 level=DEBUG
2026-03-14 03:06:07.024 runner heartbeat queue_depth=8 workers_busy=2 level=DEBUG
2026-03-14 02:02:33.314 runner heartbeat queue_depth=0 workers_busy=3 level=DEBUG
2026-03-14 02:10:17.874 runner heartbeat queue_depth=3 workers_busy=1 level=DEBUG
2026-03-14 03:05:08.594 runner heartbeat queue_depth=4 workers_busy=3 level=DEBUG
2026-03-14 03:05:02.339 runner heartbeat queue_depth=4 workers_busy=3 level=DEBUG
2026-03-14 03:02:55.409 runner heartbeat queue_depth=1 workers_busy=0 level=DEBUG
2026-03-14 03:11:40.178 runner heartbeat queue_depth=0 workers_busy=2 level=DEBUG
2026-03-14 02:22:11.434 runner heartbeat queue_depth=7 workers_busy=1 level=DEBUG
2026-03-14 02:34:46.705 runner heartbeat queue_depth=6 workers_busy=2 level=DEBUG
2026-03-14 02:39:23.513 runner heartbeat queue_depth=5 workers_busy=0 level=DEBUG
2026-03-14 02:09:06.108 runner heartbeat queue_depth=8 workers_busy=2 level=DEBUG
2026-03-14 02:51:23.562 runner heartbeat queue_depth=5 workers_busy=1 level=DEBUG
2026-03-14 02:30:44.711 runner heartbeat queue_depth=7 workers_busy=3 level=DEBUG
2026-03-14 02:29:55.976 runner heartbeat queue_depth=2 workers_busy=0 level=DEBUG
2026-03-14 02:49:23.262 runner heartbeat queue_depth=4 workers_busy=0 level=DEBUG
2026-03-14 02:04:10.887 runner heartbeat queue_depth=6 workers_busy=1 level=DEBUG
2026-03-14 02:27:19.722 runner heartbeat queue_depth=0 workers_busy=0 level=DEBUG
2026-03-14 02:44:48.698 runner heartbeat queue_depth=8 workers_busy=3 level=DEBUG
2026-03-14 02:07:21.265 runner heartbeat queue_depth=5 workers_busy=2 level=DEBUG
2026-03-14 02:52:14.002 runner heartbeat queue_depth=3 workers_busy=2 level=DEBUG
2026-03-14 03:08:17.280 runner heartbeat queue_depth=7 workers_busy=3 level=DEBUG
2026-03-14 03:08:57.516 runner heartbeat queue_depth=7 workers_busy=0 level=DEBUG
2026-03-14 02:05:11.836 runner heartbeat queue_depth=1 workers_busy=2 level=DEBUG
2026-03-14 02:32:13.024 runner heartbeat queue_depth=3 workers_busy=1 level=DEBUG
2026-03-14 02:26:16.886 runner heartbeat queue_depth=1 workers_busy=3 level=DEBUG
2026-03-14 02:07:01.066 runner heartbeat queue_depth=6 workers_busy=3 level=DEBUG
2026-03-14 02:17:02.996 runner heartbeat queue_depth=6 workers_busy=1 level=DEBUG
2026-03-14 02:52:54.638 runner heartbeat queue_depth=0 workers_busy=0 level=DEBUG
2026-03-14 02:13:30.746 runner heartbeat queue_depth=5 workers_busy=1 level=DEBUG
2026-03-14 03:02:24.106 runner heartbeat queue_depth=3 workers_busy=2 level=DEBUG
2026-03-14 02:00:49.111 runner heartbeat queue_depth=2 workers_busy=0 level=DEBUG
2026-03-14 02:36:41.682 runner heartbeat queue_depth=7 workers_busy=3 level=DEBUG
2026-03-14 02:38:33.519 runner heartbeat queue_depth=1 workers_busy=1 level=DEBUG
2026-03-14 02:41:45.859 runner heartbeat queue_depth=6 workers_busy=2 level=DEBUG
2026-03-14 03:10:16.281 runner heartbeat queue_depth=2 workers_busy=1 level=DEBUG
2026-03-14 02:54:16.501 runner heartbeat queue_depth=6 workers_busy=1 level=DEBUG
2026-03-14 03:10:57.898 runner heartbeat queue_depth=7 workers_busy=2 level=DEBUG
2026-03-14 03:12:39.180 runner heartbeat queue_depth=2 workers_busy=2 level=DEBUG
2026-03-14 03:13:19.334 runner heartbeat queue_depth=0 workers_busy=1 level=DEBUG
2026-03-14 02:32:42.328 runner heartbeat queue_depth=2 workers_busy=2 level=DEBUG
2026-03-14 03:01:43.477 runner heartbeat queue_depth=6 workers_busy=0 level=DEBUG
2026-03-14 02:45:44.523 runner heartbeat queue_depth=2 workers_busy=1 level=DEBUG
2026-03-14 02:40:53.022 runner heartbeat queue_depth=4 workers_busy=2 level=DEBUG
2026-03-14 02:26:02.455 runner heartbeat queue_depth=7 workers_busy=0 level=DEBUG
2026-03-14 03:02:03.917 runner heartbeat queue_depth=1 workers_busy=1 level=DEBUG
2026-03-14 03:07:30.101 runner heartbeat queue_depth=5 workers_busy=3 level=DEBUG
2026-03-14 03:11:59.967 runner heartbeat queue_depth=0 workers_busy=1 level=DEBUG
2026-03-14 03:16:25.395 runner heartbeat queue_depth=5 workers_busy=2 level=DEBUG
2026-03-14 02:57:02.850 runner heartbeat queue_depth=5 workers_busy=2 level=DEBUG
2026-03-14 02:42:16.042 runner heartbeat queue_depth=0 workers_busy=3 level=DEBUG
2026-03-14 02:13:55.263 runner heartbeat queue_depth=2 workers_busy=3 level=DEBUG
2026-03-14 02:00:12.407 runner heartbeat queue_depth=0 workers_busy=2 level=DEBUG
2026-03-14 02:27:48.947 runner heartbeat queue_depth=0 workers_busy=1 level=DEBUG
2026-03-14 02:16:56.682 runner heartbeat queue_depth=3 workers_busy=0 level=DEBUG
2026-03-14 02:03:42.520 runner heartbeat queue_depth=2 workers_busy=3 level=DEBUG
2026-03-14 02:33:37.117 runner heartbeat queue_depth=3 workers_busy=1 level=DEBUG
2026-03-14 02:22:43.181 runner heartbeat queue_depth=8 workers_busy=1 level=DEBUG
2026-03-14 02:03:45.977 runner heartbeat queue_depth=0 workers_busy=1 level=DEBUG
2026-03-14 02:14:07.692 runner heartbeat queue_depth=5 workers_busy=2 level=DEBUG
2026-03-14 02:17:31.405 runner heartbeat queue_depth=8 workers_busy=1 level=DEBUG
2026-03-14 03:05:03.651 runner heartbeat queue_depth=6 workers_busy=0 level=DEBUG
2026-03-14 02:29:35.109 runner heartbeat queue_depth=1 workers_busy=2 level=DEBUG
2026-03-14 02:25:43.007 runner heartbeat queue_depth=6 workers_busy=3 level=DEBUG
2026-03-14 03:04:32.368 runner heartbeat queue_depth=6 workers_busy=0 level=DEBUG
2026-03-14 02:05:39.590 runner heartbeat queue_depth=5 workers_busy=2 level=DEBUG
2026-03-14 02:12:12.096 runner heartbeat queue_depth=4 workers_busy=0 level=DEBUG
2026-03-14 02:21:08.866 runner heartbeat queue_depth=3 workers_busy=0 level=DEBUG
2026-03-14 03:09:47.815 runner heartbeat queue_depth=8 workers_busy=3 level=DEBUG
2026-03-14 02:39:10.357 runner heartbeat queue_depth=0 workers_busy=1 level=DEBUG
2026-03-14 03:15:02.621 runner heartbeat queue_depth=6 workers_busy=0 level=DEBUG
2026-03-14 02:12:07.427 runner heartbeat queue_depth=0 workers_busy=3 level=DEBUG
2026-03-14 02:45:58.472 runner heartbeat queue_depth=3 workers_busy=3 level=DEBUG
2026-03-14 03:17:57.417 runner heartbeat queue_depth=6 workers_busy=0 level=DEBUG
2026-03-14 02:52:06.469 runner heartbeat queue_depth=4 workers_busy=0 level=DEBUG
2026-03-14 02:33:00.192 runner heartbeat queue_depth=1 workers_busy=1 level=DEBUG
2026-03-14 02:46:11.963 runner heartbeat queue_depth=7 workers_busy=0 level=DEBUG
2026-03-14 02:06:12.444 runner heartbeat queue_depth=5 workers_busy=1 level=DEBUG
2026-03-14 02:37:17.396 runner heartbeat queue_depth=1 workers_busy=0 level=DEBUG
2026-03-14 03:11:26.507 runner heartbeat queue_depth=8 workers_busy=3 level=DEBUG
2026-03-14 02:41:16.705 runner heartbeat queue_depth=5 workers_busy=1 level=DEBUG
2026-03-14 02:23:47.708 runner heartbeat queue_depth=8 workers_busy=0 level=DEBUG
2026-03-14 02:14:31.883 runner heartbeat queue_depth=6 workers_busy=0 level=DEBUG
2026-03-14 02:14:38.542 runner heartbeat queue_depth=8 workers_busy=1 level=DEBUG
2026-03-14 02:14:23.593 runner heartbeat queue_depth=6 workers_busy=2 level=DEBUG
2026-03-14 02:03:33.399 runner heartbeat queue_depth=7 workers_busy=2 level=DEBUG
2026-03-14 02:13:57.525 runner heartbeat queue_depth=2 workers_busy=1 level=DEBUG
2026-03-14 03:08:07.402 runner heartbeat queue_depth=0 workers_busy=1 level=DEBUG
2026-03-14 02:28:25.562 runner heartbeat queue_depth=3 workers_busy=2 level=DEBUG
2026-03-14 02:13:18.047 runner heartbeat queue_depth=5 workers_busy=1 level=DEBUG
2026-03-14 03:17:00.575 runner heartbeat queue_depth=0 workers_busy=3 level=DEBUG
2026-03-14 03:16:45.205 runner heartbeat queue_depth=1 workers_busy=2 level=DEBUG
2026-03-14 02:24:00.592 runner heartbeat queue_depth=2 workers_busy=2 level=DEBUG
2026-03-14 02:25:03.997 runner heartbeat queue_depth=4 workers_busy=3 level=DEBUG
2026-03-14 03:09:36.903 runner heartbeat queue_depth=8 workers_busy=0 level=DEBUG
2026-03-14 03:14:21.192 runner heartbeat queue_depth=7 workers_busy=2 level=DEBUG
2026-03-14 02:15:55.470 runner heartbeat queue_depth=0 workers_busy=3 level=DEBUG
2026-03-14 02:34:13.489 runner heartbeat queue_depth=2 workers_busy=3 level=DEBUG
2026-03-14 02:45:38.703 runner heartbeat queue_depth=8 workers_busy=3 level=DEBUG
2026-03-14 02:08:27.517 runner heartbeat queue_depth=5 workers_busy=1 level=DEBUG
2026-03-14 02:00:58.828 runner heartbeat queue_depth=2 workers_busy=1 level=DEBUG
2026-03-14 02:17:56.460 runner heartbeat queue_depth=6 workers_busy=2 level=DEBUG
2026-03-14 02:14:53.300 runner heartbeat queue_depth=7 workers_busy=2 level=DEBUG
2026-03-14 02:45:03.119 runner heartbeat queue_depth=3 workers_busy=3 level=DEBUG
2026-03-14 02:19:20.671 runner heartbeat queue_depth=7 workers_busy=0 level=DEBUG
2026-03-14 02:45:30.935 runner heartbeat queue_depth=6 workers_busy=3 level=DEBUG
2026-03-14 02:30:19.229 runner heartbeat queue_depth=3 workers_busy=2 level=DEBUG
2026-03-14 02:30:40.374 runner heartbeat queue_depth=1 workers_busy=2 level=DEBUG
2026-03-14 03:01:18.270 runner heartbeat queue_depth=2 workers_busy=2 level=DEBUG
2026-03-14 02:44:26.095 runner heartbeat queue_depth=4 workers_busy=0 level=DEBUG
2026-03-14 02:07:38.210 runner heartbeat queue_depth=8 workers_busy=2 level=DEBUG
2026-03-14 02:40:40.506 runner heartbeat queue_depth=2 workers_busy=1 level=DEBUG
