2026-03-14 02:00:01.051 edge /api/events status=200 upstream=B rt_ms=360 bytes=16671
2026-03-14 02:00:01.901 edge /api/orders status=200 upstream=B rt_ms=249 bytes=5977
2026-03-14 02:00:03.212 edge /api/orders status=200 upstream=B rt_ms=5 bytes=7728
2026-03-14 02:00:04.949 edge /api/events status=200 upstream=B rt_ms=11 bytes=19540
2026-03-14 02:00:09.089 edge /api/events status=200 upstream=B rt_ms=264 bytes=15591
2026-03-14 02:00:10.204 edge /static/style.css status=200 upstream=B rt_ms=266 bytes=4121
2026-03-14 02:00:10.245 edge /static/style.css status=200 upstream=B rt_ms=361 bytes=16049
2026-03-14 02:00:11.913 edge / status=200 upstream=B rt_ms=120 bytes=2807
2026-03-14 02:00:12.290 edge /static/style.css status=200 upstream=B rt_ms=251 bytes=8741
2026-03-14 02:00:12.435 edge /api/events status=200 upstream=B rt_ms=160 bytes=14168
2026-03-14 02:00:13.206 edge /static/style.css status=200 upstream=B rt_ms=137 bytes=14948
2026-03-14 02:00:13.704 edge / status=200 upstream=B rt_ms=176 bytes=22310
2026-03-14 02:00:14.904 edge /api/events status=200 upstream=B rt_ms=196 bytes=21522
2026-03-14 02:00:18.901 edge / status=200 upstream=B rt_ms=202 bytes=7796
2026-03-14 02:00:20.553 edge / status=200 upstream=B rt_ms=161 bytes=31507
2026-03-14 02:00:20.979 edge /api/orders status=200 upstream=B rt_ms=312 bytes=7910
2026-03-14 02:00:23.165 edge /static/style.css status=200 upstream=B rt_ms=388 bytes=23398
2026-03-14 02:00:24.705 edge /api/events status=200 upstream=B rt_ms=353 bytes=41583
2026-03-14 02:00:25.562 edge /api/events status=200 upstream=B rt_ms=303 bytes=5239
2026-03-14 02:00:27.522 edge /api/events status=200 upstream=B rt_ms=376 bytes=4186
2026-03-14 02:00:27.837 edge /healthz status=200 upstream=B rt_ms=186 bytes=11593
2026-03-14 02:00:29.536 edge / status=200 upstream=B rt_ms=393 bytes=16536
2026-03-14 02:00:30.975 edge /static/style.css status=200 upstream=B rt_ms=136 bytes=28972
2026-03-14 02:00:33.001 edge /api/events status=200 upstream=B rt_ms=208 bytes=11861
2026-03-14 02:00:36.256 edge /healthz status=200 upstream=B rt_ms=185 bytes=15815
2026-03-14 02:00:36.935 edge /api/orders status=200 upstream=B rt_ms=376 bytes=24544
2026-03-14 02:00:38.257 edge /api/events status=500 upstream=B rt_ms=246 bytes=26243
2026-03-14 02:00:38.825 edge / status=200 upstream=B rt_ms=225 bytes=28888
2026-03-14 02:00:38.853 edge /api/events status=200 upstream=B rt_ms=79 bytes=9063
2026-03-14 02:00:41.283 edge /static/style.css status=200 upstream=B rt_ms=299 bytes=13703
2026-03-14 02:00:42.103 edge /api/orders status=404 upstream=B rt_ms=139 bytes=32211
2026-03-14 02:00:44.569 edge /api/orders status=200 upstream=B rt_ms=54 bytes=4825
2026-03-14 02:00:47.813 edge / status=200 upstream=B rt_ms=171 bytes=16507
2026-03-14 02:00:47.930 edge /api/orders status=200 upstream=B rt_ms=361 bytes=25634
2026-03-14 02:00:48.448 edge /healthz status=200 upstream=B rt_ms=42 bytes=28137
2026-03-14 02:00:49.334 edge /healthz status=200 upstream=B rt_ms=79 bytes=30219
2026-03-14 02:00:49.698 edge /healthz status=200 upstream=B rt_ms=249 bytes=12046
2026-03-14 02:00:50.376 edge /healthz status=200 upstream=B rt_ms=159 bytes=1582
2026-03-14 02:00:51.052 edge / status=200 upstream=B rt_ms=59 bytes=29662
2026-03-14 02:00:51.220 edge /healthz status=200 upstream=B rt_ms=86 bytes=26782
2026-03-14 02:00:52.534 edge /static/style.css status=500 upstream=B rt_ms=262 bytes=20816
2026-03-14 02:00:53.655 edge /api/events status=200 upstream=B rt_ms=186 bytes=30158
2026-03-14 02:00:54.261 edge /static/style.css status=200 upstream=B rt_ms=52 bytes=19409
2026-03-14 02:00:54.674 edge / status=200 upstream=B rt_ms=24 bytes=23961
2026-03-14 02:00:55.127 edge /api/events status=200 upstream=B rt_ms=21 bytes=17595
2026-03-14 02:00:55.383 edge /static/style.css status=200 upstream=B rt_ms=338 bytes=25698
2026-03-14 02:00:55.393 edge /healthz status=200 upstream=B rt_ms=132 bytes=38018
2026-03-14 02:00:55.852 edge / status=200 upstream=B rt_ms=168 bytes=15806
2026-03-14 02:00:57.463 edge /healthz status=200 upstream=B rt_ms=224 bytes=31266
2026-03-14 02:00:57.848 edge /static/style.css status=200 upstream=B rt_ms=290 bytes=30927
2026-03-14 02:00:58.586 edge /healthz status=200 upstream=B rt_ms=38 bytes=13100
2026-03-14 02:01:01.371 edge /api/orders status=200 upstream=B rt_ms=92 bytes=2590
2026-03-14 02:01:02.974 edge /api/orders status=200 upstream=B rt_ms=4 bytes=15370
2026-03-14 02:01:03.430 edge /api/orders status=200 upstream=B rt_ms=54 bytes=13537
2026-03-14 02:01:03.815 edge /api/orders status=200 upstream=B rt_ms=282 bytes=38404
2026-03-14 02:01:05.155 edge /api/events status=200 upstream=B rt_ms=341 bytes=37548
2026-03-14 02:01:05.505 edge /static/style.css status=200 upstream=B rt_ms=158 bytes=36414
2026-03-14 02:01:05.675 edge /healthz status=200 upstream=B rt_ms=46 bytes=21684
2026-03-14 02:01:06.975 edge /api/orders status=404 upstream=B rt_ms=50 bytes=14537
2026-03-14 02:01:07.068 edge / status=200 upstream=B rt_ms=328 bytes=34872
2026-03-14 02:01:09.940 edge /api/events status=200 upstream=B rt_ms=188 bytes=24192
2026-03-14 02:01:10.331 edge /api/events status=404 upstream=B rt_ms=192 bytes=33525
2026-03-14 02:01:10.813 edge /healthz status=200 upstream=B rt_ms=142 bytes=3886
2026-03-14 02:01:13.158 edge / status=200 upstream=B rt_ms=253 bytes=9257
2026-03-14 02:01:13.206 edge /api/orders status=200 upstream=B rt_ms=202 bytes=1720
2026-03-14 02:01:20.317 edge /healthz status=200 upstream=B rt_ms=126 bytes=21125
2026-03-14 02:01:20.481 edge /healthz status=200 upstream=B rt_ms=124 bytes=20489
2026-03-14 02:01:21.181 edge / status=500 upstream=B rt_ms=117 bytes=20221
2026-03-14 02:01:21.494 edge /static/style.css status=200 upstream=B rt_ms=135 bytes=29336
2026-03-14 02:01:24.217 edge /api/events status=200 upstream=B rt_ms=373 bytes=18689
2026-03-14 02:01:24.284 edge /healthz status=200 upstream=B rt_ms=10 bytes=9275
2026-03-14 02:01:24.353 edge / status=200 upstream=B rt_ms=110 bytes=4216
2026-03-14 02:01:26.713 edge /api/events status=200 upstream=B rt_ms=375 bytes=14125
2026-03-14 02:01:26.797 edge / status=200 upstream=B rt_ms=75 bytes=1437
2026-03-14 02:01:27.101 edge /api/events status=200 upstream=B rt_ms=251 bytes=41641
2026-03-14 02:01:27.869 edge / status=200 upstream=B rt_ms=38 bytes=513
2026-03-14 02:01:28.914 edge /healthz status=200 upstream=B rt_ms=385 bytes=28701
2026-03-14 02:01:29.206 edge / status=200 upstream=B rt_ms=146 bytes=22278
2026-03-14 02:01:30.021 edge / status=404 upstream=B rt_ms=215 bytes=39735
2026-03-14 02:01:33.017 edge /api/orders status=200 upstream=B rt_ms=192 bytes=4589
2026-03-14 02:01:33.848 edge /static/style.css status=200 upstream=B rt_ms=314 bytes=28872
2026-03-14 02:01:33.922 edge / status=200 upstream=B rt_ms=385 bytes=21732
2026-03-14 02:01:34.100 edge /api/orders status=200 upstream=B rt_ms=203 bytes=17515
2026-03-14 02:01:36.362 edge /api/events status=200 upstream=B rt_ms=232 bytes=33915
2026-03-14 02:01:38.376 edge /healthz status=200 upstream=B rt_ms=238 bytes=20087
2026-03-14 02:01:42.043 edge / status=200 upstream=B rt_ms=358 bytes=2221
2026-03-14 02:01:42.824 edge / status=404 upstream=B rt_ms=332 bytes=21298
2026-03-14 02:01:43.668 edge /api/events status=200 upstream=B rt_ms=77 bytes=39249
2026-03-14 02:01:43.764 edge /api/orders status=200 upstream=B rt_ms=173 bytes=11476
2026-03-14 02:01:45.060 edge /api/events status=200 upstream=B rt_ms=161 bytes=24082
2026-03-14 02:01:46.904 edge /api/orders status=200 upstream=B rt_ms=79 bytes=19947
2026-03-14 02:01:50.990 edge /api/events status=200 upstream=B rt_ms=242 bytes=10570
2026-03-14 02:01:52.169 edge /api/events status=200 upstream=B rt_ms=86 bytes=28876
2026-03-14 02:01:52.518 edge / status=200 upstream=B rt_ms=141 bytes=1681
2026-03-14 02:01:53.339 edge /api/orders status=200 upstream=B rt_ms=106 bytes=30868
2026-03-14 02:01:58.320 edge /static/style.css status=200 upstream=B rt_ms=273 bytes=5546
2026-03-14 02:01:59.484 edge /api/orders status=200 upstream=B rt_ms=204 bytes=29226
2026-03-14 02:02:00.476 edge /api/events status=200 upstream=B rt_ms=234 bytes=32747
2026-03-14 02:02:00.904 edge /static/style.css status=200 upstream=B rt_ms=12 bytes=4067
2026-03-14 02:02:01.887 edge / status=200 upstream=B rt_ms=88 bytes=3800
2026-03-14 02:02:01.997 edge /static/style.css status=200 upstream=B rt_ms=158 bytes=32127
2026-03-14 02:02:02.161 edge /api/orders status=200 upstream=B rt_ms=157 bytes=24596
2026-03-14 02:02:02.544 edge /healthz status=200 upstream=B rt_ms=313 bytes=3005
2026-03-14 02:02:03.201 edge /healthz status=200 upstream=B rt_ms=312 bytes=35517
2026-03-14 02:02:03.594 edge /static/style.css status=200 upstream=B rt_ms=31 bytes=16136
2026-03-14 02:02:04.634 edge /api/events status=200 upstream=B rt_ms=26 bytes=34427
2026-03-14 02:02:04.937 edge /static/style.css status=500 upstream=B rt_ms=217 bytes=2036
2026-03-14 02:02:06.501 edge /static/style.css status=200 upstream=B rt_ms=134 bytes=13948
2026-03-14 02:02:06.742 edge / status=200 upstream=B rt_ms=170 bytes=1600
2026-03-14 02:02:07.273 edge /static/style.css status=200 upstream=B rt_ms=60 bytes=24594
2026-03-14 02:02:08.032 edge /static/style.css status=200 upstream=B rt_ms=22 bytes=10101
2026-03-14 02:02:09.641 edge /healthz status=200 upstream=B rt_ms=144 bytes=15305
2026-03-14 02:02:09.835 edge /api/orders status=500 upstream=B rt_ms=154 bytes=27525
2026-03-14 02:02:10.189 edge /api/events status=200 upstream=B rt_ms=337 bytes=15024
2026-03-14 02:02:10.851 edge /api/orders status=200 upstream=B rt_ms=37 bytes=14635
2026-03-14 02:02:17.213 edge / status=200 upstream=B rt_ms=157 bytes=30326
2026-03-14 02:02:17.483 edge /healthz status=200 upstream=B rt_ms=177 bytes=16333
2026-03-14 02:02:18.078 edge /api/orders status=404 upstream=B rt_ms=123 bytes=29800
2026-03-14 02:02:20.736 edge /static/style.css status=200 upstream=B rt_ms=95 bytes=4844
2026-03-14 02:02:20.738 edge /api/events status=200 upstream=B rt_ms=24 bytes=1795
2026-03-14 02:02:21.034 edge /api/events status=200 upstream=B rt_ms=232 bytes=27441
2026-03-14 02:02:21.782 edge /api/orders status=200 upstream=B rt_ms=366 bytes=31695
2026-03-14 02:02:21.984 edge /static/style.css status=200 upstream=B rt_ms=358 bytes=28410
2026-03-14 02:02:22.183 edge /api/events status=200 upstream=B rt_ms=293 bytes=9430
2026-03-14 02:02:23.001 edge /healthz status=404 upstream=B rt_ms=127 bytes=26985
2026-03-14 02:02:23.807 edge /static/style.css status=200 upstream=B rt_ms=265 bytes=2431
2026-03-14 02:02:23.881 edge / status=200 upstream=B rt_ms=377 bytes=687
2026-03-14 02:02:31.216 edge /healthz status=200 upstream=B rt_ms=242 bytes=26633
2026-03-14 02:02:31.296 edge /api/events status=200 upstream=B rt_ms=368 bytes=40178
2026-03-14 02:02:32.276 edge /api/orders status=200 upstream=B rt_ms=360 bytes=29234
2026-03-14 02:02:33.944 edge / status=200 upstream=B rt_ms=184 bytes=34099
2026-03-14 02:02:36.018 edge / status=200 upstream=B rt_ms=271 bytes=20377
2026-03-14 02:02:37.261 edge /api/events status=200 upstream=B rt_ms=187 bytes=17756
2026-03-14 02:02:37.661 edge /api/orders status=200 upstream=B rt_ms=181 bytes=39926
2026-03-14 02:02:38.257 edge /api/orders status=200 upstream=B rt_ms=348 bytes=4536
2026-03-14 02:02:39.062 edge /api/orders status=200 upstream=B rt_ms=370 bytes=40841
2026-03-14 02:02:40.610 edge /api/events status=200 upstream=B rt_ms=361 bytes=825
2026-03-14 02:02:40.712 edge / status=200 upstream=B rt_ms=337 bytes=1534
2026-03-14 02:02:42.108 edge /api/events status=200 upstream=B rt_ms=296 bytes=2710
2026-03-14 02:02:42.113 edge /static/style.css status=200 upstream=B rt_ms=396 bytes=40424
2026-03-14 02:02:42.290 edge / status=200 upstream=B rt_ms=353 bytes=6035
2026-03-14 02:02:43.164 edge / status=404 upstream=B rt_ms=117 bytes=26773
2026-03-14 02:02:44.068 edge /api/orders status=200 upstream=B rt_ms=240 bytes=12747
2026-03-14 02:02:47.309 edge /api/events status=200 upstream=B rt_ms=309 bytes=33141
2026-03-14 02:02:49.104 edge /api/events status=200 upstream=B rt_ms=192 bytes=32432
2026-03-14 02:02:50.090 edge /api/orders status=200 upstream=B rt_ms=270 bytes=32448
2026-03-14 02:02:50.436 edge /api/orders status=200 upstream=B rt_ms=280 bytes=38644
2026-03-14 02:02:51.193 edge /api/orders status=200 upstream=B rt_ms=364 bytes=41064
2026-03-14 02:02:53.875 edge /api/orders status=200 upstream=B rt_ms=389 bytes=253
2026-03-14 02:02:55.681 edge /static/style.css status=200 upstream=B rt_ms=347 bytes=1370
2026-03-14 02:02:59.350 edge /api/orders status=200 upstream=B rt_ms=375 bytes=33405
2026-03-14 02:03:01.900 edge / status=200 upstream=B rt_ms=12 bytes=6999
2026-03-14 02:03:02.556 edge / status=200 upstream=B rt_ms=307 bytes=1231
2026-03-14 02:03:07.471 edge /api/orders status=200 upstream=B rt_ms=218 bytes=27540
2026-03-14 02:03:07.593 edge /api/events status=200 upstream=B rt_ms=301 bytes=4295
2026-03-14 02:03:08.058 edge /static/style.css status=200 upstream=B rt_ms=54 bytes=31142
2026-03-14 02:03:09.066 edge /api/orders status=500 upstream=B rt_ms=253 bytes=18902
2026-03-14 02:03:10.290 edge /static/style.css status=200 upstream=B rt_ms=185 bytes=24125
2026-03-14 02:03:13.083 edge /healthz status=200 upstream=B rt_ms=151 bytes=23097
2026-03-14 02:03:14.768 edge /healthz status=200 upstream=B rt_ms=272 bytes=22738
2026-03-14 02:03:14.888 edge /healthz status=500 upstream=B rt_ms=90 bytes=17110
2026-03-14 02:03:16.521 edge /api/events status=200 upstream=B rt_ms=197 bytes=31648
2026-03-14 02:03:18.849 edge /static/style.css status=200 upstream=B rt_ms=52 bytes=17464
2026-03-14 02:03:19.346 edge /api/orders status=200 upstream=B rt_ms=305 bytes=36181
2026-03-14 02:03:19.528 edge /api/orders status=200 upstream=B rt_ms=165 bytes=19560
2026-03-14 02:03:21.418 edge /healthz status=200 upstream=B rt_ms=240 bytes=8921
2026-03-14 02:03:21.968 edge /api/orders status=200 upstream=B rt_ms=316 bytes=38489
2026-03-14 02:03:23.089 edge /api/orders status=200 upstream=B rt_ms=8 bytes=23078
2026-03-14 02:03:24.271 edge /api/events status=200 upstream=B rt_ms=40 bytes=12674
2026-03-14 02:03:26.299 edge /api/orders status=200 upstream=B rt_ms=217 bytes=4270
2026-03-14 02:03:26.479 edge /api/orders status=200 upstream=B rt_ms=330 bytes=24793
2026-03-14 02:03:26.599 edge /api/orders status=200 upstream=B rt_ms=116 bytes=11685
2026-03-14 02:03:27.809 edge /healthz status=200 upstream=B rt_ms=156 bytes=3123
2026-03-14 02:03:28.591 edge /static/style.css status=200 upstream=B rt_ms=109 bytes=4833
2026-03-14 02:03:28.748 edge /api/events status=200 upstream=B rt_ms=266 bytes=21106
2026-03-14 02:03:29.538 edge /api/events status=200 upstream=B rt_ms=232 bytes=24202
2026-03-14 02:03:31.245 edge /healthz status=200 upstream=B rt_ms=367 bytes=739
2026-03-14 02:03:33.898 edge /api/orders status=200 upstream=B rt_ms=169 bytes=21432
2026-03-14 02:03:33.940 edge /api/orders status=500 upstream=B rt_ms=109 bytes=31634
2026-03-14 02:03:34.345 edge / status=200 upstream=B rt_ms=101 bytes=26538
2026-03-14 02:03:34.470 edge /static/style.css status=500 upstream=B rt_ms=266 bytes=38672
2026-03-14 02:03:35.274 edge / status=200 upstream=B rt_ms=378 bytes=32231
2026-03-14 02:03:38.895 edge /static/style.css status=200 upstream=B rt_ms=271 bytes=3235
2026-03-14 02:03:39.294 edge /healthz status=200 upstream=B rt_ms=237 bytes=39845
2026-03-14 02:03:42.171 edge /healthz status=200 upstream=B rt_ms=208 bytes=2731
2026-03-14 02:03:42.207 edge /static/style.css status=200 upstream=B rt_ms=295 bytes=24402
2026-03-14 02:03:43.133 edge /api/orders status=200 upstream=B rt_ms=296 bytes=31202
2026-03-14 02:03:44.865 edge /static/style.css status=200 upstream=B rt_ms=40 bytes=3590
2026-03-14 02:03:44.969 edge /healthz status=200 upstream=B rt_ms=218 bytes=4386
2026-03-14 02:03:46.146 edge /api/orders status=200 upstream=B rt_ms=47 bytes=19729
2026-03-14 02:03:47.322 edge /api/events status=200 upstream=B rt_ms=114 bytes=40342
2026-03-14 02:03:48.184 edge /static/style.css status=200 upstream=B rt_ms=220 bytes=1533
2026-03-14 02:03:49.570 edge /api/events status=200 upstream=B rt_ms=235 bytes=40269
2026-03-14 02:03:49.598 edge /healthz status=200 upstream=B rt_ms=273 bytes=25763
2026-03-14 02:03:49.722 edge /api/events status=200 upstream=B rt_ms=293 bytes=738
2026-03-14 02:03:51.410 edge /static/style.css status=200 upstream=B rt_ms=243 bytes=23476
2026-03-14 02:03:54.342 edge /api/events status=500 upstream=B rt_ms=181 bytes=27139
2026-03-14 02:03:54.510 edge / status=200 upstream=B rt_ms=243 bytes=39128
2026-03-14 02:03:55.442 edge /static/style.css status=200 upstream=B rt_ms=104 bytes=17470
2026-03-14 02:03:58.363 edge /healthz status=200 upstream=B rt_ms=106 bytes=41757
2026-03-14 02:04:00.252 edge /healthz status=200 upstream=B rt_ms=195 bytes=25093
2026-03-14 02:04:01.259 edge /static/style.css status=200 upstream=B rt_ms=261 bytes=8603
2026-03-14 02:04:02.223 edge / status=200 upstream=B rt_ms=307 bytes=17050
2026-03-14 02:04:02.266 edge /api/events status=200 upstream=B rt_ms=166 bytes=11505
2026-03-14 02:04:02.487 edge /api/events status=200 upstream=B rt_ms=59 bytes=24504
2026-03-14 02:04:02.517 edge /api/orders status=200 upstream=B rt_ms=390 bytes=6880
2026-03-14 02:04:05.806 edge /api/events status=500 upstream=B rt_ms=227 bytes=35962
2026-03-14 02:04:06.850 edge /static/style.css status=500 upstream=B rt_ms=360 bytes=2865
2026-03-14 02:04:07.245 edge /api/events status=200 upstream=B rt_ms=204 bytes=31862
2026-03-14 02:04:07.713 edge / status=200 upstream=B rt_ms=209 bytes=9239
2026-03-14 02:04:09.522 edge /static/style.css status=200 upstream=B rt_ms=133 bytes=8538
2026-03-14 02:04:09.648 edge /api/events status=404 upstream=B rt_ms=291 bytes=3492
2026-03-14 02:04:09.706 edge /api/events status=200 upstream=B rt_ms=356 bytes=34935
2026-03-14 02:04:11.551 edge /api/events status=200 upstream=B rt_ms=151 bytes=30271
2026-03-14 02:04:12.926 edge / status=200 upstream=B rt_ms=116 bytes=28881
2026-03-14 02:04:13.108 edge /healthz status=200 upstream=B rt_ms=368 bytes=38482
2026-03-14 02:04:14.326 edge /static/style.css status=200 upstream=B rt_ms=17 bytes=12566
2026-03-14 02:04:14.738 edge / status=200 upstream=B rt_ms=317 bytes=24266
2026-03-14 02:04:16.014 edge /api/events status=200 upstream=B rt_ms=309 bytes=19932
2026-03-14 02:04:16.317 edge /healthz status=200 upstream=B rt_ms=154 bytes=23342
2026-03-14 02:04:16.781 edge /api/events status=200 upstream=B rt_ms=337 bytes=7186
2026-03-14 02:04:19.061 edge /healthz status=200 upstream=B rt_ms=388 bytes=11810
2026-03-14 02:04:19.207 edge /api/orders status=200 upstream=B rt_ms=350 bytes=20091
2026-03-14 02:04:19.612 edge /static/style.css status=500 upstream=B rt_ms=181 bytes=1891
2026-03-14 02:04:21.209 edge / status=200 upstream=B rt_ms=330 bytes=27398
2026-03-14 02:04:22.187 edge /static/style.css status=200 upstream=B rt_ms=102 bytes=17385
2026-03-14 02:04:22.199 edge /static/style.css status=200 upstream=B rt_ms=47 bytes=12718
2026-03-14 02:04:22.479 edge /static/style.css status=200 upstream=B rt_ms=262 bytes=17451
2026-03-14 02:04:25.090 edge /healthz status=200 upstream=B rt_ms=398 bytes=10630
2026-03-14 02:04:26.376 edge /static/style.css status=200 upstream=B rt_ms=92 bytes=37801
2026-03-14 02:04:36.117 edge /api/events status=200 upstream=B rt_ms=215 bytes=26372
2026-03-14 02:04:36.847 edge /healthz status=200 upstream=B rt_ms=147 bytes=5457
2026-03-14 02:04:38.365 edge /api/orders status=200 upstream=B rt_ms=13 bytes=12963
2026-03-14 02:04:38.428 edge /static/style.css status=200 upstream=B rt_ms=276 bytes=26286
2026-03-14 02:04:38.538 edge /healthz status=200 upstream=B rt_ms=253 bytes=21510
2026-03-14 02:04:40.285 edge /api/orders status=404 upstream=B rt_ms=379 bytes=11991
2026-03-14 02:04:40.336 edge /static/style.css status=200 upstream=B rt_ms=223 bytes=7044
2026-03-14 02:04:40.774 edge /static/style.css status=200 upstream=B rt_ms=81 bytes=30187
2026-03-14 02:04:41.443 edge /api/orders status=200 upstream=B rt_ms=225 bytes=38430
2026-03-14 02:04:45.849 edge / status=200 upstream=B rt_ms=253 bytes=9179
2026-03-14 02:04:46.140 edge /api/orders status=200 upstream=B rt_ms=48 bytes=18746
2026-03-14 02:04:46.736 edge /api/orders status=200 upstream=B rt_ms=352 bytes=39414
2026-03-14 02:04:49.097 edge /static/style.css status=200 upstream=B rt_ms=157 bytes=7179
2026-03-14 02:04:51.353 edge /api/events status=200 upstream=B rt_ms=321 bytes=16235
2026-03-14 02:04:54.275 edge /api/orders status=200 upstream=B rt_ms=77 bytes=15211
2026-03-14 02:04:56.876 edge /static/style.css status=200 upstream=B rt_ms=202 bytes=1399
2026-03-14 02:04:57.210 edge / status=200 upstream=B rt_ms=73 bytes=29514
2026-03-14 02:04:57.763 edge /healthz status=200 upstream=B rt_ms=326 bytes=17554
2026-03-14 02:04:58.334 edge /healthz status=500 upstream=B rt_ms=97 bytes=7547
2026-03-14 02:05:02.081 edge /static/style.css status=404 upstream=B rt_ms=349 bytes=33368
2026-03-14 02:05:03.868 edge /static/style.css status=200 upstream=B rt_ms=354 bytes=21790
2026-03-14 02:05:05.111 edge /api/orders status=200 upstream=B rt_ms=369 bytes=32009
2026-03-14 02:05:06.737 edge /api/orders status=200 upstream=B rt_ms=156 bytes=3917
2026-03-14 02:05:09.604 edge /api/events status=200 upstream=B rt_ms=351 bytes=39474
2026-03-14 02:05:12.197 edge /healthz status=200 upstream=B rt_ms=265 bytes=7842
2026-03-14 02:05:12.648 edge / status=200 upstream=B rt_ms=333 bytes=17909
2026-03-14 02:05:13.803 edge /static/style.css status=200 upstream=B rt_ms=203 bytes=22973
2026-03-14 02:05:15.934 edge /api/events status=200 upstream=B rt_ms=113 bytes=16769
2026-03-14 02:05:17.092 edge /static/style.css status=200 upstream=B rt_ms=387 bytes=1258
2026-03-14 02:05:19.010 edge / status=200 upstream=B rt_ms=104 bytes=7483
2026-03-14 02:05:20.123 edge /healthz status=200 upstream=B rt_ms=227 bytes=32232
2026-03-14 02:05:20.803 edge /api/events status=200 upstream=B rt_ms=371 bytes=5003
2026-03-14 02:05:20.854 edge /healthz status=200 upstream=B rt_ms=342 bytes=3272
2026-03-14 02:05:21.523 edge / status=500 upstream=B rt_ms=192 bytes=13893
2026-03-14 02:05:22.025 edge / status=200 upstream=B rt_ms=61 bytes=31334
2026-03-14 02:05:24.086 edge /static/style.css status=200 upstream=B rt_ms=372 bytes=30857
2026-03-14 02:05:24.537 edge /static/style.css status=200 upstream=B rt_ms=307 bytes=28914
2026-03-14 02:05:25.427 edge / status=200 upstream=B rt_ms=356 bytes=14350
2026-03-14 02:05:25.607 edge / status=200 upstream=B rt_ms=253 bytes=41445
2026-03-14 02:05:26.098 edge /api/events status=200 upstream=B rt_ms=228 bytes=21337
2026-03-14 02:05:26.589 edge / status=200 upstream=B rt_ms=173 bytes=8088
2026-03-14 02:05:26.671 edge /api/orders status=200 upstream=B rt_ms=224 bytes=15177
2026-03-14 02:05:26.729 edge /api/orders status=200 upstream=B rt_ms=94 bytes=28575
2026-03-14 02:05:27.085 edge / status=200 upstream=B rt_ms=10 bytes=41977
2026-03-14 02:05:27.248 edge / status=200 upstream=B rt_ms=109 bytes=7414
2026-03-14 02:05:29.445 edge /healthz status=200 upstream=B rt_ms=69 bytes=18170
2026-03-14 02:05:30.431 edge /healthz status=200 upstream=B rt_ms=118 bytes=11676
2026-03-14 02:05:30.720 edge / status=200 upstream=B rt_ms=223 bytes=17261
2026-03-14 02:05:31.221 edge /static/style.css status=200 upstream=B rt_ms=359 bytes=24476
2026-03-14 02:05:32.061 edge /api/events status=200 upstream=B rt_ms=11 bytes=28445
2026-03-14 02:05:32.088 edge /healthz status=200 upstream=B rt_ms=346 bytes=6270
2026-03-14 02:05:33.655 edge /healthz status=200 upstream=B rt_ms=123 bytes=21903
2026-03-14 02:05:35.522 edge /api/events status=200 upstream=B rt_ms=93 bytes=40369
2026-03-14 02:05:41.033 edge / status=200 upstream=B rt_ms=332 bytes=30817
2026-03-14 02:05:41.193 edge /static/style.css status=200 upstream=B rt_ms=113 bytes=679
2026-03-14 02:05:42.220 edge /healthz status=200 upstream=B rt_ms=231 bytes=16710
2026-03-14 02:05:43.780 edge /static/style.css status=200 upstream=B rt_ms=35 bytes=8341
2026-03-14 02:05:45.364 edge / status=200 upstream=B rt_ms=179 bytes=14035
2026-03-14 02:05:47.440 edge /healthz status=200 upstream=B rt_ms=88 bytes=32157
2026-03-14 02:05:48.529 edge /api/events status=200 upstream=B rt_ms=71 bytes=24869
2026-03-14 02:05:53.285 edge / status=200 upstream=B rt_ms=332 bytes=39684
2026-03-14 02:05:54.266 edge /healthz status=200 upstream=B rt_ms=273 bytes=30648
2026-03-14 02:05:55.189 edge /healthz status=200 upstream=B rt_ms=256 bytes=32405
2026-03-14 02:05:56.049 edge /static/style.css status=200 upstream=B rt_ms=166 bytes=39815
2026-03-14 02:05:57.832 edge /api/events status=200 upstream=B rt_ms=274 bytes=4172
2026-03-14 02:05:58.269 edge /static/style.css status=200 upstream=B rt_ms=331 bytes=18456
2026-03-14 02:05:58.295 edge /api/orders status=200 upstream=B rt_ms=330 bytes=31894
2026-03-14 02:05:58.542 edge / status=200 upstream=B rt_ms=303 bytes=5500
2026-03-14 02:06:01.967 edge / status=500 upstream=B rt_ms=156 bytes=34243
2026-03-14 02:06:02.812 edge /api/events status=200 upstream=B rt_ms=35 bytes=11094
2026-03-14 02:06:05.223 edge / status=200 upstream=B rt_ms=231 bytes=2062
2026-03-14 02:06:06.728 edge /static/style.css status=200 upstream=B rt_ms=108 bytes=11402
2026-03-14 02:06:10.576 edge /api/orders status=200 upstream=B rt_ms=120 bytes=39483
2026-03-14 02:06:12.150 edge /api/events status=200 upstream=B rt_ms=233 bytes=21256
2026-03-14 02:06:12.652 edge /healthz status=200 upstream=B rt_ms=254 bytes=33183
2026-03-14 02:06:14.038 edge /healthz status=200 upstream=B rt_ms=390 bytes=28220
2026-03-14 02:06:14.249 edge /api/events status=200 upstream=B rt_ms=316 bytes=41170
2026-03-14 02:06:14.280 edge / status=200 upstream=B rt_ms=183 bytes=31756
2026-03-14 02:06:15.215 edge /healthz status=200 upstream=B rt_ms=8 bytes=34535
2026-03-14 02:06:16.988 edge /api/orders status=200 upstream=B rt_ms=198 bytes=10272
2026-03-14 02:06:19.070 edge / status=404 upstream=B rt_ms=197 bytes=18362
2026-03-14 02:06:19.412 edge /static/style.css status=200 upstream=B rt_ms=110 bytes=15347
2026-03-14 02:06:21.263 edge /healthz status=200 upstream=B rt_ms=315 bytes=31599
2026-03-14 02:06:21.936 edge /static/style.css status=200 upstream=B rt_ms=198 bytes=11913
2026-03-14 02:06:22.368 edge /api/events status=200 upstream=B rt_ms=151 bytes=3658
2026-03-14 02:06:22.389 edge /static/style.css status=200 upstream=B rt_ms=377 bytes=20018
2026-03-14 02:06:23.933 edge / status=200 upstream=B rt_ms=314 bytes=34372
2026-03-14 02:06:24.480 edge /api/events status=200 upstream=B rt_ms=253 bytes=21726
2026-03-14 02:06:27.230 edge / status=200 upstream=B rt_ms=194 bytes=26633
2026-03-14 02:06:28.779 edge /api/events status=200 upstream=B rt_ms=147 bytes=33661
2026-03-14 02:06:28.830 edge /static/style.css status=200 upstream=B rt_ms=327 bytes=20419
2026-03-14 02:06:29.308 edge / status=200 upstream=B rt_ms=48 bytes=35048
2026-03-14 02:06:32.417 edge /api/events status=200 upstream=B rt_ms=391 bytes=32921
2026-03-14 02:06:35.574 edge /api/orders status=200 upstream=B rt_ms=104 bytes=7398
2026-03-14 02:06:36.423 edge /healthz status=500 upstream=B rt_ms=255 bytes=12017
2026-03-14 02:06:39.604 edge /api/events status=200 upstream=B rt_ms=337 bytes=19224
2026-03-14 02:06:43.136 edge /healthz status=200 upstream=B rt_ms=69 bytes=38586
2026-03-14 02:06:43.216 edge /healthz status=404 upstream=B rt_ms=246 bytes=40736
2026-03-14 02:06:46.091 edge / status=200 upstream=B rt_ms=250 bytes=6829
2026-03-14 02:06:46.272 edge /api/events status=200 upstream=B rt_ms=376 bytes=13358
2026-03-14 02:06:46.578 edge /api/orders status=200 upstream=B rt_ms=162 bytes=22634
2026-03-14 02:06:47.886 edge / status=200 upstream=B rt_ms=60 bytes=11156
2026-03-14 02:06:49.100 edge /static/style.css status=200 upstream=B rt_ms=188 bytes=5380
2026-03-14 02:06:51.304 edge /static/style.css status=200 upstream=B rt_ms=6 bytes=6958
2026-03-14 02:06:52.870 edge /healthz status=200 upstream=B rt_ms=38 bytes=40695
2026-03-14 02:06:53.484 edge /healthz status=200 upstream=B rt_ms=275 bytes=11419
2026-03-14 02:06:55.579 edge /api/orders status=200 upstream=B rt_ms=279 bytes=10906
2026-03-14 02:06:55.854 edge /healthz status=200 upstream=B rt_ms=379 bytes=41475
2026-03-14 02:06:57.004 edge /api/events status=200 upstream=B rt_ms=278 bytes=2019
2026-03-14 02:06:59.020 edge /api/events status=200 upstream=B rt_ms=31 bytes=14968
2026-03-14 02:07:00.027 edge /api/orders status=200 upstream=B rt_ms=53 bytes=8509
2026-03-14 02:07:00.382 edge /healthz status=200 upstream=B rt_ms=284 bytes=31459
2026-03-14 02:07:00.980 edge /api/orders status=200 upstream=B rt_ms=381 bytes=27728
2026-03-14 02:07:01.991 edge /api/orders status=200 upstream=B rt_ms=291 bytes=27544
2026-03-14 02:07:04.230 edge /api/events status=200 upstream=B rt_ms=43 bytes=25291
2026-03-14 02:07:04.400 edge /static/style.css status=200 upstream=B rt_ms=56 bytes=31284
2026-03-14 02:07:05.710 edge /healthz status=200 upstream=B rt_ms=307 bytes=13651
2026-03-14 02:07:06.931 edge /healthz status=200 upstream=B rt_ms=17 bytes=22694
2026-03-14 02:07:07.439 edge /api/events status=200 upstream=B rt_ms=389 bytes=5903
2026-03-14 02:07:09.792 edge /healthz status=200 upstream=B rt_ms=78 bytes=35268
2026-03-14 02:07:13.309 edge / status=200 upstream=B rt_ms=106 bytes=39249
2026-03-14 02:07:13.447 edge /healthz status=200 upstream=B rt_ms=361 bytes=8925
2026-03-14 02:07:13.743 edge /static/style.css status=200 upstream=B rt_ms=143 bytes=19447
2026-03-14 02:07:14.751 edge /static/style.css status=404 upstream=B rt_ms=117 bytes=31102
2026-03-14 02:07:15.100 edge /api/orders status=200 upstream=B rt_ms=162 bytes=35307
2026-03-14 02:07:15.481 edge /static/style.css status=200 upstream=B rt_ms=81 bytes=23453
2026-03-14 02:07:15.897 edge /healthz status=200 upstream=B rt_ms=19 bytes=19105
2026-03-14 02:07:15.937 edge /api/orders status=200 upstream=B rt_ms=316 bytes=12897
2026-03-14 02:07:16.480 edge / status=500 upstream=B rt_ms=18 bytes=8524
2026-03-14 02:07:16.690 edge /static/style.css status=200 upstream=B rt_ms=51 bytes=23792
2026-03-14 02:07:17.770 edge /static/style.css status=200 upstream=B rt_ms=299 bytes=6189
2026-03-14 02:07:18.407 edge /healthz status=200 upstream=B rt_ms=98 bytes=3508
2026-03-14 02:07:19.851 edge /api/events status=200 upstream=B rt_ms=101 bytes=25098
2026-03-14 02:07:20.968 edge /healthz status=500 upstream=B rt_ms=82 bytes=39344
2026-03-14 02:07:21.344 edge /api/events status=200 upstream=B rt_ms=18 bytes=19278
2026-03-14 02:07:22.096 edge / status=200 upstream=B rt_ms=60 bytes=31200
2026-03-14 02:07:22.320 edge /static/style.css status=200 upstream=B rt_ms=98 bytes=18631
2026-03-14 02:07:22.725 edge /api/orders status=200 upstream=B rt_ms=245 bytes=9516
2026-03-14 02:07:22.901 edge /api/events status=200 upstream=B rt_ms=154 bytes=23392
2026-03-14 02:07:23.182 edge /api/orders status=200 upstream=B rt_ms=90 bytes=22146
2026-03-14 02:07:23.662 edge /api/orders status=200 upstream=B rt_ms=269 bytes=14607
2026-03-14 02:07:24.360 edge / status=200 upstream=B rt_ms=99 bytes=8546
2026-03-14 02:07:24.447 edge /healthz status=200 upstream=B rt_ms=267 bytes=22071
2026-03-14 02:07:24.776 edge /static/style.css status=200 upstream=B rt_ms=134 bytes=31574
2026-03-14 02:07:25.091 edge /api/orders status=200 upstream=B rt_ms=322 bytes=39818
2026-03-14 02:07:25.991 edge / status=200 upstream=B rt_ms=154 bytes=7082
2026-03-14 02:07:29.024 edge /api/orders status=200 upstream=B rt_ms=30 bytes=34565
2026-03-14 02:07:29.345 edge / status=200 upstream=B rt_ms=284 bytes=26753
2026-03-14 02:07:30.240 edge /static/style.css status=200 upstream=B rt_ms=229 bytes=8581
2026-03-14 02:07:33.406 edge /api/events status=200 upstream=B rt_ms=224 bytes=25221
2026-03-14 02:07:33.452 edge /healthz status=200 upstream=B rt_ms=243 bytes=35809
2026-03-14 02:07:34.218 edge /api/orders status=200 upstream=B rt_ms=354 bytes=30192
2026-03-14 02:07:34.750 edge /api/events status=200 upstream=B rt_ms=169 bytes=29439
2026-03-14 02:07:34.762 edge /healthz status=200 upstream=B rt_ms=12 bytes=27257
2026-03-14 02:07:35.820 edge /api/events status=200 upstream=B rt_ms=349 bytes=5272
2026-03-14 02:07:37.474 edge /api/orders status=200 upstream=B rt_ms=280 bytes=22924
2026-03-14 02:07:38.277 edge /healthz status=200 upstream=B rt_ms=158 bytes=41388
2026-03-14 02:07:38.769 edge / status=200 upstream=B rt_ms=385 bytes=8528
2026-03-14 02:07:39.171 edge /api/events status=200 upstream=B rt_ms=191 bytes=4195
2026-03-14 02:07:39.315 edge /healthz status=200 upstream=B rt_ms=301 bytes=2693
2026-03-14 02:07:41.701 edge / status=200 upstream=B rt_ms=154 bytes=3599
2026-03-14 02:07:42.818 edge /api/orders status=200 upstream=B rt_ms=144 bytes=27993
2026-03-14 02:07:44.295 edge /api/orders status=200 upstream=B rt_ms=196 bytes=5800
2026-03-14 02:07:47.293 edge /api/orders status=200 upstream=B rt_ms=180 bytes=23001
2026-03-14 02:07:50.545 edge /api/events status=200 upstream=B rt_ms=286 bytes=1151
2026-03-14 02:07:51.657 edge /api/orders status=200 upstream=B rt_ms=257 bytes=22346
2026-03-14 02:07:52.540 edge /static/style.css status=200 upstream=B rt_ms=129 bytes=22287
2026-03-14 02:07:53.056 edge /static/style.css status=200 upstream=B rt_ms=342 bytes=30367
2026-03-14 02:07:53.404 edge /api/events status=200 upstream=B rt_ms=251 bytes=33091
2026-03-14 02:07:53.731 edge /api/events status=200 upstream=B rt_ms=301 bytes=22334
2026-03-14 02:07:55.678 edge /static/style.css status=200 upstream=B rt_ms=117 bytes=11474
2026-03-14 02:07:57.059 edge /healthz status=200 upstream=B rt_ms=340 bytes=21287
2026-03-14 02:07:57.858 edge /healthz status=200 upstream=B rt_ms=114 bytes=5041
2026-03-14 02:07:59.410 edge /api/orders status=200 upstream=B rt_ms=293 bytes=24003
2026-03-14 02:08:01.422 edge /static/style.css status=200 upstream=B rt_ms=81 bytes=39251
2026-03-14 02:08:01.506 edge /api/events status=200 upstream=B rt_ms=21 bytes=41409
2026-03-14 02:08:01.900 edge /api/events status=200 upstream=B rt_ms=287 bytes=2264
2026-03-14 02:08:02.168 edge /healthz status=200 upstream=B rt_ms=177 bytes=9934
2026-03-14 02:08:03.890 edge /api/events status=200 upstream=B rt_ms=141 bytes=23975
2026-03-14 02:08:04.381 edge /api/orders status=200 upstream=B rt_ms=279 bytes=14106
2026-03-14 02:08:05.196 edge /static/style.css status=200 upstream=B rt_ms=128 bytes=41521
2026-03-14 02:08:05.711 edge /api/orders status=200 upstream=B rt_ms=349 bytes=7499
2026-03-14 02:08:06.233 edge /healthz status=200 upstream=B rt_ms=378 bytes=34519
2026-03-14 02:08:08.262 edge /api/orders status=200 upstream=B rt_ms=32 bytes=29415
2026-03-14 02:08:08.983 edge / status=200 upstream=B rt_ms=272 bytes=12369
2026-03-14 02:08:13.564 edge /api/events status=200 upstream=B rt_ms=126 bytes=3823
2026-03-14 02:08:13.919 edge / status=200 upstream=B rt_ms=390 bytes=4686
2026-03-14 02:08:14.824 edge /healthz status=200 upstream=B rt_ms=221 bytes=36024
2026-03-14 02:08:16.677 edge /healthz status=200 upstream=B rt_ms=340 bytes=19037
2026-03-14 02:08:19.618 edge / status=500 upstream=B rt_ms=391 bytes=16152
2026-03-14 02:08:20.569 edge /healthz status=200 upstream=B rt_ms=76 bytes=14829
2026-03-14 02:08:22.549 edge / status=200 upstream=B rt_ms=349 bytes=31191
2026-03-14 02:08:23.215 edge /api/orders status=500 upstream=B rt_ms=212 bytes=37337
2026-03-14 02:08:23.382 edge /api/orders status=200 upstream=B rt_ms=245 bytes=32219
2026-03-14 02:08:23.839 edge / status=500 upstream=B rt_ms=356 bytes=35712
2026-03-14 02:08:26.010 edge /api/orders status=200 upstream=B rt_ms=158 bytes=10863
2026-03-14 02:08:26.038 edge /api/orders status=200 upstream=B rt_ms=177 bytes=6316
2026-03-14 02:08:26.627 edge /api/orders status=200 upstream=B rt_ms=384 bytes=24825
2026-03-14 02:08:27.350 edge /api/orders status=200 upstream=B rt_ms=364 bytes=25488
2026-03-14 02:08:28.771 edge / status=200 upstream=B rt_ms=32 bytes=39692
2026-03-14 02:08:29.138 edge /static/style.css status=200 upstream=B rt_ms=343 bytes=26618
2026-03-14 02:08:29.997 edge /api/orders status=200 upstream=B rt_ms=386 bytes=10652
2026-03-14 02:08:30.383 edge /api/orders status=200 upstream=B rt_ms=396 bytes=2307
2026-03-14 02:08:30.404 edge / status=200 upstream=B rt_ms=357 bytes=18657
2026-03-14 02:08:30.961 edge /api/orders status=200 upstream=B rt_ms=290 bytes=15416
2026-03-14 02:08:31.916 edge /api/events status=200 upstream=B rt_ms=80 bytes=2009
2026-03-14 02:08:34.216 edge /api/events status=200 upstream=B rt_ms=186 bytes=1845
2026-03-14 02:08:36.337 edge / status=200 upstream=B rt_ms=280 bytes=16746
2026-03-14 02:08:38.916 edge /static/style.css status=200 upstream=B rt_ms=106 bytes=36216
2026-03-14 02:08:39.515 edge /api/events status=200 upstream=B rt_ms=246 bytes=32500
2026-03-14 02:08:40.919 edge /api/events status=200 upstream=B rt_ms=130 bytes=32493
2026-03-14 02:08:41.269 edge /healthz status=200 upstream=B rt_ms=17 bytes=36668
2026-03-14 02:08:42.109 edge / status=200 upstream=B rt_ms=318 bytes=11822
2026-03-14 02:08:43.167 edge /static/style.css status=200 upstream=B rt_ms=38 bytes=20207
2026-03-14 02:08:44.454 edge / status=200 upstream=B rt_ms=65 bytes=41098
2026-03-14 02:08:49.800 edge /healthz status=200 upstream=B rt_ms=193 bytes=40766
2026-03-14 02:08:50.324 edge /static/style.css status=200 upstream=B rt_ms=232 bytes=17371
2026-03-14 02:08:51.058 edge /static/style.css status=200 upstream=B rt_ms=34 bytes=37249
2026-03-14 02:08:51.665 edge / status=200 upstream=B rt_ms=30 bytes=41587
2026-03-14 02:08:51.690 edge /api/orders status=200 upstream=B rt_ms=93 bytes=23325
2026-03-14 02:08:53.621 edge /static/style.css status=200 upstream=B rt_ms=4 bytes=27532
2026-03-14 02:08:56.508 edge / status=200 upstream=B rt_ms=11 bytes=28263
2026-03-14 02:08:58.749 edge /healthz status=200 upstream=B rt_ms=205 bytes=39250
2026-03-14 02:08:59.288 edge / status=200 upstream=B rt_ms=350 bytes=19548
2026-03-14 02:09:01.333 edge /api/events status=200 upstream=B rt_ms=272 bytes=8252
2026-03-14 02:09:02.904 edge / status=200 upstream=B rt_ms=337 bytes=37637
2026-03-14 02:09:03.219 edge /healthz status=200 upstream=B rt_ms=95 bytes=10102
2026-03-14 02:09:04.642 edge /api/orders status=200 upstream=B rt_ms=206 bytes=33286
2026-03-14 02:09:07.070 edge /api/events status=500 upstream=B rt_ms=189 bytes=10334
2026-03-14 02:09:07.187 edge /api/orders status=200 upstream=B rt_ms=17 bytes=3975
2026-03-14 02:09:09.311 edge /healthz status=200 upstream=B rt_ms=169 bytes=25215
2026-03-14 02:09:09.626 edge /api/orders status=200 upstream=B rt_ms=242 bytes=35051
2026-03-14 02:09:10.616 edge /api/orders status=404 upstream=B rt_ms=18 bytes=9866
2026-03-14 02:09:11.010 edge /api/events status=200 upstream=B rt_ms=88 bytes=985
2026-03-14 02:09:11.225 edge /healthz status=200 upstream=B rt_ms=197 bytes=36677
2026-03-14 02:09:11.861 edge /static/style.css status=200 upstream=B rt_ms=263 bytes=17748
2026-03-14 02:09:12.524 edge /api/orders status=200 upstream=B rt_ms=354 bytes=20926
2026-03-14 02:09:13.639 edge /static/style.css status=200 upstream=B rt_ms=346 bytes=39331
2026-03-14 02:09:14.714 edge / status=404 upstream=B rt_ms=348 bytes=21779
2026-03-14 02:09:15.003 edge / status=200 upstream=B rt_ms=105 bytes=874
2026-03-14 02:09:15.022 edge / status=200 upstream=B rt_ms=348 bytes=29789
2026-03-14 02:09:15.403 edge /static/style.css status=200 upstream=B rt_ms=111 bytes=16020
2026-03-14 02:09:16.766 edge /static/style.css status=200 upstream=B rt_ms=240 bytes=21358
2026-03-14 02:09:18.488 edge /static/style.css status=200 upstream=B rt_ms=329 bytes=19591
2026-03-14 02:09:22.439 edge /api/events status=200 upstream=B rt_ms=140 bytes=14536
2026-03-14 02:09:23.764 edge / status=200 upstream=B rt_ms=372 bytes=36012
2026-03-14 02:09:29.897 edge / status=200 upstream=B rt_ms=66 bytes=23324
2026-03-14 02:09:30.511 edge / status=200 upstream=B rt_ms=212 bytes=28268
2026-03-14 02:09:30.867 edge / status=200 upstream=B rt_ms=279 bytes=375
2026-03-14 02:09:31.298 edge /healthz status=200 upstream=B rt_ms=105 bytes=13461
2026-03-14 02:09:32.514 edge /api/events status=200 upstream=B rt_ms=44 bytes=5819
2026-03-14 02:09:33.174 edge /healthz status=200 upstream=B rt_ms=146 bytes=2661
2026-03-14 02:09:33.441 edge /api/orders status=200 upstream=B rt_ms=338 bytes=41510
2026-03-14 02:09:33.731 edge /static/style.css status=200 upstream=B rt_ms=280 bytes=31633
2026-03-14 02:09:39.071 edge /api/orders status=200 upstream=B rt_ms=110 bytes=38131
2026-03-14 02:09:40.459 edge /api/events status=200 upstream=B rt_ms=43 bytes=33188
2026-03-14 02:09:40.738 edge / status=200 upstream=B rt_ms=7 bytes=24187
2026-03-14 02:09:41.828 edge /api/events status=200 upstream=B rt_ms=86 bytes=3532
2026-03-14 02:09:43.183 edge /api/events status=200 upstream=B rt_ms=17 bytes=33508
2026-03-14 02:09:48.589 edge / status=404 upstream=B rt_ms=73 bytes=33653
2026-03-14 02:09:50.854 edge /api/events status=200 upstream=B rt_ms=73 bytes=7213
2026-03-14 02:09:50.891 edge / status=200 upstream=B rt_ms=313 bytes=14848
2026-03-14 02:09:54.149 edge /api/orders status=200 upstream=B rt_ms=266 bytes=34145
2026-03-14 02:09:54.696 edge / status=200 upstream=B rt_ms=113 bytes=29681
2026-03-14 02:09:55.130 edge /static/style.css status=200 upstream=B rt_ms=146 bytes=10987
2026-03-14 02:09:55.965 edge /healthz status=200 upstream=B rt_ms=318 bytes=16330
2026-03-14 02:09:56.038 edge /api/orders status=200 upstream=B rt_ms=53 bytes=36326
2026-03-14 02:09:56.988 edge /api/orders status=200 upstream=B rt_ms=367 bytes=12574
2026-03-14 02:09:57.095 edge /static/style.css status=200 upstream=B rt_ms=9 bytes=11893
2026-03-14 02:10:00.009 edge /api/events status=200 upstream=B rt_ms=144 bytes=23383
2026-03-14 02:10:00.387 edge /api/orders status=200 upstream=B rt_ms=168 bytes=24824
2026-03-14 02:10:00.539 edge / status=500 upstream=B rt_ms=220 bytes=16965
2026-03-14 02:10:00.987 edge /healthz status=200 upstream=B rt_ms=322 bytes=38298
2026-03-14 02:10:01.205 edge /static/style.css status=200 upstream=B rt_ms=119 bytes=20933
2026-03-14 02:10:01.351 edge / status=200 upstream=B rt_ms=248 bytes=4154
2026-03-14 02:10:04.857 edge / status=200 upstream=B rt_ms=199 bytes=39624
2026-03-14 02:10:05.898 edge /healthz status=200 upstream=B rt_ms=181 bytes=10512
2026-03-14 02:10:06.370 edge /healthz status=200 upstream=B rt_ms=151 bytes=33453
2026-03-14 02:10:08.091 edge /api/orders status=200 upstream=B rt_ms=390 bytes=26129
2026-03-14 02:10:08.513 edge /api/orders status=200 upstream=B rt_ms=268 bytes=26683
2026-03-14 02:10:09.825 edge /healthz status=404 upstream=B rt_ms=311 bytes=21777
2026-03-14 02:10:12.840 edge /static/style.css status=200 upstream=B rt_ms=194 bytes=10986
2026-03-14 02:10:15.283 edge /api/events status=200 upstream=B rt_ms=42 bytes=28829
2026-03-14 02:10:18.002 edge / status=200 upstream=B rt_ms=371 bytes=25598
2026-03-14 02:10:19.467 edge / status=200 upstream=B rt_ms=131 bytes=28665
2026-03-14 02:10:21.495 edge /healthz status=200 upstream=B rt_ms=324 bytes=38871
2026-03-14 02:10:22.252 edge /healthz status=200 upstream=B rt_ms=229 bytes=19466
2026-03-14 02:10:23.561 edge /static/style.css status=404 upstream=B rt_ms=104 bytes=32684
2026-03-14 02:10:25.783 edge /api/events status=500 upstream=B rt_ms=32 bytes=12239
2026-03-14 02:10:25.787 edge /api/events status=200 upstream=B rt_ms=335 bytes=24966
2026-03-14 02:10:25.936 edge /healthz status=500 upstream=B rt_ms=316 bytes=19797
2026-03-14 02:10:26.089 edge /api/orders status=200 upstream=B rt_ms=161 bytes=37078
2026-03-14 02:10:27.230 edge /api/events status=200 upstream=B rt_ms=253 bytes=29095
2026-03-14 02:10:27.851 edge /api/orders status=200 upstream=B rt_ms=204 bytes=31656
2026-03-14 02:10:30.858 edge /static/style.css status=200 upstream=B rt_ms=364 bytes=8002
2026-03-14 02:10:30.910 edge /healthz status=200 upstream=B rt_ms=280 bytes=23853
2026-03-14 02:10:30.951 edge /api/orders status=200 upstream=B rt_ms=380 bytes=9752
2026-03-14 02:10:31.548 edge /api/orders status=200 upstream=B rt_ms=127 bytes=33489
2026-03-14 02:10:31.568 edge / status=200 upstream=B rt_ms=148 bytes=28622
2026-03-14 02:10:32.896 edge /api/orders status=200 upstream=B rt_ms=49 bytes=23117
2026-03-14 02:10:34.495 edge / status=200 upstream=B rt_ms=355 bytes=31928
2026-03-14 02:10:34.792 edge /healthz status=200 upstream=B rt_ms=382 bytes=28534
2026-03-14 02:10:36.182 edge /static/style.css status=200 upstream=B rt_ms=322 bytes=26430
2026-03-14 02:10:36.491 edge /api/orders status=200 upstream=B rt_ms=390 bytes=21354
2026-03-14 02:10:38.822 edge /api/events status=200 upstream=B rt_ms=248 bytes=24214
2026-03-14 02:10:39.291 edge / status=200 upstream=B rt_ms=276 bytes=29984
2026-03-14 02:10:39.507 edge /healthz status=200 upstream=B rt_ms=263 bytes=36566
2026-03-14 02:10:40.552 edge /healthz status=200 upstream=B rt_ms=244 bytes=22949
2026-03-14 02:10:40.679 edge /healthz status=200 upstream=B rt_ms=276 bytes=14170
2026-03-14 02:10:40.682 edge / status=200 upstream=B rt_ms=296 bytes=21920
2026-03-14 02:10:41.309 edge /api/events status=200 upstream=B rt_ms=208 bytes=41132
2026-03-14 02:10:41.488 edge /api/events status=200 upstream=B rt_ms=45 bytes=40001
2026-03-14 02:10:43.125 edge /api/events status=200 upstream=B rt_ms=224 bytes=27669
2026-03-14 02:10:43.731 edge / status=200 upstream=B rt_ms=141 bytes=35263
2026-03-14 02:10:43.793 edge /static/style.css status=200 upstream=B rt_ms=98 bytes=14647
2026-03-14 02:10:44.063 edge /api/events status=200 upstream=B rt_ms=223 bytes=24377
2026-03-14 02:10:44.443 edge /static/style.css status=200 upstream=B rt_ms=71 bytes=17807
2026-03-14 02:10:44.616 edge /healthz status=200 upstream=B rt_ms=383 bytes=35348
2026-03-14 02:10:44.721 edge / status=200 upstream=B rt_ms=298 bytes=21655
2026-03-14 02:10:46.111 edge /static/style.css status=200 upstream=B rt_ms=168 bytes=13587
2026-03-14 02:10:46.399 edge / status=200 upstream=B rt_ms=326 bytes=18876
2026-03-14 02:10:49.295 edge /api/events status=200 upstream=B rt_ms=211 bytes=29264
2026-03-14 02:10:50.671 edge /api/events status=404 upstream=B rt_ms=144 bytes=1609
2026-03-14 02:10:50.804 edge /healthz status=200 upstream=B rt_ms=67 bytes=8839
2026-03-14 02:10:57.665 edge / status=200 upstream=B rt_ms=146 bytes=25653
2026-03-14 02:11:00.312 edge /static/style.css status=200 upstream=B rt_ms=383 bytes=1283
2026-03-14 02:11:00.908 edge /api/orders status=200 upstream=B rt_ms=159 bytes=20905
2026-03-14 02:11:03.271 edge / status=200 upstream=B rt_ms=293 bytes=24862
2026-03-14 02:11:03.503 edge /api/events status=200 upstream=B rt_ms=306 bytes=6863
2026-03-14 02:11:04.508 edge / status=200 upstream=B rt_ms=255 bytes=23902
2026-03-14 02:11:05.302 edge / status=200 upstream=B rt_ms=134 bytes=937
2026-03-14 02:11:05.809 edge /api/events status=200 upstream=B rt_ms=163 bytes=19690
2026-03-14 02:11:06.055 edge /static/style.css status=200 upstream=B rt_ms=245 bytes=17051
2026-03-14 02:11:06.342 edge /static/style.css status=200 upstream=B rt_ms=179 bytes=29959
2026-03-14 02:11:09.486 edge /api/orders status=200 upstream=B rt_ms=13 bytes=34489
2026-03-14 02:11:09.848 edge / status=200 upstream=B rt_ms=377 bytes=16089
2026-03-14 02:11:11.432 edge /api/orders status=200 upstream=B rt_ms=127 bytes=32083
2026-03-14 02:11:11.946 edge /api/orders status=200 upstream=B rt_ms=150 bytes=11852
2026-03-14 02:11:12.116 edge /static/style.css status=200 upstream=B rt_ms=217 bytes=37369
2026-03-14 02:11:12.365 edge /healthz status=200 upstream=B rt_ms=312 bytes=7743
2026-03-14 02:11:12.731 edge /api/events status=200 upstream=B rt_ms=97 bytes=40955
2026-03-14 02:11:13.201 edge /static/style.css status=200 upstream=B rt_ms=41 bytes=19984
2026-03-14 02:11:16.251 edge /static/style.css status=200 upstream=B rt_ms=177 bytes=7995
2026-03-14 02:11:17.244 edge /healthz status=200 upstream=B rt_ms=343 bytes=11908
2026-03-14 02:11:17.651 edge /healthz status=200 upstream=B rt_ms=53 bytes=11857
2026-03-14 02:11:17.774 edge /api/orders status=200 upstream=B rt_ms=199 bytes=27006
2026-03-14 02:11:19.345 edge /static/style.css status=404 upstream=B rt_ms=305 bytes=35986
2026-03-14 02:11:21.245 edge / status=200 upstream=B rt_ms=248 bytes=40508
2026-03-14 02:11:24.524 edge / status=200 upstream=B rt_ms=291 bytes=14583
2026-03-14 02:11:26.292 edge /healthz status=200 upstream=B rt_ms=160 bytes=36123
2026-03-14 02:11:26.476 edge /api/orders status=200 upstream=B rt_ms=355 bytes=20554
2026-03-14 02:11:26.533 edge /api/orders status=200 upstream=B rt_ms=220 bytes=9636
2026-03-14 02:11:26.701 edge /api/orders status=200 upstream=B rt_ms=309 bytes=25626
2026-03-14 02:11:27.342 edge /static/style.css status=200 upstream=B rt_ms=70 bytes=2113
2026-03-14 02:11:29.869 edge /api/events status=500 upstream=B rt_ms=241 bytes=22589
2026-03-14 02:11:30.087 edge /healthz status=200 upstream=B rt_ms=288 bytes=4107
2026-03-14 02:11:30.843 edge /api/orders status=200 upstream=B rt_ms=27 bytes=21648
2026-03-14 02:11:30.856 edge /healthz status=200 upstream=B rt_ms=250 bytes=24177
2026-03-14 02:11:31.083 edge /api/orders status=200 upstream=B rt_ms=385 bytes=22667
2026-03-14 02:11:33.022 edge /api/events status=200 upstream=B rt_ms=81 bytes=2478
2026-03-14 02:11:33.621 edge / status=200 upstream=B rt_ms=387 bytes=14039
2026-03-14 02:11:34.474 edge /api/events status=200 upstream=B rt_ms=221 bytes=38411
2026-03-14 02:11:35.216 edge / status=200 upstream=B rt_ms=127 bytes=18926
2026-03-14 02:11:38.068 edge /api/orders status=200 upstream=B rt_ms=170 bytes=10375
2026-03-14 02:11:40.110 edge / status=200 upstream=B rt_ms=64 bytes=23154
2026-03-14 02:11:40.176 edge /api/events status=200 upstream=B rt_ms=367 bytes=14707
2026-03-14 02:11:40.203 edge /api/events status=200 upstream=B rt_ms=215 bytes=34759
2026-03-14 02:11:41.485 edge /static/style.css status=404 upstream=B rt_ms=326 bytes=22600
2026-03-14 02:11:43.227 edge /healthz status=200 upstream=B rt_ms=30 bytes=7398
2026-03-14 02:11:44.575 edge /healthz status=404 upstream=B rt_ms=351 bytes=16159
2026-03-14 02:11:44.726 edge /api/events status=200 upstream=B rt_ms=33 bytes=8998
2026-03-14 02:11:46.397 edge /api/orders status=200 upstream=B rt_ms=191 bytes=4559
2026-03-14 02:11:46.659 edge /static/style.css status=200 upstream=B rt_ms=64 bytes=8539
2026-03-14 02:11:47.387 edge /api/events status=200 upstream=B rt_ms=297 bytes=12138
2026-03-14 02:11:49.676 edge /api/events status=200 upstream=B rt_ms=97 bytes=38258
2026-03-14 02:11:49.689 edge /api/orders status=200 upstream=B rt_ms=338 bytes=27653
2026-03-14 02:11:51.286 edge /api/events status=200 upstream=B rt_ms=158 bytes=19911
2026-03-14 02:11:51.521 edge /api/orders status=200 upstream=B rt_ms=294 bytes=2860
2026-03-14 02:11:51.671 edge / status=200 upstream=B rt_ms=188 bytes=37062
2026-03-14 02:11:51.860 edge /static/style.css status=200 upstream=B rt_ms=239 bytes=7613
2026-03-14 02:11:52.353 edge /api/orders status=200 upstream=B rt_ms=391 bytes=12159
2026-03-14 02:11:52.518 edge /static/style.css status=200 upstream=B rt_ms=263 bytes=3337
2026-03-14 02:11:52.799 edge / status=200 upstream=B rt_ms=399 bytes=33772
2026-03-14 02:11:53.451 edge / status=200 upstream=B rt_ms=322 bytes=22827
2026-03-14 02:11:55.781 edge /healthz status=200 upstream=B rt_ms=195 bytes=26781
2026-03-14 02:11:58.691 edge /healthz status=200 upstream=B rt_ms=41 bytes=30582
2026-03-14 02:11:58.769 edge / status=200 upstream=B rt_ms=383 bytes=13190
2026-03-14 02:12:00.020 edge /api/orders status=200 upstream=B rt_ms=393 bytes=25706
2026-03-14 02:12:00.965 edge /api/orders status=200 upstream=B rt_ms=222 bytes=27132
2026-03-14 02:12:02.457 edge /api/events status=200 upstream=B rt_ms=49 bytes=991
2026-03-14 02:12:02.554 edge /api/orders status=200 upstream=B rt_ms=279 bytes=25090
2026-03-14 02:12:03.289 edge /api/events status=200 upstream=B rt_ms=252 bytes=35293
2026-03-14 02:12:04.498 edge /healthz status=200 upstream=B rt_ms=6 bytes=414
2026-03-14 02:12:07.391 edge /healthz status=200 upstream=B rt_ms=18 bytes=32781
2026-03-14 02:12:07.937 edge / status=200 upstream=B rt_ms=392 bytes=6996
2026-03-14 02:12:08.888 edge /static/style.css status=200 upstream=B rt_ms=198 bytes=31125
2026-03-14 02:12:09.393 edge /api/orders status=200 upstream=B rt_ms=26 bytes=33985
2026-03-14 02:12:11.726 edge /healthz status=200 upstream=B rt_ms=173 bytes=22541
2026-03-14 02:12:13.287 edge /api/events status=200 upstream=B rt_ms=273 bytes=16649
2026-03-14 02:12:13.577 edge /api/orders status=404 upstream=B rt_ms=281 bytes=29808
2026-03-14 02:12:14.398 edge /api/events status=200 upstream=B rt_ms=208 bytes=14095
2026-03-14 02:12:15.709 edge / status=200 upstream=B rt_ms=90 bytes=35404
2026-03-14 02:12:16.003 edge / status=200 upstream=B rt_ms=179 bytes=24565
2026-03-14 02:12:17.340 edge /healthz status=200 upstream=B rt_ms=16 bytes=2760
2026-03-14 02:12:18.352 edge /api/orders status=200 upstream=B rt_ms=173 bytes=25436
2026-03-14 02:12:20.070 edge /static/style.css status=200 upstream=B rt_ms=378 bytes=7749
2026-03-14 02:12:23.088 edge /static/style.css status=200 upstream=B rt_ms=124 bytes=6159
2026-03-14 02:12:24.079 edge /healthz status=200 upstream=B rt_ms=242 bytes=26432
2026-03-14 02:12:25.214 edge /healthz status=200 upstream=B rt_ms=373 bytes=33105
2026-03-14 02:12:26.121 edge / status=200 upstream=B rt_ms=149 bytes=15235
2026-03-14 02:12:26.464 edge /static/style.css status=200 upstream=B rt_ms=132 bytes=5892
2026-03-14 02:12:27.779 edge /api/events status=200 upstream=B rt_ms=38 bytes=19886
2026-03-14 02:12:29.219 edge / status=200 upstream=B rt_ms=52 bytes=37880
2026-03-14 02:12:30.022 edge /healthz status=200 upstream=B rt_ms=259 bytes=4928
2026-03-14 02:12:31.175 edge / status=200 upstream=B rt_ms=284 bytes=29325
2026-03-14 02:12:31.842 edge /healthz status=500 upstream=B rt_ms=389 bytes=4048
2026-03-14 02:12:33.502 edge /static/style.css status=200 upstream=B rt_ms=212 bytes=17710
2026-03-14 02:12:34.108 edge / status=404 upstream=B rt_ms=216 bytes=4940
2026-03-14 02:12:34.131 edge /api/events status=200 upstream=B rt_ms=118 bytes=39944
2026-03-14 02:12:34.959 edge / status=200 upstream=B rt_ms=102 bytes=3469
2026-03-14 02:12:36.836 edge /healthz status=200 upstream=B rt_ms=113 bytes=18043
2026-03-14 02:12:37.709 edge /static/style.css status=200 upstream=B rt_ms=310 bytes=35803
2026-03-14 02:12:40.446 edge /healthz status=200 upstream=B rt_ms=273 bytes=11677
2026-03-14 02:12:41.162 edge /api/orders status=200 upstream=B rt_ms=300 bytes=23239
2026-03-14 02:12:41.883 edge / status=200 upstream=B rt_ms=193 bytes=19757
2026-03-14 02:12:43.758 edge /static/style.css status=200 upstream=B rt_ms=186 bytes=26939
2026-03-14 02:12:45.043 edge / status=200 upstream=B rt_ms=336 bytes=35035
2026-03-14 02:12:46.015 edge /api/orders status=200 upstream=B rt_ms=244 bytes=2418
2026-03-14 02:12:46.207 edge /static/style.css status=500 upstream=B rt_ms=15 bytes=2273
2026-03-14 02:12:47.571 edge / status=200 upstream=B rt_ms=186 bytes=8217
2026-03-14 02:12:48.098 edge /api/events status=200 upstream=B rt_ms=187 bytes=34012
2026-03-14 02:12:50.518 edge /static/style.css status=200 upstream=B rt_ms=41 bytes=23750
2026-03-14 02:12:52.115 edge /healthz status=200 upstream=B rt_ms=158 bytes=20519
2026-03-14 02:12:52.213 edge /api/events status=200 upstream=B rt_ms=255 bytes=39114
2026-03-14 02:12:53.865 edge /api/events status=200 upstream=B rt_ms=90 bytes=39355
2026-03-14 02:12:55.115 edge /static/style.css status=200 upstream=B rt_ms=253 bytes=8018
2026-03-14 02:12:55.351 edge / status=200 upstream=B rt_ms=306 bytes=3274
2026-03-14 02:12:55.550 edge /static/style.css status=200 upstream=B rt_ms=20 bytes=38239
2026-03-14 02:12:55.750 edge /api/orders status=200 upstream=B rt_ms=63 bytes=10383
2026-03-14 02:12:56.248 edge /api/events status=500 upstream=B rt_ms=20 bytes=719
2026-03-14 02:12:57.389 edge / status=200 upstream=B rt_ms=108 bytes=36333
2026-03-14 02:12:57.723 edge / status=200 upstream=B rt_ms=67 bytes=9058
2026-03-14 02:12:58.446 edge /healthz status=200 upstream=B rt_ms=111 bytes=24706
2026-03-14 02:12:58.600 edge /api/events status=200 upstream=B rt_ms=361 bytes=40089
2026-03-14 02:12:59.342 edge /api/events status=200 upstream=B rt_ms=379 bytes=13038
2026-03-14 02:12:59.711 edge / status=200 upstream=B rt_ms=269 bytes=1107
2026-03-14 02:13:02.726 edge /api/events status=200 upstream=B rt_ms=373 bytes=554
2026-03-14 02:13:03.107 edge /static/style.css status=200 upstream=B rt_ms=310 bytes=32038
2026-03-14 02:13:06.523 edge /static/style.css status=200 upstream=B rt_ms=367 bytes=2685
2026-03-14 02:13:06.575 edge /api/orders status=200 upstream=B rt_ms=67 bytes=38897
2026-03-14 02:13:08.723 edge /healthz status=200 upstream=B rt_ms=308 bytes=31698
2026-03-14 02:13:09.504 edge /api/orders status=404 upstream=B rt_ms=9 bytes=5363
2026-03-14 02:13:10.184 edge /static/style.css status=200 upstream=B rt_ms=237 bytes=14278
2026-03-14 02:13:10.472 edge /static/style.css status=200 upstream=B rt_ms=196 bytes=37072
2026-03-14 02:13:10.883 edge /healthz status=200 upstream=B rt_ms=20 bytes=14296
2026-03-14 02:13:11.060 edge /api/events status=200 upstream=B rt_ms=281 bytes=31921
2026-03-14 02:13:11.705 edge /api/events status=404 upstream=B rt_ms=271 bytes=6246
2026-03-14 02:13:11.992 edge / status=200 upstream=B rt_ms=145 bytes=15038
2026-03-14 02:13:14.355 edge / status=200 upstream=B rt_ms=381 bytes=17320
2026-03-14 02:13:14.926 edge /api/orders status=200 upstream=B rt_ms=278 bytes=36290
2026-03-14 02:13:15.834 edge /static/style.css status=200 upstream=B rt_ms=290 bytes=19921
2026-03-14 02:13:16.404 edge /api/events status=200 upstream=B rt_ms=397 bytes=2772
2026-03-14 02:13:16.460 edge /api/orders status=200 upstream=B rt_ms=122 bytes=31791
2026-03-14 02:13:16.628 edge /api/events status=200 upstream=B rt_ms=252 bytes=6097
2026-03-14 02:13:17.216 edge /api/orders status=200 upstream=B rt_ms=386 bytes=28794
2026-03-14 02:13:17.295 edge /healthz status=200 upstream=B rt_ms=318 bytes=39911
2026-03-14 02:13:17.450 edge /static/style.css status=200 upstream=B rt_ms=231 bytes=23411
2026-03-14 02:13:18.738 edge /api/orders status=200 upstream=B rt_ms=319 bytes=38324
2026-03-14 02:13:19.871 edge /api/events status=200 upstream=B rt_ms=189 bytes=2103
2026-03-14 02:13:19.885 edge /api/orders status=200 upstream=B rt_ms=321 bytes=28693
2026-03-14 02:13:21.084 edge /api/events status=200 upstream=B rt_ms=253 bytes=16759
2026-03-14 02:13:21.971 edge /api/orders status=200 upstream=B rt_ms=378 bytes=38935
2026-03-14 02:13:22.443 edge /api/events status=200 upstream=B rt_ms=90 bytes=23494
2026-03-14 02:13:22.811 edge /api/orders status=200 upstream=B rt_ms=325 bytes=29591
2026-03-14 02:13:23.380 edge /healthz status=200 upstream=B rt_ms=5 bytes=20667
2026-03-14 02:13:23.711 edge /api/orders status=200 upstream=B rt_ms=359 bytes=33966
2026-03-14 02:13:27.058 edge / status=200 upstream=B rt_ms=9 bytes=26324
2026-03-14 02:13:27.557 edge /api/orders status=200 upstream=B rt_ms=303 bytes=25651
2026-03-14 02:13:29.295 edge /api/events status=200 upstream=B rt_ms=262 bytes=792
2026-03-14 02:13:33.656 edge /static/style.css status=200 upstream=B rt_ms=220 bytes=13293
2026-03-14 02:13:33.798 edge /api/orders status=200 upstream=B rt_ms=353 bytes=24533
2026-03-14 02:13:34.480 edge /api/orders status=200 upstream=B rt_ms=213 bytes=22476
2026-03-14 02:13:34.823 edge / status=200 upstream=B rt_ms=149 bytes=32521
2026-03-14 02:13:35.279 edge /api/events status=200 upstream=B rt_ms=325 bytes=14737
2026-03-14 02:13:36.140 edge /api/orders status=200 upstream=B rt_ms=226 bytes=40960
2026-03-14 02:13:37.482 edge /api/orders status=404 upstream=B rt_ms=75 bytes=35630
2026-03-14 02:13:40.134 edge /api/events status=200 upstream=B rt_ms=214 bytes=41622
2026-03-14 02:13:40.304 edge /api/orders status=200 upstream=B rt_ms=42 bytes=14903
2026-03-14 02:13:40.484 edge /static/style.css status=200 upstream=B rt_ms=366 bytes=26823
2026-03-14 02:13:41.476 edge /healthz status=200 upstream=B rt_ms=193 bytes=14732
2026-03-14 02:13:41.610 edge /api/orders status=200 upstream=B rt_ms=273 bytes=39820
2026-03-14 02:13:43.002 edge /api/events status=200 upstream=B rt_ms=37 bytes=36855
2026-03-14 02:13:43.079 edge / status=200 upstream=B rt_ms=31 bytes=20456
2026-03-14 02:13:44.408 edge /api/events status=200 upstream=B rt_ms=20 bytes=3732
2026-03-14 02:13:44.462 edge /api/events status=200 upstream=B rt_ms=341 bytes=29490
2026-03-14 02:13:44.554 edge /static/style.css status=200 upstream=B rt_ms=19 bytes=22914
2026-03-14 02:13:45.795 edge /healthz status=200 upstream=B rt_ms=105 bytes=4310
2026-03-14 02:13:46.861 edge /healthz status=200 upstream=B rt_ms=294 bytes=2286
2026-03-14 02:13:47.178 edge /api/events status=200 upstream=B rt_ms=326 bytes=35500
2026-03-14 02:13:47.605 edge /static/style.css status=200 upstream=B rt_ms=205 bytes=40231
2026-03-14 02:13:48.347 edge /api/events status=200 upstream=B rt_ms=363 bytes=22853
2026-03-14 02:13:50.830 edge /static/style.css status=404 upstream=B rt_ms=229 bytes=1336
2026-03-14 02:13:53.373 edge /api/events status=200 upstream=B rt_ms=11 bytes=36772
2026-03-14 02:13:53.539 edge /api/orders status=200 upstream=B rt_ms=334 bytes=8814
2026-03-14 02:13:55.789 edge /static/style.css status=200 upstream=B rt_ms=332 bytes=31322
2026-03-14 02:13:56.829 edge /api/events status=200 upstream=B rt_ms=288 bytes=22861
2026-03-14 02:13:57.717 edge /static/style.css status=200 upstream=B rt_ms=12 bytes=21407
2026-03-14 02:13:59.123 edge /api/orders status=200 upstream=B rt_ms=125 bytes=10066
2026-03-14 02:13:59.807 edge /api/orders status=200 upstream=B rt_ms=255 bytes=5618
2026-03-14 02:14:01.423 edge /api/orders status=200 upstream=B rt_ms=360 bytes=24136
2026-03-14 02:14:01.868 edge /api/orders status=200 upstream=B rt_ms=164 bytes=36645
2026-03-14 02:14:02.346 edge /static/style.css status=200 upstream=B rt_ms=288 bytes=2648
2026-03-14 02:14:02.768 edge /static/style.css status=200 upstream=B rt_ms=81 bytes=405
2026-03-14 02:14:04.997 edge /static/style.css status=200 upstream=B rt_ms=126 bytes=31238
2026-03-14 02:14:06.680 edge /api/events status=500 upstream=B rt_ms=252 bytes=40475
2026-03-14 02:14:06.839 edge /api/events status=200 upstream=B rt_ms=164 bytes=21461
2026-03-14 02:14:07.284 edge /api/orders status=200 upstream=B rt_ms=342 bytes=21409
2026-03-14 02:14:08.341 edge /api/orders status=200 upstream=B rt_ms=352 bytes=29977
2026-03-14 02:14:08.513 edge /healthz status=200 upstream=B rt_ms=147 bytes=40322
2026-03-14 02:14:09.128 edge /api/events status=404 upstream=B rt_ms=98 bytes=16203
2026-03-14 02:14:10.744 edge /healthz status=200 upstream=B rt_ms=63 bytes=39409
2026-03-14 02:14:13.199 edge /api/orders status=200 upstream=B rt_ms=191 bytes=17348
2026-03-14 02:14:13.279 edge / status=200 upstream=B rt_ms=97 bytes=4417
2026-03-14 02:14:14.157 edge /healthz status=200 upstream=B rt_ms=339 bytes=34754
2026-03-14 02:14:15.719 edge / status=200 upstream=B rt_ms=355 bytes=6817
2026-03-14 02:14:16.012 edge /api/events status=200 upstream=B rt_ms=74 bytes=26152
2026-03-14 02:14:16.968 edge /api/events status=200 upstream=B rt_ms=77 bytes=29925
2026-03-14 02:14:17.388 edge /api/events status=200 upstream=B rt_ms=240 bytes=8940
2026-03-14 02:14:18.877 edge /static/style.css status=200 upstream=B rt_ms=88 bytes=16285
2026-03-14 02:14:19.402 edge /healthz status=200 upstream=B rt_ms=119 bytes=22227
2026-03-14 02:14:22.486 edge /static/style.css status=500 upstream=B rt_ms=279 bytes=26908
2026-03-14 02:14:27.400 edge /api/events status=200 upstream=B rt_ms=107 bytes=20751
2026-03-14 02:14:27.568 edge /api/events status=200 upstream=B rt_ms=150 bytes=4285
2026-03-14 02:14:28.597 edge / status=200 upstream=B rt_ms=144 bytes=22551
2026-03-14 02:14:30.788 edge /api/events status=200 upstream=B rt_ms=35 bytes=24059
2026-03-14 02:14:33.254 edge /static/style.css status=200 upstream=B rt_ms=90 bytes=26732
2026-03-14 02:14:33.577 edge /api/orders status=200 upstream=B rt_ms=364 bytes=30152
2026-03-14 02:14:36.283 edge /healthz status=200 upstream=B rt_ms=174 bytes=22816
2026-03-14 02:14:37.010 edge / status=200 upstream=B rt_ms=180 bytes=7140
2026-03-14 02:14:37.259 edge / status=200 upstream=B rt_ms=332 bytes=32849
2026-03-14 02:14:39.916 edge / status=404 upstream=B rt_ms=371 bytes=20571
2026-03-14 02:14:40.056 edge /healthz status=200 upstream=B rt_ms=344 bytes=4248
2026-03-14 02:14:40.652 edge /healthz status=200 upstream=B rt_ms=74 bytes=35711
2026-03-14 02:14:41.380 edge / status=200 upstream=B rt_ms=215 bytes=29076
2026-03-14 02:14:42.380 edge / status=200 upstream=B rt_ms=365 bytes=41674
2026-03-14 02:14:42.471 edge / status=200 upstream=B rt_ms=177 bytes=1696
2026-03-14 02:14:45.828 edge /static/style.css status=200 upstream=B rt_ms=348 bytes=24635
2026-03-14 02:14:47.000 edge /api/events status=200 upstream=B rt_ms=315 bytes=38129
2026-03-14 02:14:48.053 edge / status=200 upstream=B rt_ms=20 bytes=40001
2026-03-14 02:14:48.082 edge /api/orders status=200 upstream=B rt_ms=329 bytes=1297
2026-03-14 02:14:50.951 edge /healthz status=200 upstream=B rt_ms=261 bytes=33929
2026-03-14 02:14:51.439 edge /healthz status=200 upstream=B rt_ms=261 bytes=3498
2026-03-14 02:14:52.829 edge /api/orders status=200 upstream=B rt_ms=22 bytes=15184
2026-03-14 02:14:53.082 edge /static/style.css status=200 upstream=B rt_ms=392 bytes=3297
2026-03-14 02:14:56.274 edge /api/orders status=200 upstream=B rt_ms=286 bytes=34447
2026-03-14 02:14:56.939 edge / status=200 upstream=B rt_ms=280 bytes=12051
2026-03-14 02:14:58.707 edge /static/style.css status=200 upstream=B rt_ms=67 bytes=11300
2026-03-14 02:14:59.371 edge / status=500 upstream=B rt_ms=230 bytes=10332
2026-03-14 02:15:00.441 edge /api/orders status=200 upstream=B rt_ms=398 bytes=2200
2026-03-14 02:15:01.867 edge /healthz status=200 upstream=B rt_ms=378 bytes=16139
2026-03-14 02:15:02.561 edge /static/style.css status=200 upstream=B rt_ms=109 bytes=21396
2026-03-14 02:15:02.911 edge /api/orders status=200 upstream=B rt_ms=166 bytes=13428
2026-03-14 02:15:03.138 edge /api/events status=500 upstream=B rt_ms=312 bytes=30646
2026-03-14 02:15:03.408 edge / status=200 upstream=B rt_ms=104 bytes=24366
2026-03-14 02:15:04.542 edge / status=200 upstream=B rt_ms=109 bytes=12720
2026-03-14 02:15:06.962 edge /api/events status=200 upstream=B rt_ms=335 bytes=6233
2026-03-14 02:15:08.894 edge / status=200 upstream=B rt_ms=347 bytes=1374
2026-03-14 02:15:10.390 edge / status=200 upstream=B rt_ms=48 bytes=39082
2026-03-14 02:15:11.243 edge / status=500 upstream=B rt_ms=385 bytes=25060
2026-03-14 02:15:12.208 edge /healthz status=200 upstream=B rt_ms=56 bytes=26202
2026-03-14 02:15:12.521 edge / status=200 upstream=B rt_ms=274 bytes=34899
2026-03-14 02:15:12.528 edge /api/orders status=200 upstream=B rt_ms=95 bytes=30446
2026-03-14 02:15:12.733 edge /api/orders status=200 upstream=B rt_ms=81 bytes=9613
2026-03-14 02:15:13.094 edge /healthz status=500 upstream=B rt_ms=228 bytes=37741
2026-03-14 02:15:16.677 edge /static/style.css status=200 upstream=B rt_ms=29 bytes=26051
2026-03-14 02:15:17.344 edge /static/style.css status=200 upstream=B rt_ms=304 bytes=40455
2026-03-14 02:15:17.824 edge /static/style.css status=404 upstream=B rt_ms=95 bytes=26092
2026-03-14 02:15:18.628 edge /api/orders status=200 upstream=B rt_ms=370 bytes=1060
2026-03-14 02:15:19.326 edge /api/events status=200 upstream=B rt_ms=372 bytes=24848
2026-03-14 02:15:19.701 edge / status=200 upstream=B rt_ms=129 bytes=40885
2026-03-14 02:15:19.987 edge /healthz status=200 upstream=B rt_ms=373 bytes=13391
2026-03-14 02:15:22.155 edge / status=404 upstream=B rt_ms=142 bytes=20406
2026-03-14 02:15:23.691 edge /api/orders status=200 upstream=B rt_ms=142 bytes=22053
2026-03-14 02:15:23.770 edge / status=200 upstream=B rt_ms=121 bytes=21219
2026-03-14 02:15:26.154 edge /api/orders status=200 upstream=B rt_ms=372 bytes=19402
2026-03-14 02:15:27.624 edge /static/style.css status=404 upstream=B rt_ms=119 bytes=3468
2026-03-14 02:15:29.397 edge /api/orders status=200 upstream=B rt_ms=233 bytes=19508
2026-03-14 02:15:31.056 edge /static/style.css status=200 upstream=B rt_ms=168 bytes=8132
2026-03-14 02:15:32.072 edge /api/orders status=200 upstream=B rt_ms=354 bytes=5623
2026-03-14 02:15:33.509 edge /api/orders status=200 upstream=B rt_ms=38 bytes=20665
2026-03-14 02:15:34.633 edge /api/orders status=500 upstream=B rt_ms=157 bytes=15318
2026-03-14 02:15:35.826 edge /api/events status=200 upstream=B rt_ms=332 bytes=17956
2026-03-14 02:15:36.329 edge /api/orders status=200 upstream=B rt_ms=189 bytes=27381
2026-03-14 02:15:36.811 edge /healthz status=200 upstream=B rt_ms=128 bytes=31041
2026-03-14 02:15:37.147 edge /static/style.css status=200 upstream=B rt_ms=42 bytes=27028
2026-03-14 02:15:37.668 edge /api/events status=200 upstream=B rt_ms=307 bytes=38673
2026-03-14 02:15:40.096 edge /healthz status=200 upstream=B rt_ms=274 bytes=3266
2026-03-14 02:15:40.208 edge /healthz status=200 upstream=B rt_ms=65 bytes=30759
2026-03-14 02:15:43.728 edge /healthz status=200 upstream=B rt_ms=289 bytes=4381
2026-03-14 02:15:47.892 edge /api/orders status=200 upstream=B rt_ms=338 bytes=2392
2026-03-14 02:15:47.915 edge / status=200 upstream=B rt_ms=102 bytes=37856
2026-03-14 02:15:48.144 edge /api/events status=200 upstream=B rt_ms=121 bytes=36698
2026-03-14 02:15:49.307 edge / status=200 upstream=B rt_ms=4 bytes=15618
2026-03-14 02:15:49.500 edge / status=200 upstream=B rt_ms=4 bytes=26506
2026-03-14 02:15:57.042 edge /api/orders status=200 upstream=B rt_ms=68 bytes=22625
2026-03-14 02:15:57.534 edge /static/style.css status=200 upstream=B rt_ms=334 bytes=1161
2026-03-14 02:15:57.784 edge /static/style.css status=200 upstream=B rt_ms=270 bytes=39289
2026-03-14 02:15:59.127 edge /healthz status=200 upstream=B rt_ms=108 bytes=4335
2026-03-14 02:15:59.614 edge /api/orders status=200 upstream=B rt_ms=39 bytes=5810
2026-03-14 02:16:02.385 edge /healthz status=200 upstream=B rt_ms=196 bytes=35536
2026-03-14 02:16:02.779 edge /api/events status=200 upstream=B rt_ms=284 bytes=19600
2026-03-14 02:16:06.350 edge /api/orders status=200 upstream=B rt_ms=395 bytes=21035
2026-03-14 02:16:07.022 edge / status=200 upstream=B rt_ms=364 bytes=541
2026-03-14 02:16:08.690 edge /static/style.css status=200 upstream=B rt_ms=256 bytes=26127
2026-03-14 02:16:12.297 edge / status=200 upstream=B rt_ms=354 bytes=39168
2026-03-14 02:16:14.157 edge /static/style.css status=200 upstream=B rt_ms=69 bytes=16985
2026-03-14 02:16:14.214 edge / status=404 upstream=B rt_ms=368 bytes=22456
2026-03-14 02:16:14.722 edge / status=404 upstream=B rt_ms=26 bytes=39581
2026-03-14 02:16:15.489 edge /static/style.css status=200 upstream=B rt_ms=377 bytes=39353
2026-03-14 02:16:16.577 edge /api/orders status=200 upstream=B rt_ms=128 bytes=18272
2026-03-14 02:16:17.069 edge /healthz status=200 upstream=B rt_ms=213 bytes=5071
2026-03-14 02:16:18.239 edge /healthz status=200 upstream=B rt_ms=370 bytes=21082
2026-03-14 02:16:18.986 edge / status=200 upstream=B rt_ms=221 bytes=19330
2026-03-14 02:16:20.365 edge /api/events status=500 upstream=B rt_ms=290 bytes=34777
2026-03-14 02:16:22.200 edge / status=200 upstream=B rt_ms=135 bytes=17420
2026-03-14 02:16:24.723 edge /api/events status=200 upstream=B rt_ms=131 bytes=24847
2026-03-14 02:16:24.737 edge /healthz status=200 upstream=B rt_ms=354 bytes=29041
2026-03-14 02:16:25.168 edge /api/orders status=200 upstream=B rt_ms=170 bytes=22300
2026-03-14 02:16:25.432 edge /healthz status=200 upstream=B rt_ms=354 bytes=9359
2026-03-14 02:16:26.042 edge /healthz status=200 upstream=B rt_ms=101 bytes=23032
2026-03-14 02:16:26.523 edge /api/orders status=200 upstream=B rt_ms=118 bytes=11497
2026-03-14 02:16:26.921 edge /healthz status=200 upstream=B rt_ms=343 bytes=30596
2026-03-14 02:16:27.537 edge /api/events status=200 upstream=B rt_ms=213 bytes=12847
2026-03-14 02:16:31.451 edge /static/style.css status=200 upstream=B rt_ms=371 bytes=19556
2026-03-14 02:16:34.515 edge /api/events status=200 upstream=B rt_ms=62 bytes=26707
2026-03-14 02:16:38.399 edge /healthz status=200 upstream=B rt_ms=284 bytes=2679
2026-03-14 02:16:38.562 edge /api/events status=200 upstream=B rt_ms=278 bytes=18971
2026-03-14 02:16:39.640 edge /static/style.css status=200 upstream=B rt_ms=76 bytes=24570
2026-03-14 02:16:40.018 edge /static/style.css status=200 upstream=B rt_ms=32 bytes=31276
2026-03-14 02:16:40.474 edge /static/style.css status=200 upstream=B rt_ms=211 bytes=8039
2026-03-14 02:16:40.585 edge /static/style.css status=200 upstream=B rt_ms=285 bytes=34803
2026-03-14 02:16:41.196 edge /api/orders status=200 upstream=B rt_ms=91 bytes=2088
2026-03-14 02:16:42.421 edge /api/orders status=200 upstream=B rt_ms=109 bytes=2408
2026-03-14 02:16:42.596 edge /api/orders status=200 upstream=B rt_ms=93 bytes=31641
2026-03-14 02:16:44.312 edge /static/style.css status=200 upstream=B rt_ms=210 bytes=30814
2026-03-14 02:16:44.356 edge /api/orders status=200 upstream=B rt_ms=392 bytes=1984
2026-03-14 02:16:46.348 edge /api/orders status=200 upstream=B rt_ms=100 bytes=32968
2026-03-14 02:16:47.719 edge /static/style.css status=200 upstream=B rt_ms=127 bytes=28823
2026-03-14 02:16:49.633 edge /api/events status=200 upstream=B rt_ms=362 bytes=8287
2026-03-14 02:16:50.156 edge /api/orders status=200 upstream=B rt_ms=83 bytes=39331
2026-03-14 02:16:51.153 edge /static/style.css status=200 upstream=B rt_ms=372 bytes=32246
2026-03-14 02:16:51.654 edge / status=200 upstream=B rt_ms=385 bytes=4736
2026-03-14 02:16:51.744 edge /static/style.css status=404 upstream=B rt_ms=135 bytes=24359
2026-03-14 02:16:52.344 edge / status=200 upstream=B rt_ms=115 bytes=13775
2026-03-14 02:16:52.460 edge / status=200 upstream=B rt_ms=25 bytes=18258
2026-03-14 02:16:52.883 edge /api/events status=200 upstream=B rt_ms=267 bytes=27736
2026-03-14 02:16:54.991 edge /healthz status=200 upstream=B rt_ms=356 bytes=38389
2026-03-14 02:16:55.483 edge / status=200 upstream=B rt_ms=131 bytes=25197
2026-03-14 02:16:56.772 edge /static/style.css status=200 upstream=B rt_ms=355 bytes=5912
2026-03-14 02:16:57.294 edge /static/style.css status=200 upstream=B rt_ms=127 bytes=27516
2026-03-14 02:16:57.873 edge /static/style.css status=500 upstream=B rt_ms=181 bytes=680
2026-03-14 02:16:58.469 edge /healthz status=200 upstream=B rt_ms=209 bytes=25966
2026-03-14 02:16:59.422 edge /api/orders status=200 upstream=B rt_ms=37 bytes=34715
2026-03-14 02:17:00.340 edge /healthz status=200 upstream=B rt_ms=270 bytes=39871
2026-03-14 02:17:01.885 edge / status=200 upstream=B rt_ms=6 bytes=39340
2026-03-14 02:17:03.976 edge /static/style.css status=200 upstream=B rt_ms=29 bytes=31350
2026-03-14 02:17:04.449 edge / status=200 upstream=B rt_ms=249 bytes=30333
2026-03-14 02:17:04.523 edge /healthz status=200 upstream=B rt_ms=4 bytes=41874
2026-03-14 02:17:06.692 edge /api/events status=200 upstream=B rt_ms=291 bytes=31867
2026-03-14 02:17:07.336 edge /api/orders status=200 upstream=B rt_ms=379 bytes=2401
2026-03-14 02:17:09.008 edge / status=200 upstream=B rt_ms=152 bytes=10519
2026-03-14 02:17:09.082 edge /healthz status=200 upstream=B rt_ms=42 bytes=17642
2026-03-14 02:17:09.727 edge / status=200 upstream=B rt_ms=366 bytes=21350
2026-03-14 02:17:10.193 edge / status=200 upstream=B rt_ms=226 bytes=40135
2026-03-14 02:17:10.269 edge /healthz status=200 upstream=B rt_ms=277 bytes=16529
2026-03-14 02:17:10.792 edge /api/events status=500 upstream=B rt_ms=185 bytes=15931
2026-03-14 02:17:11.054 edge / status=200 upstream=B rt_ms=330 bytes=30260
2026-03-14 02:17:13.944 edge /static/style.css status=200 upstream=B rt_ms=27 bytes=23585
2026-03-14 02:17:14.429 edge / status=200 upstream=B rt_ms=108 bytes=36451
2026-03-14 02:17:16.337 edge /api/orders status=200 upstream=B rt_ms=48 bytes=15329
2026-03-14 02:17:19.112 edge /healthz status=200 upstream=B rt_ms=362 bytes=16614
2026-03-14 02:17:21.652 edge /api/orders status=200 upstream=B rt_ms=329 bytes=893
2026-03-14 02:17:22.274 edge /static/style.css status=200 upstream=B rt_ms=296 bytes=41308
2026-03-14 02:17:23.430 edge / status=200 upstream=B rt_ms=57 bytes=37205
2026-03-14 02:17:24.288 edge /static/style.css status=200 upstream=B rt_ms=167 bytes=27850
2026-03-14 02:17:24.678 edge /healthz status=500 upstream=B rt_ms=119 bytes=15078
2026-03-14 02:17:24.731 edge /healthz status=200 upstream=B rt_ms=195 bytes=12217
2026-03-14 02:17:25.061 edge / status=200 upstream=B rt_ms=219 bytes=4655
2026-03-14 02:17:25.577 edge /healthz status=200 upstream=B rt_ms=384 bytes=18776
2026-03-14 02:17:26.239 edge /api/events status=200 upstream=B rt_ms=187 bytes=15155
2026-03-14 02:17:28.795 edge /api/events status=404 upstream=B rt_ms=209 bytes=4497
2026-03-14 02:17:30.792 edge /static/style.css status=200 upstream=B rt_ms=96 bytes=375
2026-03-14 02:17:32.295 edge /api/events status=200 upstream=B rt_ms=235 bytes=38482
2026-03-14 02:17:32.940 edge /healthz status=200 upstream=B rt_ms=89 bytes=23413
2026-03-14 02:17:32.946 edge /api/events status=200 upstream=B rt_ms=171 bytes=11271
2026-03-14 02:17:36.230 edge /static/style.css status=200 upstream=B rt_ms=84 bytes=8176
2026-03-14 02:17:36.366 edge /healthz status=200 upstream=B rt_ms=254 bytes=8712
2026-03-14 02:17:36.801 edge / status=200 upstream=B rt_ms=162 bytes=18223
2026-03-14 02:17:41.650 edge /healthz status=200 upstream=B rt_ms=5 bytes=31998
2026-03-14 02:17:41.769 edge /api/events status=200 upstream=B rt_ms=227 bytes=32531
2026-03-14 02:17:41.863 edge /static/style.css status=200 upstream=B rt_ms=116 bytes=25138
2026-03-14 02:17:42.417 edge /api/orders status=200 upstream=B rt_ms=316 bytes=29280
2026-03-14 02:17:43.740 edge /api/events status=200 upstream=B rt_ms=250 bytes=1811
2026-03-14 02:17:46.155 edge /healthz status=200 upstream=B rt_ms=203 bytes=34553
2026-03-14 02:17:46.314 edge / status=200 upstream=B rt_ms=244 bytes=26169
2026-03-14 02:17:46.377 edge /static/style.css status=200 upstream=B rt_ms=152 bytes=39846
2026-03-14 02:17:46.721 edge /healthz status=200 upstream=B rt_ms=8 bytes=19927
2026-03-14 02:17:48.253 edge /api/events status=200 upstream=B rt_ms=65 bytes=23680
2026-03-14 02:17:49.013 edge / status=200 upstream=B rt_ms=85 bytes=23188
2026-03-14 02:17:51.274 edge /api/events status=200 upstream=B rt_ms=388 bytes=33438
2026-03-14 02:17:51.583 edge /static/style.css status=200 upstream=B rt_ms=181 bytes=29890
2026-03-14 02:17:52.954 edge / status=200 upstream=B rt_ms=266 bytes=20440
2026-03-14 02:17:52.978 edge /api/events status=200 upstream=B rt_ms=74 bytes=12397
2026-03-14 02:17:53.749 edge /healthz status=200 upstream=B rt_ms=292 bytes=37387
2026-03-14 02:17:59.083 edge /static/style.css status=500 upstream=B rt_ms=71 bytes=20402
2026-03-14 02:17:59.184 edge /static/style.css status=200 upstream=B rt_ms=106 bytes=21319
2026-03-14 02:18:00.291 edge /healthz status=200 upstream=B rt_ms=201 bytes=862
2026-03-14 02:18:03.392 edge /static/style.css status=200 upstream=B rt_ms=264 bytes=3965
2026-03-14 02:18:06.132 edge /api/events status=200 upstream=B rt_ms=93 bytes=1209
2026-03-14 02:18:07.461 edge /api/events status=500 upstream=B rt_ms=270 bytes=211
2026-03-14 02:18:08.394 edge /api/orders status=200 upstream=B rt_ms=398 bytes=29764
2026-03-14 02:18:08.671 edge /api/events status=200 upstream=B rt_ms=322 bytes=24433
2026-03-14 02:18:08.838 edge /api/orders status=200 upstream=B rt_ms=217 bytes=14638
2026-03-14 02:18:11.609 edge /static/style.css status=200 upstream=B rt_ms=195 bytes=27326
2026-03-14 02:18:12.468 edge /static/style.css status=200 upstream=B rt_ms=137 bytes=39124
2026-03-14 02:18:12.502 edge / status=200 upstream=B rt_ms=51 bytes=12217
2026-03-14 02:18:17.003 edge /api/events status=200 upstream=B rt_ms=247 bytes=23074
2026-03-14 02:18:17.504 edge / status=200 upstream=B rt_ms=202 bytes=22944
2026-03-14 02:18:18.709 edge / status=200 upstream=B rt_ms=301 bytes=21791
2026-03-14 02:18:19.793 edge /api/orders status=404 upstream=B rt_ms=291 bytes=39954
2026-03-14 02:18:20.464 edge /healthz status=200 upstream=B rt_ms=250 bytes=10916
2026-03-14 02:18:23.228 edge /api/orders status=200 upstream=B rt_ms=134 bytes=21194
2026-03-14 02:18:23.716 edge /api/events status=200 upstream=B rt_ms=231 bytes=1690
2026-03-14 02:18:25.062 edge /api/events status=200 upstream=B rt_ms=259 bytes=5536
2026-03-14 02:18:25.658 edge / status=200 upstream=B rt_ms=17 bytes=3802
2026-03-14 02:18:26.186 edge /api/events status=200 upstream=B rt_ms=376 bytes=8090
2026-03-14 02:18:27.479 edge /api/orders status=200 upstream=B rt_ms=291 bytes=25654
2026-03-14 02:18:27.499 edge / status=200 upstream=B rt_ms=102 bytes=4244
2026-03-14 02:18:27.850 edge /api/orders status=200 upstream=B rt_ms=73 bytes=15793
2026-03-14 02:18:28.292 edge /static/style.css status=200 upstream=B rt_ms=93 bytes=7798
2026-03-14 02:18:28.849 edge /api/events status=200 upstream=B rt_ms=50 bytes=19710
2026-03-14 02:18:28.943 edge /static/style.css status=200 upstream=B rt_ms=154 bytes=40542
2026-03-14 02:18:29.140 edge /api/orders status=500 upstream=B rt_ms=94 bytes=10056
2026-03-14 02:18:29.299 edge /healthz status=200 upstream=B rt_ms=176 bytes=26180
2026-03-14 02:18:29.499 edge /api/orders status=200 upstream=B rt_ms=285 bytes=21844
2026-03-14 02:18:30.289 edge /api/events status=200 upstream=B rt_ms=224 bytes=41958
2026-03-14 02:18:31.349 edge /api/orders status=200 upstream=B rt_ms=333 bytes=20245
2026-03-14 02:18:31.522 edge / status=200 upstream=B rt_ms=52 bytes=18519
2026-03-14 02:18:31.983 edge /api/events status=200 upstream=B rt_ms=279 bytes=23687
2026-03-14 02:18:33.252 edge /healthz status=200 upstream=B rt_ms=263 bytes=17962
2026-03-14 02:18:33.455 edge /api/events status=200 upstream=B rt_ms=358 bytes=6505
2026-03-14 02:18:34.660 edge /static/style.css status=500 upstream=B rt_ms=327 bytes=1312
2026-03-14 02:18:35.655 edge / status=200 upstream=B rt_ms=300 bytes=9119
2026-03-14 02:18:36.015 edge /api/events status=500 upstream=B rt_ms=22 bytes=3791
2026-03-14 02:18:38.751 edge /api/orders status=200 upstream=B rt_ms=222 bytes=11561
2026-03-14 02:18:39.492 edge /api/events status=500 upstream=B rt_ms=63 bytes=32001
2026-03-14 02:18:39.863 edge /api/orders status=200 upstream=B rt_ms=197 bytes=16172
2026-03-14 02:18:41.027 edge /static/style.css status=200 upstream=B rt_ms=356 bytes=24414
2026-03-14 02:18:43.573 edge /healthz status=200 upstream=B rt_ms=244 bytes=11124
2026-03-14 02:18:44.106 edge / status=200 upstream=B rt_ms=161 bytes=32965
2026-03-14 02:18:45.521 edge /healthz status=200 upstream=B rt_ms=83 bytes=1300
2026-03-14 02:18:46.727 edge /api/events status=200 upstream=B rt_ms=29 bytes=19627
2026-03-14 02:18:49.152 edge / status=200 upstream=B rt_ms=30 bytes=10627
2026-03-14 02:18:50.917 edge /healthz status=200 upstream=B rt_ms=325 bytes=31687
2026-03-14 02:18:53.495 edge /static/style.css status=200 upstream=B rt_ms=243 bytes=16373
2026-03-14 02:18:53.761 edge /api/events status=200 upstream=B rt_ms=34 bytes=30685
2026-03-14 02:18:57.504 edge /api/orders status=404 upstream=B rt_ms=132 bytes=19323
2026-03-14 02:18:59.724 edge /healthz status=200 upstream=B rt_ms=397 bytes=6981
2026-03-14 02:19:01.054 edge /api/orders status=200 upstream=B rt_ms=253 bytes=24033
2026-03-14 02:19:01.207 edge / status=200 upstream=B rt_ms=395 bytes=17824
2026-03-14 02:19:03.011 edge /healthz status=200 upstream=B rt_ms=48 bytes=7577
2026-03-14 02:19:04.943 edge / status=200 upstream=B rt_ms=238 bytes=4821
2026-03-14 02:19:05.684 edge /static/style.css status=200 upstream=B rt_ms=139 bytes=31974
2026-03-14 02:19:05.841 edge /api/events status=200 upstream=B rt_ms=26 bytes=15866
2026-03-14 02:19:05.918 edge /api/events status=200 upstream=B rt_ms=239 bytes=25539
2026-03-14 02:19:07.191 edge /api/events status=200 upstream=B rt_ms=25 bytes=41033
2026-03-14 02:19:07.512 edge /healthz status=200 upstream=B rt_ms=202 bytes=13261
2026-03-14 02:19:08.547 edge /api/events status=200 upstream=B rt_ms=74 bytes=31798
2026-03-14 02:19:10.878 edge /healthz status=200 upstream=B rt_ms=17 bytes=29386
2026-03-14 02:19:11.196 edge /healthz status=200 upstream=B rt_ms=316 bytes=27672
2026-03-14 02:19:11.443 edge /healthz status=404 upstream=B rt_ms=377 bytes=4805
2026-03-14 02:19:12.085 edge /static/style.css status=200 upstream=B rt_ms=102 bytes=1522
2026-03-14 02:19:12.697 edge /api/orders status=200 upstream=B rt_ms=83 bytes=34911
2026-03-14 02:19:15.280 edge / status=200 upstream=B rt_ms=135 bytes=41526
2026-03-14 02:19:18.156 edge /api/orders status=200 upstream=B rt_ms=99 bytes=14931
2026-03-14 02:19:20.251 edge /healthz status=200 upstream=B rt_ms=300 bytes=34325
2026-03-14 02:19:20.706 edge /api/events status=404 upstream=B rt_ms=280 bytes=8486
2026-03-14 02:19:22.600 edge /healthz status=500 upstream=B rt_ms=55 bytes=26855
2026-03-14 02:19:23.327 edge / status=200 upstream=B rt_ms=63 bytes=7088
2026-03-14 02:19:23.421 edge /healthz status=200 upstream=B rt_ms=274 bytes=20575
2026-03-14 02:19:23.640 edge /healthz status=200 upstream=B rt_ms=50 bytes=39500
2026-03-14 02:19:24.797 edge / status=200 upstream=B rt_ms=335 bytes=30467
2026-03-14 02:19:25.169 edge /healthz status=200 upstream=B rt_ms=70 bytes=20543
2026-03-14 02:19:25.178 edge /api/orders status=200 upstream=B rt_ms=39 bytes=12750
2026-03-14 02:19:26.671 edge /static/style.css status=200 upstream=B rt_ms=303 bytes=22456
2026-03-14 02:19:27.552 edge /api/orders status=404 upstream=B rt_ms=312 bytes=6963
2026-03-14 02:19:27.586 edge /api/orders status=200 upstream=B rt_ms=137 bytes=22059
2026-03-14 02:19:28.425 edge /healthz status=200 upstream=B rt_ms=219 bytes=21298
2026-03-14 02:19:28.612 edge /api/orders status=200 upstream=B rt_ms=23 bytes=4121
2026-03-14 02:19:30.456 edge /healthz status=200 upstream=B rt_ms=309 bytes=30158
2026-03-14 02:19:30.852 edge / status=200 upstream=B rt_ms=189 bytes=40216
2026-03-14 02:19:31.055 edge / status=200 upstream=B rt_ms=9 bytes=18074
2026-03-14 02:19:35.071 edge /api/events status=200 upstream=B rt_ms=171 bytes=2074
2026-03-14 02:19:35.219 edge /api/events status=200 upstream=B rt_ms=25 bytes=11663
2026-03-14 02:19:35.613 edge /api/events status=200 upstream=B rt_ms=180 bytes=25838
2026-03-14 02:19:38.959 edge /api/orders status=200 upstream=B rt_ms=303 bytes=17907
2026-03-14 02:19:39.591 edge / status=200 upstream=B rt_ms=336 bytes=2682
2026-03-14 02:19:39.619 edge / status=200 upstream=B rt_ms=261 bytes=36096
2026-03-14 02:19:41.497 edge /healthz status=200 upstream=B rt_ms=362 bytes=30204
2026-03-14 02:19:43.020 edge / status=200 upstream=B rt_ms=143 bytes=15671
2026-03-14 02:19:43.491 edge / status=200 upstream=B rt_ms=102 bytes=17206
2026-03-14 02:19:44.195 edge /healthz status=200 upstream=B rt_ms=357 bytes=11493
2026-03-14 02:19:44.226 edge /healthz status=200 upstream=B rt_ms=130 bytes=41469
2026-03-14 02:19:44.827 edge / status=200 upstream=B rt_ms=58 bytes=30552
2026-03-14 02:19:45.983 edge /api/events status=500 upstream=B rt_ms=270 bytes=14405
2026-03-14 02:19:46.856 edge /healthz status=200 upstream=B rt_ms=184 bytes=26104
2026-03-14 02:19:47.416 edge /static/style.css status=200 upstream=B rt_ms=293 bytes=41152
2026-03-14 02:19:48.066 edge /static/style.css status=200 upstream=B rt_ms=115 bytes=36575
2026-03-14 02:19:48.107 edge / status=200 upstream=B rt_ms=332 bytes=15946
2026-03-14 02:19:50.242 edge /healthz status=200 upstream=B rt_ms=321 bytes=16638
2026-03-14 02:19:52.409 edge /static/style.css status=200 upstream=B rt_ms=237 bytes=5973
2026-03-14 02:19:52.416 edge / status=200 upstream=B rt_ms=197 bytes=31516
2026-03-14 02:19:53.018 edge / status=200 upstream=B rt_ms=49 bytes=27700
2026-03-14 02:19:54.014 edge /healthz status=200 upstream=B rt_ms=121 bytes=11940
2026-03-14 02:19:56.831 edge /static/style.css status=200 upstream=B rt_ms=37 bytes=2611
2026-03-14 02:19:57.555 edge /static/style.css status=200 upstream=B rt_ms=157 bytes=26534
2026-03-14 02:20:02.063 edge /api/orders status=200 upstream=B rt_ms=317 bytes=31691
2026-03-14 02:20:02.895 edge /api/events status=200 upstream=B rt_ms=54 bytes=11971
2026-03-14 02:20:03.107 edge / status=200 upstream=B rt_ms=201 bytes=10949
2026-03-14 02:20:03.242 edge /api/orders status=200 upstream=B rt_ms=57 bytes=15589
2026-03-14 02:20:03.563 edge /healthz status=200 upstream=B rt_ms=87 bytes=38140
2026-03-14 02:20:03.604 edge /api/events status=200 upstream=B rt_ms=382 bytes=6021
2026-03-14 02:20:08.416 edge /static/style.css status=200 upstream=B rt_ms=28 bytes=10335
2026-03-14 02:20:08.455 edge /healthz status=200 upstream=B rt_ms=240 bytes=2714
2026-03-14 02:20:09.508 edge /api/orders status=200 upstream=B rt_ms=106 bytes=36314
2026-03-14 02:20:12.726 edge /static/style.css status=200 upstream=B rt_ms=181 bytes=6605
2026-03-14 02:20:12.943 edge / status=200 upstream=B rt_ms=112 bytes=40089
2026-03-14 02:20:13.569 edge /api/events status=200 upstream=B rt_ms=105 bytes=6010
2026-03-14 02:20:15.348 edge /api/events status=200 upstream=B rt_ms=254 bytes=41542
2026-03-14 02:20:15.365 edge /healthz status=200 upstream=B rt_ms=89 bytes=10453
2026-03-14 02:20:15.965 edge /api/orders status=200 upstream=B rt_ms=20 bytes=31807
2026-03-14 02:20:19.667 edge /healthz status=200 upstream=B rt_ms=220 bytes=26023
2026-03-14 02:20:20.743 edge /api/events status=200 upstream=B rt_ms=296 bytes=16321
2026-03-14 02:20:22.306 edge /api/orders status=200 upstream=B rt_ms=237 bytes=19953
2026-03-14 02:20:22.757 edge /api/orders status=200 upstream=B rt_ms=30 bytes=12450
2026-03-14 02:20:26.435 edge /static/style.css status=200 upstream=B rt_ms=191 bytes=19424
2026-03-14 02:20:27.759 edge /static/style.css status=200 upstream=B rt_ms=384 bytes=14400
2026-03-14 02:20:27.784 edge /api/events status=200 upstream=B rt_ms=336 bytes=19267
2026-03-14 02:20:27.786 edge /api/events status=200 upstream=B rt_ms=318 bytes=4433
2026-03-14 02:20:28.542 edge /api/events status=200 upstream=B rt_ms=342 bytes=19810
2026-03-14 02:20:29.678 edge /api/events status=200 upstream=B rt_ms=369 bytes=18261
2026-03-14 02:20:31.278 edge /api/events status=200 upstream=B rt_ms=44 bytes=38146
2026-03-14 02:20:33.195 edge / status=200 upstream=B rt_ms=195 bytes=15898
2026-03-14 02:20:33.369 edge /static/style.css status=200 upstream=B rt_ms=353 bytes=34467
2026-03-14 02:20:34.195 edge / status=200 upstream=B rt_ms=316 bytes=9592
2026-03-14 02:20:34.879 edge / status=200 upstream=B rt_ms=223 bytes=29447
2026-03-14 02:20:37.302 edge /api/events status=200 upstream=B rt_ms=45 bytes=19658
2026-03-14 02:20:38.179 edge /static/style.css status=200 upstream=B rt_ms=356 bytes=28031
2026-03-14 02:20:38.478 edge / status=404 upstream=B rt_ms=163 bytes=19788
2026-03-14 02:20:38.521 edge /static/style.css status=200 upstream=B rt_ms=138 bytes=39760
2026-03-14 02:20:41.005 edge /static/style.css status=200 upstream=B rt_ms=337 bytes=25487
2026-03-14 02:20:41.904 edge /api/events status=200 upstream=B rt_ms=214 bytes=35555
2026-03-14 02:20:42.985 edge / status=200 upstream=B rt_ms=295 bytes=12554
2026-03-14 02:20:44.129 edge /api/events status=200 upstream=B rt_ms=109 bytes=13724
2026-03-14 02:20:44.418 edge / status=200 upstream=B rt_ms=172 bytes=36538
2026-03-14 02:20:44.469 edge /api/events status=200 upstream=B rt_ms=261 bytes=12766
2026-03-14 02:20:47.481 edge /healthz status=200 upstream=B rt_ms=114 bytes=6517
2026-03-14 02:20:47.935 edge / status=200 upstream=B rt_ms=207 bytes=39802
2026-03-14 02:20:50.405 edge /api/events status=500 upstream=B rt_ms=257 bytes=14476
2026-03-14 02:20:51.171 edge /static/style.css status=500 upstream=B rt_ms=182 bytes=12383
2026-03-14 02:20:53.765 edge / status=200 upstream=B rt_ms=37 bytes=13538
2026-03-14 02:20:54.354 edge /api/orders status=200 upstream=B rt_ms=311 bytes=38852
2026-03-14 02:20:55.455 edge /static/style.css status=200 upstream=B rt_ms=300 bytes=27591
2026-03-14 02:20:56.610 edge /api/orders status=200 upstream=B rt_ms=271 bytes=7567
2026-03-14 02:20:56.757 edge /api/events status=200 upstream=B rt_ms=93 bytes=16295
2026-03-14 02:20:58.743 edge /static/style.css status=200 upstream=B rt_ms=198 bytes=17626
2026-03-14 02:20:59.768 edge /static/style.css status=200 upstream=B rt_ms=85 bytes=2572
2026-03-14 02:21:00.214 edge /healthz status=200 upstream=B rt_ms=94 bytes=30812
2026-03-14 02:21:00.249 edge /api/events status=200 upstream=B rt_ms=151 bytes=33837
2026-03-14 02:21:00.615 edge /static/style.css status=500 upstream=B rt_ms=277 bytes=25911
2026-03-14 02:21:03.370 edge /api/events status=200 upstream=B rt_ms=216 bytes=1572
2026-03-14 02:21:03.747 edge / status=200 upstream=B rt_ms=274 bytes=14823
2026-03-14 02:21:05.931 edge /static/style.css status=200 upstream=B rt_ms=48 bytes=9755
2026-03-14 02:21:07.449 edge /healthz status=500 upstream=B rt_ms=92 bytes=35791
2026-03-14 02:21:07.895 edge /static/style.css status=200 upstream=B rt_ms=391 bytes=359
2026-03-14 02:21:08.952 edge /healthz status=200 upstream=B rt_ms=259 bytes=13528
2026-03-14 02:21:11.248 edge /healthz status=500 upstream=B rt_ms=145 bytes=29543
2026-03-14 02:21:11.982 edge /api/events status=200 upstream=B rt_ms=263 bytes=680
2026-03-14 02:21:13.001 edge /api/orders status=200 upstream=B rt_ms=116 bytes=38440
2026-03-14 02:21:14.013 edge / status=200 upstream=B rt_ms=48 bytes=27493
2026-03-14 02:21:14.058 edge /api/events status=200 upstream=B rt_ms=394 bytes=25487
2026-03-14 02:21:14.588 edge /api/orders status=200 upstream=B rt_ms=361 bytes=9792
2026-03-14 02:21:15.586 edge /api/events status=200 upstream=B rt_ms=361 bytes=15055
2026-03-14 02:21:16.149 edge /static/style.css status=200 upstream=B rt_ms=318 bytes=35304
2026-03-14 02:21:16.342 edge /api/orders status=500 upstream=B rt_ms=346 bytes=24917
2026-03-14 02:21:18.470 edge / status=200 upstream=B rt_ms=294 bytes=32247
2026-03-14 02:21:19.540 edge /healthz status=200 upstream=B rt_ms=260 bytes=29365
2026-03-14 02:21:19.606 edge /api/orders status=200 upstream=B rt_ms=115 bytes=1232
2026-03-14 02:21:27.696 edge /static/style.css status=200 upstream=B rt_ms=83 bytes=10683
2026-03-14 02:21:28.976 edge /api/orders status=200 upstream=B rt_ms=198 bytes=11023
2026-03-14 02:21:30.437 edge /healthz status=200 upstream=B rt_ms=5 bytes=714
2026-03-14 02:21:30.562 edge /api/events status=200 upstream=B rt_ms=80 bytes=18568
2026-03-14 02:21:30.713 edge /healthz status=200 upstream=B rt_ms=196 bytes=2340
2026-03-14 02:21:30.742 edge /api/events status=200 upstream=B rt_ms=40 bytes=3511
2026-03-14 02:21:31.225 edge /api/events status=200 upstream=B rt_ms=285 bytes=11938
2026-03-14 02:21:31.311 edge /api/events status=200 upstream=B rt_ms=52 bytes=29526
2026-03-14 02:21:33.007 edge /static/style.css status=200 upstream=B rt_ms=324 bytes=12755
2026-03-14 02:21:35.939 edge /healthz status=200 upstream=B rt_ms=186 bytes=31390
2026-03-14 02:21:35.972 edge /static/style.css status=200 upstream=B rt_ms=135 bytes=5510
2026-03-14 02:21:36.232 edge /api/events status=200 upstream=B rt_ms=166 bytes=37021
2026-03-14 02:21:36.894 edge / status=200 upstream=B rt_ms=245 bytes=15475
2026-03-14 02:21:37.088 edge /healthz status=200 upstream=B rt_ms=328 bytes=3080
2026-03-14 02:21:37.156 edge /api/events status=200 upstream=B rt_ms=391 bytes=2557
2026-03-14 02:21:37.768 edge /api/orders status=200 upstream=B rt_ms=120 bytes=29296
2026-03-14 02:21:39.185 edge /api/orders status=200 upstream=B rt_ms=238 bytes=6246
2026-03-14 02:21:41.508 edge /healthz status=200 upstream=B rt_ms=27 bytes=8881
2026-03-14 02:21:42.180 edge / status=200 upstream=B rt_ms=305 bytes=438
2026-03-14 02:21:43.701 edge / status=200 upstream=B rt_ms=381 bytes=2430
2026-03-14 02:21:44.208 edge /healthz status=200 upstream=B rt_ms=173 bytes=26613
2026-03-14 02:21:44.582 edge / status=404 upstream=B rt_ms=17 bytes=17991
2026-03-14 02:21:44.978 edge /healthz status=200 upstream=B rt_ms=167 bytes=3050
2026-03-14 02:21:46.041 edge /static/style.css status=200 upstream=B rt_ms=155 bytes=39071
2026-03-14 02:21:46.681 edge /api/events status=200 upstream=B rt_ms=388 bytes=9658
2026-03-14 02:21:47.182 edge /api/orders status=200 upstream=B rt_ms=309 bytes=17013
2026-03-14 02:21:47.245 edge / status=200 upstream=B rt_ms=399 bytes=26222
2026-03-14 02:21:48.670 edge /healthz status=200 upstream=B rt_ms=23 bytes=36885
2026-03-14 02:21:48.749 edge / status=200 upstream=B rt_ms=100 bytes=4855
2026-03-14 02:21:49.534 edge /api/events status=200 upstream=B rt_ms=97 bytes=6411
2026-03-14 02:21:51.608 edge /api/events status=200 upstream=B rt_ms=19 bytes=22258
2026-03-14 02:21:53.388 edge /api/orders status=200 upstream=B rt_ms=219 bytes=39575
2026-03-14 02:21:55.074 edge /healthz status=404 upstream=B rt_ms=146 bytes=9152
2026-03-14 02:21:58.134 edge /api/events status=200 upstream=B rt_ms=41 bytes=24222
2026-03-14 02:21:59.145 edge / status=200 upstream=B rt_ms=11 bytes=27716
2026-03-14 02:21:59.173 edge /healthz status=200 upstream=B rt_ms=206 bytes=3519
2026-03-14 02:21:59.290 edge / status=200 upstream=B rt_ms=6 bytes=24735
2026-03-14 02:22:01.109 edge /static/style.css status=200 upstream=B rt_ms=156 bytes=23325
2026-03-14 02:22:02.040 edge /static/style.css status=200 upstream=B rt_ms=256 bytes=840
2026-03-14 02:22:03.211 edge /static/style.css status=200 upstream=B rt_ms=310 bytes=16709
2026-03-14 02:22:03.844 edge /healthz status=200 upstream=B rt_ms=156 bytes=9709
2026-03-14 02:22:03.897 edge /healthz status=500 upstream=B rt_ms=281 bytes=28193
2026-03-14 02:22:06.902 edge /api/orders status=200 upstream=B rt_ms=342 bytes=40740
2026-03-14 02:22:08.943 edge /static/style.css status=200 upstream=B rt_ms=151 bytes=34633
2026-03-14 02:22:09.325 edge /api/orders status=200 upstream=B rt_ms=127 bytes=22955
2026-03-14 02:22:12.437 edge / status=200 upstream=B rt_ms=372 bytes=11727
2026-03-14 02:22:12.804 edge /healthz status=200 upstream=B rt_ms=191 bytes=28277
2026-03-14 02:22:13.273 edge /api/events status=200 upstream=B rt_ms=399 bytes=21716
2026-03-14 02:22:18.144 edge / status=200 upstream=B rt_ms=318 bytes=12925
2026-03-14 02:22:19.106 edge / status=200 upstream=B rt_ms=362 bytes=39350
2026-03-14 02:22:19.737 edge / status=200 upstream=B rt_ms=81 bytes=14078
2026-03-14 02:22:21.118 edge /static/style.css status=200 upstream=B rt_ms=211 bytes=31043
2026-03-14 02:22:22.860 edge /static/style.css status=200 upstream=B rt_ms=253 bytes=17528
2026-03-14 02:22:24.551 edge /static/style.css status=200 upstream=B rt_ms=326 bytes=1501
2026-03-14 02:22:25.569 edge /healthz status=200 upstream=B rt_ms=360 bytes=37342
2026-03-14 02:22:27.047 edge /static/style.css status=200 upstream=B rt_ms=103 bytes=23892
2026-03-14 02:22:27.211 edge /static/style.css status=200 upstream=B rt_ms=90 bytes=40824
2026-03-14 02:22:27.568 edge /static/style.css status=200 upstream=B rt_ms=6 bytes=12106
2026-03-14 02:22:29.313 edge /static/style.css status=200 upstream=B rt_ms=80 bytes=39385
2026-03-14 02:22:30.007 edge /healthz status=200 upstream=B rt_ms=361 bytes=40291
2026-03-14 02:22:30.239 edge /static/style.css status=200 upstream=B rt_ms=165 bytes=2577
2026-03-14 02:22:30.728 edge /api/orders status=200 upstream=B rt_ms=62 bytes=31504
2026-03-14 02:22:31.030 edge /api/orders status=200 upstream=B rt_ms=210 bytes=39895
2026-03-14 02:22:33.796 edge /healthz status=200 upstream=B rt_ms=289 bytes=10598
2026-03-14 02:22:39.486 edge /healthz status=200 upstream=B rt_ms=163 bytes=17993
2026-03-14 02:22:42.096 edge /api/events status=200 upstream=B rt_ms=28 bytes=5204
2026-03-14 02:22:43.225 edge /healthz status=200 upstream=B rt_ms=325 bytes=1012
2026-03-14 02:22:43.952 edge /static/style.css status=200 upstream=B rt_ms=307 bytes=19052
2026-03-14 02:22:44.140 edge /healthz status=200 upstream=B rt_ms=374 bytes=40662
2026-03-14 02:22:44.166 edge / status=200 upstream=B rt_ms=72 bytes=27900
2026-03-14 02:22:46.226 edge /api/orders status=200 upstream=B rt_ms=383 bytes=17858
2026-03-14 02:22:47.062 edge / status=200 upstream=B rt_ms=142 bytes=7987
2026-03-14 02:22:47.803 edge /api/orders status=200 upstream=B rt_ms=165 bytes=4645
2026-03-14 02:22:51.451 edge /api/orders status=200 upstream=B rt_ms=29 bytes=30606
2026-03-14 02:22:52.792 edge /static/style.css status=200 upstream=B rt_ms=334 bytes=5171
2026-03-14 02:22:52.879 edge /api/events status=200 upstream=B rt_ms=140 bytes=10077
2026-03-14 02:22:52.917 edge / status=200 upstream=B rt_ms=358 bytes=4913
2026-03-14 02:22:53.344 edge /api/orders status=200 upstream=B rt_ms=179 bytes=34216
2026-03-14 02:22:53.928 edge /static/style.css status=200 upstream=B rt_ms=355 bytes=2344
2026-03-14 02:22:54.412 edge /static/style.css status=200 upstream=B rt_ms=170 bytes=41667
2026-03-14 02:22:54.769 edge /api/events status=200 upstream=B rt_ms=158 bytes=37785
2026-03-14 02:22:55.758 edge /healthz status=404 upstream=B rt_ms=374 bytes=13329
2026-03-14 02:22:56.327 edge / status=200 upstream=B rt_ms=373 bytes=9750
2026-03-14 02:22:57.088 edge /api/orders status=200 upstream=B rt_ms=222 bytes=37081
2026-03-14 02:23:01.160 edge /api/events status=200 upstream=B rt_ms=224 bytes=28707
2026-03-14 02:23:01.277 edge / status=200 upstream=B rt_ms=69 bytes=12899
2026-03-14 02:23:01.495 edge / status=200 upstream=B rt_ms=41 bytes=33332
2026-03-14 02:23:03.169 edge /static/style.css status=200 upstream=B rt_ms=180 bytes=38823
2026-03-14 02:23:04.254 edge / status=200 upstream=B rt_ms=61 bytes=5297
2026-03-14 02:23:04.659 edge /healthz status=200 upstream=B rt_ms=221 bytes=19055
2026-03-14 02:23:05.311 edge /api/orders status=200 upstream=B rt_ms=346 bytes=15657
2026-03-14 02:23:05.902 edge /static/style.css status=200 upstream=B rt_ms=111 bytes=41407
2026-03-14 02:23:05.954 edge /healthz status=200 upstream=B rt_ms=4 bytes=34388
2026-03-14 02:23:07.769 edge /api/orders status=200 upstream=B rt_ms=281 bytes=20805
2026-03-14 02:23:07.921 edge /static/style.css status=200 upstream=B rt_ms=394 bytes=9106
2026-03-14 02:23:08.940 edge /api/orders status=200 upstream=B rt_ms=91 bytes=37628
2026-03-14 02:23:08.945 edge / status=200 upstream=B rt_ms=384 bytes=31104
2026-03-14 02:23:09.928 edge /api/orders status=200 upstream=B rt_ms=303 bytes=32334
2026-03-14 02:23:10.374 edge / status=200 upstream=B rt_ms=349 bytes=3297
2026-03-14 02:23:10.996 edge / status=200 upstream=B rt_ms=97 bytes=18040
2026-03-14 02:23:17.563 edge /static/style.css status=200 upstream=B rt_ms=331 bytes=2947
2026-03-14 02:23:22.722 edge /static/style.css status=200 upstream=B rt_ms=399 bytes=2256
2026-03-14 02:23:22.730 edge /api/events status=200 upstream=B rt_ms=258 bytes=15293
2026-03-14 02:23:23.593 edge / status=200 upstream=B rt_ms=76 bytes=34743
2026-03-14 02:23:25.243 edge /api/orders status=200 upstream=B rt_ms=97 bytes=12004
2026-03-14 02:23:26.785 edge /healthz status=200 upstream=B rt_ms=208 bytes=37164
2026-03-14 02:23:28.180 edge / status=200 upstream=B rt_ms=113 bytes=8093
2026-03-14 02:23:28.305 edge /api/orders status=200 upstream=B rt_ms=6 bytes=30859
2026-03-14 02:23:31.590 edge /static/style.css status=500 upstream=B rt_ms=71 bytes=22148
2026-03-14 02:23:33.203 edge /api/orders status=200 upstream=B rt_ms=228 bytes=28784
2026-03-14 02:23:33.527 edge /api/orders status=200 upstream=B rt_ms=309 bytes=10239
2026-03-14 02:23:34.507 edge /api/events status=200 upstream=B rt_ms=326 bytes=32414
2026-03-14 02:23:35.071 edge /api/events status=200 upstream=B rt_ms=270 bytes=38800
2026-03-14 02:23:37.850 edge /static/style.css status=200 upstream=B rt_ms=376 bytes=22493
2026-03-14 02:23:39.151 edge /healthz status=200 upstream=B rt_ms=364 bytes=16927
2026-03-14 02:23:39.752 edge /api/orders status=200 upstream=B rt_ms=88 bytes=13199
2026-03-14 02:23:40.103 edge /api/events status=200 upstream=B rt_ms=252 bytes=33607
2026-03-14 02:23:41.556 edge /healthz status=200 upstream=B rt_ms=336 bytes=38629
2026-03-14 02:23:44.497 edge /api/events status=200 upstream=B rt_ms=149 bytes=8781
2026-03-14 02:23:45.850 edge /static/style.css status=200 upstream=B rt_ms=368 bytes=38665
2026-03-14 02:23:47.282 edge /healthz status=200 upstream=B rt_ms=46 bytes=1579
2026-03-14 02:23:48.641 edge /healthz status=200 upstream=B rt_ms=137 bytes=18100
2026-03-14 02:23:49.271 edge /healthz status=404 upstream=B rt_ms=222 bytes=26907
2026-03-14 02:23:49.304 edge / status=200 upstream=B rt_ms=314 bytes=31917
2026-03-14 02:23:50.907 edge /api/orders status=200 upstream=B rt_ms=369 bytes=25299
2026-03-14 02:23:51.153 edge /api/orders status=200 upstream=B rt_ms=150 bytes=30166
2026-03-14 02:23:52.236 edge /api/events status=200 upstream=B rt_ms=17 bytes=18087
2026-03-14 02:23:52.419 edge /healthz status=200 upstream=B rt_ms=230 bytes=37798
2026-03-14 02:23:52.499 edge /healthz status=200 upstream=B rt_ms=288 bytes=1142
2026-03-14 02:23:53.089 edge /api/events status=200 upstream=B rt_ms=209 bytes=35534
2026-03-14 02:23:53.120 edge /static/style.css status=404 upstream=B rt_ms=334 bytes=30448
2026-03-14 02:23:55.050 edge /api/events status=500 upstream=B rt_ms=314 bytes=25034
2026-03-14 02:23:55.984 edge / status=200 upstream=B rt_ms=106 bytes=39932
2026-03-14 02:23:57.493 edge /static/style.css status=404 upstream=B rt_ms=383 bytes=2855
2026-03-14 02:23:58.058 edge /static/style.css status=200 upstream=B rt_ms=49 bytes=6781
2026-03-14 02:23:58.694 edge /api/orders status=200 upstream=B rt_ms=350 bytes=29557
2026-03-14 02:23:59.655 edge /healthz status=200 upstream=B rt_ms=399 bytes=15911
2026-03-14 02:23:59.963 edge /static/style.css status=200 upstream=B rt_ms=161 bytes=27121
2026-03-14 02:24:01.417 edge / status=200 upstream=B rt_ms=74 bytes=41646
2026-03-14 02:24:01.820 edge / status=200 upstream=B rt_ms=4 bytes=3499
2026-03-14 02:24:03.297 edge /api/orders status=200 upstream=B rt_ms=181 bytes=41547
2026-03-14 02:24:04.403 edge /api/events status=200 upstream=B rt_ms=88 bytes=7321
2026-03-14 02:24:06.458 edge /api/events status=200 upstream=B rt_ms=212 bytes=18690
2026-03-14 02:24:08.147 edge /healthz status=200 upstream=B rt_ms=82 bytes=29696
2026-03-14 02:24:08.579 edge /api/events status=200 upstream=B rt_ms=103 bytes=29002
2026-03-14 02:24:08.627 edge / status=200 upstream=B rt_ms=172 bytes=11758
2026-03-14 02:24:09.566 edge /api/events status=200 upstream=B rt_ms=277 bytes=34325
2026-03-14 02:24:11.533 edge /healthz status=200 upstream=B rt_ms=229 bytes=16810
2026-03-14 02:24:15.811 edge /api/events status=200 upstream=B rt_ms=177 bytes=16918
2026-03-14 02:24:16.674 edge /api/events status=200 upstream=B rt_ms=213 bytes=13627
2026-03-14 02:24:17.255 edge /healthz status=200 upstream=B rt_ms=42 bytes=12725
2026-03-14 02:24:17.443 edge / status=200 upstream=B rt_ms=315 bytes=8588
2026-03-14 02:24:18.285 edge /api/events status=200 upstream=B rt_ms=322 bytes=9123
2026-03-14 02:24:20.847 edge /api/events status=200 upstream=B rt_ms=81 bytes=21901
2026-03-14 02:24:21.144 edge /api/orders status=200 upstream=B rt_ms=379 bytes=30221
2026-03-14 02:24:22.020 edge / status=200 upstream=B rt_ms=300 bytes=36035
2026-03-14 02:24:24.153 edge /api/orders status=200 upstream=B rt_ms=96 bytes=33380
2026-03-14 02:24:24.685 edge /healthz status=200 upstream=B rt_ms=16 bytes=7372
2026-03-14 02:24:26.099 edge /api/orders status=200 upstream=B rt_ms=27 bytes=41543
2026-03-14 02:24:26.162 edge / status=200 upstream=B rt_ms=350 bytes=37406
2026-03-14 02:24:28.171 edge / status=200 upstream=B rt_ms=142 bytes=26743
2026-03-14 02:24:28.366 edge /api/orders status=200 upstream=B rt_ms=337 bytes=34186
2026-03-14 02:24:28.860 edge /api/orders status=200 upstream=B rt_ms=231 bytes=37915
2026-03-14 02:24:29.083 edge / status=404 upstream=B rt_ms=338 bytes=28822
2026-03-14 02:24:29.856 edge /api/events status=200 upstream=B rt_ms=17 bytes=15837
2026-03-14 02:24:32.488 edge / status=200 upstream=B rt_ms=287 bytes=19895
2026-03-14 02:24:32.715 edge /api/orders status=200 upstream=B rt_ms=309 bytes=3417
2026-03-14 02:24:32.857 edge /healthz status=200 upstream=B rt_ms=242 bytes=38376
2026-03-14 02:24:34.893 edge / status=200 upstream=B rt_ms=21 bytes=16872
2026-03-14 02:24:35.002 edge /api/events status=200 upstream=B rt_ms=7 bytes=28245
2026-03-14 02:24:35.763 edge /api/orders status=200 upstream=B rt_ms=193 bytes=37816
2026-03-14 02:24:37.484 edge /static/style.css status=200 upstream=B rt_ms=292 bytes=37151
2026-03-14 02:24:38.097 edge /healthz status=200 upstream=B rt_ms=162 bytes=29267
2026-03-14 02:24:40.569 edge /api/events status=200 upstream=B rt_ms=286 bytes=17054
2026-03-14 02:24:41.635 edge /static/style.css status=200 upstream=B rt_ms=285 bytes=15956
2026-03-14 02:24:43.208 edge /api/events status=200 upstream=B rt_ms=166 bytes=27588
2026-03-14 02:24:44.159 edge /api/orders status=200 upstream=B rt_ms=50 bytes=41896
2026-03-14 02:24:46.904 edge / status=200 upstream=B rt_ms=48 bytes=9060
2026-03-14 02:24:48.936 edge /static/style.css status=200 upstream=B rt_ms=247 bytes=27395
2026-03-14 02:24:50.061 edge /api/events status=200 upstream=B rt_ms=186 bytes=38358
2026-03-14 02:24:51.200 edge /api/orders status=200 upstream=B rt_ms=119 bytes=15238
2026-03-14 02:24:51.770 edge /api/orders status=200 upstream=B rt_ms=184 bytes=29645
2026-03-14 02:24:52.735 edge / status=200 upstream=B rt_ms=43 bytes=22107
2026-03-14 02:24:53.318 edge /api/events status=200 upstream=B rt_ms=305 bytes=3347
2026-03-14 02:24:54.206 edge /api/events status=200 upstream=B rt_ms=288 bytes=30960
2026-03-14 02:24:54.725 edge / status=200 upstream=B rt_ms=19 bytes=13759
2026-03-14 02:24:54.783 edge /api/events status=200 upstream=B rt_ms=365 bytes=16614
2026-03-14 02:24:58.224 edge / status=200 upstream=B rt_ms=54 bytes=11885
2026-03-14 02:25:01.632 edge /api/orders status=200 upstream=B rt_ms=268 bytes=23032
2026-03-14 02:25:01.975 edge /healthz status=200 upstream=B rt_ms=162 bytes=29295
2026-03-14 02:25:02.975 edge /static/style.css status=404 upstream=B rt_ms=7 bytes=4490
2026-03-14 02:25:03.673 edge /api/orders status=200 upstream=B rt_ms=6 bytes=36321
2026-03-14 02:25:06.528 edge /api/events status=200 upstream=B rt_ms=174 bytes=32618
2026-03-14 02:25:08.817 edge /api/orders status=200 upstream=B rt_ms=53 bytes=10422
2026-03-14 02:25:11.170 edge /healthz status=200 upstream=B rt_ms=296 bytes=2211
2026-03-14 02:25:12.040 edge / status=200 upstream=B rt_ms=22 bytes=5598
2026-03-14 02:25:15.797 edge /api/orders status=200 upstream=B rt_ms=117 bytes=32544
2026-03-14 02:25:17.312 edge /api/events status=404 upstream=B rt_ms=335 bytes=36166
2026-03-14 02:25:17.482 edge /api/events status=200 upstream=B rt_ms=170 bytes=38153
2026-03-14 02:25:19.101 edge /healthz status=200 upstream=B rt_ms=82 bytes=40730
2026-03-14 02:25:20.650 edge /healthz status=404 upstream=B rt_ms=145 bytes=38134
2026-03-14 02:25:21.811 edge /api/events status=200 upstream=B rt_ms=333 bytes=38551
2026-03-14 02:25:24.119 edge /healthz status=200 upstream=B rt_ms=226 bytes=37582
2026-03-14 02:25:24.447 edge /api/orders status=200 upstream=B rt_ms=33 bytes=10877
2026-03-14 02:25:25.848 edge / status=200 upstream=B rt_ms=104 bytes=16368
2026-03-14 02:25:26.080 edge /api/events status=200 upstream=B rt_ms=171 bytes=23650
2026-03-14 02:25:27.166 edge /static/style.css status=200 upstream=B rt_ms=295 bytes=22979
2026-03-14 02:25:27.942 edge /static/style.css status=200 upstream=B rt_ms=42 bytes=26885
2026-03-14 02:25:31.066 edge /api/events status=200 upstream=B rt_ms=78 bytes=34803
2026-03-14 02:25:31.522 edge / status=200 upstream=B rt_ms=135 bytes=32469
2026-03-14 02:25:31.849 edge /static/style.css status=200 upstream=B rt_ms=271 bytes=33257
2026-03-14 02:25:32.330 edge /healthz status=200 upstream=B rt_ms=172 bytes=35596
2026-03-14 02:25:36.395 edge /api/events status=200 upstream=B rt_ms=317 bytes=37766
2026-03-14 02:25:37.161 edge /api/events status=200 upstream=B rt_ms=91 bytes=14342
2026-03-14 02:25:38.517 edge /static/style.css status=200 upstream=B rt_ms=155 bytes=34509
2026-03-14 02:25:38.827 edge /healthz status=200 upstream=B rt_ms=374 bytes=28063
2026-03-14 02:25:40.127 edge /healthz status=200 upstream=B rt_ms=353 bytes=7698
2026-03-14 02:25:43.415 edge /static/style.css status=200 upstream=B rt_ms=394 bytes=23089
2026-03-14 02:25:43.635 edge /api/events status=200 upstream=B rt_ms=329 bytes=9597
2026-03-14 02:25:46.225 edge /static/style.css status=200 upstream=B rt_ms=105 bytes=36827
2026-03-14 02:25:46.768 edge / status=200 upstream=B rt_ms=223 bytes=416
2026-03-14 02:25:52.561 edge / status=200 upstream=B rt_ms=156 bytes=4202
2026-03-14 02:25:53.636 edge /static/style.css status=404 upstream=B rt_ms=181 bytes=41877
2026-03-14 02:25:55.017 edge / status=404 upstream=B rt_ms=380 bytes=1168
2026-03-14 02:25:55.031 edge /api/events status=200 upstream=B rt_ms=245 bytes=12381
2026-03-14 02:25:55.184 edge /api/orders status=200 upstream=B rt_ms=300 bytes=27750
2026-03-14 02:25:55.932 edge /static/style.css status=200 upstream=B rt_ms=46 bytes=39748
2026-03-14 02:25:56.318 edge /healthz status=200 upstream=B rt_ms=325 bytes=40626
2026-03-14 02:25:58.259 edge /api/events status=200 upstream=B rt_ms=239 bytes=28307
2026-03-14 02:25:59.050 edge /static/style.css status=200 upstream=B rt_ms=15 bytes=26570
2026-03-14 02:26:02.190 edge /healthz status=200 upstream=B rt_ms=389 bytes=33561
2026-03-14 02:26:02.764 edge /static/style.css status=200 upstream=B rt_ms=136 bytes=27727
2026-03-14 02:26:02.989 edge /api/orders status=404 upstream=B rt_ms=383 bytes=19077
2026-03-14 02:26:03.526 edge /healthz status=200 upstream=B rt_ms=371 bytes=8431
2026-03-14 02:26:04.038 edge /api/orders status=500 upstream=B rt_ms=186 bytes=31269
2026-03-14 02:26:04.740 edge /api/events status=200 upstream=B rt_ms=380 bytes=37070
2026-03-14 02:26:05.365 edge /static/style.css status=404 upstream=B rt_ms=4 bytes=25545
2026-03-14 02:26:06.233 edge /api/orders status=200 upstream=B rt_ms=14 bytes=12310
2026-03-14 02:26:07.078 edge /api/orders status=200 upstream=B rt_ms=379 bytes=18576
2026-03-14 02:26:07.892 edge /static/style.css status=200 upstream=B rt_ms=175 bytes=9496
2026-03-14 02:26:10.329 edge /api/orders status=500 upstream=B rt_ms=288 bytes=23583
2026-03-14 02:26:10.667 edge /api/events status=500 upstream=B rt_ms=154 bytes=28936
2026-03-14 02:26:10.769 edge /api/events status=200 upstream=B rt_ms=114 bytes=10798
2026-03-14 02:26:11.108 edge /api/events status=200 upstream=B rt_ms=272 bytes=24287
2026-03-14 02:26:11.943 edge /static/style.css status=200 upstream=B rt_ms=282 bytes=21601
2026-03-14 02:26:11.972 edge /api/orders status=200 upstream=B rt_ms=193 bytes=19396
2026-03-14 02:26:12.918 edge /healthz status=200 upstream=B rt_ms=246 bytes=39684
2026-03-14 02:26:14.071 edge /healthz status=200 upstream=B rt_ms=264 bytes=34780
2026-03-14 02:26:14.190 edge /healthz status=200 upstream=B rt_ms=205 bytes=35824
2026-03-14 02:26:14.771 edge /api/events status=200 upstream=B rt_ms=125 bytes=14586
2026-03-14 02:26:15.064 edge /api/orders status=404 upstream=B rt_ms=107 bytes=14961
2026-03-14 02:26:17.120 edge /api/events status=200 upstream=B rt_ms=25 bytes=10578
2026-03-14 02:26:18.035 edge /api/events status=200 upstream=B rt_ms=229 bytes=23431
2026-03-14 02:26:18.937 edge /api/events status=404 upstream=B rt_ms=309 bytes=14770
2026-03-14 02:26:19.833 edge /static/style.css status=200 upstream=B rt_ms=86 bytes=3712
2026-03-14 02:26:20.411 edge /healthz status=200 upstream=B rt_ms=262 bytes=34808
2026-03-14 02:26:20.411 edge /static/style.css status=200 upstream=B rt_ms=141 bytes=15320
2026-03-14 02:26:23.996 edge /static/style.css status=200 upstream=B rt_ms=143 bytes=39861
2026-03-14 02:26:25.046 edge /api/events status=200 upstream=B rt_ms=297 bytes=34774
2026-03-14 02:26:25.179 edge /api/orders status=200 upstream=B rt_ms=277 bytes=19340
2026-03-14 02:26:25.395 edge /api/orders status=200 upstream=B rt_ms=319 bytes=31961
2026-03-14 02:26:26.894 edge / status=200 upstream=B rt_ms=5 bytes=5212
2026-03-14 02:26:28.592 edge /api/orders status=200 upstream=B rt_ms=97 bytes=506
2026-03-14 02:26:29.530 edge /static/style.css status=200 upstream=B rt_ms=10 bytes=27798
2026-03-14 02:26:29.594 edge /healthz status=500 upstream=B rt_ms=150 bytes=4606
2026-03-14 02:26:30.401 edge /healthz status=200 upstream=B rt_ms=108 bytes=17283
2026-03-14 02:26:30.699 edge /healthz status=200 upstream=B rt_ms=182 bytes=12432
2026-03-14 02:26:32.202 edge / status=200 upstream=B rt_ms=220 bytes=4543
2026-03-14 02:26:34.830 edge /api/events status=404 upstream=B rt_ms=189 bytes=19262
2026-03-14 02:26:36.947 edge / status=200 upstream=B rt_ms=219 bytes=26575
2026-03-14 02:26:37.477 edge /static/style.css status=200 upstream=B rt_ms=333 bytes=31610
2026-03-14 02:26:38.465 edge /healthz status=200 upstream=B rt_ms=314 bytes=5717
2026-03-14 02:26:40.423 edge /healthz status=200 upstream=B rt_ms=96 bytes=23936
2026-03-14 02:26:41.083 edge /healthz status=200 upstream=B rt_ms=32 bytes=38542
2026-03-14 02:26:41.527 edge /api/events status=200 upstream=B rt_ms=344 bytes=14470
2026-03-14 02:26:43.078 edge /healthz status=200 upstream=B rt_ms=383 bytes=34157
2026-03-14 02:26:43.827 edge /api/orders status=404 upstream=B rt_ms=187 bytes=18265
2026-03-14 02:26:44.135 edge /api/events status=200 upstream=B rt_ms=82 bytes=23933
2026-03-14 02:26:46.060 edge /api/events status=200 upstream=B rt_ms=124 bytes=22770
2026-03-14 02:26:46.816 edge /healthz status=200 upstream=B rt_ms=86 bytes=29551
2026-03-14 02:26:49.707 edge /healthz status=200 upstream=B rt_ms=2 bytes=31945
2026-03-14 02:26:50.890 edge / status=200 upstream=B rt_ms=58 bytes=39023
2026-03-14 02:26:51.166 edge / status=200 upstream=B rt_ms=293 bytes=5532
2026-03-14 02:26:55.236 edge /static/style.css status=200 upstream=B rt_ms=65 bytes=282
2026-03-14 02:26:55.582 edge /healthz status=200 upstream=B rt_ms=282 bytes=31865
2026-03-14 02:26:55.643 edge / status=200 upstream=B rt_ms=288 bytes=11595
2026-03-14 02:26:56.048 edge / status=200 upstream=B rt_ms=103 bytes=39448
2026-03-14 02:26:56.759 edge /api/orders status=200 upstream=B rt_ms=194 bytes=14133
2026-03-14 02:27:00.440 edge /static/style.css status=200 upstream=B rt_ms=101 bytes=31630
2026-03-14 02:27:01.504 edge /healthz status=200 upstream=B rt_ms=308 bytes=8515
2026-03-14 02:27:04.547 edge /healthz status=200 upstream=B rt_ms=348 bytes=24504
2026-03-14 02:27:04.677 edge / status=200 upstream=B rt_ms=316 bytes=3476
2026-03-14 02:27:07.998 edge /healthz status=200 upstream=B rt_ms=130 bytes=23789
2026-03-14 02:27:09.583 edge / status=200 upstream=B rt_ms=341 bytes=25295
2026-03-14 02:27:09.850 edge /healthz status=500 upstream=B rt_ms=125 bytes=11612
2026-03-14 02:27:09.989 edge /static/style.css status=200 upstream=B rt_ms=135 bytes=17968
2026-03-14 02:27:10.199 edge / status=200 upstream=B rt_ms=251 bytes=27162
2026-03-14 02:27:12.839 edge / status=200 upstream=B rt_ms=15 bytes=39005
2026-03-14 02:27:13.345 edge /healthz status=500 upstream=B rt_ms=236 bytes=41152
2026-03-14 02:27:18.324 edge /healthz status=200 upstream=B rt_ms=81 bytes=26338
2026-03-14 02:27:18.806 edge /static/style.css status=404 upstream=B rt_ms=322 bytes=38476
2026-03-14 02:27:19.120 edge /api/events status=200 upstream=B rt_ms=375 bytes=38914
2026-03-14 02:27:24.705 edge /static/style.css status=404 upstream=B rt_ms=113 bytes=18888
2026-03-14 02:27:25.673 edge /api/events status=200 upstream=B rt_ms=320 bytes=19428
2026-03-14 02:27:26.536 edge / status=200 upstream=B rt_ms=219 bytes=27998
2026-03-14 02:27:27.908 edge / status=200 upstream=B rt_ms=11 bytes=23922
2026-03-14 02:27:28.036 edge /api/orders status=200 upstream=B rt_ms=142 bytes=27106
2026-03-14 02:27:29.972 edge /api/events status=200 upstream=B rt_ms=9 bytes=13711
2026-03-14 02:27:29.979 edge /healthz status=200 upstream=B rt_ms=101 bytes=36400
2026-03-14 02:27:31.208 edge / status=200 upstream=B rt_ms=27 bytes=31132
2026-03-14 02:27:31.937 edge /api/orders status=200 upstream=B rt_ms=202 bytes=34402
2026-03-14 02:27:34.947 edge /static/style.css status=200 upstream=B rt_ms=44 bytes=35995
2026-03-14 02:27:35.313 edge /static/style.css status=200 upstream=B rt_ms=111 bytes=26990
2026-03-14 02:27:35.724 edge /static/style.css status=404 upstream=B rt_ms=288 bytes=3342
2026-03-14 02:27:36.652 edge / status=200 upstream=B rt_ms=102 bytes=13620
2026-03-14 02:27:39.697 edge /api/orders status=200 upstream=B rt_ms=33 bytes=16929
2026-03-14 02:27:40.972 edge /api/events status=200 upstream=B rt_ms=160 bytes=9529
2026-03-14 02:27:44.794 edge /api/orders status=200 upstream=B rt_ms=315 bytes=29210
2026-03-14 02:27:45.448 edge /api/orders status=200 upstream=B rt_ms=152 bytes=10225
2026-03-14 02:27:45.758 edge /static/style.css status=200 upstream=B rt_ms=286 bytes=18772
2026-03-14 02:27:47.114 edge /api/events status=200 upstream=B rt_ms=252 bytes=11508
2026-03-14 02:27:48.704 edge /healthz status=200 upstream=B rt_ms=57 bytes=39206
2026-03-14 02:27:50.201 edge /healthz status=200 upstream=B rt_ms=68 bytes=17136
2026-03-14 02:27:55.284 edge /static/style.css status=200 upstream=B rt_ms=43 bytes=40863
2026-03-14 02:27:55.416 edge /api/orders status=200 upstream=B rt_ms=81 bytes=40761
2026-03-14 02:27:55.516 edge /api/events status=200 upstream=B rt_ms=166 bytes=15365
2026-03-14 02:27:56.810 edge / status=200 upstream=B rt_ms=87 bytes=21274
2026-03-14 02:27:57.006 edge /static/style.css status=200 upstream=B rt_ms=226 bytes=13636
2026-03-14 02:27:57.120 edge /static/style.css status=200 upstream=B rt_ms=58 bytes=15433
2026-03-14 02:27:57.805 edge / status=200 upstream=B rt_ms=365 bytes=6375
2026-03-14 02:27:58.665 edge /healthz status=200 upstream=B rt_ms=230 bytes=7124
2026-03-14 02:28:02.773 edge /healthz status=200 upstream=B rt_ms=286 bytes=23576
2026-03-14 02:28:02.854 edge /healthz status=200 upstream=B rt_ms=8 bytes=15052
2026-03-14 02:28:05.173 edge /healthz status=200 upstream=B rt_ms=325 bytes=38271
2026-03-14 02:28:06.106 edge /api/events status=200 upstream=B rt_ms=50 bytes=39818
2026-03-14 02:28:06.348 edge /static/style.css status=200 upstream=B rt_ms=171 bytes=20484
2026-03-14 02:28:06.984 edge / status=200 upstream=B rt_ms=268 bytes=15186
2026-03-14 02:28:08.224 edge /api/orders status=200 upstream=B rt_ms=219 bytes=25010
2026-03-14 02:28:08.802 edge / status=200 upstream=B rt_ms=108 bytes=17017
2026-03-14 02:28:08.881 edge / status=200 upstream=B rt_ms=223 bytes=19434
2026-03-14 02:28:09.454 edge /healthz status=200 upstream=B rt_ms=277 bytes=25551
2026-03-14 02:28:10.154 edge / status=200 upstream=B rt_ms=294 bytes=7526
2026-03-14 02:28:12.640 edge /healthz status=200 upstream=B rt_ms=251 bytes=40217
2026-03-14 02:28:14.610 edge /static/style.css status=200 upstream=B rt_ms=352 bytes=12686
2026-03-14 02:28:14.991 edge / status=200 upstream=B rt_ms=395 bytes=30212
2026-03-14 02:28:15.324 edge /static/style.css status=200 upstream=B rt_ms=95 bytes=20760
2026-03-14 02:28:16.243 edge /healthz status=200 upstream=B rt_ms=369 bytes=34008
2026-03-14 02:28:16.494 edge /healthz status=200 upstream=B rt_ms=208 bytes=28398
2026-03-14 02:28:16.795 edge /api/orders status=200 upstream=B rt_ms=185 bytes=38070
2026-03-14 02:28:16.939 edge /api/orders status=200 upstream=B rt_ms=386 bytes=2974
2026-03-14 02:28:17.784 edge /static/style.css status=200 upstream=B rt_ms=115 bytes=22127
2026-03-14 02:28:18.424 edge /api/events status=200 upstream=B rt_ms=15 bytes=17255
2026-03-14 02:28:18.837 edge /api/orders status=404 upstream=B rt_ms=276 bytes=10815
2026-03-14 02:28:19.028 edge /static/style.css status=200 upstream=B rt_ms=317 bytes=2831
2026-03-14 02:28:20.785 edge /api/events status=200 upstream=B rt_ms=309 bytes=18890
2026-03-14 02:28:22.477 edge /api/orders status=200 upstream=B rt_ms=102 bytes=17813
2026-03-14 02:28:23.422 edge /api/orders status=200 upstream=B rt_ms=321 bytes=33649
2026-03-14 02:28:24.042 edge /api/events status=200 upstream=B rt_ms=181 bytes=18874
2026-03-14 02:28:24.647 edge /api/events status=200 upstream=B rt_ms=247 bytes=1812
2026-03-14 02:28:24.737 edge /api/orders status=200 upstream=B rt_ms=286 bytes=32270
2026-03-14 02:28:25.485 edge / status=200 upstream=B rt_ms=364 bytes=635
2026-03-14 02:28:27.490 edge / status=200 upstream=B rt_ms=384 bytes=36957
2026-03-14 02:28:28.860 edge /api/events status=200 upstream=B rt_ms=90 bytes=16714
2026-03-14 02:28:30.642 edge /api/events status=200 upstream=B rt_ms=69 bytes=14494
2026-03-14 02:28:31.708 edge /api/orders status=200 upstream=B rt_ms=62 bytes=23238
2026-03-14 02:28:32.725 edge / status=200 upstream=B rt_ms=368 bytes=9226
2026-03-14 02:28:32.870 edge /api/orders status=404 upstream=B rt_ms=170 bytes=21153
2026-03-14 02:28:33.897 edge /static/style.css status=200 upstream=B rt_ms=67 bytes=3836
2026-03-14 02:28:35.253 edge /static/style.css status=200 upstream=B rt_ms=136 bytes=10586
2026-03-14 02:28:37.754 edge / status=200 upstream=B rt_ms=316 bytes=3677
2026-03-14 02:28:39.513 edge /static/style.css status=200 upstream=B rt_ms=325 bytes=20092
2026-03-14 02:28:39.846 edge /api/orders status=404 upstream=B rt_ms=219 bytes=36981
2026-03-14 02:28:42.429 edge /api/orders status=200 upstream=B rt_ms=132 bytes=40823
2026-03-14 02:28:43.376 edge / status=200 upstream=B rt_ms=357 bytes=41470
2026-03-14 02:28:44.124 edge / status=200 upstream=B rt_ms=97 bytes=4928
2026-03-14 02:28:44.433 edge /healthz status=200 upstream=B rt_ms=177 bytes=25088
2026-03-14 02:28:45.716 edge / status=200 upstream=B rt_ms=202 bytes=12337
2026-03-14 02:28:48.603 edge /api/orders status=200 upstream=B rt_ms=297 bytes=22563
2026-03-14 02:28:49.991 edge /healthz status=200 upstream=B rt_ms=176 bytes=39660
2026-03-14 02:28:50.635 edge /static/style.css status=200 upstream=B rt_ms=56 bytes=35033
2026-03-14 02:28:50.725 edge /static/style.css status=200 upstream=B rt_ms=94 bytes=41491
2026-03-14 02:28:51.801 edge /static/style.css status=200 upstream=B rt_ms=258 bytes=10978
2026-03-14 02:28:51.824 edge / status=200 upstream=B rt_ms=369 bytes=34140
2026-03-14 02:28:52.500 edge / status=200 upstream=B rt_ms=215 bytes=4607
2026-03-14 02:28:52.914 edge /api/orders status=200 upstream=B rt_ms=183 bytes=20061
2026-03-14 02:28:53.060 edge /healthz status=200 upstream=B rt_ms=72 bytes=22365
2026-03-14 02:28:53.744 edge /static/style.css status=200 upstream=B rt_ms=337 bytes=37554
2026-03-14 02:28:55.359 edge /api/events status=200 upstream=B rt_ms=303 bytes=28545
2026-03-14 02:28:55.894 edge /api/events status=200 upstream=B rt_ms=377 bytes=16854
2026-03-14 02:28:57.294 edge /static/style.css status=200 upstream=B rt_ms=20 bytes=25374
2026-03-14 02:28:59.694 edge /static/style.css status=200 upstream=B rt_ms=93 bytes=33444
2026-03-14 02:29:00.671 edge /healthz status=200 upstream=B rt_ms=329 bytes=37034
2026-03-14 02:29:02.846 edge /api/events status=200 upstream=B rt_ms=32 bytes=1840
2026-03-14 02:29:02.861 edge /api/events status=200 upstream=B rt_ms=121 bytes=24792
2026-03-14 02:29:02.926 edge /static/style.css status=404 upstream=B rt_ms=165 bytes=21287
2026-03-14 02:29:03.165 edge /static/style.css status=200 upstream=B rt_ms=2 bytes=9301
2026-03-14 02:29:04.613 edge /healthz status=404 upstream=B rt_ms=336 bytes=27351
2026-03-14 02:29:04.713 edge /api/events status=200 upstream=B rt_ms=311 bytes=28606
2026-03-14 02:29:05.413 edge /api/orders status=500 upstream=B rt_ms=156 bytes=36538
2026-03-14 02:29:05.496 edge /healthz status=200 upstream=B rt_ms=306 bytes=27606
2026-03-14 02:29:06.787 edge / status=200 upstream=B rt_ms=109 bytes=20961
2026-03-14 02:29:08.168 edge / status=200 upstream=B rt_ms=258 bytes=8598
2026-03-14 02:29:08.795 edge / status=200 upstream=B rt_ms=382 bytes=25790
2026-03-14 02:29:09.577 edge /api/orders status=200 upstream=B rt_ms=351 bytes=24385
2026-03-14 02:29:12.307 edge /healthz status=200 upstream=B rt_ms=38 bytes=25267
2026-03-14 02:29:13.743 edge /healthz status=200 upstream=B rt_ms=300 bytes=15673
2026-03-14 02:29:14.160 edge / status=200 upstream=B rt_ms=395 bytes=34580
2026-03-14 02:29:17.196 edge /api/events status=200 upstream=B rt_ms=26 bytes=10902
2026-03-14 02:29:17.963 edge /api/orders status=200 upstream=B rt_ms=139 bytes=15338
2026-03-14 02:29:19.002 edge /api/events status=200 upstream=B rt_ms=202 bytes=11990
2026-03-14 02:29:20.175 edge /healthz status=404 upstream=B rt_ms=331 bytes=4863
2026-03-14 02:29:20.380 edge /api/orders status=404 upstream=B rt_ms=293 bytes=21978
2026-03-14 02:29:24.415 edge /healthz status=200 upstream=B rt_ms=117 bytes=30690
2026-03-14 02:29:25.108 edge /api/orders status=200 upstream=B rt_ms=134 bytes=32816
2026-03-14 02:29:26.464 edge /static/style.css status=200 upstream=B rt_ms=197 bytes=22503
2026-03-14 02:29:26.701 edge /api/orders status=200 upstream=B rt_ms=54 bytes=33244
2026-03-14 02:29:26.879 edge /api/events status=404 upstream=B rt_ms=68 bytes=27734
2026-03-14 02:29:26.883 edge /api/events status=200 upstream=B rt_ms=136 bytes=13369
2026-03-14 02:29:27.692 edge / status=200 upstream=B rt_ms=305 bytes=17334
2026-03-14 02:29:27.719 edge / status=200 upstream=B rt_ms=380 bytes=23771
2026-03-14 02:29:29.382 edge /healthz status=200 upstream=B rt_ms=234 bytes=19305
2026-03-14 02:29:30.851 edge /api/orders status=200 upstream=B rt_ms=155 bytes=34117
2026-03-14 02:29:31.861 edge /static/style.css status=200 upstream=B rt_ms=258 bytes=29310
2026-03-14 02:29:34.515 edge /api/events status=200 upstream=B rt_ms=22 bytes=40510
2026-03-14 02:29:34.904 edge /healthz status=200 upstream=B rt_ms=213 bytes=37792
2026-03-14 02:29:36.719 edge /api/events status=500 upstream=B rt_ms=121 bytes=25086
2026-03-14 02:29:36.851 edge /healthz status=200 upstream=B rt_ms=103 bytes=18273
2026-03-14 02:29:37.695 edge /healthz status=200 upstream=B rt_ms=99 bytes=37383
2026-03-14 02:29:39.377 edge /static/style.css status=200 upstream=B rt_ms=361 bytes=23380
2026-03-14 02:29:41.228 edge /static/style.css status=200 upstream=B rt_ms=134 bytes=38933
2026-03-14 02:29:45.313 edge /healthz status=200 upstream=B rt_ms=42 bytes=13728
2026-03-14 02:29:45.322 edge /static/style.css status=200 upstream=B rt_ms=212 bytes=36111
2026-03-14 02:29:45.387 edge /static/style.css status=200 upstream=B rt_ms=152 bytes=13212
2026-03-14 02:29:45.582 edge /healthz status=200 upstream=B rt_ms=284 bytes=6352
2026-03-14 02:29:48.269 edge /healthz status=500 upstream=B rt_ms=304 bytes=23854
2026-03-14 02:29:50.178 edge /healthz status=200 upstream=B rt_ms=38 bytes=14028
2026-03-14 02:29:51.087 edge / status=200 upstream=B rt_ms=371 bytes=4539
2026-03-14 02:29:52.725 edge /api/orders status=200 upstream=B rt_ms=385 bytes=15912
2026-03-14 02:29:53.076 edge /static/style.css status=200 upstream=B rt_ms=204 bytes=13783
2026-03-14 02:29:53.714 edge /static/style.css status=200 upstream=B rt_ms=116 bytes=18580
2026-03-14 02:29:53.899 edge /static/style.css status=200 upstream=B rt_ms=20 bytes=24868
2026-03-14 02:29:54.841 edge /healthz status=200 upstream=B rt_ms=158 bytes=24610
2026-03-14 02:29:55.547 edge /api/events status=200 upstream=B rt_ms=40 bytes=24777
2026-03-14 02:29:55.679 edge /healthz status=200 upstream=B rt_ms=62 bytes=34657
2026-03-14 02:29:55.831 edge /static/style.css status=500 upstream=B rt_ms=388 bytes=8017
2026-03-14 02:30:01.172 edge /api/events status=200 upstream=B rt_ms=50 bytes=14858
2026-03-14 02:30:01.278 edge /static/style.css status=404 upstream=B rt_ms=78 bytes=5052
2026-03-14 02:30:01.595 edge /static/style.css status=200 upstream=B rt_ms=208 bytes=12637
2026-03-14 02:30:02.418 edge /api/events status=200 upstream=B rt_ms=96 bytes=41891
2026-03-14 02:30:03.251 edge /api/orders status=200 upstream=B rt_ms=134 bytes=26802
2026-03-14 02:30:03.623 edge /static/style.css status=200 upstream=B rt_ms=279 bytes=34439
2026-03-14 02:30:04.028 edge / status=200 upstream=B rt_ms=3 bytes=10816
2026-03-14 02:30:05.045 edge / status=200 upstream=B rt_ms=265 bytes=33068
2026-03-14 02:30:05.208 edge / status=200 upstream=B rt_ms=381 bytes=2656
2026-03-14 02:30:05.214 edge /static/style.css status=200 upstream=B rt_ms=324 bytes=20797
2026-03-14 02:30:05.365 edge /api/events status=200 upstream=B rt_ms=285 bytes=8760
2026-03-14 02:30:05.689 edge /healthz status=200 upstream=B rt_ms=354 bytes=21122
2026-03-14 02:30:05.879 edge /api/orders status=200 upstream=B rt_ms=396 bytes=3668
2026-03-14 02:30:07.152 edge /api/events status=200 upstream=B rt_ms=333 bytes=7962
2026-03-14 02:30:08.056 edge /healthz status=200 upstream=B rt_ms=191 bytes=3142
2026-03-14 02:30:08.833 edge /api/events status=200 upstream=B rt_ms=321 bytes=17459
2026-03-14 02:30:11.004 edge / status=500 upstream=B rt_ms=25 bytes=20721
2026-03-14 02:30:14.409 edge /healthz status=200 upstream=B rt_ms=139 bytes=17836
2026-03-14 02:30:14.651 edge /api/events status=200 upstream=B rt_ms=315 bytes=29684
2026-03-14 02:30:15.271 edge /api/events status=200 upstream=B rt_ms=218 bytes=39495
2026-03-14 02:30:15.353 edge /api/orders status=200 upstream=B rt_ms=122 bytes=27674
2026-03-14 02:30:17.946 edge /healthz status=200 upstream=B rt_ms=309 bytes=24579
2026-03-14 02:30:19.046 edge / status=200 upstream=B rt_ms=79 bytes=14351
2026-03-14 02:30:20.512 edge /api/events status=500 upstream=B rt_ms=139 bytes=39003
2026-03-14 02:30:21.150 edge /healthz status=200 upstream=B rt_ms=215 bytes=12980
2026-03-14 02:30:21.882 edge /api/events status=200 upstream=B rt_ms=277 bytes=38930
2026-03-14 02:30:22.289 edge /api/events status=200 upstream=B rt_ms=104 bytes=13232
2026-03-14 02:30:22.865 edge /api/orders status=200 upstream=B rt_ms=298 bytes=21193
2026-03-14 02:30:24.478 edge /api/orders status=200 upstream=B rt_ms=392 bytes=30648
2026-03-14 02:30:25.066 edge /static/style.css status=200 upstream=B rt_ms=358 bytes=12066
2026-03-14 02:30:25.152 edge / status=200 upstream=B rt_ms=165 bytes=15262
2026-03-14 02:30:26.657 edge /static/style.css status=200 upstream=B rt_ms=256 bytes=28430
2026-03-14 02:30:27.227 edge /api/events status=200 upstream=B rt_ms=155 bytes=21281
2026-03-14 02:30:27.446 edge /api/events status=200 upstream=B rt_ms=345 bytes=23454
2026-03-14 02:30:28.945 edge /api/orders status=200 upstream=B rt_ms=130 bytes=20518
2026-03-14 02:30:29.764 edge /api/events status=200 upstream=B rt_ms=375 bytes=39726
2026-03-14 02:30:30.479 edge /api/events status=200 upstream=B rt_ms=332 bytes=8286
2026-03-14 02:30:31.207 edge /healthz status=200 upstream=B rt_ms=97 bytes=22854
2026-03-14 02:30:31.502 edge /healthz status=200 upstream=B rt_ms=120 bytes=7516
2026-03-14 02:30:32.741 edge / status=200 upstream=B rt_ms=297 bytes=41594
2026-03-14 02:30:33.490 edge /api/events status=404 upstream=B rt_ms=351 bytes=4241
2026-03-14 02:30:34.145 edge /static/style.css status=200 upstream=B rt_ms=144 bytes=3111
2026-03-14 02:30:34.754 edge /healthz status=200 upstream=B rt_ms=352 bytes=17742
2026-03-14 02:30:35.220 edge /api/orders status=200 upstream=B rt_ms=256 bytes=29951
2026-03-14 02:30:37.529 edge / status=200 upstream=B rt_ms=200 bytes=27903
2026-03-14 02:30:38.103 edge /healthz status=200 upstream=B rt_ms=231 bytes=8419
2026-03-14 02:30:38.113 edge / status=200 upstream=B rt_ms=90 bytes=31027
2026-03-14 02:30:40.460 edge /api/orders status=200 upstream=B rt_ms=384 bytes=28323
2026-03-14 02:30:41.842 edge /api/events status=200 upstream=B rt_ms=132 bytes=18534
2026-03-14 02:30:43.198 edge /api/orders status=200 upstream=B rt_ms=111 bytes=40558
2026-03-14 02:30:44.210 edge / status=200 upstream=B rt_ms=367 bytes=33731
2026-03-14 02:30:44.511 edge /api/events status=200 upstream=B rt_ms=338 bytes=4284
2026-03-14 02:30:46.828 edge /api/orders status=200 upstream=B rt_ms=61 bytes=27255
2026-03-14 02:30:47.318 edge /api/events status=200 upstream=B rt_ms=370 bytes=19404
2026-03-14 02:30:47.427 edge /healthz status=200 upstream=B rt_ms=361 bytes=35435
2026-03-14 02:30:47.432 edge /api/orders status=200 upstream=B rt_ms=129 bytes=15630
2026-03-14 02:30:48.437 edge / status=404 upstream=B rt_ms=262 bytes=11485
2026-03-14 02:30:49.578 edge / status=200 upstream=B rt_ms=361 bytes=11009
2026-03-14 02:30:49.838 edge /api/events status=200 upstream=B rt_ms=305 bytes=23184
2026-03-14 02:30:50.990 edge /api/orders status=200 upstream=B rt_ms=51 bytes=2700
2026-03-14 02:30:51.490 edge /api/orders status=200 upstream=B rt_ms=273 bytes=29662
2026-03-14 02:30:52.407 edge /static/style.css status=200 upstream=B rt_ms=29 bytes=35372
2026-03-14 02:30:53.250 edge /static/style.css status=200 upstream=B rt_ms=315 bytes=38763
2026-03-14 02:30:54.136 edge /healthz status=200 upstream=B rt_ms=3 bytes=15586
2026-03-14 02:30:54.502 edge /api/events status=200 upstream=B rt_ms=242 bytes=16307
2026-03-14 02:30:55.231 edge /healthz status=200 upstream=B rt_ms=316 bytes=32767
2026-03-14 02:30:58.625 edge /static/style.css status=200 upstream=B rt_ms=60 bytes=36168
2026-03-14 02:30:58.734 edge / status=200 upstream=B rt_ms=87 bytes=1551
2026-03-14 02:30:59.698 edge /api/events status=200 upstream=B rt_ms=319 bytes=32163
2026-03-14 02:31:00.474 edge /healthz status=200 upstream=B rt_ms=221 bytes=33341
2026-03-14 02:31:00.986 edge / status=200 upstream=B rt_ms=27 bytes=26825
2026-03-14 02:31:01.955 edge / status=200 upstream=B rt_ms=247 bytes=17555
2026-03-14 02:31:02.178 edge /healthz status=200 upstream=B rt_ms=280 bytes=1074
2026-03-14 02:31:02.433 edge /api/orders status=200 upstream=B rt_ms=118 bytes=21841
2026-03-14 02:31:02.692 edge /static/style.css status=200 upstream=B rt_ms=348 bytes=26221
2026-03-14 02:31:03.026 edge /healthz status=200 upstream=B rt_ms=360 bytes=30933
2026-03-14 02:31:03.486 edge /static/style.css status=200 upstream=B rt_ms=45 bytes=9864
2026-03-14 02:31:05.609 edge /healthz status=200 upstream=B rt_ms=65 bytes=14015
2026-03-14 02:31:05.910 edge /healthz status=200 upstream=B rt_ms=248 bytes=40018
2026-03-14 02:31:06.618 edge /api/orders status=200 upstream=B rt_ms=367 bytes=18471
2026-03-14 02:31:07.725 edge /healthz status=200 upstream=B rt_ms=367 bytes=8709
2026-03-14 02:31:07.905 edge /static/style.css status=200 upstream=B rt_ms=71 bytes=28887
2026-03-14 02:31:10.335 edge /api/orders status=200 upstream=B rt_ms=57 bytes=23956
2026-03-14 02:31:12.914 edge /api/orders status=200 upstream=B rt_ms=200 bytes=2005
2026-03-14 02:31:13.623 edge /healthz status=200 upstream=B rt_ms=223 bytes=1021
2026-03-14 02:31:13.676 edge / status=200 upstream=B rt_ms=320 bytes=28079
2026-03-14 02:31:14.320 edge /api/orders status=200 upstream=B rt_ms=383 bytes=30271
2026-03-14 02:31:14.379 edge /api/events status=200 upstream=B rt_ms=318 bytes=12117
2026-03-14 02:31:14.515 edge /healthz status=200 upstream=B rt_ms=25 bytes=32160
2026-03-14 02:31:14.904 edge /healthz status=404 upstream=B rt_ms=45 bytes=35991
2026-03-14 02:31:15.545 edge /healthz status=200 upstream=B rt_ms=224 bytes=41066
2026-03-14 02:31:15.987 edge /static/style.css status=200 upstream=B rt_ms=34 bytes=10205
2026-03-14 02:31:16.357 edge /healthz status=200 upstream=B rt_ms=156 bytes=13512
2026-03-14 02:31:17.967 edge /api/events status=200 upstream=B rt_ms=64 bytes=31053
2026-03-14 02:31:21.051 edge / status=200 upstream=B rt_ms=301 bytes=6277
2026-03-14 02:31:21.327 edge /healthz status=200 upstream=B rt_ms=156 bytes=33731
2026-03-14 02:31:22.364 edge /api/events status=200 upstream=B rt_ms=257 bytes=39206
2026-03-14 02:31:24.676 edge /static/style.css status=200 upstream=B rt_ms=272 bytes=10989
2026-03-14 02:31:26.252 edge /healthz status=200 upstream=B rt_ms=120 bytes=4305
2026-03-14 02:31:28.111 edge /api/events status=200 upstream=B rt_ms=61 bytes=5116
2026-03-14 02:31:28.658 edge /static/style.css status=200 upstream=B rt_ms=236 bytes=11563
2026-03-14 02:31:28.923 edge /api/events status=200 upstream=B rt_ms=107 bytes=9408
2026-03-14 02:31:29.101 edge /api/orders status=200 upstream=B rt_ms=273 bytes=16556
2026-03-14 02:31:29.400 edge /healthz status=200 upstream=B rt_ms=218 bytes=40605
2026-03-14 02:31:29.519 edge / status=200 upstream=B rt_ms=5 bytes=25366
2026-03-14 02:31:31.279 edge /api/events status=200 upstream=B rt_ms=68 bytes=28504
2026-03-14 02:31:34.144 edge /api/orders status=200 upstream=B rt_ms=369 bytes=6854
2026-03-14 02:31:35.914 edge /api/orders status=200 upstream=B rt_ms=217 bytes=41698
2026-03-14 02:31:37.228 edge /api/events status=200 upstream=B rt_ms=206 bytes=20244
2026-03-14 02:31:38.039 edge /api/events status=200 upstream=B rt_ms=107 bytes=35953
2026-03-14 02:31:40.290 edge / status=200 upstream=B rt_ms=378 bytes=39569
2026-03-14 02:31:42.801 edge /api/orders status=200 upstream=B rt_ms=115 bytes=17798
2026-03-14 02:31:43.140 edge /healthz status=200 upstream=B rt_ms=260 bytes=25388
2026-03-14 02:31:43.718 edge /static/style.css status=200 upstream=B rt_ms=138 bytes=27424
2026-03-14 02:31:45.166 edge / status=200 upstream=B rt_ms=367 bytes=11672
2026-03-14 02:31:45.173 edge /api/orders status=200 upstream=B rt_ms=314 bytes=31179
2026-03-14 02:31:45.406 edge /api/orders status=200 upstream=B rt_ms=206 bytes=10510
2026-03-14 02:31:46.931 edge /api/orders status=200 upstream=B rt_ms=60 bytes=6575
2026-03-14 02:31:46.948 edge /api/orders status=500 upstream=B rt_ms=74 bytes=8231
2026-03-14 02:31:47.573 edge /healthz status=200 upstream=B rt_ms=159 bytes=1899
2026-03-14 02:31:47.683 edge /api/orders status=200 upstream=B rt_ms=304 bytes=18053
2026-03-14 02:31:48.031 edge /healthz status=500 upstream=B rt_ms=104 bytes=32982
2026-03-14 02:31:49.371 edge /api/events status=404 upstream=B rt_ms=227 bytes=22995
2026-03-14 02:31:49.827 edge / status=200 upstream=B rt_ms=148 bytes=40107
2026-03-14 02:31:50.363 edge / status=200 upstream=B rt_ms=94 bytes=9973
2026-03-14 02:31:50.807 edge / status=200 upstream=B rt_ms=324 bytes=15812
2026-03-14 02:31:51.118 edge / status=200 upstream=B rt_ms=376 bytes=16619
2026-03-14 02:31:52.248 edge /api/events status=200 upstream=B rt_ms=98 bytes=20563
2026-03-14 02:31:54.754 edge / status=200 upstream=B rt_ms=16 bytes=35721
2026-03-14 02:31:57.259 edge /api/events status=200 upstream=B rt_ms=295 bytes=38880
2026-03-14 02:31:57.976 edge /api/events status=200 upstream=B rt_ms=93 bytes=18270
2026-03-14 02:31:58.888 edge /api/orders status=200 upstream=B rt_ms=87 bytes=8141
2026-03-14 02:31:59.457 edge /api/events status=200 upstream=B rt_ms=183 bytes=22151
2026-03-14 02:31:59.981 edge /healthz status=200 upstream=B rt_ms=124 bytes=5571
2026-03-14 02:32:00.017 edge event=deploy marker=router-config-v8 pushed_by=ci
2026-03-14 02:32:00.197 edge / status=200 upstream=B rt_ms=205 bytes=19167
2026-03-14 02:32:02.123 edge /static/style.css status=200 upstream=B rt_ms=23 bytes=36966
2026-03-14 02:32:02.206 edge /healthz status=200 upstream=B rt_ms=51 bytes=5667
2026-03-14 02:32:02.436 edge /api/orders status=200 upstream=B rt_ms=135 bytes=33258
2026-03-14 02:32:02.797 edge /static/style.css status=200 upstream=B rt_ms=90 bytes=18824
2026-03-14 02:32:04.338 edge /api/events status=200 upstream=B rt_ms=19 bytes=18390
2026-03-14 02:32:04.598 edge /api/orders status=200 upstream=B rt_ms=156 bytes=27744
2026-03-14 02:32:05.080 edge /healthz status=200 upstream=B rt_ms=69 bytes=38046
2026-03-14 02:32:05.136 edge /api/events status=200 upstream=B rt_ms=35 bytes=4913
2026-03-14 02:32:05.780 edge /healthz status=200 upstream=B rt_ms=309 bytes=32639
2026-03-14 02:32:06.889 edge /api/orders status=200 upstream=B rt_ms=71 bytes=27050
2026-03-14 02:32:08.789 edge /api/events status=500 upstream=B rt_ms=356 bytes=19282
2026-03-14 02:32:09.454 edge /api/orders status=200 upstream=B rt_ms=288 bytes=19833
2026-03-14 02:32:09.582 edge /api/events status=200 upstream=B rt_ms=387 bytes=5385
2026-03-14 02:32:10.130 edge / status=200 upstream=B rt_ms=49 bytes=7536
2026-03-14 02:32:10.203 edge /api/orders status=200 upstream=B rt_ms=213 bytes=21083
2026-03-14 02:32:12.759 edge /api/events status=200 upstream=B rt_ms=222 bytes=7404
2026-03-14 02:32:14.642 edge /api/events status=200 upstream=B rt_ms=209 bytes=40762
2026-03-14 02:32:17.716 edge / status=200 upstream=B rt_ms=300 bytes=28212
2026-03-14 02:32:18.128 edge / status=200 upstream=B rt_ms=211 bytes=35901
2026-03-14 02:32:18.315 edge /healthz status=200 upstream=B rt_ms=190 bytes=40913
2026-03-14 02:32:19.041 edge /static/style.css status=200 upstream=B rt_ms=93 bytes=7701
2026-03-14 02:32:19.278 edge /api/orders status=200 upstream=B rt_ms=249 bytes=16208
2026-03-14 02:32:19.349 edge / status=200 upstream=B rt_ms=159 bytes=24514
2026-03-14 02:32:19.683 edge /healthz status=200 upstream=B rt_ms=329 bytes=35196
2026-03-14 02:32:20.228 edge /static/style.css status=500 upstream=B rt_ms=232 bytes=23517
2026-03-14 02:32:21.361 edge / status=200 upstream=B rt_ms=232 bytes=37997
2026-03-14 02:32:21.870 edge /healthz status=200 upstream=B rt_ms=320 bytes=31538
2026-03-14 02:32:22.312 edge /static/style.css status=200 upstream=B rt_ms=191 bytes=12319
2026-03-14 02:32:24.517 edge /api/orders status=200 upstream=B rt_ms=320 bytes=1147
2026-03-14 02:32:24.875 edge /healthz status=200 upstream=B rt_ms=230 bytes=37476
2026-03-14 02:32:24.972 edge /api/orders status=200 upstream=B rt_ms=228 bytes=31799
2026-03-14 02:32:26.819 edge /api/events status=200 upstream=B rt_ms=187 bytes=24941
2026-03-14 02:32:28.028 edge /api/events status=200 upstream=B rt_ms=187 bytes=28657
2026-03-14 02:32:29.704 edge /api/orders status=200 upstream=B rt_ms=78 bytes=5519
2026-03-14 02:32:30.649 edge /api/events status=200 upstream=B rt_ms=145 bytes=25473
2026-03-14 02:32:31.148 edge /static/style.css status=200 upstream=B rt_ms=319 bytes=30152
2026-03-14 02:32:33.793 edge /api/orders status=200 upstream=B rt_ms=100 bytes=17073
2026-03-14 02:32:34.679 edge /api/events status=200 upstream=B rt_ms=146 bytes=24411
2026-03-14 02:32:37.354 edge /api/events status=200 upstream=B rt_ms=230 bytes=39288
2026-03-14 02:32:41.784 edge /api/events status=200 upstream=B rt_ms=303 bytes=38342
2026-03-14 02:32:43.171 edge / status=200 upstream=B rt_ms=28 bytes=17565
2026-03-14 02:32:43.553 edge /healthz status=200 upstream=B rt_ms=255 bytes=18853
2026-03-14 02:32:44.279 edge /static/style.css status=200 upstream=B rt_ms=78 bytes=26461
2026-03-14 02:32:45.879 edge /api/events status=200 upstream=B rt_ms=75 bytes=5960
2026-03-14 02:32:48.611 edge /api/events status=200 upstream=B rt_ms=139 bytes=38433
2026-03-14 02:32:49.255 edge /api/events status=500 upstream=B rt_ms=128 bytes=25738
2026-03-14 02:32:49.915 edge /healthz status=200 upstream=B rt_ms=225 bytes=12250
2026-03-14 02:32:49.998 edge / status=200 upstream=B rt_ms=348 bytes=32322
2026-03-14 02:32:50.805 edge /healthz status=500 upstream=B rt_ms=44 bytes=36012
2026-03-14 02:32:53.353 edge /static/style.css status=200 upstream=B rt_ms=41 bytes=4827
2026-03-14 02:32:53.365 edge /api/events status=200 upstream=B rt_ms=186 bytes=1962
2026-03-14 02:32:53.490 edge / status=200 upstream=B rt_ms=103 bytes=35948
2026-03-14 02:32:54.865 edge / status=200 upstream=B rt_ms=177 bytes=38664
2026-03-14 02:32:55.131 edge /healthz status=200 upstream=B rt_ms=73 bytes=10486
2026-03-14 02:32:57.156 edge /api/orders status=200 upstream=B rt_ms=26 bytes=35945
2026-03-14 02:32:57.236 edge /api/orders status=200 upstream=B rt_ms=101 bytes=24483
2026-03-14 02:33:01.017 edge /api/orders status=200 upstream=B rt_ms=95 bytes=33485
2026-03-14 02:33:01.682 edge /healthz status=200 upstream=B rt_ms=40 bytes=31196
2026-03-14 02:33:02.596 edge / status=500 upstream=B rt_ms=258 bytes=5044
2026-03-14 02:33:04.437 edge /api/orders status=200 upstream=B rt_ms=167 bytes=15025
2026-03-14 02:33:08.980 edge /healthz status=200 upstream=B rt_ms=170 bytes=20914
2026-03-14 02:33:11.636 edge /static/style.css status=404 upstream=B rt_ms=134 bytes=30859
2026-03-14 02:33:11.736 edge /healthz status=200 upstream=B rt_ms=90 bytes=12920
2026-03-14 02:33:13.904 edge / status=200 upstream=B rt_ms=155 bytes=26415
2026-03-14 02:33:14.026 edge /static/style.css status=200 upstream=B rt_ms=273 bytes=13437
2026-03-14 02:33:16.485 edge / status=200 upstream=B rt_ms=316 bytes=11613
2026-03-14 02:33:16.970 edge /healthz status=500 upstream=B rt_ms=370 bytes=17376
2026-03-14 02:33:17.360 edge / status=200 upstream=B rt_ms=161 bytes=12091
2026-03-14 02:33:22.332 edge / status=200 upstream=B rt_ms=286 bytes=3526
2026-03-14 02:33:25.320 edge /api/events status=200 upstream=B rt_ms=294 bytes=17029
2026-03-14 02:33:26.039 edge / status=200 upstream=B rt_ms=272 bytes=41627
2026-03-14 02:33:27.776 edge / status=200 upstream=B rt_ms=261 bytes=37793
2026-03-14 02:33:29.720 edge /healthz status=200 upstream=B rt_ms=124 bytes=30404
2026-03-14 02:33:30.083 edge /static/style.css status=200 upstream=B rt_ms=392 bytes=36687
2026-03-14 02:33:30.262 edge / status=200 upstream=B rt_ms=225 bytes=12820
2026-03-14 02:33:31.614 edge /healthz status=200 upstream=B rt_ms=351 bytes=39062
2026-03-14 02:33:32.364 edge / status=200 upstream=B rt_ms=250 bytes=14914
2026-03-14 02:33:33.657 edge /static/style.css status=200 upstream=B rt_ms=137 bytes=33552
2026-03-14 02:33:33.868 edge / status=500 upstream=B rt_ms=101 bytes=8705
2026-03-14 02:33:33.987 edge /api/orders status=200 upstream=B rt_ms=328 bytes=22136
2026-03-14 02:33:36.988 edge /api/orders status=200 upstream=B rt_ms=184 bytes=6211
2026-03-14 02:33:37.533 edge /api/events status=200 upstream=B rt_ms=63 bytes=33519
2026-03-14 02:33:38.552 edge /api/orders status=404 upstream=B rt_ms=7 bytes=10491
2026-03-14 02:33:39.294 edge / status=200 upstream=B rt_ms=37 bytes=41541
2026-03-14 02:33:42.061 edge /api/orders status=200 upstream=B rt_ms=383 bytes=6610
2026-03-14 02:33:42.738 edge /static/style.css status=200 upstream=B rt_ms=216 bytes=1629
2026-03-14 02:33:44.527 edge /healthz status=200 upstream=B rt_ms=255 bytes=19708
2026-03-14 02:33:44.608 edge /static/style.css status=200 upstream=B rt_ms=365 bytes=15813
2026-03-14 02:33:47.266 edge / status=500 upstream=B rt_ms=60 bytes=6589
2026-03-14 02:33:48.119 edge /api/events status=200 upstream=B rt_ms=107 bytes=24776
2026-03-14 02:33:48.377 edge /static/style.css status=200 upstream=B rt_ms=325 bytes=16089
2026-03-14 02:33:51.663 edge /api/orders status=200 upstream=B rt_ms=386 bytes=26714
2026-03-14 02:33:54.443 edge /api/orders status=200 upstream=B rt_ms=129 bytes=9403
2026-03-14 02:33:54.868 edge /static/style.css status=200 upstream=B rt_ms=32 bytes=4215
2026-03-14 02:33:55.284 edge /static/style.css status=200 upstream=B rt_ms=19 bytes=21062
2026-03-14 02:33:56.541 edge / status=200 upstream=B rt_ms=325 bytes=10358
2026-03-14 02:33:56.817 edge /healthz status=200 upstream=B rt_ms=372 bytes=39087
2026-03-14 02:33:58.041 edge / status=200 upstream=B rt_ms=236 bytes=1562
2026-03-14 02:33:58.832 edge /api/events status=200 upstream=B rt_ms=36 bytes=24153
2026-03-14 02:33:59.694 edge / status=200 upstream=B rt_ms=249 bytes=36785
2026-03-14 02:34:00.865 edge /api/events status=502 upstream=B rt_ms=228 bytes=25869
2026-03-14 02:34:00.908 edge /api/events status=502 upstream=B rt_ms=144 bytes=34199
2026-03-14 02:34:01.025 edge /api/orders status=200 upstream=B rt_ms=287 bytes=2911
2026-03-14 02:34:01.620 edge /static/style.css status=200 upstream=B rt_ms=167 bytes=30365
2026-03-14 02:34:01.686 edge /static/style.css status=200 upstream=B rt_ms=163 bytes=15594
2026-03-14 02:34:05.488 edge / status=200 upstream=B rt_ms=78 bytes=9858
2026-03-14 02:34:05.814 edge /api/orders status=200 upstream=B rt_ms=112 bytes=20992
2026-03-14 02:34:06.198 edge /static/style.css status=200 upstream=B rt_ms=223 bytes=29749
2026-03-14 02:34:06.838 edge /static/style.css status=200 upstream=B rt_ms=332 bytes=15651
2026-03-14 02:34:07.950 edge / status=500 upstream=B rt_ms=161 bytes=28023
2026-03-14 02:34:08.971 edge /api/events status=200 upstream=B rt_ms=263 bytes=4834
2026-03-14 02:34:10.459 edge /static/style.css status=200 upstream=B rt_ms=197 bytes=20020
2026-03-14 02:34:10.529 edge / status=502 upstream=B rt_ms=394 bytes=14214
2026-03-14 02:34:10.668 edge /static/style.css status=200 upstream=B rt_ms=350 bytes=17102
2026-03-14 02:34:11.663 edge /healthz status=200 upstream=B rt_ms=22 bytes=38785
2026-03-14 02:34:12.160 edge /static/style.css status=404 upstream=B rt_ms=284 bytes=29199
2026-03-14 02:34:12.999 edge /api/events status=200 upstream=B rt_ms=48 bytes=1515
2026-03-14 02:34:14.123 edge / status=502 upstream=B rt_ms=262 bytes=8980
2026-03-14 02:34:15.138 edge /static/style.css status=502 upstream=B rt_ms=333 bytes=38300
2026-03-14 02:34:17.335 edge /static/style.css status=200 upstream=B rt_ms=252 bytes=11250
2026-03-14 02:34:17.610 edge /api/orders status=502 upstream=B rt_ms=7 bytes=33446
2026-03-14 02:34:17.679 edge /api/orders status=502 upstream=B rt_ms=305 bytes=33463
2026-03-14 02:34:18.049 edge /healthz status=200 upstream=B rt_ms=225 bytes=25288
2026-03-14 02:34:18.470 edge /static/style.css status=200 upstream=B rt_ms=22 bytes=35754
2026-03-14 02:34:18.475 edge /static/style.css status=502 upstream=B rt_ms=77 bytes=27928
2026-03-14 02:34:20.146 edge /static/style.css status=200 upstream=B rt_ms=372 bytes=14091
2026-03-14 02:34:20.727 edge / status=500 upstream=B rt_ms=204 bytes=28298
2026-03-14 02:34:20.798 edge /static/style.css status=502 upstream=B rt_ms=56 bytes=15379
2026-03-14 02:34:21.307 edge /static/style.css status=502 upstream=B rt_ms=363 bytes=34415
2026-03-14 02:34:23.224 edge /healthz status=502 upstream=B rt_ms=341 bytes=16382
2026-03-14 02:34:24.837 edge /api/orders status=502 upstream=B rt_ms=284 bytes=32354
2026-03-14 02:34:26.504 edge /api/events status=200 upstream=B rt_ms=51 bytes=38167
2026-03-14 02:34:27.752 edge / status=200 upstream=B rt_ms=214 bytes=18992
2026-03-14 02:34:29.378 edge / status=502 upstream=B rt_ms=185 bytes=2845
2026-03-14 02:34:31.904 edge /healthz status=502 upstream=B rt_ms=40 bytes=29824
2026-03-14 02:34:35.273 edge /api/events status=502 upstream=B rt_ms=300 bytes=16573
2026-03-14 02:34:36.439 edge /healthz status=200 upstream=B rt_ms=359 bytes=22631
2026-03-14 02:34:36.541 edge /healthz status=502 upstream=B rt_ms=80 bytes=8121
2026-03-14 02:34:38.181 edge /api/orders status=502 upstream=B rt_ms=61 bytes=40185
2026-03-14 02:34:39.447 edge /api/events status=502 upstream=B rt_ms=65 bytes=24931
2026-03-14 02:34:40.090 edge /api/events status=500 upstream=B rt_ms=330 bytes=22370
2026-03-14 02:34:41.698 edge /static/style.css status=200 upstream=B rt_ms=296 bytes=39028
2026-03-14 02:34:41.991 edge /healthz status=200 upstream=B rt_ms=85 bytes=27638
2026-03-14 02:34:42.886 edge /api/orders status=500 upstream=B rt_ms=398 bytes=20290
2026-03-14 02:34:45.616 edge / status=502 upstream=B rt_ms=376 bytes=37236
2026-03-14 02:34:46.453 edge /static/style.css status=500 upstream=B rt_ms=163 bytes=31662
2026-03-14 02:34:46.889 edge / status=502 upstream=B rt_ms=33 bytes=33427
2026-03-14 02:34:48.685 edge /api/events status=502 upstream=B rt_ms=171 bytes=36877
2026-03-14 02:34:49.700 edge / status=200 upstream=B rt_ms=384 bytes=37245
2026-03-14 02:34:50.339 edge / status=502 upstream=B rt_ms=128 bytes=22895
2026-03-14 02:34:52.311 edge /healthz status=200 upstream=B rt_ms=166 bytes=15462
2026-03-14 02:34:57.688 edge /api/orders status=502 upstream=B rt_ms=87 bytes=9380
2026-03-14 02:34:58.944 edge /api/orders status=404 upstream=B rt_ms=63 bytes=12257
2026-03-14 02:35:00.203 edge /healthz status=200 upstream=B rt_ms=71 bytes=35563
2026-03-14 02:35:00.807 edge / status=200 upstream=B rt_ms=293 bytes=36797
2026-03-14 02:35:00.995 edge / status=502 upstream=B rt_ms=65 bytes=33805
2026-03-14 02:35:02.659 edge /api/orders status=200 upstream=B rt_ms=283 bytes=39165
2026-03-14 02:35:05.747 edge /api/events status=502 upstream=B rt_ms=104 bytes=10337
2026-03-14 02:35:05.770 edge / status=200 upstream=B rt_ms=27 bytes=10010
2026-03-14 02:35:06.930 edge /api/events status=502 upstream=B rt_ms=118 bytes=282
2026-03-14 02:35:06.941 edge /api/orders status=200 upstream=B rt_ms=208 bytes=7119
2026-03-14 02:35:07.048 edge /healthz status=200 upstream=B rt_ms=358 bytes=27950
2026-03-14 02:35:07.121 edge /healthz status=502 upstream=B rt_ms=181 bytes=25499
2026-03-14 02:35:07.169 edge /static/style.css status=200 upstream=B rt_ms=336 bytes=25512
2026-03-14 02:35:07.505 edge /healthz status=502 upstream=B rt_ms=394 bytes=11998
2026-03-14 02:35:07.694 edge / status=502 upstream=B rt_ms=51 bytes=2026
2026-03-14 02:35:08.361 edge /healthz status=200 upstream=B rt_ms=258 bytes=21790
2026-03-14 02:35:10.047 edge / status=200 upstream=B rt_ms=22 bytes=14582
2026-03-14 02:35:10.349 edge /healthz status=200 upstream=B rt_ms=320 bytes=28910
2026-03-14 02:35:10.556 edge / status=502 upstream=B rt_ms=105 bytes=39775
2026-03-14 02:35:14.657 edge /api/orders status=200 upstream=B rt_ms=207 bytes=25692
2026-03-14 02:35:17.042 edge / status=502 upstream=B rt_ms=32 bytes=7552
2026-03-14 02:35:18.606 edge /api/events status=502 upstream=B rt_ms=119 bytes=34449
2026-03-14 02:35:19.199 edge /healthz status=502 upstream=B rt_ms=341 bytes=26505
2026-03-14 02:35:19.804 edge /static/style.css status=200 upstream=B rt_ms=78 bytes=25387
2026-03-14 02:35:21.073 edge /static/style.css status=502 upstream=B rt_ms=324 bytes=9863
2026-03-14 02:35:21.864 edge /static/style.css status=502 upstream=B rt_ms=186 bytes=21688
2026-03-14 02:35:21.999 edge /api/events status=200 upstream=B rt_ms=116 bytes=13122
2026-03-14 02:35:22.966 edge /api/events status=502 upstream=B rt_ms=251 bytes=15141
2026-03-14 02:35:23.577 edge /static/style.css status=502 upstream=B rt_ms=270 bytes=22665
2026-03-14 02:35:24.836 edge /api/orders status=200 upstream=B rt_ms=244 bytes=37757
2026-03-14 02:35:25.876 edge /api/events status=200 upstream=B rt_ms=104 bytes=39815
2026-03-14 02:35:26.832 edge /static/style.css status=200 upstream=B rt_ms=237 bytes=34333
2026-03-14 02:35:27.885 edge /healthz status=200 upstream=B rt_ms=111 bytes=7759
2026-03-14 02:35:28.058 edge /healthz status=200 upstream=B rt_ms=263 bytes=17820
2026-03-14 02:35:29.771 edge /healthz status=502 upstream=B rt_ms=146 bytes=3920
2026-03-14 02:35:31.447 edge /healthz status=200 upstream=B rt_ms=60 bytes=41829
2026-03-14 02:35:31.557 edge /static/style.css status=502 upstream=B rt_ms=112 bytes=5534
2026-03-14 02:35:31.981 edge /api/events status=500 upstream=B rt_ms=395 bytes=12149
2026-03-14 02:35:32.558 edge /api/orders status=200 upstream=B rt_ms=269 bytes=29197
2026-03-14 02:35:34.924 edge /api/orders status=502 upstream=B rt_ms=23 bytes=5079
2026-03-14 02:35:34.950 edge / status=200 upstream=B rt_ms=288 bytes=22770
2026-03-14 02:35:35.331 edge /healthz status=500 upstream=B rt_ms=218 bytes=29817
2026-03-14 02:35:37.110 edge /api/orders status=200 upstream=B rt_ms=398 bytes=2766
2026-03-14 02:35:38.865 edge /static/style.css status=200 upstream=B rt_ms=167 bytes=20919
2026-03-14 02:35:41.473 edge /static/style.css status=500 upstream=B rt_ms=35 bytes=22603
2026-03-14 02:35:42.671 edge / status=200 upstream=B rt_ms=88 bytes=26204
2026-03-14 02:35:43.098 edge /static/style.css status=502 upstream=B rt_ms=89 bytes=30389
2026-03-14 02:35:43.568 edge / status=200 upstream=B rt_ms=373 bytes=22032
2026-03-14 02:35:43.792 edge / status=502 upstream=B rt_ms=173 bytes=35008
2026-03-14 02:35:43.936 edge /static/style.css status=200 upstream=B rt_ms=93 bytes=19287
2026-03-14 02:35:44.719 edge /healthz status=502 upstream=B rt_ms=155 bytes=23382
2026-03-14 02:35:45.637 edge / status=200 upstream=B rt_ms=297 bytes=21420
2026-03-14 02:35:46.064 edge / status=502 upstream=B rt_ms=89 bytes=15160
2026-03-14 02:35:48.776 edge /api/orders status=200 upstream=B rt_ms=294 bytes=12843
2026-03-14 02:35:52.633 edge / status=200 upstream=B rt_ms=100 bytes=13788
2026-03-14 02:35:52.719 edge /api/events status=200 upstream=B rt_ms=364 bytes=22570
2026-03-14 02:35:53.641 edge /api/orders status=502 upstream=B rt_ms=238 bytes=14806
2026-03-14 02:35:54.053 edge /api/orders status=200 upstream=B rt_ms=216 bytes=34252
2026-03-14 02:35:54.601 edge /api/orders status=502 upstream=B rt_ms=21 bytes=35492
2026-03-14 02:35:55.104 edge /static/style.css status=502 upstream=B rt_ms=98 bytes=11487
2026-03-14 02:35:55.998 edge /static/style.css status=502 upstream=B rt_ms=202 bytes=34792
2026-03-14 02:35:56.154 edge / status=502 upstream=B rt_ms=152 bytes=26364
2026-03-14 02:35:56.890 edge / status=502 upstream=B rt_ms=28 bytes=11202
2026-03-14 02:35:57.243 edge /static/style.css status=502 upstream=B rt_ms=325 bytes=7747
2026-03-14 02:36:00.828 edge /api/orders status=200 upstream=B rt_ms=202 bytes=36701
2026-03-14 02:36:01.184 edge / status=200 upstream=B rt_ms=59 bytes=29978
2026-03-14 02:36:01.989 edge / status=200 upstream=B rt_ms=284 bytes=36736
2026-03-14 02:36:02.123 edge /api/events status=502 upstream=B rt_ms=340 bytes=23467
2026-03-14 02:36:03.037 edge /api/events status=502 upstream=B rt_ms=385 bytes=23556
2026-03-14 02:36:05.584 edge /static/style.css status=502 upstream=B rt_ms=374 bytes=36770
2026-03-14 02:36:06.916 edge /healthz status=502 upstream=B rt_ms=281 bytes=22701
2026-03-14 02:36:07.182 edge /static/style.css status=502 upstream=B rt_ms=138 bytes=7202
2026-03-14 02:36:09.970 edge /healthz status=502 upstream=B rt_ms=14 bytes=20654
2026-03-14 02:36:10.584 edge /api/orders status=502 upstream=B rt_ms=203 bytes=31765
2026-03-14 02:36:11.339 edge /api/events status=502 upstream=B rt_ms=78 bytes=10978
2026-03-14 02:36:12.252 edge / status=502 upstream=B rt_ms=191 bytes=13981
2026-03-14 02:36:12.660 edge /healthz status=502 upstream=B rt_ms=238 bytes=30939
2026-03-14 02:36:13.649 edge /api/orders status=502 upstream=B rt_ms=305 bytes=18554
2026-03-14 02:36:14.484 edge /static/style.css status=502 upstream=B rt_ms=371 bytes=37609
2026-03-14 02:36:15.083 edge /healthz status=502 upstream=B rt_ms=140 bytes=36777
2026-03-14 02:36:15.457 edge /api/orders status=502 upstream=B rt_ms=365 bytes=27701
2026-03-14 02:36:15.942 edge / status=200 upstream=B rt_ms=205 bytes=41169
2026-03-14 02:36:15.956 edge /api/events status=502 upstream=B rt_ms=369 bytes=39534
2026-03-14 02:36:16.555 edge / status=502 upstream=B rt_ms=157 bytes=9347
2026-03-14 02:36:17.603 edge /healthz status=200 upstream=B rt_ms=322 bytes=11800
2026-03-14 02:36:18.325 edge / status=200 upstream=B rt_ms=336 bytes=8645
2026-03-14 02:36:18.505 edge /static/style.css status=502 upstream=B rt_ms=25 bytes=16785
2026-03-14 02:36:20.833 edge /api/orders status=502 upstream=B rt_ms=85 bytes=13471
2026-03-14 02:36:21.350 edge /api/events status=502 upstream=B rt_ms=162 bytes=35295
2026-03-14 02:36:22.322 edge /static/style.css status=200 upstream=B rt_ms=63 bytes=24592
2026-03-14 02:36:24.033 edge / status=502 upstream=B rt_ms=315 bytes=14206
2026-03-14 02:36:24.169 edge /api/events status=200 upstream=B rt_ms=314 bytes=24790
2026-03-14 02:36:28.012 edge / status=502 upstream=B rt_ms=158 bytes=24769
2026-03-14 02:36:28.357 edge /static/style.css status=404 upstream=B rt_ms=97 bytes=17438
2026-03-14 02:36:28.526 edge /static/style.css status=200 upstream=B rt_ms=57 bytes=22540
2026-03-14 02:36:32.344 edge /static/style.css status=200 upstream=B rt_ms=135 bytes=12424
2026-03-14 02:36:33.074 edge /healthz status=500 upstream=B rt_ms=93 bytes=7935
2026-03-14 02:36:33.158 edge /healthz status=200 upstream=B rt_ms=267 bytes=13933
2026-03-14 02:36:33.341 edge /healthz status=200 upstream=B rt_ms=356 bytes=7403
2026-03-14 02:36:33.344 edge / status=200 upstream=B rt_ms=157 bytes=5913
2026-03-14 02:36:35.870 edge / status=200 upstream=B rt_ms=319 bytes=4842
2026-03-14 02:36:36.652 edge /healthz status=200 upstream=B rt_ms=75 bytes=6396
2026-03-14 02:36:37.165 edge /healthz status=404 upstream=B rt_ms=187 bytes=21233
2026-03-14 02:36:40.145 edge / status=200 upstream=B rt_ms=388 bytes=25905
2026-03-14 02:36:40.523 edge /api/orders status=200 upstream=B rt_ms=105 bytes=37363
2026-03-14 02:36:41.341 edge /api/orders status=200 upstream=B rt_ms=72 bytes=31981
2026-03-14 02:36:41.622 edge /static/style.css status=200 upstream=B rt_ms=69 bytes=40368
2026-03-14 02:36:42.236 edge /healthz status=502 upstream=B rt_ms=96 bytes=32723
2026-03-14 02:36:42.722 edge /healthz status=404 upstream=B rt_ms=250 bytes=20538
2026-03-14 02:36:42.887 edge / status=502 upstream=B rt_ms=106 bytes=34443
2026-03-14 02:36:43.612 edge /api/events status=200 upstream=B rt_ms=56 bytes=21180
2026-03-14 02:36:44.097 edge / status=200 upstream=B rt_ms=12 bytes=32508
2026-03-14 02:36:44.260 edge /api/orders status=200 upstream=B rt_ms=369 bytes=27831
2026-03-14 02:36:47.269 edge /healthz status=502 upstream=B rt_ms=18 bytes=8037
2026-03-14 02:36:47.958 edge /api/events status=200 upstream=B rt_ms=57 bytes=20895
2026-03-14 02:36:48.049 edge / status=200 upstream=B rt_ms=60 bytes=1690
2026-03-14 02:36:48.295 edge /api/orders status=200 upstream=B rt_ms=130 bytes=22842
2026-03-14 02:36:48.880 edge /healthz status=502 upstream=B rt_ms=41 bytes=41466
2026-03-14 02:36:52.414 edge / status=200 upstream=B rt_ms=90 bytes=17888
2026-03-14 02:36:56.359 edge /static/style.css status=502 upstream=B rt_ms=333 bytes=10297
2026-03-14 02:36:57.062 edge / status=200 upstream=B rt_ms=373 bytes=2807
2026-03-14 02:36:57.564 edge /api/events status=200 upstream=B rt_ms=117 bytes=15340
2026-03-14 02:36:58.233 edge /api/orders status=200 upstream=B rt_ms=134 bytes=34403
2026-03-14 02:36:58.363 edge /static/style.css status=502 upstream=B rt_ms=360 bytes=14739
2026-03-14 02:36:58.751 edge /healthz status=502 upstream=B rt_ms=13 bytes=33053
2026-03-14 02:36:58.758 edge /api/events status=200 upstream=B rt_ms=255 bytes=24109
2026-03-14 02:36:59.080 edge /static/style.css status=200 upstream=B rt_ms=259 bytes=29229
2026-03-14 02:36:59.212 edge /api/orders status=200 upstream=B rt_ms=124 bytes=32830
2026-03-14 02:36:59.754 edge /api/events status=200 upstream=B rt_ms=113 bytes=30948
2026-03-14 02:37:00.089 edge / status=502 upstream=B rt_ms=101 bytes=32756
2026-03-14 02:37:01.110 edge /api/orders status=200 upstream=B rt_ms=114 bytes=34003
2026-03-14 02:37:04.662 edge /api/events status=502 upstream=B rt_ms=294 bytes=28507
2026-03-14 02:37:07.303 edge /api/events status=502 upstream=B rt_ms=355 bytes=2304
2026-03-14 02:37:08.528 edge / status=502 upstream=B rt_ms=321 bytes=6696
2026-03-14 02:37:09.510 edge /api/events status=200 upstream=B rt_ms=327 bytes=21946
2026-03-14 02:37:10.584 edge / status=502 upstream=B rt_ms=354 bytes=12632
2026-03-14 02:37:12.550 edge /api/orders status=404 upstream=B rt_ms=252 bytes=18585
2026-03-14 02:37:12.945 edge /healthz status=502 upstream=B rt_ms=111 bytes=8417
2026-03-14 02:37:15.259 edge /api/events status=502 upstream=B rt_ms=73 bytes=37952
2026-03-14 02:37:15.975 edge /api/orders status=502 upstream=B rt_ms=121 bytes=35123
2026-03-14 02:37:16.777 edge /static/style.css status=404 upstream=B rt_ms=161 bytes=37690
2026-03-14 02:37:17.248 edge /static/style.css status=200 upstream=B rt_ms=2 bytes=16507
2026-03-14 02:37:17.817 edge /api/orders status=200 upstream=B rt_ms=23 bytes=19595
2026-03-14 02:37:21.002 edge /static/style.css status=502 upstream=B rt_ms=235 bytes=5864
2026-03-14 02:37:21.262 edge /healthz status=200 upstream=B rt_ms=347 bytes=17358
2026-03-14 02:37:23.368 edge / status=200 upstream=B rt_ms=371 bytes=31712
2026-03-14 02:37:23.742 edge / status=502 upstream=B rt_ms=57 bytes=3532
2026-03-14 02:37:24.857 edge /healthz status=200 upstream=B rt_ms=250 bytes=39309
2026-03-14 02:37:25.720 edge / status=200 upstream=B rt_ms=307 bytes=37034
2026-03-14 02:37:26.420 edge /static/style.css status=200 upstream=B rt_ms=23 bytes=15525
2026-03-14 02:37:27.358 edge / status=502 upstream=B rt_ms=387 bytes=2388
2026-03-14 02:37:28.257 edge /healthz status=200 upstream=B rt_ms=48 bytes=24196
2026-03-14 02:37:29.762 edge / status=200 upstream=B rt_ms=6 bytes=12978
2026-03-14 02:37:32.745 edge /api/orders status=200 upstream=B rt_ms=32 bytes=27811
2026-03-14 02:37:33.013 edge /static/style.css status=502 upstream=B rt_ms=345 bytes=8289
2026-03-14 02:37:33.857 edge / status=200 upstream=B rt_ms=138 bytes=14882
2026-03-14 02:37:33.953 edge /healthz status=200 upstream=B rt_ms=261 bytes=1345
2026-03-14 02:37:34.186 edge /healthz status=200 upstream=B rt_ms=85 bytes=14090
2026-03-14 02:37:34.692 edge /healthz status=200 upstream=B rt_ms=197 bytes=1572
2026-03-14 02:37:34.742 edge / status=502 upstream=B rt_ms=177 bytes=5514
2026-03-14 02:37:35.176 edge / status=200 upstream=B rt_ms=354 bytes=37446
2026-03-14 02:37:35.586 edge /api/events status=200 upstream=B rt_ms=351 bytes=35247
2026-03-14 02:37:35.668 edge /healthz status=200 upstream=B rt_ms=204 bytes=40042
2026-03-14 02:37:40.209 edge / status=200 upstream=B rt_ms=167 bytes=21055
2026-03-14 02:37:40.674 edge /api/orders status=200 upstream=B rt_ms=117 bytes=14049
2026-03-14 02:37:43.042 edge /healthz status=502 upstream=B rt_ms=56 bytes=35495
2026-03-14 02:37:43.456 edge /api/events status=200 upstream=B rt_ms=314 bytes=12660
2026-03-14 02:37:44.681 edge /api/orders status=200 upstream=B rt_ms=72 bytes=4784
2026-03-14 02:37:46.680 edge /static/style.css status=200 upstream=B rt_ms=366 bytes=31236
2026-03-14 02:37:46.721 edge / status=200 upstream=B rt_ms=239 bytes=21216
2026-03-14 02:37:46.963 edge /healthz status=200 upstream=B rt_ms=134 bytes=35208
2026-03-14 02:37:47.049 edge /healthz status=502 upstream=B rt_ms=206 bytes=34148
2026-03-14 02:37:47.609 edge /healthz status=200 upstream=B rt_ms=335 bytes=6495
2026-03-14 02:37:51.077 edge / status=502 upstream=B rt_ms=178 bytes=39932
2026-03-14 02:37:51.764 edge /static/style.css status=200 upstream=B rt_ms=204 bytes=27619
2026-03-14 02:37:53.293 edge /static/style.css status=502 upstream=B rt_ms=346 bytes=5782
2026-03-14 02:37:53.361 edge /static/style.css status=502 upstream=B rt_ms=341 bytes=24836
2026-03-14 02:37:53.712 edge /healthz status=200 upstream=B rt_ms=136 bytes=26303
2026-03-14 02:37:53.987 edge / status=502 upstream=B rt_ms=123 bytes=3361
2026-03-14 02:37:55.103 edge / status=502 upstream=B rt_ms=21 bytes=25309
2026-03-14 02:37:56.058 edge /api/events status=502 upstream=B rt_ms=113 bytes=13067
2026-03-14 02:37:56.190 edge /healthz status=200 upstream=B rt_ms=194 bytes=8899
2026-03-14 02:37:56.213 edge /api/events status=200 upstream=B rt_ms=261 bytes=13281
2026-03-14 02:37:56.862 edge /api/events status=502 upstream=B rt_ms=361 bytes=21237
2026-03-14 02:37:57.533 edge /api/events status=502 upstream=B rt_ms=211 bytes=4769
2026-03-14 02:37:57.968 edge / status=200 upstream=B rt_ms=359 bytes=41207
2026-03-14 02:37:59.115 edge / status=200 upstream=B rt_ms=196 bytes=22016
2026-03-14 02:38:00.952 edge /api/events status=200 upstream=B rt_ms=168 bytes=36632
2026-03-14 02:38:01.008 edge / status=200 upstream=B rt_ms=9 bytes=20765
2026-03-14 02:38:02.728 edge /api/orders status=200 upstream=B rt_ms=327 bytes=10110
2026-03-14 02:38:04.797 edge /api/orders status=502 upstream=B rt_ms=187 bytes=23844
2026-03-14 02:38:05.040 edge / status=200 upstream=B rt_ms=238 bytes=31370
2026-03-14 02:38:05.765 edge /api/orders status=502 upstream=B rt_ms=365 bytes=35548
2026-03-14 02:38:06.062 edge /api/events status=200 upstream=B rt_ms=132 bytes=26922
2026-03-14 02:38:07.280 edge /api/events status=500 upstream=B rt_ms=196 bytes=8853
2026-03-14 02:38:08.809 edge /static/style.css status=200 upstream=B rt_ms=96 bytes=41179
2026-03-14 02:38:13.334 edge / status=200 upstream=B rt_ms=348 bytes=2006
2026-03-14 02:38:13.673 edge /api/events status=502 upstream=B rt_ms=317 bytes=32324
2026-03-14 02:38:14.139 edge /static/style.css status=200 upstream=B rt_ms=176 bytes=21609
2026-03-14 02:38:14.281 edge /healthz status=200 upstream=B rt_ms=110 bytes=18929
2026-03-14 02:38:15.330 edge / status=200 upstream=B rt_ms=230 bytes=443
2026-03-14 02:38:17.660 edge /api/orders status=200 upstream=B rt_ms=46 bytes=8119
2026-03-14 02:38:19.927 edge /healthz status=200 upstream=B rt_ms=139 bytes=10865
2026-03-14 02:38:20.014 edge /static/style.css status=200 upstream=B rt_ms=285 bytes=36317
2026-03-14 02:38:21.897 edge /static/style.css status=200 upstream=B rt_ms=368 bytes=16656
2026-03-14 02:38:22.439 edge /static/style.css status=200 upstream=B rt_ms=379 bytes=25756
2026-03-14 02:38:23.836 edge /static/style.css status=200 upstream=B rt_ms=396 bytes=25649
2026-03-14 02:38:25.276 edge / status=200 upstream=B rt_ms=113 bytes=16033
2026-03-14 02:38:26.057 edge /healthz status=502 upstream=B rt_ms=254 bytes=18551
2026-03-14 02:38:26.289 edge /api/events status=502 upstream=B rt_ms=201 bytes=22374
2026-03-14 02:38:26.802 edge /healthz status=200 upstream=B rt_ms=62 bytes=8062
2026-03-14 02:38:29.232 edge /static/style.css status=502 upstream=B rt_ms=120 bytes=27557
2026-03-14 02:38:29.262 edge /api/events status=502 upstream=B rt_ms=75 bytes=31538
2026-03-14 02:38:30.453 edge / status=200 upstream=B rt_ms=103 bytes=14228
2026-03-14 02:38:30.731 edge /static/style.css status=502 upstream=B rt_ms=104 bytes=22290
2026-03-14 02:38:30.999 edge /api/orders status=200 upstream=B rt_ms=91 bytes=36207
2026-03-14 02:38:32.026 edge /api/events status=200 upstream=B rt_ms=140 bytes=17366
2026-03-14 02:38:34.806 edge / status=200 upstream=B rt_ms=281 bytes=29736
2026-03-14 02:38:35.887 edge / status=502 upstream=B rt_ms=279 bytes=34144
2026-03-14 02:38:37.451 edge / status=200 upstream=B rt_ms=83 bytes=29259
2026-03-14 02:38:38.110 edge / status=200 upstream=B rt_ms=258 bytes=6194
2026-03-14 02:38:40.584 edge /api/orders status=502 upstream=B rt_ms=153 bytes=12153
2026-03-14 02:38:43.506 edge /api/orders status=200 upstream=B rt_ms=187 bytes=4814
2026-03-14 02:38:43.875 edge / status=502 upstream=B rt_ms=207 bytes=222
2026-03-14 02:38:45.079 edge /static/style.css status=200 upstream=B rt_ms=183 bytes=5285
2026-03-14 02:38:45.752 edge / status=200 upstream=B rt_ms=158 bytes=22674
2026-03-14 02:38:47.512 edge /api/orders status=200 upstream=B rt_ms=251 bytes=740
2026-03-14 02:38:50.670 edge /api/events status=200 upstream=B rt_ms=94 bytes=35717
2026-03-14 02:38:51.118 edge /static/style.css status=200 upstream=B rt_ms=343 bytes=18345
2026-03-14 02:38:51.407 edge /static/style.css status=502 upstream=B rt_ms=125 bytes=23018
2026-03-14 02:38:52.731 edge /healthz status=200 upstream=B rt_ms=240 bytes=40439
2026-03-14 02:38:53.101 edge /api/events status=200 upstream=B rt_ms=150 bytes=32185
2026-03-14 02:38:53.478 edge /static/style.css status=200 upstream=B rt_ms=129 bytes=24415
2026-03-14 02:38:54.101 edge /api/events status=502 upstream=B rt_ms=292 bytes=37385
2026-03-14 02:38:55.425 edge /static/style.css status=200 upstream=B rt_ms=160 bytes=23784
2026-03-14 02:38:56.242 edge /api/events status=502 upstream=B rt_ms=126 bytes=33296
2026-03-14 02:38:56.349 edge /api/events status=200 upstream=B rt_ms=363 bytes=37551
2026-03-14 02:38:58.259 edge /api/events status=200 upstream=B rt_ms=89 bytes=1151
2026-03-14 02:38:58.764 edge /healthz status=500 upstream=B rt_ms=63 bytes=37247
2026-03-14 02:38:58.837 edge /api/events status=502 upstream=B rt_ms=399 bytes=19339
2026-03-14 02:38:58.913 edge /static/style.css status=502 upstream=B rt_ms=298 bytes=8510
2026-03-14 02:39:00.067 edge /static/style.css status=200 upstream=B rt_ms=387 bytes=19789
2026-03-14 02:39:01.941 edge / status=200 upstream=B rt_ms=332 bytes=14304
2026-03-14 02:39:03.813 edge / status=502 upstream=B rt_ms=69 bytes=38815
2026-03-14 02:39:04.671 edge /healthz status=500 upstream=B rt_ms=152 bytes=5569
2026-03-14 02:39:05.208 edge /healthz status=200 upstream=B rt_ms=186 bytes=16367
2026-03-14 02:39:10.498 edge /healthz status=200 upstream=B rt_ms=300 bytes=40335
2026-03-14 02:39:10.826 edge /api/events status=502 upstream=B rt_ms=127 bytes=39764
2026-03-14 02:39:11.595 edge /static/style.css status=200 upstream=B rt_ms=70 bytes=22951
2026-03-14 02:39:12.492 edge /api/orders status=502 upstream=B rt_ms=133 bytes=32340
2026-03-14 02:39:12.809 edge /healthz status=200 upstream=B rt_ms=311 bytes=17736
2026-03-14 02:39:12.864 edge /static/style.css status=200 upstream=B rt_ms=287 bytes=15427
2026-03-14 02:39:12.955 edge /api/events status=502 upstream=B rt_ms=319 bytes=3475
2026-03-14 02:39:15.783 edge /static/style.css status=502 upstream=B rt_ms=115 bytes=39249
2026-03-14 02:39:15.952 edge /api/events status=200 upstream=B rt_ms=333 bytes=41461
2026-03-14 02:39:16.389 edge /static/style.css status=502 upstream=B rt_ms=256 bytes=35993
2026-03-14 02:39:19.384 edge /api/orders status=200 upstream=B rt_ms=191 bytes=17579
2026-03-14 02:39:19.669 edge /healthz status=502 upstream=B rt_ms=160 bytes=24069
2026-03-14 02:39:19.920 edge /static/style.css status=200 upstream=B rt_ms=89 bytes=27267
2026-03-14 02:39:20.982 edge /api/orders status=404 upstream=B rt_ms=225 bytes=8945
2026-03-14 02:39:22.609 edge /api/orders status=200 upstream=B rt_ms=164 bytes=17676
2026-03-14 02:39:22.804 edge / status=200 upstream=B rt_ms=112 bytes=1829
2026-03-14 02:39:23.242 edge /healthz status=200 upstream=B rt_ms=325 bytes=32579
2026-03-14 02:39:23.783 edge /api/events status=200 upstream=B rt_ms=200 bytes=12810
2026-03-14 02:39:24.187 edge / status=200 upstream=B rt_ms=365 bytes=12358
2026-03-14 02:39:25.377 edge /api/orders status=502 upstream=B rt_ms=82 bytes=5415
2026-03-14 02:39:25.795 edge /api/orders status=502 upstream=B rt_ms=209 bytes=34078
2026-03-14 02:39:26.033 edge /api/orders status=502 upstream=B rt_ms=251 bytes=13226
2026-03-14 02:39:26.593 edge /healthz status=200 upstream=B rt_ms=196 bytes=16949
2026-03-14 02:39:26.956 edge /healthz status=200 upstream=B rt_ms=329 bytes=34625
2026-03-14 02:39:29.173 edge /healthz status=200 upstream=B rt_ms=220 bytes=35427
2026-03-14 02:39:29.338 edge /api/events status=200 upstream=B rt_ms=119 bytes=25242
2026-03-14 02:39:30.971 edge /api/orders status=502 upstream=B rt_ms=45 bytes=3900
2026-03-14 02:39:31.239 edge /api/orders status=500 upstream=B rt_ms=297 bytes=19550
2026-03-14 02:39:33.658 edge /api/orders status=200 upstream=B rt_ms=197 bytes=16057
2026-03-14 02:39:34.092 edge /api/events status=404 upstream=B rt_ms=338 bytes=7520
2026-03-14 02:39:34.717 edge /api/orders status=502 upstream=B rt_ms=166 bytes=6053
2026-03-14 02:39:35.373 edge /healthz status=502 upstream=B rt_ms=148 bytes=5163
2026-03-14 02:39:37.734 edge /api/orders status=200 upstream=B rt_ms=232 bytes=33612
2026-03-14 02:39:38.935 edge /api/events status=200 upstream=B rt_ms=52 bytes=12842
2026-03-14 02:39:42.915 edge / status=200 upstream=B rt_ms=175 bytes=16621
2026-03-14 02:39:43.290 edge /api/events status=200 upstream=B rt_ms=8 bytes=25786
2026-03-14 02:39:44.489 edge /api/events status=200 upstream=B rt_ms=102 bytes=9700
2026-03-14 02:39:44.795 edge /healthz status=502 upstream=B rt_ms=108 bytes=3431
2026-03-14 02:39:46.651 edge /healthz status=502 upstream=B rt_ms=87 bytes=26386
2026-03-14 02:39:48.390 edge / status=200 upstream=B rt_ms=24 bytes=14362
2026-03-14 02:39:49.065 edge /healthz status=200 upstream=B rt_ms=19 bytes=28867
2026-03-14 02:39:54.320 edge / status=502 upstream=B rt_ms=20 bytes=10121
2026-03-14 02:39:54.663 edge /api/orders status=500 upstream=B rt_ms=242 bytes=5485
2026-03-14 02:39:54.912 edge /api/events status=502 upstream=B rt_ms=372 bytes=41620
2026-03-14 02:39:56.614 edge /static/style.css status=200 upstream=B rt_ms=261 bytes=3835
2026-03-14 02:39:56.729 edge /api/events status=200 upstream=B rt_ms=140 bytes=30165
2026-03-14 02:39:57.943 edge /static/style.css status=200 upstream=B rt_ms=235 bytes=29731
2026-03-14 02:40:04.257 edge /api/events status=502 upstream=B rt_ms=92 bytes=19528
2026-03-14 02:40:06.043 edge /api/orders status=200 upstream=B rt_ms=379 bytes=4706
2026-03-14 02:40:06.245 edge /healthz status=502 upstream=B rt_ms=129 bytes=10451
2026-03-14 02:40:07.777 edge / status=200 upstream=B rt_ms=88 bytes=38969
2026-03-14 02:40:08.473 edge / status=502 upstream=B rt_ms=175 bytes=22512
2026-03-14 02:40:11.538 edge /healthz status=200 upstream=B rt_ms=160 bytes=17603
2026-03-14 02:40:11.742 edge /static/style.css status=200 upstream=B rt_ms=200 bytes=17412
2026-03-14 02:40:11.917 edge / status=200 upstream=B rt_ms=46 bytes=3236
2026-03-14 02:40:12.773 edge /api/events status=502 upstream=B rt_ms=196 bytes=14138
2026-03-14 02:40:13.244 edge /static/style.css status=200 upstream=B rt_ms=257 bytes=27690
2026-03-14 02:40:14.142 edge / status=502 upstream=B rt_ms=42 bytes=6355
2026-03-14 02:40:15.409 edge / status=502 upstream=B rt_ms=79 bytes=13539
2026-03-14 02:40:18.025 edge / status=200 upstream=B rt_ms=234 bytes=7233
2026-03-14 02:40:18.463 edge /api/orders status=200 upstream=B rt_ms=76 bytes=12562
2026-03-14 02:40:19.394 edge /healthz status=200 upstream=B rt_ms=94 bytes=2455
2026-03-14 02:40:21.718 edge / status=200 upstream=B rt_ms=51 bytes=7615
2026-03-14 02:40:24.104 edge /api/events status=200 upstream=B rt_ms=90 bytes=25893
2026-03-14 02:40:25.331 edge /api/events status=200 upstream=B rt_ms=370 bytes=24770
2026-03-14 02:40:26.568 edge /static/style.css status=502 upstream=B rt_ms=142 bytes=33056
2026-03-14 02:40:26.817 edge /api/events status=200 upstream=B rt_ms=58 bytes=38510
2026-03-14 02:40:29.281 edge /api/events status=502 upstream=B rt_ms=43 bytes=1978
2026-03-14 02:40:30.505 edge /api/orders status=200 upstream=B rt_ms=104 bytes=27311
2026-03-14 02:40:30.812 edge / status=502 upstream=B rt_ms=308 bytes=40906
2026-03-14 02:40:32.753 edge /healthz status=200 upstream=B rt_ms=256 bytes=10906
2026-03-14 02:40:34.725 edge /healthz status=200 upstream=B rt_ms=215 bytes=32646
2026-03-14 02:40:35.172 edge /api/events status=200 upstream=B rt_ms=165 bytes=24710
2026-03-14 02:40:35.229 edge /api/orders status=200 upstream=B rt_ms=324 bytes=30699
2026-03-14 02:40:37.595 edge /healthz status=200 upstream=B rt_ms=383 bytes=11811
2026-03-14 02:40:38.138 edge /api/events status=502 upstream=B rt_ms=36 bytes=4608
2026-03-14 02:40:41.892 edge / status=200 upstream=B rt_ms=265 bytes=41090
2026-03-14 02:40:42.208 edge /healthz status=502 upstream=B rt_ms=381 bytes=15632
2026-03-14 02:40:43.582 edge /healthz status=200 upstream=B rt_ms=244 bytes=8973
2026-03-14 02:40:44.730 edge /static/style.css status=200 upstream=B rt_ms=17 bytes=36644
2026-03-14 02:40:46.666 edge /healthz status=502 upstream=B rt_ms=262 bytes=35020
2026-03-14 02:40:47.220 edge / status=200 upstream=B rt_ms=221 bytes=40211
2026-03-14 02:40:47.776 edge /api/events status=200 upstream=B rt_ms=237 bytes=34927
2026-03-14 02:40:49.238 edge /healthz status=200 upstream=B rt_ms=218 bytes=18918
2026-03-14 02:40:52.904 edge /static/style.css status=502 upstream=B rt_ms=197 bytes=17656
2026-03-14 02:40:54.333 edge /api/orders status=502 upstream=B rt_ms=162 bytes=17492
2026-03-14 02:40:54.444 edge / status=200 upstream=B rt_ms=389 bytes=348
2026-03-14 02:40:54.914 edge /healthz status=502 upstream=B rt_ms=399 bytes=39777
2026-03-14 02:40:56.988 edge / status=502 upstream=B rt_ms=337 bytes=5650
2026-03-14 02:40:57.057 edge / status=200 upstream=B rt_ms=201 bytes=26369
2026-03-14 02:40:57.119 edge /api/orders status=200 upstream=B rt_ms=133 bytes=29461
2026-03-14 02:40:57.441 edge /static/style.css status=502 upstream=B rt_ms=14 bytes=1903
2026-03-14 02:40:57.614 edge /api/orders status=502 upstream=B rt_ms=199 bytes=24556
2026-03-14 02:40:57.764 edge / status=502 upstream=B rt_ms=20 bytes=38414
2026-03-14 02:40:57.828 edge /api/events status=404 upstream=B rt_ms=152 bytes=25426
2026-03-14 02:40:58.591 edge /static/style.css status=502 upstream=B rt_ms=376 bytes=9040
2026-03-14 02:40:58.836 edge /static/style.css status=404 upstream=B rt_ms=239 bytes=5640
2026-03-14 02:40:58.847 edge / status=502 upstream=B rt_ms=162 bytes=27362
2026-03-14 02:41:00.114 edge /healthz status=500 upstream=B rt_ms=360 bytes=5357
2026-03-14 02:41:00.780 edge /api/orders status=502 upstream=B rt_ms=276 bytes=12725
2026-03-14 02:41:01.126 edge /api/events status=502 upstream=B rt_ms=367 bytes=5932
2026-03-14 02:41:02.862 edge / status=502 upstream=B rt_ms=208 bytes=31947
2026-03-14 02:41:03.794 edge / status=200 upstream=B rt_ms=9 bytes=26663
2026-03-14 02:41:05.052 edge /api/events status=502 upstream=B rt_ms=171 bytes=15281
2026-03-14 02:41:05.764 edge /healthz status=502 upstream=B rt_ms=11 bytes=19342
2026-03-14 02:41:07.797 edge /healthz status=502 upstream=B rt_ms=348 bytes=990
2026-03-14 02:41:07.902 edge /api/events status=404 upstream=B rt_ms=127 bytes=37237
2026-03-14 02:41:08.760 edge /api/events status=404 upstream=B rt_ms=104 bytes=37589
2026-03-14 02:41:09.806 edge /static/style.css status=502 upstream=B rt_ms=34 bytes=4401
2026-03-14 02:41:10.978 edge /api/events status=200 upstream=B rt_ms=120 bytes=30312
2026-03-14 02:41:11.046 edge / status=200 upstream=B rt_ms=100 bytes=41302
2026-03-14 02:41:11.145 edge / status=502 upstream=B rt_ms=33 bytes=10278
2026-03-14 02:41:12.021 edge /api/events status=200 upstream=B rt_ms=77 bytes=13845
2026-03-14 02:41:13.531 edge /static/style.css status=200 upstream=B rt_ms=153 bytes=9179
2026-03-14 02:41:14.922 edge /healthz status=200 upstream=B rt_ms=48 bytes=4428
2026-03-14 02:41:15.300 edge /api/events status=200 upstream=B rt_ms=318 bytes=34440
2026-03-14 02:41:15.432 edge /api/events status=502 upstream=B rt_ms=47 bytes=7453
2026-03-14 02:41:18.843 edge /static/style.css status=502 upstream=B rt_ms=118 bytes=10901
2026-03-14 02:41:22.177 edge /api/events status=502 upstream=B rt_ms=140 bytes=24102
2026-03-14 02:41:22.481 edge / status=200 upstream=B rt_ms=189 bytes=33713
2026-03-14 02:41:22.980 edge /static/style.css status=200 upstream=B rt_ms=169 bytes=6749
2026-03-14 02:41:23.808 edge /static/style.css status=502 upstream=B rt_ms=261 bytes=24818
2026-03-14 02:41:24.410 edge /static/style.css status=502 upstream=B rt_ms=292 bytes=32533
2026-03-14 02:41:27.535 edge /healthz status=200 upstream=B rt_ms=355 bytes=37112
2026-03-14 02:41:27.943 edge /static/style.css status=200 upstream=B rt_ms=238 bytes=37372
2026-03-14 02:41:28.845 edge /api/orders status=500 upstream=B rt_ms=15 bytes=12096
2026-03-14 02:41:28.943 edge /api/events status=200 upstream=B rt_ms=70 bytes=20968
2026-03-14 02:41:29.155 edge /api/events status=404 upstream=B rt_ms=264 bytes=25999
2026-03-14 02:41:29.467 edge / status=502 upstream=B rt_ms=34 bytes=9701
2026-03-14 02:41:32.255 edge /healthz status=200 upstream=B rt_ms=193 bytes=35497
2026-03-14 02:41:32.350 edge /api/orders status=200 upstream=B rt_ms=92 bytes=9650
2026-03-14 02:41:32.378 edge /healthz status=502 upstream=B rt_ms=91 bytes=1549
2026-03-14 02:41:38.258 edge / status=502 upstream=B rt_ms=261 bytes=19833
2026-03-14 02:41:39.456 edge /healthz status=200 upstream=B rt_ms=277 bytes=13187
2026-03-14 02:41:41.000 edge /static/style.css status=200 upstream=B rt_ms=111 bytes=11163
2026-03-14 02:41:41.406 edge /static/style.css status=502 upstream=B rt_ms=177 bytes=11327
2026-03-14 02:41:42.352 edge /static/style.css status=502 upstream=B rt_ms=397 bytes=13388
2026-03-14 02:41:42.739 edge /api/orders status=200 upstream=B rt_ms=42 bytes=34148
2026-03-14 02:41:43.571 edge /static/style.css status=502 upstream=B rt_ms=373 bytes=5477
2026-03-14 02:41:43.952 edge /healthz status=502 upstream=B rt_ms=187 bytes=14300
2026-03-14 02:41:44.662 edge /healthz status=200 upstream=B rt_ms=203 bytes=4932
2026-03-14 02:41:44.940 edge /api/events status=502 upstream=B rt_ms=348 bytes=1981
2026-03-14 02:41:44.978 edge / status=200 upstream=B rt_ms=83 bytes=16440
2026-03-14 02:41:45.774 edge /api/orders status=500 upstream=B rt_ms=357 bytes=41572
2026-03-14 02:41:47.524 edge /healthz status=200 upstream=B rt_ms=226 bytes=11695
2026-03-14 02:41:48.306 edge /api/orders status=200 upstream=B rt_ms=359 bytes=37242
2026-03-14 02:41:49.571 edge /api/events status=200 upstream=B rt_ms=175 bytes=32695
2026-03-14 02:41:50.766 edge /healthz status=200 upstream=B rt_ms=356 bytes=16513
2026-03-14 02:41:52.946 edge /api/events status=200 upstream=B rt_ms=304 bytes=14869
2026-03-14 02:41:53.480 edge /api/orders status=200 upstream=B rt_ms=321 bytes=17359
2026-03-14 02:41:54.300 edge /static/style.css status=404 upstream=B rt_ms=74 bytes=16696
2026-03-14 02:41:54.846 edge /static/style.css status=500 upstream=B rt_ms=362 bytes=31745
2026-03-14 02:41:55.140 edge / status=200 upstream=B rt_ms=234 bytes=28616
2026-03-14 02:41:56.173 edge /api/events status=200 upstream=B rt_ms=13 bytes=20047
2026-03-14 02:41:56.616 edge / status=502 upstream=B rt_ms=300 bytes=21881
2026-03-14 02:41:58.735 edge /api/events status=502 upstream=B rt_ms=221 bytes=40236
2026-03-14 02:41:59.579 edge /api/events status=200 upstream=B rt_ms=332 bytes=24667
2026-03-14 02:42:00.001 edge /static/style.css status=200 upstream=B rt_ms=87 bytes=8066
2026-03-14 02:42:00.538 edge /healthz status=200 upstream=B rt_ms=149 bytes=35071
2026-03-14 02:42:07.290 edge / status=200 upstream=B rt_ms=346 bytes=25333
2026-03-14 02:42:08.454 edge /api/orders status=200 upstream=B rt_ms=18 bytes=11439
2026-03-14 02:42:09.246 edge / status=200 upstream=B rt_ms=77 bytes=29717
2026-03-14 02:42:09.668 edge / status=404 upstream=B rt_ms=345 bytes=3061
2026-03-14 02:42:10.116 edge / status=502 upstream=B rt_ms=307 bytes=1854
2026-03-14 02:42:10.189 edge / status=200 upstream=B rt_ms=116 bytes=4413
2026-03-14 02:42:11.324 edge /api/orders status=200 upstream=B rt_ms=327 bytes=6521
2026-03-14 02:42:11.671 edge /healthz status=500 upstream=B rt_ms=53 bytes=33105
2026-03-14 02:42:12.088 edge /static/style.css status=200 upstream=B rt_ms=115 bytes=29560
2026-03-14 02:42:12.650 edge / status=502 upstream=B rt_ms=139 bytes=6061
2026-03-14 02:42:14.547 edge /api/orders status=200 upstream=B rt_ms=80 bytes=28017
2026-03-14 02:42:14.856 edge /api/orders status=200 upstream=B rt_ms=18 bytes=20385
2026-03-14 02:42:17.361 edge /api/orders status=502 upstream=B rt_ms=67 bytes=20969
2026-03-14 02:42:17.708 edge /api/orders status=502 upstream=B rt_ms=268 bytes=17532
2026-03-14 02:42:17.773 edge /api/events status=502 upstream=B rt_ms=262 bytes=24722
2026-03-14 02:42:20.005 edge / status=200 upstream=B rt_ms=78 bytes=5487
2026-03-14 02:42:21.461 edge / status=502 upstream=B rt_ms=268 bytes=21321
2026-03-14 02:42:23.940 edge /healthz status=200 upstream=B rt_ms=190 bytes=4970
2026-03-14 02:42:24.679 edge /api/events status=502 upstream=B rt_ms=29 bytes=24450
2026-03-14 02:42:25.987 edge /healthz status=200 upstream=B rt_ms=338 bytes=36507
2026-03-14 02:42:26.408 edge /api/orders status=502 upstream=B rt_ms=23 bytes=6529
2026-03-14 02:42:26.535 edge /api/events status=200 upstream=B rt_ms=160 bytes=13901
2026-03-14 02:42:27.520 edge /api/orders status=200 upstream=B rt_ms=285 bytes=35697
2026-03-14 02:42:27.901 edge /api/events status=200 upstream=B rt_ms=343 bytes=28427
2026-03-14 02:42:28.150 edge /api/orders status=200 upstream=B rt_ms=26 bytes=23415
2026-03-14 02:42:28.559 edge /api/events status=500 upstream=B rt_ms=219 bytes=20331
2026-03-14 02:42:28.970 edge /api/events status=200 upstream=B rt_ms=212 bytes=30861
2026-03-14 02:42:29.917 edge /healthz status=502 upstream=B rt_ms=266 bytes=19612
2026-03-14 02:42:30.730 edge /healthz status=200 upstream=B rt_ms=70 bytes=11975
2026-03-14 02:42:31.391 edge /healthz status=502 upstream=B rt_ms=330 bytes=39167
2026-03-14 02:42:31.966 edge /static/style.css status=200 upstream=B rt_ms=24 bytes=17711
2026-03-14 02:42:33.194 edge /healthz status=200 upstream=B rt_ms=82 bytes=3547
2026-03-14 02:42:33.772 edge / status=502 upstream=B rt_ms=77 bytes=22075
2026-03-14 02:42:34.420 edge / status=200 upstream=B rt_ms=187 bytes=5573
2026-03-14 02:42:37.191 edge /api/orders status=404 upstream=B rt_ms=253 bytes=17969
2026-03-14 02:42:37.823 edge /api/orders status=200 upstream=B rt_ms=7 bytes=26179
2026-03-14 02:42:38.276 edge /api/events status=502 upstream=B rt_ms=265 bytes=5476
2026-03-14 02:42:41.423 edge / status=200 upstream=B rt_ms=190 bytes=16959
2026-03-14 02:42:43.241 edge / status=200 upstream=B rt_ms=220 bytes=6945
2026-03-14 02:42:43.607 edge / status=502 upstream=B rt_ms=11 bytes=14234
2026-03-14 02:42:43.788 edge /api/orders status=502 upstream=B rt_ms=341 bytes=14259
2026-03-14 02:42:43.920 edge /static/style.css status=200 upstream=B rt_ms=99 bytes=37049
2026-03-14 02:42:44.040 edge /healthz status=200 upstream=B rt_ms=154 bytes=17604
2026-03-14 02:42:45.496 edge /static/style.css status=502 upstream=B rt_ms=219 bytes=14447
2026-03-14 02:42:49.765 edge /api/events status=502 upstream=B rt_ms=314 bytes=2167
2026-03-14 02:42:50.827 edge /static/style.css status=200 upstream=B rt_ms=166 bytes=15076
2026-03-14 02:42:51.064 edge / status=200 upstream=B rt_ms=341 bytes=12977
2026-03-14 02:42:56.024 edge /healthz status=502 upstream=B rt_ms=288 bytes=23846
2026-03-14 02:42:57.285 edge /static/style.css status=200 upstream=B rt_ms=133 bytes=23438
2026-03-14 02:42:57.312 edge /healthz status=200 upstream=B rt_ms=145 bytes=23863
2026-03-14 02:42:58.292 edge /healthz status=502 upstream=B rt_ms=338 bytes=39838
2026-03-14 02:42:58.491 edge /api/events status=502 upstream=B rt_ms=125 bytes=23113
2026-03-14 02:42:58.702 edge / status=200 upstream=B rt_ms=325 bytes=4208
2026-03-14 02:43:00.686 edge /static/style.css status=200 upstream=B rt_ms=185 bytes=30555
2026-03-14 02:43:01.623 edge /api/orders status=500 upstream=B rt_ms=168 bytes=9743
2026-03-14 02:43:03.637 edge /static/style.css status=200 upstream=B rt_ms=198 bytes=28941
2026-03-14 02:43:03.686 edge /static/style.css status=502 upstream=B rt_ms=63 bytes=11791
2026-03-14 02:43:04.249 edge /healthz status=200 upstream=B rt_ms=261 bytes=19320
2026-03-14 02:43:04.533 edge / status=502 upstream=B rt_ms=395 bytes=26644
2026-03-14 02:43:04.842 edge /api/orders status=500 upstream=B rt_ms=378 bytes=2885
2026-03-14 02:43:05.592 edge /api/events status=502 upstream=B rt_ms=102 bytes=5271
2026-03-14 02:43:05.661 edge /healthz status=200 upstream=B rt_ms=37 bytes=20524
2026-03-14 02:43:07.500 edge /api/orders status=200 upstream=B rt_ms=135 bytes=36879
2026-03-14 02:43:07.807 edge /healthz status=502 upstream=B rt_ms=385 bytes=14319
2026-03-14 02:43:09.227 edge /static/style.css status=200 upstream=B rt_ms=378 bytes=10378
2026-03-14 02:43:10.141 edge /api/orders status=404 upstream=B rt_ms=322 bytes=29944
2026-03-14 02:43:12.682 edge /api/orders status=500 upstream=B rt_ms=81 bytes=25477
2026-03-14 02:43:13.971 edge /healthz status=502 upstream=B rt_ms=359 bytes=16931
2026-03-14 02:43:14.887 edge /api/events status=200 upstream=B rt_ms=281 bytes=4069
2026-03-14 02:43:15.015 edge /healthz status=200 upstream=B rt_ms=28 bytes=5985
2026-03-14 02:43:16.243 edge / status=502 upstream=B rt_ms=313 bytes=27130
2026-03-14 02:43:17.759 edge /api/events status=502 upstream=B rt_ms=61 bytes=516
2026-03-14 02:43:18.435 edge /static/style.css status=500 upstream=B rt_ms=153 bytes=40071
2026-03-14 02:43:18.854 edge /static/style.css status=502 upstream=B rt_ms=207 bytes=33814
2026-03-14 02:43:21.008 edge / status=200 upstream=B rt_ms=396 bytes=5110
2026-03-14 02:43:24.429 edge /static/style.css status=502 upstream=B rt_ms=388 bytes=30382
2026-03-14 02:43:29.891 edge /static/style.css status=502 upstream=B rt_ms=110 bytes=35819
2026-03-14 02:43:36.780 edge /api/orders status=200 upstream=B rt_ms=211 bytes=29263
2026-03-14 02:43:38.654 edge /api/events status=200 upstream=B rt_ms=341 bytes=7755
2026-03-14 02:43:39.038 edge /api/orders status=502 upstream=B rt_ms=291 bytes=8362
2026-03-14 02:43:40.982 edge / status=502 upstream=B rt_ms=373 bytes=4523
2026-03-14 02:43:41.682 edge /api/orders status=200 upstream=B rt_ms=297 bytes=31044
2026-03-14 02:43:43.923 edge / status=200 upstream=B rt_ms=265 bytes=34666
2026-03-14 02:43:49.714 edge /static/style.css status=200 upstream=B rt_ms=107 bytes=23899
2026-03-14 02:43:50.201 edge /healthz status=200 upstream=B rt_ms=147 bytes=38845
2026-03-14 02:43:50.369 edge /api/events status=200 upstream=B rt_ms=221 bytes=18744
2026-03-14 02:43:52.610 edge /api/events status=200 upstream=B rt_ms=61 bytes=16038
2026-03-14 02:43:53.009 edge /api/orders status=502 upstream=B rt_ms=27 bytes=27282
2026-03-14 02:43:54.105 edge /healthz status=404 upstream=B rt_ms=294 bytes=23607
2026-03-14 02:43:55.809 edge / status=502 upstream=B rt_ms=129 bytes=12269
2026-03-14 02:43:57.589 edge /api/events status=502 upstream=B rt_ms=136 bytes=13238
2026-03-14 02:43:58.109 edge / status=200 upstream=B rt_ms=182 bytes=12525
2026-03-14 02:43:58.928 edge /healthz status=200 upstream=B rt_ms=174 bytes=17922
2026-03-14 02:44:01.358 edge /healthz status=502 upstream=B rt_ms=97 bytes=29124
2026-03-14 02:44:01.496 edge /static/style.css status=200 upstream=B rt_ms=162 bytes=29265
2026-03-14 02:44:01.795 edge /api/events status=200 upstream=B rt_ms=196 bytes=38876
2026-03-14 02:44:03.192 edge /api/events status=200 upstream=B rt_ms=154 bytes=24011
2026-03-14 02:44:04.958 edge /api/orders status=200 upstream=B rt_ms=9 bytes=39166
2026-03-14 02:44:05.845 edge /healthz status=502 upstream=B rt_ms=296 bytes=33641
2026-03-14 02:44:06.208 edge / status=200 upstream=B rt_ms=5 bytes=22734
2026-03-14 02:44:08.727 edge /healthz status=200 upstream=B rt_ms=313 bytes=11105
2026-03-14 02:44:11.352 edge /healthz status=502 upstream=B rt_ms=248 bytes=38574
2026-03-14 02:44:11.589 edge /api/orders status=200 upstream=B rt_ms=334 bytes=23213
2026-03-14 02:44:12.959 edge /api/orders status=200 upstream=B rt_ms=318 bytes=13360
2026-03-14 02:44:14.918 edge /api/orders status=404 upstream=B rt_ms=57 bytes=39187
2026-03-14 02:44:17.326 edge /api/orders status=502 upstream=B rt_ms=132 bytes=7336
2026-03-14 02:44:17.933 edge /static/style.css status=500 upstream=B rt_ms=316 bytes=12678
2026-03-14 02:44:18.309 edge / status=200 upstream=B rt_ms=136 bytes=20939
2026-03-14 02:44:21.459 edge /healthz status=502 upstream=B rt_ms=249 bytes=30215
2026-03-14 02:44:21.560 edge /api/orders status=200 upstream=B rt_ms=59 bytes=6406
2026-03-14 02:44:24.127 edge /api/orders status=200 upstream=B rt_ms=161 bytes=8223
2026-03-14 02:44:25.031 edge /healthz status=502 upstream=B rt_ms=281 bytes=27172
2026-03-14 02:44:25.364 edge /static/style.css status=502 upstream=B rt_ms=26 bytes=31869
2026-03-14 02:44:25.636 edge /api/orders status=404 upstream=B rt_ms=352 bytes=20451
2026-03-14 02:44:25.988 edge /api/orders status=502 upstream=B rt_ms=226 bytes=20664
2026-03-14 02:44:26.103 edge /static/style.css status=200 upstream=B rt_ms=25 bytes=15531
2026-03-14 02:44:26.391 edge /api/orders status=200 upstream=B rt_ms=296 bytes=27616
2026-03-14 02:44:27.185 edge / status=200 upstream=B rt_ms=290 bytes=21426
2026-03-14 02:44:27.541 edge / status=200 upstream=B rt_ms=93 bytes=40384
2026-03-14 02:44:27.761 edge /api/events status=200 upstream=B rt_ms=320 bytes=13533
2026-03-14 02:44:28.127 edge /healthz status=200 upstream=B rt_ms=378 bytes=1998
2026-03-14 02:44:29.377 edge /static/style.css status=502 upstream=B rt_ms=54 bytes=8371
2026-03-14 02:44:30.271 edge / status=502 upstream=B rt_ms=49 bytes=31687
2026-03-14 02:44:31.760 edge /static/style.css status=200 upstream=B rt_ms=236 bytes=33401
2026-03-14 02:44:32.567 edge / status=200 upstream=B rt_ms=284 bytes=28408
2026-03-14 02:44:32.743 edge /api/events status=200 upstream=B rt_ms=76 bytes=3234
2026-03-14 02:44:32.921 edge / status=502 upstream=B rt_ms=274 bytes=24955
2026-03-14 02:44:37.909 edge /api/orders status=500 upstream=B rt_ms=165 bytes=3587
2026-03-14 02:44:38.416 edge /api/events status=502 upstream=B rt_ms=335 bytes=1919
2026-03-14 02:44:39.814 edge /api/events status=200 upstream=B rt_ms=114 bytes=351
2026-03-14 02:44:41.505 edge /api/events status=200 upstream=B rt_ms=3 bytes=31377
2026-03-14 02:44:43.522 edge /api/orders status=200 upstream=B rt_ms=188 bytes=25073
2026-03-14 02:44:44.820 edge /api/events status=502 upstream=B rt_ms=302 bytes=15183
2026-03-14 02:44:45.254 edge /healthz status=200 upstream=B rt_ms=305 bytes=2822
2026-03-14 02:44:48.259 edge /api/events status=200 upstream=B rt_ms=62 bytes=23220
2026-03-14 02:44:50.272 edge /api/events status=200 upstream=B rt_ms=76 bytes=2415
2026-03-14 02:44:50.511 edge /static/style.css status=502 upstream=B rt_ms=149 bytes=5397
2026-03-14 02:44:50.807 edge /static/style.css status=502 upstream=B rt_ms=347 bytes=36419
2026-03-14 02:44:51.284 edge /healthz status=200 upstream=B rt_ms=344 bytes=14836
2026-03-14 02:44:51.340 edge /api/events status=200 upstream=B rt_ms=107 bytes=30186
2026-03-14 02:44:51.810 edge /static/style.css status=200 upstream=B rt_ms=224 bytes=9105
2026-03-14 02:44:52.008 edge /healthz status=200 upstream=B rt_ms=124 bytes=37864
2026-03-14 02:44:53.019 edge /api/events status=200 upstream=B rt_ms=317 bytes=41453
2026-03-14 02:44:54.214 edge /api/orders status=200 upstream=B rt_ms=130 bytes=23628
2026-03-14 02:44:54.290 edge /healthz status=200 upstream=B rt_ms=206 bytes=1281
2026-03-14 02:44:56.039 edge /api/events status=502 upstream=B rt_ms=239 bytes=28803
2026-03-14 02:44:57.792 edge /static/style.css status=200 upstream=B rt_ms=22 bytes=4110
2026-03-14 02:44:59.741 edge / status=404 upstream=B rt_ms=84 bytes=1990
2026-03-14 02:45:03.001 edge /api/events status=502 upstream=B rt_ms=321 bytes=20680
2026-03-14 02:45:03.378 edge /api/events status=502 upstream=B rt_ms=15 bytes=34652
2026-03-14 02:45:04.491 edge / status=404 upstream=B rt_ms=37 bytes=28008
2026-03-14 02:45:07.522 edge /static/style.css status=502 upstream=B rt_ms=343 bytes=24656
2026-03-14 02:45:07.998 edge /api/events status=200 upstream=B rt_ms=185 bytes=1278
2026-03-14 02:45:09.496 edge /api/events status=200 upstream=B rt_ms=145 bytes=15960
2026-03-14 02:45:10.945 edge / status=502 upstream=B rt_ms=252 bytes=5703
2026-03-14 02:45:11.713 edge /api/orders status=502 upstream=B rt_ms=144 bytes=30459
2026-03-14 02:45:11.741 edge /api/events status=200 upstream=B rt_ms=212 bytes=17866
2026-03-14 02:45:12.298 edge /static/style.css status=200 upstream=B rt_ms=393 bytes=15644
2026-03-14 02:45:12.527 edge /api/events status=502 upstream=B rt_ms=367 bytes=25893
2026-03-14 02:45:12.661 edge /static/style.css status=200 upstream=B rt_ms=399 bytes=36311
2026-03-14 02:45:12.795 edge /static/style.css status=502 upstream=B rt_ms=302 bytes=35125
2026-03-14 02:45:14.821 edge /static/style.css status=200 upstream=B rt_ms=192 bytes=23803
2026-03-14 02:45:15.314 edge /api/events status=200 upstream=B rt_ms=49 bytes=32504
2026-03-14 02:45:15.331 edge /api/events status=200 upstream=B rt_ms=336 bytes=32601
2026-03-14 02:45:15.406 edge /api/orders status=200 upstream=B rt_ms=14 bytes=17239
2026-03-14 02:45:15.771 edge /api/orders status=200 upstream=B rt_ms=158 bytes=13746
2026-03-14 02:45:16.757 edge /healthz status=200 upstream=B rt_ms=389 bytes=3083
2026-03-14 02:45:17.001 edge / status=200 upstream=B rt_ms=175 bytes=19857
2026-03-14 02:45:18.770 edge /api/orders status=502 upstream=B rt_ms=112 bytes=12327
2026-03-14 02:45:19.858 edge /healthz status=502 upstream=B rt_ms=208 bytes=19893
2026-03-14 02:45:20.864 edge /healthz status=500 upstream=B rt_ms=220 bytes=16810
2026-03-14 02:45:27.017 edge / status=200 upstream=B rt_ms=169 bytes=36164
2026-03-14 02:45:30.191 edge /static/style.css status=200 upstream=B rt_ms=91 bytes=9569
2026-03-14 02:45:31.791 edge / status=502 upstream=B rt_ms=15 bytes=22006
2026-03-14 02:45:33.018 edge / status=200 upstream=B rt_ms=329 bytes=26876
2026-03-14 02:45:34.092 edge /api/orders status=200 upstream=B rt_ms=208 bytes=3150
2026-03-14 02:45:35.390 edge /static/style.css status=502 upstream=B rt_ms=94 bytes=25437
2026-03-14 02:45:39.643 edge /static/style.css status=502 upstream=B rt_ms=301 bytes=28091
2026-03-14 02:45:40.228 edge /api/events status=502 upstream=B rt_ms=193 bytes=28144
2026-03-14 02:45:40.593 edge /api/orders status=502 upstream=B rt_ms=97 bytes=22619
2026-03-14 02:45:41.250 edge / status=200 upstream=B rt_ms=252 bytes=2443
2026-03-14 02:45:43.503 edge /api/events status=502 upstream=B rt_ms=305 bytes=4315
2026-03-14 02:45:43.976 edge /healthz status=200 upstream=B rt_ms=375 bytes=22405
2026-03-14 02:45:44.373 edge /healthz status=200 upstream=B rt_ms=30 bytes=19272
2026-03-14 02:45:44.461 edge / status=200 upstream=B rt_ms=198 bytes=22040
2026-03-14 02:45:46.648 edge /healthz status=200 upstream=B rt_ms=88 bytes=4035
2026-03-14 02:45:47.869 edge / status=502 upstream=B rt_ms=72 bytes=25666
2026-03-14 02:45:47.973 edge / status=200 upstream=B rt_ms=164 bytes=17973
2026-03-14 02:45:48.224 edge /api/events status=200 upstream=B rt_ms=339 bytes=41017
2026-03-14 02:45:52.988 edge /api/events status=200 upstream=B rt_ms=257 bytes=23505
2026-03-14 02:45:53.614 edge /healthz status=502 upstream=B rt_ms=102 bytes=30024
2026-03-14 02:45:54.015 edge /api/events status=200 upstream=B rt_ms=346 bytes=34039
2026-03-14 02:45:54.359 edge / status=200 upstream=B rt_ms=337 bytes=11711
2026-03-14 02:45:54.824 edge /healthz status=502 upstream=B rt_ms=60 bytes=34513
2026-03-14 02:45:56.266 edge /api/events status=200 upstream=B rt_ms=81 bytes=27523
2026-03-14 02:45:58.307 edge / status=200 upstream=B rt_ms=323 bytes=34264
2026-03-14 02:45:59.483 edge /static/style.css status=200 upstream=B rt_ms=331 bytes=662
2026-03-14 02:45:59.939 edge /api/orders status=502 upstream=B rt_ms=247 bytes=9382
2026-03-14 02:46:00.134 edge /healthz status=200 upstream=B rt_ms=339 bytes=9394
2026-03-14 02:46:01.920 edge /api/events status=200 upstream=B rt_ms=14 bytes=7816
2026-03-14 02:46:02.036 edge /api/events status=502 upstream=B rt_ms=30 bytes=8289
2026-03-14 02:46:03.281 edge /healthz status=502 upstream=B rt_ms=189 bytes=357
2026-03-14 02:46:03.745 edge /api/orders status=200 upstream=B rt_ms=108 bytes=33594
2026-03-14 02:46:03.882 edge /api/events status=200 upstream=B rt_ms=163 bytes=12493
2026-03-14 02:46:04.343 edge /static/style.css status=200 upstream=B rt_ms=212 bytes=26034
2026-03-14 02:46:06.680 edge /static/style.css status=200 upstream=B rt_ms=334 bytes=31198
2026-03-14 02:46:07.843 edge / status=200 upstream=B rt_ms=337 bytes=23723
2026-03-14 02:46:09.391 edge /api/events status=200 upstream=B rt_ms=385 bytes=8691
2026-03-14 02:46:10.765 edge /healthz status=200 upstream=B rt_ms=84 bytes=15367
2026-03-14 02:46:12.346 edge /api/orders status=200 upstream=B rt_ms=129 bytes=17854
2026-03-14 02:46:13.348 edge /static/style.css status=502 upstream=B rt_ms=29 bytes=28209
2026-03-14 02:46:13.980 edge /static/style.css status=502 upstream=B rt_ms=35 bytes=33633
2026-03-14 02:46:15.990 edge /static/style.css status=502 upstream=B rt_ms=352 bytes=313
2026-03-14 02:46:16.948 edge /static/style.css status=502 upstream=B rt_ms=39 bytes=1135
2026-03-14 02:46:17.434 edge / status=200 upstream=B rt_ms=352 bytes=21927
2026-03-14 02:46:17.709 edge /api/events status=200 upstream=B rt_ms=347 bytes=10458
2026-03-14 02:46:20.056 edge /api/events status=200 upstream=B rt_ms=208 bytes=19057
2026-03-14 02:46:21.179 edge / status=200 upstream=B rt_ms=41 bytes=34717
2026-03-14 02:46:21.425 edge / status=200 upstream=B rt_ms=305 bytes=4910
2026-03-14 02:46:22.280 edge /healthz status=404 upstream=B rt_ms=75 bytes=15110
2026-03-14 02:46:24.844 edge /api/events status=200 upstream=B rt_ms=88 bytes=36561
2026-03-14 02:46:26.595 edge /api/orders status=200 upstream=B rt_ms=231 bytes=10733
2026-03-14 02:46:28.648 edge /api/events status=200 upstream=B rt_ms=368 bytes=38305
2026-03-14 02:46:30.309 edge /api/events status=200 upstream=B rt_ms=88 bytes=6590
2026-03-14 02:46:30.953 edge /healthz status=404 upstream=B rt_ms=257 bytes=38020
2026-03-14 02:46:31.062 edge /healthz status=200 upstream=B rt_ms=312 bytes=28733
2026-03-14 02:46:31.205 edge /api/orders status=200 upstream=B rt_ms=12 bytes=23983
2026-03-14 02:46:31.367 edge /healthz status=200 upstream=B rt_ms=188 bytes=8875
2026-03-14 02:46:33.052 edge /healthz status=200 upstream=B rt_ms=139 bytes=40865
2026-03-14 02:46:34.328 edge /healthz status=200 upstream=B rt_ms=3 bytes=21789
2026-03-14 02:46:34.350 edge /healthz status=200 upstream=B rt_ms=162 bytes=35928
2026-03-14 02:46:35.867 edge /api/orders status=502 upstream=B rt_ms=12 bytes=2866
2026-03-14 02:46:36.165 edge / status=502 upstream=B rt_ms=318 bytes=11371
2026-03-14 02:46:36.261 edge /api/orders status=200 upstream=B rt_ms=354 bytes=11349
2026-03-14 02:46:37.165 edge /api/events status=502 upstream=B rt_ms=200 bytes=31152
2026-03-14 02:46:37.430 edge /api/events status=200 upstream=B rt_ms=387 bytes=18181
2026-03-14 02:46:40.206 edge / status=502 upstream=B rt_ms=187 bytes=37121
2026-03-14 02:46:45.453 edge / status=502 upstream=B rt_ms=256 bytes=16381
2026-03-14 02:46:48.106 edge /api/orders status=200 upstream=B rt_ms=193 bytes=39860
2026-03-14 02:46:48.573 edge /api/orders status=200 upstream=B rt_ms=288 bytes=17668
2026-03-14 02:46:50.767 edge /healthz status=200 upstream=B rt_ms=272 bytes=26770
2026-03-14 02:46:52.338 edge /api/events status=502 upstream=B rt_ms=153 bytes=31140
2026-03-14 02:46:53.452 edge /api/orders status=502 upstream=B rt_ms=46 bytes=255
2026-03-14 02:46:55.006 edge /static/style.css status=200 upstream=B rt_ms=291 bytes=22825
2026-03-14 02:46:55.545 edge / status=502 upstream=B rt_ms=92 bytes=29004
2026-03-14 02:46:56.300 edge /healthz status=200 upstream=B rt_ms=388 bytes=17121
2026-03-14 02:46:56.617 edge /static/style.css status=200 upstream=B rt_ms=152 bytes=32494
2026-03-14 02:46:57.943 edge /healthz status=200 upstream=B rt_ms=236 bytes=1534
2026-03-14 02:46:59.553 edge / status=404 upstream=B rt_ms=11 bytes=8223
2026-03-14 02:46:59.921 edge /api/orders status=200 upstream=B rt_ms=99 bytes=25928
2026-03-14 02:47:02.037 edge /healthz status=502 upstream=B rt_ms=287 bytes=13622
2026-03-14 02:47:03.834 edge /api/orders status=502 upstream=B rt_ms=210 bytes=3293
2026-03-14 02:47:04.607 edge /static/style.css status=200 upstream=B rt_ms=384 bytes=21582
2026-03-14 02:47:05.317 edge / status=502 upstream=B rt_ms=27 bytes=12466
2026-03-14 02:47:05.432 edge / status=200 upstream=B rt_ms=20 bytes=41585
2026-03-14 02:47:09.557 edge /healthz status=200 upstream=B rt_ms=290 bytes=15582
2026-03-14 02:47:10.280 edge /api/orders status=200 upstream=B rt_ms=332 bytes=954
2026-03-14 02:47:10.680 edge /api/events status=502 upstream=B rt_ms=80 bytes=2683
2026-03-14 02:47:11.067 edge /api/events status=200 upstream=B rt_ms=112 bytes=15476
2026-03-14 02:47:13.234 edge /healthz status=502 upstream=B rt_ms=375 bytes=30348
2026-03-14 02:47:13.277 edge / status=200 upstream=B rt_ms=385 bytes=9196
2026-03-14 02:47:13.630 edge /api/orders status=500 upstream=B rt_ms=168 bytes=8134
2026-03-14 02:47:14.016 edge /healthz status=200 upstream=B rt_ms=142 bytes=2369
2026-03-14 02:47:14.219 edge /api/events status=200 upstream=B rt_ms=296 bytes=37409
2026-03-14 02:47:16.676 edge /healthz status=200 upstream=B rt_ms=17 bytes=27835
2026-03-14 02:47:17.596 edge /static/style.css status=200 upstream=B rt_ms=349 bytes=30795
2026-03-14 02:47:21.507 edge /static/style.css status=502 upstream=B rt_ms=28 bytes=919
2026-03-14 02:47:22.012 edge /api/events status=502 upstream=B rt_ms=229 bytes=29566
2026-03-14 02:47:24.237 edge /healthz status=200 upstream=B rt_ms=167 bytes=36154
2026-03-14 02:47:25.898 edge /static/style.css status=502 upstream=B rt_ms=168 bytes=39793
2026-03-14 02:47:26.793 edge /healthz status=404 upstream=B rt_ms=171 bytes=2768
2026-03-14 02:47:27.313 edge / status=502 upstream=B rt_ms=38 bytes=21184
2026-03-14 02:47:30.669 edge / status=502 upstream=B rt_ms=39 bytes=37002
2026-03-14 02:47:31.628 edge /healthz status=200 upstream=B rt_ms=172 bytes=39787
2026-03-14 02:47:31.936 edge /api/orders status=404 upstream=B rt_ms=5 bytes=31474
2026-03-14 02:47:32.658 edge /api/orders status=200 upstream=B rt_ms=370 bytes=38511
2026-03-14 02:47:34.491 edge /api/events status=200 upstream=B rt_ms=384 bytes=3005
2026-03-14 02:47:35.221 edge /static/style.css status=200 upstream=B rt_ms=29 bytes=24403
2026-03-14 02:47:35.901 edge /api/orders status=502 upstream=B rt_ms=317 bytes=19200
2026-03-14 02:47:36.511 edge /static/style.css status=502 upstream=B rt_ms=349 bytes=28745
2026-03-14 02:47:36.990 edge / status=502 upstream=B rt_ms=141 bytes=38905
2026-03-14 02:47:37.021 edge /static/style.css status=502 upstream=B rt_ms=286 bytes=5515
2026-03-14 02:47:37.031 edge /api/orders status=200 upstream=B rt_ms=335 bytes=16176
2026-03-14 02:47:37.304 edge /api/orders status=500 upstream=B rt_ms=354 bytes=35592
2026-03-14 02:47:41.729 edge /static/style.css status=502 upstream=B rt_ms=143 bytes=22708
2026-03-14 02:47:41.731 edge /static/style.css status=502 upstream=B rt_ms=349 bytes=16747
2026-03-14 02:47:43.378 edge /api/orders status=200 upstream=B rt_ms=174 bytes=26697
2026-03-14 02:47:44.747 edge /api/events status=502 upstream=B rt_ms=199 bytes=41227
2026-03-14 02:47:48.316 edge / status=200 upstream=B rt_ms=135 bytes=28529
2026-03-14 02:47:48.380 edge /api/orders status=200 upstream=B rt_ms=69 bytes=3940
2026-03-14 02:47:49.569 edge /api/events status=502 upstream=B rt_ms=329 bytes=9380
2026-03-14 02:47:49.578 edge /api/orders status=200 upstream=B rt_ms=7 bytes=29344
2026-03-14 02:47:49.944 edge /api/orders status=200 upstream=B rt_ms=169 bytes=1997
2026-03-14 02:47:50.034 edge /healthz status=404 upstream=B rt_ms=122 bytes=540
2026-03-14 02:47:50.444 edge /static/style.css status=200 upstream=B rt_ms=147 bytes=1796
2026-03-14 02:47:50.812 edge /api/orders status=502 upstream=B rt_ms=162 bytes=13416
2026-03-14 02:47:50.837 edge /api/events status=502 upstream=B rt_ms=159 bytes=17705
2026-03-14 02:47:51.851 edge /static/style.css status=200 upstream=B rt_ms=19 bytes=32996
2026-03-14 02:47:52.292 edge /api/events status=502 upstream=B rt_ms=75 bytes=37375
2026-03-14 02:47:52.339 edge / status=502 upstream=B rt_ms=28 bytes=23085
2026-03-14 02:47:52.980 edge / status=200 upstream=B rt_ms=340 bytes=3986
2026-03-14 02:47:54.386 edge /api/events status=200 upstream=B rt_ms=308 bytes=37215
2026-03-14 02:47:54.573 edge / status=200 upstream=B rt_ms=285 bytes=32805
2026-03-14 02:47:56.434 edge /api/orders status=200 upstream=B rt_ms=71 bytes=38951
2026-03-14 02:48:00.635 edge /api/events status=502 upstream=B rt_ms=17 bytes=19635
2026-03-14 02:48:01.363 edge /api/events status=200 upstream=B rt_ms=111 bytes=22484
2026-03-14 02:48:01.405 edge /api/events status=200 upstream=B rt_ms=195 bytes=28001
2026-03-14 02:48:03.083 edge /healthz status=200 upstream=B rt_ms=169 bytes=15582
2026-03-14 02:48:03.857 edge / status=200 upstream=B rt_ms=52 bytes=36038
2026-03-14 02:48:05.464 edge /healthz status=200 upstream=B rt_ms=395 bytes=14594
2026-03-14 02:48:06.149 edge /static/style.css status=502 upstream=B rt_ms=385 bytes=41794
2026-03-14 02:48:07.337 edge /healthz status=200 upstream=B rt_ms=394 bytes=33110
2026-03-14 02:48:10.073 edge /api/orders status=502 upstream=B rt_ms=301 bytes=9017
2026-03-14 02:48:11.502 edge / status=200 upstream=B rt_ms=366 bytes=14710
2026-03-14 02:48:11.740 edge /healthz status=200 upstream=B rt_ms=148 bytes=7780
2026-03-14 02:48:12.653 edge / status=200 upstream=B rt_ms=140 bytes=2363
2026-03-14 02:48:15.433 edge /healthz status=502 upstream=B rt_ms=17 bytes=33132
2026-03-14 02:48:15.827 edge / status=200 upstream=B rt_ms=338 bytes=26577
2026-03-14 02:48:19.018 edge / status=502 upstream=B rt_ms=47 bytes=24728
2026-03-14 02:48:19.244 edge /api/orders status=200 upstream=B rt_ms=18 bytes=26218
2026-03-14 02:48:20.522 edge /healthz status=502 upstream=B rt_ms=293 bytes=40008
2026-03-14 02:48:20.855 edge /static/style.css status=502 upstream=B rt_ms=364 bytes=22578
2026-03-14 02:48:21.510 edge /api/orders status=502 upstream=B rt_ms=305 bytes=19161
2026-03-14 02:48:22.232 edge /healthz status=200 upstream=B rt_ms=89 bytes=1707
2026-03-14 02:48:22.572 edge /api/events status=200 upstream=B rt_ms=391 bytes=9323
2026-03-14 02:48:22.787 edge /api/events status=200 upstream=B rt_ms=176 bytes=23676
2026-03-14 02:48:25.027 edge /static/style.css status=502 upstream=B rt_ms=233 bytes=2964
2026-03-14 02:48:25.041 edge / status=502 upstream=B rt_ms=52 bytes=17491
2026-03-14 02:48:25.988 edge /api/events status=200 upstream=B rt_ms=385 bytes=17136
2026-03-14 02:48:26.561 edge /api/events status=200 upstream=B rt_ms=164 bytes=7980
2026-03-14 02:48:27.441 edge / status=500 upstream=B rt_ms=92 bytes=26319
2026-03-14 02:48:28.069 edge /api/orders status=502 upstream=B rt_ms=142 bytes=28184
2026-03-14 02:48:28.078 edge /healthz status=404 upstream=B rt_ms=220 bytes=16007
2026-03-14 02:48:31.064 edge / status=200 upstream=B rt_ms=207 bytes=7097
2026-03-14 02:48:32.173 edge /api/orders status=200 upstream=B rt_ms=75 bytes=23744
2026-03-14 02:48:32.709 edge /healthz status=200 upstream=B rt_ms=228 bytes=28383
2026-03-14 02:48:37.295 edge / status=200 upstream=B rt_ms=387 bytes=12877
2026-03-14 02:48:38.059 edge /api/orders status=200 upstream=B rt_ms=271 bytes=11231
2026-03-14 02:48:40.678 edge /healthz status=200 upstream=B rt_ms=71 bytes=23822
2026-03-14 02:48:41.374 edge / status=200 upstream=B rt_ms=75 bytes=9338
2026-03-14 02:48:41.524 edge / status=500 upstream=B rt_ms=346 bytes=12791
2026-03-14 02:48:42.577 edge /api/events status=502 upstream=B rt_ms=330 bytes=29926
2026-03-14 02:48:47.601 edge / status=502 upstream=B rt_ms=134 bytes=27937
2026-03-14 02:48:49.820 edge /static/style.css status=502 upstream=B rt_ms=263 bytes=26542
2026-03-14 02:48:50.255 edge /api/events status=200 upstream=B rt_ms=208 bytes=29531
2026-03-14 02:48:50.315 edge /api/events status=502 upstream=B rt_ms=256 bytes=4619
2026-03-14 02:48:50.487 edge / status=200 upstream=B rt_ms=267 bytes=10548
2026-03-14 02:48:51.687 edge /api/events status=200 upstream=B rt_ms=166 bytes=3640
2026-03-14 02:48:53.171 edge / status=200 upstream=B rt_ms=45 bytes=37827
2026-03-14 02:48:54.321 edge /api/orders status=502 upstream=B rt_ms=59 bytes=19554
2026-03-14 02:48:54.504 edge /healthz status=502 upstream=B rt_ms=382 bytes=39277
2026-03-14 02:48:55.037 edge /healthz status=502 upstream=B rt_ms=146 bytes=27024
2026-03-14 02:48:56.147 edge /static/style.css status=500 upstream=B rt_ms=370 bytes=5501
2026-03-14 02:48:56.309 edge / status=502 upstream=B rt_ms=256 bytes=11785
2026-03-14 02:48:56.493 edge /healthz status=502 upstream=B rt_ms=323 bytes=41392
2026-03-14 02:48:56.809 edge /api/orders status=502 upstream=B rt_ms=396 bytes=9341
2026-03-14 02:48:57.652 edge /api/events status=502 upstream=B rt_ms=274 bytes=12444
2026-03-14 02:48:58.246 edge /api/events status=502 upstream=B rt_ms=43 bytes=25536
2026-03-14 02:48:59.567 edge /healthz status=200 upstream=B rt_ms=9 bytes=27734
2026-03-14 02:49:00.188 edge /api/orders status=502 upstream=B rt_ms=71 bytes=2942
2026-03-14 02:49:01.453 edge /api/events status=200 upstream=B rt_ms=98 bytes=13150
2026-03-14 02:49:02.041 edge /healthz status=200 upstream=B rt_ms=203 bytes=30082
2026-03-14 02:49:03.008 edge /healthz status=200 upstream=B rt_ms=187 bytes=3835
2026-03-14 02:49:05.114 edge /static/style.css status=502 upstream=B rt_ms=379 bytes=39304
2026-03-14 02:49:05.493 edge /api/events status=502 upstream=B rt_ms=267 bytes=9956
2026-03-14 02:49:07.105 edge / status=200 upstream=B rt_ms=398 bytes=6945
2026-03-14 02:49:07.118 edge /healthz status=200 upstream=B rt_ms=69 bytes=8576
2026-03-14 02:49:08.052 edge /api/events status=502 upstream=B rt_ms=114 bytes=1556
2026-03-14 02:49:08.252 edge /static/style.css status=200 upstream=B rt_ms=178 bytes=2780
2026-03-14 02:49:08.574 edge / status=502 upstream=B rt_ms=199 bytes=24027
2026-03-14 02:49:08.600 edge / status=502 upstream=B rt_ms=390 bytes=15007
2026-03-14 02:49:08.646 edge /static/style.css status=200 upstream=B rt_ms=94 bytes=27231
2026-03-14 02:49:09.212 edge /static/style.css status=200 upstream=B rt_ms=179 bytes=23184
2026-03-14 02:49:09.597 edge /api/events status=200 upstream=B rt_ms=335 bytes=23767
2026-03-14 02:49:11.019 edge /api/orders status=502 upstream=B rt_ms=162 bytes=35447
2026-03-14 02:49:14.786 edge /api/orders status=502 upstream=B rt_ms=280 bytes=39806
2026-03-14 02:49:16.806 edge /healthz status=200 upstream=B rt_ms=350 bytes=34376
2026-03-14 02:49:16.966 edge /static/style.css status=200 upstream=B rt_ms=356 bytes=21100
2026-03-14 02:49:17.126 edge /static/style.css status=200 upstream=B rt_ms=389 bytes=6512
2026-03-14 02:49:17.480 edge /api/events status=200 upstream=B rt_ms=103 bytes=41568
2026-03-14 02:49:19.107 edge /api/orders status=200 upstream=B rt_ms=93 bytes=16285
2026-03-14 02:49:21.520 edge /static/style.css status=200 upstream=B rt_ms=40 bytes=33085
2026-03-14 02:49:22.803 edge /api/orders status=200 upstream=B rt_ms=58 bytes=18293
2026-03-14 02:49:27.458 edge / status=200 upstream=B rt_ms=160 bytes=28117
2026-03-14 02:49:30.475 edge /api/orders status=502 upstream=B rt_ms=320 bytes=531
2026-03-14 02:49:30.873 edge /api/orders status=200 upstream=B rt_ms=157 bytes=25307
2026-03-14 02:49:31.330 edge /api/orders status=502 upstream=B rt_ms=281 bytes=34706
2026-03-14 02:49:31.432 edge /api/orders status=200 upstream=B rt_ms=88 bytes=37945
2026-03-14 02:49:31.859 edge /api/orders status=200 upstream=B rt_ms=153 bytes=1556
2026-03-14 02:49:32.404 edge /api/events status=404 upstream=B rt_ms=112 bytes=30243
2026-03-14 02:49:33.378 edge /api/orders status=200 upstream=B rt_ms=178 bytes=1020
2026-03-14 02:49:33.889 edge / status=502 upstream=B rt_ms=209 bytes=2441
2026-03-14 02:49:34.727 edge / status=200 upstream=B rt_ms=242 bytes=9319
2026-03-14 02:49:35.579 edge /static/style.css status=404 upstream=B rt_ms=113 bytes=14627
2026-03-14 02:49:35.635 edge / status=502 upstream=B rt_ms=38 bytes=18106
2026-03-14 02:49:37.561 edge /api/events status=502 upstream=B rt_ms=287 bytes=2764
2026-03-14 02:49:38.201 edge /api/orders status=200 upstream=B rt_ms=166 bytes=20970
2026-03-14 02:49:39.600 edge /api/events status=200 upstream=B rt_ms=174 bytes=16891
2026-03-14 02:49:40.185 edge /healthz status=502 upstream=B rt_ms=121 bytes=1960
2026-03-14 02:49:43.497 edge / status=200 upstream=B rt_ms=234 bytes=9981
2026-03-14 02:49:44.211 edge /static/style.css status=200 upstream=B rt_ms=264 bytes=31172
2026-03-14 02:49:46.172 edge /static/style.css status=200 upstream=B rt_ms=132 bytes=38713
2026-03-14 02:49:46.489 edge /api/orders status=200 upstream=B rt_ms=267 bytes=26973
2026-03-14 02:49:46.715 edge / status=502 upstream=B rt_ms=381 bytes=5303
2026-03-14 02:49:47.744 edge / status=502 upstream=B rt_ms=201 bytes=31174
2026-03-14 02:49:48.406 edge /api/orders status=404 upstream=B rt_ms=321 bytes=40503
2026-03-14 02:49:48.592 edge /api/events status=200 upstream=B rt_ms=319 bytes=37548
2026-03-14 02:49:48.791 edge /healthz status=200 upstream=B rt_ms=354 bytes=22597
2026-03-14 02:49:49.933 edge /static/style.css status=200 upstream=B rt_ms=238 bytes=41689
2026-03-14 02:49:50.388 edge /static/style.css status=502 upstream=B rt_ms=316 bytes=23013
2026-03-14 02:49:50.744 edge /api/orders status=200 upstream=B rt_ms=336 bytes=37860
2026-03-14 02:49:51.035 edge / status=502 upstream=B rt_ms=61 bytes=3072
2026-03-14 02:49:51.070 edge / status=500 upstream=B rt_ms=290 bytes=34433
2026-03-14 02:49:51.225 edge / status=502 upstream=B rt_ms=97 bytes=24411
2026-03-14 02:49:53.048 edge /healthz status=200 upstream=B rt_ms=283 bytes=23423
2026-03-14 02:49:54.338 edge /static/style.css status=200 upstream=B rt_ms=216 bytes=21434
2026-03-14 02:49:54.767 edge /healthz status=200 upstream=B rt_ms=180 bytes=30705
2026-03-14 02:49:55.730 edge /healthz status=502 upstream=B rt_ms=87 bytes=35624
2026-03-14 02:49:56.180 edge /healthz status=200 upstream=B rt_ms=123 bytes=14087
2026-03-14 02:49:56.573 edge /healthz status=200 upstream=B rt_ms=255 bytes=1287
2026-03-14 02:49:56.953 edge /healthz status=502 upstream=B rt_ms=286 bytes=5869
2026-03-14 02:49:58.193 edge /static/style.css status=502 upstream=B rt_ms=314 bytes=34318
2026-03-14 02:49:58.819 edge /static/style.css status=502 upstream=B rt_ms=79 bytes=33551
2026-03-14 02:49:58.895 edge /api/events status=200 upstream=B rt_ms=225 bytes=2847
2026-03-14 02:49:59.108 edge / status=502 upstream=B rt_ms=217 bytes=23144
2026-03-14 02:49:59.212 edge / status=200 upstream=B rt_ms=143 bytes=12292
2026-03-14 02:50:00.463 edge /api/events status=200 upstream=B rt_ms=164 bytes=5087
2026-03-14 02:50:00.601 edge /api/events status=200 upstream=B rt_ms=357 bytes=13433
2026-03-14 02:50:00.759 edge /healthz status=200 upstream=B rt_ms=218 bytes=11106
2026-03-14 02:50:01.717 edge /api/orders status=200 upstream=B rt_ms=235 bytes=20832
2026-03-14 02:50:02.297 edge / status=502 upstream=B rt_ms=49 bytes=40530
2026-03-14 02:50:02.956 edge /api/events status=502 upstream=B rt_ms=398 bytes=31807
2026-03-14 02:50:04.059 edge /healthz status=502 upstream=B rt_ms=144 bytes=18889
2026-03-14 02:50:04.317 edge /static/style.css status=200 upstream=B rt_ms=272 bytes=15215
2026-03-14 02:50:07.423 edge /api/events status=404 upstream=B rt_ms=87 bytes=28725
2026-03-14 02:50:08.874 edge /api/orders status=502 upstream=B rt_ms=312 bytes=6645
2026-03-14 02:50:09.282 edge /api/orders status=200 upstream=B rt_ms=185 bytes=37369
2026-03-14 02:50:11.336 edge /static/style.css status=200 upstream=B rt_ms=180 bytes=37467
2026-03-14 02:50:13.131 edge /healthz status=502 upstream=B rt_ms=289 bytes=8755
2026-03-14 02:50:13.308 edge /api/orders status=200 upstream=B rt_ms=170 bytes=27573
2026-03-14 02:50:13.350 edge /static/style.css status=200 upstream=B rt_ms=174 bytes=37303
2026-03-14 02:50:13.814 edge /static/style.css status=502 upstream=B rt_ms=8 bytes=41271
2026-03-14 02:50:14.162 edge /api/orders status=502 upstream=B rt_ms=310 bytes=34777
2026-03-14 02:50:16.751 edge /static/style.css status=200 upstream=B rt_ms=250 bytes=22782
2026-03-14 02:50:17.134 edge /api/orders status=502 upstream=B rt_ms=250 bytes=30051
2026-03-14 02:50:18.863 edge /api/events status=200 upstream=B rt_ms=75 bytes=19764
2026-03-14 02:50:19.043 edge /healthz status=200 upstream=B rt_ms=153 bytes=28157
2026-03-14 02:50:19.345 edge /healthz status=200 upstream=B rt_ms=177 bytes=24961
2026-03-14 02:50:19.845 edge /api/orders status=200 upstream=B rt_ms=253 bytes=27006
2026-03-14 02:50:20.925 edge / status=200 upstream=B rt_ms=139 bytes=12742
2026-03-14 02:50:21.932 edge /static/style.css status=502 upstream=B rt_ms=48 bytes=5199
2026-03-14 02:50:21.935 edge / status=502 upstream=B rt_ms=263 bytes=32192
2026-03-14 02:50:23.088 edge /healthz status=200 upstream=B rt_ms=94 bytes=37338
2026-03-14 02:50:23.717 edge /api/orders status=200 upstream=B rt_ms=180 bytes=10995
2026-03-14 02:50:24.420 edge /healthz status=200 upstream=B rt_ms=90 bytes=40908
2026-03-14 02:50:26.125 edge /healthz status=500 upstream=B rt_ms=16 bytes=36297
2026-03-14 02:50:26.607 edge /api/events status=502 upstream=B rt_ms=224 bytes=39847
2026-03-14 02:50:27.736 edge /static/style.css status=502 upstream=B rt_ms=336 bytes=6432
2026-03-14 02:50:29.386 edge /api/orders status=502 upstream=B rt_ms=235 bytes=18936
2026-03-14 02:50:32.088 edge /static/style.css status=502 upstream=B rt_ms=251 bytes=2441
2026-03-14 02:50:32.256 edge /api/events status=502 upstream=B rt_ms=103 bytes=37154
2026-03-14 02:50:32.350 edge /healthz status=200 upstream=B rt_ms=69 bytes=20317
2026-03-14 02:50:32.439 edge /api/events status=404 upstream=B rt_ms=233 bytes=37412
2026-03-14 02:50:33.346 edge /healthz status=200 upstream=B rt_ms=276 bytes=9837
2026-03-14 02:50:33.736 edge /healthz status=200 upstream=B rt_ms=20 bytes=35136
2026-03-14 02:50:35.260 edge /healthz status=200 upstream=B rt_ms=291 bytes=16376
2026-03-14 02:50:35.889 edge / status=200 upstream=B rt_ms=268 bytes=41062
2026-03-14 02:50:37.410 edge /healthz status=200 upstream=B rt_ms=293 bytes=32249
2026-03-14 02:50:38.181 edge /static/style.css status=502 upstream=B rt_ms=277 bytes=33461
2026-03-14 02:50:38.693 edge /api/orders status=200 upstream=B rt_ms=309 bytes=41367
2026-03-14 02:50:39.901 edge /static/style.css status=200 upstream=B rt_ms=169 bytes=4944
2026-03-14 02:50:40.111 edge /api/events status=502 upstream=B rt_ms=102 bytes=21328
2026-03-14 02:50:40.562 edge / status=404 upstream=B rt_ms=270 bytes=16416
2026-03-14 02:50:42.354 edge /static/style.css status=502 upstream=B rt_ms=361 bytes=37295
2026-03-14 02:50:43.741 edge / status=502 upstream=B rt_ms=209 bytes=16434
2026-03-14 02:50:45.227 edge / status=404 upstream=B rt_ms=177 bytes=23164
2026-03-14 02:50:46.014 edge /healthz status=502 upstream=B rt_ms=258 bytes=24032
2026-03-14 02:50:48.144 edge / status=200 upstream=B rt_ms=246 bytes=40206
2026-03-14 02:50:50.042 edge /static/style.css status=200 upstream=B rt_ms=109 bytes=36407
2026-03-14 02:50:51.601 edge /api/events status=200 upstream=B rt_ms=321 bytes=9809
2026-03-14 02:50:52.714 edge / status=200 upstream=B rt_ms=258 bytes=21149
2026-03-14 02:50:52.913 edge /static/style.css status=502 upstream=B rt_ms=398 bytes=24861
2026-03-14 02:50:56.406 edge / status=200 upstream=B rt_ms=245 bytes=10268
2026-03-14 02:50:58.194 edge /healthz status=200 upstream=B rt_ms=141 bytes=37964
2026-03-14 02:50:58.353 edge /static/style.css status=200 upstream=B rt_ms=143 bytes=6029
2026-03-14 02:51:00.699 edge /api/events status=502 upstream=B rt_ms=371 bytes=19723
2026-03-14 02:51:00.952 edge /api/events status=200 upstream=B rt_ms=358 bytes=15200
2026-03-14 02:51:01.804 edge /api/orders status=200 upstream=B rt_ms=48 bytes=23770
2026-03-14 02:51:01.877 edge /api/orders status=200 upstream=B rt_ms=123 bytes=6116
2026-03-14 02:51:03.131 edge / status=502 upstream=B rt_ms=159 bytes=2033
2026-03-14 02:51:05.359 edge /healthz status=502 upstream=B rt_ms=169 bytes=41242
2026-03-14 02:51:05.492 edge / status=200 upstream=B rt_ms=254 bytes=672
2026-03-14 02:51:06.128 edge /api/events status=502 upstream=B rt_ms=373 bytes=27276
2026-03-14 02:51:06.464 edge /api/orders status=404 upstream=B rt_ms=173 bytes=22545
2026-03-14 02:51:07.215 edge /api/events status=200 upstream=B rt_ms=260 bytes=29777
2026-03-14 02:51:09.492 edge /api/events status=502 upstream=B rt_ms=300 bytes=1293
2026-03-14 02:51:13.603 edge /api/orders status=502 upstream=B rt_ms=19 bytes=39637
2026-03-14 02:51:13.934 edge /api/events status=502 upstream=B rt_ms=313 bytes=30144
2026-03-14 02:51:14.568 edge /healthz status=200 upstream=B rt_ms=252 bytes=16054
2026-03-14 02:51:14.747 edge /static/style.css status=502 upstream=B rt_ms=395 bytes=9955
2026-03-14 02:51:16.379 edge / status=200 upstream=B rt_ms=25 bytes=15850
2026-03-14 02:51:16.445 edge /api/events status=200 upstream=B rt_ms=53 bytes=15246
2026-03-14 02:51:17.305 edge /api/events status=502 upstream=B rt_ms=193 bytes=18712
2026-03-14 02:51:17.815 edge /static/style.css status=200 upstream=B rt_ms=340 bytes=34699
2026-03-14 02:51:19.226 edge / status=200 upstream=B rt_ms=248 bytes=28796
2026-03-14 02:51:19.752 edge /static/style.css status=200 upstream=B rt_ms=344 bytes=5261
2026-03-14 02:51:20.630 edge /api/orders status=404 upstream=B rt_ms=358 bytes=380
2026-03-14 02:51:20.973 edge /static/style.css status=502 upstream=B rt_ms=178 bytes=34338
2026-03-14 02:51:22.035 edge /static/style.css status=404 upstream=B rt_ms=175 bytes=26948
2026-03-14 02:51:22.898 edge /static/style.css status=200 upstream=B rt_ms=234 bytes=12812
2026-03-14 02:51:25.871 edge / status=502 upstream=B rt_ms=210 bytes=32909
2026-03-14 02:51:25.974 edge /api/orders status=502 upstream=B rt_ms=282 bytes=3525
2026-03-14 02:51:28.380 edge /api/orders status=200 upstream=B rt_ms=273 bytes=28567
2026-03-14 02:51:29.561 edge /static/style.css status=500 upstream=B rt_ms=241 bytes=7149
2026-03-14 02:51:30.616 edge /api/orders status=502 upstream=B rt_ms=354 bytes=25294
2026-03-14 02:51:33.127 edge /healthz status=200 upstream=B rt_ms=90 bytes=17780
2026-03-14 02:51:33.227 edge /api/events status=200 upstream=B rt_ms=270 bytes=40824
2026-03-14 02:51:34.326 edge / status=502 upstream=B rt_ms=187 bytes=16216
2026-03-14 02:51:37.092 edge /healthz status=200 upstream=B rt_ms=36 bytes=1528
2026-03-14 02:51:38.890 edge /healthz status=200 upstream=B rt_ms=352 bytes=6583
2026-03-14 02:51:39.576 edge /healthz status=502 upstream=B rt_ms=338 bytes=24384
2026-03-14 02:51:40.746 edge /healthz status=200 upstream=B rt_ms=385 bytes=4411
2026-03-14 02:51:41.495 edge /api/orders status=200 upstream=B rt_ms=111 bytes=17202
2026-03-14 02:51:43.504 edge /api/events status=502 upstream=B rt_ms=335 bytes=13171
2026-03-14 02:51:44.559 edge /static/style.css status=404 upstream=B rt_ms=194 bytes=12836
2026-03-14 02:51:45.851 edge /healthz status=502 upstream=B rt_ms=127 bytes=28565
2026-03-14 02:51:47.164 edge /static/style.css status=502 upstream=B rt_ms=103 bytes=22954
2026-03-14 02:51:47.274 edge /api/events status=200 upstream=B rt_ms=24 bytes=24413
2026-03-14 02:51:47.622 edge /api/events status=200 upstream=B rt_ms=242 bytes=4730
2026-03-14 02:51:49.150 edge / status=502 upstream=B rt_ms=294 bytes=41065
2026-03-14 02:51:49.671 edge /static/style.css status=200 upstream=B rt_ms=76 bytes=9978
2026-03-14 02:51:50.645 edge /healthz status=502 upstream=B rt_ms=58 bytes=12536
2026-03-14 02:51:50.855 edge /healthz status=200 upstream=B rt_ms=345 bytes=35386
2026-03-14 02:51:50.865 edge /api/orders status=200 upstream=B rt_ms=202 bytes=1957
2026-03-14 02:51:52.420 edge /api/events status=200 upstream=B rt_ms=367 bytes=29829
2026-03-14 02:51:52.469 edge /static/style.css status=502 upstream=B rt_ms=29 bytes=35206
2026-03-14 02:51:53.386 edge /healthz status=502 upstream=B rt_ms=129 bytes=8992
2026-03-14 02:51:53.476 edge /healthz status=502 upstream=B rt_ms=267 bytes=26379
2026-03-14 02:51:53.880 edge / status=200 upstream=B rt_ms=39 bytes=24150
2026-03-14 02:51:54.091 edge /api/events status=200 upstream=B rt_ms=179 bytes=27903
2026-03-14 02:51:54.184 edge /static/style.css status=200 upstream=B rt_ms=326 bytes=21348
2026-03-14 02:51:55.689 edge /api/orders status=200 upstream=B rt_ms=56 bytes=38349
2026-03-14 02:51:56.068 edge /api/events status=200 upstream=B rt_ms=208 bytes=39516
2026-03-14 02:51:56.348 edge /healthz status=200 upstream=B rt_ms=176 bytes=15825
2026-03-14 02:51:57.628 edge /api/orders status=502 upstream=B rt_ms=311 bytes=13929
2026-03-14 02:51:58.364 edge /api/orders status=502 upstream=B rt_ms=325 bytes=30588
2026-03-14 02:52:00.042 edge /api/orders status=200 upstream=B rt_ms=146 bytes=28712
2026-03-14 02:52:00.182 edge /static/style.css status=200 upstream=B rt_ms=229 bytes=6920
2026-03-14 02:52:00.237 edge /static/style.css status=502 upstream=B rt_ms=313 bytes=37477
2026-03-14 02:52:01.146 edge /api/events status=502 upstream=B rt_ms=250 bytes=20631
2026-03-14 02:52:01.795 edge /api/orders status=200 upstream=B rt_ms=323 bytes=16994
2026-03-14 02:52:02.309 edge /api/orders status=200 upstream=B rt_ms=264 bytes=30686
2026-03-14 02:52:03.547 edge /api/events status=200 upstream=B rt_ms=142 bytes=17873
2026-03-14 02:52:04.145 edge /api/orders status=200 upstream=B rt_ms=131 bytes=5160
2026-03-14 02:52:04.449 edge / status=200 upstream=B rt_ms=152 bytes=18766
2026-03-14 02:52:04.620 edge /api/orders status=502 upstream=B rt_ms=104 bytes=17580
2026-03-14 02:52:05.584 edge /healthz status=200 upstream=B rt_ms=113 bytes=38915
2026-03-14 02:52:07.254 edge /api/events status=200 upstream=B rt_ms=288 bytes=37433
2026-03-14 02:52:08.110 edge /healthz status=200 upstream=B rt_ms=232 bytes=3387
2026-03-14 02:52:09.131 edge / status=200 upstream=B rt_ms=265 bytes=27601
2026-03-14 02:52:10.692 edge /static/style.css status=404 upstream=B rt_ms=170 bytes=41583
2026-03-14 02:52:11.191 edge /healthz status=200 upstream=B rt_ms=117 bytes=41037
2026-03-14 02:52:19.956 edge /api/orders status=200 upstream=B rt_ms=33 bytes=33132
2026-03-14 02:52:21.505 edge /api/orders status=502 upstream=B rt_ms=222 bytes=3842
2026-03-14 02:52:23.577 edge / status=200 upstream=B rt_ms=190 bytes=39824
2026-03-14 02:52:24.080 edge /healthz status=502 upstream=B rt_ms=26 bytes=38674
2026-03-14 02:52:24.565 edge /api/events status=502 upstream=B rt_ms=249 bytes=31356
2026-03-14 02:52:25.596 edge /api/orders status=500 upstream=B rt_ms=24 bytes=31900
2026-03-14 02:52:27.338 edge /api/events status=502 upstream=B rt_ms=238 bytes=13982
2026-03-14 02:52:27.871 edge /api/events status=502 upstream=B rt_ms=162 bytes=24344
2026-03-14 02:52:29.548 edge / status=200 upstream=B rt_ms=387 bytes=23753
2026-03-14 02:52:31.633 edge /api/orders status=200 upstream=B rt_ms=257 bytes=18128
2026-03-14 02:52:32.108 edge /healthz status=502 upstream=B rt_ms=201 bytes=33560
2026-03-14 02:52:32.798 edge /healthz status=404 upstream=B rt_ms=178 bytes=1410
2026-03-14 02:52:33.145 edge /api/orders status=200 upstream=B rt_ms=280 bytes=40447
2026-03-14 02:52:34.475 edge /static/style.css status=502 upstream=B rt_ms=95 bytes=11008
2026-03-14 02:52:35.620 edge /api/events status=200 upstream=B rt_ms=294 bytes=8476
2026-03-14 02:52:35.645 edge /static/style.css status=404 upstream=B rt_ms=99 bytes=37406
2026-03-14 02:52:36.400 edge /api/orders status=200 upstream=B rt_ms=50 bytes=10426
2026-03-14 02:52:37.889 edge /api/orders status=200 upstream=B rt_ms=157 bytes=15106
2026-03-14 02:52:38.414 edge /api/orders status=200 upstream=B rt_ms=175 bytes=15975
2026-03-14 02:52:39.064 edge /static/style.css status=200 upstream=B rt_ms=132 bytes=18619
2026-03-14 02:52:39.201 edge / status=404 upstream=B rt_ms=376 bytes=1721
2026-03-14 02:52:39.636 edge / status=502 upstream=B rt_ms=326 bytes=29784
2026-03-14 02:52:40.015 edge /healthz status=502 upstream=B rt_ms=86 bytes=25892
2026-03-14 02:52:40.529 edge / status=200 upstream=B rt_ms=367 bytes=40770
2026-03-14 02:52:41.797 edge /api/events status=502 upstream=B rt_ms=131 bytes=31364
2026-03-14 02:52:43.086 edge / status=502 upstream=B rt_ms=354 bytes=37755
2026-03-14 02:52:43.601 edge /api/events status=502 upstream=B rt_ms=95 bytes=8427
2026-03-14 02:52:44.947 edge /api/orders status=200 upstream=B rt_ms=176 bytes=3607
2026-03-14 02:52:45.595 edge /static/style.css status=502 upstream=B rt_ms=118 bytes=25013
2026-03-14 02:52:46.282 edge /api/events status=200 upstream=B rt_ms=374 bytes=29487
2026-03-14 02:52:46.886 edge / status=200 upstream=B rt_ms=366 bytes=10798
2026-03-14 02:52:48.348 edge / status=500 upstream=B rt_ms=306 bytes=12591
2026-03-14 02:52:49.412 edge /api/events status=200 upstream=B rt_ms=54 bytes=2300
2026-03-14 02:52:49.731 edge /healthz status=200 upstream=B rt_ms=139 bytes=3598
2026-03-14 02:52:50.342 edge /healthz status=502 upstream=B rt_ms=354 bytes=13750
2026-03-14 02:52:50.749 edge /api/orders status=200 upstream=B rt_ms=212 bytes=24425
2026-03-14 02:52:51.263 edge /api/orders status=200 upstream=B rt_ms=377 bytes=36428
2026-03-14 02:52:51.443 edge / status=404 upstream=B rt_ms=165 bytes=27418
2026-03-14 02:52:51.764 edge /healthz status=502 upstream=B rt_ms=280 bytes=28990
2026-03-14 02:52:54.249 edge /static/style.css status=200 upstream=B rt_ms=371 bytes=40750
2026-03-14 02:52:57.126 edge /api/orders status=200 upstream=B rt_ms=51 bytes=9325
2026-03-14 02:52:57.215 edge / status=200 upstream=B rt_ms=213 bytes=6852
2026-03-14 02:52:57.945 edge /api/orders status=404 upstream=B rt_ms=326 bytes=16386
2026-03-14 02:53:00.209 edge /healthz status=200 upstream=B rt_ms=41 bytes=40164
2026-03-14 02:53:00.762 edge / status=502 upstream=B rt_ms=236 bytes=27982
2026-03-14 02:53:01.226 edge /api/events status=200 upstream=B rt_ms=85 bytes=30699
2026-03-14 02:53:03.664 edge /api/orders status=502 upstream=B rt_ms=356 bytes=35170
2026-03-14 02:53:04.452 edge /healthz status=502 upstream=B rt_ms=342 bytes=11029
2026-03-14 02:53:06.221 edge /api/events status=502 upstream=B rt_ms=31 bytes=36632
2026-03-14 02:53:06.465 edge / status=200 upstream=B rt_ms=202 bytes=12375
2026-03-14 02:53:09.968 edge /healthz status=200 upstream=B rt_ms=2 bytes=25172
2026-03-14 02:53:10.202 edge / status=502 upstream=B rt_ms=114 bytes=35459
2026-03-14 02:53:10.368 edge /static/style.css status=502 upstream=B rt_ms=102 bytes=9563
2026-03-14 02:53:11.742 edge /api/events status=502 upstream=B rt_ms=155 bytes=20489
2026-03-14 02:53:12.646 edge /api/events status=200 upstream=B rt_ms=165 bytes=14419
2026-03-14 02:53:14.089 edge /api/orders status=200 upstream=B rt_ms=360 bytes=8978
2026-03-14 02:53:15.331 edge /healthz status=200 upstream=B rt_ms=340 bytes=41065
2026-03-14 02:53:15.649 edge / status=200 upstream=B rt_ms=16 bytes=5167
2026-03-14 02:53:15.815 edge /api/orders status=200 upstream=B rt_ms=276 bytes=10167
2026-03-14 02:53:16.520 edge /healthz status=502 upstream=B rt_ms=383 bytes=11908
2026-03-14 02:53:17.522 edge /static/style.css status=200 upstream=B rt_ms=336 bytes=32879
2026-03-14 02:53:18.885 edge /healthz status=500 upstream=B rt_ms=349 bytes=19266
2026-03-14 02:53:19.657 edge /healthz status=502 upstream=B rt_ms=12 bytes=4854
2026-03-14 02:53:20.457 edge /healthz status=502 upstream=B rt_ms=167 bytes=32538
2026-03-14 02:53:20.746 edge /api/events status=500 upstream=B rt_ms=146 bytes=3690
2026-03-14 02:53:21.029 edge /static/style.css status=502 upstream=B rt_ms=47 bytes=31629
2026-03-14 02:53:21.309 edge / status=502 upstream=B rt_ms=111 bytes=9788
2026-03-14 02:53:22.237 edge /api/events status=502 upstream=B rt_ms=223 bytes=9233
2026-03-14 02:53:22.799 edge /api/events status=502 upstream=B rt_ms=357 bytes=33875
2026-03-14 02:53:22.972 edge /healthz status=200 upstream=B rt_ms=98 bytes=34255
2026-03-14 02:53:24.673 edge /api/events status=200 upstream=B rt_ms=233 bytes=31728
2026-03-14 02:53:26.836 edge /api/orders status=502 upstream=B rt_ms=112 bytes=8361
2026-03-14 02:53:27.768 edge /static/style.css status=200 upstream=B rt_ms=265 bytes=9153
2026-03-14 02:53:29.177 edge /api/orders status=200 upstream=B rt_ms=135 bytes=1773
2026-03-14 02:53:31.188 edge /api/orders status=502 upstream=B rt_ms=243 bytes=16045
2026-03-14 02:53:31.729 edge /static/style.css status=502 upstream=B rt_ms=235 bytes=29710
2026-03-14 02:53:32.156 edge /api/orders status=200 upstream=B rt_ms=344 bytes=1512
2026-03-14 02:53:32.202 edge /healthz status=502 upstream=B rt_ms=316 bytes=21676
2026-03-14 02:53:32.860 edge /api/events status=502 upstream=B rt_ms=299 bytes=12280
2026-03-14 02:53:33.185 edge /api/orders status=502 upstream=B rt_ms=80 bytes=36967
2026-03-14 02:53:34.045 edge /static/style.css status=200 upstream=B rt_ms=339 bytes=25827
2026-03-14 02:53:34.096 edge / status=200 upstream=B rt_ms=268 bytes=29344
2026-03-14 02:53:35.437 edge / status=200 upstream=B rt_ms=387 bytes=34111
2026-03-14 02:53:36.386 edge / status=502 upstream=B rt_ms=86 bytes=10622
2026-03-14 02:53:38.313 edge /static/style.css status=502 upstream=B rt_ms=299 bytes=23703
2026-03-14 02:53:39.520 edge /api/events status=200 upstream=B rt_ms=32 bytes=18842
2026-03-14 02:53:39.603 edge /healthz status=502 upstream=B rt_ms=221 bytes=16232
2026-03-14 02:53:41.728 edge / status=200 upstream=B rt_ms=4 bytes=28965
2026-03-14 02:53:41.735 edge /healthz status=404 upstream=B rt_ms=271 bytes=39676
2026-03-14 02:53:41.906 edge /api/events status=502 upstream=B rt_ms=9 bytes=24251
2026-03-14 02:53:43.955 edge /static/style.css status=502 upstream=B rt_ms=55 bytes=4093
2026-03-14 02:53:44.035 edge /api/events status=200 upstream=B rt_ms=374 bytes=24116
2026-03-14 02:53:50.627 edge / status=502 upstream=B rt_ms=139 bytes=8396
2026-03-14 02:53:50.918 edge /api/events status=200 upstream=B rt_ms=278 bytes=9607
2026-03-14 02:53:52.804 edge /api/orders status=200 upstream=B rt_ms=129 bytes=41323
2026-03-14 02:53:55.979 edge / status=502 upstream=B rt_ms=18 bytes=11608
2026-03-14 02:53:56.606 edge /api/orders status=200 upstream=B rt_ms=255 bytes=30546
2026-03-14 02:53:56.619 edge / status=404 upstream=B rt_ms=186 bytes=342
2026-03-14 02:54:01.460 edge / status=404 upstream=B rt_ms=380 bytes=7954
2026-03-14 02:54:02.102 edge /static/style.css status=200 upstream=B rt_ms=370 bytes=9438
2026-03-14 02:54:03.626 edge / status=502 upstream=B rt_ms=308 bytes=33002
2026-03-14 02:54:04.153 edge /static/style.css status=200 upstream=B rt_ms=360 bytes=467
2026-03-14 02:54:05.578 edge /static/style.css status=200 upstream=B rt_ms=302 bytes=30662
2026-03-14 02:54:05.811 edge /api/orders status=502 upstream=B rt_ms=209 bytes=34250
2026-03-14 02:54:07.531 edge /healthz status=200 upstream=B rt_ms=287 bytes=3704
2026-03-14 02:54:08.014 edge /api/events status=200 upstream=B rt_ms=371 bytes=7463
2026-03-14 02:54:09.430 edge /api/orders status=502 upstream=B rt_ms=267 bytes=27844
2026-03-14 02:54:10.713 edge / status=200 upstream=B rt_ms=24 bytes=23696
2026-03-14 02:54:13.002 edge /static/style.css status=200 upstream=B rt_ms=44 bytes=21868
2026-03-14 02:54:13.361 edge / status=502 upstream=B rt_ms=152 bytes=31606
2026-03-14 02:54:14.048 edge /api/events status=200 upstream=B rt_ms=254 bytes=5475
2026-03-14 02:54:16.087 edge / status=200 upstream=B rt_ms=316 bytes=41097
2026-03-14 02:54:19.470 edge /healthz status=502 upstream=B rt_ms=226 bytes=27774
2026-03-14 02:54:22.332 edge /api/orders status=200 upstream=B rt_ms=58 bytes=13005
2026-03-14 02:54:22.338 edge /static/style.css status=502 upstream=B rt_ms=314 bytes=4115
2026-03-14 02:54:25.378 edge / status=200 upstream=B rt_ms=365 bytes=29552
2026-03-14 02:54:28.532 edge /healthz status=502 upstream=B rt_ms=168 bytes=30136
2026-03-14 02:54:30.594 edge /api/events status=200 upstream=B rt_ms=326 bytes=26126
2026-03-14 02:54:31.451 edge / status=502 upstream=B rt_ms=338 bytes=38365
2026-03-14 02:54:32.211 edge /static/style.css status=200 upstream=B rt_ms=125 bytes=24373
2026-03-14 02:54:33.913 edge /api/events status=200 upstream=B rt_ms=87 bytes=37323
2026-03-14 02:54:35.777 edge /static/style.css status=200 upstream=B rt_ms=266 bytes=11066
2026-03-14 02:54:36.403 edge /api/orders status=502 upstream=B rt_ms=147 bytes=23895
2026-03-14 02:54:36.553 edge /api/events status=200 upstream=B rt_ms=177 bytes=38316
2026-03-14 02:54:37.705 edge /static/style.css status=502 upstream=B rt_ms=69 bytes=15223
2026-03-14 02:54:38.376 edge /api/events status=200 upstream=B rt_ms=146 bytes=38329
2026-03-14 02:54:38.386 edge /api/events status=502 upstream=B rt_ms=290 bytes=29823
2026-03-14 02:54:38.873 edge / status=200 upstream=B rt_ms=218 bytes=27287
2026-03-14 02:54:39.805 edge /api/events status=502 upstream=B rt_ms=282 bytes=29145
2026-03-14 02:54:40.545 edge /api/orders status=200 upstream=B rt_ms=366 bytes=25002
2026-03-14 02:54:42.458 edge /api/orders status=200 upstream=B rt_ms=360 bytes=35175
2026-03-14 02:54:44.097 edge /static/style.css status=200 upstream=B rt_ms=94 bytes=12153
2026-03-14 02:54:44.524 edge / status=502 upstream=B rt_ms=158 bytes=9313
2026-03-14 02:54:47.315 edge /static/style.css status=200 upstream=B rt_ms=324 bytes=38598
2026-03-14 02:54:47.485 edge / status=200 upstream=B rt_ms=127 bytes=8751
2026-03-14 02:54:48.563 edge /static/style.css status=502 upstream=B rt_ms=314 bytes=32833
2026-03-14 02:54:48.825 edge /api/events status=200 upstream=B rt_ms=168 bytes=8500
2026-03-14 02:54:49.229 edge /static/style.css status=200 upstream=B rt_ms=369 bytes=22605
2026-03-14 02:54:51.508 edge /api/events status=200 upstream=B rt_ms=256 bytes=35854
2026-03-14 02:54:52.819 edge /api/orders status=200 upstream=B rt_ms=182 bytes=25437
2026-03-14 02:54:53.340 edge /healthz status=200 upstream=B rt_ms=178 bytes=31812
2026-03-14 02:54:53.584 edge /healthz status=200 upstream=B rt_ms=227 bytes=27423
2026-03-14 02:54:54.314 edge /static/style.css status=200 upstream=B rt_ms=205 bytes=17837
2026-03-14 02:54:54.663 edge /healthz status=200 upstream=B rt_ms=78 bytes=19088
2026-03-14 02:54:54.818 edge /api/orders status=200 upstream=B rt_ms=22 bytes=4552
2026-03-14 02:54:55.847 edge /api/orders status=502 upstream=B rt_ms=128 bytes=41741
2026-03-14 02:54:56.086 edge /static/style.css status=200 upstream=B rt_ms=167 bytes=12612
2026-03-14 02:54:56.648 edge /api/events status=200 upstream=B rt_ms=388 bytes=23083
2026-03-14 02:54:56.656 edge /api/events status=502 upstream=B rt_ms=165 bytes=13410
2026-03-14 02:55:03.175 edge / status=200 upstream=B rt_ms=211 bytes=22330
2026-03-14 02:55:03.374 edge /static/style.css status=200 upstream=B rt_ms=294 bytes=21289
2026-03-14 02:55:04.842 edge /healthz status=200 upstream=B rt_ms=326 bytes=14453
2026-03-14 02:55:05.339 edge /healthz status=200 upstream=B rt_ms=149 bytes=7528
2026-03-14 02:55:12.618 edge /healthz status=200 upstream=B rt_ms=393 bytes=10397
2026-03-14 02:55:12.902 edge /api/events status=200 upstream=B rt_ms=349 bytes=24082
2026-03-14 02:55:14.118 edge /static/style.css status=502 upstream=B rt_ms=53 bytes=32651
2026-03-14 02:55:15.230 edge /api/events status=502 upstream=B rt_ms=295 bytes=5146
2026-03-14 02:55:15.541 edge /healthz status=502 upstream=B rt_ms=130 bytes=26962
2026-03-14 02:55:17.758 edge /api/orders status=200 upstream=B rt_ms=316 bytes=4708
2026-03-14 02:55:18.713 edge /static/style.css status=200 upstream=B rt_ms=184 bytes=22578
2026-03-14 02:55:18.847 edge / status=502 upstream=B rt_ms=260 bytes=22570
2026-03-14 02:55:20.168 edge /api/orders status=200 upstream=B rt_ms=64 bytes=39369
2026-03-14 02:55:24.029 edge / status=200 upstream=B rt_ms=54 bytes=17506
2026-03-14 02:55:24.801 edge /api/orders status=502 upstream=B rt_ms=394 bytes=29146
2026-03-14 02:55:25.907 edge /api/events status=200 upstream=B rt_ms=323 bytes=9793
2026-03-14 02:55:26.797 edge /api/orders status=200 upstream=B rt_ms=87 bytes=22349
2026-03-14 02:55:27.076 edge /api/orders status=502 upstream=B rt_ms=141 bytes=22623
2026-03-14 02:55:27.297 edge /healthz status=502 upstream=B rt_ms=333 bytes=40464
2026-03-14 02:55:27.375 edge /api/orders status=502 upstream=B rt_ms=345 bytes=30277
2026-03-14 02:55:30.843 edge / status=502 upstream=B rt_ms=298 bytes=9956
2026-03-14 02:55:32.143 edge /api/orders status=200 upstream=B rt_ms=383 bytes=19431
2026-03-14 02:55:34.489 edge /api/events status=200 upstream=B rt_ms=185 bytes=765
2026-03-14 02:55:37.670 edge /api/orders status=502 upstream=B rt_ms=75 bytes=7085
2026-03-14 02:55:39.332 edge /healthz status=200 upstream=B rt_ms=304 bytes=35818
2026-03-14 02:55:40.546 edge / status=502 upstream=B rt_ms=71 bytes=27617
2026-03-14 02:55:42.122 edge / status=502 upstream=B rt_ms=189 bytes=24205
2026-03-14 02:55:43.969 edge /static/style.css status=502 upstream=B rt_ms=34 bytes=32510
2026-03-14 02:55:45.336 edge /api/orders status=200 upstream=B rt_ms=32 bytes=6338
2026-03-14 02:55:48.790 edge / status=200 upstream=B rt_ms=206 bytes=5137
2026-03-14 02:55:52.625 edge /static/style.css status=502 upstream=B rt_ms=289 bytes=17600
2026-03-14 02:55:52.625 edge /api/events status=200 upstream=B rt_ms=254 bytes=36472
2026-03-14 02:55:54.236 edge /healthz status=502 upstream=B rt_ms=188 bytes=37578
2026-03-14 02:55:54.527 edge /api/events status=200 upstream=B rt_ms=337 bytes=11961
2026-03-14 02:55:54.667 edge /static/style.css status=502 upstream=B rt_ms=53 bytes=41148
2026-03-14 02:55:55.959 edge /api/events status=502 upstream=B rt_ms=162 bytes=29058
2026-03-14 02:55:56.684 edge /healthz status=200 upstream=B rt_ms=213 bytes=26421
2026-03-14 02:55:56.900 edge / status=502 upstream=B rt_ms=310 bytes=36476
2026-03-14 02:55:56.999 edge / status=200 upstream=B rt_ms=265 bytes=11296
2026-03-14 02:55:57.902 edge /static/style.css status=200 upstream=B rt_ms=254 bytes=19206
2026-03-14 02:55:58.762 edge /healthz status=200 upstream=B rt_ms=66 bytes=4178
2026-03-14 02:56:02.275 edge /static/style.css status=200 upstream=B rt_ms=47 bytes=32416
2026-03-14 02:56:02.627 edge / status=502 upstream=B rt_ms=8 bytes=15707
2026-03-14 02:56:03.827 edge /static/style.css status=200 upstream=B rt_ms=69 bytes=7994
2026-03-14 02:56:04.005 edge /api/events status=200 upstream=B rt_ms=199 bytes=30815
2026-03-14 02:56:05.623 edge /healthz status=200 upstream=B rt_ms=41 bytes=24188
2026-03-14 02:56:08.610 edge /healthz status=200 upstream=B rt_ms=56 bytes=11125
2026-03-14 02:56:09.447 edge /healthz status=502 upstream=B rt_ms=58 bytes=39956
2026-03-14 02:56:10.038 edge /healthz status=200 upstream=B rt_ms=237 bytes=41678
2026-03-14 02:56:10.926 edge / status=502 upstream=B rt_ms=69 bytes=3721
2026-03-14 02:56:11.280 edge /api/events status=200 upstream=B rt_ms=270 bytes=479
2026-03-14 02:56:11.906 edge /api/events status=200 upstream=B rt_ms=224 bytes=8239
2026-03-14 02:56:12.363 edge /api/orders status=502 upstream=B rt_ms=286 bytes=27893
2026-03-14 02:56:14.691 edge /healthz status=200 upstream=B rt_ms=24 bytes=10807
2026-03-14 02:56:15.913 edge /static/style.css status=200 upstream=B rt_ms=185 bytes=29296
2026-03-14 02:56:17.306 edge /api/orders status=502 upstream=B rt_ms=242 bytes=40942
2026-03-14 02:56:20.426 edge / status=200 upstream=B rt_ms=124 bytes=8729
2026-03-14 02:56:21.196 edge / status=200 upstream=B rt_ms=60 bytes=33909
2026-03-14 02:56:22.342 edge /api/events status=502 upstream=B rt_ms=385 bytes=29294
2026-03-14 02:56:22.644 edge /api/orders status=200 upstream=B rt_ms=179 bytes=39051
2026-03-14 02:56:23.329 edge /healthz status=200 upstream=B rt_ms=25 bytes=17976
2026-03-14 02:56:23.521 edge /api/events status=502 upstream=B rt_ms=277 bytes=41850
2026-03-14 02:56:24.115 edge /api/orders status=200 upstream=B rt_ms=331 bytes=6957
2026-03-14 02:56:24.118 edge / status=502 upstream=B rt_ms=132 bytes=23941
2026-03-14 02:56:26.218 edge /static/style.css status=502 upstream=B rt_ms=288 bytes=7703
2026-03-14 02:56:26.740 edge /static/style.css status=200 upstream=B rt_ms=54 bytes=22541
2026-03-14 02:56:27.061 edge / status=200 upstream=B rt_ms=323 bytes=1009
2026-03-14 02:56:27.610 edge /healthz status=200 upstream=B rt_ms=197 bytes=36060
2026-03-14 02:56:28.076 edge /static/style.css status=200 upstream=B rt_ms=245 bytes=30820
2026-03-14 02:56:29.111 edge /healthz status=502 upstream=B rt_ms=275 bytes=3645
2026-03-14 02:56:30.272 edge /static/style.css status=200 upstream=B rt_ms=247 bytes=31669
2026-03-14 02:56:31.960 edge /healthz status=502 upstream=B rt_ms=253 bytes=16339
2026-03-14 02:56:32.363 edge /api/events status=200 upstream=B rt_ms=330 bytes=40389
2026-03-14 02:56:33.892 edge /api/events status=200 upstream=B rt_ms=43 bytes=3082
2026-03-14 02:56:34.803 edge /api/events status=502 upstream=B rt_ms=249 bytes=9661
2026-03-14 02:56:35.192 edge /api/events status=200 upstream=B rt_ms=112 bytes=22693
2026-03-14 02:56:35.602 edge /api/orders status=200 upstream=B rt_ms=74 bytes=8955
2026-03-14 02:56:37.728 edge /static/style.css status=200 upstream=B rt_ms=57 bytes=4839
2026-03-14 02:56:37.981 edge / status=200 upstream=B rt_ms=254 bytes=22483
2026-03-14 02:56:39.229 edge /api/events status=502 upstream=B rt_ms=290 bytes=22747
2026-03-14 02:56:39.617 edge / status=502 upstream=B rt_ms=281 bytes=14499
2026-03-14 02:56:40.633 edge / status=200 upstream=B rt_ms=237 bytes=27291
2026-03-14 02:56:41.067 edge / status=200 upstream=B rt_ms=28 bytes=1171
2026-03-14 02:56:42.175 edge /api/orders status=200 upstream=B rt_ms=140 bytes=31802
2026-03-14 02:56:42.967 edge / status=200 upstream=B rt_ms=373 bytes=27683
2026-03-14 02:56:43.834 edge / status=200 upstream=B rt_ms=200 bytes=30153
2026-03-14 02:56:44.097 edge /healthz status=502 upstream=B rt_ms=254 bytes=37461
2026-03-14 02:56:45.904 edge /static/style.css status=200 upstream=B rt_ms=94 bytes=24068
2026-03-14 02:56:48.196 edge /api/orders status=200 upstream=B rt_ms=54 bytes=39352
2026-03-14 02:56:49.015 edge /healthz status=200 upstream=B rt_ms=18 bytes=26601
2026-03-14 02:56:50.168 edge / status=500 upstream=B rt_ms=140 bytes=11137
2026-03-14 02:56:50.334 edge /healthz status=200 upstream=B rt_ms=388 bytes=35756
2026-03-14 02:56:51.144 edge /api/events status=200 upstream=B rt_ms=20 bytes=40969
2026-03-14 02:56:54.608 edge /api/orders status=200 upstream=B rt_ms=276 bytes=38153
2026-03-14 02:56:55.154 edge /healthz status=502 upstream=B rt_ms=384 bytes=29679
2026-03-14 02:56:55.595 edge /static/style.css status=200 upstream=B rt_ms=153 bytes=658
2026-03-14 02:56:57.605 edge /api/orders status=200 upstream=B rt_ms=138 bytes=2683
2026-03-14 02:56:57.662 edge /static/style.css status=200 upstream=B rt_ms=96 bytes=21273
2026-03-14 02:56:57.807 edge /healthz status=502 upstream=B rt_ms=392 bytes=22319
2026-03-14 02:56:59.483 edge /api/orders status=502 upstream=B rt_ms=38 bytes=28063
2026-03-14 02:57:00.570 edge / status=200 upstream=B rt_ms=122 bytes=31393
2026-03-14 02:57:01.892 edge /api/events status=200 upstream=B rt_ms=77 bytes=2764
2026-03-14 02:57:02.989 edge /static/style.css status=200 upstream=B rt_ms=111 bytes=32997
2026-03-14 02:57:04.344 edge /healthz status=502 upstream=B rt_ms=376 bytes=40934
2026-03-14 02:57:05.309 edge /healthz status=200 upstream=B rt_ms=378 bytes=8239
2026-03-14 02:57:09.460 edge /static/style.css status=200 upstream=B rt_ms=226 bytes=38723
2026-03-14 02:57:10.158 edge / status=200 upstream=B rt_ms=122 bytes=7618
2026-03-14 02:57:12.809 edge /static/style.css status=200 upstream=B rt_ms=202 bytes=38134
2026-03-14 02:57:14.226 edge /api/events status=200 upstream=B rt_ms=286 bytes=11719
2026-03-14 02:57:15.017 edge /api/orders status=200 upstream=B rt_ms=191 bytes=22518
2026-03-14 02:57:16.107 edge /static/style.css status=200 upstream=B rt_ms=110 bytes=37426
2026-03-14 02:57:16.566 edge /api/events status=404 upstream=B rt_ms=277 bytes=7303
2026-03-14 02:57:17.159 edge /api/events status=502 upstream=B rt_ms=269 bytes=1767
2026-03-14 02:57:20.101 edge / status=502 upstream=B rt_ms=340 bytes=10112
2026-03-14 02:57:20.622 edge /api/orders status=200 upstream=B rt_ms=291 bytes=21992
2026-03-14 02:57:20.886 edge /static/style.css status=502 upstream=B rt_ms=296 bytes=24438
2026-03-14 02:57:23.195 edge / status=200 upstream=B rt_ms=298 bytes=30503
2026-03-14 02:57:24.103 edge /api/orders status=502 upstream=B rt_ms=192 bytes=36325
2026-03-14 02:57:24.245 edge /api/events status=200 upstream=B rt_ms=312 bytes=27425
2026-03-14 02:57:25.851 edge /healthz status=200 upstream=B rt_ms=383 bytes=7526
2026-03-14 02:57:26.048 edge /healthz status=200 upstream=B rt_ms=41 bytes=24231
2026-03-14 02:57:26.647 edge /healthz status=502 upstream=B rt_ms=75 bytes=1005
2026-03-14 02:57:26.756 edge /api/orders status=502 upstream=B rt_ms=286 bytes=16241
2026-03-14 02:57:26.927 edge / status=200 upstream=B rt_ms=22 bytes=27214
2026-03-14 02:57:27.689 edge /api/orders status=200 upstream=B rt_ms=333 bytes=11730
2026-03-14 02:57:31.331 edge /api/events status=502 upstream=B rt_ms=115 bytes=10271
2026-03-14 02:57:32.267 edge /healthz status=404 upstream=B rt_ms=188 bytes=1457
2026-03-14 02:57:32.903 edge /api/events status=200 upstream=B rt_ms=231 bytes=36044
2026-03-14 02:57:33.097 edge /api/orders status=502 upstream=B rt_ms=173 bytes=31725
2026-03-14 02:57:33.286 edge /api/orders status=200 upstream=B rt_ms=25 bytes=9479
2026-03-14 02:57:33.542 edge /static/style.css status=502 upstream=B rt_ms=392 bytes=22368
2026-03-14 02:57:33.830 edge / status=502 upstream=B rt_ms=369 bytes=7895
2026-03-14 02:57:34.290 edge /static/style.css status=502 upstream=B rt_ms=387 bytes=15412
2026-03-14 02:57:35.346 edge / status=502 upstream=B rt_ms=288 bytes=4400
2026-03-14 02:57:35.396 edge /healthz status=200 upstream=B rt_ms=396 bytes=32198
2026-03-14 02:57:36.902 edge /healthz status=200 upstream=B rt_ms=167 bytes=23564
2026-03-14 02:57:38.432 edge /static/style.css status=200 upstream=B rt_ms=218 bytes=24807
2026-03-14 02:57:41.490 edge /healthz status=404 upstream=B rt_ms=14 bytes=25013
2026-03-14 02:57:41.838 edge /api/events status=200 upstream=B rt_ms=124 bytes=24356
2026-03-14 02:57:42.395 edge /healthz status=502 upstream=B rt_ms=153 bytes=8623
2026-03-14 02:57:42.655 edge /static/style.css status=200 upstream=B rt_ms=189 bytes=21150
2026-03-14 02:57:44.791 edge /static/style.css status=200 upstream=B rt_ms=352 bytes=24218
2026-03-14 02:57:45.666 edge /api/events status=502 upstream=B rt_ms=230 bytes=3268
2026-03-14 02:57:45.701 edge /api/orders status=200 upstream=B rt_ms=263 bytes=41941
2026-03-14 02:57:45.840 edge / status=200 upstream=B rt_ms=79 bytes=8466
2026-03-14 02:57:46.075 edge /healthz status=200 upstream=B rt_ms=29 bytes=13791
2026-03-14 02:57:46.348 edge /api/orders status=200 upstream=B rt_ms=174 bytes=13230
2026-03-14 02:57:46.559 edge / status=404 upstream=B rt_ms=350 bytes=28715
2026-03-14 02:57:46.922 edge /healthz status=200 upstream=B rt_ms=172 bytes=28891
2026-03-14 02:57:47.448 edge / status=200 upstream=B rt_ms=179 bytes=8787
2026-03-14 02:57:47.754 edge / status=200 upstream=B rt_ms=211 bytes=13982
2026-03-14 02:57:51.462 edge /healthz status=502 upstream=B rt_ms=172 bytes=3934
2026-03-14 02:57:51.734 edge /healthz status=502 upstream=B rt_ms=236 bytes=31628
2026-03-14 02:57:54.580 edge /api/orders status=502 upstream=B rt_ms=323 bytes=30023
2026-03-14 02:57:55.493 edge /api/events status=502 upstream=B rt_ms=329 bytes=39794
2026-03-14 02:57:57.568 edge /static/style.css status=200 upstream=B rt_ms=371 bytes=37364
2026-03-14 02:57:59.051 edge /static/style.css status=502 upstream=B rt_ms=269 bytes=17723
2026-03-14 02:57:59.894 edge / status=502 upstream=B rt_ms=369 bytes=31902
2026-03-14 02:57:59.964 edge /api/events status=200 upstream=B rt_ms=23 bytes=6515
2026-03-14 02:57:59.986 edge /api/orders status=502 upstream=B rt_ms=161 bytes=5817
2026-03-14 02:58:00.402 edge /api/events status=500 upstream=B rt_ms=158 bytes=25081
2026-03-14 02:58:01.963 edge /api/orders status=200 upstream=B rt_ms=373 bytes=23174
2026-03-14 02:58:02.449 edge /api/events status=502 upstream=B rt_ms=230 bytes=30879
2026-03-14 02:58:02.802 edge /healthz status=502 upstream=B rt_ms=48 bytes=40398
2026-03-14 02:58:03.599 edge /static/style.css status=200 upstream=B rt_ms=147 bytes=12937
2026-03-14 02:58:06.311 edge /api/events status=200 upstream=B rt_ms=330 bytes=27116
2026-03-14 02:58:08.477 edge /api/events status=502 upstream=B rt_ms=174 bytes=30319
2026-03-14 02:58:08.819 edge /api/orders status=200 upstream=B rt_ms=334 bytes=19771
2026-03-14 02:58:09.251 edge / status=200 upstream=B rt_ms=237 bytes=1170
2026-03-14 02:58:09.698 edge /api/orders status=502 upstream=B rt_ms=109 bytes=12706
2026-03-14 02:58:09.807 edge /healthz status=200 upstream=B rt_ms=85 bytes=14691
2026-03-14 02:58:10.552 edge /healthz status=502 upstream=B rt_ms=332 bytes=19510
2026-03-14 02:58:12.618 edge /api/orders status=200 upstream=B rt_ms=148 bytes=33335
2026-03-14 02:58:12.911 edge /healthz status=200 upstream=B rt_ms=340 bytes=30411
2026-03-14 02:58:13.112 edge /static/style.css status=200 upstream=B rt_ms=310 bytes=11145
2026-03-14 02:58:13.171 edge /api/orders status=502 upstream=B rt_ms=258 bytes=22539
2026-03-14 02:58:15.007 edge /api/events status=502 upstream=B rt_ms=326 bytes=39670
2026-03-14 02:58:15.455 edge /healthz status=200 upstream=B rt_ms=334 bytes=13210
2026-03-14 02:58:15.846 edge /api/events status=404 upstream=B rt_ms=297 bytes=25820
2026-03-14 02:58:16.464 edge /api/events status=200 upstream=B rt_ms=12 bytes=18112
2026-03-14 02:58:16.497 edge /api/events status=200 upstream=B rt_ms=68 bytes=38421
2026-03-14 02:58:18.130 edge /api/events status=200 upstream=B rt_ms=22 bytes=2629
2026-03-14 02:58:18.912 edge /api/events status=502 upstream=B rt_ms=151 bytes=39960
2026-03-14 02:58:19.342 edge /api/orders status=502 upstream=B rt_ms=374 bytes=18133
2026-03-14 02:58:20.553 edge /api/orders status=200 upstream=B rt_ms=265 bytes=25162
2026-03-14 02:58:21.864 edge / status=200 upstream=B rt_ms=141 bytes=33465
2026-03-14 02:58:22.937 edge / status=200 upstream=B rt_ms=342 bytes=22616
2026-03-14 02:58:24.923 edge /static/style.css status=502 upstream=B rt_ms=114 bytes=24930
2026-03-14 02:58:27.456 edge /static/style.css status=200 upstream=B rt_ms=288 bytes=35750
2026-03-14 02:58:29.675 edge /static/style.css status=200 upstream=B rt_ms=56 bytes=36988
2026-03-14 02:58:30.547 edge /healthz status=502 upstream=B rt_ms=243 bytes=36326
2026-03-14 02:58:31.005 edge /static/style.css status=200 upstream=B rt_ms=133 bytes=3983
2026-03-14 02:58:32.879 edge /api/events status=200 upstream=B rt_ms=185 bytes=29948
2026-03-14 02:58:33.096 edge /api/orders status=200 upstream=B rt_ms=45 bytes=18987
2026-03-14 02:58:34.374 edge /static/style.css status=404 upstream=B rt_ms=6 bytes=18032
2026-03-14 02:58:34.596 edge /api/orders status=200 upstream=B rt_ms=102 bytes=10025
2026-03-14 02:58:36.698 edge /static/style.css status=200 upstream=B rt_ms=304 bytes=22577
2026-03-14 02:58:37.152 edge /api/events status=502 upstream=B rt_ms=326 bytes=21165
2026-03-14 02:58:37.747 edge /api/events status=502 upstream=B rt_ms=136 bytes=23359
2026-03-14 02:58:37.892 edge /healthz status=200 upstream=B rt_ms=174 bytes=17058
2026-03-14 02:58:38.066 edge /static/style.css status=502 upstream=B rt_ms=30 bytes=41917
2026-03-14 02:58:38.529 edge /api/events status=200 upstream=B rt_ms=111 bytes=20380
2026-03-14 02:58:39.674 edge / status=200 upstream=B rt_ms=270 bytes=7973
2026-03-14 02:58:40.331 edge /api/orders status=502 upstream=B rt_ms=278 bytes=16233
2026-03-14 02:58:43.577 edge /static/style.css status=200 upstream=B rt_ms=222 bytes=14966
2026-03-14 02:58:44.300 edge /healthz status=200 upstream=B rt_ms=75 bytes=37874
2026-03-14 02:58:44.494 edge /healthz status=502 upstream=B rt_ms=206 bytes=14586
2026-03-14 02:58:47.400 edge /static/style.css status=200 upstream=B rt_ms=108 bytes=11796
2026-03-14 02:58:47.822 edge /static/style.css status=200 upstream=B rt_ms=106 bytes=36637
2026-03-14 02:58:48.238 edge /api/orders status=200 upstream=B rt_ms=344 bytes=9808
2026-03-14 02:58:48.602 edge /static/style.css status=200 upstream=B rt_ms=272 bytes=39512
2026-03-14 02:58:48.757 edge / status=502 upstream=B rt_ms=160 bytes=20609
2026-03-14 02:58:48.962 edge /healthz status=502 upstream=B rt_ms=7 bytes=24635
2026-03-14 02:58:50.194 edge /healthz status=502 upstream=B rt_ms=242 bytes=22054
2026-03-14 02:58:51.023 edge /api/orders status=200 upstream=B rt_ms=324 bytes=39703
2026-03-14 02:58:55.145 edge /api/events status=502 upstream=B rt_ms=106 bytes=30395
2026-03-14 02:58:55.904 edge /healthz status=200 upstream=B rt_ms=363 bytes=40042
2026-03-14 02:58:56.657 edge /static/style.css status=200 upstream=B rt_ms=25 bytes=37412
2026-03-14 02:58:58.672 edge /static/style.css status=500 upstream=B rt_ms=61 bytes=28273
2026-03-14 02:58:59.845 edge /healthz status=200 upstream=B rt_ms=315 bytes=24868
2026-03-14 02:59:00.845 edge /healthz status=200 upstream=B rt_ms=123 bytes=38729
2026-03-14 02:59:01.714 edge /api/orders status=502 upstream=B rt_ms=145 bytes=32930
2026-03-14 02:59:03.746 edge / status=200 upstream=B rt_ms=386 bytes=30262
2026-03-14 02:59:07.250 edge /api/events status=200 upstream=B rt_ms=385 bytes=37220
2026-03-14 02:59:08.220 edge /api/events status=200 upstream=B rt_ms=190 bytes=16255
2026-03-14 02:59:10.946 edge /api/orders status=200 upstream=B rt_ms=203 bytes=18745
2026-03-14 02:59:14.816 edge /api/orders status=502 upstream=B rt_ms=254 bytes=12008
2026-03-14 02:59:15.696 edge /api/events status=502 upstream=B rt_ms=358 bytes=26051
2026-03-14 02:59:17.844 edge / status=502 upstream=B rt_ms=24 bytes=40713
2026-03-14 02:59:18.382 edge /api/orders status=200 upstream=B rt_ms=230 bytes=7736
2026-03-14 02:59:19.887 edge /api/orders status=200 upstream=B rt_ms=234 bytes=19196
2026-03-14 02:59:20.278 edge /api/events status=502 upstream=B rt_ms=54 bytes=28813
2026-03-14 02:59:20.842 edge / status=200 upstream=B rt_ms=218 bytes=13251
2026-03-14 02:59:20.995 edge / status=502 upstream=B rt_ms=329 bytes=41671
2026-03-14 02:59:21.106 edge /healthz status=200 upstream=B rt_ms=271 bytes=2702
2026-03-14 02:59:22.498 edge / status=200 upstream=B rt_ms=71 bytes=11971
2026-03-14 02:59:24.285 edge /healthz status=200 upstream=B rt_ms=151 bytes=22524
2026-03-14 02:59:26.182 edge /api/events status=200 upstream=B rt_ms=362 bytes=2879
2026-03-14 02:59:26.360 edge /api/orders status=502 upstream=B rt_ms=158 bytes=11127
2026-03-14 02:59:28.084 edge / status=200 upstream=B rt_ms=225 bytes=25689
2026-03-14 02:59:28.227 edge / status=200 upstream=B rt_ms=45 bytes=3975
2026-03-14 02:59:29.908 edge / status=200 upstream=B rt_ms=40 bytes=6886
2026-03-14 02:59:31.160 edge / status=200 upstream=B rt_ms=285 bytes=2208
2026-03-14 02:59:34.364 edge /healthz status=200 upstream=B rt_ms=356 bytes=2293
2026-03-14 02:59:35.060 edge / status=200 upstream=B rt_ms=167 bytes=14592
2026-03-14 02:59:35.842 edge /api/orders status=200 upstream=B rt_ms=394 bytes=26262
2026-03-14 02:59:36.382 edge /static/style.css status=502 upstream=B rt_ms=63 bytes=534
2026-03-14 02:59:37.037 edge /api/orders status=200 upstream=B rt_ms=396 bytes=17385
2026-03-14 02:59:37.593 edge /healthz status=200 upstream=B rt_ms=385 bytes=3119
2026-03-14 02:59:37.847 edge /static/style.css status=502 upstream=B rt_ms=303 bytes=9831
2026-03-14 02:59:37.955 edge /api/orders status=200 upstream=B rt_ms=222 bytes=37302
2026-03-14 02:59:39.250 edge /static/style.css status=502 upstream=B rt_ms=290 bytes=31154
2026-03-14 02:59:39.705 edge /api/events status=200 upstream=B rt_ms=221 bytes=9932
2026-03-14 02:59:40.108 edge /static/style.css status=502 upstream=B rt_ms=181 bytes=7559
2026-03-14 02:59:40.202 edge /healthz status=200 upstream=B rt_ms=245 bytes=18744
2026-03-14 02:59:42.909 edge /api/orders status=200 upstream=B rt_ms=32 bytes=8802
2026-03-14 02:59:44.722 edge /api/orders status=200 upstream=B rt_ms=97 bytes=25682
2026-03-14 02:59:47.794 edge /healthz status=200 upstream=B rt_ms=181 bytes=1776
2026-03-14 02:59:48.731 edge /healthz status=404 upstream=B rt_ms=216 bytes=20615
2026-03-14 02:59:49.376 edge /api/events status=200 upstream=B rt_ms=117 bytes=41659
2026-03-14 02:59:50.032 edge /static/style.css status=200 upstream=B rt_ms=315 bytes=22953
2026-03-14 02:59:50.212 edge / status=200 upstream=B rt_ms=301 bytes=5798
2026-03-14 02:59:50.356 edge / status=502 upstream=B rt_ms=259 bytes=21837
2026-03-14 02:59:51.189 edge /api/events status=500 upstream=B rt_ms=71 bytes=31731
2026-03-14 02:59:55.159 edge /api/events status=502 upstream=B rt_ms=395 bytes=20662
2026-03-14 02:59:55.248 edge /static/style.css status=502 upstream=B rt_ms=142 bytes=25815
2026-03-14 02:59:55.362 edge /api/orders status=502 upstream=B rt_ms=127 bytes=9013
2026-03-14 02:59:56.234 edge /api/events status=200 upstream=B rt_ms=137 bytes=14862
2026-03-14 02:59:58.373 edge /api/orders status=200 upstream=B rt_ms=380 bytes=15839
2026-03-14 02:59:59.617 edge /api/orders status=502 upstream=B rt_ms=318 bytes=12951
2026-03-14 03:00:00.233 edge /api/orders status=200 upstream=B rt_ms=369 bytes=17675
2026-03-14 03:00:01.174 edge /healthz status=200 upstream=B rt_ms=274 bytes=20885
2026-03-14 03:00:01.691 edge / status=200 upstream=B rt_ms=21 bytes=13342
2026-03-14 03:00:02.267 edge / status=200 upstream=B rt_ms=165 bytes=12798
2026-03-14 03:00:03.775 edge /healthz status=200 upstream=B rt_ms=190 bytes=41865
2026-03-14 03:00:04.714 edge / status=200 upstream=B rt_ms=60 bytes=23970
2026-03-14 03:00:04.995 edge /healthz status=200 upstream=B rt_ms=230 bytes=33163
2026-03-14 03:00:06.289 edge /healthz status=200 upstream=B rt_ms=64 bytes=28449
2026-03-14 03:00:06.356 edge /static/style.css status=200 upstream=B rt_ms=351 bytes=6386
2026-03-14 03:00:08.817 edge /healthz status=200 upstream=B rt_ms=359 bytes=39990
2026-03-14 03:00:10.882 edge / status=502 upstream=B rt_ms=153 bytes=40832
2026-03-14 03:00:11.261 edge /api/orders status=200 upstream=B rt_ms=24 bytes=14347
2026-03-14 03:00:11.715 edge /static/style.css status=502 upstream=B rt_ms=230 bytes=10813
2026-03-14 03:00:13.871 edge /healthz status=200 upstream=B rt_ms=173 bytes=36020
2026-03-14 03:00:14.735 edge / status=200 upstream=B rt_ms=76 bytes=1863
2026-03-14 03:00:16.369 edge /healthz status=200 upstream=B rt_ms=223 bytes=3499
2026-03-14 03:00:16.873 edge /api/orders status=200 upstream=B rt_ms=257 bytes=14714
2026-03-14 03:00:17.474 edge /api/events status=502 upstream=B rt_ms=393 bytes=25959
2026-03-14 03:00:18.996 edge /healthz status=502 upstream=B rt_ms=328 bytes=38560
2026-03-14 03:00:19.667 edge /static/style.css status=502 upstream=B rt_ms=265 bytes=4827
2026-03-14 03:00:21.013 edge /api/orders status=200 upstream=B rt_ms=143 bytes=41392
2026-03-14 03:00:21.705 edge /healthz status=200 upstream=B rt_ms=85 bytes=18275
2026-03-14 03:00:22.156 edge /healthz status=200 upstream=B rt_ms=94 bytes=20938
2026-03-14 03:00:25.242 edge / status=200 upstream=B rt_ms=253 bytes=28945
2026-03-14 03:00:25.548 edge / status=502 upstream=B rt_ms=38 bytes=31182
2026-03-14 03:00:25.859 edge /static/style.css status=200 upstream=B rt_ms=98 bytes=14420
2026-03-14 03:00:26.004 edge /static/style.css status=200 upstream=B rt_ms=27 bytes=32606
2026-03-14 03:00:27.063 edge /healthz status=200 upstream=B rt_ms=282 bytes=34891
2026-03-14 03:00:27.816 edge / status=200 upstream=B rt_ms=160 bytes=25072
2026-03-14 03:00:28.684 edge /api/events status=200 upstream=B rt_ms=396 bytes=15856
2026-03-14 03:00:30.832 edge /healthz status=502 upstream=B rt_ms=304 bytes=24004
2026-03-14 03:00:31.777 edge /static/style.css status=200 upstream=B rt_ms=351 bytes=28926
2026-03-14 03:00:33.360 edge / status=200 upstream=B rt_ms=149 bytes=31502
2026-03-14 03:00:34.005 edge / status=200 upstream=B rt_ms=121 bytes=34900
2026-03-14 03:00:34.619 edge /static/style.css status=200 upstream=B rt_ms=126 bytes=25787
2026-03-14 03:00:36.919 edge /static/style.css status=502 upstream=B rt_ms=298 bytes=13478
2026-03-14 03:00:37.770 edge /static/style.css status=502 upstream=B rt_ms=198 bytes=26256
2026-03-14 03:00:38.031 edge /healthz status=404 upstream=B rt_ms=101 bytes=2502
2026-03-14 03:00:39.409 edge / status=502 upstream=B rt_ms=208 bytes=12574
2026-03-14 03:00:41.060 edge /static/style.css status=502 upstream=B rt_ms=50 bytes=37794
2026-03-14 03:00:42.063 edge / status=502 upstream=B rt_ms=286 bytes=27766
2026-03-14 03:00:42.427 edge /healthz status=502 upstream=B rt_ms=192 bytes=3610
2026-03-14 03:00:42.700 edge /api/orders status=502 upstream=B rt_ms=103 bytes=5616
2026-03-14 03:00:44.536 edge / status=502 upstream=B rt_ms=378 bytes=28085
2026-03-14 03:00:44.585 edge /api/events status=404 upstream=B rt_ms=206 bytes=10952
2026-03-14 03:00:45.461 edge / status=502 upstream=B rt_ms=6 bytes=11599
2026-03-14 03:00:46.038 edge /static/style.css status=200 upstream=B rt_ms=107 bytes=2841
2026-03-14 03:00:46.103 edge /healthz status=500 upstream=B rt_ms=241 bytes=40974
2026-03-14 03:00:48.112 edge /static/style.css status=502 upstream=B rt_ms=178 bytes=28381
2026-03-14 03:00:48.996 edge /api/events status=200 upstream=B rt_ms=22 bytes=15865
2026-03-14 03:00:49.242 edge /healthz status=502 upstream=B rt_ms=55 bytes=4936
2026-03-14 03:00:52.150 edge /healthz status=502 upstream=B rt_ms=59 bytes=11488
2026-03-14 03:00:52.583 edge /healthz status=200 upstream=B rt_ms=198 bytes=39541
2026-03-14 03:00:52.750 edge /api/orders status=200 upstream=B rt_ms=322 bytes=28453
2026-03-14 03:00:53.366 edge /healthz status=502 upstream=B rt_ms=308 bytes=24544
2026-03-14 03:00:53.651 edge /api/events status=200 upstream=B rt_ms=201 bytes=25570
2026-03-14 03:00:53.868 edge /static/style.css status=502 upstream=B rt_ms=286 bytes=23882
2026-03-14 03:00:54.348 edge /static/style.css status=200 upstream=B rt_ms=142 bytes=22201
2026-03-14 03:00:55.035 edge /api/events status=502 upstream=B rt_ms=83 bytes=15665
2026-03-14 03:00:55.313 edge /api/events status=200 upstream=B rt_ms=5 bytes=1922
2026-03-14 03:00:57.615 edge /healthz status=502 upstream=B rt_ms=319 bytes=2553
2026-03-14 03:00:58.011 edge /static/style.css status=200 upstream=B rt_ms=350 bytes=311
2026-03-14 03:01:00.091 edge /api/orders status=502 upstream=B rt_ms=35 bytes=32003
2026-03-14 03:01:01.204 edge / status=502 upstream=B rt_ms=208 bytes=18248
2026-03-14 03:01:01.206 edge /api/orders status=200 upstream=B rt_ms=35 bytes=29367
2026-03-14 03:01:01.805 edge /static/style.css status=502 upstream=B rt_ms=68 bytes=15733
2026-03-14 03:01:01.838 edge /api/events status=502 upstream=B rt_ms=146 bytes=10402
2026-03-14 03:01:02.264 edge / status=502 upstream=B rt_ms=143 bytes=25826
2026-03-14 03:01:04.249 edge /api/orders status=502 upstream=B rt_ms=320 bytes=37236
2026-03-14 03:01:06.822 edge /api/events status=502 upstream=B rt_ms=16 bytes=3967
2026-03-14 03:01:07.297 edge /api/orders status=502 upstream=B rt_ms=384 bytes=23112
2026-03-14 03:01:07.347 edge /static/style.css status=502 upstream=B rt_ms=49 bytes=11394
2026-03-14 03:01:08.159 edge /static/style.css status=200 upstream=B rt_ms=306 bytes=32828
2026-03-14 03:01:08.200 edge /api/orders status=502 upstream=B rt_ms=138 bytes=35858
2026-03-14 03:01:09.319 edge /api/orders status=502 upstream=B rt_ms=121 bytes=8579
2026-03-14 03:01:09.578 edge /static/style.css status=502 upstream=B rt_ms=311 bytes=7584
2026-03-14 03:01:10.476 edge /healthz status=502 upstream=B rt_ms=117 bytes=11534
2026-03-14 03:01:11.012 edge / status=502 upstream=B rt_ms=140 bytes=28515
2026-03-14 03:01:13.621 edge /healthz status=200 upstream=B rt_ms=58 bytes=10549
2026-03-14 03:01:13.999 edge / status=200 upstream=B rt_ms=51 bytes=10373
2026-03-14 03:01:14.626 edge /static/style.css status=200 upstream=B rt_ms=205 bytes=27000
2026-03-14 03:01:15.344 edge /api/orders status=404 upstream=B rt_ms=231 bytes=39503
2026-03-14 03:01:15.560 edge /api/orders status=200 upstream=B rt_ms=335 bytes=16912
2026-03-14 03:01:17.078 edge /healthz status=502 upstream=B rt_ms=267 bytes=29242
2026-03-14 03:01:18.317 edge /api/orders status=200 upstream=B rt_ms=287 bytes=29317
2026-03-14 03:01:20.242 edge / status=502 upstream=B rt_ms=383 bytes=2423
2026-03-14 03:01:21.271 edge /api/events status=200 upstream=B rt_ms=169 bytes=21950
2026-03-14 03:01:21.798 edge /healthz status=200 upstream=B rt_ms=127 bytes=40998
2026-03-14 03:01:23.032 edge /api/orders status=502 upstream=B rt_ms=162 bytes=39768
2026-03-14 03:01:23.830 edge /api/orders status=200 upstream=B rt_ms=232 bytes=15291
2026-03-14 03:01:23.839 edge /static/style.css status=200 upstream=B rt_ms=382 bytes=4314
2026-03-14 03:01:23.887 edge / status=502 upstream=B rt_ms=257 bytes=20912
2026-03-14 03:01:24.506 edge /static/style.css status=200 upstream=B rt_ms=11 bytes=8111
2026-03-14 03:01:24.906 edge /healthz status=502 upstream=B rt_ms=292 bytes=31310
2026-03-14 03:01:25.581 edge / status=200 upstream=B rt_ms=281 bytes=4613
2026-03-14 03:01:27.476 edge /static/style.css status=502 upstream=B rt_ms=315 bytes=17562
2026-03-14 03:01:29.722 edge /api/events status=502 upstream=B rt_ms=330 bytes=24841
2026-03-14 03:01:30.044 edge /api/orders status=502 upstream=B rt_ms=202 bytes=11974
2026-03-14 03:01:32.497 edge / status=502 upstream=B rt_ms=90 bytes=26759
2026-03-14 03:01:32.826 edge / status=200 upstream=B rt_ms=210 bytes=20018
2026-03-14 03:01:32.835 edge / status=200 upstream=B rt_ms=263 bytes=26711
2026-03-14 03:01:33.621 edge /api/orders status=200 upstream=B rt_ms=210 bytes=13083
2026-03-14 03:01:36.958 edge /api/events status=200 upstream=B rt_ms=234 bytes=27387
2026-03-14 03:01:38.738 edge /static/style.css status=200 upstream=B rt_ms=286 bytes=22309
2026-03-14 03:01:39.049 edge /api/events status=200 upstream=B rt_ms=163 bytes=2955
2026-03-14 03:01:39.770 edge /api/orders status=200 upstream=B rt_ms=270 bytes=14848
2026-03-14 03:01:41.980 edge /api/events status=502 upstream=B rt_ms=351 bytes=16582
2026-03-14 03:01:43.236 edge /api/events status=502 upstream=B rt_ms=174 bytes=17996
2026-03-14 03:01:44.280 edge /api/orders status=200 upstream=B rt_ms=31 bytes=38409
2026-03-14 03:01:46.247 edge / status=502 upstream=B rt_ms=313 bytes=4603
2026-03-14 03:01:47.919 edge /static/style.css status=502 upstream=B rt_ms=184 bytes=16061
2026-03-14 03:01:49.157 edge / status=200 upstream=B rt_ms=165 bytes=13007
2026-03-14 03:01:51.990 edge / status=500 upstream=B rt_ms=211 bytes=39287
2026-03-14 03:01:52.608 edge /api/events status=502 upstream=B rt_ms=209 bytes=9322
2026-03-14 03:01:53.809 edge / status=500 upstream=B rt_ms=132 bytes=16088
2026-03-14 03:01:56.157 edge /api/events status=502 upstream=B rt_ms=388 bytes=32003
2026-03-14 03:01:56.169 edge /healthz status=200 upstream=B rt_ms=196 bytes=7101
2026-03-14 03:01:56.676 edge /api/orders status=502 upstream=B rt_ms=54 bytes=26139
2026-03-14 03:01:57.644 edge /static/style.css status=200 upstream=B rt_ms=260 bytes=25826
2026-03-14 03:01:57.768 edge /api/events status=200 upstream=B rt_ms=220 bytes=1411
2026-03-14 03:01:57.778 edge /api/orders status=200 upstream=B rt_ms=99 bytes=9146
2026-03-14 03:01:58.966 edge /api/events status=200 upstream=B rt_ms=386 bytes=40219
2026-03-14 03:02:00.849 edge /api/events status=502 upstream=B rt_ms=397 bytes=20026
2026-03-14 03:02:01.563 edge /healthz status=200 upstream=B rt_ms=342 bytes=5167
2026-03-14 03:02:01.564 edge /static/style.css status=502 upstream=B rt_ms=373 bytes=7658
2026-03-14 03:02:01.829 edge /static/style.css status=200 upstream=B rt_ms=104 bytes=30767
2026-03-14 03:02:02.040 edge /api/events status=502 upstream=B rt_ms=341 bytes=26955
2026-03-14 03:02:02.134 edge /static/style.css status=502 upstream=B rt_ms=97 bytes=842
2026-03-14 03:02:02.309 edge /api/orders status=502 upstream=B rt_ms=338 bytes=29339
2026-03-14 03:02:03.349 edge /static/style.css status=502 upstream=B rt_ms=184 bytes=18108
2026-03-14 03:02:03.409 edge /api/orders status=200 upstream=B rt_ms=269 bytes=19569
2026-03-14 03:02:05.841 edge /healthz status=200 upstream=B rt_ms=38 bytes=30949
2026-03-14 03:02:06.451 edge /static/style.css status=200 upstream=B rt_ms=208 bytes=23208
2026-03-14 03:02:08.494 edge /api/events status=500 upstream=B rt_ms=23 bytes=25168
2026-03-14 03:02:09.166 edge /static/style.css status=200 upstream=B rt_ms=215 bytes=22655
2026-03-14 03:02:09.385 edge /static/style.css status=200 upstream=B rt_ms=192 bytes=16335
2026-03-14 03:02:10.594 edge /healthz status=502 upstream=B rt_ms=22 bytes=4263
2026-03-14 03:02:12.237 edge / status=200 upstream=B rt_ms=219 bytes=41498
2026-03-14 03:02:14.033 edge /api/events status=200 upstream=B rt_ms=336 bytes=30505
2026-03-14 03:02:14.710 edge /api/events status=502 upstream=B rt_ms=181 bytes=16331
2026-03-14 03:02:15.505 edge / status=200 upstream=B rt_ms=123 bytes=39260
2026-03-14 03:02:15.747 edge /healthz status=200 upstream=B rt_ms=202 bytes=19176
2026-03-14 03:02:17.117 edge /api/events status=200 upstream=B rt_ms=344 bytes=24801
2026-03-14 03:02:18.646 edge /api/events status=200 upstream=B rt_ms=297 bytes=39161
2026-03-14 03:02:20.933 edge / status=200 upstream=B rt_ms=297 bytes=41691
2026-03-14 03:02:21.001 edge /api/events status=200 upstream=B rt_ms=238 bytes=5454
2026-03-14 03:02:21.117 edge /static/style.css status=502 upstream=B rt_ms=136 bytes=18697
2026-03-14 03:02:21.878 edge / status=502 upstream=B rt_ms=72 bytes=29101
2026-03-14 03:02:22.437 edge /api/orders status=404 upstream=B rt_ms=7 bytes=10824
2026-03-14 03:02:23.812 edge /healthz status=200 upstream=B rt_ms=280 bytes=16244
2026-03-14 03:02:26.029 edge /api/orders status=200 upstream=B rt_ms=308 bytes=16649
2026-03-14 03:02:28.350 edge /static/style.css status=200 upstream=B rt_ms=390 bytes=36376
2026-03-14 03:02:28.615 edge /api/events status=200 upstream=B rt_ms=162 bytes=40646
2026-03-14 03:02:28.633 edge / status=502 upstream=B rt_ms=201 bytes=26765
2026-03-14 03:02:28.651 edge /api/orders status=200 upstream=B rt_ms=219 bytes=3325
2026-03-14 03:02:29.431 edge /api/orders status=200 upstream=B rt_ms=397 bytes=22410
2026-03-14 03:02:30.218 edge /api/events status=502 upstream=B rt_ms=258 bytes=19270
2026-03-14 03:02:30.476 edge /api/events status=200 upstream=B rt_ms=109 bytes=4268
2026-03-14 03:02:30.700 edge /healthz status=200 upstream=B rt_ms=64 bytes=402
2026-03-14 03:02:31.062 edge / status=502 upstream=B rt_ms=358 bytes=14841
2026-03-14 03:02:31.802 edge /static/style.css status=200 upstream=B rt_ms=328 bytes=25273
2026-03-14 03:02:31.907 edge /api/events status=502 upstream=B rt_ms=141 bytes=17834
2026-03-14 03:02:34.432 edge /api/events status=200 upstream=B rt_ms=84 bytes=17807
2026-03-14 03:02:34.883 edge /healthz status=404 upstream=B rt_ms=219 bytes=11602
2026-03-14 03:02:35.586 edge /api/events status=502 upstream=B rt_ms=251 bytes=17592
2026-03-14 03:02:35.795 edge /static/style.css status=200 upstream=B rt_ms=387 bytes=18727
2026-03-14 03:02:36.726 edge /healthz status=404 upstream=B rt_ms=187 bytes=34908
2026-03-14 03:02:37.441 edge /healthz status=200 upstream=B rt_ms=96 bytes=25663
2026-03-14 03:02:37.572 edge /static/style.css status=502 upstream=B rt_ms=10 bytes=31028
2026-03-14 03:02:38.965 edge /api/events status=200 upstream=B rt_ms=255 bytes=37131
2026-03-14 03:02:40.209 edge /static/style.css status=502 upstream=B rt_ms=157 bytes=33072
2026-03-14 03:02:40.350 edge /static/style.css status=200 upstream=B rt_ms=319 bytes=14489
2026-03-14 03:02:43.305 edge /api/orders status=200 upstream=B rt_ms=16 bytes=22993
2026-03-14 03:02:43.435 edge /healthz status=200 upstream=B rt_ms=155 bytes=30770
2026-03-14 03:02:45.522 edge /api/events status=200 upstream=B rt_ms=369 bytes=35174
2026-03-14 03:02:49.773 edge /api/orders status=404 upstream=B rt_ms=360 bytes=24788
2026-03-14 03:02:50.248 edge / status=200 upstream=B rt_ms=125 bytes=15053
2026-03-14 03:02:52.999 edge / status=502 upstream=B rt_ms=129 bytes=9621
2026-03-14 03:02:53.952 edge /healthz status=502 upstream=B rt_ms=377 bytes=6377
2026-03-14 03:02:54.478 edge /api/events status=200 upstream=B rt_ms=270 bytes=31619
2026-03-14 03:02:56.469 edge /static/style.css status=200 upstream=B rt_ms=145 bytes=7935
2026-03-14 03:02:57.518 edge /healthz status=200 upstream=B rt_ms=133 bytes=20581
2026-03-14 03:02:58.482 edge /api/orders status=502 upstream=B rt_ms=346 bytes=24047
2026-03-14 03:02:58.813 edge /static/style.css status=502 upstream=B rt_ms=176 bytes=37954
2026-03-14 03:03:00.304 edge /api/events status=200 upstream=B rt_ms=133 bytes=19197
2026-03-14 03:03:01.530 edge / status=200 upstream=B rt_ms=250 bytes=16939
2026-03-14 03:03:01.659 edge /api/orders status=200 upstream=B rt_ms=355 bytes=22619
2026-03-14 03:03:03.919 edge /api/orders status=502 upstream=B rt_ms=172 bytes=22739
2026-03-14 03:03:04.222 edge /static/style.css status=502 upstream=B rt_ms=156 bytes=24317
2026-03-14 03:03:04.315 edge /api/orders status=200 upstream=B rt_ms=364 bytes=23393
2026-03-14 03:03:06.096 edge /api/events status=200 upstream=B rt_ms=284 bytes=18802
2026-03-14 03:03:06.425 edge /api/orders status=200 upstream=B rt_ms=96 bytes=23396
2026-03-14 03:03:07.908 edge /api/events status=502 upstream=B rt_ms=12 bytes=16756
2026-03-14 03:03:11.730 edge /api/orders status=200 upstream=B rt_ms=344 bytes=8467
2026-03-14 03:03:13.224 edge / status=502 upstream=B rt_ms=256 bytes=24815
2026-03-14 03:03:13.994 edge /api/orders status=502 upstream=B rt_ms=322 bytes=7192
2026-03-14 03:03:14.619 edge /healthz status=502 upstream=B rt_ms=176 bytes=25483
2026-03-14 03:03:14.792 edge / status=200 upstream=B rt_ms=286 bytes=38332
2026-03-14 03:03:15.422 edge /api/events status=200 upstream=B rt_ms=383 bytes=38461
2026-03-14 03:03:15.425 edge /api/orders status=502 upstream=B rt_ms=8 bytes=14227
2026-03-14 03:03:16.196 edge /api/events status=200 upstream=B rt_ms=219 bytes=9954
2026-03-14 03:03:16.324 edge /healthz status=200 upstream=B rt_ms=317 bytes=17859
2026-03-14 03:03:18.133 edge /api/orders status=200 upstream=B rt_ms=260 bytes=41464
2026-03-14 03:03:19.801 edge /healthz status=200 upstream=B rt_ms=222 bytes=7897
2026-03-14 03:03:20.023 edge /healthz status=200 upstream=B rt_ms=391 bytes=7877
2026-03-14 03:03:20.700 edge /api/orders status=200 upstream=B rt_ms=36 bytes=23753
2026-03-14 03:03:22.116 edge /static/style.css status=502 upstream=B rt_ms=347 bytes=20998
2026-03-14 03:03:23.862 edge /api/orders status=502 upstream=B rt_ms=251 bytes=22408
2026-03-14 03:03:25.105 edge /healthz status=200 upstream=B rt_ms=72 bytes=37849
2026-03-14 03:03:25.858 edge /api/events status=200 upstream=B rt_ms=57 bytes=23543
2026-03-14 03:03:27.231 edge / status=200 upstream=B rt_ms=342 bytes=37429
2026-03-14 03:03:27.786 edge / status=502 upstream=B rt_ms=391 bytes=34777
2026-03-14 03:03:28.450 edge /static/style.css status=502 upstream=B rt_ms=25 bytes=13491
2026-03-14 03:03:32.305 edge /healthz status=200 upstream=B rt_ms=371 bytes=8470
2026-03-14 03:03:32.846 edge /static/style.css status=502 upstream=B rt_ms=122 bytes=31301
2026-03-14 03:03:32.847 edge /healthz status=200 upstream=B rt_ms=31 bytes=38149
2026-03-14 03:03:34.045 edge /healthz status=200 upstream=B rt_ms=377 bytes=580
2026-03-14 03:03:34.798 edge /api/orders status=200 upstream=B rt_ms=220 bytes=4902
2026-03-14 03:03:38.061 edge /static/style.css status=500 upstream=B rt_ms=219 bytes=742
2026-03-14 03:03:39.502 edge / status=200 upstream=B rt_ms=187 bytes=1709
2026-03-14 03:03:40.263 edge /healthz status=200 upstream=B rt_ms=215 bytes=2687
2026-03-14 03:03:43.247 edge / status=404 upstream=B rt_ms=101 bytes=40847
2026-03-14 03:03:44.880 edge /healthz status=200 upstream=B rt_ms=139 bytes=32765
2026-03-14 03:03:45.486 edge /healthz status=404 upstream=B rt_ms=157 bytes=19357
2026-03-14 03:03:46.589 edge /api/orders status=200 upstream=B rt_ms=355 bytes=16375
2026-03-14 03:03:46.760 edge /static/style.css status=502 upstream=B rt_ms=149 bytes=39648
2026-03-14 03:03:48.998 edge /static/style.css status=200 upstream=B rt_ms=81 bytes=31071
2026-03-14 03:03:50.185 edge / status=502 upstream=B rt_ms=69 bytes=31006
2026-03-14 03:03:53.487 edge /api/orders status=502 upstream=B rt_ms=210 bytes=14961
2026-03-14 03:03:54.525 edge /static/style.css status=200 upstream=B rt_ms=94 bytes=11823
2026-03-14 03:03:54.989 edge /api/events status=200 upstream=B rt_ms=321 bytes=11018
2026-03-14 03:03:55.515 edge /api/events status=502 upstream=B rt_ms=63 bytes=6808
2026-03-14 03:03:55.577 edge /api/events status=200 upstream=B rt_ms=104 bytes=41868
2026-03-14 03:03:57.192 edge /api/orders status=502 upstream=B rt_ms=164 bytes=10082
2026-03-14 03:03:57.309 edge /api/orders status=500 upstream=B rt_ms=203 bytes=13402
2026-03-14 03:04:00.845 edge /static/style.css status=502 upstream=B rt_ms=271 bytes=12998
2026-03-14 03:04:01.285 edge /static/style.css status=502 upstream=B rt_ms=7 bytes=2307
2026-03-14 03:04:01.414 edge /api/orders status=502 upstream=B rt_ms=280 bytes=13240
2026-03-14 03:04:02.662 edge /api/events status=502 upstream=B rt_ms=225 bytes=9963
2026-03-14 03:04:03.816 edge /healthz status=502 upstream=B rt_ms=185 bytes=15790
2026-03-14 03:04:05.189 edge /api/orders status=200 upstream=B rt_ms=25 bytes=33693
2026-03-14 03:04:05.420 edge /static/style.css status=502 upstream=B rt_ms=246 bytes=26778
2026-03-14 03:04:05.768 edge / status=502 upstream=B rt_ms=238 bytes=8604
2026-03-14 03:04:06.472 edge /api/events status=200 upstream=B rt_ms=351 bytes=19856
2026-03-14 03:04:08.347 edge /healthz status=502 upstream=B rt_ms=234 bytes=23801
2026-03-14 03:04:08.457 edge / status=200 upstream=B rt_ms=355 bytes=41706
2026-03-14 03:04:09.095 edge / status=200 upstream=B rt_ms=360 bytes=13596
2026-03-14 03:04:09.417 edge /api/orders status=200 upstream=B rt_ms=101 bytes=37745
2026-03-14 03:04:09.570 edge /api/events status=200 upstream=B rt_ms=351 bytes=16829
2026-03-14 03:04:11.311 edge /healthz status=200 upstream=B rt_ms=300 bytes=1365
2026-03-14 03:04:11.583 edge /api/events status=200 upstream=B rt_ms=307 bytes=24733
2026-03-14 03:04:13.171 edge / status=502 upstream=B rt_ms=184 bytes=27811
2026-03-14 03:04:13.735 edge /api/orders status=200 upstream=B rt_ms=185 bytes=5695
2026-03-14 03:04:14.382 edge / status=404 upstream=B rt_ms=253 bytes=34557
2026-03-14 03:04:15.164 edge / status=502 upstream=B rt_ms=228 bytes=2483
2026-03-14 03:04:19.651 edge /api/events status=502 upstream=B rt_ms=88 bytes=1067
2026-03-14 03:04:19.968 edge / status=502 upstream=B rt_ms=229 bytes=23839
2026-03-14 03:04:20.861 edge /api/orders status=404 upstream=B rt_ms=209 bytes=25901
2026-03-14 03:04:21.928 edge /api/orders status=200 upstream=B rt_ms=78 bytes=16689
2026-03-14 03:04:22.174 edge / status=200 upstream=B rt_ms=375 bytes=25950
2026-03-14 03:04:22.688 edge /api/events status=502 upstream=B rt_ms=239 bytes=19460
2026-03-14 03:04:23.643 edge /api/orders status=404 upstream=B rt_ms=330 bytes=37176
2026-03-14 03:04:24.190 edge /api/orders status=200 upstream=B rt_ms=155 bytes=19752
2026-03-14 03:04:24.794 edge /healthz status=404 upstream=B rt_ms=337 bytes=32385
2026-03-14 03:04:24.884 edge /api/orders status=200 upstream=B rt_ms=234 bytes=31628
2026-03-14 03:04:25.197 edge / status=200 upstream=B rt_ms=11 bytes=17273
2026-03-14 03:04:26.173 edge /healthz status=200 upstream=B rt_ms=395 bytes=19202
2026-03-14 03:04:27.187 edge /api/orders status=200 upstream=B rt_ms=288 bytes=26102
2026-03-14 03:04:28.203 edge /healthz status=200 upstream=B rt_ms=368 bytes=4297
2026-03-14 03:04:29.268 edge /api/orders status=502 upstream=B rt_ms=116 bytes=12600
2026-03-14 03:04:29.269 edge /healthz status=200 upstream=B rt_ms=222 bytes=15478
2026-03-14 03:04:29.905 edge /api/orders status=200 upstream=B rt_ms=122 bytes=7587
2026-03-14 03:04:30.293 edge /api/events status=500 upstream=B rt_ms=214 bytes=8810
2026-03-14 03:04:31.298 edge /healthz status=200 upstream=B rt_ms=361 bytes=11610
2026-03-14 03:04:33.666 edge /static/style.css status=404 upstream=B rt_ms=80 bytes=13100
2026-03-14 03:04:34.734 edge / status=502 upstream=B rt_ms=171 bytes=7839
2026-03-14 03:04:35.029 edge /api/events status=200 upstream=B rt_ms=74 bytes=6830
2026-03-14 03:04:35.893 edge / status=200 upstream=B rt_ms=21 bytes=16367
2026-03-14 03:04:36.121 edge /static/style.css status=200 upstream=B rt_ms=85 bytes=1053
2026-03-14 03:04:36.697 edge /static/style.css status=502 upstream=B rt_ms=339 bytes=16130
2026-03-14 03:04:36.741 edge /api/events status=502 upstream=B rt_ms=109 bytes=20123
2026-03-14 03:04:37.067 edge / status=200 upstream=B rt_ms=175 bytes=21263
2026-03-14 03:04:37.583 edge /static/style.css status=200 upstream=B rt_ms=163 bytes=25222
2026-03-14 03:04:39.372 edge /static/style.css status=200 upstream=B rt_ms=148 bytes=40817
2026-03-14 03:04:39.559 edge /api/events status=502 upstream=B rt_ms=398 bytes=12207
2026-03-14 03:04:40.058 edge /api/orders status=200 upstream=B rt_ms=122 bytes=4311
2026-03-14 03:04:40.791 edge /api/events status=200 upstream=B rt_ms=112 bytes=20980
2026-03-14 03:04:42.491 edge /static/style.css status=200 upstream=B rt_ms=359 bytes=2031
2026-03-14 03:04:42.954 edge /healthz status=502 upstream=B rt_ms=266 bytes=6884
2026-03-14 03:04:43.223 edge / status=200 upstream=B rt_ms=206 bytes=32713
2026-03-14 03:04:44.940 edge /api/events status=200 upstream=B rt_ms=176 bytes=24373
2026-03-14 03:04:46.274 edge /healthz status=200 upstream=B rt_ms=227 bytes=16535
2026-03-14 03:04:46.501 edge / status=502 upstream=B rt_ms=36 bytes=24745
2026-03-14 03:04:46.846 edge /api/events status=500 upstream=B rt_ms=5 bytes=39584
2026-03-14 03:04:47.927 edge /api/events status=200 upstream=B rt_ms=92 bytes=35889
2026-03-14 03:04:48.372 edge /api/orders status=200 upstream=B rt_ms=196 bytes=19841
2026-03-14 03:04:50.109 edge /static/style.css status=200 upstream=B rt_ms=182 bytes=19922
2026-03-14 03:04:50.927 edge /api/events status=502 upstream=B rt_ms=84 bytes=22734
2026-03-14 03:04:51.478 edge /api/orders status=200 upstream=B rt_ms=353 bytes=7952
2026-03-14 03:04:52.181 edge / status=502 upstream=B rt_ms=330 bytes=40580
2026-03-14 03:04:58.556 edge /api/events status=200 upstream=B rt_ms=311 bytes=14686
2026-03-14 03:04:58.678 edge /healthz status=200 upstream=B rt_ms=182 bytes=36544
2026-03-14 03:05:00.667 edge /api/events status=200 upstream=B rt_ms=60 bytes=6641
2026-03-14 03:05:01.154 edge / status=200 upstream=B rt_ms=374 bytes=10959
2026-03-14 03:05:02.266 edge /static/style.css status=200 upstream=B rt_ms=256 bytes=23819
2026-03-14 03:05:03.982 edge /api/orders status=200 upstream=B rt_ms=64 bytes=20013
2026-03-14 03:05:04.329 edge / status=500 upstream=B rt_ms=68 bytes=9128
2026-03-14 03:05:04.487 edge /static/style.css status=500 upstream=B rt_ms=134 bytes=28748
2026-03-14 03:05:04.835 edge / status=200 upstream=B rt_ms=286 bytes=3542
2026-03-14 03:05:05.726 edge / status=502 upstream=B rt_ms=205 bytes=34931
2026-03-14 03:05:07.167 edge / status=200 upstream=B rt_ms=168 bytes=9369
2026-03-14 03:05:08.052 edge / status=200 upstream=B rt_ms=45 bytes=5411
2026-03-14 03:05:09.021 edge /healthz status=502 upstream=B rt_ms=115 bytes=5104
2026-03-14 03:05:11.646 edge /api/events status=200 upstream=B rt_ms=112 bytes=35566
2026-03-14 03:05:12.062 edge /api/events status=200 upstream=B rt_ms=187 bytes=38736
2026-03-14 03:05:13.105 edge / status=502 upstream=B rt_ms=291 bytes=35763
2026-03-14 03:05:15.381 edge /api/orders status=200 upstream=B rt_ms=6 bytes=18575
2026-03-14 03:05:15.516 edge /api/events status=404 upstream=B rt_ms=349 bytes=3896
2026-03-14 03:05:16.411 edge / status=200 upstream=B rt_ms=31 bytes=25463
2026-03-14 03:05:16.803 edge /static/style.css status=502 upstream=B rt_ms=233 bytes=40719
2026-03-14 03:05:17.803 edge /static/style.css status=502 upstream=B rt_ms=194 bytes=26820
2026-03-14 03:05:20.161 edge / status=502 upstream=B rt_ms=204 bytes=34835
2026-03-14 03:05:21.798 edge /static/style.css status=200 upstream=B rt_ms=367 bytes=26728
2026-03-14 03:05:22.610 edge / status=502 upstream=B rt_ms=66 bytes=21759
2026-03-14 03:05:22.782 edge /static/style.css status=502 upstream=B rt_ms=57 bytes=17257
2026-03-14 03:05:22.958 edge / status=200 upstream=B rt_ms=67 bytes=6187
2026-03-14 03:05:23.656 edge /static/style.css status=502 upstream=B rt_ms=205 bytes=12842
2026-03-14 03:05:25.185 edge /api/events status=200 upstream=B rt_ms=341 bytes=10205
2026-03-14 03:05:27.417 edge /api/events status=200 upstream=B rt_ms=230 bytes=41020
2026-03-14 03:05:28.278 edge /api/orders status=502 upstream=B rt_ms=138 bytes=9068
2026-03-14 03:05:28.982 edge /static/style.css status=502 upstream=B rt_ms=185 bytes=5813
2026-03-14 03:05:32.823 edge /api/events status=200 upstream=B rt_ms=69 bytes=30398
2026-03-14 03:05:34.106 edge /api/orders status=200 upstream=B rt_ms=391 bytes=35424
2026-03-14 03:05:34.125 edge / status=200 upstream=B rt_ms=67 bytes=33565
2026-03-14 03:05:34.801 edge / status=502 upstream=B rt_ms=70 bytes=25976
2026-03-14 03:05:36.076 edge /api/orders status=502 upstream=B rt_ms=297 bytes=28890
2026-03-14 03:05:36.811 edge /static/style.css status=502 upstream=B rt_ms=256 bytes=13191
2026-03-14 03:05:38.862 edge /api/events status=502 upstream=B rt_ms=55 bytes=38420
2026-03-14 03:05:39.158 edge /api/events status=502 upstream=B rt_ms=370 bytes=37225
2026-03-14 03:05:44.956 edge /api/events status=502 upstream=B rt_ms=326 bytes=35831
2026-03-14 03:05:46.553 edge /api/events status=200 upstream=B rt_ms=259 bytes=29134
2026-03-14 03:05:47.698 edge /api/events status=200 upstream=B rt_ms=326 bytes=26438
2026-03-14 03:05:48.122 edge /api/events status=502 upstream=B rt_ms=2 bytes=12395
2026-03-14 03:05:48.538 edge /static/style.css status=200 upstream=B rt_ms=237 bytes=35560
2026-03-14 03:05:50.093 edge /healthz status=200 upstream=B rt_ms=106 bytes=2592
2026-03-14 03:05:52.473 edge /healthz status=200 upstream=B rt_ms=147 bytes=11073
2026-03-14 03:05:55.882 edge /api/events status=200 upstream=B rt_ms=253 bytes=4842
2026-03-14 03:05:55.995 edge /static/style.css status=200 upstream=B rt_ms=170 bytes=17177
2026-03-14 03:05:56.581 edge /static/style.css status=200 upstream=B rt_ms=397 bytes=2442
2026-03-14 03:05:56.751 edge /api/orders status=200 upstream=B rt_ms=130 bytes=3564
2026-03-14 03:05:57.327 edge /static/style.css status=200 upstream=B rt_ms=217 bytes=5507
2026-03-14 03:05:57.638 edge /api/events status=200 upstream=B rt_ms=290 bytes=34185
2026-03-14 03:05:58.141 edge /api/events status=200 upstream=B rt_ms=307 bytes=18647
2026-03-14 03:05:59.712 edge /healthz status=500 upstream=B rt_ms=125 bytes=4451
2026-03-14 03:05:59.736 edge / status=200 upstream=B rt_ms=147 bytes=30133
2026-03-14 03:05:59.782 edge / status=502 upstream=B rt_ms=309 bytes=19795
2026-03-14 03:06:00.470 edge /api/events status=200 upstream=B rt_ms=374 bytes=12193
2026-03-14 03:06:03.080 edge /api/orders status=502 upstream=B rt_ms=278 bytes=41762
2026-03-14 03:06:03.647 edge /static/style.css status=502 upstream=B rt_ms=36 bytes=311
2026-03-14 03:06:04.382 edge /static/style.css status=502 upstream=B rt_ms=183 bytes=2103
2026-03-14 03:06:06.626 edge /api/orders status=502 upstream=B rt_ms=61 bytes=33691
2026-03-14 03:06:08.309 edge / status=502 upstream=B rt_ms=157 bytes=38861
2026-03-14 03:06:09.031 edge /api/orders status=200 upstream=B rt_ms=182 bytes=36488
2026-03-14 03:06:10.081 edge / status=200 upstream=B rt_ms=394 bytes=16421
2026-03-14 03:06:12.262 edge / status=502 upstream=B rt_ms=378 bytes=4110
2026-03-14 03:06:12.305 edge /static/style.css status=200 upstream=B rt_ms=195 bytes=1646
2026-03-14 03:06:13.742 edge /api/events status=200 upstream=B rt_ms=237 bytes=20308
2026-03-14 03:06:15.148 edge /api/events status=200 upstream=B rt_ms=29 bytes=18246
2026-03-14 03:06:15.528 edge /api/events status=502 upstream=B rt_ms=113 bytes=23295
2026-03-14 03:06:16.647 edge /healthz status=200 upstream=B rt_ms=361 bytes=31685
2026-03-14 03:06:21.092 edge /healthz status=200 upstream=B rt_ms=236 bytes=26293
2026-03-14 03:06:21.252 edge /api/orders status=200 upstream=B rt_ms=379 bytes=18297
2026-03-14 03:06:21.984 edge /healthz status=500 upstream=B rt_ms=289 bytes=31646
2026-03-14 03:06:22.741 edge /api/orders status=502 upstream=B rt_ms=79 bytes=35903
2026-03-14 03:06:24.781 edge /api/events status=500 upstream=B rt_ms=8 bytes=34712
2026-03-14 03:06:25.921 edge /api/orders status=200 upstream=B rt_ms=95 bytes=40538
2026-03-14 03:06:27.632 edge /api/events status=500 upstream=B rt_ms=82 bytes=5265
2026-03-14 03:06:27.717 edge /healthz status=200 upstream=B rt_ms=92 bytes=16059
2026-03-14 03:06:28.047 edge /static/style.css status=500 upstream=B rt_ms=328 bytes=37495
2026-03-14 03:06:28.599 edge /api/orders status=502 upstream=B rt_ms=108 bytes=10762
2026-03-14 03:06:29.031 edge /healthz status=200 upstream=B rt_ms=10 bytes=38289
2026-03-14 03:06:30.164 edge / status=404 upstream=B rt_ms=10 bytes=37504
2026-03-14 03:06:30.289 edge /static/style.css status=500 upstream=B rt_ms=58 bytes=7742
2026-03-14 03:06:32.040 edge /static/style.css status=200 upstream=B rt_ms=323 bytes=21709
2026-03-14 03:06:32.610 edge /healthz status=200 upstream=B rt_ms=256 bytes=11352
2026-03-14 03:06:32.705 edge /api/orders status=200 upstream=B rt_ms=141 bytes=1018
2026-03-14 03:06:33.332 edge /api/orders status=404 upstream=B rt_ms=301 bytes=31629
2026-03-14 03:06:33.368 edge /api/events status=200 upstream=B rt_ms=197 bytes=40013
2026-03-14 03:06:38.327 edge /healthz status=200 upstream=B rt_ms=279 bytes=17354
2026-03-14 03:06:38.834 edge / status=200 upstream=B rt_ms=250 bytes=5075
2026-03-14 03:06:39.050 edge / status=200 upstream=B rt_ms=122 bytes=2992
2026-03-14 03:06:41.264 edge /static/style.css status=502 upstream=B rt_ms=312 bytes=35837
2026-03-14 03:06:42.055 edge /api/orders status=200 upstream=B rt_ms=340 bytes=35587
2026-03-14 03:06:42.107 edge /api/orders status=502 upstream=B rt_ms=171 bytes=21309
2026-03-14 03:06:42.184 edge / status=200 upstream=B rt_ms=291 bytes=7872
2026-03-14 03:06:42.854 edge /api/events status=200 upstream=B rt_ms=90 bytes=37442
2026-03-14 03:06:43.854 edge /api/events status=502 upstream=B rt_ms=232 bytes=28457
2026-03-14 03:06:45.865 edge /static/style.css status=200 upstream=B rt_ms=189 bytes=3871
2026-03-14 03:06:46.244 edge /api/events status=200 upstream=B rt_ms=128 bytes=33224
2026-03-14 03:06:46.851 edge /api/orders status=200 upstream=B rt_ms=64 bytes=40862
2026-03-14 03:06:47.069 edge / status=502 upstream=B rt_ms=161 bytes=21377
2026-03-14 03:06:47.193 edge /api/orders status=200 upstream=B rt_ms=287 bytes=36454
2026-03-14 03:06:47.666 edge /api/events status=200 upstream=B rt_ms=218 bytes=5532
2026-03-14 03:06:48.626 edge / status=200 upstream=B rt_ms=211 bytes=27407
2026-03-14 03:06:50.168 edge / status=200 upstream=B rt_ms=8 bytes=38683
2026-03-14 03:06:50.313 edge /api/events status=200 upstream=B rt_ms=86 bytes=30474
2026-03-14 03:06:50.450 edge /api/orders status=500 upstream=B rt_ms=315 bytes=29318
2026-03-14 03:06:51.027 edge /api/events status=200 upstream=B rt_ms=83 bytes=11138
2026-03-14 03:06:51.629 edge /healthz status=502 upstream=B rt_ms=313 bytes=17930
2026-03-14 03:06:55.054 edge /api/events status=502 upstream=B rt_ms=127 bytes=33270
2026-03-14 03:06:59.282 edge /static/style.css status=404 upstream=B rt_ms=234 bytes=5449
2026-03-14 03:06:59.968 edge /healthz status=200 upstream=B rt_ms=74 bytes=12679
2026-03-14 03:07:01.028 edge /api/orders status=502 upstream=B rt_ms=105 bytes=14739
2026-03-14 03:07:03.895 edge /healthz status=200 upstream=B rt_ms=314 bytes=26772
2026-03-14 03:07:05.892 edge /api/orders status=200 upstream=B rt_ms=114 bytes=41746
2026-03-14 03:07:06.645 edge /healthz status=502 upstream=B rt_ms=109 bytes=7490
2026-03-14 03:07:06.796 edge /static/style.css status=200 upstream=B rt_ms=244 bytes=18339
2026-03-14 03:07:07.796 edge /api/events status=500 upstream=B rt_ms=156 bytes=19348
2026-03-14 03:07:08.280 edge /healthz status=200 upstream=B rt_ms=285 bytes=18821
2026-03-14 03:07:10.080 edge / status=200 upstream=B rt_ms=246 bytes=15925
2026-03-14 03:07:10.255 edge /api/orders status=200 upstream=B rt_ms=192 bytes=22190
2026-03-14 03:07:10.688 edge /healthz status=200 upstream=B rt_ms=393 bytes=16869
2026-03-14 03:07:12.203 edge /static/style.css status=200 upstream=B rt_ms=235 bytes=16468
2026-03-14 03:07:12.846 edge / status=200 upstream=B rt_ms=322 bytes=18951
2026-03-14 03:07:15.382 edge /healthz status=200 upstream=B rt_ms=8 bytes=26246
2026-03-14 03:07:15.506 edge /api/orders status=200 upstream=B rt_ms=342 bytes=27263
2026-03-14 03:07:16.461 edge /api/orders status=502 upstream=B rt_ms=269 bytes=23413
2026-03-14 03:07:19.188 edge /api/events status=502 upstream=B rt_ms=64 bytes=23854
2026-03-14 03:07:19.545 edge /static/style.css status=200 upstream=B rt_ms=262 bytes=31795
2026-03-14 03:07:24.783 edge /static/style.css status=200 upstream=B rt_ms=119 bytes=14177
2026-03-14 03:07:26.879 edge / status=200 upstream=B rt_ms=144 bytes=15929
2026-03-14 03:07:27.922 edge /api/orders status=502 upstream=B rt_ms=96 bytes=4845
2026-03-14 03:07:30.659 edge /static/style.css status=200 upstream=B rt_ms=349 bytes=16523
2026-03-14 03:07:30.875 edge /healthz status=200 upstream=B rt_ms=347 bytes=16243
2026-03-14 03:07:31.848 edge / status=200 upstream=B rt_ms=305 bytes=14985
2026-03-14 03:07:32.189 edge /static/style.css status=200 upstream=B rt_ms=379 bytes=30155
2026-03-14 03:07:33.060 edge /api/orders status=200 upstream=B rt_ms=141 bytes=19145
2026-03-14 03:07:33.586 edge /healthz status=200 upstream=B rt_ms=96 bytes=15420
2026-03-14 03:07:34.378 edge /api/events status=200 upstream=B rt_ms=143 bytes=17635
2026-03-14 03:07:34.771 edge /api/orders status=200 upstream=B rt_ms=306 bytes=14591
2026-03-14 03:07:35.505 edge / status=200 upstream=B rt_ms=260 bytes=17907
2026-03-14 03:07:36.166 edge /static/style.css status=502 upstream=B rt_ms=123 bytes=41370
2026-03-14 03:07:36.335 edge /healthz status=404 upstream=B rt_ms=81 bytes=35988
2026-03-14 03:07:36.569 edge /api/events status=502 upstream=B rt_ms=87 bytes=3810
2026-03-14 03:07:37.816 edge /api/events status=200 upstream=B rt_ms=381 bytes=31110
2026-03-14 03:07:39.594 edge /static/style.css status=500 upstream=B rt_ms=239 bytes=21259
2026-03-14 03:07:40.967 edge /api/orders status=200 upstream=B rt_ms=276 bytes=14742
2026-03-14 03:07:42.360 edge / status=502 upstream=B rt_ms=314 bytes=803
2026-03-14 03:07:43.530 edge /healthz status=502 upstream=B rt_ms=179 bytes=5630
2026-03-14 03:07:45.436 edge /api/events status=200 upstream=B rt_ms=54 bytes=39203
2026-03-14 03:07:45.846 edge / status=500 upstream=B rt_ms=87 bytes=4809
2026-03-14 03:07:45.856 edge /static/style.css status=502 upstream=B rt_ms=233 bytes=7990
2026-03-14 03:07:46.398 edge / status=502 upstream=B rt_ms=236 bytes=16252
2026-03-14 03:07:46.538 edge /static/style.css status=500 upstream=B rt_ms=368 bytes=32978
2026-03-14 03:07:47.475 edge / status=502 upstream=B rt_ms=251 bytes=25392
2026-03-14 03:07:48.189 edge /api/events status=502 upstream=B rt_ms=80 bytes=17356
2026-03-14 03:07:48.689 edge /api/orders status=502 upstream=B rt_ms=155 bytes=37887
2026-03-14 03:07:48.815 edge /static/style.css status=200 upstream=B rt_ms=46 bytes=6334
2026-03-14 03:07:50.045 edge /static/style.css status=200 upstream=B rt_ms=257 bytes=38745
2026-03-14 03:07:50.839 edge /api/events status=200 upstream=B rt_ms=78 bytes=25850
2026-03-14 03:07:51.830 edge /api/events status=502 upstream=B rt_ms=368 bytes=18664
2026-03-14 03:07:53.281 edge /healthz status=502 upstream=B rt_ms=355 bytes=14951
2026-03-14 03:07:53.351 edge /static/style.css status=200 upstream=B rt_ms=332 bytes=27710
2026-03-14 03:07:53.839 edge /api/events status=200 upstream=B rt_ms=301 bytes=1936
2026-03-14 03:07:54.449 edge /api/events status=200 upstream=B rt_ms=345 bytes=39976
2026-03-14 03:07:54.766 edge /api/orders status=500 upstream=B rt_ms=239 bytes=40370
2026-03-14 03:07:55.236 edge / status=404 upstream=B rt_ms=397 bytes=15184
2026-03-14 03:07:57.769 edge /api/events status=200 upstream=B rt_ms=180 bytes=26064
2026-03-14 03:07:59.989 edge /healthz status=200 upstream=B rt_ms=186 bytes=26142
2026-03-14 03:08:00.629 edge /healthz status=502 upstream=B rt_ms=153 bytes=35325
2026-03-14 03:08:00.974 edge / status=502 upstream=B rt_ms=232 bytes=41571
2026-03-14 03:08:01.977 edge / status=200 upstream=B rt_ms=253 bytes=37589
2026-03-14 03:08:02.913 edge /healthz status=200 upstream=B rt_ms=290 bytes=22119
2026-03-14 03:08:05.264 edge /api/orders status=502 upstream=B rt_ms=267 bytes=11185
2026-03-14 03:08:06.910 edge / status=502 upstream=B rt_ms=76 bytes=7231
2026-03-14 03:08:08.697 edge /healthz status=502 upstream=B rt_ms=253 bytes=28934
2026-03-14 03:08:11.491 edge / status=502 upstream=B rt_ms=106 bytes=6753
2026-03-14 03:08:12.567 edge / status=502 upstream=B rt_ms=339 bytes=2789
2026-03-14 03:08:14.578 edge / status=200 upstream=B rt_ms=121 bytes=4886
2026-03-14 03:08:14.668 edge /static/style.css status=502 upstream=B rt_ms=143 bytes=12986
2026-03-14 03:08:15.096 edge / status=200 upstream=B rt_ms=112 bytes=13939
2026-03-14 03:08:15.560 edge / status=200 upstream=B rt_ms=138 bytes=2482
2026-03-14 03:08:17.074 edge /static/style.css status=502 upstream=B rt_ms=178 bytes=25150
2026-03-14 03:08:17.316 edge /healthz status=502 upstream=B rt_ms=251 bytes=12778
2026-03-14 03:08:17.442 edge /api/events status=200 upstream=B rt_ms=42 bytes=40980
2026-03-14 03:08:20.955 edge /api/orders status=502 upstream=B rt_ms=88 bytes=41010
2026-03-14 03:08:21.639 edge / status=502 upstream=B rt_ms=37 bytes=34478
2026-03-14 03:08:24.523 edge /api/events status=502 upstream=B rt_ms=354 bytes=22837
2026-03-14 03:08:24.734 edge /static/style.css status=502 upstream=B rt_ms=343 bytes=15409
2026-03-14 03:08:26.121 edge /static/style.css status=200 upstream=B rt_ms=128 bytes=12848
2026-03-14 03:08:27.371 edge /healthz status=404 upstream=B rt_ms=243 bytes=16776
2026-03-14 03:08:28.601 edge / status=200 upstream=B rt_ms=183 bytes=13469
2026-03-14 03:08:28.858 edge /static/style.css status=500 upstream=B rt_ms=399 bytes=1403
2026-03-14 03:08:30.202 edge /api/orders status=502 upstream=B rt_ms=145 bytes=1206
2026-03-14 03:08:34.135 edge /api/events status=404 upstream=B rt_ms=120 bytes=10130
2026-03-14 03:08:34.547 edge /healthz status=502 upstream=B rt_ms=321 bytes=8231
2026-03-14 03:08:34.747 edge /healthz status=200 upstream=B rt_ms=313 bytes=11542
2026-03-14 03:08:34.860 edge /healthz status=200 upstream=B rt_ms=229 bytes=40453
2026-03-14 03:08:35.682 edge /api/events status=200 upstream=B rt_ms=228 bytes=41520
2026-03-14 03:08:37.207 edge /healthz status=200 upstream=B rt_ms=60 bytes=24081
2026-03-14 03:08:39.215 edge /api/orders status=200 upstream=B rt_ms=330 bytes=35720
2026-03-14 03:08:40.783 edge / status=502 upstream=B rt_ms=61 bytes=30206
2026-03-14 03:08:41.859 edge /healthz status=200 upstream=B rt_ms=397 bytes=27863
2026-03-14 03:08:44.735 edge / status=200 upstream=B rt_ms=368 bytes=26713
2026-03-14 03:08:45.046 edge /static/style.css status=200 upstream=B rt_ms=194 bytes=41871
2026-03-14 03:08:46.212 edge /api/events status=200 upstream=B rt_ms=278 bytes=24859
2026-03-14 03:08:46.797 edge /api/orders status=502 upstream=B rt_ms=170 bytes=23065
2026-03-14 03:08:48.356 edge /api/orders status=502 upstream=B rt_ms=79 bytes=32691
2026-03-14 03:08:48.968 edge /api/events status=200 upstream=B rt_ms=225 bytes=29417
2026-03-14 03:08:49.386 edge /api/orders status=200 upstream=B rt_ms=350 bytes=25044
2026-03-14 03:08:51.637 edge / status=502 upstream=B rt_ms=244 bytes=30447
2026-03-14 03:08:52.324 edge /static/style.css status=200 upstream=B rt_ms=138 bytes=20518
2026-03-14 03:08:53.241 edge /api/orders status=502 upstream=B rt_ms=54 bytes=15462
2026-03-14 03:08:53.464 edge /healthz status=502 upstream=B rt_ms=153 bytes=29129
2026-03-14 03:08:53.735 edge / status=200 upstream=B rt_ms=212 bytes=32384
2026-03-14 03:08:54.452 edge /static/style.css status=502 upstream=B rt_ms=191 bytes=12352
2026-03-14 03:08:56.713 edge /healthz status=200 upstream=B rt_ms=90 bytes=4009
2026-03-14 03:08:58.757 edge /api/events status=502 upstream=B rt_ms=112 bytes=1225
2026-03-14 03:08:59.509 edge /api/orders status=502 upstream=B rt_ms=271 bytes=31338
2026-03-14 03:08:59.622 edge /api/events status=200 upstream=B rt_ms=372 bytes=19141
2026-03-14 03:09:00.979 edge /api/orders status=200 upstream=B rt_ms=161 bytes=4416
2026-03-14 03:09:01.581 edge /healthz status=502 upstream=B rt_ms=229 bytes=6180
2026-03-14 03:09:02.395 edge /api/orders status=502 upstream=B rt_ms=368 bytes=12200
2026-03-14 03:09:05.182 edge /api/orders status=200 upstream=B rt_ms=240 bytes=9476
2026-03-14 03:09:06.184 edge /static/style.css status=502 upstream=B rt_ms=359 bytes=25516
2026-03-14 03:09:06.910 edge /static/style.css status=200 upstream=B rt_ms=73 bytes=24808
2026-03-14 03:09:07.152 edge /static/style.css status=200 upstream=B rt_ms=368 bytes=20348
2026-03-14 03:09:08.731 edge /static/style.css status=200 upstream=B rt_ms=299 bytes=1781
2026-03-14 03:09:08.782 edge /healthz status=502 upstream=B rt_ms=62 bytes=41871
2026-03-14 03:09:09.960 edge /healthz status=502 upstream=B rt_ms=17 bytes=7134
2026-03-14 03:09:11.347 edge /static/style.css status=502 upstream=B rt_ms=240 bytes=14467
2026-03-14 03:09:12.178 edge /api/events status=200 upstream=B rt_ms=176 bytes=15216
2026-03-14 03:09:12.921 edge /static/style.css status=200 upstream=B rt_ms=114 bytes=17669
2026-03-14 03:09:12.933 edge / status=502 upstream=B rt_ms=38 bytes=34852
2026-03-14 03:09:13.185 edge / status=200 upstream=B rt_ms=267 bytes=35547
2026-03-14 03:09:15.072 edge /api/orders status=200 upstream=B rt_ms=77 bytes=22127
2026-03-14 03:09:15.090 edge /api/orders status=502 upstream=B rt_ms=16 bytes=15891
2026-03-14 03:09:16.121 edge /api/orders status=200 upstream=B rt_ms=216 bytes=1440
2026-03-14 03:09:17.408 edge /static/style.css status=404 upstream=B rt_ms=368 bytes=20635
2026-03-14 03:09:17.673 edge /api/orders status=500 upstream=B rt_ms=9 bytes=35019
2026-03-14 03:09:18.072 edge / status=502 upstream=B rt_ms=294 bytes=31422
2026-03-14 03:09:19.310 edge /healthz status=200 upstream=B rt_ms=16 bytes=19678
2026-03-14 03:09:19.707 edge /static/style.css status=200 upstream=B rt_ms=102 bytes=23477
2026-03-14 03:09:20.881 edge /api/orders status=502 upstream=B rt_ms=386 bytes=24440
2026-03-14 03:09:22.022 edge /static/style.css status=200 upstream=B rt_ms=72 bytes=3786
2026-03-14 03:09:22.567 edge /api/events status=200 upstream=B rt_ms=317 bytes=29792
2026-03-14 03:09:22.720 edge /healthz status=200 upstream=B rt_ms=391 bytes=430
2026-03-14 03:09:25.907 edge /healthz status=502 upstream=B rt_ms=5 bytes=12802
2026-03-14 03:09:26.985 edge /healthz status=502 upstream=B rt_ms=388 bytes=17895
2026-03-14 03:09:27.088 edge /static/style.css status=200 upstream=B rt_ms=185 bytes=12948
2026-03-14 03:09:29.105 edge /static/style.css status=502 upstream=B rt_ms=137 bytes=5936
2026-03-14 03:09:29.277 edge /api/events status=502 upstream=B rt_ms=272 bytes=3009
2026-03-14 03:09:30.904 edge /api/events status=502 upstream=B rt_ms=176 bytes=10323
2026-03-14 03:09:33.162 edge /api/events status=200 upstream=B rt_ms=287 bytes=4378
2026-03-14 03:09:34.038 edge /healthz status=200 upstream=B rt_ms=23 bytes=15956
2026-03-14 03:09:36.707 edge /healthz status=502 upstream=B rt_ms=19 bytes=41803
2026-03-14 03:09:38.137 edge /api/orders status=502 upstream=B rt_ms=199 bytes=24466
2026-03-14 03:09:38.384 edge /api/orders status=200 upstream=B rt_ms=49 bytes=35883
2026-03-14 03:09:38.872 edge /api/orders status=200 upstream=B rt_ms=350 bytes=13656
2026-03-14 03:09:39.110 edge /static/style.css status=502 upstream=B rt_ms=54 bytes=31872
2026-03-14 03:09:40.008 edge /api/orders status=404 upstream=B rt_ms=12 bytes=17935
2026-03-14 03:09:40.312 edge /api/events status=200 upstream=B rt_ms=47 bytes=41545
2026-03-14 03:09:40.440 edge /healthz status=200 upstream=B rt_ms=87 bytes=14030
2026-03-14 03:09:40.975 edge /api/events status=200 upstream=B rt_ms=35 bytes=4007
2026-03-14 03:09:42.202 edge /healthz status=502 upstream=B rt_ms=211 bytes=37282
2026-03-14 03:09:42.507 edge /static/style.css status=200 upstream=B rt_ms=265 bytes=17108
2026-03-14 03:09:42.603 edge /static/style.css status=502 upstream=B rt_ms=218 bytes=9001
2026-03-14 03:09:42.787 edge /api/events status=502 upstream=B rt_ms=316 bytes=618
2026-03-14 03:09:43.420 edge /api/orders status=200 upstream=B rt_ms=349 bytes=23547
2026-03-14 03:09:43.782 edge /api/orders status=200 upstream=B rt_ms=160 bytes=29725
2026-03-14 03:09:44.701 edge /static/style.css status=200 upstream=B rt_ms=34 bytes=40948
2026-03-14 03:09:45.522 edge /static/style.css status=502 upstream=B rt_ms=211 bytes=35123
2026-03-14 03:09:46.618 edge /api/orders status=200 upstream=B rt_ms=214 bytes=17325
2026-03-14 03:09:48.819 edge / status=200 upstream=B rt_ms=95 bytes=38323
2026-03-14 03:09:54.090 edge / status=502 upstream=B rt_ms=169 bytes=35400
2026-03-14 03:09:56.072 edge /healthz status=200 upstream=B rt_ms=183 bytes=14632
2026-03-14 03:09:56.186 edge /api/orders status=200 upstream=B rt_ms=83 bytes=27476
2026-03-14 03:09:56.474 edge /healthz status=502 upstream=B rt_ms=360 bytes=21508
2026-03-14 03:09:56.809 edge / status=502 upstream=B rt_ms=148 bytes=7290
2026-03-14 03:09:56.931 edge /healthz status=200 upstream=B rt_ms=60 bytes=9141
2026-03-14 03:09:57.452 edge /api/events status=404 upstream=B rt_ms=180 bytes=21040
2026-03-14 03:09:58.142 edge /healthz status=200 upstream=B rt_ms=126 bytes=34570
2026-03-14 03:09:58.987 edge /static/style.css status=502 upstream=B rt_ms=175 bytes=22744
2026-03-14 03:09:59.448 edge /api/orders status=502 upstream=B rt_ms=5 bytes=27492
2026-03-14 03:09:59.751 edge /healthz status=200 upstream=B rt_ms=218 bytes=40719
2026-03-14 03:09:59.935 edge / status=200 upstream=B rt_ms=387 bytes=9835
2026-03-14 03:10:00.338 edge /static/style.css status=502 upstream=B rt_ms=67 bytes=15943
2026-03-14 03:10:01.970 edge /api/orders status=502 upstream=B rt_ms=298 bytes=28063
2026-03-14 03:10:02.248 edge /healthz status=502 upstream=B rt_ms=382 bytes=38706
2026-03-14 03:10:04.001 edge / status=502 upstream=B rt_ms=241 bytes=15163
2026-03-14 03:10:04.075 edge /static/style.css status=502 upstream=B rt_ms=239 bytes=41128
2026-03-14 03:10:05.582 edge /static/style.css status=200 upstream=B rt_ms=175 bytes=10571
2026-03-14 03:10:06.902 edge /healthz status=502 upstream=B rt_ms=20 bytes=24750
2026-03-14 03:10:11.656 edge / status=502 upstream=B rt_ms=40 bytes=13336
2026-03-14 03:10:14.459 edge /api/events status=502 upstream=B rt_ms=328 bytes=16485
2026-03-14 03:10:15.127 edge /api/orders status=502 upstream=B rt_ms=92 bytes=16761
2026-03-14 03:10:15.495 edge /healthz status=200 upstream=B rt_ms=309 bytes=4364
2026-03-14 03:10:15.952 edge /static/style.css status=502 upstream=B rt_ms=162 bytes=11219
2026-03-14 03:10:17.743 edge /static/style.css status=200 upstream=B rt_ms=274 bytes=31156
2026-03-14 03:10:18.351 edge /static/style.css status=502 upstream=B rt_ms=89 bytes=33579
2026-03-14 03:10:18.960 edge /static/style.css status=200 upstream=B rt_ms=353 bytes=8144
2026-03-14 03:10:19.602 edge /api/orders status=200 upstream=B rt_ms=312 bytes=37046
2026-03-14 03:10:21.986 edge /api/events status=200 upstream=B rt_ms=154 bytes=567
2026-03-14 03:10:22.615 edge /healthz status=200 upstream=B rt_ms=289 bytes=3147
2026-03-14 03:10:23.733 edge /healthz status=502 upstream=B rt_ms=384 bytes=2489
2026-03-14 03:10:24.258 edge /api/events status=200 upstream=B rt_ms=101 bytes=31173
2026-03-14 03:10:24.504 edge /api/orders status=200 upstream=B rt_ms=197 bytes=38112
2026-03-14 03:10:25.297 edge /healthz status=502 upstream=B rt_ms=252 bytes=12468
2026-03-14 03:10:27.057 edge / status=502 upstream=B rt_ms=198 bytes=36409
2026-03-14 03:10:27.299 edge /api/events status=502 upstream=B rt_ms=63 bytes=26311
2026-03-14 03:10:27.644 edge /api/orders status=502 upstream=B rt_ms=91 bytes=33836
2026-03-14 03:10:29.198 edge /healthz status=502 upstream=B rt_ms=307 bytes=20120
2026-03-14 03:10:29.262 edge /api/events status=200 upstream=B rt_ms=40 bytes=33581
2026-03-14 03:10:29.350 edge /healthz status=404 upstream=B rt_ms=396 bytes=19744
2026-03-14 03:10:30.876 edge /api/orders status=200 upstream=B rt_ms=395 bytes=26408
2026-03-14 03:10:31.446 edge /api/events status=200 upstream=B rt_ms=48 bytes=1456
2026-03-14 03:10:33.095 edge /static/style.css status=200 upstream=B rt_ms=105 bytes=10758
2026-03-14 03:10:33.747 edge /api/orders status=200 upstream=B rt_ms=313 bytes=36228
2026-03-14 03:10:34.003 edge /healthz status=502 upstream=B rt_ms=386 bytes=23272
2026-03-14 03:10:34.862 edge /static/style.css status=500 upstream=B rt_ms=37 bytes=11835
2026-03-14 03:10:36.349 edge / status=200 upstream=B rt_ms=143 bytes=21342
2026-03-14 03:10:36.650 edge /api/orders status=200 upstream=B rt_ms=343 bytes=33522
2026-03-14 03:10:38.006 edge /api/events status=502 upstream=B rt_ms=379 bytes=16773
2026-03-14 03:10:38.034 edge /static/style.css status=200 upstream=B rt_ms=386 bytes=3403
2026-03-14 03:10:38.290 edge /healthz status=200 upstream=B rt_ms=356 bytes=9266
2026-03-14 03:10:39.643 edge /static/style.css status=200 upstream=B rt_ms=132 bytes=39959
2026-03-14 03:10:39.881 edge /api/orders status=502 upstream=B rt_ms=75 bytes=37392
2026-03-14 03:10:42.415 edge /static/style.css status=502 upstream=B rt_ms=363 bytes=16048
2026-03-14 03:10:43.350 edge / status=200 upstream=B rt_ms=237 bytes=30887
2026-03-14 03:10:43.654 edge / status=500 upstream=B rt_ms=371 bytes=28644
2026-03-14 03:10:44.901 edge /healthz status=200 upstream=B rt_ms=73 bytes=31031
2026-03-14 03:10:44.946 edge /healthz status=500 upstream=B rt_ms=221 bytes=11503
2026-03-14 03:10:45.820 edge /api/orders status=502 upstream=B rt_ms=156 bytes=15177
2026-03-14 03:10:46.214 edge /api/events status=502 upstream=B rt_ms=343 bytes=35049
2026-03-14 03:10:46.476 edge / status=200 upstream=B rt_ms=12 bytes=39701
2026-03-14 03:10:48.022 edge /api/orders status=502 upstream=B rt_ms=34 bytes=7185
2026-03-14 03:10:50.746 edge /healthz status=502 upstream=B rt_ms=145 bytes=38804
2026-03-14 03:10:52.100 edge /api/orders status=200 upstream=B rt_ms=95 bytes=17701
2026-03-14 03:10:53.640 edge /api/orders status=200 upstream=B rt_ms=150 bytes=23400
2026-03-14 03:10:53.650 edge /api/orders status=200 upstream=B rt_ms=378 bytes=22557
2026-03-14 03:10:56.693 edge /static/style.css status=502 upstream=B rt_ms=125 bytes=14409
2026-03-14 03:10:57.663 edge /api/orders status=502 upstream=B rt_ms=265 bytes=12167
2026-03-14 03:10:58.052 edge /healthz status=404 upstream=B rt_ms=187 bytes=17887
2026-03-14 03:10:58.105 edge /healthz status=200 upstream=B rt_ms=213 bytes=25712
2026-03-14 03:10:59.083 edge / status=200 upstream=B rt_ms=105 bytes=27949
2026-03-14 03:10:59.095 edge /static/style.css status=200 upstream=B rt_ms=125 bytes=10976
2026-03-14 03:10:59.282 edge /api/orders status=200 upstream=B rt_ms=295 bytes=19621
2026-03-14 03:10:59.299 edge /healthz status=200 upstream=B rt_ms=185 bytes=10494
2026-03-14 03:11:01.001 edge /api/events status=200 upstream=B rt_ms=290 bytes=29051
2026-03-14 03:11:01.932 edge /api/events status=200 upstream=B rt_ms=220 bytes=38940
2026-03-14 03:11:03.189 edge /static/style.css status=502 upstream=B rt_ms=55 bytes=9088
2026-03-14 03:11:03.927 edge /healthz status=502 upstream=B rt_ms=351 bytes=10291
2026-03-14 03:11:03.954 edge /api/events status=502 upstream=B rt_ms=385 bytes=27872
2026-03-14 03:11:05.960 edge /api/events status=200 upstream=B rt_ms=19 bytes=41282
2026-03-14 03:11:06.206 edge /static/style.css status=200 upstream=B rt_ms=206 bytes=16439
2026-03-14 03:11:09.508 edge /healthz status=502 upstream=B rt_ms=356 bytes=14267
2026-03-14 03:11:12.624 edge /api/events status=502 upstream=B rt_ms=385 bytes=29740
2026-03-14 03:11:15.810 edge /static/style.css status=200 upstream=B rt_ms=138 bytes=19434
2026-03-14 03:11:16.010 edge /api/events status=200 upstream=B rt_ms=241 bytes=19103
2026-03-14 03:11:17.720 edge /api/orders status=502 upstream=B rt_ms=96 bytes=26764
2026-03-14 03:11:20.018 edge /api/orders status=404 upstream=B rt_ms=252 bytes=21124
2026-03-14 03:11:23.490 edge /api/orders status=200 upstream=B rt_ms=34 bytes=443
2026-03-14 03:11:24.050 edge /api/orders status=200 upstream=B rt_ms=178 bytes=37301
2026-03-14 03:11:28.360 edge / status=200 upstream=B rt_ms=326 bytes=22363
2026-03-14 03:11:28.445 edge / status=502 upstream=B rt_ms=2 bytes=31197
2026-03-14 03:11:29.095 edge /static/style.css status=502 upstream=B rt_ms=288 bytes=40986
2026-03-14 03:11:29.274 edge /static/style.css status=502 upstream=B rt_ms=372 bytes=22884
2026-03-14 03:11:30.212 edge /api/events status=502 upstream=B rt_ms=26 bytes=41881
2026-03-14 03:11:30.754 edge /healthz status=502 upstream=B rt_ms=113 bytes=26423
2026-03-14 03:11:34.657 edge / status=200 upstream=B rt_ms=122 bytes=16823
2026-03-14 03:11:35.600 edge /healthz status=200 upstream=B rt_ms=105 bytes=38713
2026-03-14 03:11:37.272 edge /static/style.css status=200 upstream=B rt_ms=290 bytes=20232
2026-03-14 03:11:38.202 edge /healthz status=500 upstream=B rt_ms=315 bytes=34416
2026-03-14 03:11:38.392 edge /api/orders status=200 upstream=B rt_ms=90 bytes=35766
2026-03-14 03:11:38.412 edge /healthz status=200 upstream=B rt_ms=112 bytes=2878
2026-03-14 03:11:43.030 edge /api/events status=200 upstream=B rt_ms=329 bytes=13012
2026-03-14 03:11:45.383 edge /static/style.css status=502 upstream=B rt_ms=369 bytes=483
2026-03-14 03:11:46.019 edge /healthz status=200 upstream=B rt_ms=354 bytes=12926
2026-03-14 03:11:47.811 edge /healthz status=200 upstream=B rt_ms=185 bytes=15252
2026-03-14 03:11:49.545 edge /api/events status=502 upstream=B rt_ms=103 bytes=25232
2026-03-14 03:11:50.081 edge /api/events status=200 upstream=B rt_ms=262 bytes=27616
2026-03-14 03:11:51.447 edge /static/style.css status=200 upstream=B rt_ms=206 bytes=20379
2026-03-14 03:11:53.768 edge /api/orders status=502 upstream=B rt_ms=389 bytes=19505
2026-03-14 03:11:54.244 edge /api/orders status=502 upstream=B rt_ms=109 bytes=32932
2026-03-14 03:11:54.532 edge /api/events status=200 upstream=B rt_ms=148 bytes=13163
2026-03-14 03:11:56.880 edge /api/orders status=200 upstream=B rt_ms=91 bytes=39826
2026-03-14 03:11:57.549 edge / status=200 upstream=B rt_ms=131 bytes=19395
2026-03-14 03:11:59.869 edge /healthz status=200 upstream=B rt_ms=80 bytes=4638
2026-03-14 03:12:02.503 edge /static/style.css status=200 upstream=B rt_ms=12 bytes=27371
2026-03-14 03:12:03.085 edge /api/events status=200 upstream=B rt_ms=68 bytes=34673
2026-03-14 03:12:03.664 edge /api/orders status=502 upstream=B rt_ms=322 bytes=12091
2026-03-14 03:12:04.093 edge / status=200 upstream=B rt_ms=116 bytes=22522
2026-03-14 03:12:04.798 edge /static/style.css status=200 upstream=B rt_ms=59 bytes=5600
2026-03-14 03:12:05.163 edge /api/orders status=200 upstream=B rt_ms=105 bytes=33848
2026-03-14 03:12:07.329 edge /static/style.css status=502 upstream=B rt_ms=85 bytes=18694
2026-03-14 03:12:10.131 edge /healthz status=502 upstream=B rt_ms=124 bytes=35669
2026-03-14 03:12:10.388 edge /api/orders status=502 upstream=B rt_ms=386 bytes=40611
2026-03-14 03:12:11.332 edge /api/events status=200 upstream=B rt_ms=90 bytes=3776
2026-03-14 03:12:14.285 edge /api/events status=500 upstream=B rt_ms=380 bytes=33896
2026-03-14 03:12:15.464 edge /healthz status=502 upstream=B rt_ms=397 bytes=559
2026-03-14 03:12:15.521 edge / status=502 upstream=B rt_ms=316 bytes=35533
2026-03-14 03:12:18.652 edge / status=200 upstream=B rt_ms=71 bytes=10867
2026-03-14 03:12:20.826 edge /healthz status=502 upstream=B rt_ms=242 bytes=6259
2026-03-14 03:12:21.379 edge / status=200 upstream=B rt_ms=36 bytes=22210
2026-03-14 03:12:22.371 edge /api/orders status=200 upstream=B rt_ms=383 bytes=23765
2026-03-14 03:12:23.998 edge /static/style.css status=200 upstream=B rt_ms=382 bytes=27064
2026-03-14 03:12:25.410 edge /static/style.css status=404 upstream=B rt_ms=392 bytes=25550
2026-03-14 03:12:25.796 edge /healthz status=200 upstream=B rt_ms=52 bytes=11626
2026-03-14 03:12:26.131 edge /healthz status=200 upstream=B rt_ms=314 bytes=33874
2026-03-14 03:12:30.621 edge /healthz status=200 upstream=B rt_ms=325 bytes=18475
2026-03-14 03:12:32.862 edge /healthz status=200 upstream=B rt_ms=50 bytes=5978
2026-03-14 03:12:34.139 edge /api/events status=502 upstream=B rt_ms=375 bytes=3198
2026-03-14 03:12:34.734 edge /api/events status=502 upstream=B rt_ms=200 bytes=35830
2026-03-14 03:12:36.176 edge /api/orders status=502 upstream=B rt_ms=87 bytes=7100
2026-03-14 03:12:36.324 edge /static/style.css status=200 upstream=B rt_ms=235 bytes=9014
2026-03-14 03:12:37.073 edge /api/events status=200 upstream=B rt_ms=345 bytes=2333
2026-03-14 03:12:38.155 edge /api/events status=404 upstream=B rt_ms=300 bytes=12240
2026-03-14 03:12:38.960 edge / status=500 upstream=B rt_ms=307 bytes=41927
2026-03-14 03:12:40.547 edge /api/events status=200 upstream=B rt_ms=73 bytes=39727
2026-03-14 03:12:41.287 edge / status=502 upstream=B rt_ms=141 bytes=27220
2026-03-14 03:12:42.162 edge / status=200 upstream=B rt_ms=383 bytes=17793
2026-03-14 03:12:42.452 edge /static/style.css status=502 upstream=B rt_ms=56 bytes=10159
2026-03-14 03:12:43.171 edge /static/style.css status=502 upstream=B rt_ms=310 bytes=14392
2026-03-14 03:12:44.534 edge /api/events status=200 upstream=B rt_ms=131 bytes=34322
2026-03-14 03:12:44.678 edge /static/style.css status=500 upstream=B rt_ms=214 bytes=8023
2026-03-14 03:12:46.834 edge /api/events status=502 upstream=B rt_ms=279 bytes=14635
2026-03-14 03:12:48.192 edge /api/events status=404 upstream=B rt_ms=226 bytes=31007
2026-03-14 03:12:48.854 edge /api/events status=200 upstream=B rt_ms=170 bytes=36415
2026-03-14 03:12:49.140 edge /api/events status=502 upstream=B rt_ms=275 bytes=13526
2026-03-14 03:12:49.478 edge /healthz status=200 upstream=B rt_ms=224 bytes=29199
2026-03-14 03:12:49.994 edge /healthz status=200 upstream=B rt_ms=271 bytes=18259
2026-03-14 03:12:50.007 edge /api/orders status=502 upstream=B rt_ms=198 bytes=20653
2026-03-14 03:12:50.665 edge / status=200 upstream=B rt_ms=106 bytes=40251
2026-03-14 03:12:53.692 edge /api/orders status=200 upstream=B rt_ms=66 bytes=19964
2026-03-14 03:12:53.731 edge / status=200 upstream=B rt_ms=160 bytes=15979
2026-03-14 03:12:53.946 edge /api/events status=200 upstream=B rt_ms=320 bytes=38438
2026-03-14 03:12:56.760 edge /healthz status=200 upstream=B rt_ms=357 bytes=35906
2026-03-14 03:12:57.200 edge /static/style.css status=200 upstream=B rt_ms=204 bytes=29833
2026-03-14 03:12:58.189 edge /static/style.css status=200 upstream=B rt_ms=8 bytes=4391
2026-03-14 03:12:58.588 edge /api/events status=200 upstream=B rt_ms=109 bytes=5679
2026-03-14 03:12:59.034 edge /api/orders status=200 upstream=B rt_ms=232 bytes=4256
2026-03-14 03:12:59.275 edge /api/events status=502 upstream=B rt_ms=389 bytes=38915
2026-03-14 03:12:59.627 edge / status=200 upstream=B rt_ms=298 bytes=12696
2026-03-14 03:12:59.989 edge / status=200 upstream=B rt_ms=37 bytes=3965
2026-03-14 03:13:00.040 edge / status=502 upstream=B rt_ms=162 bytes=21122
2026-03-14 03:13:01.911 edge /api/events status=200 upstream=B rt_ms=117 bytes=579
2026-03-14 03:13:02.030 edge /healthz status=502 upstream=B rt_ms=322 bytes=5055
2026-03-14 03:13:04.081 edge /healthz status=200 upstream=B rt_ms=203 bytes=18178
2026-03-14 03:13:04.458 edge /api/events status=404 upstream=B rt_ms=367 bytes=15865
2026-03-14 03:13:04.609 edge /static/style.css status=200 upstream=B rt_ms=25 bytes=30460
2026-03-14 03:13:04.793 edge /healthz status=200 upstream=B rt_ms=258 bytes=40820
2026-03-14 03:13:05.534 edge /api/events status=200 upstream=B rt_ms=197 bytes=10506
2026-03-14 03:13:05.823 edge /api/orders status=502 upstream=B rt_ms=60 bytes=30629
2026-03-14 03:13:09.880 edge /api/events status=502 upstream=B rt_ms=10 bytes=25107
2026-03-14 03:13:11.376 edge /api/orders status=502 upstream=B rt_ms=381 bytes=41384
2026-03-14 03:13:13.001 edge /api/orders status=200 upstream=B rt_ms=250 bytes=16060
2026-03-14 03:13:13.004 edge /static/style.css status=404 upstream=B rt_ms=14 bytes=27513
2026-03-14 03:13:13.872 edge /api/events status=502 upstream=B rt_ms=398 bytes=31792
2026-03-14 03:13:14.065 edge /api/events status=200 upstream=B rt_ms=305 bytes=37333
2026-03-14 03:13:15.360 edge /static/style.css status=502 upstream=B rt_ms=336 bytes=9365
2026-03-14 03:13:16.760 edge /healthz status=200 upstream=B rt_ms=15 bytes=37358
2026-03-14 03:13:17.269 edge /api/orders status=200 upstream=B rt_ms=268 bytes=31593
2026-03-14 03:13:17.645 edge /healthz status=200 upstream=B rt_ms=110 bytes=8742
2026-03-14 03:13:18.071 edge /static/style.css status=502 upstream=B rt_ms=16 bytes=24565
2026-03-14 03:13:20.856 edge /api/events status=502 upstream=B rt_ms=318 bytes=10049
2026-03-14 03:13:21.674 edge /api/orders status=200 upstream=B rt_ms=153 bytes=7477
2026-03-14 03:13:21.998 edge / status=502 upstream=B rt_ms=255 bytes=25306
2026-03-14 03:13:22.492 edge /api/orders status=200 upstream=B rt_ms=379 bytes=16665
2026-03-14 03:13:22.586 edge /api/orders status=502 upstream=B rt_ms=22 bytes=28797
2026-03-14 03:13:23.188 edge / status=500 upstream=B rt_ms=29 bytes=28377
2026-03-14 03:13:25.557 edge /api/events status=200 upstream=B rt_ms=217 bytes=40549
2026-03-14 03:13:25.647 edge /healthz status=200 upstream=B rt_ms=58 bytes=8968
2026-03-14 03:13:25.932 edge /api/events status=502 upstream=B rt_ms=85 bytes=1395
2026-03-14 03:13:28.154 edge /api/events status=502 upstream=B rt_ms=39 bytes=30356
2026-03-14 03:13:28.747 edge /static/style.css status=502 upstream=B rt_ms=349 bytes=1772
2026-03-14 03:13:28.755 edge /static/style.css status=200 upstream=B rt_ms=190 bytes=23642
2026-03-14 03:13:28.762 edge /healthz status=502 upstream=B rt_ms=192 bytes=17639
2026-03-14 03:13:29.988 edge /api/events status=200 upstream=B rt_ms=176 bytes=23796
2026-03-14 03:13:30.278 edge /api/orders status=200 upstream=B rt_ms=199 bytes=1611
2026-03-14 03:13:30.389 edge / status=502 upstream=B rt_ms=348 bytes=16159
2026-03-14 03:13:31.250 edge /healthz status=200 upstream=B rt_ms=38 bytes=3771
2026-03-14 03:13:32.408 edge /api/events status=200 upstream=B rt_ms=80 bytes=696
2026-03-14 03:13:32.786 edge /api/events status=200 upstream=B rt_ms=204 bytes=41094
2026-03-14 03:13:33.478 edge /api/orders status=200 upstream=B rt_ms=299 bytes=41955
2026-03-14 03:13:34.552 edge /api/orders status=502 upstream=B rt_ms=261 bytes=18618
2026-03-14 03:13:34.993 edge / status=200 upstream=B rt_ms=236 bytes=11322
2026-03-14 03:13:35.414 edge /api/orders status=502 upstream=B rt_ms=249 bytes=25272
2026-03-14 03:13:35.834 edge /api/events status=502 upstream=B rt_ms=292 bytes=31861
2026-03-14 03:13:36.415 edge /api/orders status=502 upstream=B rt_ms=75 bytes=40400
2026-03-14 03:13:37.197 edge /api/orders status=502 upstream=B rt_ms=146 bytes=23173
2026-03-14 03:13:37.409 edge /healthz status=200 upstream=B rt_ms=303 bytes=17453
2026-03-14 03:13:38.658 edge /healthz status=200 upstream=B rt_ms=114 bytes=27981
2026-03-14 03:13:39.560 edge /api/orders status=502 upstream=B rt_ms=42 bytes=6043
2026-03-14 03:13:40.200 edge /api/events status=502 upstream=B rt_ms=110 bytes=6467
2026-03-14 03:13:40.522 edge /api/events status=200 upstream=B rt_ms=44 bytes=37023
2026-03-14 03:13:40.531 edge /api/orders status=502 upstream=B rt_ms=330 bytes=38646
2026-03-14 03:13:41.615 edge /static/style.css status=404 upstream=B rt_ms=288 bytes=35480
2026-03-14 03:13:44.490 edge /api/events status=502 upstream=B rt_ms=367 bytes=33348
2026-03-14 03:13:44.641 edge /api/orders status=500 upstream=B rt_ms=202 bytes=36511
2026-03-14 03:13:46.318 edge / status=200 upstream=B rt_ms=230 bytes=26153
2026-03-14 03:13:46.480 edge /api/events status=200 upstream=B rt_ms=66 bytes=18677
2026-03-14 03:13:47.176 edge / status=502 upstream=B rt_ms=171 bytes=27498
2026-03-14 03:13:47.374 edge /healthz status=200 upstream=B rt_ms=368 bytes=21170
2026-03-14 03:13:47.441 edge /static/style.css status=200 upstream=B rt_ms=129 bytes=26223
2026-03-14 03:13:49.262 edge /api/orders status=200 upstream=B rt_ms=276 bytes=16722
2026-03-14 03:13:49.896 edge /static/style.css status=200 upstream=B rt_ms=139 bytes=35690
2026-03-14 03:13:49.899 edge /static/style.css status=200 upstream=B rt_ms=76 bytes=25587
2026-03-14 03:13:50.028 edge /static/style.css status=200 upstream=B rt_ms=245 bytes=16144
2026-03-14 03:13:50.122 edge /api/events status=200 upstream=B rt_ms=116 bytes=8445
2026-03-14 03:13:51.045 edge / status=200 upstream=B rt_ms=198 bytes=20542
2026-03-14 03:13:53.677 edge /api/events status=502 upstream=B rt_ms=289 bytes=32668
2026-03-14 03:13:53.927 edge / status=200 upstream=B rt_ms=205 bytes=29174
2026-03-14 03:13:53.957 edge /api/events status=502 upstream=B rt_ms=61 bytes=34211
2026-03-14 03:13:53.986 edge /api/orders status=502 upstream=B rt_ms=249 bytes=15502
2026-03-14 03:13:56.019 edge /static/style.css status=200 upstream=B rt_ms=33 bytes=28072
2026-03-14 03:13:56.478 edge /static/style.css status=502 upstream=B rt_ms=347 bytes=15935
2026-03-14 03:13:56.664 edge /api/events status=502 upstream=B rt_ms=344 bytes=33039
2026-03-14 03:13:59.430 edge /api/events status=502 upstream=B rt_ms=345 bytes=17845
2026-03-14 03:13:59.614 edge / status=200 upstream=B rt_ms=156 bytes=25110
2026-03-14 03:14:00.720 edge /api/orders status=502 upstream=B rt_ms=21 bytes=6199
2026-03-14 03:14:01.245 edge /static/style.css status=500 upstream=B rt_ms=343 bytes=36041
2026-03-14 03:14:03.471 edge /api/events status=200 upstream=B rt_ms=244 bytes=24498
2026-03-14 03:14:04.033 edge / status=200 upstream=B rt_ms=154 bytes=23572
2026-03-14 03:14:04.388 edge /api/orders status=502 upstream=B rt_ms=98 bytes=29637
2026-03-14 03:14:05.978 edge /api/orders status=502 upstream=B rt_ms=301 bytes=21227
2026-03-14 03:14:06.423 edge /api/orders status=200 upstream=B rt_ms=183 bytes=2801
2026-03-14 03:14:06.850 edge /api/orders status=200 upstream=B rt_ms=131 bytes=24829
2026-03-14 03:14:06.914 edge /api/events status=200 upstream=B rt_ms=84 bytes=7369
2026-03-14 03:14:09.993 edge /healthz status=502 upstream=B rt_ms=340 bytes=13523
2026-03-14 03:14:11.595 edge / status=502 upstream=B rt_ms=95 bytes=22135
2026-03-14 03:14:12.625 edge /api/orders status=200 upstream=B rt_ms=127 bytes=2895
2026-03-14 03:14:13.057 edge / status=502 upstream=B rt_ms=61 bytes=14612
2026-03-14 03:14:13.216 edge /api/events status=200 upstream=B rt_ms=192 bytes=37474
2026-03-14 03:14:13.693 edge /api/orders status=502 upstream=B rt_ms=115 bytes=23979
2026-03-14 03:14:14.385 edge /static/style.css status=502 upstream=B rt_ms=31 bytes=27913
2026-03-14 03:14:14.946 edge /api/orders status=200 upstream=B rt_ms=396 bytes=34634
2026-03-14 03:14:15.270 edge /static/style.css status=200 upstream=B rt_ms=121 bytes=28919
2026-03-14 03:14:15.731 edge /api/orders status=200 upstream=B rt_ms=118 bytes=32901
2026-03-14 03:14:17.250 edge /api/events status=200 upstream=B rt_ms=278 bytes=27019
2026-03-14 03:14:17.322 edge /static/style.css status=502 upstream=B rt_ms=171 bytes=29782
2026-03-14 03:14:21.098 edge /api/events status=500 upstream=B rt_ms=218 bytes=13828
2026-03-14 03:14:22.267 edge /api/events status=502 upstream=B rt_ms=126 bytes=24249
2026-03-14 03:14:25.086 edge / status=502 upstream=B rt_ms=225 bytes=41074
2026-03-14 03:14:28.046 edge /api/orders status=502 upstream=B rt_ms=238 bytes=34286
2026-03-14 03:14:28.433 edge /api/events status=200 upstream=B rt_ms=136 bytes=33501
2026-03-14 03:14:28.913 edge /healthz status=200 upstream=B rt_ms=199 bytes=30318
2026-03-14 03:14:29.747 edge /api/orders status=502 upstream=B rt_ms=18 bytes=22265
2026-03-14 03:14:31.248 edge /api/events status=502 upstream=B rt_ms=227 bytes=19866
2026-03-14 03:14:34.030 edge / status=500 upstream=B rt_ms=32 bytes=13997
2026-03-14 03:14:34.303 edge /static/style.css status=502 upstream=B rt_ms=128 bytes=28120
2026-03-14 03:14:34.575 edge /healthz status=502 upstream=B rt_ms=356 bytes=8637
2026-03-14 03:14:35.101 edge /api/orders status=502 upstream=B rt_ms=64 bytes=11725
2026-03-14 03:14:36.088 edge /static/style.css status=200 upstream=B rt_ms=135 bytes=17978
2026-03-14 03:14:36.957 edge / status=502 upstream=B rt_ms=302 bytes=1477
2026-03-14 03:14:37.411 edge /static/style.css status=502 upstream=B rt_ms=65 bytes=3350
2026-03-14 03:14:40.214 edge /api/orders status=500 upstream=B rt_ms=224 bytes=39082
2026-03-14 03:14:40.307 edge / status=502 upstream=B rt_ms=163 bytes=37376
2026-03-14 03:14:41.090 edge /api/orders status=502 upstream=B rt_ms=298 bytes=9722
2026-03-14 03:14:42.192 edge /api/events status=200 upstream=B rt_ms=232 bytes=36319
2026-03-14 03:14:42.297 edge /api/orders status=200 upstream=B rt_ms=57 bytes=25108
2026-03-14 03:14:42.626 edge /static/style.css status=200 upstream=B rt_ms=384 bytes=5205
2026-03-14 03:14:45.919 edge /api/orders status=200 upstream=B rt_ms=45 bytes=2707
2026-03-14 03:14:47.357 edge /static/style.css status=502 upstream=B rt_ms=52 bytes=3718
2026-03-14 03:14:47.417 edge /api/events status=502 upstream=B rt_ms=147 bytes=37531
2026-03-14 03:14:48.008 edge /api/orders status=502 upstream=B rt_ms=281 bytes=11934
2026-03-14 03:14:52.922 edge /healthz status=502 upstream=B rt_ms=41 bytes=15366
2026-03-14 03:14:54.413 edge /api/events status=200 upstream=B rt_ms=123 bytes=41869
2026-03-14 03:14:58.319 edge /healthz status=502 upstream=B rt_ms=126 bytes=11976
2026-03-14 03:14:58.673 edge /api/events status=502 upstream=B rt_ms=19 bytes=32130
2026-03-14 03:14:59.298 edge /api/events status=200 upstream=B rt_ms=227 bytes=17916
2026-03-14 03:14:59.856 edge / status=200 upstream=B rt_ms=364 bytes=30880
2026-03-14 03:15:00.460 edge /api/events status=200 upstream=B rt_ms=269 bytes=31006
2026-03-14 03:15:00.645 edge /api/events status=200 upstream=B rt_ms=278 bytes=23895
2026-03-14 03:15:02.373 edge / status=502 upstream=B rt_ms=295 bytes=1707
2026-03-14 03:15:02.764 edge /api/orders status=502 upstream=B rt_ms=240 bytes=10066
2026-03-14 03:15:02.898 edge / status=502 upstream=B rt_ms=25 bytes=6668
2026-03-14 03:15:03.106 edge / status=500 upstream=B rt_ms=77 bytes=29776
2026-03-14 03:15:03.461 edge /api/events status=200 upstream=B rt_ms=30 bytes=13509
2026-03-14 03:15:08.026 edge /static/style.css status=404 upstream=B rt_ms=100 bytes=13815
2026-03-14 03:15:08.591 edge /api/events status=200 upstream=B rt_ms=93 bytes=34314
2026-03-14 03:15:09.791 edge /static/style.css status=200 upstream=B rt_ms=36 bytes=35497
2026-03-14 03:15:11.622 edge /api/events status=200 upstream=B rt_ms=350 bytes=2501
2026-03-14 03:15:11.759 edge /static/style.css status=200 upstream=B rt_ms=100 bytes=5804
2026-03-14 03:15:12.454 edge /api/orders status=200 upstream=B rt_ms=223 bytes=31040
2026-03-14 03:15:14.760 edge /api/orders status=502 upstream=B rt_ms=53 bytes=20218
2026-03-14 03:15:17.085 edge /static/style.css status=200 upstream=B rt_ms=75 bytes=20528
2026-03-14 03:15:17.306 edge / status=500 upstream=B rt_ms=321 bytes=11323
2026-03-14 03:15:17.515 edge /healthz status=200 upstream=B rt_ms=242 bytes=10156
2026-03-14 03:15:18.035 edge /healthz status=502 upstream=B rt_ms=99 bytes=18796
2026-03-14 03:15:22.947 edge / status=502 upstream=B rt_ms=309 bytes=17772
2026-03-14 03:15:24.290 edge /api/events status=200 upstream=B rt_ms=72 bytes=9527
2026-03-14 03:15:25.246 edge /static/style.css status=502 upstream=B rt_ms=192 bytes=27598
2026-03-14 03:15:25.631 edge / status=200 upstream=B rt_ms=90 bytes=21981
2026-03-14 03:15:25.845 edge /healthz status=200 upstream=B rt_ms=24 bytes=4349
2026-03-14 03:15:26.350 edge /healthz status=200 upstream=B rt_ms=304 bytes=14661
2026-03-14 03:15:26.354 edge /api/orders status=502 upstream=B rt_ms=69 bytes=34917
2026-03-14 03:15:26.551 edge / status=502 upstream=B rt_ms=353 bytes=34097
2026-03-14 03:15:26.655 edge /api/events status=200 upstream=B rt_ms=257 bytes=21087
2026-03-14 03:15:27.291 edge /static/style.css status=404 upstream=B rt_ms=50 bytes=8229
2026-03-14 03:15:28.765 edge /api/orders status=502 upstream=B rt_ms=108 bytes=41625
2026-03-14 03:15:28.980 edge /api/orders status=200 upstream=B rt_ms=259 bytes=7347
2026-03-14 03:15:31.283 edge / status=502 upstream=B rt_ms=10 bytes=9076
2026-03-14 03:15:31.328 edge /api/events status=502 upstream=B rt_ms=62 bytes=37989
2026-03-14 03:15:32.620 edge /static/style.css status=200 upstream=B rt_ms=227 bytes=40853
2026-03-14 03:15:32.813 edge /healthz status=502 upstream=B rt_ms=172 bytes=39442
2026-03-14 03:15:35.631 edge / status=200 upstream=B rt_ms=64 bytes=32912
2026-03-14 03:15:36.410 edge /healthz status=502 upstream=B rt_ms=84 bytes=34790
2026-03-14 03:15:38.719 edge / status=200 upstream=B rt_ms=30 bytes=33305
2026-03-14 03:15:41.829 edge /healthz status=200 upstream=B rt_ms=167 bytes=17804
2026-03-14 03:15:44.651 edge /api/events status=200 upstream=B rt_ms=170 bytes=40687
2026-03-14 03:15:45.425 edge /static/style.css status=200 upstream=B rt_ms=202 bytes=18208
2026-03-14 03:15:45.433 edge / status=502 upstream=B rt_ms=18 bytes=7165
2026-03-14 03:15:45.570 edge /api/orders status=502 upstream=B rt_ms=173 bytes=17977
2026-03-14 03:15:45.769 edge /api/events status=200 upstream=B rt_ms=392 bytes=24768
2026-03-14 03:15:46.314 edge /healthz status=502 upstream=B rt_ms=374 bytes=29463
2026-03-14 03:15:46.471 edge / status=200 upstream=B rt_ms=253 bytes=33426
2026-03-14 03:15:47.668 edge /healthz status=200 upstream=B rt_ms=167 bytes=10510
2026-03-14 03:15:49.000 edge /api/events status=502 upstream=B rt_ms=360 bytes=30848
2026-03-14 03:15:49.250 edge /static/style.css status=200 upstream=B rt_ms=385 bytes=3789
2026-03-14 03:15:50.971 edge /static/style.css status=200 upstream=B rt_ms=346 bytes=25352
2026-03-14 03:15:51.153 edge /static/style.css status=502 upstream=B rt_ms=71 bytes=40289
2026-03-14 03:15:51.195 edge /api/events status=502 upstream=B rt_ms=145 bytes=19529
2026-03-14 03:15:51.463 edge /api/orders status=404 upstream=B rt_ms=330 bytes=10351
2026-03-14 03:15:51.481 edge /healthz status=200 upstream=B rt_ms=34 bytes=3325
2026-03-14 03:15:52.364 edge /static/style.css status=502 upstream=B rt_ms=159 bytes=23982
2026-03-14 03:15:53.346 edge /static/style.css status=502 upstream=B rt_ms=157 bytes=18335
2026-03-14 03:15:53.385 edge /static/style.css status=502 upstream=B rt_ms=97 bytes=15593
2026-03-14 03:15:54.938 edge /static/style.css status=502 upstream=B rt_ms=264 bytes=23873
2026-03-14 03:15:55.263 edge /api/orders status=200 upstream=B rt_ms=112 bytes=21552
2026-03-14 03:15:55.556 edge / status=200 upstream=B rt_ms=65 bytes=38353
2026-03-14 03:15:56.968 edge /healthz status=502 upstream=B rt_ms=81 bytes=11191
2026-03-14 03:15:57.659 edge / status=200 upstream=B rt_ms=313 bytes=1342
2026-03-14 03:15:57.710 edge /api/orders status=200 upstream=B rt_ms=374 bytes=1874
2026-03-14 03:15:59.581 edge /healthz status=200 upstream=B rt_ms=26 bytes=22762
2026-03-14 03:16:02.878 edge / status=502 upstream=B rt_ms=237 bytes=1399
2026-03-14 03:16:05.611 edge /static/style.css status=200 upstream=B rt_ms=69 bytes=1793
2026-03-14 03:16:06.020 edge /api/orders status=502 upstream=B rt_ms=204 bytes=4950
2026-03-14 03:16:07.929 edge /api/orders status=502 upstream=B rt_ms=282 bytes=12410
2026-03-14 03:16:08.018 edge /healthz status=500 upstream=B rt_ms=52 bytes=20460
2026-03-14 03:16:08.097 edge / status=200 upstream=B rt_ms=136 bytes=2634
2026-03-14 03:16:10.531 edge /static/style.css status=502 upstream=B rt_ms=338 bytes=24873
2026-03-14 03:16:12.742 edge /api/events status=200 upstream=B rt_ms=396 bytes=17263
2026-03-14 03:16:14.401 edge /static/style.css status=502 upstream=B rt_ms=335 bytes=3464
2026-03-14 03:16:15.198 edge /healthz status=502 upstream=B rt_ms=310 bytes=37049
2026-03-14 03:16:16.504 edge /api/events status=200 upstream=B rt_ms=135 bytes=246
2026-03-14 03:16:16.983 edge /api/orders status=502 upstream=B rt_ms=214 bytes=8438
2026-03-14 03:16:20.209 edge /static/style.css status=200 upstream=B rt_ms=121 bytes=19360
2026-03-14 03:16:20.288 edge /static/style.css status=502 upstream=B rt_ms=118 bytes=2896
2026-03-14 03:16:21.107 edge / status=200 upstream=B rt_ms=292 bytes=36594
2026-03-14 03:16:22.193 edge /api/events status=200 upstream=B rt_ms=226 bytes=33558
2026-03-14 03:16:24.323 edge /healthz status=200 upstream=B rt_ms=49 bytes=10382
2026-03-14 03:16:26.453 edge /api/orders status=200 upstream=B rt_ms=311 bytes=25589
2026-03-14 03:16:27.070 edge / status=404 upstream=B rt_ms=105 bytes=32779
2026-03-14 03:16:27.824 edge /static/style.css status=502 upstream=B rt_ms=308 bytes=19503
2026-03-14 03:16:28.838 edge /healthz status=200 upstream=B rt_ms=226 bytes=25641
2026-03-14 03:16:30.015 edge /static/style.css status=404 upstream=B rt_ms=348 bytes=39546
2026-03-14 03:16:30.911 edge /healthz status=502 upstream=B rt_ms=67 bytes=14916
2026-03-14 03:16:32.017 edge /api/orders status=200 upstream=B rt_ms=373 bytes=39306
2026-03-14 03:16:32.541 edge /api/events status=200 upstream=B rt_ms=263 bytes=9182
2026-03-14 03:16:33.096 edge / status=200 upstream=B rt_ms=57 bytes=37825
2026-03-14 03:16:35.229 edge /static/style.css status=500 upstream=B rt_ms=365 bytes=11811
2026-03-14 03:16:36.847 edge /healthz status=500 upstream=B rt_ms=86 bytes=11495
2026-03-14 03:16:37.789 edge / status=502 upstream=B rt_ms=16 bytes=33554
2026-03-14 03:16:38.424 edge /api/orders status=502 upstream=B rt_ms=78 bytes=38257
2026-03-14 03:16:38.911 edge /api/orders status=200 upstream=B rt_ms=363 bytes=23343
2026-03-14 03:16:39.924 edge / status=200 upstream=B rt_ms=96 bytes=5030
2026-03-14 03:16:41.756 edge /static/style.css status=200 upstream=B rt_ms=341 bytes=36900
2026-03-14 03:16:43.349 edge / status=200 upstream=B rt_ms=130 bytes=3179
2026-03-14 03:16:47.671 edge /static/style.css status=404 upstream=B rt_ms=120 bytes=27810
2026-03-14 03:16:48.389 edge / status=200 upstream=B rt_ms=193 bytes=15534
2026-03-14 03:16:48.508 edge /api/orders status=200 upstream=B rt_ms=18 bytes=31886
2026-03-14 03:16:51.435 edge / status=200 upstream=B rt_ms=389 bytes=40673
2026-03-14 03:16:51.506 edge /static/style.css status=200 upstream=B rt_ms=206 bytes=39457
2026-03-14 03:16:52.645 edge /api/events status=502 upstream=B rt_ms=167 bytes=17307
2026-03-14 03:16:52.854 edge /api/events status=200 upstream=B rt_ms=373 bytes=39099
2026-03-14 03:16:53.979 edge /api/orders status=200 upstream=B rt_ms=264 bytes=25203
2026-03-14 03:16:57.055 edge /static/style.css status=502 upstream=B rt_ms=115 bytes=34979
2026-03-14 03:16:57.555 edge /healthz status=200 upstream=B rt_ms=168 bytes=21616
2026-03-14 03:16:58.356 edge /static/style.css status=502 upstream=B rt_ms=234 bytes=24896
2026-03-14 03:16:59.053 edge /healthz status=502 upstream=B rt_ms=92 bytes=31818
2026-03-14 03:16:59.616 edge /static/style.css status=200 upstream=B rt_ms=70 bytes=369
2026-03-14 03:17:02.457 edge /api/events status=502 upstream=B rt_ms=146 bytes=12976
2026-03-14 03:17:03.017 edge /api/events status=200 upstream=B rt_ms=252 bytes=28343
2026-03-14 03:17:03.809 edge /static/style.css status=502 upstream=B rt_ms=264 bytes=5266
2026-03-14 03:17:04.343 edge /api/orders status=502 upstream=B rt_ms=60 bytes=37354
2026-03-14 03:17:06.376 edge /static/style.css status=200 upstream=B rt_ms=305 bytes=30150
2026-03-14 03:17:06.933 edge / status=502 upstream=B rt_ms=15 bytes=20514
2026-03-14 03:17:07.023 edge /api/orders status=200 upstream=B rt_ms=255 bytes=7781
2026-03-14 03:17:07.121 edge /api/orders status=200 upstream=B rt_ms=262 bytes=11123
2026-03-14 03:17:10.885 edge /static/style.css status=502 upstream=B rt_ms=386 bytes=20230
2026-03-14 03:17:11.399 edge / status=502 upstream=B rt_ms=262 bytes=20047
2026-03-14 03:17:12.066 edge /api/orders status=200 upstream=B rt_ms=398 bytes=24305
2026-03-14 03:17:12.329 edge /api/events status=502 upstream=B rt_ms=18 bytes=26355
2026-03-14 03:17:13.165 edge /static/style.css status=200 upstream=B rt_ms=149 bytes=8817
2026-03-14 03:17:13.223 edge /healthz status=502 upstream=B rt_ms=358 bytes=24047
2026-03-14 03:17:13.618 edge / status=502 upstream=B rt_ms=230 bytes=40596
2026-03-14 03:17:14.039 edge /healthz status=200 upstream=B rt_ms=39 bytes=18980
2026-03-14 03:17:16.102 edge /api/orders status=200 upstream=B rt_ms=18 bytes=22532
2026-03-14 03:17:16.913 edge /static/style.css status=200 upstream=B rt_ms=168 bytes=2477
2026-03-14 03:17:17.357 edge / status=200 upstream=B rt_ms=241 bytes=22222
2026-03-14 03:17:17.504 edge / status=200 upstream=B rt_ms=209 bytes=10652
2026-03-14 03:17:18.246 edge / status=500 upstream=B rt_ms=80 bytes=34192
2026-03-14 03:17:19.919 edge /api/orders status=200 upstream=B rt_ms=316 bytes=6692
2026-03-14 03:17:20.429 edge /static/style.css status=502 upstream=B rt_ms=357 bytes=4724
2026-03-14 03:17:20.453 edge /healthz status=502 upstream=B rt_ms=230 bytes=23583
2026-03-14 03:17:21.961 edge /static/style.css status=200 upstream=B rt_ms=182 bytes=30029
2026-03-14 03:17:22.210 edge /healthz status=502 upstream=B rt_ms=157 bytes=24191
2026-03-14 03:17:23.675 edge /api/orders status=200 upstream=B rt_ms=235 bytes=7150
2026-03-14 03:17:24.394 edge /api/events status=500 upstream=B rt_ms=374 bytes=40981
2026-03-14 03:17:25.146 edge /api/events status=200 upstream=B rt_ms=34 bytes=2585
2026-03-14 03:17:26.302 edge /healthz status=200 upstream=B rt_ms=52 bytes=40889
2026-03-14 03:17:27.547 edge / status=200 upstream=B rt_ms=36 bytes=10551
2026-03-14 03:17:27.559 edge / status=200 upstream=B rt_ms=124 bytes=31700
2026-03-14 03:17:30.037 edge /api/events status=200 upstream=B rt_ms=280 bytes=34485
2026-03-14 03:17:30.387 edge /static/style.css status=502 upstream=B rt_ms=88 bytes=27039
2026-03-14 03:17:32.225 edge / status=200 upstream=B rt_ms=346 bytes=709
2026-03-14 03:17:32.361 edge /api/orders status=404 upstream=B rt_ms=138 bytes=1548
2026-03-14 03:17:34.418 edge /healthz status=200 upstream=B rt_ms=396 bytes=23878
2026-03-14 03:17:34.520 edge /static/style.css status=200 upstream=B rt_ms=267 bytes=35516
2026-03-14 03:17:36.088 edge / status=404 upstream=B rt_ms=226 bytes=11941
2026-03-14 03:17:36.967 edge /api/orders status=200 upstream=B rt_ms=300 bytes=40287
2026-03-14 03:17:38.226 edge /static/style.css status=200 upstream=B rt_ms=45 bytes=21911
2026-03-14 03:17:38.790 edge /api/orders status=500 upstream=B rt_ms=328 bytes=10044
2026-03-14 03:17:39.544 edge /healthz status=502 upstream=B rt_ms=316 bytes=7495
2026-03-14 03:17:40.039 edge /api/orders status=502 upstream=B rt_ms=315 bytes=38527
2026-03-14 03:17:40.668 edge /api/orders status=200 upstream=B rt_ms=216 bytes=4916
2026-03-14 03:17:40.965 edge /api/orders status=200 upstream=B rt_ms=394 bytes=33483
2026-03-14 03:17:41.434 edge / status=200 upstream=B rt_ms=192 bytes=2902
2026-03-14 03:17:41.665 edge /api/orders status=200 upstream=B rt_ms=268 bytes=36994
2026-03-14 03:17:42.293 edge /healthz status=200 upstream=B rt_ms=130 bytes=29792
2026-03-14 03:17:43.019 edge /healthz status=404 upstream=B rt_ms=204 bytes=22431
2026-03-14 03:17:45.696 edge / status=200 upstream=B rt_ms=148 bytes=5136
2026-03-14 03:17:46.348 edge /api/events status=200 upstream=B rt_ms=152 bytes=25266
2026-03-14 03:17:47.007 edge /static/style.css status=200 upstream=B rt_ms=124 bytes=23595
2026-03-14 03:17:49.328 edge / status=502 upstream=B rt_ms=350 bytes=22412
2026-03-14 03:17:50.606 edge / status=200 upstream=B rt_ms=19 bytes=40340
2026-03-14 03:17:50.653 edge /static/style.css status=200 upstream=B rt_ms=395 bytes=22659
2026-03-14 03:17:51.320 edge /healthz status=200 upstream=B rt_ms=23 bytes=25715
2026-03-14 03:17:53.655 edge /api/orders status=502 upstream=B rt_ms=43 bytes=10100
2026-03-14 03:17:54.964 edge /api/events status=200 upstream=B rt_ms=150 bytes=28592
2026-03-14 03:17:55.244 edge /api/events status=200 upstream=B rt_ms=174 bytes=4209
2026-03-14 03:17:55.793 edge /api/events status=502 upstream=B rt_ms=197 bytes=32174
2026-03-14 03:17:57.430 edge /static/style.css status=502 upstream=B rt_ms=115 bytes=16673
2026-03-14 03:17:59.241 edge /static/style.css status=200 upstream=B rt_ms=392 bytes=30610
2026-03-14 03:18:01.488 edge /api/events status=200 upstream=B rt_ms=284 bytes=33747
2026-03-14 03:18:02.823 edge /healthz status=502 upstream=B rt_ms=90 bytes=28949
2026-03-14 03:18:04.479 edge /api/events status=200 upstream=B rt_ms=11 bytes=18383
2026-03-14 03:18:05.026 edge /api/orders status=200 upstream=B rt_ms=281 bytes=4224
2026-03-14 03:18:08.593 edge /static/style.css status=502 upstream=B rt_ms=241 bytes=24068
2026-03-14 03:18:09.248 edge /api/events status=502 upstream=B rt_ms=34 bytes=11573
2026-03-14 03:18:10.958 edge / status=502 upstream=B rt_ms=100 bytes=26064
2026-03-14 03:18:11.660 edge /static/style.css status=200 upstream=B rt_ms=30 bytes=32424
2026-03-14 03:18:12.506 edge / status=200 upstream=B rt_ms=334 bytes=17031
2026-03-14 03:18:16.095 edge / status=404 upstream=B rt_ms=204 bytes=40335
2026-03-14 03:18:16.408 edge /api/orders status=500 upstream=B rt_ms=296 bytes=41565
2026-03-14 03:18:17.328 edge /healthz status=200 upstream=B rt_ms=228 bytes=34334
2026-03-14 03:18:18.443 edge /healthz status=200 upstream=B rt_ms=350 bytes=11878
2026-03-14 03:18:21.162 edge /api/events status=502 upstream=B rt_ms=111 bytes=18737
2026-03-14 03:18:22.308 edge /healthz status=200 upstream=B rt_ms=312 bytes=39709
2026-03-14 03:18:22.452 edge / status=502 upstream=B rt_ms=169 bytes=37899
2026-03-14 03:18:23.257 edge /api/events status=500 upstream=B rt_ms=255 bytes=16462
2026-03-14 03:18:25.709 edge / status=502 upstream=B rt_ms=375 bytes=18140
2026-03-14 03:18:27.351 edge / status=502 upstream=B rt_ms=196 bytes=31567
2026-03-14 03:18:27.621 edge /api/orders status=200 upstream=B rt_ms=169 bytes=31043
2026-03-14 03:18:28.699 edge /api/events status=502 upstream=B rt_ms=110 bytes=40661
2026-03-14 03:18:29.161 edge /api/orders status=502 upstream=B rt_ms=166 bytes=40888
2026-03-14 03:18:29.557 edge /api/events status=502 upstream=B rt_ms=271 bytes=38162
2026-03-14 03:18:29.874 edge /healthz status=200 upstream=B rt_ms=359 bytes=33922
2026-03-14 03:18:30.570 edge /static/style.css status=502 upstream=B rt_ms=206 bytes=11653
2026-03-14 03:18:30.936 edge / status=502 upstream=B rt_ms=379 bytes=19450
2026-03-14 03:18:31.143 edge /api/orders status=200 upstream=B rt_ms=25 bytes=2815
2026-03-14 03:18:33.714 edge /api/orders status=200 upstream=B rt_ms=13 bytes=2696
2026-03-14 03:18:36.469 edge /api/events status=502 upstream=B rt_ms=15 bytes=37554
2026-03-14 03:18:37.093 edge /api/orders status=502 upstream=B rt_ms=235 bytes=35032
2026-03-14 03:18:38.362 edge /static/style.css status=502 upstream=B rt_ms=311 bytes=17780
2026-03-14 03:18:39.993 edge /api/events status=404 upstream=B rt_ms=8 bytes=26080
2026-03-14 03:18:40.584 edge /api/orders status=200 upstream=B rt_ms=304 bytes=12708
2026-03-14 03:18:44.119 edge /api/orders status=200 upstream=B rt_ms=315 bytes=38143
2026-03-14 03:18:45.888 edge /api/events status=200 upstream=B rt_ms=149 bytes=822
2026-03-14 03:18:46.120 edge /static/style.css status=200 upstream=B rt_ms=84 bytes=2455
2026-03-14 03:18:46.416 edge /static/style.css status=502 upstream=B rt_ms=204 bytes=28417
2026-03-14 03:18:46.564 edge /static/style.css status=200 upstream=B rt_ms=244 bytes=19347
2026-03-14 03:18:48.598 edge /healthz status=200 upstream=B rt_ms=189 bytes=35902
2026-03-14 03:18:51.000 edge /api/events status=200 upstream=B rt_ms=371 bytes=6471
2026-03-14 03:18:51.511 edge / status=502 upstream=B rt_ms=341 bytes=21189
2026-03-14 03:18:52.005 edge /static/style.css status=200 upstream=B rt_ms=143 bytes=28877
2026-03-14 03:18:54.283 edge / status=502 upstream=B rt_ms=305 bytes=27908
2026-03-14 03:18:57.588 edge /healthz status=200 upstream=B rt_ms=95 bytes=9714
2026-03-14 03:18:58.538 edge /static/style.css status=502 upstream=B rt_ms=180 bytes=11643
2026-03-14 03:18:58.752 edge / status=502 upstream=B rt_ms=93 bytes=26307
2026-03-14 03:19:05.179 edge /api/orders status=200 upstream=B rt_ms=285 bytes=16746
2026-03-14 03:19:07.965 edge /api/events status=502 upstream=B rt_ms=76 bytes=25081
2026-03-14 03:19:08.205 edge /static/style.css status=200 upstream=B rt_ms=309 bytes=27340
2026-03-14 03:19:11.560 edge /api/events status=200 upstream=B rt_ms=254 bytes=28379
2026-03-14 03:19:12.951 edge /static/style.css status=200 upstream=B rt_ms=312 bytes=31210
2026-03-14 03:19:13.847 edge / status=200 upstream=B rt_ms=91 bytes=32484
2026-03-14 03:19:15.684 edge /api/orders status=200 upstream=B rt_ms=144 bytes=11867
2026-03-14 03:19:15.743 edge /healthz status=200 upstream=B rt_ms=173 bytes=24066
2026-03-14 03:19:15.809 edge /api/events status=502 upstream=B rt_ms=33 bytes=3842
2026-03-14 03:19:16.240 edge /api/events status=200 upstream=B rt_ms=194 bytes=10169
2026-03-14 03:19:16.378 edge / status=200 upstream=B rt_ms=355 bytes=14749
2026-03-14 03:19:17.326 edge /api/events status=200 upstream=B rt_ms=152 bytes=33507
2026-03-14 03:19:17.379 edge /healthz status=200 upstream=B rt_ms=251 bytes=17549
2026-03-14 03:19:19.814 edge / status=502 upstream=B rt_ms=274 bytes=14419
2026-03-14 03:19:19.968 edge /api/orders status=200 upstream=B rt_ms=365 bytes=12250
2026-03-14 03:19:22.361 edge /static/style.css status=200 upstream=B rt_ms=65 bytes=32280
2026-03-14 03:19:26.866 edge /api/events status=200 upstream=B rt_ms=220 bytes=36326
2026-03-14 03:19:29.209 edge /api/events status=502 upstream=B rt_ms=147 bytes=38948
2026-03-14 03:19:29.777 edge /static/style.css status=502 upstream=B rt_ms=229 bytes=36655
2026-03-14 03:19:31.705 edge /api/orders status=200 upstream=B rt_ms=304 bytes=39824
2026-03-14 03:19:32.220 edge /api/orders status=502 upstream=B rt_ms=191 bytes=28017
2026-03-14 03:19:34.621 edge /healthz status=200 upstream=B rt_ms=161 bytes=35176
2026-03-14 03:19:35.093 edge / status=500 upstream=B rt_ms=25 bytes=2638
2026-03-14 03:19:35.382 edge /api/orders status=502 upstream=B rt_ms=163 bytes=10131
2026-03-14 03:19:36.100 edge /api/orders status=500 upstream=B rt_ms=150 bytes=26485
2026-03-14 03:19:36.864 edge /api/orders status=502 upstream=B rt_ms=218 bytes=35938
2026-03-14 03:19:37.627 edge /api/orders status=502 upstream=B rt_ms=365 bytes=15568
2026-03-14 03:19:39.889 edge /api/orders status=502 upstream=B rt_ms=371 bytes=4935
2026-03-14 03:19:44.181 edge /healthz status=200 upstream=B rt_ms=226 bytes=23276
2026-03-14 03:19:45.493 edge /healthz status=200 upstream=B rt_ms=93 bytes=17789
2026-03-14 03:19:46.564 edge / status=200 upstream=B rt_ms=327 bytes=24998
2026-03-14 03:19:47.567 edge /healthz status=502 upstream=B rt_ms=385 bytes=6553
2026-03-14 03:19:48.334 edge /api/orders status=502 upstream=B rt_ms=13 bytes=3780
2026-03-14 03:19:48.393 edge /api/events status=200 upstream=B rt_ms=97 bytes=10231
2026-03-14 03:19:48.872 edge /healthz status=200 upstream=B rt_ms=353 bytes=22092
2026-03-14 03:19:50.746 edge /api/orders status=200 upstream=B rt_ms=23 bytes=21867
2026-03-14 03:19:52.797 edge /api/orders status=200 upstream=B rt_ms=55 bytes=40220
2026-03-14 03:19:54.523 edge / status=502 upstream=B rt_ms=241 bytes=11702
2026-03-14 03:19:54.911 edge /static/style.css status=200 upstream=B rt_ms=331 bytes=39381
2026-03-14 03:19:55.676 edge /static/style.css status=502 upstream=B rt_ms=212 bytes=18557
2026-03-14 03:19:55.925 edge /static/style.css status=200 upstream=B rt_ms=383 bytes=37481
2026-03-14 03:19:57.259 edge /api/orders status=502 upstream=B rt_ms=56 bytes=23828
2026-03-14 03:20:01.802 edge / status=200 upstream=B rt_ms=261 bytes=33268
2026-03-14 03:20:01.965 edge / status=200 upstream=B rt_ms=162 bytes=31673
2026-03-14 03:20:03.428 edge /api/events status=502 upstream=B rt_ms=243 bytes=14838
2026-03-14 03:20:06.590 edge /api/orders status=200 upstream=B rt_ms=81 bytes=2147
2026-03-14 03:20:07.141 edge /static/style.css status=200 upstream=B rt_ms=309 bytes=35963
2026-03-14 03:20:08.204 edge /api/orders status=200 upstream=B rt_ms=195 bytes=32365
2026-03-14 03:20:09.825 edge /api/events status=404 upstream=B rt_ms=203 bytes=30026
2026-03-14 03:20:11.718 edge /healthz status=200 upstream=B rt_ms=99 bytes=30135
2026-03-14 03:20:12.787 edge /api/orders status=500 upstream=B rt_ms=382 bytes=18982
2026-03-14 03:20:12.916 edge /api/events status=200 upstream=B rt_ms=182 bytes=268
2026-03-14 03:20:13.086 edge /healthz status=200 upstream=B rt_ms=86 bytes=32849
2026-03-14 03:20:18.534 edge /static/style.css status=200 upstream=B rt_ms=106 bytes=10363
2026-03-14 03:20:22.124 edge /api/orders status=200 upstream=B rt_ms=187 bytes=39705
2026-03-14 03:20:24.017 edge /healthz status=502 upstream=B rt_ms=161 bytes=40838
2026-03-14 03:20:26.007 edge / status=502 upstream=B rt_ms=280 bytes=5849
2026-03-14 03:20:26.049 edge / status=200 upstream=B rt_ms=385 bytes=33907
2026-03-14 03:20:27.802 edge /api/events status=200 upstream=B rt_ms=329 bytes=6041
2026-03-14 03:20:28.393 edge / status=200 upstream=B rt_ms=287 bytes=30714
2026-03-14 03:20:30.842 edge /static/style.css status=200 upstream=B rt_ms=344 bytes=516
2026-03-14 03:20:31.078 edge /healthz status=200 upstream=B rt_ms=222 bytes=20956
2026-03-14 03:20:31.103 edge / status=200 upstream=B rt_ms=68 bytes=11238
2026-03-14 03:20:31.415 edge /api/orders status=200 upstream=B rt_ms=93 bytes=8300
2026-03-14 03:20:32.226 edge /api/events status=200 upstream=B rt_ms=264 bytes=41154
2026-03-14 03:20:33.751 edge /healthz status=200 upstream=B rt_ms=328 bytes=20598
2026-03-14 03:20:34.074 edge /healthz status=502 upstream=B rt_ms=369 bytes=40468
2026-03-14 03:20:34.484 edge /healthz status=200 upstream=B rt_ms=194 bytes=39062
2026-03-14 03:20:35.598 edge /api/orders status=502 upstream=B rt_ms=129 bytes=32234
2026-03-14 03:20:36.460 edge /static/style.css status=200 upstream=B rt_ms=163 bytes=19934
2026-03-14 03:20:37.810 edge / status=200 upstream=B rt_ms=269 bytes=12139
2026-03-14 03:20:38.448 edge /healthz status=502 upstream=B rt_ms=33 bytes=7012
2026-03-14 03:20:38.638 edge /api/events status=200 upstream=B rt_ms=215 bytes=207
2026-03-14 03:20:39.618 edge /healthz status=502 upstream=B rt_ms=319 bytes=39608
2026-03-14 03:20:40.269 edge /api/orders status=500 upstream=B rt_ms=243 bytes=7344
2026-03-14 03:20:41.129 edge /static/style.css status=502 upstream=B rt_ms=29 bytes=35090
2026-03-14 03:20:42.317 edge /static/style.css status=200 upstream=B rt_ms=227 bytes=26932
2026-03-14 03:20:42.636 edge / status=200 upstream=B rt_ms=234 bytes=3693
2026-03-14 03:20:44.609 edge /healthz status=200 upstream=B rt_ms=68 bytes=41579
2026-03-14 03:20:44.624 edge /healthz status=502 upstream=B rt_ms=209 bytes=35334
2026-03-14 03:20:44.842 edge /api/events status=200 upstream=B rt_ms=384 bytes=3942
2026-03-14 03:20:44.923 edge / status=200 upstream=B rt_ms=229 bytes=5532
2026-03-14 03:20:46.112 edge /api/orders status=200 upstream=B rt_ms=34 bytes=20668
2026-03-14 03:20:48.992 edge /api/orders status=502 upstream=B rt_ms=88 bytes=32308
2026-03-14 03:20:49.669 edge / status=200 upstream=B rt_ms=40 bytes=13242
2026-03-14 03:20:50.080 edge / status=200 upstream=B rt_ms=169 bytes=31717
2026-03-14 03:20:50.475 edge /static/style.css status=200 upstream=B rt_ms=16 bytes=5619
2026-03-14 03:20:50.515 edge /api/orders status=200 upstream=B rt_ms=353 bytes=17480
2026-03-14 03:20:51.475 edge /api/orders status=502 upstream=B rt_ms=31 bytes=34345
2026-03-14 03:20:52.538 edge /healthz status=200 upstream=B rt_ms=2 bytes=11666
2026-03-14 03:20:52.538 edge /healthz status=502 upstream=B rt_ms=104 bytes=34672
2026-03-14 03:20:54.274 edge / status=502 upstream=B rt_ms=151 bytes=25580
2026-03-14 03:20:54.980 edge /healthz status=200 upstream=B rt_ms=12 bytes=18947
2026-03-14 03:20:56.972 edge /healthz status=200 upstream=B rt_ms=227 bytes=23502
2026-03-14 03:20:57.100 edge /api/events status=500 upstream=B rt_ms=324 bytes=40958
2026-03-14 03:20:58.537 edge / status=502 upstream=B rt_ms=280 bytes=32853
2026-03-14 03:20:59.630 edge / status=502 upstream=B rt_ms=337 bytes=24068
2026-03-14 03:21:01.054 edge /api/events status=502 upstream=B rt_ms=28 bytes=2271
2026-03-14 03:21:01.115 edge /healthz status=200 upstream=B rt_ms=336 bytes=24711
2026-03-14 03:21:01.221 edge / status=200 upstream=B rt_ms=280 bytes=4261
2026-03-14 03:21:01.798 edge /api/events status=200 upstream=B rt_ms=350 bytes=31365
2026-03-14 03:21:03.225 edge /healthz status=200 upstream=B rt_ms=356 bytes=7280
2026-03-14 03:21:04.881 edge /api/events status=500 upstream=B rt_ms=339 bytes=17466
2026-03-14 03:21:05.264 edge /healthz status=200 upstream=B rt_ms=9 bytes=16642
2026-03-14 03:21:06.538 edge /api/orders status=502 upstream=B rt_ms=143 bytes=16450
2026-03-14 03:21:08.148 edge /static/style.css status=502 upstream=B rt_ms=233 bytes=36564
2026-03-14 03:21:08.424 edge /static/style.css status=500 upstream=B rt_ms=34 bytes=5175
2026-03-14 03:21:08.678 edge /api/orders status=502 upstream=B rt_ms=270 bytes=34402
2026-03-14 03:21:12.308 edge /static/style.css status=502 upstream=B rt_ms=253 bytes=1120
2026-03-14 03:21:13.455 edge /api/events status=502 upstream=B rt_ms=73 bytes=19675
2026-03-14 03:21:14.156 edge /api/events status=502 upstream=B rt_ms=373 bytes=4679
2026-03-14 03:21:17.696 edge /static/style.css status=502 upstream=B rt_ms=136 bytes=16213
2026-03-14 03:21:17.809 edge /api/orders status=502 upstream=B rt_ms=390 bytes=36242
2026-03-14 03:21:18.763 edge /api/events status=200 upstream=B rt_ms=57 bytes=25023
2026-03-14 03:21:21.507 edge / status=200 upstream=B rt_ms=102 bytes=37375
2026-03-14 03:21:24.459 edge /healthz status=502 upstream=B rt_ms=15 bytes=17390
2026-03-14 03:21:25.844 edge /healthz status=404 upstream=B rt_ms=375 bytes=30854
2026-03-14 03:21:25.861 edge /api/orders status=502 upstream=B rt_ms=35 bytes=38590
2026-03-14 03:21:29.098 edge /static/style.css status=200 upstream=B rt_ms=232 bytes=11989
2026-03-14 03:21:29.583 edge /api/events status=200 upstream=B rt_ms=255 bytes=18246
2026-03-14 03:21:32.612 edge / status=200 upstream=B rt_ms=208 bytes=10545
2026-03-14 03:21:32.819 edge /healthz status=200 upstream=B rt_ms=172 bytes=40451
2026-03-14 03:21:33.649 edge /api/events status=502 upstream=B rt_ms=125 bytes=19453
2026-03-14 03:21:34.133 edge /healthz status=502 upstream=B rt_ms=164 bytes=7543
2026-03-14 03:21:35.462 edge /static/style.css status=500 upstream=B rt_ms=134 bytes=12137
2026-03-14 03:21:37.874 edge /api/orders status=502 upstream=B rt_ms=355 bytes=8442
2026-03-14 03:21:38.199 edge /api/orders status=200 upstream=B rt_ms=129 bytes=32218
2026-03-14 03:21:40.161 edge /api/events status=200 upstream=B rt_ms=99 bytes=3503
2026-03-14 03:21:40.565 edge /healthz status=200 upstream=B rt_ms=340 bytes=9141
2026-03-14 03:21:45.409 edge /static/style.css status=200 upstream=B rt_ms=71 bytes=33771
2026-03-14 03:21:45.974 edge /healthz status=502 upstream=B rt_ms=361 bytes=3316
2026-03-14 03:21:46.136 edge /api/orders status=200 upstream=B rt_ms=138 bytes=11018
2026-03-14 03:21:46.222 edge /api/orders status=200 upstream=B rt_ms=243 bytes=12077
2026-03-14 03:21:47.012 edge /api/events status=200 upstream=B rt_ms=153 bytes=5062
2026-03-14 03:21:49.416 edge /static/style.css status=502 upstream=B rt_ms=385 bytes=8035
2026-03-14 03:21:51.797 edge /api/orders status=200 upstream=B rt_ms=333 bytes=12220
2026-03-14 03:21:53.001 edge /static/style.css status=502 upstream=B rt_ms=347 bytes=12547
2026-03-14 03:21:53.166 edge /api/orders status=200 upstream=B rt_ms=306 bytes=36123
2026-03-14 03:21:53.755 edge /api/events status=200 upstream=B rt_ms=199 bytes=41231
2026-03-14 03:21:55.111 edge /api/events status=200 upstream=B rt_ms=164 bytes=2147
2026-03-14 03:21:56.592 edge /api/orders status=200 upstream=B rt_ms=161 bytes=7153
2026-03-14 03:21:57.110 edge /static/style.css status=200 upstream=B rt_ms=124 bytes=5548
2026-03-14 03:21:57.735 edge /api/orders status=502 upstream=B rt_ms=370 bytes=7935
2026-03-14 03:21:58.950 edge /healthz status=200 upstream=B rt_ms=278 bytes=25500
2026-03-14 03:22:00.267 edge /api/events status=200 upstream=B rt_ms=125 bytes=3803
2026-03-14 03:22:00.331 edge /static/style.css status=502 upstream=B rt_ms=381 bytes=39801
2026-03-14 03:22:00.769 edge /api/orders status=200 upstream=B rt_ms=285 bytes=18377
2026-03-14 03:22:01.747 edge /static/style.css status=200 upstream=B rt_ms=209 bytes=23089
2026-03-14 03:22:02.109 edge /api/events status=404 upstream=B rt_ms=52 bytes=35444
2026-03-14 03:22:02.662 edge /api/events status=404 upstream=B rt_ms=212 bytes=34723
2026-03-14 03:22:02.690 edge /api/orders status=502 upstream=B rt_ms=113 bytes=16781
2026-03-14 03:22:05.102 edge /api/events status=502 upstream=B rt_ms=165 bytes=29179
2026-03-14 03:22:05.497 edge /static/style.css status=200 upstream=B rt_ms=53 bytes=27751
2026-03-14 03:22:07.258 edge /healthz status=200 upstream=B rt_ms=44 bytes=39624
2026-03-14 03:22:07.384 edge /api/events status=502 upstream=B rt_ms=104 bytes=7129
2026-03-14 03:22:07.543 edge / status=200 upstream=B rt_ms=292 bytes=27705
2026-03-14 03:22:08.078 edge /healthz status=200 upstream=B rt_ms=192 bytes=6326
2026-03-14 03:22:12.242 edge /api/events status=200 upstream=B rt_ms=165 bytes=41969
2026-03-14 03:22:13.387 edge /api/orders status=502 upstream=B rt_ms=103 bytes=9928
2026-03-14 03:22:13.780 edge / status=200 upstream=B rt_ms=70 bytes=40202
2026-03-14 03:22:14.511 edge /api/orders status=502 upstream=B rt_ms=369 bytes=2141
2026-03-14 03:22:15.423 edge /static/style.css status=502 upstream=B rt_ms=284 bytes=6611
2026-03-14 03:22:17.118 edge /healthz status=502 upstream=B rt_ms=264 bytes=38755
2026-03-14 03:22:19.020 edge / status=502 upstream=B rt_ms=31 bytes=37451
2026-03-14 03:22:20.410 edge /api/orders status=200 upstream=B rt_ms=201 bytes=20618
2026-03-14 03:22:21.958 edge /api/events status=502 upstream=B rt_ms=98 bytes=41173
2026-03-14 03:22:22.231 edge /static/style.css status=502 upstream=B rt_ms=109 bytes=39342
2026-03-14 03:22:24.263 edge /api/events status=200 upstream=B rt_ms=379 bytes=24934
2026-03-14 03:22:25.288 edge /api/orders status=500 upstream=B rt_ms=163 bytes=38660
2026-03-14 03:22:26.547 edge /static/style.css status=200 upstream=B rt_ms=261 bytes=10946
2026-03-14 03:22:27.430 edge /healthz status=502 upstream=B rt_ms=397 bytes=35503
2026-03-14 03:22:27.571 edge /api/events status=200 upstream=B rt_ms=326 bytes=40537
2026-03-14 03:22:28.335 edge /static/style.css status=502 upstream=B rt_ms=82 bytes=24905
2026-03-14 03:22:29.239 edge /api/events status=502 upstream=B rt_ms=216 bytes=28777
2026-03-14 03:22:30.773 edge /static/style.css status=502 upstream=B rt_ms=133 bytes=31053
2026-03-14 03:22:32.383 edge /api/events status=200 upstream=B rt_ms=164 bytes=19674
2026-03-14 03:22:32.508 edge /healthz status=200 upstream=B rt_ms=85 bytes=28371
2026-03-14 03:22:33.274 edge / status=404 upstream=B rt_ms=58 bytes=21190
2026-03-14 03:22:34.045 edge / status=200 upstream=B rt_ms=242 bytes=31048
2026-03-14 03:22:35.434 edge / status=502 upstream=B rt_ms=358 bytes=17128
2026-03-14 03:22:35.843 edge /static/style.css status=502 upstream=B rt_ms=235 bytes=1683
2026-03-14 03:22:35.898 edge /static/style.css status=502 upstream=B rt_ms=333 bytes=31435
2026-03-14 03:22:37.046 edge /api/orders status=404 upstream=B rt_ms=288 bytes=33925
2026-03-14 03:22:37.324 edge /api/events status=200 upstream=B rt_ms=85 bytes=8998
2026-03-14 03:22:39.930 edge /healthz status=200 upstream=B rt_ms=279 bytes=10777
2026-03-14 03:22:41.758 edge /api/orders status=502 upstream=B rt_ms=147 bytes=40373
2026-03-14 03:22:42.456 edge /api/events status=502 upstream=B rt_ms=137 bytes=5812
2026-03-14 03:22:43.015 edge /static/style.css status=200 upstream=B rt_ms=183 bytes=38449
2026-03-14 03:22:43.676 edge / status=502 upstream=B rt_ms=48 bytes=13545
2026-03-14 03:22:43.763 edge /static/style.css status=200 upstream=B rt_ms=308 bytes=11036
2026-03-14 03:22:44.190 edge /healthz status=200 upstream=B rt_ms=166 bytes=28524
2026-03-14 03:22:45.408 edge /api/orders status=500 upstream=B rt_ms=112 bytes=10658
2026-03-14 03:22:45.548 edge /api/orders status=200 upstream=B rt_ms=26 bytes=30867
2026-03-14 03:22:45.886 edge /api/events status=502 upstream=B rt_ms=196 bytes=35897
2026-03-14 03:22:46.032 edge /api/events status=500 upstream=B rt_ms=58 bytes=4520
2026-03-14 03:22:47.371 edge /api/orders status=200 upstream=B rt_ms=63 bytes=38677
2026-03-14 03:22:47.389 edge /api/orders status=502 upstream=B rt_ms=133 bytes=11194
2026-03-14 03:22:47.860 edge / status=502 upstream=B rt_ms=29 bytes=11740
2026-03-14 03:22:49.054 edge /healthz status=200 upstream=B rt_ms=362 bytes=25514
2026-03-14 03:22:49.055 edge /api/orders status=502 upstream=B rt_ms=63 bytes=16592
2026-03-14 03:22:50.530 edge /healthz status=502 upstream=B rt_ms=21 bytes=35733
2026-03-14 03:22:51.522 edge /static/style.css status=502 upstream=B rt_ms=202 bytes=19996
2026-03-14 03:22:52.067 edge /api/events status=502 upstream=B rt_ms=295 bytes=2535
2026-03-14 03:22:52.342 edge /static/style.css status=502 upstream=B rt_ms=146 bytes=14755
2026-03-14 03:22:55.372 edge /api/events status=502 upstream=B rt_ms=86 bytes=13480
2026-03-14 03:22:56.051 edge /healthz status=200 upstream=B rt_ms=287 bytes=22941
2026-03-14 03:22:56.975 edge /healthz status=502 upstream=B rt_ms=141 bytes=29767
2026-03-14 03:22:58.417 edge / status=502 upstream=B rt_ms=151 bytes=2977
2026-03-14 03:22:58.621 edge /static/style.css status=200 upstream=B rt_ms=322 bytes=25744
2026-03-14 03:23:00.083 edge /static/style.css status=200 upstream=B rt_ms=173 bytes=38624
2026-03-14 03:23:00.583 edge /api/events status=200 upstream=B rt_ms=286 bytes=33482
2026-03-14 03:23:01.036 edge /static/style.css status=502 upstream=B rt_ms=117 bytes=13221
2026-03-14 03:23:01.671 edge /static/style.css status=200 upstream=B rt_ms=140 bytes=23395
2026-03-14 03:23:02.245 edge /healthz status=200 upstream=B rt_ms=11 bytes=10935
2026-03-14 03:23:02.283 edge /healthz status=502 upstream=B rt_ms=213 bytes=4368
2026-03-14 03:23:03.405 edge /healthz status=200 upstream=B rt_ms=283 bytes=33820
2026-03-14 03:23:04.732 edge /static/style.css status=200 upstream=B rt_ms=264 bytes=17005
2026-03-14 03:23:05.103 edge /api/orders status=200 upstream=B rt_ms=340 bytes=33303
2026-03-14 03:23:10.093 edge /api/events status=200 upstream=B rt_ms=271 bytes=6886
2026-03-14 03:23:11.121 edge /api/events status=500 upstream=B rt_ms=215 bytes=3212
2026-03-14 03:23:11.857 edge /static/style.css status=200 upstream=B rt_ms=277 bytes=19557
2026-03-14 03:23:12.521 edge /static/style.css status=502 upstream=B rt_ms=16 bytes=9933
2026-03-14 03:23:12.766 edge /static/style.css status=502 upstream=B rt_ms=47 bytes=27539
2026-03-14 03:23:12.979 edge /healthz status=200 upstream=B rt_ms=181 bytes=22692
2026-03-14 03:23:14.968 edge / status=200 upstream=B rt_ms=315 bytes=9920
2026-03-14 03:23:15.106 edge /api/events status=502 upstream=B rt_ms=108 bytes=17796
2026-03-14 03:23:15.730 edge /api/orders status=200 upstream=B rt_ms=263 bytes=15124
2026-03-14 03:23:16.600 edge /api/orders status=502 upstream=B rt_ms=243 bytes=13295
2026-03-14 03:23:17.144 edge /api/events status=200 upstream=B rt_ms=122 bytes=3085
2026-03-14 03:23:17.668 edge /api/orders status=502 upstream=B rt_ms=307 bytes=11539
2026-03-14 03:23:18.679 edge /healthz status=200 upstream=B rt_ms=365 bytes=1297
2026-03-14 03:23:18.792 edge /static/style.css status=200 upstream=B rt_ms=315 bytes=36982
2026-03-14 03:23:19.162 edge / status=502 upstream=B rt_ms=55 bytes=8916
2026-03-14 03:23:20.207 edge /healthz status=404 upstream=B rt_ms=371 bytes=2341
2026-03-14 03:23:21.555 edge / status=502 upstream=B rt_ms=48 bytes=9721
2026-03-14 03:23:22.261 edge / status=200 upstream=B rt_ms=284 bytes=6614
2026-03-14 03:23:23.397 edge / status=200 upstream=B rt_ms=220 bytes=19475
2026-03-14 03:23:25.292 edge /static/style.css status=200 upstream=B rt_ms=323 bytes=9207
2026-03-14 03:23:26.620 edge /healthz status=502 upstream=B rt_ms=287 bytes=208
2026-03-14 03:23:26.671 edge /healthz status=200 upstream=B rt_ms=270 bytes=41180
2026-03-14 03:23:27.504 edge /api/orders status=502 upstream=B rt_ms=278 bytes=13455
2026-03-14 03:23:29.734 edge /api/orders status=200 upstream=B rt_ms=233 bytes=10959
2026-03-14 03:23:30.165 edge / status=502 upstream=B rt_ms=84 bytes=18774
2026-03-14 03:23:30.233 edge /healthz status=200 upstream=B rt_ms=72 bytes=32077
2026-03-14 03:23:31.957 edge /healthz status=502 upstream=B rt_ms=314 bytes=2047
2026-03-14 03:23:32.016 edge /static/style.css status=502 upstream=B rt_ms=237 bytes=25696
2026-03-14 03:23:32.789 edge / status=502 upstream=B rt_ms=269 bytes=37729
2026-03-14 03:23:35.264 edge /static/style.css status=200 upstream=B rt_ms=170 bytes=19553
2026-03-14 03:23:36.635 edge /static/style.css status=502 upstream=B rt_ms=397 bytes=18759
2026-03-14 03:23:36.662 edge /static/style.css status=200 upstream=B rt_ms=129 bytes=35719
2026-03-14 03:23:40.072 edge /api/events status=200 upstream=B rt_ms=391 bytes=33761
2026-03-14 03:23:41.797 edge /api/events status=502 upstream=B rt_ms=135 bytes=10004
2026-03-14 03:23:42.054 edge /healthz status=200 upstream=B rt_ms=277 bytes=21471
2026-03-14 03:23:44.587 edge /static/style.css status=200 upstream=B rt_ms=281 bytes=34768
2026-03-14 03:23:46.897 edge /api/orders status=200 upstream=B rt_ms=35 bytes=14840
2026-03-14 03:23:47.657 edge /healthz status=200 upstream=B rt_ms=216 bytes=14650
2026-03-14 03:23:47.736 edge /healthz status=200 upstream=B rt_ms=161 bytes=25598
2026-03-14 03:23:48.876 edge /healthz status=200 upstream=B rt_ms=25 bytes=9097
2026-03-14 03:23:49.760 edge /static/style.css status=502 upstream=B rt_ms=382 bytes=10863
2026-03-14 03:23:50.501 edge /api/orders status=200 upstream=B rt_ms=78 bytes=22052
2026-03-14 03:23:51.741 edge /api/events status=502 upstream=B rt_ms=261 bytes=10220
2026-03-14 03:23:52.010 edge /healthz status=502 upstream=B rt_ms=84 bytes=23684
2026-03-14 03:23:53.338 edge /api/orders status=200 upstream=B rt_ms=31 bytes=18259
2026-03-14 03:23:54.295 edge /api/orders status=200 upstream=B rt_ms=239 bytes=5606
2026-03-14 03:23:54.585 edge / status=502 upstream=B rt_ms=311 bytes=41910
2026-03-14 03:23:55.582 edge /healthz status=200 upstream=B rt_ms=82 bytes=14257
2026-03-14 03:23:56.074 edge /healthz status=404 upstream=B rt_ms=189 bytes=28668
2026-03-14 03:23:56.210 edge /api/orders status=200 upstream=B rt_ms=31 bytes=12100
2026-03-14 03:23:56.815 edge /api/orders status=200 upstream=B rt_ms=67 bytes=38123
2026-03-14 03:23:57.349 edge /api/events status=200 upstream=B rt_ms=11 bytes=24171
2026-03-14 03:23:57.507 edge /healthz status=502 upstream=B rt_ms=81 bytes=7871
2026-03-14 03:24:01.877 edge / status=502 upstream=B rt_ms=383 bytes=39963
2026-03-14 03:24:02.387 edge /api/events status=200 upstream=B rt_ms=178 bytes=17624
2026-03-14 03:24:03.323 edge /static/style.css status=502 upstream=B rt_ms=88 bytes=35274
2026-03-14 03:24:06.025 edge /api/events status=502 upstream=B rt_ms=99 bytes=10617
2026-03-14 03:24:06.209 edge /api/events status=502 upstream=B rt_ms=129 bytes=7363
2026-03-14 03:24:08.266 edge / status=200 upstream=B rt_ms=383 bytes=35570
2026-03-14 03:24:08.377 edge /static/style.css status=502 upstream=B rt_ms=71 bytes=15672
2026-03-14 03:24:09.293 edge /api/events status=404 upstream=B rt_ms=3 bytes=4180
2026-03-14 03:24:10.860 edge /api/orders status=502 upstream=B rt_ms=125 bytes=15747
2026-03-14 03:24:13.729 edge /api/events status=200 upstream=B rt_ms=305 bytes=24128
2026-03-14 03:24:16.496 edge /healthz status=200 upstream=B rt_ms=45 bytes=19487
2026-03-14 03:24:16.793 edge /static/style.css status=200 upstream=B rt_ms=55 bytes=36299
2026-03-14 03:24:18.225 edge /static/style.css status=404 upstream=B rt_ms=39 bytes=29169
2026-03-14 03:24:18.529 edge /api/events status=200 upstream=B rt_ms=158 bytes=5722
2026-03-14 03:24:19.494 edge /static/style.css status=200 upstream=B rt_ms=393 bytes=36071
2026-03-14 03:24:22.271 edge /healthz status=200 upstream=B rt_ms=37 bytes=13844
2026-03-14 03:24:22.440 edge /healthz status=502 upstream=B rt_ms=189 bytes=10519
2026-03-14 03:24:23.840 edge /healthz status=500 upstream=B rt_ms=284 bytes=17616
2026-03-14 03:24:24.517 edge /healthz status=502 upstream=B rt_ms=160 bytes=17325
2026-03-14 03:24:26.042 edge /api/orders status=404 upstream=B rt_ms=224 bytes=9475
2026-03-14 03:24:30.806 edge /api/events status=200 upstream=B rt_ms=219 bytes=32635
2026-03-14 03:24:32.195 edge /healthz status=200 upstream=B rt_ms=365 bytes=13383
2026-03-14 03:24:32.345 edge /api/events status=502 upstream=B rt_ms=341 bytes=35790
2026-03-14 03:24:34.048 edge /static/style.css status=502 upstream=B rt_ms=162 bytes=11672
2026-03-14 03:24:34.570 edge / status=200 upstream=B rt_ms=280 bytes=41882
2026-03-14 03:24:35.089 edge /api/orders status=200 upstream=B rt_ms=258 bytes=23059
2026-03-14 03:24:36.711 edge /api/orders status=200 upstream=B rt_ms=156 bytes=17768
2026-03-14 03:24:39.272 edge /static/style.css status=502 upstream=B rt_ms=55 bytes=30499
2026-03-14 03:24:40.125 edge /static/style.css status=200 upstream=B rt_ms=352 bytes=15813
2026-03-14 03:24:42.128 edge /api/orders status=200 upstream=B rt_ms=150 bytes=29028
2026-03-14 03:24:42.371 edge /api/events status=502 upstream=B rt_ms=85 bytes=25935
2026-03-14 03:24:44.010 edge /api/orders status=502 upstream=B rt_ms=322 bytes=29070
2026-03-14 03:24:44.059 edge /static/style.css status=200 upstream=B rt_ms=338 bytes=20372
2026-03-14 03:24:44.345 edge /healthz status=502 upstream=B rt_ms=307 bytes=25799
2026-03-14 03:24:44.414 edge /healthz status=200 upstream=B rt_ms=298 bytes=33086
2026-03-14 03:24:50.861 edge / status=200 upstream=B rt_ms=129 bytes=40250
2026-03-14 03:24:53.303 edge /api/events status=200 upstream=B rt_ms=12 bytes=24330
2026-03-14 03:24:53.915 edge /static/style.css status=200 upstream=B rt_ms=35 bytes=7094
2026-03-14 03:24:55.451 edge / status=200 upstream=B rt_ms=85 bytes=36557
2026-03-14 03:24:56.142 edge /api/orders status=200 upstream=B rt_ms=217 bytes=31109
2026-03-14 03:24:58.128 edge /api/events status=200 upstream=B rt_ms=391 bytes=1347
2026-03-14 03:24:58.385 edge /static/style.css status=502 upstream=B rt_ms=203 bytes=37327
2026-03-14 03:25:00.610 edge /healthz status=502 upstream=B rt_ms=362 bytes=6660
2026-03-14 03:25:02.329 edge /api/orders status=200 upstream=B rt_ms=69 bytes=16828
2026-03-14 03:25:03.180 edge /static/style.css status=200 upstream=B rt_ms=171 bytes=24293
2026-03-14 03:25:06.592 edge /static/style.css status=502 upstream=B rt_ms=334 bytes=26765
2026-03-14 03:25:07.869 edge /static/style.css status=502 upstream=B rt_ms=255 bytes=2734
2026-03-14 03:25:08.349 edge /api/events status=200 upstream=B rt_ms=315 bytes=28372
2026-03-14 03:25:09.667 edge /api/events status=200 upstream=B rt_ms=202 bytes=24865
2026-03-14 03:25:10.054 edge / status=502 upstream=B rt_ms=196 bytes=3151
2026-03-14 03:25:10.221 edge /api/orders status=502 upstream=B rt_ms=366 bytes=37552
2026-03-14 03:25:11.778 edge / status=502 upstream=B rt_ms=186 bytes=5748
2026-03-14 03:25:13.134 edge / status=200 upstream=B rt_ms=49 bytes=27762
2026-03-14 03:25:13.420 edge / status=200 upstream=B rt_ms=113 bytes=19973
2026-03-14 03:25:16.088 edge /api/orders status=200 upstream=B rt_ms=288 bytes=9538
2026-03-14 03:25:16.712 edge /api/orders status=502 upstream=B rt_ms=118 bytes=14562
2026-03-14 03:25:18.176 edge /healthz status=502 upstream=B rt_ms=186 bytes=37831
2026-03-14 03:25:18.598 edge /api/events status=200 upstream=B rt_ms=200 bytes=37174
2026-03-14 03:25:19.844 edge /api/orders status=502 upstream=B rt_ms=86 bytes=38914
2026-03-14 03:25:21.214 edge /healthz status=502 upstream=B rt_ms=339 bytes=11304
2026-03-14 03:25:21.398 edge / status=200 upstream=B rt_ms=370 bytes=10056
2026-03-14 03:25:21.599 edge / status=200 upstream=B rt_ms=172 bytes=13474
2026-03-14 03:25:21.787 edge /api/events status=502 upstream=B rt_ms=117 bytes=14588
2026-03-14 03:25:22.079 edge /healthz status=500 upstream=B rt_ms=114 bytes=29040
2026-03-14 03:25:22.959 edge /api/orders status=200 upstream=B rt_ms=364 bytes=1323
2026-03-14 03:25:23.212 edge /healthz status=502 upstream=B rt_ms=313 bytes=14834
2026-03-14 03:25:23.739 edge /api/orders status=502 upstream=B rt_ms=301 bytes=315
2026-03-14 03:25:25.082 edge /healthz status=200 upstream=B rt_ms=5 bytes=10616
2026-03-14 03:25:29.366 edge /static/style.css status=502 upstream=B rt_ms=273 bytes=15272
2026-03-14 03:25:29.890 edge /api/events status=200 upstream=B rt_ms=384 bytes=27486
2026-03-14 03:25:29.921 edge /healthz status=200 upstream=B rt_ms=290 bytes=6043
2026-03-14 03:25:30.828 edge / status=200 upstream=B rt_ms=20 bytes=33227
2026-03-14 03:25:32.559 edge /healthz status=200 upstream=B rt_ms=137 bytes=33674
2026-03-14 03:25:34.100 edge /healthz status=502 upstream=B rt_ms=158 bytes=20138
2026-03-14 03:25:35.643 edge /static/style.css status=502 upstream=B rt_ms=20 bytes=37501
2026-03-14 03:25:37.864 edge /api/events status=200 upstream=B rt_ms=144 bytes=16775
2026-03-14 03:25:37.913 edge /static/style.css status=502 upstream=B rt_ms=20 bytes=12257
2026-03-14 03:25:37.934 edge /api/orders status=502 upstream=B rt_ms=279 bytes=18625
2026-03-14 03:25:38.007 edge / status=200 upstream=B rt_ms=78 bytes=12580
2026-03-14 03:25:38.476 edge /static/style.css status=200 upstream=B rt_ms=9 bytes=24473
2026-03-14 03:25:39.090 edge / status=502 upstream=B rt_ms=275 bytes=33042
2026-03-14 03:25:40.081 edge /healthz status=200 upstream=B rt_ms=164 bytes=33300
2026-03-14 03:25:40.330 edge /healthz status=200 upstream=B rt_ms=326 bytes=12903
2026-03-14 03:25:41.026 edge /api/events status=200 upstream=B rt_ms=221 bytes=26084
2026-03-14 03:25:41.515 edge /api/events status=502 upstream=B rt_ms=111 bytes=6540
2026-03-14 03:25:41.712 edge /api/events status=200 upstream=B rt_ms=56 bytes=28910
2026-03-14 03:25:42.002 edge /api/orders status=502 upstream=B rt_ms=120 bytes=17272
2026-03-14 03:25:42.993 edge /static/style.css status=200 upstream=B rt_ms=86 bytes=6922
2026-03-14 03:25:43.353 edge /healthz status=200 upstream=B rt_ms=272 bytes=20166
2026-03-14 03:25:43.397 edge /api/events status=502 upstream=B rt_ms=259 bytes=8048
2026-03-14 03:25:43.397 edge / status=404 upstream=B rt_ms=90 bytes=7207
2026-03-14 03:25:44.606 edge /healthz status=200 upstream=B rt_ms=363 bytes=32233
2026-03-14 03:25:46.511 edge /api/orders status=200 upstream=B rt_ms=50 bytes=37599
2026-03-14 03:25:47.186 edge / status=502 upstream=B rt_ms=192 bytes=2844
2026-03-14 03:25:47.836 edge /api/orders status=200 upstream=B rt_ms=239 bytes=33118
2026-03-14 03:25:48.080 edge /static/style.css status=200 upstream=B rt_ms=281 bytes=2951
2026-03-14 03:25:48.792 edge /healthz status=200 upstream=B rt_ms=160 bytes=27177
2026-03-14 03:25:49.612 edge /api/orders status=502 upstream=B rt_ms=81 bytes=24173
2026-03-14 03:25:50.095 edge /static/style.css status=200 upstream=B rt_ms=203 bytes=9242
2026-03-14 03:25:51.181 edge / status=200 upstream=B rt_ms=193 bytes=6758
2026-03-14 03:25:53.203 edge /static/style.css status=502 upstream=B rt_ms=331 bytes=27513
2026-03-14 03:25:54.031 edge /static/style.css status=502 upstream=B rt_ms=201 bytes=15568
2026-03-14 03:25:55.323 edge /static/style.css status=200 upstream=B rt_ms=342 bytes=19495
2026-03-14 03:25:55.555 edge /api/orders status=502 upstream=B rt_ms=7 bytes=39104
2026-03-14 03:26:00.681 edge /api/events status=502 upstream=B rt_ms=351 bytes=11503
2026-03-14 03:26:01.166 edge /static/style.css status=200 upstream=B rt_ms=157 bytes=40787
2026-03-14 03:26:02.130 edge /api/events status=404 upstream=B rt_ms=358 bytes=19084
2026-03-14 03:26:02.341 edge /api/events status=502 upstream=B rt_ms=195 bytes=12693
2026-03-14 03:26:04.054 edge /api/events status=200 upstream=B rt_ms=148 bytes=21017
2026-03-14 03:26:05.354 edge /static/style.css status=404 upstream=B rt_ms=238 bytes=33512
2026-03-14 03:26:09.312 edge /api/orders status=200 upstream=B rt_ms=332 bytes=32812
2026-03-14 03:26:09.394 edge / status=502 upstream=B rt_ms=337 bytes=37130
2026-03-14 03:26:10.205 edge /api/orders status=502 upstream=B rt_ms=182 bytes=7491
2026-03-14 03:26:11.852 edge /healthz status=502 upstream=B rt_ms=208 bytes=19601
2026-03-14 03:26:11.938 edge /healthz status=502 upstream=B rt_ms=232 bytes=31184
2026-03-14 03:26:13.043 edge /static/style.css status=502 upstream=B rt_ms=69 bytes=3127
2026-03-14 03:26:14.344 edge /healthz status=502 upstream=B rt_ms=259 bytes=15833
2026-03-14 03:26:18.759 edge /api/events status=200 upstream=B rt_ms=329 bytes=21268
2026-03-14 03:26:20.143 edge /healthz status=404 upstream=B rt_ms=258 bytes=8717
2026-03-14 03:26:20.211 edge /healthz status=200 upstream=B rt_ms=73 bytes=41616
2026-03-14 03:26:20.727 edge /api/events status=502 upstream=B rt_ms=150 bytes=13117
2026-03-14 03:26:24.156 edge /api/events status=200 upstream=B rt_ms=215 bytes=9874
2026-03-14 03:26:25.744 edge / status=200 upstream=B rt_ms=11 bytes=31115
2026-03-14 03:26:26.897 edge /api/orders status=502 upstream=B rt_ms=182 bytes=35656
2026-03-14 03:26:28.347 edge / status=200 upstream=B rt_ms=118 bytes=13683
2026-03-14 03:26:29.730 edge / status=200 upstream=B rt_ms=378 bytes=17905
2026-03-14 03:26:31.074 edge /healthz status=502 upstream=B rt_ms=203 bytes=266
2026-03-14 03:26:32.804 edge / status=404 upstream=B rt_ms=392 bytes=17260
2026-03-14 03:26:33.248 edge /healthz status=200 upstream=B rt_ms=388 bytes=20111
2026-03-14 03:26:33.763 edge /static/style.css status=200 upstream=B rt_ms=184 bytes=9118
2026-03-14 03:26:34.548 edge /static/style.css status=502 upstream=B rt_ms=341 bytes=41164
2026-03-14 03:26:34.683 edge / status=404 upstream=B rt_ms=212 bytes=25570
2026-03-14 03:26:36.145 edge / status=502 upstream=B rt_ms=348 bytes=33341
2026-03-14 03:26:36.193 edge /api/orders status=500 upstream=B rt_ms=75 bytes=24677
2026-03-14 03:26:41.731 edge /api/orders status=200 upstream=B rt_ms=206 bytes=28875
2026-03-14 03:26:43.149 edge /healthz status=502 upstream=B rt_ms=212 bytes=2090
2026-03-14 03:26:43.578 edge /api/events status=200 upstream=B rt_ms=171 bytes=3446
2026-03-14 03:26:45.750 edge /static/style.css status=200 upstream=B rt_ms=144 bytes=10295
2026-03-14 03:26:46.838 edge /api/events status=500 upstream=B rt_ms=71 bytes=25004
2026-03-14 03:26:48.864 edge /api/orders status=502 upstream=B rt_ms=60 bytes=20322
2026-03-14 03:26:51.095 edge /healthz status=502 upstream=B rt_ms=213 bytes=14588
2026-03-14 03:26:52.877 edge /api/orders status=200 upstream=B rt_ms=145 bytes=27617
2026-03-14 03:26:53.512 edge /api/orders status=502 upstream=B rt_ms=159 bytes=18476
2026-03-14 03:26:53.717 edge /healthz status=502 upstream=B rt_ms=276 bytes=24591
2026-03-14 03:26:54.535 edge /api/orders status=200 upstream=B rt_ms=115 bytes=33448
2026-03-14 03:26:54.788 edge / status=200 upstream=B rt_ms=151 bytes=41501
2026-03-14 03:26:55.807 edge / status=502 upstream=B rt_ms=20 bytes=12994
2026-03-14 03:26:57.091 edge /api/events status=502 upstream=B rt_ms=360 bytes=29931
2026-03-14 03:26:57.575 edge /static/style.css status=502 upstream=B rt_ms=176 bytes=4116
2026-03-14 03:26:59.175 edge /static/style.css status=200 upstream=B rt_ms=227 bytes=31618
2026-03-14 03:27:02.766 edge /static/style.css status=200 upstream=B rt_ms=388 bytes=11775
2026-03-14 03:27:02.829 edge / status=200 upstream=B rt_ms=253 bytes=32959
2026-03-14 03:27:03.005 edge /static/style.css status=200 upstream=B rt_ms=145 bytes=8373
2026-03-14 03:27:03.422 edge /api/orders status=200 upstream=B rt_ms=242 bytes=24547
2026-03-14 03:27:04.154 edge /static/style.css status=500 upstream=B rt_ms=89 bytes=37894
2026-03-14 03:27:05.058 edge /api/events status=200 upstream=B rt_ms=60 bytes=38934
2026-03-14 03:27:06.277 edge / status=200 upstream=B rt_ms=312 bytes=598
2026-03-14 03:27:06.808 edge / status=502 upstream=B rt_ms=18 bytes=27561
2026-03-14 03:27:07.504 edge / status=200 upstream=B rt_ms=327 bytes=7358
2026-03-14 03:27:09.919 edge /healthz status=502 upstream=B rt_ms=236 bytes=33501
2026-03-14 03:27:12.021 edge /static/style.css status=200 upstream=B rt_ms=118 bytes=29917
2026-03-14 03:27:13.748 edge /api/events status=200 upstream=B rt_ms=150 bytes=9324
2026-03-14 03:27:16.832 edge /api/orders status=200 upstream=B rt_ms=162 bytes=14479
2026-03-14 03:27:19.799 edge / status=200 upstream=B rt_ms=130 bytes=12544
2026-03-14 03:27:23.149 edge /api/orders status=500 upstream=B rt_ms=226 bytes=9397
2026-03-14 03:27:24.626 edge /healthz status=200 upstream=B rt_ms=253 bytes=7218
2026-03-14 03:27:25.855 edge /healthz status=200 upstream=B rt_ms=278 bytes=36267
2026-03-14 03:27:26.741 edge /api/orders status=404 upstream=B rt_ms=10 bytes=31561
2026-03-14 03:27:28.635 edge /api/orders status=200 upstream=B rt_ms=393 bytes=30966
2026-03-14 03:27:28.665 edge / status=502 upstream=B rt_ms=155 bytes=894
2026-03-14 03:27:30.200 edge /healthz status=200 upstream=B rt_ms=52 bytes=1705
2026-03-14 03:27:31.132 edge /static/style.css status=200 upstream=B rt_ms=355 bytes=36480
2026-03-14 03:27:32.281 edge /api/orders status=200 upstream=B rt_ms=333 bytes=2174
2026-03-14 03:27:36.631 edge /api/events status=502 upstream=B rt_ms=91 bytes=26182
2026-03-14 03:27:36.898 edge /api/orders status=404 upstream=B rt_ms=90 bytes=10234
2026-03-14 03:27:37.142 edge /api/orders status=502 upstream=B rt_ms=378 bytes=15976
2026-03-14 03:27:37.798 edge /api/orders status=200 upstream=B rt_ms=23 bytes=25777
2026-03-14 03:27:37.947 edge / status=502 upstream=B rt_ms=352 bytes=8614
2026-03-14 03:27:39.741 edge /static/style.css status=502 upstream=B rt_ms=114 bytes=29574
2026-03-14 03:27:41.751 edge /api/orders status=502 upstream=B rt_ms=107 bytes=24450
2026-03-14 03:27:43.058 edge /api/events status=200 upstream=B rt_ms=127 bytes=36843
2026-03-14 03:27:43.103 edge /healthz status=200 upstream=B rt_ms=138 bytes=27846
2026-03-14 03:27:43.537 edge /healthz status=502 upstream=B rt_ms=216 bytes=5536
2026-03-14 03:27:45.974 edge /static/style.css status=200 upstream=B rt_ms=211 bytes=15716
2026-03-14 03:27:48.662 edge /api/orders status=200 upstream=B rt_ms=171 bytes=39121
2026-03-14 03:27:49.642 edge /static/style.css status=200 upstream=B rt_ms=345 bytes=28706
2026-03-14 03:27:49.727 edge /healthz status=200 upstream=B rt_ms=16 bytes=13299
2026-03-14 03:27:51.511 edge /api/orders status=500 upstream=B rt_ms=22 bytes=23166
2026-03-14 03:27:54.975 edge /healthz status=200 upstream=B rt_ms=177 bytes=33812
2026-03-14 03:27:56.025 edge /static/style.css status=500 upstream=B rt_ms=221 bytes=26543
2026-03-14 03:27:56.565 edge / status=502 upstream=B rt_ms=90 bytes=27647
2026-03-14 03:27:58.198 edge /healthz status=200 upstream=B rt_ms=124 bytes=20862
2026-03-14 03:28:00.953 edge /api/events status=200 upstream=B rt_ms=254 bytes=30122
2026-03-14 03:28:01.004 edge / status=200 upstream=B rt_ms=13 bytes=5093
2026-03-14 03:28:02.676 edge /healthz status=502 upstream=B rt_ms=355 bytes=18657
2026-03-14 03:28:03.197 edge /api/orders status=502 upstream=B rt_ms=235 bytes=6901
2026-03-14 03:28:03.320 edge /api/orders status=200 upstream=B rt_ms=16 bytes=19930
2026-03-14 03:28:03.691 edge / status=200 upstream=B rt_ms=389 bytes=22068
2026-03-14 03:28:05.823 edge /static/style.css status=502 upstream=B rt_ms=212 bytes=27872
2026-03-14 03:28:06.692 edge /healthz status=404 upstream=B rt_ms=8 bytes=30492
2026-03-14 03:28:07.182 edge /healthz status=502 upstream=B rt_ms=2 bytes=40476
2026-03-14 03:28:07.479 edge /healthz status=200 upstream=B rt_ms=133 bytes=18220
2026-03-14 03:28:07.530 edge /static/style.css status=200 upstream=B rt_ms=104 bytes=40027
2026-03-14 03:28:07.639 edge /healthz status=502 upstream=B rt_ms=335 bytes=14090
2026-03-14 03:28:08.725 edge /api/orders status=502 upstream=B rt_ms=69 bytes=25439
2026-03-14 03:28:12.897 edge /api/events status=200 upstream=B rt_ms=38 bytes=29792
2026-03-14 03:28:13.287 edge /api/events status=200 upstream=B rt_ms=24 bytes=15587
2026-03-14 03:28:13.551 edge /healthz status=200 upstream=B rt_ms=223 bytes=585
2026-03-14 03:28:14.316 edge /healthz status=500 upstream=B rt_ms=159 bytes=16535
2026-03-14 03:28:15.426 edge /api/orders status=502 upstream=B rt_ms=396 bytes=24405
2026-03-14 03:28:16.305 edge /static/style.css status=200 upstream=B rt_ms=48 bytes=19462
2026-03-14 03:28:18.544 edge /healthz status=502 upstream=B rt_ms=2 bytes=5720
2026-03-14 03:28:18.992 edge /api/orders status=200 upstream=B rt_ms=388 bytes=32702
2026-03-14 03:28:19.205 edge /api/events status=200 upstream=B rt_ms=264 bytes=36157
2026-03-14 03:28:19.415 edge /api/orders status=200 upstream=B rt_ms=271 bytes=27141
2026-03-14 03:28:21.256 edge / status=500 upstream=B rt_ms=186 bytes=16437
2026-03-14 03:28:22.307 edge /static/style.css status=200 upstream=B rt_ms=367 bytes=10636
2026-03-14 03:28:24.750 edge /healthz status=200 upstream=B rt_ms=312 bytes=28375
2026-03-14 03:28:25.187 edge /api/orders status=502 upstream=B rt_ms=26 bytes=9709
2026-03-14 03:28:26.708 edge /api/orders status=404 upstream=B rt_ms=170 bytes=5588
2026-03-14 03:28:28.219 edge / status=502 upstream=B rt_ms=87 bytes=26568
2026-03-14 03:28:28.772 edge /static/style.css status=502 upstream=B rt_ms=50 bytes=40778
2026-03-14 03:28:31.185 edge / status=502 upstream=B rt_ms=135 bytes=28599
2026-03-14 03:28:32.227 edge /healthz status=502 upstream=B rt_ms=202 bytes=22263
2026-03-14 03:28:32.429 edge / status=200 upstream=B rt_ms=326 bytes=41000
2026-03-14 03:28:33.477 edge /healthz status=200 upstream=B rt_ms=97 bytes=19910
2026-03-14 03:28:34.879 edge / status=200 upstream=B rt_ms=221 bytes=10803
2026-03-14 03:28:37.683 edge /api/events status=200 upstream=B rt_ms=96 bytes=41433
2026-03-14 03:28:40.379 edge /healthz status=502 upstream=B rt_ms=151 bytes=26580
2026-03-14 03:28:41.621 edge /api/orders status=200 upstream=B rt_ms=71 bytes=21600
2026-03-14 03:28:41.693 edge /api/events status=502 upstream=B rt_ms=296 bytes=5229
2026-03-14 03:28:42.095 edge /healthz status=502 upstream=B rt_ms=383 bytes=6806
2026-03-14 03:28:42.454 edge /api/events status=200 upstream=B rt_ms=378 bytes=33335
2026-03-14 03:28:43.635 edge /healthz status=502 upstream=B rt_ms=302 bytes=36587
2026-03-14 03:28:43.957 edge /api/orders status=502 upstream=B rt_ms=260 bytes=8274
2026-03-14 03:28:45.073 edge /api/orders status=502 upstream=B rt_ms=41 bytes=30567
2026-03-14 03:28:45.252 edge /healthz status=502 upstream=B rt_ms=8 bytes=2912
2026-03-14 03:28:45.731 edge /api/orders status=200 upstream=B rt_ms=3 bytes=41260
2026-03-14 03:28:46.829 edge / status=200 upstream=B rt_ms=228 bytes=14177
2026-03-14 03:28:48.739 edge /healthz status=502 upstream=B rt_ms=10 bytes=7874
2026-03-14 03:28:51.581 edge /api/events status=200 upstream=B rt_ms=205 bytes=8930
2026-03-14 03:28:52.213 edge /static/style.css status=502 upstream=B rt_ms=233 bytes=8845
2026-03-14 03:28:52.885 edge / status=502 upstream=B rt_ms=106 bytes=23845
2026-03-14 03:28:53.002 edge / status=200 upstream=B rt_ms=374 bytes=5157
2026-03-14 03:28:53.312 edge /static/style.css status=200 upstream=B rt_ms=92 bytes=2724
2026-03-14 03:28:53.828 edge /api/orders status=404 upstream=B rt_ms=57 bytes=23269
2026-03-14 03:28:56.330 edge /api/events status=502 upstream=B rt_ms=265 bytes=39635
2026-03-14 03:28:57.003 edge /api/orders status=200 upstream=B rt_ms=334 bytes=12327
2026-03-14 03:28:58.016 edge /healthz status=502 upstream=B rt_ms=39 bytes=39733
2026-03-14 03:28:59.122 edge /api/orders status=502 upstream=B rt_ms=269 bytes=34326
2026-03-14 03:29:00.628 edge /static/style.css status=500 upstream=B rt_ms=94 bytes=13661
2026-03-14 03:29:01.234 edge /healthz status=502 upstream=B rt_ms=193 bytes=37141
2026-03-14 03:29:03.238 edge / status=200 upstream=B rt_ms=236 bytes=34379
2026-03-14 03:29:04.241 edge / status=200 upstream=B rt_ms=247 bytes=5973
2026-03-14 03:29:06.074 edge /healthz status=502 upstream=B rt_ms=235 bytes=31112
2026-03-14 03:29:06.166 edge /api/orders status=200 upstream=B rt_ms=333 bytes=10633
2026-03-14 03:29:06.825 edge /api/orders status=200 upstream=B rt_ms=43 bytes=9145
2026-03-14 03:29:07.916 edge /api/events status=502 upstream=B rt_ms=229 bytes=22217
2026-03-14 03:29:08.878 edge /api/orders status=404 upstream=B rt_ms=329 bytes=26469
2026-03-14 03:29:09.783 edge / status=200 upstream=B rt_ms=262 bytes=27977
2026-03-14 03:29:10.158 edge /static/style.css status=200 upstream=B rt_ms=374 bytes=14709
2026-03-14 03:29:12.098 edge / status=502 upstream=B rt_ms=169 bytes=31506
2026-03-14 03:29:12.435 edge /api/events status=502 upstream=B rt_ms=9 bytes=5026
2026-03-14 03:29:12.620 edge /static/style.css status=200 upstream=B rt_ms=89 bytes=31807
2026-03-14 03:29:16.220 edge / status=404 upstream=B rt_ms=6 bytes=41078
2026-03-14 03:29:16.854 edge /api/orders status=200 upstream=B rt_ms=313 bytes=30547
2026-03-14 03:29:18.341 edge /api/orders status=200 upstream=B rt_ms=225 bytes=10861
2026-03-14 03:29:18.928 edge /api/orders status=200 upstream=B rt_ms=216 bytes=6602
2026-03-14 03:29:19.671 edge /static/style.css status=500 upstream=B rt_ms=133 bytes=12123
2026-03-14 03:29:20.694 edge /healthz status=502 upstream=B rt_ms=138 bytes=30389
2026-03-14 03:29:24.880 edge /static/style.css status=200 upstream=B rt_ms=207 bytes=9949
2026-03-14 03:29:27.016 edge /api/orders status=200 upstream=B rt_ms=379 bytes=5240
2026-03-14 03:29:28.241 edge /healthz status=200 upstream=B rt_ms=81 bytes=10192
2026-03-14 03:29:30.334 edge / status=200 upstream=B rt_ms=393 bytes=2885
2026-03-14 03:29:31.827 edge / status=502 upstream=B rt_ms=332 bytes=38304
2026-03-14 03:29:32.370 edge /static/style.css status=200 upstream=B rt_ms=350 bytes=1267
2026-03-14 03:29:32.575 edge /healthz status=502 upstream=B rt_ms=109 bytes=29670
2026-03-14 03:29:33.926 edge /api/events status=502 upstream=B rt_ms=59 bytes=16851
2026-03-14 03:29:37.914 edge /static/style.css status=200 upstream=B rt_ms=117 bytes=7647
2026-03-14 03:29:38.322 edge / status=200 upstream=B rt_ms=177 bytes=22318
2026-03-14 03:29:40.381 edge /api/orders status=200 upstream=B rt_ms=390 bytes=14422
2026-03-14 03:29:41.306 edge /healthz status=502 upstream=B rt_ms=70 bytes=9519
2026-03-14 03:29:42.251 edge / status=502 upstream=B rt_ms=72 bytes=15848
2026-03-14 03:29:44.006 edge /api/events status=502 upstream=B rt_ms=230 bytes=34438
2026-03-14 03:29:44.006 edge /static/style.css status=502 upstream=B rt_ms=182 bytes=31319
2026-03-14 03:29:44.187 edge / status=200 upstream=B rt_ms=323 bytes=5551
2026-03-14 03:29:45.497 edge /healthz status=502 upstream=B rt_ms=320 bytes=6220
2026-03-14 03:29:47.809 edge /api/orders status=200 upstream=B rt_ms=9 bytes=22214
2026-03-14 03:29:49.197 edge /static/style.css status=200 upstream=B rt_ms=53 bytes=31739
2026-03-14 03:29:50.879 edge / status=200 upstream=B rt_ms=106 bytes=33813
2026-03-14 03:29:53.626 edge /api/orders status=502 upstream=B rt_ms=161 bytes=26479
2026-03-14 03:29:53.737 edge /static/style.css status=200 upstream=B rt_ms=338 bytes=11781
2026-03-14 03:29:54.185 edge /static/style.css status=200 upstream=B rt_ms=293 bytes=31944
2026-03-14 03:29:55.083 edge /api/orders status=200 upstream=B rt_ms=102 bytes=1239
2026-03-14 03:29:55.427 edge /api/events status=200 upstream=B rt_ms=84 bytes=13157
2026-03-14 03:29:56.947 edge /healthz status=200 upstream=B rt_ms=210 bytes=3841
2026-03-14 03:29:58.719 edge /api/events status=500 upstream=B rt_ms=206 bytes=29446
2026-03-14 03:30:00.871 edge /api/orders status=502 upstream=B rt_ms=228 bytes=3405
2026-03-14 03:30:02.330 edge /api/events status=502 upstream=B rt_ms=348 bytes=3592
2026-03-14 03:30:02.725 edge / status=502 upstream=B rt_ms=124 bytes=4283
2026-03-14 03:30:02.937 edge /api/orders status=200 upstream=B rt_ms=145 bytes=27004
2026-03-14 03:30:05.892 edge /static/style.css status=502 upstream=B rt_ms=103 bytes=2583
2026-03-14 03:30:06.526 edge / status=200 upstream=B rt_ms=311 bytes=32292
2026-03-14 03:30:07.064 edge / status=200 upstream=B rt_ms=125 bytes=26302
2026-03-14 03:30:08.062 edge /static/style.css status=200 upstream=B rt_ms=224 bytes=33338
2026-03-14 03:30:08.800 edge /api/orders status=200 upstream=B rt_ms=326 bytes=19423
2026-03-14 03:30:09.046 edge / status=200 upstream=B rt_ms=97 bytes=32634
2026-03-14 03:30:09.352 edge /api/orders status=200 upstream=B rt_ms=329 bytes=32782
2026-03-14 03:30:10.637 edge /api/orders status=502 upstream=B rt_ms=66 bytes=1734
2026-03-14 03:30:11.436 edge /api/events status=200 upstream=B rt_ms=136 bytes=34932
2026-03-14 03:30:14.652 edge / status=502 upstream=B rt_ms=342 bytes=36409
2026-03-14 03:30:16.592 edge /api/orders status=200 upstream=B rt_ms=29 bytes=22860
2026-03-14 03:30:20.181 edge /api/orders status=502 upstream=B rt_ms=390 bytes=29350
2026-03-14 03:30:20.216 edge /api/events status=502 upstream=B rt_ms=226 bytes=12292
2026-03-14 03:30:20.540 edge / status=200 upstream=B rt_ms=168 bytes=28908
2026-03-14 03:30:20.853 edge /healthz status=200 upstream=B rt_ms=128 bytes=38778
2026-03-14 03:30:21.730 edge /healthz status=502 upstream=B rt_ms=267 bytes=33552
2026-03-14 03:30:21.965 edge /static/style.css status=200 upstream=B rt_ms=327 bytes=30929
2026-03-14 03:30:22.472 edge /static/style.css status=502 upstream=B rt_ms=316 bytes=34199
2026-03-14 03:30:24.018 edge /healthz status=200 upstream=B rt_ms=56 bytes=2570
2026-03-14 03:30:25.561 edge /api/events status=502 upstream=B rt_ms=211 bytes=4368
2026-03-14 03:30:25.888 edge /api/orders status=200 upstream=B rt_ms=35 bytes=25469
2026-03-14 03:30:26.475 edge / status=200 upstream=B rt_ms=366 bytes=23978
2026-03-14 03:30:26.497 edge /api/events status=200 upstream=B rt_ms=69 bytes=2126
2026-03-14 03:30:27.842 edge /static/style.css status=502 upstream=B rt_ms=182 bytes=15454
2026-03-14 03:30:27.918 edge /healthz status=200 upstream=B rt_ms=123 bytes=29835
2026-03-14 03:30:29.459 edge /api/events status=500 upstream=B rt_ms=323 bytes=3808
2026-03-14 03:30:30.084 edge /healthz status=200 upstream=B rt_ms=86 bytes=16936
2026-03-14 03:30:30.285 edge /api/events status=200 upstream=B rt_ms=163 bytes=19139
2026-03-14 03:30:32.266 edge /static/style.css status=502 upstream=B rt_ms=304 bytes=14180
2026-03-14 03:30:33.219 edge / status=200 upstream=B rt_ms=170 bytes=30446
2026-03-14 03:30:33.416 edge /healthz status=200 upstream=B rt_ms=262 bytes=28926
2026-03-14 03:30:34.801 edge /healthz status=200 upstream=B rt_ms=185 bytes=31692
2026-03-14 03:30:35.980 edge /api/orders status=200 upstream=B rt_ms=314 bytes=5328
2026-03-14 03:30:36.331 edge /healthz status=500 upstream=B rt_ms=233 bytes=12779
2026-03-14 03:30:36.765 edge /api/events status=502 upstream=B rt_ms=190 bytes=18621
2026-03-14 03:30:40.777 edge / status=502 upstream=B rt_ms=228 bytes=2653
2026-03-14 03:30:41.633 edge /api/events status=502 upstream=B rt_ms=340 bytes=36764
2026-03-14 03:30:42.014 edge /api/events status=200 upstream=B rt_ms=157 bytes=36882
2026-03-14 03:30:42.260 edge /healthz status=200 upstream=B rt_ms=314 bytes=20038
2026-03-14 03:30:43.043 edge /static/style.css status=200 upstream=B rt_ms=375 bytes=10209
2026-03-14 03:30:43.308 edge /static/style.css status=502 upstream=B rt_ms=11 bytes=21567
2026-03-14 03:30:46.137 edge /healthz status=200 upstream=B rt_ms=337 bytes=29812
2026-03-14 03:30:46.373 edge /static/style.css status=502 upstream=B rt_ms=392 bytes=31562
2026-03-14 03:30:47.817 edge / status=200 upstream=B rt_ms=355 bytes=35098
2026-03-14 03:30:48.378 edge /static/style.css status=502 upstream=B rt_ms=327 bytes=2895
2026-03-14 03:30:49.582 edge / status=200 upstream=B rt_ms=35 bytes=24264
2026-03-14 03:30:49.819 edge / status=200 upstream=B rt_ms=37 bytes=13620
2026-03-14 03:30:52.230 edge / status=200 upstream=B rt_ms=55 bytes=15437
2026-03-14 03:30:53.349 edge /api/orders status=500 upstream=B rt_ms=219 bytes=28606
2026-03-14 03:30:54.014 edge /api/orders status=200 upstream=B rt_ms=399 bytes=15750
2026-03-14 03:30:54.072 edge /static/style.css status=502 upstream=B rt_ms=285 bytes=23151
2026-03-14 03:30:54.114 edge /api/orders status=502 upstream=B rt_ms=151 bytes=9216
2026-03-14 03:30:54.741 edge /healthz status=502 upstream=B rt_ms=391 bytes=5212
2026-03-14 03:30:55.250 edge /healthz status=200 upstream=B rt_ms=94 bytes=38334
2026-03-14 03:30:55.863 edge / status=200 upstream=B rt_ms=19 bytes=6185
2026-03-14 03:30:59.720 edge / status=200 upstream=B rt_ms=316 bytes=41112
2026-03-14 03:31:00.211 edge /api/orders status=200 upstream=B rt_ms=177 bytes=1201
2026-03-14 03:31:01.275 edge /api/events status=200 upstream=B rt_ms=286 bytes=41347
2026-03-14 03:31:01.824 edge /api/events status=200 upstream=B rt_ms=3 bytes=33454
2026-03-14 03:31:02.547 edge /api/events status=200 upstream=B rt_ms=192 bytes=32819
2026-03-14 03:31:04.399 edge /api/orders status=200 upstream=B rt_ms=103 bytes=39058
2026-03-14 03:31:05.133 edge /static/style.css status=502 upstream=B rt_ms=397 bytes=40880
2026-03-14 03:31:05.147 edge /api/orders status=200 upstream=B rt_ms=284 bytes=25146
2026-03-14 03:31:05.391 edge /static/style.css status=200 upstream=B rt_ms=115 bytes=26190
2026-03-14 03:31:06.091 edge /api/events status=502 upstream=B rt_ms=114 bytes=32992
2026-03-14 03:31:06.136 edge /api/events status=200 upstream=B rt_ms=391 bytes=40766
2026-03-14 03:31:08.668 edge /api/events status=200 upstream=B rt_ms=58 bytes=21309
2026-03-14 03:31:12.285 edge /static/style.css status=200 upstream=B rt_ms=101 bytes=36498
2026-03-14 03:31:12.736 edge /healthz status=200 upstream=B rt_ms=72 bytes=38470
2026-03-14 03:31:13.288 edge / status=502 upstream=B rt_ms=184 bytes=9001
2026-03-14 03:31:14.566 edge /static/style.css status=502 upstream=B rt_ms=399 bytes=36357
2026-03-14 03:31:18.976 edge /api/orders status=200 upstream=B rt_ms=68 bytes=29622
2026-03-14 03:31:20.193 edge /healthz status=200 upstream=B rt_ms=368 bytes=11062
2026-03-14 03:31:21.064 edge /static/style.css status=200 upstream=B rt_ms=138 bytes=35784
2026-03-14 03:31:22.809 edge /api/orders status=200 upstream=B rt_ms=114 bytes=23249
2026-03-14 03:31:22.876 edge /api/orders status=200 upstream=B rt_ms=222 bytes=32231
2026-03-14 03:31:24.198 edge /api/events status=404 upstream=B rt_ms=28 bytes=3286
2026-03-14 03:31:25.960 edge /api/events status=502 upstream=B rt_ms=319 bytes=8358
2026-03-14 03:31:26.510 edge /api/events status=502 upstream=B rt_ms=97 bytes=8449
2026-03-14 03:31:27.946 edge /healthz status=200 upstream=B rt_ms=158 bytes=19755
2026-03-14 03:31:30.983 edge /api/orders status=502 upstream=B rt_ms=366 bytes=10122
2026-03-14 03:31:31.956 edge /healthz status=200 upstream=B rt_ms=216 bytes=32613
2026-03-14 03:31:32.774 edge /healthz status=502 upstream=B rt_ms=134 bytes=10480
2026-03-14 03:31:32.775 edge /healthz status=200 upstream=B rt_ms=174 bytes=13513
2026-03-14 03:31:32.830 edge / status=200 upstream=B rt_ms=94 bytes=7853
2026-03-14 03:31:32.917 edge /api/events status=200 upstream=B rt_ms=207 bytes=20655
2026-03-14 03:31:33.058 edge / status=502 upstream=B rt_ms=51 bytes=22712
2026-03-14 03:31:34.738 edge /healthz status=502 upstream=B rt_ms=169 bytes=27494
2026-03-14 03:31:37.739 edge /static/style.css status=200 upstream=B rt_ms=57 bytes=7558
2026-03-14 03:31:38.216 edge /static/style.css status=502 upstream=B rt_ms=363 bytes=36607
2026-03-14 03:31:39.608 edge / status=200 upstream=B rt_ms=48 bytes=17027
2026-03-14 03:31:41.830 edge /api/orders status=502 upstream=B rt_ms=315 bytes=21014
2026-03-14 03:31:43.778 edge / status=200 upstream=B rt_ms=390 bytes=15766
2026-03-14 03:31:44.761 edge /static/style.css status=502 upstream=B rt_ms=99 bytes=37778
2026-03-14 03:31:45.052 edge /api/orders status=200 upstream=B rt_ms=250 bytes=10426
2026-03-14 03:31:48.051 edge / status=500 upstream=B rt_ms=96 bytes=9568
2026-03-14 03:31:48.868 edge /api/events status=200 upstream=B rt_ms=282 bytes=9326
2026-03-14 03:31:49.457 edge /static/style.css status=502 upstream=B rt_ms=382 bytes=4267
2026-03-14 03:31:50.826 edge /static/style.css status=404 upstream=B rt_ms=21 bytes=26395
2026-03-14 03:31:51.074 edge /api/events status=502 upstream=B rt_ms=254 bytes=757
2026-03-14 03:31:51.434 edge / status=200 upstream=B rt_ms=318 bytes=22527
2026-03-14 03:31:51.546 edge / status=502 upstream=B rt_ms=127 bytes=39971
2026-03-14 03:31:52.046 edge /api/events status=200 upstream=B rt_ms=233 bytes=6314
2026-03-14 03:31:54.019 edge /static/style.css status=200 upstream=B rt_ms=25 bytes=15235
2026-03-14 03:31:56.235 edge /static/style.css status=200 upstream=B rt_ms=156 bytes=2318
2026-03-14 03:31:58.438 edge /static/style.css status=200 upstream=B rt_ms=388 bytes=11130
2026-03-14 03:31:59.834 edge /api/events status=200 upstream=B rt_ms=23 bytes=40892
2026-03-14 03:32:00.943 edge /api/events status=200 upstream=B rt_ms=131 bytes=27520
2026-03-14 03:32:01.314 edge /healthz status=502 upstream=B rt_ms=37 bytes=8272
2026-03-14 03:32:01.744 edge /api/events status=200 upstream=B rt_ms=224 bytes=16491
2026-03-14 03:32:01.884 edge /api/events status=200 upstream=B rt_ms=117 bytes=25937
2026-03-14 03:32:01.951 edge /static/style.css status=502 upstream=B rt_ms=335 bytes=14042
2026-03-14 03:32:02.724 edge /api/events status=200 upstream=B rt_ms=281 bytes=2215
2026-03-14 03:32:04.267 edge /api/orders status=404 upstream=B rt_ms=351 bytes=9593
2026-03-14 03:32:04.557 edge /api/orders status=200 upstream=B rt_ms=368 bytes=16507
2026-03-14 03:32:05.049 edge /api/orders status=200 upstream=B rt_ms=57 bytes=25355
2026-03-14 03:32:05.067 edge / status=502 upstream=B rt_ms=355 bytes=25750
2026-03-14 03:32:06.103 edge / status=502 upstream=B rt_ms=326 bytes=38329
2026-03-14 03:32:06.408 edge /healthz status=502 upstream=B rt_ms=240 bytes=220
2026-03-14 03:32:07.840 edge /api/orders status=200 upstream=B rt_ms=223 bytes=36916
2026-03-14 03:32:08.574 edge / status=502 upstream=B rt_ms=20 bytes=37148
2026-03-14 03:32:09.418 edge /healthz status=200 upstream=B rt_ms=104 bytes=29356
2026-03-14 03:32:10.772 edge / status=502 upstream=B rt_ms=97 bytes=9867
2026-03-14 03:32:11.135 edge /healthz status=200 upstream=B rt_ms=177 bytes=20079
2026-03-14 03:32:11.149 edge / status=200 upstream=B rt_ms=371 bytes=34406
2026-03-14 03:32:12.773 edge /api/orders status=200 upstream=B rt_ms=286 bytes=5713
2026-03-14 03:32:12.820 edge /static/style.css status=200 upstream=B rt_ms=141 bytes=19891
2026-03-14 03:32:13.266 edge /api/orders status=502 upstream=B rt_ms=31 bytes=14870
2026-03-14 03:32:15.159 edge /api/orders status=200 upstream=B rt_ms=213 bytes=35013
2026-03-14 03:32:15.203 edge /healthz status=502 upstream=B rt_ms=216 bytes=32058
2026-03-14 03:32:15.223 edge /healthz status=502 upstream=B rt_ms=377 bytes=6832
2026-03-14 03:32:16.844 edge /static/style.css status=502 upstream=B rt_ms=116 bytes=10857
2026-03-14 03:32:16.994 edge /api/events status=200 upstream=B rt_ms=262 bytes=5475
2026-03-14 03:32:17.735 edge / status=200 upstream=B rt_ms=371 bytes=37910
2026-03-14 03:32:17.766 edge /api/orders status=404 upstream=B rt_ms=136 bytes=37887
2026-03-14 03:32:18.016 edge /api/orders status=200 upstream=B rt_ms=177 bytes=15349
2026-03-14 03:32:19.897 edge / status=200 upstream=B rt_ms=136 bytes=13664
2026-03-14 03:32:21.018 edge /healthz status=502 upstream=B rt_ms=144 bytes=37696
2026-03-14 03:32:24.467 edge /healthz status=500 upstream=B rt_ms=281 bytes=36235
2026-03-14 03:32:25.062 edge /static/style.css status=502 upstream=B rt_ms=379 bytes=14186
2026-03-14 03:32:25.382 edge /api/orders status=502 upstream=B rt_ms=271 bytes=6817
2026-03-14 03:32:26.215 edge / status=502 upstream=B rt_ms=63 bytes=12400
2026-03-14 03:32:26.376 edge /api/events status=200 upstream=B rt_ms=112 bytes=13988
2026-03-14 03:32:27.539 edge /api/orders status=502 upstream=B rt_ms=116 bytes=6748
2026-03-14 03:32:28.222 edge / status=502 upstream=B rt_ms=258 bytes=15429
2026-03-14 03:32:28.906 edge /healthz status=200 upstream=B rt_ms=362 bytes=22320
2026-03-14 03:32:31.497 edge /healthz status=200 upstream=B rt_ms=399 bytes=33026
2026-03-14 03:32:32.175 edge /api/events status=502 upstream=B rt_ms=93 bytes=26563
2026-03-14 03:32:34.254 edge /api/orders status=502 upstream=B rt_ms=29 bytes=14749
2026-03-14 03:32:35.794 edge /healthz status=200 upstream=B rt_ms=217 bytes=5411
2026-03-14 03:32:37.221 edge / status=502 upstream=B rt_ms=29 bytes=40630
2026-03-14 03:32:37.743 edge /api/orders status=200 upstream=B rt_ms=138 bytes=16987
2026-03-14 03:32:37.931 edge /static/style.css status=200 upstream=B rt_ms=344 bytes=26849
2026-03-14 03:32:39.145 edge /api/orders status=502 upstream=B rt_ms=163 bytes=30660
2026-03-14 03:32:40.519 edge /static/style.css status=200 upstream=B rt_ms=395 bytes=38830
2026-03-14 03:32:41.121 edge /api/events status=502 upstream=B rt_ms=62 bytes=9090
2026-03-14 03:32:45.526 edge /healthz status=502 upstream=B rt_ms=371 bytes=28734
2026-03-14 03:32:46.843 edge /healthz status=200 upstream=B rt_ms=223 bytes=18495
2026-03-14 03:32:47.354 edge /static/style.css status=500 upstream=B rt_ms=299 bytes=35972
2026-03-14 03:32:48.530 edge /api/orders status=502 upstream=B rt_ms=93 bytes=16304
2026-03-14 03:32:48.783 edge /healthz status=200 upstream=B rt_ms=147 bytes=21254
2026-03-14 03:32:56.745 edge /healthz status=502 upstream=B rt_ms=168 bytes=38451
2026-03-14 03:32:58.491 edge /api/events status=200 upstream=B rt_ms=393 bytes=7062
2026-03-14 03:32:58.893 edge /api/events status=502 upstream=B rt_ms=111 bytes=39110
2026-03-14 03:32:59.455 edge /api/orders status=200 upstream=B rt_ms=136 bytes=17502
2026-03-14 03:32:59.636 edge /api/orders status=502 upstream=B rt_ms=245 bytes=31427
2026-03-14 03:33:00.163 edge /api/orders status=200 upstream=B rt_ms=306 bytes=41168
2026-03-14 03:33:00.927 edge /healthz status=200 upstream=B rt_ms=43 bytes=32054
2026-03-14 03:33:02.657 edge /api/events status=200 upstream=B rt_ms=250 bytes=18408
2026-03-14 03:33:03.698 edge /api/events status=502 upstream=B rt_ms=177 bytes=11231
2026-03-14 03:33:05.994 edge /api/events status=200 upstream=B rt_ms=36 bytes=4767
2026-03-14 03:33:07.246 edge /api/orders status=200 upstream=B rt_ms=367 bytes=31098
2026-03-14 03:33:07.970 edge /healthz status=200 upstream=B rt_ms=6 bytes=35975
2026-03-14 03:33:10.366 edge /healthz status=502 upstream=B rt_ms=11 bytes=12161
2026-03-14 03:33:10.545 edge /api/events status=500 upstream=B rt_ms=144 bytes=33827
2026-03-14 03:33:12.279 edge /api/orders status=200 upstream=B rt_ms=149 bytes=37455
2026-03-14 03:33:12.333 edge /api/events status=502 upstream=B rt_ms=65 bytes=28602
2026-03-14 03:33:12.571 edge /api/orders status=200 upstream=B rt_ms=75 bytes=12918
2026-03-14 03:33:12.931 edge /api/orders status=502 upstream=B rt_ms=188 bytes=18857
2026-03-14 03:33:14.214 edge /api/events status=502 upstream=B rt_ms=81 bytes=22683
2026-03-14 03:33:14.754 edge /api/orders status=200 upstream=B rt_ms=360 bytes=33635
2026-03-14 03:33:15.506 edge /static/style.css status=502 upstream=B rt_ms=207 bytes=3399
2026-03-14 03:33:17.585 edge /api/orders status=200 upstream=B rt_ms=228 bytes=18199
2026-03-14 03:33:17.888 edge / status=502 upstream=B rt_ms=23 bytes=22759
2026-03-14 03:33:18.663 edge /healthz status=502 upstream=B rt_ms=389 bytes=4747
2026-03-14 03:33:19.325 edge /static/style.css status=502 upstream=B rt_ms=244 bytes=20082
2026-03-14 03:33:21.134 edge /static/style.css status=200 upstream=B rt_ms=4 bytes=40806
2026-03-14 03:33:21.491 edge /healthz status=200 upstream=B rt_ms=74 bytes=22450
2026-03-14 03:33:22.281 edge /healthz status=200 upstream=B rt_ms=240 bytes=7461
2026-03-14 03:33:24.211 edge /healthz status=500 upstream=B rt_ms=85 bytes=18428
2026-03-14 03:33:25.330 edge / status=502 upstream=B rt_ms=70 bytes=35328
2026-03-14 03:33:27.248 edge /api/orders status=404 upstream=B rt_ms=360 bytes=5427
2026-03-14 03:33:27.379 edge /api/orders status=200 upstream=B rt_ms=305 bytes=40940
2026-03-14 03:33:27.705 edge / status=502 upstream=B rt_ms=106 bytes=16201
2026-03-14 03:33:29.160 edge /healthz status=200 upstream=B rt_ms=306 bytes=33394
2026-03-14 03:33:29.435 edge /static/style.css status=200 upstream=B rt_ms=267 bytes=10994
2026-03-14 03:33:30.604 edge /healthz status=502 upstream=B rt_ms=79 bytes=16863
2026-03-14 03:33:31.501 edge /api/events status=200 upstream=B rt_ms=208 bytes=5109
2026-03-14 03:33:32.121 edge /healthz status=502 upstream=B rt_ms=260 bytes=14572
2026-03-14 03:33:32.177 edge /api/events status=502 upstream=B rt_ms=49 bytes=23636
2026-03-14 03:33:32.228 edge / status=200 upstream=B rt_ms=225 bytes=21296
2026-03-14 03:33:32.282 edge / status=200 upstream=B rt_ms=232 bytes=41126
2026-03-14 03:33:32.604 edge /api/events status=404 upstream=B rt_ms=17 bytes=21490
2026-03-14 03:33:32.942 edge / status=200 upstream=B rt_ms=292 bytes=40449
2026-03-14 03:33:33.594 edge /static/style.css status=502 upstream=B rt_ms=108 bytes=39608
2026-03-14 03:33:34.165 edge /healthz status=200 upstream=B rt_ms=334 bytes=17160
2026-03-14 03:33:34.488 edge /api/orders status=200 upstream=B rt_ms=193 bytes=12581
2026-03-14 03:33:35.744 edge / status=200 upstream=B rt_ms=174 bytes=20704
2026-03-14 03:33:36.345 edge /api/events status=200 upstream=B rt_ms=350 bytes=41696
2026-03-14 03:33:37.332 edge / status=502 upstream=B rt_ms=337 bytes=15628
2026-03-14 03:33:37.909 edge /api/orders status=502 upstream=B rt_ms=141 bytes=7267
2026-03-14 03:33:38.458 edge / status=500 upstream=B rt_ms=36 bytes=2883
2026-03-14 03:33:39.209 edge /api/orders status=502 upstream=B rt_ms=177 bytes=19498
2026-03-14 03:33:39.912 edge /api/orders status=502 upstream=B rt_ms=36 bytes=955
2026-03-14 03:33:39.947 edge /healthz status=502 upstream=B rt_ms=42 bytes=336
2026-03-14 03:33:40.409 edge /static/style.css status=502 upstream=B rt_ms=139 bytes=4777
2026-03-14 03:33:40.554 edge / status=502 upstream=B rt_ms=115 bytes=33249
2026-03-14 03:33:40.560 edge /static/style.css status=502 upstream=B rt_ms=87 bytes=2418
2026-03-14 03:33:41.911 edge /static/style.css status=200 upstream=B rt_ms=78 bytes=11429
2026-03-14 03:33:42.211 edge /healthz status=500 upstream=B rt_ms=60 bytes=7498
2026-03-14 03:33:42.694 edge /static/style.css status=502 upstream=B rt_ms=210 bytes=27763
2026-03-14 03:33:42.779 edge /api/events status=502 upstream=B rt_ms=189 bytes=39328
2026-03-14 03:33:43.054 edge /healthz status=502 upstream=B rt_ms=220 bytes=3814
2026-03-14 03:33:43.459 edge /healthz status=502 upstream=B rt_ms=256 bytes=33277
2026-03-14 03:33:43.528 edge / status=502 upstream=B rt_ms=217 bytes=31678
2026-03-14 03:33:47.563 edge / status=200 upstream=B rt_ms=85 bytes=9508
2026-03-14 03:33:47.601 edge /static/style.css status=200 upstream=B rt_ms=92 bytes=21998
2026-03-14 03:33:48.945 edge /static/style.css status=200 upstream=B rt_ms=281 bytes=25042
2026-03-14 03:33:49.108 edge /static/style.css status=200 upstream=B rt_ms=165 bytes=21409
2026-03-14 03:33:51.700 edge /static/style.css status=200 upstream=B rt_ms=71 bytes=2355
2026-03-14 03:33:53.176 edge /api/events status=502 upstream=B rt_ms=312 bytes=8209
2026-03-14 03:33:54.964 edge / status=200 upstream=B rt_ms=190 bytes=27011
2026-03-14 03:33:56.099 edge /healthz status=200 upstream=B rt_ms=23 bytes=19390
2026-03-14 03:33:56.798 edge / status=200 upstream=B rt_ms=232 bytes=12649
2026-03-14 03:33:57.023 edge /static/style.css status=502 upstream=B rt_ms=69 bytes=13533
2026-03-14 03:33:59.117 edge /api/events status=200 upstream=B rt_ms=308 bytes=33433
2026-03-14 03:33:59.549 edge /healthz status=200 upstream=B rt_ms=348 bytes=26722
2026-03-14 03:33:59.604 edge / status=502 upstream=B rt_ms=81 bytes=39904
2026-03-14 03:34:00.561 edge / status=200 upstream=B rt_ms=116 bytes=36744
2026-03-14 03:34:01.075 edge / status=200 upstream=B rt_ms=336 bytes=26188
2026-03-14 03:34:01.199 edge /healthz status=200 upstream=B rt_ms=183 bytes=27221
2026-03-14 03:34:01.338 edge /api/events status=502 upstream=B rt_ms=162 bytes=16909
2026-03-14 03:34:03.229 edge / status=502 upstream=B rt_ms=348 bytes=13100
2026-03-14 03:34:04.453 edge /api/events status=502 upstream=B rt_ms=49 bytes=37609
2026-03-14 03:34:04.586 edge / status=200 upstream=B rt_ms=123 bytes=24418
2026-03-14 03:34:04.875 edge /api/orders status=502 upstream=B rt_ms=166 bytes=40980
2026-03-14 03:34:05.755 edge /static/style.css status=502 upstream=B rt_ms=114 bytes=37473
2026-03-14 03:34:06.978 edge /api/orders status=502 upstream=B rt_ms=137 bytes=13481
2026-03-14 03:34:07.324 edge /healthz status=502 upstream=B rt_ms=238 bytes=10774
2026-03-14 03:34:08.823 edge / status=200 upstream=B rt_ms=116 bytes=16764
2026-03-14 03:34:11.973 edge /api/events status=502 upstream=B rt_ms=280 bytes=37666
2026-03-14 03:34:12.064 edge /api/orders status=200 upstream=B rt_ms=4 bytes=27159
2026-03-14 03:34:13.279 edge / status=502 upstream=B rt_ms=368 bytes=15910
2026-03-14 03:34:13.451 edge / status=200 upstream=B rt_ms=34 bytes=3153
2026-03-14 03:34:13.850 edge /api/orders status=502 upstream=B rt_ms=375 bytes=32075
2026-03-14 03:34:14.527 edge /healthz status=200 upstream=B rt_ms=159 bytes=37968
2026-03-14 03:34:14.834 edge / status=200 upstream=B rt_ms=202 bytes=32962
2026-03-14 03:34:16.084 edge /api/events status=502 upstream=B rt_ms=205 bytes=11578
2026-03-14 03:34:16.629 edge /healthz status=502 upstream=B rt_ms=231 bytes=19603
2026-03-14 03:34:18.086 edge /api/orders status=502 upstream=B rt_ms=393 bytes=39386
2026-03-14 03:34:19.286 edge /api/events status=200 upstream=B rt_ms=357 bytes=12090
2026-03-14 03:34:19.462 edge / status=200 upstream=B rt_ms=393 bytes=13743
2026-03-14 03:34:20.014 edge /healthz status=200 upstream=B rt_ms=163 bytes=688
2026-03-14 03:34:20.212 edge / status=502 upstream=B rt_ms=296 bytes=38363
2026-03-14 03:34:20.570 edge / status=502 upstream=B rt_ms=231 bytes=16692
2026-03-14 03:34:25.768 edge /api/events status=502 upstream=B rt_ms=87 bytes=15417
2026-03-14 03:34:26.473 edge / status=200 upstream=B rt_ms=378 bytes=15237
2026-03-14 03:34:27.064 edge /healthz status=200 upstream=B rt_ms=332 bytes=40044
2026-03-14 03:34:31.084 edge /api/orders status=200 upstream=B rt_ms=324 bytes=30745
2026-03-14 03:34:31.971 edge /api/events status=200 upstream=B rt_ms=6 bytes=5780
2026-03-14 03:34:36.911 edge /healthz status=200 upstream=B rt_ms=212 bytes=29214
2026-03-14 03:34:37.812 edge /static/style.css status=200 upstream=B rt_ms=167 bytes=25565
2026-03-14 03:34:42.366 edge /healthz status=200 upstream=B rt_ms=32 bytes=2136
2026-03-14 03:34:44.814 edge /static/style.css status=200 upstream=B rt_ms=108 bytes=21606
2026-03-14 03:34:44.846 edge /healthz status=502 upstream=B rt_ms=278 bytes=24705
2026-03-14 03:34:45.097 edge /api/orders status=502 upstream=B rt_ms=301 bytes=29277
2026-03-14 03:34:45.378 edge / status=200 upstream=B rt_ms=280 bytes=36694
2026-03-14 03:34:45.978 edge / status=200 upstream=B rt_ms=393 bytes=30115
2026-03-14 03:34:47.508 edge /api/events status=200 upstream=B rt_ms=357 bytes=12221
2026-03-14 03:34:47.888 edge /api/events status=500 upstream=B rt_ms=113 bytes=30308
2026-03-14 03:34:48.379 edge /api/events status=502 upstream=B rt_ms=194 bytes=18280
2026-03-14 03:34:49.091 edge /api/events status=200 upstream=B rt_ms=247 bytes=25368
2026-03-14 03:34:49.537 edge /healthz status=200 upstream=B rt_ms=145 bytes=25850
2026-03-14 03:34:50.094 edge /api/events status=502 upstream=B rt_ms=281 bytes=786
2026-03-14 03:34:50.133 edge /api/orders status=200 upstream=B rt_ms=24 bytes=40850
2026-03-14 03:34:50.142 edge / status=200 upstream=B rt_ms=222 bytes=3553
2026-03-14 03:34:51.249 edge /api/events status=502 upstream=B rt_ms=59 bytes=29956
2026-03-14 03:34:51.572 edge /healthz status=200 upstream=B rt_ms=270 bytes=25375
2026-03-14 03:34:52.831 edge / status=200 upstream=B rt_ms=164 bytes=4187
2026-03-14 03:34:53.509 edge /api/orders status=200 upstream=B rt_ms=298 bytes=22057
2026-03-14 03:34:54.391 edge / status=502 upstream=B rt_ms=391 bytes=32837
2026-03-14 03:34:54.453 edge /api/events status=200 upstream=B rt_ms=48 bytes=33548
2026-03-14 03:34:55.011 edge /healthz status=200 upstream=B rt_ms=184 bytes=3290
