task_id,split,project,image_mib,status,reason,run,run_digest,run_transform,run_variant_status,census_label,census_nop_job,census_evidence,leak_channel,evidence
format-code-task-000003,train,smol_evm,2930,usable,nop sound,original,sha256:c42edb44c60824a76efbfb6670a002fffdc86db5c2fb212644ddd502bb3dc5a5,,,sound,har113-nop-000003,nop graded with reward 0; setup error excused as the agent's missing work,pypi_package,research/experiments/har108-python-census/task_health.parquet#format-code-task-000003
format-code-task-000008,train,manimlib,2614,usable,nop sound,original,sha256:50130de8f20e36b281515620169914227fd0863a156939a948498525bf87b03b,,,sound,har108-nop-000008,nop graded with reward 0,none_found,research/experiments/har108-python-census/task_health.parquet#format-code-task-000008
format-code-task-000016,train,format-code-task-000016,2987,usable,nop sound,original,sha256:5a47420c397638d04b2ea561a10dd9391d679a37b4b3ce739789f77025062414,,,sound,har113-nop-000016,nop graded with reward 0,none_found,research/experiments/har108-python-census/task_health.parquet#format-code-task-000016
format-code-task-000018,train,covalent,3411,usable,nop sound,original,sha256:7b9fa5216404eb7349f377d2eba2328f0714e7f8aa0b25ff95fcc2728996f5cc,,,sound,har115-nop-000018,nop graded with reward 0; setup error excused as the agent's missing work,pypi_package,research/experiments/har108-python-census/task_health.parquet#format-code-task-000018
format-code-task-000019,train,covalent_ui,3428,usable,nop sound,original,sha256:3180db631db179f371592c8f65fee1203be25e1ab847546c5ca686fc91c37941,,,sound,har108-nop-000019,nop graded with reward 0; setup error excused as the agent's missing work,pypi_package,research/experiments/har108-python-census/task_health.parquet#format-code-task-000019
format-code-task-000022,train,format-code-task-000022,4786,usable,"census broken_environment; repaired by env-keep-build-outputs@1, nop sound",repair,sha256:57763bd07c79258df25332740858f2ac22444fae1cc8f755926ccc068da24f94,env-keep-build-outputs@1,validated,broken_environment,har115-nop-000022,ConftestImportFailure: ModuleNotFoundError: No module named 'ape.version' (from /testbed/tests/conftest.py),none_found,research/experiments/har108-python-census/task_health.parquet#format-code-task-000022 library/task-variants/mimo-v2.6-rl__format-code-task-000022/57763bd07c79.json
format-code-task-000023,train,ape,4763,usable,"census broken_environment; repaired by env-login-path@2, nop sound",repair,sha256:1d9811ed41384753a831bdfbc6554a180a9ad7516259ebd58a8e3f73f4119b73,env-login-path@2,validated,broken_environment,har115-nop-000023,/testbed/mimo_test_command.sh: line 5: pytest: command not found,none_found,research/experiments/har108-python-census/task_health.parquet#format-code-task-000023 library/task-variants/mimo-v2.6-rl__format-code-task-000023/1d9811ed4138.json
format-code-task-000031,train,format-code-task-000031,3040,usable,nop sound,original,sha256:78bb1bc31c79b9b2c7115b22717a0261e5db81a220e269995d71161829752ff0,,,sound,har113-nop-000031,nop graded with reward 0,none_found,research/experiments/har108-python-census/task_health.parquet#format-code-task-000031
format-code-task-000041,train,github.com/CS-SI/eodag,668,usable,"nop sound, leak closed",leak-closed,sha256:9f6a4c94edfc439aac23cf5f29a3d12f6d6a8e62ff9adbd00081cb1c2689d8b2,leak-close-pypi@1,candidate,sound,har108-nop-000041,nop graded with reward 0,pypi_fix_released,research/experiments/har108-python-census/task_health.parquet#format-code-task-000041 library/task-variants/mimo-v2.6-rl__format-code-task-000041/9f6a4c94edfc.json
format-code-task-000042,train,cartoframes,3390,usable,nop sound,original,sha256:6c2e82ab7d547463e8557ba5dc74436e34eaa0dddc40353c878eb363140254da,,,sound,har115-nop-000042,nop graded with reward 0,pypi_package,research/experiments/har108-python-census/task_health.parquet#format-code-task-000042
format-code-task-000043,train,cartoframes,3387,usable,nop sound,original,sha256:aadae6ed2f94c26fb5ed32587948dcf2a80683689c47c916b7879f417474c1b0,,,sound,har108-nop-000043,nop graded with reward 0,none_found,research/experiments/har108-python-census/task_health.parquet#format-code-task-000043
format-code-task-000049,train,flocker,3025,usable,nop sound,original,sha256:175c9c07b2be9a369f0e3ff6989935cefed3d591625e87773423d7cb0b52dd35,,,sound,har113-nop-000049,nop graded with reward 0,none_found,research/experiments/har108-python-census/task_health.parquet#format-code-task-000049
format-code-task-000050,train,core,3018,usable,nop sound,original,sha256:ba7293938da25ec7c525bde8ac7a2ea2fa2ddcde097f41943f7bf5bb1d77da1d,,,sound,har108-nop-000050,nop graded with reward 0; setup error excused as the agent's missing work,none_found,research/experiments/har108-python-census/task_health.parquet#format-code-task-000050
format-code-task-000051,train,ssg,3191,usable,nop sound,original,sha256:0bc037eaa0abf9b7fa2baab70f3809b30c8258c2c7ec4cb5bf364a455eb8b044,,,sound,har115-nop-000051,nop graded with reward 0,none_found,research/experiments/har108-python-census/task_health.parquet#format-code-task-000051
format-code-task-000067,train,directory,3684,usable,nop sound,original,sha256:e79683b64dbb7158dd536a3e15037409cc7cb42513a93e3f33e5c3f510b11e0f,,,sound,har115-nop-000067,nop graded with reward 0,pypi_package,research/experiments/har108-python-census/task_health.parquet#format-code-task-000067
format-code-task-000076,heldout,format-code-task-000076,3333,usable,nop sound,original,sha256:3a8defcffafb4d0bdeba0ad32a36b9a1d90a9ca727e320aeac98170a2f432303,,,sound,har108-nop-000076,nop graded with reward 0,none_found,research/experiments/har108-python-census/task_health.parquet#format-code-task-000076
format-code-task-000077,train,disnake,470,usable,"nop sound, leak closed",leak-closed,sha256:f2de721422c60a3a4412b6a832248aa830662db2a8b0221a25a450148a68b4ec,leak-close-pypi@1,candidate,sound,har108-nop-000077,nop graded with reward 0,pypi_fix_released,research/experiments/har108-python-census/task_health.parquet#format-code-task-000077 library/task-variants/mimo-v2.6-rl__format-code-task-000077/f2de721422c6.json
format-code-task-000079,train,impedance,3059,usable,nop sound,original,sha256:443bc8ed6bfe34f19c7b0c92e2ea081c09d93dac05f56c71c1be62c26a211fa5,,,sound,har113-nop-000079,nop graded with reward 0,pypi_package,research/experiments/har108-python-census/task_health.parquet#format-code-task-000079
format-code-task-000080,train,format-code-task-000080,3412,usable,"census broken_environment; repaired by env-keep-build-outputs@1, nop sound",repair,sha256:70cf87693117bc03fb81711598958caf84316d28346337b6068f8426de3a38b9,env-keep-build-outputs@1,validated,broken_environment,har108-nop-000080,File config.vars not found: you must run ./configure before running make.,none_found,research/experiments/har108-python-census/task_health.parquet#format-code-task-000080 library/task-variants/mimo-v2.6-rl__format-code-task-000080/70cf87693117.json
format-code-task-000081,train,xdoctest,3040,usable,nop sound,original,sha256:a937eb7637aa762290c37d2c94f649f8d6bf1ecbef234e23107b08376a3b4cfb,,,sound,har108-nop-000081,nop graded with reward 0,pypi_package,research/experiments/har108-python-census/task_health.parquet#format-code-task-000081
format-code-task-000083,train,f5,2951,usable,nop sound,original,sha256:a725ad2c9beda8bad450b730f1808fa1af1f6dbe649d5f2bad0b71a78f990b99,,,sound,har108-nop-000083,nop graded with reward 0; setup error excused as the agent's missing work,none_found,research/experiments/har108-python-census/task_health.parquet#format-code-task-000083
format-code-task-000084,train,gymnasium,4016,usable,nop sound,original,sha256:bcda9b8b31145010274261931ad8457b4af34c1bca1f26eae2829b38372e4358,,,sound,har108-nop-000084,nop graded with reward 0,pypi_package,research/experiments/har108-python-census/task_health.parquet#format-code-task-000084
format-code-task-000085,train,github.com/Farama-Foundation/Gymnasium,1265,usable,"nop sound, leak closed",leak-closed,sha256:f36c3e65a0868b522a604563c785f12d8f21d96bb8de90842be2623e77aa2774,leak-close-pypi@1,candidate,sound,har113-nop-000085,nop graded with reward 0,pypi_fix_released,research/experiments/har108-python-census/task_health.parquet#format-code-task-000085 library/task-variants/mimo-v2.6-rl__format-code-task-000085/f36c3e65a086.json
format-code-task-000087,heldout,format-code-task-000087,3227,usable,nop sound,original,sha256:64bc3ceeae5950080d5866b11819a3760646698829250c2c08c4e47644be2d63,,,sound,har108-nop-000087,nop graded with reward 0,none_found,research/experiments/har108-python-census/task_health.parquet#format-code-task-000087
format-code-task-000089,train,format-code-task-000089,2988,usable,nop sound,original,sha256:1ad15be80c6e7e27db358ec08c955025a592cc2dee96dd885340f302a78dc308,,,sound,har113-nop-000089,nop graded with reward 0,none_found,research/experiments/har108-python-census/task_health.parquet#format-code-task-000089
format-code-task-000090,train,opcua,2965,usable,nop sound,original,sha256:ec2ebae30fc1d2446e7d0afa5f52b777ffaa9c38dec99002fe4f965b32396930,,,sound,har113-nop-000090,nop graded with reward 0,none_found,research/experiments/har108-python-census/task_health.parquet#format-code-task-000090
format-code-task-000092,train,gpflow,1528,usable,"nop sound, leak closed",leak-closed,sha256:f7242916a6a3f75ffd72aa1b054ec1b6ef695eb6d4a6f99a80a8a2a6269861c7,leak-close-pypi@1,candidate,sound,har113-nop-000092,nop graded with reward 0,pypi_fix_released,research/experiments/har108-python-census/task_health.parquet#format-code-task-000092 library/task-variants/mimo-v2.6-rl__format-code-task-000092/f7242916a6a3.json
format-code-task-000093,train,github.com/conda-forge/gmt-feedstock,1283,usable,"nop sound, leak closed",leak-closed,sha256:cd7afefddebd0637b128a7349f193bd70c1836c68da7d5d1826cbeebe0e6802c,leak-close-pypi@1,candidate,sound,har113-nop-000093,nop graded with reward 0; setup error excused as the agent's missing work,pypi_fix_released,research/experiments/har108-python-census/task_health.parquet#format-code-task-000093 library/task-variants/mimo-v2.6-rl__format-code-task-000093/cd7afefddebd.json
format-code-task-000100,train,pint,2997,usable,nop sound,original,sha256:d0a2636e11cc5dc5242c76ea1de9428180a67abd6dbff35cd51e87dd05ba130f,,,sound,har113-nop-000100,nop graded with reward 0,pypi_package,research/experiments/har108-python-census/task_health.parquet#format-code-task-000100
format-code-task-000102,train,google,467,usable,nop sound,original,sha256:34550b6a93985f0ae9e1f5b9307a31beb4bd29ec23577dae1a80f1c6adff9e6c,,,sound,har108-nop-000102,nop graded with reward 0,none_found,research/experiments/har108-python-census/task_health.parquet#format-code-task-000102
format-code-task-000110,train,format-code-task-000110,627,usable,"nop sound, leak closed",leak-closed,sha256:a974d6e128e45a863fc457156fd308e750fe47472a0f9a05fcdd495fea14089f,leak-close-pypi@1,candidate,sound,har108-nop-000110,nop graded with reward 0,pypi_fix_released,research/experiments/har108-python-census/task_health.parquet#format-code-task-000110 library/task-variants/mimo-v2.6-rl__format-code-task-000110/a974d6e128e4.json
format-code-task-000114,train,hypothesis-python,3137,usable,nop sound,original,sha256:aa4ede411ca44363fbaccd280d9e585d40d8b132adf9694ac5ee3bf1d5c15a07,,,sound,har113-nop-000114,nop graded with reward 0,none_found,research/experiments/har108-python-census/task_health.parquet#format-code-task-000114
format-code-task-000115,train,whole-repo-tests,3028,usable,nop sound,original,sha256:653684ba7d9a11dd80bd54ac9c4e86499936b550161e79f59e72b189c50becb8,,,sound,har108-nop-000115,nop graded with reward 0,none_found,research/experiments/har108-python-census/task_health.parquet#format-code-task-000115
format-code-task-000116,train,hypothesis-python,3083,usable,nop sound,original,sha256:bc67fe4b3256889d0edb2ddecb0bb1aaac192b4f48c9dc1776dcb0f9248a51ee,,,sound,har113-nop-000116,nop graded with reward 0,none_found,research/experiments/har108-python-census/task_health.parquet#format-code-task-000116
format-code-task-000119,train,lale,4119,usable,nop sound,original,sha256:dca0b23dcf86336b8f76a7eef6dd3097ee75a9a32e877083c5844607ba080e0a,,,sound,har115-nop-000119,nop graded with reward 0,pypi_package,research/experiments/har108-python-census/task_health.parquet#format-code-task-000119
format-code-task-000122,train,pyomo,3443,usable,nop sound,original,sha256:3f146ae5bce512c23e6ae7f4415dfe888efa2c5676517ae0d48857de01fc4110,,,sound,har115-nop-000122,nop graded with reward 0; setup error excused as the agent's missing work,pypi_package,research/experiments/har108-python-census/task_health.parquet#format-code-task-000122
format-code-task-000124,train,app,3031,discarded,grade unconfirmed: fixtures expect tables Alembic migrations would create (no such table: user); no environment repair identified (har115-diag-000124),original,sha256:c6f1487efdf23755404637b3a9ebb45712f07ecb1a34633ed07d72f1de38a1ff,,,grader_suspect,har113-nop-000124,"no test results; last output: ======================== 7 warnings, 11 errors in 2.01s ========================",none_found,research/experiments/har108-python-census/task_health.parquet#format-code-task-000124
format-code-task-000125,train,libcst,3058,usable,nop sound,original,sha256:f2a6a2a15a59f4ba32ffeeccfb3897850d3b1f16000e983f357c2b2952188fb1,,,sound,har113-nop-000125,nop graded with reward 0,pypi_package,research/experiments/har108-python-census/task_health.parquet#format-code-task-000125
format-code-task-000126,heldout,openood,5890,usable,nop sound,original,sha256:32f1e07da5170ebf5ee255453e0e42bab3239c337d8d505e6ec76c83565e2ed8,,,sound,har115-nop-000126,nop graded with reward 0,none_found,research/experiments/har108-python-census/task_health.parquet#format-code-task-000126
format-code-task-000127,heldout,format-code-task-000127,3383,usable,nop sound,original,sha256:cf52d5ed9169ab4dfaf0f8c08d31108383ef71b870a036fd9b2f76f2b2b442ce,,,sound,har115-nop-000127,nop graded with reward 0,none_found,research/experiments/har108-python-census/task_health.parquet#format-code-task-000127
format-code-task-000141,train,format-code-task-000141,3037,usable,"nop sound, leak closed",leak-closed,sha256:490931e9475597d1734cea5c1324e7fb17fe456bdcfda444ece5c36b900cb70a,leak-close-pypi@1,candidate,sound,har108-nop-000141,nop graded with reward 0,pypi_fix_released,research/experiments/har108-python-census/task_health.parquet#format-code-task-000141 library/task-variants/mimo-v2.6-rl__format-code-task-000141/490931e94755.json
format-code-task-000142,heldout,github.com/PyTorchLightning/pytorch-lightning,1449,usable,nop sound,original,sha256:933f3c32e9720d8e2168c318e33c01a7ac9fdad9ed701d89f9b4b4d053c1d8ef,,,sound,har108-nop-000142,nop graded with reward 0,git_only,research/experiments/har108-python-census/task_health.parquet#format-code-task-000142
format-code-task-000143,heldout,github.com/PyTorchLightning/pytorch-lightning,1537,usable,nop sound,original,sha256:d05069cbc1ef8773f9908166f304cf46c90e1e1d4c2b935c3128d6842097c931,,,sound,har113-nop-000143,nop graded with reward 0,git_only,research/experiments/har108-python-census/task_health.parquet#format-code-task-000143
format-code-task-000144,train,format-code-task-000144,1424,usable,"nop sound, leak closed",leak-closed,sha256:58699c40d9806988282282e53c2235f0b12a9403d7d4c0fe3e16cc1482bc2981,leak-close-pypi@1,candidate,sound,har113-nop-000144,nop graded with reward 0,pypi_fix_released,research/experiments/har108-python-census/task_health.parquet#format-code-task-000144 library/task-variants/mimo-v2.6-rl__format-code-task-000144/58699c40d980.json
format-code-task-000145,heldout,github.com/PyTorchLightning/pytorch-lightning,932,usable,"nop sound, leak closed",leak-closed,sha256:a3a1bb9b46b39eb375da1e8483a9dc3603ef2a5b569e86d4771ecd78af961510,leak-close-pypi@1,candidate,sound,har108-nop-000145,nop graded with reward 0,pypi_fix_released,research/experiments/har108-python-census/task_health.parquet#format-code-task-000145 library/task-variants/mimo-v2.6-rl__format-code-task-000145/a3a1bb9b46b3.json
format-code-task-000146,train,format-code-task-000146,1648,usable,"nop sound, leak closed",leak-closed,sha256:3415583f08d45afa011bc4230848a083058ca14c9dca2166e849056727da7a71,leak-close-pypi@1,candidate,sound,har108-nop-000146,nop graded with reward 0,pypi_fix_released,research/experiments/har108-python-census/task_health.parquet#format-code-task-000146 library/task-variants/mimo-v2.6-rl__format-code-task-000146/3415583f08d4.json
format-code-task-000147,heldout,github.com/PyTorchLightning/pytorch-lightning,1536,usable,"nop sound, leak closed",leak-closed,sha256:1156c8a251f88558b40e7b4e7ab1e3a7e2314a02bb819cdc99862dc7f1eeb153,leak-close-pypi@1,candidate,sound,har113-nop-000147,nop graded with reward 0,pypi_fix_released,research/experiments/har108-python-census/task_health.parquet#format-code-task-000147 library/task-variants/mimo-v2.6-rl__format-code-task-000147/1156c8a251f8.json
format-code-task-000148,train,format-code-task-000148,2299,usable,"nop sound, leak closed",leak-closed,sha256:b84ea3ac9817159cdb4c2f21bb5f6095637bdbca51d78e24259004bfa6c75705,leak-close-pypi@1,candidate,sound,har108-nop-000148,nop graded with reward 0,pypi_fix_released,research/experiments/har108-python-census/task_health.parquet#format-code-task-000148 library/task-variants/mimo-v2.6-rl__format-code-task-000148/b84ea3ac9817.json
format-code-task-000149,train,github.com/PyTorchLightning/metrics,1331,usable,"nop sound, leak closed",leak-closed,sha256:86912a7d030e992ba39f7088ac069baa12a28bce92f56af5e845ddc8d69ea564,leak-close-pypi@1,candidate,sound,har113-nop-000149,nop graded with reward 0,pypi_fix_released,research/experiments/har108-python-census/task_health.parquet#format-code-task-000149 library/task-variants/mimo-v2.6-rl__format-code-task-000149/86912a7d030e.json
format-code-task-000152,train,format-code-task-000152,456,usable,"nop sound, leak closed",leak-closed,sha256:5dd5aecaadcf65db98598cd78c8a67e335198f4862710a2b992f16f113578950,leak-close-pypi@1,candidate,sound,har108-nop-000152,nop graded with reward 0,pypi_fix_released,research/experiments/har108-python-census/task_health.parquet#format-code-task-000152 library/task-variants/mimo-v2.6-rl__format-code-task-000152/5dd5aecaadcf.json
format-code-task-000153,train,robocop,2946,usable,nop sound,original,sha256:00af459e540201ce7ad425bcb23b10d88b42553d1159d41f9cae7e650ab62b60,,,sound,har113-nop-000153,nop graded with reward 0,none_found,research/experiments/har108-python-census/task_health.parquet#format-code-task-000153
format-code-task-000154,train,robocop,2946,usable,nop sound,original,sha256:52e5af4096a500b9b3a45c23a1acb63445ecbed7e400738de032922c50730d7d,,,sound,har108-nop-000154,nop graded with reward 0; setup error excused as the agent's missing work,none_found,research/experiments/har108-python-census/task_health.parquet#format-code-task-000154
format-code-task-000155,train,format-code-task-000155,442,usable,"nop sound, leak closed",leak-closed,sha256:89d56b87badd1ac2870f62148c99a91ad69b8c81b2e28bb30e490828d3839afc,leak-close-pypi@1,candidate,sound,har113-nop-000155,nop graded with reward 0,pypi_fix_released,research/experiments/har108-python-census/task_health.parquet#format-code-task-000155 library/task-variants/mimo-v2.6-rl__format-code-task-000155/89d56b87badd.json
format-code-task-000156,train,format-code-task-000156,443,usable,"nop sound, leak closed",leak-closed,sha256:7e0bb12d0281270843433d242e531c99907a835c174b7068f1a5a954122251f0,leak-close-pypi@1,candidate,sound,har108-nop-000156,nop graded with reward 0,pypi_fix_released,research/experiments/har108-python-census/task_health.parquet#format-code-task-000156 library/task-variants/mimo-v2.6-rl__format-code-task-000156/7e0bb12d0281.json
format-code-task-000157,heldout,format-code-task-000157,442,usable,"nop sound, leak closed",leak-closed,sha256:b14ad4f47486b4d1db0e5db989206a684417206777da2ff15fa3bfbcf12a12b6,leak-close-pypi@1,candidate,sound,har108-nop-000157,nop graded with reward 0,pypi_fix_released,research/experiments/har108-python-census/task_health.parquet#format-code-task-000157 library/task-variants/mimo-v2.6-rl__format-code-task-000157/b14ad4f47486.json
format-code-task-000158,train,format-code-task-000158,420,usable,"census broken_environment; repaired by env-keep-build-outputs@1, nop sound",repair,sha256:648af3093326c8af48859e416cdaf1995d9270821b7aef7de6104fe3d9ccf3e8,env-keep-build-outputs@1,validated,broken_environment,har113-nop-000158,raise PackageNotFoundError(name),pypi_fix_released,research/experiments/har108-python-census/task_health.parquet#format-code-task-000158 library/task-variants/mimo-v2.6-rl__format-code-task-000158/648af3093326.json
format-code-task-000159,train,format-code-task-000159,405,usable,"census broken_environment; repaired by env-keep-build-outputs@1, nop sound",repair,sha256:2ad471b8c15d6d1a1cfc5f295e5fd5ce8ead313ea2c3a1b7822893cfb53097d9,env-keep-build-outputs@1,validated,broken_environment,har113-nop-000159,___________________ ERROR collecting tests/test_simplify.py ____________________,pypi_fix_released,research/experiments/har108-python-census/task_health.parquet#format-code-task-000159 library/task-variants/mimo-v2.6-rl__format-code-task-000159/2ad471b8c15d.json
format-code-task-000160,train,format-code-task-000160,440,usable,"census broken_environment; repaired by env-keep-build-outputs@1, nop sound",repair,sha256:6e67105d2c972c449345976b65467e36299a674c448b89e4cd5aceb9f3403775,env-keep-build-outputs@1,validated,broken_environment,har113-nop-000160,___________________ ERROR collecting tests/test_simplify.py ____________________,pypi_fix_released,research/experiments/har108-python-census/task_health.parquet#format-code-task-000160 library/task-variants/mimo-v2.6-rl__format-code-task-000160/6e67105d2c97.json
format-code-task-000161,train,format-code-task-000161,422,usable,"census broken_environment; repaired by env-keep-build-outputs@1, nop sound",repair,sha256:eee3b18c925e21496850a51bdeaecf76d744c12299a37fc9aa56bc93b65d737c,env-keep-build-outputs@1,validated,broken_environment,har113-nop-000161,___________________ ERROR collecting tests/test_simplify.py ____________________,pypi_fix_released,research/experiments/har108-python-census/task_health.parquet#format-code-task-000161 library/task-variants/mimo-v2.6-rl__format-code-task-000161/eee3b18c925e.json
format-code-task-000163,train,format-code-task-000163,3218,usable,nop sound,original,sha256:8ea2622fd596cc6b631fd5980e7b9a940610ed3a00b78dad653f5b85a36a9049,,,sound,har115-nop-000163,nop graded with reward 0,none_found,research/experiments/har108-python-census/task_health.parquet#format-code-task-000163
format-code-task-000164,train,duckdb_engine,499,usable,"nop sound, leak closed",leak-closed,sha256:1454cc25cff4fff1bc2e62ba0770971f295775bf52fbbaf14387870cfd913695,leak-close-pypi@1,candidate,sound,har108-nop-000164,nop graded with reward 0,pypi_fix_released,research/experiments/har108-python-census/task_health.parquet#format-code-task-000164 library/task-variants/mimo-v2.6-rl__format-code-task-000164/1454cc25cff4.json
format-code-task-000168,train,pycute,6653,usable,nop sound,original,sha256:bf83366994e76767c8ee294f0c18885b9fc743da5bf2ac457bccfe734d75e07a,,,sound,har115-nop-000168,nop graded with reward 0,pypi_package,research/experiments/har108-python-census/task_health.parquet#format-code-task-000168
format-code-task-000169,heldout,hpccm,2935,usable,nop sound,original,sha256:8d85e8accf1b321af4c9a2a98855480a3e0899d0fac8a8574359d43f7957f141,,,sound,har113-nop-000169,nop graded with reward 0,pypi_package,research/experiments/har108-python-census/task_health.parquet#format-code-task-000169
format-code-task-000171,train,bilibili_api,3343,usable,nop sound,original,sha256:7eb233b0aabe5596a103adda20da7edcede7578dc1dbe9c38b045bc5ca6fefee,,,sound,har115-nop-000171,nop graded with reward 0,none_found,research/experiments/har108-python-census/task_health.parquet#format-code-task-000171
format-code-task-000175,train,github.com/NeurodataWithoutBorders/pynwb,699,usable,"nop sound, leak closed",leak-closed,sha256:3526edaea263c1af93b47b6d7244671ca7dc4f8e450039cca99c01f7d10da6b9,leak-close-pypi@1,candidate,sound,har113-nop-000175,nop graded with reward 0,pypi_fix_released,research/experiments/har108-python-census/task_health.parquet#format-code-task-000175 library/task-variants/mimo-v2.6-rl__format-code-task-000175/3526edaea263.json
format-code-task-000177,train,l10n_br_account_withholding,4006,usable,nop sound,original,sha256:6e5bda64cf32afbd94b3ba88e78a6997e540feac7ba65134f45a6b169b3ce907,,,sound,har108-nop-000177,nop graded with reward 0,none_found,research/experiments/har108-python-census/task_health.parquet#format-code-task-000177
format-code-task-000178,train,odoo,3762,usable,nop sound,original,sha256:4acbb25f7a7c8081a04924bb71882d541b8f7365d0013011b568c78af632b619,,,sound,har108-nop-000178,nop graded with reward 0,none_found,research/experiments/har108-python-census/task_health.parquet#format-code-task-000178
format-code-task-000179,train,odoo,4933,usable,nop sound,original,sha256:19fddc7833fafec0238ba2339a6785ce57f9f161882da1b32a6075fd63115a61,,,sound,har108-nop-000179,nop graded with reward 0,none_found,research/experiments/har108-python-census/task_health.parquet#format-code-task-000179
format-code-task-000181,train,osmnames,3210,usable,nop sound,original,sha256:dd3490a2a0fe47ce24f35ee4c5a53e2289620c90f35bd08be9fd514c97aeb56b,,,sound,har115-nop-000181,nop graded with reward 0,none_found,research/experiments/har108-python-census/task_health.parquet#format-code-task-000181
format-code-task-000182,train,geoalchemy2,3209,usable,nop sound,original,sha256:6a34fd8a5f06facdbed26bca5232e77475ff1cd1f0c199fcccc297cefe411920,,,sound,har108-nop-000182,nop graded with reward 0,none_found,research/experiments/har108-python-census/task_health.parquet#format-code-task-000182
format-code-task-000183,train,parcels,3373,discarded,grade unconfirmed: pytest segfaults (exit 139) in the compiled parcels/scipy stack during the census nop (har115-nop-000183); no diagnosed environment repair,original,sha256:6646e34b5035f26f972f8c44f7a5b9b762437d062a21499b0b39efb871a08e83,,,grader_suspect,har115-nop-000183,no test results; last output: /testbed/mimo_test_command.sh: line 8: 457 Segmentation fault (core dumped) python3 -m pytest tests/test_advection.py tests/test_diffusion.py tests/test_fieldset.py tests/test_fieldset_sampling.py te…,pypi_package,research/experiments/har108-python-census/task_health.parquet#format-code-task-000183
format-code-task-000189,train,openmdao,3275,usable,nop sound,original,sha256:cac17495c301ec3b9fc745ee670db613b0ad7553867e992f26c4fc22fb9682a4,,,sound,har108-nop-000189,nop graded with reward 0,none_found,research/experiments/har108-python-census/task_health.parquet#format-code-task-000189
format-code-task-000190,train,pydp,2942,usable,"census broken_environment; repaired by env-keep-build-outputs@1, nop sound",repair,sha256:dd4c842c8aeedd04d9d13587946a1a5319e423804fe96896ec27310ae2a3b504,env-keep-build-outputs@1,validated,broken_environment,har113-nop-000190,__ ERROR collecting tests/algorithms/test_laplacian_batch_stream_contract.py ___,pypi_package,research/experiments/har108-python-census/task_health.parquet#format-code-task-000190 library/task-variants/mimo-v2.6-rl__format-code-task-000190/dd4c842c8aee.json
format-code-task-000191,train,api,4436,usable,nop sound,original,sha256:3d656d1f34ea0c86227b4737e7e98c13da5ebecc94af8729148aea06e476bb9e,,,sound,har115-nop-000191,nop graded with reward 0; setup error excused as the agent's missing work,none_found,research/experiments/har108-python-census/task_health.parquet#format-code-task-000191
format-code-task-000195,train,paddle,4405,usable,nop sound,original,sha256:886c592f27f75e08dd102c9ac4b47e5b4d8eb9cd49507d5d7cbd4c18bd608c75,,,sound,har115-nop-000195,nop graded with reward 0,pypi_package,research/experiments/har108-python-census/task_health.parquet#format-code-task-000195
format-code-task-000199,train,format-code-task-000199,3226,usable,nop sound,original,sha256:03258691dfb070e1fc4ca4ac964c113089ad753210a032fa3c0c045d68dc7380,,,sound,har108-nop-000199,nop graded with reward 0,none_found,research/experiments/har108-python-census/task_health.parquet#format-code-task-000199
format-code-task-000200,train,format-code-task-000200,3366,usable,nop sound,original,sha256:f2a8d6f65695032f4b231fe7388a6cf70a7d38b1a1ef6ee593cc58847c5ab658,,,sound,har115-nop-000200,nop graded with reward 0,none_found,research/experiments/har108-python-census/task_health.parquet#format-code-task-000200
format-code-task-000201,train,pennylane,3281,usable,nop sound,original,sha256:017cd9942a780fb0c8c42c30fdf5a708f144d4f32cfd1d3413d1a16a25767a9d,,,sound,har115-nop-000201,nop graded with reward 0; setup error excused as the agent's missing work,pypi_package,research/experiments/har108-python-census/task_health.parquet#format-code-task-000201
format-code-task-000202,train,pennylane,733,usable,"nop sound, leak closed",leak-closed,sha256:251f900851fb46e42a06c1b826c0c3a01b4e1d8b91b1926f9480985e275951d6,leak-close-pypi@1,candidate,sound,har113-nop-000202,nop graded with reward 0,pypi_fix_released,research/experiments/har108-python-census/task_health.parquet#format-code-task-000202 library/task-variants/mimo-v2.6-rl__format-code-task-000202/251f900851fb.json
format-code-task-000203,train,format-code-task-000203,3294,usable,nop sound,original,sha256:e9d88e66bcd6cc41b38ee7085bd4b478e9ae42095ee753c06cd1a6ced20b9aa1,,,sound,har115-nop-000203,nop graded with reward 0,none_found,research/experiments/har108-python-census/task_health.parquet#format-code-task-000203
format-code-task-000204,heldout,pennylane,3318,usable,nop sound,original,sha256:0ea560d2dd17cd81f098defdbc541495df05b615b1d3511bef0b3beea98236c0,,,sound,har108-nop-000204,nop graded with reward 0,pypi_package,research/experiments/har108-python-census/task_health.parquet#format-code-task-000204
format-code-task-000209,train,posthog,8239,usable,nop sound,original,sha256:ab53489f28b44da59e43a804776bc9470ebaa6b30023c982124da1a75718bb47,,,sound,har108-nop-000209,nop graded with reward 0,none_found,research/experiments/har108-python-census/task_health.parquet#format-code-task-000209
format-code-task-000211,heldout,posthog,10162,usable,nop sound,original,sha256:6bad3e9e93b9fc34050bd69af4cfc73bea4e73b38ad512ab2b96b72af2b3b6bb,,,sound,har108-nop-000211,nop graded with reward 0; setup error excused as the agent's missing work,pypi_package,research/experiments/har108-python-census/task_health.parquet#format-code-task-000211
format-code-task-000212,train,format-code-task-000212,3242,usable,nop sound,original,sha256:7c28e5ecb8e4ba63dd160840bd7067480607f17913c664ea48cef3150e3b4824,,,sound,har115-nop-000212,nop graded with reward 0,none_found,research/experiments/har108-python-census/task_health.parquet#format-code-task-000212
format-code-task-000213,train,pendulum,3293,usable,nop sound,original,sha256:4f9403fb0e6b55717512908c1bb6c058d0115e8ce52702a83515a35ca05e9052,,,sound,har115-nop-000213,nop graded with reward 0,none_found,research/experiments/har108-python-census/task_health.parquet#format-code-task-000213
format-code-task-000215,train,monai,3989,usable,nop sound,original,sha256:1f580a4c02263d992194b98602fdb06f955492495718d555f867fdf4ef92755a,,,sound,har108-nop-000215,nop graded with reward 0,none_found,research/experiments/har108-python-census/task_health.parquet#format-code-task-000215
format-code-task-000216,train,torch,11266,usable,nop sound,original,sha256:b94bf9cb8967d679db54923fb08ed9a9cfb5bc4dd4340853679128f8cf8df1d1,,,sound,har115-nop-000216,nop graded with reward 0; setup error excused as the agent's missing work,pypi_package,research/experiments/har108-python-census/task_health.parquet#format-code-task-000216
format-code-task-000219,train,featurex,3099,usable,nop sound,original,sha256:a95830af84b1d63fda7962c838f0dc65f8426bbc437be25ad9ae7b7c581b4431,,,sound,har108-nop-000219,nop graded with reward 0,none_found,research/experiments/har108-python-census/task_health.parquet#format-code-task-000219
format-code-task-000220,train,fades,2989,usable,nop sound,original,sha256:033658cae2ea50b003510f2958ba0e5fd40dbc914d094338ad39d58eb253b119,,,sound,mimo-qual-c-format-code-task-000220,nop graded with reward 0,pypi_package,research/experiments/har108-python-census/task_health.parquet#format-code-task-000220
format-code-task-000221,train,format-code-task-000221,2934,usable,nop sound,original,sha256:fccbb140250905ffbef839802934ab9254f272dfa42609f9dad0d067d38d73ad,,,sound,har113-nop-000221,nop graded with reward 0,none_found,research/experiments/har108-python-census/task_health.parquet#format-code-task-000221
format-code-task-000222,train,bugbear,2970,usable,nop sound,original,sha256:ab4f495fc7a19f57461cd98a07e2000b48785344bd6f0707bc7514fa80c8b03d,,,sound,har113-nop-000222,nop graded with reward 0,none_found,research/experiments/har108-python-census/task_health.parquet#format-code-task-000222
format-code-task-000223,train,format-code-task-000223,3023,usable,nop sound,original,sha256:7e0ab7b2431e294bed578ff12ddeadd93e38affe051ba30e00655c3c774874b1,,,sound,har113-nop-000223,nop graded with reward 0,none_found,research/experiments/har108-python-census/task_health.parquet#format-code-task-000223
format-code-task-000224,train,format-code-task-000224,3001,usable,nop sound,original,sha256:f941825ac4514e5deeffb2a0d79a1db141d2d149f0b9c7de54014f80fe337ae2,,,sound,har113-nop-000224,nop graded with reward 0,none_found,research/experiments/har108-python-census/task_health.parquet#format-code-task-000224
format-code-task-000225,train,linopy,528,usable,"census broken_environment; repaired by env-keep-build-outputs@1, nop sound",repair,sha256:cbecf3e09a7057e3bbee11772676e93405a4382b3872c4f0e2215b02e048e9cb,env-keep-build-outputs@1,validated,broken_environment,har108-nop-000225,____________________ ERROR collecting test/test_variable.py ____________________,pypi_fix_released,research/experiments/har108-python-census/task_health.parquet#format-code-task-000225 library/task-variants/mimo-v2.6-rl__format-code-task-000225/cbecf3e09a70.json
format-code-task-000226,train,github.com/Pylons/waitress,388,usable,"nop sound, leak closed",leak-closed,sha256:9666803bf54883a0c0a7bc2741a448be0d77fc8faa159af0bde02ab9633d7b4b,leak-close-pypi@1,validated,sound,har105-qual-py-000226,nop graded with reward 0,pypi_fix_released,research/experiments/har108-python-census/task_health.parquet#format-code-task-000226 library/task-variants/mimo-v2.6-rl__format-code-task-000226/9666803bf548.json
format-code-task-000227,train,github.com/devpi/devpi,425,usable,"nop sound, leak closed",leak-closed,sha256:611f1bc3e8dfe77818f05bd368336c4af13e2ad3799e3ac97c7165b2c9dae792,leak-close-pypi@1,candidate,sound,har108-nop-000227,nop graded with reward 0,pypi_fix_released,research/experiments/har108-python-census/task_health.parquet#format-code-task-000227 library/task-variants/mimo-v2.6-rl__format-code-task-000227/611f1bc3e8df.json
format-code-task-000228,train,qiskit,3244,usable,nop sound,original,sha256:7e43e8d0c2a8eea3cb3fdcb4f18d056155d569a06febd3f01ece7c0f43f814b6,,,sound,har108-nop-000228,nop graded with reward 0,none_found,research/experiments/har108-python-census/task_health.parquet#format-code-task-000228
format-code-task-000229,train,qiskit,744,usable,"nop sound, leak closed",leak-closed,sha256:2171063bf8180db6f37271af6028ead850001b2433f380880548f755537c124a,leak-close-pypi@1,candidate,sound,har113-nop-000229,nop graded with reward 0; setup error excused as the agent's missing work,pypi_fix_released,research/experiments/har108-python-census/task_health.parquet#format-code-task-000229 library/task-variants/mimo-v2.6-rl__format-code-task-000229/2171063bf818.json
format-code-task-000230,train,github.com/Qiskit/qiskit-terra,770,usable,nop sound,original,sha256:1cbdcd7da3356107acdd8b17bb6a975aa208dbe4b230dff254b1d26434a49c80,,,sound,har113-nop-000230,nop graded with reward 0; setup error excused as the agent's missing work,git_only,research/experiments/har108-python-census/task_health.parquet#format-code-task-000230
format-code-task-000232,train,quantecon,3140,usable,nop sound,original,sha256:627d6082cbe17636ef46359720c693ceb22983935209f0d3928ef00998c64fda,,,sound,har108-nop-000232,nop graded with reward 0; setup error excused as the agent's missing work,pypi_package,research/experiments/har108-python-census/task_health.parquet#format-code-task-000232
format-code-task-000233,heldout,format-code-task-000233,3336,usable,nop sound,original,sha256:97258faf681985160ea8f5a6088f045b4cff1f7f868425a7af00c72125023d29,,,sound,har115-nop-000233,nop graded with reward 0,none_found,research/experiments/har108-python-census/task_health.parquet#format-code-task-000233
format-code-task-000234,train,quarkchain,2971,usable,nop sound,original,sha256:cf91aae65f3b2247d7b682abbad778dc775886988f773d276392d9003f4edf06,,,sound,har113-nop-000234,nop graded with reward 0,none_found,research/experiments/har108-python-census/task_health.parquet#format-code-task-000234
format-code-task-000235,train,format-code-task-000235,4874,usable,nop sound,original,sha256:75995c741f04bee7bacff04e3fc4a0c97670c40bc1e5138e4112a92af5269c7d,,,sound,har108-nop-000235,nop graded with reward 0,none_found,research/experiments/har108-python-census/task_health.parquet#format-code-task-000235
format-code-task-000237,train,enforce,2929,usable,nop sound,original,sha256:5929118977d41f2037b29e91cfa735990b5a6842dc818fbdc9b60c8276a85a16,,,sound,har113-nop-000237,nop graded with reward 0,pypi_package,research/experiments/har108-python-census/task_health.parquet#format-code-task-000237
format-code-task-000238,train,Lib,4759,discarded,"broken environment, no known repair: /testbed/.build_env/test_command.sh: line 4: cargo: command not found (env-login-path@2 rejected on its nop)",original,sha256:63546e7b655c34ed0c1615ddc0f89d4349981fe309ff7f04c0600b5628ef0bd2,,,broken_environment,har115-nop-000238,/testbed/.build_env/test_command.sh: line 4: cargo: command not found,none_found,research/experiments/har108-python-census/task_health.parquet#format-code-task-000238 library/task-variants/mimo-v2.6-rl__format-code-task-000238/a3485fb06ded.json
format-code-task-000239,train,SALib,486,usable,"nop sound, leak closed",leak-closed,sha256:aa37c5c33a1338e1beb977815bc49b8bec87737f4ac67bbc3625b27d9c81fde7,leak-close-pypi@1,candidate,sound,har113-nop-000239,nop graded with reward 0,pypi_fix_released,research/experiments/har108-python-census/task_health.parquet#format-code-task-000239 library/task-variants/mimo-v2.6-rl__format-code-task-000239/aa37c5c33a13.json
format-code-task-000241,train,smt,3445,usable,nop sound,original,sha256:a1609c5fda2ac2460153f53bd3653a8d92a33d6387865639d716a47ae5f0b2c9,,,sound,har115-nop-000241,nop graded with reward 0,none_found,research/experiments/har108-python-census/task_health.parquet#format-code-task-000241
format-code-task-000242,train,github.com/user-attachments/assets,674,usable,"nop sound, leak closed",leak-closed,sha256:3755ded9b1e93620e6212baa4336fc1acc1ffe4f7dbbf109c834a6f0d37ec877,leak-close-pypi@1,candidate,sound,har108-nop-000242,nop graded with reward 0,pypi_fix_released,research/experiments/har108-python-census/task_health.parquet#format-code-task-000242 library/task-variants/mimo-v2.6-rl__format-code-task-000242/3755ded9b1e9.json
format-code-task-000253,train,gcloud,3159,usable,nop sound,original,sha256:c980eaa5b15e3429fef447e121d7a240bb11a6c4218fa527763494f5a72f7764,,,sound,har108-nop-000253,nop graded with reward 0,pypi_package,research/experiments/har108-python-census/task_health.parquet#format-code-task-000253
format-code-task-000255,train,theano,3255,usable,nop sound,original,sha256:4a804984d6fb62bd028cf7bff81ca4b879f2e98d42f57a4172e211d30d74a247,,,sound,har108-nop-000255,nop graded with reward 0,pypi_package,research/experiments/har108-python-census/task_health.parquet#format-code-task-000255
format-code-task-000256,heldout,theano,3310,usable,nop sound,original,sha256:914030707bce61e7141482a86286827f0cdf086d959d80751f4698fe433fb0c1,,,sound,har115-nop-000256,nop graded with reward 0,pypi_package,research/experiments/har108-python-census/task_health.parquet#format-code-task-000256
format-code-task-000257,train,theano,3106,usable,nop sound,original,sha256:e401caa0d2972fb928603eccb0291230bd948145e52c6cfe44b71bf551ec3342,,,sound,har113-nop-000257,nop graded with reward 0,pypi_package,research/experiments/har108-python-census/task_health.parquet#format-code-task-000257
format-code-task-000262,train,torchio,5886,usable,nop sound,original,sha256:dc95e90ebaceb0aa2c1348e885b8e8ee9f1bbd7af07f184701a9519d7578b930,,,sound,har108-nop-000262,nop graded with reward 0; setup error excused as the agent's missing work,pypi_package,research/experiments/har108-python-census/task_health.parquet#format-code-task-000262
format-code-task-000263,train,tracecat,3471,usable,nop sound,original,sha256:b72f688bebfd9abe16724f861b9015c66c4107e01644b3937e9658330af6c697,,,sound,har115-nop-000263,nop graded with reward 0,none_found,research/experiments/har108-python-census/task_health.parquet#format-code-task-000263
format-code-task-000264,train,tracecat,3471,usable,nop sound,original,sha256:ce98132fb34d38c2fb1f52ae21c5f47d2fc90a39f74dc3c01360d2abaf6d648b,,,sound,har108-nop-000264,nop graded with reward 0,none_found,research/experiments/har108-python-census/task_health.parquet#format-code-task-000264
format-code-task-000272,train,format-code-task-000272,800,usable,"nop sound, leak closed",leak-closed,sha256:7d3cf69d09a090faf0ad559a8f09d88681e316bef7c6fd20c9a5f2eae33cec86,leak-close-pypi@1,candidate,sound,har113-nop-000272,nop graded with reward 0,pypi_fix_released,research/experiments/har108-python-census/task_health.parquet#format-code-task-000272 library/task-variants/mimo-v2.6-rl__format-code-task-000272/7d3cf69d09a0.json
format-code-task-000273,train,metpy,4374,usable,nop sound,original,sha256:9ff083c99d4457d8d70cca0f6cead503fdd352b7c13441afd95ae4a1105dca14,,,sound,har115-nop-000273,nop graded with reward 0,pypi_package,research/experiments/har108-python-census/task_health.parquet#format-code-task-000273
format-code-task-000275,train,github.com/Unstructured-IO/unstructured-python-client,548,usable,"nop sound, leak closed",leak-closed,sha256:832d90b15fcccdf589da9d69394c57fac36dc0adbe9c28dbac139a96e0f81198,leak-close-pypi@1,candidate,sound,har113-nop-000275,nop graded with reward 0,pypi_fix_released,research/experiments/har108-python-census/task_health.parquet#format-code-task-000275 library/task-variants/mimo-v2.6-rl__format-code-task-000275/832d90b15fcc.json
format-code-task-000279,train,weblate,8394,usable,nop sound,original,sha256:90617bb3db74d083f03f1ac5911c8824e116dffe0bdc2ea40cfc48c44dab6cc6,,,sound,har108-nop-000279,nop graded with reward 0,none_found,research/experiments/har108-python-census/task_health.parquet#format-code-task-000279
format-code-task-000281,train,common,5649,usable,nop sound,original,sha256:2f1a8ef472434bbf59bfbce832266b4fa998a838173a679a44e13c77c9725beb,,,sound,har115-nop-000281,nop graded with reward 0,none_found,research/experiments/har108-python-census/task_health.parquet#format-code-task-000281
format-code-task-000285,heldout,confz,3006,usable,nop sound,original,sha256:598c6f337b9b26bc1ea8ada9c33dfeb19667017d58932e19df801b44e7f3aa79,,,sound,har113-nop-000285,nop graded with reward 0,none_found,research/experiments/har108-python-census/task_health.parquet#format-code-task-000285
format-code-task-000296,train,example,2932,usable,nop sound,original,sha256:e16790b847a9aa038009c3e282962b5ccbfacf15a367c9966a12e1abecca7a05,,,sound,har113-nop-000296,nop graded with reward 0,pypi_package,research/experiments/har108-python-census/task_health.parquet#format-code-task-000296
format-code-task-000297,heldout,github.com/adamchainz/django-upgrade,428,usable,"nop sound, leak closed",leak-closed,sha256:f9cdd753b444487b59455b259935b5a2597c12ebbd862f3c7d42353430f18a83,leak-close-pypi@1,candidate,sound,har108-nop-000297,nop graded with reward 0,pypi_fix_released,research/experiments/har108-python-census/task_health.parquet#format-code-task-000297 library/task-variants/mimo-v2.6-rl__format-code-task-000297/f9cdd753b444.json
format-code-task-000302,train,scoary,468,usable,nop sound,original,sha256:8f02885733b664a5a489f0e5d2499acc6c46f6dd1070fbd5678d3be3bd716092,,,sound,har113-nop-000302,nop graded with reward 0; setup error excused as the agent's missing work,pypi_package,research/experiments/har108-python-census/task_health.parquet#format-code-task-000302
format-code-task-000306,train,sklearn,4773,usable,nop sound,original,sha256:1293e51b565da9174df3282adc5636d2052e64980c5395907175502885998a16,,,sound,har115-nop-000306,nop graded with reward 0,none_found,research/experiments/har108-python-census/task_health.parquet#format-code-task-000306
format-code-task-000310,train,github.com/pymc-devs/pymc,723,usable,"nop sound, leak closed",leak-closed,sha256:2119935866004ebd50a2b7217588b4fafc99c749d952b7e74157e86089657229,leak-close-pypi@1,candidate,sound,har108-nop-000310,nop graded with reward 0,pypi_fix_released,research/experiments/har108-python-census/task_health.parquet#format-code-task-000310 library/task-variants/mimo-v2.6-rl__format-code-task-000310/211993586600.json
format-code-task-000311,train,github.com/aestrivex/bctpy,528,usable,"nop sound, leak closed",leak-closed,sha256:705beedf9494d7892c6f4f801d8ceb99ce63e715be7747d56376767db4fb7c1b,leak-close-pypi@1,candidate,sound,har113-nop-000311,nop graded with reward 0,pypi_fix_released,research/experiments/har108-python-census/task_health.parquet#format-code-task-000311 library/task-variants/mimo-v2.6-rl__format-code-task-000311/705beedf9494.json
format-code-task-000312,train,dynamic_preferences,3015,usable,nop sound,original,sha256:64d4bc23e17274e449053a7d8cca2cd17c8b5aa713375f82fd5f6a86f1ede4d6,,,sound,har113-nop-000312,nop graded with reward 0,none_found,research/experiments/har108-python-census/task_health.parquet#format-code-task-000312
format-code-task-000313,train,torus,454,usable,nop sound,original,sha256:c569585b81afe956cb25cddd0ab5376ff3466907b59990153bf88f483d92adf6,,,sound,har108-nop-000313,nop graded with reward 0,pypi_package,research/experiments/har108-python-census/task_health.parquet#format-code-task-000313
format-code-task-000315,train,apscheduler,1075,usable,nop sound,original,sha256:51779b44b442a5bc848fa4f4254044a9d85decba9d6e216cbef14fe9eda2c51c,,,sound,har113-nop-000315,nop graded with reward 0,none_found,research/experiments/har108-python-census/task_health.parquet#format-code-task-000315
format-code-task-000318,train,fake_gnomix_model,1189,usable,nop sound,original,sha256:c7f509d3a49ea9d06bb3b47da14c273019c67993053c6456e2e9b22d62ddb634,,,sound,har113-nop-000318,nop graded with reward 0,none_found,research/experiments/har108-python-census/task_health.parquet#format-code-task-000318
format-code-task-000320,train,ants,660,usable,nop sound,original,sha256:5c518da7955335408bc1b63e9f6cf89b1f6e1f35ff694aa64fc2b05e3359eed8,,,sound,har113-nop-000320,nop graded with reward 0,pypi_package,research/experiments/har108-python-census/task_health.parquet#format-code-task-000320
format-code-task-000322,train,format-code-task-000322,3108,usable,nop sound,original,sha256:f8e3a0380faead850e005eb613b68d1018c1c8287c1e5ea6b2fda4b70cb950dc,,,sound,har108-nop-000322,nop graded with reward 0,none_found,research/experiments/har108-python-census/task_health.parquet#format-code-task-000322
format-code-task-000323,train,aiohttp,3034,usable,nop sound,original,sha256:09dc30b383aa229416313d8f9908ddac7d95dcd86e2348f30502fd55dfcdd606,,,sound,har108-nop-000323,nop graded with reward 0; setup error excused as the agent's missing work,pypi_package,research/experiments/har108-python-census/task_health.parquet#format-code-task-000323
format-code-task-000324,heldout,aiohttp,457,usable,nop sound,original,sha256:7eee85e472a7675acfdc42ac7d10720e8e095ff2e6f0e296f8e0b673fe7cefdf,,,sound,har113-nop-000324,nop graded with reward 0; setup error excused as the agent's missing work,pypi_package,research/experiments/har108-python-census/task_health.parquet#format-code-task-000324
format-code-task-000325,train,aiogram,3002,usable,nop sound,original,sha256:1ef8058fc34a007fe01e0d5f1738b45075e22b87a96853d631f8413757db2d9d,,,sound,har113-nop-000325,nop graded with reward 0; setup error excused as the agent's missing work,pypi_package,research/experiments/har108-python-census/task_health.parquet#format-code-task-000325
format-code-task-000326,train,aiogram,3001,usable,nop sound,original,sha256:905b4e44bb943e791dbea88a3a9f7ef978a9a64fecc32c7505595b53c371c732,,,sound,har113-nop-000326,nop graded with reward 0; setup error excused as the agent's missing work,none_found,research/experiments/har108-python-census/task_health.parquet#format-code-task-000326
format-code-task-000327,train,airbyte_cdk,3991,usable,nop sound,original,sha256:1fb24c603b0cd32da5e8581278277b1810ee12fd408cf793d9e2decc36846fba,,,sound,har108-nop-000327,nop graded with reward 0,pypi_package,research/experiments/har108-python-census/task_health.parquet#format-code-task-000327
format-code-task-000328,train,requests_mock,4029,usable,nop sound,original,sha256:13fa33f9276f122c38bd93aea7727c626ed43209522123b89be4a785c3351f90,,,sound,har115-nop-000328,nop graded with reward 0; setup error excused as the agent's missing work,pypi_package,research/experiments/har108-python-census/task_health.parquet#format-code-task-000328
format-code-task-000329,train,airbyte-integrations,4160,usable,nop sound,original,sha256:1856577af445b06e8b59a66003dd1050accee8e279fc5b5d711ebf07767f6ad4,,,sound,har108-nop-000329,nop graded with reward 0,none_found,research/experiments/har108-python-census/task_health.parquet#format-code-task-000329
format-code-task-000330,train,pendulum,4136,usable,nop sound,original,sha256:5e4b7a5f0dbd6e479e2215ff5253f3b6469be1e5876ec3b555c81c97dcea4400,,,sound,har115-nop-000330,nop graded with reward 0,none_found,research/experiments/har108-python-census/task_health.parquet#format-code-task-000330
format-code-task-000332,heldout,peekingduck,1342,usable,nop sound,original,sha256:1c6eb3e5ca30206d84196c652294a029849378cb92ff6be40e4d3ec0026a012c,,,sound,har113-nop-000332,nop graded with reward 0; setup error excused as the agent's missing work,pypi_package,research/experiments/har108-python-census/task_health.parquet#format-code-task-000332
format-code-task-000333,train,darker,2947,usable,nop sound,original,sha256:e2ea002590623f4d9d8086bbba1086e6207991acaa0c536f39432dc95422470a,,,sound,har113-nop-000333,nop graded with reward 0,pypi_package,research/experiments/har108-python-census/task_health.parquet#format-code-task-000333
format-code-task-000334,train,github.com/pypa/pip,3041,usable,nop sound,original,sha256:a23d1b0e0b48a68b1a6b9d7e300992fb76384cd5ea974c712dabc620a359c630,,,sound,har108-nop-000334,nop graded with reward 0,pypi_package,research/experiments/har108-python-census/task_health.parquet#format-code-task-000334
format-code-task-000336,train,format-code-task-000336,3109,usable,nop sound,original,sha256:6b5250296c7347443afee00f495903c4cbf5a2ba6fb01dbafa569ec10cb8c1b7,,,sound,har108-nop-000336,nop graded with reward 0,none_found,research/experiments/har108-python-census/task_health.parquet#format-code-task-000336
format-code-task-000337,heldout,albumentations,1650,usable,nop sound,original,sha256:95ccf5db6b6d359c65ba8e5ae1561ca13b21b556335a9ba9c6a21388b8af5e2f,,,sound,har108-nop-000337,nop graded with reward 0,pypi_package,research/experiments/har108-python-census/task_health.parquet#format-code-task-000337
format-code-task-000338,train,format-code-task-000338,3545,usable,nop sound,original,sha256:c163a8f2aa6e448b44434f02d2eebae7e0092ac2a970015197af2f1a096fcddb,,,sound,har108-nop-000338,nop graded with reward 0,none_found,research/experiments/har108-python-census/task_health.parquet#format-code-task-000338
format-code-task-000339,train,albucore,6022,usable,nop sound,original,sha256:4f8b657530f9dbb46807b22abd284b4863d09f1bc732af11b04ca9fa199d39df,,,sound,har115-nop-000339,nop graded with reward 0,none_found,research/experiments/har108-python-census/task_health.parquet#format-code-task-000339
format-code-task-000341,train,vyper,396,usable,nop sound,original,sha256:303037d50d00ae5c7c57af92bc646ef54e397ec9f2cdd7c9afb0baa7506d4e4b,,,sound,har113-nop-000341,nop graded with reward 0,pypi_package,research/experiments/har108-python-census/task_health.parquet#format-code-task-000341
format-code-task-000343,train,fpgaconvnet,1085,usable,nop sound,original,sha256:98eb72ac739c50fce777997705f00d6f55d962abd5f646fd731e0f356ddac9f1,,,sound,har108-nop-000343,nop graded with reward 0,none_found,research/experiments/har108-python-census/task_health.parquet#format-code-task-000343
format-code-task-000349,train,format-code-task-000349,772,usable,nop sound,original,sha256:eba3a49e6526deb6001164647e878293b700a77702ed54a0e1eff54d159b4802,,,sound,har113-nop-000349,nop graded with reward 0,none_found,research/experiments/har108-python-census/task_health.parquet#format-code-task-000349
format-code-task-000352,train,format-code-task-000352,3103,usable,nop sound,original,sha256:62fd15c2821054cc17d6834e9afc0a44c42031d5c64e1bf84e992954b1d7d279,,,sound,har108-nop-000352,nop graded with reward 0,none_found,research/experiments/har108-python-census/task_health.parquet#format-code-task-000352
format-code-task-000354,train,format-code-task-000354,3055,usable,"census broken_environment; repaired by env-keep-build-outputs@1, nop sound",repair,sha256:2e6e4ec12b96606550a19b37d7691f0dc6b78e0550072c774e031394eda839f2,env-keep-build-outputs@1,validated,broken_environment,har113-nop-000354,"raise DistributionNotFound(req, requirers)",none_found,research/experiments/har108-python-census/task_health.parquet#format-code-task-000354 library/task-variants/mimo-v2.6-rl__format-code-task-000354/2e6e4ec12b96.json
format-code-task-000357,heldout,allennlp,8644,usable,nop sound,original,sha256:bd03399c59d7c2ed389f7d2dc0239ef08fb84a4b4d9f9f8daf9a77a600e464d7,,,sound,har115-nop-000357,nop graded with reward 0,pypi_package,research/experiments/har108-python-census/task_health.parquet#format-code-task-000357
format-code-task-000360,train,scrapy,3129,usable,nop sound,original,sha256:6f5637a93731b3d1536f8b3b9073944e208cdc66f6745b542eacdafe2f9703ab,,,sound,har108-nop-000360,nop graded with reward 0,none_found,research/experiments/har108-python-census/task_health.parquet#format-code-task-000360
format-code-task-000363,train,format-code-task-000363,510,usable,"nop sound, leak closed",leak-closed,sha256:38c872f3668f0fedcbf886b4359525c8112a81359f230902867008da727d1585,leak-close-pypi@1,candidate,sound,har108-nop-000363,nop graded with reward 0,pypi_fix_released,research/experiments/har108-python-census/task_health.parquet#format-code-task-000363 library/task-variants/mimo-v2.6-rl__format-code-task-000363/38c872f3668f.json
format-code-task-000364,train,alpaca,3042,usable,nop sound,original,sha256:2f81c13789e7287e0ce1699539d6fae4d225d5c92cd21a6a4e39336f0065057b,,,sound,har113-nop-000364,nop graded with reward 0; setup error excused as the agent's missing work,pypi_package,research/experiments/har108-python-census/task_health.parquet#format-code-task-000364
format-code-task-000365,train,alpaca,483,usable,"nop sound, leak closed",leak-closed,sha256:a331e542d2fcccca7d6f3c2cc315a69a0e19c7048222796f7f1f725b77bb00d1,leak-close-pypi@1,candidate,sound,har113-nop-000365,nop graded with reward 0,pypi_fix_released,research/experiments/har108-python-census/task_health.parquet#format-code-task-000365 library/task-variants/mimo-v2.6-rl__format-code-task-000365/a331e542d2fc.json
format-code-task-000366,heldout,alpaca,3042,usable,nop sound,original,sha256:3687382f7b6193f4beeb64f4ee64f96a5b497075c6d94d7b31e5b259fc1e4797,,,sound,har113-nop-000366,nop graded with reward 0; setup error excused as the agent's missing work,pypi_package,research/experiments/har108-python-census/task_health.parquet#format-code-task-000366
format-code-task-000370,train,featuretools,3188,usable,nop sound,original,sha256:774da686671749b0c404cbc0767d227ea3b8ad5f1daad332ffd56d0d78553440,,,sound,har115-nop-000370,nop graded with reward 0,none_found,research/experiments/har108-python-census/task_health.parquet#format-code-task-000370
format-code-task-000371,train,woodwork,535,usable,"nop sound, leak closed",leak-closed,sha256:82d27a9e6d41e401298df0dd57d5ad95361837f5e3f34f4037ada0c89f9536a9,leak-close-pypi@1,candidate,sound,har113-nop-000371,nop graded with reward 0,pypi_fix_released,research/experiments/har108-python-census/task_health.parquet#format-code-task-000371 library/task-variants/mimo-v2.6-rl__format-code-task-000371/82d27a9e6d41.json
format-code-task-000372,train,format-code-task-000372,2947,usable,nop sound,original,sha256:b5658032fa02a6b43b7bf8ba78182603055d2a2d4eacafef17058e23198abc19,,,sound,har113-nop-000372,nop graded with reward 0,none_found,research/experiments/har108-python-census/task_health.parquet#format-code-task-000372
format-code-task-000377,train,PIL,625,usable,"census broken_environment; repaired by env-keep-build-outputs@1, nop sound",repair,sha256:d287a33499bca48c1f7241633923f0cad0e10777dd1432921cedd68769618541,env-keep-build-outputs@1,validated,broken_environment,har108-nop-000377,________ ERROR collecting usercase-test-coderl/test_recolor_session.py _________,pypi_package,research/experiments/har108-python-census/task_health.parquet#format-code-task-000377 library/task-variants/mimo-v2.6-rl__format-code-task-000377/d287a33499bc.json
format-code-task-000379,heldout,format-code-task-000379,2935,usable,nop sound,original,sha256:b48ff892a260336d562b3486bca0e471179a95e0736875382fbe4a9617c31b50,,,sound,har113-nop-000379,nop graded with reward 0,none_found,research/experiments/har108-python-census/task_health.parquet#format-code-task-000379
format-code-task-000383,train,quickfix,498,usable,nop sound,original,sha256:da5de5025dc1e2446c236bfd7d89337a7e478cc41d8645e8ae79c0d331941303,,,sound,har105-qual-py-000383,nop graded with reward 0,none_found,research/experiments/har108-python-census/task_health.parquet#format-code-task-000383
format-code-task-000389,train,github.com/ansible-collections/community.postgresql,444,usable,nop sound,original,sha256:b513547d8be673108b1be9f16b3872c0fea90737a235ce03be05deebaead5389,,,sound,har113-nop-000389,nop graded with reward 0,git_only,research/experiments/har108-python-census/task_health.parquet#format-code-task-000389
format-code-task-000390,train,github.com/ansible/ansible-rulebook,828,usable,"nop sound, leak closed",leak-closed,sha256:738feed2cb1f33b48cf9645f9fb64e1f45e74f9cad86245d59fba1124233c317,leak-close-pypi@1,candidate,sound,har108-nop-000390,nop graded with reward 0,pypi_fix_released,research/experiments/har108-python-census/task_health.parquet#format-code-task-000390 library/task-variants/mimo-v2.6-rl__format-code-task-000390/738feed2cb1f.json
format-code-task-000392,train,github.com/openstack/ansible-collections-openstack,3774,usable,"census broken_environment; repaired by env-keep-build-outputs@1, nop sound",repair,sha256:4193bdb781fb64458070b5a878877768dfcfc91bb6eb383cd952c1e93c1f2d79,env-keep-build-outputs@1,validated,broken_environment,har115-nop-000392,"raise DistributionNotFound(req, requirers)",git_only,research/experiments/har108-python-census/task_health.parquet#format-code-task-000392 library/task-variants/mimo-v2.6-rl__format-code-task-000392/4193bdb781fb.json
format-code-task-000393,train,format-code-task-000393,444,discarded,molecule's schema rejects the delegated driver its own tests configure (har115-diag2-000393); no known repair kind,original,sha256:64315b469678460321eb0cce16b0d168f8016088f9a7b2e37a9e62104155e786,,,broken_environment,har113-nop-000393,_______ ERROR at setup of test_default_env_double_nested_does_not_raise ________,pypi_fix_released,research/experiments/har108-python-census/task_health.parquet#format-code-task-000393
format-code-task-000402,train,github.com/boto/boto3,453,usable,"nop sound, leak closed",leak-closed,sha256:79855357903b552682da1f77ff2c0e05b2cd4252304617500b58894a394c129a,leak-close-pypi@1,candidate,sound,har108-nop-000402,nop graded with reward 0,pypi_fix_released,research/experiments/har108-python-census/task_health.parquet#format-code-task-000402 library/task-variants/mimo-v2.6-rl__format-code-task-000402/79855357903b.json
format-code-task-000403,train,format-code-task-000403,1131,usable,nop sound,original,sha256:f4b3e4b5fe857bddcc9c5d5aea6033f483c7c20b1ab0d4067ecb04c03d68b303,,,sound,har108-nop-000403,nop graded with reward 0,git_only,research/experiments/har108-python-census/task_health.parquet#format-code-task-000403
format-code-task-000404,train,github.com/apache/airflow,3772,usable,nop sound,original,sha256:48791e0f7a79efe92ce7801ea6ac0ba96c4beb27c944b7f5ac1dadc23cc7d337,,,sound,har108-nop-000404,nop graded with reward 0,git_only,research/experiments/har108-python-census/task_health.parquet#format-code-task-000404
format-code-task-000405,train,github.com/apache/airflow,1242,usable,nop sound,original,sha256:53eb700f88588f80c41e8ae3213b45f44d97a1602075397f70f2eef761ae16ca,,,sound,har113-nop-000405,nop graded with reward 0,git_only,research/experiments/har108-python-census/task_health.parquet#format-code-task-000405
format-code-task-000406,train,github.com/apache/airflow,1121,usable,nop sound,original,sha256:9a036a7e2f9ddbfd42bb672d44db9c9f6e07da654310919d10cc7877759ffdd0,,,sound,har113-nop-000406,nop graded with reward 0,git_only,research/experiments/har108-python-census/task_health.parquet#format-code-task-000406
format-code-task-000407,train,github.com/apache/airflow,1134,usable,nop sound,original,sha256:6a4b5510ebb6d9123dc125d308caec6a373574684a43c0aabd82959c948aa538,,,sound,har108-nop-000407,nop graded with reward 0,git_only,research/experiments/har108-python-census/task_health.parquet#format-code-task-000407
format-code-task-000408,train,github.com/apache/airflow,1279,usable,nop sound,original,sha256:b0a119dca0640d1131d13045ef7d947763f38f730b25602ea854e12aea0b489a,,,sound,har108-nop-000408,nop graded with reward 0,git_only,research/experiments/har108-python-census/task_health.parquet#format-code-task-000408
format-code-task-000409,train,github.com/apache/airflow,1169,usable,nop sound,original,sha256:3ef1b0a48bf5814021c530a9290f936519cf4338f878b97c1423350ddcf88277,,,sound,har108-nop-000409,nop graded with reward 0,git_only,research/experiments/har108-python-census/task_health.parquet#format-code-task-000409
format-code-task-000410,train,github.com/apache/airflow,1252,usable,nop sound,original,sha256:c2303c64c8b0f62984bff61a4e570f3c3531b850998c223779232adf857434dd,,,sound,har108-nop-000410,nop graded with reward 0,git_only,research/experiments/har108-python-census/task_health.parquet#format-code-task-000410
format-code-task-000411,train,github.com/apache/airflow,1175,usable,nop sound,original,sha256:27b647ef2fd34444a28c038bfc322e72e37fd50ea80066100eb18c233c5ea312,,,sound,har113-nop-000411,nop graded with reward 0,git_only,research/experiments/har108-python-census/task_health.parquet#format-code-task-000411
format-code-task-000412,train,github.com/apache/airflow,1202,usable,nop sound,original,sha256:6bf02e21e32a2db5654cb2141ba6220d28c414b8c1306a9933104e791f2fa45d,,,sound,har113-nop-000412,nop graded with reward 0,git_only,research/experiments/har108-python-census/task_health.parquet#format-code-task-000412
format-code-task-000413,train,github.com/apache/airflow,1218,usable,nop sound,original,sha256:627a90192fb0d49b9b8c30eb09843206fc2c74409b63bda18ead2b547e5dc364,,,sound,har113-nop-000413,nop graded with reward 0,git_only,research/experiments/har108-python-census/task_health.parquet#format-code-task-000413
format-code-task-000414,train,github.com/apache/airflow,1230,usable,nop sound,original,sha256:d4ad7c6d2a9c1827c67e9cf21adb3f3b438e9da9a1f44dadc86e73482b61a4b5,,,sound,har108-nop-000414,nop graded with reward 0,git_only,research/experiments/har108-python-census/task_health.parquet#format-code-task-000414
format-code-task-000415,train,github.com/apache/airflow,1258,usable,nop sound,original,sha256:d48e5cd45861cee049efe32b432bc5767cb490e25e2676c52fd8366b2a4fbaf2,,,sound,har108-nop-000415,nop graded with reward 0,git_only,research/experiments/har108-python-census/task_health.parquet#format-code-task-000415
format-code-task-000416,train,format-code-task-000416,3912,usable,nop sound,original,sha256:0c21f7acf9d411d110396c8e0aedb839cd4267085f18734315daf1a87fc0a1ed,,,sound,har115-nop-000416,nop graded with reward 0,none_found,research/experiments/har108-python-census/task_health.parquet#format-code-task-000416
format-code-task-000417,heldout,format-code-task-000417,3966,usable,nop sound,original,sha256:dcfd6520a776dcaf72f4bc883d69eb20019a33ca04c54a2a8a3009ebe12374fd,,,sound,har108-nop-000417,nop graded with reward 0,none_found,research/experiments/har108-python-census/task_health.parquet#format-code-task-000417
format-code-task-000418,train,github.com/apache/airflow,4415,usable,nop sound,original,sha256:46a5ac2e3199cce6ad2a8e120869b7aa6f73a4335d49df6648acba5c561c3e27,,,sound,har115-nop-000418,nop graded with reward 0,git_only,research/experiments/har108-python-census/task_health.parquet#format-code-task-000418
format-code-task-000419,train,format-code-task-000419,3769,usable,nop sound,original,sha256:fae11659648b7c90b3186da240ec1db928a81c0f0967c4bc220aab0c6e739088,,,sound,har108-nop-000419,nop graded with reward 0,none_found,research/experiments/har108-python-census/task_health.parquet#format-code-task-000419
format-code-task-000420,train,avro,3060,usable,nop sound,original,sha256:1e7edac10b25ff8c5b46d5eccdf5fef5d5c232ab5384eb2d339bc648bc7335bd,,,sound,har108-nop-000420,nop graded with reward 0,pypi_package,research/experiments/har108-python-census/task_health.parquet#format-code-task-000420
format-code-task-000421,train,Agent_module,531,usable,nop sound,original,sha256:a5ab7b5b4db441e71cfd034bba5b4c0bdb7f70e66d1161623d906f8cda12fcfb,,,sound,har108-nop-000421,nop graded with reward 0; setup error excused as the agent's missing work,none_found,research/experiments/har108-python-census/task_health.parquet#format-code-task-000421
format-code-task-000437,train,coremltools,8560,discarded,"broken environment, no known repair: ImportError while loading conftest '/testbed/coremltools/converters/mil/conftest.py'. (env-keep-build-outputs@1 rejected on its nop)",original,sha256:b6da5e2420040e4d0419ccd19a12264f5a9623e4adac0c49bdb0ef26ab873691,,,broken_environment,har108-nop-000437,ImportError while loading conftest '/testbed/coremltools/converters/mil/conftest.py'.,none_found,research/experiments/har108-python-census/task_health.parquet#format-code-task-000437 library/task-variants/mimo-v2.6-rl__format-code-task-000437/afb488483536.json
format-code-task-000438,train,torch,804,usable,nop sound,original,sha256:fd090028cd5327e4ce7ae893a4a4ef0ff53f1bb6144f3dbdaba0a87d386e628f,,,sound,har113-nop-000438,nop graded with reward 0; setup error excused as the agent's missing work,pypi_package,research/experiments/har108-python-census/task_health.parquet#format-code-task-000438
format-code-task-000444,train,common,5825,usable,nop sound,original,sha256:033f627644261525d57bc88a08ffb52f1c7cb1206e01dc66e4ce72e27ce7e3e1,,,sound,har115-nop-000444,nop graded with reward 0,none_found,research/experiments/har108-python-census/task_health.parquet#format-code-task-000444
format-code-task-000450,train,hera,2946,usable,"census sound; grading needs the network under the egress lock, repaired by env-prefetch-network@1, nop sound",repair,sha256:69ba6817fcd3eac357460c473fcf16647ce6e740fb582ca75a6b277a95828969,env-prefetch-network@1,validated,sound,har108-nop-000450,nop graded with reward 0,pypi_package,research/experiments/har108-python-census/task_health.parquet#format-code-task-000450 library/task-variants/mimo-v2.6-rl__format-code-task-000450/69ba6817fcd3.json
format-code-task-000458,heldout,pymatbridge,2967,usable,nop sound,original,sha256:645d7c48366cda810aeb6f00bf2280882834d086cb2a525004d3c58ab693d208,,,sound,har108-nop-000458,nop graded with reward 0,pypi_package,research/experiments/har108-python-census/task_health.parquet#format-code-task-000458
format-code-task-000466,train,format-code-task-000466,421,usable,"nop sound, leak closed",leak-closed,sha256:1c0c6983d843d0a0349e1118907333ae73663d6281b9b6729f506566e64ab749,leak-close-pypi@1,candidate,sound,har108-nop-000466,nop graded with reward 0,pypi_fix_released,research/experiments/har108-python-census/task_health.parquet#format-code-task-000466 library/task-variants/mimo-v2.6-rl__format-code-task-000466/1c0c6983d843.json
format-code-task-000467,train,github.com/biopython/biopython,2940,usable,nop sound,original,sha256:e1308c97f6fb1f29a8ce017be16f7eeb0081faced5c874f16802cc03583c777b,,,sound,har108-nop-000467,nop graded with reward 0,pypi_package,research/experiments/har108-python-census/task_health.parquet#format-code-task-000467
format-code-task-000469,train,asreview,3373,discarded,"broken environment, no known repair: ____________________ ERROR collecting tests/test_metrics.py ____________________",original,sha256:29b42a3f3161ca6bbc2c1f4fe2d0b3b9e9ff6821820f52e3f0b1e94514c4a540,,,broken_environment,har115-nop-000469,____________________ ERROR collecting tests/test_metrics.py ____________________,none_found,research/experiments/har108-python-census/task_health.parquet#format-code-task-000469
format-code-task-000471,train,github.com/astronomer/astronomer-providers,689,usable,"nop sound, leak closed",leak-closed,sha256:f7229c7146201e5c717de8d1341a0678062f0402e3b5fc56b29ca818e3346c70,leak-close-pypi@1,candidate,sound,har113-nop-000471,nop graded with reward 0,pypi_fix_released,research/experiments/har108-python-census/task_health.parquet#format-code-task-000471 library/task-variants/mimo-v2.6-rl__format-code-task-000471/f7229c714620.json
format-code-task-000472,train,specutils,537,usable,"nop sound, leak closed",leak-closed,sha256:3d2f3d46026f90789acd83d3709872443f0db894408e21dfbf6bc0d87d1fd104,leak-close-pypi@1,candidate,sound,har108-nop-000472,nop graded with reward 0,pypi_fix_released,research/experiments/har108-python-census/task_health.parquet#format-code-task-000472 library/task-variants/mimo-v2.6-rl__format-code-task-000472/3d2f3d46026f.json
format-code-task-000474,train,memory_palace,567,usable,nop sound,original,sha256:c852300ab877008f2166383eab6f414301041bd5e61f56ea455d5bd70e7304af,,,sound,har113-nop-000474,nop graded with reward 0; setup error excused as the agent's missing work,none_found,research/experiments/har108-python-census/task_health.parquet#format-code-task-000474
format-code-task-000484,train,robo,3065,usable,nop sound,original,sha256:0de0ae6b6b3c27b36facc5e672143bcbbd26301a1430a85c49a875c74d44e507,,,sound,har108-nop-000484,nop graded with reward 0,pypi_package,research/experiments/har108-python-census/task_health.parquet#format-code-task-000484
format-code-task-000488,train,taipy,1148,usable,nop sound,original,sha256:2599a04e03d60787c666e1a15410497989f83db203e8be60fcbba9eaca09bcc0,,,sound,har113-nop-000488,nop graded with reward 0,pypi_package,research/experiments/har108-python-census/task_health.parquet#format-code-task-000488
format-code-task-000489,train,taipy,1270,usable,nop sound,original,sha256:eb7a3db7889baa9c6661b74ed5eea750afd993e810f3c27f2de9e09279fe17d5,,,sound,har108-nop-000489,nop graded with reward 0,pypi_package,research/experiments/har108-python-census/task_health.parquet#format-code-task-000489
format-code-task-000492,train,bokeh,937,usable,nop sound,original,sha256:b735d2d859365f9996cccb1ce8d9cfa918b2958bdc6693db518c5268abddc258,,,sound,har108-nop-000492,nop graded with reward 0,pypi_package,research/experiments/har108-python-census/task_health.parquet#format-code-task-000492
format-code-task-000494,train,format-code-task-000494,3458,usable,nop sound,original,sha256:2f095f0f2616bb59c4a5621b12fcabc835bb74ae5261c4a4aedc9f8c8b78103a,,,sound,har108-nop-000494,nop graded with reward 0,none_found,research/experiments/har108-python-census/task_health.parquet#format-code-task-000494
format-code-task-000495,train,format-code-task-000495,3452,usable,nop sound,original,sha256:0cddeb65615ad49de6860cba94a0f984ec18fa046dc54a941cb879e74fd71210,,,sound,har115-nop-000495,nop graded with reward 0,none_found,research/experiments/har108-python-census/task_health.parquet#format-code-task-000495
format-code-task-000496,train,github.com/aws-cloudformation/cfn-lint,896,usable,"nop sound, leak closed",leak-closed,sha256:f94a9ff3655db07f98b4a2f9899937142d0ee47183f969c691bdc17b5a873b15,leak-close-pypi@1,candidate,sound,har113-nop-000496,nop graded with reward 0,pypi_fix_released,research/experiments/har108-python-census/task_health.parquet#format-code-task-000496 library/task-variants/mimo-v2.6-rl__format-code-task-000496/f94a9ff3655d.json
format-code-task-000497,train,github.com/awslabs/aws-lambda-powertools-java,979,usable,nop sound,original,sha256:0bd64f09febdfdd4e457c21c166cd526f2ac3add893837bc4512b14971ea8919,,,sound,har113-nop-000497,nop graded with reward 0,git_only,research/experiments/har108-python-census/task_health.parquet#format-code-task-000497
format-code-task-000498,train,github.com/aws-powertools/powertools-lambda-dotnet,586,usable,"nop sound, leak closed",leak-closed,sha256:ad9eee7daeccf130c8ea3f9bc3ec19b109cbff762870951783fd4e79aedbc3dc,leak-close-pypi@1,candidate,sound,har108-nop-000498,nop graded with reward 0,pypi_fix_released,research/experiments/har108-python-census/task_health.parquet#format-code-task-000498 library/task-variants/mimo-v2.6-rl__format-code-task-000498/ad9eee7daecc.json
format-code-task-000505,train,cli,3055,usable,nop sound,original,sha256:483b63428a91cba3d6a7cfb6af3b4244ee6c437c5149efdebf3c008d4f16de0c,,,sound,har108-nop-000505,nop graded with reward 0,none_found,research/experiments/har108-python-census/task_health.parquet#format-code-task-000505
format-code-task-000511,train,aws_embedded_metrics,2939,usable,nop sound,original,sha256:9f8a16e2d71ef29d3beb617544cfbb1c86c8aae24dcfdb3b24edb477367cab0f,,,sound,har113-nop-000511,nop graded with reward 0,none_found,research/experiments/har108-python-census/task_health.parquet#format-code-task-000511
format-code-task-000512,train,gluonts,529,usable,nop sound,original,sha256:09843be12ba1b3e50da2ef258b05c20ae8ce65507817b376fa62787498542412,,,sound,har113-nop-000512,nop graded with reward 0; setup error excused as the agent's missing work,pypi_package,research/experiments/har108-python-census/task_health.parquet#format-code-task-000512
format-code-task-000513,train,gluonts,487,usable,nop sound,original,sha256:d61fe4636abe00ec3f78fcb60b075c3bafd5d220e47141a0f1e83856af231fc9,,,sound,har108-nop-000513,nop graded with reward 0,none_found,research/experiments/har108-python-census/task_health.parquet#format-code-task-000513
format-code-task-000517,train,github.com/OpenAccess-AI-Collective/axolotl,3972,usable,"nop sound, leak closed",leak-closed,sha256:277ea6d376a1859cb3e1cdc78f740863d8e8d9162e2ce8161059e4211f68b1aa,leak-close-pypi@1,candidate,sound,har115-nop-000517,nop graded with reward 0,pypi_fix_released,research/experiments/har108-python-census/task_health.parquet#format-code-task-000517 library/task-variants/mimo-v2.6-rl__format-code-task-000517/277ea6d376a1.json
format-code-task-000519,train,rastervision,1142,usable,nop sound,original,sha256:e41d9ef838d7c93993b3d542e42b9026afc2708f9c48746cc5df64c8b6d403c6,,,sound,har113-nop-000519,nop graded with reward 0,pypi_package,research/experiments/har108-python-census/task_health.parquet#format-code-task-000519
format-code-task-000520,train,rastervision,1139,usable,nop sound,original,sha256:f60a75cf02f78bf9462b3290b6c51b2ead49b9423d5ab1de331224cab8bf2c0e,,,sound,har113-nop-000520,nop graded with reward 0; setup error excused as the agent's missing work,none_found,research/experiments/har108-python-census/task_health.parquet#format-code-task-000520
format-code-task-000521,heldout,pyabm,459,usable,nop sound,original,sha256:a37768d9102ababe1f27030a6cfa37aa71bc7fb7f0377cfc8820121a3583ad47,,,sound,har113-nop-000521,nop graded with reward 0,none_found,research/experiments/har108-python-census/task_health.parquet#format-code-task-000521
format-code-task-000523,train,b2sdk,476,usable,nop sound,original,sha256:f91783b577b62cf11156d5fd137ebae1a6338384d82072b45df449326584ddb0,,,sound,har113-nop-000523,nop graded with reward 0,pypi_package,research/experiments/har108-python-census/task_health.parquet#format-code-task-000523
format-code-task-000525,train,pyboy,915,usable,nop sound,original,sha256:fcb2018c41d60fc329c291dc4ab05b800a0bb807aa871c44701e5749117672e0,,,sound,har113-nop-000525,nop graded with reward 0; setup error excused as the agent's missing work,pypi_package,research/experiments/har108-python-census/task_health.parquet#format-code-task-000525
format-code-task-000526,train,pyboy,916,usable,nop sound,original,sha256:4ebad11e830d59622d160a82c3d8076d72aff2bdf0d05c8678dd1bf62ae8012f,,,sound,har108-nop-000526,nop graded with reward 0,pypi_package,research/experiments/har108-python-census/task_health.parquet#format-code-task-000526
format-code-task-000527,train,banditml_pkg,3927,usable,"census broken_environment; repaired by env-login-path@1, nop sound",repair,sha256:2416eb70254ecff22c9b4ce035a31c032859d2b52038c429177c23158098a059,env-login-path@1,validated,broken_environment,har108-nop-000527,/testbed/mimo_test_command.sh: line 4: pytest: command not found,none_found,research/experiments/har108-python-census/task_health.parquet#format-code-task-000527 library/task-variants/mimo-v2.6-rl__format-code-task-000527/2416eb70254e.json
format-code-task-000529,heldout,arch,753,usable,"nop sound, leak closed",leak-closed,sha256:e3032117019dfd6eb6dc2ffa75398b84eb54fd6709bb169ee9de9e8cd560b56a,leak-close-pypi@1,candidate,sound,har113-nop-000529,nop graded with reward 0,pypi_fix_released,research/experiments/har108-python-census/task_health.parquet#format-code-task-000529 library/task-variants/mimo-v2.6-rl__format-code-task-000529/e3032117019d.json
format-code-task-000530,train,format-code-task-000530,439,usable,"nop sound, leak closed",leak-closed,sha256:5f4eed00684821a71f72cf2cd5d958597a888df04c974dca066d5c4b945168dd,leak-close-pypi@1,candidate,sound,har113-nop-000530,nop graded with reward 0,pypi_fix_released,research/experiments/har108-python-census/task_health.parquet#format-code-task-000530 library/task-variants/mimo-v2.6-rl__format-code-task-000530/5f4eed006848.json
format-code-task-000531,train,strhub,663,usable,nop sound,original,sha256:f9230c7c64012b8bae9b9ff8200a3f4ed6b1fc539845e837bca2b442a455628d,,,sound,har108-nop-000531,nop graded with reward 0; setup error excused as the agent's missing work,pypi_package,research/experiments/har108-python-census/task_health.parquet#format-code-task-000531
format-code-task-000540,heldout,format-code-task-000540,3096,usable,nop sound,original,sha256:a3087bc9382642955d8a629c366d3a0a4a4eae84acc6d4b9a492cfe0b1aa2c89,,,sound,har113-nop-000540,nop graded with reward 0,none_found,research/experiments/har108-python-census/task_health.parquet#format-code-task-000540
format-code-task-000541,train,toga,3226,usable,nop sound,original,sha256:50ee034eade5154a0b1b16d7bbc6c6e1cda12dc139f1c2aec6a6863605f29b8a,,,sound,mimo-qual-c-format-code-task-000541,nop graded with reward 0,pypi_package,research/experiments/har108-python-census/task_health.parquet#format-code-task-000541
format-code-task-000542,train,format-code-task-000542,2998,usable,nop sound,original,sha256:8baaecaf14b63c4d5e02cc346a2aa1bd3b2137de0ecaa49b6292e9632777455b,,,sound,har113-nop-000542,nop graded with reward 0,none_found,research/experiments/har108-python-census/task_health.parquet#format-code-task-000542
format-code-task-000543,train,format-code-task-000543,2999,usable,nop sound,original,sha256:0ee43f88142a53bc659312ed0f2c4427607ef3b20a0e82ccbbb9c495d591f7ce,,,sound,har108-nop-000543,nop graded with reward 0,none_found,research/experiments/har108-python-census/task_health.parquet#format-code-task-000543
format-code-task-000544,train,format-code-task-000544,2998,usable,nop sound,original,sha256:63b90ff7e10b42eebf54990d027f624ddf3ebbdf8825da0c20448c33145e25bf,,,sound,har113-nop-000544,nop graded with reward 0,none_found,research/experiments/har108-python-census/task_health.parquet#format-code-task-000544
format-code-task-000545,train,format-code-task-000545,431,usable,nop sound,original,sha256:8bd941836f67232e5001976161bd31a75ce42b65f0168d2d1d61a2fd76dbc0eb,,,sound,har108-nop-000545,nop graded with reward 0,none_found,research/experiments/har108-python-census/task_health.parquet#format-code-task-000545
format-code-task-000550,train,aws_sso_lib,690,usable,nop sound,original,sha256:3dfe3fda6e87a5a08ca6cf30fae849b8d5c7fd99f3b252d8ae51021dc9873b10,,,sound,har113-nop-000550,nop graded with reward 0,none_found,research/experiments/har108-python-census/task_health.parquet#format-code-task-000550
format-code-task-000552,train,nse,414,usable,nop sound,original,sha256:d2cbd3f557c57dfbd2abf157823f51a047b2c8f71423fbdad6f663eecbec27a0,,,sound,har113-nop-000552,nop graded with reward 0,pypi_package,research/experiments/har108-python-census/task_health.parquet#format-code-task-000552
format-code-task-000557,train,foolbox,6454,usable,nop sound,original,sha256:ab3ad74e989b7016bf2b1ffe299a2d7e6148c5a9fcec141c3051302137ab5de3,,,sound,har115-nop-000557,nop graded with reward 0,pypi_package,research/experiments/har108-python-census/task_health.parquet#format-code-task-000557
format-code-task-000558,train,shillelagh,522,usable,"nop sound, leak closed",leak-closed,sha256:623c7aad76bd53da7a1d40d8dff572bb9f189de09dcb18861beebe926931f390,leak-close-pypi@1,candidate,sound,har113-nop-000558,nop graded with reward 0,pypi_fix_released,research/experiments/har108-python-census/task_health.parquet#format-code-task-000558 library/task-variants/mimo-v2.6-rl__format-code-task-000558/623c7aad76bd.json
format-code-task-000560,train,bimmer_connected,3013,usable,nop sound,original,sha256:46b0a1412bc4633949daa35520823ed41f9f4063d763c7fa8ffda1dc5749411a,,,sound,har113-nop-000560,nop graded with reward 0,pypi_package,research/experiments/har108-python-census/task_health.parquet#format-code-task-000560
format-code-task-000561,train,format-code-task-000561,3480,usable,nop sound,original,sha256:8bf755afb8c5fb88a13d3fd5430a2bc17120bce8160ab6cd739aa360e0a75a01,,,sound,har108-nop-000561,nop graded with reward 0,none_found,research/experiments/har108-python-census/task_health.parquet#format-code-task-000561
format-code-task-000566,heldout,format-code-task-000566,533,usable,"nop sound, leak closed",leak-closed,sha256:6630185c341ebac5d647df47fdd2c310b88967a951219be3102d49f9f3113cf1,leak-close-pypi@1,candidate,sound,har113-nop-000566,nop graded with reward 0,pypi_fix_released,research/experiments/har108-python-census/task_health.parquet#format-code-task-000566 library/task-variants/mimo-v2.6-rl__format-code-task-000566/6630185c341e.json
format-code-task-000568,heldout,youtube_dlc,741,usable,nop sound,original,sha256:11021499591d1aba69448515beb0565c7401339c77a9de36f44fdd92d4f5a543,,,sound,har108-nop-000568,nop graded with reward 0,pypi_package,research/experiments/har108-python-census/task_health.parquet#format-code-task-000568
format-code-task-000571,train,pystack,2949,usable,nop sound,original,sha256:d09f19f370f27fb063d2a665c5d8cf4d198a3a3b1afce4b35a479ba2b8b6d208,,,sound,har113-nop-000571,nop graded with reward 0; setup error excused as the agent's missing work,pypi_package,research/experiments/har108-python-census/task_health.parquet#format-code-task-000571
format-code-task-000573,train,bluesky,4000,usable,nop sound,original,sha256:06a195a4b6da233e2d62535988f5219fdeb076c70f97e085a2156cd6da638a60,,,sound,har108-nop-000573,nop graded with reward 0,none_found,research/experiments/har108-python-census/task_health.parquet#format-code-task-000573
format-code-task-000580,train,boto3,793,usable,nop sound,original,sha256:7540a1fe8ea160b4b3d0e5c76c2f3ddbfb7f8bdadbc1891a2110873ae5915f28,,,sound,har108-nop-000580,nop graded with reward 0,pypi_package,research/experiments/har108-python-census/task_health.parquet#format-code-task-000580
format-code-task-000581,train,format-code-task-000581,844,usable,"nop sound, leak closed",leak-closed,sha256:35473b4b85e9400c0d53ad0d2c968b56669657137796254eb85cb0ca656f9c25,leak-close-pypi@1,candidate,sound,har108-nop-000581,nop graded with reward 0,pypi_fix_released,research/experiments/har108-python-census/task_health.parquet#format-code-task-000581 library/task-variants/mimo-v2.6-rl__format-code-task-000581/35473b4b85e9.json
format-code-task-000582,train,boxsdk,3139,usable,nop sound,original,sha256:e29a380726184d6f2f2c473196a97a35c400ee636ba7717581123b7e801fb0af,,,sound,har108-nop-000582,nop graded with reward 0,none_found,research/experiments/har108-python-census/task_health.parquet#format-code-task-000582
format-code-task-000585,heldout,format-code-task-000585,2945,usable,nop sound,original,sha256:8c7715cf8df6d109558314d70c1758720b478e168f695282cea99eefac115ce3,,,sound,har113-nop-000585,nop graded with reward 0,none_found,research/experiments/har108-python-census/task_health.parquet#format-code-task-000585
format-code-task-000587,train,pottery,3040,usable,nop sound,original,sha256:41e76938cfdae0b5e09f54693dd28e99a8c475fa73947b79e5e1e476707b7315,,,sound,har108-nop-000587,nop graded with reward 0,pypi_package,research/experiments/har108-python-census/task_health.parquet#format-code-task-000587
format-code-task-000589,train,userena,2972,usable,nop sound,original,sha256:f2829755639fec33973a5160827cdcac065b695181c767084d09334cdf7970e3,,,sound,har113-nop-000589,nop graded with reward 0,none_found,research/experiments/har108-python-census/task_health.parquet#format-code-task-000589
format-code-task-000592,train,format-code-task-000592,3081,usable,nop sound,original,sha256:e425a5fae79bb4e0662d3bc1ad1575094ef8c0ae5bc437bdddf8856bd432f6f8,,,sound,har113-nop-000592,nop graded with reward 0,none_found,research/experiments/har108-python-census/task_health.parquet#format-code-task-000592
format-code-task-000593,train,boto,763,usable,nop sound,original,sha256:1b82414a8f58c0c287e337255441b2bb93852dd50dae86463d14bcb46288f845,,,sound,har113-nop-000593,nop graded with reward 0,none_found,research/experiments/har108-python-census/task_health.parquet#format-code-task-000593
format-code-task-000605,train,tensorflow,3068,usable,nop sound,original,sha256:f1029d9c088ff63b97e0736e38631c6eef446346ee31f0b4e79c5894f527b45a,,,sound,har113-nop-000605,nop graded with reward 0; setup error excused as the agent's missing work,pypi_package,research/experiments/har108-python-census/task_health.parquet#format-code-task-000605
format-code-task-000609,train,github.com/user-attachments/assets,3144,usable,nop sound,original,sha256:ff6f63fe9eaddb240c4cd940b162ce0b50a08d47fd7ff69edc29c7d7cf8d61e0,,,sound,har108-nop-000609,nop graded with reward 0,none_found,research/experiments/har108-python-census/task_health.parquet#format-code-task-000609
format-code-task-000613,train,camelot,,discarded,"broken environment, no known repair: trial exception: SandboxBuildFailedError",original,sha256:00fbcf1b45433b7d38e90da233f5bd3a4e45745d4d4276ce5ed53ba6123f246a,,,broken_environment,har108-nop-000613,trial exception: SandboxBuildFailedError,pypi_package,research/experiments/har108-python-census/task_health.parquet#format-code-task-000613
format-code-task-000614,train,camelot,,discarded,"broken environment, no known repair: trial exception: SandboxBuildFailedError",original,sha256:05b0ac3bb435433cacd17f01414f3fc0c5e928fce6d760ccff4d01689549f66e,,,broken_environment,har115-nop-000614,trial exception: SandboxBuildFailedError,none_found,research/experiments/har108-python-census/task_health.parquet#format-code-task-000614
format-code-task-000617,train,snapcraft,2980,usable,nop sound,original,sha256:48efd8512a9508c780c81dfe81c6891496e96d87a66106c5c5956c0406e76151,,,sound,har108-nop-000617,nop graded with reward 0,pypi_package,research/experiments/har108-python-census/task_health.parquet#format-code-task-000617
format-code-task-000624,train,dataprofiler,662,usable,nop sound,original,sha256:bc1b3324937b0e8d11cbfa798272a3dc6bbf4d535e8619bdbcf6fd55923cc9e1,,,sound,har108-nop-000624,nop graded with reward 0,pypi_package,research/experiments/har108-python-census/task_health.parquet#format-code-task-000624
format-code-task-000625,train,apprise,2966,usable,nop sound,original,sha256:a8f503b20da332978e65dd8b03358a053a905fcbd1b7a7555c9099271fcaa0e9,,,sound,har108-nop-000625,nop graded with reward 0; setup error excused as the agent's missing work,pypi_package,research/experiments/har108-python-census/task_health.parquet#format-code-task-000625
format-code-task-000633,train,celery,808,usable,nop sound,original,sha256:17e8366712dab422128cad78dd449b2b30a477fb05bb2a6d589fcabff064014d,,,sound,har108-nop-000633,nop graded with reward 0,pypi_package,research/experiments/har108-python-census/task_health.parquet#format-code-task-000633
format-code-task-000634,train,celery,808,usable,nop sound,original,sha256:06230e82d8d83191d7f62832c5c57be77e6624e064b130a2e7f59a00c5277f6e,,,sound,har113-nop-000634,nop graded with reward 0,pypi_package,research/experiments/har108-python-census/task_health.parquet#format-code-task-000634
format-code-task-000635,train,celery,809,usable,nop sound,original,sha256:6c0291ee94740219ac0efb51e871209c4f02f7616b09260d9409059adf4dfa43,,,sound,har113-nop-000635,nop graded with reward 0; setup error excused as the agent's missing work,pypi_package,research/experiments/har108-python-census/task_health.parquet#format-code-task-000635
format-code-task-000636,train,github.com/celery/py-amqp,392,usable,"nop sound, leak closed",leak-closed,sha256:b8f4131a123fc6db7b3fd6eabe06e08c54565ca519f55244e7328c517f5f986a,leak-close-pypi@1,candidate,sound,har113-nop-000636,nop graded with reward 0,pypi_fix_released,research/experiments/har108-python-census/task_health.parquet#format-code-task-000636 library/task-variants/mimo-v2.6-rl__format-code-task-000636/b8f4131a123f.json
format-code-task-000644,train,argo,548,usable,nop sound,original,sha256:8275046467c83884bb8af2722b0f6f071a2ddac0173b10a75cadd0eafbd6d6e2,,,sound,har108-nop-000644,nop graded with reward 0; setup error excused as the agent's missing work,none_found,research/experiments/har108-python-census/task_health.parquet#format-code-task-000644
format-code-task-000645,train,intelmq,3025,usable,nop sound,original,sha256:a4efb640928ca8269c97a085b96336808d3dde8f61087009cc767419853e0091,,,sound,har113-nop-000645,nop graded with reward 0,none_found,research/experiments/har108-python-census/task_health.parquet#format-code-task-000645
format-code-task-000651,train,format-code-task-000651,458,usable,"census broken_environment; repaired by env-keep-build-outputs@1, nop sound",repair,sha256:0763948829e0abb21323857d1930ecb4c1e5781bb803dd333cb3cfbb1a0b0eed,env-keep-build-outputs@1,validated,broken_environment,har108-nop-000651,"raise DistributionNotFound(req, requirers)",git_only,research/experiments/har108-python-census/task_health.parquet#format-code-task-000651 library/task-variants/mimo-v2.6-rl__format-code-task-000651/0763948829e0.json
format-code-task-000652,train,chainer,460,usable,"census broken_environment; repaired by env-keep-build-outputs@1, nop sound",repair,sha256:11343f2dd28f210eb7f3df450f4fa238f47f52b8847dc33543471b30914505b3,env-keep-build-outputs@1,validated,broken_environment,har108-nop-000652,"raise DistributionNotFound(req, requirers)",pypi_fix_released,research/experiments/har108-python-census/task_health.parquet#format-code-task-000652 library/task-variants/mimo-v2.6-rl__format-code-task-000652/11343f2dd28f.json
format-code-task-000654,heldout,chainercv,2976,usable,nop sound,original,sha256:d8c186f49c3407cd2ca71f5d0c919d376c8096007c85e7ebfe3c2de39891da9c,,,sound,har113-nop-000654,nop graded with reward 0,pypi_package,research/experiments/har108-python-census/task_health.parquet#format-code-task-000654
format-code-task-000655,heldout,chainerrl,3092,usable,"census broken_environment; repaired by env-pin-dependency@1, nop sound",repair,sha256:e39d00fb1e4f8648a3bbea38348e0e8dfc778ec9401fd8ca935fb470abd534b3,env-pin-dependency@1,validated,broken_environment,har108-nop-000655,_________________ ERROR collecting tests/test_replay_buffer.py _________________,none_found,research/experiments/har108-python-census/task_health.parquet#format-code-task-000655 library/task-variants/mimo-v2.6-rl__format-code-task-000655/e39d00fb1e4f.json
format-code-task-000657,train,github.com/channable/opnieuw,2930,usable,nop sound,original,sha256:1dc560664af8090f3e4007a54aeef07249787b4eac2880ae04ea0ec2d2112277,,,sound,har108-nop-000657,nop graded with reward 0,pypi_package,research/experiments/har108-python-census/task_health.parquet#format-code-task-000657
format-code-task-000659,train,util,5270,usable,nop sound,original,sha256:67285f6c4e0ee97402f915e060f1398638aede9134c4d2f24913a3498dc7be0a,,,sound,har115-nop-000659,nop graded with reward 0,none_found,research/experiments/har108-python-census/task_health.parquet#format-code-task-000659
format-code-task-000666,train,pyromat,425,usable,nop sound,original,sha256:76498a2dd70ee6c11bbc209f810bc6ca8d4b6a507ff9fd748739b10e4c7ba85c,,,sound,har113-nop-000666,nop graded with reward 0,pypi_package,research/experiments/har108-python-census/task_health.parquet#format-code-task-000666
format-code-task-000670,train,pympress,863,usable,nop sound,original,sha256:c89bc361f5b27100694127839cdbb96f084d3e4a3ce40770d0dd6ba4192efbe7,,,sound,har113-nop-000670,nop graded with reward 0,pypi_package,research/experiments/har108-python-census/task_health.parquet#format-code-task-000670
format-code-task-000680,train,sklearn,543,usable,nop sound,original,sha256:0948331015edce9cd2577a691583a33aab729bec35feaea85d5ace548bbdc10e,,,sound,har108-nop-000680,nop graded with reward 0,pypi_package,research/experiments/har108-python-census/task_health.parquet#format-code-task-000680
format-code-task-000682,train,format-code-task-000682,3153,usable,nop sound,original,sha256:d0a65e41ea576ff2832990e0bc3462c8628fd4755471a464490081799f7587f1,,,sound,har108-nop-000682,nop graded with reward 0,none_found,research/experiments/har108-python-census/task_health.parquet#format-code-task-000682
format-code-task-000683,train,botocore,3146,usable,nop sound,original,sha256:ef9ca46b2482cd81d33938d3e527b5455f2d88534b5f5fc00213383f8adf596d,,,sound,har113-nop-000683,nop graded with reward 0,none_found,research/experiments/har108-python-census/task_health.parquet#format-code-task-000683
format-code-task-000684,train,c7n,3155,usable,nop sound,original,sha256:9b1fc54f3895b8fa91e52aefc74a8274553cd74359956f1682e9ee75155ff1bf,,,sound,har108-nop-000684,nop graded with reward 0,none_found,research/experiments/har108-python-census/task_health.parquet#format-code-task-000684
format-code-task-000698,train,udiskie,1292,usable,nop sound,original,sha256:7058a05792812b9597f775e60bb1f4cde5fd854b452cc0063e4b867a4ff31fd3,,,sound,har108-nop-000698,nop graded with reward 0,pypi_package,research/experiments/har108-python-census/task_health.parquet#format-code-task-000698
format-code-task-000700,train,colour,3264,usable,nop sound,original,sha256:318a34f366b78eaed23923d2c209641b9c8b33a691f9d19c3d34a1038f4624fa,,,sound,har108-nop-000700,nop graded with reward 0; setup error excused as the agent's missing work,pypi_package,research/experiments/har108-python-census/task_health.parquet#format-code-task-000700
format-code-task-000702,train,commitizen,3028,usable,nop sound,original,sha256:93e43c42055c149b4301bf5f5ea57d74c5ac9edae77144c098af20beed5e9262,,,sound,har113-nop-000702,nop graded with reward 0; setup error excused as the agent's missing work,pypi_package,research/experiments/har108-python-census/task_health.parquet#format-code-task-000702
format-code-task-000703,train,conan,2997,usable,nop sound,original,sha256:e90ef0f8e78ad7d075e47430ba9efc9c46fe06d9c9a55bae6968d979796cb24d,,,sound,har113-nop-000703,nop graded with reward 0,pypi_package,research/experiments/har108-python-census/task_health.parquet#format-code-task-000703
format-code-task-000705,train,conans,3015,usable,nop sound,original,sha256:888723b465e859b208b6a19b61e219ac58d7758ec45772d1ea788c128acadff9,,,sound,har113-nop-000705,nop graded with reward 0,none_found,research/experiments/har108-python-census/task_health.parquet#format-code-task-000705
format-code-task-000706,train,conans,2996,usable,nop sound,original,sha256:98a7479ed292791114a932443a0c431b83180b3fec8b7d4c585a8e1af45a77cc,,,sound,har113-nop-000706,nop graded with reward 0,none_found,research/experiments/har108-python-census/task_health.parquet#format-code-task-000706
format-code-task-000708,train,conda,3154,usable,nop sound,original,sha256:951af79f28cad0568889e8edf8746c0e5c6a0a593014d9f53c31a0d188e53fc3,,,sound,har108-nop-000708,nop graded with reward 0,pypi_package,research/experiments/har108-python-census/task_health.parquet#format-code-task-000708
format-code-task-000717,train,phy,3084,usable,nop sound,original,sha256:0a0e88e1615bd54b1e0419afd19a970f283490245faa7c775308775393305068,,,sound,har113-nop-000717,nop graded with reward 0; setup error excused as the agent's missing work,pypi_package,research/experiments/har108-python-census/task_health.parquet#format-code-task-000717
format-code-task-000725,train,torch,5762,usable,nop sound,original,sha256:ca6c22fd9a98537a79e976263438b245775eb95e109d6243eed11daece72eb28,,,sound,har115-nop-000725,nop graded with reward 0,pypi_package,research/experiments/har108-python-census/task_health.parquet#format-code-task-000725
format-code-task-000726,train,torch,5668,usable,nop sound,original,sha256:7c980a4ba0e7b4e19e0899c19137ae2b4bec1786ca6808f016b88bca99e8e551,,,sound,har115-nop-000726,nop graded with reward 0,none_found,research/experiments/har108-python-census/task_health.parquet#format-code-task-000726
format-code-task-000728,train,autobahn,2981,usable,nop sound,original,sha256:2447af00887b483b14cc42e2209a86afedc9dc5c983d2f47809e12803adff3a3,,,sound,har108-nop-000728,nop graded with reward 0,pypi_package,research/experiments/har108-python-census/task_health.parquet#format-code-task-000728
format-code-task-000732,train,pygdbmi,2946,usable,nop sound,original,sha256:01944c618c7155ea8a5b05c294daf7a401a2b5511550b52897eb97c5b82151ed,,,sound,har113-nop-000732,nop graded with reward 0,none_found,research/experiments/har108-python-census/task_health.parquet#format-code-task-000732
format-code-task-000734,train,cubed,3081,usable,nop sound,original,sha256:b1e280f1b95561bf5def90cf860e220ff26df0e55c076717510d299e55e2d212,,,sound,har108-nop-000734,nop graded with reward 0,pypi_package,research/experiments/har108-python-census/task_health.parquet#format-code-task-000734
format-code-task-000735,train,TM1py,477,usable,nop sound,original,sha256:31a31b80bebae7e19e1a00fe529aff070d1084d4f400552ab3c1cd33683a137d,,,sound,har113-nop-000735,nop graded with reward 0,pypi_package,research/experiments/har108-python-census/task_health.parquet#format-code-task-000735
format-code-task-000737,train,format-code-task-000737,6644,usable,"census broken_environment; repaired by env-keep-build-outputs@1, nop sound",repair,sha256:d9096c3e229d241b78d288d7825df963cb63f26143ac7a30e131f91f9524488f,env-keep-build-outputs@1,validated,broken_environment,har115-nop-000737,"raise DistributionNotFound(req, requirers)",none_found,research/experiments/har108-python-census/task_health.parquet#format-code-task-000737 library/task-variants/mimo-v2.6-rl__format-code-task-000737/d9096c3e229d.json
format-code-task-000738,train,cupy,475,discarded,"broken environment, no known repair: ImportError: CuPy is not correctly installed. Please check your environment, uninstall CuPy and reinstall it with `pip install cupy --no-cache-dir -vvvv`.",original,sha256:0d18c26f2006af449db94bdc2107608bf036d5720e3679f105530969ee6d6218,,,broken_environment,har105-qual-py-000738,"ImportError: CuPy is not correctly installed. Please check your environment, uninstall CuPy and reinstall it with `pip install cupy --no-cache-dir -vvvv`.",pypi_fix_released,research/experiments/har108-python-census/task_health.parquet#format-code-task-000738
format-code-task-000742,train,pyment,2932,usable,nop sound,original,sha256:fbf038da862cccf07a0f27aa98f6e2303caa49944bb485139c614b273f107646,,,sound,har108-nop-000742,nop graded with reward 0,pypi_package,research/experiments/har108-python-census/task_health.parquet#format-code-task-000742
format-code-task-000744,train,dagster,5292,usable,nop sound,original,sha256:104f4b8dbd610bba8d83842d4bb563b41c1996a139c2c3d881baeffeff811e1a,,,sound,har108-nop-000744,nop graded with reward 0,pypi_package,research/experiments/har108-python-census/task_health.parquet#format-code-task-000744
format-code-task-000745,train,python_modules,5357,usable,nop sound,original,sha256:f6230b2115142c0abeadc4dd43443a769a7ad53986c95e113fe38beabc5bcba6,,,sound,har108-nop-000745,nop graded with reward 0,none_found,research/experiments/har108-python-census/task_health.parquet#format-code-task-000745
format-code-task-000746,train,python_modules,5457,usable,nop sound,original,sha256:9e1b7f707e9cce3ecac453b9b76384fdf0a441a2a0130947c4f5138ea7f9d733,,,sound,har115-nop-000746,nop graded with reward 0,none_found,research/experiments/har108-python-census/task_health.parquet#format-code-task-000746
format-code-task-000747,train,python_modules,5768,usable,nop sound,original,sha256:3e15d8679e3727d8b1a1d6d8940000cba06fa11f63dc01ac58db4b132e4a2224,,,sound,har115-nop-000747,nop graded with reward 0,none_found,research/experiments/har108-python-census/task_health.parquet#format-code-task-000747
format-code-task-000749,train,utils,3213,usable,nop sound,original,sha256:d66073b7a330effbb00df29a0d41fe796fbcf8daa52fb0229507c29920f38b10,,,sound,har115-nop-000749,nop graded with reward 0,none_found,research/experiments/har108-python-census/task_health.parquet#format-code-task-000749
format-code-task-000750,train,posting,755,usable,nop sound,original,sha256:a7cebc2ce3400496d5b305037456c6c472df179edc3d88ded36bf99076741b43,,,sound,har113-nop-000750,nop graded with reward 0,none_found,research/experiments/har108-python-census/task_health.parquet#format-code-task-000750
format-code-task-000752,train,dask,3230,usable,nop sound,original,sha256:74301be3bda6cdec6e0e3faf694358c82be1e9b4ddcded1c46a2ff809d76b5b1,,,sound,har108-nop-000752,nop graded with reward 0,pypi_package,research/experiments/har108-python-census/task_health.parquet#format-code-task-000752
format-code-task-000753,heldout,dask,3062,usable,nop sound,original,sha256:e85780121a89cdb5d38c47af1cca8d498cc5737e34e616fcfdd4e59e3523fe86,,,sound,har113-nop-000753,nop graded with reward 0; setup error excused as the agent's missing work,pypi_package,research/experiments/har108-python-census/task_health.parquet#format-code-task-000753
format-code-task-000755,train,databricks,3993,usable,nop sound,original,sha256:7a56410411ed3b7ef835eeffe5c6bde17e832b9705d3d408f673f16b8248cc47,,,sound,har108-nop-000755,nop graded with reward 0,none_found,research/experiments/har108-python-census/task_health.parquet#format-code-task-000755
format-code-task-000767,heldout,format-code-task-000767,2938,usable,nop sound,original,sha256:05f9ba0e9a19d8700a9ae1c058b3232b7f59272d2777928c7982ec6e2c03626c,,,sound,har113-nop-000767,nop graded with reward 0,none_found,research/experiments/har108-python-census/task_health.parquet#format-code-task-000767
format-code-task-000768,train,dbt,714,usable,nop sound,original,sha256:fb6e281578b5063c4ab4797a57d0eb169f0fded7a5bcd46893f8f85ff17ac5b9,,,sound,har113-nop-000768,nop graded with reward 0; setup error excused as the agent's missing work,none_found,research/experiments/har108-python-census/task_health.parquet#format-code-task-000768
format-code-task-000769,train,dbt,3152,usable,nop sound,original,sha256:1b2a5be65287f158154f3c497726e22ac3e2d084c2592bd4a108683e69a138a2,,,sound,har108-nop-000769,nop graded with reward 0,pypi_package,research/experiments/har108-python-census/task_health.parquet#format-code-task-000769
format-code-task-000771,heldout,packages,2979,usable,nop sound,original,sha256:8fd4aacdb37359b845708396f6d71ddc32ad8b7ce39f09ecd26afc997ebaac5d,,,sound,har113-nop-000771,nop graded with reward 0,none_found,research/experiments/har108-python-census/task_health.parquet#format-code-task-000771
format-code-task-000773,train,numpy_ml,3476,usable,nop sound,original,sha256:d104326592e8487db430a36c3b89ae2f9d8c4e85bbf00f7279de87b9e4b1c2ba,,,sound,har115-nop-000773,nop graded with reward 0; setup error excused as the agent's missing work,none_found,research/experiments/har108-python-census/task_health.parquet#format-code-task-000773
format-code-task-000783,train,experiments,453,usable,nop sound,original,sha256:a04ef60e8e701896ceba0b7844d0ff704cd00f84797b44c658993be59154f0b2,,,sound,har113-nop-000783,nop graded with reward 0; setup error excused as the agent's missing work,pypi_package,research/experiments/har108-python-census/task_health.parquet#format-code-task-000783
format-code-task-000784,train,format-code-task-000784,2953,usable,nop sound,original,sha256:57a296c6597a05a105ccff1cf237acdf43cfef0d595a046f029fcd35d36d17e4,,,sound,har113-nop-000784,nop graded with reward 0,none_found,research/experiments/har108-python-census/task_health.parquet#format-code-task-000784
format-code-task-000785,train,deepqmc,750,usable,nop sound,original,sha256:ae010351df2f8cd9cebd35ff6979361a4fdb97c3cb28f05f2b072203d00d7cb9,,,sound,har108-nop-000785,nop graded with reward 0,pypi_package,research/experiments/har108-python-census/task_health.parquet#format-code-task-000785
format-code-task-000786,train,farm,6887,usable,nop sound,original,sha256:55ee486e75a6500222fda24ee6ff3089307f1537e8bc635f0552d2444b1f56eb,,,sound,har115-nop-000786,nop graded with reward 0; setup error excused as the agent's missing work,pypi_package,research/experiments/har108-python-census/task_health.parquet#format-code-task-000786
format-code-task-000787,train,format-code-task-000787,3133,usable,nop sound,original,sha256:325646550865b581e5f6c8a54393ba5b3d98e8e9dc917c9274aee3af5708fe8d,,,sound,har113-nop-000787,nop graded with reward 0,none_found,research/experiments/har108-python-census/task_health.parquet#format-code-task-000787
format-code-task-000788,train,github.com/deepset-ai/haystack-experimental,3127,usable,nop sound,original,sha256:be1e8fa45f3336ca848fca9d187843fe9401ab4d798b107dd9dfe1a54d0f781c,,,sound,har108-nop-000788,nop graded with reward 0,pypi_package,research/experiments/har108-python-census/task_health.parquet#format-code-task-000788
format-code-task-000792,train,desecapi,3000,usable,nop sound,original,sha256:e54ec9025ce43b8b4bc3c52456e2baa9a971a3e69750efad69774d6456447d09,,,sound,har113-nop-000792,nop graded with reward 0,none_found,research/experiments/har108-python-census/task_health.parquet#format-code-task-000792
format-code-task-000795,train,github.com/developmentseed/titiler,533,usable,"nop sound, leak closed",leak-closed,sha256:8bafabc57d73f934169833e4e9f1341e44267240b3bec83187fea6f38014a3c7,leak-close-pypi@1,candidate,sound,har113-nop-000795,nop graded with reward 0,pypi_fix_released,research/experiments/har108-python-census/task_health.parquet#format-code-task-000795 library/task-variants/mimo-v2.6-rl__format-code-task-000795/8bafabc57d73.json
format-code-task-000802,train,github.com/dictation-toolbox/dragonfly,2949,usable,nop sound,original,sha256:d08bb2b2d54b22ff695e6c4a9955537726388c99abaa56e8497e67d2c02c15ba,,,sound,har113-nop-000802,nop graded with reward 0,git_only,research/experiments/har108-python-census/task_health.parquet#format-code-task-000802
format-code-task-000803,train,mdutils,386,usable,"nop sound, leak closed",leak-closed,sha256:ac99a511015a2c31ae7cb56577154096de4df9ca2f40d655450f215cdcb4f740,leak-close-pypi@1,validated,sound,har108-nop-000803,nop graded with reward 0,pypi_fix_released,research/experiments/har108-python-census/task_health.parquet#format-code-task-000803 library/task-variants/mimo-v2.6-rl__format-code-task-000803/ac99a511015a.json
format-code-task-000809,train,django_prometheus,2961,usable,nop sound,original,sha256:60ed068f4d775b2ed55225b166a30fdb34ebeecf3bf05a38afeaac304c34657a,,,sound,har113-nop-000809,nop graded with reward 0,pypi_package,research/experiments/har108-python-census/task_health.parquet#format-code-task-000809
format-code-task-000810,train,format-code-task-000810,2946,usable,nop sound,original,sha256:aad486913d3c3ce4916195c0344e76477d0cdda8e597f4e6a6407feb47293bc3,,,sound,har113-nop-000810,nop graded with reward 0,none_found,research/experiments/har108-python-census/task_health.parquet#format-code-task-000810
format-code-task-000812,train,format-code-task-000812,440,usable,"nop sound, leak closed",leak-closed,sha256:56ac147e89d572c76112f4f4f1bd6d396526b285406877bf191cb47f448a27c9,leak-close-pypi@1,candidate,sound,har108-nop-000812,nop graded with reward 0,pypi_fix_released,research/experiments/har108-python-census/task_health.parquet#format-code-task-000812 library/task-variants/mimo-v2.6-rl__format-code-task-000812/56ac147e89d5.json
format-code-task-000813,train,django_recaptcha,406,usable,nop sound,original,sha256:de29f74a1355a60dcf9a2920dd091b848f35be709ce8bac888d2e0b87e82e4d2,,,sound,har113-nop-000813,nop graded with reward 0; setup error excused as the agent's missing work,pypi_package,research/experiments/har108-python-census/task_health.parquet#format-code-task-000813
format-code-task-000814,train,click,490,usable,nop sound,original,sha256:9f6426398826d9ec7a9de20fc151b045858c9b6a9523cc2fe06ccfcd415c380d,,,sound,har113-nop-000814,nop graded with reward 0,none_found,research/experiments/har108-python-census/task_health.parquet#format-code-task-000814
format-code-task-000817,train,dgl,6076,usable,"census broken_environment; repaired by env-keep-build-outputs@1, nop sound",repair,sha256:e7490f8dcfc6d01da5293a61c06d183b547c6d7bdf97e583870fed68acc48d58,env-keep-build-outputs@1,validated,broken_environment,har108-nop-000817,________ ERROR collecting tests/python/common/data/test_wiki_network.py ________,pypi_package,research/experiments/har108-python-census/task_health.parquet#format-code-task-000817 library/task-variants/mimo-v2.6-rl__format-code-task-000817/e7490f8dcfc6.json
format-code-task-000818,train,gluoncv,8971,usable,nop sound,original,sha256:65d8a694481310fe8b63c87394c2bb607a064e44f5311a0f39530a419876205c,,,sound,har115-nop-000818,nop graded with reward 0; setup error excused as the agent's missing work,pypi_package,research/experiments/har108-python-census/task_health.parquet#format-code-task-000818
format-code-task-000821,heldout,github.com/doccano/doccano,832,usable,"nop sound, leak closed",leak-closed,sha256:5cae905c1659515a420336d395480a423ed0c2e33d96c715e0b95d440d1df897,leak-close-pypi@1,candidate,sound,har113-nop-000821,nop graded with reward 0,pypi_fix_released,research/experiments/har108-python-census/task_health.parquet#format-code-task-000821 library/task-variants/mimo-v2.6-rl__format-code-task-000821/5cae905c1659.json
format-code-task-000823,train,compose,379,usable,nop sound,original,sha256:8491519933879a3179dde375b73e82c7450b43f0367e052e2d8095096794b903,,,sound,har113-nop-000823,nop graded with reward 0,git_only,research/experiments/har108-python-census/task_health.parquet#format-code-task-000823
format-code-task-000825,train,docling,6233,usable,nop sound,original,sha256:be4ba22b9f29a4d5101a44fc16e5536f9734068ce57e22fd51813ce3bc33e82c,,,sound,har115-nop-000825,nop graded with reward 0; setup error excused as the agent's missing work,pypi_package,research/experiments/har108-python-census/task_health.parquet#format-code-task-000825
format-code-task-000831,train,pymobiledevice3,877,usable,nop sound,original,sha256:f18ef036020ea89950f88d7605db2c17d82f04fd997d2aea2f180dcd121b2dd2,,,sound,har113-nop-000831,nop graded with reward 0,none_found,research/experiments/har108-python-census/task_health.parquet#format-code-task-000831
format-code-task-000832,heldout,inapppy,450,usable,nop sound,original,sha256:a9c2cc71303fbc1db84adea538949790a3aa0ab76c1800101d8a30a2a0e218f2,,,sound,har108-nop-000832,nop graded with reward 0,pypi_package,research/experiments/har108-python-census/task_health.parquet#format-code-task-000832
format-code-task-000833,train,flask_appbuilder,676,usable,nop sound,original,sha256:36fd61fd54c4327e1565bac2d22476a2008f2a30472b82afe9781b067fe65369,,,sound,har113-nop-000833,nop graded with reward 0,none_found,research/experiments/har108-python-census/task_health.parquet#format-code-task-000833
format-code-task-000834,train,dragonchain,448,usable,nop sound,original,sha256:f206747d3d2377a41889fde362bde3f6ee914b80954f432a368f80aa3fec7aa2,,,sound,har113-nop-000834,nop graded with reward 0,git_only,research/experiments/har108-python-census/task_health.parquet#format-code-task-000834
format-code-task-000838,train,ntfy,407,usable,"nop sound, leak closed",leak-closed,sha256:92b2914085860a6ee95c2533e8cdf606d9157ccf1d79d8d15babd4df4d04160c,leak-close-pypi@1,candidate,sound,har113-nop-000838,nop graded with reward 0,pypi_fix_released,research/experiments/har108-python-census/task_health.parquet#format-code-task-000838 library/task-variants/mimo-v2.6-rl__format-code-task-000838/92b291408586.json
format-code-task-000841,train,format-code-task-000841,3311,usable,nop sound,original,sha256:22ae0d338a86446190b52c280730f40afb684f6e7a48d109840653a5ac65c47d,,,sound,har115-nop-000841,nop graded with reward 0,none_found,research/experiments/har108-python-census/task_health.parquet#format-code-task-000841
format-code-task-000842,heldout,libsaas,2931,usable,nop sound,original,sha256:5c4ed18d658e9594719de5e4455e121450ba41290a1863beeff845e1deb0a96c,,,sound,har108-nop-000842,nop graded with reward 0; setup error excused as the agent's missing work,pypi_package,research/experiments/har108-python-census/task_health.parquet#format-code-task-000842
format-code-task-000843,heldout,PIL,1021,usable,nop sound,original,sha256:3cb413bfbc825d02078463fb1249c21e36d0b08b801363f11d101153c32f301f,,,sound,har108-nop-000843,nop graded with reward 0; setup error excused as the agent's missing work,none_found,research/experiments/har108-python-census/task_health.parquet#format-code-task-000843
format-code-task-000844,train,hybrid,722,usable,nop sound,original,sha256:ce1ac0548155e7b342c71cd026842132ab0d245f6a1b0271a5d578426515d265,,,sound,har108-nop-000844,nop graded with reward 0; setup error excused as the agent's missing work,pypi_package,research/experiments/har108-python-census/task_health.parquet#format-code-task-000844
format-code-task-000847,heldout,dynaconf,2956,usable,nop sound,original,sha256:a4f5adc9786868367f9d44a858a32936316b52dbd36ad724c9d859cd992f60d6,,,sound,har113-nop-000847,nop graded with reward 0,pypi_package,research/experiments/har108-python-census/task_health.parquet#format-code-task-000847
format-code-task-000852,train,pybroker,1041,usable,nop sound,original,sha256:5c058dc1468cb03961557c0d0a90f5005264f7a95c87ed920f1ea729125a8f9d,,,sound,har113-nop-000852,nop graded with reward 0; setup error excused as the agent's missing work,pypi_package,research/experiments/har108-python-census/task_health.parquet#format-code-task-000852
format-code-task-000854,train,efro,919,usable,nop sound,original,sha256:fccedfd0c1fc2b82f7e456d75c8b2668068743ef348bae99d6de5b90a66d1e76,,,sound,har113-nop-000854,nop graded with reward 0; setup error excused as the agent's missing work,none_found,research/experiments/har108-python-census/task_health.parquet#format-code-task-000854
format-code-task-000865,train,logstash,414,usable,nop sound,original,sha256:665cab7d069e32cff40fa2a7802011ac009508514953e391082c71caeed888e4,,,sound,har113-nop-000865,nop graded with reward 0,git_only,research/experiments/har108-python-census/task_health.parquet#format-code-task-000865
format-code-task-000866,train,format-code-task-000866,457,usable,nop sound,original,sha256:541aa900d449bfc51366ec8cd42036eecce88c08705e6943a5b6610d03fdb75f,,,sound,har108-nop-000866,nop graded with reward 0,git_only,research/experiments/har108-python-census/task_health.parquet#format-code-task-000866
format-code-task-000870,train,sciencebeam_parser,1613,usable,nop sound,original,sha256:ea480cce609e39bdd62aedb6220cb97d015e129709620cf1b3e3f8d676cf15df,,,sound,har108-nop-000870,nop graded with reward 0; setup error excused as the agent's missing work,none_found,research/experiments/har108-python-census/task_health.parquet#format-code-task-000870
format-code-task-000871,train,elyra,3329,usable,nop sound,original,sha256:4047b44992e096ec56593d20cf8830f108f8357a8f8b40775b96cf22455a84de,,,sound,har108-nop-000871,nop graded with reward 0,none_found,research/experiments/har108-python-census/task_health.parquet#format-code-task-000871
format-code-task-000878,train,starlette,2942,usable,nop sound,original,sha256:61a327611b2e422b80f1cdee82809823a7dc836a79f2f4c403220ebd9fb90586,,,sound,har108-nop-000878,nop graded with reward 0,pypi_package,research/experiments/har108-python-census/task_health.parquet#format-code-task-000878
format-code-task-000879,train,format-code-task-000879,2960,usable,nop sound,original,sha256:94fe7a1bfbfc8df9a6329367834aa728993281e2642d25a416fd514a080eb2bb,,,sound,har108-nop-000879,nop graded with reward 0,none_found,research/experiments/har108-python-census/task_health.parquet#format-code-task-000879
format-code-task-000881,train,chaco,3072,usable,nop sound,original,sha256:2790fe0c3edfbb5a50562eddcac27d862534ab0c198d643714492824e71def9b,,,sound,har108-nop-000881,nop graded with reward 0,pypi_package,research/experiments/har108-python-census/task_health.parquet#format-code-task-000881
format-code-task-000887,train,errbot,2966,usable,"nop sound, leak closed",leak-closed,sha256:9d53a8f1d10a2c2ea0d63e995a9b2c4babdf91113d3248156eb597ac4f3fab80,leak-close-pypi@1,candidate,sound,har108-nop-000887,nop graded with reward 0,pypi_fix_released,research/experiments/har108-python-census/task_health.parquet#format-code-task-000887 library/task-variants/mimo-v2.6-rl__format-code-task-000887/9d53a8f1d10a.json
format-code-task-000905,train,github.com/quark-engine/apk-samples,519,usable,nop sound,original,sha256:bf0e19c83a7e9bae92170fb481626a2276c88dd7ffe10158426a8b29795f6a26,,,sound,har113-nop-000905,nop graded with reward 0,git_only,research/experiments/har108-python-census/task_health.parquet#format-code-task-000905
format-code-task-000906,train,evennia,898,usable,nop sound,original,sha256:e481f5de9b5743847acf2f0f86f034c651b1be9bb37cb4de24f0262c8c445920,,,sound,har113-nop-000906,nop graded with reward 0,pypi_package,research/experiments/har108-python-census/task_health.parquet#format-code-task-000906
format-code-task-000918,train,format-code-task-000918,2991,usable,nop sound,original,sha256:aa8ff511fd5e4f0b8b4c3a41b66c16813d81b8f22e34ab79b5d1c953b499635a,,,sound,har108-nop-000918,nop graded with reward 0,none_found,research/experiments/har108-python-census/task_health.parquet#format-code-task-000918
format-code-task-000923,heldout,format-code-task-000923,3350,usable,nop sound,original,sha256:c704046f7e3334eb3137465fc24d4d5eb220fb58c0690674c9bc4b6344c5a2d2,,,sound,har115-nop-000923,nop graded with reward 0; setup error excused as the agent's missing work,none_found,research/experiments/har108-python-census/task_health.parquet#format-code-task-000923
format-code-task-000924,train,hydra,855,usable,nop sound,original,sha256:6692ba25327f01bfc12d3e11c0b94f10db017e9264f9a47029128b76e8b8e8ab,,,sound,har108-nop-000924,nop graded with reward 0,pypi_package,research/experiments/har108-python-census/task_health.parquet#format-code-task-000924
format-code-task-000925,train,seamless_communication,3770,usable,nop sound,original,sha256:4dd68e679e736d209a0d64f747b1c2867f03f0aae1defb585aaa2b39c81f477c,,,sound,har108-nop-000925,nop graded with reward 0,none_found,research/experiments/har108-python-census/task_health.parquet#format-code-task-000925
format-code-task-000926,train,format-code-task-000926,480,usable,"nop sound, leak closed",leak-closed,sha256:fb53ca55b496cd1d2f80795cb042634370763815325dda6b769756de99f3379b,leak-close-pypi@1,candidate,sound,har108-nop-000926,nop graded with reward 0,pypi_fix_released,research/experiments/har108-python-census/task_health.parquet#format-code-task-000926 library/task-variants/mimo-v2.6-rl__format-code-task-000926/fb53ca55b496.json
format-code-task-000927,train,format-code-task-000927,398,usable,"nop sound, leak closed",leak-closed,sha256:0b8d70b58210c0c295155d9b1823e753111be67d4ee79c0da2b01077788f4ad2,leak-close-pypi@1,validated,sound,har105-qual-py-000927,nop graded with reward 0,pypi_fix_released,research/experiments/har108-python-census/task_health.parquet#format-code-task-000927 library/task-variants/mimo-v2.6-rl__format-code-task-000927/0b8d70b58210.json
format-code-task-000930,train,format-code-task-000930,2980,usable,nop sound,original,sha256:f3ddea7880652f6fbfd79fbe3ecae2bbe734fb5e0e0265c63b3bbcfff7092f78,,,sound,har113-nop-000930,nop graded with reward 0,none_found,research/experiments/har108-python-census/task_health.parquet#format-code-task-000930
format-code-task-000931,heldout,format-code-task-000931,2953,usable,nop sound,original,sha256:39a86fe68f06a0b9205ae8b9efbe02bf8c43cf1fd76eb5e88e59f3bc8a86a1a6,,,sound,har113-nop-000931,nop graded with reward 0,none_found,research/experiments/har108-python-census/task_health.parquet#format-code-task-000931
format-code-task-000932,train,fastavro,511,usable,"nop sound, leak closed",leak-closed,sha256:d67f897919f6f5e5c73e0a14a7aaf7562b784127f9b16075ef9f862c3c724974,leak-close-pypi@1,candidate,sound,har113-nop-000932,nop graded with reward 0,pypi_fix_released,research/experiments/har108-python-census/task_health.parquet#format-code-task-000932 library/task-variants/mimo-v2.6-rl__format-code-task-000932/d67f897919f6.json
format-code-task-000939,heldout,torch,5733,usable,nop sound,original,sha256:f8eade9decd131301fb56320ee609262250d847e97154a1e9f7235aecb9faaeb,,,sound,har115-nop-000939,nop graded with reward 0,none_found,research/experiments/har108-python-census/task_health.parquet#format-code-task-000939
format-code-task-000941,train,pooch,433,usable,"nop sound, leak closed",leak-closed,sha256:1c86f4bd85e9f96a45cb4819a9c7a63c916554ce31942a01bc86146b22199238,leak-close-pypi@1,candidate,sound,har113-nop-000941,nop graded with reward 0,pypi_fix_released,research/experiments/har108-python-census/task_health.parquet#format-code-task-000941 library/task-variants/mimo-v2.6-rl__format-code-task-000941/1c86f4bd85e9.json
format-code-task-000944,train,usaspending_api,4199,usable,nop sound,original,sha256:2eecb821b28bda2ee264f55146929741b0c99e423e09fbee19666df21f1640d9,,,sound,har115-nop-000944,nop graded with reward 0,none_found,research/experiments/har108-python-census/task_health.parquet#format-code-task-000944
format-code-task-000945,train,model_mommy,3311,usable,nop sound,original,sha256:a3f7097996f74f5ccd18778d0af968ad8792dedb588f2db80ee07e82e3c8b575,,,sound,har108-nop-000945,nop graded with reward 0,none_found,research/experiments/har108-python-census/task_health.parquet#format-code-task-000945
format-code-task-000956,train,fixieai,2971,usable,nop sound,original,sha256:0fe5b138f2b94beeca7fdfef805cb13156aa035d00bb070d0c36c56d3be43855,,,sound,har108-nop-000956,nop graded with reward 0; setup error excused as the agent's missing work,none_found,research/experiments/har108-python-census/task_health.parquet#format-code-task-000956
format-code-task-000957,train,shared,3021,usable,nop sound,original,sha256:af50ece6857c8dad5c63106168ef56beb531411dd7d1fc9cedf49a058584baff,,,sound,har108-nop-000957,nop graded with reward 0,none_found,research/experiments/har108-python-census/task_health.parquet#format-code-task-000957
format-code-task-000960,train,torax,4825,usable,"census broken_environment; repaired by env-login-path@1, nop sound",repair,sha256:fdcf7e3f176e8ffebfc260dc052dfe36323d7f5df9b09d4b2a14ed5e9229d7fb,env-login-path@1,validated,broken_environment,har108-nop-000960,ModuleNotFoundError: No module named 'pytest',pypi_package,research/experiments/har108-python-census/task_health.parquet#format-code-task-000960 library/task-variants/mimo-v2.6-rl__format-code-task-000960/fdcf7e3f176e.json
format-code-task-000964,train,mlflow,4480,usable,nop sound,original,sha256:636709738b381d0b1a2e05200be3ea864b01acb6b1c7a8a0e93f1d47386ca594,,,sound,har115-nop-000964,nop graded with reward 0,none_found,research/experiments/har108-python-census/task_health.parquet#format-code-task-000964
format-code-task-000966,train,caching,6385,usable,"census broken_environment; repaired by env-login-path@2, nop sound",repair,sha256:918b471e2cb1425832dfe2fcc1b14b02669379e0341d1a0d22b304202ea6b64e,env-login-path@2,validated,broken_environment,har115-nop-000966,/testbed/mimo_test_command.sh: line 5: py.test: command not found,pypi_package,research/experiments/har108-python-census/task_health.parquet#format-code-task-000966 library/task-variants/mimo-v2.6-rl__format-code-task-000966/918b471e2cb1.json
format-code-task-000967,train,homeassistant,4368,usable,nop sound,original,sha256:fb5eae070090051bb863394d75209f7150833d962587c32fb002155135a60131,,,sound,har108-nop-000967,nop graded with reward 0,none_found,research/experiments/har108-python-census/task_health.parquet#format-code-task-000967
format-code-task-000968,train,f5,2978,usable,"census broken_environment; repaired by env-login-path@2, nop sound",repair,sha256:818dcd350ca077427bedcadde1eab0ae349c6c709badd650006d69cddebe939f,env-login-path@2,validated,broken_environment,har113-nop-000968,______ ERROR collecting f5/bigip/test/test_REST_interface_collections.py _______,pypi_package,research/experiments/har108-python-census/task_health.parquet#format-code-task-000968 library/task-variants/mimo-v2.6-rl__format-code-task-000968/818dcd350ca0.json
format-code-task-000969,heldout,scripts,3308,usable,nop sound,original,sha256:299011106a533b3dea0c3b26464cfada502f5c2c979d53f494936878428d77c5,,,sound,har108-nop-000969,nop graded with reward 0,pypi_package,research/experiments/har108-python-census/task_health.parquet#format-code-task-000969
format-code-task-000971,train,versioneer,5072,usable,nop sound,original,sha256:774d68d21e53c21a703aac839e8e47c35821486a3c9bf70324a682bdba0227ab,,,sound,har108-nop-000971,nop graded with reward 0,pypi_package,research/experiments/har108-python-census/task_health.parquet#format-code-task-000971
format-code-task-000972,train,arches,3491,usable,"census broken_environment; repaired by env-login-path@1, nop sound",repair,sha256:84adb64365ebfe9b6e6ff6148e63ee41947e35007b39a670e7c3bef3170bee91,env-login-path@1,validated,broken_environment,har108-nop-000972,ModuleNotFoundError: No module named 'django',none_found,research/experiments/har108-python-census/task_health.parquet#format-code-task-000972 library/task-variants/mimo-v2.6-rl__format-code-task-000972/84adb64365eb.json
format-code-task-000973,train,pulp,3149,usable,"census broken_environment; repaired by env-login-path@1, nop sound",repair,sha256:a120ded537d37300d26a4075211b663f3029f9aba67f11348b97109ca3059aa1,env-login-path@1,validated,broken_environment,har108-nop-000973,ModuleNotFoundError: No module named 'pulp',none_found,research/experiments/har108-python-census/task_health.parquet#format-code-task-000973 library/task-variants/mimo-v2.6-rl__format-code-task-000973/a120ded537d3.json
format-code-task-000974,train,sunpy,3623,discarded,"broken environment, no known repair: ModuleNotFoundError: No module named 'setuptools_scm' (env-login-path@2 rejected on its nop)",original,sha256:de65f8897b924598ca2ccde2fb300e340ed6257e0d4c23189f66e3391b7f6d3d,,,broken_environment,har115-nop-000974,ModuleNotFoundError: No module named 'setuptools_scm',pypi_package,research/experiments/har108-python-census/task_health.parquet#format-code-task-000974 library/task-variants/mimo-v2.6-rl__format-code-task-000974/3db9afa4324a.json
format-code-task-000975,train,armi,3067,usable,nop sound,original,sha256:2d7584c43ba16ef6a4a9a69c26f3bbaf12c9482a1f7f4b38457dbf743d97f66d,,,sound,har113-nop-000975,nop graded with reward 0,none_found,research/experiments/har108-python-census/task_health.parquet#format-code-task-000975
format-code-task-000976,train,neptune,3110,usable,nop sound,original,sha256:d2088931809573be4b1bad257f9144c671d4c30e66994f112a9b32a28889c76d,,,sound,har113-nop-000976,nop graded with reward 0,none_found,research/experiments/har108-python-census/task_health.parquet#format-code-task-000976
format-code-task-000980,train,plugins,2958,usable,nop sound,original,sha256:4aee25213daca9bcc4ac8c2eb79eaff1c74c57e1cadfe68af88bbe78227f030c,,,sound,har113-nop-000980,nop graded with reward 0,none_found,research/experiments/har108-python-census/task_health.parquet#format-code-task-000980
format-code-task-000984,train,socorro,3422,usable,"census broken_environment; repaired by env-login-path@2, nop sound",repair,sha256:3fd2405b548f3511f10f0667e7d2fb040d975d3dfb774f49bc5e33e9e5778ac5,env-login-path@2,validated,broken_environment,har108-nop-000984,/testbed/mimo_test_command.sh: line 5: pytest: command not found,none_found,research/experiments/har108-python-census/task_health.parquet#format-code-task-000984 library/task-variants/mimo-v2.6-rl__format-code-task-000984/3fd2405b548f.json library/task-variants/mimo-v2.6-rl__format-code-task-000984/7d130a0ced7a.json
format-code-task-000986,train,siuba,3046,usable,nop sound,original,sha256:b5342b63574a66ab84807ebda09f27690b6b7743442d76410b99981519907097,,,sound,har113-nop-000986,nop graded with reward 0,none_found,research/experiments/har108-python-census/task_health.parquet#format-code-task-000986
format-code-task-000987,heldout,flair,6303,usable,nop sound,original,sha256:e25c71ceaf7d3311c36eb7ea91e4d6f27aff9351db1568deb522089db3c33ea7,,,sound,har115-nop-000987,nop graded with reward 0,pypi_package,research/experiments/har108-python-census/task_health.parquet#format-code-task-000987
format-code-task-000992,heldout,ansible_collections,2944,usable,nop sound,original,sha256:b594897fc27d5b285718b6e9587687d689095e5e7b4a7d1cdd989b0a267a9649,,,sound,har113-nop-000992,nop graded with reward 0,none_found,research/experiments/har108-python-census/task_health.parquet#format-code-task-000992
format-code-task-000994,train,socorro,3345,usable,"census broken_environment; repaired by env-login-path@2, nop sound",repair,sha256:e22775f3015e183fb30267f2d9ce1e1a473c8b3763b9c149477ce2556b037f85,env-login-path@2,validated,broken_environment,har115-nop-000994,/testbed/mimo_test_command.sh: line 5: nosetests: command not found,none_found,research/experiments/har108-python-census/task_health.parquet#format-code-task-000994 library/task-variants/mimo-v2.6-rl__format-code-task-000994/e22775f3015e.json
format-code-task-000997,train,sqlfluff,3012,usable,nop sound,original,sha256:83a093b1ba3fe6225d1a2329c33eeb391a3566cc2add34cf306801b65add5a49,,,sound,har108-nop-000997,nop graded with reward 0,pypi_package,research/experiments/har108-python-census/task_health.parquet#format-code-task-000997
format-code-task-000998,train,dbt,3143,usable,nop sound,original,sha256:689d81983a4ed34effa84dd08bcbc7d8eb7ed3edf65f154e61ff11a3b708d9b8,,,sound,har113-nop-000998,nop graded with reward 0,none_found,research/experiments/har108-python-census/task_health.parquet#format-code-task-000998
format-code-task-000999,train,pygtrie,3045,usable,nop sound,original,sha256:5a8e3441f6f0ba2efcb01b86f22ea5f8a2cb574f529aed632100e615e22f22b3,,,sound,har113-nop-000999,nop graded with reward 0,none_found,research/experiments/har108-python-census/task_health.parquet#format-code-task-000999
format-code-task-001005,train,ghstack,2933,usable,nop sound,original,sha256:e5d491723f93aa4d5e5ea057b32558340f5d26dc74a897ed945de2cb9b60cc21,,,sound,har113-nop-001005,nop graded with reward 0,pypi_package,research/experiments/har108-python-census/task_health.parquet#format-code-task-001005
format-code-task-001008,train,airflow,3888,usable,nop sound,original,sha256:01e16ade9af9a21b78f525f8e69db6e94b1909ad53b98b38de428ca78606d1e4,,,sound,har115-nop-001008,nop graded with reward 0,none_found,research/experiments/har108-python-census/task_health.parquet#format-code-task-001008
format-code-task-001010,train,format-code-task-001010,3143,usable,nop sound,original,sha256:17e4650e0b8d32b4b3f19167a031a096ccda438da606d259d0d16f10a5c201e2,,,sound,har113-nop-001010,nop graded with reward 0,none_found,research/experiments/har108-python-census/task_health.parquet#format-code-task-001010
format-code-task-001013,train,samcli,3511,usable,nop sound,original,sha256:310e8233d8bec82e118fc9a975cfec5f5df4d36a9db0c5c871849863d6a1a992,,,sound,har115-nop-001013,nop graded with reward 0,pypi_package,research/experiments/har108-python-census/task_health.parquet#format-code-task-001013
format-code-task-001014,train,version_utils,3525,usable,nop sound,original,sha256:1870a7cc978ce040ef7b221b6009fa49419ab02cb92b7d356088cd4156df1429,,,sound,har108-nop-001014,nop graded with reward 0,pypi_package,research/experiments/har108-python-census/task_health.parquet#format-code-task-001014
format-code-task-001017,train,ansible_collections,3020,usable,nop sound,original,sha256:fb5699e0faa834c032997f2d5f4f2237a1497a7e21c6f210207fc2cd5a9d2182,,,sound,har113-nop-001017,nop graded with reward 0,none_found,research/experiments/har108-python-census/task_health.parquet#format-code-task-001017
format-code-task-001018,train,homeassistant,4068,usable,"census broken_environment; repaired by env-login-path@1, nop sound",repair,sha256:bd1445e234575a97257a08ee3f8859025a8ec5920a010d6b4ed4bc6da29d022f,env-login-path@1,validated,broken_environment,har108-nop-001018,ImportError while loading conftest '/testbed/tests/conftest.py'.,none_found,research/experiments/har108-python-census/task_health.parquet#format-code-task-001018 library/task-variants/mimo-v2.6-rl__format-code-task-001018/bd1445e23457.json
format-code-task-001019,train,ckan,3725,usable,"census broken_environment; repaired by env-login-path@1, nop sound",repair,sha256:21853f4b8a2f2641c18e75c7c5151d37559470ed57924c08fda6fbd31356438d,env-login-path@1,validated,broken_environment,har108-nop-001019,_________________ ERROR collecting ckan/tests/cli/test_cli.py __________________,pypi_package,research/experiments/har108-python-census/task_health.parquet#format-code-task-001019 library/task-variants/mimo-v2.6-rl__format-code-task-001019/21853f4b8a2f.json
format-code-task-001020,heldout,dagster,5777,usable,"census broken_environment; repaired by env-login-path@1, nop sound",repair,sha256:cbfbab48351b1db6434bce974e50056eecda12fe163ec8ed3bd980a7284baf86,env-login-path@1,validated,broken_environment,har108-nop-001020,/usr/bin/python: No module named pytest,none_found,research/experiments/har108-python-census/task_health.parquet#format-code-task-001020 library/task-variants/mimo-v2.6-rl__format-code-task-001020/cbfbab48351b.json
format-code-task-001022,train,samila,2999,usable,nop sound,original,sha256:b1fccca618022c6d32d8e6ca4d366748dd42776070659fa3faab5195ec5ca333,,,sound,har113-nop-001022,nop graded with reward 0,pypi_package,research/experiments/har108-python-census/task_health.parquet#format-code-task-001022
format-code-task-001023,train,pyanaconda,3240,usable,nop sound,original,sha256:eb15d51318bfa94d0ed6d8b0afadb78737605f756eeac3990c4bdb3f9637e62b,,,sound,har108-nop-001023,nop graded with reward 0,none_found,research/experiments/har108-python-census/task_health.parquet#format-code-task-001023
format-code-task-001024,train,supervisor,3002,usable,"census broken_environment; repaired by env-login-path@2, nop sound",repair,sha256:edfd45ce7e934ac4793dcf42d69fcb0245f4d659bdff1cd248589db88f77ddd3,env-login-path@2,validated,broken_environment,har113-nop-001024,______________ ERROR collecting supervisor/tests/test_process.py _______________,none_found,research/experiments/har108-python-census/task_health.parquet#format-code-task-001024 library/task-variants/mimo-v2.6-rl__format-code-task-001024/edfd45ce7e93.json
format-code-task-001027,train,optiland,3428,usable,nop sound,original,sha256:851501be2c2a13015004736fb3242c69b168b32c724bf2c9479f4af7a2193d77,,,sound,har108-nop-001027,nop graded with reward 0,pypi_package,research/experiments/har108-python-census/task_health.parquet#format-code-task-001027
format-code-task-001032,heldout,TestSCons,2986,usable,nop sound,original,sha256:1cc6618945f916ce1ffeb66f1ce309a74484aaedb4f819fbcf3d7203615c75d1,,,sound,har108-nop-001032,nop graded with reward 0,pypi_package,research/experiments/har108-python-census/task_health.parquet#format-code-task-001032
format-code-task-001037,train,documents,3985,usable,nop sound,original,sha256:bcae20cbedadb061f3fde8703c02bb67081b7ac1b6d2081a0ea5624dbe2aa91c,,,sound,har108-nop-001037,nop graded with reward 0,pypi_package,research/experiments/har108-python-census/task_health.parquet#format-code-task-001037
format-code-task-001038,train,samcli,3269,usable,nop sound,original,sha256:908b05e975d3692ad932e43b21b584a07187fbb9ce363076d425dda283cd89f1,,,sound,har108-nop-001038,nop graded with reward 0,none_found,research/experiments/har108-python-census/task_health.parquet#format-code-task-001038
format-code-task-001044,train,geopandas,3308,usable,nop sound,original,sha256:448aeda6db191217b1bb840c70142ce4847b2311821a27eba8b0dfe9bdeea452,,,sound,har108-nop-001044,nop graded with reward 0,pypi_package,research/experiments/har108-python-census/task_health.parquet#format-code-task-001044
format-code-task-001045,train,rest_framework,3365,usable,nop sound,original,sha256:9ac4c7b437e03a8ad626fb4b04f7f04a16a331a0b384bfded9be2ca110b19c83,,,sound,har115-nop-001045,nop graded with reward 0,none_found,research/experiments/har108-python-census/task_health.parquet#format-code-task-001045
format-code-task-001049,train,nautobot,3496,usable,nop sound,original,sha256:1641864c80df728714243cd5d6f5917b744267cfe3896d4b655ad814e1784eaa,,,sound,har108-nop-001049,nop graded with reward 0,pypi_package,research/experiments/har108-python-census/task_health.parquet#format-code-task-001049
format-code-task-001051,train,dbt,4619,usable,nop sound,original,sha256:7664b913394fd792d004c5acf0ec5fdb13e0a75c2e56eb769c257480b8f07828,,,sound,har108-nop-001051,nop graded with reward 0,pypi_package,research/experiments/har108-python-census/task_health.parquet#format-code-task-001051
format-code-task-001052,train,cirq,3196,usable,nop sound,original,sha256:7840e50faf8f65f81101daa915d1e12e8cf41110bbfa14f622d6209b77aa217a,,,sound,har108-nop-001052,nop graded with reward 0,pypi_package,research/experiments/har108-python-census/task_health.parquet#format-code-task-001052
format-code-task-001053,train,pyramid,3122,usable,nop sound,original,sha256:29656eec0f8a9c080cfc79f8493a51989156a756bdc670207143b29db810731d,,,sound,har113-nop-001053,nop graded with reward 0,pypi_package,research/experiments/har108-python-census/task_health.parquet#format-code-task-001053
format-code-task-001057,train,python_on_whales,3040,usable,nop sound,original,sha256:c79916c93212c4854bfdf13a1c38829215b44ced01fb10615da0723834e79484,,,sound,har108-nop-001057,nop graded with reward 0,none_found,research/experiments/har108-python-census/task_health.parquet#format-code-task-001057
format-code-task-001058,train,delfin,2977,usable,"census broken_environment; repaired by env-login-path@2, nop sound",repair,sha256:4793b3d87a6cbd8b71ec831a58e86b4463020595c34abdf8832cb315256cdca9,env-login-path@2,validated,broken_environment,har113-nop-001058,ModuleNotFoundError: No module named 'oslo_config',none_found,research/experiments/har108-python-census/task_health.parquet#format-code-task-001058 library/task-variants/mimo-v2.6-rl__format-code-task-001058/4793b3d87a6c.json
format-code-task-001063,heldout,quarkchain,2972,usable,nop sound,original,sha256:19f7403a90d2e0cd38f7f03ee7dc0bd170200405f25d284d8eb65329a17aea0b,,,sound,har113-nop-001063,nop graded with reward 0,pypi_package,research/experiments/har108-python-census/task_health.parquet#format-code-task-001063
format-code-task-001064,train,tox,3050,usable,"census broken_environment; repaired by env-keep-build-outputs@1, nop sound",repair,sha256:6d92670436eb58c3c0c8543ee1076fe7329bde63d35f3d0df27e76867ee25072,env-keep-build-outputs@1,validated,broken_environment,har108-nop-001064,ImportError while loading conftest '/testbed/tests/conftest.py'.,pypi_package,research/experiments/har108-python-census/task_health.parquet#format-code-task-001064 library/task-variants/mimo-v2.6-rl__format-code-task-001064/6d92670436eb.json
format-code-task-001065,train,torch,5951,usable,nop sound,original,sha256:cbff5d65e61177a5e6b0feb38adc3d180800e9faf44883eb953cf4bcead82b49,,,sound,har108-nop-001065,nop graded with reward 0,none_found,research/experiments/har108-python-census/task_health.parquet#format-code-task-001065
format-code-task-001066,train,dask,3107,usable,nop sound,original,sha256:7ab90a9a749e2e0bd8cd96def49e19f7e07ab8f4a32a58cd293d97a36caac882,,,sound,har113-nop-001066,nop graded with reward 0,pypi_package,research/experiments/har108-python-census/task_health.parquet#format-code-task-001066
format-code-task-001068,train,openduty,3042,usable,"census broken_environment; repaired by env-login-path@2, nop sound",repair,sha256:095c628afbf98ad780d229a9bf3350f8889f8cb1add465425a96e1389d49d705,env-login-path@2,validated,broken_environment,har113-nop-001068,ModuleNotFoundError: No module named 'django',pypi_package,research/experiments/har108-python-census/task_health.parquet#format-code-task-001068 library/task-variants/mimo-v2.6-rl__format-code-task-001068/095c628afbf9.json
format-code-task-001069,train,any_agent,3249,usable,nop sound,original,sha256:e803eb2cf5fafa10caac6e655204b180f837e4b0dd3bc46c6c13821a65af8300,,,sound,har115-nop-001069,nop graded with reward 0; setup error excused as the agent's missing work,none_found,research/experiments/har108-python-census/task_health.parquet#format-code-task-001069
format-code-task-001071,train,wikidict,3073,usable,nop sound,original,sha256:574a47ed87a2f5204126aad0755d21625a70c09104faa9f6c9eeac897befefe8,,,sound,har108-nop-001071,nop graded with reward 0,pypi_package,research/experiments/har108-python-census/task_health.parquet#format-code-task-001071
format-code-task-001072,train,openfisca_core,3052,usable,"census broken_environment; repaired by env-login-path@1, nop sound",repair,sha256:4058abd010c4d9db6d58493c759400d171dbd333b9485354adca761261d12087,env-login-path@1,validated,broken_environment,har108-nop-001072,/testbed/mimo_test_command.sh: line 5: pytest: command not found,none_found,research/experiments/har108-python-census/task_health.parquet#format-code-task-001072 library/task-variants/mimo-v2.6-rl__format-code-task-001072/4058abd010c4.json
format-code-task-001073,train,pandas,3831,discarded,"broken environment, no known repair: /usr/bin/python: No module named pytest (env-login-path@2 rejected on its nop)",original,sha256:a32b068ccbc1b697f39c2a5a9abb57ebd2ce087b246af2145b02c8843e9ec758,,,broken_environment,har115-nop-001073,/usr/bin/python: No module named pytest,pypi_package,research/experiments/har108-python-census/task_health.parquet#format-code-task-001073 library/task-variants/mimo-v2.6-rl__format-code-task-001073/39c2a76f357c.json
format-code-task-001075,train,altair,3274,usable,nop sound,original,sha256:0b3480a9a28d660fa1c3da182e5b36081c3d4a2b50abd56117355e4b778c588d,,,sound,har108-nop-001075,nop graded with reward 0,pypi_package,research/experiments/har108-python-census/task_health.parquet#format-code-task-001075
format-code-task-001076,train,glazier,2930,usable,nop sound,original,sha256:2a7984c073e750cf6f3414df16a0ee06e314c952ad398ad3ca24d66d97952ff3,,,sound,har108-nop-001076,nop graded with reward 0,pypi_package,research/experiments/har108-python-census/task_health.parquet#format-code-task-001076
format-code-task-001078,train,doctr,6562,discarded,"broken environment, no known repair: /testbed/mimo_test_command.sh: line 5: pytest: command not found (env-login-path@2 rejected on its nop)",original,sha256:32c6564de234126f4d69ce801f3f353e19b8f8fb147b9d88f13a53edc16ea81f,,,broken_environment,har115-nop-001078,/testbed/mimo_test_command.sh: line 5: pytest: command not found,pypi_package,research/experiments/har108-python-census/task_health.parquet#format-code-task-001078 library/task-variants/mimo-v2.6-rl__format-code-task-001078/cd85a596321e.json
format-code-task-001079,train,ape,4767,usable,"census broken_environment; repaired by env-keep-build-outputs@1, nop sound",repair,sha256:90f59eb7918173dfacfae497a2ed04415732d7e5ae9d01eb506ef9b5f445be98,env-keep-build-outputs@1,validated,broken_environment,har115-nop-001079,INTERNALERROR> ModuleNotFoundError: No module named 'ape.version',pypi_package,research/experiments/har108-python-census/task_health.parquet#format-code-task-001079 library/task-variants/mimo-v2.6-rl__format-code-task-001079/90f59eb79181.json
format-code-task-001080,train,gammapy,3215,usable,"census broken_environment; repaired by env-login-path@2, nop sound",repair,sha256:6ca9c62cdf6aa48dd85bffcd7ebc041d785c4a95875f661f9ebfcfca0598bcd7,env-login-path@2,validated,broken_environment,har115-nop-001080,/testbed/mimo_test_command.sh: line 4: pytest: command not found,none_found,research/experiments/har108-python-census/task_health.parquet#format-code-task-001080 library/task-variants/mimo-v2.6-rl__format-code-task-001080/6ca9c62cdf6a.json
format-code-task-001081,train,docscrape,3765,usable,"census broken_environment; repaired by env-login-path@2, nop sound",repair,sha256:bcb1d8b56a9e1e30a943cd7e9b76f42f80ac6924bd969cdbc8a8d975fa02e203,env-login-path@2,validated,broken_environment,har115-nop-001081,/testbed/mimo_test_command.sh: line 5: python2: command not found,pypi_package,research/experiments/har108-python-census/task_health.parquet#format-code-task-001081 library/task-variants/mimo-v2.6-rl__format-code-task-001081/bcb1d8b56a9e.json
format-code-task-001082,train,httpx,2933,usable,nop sound,original,sha256:9233e77a8ab7aa20ad474702e5e0c6c9665fdcd7ed83d40267d11227a55dc43f,,,sound,har108-nop-001082,nop graded with reward 0,none_found,research/experiments/har108-python-census/task_health.parquet#format-code-task-001082
format-code-task-001084,train,qiskit,3384,usable,nop sound,original,sha256:8123eccf4805e70dd03a9b9fd914f3d1274e0e6dd1ce54dc78945149b6c8fe64,,,sound,har115-nop-001084,nop graded with reward 0; setup error excused as the agent's missing work,none_found,research/experiments/har108-python-census/task_health.parquet#format-code-task-001084
format-code-task-001086,train,homeassistant,4125,usable,nop sound,original,sha256:49218a41b9f3770baba0c35d5b8b5ecb596dbf3044d7cb1fbed3c97e011ea48b,,,sound,har115-nop-001086,nop graded with reward 0,none_found,research/experiments/har108-python-census/task_health.parquet#format-code-task-001086
format-code-task-001087,train,deepchecks,3655,usable,"census broken_environment; repaired by env-keep-build-outputs@1, nop sound",repair,sha256:8149fa52561cccee507751b88e89aa816af9e663ccfef055b5f5bf46c4271cde,env-keep-build-outputs@1,validated,broken_environment,har108-nop-001087,ImportError while loading conftest '/testbed/tests/conftest.py'.,pypi_package,research/experiments/har108-python-census/task_health.parquet#format-code-task-001087 library/task-variants/mimo-v2.6-rl__format-code-task-001087/8149fa52561c.json
format-code-task-001089,train,underthesea,3120,usable,nop sound,original,sha256:cab9b128e16704c6a827aa736d1244317103bbe872b1a583818a36d6932c1858,,,sound,har113-nop-001089,nop graded with reward 0; setup error excused as the agent's missing work,pypi_package,research/experiments/har108-python-census/task_health.parquet#format-code-task-001089
format-code-task-001092,train,electricitymap,3296,usable,"census broken_environment; repaired by env-login-path@2, nop sound",repair,sha256:8d49432685d069a763e2c4b07f91cb18e3c6f9fdd987ee09d7b8ea3c39812724,env-login-path@2,validated,broken_environment,har115-nop-001092,/usr/bin/python: No module named pytest,none_found,research/experiments/har108-python-census/task_health.parquet#format-code-task-001092 library/task-variants/mimo-v2.6-rl__format-code-task-001092/8d49432685d0.json
format-code-task-001093,train,yarl,3024,usable,nop sound,original,sha256:b0512bf0cbddc06067e54a0d98ecb9cc51d47155e8fb15399a74687bfbea3884,,,sound,har108-nop-001093,nop graded with reward 0,pypi_package,research/experiments/har108-python-census/task_health.parquet#format-code-task-001093
format-code-task-001094,train,redis,3218,usable,nop sound,original,sha256:b39794d22a185f37216b96616827c03950076625ee5317269b1063eaf25f317a,,,sound,har115-nop-001094,nop graded with reward 0,pypi_package,research/experiments/har108-python-census/task_health.parquet#format-code-task-001094
format-code-task-001095,train,girder,3246,usable,"census broken_environment; repaired by env-login-path@2, nop sound",repair,sha256:eb2334e4dedd53807a4ca9fbf26b72e90ec7967c270a912e1937b4e0e939d9f5,env-login-path@2,validated,broken_environment,har115-nop-001095,ModuleNotFoundError: No module named 'cherrypy',none_found,research/experiments/har108-python-census/task_health.parquet#format-code-task-001095 library/task-variants/mimo-v2.6-rl__format-code-task-001095/eb2334e4dedd.json
format-code-task-001100,train,tablib,2955,usable,nop sound,original,sha256:2e747e2ba1a825f0953f1ac307f2439e526142c471bbbb37b3915619894a5391,,,sound,har108-nop-001100,nop graded with reward 0,none_found,research/experiments/har108-python-census/task_health.parquet#format-code-task-001100
format-code-task-001103,train,dask,3119,usable,"census broken_environment; repaired by env-login-path@1, nop sound",repair,sha256:7eaecbd8e2b1d9df686e70a0be68d07642722c8b711754e9e7b8d43f2fecb5a7,env-login-path@1,validated,broken_environment,har108-nop-001103,/testbed/mimo_test_command.sh: line 5: pytest: command not found,pypi_package,research/experiments/har108-python-census/task_health.parquet#format-code-task-001103 library/task-variants/mimo-v2.6-rl__format-code-task-001103/7eaecbd8e2b1.json
format-code-task-001105,train,scripts,3613,usable,nop sound,original,sha256:dd1582d11170f62433e44b51bd455b2675eef7bf44c9882265c32d61e9a9abb7,,,sound,har115-nop-001105,nop graded with reward 0,none_found,research/experiments/har108-python-census/task_health.parquet#format-code-task-001105
format-code-task-001109,train,aio_pika,3065,usable,nop sound,original,sha256:7d2573f4ec99c52aa379a615c58afe8a8118d550fbae27ea0a954058a26c3eb3,,,sound,har113-nop-001109,nop graded with reward 0,none_found,research/experiments/har108-python-census/task_health.parquet#format-code-task-001109
format-code-task-001110,heldout,hypothesistooling,3150,usable,nop sound,original,sha256:53ff52b6e7b80c8c582074026c7b35c44f3159d265e9e9913e5a6b1b66744d33,,,sound,har113-nop-001110,nop graded with reward 0,none_found,research/experiments/har108-python-census/task_health.parquet#format-code-task-001110
format-code-task-001112,train,format-code-task-001112,3343,usable,nop sound,original,sha256:bc22b9a0118674e3485a33122304be039c6668c089d83b83ad3b326471a58480,,,sound,har115-nop-001112,nop graded with reward 0,none_found,research/experiments/har108-python-census/task_health.parquet#format-code-task-001112
format-code-task-001114,train,changedetectionio,3032,usable,nop sound,original,sha256:c4f2b837bac4b05321b1dea19f3f4dfe93fd6da57a0549d0b99581aab88a2b44,,,sound,har108-nop-001114,nop graded with reward 0,none_found,research/experiments/har108-python-census/task_health.parquet#format-code-task-001114
format-code-task-001119,train,dbt,3207,usable,nop sound,original,sha256:1009d47f719ff2b27e5cf6731bb62933171c93fa01d0aab0d42ec03419c36b90,,,sound,har115-nop-001119,nop graded with reward 0,pypi_package,research/experiments/har108-python-census/task_health.parquet#format-code-task-001119
format-code-task-001122,train,scripts,3782,usable,nop sound,original,sha256:a770b4ed4a9fac29724f8205cd874d879ebb7b79dfd5f2b705db77f5a3565d1a,,,sound,har115-nop-001122,nop graded with reward 0,pypi_package,research/experiments/har108-python-census/task_health.parquet#format-code-task-001122
format-code-task-001124,heldout,socorro,3345,usable,"census broken_environment; repaired by env-login-path@2, nop sound",repair,sha256:00d10ce4d002a5755b2d577c6f2868a36a71a6670efde42567b084c052e28fe0,env-login-path@2,validated,broken_environment,har115-nop-001124,/testbed/mimo_test_command.sh: line 5: nosetests: command not found,none_found,research/experiments/har108-python-census/task_health.parquet#format-code-task-001124 library/task-variants/mimo-v2.6-rl__format-code-task-001124/00d10ce4d002.json
format-code-task-001125,train,scrapy,3225,discarded,"broken environment, no known repair: _____ ERROR collecting tests/test_downloadermiddleware_httpcompression.py ______",original,sha256:0eb5e489ff17a2e59aad256a1404a9f034bca4a676c1330eb2372eca5e37e7f7,,,broken_environment,har115-nop-001125,_____ ERROR collecting tests/test_downloadermiddleware_httpcompression.py ______,none_found,research/experiments/har108-python-census/task_health.parquet#format-code-task-001125
format-code-task-001127,train,picard,3429,usable,nop sound,original,sha256:a73be4bdfa09786263d38177524b4d251d8bb86b61eb28a7935df3017f219e03,,,sound,har108-nop-001127,nop graded with reward 0,pypi_package,research/experiments/har108-python-census/task_health.parquet#format-code-task-001127
format-code-task-001128,train,gftools,3132,usable,nop sound,original,sha256:5df963ed2e1abb82cdcf45b22a46ed3d95e4f7612c6b927065a305babede12b7,,,sound,har113-nop-001128,nop graded with reward 0,none_found,research/experiments/har108-python-census/task_health.parquet#format-code-task-001128
format-code-task-001130,train,faucet,3026,usable,nop sound,original,sha256:718d8cab98d5489e17a5cc72f051d20c5843f64cbea3f07f9041c14b582f803d,,,sound,har108-nop-001130,nop graded with reward 0,pypi_package,research/experiments/har108-python-census/task_health.parquet#format-code-task-001130
format-code-task-001132,train,opentrons,4460,usable,nop sound,original,sha256:1e56e97a21db1f0eb90b010009418ef5246d1997854b56afc2ecfc87dc871d51,,,sound,har115-nop-001132,nop graded with reward 0,none_found,research/experiments/har108-python-census/task_health.parquet#format-code-task-001132
format-code-task-001134,train,urllib3,2964,usable,nop sound,original,sha256:72aa4ed8ea2320c4df6c355a38cca6c5ccb59ffc468d226fc59bdaaf19fe88dd,,,sound,har108-nop-001134,nop graded with reward 0,pypi_package,research/experiments/har108-python-census/task_health.parquet#format-code-task-001134
format-code-task-001136,heldout,piccolo,2944,usable,nop sound,original,sha256:913418f2b8631912ddfc8132ecd9efcca801da78c6798d5d6c07410b65ed7434,,,sound,har108-nop-001136,nop graded with reward 0,none_found,research/experiments/har108-python-census/task_health.parquet#format-code-task-001136
format-code-task-001137,train,doc_comments_ai,3012,usable,nop sound,original,sha256:668dc9be99728cdf2fbbae736aa5544756b95da91a24e3228f5e74c19e68eeb1,,,sound,har108-nop-001137,nop graded with reward 0; setup error excused as the agent's missing work,pypi_package,research/experiments/har108-python-census/task_health.parquet#format-code-task-001137
format-code-task-001138,train,arches,3491,usable,"census broken_environment; repaired by env-login-path@2, nop sound",repair,sha256:493f544b83ce7eb1e00a9edaeea15a0b7f4de50ed70eb3e4f7833f4e86d01844,env-login-path@2,validated,broken_environment,har115-nop-001138,ModuleNotFoundError: No module named 'django',none_found,research/experiments/har108-python-census/task_health.parquet#format-code-task-001138 library/task-variants/mimo-v2.6-rl__format-code-task-001138/493f544b83ce.json
format-code-task-001139,heldout,moto,3081,usable,"census broken_environment; repaired by env-login-path@1, nop sound",repair,sha256:865a28902e41951a489c2b99ad2979d5f3b88a6f9d4bf4ce8c0b3602b05d3221,env-login-path@1,validated,broken_environment,har108-nop-001139,/testbed/mimo_test_command.sh: line 5: pytest: command not found,pypi_package,research/experiments/har108-python-census/task_health.parquet#format-code-task-001139 library/task-variants/mimo-v2.6-rl__format-code-task-001139/865a28902e41.json
format-code-task-001140,train,django_ajax,2943,usable,nop sound,original,sha256:77151ec2f0a1504485c8c6f35712972bafae9950bee27d44522f4e26e2ba7ef7,,,sound,har108-nop-001140,nop graded with reward 0,none_found,research/experiments/har108-python-census/task_health.parquet#format-code-task-001140
format-code-task-001142,heldout,supervisor,3002,usable,nop sound,original,sha256:b362d294162df1c52d087e1e57898af02a2df7c486666b85bc51aae12b60de8e,,,sound,har108-nop-001142,nop graded with reward 0,pypi_package,research/experiments/har108-python-census/task_health.parquet#format-code-task-001142
format-code-task-001144,train,qcodes,3265,usable,nop sound,original,sha256:35d414d02e56e984e7ad72ea69e6404afa18d94edfc03bc141be20bd831318a7,,,sound,har108-nop-001144,nop graded with reward 0,pypi_package,research/experiments/har108-python-census/task_health.parquet#format-code-task-001144
format-code-task-001145,train,kedro,3434,usable,nop sound,original,sha256:e95fd31e49155ac2ed0c12dfd00654d267b7fdf21bac543c331dc2dfcbd3d3d7,,,sound,har108-nop-001145,nop graded with reward 0,pypi_package,research/experiments/har108-python-census/task_health.parquet#format-code-task-001145
format-code-task-001146,train,faststream,3014,discarded,"grade unconfirmed: tests run and fail on the missing feature (operation_id keyword); no count line, so the grade is unconfirmed",original,sha256:1387034349ce3dde891d64bafd062dd110bd8e8a39b0b7e94cccd1bb62e600b3,,,grader_suspect,har113-nop-001146,no test results; last output: !!!!!!!!!!!!!!!!!!!!!!!!!! stopping after 1 failures !!!!!!!!!!!!!!!!!!!!!!!!!!!,none_found,research/experiments/har108-python-census/task_health.parquet#format-code-task-001146
format-code-task-001150,train,GirderClient,3075,discarded,"grade unconfirmed: the tests import clients/python/GirderClient.py, which is Python 2 (print statement), under Python 3.14; the image has no Python 2",original,sha256:9783fe588b8bcbfd53b63ace21c5b5f2d0a23842915a85f1870bc60ecae35507,,,grader_suspect,har108-nop-001150,no test results; last output: SyntaxError: Missing parentheses in call to 'print'. Did you mean print(...)?,none_found,research/experiments/har108-python-census/task_health.parquet#format-code-task-001150
format-code-task-001152,train,praw,3082,usable,nop sound,original,sha256:fcbcf0678a185d8e5939365dfdaf654c96aa35c1189a415301a2429c9a2fd6ef,,,sound,har113-nop-001152,nop graded with reward 0,pypi_package,research/experiments/har108-python-census/task_health.parquet#format-code-task-001152
format-code-task-001154,train,sqlfluff,3018,usable,nop sound,original,sha256:cff80c04f7587371f002308dc0bd4aa45ce91e9add827030ab4d14c7e0ffb2dc,,,sound,har108-nop-001154,nop graded with reward 0,none_found,research/experiments/har108-python-census/task_health.parquet#format-code-task-001154
format-code-task-001156,train,sqlfluff,3014,usable,nop sound,original,sha256:d8b1e80203ab32ea4b72ca8b32ad5556e872aa4074edda087bfd7c641d268a91,,,sound,har108-nop-001156,nop graded with reward 0,none_found,research/experiments/har108-python-census/task_health.parquet#format-code-task-001156
format-code-task-001160,train,opentrons,4348,discarded,"broken environment, no known repair: /testbed/mimo_test_command.sh: line 6: pytest: command not found (env-login-path@2 rejected on its nop)",original,sha256:c7b8b39cedac3e39fa2ef8f36329f6a55baca671dd74a401223a10740f889e55,,,broken_environment,har115-nop-001160,/testbed/mimo_test_command.sh: line 6: pytest: command not found,none_found,research/experiments/har108-python-census/task_health.parquet#format-code-task-001160 library/task-variants/mimo-v2.6-rl__format-code-task-001160/d187122ce9ea.json
format-code-task-001161,train,format-code-task-001161,2942,usable,nop sound,original,sha256:52b8743e5c18b86fccc6864e842c483c5369b2c83bd60e2dc6c21c1fd1896025,,,sound,har113-nop-001161,nop graded with reward 0,none_found,research/experiments/har108-python-census/task_health.parquet#format-code-task-001161
format-code-task-001163,train,ezdxf,3501,usable,"census broken_environment; repaired by env-login-path@2, nop sound",repair,sha256:ea51dfa22d9308bcbdf9fa01592b77d273d0c6a67d1c4f44b6611e553bd64404,env-login-path@2,validated,broken_environment,har115-nop-001163,ModuleNotFoundError: No module named 'pytest',none_found,research/experiments/har108-python-census/task_health.parquet#format-code-task-001163 library/task-variants/mimo-v2.6-rl__format-code-task-001163/ea51dfa22d93.json
format-code-task-001167,train,streamlink,3030,usable,nop sound,original,sha256:c799f30637d628f6b04f955959618c1f59ccdd488feacf3b4b86cc68b21748dc,,,sound,har113-nop-001167,nop graded with reward 0,pypi_package,research/experiments/har108-python-census/task_health.parquet#format-code-task-001167
format-code-task-001168,train,mlflow,4945,discarded,"broken environment, no known repair: ImportError while loading conftest '/testbed/tests/conftest.py'.",original,sha256:d8ca1d04bcb787019e8046fb22830174b2fe7924b015e2d38c80d9aa3282160e,,,broken_environment,har115-nop-001168,ImportError while loading conftest '/testbed/tests/conftest.py'.,pypi_package,research/experiments/har108-python-census/task_health.parquet#format-code-task-001168
format-code-task-001174,train,xblock,3173,discarded,"broken environment, no known repair: _________________ ERROR collecting xblock/test/test_runtime.py _________________",original,sha256:5b5b24aeff873eae21f0beec40281bb906944ec7ce9fb319b7cddcf80616f603,,,broken_environment,har115-nop-001174,_________________ ERROR collecting xblock/test/test_runtime.py _________________,pypi_package,research/experiments/har108-python-census/task_health.parquet#format-code-task-001174
format-code-task-001175,train,httpx,3086,usable,nop sound,original,sha256:89b80e3450cc38f780a5d977d47f2f9a3cb3c1884d8750512fb01c409d2e2e80,,,sound,har108-nop-001175,nop graded with reward 0,none_found,research/experiments/har108-python-census/task_health.parquet#format-code-task-001175
format-code-task-001176,train,bzt,3087,usable,"census broken_environment; repaired by env-login-pythonpath@1, nop sound",repair,sha256:52862dc0cdbbb58bd3cc7d547c7775f811fae400f7b9753f97ad43a1fe2e6be8,env-login-pythonpath@1,validated,broken_environment,har113-nop-001176,ModuleNotFoundError: No module named 'bzt',none_found,research/experiments/har108-python-census/task_health.parquet#format-code-task-001176 library/task-variants/mimo-v2.6-rl__format-code-task-001176/52862dc0cdbb.json library/task-variants/mimo-v2.6-rl__format-code-task-001176/7554f2f5ee8e.json
format-code-task-001177,train,curated_transformers,5702,usable,nop sound,original,sha256:be3ddda24bb60cbf2f3685b65f3e9a7759e28cdccaae6a724613350a79ffad76,,,sound,har115-nop-001177,nop graded with reward 0,none_found,research/experiments/har108-python-census/task_health.parquet#format-code-task-001177
format-code-task-001178,train,codespec_tests,4018,usable,nop sound,original,sha256:2bcfc4c53d6df6b1a56103862fa324df9a765a73fb527bad2d4bb63c6591dfe3,,,sound,har115-nop-001178,nop graded with reward 0,none_found,research/experiments/har108-python-census/task_health.parquet#format-code-task-001178
format-code-task-001179,train,sentry,4701,usable,"census broken_environment; repaired by env-login-path@1, nop sound",repair,sha256:27f6937f33716aa1c4633c0da7937881140b0e94c7d869d98efef7e077192a82,env-login-path@1,validated,broken_environment,har108-nop-001179,/testbed/mimo_test_command.sh: line 5: pytest: command not found,pypi_package,research/experiments/har108-python-census/task_health.parquet#format-code-task-001179 library/task-variants/mimo-v2.6-rl__format-code-task-001179/27f6937f3371.json
format-code-task-001180,train,wagtail,3453,usable,nop sound,original,sha256:cd722fa043b76d87a8ee8fcc093b02fc89a2ac37cfef1012fd199d54e9cec2a5,,,sound,har115-nop-001180,nop graded with reward 0,none_found,research/experiments/har108-python-census/task_health.parquet#format-code-task-001180
format-code-task-001181,heldout,rich,3043,usable,nop sound,original,sha256:a680b2bdae21a72de651b06f58968c7e881628efb2b3b6abc93ce9f8895bac3d,,,sound,har113-nop-001181,nop graded with reward 0,none_found,research/experiments/har108-python-census/task_health.parquet#format-code-task-001181
format-code-task-001183,train,griptape,3050,usable,nop sound,original,sha256:18be842ea1d222c7bb8783760c9603b28368f64fe696b0eebf80770211b1dfc5,,,sound,har113-nop-001183,nop graded with reward 0; setup error excused as the agent's missing work,none_found,research/experiments/har108-python-census/task_health.parquet#format-code-task-001183
format-code-task-001184,train,telegram,2975,usable,nop sound,original,sha256:6b2f7cb9399fe7916924dda3755e861a4ff951fc55b17219d1d19bddcede0e8b,,,sound,har108-nop-001184,nop graded with reward 0,pypi_package,research/experiments/har108-python-census/task_health.parquet#format-code-task-001184
format-code-task-001189,heldout,github.com/flet-dev/flet,590,usable,"nop sound, leak closed",leak-closed,sha256:e61dd8b5b00ac8912af3ef59649f9682d5a616811338986cc0e32a00e7766476,leak-close-pypi@1,candidate,sound,har108-nop-001189,nop graded with reward 0,pypi_fix_released,research/experiments/har108-python-census/task_health.parquet#format-code-task-001189 library/task-variants/mimo-v2.6-rl__format-code-task-001189/e61dd8b5b00a.json
format-code-task-001196,train,flytekit,3256,usable,nop sound,original,sha256:aabadc9a2eeace83445828e502c5782456c4ead89d62e6eeb65ac13d799c3550,,,sound,har115-nop-001196,nop graded with reward 0,pypi_package,research/experiments/har108-python-census/task_health.parquet#format-code-task-001196
format-code-task-001198,train,fontbakery,3284,usable,nop sound,original,sha256:b929f2aa48ca78be47c4005c175d9f714aadbfaea9af34df79554b3b0048e728,,,sound,har108-nop-001198,nop graded with reward 0,none_found,research/experiments/har108-python-census/task_health.parquet#format-code-task-001198
format-code-task-001199,heldout,format-code-task-001199,3189,usable,nop sound,original,sha256:c6ffcb37e65cba912211831498ba360c7931ab82770135f879c2a26d754f4e31,,,sound,har108-nop-001199,nop graded with reward 0,none_found,research/experiments/har108-python-census/task_health.parquet#format-code-task-001199
format-code-task-001200,train,Tests,2981,usable,nop sound,original,sha256:0af3a71603afa841a50c177e11557c4ad57fc8af0ab9eee4d69efec88f891d74,,,sound,har108-nop-001200,nop graded with reward 0,none_found,research/experiments/har108-python-census/task_health.parquet#format-code-task-001200
format-code-task-001205,train,format-code-task-001205,3069,usable,nop sound,original,sha256:ceec19a2d8fcbff8600366f714f77cd5214cc8b4f358962e010a599ba21944db,,,sound,har108-nop-001205,nop graded with reward 0,none_found,research/experiments/har108-python-census/task_health.parquet#format-code-task-001205
format-code-task-001207,heldout,format-code-task-001207,3315,usable,nop sound,original,sha256:8b7be3a1845aad082c2464191b08451257e4db5ad8c08dec957cc84340c1bfd9,,,sound,har108-nop-001207,nop graded with reward 0,none_found,research/experiments/har108-python-census/task_health.parquet#format-code-task-001207
format-code-task-001208,train,pslab,791,usable,nop sound,original,sha256:fda9581ad5c9b270e6619ec01b7775fedcda0d98108e05c06c31749876feab27,,,sound,har108-nop-001208,nop graded with reward 0,none_found,research/experiments/har108-python-census/task_health.parquet#format-code-task-001208
format-code-task-001209,train,pslab,866,usable,nop sound,original,sha256:726ad7248b0d411d745a7d1a6b67f497beac99486ceccfb811e5774d3edc15e3,,,sound,har113-nop-001209,nop graded with reward 0,pypi_package,research/experiments/har108-python-census/task_health.parquet#format-code-task-001209
format-code-task-001212,train,erpnext,7350,usable,nop sound,original,sha256:cec264c068d55f59e5c902595804b26df9806ea28ac04d055eb15545245be170,,,sound,har108-nop-001212,nop graded with reward 0,none_found,research/experiments/har108-python-census/task_health.parquet#format-code-task-001212
format-code-task-001215,train,format-code-task-001215,3843,usable,nop sound,original,sha256:5bc1d1134e4edda60d4d7f07c614a3d5cd968ec9bd26c58014a8b4622aa3018d,,,sound,har108-nop-001215,nop graded with reward 0,none_found,research/experiments/har108-python-census/task_health.parquet#format-code-task-001215
format-code-task-001216,heldout,format-code-task-001216,436,usable,nop sound,original,sha256:4e576513d242836ea8da2b7f59c02b55bcb14bd90f5574540a7ec7b3d052fe09,,,sound,har108-nop-001216,nop graded with reward 0,git_only,research/experiments/har108-python-census/task_health.parquet#format-code-task-001216
format-code-task-001218,train,fsspec,470,usable,"nop sound, leak closed",leak-closed,sha256:b6b16e623f97dc6e48ffe32d16fcb03e2db0c705da703362e2f1074d03246a35,leak-close-pypi@1,candidate,sound,har108-nop-001218,nop graded with reward 0,pypi_fix_released,research/experiments/har108-python-census/task_health.parquet#format-code-task-001218 library/task-variants/mimo-v2.6-rl__format-code-task-001218/b6b16e623f97.json
format-code-task-001219,train,navsim,1252,usable,nop sound,original,sha256:721500c7ed5af35db17046e9a94167533a5069df0d0cacc053e4adb45b073b34,,,sound,har113-nop-001219,nop graded with reward 0; setup error excused as the agent's missing work,pypi_package,research/experiments/har108-python-census/task_health.parquet#format-code-task-001219
format-code-task-001220,train,nuplan,1201,usable,nop sound,original,sha256:74b71356d173e8b5fb7d74ddf59927f02a17fedf6ea8ce213e174351514d97cb,,,sound,har108-nop-001220,nop graded with reward 0; setup error excused as the agent's missing work,pypi_package,research/experiments/har108-python-census/task_health.parquet#format-code-task-001220
format-code-task-001222,train,github.com/gabrielfalcao/HTTPretty,2942,usable,nop sound,original,sha256:a5b35c4ba459236fdf5254ea4844ae19db8b0e9144993ec9f9df1d09e373378a,,,sound,har108-nop-001222,nop graded with reward 0,pypi_package,research/experiments/har108-python-census/task_health.parquet#format-code-task-001222
format-code-task-001226,train,cortex,4314,discarded,"broken environment, no known repair: running build_ext (env-keep-build-outputs@1 rejected on its nop)",original,sha256:e2f1526766b3852d11dc86677580bf0431a836deb1c2095f13238d2a60141520,,,broken_environment,har115-nop-001226,running build_ext,pypi_package,research/experiments/har108-python-census/task_health.parquet#format-code-task-001226 library/task-variants/mimo-v2.6-rl__format-code-task-001226/a1eb01868dce.json
format-code-task-001228,train,gammapy,3111,usable,nop sound,original,sha256:0df2f3e6c73e76af2dc065c373a316392ede87e4f7bd023472310ab268d0f920,,,sound,har113-nop-001228,nop graded with reward 0; setup error excused as the agent's missing work,pypi_package,research/experiments/har108-python-census/task_health.parquet#format-code-task-001228
format-code-task-001229,train,gammapy,565,usable,"nop sound, leak closed",leak-closed,sha256:1e8d871e3fb95d542b6df2a01c21a655910cc48e8e20d7476eef237af603af73,leak-close-pypi@1,candidate,sound,har113-nop-001229,nop graded with reward 0; setup error excused as the agent's missing work,pypi_fix_released,research/experiments/har108-python-census/task_health.parquet#format-code-task-001229 library/task-variants/mimo-v2.6-rl__format-code-task-001229/1e8d871e3fb9.json
format-code-task-001232,train,gaphor,3187,usable,nop sound,original,sha256:0c704eb2c069b7483563984a0cdc41c1306d3d038f2a4f2a971281f334af4bf0,,,sound,har108-nop-001232,nop graded with reward 0,pypi_package,research/experiments/har108-python-census/task_health.parquet#format-code-task-001232
format-code-task-001241,heldout,pyalgotrade,887,usable,nop sound,original,sha256:5bee129ed4e919b3507be46c259a561c4d6b6f82503bc6106146a6d7b2b5f3df,,,sound,har113-nop-001241,nop graded with reward 0; setup error excused as the agent's missing work,pypi_package,research/experiments/har108-python-census/task_health.parquet#format-code-task-001241
format-code-task-001242,train,gcovr,482,usable,"nop sound, leak closed",leak-closed,sha256:a1ececbaad82e5a1c46fdc7c7a617b646f7ce4ce48d89b7e8261a3789a9af824,leak-close-pypi@1,candidate,sound,har108-nop-001242,nop graded with reward 0,pypi_fix_released,research/experiments/har108-python-census/task_health.parquet#format-code-task-001242 library/task-variants/mimo-v2.6-rl__format-code-task-001242/a1ececbaad82.json
format-code-task-001243,train,gcovr,2985,usable,nop sound,original,sha256:7b5080c87ae8fde7833f38ea8aefdae9723a53926ce796382dcee7fa18327f66,,,sound,har113-nop-001243,nop graded with reward 0,pypi_package,research/experiments/har108-python-census/task_health.parquet#format-code-task-001243
format-code-task-001246,train,burnman,681,usable,"census broken_environment; repaired by env-keep-files@1, nop sound",repair,sha256:91dae7160069d5c5c5695afa20bc436a85177413bdf394ece327048061a3f77a,env-keep-files@1,validated,broken_environment,har108-nop-001246,______ ERROR collecting usercase-test-coderl/test_solution_activities.py _______,pypi_package,research/experiments/har108-python-census/task_health.parquet#format-code-task-001246 library/task-variants/mimo-v2.6-rl__format-code-task-001246/91dae7160069.json
format-code-task-001247,train,format-code-task-001247,3292,usable,nop sound,original,sha256:5345b3149d960d2d87f6085efa364185a6e13b701ece3480c9eb1d12d0cfbc1a,,,sound,har115-nop-001247,nop graded with reward 0,none_found,research/experiments/har108-python-census/task_health.parquet#format-code-task-001247
format-code-task-001248,train,github.com/geopandas/dask-geopandas,507,usable,"nop sound, leak closed",leak-closed,sha256:cfaa8ccef4c20ccded181cf82f7756da66e9d9ac73a0517bc7a6ad5421e4d721,leak-close-pypi@1,candidate,sound,har113-nop-001248,nop graded with reward 0,pypi_fix_released,research/experiments/har108-python-census/task_health.parquet#format-code-task-001248 library/task-variants/mimo-v2.6-rl__format-code-task-001248/cfaa8ccef4c2.json
format-code-task-001249,train,geopandas,3089,usable,nop sound,original,sha256:110a9a30d609770fec464302f6a817eca29e777d625112061f0c2d1ed3ca8403,,,sound,har113-nop-001249,nop graded with reward 0,pypi_package,research/experiments/har108-python-census/task_health.parquet#format-code-task-001249
format-code-task-001250,train,shapely,651,usable,nop sound,original,sha256:eb0929c37c2f3a1a496ea8c384c6a0cc5f065cf070ab0c54a30f3b717c4fb14b,,,sound,har113-nop-001250,nop graded with reward 0,pypi_package,research/experiments/har108-python-census/task_health.parquet#format-code-task-001250
format-code-task-001251,train,geopandas,619,usable,"nop sound, leak closed",leak-closed,sha256:707d251d7c5665738ce532b740750353fed126bd2d4d22cd950067dfdd10f76a,leak-close-pypi@1,candidate,sound,har108-nop-001251,nop graded with reward 0,pypi_fix_released,research/experiments/har108-python-census/task_health.parquet#format-code-task-001251 library/task-variants/mimo-v2.6-rl__format-code-task-001251/707d251d7c56.json
format-code-task-001256,train,format-code-task-001256,3146,usable,nop sound,original,sha256:301a123f7d874fa57a30a47f02cedc18d0868c80816f2e691b93939232b324e1,,,sound,har108-nop-001256,nop graded with reward 0,none_found,research/experiments/har108-python-census/task_health.parquet#format-code-task-001256
format-code-task-001257,train,format-code-task-001257,3188,usable,nop sound,original,sha256:1c09df45b6d89ea265e5be48780a0d62a04a4b57da3afb322484104339b5192e,,,sound,har108-nop-001257,nop graded with reward 0,none_found,research/experiments/har108-python-census/task_health.parquet#format-code-task-001257
format-code-task-001258,train,format-code-task-001258,3201,usable,nop sound,original,sha256:7c226f308aa09b9f70a532655ad5d692aededa1525ff704ab7845a810f5b3ce6,,,sound,har115-nop-001258,nop graded with reward 0,none_found,research/experiments/har108-python-census/task_health.parquet#format-code-task-001258
format-code-task-001259,train,format-code-task-001259,523,usable,"nop sound, leak closed",leak-closed,sha256:621a61b9b803db861679cc12ec6022625c4cd05916e6b8ce86cef99f9544daf5,leak-close-pypi@1,candidate,sound,har113-nop-001259,nop graded with reward 0,pypi_fix_released,research/experiments/har108-python-census/task_health.parquet#format-code-task-001259 library/task-variants/mimo-v2.6-rl__format-code-task-001259/621a61b9b803.json
format-code-task-001260,train,format-code-task-001260,553,usable,"nop sound, leak closed",leak-closed,sha256:4d48d2b0a3b3873ec5190f3bd8f394b79e63bf9f68fc9a1fc81bb7c9e81dd933,leak-close-pypi@1,candidate,sound,har108-nop-001260,nop graded with reward 0,pypi_fix_released,research/experiments/har108-python-census/task_health.parquet#format-code-task-001260 library/task-variants/mimo-v2.6-rl__format-code-task-001260/4d48d2b0a3b3.json
format-code-task-001261,train,github.com/spulec/moto,3184,usable,nop sound,original,sha256:48fad490b58dcf43a91c29ead088964060f320e775eae26355a76d2d75cb5752,,,sound,har115-nop-001261,nop graded with reward 0,git_only,research/experiments/har108-python-census/task_health.parquet#format-code-task-001261
format-code-task-001262,train,boto3,636,usable,"nop sound, leak closed",leak-closed,sha256:b9596f3b9399ed3632948ccd51aa66e6c1685b1c843e3bf6b57ceefb7115b080,leak-close-pypi@1,candidate,sound,har108-nop-001262,nop graded with reward 0,pypi_fix_released,research/experiments/har108-python-census/task_health.parquet#format-code-task-001262 library/task-variants/mimo-v2.6-rl__format-code-task-001262/b9596f3b9399.json
format-code-task-001263,train,format-code-task-001263,3156,usable,nop sound,original,sha256:fb8066b44047561f6bca869c13ada4f354818a76d78acc88cbc53d32970edad9,,,sound,har115-nop-001263,nop graded with reward 0,none_found,research/experiments/har108-python-census/task_health.parquet#format-code-task-001263
format-code-task-001264,train,format-code-task-001264,3024,usable,nop sound,original,sha256:eb52ac59ad56b0349489827d27299a23c75f65eab66d2d3898d662a479f8dd80,,,sound,mimo-qual-c-format-code-task-001264,nop graded with reward 0,none_found,research/experiments/har108-python-census/task_health.parquet#format-code-task-001264
format-code-task-001265,train,pelican,412,usable,"nop sound, leak closed",leak-closed,sha256:3cdbc249d78bebf47c19f54eec6a1f5eeab89bd6f689e9919801165e4b826693,leak-close-pypi@1,validated,sound,har108-nop-001265,nop graded with reward 0,pypi_fix_released,research/experiments/har108-python-census/task_health.parquet#format-code-task-001265 library/task-variants/mimo-v2.6-rl__format-code-task-001265/3cdbc249d78b.json
format-code-task-001267,train,format-code-task-001267,3077,usable,nop sound,original,sha256:0f2d3eb9d6d5baafd36ce165ece651313f4c7f36534d340f04a0ae4e55ea4fd5,,,sound,har113-nop-001267,nop graded with reward 0,none_found,research/experiments/har108-python-census/task_health.parquet#format-code-task-001267
format-code-task-001268,train,format-code-task-001268,3247,usable,nop sound,original,sha256:50d5b698d0036b79a80d2b2c2708d7c00917a5d40ee7d5e86508d7a566035b40,,,sound,har108-nop-001268,nop graded with reward 0,none_found,research/experiments/har108-python-census/task_health.parquet#format-code-task-001268
format-code-task-001269,train,responses,424,discarded,"image leaks the fix: /testbed/build/lib holds the fixed module, copied in G2 001269-a2-r2 (Traces HAR-128 labels_g2_tail; Cdx 1 HAR-127 11:01Z)",leak-closed,sha256:541d416818c79503818c096a4e7ba4c2bc6ee37ba05684534a46a12464c3e18c,leak-close-pypi@1,candidate,sound,har113-nop-001269,nop graded with reward 0,pypi_fix_released,research/experiments/har108-python-census/task_health.parquet#format-code-task-001269 library/task-variants/mimo-v2.6-rl__format-code-task-001269/541d416818c7.json
format-code-task-001272,train,sentry,4425,usable,nop sound,original,sha256:d51fad1c930521507ba3140c749bd2e23dd4159acba21dad5848abed1704b08d,,,sound,har115-nop-001272,nop graded with reward 0,none_found,research/experiments/har108-python-census/task_health.parquet#format-code-task-001272
format-code-task-001273,train,format-code-task-001273,4383,usable,nop sound,original,sha256:a0fe5b7e90169c0aa753026cb6b5e49111a7d18f844a8d4625927a6a25bf4dd2,,,sound,har108-nop-001273,nop graded with reward 0,none_found,research/experiments/har108-python-census/task_health.parquet#format-code-task-001273
format-code-task-001277,train,sentry,4110,usable,nop sound,original,sha256:48de0fa7591259516f9c2fb01d2211647078ed97d1dd14b3e8a4e7640bb9b1ab,,,sound,har108-nop-001277,nop graded with reward 0,pypi_package,research/experiments/har108-python-census/task_health.parquet#format-code-task-001277
format-code-task-001285,heldout,pyftpdlib,714,usable,nop sound,original,sha256:fa20ccd9b38cec35a064b3500b3cd58c952dcdaa7a20eaf3a2fcf46543c8ccfe,,,sound,har108-nop-001285,nop graded with reward 0; setup error excused as the agent's missing work,none_found,research/experiments/har108-python-census/task_health.parquet#format-code-task-001285
format-code-task-001286,train,girder_client,3154,usable,nop sound,original,sha256:42309b3a14759550b9885fd5f0b17829b7eee1575ba37ce88385814298429e70,,,sound,har115-nop-001286,nop graded with reward 0,none_found,research/experiments/har108-python-census/task_health.parquet#format-code-task-001286
format-code-task-001287,train,girder,3154,usable,nop sound,original,sha256:debb115690f754c8184728e47284e1aa0f3982f3302ea4815aae40392ca38f65,,,sound,har115-nop-001287,nop graded with reward 0,none_found,research/experiments/har108-python-census/task_health.parquet#format-code-task-001287
format-code-task-001291,train,git,755,usable,nop sound,original,sha256:ef3c92b0dec1b09ba9b7c155366d8473422b794caae87e5714a7f547f2bfb3f4,,,sound,har108-nop-001291,nop graded with reward 0; setup error excused as the agent's missing work,none_found,research/experiments/har108-python-census/task_health.parquet#format-code-task-001291
format-code-task-001322,train,format-code-task-001322,483,usable,"nop sound, leak closed",leak-closed,sha256:dfa8d6417aed7027125ae464b6827b04c3e3709eb1fe6b7d140b1ec92c44dedb,leak-close-pypi@1,candidate,sound,har113-nop-001322,nop graded with reward 0,pypi_fix_released,research/experiments/har108-python-census/task_health.parquet#format-code-task-001322 library/task-variants/mimo-v2.6-rl__format-code-task-001322/dfa8d6417aed.json
format-code-task-001330,train,golem,3386,usable,nop sound,original,sha256:bd756716dcfbff8da15b9633877e7ed8d188688d1cd5c03f07569de7a36800f6,,,sound,har108-nop-001330,nop graded with reward 0,pypi_package,research/experiments/har108-python-census/task_health.parquet#format-code-task-001330
format-code-task-001332,train,absl,3122,usable,nop sound,original,sha256:a0c313bfef3e9a9615ad3619fd659b896d7c597c21835e24314a360369f8a539,,,sound,har113-nop-001332,nop graded with reward 0,pypi_package,research/experiments/har108-python-census/task_health.parquet#format-code-task-001332
format-code-task-001333,train,mujoco_warp,3336,usable,nop sound,original,sha256:ddc8374e118cebeb7f089112ab4844cc83d3a03533bc7e7a46753a0cc4b89da7,,,sound,har108-nop-001333,nop graded with reward 0,pypi_package,research/experiments/har108-python-census/task_health.parquet#format-code-task-001333
format-code-task-001334,train,tensorflow_federated,4692,usable,nop sound,original,sha256:3abcc599a731fe0e0d61c6fee81ad9167f6f7d3766cd9fdf8818bce19bd9d728,,,sound,har115-nop-001334,nop graded with reward 0,pypi_package,research/experiments/har108-python-census/task_health.parquet#format-code-task-001334
format-code-task-001338,train,format-code-task-001338,2982,usable,nop sound,original,sha256:bb254ac8363ead39d979510874add4a7233cfb144dbb6f409143d6f6bf4adc2a,,,sound,har113-nop-001338,nop graded with reward 0,none_found,research/experiments/har108-python-census/task_health.parquet#format-code-task-001338
format-code-task-001342,train,flax,3559,usable,nop sound,original,sha256:59210554e5c0f2ceb9102b36c966fd2d4b5e9aded97b427953c65f578243b430,,,sound,har108-nop-001342,nop graded with reward 0,pypi_package,research/experiments/har108-python-census/task_health.parquet#format-code-task-001342
format-code-task-001343,train,absl,3178,usable,nop sound,original,sha256:b74636fde4a95e045db49828451eb1863f77b57ebf4b2fa78a68add54d13d41d,,,sound,har115-nop-001343,nop graded with reward 0,none_found,research/experiments/har108-python-census/task_health.parquet#format-code-task-001343
format-code-task-001345,train,glazier,858,usable,nop sound,original,sha256:a1f41e163f4a1b50dee6f0032fe8982deb86753bd02e27d9c355e3d8d1698bd2,,,sound,har113-nop-001345,nop graded with reward 0; setup error excused as the agent's missing work,pypi_package,research/experiments/har108-python-census/task_health.parquet#format-code-task-001345
format-code-task-001355,heldout,magika,1121,usable,nop sound,original,sha256:f5ee23939db6dfac40697951f0fd2c18ef81e2db58377adbcdeab4d61aeb0aa4,,,sound,har108-nop-001355,nop graded with reward 0; setup error excused as the agent's missing work,pypi_package,research/experiments/har108-python-census/task_health.parquet#format-code-task-001355
format-code-task-001356,train,google,3599,usable,nop sound,original,sha256:502fd97b393609279e785a4acf51d308226b421c758136b9f4ac2c436a344f4f,,,sound,har108-nop-001356,nop graded with reward 0,none_found,research/experiments/har108-python-census/task_health.parquet#format-code-task-001356
format-code-task-001360,train,fire,712,usable,nop sound,original,sha256:0587cb26174d1772575b18c1823db6e2a609d51b63b01129b89397d8c890585e,,,sound,har113-nop-001360,nop graded with reward 0; setup error excused as the agent's missing work,pypi_package,research/experiments/har108-python-census/task_health.parquet#format-code-task-001360
format-code-task-001364,train,tf_quant_finance,1745,usable,nop sound,original,sha256:210fffb41d531b38aac2798c98df14926bcc376876aafd31e9db5a131e2e4a8c,,,sound,har108-nop-001364,nop graded with reward 0,pypi_package,research/experiments/har108-python-census/task_health.parquet#format-code-task-001364
format-code-task-001369,heldout,google,3858,usable,nop sound,original,sha256:756acb02f719496142f5f673b1afaad414db771006213b00c2809ad891271837,,,sound,har108-nop-001369,nop graded with reward 0,none_found,research/experiments/har108-python-census/task_health.parquet#format-code-task-001369
format-code-task-001371,train,format-code-task-001371,3036,usable,nop sound,original,sha256:f97a15863dbfdf04bdff857e100dd976e8329b1e70bd867f0c3b805880a0b2e1,,,sound,har113-nop-001371,nop graded with reward 0,none_found,research/experiments/har108-python-census/task_health.parquet#format-code-task-001371
format-code-task-001372,heldout,bigframes,3259,usable,nop sound,original,sha256:df9efb5ad7dad65762f80b17ecbc06593f3b462a46480af4c4212dba1474ff98,,,sound,har115-nop-001372,nop graded with reward 0,pypi_package,research/experiments/har108-python-census/task_health.parquet#format-code-task-001372
format-code-task-001373,train,google,409,usable,nop sound,original,sha256:2b1c35d2cdba43bf94f4a18e5a56648a76183eee6fd6da04df0bbed3a907cdb1,,,sound,har113-nop-001373,nop graded with reward 0,git_only,research/experiments/har108-python-census/task_health.parquet#format-code-task-001373
format-code-task-001374,train,github.com/googleapis/python-storage,454,usable,nop sound,original,sha256:7a7ce61d382a550069b71bbe410ac0d3a3338288f692ce6ebc32f07e084ef3e6,,,sound,har108-nop-001374,nop graded with reward 0,git_only,research/experiments/har108-python-census/task_health.parquet#format-code-task-001374
format-code-task-001393,train,apps,817,usable,nop sound,original,sha256:52b57fedc82d7cf86e59a8a82fcb9396a52dc47dc4b0e87b40d164d98c95e3eb,,,sound,har108-nop-001393,nop graded with reward 0,git_only,research/experiments/har108-python-census/task_health.parquet#format-code-task-001393
format-code-task-001394,train,github.com/grafana/oncall,817,usable,nop sound,original,sha256:fe5fdbcdc9fde6477deda7debb2839b656637cef08a385ab36d90230e263cfee,,,sound,har113-nop-001394,nop graded with reward 0,git_only,research/experiments/har108-python-census/task_health.parquet#format-code-task-001394
format-code-task-001397,train,grai_source_dbt,3170,usable,nop sound,original,sha256:6690faca8f29119b30440d71dfac8bd556c9e243bf4ed23e8ad3ca79f29f6c18,,,sound,har115-nop-001397,nop graded with reward 0,none_found,research/experiments/har108-python-census/task_health.parquet#format-code-task-001397
format-code-task-001399,train,django_filters,403,usable,"nop sound, leak closed",leak-closed,sha256:f8ea9d7813ebe8488f5286188616463e195612abe2284e069f09951d3c8a9405,leak-close-pypi@1,candidate,sound,har113-nop-001399,nop graded with reward 0,pypi_fix_released,research/experiments/har108-python-census/task_health.parquet#format-code-task-001399 library/task-variants/mimo-v2.6-rl__format-code-task-001399/f8ea9d7813eb.json
format-code-task-001400,heldout,graphene_sqlalchemy,2954,usable,nop sound,original,sha256:a35fc4f8ee0e607c8400d26d8bdd41994e273ae0b905de29395ea94a751ff707,,,sound,har113-nop-001400,nop graded with reward 0,pypi_package,research/experiments/har108-python-census/task_health.parquet#format-code-task-001400
format-code-task-001404,train,format-code-task-001404,3719,usable,nop sound,original,sha256:d345e27a6eaf2da8cb663f1f48f5b9661821781b65c3a9f0af5e4fa33d3bcb22,,,sound,har115-nop-001404,nop graded with reward 0,none_found,research/experiments/har108-python-census/task_health.parquet#format-code-task-001404
format-code-task-001406,train,griptape,3049,usable,"census broken_environment; repaired by env-login-path@2, nop sound",repair,sha256:db655f2e25fbb86ef15e78b492337a49029c0d55412964412982398ccba5a423,env-login-path@2,validated,broken_environment,har113-nop-001406,/testbed/mimo_test_command.sh: line 5: pytest: command not found,none_found,research/experiments/har108-python-census/task_health.parquet#format-code-task-001406 library/task-variants/mimo-v2.6-rl__format-code-task-001406/db655f2e25fb.json
format-code-task-001416,train,asx_gym,1138,usable,nop sound,original,sha256:b9e3549d633fb494ec2ad3bc8cd83fb2377c5f3fbd3fae159d507dc4f4a84478,,,sound,har113-nop-001416,nop graded with reward 0; setup error excused as the agent's missing work,none_found,research/experiments/har108-python-census/task_health.parquet#format-code-task-001416
format-code-task-001418,train,vllm,1315,usable,nop sound,original,sha256:cc3a51fe3b06deca79d00e2717344153ef8b57c653d6f4687d922b2e222f2ce3,,,sound,har108-nop-001418,nop graded with reward 0,pypi_package,research/experiments/har108-python-census/task_health.parquet#format-code-task-001418
format-code-task-001422,train,h5py,452,usable,"census broken_environment; repaired by env-keep-build-outputs@1, nop sound",repair,sha256:03762dc0058a8fc6f14d16c14b823dfad10fa1560e91e76c8e9ca2d16a86ed4c,env-keep-build-outputs@1,validated,broken_environment,har108-nop-001422,ImportError while loading conftest '/testbed/h5py/tests/conftest.py'.,pypi_fix_released,research/experiments/har108-python-census/task_health.parquet#format-code-task-001422 library/task-variants/mimo-v2.6-rl__format-code-task-001422/03762dc0058a.json
format-code-task-001425,train,htk,483,usable,nop sound,original,sha256:aeb2f637325b77a88692d367f0d9daf3f095be8dfcca8af55eab6ea1e6c3e3fd,,,sound,har113-nop-001425,nop graded with reward 0,pypi_package,research/experiments/har108-python-census/task_health.parquet#format-code-task-001425
format-code-task-001426,train,batch,3159,usable,nop sound,original,sha256:82bfa460888827fda45a89a5933730419d216a86d14f8594fb06cb64d971b40a,,,sound,har108-nop-001426,nop graded with reward 0,none_found,research/experiments/har108-python-census/task_health.parquet#format-code-task-001426
format-code-task-001431,train,format-code-task-001431,2972,usable,nop sound,original,sha256:cb9d3d85293fdfb9d55e78a3024060ff69389a523632be653c6b66d0597fef36,,,sound,har108-nop-001431,nop graded with reward 0; setup error excused as the agent's missing work,none_found,research/experiments/har108-python-census/task_health.parquet#format-code-task-001431
format-code-task-001432,train,can,697,usable,nop sound,original,sha256:ea025a08c13627dafbb09abc6e3f3c68c08f92a0bac10a00420b2f0c49836159,,,sound,har108-nop-001432,nop graded with reward 0; setup error excused as the agent's missing work,pypi_package,research/experiments/har108-python-census/task_health.parquet#format-code-task-001432
format-code-task-001433,train,can,691,usable,nop sound,original,sha256:02eb422c2d45273f2869a3729eb5e0be2bcf4e04e84bc57421bd853b2a5fabae,,,sound,har113-nop-001433,nop graded with reward 0,pypi_package,research/experiments/har108-python-census/task_health.parquet#format-code-task-001433
format-code-task-001435,train,fasteners,461,usable,nop sound,original,sha256:e88e4b3057baf66589fb4b3f74e77868687a655a496a20c817890bed4d95d797,,,sound,har108-nop-001435,nop graded with reward 0,pypi_package,research/experiments/har108-python-census/task_health.parquet#format-code-task-001435
format-code-task-001460,train,examples,2964,usable,nop sound,original,sha256:adc20c9ae970f28cbdcf3b1738000e5a85faa04dd15b11ece0d424046599e719,,,sound,har108-nop-001460,nop graded with reward 0,pypi_package,research/experiments/har108-python-census/task_health.parquet#format-code-task-001460
format-code-task-001461,train,bleak,,discarded,"broken environment, no known repair: trial exception: SandboxBuildFailedError",original,sha256:43bbec9ceb9a5ddbc33a5414c6a198d6c4946e3ad13a884b3e267b3d32649669,,,broken_environment,har115-nop-001461,trial exception: SandboxBuildFailedError,none_found,research/experiments/har108-python-census/task_health.parquet#format-code-task-001461
format-code-task-001462,train,jmcomic,714,usable,nop sound,original,sha256:ebaa96a3384dd5beef634d5a476a8f95b579350ccd0974917ceec26401579438,,,sound,har113-nop-001462,nop graded with reward 0; setup error excused as the agent's missing work,pypi_package,research/experiments/har108-python-census/task_health.parquet#format-code-task-001462
format-code-task-001469,heldout,hikari,2970,usable,nop sound,original,sha256:3d1fa610a29cf92a7c9b7243edb9a65e1722e99dff1c83925cc291c22c2d4f7a,,,sound,har113-nop-001469,nop graded with reward 0,none_found,research/experiments/har108-python-census/task_health.parquet#format-code-task-001469
format-code-task-001471,train,format-code-task-001471,438,usable,nop sound,original,sha256:1e432b6de3aac3f86a296798e29b925267290c6deabb1707a4f8750a82bca0a1,,,sound,har113-nop-001471,nop graded with reward 0,none_found,research/experiments/har108-python-census/task_health.parquet#format-code-task-001471
format-code-task-001477,train,github.com/holoviz/holoviews,656,usable,"nop sound, leak closed",leak-closed,sha256:f716d59f67c19221b3a9416524489df13359383f9483ffbd5ed523e6be1b1071,leak-close-pypi@1,candidate,sound,har113-nop-001477,nop graded with reward 0,pypi_fix_released,research/experiments/har108-python-census/task_health.parquet#format-code-task-001477 library/task-variants/mimo-v2.6-rl__format-code-task-001477/f716d59f67c1.json
format-code-task-001478,train,spatialpandas,1289,usable,nop sound,original,sha256:6bb6f8a8da39e46d0947200dcacbaf416ff31f93b0fa3f384d275b73d8f00916,,,sound,har108-nop-001478,nop graded with reward 0,pypi_package,research/experiments/har108-python-census/task_health.parquet#format-code-task-001478
format-code-task-001479,train,click,2951,usable,nop sound,original,sha256:4c3ec4ce3e191efb9f4684730f02c5c447b96f24e9c209e6ea88b556ac5f11ec,,,sound,har108-nop-001479,nop graded with reward 0,none_found,research/experiments/har108-python-census/task_health.parquet#format-code-task-001479
format-code-task-001480,heldout,github.com/blakeblackshear/frigate-hass-addons,1837,usable,"nop sound, leak closed",leak-closed,sha256:79feaf1078f4c2d031548e7d3ad244be47e25036f75fb2462dc24848a1d6db22,leak-close-pypi@1,candidate,sound,har108-nop-001480,nop graded with reward 0,pypi_fix_released,research/experiments/har108-python-census/task_health.parquet#format-code-task-001480 library/task-variants/mimo-v2.6-rl__format-code-task-001480/79feaf1078f4.json
format-code-task-001481,train,github.com/home-assistant/core,1855,usable,"nop sound, leak closed",leak-closed,sha256:8235576ec8a6429d89e128c87fb49c1a9873437297b456b1fb99bd012c26d171,leak-close-pypi@1,candidate,sound,har108-nop-001481,nop graded with reward 0,pypi_fix_released,research/experiments/har108-python-census/task_health.parquet#format-code-task-001481 library/task-variants/mimo-v2.6-rl__format-code-task-001481/8235576ec8a6.json
format-code-task-001482,train,format-code-task-001482,4414,usable,nop sound,original,sha256:8c92ef27b8144a52e79a83c9848693cd87df7cd0e0676f65ccff0f496413bd97,,,sound,mimo-qual-c-format-code-task-001482,nop graded with reward 0,none_found,research/experiments/har108-python-census/task_health.parquet#format-code-task-001482
format-code-task-001483,train,format-code-task-001483,4457,usable,nop sound,original,sha256:9b22e25e5db6f67b274b7e41c653e0c09bde05243bbece13308e33034036d326,,,sound,mimo-qual-c-format-code-task-001483,nop graded with reward 0,none_found,research/experiments/har108-python-census/task_health.parquet#format-code-task-001483
format-code-task-001484,train,format-code-task-001484,4434,usable,nop sound,original,sha256:bed4603c21ef7224948d58f2b95e434e2c9d7cb91b4599b275fccbbf61afd434,,,sound,har108-nop-001484,nop graded with reward 0,none_found,research/experiments/har108-python-census/task_health.parquet#format-code-task-001484
format-code-task-001486,train,format-code-task-001486,1928,usable,nop sound,original,sha256:e2e8ae8bf8c14a6726dce768c9b0892ea19c0bb0eae3f778f4ff92d8a086af16,,,sound,mimo-qual-c-format-code-task-001486,nop graded with reward 0,git_only,research/experiments/har108-python-census/task_health.parquet#format-code-task-001486
format-code-task-001487,train,format-code-task-001487,1970,usable,nop sound,original,sha256:3a7e79d0ccf35ffcd7d21aa3a126265080b096506dc7dcc6243d7791285bc1f1,,,sound,har113-nop-001487,nop graded with reward 0,git_only,research/experiments/har108-python-census/task_health.parquet#format-code-task-001487
format-code-task-001488,train,github.com/RDG88/lovelace-awtrix-light-display-card,1999,usable,nop sound,original,sha256:ff811438b23008d9974c8b6ea9a67ad2797863d286b35353ba24893bd195b13c,,,sound,har113-nop-001488,nop graded with reward 0,git_only,research/experiments/har108-python-census/task_health.parquet#format-code-task-001488
format-code-task-001489,train,homeassistant,4189,usable,nop sound,original,sha256:2d3d94ce88066c268fac12563e9554e676dcdd2662f2ceeb357f944500126822,,,sound,har115-nop-001489,nop graded with reward 0,none_found,research/experiments/har108-python-census/task_health.parquet#format-code-task-001489
format-code-task-001490,heldout,homeassistant,1991,usable,nop sound,original,sha256:04d87821a953d254b0cd7f22ed19afb877372e9cd21242d14e184fecd6e2819a,,,sound,har113-nop-001490,nop graded with reward 0,none_found,research/experiments/har108-python-census/task_health.parquet#format-code-task-001490
format-code-task-001491,train,github.com/user-attachments/files,2059,usable,nop sound,original,sha256:fe4319531b5fcba79539c17647b49fd9815951eb65569adf0640de9ea7966bbf,,,sound,har108-nop-001491,nop graded with reward 0,git_only,research/experiments/har108-python-census/task_health.parquet#format-code-task-001491
format-code-task-001492,train,format-code-task-001492,2074,usable,nop sound,original,sha256:eb26e306f484ba906674742c56893fcfcdd7c82943c9d3f325020f1a39c213be,,,sound,har113-nop-001492,nop graded with reward 0,git_only,research/experiments/har108-python-census/task_health.parquet#format-code-task-001492
format-code-task-001493,train,format-code-task-001493,3994,usable,nop sound,original,sha256:c1216855b8c4c0f633946b6c85b8e1bd0d10c0e2b14df9c2e8661836e0600e14,,,sound,har115-nop-001493,nop graded with reward 0,none_found,research/experiments/har108-python-census/task_health.parquet#format-code-task-001493
format-code-task-001494,train,github.com/home-assistant/home-assistant,4068,usable,nop sound,original,sha256:420df431d3e90207333f8a2cb398877448c8c65ce8ada496e1518acd6a9f046c,,,sound,har115-nop-001494,nop graded with reward 0,pypi_package,research/experiments/har108-python-census/task_health.parquet#format-code-task-001494
format-code-task-001495,train,github.com/home-assistant/home-assistant,1351,usable,"nop sound, leak closed",leak-closed,sha256:895d2f1db7ad29915c7b26f0bc357a74d997f44b1350d8292b204a6d628cded9,leak-close-pypi@1,candidate,sound,har113-nop-001495,nop graded with reward 0,pypi_fix_released,research/experiments/har108-python-census/task_health.parquet#format-code-task-001495 library/task-variants/mimo-v2.6-rl__format-code-task-001495/895d2f1db7ad.json
format-code-task-001497,train,github.com/home-assistant/home-assistant,1407,usable,nop sound,original,sha256:f079c3a7888ccb0affa7d9a4e9dc8d6d78ad99e997210c08cc2e25efff25586b,,,sound,har108-nop-001497,nop graded with reward 0,git_only,research/experiments/har108-python-census/task_health.parquet#format-code-task-001497
format-code-task-001498,train,github.com/home-assistant/core,1439,usable,nop sound,original,sha256:b59b0aa00d32770fead5079d17bc430c4aa8740a584f29b9ca0862b95bbde890,,,sound,har113-nop-001498,nop graded with reward 0,git_only,research/experiments/har108-python-census/task_health.parquet#format-code-task-001498
format-code-task-001499,train,github.com/home-assistant/core,1488,usable,nop sound,original,sha256:e00d0119ef6f16b31a2aace724229b6992ef1fe9493cadf97bc008ed72d7eeaf,,,sound,har108-nop-001499,nop graded with reward 0,git_only,research/experiments/har108-python-census/task_health.parquet#format-code-task-001499
format-code-task-001501,train,format-code-task-001501,4147,usable,nop sound,original,sha256:faf7c3da3462334cd8df548627a328f8b871daf7d1b8f787eefd50bb0ec09c91,,,sound,har115-nop-001501,nop graded with reward 0,none_found,research/experiments/har108-python-census/task_health.parquet#format-code-task-001501
format-code-task-001502,train,format-code-task-001502,4181,usable,nop sound,original,sha256:859e6de7b807710e68df44dc1b2236fb6e9d94f6bb0ea81e7359b3941c9e6d9e,,,sound,har115-nop-001502,nop graded with reward 0,none_found,research/experiments/har108-python-census/task_health.parquet#format-code-task-001502
format-code-task-001503,heldout,format-code-task-001503,1606,usable,nop sound,original,sha256:1966947225e070c03d854b3bcaa5ead2beb17011961afa3ba945cf15e2f65ac5,,,sound,har113-nop-001503,nop graded with reward 0,git_only,research/experiments/har108-python-census/task_health.parquet#format-code-task-001503
format-code-task-001504,heldout,format-code-task-001504,4216,usable,nop sound,original,sha256:1678b63e437d541c2635dafc86545bcb59d4d67b3552bdee3f758238006a2dab,,,sound,har115-nop-001504,nop graded with reward 0,none_found,research/experiments/har108-python-census/task_health.parquet#format-code-task-001504
format-code-task-001505,train,homeassistant,1234,usable,nop sound,original,sha256:64c3551bb7662ad2a3a5cb59f73eb94503e2dac80a7d8dacc68863e3a6c074e7,,,sound,har113-nop-001505,nop graded with reward 0,none_found,research/experiments/har108-python-census/task_health.parquet#format-code-task-001505
format-code-task-001506,train,homeassistant,4279,usable,nop sound,original,sha256:1396aa4157fb86ebc2451a7f4c00a026aa9cf4bb616a4702d87963ec6c5c902f,,,sound,har108-nop-001506,nop graded with reward 0,none_found,research/experiments/har108-python-census/task_health.parquet#format-code-task-001506
format-code-task-001507,train,homeassistant,4444,usable,nop sound,original,sha256:c4842e234234e9238ea7cc9e0ea2d28f83a49c331f10700bfff7364e80c7a69b,,,sound,har108-nop-001507,nop graded with reward 0,pypi_package,research/experiments/har108-python-census/task_health.parquet#format-code-task-001507
format-code-task-001508,train,format-code-task-001508,4492,usable,nop sound,original,sha256:9458730fdc9d1a446c95c37607bf756324c27147e178bea3b4319025a5fcb76f,,,sound,har108-nop-001508,nop graded with reward 0,none_found,research/experiments/har108-python-census/task_health.parquet#format-code-task-001508
format-code-task-001510,train,homeassistant,4363,usable,nop sound,original,sha256:ebf0da2e7ee6c23843fbeae3f385c88a7309fd59aac1c3c23b27622cf01c6126,,,sound,har115-nop-001510,nop graded with reward 0,none_found,research/experiments/har108-python-census/task_health.parquet#format-code-task-001510
format-code-task-001511,train,format-code-task-001511,1817,usable,nop sound,original,sha256:f67fb77068837ff2654228b997d96c67b1ddef2547c5c129064ce841f50f58bb,,,sound,har113-nop-001511,nop graded with reward 0,git_only,research/experiments/har108-python-census/task_health.parquet#format-code-task-001511
format-code-task-001512,train,github.com/a-marcel/hassio-addon-owntone,1824,usable,"nop sound, leak closed",leak-closed,sha256:e75cd1d53fbe5b5583fa9986ef1e3681906d05d95f822f2a498fc678127c85bc,leak-close-pypi@1,candidate,sound,har113-nop-001512,nop graded with reward 0,pypi_fix_released,research/experiments/har108-python-census/task_health.parquet#format-code-task-001512 library/task-variants/mimo-v2.6-rl__format-code-task-001512/e75cd1d53fbe.json
format-code-task-001519,train,format-code-task-001519,2971,usable,nop sound,original,sha256:7744ec772f6dd870593fce8a129a2b2fef48af09d0122158aec07d05f1ed502c,,,sound,har113-nop-001519,nop graded with reward 0,none_found,research/experiments/har108-python-census/task_health.parquet#format-code-task-001519
format-code-task-001527,train,timm,3964,usable,nop sound,original,sha256:bd83a5621be357717ce27cd792e606d31cbbd7f3ed2cadd88c44db9541c698e2,,,sound,har115-nop-001527,nop graded with reward 0,pypi_package,research/experiments/har108-python-census/task_health.parquet#format-code-task-001527
format-code-task-001529,train,format-code-task-001529,5359,usable,nop sound,original,sha256:112d28b088a1526474a64fb8b06954afa6ad5c07a3c75ac0e5a1ebebe636a5d9,,,sound,har108-nop-001529,nop graded with reward 0,none_found,research/experiments/har108-python-census/task_health.parquet#format-code-task-001529
format-code-task-001530,train,format-code-task-001530,3757,usable,nop sound,original,sha256:43c467cbfd8146a2489c8626d488b1df6b6fc84596de5aaada3e4cf5d761de81,,,sound,har115-nop-001530,nop graded with reward 0,none_found,research/experiments/har108-python-census/task_health.parquet#format-code-task-001530
format-code-task-001531,train,format-code-task-001531,3407,usable,"nop sound, leak closed",leak-closed,sha256:76f6b898d038b7167df0a074e729732a0faa03fc68fd225869573e617afcaa5d,leak-close-pypi@1,candidate,sound,har108-nop-001531,nop graded with reward 0,pypi_fix_released,research/experiments/har108-python-census/task_health.parquet#format-code-task-001531 library/task-variants/mimo-v2.6-rl__format-code-task-001531/76f6b898d038.json
format-code-task-001532,train,torch,6560,usable,nop sound,original,sha256:a5d0ede785b9eae68f3bc91968f272ec866b09caa380ec66414226a191b802ae,,,sound,har108-nop-001532,nop graded with reward 0,none_found,research/experiments/har108-python-census/task_health.parquet#format-code-task-001532
format-code-task-001543,train,hyperspy,3798,usable,nop sound,original,sha256:064311cf707ba7ff60aa124649e5027df74e5dd8b7803fc8b6bd867244814917,,,sound,har108-nop-001543,nop graded with reward 0,pypi_package,research/experiments/har108-python-census/task_health.parquet#format-code-task-001543
format-code-task-001544,train,format-code-task-001544,3053,usable,nop sound,original,sha256:e8ef4713744a66f3e0e4c63d73365269848ade7444dbd7c85d0b51d49aef0fbf,,,sound,har108-nop-001544,nop graded with reward 0,none_found,research/experiments/har108-python-census/task_health.parquet#format-code-task-001544
format-code-task-001552,train,ibis,1382,usable,nop sound,original,sha256:fa168234bec182a1f78b9b106bb956cc6778e04b49fc628c6b6520e723c12548,,,sound,har113-nop-001552,nop graded with reward 0,git_only,research/experiments/har108-python-census/task_health.parquet#format-code-task-001552
format-code-task-001553,train,torch,898,usable,nop sound,original,sha256:0408f5002110646d0b9bdbac191dc9d7e739adda030c81a3887c1aef6a020433,,,sound,har113-nop-001553,nop graded with reward 0; setup error excused as the agent's missing work,pypi_package,research/experiments/har108-python-census/task_health.parquet#format-code-task-001553
format-code-task-001556,train,format-code-task-001556,2944,usable,nop sound,original,sha256:93d902610bd4002b464a2dff7ca45203da0b0e2639e040824abb8fa4d9cf0664,,,sound,har108-nop-001556,nop graded with reward 0,none_found,research/experiments/har108-python-census/task_health.parquet#format-code-task-001556
format-code-task-001558,train,imageio,806,usable,"nop sound, leak closed",leak-closed,sha256:40d2a4b3627e74b61924e449e71bf60803a2b284fe506b576315dd0d2e6373d8,leak-close-pypi@1,candidate,sound,har113-nop-001558,nop graded with reward 0,pypi_fix_released,research/experiments/har108-python-census/task_health.parquet#format-code-task-001558 library/task-variants/mimo-v2.6-rl__format-code-task-001558/40d2a4b3627e.json
format-code-task-001559,train,imageio,597,usable,"nop sound, leak closed",leak-closed,sha256:0f346d93f8d5b52a099cb1cd5b4763f5ba159f70079fd732c0406d957ed285c8,leak-close-pypi@1,candidate,sound,har108-nop-001559,nop graded with reward 0,pypi_fix_released,research/experiments/har108-python-census/task_health.parquet#format-code-task-001559 library/task-variants/mimo-v2.6-rl__format-code-task-001559/0f346d93f8d5.json
format-code-task-001561,train,werkzeug,3473,discarded,"broken environment, no known repair: ImportError: cannot import name 'dict2schema' from 'webargs' (/root/.venv/lib/python3.11/site-packages/webargs/__init__.py) (env-pin-dependency@1 rejected on its nop, env-pin-dependency@1 rejected on its nop)",original,sha256:a1a4630828083505f0c8e24ae366f2c2a93d6ac589cd3868a696ecadc4cb89d2,,,broken_environment,har108-nop-001561,ImportError: cannot import name 'dict2schema' from 'webargs' (/root/.venv/lib/python3.11/site-packages/webargs/__init__.py),pypi_package,research/experiments/har108-python-census/task_health.parquet#format-code-task-001561 library/task-variants/mimo-v2.6-rl__format-code-task-001561/a82d9b7e0d70.json library/task-variants/mimo-v2.6-rl__format-code-task-001561/faaa18c27d98.json
format-code-task-001567,train,redun,1126,usable,nop sound,original,sha256:6ebfbab56fada5736de37adbc94859ba398e528c39d76ded0d9b264c58bc2812,,,sound,har113-nop-001567,nop graded with reward 0,pypi_package,research/experiments/har108-python-census/task_health.parquet#format-code-task-001567
format-code-task-001568,train,redun,1126,usable,nop sound,original,sha256:25264dfdfa85f01e986d1d27176bcab2d74c8aa1635e9ca975d46b533e3cd081,,,sound,har113-nop-001568,nop graded with reward 0,none_found,research/experiments/har108-python-census/task_health.parquet#format-code-task-001568
format-code-task-001571,train,libcst,1187,usable,nop sound,original,sha256:4d31437578e6677faffd89177f25e0c898369bf85e8b7fbcb6f7a1a4aeb76e3b,,,sound,har108-nop-001571,nop graded with reward 0; setup error excused as the agent's missing work,pypi_package,research/experiments/har108-python-census/task_health.parquet#format-code-task-001571
format-code-task-001573,train,format-code-task-001573,4781,usable,nop sound,original,sha256:a8b50a817ef92ff2e1c92f77f73dc2a1e89681247d70b9e38b710a7f01a3efa5,,,sound,har115-nop-001573,nop graded with reward 0,none_found,research/experiments/har108-python-census/task_health.parquet#format-code-task-001573
format-code-task-001574,train,api_app,3412,usable,nop sound,original,sha256:ed8867ced586f6452dd298bb06d04c9284dfc900e9af44dfcd52cf267880c3c7,,,sound,har108-nop-001574,nop graded with reward 0,none_found,research/experiments/har108-python-census/task_health.parquet#format-code-task-001574
format-code-task-001583,train,format-code-task-001583,346,usable,nop sound,original,sha256:f5447dd744fb64702a4bc21e999aa51d05c1fd24cf4aef4e768ecd92c85a6822,,,sound,har113-nop-001583,nop graded with reward 0,none_found,research/experiments/har108-python-census/task_health.parquet#format-code-task-001583
format-code-task-001584,train,format-code-task-001584,3067,usable,nop sound,original,sha256:3ce79295dfc57e8ffc9f8a6bf5dd8e2f424dcfe97391f3c74f935ccd58b335f6,,,sound,har113-nop-001584,nop graded with reward 0,none_found,research/experiments/har108-python-census/task_health.parquet#format-code-task-001584
format-code-task-001587,train,irrd,533,usable,"nop sound, leak closed",leak-closed,sha256:104b04637b12e93b5c8f1edada93682147dc59d98a3aaa259e74066850517d1d,leak-close-pypi@1,candidate,sound,har108-nop-001587,nop graded with reward 0,pypi_fix_released,research/experiments/har108-python-census/task_health.parquet#format-code-task-001587 library/task-variants/mimo-v2.6-rl__format-code-task-001587/104b04637b12.json
format-code-task-001590,train,isso,2944,usable,"census broken_environment; repaired by env-keep-build-outputs@1, nop sound",repair,sha256:18d62f5b781c88daeb67d1e01f9a6a6b9e8f946d0f07915f3984491e42b16000,env-keep-build-outputs@1,validated,broken_environment,har108-nop-001590,__________________ ERROR collecting isso/tests/test_config.py __________________,pypi_package,research/experiments/har108-python-census/task_health.parquet#format-code-task-001590 library/task-variants/mimo-v2.6-rl__format-code-task-001590/18d62f5b781c.json
format-code-task-001601,train,ivy_tests,3567,usable,nop sound,original,sha256:6f1606b3437b9d1064f7d9fa3e9497936353b242f84b6309fcfd1c640c1d3393,,,sound,har108-nop-001601,nop graded with reward 0; setup error excused as the agent's missing work,none_found,research/experiments/har108-python-census/task_health.parquet#format-code-task-001601
format-code-task-001602,train,ivy_tests,4091,usable,nop sound,original,sha256:5c250bc4c5952284d13c94ae8d1df6618a1827f7cacba148c9e26f8e32ed98de,,,sound,har108-nop-001602,nop graded with reward 0,none_found,research/experiments/har108-python-census/task_health.parquet#format-code-task-001602
format-code-task-001603,train,ivy_tests,6143,usable,nop sound,original,sha256:b619ab7d7cba7832714eb0cbcd06f7422b5316e0e4307d997531707b96ed593f,,,sound,har115-nop-001603,nop graded with reward 0; setup error excused as the agent's missing work,none_found,research/experiments/har108-python-census/task_health.parquet#format-code-task-001603
format-code-task-001606,heldout,deepdow,927,usable,nop sound,original,sha256:6f96e1128a5a8703fa5c7ca9cf43716d869226a37942c4bb0d67d87431f54f2d,,,sound,har113-nop-001606,nop graded with reward 0; setup error excused as the agent's missing work,pypi_package,research/experiments/har108-python-census/task_health.parquet#format-code-task-001606
format-code-task-001607,train,github.com/pallets/click,389,usable,"census broken_environment; repaired by env-keep-build-outputs@1, nop sound",repair,sha256:2028fb031bca68a2d629f853dd9447a9c78c7160e4815a09cbec3eb30163b494,env-keep-build-outputs@1,validated,broken_environment,har113-nop-001607,ImportError while loading conftest '/testbed/tests/conftest.py'.,pypi_fix_released,research/experiments/har108-python-census/task_health.parquet#format-code-task-001607 library/task-variants/mimo-v2.6-rl__format-code-task-001607/2028fb031bca.json
format-code-task-001608,train,format-code-task-001608,483,usable,nop sound,original,sha256:ecc02bfe2e5d4c58007f039bd05f6cfd3748daca2886f41f302bc39fd24aa2bc,,,sound,har113-nop-001608,nop graded with reward 0,none_found,research/experiments/har108-python-census/task_health.parquet#format-code-task-001608
format-code-task-001609,train,fabulous,410,usable,nop sound,original,sha256:e7520a03f56486be6e67cf746210ac49205c35c7990d5437f2042a626c720fb1,,,sound,har108-nop-001609,nop graded with reward 0; setup error excused as the agent's missing work,pypi_package,research/experiments/har108-python-census/task_health.parquet#format-code-task-001609
format-code-task-001611,heldout,format-code-task-001611,3554,usable,nop sound,original,sha256:673174411d9d84401e9841dd941b2061f6af42dea4f2906a03d404c5e4325947,,,sound,har108-nop-001611,nop graded with reward 0,none_found,research/experiments/har108-python-census/task_health.parquet#format-code-task-001611
format-code-task-001612,train,github.com/jax-ml/jax,911,usable,"nop sound, leak closed",leak-closed,sha256:d4973d2eee2b005d5fbe5033c3d23bf4f7cee30a3b3f6f1d6059c6135783510d,leak-close-pypi@1,candidate,sound,har113-nop-001612,nop graded with reward 0,pypi_fix_released,research/experiments/har108-python-census/task_health.parquet#format-code-task-001612 library/task-variants/mimo-v2.6-rl__format-code-task-001612/d4973d2eee2b.json
format-code-task-001614,heldout,format-code-task-001614,683,usable,"nop sound, leak closed",leak-closed,sha256:7440428a05676af6472b30e8aea179410e11506600c4dd0bd788c282301d68c8,leak-close-pypi@1,candidate,sound,har108-nop-001614,nop graded with reward 0,pypi_fix_released,research/experiments/har108-python-census/task_health.parquet#format-code-task-001614 library/task-variants/mimo-v2.6-rl__format-code-task-001614/7440428a0567.json
format-code-task-001615,train,github.com/jazzband/django-oauth-toolkit,449,usable,nop sound,original,sha256:66e6088d4579ed65383f3d8bdefb0bb16473438cf1b844dd0323a732ef3b2dd3,,,sound,mimo-qual-c-format-code-task-001615,nop graded with reward 0,git_only,research/experiments/har108-python-census/task_health.parquet#format-code-task-001615
format-code-task-001616,train,github.com/dopry/svelte-oidc,2956,usable,nop sound,original,sha256:00cf5381210888176a523e647c97f48c338d54a8eec03c8f89602e7c6c0f0cc7,,,sound,har113-nop-001616,nop graded with reward 0,pypi_package,research/experiments/har108-python-census/task_health.parquet#format-code-task-001616
format-code-task-001617,train,taggit,2981,usable,nop sound,original,sha256:be9f5cf86a9798b9b619fb242d72633f9e6a09afe89c0748ae18625f3fa24e01,,,sound,har108-nop-001617,nop graded with reward 0,none_found,research/experiments/har108-python-census/task_health.parquet#format-code-task-001617
format-code-task-001618,train,github.com/jazzband/pip-tools,427,usable,"census broken_environment; repaired by env-pin-dependency@1, nop sound",repair,sha256:6711d55bc4e54b46a4a17eee08a44c2a283667191b43ce0719a39316fc6bada5,env-pin-dependency@1,validated,broken_environment,har113-nop-001618,ImportError while loading conftest '/testbed/tests/conftest.py'.,pypi_fix_released,research/experiments/har108-python-census/task_health.parquet#format-code-task-001618 library/task-variants/mimo-v2.6-rl__format-code-task-001618/6711d55bc4e5.json
format-code-task-001620,train,sae_lens,8370,usable,nop sound,original,sha256:2bb4c91964db8c481cf752590a5715034f45ba9317f6bcaec91eb7d511ffacce,,,sound,har108-nop-001620,nop graded with reward 0,pypi_package,research/experiments/har108-python-census/task_health.parquet#format-code-task-001620
format-code-task-001622,train,Qt,1109,usable,nop sound,original,sha256:e1a3dbd8a96dfadfeeee84ab8399222b1be0e8ff7cc579df996fa335fc9bc7cd,,,sound,har113-nop-001622,nop graded with reward 0,none_found,research/experiments/har108-python-census/task_health.parquet#format-code-task-001622
format-code-task-001626,heldout,dulwich,1117,usable,nop sound,original,sha256:620857c980c8978a6380ae55101016179854e180579ca192ba8e7a8925ddf3a6,,,sound,mimo-qual-c-format-code-task-001626,nop graded with reward 0; setup error excused as the agent's missing work,pypi_package,research/experiments/har108-python-census/task_health.parquet#format-code-task-001626
format-code-task-001627,train,elastalert,899,usable,nop sound,original,sha256:1c82c97fa8f9e7a90f906ccafcdad3e791e2ebe5a833050693bf8ca75d8f6fdb,,,sound,har108-nop-001627,nop graded with reward 0; setup error excused as the agent's missing work,pypi_package,research/experiments/har108-python-census/task_health.parquet#format-code-task-001627
format-code-task-001635,train,format-code-task-001635,2984,usable,nop sound,original,sha256:d41b0454cff82cc2b15fd722e79fd1ed2d96fd1587cf9939bd0ce9a82005e07c,,,sound,har113-nop-001635,nop graded with reward 0,none_found,research/experiments/har108-python-census/task_health.parquet#format-code-task-001635
format-code-task-001638,heldout,format-code-task-001638,3249,usable,nop sound,original,sha256:4c43374f4990a09592a27484b3c707492c7ce0659dc837c14a5d2baa00e79797,,,sound,har115-nop-001638,nop graded with reward 0,none_found,research/experiments/har108-python-census/task_health.parquet#format-code-task-001638
format-code-task-001639,train,format-code-task-001639,717,usable,nop sound,original,sha256:0a60c168cdc564b82cad458a1e4994c33ae4046bc5f2ec6924a0e90482e30dd1,,,sound,har113-nop-001639,nop graded with reward 0,none_found,research/experiments/har108-python-census/task_health.parquet#format-code-task-001639
format-code-task-001640,train,django_tables2,2951,usable,nop sound,original,sha256:d1e19317319e64f3c067cdf611fa3e86bc731326f6fe85f04b8624cfc4b59979,,,sound,har113-nop-001640,nop graded with reward 0,none_found,research/experiments/har108-python-census/task_health.parquet#format-code-task-001640
format-code-task-001641,train,django_tables2,735,usable,nop sound,original,sha256:33a905208146219ca82d358bfdd8812144dbfb92682cd46ab04e286fead93961,,,sound,har108-nop-001641,nop graded with reward 0,pypi_package,research/experiments/har108-python-census/task_health.parquet#format-code-task-001641
format-code-task-001642,train,format-code-task-001642,2524,usable,nop sound,original,sha256:cbd94bc1f1dd3b62d470457dc6b9b0a02f9970cb6f57b8423b36a7f41d0f35f6,,,sound,har108-nop-001642,nop graded with reward 0,git_only,research/experiments/har108-python-census/task_health.parquet#format-code-task-001642
format-code-task-001645,train,unit,477,usable,"nop sound, leak closed",leak-closed,sha256:a30e8f4319b1a9792d5741e3485b3fddca2b8106bedc7ed59bd1c9e4a3c880ca,leak-close-pypi@1,candidate,sound,har95-qual-c-format-code-task-001645,nop graded with reward 0,pypi_fix_released,research/experiments/har108-python-census/task_health.parquet#format-code-task-001645 library/task-variants/mimo-v2.6-rl__format-code-task-001645/a30e8f4319b1.json
format-code-task-001647,train,environ,363,usable,"nop sound, leak closed",leak-closed,sha256:e435a9443935f3397561497574b50833f709df41d56f5c0261b90e57fafdd21f,leak-close-pypi@1,validated,sound,har108-nop-001647,nop graded with reward 0,pypi_fix_released,research/experiments/har108-python-census/task_health.parquet#format-code-task-001647 library/task-variants/mimo-v2.6-rl__format-code-task-001647/e435a9443935.json
format-code-task-001648,train,faker,2955,usable,nop sound,original,sha256:d840c2ea458c9c837fd3d964780d3b36824927a90f4fbe05c81d22a2279fabbb,,,sound,har113-nop-001648,nop graded with reward 0,pypi_package,research/experiments/har108-python-census/task_health.parquet#format-code-task-001648
format-code-task-001651,train,PyQt5,3442,usable,nop sound,original,sha256:08364e827b25e194a37a8e0010f0aa7d3ed7b689d1e89a2aaa1d28e5ae3b8341,,,sound,har115-nop-001651,nop graded with reward 0,none_found,research/experiments/har108-python-census/task_health.parquet#format-code-task-001651
format-code-task-001659,train,pdfplumber,827,usable,nop sound,original,sha256:7f34f43680bb2d325ec4c310d78c0d5221ec2931098d1bf0506866271b65a6b7,,,sound,har113-nop-001659,nop graded with reward 0; setup error excused as the agent's missing work,pypi_package,research/experiments/har108-python-census/task_health.parquet#format-code-task-001659
format-code-task-001661,train,friends,404,usable,nop sound,original,sha256:7281bec0244739c8c679d5ae2252ca13dcfd8d442b5993c4cb1347dbd7a78f7c,,,sound,har113-nop-001661,nop graded with reward 0; setup error excused as the agent's missing work,none_found,research/experiments/har108-python-census/task_health.parquet#format-code-task-001661
format-code-task-001670,heldout,options,776,usable,nop sound,original,sha256:66fac72778e8fe08766c4a9aff6104ed86fcb65e50120428debdbb82e111a4cf,,,sound,har113-nop-001670,nop graded with reward 0,pypi_package,research/experiments/har108-python-census/task_health.parquet#format-code-task-001670
format-code-task-001671,train,kubespawner,690,usable,nop sound,original,sha256:d97617097ad95bc4457b8f7fb145fb7da1dc4b0d77b52315d82eb386c75e3d6b,,,sound,har108-nop-001671,nop graded with reward 0; setup error excused as the agent's missing work,none_found,research/experiments/har108-python-census/task_health.parquet#format-code-task-001671
format-code-task-001683,train,github.com/oauth2-proxy/oauth2-proxy,3311,usable,nop sound,original,sha256:2cc5b27a3f7abdfb9216d57803b38cdce987fbe430e3841480a07e2b2a291f19,,,sound,har108-nop-001683,nop graded with reward 0; setup error excused as the agent's missing work,git_only,research/experiments/har108-python-census/task_health.parquet#format-code-task-001683
format-code-task-001686,train,keras,1208,usable,"nop sound, leak closed",leak-closed,sha256:daef04cea99a7312392a305de2f77a03232d3fb96a43f33f94d3ae073af870ea,leak-close-pypi@1,candidate,sound,har113-nop-001686,nop graded with reward 0,pypi_fix_released,research/experiments/har108-python-census/task_health.parquet#format-code-task-001686 library/task-variants/mimo-v2.6-rl__format-code-task-001686/daef04cea99a.json
format-code-task-001687,train,jax,3588,usable,nop sound,original,sha256:f92e4737dcbf444d0c8c493552fa9dc4d65951ef6a272b43a2b9ef667cbbb153,,,sound,har108-nop-001687,nop graded with reward 0,pypi_package,research/experiments/har108-python-census/task_health.parquet#format-code-task-001687
format-code-task-001688,train,keras,3613,usable,nop sound,original,sha256:26a6733a0587f76ab4e637ce6eceeaf2308737276081d797a3cf08b51fe57af3,,,sound,har115-nop-001688,nop graded with reward 0,pypi_package,research/experiments/har108-python-census/task_health.parquet#format-code-task-001688
format-code-task-001689,train,torch,1829,usable,"nop sound, leak closed",leak-closed,sha256:06360b56a909d4a75bfa65d2388285bba632faaa509c2bcc87c77238174717d6,leak-close-pypi@1,candidate,sound,har113-nop-001689,nop graded with reward 0,pypi_fix_released,research/experiments/har108-python-census/task_health.parquet#format-code-task-001689 library/task-variants/mimo-v2.6-rl__format-code-task-001689/06360b56a909.json
format-code-task-001690,train,keras_core,3596,usable,nop sound,original,sha256:dfe87e4784812b7b529293a00b39abd22fa50e6b1759659b8a2fb59bb5edd70e,,,sound,har115-nop-001690,nop graded with reward 0,pypi_package,research/experiments/har108-python-census/task_health.parquet#format-code-task-001690
format-code-task-001691,train,keras_core,3733,usable,nop sound,original,sha256:5044b111041eed525c80062356925400fbc588240f3e30cf0f09907660ae99df,,,sound,har108-nop-001691,nop graded with reward 0,pypi_package,research/experiments/har108-python-census/task_health.parquet#format-code-task-001691
format-code-task-001692,train,format-code-task-001692,584,usable,"nop sound, leak closed",leak-closed,sha256:90a908703770cfaceeb7fcfc5cf4dd01919808982bab4350b3eafdae6d325086,leak-close-pypi@1,candidate,sound,har113-nop-001692,nop graded with reward 0,pypi_fix_released,research/experiments/har108-python-census/task_health.parquet#format-code-task-001692 library/task-variants/mimo-v2.6-rl__format-code-task-001692/90a908703770.json
format-code-task-001695,heldout,github.com/kinnala/scikit-fem,451,usable,"nop sound, leak closed",leak-closed,sha256:ed03a438c0160c4def6b3a6d07149117338119513af678d93cd402027c305057,leak-close-pypi@1,candidate,sound,har113-nop-001695,nop graded with reward 0,pypi_fix_released,research/experiments/har108-python-census/task_health.parquet#format-code-task-001695 library/task-variants/mimo-v2.6-rl__format-code-task-001695/ed03a438c016.json
format-code-task-001708,train,format-code-task-001708,526,usable,"nop sound, leak closed",leak-closed,sha256:fc089eccc53f302c9b0a3b912d39f2cee909fe4f87bc94ad58d8888007f6b4ba,leak-close-pypi@1,candidate,sound,har108-nop-001708,nop graded with reward 0,pypi_fix_released,research/experiments/har108-python-census/task_health.parquet#format-code-task-001708 library/task-variants/mimo-v2.6-rl__format-code-task-001708/fc089eccc53f.json
format-code-task-001709,train,datamodel_code_generator,578,usable,"nop sound, leak closed",leak-closed,sha256:aadb81880ccee4eafc8ae8112f225d652c287c6b07784eb059321a5ca9bcad50,leak-close-pypi@1,candidate,sound,har108-nop-001709,nop graded with reward 0,pypi_fix_released,research/experiments/har108-python-census/task_health.parquet#format-code-task-001709 library/task-variants/mimo-v2.6-rl__format-code-task-001709/aadb81880cce.json
format-code-task-001710,train,pbxproj,402,usable,nop sound,original,sha256:361303219639ff24b77317f1a21fa72999bd13e1e2013ba18024e9e16c2e3d91,,,sound,har108-nop-001710,nop graded with reward 0,none_found,research/experiments/har108-python-census/task_health.parquet#format-code-task-001710
format-code-task-001711,heldout,pbxproj,402,usable,nop sound,original,sha256:9c45de55d392356458ea275648ea52913fac300c074cae0fd2186ec269e78d50,,,sound,har113-nop-001711,nop graded with reward 0,none_found,research/experiments/har108-python-census/task_health.parquet#format-code-task-001711
format-code-task-001750,heldout,kymatio,720,usable,"nop sound, leak closed",leak-closed,sha256:c756eb4a3b5d82982ad46360f07ede85eb13049b40e2d2ce3741d996e42818fc,leak-close-pypi@1,candidate,sound,har113-nop-001750,nop graded with reward 0,pypi_fix_released,research/experiments/har108-python-census/task_health.parquet#format-code-task-001750 library/task-variants/mimo-v2.6-rl__format-code-task-001750/c756eb4a3b5d.json
format-code-task-001752,train,ai,1531,usable,nop sound,original,sha256:1d3172814dcbf1e234b7e01a8a862603547d6c8f54a6293cf392f60cb455cce0,,,sound,har113-nop-001752,nop graded with reward 0,git_only,research/experiments/har108-python-census/task_health.parquet#format-code-task-001752
format-code-task-001760,train,lark,727,usable,nop sound,original,sha256:554c82932e0dab405da03ab6b9bfead1cf67cd5a3c4cdb2abaf499e1927af9d5,,,sound,har108-nop-001760,nop graded with reward 0,pypi_package,research/experiments/har108-python-census/task_health.parquet#format-code-task-001760
format-code-task-001762,train,plumber,1095,usable,nop sound,original,sha256:88923b884898a290eff58e8c0307b9f04a8464741efe1bef9881fdd0a8dd4dd8,,,sound,har108-nop-001762,nop graded with reward 0,none_found,research/experiments/har108-python-census/task_health.parquet#format-code-task-001762
format-code-task-001765,heldout,lbry,715,usable,nop sound,original,sha256:41f2e7efe2c0eefdecbe40e32840b1efcae84936745a234f7b6a9a9c587b05b1,,,sound,har113-nop-001765,nop graded with reward 0,pypi_package,research/experiments/har108-python-census/task_health.parquet#format-code-task-001765
format-code-task-001768,train,format-code-task-001768,3106,usable,nop sound,original,sha256:5c3788536f3221c869eea3911d2e6adab55aaab9baa70313c8a6c91a4e8e973e,,,sound,har108-nop-001768,nop graded with reward 0,none_found,research/experiments/har108-python-census/task_health.parquet#format-code-task-001768
format-code-task-001769,heldout,lenstronomy,691,usable,nop sound,original,sha256:d0d90c10d01d4b1c8093790349a71f748e5d226274bc42385ab721d249b7c619,,,sound,har113-nop-001769,nop graded with reward 0,none_found,research/experiments/har108-python-census/task_health.parquet#format-code-task-001769
format-code-task-001770,heldout,lenstronomy,692,usable,nop sound,original,sha256:27294bf82b622102ad074055060e7b80a271e48c9cdc39e2d3385dbf99e0e2d9,,,sound,har108-nop-001770,nop graded with reward 0,none_found,research/experiments/har108-python-census/task_health.parquet#format-code-task-001770
format-code-task-001771,train,leo,3655,usable,nop sound,original,sha256:54e9a791ff020e3d354e7af633b5fb3761eebf908ad6b5fa0d8042c20308f896,,,sound,har115-nop-001771,nop graded with reward 0,pypi_package,research/experiments/har108-python-census/task_health.parquet#format-code-task-001771
format-code-task-001779,train,format-code-task-001779,2941,usable,nop sound,original,sha256:90033c96aae85794a6d160bf6f32daf7b60f19fdbf5c3649a301a252f3416b23,,,sound,har113-nop-001779,nop graded with reward 0,none_found,research/experiments/har108-python-census/task_health.parquet#format-code-task-001779
format-code-task-001783,train,lightkurve,3724,usable,nop sound,original,sha256:d4b2a54755ef9fb9ce06a1d13699e657aaae9e6649b9ce03f1e2d54a0c34f13d,,,sound,har115-nop-001783,nop graded with reward 0,none_found,research/experiments/har108-python-census/task_health.parquet#format-code-task-001783
format-code-task-001790,train,mmdet,3328,usable,nop sound,original,sha256:94c11887e01a9c3028904f02a63e5532720b094954ac797e093c6ca1533e90ca,,,sound,har108-nop-001790,nop graded with reward 0; setup error excused as the agent's missing work,none_found,research/experiments/har108-python-census/task_health.parquet#format-code-task-001790
format-code-task-001793,train,acceptance_plugins,470,usable,nop sound,original,sha256:655856e8cede35ca958e02ccd9c6c0047c8de6624703c331cd61855f575b7dd1,,,sound,har108-nop-001793,nop graded with reward 0; setup error excused as the agent's missing work,pypi_package,research/experiments/har108-python-census/task_health.parquet#format-code-task-001793
format-code-task-001797,heldout,github.com/linode/linode-cli,467,usable,nop sound,original,sha256:702534249ae675b7d431a8a25ec535d8e1e565d93a2e486010ebb6351acbdbe9,,,sound,har108-nop-001797,nop graded with reward 0,git_only,research/experiments/har108-python-census/task_health.parquet#format-code-task-001797
format-code-task-001801,train,starlite,3198,usable,nop sound,original,sha256:32fa9accc5e2eb23e8560e4134c377abceafc66dd284cb46ebcdf6922d3b3901,,,sound,har115-nop-001801,nop graded with reward 0,none_found,research/experiments/har108-python-census/task_health.parquet#format-code-task-001801
format-code-task-001803,train,torch,694,usable,nop sound,original,sha256:fd1138c1956148c21ff6e043a8969974fb02d8652fad36d43b3e3d77fe6ff8f9,,,sound,har113-nop-001803,nop graded with reward 0; setup error excused as the agent's missing work,none_found,research/experiments/har108-python-census/task_health.parquet#format-code-task-001803
format-code-task-001804,train,llama_stack,803,usable,"nop sound, leak closed",leak-closed,sha256:2d8aea21ec77204cf68be2658e096fdccfafe40e44d622d2bad216ed5e3ade22,leak-close-pypi@1,candidate,sound,har113-nop-001804,nop graded with reward 0,pypi_fix_released,research/experiments/har108-python-census/task_health.parquet#format-code-task-001804 library/task-variants/mimo-v2.6-rl__format-code-task-001804/2d8aea21ec77.json
format-code-task-001809,heldout,localstack,689,usable,"nop sound, leak closed",leak-closed,sha256:5621a1f3d0de1428c222738d7a793c224e47b41abd5b1fa5d9b0e10631aa7cc0,leak-close-pypi@1,candidate,sound,har108-nop-001809,nop graded with reward 0,pypi_fix_released,research/experiments/har108-python-census/task_health.parquet#format-code-task-001809 library/task-variants/mimo-v2.6-rl__format-code-task-001809/5621a1f3d0de.json
format-code-task-001810,train,locust,445,usable,"nop sound, leak closed",leak-closed,sha256:7a332b6fd7e334327f1a7ee58c0fbdaf39c5b641920689bdfbc01906d7da917d,leak-close-pypi@1,candidate,sound,har108-nop-001810,nop graded with reward 0,pypi_fix_released,research/experiments/har108-python-census/task_health.parquet#format-code-task-001810 library/task-variants/mimo-v2.6-rl__format-code-task-001810/7a332b6fd7e3.json
format-code-task-001811,train,locust,447,usable,"nop sound, leak closed",leak-closed,sha256:2160c8920ac5e0713921607e7f5e63cff42946e5f1fb3b9a65357bb6637ca8d2,leak-close-pypi@1,candidate,sound,har108-nop-001811,nop graded with reward 0,pypi_fix_released,research/experiments/har108-python-census/task_health.parquet#format-code-task-001811 library/task-variants/mimo-v2.6-rl__format-code-task-001811/2160c8920ac5.json
format-code-task-001813,train,locust,821,usable,"census broken_environment; repaired by env-keep-build-outputs@1, nop sound",repair,sha256:743653a7c3278cd2e3dc50ccbe4f58eca12422d231848a1ec8fca3f3aed7e3da,env-keep-build-outputs@1,validated,broken_environment,har108-nop-001813,______ ERROR collecting usercase-test-coderl/test_readable_percentiles.py ______,pypi_package,research/experiments/har108-python-census/task_health.parquet#format-code-task-001813 library/task-variants/mimo-v2.6-rl__format-code-task-001813/743653a7c327.json
format-code-task-001818,train,format-code-task-001818,3233,usable,nop sound,original,sha256:366a3f9e289dfd232b8d8c84050d44553184804a378431af71ccc2d32087fec5,,,sound,har108-nop-001818,nop graded with reward 0,none_found,research/experiments/har108-python-census/task_health.parquet#format-code-task-001818
format-code-task-001820,train,github.com/lovasoa/marshmallow_dataclass,434,usable,"nop sound, leak closed",leak-closed,sha256:9a30a95b991fde76334eedc14816708143f5285efc8f520cd7daeb4ba35a2341,leak-close-pypi@1,candidate,sound,har108-nop-001820,nop graded with reward 0,pypi_fix_released,research/experiments/har108-python-census/task_health.parquet#format-code-task-001820 library/task-variants/mimo-v2.6-rl__format-code-task-001820/9a30a95b991f.json
format-code-task-001824,train,format-code-task-001824,1427,usable,"nop sound, leak closed",leak-closed,sha256:2844d5fa284fc49ba6af8d3518dcff82d6e4d0a482d7df9480f721d0afa00549,leak-close-pypi@1,candidate,sound,har108-nop-001824,nop graded with reward 0,pypi_fix_released,research/experiments/har108-python-census/task_health.parquet#format-code-task-001824 library/task-variants/mimo-v2.6-rl__format-code-task-001824/2844d5fa284f.json
format-code-task-001825,train,format-code-task-001825,2703,usable,"nop sound, leak closed",leak-closed,sha256:509537eb7d5f61f62b7ee49b5d7b1db433df141036a2c6a62af39f4a6852ca2d,leak-close-pypi@1,candidate,sound,har108-nop-001825,nop graded with reward 0,pypi_fix_released,research/experiments/har108-python-census/task_health.parquet#format-code-task-001825 library/task-variants/mimo-v2.6-rl__format-code-task-001825/509537eb7d5f.json
format-code-task-001827,train,format-code-task-001827,3243,usable,nop sound,original,sha256:f80da6aace9f06da5b0394687b8005cb376c2f6eec913a59d2ee89a7e6e86724,,,sound,har115-nop-001827,nop graded with reward 0; setup error excused as the agent's missing work,none_found,research/experiments/har108-python-census/task_health.parquet#format-code-task-001827
format-code-task-001831,train,siuba,456,usable,nop sound,original,sha256:113693c9bbf14d3c1215ce28a8b767c748f589f111aee018c9b473b3720d4fed,,,sound,har113-nop-001831,nop graded with reward 0; setup error excused as the agent's missing work,pypi_package,research/experiments/har108-python-census/task_health.parquet#format-code-task-001831
format-code-task-001832,train,siuba,456,usable,nop sound,original,sha256:7a03868fea89dc4b079d9c3be7f0fe3d3e2ad988d95cab521cc1f7a92d832a1b,,,sound,har105-qual-py-001832,nop graded with reward 0; setup error excused as the agent's missing work,pypi_package,research/experiments/har108-python-census/task_health.parquet#format-code-task-001832
format-code-task-001833,heldout,safedelete,2949,usable,nop sound,original,sha256:bfc2dece06735ef317905f43ceab80ff62902ae2c2738f3d6a5ce92798653a58,,,sound,har108-nop-001833,nop graded with reward 0,none_found,research/experiments/har108-python-census/task_health.parquet#format-code-task-001833
format-code-task-001834,heldout,arcticdb,3282,discarded,"broken environment, no known repair: ImportError while loading conftest '/testbed/python/tests/conftest.py'.",original,sha256:9ead8132cc952d78b4b7d1bffc7eb1894d0d0fb1b5f8e91b33e09dde6bc06355,,,broken_environment,har115-nop-001834,ImportError while loading conftest '/testbed/python/tests/conftest.py'.,none_found,research/experiments/har108-python-census/task_health.parquet#format-code-task-001834
format-code-task-001835,train,icloudpy,467,usable,nop sound,original,sha256:b6860b69425431dfd7ceeff6bb66212b4385cf805587a7d57b9f67a108a26d05,,,sound,har113-nop-001835,nop graded with reward 0,git_only,research/experiments/har108-python-census/task_health.parquet#format-code-task-001835
format-code-task-001836,train,capa,1247,usable,nop sound,original,sha256:f2f345306cbd9548e00413f95325d509f749a9fe6e396dc035ade673d2935d2d,,,sound,har113-nop-001836,nop graded with reward 0; setup error excused as the agent's missing work,pypi_package,research/experiments/har108-python-census/task_health.parquet#format-code-task-001836
format-code-task-001837,train,workbench,4986,usable,nop sound,original,sha256:2bdcc95f29d89342a07a702865758f8d72a7b1b96c733f6a8b67d1154077dfd2,,,sound,har115-nop-001837,nop graded with reward 0; setup error excused as the agent's missing work,pypi_package,research/experiments/har108-python-census/task_health.parquet#format-code-task-001837
format-code-task-001840,train,mapproxy,2984,usable,nop sound,original,sha256:4780846c2c9bfe58956efe05830b20683e95dafcd9d5c6f84dc668b9fd1ddd7b,,,sound,har113-nop-001840,nop graded with reward 0,pypi_package,research/experiments/har108-python-census/task_health.parquet#format-code-task-001840
format-code-task-001841,train,mapproxy,3013,usable,nop sound,original,sha256:232fd0d844979cc56edd595ccce3ddfd4fda03abd4457a0f727eb8a5a607088e,,,sound,har113-nop-001841,nop graded with reward 0,pypi_package,research/experiments/har108-python-census/task_health.parquet#format-code-task-001841
format-code-task-001845,train,rest_framework,2976,usable,nop sound,original,sha256:46f5bbc177c74af4d2364708f180bf543036eeef99e23c943451ee9191b8269e,,,sound,har108-nop-001845,nop graded with reward 0,none_found,research/experiments/har108-python-census/task_health.parquet#format-code-task-001845
format-code-task-001850,train,format-code-task-001850,3495,usable,nop sound,original,sha256:5be1b852ba5e57f339200fec84121e019c4d5c9b5073f83f580d7cd58f0fe41f,,,sound,har108-nop-001850,nop graded with reward 0,none_found,research/experiments/har108-python-census/task_health.parquet#format-code-task-001850
format-code-task-001853,train,marimo,3384,discarded,"broken environment, no known repair: ______________ ERROR collecting tests/_utils/test_file_watcher.py ______________",original,sha256:957fa165c4f35351f368afdccc8ee9b50183deae448269e229e77aab43030048,,,broken_environment,har115-nop-001853,______________ ERROR collecting tests/_utils/test_file_watcher.py ______________,pypi_package,research/experiments/har108-python-census/task_health.parquet#format-code-task-001853
format-code-task-001859,train,libreco,3726,usable,nop sound,original,sha256:990db453eb1a5dee025f80082d385a54ddcb2fedc3a06da6c7723dac0f2a5f2d,,,sound,har115-nop-001859,nop graded with reward 0; setup error excused as the agent's missing work,none_found,research/experiments/har108-python-census/task_health.parquet#format-code-task-001859
format-code-task-001860,train,format-code-task-001860,3036,usable,nop sound,original,sha256:ed2c854fe74d39e78e9833a4e99d22413b1e2c8d5b9c5fc9372a36bd0eb869e0,,,sound,har113-nop-001860,nop graded with reward 0; setup error excused as the agent's missing work,none_found,research/experiments/har108-python-census/task_health.parquet#format-code-task-001860
format-code-task-001861,train,github.com/matrix-org/matrix-doc,3460,usable,nop sound,original,sha256:75bf912adfe9a6855d6a2334d03f5222b41803d0d94b2c334758608afe1c6f2c,,,sound,har115-nop-001861,nop graded with reward 0,pypi_package,research/experiments/har108-python-census/task_health.parquet#format-code-task-001861
format-code-task-001862,train,format-code-task-001862,3462,usable,nop sound,original,sha256:0b9de53dfbe7c5eac03c34c40a16c9e7443d8997deeb77405ae3699d40bc2def,,,sound,har108-nop-001862,nop graded with reward 0,none_found,research/experiments/har108-python-census/task_health.parquet#format-code-task-001862
format-code-task-001863,train,format-code-task-001863,3159,usable,nop sound,original,sha256:3cdb748656d9b5f587c1d34f95bd0a553f79f7c5cd4a7b029ed7a11a0b927b25,,,sound,har108-nop-001863,nop graded with reward 0,none_found,research/experiments/har108-python-census/task_health.parquet#format-code-task-001863
format-code-task-001865,train,DnD_battler,423,usable,nop sound,original,sha256:dff2af0db18adf05280cc95fd2df8a3c3eb89b29cb8994404a06bf2f663942b3,,,sound,har113-nop-001865,nop graded with reward 0; setup error excused as the agent's missing work,none_found,research/experiments/har108-python-census/task_health.parquet#format-code-task-001865
format-code-task-001868,train,format-code-task-001868,403,usable,nop sound,original,sha256:fdb3a93bd188511dea15f100288309f8bef6bc68dd925bbabf63d44223ac5eee,,,sound,har113-nop-001868,nop graded with reward 0,none_found,research/experiments/har108-python-census/task_health.parquet#format-code-task-001868
format-code-task-001870,train,markdownify,386,usable,"nop sound, leak closed",leak-closed,sha256:be5cf80bcb8ff71e8f6212c7929e9a849b1aff95641fb115b92f1d1ce1d7f197,leak-close-pypi@1,candidate,sound,har113-nop-001870,nop graded with reward 0,pypi_fix_released,research/experiments/har108-python-census/task_health.parquet#format-code-task-001870 library/task-variants/mimo-v2.6-rl__format-code-task-001870/be5cf80bcb8f.json
format-code-task-001872,train,ligan,1018,usable,nop sound,original,sha256:635e0947286b11b71960d17a1acc9b05e224a23ab0c8c977ccc116340b975800,,,sound,har108-nop-001872,nop graded with reward 0; setup error excused as the agent's missing work,none_found,research/experiments/har108-python-census/task_health.parquet#format-code-task-001872
format-code-task-001876,train,bumpver,422,usable,"nop sound, leak closed",leak-closed,sha256:13004bc474318f88ff998f23e8c13984aaa8a64c5836862a3b8e53022878cc60,leak-close-pypi@1,candidate,sound,har108-nop-001876,nop graded with reward 0,pypi_fix_released,research/experiments/har108-python-census/task_health.parquet#format-code-task-001876 library/task-variants/mimo-v2.6-rl__format-code-task-001876/13004bc47431.json
format-code-task-001878,train,pyarrow,1061,usable,nop sound,original,sha256:3f25056d88747da924834418d72204560fa3a5d9a6dcae58d01352a541400254,,,sound,har108-nop-001878,nop graded with reward 0,none_found,research/experiments/har108-python-census/task_health.parquet#format-code-task-001878
format-code-task-001880,train,dash,3894,usable,nop sound,original,sha256:1305ad301aeb9cb674f516ae2807e5a837cdcba51240ad9a7efab7b2a7b9680a,,,sound,har115-nop-001880,nop graded with reward 0,pypi_package,research/experiments/har108-python-census/task_health.parquet#format-code-task-001880
format-code-task-001884,train,fastapi,3806,usable,nop sound,original,sha256:9e9b759b2ee3d0156afd100a622ccde2d091e6667a33372b449ed7fd536b1b34,,,sound,har108-nop-001884,nop graded with reward 0,none_found,research/experiments/har108-python-census/task_health.parquet#format-code-task-001884
format-code-task-001886,train,libfmp,646,usable,nop sound,original,sha256:a1fad9f820450cb2de386b844d29236fb729c9a19dd448a5a7075f41eee8bf88,,,sound,har113-nop-001886,nop graded with reward 0; setup error excused as the agent's missing work,pypi_package,research/experiments/har108-python-census/task_health.parquet#format-code-task-001886
format-code-task-001887,train,libfmp,646,usable,nop sound,original,sha256:f81d6c868fea16b737ecc775073b93bde3b3ca5296d635be365ad8e8b70cc7ac,,,sound,har108-nop-001887,nop graded with reward 0; setup error excused as the agent's missing work,pypi_package,research/experiments/har108-python-census/task_health.parquet#format-code-task-001887
format-code-task-001891,train,format-code-task-001891,518,usable,"nop sound, leak closed",leak-closed,sha256:3af23ad0794f3b40207a18de97efcc9fc4c9e230f4bdbb8e46c7ba090d004dea,leak-close-pypi@1,candidate,sound,har113-nop-001891,nop graded with reward 0,pypi_fix_released,research/experiments/har108-python-census/task_health.parquet#format-code-task-001891 library/task-variants/mimo-v2.6-rl__format-code-task-001891/3af23ad0794f.json
format-code-task-001896,train,linkpreview,397,usable,nop sound,original,sha256:a616c127c86f09f23232eff4810c00fbcee7a739a54b9c05c685f3c0d5a4778d,,,sound,har105-qual-py-001896,nop graded with reward 0,pypi_package,research/experiments/har108-python-census/task_health.parquet#format-code-task-001896
format-code-task-001897,train,linkpreview,397,usable,nop sound,original,sha256:e9f28b6db44e81fdd174c04c0a42e5535466c9d19176c4f63c8f510419e8b3cc,,,sound,har113-nop-001897,nop graded with reward 0,pypi_package,research/experiments/har108-python-census/task_health.parquet#format-code-task-001897
format-code-task-001907,train,format-code-task-001907,3474,usable,nop sound,original,sha256:1dfbdec5ba003a1e0a6ac820084b27767ac68da94a60c08c7f9236b27c612efe,,,sound,har115-nop-001907,nop graded with reward 0,none_found,research/experiments/har108-python-census/task_health.parquet#format-code-task-001907
format-code-task-001914,train,github.com/microsoft/onnxscript,506,usable,"nop sound, leak closed",leak-closed,sha256:9dab66d29eca8b8417f505aecdd67fcf705bdd651df97ce742b26bb1af2af321,leak-close-pypi@1,candidate,sound,har113-nop-001914,nop graded with reward 0,pypi_fix_released,research/experiments/har108-python-census/task_health.parquet#format-code-task-001914 library/task-variants/mimo-v2.6-rl__format-code-task-001914/9dab66d29eca.json
format-code-task-001916,train,packages,3249,usable,nop sound,original,sha256:af3bcfe3b06635bee3765d647553b8aec988bfbf1d35de53dea258313a34dc15,,,sound,har108-nop-001916,nop graded with reward 0,none_found,research/experiments/har108-python-census/task_health.parquet#format-code-task-001916
format-code-task-001918,heldout,github.com/microsoftgraph/msgraph-sdk-go-core,466,usable,nop sound,original,sha256:7b71956b411a37bd288ed45e2a44f577279fe9beed71b69ce60c129d8ffecd96,,,sound,har113-nop-001918,nop graded with reward 0,git_only,research/experiments/har108-python-census/task_health.parquet#format-code-task-001918
format-code-task-001925,train,pymilvus,3003,usable,nop sound,original,sha256:04e40af60a5ad9f67efb0270f0bd075490d9ba5cfa90c9b403d7ee1024dd64d5,,,sound,har113-nop-001925,nop graded with reward 0,pypi_package,research/experiments/har108-python-census/task_health.parquet#format-code-task-001925
format-code-task-001926,train,mrinufft,653,usable,nop sound,original,sha256:a72ffb9fa4425b73759e2e63f57e61d8ffc7c2b4e822a32d571833bec6563b41,,,sound,har113-nop-001926,nop graded with reward 0; setup error excused as the agent's missing work,none_found,research/experiments/har108-python-census/task_health.parquet#format-code-task-001926
format-code-task-001927,train,format-code-task-001927,6562,usable,"census broken_environment; repaired by env-keep-build-outputs@1, nop sound",repair,sha256:fc586d6279599c8b70a40d8476342877d974fc36f61ba4377d5434b3e6db9de0,env-keep-build-outputs@1,validated,broken_environment,har108-nop-001927,_____________ ERROR collecting tests/pytorch/test_transforms_pt.py _____________,none_found,research/experiments/har108-python-census/task_health.parquet#format-code-task-001927 library/task-variants/mimo-v2.6-rl__format-code-task-001927/fc586d627959.json
format-code-task-001936,train,mitmproxy,3079,usable,nop sound,original,sha256:48d1562a3fdb0520983072a9d7913cc8e80d54dd2de4912657ca868ba9c3cd95,,,sound,har113-nop-001936,nop graded with reward 0,pypi_package,research/experiments/har108-python-census/task_health.parquet#format-code-task-001936
format-code-task-001940,train,github.com/mhammond/pywin32,457,usable,"nop sound, leak closed",leak-closed,sha256:fe0d3faffaf0eaa0280020604c392bfbe57c995ec7c3542dd7985e21937b2344,leak-close-pypi@1,candidate,sound,har108-nop-001940,nop graded with reward 0,pypi_fix_released,research/experiments/har108-python-census/task_health.parquet#format-code-task-001940 library/task-variants/mimo-v2.6-rl__format-code-task-001940/fe0d3faffaf0.json
format-code-task-001941,train,mlx,1111,usable,nop sound,original,sha256:fc82032cc5b4eaddca0008e9673841f7bc4fc1b99acda14ae83d89dff7ccf0fb,,,sound,har108-nop-001941,nop graded with reward 0,pypi_package,research/experiments/har108-python-census/task_health.parquet#format-code-task-001941
format-code-task-001942,train,mlrun,3634,usable,nop sound,original,sha256:f3393ad22133a938656beeeee1bf25609c297a8f87a502d4ccc936eac8595830,,,sound,har108-nop-001942,nop graded with reward 0,none_found,research/experiments/har108-python-census/task_health.parquet#format-code-task-001942
format-code-task-001943,train,mne_bids,1826,usable,nop sound,original,sha256:c229d727adccae5272221a812a3a7263c3555f2bf35f350012db7e1a49b76202,,,sound,har108-nop-001943,nop graded with reward 0,pypi_package,research/experiments/har108-python-census/task_health.parquet#format-code-task-001943
format-code-task-001944,train,mne_bids,2333,usable,"nop sound, leak closed",leak-closed,sha256:64096a4a82679d7d54c111985978cf8dc06e4a38de4e5374d6b2892f74150a8c,leak-close-pypi@1,candidate,sound,har108-nop-001944,nop graded with reward 0,pypi_fix_released,research/experiments/har108-python-census/task_health.parquet#format-code-task-001944 library/task-variants/mimo-v2.6-rl__format-code-task-001944/64096a4a8267.json
format-code-task-001945,train,scipy,1943,usable,"nop sound, leak closed",leak-closed,sha256:9bf96645e12af9979b7c20a6a366ab3ba848ed7b1a072fcf5041d992c7212e5f,leak-close-pypi@1,candidate,sound,har108-nop-001945,nop graded with reward 0,pypi_fix_released,research/experiments/har108-python-census/task_health.parquet#format-code-task-001945 library/task-variants/mimo-v2.6-rl__format-code-task-001945/9bf96645e12a.json
format-code-task-001946,train,sklearn,914,usable,"nop sound, leak closed",leak-closed,sha256:7fa9e4f48562dfcd3430bf6e5fff0f3781bd49e7e4d6812119ca820a6d5423f9,leak-close-pypi@1,candidate,sound,har108-nop-001946,nop graded with reward 0,pypi_fix_released,research/experiments/har108-python-census/task_health.parquet#format-code-task-001946 library/task-variants/mimo-v2.6-rl__format-code-task-001946/7fa9e4f48562.json
format-code-task-001947,train,mne,1981,usable,"nop sound, leak closed",leak-closed,sha256:e8d287dd93d8bfc777342a18262f23047d84e76452923ce6285bb7589f8c8434,leak-close-pypi@1,candidate,sound,har113-nop-001947,nop graded with reward 0,pypi_fix_released,research/experiments/har108-python-census/task_health.parquet#format-code-task-001947 library/task-variants/mimo-v2.6-rl__format-code-task-001947/e8d287dd93d8.json
format-code-task-001948,train,mne,782,usable,"nop sound, leak closed",leak-closed,sha256:ed7bfb0e8e58e9d1341b31239e6afb9efa5164f3fef342925dcb0c56cb30aaeb,leak-close-pypi@1,candidate,sound,har113-nop-001948,nop graded with reward 0,pypi_fix_released,research/experiments/har108-python-census/task_health.parquet#format-code-task-001948 library/task-variants/mimo-v2.6-rl__format-code-task-001948/ed7bfb0e8e58.json
format-code-task-001949,train,mne,769,usable,nop sound,original,sha256:60f4e13370e330c3e06bfc2f0ca00fd0ecb7963b60b0118aae7888f0e3275aef,,,sound,har108-nop-001949,nop graded with reward 0,pypi_package,research/experiments/har108-python-census/task_health.parquet#format-code-task-001949
format-code-task-001950,train,"the crop start, producing event channel values from the wrong time",1766,usable,"nop sound, leak closed",leak-closed,sha256:49e63a95b97020b86596eeacc1d27697bc1ca94cb719367e0442a87fd30878d2,leak-close-pypi@1,candidate,sound,har108-nop-001950,nop graded with reward 0,pypi_fix_released,research/experiments/har108-python-census/task_health.parquet#format-code-task-001950 library/task-variants/mimo-v2.6-rl__format-code-task-001950/49e63a95b970.json
format-code-task-001954,train,modin,707,usable,"nop sound, leak closed",leak-closed,sha256:501ce7d36df025c716d1b5564bd9a196d7d43f8533a535d4d765be1a9c467016,leak-close-pypi@1,candidate,sound,har108-nop-001954,nop graded with reward 0,pypi_fix_released,research/experiments/har108-python-census/task_health.parquet#format-code-task-001954 library/task-variants/mimo-v2.6-rl__format-code-task-001954/501ce7d36df0.json
format-code-task-001955,train,modin,3244,usable,nop sound,original,sha256:e21ca0bad44594844b3e08bc88f9e62a47b61ddd11a038d6886f4d13afa41dd6,,,sound,har108-nop-001955,nop graded with reward 0,pypi_package,research/experiments/har108-python-census/task_health.parquet#format-code-task-001955
format-code-task-001963,heldout,bson,2992,usable,nop sound,original,sha256:18ec42ed85728fa0007e76223c8d668ae5adcebd5121e6c57c01dea8e06e5c3d,,,sound,har113-nop-001963,nop graded with reward 0,pypi_package,research/experiments/har108-python-census/task_health.parquet#format-code-task-001963
format-code-task-001966,train,mongomock,745,usable,nop sound,original,sha256:4f8d530897dc3f88bc2c3924554b7e287252fcadf3c5479f573e6bc0355fdb4d,,,sound,har113-nop-001966,nop graded with reward 0,pypi_package,research/experiments/har108-python-census/task_health.parquet#format-code-task-001966
format-code-task-001970,train,format-code-task-001970,3015,usable,nop sound,original,sha256:93497133a06743e419081569039873ff1abfe13b4d70a131b2864dda05464b22,,,sound,har108-nop-001970,nop graded with reward 0,none_found,research/experiments/har108-python-census/task_health.parquet#format-code-task-001970
format-code-task-001971,heldout,github.com/erikrose/more-itertools,389,usable,nop sound,original,sha256:6ba39f13393c5e557bf3e0564441580e06028493fbd8f7e3dac684db8d01a8a4,,,sound,har108-nop-001971,nop graded with reward 0,git_only,research/experiments/har108-python-census/task_health.parquet#format-code-task-001971
format-code-task-001973,train,torch,693,usable,nop sound,original,sha256:2302c1516e61f9ff02d9603ed6a4bf08e31380bb0b7ba355814182904e13e965,,,sound,har108-nop-001973,nop graded with reward 0; setup error excused as the agent's missing work,none_found,research/experiments/har108-python-census/task_health.parquet#format-code-task-001973
format-code-task-001974,train,format-code-task-001974,3065,usable,nop sound,original,sha256:a3aac60b69c1e3b7eee4f18605f1ae984ae9f0b48f8fd975c05c645dd77467b6,,,sound,har113-nop-001974,nop graded with reward 0,none_found,research/experiments/har108-python-census/task_health.parquet#format-code-task-001974
format-code-task-001975,train,format-code-task-001975,3248,usable,nop sound,original,sha256:2aa18d6680a56e479fc06a5384f7184563e9eca2a372b08bd153669e9d8dbfa5,,,sound,har108-nop-001975,nop graded with reward 0,none_found,research/experiments/har108-python-census/task_health.parquet#format-code-task-001975
format-code-task-001980,train,socorro,3388,usable,nop sound,original,sha256:2fa98f8d39e70854afcd4bb1254b8ab6a285130434ee5f18a98bbb75c506fd68,,,sound,har108-nop-001980,nop graded with reward 0,none_found,research/experiments/har108-python-census/task_health.parquet#format-code-task-001980
format-code-task-001981,train,socorro,3422,usable,nop sound,original,sha256:f488b5e2c00b332d9b6b8234704dad362c1c2113e72194a89970ef8b1cf3b64e,,,sound,har108-nop-001981,nop graded with reward 0; setup error excused as the agent's missing work,pypi_package,research/experiments/har108-python-census/task_health.parquet#format-code-task-001981
format-code-task-001982,train,format-code-task-001982,6650,usable,nop sound,original,sha256:1bc6be453cad3644403fc1e579646c16069815a066a16c7ee19bcb04436202a8,,,sound,har108-nop-001982,nop graded with reward 0,git_only,research/experiments/har108-python-census/task_health.parquet#format-code-task-001982
format-code-task-001983,train,format-code-task-001983,6356,usable,nop sound,original,sha256:01cce9a31999103f254e6176119c420d759db12c7aca5c08bc05a6fa9b491814,,,sound,har115-nop-001983,nop graded with reward 0,none_found,research/experiments/har108-python-census/task_health.parquet#format-code-task-001983
format-code-task-001984,train,format-code-task-001984,3190,usable,nop sound,original,sha256:a5a8a3bdffaebec544b183ebdfcce10fadca4bfa8b3d74b793cbe5d52d80e5ab,,,sound,har115-nop-001984,nop graded with reward 0,none_found,research/experiments/har108-python-census/task_health.parquet#format-code-task-001984
format-code-task-001985,train,bugbug,3247,usable,nop sound,original,sha256:e4a7905b5037912cd5e87184da89f6c5a2815172282ac25b42284fcfd9b5e408,,,sound,har108-nop-001985,nop graded with reward 0,none_found,research/experiments/har108-python-census/task_health.parquet#format-code-task-001985
format-code-task-001987,train,format-code-task-001987,2960,usable,nop sound,original,sha256:b543e1aac61444edef2e42a811b8d0ca1fda5d268591eb33bdc0cf5f2660566d,,,sound,har108-nop-001987,nop graded with reward 0,none_found,research/experiments/har108-python-census/task_health.parquet#format-code-task-001987
format-code-task-001988,train,format-code-task-001988,2955,usable,nop sound,original,sha256:c86a36a0dac6f25a23fadb6efd6e2994b7bbf04a20bd15c7db1e57f9253d7079,,,sound,har108-nop-001988,nop graded with reward 0,none_found,research/experiments/har108-python-census/task_health.parquet#format-code-task-001988
format-code-task-001992,train,ezdxf,3501,usable,nop sound,original,sha256:4d222440016bcbfeff8718aa3ecb8f04313d95a28a6eb2f9bf9780d5e60ef97f,,,sound,har108-nop-001992,nop graded with reward 0,none_found,research/experiments/har108-python-census/task_health.parquet#format-code-task-001992
format-code-task-001994,train,github.com/valhalla/valhalla,2972,usable,nop sound,original,sha256:194f74a222e8d695aef28f34a9833c0682c7413bb680bf18a8d65555b501e2c0,,,sound,har113-nop-001994,nop graded with reward 0,git_only,research/experiments/har108-python-census/task_health.parquet#format-code-task-001994
format-code-task-002002,train,ADC_function,531,usable,nop sound,original,sha256:27ba7d46355d2ca3305577aa02d36eac29fd6edd385c5329813c7d7a2154e084,,,sound,har108-nop-002002,nop graded with reward 0,none_found,research/experiments/har108-python-census/task_health.parquet#format-code-task-002002
format-code-task-002003,train,github.com/mwmbl/mwmbl,3306,usable,nop sound,original,sha256:a9a1bd0f947f58ab41bb7f8344d0124f6610e83fd356ed5702a433222f280739,,,sound,har108-nop-002003,nop graded with reward 0,git_only,research/experiments/har108-python-census/task_health.parquet#format-code-task-002003
format-code-task-002004,train,mwmbl,2187,usable,nop sound,original,sha256:500bc74c35917dbe10f884b90397fc8de6b585a00a9ce40157d2dc40117f665a,,,sound,har108-nop-002004,nop graded with reward 0; setup error excused as the agent's missing work,none_found,research/experiments/har108-python-census/task_health.parquet#format-code-task-002004
format-code-task-002012,train,nameko,2939,usable,nop sound,original,sha256:08a2cf69cf126f0db46ce9352fb979e782b447d140d9466ab12a93344ad775b6,,,sound,har113-nop-002012,nop graded with reward 0,none_found,research/experiments/har108-python-census/task_health.parquet#format-code-task-002012
format-code-task-002014,train,github.com/napalm-automation/napalm,398,usable,"nop sound, leak closed",leak-closed,sha256:2e97492456afe171615b6678bc719609681f9bcd943f5cef5fc5c8833cce10ac,leak-close-pypi@1,validated,sound,har108-nop-002014,nop graded with reward 0,pypi_fix_released,research/experiments/har108-python-census/task_health.parquet#format-code-task-002014 library/task-variants/mimo-v2.6-rl__format-code-task-002014/2e97492456af.json
format-code-task-002015,heldout,github.com/napari/napari,1708,usable,nop sound,original,sha256:5edf7ba09c2607587d8b85756012a7a6a383ab82f535767019c7ab3d088adfd7,,,sound,har113-nop-002015,nop graded with reward 0,pypi_package,research/experiments/har108-python-census/task_health.parquet#format-code-task-002015
format-code-task-002016,heldout,github.com/napari/napari,3296,usable,"census broken_environment; repaired by env-keep-build-outputs@1, nop sound",repair,sha256:8bbbe0974e7768132fc844bf7b9348d01d2213a21944a160439e590f8ba9bb33,env-keep-build-outputs@1,validated,broken_environment,har115-nop-002016,ModuleNotFoundError: No module named 'napari._version',pypi_fix_released,research/experiments/har108-python-census/task_health.parquet#format-code-task-002016 library/task-variants/mimo-v2.6-rl__format-code-task-002016/8bbbe0974e77.json
format-code-task-002017,heldout,github.com/napari/napari,1025,usable,"census broken_environment; repaired by env-keep-build-outputs@1, nop sound",repair,sha256:d58b321d3fe5c6c5cf7a56ed1df10d7942b559e5d91e37bb40f52efb428ed44d,env-keep-build-outputs@1,validated,broken_environment,har113-nop-002017,ModuleNotFoundError: No module named 'napari._version',pypi_package,research/experiments/har108-python-census/task_health.parquet#format-code-task-002017 library/task-variants/mimo-v2.6-rl__format-code-task-002017/d58b321d3fe5.json
format-code-task-002020,train,src,608,usable,nop sound,original,sha256:28cde3c126dd56a6c282af492b0f8e93b23f996169d5d97b8c0818002f7a42b9,,,sound,har108-nop-002020,nop graded with reward 0,none_found,research/experiments/har108-python-census/task_health.parquet#format-code-task-002020
format-code-task-002021,train,src,571,usable,nop sound,original,sha256:31cd8aead05282064b7a079060cfcb9fa4978cc8bf3d81c293da2042599a0aa2,,,sound,har113-nop-002021,nop graded with reward 0,none_found,research/experiments/har108-python-census/task_health.parquet#format-code-task-002021
format-code-task-002022,train,nautobot,3577,usable,nop sound,original,sha256:a393051c5a0c6d301cb555aea98fe3b3802a724579f0ffc5fd6383d44e5bdcfb,,,sound,har115-nop-002022,nop graded with reward 0,pypi_package,research/experiments/har108-python-census/task_health.parquet#format-code-task-002022
format-code-task-002023,train,constance,3492,usable,nop sound,original,sha256:2224a5e2dcec9fe0a41953d2805c440ede23aed36a2b6c6ada082c9162688e18,,,sound,har108-nop-002023,nop graded with reward 0,none_found,research/experiments/har108-python-census/task_health.parquet#format-code-task-002023
format-code-task-002024,train,nautobot,3672,usable,nop sound,original,sha256:f2c740516ccab70eea011e8200a7fba16414599e4f66742d4920ae4db781cd8e,,,sound,har108-nop-002024,nop graded with reward 0,pypi_package,research/experiments/har108-python-census/task_health.parquet#format-code-task-002024
format-code-task-002025,train,torch,650,usable,nop sound,original,sha256:a27ba720c839ef769da7a86ca1b197ae2338edd13b56ab701bd40bd59e8ffe9c,,,sound,har113-nop-002025,nop graded with reward 0,pypi_package,research/experiments/har108-python-census/task_health.parquet#format-code-task-002025
format-code-task-002028,train,telegram_upload,700,usable,nop sound,original,sha256:93d4d8b13820c32ce874e998371ce29cd59da7d0c24b5dc40609fe6f78f843c3,,,sound,har108-nop-002028,nop graded with reward 0,pypi_package,research/experiments/har108-python-census/task_health.parquet#format-code-task-002028
format-code-task-002032,train,tatsu,2988,usable,"census broken_environment; repaired by env-login-path@1, nop sound",repair,sha256:0d162b2989fb7677e34efe574b1c1c62b8faf29521a1aaed6e3834b5451427ca,env-login-path@1,validated,broken_environment,har108-nop-002032,/usr/bin/python: No module named pytest,pypi_package,research/experiments/har108-python-census/task_health.parquet#format-code-task-002032 library/task-variants/mimo-v2.6-rl__format-code-task-002032/0d162b2989fb.json
format-code-task-002033,train,djangocms_blog,3126,usable,nop sound,original,sha256:767b58b1711deb40d3708523d20f432af0bbdb91be1b67d7ac6164d6773fff78,,,sound,har113-nop-002033,nop graded with reward 0,pypi_package,research/experiments/har108-python-census/task_health.parquet#format-code-task-002033
format-code-task-002035,train,netbox,3313,usable,nop sound,original,sha256:317d26f93a1cf239472d2d353d38c62abb953fa78c6f7097a0f592f8052e3191,,,sound,har108-nop-002035,nop graded with reward 0,pypi_package,research/experiments/har108-python-census/task_health.parquet#format-code-task-002035
format-code-task-002036,train,extras,3426,usable,nop sound,original,sha256:9a4507c6ac2bb26b40bd24925d336e4d10fe327fe0ea4c0c85a11dd870237f60,,,sound,har115-nop-002036,nop graded with reward 0,none_found,research/experiments/har108-python-census/task_health.parquet#format-code-task-002036
format-code-task-002037,train,dcim,3348,usable,nop sound,original,sha256:b74c5499194febb4508e2d26f710b6e8e6f25067fc97e33ab9ec9a2335487630,,,sound,har115-nop-002037,nop graded with reward 0,none_found,research/experiments/har108-python-census/task_health.parquet#format-code-task-002037
format-code-task-002038,train,dcim,3466,usable,nop sound,original,sha256:295c56576b7f3597f865b52fba65ac5339ffe2c8b1bf0897583d5add32b53340,,,sound,har108-nop-002038,nop graded with reward 0,none_found,research/experiments/har108-python-census/task_health.parquet#format-code-task-002038
format-code-task-002042,train,format-code-task-002042,431,usable,"nop sound, leak closed",leak-closed,sha256:f5f9de6e310b2ee50f6e4ac426d61d9ca34cab70d557d655fee1be57ac7ca0b3,leak-close-pypi@1,candidate,sound,har108-nop-002042,nop graded with reward 0,pypi_fix_released,research/experiments/har108-python-census/task_health.parquet#format-code-task-002042 library/task-variants/mimo-v2.6-rl__format-code-task-002042/f5f9de6e310b.json
format-code-task-002050,heldout,nilearn,3168,usable,nop sound,original,sha256:30dd7fe8f6198907905589c161cc6e4c57fdf7954b895b4e4f76215173421da8,,,sound,har115-nop-002050,nop graded with reward 0,pypi_package,research/experiments/har108-python-census/task_health.parquet#format-code-task-002050
format-code-task-002051,train,nilearn,635,usable,"nop sound, leak closed",leak-closed,sha256:3fa20ae7dbb9bb64e1d3b47d5cd884b956d5ee4cc9e82ced9d5dff98c92f112f,leak-close-pypi@1,candidate,sound,har108-nop-002051,nop graded with reward 0,pypi_fix_released,research/experiments/har108-python-census/task_health.parquet#format-code-task-002051 library/task-variants/mimo-v2.6-rl__format-code-task-002051/3fa20ae7dbb9.json
format-code-task-002052,heldout,github.com/nilearn/nilearn,723,usable,"nop sound, leak closed",leak-closed,sha256:7dfeeb7fb93db68b6e954bdde1612f3d3b79fac93f22e9810a6a8f8791ef19fa,leak-close-pypi@1,candidate,sound,har108-nop-002052,nop graded with reward 0,pypi_fix_released,research/experiments/har108-python-census/task_health.parquet#format-code-task-002052 library/task-variants/mimo-v2.6-rl__format-code-task-002052/7dfeeb7fb93d.json
format-code-task-002053,heldout,github.com/nilearn/nilearn,704,usable,nop sound,original,sha256:008dd04c7ac44e136de3128038423caa329d14c6974053b296352940abe89674,,,sound,har113-nop-002053,nop graded with reward 0,pypi_package,research/experiments/har108-python-census/task_health.parquet#format-code-task-002053
format-code-task-002055,train,httpx,3012,usable,"census broken_environment; repaired by env-keep-files@1, nop sound",repair,sha256:fcf17343b2ddf76415ce0b297634ab8af1551f28e896ab119310dbf0d7ccf2be,env-keep-files@1,validated,broken_environment,har113-nop-002055,ImportError while loading conftest '/testbed/tests/conftest.py'.,none_found,research/experiments/har108-python-census/task_health.parquet#format-code-task-002055 library/task-variants/mimo-v2.6-rl__format-code-task-002055/fcf17343b2dd.json
format-code-task-002067,train,nornir,834,usable,nop sound,original,sha256:699820cafb348c533ef0beb871a48f65ac6872d2f5c024dcee1d6bca91479da2,,,sound,har113-nop-002067,nop graded with reward 0; setup error excused as the agent's missing work,pypi_package,research/experiments/har108-python-census/task_health.parquet#format-code-task-002067
format-code-task-002069,train,pytago,2978,usable,nop sound,original,sha256:c66f9c65ffaa1f79d81573b714f1cdf8ded4c977aa1fd7a9a71452422e276900,,,sound,har108-nop-002069,nop graded with reward 0,pypi_package,research/experiments/har108-python-census/task_health.parquet#format-code-task-002069
format-code-task-002072,train,nucypher,836,usable,nop sound,original,sha256:2fb0ce1820195f68a3304611829622327f8f68e27286e46862f49feb83bf86d4,,,sound,har108-nop-002072,nop graded with reward 0; setup error excused as the agent's missing work,none_found,research/experiments/har108-python-census/task_health.parquet#format-code-task-002072
format-code-task-002074,train,github.com/numpy/numpy,3284,usable,nop sound,original,sha256:15e7ff389660b49547bb96066466b74f4f22f1ba3b2ec8293035476a4c29e42a,,,sound,har115-nop-002074,nop graded with reward 0,pypi_package,research/experiments/har108-python-census/task_health.parquet#format-code-task-002074
format-code-task-002076,train,numpy,3372,usable,nop sound,original,sha256:f428725b3a61476a3e462310ce6324db422d2085f26f873e4a5465c00067c75d,,,sound,har108-nop-002076,nop graded with reward 0,pypi_package,research/experiments/har108-python-census/task_health.parquet#format-code-task-002076
format-code-task-002077,train,numpy,3385,usable,nop sound,original,sha256:d5ddee6ad9d13b61c03dbf0de21aca97e3e0b0e44b149a4d1b08cdb6096b1caa,,,sound,har108-nop-002077,nop graded with reward 0,pypi_package,research/experiments/har108-python-census/task_health.parquet#format-code-task-002077
format-code-task-002078,train,numpy,3250,discarded,"broken under the egress lock (HAR-146 har146-lnop-002078): numpy's Cython test build fails, Cython 3.0.12 rejects checks.pyx:248 (cannot assign 'NpyIter_GetMultiIndexFunc *' to 'NpyIter_GetMultiIndexFunc'); a compile error, not a network fetch, so no prefetch repair (HAR-158 diagnosis)",repair,sha256:425d3bc13b8404c73571c213f66637b2360f5c692ab1e2bb767fe43a3d959cff,env-pin-dependency@1,validated,broken_environment,har108-nop-002078,_________________ ERROR at setup of test_is_datetime64_object __________________,pypi_package,research/experiments/har108-python-census/task_health.parquet#format-code-task-002078 library/task-variants/mimo-v2.6-rl__format-code-task-002078/425d3bc13b84.json
format-code-task-002079,train,numpy,3207,usable,nop sound,original,sha256:7509673effb569d75cf61232c9bd550e4d47c52d02cf32c1e16c07334d430064,,,sound,har115-nop-002079,nop graded with reward 0,pypi_package,research/experiments/har108-python-census/task_health.parquet#format-code-task-002079
format-code-task-002081,train,format-code-task-002081,3100,usable,nop sound,original,sha256:be76a37ef022593709336ebb5fc26f9e2d499aa67734d8137f3801f91554e245,,,sound,har113-nop-002081,nop graded with reward 0,none_found,research/experiments/har108-python-census/task_health.parquet#format-code-task-002081
format-code-task-002082,train,torch,3250,usable,nop sound,original,sha256:524a112ad28981ac087a2fab5cb0d91a3c6dc93a0a2585232a6ce4a559248722,,,sound,har115-nop-002082,nop graded with reward 0; setup error excused as the agent's missing work,none_found,research/experiments/har108-python-census/task_health.parquet#format-code-task-002082
format-code-task-002084,train,format-code-task-002084,391,usable,"nop sound, leak closed",leak-closed,sha256:9c33b35bbecefa1678893c34a72906f4f323944ae840b85b3fc7c3da120670ff,leak-close-pypi@1,candidate,sound,har113-nop-002084,nop graded with reward 0,pypi_fix_released,research/experiments/har108-python-census/task_health.parquet#format-code-task-002084 library/task-variants/mimo-v2.6-rl__format-code-task-002084/9c33b35bbece.json
format-code-task-002087,train,github.com/obspy/obspy,706,usable,nop sound,original,sha256:05df11fbe97a288beda30b4f4a01a90813cf93fcf5872f990023d3807178f371,,,sound,har113-nop-002087,nop graded with reward 0,pypi_package,research/experiments/har108-python-census/task_health.parquet#format-code-task-002087
format-code-task-002089,train,format-code-task-002089,2984,usable,nop sound,original,sha256:3c3d7c267c5a52ac1266fd2f9fec638ddec67092d97f7c491c9206d89e0a3668,,,sound,har113-nop-002089,nop graded with reward 0,none_found,research/experiments/har108-python-census/task_health.parquet#format-code-task-002089
format-code-task-002090,train,octodns,808,usable,nop sound,original,sha256:dc7ca01cbbb47aa84584a2c3f8cbb71204327bec4863061afdf5664acfd88e6a,,,sound,har108-nop-002090,nop graded with reward 0,pypi_package,research/experiments/har108-python-census/task_health.parquet#format-code-task-002090
format-code-task-002092,train,care,3320,usable,nop sound,original,sha256:f1e39c747d354730cf48d63b806689875ad7441449c017abcb67993fb02d788c,,,sound,har108-nop-002092,nop graded with reward 0,none_found,research/experiments/har108-python-census/task_health.parquet#format-code-task-002092
format-code-task-002096,train,github.com/okigan/awscurl,438,usable,"nop sound, leak closed",leak-closed,sha256:2258e596414ca9b091b86af59f13b1618100bb273bb229279170317a4c9ae71a,leak-close-pypi@1,candidate,sound,har113-nop-002096,nop graded with reward 0,pypi_fix_released,research/experiments/har108-python-census/task_health.parquet#format-code-task-002096 library/task-variants/mimo-v2.6-rl__format-code-task-002096/2258e596414c.json
format-code-task-002104,train,ollama,435,usable,nop sound,original,sha256:a23cba57908bf3800cf8bccb536cef1fb173bd7732784c3f884b2359c9b8de8c,,,sound,har108-nop-002104,nop graded with reward 0,pypi_package,research/experiments/har108-python-census/task_health.parquet#format-code-task-002104
format-code-task-002105,train,ollama,435,usable,nop sound,original,sha256:a701a7b3ae0d10b7920ff757d302ae4ee180db235a0a05b37b598f680a3ee40f,,,sound,har108-nop-002105,nop graded with reward 0,pypi_package,research/experiments/har108-python-census/task_health.parquet#format-code-task-002105
format-code-task-002106,train,omnara,1156,usable,nop sound,original,sha256:5821eb5bb7f0f930736461610a0ed9157b8fad0291fa937d2165523320cfb51c,,,sound,har113-nop-002106,nop graded with reward 0,none_found,research/experiments/har108-python-census/task_health.parquet#format-code-task-002106
format-code-task-002107,train,GGanalysis,507,usable,nop sound,original,sha256:c68c5a247868464ff492e409abe222997d90448e42803db88992ecbb0bbd06fd,,,sound,har113-nop-002107,nop graded with reward 0; setup error excused as the agent's missing work,none_found,research/experiments/har108-python-census/task_health.parquet#format-code-task-002107
format-code-task-002115,heldout,format-code-task-002115,4107,usable,nop sound,original,sha256:e360fdfb25ce4201305f73d8af770b5067ba91aa8d898b69c110708a86780b03,,,sound,har108-nop-002115,nop graded with reward 0,none_found,research/experiments/har108-python-census/task_health.parquet#format-code-task-002115
format-code-task-002117,train,mmengine,921,usable,nop sound,original,sha256:1aef711d004aebe56930c8e70c66e2aae2cb80b12ea55a9cbc69c70df2ee20d0,,,sound,har113-nop-002117,nop graded with reward 0; setup error excused as the agent's missing work,pypi_package,research/experiments/har108-python-census/task_health.parquet#format-code-task-002117
format-code-task-002126,train,github.com/jseiser/otlp_fastapi_repl,2993,usable,nop sound,original,sha256:cfea93493f5cffc20062543a6a60899e14fd97620760d19cadc01c8f2fe34b22,,,sound,har108-nop-002126,nop graded with reward 0,git_only,research/experiments/har108-python-census/task_health.parquet#format-code-task-002126
format-code-task-002127,train,opentelemetry,,discarded,"broken environment, no known repair: trial exception: SandboxBuildFailedError",original,sha256:c6442d460a39b8ef514d1e25d0ca77a505c9eabe950284673450e2e8c055cd71,,,broken_environment,har115-nop-002127,trial exception: SandboxBuildFailedError,none_found,research/experiments/har108-python-census/task_health.parquet#format-code-task-002127
format-code-task-002134,heldout,format-code-task-002134,3210,usable,nop sound,original,sha256:e7c56e7d80282ea7b4e6dae84ce8594d23f16966a8d39bfcadfb00899114de66,,,sound,har108-nop-002134,nop graded with reward 0,none_found,research/experiments/har108-python-census/task_health.parquet#format-code-task-002134
format-code-task-002135,train,xarray,3375,usable,nop sound,original,sha256:92d4202c6109314a7a44bc9f91332e37bcb61315fb3b1665fe4856c170810959,,,sound,har115-nop-002135,nop graded with reward 0,none_found,research/experiments/har108-python-census/task_health.parquet#format-code-task-002135
format-code-task-002136,train,udata,3399,usable,nop sound,original,sha256:5b4ab96728c6a76fff3e11cf52ed3ca5f1c8f021b322f69d1302746bf5d7bee5,,,sound,har115-nop-002136,nop graded with reward 0,pypi_package,research/experiments/har108-python-census/task_health.parquet#format-code-task-002136
format-code-task-002137,train,udata,3390,usable,nop sound,original,sha256:ce3b81ecfa74c17bfdf08fb12b442304e2c0b1cf009e1219568dab0ca527ba67,,,sound,har115-nop-002137,nop graded with reward 0,pypi_package,research/experiments/har108-python-census/task_health.parquet#format-code-task-002137
format-code-task-002138,train,common,6547,usable,nop sound,original,sha256:8fea30f3ebf1ace2862e70324e2f93d610e02925c375ae59b4804e2721483b2e,,,sound,har108-nop-002138,nop graded with reward 0,none_found,research/experiments/har108-python-census/task_health.parquet#format-code-task-002138
format-code-task-002139,train,bb,462,usable,nop sound,original,sha256:64b31ed23eda67fe547e2ebd520acb5e65b562fe5302a529e72a3d0e29a0216f,,,sound,har113-nop-002139,nop graded with reward 0,pypi_package,research/experiments/har108-python-census/task_health.parquet#format-code-task-002139
format-code-task-002142,train,openff,,discarded,"broken environment, no known repair: trial exception: SandboxBuildFailedError",original,sha256:8222971f3cb9573ab97009552f0a55ea128b3c89ac7bc859ceb09c137d0a5d56,,,broken_environment,har108-nop-002142,trial exception: SandboxBuildFailedError,none_found,research/experiments/har108-python-census/task_health.parquet#format-code-task-002142
format-code-task-002143,heldout,cms,3099,usable,nop sound,original,sha256:3dc1a0d2a519f20cdc8f49de86fd2ef9c6414ef6d01af3354bd941f77854d07c,,,sound,har113-nop-002143,nop graded with reward 0,pypi_package,research/experiments/har108-python-census/task_health.parquet#format-code-task-002143
format-code-task-002147,train,format-code-task-002147,3226,usable,nop sound,original,sha256:9a02450b8811ac3bf31f95e3c115d0c5f954aabae89735eacba25c3400645b08,,,sound,har108-nop-002147,nop graded with reward 0,none_found,research/experiments/har108-python-census/task_health.parquet#format-code-task-002147
format-code-task-002149,train,pipeline_dp,490,usable,nop sound,original,sha256:542e9c4b07e173e23cf0b8598629ed1e694e58c7b5c45f296a06f498d63c5167,,,sound,har108-nop-002149,nop graded with reward 0,pypi_package,research/experiments/har108-python-census/task_health.parquet#format-code-task-002149
format-code-task-002160,train,openwisp_radius,3041,usable,nop sound,original,sha256:77151b17b06d370bbfd813e2c0495e3002ad257ad89e456fe1cc6ebf1cd70597,,,sound,har108-nop-002160,nop graded with reward 0,none_found,research/experiments/har108-python-census/task_health.parquet#format-code-task-002160
format-code-task-002162,train,format-code-task-002162,2950,usable,nop sound,original,sha256:c0e811249ba22e2c5765da5e30089ffa708390dc911e49665d7d2a8fced9265f,,,sound,har113-nop-002162,nop graded with reward 0,none_found,research/experiments/har108-python-census/task_health.parquet#format-code-task-002162
format-code-task-002169,train,infrahub,3543,usable,nop sound,original,sha256:38a8d54be3b5446fefee010775007e472afcdee00cf5cb67953fdeb417e9412a,,,sound,har115-nop-002169,nop graded with reward 0,none_found,research/experiments/har108-python-census/task_health.parquet#format-code-task-002169
format-code-task-002170,heldout,optimagic,3130,usable,nop sound,original,sha256:3c1b9f04e5ffbda84f908a21c86ac584cf56d666c6517d7f392135fdc5734153,,,sound,har108-nop-002170,nop graded with reward 0,pypi_package,research/experiments/har108-python-census/task_health.parquet#format-code-task-002170
format-code-task-002172,train,drgn,448,usable,"census broken_environment; repaired by env-keep-build-outputs@1, nop sound",repair,sha256:2fc06276b8e7cf8d7768a2ed8a79faaf001c4696494bd70c42f6b9e1040658db,env-keep-build-outputs@1,validated,broken_environment,har108-nop-002172,____________ ERROR collecting usercase-test-coderl/test_loadavg.py _____________,pypi_package,research/experiments/har108-python-census/task_health.parquet#format-code-task-002172 library/task-variants/mimo-v2.6-rl__format-code-task-002172/2fc06276b8e7.json
format-code-task-002178,train,format-code-task-002178,6061,usable,nop sound,original,sha256:b1752d9ff447b177b18c9443b3366efe801e239aefd37af39aa4088d6ad30f74,,,sound,har108-nop-002178,nop graded with reward 0,none_found,research/experiments/har108-python-census/task_health.parquet#format-code-task-002178
format-code-task-002185,train,pythonopenscad,553,usable,nop sound,original,sha256:b36899fd7720a281211bd9a2b53554b16524283977606a9f0d0275ca8ccbe87f,,,sound,har113-nop-002185,nop graded with reward 0; setup error excused as the agent's missing work,pypi_package,research/experiments/har108-python-census/task_health.parquet#format-code-task-002185
format-code-task-002188,train,format-code-task-002188,2964,usable,nop sound,original,sha256:05c56be385267a615660d78da703d310b656ad11da218e825eb5c204eeef645a,,,sound,har113-nop-002188,nop graded with reward 0,none_found,research/experiments/har108-python-census/task_health.parquet#format-code-task-002188
format-code-task-002189,train,flask_security,2970,usable,nop sound,original,sha256:3cca0245352e3292a4399ac2fe953f5cc59fc33973ac221b52effed68a4745fc,,,sound,har108-nop-002189,nop graded with reward 0; setup error excused as the agent's missing work,pypi_package,research/experiments/har108-python-census/task_health.parquet#format-code-task-002189
format-code-task-002190,train,format-code-task-002190,2939,usable,nop sound,original,sha256:fb382b85270f62f9b4dc0089342eab0322af759f77e24366a0d6ec1288e84ddd,,,sound,har113-nop-002190,nop graded with reward 0,none_found,research/experiments/har108-python-census/task_health.parquet#format-code-task-002190
format-code-task-002191,train,format-code-task-002191,2972,usable,"census broken_environment; repaired by env-pin-dependency@1, nop sound",repair,sha256:016fcb1b54e20bafe95a02a1a3842cc1b5d617a9406e9191a3efb59a77c66d41,env-pin-dependency@1,validated,broken_environment,har113-nop-002191,ImportError: cannot import name 'tsafe' from 'OpenSSL' (/testbed/.venv/lib/python3.11/site-packages/OpenSSL/__init__.py),none_found,research/experiments/har108-python-census/task_health.parquet#format-code-task-002191 library/task-variants/mimo-v2.6-rl__format-code-task-002191/016fcb1b54e2.json
format-code-task-002195,train,pandas,911,usable,"census broken_environment; repaired by env-keep-build-outputs@1, nop sound",repair,sha256:ec31b62354305fe0497d1bd6b141c179d95105470d786c0c06197a2ad4084891,env-keep-build-outputs@1,validated,broken_environment,har108-nop-002195,"Failure: ImportError (C extension: 'hashtable' not built. If you want to import pandas from the source directory, you may need to run 'python setup.py build_ext --inplace --force' to build the C exte…",pypi_fix_released,research/experiments/har108-python-census/task_health.parquet#format-code-task-002195 library/task-variants/mimo-v2.6-rl__format-code-task-002195/ec31b6235430.json
format-code-task-002196,train,pandas,958,usable,"census broken_environment; repaired by env-keep-build-outputs@1, nop sound",repair,sha256:940f6cdda133ccde4529882e901252f9713731bda805bc304a10c6c391b76375,env-keep-build-outputs@1,validated,broken_environment,har113-nop-002196,ModuleNotFoundError: No module named 'pandas._libs.tslib',pypi_fix_released,research/experiments/har108-python-census/task_health.parquet#format-code-task-002196 library/task-variants/mimo-v2.6-rl__format-code-task-002196/940f6cdda133.json
format-code-task-002197,train,pandas,948,usable,"census broken_environment; repaired by env-keep-build-outputs@1, nop sound",repair,sha256:5f52378d3ad0b560421d42c21b1d3855d36e7a6d78cdf0ad959887003c300070,env-keep-build-outputs@1,validated,broken_environment,har113-nop-002197,ModuleNotFoundError: No module named 'pandas._libs.tslib',pypi_fix_released,research/experiments/har108-python-census/task_health.parquet#format-code-task-002197 library/task-variants/mimo-v2.6-rl__format-code-task-002197/5f52378d3ad0.json
format-code-task-002198,train,pandas,951,usable,"census broken_environment; repaired by env-keep-build-outputs@1, nop sound",repair,sha256:d2b32392c83000eecc02975ec5e6a3719039a22680abb65aefb9632b2282117b,env-keep-build-outputs@1,validated,broken_environment,har108-nop-002198,ModuleNotFoundError: No module named 'pandas._libs.tslib',pypi_fix_released,research/experiments/har108-python-census/task_health.parquet#format-code-task-002198 library/task-variants/mimo-v2.6-rl__format-code-task-002198/d2b32392c830.json
format-code-task-002199,train,pandas,947,usable,"census broken_environment; repaired by env-keep-build-outputs@1, nop sound",repair,sha256:a7a0de5e67460b3964e14c9f7bf9b71bc9acb8b6f23f503c905b601ac75d5ce4,env-keep-build-outputs@1,validated,broken_environment,har113-nop-002199,ModuleNotFoundError: No module named 'pandas._libs.tslib',pypi_fix_released,research/experiments/har108-python-census/task_health.parquet#format-code-task-002199 library/task-variants/mimo-v2.6-rl__format-code-task-002199/a7a0de5e6746.json
format-code-task-002201,train,pandas,954,usable,"census broken_environment; repaired by env-keep-build-outputs@1, nop sound",repair,sha256:f516830bb470e3616295695e0cefbbc55778987100146a6080da07ec15e008ef,env-keep-build-outputs@1,validated,broken_environment,mimo-qual-c-format-code-task-002201,ModuleNotFoundError: No module named 'pandas._libs.tslib',pypi_fix_released,research/experiments/har108-python-census/task_health.parquet#format-code-task-002201 library/task-variants/mimo-v2.6-rl__format-code-task-002201/f516830bb470.json
format-code-task-002202,train,pandas,973,usable,"census broken_environment; repaired by env-keep-build-outputs@1, nop sound",repair,sha256:c8cff14e78a4278c0dae0f4385813d8b1d8f5ec5c5081837a92d289af2b498ff,env-keep-build-outputs@1,validated,broken_environment,har113-nop-002202,ModuleNotFoundError: No module named 'pandas._libs.tslib',pypi_fix_released,research/experiments/har108-python-census/task_health.parquet#format-code-task-002202 library/task-variants/mimo-v2.6-rl__format-code-task-002202/c8cff14e78a4.json
format-code-task-002204,train,pandas,993,usable,"census broken_environment; repaired by env-keep-build-outputs@1, nop sound",repair,sha256:4556e13cde6ddcd7c83e776d65849a088003e724e1f2960e66a2f2e11cdf1f17,env-keep-build-outputs@1,validated,broken_environment,har108-nop-002204,ModuleNotFoundError: No module named 'pandas._libs.tslibs.conversion',pypi_fix_released,research/experiments/har108-python-census/task_health.parquet#format-code-task-002204 library/task-variants/mimo-v2.6-rl__format-code-task-002204/4556e13cde6d.json
format-code-task-002205,train,pandas,998,usable,"census broken_environment; repaired by env-keep-build-outputs@1, nop sound",repair,sha256:e61a7fd5c4e6d51ed8a45fa106633f9469e8260efda1a4cf0c00b01518b263c7,env-keep-build-outputs@1,validated,broken_environment,har108-nop-002205,ModuleNotFoundError: No module named 'pandas._libs.tslibs.conversion',pypi_fix_released,research/experiments/har108-python-census/task_health.parquet#format-code-task-002205 library/task-variants/mimo-v2.6-rl__format-code-task-002205/e61a7fd5c4e6.json
format-code-task-002206,train,pandas,1010,usable,"census broken_environment; repaired by env-keep-build-outputs@1, nop sound",repair,sha256:dec48c46c29c34502fd69072fea926bca22ef2f57d99f9a6645b02d2be6fb8a9,env-keep-build-outputs@1,validated,broken_environment,har113-nop-002206,ModuleNotFoundError: No module named 'pandas._libs.tslibs.conversion',pypi_fix_released,research/experiments/har108-python-census/task_health.parquet#format-code-task-002206 library/task-variants/mimo-v2.6-rl__format-code-task-002206/dec48c46c29c.json
format-code-task-002207,train,pandas,3554,usable,nop sound,original,sha256:bb3f7906da1a5960242502024bd557b3016bc783642fd27ed702c55e62edc4c2,,,sound,har108-nop-002207,nop graded with reward 0; setup error excused as the agent's missing work,pypi_package,research/experiments/har108-python-census/task_health.parquet#format-code-task-002207
format-code-task-002208,train,github.com/pandas-dev/pandas,1063,usable,"census broken_environment; repaired by env-keep-build-outputs@1, nop sound",repair,sha256:b3b73a84cf091c682196a69b7fac4f8d4fab1eadcbf43eeba3946b7452e54d6a,env-keep-build-outputs@1,validated,broken_environment,har113-nop-002208,ImportError while loading conftest '/testbed/pandas/conftest.py'.,pypi_fix_released,research/experiments/har108-python-census/task_health.parquet#format-code-task-002208 library/task-variants/mimo-v2.6-rl__format-code-task-002208/b3b73a84cf09.json
format-code-task-002209,heldout,fastparquet,1144,usable,"census broken_environment; repaired by env-keep-build-outputs@1, nop sound",repair,sha256:33aebc8c10590292b39f79f2cf595c4937f94518dd5c7981f88332569f148ea8,env-keep-build-outputs@1,validated,broken_environment,har108-nop-002209,ImportError while loading conftest '/testbed/pandas/conftest.py'.,pypi_fix_released,research/experiments/har108-python-census/task_health.parquet#format-code-task-002209 library/task-variants/mimo-v2.6-rl__format-code-task-002209/33aebc8c1059.json
format-code-task-002210,train,github.com/pandas-dev/pandas,1064,usable,"census broken_environment; repaired by env-keep-build-outputs@1, nop sound",repair,sha256:362f105e4b2e15e4ad73d39461c04dedf26edcaa2146d27d7ea5cbec02742c3b,env-keep-build-outputs@1,validated,broken_environment,har108-nop-002210,ImportError while loading conftest '/testbed/pandas/conftest.py'.,pypi_fix_released,research/experiments/har108-python-census/task_health.parquet#format-code-task-002210 library/task-variants/mimo-v2.6-rl__format-code-task-002210/362f105e4b2e.json
format-code-task-002211,train,pandas,1086,usable,"census broken_environment; repaired by env-keep-build-outputs@1, nop sound",repair,sha256:977f6394b2767b6f97e960083948ffd479ee56b17856b041634649056fb9b788,env-keep-build-outputs@1,validated,broken_environment,har113-nop-002211,ImportError while loading conftest '/testbed/pandas/conftest.py'.,pypi_fix_released,research/experiments/har108-python-census/task_health.parquet#format-code-task-002211 library/task-variants/mimo-v2.6-rl__format-code-task-002211/977f6394b276.json
format-code-task-002212,train,pandas,1066,usable,"census broken_environment; repaired by env-keep-build-outputs@1, nop sound",repair,sha256:73a5e4e8332540d4f860d44f22c4709f957b7c514f6d154da37dfc9fec69afa7,env-keep-build-outputs@1,validated,broken_environment,har113-nop-002212,ImportError while loading conftest '/testbed/pandas/conftest.py'.,pypi_fix_released,research/experiments/har108-python-census/task_health.parquet#format-code-task-002212 library/task-variants/mimo-v2.6-rl__format-code-task-002212/73a5e4e83325.json
format-code-task-002213,train,pandas,3388,usable,nop sound,original,sha256:3ecc72b856800b7fb0bfcc38050f82de82c8a70eb92b03128430fd2290c72345,,,sound,har115-nop-002213,nop graded with reward 0,pypi_package,research/experiments/har108-python-census/task_health.parquet#format-code-task-002213
format-code-task-002214,train,pandas,1073,usable,"census broken_environment; repaired by env-keep-build-outputs@1, nop sound",repair,sha256:6440947cd8490b72eb9de05456f0dc57e501992b23848069b0ef1d170f863ab3,env-keep-build-outputs@1,validated,broken_environment,har113-nop-002214,ImportError while loading conftest '/testbed/pandas/conftest.py'.,pypi_fix_released,research/experiments/har108-python-census/task_health.parquet#format-code-task-002214 library/task-variants/mimo-v2.6-rl__format-code-task-002214/6440947cd849.json
format-code-task-002215,train,github.com/pandas-dev/pandas,1078,usable,"census broken_environment; repaired by env-keep-build-outputs@1, nop sound",repair,sha256:ec291f0ca0d98d787faffd0be3ddfb2b31456f5b13179f344bc3e45d166be4bf,env-keep-build-outputs@1,validated,broken_environment,har113-nop-002215,ImportError while loading conftest '/testbed/pandas/conftest.py'.,pypi_fix_released,research/experiments/har108-python-census/task_health.parquet#format-code-task-002215 library/task-variants/mimo-v2.6-rl__format-code-task-002215/ec291f0ca0d9.json
format-code-task-002216,heldout,pandas,1111,usable,"census broken_environment; repaired by env-keep-build-outputs@1, nop sound",repair,sha256:a84d99c3541b2ccb822c20b677b8c7c8b4280b01e5cf17915d1676f57f667127,env-keep-build-outputs@1,validated,broken_environment,har113-nop-002216,ImportError while loading conftest '/testbed/pandas/conftest.py'.,pypi_fix_released,research/experiments/har108-python-census/task_health.parquet#format-code-task-002216 library/task-variants/mimo-v2.6-rl__format-code-task-002216/a84d99c3541b.json
format-code-task-002218,train,pandas,1128,usable,"census broken_environment; repaired by env-keep-build-outputs@1, nop sound",repair,sha256:8efe1f83348c36ec48a764248fbdecf7ccd55f3e1815cac48c134d66806cd3ad,env-keep-build-outputs@1,validated,broken_environment,har105-qual-py-002218,ImportError while loading conftest '/testbed/pandas/conftest.py'.,pypi_fix_released,research/experiments/har108-python-census/task_health.parquet#format-code-task-002218 library/task-variants/mimo-v2.6-rl__format-code-task-002218/8efe1f83348c.json
format-code-task-002219,train,pandas,1141,usable,"census broken_environment; repaired by env-keep-build-outputs@1, nop sound",repair,sha256:20a023bee77316772c2a1cf1e2b4b6de0c9865e21812d2918df60577506e4438,env-keep-build-outputs@1,validated,broken_environment,har108-nop-002219,ImportError while loading conftest '/testbed/pandas/conftest.py'.,pypi_fix_released,research/experiments/har108-python-census/task_health.parquet#format-code-task-002219 library/task-variants/mimo-v2.6-rl__format-code-task-002219/20a023bee773.json
format-code-task-002220,train,pandas,1123,usable,"census broken_environment; repaired by env-keep-build-outputs@1, nop sound",repair,sha256:227a9dd7bec693342767b862cabbeafe30b4f8d62e4963be6a3d68a8b1e7d70d,env-keep-build-outputs@1,validated,broken_environment,har113-nop-002220,ImportError while loading conftest '/testbed/pandas/conftest.py'.,pypi_fix_released,research/experiments/har108-python-census/task_health.parquet#format-code-task-002220 library/task-variants/mimo-v2.6-rl__format-code-task-002220/227a9dd7bec6.json
format-code-task-002221,train,pandas,1145,usable,"census broken_environment; repaired by env-keep-build-outputs@1, nop sound",repair,sha256:661e1d7ac8fac75f99da48c958df49a9d82b8421ba70c52096a8b7d023aa64b6,env-keep-build-outputs@1,validated,broken_environment,har113-nop-002221,ImportError while loading conftest '/testbed/pandas/conftest.py'.,pypi_fix_released,research/experiments/har108-python-census/task_health.parquet#format-code-task-002221 library/task-variants/mimo-v2.6-rl__format-code-task-002221/661e1d7ac8fa.json
format-code-task-002222,train,pandas,1147,usable,"census broken_environment; repaired by env-keep-build-outputs@1, nop sound",repair,sha256:ee7fbb400ead484cdf259da63df853e70e0fa1f6f724161e35cbbfd1ec0b87ca,env-keep-build-outputs@1,validated,broken_environment,har108-nop-002222,ImportError while loading conftest '/testbed/pandas/conftest.py'.,pypi_fix_released,research/experiments/har108-python-census/task_health.parquet#format-code-task-002222 library/task-variants/mimo-v2.6-rl__format-code-task-002222/ee7fbb400ead.json
format-code-task-002223,train,github.com/pandas-dev/pandas,1178,usable,"census broken_environment; repaired by env-keep-build-outputs@1, nop sound",repair,sha256:60857d336231638e6cbc4d5849f0a7068d50d5d27dcf8f1864af9f9e8d5e80a1,env-keep-build-outputs@1,validated,broken_environment,har108-nop-002223,ImportError while loading conftest '/testbed/pandas/conftest.py'.,pypi_fix_released,research/experiments/har108-python-census/task_health.parquet#format-code-task-002223 library/task-variants/mimo-v2.6-rl__format-code-task-002223/60857d336231.json
format-code-task-002224,train,pandas,1166,usable,"census broken_environment; repaired by env-keep-build-outputs@1, nop sound",repair,sha256:5e42d8119c8d9a1ff814bd6b4169793efbfdcb523a42d1f53a12718de7d9ec4b,env-keep-build-outputs@1,validated,broken_environment,har113-nop-002224,ImportError while loading conftest '/testbed/pandas/conftest.py'.,pypi_fix_released,research/experiments/har108-python-census/task_health.parquet#format-code-task-002224 library/task-variants/mimo-v2.6-rl__format-code-task-002224/5e42d8119c8d.json
format-code-task-002226,train,pandas,1177,usable,"census broken_environment; repaired by env-keep-build-outputs@1, nop sound",repair,sha256:a5981d6b8553b20abcae74ef6d0318d1c8f24fd87fae507f4e4b9aeb6c3935a4,env-keep-build-outputs@1,validated,broken_environment,har108-nop-002226,ImportError while loading conftest '/testbed/pandas/conftest.py'.,pypi_fix_released,research/experiments/har108-python-census/task_health.parquet#format-code-task-002226 library/task-variants/mimo-v2.6-rl__format-code-task-002226/a5981d6b8553.json
format-code-task-002228,train,github.com/pandas-dev/pandas,1211,usable,"census broken_environment; repaired by env-keep-build-outputs@1, nop sound",repair,sha256:1a1ce521fa3b63211e772242b9939b961f8417f09559da8883ba9ea2066fdcc5,env-keep-build-outputs@1,validated,broken_environment,har108-nop-002228,ImportError while loading conftest '/testbed/pandas/conftest.py'.,pypi_fix_released,research/experiments/har108-python-census/task_health.parquet#format-code-task-002228 library/task-variants/mimo-v2.6-rl__format-code-task-002228/1a1ce521fa3b.json
format-code-task-002229,train,pandas,1169,usable,"census broken_environment; repaired by env-keep-build-outputs@1, nop sound",repair,sha256:2b4a9ee29a46408c6830847bafb2c59b8e66d3f2aff807326590c28018eecd05,env-keep-build-outputs@1,validated,broken_environment,har113-nop-002229,ImportError while loading conftest '/testbed/pandas/conftest.py'.,pypi_package,research/experiments/har108-python-census/task_health.parquet#format-code-task-002229 library/task-variants/mimo-v2.6-rl__format-code-task-002229/2b4a9ee29a46.json
format-code-task-002230,train,pandas,1245,usable,"census broken_environment; repaired by env-keep-build-outputs@1, nop sound",repair,sha256:2a625da07b0b05f20744c26a62de56550830770485da53d6e0398be46596d680,env-keep-build-outputs@1,validated,broken_environment,har113-nop-002230,ImportError while loading conftest '/testbed/pandas/conftest.py'.,pypi_fix_released,research/experiments/har108-python-census/task_health.parquet#format-code-task-002230 library/task-variants/mimo-v2.6-rl__format-code-task-002230/2a625da07b0b.json
format-code-task-002231,train,pandas,1236,usable,"census broken_environment; repaired by env-keep-build-outputs@1, nop sound",repair,sha256:72355a73c51048def8bdb012a310f59ae13d5cf0a58479888062efeb78ab20d4,env-keep-build-outputs@1,validated,broken_environment,har113-nop-002231,ImportError while loading conftest '/testbed/pandas/conftest.py'.,pypi_fix_released,research/experiments/har108-python-census/task_health.parquet#format-code-task-002231 library/task-variants/mimo-v2.6-rl__format-code-task-002231/72355a73c510.json
format-code-task-002233,train,pyarrow,1194,usable,"census broken_environment; repaired by env-keep-build-outputs@1, nop sound",repair,sha256:f5d31583f98aef1e52c343dc911b2ab12c2168203d94c46161ab45a68ccf1c50,env-keep-build-outputs@1,validated,broken_environment,har108-nop-002233,ImportError while loading conftest '/testbed/pandas/conftest.py'.,pypi_fix_released,research/experiments/har108-python-census/task_health.parquet#format-code-task-002233 library/task-variants/mimo-v2.6-rl__format-code-task-002233/f5d31583f98a.json
format-code-task-002248,train,fastTSNE,3172,usable,"census broken_environment; repaired by env-keep-build-outputs@1, nop sound",repair,sha256:cd99435b755a428cfdd725bdd4c09623b0803794937bb6981f99ec80a1f414f6,env-keep-build-outputs@1,validated,broken_environment,har108-nop-002248,_____________________ ERROR collecting tests/test_tsne.py ______________________,none_found,research/experiments/har108-python-census/task_health.parquet#format-code-task-002248 library/task-variants/mimo-v2.6-rl__format-code-task-002248/cd99435b755a.json
format-code-task-002250,train,format-code-task-002250,2931,usable,nop sound,original,sha256:6bd65c36da14810313f08867113f53f355fdb835e63dd905640419aece711530,,,sound,har108-nop-002250,nop graded with reward 0,none_found,research/experiments/har108-python-census/task_health.parquet#format-code-task-002250
format-code-task-002256,train,persistqueue,446,usable,"nop sound, leak closed",leak-closed,sha256:8f0e6de1d93bab6855dfa793ea3844e4b8da03afbed5991d6b7651a6aac925f0,leak-close-pypi@1,validated,sound,har105-qual-py-002256,nop graded with reward 0,pypi_fix_released,research/experiments/har108-python-census/task_health.parquet#format-code-task-002256 library/task-variants/mimo-v2.6-rl__format-code-task-002256/8f0e6de1d93b.json
format-code-task-002259,train,pyphare,1047,usable,nop sound,original,sha256:a90ba7fca34b2019dff5a6f9226c28130d5919e4820c0faf2e3661df9d779033,,,sound,har105-qual-py-002259,nop graded with reward 0,none_found,research/experiments/har108-python-census/task_health.parquet#format-code-task-002259
format-code-task-002262,heldout,vdirsyncer,755,usable,nop sound,original,sha256:5748f8b2bb4561959d91d78060a8f06d100d49d30e5e0e84ea2c7d1d08eb111f,,,sound,har108-nop-002262,nop graded with reward 0; setup error excused as the agent's missing work,pypi_package,research/experiments/har108-python-census/task_health.parquet#format-code-task-002262
format-code-task-002281,train,github.com/RaRe-Technologies/gensim,745,usable,"census broken_environment; repaired by env-keep-build-outputs@1, nop sound",repair,sha256:14cb2299e4c9881aa7ba742aa529a90bfd483da436f73ac896b28f95f704d23a,env-keep-build-outputs@1,validated,broken_environment,har113-nop-002281,"E RuntimeError: Cython extensions are unavailable. Without them, this gensim functionality is disabled. If you've installed from a package, ask the package maintainer to include Cython extensions. If…",pypi_fix_released,research/experiments/har108-python-census/task_health.parquet#format-code-task-002281 library/task-variants/mimo-v2.6-rl__format-code-task-002281/14cb2299e4c9.json
format-code-task-002282,train,smart_open,3041,usable,nop sound,original,sha256:589aa77c3a9346b33e282fe3939c8b1ba9d210a45325f1e5a0c4aa6d1425214d,,,sound,har108-nop-002282,nop graded with reward 0,pypi_package,research/experiments/har108-python-census/task_health.parquet#format-code-task-002282
format-code-task-002283,heldout,github.com/RaRe-Technologies/smart_open,470,usable,nop sound,original,sha256:ffe6bc5ba11ac042307eca6bc2339fe7e51f34a95945a255b72187dd12f501b2,,,sound,har113-nop-002283,nop graded with reward 0,git_only,research/experiments/har108-python-census/task_health.parquet#format-code-task-002283
format-code-task-002289,train,guillotina,3034,usable,"census sound; grading needs the network under the egress lock, repaired by env-prefetch-network@1, nop sound",repair,sha256:290302d5d5f7900690a3c1a2be6d8c60603ab7e2c7f2868f8068fcab786b8ab2,env-prefetch-network@1,validated,sound,mimo-qual-c-format-code-task-002289,nop graded with reward 0,pypi_package,research/experiments/har108-python-census/task_health.parquet#format-code-task-002289 library/task-variants/mimo-v2.6-rl__format-code-task-002289/290302d5d5f7.json
format-code-task-002290,train,format-code-task-002290,3123,usable,nop sound,original,sha256:5d2554ae576de932cc9a15e4316615524c7d46cff2a8fa6ff517b4ff2c86d883,,,sound,har113-nop-002290,nop graded with reward 0,none_found,research/experiments/har108-python-census/task_health.parquet#format-code-task-002290
format-code-task-002292,train,plotly,880,usable,"nop sound, leak closed",leak-closed,sha256:8e0edb676157f3b1814685945f8c434b9a18946e4e05020ce6209ccd95d6b9ad,leak-close-pypi@1,candidate,sound,har108-nop-002292,nop graded with reward 0,pypi_fix_released,research/experiments/har108-python-census/task_health.parquet#format-code-task-002292 library/task-variants/mimo-v2.6-rl__format-code-task-002292/8e0edb676157.json
format-code-task-002294,train,polar,3681,usable,nop sound,original,sha256:d0f039f0d1873ed300969777adda99105810d40dc37ccad157f443ce294e04f8,,,sound,har108-nop-002294,nop graded with reward 0,none_found,research/experiments/har108-python-census/task_health.parquet#format-code-task-002294
format-code-task-002295,train,policyengine_us,661,usable,nop sound,original,sha256:e402aac3cc4157c9b894cedfd496547265fc4cf0be37e45e4019709cb55174c3,,,sound,har108-nop-002295,nop graded with reward 0,none_found,research/experiments/har108-python-census/task_health.parquet#format-code-task-002295
format-code-task-002302,heldout,powerline,394,usable,nop sound,original,sha256:5c7cb446bfa714ef0b739244885ac7a9aa0f6c768772dae9a03a31466fb797da,,,sound,har108-nop-002302,nop graded with reward 0,git_only,research/experiments/har108-python-census/task_health.parquet#format-code-task-002302
format-code-task-002304,train,vumi,3003,usable,nop sound,original,sha256:4b09bd0d430be558f3a5c04ad2db7e36ce83779a83bd97126f5192575af84d09,,,sound,har108-nop-002304,nop graded with reward 0,pypi_package,research/experiments/har108-python-census/task_health.parquet#format-code-task-002304
format-code-task-002306,heldout,format-code-task-002306,2932,usable,nop sound,original,sha256:22b47127c870931656e17912da51043ae0b3a6f6d351ee5b87484fbbd2b4cd03,,,sound,har108-nop-002306,nop graded with reward 0,none_found,research/experiments/har108-python-census/task_health.parquet#format-code-task-002306
format-code-task-002307,train,github.com/pre-commit/pre-commit,404,usable,"census broken_environment; repaired by env-keep-build-outputs@1, nop sound",repair,sha256:2232110e2cd88ef7cb3ed3a4e3aef82d41684a080a65cc671f21f23bf60f1060,env-keep-build-outputs@1,validated,broken_environment,har113-nop-002307,ImportError while loading conftest '/testbed/tests/conftest.py'.,pypi_fix_released,research/experiments/har108-python-census/task_health.parquet#format-code-task-002307 library/task-variants/mimo-v2.6-rl__format-code-task-002307/2232110e2cd8.json
format-code-task-002308,train,format-code-task-002308,456,usable,"nop sound, leak closed",leak-closed,sha256:2d2501dcc8c2e9eceb8ff4ddb41987779891d4f5655ec5b48650148def7b2414,leak-close-pypi@1,validated,sound,har108-nop-002308,nop graded with reward 0,pypi_fix_released,research/experiments/har108-python-census/task_health.parquet#format-code-task-002308 library/task-variants/mimo-v2.6-rl__format-code-task-002308/2d2501dcc8c2.json
format-code-task-002313,train,format-code-task-002313,4176,usable,nop sound,original,sha256:a663fab5a4e7e7be873af7680d6716ff0a3f90762e51d927ea81664b067af318,,,sound,har108-nop-002313,nop graded with reward 0,none_found,research/experiments/har108-python-census/task_health.parquet#format-code-task-002313
format-code-task-002335,heldout,torch,799,usable,nop sound,original,sha256:71a9a2dd878757dadfd5405b9378f64a3b250eaed3f0956a9b0a667c93d2b8e3,,,sound,har108-nop-002335,nop graded with reward 0; setup error excused as the agent's missing work,pypi_package,research/experiments/har108-python-census/task_health.parquet#format-code-task-002335
format-code-task-002336,train,skore,669,usable,"nop sound, leak closed",leak-closed,sha256:85eada696fbaeaf9fd1793018698418234cafcf66fc1dd0ffae3a97dcb9805cb,leak-close-pypi@1,candidate,sound,har108-nop-002336,nop graded with reward 0,pypi_fix_released,research/experiments/har108-python-census/task_health.parquet#format-code-task-002336 library/task-variants/mimo-v2.6-rl__format-code-task-002336/85eada696fba.json
format-code-task-002338,train,koku,3230,usable,nop sound,original,sha256:b0cc80409a762fdc267da1461f1e4d04cd23434f7b04cd078731ac0e61f55f8b,,,sound,har108-nop-002338,nop graded with reward 0,none_found,research/experiments/har108-python-census/task_health.parquet#format-code-task-002338
format-code-task-002341,train,format-code-task-002341,3101,usable,nop sound,original,sha256:062dc74f463bd93892dd968c4111416501493f33f78a4a22352a391e52daf224,,,sound,har113-nop-002341,nop graded with reward 0,none_found,research/experiments/har108-python-census/task_health.parquet#format-code-task-002341
format-code-task-002350,heldout,format-code-task-002350,3365,usable,nop sound,original,sha256:c4d71f73b2fcc70b7c2a1672dd90bdab1b04c161e63af55ee851301210d52d56,,,sound,har115-nop-002350,nop graded with reward 0,none_found,research/experiments/har108-python-census/task_health.parquet#format-code-task-002350
format-code-task-002351,train,github.com/prowler-cloud/prowler,3544,usable,nop sound,original,sha256:bd1486a8752335f489ae241799c820564f7192103b02dbffb127fd21d5c551f4,,,sound,har115-nop-002351,nop graded with reward 0,pypi_package,research/experiments/har108-python-census/task_health.parquet#format-code-task-002351
format-code-task-002352,train,format-code-task-002352,3407,usable,nop sound,original,sha256:a90f0c5f5e4a3caa9314aa1753193bc80005b52cd148cc1d2e7e09bbbeaea530,,,sound,har115-nop-002352,nop graded with reward 0,none_found,research/experiments/har108-python-census/task_health.parquet#format-code-task-002352
format-code-task-002353,train,format-code-task-002353,444,usable,"census broken_environment; repaired by env-keep-build-outputs@1, nop sound",repair,sha256:bb683e0a553f5f01dd3347479cf7fc3ff57e3929cb6ed126404683f6b88fb12a,env-keep-build-outputs@1,validated,broken_environment,har113-nop-002353,_____________________ ERROR collecting tests/test_black.py _____________________,pypi_fix_released,research/experiments/har108-python-census/task_health.parquet#format-code-task-002353 library/task-variants/mimo-v2.6-rl__format-code-task-002353/bb683e0a553f.json
format-code-task-002354,train,github.com/psf/black,417,usable,"census broken_environment; repaired by env-keep-build-outputs@1, nop sound",repair,sha256:66c415a09f9621601de37501f5c993bdb7826127abe19ed6411a22fb169de166,env-keep-build-outputs@1,validated,broken_environment,har108-nop-002354,________ ERROR collecting tests/test_docstring_backslash_whitespace.py _________,pypi_fix_released,research/experiments/har108-python-census/task_health.parquet#format-code-task-002354 library/task-variants/mimo-v2.6-rl__format-code-task-002354/66c415a09f96.json
format-code-task-002355,train,black,3007,usable,nop sound,original,sha256:79367322e5ce0c8444fde1f3c11c5675a7a280ec37c9b1c602b6950470786b28,,,sound,har108-nop-002355,nop graded with reward 0,pypi_package,research/experiments/har108-python-census/task_health.parquet#format-code-task-002355
format-code-task-002356,train,black,410,usable,nop sound,original,sha256:3b8144ab8bd45aa4e8b482ae6a42b6b684873c9ee3d139c18d66cd6a264cdcbb,,,sound,har113-nop-002356,nop graded with reward 0,pypi_package,research/experiments/har108-python-census/task_health.parquet#format-code-task-002356
format-code-task-002359,train,psychopy,3529,usable,nop sound,original,sha256:4d8dde8f3eb4c330c41d61a05be70736b80e5cc642be4f8de6a9378fab2afb89,,,sound,har108-nop-002359,nop graded with reward 0,pypi_package,research/experiments/har108-python-census/task_health.parquet#format-code-task-002359
format-code-task-002361,train,pulumi,3580,usable,nop sound,original,sha256:c7e8e550ceccc26da0f0decb0e8e99534f23244e56a8d308fa881375fd4b3f74,,,sound,har115-nop-002361,nop graded with reward 0,pypi_package,research/experiments/har108-python-census/task_health.parquet#format-code-task-002361
format-code-task-002366,train,pvlib,742,usable,"nop sound, leak closed",leak-closed,sha256:d8694be72895dcd2ea3e00b1911d62bcbf31b16bca739ddef35d370efd46f3d0,leak-close-pypi@1,candidate,sound,har113-nop-002366,nop graded with reward 0,pypi_fix_released,research/experiments/har108-python-census/task_health.parquet#format-code-task-002366 library/task-variants/mimo-v2.6-rl__format-code-task-002366/d8694be72895.json
format-code-task-002367,train,pypdf,3007,usable,nop sound,original,sha256:040af9e6cd89546ab94721391f30937c8b83e04cc49f32db5e82f07c289a904c,,,sound,har113-nop-002367,nop graded with reward 0,none_found,research/experiments/har108-python-census/task_health.parquet#format-code-task-002367
format-code-task-002368,train,github.com/pybamm-team/PyBaMM,3516,usable,nop sound,original,sha256:7cd2b8d1d214530b796c309f468f1c10c30771c57523e5a4e2f8123a9baeaf71,,,sound,har115-nop-002368,nop graded with reward 0,pypi_package,research/experiments/har108-python-census/task_health.parquet#format-code-task-002368
format-code-task-002370,train,format-code-task-002370,3457,usable,nop sound,original,sha256:6486c5c889eef113501c52b9c77512057762b8b3c1f0a00c3968c243faa2d753,,,sound,har115-nop-002370,nop graded with reward 0,none_found,research/experiments/har108-python-census/task_health.parquet#format-code-task-002370
format-code-task-002371,train,github.com/samuelcolvin/pydantic,773,usable,nop sound,original,sha256:d95d99dda5d528ae8c91797543b78e1cf5315f552c148709ee88034dd7531bb4,,,sound,har113-nop-002371,nop graded with reward 0,git_only,research/experiments/har108-python-census/task_health.parquet#format-code-task-002371
format-code-task-002372,train,format-code-task-002372,3335,usable,nop sound,original,sha256:eec38c3f2f9bc799a26c5ef560efa21ee672b643080f735e184a187d304325b5,,,sound,har108-nop-002372,nop graded with reward 0,none_found,research/experiments/har108-python-census/task_health.parquet#format-code-task-002372
format-code-task-002373,train,github.com/pydantic/pydantic,759,discarded,"broken environment, no known repair: __________________ ERROR collecting tests/test_dataclasses.py __________________",original,sha256:272d20643b895cf6d0c45c96b2b2d05e415a9eed845124035c70393bc98b7a17,,,broken_environment,har108-nop-002373,__________________ ERROR collecting tests/test_dataclasses.py __________________,pypi_package,research/experiments/har108-python-census/task_health.parquet#format-code-task-002373
format-code-task-002374,train,format-code-task-002374,761,usable,"nop sound, leak closed",leak-closed,sha256:b97c48682d362664c3c601e7bbaaa1117f90a7032a098edaac4a7791ccb01171,leak-close-pypi@1,candidate,sound,har113-nop-002374,nop graded with reward 0,pypi_fix_released,research/experiments/har108-python-census/task_health.parquet#format-code-task-002374 library/task-variants/mimo-v2.6-rl__format-code-task-002374/b97c48682d36.json
format-code-task-002375,train,format-code-task-002375,766,usable,"nop sound, leak closed",leak-closed,sha256:5e483c82a60d40da477a40edfff5d464d16f4a4cbba39807d193a30e19e2deb2,leak-close-pypi@1,candidate,sound,har113-nop-002375,nop graded with reward 0,pypi_fix_released,research/experiments/har108-python-census/task_health.parquet#format-code-task-002375 library/task-variants/mimo-v2.6-rl__format-code-task-002375/5e483c82a60d.json
format-code-task-002376,train,format-code-task-002376,767,usable,"nop sound, leak closed",leak-closed,sha256:969a9921ffd7c907d6ee698c499df8530b4c427c43b3f35bbd8d9391b797e658,leak-close-pypi@1,candidate,sound,har113-nop-002376,nop graded with reward 0,pypi_fix_released,research/experiments/har108-python-census/task_health.parquet#format-code-task-002376 library/task-variants/mimo-v2.6-rl__format-code-task-002376/969a9921ffd7.json
format-code-task-002377,train,format-code-task-002377,425,usable,"nop sound, leak closed",leak-closed,sha256:62939cf0d3dac8cc08321b4e83403502c97146b25581bdc5d680bbc469354f12,leak-close-pypi@1,candidate,sound,har108-nop-002377,nop graded with reward 0,pypi_fix_released,research/experiments/har108-python-census/task_health.parquet#format-code-task-002377 library/task-variants/mimo-v2.6-rl__format-code-task-002377/62939cf0d3da.json
format-code-task-002378,train,github.com/user-attachments/assets,448,usable,"nop sound, leak closed",leak-closed,sha256:9b8b72f6313cfa0114c10d9a54dcb229145f7302a2656133e8d61a38989be63f,leak-close-pypi@1,candidate,sound,har113-nop-002378,nop graded with reward 0,pypi_fix_released,research/experiments/har108-python-census/task_health.parquet#format-code-task-002378 library/task-variants/mimo-v2.6-rl__format-code-task-002378/9b8b72f6313c.json
format-code-task-002379,train,pydicom,3173,usable,nop sound,original,sha256:d7bf5fd9424752593cfa23baa4c2b2f1ad25cc3a7190b4ba172d7c16daf42682,,,sound,har115-nop-002379,nop graded with reward 0,pypi_package,research/experiments/har108-python-census/task_health.parquet#format-code-task-002379
format-code-task-002380,train,format-code-task-002380,612,usable,"nop sound, leak closed",leak-closed,sha256:7cdb6ba3d387a4e6adba3077d78b90d976c68eaed26e66aa11a63a4ceb40ad1a,leak-close-pypi@1,candidate,sound,har113-nop-002380,nop graded with reward 0,pypi_fix_released,research/experiments/har108-python-census/task_health.parquet#format-code-task-002380 library/task-variants/mimo-v2.6-rl__format-code-task-002380/7cdb6ba3d387.json
format-code-task-002382,train,format-code-task-002382,2966,usable,nop sound,original,sha256:0def0c43181d794534e6b8c7e996f13542a8b1a5b8eb2ac2f50ea52d45ef37de,,,sound,har113-nop-002382,nop graded with reward 0,none_found,research/experiments/har108-python-census/task_health.parquet#format-code-task-002382
format-code-task-002383,train,pygments,485,usable,"nop sound, leak closed",leak-closed,sha256:6e81d8ed5a516d3bc0b8029942055d620947b4f1ae2c9f20dae28ad414e1e3f1,leak-close-pypi@1,candidate,sound,har113-nop-002383,nop graded with reward 0,pypi_fix_released,research/experiments/har108-python-census/task_health.parquet#format-code-task-002383 library/task-variants/mimo-v2.6-rl__format-code-task-002383/6e81d8ed5a51.json
format-code-task-002384,train,format-code-task-002384,537,usable,nop sound,original,sha256:161598047ca8d97b6b96d14c471f977ab228092424f4ddec76053b5c9d1f59d3,,,sound,har113-nop-002384,nop graded with reward 0,none_found,research/experiments/har108-python-census/task_health.parquet#format-code-task-002384
format-code-task-002385,train,format-code-task-002385,451,usable,"nop sound, leak closed",leak-closed,sha256:260044bd029cb7148585191b481b5c47a10bb4cca146aebafb085074d7877acd,leak-close-pypi@1,candidate,sound,har108-nop-002385,nop graded with reward 0,pypi_fix_released,research/experiments/har108-python-census/task_health.parquet#format-code-task-002385 library/task-variants/mimo-v2.6-rl__format-code-task-002385/260044bd029c.json
format-code-task-002386,train,pymc3,3609,usable,nop sound,original,sha256:ee51f43e5f93023f364e7742ffd38794876dce9c65da480abd7e5ee85e99cd40,,,sound,har108-nop-002386,nop graded with reward 0,pypi_package,research/experiments/har108-python-census/task_health.parquet#format-code-task-002386
format-code-task-002387,train,scipy,3756,usable,nop sound,original,sha256:721c83205f5c0d9420b4a2a1f2466bc8acb761556e9cfd574cfa8280ec6db36e,,,sound,har115-nop-002387,nop graded with reward 0,none_found,research/experiments/har108-python-census/task_health.parquet#format-code-task-002387
format-code-task-002388,train,bandersnatch,524,usable,"nop sound, leak closed",leak-closed,sha256:fd4ee569a141e96e170c40fe290fbeb1a40c1c363832d1e1ac0c87e9faf81f22,leak-close-pypi@1,validated,sound,har108-nop-002388,nop graded with reward 0,pypi_fix_released,research/experiments/har108-python-census/task_health.parquet#format-code-task-002388 library/task-variants/mimo-v2.6-rl__format-code-task-002388/fd4ee569a141.json
format-code-task-002389,train,github.com/pypa/pip,525,usable,"nop sound, leak closed",leak-closed,sha256:b762f91d7f779e13a2a1cf18612c1318c197e7338c9904c5e5bfaf8020dd7c02,leak-close-pypi@1,candidate,sound,har113-nop-002389,nop graded with reward 0,pypi_fix_released,research/experiments/har108-python-census/task_health.parquet#format-code-task-002389 library/task-variants/mimo-v2.6-rl__format-code-task-002389/b762f91d7f77.json
format-code-task-002390,train,packaging,732,usable,nop sound,original,sha256:dfcb383c79076cd3e3f693ad6cf0bd66d230361acadce41de2a8611eb5fa1ba7,,,sound,har113-nop-002390,nop graded with reward 0; setup error excused as the agent's missing work,pypi_package,research/experiments/har108-python-census/task_health.parquet#format-code-task-002390
format-code-task-002391,train,pip_audit,717,usable,nop sound,original,sha256:d0a399b8633cdf47a6c3d00198b50c889ed5c282c016bb4b29bbdaf2f9d75fa1,,,sound,har105-qual-py-002391,nop graded with reward 0,pypi_package,research/experiments/har108-python-census/task_health.parquet#format-code-task-002391
format-code-task-002393,train,wheel,435,usable,"nop sound, leak closed",leak-closed,sha256:f5b14f3b6b63994ebc9763a559d29e9819b0633118ca241fd35655b72e5aa749,leak-close-pypi@1,candidate,sound,har113-nop-002393,nop graded with reward 0,pypi_fix_released,research/experiments/har108-python-census/task_health.parquet#format-code-task-002393 library/task-variants/mimo-v2.6-rl__format-code-task-002393/f5b14f3b6b63.json
format-code-task-002394,train,format-code-task-002394,1331,usable,nop sound,original,sha256:1e31d3512ff2793c9d148d7b9d1537db619520fc59df964db401b3386c123cec,,,sound,har108-nop-002394,nop graded with reward 0,git_only,research/experiments/har108-python-census/task_health.parquet#format-code-task-002394
format-code-task-002395,train,format-code-task-002395,1286,usable,nop sound,original,sha256:b833dc5aa1945b0e1d96b5362aa600b938d80728c12ef5708c36eaa102575eab,,,sound,har113-nop-002395,nop graded with reward 0,git_only,research/experiments/har108-python-census/task_health.parquet#format-code-task-002395
format-code-task-002396,train,format-code-task-002396,4210,usable,nop sound,original,sha256:9c156e8a9c5c9a2ece6d4106386fee0140d72e4dba147d7455c665c0434946ef,,,sound,har115-nop-002396,nop graded with reward 0,none_found,research/experiments/har108-python-census/task_health.parquet#format-code-task-002396
format-code-task-002397,train,format-code-task-002397,3431,usable,nop sound,original,sha256:a9a490bc0138a9aac59ce12441a4dd5021202bb1cc6ac67f42990d4a91f1826b,,,sound,har115-nop-002397,nop graded with reward 0,none_found,research/experiments/har108-python-census/task_health.parquet#format-code-task-002397
format-code-task-002398,train,format-code-task-002398,3007,usable,nop sound,original,sha256:d2a0fdaf8ec33913f4189b1595e3603c93616f75ac894876dfc34538e9ec3660,,,sound,har113-nop-002398,nop graded with reward 0,none_found,research/experiments/har108-python-census/task_health.parquet#format-code-task-002398
format-code-task-002399,train,format-code-task-002399,3184,usable,nop sound,original,sha256:225d84a2afe8b27a45b05d83950885b6508587c2af94ee7fe27b821328a54839,,,sound,har115-nop-002399,nop graded with reward 0,none_found,research/experiments/har108-python-census/task_health.parquet#format-code-task-002399
format-code-task-002400,train,github.com/geopandas/geopandas,980,usable,"census broken_environment; repaired by env-keep-build-outputs@1, nop sound",repair,sha256:5aa6b7569d222ba3dd87a71db40bca8ebf0265e7739fd26b8210405d49189c16,env-keep-build-outputs@1,validated,broken_environment,har113-nop-002400,ImportError while loading conftest '/testbed/test/conftest.py'.,pypi_fix_released,research/experiments/har108-python-census/task_health.parquet#format-code-task-002400 library/task-variants/mimo-v2.6-rl__format-code-task-002400/5aa6b7569d22.json
format-code-task-002401,train,github.com/user-attachments/assets,996,usable,"census broken_environment; repaired by env-keep-build-outputs@1, nop sound",repair,sha256:3311b8e2c62e5330b7c81ef98fe44a4b57d1900c016bf751516a2122a24f7d76,env-keep-build-outputs@1,validated,broken_environment,har105-qual-py-002401,ImportError while loading conftest '/testbed/test/conftest.py'.,pypi_fix_released,research/experiments/har108-python-census/task_health.parquet#format-code-task-002401 library/task-variants/mimo-v2.6-rl__format-code-task-002401/3311b8e2c62e.json
format-code-task-002402,train,github.com/pyro-ppl/numpyro,850,review,"HAR-161 exploit probe cracked it (har161r-exploit-002402, reward 1): `git show` of unreachable upstream-fix commit 56f63eb6 in /testbed/.git (696 unreachable commits), 8 copied lines",leak-closed,sha256:c91c394831cfa24d2155eda1936256c06629285d472545985f54a061c6862522,leak-close-pypi@1,candidate,sound,har113-nop-002402,nop graded with reward 0,pypi_fix_released,research/experiments/har108-python-census/task_health.parquet#format-code-task-002402 library/task-variants/mimo-v2.6-rl__format-code-task-002402/c91c394831cf.json
format-code-task-002403,train,pyrogram,690,usable,nop sound,original,sha256:c3eb685759a0c812a401552ab40dea6a5ca0ca028d6e523fe811eb923386fb3d,,,sound,har108-nop-002403,nop graded with reward 0,pypi_package,research/experiments/har108-python-census/task_health.parquet#format-code-task-002403
format-code-task-002404,train,pyrogram,691,usable,nop sound,original,sha256:4f35f690b86e5dcc4236894948b01a961817dda1f69f2b36ddb16877a7b5a59f,,,sound,har108-nop-002404,nop graded with reward 0,pypi_package,research/experiments/har108-python-census/task_health.parquet#format-code-task-002404
format-code-task-002406,train,osmnx,3544,usable,nop sound,original,sha256:abf9068652001daa3d634bf55802e1016fb085c6b8abf8a53277e756e78d0df2,,,sound,har115-nop-002406,nop graded with reward 0,none_found,research/experiments/har108-python-census/task_health.parquet#format-code-task-002406
format-code-task-002407,train,control,560,usable,"nop sound, leak closed",leak-closed,sha256:b6c045c419875b90c745d058624fff62dfa90dd527a7cfc715844d4e23dc1dbf,leak-close-pypi@1,validated,sound,har105-qual-py-002407,nop graded with reward 0,pypi_fix_released,research/experiments/har108-python-census/task_health.parquet#format-code-task-002407 library/task-variants/mimo-v2.6-rl__format-code-task-002407/b6c045c41987.json
format-code-task-002408,train,format-code-task-002408,376,usable,"nop sound, leak closed",leak-closed,sha256:5f4107d2408863284f6d58f3d9b5be1e87ce16d818da8cc27141a87c6442a3ee,leak-close-pypi@1,candidate,sound,har113-nop-002408,nop graded with reward 0,pypi_fix_released,research/experiments/har108-python-census/task_health.parquet#format-code-task-002408 library/task-variants/mimo-v2.6-rl__format-code-task-002408/5f4107d24088.json
format-code-task-002409,train,format-code-task-002409,3009,usable,nop sound,original,sha256:7b2861bcb71cca004fad11c7b613d6c5b17444a96111ef7f32c6040958e55445,,,sound,har108-nop-002409,nop graded with reward 0,none_found,research/experiments/har108-python-census/task_health.parquet#format-code-task-002409
format-code-task-002410,heldout,github.com/python-lsp/python-lsp-server,533,usable,"census broken_environment; repaired by env-keep-build-outputs@1, nop sound",repair,sha256:52d60b01c0b0e87c76e57dac1f643b99ec8531240591bd8dda36a89b764c4baa,env-keep-build-outputs@1,validated,broken_environment,har113-nop-002410,ImportError while loading conftest '/testbed/test/conftest.py'.,pypi_fix_released,research/experiments/har108-python-census/task_health.parquet#format-code-task-002410 library/task-variants/mimo-v2.6-rl__format-code-task-002410/52d60b01c0b0.json
format-code-task-002411,train,openapi_core,459,usable,"nop sound, leak closed",leak-closed,sha256:3316bb571fe34022a771de009bb63d2b1241a696956fde62e0027dfcaf8feba8,leak-close-pypi@1,candidate,sound,har113-nop-002411,nop graded with reward 0,pypi_fix_released,research/experiments/har108-python-census/task_health.parquet#format-code-task-002411 library/task-variants/mimo-v2.6-rl__format-code-task-002411/3316bb571fe3.json
format-code-task-002412,train,github.com/sdispater/poetry,451,usable,nop sound,original,sha256:61d0061a5db43ba7142e750c24e154bd64749ad77ada1bb4aa5678f6c44525ee,,,sound,har108-nop-002412,nop graded with reward 0,git_only,research/experiments/har108-python-census/task_health.parquet#format-code-task-002412
format-code-task-002413,train,github.com/pypa/packaging,452,usable,nop sound,original,sha256:70f58e60f3d9c4ec3dff6540890357e00f40c131a58c961b56e58420cadd4ebf,,,sound,har108-nop-002413,nop graded with reward 0,pypi_package,research/experiments/har108-python-census/task_health.parquet#format-code-task-002413
format-code-task-002414,train,github.com/python-poetry/poetry,579,usable,"nop sound, leak closed",leak-closed,sha256:2ea56fb9986a624088600f5f4207c21293f0cd1ebfa603cc29bd404371cf7f94,leak-close-pypi@1,candidate,sound,har113-nop-002414,nop graded with reward 0,pypi_fix_released,research/experiments/har108-python-census/task_health.parquet#format-code-task-002414 library/task-variants/mimo-v2.6-rl__format-code-task-002414/2ea56fb9986a.json
format-code-task-002415,train,poetry,2950,usable,nop sound,original,sha256:c550b42a9c7d90961a3478adac96c531dbdf14437ca9628d04212b4b4f66ffb6,,,sound,har108-nop-002415,nop graded with reward 0,pypi_package,research/experiments/har108-python-census/task_health.parquet#format-code-task-002415
format-code-task-002416,train,ropetest,427,usable,"nop sound, leak closed",leak-closed,sha256:2e62717d723a8eb188f713ea7fed0f3ca96517a4a5daf85f2f4386f4f3756928,leak-close-pypi@1,candidate,sound,har113-nop-002416,nop graded with reward 0,pypi_fix_released,research/experiments/har108-python-census/task_health.parquet#format-code-task-002416 library/task-variants/mimo-v2.6-rl__format-code-task-002416/2e62717d723a.json
format-code-task-002418,train,format-code-task-002418,2950,usable,nop sound,original,sha256:939ec50fa8a5e81f9562e40515f1bb073f8598c4a05310b42b4dd32304c1b83c,,,sound,har113-nop-002418,nop graded with reward 0,none_found,research/experiments/har108-python-census/task_health.parquet#format-code-task-002418
format-code-task-002419,train,validators,2935,usable,nop sound,original,sha256:61ad39f83048829dd5cac9b35b47f1cc1eedfe9816fc9a47e6e0c49dc2aa03f1,,,sound,har108-nop-002419,nop graded with reward 0; setup error excused as the agent's missing work,pypi_package,research/experiments/har108-python-census/task_health.parquet#format-code-task-002419
format-code-task-002421,train,Lib,4273,usable,nop sound,original,sha256:2ffc0bad30ca1f7c09300741e46f72ae7c226debf1d9a2686867e7d88aa2f516,,,sound,har115-nop-002421,nop graded with reward 0,none_found,research/experiments/har108-python-census/task_health.parquet#format-code-task-002421
format-code-task-002422,train,annotationlib,4311,usable,nop sound,original,sha256:3e4e347d88135eed33e682efd51812d1a38c86c11e38d9e69fcab2baff55c02d,,,sound,har115-nop-002422,nop graded with reward 0,none_found,research/experiments/har108-python-census/task_health.parquet#format-code-task-002422
format-code-task-002423,train,Lib,4278,usable,nop sound,original,sha256:8f71e5f2988da9fec73b9da6c7b7858b3afcfe79974cc6fd2a3ef64ae34727f4,,,sound,har108-nop-002423,nop graded with reward 0,none_found,research/experiments/har108-python-census/task_health.parquet#format-code-task-002423
format-code-task-002425,train,Lib,4010,usable,nop sound,original,sha256:aa9bf96cefb075500d9328c80b1cb811d4034d652469c49132f6851380c27863,,,sound,har108-nop-002425,nop graded with reward 0,none_found,research/experiments/har108-python-census/task_health.parquet#format-code-task-002425
format-code-task-002426,train,Lib,4035,usable,nop sound,original,sha256:8e340154a10a90b2d272555920fa630b23c416b1f5a7c6047eac69cd9854087a,,,sound,har108-nop-002426,nop graded with reward 0,none_found,research/experiments/har108-python-census/task_health.parquet#format-code-task-002426
format-code-task-002427,train,mypy,525,usable,"nop sound, leak closed",leak-closed,sha256:77d3f78ec4ece85cf5b3540e53230c516b473081dc1115c9b9170f88d86f0be1,leak-close-pypi@1,validated,sound,har108-nop-002427,nop graded with reward 0,pypi_fix_released,research/experiments/har108-python-census/task_health.parquet#format-code-task-002427 library/task-variants/mimo-v2.6-rl__format-code-task-002427/77d3f78ec4ec.json
format-code-task-002431,train,github.com/python/mypy,531,usable,"nop sound, leak closed",leak-closed,sha256:ea02ff0535a1da81d9b07e4b0c422e5d4af6f527ce39c9a623cb0132cf9c57eb,leak-close-pypi@1,candidate,sound,har113-nop-002431,nop graded with reward 0,pypi_fix_released,research/experiments/har108-python-census/task_health.parquet#format-code-task-002431 library/task-variants/mimo-v2.6-rl__format-code-task-002431/ea02ff0535a1.json
format-code-task-002443,train,github.com/ambv/typehinting,445,usable,"nop sound, leak closed",leak-closed,sha256:90e42e445b170d8f911bf6f42084e6de20edf6f3b79b7b6f215ac4f99e8425a8,leak-close-pypi@1,candidate,sound,har113-nop-002443,nop graded with reward 0,pypi_fix_released,research/experiments/har108-python-census/task_health.parquet#format-code-task-002443 library/task-variants/mimo-v2.6-rl__format-code-task-002443/90e42e445b17.json
format-code-task-002445,train,arcade,3552,usable,nop sound,original,sha256:35cb8b175e30ae03e9f578208ed426757a11ea7f17613d3a3bfc39bb7ba6bedb,,,sound,har108-nop-002445,nop graded with reward 0,none_found,research/experiments/har108-python-census/task_health.parquet#format-code-task-002445
format-code-task-002446,heldout,github.com/pytorch/audio,2033,usable,nop sound,original,sha256:51ecd922c1cddb7afd21ef1f19ed99cc1465ffaf2a76380de5726f3140def7bd,,,sound,har113-nop-002446,nop graded with reward 0,git_only,research/experiments/har108-python-census/task_health.parquet#format-code-task-002446
format-code-task-002450,train,transitions,733,usable,nop sound,original,sha256:58fa5bdd890aab92ef3d851cd8c1a0fcb49d48ddcaa2aedad282eab89f18de77,,,sound,har113-nop-002450,nop graded with reward 0; setup error excused as the agent's missing work,pypi_package,research/experiments/har108-python-census/task_health.parquet#format-code-task-002450
format-code-task-002451,train,github.com/pytroll/satpy,690,usable,"census broken_environment; repaired by env-keep-build-outputs@1, nop sound",repair,sha256:78f8541d0e9df91aca63d654c276ad28784c065cdea03fda2780cc3340f39e1d,env-keep-build-outputs@1,validated,broken_environment,har113-nop-002451,ImportError while loading conftest '/testbed/satpy/conftest.py'.,pypi_fix_released,research/experiments/har108-python-census/task_health.parquet#format-code-task-002451 library/task-variants/mimo-v2.6-rl__format-code-task-002451/78f8541d0e9d.json
format-code-task-002452,train,satpy,3275,usable,"census sound; grading needs the network under the egress lock, repaired by env-prefetch-network@1, nop sound",repair,sha256:69b1404ea0e099ba6e9e8a6edc32021bea65cd8e8761c2602fa5f36767ce2fa8,env-prefetch-network@1,validated,sound,har115-nop-002452,nop graded with reward 0,none_found,research/experiments/har108-python-census/task_health.parquet#format-code-task-002452 library/task-variants/mimo-v2.6-rl__format-code-task-002452/69b1404ea0e0.json
format-code-task-002453,train,satpy,3755,usable,nop sound,original,sha256:709994d5407c43c5f9c453010d7b5cc0e646ec85786526622014f2898603bcb1,,,sound,har115-nop-002453,nop graded with reward 0,none_found,research/experiments/har108-python-census/task_health.parquet#format-code-task-002453
format-code-task-002454,heldout,format-code-task-002454,1733,usable,nop sound,original,sha256:a2639d47be92788677aa6321debf4df049998a990124c289c2e5a2bf0990da6e,,,sound,har108-nop-002454,nop graded with reward 0,none_found,research/experiments/har108-python-census/task_health.parquet#format-code-task-002454
format-code-task-002455,train,format-code-task-002455,1516,usable,"nop sound, leak closed",leak-closed,sha256:8b2a3744443850f9dd9f6d625672ef553720964fdedca501ddd38c562c9c52a3,leak-close-pypi@1,candidate,sound,har108-nop-002455,nop graded with reward 0,pypi_fix_released,research/experiments/har108-python-census/task_health.parquet#format-code-task-002455 library/task-variants/mimo-v2.6-rl__format-code-task-002455/8b2a37444438.json
format-code-task-002459,train,quantecon,865,usable,nop sound,original,sha256:02af06721771b2667ae2be0e2c0fee0f48c839daa93a0d71903c149eceb1a007,,,sound,har113-nop-002459,nop graded with reward 0; setup error excused as the agent's missing work,none_found,research/experiments/har108-python-census/task_health.parquet#format-code-task-002459
format-code-task-002460,train,cirq,3508,usable,nop sound,original,sha256:a703880d05901407c05c7fb409dd5a721d226b6041f7c4bac43beb12737e2e73,,,sound,har108-nop-002460,nop graded with reward 0,pypi_package,research/experiments/har108-python-census/task_health.parquet#format-code-task-002460
format-code-task-002461,train,cirq,935,usable,nop sound,original,sha256:c30e54ae256eeb4fd6ba455f7564083ac6d94f615bcdf4e02f95b162c77277a8,,,sound,har108-nop-002461,nop graded with reward 0,pypi_package,research/experiments/har108-python-census/task_health.parquet#format-code-task-002461
format-code-task-002466,train,api,3503,usable,nop sound,original,sha256:9cf7192be7ecfc3e87a93169881139f2dcb6fcb029b2da3624804cf60bcb57f3,,,sound,har108-nop-002466,nop graded with reward 0,none_found,research/experiments/har108-python-census/task_health.parquet#format-code-task-002466
format-code-task-002468,train,pyanalyze,445,usable,"nop sound, leak closed",leak-closed,sha256:53fa5485e99f45c2474b10303cfa553be30eb78c4e3514efcd45e95c6dfed353,leak-close-pypi@1,candidate,sound,har108-nop-002468,nop graded with reward 0,pypi_fix_released,research/experiments/har108-python-census/task_health.parquet#format-code-task-002468 library/task-variants/mimo-v2.6-rl__format-code-task-002468/53fa5485e99f.json
format-code-task-002470,train,format-code-task-002470,386,usable,"nop sound, leak closed",leak-closed,sha256:ee40ed4c5a011acdeeba372e4af75be20917d5445e4afce348e86dea61d0a0c8,leak-close-pypi@1,candidate,sound,har113-nop-002470,nop graded with reward 0,pypi_fix_released,research/experiments/har108-python-census/task_health.parquet#format-code-task-002470 library/task-variants/mimo-v2.6-rl__format-code-task-002470/ee40ed4c5a01.json
format-code-task-002476,train,matrix_client,3070,usable,nop sound,original,sha256:30f3dca826b2bf2dd28f0b98bd608dc4ba22d8c71d10fb389818d40e21739b48,,,sound,har108-nop-002476,nop graded with reward 0; setup error excused as the agent's missing work,pypi_package,research/experiments/har108-python-census/task_health.parquet#format-code-task-002476
format-code-task-002477,train,raiden,764,usable,nop sound,original,sha256:2abecda426a4bdb7e53d5d321d8963c11af0f9b4c7238eadd4eb34f72dc5c7dd,,,sound,har108-nop-002477,nop graded with reward 0; setup error excused as the agent's missing work,pypi_package,research/experiments/har108-python-census/task_health.parquet#format-code-task-002477
format-code-task-002482,train,discord,723,usable,nop sound,original,sha256:18eb454911a61b448cfdad729d01010497949029018e141d47e7e429df41f89d,,,sound,har113-nop-002482,nop graded with reward 0,pypi_package,research/experiments/har108-python-census/task_health.parquet#format-code-task-002482
format-code-task-002483,train,github.com/mapbox/rasterio,599,usable,"census grader_suspect; repaired by env-keep-build-outputs@1, nop sound",repair,sha256:e74de2cac39e964dfc79a251de89b236475d2afa161ae8a0f98ebf742ec4c524,env-keep-build-outputs@1,validated,grader_suspect,har113-nop-002483,no test results; last output: warnings._OptionError: invalid module name: 'rasterio.errors',pypi_fix_released,research/experiments/har108-python-census/task_health.parquet#format-code-task-002483 library/task-variants/mimo-v2.6-rl__format-code-task-002483/e74de2cac39e.json
format-code-task-002486,train,configuration_components,858,usable,nop sound,original,sha256:2135c3b5028a86de7197dcc48aeb6b4f7f6572e0cec7e09495ba037aee06f2e6,,,sound,har113-nop-002486,nop graded with reward 0; setup error excused as the agent's missing work,none_found,research/experiments/har108-python-census/task_health.parquet#format-code-task-002486
format-code-task-002487,train,format-code-task-002487,4116,usable,nop sound,original,sha256:fe90351c0e0bc5958d1aaa59dff3ee48d7e51fd3e926d83f039252a330e0d72c,,,sound,har115-nop-002487,nop graded with reward 0,none_found,research/experiments/har108-python-census/task_health.parquet#format-code-task-002487
format-code-task-002488,train,format-code-task-002488,4184,usable,"census sound; grading needs the network under the egress lock, repaired by env-prefetch-network@1, nop sound",repair,sha256:331de2bb128fe11621755e928fd33c33f11fa18b7a81ba2ff04106c8283312b9,env-prefetch-network@1,validated,sound,har108-nop-002488,nop graded with reward 0,none_found,research/experiments/har108-python-census/task_health.parquet#format-code-task-002488 library/task-variants/mimo-v2.6-rl__format-code-task-002488/331de2bb128f.json
format-code-task-002489,train,format-code-task-002489,4316,usable,nop sound,original,sha256:6edf8896fbcfa1eb7f21296ca59263c58b2c4faa3c5feba621c04f8de4404c95,,,sound,har115-nop-002489,nop graded with reward 0,none_found,research/experiments/har108-python-census/task_health.parquet#format-code-task-002489
format-code-task-002493,train,format-code-task-002493,3073,usable,nop sound,original,sha256:df8867eb651556eb4ea18ab3eceb24bab295e83e3d622efc25116d9cde52fcbf,,,sound,har108-nop-002493,nop graded with reward 0,none_found,research/experiments/har108-python-census/task_health.parquet#format-code-task-002493
format-code-task-002494,heldout,readthedocs,3407,usable,nop sound,original,sha256:1d0bf0a4db25e9480c8b8ff8f5df688f94a595a4b5825b58b91ab7901c559d59,,,sound,har115-nop-002494,nop graded with reward 0,none_found,research/experiments/har108-python-census/task_health.parquet#format-code-task-002494
format-code-task-002495,train,readthedocs,3246,usable,nop sound,original,sha256:a91ff043517b6ce0dd9f75ec1c096a1643b2551876566a274ee8a5d4f2c53ed1,,,sound,har115-nop-002495,nop graded with reward 0,none_found,research/experiments/har108-python-census/task_health.parquet#format-code-task-002495
format-code-task-002496,heldout,readthedocs,3514,usable,"census broken_environment; repaired by env-pin-dependency@1, nop sound",repair,sha256:1e53514f3dbec334021a2557ec24684250e4f137befd471ad756f2ac39275de5,env-pin-dependency@1,validated,broken_environment,har108-nop-002496,ImportError: cannot import name 'FileError' from 'setuptools.errors' (/usr/local/lib/python3.11/dist-packages/setuptools/errors.py),none_found,research/experiments/har108-python-census/task_health.parquet#format-code-task-002496 library/task-variants/mimo-v2.6-rl__format-code-task-002496/1e53514f3dbe.json
format-code-task-002499,train,format-code-task-002499,429,usable,"nop sound, leak closed",leak-closed,sha256:a397fe346dc17e1a6e1163c7b9caf48065b822909a32d81a3e653294d2a3f233,leak-close-pypi@1,candidate,sound,har108-nop-002499,nop graded with reward 0,pypi_fix_released,research/experiments/har108-python-census/task_health.parquet#format-code-task-002499 library/task-variants/mimo-v2.6-rl__format-code-task-002499/a397fe346dc1.json
format-code-task-002504,train,format-code-task-002504,3212,usable,nop sound,original,sha256:91d2b33765927bb14675efad8c2872407d4e88f8186be84bcdfebb935da043f2,,,sound,har108-nop-002504,nop graded with reward 0,none_found,research/experiments/har108-python-census/task_health.parquet#format-code-task-002504
format-code-task-002507,heldout,format-code-task-002507,3048,usable,nop sound,original,sha256:ad680bb5bb6b44959f60b262094223a5f53daa895ab23d561b4e6f19d3ad62bb,,,sound,har108-nop-002507,nop graded with reward 0,none_found,research/experiments/har108-python-census/task_health.parquet#format-code-task-002507
format-code-task-002508,train,reframe,3019,usable,nop sound,original,sha256:41a722ea11913023316c6be6fecf9707043f0dee870c536f56ee04a02978c766,,,sound,har108-nop-002508,nop graded with reward 0; setup error excused as the agent's missing work,none_found,research/experiments/har108-python-census/task_health.parquet#format-code-task-002508
format-code-task-002511,train,format-code-task-002511,2971,usable,nop sound,original,sha256:7a949a80b39f13c809f420419df92352d3ab111042ae1fbdb557c22f07ee83f1,,,sound,har113-nop-002511,nop graded with reward 0,none_found,research/experiments/har108-python-census/task_health.parquet#format-code-task-002511
format-code-task-002519,train,format-code-task-002519,435,usable,nop sound,original,sha256:e64525960487eb94d436ff95321f6b291788e9b3ecf1d197a5af76daea00d346,,,sound,har113-nop-002519,nop graded with reward 0,git_only,research/experiments/har108-python-census/task_health.parquet#format-code-task-002519
format-code-task-002520,train,aiodns,398,usable,nop sound,original,sha256:e644e281c2d6f5b84c113ce80f71fa0234957c02ee5c953fce6e760692777f71,,,sound,har108-nop-002520,nop graded with reward 0; setup error excused as the agent's missing work,pypi_package,research/experiments/har108-python-census/task_health.parquet#format-code-task-002520
format-code-task-002521,train,format-code-task-002521,3380,usable,nop sound,original,sha256:b4e9651719451255fc832eed8f5ddfbf4a081e57ab4b56acacc472e70187c3dc,,,sound,har115-nop-002521,nop graded with reward 0,none_found,research/experiments/har108-python-census/task_health.parquet#format-code-task-002521
format-code-task-002522,train,garage,3390,usable,nop sound,original,sha256:7e72ddd17ff1199630facae4bd1d063359ae7f67fccc125f6b549903906a7a5d,,,sound,har115-nop-002522,nop graded with reward 0,pypi_package,research/experiments/har108-python-census/task_health.parquet#format-code-task-002522
format-code-task-002523,train,format-code-task-002523,2956,usable,nop sound,original,sha256:1d48d53c36743b7f8d171425444d15bb46559a4c959d19362e60645871c51dec,,,sound,har113-nop-002523,nop graded with reward 0,none_found,research/experiments/har108-python-census/task_health.parquet#format-code-task-002523
format-code-task-002532,train,hazm,461,usable,nop sound,original,sha256:4eb309e0b2c22b0dfa5d3fd8562446d2402d853d1ec78fa323b2f0b497abc078,,,sound,har108-nop-002532,nop graded with reward 0; setup error excused as the agent's missing work,none_found,research/experiments/har108-python-census/task_health.parquet#format-code-task-002532
format-code-task-002533,train,eth_utils,3487,usable,nop sound,original,sha256:da6eea0ef181a3466c8a68f5aa88c203dddbf30bb66091139feb73d4e9618541,,,sound,har108-nop-002533,nop graded with reward 0,none_found,research/experiments/har108-python-census/task_health.parquet#format-code-task-002533
format-code-task-002535,train,rotkehlchen,3930,usable,nop sound,original,sha256:fd333e994b23a897c58fc51d9d4fd515285b3ad2e007c7f3a73f2bd26702e18d,,,sound,har108-nop-002535,nop graded with reward 0,none_found,research/experiments/har108-python-census/task_health.parquet#format-code-task-002535
format-code-task-002536,train,rotkehlchen,4095,usable,nop sound,original,sha256:edadf9f220e6280ce6a206a6d98021a91bde6aa9063cb41177e02083c5953049,,,sound,har115-nop-002536,nop graded with reward 0,none_found,research/experiments/har108-python-census/task_health.parquet#format-code-task-002536
format-code-task-002537,train,rotkehlchen,4095,usable,nop sound,original,sha256:e1e94add4d1c9061d6c0ebcaf7518d9741f4fc55716469a0cbe466d58156c03c,,,sound,har95-qual-c-format-code-task-002537,nop graded with reward 0,none_found,research/experiments/har108-python-census/task_health.parquet#format-code-task-002537
format-code-task-002538,train,format-code-task-002538,3057,usable,nop sound,original,sha256:279635c81b620d314500ae527167f20fb7538e772e02ab3f0e42d664c884cd3f,,,sound,har113-nop-002538,nop graded with reward 0,none_found,research/experiments/har108-python-census/task_health.parquet#format-code-task-002538
format-code-task-002539,train,format-code-task-002539,3124,usable,nop sound,original,sha256:ca9c95a0b8a103583db6fef51982ba9ab1507a3053e1a878dd139fce0e20f63f,,,sound,har108-nop-002539,nop graded with reward 0,none_found,research/experiments/har108-python-census/task_health.parquet#format-code-task-002539
format-code-task-002542,train,ftfy,453,usable,nop sound,original,sha256:9b2de0fe6dd9d0eb5731ffeaa396e86698f318de9002e0366b56ddfeaf493537,,,sound,har108-nop-002542,nop graded with reward 0; setup error excused as the agent's missing work,pypi_package,research/experiments/har108-python-census/task_health.parquet#format-code-task-002542
format-code-task-002543,train,dns,2944,usable,nop sound,original,sha256:bf78a79f15e344197b98e6089890a33778f519230b870049e92b4b86d289ab51,,,sound,har113-nop-002543,nop graded with reward 0,none_found,research/experiments/har108-python-census/task_health.parquet#format-code-task-002543
format-code-task-002545,train,rucio,3113,usable,nop sound,original,sha256:1a8328d4702dc1c0f38b5e3d0266121da3fd56bdd6ce8c6d6cd3cfd5d0233205,,,sound,har113-nop-002545,nop graded with reward 0,none_found,research/experiments/har108-python-census/task_health.parquet#format-code-task-002545
format-code-task-002549,train,format-code-task-002549,453,usable,"nop sound, leak closed",leak-closed,sha256:bfefa50974b86cd82bc876d5afe8623907b6db3b92f02d144beaa53694445b74,leak-close-pypi@1,candidate,sound,har108-nop-002549,nop graded with reward 0,pypi_fix_released,research/experiments/har108-python-census/task_health.parquet#format-code-task-002549 library/task-variants/mimo-v2.6-rl__format-code-task-002549/bfefa50974b8.json
format-code-task-002550,train,database,796,usable,nop sound,original,sha256:74800f7051507292bbeaa82d16d2bee75fc18cfde0d57e65411d7c74356317e8,,,sound,har108-nop-002550,nop graded with reward 0,none_found,research/experiments/har108-python-census/task_health.parquet#format-code-task-002550
format-code-task-002552,train,miio,419,review,"HAR-161 exploit probe cracked it (har161r-exploit-002552, reward 1): `git show` of unreachable fix commits e88159fb / edb06c52 in /testbed/.git (12 unreachable commits)",original,sha256:e9273f2254788fb1803882c506c25b7274f6b908cf658d3e1065a63348f84f2d,,,sound,har113-nop-002552,nop graded with reward 0,git_only,research/experiments/har108-python-census/task_health.parquet#format-code-task-002552
format-code-task-002554,train,format-code-task-002554,892,usable,nop sound,original,sha256:a84f9f15fac045e223521f76b984bc935bd03ac00b394cdfeec6890a8f90b607,,,sound,har108-nop-002554,nop graded with reward 0,git_only,research/experiments/har108-python-census/task_health.parquet#format-code-task-002554
format-code-task-002555,train,webpush,414,usable,nop sound,original,sha256:f74d636a79af17e553fbb6325c5220c62e74006a383faa7cd4d871ff824a7f4b,,,sound,har113-nop-002555,nop graded with reward 0; setup error excused as the agent's missing work,pypi_package,research/experiments/har108-python-census/task_health.parquet#format-code-task-002555
format-code-task-002557,train,format-code-task-002557,3549,usable,nop sound,original,sha256:5215c3672f7d5ef93d096d46bc4a2eb5e219b7f6b7d260bcc746aa67f0f18ac0,,,sound,har115-nop-002557,nop graded with reward 0,none_found,research/experiments/har108-python-census/task_health.parquet#format-code-task-002557
format-code-task-002558,train,saleor,3528,usable,nop sound,original,sha256:ee006a3c410caee41d28d9eed76b8645afadd1f77b80545019387d2285e28889,,,sound,har115-nop-002558,nop graded with reward 0,none_found,research/experiments/har108-python-census/task_health.parquet#format-code-task-002558
format-code-task-002559,heldout,saleor,3562,usable,nop sound,original,sha256:71613612984ca95ebc36213f85df37aa7839818981943172b057ff1cbce72961,,,sound,har108-nop-002559,nop graded with reward 0; setup error excused as the agent's missing work,pypi_package,research/experiments/har108-python-census/task_health.parquet#format-code-task-002559
format-code-task-002562,train,format-code-task-002562,3605,usable,nop sound,original,sha256:b6be450f812a7bfe873099c56d8a81b7868924b531c8af85a9a3540a708c4e5b,,,sound,har108-nop-002562,nop graded with reward 0,none_found,research/experiments/har108-python-census/task_health.parquet#format-code-task-002562
format-code-task-002563,train,salttesting,945,usable,nop sound,original,sha256:ac06d1c6debf0e96452686bad464394724e161db98622e25a6f88d444027b45e,,,sound,har108-nop-002563,nop graded with reward 0,none_found,research/experiments/har108-python-census/task_health.parquet#format-code-task-002563
format-code-task-002564,train,pyVmomi,3721,usable,nop sound,original,sha256:5637017ea4dc61fb25afe9c0c131fdcb39b18693a3fca9b6ddbc836cb466d5af,,,sound,har108-nop-002564,nop graded with reward 0,pypi_package,research/experiments/har108-python-census/task_health.parquet#format-code-task-002564
format-code-task-002566,train,format-code-task-002566,3952,usable,nop sound,original,sha256:83419af8f3aa120ca3c5707ad860ee519eddc84f4852421bcf223d77a9cb304a,,,sound,har115-nop-002566,nop graded with reward 0,none_found,research/experiments/har108-python-census/task_health.parquet#format-code-task-002566
format-code-task-002567,train,format-code-task-002567,3813,usable,nop sound,original,sha256:69355b048652806ebb728e2c808cb59e8d14387fe50c5e4d6b5472ed1b4816f9,,,sound,har108-nop-002567,nop graded with reward 0,none_found,research/experiments/har108-python-census/task_health.parquet#format-code-task-002567
format-code-task-002568,train,format-code-task-002568,3839,usable,nop sound,original,sha256:445b38986b98c3b93fc7c79777c4c01789071843335865ba35e85dcbf6c6ea0f,,,sound,har115-nop-002568,nop graded with reward 0,none_found,research/experiments/har108-python-census/task_health.parquet#format-code-task-002568
format-code-task-002569,heldout,format-code-task-002569,3823,usable,nop sound,original,sha256:bae25f88c40971db60b389c055fad31207466bb3ba15c99b02fefa8cf8119c9e,,,sound,har115-nop-002569,nop graded with reward 0,none_found,research/experiments/har108-python-census/task_health.parquet#format-code-task-002569
format-code-task-002570,train,pkg_resources,3895,usable,nop sound,original,sha256:52f0b0a4570c5f219bf667e7fd60c7565760367f3e085d361012bda2fd809300,,,sound,har115-nop-002570,nop graded with reward 0,none_found,research/experiments/har108-python-census/task_health.parquet#format-code-task-002570
format-code-task-002571,train,format-code-task-002571,3896,usable,nop sound,original,sha256:170c9c3fa274f8145f10e40faf97b15ce2f9a073c4dda5bc8e44f39d08b329e5,,,sound,har108-nop-002571,nop graded with reward 0,none_found,research/experiments/har108-python-census/task_health.parquet#format-code-task-002571
format-code-task-002572,heldout,salt,4007,usable,nop sound,original,sha256:133e2ce074dcb752b2d78ec5999911e7fba32924cdb0e0f823856e216d955e2c,,,sound,har115-nop-002572,nop graded with reward 0,pypi_package,research/experiments/har108-python-census/task_health.parquet#format-code-task-002572
format-code-task-002578,heldout,maestral,897,usable,nop sound,original,sha256:a507564369e9609d9b7e71ed019f61c779dd1cc9882342f87b4144326252f05e,,,sound,har108-nop-002578,nop graded with reward 0,pypi_package,research/experiments/har108-python-census/task_health.parquet#format-code-task-002578
format-code-task-002581,train,format-code-task-002581,2949,usable,nop sound,original,sha256:3a3eb67b96f5de969f9b9fcf8ba2096ed43716acb46950c320fab65b558dfd44,,,sound,mimo-qual-c-format-code-task-002581,nop graded with reward 0,none_found,research/experiments/har108-python-census/task_health.parquet#format-code-task-002581
format-code-task-002582,heldout,models,731,usable,nop sound,original,sha256:64f461ac943871533358d28a15f62598648c67e85790bbee7e10a3bad515b7fe,,,sound,har113-nop-002582,nop graded with reward 0,none_found,research/experiments/har108-python-census/task_health.parquet#format-code-task-002582
format-code-task-002587,train,visidata,3042,usable,nop sound,original,sha256:ebb4af19ab86e7b03b5ef7d14087d4dcd8e42ba69fcbff0e8d3858adbc384b5a,,,sound,har113-nop-002587,nop graded with reward 0,none_found,research/experiments/har108-python-census/task_health.parquet#format-code-task-002587
format-code-task-002589,train,num2words,2933,usable,nop sound,original,sha256:b74bf201304e1aaaec4a77bc955edd083c84326841cc5071d3dba98e445c46bd,,,sound,har113-nop-002589,nop graded with reward 0,pypi_package,research/experiments/har108-python-census/task_health.parquet#format-code-task-002589
format-code-task-002594,heldout,github.com/schemathesis/schemathesis,529,usable,nop sound,original,sha256:37b20f965b381b7bc8ecffd86f5f0bde3c654edd983650714f04f181748030d9,,,sound,har108-nop-002594,nop graded with reward 0,pypi_package,research/experiments/har108-python-census/task_health.parquet#format-code-task-002594
format-code-task-002595,train,schemathesis,574,discarded,"a nested pytest fails with 'LazySchema' object has no attribute 'hooks'; tests run, no environment repair identified",original,sha256:e0865b1a9b62fda2fc5b3472d73cce816b76ea0382f3f5fc36fd70bb04b53f71,,,broken_environment,har113-nop-002595,____________ ERROR collecting test_hooks_apply_per_test_function.py ____________,pypi_fix_released,research/experiments/har108-python-census/task_health.parquet#format-code-task-002595
format-code-task-002599,train,pybossa,655,usable,nop sound,original,sha256:a1ffe962937c46a8b4f008989a555f489e710646c7c78933b15ed3a1d61c14f6,,,sound,har113-nop-002599,nop graded with reward 0; setup error excused as the agent's missing work,none_found,research/experiments/har108-python-census/task_health.parquet#format-code-task-002599
format-code-task-002600,train,skbio,3302,usable,nop sound,original,sha256:be0cea2fbccbc084d91f2d73449b2acdd544ff8bb9d87220653af70f37f6d753,,,sound,har108-nop-002600,nop graded with reward 0,none_found,research/experiments/har108-python-census/task_health.parquet#format-code-task-002600
format-code-task-002601,train,skbio,619,usable,"census broken_environment; repaired by env-keep-build-outputs@1, nop sound",repair,sha256:a8f0fe0b67f88d1beba56f360995a4f0bff98dd92576d942571c056d04ca6e58,env-keep-build-outputs@1,validated,broken_environment,har108-nop-002601,ModuleNotFoundError: No module named 'skbio.metadata._intersection',pypi_fix_released,research/experiments/har108-python-census/task_health.parquet#format-code-task-002601 library/task-variants/mimo-v2.6-rl__format-code-task-002601/a8f0fe0b67f8.json
format-code-task-002602,train,skfp,3184,usable,nop sound,original,sha256:d0bcacefdce142c8f9a19fdbbc4e7efd4a83dc07330f06359d781af8db00cf15,,,sound,har108-nop-002602,nop graded with reward 0,pypi_package,research/experiments/har108-python-census/task_health.parquet#format-code-task-002602
format-code-task-002606,train,scipy,3429,usable,nop sound,original,sha256:f3a567772dd378c0090fc8e58c552d278d5e2af88b04488b51a2f9b5ce86233f,,,sound,har115-nop-002606,nop graded with reward 0,pypi_package,research/experiments/har108-python-census/task_health.parquet#format-code-task-002606
format-code-task-002607,train,scipy,3868,usable,nop sound,original,sha256:919cb35b9f4ad162de2a705336f265d3a4a9a481021cd17e5699220454284bea,,,sound,har115-nop-002607,nop graded with reward 0,pypi_package,research/experiments/har108-python-census/task_health.parquet#format-code-task-002607
format-code-task-002609,train,cartopy,612,usable,nop sound,original,sha256:3ce64e24f78fad2b3260501178402f81b21a15016637a4aaa98aeeedf31b4e13,,,sound,mimo-qual-c-format-code-task-002609,nop graded with reward 0,pypi_package,research/experiments/har108-python-census/task_health.parquet#format-code-task-002609
format-code-task-002610,train,format-code-task-002610,442,usable,nop sound,original,sha256:272490859ee4cb5039469e59612664fe6c48393398f2c4cd96e89ea749e72c37,,,sound,har113-nop-002610,nop graded with reward 0,none_found,research/experiments/har108-python-census/task_health.parquet#format-code-task-002610
format-code-task-002611,train,format-code-task-002611,3225,usable,nop sound,original,sha256:f893d0cfdff1d8748dee86e164e5765c0e8bbbdca7be462b72719d1b5a753139,,,sound,har115-nop-002611,nop graded with reward 0,none_found,research/experiments/har108-python-census/task_health.parquet#format-code-task-002611
format-code-task-002614,train,github.com/scverse/scanpy,736,usable,nop sound,original,sha256:f1277f2e1a77b77902114c743b271e805ccee523f15eb1ead6306da81ac9b80c,,,sound,har108-nop-002614,nop graded with reward 0,pypi_package,research/experiments/har108-python-census/task_health.parquet#format-code-task-002614
format-code-task-002615,train,scirpy,930,usable,nop sound,original,sha256:7f239618a97f4baa5eb519238b1bb1f8ee5c6a2003cad8ce5bbe5f66604f2f40,,,sound,har113-nop-002615,nop graded with reward 0; setup error excused as the agent's missing work,pypi_package,research/experiments/har108-python-census/task_health.parquet#format-code-task-002615
format-code-task-002618,train,format-code-task-002618,2155,usable,nop sound,original,sha256:e8daaf330a962b3df1ddf85fc3c4cca21c68372a41e255ad0e4510f406ad03b4,,,sound,har108-nop-002618,nop graded with reward 0,none_found,research/experiments/har108-python-census/task_health.parquet#format-code-task-002618
format-code-task-002619,heldout,format-code-task-002619,1424,usable,"nop sound, leak closed",leak-closed,sha256:4c52db979832ca383a0f302d730e8a51cca7db544f682a1ef9e5ec3b22fda991,leak-close-pypi@1,candidate,sound,har108-nop-002619,nop graded with reward 0,pypi_fix_released,research/experiments/har108-python-census/task_health.parquet#format-code-task-002619 library/task-variants/mimo-v2.6-rl__format-code-task-002619/4c52db979832.json
format-code-task-002626,train,senaite,838,usable,nop sound,original,sha256:9b4ed2cb054f544ff2129a5aad771f5e662eaef14d78e34bd99db2e189eb8576,,,sound,har108-nop-002626,nop graded with reward 0; setup error excused as the agent's missing work,none_found,research/experiments/har108-python-census/task_health.parquet#format-code-task-002626
format-code-task-002628,train,opendeepsearch,654,usable,nop sound,original,sha256:080f15d348e33c25c61c4963f4d8f5f7d6ff6382ec11673061bf9817f4d2f9b5,,,sound,har113-nop-002628,nop graded with reward 0; setup error excused as the agent's missing work,pypi_package,research/experiments/har108-python-census/task_health.parquet#format-code-task-002628
format-code-task-002641,train,github.com/pystatgen/sgkit,896,usable,"nop sound, leak closed",leak-closed,sha256:f49ba9c0a53a7a5f632c2a112eade49a817475e21bb53f7b6af1e45a76e57683,leak-close-pypi@1,candidate,sound,har113-nop-002641,nop graded with reward 0,pypi_fix_released,research/experiments/har108-python-census/task_health.parquet#format-code-task-002641 library/task-variants/mimo-v2.6-rl__format-code-task-002641/f49ba9c0a53a.json
format-code-task-002644,train,sherpa,597,usable,"census broken_environment; repaired by env-keep-build-outputs@1, nop sound",repair,sha256:349be3539d16b765d540b0c69ac2d19c4a7d925c83ab849ddffe5acee3c3a4b7,env-keep-build-outputs@1,validated,broken_environment,har113-nop-002644,ImportError while loading conftest '/testbed/sherpa/conftest.py'.,pypi_fix_released,research/experiments/har108-python-census/task_health.parquet#format-code-task-002644 library/task-variants/mimo-v2.6-rl__format-code-task-002644/349be3539d16.json
format-code-task-002647,train,shuup,3079,usable,nop sound,original,sha256:eee80f8f64b1c2a1f9f161a5f2087e968b595e0664cda283b67cf1063ca234ce,,,sound,har113-nop-002647,nop graded with reward 0; setup error excused as the agent's missing work,pypi_package,research/experiments/har108-python-census/task_health.parquet#format-code-task-002647
format-code-task-002648,train,maestro,694,usable,nop sound,original,sha256:ec2c8a79a123f128091fa651ab7b9a7ba733f715f4cec47f903119010d16ad56,,,sound,har108-nop-002648,nop graded with reward 0; setup error excused as the agent's missing work,pypi_package,research/experiments/har108-python-census/task_health.parquet#format-code-task-002648
format-code-task-002649,train,format-code-task-002649,1270,usable,"nop sound, leak closed",leak-closed,sha256:2eae0fdaa52c183460c90a1f8daf42da0d972eda9c5f6255fb6feea4ee3d1278,leak-close-pypi@1,candidate,sound,har115-nop-002649,nop graded with reward 0,pypi_fix_released,research/experiments/har108-python-census/task_health.parquet#format-code-task-002649 library/task-variants/mimo-v2.6-rl__format-code-task-002649/2eae0fdaa52c.json
format-code-task-002661,train,github.com/singingwolfboy/flask-dance,362,usable,"nop sound, leak closed",leak-closed,sha256:7cc60d686b63d59347bd61a1157e61d370913b7e77c74cc112546946f86e5d8a,leak-close-pypi@1,candidate,sound,har113-nop-002661,nop graded with reward 0,pypi_fix_released,research/experiments/har108-python-census/task_health.parquet#format-code-task-002661 library/task-variants/mimo-v2.6-rl__format-code-task-002661/7cc60d686b63.json
format-code-task-002662,train,singularity,838,usable,nop sound,original,sha256:2fc6c7877f9fab98977b072b0542aa43281683cf963b41212ec92a4646be16f0,,,sound,har108-nop-002662,nop graded with reward 0,none_found,research/experiments/har108-python-census/task_health.parquet#format-code-task-002662
format-code-task-002663,train,singularity,838,usable,nop sound,original,sha256:8392fef71c9628e0dbd1949456531d88459d1e1d290889c50547ac3a0092a735,,,sound,har113-nop-002663,nop graded with reward 0,none_found,research/experiments/har108-python-census/task_health.parquet#format-code-task-002663
format-code-task-002664,train,bookmarks,2976,usable,nop sound,original,sha256:3684333c46a9374829b7962f223681437dbfd86164e1c4a6ea35edaf8f1252c0,,,sound,har108-nop-002664,nop graded with reward 0,none_found,research/experiments/har108-python-census/task_health.parquet#format-code-task-002664
format-code-task-002667,train,sktime,3331,usable,nop sound,original,sha256:effe796d930f230765185ada839287caca168a909f73d265a405dc3bc6696992,,,sound,har108-nop-002667,nop graded with reward 0; setup error excused as the agent's missing work,pypi_package,research/experiments/har108-python-census/task_health.parquet#format-code-task-002667
format-code-task-002668,train,github.com/alan-turing-institute/sktime,737,usable,nop sound,original,sha256:89b905359fb950488e31cb5bbd90dc9335f836b4bec90d62aa7850f44d67499f,,,sound,har113-nop-002668,nop graded with reward 0,git_only,research/experiments/har108-python-census/task_health.parquet#format-code-task-002668
format-code-task-002669,train,format-code-task-002669,3135,usable,nop sound,original,sha256:698fc0ec5e04633c903d3395bf428af7fd21ca6a8797e42d2ae5aed2832e2e01,,,sound,har108-nop-002669,nop graded with reward 0,none_found,research/experiments/har108-python-census/task_health.parquet#format-code-task-002669
format-code-task-002672,train,astropy,527,usable,nop sound,original,sha256:a286d548fd4a038c953fbeed27bfe0298f5842cb2489bb48f5e2c1bbe0023c46,,,sound,har108-nop-002672,nop graded with reward 0; setup error excused as the agent's missing work,git_only,research/experiments/har108-python-census/task_health.parquet#format-code-task-002672
format-code-task-002674,train,github.com/slaclab/pydm,723,usable,"nop sound, leak closed",leak-closed,sha256:694b29797476a2c4f3a0346016bd69b7b92024975182304ad11e774a0996c767,leak-close-pypi@1,candidate,sound,har113-nop-002674,nop graded with reward 0,pypi_fix_released,research/experiments/har108-python-census/task_health.parquet#format-code-task-002674 library/task-variants/mimo-v2.6-rl__format-code-task-002674/694b29797476.json
format-code-task-002680,train,sc3,403,usable,nop sound,original,sha256:205818a003ea443311e98770c8da6aeebfa5c04f71f4b72511f9f6d663cd6606,,,sound,har108-nop-002680,nop graded with reward 0; setup error excused as the agent's missing work,none_found,research/experiments/har108-python-census/task_health.parquet#format-code-task-002680
format-code-task-002696,train,format-code-task-002696,916,usable,"census broken_environment; repaired by env-keep-files@1, nop sound",repair,sha256:cb5be55d4c36c5b1243a17b6211a939cf595401d496305613acb2afd38a227f3,env-keep-files@1,validated,broken_environment,har108-nop-002696,_________________ ERROR collecting tests/test_cmd_signature.py _________________,pypi_fix_released,research/experiments/har108-python-census/task_health.parquet#format-code-task-002696 library/task-variants/mimo-v2.6-rl__format-code-task-002696/cb5be55d4c36.json library/task-variants/mimo-v2.6-rl__format-code-task-002696/5578cb237819.json
format-code-task-002697,train,starfish,3417,usable,nop sound,original,sha256:aadde6fdee874ed78d65f90ea17d6ccfaefb10f0b9fa4467c06739c51272476b,,,sound,har115-nop-002697,nop graded with reward 0,none_found,research/experiments/har108-python-census/task_health.parquet#format-code-task-002697
format-code-task-002698,train,llnl,3382,usable,nop sound,original,sha256:8a5306851d30ad8c9fdef78749f13a9d3350e04a5c5888547396052b6277b830,,,sound,har108-nop-002698,nop graded with reward 0,none_found,research/experiments/har108-python-census/task_health.parquet#format-code-task-002698
format-code-task-002699,train,spack,3461,usable,nop sound,original,sha256:c18e9e6868022eb63d3bd87d4c0f4849d5bcb199096bed77c6fb7e505d80e8ff,,,sound,har108-nop-002699,nop graded with reward 0,none_found,research/experiments/har108-python-census/task_health.parquet#format-code-task-002699
format-code-task-002701,train,dace,3193,usable,nop sound,original,sha256:46268306f82011a5818bb7b233ed2a33664e725bdd5450cc54d99c8e20abb811,,,sound,har115-nop-002701,nop graded with reward 0,pypi_package,research/experiments/har108-python-census/task_health.parquet#format-code-task-002701
format-code-task-002709,heldout,format-code-task-002709,3035,usable,nop sound,original,sha256:27f07e0c8ab90e24585d589078e7a41b9856850c3c6a8b16596003a3e0a1f5ab,,,sound,har108-nop-002709,nop graded with reward 0,none_found,research/experiments/har108-python-census/task_health.parquet#format-code-task-002709
format-code-task-002710,train,format-code-task-002710,2932,usable,nop sound,original,sha256:c0bc581e18879b7bed0c60b9ffdf710c98a02ba9d22a97b117114eeedbf8517d,,,sound,har113-nop-002710,nop graded with reward 0,none_found,research/experiments/har108-python-census/task_health.parquet#format-code-task-002710
format-code-task-002714,train,format-code-task-002714,467,usable,"nop sound, leak closed",leak-closed,sha256:6eff85594ca7fdcb68c1219c18d6759229bbcd5095a314f2f3d4519a5d179655,leak-close-pypi@1,candidate,sound,har113-nop-002714,nop graded with reward 0,pypi_fix_released,research/experiments/har108-python-census/task_health.parquet#format-code-task-002714 library/task-variants/mimo-v2.6-rl__format-code-task-002714/6eff85594ca7.json
format-code-task-002718,train,github.com/sqlfluff/sqlfluff,535,usable,"nop sound, leak closed",leak-closed,sha256:f0db1e179a08e9f6ac742185d25df7c70fce32be6cf28665fbe31b6b45566f68,leak-close-pypi@1,candidate,sound,har108-nop-002718,nop graded with reward 0,pypi_fix_released,research/experiments/har108-python-census/task_health.parquet#format-code-task-002718 library/task-variants/mimo-v2.6-rl__format-code-task-002718/f0db1e179a08.json
format-code-task-002719,train,github.com/sqlfluff/sqlfluff,505,usable,"nop sound, leak closed",leak-closed,sha256:81a78eb1607749a14ab0a424c7a11564e0a0bf40ac3ba643fb30eb1de1c5b87e,leak-close-pypi@1,candidate,sound,har108-nop-002719,nop graded with reward 0,pypi_fix_released,research/experiments/har108-python-census/task_health.parquet#format-code-task-002719 library/task-variants/mimo-v2.6-rl__format-code-task-002719/81a78eb16077.json
format-code-task-002721,train,sqlfluff,3018,usable,nop sound,original,sha256:737cfad4e819c8895f6f5f524f804589ba9b7f310f4e59f8c66c104d0334a3d3,,,sound,har113-nop-002721,nop graded with reward 0,pypi_package,research/experiments/har108-python-census/task_health.parquet#format-code-task-002721
format-code-task-002722,train,github.com/sqlfluff/sqlfluff,509,usable,"nop sound, leak closed",leak-closed,sha256:858039d7bc9833c18befe110b7ac6c29833fb82720f8b9296e0c28d2d8e47cad,leak-close-pypi@1,candidate,sound,har113-nop-002722,nop graded with reward 0,pypi_fix_released,research/experiments/har108-python-census/task_health.parquet#format-code-task-002722 library/task-variants/mimo-v2.6-rl__format-code-task-002722/858039d7bc98.json
format-code-task-002723,train,github.com/sqlfluff/sqlfluff,508,usable,"nop sound, leak closed",leak-closed,sha256:4eaf2ffa5850ff8d7fbcbf9e1497de4fc3dcb9775eb768d0b68d4716847592f3,leak-close-pypi@1,candidate,sound,har108-nop-002723,nop graded with reward 0,pypi_fix_released,research/experiments/har108-python-census/task_health.parquet#format-code-task-002723 library/task-variants/mimo-v2.6-rl__format-code-task-002723/4eaf2ffa5850.json
format-code-task-002724,train,github.com/sqlfluff/sqlfluff,547,usable,"nop sound, leak closed",leak-closed,sha256:49e5d4ed41cb686def10e6dd83db1c98f4dab365a732ea31098ef9fde5176633,leak-close-pypi@1,candidate,sound,har113-nop-002724,nop graded with reward 0,pypi_fix_released,research/experiments/har108-python-census/task_health.parquet#format-code-task-002724 library/task-variants/mimo-v2.6-rl__format-code-task-002724/49e5d4ed41cb.json
format-code-task-002725,train,github.com/sqlfluff/sqlfluff,509,usable,"nop sound, leak closed",leak-closed,sha256:bf4d11b45dbb331d87c49192b7e72562cade0669be24bc6d625e067f56bc3234,leak-close-pypi@1,candidate,sound,har113-nop-002725,nop graded with reward 0,pypi_fix_released,research/experiments/har108-python-census/task_health.parquet#format-code-task-002725 library/task-variants/mimo-v2.6-rl__format-code-task-002725/bf4d11b45dbb.json
format-code-task-002726,train,github.com/sqlfluff/sqlfluff,513,usable,"nop sound, leak closed",leak-closed,sha256:c206f4383f2f6c3aed2354366ec5ef3b7858894e57c77a5bfeaaa5dd344b1b7a,leak-close-pypi@1,candidate,sound,har108-nop-002726,nop graded with reward 0,pypi_fix_released,research/experiments/har108-python-census/task_health.parquet#format-code-task-002726 library/task-variants/mimo-v2.6-rl__format-code-task-002726/c206f4383f2f.json
format-code-task-002727,train,github.com/sqlfluff/sqlfluff,514,usable,"nop sound, leak closed",leak-closed,sha256:040eb9808b0ff1fff04dc4eec8b6eed89c7cc273a472ea2c1605bdbba9f70a9e,leak-close-pypi@1,candidate,sound,har113-nop-002727,nop graded with reward 0,pypi_fix_released,research/experiments/har108-python-census/task_health.parquet#format-code-task-002727 library/task-variants/mimo-v2.6-rl__format-code-task-002727/040eb9808b0f.json
format-code-task-002734,train,st2client,899,usable,nop sound,original,sha256:3c006e10001808cbf06294a7d96d1d7a1bd27f69c0b91180afbb53ebac33e69b,,,sound,har113-nop-002734,nop graded with reward 0,none_found,research/experiments/har108-python-census/task_health.parquet#format-code-task-002734
format-code-task-002736,train,statsmodels,622,usable,"nop sound, leak closed",leak-closed,sha256:58a967f87365f880d56def414ce00cbdd8a06d36333168970c8c6cfb0f10575e,leak-close-pypi@1,candidate,sound,har113-nop-002736,nop graded with reward 0,pypi_fix_released,research/experiments/har108-python-census/task_health.parquet#format-code-task-002736 library/task-variants/mimo-v2.6-rl__format-code-task-002736/58a967f87365.json
format-code-task-002737,train,statsmodels,3194,usable,nop sound,original,sha256:ffca33fcdd058b1c5fc58db92d975f5541eb9e18b9bc2f683064b21889638539,,,sound,har115-nop-002737,nop graded with reward 0,none_found,research/experiments/har108-python-census/task_health.parquet#format-code-task-002737
format-code-task-002739,train,statsmodels,650,usable,"census broken_environment; repaired by env-keep-build-outputs@1, nop sound",repair,sha256:adde3189ea520f19525037a45dcdd623358f80f167d89211dbc134ad88e662e2,env-keep-build-outputs@1,validated,broken_environment,har113-nop-002739,ModuleNotFoundError: No module named 'statsmodels._version',pypi_fix_released,research/experiments/har108-python-census/task_health.parquet#format-code-task-002739 library/task-variants/mimo-v2.6-rl__format-code-task-002739/adde3189ea52.json
format-code-task-002742,train,format-code-task-002742,3013,usable,nop sound,original,sha256:eebc07e8d34ae7318660b5970828053e8ea682ab258cf9784e4653c661f76ec1,,,sound,har108-nop-002742,nop graded with reward 0,none_found,research/experiments/har108-python-census/task_health.parquet#format-code-task-002742
format-code-task-002755,train,starlette,3032,usable,"census sound; grading needs the network under the egress lock, repaired by env-prefetch-network@1, nop sound",repair,sha256:6bb23735dd784fb2c31027cba6a74e32aa1e05ba4ad58b5cdbd98c8b13ed1495,env-prefetch-network@1,validated,sound,har113-nop-002755,nop graded with reward 0,none_found,research/experiments/har108-python-census/task_health.parquet#format-code-task-002755 library/task-variants/mimo-v2.6-rl__format-code-task-002755/6bb23735dd78.json
format-code-task-002756,train,github.com/streamlink/streamlink,522,usable,"nop sound, leak closed",leak-closed,sha256:0e04c2e84ceccf0a528d85ab248da4010c33c568c00a2878a24cb083f2cd46ce,leak-close-pypi@1,candidate,sound,har108-nop-002756,nop graded with reward 0,pypi_fix_released,research/experiments/har108-python-census/task_health.parquet#format-code-task-002756 library/task-variants/mimo-v2.6-rl__format-code-task-002756/0e04c2e84cec.json
format-code-task-002757,train,github.com/streamlink/streamlink,514,usable,"nop sound, leak closed",leak-closed,sha256:646c2e44f8a7945c2af849f6d916c2bb16971c7476d3f6884795f7cf66287553,leak-close-pypi@1,candidate,sound,har113-nop-002757,nop graded with reward 0,pypi_fix_released,research/experiments/har108-python-census/task_health.parquet#format-code-task-002757 library/task-variants/mimo-v2.6-rl__format-code-task-002757/646c2e44f8a7.json
format-code-task-002758,train,github.com/streamlink/streamlink,509,usable,"nop sound, leak closed",leak-closed,sha256:62405738dd284539f680003b792dc3959d01d98aa5becdfec2febf69224a1d40,leak-close-pypi@1,candidate,sound,har108-nop-002758,nop graded with reward 0,pypi_fix_released,research/experiments/har108-python-census/task_health.parquet#format-code-task-002758 library/task-variants/mimo-v2.6-rl__format-code-task-002758/62405738dd28.json
format-code-task-002771,train,sunpy,3250,usable,nop sound,original,sha256:3154667ef6168e5f90aeab74d5ee40459c2bd52eb159bdcecea4ff683fa899a8,,,sound,har108-nop-002771,nop graded with reward 0,pypi_package,research/experiments/har108-python-census/task_health.parquet#format-code-task-002771
format-code-task-002772,heldout,sunpy,3381,usable,nop sound,original,sha256:ab4d237d899150dde85261181a72116a58f2ba05cbdcc7d6cbf326a8fdab6f24,,,sound,har108-nop-002772,nop graded with reward 0,pypi_package,research/experiments/har108-python-census/task_health.parquet#format-code-task-002772
format-code-task-002773,train,sunpy,792,usable,"nop sound, leak closed",leak-closed,sha256:5ad276412d1b0b0591bedc48619acfbf77ada03d6893c92834fd9480b75929e8,leak-close-pypi@1,candidate,sound,har108-nop-002773,nop graded with reward 0,pypi_fix_released,research/experiments/har108-python-census/task_health.parquet#format-code-task-002773 library/task-variants/mimo-v2.6-rl__format-code-task-002773/5ad276412d1b.json
format-code-task-002774,train,funcy,700,usable,nop sound,original,sha256:c0f42ad2601001fd87d84444024650bfac00aed44fc2351cefcc993107ba627b,,,sound,har113-nop-002774,nop graded with reward 0; setup error excused as the agent's missing work,pypi_package,research/experiments/har108-python-census/task_health.parquet#format-code-task-002774
format-code-task-002775,train,funcy,692,usable,nop sound,original,sha256:865d91c90fda0198c5acb53b83001640ec846c324c3cb44b32a6b1a7ab318fde,,,sound,har113-nop-002775,nop graded with reward 0; setup error excused as the agent's missing work,pypi_package,research/experiments/har108-python-census/task_health.parquet#format-code-task-002775
format-code-task-002778,train,superdesk,3294,usable,nop sound,original,sha256:0cd0b7a2d35d1200ca42d2661ba125cd34d0e7197030527b39dc58bd659ed221,,,sound,har115-nop-002778,nop graded with reward 0,none_found,research/experiments/har108-python-census/task_health.parquet#format-code-task-002778
format-code-task-002786,train,format-code-task-002786,1422,usable,nop sound,original,sha256:97f06be8958de04e2ff60ddc7f2e6e3797a2ccde8f3dfd1808c2d52b912d8bb3,,,sound,har113-nop-002786,nop graded with reward 0,none_found,research/experiments/har108-python-census/task_health.parquet#format-code-task-002786
format-code-task-002790,train,pylingual,669,usable,nop sound,original,sha256:5fb6a006a9378dae37f70b66b76aa22ae2d535b3603a9cbffe7f78de0b35f50f,,,sound,har108-nop-002790,nop graded with reward 0,none_found,research/experiments/har108-python-census/task_health.parquet#format-code-task-002790
format-code-task-002800,train,format-code-task-002800,499,usable,nop sound,original,sha256:078189c956d41c2526f4b7d5ef9457941a5ba0af1eac1da30bd3566d15300a3f,,,sound,har113-nop-002800,nop graded with reward 0,none_found,research/experiments/har108-python-census/task_health.parquet#format-code-task-002800
format-code-task-002801,train,format-code-task-002801,526,usable,nop sound,original,sha256:89c59bf815ef78e6710f7a540a23fe871d2708df6eba9f1e1d3fcb3b3db22822,,,sound,har108-nop-002801,nop graded with reward 0,git_only,research/experiments/har108-python-census/task_health.parquet#format-code-task-002801
format-code-task-002804,train,xsdata,2961,usable,nop sound,original,sha256:a283785acb686bc9ae5572a6980c19b2cdfd5262c1a053e5cd65aa4f7ca0e7e0,,,sound,har108-nop-002804,nop graded with reward 0,none_found,research/experiments/har108-python-census/task_health.parquet#format-code-task-002804
format-code-task-002817,train,tenpy,3102,usable,nop sound,original,sha256:28aab751b841cc624d3bbb5fda65226e732ac78e82b1302f422b7ac3b0c95ed8,,,sound,har108-nop-002817,nop graded with reward 0; setup error excused as the agent's missing work,none_found,research/experiments/har108-python-census/task_health.parquet#format-code-task-002817
format-code-task-002827,train,format-code-task-002827,460,usable,"nop sound, leak closed",leak-closed,sha256:903e135431381dfe2b5cda0c1f6201b07adefaace20d7761a8e49ae496918621,leak-close-pypi@1,candidate,sound,har108-nop-002827,nop graded with reward 0,pypi_fix_released,research/experiments/har108-python-census/task_health.parquet#format-code-task-002827 library/task-variants/mimo-v2.6-rl__format-code-task-002827/903e13543138.json
format-code-task-002829,train,format-code-task-002829,469,usable,"nop sound, leak closed",leak-closed,sha256:59329e0b49a364ac1bcbabce2aec2cdf99d3eaff5028f7382117431c78c2207f,leak-close-pypi@1,candidate,sound,har108-nop-002829,nop graded with reward 0,pypi_fix_released,research/experiments/har108-python-census/task_health.parquet#format-code-task-002829 library/task-variants/mimo-v2.6-rl__format-code-task-002829/59329e0b49a3.json
format-code-task-002833,train,format-code-task-002833,701,usable,nop sound,original,sha256:66e815d9ddde9d9f1690114ee1c304f54a7c0bfaa1d6053529e271e78839fca5,,,sound,har108-nop-002833,nop graded with reward 0,none_found,research/experiments/har108-python-census/task_health.parquet#format-code-task-002833
format-code-task-002836,train,torch,911,usable,nop sound,original,sha256:deea823a7612a413b27833cd6afaa657e19293ae8fbac6f92e3f8b55e9864513,,,sound,har113-nop-002836,nop graded with reward 0,none_found,research/experiments/har108-python-census/task_health.parquet#format-code-task-002836
format-code-task-002838,train,github.com/thumbor/thumbor,647,usable,"nop sound, leak closed",leak-closed,sha256:2920ed481e4dde2e8332552f5bd03b28b2d4001aef67ab624e71517d911df054,leak-close-pypi@1,candidate,sound,har113-nop-002838,nop graded with reward 0,pypi_fix_released,research/experiments/har108-python-census/task_health.parquet#format-code-task-002838 library/task-variants/mimo-v2.6-rl__format-code-task-002838/2920ed481e4d.json
format-code-task-002848,train,github.com/TNTwise/real-video-enhancer-models,1251,discarded,"No module named 'src.DownloadModels': the instruction names the class, not the module; likely the agent's own work, unconfirmed",original,sha256:e06e544e3e668f3383cd7fc7853f8ff18bfd0b089e9fbed282babcaeb8b0b2f9,,,broken_environment,har113-nop-002848,E ModuleNotFoundError: No module named 'src.DownloadModels',git_only,research/experiments/har108-python-census/task_health.parquet#format-code-task-002848
format-code-task-002850,heldout,sqlmesh,1406,usable,nop sound,original,sha256:3fdd150a1d6e2757d3c4324ffa2b4f8b012c95ed6d1da4ed708df54a65f50a2b,,,sound,har113-nop-002850,nop graded with reward 0,pypi_package,research/experiments/har108-python-census/task_health.parquet#format-code-task-002850
format-code-task-002851,train,sqlglot,1096,usable,"nop sound, leak closed",leak-closed,sha256:e6beffa653432862d76eea089c8c2e182c55ccf9c1fca690345a1ce4b917e1e7,leak-close-pypi@1,candidate,sound,har113-nop-002851,nop graded with reward 0,pypi_fix_released,research/experiments/har108-python-census/task_health.parquet#format-code-task-002851 library/task-variants/mimo-v2.6-rl__format-code-task-002851/e6beffa65343.json
format-code-task-002852,train,sqlglot,1093,usable,"nop sound, leak closed",leak-closed,sha256:0358c9ef074ef96ddb38e1b94fddbca8d789b1c5774f5170d621591b3d90b994,leak-close-pypi@1,candidate,sound,har108-nop-002852,nop graded with reward 0,pypi_fix_released,research/experiments/har108-python-census/task_health.parquet#format-code-task-002852 library/task-variants/mimo-v2.6-rl__format-code-task-002852/0358c9ef074e.json
format-code-task-002853,train,format-code-task-002853,1100,usable,"nop sound, leak closed",leak-closed,sha256:32cc894f7cf97f9d54242635ae80e1c5cc8d33d9ace375b34851d82760a8d5cc,leak-close-pypi@1,candidate,sound,har113-nop-002853,nop graded with reward 0,pypi_fix_released,research/experiments/har108-python-census/task_health.parquet#format-code-task-002853 library/task-variants/mimo-v2.6-rl__format-code-task-002853/32cc894f7cf9.json
format-code-task-002854,train,github.com/tobymao/sqlglot,1103,usable,"nop sound, leak closed",leak-closed,sha256:b374dde2616cdf69d6becc5c6f986a06c2fec94c7e0b4076c303893f91eabd57,leak-close-pypi@1,candidate,sound,mimo-qual-c-format-code-task-002854,nop graded with reward 0,pypi_fix_released,research/experiments/har108-python-census/task_health.parquet#format-code-task-002854 library/task-variants/mimo-v2.6-rl__format-code-task-002854/b374dde2616c.json
format-code-task-002855,train,format-code-task-002855,1131,usable,"nop sound, leak closed",leak-closed,sha256:ea67d8f2f506486e6ed93941e71d500131e2467c0e24eab5a807a890ce0e68a6,leak-close-pypi@1,candidate,sound,har108-nop-002855,nop graded with reward 0,pypi_fix_released,research/experiments/har108-python-census/task_health.parquet#format-code-task-002855 library/task-variants/mimo-v2.6-rl__format-code-task-002855/ea67d8f2f506.json
format-code-task-002856,train,github.com/tobymao/sqlglot,1133,usable,"nop sound, leak closed",leak-closed,sha256:7290a8df0f471c815371f70b719b1adf7df1bf9cbd9a2df4b2369cc722f9d2ae,leak-close-pypi@1,candidate,sound,har108-nop-002856,nop graded with reward 0,pypi_fix_released,research/experiments/har108-python-census/task_health.parquet#format-code-task-002856 library/task-variants/mimo-v2.6-rl__format-code-task-002856/7290a8df0f47.json
format-code-task-002857,train,format-code-task-002857,1141,usable,"nop sound, leak closed",leak-closed,sha256:1cc49dd33fe230a858e86585c4b54576806b8546dd3118435691dde90cbc1ec1,leak-close-pypi@1,candidate,sound,har113-nop-002857,nop graded with reward 0,pypi_fix_released,research/experiments/har108-python-census/task_health.parquet#format-code-task-002857 library/task-variants/mimo-v2.6-rl__format-code-task-002857/1cc49dd33fe2.json
format-code-task-002858,train,format-code-task-002858,1140,usable,"nop sound, leak closed",leak-closed,sha256:669dd9d748aa0fe36810730dfc278c1236098227169c7db0434f9f990bfb56a9,leak-close-pypi@1,candidate,sound,har113-nop-002858,nop graded with reward 0,pypi_fix_released,research/experiments/har108-python-census/task_health.parquet#format-code-task-002858 library/task-variants/mimo-v2.6-rl__format-code-task-002858/669dd9d748aa.json
format-code-task-002859,train,format-code-task-002859,1174,usable,"nop sound, leak closed",leak-closed,sha256:b1d8a39212fab39de20e04004a6b2fa1c6b92801b59fed37be7236362eb235ce,leak-close-pypi@1,candidate,sound,har113-nop-002859,nop graded with reward 0,pypi_fix_released,research/experiments/har108-python-census/task_health.parquet#format-code-task-002859 library/task-variants/mimo-v2.6-rl__format-code-task-002859/b1d8a39212fa.json
format-code-task-002860,train,format-code-task-002860,1186,usable,"nop sound, leak closed",leak-closed,sha256:85bf7a924e151ca6b1f36908346af4ccffbfbee7ec27a482a202b25693c64ad7,leak-close-pypi@1,candidate,sound,har108-nop-002860,nop graded with reward 0,pypi_fix_released,research/experiments/har108-python-census/task_health.parquet#format-code-task-002860 library/task-variants/mimo-v2.6-rl__format-code-task-002860/85bf7a924e15.json
format-code-task-002861,train,github.com/TobikoData/sqlmesh,1252,usable,"nop sound, leak closed",leak-closed,sha256:a784d5875750c04e6ee9ab43625a0db0085db599a969eb892a29cb257dc253de,leak-close-pypi@1,candidate,sound,har113-nop-002861,nop graded with reward 0,pypi_fix_released,research/experiments/har108-python-census/task_health.parquet#format-code-task-002861 library/task-variants/mimo-v2.6-rl__format-code-task-002861/a784d5875750.json
format-code-task-002862,train,format-code-task-002862,1579,usable,"nop sound, leak closed",leak-closed,sha256:f83dc124c67b44f0038e57b4d32cf506d60381465a8109e365e389f6f82d71f1,leak-close-pypi@1,candidate,sound,har108-nop-002862,nop graded with reward 0,pypi_fix_released,research/experiments/har108-python-census/task_health.parquet#format-code-task-002862 library/task-variants/mimo-v2.6-rl__format-code-task-002862/f83dc124c67b.json
format-code-task-002863,train,github.com/apache/superset,1519,usable,"nop sound, leak closed",leak-closed,sha256:f93cffbc10f27409bc5bc6d85d0ede4d31dc74bb7fe2f23dd19b53b7900f78c2,leak-close-pypi@1,candidate,sound,har108-nop-002863,nop graded with reward 0,pypi_fix_released,research/experiments/har108-python-census/task_health.parquet#format-code-task-002863 library/task-variants/mimo-v2.6-rl__format-code-task-002863/f93cffbc10f2.json
format-code-task-002864,train,github.com/apache/superset,1529,usable,"nop sound, leak closed",leak-closed,sha256:25b94c8b4e4ea29e695aef58e6a0db3f78dbdb16240f98f09d85600e1a778599,leak-close-pypi@1,validated,sound,har105-qual-py-002864,nop graded with reward 0,pypi_fix_released,research/experiments/har108-python-census/task_health.parquet#format-code-task-002864 library/task-variants/mimo-v2.6-rl__format-code-task-002864/25b94c8b4e4e.json
format-code-task-002865,heldout,sqlglot,1060,usable,"nop sound, leak closed",leak-closed,sha256:5eef505bfc1e2fb97320816895b14323a0c370a11c0890be92efbebea2cc7d3e,leak-close-pypi@1,candidate,sound,har108-nop-002865,nop graded with reward 0,pypi_fix_released,research/experiments/har108-python-census/task_health.parquet#format-code-task-002865 library/task-variants/mimo-v2.6-rl__format-code-task-002865/5eef505bfc1e.json
format-code-task-002866,train,format-code-task-002866,1687,usable,"nop sound, leak closed",leak-closed,sha256:56724ce8fff201658beb08cf033738f4efc4ec4d7d0864cb5e3f2c013e566732,leak-close-pypi@1,candidate,sound,har108-nop-002866,nop graded with reward 0,pypi_fix_released,research/experiments/har108-python-census/task_health.parquet#format-code-task-002866 library/task-variants/mimo-v2.6-rl__format-code-task-002866/56724ce8fff2.json
format-code-task-002867,train,kubernetes_asyncio,472,usable,nop sound,original,sha256:c7b2e12d6d8265c5d02da06f69435aa0abf7e980c74f78f91af179f97712a980,,,sound,har113-nop-002867,nop graded with reward 0,none_found,research/experiments/har108-python-census/task_health.parquet#format-code-task-002867
format-code-task-002868,train,torch,3308,usable,nop sound,original,sha256:32c14088bfe48d56385e837e9ca69215df5047ed61b5b47a337ff54fc3b9b9e0,,,sound,har108-nop-002868,nop graded with reward 0; setup error excused as the agent's missing work,pypi_package,research/experiments/har108-python-census/task_health.parquet#format-code-task-002868
format-code-task-002870,train,jax,638,usable,nop sound,original,sha256:24f6a8b3410f643114e2161a87687dff2a5b7bbb75c5545b8cd536ef1db21e1e,,,sound,har113-nop-002870,nop graded with reward 0; setup error excused as the agent's missing work,pypi_package,research/experiments/har108-python-census/task_health.parquet#format-code-task-002870
format-code-task-002871,train,apache_beam,715,usable,nop sound,original,sha256:ee254c79d32ced3e4212cefe931032f7cc93c6ff045f764b60c9ae1e3eefed48,,,sound,har113-nop-002871,nop graded with reward 0,none_found,research/experiments/har108-python-census/task_health.parquet#format-code-task-002871
format-code-task-002872,heldout,github.com/tfranzel/drf-spectacular,691,usable,"census broken_environment; repaired by env-keep-build-outputs@1, nop sound",repair,sha256:2a0f904494b06c761759be5b8b3d4b05c8a1b4c8c2c05b16393a1e145bfb2edf,env-keep-build-outputs@1,validated,broken_environment,har108-nop-002872,ImportError while loading conftest '/testbed/tests/conftest.py'.,pypi_fix_released,research/experiments/har108-python-census/task_health.parquet#format-code-task-002872 library/task-variants/mimo-v2.6-rl__format-code-task-002872/2a0f904494b0.json
format-code-task-002873,train,format-code-task-002873,2979,usable,"census broken_environment; repaired by env-keep-build-outputs@1, nop sound",repair,sha256:52c6ab8d6d0440aeb14ca884fe26a2b12d0e8d774db17b22b4e8fc084b77f64a,env-keep-build-outputs@1,validated,broken_environment,har113-nop-002873,ImportError while loading conftest '/testbed/tests/conftest.py'.,none_found,research/experiments/har108-python-census/task_health.parquet#format-code-task-002873 library/task-variants/mimo-v2.6-rl__format-code-task-002873/52c6ab8d6d04.json
format-code-task-002874,train,format-code-task-002874,389,usable,"nop sound, leak closed",leak-closed,sha256:e0c199b43f1ee17e1d0fc87d867cf32ba863c2c2d25db9c54de6b2765c1aac59,leak-close-pypi@1,candidate,sound,har113-nop-002874,nop graded with reward 0,pypi_fix_released,research/experiments/har108-python-census/task_health.parquet#format-code-task-002874 library/task-variants/mimo-v2.6-rl__format-code-task-002874/e0c199b43f1e.json
format-code-task-002878,heldout,translate,2962,usable,nop sound,original,sha256:2a46815bd876d8fa08a479a0cd967d95fa453bb5aa09282fadaa798df9c24d96,,,sound,har113-nop-002878,nop graded with reward 0,pypi_package,research/experiments/har108-python-census/task_health.parquet#format-code-task-002878
format-code-task-002882,train,tritonclient,3002,usable,nop sound,original,sha256:625fb3db4ae67edddbb141c1138021e1f7be199c7762e3f47b0695b26ae861bd,,,sound,har113-nop-002882,nop graded with reward 0,none_found,research/experiments/har108-python-census/task_health.parquet#format-code-task-002882
format-code-task-002884,train,onlykey,420,usable,nop sound,original,sha256:85fbd05efb9a40d775a276608da0290944a638b4748577ad4980ff541aed85e8,,,sound,har113-nop-002884,nop graded with reward 0,pypi_package,research/experiments/har108-python-census/task_health.parquet#format-code-task-002884
format-code-task-002887,train,ruuvitag_sensor,2958,usable,nop sound,original,sha256:595a5a299ff37041bd917d5c88a2f80f7b2f967c5491c06e21770b349017f435,,,sound,har108-nop-002887,nop graded with reward 0; setup error excused as the agent's missing work,pypi_package,research/experiments/har108-python-census/task_health.parquet#format-code-task-002887
format-code-task-002889,train,format-code-task-002889,2979,usable,nop sound,original,sha256:de4fb5bbb21b8c2c430cfdc02325843eb49f2fc00957843835668debcf3e861f,,,sound,har108-nop-002889,nop graded with reward 0,none_found,research/experiments/har108-python-census/task_health.parquet#format-code-task-002889
format-code-task-002892,train,github.com/twilio/twilio-python,544,usable,"nop sound, leak closed",leak-closed,sha256:4dbe771888319ecbf9a2e3ce9f0193171a0a8d2ce6b7874d75603118a31ffac2,leak-close-pypi@1,candidate,sound,har113-nop-002892,nop graded with reward 0,pypi_fix_released,research/experiments/har108-python-census/task_health.parquet#format-code-task-002892 library/task-variants/mimo-v2.6-rl__format-code-task-002892/4dbe77188831.json
format-code-task-002893,train,twisted,3060,usable,"census broken_environment; repaired by env-pin-dependency@1, nop sound",repair,sha256:d12955c21a1734ed7e5f2b276f5c1f2cec79a17e4fa45eb17c861be940f237f0,env-pin-dependency@1,validated,broken_environment,har108-nop-002893,INTERNALERROR> raise PackageNotFoundError(name),pypi_package,research/experiments/har108-python-census/task_health.parquet#format-code-task-002893 library/task-variants/mimo-v2.6-rl__format-code-task-002893/d12955c21a17.json library/task-variants/mimo-v2.6-rl__format-code-task-002893/351be1d5b705.json
format-code-task-002895,train,data,714,usable,nop sound,original,sha256:b016476bceee97c3fd6ebc25eea38886d81e659a17dce443e9793994e500de91,,,sound,har113-nop-002895,nop graded with reward 0; setup error excused as the agent's missing work,pypi_package,research/experiments/har108-python-census/task_health.parquet#format-code-task-002895
format-code-task-002915,heldout,mitiq,675,usable,"nop sound, leak closed",leak-closed,sha256:f5bd4a9b6dc1db358cb466e066401554a01a254a2b7589edebb7f65bcf6a6979,leak-close-pypi@1,candidate,sound,har108-nop-002915,nop graded with reward 0,pypi_fix_released,research/experiments/har108-python-census/task_health.parquet#format-code-task-002915 library/task-variants/mimo-v2.6-rl__format-code-task-002915/f5bd4a9b6dc1.json
format-code-task-002920,train,mystic,576,usable,nop sound,original,sha256:9bd4f3649c6d0cc496382e7de6977af72d899d7e25fe3837197a357d685296ae,,,sound,har108-nop-002920,nop graded with reward 0; setup error excused as the agent's missing work,none_found,research/experiments/har108-python-census/task_health.parquet#format-code-task-002920
format-code-task-002921,train,mystic,569,usable,nop sound,original,sha256:6fd5924ce5acab0eef15d43fa319a2a0036472aa032b917f6026e54aa91e744d,,,sound,har108-nop-002921,nop graded with reward 0; setup error excused as the agent's missing work,pypi_package,research/experiments/har108-python-census/task_health.parquet#format-code-task-002921
format-code-task-002923,train,httpx,476,usable,nop sound,original,sha256:04c83d7dbad2b6619eb388b95710a28288945953c6fead5c6964acecfe7cf799,,,sound,har113-nop-002923,nop graded with reward 0,none_found,research/experiments/har108-python-census/task_health.parquet#format-code-task-002923
format-code-task-002924,train,httpx,466,usable,nop sound,original,sha256:abe9094072d10954a7551c23a487088e8c8987af6376a1ddd433567fc4e586ca,,,sound,har113-nop-002924,nop graded with reward 0,pypi_package,research/experiments/har108-python-census/task_health.parquet#format-code-task-002924
format-code-task-002933,train,bbox,495,usable,nop sound,original,sha256:836cecf4e863ecf4868b2ed86ab13b80e8c222419df29dceceac82a7afff7fc2,,,sound,har113-nop-002933,nop graded with reward 0; setup error excused as the agent's missing work,pypi_package,research/experiments/har108-python-census/task_health.parquet#format-code-task-002933
format-code-task-002935,train,altair,974,usable,nop sound,original,sha256:154b53f9402c195cda65661b767ac6c2c41fcc2f364076590140a7f6fe16a1ff,,,sound,har108-nop-002935,nop graded with reward 0; setup error excused as the agent's missing work,pypi_package,research/experiments/har108-python-census/task_health.parquet#format-code-task-002935
format-code-task-002938,train,krakenex,398,usable,nop sound,original,sha256:15d984ef5103c774496c8864b78a5b7068edf5c06ab90606dbaaa7d0a02bf562,,,sound,har108-nop-002938,nop graded with reward 0,pypi_package,research/experiments/har108-python-census/task_health.parquet#format-code-task-002938
format-code-task-002939,train,krakenex,398,usable,nop sound,original,sha256:09639d8ae24e8a7814f78aee3f8d9cba60ddf991cd8a96814c9a9146634192aa,,,sound,har113-nop-002939,nop graded with reward 0,pypi_package,research/experiments/har108-python-census/task_health.parquet#format-code-task-002939
format-code-task-002940,heldout,format-code-task-002940,394,usable,nop sound,original,sha256:27c8a7a395f5808f32c4163ca03184605e59ee6fb2a6a7d1494d5e2321f04c73,,,sound,har113-nop-002940,nop graded with reward 0,none_found,research/experiments/har108-python-census/task_health.parquet#format-code-task-002940
format-code-task-002941,train,synapse,3045,usable,nop sound,original,sha256:4faa730445a1c23885db4685790a4664b47f510bb1620716751c693d3b31d3b5,,,sound,har108-nop-002941,nop graded with reward 0,none_found,research/experiments/har108-python-census/task_health.parquet#format-code-task-002941
format-code-task-002942,train,tokenizers,1823,usable,nop sound,original,sha256:93cc832d1404e4ba5e19814876c1927a26dba21dd9b6273171888c1b31eac4d4,,,sound,har113-nop-002942,nop graded with reward 0,none_found,research/experiments/har108-python-census/task_health.parquet#format-code-task-002942
format-code-task-002960,train,fiftyone,6250,usable,nop sound,original,sha256:8a396dc09adc88420d8a0290eb59e2f7ad605bee0e033ea37ebf6ae93e596c5d,,,sound,har108-nop-002960,nop graded with reward 0,none_found,research/experiments/har108-python-census/task_health.parquet#format-code-task-002960
format-code-task-002961,train,format-code-task-002961,8454,usable,nop sound,original,sha256:d74c84d23339fe1ddf26b3d65799cf91fce856727bccb74411f12f5cd375675a,,,sound,har108-nop-002961,nop graded with reward 0,none_found,research/experiments/har108-python-census/task_health.parquet#format-code-task-002961
format-code-task-002963,train,matplotlib,488,usable,nop sound,original,sha256:b1ae69be605dedcfc522dc2c166e6974125fa9832e0c54eb561287643d6b4ad4,,,sound,har108-nop-002963,nop graded with reward 0; setup error excused as the agent's missing work,pypi_package,research/experiments/har108-python-census/task_health.parquet#format-code-task-002963
format-code-task-002964,train,algotrading,489,usable,nop sound,original,sha256:cb4e1822e6d075e5fb954d5d3880dc6debaba14bf2f188e1d8208c7100d18700,,,sound,har108-nop-002964,nop graded with reward 0; setup error excused as the agent's missing work,none_found,research/experiments/har108-python-census/task_health.parquet#format-code-task-002964
format-code-task-002965,train,algotrading,488,usable,nop sound,original,sha256:700031fb10c5336ed1cce3c004d25b26e22bb330f73787e6bb5cdb399bada92b,,,sound,har113-nop-002965,nop graded with reward 0; setup error excused as the agent's missing work,none_found,research/experiments/har108-python-census/task_health.parquet#format-code-task-002965
format-code-task-002974,heldout,vyper,392,usable,"nop sound, leak closed",leak-closed,sha256:617c20ca349acd785b6749cfb9a67263bfe222bd7baf8f2d70a5aa75536c0bd2,leak-close-pypi@1,validated,sound,har108-nop-002974,nop graded with reward 0,pypi_fix_released,research/experiments/har108-python-census/task_health.parquet#format-code-task-002974 library/task-variants/mimo-v2.6-rl__format-code-task-002974/617c20ca349a.json
format-code-task-002975,train,vyper,3131,usable,"census sound; grading needs the network under the egress lock, repaired by env-prefetch-network@1, nop sound",repair,sha256:c9e1208b5b4794e70106b07758750e5e96a6fe9790a264defd7d57f639379519,env-prefetch-network@1,validated,sound,har108-nop-002975,nop graded with reward 0,pypi_package,research/experiments/har108-python-census/task_health.parquet#format-code-task-002975 library/task-variants/mimo-v2.6-rl__format-code-task-002975/c9e1208b5b47.json
format-code-task-002976,train,github.com/wagtail/wagtail,959,usable,"nop sound, leak closed",leak-closed,sha256:484b346a894cdf2884b55d1ef7698fdf6cbfb5efa5696f6fab82f04b82c55338,leak-close-pypi@1,candidate,sound,har113-nop-002976,nop graded with reward 0,pypi_fix_released,research/experiments/har108-python-census/task_health.parquet#format-code-task-002976 library/task-variants/mimo-v2.6-rl__format-code-task-002976/484b346a894c.json
format-code-task-002978,train,kwave,823,usable,"census sound; grading needs the network under the egress lock, repaired by env-prefetch-network@1, nop sound",repair,sha256:7d9cd91f58431c14a610fe935e424581b05aba20920d4b949db37f22e73b6838,env-prefetch-network@1,validated,sound,har113-nop-002978,nop graded with reward 0,none_found,research/experiments/har108-python-census/task_health.parquet#format-code-task-002978 library/task-variants/mimo-v2.6-rl__format-code-task-002978/7d9cd91f5843.json
format-code-task-002989,train,web,855,usable,nop sound,original,sha256:0c5030c95ccdfb851a84b75e15118d73d8939b6751b1703d2a909d0299f6a3ab,,,sound,har113-nop-002989,nop graded with reward 0,none_found,research/experiments/har108-python-census/task_health.parquet#format-code-task-002989
format-code-task-002991,train,format-code-task-002991,7631,usable,nop sound,original,sha256:c085caf061fc8182605a08d1894bdd2a12350ebedefe4cbeeb1544c5ca2fcef8,,,sound,har108-nop-002991,nop graded with reward 0,none_found,research/experiments/har108-python-census/task_health.parquet#format-code-task-002991
format-code-task-002992,train,weedcoco,1035,usable,nop sound,original,sha256:caf5ce5fc126c053fa855ad7ac26d99824a298471f4cc17c4a8025829ede2c2f,,,sound,har113-nop-002992,nop graded with reward 0; setup error excused as the agent's missing work,none_found,research/experiments/har108-python-census/task_health.parquet#format-code-task-002992
format-code-task-002993,train,format-code-task-002993,3166,usable,nop sound,original,sha256:c2a879e6eedd9fc3ecee7f2919736c4a87eecf28ab37e07ae0b0f431272a6630,,,sound,har108-nop-002993,nop graded with reward 0,none_found,research/experiments/har108-python-census/task_health.parquet#format-code-task-002993
format-code-task-002994,train,format-code-task-002994,604,usable,"nop sound, leak closed",leak-closed,sha256:09257a466243c47e1ad768792807dad038dc86aa17989bb45f90bed4bf1532ca,leak-close-pypi@1,candidate,sound,har113-nop-002994,nop graded with reward 0,pypi_fix_released,research/experiments/har108-python-census/task_health.parquet#format-code-task-002994 library/task-variants/mimo-v2.6-rl__format-code-task-002994/09257a466243.json
format-code-task-002995,train,wemake_python_styleguide,2947,usable,nop sound,original,sha256:a48b896a43665e644ba21c8128cd0ba397022c8babe21e8d85773e1881f9a5d4,,,sound,har108-nop-002995,nop graded with reward 0; setup error excused as the agent's missing work,pypi_package,research/experiments/har108-python-census/task_health.parquet#format-code-task-002995
format-code-task-002996,train,wemake_python_styleguide,2959,usable,nop sound,original,sha256:68489c714efbdd980c324f6e938c529e15ff2d02c0b2f930f7114ad927758c88,,,sound,har113-nop-002996,nop graded with reward 0,pypi_package,research/experiments/har108-python-census/task_health.parquet#format-code-task-002996
format-code-task-003001,train,github.com/wireservice/csvkit,,usable,"nop sound, leak closed",leak-closed,sha256:d8b943295fa4f159418a11ce2f947a4e9f6124a2bf29e487d7c3e40a6c23fd42,leak-close-pypi@1,candidate,sound,har115-nop-003001,nop graded with reward 0,pypi_fix_released,research/experiments/har108-python-census/task_health.parquet#format-code-task-003001 library/task-variants/mimo-v2.6-rl__format-code-task-003001/d8b943295fa4.json
format-code-task-003005,heldout,gpustat,,usable,nop sound,original,sha256:de5296c1cf0ab1e883800fce865fe924be7faaf9be14b912bd75b0f70dea09dd,,,sound,har108-nop-003005,nop graded with reward 0,pypi_package,research/experiments/har108-python-census/task_health.parquet#format-code-task-003005
format-code-task-003007,train,format-code-task-003007,,usable,nop sound,original,sha256:a0566e8cc4d6de024be75e60cc8a5b5a60e15b386929d4b450f6ea0a9dcb666f,,,sound,har115-nop-003007,nop graded with reward 0,none_found,research/experiments/har108-python-census/task_health.parquet#format-code-task-003007
format-code-task-003009,train,pyte,,discarded,"broken environment, no known repair: ________ ERROR collecting usercase-test-coderl/test_diffscreen_dirty.py ________",original,sha256:3f5f78667f09c64787dd197f683dede8a7318052f4ad025366d2fa12e73f4184,,,broken_environment,har115-nop-003009,________ ERROR collecting usercase-test-coderl/test_diffscreen_dirty.py ________,pypi_package,research/experiments/har108-python-census/task_health.parquet#format-code-task-003009
format-code-task-003011,train,wx,,usable,nop sound,original,sha256:7a2b1be4fecd05d550259238135d1149d8e6b648b255b7235357dca6d34f58d7,,,sound,har95-qual-c-format-code-task-003011,nop graded with reward 0,none_found,research/experiments/har108-python-census/task_health.parquet#format-code-task-003011
format-code-task-003014,train,format-code-task-003014,,discarded,"broken environment, no known repair: _________________ ERROR collecting tests/dialects/test_smt.py __________________",original,sha256:8334e8772cd2fd016eef597d840605d53be96f91a20729f8e054aa60c7efdf7f,,,broken_environment,har115-nop-003014,_________________ ERROR collecting tests/dialects/test_smt.py __________________,none_found,research/experiments/har108-python-census/task_health.parquet#format-code-task-003014
format-code-task-003015,train,format-code-task-003015,,usable,nop sound,original,sha256:5f737c4500eeee2587ca89cf13befbd0fd9fd0f178bdb4142117953170d6ed28,,,sound,har108-nop-003015,nop graded with reward 0,none_found,research/experiments/har108-python-census/task_health.parquet#format-code-task-003015
format-code-task-003016,train,xgi,,usable,nop sound,original,sha256:e25c7d314323ffb64c403f3c5a6062ffba845f521833a0f023acc9fc1dc0dcac,,,sound,har108-nop-003016,nop graded with reward 0,pypi_package,research/experiments/har108-python-census/task_health.parquet#format-code-task-003016
format-code-task-003017,train,sdg,,usable,nop sound,original,sha256:a4d92165f9d33a3b7c6aa6132f2ae3cf3ce1b65ed4eb79028430cce2e00a034f,,,sound,har108-nop-003017,nop graded with reward 0; setup error excused as the agent's missing work,none_found,research/experiments/har108-python-census/task_health.parquet#format-code-task-003017
format-code-task-003018,train,tasks,,usable,nop sound,original,sha256:5e06585d7364bc930a70cd3c6ce4d36155f602a504bf8c2f9724b8668aadb9cd,,,sound,har108-nop-003018,nop graded with reward 0; setup error excused as the agent's missing work,none_found,research/experiments/har108-python-census/task_health.parquet#format-code-task-003018
format-code-task-003019,train,format-code-task-003019,,usable,nop sound,original,sha256:b4fd10eb20df631b447c99df94aa5390518818c924db26ea2115dd889394922b,,,sound,har115-nop-003019,nop graded with reward 0,none_found,research/experiments/har108-python-census/task_health.parquet#format-code-task-003019
format-code-task-003022,train,nvitop,,usable,nop sound,original,sha256:ce9d22ac310cec6c9ae988209889cf755eef0ab35af5720adc4f3ae4803c946f,,,sound,har115-nop-003022,nop graded with reward 0,pypi_package,research/experiments/har108-python-census/task_health.parquet#format-code-task-003022
format-code-task-003023,train,module_rag,672,usable,nop sound,original,sha256:4239e5f983fe80d8bb9eb1cc74394764e4e28718bbf0ec6e5e20b04fb2664f6e,,,sound,har113-nop-003023,nop graded with reward 0; setup error excused as the agent's missing work,none_found,research/experiments/har108-python-census/task_health.parquet#format-code-task-003023
format-code-task-003033,train,github.com/ycm-core/YouCompleteMe,,usable,nop sound,original,sha256:739844577fb76d59b0e88b94c2cc1cc36a9369d18c48b5caa76f74beee871f09,,,sound,har115-nop-003033,nop graded with reward 0,git_only,research/experiments/har108-python-census/task_health.parquet#format-code-task-003033
format-code-task-003034,train,ycmd,,usable,nop sound,original,sha256:0022f9b1f8ca0527bef313cf8b0e25bcd87aa98dc7d06b9d45432918482a589f,,,sound,har108-nop-003034,nop graded with reward 0,pypi_package,research/experiments/har108-python-census/task_health.parquet#format-code-task-003034
format-code-task-003035,heldout,github.com/iearn-finance/yearn-vaults,3086,usable,nop sound,original,sha256:208449da5f525a6abc082e41ba7b17232d7c7991e9c3c920056bdf0200e188bd,,,sound,har108-nop-003035,nop graded with reward 0,git_only,research/experiments/har108-python-census/task_health.parquet#format-code-task-003035
format-code-task-003037,train,format-code-task-003037,,usable,nop sound,original,sha256:4bb9dc9a4e88cc50c4e8d0279a21111bab78ce9c7f3aeeff5da06b4333570f81,,,sound,har115-nop-003037,nop graded with reward 0,none_found,research/experiments/har108-python-census/task_health.parquet#format-code-task-003037
format-code-task-003038,train,scipy,,usable,nop sound,original,sha256:8541a2a2e666a84332d517cb0f520e0c7ac00585b26c4bcba608f1f15afe4530,,,sound,har108-nop-003038,nop graded with reward 0; setup error excused as the agent's missing work,pypi_package,research/experiments/har108-python-census/task_health.parquet#format-code-task-003038
format-code-task-003042,train,format-code-task-003042,,usable,nop sound,original,sha256:9207351cbf0369ef209e60127ce2732acf7e1f72ea595c3cd530b4c8700802a4,,,sound,har115-nop-003042,nop graded with reward 0,none_found,research/experiments/har108-python-census/task_health.parquet#format-code-task-003042
format-code-task-003046,train,obspec_utils,901,usable,nop sound,original,sha256:4ffbc29145ca043538749658c97d4b0982899717924c72c1bb8f6d34b1b70a9c,,,sound,har113-nop-003046,nop graded with reward 0; setup error excused as the agent's missing work,pypi_package,research/experiments/har108-python-census/task_health.parquet#format-code-task-003046
format-code-task-003048,train,format-code-task-003048,,usable,nop sound,original,sha256:efbc1374582f5ba3449a3783228a0a6018e60f22b6464d2757d0fe272bd83a83,,,sound,har115-nop-003048,nop graded with reward 0,none_found,research/experiments/har108-python-census/task_health.parquet#format-code-task-003048
format-code-task-003053,heldout,format-code-task-003053,,usable,nop sound,original,sha256:b67c4996172819d8dedfbf79708ef625e9c1f1a6aa7618c8110121a42ccf3a4d,,,sound,har108-nop-003053,nop graded with reward 0,none_found,research/experiments/har108-python-census/task_health.parquet#format-code-task-003053
format-code-task-003057,train,zExceptions,,usable,nop sound,original,sha256:77b679458e52536adb3b14df95ceed076867eb9aed2208511f40449eb5042ef7,,,sound,har108-nop-003057,nop graded with reward 0,pypi_package,research/experiments/har108-python-census/task_health.parquet#format-code-task-003057
format-code-task-003058,heldout,AccessControl,,usable,nop sound,original,sha256:af5477c4a5c71e936b9293ba383e8e7992a7ea404f0fc514cf153aed6b2f0c76,,,sound,har108-nop-003058,nop graded with reward 0,none_found,research/experiments/har108-python-census/task_health.parquet#format-code-task-003058
format-code-task-003059,train,OFS,,usable,nop sound,original,sha256:833d0b9977715d2b70f90c13bda86515970d79a56fe2d590a2ce7ec8fcce20b9,,,sound,har108-nop-003059,nop graded with reward 0,none_found,research/experiments/har108-python-census/task_health.parquet#format-code-task-003059
