task_id,label,fix_commit,patch_tip,how_chosen,evidence_path,run_digest
format-code-task-000041,oracle:patch-conflict,a2466ae68ecd0d5772e4f4ae9a60c5ee944c1971,,"S1: test-file touch; source relevance [], before-blob continuity ['tests/units/test_core.py'], keyword score 4.5, distance 1.",/Users/petermakhnatch/Developer/eval-lab-results/2026-10-07/HAR-191-oracle-sweep/receipts/format-code-task-000041.json,sha256:9f6a4c94edfc439aac23cf5f29a3d12f6d6a8e62ff9adbd00081cb1c2689d8b2
format-code-task-000077,oracle:fail,051a963f6a1639a1545d3ee9c2d49ebe83d78579,6bc609e645315e293a3a92cff79e325f009a5437,"S2b: 2 introducing commit(s) across divergent history; base..6bc609e6 diff on feature files ['disnake/ext/commands/params.py']. CAVEAT: carries all base..tip evolution of those files, possibly including unrelated refactors.",/Users/petermakhnatch/Developer/eval-lab-results/2026-10-07/HAR-191-oracle-sweep/receipts/format-code-task-000077.json,sha256:f2de721422c60a3a4412b6a832248aa830662db2a8b0221a25a450148a68b4ec
format-code-task-000085,oracle:pass+nop:fail,69471be60182d2046e073aa6723b36a7aa818232,,"S1: test-file touch; source relevance [], before-blob continuity ['tests/envs/test_env_implementation.py'], keyword score 4.333, distance 11.",/Users/petermakhnatch/Developer/eval-lab-results/2026-10-07/HAR-191-oracle-sweep/receipts/format-code-task-000085.json,sha256:f36c3e65a0868b522a604563c785f12d8f21d96bb8de90842be2623e77aa2774
format-code-task-000092,oracle:fail,42bd3125994c56989beaa116806d1d21fb8c7463,1076e473886cd804d8a04c65b2282f3501fa5ec7,"S2b: 1 introducing commit(s) across divergent history; base..1076e473 diff on feature files ['gpflow/experimental/check_shapes/__init__.py', 'gpflow/experimental/check_shapes/accessors.py', 'gpflow/experimental/check_shapes/argument_ref.py', 'gpflow/experimental/check_shapes/base_types.py', 'gpflow/experimental/check_shapes/bool_specs.py', 'gpflow/experimental/check_shapes/check_shapes.lark', 'gpflow/experimental/check_shapes/checker.py', 'gpflow/experimental/check_shapes/checker_context.py', 'gpflow/experimental/check_shapes/config.py', 'gpflow/experimental/check_shapes/decorator.py', 'gpflow/experimental/check_shapes/docstring.lark', 'gpflow/experimental/check_shapes/error_contexts.py', 'gpflow/experimental/check_shapes/exceptions.py', 'gpflow/experimental/check_shapes/inheritance.py', 'gpflow/experimental/check_shapes/parser.py', 'gpflow/experimental/check_shapes/shapes.py', 'gpflow/experimental/check_shapes/specs.py']. CAVEAT: carries all base..tip evolution of those files, possibly including unrelated refactors.",/Users/petermakhnatch/Developer/eval-lab-results/2026-10-07/HAR-191-oracle-sweep/receipts/format-code-task-000092.json,sha256:f7242916a6a3f75ffd72aa1b054ec1b6ef695eb6d4a6f99a80a8a2a6269861c7
format-code-task-000093,oracle:pass+nop:fail,9767246371e68a0fb22d1871c75c503dd9a930ae,,"S1: test-file touch; source relevance [], before-blob continuity ['pygmt/tests/test_show_versions.py'], keyword score 7.0, distance 1.",/Users/petermakhnatch/Developer/eval-lab-results/2026-10-07/HAR-191-oracle-sweep/receipts/format-code-task-000093.json,sha256:cd7afefddebd0637b128a7349f193bd70c1836c68da7d5d1826cbeebe0e6802c
format-code-task-000102,oracle:pass+nop:fail,88f5bcd531aec696998fe8c7485b9291a26f3c2e,,"S2a: pickaxe identifier '.gserviceaccount.com,gserviceaccount' converges on 88f5bcd5 'feat: format `user` argument for automatic IAM authn (#449)' (descendant, distance 1); own-diff applies on base.",/Users/petermakhnatch/Developer/eval-lab-results/2026-10-07/HAR-191-oracle-sweep/receipts/format-code-task-000102.json,sha256:34550b6a93985f0ae9e1f5b9307a31beb4bd29ec23577dae1a80f1c6adff9e6c
format-code-task-000110,oracle:pass+nop:fail,d41391ebe2ee67d4eb1342ecdecca7ad20f6f2f6,,"S1: test-file touch; source relevance [], before-blob continuity ['tests/apps/test_paint_annotations.py'], keyword score 2.0, distance 1.",/Users/petermakhnatch/Developer/eval-lab-results/2026-10-07/HAR-191-oracle-sweep/receipts/format-code-task-000110.json,sha256:a974d6e128e45a863fc457156fd308e750fe47472a0f9a05fcdd495fea14089f
format-code-task-000142,oracle:pass+nop:fail,8f82823a085eaac7fde2a9eef56eaaafe0978a90,,"S1: test-file touch; source relevance [], before-blob continuity ['tests/utilities/test_parsing.py'], keyword score 6.433, distance 6.",/Users/petermakhnatch/Developer/eval-lab-results/2026-10-07/HAR-191-oracle-sweep/receipts/format-code-task-000142.json,sha256:933f3c32e9720d8e2168c318e33c01a7ac9fdad9ed701d89f9b4b4d053c1d8ef
format-code-task-000143,oracle:pass+nop:fail,7fe8d18477d30a354cc08236c14bfc71df5a0770,,"S1: test-file touch; source relevance [], before-blob continuity ['tests/core/test_datamodules.py'], keyword score 5.087, distance 7.",/Users/petermakhnatch/Developer/eval-lab-results/2026-10-07/HAR-191-oracle-sweep/receipts/format-code-task-000143.json,sha256:d05069cbc1ef8773f9908166f304cf46c90e1e1d4c2b935c3128d6842097c931
format-code-task-000144,oracle:pass+nop:fail,de2ccc03a8df997b8841f33ae70050498960f08c,,"S1: test-file touch; source relevance [], before-blob continuity ['tests/test_logging.py'], keyword score 0, distance 2.",/Users/petermakhnatch/Developer/eval-lab-results/2026-10-07/HAR-191-oracle-sweep/receipts/format-code-task-000144.json,sha256:58699c40d9806988282282e53c2235f0b12a9403d7d4c0fe3e16cc1482bc2981
format-code-task-000149,oracle:pass+nop:fail,1171a1f12507df5c8206475f3692b31ddab8d934,,"S1: test-file touch; source relevance [], before-blob continuity ['tests/retrieval/test_ndcg.py'], keyword score 6.5, distance 1.",/Users/petermakhnatch/Developer/eval-lab-results/2026-10-07/HAR-191-oracle-sweep/receipts/format-code-task-000149.json,sha256:86912a7d030e992ba39f7088ac069baa12a28bce92f56af5e845ddc8d69ea564
format-code-task-000155,oracle:patch-conflict,a830a786b816e9c9e3992919b0eef7eb7181fc26,,"S1: test-file touch; source relevance [], before-blob continuity ['tests/linter/rules/variables/unused_variable/test_rule.py'], keyword score 1.5, distance 60.",/Users/petermakhnatch/Developer/eval-lab-results/2026-10-07/HAR-191-oracle-sweep/receipts/format-code-task-000155.json,sha256:89d56b87badd1ac2870f62148c99a91ad69b8c81b2e28bb30e490828d3839afc
format-code-task-000156,oracle:pass+nop:fail,379315533d6540a0cb863082fbbdd2cf6f15770b,,"S1: test-file touch; source relevance [], before-blob continuity ['tests/atest/rules/errors/variables_import_with_args/expected_output.txt'], keyword score 7.5, distance 1.",/Users/petermakhnatch/Developer/eval-lab-results/2026-10-07/HAR-191-oracle-sweep/receipts/format-code-task-000156.json,sha256:7e0bb12d0281270843433d242e531c99907a835c174b7068f1a5a954122251f0
format-code-task-000157,oracle:pass+nop:fail,580cce27ac902df6f8522fe98cf4593d3eaa26b8,,"S1: test-file touch; source relevance [], before-blob continuity ['tests/atest/rules/misc/argument_overwritten_before_usage/test_rule.py'], keyword score 4.5, distance 1.",/Users/petermakhnatch/Developer/eval-lab-results/2026-10-07/HAR-191-oracle-sweep/receipts/format-code-task-000157.json,sha256:b14ad4f47486b4d1db0e5db989206a684417206777da2ff15fa3bfbcf12a12b6
format-code-task-000158,oracle:pass+nop:fail,17047806eb460fd5cc0d226801653397910d5208,,"S1: test-file touch; source relevance [], before-blob continuity ['tests/test_simplify.py'], keyword score 4.0, distance 1.",/Users/petermakhnatch/Developer/eval-lab-results/2026-10-07/HAR-191-oracle-sweep/receipts/format-code-task-000158.json,sha256:648af3093326c8af48859e416cdaf1995d9270821b7aef7de6104fe3d9ccf3e8
format-code-task-000159,oracle:pass+nop:fail,55c256c874866823472db410f1c5b9c89cb973f7,,"S1: test-file touch; source relevance [], before-blob continuity ['tests/test_simplify.py'], keyword score 2.5, distance 1.",/Users/petermakhnatch/Developer/eval-lab-results/2026-10-07/HAR-191-oracle-sweep/receipts/format-code-task-000159.json,sha256:2ad471b8c15d6d1a1cfc5f295e5fd5ce8ead313ea2c3a1b7822893cfb53097d9
format-code-task-000160,oracle:pass+nop:fail,f5a25717d22afe7f7a6ad3dec13a10c69029174b,,"S1: test-file touch; source relevance [], before-blob continuity ['tests/test_simplify.py'], keyword score 2.25, distance 1.",/Users/petermakhnatch/Developer/eval-lab-results/2026-10-07/HAR-191-oracle-sweep/receipts/format-code-task-000160.json,sha256:6e67105d2c972c449345976b65467e36299a674c448b89e4cd5aceb9f3403775
format-code-task-000161,oracle:pass+nop:fail,93ee31859e5c4afa9882ea26a5e2c0f2ad5b8b08,,"S1: test-file touch; source relevance [], before-blob continuity ['tests/test_simplify.py'], keyword score 6.5, distance 1.",/Users/petermakhnatch/Developer/eval-lab-results/2026-10-07/HAR-191-oracle-sweep/receipts/format-code-task-000161.json,sha256:eee3b18c925e21496850a51bdeaecf76d744c12299a37fc9aa56bc93b65d737c
format-code-task-000164,oracle:pass+nop:fail,b138b8512b972c8b8ec9c229d86ae18706c8b18e,,"S1: test-file touch; source relevance [], before-blob continuity ['duckdb_engine/tests/test_datatypes.py'], keyword score 2.029, distance None.",/Users/petermakhnatch/Developer/eval-lab-results/2026-10-07/HAR-191-oracle-sweep/receipts/format-code-task-000164.json,sha256:1454cc25cff4fff1bc2e62ba0770971f295775bf52fbbaf14387870cfd913695
format-code-task-000202,oracle:none,,,,/Users/petermakhnatch/Developer/eval-lab-results/2026-10-07/HAR-191-oracle-sweep/receipts/format-code-task-000202.json,sha256:251f900851fb46e42a06c1b826c0c3a01b4e1d8b91b1926f9480985e275951d6
format-code-task-000225,oracle:patch-conflict,fa80269845cb341c50e30eac62a1b05ffca62569,,"S1: test-file touch; source relevance [], before-blob continuity [], keyword score 8.75, distance None.",/Users/petermakhnatch/Developer/eval-lab-results/2026-10-07/HAR-191-oracle-sweep/receipts/format-code-task-000225.json,sha256:cbecf3e09a7057e3bbee11772676e93405a4382b3872c4f0e2215b02e048e9cb
format-code-task-000226,oracle:none,,,,/Users/petermakhnatch/Developer/eval-lab-results/2026-10-07/HAR-191-oracle-sweep/receipts/format-code-task-000226.json,sha256:9666803bf54883a0c0a7bc2741a448be0d77fc8faa159af0bde02ab9633d7b4b
format-code-task-000227,oracle:pass+nop:fail,d6d764bcc970e1e50486153588eda8a92cf5b5e4,,"S1: test-file touch; source relevance [], before-blob continuity ['tests/test_task.py'], keyword score 4.5, distance 1.",/Users/petermakhnatch/Developer/eval-lab-results/2026-10-07/HAR-191-oracle-sweep/receipts/format-code-task-000227.json,sha256:611f1bc3e8dfe77818f05bd368336c4af13e2ad3799e3ac97c7165b2c9dae792
format-code-task-000229,oracle:fail,4c6e1eae61bf23f004f4a7a0190db86eb0e3d43b,,"S1: test-file touch; source relevance [], before-blob continuity ['test/python/visualization/test_circuit_text_drawer.py'], keyword score 2.283, distance 1.",/Users/petermakhnatch/Developer/eval-lab-results/2026-10-07/HAR-191-oracle-sweep/receipts/format-code-task-000229.json,sha256:2171063bf8180db6f37271af6028ead850001b2433f380880548f755537c124a
format-code-task-000230,oracle:fail,bf0287e46cec5f86ae7efd1c5955f9e777ed3367,,"S1: test-file touch; source relevance [], before-blob continuity ['test/python/pulse/test_transforms.py'], keyword score 3.636, distance 1.",/Users/petermakhnatch/Developer/eval-lab-results/2026-10-07/HAR-191-oracle-sweep/receipts/format-code-task-000230.json,sha256:1cbdcd7da3356107acdd8b17bb6a975aa208dbe4b230dff254b1d26434a49c80
format-code-task-000239,oracle:none,,,,/Users/petermakhnatch/Developer/eval-lab-results/2026-10-07/HAR-191-oracle-sweep/receipts/format-code-task-000239.json,sha256:aa37c5c33a1338e1beb977815bc49b8bec87737f4ac67bbc3625b27d9c81fde7
format-code-task-000242,oracle:pass+nop:fail,6ce89299ff29252f5371fadccaa43470b597f2e3,,"S1: test-file touch; source relevance [], before-blob continuity ['lib/cartopy/tests/test_polygon.py'], keyword score 4.0, distance 1.",/Users/petermakhnatch/Developer/eval-lab-results/2026-10-07/HAR-191-oracle-sweep/receipts/format-code-task-000242.json,sha256:3755ded9b1e93620e6212baa4336fc1acc1ffe4f7dbbf109c834a6f0d37ec877
format-code-task-000272,oracle:patch-conflict,b21f7e902f7dc6fa6171f89984700cb8437a9284,,"S1: test-file touch; source relevance [], before-blob continuity ['test/test_grid.py'], keyword score 0, distance None.",/Users/petermakhnatch/Developer/eval-lab-results/2026-10-07/HAR-191-oracle-sweep/receipts/format-code-task-000272.json,sha256:7d3cf69d09a090faf0ad559a8f09d88681e316bef7c6fd20c9a5f2eae33cec86
format-code-task-000275,oracle:patch-conflict,f7c1c944a053174cc08739141d557c7d79ff8743,,"S1: test-file touch; source relevance [], before-blob continuity ['_test_unstructured_client/unit/test_split_pdf_hook.py'], keyword score 0, distance 9.",/Users/petermakhnatch/Developer/eval-lab-results/2026-10-07/HAR-191-oracle-sweep/receipts/format-code-task-000275.json,sha256:832d90b15fcccdf589da9d69394c57fac36dc0adbe9c28dbac139a96e0f81198
format-code-task-000297,oracle:pass+nop:fail,4bc602180fce274fb6c9f2acf66997f952048a59,,"S1: test-file touch; source relevance [], before-blob continuity ['tests/fixers/test_settings_storages.py'], keyword score 3.0, distance 1.",/Users/petermakhnatch/Developer/eval-lab-results/2026-10-07/HAR-191-oracle-sweep/receipts/format-code-task-000297.json,sha256:f9cdd753b444487b59455b259935b5a2597c12ebbd862f3c7d42353430f18a83
format-code-task-000302,oracle:pass+nop:fail,89d7371099de74774e264ca2aa80ed31609a6155,b713e10fc1968488132f62652c6dba35636ca3e6,"S2b: 29 introducing commit(s) across divergent history; base..b713e10f diff on feature files ['scoary/GUI.py', 'scoary/__init__.py', 'scoary/methods.py']. CAVEAT: carries all base..tip evolution of those files, possibly including unrelated refactors.",/Users/petermakhnatch/Developer/eval-lab-results/2026-10-07/HAR-191-oracle-sweep/receipts/format-code-task-000302.json,sha256:8f02885733b664a5a489f0e5d2499acc6c46f6dd1070fbd5678d3be3bd716092
format-code-task-000310,oracle:none,,,,/Users/petermakhnatch/Developer/eval-lab-results/2026-10-07/HAR-191-oracle-sweep/receipts/format-code-task-000310.json,sha256:2119935866004ebd50a2b7217588b4fafc99c749d952b7e74157e86089657229
format-code-task-000311,oracle:pass+nop:fail,31e00e28ce96b56db886701a68af70f68c21fcf7,,"S1: test-file touch; source relevance [], before-blob continuity ['test/basic_test.py'], keyword score 4.5, distance 1.",/Users/petermakhnatch/Developer/eval-lab-results/2026-10-07/HAR-191-oracle-sweep/receipts/format-code-task-000311.json,sha256:705beedf9494d7892c6f4f801d8ceb99ce63e715be7747d56376767db4fb7c1b
format-code-task-000313,oracle:pass+nop:fail,8146dedff5e2e2e516d0add9ef31786d49828c17,0e7aaf07bfe948a819d3d7d8dd5db7e6876d8318,"S2b: 43 introducing commit(s) across divergent history; base..0e7aaf07 diff on feature files ['torus/configuration.py', 'torus/schema.py', 'torus/web.py']. CAVEAT: carries all base..tip evolution of those files, possibly including unrelated refactors.",/Users/petermakhnatch/Developer/eval-lab-results/2026-10-07/HAR-191-oracle-sweep/receipts/format-code-task-000313.json,sha256:c569585b81afe956cb25cddd0ab5376ff3466907b59990153bf88f483d92adf6
format-code-task-000315,oracle:none,,,,/Users/petermakhnatch/Developer/eval-lab-results/2026-10-07/HAR-191-oracle-sweep/receipts/format-code-task-000315.json,sha256:51779b44b442a5bc848fa4f4254044a9d85decba9d6e216cbef14fe9eda2c51c
format-code-task-000318,oracle:pass+nop:fail,af165b8d2b3e1a6b68113246e8337468212e81ff,e758f2c8108b660c6321c6a1b168b3a79e85a02d,"S2b: 21 introducing commit(s) across divergent history; base..e758f2c8 diff on feature files ['config.yaml', 'configs/config.yaml', 'configs/config_array.yaml', 'configs/config_lowdata.yaml', 'configs/config_plants.yaml', 'gnomix.py', 'src/postprocess.py']. CAVEAT: carries all base..tip evolution of those files, possibly including unrelated refactors.",/Users/petermakhnatch/Developer/eval-lab-results/2026-10-07/HAR-191-oracle-sweep/receipts/format-code-task-000318.json,sha256:c7f509d3a49ea9d06bb3b47da14c273019c67993053c6456e2e9b22d62ddb634
format-code-task-000320,oracle:none,,,,/Users/petermakhnatch/Developer/eval-lab-results/2026-10-07/HAR-191-oracle-sweep/receipts/format-code-task-000320.json,sha256:5c518da7955335408bc1b63e9f6cf89b1f6e1f35ff694aa64fc2b05e3359eed8
format-code-task-000324,oracle:pass+nop:fail,33c23eb67893a4c31c31729be16d3db1579f1ebb,3d75736613a5f43d6256f29b2125b9706f6faca9,"S2b: 10 introducing commit(s) across divergent history; base..3d757366 diff on feature files ['aiohttp_session/__init__.py', 'aiohttp_session/cookie_storage.py', 'aiohttp_session/memcached_storage.py', 'aiohttp_session/nacl_storage.py', 'aiohttp_session/redis_storage.py']. CAVEAT: carries all base..tip evolution of those files, possibly including unrelated refactors.",/Users/petermakhnatch/Developer/eval-lab-results/2026-10-07/HAR-191-oracle-sweep/receipts/format-code-task-000324.json,sha256:7eee85e472a7675acfdc42ac7d10720e8e095ff2e6f0e296f8e0b673fe7cefdf
format-code-task-000332,oracle:none,,,,/Users/petermakhnatch/Developer/eval-lab-results/2026-10-07/HAR-191-oracle-sweep/receipts/format-code-task-000332.json,sha256:1c6eb3e5ca30206d84196c652294a029849378cb92ff6be40e4d3ec0026a012c
format-code-task-000341,oracle:pass+nop:fail,09f7a5816752853409f357b38dfcec8e21697422,6dd2b4c723156219014442a123cc48861aca820c,"S2b: 8 introducing commit(s) across divergent history; base..6dd2b4c7 diff on feature files ['vyper/__init__.py', 'vyper/constants.py', 'vyper/errors.py', 'vyper/flags.py', 'vyper/remote.py', 'vyper/vyper.py']. CAVEAT: carries all base..tip evolution of those files, possibly including unrelated refactors.",/Users/petermakhnatch/Developer/eval-lab-results/2026-10-07/HAR-191-oracle-sweep/receipts/format-code-task-000341.json,sha256:303037d50d00ae5c7c57af92bc646ef54e397ec9f2cdd7c9afb0baa7506d4e4b
format-code-task-000343,oracle:pass+nop:fail,261a6430ce38f044e822140c130f755835b67d23,325bf3d2184bd5e1524904ba7b41f487525c3de4,"S2b: 30 introducing commit(s) across divergent history; base..325bf3d2 diff on feature files ['fpgaconvnet/models/network/Network.py']. CAVEAT: carries all base..tip evolution of those files, possibly including unrelated refactors.",/Users/petermakhnatch/Developer/eval-lab-results/2026-10-07/HAR-191-oracle-sweep/receipts/format-code-task-000343.json,sha256:98eb72ac739c50fce777997705f00d6f55d962abd5f646fd731e0f356ddac9f1
format-code-task-000349,oracle:fail,937abece8b2493ea7b341006748af859ebc689a0,c6f20faf0358a7057ee34504e25e75d03dbf71fd,"S2b: 26 introducing commit(s) across divergent history; base..c6f20faf diff on feature files ['.gitignore', 'cmd/image-syncer.go', 'example/auth.json', 'example/auth.yaml', 'example/config.json', 'example/config.yaml', 'example/images.json', 'example/images.yaml', 'go.mod', 'image-syncer.json', 'pkg/client/client.go', 'pkg/client/config.go']. CAVEAT: carries all base..tip evolution of those files, possibly including unrelated refactors.",/Users/petermakhnatch/Developer/eval-lab-results/2026-10-07/HAR-191-oracle-sweep/receipts/format-code-task-000349.json,sha256:eba3a49e6526deb6001164647e878293b700a77702ed54a0e1eff54d159b4802
format-code-task-000363,oracle:pass+nop:fail,88fa32996885f3722c95b8147cbcb899bdbeeef8,,"S1: test-file touch; source relevance [], before-blob continuity ['tests/broker/broker_client/test_trading_routes.py', 'tests/trading/trading_client/test_position_routes.py'], keyword score 0.5, distance 1.",/Users/petermakhnatch/Developer/eval-lab-results/2026-10-07/HAR-191-oracle-sweep/receipts/format-code-task-000363.json,sha256:38c872f3668f0fedcbf886b4359525c8112a81359f230902867008da727d1585
format-code-task-000365,oracle:patch-conflict,e2466ba1811fd7175af26deed4d0455ee63a86af,,"S1: test-file touch; source relevance [], before-blob continuity ['tests/trading/test_trading_models.py'], keyword score 3.0, distance 32.",/Users/petermakhnatch/Developer/eval-lab-results/2026-10-07/HAR-191-oracle-sweep/receipts/format-code-task-000365.json,sha256:a331e542d2fcccca7d6f3c2cc315a69a0e19c7048222796f7f1f725b77bb00d1
format-code-task-000371,oracle:pass+nop:fail,51ed6db9832aade90033caa5963cd87ac75b65f3,,"S1: test-file touch; source relevance ['woodwork/logical_types.py'], before-blob continuity ['woodwork/tests/logical_types/test_logical_types.py', 'woodwork/tests/schema/test_column_schema.py'], keyword score 0.623, distance 1.",/Users/petermakhnatch/Developer/eval-lab-results/2026-10-07/HAR-191-oracle-sweep/receipts/format-code-task-000371.json,sha256:82d27a9e6d41e401298df0dd57d5ad95361837f5e3f34f4037ada0c89f9536a9
format-code-task-000377,oracle:pass+nop:fail,187c229c86aefc25d37963437fc0350182ac2feb,93c5e4cd50c5f2c56ec7eb624a620790dab5df6c,"S2b: 36 introducing commit(s) across divergent history; base..93c5e4cd diff on feature files ['wordcloud/TODO', 'wordcloud/__init__.py', 'wordcloud/wordcloud.py']. CAVEAT: carries all base..tip evolution of those files, possibly including unrelated refactors.",/Users/petermakhnatch/Developer/eval-lab-results/2026-10-07/HAR-191-oracle-sweep/receipts/format-code-task-000377.json,sha256:d287a33499bca48c1f7241633923f0cad0e10777dd1432921cedd68769618541
format-code-task-000383,oracle:none,,,,/Users/petermakhnatch/Developer/eval-lab-results/2026-10-07/HAR-191-oracle-sweep/receipts/format-code-task-000383.json,sha256:da5de5025dc1e2446c236bfd7d89337a7e478cc41d8645e8ae79c0d331941303
format-code-task-000389,oracle:pass+nop:fail,5ff09c5dfd292a2fd192d4fdc18da6c7bc4f8d29,,"S1: test-file touch; source relevance [], before-blob continuity ['tests/unit/plugins/modules/test_postgresql_pg_hba.py'], keyword score 0, distance 1.",/Users/petermakhnatch/Developer/eval-lab-results/2026-10-07/HAR-191-oracle-sweep/receipts/format-code-task-000389.json,sha256:b513547d8be673108b1be9f16b3872c0fea90737a235ce03be05deebaead5389
format-code-task-000390,oracle:pass+nop:fail,73e0974b409b4da1444397f3cd6111f77276fe04,,"S2a: pickaxe identifier '/awx,ansible_rulebook.job_template_runner' converges on 73e0974b 'fix: enable base_path for controller url (#654)' (descendant, distance 1); own-diff applies on base.",/Users/petermakhnatch/Developer/eval-lab-results/2026-10-07/HAR-191-oracle-sweep/receipts/format-code-task-000390.json,sha256:738feed2cb1f33b48cf9645f9fb64e1f45e74f9cad86245d59fba1124233c317
format-code-task-000402,oracle:pass+nop:fail,0f2eef7300daec47eef4e708721198a1017882bd,,"S1: test-file touch; source relevance [], before-blob continuity ['tests/test_amazon_ses_backend.py'], keyword score 9.833, distance 2.",/Users/petermakhnatch/Developer/eval-lab-results/2026-10-07/HAR-191-oracle-sweep/receipts/format-code-task-000402.json,sha256:79855357903b552682da1f77ff2c0e05b2cd4252304617500b58894a394c129a
format-code-task-000438,oracle:none,,,,/Users/petermakhnatch/Developer/eval-lab-results/2026-10-07/HAR-191-oracle-sweep/receipts/format-code-task-000438.json,sha256:fd090028cd5327e4ce7ae893a4a4ef0ff53f1bb6144f3dbdaba0a87d386e628f
format-code-task-000466,oracle:pass+nop:fail,c8763298450867346cdd8aaea51d1cd958a9d44a,,"S1: test-file touch; source relevance [], before-blob continuity ['tests/typing_named_tuple_test.py', 'tests/typing_typed_dict_test.py'], keyword score 3.0, distance 1.",/Users/petermakhnatch/Developer/eval-lab-results/2026-10-07/HAR-191-oracle-sweep/receipts/format-code-task-000466.json,sha256:1c0c6983d843d0a0349e1118907333ae73663d6281b9b6729f506566e64ab749
format-code-task-000471,oracle:pass+nop:fail,a2659f4f293e73f7779d8c6b39e9e7ffb5bd7f71,,"S1: test-file touch; source relevance [], before-blob continuity ['tests/amazon/aws/hooks/test_s3_hooks.py', 'tests/amazon/aws/triggers/test_s3_triggers.py'], keyword score 1.5, distance 1.",/Users/petermakhnatch/Developer/eval-lab-results/2026-10-07/HAR-191-oracle-sweep/receipts/format-code-task-000471.json,sha256:f7229c7146201e5c717de8d1341a0678062f0402e3b5fc56b29ca818e3346c70
format-code-task-000472,oracle:fail,7a41bbf5accb7a382de4764f756db8150a6f4090,,"S1: test-file touch; source relevance [], before-blob continuity ['specutils/tests/test_region_extract.py'], keyword score 0.333, distance 6.",/Users/petermakhnatch/Developer/eval-lab-results/2026-10-07/HAR-191-oracle-sweep/receipts/format-code-task-000472.json,sha256:3d2f3d46026f90789acd83d3709872443f0db894408e21dfbf6bc0d87d1fd104
format-code-task-000492,oracle:none,,,,/Users/petermakhnatch/Developer/eval-lab-results/2026-10-07/HAR-191-oracle-sweep/receipts/format-code-task-000492.json,sha256:b735d2d859365f9996cccb1ce8d9cfa918b2958bdc6693db518c5268abddc258
format-code-task-000497,oracle:pass+nop:fail,9545f691d087bde91c8ebe70843193fdc69e2fea,,"S1: test-file touch; source relevance [], before-blob continuity ['tests/functional/test_utilities_batch.py'], keyword score 1.773, distance 5.",/Users/petermakhnatch/Developer/eval-lab-results/2026-10-07/HAR-191-oracle-sweep/receipts/format-code-task-000497.json,sha256:0bd64f09febdfdd4e457c21c166cd526f2ac3add893837bc4512b14971ea8919
format-code-task-000513,oracle:pass+nop:fail,df16164860cac1f139bf016eeadc87253a5c20b0,0780c1474ec62d8fcc08b13645ab6b2e0428cf38,"S2b: 28 introducing commit(s) across divergent history; base..0780c147 diff on feature files ['src/gluonts/model/forecast.py']. CAVEAT: carries all base..tip evolution of those files, possibly including unrelated refactors.",/Users/petermakhnatch/Developer/eval-lab-results/2026-10-07/HAR-191-oracle-sweep/receipts/format-code-task-000513.json,sha256:d61fe4636abe00ec3f78fcb60b075c3bafd5d220e47141a0f1e83856af231fc9
format-code-task-000521,oracle:none,,,,/Users/petermakhnatch/Developer/eval-lab-results/2026-10-07/HAR-191-oracle-sweep/receipts/format-code-task-000521.json,sha256:a37768d9102ababe1f27030a6cfa37aa71bc7fb7f0377cfc8820121a3583ad47
format-code-task-000523,oracle:pass+nop:fail,aaf8569b81eb303c1619efb95e22b017a3ed01f9,1dca4a763967b0475655a333f1e7c37bac87b01a,"S2b: 9 introducing commit(s) across divergent history; base..1dca4a76 diff on feature files ['b2sdk/_internal/bucket.py', 'b2sdk/_internal/exception.py', 'b2sdk/_internal/raw_api.py', 'b2sdk/_internal/raw_simulator.py', 'b2sdk/_internal/session.py']. CAVEAT: carries all base..tip evolution of those files, possibly including unrelated refactors.",/Users/petermakhnatch/Developer/eval-lab-results/2026-10-07/HAR-191-oracle-sweep/receipts/format-code-task-000523.json,sha256:f91783b577b62cf11156d5fd137ebae1a6338384d82072b45df449326584ddb0
format-code-task-000525,oracle:pass+nop:fail,06c4aba04c1fd2e1e0960bc1cb8b4c70edabd7ae,3136be257aa727e7b9911bdfc7b675c0159d35b4,"S2b: 6 introducing commit(s) across divergent history; base..3136be25 diff on feature files ['pyboy/__init__.py', 'pyboy/api/constants.py', 'pyboy/api/memory_scanner.py', 'pyboy/api/screen.py', 'pyboy/api/tile.py', 'pyboy/api/tilemap.py', 'pyboy/pyboy.py', 'pyboy/utils.py']. CAVEAT: carries all base..tip evolution of those files, possibly including unrelated refactors.",/Users/petermakhnatch/Developer/eval-lab-results/2026-10-07/HAR-191-oracle-sweep/receipts/format-code-task-000525.json,sha256:fcb2018c41d60fc329c291dc4ab05b800a0bb807aa871c44701e5749117672e0
format-code-task-000526,oracle:fail,a36d2ec80dbc06c8f0852a00e81cae3fd100adb8,3136be257aa727e7b9911bdfc7b675c0159d35b4,"S2b: 32 introducing commit(s) across divergent history; base..3136be25 diff on feature files ['pyboy/pyboy.pxd', 'pyboy/pyboy.py']. CAVEAT: carries all base..tip evolution of those files, possibly including unrelated refactors.",/Users/petermakhnatch/Developer/eval-lab-results/2026-10-07/HAR-191-oracle-sweep/receipts/format-code-task-000526.json,sha256:4ebad11e830d59622d160a82c3d8076d72aff2bdf0d05c8678dd1bf62ae8012f
format-code-task-000530,oracle:patch-conflict,cc606e8fb4247dd90a3df56c4253bb859834f36c,,"S1: test-file touch; source relevance [], before-blob continuity ['tests/basilisp/core_test.py'], keyword score 2.583, distance 28.",/Users/petermakhnatch/Developer/eval-lab-results/2026-10-07/HAR-191-oracle-sweep/receipts/format-code-task-000530.json,sha256:5f4eed00684821a71f72cf2cd5d958597a888df04c974dca066d5c4b945168dd
format-code-task-000531,oracle:fail,ec46a86e4faf703ce158aa6c53fbcbdea84b36a5,1902db043c029a7e03a3818c616c06600af574be,"S2b: 9 introducing commit(s) across divergent history; base..1902db04 diff on feature files ['strhub/models/utils.py']. CAVEAT: carries all base..tip evolution of those files, possibly including unrelated refactors.",/Users/petermakhnatch/Developer/eval-lab-results/2026-10-07/HAR-191-oracle-sweep/receipts/format-code-task-000531.json,sha256:f9230c7c64012b8bae9b9ff8200a3f4ed6b1fc539845e837bca2b442a455628d
format-code-task-000545,oracle:pass+nop:fail,d31700b447e30444ef325a4a3b8ff24ea642cc83,,"S1: test-file touch; source relevance [], before-blob continuity ['tests/unit/test_configuration.py'], keyword score 3.0, distance 1.",/Users/petermakhnatch/Developer/eval-lab-results/2026-10-07/HAR-191-oracle-sweep/receipts/format-code-task-000545.json,sha256:8bd941836f67232e5001976161bd31a75ce42b65f0168d2d1d61a2fd76dbc0eb
format-code-task-000550,oracle:fail,9cfbb0568e4c5764097b3fd6094a65f69335980d,0f9470828b60cbca643b997dafc37f1f0d087e14,"S2b: 22 introducing commit(s) across divergent history; base..0f947082 diff on feature files ['cli/src/aws_sso_util/check.py', 'cli/src/aws_sso_util/login.py']. CAVEAT: carries all base..tip evolution of those files, possibly including unrelated refactors.",/Users/petermakhnatch/Developer/eval-lab-results/2026-10-07/HAR-191-oracle-sweep/receipts/format-code-task-000550.json,sha256:3dfe3fda6e87a5a08ca6cf30fae849b8d5c7fd99f3b252d8ae51021dc9873b10
format-code-task-000552,oracle:fail-network,667a44ed1a154c7c6812a218c97784f9e68cedda,ab1193f73fe926aedfb0970ad9d683ded6372e11,"S2b: 23 introducing commit(s) across divergent history; base..ab1193f7 diff on feature files ['src/nse/NSE.py']. CAVEAT: carries all base..tip evolution of those files, possibly including unrelated refactors.",/Users/petermakhnatch/Developer/eval-lab-results/2026-10-07/HAR-191-oracle-sweep/receipts/format-code-task-000552.json,sha256:d2cbd3f557c57dfbd2abf157823f51a047b2c8f71423fbdad6f663eecbec27a0
format-code-task-000558,oracle:pass+nop:fail,7c5d8a1029d97e896ddbabac37143dd71852961e,,"S1: test-file touch; source relevance [], before-blob continuity ['tests/adapters/api/gsheets/fields_test.py'], keyword score 2.0, distance 1.",/Users/petermakhnatch/Developer/eval-lab-results/2026-10-07/HAR-191-oracle-sweep/receipts/format-code-task-000558.json,sha256:623c7aad76bd53da7a1d40d8dff572bb9f189de09dcb18861beebe926931f390
format-code-task-000566,oracle:pass+nop:fail,b9caa8dece7342891eeacef0da4f12d7a118e65a,,"S1: test-file touch; source relevance [], before-blob continuity ['tests/doc_task_test.py'], keyword score 2.85, distance 1.",/Users/petermakhnatch/Developer/eval-lab-results/2026-10-07/HAR-191-oracle-sweep/receipts/format-code-task-000566.json,sha256:6630185c341ebac5d647df47fdd2c310b88967a951219be3102d49f9f3113cf1
format-code-task-000568,oracle:none,,,,/Users/petermakhnatch/Developer/eval-lab-results/2026-10-07/HAR-191-oracle-sweep/receipts/format-code-task-000568.json,sha256:11021499591d1aba69448515beb0565c7401339c77a9de36f44fdd92d4f5a543
format-code-task-000624,oracle:none,,,,/Users/petermakhnatch/Developer/eval-lab-results/2026-10-07/HAR-191-oracle-sweep/receipts/format-code-task-000624.json,sha256:bc1b3324937b0e8d11cbfa798272a3dc6bbf4d535e8619bdbcf6fd55923cc9e1
format-code-task-000636,oracle:pass+nop:fail,b3f371333ff7df793628809e8abdbf43fd4391ba,,"S1: test-file touch; source relevance ['amqp/transport.py'], before-blob continuity ['t/unit/test_transport.py'], keyword score 5.5, distance 1.",/Users/petermakhnatch/Developer/eval-lab-results/2026-10-07/HAR-191-oracle-sweep/receipts/format-code-task-000636.json,sha256:b8f4131a123fc6db7b3fd6eabe06e08c54565ca519f55244e7328c517f5f986a
format-code-task-000644,oracle:pass+nop:fail,51202351028f0edf8751a91dcc5f8d0b1d2429d5,6ee661685ff87abd594714a3e8a0493eac4960b6,"S2b: 14 introducing commit(s) across divergent history; base..6ee66168 diff on feature files ['argo/workflows/dsl/__about__.py', 'argo/workflows/dsl/__init__.py', 'argo/workflows/dsl/_arguments.py', 'argo/workflows/dsl/_base.py', 'argo/workflows/dsl/_inputs.py', 'argo/workflows/dsl/_outputs.py', 'argo/workflows/dsl/_utils.py', 'argo/workflows/dsl/_workflow.py', 'argo/workflows/dsl/tasks.py', 'argo/workflows/dsl/templates.py']. CAVEAT: carries all base..tip evolution of those files, possibly including unrelated refactors.",/Users/petermakhnatch/Developer/eval-lab-results/2026-10-07/HAR-191-oracle-sweep/receipts/format-code-task-000644.json,sha256:8275046467c83884bb8af2722b0f6f071a2ddac0173b10a75cadd0eafbd6d6e2
format-code-task-000666,oracle:pass+nop:fail,8d106a3e80566bd7d1d75dc90303a29100c83e15,657b9cf2a11ac610683c443807889687a6976f79,"S2b: 4 introducing commit(s) across divergent history; base..657b9cf2 diff on feature files ['src/pyromat/__init__.py', 'src/pyromat/dat.py', 'src/pyromat/reg.py']. CAVEAT: carries all base..tip evolution of those files, possibly including unrelated refactors.",/Users/petermakhnatch/Developer/eval-lab-results/2026-10-07/HAR-191-oracle-sweep/receipts/format-code-task-000666.json,sha256:76498a2dd70ee6c11bbc209f810bc6ca8d4b6a507ff9fd748739b10e4c7ba85c
format-code-task-000670,oracle:pass+nop:fail,18a2fc7ed8429a8f0ab4c108946a110c10ef1dc0,375000323e79f148618bdc2b41442e431213301d,"S2b: 12 introducing commit(s) across divergent history; base..37500032 diff on feature files ['pympress/__main__.py', 'pympress/builder.py', 'pympress/config.py', 'pympress/document.py', 'pympress/ui.py']. CAVEAT: carries all base..tip evolution of those files, possibly including unrelated refactors.",/Users/petermakhnatch/Developer/eval-lab-results/2026-10-07/HAR-191-oracle-sweep/receipts/format-code-task-000670.json,sha256:c89bc361f5b27100694127839cdbb96f084d3e4a3ce40770d0dd6ba4192efbe7
format-code-task-000680,oracle:fail,5406774989ecbc6ccb528ac1b1db25575448bda0,4b7e0e759023cdbc96b471c64bfd67203e2b5734,"S2b: 13 introducing commit(s) across divergent history; base..4b7e0e75 diff on feature files ['auto_ml/predictor.py', 'auto_ml/utils_model_training.py']. CAVEAT: carries all base..tip evolution of those files, possibly including unrelated refactors.",/Users/petermakhnatch/Developer/eval-lab-results/2026-10-07/HAR-191-oracle-sweep/receipts/format-code-task-000680.json,sha256:0948331015edce9cd2577a691583a33aab729bec35feaea85d5ace548bbdc10e
format-code-task-000698,oracle:fail,1b0e9b6229735429ede56edaff171895b55ccdba,492394c501717be1f891022a1290050f32753648,"S2b: 17 introducing commit(s) across divergent history; base..492394c5 diff on feature files ['udiskie/cli.py', 'udiskie/mount.py', 'udiskie/udisks.py']. CAVEAT: carries all base..tip evolution of those files, possibly including unrelated refactors.",/Users/petermakhnatch/Developer/eval-lab-results/2026-10-07/HAR-191-oracle-sweep/receipts/format-code-task-000698.json,sha256:7058a05792812b9597f775e60bb1f4cde5fd854b452cc0063e4b867a4ff31fd3
format-code-task-000735,oracle:none,,,,/Users/petermakhnatch/Developer/eval-lab-results/2026-10-07/HAR-191-oracle-sweep/receipts/format-code-task-000735.json,sha256:31a31b80bebae7e19e1a00fe529aff070d1084d4f400552ab3c1cd33683a137d
format-code-task-000750,oracle:pass+nop:fail,fed1389236289782c0d7001ab5689dd3a181cc40,56703a11513e8e74e681b4f859f31945b71e746f,"S2b: 28 introducing commit(s) across divergent history; base..56703a11 diff on feature files ['src/posting/app.py', 'src/posting/collection.py']. CAVEAT: carries all base..tip evolution of those files, possibly including unrelated refactors.",/Users/petermakhnatch/Developer/eval-lab-results/2026-10-07/HAR-191-oracle-sweep/receipts/format-code-task-000750.json,sha256:a7cebc2ce3400496d5b305037456c6c472df179edc3d88ded36bf99076741b43
format-code-task-000785,oracle:none,,,,/Users/petermakhnatch/Developer/eval-lab-results/2026-10-07/HAR-191-oracle-sweep/receipts/format-code-task-000785.json,sha256:ae010351df2f8cd9cebd35ff6979361a4fdb97c3cb28f05f2b072203d00d7cb9
format-code-task-000795,oracle:pass+nop:fail,ada80dc384a5c2998006f66fbd59b9080f9f06a0,,"S1: test-file touch; source relevance [], before-blob continuity ['tests/routes/test_mosaic.py'], keyword score 1.5, distance 1.",/Users/petermakhnatch/Developer/eval-lab-results/2026-10-07/HAR-191-oracle-sweep/receipts/format-code-task-000795.json,sha256:8bafabc57d73f934169833e4e9f1341e44267240b3bec83187fea6f38014a3c7
format-code-task-000803,oracle:pass+nop:fail,c11571ea148b51791f75c6fc2c250953dfe3f53b,,"S2a: pickaxe identifier '---' converges on c11571ea 'Fix #42 Default table's text_align should be '---'' (descendant, distance 1); own-diff applies on base.",/Users/petermakhnatch/Developer/eval-lab-results/2026-10-07/HAR-191-oracle-sweep/receipts/format-code-task-000803.json,sha256:ac99a511015a2c31ae7cb56577154096de4df9ca2f40d655450f215cdcb4f740
format-code-task-000812,oracle:pass+nop:fail,27821a818b10c432f2790ec622bf2be8ce923213,,"S1: test-file touch; source relevance [], before-blob continuity ['tests/test_oidc_views.py'], keyword score 2.75, distance 1.",/Users/petermakhnatch/Developer/eval-lab-results/2026-10-07/HAR-191-oracle-sweep/receipts/format-code-task-000812.json,sha256:56ac147e89d572c76112f4f4f1bd6d396526b285406877bf191cb47f448a27c9
format-code-task-000813,oracle:none,,,,/Users/petermakhnatch/Developer/eval-lab-results/2026-10-07/HAR-191-oracle-sweep/receipts/format-code-task-000813.json,sha256:de29f74a1355a60dcf9a2920dd091b848f35be709ce8bac888d2e0b87e82e4d2
format-code-task-000814,oracle:fail,b2bd1ea29893d171b607fb9c373a5a778813cfb2,,"S2a: pickaxe identifier 'click.testing,extends' converges on b2bd1ea2 'feat(formatter): added option to add blank line before tags' (descendant, distance 9); own-diff applies on base.",/Users/petermakhnatch/Developer/eval-lab-results/2026-10-07/HAR-191-oracle-sweep/receipts/format-code-task-000814.json,sha256:9f6426398826d9ec7a9de20fc151b045858c9b6a9523cc2fe06ccfcd415c380d
format-code-task-000821,oracle:pass+nop:fail,cf9ee87a2aadfb3b8678fcc14af91990570ba3b8,,"S1: test-file touch; source relevance [], before-blob continuity ['backend/api/tests/download/test_writer.py'], keyword score 3.0, distance 1.",/Users/petermakhnatch/Developer/eval-lab-results/2026-10-07/HAR-191-oracle-sweep/receipts/format-code-task-000821.json,sha256:5cae905c1659515a420336d395480a423ed0c2e33d96c715e0b95d440d1df897
format-code-task-000823,oracle:fail,707210ae95e2e3961e2eb41312d3c06ca56d15a8,,"S1: test-file touch; source relevance ['compose/cli/command.py', 'compose/cli/main.py'], before-blob continuity [], keyword score 1.0, distance 101.",/Users/petermakhnatch/Developer/eval-lab-results/2026-10-07/HAR-191-oracle-sweep/receipts/format-code-task-000823.json,sha256:8491519933879a3179dde375b73e82c7450b43f0367e052e2d8095096794b903
format-code-task-000832,oracle:pass+nop:fail,e1884b9732d9378167e5536e6563fc6bd56c0689,,"S1: test-file touch; source relevance ['inapppy/asyncio/appstore.py'], before-blob continuity ['tests/asyncio/test_asyncio_appstore.py'], keyword score 1.5, distance 1.",/Users/petermakhnatch/Developer/eval-lab-results/2026-10-07/HAR-191-oracle-sweep/receipts/format-code-task-000832.json,sha256:a9c2cc71303fbc1db84adea538949790a3aa0ab76c1800101d8a30a2a0e218f2
format-code-task-000834,oracle:fail,a29d77e6362a94b9a1763ffb1043acec74546c6b,00866de7a2fcd924ce1646fe5e38e1d4db2ba4ee,"S2b: 4 introducing commit(s) across divergent history; base..00866de7 diff on feature files ['dragonchain/job_processor/job_processor.py', 'dragonchain/job_processor/job_processor_utest.py']. CAVEAT: carries all base..tip evolution of those files, possibly including unrelated refactors.",/Users/petermakhnatch/Developer/eval-lab-results/2026-10-07/HAR-191-oracle-sweep/receipts/format-code-task-000834.json,sha256:f206747d3d2377a41889fde362bde3f6ee914b80954f432a368f80aa3fec7aa2
format-code-task-000838,oracle:pass+nop:fail,8765fc5e4996a8c60db48bc52fb40d8b4a1510a3,,"S1: test-file touch; source relevance [], before-blob continuity ['tests/test_cli.py'], keyword score 4.0, distance 1.",/Users/petermakhnatch/Developer/eval-lab-results/2026-10-07/HAR-191-oracle-sweep/receipts/format-code-task-000838.json,sha256:92b2914085860a6ee95c2533e8cdf606d9157ccf1d79d8d15babd4df4d04160c
format-code-task-000843,oracle:none,,,,/Users/petermakhnatch/Developer/eval-lab-results/2026-10-07/HAR-191-oracle-sweep/receipts/format-code-task-000843.json,sha256:3cb413bfbc825d02078463fb1249c21e36d0b08b801363f11d101153c32f301f
format-code-task-000844,oracle:pass+nop:fail,6e753a0361e46db6ddfbc84e0f6b2d8071c84cbb,ec17a700b0250123da9909ec82db4ecb2516993d,"S2b: 27 introducing commit(s) across divergent history; base..ec17a700 diff on feature files ['hybrid/decomposers.py', 'hybrid/samplers.py']. CAVEAT: carries all base..tip evolution of those files, possibly including unrelated refactors.",/Users/petermakhnatch/Developer/eval-lab-results/2026-10-07/HAR-191-oracle-sweep/receipts/format-code-task-000844.json,sha256:ce1ac0548155e7b342c71cd026842132ab0d245f6a1b0271a5d578426515d265
format-code-task-000852,oracle:fail,96f0609a863a4a0157332ce511ea885d468c2bc8,5d65b0cf9fbf1a5c9e4a4270053bfb00f26f7599,"S2b: 14 introducing commit(s) across divergent history; base..5d65b0cf diff on feature files ['src/pybroker/data.py']. CAVEAT: carries all base..tip evolution of those files, possibly including unrelated refactors.",/Users/petermakhnatch/Developer/eval-lab-results/2026-10-07/HAR-191-oracle-sweep/receipts/format-code-task-000852.json,sha256:5c058dc1468cb03961557c0d0a90f5005264f7a95c87ed920f1ea729125a8f9d
format-code-task-000865,oracle:pass+nop:fail,ae05256ff2b5bcbe5b4c758889ffd97a2efa25e0,,"S1: test-file touch; source relevance [], before-blob continuity ['logstash/tests/logstash_test.py'], keyword score 2.015, distance 3.",/Users/petermakhnatch/Developer/eval-lab-results/2026-10-07/HAR-191-oracle-sweep/receipts/format-code-task-000865.json,sha256:665cab7d069e32cff40fa2a7802011ac009508514953e391082c71caeed888e4
format-code-task-000866,oracle:pass+nop:fail,65b3b02282e3fe288af72a79076e2679a85182f6,,"S1: test-file touch; source relevance [], before-blob continuity ['tests/driver/runner_test.py'], keyword score 2.106, distance 6.",/Users/petermakhnatch/Developer/eval-lab-results/2026-10-07/HAR-191-oracle-sweep/receipts/format-code-task-000866.json,sha256:541aa900d449bfc51366ec8cd42036eecce88c08705e6943a5b6610d03fdb75f
format-code-task-000926,oracle:pass+nop:fail,e0fc898d43a4058afb29520b60c358d706c9ac00,,"S1: test-file touch; source relevance [], before-blob continuity ['tests/test_extensions/test_details.py', 'tests/test_extensions/test_tabbed.py'], keyword score 1.0, distance 1.",/Users/petermakhnatch/Developer/eval-lab-results/2026-10-07/HAR-191-oracle-sweep/receipts/format-code-task-000926.json,sha256:fb53ca55b496cd1d2f80795cb042634370763815325dda6b769756de99f3379b
format-code-task-000927,oracle:pass+nop:fail,7cd8fcd2040b64a26a2b77df6eece1996b8c959a,,"S1: test-file touch; source relevance [], before-blob continuity ['tests/test_api.py'], keyword score 4.429, distance 1.",/Users/petermakhnatch/Developer/eval-lab-results/2026-10-07/HAR-191-oracle-sweep/receipts/format-code-task-000927.json,sha256:0b8d70b58210c0c295155d9b1823e753111be67d4ee79c0da2b01077788f4ad2
format-code-task-000932,oracle:pass+nop:fail,a09b3fabf7836afd12d8828f447d4f42a8c00079,,"S1: test-file touch; source relevance [], before-blob continuity ['tests/test_json.py'], keyword score 1.5, distance 2.",/Users/petermakhnatch/Developer/eval-lab-results/2026-10-07/HAR-191-oracle-sweep/receipts/format-code-task-000932.json,sha256:d67f897919f6f5e5c73e0a14a7aaf7562b784127f9b16075ef9f862c3c724974
format-code-task-000941,oracle:pass+nop:fail,a4026b421a243521557e0f3378be46f192d40617,,"S1: test-file touch; source relevance [], before-blob continuity ['pooch/tests/test_utils.py'], keyword score 3.083, distance 2.",/Users/petermakhnatch/Developer/eval-lab-results/2026-10-07/HAR-191-oracle-sweep/receipts/format-code-task-000941.json,sha256:1c86f4bd85e9f96a45cb4819a9c7a63c916554ce31942a01bc86146b22199238
format-code-task-001189,oracle:pass+nop:fail,1c9ba0a236582d78f482e4ef971750b3afef51c5,,"S1: test-file touch; source relevance [], before-blob continuity ['sdk/python/packages/flet-core/tests/test_navigation_bar.py'], keyword score 1.5, distance 3.",/Users/petermakhnatch/Developer/eval-lab-results/2026-10-07/HAR-191-oracle-sweep/receipts/format-code-task-001189.json,sha256:e61dd8b5b00ac8912af3ef59649f9682d5a616811338986cc0e32a00e7766476
format-code-task-001216,oracle:pass+nop:fail,d9a04cbf3a5b258e41541929037a1736960cf59e,,"S1: test-file touch; source relevance [], before-blob continuity ['tests/test_main.py'], keyword score 1.934, distance 1.",/Users/petermakhnatch/Developer/eval-lab-results/2026-10-07/HAR-191-oracle-sweep/receipts/format-code-task-001216.json,sha256:4e576513d242836ea8da2b7f59c02b55bcb14bd90f5574540a7ec7b3d052fe09
format-code-task-001218,oracle:pass+nop:fail,ed1962ef4c10bc1d17814d5d099183641960315d,,"S1: test-file touch; source relevance [], before-blob continuity ['fsspec/implementations/tests/test_memory.py'], keyword score 0.767, distance 1.",/Users/petermakhnatch/Developer/eval-lab-results/2026-10-07/HAR-191-oracle-sweep/receipts/format-code-task-001218.json,sha256:b6b16e623f97dc6e48ffe32d16fcb03e2db0c705da703362e2f1074d03246a35
format-code-task-001219,oracle:pass+nop:fail,4008015e4846990adecc13e3ef40b2f0a032bb34,247f6fb829ba9bd83b20b9facb1180d66a7adc8b,"S2b: 1 introducing commit(s) across divergent history; base..247f6fb8 diff on feature files ['navsim/common/__init__.py', 'navsim/common/dataclasses.py', 'navsim/common/dataloader.py', 'navsim/common/enums.py']. CAVEAT: carries all base..tip evolution of those files, possibly including unrelated refactors.",/Users/petermakhnatch/Developer/eval-lab-results/2026-10-07/HAR-191-oracle-sweep/receipts/format-code-task-001219.json,sha256:721500c7ed5af35db17046e9a94167533a5069df0d0cacc053e4adb45b073b34
format-code-task-001229,oracle:none,,,,/Users/petermakhnatch/Developer/eval-lab-results/2026-10-07/HAR-191-oracle-sweep/receipts/format-code-task-001229.json,sha256:1e8d871e3fb95d542b6df2a01c21a655910cc48e8e20d7476eef237af603af73
format-code-task-001241,oracle:pass+nop:fail,6543c35deeb5a8120472ef55e370be2483120b32,0423be37ee4e298970ab3e0c4a6f3130a3b77f85,"S2b: 20 introducing commit(s) across divergent history; base..0423be37 diff on feature files ['pyalgotrade/dataseries/resampled.py']. CAVEAT: carries all base..tip evolution of those files, possibly including unrelated refactors.",/Users/petermakhnatch/Developer/eval-lab-results/2026-10-07/HAR-191-oracle-sweep/receipts/format-code-task-001241.json,sha256:5bee129ed4e919b3507be46c259a561c4d6b6f82503bc6106146a6d7b2b5f3df
format-code-task-001242,oracle:patch-conflict,d6cd30bc8727da6fa0a28e5567252cd3cefaa098,,"S1: test-file touch; source relevance [], before-blob continuity ['gcovr/tests/test_args.py'], keyword score 0.167, distance 4.",/Users/petermakhnatch/Developer/eval-lab-results/2026-10-07/HAR-191-oracle-sweep/receipts/format-code-task-001242.json,sha256:a1ececbaad82e5a1c46fdc7c7a617b646f7ce4ce48d89b7e8261a3789a9af824
format-code-task-001246,oracle:pass+nop:fail,c7a004aebbc0f0a0451024838b8678430f2c8712,f743a077292b49408a75e11b7539980656660ff7,"S2b: 22 introducing commit(s) across divergent history; base..f743a077 diff on feature files ['burnman/__init__.py', 'burnman/classes/__init__.py', 'burnman/classes/elasticsolution.py', 'burnman/classes/elasticsolutionmodel.py', 'burnman/classes/solution.py', 'burnman/classes/solutionmodel.py']. CAVEAT: carries all base..tip evolution of those files, possibly including unrelated refactors.",/Users/petermakhnatch/Developer/eval-lab-results/2026-10-07/HAR-191-oracle-sweep/receipts/format-code-task-001246.json,sha256:91dae7160069d5c5c5695afa20bc436a85177413bdf394ece327048061a3f77a
format-code-task-001248,oracle:pass+nop:fail,14972b209b3fc91c4b512268b7de98c29a04c3f6,,"S1: test-file touch; source relevance [], before-blob continuity ['tests/test_core.py'], keyword score 2.5, distance 1.",/Users/petermakhnatch/Developer/eval-lab-results/2026-10-07/HAR-191-oracle-sweep/receipts/format-code-task-001248.json,sha256:cfaa8ccef4c20ccded181cf82f7756da66e9d9ac73a0517bc7a6ad5421e4d721
format-code-task-001250,oracle:none,,,,/Users/petermakhnatch/Developer/eval-lab-results/2026-10-07/HAR-191-oracle-sweep/receipts/format-code-task-001250.json,sha256:eb0929c37c2f3a1a496ea8c384c6a0cc5f065cf070ab0c54a30f3b717c4fb14b
format-code-task-001251,oracle:pass+nop:fail,509e7f716d9447784f362611ac54fcc16c6b11ff,,"S1: test-file touch; source relevance [], before-blob continuity ['geopandas/tests/test_geodataframe.py'], keyword score 1.46, distance 1.",/Users/petermakhnatch/Developer/eval-lab-results/2026-10-07/HAR-191-oracle-sweep/receipts/format-code-task-001251.json,sha256:707d251d7c5665738ce532b740750353fed126bd2d4d22cd950067dfdd10f76a
format-code-task-001259,oracle:pass+nop:fail,eb1d1278516865fd01bf2885ce0e2598c9d4a0af,,"S1: test-file touch; source relevance [], before-blob continuity ['tests/test_s3/test_s3.py'], keyword score 2.0, distance 1.",/Users/petermakhnatch/Developer/eval-lab-results/2026-10-07/HAR-191-oracle-sweep/receipts/format-code-task-001259.json,sha256:621a61b9b803db861679cc12ec6022625c4cd05916e6b8ce86cef99f9544daf5
format-code-task-001262,oracle:none,,,,/Users/petermakhnatch/Developer/eval-lab-results/2026-10-07/HAR-191-oracle-sweep/receipts/format-code-task-001262.json,sha256:b9596f3b9399ed3632948ccd51aa66e6c1685b1c843e3bf6b57ceefb7115b080
format-code-task-001265,oracle:fail,0b9a488c26ecc139b4c64b5635833ba2f410d6c0,96b23e03bd7a2b8a904fafb70d87484f0c81c86e,"S2b: 3 introducing commit(s) across divergent history; base..96b23e03 diff on feature files ['pelican/__init__.py', 'pelican/server.py']. CAVEAT: carries all base..tip evolution of those files, possibly including unrelated refactors.",/Users/petermakhnatch/Developer/eval-lab-results/2026-10-07/HAR-191-oracle-sweep/receipts/format-code-task-001265.json,sha256:3cdbc249d78bebf47c19f54eec6a1f5eeab89bd6f689e9919801165e4b826693
format-code-task-001285,oracle:none,,,,/Users/petermakhnatch/Developer/eval-lab-results/2026-10-07/HAR-191-oracle-sweep/receipts/format-code-task-001285.json,sha256:fa20ccd9b38cec35a064b3500b3cd58c952dcdaa7a20eaf3a2fcf46543c8ccfe
format-code-task-001291,oracle:fail,4c6ec603e21ce81ea37bb69a17a7aaf82f4c4eb2,08f3755c35b78970c192fc628fd90ad4478db09f,"S2b: 26 introducing commit(s) across divergent history; base..08f3755c diff on feature files ['git/repo/base.py']. CAVEAT: carries all base..tip evolution of those files, possibly including unrelated refactors.",/Users/petermakhnatch/Developer/eval-lab-results/2026-10-07/HAR-191-oracle-sweep/receipts/format-code-task-001291.json,sha256:ef3c92b0dec1b09ba9b7c155366d8473422b794caae87e5714a7f547f2bfb3f4
format-code-task-001322,oracle:pass+nop:fail,c9166b5f191adc480be8a513791db518387384bd,,"S1: test-file touch; source relevance [], before-blob continuity ['tests/test_base_scanner.py'], keyword score 3.269, distance 1.",/Users/petermakhnatch/Developer/eval-lab-results/2026-10-07/HAR-191-oracle-sweep/receipts/format-code-task-001322.json,sha256:dfa8d6417aed7027125ae464b6827b04c3e3709eb1fe6b7d140b1ec92c44dedb
format-code-task-001345,oracle:none,,,,/Users/petermakhnatch/Developer/eval-lab-results/2026-10-07/HAR-191-oracle-sweep/receipts/format-code-task-001345.json,sha256:a1f41e163f4a1b50dee6f0032fe8982deb86753bd02e27d9c355e3d8d1698bd2
format-code-task-001360,oracle:fail,b5053bad7c92bb2ee73d99d924b09a48d1498d67,a285e6376f74cd3b8eb812dafcb4ee98e9073f84,"S2b: 46 introducing commit(s) across divergent history; base..a285e637 diff on feature files ['fire/core.py']. CAVEAT: carries all base..tip evolution of those files, possibly including unrelated refactors.",/Users/petermakhnatch/Developer/eval-lab-results/2026-10-07/HAR-191-oracle-sweep/receipts/format-code-task-001360.json,sha256:0587cb26174d1772575b18c1823db6e2a609d51b63b01129b89397d8c890585e
format-code-task-001373,oracle:pass+nop:fail,93eeaef1cce286aa8aa830d2369212b912d184b6,,"S1: test-file touch; source relevance ['google/cloud/logging_v2/handlers/_helpers.py'], before-blob continuity ['tests/unit/handlers/test__helpers.py'], keyword score 0.6, distance 1.",/Users/petermakhnatch/Developer/eval-lab-results/2026-10-07/HAR-191-oracle-sweep/receipts/format-code-task-001373.json,sha256:2b1c35d2cdba43bf94f4a18e5a56648a76183eee6fd6da04df0bbed3a907cdb1
format-code-task-001399,oracle:pass+nop:fail,a51c2bffd9a59c6fa3700c0117b65a2242219a16,,"S1: test-file touch; source relevance [], before-blob continuity ['graphene_django/filter/tests/test_fields.py'], keyword score 1.5, distance 12.",/Users/petermakhnatch/Developer/eval-lab-results/2026-10-07/HAR-191-oracle-sweep/receipts/format-code-task-001399.json,sha256:f8ea9d7813ebe8488f5286188616463e195612abe2284e069f09951d3c8a9405
format-code-task-001416,oracle:fail,749af1a58b5271c285b0de70d75e1dc3749721d9,0469a0677f6ec1ed862c32e5d52aaa2185a88c1a,"S2b: 17 introducing commit(s) across divergent history; base..0469a067 diff on feature files ['asx_gym/envs/__init__.py', 'asx_gym/envs/asx_gym_env.py']. CAVEAT: carries all base..tip evolution of those files, possibly including unrelated refactors.",/Users/petermakhnatch/Developer/eval-lab-results/2026-10-07/HAR-191-oracle-sweep/receipts/format-code-task-001416.json,sha256:b9e3549d633fb494ec2ad3bc8cd83fb2377c5f3fbd3fae159d507dc4f4a84478
format-code-task-001422,oracle:none,,,,/Users/petermakhnatch/Developer/eval-lab-results/2026-10-07/HAR-191-oracle-sweep/receipts/format-code-task-001422.json,sha256:03762dc0058a8fc6f14d16c14b823dfad10fa1560e91e76c8e9ca2d16a86ed4c
format-code-task-001432,oracle:fail,7013796ad8341e627ea0f46cada2a82506be4562,2e530d81be644cf2f6e44561c6acafda61debaee,"S2b: 9 introducing commit(s) across divergent history; base..2e530d81 diff on feature files ['can/interface.py']. CAVEAT: carries all base..tip evolution of those files, possibly including unrelated refactors.",/Users/petermakhnatch/Developer/eval-lab-results/2026-10-07/HAR-191-oracle-sweep/receipts/format-code-task-001432.json,sha256:ea025a08c13627dafbb09abc6e3f3c68c08f92a0bac10a00420b2f0c49836159
format-code-task-001433,oracle:pass+nop:fail,56f153f9ccd8c79388f8642640b4c3d4101a9ac7,2e530d81be644cf2f6e44561c6acafda61debaee,"S2b: 41 introducing commit(s) across divergent history; base..2e530d81 diff on feature files ['can/broadcastmanager.py', 'can/bus.py']. CAVEAT: carries all base..tip evolution of those files, possibly including unrelated refactors.",/Users/petermakhnatch/Developer/eval-lab-results/2026-10-07/HAR-191-oracle-sweep/receipts/format-code-task-001433.json,sha256:02eb422c2d45273f2869a3729eb5e0be2bcf4e04e84bc57421bd853b2a5fabae
format-code-task-001435,oracle:fail,1f30ce0b614a8c506595b42bbcace02e0829c180,ea6fce24e8e396813d53d3599f35a22162fb9280,"S2b: 27 introducing commit(s) across divergent history; base..ea6fce24 diff on feature files ['fasteners/__init__.py', 'fasteners/lock.py']. CAVEAT: carries all base..tip evolution of those files, possibly including unrelated refactors.",/Users/petermakhnatch/Developer/eval-lab-results/2026-10-07/HAR-191-oracle-sweep/receipts/format-code-task-001435.json,sha256:e88e4b3057baf66589fb4b3f74e77868687a655a496a20c817890bed4d95d797
format-code-task-001462,oracle:pass+nop:fail,9bea7ca2f5878511f725ac7c200941dc07d50d05,15b4cbbdbf863438b7fdb9728d5c022d85bfaf31,"S2b: 5 introducing commit(s) across divergent history; base..15b4cbbd diff on feature files ['src/jmcomic/__init__.py', 'src/jmcomic/api.py', 'src/jmcomic/jm_client_impl.py', 'src/jmcomic/jm_config.py', 'src/jmcomic/jm_downloader.py', 'src/jmcomic/jm_entity.py', 'src/jmcomic/jm_exception.py', 'src/jmcomic/jm_feature.py', 'src/jmcomic/jm_option.py', 'src/jmcomic/jm_plugin.py', 'src/jmcomic/jm_toolkit.py']. CAVEAT: carries all base..tip evolution of those files, possibly including unrelated refactors.",/Users/petermakhnatch/Developer/eval-lab-results/2026-10-07/HAR-191-oracle-sweep/receipts/format-code-task-001462.json,sha256:ebaa96a3384dd5beef634d5a476a8f95b579350ccd0974917ceec26401579438
format-code-task-001471,oracle:pass+nop:fail,1cf48eb78b244e3e231565bcfb184f2b294e3d3f,14dadeb0e962ff707aba889c85979155d25245ce,"S2b: 2 introducing commit(s) across divergent history; base..14dadeb0 diff on feature files ['.gitignore', '.pre-commit-config.yaml', 'Makefile', 'data/aime_splits/aime_2024.jsonl', 'data/aime_splits/aime_2025.jsonl', 'data/gsm8k_splits/test.jsonl', 'data/gsm8k_splits/train.jsonl', 'data/math_splits/test.jsonl', 'data/math_splits/train.jsonl', 'mathruler/__init__.py', 'mathruler/demo.py', 'mathruler/generate.py', 'mathruler/grader.py', 'mathruler/interface.py', 'mathruler/math_normalize.py', 'pyproject.toml', 'requirements.txt', 'scripts/aime_to_math.py', 'scripts/gsm8k_to_math.py', 'setup.py']. CAVEAT: carries all base..tip evolution of those files, possibly including unrelated refactors.",/Users/petermakhnatch/Developer/eval-lab-results/2026-10-07/HAR-191-oracle-sweep/receipts/format-code-task-001471.json,sha256:1e432b6de3aac3f86a296798e29b925267290c6deabb1707a4f8750a82bca0a1
format-code-task-001477,oracle:patch-conflict,59229c1fc1787424fc6dd1a19a3f824691bcd94e,,"S1: test-file touch; source relevance ['holoviews/core/dimension.py', 'holoviews/core/options.py', 'holoviews/ipython/display_hooks.py', 'holoviews/plotting/plot.py', 'holoviews/plotting/plotly/chart.py', 'holoviews/plotting/plotly/element.py', 'holoviews/plotting/renderer.py'], before-blob continuity [], keyword score 0, distance None.",/Users/petermakhnatch/Developer/eval-lab-results/2026-10-07/HAR-191-oracle-sweep/receipts/format-code-task-001477.json,sha256:f716d59f67c19221b3a9416524489df13359383f9483ffbd5ed523e6be1b1071
format-code-task-001478,oracle:pass+nop:fail,59b3cab7dba57eb7778c525b842b4cd220fb0530,7739b953dc8890676e05f76ab66a0310bbb44c86,"S2b: 45 introducing commit(s) across divergent history; base..7739b953 diff on feature files ['spatialpandas/__init__.py', 'spatialpandas/dask.py', 'spatialpandas/geodataframe.py', 'spatialpandas/geometry/base.py', 'spatialpandas/geometry/line.py', 'spatialpandas/geometry/multiline.py', 'spatialpandas/geometry/multipoint.py', 'spatialpandas/geometry/multipolygon.py', 'spatialpandas/geometry/polygon.py', 'spatialpandas/geoseries.py']. CAVEAT: carries all base..tip evolution of those files, possibly including unrelated refactors.",/Users/petermakhnatch/Developer/eval-lab-results/2026-10-07/HAR-191-oracle-sweep/receipts/format-code-task-001478.json,sha256:6bb6f8a8da39e46d0947200dcacbaf416ff31f93b0fa3f384d275b73d8f00916
format-code-task-001552,oracle:pass+nop:fail,19a59aa5e86f320870625c4349c9ddb1cc672417,,"S1: test-file touch; source relevance [], before-blob continuity ['ibis/tests/expr/test_relocate.py'], keyword score 2.0, distance 9.",/Users/petermakhnatch/Developer/eval-lab-results/2026-10-07/HAR-191-oracle-sweep/receipts/format-code-task-001552.json,sha256:fa168234bec182a1f78b9b106bb956cc6778e04b49fc628c6b6520e723c12548
format-code-task-001553,oracle:pass+nop:fail,c00e2d0438ca9787c0952d6dfeda77bed6f5e8b8,4400242ce53e79c0e73144804c52c2120b3693af,"S2b: 7 introducing commit(s) across divergent history; base..4400242c diff on feature files ['msclip/inference/__init__.py', 'msclip/inference/classification.py', 'msclip/inference/retrieval.py', 'msclip/inference/utils.py']. CAVEAT: carries all base..tip evolution of those files, possibly including unrelated refactors.",/Users/petermakhnatch/Developer/eval-lab-results/2026-10-07/HAR-191-oracle-sweep/receipts/format-code-task-001553.json,sha256:0408f5002110646d0b9bdbac191dc9d7e739adda030c81a3887c1aef6a020433
format-code-task-001558,oracle:pass+nop:fail,520fe62f02f3c566bb46ab3121eed38b379dc1b9,,"S1: test-file touch; source relevance ['imageio/plugins/pillow.py'], before-blob continuity ['tests/test_pillow.py'], keyword score 6.0, distance 1.",/Users/petermakhnatch/Developer/eval-lab-results/2026-10-07/HAR-191-oracle-sweep/receipts/format-code-task-001558.json,sha256:40d2a4b3627e74b61924e449e71bf60803a2b284fe506b576315dd0d2e6373d8
format-code-task-001559,oracle:none,,,,/Users/petermakhnatch/Developer/eval-lab-results/2026-10-07/HAR-191-oracle-sweep/receipts/format-code-task-001559.json,sha256:0f346d93f8d5b52a099cb1cd5b4763f5ba159f70079fd732c0406d957ed285c8
format-code-task-001567,oracle:none,,,,/Users/petermakhnatch/Developer/eval-lab-results/2026-10-07/HAR-191-oracle-sweep/receipts/format-code-task-001567.json,sha256:6ebfbab56fada5736de37adbc94859ba398e528c39d76ded0d9b264c58bc2812
format-code-task-001568,oracle:none,,,,/Users/petermakhnatch/Developer/eval-lab-results/2026-10-07/HAR-191-oracle-sweep/receipts/format-code-task-001568.json,sha256:25264dfdfa85f01e986d1d27176bcab2d74c8aa1635e9ca975d46b533e3cd081
format-code-task-001571,oracle:none,,,,/Users/petermakhnatch/Developer/eval-lab-results/2026-10-07/HAR-191-oracle-sweep/receipts/format-code-task-001571.json,sha256:4d31437578e6677faffd89177f25e0c898369bf85e8b7fbcb6f7a1a4aeb76e3b
format-code-task-001583,oracle:none,,,,/Users/petermakhnatch/Developer/eval-lab-results/2026-10-07/HAR-191-oracle-sweep/receipts/format-code-task-001583.json,sha256:f5447dd744fb64702a4bc21e999aa51d05c1fd24cf4aef4e768ecd92c85a6822
format-code-task-001587,oracle:pass+nop:fail,b1018a8a52ba2a938d2ce1c7e411adf44c764771,,"S1: test-file touch; source relevance [], before-blob continuity ['irrd/server/whois/tests/test_query_parser.py'], keyword score 8.5, distance 1.",/Users/petermakhnatch/Developer/eval-lab-results/2026-10-07/HAR-191-oracle-sweep/receipts/format-code-task-001587.json,sha256:104b04637b12e93b5c8f1edada93682147dc59d98a3aaa259e74066850517d1d
format-code-task-001606,oracle:none,,,,/Users/petermakhnatch/Developer/eval-lab-results/2026-10-07/HAR-191-oracle-sweep/receipts/format-code-task-001606.json,sha256:6f96e1128a5a8703fa5c7ca9cf43716d869226a37942c4bb0d67d87431f54f2d
format-code-task-001608,oracle:none,,,,/Users/petermakhnatch/Developer/eval-lab-results/2026-10-07/HAR-191-oracle-sweep/receipts/format-code-task-001608.json,sha256:ecc02bfe2e5d4c58007f039bd05f6cfd3748daca2886f41f302bc39fd24aa2bc
format-code-task-001609,oracle:fail,e9c797c3f725f9267f6a6068eff605c83070643b,c5fc4893097bcecc93bf13a0aad504abc5d05cd2,"S2b: 20 introducing commit(s) across divergent history; base..c5fc4893 diff on feature files ['fabulous/text.py']. CAVEAT: carries all base..tip evolution of those files, possibly including unrelated refactors.",/Users/petermakhnatch/Developer/eval-lab-results/2026-10-07/HAR-191-oracle-sweep/receipts/format-code-task-001609.json,sha256:e7520a03f56486be6e67cf746210ac49205c35c7990d5437f2042a626c720fb1
format-code-task-001612,oracle:pass+nop:fail,b5e7b60d6a2381941e9c1b09a028cbbae67758c2,,"S1: test-file touch; source relevance [], before-blob continuity ['tests/lax_numpy_reducers_test.py'], keyword score 2.8, distance 1.",/Users/petermakhnatch/Developer/eval-lab-results/2026-10-07/HAR-191-oracle-sweep/receipts/format-code-task-001612.json,sha256:d4973d2eee2b005d5fbe5033c3d23bf4f7cee30a3b3f6f1d6059c6135783510d
format-code-task-001614,oracle:pass+nop:fail,7b6fb4911936fa2e10edd5f859eca1f64e9a604f,,"S1: test-file touch; source relevance [], before-blob continuity ['tests/lax_numpy_indexing_test.py'], keyword score 2.011, distance 1.",/Users/petermakhnatch/Developer/eval-lab-results/2026-10-07/HAR-191-oracle-sweep/receipts/format-code-task-001614.json,sha256:7440428a05676af6472b30e8aea179410e11506600c4dd0bd788c282301d68c8
format-code-task-001615,oracle:pass+nop:fail,29da53072e93f167d692d5356808161d3d6189c5,,"S1: test-file touch; source relevance [], before-blob continuity ['tests/test_oidc_views.py'], keyword score 8.0, distance 1.",/Users/petermakhnatch/Developer/eval-lab-results/2026-10-07/HAR-191-oracle-sweep/receipts/format-code-task-001615.json,sha256:66e6088d4579ed65383f3d8bdefb0bb16473438cf1b844dd0323a732ef3b2dd3
format-code-task-001622,oracle:none,,,,/Users/petermakhnatch/Developer/eval-lab-results/2026-10-07/HAR-191-oracle-sweep/receipts/format-code-task-001622.json,sha256:e1a3dbd8a96dfadfeeee84ab8399222b1be0e8ff7cc579df996fa335fc9bc7cd
format-code-task-001627,oracle:pass+nop:fail,a4d96aa2df464b569a3fa96efa3fa50a888b48ef,038c2ed9acd4022fd3444efacf0395111e03c797,"S2b: 34 introducing commit(s) across divergent history; base..038c2ed9 diff on feature files ['elastalert/ruletypes.py']. CAVEAT: carries all base..tip evolution of those files, possibly including unrelated refactors.",/Users/petermakhnatch/Developer/eval-lab-results/2026-10-07/HAR-191-oracle-sweep/receipts/format-code-task-001627.json,sha256:1c82c97fa8f9e7a90f906ccafcdad3e791e2ebe5a833050693bf8ca75d8f6fdb
format-code-task-001639,oracle:pass+nop:fail,2132b9dae6bca4ca744249a59ccca1997241cd04,c2a85e72e3ef333c399b8132693828d2c35ca61e,"S2b: 1 introducing commit(s) across divergent history; base..c2a85e72 diff on feature files ['CMakeLists.txt', 'Options.h', 'STDSeg.cpp', 'STDSeg.h', 'basic/Action.h', 'basic/Argument_helper.h', 'basic/Instance.h', 'basic/InstanceReader.h', 'basic/InstanceWriter.h', 'basic/NewConcat.h', 'basic/Pipe.h', 'basic/Reader.h', 'basic/SegLookupTable.h', 'basic/Utf.h', 'basic/Writer.h', 'basic/io.h', 'cleanall.sh', 'debug.sh', 'feature/DenseFeature.h', 'feature/DenseFeatureChar.h', 'feature/DenseFeatureExtraction.h', 'feature/DenseFeatureExtraction_nolast.h', 'feature/DenseFeatureForward.h', 'feature/DenseFeatureNew.h', 'feature/Feature.h', 'feature/FeatureExtraction.h', 'feature/HiddenForward.h', 'model/CharLSTMSTD.h', 'model/CharLSTMSTD_noword.h', 'state/NeuralState.h', 'state/State.h']. CAVEAT: carries all base..tip evolution of those files, possibly including unrelated refactors.",/Users/petermakhnatch/Developer/eval-lab-results/2026-10-07/HAR-191-oracle-sweep/receipts/format-code-task-001639.json,sha256:0a60c168cdc564b82cad458a1e4994c33ae4046bc5f2ec6924a0e90482e30dd1
format-code-task-001641,oracle:pass+nop:fail,c5b6cbf19a4671f54ddfd835f18676ee820a93db,13b4e06a83d21b47a0fde3f4b80a0aedcda5e293,"S2b: 10 introducing commit(s) across divergent history; base..13b4e06a diff on feature files ['django_tables2/templatetags/django_tables2.py']. CAVEAT: carries all base..tip evolution of those files, possibly including unrelated refactors.",/Users/petermakhnatch/Developer/eval-lab-results/2026-10-07/HAR-191-oracle-sweep/receipts/format-code-task-001641.json,sha256:33a905208146219ca82d358bfdd8812144dbfb92682cd46ab04e286fead93961
format-code-task-001645,oracle:none,,,,/Users/petermakhnatch/Developer/eval-lab-results/2026-10-07/HAR-191-oracle-sweep/receipts/format-code-task-001645.json,sha256:a30e8f4319b1a9792d5741e3485b3fddca2b8106bedc7ed59bd1c9e4a3c880ca
format-code-task-001659,oracle:none,,,,/Users/petermakhnatch/Developer/eval-lab-results/2026-10-07/HAR-191-oracle-sweep/receipts/format-code-task-001659.json,sha256:7f34f43680bb2d325ec4c310d78c0d5221ec2931098d1bf0506866271b65a6b7
format-code-task-001661,oracle:none,,,,/Users/petermakhnatch/Developer/eval-lab-results/2026-10-07/HAR-191-oracle-sweep/receipts/format-code-task-001661.json,sha256:7281bec0244739c8c679d5ae2252ca13dcfd8d442b5993c4cb1347dbd7a78f7c
format-code-task-001670,oracle:none,,,,/Users/petermakhnatch/Developer/eval-lab-results/2026-10-07/HAR-191-oracle-sweep/receipts/format-code-task-001670.json,sha256:66fac72778e8fe08766c4a9aff6104ed86fcb65e50120428debdbb82e111a4cf
format-code-task-001671,oracle:pass+nop:fail,45299ce26c67b93f92c628c0bf3f06e43d90e8a0,a4f43ba0b24615c6f5279cc94fffb187ac502361,"S2b: 16 introducing commit(s) across divergent history; base..a4f43ba0 diff on feature files ['kubespawner/slugs.py', 'kubespawner/spawner.py']. CAVEAT: carries all base..tip evolution of those files, possibly including unrelated refactors.",/Users/petermakhnatch/Developer/eval-lab-results/2026-10-07/HAR-191-oracle-sweep/receipts/format-code-task-001671.json,sha256:d97617097ad95bc4457b8f7fb145fb7da1dc4b0d77b52315d82eb386c75e3d6b
format-code-task-001695,oracle:patch-conflict,08a695dc46bb6801b51c45bafd35d86b9b87b8cd,,"S1: test-file touch; source relevance [], before-blob continuity ['tests/test_mapping.py'], keyword score 0.5, distance 24.",/Users/petermakhnatch/Developer/eval-lab-results/2026-10-07/HAR-191-oracle-sweep/receipts/format-code-task-001695.json,sha256:ed03a438c0160c4def6b3a6d07149117338119513af678d93cd402027c305057
format-code-task-001708,oracle:fail,aef89d31616f787e428de8ab0511df39ecfa1af6,,"S1: test-file touch; source relevance [], before-blob continuity ['tests/test_main.py'], keyword score 0, distance 5.",/Users/petermakhnatch/Developer/eval-lab-results/2026-10-07/HAR-191-oracle-sweep/receipts/format-code-task-001708.json,sha256:fc089eccc53f302c9b0a3b912d39f2cee909fe4f87bc94ad58d8888007f6b4ba
format-code-task-001709,oracle:none,,,,/Users/petermakhnatch/Developer/eval-lab-results/2026-10-07/HAR-191-oracle-sweep/receipts/format-code-task-001709.json,sha256:aadb81880ccee4eafc8ae8112f225d652c287c6b07784eb059321a5ca9bcad50
format-code-task-001710,oracle:none,,,,/Users/petermakhnatch/Developer/eval-lab-results/2026-10-07/HAR-191-oracle-sweep/receipts/format-code-task-001710.json,sha256:361303219639ff24b77317f1a21fa72999bd13e1e2013ba18024e9e16c2e3d91
format-code-task-001711,oracle:none,,,,/Users/petermakhnatch/Developer/eval-lab-results/2026-10-07/HAR-191-oracle-sweep/receipts/format-code-task-001711.json,sha256:9c45de55d392356458ea275648ea52913fac300c074cae0fd2186ec269e78d50
format-code-task-001750,oracle:pass+nop:fail,081616eaa546601d2eebfa2052e54ad0578613f4,,"S1: test-file touch; source relevance [], before-blob continuity ['kymatio/scattering3d/tests/test_scattering3d.py'], keyword score 3.5, distance 2.",/Users/petermakhnatch/Developer/eval-lab-results/2026-10-07/HAR-191-oracle-sweep/receipts/format-code-task-001750.json,sha256:c756eb4a3b5d82982ad46360f07ede85eb13049b40e2d2ce3741d996e42818fc
format-code-task-001760,oracle:pass+nop:fail,59f774f14d1aedc57154393e70d444ad15fb2513,c169b26a5bec9d47e590bf4be83691bcbdfe7b6b,"S2b: 31 introducing commit(s) across divergent history; base..c169b26a diff on feature files ['lark/load_grammar.py']. CAVEAT: carries all base..tip evolution of those files, possibly including unrelated refactors.",/Users/petermakhnatch/Developer/eval-lab-results/2026-10-07/HAR-191-oracle-sweep/receipts/format-code-task-001760.json,sha256:554c82932e0dab405da03ab6b9bfead1cf67cd5a3c4cdb2abaf499e1927af9d5
format-code-task-001762,oracle:pass+nop:fail,2f342bf60adea543f09633ee7fde8f989f2cab02,51c31a19bfdeaf8a3b342294de118c23c4cb5825,"S2b: 7 introducing commit(s) across divergent history; base..51c31a19 diff on feature files ['plumber/api/__init__.py', 'plumber/api/exceptions.py', 'plumber/api/filesystem.py', 'plumber/api/games.py', 'plumber/api/importer.py']. CAVEAT: carries all base..tip evolution of those files, possibly including unrelated refactors.",/Users/petermakhnatch/Developer/eval-lab-results/2026-10-07/HAR-191-oracle-sweep/receipts/format-code-task-001762.json,sha256:88923b884898a290eff58e8c0307b9f04a8464741efe1bef9881fdd0a8dd4dd8
format-code-task-001769,oracle:none,,,,/Users/petermakhnatch/Developer/eval-lab-results/2026-10-07/HAR-191-oracle-sweep/receipts/format-code-task-001769.json,sha256:d0d90c10d01d4b1c8093790349a71f748e5d226274bc42385ab721d249b7c619
format-code-task-001793,oracle:pass+nop:fail,068fad465021ada94879b2559d495e7aba8c423a,aa814f0953ce87579f337749e5bfeaae3e92045f,"S2b: 26 introducing commit(s) across divergent history; base..aa814f09 diff on feature files ['src/iris/vendors/__init__.py', 'src/iris/vendors/iris_dummy.py', 'src/iris/vendors/iris_slack.py', 'src/iris/vendors/iris_smtp.py', 'src/iris/vendors/iris_twilio.py']. CAVEAT: carries all base..tip evolution of those files, possibly including unrelated refactors.",/Users/petermakhnatch/Developer/eval-lab-results/2026-10-07/HAR-191-oracle-sweep/receipts/format-code-task-001793.json,sha256:655856e8cede35ca958e02ccd9c6c0047c8de6624703c331cd61855f575b7dd1
format-code-task-001803,oracle:fail,da71f97d6e49cf991312d7040bff78b2d1a2ef0e,97dc3405ec8e8c5ad3d3ad95cae7f12e4f17b5b0,"S2b: 3 introducing commit(s) across divergent history; base..97dc3405 diff on feature files ['lib/models/tracker_model.py']. CAVEAT: carries all base..tip evolution of those files, possibly including unrelated refactors.",/Users/petermakhnatch/Developer/eval-lab-results/2026-10-07/HAR-191-oracle-sweep/receipts/format-code-task-001803.json,sha256:fd1138c1956148c21ff6e043a8969974fb02d8652fad36d43b3e3d77fe6ff8f9
format-code-task-001804,oracle:pass+nop:fail,1790fc0f250a8ec2e3ab9f06257bd24024ebeba2,,"S2a: pickaxe identifier 'llama_stack.core.library_client' converges on 1790fc0f 'feat: Remove initialize() Method from LlamaStackAsLibrary (#2979)' (descendant, distance 1); own-diff applies on base.",/Users/petermakhnatch/Developer/eval-lab-results/2026-10-07/HAR-191-oracle-sweep/receipts/format-code-task-001804.json,sha256:2d8aea21ec77204cf68be2658e096fdccfafe40e44d622d2bad216ed5e3ade22
format-code-task-001809,oracle:pass+nop:fail,86db835beb39f1e86876ea9f61fd13c031651fcc,,"S1: test-file touch; source relevance [], before-blob continuity ['tests/unit/test_sqs.py'], keyword score 7.375, distance 4.",/Users/petermakhnatch/Developer/eval-lab-results/2026-10-07/HAR-191-oracle-sweep/receipts/format-code-task-001809.json,sha256:5621a1f3d0de1428c222738d7a793c224e47b41abd5b1fa5d9b0e10631aa7cc0
format-code-task-001810,oracle:patch-conflict,71da042909a22d74b4dc96a05332d1826868eeec,,"S1: test-file touch; source relevance [], before-blob continuity ['locust/test/test_parser.py'], keyword score 0, distance 238.",/Users/petermakhnatch/Developer/eval-lab-results/2026-10-07/HAR-191-oracle-sweep/receipts/format-code-task-001810.json,sha256:7a332b6fd7e334327f1a7ee58c0fbdaf39c5b641920689bdfbc01906d7da917d
format-code-task-001811,oracle:pass+nop:fail,bdea5444403f9b67007bf427d28e8e640fcffb87,,"S1: test-file touch; source relevance [], before-blob continuity ['locust/test/test_runners.py'], keyword score 1.5, distance 1.",/Users/petermakhnatch/Developer/eval-lab-results/2026-10-07/HAR-191-oracle-sweep/receipts/format-code-task-001811.json,sha256:2160c8920ac5e0713921607e7f5e63cff42946e5f1fb3b9a65357bb6637ca8d2
format-code-task-001820,oracle:fail,9668980e999c304391b0d42e2516298ba0568c8c,05378e4c263ec6901421d7edcfd9765ddb743698,"S2b: 15 introducing commit(s) across divergent history; base..05378e4c diff on feature files ['marshmallow_dataclass/__init__.py']. CAVEAT: carries all base..tip evolution of those files, possibly including unrelated refactors.",/Users/petermakhnatch/Developer/eval-lab-results/2026-10-07/HAR-191-oracle-sweep/receipts/format-code-task-001820.json,sha256:9a30a95b991fde76334eedc14816708143f5285efc8f520cd7daeb4ba35a2341
format-code-task-001824,oracle:pass+nop:fail,e201953c9d97a291ec7cd02ef41b68181e4a050e,,"S1: test-file touch; source relevance [], before-blob continuity ['tests/ludwig/utils/test_schema.py'], keyword score 2.1, distance 1.",/Users/petermakhnatch/Developer/eval-lab-results/2026-10-07/HAR-191-oracle-sweep/receipts/format-code-task-001824.json,sha256:2844d5fa284fc49ba6af8d3518dcff82d6e4d0a482d7df9480f721d0afa00549
format-code-task-001831,oracle:pass+nop:fail,703d6789a97532cc360228d8bfa9100192ad1da7,815f55b1c56b1bca47baf795972d92ff5c7b760d,"S2b: 5 introducing commit(s) across divergent history; base..815f55b1 diff on feature files ['siuba/siu/__init__.py', 'siuba/siu/calls.py', 'siuba/siu/dispatchers.py', 'siuba/siu/symbolic.py']. CAVEAT: carries all base..tip evolution of those files, possibly including unrelated refactors.",/Users/petermakhnatch/Developer/eval-lab-results/2026-10-07/HAR-191-oracle-sweep/receipts/format-code-task-001831.json,sha256:113693c9bbf14d3c1215ce28a8b767c748f589f111aee018c9b473b3720d4fed
format-code-task-001832,oracle:none,,,,/Users/petermakhnatch/Developer/eval-lab-results/2026-10-07/HAR-191-oracle-sweep/receipts/format-code-task-001832.json,sha256:7a03868fea89dc4b079d9c3be7f0fe3d3e2ad988d95cab521cc1f7a92d832a1b
format-code-task-001835,oracle:pass+nop:fail,4a272ba6adeb742e185dd40e1e6637de6ad25e94,,"S1: test-file touch; source relevance ['icloudpy/services/photos.py'], before-blob continuity ['tests/test_photos.py'], keyword score 6.0, distance 1.",/Users/petermakhnatch/Developer/eval-lab-results/2026-10-07/HAR-191-oracle-sweep/receipts/format-code-task-001835.json,sha256:b6860b69425431dfd7ceeff6bb66212b4385cf805587a7d57b9f67a108a26d05
format-code-task-001836,oracle:none,,,,/Users/petermakhnatch/Developer/eval-lab-results/2026-10-07/HAR-191-oracle-sweep/receipts/format-code-task-001836.json,sha256:f2f345306cbd9548e00413f95325d509f749a9fe6e396dc035ade673d2935d2d
format-code-task-001865,oracle:none,,,,/Users/petermakhnatch/Developer/eval-lab-results/2026-10-07/HAR-191-oracle-sweep/receipts/format-code-task-001865.json,sha256:dff2af0db18adf05280cc95fd2df8a3c3eb89b29cb8994404a06bf2f663942b3
format-code-task-001870,oracle:pass+nop:fail,17c3678d0e59b997207bdedb73d8677aa68a8bae,,"S2a: pickaxe identifier 'blockquote' converges on 17c3678d 'optimize empty-line handling for li and blockquote content' (descendant, distance 1); own-diff applies on base.",/Users/petermakhnatch/Developer/eval-lab-results/2026-10-07/HAR-191-oracle-sweep/receipts/format-code-task-001870.json,sha256:be5cf80bcb8ff71e8f6212c7929e9a849b1aff95641fb115b92f1d1ce1d7f197
format-code-task-001872,oracle:patch-conflict,8f81cb4bc0da6e7a655f47dd183f23a95d10f7fc,593ebe6b2dd77394047c98dd440e3e89418e42c1,"S2b: 32 introducing commit(s) across divergent history; base..593ebe6b diff on feature files ['ligan/__init__.py', 'ligan/atom_fitting.py', 'ligan/atom_grids.py', 'ligan/atom_structs.py', 'ligan/atom_types.py', 'ligan/bond_adding.py', 'ligan/common.py', 'ligan/data.py', 'ligan/dkoes_fitting.py', 'ligan/generating.py', 'ligan/interpolation.py', 'ligan/loss_fns.py', 'ligan/metrics.py', 'ligan/models.py', 'ligan/molecules.py', 'ligan/training.py']. CAVEAT: carries all base..tip evolution of those files, possibly including unrelated refactors.",/Users/petermakhnatch/Developer/eval-lab-results/2026-10-07/HAR-191-oracle-sweep/receipts/format-code-task-001872.json,sha256:635e0947286b11b71960d17a1acc9b05e224a23ab0c8c977ccc116340b975800
format-code-task-001886,oracle:pass+nop:fail,5ce827fde7efddaae1eadbe8f1305c1db75b6831,ed057ba7f884e0fb267809707b2657ca034359a6,"S2b: 4 introducing commit(s) across divergent history; base..ed057ba7 diff on feature files ['libfmp/c3/__init__.py', 'libfmp/c3/c3s1_audio_feature.py', 'libfmp/c3/c3s1_post_processing.py', 'libfmp/c3/c3s1_transposition_tuning.py', 'libfmp/c3/c3s2_dtw.py', 'libfmp/c3/c3s2_dtw_plot.py', 'libfmp/c3/c3s3_tempo_curve.py']. CAVEAT: carries all base..tip evolution of those files, possibly including unrelated refactors.",/Users/petermakhnatch/Developer/eval-lab-results/2026-10-07/HAR-191-oracle-sweep/receipts/format-code-task-001886.json,sha256:a1fad9f820450cb2de386b844d29236fb729c9a19dd448a5a7075f41eee8bf88
format-code-task-001887,oracle:none,,,,/Users/petermakhnatch/Developer/eval-lab-results/2026-10-07/HAR-191-oracle-sweep/receipts/format-code-task-001887.json,sha256:f81d6c868fea16b737ecc775073b93bde3b3ca5296d635be365ad8e8b70cc7ac
format-code-task-001891,oracle:pass+nop:fail,c893fc84f12e3ad67033c2fa70bc04e206d2ab85,,"S1: test-file touch; source relevance ['mesonbuild/environment.py'], before-blob continuity ['unittests/internaltests.py'], keyword score 3.233, distance 6.",/Users/petermakhnatch/Developer/eval-lab-results/2026-10-07/HAR-191-oracle-sweep/receipts/format-code-task-001891.json,sha256:3af23ad0794f3b40207a18de97efcc9fc4c9e230f4bdbb8e46c7ba090d004dea
format-code-task-001896,oracle:none,,,,/Users/petermakhnatch/Developer/eval-lab-results/2026-10-07/HAR-191-oracle-sweep/receipts/format-code-task-001896.json,sha256:a616c127c86f09f23232eff4810c00fbcee7a739a54b9c05c685f3c0d5a4778d
format-code-task-001897,oracle:none,,,,/Users/petermakhnatch/Developer/eval-lab-results/2026-10-07/HAR-191-oracle-sweep/receipts/format-code-task-001897.json,sha256:e9f28b6db44e81fdd174c04c0a42e5535466c9d19176c4f63c8f510419e8b3cc
format-code-task-001914,oracle:pass+nop:fail,9036fabf140e8b3015a947ad3710c08a86097506,,"S1: test-file touch; source relevance [], before-blob continuity ['onnxscript/ir/_tape_test.py'], keyword score 7.5, distance 1.",/Users/petermakhnatch/Developer/eval-lab-results/2026-10-07/HAR-191-oracle-sweep/receipts/format-code-task-001914.json,sha256:9dab66d29eca8b8417f505aecdd67fcf705bdd651df97ce742b26bb1af2af321
format-code-task-001918,oracle:none,,,,/Users/petermakhnatch/Developer/eval-lab-results/2026-10-07/HAR-191-oracle-sweep/receipts/format-code-task-001918.json,sha256:7b71956b411a37bd288ed45e2a44f577279fe9beed71b69ce60c129d8ffecd96
format-code-task-001926,oracle:none,,,,/Users/petermakhnatch/Developer/eval-lab-results/2026-10-07/HAR-191-oracle-sweep/receipts/format-code-task-001926.json,sha256:a72ffb9fa4425b73759e2e63f57e61d8ffc7c2b4e822a32d571833bec6563b41
format-code-task-001940,oracle:pass+nop:fail,f212dd3b92f51a64795fdbb30aefd0a730393523,,"S1: test-file touch; source relevance [], before-blob continuity ['tests/test_finder.py'], keyword score 1.447, distance 1.",/Users/petermakhnatch/Developer/eval-lab-results/2026-10-07/HAR-191-oracle-sweep/receipts/format-code-task-001940.json,sha256:fe0d3faffaf0eaa0280020604c392bfbe57c995ec7c3542dd7985e21937b2344
format-code-task-001946,oracle:pass+nop:fail,d9964f568a02c8f9d900c84ebb8e857dfcad9844,,"S1: test-file touch; source relevance [], before-blob continuity ['mne/decoding/tests/test_search_light.py'], keyword score 3.0, distance 2.",/Users/petermakhnatch/Developer/eval-lab-results/2026-10-07/HAR-191-oracle-sweep/receipts/format-code-task-001946.json,sha256:7fa9e4f48562dfcd3430bf6e5fff0f3781bd49e7e4d6812119ca820a6d5423f9
format-code-task-001954,oracle:pass+nop:fail,16d3528b4c435c58f6fbeab16a6783bfaffedcfa,,"S1: test-file touch; source relevance [], before-blob continuity ['modin/pandas/test/test_series.py'], keyword score 0.85, distance 1.",/Users/petermakhnatch/Developer/eval-lab-results/2026-10-07/HAR-191-oracle-sweep/receipts/format-code-task-001954.json,sha256:501ce7d36df025c716d1b5564bd9a196d7d43f8533a535d4d765be1a9c467016
format-code-task-001966,oracle:fail,a2c78c9063658d566cfe3d12c12b2d47c9672222,14dc48c38ea14546ba41f4f31cf3a0bace722217,"S2b: 16 introducing commit(s) across divergent history; base..14dc48c3 diff on feature files ['mongoengine/fields.py', 'mongoengine/queryset.py']. CAVEAT: carries all base..tip evolution of those files, possibly including unrelated refactors.",/Users/petermakhnatch/Developer/eval-lab-results/2026-10-07/HAR-191-oracle-sweep/receipts/format-code-task-001966.json,sha256:4f8d530897dc3f88bc2c3924554b7e287252fcadf3c5479f573e6bc0355fdb4d
format-code-task-001971,oracle:pass+nop:fail,e0ee0c0f456b94750ca2bfca3b1f20483886494c,,"S1: test-file touch; source relevance [], before-blob continuity ['more_itertools/tests/test_more.py'], keyword score 4.0, distance 2.",/Users/petermakhnatch/Developer/eval-lab-results/2026-10-07/HAR-191-oracle-sweep/receipts/format-code-task-001971.json,sha256:6ba39f13393c5e557bf3e0564441580e06028493fbd8f7e3dac684db8d01a8a4
format-code-task-001973,oracle:pass+nop:fail,f0d5dbb4f73c86665b7a33bfa1f530d840959784,3c2ba10593831af09ca7e5812c6471884cb4ec50,"S2b: 13 introducing commit(s) across divergent history; base..3c2ba105 diff on feature files ['homura/reporters.py', 'homura/trainers.py']. CAVEAT: carries all base..tip evolution of those files, possibly including unrelated refactors.",/Users/petermakhnatch/Developer/eval-lab-results/2026-10-07/HAR-191-oracle-sweep/receipts/format-code-task-001973.json,sha256:2302c1516e61f9ff02d9603ed6a4bf08e31380bb0b7ba355814182904e13e965
format-code-task-002002,oracle:pass+nop:fail,7184aed2ed1b841ee2416c765d3e6d59ddb9df41,03d9833ccf50d1c2468214ee6010440c007a9736,"S2b: 1 introducing commit(s) across divergent history; base..03d9833c diff on feature files ['.gitattributes', '.gitignore', 'ADC_function.py', 'LICENSE', 'Makefile', 'Movie_Data_Capture.py', 'config.ini', 'config.py', 'core.py', 'number_parser.py', 'py_to_exe.ps1', 'requirements.txt', 'scraper.py', 'xlog.py']. CAVEAT: carries all base..tip evolution of those files, possibly including unrelated refactors.",/Users/petermakhnatch/Developer/eval-lab-results/2026-10-07/HAR-191-oracle-sweep/receipts/format-code-task-002002.json,sha256:27ba7d46355d2ca3305577aa02d36eac29fd6edd385c5329813c7d7a2154e084
format-code-task-002017,oracle:none,,,,/Users/petermakhnatch/Developer/eval-lab-results/2026-10-07/HAR-191-oracle-sweep/receipts/format-code-task-002017.json,sha256:d58b321d3fe5c6c5cf7a56ed1df10d7942b559e5d91e37bb40f52efb428ed44d
format-code-task-002020,oracle:none,,,,/Users/petermakhnatch/Developer/eval-lab-results/2026-10-07/HAR-191-oracle-sweep/receipts/format-code-task-002020.json,sha256:28cde3c126dd56a6c282af492b0f8e93b23f996169d5d97b8c0818002f7a42b9
format-code-task-002021,oracle:fail,7e4f7e220c463c5bdfe6f3e4c711aa66e09df414,4559d1c959d0eb3d72ad51197ce263a8fbdd5bb4,"S2b: 6 introducing commit(s) across divergent history; base..4559d1c9 diff on feature files ['src/code_cell.py', 'src/markdown_cell.py']. CAVEAT: carries all base..tip evolution of those files, possibly including unrelated refactors.",/Users/petermakhnatch/Developer/eval-lab-results/2026-10-07/HAR-191-oracle-sweep/receipts/format-code-task-002021.json,sha256:31cd8aead05282064b7a079060cfcb9fa4978cc8bf3d81c293da2042599a0aa2
format-code-task-002025,oracle:fail,2cd0b6e60e3f5ca1fc32ea4bd6b40b7a21dfa52e,2cd0b6e60e3f5ca1fc32ea4bd6b40b7a21dfa52e,"S2b: 1 introducing commit(s) across divergent history; base..2cd0b6e6 diff on feature files ['kor2vec/__init__.py', 'kor2vec/__main__.py', 'kor2vec/context_kor2vec.py', 'kor2vec/kor2vec.py']. CAVEAT: carries all base..tip evolution of those files, possibly including unrelated refactors.",/Users/petermakhnatch/Developer/eval-lab-results/2026-10-07/HAR-191-oracle-sweep/receipts/format-code-task-002025.json,sha256:a27ba720c839ef769da7a86ca1b197ae2338edd13b56ab701bd40bd59e8ffe9c
format-code-task-002028,oracle:fail,51484b909869e25926266d812e324b2d11bbb851,c700f86dd72ec97d0ca782b8d504e7eb502f04dc,"S2b: 12 introducing commit(s) across divergent history; base..c700f86d diff on feature files ['telegram_upload/client.py', 'telegram_upload/files.py', 'telegram_upload/management.py']. CAVEAT: carries all base..tip evolution of those files, possibly including unrelated refactors.",/Users/petermakhnatch/Developer/eval-lab-results/2026-10-07/HAR-191-oracle-sweep/receipts/format-code-task-002028.json,sha256:93d4d8b13820c32ce874e998371ce29cd59da7d0c24b5dc40609fe6f78f843c3
format-code-task-002042,oracle:none,,,,/Users/petermakhnatch/Developer/eval-lab-results/2026-10-07/HAR-191-oracle-sweep/receipts/format-code-task-002042.json,sha256:f5f9de6e310b2ee50f6e4ac426d61d9ca34cab70d557d655fee1be57ac7ca0b3
format-code-task-002051,oracle:pass+nop:fail,13b98cfd057099890a2e7327be9d027f692b8a1b,,"S1: test-file touch; source relevance [], before-blob continuity ['nilearn/glm/tests/test_first_level.py'], keyword score 6.114, distance 3.",/Users/petermakhnatch/Developer/eval-lab-results/2026-10-07/HAR-191-oracle-sweep/receipts/format-code-task-002051.json,sha256:3fa20ae7dbb9bb64e1d3b47d5cd884b956d5ee4cc9e82ced9d5dff98c92f112f
format-code-task-002052,oracle:pass+nop:fail,7fca32433aa0495c5ac8d638b211695be206e9d9,,"S1: test-file touch; source relevance [], before-blob continuity ['nilearn/plotting/tests/test_surf_plotting.py'], keyword score 8.525, distance 1.",/Users/petermakhnatch/Developer/eval-lab-results/2026-10-07/HAR-191-oracle-sweep/receipts/format-code-task-002052.json,sha256:7dfeeb7fb93db68b6e954bdde1612f3d3b79fac93f22e9810a6a8f8791ef19fa
format-code-task-002053,oracle:fail,881816d8605388a0e17619ef4a753a5e3a269ab6,321494420f95c7a5e2172108400194b37a02e628,"S2b: 25 introducing commit(s) across divergent history; base..32149442 diff on feature files ['nilearn/glm/_utils.py']. CAVEAT: carries all base..tip evolution of those files, possibly including unrelated refactors.",/Users/petermakhnatch/Developer/eval-lab-results/2026-10-07/HAR-191-oracle-sweep/receipts/format-code-task-002053.json,sha256:008dd04c7ac44e136de3128038423caa329d14c6974053b296352940abe89674
format-code-task-002067,oracle:fail,bc0e2e2112bbbcd6ebc20d2db34d0ad4255ab549,9aa93006090120b77e8aad9ca6456ebdeaada8cd,"S2b: 30 introducing commit(s) across divergent history; base..9aa93006 diff on feature files ['nornir/core/connections.py', 'nornir/core/inventory.py']. CAVEAT: carries all base..tip evolution of those files, possibly including unrelated refactors.",/Users/petermakhnatch/Developer/eval-lab-results/2026-10-07/HAR-191-oracle-sweep/receipts/format-code-task-002067.json,sha256:699820cafb348c533ef0beb871a48f65ac6872d2f5c024dcee1d6bca91479da2
format-code-task-002072,oracle:pass+nop:fail,fc6712365ae0202380e98610104abde8b5d9c84f,fbec7ec2fe7e089f63f7a6fa475ddff6dc0da0d7,"S2b: 11 introducing commit(s) across divergent history; base..fbec7ec2 diff on feature files ['nucypher/policy/conditions/lingo.py', 'nucypher/policy/conditions/utils.py']. CAVEAT: carries all base..tip evolution of those files, possibly including unrelated refactors.",/Users/petermakhnatch/Developer/eval-lab-results/2026-10-07/HAR-191-oracle-sweep/receipts/format-code-task-002072.json,sha256:2fb0ce1820195f68a3304611829622327f8f68e27286e46862f49feb83bf86d4
format-code-task-002084,oracle:fail,196450140fcff0692eb9c31e85f79df017ff2316,,"S1: test-file touch; source relevance [], before-blob continuity ['tests/oauth2/rfc6749/test_utils.py'], keyword score 1.5, distance 1.",/Users/petermakhnatch/Developer/eval-lab-results/2026-10-07/HAR-191-oracle-sweep/receipts/format-code-task-002084.json,sha256:9c33b35bbecefa1678893c34a72906f4f323944ae840b85b3fc7c3da120670ff
format-code-task-002087,oracle:patch-conflict,0d5437f5b167a6a98bc15c933469bff1bfc4eed1,,"S1: test-file touch; source relevance [], before-blob continuity ['obspy/core/tests/test_stats.py'], keyword score 0.833, distance 561.",/Users/petermakhnatch/Developer/eval-lab-results/2026-10-07/HAR-191-oracle-sweep/receipts/format-code-task-002087.json,sha256:05df11fbe97a288beda30b4f4a01a90813cf93fcf5872f990023d3807178f371
format-code-task-002096,oracle:fail,8569c4d05ecc612350f956367b9db457a2234c36,00c1ffab168c0a249dbff3aa61245526642d17ed,"S2b: 9 introducing commit(s) across divergent history; base..00c1ffab diff on feature files ['awscurl/awscurl.py']. CAVEAT: carries all base..tip evolution of those files, possibly including unrelated refactors.",/Users/petermakhnatch/Developer/eval-lab-results/2026-10-07/HAR-191-oracle-sweep/receipts/format-code-task-002096.json,sha256:2258e596414ca9b091b86af59f13b1618100bb273bb229279170317a4c9ae71a
format-code-task-002107,oracle:fail,15f107f53b050bdb303fd5c23e8055d2635caa15,2c88eab33ddeea3352da13ba4d84da6f88d92306,"S2b: 17 introducing commit(s) across divergent history; base..2c88eab3 diff on feature files ['GGanalysis/ScoredItem/scored_item_tools.py']. CAVEAT: carries all base..tip evolution of those files, possibly including unrelated refactors.",/Users/petermakhnatch/Developer/eval-lab-results/2026-10-07/HAR-191-oracle-sweep/receipts/format-code-task-002107.json,sha256:c68c5a247868464ff492e409abe222997d90448e42803db88992ecbb0bbd06fd
format-code-task-002117,oracle:none,,,,/Users/petermakhnatch/Developer/eval-lab-results/2026-10-07/HAR-191-oracle-sweep/receipts/format-code-task-002117.json,sha256:1aef711d004aebe56930c8e70c66e2aae2cb80b12ea55a9cbc69c70df2ee20d0
format-code-task-002149,oracle:pass+nop:fail,cac530f2f69a662c035252efa915e87e6ff5f8a7,4c4187393470d38a3817a02731571180e3aa918a,"S2b: 35 introducing commit(s) across divergent history; base..4c418739 diff on feature files ['pipeline_dp/__init__.py', 'pipeline_dp/aggregate_params.py', 'pipeline_dp/dp_computations.py', 'pipeline_dp/dp_engine.py']. CAVEAT: carries all base..tip evolution of those files, possibly including unrelated refactors.",/Users/petermakhnatch/Developer/eval-lab-results/2026-10-07/HAR-191-oracle-sweep/receipts/format-code-task-002149.json,sha256:542e9c4b07e173e23cf0b8598629ed1e694e58c7b5c45f296a06f498d63c5167
format-code-task-002172,oracle:none,,,,/Users/petermakhnatch/Developer/eval-lab-results/2026-10-07/HAR-191-oracle-sweep/receipts/format-code-task-002172.json,sha256:2fc06276b8e7cf8d7768a2ed8a79faaf001c4696494bd70c42f6b9e1040658db
format-code-task-002185,oracle:fail,b81c493a14e86e1a53199e90b763dc99ab7b5718,c51d2289ccffa305f269f8afe27ff565ed904ef1,"S2b: 21 introducing commit(s) across divergent history; base..c51d2289 diff on feature files ['src/pythonopenscad/base.py']. CAVEAT: carries all base..tip evolution of those files, possibly including unrelated refactors.",/Users/petermakhnatch/Developer/eval-lab-results/2026-10-07/HAR-191-oracle-sweep/receipts/format-code-task-002185.json,sha256:b36899fd7720a281211bd9a2b53554b16524283977606a9f0d0275ca8ccbe87f
format-code-task-002208,oracle:pass+nop:fail,37526c1ddbe0952dffe16ac0fe158a00aa7b397f,,"S1: test-file touch; source relevance [], before-blob continuity ['pandas/tests/arrays/categorical/test_analytics.py'], keyword score 6.805, distance 21.",/Users/petermakhnatch/Developer/eval-lab-results/2026-10-07/HAR-191-oracle-sweep/receipts/format-code-task-002208.json,sha256:b3b73a84cf091c682196a69b7fac4f8d4fab1eadcbf43eeba3946b7452e54d6a
format-code-task-002210,oracle:pass+nop:fail,8267427bfe567eec9a098aa8c071dddcc1d289f9,,"S1: test-file touch; source relevance ['pandas/core/groupby/groupby.py'], before-blob continuity ['pandas/tests/groupby/test_function.py'], keyword score 3.679, distance 12.",/Users/petermakhnatch/Developer/eval-lab-results/2026-10-07/HAR-191-oracle-sweep/receipts/format-code-task-002210.json,sha256:362f105e4b2e15e4ad73d39461c04dedf26edcaa2146d27d7ea5cbec02742c3b
format-code-task-002212,oracle:pass+nop:fail,2786cda332825161ef9852154c8467facdf6ba16,,"S1: test-file touch; source relevance [], before-blob continuity ['pandas/tests/io/parser/test_common.py'], keyword score 2.625, distance 1.",/Users/petermakhnatch/Developer/eval-lab-results/2026-10-07/HAR-191-oracle-sweep/receipts/format-code-task-002212.json,sha256:73a5e4e8332540d4f860d44f22c4709f957b7c514f6d154da37dfc9fec69afa7
format-code-task-002214,oracle:pass+nop:fail,c688a0f4e39f362d1d88c35ab6093bc7963fc525,,"S1: test-file touch; source relevance ['pandas/core/construction.py'], before-blob continuity ['pandas/tests/series/test_constructors.py'], keyword score 1.701, distance 2.",/Users/petermakhnatch/Developer/eval-lab-results/2026-10-07/HAR-191-oracle-sweep/receipts/format-code-task-002214.json,sha256:6440947cd8490b72eb9de05456f0dc57e501992b23848069b0ef1d170f863ab3
format-code-task-002216,oracle:pass+nop:fail,b617beef0f70d5f97a2faef174f511b212d4085a,,"S1: test-file touch; source relevance [], before-blob continuity ['pandas/tests/indexing/multiindex/test_loc.py'], keyword score 1.767, distance 7.",/Users/petermakhnatch/Developer/eval-lab-results/2026-10-07/HAR-191-oracle-sweep/receipts/format-code-task-002216.json,sha256:a84d99c3541b2ccb822c20b677b8c7c8b4280b01e5cf17915d1676f57f667127
format-code-task-002219,oracle:pass+nop:fail,e7ac30df29a6cf4550e6d6ce5b190a6789270fef,,"S1: test-file touch; source relevance [], before-blob continuity ['pandas/tests/io/parser/dtypes/test_dtypes_basic.py'], keyword score 4.78, distance 29.",/Users/petermakhnatch/Developer/eval-lab-results/2026-10-07/HAR-191-oracle-sweep/receipts/format-code-task-002219.json,sha256:20a023bee77316772c2a1cf1e2b4b6de0c9865e21812d2918df60577506e4438
format-code-task-002220,oracle:patch-conflict,3ebbc772cab1e0fec084f498fd9f758057d6871c,,"S1: test-file touch; source relevance [], before-blob continuity ['pandas/tests/io/excel/test_openpyxl.py'], keyword score 0.875, distance None.",/Users/petermakhnatch/Developer/eval-lab-results/2026-10-07/HAR-191-oracle-sweep/receipts/format-code-task-002220.json,sha256:227a9dd7bec693342767b862cabbeafe30b4f8d62e4963be6a3d68a8b1e7d70d
format-code-task-002223,oracle:patch-conflict,45460157b23f1fd6530c47ed0c2cdc354f4b27d7,,"S1: test-file touch; source relevance [], before-blob continuity ['pandas/tests/tools/test_to_numeric.py'], keyword score 1.231, distance 14.",/Users/petermakhnatch/Developer/eval-lab-results/2026-10-07/HAR-191-oracle-sweep/receipts/format-code-task-002223.json,sha256:60857d336231638e6cbc4d5849f0a7068d50d5d27dcf8f1864af9f9e8d5e80a1
format-code-task-002224,oracle:fail,05ccc987bfffd7d33d09a47edd0fdeb5b07d629e,,"S1: test-file touch; source relevance [], before-blob continuity ['pandas/tests/arrays/test_timedeltas.py'], keyword score 0, distance 117.",/Users/petermakhnatch/Developer/eval-lab-results/2026-10-07/HAR-191-oracle-sweep/receipts/format-code-task-002224.json,sha256:5e42d8119c8d9a1ff814bd6b4169793efbfdcb523a42d1f53a12718de7d9ec4b
format-code-task-002226,oracle:patch-conflict,2f3b0eda7231f33131c5fabf065483e61ac1ea59,,"S1: test-file touch; source relevance [], before-blob continuity ['pandas/tests/indexes/base_class/test_formats.py'], keyword score 0.75, distance 4681.",/Users/petermakhnatch/Developer/eval-lab-results/2026-10-07/HAR-191-oracle-sweep/receipts/format-code-task-002226.json,sha256:a5981d6b8553b20abcae74ef6d0318d1c8f24fd87fae507f4e4b9aeb6c3935a4
format-code-task-002229,oracle:pass+nop:fail,43bff73ceca04702a0069c077162a05ed0774995,,"S1: test-file touch; source relevance ['pandas/core/reshape/merge.py'], before-blob continuity ['pandas/tests/reshape/merge/test_merge_asof.py'], keyword score 1.731, distance 21.",/Users/petermakhnatch/Developer/eval-lab-results/2026-10-07/HAR-191-oracle-sweep/receipts/format-code-task-002229.json,sha256:2b4a9ee29a46408c6830847bafb2c59b8e66d3f2aff807326590c28018eecd05
format-code-task-002230,oracle:pass+nop:fail,060b9dae7cd46bfae3fb786abf1f7416ee9e2727,,"S1: test-file touch; source relevance [], before-blob continuity ['pandas/tests/io/parser/test_python_parser_only.py'], keyword score 5.75, distance 60.",/Users/petermakhnatch/Developer/eval-lab-results/2026-10-07/HAR-191-oracle-sweep/receipts/format-code-task-002230.json,sha256:2a625da07b0b05f20744c26a62de56550830770485da53d6e0398be46596d680
format-code-task-002231,oracle:pass+nop:fail,66de372df0b3693e1bc46ad2df58be3d06a5872c,,"S1: test-file touch; source relevance [], before-blob continuity ['pandas/tests/frame/methods/test_dropna.py', 'pandas/tests/series/methods/test_dropna.py'], keyword score 2.75, distance 24.",/Users/petermakhnatch/Developer/eval-lab-results/2026-10-07/HAR-191-oracle-sweep/receipts/format-code-task-002231.json,sha256:72355a73c51048def8bdb012a310f59ae13d5cf0a58479888062efeb78ab20d4
format-code-task-002233,oracle:patch-conflict,67294b9d0b9d161ade3be19b090a7dee8c5a8708,,"S1: test-file touch; source relevance [], before-blob continuity ['pandas/tests/series/methods/test_describe.py'], keyword score 3.35, distance None.",/Users/petermakhnatch/Developer/eval-lab-results/2026-10-07/HAR-191-oracle-sweep/receipts/format-code-task-002233.json,sha256:f5d31583f98aef1e52c343dc911b2ab12c2168203d94c46161ab45a68ccf1c50
format-code-task-002256,oracle:pass+nop:fail,b8bcfd7cc78c67e6f53de134e5bef69ff33911b4,,"S1: test-file touch; source relevance ['persistqueue/queue.py'], before-blob continuity ['persistqueue/tests/test_async_queue.py', 'persistqueue/tests/test_queue.py'], keyword score 5.5, distance 1.",/Users/petermakhnatch/Developer/eval-lab-results/2026-10-07/HAR-191-oracle-sweep/receipts/format-code-task-002256.json,sha256:8f0e6de1d93bab6855dfa793ea3844e4b8da03afbed5991d6b7651a6aac925f0
format-code-task-002259,oracle:none,,,,/Users/petermakhnatch/Developer/eval-lab-results/2026-10-07/HAR-191-oracle-sweep/receipts/format-code-task-002259.json,sha256:a90ba7fca34b2019dff5a6f9226c28130d5919e4820c0faf2e3661df9d779033
format-code-task-002262,oracle:none,,,,/Users/petermakhnatch/Developer/eval-lab-results/2026-10-07/HAR-191-oracle-sweep/receipts/format-code-task-002262.json,sha256:5748f8b2bb4561959d91d78060a8f06d100d49d30e5e0e84ea2c7d1d08eb111f
format-code-task-002283,oracle:pass+nop:fail,7472d654302bbc3f07d247431c9921b8eee1f53a,,"S1: test-file touch; source relevance [], before-blob continuity ['smart_open/tests/test_s3.py'], keyword score 4.5, distance 6.",/Users/petermakhnatch/Developer/eval-lab-results/2026-10-07/HAR-191-oracle-sweep/receipts/format-code-task-002283.json,sha256:ffe6bc5ba11ac042307eca6bc2339fe7e51f34a95945a255b72187dd12f501b2
format-code-task-002302,oracle:pass+nop:fail,1869cc8bedbd6085959e8566cad6729f3e7e2620,,"S2a: pickaxe identifier 'getattr' converges on 1869cc8b 'Use updated i3ipc syntax in i3 segments/listers (#2062)' (descendant, distance 1); own-diff applies on base.",/Users/petermakhnatch/Developer/eval-lab-results/2026-10-07/HAR-191-oracle-sweep/receipts/format-code-task-002302.json,sha256:5c7cb446bfa714ef0b739244885ac7a9aa0f6c768772dae9a03a31466fb797da
format-code-task-002307,oracle:pass+nop:fail,3e1020945ee195913839e0865ec71b3539212e33,,"S1: test-file touch; source relevance [], before-blob continuity ['tests/languages/docker_test.py'], keyword score 7.0, distance 1.",/Users/petermakhnatch/Developer/eval-lab-results/2026-10-07/HAR-191-oracle-sweep/receipts/format-code-task-002307.json,sha256:2232110e2cd88ef7cb3ed3a4e3aef82d41684a080a65cc671f21f23bf60f1060
format-code-task-002308,oracle:pass+nop:fail,4cd8b364dd871d38e6de891a1a19e52b030e51a9,,"S1: test-file touch; source relevance [], before-blob continuity ['tests/commands/hook_impl_test.py', 'tests/commands/run_test.py'], keyword score 4.029, distance 1.",/Users/petermakhnatch/Developer/eval-lab-results/2026-10-07/HAR-191-oracle-sweep/receipts/format-code-task-002308.json,sha256:2d2501dcc8c2e9eceb8ff4ddb41987779891d4f5655ec5b48650148def7b2414
format-code-task-002335,oracle:pass+nop:fail,1f2b615341d3aa982e8ec4e927f060bcf7ebd952,870c6be100b95d44ffa0a9591775dd3faa2d5664,"S2b: 12 introducing commit(s) across divergent history; base..870c6be1 diff on feature files ['InvPT/evaluation/__init__.py', 'InvPT/evaluation/eval_depth.py', 'InvPT/evaluation/eval_edge.py', 'InvPT/evaluation/eval_human_parts.py', 'InvPT/evaluation/eval_normals.py', 'InvPT/evaluation/eval_sal.py', 'InvPT/evaluation/eval_semseg.py', 'InvPT/evaluation/evaluate_utils.py', 'InvPT/evaluation/jaccard.py', 'TaskPrompter/evaluation/__init__.py', 'TaskPrompter/evaluation/eval_depth.py', 'TaskPrompter/evaluation/eval_edge.py', 'TaskPrompter/evaluation/eval_human_parts.py', 'TaskPrompter/evaluation/eval_normals.py', 'TaskPrompter/evaluation/eval_sal.py', 'TaskPrompter/evaluation/eval_semseg.py', 'TaskPrompter/evaluation/evaluate_utils.py', 'TaskPrompter/evaluation/jaccard.py']. CAVEAT: carries all base..tip evolution of those files, possibly including unrelated refactors.",/Users/petermakhnatch/Developer/eval-lab-results/2026-10-07/HAR-191-oracle-sweep/receipts/format-code-task-002335.json,sha256:71a9a2dd878757dadfd5405b9378f64a3b250eaed3f0956a9b0a667c93d2b8e3
format-code-task-002336,oracle:pass+nop:fail,201300c76cde9cc49a3d5c185d912e11c3921a5c,,"S1: test-file touch; source relevance ['skore/src/skore/sklearn/_estimator/metrics_accessor.py'], before-blob continuity ['skore/tests/unit/sklearn/estimator/test_estimator.py', 'skore/tests/unit/sklearn/test_cross_validation.py'], keyword score 3.7, distance 1.",/Users/petermakhnatch/Developer/eval-lab-results/2026-10-07/HAR-191-oracle-sweep/receipts/format-code-task-002336.json,sha256:85eada696fbaeaf9fd1793018698418234cafcf66fc1dd0ffae3a97dcb9805cb
format-code-task-002353,oracle:fail,858225d34dc49ca353f9e573dd82dd5845766115,,"S1: test-file touch; source relevance [], before-blob continuity ['tests/test_black.py'], keyword score 0, distance 1.",/Users/petermakhnatch/Developer/eval-lab-results/2026-10-07/HAR-191-oracle-sweep/receipts/format-code-task-002353.json,sha256:bb683e0a553f5f01dd3347479cf7fc3ff57e3929cb6ed126404683f6b88fb12a
format-code-task-002354,oracle:none,,,,/Users/petermakhnatch/Developer/eval-lab-results/2026-10-07/HAR-191-oracle-sweep/receipts/format-code-task-002354.json,sha256:66c415a09f9621601de37501f5c993bdb7826127abe19ed6411a22fb169de166
format-code-task-002356,oracle:pass+nop:fail,f2ea461e9e9fa5c47bb61fd72d512c748928badc,51abf53080b09eab12143727641ff1e2cd39d8c9,"S2b: 63 introducing commit(s) across divergent history; base..51abf530 diff on feature files ['src/black/__init__.py', 'src/black/brackets.py', 'src/black/cache.py', 'src/black/comments.py', 'src/black/concurrency.py', 'src/black/const.py', 'src/black/debug.py', 'src/black/files.py', 'src/black/linegen.py', 'src/black/lines.py', 'src/black/mode.py', 'src/black/nodes.py', 'src/black/numerics.py', 'src/black/output.py', 'src/black/parsing.py', 'src/black/report.py', 'src/black/rusty.py', 'src/black/strings.py', 'src/black/trans.py']. CAVEAT: carries all base..tip evolution of those files, possibly including unrelated refactors.",/Users/petermakhnatch/Developer/eval-lab-results/2026-10-07/HAR-191-oracle-sweep/receipts/format-code-task-002356.json,sha256:3b8144ab8bd45aa4e8b482ae6a42b6b684873c9ee3d139c18d66cd6a264cdcbb
format-code-task-002366,oracle:pass+nop:fail,a6995c377d65ce850c2d744ad42a2a79f6d511b3,,"S1: test-file touch; source relevance [], before-blob continuity ['pvlib/tests/test_pvsystem.py'], keyword score 4.833, distance 4.",/Users/petermakhnatch/Developer/eval-lab-results/2026-10-07/HAR-191-oracle-sweep/receipts/format-code-task-002366.json,sha256:d8694be72895dcd2ea3e00b1911d62bcbf31b16bca739ddef35d370efd46f3d0
format-code-task-002371,oracle:pass+nop:fail,93faefb4a9c711d3fcaaa916fc60163d125a5a8c,,"S1: test-file touch; source relevance ['pydantic/main.py'], before-blob continuity ['tests/test_orm_mode.py'], keyword score 4.5, distance 50.",/Users/petermakhnatch/Developer/eval-lab-results/2026-10-07/HAR-191-oracle-sweep/receipts/format-code-task-002371.json,sha256:d95d99dda5d528ae8c91797543b78e1cf5315f552c148709ee88034dd7531bb4
format-code-task-002377,oracle:pass+nop:fail,45f63f9d28ae01e8f37d82627b0b5466e85ff507,,"S1: test-file touch; source relevance [], before-blob continuity ['tests/test_settings.py'], keyword score 1.25, distance 3.",/Users/petermakhnatch/Developer/eval-lab-results/2026-10-07/HAR-191-oracle-sweep/receipts/format-code-task-002377.json,sha256:62939cf0d3dac8cc08321b4e83403502c97146b25581bdc5d680bbc469354f12
format-code-task-002378,oracle:pass+nop:fail,e8a15b029b258ddd982f29d15ce6838a40ee8ae8,,"S1: test-file touch; source relevance [], before-blob continuity ['tests/test_source_cli.py'], keyword score 1.5, distance 1.",/Users/petermakhnatch/Developer/eval-lab-results/2026-10-07/HAR-191-oracle-sweep/receipts/format-code-task-002378.json,sha256:9b8b72f6313cfa0114c10d9a54dcb229145f7302a2656133e8d61a38989be63f
format-code-task-002380,oracle:pass+nop:fail,08ea9e0a592313c1b8a9b8c6161862fc34bf5ff6,,"S1: test-file touch; source relevance [], before-blob continuity ['tests/test_dataelem.py'], keyword score 0, distance 2.",/Users/petermakhnatch/Developer/eval-lab-results/2026-10-07/HAR-191-oracle-sweep/receipts/format-code-task-002380.json,sha256:7cdb6ba3d387a4e6adba3077d78b90d976c68eaed26e66aa11a63a4ceb40ad1a
format-code-task-002383,oracle:fail,2aa1fa2a50a0a29805281a0d132ec02d1adae03d,1e4ec98d7066246394d3275b394bd44ee206e19c,"S2b: 1 introducing commit(s) across divergent history; base..1e4ec98d diff on feature files ['pygments/lexers/_mapping.py', 'pygments/lexers/ul4.py']. CAVEAT: carries all base..tip evolution of those files, possibly including unrelated refactors.",/Users/petermakhnatch/Developer/eval-lab-results/2026-10-07/HAR-191-oracle-sweep/receipts/format-code-task-002383.json,sha256:6e81d8ed5a516d3bc0b8029942055d620947b4f1ae2c9f20dae28ad414e1e3f1
format-code-task-002384,oracle:pass+nop:fail,270498ef32f28350d0cd713efcb4720ad667c33f,,"S1: test-file touch; source relevance [], before-blob continuity ['tests/functions/test_complete.py'], keyword score 5.133, distance 1.",/Users/petermakhnatch/Developer/eval-lab-results/2026-10-07/HAR-191-oracle-sweep/receipts/format-code-task-002384.json,sha256:161598047ca8d97b6b96d14c471f977ab228092424f4ddec76053b5c9d1f59d3
format-code-task-002385,oracle:patch-conflict,2f5f2405d18f673560302e2f4e19d672f43c90d9,,"S1: test-file touch; source relevance [], before-blob continuity ['tests/unittest_scoped_nodes.py'], keyword score 1.0, distance 13.",/Users/petermakhnatch/Developer/eval-lab-results/2026-10-07/HAR-191-oracle-sweep/receipts/format-code-task-002385.json,sha256:260044bd029cb7148585191b481b5c47a10bb4cca146aebafb085074d7877acd
format-code-task-002388,oracle:fail,9785a8a4172c0b03bd7fcde1d78f3eb96336a0b3,1feb86083d1e92f1a422d34d7868433230ce49f7,"S2b: 5 introducing commit(s) across divergent history; base..1feb8608 diff on feature files ['src/bandersnatch/configuration.py', 'src/bandersnatch/default.conf', 'src/bandersnatch/defaults.conf', 'src/bandersnatch/example.conf', 'src/bandersnatch/filter.py', 'src/bandersnatch/main.py', 'src/bandersnatch/storage.py']. CAVEAT: carries all base..tip evolution of those files, possibly including unrelated refactors.",/Users/petermakhnatch/Developer/eval-lab-results/2026-10-07/HAR-191-oracle-sweep/receipts/format-code-task-002388.json,sha256:fd4ee569a141e96e170c40fe290fbeb1a40c1c363832d1e1ac0c87e9faf81f22
format-code-task-002389,oracle:pass+nop:fail,7d29841ced8df7e3c4616ea7358f2f1ecc7c32a9,,"S1: test-file touch; source relevance [], before-blob continuity ['tests/unit/test_download.py'], keyword score 1.75, distance 1.",/Users/petermakhnatch/Developer/eval-lab-results/2026-10-07/HAR-191-oracle-sweep/receipts/format-code-task-002389.json,sha256:b762f91d7f779e13a2a1cf18612c1318c197e7338c9904c5e5bfaf8020dd7c02
format-code-task-002390,oracle:none,,,,/Users/petermakhnatch/Developer/eval-lab-results/2026-10-07/HAR-191-oracle-sweep/receipts/format-code-task-002390.json,sha256:dfcb383c79076cd3e3f693ad6cf0bd66d230361acadce41de2a8611eb5fa1ba7
format-code-task-002391,oracle:pass+nop:fail,6a6b1fc1a093b2e98f9d748f7ae3b080bbaacacd,f4433d22689d4f247893225c95cfbc774763d70c,"S2b: 43 introducing commit(s) across divergent history; base..f4433d22 diff on feature files ['pip_audit/_audit.py', 'pip_audit/_service/interface.py', 'pip_audit/_service/osv.py', 'pip_audit/_service/pypi.py']. CAVEAT: carries all base..tip evolution of those files, possibly including unrelated refactors.",/Users/petermakhnatch/Developer/eval-lab-results/2026-10-07/HAR-191-oracle-sweep/receipts/format-code-task-002391.json,sha256:d0a399b8633cdf47a6c3d00198b50c889ed5c282c016bb4b29bbdaf2f9d75fa1
format-code-task-002393,oracle:pass+nop:fail,edb5f7a4572d0ac9193fb1fcc64ee28c74019946,,"S1: test-file touch; source relevance [], before-blob continuity ['tests/cli/test_convert.py'], keyword score 4.5, distance 1.",/Users/petermakhnatch/Developer/eval-lab-results/2026-10-07/HAR-191-oracle-sweep/receipts/format-code-task-002393.json,sha256:f5b14f3b6b63994ebc9763a559d29e9819b0633118ca241fd35655b72e5aa749
format-code-task-002394,oracle:pass+nop:fail,425d6fe63a34e1be3c51579c504c57e43a5b4e19,,"S1: test-file touch; source relevance [], before-blob continuity ['tests/unit/email/test_init.py'], keyword score 1.5, distance 1.",/Users/petermakhnatch/Developer/eval-lab-results/2026-10-07/HAR-191-oracle-sweep/receipts/format-code-task-002394.json,sha256:1e31d3512ff2793c9d148d7b9d1537db619520fc59df964db401b3386c123cec
format-code-task-002395,oracle:pass+nop:fail,50600bd9f8b28611c07a487ff46ba2ef3128a005,,"S1: test-file touch; source relevance [], before-blob continuity ['tests/unit/test_filters.py'], keyword score 1.75, distance 1.",/Users/petermakhnatch/Developer/eval-lab-results/2026-10-07/HAR-191-oracle-sweep/receipts/format-code-task-002395.json,sha256:b833dc5aa1945b0e1d96b5362aa600b938d80728c12ef5708c36eaa102575eab
format-code-task-002400,oracle:pass+nop:fail,339c9613ed1201d7772c6b7eadc26012e7920acd,,"S1: test-file touch; source relevance [], before-blob continuity ['test/crs/test_crs.py'], keyword score 4.5, distance 1.",/Users/petermakhnatch/Developer/eval-lab-results/2026-10-07/HAR-191-oracle-sweep/receipts/format-code-task-002400.json,sha256:5aa6b7569d222ba3dd87a71db40bca8ebf0265e7739fd26b8210405d49189c16
format-code-task-002402,oracle:pass+nop:fail,56f63eb604787879a4943008edeb9c50bd9207b6,,"S1: test-file touch; source relevance ['numpyro/distributions/batch_util.py'], before-blob continuity [], keyword score 2.0, distance 7.",/Users/petermakhnatch/Developer/eval-lab-results/2026-10-07/HAR-191-oracle-sweep/receipts/format-code-task-002402.json,sha256:c91c394831cfa24d2155eda1936256c06629285d472545985f54a061c6862522
format-code-task-002403,oracle:none,,,,/Users/petermakhnatch/Developer/eval-lab-results/2026-10-07/HAR-191-oracle-sweep/receipts/format-code-task-002403.json,sha256:c3eb685759a0c812a401552ab40dea6a5ca0ca028d6e523fe811eb923386fb3d
format-code-task-002407,oracle:fail,7d4bb963f7a3ad26ff0e73bb393cbfcf11a4b6bd,,"S1: test-file touch; source relevance [], before-blob continuity ['control/tests/timeresp_test.py'], keyword score 0, distance 49.",/Users/petermakhnatch/Developer/eval-lab-results/2026-10-07/HAR-191-oracle-sweep/receipts/format-code-task-002407.json,sha256:b6c045c419875b90c745d058624fff62dfa90dd527a7cfc715844d4e23dc1dbf
format-code-task-002410,oracle:pass+nop:fail,5b29eac4fd65aa87b7158917e19c777bce9a3fc5,,"S1: test-file touch; source relevance [], before-blob continuity ['test/plugins/test_flake8_lint.py'], keyword score 3.25, distance 2.",/Users/petermakhnatch/Developer/eval-lab-results/2026-10-07/HAR-191-oracle-sweep/receipts/format-code-task-002410.json,sha256:52d60b01c0b0e87c76e57dac1f643b99ec8531240591bd8dda36a89b764c4baa
format-code-task-002411,oracle:pass+nop:fail,cec771c81defc06b9c73d8ec1258234ff49d78d0,,"S2a: pickaxe identifier 'DeprecationWarning,validate_request,validate_response' converges on cec771c8 'validate_request and validate_response return value deprecation warning fix' (descendant, distance 1); own-diff applies on base.",/Users/petermakhnatch/Developer/eval-lab-results/2026-10-07/HAR-191-oracle-sweep/receipts/format-code-task-002411.json,sha256:3316bb571fe34022a771de009bb63d2b1241a696956fde62e0027dfcaf8feba8
format-code-task-002412,oracle:pass+nop:fail,3ec2e98c1cccc31b661747fdd78a7f63a6ffb5c9,,"S1: test-file touch; source relevance [], before-blob continuity ['tests/console/commands/test_init.py'], keyword score 0.643, distance 1.",/Users/petermakhnatch/Developer/eval-lab-results/2026-10-07/HAR-191-oracle-sweep/receipts/format-code-task-002412.json,sha256:61d0061a5db43ba7142e750c24e154bd64749ad77ada1bb4aa5678f6c44525ee
format-code-task-002414,oracle:pass+nop:fail,10957d5a19bb2636b8825ebde8a0281030d8584c,,"S1: test-file touch; source relevance [], before-blob continuity ['tests/puzzle/test_transaction.py'], keyword score 2.5, distance 5.",/Users/petermakhnatch/Developer/eval-lab-results/2026-10-07/HAR-191-oracle-sweep/receipts/format-code-task-002414.json,sha256:2ea56fb9986a624088600f5f4207c21293f0cd1ebfa603cc29bd404371cf7f94
format-code-task-002416,oracle:pass+nop:fail,d10fbe396e80660ff24f2f2d3330ec0c9b2bf9ac,,"S1: test-file touch; source relevance [], before-blob continuity ['ropetest/refactor/extracttest.py'], keyword score 3.0, distance 1.",/Users/petermakhnatch/Developer/eval-lab-results/2026-10-07/HAR-191-oracle-sweep/receipts/format-code-task-002416.json,sha256:2e62717d723a8eb188f713ea7fed0f3ca96517a4a5daf85f2f4386f4f3756928
format-code-task-002427,oracle:fail,a677f49420871679f80c6952c228ae0d64691551,29b7675e6d21de8c81b170cc1e28213aa874a2fe,"S2b: 56 introducing commit(s) across divergent history; base..29b7675e diff on feature files ['mypy/build.py', 'mypy/modulefinder.py', 'mypy/stubinfo.py']. CAVEAT: carries all base..tip evolution of those files, possibly including unrelated refactors.",/Users/petermakhnatch/Developer/eval-lab-results/2026-10-07/HAR-191-oracle-sweep/receipts/format-code-task-002427.json,sha256:77d3f78ec4ece85cf5b3540e53230c516b473081dc1115c9b9170f88d86f0be1
format-code-task-002431,oracle:fail,e4355948d797600c7b76da0a916fc5f29d10448e,9aee8abbf2b918f7e3ced3507fde1ef8166b99ea,"S2b: 19 introducing commit(s) across divergent history; base..9aee8abb diff on feature files ['mypy/moduleinspect.py', 'mypy/stubdoc.py', 'mypy/stubgen.py', 'mypy/stubgenc.py', 'mypy/stubutil.py', 'mypy/traverser.py']. CAVEAT: carries all base..tip evolution of those files, possibly including unrelated refactors.",/Users/petermakhnatch/Developer/eval-lab-results/2026-10-07/HAR-191-oracle-sweep/receipts/format-code-task-002431.json,sha256:ea02ff0535a1da81d9b07e4b0c422e5d4af6f527ce39c9a623cb0132cf9c57eb
format-code-task-002450,oracle:pass+nop:fail,2998a61cc7e877fdda20bcc757b76a8cc6e4ef24,bd42b38f3627e6bca7274fb4d9af2e105f75da7c,"S2b: 16 introducing commit(s) across divergent history; base..bd42b38f diff on feature files ['transitions/extensions/states.py']. CAVEAT: carries all base..tip evolution of those files, possibly including unrelated refactors.",/Users/petermakhnatch/Developer/eval-lab-results/2026-10-07/HAR-191-oracle-sweep/receipts/format-code-task-002450.json,sha256:58fa5bdd890aab92ef3d851cd8c1a0fcb49d48ddcaa2aedad282eab89f18de77
format-code-task-002451,oracle:pass+nop:fail,7e90ee71230a2f6e6f0a61e72c9674c5bd9dd682,,"S1: test-file touch; source relevance [], before-blob continuity ['satpy/tests/writer_tests/test_ninjotiff.py'], keyword score 11.5, distance 1.",/Users/petermakhnatch/Developer/eval-lab-results/2026-10-07/HAR-191-oracle-sweep/receipts/format-code-task-002451.json,sha256:78f8541d0e9df91aca63d654c276ad28784c065cdea03fda2780cc3340f39e1d
format-code-task-002455,oracle:patch-conflict,7fd4b9b3ec09d0fb327ef17937062359e51b48f2,,"S1: test-file touch; source relevance [], before-blob continuity ['tests/test_utilities.py'], keyword score 0.75, distance 115.",/Users/petermakhnatch/Developer/eval-lab-results/2026-10-07/HAR-191-oracle-sweep/receipts/format-code-task-002455.json,sha256:8b2a3744443850f9dd9f6d625672ef553720964fdedca501ddd38c562c9c52a3
format-code-task-002459,oracle:fail,62c4454ef9d59a25454bc310ffb48137cb45903e,04793cf812f40bbd830b490c7d5e3404b56e5bff,"S2b: 22 introducing commit(s) across divergent history; base..04793cf8 diff on feature files ['quantecon/__init__.py', 'quantecon/graph_tools.py']. CAVEAT: carries all base..tip evolution of those files, possibly including unrelated refactors.",/Users/petermakhnatch/Developer/eval-lab-results/2026-10-07/HAR-191-oracle-sweep/receipts/format-code-task-002459.json,sha256:02af06721771b2667ae2be0e2c0fee0f48c839daa93a0d71903c149eceb1a007
format-code-task-002468,oracle:patch-conflict,9762262921520291a9db3e3af3de8f4d4f743a83,,"S1: test-file touch; source relevance [], before-blob continuity ['pyanalyze/test_name_check_visitor.py'], keyword score 1.5, distance 48.",/Users/petermakhnatch/Developer/eval-lab-results/2026-10-07/HAR-191-oracle-sweep/receipts/format-code-task-002468.json,sha256:53fa5485e99f45c2474b10303cfa553be30eb78c4e3514efcd45e95c6dfed353
format-code-task-002470,oracle:pass+nop:fail,0477aa58673cd957c19d377e029347ce72c08b1b,,"S1: test-file touch; source relevance [], before-blob continuity ['test_parse.py'], keyword score 4.5, distance 1.",/Users/petermakhnatch/Developer/eval-lab-results/2026-10-07/HAR-191-oracle-sweep/receipts/format-code-task-002470.json,sha256:ee40ed4c5a011acdeeba372e4af75be20917d5445e4afce348e86dea61d0a0c8
format-code-task-002477,oracle:none,,,,/Users/petermakhnatch/Developer/eval-lab-results/2026-10-07/HAR-191-oracle-sweep/receipts/format-code-task-002477.json,sha256:2abecda426a4bdb7e53d5d321d8963c11af0f9b4c7238eadd4eb34f72dc5c7dd
format-code-task-002482,oracle:none,,,,/Users/petermakhnatch/Developer/eval-lab-results/2026-10-07/HAR-191-oracle-sweep/receipts/format-code-task-002482.json,sha256:18eb454911a61b448cfdad729d01010497949029018e141d47e7e429df41f89d
format-code-task-002483,oracle:pass+nop:fail,e65f507c55a0369a4585d633cc3a783522ed2ff6,,"S2a: pickaxe identifier '-inf' converges on e65f507c 'BUG: Allow read/write inf as nodata value (#2236)' (descendant, distance 1); own-diff applies on base.",/Users/petermakhnatch/Developer/eval-lab-results/2026-10-07/HAR-191-oracle-sweep/receipts/format-code-task-002483.json,sha256:e74de2cac39e964dfc79a251de89b236475d2afa161ae8a0f98ebf742ec4c524
format-code-task-002486,oracle:none,,,,/Users/petermakhnatch/Developer/eval-lab-results/2026-10-07/HAR-191-oracle-sweep/receipts/format-code-task-002486.json,sha256:2135c3b5028a86de7197dcc48aeb6b4f7f6572e0cec7e09495ba037aee06f2e6
format-code-task-002499,oracle:pass+nop:fail,d1f912b699acf0eee030e87118ccdac003cb1c6d,,"S1: test-file touch; source relevance [], before-blob continuity ['tests/unit/container/test_generic.py'], keyword score 4.5, distance None.",/Users/petermakhnatch/Developer/eval-lab-results/2026-10-07/HAR-191-oracle-sweep/receipts/format-code-task-002499.json,sha256:a397fe346dc17e1a6e1163c7b9caf48065b822909a32d81a3e653294d2a3f233
format-code-task-002519,oracle:pass+nop:fail,bc640545f4cf7261ed5ddd9f26eee963f09c6dc1,,"S1: test-file touch; source relevance [], before-blob continuity ['tests/modules/test_tautulli.py'], keyword score 3.0, distance 1.",/Users/petermakhnatch/Developer/eval-lab-results/2026-10-07/HAR-191-oracle-sweep/receipts/format-code-task-002519.json,sha256:e64525960487eb94d436ff95321f6b291788e9b3ecf1d197a5af76daea00d346
format-code-task-002520,oracle:none,,,,/Users/petermakhnatch/Developer/eval-lab-results/2026-10-07/HAR-191-oracle-sweep/receipts/format-code-task-002520.json,sha256:e644e281c2d6f5b84c113ce80f71fa0234957c02ee5c953fce6e760692777f71
format-code-task-002532,oracle:none,,,,/Users/petermakhnatch/Developer/eval-lab-results/2026-10-07/HAR-191-oracle-sweep/receipts/format-code-task-002532.json,sha256:4eb309e0b2c22b0dfa5d3fd8562446d2402d853d1ec78fa323b2f0b497abc078
format-code-task-002542,oracle:fail,1326db80037030bbdfccb852c25047796ee11a2e,74dd0452b48286a3770013b3a02755313bd5575e,"S2b: 16 introducing commit(s) across divergent history; base..74dd0452 diff on feature files ['ftfy/__init__.py', 'ftfy/cli.py']. CAVEAT: carries all base..tip evolution of those files, possibly including unrelated refactors.",/Users/petermakhnatch/Developer/eval-lab-results/2026-10-07/HAR-191-oracle-sweep/receipts/format-code-task-002542.json,sha256:9b2de0fe6dd9d0eb5731ffeaa396e86698f318de9002e0366b56ddfeaf493537
format-code-task-002549,oracle:pass+nop:fail,5d43f3b5978adfdd87ad141a468f0120c88010ef,,"S1: test-file touch; source relevance [], before-blob continuity ['tests/test_result.py'], keyword score 0, distance 1.",/Users/petermakhnatch/Developer/eval-lab-results/2026-10-07/HAR-191-oracle-sweep/receipts/format-code-task-002549.json,sha256:bfefa50974b86cd82bc876d5afe8623907b6db3b92f02d144beaa53694445b74
format-code-task-002550,oracle:none,,,,/Users/petermakhnatch/Developer/eval-lab-results/2026-10-07/HAR-191-oracle-sweep/receipts/format-code-task-002550.json,sha256:74800f7051507292bbeaa82d16d2bee75fc18cfde0d57e65411d7c74356317e8
format-code-task-002552,oracle:pass+nop:fail,e88159fbac2f2f2673641586fa46517632e7b1f2,,"S1: test-file touch; source relevance ['miio/miot_models.py'], before-blob continuity ['miio/tests/test_miot_models.py'], keyword score 0, distance 2.",/Users/petermakhnatch/Developer/eval-lab-results/2026-10-07/HAR-191-oracle-sweep/receipts/format-code-task-002552.json,sha256:e9273f2254788fb1803882c506c25b7274f6b908cf658d3e1065a63348f84f2d
format-code-task-002554,oracle:pass+nop:fail,57c90b255413cfade9c93ad6dde438ddd9cd7cea,,"S1: test-file touch; source relevance [], before-blob continuity ['tests/test_api_and_interface.py'], keyword score 3.0, distance 5.",/Users/petermakhnatch/Developer/eval-lab-results/2026-10-07/HAR-191-oracle-sweep/receipts/format-code-task-002554.json,sha256:a84f9f15fac045e223521f76b984bc935bd03ac00b394cdfeec6890a8f90b607
format-code-task-002555,oracle:pass+nop:fail,c24e8c544dc3c9bed8b1e5c0d71e2dcea305691a,57125f53286a42dccc7037e0f38d08d16d6b425e,"S2b: 19 introducing commit(s) across divergent history; base..57125f53 diff on feature files ['webpush/__init__.py', 'webpush/utils.py']. CAVEAT: carries all base..tip evolution of those files, possibly including unrelated refactors.",/Users/petermakhnatch/Developer/eval-lab-results/2026-10-07/HAR-191-oracle-sweep/receipts/format-code-task-002555.json,sha256:f74d636a79af17e553fbb6325c5220c62e74006a383faa7cd4d871ff824a7f4b
format-code-task-002578,oracle:none,,,,/Users/petermakhnatch/Developer/eval-lab-results/2026-10-07/HAR-191-oracle-sweep/receipts/format-code-task-002578.json,sha256:a507564369e9609d9b7e71ed019f61c779dd1cc9882342f87b4144326252f05e
format-code-task-002582,oracle:fail,20e7a339d601496a246b54a48c28c3a7ce1d2b08,7060490d6641175758529a67916945804d8df2d1,"S2b: 1 introducing commit(s) across divergent history; base..7060490d diff on feature files ['models/continuous_policy.py', 'models/critic.py', 'models/discrete_policy.py', 'utils/__init__.py', 'utils/argument_parsing.py', 'utils/math.py', 'utils/model_saving.py', 'utils/replay_memory.py', 'utils/tools.py', 'utils/torch.py', 'utils/zfilter.py']. CAVEAT: carries all base..tip evolution of those files, possibly including unrelated refactors.",/Users/petermakhnatch/Developer/eval-lab-results/2026-10-07/HAR-191-oracle-sweep/receipts/format-code-task-002582.json,sha256:64f461ac943871533358d28a15f62598648c67e85790bbee7e10a3bad515b7fe
format-code-task-002601,oracle:pass+nop:fail,bd0b4643576a54b0dbcf9e935124aa70255ff9c1,,"S1: test-file touch; source relevance [], before-blob continuity ['skbio/diversity/alpha/tests/test_gini.py'], keyword score 1.0, distance 1.",/Users/petermakhnatch/Developer/eval-lab-results/2026-10-07/HAR-191-oracle-sweep/receipts/format-code-task-002601.json,sha256:a8f0fe0b67f88d1beba56f360995a4f0bff98dd92576d942571c056d04ca6e58
format-code-task-002609,oracle:pass+nop:fail,0a1401c949f065d6046d6efc53d3effaaecc2ff2,5946dad360f5fb12ee647ae246827371e509963f,"S2b: 9 introducing commit(s) across divergent history; base..5946dad3 diff on feature files ['lib/cartopy/io/shapereader.py']. CAVEAT: carries all base..tip evolution of those files, possibly including unrelated refactors.",/Users/petermakhnatch/Developer/eval-lab-results/2026-10-07/HAR-191-oracle-sweep/receipts/format-code-task-002609.json,sha256:3ce64e24f78fad2b3260501178402f81b21a15016637a4aaa98aeeedf31b4e13
format-code-task-002610,oracle:pass+nop:fail,49967edf8dd6bec8f4a30f015d390c622cc15195,,"S1: test-file touch; source relevance [], before-blob continuity ['tests/test_config.py'], keyword score 5.5, distance 1.",/Users/petermakhnatch/Developer/eval-lab-results/2026-10-07/HAR-191-oracle-sweep/receipts/format-code-task-002610.json,sha256:272490859ee4cb5039469e59612664fe6c48393398f2c4cd96e89ea749e72c37
format-code-task-002614,oracle:pass+nop:fail,1844b9138ca898d4c8f0e6d9ac30e90217a6e978,,"S1: test-file touch; source relevance ['scanpy/preprocessing/_highly_variable_genes.py'], before-blob continuity ['scanpy/tests/test_highly_variable_genes.py'], keyword score 4.353, distance 1.",/Users/petermakhnatch/Developer/eval-lab-results/2026-10-07/HAR-191-oracle-sweep/receipts/format-code-task-002614.json,sha256:f1277f2e1a77b77902114c743b271e805ccee523f15eb1ead6306da81ac9b80c
format-code-task-002619,oracle:pass+nop:fail,1d6dc067bf67ee5b3e86a8804a03ec09180ccfc5,,"S1: test-file touch; source relevance ['sdv/tabular/utils.py'], before-blob continuity ['tests/unit/tabular/test_utils.py'], keyword score 10.5, distance 2.",/Users/petermakhnatch/Developer/eval-lab-results/2026-10-07/HAR-191-oracle-sweep/receipts/format-code-task-002619.json,sha256:4c52db979832ca383a0f302d730e8a51cca7db544f682a1ef9e5ec3b22fda991
format-code-task-002641,oracle:pass+nop:fail,8c75fd1ed0956c96aefa4065a43378526708f590,,"S1: test-file touch; source relevance [], before-blob continuity ['sgkit/tests/test_display.py'], keyword score 1.0, distance 1.",/Users/petermakhnatch/Developer/eval-lab-results/2026-10-07/HAR-191-oracle-sweep/receipts/format-code-task-002641.json,sha256:f49ba9c0a53a7a5f632c2a112eade49a817475e21bb53f7b6af1e45a76e57683
format-code-task-002644,oracle:none,,,,/Users/petermakhnatch/Developer/eval-lab-results/2026-10-07/HAR-191-oracle-sweep/receipts/format-code-task-002644.json,sha256:349be3539d16b765d540b0c69ac2d19c4a7d925c83ab849ddffe5acee3c3a4b7
format-code-task-002649,oracle:pass+nop:fail,37af05dcc4704563f06544e8ddedebe33af52111,,"S1: test-file touch; source relevance [], before-blob continuity ['tests/core/test_setget.py'], keyword score 2.0, distance 1.",/Users/petermakhnatch/Developer/eval-lab-results/2026-10-07/HAR-191-oracle-sweep/receipts/format-code-task-002649.json,sha256:2eae0fdaa52c183460c90a1f8daf42da0d972eda9c5f6255fb6feea4ee3d1278
format-code-task-002662,oracle:none,,,,/Users/petermakhnatch/Developer/eval-lab-results/2026-10-07/HAR-191-oracle-sweep/receipts/format-code-task-002662.json,sha256:2fc6c7877f9fab98977b072b0542aa43281683cf963b41212ec92a4646be16f0
format-code-task-002663,oracle:none,,,,/Users/petermakhnatch/Developer/eval-lab-results/2026-10-07/HAR-191-oracle-sweep/receipts/format-code-task-002663.json,sha256:8392fef71c9628e0dbd1949456531d88459d1e1d290889c50547ac3a0092a735
format-code-task-002668,oracle:pass+nop:fail,a5bc0930fca040177e8518d0cbe2f271e1108e8a,,"S1: test-file touch; source relevance [], before-blob continuity ['sktime/forecasting/tests/test_structural.py'], keyword score 11.254, distance 3.",/Users/petermakhnatch/Developer/eval-lab-results/2026-10-07/HAR-191-oracle-sweep/receipts/format-code-task-002668.json,sha256:89b905359fb950488e31cb5bbd90dc9335f836b4bec90d62aa7850f44d67499f
format-code-task-002672,oracle:pass+nop:fail,29a2fea5ce6c2f4f481750216d37757be9461bb7,,"S1: test-file touch; source relevance [], before-blob continuity ['skypy/pipeline/tests/test_config.py'], keyword score 6.1, distance 1.",/Users/petermakhnatch/Developer/eval-lab-results/2026-10-07/HAR-191-oracle-sweep/receipts/format-code-task-002672.json,sha256:a286d548fd4a038c953fbeed27bfe0298f5842cb2489bb48f5e2c1bbe0023c46
format-code-task-002674,oracle:none,,,,/Users/petermakhnatch/Developer/eval-lab-results/2026-10-07/HAR-191-oracle-sweep/receipts/format-code-task-002674.json,sha256:694b29797476a2c4f3a0346016bd69b7b92024975182304ad11e774a0996c767
format-code-task-002680,oracle:pass+nop:fail,7ccb28d55f92e2a38470dbd8775a2ccf5c451150,f4c412ae5a35513bc8780f2e49bac6e8aeef56b3,"S2b: 22 introducing commit(s) across divergent history; base..f4c412ae diff on feature files ['sc3/base/operand.py', 'sc3/seq/event.py', 'sc3/seq/patterns/eventpatterns.py']. CAVEAT: carries all base..tip evolution of those files, possibly including unrelated refactors.",/Users/petermakhnatch/Developer/eval-lab-results/2026-10-07/HAR-191-oracle-sweep/receipts/format-code-task-002680.json,sha256:205818a003ea443311e98770c8da6aeebfa5c04f71f4b72511f9f6d663cd6606
format-code-task-002696,oracle:pass+nop:fail,bb90fc9c6ded25aac9a254508e011df7b6bdb66e,,"S1: test-file touch; source relevance [], before-blob continuity ['tests/test_cmd_signature.py'], keyword score 0.257, distance 1.",/Users/petermakhnatch/Developer/eval-lab-results/2026-10-07/HAR-191-oracle-sweep/receipts/format-code-task-002696.json,sha256:cb5be55d4c36c5b1243a17b6211a939cf595401d496305613acb2afd38a227f3
format-code-task-002714,oracle:patch-conflict,56b2dd8b361225389ab75ad9ba4b1e28162311d4,,"S1: test-file touch; source relevance [], before-blob continuity ['test/dialects/ansi_test.py'], keyword score 3.667, distance 208.",/Users/petermakhnatch/Developer/eval-lab-results/2026-10-07/HAR-191-oracle-sweep/receipts/format-code-task-002714.json,sha256:6eff85594ca7fdcb68c1219c18d6759229bbcd5095a314f2f3d4519a5d179655
format-code-task-002736,oracle:pass+nop:fail,e5ffafaa2a13997c3deeeb1745d2258bbbfa86b6,,"S1: test-file touch; source relevance [], before-blob continuity ['statsmodels/regression/tests/test_rolling.py'], keyword score 5.5, distance None.",/Users/petermakhnatch/Developer/eval-lab-results/2026-10-07/HAR-191-oracle-sweep/receipts/format-code-task-002736.json,sha256:58a967f87365f880d56def414ce00cbdd8a06d36333168970c8c6cfb0f10575e
format-code-task-002739,oracle:pass+nop:fail,0ec9e310ed6338420f319f00ba615fb1b5ba79a3,,"S1: test-file touch; source relevance [], before-blob continuity ['statsmodels/tsa/tests/test_stattools.py'], keyword score 5.5, distance None.",/Users/petermakhnatch/Developer/eval-lab-results/2026-10-07/HAR-191-oracle-sweep/receipts/format-code-task-002739.json,sha256:adde3189ea520f19525037a45dcdd623358f80f167d89211dbc134ad88e662e2
format-code-task-002756,oracle:pass+nop:fail,670c88aa2d6b459865ee711a97953ea68bd2b0b8,,"S1: test-file touch; source relevance [], before-blob continuity ['tests/test_cache.py'], keyword score 2.475, distance 1.",/Users/petermakhnatch/Developer/eval-lab-results/2026-10-07/HAR-191-oracle-sweep/receipts/format-code-task-002756.json,sha256:0e04c2e84ceccf0a528d85ab248da4010c33c568c00a2878a24cb083f2cd46ce
format-code-task-002757,oracle:pass+nop:fail,125b1bcf6a6a06ca269b69360ba9d102db6a124f,,"S1: test-file touch; source relevance [], before-blob continuity ['tests/stream/dash/test_manifest.py'], keyword score 2.85, distance 1.",/Users/petermakhnatch/Developer/eval-lab-results/2026-10-07/HAR-191-oracle-sweep/receipts/format-code-task-002757.json,sha256:646c2e44f8a7945c2af849f6d916c2bb16971c7476d3f6884795f7cf66287553
format-code-task-002758,oracle:pass+nop:fail,9a4e937d5961049a7796486aab934daf4c58cbac,,"S1: test-file touch; source relevance [], before-blob continuity ['tests/plugins/test_nos.py'], keyword score 3.0, distance 1.",/Users/petermakhnatch/Developer/eval-lab-results/2026-10-07/HAR-191-oracle-sweep/receipts/format-code-task-002758.json,sha256:62405738dd284539f680003b792dc3959d01d98aa5becdfec2febf69224a1d40
format-code-task-002773,oracle:pass+nop:fail,826b4d54b9a4796cdc96db174ae45645d7883258,,"S1: test-file touch; source relevance [], before-blob continuity ['sunpy/net/tests/test_scraper.py'], keyword score 2.0, distance 1.",/Users/petermakhnatch/Developer/eval-lab-results/2026-10-07/HAR-191-oracle-sweep/receipts/format-code-task-002773.json,sha256:5ad276412d1b0b0591bedc48619acfbf77ada03d6893c92834fd9480b75929e8
format-code-task-002774,oracle:pass+nop:fail,70b71bc8f711b218800976846be1562b639fc134,9eb04473e31b6b60bd459e4dda24f6b1db5a3773,"S2b: 8 introducing commit(s) across divergent history; base..9eb04473 diff on feature files ['funcy/colls.py']. CAVEAT: carries all base..tip evolution of those files, possibly including unrelated refactors.",/Users/petermakhnatch/Developer/eval-lab-results/2026-10-07/HAR-191-oracle-sweep/receipts/format-code-task-002774.json,sha256:c0f42ad2601001fd87d84444024650bfac00aed44fc2351cefcc993107ba627b
format-code-task-002775,oracle:pass+nop:fail,67239a6092d4cf3460e01bf5efabdbc281deb28b,62d6c40d2d68e70da16ba6203f03b9df9ed3273b,"S2b: 26 introducing commit(s) across divergent history; base..62d6c40d diff on feature files ['funcy/decorators.py']. CAVEAT: carries all base..tip evolution of those files, possibly including unrelated refactors.",/Users/petermakhnatch/Developer/eval-lab-results/2026-10-07/HAR-191-oracle-sweep/receipts/format-code-task-002775.json,sha256:865d91c90fda0198c5acb53b83001640ec846c324c3cb44b32a6b1a7ab318fde
format-code-task-002786,oracle:pass+nop:fail,0676df598230642ca30903495b5b41ae577b20d2,2ae2c9bd9b64dab2cb069c4b97e5e7673c521e01,"S2b: 35 introducing commit(s) across divergent history; base..2ae2c9bd diff on feature files ['.github/workflows/publish-pypi.yaml', 'pyproject.toml', 'src/f5_tts/api.py', 'src/f5_tts/configs/E2TTS_Base.yaml', 'src/f5_tts/configs/E2TTS_Base_train.yaml', 'src/f5_tts/configs/E2TTS_Small.yaml', 'src/f5_tts/configs/E2TTS_Small_train.yaml', 'src/f5_tts/configs/F5TTS_Base.yaml', 'src/f5_tts/configs/F5TTS_Base_train.yaml', 'src/f5_tts/configs/F5TTS_Small.yaml', 'src/f5_tts/configs/F5TTS_Small_train.yaml', 'src/f5_tts/configs/F5TTS_v1_Base.yaml', 'src/f5_tts/eval/eval_infer_batch.py', 'src/f5_tts/eval/eval_infer_batch.sh', 'src/f5_tts/eval/eval_librispeech_test_clean.py', 'src/f5_tts/eval/eval_seedtts_testset.py', 'src/f5_tts/eval/eval_utmos.py', 'src/f5_tts/eval/utils_eval.py', 'src/f5_tts/infer/SHARED.md', 'src/f5_tts/infer/examples/basic/basic.toml', 'src/f5_tts/infer/examples/multi/story.toml', 'src/f5_tts/infer/infer_cli.py', 'src/f5_tts/infer/infer_gradio.py', 'src/f5_tts/infer/speech_edit.py', 'src/f5_tts/infer/utils_infer.py', 'src/f5_tts/model/backbones/dit.py', 'src/f5_tts/model/backbones/mmdit.py', 'src/f5_tts/model/backbones/unett.py', 'src/f5_tts/model/cfm.py', 'src/f5_tts/model/dataset.py', 'src/f5_tts/model/modules.py', 'src/f5_tts/model/trainer.py', 'src/f5_tts/model/utils.py', 'src/f5_tts/scripts/count_max_epoch.py', 'src/f5_tts/socket_client.py', 'src/f5_tts/socket_server.py', 'src/f5_tts/train/finetune_cli.py', 'src/f5_tts/train/finetune_gradio.py', 'src/f5_tts/train/train.py']. CAVEAT: carries all base..tip evolution of those files, possibly including unrelated refactors.",/Users/petermakhnatch/Developer/eval-lab-results/2026-10-07/HAR-191-oracle-sweep/receipts/format-code-task-002786.json,sha256:97f06be8958de04e2ff60ddc7f2e6e3797a2ccde8f3dfd1808c2d52b912d8bb3
format-code-task-002790,oracle:pass+nop:fail,7b986e6fda7c2f0ebf1eb2e782e672ae8910cc79,6a31b227c9f7ccb85e08c9781b33598b312a715e,"S2b: 17 introducing commit(s) across divergent history; base..6a31b227 diff on feature files ['pylingual/decompiler.py', 'pylingual/equivalence_check.py', 'pylingual/main.py', 'pylingual/utils/generate_bytecode.py', 'pylingual/utils/use_escape_sequences.py', 'pylingual/utils/version.py']. CAVEAT: carries all base..tip evolution of those files, possibly including unrelated refactors.",/Users/petermakhnatch/Developer/eval-lab-results/2026-10-07/HAR-191-oracle-sweep/receipts/format-code-task-002790.json,sha256:5fb6a006a9378dae37f70b66b76aa22ae2d535b3603a9cbffe7f78de0b35f50f
format-code-task-002800,oracle:fail,be4e2b4205d315616e4bc0218116c4f3485384d8,1d57aa50eb70f0adc2266e3fa5ea48a570d4240b,"S2b: 2 introducing commit(s) across divergent history; base..1d57aa50 diff on feature files ['._.gitignore', '.gitignore', 'search/build.sh', 'search/common/conf.go', 'search/conf.yaml', 'search/entity/post.go', 'search/go.mod', 'search/go.sum', 'search/main.go', 'search/sonic/search.go', 'search/utils/encrypt.go', 'searchIndex/build_linux.sh', 'searchIndex/build_mac.sh', 'searchIndex/common/conf.go', 'searchIndex/conf.yaml', 'searchIndex/entity/post.go', 'searchIndex/go.mod', 'searchIndex/go.sum', 'searchIndex/main.go', 'searchIndex/sonic/sonicIndex.go', 'searchIndex/utils/encrypt.go', 'searchIndex/utils/utils.go']. CAVEAT: carries all base..tip evolution of those files, possibly including unrelated refactors.",/Users/petermakhnatch/Developer/eval-lab-results/2026-10-07/HAR-191-oracle-sweep/receipts/format-code-task-002800.json,sha256:078189c956d41c2526f4b7d5ef9457941a5ba0af1eac1da30bd3566d15300a3f
format-code-task-002801,oracle:pass+nop:fail,6a932eabcccdb7640cdcd1769574750ebe00ceb6,,"S1: test-file touch; source relevance [], before-blob continuity ['tests/test_en_descendant.py'], keyword score 4.5, distance 1.",/Users/petermakhnatch/Developer/eval-lab-results/2026-10-07/HAR-191-oracle-sweep/receipts/format-code-task-002801.json,sha256:89c59bf815ef78e6710f7a540a23fe871d2708df6eba9f1e1d3fcb3b3db22822
format-code-task-002827,oracle:fail,6f3a656fe26874a6296e7fe8aeb4056453afcc9a,,"S1: test-file touch; source relevance [], before-blob continuity ['tests/test_extend_schema.py'], keyword score 0.5, distance None.",/Users/petermakhnatch/Developer/eval-lab-results/2026-10-07/HAR-191-oracle-sweep/receipts/format-code-task-002827.json,sha256:903e135431381dfe2b5cda0c1f6201b07adefaace20d7761a8e49ae496918621
format-code-task-002829,oracle:pass+nop:fail,de2644f3d0f695af9d6a17360fa6d1af82125d32,,"S1: test-file touch; source relevance ['tuf/api/metadata.py'], before-blob continuity ['tests/test_api.py'], keyword score 9.08, distance 1.",/Users/petermakhnatch/Developer/eval-lab-results/2026-10-07/HAR-191-oracle-sweep/receipts/format-code-task-002829.json,sha256:59329e0b49a364ac1bcbabce2aec2cdf99d3eaff5028f7382117431c78c2207f
format-code-task-002833,oracle:pass+nop:fail,32c1fd21adb78793344de333a89aafc43abe5ed7,b3cd2e47be4d35cc2bdc1b07ac785fc9e10c6ecf,"S2b: 35 introducing commit(s) across divergent history; base..b3cd2e47 diff on feature files ['lib/urlwatch/browser.py', 'lib/urlwatch/jobs.py']. CAVEAT: carries all base..tip evolution of those files, possibly including unrelated refactors.",/Users/petermakhnatch/Developer/eval-lab-results/2026-10-07/HAR-191-oracle-sweep/receipts/format-code-task-002833.json,sha256:66e815d9ddde9d9f1690114ee1c304f54a7c0bfaa1d6053529e271e78839fca5
format-code-task-002836,oracle:none,,,,/Users/petermakhnatch/Developer/eval-lab-results/2026-10-07/HAR-191-oracle-sweep/receipts/format-code-task-002836.json,sha256:deea823a7612a413b27833cd6afaa657e19293ae8fbac6f92e3f8b55e9864513
format-code-task-002838,oracle:fail,b066001f20047868c2e85d81f384a41b31ead820,16b0fdbe6b0b0d604413481ffcceb5df8f373319,"S2b: 21 introducing commit(s) across divergent history; base..16b0fdbe diff on feature files ['thumbor/server.py']. CAVEAT: carries all base..tip evolution of those files, possibly including unrelated refactors.",/Users/petermakhnatch/Developer/eval-lab-results/2026-10-07/HAR-191-oracle-sweep/receipts/format-code-task-002838.json,sha256:2920ed481e4dde2e8332552f5bd03b28b2d4001aef67ab624e71517d911df054
format-code-task-002851,oracle:pass+nop:fail,f585eefe312531306ffadc223aac6ff3fd8c2d66,,"S1: test-file touch; source relevance [], before-blob continuity ['tests/dialects/test_clickhouse.py'], keyword score 1.179, distance 2.",/Users/petermakhnatch/Developer/eval-lab-results/2026-10-07/HAR-191-oracle-sweep/receipts/format-code-task-002851.json,sha256:e6beffa653432862d76eea089c8c2e182c55ccf9c1fca690345a1ce4b917e1e7
format-code-task-002856,oracle:pass+nop:fail,a35cfe0ad78a287efa324f4a24dabab9559af471,,"S1: test-file touch; source relevance [], before-blob continuity ['tests/dialects/test_tsql.py'], keyword score 2.026, distance 1.",/Users/petermakhnatch/Developer/eval-lab-results/2026-10-07/HAR-191-oracle-sweep/receipts/format-code-task-002856.json,sha256:7290a8df0f471c815371f70b719b1adf7df1bf9cbd9a2df4b2369cc722f9d2ae
format-code-task-002857,oracle:pass+nop:fail,63ac621f7507d35ccdc32784ec0631437ddf0c1b,,"S1: test-file touch; source relevance [], before-blob continuity ['tests/dialects/test_mysql.py'], keyword score 1.891, distance 1.",/Users/petermakhnatch/Developer/eval-lab-results/2026-10-07/HAR-191-oracle-sweep/receipts/format-code-task-002857.json,sha256:1cc49dd33fe230a858e86585c4b54576806b8546dd3118435691dde90cbc1ec1
format-code-task-002858,oracle:pass+nop:fail,4badd91549e172890653fdd54f96a7e878bf23c9,,"S1: test-file touch; source relevance [], before-blob continuity ['tests/dialects/test_duckdb.py'], keyword score 1.1, distance 1.",/Users/petermakhnatch/Developer/eval-lab-results/2026-10-07/HAR-191-oracle-sweep/receipts/format-code-task-002858.json,sha256:669dd9d748aa0fe36810730dfc278c1236098227169c7db0434f9f990bfb56a9
format-code-task-002859,oracle:pass+nop:fail,4774431e7f9cf8146d0e4721d8c49957696c7727,,"S1: test-file touch; source relevance [], before-blob continuity ['tests/dialects/test_tsql.py'], keyword score 2.887, distance 1.",/Users/petermakhnatch/Developer/eval-lab-results/2026-10-07/HAR-191-oracle-sweep/receipts/format-code-task-002859.json,sha256:b1d8a39212fab39de20e04004a6b2fa1c6b92801b59fed37be7236362eb235ce
format-code-task-002862,oracle:pass+nop:fail,dcdec95f986426ae90469baca993b47ac390081b,,"S1: test-file touch; source relevance [], before-blob continuity ['tests/test_optimizer.py'], keyword score 1.5, distance 3.",/Users/petermakhnatch/Developer/eval-lab-results/2026-10-07/HAR-191-oracle-sweep/receipts/format-code-task-002862.json,sha256:f83dc124c67b44f0038e57b4d32cf506d60381465a8109e365e389f6f82d71f1
format-code-task-002864,oracle:patch-conflict,173e4425b692728abffa8542324690823f984303,,"S1: test-file touch; source relevance ['sqlglot/parser.py'], before-blob continuity [], keyword score 0.375, distance 662.",/Users/petermakhnatch/Developer/eval-lab-results/2026-10-07/HAR-191-oracle-sweep/receipts/format-code-task-002864.json,sha256:25b94c8b4e4ea29e695aef58e6a0db3f78dbdb16240f98f09d85600e1a778599
format-code-task-002870,oracle:none,,,,/Users/petermakhnatch/Developer/eval-lab-results/2026-10-07/HAR-191-oracle-sweep/receipts/format-code-task-002870.json,sha256:24f6a8b3410f643114e2161a87687dff2a5b7bbb75c5545b8cd536ef1db21e1e
format-code-task-002871,oracle:pass+nop:fail,f90c5b85c2b9a10778a9e1e7a23af574e3797271,236e36a65c96fcc3015995dc0fde2b2a38099fd5,"S2b: 2 introducing commit(s) across divergent history; base..236e36a6 diff on feature files ['asgarde/__init__.py', 'asgarde/collection_composer.py', 'asgarde/failure.py']. CAVEAT: carries all base..tip evolution of those files, possibly including unrelated refactors.",/Users/petermakhnatch/Developer/eval-lab-results/2026-10-07/HAR-191-oracle-sweep/receipts/format-code-task-002871.json,sha256:ee254c79d32ced3e4212cefe931032f7cc93c6ff045f764b60c9ae1e3eefed48
format-code-task-002872,oracle:patch-conflict,294159e7db8e17955009ccf4567f03a9796b46bc,,"S1: test-file touch; source relevance ['src/tox/config/loader/ini/factor.py'], before-blob continuity ['tests/config/loader/ini/test_factor.py'], keyword score 3.333, distance 7.",/Users/petermakhnatch/Developer/eval-lab-results/2026-10-07/HAR-191-oracle-sweep/receipts/format-code-task-002872.json,sha256:2a0f904494b06c761759be5b8b3d4b05c8a1b4c8c2c05b16393a1e145bfb2edf
format-code-task-002874,oracle:fail,a0c3bae9a0da4dfa278d328c44244ebf6dde78a3,,"S1: test-file touch; source relevance [], before-blob continuity ['tests/test_conda_env.py'], keyword score 4.3, distance 2.",/Users/petermakhnatch/Developer/eval-lab-results/2026-10-07/HAR-191-oracle-sweep/receipts/format-code-task-002874.json,sha256:e0c199b43f1ee17e1d0fc87d867cf32ba863c2c2d25db9c54de6b2765c1aac59
format-code-task-002884,oracle:pass+nop:fail,ea38efdf8ed83f8183cfca74016611216969050b,0c3915863ce9598a00c7be76595717b56204a5d1,"S2b: 13 introducing commit(s) across divergent history; base..0c391586 diff on feature files ['onlykey/__init__.py', 'onlykey/cli.py', 'onlykey/client.py', 'onlykey/settime.py']. CAVEAT: carries all base..tip evolution of those files, possibly including unrelated refactors.",/Users/petermakhnatch/Developer/eval-lab-results/2026-10-07/HAR-191-oracle-sweep/receipts/format-code-task-002884.json,sha256:85fbd05efb9a40d775a276608da0290944a638b4748577ad4980ff541aed85e8
format-code-task-002895,oracle:none,,,,/Users/petermakhnatch/Developer/eval-lab-results/2026-10-07/HAR-191-oracle-sweep/receipts/format-code-task-002895.json,sha256:b016476bceee97c3fd6ebc25eea38886d81e659a17dce443e9793994e500de91
format-code-task-002915,oracle:pass+nop:fail,4a4e9cc68e3e88f360658bfff653242054670967,,"S1: test-file touch; source relevance [], before-blob continuity ['mitiq/tests/test_utils.py'], keyword score 9.381, distance 2.",/Users/petermakhnatch/Developer/eval-lab-results/2026-10-07/HAR-191-oracle-sweep/receipts/format-code-task-002915.json,sha256:f5bd4a9b6dc1db358cb466e066401554a01a254a2b7589edebb7f65bcf6a6979
format-code-task-002920,oracle:fail,9aed83ea3741ddc34452a93c5fb9c5a2be02dd34,a26ff7764a303b17d6d61b55520ee65cd0ea3e16,"S2b: 2 introducing commit(s) across divergent history; base..a26ff776 diff on feature files ['mystic/abstract_ensemble_solver.py', 'mystic/abstract_sampler.py', 'mystic/abstract_solver.py', 'mystic/constraints.py', 'mystic/differential_evolution.py', 'mystic/ensemble.py', 'mystic/scipy_optimize.py', 'mystic/search.py']. CAVEAT: carries all base..tip evolution of those files, possibly including unrelated refactors.",/Users/petermakhnatch/Developer/eval-lab-results/2026-10-07/HAR-191-oracle-sweep/receipts/format-code-task-002920.json,sha256:9bd4f3649c6d0cc496382e7de6977af72d899d7e25fe3837197a357d685296ae
format-code-task-002921,oracle:none,,,,/Users/petermakhnatch/Developer/eval-lab-results/2026-10-07/HAR-191-oracle-sweep/receipts/format-code-task-002921.json,sha256:6fd5924ce5acab0eef15d43fa319a2a0036472aa032b917f6026e54aa91e744d
format-code-task-002923,oracle:none,,,,/Users/petermakhnatch/Developer/eval-lab-results/2026-10-07/HAR-191-oracle-sweep/receipts/format-code-task-002923.json,sha256:04c83d7dbad2b6619eb388b95710a28288945953c6fead5c6964acecfe7cf799
format-code-task-002924,oracle:none,,,,/Users/petermakhnatch/Developer/eval-lab-results/2026-10-07/HAR-191-oracle-sweep/receipts/format-code-task-002924.json,sha256:abe9094072d10954a7551c23a487088e8c8987af6376a1ddd433567fc4e586ca
format-code-task-002933,oracle:none,,,,/Users/petermakhnatch/Developer/eval-lab-results/2026-10-07/HAR-191-oracle-sweep/receipts/format-code-task-002933.json,sha256:836cecf4e863ecf4868b2ed86ab13b80e8c222419df29dceceac82a7afff7fc2
format-code-task-002935,oracle:none,,,,/Users/petermakhnatch/Developer/eval-lab-results/2026-10-07/HAR-191-oracle-sweep/receipts/format-code-task-002935.json,sha256:154b53f9402c195cda65661b767ac6c2c41fcc2f364076590140a7f6fe16a1ff
format-code-task-002938,oracle:fail,1ead169e1665b2afc3153f254cb0573c7c63cf33,40795ac2ebdc5f0e798754b8bc62c24296ed0b28,"S2b: 53 introducing commit(s) across divergent history; base..40795ac2 diff on feature files ['krakenex/api.py']. CAVEAT: carries all base..tip evolution of those files, possibly including unrelated refactors.",/Users/petermakhnatch/Developer/eval-lab-results/2026-10-07/HAR-191-oracle-sweep/receipts/format-code-task-002938.json,sha256:15d984ef5103c774496c8864b78a5b7068edf5c06ab90606dbaaa7d0a02bf562
format-code-task-002939,oracle:pass+nop:fail,645cd87a461ea3d97a57dbbaba71e89552bee07b,138311d337696c802d726bebb75d0e7ebe7b9877,"S2b: 41 introducing commit(s) across divergent history; base..138311d3 diff on feature files ['krakenex/api.py', 'krakenex/connection.py']. CAVEAT: carries all base..tip evolution of those files, possibly including unrelated refactors.",/Users/petermakhnatch/Developer/eval-lab-results/2026-10-07/HAR-191-oracle-sweep/receipts/format-code-task-002939.json,sha256:09639d8ae24e8a7814f78aee3f8d9cba60ddf991cd8a96814c9a9146634192aa
format-code-task-002940,oracle:pass+nop:fail,51f84694c732d4221eaa925a02ce519c63a83ae6,138311d337696c802d726bebb75d0e7ebe7b9877,"S2b: 11 introducing commit(s) across divergent history; base..138311d3 diff on feature files ['examples/retrieve-csv-report.py']. CAVEAT: carries all base..tip evolution of those files, possibly including unrelated refactors.",/Users/petermakhnatch/Developer/eval-lab-results/2026-10-07/HAR-191-oracle-sweep/receipts/format-code-task-002940.json,sha256:27c8a7a395f5808f32c4163ca03184605e59ee6fb2a6a7d1494d5e2321f04c73
format-code-task-002963,oracle:none,,,,/Users/petermakhnatch/Developer/eval-lab-results/2026-10-07/HAR-191-oracle-sweep/receipts/format-code-task-002963.json,sha256:b1ae69be605dedcfc522dc2c166e6974125fa9832e0c54eb561287643d6b4ad4
format-code-task-002964,oracle:pass+nop:fail,e849cb43f7eaee28b8fc17d01fc05fe6d2c26d88,0e69b22a84b2a877f2eabe3f2ffb5b8ba32d99dc,"S2b: 20 introducing commit(s) across divergent history; base..0e69b22a diff on feature files ['algotrading/agents/momentum_agent.py']. CAVEAT: carries all base..tip evolution of those files, possibly including unrelated refactors.",/Users/petermakhnatch/Developer/eval-lab-results/2026-10-07/HAR-191-oracle-sweep/receipts/format-code-task-002964.json,sha256:cb4e1822e6d075e5fb954d5d3880dc6debaba14bf2f188e1d8208c7100d18700
format-code-task-002965,oracle:none,,,,/Users/petermakhnatch/Developer/eval-lab-results/2026-10-07/HAR-191-oracle-sweep/receipts/format-code-task-002965.json,sha256:700031fb10c5336ed1cce3c004d25b26e22bb330f73787e6bb5cdb399bada92b
format-code-task-002976,oracle:pass+nop:fail,b681e74d30c272498af5b39df0eeaad4a722de80,,"S2a: pickaxe identifier 'total_ordering,wagtail.admin.search,wagtail.admin.widgets.button' converges on b681e74d 'Replace @total_ordering usage with comparison functions implementation #10526' (descendant, distance 1); own-diff applies on base.",/Users/petermakhnatch/Developer/eval-lab-results/2026-10-07/HAR-191-oracle-sweep/receipts/format-code-task-002976.json,sha256:484b346a894cdf2884b55d1ef7698fdf6cbfb5efa5696f6fab82f04b82c55338
format-code-task-002989,oracle:pass+nop:fail,6840e65dbb3fa3229d6fcaaa73a406b63cd94e61,6301085648a0d182dd61b5b2aef9274d3e4f6d75,"S2b: 26 introducing commit(s) across divergent history; base..63010856 diff on feature files ['web/application.py', 'web/request.py', 'web/template.py']. CAVEAT: carries all base..tip evolution of those files, possibly including unrelated refactors.",/Users/petermakhnatch/Developer/eval-lab-results/2026-10-07/HAR-191-oracle-sweep/receipts/format-code-task-002989.json,sha256:0c5030c95ccdfb851a84b75e15118d73d8939b6751b1703d2a909d0299f6a3ab
format-code-task-002994,oracle:pass+nop:fail,578fca9ce89c409259545e3ecc4c7e8649c07dc4,,"S1: test-file touch; source relevance [], before-blob continuity ['tests/test_visitors/test_ast/test_naming/test_variable_self_reassignment.py'], keyword score 2.0, distance 3.",/Users/petermakhnatch/Developer/eval-lab-results/2026-10-07/HAR-191-oracle-sweep/receipts/format-code-task-002994.json,sha256:09257a466243c47e1ad768792807dad038dc86aa17989bb45f90bed4bf1532ca
format-code-task-003046,oracle:fail,45ffb8d27da0736690924903e660170d08d0a2b9,61f7ad301ece6cc11f406a614fc08227d3dedeab,"S2b: 31 introducing commit(s) across divergent history; base..61f7ad30 diff on feature files ['virtualizarr/parsers/__init__.py', 'virtualizarr/xarray.py']. CAVEAT: carries all base..tip evolution of those files, possibly including unrelated refactors.",/Users/petermakhnatch/Developer/eval-lab-results/2026-10-07/HAR-191-oracle-sweep/receipts/format-code-task-003046.json,sha256:4ffbc29145ca043538749658c97d4b0982899717924c72c1bb8f6d34b1b70a9c
