task_id,label,fix_commit,patch_tip,how_chosen,evidence_path,run_digest
format-code-task-000003,oracle:fail,5652d97813ef3129d34ba651712d6df690393407,,"S1: test-file touch; source relevance [], before-blob continuity ['tests/test_bitwise.py'], keyword score 2.1, distance 2.",/Users/petermakhnatch/Developer/eval-lab-results/2026-10-10/mimo-ref-fixes-sweep-w4/receipts/format-code-task-000003.json,sha256:c42edb44c60824a76efbfb6670a002fffdc86db5c2fb212644ddd502bb3dc5a5
format-code-task-000008,oracle:none,,,,/Users/petermakhnatch/Developer/eval-lab-results/2026-10-10/mimo-ref-fixes-sweep-w4/receipts/format-code-task-000008.json,sha256:50130de8f20e36b281515620169914227fd0863a156939a948498525bf87b03b
format-code-task-000016,oracle:none,,,,/Users/petermakhnatch/Developer/eval-lab-results/2026-10-10/mimo-ref-fixes-sweep-w4/receipts/format-code-task-000016.json,sha256:5a47420c397638d04b2ea561a10dd9391d679a37b4b3ce739789f77025062414
format-code-task-000031,oracle:fail,43f2dd9747728cc67abf286cd337bf993795a5d9,,"S1: test-file touch; source relevance [], before-blob continuity ['tests/common/osutil/test_default.py'], keyword score 2.25, distance 1.",/Users/petermakhnatch/Developer/eval-lab-results/2026-10-10/mimo-ref-fixes-sweep-w4/receipts/format-code-task-000031.json,sha256:78bb1bc31c79b9b2c7115b22717a0261e5db81a220e269995d71161829752ff0
format-code-task-000049,oracle:fail,6571632642ab441b23a2a6182ec1c8932ac21306,,"S1: test-file touch; source relevance [], before-blob continuity ['flocker/control/test/test_httpapi.py'], keyword score 0.429, distance 5.",/Users/petermakhnatch/Developer/eval-lab-results/2026-10-10/mimo-ref-fixes-sweep-w4/receipts/format-code-task-000049.json,sha256:175c9c07b2be9a369f0e3ff6989935cefed3d591625e87773423d7cb0b52dd35
format-code-task-000050,oracle:none,,,,/Users/petermakhnatch/Developer/eval-lab-results/2026-10-10/mimo-ref-fixes-sweep-w4/receipts/format-code-task-000050.json,sha256:ba7293938da25ec7c525bde8ac7a2ea2fa2ddcde097f41943f7bf5bb1d77da1d
format-code-task-000079,oracle:pass+nop:fail,e0f3295c1dee9dad9ef5e1ddae8c97dace39e7d4,,"S2a: pickaxe identifier 'numpy' converges on e0f3295c 'confirmed working multi-letter elements, and cleaned up the element inheritance so that addition of a new element only requires adding it to the file.  The function names are added to a dictionary where the function call is the key, i.e. R(a,b) is represented as 'R'.  Downstream code required no modification, as these were added to the globals() dictionary upon import. > The tests were updated so that the inputs and expected outputs are held in dictionaries so that order is no longer important. > The code to extract the elements from the circuit was altered significantly, and a test of this function has been added.  It has been demonstrated to support arbitrarily high integers and still properly parses them. The new element, RR, is a resistor whose value is multiplied by 100.  I've verified that, when fit, the parameter value is 100-fold smaller than the expeccted R value, and that the fits are identical.' (descendant, distance 1); own-diff applies on base.",/Users/petermakhnatch/Developer/eval-lab-results/2026-10-10/mimo-ref-fixes-sweep-w4/receipts/format-code-task-000079.json,sha256:443bc8ed6bfe34f19c7b0c92e2ea081c09d93dac05f56c71c1be62c26a211fa5
format-code-task-000081,oracle:pass+nop:fail,08f305cf25254432c21750521b02550d619df1c4,,"S1: test-file touch; source relevance [], before-blob continuity ['testing/test_runner.py'], keyword score 0.5, distance 1.",/Users/petermakhnatch/Developer/eval-lab-results/2026-10-10/mimo-ref-fixes-sweep-w4/receipts/format-code-task-000081.json,sha256:a937eb7637aa762290c37d2c94f649f8d6bf1ecbef234e23107b08376a3b4cfb
format-code-task-000083,oracle:pass+nop:fail,8dae59b35fa4adb635cacc91c565092651f37c81,,"S1: test-file touch; source relevance [], before-blob continuity ['f5/bigip/tm/asm/test/functional/test_policies.py', 'f5/bigip/tm/asm/test/unit/test_policies.py'], keyword score 1.205, distance 1.",/Users/petermakhnatch/Developer/eval-lab-results/2026-10-10/mimo-ref-fixes-sweep-w4/receipts/format-code-task-000083.json,sha256:a725ad2c9beda8bad450b730f1808fa1af1f6dbe649d5f2bad0b71a78f990b99
format-code-task-000089,oracle:pass+nop:fail,b39672b9f95c71660c494bb1ff01cb3f900413e1,,"S1: test-file touch; source relevance [], before-blob continuity ['tests/test_common.py'], keyword score 7.317, distance 1.",/Users/petermakhnatch/Developer/eval-lab-results/2026-10-10/mimo-ref-fixes-sweep-w4/receipts/format-code-task-000089.json,sha256:1ad15be80c6e7e27db358ec08c955025a592cc2dee96dd885340f302a78dc308
format-code-task-000090,oracle:fail,1e9fd36d92678e2c068630070fdc3133d0166b2c,84f73bd52ecf74ab1f5fda10d4acf09e8f5e43da,"S2b: 29 introducing commit(s) across divergent history; base..84f73bd5 diff on feature files ['opcua/common/event_objects.py', 'opcua/common/events.py']. CAVEAT: carries all base..tip evolution of those files, possibly including unrelated refactors.",/Users/petermakhnatch/Developer/eval-lab-results/2026-10-10/mimo-ref-fixes-sweep-w4/receipts/format-code-task-000090.json,sha256:ec2ebae30fc1d2446e7d0afa5f52b777ffaa9c38dec99002fe4f965b32396930
format-code-task-000100,oracle:fail,a53aa356a83ef2e87549320ec46315970d4317dd,11dbbee8349d2ed56f676a8a011d4a5c9be17827,"S2b: 26 introducing commit(s) across divergent history; base..11dbbee8 diff on feature files ['perfkitbenchmarker/__init__.py']. CAVEAT: carries all base..tip evolution of those files, possibly including unrelated refactors.",/Users/petermakhnatch/Developer/eval-lab-results/2026-10-10/mimo-ref-fixes-sweep-w4/receipts/format-code-task-000100.json,sha256:d0a2636e11cc5dc5242c76ea1de9428180a67abd6dbff35cd51e87dd05ba130f
format-code-task-000115,oracle:none,,,,/Users/petermakhnatch/Developer/eval-lab-results/2026-10-10/mimo-ref-fixes-sweep-w4/receipts/format-code-task-000115.json,sha256:653684ba7d9a11dd80bd54ac9c4e86499936b550161e79f59e72b189c50becb8
format-code-task-000116,oracle:pass+nop:fail,a83681330e472f031c3777dfc053483619573f9a,,"S1: test-file touch; source relevance [], before-blob continuity ['hypothesis-python/tests/cover/test_lookup_py39.py'], keyword score 3.0, distance 1.",/Users/petermakhnatch/Developer/eval-lab-results/2026-10-10/mimo-ref-fixes-sweep-w4/receipts/format-code-task-000116.json,sha256:bc67fe4b3256889d0edb2ddecb0bb1aaac192b4f48c9dc1776dcb0f9248a51ee
format-code-task-000125,oracle:pass+nop:fail,90df5a6a377bfcfa7371c2ef47fcb7c69e38a5b6,,"S1: test-file touch; source relevance [], before-blob continuity ['libcst/_nodes/tests/test_atom.py'], keyword score 2.1, distance 2.",/Users/petermakhnatch/Developer/eval-lab-results/2026-10-10/mimo-ref-fixes-sweep-w4/receipts/format-code-task-000125.json,sha256:f2a6a2a15a59f4ba32ffeeccfb3897850d3b1f16000e983f357c2b2952188fb1
format-code-task-000148,oracle:pass+nop:fail,92d15f38bedd26a02155a977cef9f7803665253c,,"S1: test-file touch; source relevance [], before-blob continuity ['tests/unittests/bases/test_metric.py'], keyword score 2.25, distance 1.",/Users/petermakhnatch/Developer/eval-lab-results/2026-10-10/mimo-ref-fixes-sweep-w4/receipts/format-code-task-000148.json,sha256:b84ea3ac9817159cdb4c2f21bb5f6095637bdbca51d78e24259004bfa6c75705
format-code-task-000153,oracle:none,,,,/Users/petermakhnatch/Developer/eval-lab-results/2026-10-10/mimo-ref-fixes-sweep-w4/receipts/format-code-task-000153.json,sha256:00af459e540201ce7ad425bcb23b10d88b42553d1159d41f9cae7e650ab62b60
format-code-task-000154,oracle:fail,3cb67e32fe0ebc52bc77d877213dcb6d3655e4a1,,"S2a: pickaxe identifier 'ConfigGeneralError,InvalidReportName,add_message,compare_runs,configured_reports,get_reports,internal_json_report,report_filename,return_status,robocop.json,robocop.linter.exceptions,robocop.linter.exceptions.ConfigGeneralError,robocop.linter.exceptions.InvalidReportName,robocop.linter.reports' converges on 3cb67e32 'Add reports module to robocop linter (#1192)' (descendant, distance 1); own-diff applies on base.",/Users/petermakhnatch/Developer/eval-lab-results/2026-10-10/mimo-ref-fixes-sweep-w4/receipts/format-code-task-000154.json,sha256:52e5af4096a500b9b3a45c23a1acb63445ecbed7e400738de032922c50730d7d
format-code-task-000169,oracle:pass+nop:fail,9879b1db5a004c982a40bcb417a93dba8044ea0b,,"S1: test-file touch; source relevance [], before-blob continuity ['test/test_recipe.py'], keyword score 2.5, distance 2.",/Users/petermakhnatch/Developer/eval-lab-results/2026-10-10/mimo-ref-fixes-sweep-w4/receipts/format-code-task-000169.json,sha256:8d85e8accf1b321af4c9a2a98855480a3e0899d0fac8a8574359d43f7957f141
format-code-task-000190,oracle:none,,,,/Users/petermakhnatch/Developer/eval-lab-results/2026-10-10/mimo-ref-fixes-sweep-w4/receipts/format-code-task-000190.json,sha256:dd4c842c8aeedd04d9d13587946a1a5319e423804fe96896ec27310ae2a3b504
format-code-task-000220,oracle:fail,0d5c9b7d4a60bfe15c5fa9b90fa11a3e8e522d22,1d1d5cd36f8ca3973a1698608da3d966cb1b945a,"S2b: 28 introducing commit(s) across divergent history; base..1d1d5cd3 diff on feature files ['fades/main.py']. CAVEAT: carries all base..tip evolution of those files, possibly including unrelated refactors.",/Users/petermakhnatch/Developer/eval-lab-results/2026-10-10/mimo-ref-fixes-sweep-w4/receipts/format-code-task-000220.json,sha256:033658cae2ea50b003510f2958ba0e5fd40dbc914d094338ad39d58eb253b119
format-code-task-000221,oracle:pass+nop:fail,b0451da8850274dd37bebbe4173e4f6984586b35,,"S1: test-file touch; source relevance [], before-blob continuity ['tests/test_tokenizer.py'], keyword score 6.75, distance 1.",/Users/petermakhnatch/Developer/eval-lab-results/2026-10-10/mimo-ref-fixes-sweep-w4/receipts/format-code-task-000221.json,sha256:fccbb140250905ffbef839802934ab9254f272dfa42609f9dad0d067d38d73ad
format-code-task-000222,oracle:fail,e7bbdebda36dd582a2e4adc5e163572ef659f0de,9e311d5af7ffd2bba272fc6471b8ecfe21bf1993,"S2b: 36 introducing commit(s) across divergent history; base..9e311d5a diff on feature files ['bugbear.py']. CAVEAT: carries all base..tip evolution of those files, possibly including unrelated refactors.",/Users/petermakhnatch/Developer/eval-lab-results/2026-10-10/mimo-ref-fixes-sweep-w4/receipts/format-code-task-000222.json,sha256:ab4f495fc7a19f57461cd98a07e2000b48785344bd6f0707bc7514fa80c8b03d
format-code-task-000223,oracle:none,,,,/Users/petermakhnatch/Developer/eval-lab-results/2026-10-10/mimo-ref-fixes-sweep-w4/receipts/format-code-task-000223.json,sha256:7e0ab7b2431e294bed578ff12ddeadd93e38affe051ba30e00655c3c774874b1
format-code-task-000224,oracle:pass+nop:fail,a4fac476730de12625e4e0a220a9a016a708ed3c,,"S1: test-file touch; source relevance [], before-blob continuity ['src/tests/test_definitions.py'], keyword score 4.5, distance 1.",/Users/petermakhnatch/Developer/eval-lab-results/2026-10-10/mimo-ref-fixes-sweep-w4/receipts/format-code-task-000224.json,sha256:f941825ac4514e5deeffb2a0d79a1db141d2d149f0b9c7de54014f80fe337ae2
format-code-task-000234,oracle:none,,,,/Users/petermakhnatch/Developer/eval-lab-results/2026-10-10/mimo-ref-fixes-sweep-w4/receipts/format-code-task-000234.json,sha256:cf91aae65f3b2247d7b682abbad778dc775886988f773d276392d9003f4edf06
format-code-task-000237,oracle:pass+nop:fail,8118bcea6b0c6084c1fe7108b1961681dbb23a44,,"S1: test-file touch; source relevance [], before-blob continuity ['tests/test_enforce.py', 'tests/test_nodes.py'], keyword score 3.0, distance 1.",/Users/petermakhnatch/Developer/eval-lab-results/2026-10-10/mimo-ref-fixes-sweep-w4/receipts/format-code-task-000237.json,sha256:5929118977d41f2037b29e91cfa735990b5a6842dc818fbdc9b60c8276a85a16
format-code-task-000257,oracle:pass+nop:fail,01be2efcb5292702ac8aa5ce517078be4110ed2a,,"S1: test-file touch; source relevance [], before-blob continuity ['theano/tensor/tests/test_extra_ops.py'], keyword score 0, distance None.",/Users/petermakhnatch/Developer/eval-lab-results/2026-10-10/mimo-ref-fixes-sweep-w4/receipts/format-code-task-000257.json,sha256:e401caa0d2972fb928603eccb0291230bd948145e52c6cfe44b71bf551ec3342
format-code-task-000285,oracle:fail,c010378a2e62d2676d01746f79e373658c127478,,"S1: test-file touch; source relevance [], before-blob continuity ['tests/test_validate.py'], keyword score 4.5, distance 1.",/Users/petermakhnatch/Developer/eval-lab-results/2026-10-10/mimo-ref-fixes-sweep-w4/receipts/format-code-task-000285.json,sha256:598c6f337b9b26bc1ea8ada9c33dfeb19667017d58932e19df801b44e7f3aa79
format-code-task-000296,oracle:pass+nop:fail,44d8cc19b20167b1c94c6f00d9f5abf8157324aa,,"S1: test-file touch; source relevance [], before-blob continuity ['tests/fixers/test_settings_storages.py'], keyword score 1.75, distance 1.",/Users/petermakhnatch/Developer/eval-lab-results/2026-10-10/mimo-ref-fixes-sweep-w4/receipts/format-code-task-000296.json,sha256:e16790b847a9aa038009c3e282962b5ccbfacf15a367c9966a12e1abecca7a05
format-code-task-000312,oracle:pass+nop:fail,aaa471efb52f15129e225466912f97f5eba9f8d2,,"S2a: pickaxe identifier 'Section,dynamic_preferences.preferences' converges on aaa471ef 'Section verbose name (#114)' (descendant, distance 2); own-diff applies on base.",/Users/petermakhnatch/Developer/eval-lab-results/2026-10-10/mimo-ref-fixes-sweep-w4/receipts/format-code-task-000312.json,sha256:64d4bc23e17274e449053a7d8cca2cd17c8b5aa713375f82fd5f6a86f1ede4d6
format-code-task-000325,oracle:fail,add45ad1d52c9d1d24f2b41e37e3a9891cc5992b,a2e5f9a8b8c994ad65bce05cde9c744760f47c4c,"S2b: 9 introducing commit(s) across divergent history; base..a2e5f9a8 diff on feature files ['aiogram/__meta__.py', 'aiogram/methods/__init__.py', 'aiogram/methods/answer_guest_query.py', 'aiogram/methods/approve_chat_join_request.py', 'aiogram/methods/ban_chat_member.py', 'aiogram/methods/ban_chat_sender_chat.py', 'aiogram/methods/close_forum_topic.py', 'aiogram/methods/close_general_forum_topic.py', 'aiogram/methods/copy_message.py', 'aiogram/methods/copy_messages.py', 'aiogram/methods/create_chat_invite_link.py', 'aiogram/methods/create_chat_subscription_invite_link.py', 'aiogram/methods/create_forum_topic.py', 'aiogram/methods/decline_chat_join_request.py', 'aiogram/methods/delete_all_message_reactions.py', 'aiogram/methods/delete_chat_photo.py', 'aiogram/methods/delete_chat_sticker_set.py', 'aiogram/methods/delete_forum_topic.py', 'aiogram/methods/delete_message.py', 'aiogram/methods/delete_message_reaction.py', 'aiogram/methods/delete_messages.py', 'aiogram/methods/edit_chat_invite_link.py', 'aiogram/methods/edit_chat_subscription_invite_link.py', 'aiogram/methods/edit_forum_topic.py', 'aiogram/methods/edit_general_forum_topic.py', 'aiogram/methods/edit_message_caption.py', 'aiogram/methods/edit_message_checklist.py', 'aiogram/methods/edit_message_live_location.py', 'aiogram/methods/edit_message_media.py', 'aiogram/methods/edit_message_reply_markup.py', 'aiogram/methods/edit_message_text.py', 'aiogram/methods/export_chat_invite_link.py', 'aiogram/methods/forward_message.py', 'aiogram/methods/forward_messages.py', 'aiogram/methods/get_chat.py', 'aiogram/methods/get_chat_administrators.py', 'aiogram/methods/get_chat_gifts.py', 'aiogram/methods/get_chat_member.py', 'aiogram/methods/get_chat_member_count.py', 'aiogram/methods/get_managed_bot_access_settings.py', 'aiogram/methods/get_user_chat_boosts.py', 'aiogram/methods/get_user_personal_chat_messages.py', 'aiogram/methods/hide_general_forum_topic.py', 'aiogram/methods/leave_chat.py', 'aiogram/methods/pin_chat_message.py', 'aiogram/methods/promote_chat_member.py', 'aiogram/methods/remove_chat_verification.py', 'aiogram/methods/reopen_forum_topic.py', 'aiogram/methods/reopen_general_forum_topic.py', 'aiogram/methods/restrict_chat_member.py', 'aiogram/methods/revoke_chat_invite_link.py', 'aiogram/methods/send_animation.py', 'aiogram/methods/send_audio.py', 'aiogram/methods/send_chat_action.py', 'aiogram/methods/send_checklist.py', 'aiogram/methods/send_contact.py', 'aiogram/methods/send_dice.py', 'aiogram/methods/send_document.py', 'aiogram/methods/send_game.py', 'aiogram/methods/send_gift.py', 'aiogram/methods/send_invoice.py', 'aiogram/methods/send_live_photo.py', 'aiogram/methods/send_location.py', 'aiogram/methods/send_media_group.py', 'aiogram/methods/send_message.py', 'aiogram/methods/send_message_draft.py', 'aiogram/methods/send_paid_media.py', 'aiogram/methods/send_photo.py', 'aiogram/methods/send_poll.py', 'aiogram/methods/send_sticker.py', 'aiogram/methods/send_venue.py', 'aiogram/methods/send_video.py', 'aiogram/methods/send_video_note.py', 'aiogram/methods/send_voice.py', 'aiogram/methods/set_chat_administrator_custom_title.py', 'aiogram/methods/set_chat_description.py', 'aiogram/methods/set_chat_member_tag.py', 'aiogram/methods/set_chat_permissions.py', 'aiogram/methods/set_chat_photo.py', 'aiogram/methods/set_chat_sticker_set.py', 'aiogram/methods/set_chat_title.py', 'aiogram/methods/set_managed_bot_access_settings.py', 'aiogram/methods/set_message_reaction.py', 'aiogram/methods/stop_message_live_location.py', 'aiogram/methods/stop_poll.py', 'aiogram/methods/unban_chat_member.py', 'aiogram/methods/unban_chat_sender_chat.py', 'aiogram/methods/unhide_general_forum_topic.py', 'aiogram/methods/unpin_all_chat_messages.py', 'aiogram/methods/unpin_all_forum_topic_messages.py', 'aiogram/methods/unpin_all_general_forum_topic_messages.py', 'aiogram/methods/unpin_chat_message.py', 'aiogram/methods/verify_chat.py']. CAVEAT: carries all base..tip evolution of those files, possibly including unrelated refactors.",/Users/petermakhnatch/Developer/eval-lab-results/2026-10-10/mimo-ref-fixes-sweep-w4/receipts/format-code-task-000325.json,sha256:1ef8058fc34a007fe01e0d5f1738b45075e22b87a96853d631f8413757db2d9d
format-code-task-000326,oracle:fail,f060c08d162f9ab936fd2ec732ab9e6d7e8adbc2,9756dac877b69a0e217da2f7bf920394f27549c1,"S2b: 24 introducing commit(s) across divergent history; base..9756dac8 diff on feature files ['aiogram/client/bot.py', 'aiogram/methods/__init__.py', 'aiogram/methods/delete_business_messages.py', 'aiogram/methods/edit_message_checklist.py', 'aiogram/methods/get_business_account_gifts.py', 'aiogram/methods/get_my_star_balance.py', 'aiogram/methods/promote_chat_member.py', 'aiogram/methods/remove_business_account_profile_photo.py', 'aiogram/methods/send_checklist.py', 'aiogram/methods/send_poll.py', 'aiogram/methods/set_business_account_gift_settings.py', 'aiogram/methods/set_business_account_profile_photo.py', 'aiogram/methods/upgrade_gift.py', 'aiogram/types/__init__.py', 'aiogram/types/accepted_gift_types.py', 'aiogram/types/business_bot_rights.py', 'aiogram/types/business_connection.py', 'aiogram/types/chat.py', 'aiogram/types/chat_administrator_rights.py', 'aiogram/types/chat_boost_source_giveaway.py', 'aiogram/types/chat_join_request.py', 'aiogram/types/chat_member_administrator.py', 'aiogram/types/chat_member_restricted.py', 'aiogram/types/chat_member_updated.py', 'aiogram/types/chat_permissions.py', 'aiogram/types/checklist.py', 'aiogram/types/checklist_task.py', 'aiogram/types/checklist_tasks_added.py', 'aiogram/types/checklist_tasks_done.py', 'aiogram/types/direct_message_price_changed.py', 'aiogram/types/external_reply_info.py', 'aiogram/types/gift_info.py', 'aiogram/types/inaccessible_message.py', 'aiogram/types/input_checklist.py', 'aiogram/types/input_checklist_task.py', 'aiogram/types/input_profile_photo_animated.py', 'aiogram/types/input_profile_photo_static.py', 'aiogram/types/input_story_content_photo.py', 'aiogram/types/input_story_content_video.py', 'aiogram/types/message.py', 'aiogram/types/owned_gift_regular.py', 'aiogram/types/owned_gift_unique.py', 'aiogram/types/reaction_type_emoji.py', 'aiogram/types/successful_payment.py', 'aiogram/types/switch_inline_query_chosen_chat.py', 'aiogram/types/text_quote.py', 'aiogram/types/unique_gift_info.py', 'aiogram/types/write_access_allowed.py']. CAVEAT: carries all base..tip evolution of those files, possibly including unrelated refactors.",/Users/petermakhnatch/Developer/eval-lab-results/2026-10-10/mimo-ref-fixes-sweep-w4/receipts/format-code-task-000326.json,sha256:905b4e44bb943e791dbea88a3a9f7ef978a9a64fecc32c7505595b53c371c732
format-code-task-000333,oracle:none,,,,/Users/petermakhnatch/Developer/eval-lab-results/2026-10-10/mimo-ref-fixes-sweep-w4/receipts/format-code-task-000333.json,sha256:e2ea002590623f4d9d8086bbba1086e6207991acaa0c536f39432dc95422470a
format-code-task-000334,oracle:fail,655a5f6890b8ba09377f8a495a39e0a39290b444,,"S1: test-file touch; source relevance [], before-blob continuity ['src/darker/tests/test_highlighting.py'], keyword score 1.75, distance 1.",/Users/petermakhnatch/Developer/eval-lab-results/2026-10-10/mimo-ref-fixes-sweep-w4/receipts/format-code-task-000334.json,sha256:a23d1b0e0b48a68b1a6b9d7e300992fb76384cd5ea974c712dabc620a359c630
format-code-task-000337,oracle:none,,,,/Users/petermakhnatch/Developer/eval-lab-results/2026-10-10/mimo-ref-fixes-sweep-w4/receipts/format-code-task-000337.json,sha256:95ccf5db6b6d359c65ba8e5ae1561ca13b21b556335a9ba9c6a21388b8af5e2f
format-code-task-000354,oracle:pass+nop:fail,73d9be971753eaeef0e300b993ae782868e172aa,,"S1: test-file touch; source relevance [], before-blob continuity ['src/ralph/security/tests/test_api.py'], keyword score 4.0, distance 1.",/Users/petermakhnatch/Developer/eval-lab-results/2026-10-10/mimo-ref-fixes-sweep-w4/receipts/format-code-task-000354.json,sha256:2e6e4ec12b96606550a19b37d7691f0dc6b78e0550072c774e031394eda839f2
format-code-task-000364,oracle:fail,fc391469846859fe7c344bb5be21529bcb125783,7f4dcd0332f3d83c0b9a26d36e4a33143b188f4d,"S2b: 30 introducing commit(s) across divergent history; base..7f4dcd03 diff on feature files ['alpaca/broker/client.py', 'alpaca/broker/models/funding.py', 'alpaca/broker/models/requests.py']. CAVEAT: carries all base..tip evolution of those files, possibly including unrelated refactors.",/Users/petermakhnatch/Developer/eval-lab-results/2026-10-10/mimo-ref-fixes-sweep-w4/receipts/format-code-task-000364.json,sha256:2f81c13789e7287e0ce1699539d6fae4d225d5c92cd21a6a4e39336f0065057b
format-code-task-000366,oracle:none,,,,/Users/petermakhnatch/Developer/eval-lab-results/2026-10-10/mimo-ref-fixes-sweep-w4/receipts/format-code-task-000366.json,sha256:3687382f7b6193f4beeb64f4ee64f96a5b497075c6d94d7b31e5b259fc1e4797
format-code-task-000372,oracle:fail,c7984463c741da91c2c3074268117e9c69463af7,,"S1: test-file touch; source relevance [], before-blob continuity ['tests/test_hdl_ast.py'], keyword score 0.231, distance 1.",/Users/petermakhnatch/Developer/eval-lab-results/2026-10-10/mimo-ref-fixes-sweep-w4/receipts/format-code-task-000372.json,sha256:b5658032fa02a6b43b7bf8ba78182603055d2a2d4eacafef17058e23198abc19
format-code-task-000379,oracle:pass+nop:fail,26097bba47b440cf6de7a264b87ba057fefa300e,,"S1: test-file touch; source relevance [], before-blob continuity ['tests/test_modes.py', 'tests/test_pytest_picked.py'], keyword score 3.25, distance 1.",/Users/petermakhnatch/Developer/eval-lab-results/2026-10-10/mimo-ref-fixes-sweep-w4/receipts/format-code-task-000379.json,sha256:b48ff892a260336d562b3486bca0e471179a95e0736875382fbe4a9617c31b50
format-code-task-000414,oracle:pass+nop:fail,0b9e2a78ccf82c12bb0c2fa052958188eb93bb62,,"S1: test-file touch; source relevance [], before-blob continuity ['tests/api_connexion/endpoints/test_event_log_endpoint.py'], keyword score 1.0, distance 8.",/Users/petermakhnatch/Developer/eval-lab-results/2026-10-10/mimo-ref-fixes-sweep-w4/receipts/format-code-task-000414.json,sha256:d4ad7c6d2a9c1827c67e9cf21adb3f3b438e9da9a1f44dadc86e73482b61a4b5
format-code-task-000415,oracle:pass+nop:fail,9f0b0258e254e7fb98c7d641c6c1d0617775ba42,,"S1: test-file touch; source relevance [], before-blob continuity ['tests/providers/ftp/hooks/test_ftp.py'], keyword score 7.917, distance 220.",/Users/petermakhnatch/Developer/eval-lab-results/2026-10-10/mimo-ref-fixes-sweep-w4/receipts/format-code-task-000415.json,sha256:d48e5cd45861cee049efe32b432bc5767cb490e25e2676c52fd8366b2a4fbaf2
format-code-task-000420,oracle:pass+nop:fail,114fee5317ca2bb2b09864c66da99e86190faffb,,"S1: test-file touch; source relevance [], before-blob continuity ['lang/py/test/test_io.py', 'lang/py/test/test_schema.py'], keyword score 5.907, distance 173.",/Users/petermakhnatch/Developer/eval-lab-results/2026-10-10/mimo-ref-fixes-sweep-w4/receipts/format-code-task-000420.json,sha256:1e7edac10b25ff8c5b46d5eccdf5fef5d5c232ab5384eb2d339bc648bc7335bd
format-code-task-000458,oracle:pass+nop:fail,1ce1654c75b1dd27f5615456b76609e308be195b,,"S1: test-file touch; source relevance [], before-blob continuity ['pymatbridge/tests/test_publish.py'], keyword score 1.5, distance 1.",/Users/petermakhnatch/Developer/eval-lab-results/2026-10-10/mimo-ref-fixes-sweep-w4/receipts/format-code-task-000458.json,sha256:645d7c48366cda810aeb6f00bf2280882834d086cb2a525004d3c58ab693d208
format-code-task-000467,oracle:pass+nop:fail,79311238f16854f0b661f799398bb5cb56d084d9,,"S1: test-file touch; source relevance [], before-blob continuity ['tests/features/percent_format_test.py'], keyword score 1.0, distance None.",/Users/petermakhnatch/Developer/eval-lab-results/2026-10-10/mimo-ref-fixes-sweep-w4/receipts/format-code-task-000467.json,sha256:e1308c97f6fb1f29a8ce017be16f7eeb0081faced5c874f16802cc03583c777b
format-code-task-000484,oracle:pass+nop:fail,949a22565f6a24af1aff3feae8eb9ec81c5ed749,,"S1: test-file touch; source relevance [], before-blob continuity ['robo/test/test_ei.py', 'robo/test/test_logei.py', 'robo/test/test_pi.py'], keyword score 0, distance None.",/Users/petermakhnatch/Developer/eval-lab-results/2026-10-10/mimo-ref-fixes-sweep-w4/receipts/format-code-task-000484.json,sha256:0de0ae6b6b3c27b36facc5e672143bcbbd26301a1430a85c49a875c74d44e507
format-code-task-000488,oracle:none,,,,/Users/petermakhnatch/Developer/eval-lab-results/2026-10-10/mimo-ref-fixes-sweep-w4/receipts/format-code-task-000488.json,sha256:2599a04e03d60787c666e1a15410497989f83db203e8be60fcbba9eaca09bcc0
format-code-task-000489,oracle:none,,,,/Users/petermakhnatch/Developer/eval-lab-results/2026-10-10/mimo-ref-fixes-sweep-w4/receipts/format-code-task-000489.json,sha256:eb7a3db7889baa9c6661b74ed5eea750afd993e810f3c27f2de9e09279fe17d5
format-code-task-000498,oracle:pass+nop:fail,7482311223c09a7eb928d94db19ef86629f21a6d,,"S1: test-file touch; source relevance [], before-blob continuity ['tests/functional/event_handler/required_dependencies/test_api_gateway.py'], keyword score 5.1, distance 1.",/Users/petermakhnatch/Developer/eval-lab-results/2026-10-10/mimo-ref-fixes-sweep-w4/receipts/format-code-task-000498.json,sha256:ad9eee7daeccf130c8ea3f9bc3ec19b109cbff762870951783fd4e79aedbc3dc
format-code-task-000505,oracle:pass+nop:fail,e2526268ae1fcef6dd10eb82b4f6120a13f603e9,,"S1: test-file touch; source relevance [], before-blob continuity ['cli/tests/pcluster/config/test_cluster_config.py', 'cli/tests/pcluster/templates/test_cluster_stack.py'], keyword score 2.883, distance 1.",/Users/petermakhnatch/Developer/eval-lab-results/2026-10-10/mimo-ref-fixes-sweep-w4/receipts/format-code-task-000505.json,sha256:483b63428a91cba3d6a7cfb6af3b4244ee6c437c5149efdebf3c008d4f16de0c
format-code-task-000511,oracle:pass+nop:fail,066df53486044a41be4326277a923d988c02bce4,,"S1: test-file touch; source relevance [], before-blob continuity ['tests/config/test_config.py', 'tests/serializer/test_log_serializer.py', 'tests/sinks/test_lambda_sink.py'], keyword score 6.667, distance 5.",/Users/petermakhnatch/Developer/eval-lab-results/2026-10-10/mimo-ref-fixes-sweep-w4/receipts/format-code-task-000511.json,sha256:9f8a16e2d71ef29d3beb617544cfbb1c86c8aae24dcfdb3b24edb477367cab0f
format-code-task-000519,oracle:none,,,,/Users/petermakhnatch/Developer/eval-lab-results/2026-10-10/mimo-ref-fixes-sweep-w4/receipts/format-code-task-000519.json,sha256:e41d9ef838d7c93993b3d542e42b9026afc2708f9c48746cc5df64c8b6d403c6
format-code-task-000520,oracle:none,,,,/Users/petermakhnatch/Developer/eval-lab-results/2026-10-10/mimo-ref-fixes-sweep-w4/receipts/format-code-task-000520.json,sha256:f60a75cf02f78bf9462b3290b6c51b2ead49b9423d5ab1de331224cab8bf2c0e
format-code-task-000529,oracle:pass+nop:fail,cf2006f087e798a3c98979c35fb9a346293c6dde,,"S1: test-file touch; source relevance ['arch/univariate/base.py'], before-blob continuity ['arch/univariate/tests/test_mean.py'], keyword score 0, distance 1.",/Users/petermakhnatch/Developer/eval-lab-results/2026-10-10/mimo-ref-fixes-sweep-w4/receipts/format-code-task-000529.json,sha256:e3032117019dfd6eb6dc2ffa75398b84eb54fd6709bb169ee9de9e8cd560b56a
format-code-task-000542,oracle:none,,,,/Users/petermakhnatch/Developer/eval-lab-results/2026-10-10/mimo-ref-fixes-sweep-w4/receipts/format-code-task-000542.json,sha256:8baaecaf14b63c4d5e02cc346a2aa1bd3b2137de0ecaa49b6292e9632777455b
format-code-task-000543,oracle:none,,,,/Users/petermakhnatch/Developer/eval-lab-results/2026-10-10/mimo-ref-fixes-sweep-w4/receipts/format-code-task-000543.json,sha256:0ee43f88142a53bc659312ed0f2c4427607ef3b20a0e82ccbbb9c495d591f7ce
format-code-task-000544,oracle:fail,42986ca18965c2ef799808099378c89d8db4482c,,"S2a: pickaxe identifier 'ExceptionInInitializerError' converges on 42986ca1 'Add TestDaemon that can keep JVM running for tests' (descendant, distance 1); own-diff applies on base.",/Users/petermakhnatch/Developer/eval-lab-results/2026-10-10/mimo-ref-fixes-sweep-w4/receipts/format-code-task-000544.json,sha256:63b90ff7e10b42eebf54990d027f624ddf3ebbdf8825da0c20448c33145e25bf
format-code-task-000560,oracle:pass+nop:fail,91c26e800133a33945caa620f7ea1ac1fd630f5d,,"S1: test-file touch; source relevance [], before-blob continuity ['bimmer_connected/tests/test_vehicle_status.py'], keyword score 5.833, distance 1.",/Users/petermakhnatch/Developer/eval-lab-results/2026-10-10/mimo-ref-fixes-sweep-w4/receipts/format-code-task-000560.json,sha256:46b0a1412bc4633949daa35520823ed41f9f4063d763c7fa8ffda1dc5749411a
format-code-task-000571,oracle:fail,c0b8b499e6a42afb16a138587903064e1bc3465d,,"S1: test-file touch; source relevance [], before-blob continuity ['tests/unit/test_main.py'], keyword score 7.333, distance 1.",/Users/petermakhnatch/Developer/eval-lab-results/2026-10-10/mimo-ref-fixes-sweep-w4/receipts/format-code-task-000571.json,sha256:d09f19f370f27fb063d2a665c5d8cf4d198a3a3b1afce4b35a479ba2b8b6d208
format-code-task-000581,oracle:pass+nop:fail,f97578e3564696bd2216de3154bd2d46c6da3858,,"S1: test-file touch; source relevance [], before-blob continuity ['tests/unit/test_credentials.py'], keyword score 3.75, distance 1.",/Users/petermakhnatch/Developer/eval-lab-results/2026-10-10/mimo-ref-fixes-sweep-w4/receipts/format-code-task-000581.json,sha256:35473b4b85e9400c0d53ad0d2c968b56669657137796254eb85cb0ca656f9c25
format-code-task-000585,oracle:pass+nop:fail,dcc673815a5e2d6722a8f4280d143ed84ca64383,,"S1: test-file touch; source relevance [], before-blob continuity ['test/test_pytest/test_flaky_pytest_plugin.py', 'test/test_pytest/test_pytest_example.py'], keyword score 4.5, distance 1.",/Users/petermakhnatch/Developer/eval-lab-results/2026-10-10/mimo-ref-fixes-sweep-w4/receipts/format-code-task-000585.json,sha256:8c7715cf8df6d109558314d70c1758720b478e168f695282cea99eefac115ce3
format-code-task-000587,oracle:pass+nop:fail,7f06899adf9019fd4ea0486951a25b3b90110449,,"S1: test-file touch; source relevance [], before-blob continuity ['tests/test_redlock.py'], keyword score 3.425, distance 1.",/Users/petermakhnatch/Developer/eval-lab-results/2026-10-10/mimo-ref-fixes-sweep-w4/receipts/format-code-task-000587.json,sha256:41e76938cfdae0b5e09f54693dd28e99a8c475fa73947b79e5e1e476707b7315
format-code-task-000589,oracle:none,,,,/Users/petermakhnatch/Developer/eval-lab-results/2026-10-10/mimo-ref-fixes-sweep-w4/receipts/format-code-task-000589.json,sha256:f2829755639fec33973a5160827cdcac065b695181c767084d09334cdf7970e3
format-code-task-000592,oracle:pass+nop:fail,00b0b9823afc0726c4ca190772d961ae05fd9342,,"S1: test-file touch; source relevance [], before-blob continuity ['tests/terraform/runner/test_plan_runner.py'], keyword score 1.882, distance 1.",/Users/petermakhnatch/Developer/eval-lab-results/2026-10-10/mimo-ref-fixes-sweep-w4/receipts/format-code-task-000592.json,sha256:e425a5fae79bb4e0662d3bc1ad1575094ef8c0ae5bc437bdddf8856bd432f6f8
format-code-task-000593,oracle:pass+nop:fail,6767cec8f9da48de946e6d079e8ef69bc923966c,70c65b4f67af41ccfd40d21e49880be568997ba6,"S2b: 14 introducing commit(s) across divergent history; base..70c65b4f diff on feature files ['boto/dynamodb/layer2.py', 'boto/dynamodb/types.py']. CAVEAT: carries all base..tip evolution of those files, possibly including unrelated refactors.",/Users/petermakhnatch/Developer/eval-lab-results/2026-10-10/mimo-ref-fixes-sweep-w4/receipts/format-code-task-000593.json,sha256:1b82414a8f58c0c287e337255441b2bb93852dd50dae86463d14bcb46288f845
format-code-task-000605,oracle:none,,,,/Users/petermakhnatch/Developer/eval-lab-results/2026-10-10/mimo-ref-fixes-sweep-w4/receipts/format-code-task-000605.json,sha256:f1029d9c088ff63b97e0736e38631c6eef446346ee31f0b4e79c5894f527b45a
format-code-task-000617,oracle:pass+nop:fail,317483d9e13fe77fdd1e5f309a3309f343abfdf7,,"S1: test-file touch; source relevance [], before-blob continuity ['snapcraft/tests/test_cmds.py'], keyword score 4.0, distance 1.",/Users/petermakhnatch/Developer/eval-lab-results/2026-10-10/mimo-ref-fixes-sweep-w4/receipts/format-code-task-000617.json,sha256:48efd8512a9508c780c81dfe81c6891496e96d87a66106c5c5956c0406e76151
format-code-task-000625,oracle:none,,,,/Users/petermakhnatch/Developer/eval-lab-results/2026-10-10/mimo-ref-fixes-sweep-w4/receipts/format-code-task-000625.json,sha256:a8f503b20da332978e65dd8b03358a053a905fcbd1b7a7555c9099271fcaa0e9
format-code-task-000633,oracle:pass+nop:fail,ac06ba65a20094cd51313d89e6dfe6e991278e04,8cd5412ddd21ae88b3ad4c604f7228c39cd04941,"S2b: 13 introducing commit(s) across divergent history; base..8cd5412d diff on feature files ['celery/schedules.py']. CAVEAT: carries all base..tip evolution of those files, possibly including unrelated refactors.",/Users/petermakhnatch/Developer/eval-lab-results/2026-10-10/mimo-ref-fixes-sweep-w4/receipts/format-code-task-000633.json,sha256:17e8366712dab422128cad78dd449b2b30a477fb05bb2a6d589fcabff064014d
format-code-task-000634,oracle:none,,,,/Users/petermakhnatch/Developer/eval-lab-results/2026-10-10/mimo-ref-fixes-sweep-w4/receipts/format-code-task-000634.json,sha256:06230e82d8d83191d7f62832c5c57be77e6624e064b130a2e7f59a00c5277f6e
format-code-task-000635,oracle:none,,,,/Users/petermakhnatch/Developer/eval-lab-results/2026-10-10/mimo-ref-fixes-sweep-w4/receipts/format-code-task-000635.json,sha256:6c0291ee94740219ac0efb51e871209c4f02f7616b09260d9409059adf4dfa43
format-code-task-000645,oracle:none,,,,/Users/petermakhnatch/Developer/eval-lab-results/2026-10-10/mimo-ref-fixes-sweep-w4/receipts/format-code-task-000645.json,sha256:a4efb640928ca8269c97a085b96336808d3dde8f61087009cc767419853e0091
format-code-task-000654,oracle:none,,,,/Users/petermakhnatch/Developer/eval-lab-results/2026-10-10/mimo-ref-fixes-sweep-w4/receipts/format-code-task-000654.json,sha256:d8c186f49c3407cd2ca71f5d0c919d376c8096007c85e7ebfe3c2de39891da9c
format-code-task-000657,oracle:pass+nop:fail,e8538c700fb341add1278f8de26147a076401d49,,"S1: test-file touch; source relevance ['opnieuw/retries.py'], before-blob continuity ['tests/test_opnieuw.py'], keyword score 1.5, distance 1.",/Users/petermakhnatch/Developer/eval-lab-results/2026-10-10/mimo-ref-fixes-sweep-w4/receipts/format-code-task-000657.json,sha256:1dc560664af8090f3e4007a54aeef07249787b4eac2880ae04ea0ec2d2112277
format-code-task-000703,oracle:pass+nop:fail,24e89916c013343c18e6b1cc9abdcc71d0ff0241,,"S1: test-file touch; source relevance [], before-blob continuity ['conans/test/integration/options/options_test.py', 'conans/test/unittests/model/options_test.py'], keyword score 4.033, distance 2.",/Users/petermakhnatch/Developer/eval-lab-results/2026-10-10/mimo-ref-fixes-sweep-w4/receipts/format-code-task-000703.json,sha256:e90ef0f8e78ad7d075e47430ba9efc9c46fe06d9c9a55bae6968d979796cb24d
format-code-task-000705,oracle:pass+nop:fail,dcfbabb546280f6d81308a4ccd9048a19b64c162,,"S1: test-file touch; source relevance [], before-blob continuity ['conans/test/integration/manifest_validation_test.py'], keyword score 3.033, distance 4.",/Users/petermakhnatch/Developer/eval-lab-results/2026-10-10/mimo-ref-fixes-sweep-w4/receipts/format-code-task-000705.json,sha256:888723b465e859b208b6a19b61e219ac58d7758ec45772d1ea788c128acadff9
format-code-task-000728,oracle:pass+nop:fail,58c49b93a975da866a7615a5071e8175aa535c44,,"S1: test-file touch; source relevance [], before-blob continuity ['autobahn/wamp/test/test_protocol.py'], keyword score 1.5, distance 1.",/Users/petermakhnatch/Developer/eval-lab-results/2026-10-10/mimo-ref-fixes-sweep-w4/receipts/format-code-task-000728.json,sha256:2447af00887b483b14cc42e2209a86afedc9dc5c983d2f47809e12803adff3a3
format-code-task-000732,oracle:pass+nop:fail,6e95b91699f8e274b2a12d6a10dfa7b5a6fb69bc,,"S2a: pickaxe identifier 'backslashes,escapes,into,parse_response,unittest' converges on 6e95b916 'Unescape MI strings (#59)' (descendant, distance 1); own-diff applies on base.",/Users/petermakhnatch/Developer/eval-lab-results/2026-10-10/mimo-ref-fixes-sweep-w4/receipts/format-code-task-000732.json,sha256:01944c618c7155ea8a5b05c294daf7a401a2b5511550b52897eb97c5b82151ed
format-code-task-000734,oracle:pass+nop:fail,855e5a1ea6309564889a7a62c3be508ccab07176,,"S1: test-file touch; source relevance [], before-blob continuity ['cubed/tests/test_array_api.py'], keyword score 1.5, distance 1.",/Users/petermakhnatch/Developer/eval-lab-results/2026-10-10/mimo-ref-fixes-sweep-w4/receipts/format-code-task-000734.json,sha256:b1e280f1b95561bf5def90cf860e220ff26df0e55c076717510d299e55e2d212
format-code-task-000742,oracle:fail,c03a684d0654bbcc9e1e0f9a4f27f2e4d75e4f93,91dbe2f68976228cc7417290120e4b5414b4e5f1,"S2b: 14 introducing commit(s) across divergent history; base..91dbe2f6 diff on feature files ['pyment/docstring.py', 'pyment/pyment.py']. CAVEAT: carries all base..tip evolution of those files, possibly including unrelated refactors.",/Users/petermakhnatch/Developer/eval-lab-results/2026-10-10/mimo-ref-fixes-sweep-w4/receipts/format-code-task-000742.json,sha256:fbf038da862cccf07a0f27aa98f6e2303caa49944bb485139c614b273f107646
format-code-task-000767,oracle:pass+nop:fail,2ef4e9b762ff448911922e0666dffddb955c8e7f,,"S1: test-file touch; source relevance [], before-blob continuity ['tests/conftest.py', 'tests/unit/test_check_model_has_properties_file.py'], keyword score 1.023, distance 4.",/Users/petermakhnatch/Developer/eval-lab-results/2026-10-10/mimo-ref-fixes-sweep-w4/receipts/format-code-task-000767.json,sha256:05f9ba0e9a19d8700a9ae1c058b3232b7f59272d2777928c7982ec6e2c03626c
format-code-task-000768,oracle:fail,ceada3ae7115adecd8b6963fb9890221e186e271,09a1852e7e15d6c0fef26d32aa6a89579f0a718c,"S2b: 40 introducing commit(s) across divergent history; base..09a1852e diff on feature files ['dbt-snowflake/src/dbt/adapters/snowflake/impl.py', 'dbt-snowflake/src/dbt/adapters/snowflake/relation.py', 'dbt-snowflake/src/dbt/adapters/snowflake/relation_configs/__init__.py', 'dbt-snowflake/src/dbt/adapters/snowflake/relation_configs/interactive_table.py', 'dbt-snowflake/src/dbt/adapters/snowflake/relation_configs/policies.py']. CAVEAT: carries all base..tip evolution of those files, possibly including unrelated refactors.",/Users/petermakhnatch/Developer/eval-lab-results/2026-10-10/mimo-ref-fixes-sweep-w4/receipts/format-code-task-000768.json,sha256:fb6e281578b5063c4ab4797a57d0eb169f0fded7a5bcd46893f8f85ff17ac5b9
format-code-task-000771,oracle:fail,2c75b6868691cde37bc01c4d7f233789633640e9,,"S1: test-file touch; source relevance [], before-blob continuity ['packages/dcos-launch/extra/test_aws.py'], keyword score 2.2, distance 1.",/Users/petermakhnatch/Developer/eval-lab-results/2026-10-10/mimo-ref-fixes-sweep-w4/receipts/format-code-task-000771.json,sha256:8fd4aacdb37359b845708396f6d71ddc32ad8b7ce39f09ecd26afc997ebaac5d
format-code-task-000784,oracle:pass+nop:fail,143171222cef8b149543c0d3430c994df8af0e35,,"S1: test-file touch; source relevance [], before-blob continuity ['tests/test_basic.py'], keyword score 1.279, distance 1.",/Users/petermakhnatch/Developer/eval-lab-results/2026-10-10/mimo-ref-fixes-sweep-w4/receipts/format-code-task-000784.json,sha256:57a296c6597a05a105ccff1cf237acdf43cfef0d595a046f029fcd35d36d17e4
format-code-task-000802,oracle:none,,,,/Users/petermakhnatch/Developer/eval-lab-results/2026-10-10/mimo-ref-fixes-sweep-w4/receipts/format-code-task-000802.json,sha256:d08bb2b2d54b22ff695e6c4a9955537726388c99abaa56e8497e67d2c02c15ba
format-code-task-000809,oracle:pass+nop:fail,e96708873c7aaf49f5b571cb08804aaecb45cc9d,,"S1: test-file touch; source relevance [], before-blob continuity ['django_prometheus/tests/end2end/testapp/settings.py', 'django_prometheus/tests/end2end/testapp/test_caches.py'], keyword score 6.0, distance 3.",/Users/petermakhnatch/Developer/eval-lab-results/2026-10-10/mimo-ref-fixes-sweep-w4/receipts/format-code-task-000809.json,sha256:60ed068f4d775b2ed55225b166a30fdb34ebeecf3bf05a38afeaac304c34657a
format-code-task-000810,oracle:pass+nop:fail,cefe1b4f37ce752579c2c7d9a317f6c4aba72cc3,,"S1: test-file touch; source relevance [], before-blob continuity ['tests/core/tests/test_resources.py'], keyword score 6.5, distance 1.",/Users/petermakhnatch/Developer/eval-lab-results/2026-10-10/mimo-ref-fixes-sweep-w4/receipts/format-code-task-000810.json,sha256:aad486913d3c3ce4916195c0344e76477d0cdda8e597f4e6a6407feb47293bc3
format-code-task-000842,oracle:none,,,,/Users/petermakhnatch/Developer/eval-lab-results/2026-10-10/mimo-ref-fixes-sweep-w4/receipts/format-code-task-000842.json,sha256:5c4ed18d658e9594719de5e4455e121450ba41290a1863beeff845e1deb0a96c
format-code-task-000847,oracle:pass+nop:fail,97366d61a6bf05f6008568c30c9c322852e4249c,,"S1: test-file touch; source relevance [], before-blob continuity ['tests/test_env_loader.py'], keyword score 2.5, distance 1.",/Users/petermakhnatch/Developer/eval-lab-results/2026-10-10/mimo-ref-fixes-sweep-w4/receipts/format-code-task-000847.json,sha256:a4f5adc9786868367f9d44a858a32936316b52dbd36ad724c9d859cd992f60d6
format-code-task-000854,oracle:fail,329e2542466dc92f8e3517f0d18a3c299a0707c3,62c23b1902d14aee19378f6e89f914a2aa4a39d6,"S2b: 23 introducing commit(s) across divergent history; base..62c23b19 diff on feature files ['tools/efro/dataclassio/__init__.py', 'tools/efro/dataclassio/_base.py', 'tools/efro/dataclassio/_inputter.py', 'tools/efro/dataclassio/_outputter.py', 'tools/efro/dataclassio/_pathcapture.py', 'tools/efro/dataclassio/_prep.py']. CAVEAT: carries all base..tip evolution of those files, possibly including unrelated refactors.",/Users/petermakhnatch/Developer/eval-lab-results/2026-10-10/mimo-ref-fixes-sweep-w4/receipts/format-code-task-000854.json,sha256:fccedfd0c1fc2b82f7e456d75c8b2668068743ef348bae99d6de5b90a66d1e76
format-code-task-000870,oracle:none,,,,/Users/petermakhnatch/Developer/eval-lab-results/2026-10-10/mimo-ref-fixes-sweep-w4/receipts/format-code-task-000870.json,sha256:ea480cce609e39bdd62aedb6220cb97d015e129709620cf1b3e3f8d676cf15df
format-code-task-000878,oracle:pass+nop:fail,2a8c045822238764ef5b2dd70d8148b201e5e4d2,,"S1: test-file touch; source relevance [], before-blob continuity ['tests/test_routing.py'], keyword score 3.648, distance 1.",/Users/petermakhnatch/Developer/eval-lab-results/2026-10-10/mimo-ref-fixes-sweep-w4/receipts/format-code-task-000878.json,sha256:61a327611b2e422b80f1cdee82809823a7dc836a79f2f4c403220ebd9fb90586
format-code-task-000879,oracle:pass+nop:fail,2ec6db2de6176a34ff5b079c5c3d201ec84c6ad9,,"S1: test-file touch; source relevance [], before-blob continuity ['tests/test_authentication.py'], keyword score 4.5, distance 1.",/Users/petermakhnatch/Developer/eval-lab-results/2026-10-10/mimo-ref-fixes-sweep-w4/receipts/format-code-task-000879.json,sha256:94fe7a1bfbfc8df9a6329367834aa728993281e2642d25a416fd514a080eb2bb
format-code-task-000918,oracle:fail,24e2f96f5c14b41c2af91476bb3c4346c3dca472,,"S1: test-file touch; source relevance [], before-blob continuity ['test/test_run.py'], keyword score 3.0, distance None.",/Users/petermakhnatch/Developer/eval-lab-results/2026-10-10/mimo-ref-fixes-sweep-w4/receipts/format-code-task-000918.json,sha256:aa8ff511fd5e4f0b8b4c3a41b66c16813d81b8f22e34ab79b5d1c953b499635a
format-code-task-000930,oracle:pass+nop:fail,c590e12c7165060ece34b022c044fe7c370c579c,,"S1: test-file touch; source relevance [], before-blob continuity ['tests/test_fastavro.py'], keyword score 1.875, distance 1.",/Users/petermakhnatch/Developer/eval-lab-results/2026-10-10/mimo-ref-fixes-sweep-w4/receipts/format-code-task-000930.json,sha256:f3ddea7880652f6fbfd79fbe3ecae2bbe734fb5e0e0265c63b3bbcfff7092f78
format-code-task-000931,oracle:pass+nop:fail,bac8a4896c7daacf2255baeec1da809dcd97331f,,"S1: test-file touch; source relevance [], before-blob continuity ['tests/test_schema_evolution.py'], keyword score 2.0, distance 1.",/Users/petermakhnatch/Developer/eval-lab-results/2026-10-10/mimo-ref-fixes-sweep-w4/receipts/format-code-task-000931.json,sha256:39a86fe68f06a0b9205ae8b9efbe02bf8c43cf1fd76eb5e88e59f3bc8a86a1a6
format-code-task-000957,oracle:none,,,,/Users/petermakhnatch/Developer/eval-lab-results/2026-10-10/mimo-ref-fixes-sweep-w4/receipts/format-code-task-000957.json,sha256:af50ece6857c8dad5c63106168ef56beb531411dd7d1fc9cedf49a058584baff
format-code-task-000975,oracle:none,,,,/Users/petermakhnatch/Developer/eval-lab-results/2026-10-10/mimo-ref-fixes-sweep-w4/receipts/format-code-task-000975.json,sha256:2d7584c43ba16ef6a4a9a69c26f3bbaf12c9482a1f7f4b38457dbf743d97f66d
format-code-task-000976,oracle:fail,ccee33cdacb3433ddd5e5cb66632c610bf1b3623,1e8829f7cf9a11fbaf5a55def5e2bccc58a1beff,"S2b: 3 introducing commit(s) across divergent history; base..1e8829f7 diff on feature files ['src/neptune/internal/backends/__init__.py', 'src/neptune/internal/backends/api_model.py', 'src/neptune/internal/backends/factory.py', 'src/neptune/internal/backends/hosted_artifact_operations.py', 'src/neptune/internal/backends/hosted_client.py', 'src/neptune/internal/backends/hosted_file_operations.py', 'src/neptune/internal/backends/hosted_neptune_backend.py', 'src/neptune/internal/backends/neptune_backend.py', 'src/neptune/internal/backends/neptune_backend_mock.py', 'src/neptune/internal/backends/nql.py', 'src/neptune/internal/backends/offline_neptune_backend.py', 'src/neptune/internal/backends/operation_api_name_visitor.py', 'src/neptune/internal/backends/operation_api_object_converter.py', 'src/neptune/internal/backends/operations_preprocessor.py', 'src/neptune/internal/backends/project_name_lookup.py', 'src/neptune/internal/backends/swagger_client_wrapper.py', 'src/neptune/internal/backends/utils.py']. CAVEAT: carries all base..tip evolution of those files, possibly including unrelated refactors.",/Users/petermakhnatch/Developer/eval-lab-results/2026-10-10/mimo-ref-fixes-sweep-w4/receipts/format-code-task-000976.json,sha256:d2088931809573be4b1bad257f9144c671d4c30e66994f112a9b32a28889c76d
format-code-task-000986,oracle:none,,,,/Users/petermakhnatch/Developer/eval-lab-results/2026-10-10/mimo-ref-fixes-sweep-w4/receipts/format-code-task-000986.json,sha256:b5342b63574a66ab84807ebda09f27690b6b7743442d76410b99981519907097
format-code-task-000992,oracle:fail,1f71407653ae3f136c0c2091a29a9f6a0629f111,26f8c2489f2e8a21a27e49ac0387079996482dd1,"S2b: 40 introducing commit(s) across divergent history; base..26f8c248 diff on feature files ['changelogs/fragments/l2_interfaes_add_op.yml', 'plugins/module_utils/network/ios/argspec/l2_interfaces/l2_interfaces.py', 'plugins/module_utils/network/ios/config/l2_interfaces/l2_interfaces.py', 'plugins/module_utils/network/ios/facts/l2_interfaces/l2_interfaces.py', 'plugins/modules/ios_l2_interfaces.py']. CAVEAT: carries all base..tip evolution of those files, possibly including unrelated refactors.",/Users/petermakhnatch/Developer/eval-lab-results/2026-10-10/mimo-ref-fixes-sweep-w4/receipts/format-code-task-000992.json,sha256:b594897fc27d5b285718b6e9587687d689095e5e7b4a7d1cdd989b0a267a9649
format-code-task-000997,oracle:fail,60bff11c7a815c18731b84a79eaef3aada198294,5a389a0148909e5094d6ba3e3fc10a7023199f06,"S2b: 51 introducing commit(s) across divergent history; base..5a389a01 diff on feature files ['src/sqlfluff/cli/commands.py', 'src/sqlfluff/cli/formatters.py']. CAVEAT: carries all base..tip evolution of those files, possibly including unrelated refactors.",/Users/petermakhnatch/Developer/eval-lab-results/2026-10-10/mimo-ref-fixes-sweep-w4/receipts/format-code-task-000997.json,sha256:83a093b1ba3fe6225d1a2329c33eeb391a3566cc2add34cf306801b65add5a49
format-code-task-000999,oracle:fail,34d80fbfce31800557c38a3ad33962055a63566b,25ff08fdc8046d9a7e609c5c32e08d4919c02f9f,"S2b: 15 introducing commit(s) across divergent history; base..25ff08fd diff on feature files ['dvc/cli/parser.py', 'dvc/commands/dataset.py', 'dvc/database.py', 'dvc/dependency/dataset.py', 'dvc/dependency/db.py', 'dvc/dvcfile.py', 'dvc/output.py', 'dvc/repo/__init__.py', 'dvc/repo/datasets.py', 'dvc/repo/index.py', 'dvc/schema.py']. CAVEAT: carries all base..tip evolution of those files, possibly including unrelated refactors.",/Users/petermakhnatch/Developer/eval-lab-results/2026-10-10/mimo-ref-fixes-sweep-w4/receipts/format-code-task-000999.json,sha256:5a8e3441f6f0ba2efcb01b86f22ea5f8a2cb574f529aed632100e615e22f22b3
format-code-task-001017,oracle:none,,,,/Users/petermakhnatch/Developer/eval-lab-results/2026-10-10/mimo-ref-fixes-sweep-w4/receipts/format-code-task-001017.json,sha256:fb5699e0faa834c032997f2d5f4f2237a1497a7e21c6f210207fc2cd5a9d2182
format-code-task-001022,oracle:fail,d67d69c9dde5c8ef757990e133339239633b5a03,8cb4f6b369e4c0a997a71fc15a5cfc69b0f9ccd0,"S2b: 23 introducing commit(s) across divergent history; base..8cb4f6b3 diff on feature files ['samila/functions.py', 'samila/genimage.py', 'samila/params.py']. CAVEAT: carries all base..tip evolution of those files, possibly including unrelated refactors.",/Users/petermakhnatch/Developer/eval-lab-results/2026-10-10/mimo-ref-fixes-sweep-w4/receipts/format-code-task-001022.json,sha256:b1fccca618022c6d32d8e6ca4d366748dd42776070659fa3faab5195ec5ca333
format-code-task-001024,oracle:fail,4a4dffbb05e7438fe69e0fc2f421ec1cf2bb4eb9,b0cb0980d97b475d8e08801e7b64a9d219cb7eb0,"S2b: 45 introducing commit(s) across divergent history; base..b0cb0980 diff on feature files ['supervisor/dispatchers.py', 'supervisor/process.py', 'supervisor/rpcinterface.py', 'supervisor/states.py']. CAVEAT: carries all base..tip evolution of those files, possibly including unrelated refactors.",/Users/petermakhnatch/Developer/eval-lab-results/2026-10-10/mimo-ref-fixes-sweep-w4/receipts/format-code-task-001024.json,sha256:edfd45ce7e934ac4793dcf42d69fcb0245f4d659bdff1cd248589db88f77ddd3
format-code-task-001032,oracle:none,,,,/Users/petermakhnatch/Developer/eval-lab-results/2026-10-10/mimo-ref-fixes-sweep-w4/receipts/format-code-task-001032.json,sha256:1cc6618945f916ce1ffeb66f1ce309a74484aaedb4f819fbcf3d7203615c75d1
format-code-task-001058,oracle:none,,,,/Users/petermakhnatch/Developer/eval-lab-results/2026-10-10/mimo-ref-fixes-sweep-w4/receipts/format-code-task-001058.json,sha256:4793b3d87a6cbd8b71ec831a58e86b4463020595c34abdf8832cb315256cdca9
format-code-task-001063,oracle:none,,,,/Users/petermakhnatch/Developer/eval-lab-results/2026-10-10/mimo-ref-fixes-sweep-w4/receipts/format-code-task-001063.json,sha256:19f7403a90d2e0cd38f7f03ee7dc0bd170200405f25d284d8eb65329a17aea0b
format-code-task-001064,oracle:none,,,,/Users/petermakhnatch/Developer/eval-lab-results/2026-10-10/mimo-ref-fixes-sweep-w4/receipts/format-code-task-001064.json,sha256:6d92670436eb58c3c0c8543ee1076fe7329bde63d35f3d0df27e76867ee25072
format-code-task-001068,oracle:fail,bd1f963ddc718374c4ee5916e66e9fbcb02be4b9,e40fb989e8d2c11f22cc0606048dbf957093a3a2,"S2b: 16 introducing commit(s) across divergent history; base..e40fb989 diff on feature files ['openduty/escalation_helper.py']. CAVEAT: carries all base..tip evolution of those files, possibly including unrelated refactors.",/Users/petermakhnatch/Developer/eval-lab-results/2026-10-10/mimo-ref-fixes-sweep-w4/receipts/format-code-task-001068.json,sha256:095c628afbf98ad780d229a9bf3350f8889f8cb1add465425a96e1389d49d705
format-code-task-001072,oracle:none,,,,/Users/petermakhnatch/Developer/eval-lab-results/2026-10-10/mimo-ref-fixes-sweep-w4/receipts/format-code-task-001072.json,sha256:4058abd010c4d9db6d58493c759400d171dbd333b9485354adca761261d12087
format-code-task-001076,oracle:none,,,,/Users/petermakhnatch/Developer/eval-lab-results/2026-10-10/mimo-ref-fixes-sweep-w4/receipts/format-code-task-001076.json,sha256:2a7984c073e750cf6f3414df16a0ee06e314c952ad398ad3ca24d66d97952ff3
format-code-task-001082,oracle:fail,48bed0cdba3d5f78613369578e08639162fdd99e,dcc725f809fe72007228f0e8ecd3e85a9050aa9b,"S2b: 16 introducing commit(s) across divergent history; base..dcc725f8 diff on feature files ['pytest_httpx/_httpx_mock.py', 'pytest_httpx/_request_matcher.py']. CAVEAT: carries all base..tip evolution of those files, possibly including unrelated refactors.",/Users/petermakhnatch/Developer/eval-lab-results/2026-10-10/mimo-ref-fixes-sweep-w4/receipts/format-code-task-001082.json,sha256:9233e77a8ab7aa20ad474702e5e0c6c9665fdcd7ed83d40267d11227a55dc43f
format-code-task-001093,oracle:none,,,,/Users/petermakhnatch/Developer/eval-lab-results/2026-10-10/mimo-ref-fixes-sweep-w4/receipts/format-code-task-001093.json,sha256:b0512bf0cbddc06067e54a0d98ecb9cc51d47155e8fb15399a74687bfbea3884
format-code-task-001100,oracle:fail,e0601c7502f8e084e535c112157ef03bbfc7c31a,52c2bccd7b13708c6a5bed7265c6c570961cc058,"S2b: 10 introducing commit(s) across divergent history; base..52c2bccd diff on feature files ['import_export/admin.py', 'import_export/mixins.py', 'import_export/resources.py', 'import_export/widgets.py']. CAVEAT: carries all base..tip evolution of those files, possibly including unrelated refactors.",/Users/petermakhnatch/Developer/eval-lab-results/2026-10-10/mimo-ref-fixes-sweep-w4/receipts/format-code-task-001100.json,sha256:2e747e2ba1a825f0953f1ac307f2439e526142c471bbbb37b3915619894a5391
format-code-task-001109,oracle:fail,cf10462ade5a3336bf913e558086c6c929e19989,788481e4d921cef5016aa8f0d2a30f41b7c2d7b5,"S2b: 6 introducing commit(s) across divergent history; base..788481e4 diff on feature files ['aio_pika/__init__.py', 'aio_pika/adapter.py', 'aio_pika/channel.py', 'aio_pika/common.py', 'aio_pika/connection.py', 'aio_pika/message.py', 'aio_pika/queue.py', 'aio_pika/robust_channel.py', 'aio_pika/robust_connection.py', 'aio_pika/robust_queue.py', 'aio_pika/transaction.py', 'aio_pika/version.py']. CAVEAT: carries all base..tip evolution of those files, possibly including unrelated refactors.",/Users/petermakhnatch/Developer/eval-lab-results/2026-10-10/mimo-ref-fixes-sweep-w4/receipts/format-code-task-001109.json,sha256:7d2573f4ec99c52aa379a615c58afe8a8118d550fbae27ea0a954058a26c3eb3
format-code-task-001114,oracle:none,,,,/Users/petermakhnatch/Developer/eval-lab-results/2026-10-10/mimo-ref-fixes-sweep-w4/receipts/format-code-task-001114.json,sha256:c4f2b837bac4b05321b1dea19f3f4dfe93fd6da57a0549d0b99581aab88a2b44
format-code-task-001130,oracle:fail,3219a177bfe977fcb4d999aef599115cba9e3338,f7cc7b2ebd2aca6cc5c09b817f4edeedf72a4dbc,"S2b: 5 introducing commit(s) across divergent history; base..f7cc7b2e diff on feature files ['faucet/dp.py']. CAVEAT: carries all base..tip evolution of those files, possibly including unrelated refactors.",/Users/petermakhnatch/Developer/eval-lab-results/2026-10-10/mimo-ref-fixes-sweep-w4/receipts/format-code-task-001130.json,sha256:718d8cab98d5489e17a5cc72f051d20c5843f64cbea3f07f9041c14b582f803d
format-code-task-001134,oracle:none,,,,/Users/petermakhnatch/Developer/eval-lab-results/2026-10-10/mimo-ref-fixes-sweep-w4/receipts/format-code-task-001134.json,sha256:72aa4ed8ea2320c4df6c355a38cca6c5ccb59ffc468d226fc59bdaaf19fe88dd
format-code-task-001136,oracle:fail,3219b72541e346d15e6fd37bab95b859b87fe2e4,0d6fa42391c3f1543c04d9e73b49eaa2273838ae,"S2b: 29 introducing commit(s) across divergent history; base..0d6fa423 diff on feature files ['piccolo/apps/migrations/auto/diffable_table.py', 'piccolo/apps/migrations/auto/migration_manager.py', 'piccolo/apps/migrations/auto/operations.py', 'piccolo/apps/migrations/auto/schema_differ.py', 'piccolo/apps/migrations/auto/schema_snapshot.py', 'piccolo/columns/base.py']. CAVEAT: carries all base..tip evolution of those files, possibly including unrelated refactors.",/Users/petermakhnatch/Developer/eval-lab-results/2026-10-10/mimo-ref-fixes-sweep-w4/receipts/format-code-task-001136.json,sha256:913418f2b8631912ddfc8132ecd9efcca801da78c6798d5d6c07410b65ed7434
format-code-task-001137,oracle:fail,b646d10c115984ce09d844895d56b37844210044,4544cf4afbab7af60efce2d537b07139fbc2cbf8,"S2b: 5 introducing commit(s) across divergent history; base..4544cf4a diff on feature files ['doc_comments_ai/app.py', 'doc_comments_ai/llm.py', 'doc_comments_ai/treesitter/treesitter.py', 'doc_comments_ai/treesitter/treesitter_hs.py', 'doc_comments_ai/treesitter/treesitter_py.py']. CAVEAT: carries all base..tip evolution of those files, possibly including unrelated refactors.",/Users/petermakhnatch/Developer/eval-lab-results/2026-10-10/mimo-ref-fixes-sweep-w4/receipts/format-code-task-001137.json,sha256:668dc9be99728cdf2fbbae736aa5544756b95da91a24e3228f5e74c19e68eeb1
format-code-task-001140,oracle:none,,,,/Users/petermakhnatch/Developer/eval-lab-results/2026-10-10/mimo-ref-fixes-sweep-w4/receipts/format-code-task-001140.json,sha256:77151ec2f0a1504485c8c6f35712972bafae9950bee27d44522f4e26e2ba7ef7
format-code-task-001142,oracle:fail,dfdb5cd0c1b4920664fc87955b89b38065b5f8e7,,"S2a: pickaxe identifier 'SOMAXCONN,get_backlog,socket.SOMAXCONN,socket_backlog' converges on dfdb5cd0 'Add ability to specify listen(2) socket backlog for FastCGI sockets (#897)' (descendant, distance 1); own-diff applies on base.",/Users/petermakhnatch/Developer/eval-lab-results/2026-10-10/mimo-ref-fixes-sweep-w4/receipts/format-code-task-001142.json,sha256:b362d294162df1c52d087e1e57898af02a2df7c486666b85bc51aae12b60de8e
format-code-task-001152,oracle:fail,044c341fc85341c94b3f99d91855bc09bdc03067,1c09b0af3ad143fe09fcf1b9ddc78c4a7379ba40,"S2b: 21 introducing commit(s) across divergent history; base..1c09b0af diff on feature files ['praw/models/auth.py', 'praw/models/base.py', 'praw/models/comment_forest.py', 'praw/models/front.py', 'praw/models/helpers.py', 'praw/models/inbox.py', 'praw/models/media.py', 'praw/models/mod_action.py', 'praw/models/mod_note.py', 'praw/models/mod_notes.py', 'praw/models/redditors.py', 'praw/models/stylesheet.py', 'praw/models/subreddits.py', 'praw/models/trophy.py', 'praw/models/user.py']. CAVEAT: carries all base..tip evolution of those files, possibly including unrelated refactors.",/Users/petermakhnatch/Developer/eval-lab-results/2026-10-10/mimo-ref-fixes-sweep-w4/receipts/format-code-task-001152.json,sha256:fcbcf0678a185d8e5939365dfdaf654c96aa35c1189a415301a2429c9a2fd6ef
format-code-task-001154,oracle:none,,,,/Users/petermakhnatch/Developer/eval-lab-results/2026-10-10/mimo-ref-fixes-sweep-w4/receipts/format-code-task-001154.json,sha256:cff80c04f7587371f002308dc0bd4aa45ce91e9add827030ab4d14c7e0ffb2dc
format-code-task-001156,oracle:none,,,,/Users/petermakhnatch/Developer/eval-lab-results/2026-10-10/mimo-ref-fixes-sweep-w4/receipts/format-code-task-001156.json,sha256:d8b1e80203ab32ea4b72ca8b32ad5556e872aa4074edda087bfd7c641d268a91
format-code-task-001161,oracle:fail,1b3f03d334d9c1322ccaa02b655aedadc150d9d3,44e7d804c3e240634f8e455bce8a3bd7e3b97c8f,"S2b: 8 introducing commit(s) across divergent history; base..44e7d804 diff on feature files ['src/docformatter/classify.py', 'src/docformatter/constants.py', 'src/docformatter/encode.py', 'src/docformatter/format.py', 'src/docformatter/patterns/fields.py', 'src/docformatter/patterns/lists.py', 'src/docformatter/patterns/misc.py', 'src/docformatter/patterns/rest.py', 'src/docformatter/patterns/url.py', 'src/docformatter/strings.py', 'src/docformatter/wrappers/description.py', 'src/docformatter/wrappers/summary.py']. CAVEAT: carries all base..tip evolution of those files, possibly including unrelated refactors.",/Users/petermakhnatch/Developer/eval-lab-results/2026-10-10/mimo-ref-fixes-sweep-w4/receipts/format-code-task-001161.json,sha256:52b8743e5c18b86fccc6864e842c483c5369b2c83bd60e2dc6c21c1fd1896025
format-code-task-001167,oracle:fail,27350c87ec67ff20308a9f5d2b4f0758eee63796,5b4373bf0738931f53a005606f396536e3e9a15a,"S2b: 1 introducing commit(s) across divergent history; base..5b4373bf diff on feature files ['src/streamlink/stream/hls.py', 'src/streamlink/stream/hls_playlist.py']. CAVEAT: carries all base..tip evolution of those files, possibly including unrelated refactors.",/Users/petermakhnatch/Developer/eval-lab-results/2026-10-10/mimo-ref-fixes-sweep-w4/receipts/format-code-task-001167.json,sha256:c799f30637d628f6b04f955959618c1f59ccdd488feacf3b4b86cc68b21748dc
format-code-task-001175,oracle:none,,,,/Users/petermakhnatch/Developer/eval-lab-results/2026-10-10/mimo-ref-fixes-sweep-w4/receipts/format-code-task-001175.json,sha256:89b80e3450cc38f780a5d977d47f2f9a3cb3c1884d8750512fb01c409d2e2e80
format-code-task-001181,oracle:fail,bed8ee9b4aa71964e9cecb59b046c44cd8268abc,,"S2a: pickaxe identifier 'rich.progress' converges on bed8ee9b 'Show elapsed time when finished in rich.progress.track()' (descendant, distance 379); own-diff applies on base.",/Users/petermakhnatch/Developer/eval-lab-results/2026-10-10/mimo-ref-fixes-sweep-w4/receipts/format-code-task-001181.json,sha256:a680b2bdae21a72de651b06f58968c7e881628efb2b3b6abc93ce9f8895bac3d
format-code-task-001183,oracle:none,,,,/Users/petermakhnatch/Developer/eval-lab-results/2026-10-10/mimo-ref-fixes-sweep-w4/receipts/format-code-task-001183.json,sha256:18be842ea1d222c7bb8783760c9603b28368f64fe696b0eebf80770211b1dfc5
format-code-task-001200,oracle:pass+nop:fail,91cb76554d5d77ab83e14b67f9994025542f41e8,,"S1: test-file touch; source relevance [], before-blob continuity ['Tests/voltLib/parser_test.py'], keyword score 3.0, distance 1.",/Users/petermakhnatch/Developer/eval-lab-results/2026-10-10/mimo-ref-fixes-sweep-w4/receipts/format-code-task-001200.json,sha256:0af3a71603afa841a50c177e11557c4ad57fc8af0ab9eee4d69efec88f891d74
format-code-task-001205,oracle:pass+nop:fail,30aefcaead5e5cbc88fc75929e14dca35d4ffb1c,,"S1: test-file touch; source relevance [], before-blob continuity ['tests/notifier/notifiers/slack_webhook_test.py'], keyword score 2.5, distance 1.",/Users/petermakhnatch/Developer/eval-lab-results/2026-10-10/mimo-ref-fixes-sweep-w4/receipts/format-code-task-001205.json,sha256:ceec19a2d8fcbff8600366f714f77cd5214cc8b4f358962e010a599ba21944db
format-code-task-001208,oracle:none,,,,/Users/petermakhnatch/Developer/eval-lab-results/2026-10-10/mimo-ref-fixes-sweep-w4/receipts/format-code-task-001208.json,sha256:fda9581ad5c9b270e6619ec01b7775fedcda0d98108e05c06c31749876feab27
format-code-task-001209,oracle:none,,,,/Users/petermakhnatch/Developer/eval-lab-results/2026-10-10/mimo-ref-fixes-sweep-w4/receipts/format-code-task-001209.json,sha256:726ad7248b0d411d745a7d1a6b67f497beac99486ceccfb811e5774d3edc15e3
format-code-task-001220,oracle:pass+nop:fail,4008015e4846990adecc13e3ef40b2f0a032bb34,247f6fb829ba9bd83b20b9facb1180d66a7adc8b,"S2b: 1 introducing commit(s) across divergent history; base..247f6fb8 diff on feature files ['navsim/common/__init__.py', 'navsim/common/dataclasses.py', 'navsim/common/dataloader.py', 'navsim/common/enums.py', 'navsim/evaluate/__init__.py', 'navsim/evaluate/pdm_score.py', 'navsim/planning/metric_caching/__init__.py', 'navsim/planning/metric_caching/caching.py', 'navsim/planning/metric_caching/metric_cache.py', 'navsim/planning/metric_caching/metric_cache_processor.py', 'navsim/planning/metric_caching/metric_caching_utils.py', 'navsim/planning/simulation/planner/pdm_planner/utils/__init__.py', 'navsim/planning/simulation/planner/pdm_planner/utils/pdm_array_representation.py', 'navsim/planning/simulation/planner/pdm_planner/utils/pdm_emergency_brake.py', 'navsim/planning/simulation/planner/pdm_planner/utils/pdm_enums.py', 'navsim/planning/simulation/planner/pdm_planner/utils/pdm_geometry_utils.py', 'navsim/planning/simulation/planner/pdm_planner/utils/pdm_path.py', 'navsim/planning/simulation/planner/pdm_planner/utils/route_utils.py']. CAVEAT: carries all base..tip evolution of those files, possibly including unrelated refactors.",/Users/petermakhnatch/Developer/eval-lab-results/2026-10-10/mimo-ref-fixes-sweep-w4/receipts/format-code-task-001220.json,sha256:74b71356d173e8b5fb7d74ddf59927f02a17fedf6ea8ce213e174351514d97cb
format-code-task-001222,oracle:none,,,,/Users/petermakhnatch/Developer/eval-lab-results/2026-10-10/mimo-ref-fixes-sweep-w4/receipts/format-code-task-001222.json,sha256:a5b35c4ba459236fdf5254ea4844ae19db8b0e9144993ec9f9df1d09e373378a
format-code-task-001243,oracle:none,,,,/Users/petermakhnatch/Developer/eval-lab-results/2026-10-10/mimo-ref-fixes-sweep-w4/receipts/format-code-task-001243.json,sha256:7b5080c87ae8fde7833f38ea8aefdae9723a53926ce796382dcee7fa18327f66
format-code-task-001264,oracle:pass+nop:fail,cf9fa44799ba775c9065a68d98d92d522af59e75,,"S1: test-file touch; source relevance [], before-blob continuity ['tests/test_command_init.py'], keyword score 5.85, distance 1.",/Users/petermakhnatch/Developer/eval-lab-results/2026-10-10/mimo-ref-fixes-sweep-w4/receipts/format-code-task-001264.json,sha256:eb52ac59ad56b0349489827d27299a23c75f65eab66d2d3898d662a479f8dd80
format-code-task-001267,oracle:pass+nop:fail,f9144fc927c2e4f54e5c2c39dd56c7ec1caf59ce,,"S1: test-file touch; source relevance [], before-blob continuity ['tests/test_models.py'], keyword score 0.25, distance None.",/Users/petermakhnatch/Developer/eval-lab-results/2026-10-10/mimo-ref-fixes-sweep-w4/receipts/format-code-task-001267.json,sha256:0f2d3eb9d6d5baafd36ce165ece651313f4c7f36534d340f04a0ae4e55ea4fd5
format-code-task-001338,oracle:pass+nop:fail,b39263de01d806b43f9e46df6cff5fc1cecc1989,,"S1: test-file touch; source relevance [], before-blob continuity ['python/ct/crypto/asn1/types_test.py'], keyword score 3.0, distance 1.",/Users/petermakhnatch/Developer/eval-lab-results/2026-10-10/mimo-ref-fixes-sweep-w4/receipts/format-code-task-001338.json,sha256:bb254ac8363ead39d979510874add4a7233cfb144dbb6f409143d6f6bf4adc2a
format-code-task-001371,oracle:pass+nop:fail,619dff806e12a616683842447fbac90a76d663a0,,"S1: test-file touch; source relevance [], before-blob continuity ['tests/contrib/django_util/test_django_util.py'], keyword score 6.0, distance 1.",/Users/petermakhnatch/Developer/eval-lab-results/2026-10-10/mimo-ref-fixes-sweep-w4/receipts/format-code-task-001371.json,sha256:f97a15863dbfdf04bdff857e100dd976e8329b1e70bd867f0c3b805880a0b2e1
format-code-task-001393,oracle:pass+nop:fail,bcbca9d3b9e364dc8706c6672709298e23060c92,,"S1: test-file touch; source relevance [], before-blob continuity ['engine/apps/webhooks/tests/test_webhook.py'], keyword score 3.75, distance 1.",/Users/petermakhnatch/Developer/eval-lab-results/2026-10-10/mimo-ref-fixes-sweep-w4/receipts/format-code-task-001393.json,sha256:52b57fedc82d7cf86e59a8a82fcb9396a52dc47dc4b0e87b40d164d98c95e3eb
format-code-task-001394,oracle:pass+nop:fail,9657533b5b5f05c28cede2e17ae12684e694a2aa,,"S1: test-file touch; source relevance [], before-blob continuity ['engine/apps/user_management/tests/test_organization.py'], keyword score 9.107, distance 1.",/Users/petermakhnatch/Developer/eval-lab-results/2026-10-10/mimo-ref-fixes-sweep-w4/receipts/format-code-task-001394.json,sha256:fe5fdbcdc9fde6477deda7debb2839b656637cef08a385ab36d90230e263cfee
format-code-task-001400,oracle:pass+nop:fail,0544f812b37f8e6b49ed3363e7010c08a600be1d,,"S1: test-file touch; source relevance [], before-blob continuity ['graphene_sqlalchemy/tests/test_converter.py'], keyword score 3.5, distance 1.",/Users/petermakhnatch/Developer/eval-lab-results/2026-10-10/mimo-ref-fixes-sweep-w4/receipts/format-code-task-001400.json,sha256:a35fc4f8ee0e607c8400d26d8bdd41994e273ae0b905de29395ea94a751ff707
format-code-task-001406,oracle:none,,,,/Users/petermakhnatch/Developer/eval-lab-results/2026-10-10/mimo-ref-fixes-sweep-w4/receipts/format-code-task-001406.json,sha256:db655f2e25fbb86ef15e78b492337a49029c0d55412964412982398ccba5a423
format-code-task-001431,oracle:pass+nop:fail,998615a3e94bcad4c8bf3c7289631c882d083932,,"S1: test-file touch; source relevance [], before-blob continuity ['test/logformats_test.py'], keyword score 3.0, distance 3.",/Users/petermakhnatch/Developer/eval-lab-results/2026-10-10/mimo-ref-fixes-sweep-w4/receipts/format-code-task-001431.json,sha256:cb9d3d85293fdfb9d55e78a3024060ff69389a523632be653c6b66d0597fef36
format-code-task-001460,oracle:pass+nop:fail,e9b1ccd1c641922a26211e1f3ab883e09fbc8ca8,,"S1: test-file touch; source relevance [], before-blob continuity ['ninja_crud/testing/views/create_model_view_test.py', 'ninja_crud/testing/views/delete_model_view_test.py', 'ninja_crud/testing/views/list_model_view_test.py', 'ninja_crud/testing/views/retrieve_model_view_test.py', 'ninja_crud/testing/views/update_model_view_test.py', 'tests/test_app/views/collection_views.py', 'tests/test_app/views/item_views.py', 'tests/test_app/views/user_views.py', 'tests/testing/viewsets/test_model_viewset_test_case.py', 'tests/views/test_retrieve_model_view.py'], keyword score 3.6, distance 1.",/Users/petermakhnatch/Developer/eval-lab-results/2026-10-10/mimo-ref-fixes-sweep-w4/receipts/format-code-task-001460.json,sha256:adc20c9ae970f28cbdcf3b1738000e5a85faa04dd15b11ece0d424046599e719
format-code-task-001469,oracle:fail,6e7edabff5c7c135ec02a1a9ad6b384e3c047149,056da01a4e7981f96011926c783cd3e5d064b103,"S2b: 41 introducing commit(s) across divergent history; base..056da01a diff on feature files ['hikari/impl/special_endpoints.py']. CAVEAT: carries all base..tip evolution of those files, possibly including unrelated refactors.",/Users/petermakhnatch/Developer/eval-lab-results/2026-10-10/mimo-ref-fixes-sweep-w4/receipts/format-code-task-001469.json,sha256:3d1fa610a29cf92a7c9b7243edb9a65e1722e99dff1c83925cc291c22c2d4f7a
format-code-task-001479,oracle:fail,e7226f259b5eb7f9c3e9214a6eea421d0d7ca609,,"S2a: pickaxe identifier 'CHANGED,entity_id,entityfilter,last_changed,requests,requests_mock' converges on e7226f25 'feat(entity): entity list regular filtering' (descendant, distance 1); own-diff applies on base.",/Users/petermakhnatch/Developer/eval-lab-results/2026-10-10/mimo-ref-fixes-sweep-w4/receipts/format-code-task-001479.json,sha256:4c3ec4ce3e191efb9f4684730f02c5c447b96f24e9c209e6ea88b556ac5f11ec
format-code-task-001480,oracle:pass+nop:fail,2b62285eeea5fce546337114066957b45895e6a7,,"S1: test-file touch; source relevance [], before-blob continuity ['tests/components/hassio/test_init.py'], keyword score 1.375, distance 45.",/Users/petermakhnatch/Developer/eval-lab-results/2026-10-10/mimo-ref-fixes-sweep-w4/receipts/format-code-task-001480.json,sha256:79feaf1078f4c2d031548e7d3ad244be47e25036f75fb2462dc24848a1d6db22
format-code-task-001486,oracle:pass+nop:fail,8d0dda652324b84ca18cff1ead9201565b072ff9,,"S1: test-file touch; source relevance [], before-blob continuity ['tests/components/notify/test_legacy.py'], keyword score 1.5, distance 409.",/Users/petermakhnatch/Developer/eval-lab-results/2026-10-10/mimo-ref-fixes-sweep-w4/receipts/format-code-task-001486.json,sha256:e2e8ae8bf8c14a6726dce768c9b0892ea19c0bb0eae3f778f4ff92d8a086af16
format-code-task-001491,oracle:pass+nop:fail,e2ede3ed19770225643ec10ba8ff74c3172aa4aa,,"S1: test-file touch; source relevance [], before-blob continuity ['tests/components/smartthings/test_climate.py'], keyword score 2.431, distance None.",/Users/petermakhnatch/Developer/eval-lab-results/2026-10-10/mimo-ref-fixes-sweep-w4/receipts/format-code-task-001491.json,sha256:fe4319531b5fcba79539c17647b49fd9815951eb65569adf0640de9ea7966bbf
format-code-task-001492,oracle:pass+nop:fail,b08391903176b94dbd45f43fecb3b3ad3a888b4a,,"S1: test-file touch; source relevance [], before-blob continuity ['tests/components/hddtemp/test_sensor.py'], keyword score 0.75, distance 1.",/Users/petermakhnatch/Developer/eval-lab-results/2026-10-10/mimo-ref-fixes-sweep-w4/receipts/format-code-task-001492.json,sha256:eb26e306f484ba906674742c56893fcfcdd7c82943c9d3f325020f1a39c213be
format-code-task-001519,oracle:patch-conflict,6e159690d330b959350a29644fb1f47376a20485,,"S1: test-file touch; source relevance ['examples/set_muc_avatar.py'], before-blob continuity ['tests/vcard/test_service.py'], keyword score 4.0, distance 7.",/Users/petermakhnatch/Developer/eval-lab-results/2026-10-10/mimo-ref-fixes-sweep-w4/receipts/format-code-task-001519.json,sha256:7744ec772f6dd870593fce8a129a2b2fef48af09d0122158aec07d05f1ed502c
format-code-task-001544,oracle:pass+nop:fail,bdc332942f6823065d168f209030151b2c165678,,"S1: test-file touch; source relevance ['h/schemas/api/user.py'], before-blob continuity ['tests/h/schemas/api/user_test.py'], keyword score 12.0, distance 4.",/Users/petermakhnatch/Developer/eval-lab-results/2026-10-10/mimo-ref-fixes-sweep-w4/receipts/format-code-task-001544.json,sha256:e8ef4713744a66f3e0e4c63d73365269848ade7444dbd7c85d0b51d49aef0fbf
format-code-task-001556,oracle:fail,a52391e983c25d2868cc418733e5378f59db7cfa,,"S1: test-file touch; source relevance [], before-blob continuity ['tests/test_accessory_driver.py'], keyword score 3.0, distance 1.",/Users/petermakhnatch/Developer/eval-lab-results/2026-10-10/mimo-ref-fixes-sweep-w4/receipts/format-code-task-001556.json,sha256:93d902610bd4002b464a2dff7ca45203da0b0e2639e040824abb8fa4d9cf0664
format-code-task-001590,oracle:pass+nop:fail,2062e49ea05327e4713d4e12247a58ce7eda7b22,,"S1: test-file touch; source relevance [], before-blob continuity ['isso/tests/test_config.py'], keyword score 3.25, distance 1.",/Users/petermakhnatch/Developer/eval-lab-results/2026-10-10/mimo-ref-fixes-sweep-w4/receipts/format-code-task-001590.json,sha256:18d62f5b781c88daeb67d1e01f9a6a6b9e8f946d0f07915f3984491e42b16000
format-code-task-001616,oracle:pass+nop:fail,322154bcd4fdd39e4d652f8ca8dd9b7d14b2a7f1,,"S1: test-file touch; source relevance [], before-blob continuity ['tests/app/idp/idp/settings.py', 'tests/test_authorization_code.py'], keyword score 4.5, distance 1.",/Users/petermakhnatch/Developer/eval-lab-results/2026-10-10/mimo-ref-fixes-sweep-w4/receipts/format-code-task-001616.json,sha256:00cf5381210888176a523e647c97f48c338d54a8eec03c8f89602e7c6c0f0cc7
format-code-task-001617,oracle:fail,0c8013f580cae1b024fefb4439eda61738afdb57,ba7f575d542082b35524bff72d1378646fb799c8,"S2b: 25 introducing commit(s) across divergent history; base..ba7f575d diff on feature files ['taggit/managers.py']. CAVEAT: carries all base..tip evolution of those files, possibly including unrelated refactors.",/Users/petermakhnatch/Developer/eval-lab-results/2026-10-10/mimo-ref-fixes-sweep-w4/receipts/format-code-task-001617.json,sha256:be9f5cf86a9798b9b619fb242d72633f9e6a09afe89c0748ae18625f3fa24e01
format-code-task-001640,oracle:none,,,,/Users/petermakhnatch/Developer/eval-lab-results/2026-10-10/mimo-ref-fixes-sweep-w4/receipts/format-code-task-001640.json,sha256:d1e19317319e64f3c067cdf611fa3e86bc731326f6fe85f04b8624cfc4b59979
format-code-task-001648,oracle:none,,,,/Users/petermakhnatch/Developer/eval-lab-results/2026-10-10/mimo-ref-fixes-sweep-w4/receipts/format-code-task-001648.json,sha256:d840c2ea458c9c837fd3d964780d3b36824927a90f4fbe05c81d22a2279fabbb
format-code-task-001686,oracle:pass+nop:fail,54141df6546fb917b632f2d3be8b482bdf6c9ab3,,"S1: test-file touch; source relevance [], before-blob continuity ['keras/src/ops/numpy_test.py'], keyword score 2.075, distance 1.",/Users/petermakhnatch/Developer/eval-lab-results/2026-10-10/mimo-ref-fixes-sweep-w4/receipts/format-code-task-001686.json,sha256:daef04cea99a7312392a305de2f77a03232d3fb96a43f33f94d3ae073af870ea
format-code-task-001689,oracle:patch-conflict,fb0b1e62a3e6d3907f67f3ddbf8a9782b3cc47ff,,"S1: test-file touch; source relevance [], before-blob continuity ['keras/src/ops/core_test.py'], keyword score 1.241, distance 146.",/Users/petermakhnatch/Developer/eval-lab-results/2026-10-10/mimo-ref-fixes-sweep-w4/receipts/format-code-task-001689.json,sha256:06360b56a909d4a75bfa65d2388285bba632faaa509c2bcc87c77238174717d6
format-code-task-001692,oracle:pass+nop:fail,fae266568098d8146aa444c3e80cc1fb38e4b134,,"S1: test-file touch; source relevance [], before-blob continuity ['tests/kerastuner/engine/hyperparameters_test.py'], keyword score 5.0, distance 12.",/Users/petermakhnatch/Developer/eval-lab-results/2026-10-10/mimo-ref-fixes-sweep-w4/receipts/format-code-task-001692.json,sha256:90a908703770cfaceeb7fcfc5cf4dd01919808982bab4350b3eafdae6d325086
format-code-task-001765,oracle:fail,533f31cc89a0e1fbe50ed4ddc50f251f763da6b8,e7666f489418e96b6d2104974e93915b539235c5,"S2b: 13 introducing commit(s) across divergent history; base..e7666f48 diff on feature files ['lbry/wallet/__init__.py', 'lbry/wallet/account.py', 'lbry/wallet/coinselection.py', 'lbry/wallet/manager.py', 'lbry/wallet/network.py', 'lbry/wallet/sync.py', 'lbry/wallet/usage_payment.py', 'lbry/wallet/wallet.py']. CAVEAT: carries all base..tip evolution of those files, possibly including unrelated refactors.",/Users/petermakhnatch/Developer/eval-lab-results/2026-10-10/mimo-ref-fixes-sweep-w4/receipts/format-code-task-001765.json,sha256:41f2e7efe2c0eefdecbe40e32840b1efcae84936745a234f7b6a9a9c587b05b1
format-code-task-001768,oracle:none,,,,/Users/petermakhnatch/Developer/eval-lab-results/2026-10-10/mimo-ref-fixes-sweep-w4/receipts/format-code-task-001768.json,sha256:5c3788536f3221c869eea3911d2e6adab55aaab9baa70313c8a6c91a4e8e973e
format-code-task-001779,oracle:pass+nop:fail,ee710b9b654aa40e3ed15456419c361043456edd,,"S1: test-file touch; source relevance [], before-blob continuity ['tests/tests.py'], keyword score 2.369, distance 1.",/Users/petermakhnatch/Developer/eval-lab-results/2026-10-10/mimo-ref-fixes-sweep-w4/receipts/format-code-task-001779.json,sha256:90033c96aae85794a6d160bf6f32daf7b60f19fdbf5c3649a301a252f3416b23
format-code-task-001813,oracle:none,,,,/Users/petermakhnatch/Developer/eval-lab-results/2026-10-10/mimo-ref-fixes-sweep-w4/receipts/format-code-task-001813.json,sha256:743653a7c3278cd2e3dc50ccbe4f58eca12422d231848a1ec8fca3f3aed7e3da
format-code-task-001825,oracle:pass+nop:fail,65555cabda00893aedc1da241176bb1569803c2c,,"S1: test-file touch; source relevance [], before-blob continuity ['tests/integration_tests/test_mlflow.py'], keyword score 3.0, distance 1.",/Users/petermakhnatch/Developer/eval-lab-results/2026-10-10/mimo-ref-fixes-sweep-w4/receipts/format-code-task-001825.json,sha256:509537eb7d5f61f62b7ee49b5d7b1db433df141036a2c6a62af39f4a6852ca2d
format-code-task-001833,oracle:pass+nop:fail,86a0e39f885ecfc9cd4eba8d630b2556d7aba0b9,,"S1: test-file touch; source relevance [], before-blob continuity ['safedelete/tests/test_soft_delete_cascade.py'], keyword score 3.5, distance 1.",/Users/petermakhnatch/Developer/eval-lab-results/2026-10-10/mimo-ref-fixes-sweep-w4/receipts/format-code-task-001833.json,sha256:bfc2dece06735ef317905f43ceab80ff62902ae2c2738f3d6a5ce92798653a58
format-code-task-001840,oracle:fail,6605fd340298d5642b24e46da122edbf66b9c390,,"S2a: pickaxe identifier '__future__' converges on 6605fd34 'Add support for Azure Blob storage as cache' (descendant, distance 1); own-diff applies on base.",/Users/petermakhnatch/Developer/eval-lab-results/2026-10-10/mimo-ref-fixes-sweep-w4/receipts/format-code-task-001840.json,sha256:4780846c2c9bfe58956efe05830b20683e95dafcd9d5c6f84dc668b9fd1ddd7b
format-code-task-001841,oracle:pass+nop:fail,22bb9cf5493097f8b80409a6a67cba9426410800,,"S1: test-file touch; source relevance [], before-blob continuity ['mapproxy/test/system/test_legendgraphic.py'], keyword score 4.0, distance 1.",/Users/petermakhnatch/Developer/eval-lab-results/2026-10-10/mimo-ref-fixes-sweep-w4/receipts/format-code-task-001841.json,sha256:232fd0d844979cc56edd595ccce3ddfd4fda03abd4457a0f727eb8a5a607088e
format-code-task-001845,oracle:fail,f1230d5c573112ff4020ea6f5a821324679f8800,f848bd5c4b19284fbf3193612e56c2fc09695b3e,"S2b: 28 introducing commit(s) across divergent history; base..f848bd5c diff on feature files ['rest_framework_swagger/compat.py', 'rest_framework_swagger/introspectors.py']. CAVEAT: carries all base..tip evolution of those files, possibly including unrelated refactors.",/Users/petermakhnatch/Developer/eval-lab-results/2026-10-10/mimo-ref-fixes-sweep-w4/receipts/format-code-task-001845.json,sha256:46f5bbc177c74af4d2364708f180bf543036eeef99e23c943451ee9191b8269e
format-code-task-001860,oracle:fail,cd5cf3f74431fb19f366520f5fbca6ed2f27bc64,,"S1: test-file touch; source relevance [], before-blob continuity ['tests/event_test.py'], keyword score 0.115, distance 1.",/Users/petermakhnatch/Developer/eval-lab-results/2026-10-10/mimo-ref-fixes-sweep-w4/receipts/format-code-task-001860.json,sha256:ed2c854fe74d39e78e9833a4e99d22413b1e2c8d5b9c5fc9372a36bd0eb869e0
format-code-task-001878,oracle:pass+nop:fail,049171e642e02f8145d910beffe6582d39f84fc4,049171e642e02f8145d910beffe6582d39f84fc4,"S2b: 1 introducing commit(s) across divergent history; base..049171e6 diff on feature files ['.dockerignore', '.env.local', '.gitattributes', '.github/CODE_OF_CONDUCT.md', '.github/CONTRIBUTING.md', '.github/ISSUE_TEMPLATE/1-bug-report.yml', '.github/ISSUE_TEMPLATE/2-feature-request.yml', '.github/ISSUE_TEMPLATE/config.yml', '.github/PULL_REQUEST_TEMPLATE.md', '.github/SECURITY.md', '.github/workflows/docker.yml', '.github/workflows/label_issue.yml', '.github/workflows/publish.yml', '.github/workflows/tests.yml', '.gitignore', '.pre-commit-config.yaml', 'CITATION.cff', 'LICENSE', 'MANIFEST.in', 'Makefile', 'assets/alaya_new.svg', 'assets/logo.png', 'assets/wechat.jpg', 'assets/wechat_alaya.png', 'assets/wechat_npu.jpg', 'data/alpaca_en_demo.json', 'data/alpaca_zh_demo.json', 'data/belle_multiturn/belle_multiturn.py', 'data/c4_demo.jsonl', 'data/dataset_info.json', 'data/dpo_en_demo.json', 'data/dpo_zh_demo.json', 'data/glaive_toolcall_en_demo.json', 'data/glaive_toolcall_zh_demo.json', 'data/hh_rlhf_en/hh_rlhf_en.py', 'data/identity.json', 'data/kto_en_demo.json', 'data/mllm_audio_demo.json', 'data/mllm_demo.json', 'data/mllm_demo_data/1.jpg', 'data/mllm_demo_data/1.mp3', 'data/mllm_demo_data/1.mp4', 'data/mllm_demo_data/2.avi', 'data/mllm_demo_data/2.jpg', 'data/mllm_demo_data/2.wav', 'data/mllm_demo_data/3.flac', 'data/mllm_demo_data/3.jpg', 'data/mllm_demo_data/3.mp4', 'data/mllm_demo_data/4.mp3', 'data/mllm_demo_data/4.mp4', 'data/mllm_video_audio_demo.json', 'data/mllm_video_demo.json', 'data/ultra_chat/ultra_chat.py', 'data/wiki_demo.txt', 'docker/docker-cuda/Dockerfile', 'docker/docker-cuda/Dockerfile.base', 'docker/docker-cuda/docker-compose.yml', 'docker/docker-npu/Dockerfile', 'docker/docker-npu/docker-compose.yml', 'docker/docker-rocm/Dockerfile', 'docker/docker-rocm/docker-compose.yml', 'evaluation/ceval/ceval.py', 'evaluation/ceval/ceval.zip', 'evaluation/ceval/mapping.json', 'evaluation/cmmlu/cmmlu.py', 'evaluation/cmmlu/cmmlu.zip', 'evaluation/cmmlu/mapping.json', 'evaluation/mmlu/mapping.json', 'evaluation/mmlu/mmlu.py', 'evaluation/mmlu/mmlu.zip', 'examples/accelerate/fsdp_config.yaml', 'examples/accelerate/fsdp_config_offload.yaml', 'examples/deepspeed/ds_z0_config.json', 'examples/deepspeed/ds_z2_config.json', 'examples/deepspeed/ds_z2_offload_config.json', 'examples/deepspeed/ds_z3_config.json', 'examples/deepspeed/ds_z3_offload_config.json', 'examples/extras/adam_mini/qwen2_full_sft.yaml', 'examples/extras/apollo/llama3_full_sft.yaml', 'examples/extras/badam/llama3_full_sft.yaml', 'examples/extras/fsdp_qlora/llama3_lora_sft.yaml', 'examples/extras/fsdp_qlora/train.sh', 'examples/extras/galore/llama3_full_sft.yaml', 'examples/extras/llama_pro/expand.sh', 'examples/extras/llama_pro/llama3_freeze_sft.yaml', 'examples/extras/loraplus/llama3_lora_sft.yaml', 'examples/extras/mod/llama3_full_sft.yaml', 'examples/extras/muon/qwen2_full_sft.yaml', 'examples/extras/nlg_eval/llama3_lora_predict.yaml', 'examples/extras/pissa/init.sh', 'examples/extras/pissa/llama3_lora_sft.yaml', 'examples/inference/llama3.yaml', 'examples/inference/llama3_full_sft.yaml', 'examples/inference/llama3_lora_sft.yaml', 'examples/inference/qwen2_5vl.yaml', 'examples/merge_lora/llama3_full_sft.yaml', 'examples/merge_lora/llama3_gptq.yaml', 'examples/merge_lora/llama3_lora_sft.yaml', 'examples/merge_lora/qwen2_5vl_lora_sft.yaml', 'examples/train_full/Qwen2.5-32B-base-AM-Thinking-v1-Distilled-3697c18.yaml', 'examples/train_lora/llama3_lora_dpo.yaml', 'examples/train_lora/llama3_lora_eval.yaml', 'examples/train_lora/llama3_lora_kto.yaml', 'examples/train_lora/llama3_lora_ppo.yaml', 'examples/train_lora/llama3_lora_pretrain.yaml', 'examples/train_lora/llama3_lora_reward.yaml', 'examples/train_lora/llama3_lora_sft.sh', 'examples/train_lora/llama3_lora_sft.yaml', 'examples/train_lora/llama3_lora_sft_ds3.yaml', 'examples/train_lora/llama3_lora_sft_ray.yaml', 'examples/train_lora/llama3_preprocess.yaml', 'examples/train_lora/llama4_lora_sft_ds3.yaml', 'examples/train_lora/qwen2_5vl_lora_dpo.yaml', 'examples/train_lora/qwen2_5vl_lora_sft.yaml', 'examples/train_qlora/llama3_lora_sft_aqlm.yaml', 'examples/train_qlora/llama3_lora_sft_awq.yaml', 'examples/train_qlora/llama3_lora_sft_bnb_npu.yaml', 'examples/train_qlora/llama3_lora_sft_gptq.yaml', 'examples/train_qlora/llama3_lora_sft_otfq.yaml', 'get_am_dataset.py', 'pyproject.toml', 'requirements.txt', 'scripts/convert_ckpt/llamafy_baichuan2.py', 'scripts/convert_ckpt/llamafy_qwen.py', 'scripts/convert_ckpt/tiny_llama4.py', 'scripts/eval_bleu_rouge.py', 'scripts/llama_pro.py', 'scripts/loftq_init.py', 'scripts/pissa_init.py', 'scripts/qwen_omni_merge.py', 'scripts/stat_utils/cal_flops.py', 'scripts/stat_utils/cal_lr.py', 'scripts/stat_utils/cal_mfu.py', 'scripts/stat_utils/cal_ppl.py', 'scripts/stat_utils/length_cdf.py', 'scripts/train_qwen_32_amthink_3697c18.sh', 'scripts/vllm_infer.py', 'setup.py', 'src/api.py', 'src/llamafactory/__init__.py', 'src/llamafactory/api/__init__.py', 'src/llamafactory/api/app.py', 'src/llamafactory/api/chat.py', 'src/llamafactory/api/common.py', 'src/llamafactory/api/protocol.py', 'src/llamafactory/chat/__init__.py', 'src/llamafactory/chat/base_engine.py', 'src/llamafactory/chat/chat_model.py', 'src/llamafactory/chat/hf_engine.py', 'src/llamafactory/chat/sglang_engine.py', 'src/llamafactory/chat/vllm_engine.py', 'src/llamafactory/cli.py', 'src/llamafactory/data/__init__.py', 'src/llamafactory/data/collator.py', 'src/llamafactory/data/converter.py', 'src/llamafactory/data/data_utils.py', 'src/llamafactory/data/formatter.py', 'src/llamafactory/data/loader.py', 'src/llamafactory/data/mm_plugin.py', 'src/llamafactory/data/parser.py', 'src/llamafactory/data/processor/__init__.py', 'src/llamafactory/data/processor/feedback.py', 'src/llamafactory/data/processor/pairwise.py', 'src/llamafactory/data/processor/pretrain.py', 'src/llamafactory/data/processor/processor_utils.py', 'src/llamafactory/data/processor/supervised.py', 'src/llamafactory/data/processor/unsupervised.py', 'src/llamafactory/data/template.py', 'src/llamafactory/data/tool_utils.py', 'src/llamafactory/eval/__init__.py', 'src/llamafactory/eval/evaluator.py', 'src/llamafactory/eval/template.py', 'src/llamafactory/extras/__init__.py', 'src/llamafactory/extras/constants.py', 'src/llamafactory/extras/env.py', 'src/llamafactory/extras/logging.py', 'src/llamafactory/extras/misc.py', 'src/llamafactory/extras/packages.py', 'src/llamafactory/extras/ploting.py', 'src/llamafactory/hparams/__init__.py', 'src/llamafactory/hparams/data_args.py', 'src/llamafactory/hparams/evaluation_args.py', 'src/llamafactory/hparams/finetuning_args.py', 'src/llamafactory/hparams/generating_args.py', 'src/llamafactory/hparams/model_args.py', 'src/llamafactory/hparams/parser.py', 'src/llamafactory/hparams/training_args.py', 'src/llamafactory/launcher.py', 'src/llamafactory/model/__init__.py', 'src/llamafactory/model/adapter.py', 'src/llamafactory/model/loader.py', 'src/llamafactory/model/model_utils/__init__.py', 'src/llamafactory/model/model_utils/attention.py', 'src/llamafactory/model/model_utils/checkpointing.py', 'src/llamafactory/model/model_utils/embedding.py', 'src/llamafactory/model/model_utils/kv_cache.py', 'src/llamafactory/model/model_utils/liger_kernel.py', 'src/llamafactory/model/model_utils/longlora.py', 'src/llamafactory/model/model_utils/misc.py', 'src/llamafactory/model/model_utils/mod.py', 'src/llamafactory/model/model_utils/moe.py', 'src/llamafactory/model/model_utils/packing.py', 'src/llamafactory/model/model_utils/quantization.py', 'src/llamafactory/model/model_utils/rope.py', 'src/llamafactory/model/model_utils/unsloth.py', 'src/llamafactory/model/model_utils/valuehead.py', 'src/llamafactory/model/model_utils/visual.py', 'src/llamafactory/model/patcher.py', 'src/llamafactory/third_party/__init__.py', 'src/llamafactory/third_party/muon/__init__.py', 'src/llamafactory/third_party/muon/muon.py', 'src/llamafactory/train/__init__.py', 'src/llamafactory/train/callbacks.py', 'src/llamafactory/train/dpo/__init__.py', 'src/llamafactory/train/dpo/trainer.py', 'src/llamafactory/train/dpo/workflow.py', 'src/llamafactory/train/kto/__init__.py', 'src/llamafactory/train/kto/trainer.py', 'src/llamafactory/train/kto/workflow.py', 'src/llamafactory/train/ppo/__init__.py', 'src/llamafactory/train/ppo/ppo_utils.py', 'src/llamafactory/train/ppo/trainer.py', 'src/llamafactory/train/ppo/workflow.py', 'src/llamafactory/train/pt/__init__.py', 'src/llamafactory/train/pt/trainer.py', 'src/llamafactory/train/pt/workflow.py', 'src/llamafactory/train/rm/__init__.py', 'src/llamafactory/train/rm/metric.py', 'src/llamafactory/train/rm/trainer.py', 'src/llamafactory/train/rm/workflow.py', 'src/llamafactory/train/sft/__init__.py', 'src/llamafactory/train/sft/metric.py', 'src/llamafactory/train/sft/trainer.py', 'src/llamafactory/train/sft/workflow.py', 'src/llamafactory/train/trainer_utils.py', 'src/llamafactory/train/tuner.py', 'src/llamafactory/webui/__init__.py', 'src/llamafactory/webui/chatter.py', 'src/llamafactory/webui/common.py', 'src/llamafactory/webui/components/__init__.py', 'src/llamafactory/webui/components/chatbot.py', 'src/llamafactory/webui/components/data.py', 'src/llamafactory/webui/components/eval.py', 'src/llamafactory/webui/components/export.py', 'src/llamafactory/webui/components/infer.py', 'src/llamafactory/webui/components/top.py', 'src/llamafactory/webui/components/train.py', 'src/llamafactory/webui/control.py', 'src/llamafactory/webui/css.py', 'src/llamafactory/webui/engine.py', 'src/llamafactory/webui/interface.py', 'src/llamafactory/webui/locales.py', 'src/llamafactory/webui/manager.py', 'src/llamafactory/webui/runner.py', 'src/train.py', 'src/webui.py']. CAVEAT: carries all base..tip evolution of those files, possibly including unrelated refactors.",/Users/petermakhnatch/Developer/eval-lab-results/2026-10-10/mimo-ref-fixes-sweep-w4/receipts/format-code-task-001878.json,sha256:3f25056d88747da924834418d72204560fa3a5d9a6dcae58d01352a541400254
format-code-task-001936,oracle:fail,236a2fb6fde4ff8837f85cf0a217f915b0bfed79,6ae378aa2054c23b48c66df140f9182c1b99d653,"S2b: 21 introducing commit(s) across divergent history; base..6ae378aa diff on feature files ['mitmproxy/addons/clientplayback.py']. CAVEAT: carries all base..tip evolution of those files, possibly including unrelated refactors.",/Users/petermakhnatch/Developer/eval-lab-results/2026-10-10/mimo-ref-fixes-sweep-w4/receipts/format-code-task-001936.json,sha256:48d1562a3fdb0520983072a9d7913cc8e80d54dd2de4912657ca868ba9c3cd95
format-code-task-001941,oracle:pass+nop:fail,deee214a95ed0be4576f765172f153592509a2a3,12f766efe96b694e1ed7bdcabe1067fd39867f65,"S2b: 9 introducing commit(s) across divergent history; base..12f766ef diff on feature files ['python/mlx/optimizers/optimizers.py']. CAVEAT: carries all base..tip evolution of those files, possibly including unrelated refactors.",/Users/petermakhnatch/Developer/eval-lab-results/2026-10-10/mimo-ref-fixes-sweep-w4/receipts/format-code-task-001941.json,sha256:fc82032cc5b4eaddca0008e9673841f7bc4fc1b99acda14ae83d89dff7ccf0fb
format-code-task-001948,oracle:pass+nop:fail,ad870227c6d9810b1a873c60c2139aa00fdd3d14,,"S1: test-file touch; source relevance [], before-blob continuity ['mne/tests/test_filter.py'], keyword score 0.5, distance 1.",/Users/petermakhnatch/Developer/eval-lab-results/2026-10-10/mimo-ref-fixes-sweep-w4/receipts/format-code-task-001948.json,sha256:ed7bfb0e8e58e9d1341b31239e6afb9efa5164f3fef342925dcb0c56cb30aaeb
format-code-task-001949,oracle:pass+nop:fail,3c0fdee5e71f5a6004c0093493c7c576753040a8,,"S1: test-file touch; source relevance [], before-blob continuity ['mne/time_frequency/tests/test_tfr.py'], keyword score 4.003, distance 9.",/Users/petermakhnatch/Developer/eval-lab-results/2026-10-10/mimo-ref-fixes-sweep-w4/receipts/format-code-task-001949.json,sha256:60f4e13370e330c3e06bfc2f0ca00fd0ecb7963b60b0118aae7888f0e3275aef
format-code-task-001950,oracle:pass+nop:fail,32bf58dfb3f0b6c61faba5b7b33f4565eb36a205,,"S1: test-file touch; source relevance [], before-blob continuity ['mne/io/egi/tests/test_egi.py'], keyword score 2.773, distance 1.",/Users/petermakhnatch/Developer/eval-lab-results/2026-10-10/mimo-ref-fixes-sweep-w4/receipts/format-code-task-001950.json,sha256:49e63a95b97020b86596eeacc1d27697bc1ca94cb719367e0442a87fd30878d2
format-code-task-001963,oracle:fail,4c2e717b9f015a9d2e782c7e5d93a2078580ee63,,"S2a: pickaxe identifier 'timestamp' converges on 4c2e717b 'PYTHON-4204 Optimize JSON decoding using lookup table to find $ keys (#1512)' (descendant, distance 34); own-diff applies on base.",/Users/petermakhnatch/Developer/eval-lab-results/2026-10-10/mimo-ref-fixes-sweep-w4/receipts/format-code-task-001963.json,sha256:18ec42ed85728fa0007e76223c8d668ae5adcebd5121e6c57c01dea8e06e5c3d
format-code-task-001970,oracle:fail,9e41eff187b68a19375ce7c79b5967f7b2699e60,,"S1: test-file touch; source relevance [], before-blob continuity ['tests/config/test_config.py'], keyword score 1.648, distance 1.",/Users/petermakhnatch/Developer/eval-lab-results/2026-10-10/mimo-ref-fixes-sweep-w4/receipts/format-code-task-001970.json,sha256:93497133a06743e419081569039873ff1abfe13b4d70a131b2864dda05464b22
format-code-task-001974,oracle:patch-conflict,afb5a08840899f1f4e93e0ff1271c60ec8bb7b29,,"S1: test-file touch; source relevance ['docs/source/examples/pooling.py'], before-blob continuity [], keyword score 0.5, distance None.",/Users/petermakhnatch/Developer/eval-lab-results/2026-10-10/mimo-ref-fixes-sweep-w4/receipts/format-code-task-001974.json,sha256:a3aac60b69c1e3b7eee4f18605f1ae984ae9f0b48f8fd975c05c645dd77467b6
format-code-task-001987,oracle:pass+nop:fail,7d1c1cebfab1777ede5486038919d3e9fe0b3057,,"S1: test-file touch; source relevance [], before-blob continuity ['tests/tests.py'], keyword score 5.333, distance 3.",/Users/petermakhnatch/Developer/eval-lab-results/2026-10-10/mimo-ref-fixes-sweep-w4/receipts/format-code-task-001987.json,sha256:b543e1aac61444edef2e42a811b8d0ca1fda5d268591eb33bdc0cf5f2660566d
format-code-task-001988,oracle:pass+nop:fail,709354c55b62979a87d1a1d57ee2082f39b8586b,,"S1: test-file touch; source relevance [], before-blob continuity ['tests/test_middleware.py'], keyword score 9.083, distance 1.",/Users/petermakhnatch/Developer/eval-lab-results/2026-10-10/mimo-ref-fixes-sweep-w4/receipts/format-code-task-001988.json,sha256:c86a36a0dac6f25a23fadb6efd6e2994b7bbf04a20bd15c7db1e57f9253d7079
format-code-task-001994,oracle:pass+nop:fail,9f54d6f4baee2fe1e7147e051bbf5ddc77e4221a,,"S1: test-file touch; source relevance [], before-blob continuity ['tests/test_helper.py'], keyword score 4.25, distance 1.",/Users/petermakhnatch/Developer/eval-lab-results/2026-10-10/mimo-ref-fixes-sweep-w4/receipts/format-code-task-001994.json,sha256:194f74a222e8d695aef28f34a9833c0682c7413bb680bf18a8d65555b501e2c0
format-code-task-002004,oracle:none,,,,/Users/petermakhnatch/Developer/eval-lab-results/2026-10-10/mimo-ref-fixes-sweep-w4/receipts/format-code-task-002004.json,sha256:500bc74c35917dbe10f884b90397fc8de6b585a00a9ce40157d2dc40117f665a
format-code-task-002012,oracle:none,,,,/Users/petermakhnatch/Developer/eval-lab-results/2026-10-10/mimo-ref-fixes-sweep-w4/receipts/format-code-task-002012.json,sha256:08a2cf69cf126f0db46ce9352fb979e782b447d140d9466ab12a93344ad775b6
format-code-task-002032,oracle:fail,b776c4acb61f2d3297267b1752870cb5ecf1147d,bcfa18386ae0ff90ad42bf68990215fdd7866037,"S2b: 21 introducing commit(s) across divergent history; base..bcfa1838 diff on feature files ['tatsu/_version.py', 'tatsu/bootstrap.py', 'tatsu/grammars.py', 'tatsu/infos.py', 'tatsu/parserconfig.py', 'tatsu/parsing.py']. CAVEAT: carries all base..tip evolution of those files, possibly including unrelated refactors.",/Users/petermakhnatch/Developer/eval-lab-results/2026-10-10/mimo-ref-fixes-sweep-w4/receipts/format-code-task-002032.json,sha256:0d162b2989fb7677e34efe574b1c1c62b8faf29521a1aaed6e3834b5451427ca
format-code-task-002055,oracle:fail,a9f126d69705bf24ccaaad8c84bec37c7d8a9b26,,"S2a: pickaxe identifier 'search,urlscan' converges on a9f126d6 'feat: add urlscan.io URL link' (descendant, distance 1); own-diff applies on base.",/Users/petermakhnatch/Developer/eval-lab-results/2026-10-10/mimo-ref-fixes-sweep-w4/receipts/format-code-task-002055.json,sha256:fcf17343b2ddf76415ce0b297634ab8af1551f28e896ab119310dbf0d7ccf2be
format-code-task-002069,oracle:fail,88ac5e18b0cad6ee0315f7a3b9db18848b87ac7e,,"S1: test-file touch; source relevance [], before-blob continuity ['pytago/tests/test_core.py'], keyword score 0, distance 4.",/Users/petermakhnatch/Developer/eval-lab-results/2026-10-10/mimo-ref-fixes-sweep-w4/receipts/format-code-task-002069.json,sha256:c66f9c65ffaa1f79d81573b714f1cdf8ded4c977aa1fd7a9a71452422e276900
format-code-task-002089,oracle:fail,11f4359099407b95ea5cfe593665a3b4d87c82ad,,"S1: test-file touch; source relevance [], before-blob continuity ['tests/config/unit.tests.yaml', 'tests/fixtures/dnsimple-page-2.json', 'tests/fixtures/powerdns-full-data.json', 'tests/test_octodns_provider_powerdns.py', 'tests/test_octodns_provider_yaml.py'], keyword score 4.444, distance None.",/Users/petermakhnatch/Developer/eval-lab-results/2026-10-10/mimo-ref-fixes-sweep-w4/receipts/format-code-task-002089.json,sha256:3c3d7c267c5a52ac1266fd2f9fec638ddec67092d97f7c491c9206d89e0a3668
format-code-task-002090,oracle:none,,,,/Users/petermakhnatch/Developer/eval-lab-results/2026-10-10/mimo-ref-fixes-sweep-w4/receipts/format-code-task-002090.json,sha256:dc7ca01cbbb47aa84584a2c3f8cbb71204327bec4863061afdf5664acfd88e6a
format-code-task-002106,oracle:none,,,,/Users/petermakhnatch/Developer/eval-lab-results/2026-10-10/mimo-ref-fixes-sweep-w4/receipts/format-code-task-002106.json,sha256:5821eb5bb7f0f930736461610a0ed9157b8fad0291fa937d2165523320cfb51c
format-code-task-002126,oracle:pass+nop:fail,9a2e59dfaeb217011d7cf4b8b20b44f0663deba7,,"S1: test-file touch; source relevance [], before-blob continuity ['exporter/opentelemetry-exporter-prometheus/tests/test_prometheus_exporter.py'], keyword score 6.9, distance 1.",/Users/petermakhnatch/Developer/eval-lab-results/2026-10-10/mimo-ref-fixes-sweep-w4/receipts/format-code-task-002126.json,sha256:cfea93493f5cffc20062543a6a60899e14fd97620760d19cadc01c8f2fe34b22
format-code-task-002160,oracle:pass+nop:fail,1fd59cb9fbb396d2cc7ed09b21491e219c1d0bf1,,"S1: test-file touch; source relevance [], before-blob continuity ['openwisp_radius/tests/test_commands.py'], keyword score 5.933, distance 2.",/Users/petermakhnatch/Developer/eval-lab-results/2026-10-10/mimo-ref-fixes-sweep-w4/receipts/format-code-task-002160.json,sha256:77151b17b06d370bbfd813e2c0495e3002ad257ad89e456fe1cc6ebf1cd70597
format-code-task-002162,oracle:pass+nop:fail,4071c655e787872919a34c56a591d5f9115bfc2b,,"S1: test-file touch; source relevance [], before-blob continuity ['tests/test_stats.py'], keyword score 3.033, distance 1.",/Users/petermakhnatch/Developer/eval-lab-results/2026-10-10/mimo-ref-fixes-sweep-w4/receipts/format-code-task-002162.json,sha256:c0e811249ba22e2c5765da5e30089ffa708390dc911e49665d7d2a8fced9265f
format-code-task-002188,oracle:pass+nop:fail,2b04404f5b66687b80eaba90fa2da623c5c1a639,,"S1: test-file touch; source relevance [], before-blob continuity ['tests/conftest.py'], keyword score 2.317, distance 1.",/Users/petermakhnatch/Developer/eval-lab-results/2026-10-10/mimo-ref-fixes-sweep-w4/receipts/format-code-task-002188.json,sha256:05c56be385267a615660d78da703d310b656ad11da218e825eb5c204eeef645a
format-code-task-002189,oracle:fail,123601c4e79706ae3422a9fba655c6e6a6855ce0,,"S2a: pickaxe identifier 'SECURITY_USER_IDENTITY_ATTRIBUTES,SECURITY_USER_IDENTITY_MAPPINGS,uia_email_mapper,uia_phone_mapper' converges on 123601c4 'Unified sign in (#257)' (descendant, distance 1); own-diff applies on base.",/Users/petermakhnatch/Developer/eval-lab-results/2026-10-10/mimo-ref-fixes-sweep-w4/receipts/format-code-task-002189.json,sha256:3cca0245352e3292a4399ac2fe953f5cc59fc33973ac221b52effed68a4745fc
format-code-task-002190,oracle:pass+nop:fail,1787497713fa389435ed732c9b26274c3cdc458d,,"S1: test-file touch; source relevance [], before-blob continuity ['tests/test_arguments.py'], keyword score 4.75, distance 1.",/Users/petermakhnatch/Developer/eval-lab-results/2026-10-10/mimo-ref-fixes-sweep-w4/receipts/format-code-task-002190.json,sha256:fb382b85270f62f9b4dc0089342eab0322af759f77e24366a0d6ec1288e84ddd
format-code-task-002196,oracle:pass+nop:fail,f2b0bdc9bc4e57e101e306db7555eb7db28172e9,,"S1: test-file touch; source relevance [], before-blob continuity ['pandas/tests/reshape/test_pivot.py'], keyword score 1.137, distance 4.",/Users/petermakhnatch/Developer/eval-lab-results/2026-10-10/mimo-ref-fixes-sweep-w4/receipts/format-code-task-002196.json,sha256:940f6cdda133ccde4529882e901252f9713731bda805bc304a10c6c391b76375
format-code-task-002198,oracle:pass+nop:fail,aead041fece0ef17a81218585329109e17b5deb9,,"S1: test-file touch; source relevance [], before-blob continuity ['pandas/tests/tseries/test_frequencies.py'], keyword score 2.5, distance 8.",/Users/petermakhnatch/Developer/eval-lab-results/2026-10-10/mimo-ref-fixes-sweep-w4/receipts/format-code-task-002198.json,sha256:d2b32392c83000eecc02975ec5e6a3719039a22680abb65aefb9632b2282117b
format-code-task-002199,oracle:pass+nop:fail,0926b2d31a5dfbc082ae5a0882b29cd4d3360b5e,,"S1: test-file touch; source relevance [], before-blob continuity ['pandas/tests/io/test_pytables.py'], keyword score 4.125, distance 8.",/Users/petermakhnatch/Developer/eval-lab-results/2026-10-10/mimo-ref-fixes-sweep-w4/receipts/format-code-task-002199.json,sha256:a7a0de5e67460b3964e14c9f7bf9b71bc9acb8b6f23f503c905b601ac75d5ce4
format-code-task-002205,oracle:pass+nop:fail,8dc22d8ee51d151ac0b0b63a65395af70f8370f9,,"S1: test-file touch; source relevance [], before-blob continuity ['pandas/tests/arithmetic/test_period.py'], keyword score 3.2, distance 17.",/Users/petermakhnatch/Developer/eval-lab-results/2026-10-10/mimo-ref-fixes-sweep-w4/receipts/format-code-task-002205.json,sha256:e61a7fd5c4e6d51ed8a45fa106633f9469e8260efda1a4cf0c00b01518b263c7
format-code-task-002206,oracle:pass+nop:fail,09633b868f2f999599e29d32a326e112fdbbf3ec,,"S1: test-file touch; source relevance [], before-blob continuity ['pandas/tests/reshape/merge/test_merge.py'], keyword score 2.479, distance 27.",/Users/petermakhnatch/Developer/eval-lab-results/2026-10-10/mimo-ref-fixes-sweep-w4/receipts/format-code-task-002206.json,sha256:dec48c46c29c34502fd69072fea926bca22ef2f57d99f9a6645b02d2be6fb8a9
format-code-task-002221,oracle:pass+nop:fail,4ca4dd313f1995c09fc315865d06a406718a4a64,,"S1: test-file touch; source relevance [], before-blob continuity ['pandas/tests/io/formats/test_style.py'], keyword score 9.0, distance 41.",/Users/petermakhnatch/Developer/eval-lab-results/2026-10-10/mimo-ref-fixes-sweep-w4/receipts/format-code-task-002221.json,sha256:661e1d7ac8fac75f99da48c958df49a9d82b8421ba70c52096a8b7d023aa64b6
format-code-task-002222,oracle:pass+nop:fail,aa225b220a966a9564ec5b4a379cfc7119270de4,,"S1: test-file touch; source relevance [], before-blob continuity ['pandas/tests/frame/test_ufunc.py'], keyword score 1.75, distance 8.",/Users/petermakhnatch/Developer/eval-lab-results/2026-10-10/mimo-ref-fixes-sweep-w4/receipts/format-code-task-002222.json,sha256:ee7fbb400ead484cdf259da63df853e70e0fa1f6f724161e35cbbfd1ec0b87ca
format-code-task-002228,oracle:pass+nop:fail,8e3479467194ccee677e3afd7670a4c88547f9d2,,"S1: test-file touch; source relevance [], before-blob continuity ['pandas/tests/util/test_deprecate_nonkeyword_arguments.py'], keyword score 6.483, distance 26.",/Users/petermakhnatch/Developer/eval-lab-results/2026-10-10/mimo-ref-fixes-sweep-w4/receipts/format-code-task-002228.json,sha256:1a1ce521fa3b63211e772242b9939b961f8417f09559da8883ba9ea2066fdcc5
format-code-task-002250,oracle:pass+nop:fail,48fb469d8d0f2f3b892fb09e1daf2f7806b9cd21,,"S1: test-file touch; source relevance [], before-blob continuity ['test_airtable.py'], keyword score 4.5, distance 1.",/Users/petermakhnatch/Developer/eval-lab-results/2026-10-10/mimo-ref-fixes-sweep-w4/receipts/format-code-task-002250.json,sha256:6bd65c36da14810313f08867113f53f355fdb835e63dd905640419aece711530
format-code-task-002304,oracle:pass+nop:fail,3806e9654384f77643daf94cc9f2032bb821fa72,,"S1: test-file touch; source relevance [], before-blob continuity ['vumi/transports/dmark/tests/test_dmark_ussd.py'], keyword score 5.5, distance 1.",/Users/petermakhnatch/Developer/eval-lab-results/2026-10-10/mimo-ref-fixes-sweep-w4/receipts/format-code-task-002304.json,sha256:4b09bd0d430be558f3a5c04ad2db7e36ce83779a83bd97126f5192575af84d09
format-code-task-002306,oracle:pass+nop:fail,1916ff9b5033f6a047f49783de199aa158003f44,,"S1: test-file touch; source relevance [], before-blob continuity ['tests/identify_test.py'], keyword score 4.5, distance 1.",/Users/petermakhnatch/Developer/eval-lab-results/2026-10-10/mimo-ref-fixes-sweep-w4/receipts/format-code-task-002306.json,sha256:22b47127c870931656e17912da51043ae0b3a6f6d351ee5b87484fbbd2b4cd03
format-code-task-002341,oracle:pass+nop:fail,3bafa1439038b82321bb52744bb6decb4f687d49,,"S1: test-file touch; source relevance [], before-blob continuity ['tests/test_agent.py'], keyword score 2.862, distance 12.",/Users/petermakhnatch/Developer/eval-lab-results/2026-10-10/mimo-ref-fixes-sweep-w4/receipts/format-code-task-002341.json,sha256:062dc74f463bd93892dd968c4111416501493f33f78a4a22352a391e52daf224
format-code-task-002355,oracle:pass+nop:fail,ba64fc757c12e59fb35f2306eb4fa75fdc566647,,"S1: test-file touch; source relevance [], before-blob continuity ['tests/test_black.py'], keyword score 2.5, distance 2.",/Users/petermakhnatch/Developer/eval-lab-results/2026-10-10/mimo-ref-fixes-sweep-w4/receipts/format-code-task-002355.json,sha256:79367322e5ce0c8444fde1f3c11c5675a7a280ec37c9b1c602b6950470786b28
format-code-task-002375,oracle:fail,9541b4f8a29cb2b404b363bdd4c950ace2fac7dd,,"S1: test-file touch; source relevance ['pydantic/json_schema.py'], before-blob continuity ['tests/test_json_schema.py'], keyword score 0.128, distance 10.",/Users/petermakhnatch/Developer/eval-lab-results/2026-10-10/mimo-ref-fixes-sweep-w4/receipts/format-code-task-002375.json,sha256:5e483c82a60d40da477a40edfff5d464d16f4a4cbba39807d193a30e19e2deb2
format-code-task-002376,oracle:pass+nop:fail,09d2036f872e5ab2a8df229c6315311d2ec454b9,,"S1: test-file touch; source relevance ['pydantic/_internal/_fields.py'], before-blob continuity ['tests/test_main.py'], keyword score 1.833, distance 2.",/Users/petermakhnatch/Developer/eval-lab-results/2026-10-10/mimo-ref-fixes-sweep-w4/receipts/format-code-task-002376.json,sha256:969a9921ffd7c907d6ee698c499df8530b4c427c43b3f35bbd8d9391b797e658
format-code-task-002382,oracle:pass+nop:fail,18c7ad57fddb435b4f2c53d28bc9e419140287d1,,"S1: test-file touch; source relevance [], before-blob continuity ['test/test_geo.py'], keyword score 1.5, distance 1.",/Users/petermakhnatch/Developer/eval-lab-results/2026-10-10/mimo-ref-fixes-sweep-w4/receipts/format-code-task-002382.json,sha256:0def0c43181d794534e6b8c7e996f13542a8b1a5b8eb2ac2f50ea52d45ef37de
format-code-task-002409,oracle:pass+nop:fail,d672100aafeacc995e879873cf65853feaad269f,,"S1: test-file touch; source relevance [], before-blob continuity ['test/test_invalid_frame_sequences.py'], keyword score 1.1, distance 2.",/Users/petermakhnatch/Developer/eval-lab-results/2026-10-10/mimo-ref-fixes-sweep-w4/receipts/format-code-task-002409.json,sha256:7b2861bcb71cca004fad11c7b613d6c5b17444a96111ef7f32c6040958e55445
format-code-task-002415,oracle:fail-network,a2431672df634a7983861a9c9895b06e0bbfc0c2,,"S1: test-file touch; source relevance [], before-blob continuity ['tests/constraints/generic/test_constraint.py', 'tests/constraints/generic/test_multi_constraint.py', 'tests/constraints/generic/test_union_constraint.py'], keyword score 6.85, distance 1.",/Users/petermakhnatch/Developer/eval-lab-results/2026-10-10/mimo-ref-fixes-sweep-w4/receipts/format-code-task-002415.json,sha256:c550b42a9c7d90961a3478adac96c531dbdf14437ca9628d04212b4b4f66ffb6
format-code-task-002418,oracle:fail,09e3a4da6237740de8e9932d742b18d990e9d079,,"S1: test-file touch; source relevance [], before-blob continuity ['tests/unit/semantic_release/changelog/test_changelog_context.py'], keyword score 2.143, distance 1.",/Users/petermakhnatch/Developer/eval-lab-results/2026-10-10/mimo-ref-fixes-sweep-w4/receipts/format-code-task-002418.json,sha256:939ec50fa8a5e81f9562e40515f1bb073f8598c4a05310b42b4dd32304c1b83c
format-code-task-002419,oracle:pass+nop:fail,e5d7b4a06fbaf5f8f184ef0af4e6ebd05f541849,,"S1: test-file touch; source relevance [], before-blob continuity ['tests/test_encoding.py'], keyword score 7.5, distance 1.",/Users/petermakhnatch/Developer/eval-lab-results/2026-10-10/mimo-ref-fixes-sweep-w4/receipts/format-code-task-002419.json,sha256:61ad39f83048829dd5cac9b35b47f1cc1eedfe9816fc9a47e6e0c49dc2aa03f1
format-code-task-002461,oracle:none,,,,/Users/petermakhnatch/Developer/eval-lab-results/2026-10-10/mimo-ref-fixes-sweep-w4/receipts/format-code-task-002461.json,sha256:c30e54ae256eeb4fd6ba455f7564083ac6d94f615bcdf4e02f95b162c77277a8
format-code-task-002476,oracle:fail,21d5c9bff6908caae130999ed8a0b6cd0ce47db2,,"S2a: pickaxe identifier 'AddressReachability.UNKNOWN,UserPresence.UNKNOWN,add_presence_listener,add_userid_for_address,add_userids_for_address,address_reachability_changed_callback,force_user_presence,get_address_reachability,get_userids_for_address,refresh_address_presence,user_presence_changed_callback' converges on 21d5c9bf 'Extract user/address mapping and presence handling from Matrix transport' (descendant, distance 1); own-diff applies on base.",/Users/petermakhnatch/Developer/eval-lab-results/2026-10-10/mimo-ref-fixes-sweep-w4/receipts/format-code-task-002476.json,sha256:30f3dca826b2bf2dd28f0b98bd608dc4ba22d8c71d10fb389818d40e21739b48
format-code-task-002493,oracle:pass+nop:fail,7c789453eba2c7a1f7688b78bf3af5916e2ab0ec,,"S1: test-file touch; source relevance [], before-blob continuity ['tests/test_fr.py'], keyword score 2.5, distance 1.",/Users/petermakhnatch/Developer/eval-lab-results/2026-10-10/mimo-ref-fixes-sweep-w4/receipts/format-code-task-002493.json,sha256:df8867eb651556eb4ea18ab3eceb24bab295e83e3d622efc25116d9cde52fcbf
format-code-task-002507,oracle:pass+nop:fail,06a3beb029f3d8ca232764abe6dab277dd399353,,"S1: test-file touch; source relevance [], before-blob continuity ['tests/units/test_state.py'], keyword score 1.634, distance 1.",/Users/petermakhnatch/Developer/eval-lab-results/2026-10-10/mimo-ref-fixes-sweep-w4/receipts/format-code-task-002507.json,sha256:ad680bb5bb6b44959f60b262094223a5f53daa895ab23d561b4e6f19d3ad62bb
format-code-task-002508,oracle:pass+nop:fail,d3e81b672c46228968dcd6e86d07e1c017c47e61,3f70d2b7baf0db1ced0443a244d4491c3c9d7003,"S2b: 13 introducing commit(s) across divergent history; base..3f70d2b7 diff on feature files ['hpctestlib/apps/amber/nve.py']. CAVEAT: carries all base..tip evolution of those files, possibly including unrelated refactors.",/Users/petermakhnatch/Developer/eval-lab-results/2026-10-10/mimo-ref-fixes-sweep-w4/receipts/format-code-task-002508.json,sha256:41a722ea11913023316c6be6fecf9707043f0dee870c536f56ee04a02978c766
format-code-task-002511,oracle:pass+nop:fail,87f71f5fc7de1985b09fef3b3843d1a80d6faa90,,"S1: test-file touch; source relevance [], before-blob continuity ['tests/apps/python/test_django.py', 'tests/test_docker.py'], keyword score 4.5, distance 3.",/Users/petermakhnatch/Developer/eval-lab-results/2026-10-10/mimo-ref-fixes-sweep-w4/receipts/format-code-task-002511.json,sha256:7a949a80b39f13c809f420419df92352d3ab111042ae1fbdb557c22f07ee83f1
format-code-task-002523,oracle:pass+nop:fail,da6cf3371550ea09b46ea4e2e07239e1bf48543f,,"S1: test-file touch; source relevance [], before-blob continuity ['t/unit/transport/drivers/test_aiokafka.py'], keyword score 2.5, distance 1.",/Users/petermakhnatch/Developer/eval-lab-results/2026-10-10/mimo-ref-fixes-sweep-w4/receipts/format-code-task-002523.json,sha256:1d48d53c36743b7f8d171425444d15bb46559a4c959d19362e60645871c51dec
format-code-task-002538,oracle:pass+nop:fail,a0113c83cfdc5df3f57ef15a8a8f1f5605c82df8,,"S1: test-file touch; source relevance [], before-blob continuity ['tests/test_job.py'], keyword score 2.079, distance 3.",/Users/petermakhnatch/Developer/eval-lab-results/2026-10-10/mimo-ref-fixes-sweep-w4/receipts/format-code-task-002538.json,sha256:279635c81b620d314500ae527167f20fb7538e772e02ab3f0e42d664c884cd3f
format-code-task-002543,oracle:fail,24156b03601778172877b72a51f1983e75f5d1b1,3933b49da5239cb9e164b71189bec99a7d243d66,"S2b: 31 introducing commit(s) across divergent history; base..3933b49d diff on feature files ['dns/_no_ssl.py', 'dns/asyncquery.py', 'dns/query.py']. CAVEAT: carries all base..tip evolution of those files, possibly including unrelated refactors.",/Users/petermakhnatch/Developer/eval-lab-results/2026-10-10/mimo-ref-fixes-sweep-w4/receipts/format-code-task-002543.json,sha256:bf78a79f15e344197b98e6089890a33778f519230b870049e92b4b86d289ab51
format-code-task-002589,oracle:fail,40ab739f6c384fb5b8c27c59eac1e5d75cf08c69,630e84f07babefe2e6d72fe9abee926499ed10d1,"S2b: 11 introducing commit(s) across divergent history; base..630e84f0 diff on feature files ['num2words/base.py', 'num2words/lang_CZ.py', 'num2words/lang_KZ.py', 'num2words/lang_LT.py', 'num2words/lang_LV.py', 'num2words/lang_PL.py', 'num2words/lang_RU.py', 'num2words/lang_SR.py', 'num2words/lang_UK.py']. CAVEAT: carries all base..tip evolution of those files, possibly including unrelated refactors.",/Users/petermakhnatch/Developer/eval-lab-results/2026-10-10/mimo-ref-fixes-sweep-w4/receipts/format-code-task-002589.json,sha256:b74bf201304e1aaaec4a77bc955edd083c84326841cc5071d3dba98e445c46bd
format-code-task-002599,oracle:none,,,,/Users/petermakhnatch/Developer/eval-lab-results/2026-10-10/mimo-ref-fixes-sweep-w4/receipts/format-code-task-002599.json,sha256:a1ffe962937c46a8b4f008989a555f489e710646c7c78933b15ed3a1d61c14f6
format-code-task-002615,oracle:pass+nop:fail,2b8b8e6f1f70fff7586eab7dfe57caed5557c5f6,e408e99bbb21197dbc294779549c60a0a069fddc,"S2b: 14 introducing commit(s) across divergent history; base..e408e99b diff on feature files ['src/scirpy/ir_dist/__init__.py', 'src/scirpy/ir_dist/metrics.py']. CAVEAT: carries all base..tip evolution of those files, possibly including unrelated refactors.",/Users/petermakhnatch/Developer/eval-lab-results/2026-10-10/mimo-ref-fixes-sweep-w4/receipts/format-code-task-002615.json,sha256:7f239618a97f4baa5eb519238b1bb1f8ee5c6a2003cad8ce5bbe5f66604f2f40
format-code-task-002628,oracle:fail,ead41f8e933112e2354cee1ea02ae57d85a08528,ec7aa06dc5ead71821a3d92ea56e54a8a9d16ece,"S2b: 5 introducing commit(s) across divergent history; base..ec7aa06d diff on feature files ['src/opendeepsearch/ranking_models/infinity_rerank.py']. CAVEAT: carries all base..tip evolution of those files, possibly including unrelated refactors.",/Users/petermakhnatch/Developer/eval-lab-results/2026-10-10/mimo-ref-fixes-sweep-w4/receipts/format-code-task-002628.json,sha256:080f15d348e33c25c61c4963f4d8f5f7d6ff6382ec11673061bf9817f4d2f9b5
format-code-task-002647,oracle:none,,,,/Users/petermakhnatch/Developer/eval-lab-results/2026-10-10/mimo-ref-fixes-sweep-w4/receipts/format-code-task-002647.json,sha256:eee80f8f64b1c2a1f9f161a5f2087e968b595e0664cda283b67cf1063ca234ce
format-code-task-002664,oracle:pass+nop:fail,7a4236d179764111a1124d67d09972eb11eef855,,"S1: test-file touch; source relevance [], before-blob continuity ['bookmarks/tests/test_assets_service.py', 'bookmarks/tests/test_bookmark_assets_api.py'], keyword score 8.333, distance 13.",/Users/petermakhnatch/Developer/eval-lab-results/2026-10-10/mimo-ref-fixes-sweep-w4/receipts/format-code-task-002664.json,sha256:3684333c46a9374829b7962f223681437dbfd86164e1c4a6ea35edaf8f1252c0
format-code-task-002709,oracle:pass+nop:fail,4b6d43d02d945d9d610746a1fc7e09538e8c71ae,,"S1: test-file touch; source relevance [], before-blob continuity ['test/file_test.py', 'test/mock_test.py'], keyword score 5.6, distance None.",/Users/petermakhnatch/Developer/eval-lab-results/2026-10-10/mimo-ref-fixes-sweep-w4/receipts/format-code-task-002709.json,sha256:27f07e0c8ab90e24585d589078e7a41b9856850c3c6a8b16596003a3e0a1f5ab
format-code-task-002710,oracle:patch-conflict,8198d54fc02be176fd7aa5c156f67500be1c8fe8,,"S1: test-file touch; source relevance [], before-blob continuity ['tests/test_pythonflow.py'], keyword score 2.25, distance 2.",/Users/petermakhnatch/Developer/eval-lab-results/2026-10-10/mimo-ref-fixes-sweep-w4/receipts/format-code-task-002710.json,sha256:c0bc581e18879b7bed0c60b9ffdf710c98a02ba9d22a97b117114eeedbf8517d
format-code-task-002721,oracle:none,,,,/Users/petermakhnatch/Developer/eval-lab-results/2026-10-10/mimo-ref-fixes-sweep-w4/receipts/format-code-task-002721.json,sha256:737cfad4e819c8895f6f5f524f804589ba9b7f310f4e59f8c66c104d0334a3d3
format-code-task-002742,oracle:pass+nop:fail,14027c847eb4dd925c3aea9911d7ceb055d49dfc,,"S1: test-file touch; source relevance [], before-blob continuity ['tests/tests/app/unit/test_response.py', 'tests/tests/plugin/unit/test_blockifier.py', 'tests/tests/plugin/unit/test_corpus_importer.py', 'tests/tests/plugin/unit/test_file_importer.py', 'tests/tests/plugin/unit/test_tagger.py', 'tests/tests/plugin/unit/test_trainable_tagger.py', 'tests/utils/test_enums.py'], keyword score 3.167, distance 1.",/Users/petermakhnatch/Developer/eval-lab-results/2026-10-10/mimo-ref-fixes-sweep-w4/receipts/format-code-task-002742.json,sha256:eebc07e8d34ae7318660b5970828053e8ea682ab258cf9784e4653c661f76ec1
format-code-task-002804,oracle:none,,,,/Users/petermakhnatch/Developer/eval-lab-results/2026-10-10/mimo-ref-fixes-sweep-w4/receipts/format-code-task-002804.json,sha256:a283785acb686bc9ae5572a6980c19b2cdfd5262c1a053e5cd65aa4f7ca0e7e0
format-code-task-002865,oracle:pass+nop:fail,160f1b9f649c5174b906b65cb68bd791835f54cf,,"S1: test-file touch; source relevance ['sqlglot/parser.py'], before-blob continuity ['tests/dialects/test_clickhouse.py'], keyword score 0, distance 1.",/Users/petermakhnatch/Developer/eval-lab-results/2026-10-10/mimo-ref-fixes-sweep-w4/receipts/format-code-task-002865.json,sha256:5eef505bfc1e2fb97320816895b14323a0c370a11c0890be92efbebea2cc7d3e
format-code-task-002873,oracle:pass+nop:fail,bf87bea75f2becbbcb29346567e6bf249da2b063,,"S1: test-file touch; source relevance [], before-blob continuity ['tests/config/test_sets.py'], keyword score 4.5, distance 1.",/Users/petermakhnatch/Developer/eval-lab-results/2026-10-10/mimo-ref-fixes-sweep-w4/receipts/format-code-task-002873.json,sha256:52c6ab8d6d0440aeb14ca884fe26a2b12d0e8d774db17b22b4e8fc084b77f64a
format-code-task-002887,oracle:fail,ae7b087a1f0b525e17674919d642f36ffead3a38,,"S2a: pickaxe identifier 'RuuviTag,RuuviTagAsync,await,ruuvitag_sensor.ruuvi,ruuvitag_sensor.ruuvitag,state,update' converges on ae7b087a 'feat: async ruuvitag-class (#217)' (descendant, distance 1); own-diff applies on base.",/Users/petermakhnatch/Developer/eval-lab-results/2026-10-10/mimo-ref-fixes-sweep-w4/receipts/format-code-task-002887.json,sha256:595a5a299ff37041bd917d5c88a2f80f7b2f967c5491c06e21770b349017f435
format-code-task-002889,oracle:fail,4d121af374153157edd0c1aea564f7480ceaca98,3848aed8a2773f08f0e1b5273b507aa1296f6775,"S2b: 8 introducing commit(s) across divergent history; base..3848aed8 diff on feature files ['fawltydeps/cli_parser.py', 'fawltydeps/settings.py']. CAVEAT: carries all base..tip evolution of those files, possibly including unrelated refactors.",/Users/petermakhnatch/Developer/eval-lab-results/2026-10-10/mimo-ref-fixes-sweep-w4/receipts/format-code-task-002889.json,sha256:de4fb5bbb21b8c2c430cfdc02325843eb49f2fc00957843835668debcf3e861f
format-code-task-002941,oracle:pass+nop:fail,54455df3153aa6000628131259e55d859c09b43d,,"S1: test-file touch; source relevance [], before-blob continuity ['synapse/tests/test_lib_stormlib_modelext.py'], keyword score 2.6, distance 2.",/Users/petermakhnatch/Developer/eval-lab-results/2026-10-10/mimo-ref-fixes-sweep-w4/receipts/format-code-task-002941.json,sha256:4faa730445a1c23885db4685790a4664b47f510bb1620716751c693d3b31d3b5
format-code-task-002992,oracle:fail,4d57ff5ae9f37d36c78ab8859f5f9832ca3a2c81,ed6a3b286612b84723641cda977a7eed1764540a,"S2b: 21 introducing commit(s) across divergent history; base..ed6a3b28 diff on feature files ['weedcoco/importers/voc.py']. CAVEAT: carries all base..tip evolution of those files, possibly including unrelated refactors.",/Users/petermakhnatch/Developer/eval-lab-results/2026-10-10/mimo-ref-fixes-sweep-w4/receipts/format-code-task-002992.json,sha256:caf5ce5fc126c053fa855ad7ac26d99824a298471f4cc17c4a8025829ede2c2f
format-code-task-002995,oracle:pass+nop:fail,6feb7844f541bebeaa61bb21953697d9dd6c7b3f,,"S2a: pickaxe identifier 'MissingSpaceBetweenKeywordAndParenViolation,WrongKeywordTokenVisitor,wemake_python_styleguide.visitors.tokenize.keywords' converges on 6feb7844 '(#170) - Require space between keyword and opening parenthesis (#261)' (descendant, distance 1); own-diff applies on base.",/Users/petermakhnatch/Developer/eval-lab-results/2026-10-10/mimo-ref-fixes-sweep-w4/receipts/format-code-task-002995.json,sha256:a48b896a43665e644ba21c8128cd0ba397022c8babe21e8d85773e1881f9a5d4
format-code-task-002996,oracle:pass+nop:fail,7311d02efbe9c210703b156f4982425c1ddf777e,,"S1: test-file touch; source relevance [], before-blob continuity ['tests/test_visitors/test_ast/test_complexity/test_jones/test_line_complexity.py'], keyword score 4.5, distance 2.",/Users/petermakhnatch/Developer/eval-lab-results/2026-10-10/mimo-ref-fixes-sweep-w4/receipts/format-code-task-002996.json,sha256:68489c714efbdd980c324f6e938c529e15ff2d02c0b2f930f7114ad927758c88
format-code-task-003023,oracle:pass+nop:fail,be888d1551c78b5f6526f3aeb7db535ca98cf815,25d7d0e173a8e03235c5651714bfef2851a7aa60,"S2b: 52 introducing commit(s) across divergent history; base..25d7d0e1 diff on feature files ['api/module_rag/_verify_modern.py', 'api/module_rag/agent_tools.py', 'api/module_rag/contextual.py', 'api/module_rag/pipeline.py', 'api/module_rag/processing.py']. CAVEAT: carries all base..tip evolution of those files, possibly including unrelated refactors.",/Users/petermakhnatch/Developer/eval-lab-results/2026-10-10/mimo-ref-fixes-sweep-w4/receipts/format-code-task-003023.json,sha256:4239e5f983fe80d8bb9eb1cc74394764e4e28718bbf0ec6e5e20b04fb2664f6e
format-code-task-003035,oracle:pass+nop:fail,43246436dd2ff09ff5e7af783da86e226dedcfd5,,"S1: test-file touch; source relevance [], before-blob continuity ['tests/functional/vault/test_shares.py'], keyword score 0, distance 1.",/Users/petermakhnatch/Developer/eval-lab-results/2026-10-10/mimo-ref-fixes-sweep-w4/receipts/format-code-task-003035.json,sha256:208449da5f525a6abc082e41ba7b17232d7c7991e9c3c920056bdf0200e188bd
