task_id,label,fix_commit,patch_tip,how_chosen,evidence_path,run_digest
format-code-task-000007,oracle:fail,070a9edbc9f61f49706f658228d24eb5152dfbb9,,"S1: test-file touch; source relevance [], before-blob continuity ['test/LimitOrderProtocol.js'], keyword score 3.0, distance 1.",/Users/petermakhnatch/Developer/eval-lab-results/2026-10-10/mimo-ref-fixes-sweep-javascript-typescript/receipts/format-code-task-000007.json,sha256:ee453aa06b6b82e32f34c92749ae1da3171b3c019bdf6181d4aef72cc5115b4b
format-code-task-000024,oracle:fail,be9269e1b0f445f9c1fcf5773ada13c507832d00,,"S2a: pickaxe identifier 'Answer' converges on be9269e1 'movement of validators into create-market' (descendant, distance 4); own-diff applies on base.",/Users/petermakhnatch/Developer/eval-lab-results/2026-10-10/mimo-ref-fixes-sweep-javascript-typescript/receipts/format-code-task-000024.json,sha256:89b8ce469f8cfa2869b9adf4bbffcd9ddd314fb82c88ebaf0f629eab41188bb9
format-code-task-000025,oracle:pass+nop:fail,cc171979383f7ff6217e82522eb68d74ec626390,,"S1: test-file touch; source relevance [], before-blob continuity ['test/types/lean.test.ts'], keyword score 2.6, distance None.",/Users/petermakhnatch/Developer/eval-lab-results/2026-10-10/mimo-ref-fixes-sweep-javascript-typescript/receipts/format-code-task-000025.json,sha256:8fff3893a51f3e43768b989b10106dd4ff6cac12b2f116dded5c71c571529a05
format-code-task-000026,oracle:patch-conflict,d3c957e80fa30b744e55b3d963dffd4e452fea03,,"S1: test-file touch; source relevance [], before-blob continuity ['test/types/lean.test.ts'], keyword score 3.873, distance 2006.",/Users/petermakhnatch/Developer/eval-lab-results/2026-10-10/mimo-ref-fixes-sweep-javascript-typescript/receipts/format-code-task-000026.json,sha256:059196ecf0ed636b2fcc3dda72f7aa020ab7f5b0401e2aec4452cb9f0b107186
format-code-task-000027,oracle:fail,905b28bc1fce3eff7cd329ee5a0fa560bf9c94c6,,"S1: test-file touch; source relevance [], before-blob continuity ['test/types/schema.test.ts'], keyword score 0.333, distance None.",/Users/petermakhnatch/Developer/eval-lab-results/2026-10-10/mimo-ref-fixes-sweep-javascript-typescript/receipts/format-code-task-000027.json,sha256:a9a816bf63259baab87471f1f709bb1045cfee9642630590e8b846e4914b5bee
format-code-task-000030,oracle:pass+nop:fail,7cc4434811c6f04d2e7a8b3d514649bb621ba0b2,,"S1: test-file touch; source relevance [], before-blob continuity ['tests/blob/blobCorsRequest.test.ts'], keyword score 5.933, distance 3.",/Users/petermakhnatch/Developer/eval-lab-results/2026-10-10/mimo-ref-fixes-sweep-javascript-typescript/receipts/format-code-task-000030.json,sha256:7618d1a83d5aa82ca5fad6804aa2e5e558738745197364a7516019495a99be5e
format-code-task-000045,oracle:pass+nop:fail,87758d17d2bd29c9eb6995b26030ff3ce60dce2e,,"S1: test-file touch; source relevance [], before-blob continuity ['test/BootBot.spec.js'], keyword score 4.55, distance 1.",/Users/petermakhnatch/Developer/eval-lab-results/2026-10-10/mimo-ref-fixes-sweep-javascript-typescript/receipts/format-code-task-000045.json,sha256:9e79c1bf98ed96c6ab9b3ff655a57ed6217f234434b6899ff3d3aa5ac655965d
format-code-task-000046,oracle:pass+nop:fail,ee59381c8182c5047037730947b4257bc9407027,,"S1: test-file touch; source relevance [], before-blob continuity ['test/parse/grammar/interperter_spec.ts'], keyword score 2.5, distance 1.",/Users/petermakhnatch/Developer/eval-lab-results/2026-10-10/mimo-ref-fixes-sweep-javascript-typescript/receipts/format-code-task-000046.json,sha256:c403d0a01e36bbefbb9ad2cfe843711234b1bd0ea36acfcc5f85a1c86a7ff3cf
format-code-task-000047,oracle:pass+nop:fail,7749647d713bb21cab3f9fae68d4ee0cdc504cf4,,"S1: test-file touch; source relevance [], before-blob continuity ['test/imagebuilder.test.ts'], keyword score 3.45, distance 1.",/Users/petermakhnatch/Developer/eval-lab-results/2026-10-10/mimo-ref-fixes-sweep-javascript-typescript/receipts/format-code-task-000047.json,sha256:9c85916d110c1242c664d3e2664a7cf6ce6070c4e219bab7ae9bfe9250621e01
format-code-task-000054,oracle:fail,66913ce3afbc6dab97a2c6e981ca7987ac24b733,,"S2a: pickaxe identifier 'folderTree.data' converges on 66913ce3 'refactor: improve the export api of folderTree (#302)' (descendant, distance 2); own-diff applies on base.",/Users/petermakhnatch/Developer/eval-lab-results/2026-10-10/mimo-ref-fixes-sweep-javascript-typescript/receipts/format-code-task-000054.json,sha256:7dac6716a19995c903aa587d1db254d4324c883301184b1e7dcd2285cc0c63ad
format-code-task-000055,oracle:pass+nop:fail,7d4573ad5db57fdb52131bc5cbf897bdb2879a19,,"S1: test-file touch; source relevance [], before-blob continuity ['packages/core/test/sessionManagement.spec.ts', 'packages/rum/test/rum.spec.ts', 'packages/rum/test/specHelper.ts'], keyword score 2.723, distance 1.",/Users/petermakhnatch/Developer/eval-lab-results/2026-10-10/mimo-ref-fixes-sweep-javascript-typescript/receipts/format-code-task-000055.json,sha256:671810e4cdb56b4778bf1f3cba484f824e387a32f1ba6f2d14e5b15a47aad585
format-code-task-000063,oracle:pass+nop:fail,085cc59454acf4a4160921f04c22992c359ffdff,,"S1: test-file touch; source relevance [], before-blob continuity ['packages/dd-trace/test/plugins/util/redis.spec.js'], keyword score 3.6, distance 3.",/Users/petermakhnatch/Developer/eval-lab-results/2026-10-10/mimo-ref-fixes-sweep-javascript-typescript/receipts/format-code-task-000063.json,sha256:a209dcf3aea26b13e7a1cc29b912bbcefacfcdd2702bdc6568ac735fb07878f7
format-code-task-000065,oracle:pass+nop:fail,c65651d035ff64611e81a1f33d543ff9b6df2623,,"S1: test-file touch; source relevance [], before-blob continuity ['packages/dd-trace/test/opentracing/span.spec.js', 'packages/dd-trace/test/writer.spec.js'], keyword score 3.75, distance 2.",/Users/petermakhnatch/Developer/eval-lab-results/2026-10-10/mimo-ref-fixes-sweep-javascript-typescript/receipts/format-code-task-000065.json,sha256:47b18f74e0c8a4b6004357e88d193b9efbf8d50ec7c88e5e974dd6fbeb7c372f
format-code-task-000094,oracle:patch-conflict,0ad70167956d0392fd8d9d8af07a8c9bc7664790,,"S1: test-file touch; source relevance [], before-blob continuity ['package/src/components/MessageList/__tests__/ScrollToBottomButton.test.js'], keyword score 0.5, distance 1271.",/Users/petermakhnatch/Developer/eval-lab-results/2026-10-10/mimo-ref-fixes-sweep-javascript-typescript/receipts/format-code-task-000094.json,sha256:51f72ecba0d720515b0490d912b938c9de642043bb348586ea62b689c430a5c7
format-code-task-000095,oracle:pass+nop:fail,3b816c030cf0fc8a9d6bbd32f97d993da642b4c3,,"S1: test-file touch; source relevance [], before-blob continuity ['test/test.js'], keyword score 4.333, distance 1.",/Users/petermakhnatch/Developer/eval-lab-results/2026-10-10/mimo-ref-fixes-sweep-javascript-typescript/receipts/format-code-task-000095.json,sha256:415c1444dee40538a0c613fdbeaee7607456f32455f1c3f1ab48caa919845667
format-code-task-000096,oracle:pass+nop:fail,2fe88478d838dfa593fe69a2c66c50d6c9c3db39,,"S1: test-file touch; source relevance [], before-blob continuity ['core/test/lib/network-recorder-test.js', 'core/test/network-records-to-devtools-log.js'], keyword score 5.75, distance 2.",/Users/petermakhnatch/Developer/eval-lab-results/2026-10-10/mimo-ref-fixes-sweep-javascript-typescript/receipts/format-code-task-000096.json,sha256:1b4b4153b16642322be349a3f7891385d3d33e375e08a2a2f807742c7139cdb8
format-code-task-000097,oracle:pass+nop:fail,0ac67830c865457725da26b9625c71cf37ac1d19,,"S1: test-file touch; source relevance [], before-blob continuity ['lighthouse-core/test/audits/display.js'], keyword score 2.5, distance 1.",/Users/petermakhnatch/Developer/eval-lab-results/2026-10-10/mimo-ref-fixes-sweep-javascript-typescript/receipts/format-code-task-000097.json,sha256:e8f5704f772b03c85f41365f56841d705679576e16afd7598600e8737700b1be
format-code-task-000112,oracle:pass+nop:fail,227c2fffaf8de95c8b24e9d97ed979a7495f99b7,,"S1: test-file touch; source relevance [], before-blob continuity ['test/spec/convertToHTML.js'], keyword score 3.0, distance 1.",/Users/petermakhnatch/Developer/eval-lab-results/2026-10-10/mimo-ref-fixes-sweep-javascript-typescript/receipts/format-code-task-000112.json,sha256:9eb4c6b78c7cf21df6fae1de55ebe7eee1bea4bb7e2c1c019d1dd744d2881089
format-code-task-000128,oracle:fail,8d1787a6656518818621a71362c6dc8f62c8003c,65255f1b0b7c8222fb5b666e2a7458da79645e8d,"S2b: 13 introducing commit(s) across divergent history; base..65255f1b diff on feature files ['package.json', 'pnpm-lock.yaml', 'src/base.ts', 'src/blocks/blockRepositoryBranchRuleset.ts', 'src/blocks/options.fakes.ts']. CAVEAT: carries all base..tip evolution of those files, possibly including unrelated refactors.",/Users/petermakhnatch/Developer/eval-lab-results/2026-10-10/mimo-ref-fixes-sweep-javascript-typescript/receipts/format-code-task-000128.json,sha256:eeb3a22136eb03bb4ac64bf4a5cb90725d9258699bc2940f06f489f586d6f4b3
format-code-task-000133,oracle:pass+nop:fail,bb0ed87ca7ad568642afe2d7c36fa3034726e657,,"S1: test-file touch; source relevance [], before-blob continuity ['app/common/__tests__/network.test.js'], keyword score 0, distance 4.",/Users/petermakhnatch/Developer/eval-lab-results/2026-10-10/mimo-ref-fixes-sweep-javascript-typescript/receipts/format-code-task-000133.json,sha256:0b4203f8c265d99191609dca95165679050ca823e5a1ebc1752709b6dbae83b8
format-code-task-000170,oracle:pass+nop:fail,3ee9b7443fbe8479f623ce5f7727a5431e12c7a5,,"S1: test-file touch; source relevance [], before-blob continuity ['packages/scheduler/lib/models/tasks.integration.test.ts'], keyword score 3.813, distance 1.",/Users/petermakhnatch/Developer/eval-lab-results/2026-10-10/mimo-ref-fixes-sweep-javascript-typescript/receipts/format-code-task-000170.json,sha256:e53834491bffb45b86bbe06925f8c9a1f6b91577bcc0ebdae42f6a9e654f7762
format-code-task-000176,oracle:patch-conflict,a4e4e28dacf4bfe605dc3e910b5a89c4fa855f68,,"S1: test-file touch; source relevance [], before-blob continuity [], keyword score 4.0, distance None.",/Users/petermakhnatch/Developer/eval-lab-results/2026-10-10/mimo-ref-fixes-sweep-javascript-typescript/receipts/format-code-task-000176.json,sha256:7b9e87c9d7cf472dee83d1cfa2cd3f85971a3585108fbb3f0303c9f11abee158
format-code-task-000188,oracle:none,,,,/Users/petermakhnatch/Developer/eval-lab-results/2026-10-10/mimo-ref-fixes-sweep-javascript-typescript/receipts/format-code-task-000188.json,sha256:59873aeea57f1ce4788009d900c87496a2d71d4f366d5fa4dce938ac0b60f5eb
format-code-task-000194,oracle:fail,4434a85af961e3561526a1d7d4f5fe9ef59c2a47,,"S2a: pickaxe identifier 'FOLLOW,SHARE' converges on 4434a85a 'Update Telegram attestation and Social Rewards UX (#3667)' (descendant, distance 177); own-diff applies on base.",/Users/petermakhnatch/Developer/eval-lab-results/2026-10-10/mimo-ref-fixes-sweep-javascript-typescript/receipts/format-code-task-000194.json,sha256:d1f7964e3827f9dcb9ea3548d237a3310992661e2416de72d4bbf35bae18ee91
format-code-task-000197,oracle:none,,,,/Users/petermakhnatch/Developer/eval-lab-results/2026-10-10/mimo-ref-fixes-sweep-javascript-typescript/receipts/format-code-task-000197.json,sha256:35d3f772c80c0f49723177a4a037fe219dbb19018ba98edcb73f35497b919c0f
format-code-task-000205,oracle:fail,8477fd94836258f3c73aeef6f8fb2d15fd8d9ab3,356798a87b70e32ac88f39da2d08f56288dbc6a5,"S2b: 12 introducing commit(s) across divergent history; base..356798a8 diff on feature files ['API.md', 'lib/plugin-hmr.js']. CAVEAT: carries all base..tip evolution of those files, possibly including unrelated refactors.",/Users/petermakhnatch/Developer/eval-lab-results/2026-10-10/mimo-ref-fixes-sweep-javascript-typescript/receipts/format-code-task-000205.json,sha256:20215cb9874f9bc2d19eed15ac5877ac1aa8f0dc09e29b89bfb25f8dde899f48
format-code-task-000217,oracle:none,,,,/Users/petermakhnatch/Developer/eval-lab-results/2026-10-10/mimo-ref-fixes-sweep-javascript-typescript/receipts/format-code-task-000217.json,sha256:701dcf9ee8ea298b6ba7fe689d0dd4f2714c040a593cd723317b3b1550bbab85
format-code-task-000240,oracle:patch-conflict,800493d5fe4bb641729def138db89b4aa73ce9a9,,"S1: test-file touch; source relevance [], before-blob continuity ['test/lib.tcp.js'], keyword score 1.75, distance 12.",/Users/petermakhnatch/Developer/eval-lab-results/2026-10-10/mimo-ref-fixes-sweep-javascript-typescript/receipts/format-code-task-000240.json,sha256:828bddfb30d203b9107611294f0de0f64e9e41f88ea1d89f640c9de341f54022
format-code-task-000245,oracle:pass+nop:fail,cb1dbbbd3cd859ca4ac29d310b21b161b1bad485,,"S1: test-file touch; source relevance [], before-blob continuity ['polaris-react/src/components/IndexFilters/tests/IndexFilters.test.tsx'], keyword score 5.655, distance 10.",/Users/petermakhnatch/Developer/eval-lab-results/2026-10-10/mimo-ref-fixes-sweep-javascript-typescript/receipts/format-code-task-000245.json,sha256:90a9f75e1bf1e48bdd266fcdb5e20377ee99d53bc3e0731889fc617657f3c842
format-code-task-000259,oracle:pass+nop:fail,bea1a6b14f26b52b8432f2209129a69f4c23c6e1,,"S1: test-file touch; source relevance [], before-blob continuity ['editions/test/tiddlers/tests/test-linked-list.js'], keyword score 2.75, distance 3.",/Users/petermakhnatch/Developer/eval-lab-results/2026-10-10/mimo-ref-fixes-sweep-javascript-typescript/receipts/format-code-task-000259.json,sha256:8c8a3e07da28836252eed924adf26aa47945a571b1d7008b2d718edbd26f4f4f
format-code-task-000269,oracle:none,,,,/Users/petermakhnatch/Developer/eval-lab-results/2026-10-10/mimo-ref-fixes-sweep-javascript-typescript/receipts/format-code-task-000269.json,sha256:f771acf60fbf8f6ae98180d532ef5b455eb397110dfe297e96df8074f3fb8592
format-code-task-000271,oracle:pass+nop:fail,8164fb65130bc7acf005a94b5147546161bcba46,,"S1: test-file touch; source relevance [], before-blob continuity ['packages/ts-interface-generator/src/test/generateMethods.test.ts'], keyword score 4.5, distance 2.",/Users/petermakhnatch/Developer/eval-lab-results/2026-10-10/mimo-ref-fixes-sweep-javascript-typescript/receipts/format-code-task-000271.json,sha256:9bce5fbfd1eb48dcbabe207e0a1fb4aa1aec90c4d62e6e7d9fafd02a49362746
format-code-task-000284,oracle:pass+nop:fail,3803bd426bd1f8ce30d5f0f935aa9bd4ff69a3d5,,"S2a: pickaxe identifier 'MyAlias' converges on 3803bd42 'Fix issue where we don’t use short defintions for aliased types.' (descendant, distance 2); own-diff applies on base.",/Users/petermakhnatch/Developer/eval-lab-results/2026-10-10/mimo-ref-fixes-sweep-javascript-typescript/receipts/format-code-task-000284.json,sha256:3c3c3e5a3704c1d26e1df63f438d1e8134d19387d881d77abf6fc36ae11e6d7b
format-code-task-000290,oracle:fail,0ad83a5bb10f28d9eedc866ca4b13d7b732785b0,418e18f14434c7e49d28dc0809da9f0b1512647a,"S2b: 19 introducing commit(s) across divergent history; base..418e18f1 diff on feature files ['.bumpedrc', 'lib/Acho.coffee', 'lib/Default.coffee', 'package.json']. CAVEAT: carries all base..tip evolution of those files, possibly including unrelated refactors.",/Users/petermakhnatch/Developer/eval-lab-results/2026-10-10/mimo-ref-fixes-sweep-javascript-typescript/receipts/format-code-task-000290.json,sha256:0dbef0bbb8e1b3fe61d1582f02d6a861f8e23fb4919390ded4f280f5d50fe08a
format-code-task-000293,oracle:fail,5f3662b3f29c5ec56eea5fbe395b0a60133b251f,55292314c366f901f3518c87c001d877e2244044,"S2b: 27 introducing commit(s) across divergent history; base..55292314 diff on feature files ['.changeset/young-walls-jam.md', '.eslintignore', '.eslintrc', '.gitignore', '.npmignore', '.prettierignore', 'examples/atomizer.config.js', 'package.json', 'packages/atomizer/bin/atomizer', 'packages/atomizer/index.d.ts', 'packages/atomizer/package.json', 'packages/atomizer/src/atomizer.js', 'packages/atomizer/src/build.js', 'packages/grunt-atomizer/Gruntfile.js', 'packages/grunt-atomizer/tasks/atomizer.js', 'packages/postcss-atomizer/example/atomizer.config.js', 'packages/postcss-atomizer/example/index.html', 'packages/postcss-atomizer/example/main.css', 'packages/postcss-atomizer/example/package.json', 'packages/postcss-atomizer/example/postcss.config.js', 'packages/postcss-atomizer/package.json', 'packages/postcss-atomizer/src/index.js', 'src/lib/grammar.js']. CAVEAT: carries all base..tip evolution of those files, possibly including unrelated refactors.",/Users/petermakhnatch/Developer/eval-lab-results/2026-10-10/mimo-ref-fixes-sweep-javascript-typescript/receipts/format-code-task-000293.json,sha256:efc676d65c952538436ace2e91c209cb7b08c4dfbae0e4aca4051e348f09a606
format-code-task-000298,oracle:fail,381220b49edcd4aaa8e47dbf9b0dec40db0d4ab5,7de892ffb438af6e63b9c4f6aff0c9bc3932f09f,"S2b: 24 introducing commit(s) across divergent history; base..7de892ff diff on feature files ['Gruntfile.js', 'numeral.js']. CAVEAT: carries all base..tip evolution of those files, possibly including unrelated refactors.",/Users/petermakhnatch/Developer/eval-lab-results/2026-10-10/mimo-ref-fixes-sweep-javascript-typescript/receipts/format-code-task-000298.json,sha256:ec02b203f60c1672a2e00b1ab349eb5a3e7fccd925d3533503e2c3c3bc426b0d
format-code-task-000305,oracle:none,,,,/Users/petermakhnatch/Developer/eval-lab-results/2026-10-10/mimo-ref-fixes-sweep-javascript-typescript/receipts/format-code-task-000305.json,sha256:fa8826e1db89d50a4bd0c25dd2e689c77949a10d3ce2d98a056cbf4f33d06748
format-code-task-000319,oracle:pass+nop:fail,d02ed9416338d72a6af3d421344fed4a8625bee9,,"S1: test-file touch; source relevance [], before-blob continuity ['test/plugin.test.js'], keyword score 1.333, distance 1.",/Users/petermakhnatch/Developer/eval-lab-results/2026-10-10/mimo-ref-fixes-sweep-javascript-typescript/receipts/format-code-task-000319.json,sha256:36f542cb381cf42bf8922b7782cb7e97771a7d2cafb871fef68bde35a8cabf0f
format-code-task-000367,oracle:pass+nop:fail,1bb3702c5b1a4b0e143f1e1760a832b381de1226,dcdda6067f9981b73d6cad7e2552af43eb8e4b2e,"S2b: 7 introducing commit(s) across divergent history; base..dcdda606 diff on feature files ['.github/.github/workflows/test.yml', 'LICENSE', 'package-lock.json', 'package.json', 'src/app.controller.ts', 'src/app.module.ts', 'src/app.service.ts', 'src/index.ts', 'src/main.ts', 'src/unleash/constant/unleash.constant.ts', 'src/unleash/decorators/unleash.decorator.ts', 'src/unleash/error-handler/exceptions/base.exception.ts', 'src/unleash/error-handler/exceptions/code/unleash.code.ts', 'src/unleash/error-handler/exceptions/provider/atg.exceptions.ts', 'src/unleash/guards/unleash.guard.ts', 'src/unleash/interface/unleash-client-constructor.interface.ts', 'src/unleash/interface/unleash-client.interface.ts', 'src/unleash/provider/unleash-client.provider.ts', 'src/unleash/unleash-client.module.ts']. CAVEAT: carries all base..tip evolution of those files, possibly including unrelated refactors.",/Users/petermakhnatch/Developer/eval-lab-results/2026-10-10/mimo-ref-fixes-sweep-javascript-typescript/receipts/format-code-task-000367.json,sha256:634c217026e17fb274626a914d2234e6f0c0bae1e949d19d66a423fa505c15f4
format-code-task-000368,oracle:pass+nop:fail,1bb3702c5b1a4b0e143f1e1760a832b381de1226,dcdda6067f9981b73d6cad7e2552af43eb8e4b2e,"S2b: 4 introducing commit(s) across divergent history; base..dcdda606 diff on feature files ['.github/.github/workflows/test.yml', 'LICENSE', 'package-lock.json', 'package.json', 'src/app.controller.ts', 'src/app.module.ts', 'src/app.service.ts', 'src/index.ts', 'src/main.ts', 'src/unleash/constant/unleash.constant.ts', 'src/unleash/decorators/unleash.decorator.ts', 'src/unleash/error-handler/exceptions/base.exception.ts', 'src/unleash/error-handler/exceptions/code/unleash.code.ts', 'src/unleash/error-handler/exceptions/provider/atg.exceptions.ts', 'src/unleash/guards/unleash.guard.ts', 'src/unleash/interface/unleash-client-constructor.interface.ts', 'src/unleash/interface/unleash-client.interface.ts', 'src/unleash/provider/unleash-client.provider.ts', 'src/unleash/unleash-client.module.ts']. CAVEAT: carries all base..tip evolution of those files, possibly including unrelated refactors.",/Users/petermakhnatch/Developer/eval-lab-results/2026-10-10/mimo-ref-fixes-sweep-javascript-typescript/receipts/format-code-task-000368.json,sha256:f223ca928fd09fa0feb9fcbedf51c50ba78390891ac2305ddb98be8e70ad5ce4
format-code-task-000373,oracle:fail,7e9e9929f5534c9285aad782aa7ded2b2f839f47,5ae3ae6a615e725d32eaf95a26a8d00c35413c71,"S2b: 8 introducing commit(s) across divergent history; base..5ae3ae6a diff on feature files ['src/amplitude-snippet.js', 'src/identify.js']. CAVEAT: carries all base..tip evolution of those files, possibly including unrelated refactors.",/Users/petermakhnatch/Developer/eval-lab-results/2026-10-10/mimo-ref-fixes-sweep-javascript-typescript/receipts/format-code-task-000373.json,sha256:a21d0cc8672c0cb9fc4dc565062bebf326f06bbe51c07dee54d3700e2c5a2572
format-code-task-000396,oracle:fail,539beba6ede77f05540282f1eb1ce7cc854acdff,,"S1: test-file touch; source relevance [], before-blob continuity ['components/date-picker/__tests__/DatePicker.test.tsx'], keyword score 5.833, distance 1.",/Users/petermakhnatch/Developer/eval-lab-results/2026-10-10/mimo-ref-fixes-sweep-javascript-typescript/receipts/format-code-task-000396.json,sha256:a8d4fc25f5401dcfd789f2e1866127515c7b551453e14b4f4aab56676eb7b06b
format-code-task-000401,oracle:none,,,,/Users/petermakhnatch/Developer/eval-lab-results/2026-10-10/mimo-ref-fixes-sweep-javascript-typescript/receipts/format-code-task-000401.json,sha256:09fcb4fb8c8739c1f9c6e80e51ae1472e89cb9f498ae12498958095e902ba15c
format-code-task-000422,oracle:fail,3fc737518f73aabcf2b9f3a0ff83952c8f7e64be,,"S1: test-file touch; source relevance [], before-blob continuity ['tests/spec/unit/Plugman/pluginHandler.spec.js'], keyword score 8.333, distance 1.",/Users/petermakhnatch/Developer/eval-lab-results/2026-10-10/mimo-ref-fixes-sweep-javascript-typescript/receipts/format-code-task-000422.json,sha256:b4a4be93ec65e38ee49d1870d346b14e6e760dcc3f2183b81280d4eb3c164a94
format-code-task-000426,oracle:none,,,,/Users/petermakhnatch/Developer/eval-lab-results/2026-10-10/mimo-ref-fixes-sweep-javascript-typescript/receipts/format-code-task-000426.json,sha256:bc0c10b8660e9c4456350d759e9ef2f783690b6525403efc3dd976dafdad0d63
format-code-task-000434,oracle:none,,,,/Users/petermakhnatch/Developer/eval-lab-results/2026-10-10/mimo-ref-fixes-sweep-javascript-typescript/receipts/format-code-task-000434.json,sha256:3fd1934ac72699f814699dc236ec630c1c0e1c8837a63c727f0c905b19afd38d
format-code-task-000435,oracle:pass+nop:fail,fb2c5cdaa47e2d3a91ade726cfba3091917a0137,,"S1: test-file touch; source relevance [], before-blob continuity ['test/core/sitemap_request_list.test.ts'], keyword score 11.0, distance 1.",/Users/petermakhnatch/Developer/eval-lab-results/2026-10-10/mimo-ref-fixes-sweep-javascript-typescript/receipts/format-code-task-000435.json,sha256:dff129511279d8a9c54c5f9870a3752bf56c27c36e9b1ea4bd7d8027aab42db8
format-code-task-000457,oracle:none,,,,/Users/petermakhnatch/Developer/eval-lab-results/2026-10-10/mimo-ref-fixes-sweep-javascript-typescript/receipts/format-code-task-000457.json,sha256:fdf1ef816f86a8da2c761ec3527f8d2334f0f551a42572474f551d1baabad14f
format-code-task-000460,oracle:pass+nop:fail,b2715e3bfcb3e0d9bc705826db291403e0af671b,,"S1: test-file touch; source relevance [], before-blob continuity ['src/v2/Apps/Artist/Routes/Works/__tests__/Works.jest.tsx'], keyword score 7.0, distance 1.",/Users/petermakhnatch/Developer/eval-lab-results/2026-10-10/mimo-ref-fixes-sweep-javascript-typescript/receipts/format-code-task-000460.json,sha256:835586185cd479dce77916c39c0c1982e7a23f7d60baceb41e9c99026ec1cc23
format-code-task-000461,oracle:fail,7626bea48830508fd5166d1d111a8e58e9d70410,a41d13f49af5108b9ec4b0c13847dfab7b8b3912,"S2b: 3 introducing commit(s) across divergent history; base..a41d13f4 diff on feature files ['lib/cursor.js', 'lib/observer.js', 'lib/query.js']. CAVEAT: carries all base..tip evolution of those files, possibly including unrelated refactors.",/Users/petermakhnatch/Developer/eval-lab-results/2026-10-10/mimo-ref-fixes-sweep-javascript-typescript/receipts/format-code-task-000461.json,sha256:363c889d170ebf96d06ea74c3fc305cdd2a903f1b665dfeede7af29e09ba9389
format-code-task-000477,oracle:pass+nop:fail,74ffa44316e8b8ad5a89b81ae775ead46a566476,,"S1: test-file touch; source relevance [], before-blob continuity ['test/context/directory/context.test.js', 'test/context/yaml/context.test.js', 'test/tools/auth0/handlers/resourceServers.tests.js', 'test/tools/auth0/validator.tests.js', 'test/utils.js'], keyword score 6.01, distance 1.",/Users/petermakhnatch/Developer/eval-lab-results/2026-10-10/mimo-ref-fixes-sweep-javascript-typescript/receipts/format-code-task-000477.json,sha256:42d44096903f6f96c9210d846287a30a295247029602ddadee92531e957871b9
format-code-task-000479,oracle:none,,,,/Users/petermakhnatch/Developer/eval-lab-results/2026-10-10/mimo-ref-fixes-sweep-javascript-typescript/receipts/format-code-task-000479.json,sha256:0b3d5477e8d52b35ba2712ccae7e606601e76e91c420dbb3d2097c065e58cb24
format-code-task-000481,oracle:none,,,,/Users/petermakhnatch/Developer/eval-lab-results/2026-10-10/mimo-ref-fixes-sweep-javascript-typescript/receipts/format-code-task-000481.json,sha256:06ff473ab8980bf905fbd9b57a3abb7111782c4857e6ec0b4699f80a8015a0cf
format-code-task-000490,oracle:pass+nop:fail,d7c612047a8ce039c82fae030bb49ddad18ea8e3,,"S1: test-file touch; source relevance [], before-blob continuity ['test-tap/assert.js'], keyword score 3.75, distance 2.",/Users/petermakhnatch/Developer/eval-lab-results/2026-10-10/mimo-ref-fixes-sweep-javascript-typescript/receipts/format-code-task-000490.json,sha256:9c15d2549cc801d69c5f1780bced8b98348fc2da54ea82e647deb51aa79dfa17
format-code-task-000510,oracle:pass+nop:fail,a6ed88cdb2431fe4fb0757b0403910fedeea2f52,,"S1: test-file touch; source relevance [], before-blob continuity ['test/EmbeddableDashboardTests.js'], keyword score 2.5, distance 1.",/Users/petermakhnatch/Developer/eval-lab-results/2026-10-10/mimo-ref-fixes-sweep-javascript-typescript/receipts/format-code-task-000510.json,sha256:f32cc304a71778895add0b079587e2689ccd86ff2eeaa55ff8f79a804292a5d8
format-code-task-000515,oracle:none,,,,/Users/petermakhnatch/Developer/eval-lab-results/2026-10-10/mimo-ref-fixes-sweep-javascript-typescript/receipts/format-code-task-000515.json,sha256:aeb3098eada8a2def7e8b3f394220b46209d735dc2c52f2dcb47cb239d46702b
format-code-task-000516,oracle:pass+nop:fail,7960d34eded2de66ffd30b4687f8da0e46c4903e,,"S2a: pickaxe identifier 'AxiosResponse' converges on 7960d34e 'feat(types): extend AxiosResponse interface to include custom headers type (#6782)' (descendant, distance 1); own-diff applies on base.",/Users/petermakhnatch/Developer/eval-lab-results/2026-10-10/mimo-ref-fixes-sweep-javascript-typescript/receipts/format-code-task-000516.json,sha256:a3791af9f5dac6cc9c4863136581b41fb8b20553267d0267907e7087d6f8aa6f
format-code-task-000524,oracle:pass+nop:fail,d143cac0d78b62a0ff66c6d41dfe78495c6a8506,,"S2a: pickaxe identifier 'build.status' converges on d143cac0 'improve [appveyor] error handling (#2085)' (descendant, distance 1); own-diff applies on base.",/Users/petermakhnatch/Developer/eval-lab-results/2026-10-10/mimo-ref-fixes-sweep-javascript-typescript/receipts/format-code-task-000524.json,sha256:47ab2e10c1dd44a4932a5511d598aa2031f363a9d253469454c3028a0a306f63
format-code-task-000528,oracle:pass+nop:fail,b8c59a1712b242ce214dd31b57469dbf17cee9a3,,"S1: test-file touch; source relevance [], before-blob continuity ['src/__tests__/polymorphic.repository.spec.ts'], keyword score 3.75, distance 1.",/Users/petermakhnatch/Developer/eval-lab-results/2026-10-10/mimo-ref-fixes-sweep-javascript-typescript/receipts/format-code-task-000528.json,sha256:a815d006dbfe651c9edbb3734f4dad6109930817255ec30df551658e95c855ac
format-code-task-000551,oracle:fail,bd07c13a69ed247f1022473b66c95472636f2910,b1452481ebf7ad36361671682a3a8f033acb7b2e,"S2b: 37 introducing commit(s) across divergent history; base..b1452481 diff on feature files ['packages/messaging/src/command/account/accountAdd.ts', 'packages/messaging/src/command/account/accountList.ts', 'packages/messaging/src/command/formatTable.ts', 'packages/messaging/src/command/report/reportList.ts', 'packages/messaging/src/command/report/reportRemove.ts', 'packages/messaging/src/command/strategy/strategyAdd.ts', 'packages/messaging/src/command/strategy/strategyList.ts', 'packages/messaging/src/command/watch/watchAdd.ts', 'packages/messaging/src/command/watch/watchList.ts', 'packages/messaging/src/platform/MessagingPlatform.ts', 'packages/messaging/src/platform/TelegramPlatform.ts', 'packages/messaging/src/platform/wizards/accountAddWizard.ts', 'packages/messaging/src/platform/wizards/shared.ts', 'packages/messaging/src/platform/wizards/strategyAddWizard.ts', 'packages/messaging/src/platform/wizards/watchAddWizard.ts', 'packages/messaging/src/startServer.ts', 'packages/trading-strategies/src/index.ts', 'packages/trading-strategies/src/strategy-noop/NoopStrategy.ts', 'packages/trading-strategies/src/strategy/StrategyRegistry.ts']. CAVEAT: carries all base..tip evolution of those files, possibly including unrelated refactors.",/Users/petermakhnatch/Developer/eval-lab-results/2026-10-10/mimo-ref-fixes-sweep-javascript-typescript/receipts/format-code-task-000551.json,sha256:f6d650a4a756138bef0e8aed8581b4e81545d79fe5e38d35f1ead87eabf20434
format-code-task-000576,oracle:fail,efc53ce3fe17393be692deb8e284dd84dada7e57,5f7a32aca7a2f3294551d3a10c8de59d6ff66302,"S2b: 20 introducing commit(s) across divergent history; base..5f7a32ac diff on feature files ['package.json', 'src/utils/yarn.js', 'yarn.lock']. CAVEAT: carries all base..tip evolution of those files, possibly including unrelated refactors.",/Users/petermakhnatch/Developer/eval-lab-results/2026-10-10/mimo-ref-fixes-sweep-javascript-typescript/receipts/format-code-task-000576.json,sha256:2b17a64c7c291496078c45966ba707464e80e4916422c3db578ac6a0b6d657e6
format-code-task-000583,oracle:pass+nop:fail,2951dc4dbe66ca07321f54d3af9871c6baa0ad8b,,"S1: test-file touch; source relevance [], before-blob continuity ['src/api/__tests__/Annotations.test.js', 'src/api/__tests__/Feed.test.js'], keyword score 3.148, distance 1.",/Users/petermakhnatch/Developer/eval-lab-results/2026-10-10/mimo-ref-fixes-sweep-javascript-typescript/receipts/format-code-task-000583.json,sha256:cb964755b9b52e1f6d4605bba64496d63fc06cae69730554ff3f096e5a519941
format-code-task-000584,oracle:patch-conflict,8f386f3b7c4ff4efbaa941321fd672694ce3c7a1,,"S1: test-file touch; source relevance [], before-blob continuity ['test/commands/metadata-cascade-policies.test.js'], keyword score 1.5, distance 7.",/Users/petermakhnatch/Developer/eval-lab-results/2026-10-10/mimo-ref-fixes-sweep-javascript-typescript/receipts/format-code-task-000584.json,sha256:2af7c97ddb4c69fb84a776114733372cb51c1fb4623660fc05cc1420b30c0bb0
format-code-task-000588,oracle:none,,,,/Users/petermakhnatch/Developer/eval-lab-results/2026-10-10/mimo-ref-fixes-sweep-javascript-typescript/receipts/format-code-task-000588.json,sha256:58e6b88a0f73944a116eb72e323d112e12f5a060ba2e898c77907145c4ff3a5e
format-code-task-000591,oracle:fail,19e70a57758085c895691e7b7b5ccff844ca55ff,,"S1: test-file touch; source relevance [], before-blob continuity ['test/lawnchair-spec.js'], keyword score 4.5, distance 5.",/Users/petermakhnatch/Developer/eval-lab-results/2026-10-10/mimo-ref-fixes-sweep-javascript-typescript/receipts/format-code-task-000591.json,sha256:77c660d2250f71b85b4d8915e903083c647c93a6082a3019f311e9784136fe2b
format-code-task-000595,oracle:pass+nop:fail,9b65ac536d5608a62b7dfe6b6a37fafe65d356e6,,"S1: test-file touch; source relevance [], before-blob continuity ['test/basic.spec.js'], keyword score 3.0, distance 1.",/Users/petermakhnatch/Developer/eval-lab-results/2026-10-10/mimo-ref-fixes-sweep-javascript-typescript/receipts/format-code-task-000595.json,sha256:b655798e09afcc3fc84265643f38e99a7c39e94c5ad216912f7187b7f1317142
format-code-task-000603,oracle:pass+nop:fail,4dba32814cee40f942ea5cf588d681630b923bfd,2353d44ddbea588ee30b9cbe11503d7f406de16b,"S2b: 26 introducing commit(s) across divergent history; base..2353d44d diff on feature files ['package.json', 'src/App.tsx', 'src/blockchains/blockscout/protocol.ts', 'src/blockchains/blockscout/token.ts', 'src/blockchains/blockscout/transaction.ts', 'src/blockchains/blockscout/transfer.ts', 'src/blockchains/blockscout/types.ts', 'src/blockchains/blockscout/wallet.ts', 'src/blockchains/index.ts', 'src/blockchains/scroll/additional.ts', 'src/blockchains/scroll/protocol.ts', 'src/blockchains/scroll/token.ts', 'src/blockchains/scroll/transaction.ts', 'src/blockchains/scroll/transfer.ts', 'src/blockchains/scroll/types.ts', 'src/blockchains/scroll/utils.ts', 'src/blockchains/scroll/wallet.ts', 'src/blockchains/types.ts', 'src/blockchains/zksync/additional.ts', 'src/blockchains/zksync/protocol.ts', 'src/blockchains/zksync/token.ts', 'src/blockchains/zksync/transaction.ts', 'src/blockchains/zksync/transfer.ts', 'src/blockchains/zksync/types.ts', 'src/blockchains/zksync/utils.ts', 'src/blockchains/zksync/wallet.ts', 'src/components/Header.tsx', 'src/layout/AddressLayout.tsx', 'src/pages/AboutPage.tsx', 'src/pages/AddressPage.tsx', 'src/pages/HomePage.tsx', 'src/services/explorer.ts', 'tailwind.config.ts', 'yarn.lock']. CAVEAT: carries all base..tip evolution of those files, possibly including unrelated refactors.",/Users/petermakhnatch/Developer/eval-lab-results/2026-10-10/mimo-ref-fixes-sweep-javascript-typescript/receipts/format-code-task-000603.json,sha256:b6146ba8e4fb81ad882fea2f2db98eaf2caae6190723f19a80a46cb4be702186
format-code-task-000611,oracle:pass+nop:fail,bcdeef18a069b46bc031468ec97ac42af70149c2,,"S1: test-file touch; source relevance [], before-blob continuity ['test/node-test.js', 'test/test.js'], keyword score 0, distance None.",/Users/petermakhnatch/Developer/eval-lab-results/2026-10-10/mimo-ref-fixes-sweep-javascript-typescript/receipts/format-code-task-000611.json,sha256:29247eac9738fe8c133ec7314a3214ab5db018bcfd67ec956003664bef836bfd
format-code-task-000616,oracle:none,,,,/Users/petermakhnatch/Developer/eval-lab-results/2026-10-10/mimo-ref-fixes-sweep-javascript-typescript/receipts/format-code-task-000616.json,sha256:c35e9f893c8602ace5b2f59c8c74c1f6c0fd346f3628a08c0dbbe43a790971af
format-code-task-000627,oracle:pass+nop:fail,105b24f000c51a680949bee06ab17995f6283c33,,"S1: test-file touch; source relevance [], before-blob continuity ['tests/suites/casper/mouseevents.js'], keyword score 0, distance 4.",/Users/petermakhnatch/Developer/eval-lab-results/2026-10-10/mimo-ref-fixes-sweep-javascript-typescript/receipts/format-code-task-000627.json,sha256:9e7a6e9faae1b127681c5a7fe3d2e6d90fd78a3ae77916e77cb5fb1f597530ce
format-code-task-000628,oracle:pass+nop:fail,244970810a7812832bdb57d11c52ec22a3a5b397,94a58bd8daf0c2b5e3b398002e60d78219ec0c6b,"S2b: 15 introducing commit(s) across divergent history; base..94a58bd8 diff on feature files ['angular-css.js', 'angular-css.min.js']. CAVEAT: carries all base..tip evolution of those files, possibly including unrelated refactors.",/Users/petermakhnatch/Developer/eval-lab-results/2026-10-10/mimo-ref-fixes-sweep-javascript-typescript/receipts/format-code-task-000628.json,sha256:2381875b5c0b031b550fc02730af6cf8f5b7f9079aef9d0839680b7fae0de33e
format-code-task-000632,oracle:pass+nop:fail,619690dd8a7639579a7d72b474fe2e88dd73cacd,,"S1: test-file touch; source relevance [], before-blob continuity ['test/monitoring/custom/CustomMonitoring.test.ts'], keyword score 3.5, distance 1.",/Users/petermakhnatch/Developer/eval-lab-results/2026-10-10/mimo-ref-fixes-sweep-javascript-typescript/receipts/format-code-task-000632.json,sha256:ad71ccebb70e3f864c5a4349d38f30b0767b14846bcfdb666d59c7567310e2c4
format-code-task-000639,oracle:fail,c2764ae6c18a6ff3cefc9a9738ea53f4e7e5af07,,"S2a: pickaxe identifier 'samplingProbability,samplingRate' converges on c2764ae6 'feat: initial opencensus agent exporter implementation (#128)' (descendant, distance 60); own-diff applies on base.",/Users/petermakhnatch/Developer/eval-lab-results/2026-10-10/mimo-ref-fixes-sweep-javascript-typescript/receipts/format-code-task-000639.json,sha256:984c3363b98d387fd64060a0224252d786fcb21381bd3b518f300cc64322f2e2
format-code-task-000643,oracle:fail,8c8c70e68cdf2641787d6614cccbed67e3cc33a9,,"S2a: pickaxe identifier 'isParallel,parallelStart' converges on 8c8c70e6 'feat(function-tree): Use primitives to identify types of execution (#698)' (descendant, distance 5); own-diff applies on base.",/Users/petermakhnatch/Developer/eval-lab-results/2026-10-10/mimo-ref-fixes-sweep-javascript-typescript/receipts/format-code-task-000643.json,sha256:bbeed55297c803642ff44546401fe5e843eb265aff5d7c0069fce61d6d252322
format-code-task-000646,oracle:none,,,,/Users/petermakhnatch/Developer/eval-lab-results/2026-10-10/mimo-ref-fixes-sweep-javascript-typescript/receipts/format-code-task-000646.json,sha256:db31f8933acfadb36933731e09a0f29ee0789957ed1b050394a36c7fe8a1c2d9
format-code-task-000656,oracle:pass+nop:fail,48f50376061b20e03dbba621179b7e77acf6611e,83a762374e2344f2fb8cceca4a2ac5dfeca386f5,"S2b: 18 introducing commit(s) across divergent history; base..83a76237 diff on feature files ['.circleci/config.yml', '.codecov.yml', '.eslintrc', '.eslintrc-jest', '.prettierrc.json', 'Gruntfile.js', 'babel-jest-processor.js', 'babel.config.js', 'demo/test.js', 'jest-setup.js', 'package.json', 'rollup.config.js', 'src/HanziWriter.js', 'src/HanziWriter.ts', 'src/LoadingManager.js', 'src/LoadingManager.ts', 'src/Mutation.js', 'src/Mutation.ts', 'src/Positioner.js', 'src/Positioner.ts', 'src/Quiz.js', 'src/Quiz.ts', 'src/RenderState.js', 'src/RenderState.ts', 'src/characterActions.js', 'src/characterActions.ts', 'src/defaultCharDataLoader.js', 'src/defaultCharDataLoader.ts', 'src/defaultOptions.ts', 'src/geometry.js', 'src/geometry.ts', 'src/models/Character.js', 'src/models/Character.ts', 'src/models/Stroke.js', 'src/models/Stroke.ts', 'src/models/UserStroke.js', 'src/models/UserStroke.ts', 'src/parseCharData.js', 'src/parseCharData.ts', 'src/quizActions.js', 'src/quizActions.ts', 'src/renderers/HanziWriterRendererBase.ts', 'src/renderers/RenderTargetBase.js', 'src/renderers/RenderTargetBase.ts', 'src/renderers/StrokeRendererBase.js', 'src/renderers/StrokeRendererBase.ts', 'src/renderers/canvas/CharacterRenderer.js', 'src/renderers/canvas/CharacterRenderer.ts', 'src/renderers/canvas/HanziWriterRenderer.js', 'src/renderers/canvas/HanziWriterRenderer.ts', 'src/renderers/canvas/RenderTarget.js', 'src/renderers/canvas/RenderTarget.ts', 'src/renderers/canvas/StrokeRenderer.js', 'src/renderers/canvas/StrokeRenderer.ts', 'src/renderers/canvas/canvasUtils.js', 'src/renderers/canvas/canvasUtils.ts', 'src/renderers/canvas/index.js', 'src/renderers/canvas/index.ts', 'src/renderers/canvas/renderUserStroke.js', 'src/renderers/canvas/renderUserStroke.ts', 'src/renderers/svg/CharacterRenderer.js', 'src/renderers/svg/CharacterRenderer.ts', 'src/renderers/svg/HanziWriterRenderer.js', 'src/renderers/svg/HanziWriterRenderer.ts', 'src/renderers/svg/RenderTarget.js', 'src/renderers/svg/RenderTarget.ts', 'src/renderers/svg/StrokeRenderer.js', 'src/renderers/svg/StrokeRenderer.ts', 'src/renderers/svg/UserStrokeRenderer.js', 'src/renderers/svg/UserStrokeRenderer.ts', 'src/renderers/svg/index.js', 'src/renderers/svg/index.ts', 'src/renderers/svg/svgUtils.js', 'src/renderers/svg/svgUtils.ts', 'src/strokeMatches.js', 'src/strokeMatches.ts', 'src/testUtils.js', 'src/testUtils.ts', 'src/typings/stubs.d.ts', 'src/typings/types.ts', 'src/utils.js', 'src/utils.ts', 'tsconfig.json', 'yarn.lock']. CAVEAT: carries all base..tip evolution of those files, possibly including unrelated refactors.",/Users/petermakhnatch/Developer/eval-lab-results/2026-10-10/mimo-ref-fixes-sweep-javascript-typescript/receipts/format-code-task-000656.json,sha256:0b31d386a368883db8b649dc92ef1df876930cd4927de900f01a9083ccdfd289
format-code-task-000663,oracle:pass+nop:fail,8438da9e8426f8b707b1b0dbb87d43ae32ffc7d1,,"S1: test-file touch; source relevance [], before-blob continuity ['test/specs/core.controller.tests.js'], keyword score 4.083, distance 1.",/Users/petermakhnatch/Developer/eval-lab-results/2026-10-10/mimo-ref-fixes-sweep-javascript-typescript/receipts/format-code-task-000663.json,sha256:27e03ef0200fed70c7b37a863d0648404b3d26f84da3a8b0d75bdc73e6c5101b
format-code-task-000677,oracle:none,,,,/Users/petermakhnatch/Developer/eval-lab-results/2026-10-10/mimo-ref-fixes-sweep-javascript-typescript/receipts/format-code-task-000677.json,sha256:8c19ceafc06b792b044f7820f9dc22801caf79221ea48b0326101da4e12828f9
format-code-task-000693,oracle:fail,4bd8a1ba37afb6a8305dfa4baa65882e14dfd93f,4f629ec9bd391c2340bce6c6bd52876658b38098,"S2b: 35 introducing commit(s) across divergent history; base..4f629ec9 diff on feature files ['src/Capabilities.js', 'src/scripting/CompilerTxt.js', 'src/scripting/CompilerXlsx.js', 'src/scripting/Constants.js', 'src/scripting/Convo.js', 'src/scripting/ScriptingProvider.js']. CAVEAT: carries all base..tip evolution of those files, possibly including unrelated refactors.",/Users/petermakhnatch/Developer/eval-lab-results/2026-10-10/mimo-ref-fixes-sweep-javascript-typescript/receipts/format-code-task-000693.json,sha256:4fbf81f3a1d4cba6cbb4e010329d2259f32a262b7bbf99100685be2ef53df311
format-code-task-000699,oracle:pass+nop:fail,c54e1099a28793368ef6302cdcc1f95201b49c69,,"S1: test-file touch; source relevance [], before-blob continuity ['deno/lib/__tests__/string.test.ts', 'src/__tests__/string.test.ts'], keyword score 2.773, distance 1.",/Users/petermakhnatch/Developer/eval-lab-results/2026-10-10/mimo-ref-fixes-sweep-javascript-typescript/receipts/format-code-task-000699.json,sha256:ed54fca7d345b880bcfddd0ef152471a93a8214fa6ccb86532d8c2bfbd2dbcbd
format-code-task-000707,oracle:fail,037d59ea8b00c551e77bdd1ca89e4fde572f35cb,f2742650f432fc255ed9b72cf6dc7ad958173c19,"S2b: 5 introducing commit(s) across divergent history; base..f2742650 diff on feature files ['.c8rc.json', 'ava.config.js', 'package.json', 'src/accessors/bytes.ts', 'src/accessors/element.ts', 'src/accessors/iterator-value.ts', 'src/accessors/map-entry.ts', 'src/accessors/property.ts', 'src/compare.ts', 'src/comparison.ts', 'src/context.d.ts', 'src/describe.ts', 'src/deserialize.ts', 'src/exports.ts', 'src/serialization-result.ts', 'src/serialization-types.ts', 'src/serialize.ts', 'src/stack.ts', 'src/value.d.ts', 'src/values/nodejs/external.ts', 'src/values/objects/arguments.ts', 'src/values/objects/array-buffer-view.ts', 'src/values/objects/array-buffer.ts', 'src/values/objects/array.ts', 'src/values/objects/boxed.ts', 'src/values/objects/date.ts', 'src/values/objects/error.ts', 'src/values/objects/function.ts', 'src/values/objects/map.ts', 'src/values/objects/module-namespace-object.ts', 'src/values/objects/object.ts', 'src/values/objects/promise.ts', 'src/values/objects/regexp.ts', 'src/values/objects/set.ts', 'src/values/objects/weak-map.ts', 'src/values/objects/weak-set.ts', 'src/values/primitives/bigint.ts', 'src/values/primitives/boolean.ts', 'src/values/primitives/null.ts', 'src/values/primitives/number.ts', 'src/values/primitives/string.ts', 'src/values/primitives/symbol.ts', 'src/values/primitives/undefined.ts', 'src/values/web/crypto-key.ts', 'tsconfig.json']. CAVEAT: carries all base..tip evolution of those files, possibly including unrelated refactors.",/Users/petermakhnatch/Developer/eval-lab-results/2026-10-10/mimo-ref-fixes-sweep-javascript-typescript/receipts/format-code-task-000707.json,sha256:0087ef1243f16bda0b80c8c8de1e21f8258a02de4ff60d6128a3f638dc5a6dbd
format-code-task-000733,oracle:pass+nop:fail,66ff974f799713f7745fab8a15b41f4ca4455f27,f2377885d433b4de566f412f3d1089303abbd114,"S2b: 26 introducing commit(s) across divergent history; base..f2377885 diff on feature files ['lib/BWT.js', 'lib/BWTC.js']. CAVEAT: carries all base..tip evolution of those files, possibly including unrelated refactors.",/Users/petermakhnatch/Developer/eval-lab-results/2026-10-10/mimo-ref-fixes-sweep-javascript-typescript/receipts/format-code-task-000733.json,sha256:2f196778d81088d1fe901b5c666e0f203de2d01b792141c8388b7989de8d7b5b
format-code-task-000739,oracle:fail,c93fce9542f2ad9e69cd18e3f9da39cd578153bb,dd09daa95f6aacf9332ce05908b08d95610da69e,"S2b: 7 introducing commit(s) across divergent history; base..dd09daa9 diff on feature files ['package-lock.json', 'package.json', 'src/renderer/lib/components/curl-completion-item-provider.ts', 'src/renderer/lib/components/http-resources.ts', 'src/renderer/services/send-curl-on-cloud.ts', 'src/renderer/services/services-on-ext.ts', 'src/shared/constants/constants-on-browser.ts', 'src/shared/http-resources.ts', 'src/shared/validate-curl.ts']. CAVEAT: carries all base..tip evolution of those files, possibly including unrelated refactors.",/Users/petermakhnatch/Developer/eval-lab-results/2026-10-10/mimo-ref-fixes-sweep-javascript-typescript/receipts/format-code-task-000739.json,sha256:23722a93baced51684a3894c095716768db379baf5aecb35cebd982589acd8af
format-code-task-000756,oracle:pass+nop:fail,d5bb2ce07c89877dacd8ae15bbaa0710dd2b5ebd,,"S1: test-file touch; source relevance [], before-blob continuity ['web/lib/src/lilac.spec.ts'], keyword score 6.1, distance 2.",/Users/petermakhnatch/Developer/eval-lab-results/2026-10-10/mimo-ref-fixes-sweep-javascript-typescript/receipts/format-code-task-000756.json,sha256:523287a55959dbde0b8dbbd953cf22ce61205b5ce08253939bd53dc5ca95db01
format-code-task-000772,oracle:none,,,,/Users/petermakhnatch/Developer/eval-lab-results/2026-10-10/mimo-ref-fixes-sweep-javascript-typescript/receipts/format-code-task-000772.json,sha256:878310f06db553da47a18b06eafbf826e93c4bda623f38041c0ef3b1a1f7546c
format-code-task-000776,oracle:pass+nop:fail,c791158dd5ea8ea03930f9881a86c71cb1770836,,"S1: test-file touch; source relevance [], before-blob continuity ['packages/netlify-cms-lib-widgets/src/__tests__/stringTemplate.spec.js'], keyword score 7.5, distance 6.",/Users/petermakhnatch/Developer/eval-lab-results/2026-10-10/mimo-ref-fixes-sweep-javascript-typescript/receipts/format-code-task-000776.json,sha256:005ddad7c0b5df0a3e2fd597ca18aefe6e8a6edebe72cb8d881fec2ffa3664a0
format-code-task-000794,oracle:pass+nop:fail,359c011a4ccbfd6943841d9978615dd150f30fed,6ab6439eb770b8c4e9aef6c259df86933960ebc9,"S2b: 28 introducing commit(s) across divergent history; base..6ab6439e diff on feature files ['lib/FakeBlockchain.ts', 'lib/VM.ts', 'lib/opcodes/calls.ts', 'lib/opcodes/environmental.ts', 'lib/opcodes/other.ts', 'lib/types.ts', 'package.json']. CAVEAT: carries all base..tip evolution of those files, possibly including unrelated refactors.",/Users/petermakhnatch/Developer/eval-lab-results/2026-10-10/mimo-ref-fixes-sweep-javascript-typescript/receipts/format-code-task-000794.json,sha256:96d3995934c9970f5db1e7ce0bdc17c76dee89790816030e0380372fafdacf28
format-code-task-000796,oracle:pass+nop:fail,8476fcdfacba8f9b8e7ecf743f8b3d59b15b9c99,,"S1: test-file touch; source relevance [], before-blob continuity ['test/api/api-test.js', 'test/api/deserialize-test.js', 'test/api/serialize-test.js'], keyword score 0, distance None.",/Users/petermakhnatch/Developer/eval-lab-results/2026-10-10/mimo-ref-fixes-sweep-javascript-typescript/receipts/format-code-task-000796.json,sha256:79d7546b4e69f7f31cbd741ca04a56db8ccdd179d39ab7ab7907870bd22f0766
format-code-task-000807,oracle:fail,6afadf70727af98447695580f08bb64968ec2e25,49ccee4bf094605236fd758010e4ab17d17cdc56,"S2b: 19 introducing commit(s) across divergent history; base..49ccee4b diff on feature files ['package.json', 'src/hook/api/QueryClientProvider.tsx', 'src/hook/react-query/useGithubAutomatedRepos.ts', 'src/hook/utils/_handleBanner.ts', 'src/react-query.ts']. CAVEAT: carries all base..tip evolution of those files, possibly including unrelated refactors.",/Users/petermakhnatch/Developer/eval-lab-results/2026-10-10/mimo-ref-fixes-sweep-javascript-typescript/receipts/format-code-task-000807.json,sha256:3e95367553cc0edaca0b7a12696b18b0a9e2c6145c930bb209138aefde0e587f
format-code-task-000828,oracle:pass+nop:fail,47a623ff537b4d7684236df37b431bbc3d904a71,2cd4d49b36ec9a29a63b27394ec29ade5646dc99,"S2b: 3 introducing commit(s) across divergent history; base..2cd4d49b diff on feature files ['package.json', 'src/utils.ts', 'yarn.lock']. CAVEAT: carries all base..tip evolution of those files, possibly including unrelated refactors.",/Users/petermakhnatch/Developer/eval-lab-results/2026-10-10/mimo-ref-fixes-sweep-javascript-typescript/receipts/format-code-task-000828.json,sha256:9cc00df479b3da932a0b183c4610f41f872a0fa9cacdea75462c08fb5d665eaf
format-code-task-000840,oracle:fail,e8b5727d7d65827cdc130afebc35f1003a30dc44,,"S1: test-file touch; source relevance [], before-blob continuity ['packages/ts-morph/src/tests/compiler/type/typeTests.ts'], keyword score 1.0, distance 1.",/Users/petermakhnatch/Developer/eval-lab-results/2026-10-10/mimo-ref-fixes-sweep-javascript-typescript/receipts/format-code-task-000840.json,sha256:5b8cb066f26b2a92625e2303fa6e8c1a577adcf02d11cf164c9131eeaef01969
format-code-task-000846,oracle:pass+nop:fail,54c8ca0ebb2505393f6c72af22bb73597d939f8a,,"S1: test-file touch; source relevance [], before-blob continuity ['test/controller.spec.js'], keyword score 2.0, distance 1.",/Users/petermakhnatch/Developer/eval-lab-results/2026-10-10/mimo-ref-fixes-sweep-javascript-typescript/receipts/format-code-task-000846.json,sha256:1f13b3188d29da3d736c5193d63c1a27d6028128a4dc69b4626cfab623eb4d76
format-code-task-000851,oracle:pass+nop:fail,5f886c3dd775cf6d14ed534bf43f78fd54f92818,,"S1: test-file touch; source relevance [], before-blob continuity ['tests/conform-react.spec.ts', 'tests/integrations/input-attributes.spec.ts'], keyword score 9.0, distance 1.",/Users/petermakhnatch/Developer/eval-lab-results/2026-10-10/mimo-ref-fixes-sweep-javascript-typescript/receipts/format-code-task-000851.json,sha256:a8e0b91198d541372293207a913c3e46b37725cda2f14033b424f4049d58de7c
format-code-task-000853,oracle:none,,,,/Users/petermakhnatch/Developer/eval-lab-results/2026-10-10/mimo-ref-fixes-sweep-javascript-typescript/receipts/format-code-task-000853.json,sha256:353a5afd8f6aa64545253683b5258d7791ce39094b8312fbf43270d0d2d4322d
format-code-task-000867,oracle:pass+nop:fail,1b9a2d05388bfc27eae75055a78221c981e4efd2,,"S1: test-file touch; source relevance [], before-blob continuity ['packages/react-search-ui/src/containers/__tests__/PagingInfo.test.js', 'packages/react-search-ui/src/containers/__tests__/ResultsPerPage.test.js', 'packages/react-search-ui/src/containers/__tests__/Sorting.test.js'], keyword score 2.0, distance 15.",/Users/petermakhnatch/Developer/eval-lab-results/2026-10-10/mimo-ref-fixes-sweep-javascript-typescript/receipts/format-code-task-000867.json,sha256:80554d5f59c84c0c25f1931c4a4172d64850660ed00feaead774cd5ba78a1a62
format-code-task-000868,oracle:fail,ba606cd7b7573c52f1e9cef9d58314a2948631b2,237748fb32f5a77dda24b938fce85ca5b37eacac,"S2b: 2 introducing commit(s) across divergent history; base..237748fb diff on feature files ['examples/test-data/pie.js', 'examples/test-data/ring.js', 'package.json', 'src/mixins.js', 'src/pie/pie.js']. CAVEAT: carries all base..tip evolution of those files, possibly including unrelated refactors.",/Users/petermakhnatch/Developer/eval-lab-results/2026-10-10/mimo-ref-fixes-sweep-javascript-typescript/receipts/format-code-task-000868.json,sha256:ad3a2342764b44e934c3716f4283664bd257b285c2cca12ea82fa462de9a9e6e
format-code-task-000872,oracle:pass+nop:fail,0929b87c5dff48af398d5c4b858a70eef0009e55,,"S2a: pickaxe identifier 'adapters,app/adapters/application.js' converges on 0929b87c 'throw if adapter tries to extend from itself' (descendant, distance 1); own-diff applies on base.",/Users/petermakhnatch/Developer/eval-lab-results/2026-10-10/mimo-ref-fixes-sweep-javascript-typescript/receipts/format-code-task-000872.json,sha256:40dd20e981b4cfc30c5aae628b98462179f760d0e71315de62e9af03b1ec232e
format-code-task-000873,oracle:fail,b9b42aa3044b98f6c8051e694a511576630a26f9,1b4381146331430a43e20a344f1f205a7caf23c1,"S2b: 2 introducing commit(s) across divergent history; base..1b438114 diff on feature files ['lib/commands/build.js', 'lib/commands/serve.js', 'lib/commands/test.js', 'lib/utilities/windows-admin.js', 'package.json']. CAVEAT: carries all base..tip evolution of those files, possibly including unrelated refactors.",/Users/petermakhnatch/Developer/eval-lab-results/2026-10-10/mimo-ref-fixes-sweep-javascript-typescript/receipts/format-code-task-000873.json,sha256:bcb07c542364ea9bc3d5b5f925e81f0bee5c30c5eb34f851136b03386b33180d
format-code-task-000874,oracle:pass+nop:fail,e63a59b81954b622fbb06c76dcf85ddddeaaff0f,,"S1: test-file touch; source relevance [], before-blob continuity ['tests/integration/models/blueprint-test.js'], keyword score 7.375, distance None.",/Users/petermakhnatch/Developer/eval-lab-results/2026-10-10/mimo-ref-fixes-sweep-javascript-typescript/receipts/format-code-task-000874.json,sha256:3f1c657ee2c0a7d8379e5d9c73fc14d175b304ba8b04fc2e11466e062ff916e5
format-code-task-000875,oracle:pass+nop:fail,b8e72b28add897e2620be8531275680321b78791,,"S1: test-file touch; source relevance [], before-blob continuity ['tests/lib/rules/no-get.js'], keyword score 0.273, distance 1.",/Users/petermakhnatch/Developer/eval-lab-results/2026-10-10/mimo-ref-fixes-sweep-javascript-typescript/receipts/format-code-task-000875.json,sha256:742ecac805055d0a44d848ba9e0e9fdc0521ed6c4e6ca9a63e7249d7d8368e15
format-code-task-000876,oracle:pass+nop:fail,ccb2f2bca865e7a7ff1a3cde69c7cbe44970c1d9,,"S1: test-file touch; source relevance [], before-blob continuity ['test/unit/rules/require-context-role-test.js'], keyword score 7.5, distance 10.",/Users/petermakhnatch/Developer/eval-lab-results/2026-10-10/mimo-ref-fixes-sweep-javascript-typescript/receipts/format-code-task-000876.json,sha256:f1c9d9ca3ee7409784759aecb920b82ab1962a87a62e8a99a3980ccb0fb5058a
format-code-task-000880,oracle:patch-conflict,6d1706dbc814b7ca7f6c4cd65a080cc7a9a5b741,,"S1: test-file touch; source relevance [], before-blob continuity ['packages/ses/test/tame-global-reg-exp-object.test.js'], keyword score 6.5, distance 2.",/Users/petermakhnatch/Developer/eval-lab-results/2026-10-10/mimo-ref-fixes-sweep-javascript-typescript/receipts/format-code-task-000880.json,sha256:9c9e1fbf88e94de08f1015e2516c30db576b0a2a8221b4ec3a97782d95f1ffad
format-code-task-000882,oracle:pass+nop:fail,6e5cf9cd20e56d5f3ee083732a0458bb0fdd60d0,010c6a9a44d69ecc77373582f35a81191fa9249b,"S2b: 1 introducing commit(s) across divergent history; base..010c6a9a diff on feature files ['envoy-curses/.babelrc', 'envoy-curses/.eslintrc.js', 'envoy-curses/.gitignore', 'envoy-curses/clusters-view.png', 'envoy-curses/package-lock.json', 'envoy-curses/package.json', 'envoy-curses/server-view.png', 'envoy-curses/src/clusters.js', 'envoy-curses/src/clusters_pane.js', 'envoy-curses/src/index.js', 'envoy-curses/src/menu.js', 'envoy-curses/src/server.js', 'envoy-curses/src/stats.js', 'envoy-curses/src/stats_pane.js', 'envoy-curses/src/theme.js', 'envoy-curses/stats-view.png', 'envoy-curses/yarn.lock']. CAVEAT: carries all base..tip evolution of those files, possibly including unrelated refactors.",/Users/petermakhnatch/Developer/eval-lab-results/2026-10-10/mimo-ref-fixes-sweep-javascript-typescript/receipts/format-code-task-000882.json,sha256:01cebe2126b4c259e822bb65919e99eac5544a66ce277e24330d8b0b864ca1ec
format-code-task-000888,oracle:patch-conflict,4dd33d7d19c9cd555b051065efee76f06096da13,,"S1: test-file touch; source relevance [], before-blob continuity ['tests/spec/s-global.js'], keyword score 1.0, distance 2.",/Users/petermakhnatch/Developer/eval-lab-results/2026-10-10/mimo-ref-fixes-sweep-javascript-typescript/receipts/format-code-task-000888.json,sha256:a26c23fabf8cd2eb9cac9d36918d260450db3eafb35f1f9f0fa38314113d97b2
format-code-task-000890,oracle:pass+nop:fail,9de64fd71fb21f23605b8f9c8ab6e89084029ef3,,"S1: test-file touch; source relevance [], before-blob continuity ['__tests__/catch-or-return.js'], keyword score 4.6, distance 1.",/Users/petermakhnatch/Developer/eval-lab-results/2026-10-10/mimo-ref-fixes-sweep-javascript-typescript/receipts/format-code-task-000890.json,sha256:710158a83a9ea1e7880c52650eac131ea80b770427c6757b238d3cf7ed67507e
format-code-task-000891,oracle:pass+nop:fail,a60d1cbd427159d913e57f5845cec111d3ab882e,,"S1: test-file touch; source relevance [], before-blob continuity ['__tests__/always-return.js'], keyword score 0.6, distance 4.",/Users/petermakhnatch/Developer/eval-lab-results/2026-10-10/mimo-ref-fixes-sweep-javascript-typescript/receipts/format-code-task-000891.json,sha256:fe129a897c9938100cb7f70d419f81dd715f0d834a76eb2de69f463e296a66f0
format-code-task-000892,oracle:fail,5e6e94e0fc030ca4987f0f8067e78a3ec93f65a9,,"S1: test-file touch; source relevance [], before-blob continuity ['tests/rules/no-html.test.js'], keyword score 10.0, distance 1.",/Users/petermakhnatch/Developer/eval-lab-results/2026-10-10/mimo-ref-fixes-sweep-javascript-typescript/receipts/format-code-task-000892.json,sha256:dcd125908e2cafa4540b53a8c9b42135cd34cbc7e058f207486bfac78a8d576a
format-code-task-000910,oracle:pass+nop:fail,461187dc51d0b1516fc51e2b935038a209c03295,,"S1: test-file touch; source relevance [], before-blob continuity ['src/combinators/applyTo.spec.js', 'src/combinators/reverseApply.spec.js'], keyword score 3.0, distance 3.",/Users/petermakhnatch/Developer/eval-lab-results/2026-10-10/mimo-ref-fixes-sweep-javascript-typescript/receipts/format-code-task-000910.json,sha256:4c9b3c13d8b70b64837530b0701f4b27ce5c0efc14c4d921b3970aafba00f685
format-code-task-000911,oracle:pass+nop:fail,f7641f3de3849d3a82a4f6d7c5cdb3691f70c049,,"S1: test-file touch; source relevance [], before-blob continuity ['src/Result/tryCatch.spec.js'], keyword score 1.5, distance 1.",/Users/petermakhnatch/Developer/eval-lab-results/2026-10-10/mimo-ref-fixes-sweep-javascript-typescript/receipts/format-code-task-000911.json,sha256:d43d623bffc09acfb5503da6ae1f253f44844a96269eb487faef933eb5badc39
format-code-task-000914,oracle:none,,,,/Users/petermakhnatch/Developer/eval-lab-results/2026-10-10/mimo-ref-fixes-sweep-javascript-typescript/receipts/format-code-task-000914.json,sha256:cc48331200c0a6b39fb21351f1f9d13729cfdda9ccc2ad2134924228a510fedd
format-code-task-000915,oracle:fail,d64f9898d2e83845bce432b57774a29015fbe8f1,,"S1: test-file touch; source relevance [], before-blob continuity ['src/spec/SceneSpec.ts'], keyword score 4.129, distance 1.",/Users/petermakhnatch/Developer/eval-lab-results/2026-10-10/mimo-ref-fixes-sweep-javascript-typescript/receipts/format-code-task-000915.json,sha256:afec0e1f3c08a38e20e04e94421ef487544753e4cf24c4633616a3aaf0d417b3
format-code-task-000917,oracle:patch-conflict,f42b8c429143ddb40fc77011169c39f5884d6150,,"S1: test-file touch; source relevance [], before-blob continuity ['library/src/actions/octal/octal.test.ts'], keyword score 1.179, distance 3.",/Users/petermakhnatch/Developer/eval-lab-results/2026-10-10/mimo-ref-fixes-sweep-javascript-typescript/receipts/format-code-task-000917.json,sha256:84e6caa8c1ff7feed9bd0edc4484628fe76a80ac000e106936089efd5c438c11
format-code-task-000919,oracle:pass+nop:fail,2b4c33ccd540d3766fafd32ce5ead506defc4b7f,,"S1: test-file touch; source relevance [], before-blob continuity ['packages/babel-plugin-idx/src/babel-plugin-idx.test.js'], keyword score 1.773, distance 1.",/Users/petermakhnatch/Developer/eval-lab-results/2026-10-10/mimo-ref-fixes-sweep-javascript-typescript/receipts/format-code-task-000919.json,sha256:ca43c19fef930d386d92289538eb4ee3dc85a1b6e766a6baef173f53864380f7
format-code-task-000922,oracle:none,,,,/Users/petermakhnatch/Developer/eval-lab-results/2026-10-10/mimo-ref-fixes-sweep-javascript-typescript/receipts/format-code-task-000922.json,sha256:6177ea34f370ded070f004d4330ebc79ed59110d4eef3329e11e3b2604938424
format-code-task-000928,oracle:pass+nop:fail,801e9e0a6afa2bd472652eb7aaee5581ef458342,,"S2a: pickaxe identifier 'bannedChars,bannedDigits' converges on 801e9e0a 'refactor(string): rename params (#1551)' (descendant, distance 1); own-diff applies on base.",/Users/petermakhnatch/Developer/eval-lab-results/2026-10-10/mimo-ref-fixes-sweep-javascript-typescript/receipts/format-code-task-000928.json,sha256:a5633aac7430e67754c3dd764da16adb300b015bc87b0cf2662d927856f0466c
format-code-task-000934,oracle:pass+nop:fail,d1dc83d73a120774fb15bfa10166e449ada442c9,,"S1: test-file touch; source relevance [], before-blob continuity ['test/schema-feature.test.js'], keyword score 3.375, distance 4.",/Users/petermakhnatch/Developer/eval-lab-results/2026-10-10/mimo-ref-fixes-sweep-javascript-typescript/receipts/format-code-task-000934.json,sha256:ec81214ddc4f41ab4f5d8539e6e14bb3164f054aef9c654313ebc340acf542ff
format-code-task-000935,oracle:none,,,,/Users/petermakhnatch/Developer/eval-lab-results/2026-10-10/mimo-ref-fixes-sweep-javascript-typescript/receipts/format-code-task-000935.json,sha256:2c6dddecb17cb8653791cfdf0296ff49171173c5bf1413b58a68acfd16357cf2
format-code-task-000936,oracle:pass+nop:fail,09ab76d3bae26306bab4d71817c9ccc7712149cb,,"S1: test-file touch; source relevance [], before-blob continuity ['test/generate-plugin.test.js'], keyword score 4.0, distance 1.",/Users/petermakhnatch/Developer/eval-lab-results/2026-10-10/mimo-ref-fixes-sweep-javascript-typescript/receipts/format-code-task-000936.json,sha256:713663eafb5efda9a4e9e176de0c7a8f86fccf6e3e3911d75048bd33a13f5aac
format-code-task-000937,oracle:pass+nop:fail,841614dc7b8625443b5bf2476e02b0556affcbaf,,"S1: test-file touch; source relevance [], before-blob continuity ['test/test.js'], keyword score 4.5, distance 1.",/Users/petermakhnatch/Developer/eval-lab-results/2026-10-10/mimo-ref-fixes-sweep-javascript-typescript/receipts/format-code-task-000937.json,sha256:66fe917534f5d60c9d33acb44633f2f40158301019e6e8a4ef623244b9999f3b
format-code-task-000943,oracle:pass+nop:fail,dfb7fe66e0ced953d5cf989f87abda9f95610c74,,"S1: test-file touch; source relevance [], before-blob continuity ['test/api.ts'], keyword score 4.5, distance 1.",/Users/petermakhnatch/Developer/eval-lab-results/2026-10-10/mimo-ref-fixes-sweep-javascript-typescript/receipts/format-code-task-000943.json,sha256:7a02de987bae21d45ab16659af41c6e91bcd7c8715ee017ae96bc6c0f071d6cf
format-code-task-000949,oracle:fail,a8b496fa993a0a4998cea99cabaa5cf08407db32,9c1d90d46295372670bcfb4e30239df16073270f,"S2b: 28 introducing commit(s) across divergent history; base..9c1d90d4 diff on feature files ['.codecov.yml', '.gitignore', '.npmignore', '.prettierrc', '.travis.yml', 'LICENSE', 'examples/transform/demo.js', 'jest.config.js', 'karma.conf.js', 'manual_tests/upload.js', 'manual_tests/upload_new.ts', 'package-lock.json', 'package.json', 'releases/filestack-js-3.0.0-relase.md', 'rollup.config.js', 'scripts/build.js', 'scripts/publish.js', 'src/FilestackError.ts', 'src/adapters/file_utils.browser.ts', 'src/adapters/is_mobile.browser.ts', 'src/adapters/security.browser.ts', 'src/config.ts', 'src/filestack_error.ts', 'src/index.ts', 'src/lib/api/cloud.spec.browser.ts', 'src/lib/api/cloud.ts', 'src/lib/api/file.ts', 'src/lib/api/preview.spec.browser.ts', 'src/lib/api/preview.ts', 'src/lib/api/request.ts', 'src/lib/api/security.spec.browser.ts', 'src/lib/api/security.spec.node.ts', 'src/lib/api/security.ts', 'src/lib/api/store.ts', 'src/lib/api/transform.ts', 'src/lib/api/upload/file.ts', 'src/lib/api/upload/file_tools.spec.browser.ts', 'src/lib/api/upload/file_tools.spec.node.ts', 'src/lib/api/upload/file_tools.ts', 'src/lib/api/upload/file_utils.ts', 'src/lib/api/upload/index.ts', 'src/lib/api/upload/intelligent.ts', 'src/lib/api/upload/is_mobile.ts', 'src/lib/api/upload/md5.ts', 'src/lib/api/upload/network.ts', 'src/lib/api/upload/types.ts', 'src/lib/api/upload/upload.ts', 'src/lib/api/upload/uploaders/abstract.ts', 'src/lib/api/upload/uploaders/s3.ts', 'src/lib/api/upload/utils.ts', 'src/lib/client.ts', 'src/lib/filelink.ts', 'src/lib/picker.ts', 'src/lib/utils/index.spec.browser.ts', 'src/lib/utils/index.ts', 'src/lib/utils/throat.ts', 'src/schema/definitions.schema.ts', 'src/schema/index.ts', 'src/schema/metadata.schema.ts', 'src/schema/picker.schema.spec.browser.ts', 'src/schema/picker.schema.ts', 'src/schema/preview.schema.ts', 'src/schema/retrieve.schema.ts', 'src/schema/security.schema.ts', 'src/schema/store.schema.ts', 'src/schema/transforms.schema.ts', 'src/schema/upload.schema.ts', 'src/schema/validator.ts', 'tsconfig.json', 'tsconfig.tslint.json', 'tslint.json', 'webpack.config.js']. CAVEAT: carries all base..tip evolution of those files, possibly including unrelated refactors.",/Users/petermakhnatch/Developer/eval-lab-results/2026-10-10/mimo-ref-fixes-sweep-javascript-typescript/receipts/format-code-task-000949.json,sha256:5aac10d11cc6b18ba0e5d92f3b00365804371e07da398c97943c2758833ef92b
format-code-task-000952,oracle:pass+nop:fail,fb3b0a78b94389599bdcd44d25e0bd0b8aad06d5,,"S1: test-file touch; source relevance [], before-blob continuity ['src/test/gcp/cloudfunctionsv2.spec.ts'], keyword score 2.75, distance 1.",/Users/petermakhnatch/Developer/eval-lab-results/2026-10-10/mimo-ref-fixes-sweep-javascript-typescript/receipts/format-code-task-000952.json,sha256:3a3f1c25bdd6ae6268b971ca5095e35d057093f67cce66d79111b64ac0f76377
format-code-task-000981,oracle:none,,,,/Users/petermakhnatch/Developer/eval-lab-results/2026-10-10/mimo-ref-fixes-sweep-javascript-typescript/receipts/format-code-task-000981.json,sha256:f441f25d43ac471f82ce32e257c3fa32f0347f4686ded75cedbc26ac98afe651
format-code-task-000991,oracle:none,,,,/Users/petermakhnatch/Developer/eval-lab-results/2026-10-10/mimo-ref-fixes-sweep-javascript-typescript/receipts/format-code-task-000991.json,sha256:5e564b0d48e82b20d08178f6d5f70d79813a3a946145a0baceb9cd088a5e30c4
format-code-task-001003,oracle:none,,,,/Users/petermakhnatch/Developer/eval-lab-results/2026-10-10/mimo-ref-fixes-sweep-javascript-typescript/receipts/format-code-task-001003.json,sha256:350c9c5f3edc2e395a225587706cd2147005b7865cdc1d99e4396d0416b2d632
format-code-task-001007,oracle:fail,5da9e144c83c3504b459d046d187e3bf1a14ebd3,189cd06618f0101e8d08ccaf04d5e786f5a4e069,"S2b: 25 introducing commit(s) across divergent history; base..189cd066 diff on feature files ['benchmark/package-lock.json', 'packages/sqorn-dialect-postgres/package.json', 'packages/sqorn-dialect-postgres/src/escape.js', 'packages/sqorn-dialect-postgres/src/index.js', 'packages/sqorn-expressions/package.json', 'packages/sqorn-expressions/src/index.js', 'packages/sqorn-pg/types/methods.d.ts', 'packages/sqorn-sql/src/clauses/group.js', 'packages/sqorn-sql/src/clauses/order.js', 'packages/sqorn-sql/src/clauses/set.js', 'packages/sqorn-sql/src/clauses/setop.js', 'packages/sqorn-sql/src/clauses/sql.js', 'packages/sqorn-sql/src/clauses/with.js', 'packages/sqorn-sql/src/methods.js', 'packages/sqorn-sql/src/util/conditions.js', 'packages/sqorn-sql/src/util/expressions.js', 'packages/sqorn-sql/src/util/from_items.js', 'packages/sqorn-sql/src/util/helpers.js', 'packages/sqorn-sql/src/util/limit_offset.js', 'packages/sqorn-sql/src/util/values_array.js']. CAVEAT: carries all base..tip evolution of those files, possibly including unrelated refactors.",/Users/petermakhnatch/Developer/eval-lab-results/2026-10-10/mimo-ref-fixes-sweep-javascript-typescript/receipts/format-code-task-001007.json,sha256:e1c731de42b2c3e997facc88dc0c1d7026fc7396119f1c723748b046a0377aa4
format-code-task-001031,oracle:none,,,,/Users/petermakhnatch/Developer/eval-lab-results/2026-10-10/mimo-ref-fixes-sweep-javascript-typescript/receipts/format-code-task-001031.json,sha256:e8489333242c0f99850d6fa1b3cfb855902a6ab9d0258f58954dc2db6be2f047
format-code-task-001060,oracle:fail,8230dfa5072ed0ee0aeee54b70f43af2c7d4449b,4f079a21b836bf6d18c424669fac9cf9ce836750,"S2b: 19 introducing commit(s) across divergent history; base..4f079a21 diff on feature files ['.eslintrc.json', '.eslintrc.ts.js', '.github/workflows/config.yml', '.gitignore', 'babel.config.js', 'flow-support/index.mjs', 'flow-support/package.json', 'flow-support/yarn.lock', 'jest.config.ts', 'lerna.json', 'package.json', 'packages/cryptoassets/.flowconfig', 'packages/cryptoassets/package.json', 'packages/cryptoassets/src/__snapshots__/currencies.test.js.snap', 'packages/cryptoassets/src/__snapshots__/currencies.test.ts.snap', 'packages/cryptoassets/src/abandonseed.js', 'packages/cryptoassets/src/abandonseed.ts', 'packages/cryptoassets/src/currencies.js', 'packages/cryptoassets/src/currencies.ts', 'packages/cryptoassets/src/exchange.js', 'packages/cryptoassets/src/exchange.ts', 'packages/cryptoassets/src/fiats.js', 'packages/cryptoassets/src/fiats.ts', 'packages/cryptoassets/src/index.js', 'packages/cryptoassets/src/index.ts', 'packages/cryptoassets/src/tokens.js', 'packages/cryptoassets/src/tokens.ts', 'packages/cryptoassets/src/types.js', 'packages/cryptoassets/src/types.ts', 'packages/cryptoassets/tsconfig.json', 'packages/devices/.flowconfig', 'packages/devices/package.json', 'packages/devices/src/ble/receiveAPDU.js', 'packages/devices/src/ble/receiveAPDU.ts', 'packages/devices/src/ble/sendAPDU.js', 'packages/devices/src/ble/sendAPDU.ts', 'packages/devices/src/hid-framing.js', 'packages/devices/src/hid-framing.ts', 'packages/devices/src/index.js', 'packages/devices/src/index.ts', 'packages/devices/src/scrambling.js', 'packages/devices/src/scrambling.ts', 'packages/devices/tsconfig.json', 'packages/errors/.flowconfig', 'packages/errors/package.json', 'packages/errors/tsconfig.json', 'packages/hw-app-algorand/.flowconfig', 'packages/hw-app-algorand/package.json', 'packages/hw-app-algorand/src/Algorand.js', 'packages/hw-app-algorand/src/Algorand.ts', 'packages/hw-app-algorand/tsconfig.json', 'packages/hw-app-btc/.flowconfig', 'packages/hw-app-btc/package.json', 'packages/hw-app-btc/src/Btc.js', 'packages/hw-app-btc/src/Btc.ts', 'packages/hw-app-btc/src/bip32.js', 'packages/hw-app-btc/src/bip32.ts', 'packages/hw-app-btc/src/compressPublicKey.js', 'packages/hw-app-btc/src/compressPublicKey.ts', 'packages/hw-app-btc/src/constants.js', 'packages/hw-app-btc/src/constants.ts', 'packages/hw-app-btc/src/createTransaction.js', 'packages/hw-app-btc/src/createTransaction.ts', 'packages/hw-app-btc/src/debug.js', 'packages/hw-app-btc/src/debug.ts', 'packages/hw-app-btc/src/finalizeInput.js', 'packages/hw-app-btc/src/finalizeInput.ts', 'packages/hw-app-btc/src/getAppAndVersion.js', 'packages/hw-app-btc/src/getAppAndVersion.ts', 'packages/hw-app-btc/src/getTrustedInput.js', 'packages/hw-app-btc/src/getTrustedInput.ts', 'packages/hw-app-btc/src/getTrustedInputBIP143.js', 'packages/hw-app-btc/src/getTrustedInputBIP143.ts', 'packages/hw-app-btc/src/getWalletPublicKey.js', 'packages/hw-app-btc/src/getWalletPublicKey.ts', 'packages/hw-app-btc/src/hashPublicKey.js', 'packages/hw-app-btc/src/hashPublicKey.ts', 'packages/hw-app-btc/src/serializeTransaction.js', 'packages/hw-app-btc/src/serializeTransaction.ts', 'packages/hw-app-btc/src/shouldUseTrustedInputForSegwit.js', 'packages/hw-app-btc/src/shouldUseTrustedInputForSegwit.ts', 'packages/hw-app-btc/src/signMessage.js', 'packages/hw-app-btc/src/signMessage.ts', 'packages/hw-app-btc/src/signP2SHTransaction.js', 'packages/hw-app-btc/src/signP2SHTransaction.ts', 'packages/hw-app-btc/src/signTransaction.js', 'packages/hw-app-btc/src/signTransaction.ts', 'packages/hw-app-btc/src/splitTransaction.js', 'packages/hw-app-btc/src/splitTransaction.ts', 'packages/hw-app-btc/src/startUntrustedHashTransactionInput.js', 'packages/hw-app-btc/src/startUntrustedHashTransactionInput.ts', 'packages/hw-app-btc/src/types.js', 'packages/hw-app-btc/src/types.ts', 'packages/hw-app-btc/src/varint.js', 'packages/hw-app-btc/src/varint.ts', 'packages/hw-app-btc/tsconfig.json', 'packages/hw-app-cosmos/.flowconfig', 'packages/hw-app-cosmos/package.json', 'packages/hw-app-cosmos/src/Cosmos.js', 'packages/hw-app-cosmos/src/Cosmos.ts', 'packages/hw-app-cosmos/tsconfig.json', 'packages/hw-app-eth/.flowconfig', 'packages/hw-app-eth/package.json', 'packages/hw-app-eth/src/Eth.js', 'packages/hw-app-eth/src/Eth.ts', 'packages/hw-app-eth/src/contracts.js', 'packages/hw-app-eth/src/contracts.ts', 'packages/hw-app-eth/src/erc20.js', 'packages/hw-app-eth/src/erc20.ts', 'packages/hw-app-eth/src/utils.js', 'packages/hw-app-eth/src/utils.ts', 'packages/hw-app-eth/tsconfig.json', 'packages/hw-app-polkadot/.flowconfig', 'packages/hw-app-polkadot/package.json', 'packages/hw-app-polkadot/src/Polkadot.js', 'packages/hw-app-polkadot/src/Polkadot.ts', 'packages/hw-app-polkadot/tsconfig.json', 'packages/hw-app-str/.flowconfig', 'packages/hw-app-str/package.json', 'packages/hw-app-str/src/Str.js', 'packages/hw-app-str/src/Str.ts', 'packages/hw-app-str/src/utils.js', 'packages/hw-app-str/src/utils.ts', 'packages/hw-app-str/tsconfig.json', 'packages/hw-app-tezos/.flowconfig', 'packages/hw-app-tezos/package.json', 'packages/hw-app-tezos/src/Tezos.js', 'packages/hw-app-tezos/src/Tezos.ts', 'packages/hw-app-tezos/tsconfig.json', 'packages/hw-app-trx/.flowconfig', 'packages/hw-app-trx/package.json', 'packages/hw-app-trx/src/Trx.js', 'packages/hw-app-trx/src/Trx.ts', 'packages/hw-app-trx/src/utils.js', 'packages/hw-app-trx/src/utils.ts', 'packages/hw-app-trx/tsconfig.json', 'packages/hw-app-xrp/.flowconfig', 'packages/hw-app-xrp/package.json', 'packages/hw-app-xrp/src/Xrp.js', 'packages/hw-app-xrp/src/Xrp.ts', 'packages/hw-app-xrp/tsconfig.json', 'packages/hw-transport-http/.flowconfig', 'packages/hw-transport-http/package.json', 'packages/hw-transport-http/playground-test.js', 'packages/hw-transport-http/src/HttpTransport.js', 'packages/hw-transport-http/src/HttpTransport.ts', 'packages/hw-transport-http/src/WebSocketTransport.js', 'packages/hw-transport-http/src/WebSocketTransport.ts', 'packages/hw-transport-http/src/withStaticURLs.js', 'packages/hw-transport-http/src/withStaticURLs.ts', 'packages/hw-transport-http/tsconfig.json', 'packages/hw-transport-mocker/.flowconfig', 'packages/hw-transport-mocker/package.json', 'packages/hw-transport-mocker/src/RecordStore.js', 'packages/hw-transport-mocker/src/RecordStore.ts', 'packages/hw-transport-mocker/src/createTransportRecorder.js', 'packages/hw-transport-mocker/src/createTransportRecorder.ts', 'packages/hw-transport-mocker/src/createTransportReplayer.js', 'packages/hw-transport-mocker/src/createTransportReplayer.ts', 'packages/hw-transport-mocker/src/index.js', 'packages/hw-transport-mocker/src/index.ts', 'packages/hw-transport-mocker/src/openTransportReplayer.ts', 'packages/hw-transport-mocker/tsconfig.json', 'packages/hw-transport-node-ble/.flowconfig', 'packages/hw-transport-node-ble/cli-test.js', 'packages/hw-transport-node-ble/package.json', 'packages/hw-transport-node-ble/src/TransportNodeBle.js', 'packages/hw-transport-node-ble/src/TransportNodeBle.ts', 'packages/hw-transport-node-ble/src/platform.js', 'packages/hw-transport-node-ble/src/platform.ts', 'packages/hw-transport-node-ble/tsconfig.json', 'packages/hw-transport-node-hid-noevents/.flowconfig', 'packages/hw-transport-node-hid-noevents/package.json', 'packages/hw-transport-node-hid-noevents/src/TransportNodeHid.js', 'packages/hw-transport-node-hid-noevents/src/TransportNodeHid.ts', 'packages/hw-transport-node-hid-noevents/tsconfig.json', 'packages/hw-transport-node-hid-singleton/.flowconfig', 'packages/hw-transport-node-hid-singleton/cli-test.js', 'packages/hw-transport-node-hid-singleton/package.json', 'packages/hw-transport-node-hid-singleton/src/TransportNodeHid.js', 'packages/hw-transport-node-hid-singleton/src/TransportNodeHid.ts', 'packages/hw-transport-node-hid-singleton/src/listenDevices.js', 'packages/hw-transport-node-hid-singleton/src/listenDevices.ts', 'packages/hw-transport-node-hid-singleton/tsconfig.json', 'packages/hw-transport-node-hid/.flowconfig', 'packages/hw-transport-node-hid/cli-test.js', 'packages/hw-transport-node-hid/package.json', 'packages/hw-transport-node-hid/src/TransportNodeHid.js', 'packages/hw-transport-node-hid/src/TransportNodeHid.ts', 'packages/hw-transport-node-hid/src/listenDevices.js', 'packages/hw-transport-node-hid/src/listenDevices.ts', 'packages/hw-transport-node-hid/tsconfig.json', 'packages/hw-transport-node-speculos/.flowconfig', 'packages/hw-transport-node-speculos/package.json', 'packages/hw-transport-node-speculos/src/SpeculosTransport.js', 'packages/hw-transport-node-speculos/src/SpeculosTransport.ts', 'packages/hw-transport-node-speculos/tsconfig.json', 'packages/hw-transport-web-ble/.flowconfig', 'packages/hw-transport-web-ble/package.json', 'packages/hw-transport-web-ble/src/TransportWebBLE.js', 'packages/hw-transport-web-ble/src/TransportWebBLE.ts', 'packages/hw-transport-web-ble/src/monitorCharacteristic.js', 'packages/hw-transport-web-ble/src/monitorCharacteristic.ts', 'packages/hw-transport-web-ble/src/types.js', 'packages/hw-transport-web-ble/src/types.ts', 'packages/hw-transport-web-ble/tsconfig.json', 'packages/hw-transport-webhid/.flowconfig', 'packages/hw-transport-webhid/flow/webhid.js', 'packages/hw-transport-webhid/package.json', 'packages/hw-transport-webhid/src/TransportWebHID.js', 'packages/hw-transport-webhid/src/TransportWebHID.ts', 'packages/hw-transport-webhid/tsconfig.json', 'packages/hw-transport-webusb/.flowconfig', 'packages/hw-transport-webusb/flow/webusb.js', 'packages/hw-transport-webusb/package.json', 'packages/hw-transport-webusb/src/TransportWebUSB.js', 'packages/hw-transport-webusb/src/TransportWebUSB.ts', 'packages/hw-transport-webusb/src/webusb.js', 'packages/hw-transport-webusb/src/webusb.ts', 'packages/hw-transport-webusb/tsconfig.json', 'packages/hw-transport/.flowconfig', 'packages/hw-transport/package.json', 'packages/hw-transport/src/Transport.js', 'packages/hw-transport/src/Transport.ts', 'packages/hw-transport/tsconfig.json', 'packages/logs/.flowconfig', 'packages/logs/package.json', 'packages/logs/src/index.js', 'packages/logs/src/index.ts', 'packages/logs/tsconfig.json', 'packages/react-native-hid/.flowconfig', 'packages/react-native-hid/flow/react-native.js', 'packages/react-native-hid/package.json', 'packages/react-native-hid/src/index.js', 'packages/react-native-hid/src/index.ts', 'packages/react-native-hid/tsconfig.json', 'packages/react-native-hw-transport-ble/.flowconfig', 'packages/react-native-hw-transport-ble/flow/react-native-ble-plx.js', 'packages/react-native-hw-transport-ble/package.json', 'packages/react-native-hw-transport-ble/src/BleTransport.js', 'packages/react-native-hw-transport-ble/src/BleTransport.ts', 'packages/react-native-hw-transport-ble/src/awaitsBleOn.js', 'packages/react-native-hw-transport-ble/src/awaitsBleOn.ts', 'packages/react-native-hw-transport-ble/src/monitorCharacteristic.js', 'packages/react-native-hw-transport-ble/src/monitorCharacteristic.ts', 'packages/react-native-hw-transport-ble/src/remapErrors.js', 'packages/react-native-hw-transport-ble/src/remapErrors.ts', 'packages/react-native-hw-transport-ble/src/timer.js', 'packages/react-native-hw-transport-ble/src/timer.ts', 'packages/react-native-hw-transport-ble/src/types.js', 'packages/react-native-hw-transport-ble/src/types.ts', 'packages/react-native-hw-transport-ble/tsconfig.json', 'rollup.config.js', 'script/build-ts.sh', 'script/build.sh', 'script/doc-ts.sh', 'script/doc.sh', 'script/watch.sh', 'tsconfig.json', 'yarn.lock']. CAVEAT: carries all base..tip evolution of those files, possibly including unrelated refactors.",/Users/petermakhnatch/Developer/eval-lab-results/2026-10-10/mimo-ref-fixes-sweep-javascript-typescript/receipts/format-code-task-001060.json,sha256:b3560434b9d5d032f5ed653057d140959263aac067ea439884452dc98696f57a
format-code-task-001062,oracle:fail,f9e8b175a7b9d1031dba2a4cb20194f99d97af75,69f59543dd11f7a6001af5b2e64339ef4e38ecc6,"S2b: 15 introducing commit(s) across divergent history; base..69f59543 diff on feature files ['opal/core/search/static/js/search/controllers/search.js', 'opal/core/search/templates/search.html']. CAVEAT: carries all base..tip evolution of those files, possibly including unrelated refactors.",/Users/petermakhnatch/Developer/eval-lab-results/2026-10-10/mimo-ref-fixes-sweep-javascript-typescript/receipts/format-code-task-001062.json,sha256:ad2126c0f83ab7bf2d4c6c0539e213beab16da39791041ee9ce9f999c7ebc369
format-code-task-001070,oracle:fail,9fec0a909f7c7321a1f600f7acc25f6ba7b7e566,,"S2a: pickaxe identifier 'getAlpha3Code,getName,getSimpleAlpha3Code,lang' converges on 9fec0a90 'feat: Allow alternative country name spellings via array (#175)' (descendant, distance 1); own-diff applies on base.",/Users/petermakhnatch/Developer/eval-lab-results/2026-10-10/mimo-ref-fixes-sweep-javascript-typescript/receipts/format-code-task-001070.json,sha256:d9173272e1a23c13e1fa85ef185310aa7cad6a9b44d96b188f3c2b1e32d61c68
format-code-task-001085,oracle:none,,,,/Users/petermakhnatch/Developer/eval-lab-results/2026-10-10/mimo-ref-fixes-sweep-javascript-typescript/receipts/format-code-task-001085.json,sha256:961c780bd5d208dad180be7be717a9177e31ea5427732f62131300f8f1aa08e2
format-code-task-001096,oracle:fail,f006f40b4ecf7350ac8bf6da341ee20924f4f866,,"S2a: pickaxe identifier 'ignore,listDifferent' converges on f006f40b 'feat: add update option to prevent unnecessary file updates' (descendant, distance 1); own-diff applies on base.",/Users/petermakhnatch/Developer/eval-lab-results/2026-10-10/mimo-ref-fixes-sweep-javascript-typescript/receipts/format-code-task-001096.json,sha256:9729b1f38a2beaab703197506b1da6ed3927e0d9d4f9e6710c55ff13ad1728d3
format-code-task-001097,oracle:fail,2223e6170ee964f2637d3840e2beea25025fe707,0631db517c33707a5707b02a077f55d834ebfa1c,"S2b: 16 introducing commit(s) across divergent history; base..0631db51 diff on feature files ['src/transaction_builder.js']. CAVEAT: carries all base..tip evolution of those files, possibly including unrelated refactors.",/Users/petermakhnatch/Developer/eval-lab-results/2026-10-10/mimo-ref-fixes-sweep-javascript-typescript/receipts/format-code-task-001097.json,sha256:1ba5fcdf3fb6d8233f5b2ede9392335f2e8501099d85f4c5d6de36438e8403b6
format-code-task-001101,oracle:fail,3831e306f7c1c4aec52d5122a709b0fd36b83191,1ef0aa246ab2ffac15ca847012759defc1fc850f,"S2b: 15 introducing commit(s) across divergent history; base..1ef0aa24 diff on feature files ['builder.json', 'model/cached/cached.js', 'model/cached/cached_test.js', 'model/cached/test.html', 'model/local/local.js', 'model/queue/queue.html', 'model/queue/queue.js', 'model/queue/queue_test.js', 'model/queue/test.html', 'util/all.js', 'view/bindings/bindings.js', 'view/href/href.js', 'view/href/href.md', 'view/href/href_test.js', 'view/href/test.html', 'view/modifiers/modifiers.js', 'view/modifiers/modifiers.md', 'view/modifiers/modifiers_test.js', 'view/modifiers/test.html']. CAVEAT: carries all base..tip evolution of those files, possibly including unrelated refactors.",/Users/petermakhnatch/Developer/eval-lab-results/2026-10-10/mimo-ref-fixes-sweep-javascript-typescript/receipts/format-code-task-001101.json,sha256:7ea7dcbc6cc920e49358fa3ad62fbf357a44ee3243f1102537e44854454660b2
format-code-task-001111,oracle:none,,,,/Users/petermakhnatch/Developer/eval-lab-results/2026-10-10/mimo-ref-fixes-sweep-javascript-typescript/receipts/format-code-task-001111.json,sha256:07c8070e3c34ceabae1e8cacf31bdee17aa6086f4d66dffb3b932c9018f90b6b
format-code-task-001115,oracle:none,,,,/Users/petermakhnatch/Developer/eval-lab-results/2026-10-10/mimo-ref-fixes-sweep-javascript-typescript/receipts/format-code-task-001115.json,sha256:d3f3b0dec574eb94ef9e07d08977f7f504da170386feda419feb36934f00af77
format-code-task-001118,oracle:fail,7a05b6a0849d1a1cc52495a4e03832b941475a30,f08b7bd02abfe73baee45d4c7d9401a1aa998f43,"S2b: 26 introducing commit(s) across divergent history; base..f08b7bd0 diff on feature files ['src/dynamic/dynamic.directive.ts']. CAVEAT: carries all base..tip evolution of those files, possibly including unrelated refactors.",/Users/petermakhnatch/Developer/eval-lab-results/2026-10-10/mimo-ref-fixes-sweep-javascript-typescript/receipts/format-code-task-001118.json,sha256:2401070acbd3b8918ecdb00b7f6f8b732a7f827b9b66391e2a59350cf0ccb8f8
format-code-task-001120,oracle:none,,,,/Users/petermakhnatch/Developer/eval-lab-results/2026-10-10/mimo-ref-fixes-sweep-javascript-typescript/receipts/format-code-task-001120.json,sha256:d3ac1973c49bd520c3dd1f137775664bf4dcd59ca3b6622563e2fc6847ab06a9
format-code-task-001135,oracle:none,,,,/Users/petermakhnatch/Developer/eval-lab-results/2026-10-10/mimo-ref-fixes-sweep-javascript-typescript/receipts/format-code-task-001135.json,sha256:f242ed2b703fa2633cc0979ff114fc4cdbff0593d1faefdf1620eada36b984fe
format-code-task-001143,oracle:none,,,,/Users/petermakhnatch/Developer/eval-lab-results/2026-10-10/mimo-ref-fixes-sweep-javascript-typescript/receipts/format-code-task-001143.json,sha256:30e61982b9ee5535d7dc13411ce47b165b7d484a096dcebd97ca165b3bf161d2
format-code-task-001148,oracle:none,,,,/Users/petermakhnatch/Developer/eval-lab-results/2026-10-10/mimo-ref-fixes-sweep-javascript-typescript/receipts/format-code-task-001148.json,sha256:cdc3b0efd87e8bf29bd7019422d71ff0a08873ed556c85574a7db4925f247d58
format-code-task-001149,oracle:none,,,,/Users/petermakhnatch/Developer/eval-lab-results/2026-10-10/mimo-ref-fixes-sweep-javascript-typescript/receipts/format-code-task-001149.json,sha256:c3ef7ec1941267561c87ba888cc1d4ce1afa7b26594be9830cb01a207324215f
format-code-task-001155,oracle:none,,,,/Users/petermakhnatch/Developer/eval-lab-results/2026-10-10/mimo-ref-fixes-sweep-javascript-typescript/receipts/format-code-task-001155.json,sha256:72f46f574fe8d9c34b5756f3399898c7499fcd4b72eddf7d4569fc8da735098a
format-code-task-001159,oracle:none,,,,/Users/petermakhnatch/Developer/eval-lab-results/2026-10-10/mimo-ref-fixes-sweep-javascript-typescript/receipts/format-code-task-001159.json,sha256:271aa8e4a664304acb93b201e40d8cb85c78c9daac32af75e13a9e332506127b
format-code-task-001162,oracle:fail,9da1bb0f4aa44849b56e8c2064afd582ea8b36f8,,"S2a: pickaxe identifier 'invalid,link,no-invalid-html-attribute,rel' converges on 9da1bb0f '[New] `no-invalid-html-attribute`: add support for `apple-touch-startup-image` `rel` attributes in `link` tags' (descendant, distance 150); own-diff applies on base.",/Users/petermakhnatch/Developer/eval-lab-results/2026-10-10/mimo-ref-fixes-sweep-javascript-typescript/receipts/format-code-task-001162.json,sha256:2672e2d83836974d3eaeac3595d9cb06be6a96e08150009bea849fa85ddbfe2e
format-code-task-001164,oracle:fail,e86c01c144b9a6b9b3b712a1ba9d846f31692739,4a14416a14cac851aea8042af4254a03e2189a1d,"S2b: 6 introducing commit(s) across divergent history; base..4a14416a diff on feature files ['demo.ts', 'eq.d.ts', 'index.d.ts', 'package.json', 'tsconfig.json', 'x/defaultsDeep.js']. CAVEAT: carries all base..tip evolution of those files, possibly including unrelated refactors.",/Users/petermakhnatch/Developer/eval-lab-results/2026-10-10/mimo-ref-fixes-sweep-javascript-typescript/receipts/format-code-task-001164.json,sha256:3cf0c98b2c4b2d0c83ab4d2707f8b66b0b94e0eea45c37a5dc3e47c9a6618145
format-code-task-001166,oracle:fail,06454288b7b1037923f6665afd0cb8af512ea6ef,492b814f83413dc60349b455adb0228424805c13,"S2b: 36 introducing commit(s) across divergent history; base..492b814f diff on feature files ['.README/rules/require-next-type.md', '.README/rules/require-throws-type.md', '.README/rules/require-yields-type.md', 'eslint.config.js', 'src/exportParser.js', 'src/index-cjs.js', 'src/index-esm.js', 'src/index.js', 'src/jsdocUtils.js', 'src/rules/informativeDocs.js', 'src/rules/matchName.js', 'src/rules/noMultiAsterisks.js', 'src/rules/requireReturnsCheck.js', 'src/rules/sortTags.js', 'src/rules/tagLines.js']. CAVEAT: carries all base..tip evolution of those files, possibly including unrelated refactors.",/Users/petermakhnatch/Developer/eval-lab-results/2026-10-10/mimo-ref-fixes-sweep-javascript-typescript/receipts/format-code-task-001166.json,sha256:24b61eb7d7c6df1aeeaebeb6a136fe2f9178676f5f961474064ee7c3df3f92bf
format-code-task-001171,oracle:fail,7f2f3ac35c663b1332594044cc1095bdfb458df4,,"S2a: pickaxe identifier 'autoRewrite,hostRewrite,protocolRewrite' converges on 7f2f3ac3 'Add support for auto host rewriting and protocol rewriting' (descendant, distance 1); own-diff applies on base.",/Users/petermakhnatch/Developer/eval-lab-results/2026-10-10/mimo-ref-fixes-sweep-javascript-typescript/receipts/format-code-task-001171.json,sha256:9fcacf626773b5ef607f45ed50646bd76c711c9f79605798fa8c7db79fbe4267
format-code-task-001173,oracle:fail,4f200ab5c2e23974878ca02336cfbb83a36b7dee,,"S2a: pickaxe identifier 'broofa' converges on 4f200ab5 '@broofa/fnv1a module' (descendant, distance 8); own-diff applies on base.",/Users/petermakhnatch/Developer/eval-lab-results/2026-10-10/mimo-ref-fixes-sweep-javascript-typescript/receipts/format-code-task-001173.json,sha256:9b60d9d1897fcb28aa69a6d4e685c23ce4e6da9783dc2475f25a8ca9e5b6a0a0
format-code-task-001192,oracle:pass+nop:fail,fab10a98aee2c0afae0405207c2e4600fc21952f,,"S1: test-file touch; source relevance [], before-blob continuity ['definitions/npm/rxjs_v5.0.x/test_rxjs.js'], keyword score 6.833, distance 3.",/Users/petermakhnatch/Developer/eval-lab-results/2026-10-10/mimo-ref-fixes-sweep-javascript-typescript/receipts/format-code-task-001192.json,sha256:b66ad022b42ae32a840a2c27fc2c37ed4974dd5a12e439454d1d06bafa8b6b8c
format-code-task-001193,oracle:pass+nop:fail,9cb16b6503ce0e8cf2fdabe9e23ee3155285edbe,,"S1: test-file touch; source relevance [], before-blob continuity ['definitions/npm/history_v4.x.x/flow_v0.25.x-/test_history_v4.x.x.js'], keyword score 4.5, distance 1.",/Users/petermakhnatch/Developer/eval-lab-results/2026-10-10/mimo-ref-fixes-sweep-javascript-typescript/receipts/format-code-task-001193.json,sha256:136e0fbcc1344cad743a396d1e7b21b69d512a0ae8bfd7998045eeee545c06b7
format-code-task-001204,oracle:none,,,,/Users/petermakhnatch/Developer/eval-lab-results/2026-10-10/mimo-ref-fixes-sweep-javascript-typescript/receipts/format-code-task-001204.json,sha256:640c1a137a8c5673833ff1b5caca04488e98b4891f8e204353fb4f43331ae675
format-code-task-001210,oracle:pass+nop:fail,68cd51a76ff8d736bbce9fb9560479ed77e99915,0e6141c3070cf8babfd4d5696278138d9d3e3ef7,"S2b: 26 introducing commit(s) across divergent history; base..0e6141c3 diff on feature files ['.github/workflows/main-aarch64.yml', '.github/workflows/main-osx-arm64.yml', '.github/workflows/main-windows.yml', '.github/workflows/main.yml', '.github/workflows/nightly.yml', '.github/workflows/release-stable.yml', 'Gruntfile.js', 'app/index.html', 'app/package-lock.json', 'app/package.json', 'app/resources/boards/ARiCE-v1/info.json', 'app/resources/boards/ARiCE-v1/pinout.json', 'app/resources/boards/ARiCE-v1/rules.json', 'app/resources/boards/BRS-100-GW1NR9/info.json', 'app/resources/boards/BRS-100-GW1NR9/pinout.json', 'app/resources/boards/BRS-100-GW1NR9/rules.json', 'app/resources/boards/ECP5-Versa/info.json', 'app/resources/boards/ECP5-Versa/pinout.json', 'app/resources/boards/ECP5-Versa/rules.json', 'app/resources/boards/Pi-sicle/info.json', 'app/resources/boards/Pi-sicle/pinout.json', 'app/resources/boards/Pi-sicle/rules.json', 'app/resources/boards/Sipeed-Tang-Nano-1K/info.json', 'app/resources/boards/Sipeed-Tang-Nano-1K/pinout.json', 'app/resources/boards/Sipeed-Tang-Nano-1K/rules.json', 'app/resources/boards/Sipeed-Tang-Nano-20K/info.json', 'app/resources/boards/Sipeed-Tang-Nano-20K/pinout.json', 'app/resources/boards/Sipeed-Tang-Nano-20K/rules.json', 'app/resources/boards/Sipeed-Tang-Nano-4K/info.json', 'app/resources/boards/Sipeed-Tang-Nano-4K/pinout.json', 'app/resources/boards/Sipeed-Tang-Nano-4K/rules.json', 'app/resources/boards/Sipeed-Tang-Nano-9K/info.json', 'app/resources/boards/Sipeed-Tang-Nano-9K/pinout.json', 'app/resources/boards/Sipeed-Tang-Nano-9K/rules.json', 'app/resources/boards/Sipeed-Tang-Nano/info.json', 'app/resources/boards/Sipeed-Tang-Nano/pinout.json', 'app/resources/boards/Sipeed-Tang-Nano/rules.json', 'app/resources/boards/TinyFPGA-EX-rev1/info.json', 'app/resources/boards/TinyFPGA-EX-rev1/pinout.json', 'app/resources/boards/TinyFPGA-EX-rev1/rules.json', 'app/resources/boards/TinyFPGA-EX-rev2/info.json', 'app/resources/boards/TinyFPGA-EX-rev2/pinout.json', 'app/resources/boards/TinyFPGA-EX-rev2/rules.json', 'app/resources/boards/go-board/info.json', 'app/resources/boards/go-board/pinout.json', 'app/resources/boards/iCE40-HX8K-EVB/info.json', 'app/resources/boards/iCE40-HX8K-EVB/pinout.json', 'app/resources/boards/iCE40-HX8K-EVB/rules.json', 'app/resources/boards/iCE40-UL1K-Breakout/info.json', 'app/resources/boards/iCE40-UL1K-Breakout/pinout.json', 'app/resources/boards/iCE40-UL1K-Breakout/rules.json', 'app/resources/boards/iCEblink40-HX1K/info.json', 'app/resources/boards/iCEblink40-HX1K/pinout.json', 'app/resources/boards/iCEblink40-HX1K/rules.json', 'app/resources/boards/menu.json', 'app/resources/images/icon-x.svg', 'app/resources/images/icons/clean_dark.svg', 'app/resources/images/icons/console_dark.svg', 'app/resources/images/icons/console_error.svg', 'app/resources/images/icons/console_success.svg', 'app/resources/images/icons/fpga_resources.svg', 'app/resources/images/splash/adi-goldstein-EUsVwEOsblE-unsplash.jpg', 'app/resources/images/splash/splash.json', 'app/resources/libs/Icestudio/Core/IceBlock.js', 'app/resources/libs/Icestudio/Fuse/IceHD.js', 'app/resources/libs/Icestudio/GUI/WafleWindowManager.js', 'app/resources/libs/Icestudio/GUI/Widgets/WafleUIWindow.js', 'app/resources/libs/Icestudio/Plugin/WaflePluginExtEmbeddedWindowed.js', 'app/resources/locale/ca_ES/ca_ES.po', 'app/resources/locale/cs_CZ/cs_CZ.po', 'app/resources/locale/de_DE/de_DE.po', 'app/resources/locale/el_GR/el_GR.po', 'app/resources/locale/en/en.po', 'app/resources/locale/es_ES/es_ES.po', 'app/resources/locale/eu_ES/eu_ES.po', 'app/resources/locale/fr_FR/fr_FR.po', 'app/resources/locale/gl_ES/gl_ES.po', 'app/resources/locale/it_IT/it_IT.po', 'app/resources/locale/ja_JP/ja_JP.po', 'app/resources/locale/ko_KR/ko_KR.po', 'app/resources/locale/nl_NL/nl_NL.po', 'app/resources/locale/ru_RU/ru_RU.po', 'app/resources/locale/template.pot', 'app/resources/locale/tr_TR/tr_TR.po', 'app/resources/locale/uk_UA/uk_UA.po', 'app/resources/locale/zh_CN/zh_CN.po', 'app/resources/locale/zh_TW/zh_TW.po', 'app/resources/plugins/apioShell/apioShell.html', 'app/resources/plugins/apioShell/css/dark/dark.css', 'app/resources/plugins/apioShell/css/host.css', 'app/resources/plugins/apioShell/css/light/light.css', 'app/resources/plugins/apioShell/css/style.css', 'app/resources/plugins/apioShell/icon.png', 'app/resources/plugins/apioShell/js/apioShell.js', 'app/resources/plugins/apioShell/js/events.js', 'app/resources/plugins/apioShell/manifest.json', 'app/resources/plugins/apioShell/vendor/xterm/css/xterm.css', 'app/resources/plugins/apioShell/vendor/xterm/lib/fit-loader.js', 'app/resources/plugins/apioShell/vendor/xterm/lib/xterm-addon-fit.js', 'app/resources/plugins/apioShell/vendor/xterm/lib/xterm-loader.js', 'app/resources/plugins/apioShell/vendor/xterm/lib/xterm.js', 'app/resources/plugins/boardEditor/boardEditor.html', 'app/resources/plugins/boardEditor/css/dark/dark.css', 'app/resources/plugins/boardEditor/css/host.css', 'app/resources/plugins/boardEditor/css/light/light.css', 'app/resources/plugins/boardEditor/css/style.css', 'app/resources/plugins/boardEditor/icon.svg', 'app/resources/plugins/boardEditor/js/boardEditor.js', 'app/resources/plugins/boardEditor/js/events.js', 'app/resources/plugins/boardEditor/js/pcfImport.js', 'app/resources/plugins/boardEditor/manifest.json', 'app/resources/plugins/collectionManager2/collectionManager.html', 'app/resources/plugins/collectionManager2/css/dark/dark.css', 'app/resources/plugins/collectionManager2/css/light/light.css', 'app/resources/plugins/collectionManager2/css/style.css', 'app/resources/plugins/collectionManager2/icon.svg', 'app/resources/plugins/collectionManager2/js/collectionManager.js', 'app/resources/plugins/collectionManager2/js/events.js', 'app/resources/plugins/collectionService/collectionServiceWorker.js', 'app/resources/plugins/collectionService/js/CollectionService.js', 'app/resources/plugins/example-plugin/img/fpgawars-logo.png', 'app/resources/plugins/example-plugin/img/icestudio-logo.png', 'app/resources/plugins/example-plugin/index.html', 'app/resources/plugins/example-plugin/manifest.json', 'app/resources/plugins/example-plugin/style.css', 'app/resources/plugins/iceHub/css/dark/dark.css', 'app/resources/plugins/iceHub/css/host.css', 'app/resources/plugins/iceHub/css/light/light.css', 'app/resources/plugins/iceHub/css/style.css', 'app/resources/plugins/iceHub/data/catalog.json', 'app/resources/plugins/iceHub/iceHub.html', 'app/resources/plugins/iceHub/icon.svg', 'app/resources/plugins/iceHub/icons/collection.svg', 'app/resources/plugins/iceHub/icons/example.svg', 'app/resources/plugins/iceHub/js/iceHub.js', 'app/resources/plugins/iceHub/js/install.js', 'app/resources/plugins/iceHub/manifest.json', 'app/resources/plugins/iceTutorial/css/host.css', 'app/resources/plugins/iceTutorial/css/style.css', 'app/resources/plugins/iceTutorial/data/catalog.json', 'app/resources/plugins/iceTutorial/img/icon.svg', 'app/resources/plugins/iceTutorial/index.html', 'app/resources/plugins/iceTutorial/js/main.js', 'app/resources/plugins/iceTutorial/manifest.json', 'app/resources/plugins/icerok/assets/fpgawars.png', 'app/resources/plugins/icerok/assets/icon-captura-up.svg', 'app/resources/plugins/icerok/assets/icon.svg', 'app/resources/plugins/icerok/css/ldbtn.min.css', 'app/resources/plugins/icerok/css/loading.min.css', 'app/resources/plugins/icerok/css/style.css', 'app/resources/plugins/icerok/index.html', 'app/resources/plugins/icerok/js/SerialManager.js', 'app/resources/plugins/icerok/js/iceRok.js', 'app/resources/plugins/icerok/js/index.js', 'app/resources/plugins/icerok/js/likeJQueryButFast.js', 'app/resources/plugins/icerok/js/vendor/chrome/LICENSE', 'app/resources/plugins/icerok/js/vendor/chrome/tcp-server.js', 'app/resources/plugins/icerok/js/vendor/sweetalert2.min.js', 'app/resources/plugins/icerok/manifest.json', 'app/resources/plugins/localDatabase/js/DbEngineIndexDB.js', 'app/resources/plugins/localDatabase/localDatabase.js', 'app/resources/plugins/serial-term/css/style.css', 'app/resources/plugins/serial-term/index.html', 'app/resources/plugins/serial-term/js/main.js', 'app/resources/plugins/setupWizard/css/dark/dark.css', 'app/resources/plugins/setupWizard/css/host.css', 'app/resources/plugins/setupWizard/css/light/light.css', 'app/resources/plugins/setupWizard/css/style.css', 'app/resources/plugins/setupWizard/icon.svg', 'app/resources/plugins/setupWizard/js/wizard.js', 'app/resources/plugins/setupWizard/manifest.json', 'app/resources/plugins/setupWizard/wizard.html', 'app/resources/plugins/zconfigurator/css/dark.css', 'app/resources/plugins/zconfigurator/css/host.css', 'app/resources/plugins/zconfigurator/css/light.css', 'app/resources/plugins/zconfigurator/css/style.css', 'app/resources/plugins/zconfigurator/icon.svg', 'app/resources/plugins/zconfigurator/js/configurator.js', 'app/resources/plugins/zconfigurator/manifest.json', 'app/resources/plugins/zconfigurator/zconfigurator.html', 'app/resources/uiThemes/dark/dark.css', 'app/resources/uiThemes/light/light.css', 'app/resources/viewers/system/css/style.css', 'app/resources/viewers/system/js/system.js', 'app/resources/viewers/system/system.html', 'app/scripts/app.js', 'app/scripts/controllers/design.js', 'app/scripts/controllers/menu.js', 'app/scripts/factories/window.js', 'app/scripts/graphics/joint.connectors.js', 'app/scripts/graphics/joint.routers.js', 'app/scripts/graphics/joint.shapes.js', 'app/scripts/graphics/joint.shapes/constant.js', 'app/scripts/graphics/joint.shapes/info.js', 'app/scripts/graphics/joint.shapes/io.js', 'app/scripts/graphics/joint.shapes/memory.js', 'app/scripts/services/blockforms.js', 'app/scripts/services/blocks.js', 'app/scripts/services/boards.js', 'app/scripts/services/collections.js', 'app/scripts/services/common.js', 'app/scripts/services/compiler.js', 'app/scripts/services/drivers.js', 'app/scripts/services/forms.js', 'app/scripts/services/graph.js', 'app/scripts/services/outputConsole.js', 'app/scripts/services/profile.js', 'app/scripts/services/project.js', 'app/scripts/services/tools.js', 'app/scripts/services/utils.js', 'app/styles/console.css', 'app/styles/design.css', 'app/styles/graph.css', 'app/styles/ics-wm.css', 'app/styles/main.css', 'app/styles/menu.css', 'app/styles/version.css', 'app/views/console.html', 'app/views/design.html', 'app/views/menu.html', 'app/views/version.html', 'package-lock.json', 'package.json', 'patches/nw-builder+4.13.16.patch', 'scripts/getCollection.js', 'scripts/repairOSXarm64dmg.sh', 'scripts/repairOSXdmg.sh', 'scripts/windows_installer.nsi']. CAVEAT: carries all base..tip evolution of those files, possibly including unrelated refactors.",/Users/petermakhnatch/Developer/eval-lab-results/2026-10-10/mimo-ref-fixes-sweep-javascript-typescript/receipts/format-code-task-001210.json,sha256:b7fa1e68afe4aa3d71064b6031cfa44ac8ad25d6686e1c8a76eeca606f5724a3
format-code-task-001224,oracle:pass+nop:fail,42c713ed3b097c1449dce67e718a1770660cd681,,"S1: test-file touch; source relevance [], before-blob continuity ['test/rules/assertions/validTypes.js'], keyword score 4.418, distance 1.",/Users/petermakhnatch/Developer/eval-lab-results/2026-10-10/mimo-ref-fixes-sweep-javascript-typescript/receipts/format-code-task-001224.json,sha256:85407aae2489c7bf9720f980a615a65d4b3c453f0cfeeda9fcaf7a22d7befa07
format-code-task-001225,nop:pass,,,"S1: test-file touch; source relevance [], before-blob continuity ['test/rules/assertions/requireReturnsCheck.js'], keyword score 1.567, distance 1.",/Users/petermakhnatch/Developer/eval-lab-results/2026-10-10/mimo-ref-fixes-sweep-javascript-typescript/receipts/format-code-task-001225.json,sha256:ea79329c89d083da1d91be83f05b0d32da7efdc2ddd561f9b30c2fc5e33826d6
format-code-task-001244,oracle:pass+nop:fail,574f7dfa369c45e68ebf7b3dbf685fe169c6407f,,"S1: test-file touch; source relevance [], before-blob continuity ['src/components/about-block.test.ts'], keyword score 4.5, distance 1.",/Users/petermakhnatch/Developer/eval-lab-results/2026-10-10/mimo-ref-fixes-sweep-javascript-typescript/receipts/format-code-task-001244.json,sha256:2e9234abf407ba506cd4e50ff517de4573ea17b6e68d5fe4d2b559e98e3c04f9
format-code-task-001252,oracle:none,,,,/Users/petermakhnatch/Developer/eval-lab-results/2026-10-10/mimo-ref-fixes-sweep-javascript-typescript/receipts/format-code-task-001252.json,sha256:65f7726b0f77da067f1e01e35aa2ea8a3241f058a1073419f84b61f6dbaf650c
format-code-task-001270,oracle:pass+nop:fail,1aaab50d7a4fb95023a06cc003daf99ce78e1a36,,"S1: test-file touch; source relevance [], before-blob continuity ['tests/js/spec/components/organizations/globalSelectionHeader.spec.jsx', 'tests/js/spec/components/organizations/multipleEnvironmentSelector.spec.jsx'], keyword score 2.744, distance 19.",/Users/petermakhnatch/Developer/eval-lab-results/2026-10-10/mimo-ref-fixes-sweep-javascript-typescript/receipts/format-code-task-001270.json,sha256:ebc5a7d9b7793ee13dad88ab7fd60bd9d5ed54badb63462a0b8a68aae2dcaaed
format-code-task-001283,oracle:pass+nop:fail,29846cde90fa9586e16d9e4b2e98db92410c3afa,,"S1: test-file touch; source relevance [], before-blob continuity ['static/app/views/settings/components/dataSecrecy/index.spec.tsx'], keyword score 1.75, distance 26.",/Users/petermakhnatch/Developer/eval-lab-results/2026-10-10/mimo-ref-fixes-sweep-javascript-typescript/receipts/format-code-task-001283.json,sha256:2e1c23a592a3ca7ea685a2f148a64bba9f732875d50cbbaa61f3a38a5c1ea955
format-code-task-001292,oracle:pass+nop:fail,882c0db5443464e1c550f94180c789507904903d,,"S1: test-file touch; source relevance [], before-blob continuity ['test/variableTests.js'], keyword score 0, distance 1.",/Users/petermakhnatch/Developer/eval-lab-results/2026-10-10/mimo-ref-fixes-sweep-javascript-typescript/receipts/format-code-task-001292.json,sha256:a55db3882f4e02422aac796857b084e810f5c69c781bbdc2543a3ebab448fe92
format-code-task-001401,oracle:fail,62e82117cf0d9684c15856bd1c02b4be216b9c28,375ab76f34d26e5c874bd4f8c8719a52805ad0c9,"S2b: 17 introducing commit(s) across divergent history; base..375ab76f diff on feature files ['src/RewriteHandler.ts', 'src/ast.ts', 'src/rewriters/NestFieldOutputsRewriter.ts', 'src/rewriters/Rewriter.ts', 'src/rewriters/ScalarFieldToObjectFieldRewriter.ts']. CAVEAT: carries all base..tip evolution of those files, possibly including unrelated refactors.",/Users/petermakhnatch/Developer/eval-lab-results/2026-10-10/mimo-ref-fixes-sweep-javascript-typescript/receipts/format-code-task-001401.json,sha256:815f64f2a32fbe9ab32d1c6c04f579dc7ae3976424a3b7585881a61aff8978f8
format-code-task-001402,oracle:pass+nop:fail,4f284f4bd001d722819de8e02bc4112e103ed803,,"S1: test-file touch; source relevance [], before-blob continuity ['src/components/Toc/__tests__/Toc.test.tsx'], keyword score 5.0, distance None.",/Users/petermakhnatch/Developer/eval-lab-results/2026-10-10/mimo-ref-fixes-sweep-javascript-typescript/receipts/format-code-task-001402.json,sha256:fe3a0963e415c74b6f6100d1d178e50fc5377efb8722c728aa0755e7e10ab889
format-code-task-001403,oracle:pass+nop:fail,f7d188446b60dc3a82cb750a1672f358dcdee241,,"S1: test-file touch; source relevance [], before-blob continuity ['src/__tests__/gatsby-node.js'], keyword score 4.5, distance 1.",/Users/petermakhnatch/Developer/eval-lab-results/2026-10-10/mimo-ref-fixes-sweep-javascript-typescript/receipts/format-code-task-001403.json,sha256:ed66e02fa75c5fd059608ac64a2f903f043a404a27f72021a84df36528104a0c
format-code-task-001408,oracle:none,,,,/Users/petermakhnatch/Developer/eval-lab-results/2026-10-10/mimo-ref-fixes-sweep-javascript-typescript/receipts/format-code-task-001408.json,sha256:2a4b88c37ef110d02552d6a43e5271c8e80611238b007e39c38a9de4317f1e42
format-code-task-001409,oracle:patch-conflict,b8fca5894e8e7ef903d080abf59a2ef5b6deb72b,,"S1: test-file touch; source relevance [], before-blob continuity ['src/js/components/Grid/__tests__/Grid-test.js'], keyword score 1.833, distance 507.",/Users/petermakhnatch/Developer/eval-lab-results/2026-10-10/mimo-ref-fixes-sweep-javascript-typescript/receipts/format-code-task-001409.json,sha256:fc4738a33e6cb0c1092ac7ccbbd876526f3dcfd7b63d634882209db8aefd0463
format-code-task-001410,oracle:pass+nop:fail,991846c2261417bbb5216f86348b61825c260fb1,,"S1: test-file touch; source relevance [], before-blob continuity ['src/js/components/Heading/__tests__/Heading-test.tsx'], keyword score 3.0, distance 1.",/Users/petermakhnatch/Developer/eval-lab-results/2026-10-10/mimo-ref-fixes-sweep-javascript-typescript/receipts/format-code-task-001410.json,sha256:b62bbfaae6da694004f7bd6fb034395284f747298b1064d066d89ae8149a51fe
format-code-task-001411,oracle:pass+nop:fail,cd72772a04fad40d64aac1ec1b78d09aba58a3b5,,"S1: test-file touch; source relevance [], before-blob continuity ['src/js/components/List/__tests__/List-test.tsx'], keyword score 5.25, distance 1.",/Users/petermakhnatch/Developer/eval-lab-results/2026-10-10/mimo-ref-fixes-sweep-javascript-typescript/receipts/format-code-task-001411.json,sha256:bd21cb5aef583a90bc7c3c8e7949dd93bef8342a79660ed281cd5c2a9cff1bd2
format-code-task-001419,oracle:pass+nop:fail,0a258ce35553f8922e36a5caf32a795c6dff3039,,"S1: test-file touch; source relevance [], before-blob continuity ['ui/src/table.test.tsx'], keyword score 5.5, distance 5.",/Users/petermakhnatch/Developer/eval-lab-results/2026-10-10/mimo-ref-fixes-sweep-javascript-typescript/receipts/format-code-task-001419.json,sha256:a887e20f03c11842dc27a0ce7bf9e7e86ee6b5692a35c25a1bd2ca4de16402f6
format-code-task-001420,oracle:pass+nop:fail,ae6ec24761495381323cd0a866a25ae5fb8d706d,,"S1: test-file touch; source relevance [], before-blob continuity ['ui/src/time_picker.test.tsx'], keyword score 4.0, distance 3.",/Users/petermakhnatch/Developer/eval-lab-results/2026-10-10/mimo-ref-fixes-sweep-javascript-typescript/receipts/format-code-task-001420.json,sha256:79ef86df186013c1d4f79030cef862c2049e2015a38769f07bb899d7d70737d4
format-code-task-001421,oracle:fail,d1c00fcb4f4ed5132dff6b1d8b7dcae29ca3a8f3,0e930efd115812c324947770c0a22711d26b3b0a,"S2b: 13 introducing commit(s) across divergent history; base..0e930efd diff on feature files ['package.json', 'pnpm-lock.yaml', 'src/utils/cookie.ts', 'src/utils/internal/cookie.ts']. CAVEAT: carries all base..tip evolution of those files, possibly including unrelated refactors.",/Users/petermakhnatch/Developer/eval-lab-results/2026-10-10/mimo-ref-fixes-sweep-javascript-typescript/receipts/format-code-task-001421.json,sha256:1d9e38cb22ff71f9365ab6c3447402566f2babe163167eebfde5c1dfcfb38afb
format-code-task-001423,oracle:fail,a87cba057c6c69fbdbc57156983968531c638ad2,796babebaf7cc592467456483767a1dea8f456f9,"S2b: 15 introducing commit(s) across divergent history; base..796babeb diff on feature files ['src/index.js']. CAVEAT: carries all base..tip evolution of those files, possibly including unrelated refactors.",/Users/petermakhnatch/Developer/eval-lab-results/2026-10-10/mimo-ref-fixes-sweep-javascript-typescript/receipts/format-code-task-001423.json,sha256:40e4b20aabd9dff9e6bee9f4745ab82223fdbcb40b3fec900caa60fc94ecf541
format-code-task-001428,oracle:fail,61699cca3a675313767b65cacfaf46f5bb931e78,0f13002b091aa80d7ffe35439cd5a6f94745a0b0,"S2b: 15 introducing commit(s) across divergent history; base..0f13002b diff on feature files ['.eslintrc.json', 'bench/coins.js', 'bin/cli', 'examples/tx.js', 'lib/bcoin.js', 'lib/bcoin/abstractblock.js', 'lib/bcoin/address.js', 'lib/bcoin/block.js', 'lib/bcoin/bloom.js', 'lib/bcoin/bst.js', 'lib/bcoin/chain.js', 'lib/bcoin/chainblock.js', 'lib/bcoin/chaindb.js', 'lib/bcoin/coin.js', 'lib/bcoin/coins.js', 'lib/bcoin/coinview.js', 'lib/bcoin/compactblock.js', 'lib/bcoin/ec.js', 'lib/bcoin/env.js', 'lib/bcoin/fullnode.js', 'lib/bcoin/hd.js', 'lib/bcoin/headers.js', 'lib/bcoin/http/client.js', 'lib/bcoin/http/http.js', 'lib/bcoin/http/index.js', 'lib/bcoin/http/provider.js', 'lib/bcoin/http/request.js', 'lib/bcoin/http/server.js', 'lib/bcoin/input.js', 'lib/bcoin/keypair.js', 'lib/bcoin/ldb.js', 'lib/bcoin/locker.js', 'lib/bcoin/lowlevelup.js', 'lib/bcoin/lru.js', 'lib/bcoin/mempool.js', 'lib/bcoin/merkleblock.js', 'lib/bcoin/miner.js', 'lib/bcoin/mtx.js', 'lib/bcoin/node.js', 'lib/bcoin/output.js', 'lib/bcoin/peer.js', 'lib/bcoin/pool.js', 'lib/bcoin/profiler.js', 'lib/bcoin/protocol/constants.js', 'lib/bcoin/protocol/framer.js', 'lib/bcoin/protocol/index.js', 'lib/bcoin/protocol/network.js', 'lib/bcoin/protocol/parser.js', 'lib/bcoin/reader.js', 'lib/bcoin/script.js', 'lib/bcoin/spvnode.js', 'lib/bcoin/tx.js', 'lib/bcoin/txdb.js', 'lib/bcoin/utils.js', 'lib/bcoin/wallet.js', 'lib/bcoin/walletdb.js', 'lib/bcoin/workers.js', 'lib/bcoin/writer.js', 'lib/blockchain/chain.js', 'lib/blockchain/chaindb.js', 'lib/blockchain/layout-browser.js', 'lib/blockchain/layout.js', 'lib/crypto/scrypt.js', 'lib/db/lowlevelup.js', 'lib/http/base.js', 'lib/net/bip150.js', 'lib/net/parser.js', 'lib/net/tcp.js', 'lib/net/upnp.js', 'lib/protocol/networks.js', 'lib/script/common.js', 'lib/script/script.js', 'lib/script/stack.js', 'lib/script/witness.js', 'lib/utils/co.js', 'lib/utils/encoding.js', 'lib/utils/ip.js', 'lib/utils/pem.js', 'lib/utils/util.js', 'lib/utils/writer.js', 'lib/wallet/client.js', 'lib/wallet/rpc.js', 'lib/wallet/wallet.js', 'lib/workers/packets.js', 'lib/workers/workerpool.js', 'migrate/walletdb2to3.js', 'package.json', 'scripts/fuzz.js']. CAVEAT: carries all base..tip evolution of those files, possibly including unrelated refactors.",/Users/petermakhnatch/Developer/eval-lab-results/2026-10-10/mimo-ref-fixes-sweep-javascript-typescript/receipts/format-code-task-001428.json,sha256:ee882d27f6b57154856aa213d836aefa508909330d06cff96f8a3f30460938ad
format-code-task-001437,oracle:pass+nop:fail,09972ea19f96897809157ff8a6e75d9cdaec7e35,,"S1: test-file touch; source relevance [], before-blob continuity ['test/stringify.js'], keyword score 4.0, distance 1.",/Users/petermakhnatch/Developer/eval-lab-results/2026-10-10/mimo-ref-fixes-sweep-javascript-typescript/receipts/format-code-task-001437.json,sha256:f383edafd3f6033b7a146f672ab6945642b8b72964cf9b04bc2a7cdb099b3a89
format-code-task-001457,oracle:pass+nop:fail,c14a190aaaedce7a291420122d23b20dee19dc56,,"S1: test-file touch; source relevance [], before-blob continuity ['src/action.test.js'], keyword score 4.875, distance 3.",/Users/petermakhnatch/Developer/eval-lab-results/2026-10-10/mimo-ref-fixes-sweep-javascript-typescript/receipts/format-code-task-001457.json,sha256:03091bd249a03bda563d9e95cee88fbdf54126b308e4c61e75944a43b17b39ad
format-code-task-001458,oracle:none,,,,/Users/petermakhnatch/Developer/eval-lab-results/2026-10-10/mimo-ref-fixes-sweep-javascript-typescript/receipts/format-code-task-001458.json,sha256:705fa32ee46ca2c85aa04dfd11a8c5734e56a2e2aa19c6edc5ab126cae3824cf
format-code-task-001464,oracle:pass+nop:fail,05333709098cd0daf303515087b41dfe0710b153,05333709098cd0daf303515087b41dfe0710b153,"S2b: 26 introducing commit(s) across divergent history; base..05333709 diff on feature files ['.dockerignore', '.gitignore', 'Dockerfile', 'build-tools/build.py', 'build-tools/font_names.py', 'build-tools/splitfont_css2manifest.py', 'client/app/app.js', 'client/app/config/constants.js', 'client/app/config/icons.js', 'client/app/config/variables-dom.js', 'client/app/config/variables.js', 'client/app/lib/clamps.js', 'client/app/lib/css-global-variables.js', 'client/app/lib/hyperlist.js', 'client/app/lib/yaireo/color-picker.js', 'client/app/modules/api/fetch-worker.js', 'client/app/modules/api/server-connector.js', 'client/app/modules/components/cover-generator-canvas.js', 'client/app/modules/components/cover-generator-dom.js', 'client/app/modules/components/cover-generator.js', 'client/app/modules/components/custom-color-picker.js', 'client/app/modules/components/dropdown-selector.js', 'client/app/modules/components/popup-manager.js', 'client/app/modules/database/bookshelf-db-worker.js', 'client/app/modules/database/db-manager.js', 'client/app/modules/database/db-worker.js', 'client/app/modules/features/bookshelf.js', 'client/app/modules/features/fontpool.js', 'client/app/modules/features/footnotes.js', 'client/app/modules/features/init-webpage.js', 'client/app/modules/features/reader.js', 'client/app/modules/features/settings.js', 'client/app/modules/file/file-handler.js', 'client/app/modules/file/file-processor-worker.js', 'client/app/modules/file/file-processor.js', 'client/app/modules/text/text-processor-dom.js', 'client/app/modules/text/text-processor.js', 'client/app/utils/base.js', 'client/app/utils/helpers-fonts.js', 'client/app/utils/helpers-reader.js', 'client/app/utils/helpers-settings.js', 'client/app/utils/helpers-ui.js', 'client/app/utils/helpers-worker.js', 'client/css/bookshelf.css', 'client/css/footnotes.css', 'client/css/main.css', 'client/css/reader.css', 'client/css/settings.css', 'client/css/variables.css', 'client/fonts/KingHwa_OldSong.woff', 'client/fonts/KingHwa_OldSong/0179f5045a40e0445f7b86b86ed66d99.woff2', 'client/fonts/KingHwa_OldSong/0182e180884d9593afef1322bc06ea4b.woff2', 'client/fonts/KingHwa_OldSong/03d9b75d784dd3e03e5021303a31df24.woff2', 'client/fonts/KingHwa_OldSong/058ca44de205071e9e29317f332e4c5f.woff2', 'client/fonts/KingHwa_OldSong/05a475f99bd0255b39caf88d96f222e3.woff2', 'client/fonts/KingHwa_OldSong/05a48d5abd8b0e27c673e38ad84291c0.woff2', 'client/fonts/KingHwa_OldSong/05bce9bd30003be8c431432aea8ab612.woff2', 'client/fonts/KingHwa_OldSong/05cbc053271bcd3901b0470c70b0b6fb.woff2', 'client/fonts/KingHwa_OldSong/065851ed6e7b8dee6e412b47a1605afb.woff2', 'client/fonts/KingHwa_OldSong/067bcb16c7983ac6eee5937dde9f3379.woff2', 'client/fonts/KingHwa_OldSong/071c4ab7ae2f8fd92500bf97a4ccb555.woff2', 'client/fonts/KingHwa_OldSong/082b931989e0f4d61873486f4ae567f8.woff2', 'client/fonts/KingHwa_OldSong/086127bca9329d2bf03c3e925c5f6c84.woff2', 'client/fonts/KingHwa_OldSong/086f90fcf546dfa659582b526579a5c2.woff2', 'client/fonts/KingHwa_OldSong/0989f937c70e3e54ccf08bdd8a63a151.woff2', 'client/fonts/KingHwa_OldSong/09f8d02a04c23d11633081d65c3f01e1.woff2', 'client/fonts/KingHwa_OldSong/0ab0f22fae50882085b3baa6cba1b3ec.woff2', 'client/fonts/KingHwa_OldSong/0abd1e83e2ae9ea470ddfce6f9c1846c.woff2', 'client/fonts/KingHwa_OldSong/0ad91697ad1c46e037e9c5370131e755.woff2', 'client/fonts/KingHwa_OldSong/0bae8a3811ecd02247decc78bb9a552a.woff2', 'client/fonts/KingHwa_OldSong/0bde54301a09c3328cf327369cac0c10.woff2', 'client/fonts/KingHwa_OldSong/0c20ac24a591133f832accc974a0d483.woff2', 'client/fonts/KingHwa_OldSong/0c310c9635ef38e83dd01ce2836c77c1.woff2', 'client/fonts/KingHwa_OldSong/0c3193a58af10a62b714675f57a8c7cc.woff2', 'client/fonts/KingHwa_OldSong/0c3e2fc3aae9c97121be068f85fe2aa1.woff2', 'client/fonts/KingHwa_OldSong/0c9cdfb3044eb3d179871f5f2a7de155.woff2', 'client/fonts/KingHwa_OldSong/0cdeb2c8b918b231f2f3a8edda7c0d72.woff2', 'client/fonts/KingHwa_OldSong/0df3a5c12d9ca63e78dda14f5e2872e7.woff2', 'client/fonts/KingHwa_OldSong/0e2dff1ab8209c8e87b9537991cd8be2.woff2', 'client/fonts/KingHwa_OldSong/0e86f760e9ef6370b8eea4f59daae8bf.woff2', 'client/fonts/KingHwa_OldSong/0fcd44e708d4097e998dc00d606eb2c6.woff2', 'client/fonts/KingHwa_OldSong/107c2bf995f0386a4789dcb5f215b27a.woff2', 'client/fonts/KingHwa_OldSong/10fb300704b4aa8ec6f7b7ef7d97eae8.woff2', 'client/fonts/KingHwa_OldSong/113c0feeba66099ecd23dccf787f4cb8.woff2', 'client/fonts/KingHwa_OldSong/114c96fae4f5279c19554b599887ea59.woff2', 'client/fonts/KingHwa_OldSong/11c9c98ed6b46809fe94ad3cee6e9d90.woff2', 'client/fonts/KingHwa_OldSong/12e75c856d845519a1e61c7a5075180c.woff2', 'client/fonts/KingHwa_OldSong/1358864da1521735a5e1f7ec10e7b7b6.woff2', 'client/fonts/KingHwa_OldSong/13a1b9bf9a78c74e6d4008cba674e887.woff2', 'client/fonts/KingHwa_OldSong/14498b1b05f206098e55b952b1b01555.woff2', 'client/fonts/KingHwa_OldSong/1463978d246ee7701931c74b55970e21.woff2', 'client/fonts/KingHwa_OldSong/1472542872e2661961576bcbcad1e42b.woff2', 'client/fonts/KingHwa_OldSong/1503e36b559468599983bd5b5e246cdc.woff2', 'client/fonts/KingHwa_OldSong/153806b40333f9db4993e022e320e08d.woff2', 'client/fonts/KingHwa_OldSong/1574c5806adec66f2cb9661ef5fd63ca.woff2', 'client/fonts/KingHwa_OldSong/158da3097b9eca65777e03c5c3b8c039.woff2', 'client/fonts/KingHwa_OldSong/16499a62399dad8a2f2eb91f7e520601.woff2', 'client/fonts/KingHwa_OldSong/1669e14372855f362a1367ddb8e67bfa.woff2', 'client/fonts/KingHwa_OldSong/18667e5f81e3b3634c2ecd0de61b12ef.woff2', 'client/fonts/KingHwa_OldSong/199445c1c4b9ae002baee6e2ee3b141e.woff2', 'client/fonts/KingHwa_OldSong/19dbda951f79d3605512355b3ff68bd3.woff2', 'client/fonts/KingHwa_OldSong/1a9d27590728ce4e2e4bdebddf4db712.woff2', 'client/fonts/KingHwa_OldSong/1a9feb1269134312b66b4970f61731fb.woff2', 'client/fonts/KingHwa_OldSong/1ae76345395976fcd4256ce0b549fb47.woff2', 'client/fonts/KingHwa_OldSong/1aea8e7847107f4ca91e4535cc6963c4.woff2', 'client/fonts/KingHwa_OldSong/1ba62ef66984364f56b4fd6d25f3d630.woff2', 'client/fonts/KingHwa_OldSong/1c2611b6dd7dddfa2066f17ea34297c9.woff2', 'client/fonts/KingHwa_OldSong/1c3beee96a4ac36788c884c9ef31360b.woff2', 'client/fonts/KingHwa_OldSong/1c853c865f0fa88b22d20cc5b0c5903a.woff2', 'client/fonts/KingHwa_OldSong/1cd0bd4c2f028b86710010bf544157ff.woff2', 'client/fonts/KingHwa_OldSong/1d08c9abd9fadb1cd26d292254ce0fb9.woff2', 'client/fonts/KingHwa_OldSong/1d497c7d38b5c6fcfa53779f93cd8ac4.woff2', 'client/fonts/KingHwa_OldSong/1d8715c025cf9fce7bfc9a23758aba0d.woff2', 'client/fonts/KingHwa_OldSong/1dad15cf46df836798c7aa67c5e580c9.woff2', 'client/fonts/KingHwa_OldSong/1e3660dfc816de2d1ad7b6581bd03dc3.woff2', 'client/fonts/KingHwa_OldSong/1e5f0d180e7638e09945f86d8c6b0d1d.woff2', 'client/fonts/KingHwa_OldSong/1e9b3d5b40f16e3374c89a1de032383e.woff2', 'client/fonts/KingHwa_OldSong/1efb5bb1bba0ead044a34e545c183b7f.woff2', 'client/fonts/KingHwa_OldSong/1f9ee09d7addca610ddc71d980330b9a.woff2', 'client/fonts/KingHwa_OldSong/1fdf9b5da1b845cf802d19330c78c34e.woff2', 'client/fonts/KingHwa_OldSong/20da277ac442075a88a07412ac8d1d3d.woff2', 'client/fonts/KingHwa_OldSong/210994c9699bd97ee2afe192a2cb04c5.woff2', 'client/fonts/KingHwa_OldSong/2150537834736adb451bd370f742a276.woff2', 'client/fonts/KingHwa_OldSong/21fdf931d1cf29e3b8001ec29e17b785.woff2', 'client/fonts/KingHwa_OldSong/22cb42e5cf307e7509a938e2e91f8dd2.woff2', 'client/fonts/KingHwa_OldSong/230f2db1d74acdcec8c4ba37c236d839.woff2', 'client/fonts/KingHwa_OldSong/2379b458451d70794fdf7ab0b4c12c06.woff2', 'client/fonts/KingHwa_OldSong/2406120554e92377bb1cc2930431f5cc.woff2', 'client/fonts/KingHwa_OldSong/245fcc2b34ed24bcc0460cca4fe3c95f.woff2', 'client/fonts/KingHwa_OldSong/24a64022d8faea5aebe8d835edb838f9.woff2', 'client/fonts/KingHwa_OldSong/24b9f4b23d4fc9dd577e7f91ac692e82.woff2', 'client/fonts/KingHwa_OldSong/250ba92a19d3bfe2767e8461e76beb71.woff2', 'client/fonts/KingHwa_OldSong/25bc73c039379c152039d381c3c44097.woff2', 'client/fonts/KingHwa_OldSong/26786308b62d9f0c3be799b425a836d1.woff2', 'client/fonts/KingHwa_OldSong/26a8a1f73b9586677a8e0839a712062a.woff2', 'client/fonts/KingHwa_OldSong/28dae7265ab47aa2ef85cf834c09f113.woff2', 'client/fonts/KingHwa_OldSong/2911c8a0db4e66634b3976a203d31777.woff2', 'client/fonts/KingHwa_OldSong/296410a16fa321e3263265676a2378a5.woff2', 'client/fonts/KingHwa_OldSong/29afd81fd93c3c30a1202cf381cada55.woff2', 'client/fonts/KingHwa_OldSong/29b8946452ab70cec87d5eebca5e1d00.woff2', 'client/fonts/KingHwa_OldSong/29e621d979c20fa34e00dd7f9dc8d055.woff2', 'client/fonts/KingHwa_OldSong/29fe62833aa3481478ba727c67f49c54.woff2', 'client/fonts/KingHwa_OldSong/2a2b9383645be30525c665d706b23437.woff2', 'client/fonts/KingHwa_OldSong/2ab4ba8038cb70427c6a53e08a671c2c.woff2', 'client/fonts/KingHwa_OldSong/2ac2c0212d319fc06d31ea739a04db6d.woff2', 'client/fonts/KingHwa_OldSong/2b4c4031b0accada19615cca4bde9386.woff2', 'client/fonts/KingHwa_OldSong/2b8ebf7422235ced7b3dba5f53a137e3.woff2', 'client/fonts/KingHwa_OldSong/2c210f234ad8d724f8aea9ef884edb66.woff2', 'client/fonts/KingHwa_OldSong/2d356204d101265b8b027466d10f61c3.woff2', 'client/fonts/KingHwa_OldSong/2de6c255af24d0d5e96dfa84b0acd218.woff2', 'client/fonts/KingHwa_OldSong/2f2e3939d3b57023d9aa4101fad88f37.woff2', 'client/fonts/KingHwa_OldSong/2f3121b7673bf7aa33d1180783898ca3.woff2', 'client/fonts/KingHwa_OldSong/2f67c6328a5360987d569d4e7fca13da.woff2', 'client/fonts/KingHwa_OldSong/2fc9b22868f286b382a94fea4bb73dc3.woff2', 'client/fonts/KingHwa_OldSong/2ff192bb30cfdb77c4358376424ecf93.woff2', 'client/fonts/KingHwa_OldSong/300ad98b84836cfaebd7b1b72c46fcd4.woff2', 'client/fonts/KingHwa_OldSong/30721970661aba9e68dbb7524ca4c81b.woff2', 'client/fonts/KingHwa_OldSong/30a3acc0b015df7808bf87b1ebaea4aa.woff2', 'client/fonts/KingHwa_OldSong/30e2c52ed932b006dd9936d08b22b3c4.woff2', 'client/fonts/KingHwa_OldSong/310bf223de9fd96e53fb6fb36d8079dd.woff2', 'client/fonts/KingHwa_OldSong/311e49e6815f475167ff7d7c0f6090bb.woff2', 'client/fonts/KingHwa_OldSong/31411ed382d3caa7b359c26088ad6f4e.woff2', 'client/fonts/KingHwa_OldSong/316ebfde3b9d59b1dc579fd21fa436f8.woff2', 'client/fonts/KingHwa_OldSong/31759e2688875cc5764c7430ef9e4924.woff2', 'client/fonts/KingHwa_OldSong/3245d3c1e5a9fedcf09b492c17a76d97.woff2', 'client/fonts/KingHwa_OldSong/328dc079478462c1cd50a7193683a028.woff2', 'client/fonts/KingHwa_OldSong/32faff8f6bd50a70972e1384917e5177.woff2', 'client/fonts/KingHwa_OldSong/349e40c1efee43cfcf2920c700ba3ca1.woff2', 'client/fonts/KingHwa_OldSong/3642e71efd62ff8df3b1f1ad141a6ae7.woff2', 'client/fonts/KingHwa_OldSong/36559f90cd5b92e2ac5ef67ff09d6627.woff2', 'client/fonts/KingHwa_OldSong/36b2c6a42ff171377eb3849475b46488.woff2', 'client/fonts/KingHwa_OldSong/3726612d40bb3bbee0719062fbe41079.woff2', 'client/fonts/KingHwa_OldSong/38b9f14cef2faa87ed450c190319981f.woff2', 'client/fonts/KingHwa_OldSong/39f6a7ab0ec4113c2ff00bd672a2770e.woff2', 'client/fonts/KingHwa_OldSong/3ae1d408593e98dfcb7b61ab25839704.woff2', 'client/fonts/KingHwa_OldSong/3d6b9dae7dbcd40c096c8f9eb5bd4e52.woff2', 'client/fonts/KingHwa_OldSong/3dda4df8e46af83ac0256c3b31be28ab.woff2', 'client/fonts/KingHwa_OldSong/3ebc0f8494fd3aa0b144bc44d9db39b8.woff2', 'client/fonts/KingHwa_OldSong/3f2770f1bc9b51f9256f3262aff08e17.woff2', 'client/fonts/KingHwa_OldSong/401f7e68518880b37ec94f84f70509cd.woff2', 'client/fonts/KingHwa_OldSong/40d446c2a96b81bfa2db4e3a3554f72a.woff2', 'client/fonts/KingHwa_OldSong/40f1b7bfa480d929ed0c7aa5847f09c8.woff2', 'client/fonts/KingHwa_OldSong/4236cd89999a47b9fe13ee8c5096da2f.woff2', 'client/fonts/KingHwa_OldSong/424d63c1065b520bc2fabf6c8a5d4252.woff2', 'client/fonts/KingHwa_OldSong/431790c564eb43cb0d3731a70e1e87e4.woff2', 'client/fonts/KingHwa_OldSong/43876f789809fd29bb2c9405dd4f9015.woff2', 'client/fonts/KingHwa_OldSong/444c19d8810c86a3059e6f40239d2b31.woff2', 'client/fonts/KingHwa_OldSong/444c22f59cd96871415ff7d4e6afda04.woff2', 'client/fonts/KingHwa_OldSong/445571dd5717c004248848655f9c1c0a.woff2', 'client/fonts/KingHwa_OldSong/4630ff2e4105f0cf0e44fac0ef24e58a.woff2', 'client/fonts/KingHwa_OldSong/475fdaba4806f3fa48a6a22c30cf1c9b.woff2', 'client/fonts/KingHwa_OldSong/4785076516801118f3abb373ac40839d.woff2', 'client/fonts/KingHwa_OldSong/47aca53ac713a0fcfcc433bed51d83ce.woff2', 'client/fonts/KingHwa_OldSong/47cbf979498c7e7b6063f55bfda05280.woff2', 'client/fonts/KingHwa_OldSong/489bd2d11a9257dc67968db877b1e9c0.woff2', 'client/fonts/KingHwa_OldSong/48fb8b4821f4ed0f250ec5bba16a2822.woff2', 'client/fonts/KingHwa_OldSong/494e6faa4f40f9cf15f6051a93919441.woff2', 'client/fonts/KingHwa_OldSong/49a6d98d39c920a6a7d2c1912b5dfb95.woff2', 'client/fonts/KingHwa_OldSong/4a92e92964207c030126489099d26590.woff2', 'client/fonts/KingHwa_OldSong/4ace8e5c862b412a8c6bf3947c8e79d6.woff2', 'client/fonts/KingHwa_OldSong/4b3ac3b2b48e77e09009fabfffaf54bc.woff2', 'client/fonts/KingHwa_OldSong/4b3df4dfd6720c9679b9f09fe31670d5.woff2', 'client/fonts/KingHwa_OldSong/4b5eaf7282ee90ebdd8372a7fb553f59.woff2', 'client/fonts/KingHwa_OldSong/4bd3d60bdafc87bd11bfd521bb8db20c.woff2', 'client/fonts/KingHwa_OldSong/4be89ff03d34e7a5afebc1709b435a60.woff2', 'client/fonts/KingHwa_OldSong/4c0581f37146ddb9552aa3b3c725d4b2.woff2', 'client/fonts/KingHwa_OldSong/4ce4e872135c0f80f4cfabf9c42a50df.woff2', 'client/fonts/KingHwa_OldSong/4d187ee5110771326ba116f6caf9a9c2.woff2', 'client/fonts/KingHwa_OldSong/4d26cc4475b91a7b5f823f7952aa1032.woff2', 'client/fonts/KingHwa_OldSong/4e09b82d15072175312e84e81b4a3ccb.woff2', 'client/fonts/KingHwa_OldSong/4e6db5b8f9000cbbaa7027240bfb7a98.woff2', 'client/fonts/KingHwa_OldSong/4ec9d5e2607055c4aadc741efe4b9d3d.woff2', 'client/fonts/KingHwa_OldSong/4edbb9f01416725cdb4f97e2cd4dcd22.woff2', 'client/fonts/KingHwa_OldSong/4f1bbeeac46a38bd4a91b1e1fdc683c9.woff2', 'client/fonts/KingHwa_OldSong/4f7c8cff67d17923582d8608b97a39b8.woff2', 'client/fonts/KingHwa_OldSong/4fc631fec0b289e5a6ed38a910fbe141.woff2', 'client/fonts/KingHwa_OldSong/508bb49a5e24ad5b43cbc496dae91022.woff2', 'client/fonts/KingHwa_OldSong/50dd5681118172c7034ec2fc6f819d7e.woff2', 'client/fonts/KingHwa_OldSong/5107c40bd7a5566c6b25df64518ff5fc.woff2', 'client/fonts/KingHwa_OldSong/51442b34afd340acabd181cca86badc6.woff2', 'client/fonts/KingHwa_OldSong/516713d2cf3418c3739d8dc020ff009b.woff2', 'client/fonts/KingHwa_OldSong/527a9f5ef19f829deef0c8a4aa5b6504.woff2', 'client/fonts/KingHwa_OldSong/52a09e1403d1e8c4ae8db6a1c9b4d187.woff2', 'client/fonts/KingHwa_OldSong/52ab039ece0b9d5213beeeb70010a011.woff2', 'client/fonts/KingHwa_OldSong/530fa0436f4ea46506681ebec2e88bac.woff2', 'client/fonts/KingHwa_OldSong/53efaf56f5d415ff6711149ec4e0c848.woff2', 'client/fonts/KingHwa_OldSong/544c0bdd4de50cef72d87a14592e5da7.woff2', 'client/fonts/KingHwa_OldSong/5595a8addb9776e3f22844d2c9d21ba3.woff2', 'client/fonts/KingHwa_OldSong/55db3aaef99f72fdb5c56968c5c496be.woff2', 'client/fonts/KingHwa_OldSong/56238df4b70f5b6555454e1b3ab8f4c7.woff2', 'client/fonts/KingHwa_OldSong/5766eb72c76ff269c4a5963ed2a6516e.woff2', 'client/fonts/KingHwa_OldSong/57d188fa730c2c20bed650f49c0892ed.woff2', 'client/fonts/KingHwa_OldSong/58dc3e0a954f4a8aa20a87f77e9fde1a.woff2', 'client/fonts/KingHwa_OldSong/59076b1d3246fcf4b972d713963dc132.woff2', 'client/fonts/KingHwa_OldSong/590baa6a0df18c533b0eb39d7afe50de.woff2', 'client/fonts/KingHwa_OldSong/599f7bde4ab80aa7d243ccba12ceffb8.woff2', 'client/fonts/KingHwa_OldSong/59ff4841bb5e12cead1b40097b279140.woff2', 'client/fonts/KingHwa_OldSong/5b4da6095d26c740966b6a4b37a69c9a.woff2', 'client/fonts/KingHwa_OldSong/5c005ef0946892105f42a2407bebab16.woff2', 'client/fonts/KingHwa_OldSong/5c1681ab1bf52658d0375b9d0e685be9.woff2', 'client/fonts/KingHwa_OldSong/5c1b9f0d7788954c5dedf14bad4365eb.woff2', 'client/fonts/KingHwa_OldSong/5cb2735b38dfe5d7ec2f4fbf32e96808.woff2', 'client/fonts/KingHwa_OldSong/5df2043baedb7dd13b43b16ee33bd4f4.woff2', 'client/fonts/KingHwa_OldSong/5fa0916f55dbccb4b62dd6d273b1cab9.woff2', 'client/fonts/KingHwa_OldSong/6038957f89e1576101a5587befb15747.woff2', 'client/fonts/KingHwa_OldSong/60656c09c011f7277ff0bfef74df9663.woff2', 'client/fonts/KingHwa_OldSong/61f640fcd83b9195a968176a94853b04.woff2', 'client/fonts/KingHwa_OldSong/628f4b5403ec82b53300a64996454c79.woff2', 'client/fonts/KingHwa_OldSong/6337c1e68611139629a3bb03cc3c2887.woff2', 'client/fonts/KingHwa_OldSong/63827d5c036e4d51677b604fb9cd6ae0.woff2', 'client/fonts/KingHwa_OldSong/639f5dbc873a00d4dc6c1a567bd1ea21.woff2', 'client/fonts/KingHwa_OldSong/63d7f66c6be8dbafd2da98113920cb5c.woff2', 'client/fonts/KingHwa_OldSong/6475f29060dff1d01d31d91ed2916776.woff2', 'client/fonts/KingHwa_OldSong/652c08da760dd305d99b0be64e183c1f.woff2', 'client/fonts/KingHwa_OldSong/65a92d1c0b81e3e2ef1fcf94c9a9ca64.woff2', 'client/fonts/KingHwa_OldSong/65de9fa30d308d907acb2c01cb4032be.woff2', 'client/fonts/KingHwa_OldSong/6601b81c56cd74cfc3eba31dbfd2c05c.woff2', 'client/fonts/KingHwa_OldSong/668a997e6977010b58e9de6f0f6db84b.woff2', 'client/fonts/KingHwa_OldSong/66ec2b592af6d8985d3b45bc826160b4.woff2', 'client/fonts/KingHwa_OldSong/670cb03331780f4084e0046d477ea5ac.woff2', 'client/fonts/KingHwa_OldSong/673c9c006b3fdc0604d78300761abb9a.woff2', 'client/fonts/KingHwa_OldSong/691e37a099fbd452372d7f9d48756622.woff2', 'client/fonts/KingHwa_OldSong/699d9642bf791a49758f998d174635dd.woff2', 'client/fonts/KingHwa_OldSong/69bf534429177c768ac01cd54dc1851d.woff2', 'client/fonts/KingHwa_OldSong/69db819bdd727e9f67622cf8131c8cd6.woff2', 'client/fonts/KingHwa_OldSong/6a185c4c4525ccc2d466c914b95b85b0.woff2', 'client/fonts/KingHwa_OldSong/6baeb8eb01185e7bc0ee209d3f479164.woff2', 'client/fonts/KingHwa_OldSong/6cc5c66111bb9dd6c38c1c8ce41204d0.woff2', 'client/fonts/KingHwa_OldSong/6d70f0c28a8362f1b99786c2cce3483b.woff2', 'client/fonts/KingHwa_OldSong/6e0a53dc485020503859e4d04cef6341.woff2', 'client/fonts/KingHwa_OldSong/6e1e83af011e30f7eb5fa9d2afcd5e1e.woff2', 'client/fonts/KingHwa_OldSong/6e3d0d772ff508debac9d09be95db10f.woff2', 'client/fonts/KingHwa_OldSong/6e86782476e6c455bb22ff14cb9eb106.woff2', 'client/fonts/KingHwa_OldSong/6edf8ec8ef4ccd8a924777a027ded475.woff2', 'client/fonts/KingHwa_OldSong/6f19d4397dcc4b7f31c92bca33c451e7.woff2', 'client/fonts/KingHwa_OldSong/702d1fdf36b67380564e49aa23ec7aaa.woff2', 'client/fonts/KingHwa_OldSong/705732915f3fc7b15dd5bf0026aeea6d.woff2', 'client/fonts/KingHwa_OldSong/70cab0ca94ae76e43b7112e7db1fe05e.woff2', 'client/fonts/KingHwa_OldSong/70dc8ffaa22db176cff890f9bfe5ff30.woff2', 'client/fonts/KingHwa_OldSong/71576e33402f0c3a7ac25c8c15aa7281.woff2', 'client/fonts/KingHwa_OldSong/715e43376a0d4a010faa97dbd3955ab9.woff2', 'client/fonts/KingHwa_OldSong/7224bbfcfd7df1f3f3b9fb44738b54b7.woff2', 'client/fonts/KingHwa_OldSong/7281751ca4be25d6c3696da912217453.woff2', 'client/fonts/KingHwa_OldSong/74628e7c904711d1ac8dd9b96d7e14dc.woff2', 'client/fonts/KingHwa_OldSong/74d63bf6b7b890d040ab1a141b6aa940.woff2', 'client/fonts/KingHwa_OldSong/760eb768c6bbc140b5da48de3707d07d.woff2', 'client/fonts/KingHwa_OldSong/768b28e6baaa8d3b4cdd58fc8735907e.woff2', 'client/fonts/KingHwa_OldSong/76b944c80482c1294d9c7f5d7843c68c.woff2', 'client/fonts/KingHwa_OldSong/77325c4565a5217d7ddefe6b1f9ae932.woff2', 'client/fonts/KingHwa_OldSong/77e0845c54a224d3c9992db79fb76675.woff2', 'client/fonts/KingHwa_OldSong/780768457593cb04ad12d336fe5ad936.woff2', 'client/fonts/KingHwa_OldSong/78721f4403ebafb7f3638e13c9472a9a.woff2', 'client/fonts/KingHwa_OldSong/7886fc946be659fc9aeadc5f5573e7c7.woff2', 'client/fonts/KingHwa_OldSong/78aa0196335e76ff9b7df07ad0824265.woff2', 'client/fonts/KingHwa_OldSong/7ba3dbd8b688410bee5de9e59b48ba63.woff2', 'client/fonts/KingHwa_OldSong/7c5486305486810bb55f35af3c810d9d.woff2', 'client/fonts/KingHwa_OldSong/7ceb755ccab76f20db34d8531dd9eed3.woff2', 'client/fonts/KingHwa_OldSong/7cec3533fa2400bc4f8a5505150a4dfb.woff2', 'client/fonts/KingHwa_OldSong/7d004b9f830992ccf1348de81946e28a.woff2', 'client/fonts/KingHwa_OldSong/7d4d77ac84531df49782cf5a7b68d336.woff2', 'client/fonts/KingHwa_OldSong/7e0f0d411e6b88a0f83ce5972907dbd6.woff2', 'client/fonts/KingHwa_OldSong/7ef498d4cd31e8d30dc6e1943ab1c05e.woff2', 'client/fonts/KingHwa_OldSong/7f01343b9c743607d4ba467e90f91e94.woff2', 'client/fonts/KingHwa_OldSong/7f176ff44d98024b5729fff1d071ae68.woff2', 'client/fonts/KingHwa_OldSong/7f1a80f16339fa263d7886849f46153c.woff2', 'client/fonts/KingHwa_OldSong/7f4b035a3d7e5f6bffba8563a10d4763.woff2', 'client/fonts/KingHwa_OldSong/7f5739ee1fb7188f6f1d130bfc400fcc.woff2', 'client/fonts/KingHwa_OldSong/7fa48a5824ec50eb71f533b0d96dbba1.woff2', 'client/fonts/KingHwa_OldSong/80882b6bb51f26887f5b581344b67dfa.woff2', 'client/fonts/KingHwa_OldSong/80b0f3c84ed6c93822f21d25154c518c.woff2', 'client/fonts/KingHwa_OldSong/80dc5dd103a8a5878f9f0dec63f353f4.woff2', 'client/fonts/KingHwa_OldSong/8115692ee86a8231dfa0ac1de9dbf408.woff2', 'client/fonts/KingHwa_OldSong/818d420d92be949a0d015d1afd6430ca.woff2', 'client/fonts/KingHwa_OldSong/82554797a5e68a50590586698a20e19e.woff2', 'client/fonts/KingHwa_OldSong/828b22887056f987c52b20ff97aae665.woff2', 'client/fonts/KingHwa_OldSong/84b15884b96cf2cca9874b40f8c7e9b3.woff2', 'client/fonts/KingHwa_OldSong/85628b05ecfbdf4ff715a13844b55a9d.woff2', 'client/fonts/KingHwa_OldSong/85e4bf8b039ccb1b8d383bde54c1ec17.woff2', 'client/fonts/KingHwa_OldSong/872274c1db6e1fb992da40defc393f7a.woff2', 'client/fonts/KingHwa_OldSong/88326c51dfaa75161e166e6f9f100ec5.woff2', 'client/fonts/KingHwa_OldSong/885507e49db533947b4814db26bea42f.woff2', 'client/fonts/KingHwa_OldSong/886976f5b9bbe64d25c876a237d97baa.woff2', 'client/fonts/KingHwa_OldSong/88ecbccc47d5ce605bd5ee55a645d5be.woff2', 'client/fonts/KingHwa_OldSong/891d283dabadb6e8abfb6e97a4e3b011.woff2', 'client/fonts/KingHwa_OldSong/893ac9a3edb0f8933939d940015d369e.woff2', 'client/fonts/KingHwa_OldSong/8add57c6865102de22cdbec049ac1ed4.woff2', 'client/fonts/KingHwa_OldSong/8b287dbec803111fb342c9e4fa5acdf5.woff2', 'client/fonts/KingHwa_OldSong/8bbdf0c6d1a51ec40c21f6954d0b3e6b.woff2', 'client/fonts/KingHwa_OldSong/8bd3958dd5fd0dc7ce86ec9af17d7abd.woff2', 'client/fonts/KingHwa_OldSong/8c8a4aebc64e072529fb8d59a777845a.woff2', 'client/fonts/KingHwa_OldSong/8c8c8453e392201dbf1aea9cfcbec32d.woff2', 'client/fonts/KingHwa_OldSong/8ce35feb77cd82e7f80c1591482be721.woff2', 'client/fonts/KingHwa_OldSong/8cfcdeecfc873f901c3447320f5a72bf.woff2', 'client/fonts/KingHwa_OldSong/8d26d0b21995d73a29a4c54b43fd951e.woff2', 'client/fonts/KingHwa_OldSong/8ebaf6da88e83e33c0bb064323443c79.woff2', 'client/fonts/KingHwa_OldSong/8f70efc201a37f2cd7bb7b3c672fe1f9.woff2', 'client/fonts/KingHwa_OldSong/8ff7915edbefcff756849d4ad02ed814.woff2', 'client/fonts/KingHwa_OldSong/904aa8f534e052e266a2a80e75cf65db.woff2', 'client/fonts/KingHwa_OldSong/90525d89c1305299f6ec510dc12cfb7b.woff2', 'client/fonts/KingHwa_OldSong/9070ad3625aec4340eb86d5171c0f5a8.woff2', 'client/fonts/KingHwa_OldSong/90808dd520df3ef9b4d553366a167b19.woff2', 'client/fonts/KingHwa_OldSong/913ea872157ca3b14c31ef50e4c7cc4d.woff2', 'client/fonts/KingHwa_OldSong/9225f44d6a43d4a230466d404260e5dc.woff2', 'client/fonts/KingHwa_OldSong/9246a6bc6b23cd5cb00722834de61bfb.woff2', 'client/fonts/KingHwa_OldSong/928d8616554d0a1f7211674ff6b53377.woff2', 'client/fonts/KingHwa_OldSong/929c93a13b9bcb3dee90634fbd0697a4.woff2', 'client/fonts/KingHwa_OldSong/92aa5f3f48dd5c45a9225725d03aa437.woff2', 'client/fonts/KingHwa_OldSong/92ef17cc741af3bd9dd643904530a8d7.woff2', 'client/fonts/KingHwa_OldSong/93690bed3dd5630d5aafb949d10348a8.woff2', 'client/fonts/KingHwa_OldSong/93a5abecf7e7486581c62ad0ba374980.woff2', 'client/fonts/KingHwa_OldSong/951c92dc21728e4df45e1d520818235f.woff2', 'client/fonts/KingHwa_OldSong/9539f8bbc509823a4c0c6f76fadbb931.woff2', 'client/fonts/KingHwa_OldSong/9828151a06a77c55267eb6a965a94261.woff2', 'client/fonts/KingHwa_OldSong/9878e621dab34844a608cfe6aac77472.woff2', 'client/fonts/KingHwa_OldSong/98bfc1e039782581e302acac47bf7e9f.woff2', 'client/fonts/KingHwa_OldSong/98f7124bb8b3d760ab03e0e77d1a5259.woff2', 'client/fonts/KingHwa_OldSong/99693cf012967c252e425a00cd27e0b8.woff2', 'client/fonts/KingHwa_OldSong/99bec8182407350a16e522e2fa516e89.woff2', 'client/fonts/KingHwa_OldSong/9a4ffcc244bff314489f5217271f784d.woff2', 'client/fonts/KingHwa_OldSong/9a8224a954d31882b39330598d8e892c.woff2', 'client/fonts/KingHwa_OldSong/9b15856729764611f37594d4ba00e608.woff2', 'client/fonts/KingHwa_OldSong/9b70e220c5769a3365709585f00d1ee9.woff2', 'client/fonts/KingHwa_OldSong/9c50213737b292a0bb6329fa021a338f.woff2', 'client/fonts/KingHwa_OldSong/9d4f9230c3f81f8e9abde3f9c1ea8117.woff2', 'client/fonts/KingHwa_OldSong/9d5645d5a17156eef15049c3c615adcb.woff2', 'client/fonts/KingHwa_OldSong/9d79f9ade62e84e26a731e34f972ef24.woff2', 'client/fonts/KingHwa_OldSong/9e156546655e5f7bee2b7681d78ade62.woff2', 'client/fonts/KingHwa_OldSong/9e249c21e192fe795a9a3481819d6e59.woff2', 'client/fonts/KingHwa_OldSong/9f44d163624f8ac1a1990e73ff0568ce.woff2', 'client/fonts/KingHwa_OldSong/9f52616b88e03bda03afb8a0f0ed2539.woff2', 'client/fonts/KingHwa_OldSong/9f55dd61d01c5870494ffea4faed0cca.woff2', 'client/fonts/KingHwa_OldSong/9f7fd6cad62e763fcf438b5ddc41d3af.woff2', 'client/fonts/KingHwa_OldSong/a074652eaeeb1d53a6c86140d7fe8843.woff2', 'client/fonts/KingHwa_OldSong/a097cc91affca1ed30c40b5b0d55557c.woff2', 'client/fonts/KingHwa_OldSong/a0a9f744b30d924b8fed428a1d7e8834.woff2', 'client/fonts/KingHwa_OldSong/a0d08f08cf1be3b96c77b0e136732a36.woff2', 'client/fonts/KingHwa_OldSong/a18cf883d1fa814764e9a198891bf79d.woff2', 'client/fonts/KingHwa_OldSong/a252d7c67aaad948bae8b119228404a3.woff2', 'client/fonts/KingHwa_OldSong/a26718b325ad4bb304ce088b8eec2541.woff2', 'client/fonts/KingHwa_OldSong/a27d7fb9cace5bfb5d28f4cb5a6f2669.woff2', 'client/fonts/KingHwa_OldSong/a43e1ddcfec805fd6d926166d431d4a6.woff2', 'client/fonts/KingHwa_OldSong/a4b7b7a4aae86aa984915b0adc9bb73c.woff2', 'client/fonts/KingHwa_OldSong/a518f0028b129e4937c2bb6e7db9552d.woff2', 'client/fonts/KingHwa_OldSong/a55ee9da4473b48b54e81a952ac34310.woff2', 'client/fonts/KingHwa_OldSong/a5a9f3c75aff0f1839150c99628263b1.woff2', 'client/fonts/KingHwa_OldSong/a649760420e8227105e7eba6edb93077.woff2', 'client/fonts/KingHwa_OldSong/a6afbfa757b21bda35927f00aadbf179.woff2', 'client/fonts/KingHwa_OldSong/a6cd32d092179e7e5498098568a8ac36.woff2', 'client/fonts/KingHwa_OldSong/a7db59697a5b68a96f2b64d720b241ca.woff2', 'client/fonts/KingHwa_OldSong/a83b4745e2b4367f0b8c16aea2de760e.woff2', 'client/fonts/KingHwa_OldSong/a83ba1d6e7e8e4bfce1d783899da7192.woff2', 'client/fonts/KingHwa_OldSong/a8aae955b2cd40460525a9ae4b8a1ffe.woff2', 'client/fonts/KingHwa_OldSong/a8fb8436237965e480b025e3209316d4.woff2', 'client/fonts/KingHwa_OldSong/ab3a575b2ad2aa94e8e006b638c36575.woff2', 'client/fonts/KingHwa_OldSong/abd92cc1f5ba49c00489e105131f1140.woff2', 'client/fonts/KingHwa_OldSong/abed36b8298f1b8884408bf3755d2927.woff2', 'client/fonts/KingHwa_OldSong/abf3b7a9a1dde0a59ec1e7f04efabce2.woff2', 'client/fonts/KingHwa_OldSong/acc08f92a4ee2097ac48b785fa99b8d9.woff2', 'client/fonts/KingHwa_OldSong/ad2587f0b1974c94900003d2d4369165.woff2', 'client/fonts/KingHwa_OldSong/aea546f2b1796328dcd4481e887c3215.woff2', 'client/fonts/KingHwa_OldSong/aeb6c8a5aa8555eb48425b8ed454676b.woff2', 'client/fonts/KingHwa_OldSong/af594b6dfbf15cb334af1d67dd0d094f.woff2', 'client/fonts/KingHwa_OldSong/afeda6805fae2391295dbc5a7d4fa6cc.woff2', 'client/fonts/KingHwa_OldSong/b0cab75b1a8c2797ee45f990312fbdb2.woff2', 'client/fonts/KingHwa_OldSong/b21107432796deeff41cf01ba34b0d77.woff2', 'client/fonts/KingHwa_OldSong/b22ea631ca806ffd3ffda1c3ef5b4ac3.woff2', 'client/fonts/KingHwa_OldSong/b3357435c5361d3874fc8e49dcd658bc.woff2', 'client/fonts/KingHwa_OldSong/b4dfd18c5f80b06d6c6a5334d107e709.woff2', 'client/fonts/KingHwa_OldSong/b7b2ba03fbc8feee24efcf9707ac5abc.woff2', 'client/fonts/KingHwa_OldSong/b7e804686d62d65d6b728c6016ab4931.woff2', 'client/fonts/KingHwa_OldSong/b83921f9ffb98fe5e8c5b826ad99c230.woff2', 'client/fonts/KingHwa_OldSong/b8a2e1efb7a9a12e253fc071a89d68b5.woff2', 'client/fonts/KingHwa_OldSong/b8bd661935449955e0c8901a8d08b433.woff2', 'client/fonts/KingHwa_OldSong/b8e012767d7147ad28ed090b3c71fc72.woff2', 'client/fonts/KingHwa_OldSong/b909adf482d708f48892c253330be51d.woff2', 'client/fonts/KingHwa_OldSong/b9101920f6bd733ed0ecee45dfcd28ac.woff2', 'client/fonts/KingHwa_OldSong/b92fdbd89630c512b1c2bb6c7f9d2243.woff2', 'client/fonts/KingHwa_OldSong/b96bdb2023f257f2a4aee7a7966d595f.woff2', 'client/fonts/KingHwa_OldSong/b9e94dacb1b0e1c6dff70bbd2c1ba389.woff2', 'client/fonts/KingHwa_OldSong/ba78ad4ca64fb0254feede42ef5f063d.woff2', 'client/fonts/KingHwa_OldSong/bab1f04c68881d65816148c7b36eb882.woff2', 'client/fonts/KingHwa_OldSong/bb6526cb03d726ad001577a5667f7272.woff2', 'client/fonts/KingHwa_OldSong/bb7543df6ce5fef37983ad291b039124.woff2', 'client/fonts/KingHwa_OldSong/bbb00069d549df8ed1c33ea094fb7bab.woff2', 'client/fonts/KingHwa_OldSong/bc3f968fe733a0bee97c8e0d335188fa.woff2', 'client/fonts/KingHwa_OldSong/bc4a2e1be987a48deea7f2a4b108e046.woff2', 'client/fonts/KingHwa_OldSong/bd4cd382a1c45ab416eba40d5ed60fde.woff2', 'client/fonts/KingHwa_OldSong/bda5d25b12278c28986b6483bd0b9304.woff2', 'client/fonts/KingHwa_OldSong/bdac8fe55bd5bc598a042d0b09a96abe.woff2', 'client/fonts/KingHwa_OldSong/bf01248132a09ca493684aadf7716314.woff2', 'client/fonts/KingHwa_OldSong/bf1e538955751b2ff316a096bec9a444.woff2', 'client/fonts/KingHwa_OldSong/bf7c4148695b421b5596516dc7fd5b7d.woff2', 'client/fonts/KingHwa_OldSong/bf968ce0a6169d83b5bdfe0ab5e007f5.woff2', 'client/fonts/KingHwa_OldSong/bfd83aa7ad79429409e95b78d932d76c.woff2', 'client/fonts/KingHwa_OldSong/c05c3211480a9ab3d0ca9f4bb5bc1e78.woff2', 'client/fonts/KingHwa_OldSong/c06cce85f2cefb2e4f681a1fe1c6b169.woff2', 'client/fonts/KingHwa_OldSong/c0c30116850082df583a127e7e9ce0f0.woff2', 'client/fonts/KingHwa_OldSong/c173607497edc19d703bd39276bf56ca.woff2', 'client/fonts/KingHwa_OldSong/c17646fd1e5f506bdbdbd8a6d735c3d5.woff2', 'client/fonts/KingHwa_OldSong/c1a16eef4a87cbc55dedd83322e8a679.woff2', 'client/fonts/KingHwa_OldSong/c28e8b6fa455cba29cc045707a91de8c.woff2', 'client/fonts/KingHwa_OldSong/c2ea60b79e5109a011e87bacf4126dde.woff2', 'client/fonts/KingHwa_OldSong/c325c60b16c2fa5484dcb3d16cf28c9b.woff2', 'client/fonts/KingHwa_OldSong/c39ea17d2fb80a0ef480a53709c1fc32.woff2', 'client/fonts/KingHwa_OldSong/c3be7453b16060da47d47244fc408848.woff2', 'client/fonts/KingHwa_OldSong/c3d2b00a1f42f9f769c255f2585aefc7.woff2', 'client/fonts/KingHwa_OldSong/c3e8f951c4a56028f502fd841d1b9b14.woff2', 'client/fonts/KingHwa_OldSong/c41d4c1f8a33b526606784250b0ab336.woff2', 'client/fonts/KingHwa_OldSong/c4337d6eb4f8f05aa2d943dc462b254c.woff2', 'client/fonts/KingHwa_OldSong/c476f3fa082de84c291c91680ebfdfc0.woff2', 'client/fonts/KingHwa_OldSong/c4865ffe8eda04b806f440f3466ffba9.woff2', 'client/fonts/KingHwa_OldSong/c4f9f2d693cc0315a5a449fb0837b072.woff2', 'client/fonts/KingHwa_OldSong/c835967fe688714e13df1b8ad9c5da04.woff2', 'client/fonts/KingHwa_OldSong/c839cee38502e12ae0fdf3ce3739d79a.woff2', 'client/fonts/KingHwa_OldSong/c87506207bf7d01fb7e9c35a403a82db.woff2', 'client/fonts/KingHwa_OldSong/c8c89de4e65954cbfc6ffe4e65b1593b.woff2', 'client/fonts/KingHwa_OldSong/c9375de569710f5eba44a69df4c17cc1.woff2', 'client/fonts/KingHwa_OldSong/ca232e1f4ad6689ddfda01dc362b8cd9.woff2', 'client/fonts/KingHwa_OldSong/caa647067ff25b5e30714e374574e8eb.woff2', 'client/fonts/KingHwa_OldSong/cacf3c0a4ad7ae0c1ad0627461b5506a.woff2', 'client/fonts/KingHwa_OldSong/caf7175c05d2d91e61995571bfc1f664.woff2', 'client/fonts/KingHwa_OldSong/cb9bc0aeaf3e811761913111e96ce92f.woff2', 'client/fonts/KingHwa_OldSong/cbb13b2a5fee85ae614c62c8802c0866.woff2', 'client/fonts/KingHwa_OldSong/cbd3ad575ac4c1cc887f2ed8ed0beaf1.woff2', 'client/fonts/KingHwa_OldSong/cbe0e4b40a38e25a3cb8a69eefd9d555.woff2', 'client/fonts/KingHwa_OldSong/cbf8b491f20de917dec73a918eaf5b00.woff2', 'client/fonts/KingHwa_OldSong/cc967ffc1325ac6dd516c64faa9db241.woff2', 'client/fonts/KingHwa_OldSong/ccafc6589d40111c533a9aed068c0dbe.woff2', 'client/fonts/KingHwa_OldSong/cdb2916a489475109f564e4f51fd8d36.woff2', 'client/fonts/KingHwa_OldSong/ce139942e48963a4853faf8311bf4044.woff2', 'client/fonts/KingHwa_OldSong/ce544728b1decee14a1883ec33ad56eb.woff2', 'client/fonts/KingHwa_OldSong/ce65f96a521f503e6b8cbebc8ca89376.woff2', 'client/fonts/KingHwa_OldSong/ce812c7bf9a719404d70c343680ceceb.woff2', 'client/fonts/KingHwa_OldSong/cf2ed5761bf60cb0b14db9c13519f158.woff2', 'client/fonts/KingHwa_OldSong/cf39a7bad9b53e4c52902bea53c38e8a.woff2', 'client/fonts/KingHwa_OldSong/d0d03ee08724d8f2fced2e88068105f2.woff2', 'client/fonts/KingHwa_OldSong/d1071376ca3a927bb249bf26325ea0af.woff2', 'client/fonts/KingHwa_OldSong/d1cf7bd8f4361ef75e99f56bfb49168b.woff2', 'client/fonts/KingHwa_OldSong/d2f9755d0a1ef8532be677fb1bf1c368.woff2', 'client/fonts/KingHwa_OldSong/d301cee919dff79a4efe82fd89ef4c3d.woff2', 'client/fonts/KingHwa_OldSong/d314a06fd1e038efb0375bb12ccbeb9f.woff2', 'client/fonts/KingHwa_OldSong/d44fe8ad917ebceee09516e8485c1950.woff2', 'client/fonts/KingHwa_OldSong/d4af057a5b7527d1f7f25938222d33fe.woff2', 'client/fonts/KingHwa_OldSong/d518424e410a332a77ce3a19f27ae82d.woff2', 'client/fonts/KingHwa_OldSong/d5bf921c69ef5f58dc193f1ba009babe.woff2', 'client/fonts/KingHwa_OldSong/d5fa43c62154a815fd4e4a701ef39ceb.woff2', 'client/fonts/KingHwa_OldSong/d642366c15cb5579a97df869c7d0d11a.woff2', 'client/fonts/KingHwa_OldSong/d69131afed4339ddbf96e931a1b2abee.woff2', 'client/fonts/KingHwa_OldSong/d741c9ad4dd53419544faab7e59e0cc5.woff2', 'client/fonts/KingHwa_OldSong/d758c9f3613963c0dd73bc1dac371976.woff2', 'client/fonts/KingHwa_OldSong/d7f77ed18dc1983da1cc174642586815.woff2', 'client/fonts/KingHwa_OldSong/d9dd94b3276bb19f4def84d171f1e8c7.woff2', 'client/fonts/KingHwa_OldSong/da494e87aa925b06c8271c769b1ec62e.woff2', 'client/fonts/KingHwa_OldSong/da65291d4bb54fd5a99e85573ef1950d.woff2', 'client/fonts/KingHwa_OldSong/daa218abd95f1d161512653b0592455e.woff2', 'client/fonts/KingHwa_OldSong/daa506fddfbb4ab2e66d870bec3d4a89.woff2', 'client/fonts/KingHwa_OldSong/dab9dd2966ee09aaaefb91476bd79aa0.woff2', 'client/fonts/KingHwa_OldSong/dad62efb1757091dc2228cf81398f420.woff2', 'client/fonts/KingHwa_OldSong/db2fe8b10e739bceefa00653ab120ad2.woff2', 'client/fonts/KingHwa_OldSong/dbb51fd4e017e6834d874e244daa5f20.woff2', 'client/fonts/KingHwa_OldSong/dbe0eccd0e7b6d18442f814864192fb7.woff2', 'client/fonts/KingHwa_OldSong/dc9ce25ce7a6c6e77d572121679591f3.woff2', 'client/fonts/KingHwa_OldSong/dd47a247b167a111195e4810efc18dca.woff2', 'client/fonts/KingHwa_OldSong/ddd5be63fcadd2063364b061ef6c7a1f.woff2', 'client/fonts/KingHwa_OldSong/de47077088d4e702af7d6504876ca196.woff2', 'client/fonts/KingHwa_OldSong/e00894e6b2d208f7e744d55e449414c2.woff2', 'client/fonts/KingHwa_OldSong/e025deac4e662c8f9925c6f584b8f67e.woff2', 'client/fonts/KingHwa_OldSong/e0e3546c91ff48a41e99a074e1ac3bb5.woff2', 'client/fonts/KingHwa_OldSong/e0faaa879550f0275665015c733fa016.woff2', 'client/fonts/KingHwa_OldSong/e1278c9acf4bba9d8be4572a660dba8d.woff2', 'client/fonts/KingHwa_OldSong/e1a2047b7c793fdd997f97bcec50d6bf.woff2', 'client/fonts/KingHwa_OldSong/e1f01f7b10fd3e49c0ef1fb6b14f5ee6.woff2', 'client/fonts/KingHwa_OldSong/e23af19af969c2d3ee75b8b645a11bb0.woff2', 'client/fonts/KingHwa_OldSong/e286bce9eccae6c97ed36352db7e43a6.woff2', 'client/fonts/KingHwa_OldSong/e37ff30aebb41096a4ea5d4a4fcbff7e.woff2', 'client/fonts/KingHwa_OldSong/e408b98dd7b572f67425b328e275699b.woff2', 'client/fonts/KingHwa_OldSong/e49ad07746ccf23bf15333cc0feda5d3.woff2', 'client/fonts/KingHwa_OldSong/e49c655077938fed4496195a0401f27d.woff2', 'client/fonts/KingHwa_OldSong/e4ffd62f7a49eb9cfcc0ecc1cc4dd2c1.woff2', 'client/fonts/KingHwa_OldSong/e51269ac376649437fc7c16a40fd6bb4.woff2', 'client/fonts/KingHwa_OldSong/e595c2025fe0007d64a1b1ebe6859113.woff2', 'client/fonts/KingHwa_OldSong/e5c77e4b789a86fc28ee5e43a3a530dd.woff2', 'client/fonts/KingHwa_OldSong/e6428d86df448369a328a494554c6006.woff2', 'client/fonts/KingHwa_OldSong/e6d4af0ca927b1f526fd26280785afa0.woff2', 'client/fonts/KingHwa_OldSong/e718743cf7d8a93e68c1209c042d6127.woff2', 'client/fonts/KingHwa_OldSong/e75c94b5fef34769a684eb5b37235329.woff2', 'client/fonts/KingHwa_OldSong/e907aa19e769406b96a2e60ad10f9957.woff2', 'client/fonts/KingHwa_OldSong/e93d210d7ed247297af98544cce6548a.woff2', 'client/fonts/KingHwa_OldSong/ea10e589a481a604bab6519a03a30c7b.woff2', 'client/fonts/KingHwa_OldSong/eb2ba499f32862bc31a1be3d74c40044.woff2', 'client/fonts/KingHwa_OldSong/eb2c5a7350aab018107b971a034ee9f8.woff2', 'client/fonts/KingHwa_OldSong/ec875164bb1adf5ab6c66f101877aa74.woff2', 'client/fonts/KingHwa_OldSong/ed42fd763159c41dc54ba99ed1e7de89.woff2', 'client/fonts/KingHwa_OldSong/ed461b024f6e59fa85213de453c41d57.woff2', 'client/fonts/KingHwa_OldSong/eee1b34f306319b56aa4262568aec956.woff2', 'client/fonts/KingHwa_OldSong/ef2485a889afca71bc36bcb7b25f0121.woff2', 'client/fonts/KingHwa_OldSong/ef59074b095ab777ee40e5ceda8d811d.woff2', 'client/fonts/KingHwa_OldSong/f0128fefdd9af108bb72ac1cca6a6dd0.woff2', 'client/fonts/KingHwa_OldSong/f06cee88eb9891611e9740be0432d28f.woff2', 'client/fonts/KingHwa_OldSong/f06d9d8d7e284359d61d722baeee6d44.woff2', 'client/fonts/KingHwa_OldSong/f074dab267793bbfeb1c91fed0166191.woff2', 'client/fonts/KingHwa_OldSong/f0eae44bbe215b173f5d57497b5e6752.woff2', 'client/fonts/KingHwa_OldSong/f2e3252b97e843c8e31b63fbc8ace923.woff2', 'client/fonts/KingHwa_OldSong/f3efeca08a62521121e03b46afb2e811.woff2', 'client/fonts/KingHwa_OldSong/f47c5925ba155bd76a4abdca59e09e9d.woff2', 'client/fonts/KingHwa_OldSong/f496577a21db9b117ffe9b5157a9d6ba.woff2', 'client/fonts/KingHwa_OldSong/f4e33351fde74c5f338af65ed65734ef.woff2', 'client/fonts/KingHwa_OldSong/f5913cab20b1fe015bbf1169060102fe.woff2', 'client/fonts/KingHwa_OldSong/f5ea49f16c0044cac37c0cad40874cd8.woff2', 'client/fonts/KingHwa_OldSong/f601bd1cc93942fb490cbce4d0aae840.woff2', 'client/fonts/KingHwa_OldSong/f64fa91e24ce4142d02d75d3d0ea5141.woff2', 'client/fonts/KingHwa_OldSong/f6b4ade937691f66dd307baa4d610101.woff2', 'client/fonts/KingHwa_OldSong/f819d169014c4ff8c45401b4c9523dec.woff2', 'client/fonts/KingHwa_OldSong/f94e4576cb90c2a0a66b3088124f844f.woff2', 'client/fonts/KingHwa_OldSong/f9f66d8ff0772e067cd94141c2cad814.woff2', 'client/fonts/KingHwa_OldSong/fab98003a996480a5089e8aa2a8532ba.woff2', 'client/fonts/KingHwa_OldSong/fb52e70c9e69df88bff6073589d54830.woff2', 'client/fonts/KingHwa_OldSong/fbb252116d9dfd90a67338c846bfa1ae.woff2', 'client/fonts/KingHwa_OldSong/fc4ede2bb043c59fa9ff21731de5dbc0.woff2', 'client/fonts/KingHwa_OldSong/fce8e8dc31f0a7cea8df9561a0783a9a.woff2', 'client/fonts/KingHwa_OldSong/fd34cf9a602968a949987a5f6960fd9e.woff2', 'client/fonts/KingHwa_OldSong/fde03f5e7d605da0146bcea9cba13eb2.woff2', 'client/fonts/KingHwa_OldSong/fe15a453824dce1d88b6fb75eb86bcff.woff2', 'client/fonts/KingHwa_OldSong/fe7ea9285ced679a61d13505f03a36b2.woff2', 'client/fonts/KingHwa_OldSong/fe8710096e21d8c9ec7ce7724b1dc025.woff2', 'client/fonts/KingHwa_OldSong/feb6984d54679bfd7a07d1a2daac5898.woff2', 'client/fonts/KingHwa_OldSong/fff99c17f02a84b39de5d32b503c6c0c.woff2', 'client/fonts/KingHwa_OldSong/result.css', 'client/fonts/LXGWWenKaiScreen.woff2', 'client/fonts/LXGWWenKaiScreen/001f77307f93c2c8843c8b4e70e0f781.woff2', 'client/fonts/LXGWWenKaiScreen/00c090c033bb6078d3ecd320f7e16cb7.woff2', 'client/fonts/LXGWWenKaiScreen/016bc70c34e896d38394470ea4ab73ae.woff2', 'client/fonts/LXGWWenKaiScreen/027b5f0bef879a5eb3e88cc71d935a4d.woff2', 'client/fonts/LXGWWenKaiScreen/03ffa7769c970c6be8306b6f64a6c6a5.woff2', 'client/fonts/LXGWWenKaiScreen/04551010429e205e5d5b3dabd13f8983.woff2', 'client/fonts/LXGWWenKaiScreen/05b01ad64879189bd9403cd8eca07b20.woff2', 'client/fonts/LXGWWenKaiScreen/05faf65333c5eb0d8493d48b39cc7340.woff2', 'client/fonts/LXGWWenKaiScreen/07187d986f18dc4b7717fe947578fbfa.woff2', 'client/fonts/LXGWWenKaiScreen/0729c10ecdd8d3b03760891d6183886b.woff2', 'client/fonts/LXGWWenKaiScreen/07ab05fb3f78137f4b20f22162951829.woff2', 'client/fonts/LXGWWenKaiScreen/088e8e44b77904a07e0d041e1a09bbaf.woff2', 'client/fonts/LXGWWenKaiScreen/089cb69f3b8adba7bc5b406513a9d1e7.woff2', 'client/fonts/LXGWWenKaiScreen/08a809410d04f726f986fc243fcf926b.woff2', 'client/fonts/LXGWWenKaiScreen/08ede52c192c26a1c706f89b812b7948.woff2', 'client/fonts/LXGWWenKaiScreen/08f8072f2ce70d45ef4dd381f27c8b42.woff2', 'client/fonts/LXGWWenKaiScreen/0a73188c5cb4a65d0fa9e30fb8c235f4.woff2', 'client/fonts/LXGWWenKaiScreen/0b25ea6b268a4be8e0d0728bb6327946.woff2', 'client/fonts/LXGWWenKaiScreen/0bcefa22172dbe9d1a857507930c5301.woff2', 'client/fonts/LXGWWenKaiScreen/0ce11194b3a906f10093e8ea6e98fbab.woff2', 'client/fonts/LXGWWenKaiScreen/0d0bfb9e35efe26b1559e4e8c169dfd7.woff2', 'client/fonts/LXGWWenKaiScreen/0d2aeb87af0c6163e74f353115d5ec55.woff2', 'client/fonts/LXGWWenKaiScreen/0e0988053193a3269c886ee635598fa0.woff2', 'client/fonts/LXGWWenKaiScreen/0ffd8a2ed71f41e2619f1f06c6988d59.woff2', 'client/fonts/LXGWWenKaiScreen/102dbf16c0287062416fd9610d9929e2.woff2', 'client/fonts/LXGWWenKaiScreen/1058eefa58c5087b346225af4bbd6abf.woff2', 'client/fonts/LXGWWenKaiScreen/10c593f69d46a7894f75bd151d60ef83.woff2', 'client/fonts/LXGWWenKaiScreen/1127ab207f886517d233be1b7a4aabbf.woff2', 'client/fonts/LXGWWenKaiScreen/134c2cb0eaa5e32ba486fc52af4cff2f.woff2', 'client/fonts/LXGWWenKaiScreen/13a23f3d39497b5c0679da6b87304f98.woff2', 'client/fonts/LXGWWenKaiScreen/141a640b8b82f7fca8346e89ae2ea487.woff2', 'client/fonts/LXGWWenKaiScreen/153e2805003fa60de0e73839db432c3f.woff2', 'client/fonts/LXGWWenKaiScreen/154e309f5f14e6a39f03b3ebf6379124.woff2', 'client/fonts/LXGWWenKaiScreen/161b16316cbebacd25514bbeb850871b.woff2', 'client/fonts/LXGWWenKaiScreen/176fc5f7ba50292b15854a311e440e13.woff2', 'client/fonts/LXGWWenKaiScreen/1898712298d1f4b8b413c2663f070848.woff2', 'client/fonts/LXGWWenKaiScreen/18c3900db3bb54dfcb51a918053c7c5c.woff2', 'client/fonts/LXGWWenKaiScreen/1b2d747dda9d975ac909db7aed384dc1.woff2', 'client/fonts/LXGWWenKaiScreen/1badc308d8d81e64f80a2fadec0fd8b4.woff2', 'client/fonts/LXGWWenKaiScreen/1f86f942d684b24f6642185319fe5429.woff2', 'client/fonts/LXGWWenKaiScreen/1fbd022659271d7c310d6019c531e52b.woff2', 'client/fonts/LXGWWenKaiScreen/20e331c0002d5194e81a9ec7688256b7.woff2', 'client/fonts/LXGWWenKaiScreen/2157a4918f3fa7695f6e3f777fca2a53.woff2', 'client/fonts/LXGWWenKaiScreen/22114850935b8472e81603e3146759dc.woff2', 'client/fonts/LXGWWenKaiScreen/23ad427e68370d3e23378e6d1831ad60.woff2', 'client/fonts/LXGWWenKaiScreen/24666f81828794b0ad339be11070ebb5.woff2', 'client/fonts/LXGWWenKaiScreen/2479a78f2b0cfcf9b7181ad1bc0300d1.woff2', 'client/fonts/LXGWWenKaiScreen/24aebe44647e6e51ac70d85b2ee9e122.woff2', 'client/fonts/LXGWWenKaiScreen/24cfbaf4875e679ee33aeca8cb53af9e.woff2', 'client/fonts/LXGWWenKaiScreen/24dfd6f888fa3a610f958edea9e74674.woff2', 'client/fonts/LXGWWenKaiScreen/26f1d8c205decbb2be26c585611e0949.woff2', 'client/fonts/LXGWWenKaiScreen/27e89a52dac5b2be172ee676e25acf9a.woff2', 'client/fonts/LXGWWenKaiScreen/289b89ca677c088cbe758f76b7775f03.woff2', 'client/fonts/LXGWWenKaiScreen/28d1d36cfe0577bdfee7c88f934c6e40.woff2', 'client/fonts/LXGWWenKaiScreen/29d3b75893c8139a29799116159b2715.woff2', 'client/fonts/LXGWWenKaiScreen/2be0489b5519d875f965d8f7c2a50d7b.woff2', 'client/fonts/LXGWWenKaiScreen/2c021f49be34e9b95852b61012c73fac.woff2', 'client/fonts/LXGWWenKaiScreen/2d9441d241252cfc0f4928f2348f6ab4.woff2', 'client/fonts/LXGWWenKaiScreen/2e33aadf8c3e69d032b9724cda9c08d1.woff2', 'client/fonts/LXGWWenKaiScreen/2efcf6b5baef12487042508b325c8f31.woff2', 'client/fonts/LXGWWenKaiScreen/2f04d8b0f6ef03d49d2708cd6cd4daf3.woff2', 'client/fonts/LXGWWenKaiScreen/32c3bb1a93871acfc323d23a3a27bb45.woff2', 'client/fonts/LXGWWenKaiScreen/35b718c98ecebd8c4daec79a339398a0.woff2', 'client/fonts/LXGWWenKaiScreen/365b749d433876f2ecea4f8d2c06e300.woff2', 'client/fonts/LXGWWenKaiScreen/38f363a58af8ea2885691df4058186eb.woff2', 'client/fonts/LXGWWenKaiScreen/39298fce0f726a206fcd4aa6f09157a9.woff2', 'client/fonts/LXGWWenKaiScreen/39887ac005c6af453d78988dc97f458c.woff2', 'client/fonts/LXGWWenKaiScreen/3b63ef8fd93e601cd78b56831e93c8fa.woff2', 'client/fonts/LXGWWenKaiScreen/3b6a3cccccd5b2696bfc78672d1b453d.woff2', 'client/fonts/LXGWWenKaiScreen/3c5b3626693ada4709479182ab9a3549.woff2', 'client/fonts/LXGWWenKaiScreen/3cb3cb5827cec6b087b358fedae2c9f6.woff2', 'client/fonts/LXGWWenKaiScreen/3d6b037038313205f0a039459184d24d.woff2', 'client/fonts/LXGWWenKaiScreen/3dfff31e737b2dc9fa5bb3569e66d252.woff2', 'client/fonts/LXGWWenKaiScreen/3e69e916449fc78e0b63bcae72a20325.woff2', 'client/fonts/LXGWWenKaiScreen/3e6fed3bafc08edab4ac629142a6e50f.woff2', 'client/fonts/LXGWWenKaiScreen/3ea4f45a2c8c5effecf52e5a09521e1a.woff2', 'client/fonts/LXGWWenKaiScreen/40a5cd0f9b3000a2bc40d8b0503bf925.woff2', 'client/fonts/LXGWWenKaiScreen/41e889449f02e216ff592daa36f31fed.woff2', 'client/fonts/LXGWWenKaiScreen/428ddd238e57d73854a2815da95276ee.woff2', 'client/fonts/LXGWWenKaiScreen/428fcb94487f40d3789d8daa2d6cce01.woff2', 'client/fonts/LXGWWenKaiScreen/4315368bc5e940a2a99a6e4100b27368.woff2', 'client/fonts/LXGWWenKaiScreen/44309f660c320d6981aedb2127241690.woff2', 'client/fonts/LXGWWenKaiScreen/450a68a8f039c5f899f7937b2512d3f9.woff2', 'client/fonts/LXGWWenKaiScreen/45204518150c46da547e2a247e7aa22c.woff2', 'client/fonts/LXGWWenKaiScreen/454dde47a02f880db530fcd2a2e252c4.woff2', 'client/fonts/LXGWWenKaiScreen/460fc53d6a3dcda7ef3a70d8ccb05500.woff2', 'client/fonts/LXGWWenKaiScreen/461167d0a6b743e19cf8efb3d229a0f0.woff2', 'client/fonts/LXGWWenKaiScreen/46254bbb5915eff3854e5138082c01b8.woff2', 'client/fonts/LXGWWenKaiScreen/466f55350b1a437f7a11fceb5801b625.woff2', 'client/fonts/LXGWWenKaiScreen/46c73b04ad14cb9f67cc3f8597bcdca4.woff2', 'client/fonts/LXGWWenKaiScreen/476e54370d2c33dd87fe29cb9b7360a1.woff2', 'client/fonts/LXGWWenKaiScreen/48018a8862db79c8dc66805211429f1a.woff2', 'client/fonts/LXGWWenKaiScreen/496cbf02d9bcce6e47b4f696c31ff35b.woff2', 'client/fonts/LXGWWenKaiScreen/49a7e091879e5d4fa89a96ccf7f1b72e.woff2', 'client/fonts/LXGWWenKaiScreen/4c9d85e8510b73e5d14eeb7b8ea171c1.woff2', 'client/fonts/LXGWWenKaiScreen/4e4e34084f3c86a67dd169831e631335.woff2', 'client/fonts/LXGWWenKaiScreen/4f52693e92d0d0ac3a7f5cede50073a6.woff2', 'client/fonts/LXGWWenKaiScreen/4f807c82725f4a77c2de7256b3b7f330.woff2', 'client/fonts/LXGWWenKaiScreen/4f85f85a5102a46959227d59ddd31050.woff2', 'client/fonts/LXGWWenKaiScreen/51744b210d8ff8d717eba54de427d086.woff2', 'client/fonts/LXGWWenKaiScreen/51d0813b8b996343e0ea42261266a900.woff2', 'client/fonts/LXGWWenKaiScreen/54527d81ceb6bb873914965d8c0995bc.woff2', 'client/fonts/LXGWWenKaiScreen/54a15b5fd8bcd6524c886b9cb8a6051a.woff2', 'client/fonts/LXGWWenKaiScreen/57acb6a483e53104f3aec0bb09e566c7.woff2', 'client/fonts/LXGWWenKaiScreen/589ddaaf0c3fab809a2a2738a2cc92e3.woff2', 'client/fonts/LXGWWenKaiScreen/5a25ada1b46769fbca849f7a655118ee.woff2', 'client/fonts/LXGWWenKaiScreen/5ddc9ea8aa709bde9173d40e88c16b23.woff2', 'client/fonts/LXGWWenKaiScreen/5df4f81136043eefce2f0a39e2c030fb.woff2', 'client/fonts/LXGWWenKaiScreen/5e25192b873b4681448f8a4eee6850b9.woff2', 'client/fonts/LXGWWenKaiScreen/5e38b169e28b3d1d555e238056cc38cc.woff2', 'client/fonts/LXGWWenKaiScreen/5f1830ebe2d939f40f4e33be2bbaaf4c.woff2', 'client/fonts/LXGWWenKaiScreen/5f8248b033a6f85d19472e370d56064b.woff2', 'client/fonts/LXGWWenKaiScreen/6001aa2d5fa491814e1cc268f3ab4a8e.woff2', 'client/fonts/LXGWWenKaiScreen/6059ab3d39fc4337520a18024d5ac7e2.woff2', 'client/fonts/LXGWWenKaiScreen/60674957f2a632dc3f5d59e781ce11db.woff2', 'client/fonts/LXGWWenKaiScreen/616abb8686172b665cecb78cf8e124c5.woff2', 'client/fonts/LXGWWenKaiScreen/61970abfa1124359621b11b86d173f17.woff2', 'client/fonts/LXGWWenKaiScreen/66400e331e43178f7e740dcc2efe50e7.woff2', 'client/fonts/LXGWWenKaiScreen/668fe09f6c5aa0df5e1255d4beadd539.woff2', 'client/fonts/LXGWWenKaiScreen/696eed6a9adfe069996b0c27404e51bf.woff2', 'client/fonts/LXGWWenKaiScreen/69b885f3ef876f2819a03cf4d74bae47.woff2', 'client/fonts/LXGWWenKaiScreen/69bbdfeee28756f956ebd8a957bf99c7.woff2', 'client/fonts/LXGWWenKaiScreen/6ada523550dbeeac57260b942fcb5920.woff2', 'client/fonts/LXGWWenKaiScreen/6b4c0c6d9897b2e3356b786339e16407.woff2', 'client/fonts/LXGWWenKaiScreen/6bc81e819e0f0baaf29f6c7f8f67807a.woff2', 'client/fonts/LXGWWenKaiScreen/6d2c1281fab241060c773d10df699332.woff2', 'client/fonts/LXGWWenKaiScreen/6e7540f3b96633498294ab6e4f41696b.woff2', 'client/fonts/LXGWWenKaiScreen/70fde68e4af8574970209f53ca5e407f.woff2', 'client/fonts/LXGWWenKaiScreen/715ae6726a87541a9c153a2aa0cb5828.woff2', 'client/fonts/LXGWWenKaiScreen/717b9faf7c3b98aec23402aaba0c5a88.woff2', 'client/fonts/LXGWWenKaiScreen/71cd8e573fb4d84aa6a69739ea52ee19.woff2', 'client/fonts/LXGWWenKaiScreen/723bacfa589b2321d07c83e7aaba9b40.woff2', 'client/fonts/LXGWWenKaiScreen/725a2d39d9f31915a96f6a233d8f21a0.woff2', 'client/fonts/LXGWWenKaiScreen/7268902693c9834b40ddc9d93f06095b.woff2', 'client/fonts/LXGWWenKaiScreen/729f8a518fc99c731886d05fab0d585f.woff2', 'client/fonts/LXGWWenKaiScreen/730d5c8e64dd4d48e05e718cfbe6e723.woff2', 'client/fonts/LXGWWenKaiScreen/73562a877be5afa52ac1d9ef7e3a2deb.woff2', 'client/fonts/LXGWWenKaiScreen/73ad45054ecd240d36057dee321133c3.woff2', 'client/fonts/LXGWWenKaiScreen/73b51b55ef4d7bdfc0db817b20328f46.woff2', 'client/fonts/LXGWWenKaiScreen/74d2c491d2c31920cd1a67daabfe948f.woff2', 'client/fonts/LXGWWenKaiScreen/7525af53a0c47193bae8bc3b99b1f072.woff2', 'client/fonts/LXGWWenKaiScreen/760c813ec4e6f0044b5cc087d6aa766f.woff2', 'client/fonts/LXGWWenKaiScreen/76d7b602cb0bb6df28c32f1deba70dab.woff2', 'client/fonts/LXGWWenKaiScreen/76ee47180a11d90814ed78be7d026982.woff2', 'client/fonts/LXGWWenKaiScreen/77b0ba2fca691a6a1cb07697f8e7e436.woff2', 'client/fonts/LXGWWenKaiScreen/784ce4bc5f2e6bdd5eba448973757c25.woff2', 'client/fonts/LXGWWenKaiScreen/794893e44ecdcba48cbea699e46693e1.woff2', 'client/fonts/LXGWWenKaiScreen/795db8a17f0f03434f923e20cb389e7b.woff2', 'client/fonts/LXGWWenKaiScreen/797b0bc4e3aff47a02b0c29847658b6e.woff2', 'client/fonts/LXGWWenKaiScreen/7aad6eef61f97bd738aeaa0717ffb38c.woff2', 'client/fonts/LXGWWenKaiScreen/7d2e4f1eca8607c9d844e098bba3d14e.woff2', 'client/fonts/LXGWWenKaiScreen/7d82e2826ff3f34252d47f5125546149.woff2', 'client/fonts/LXGWWenKaiScreen/7e40e6d4adc5b7093525161726257545.woff2', 'client/fonts/LXGWWenKaiScreen/802fb75916a6137a0be8571ec95943d6.woff2', 'client/fonts/LXGWWenKaiScreen/81a9e8086b6c6b13d9ce01c8217b00fc.woff2', 'client/fonts/LXGWWenKaiScreen/8217c4ddeae57d406b7c9b76496329d4.woff2', 'client/fonts/LXGWWenKaiScreen/8239141a2cc61355187a31f5c85f1d3c.woff2', 'client/fonts/LXGWWenKaiScreen/84ab7995b66545d213db5ce668fc6d6d.woff2', 'client/fonts/LXGWWenKaiScreen/84fbe96a2eded30777f4672286d41eb3.woff2', 'client/fonts/LXGWWenKaiScreen/85a05ce0c436b0670e6cfe4ba9bdaeba.woff2', 'client/fonts/LXGWWenKaiScreen/86963006c212aa146a9aecec9b65c731.woff2', 'client/fonts/LXGWWenKaiScreen/886b118527e44a2f2b8336ddc18f451b.woff2', 'client/fonts/LXGWWenKaiScreen/8962eee041d4d0f6593eb0f8d553f1b9.woff2', 'client/fonts/LXGWWenKaiScreen/8ab7e7b72c7dceb2b0da093f7138b477.woff2', 'client/fonts/LXGWWenKaiScreen/8b8ce1907914376565055dc83b271c98.woff2', 'client/fonts/LXGWWenKaiScreen/8bfe6fae7f8eca98ef0c47b98740d28c.woff2', 'client/fonts/LXGWWenKaiScreen/8e945ff49e395a526d7686c6720e49d5.woff2', 'client/fonts/LXGWWenKaiScreen/8ee586a0cae1bb91a500c11b86dc5351.woff2', 'client/fonts/LXGWWenKaiScreen/8fdef0f45f858789d17fab04359eb628.woff2', 'client/fonts/LXGWWenKaiScreen/91bd352d74c172d7c5548bb8f54db4a1.woff2', 'client/fonts/LXGWWenKaiScreen/91f3ff7b872c722c049ccee5ec029244.woff2', 'client/fonts/LXGWWenKaiScreen/9223e4ddcffbeaec28f3c5982a31132f.woff2', 'client/fonts/LXGWWenKaiScreen/9226bd6b6496c5b2dde587a2f3ceef6d.woff2', 'client/fonts/LXGWWenKaiScreen/923f2c5f1ee394d75a434892fe52a1fc.woff2', 'client/fonts/LXGWWenKaiScreen/9243651f8330ee89206723ac2c5d2adb.woff2', 'client/fonts/LXGWWenKaiScreen/9254cf2fa40fea63598ba6c0942f1e26.woff2', 'client/fonts/LXGWWenKaiScreen/92bfe34c2c4886c4a319251c43fb9337.woff2', 'client/fonts/LXGWWenKaiScreen/933d8003bc2f7c4c00ccaf808a47fe4b.woff2', 'client/fonts/LXGWWenKaiScreen/954b592fff5abdd10475494d5f497946.woff2', 'client/fonts/LXGWWenKaiScreen/96eb7e3080bf350954237815b6cbc70f.woff2', 'client/fonts/LXGWWenKaiScreen/9850d0146e2a8f5f218a1cfbc7864dc9.woff2', 'client/fonts/LXGWWenKaiScreen/9929aaed24f61ae6ffd9206a669a79b1.woff2', 'client/fonts/LXGWWenKaiScreen/9b1831effb1b569e5a6e7ab67e442f20.woff2', 'client/fonts/LXGWWenKaiScreen/9b9defe919a15a75feaca258c83146a1.woff2', 'client/fonts/LXGWWenKaiScreen/9bd17b2d4da087d0bef5b46e23735d56.woff2', 'client/fonts/LXGWWenKaiScreen/9c9161c54463132ead4dfcd28f3cf75e.woff2', 'client/fonts/LXGWWenKaiScreen/9d672251f056c38ff5766f28f59393ba.woff2', 'client/fonts/LXGWWenKaiScreen/9e554b02838bf65860788b4cf956059c.woff2', 'client/fonts/LXGWWenKaiScreen/a127e4de6db19d7981914be931dac290.woff2', 'client/fonts/LXGWWenKaiScreen/a18efc9e744d8df1e7ea131d2433b6cb.woff2', 'client/fonts/LXGWWenKaiScreen/a420d45dab8c8a54fc84d6339899226a.woff2', 'client/fonts/LXGWWenKaiScreen/a4768fc97f73e8c00447dca6d1db6808.woff2', 'client/fonts/LXGWWenKaiScreen/a51a85768eb59b7128f915d69f36cd61.woff2', 'client/fonts/LXGWWenKaiScreen/a581604d5391b1a0bc26ca085499ddec.woff2', 'client/fonts/LXGWWenKaiScreen/a7a02d35f8514f707ffd278b9bf64402.woff2', 'client/fonts/LXGWWenKaiScreen/a83b543d240ba6b9127e56fb54675fe3.woff2', 'client/fonts/LXGWWenKaiScreen/a949d136a9ac07a69f3a4e762ff215bb.woff2', 'client/fonts/LXGWWenKaiScreen/a9f562f8ecc2bac0e7cd125bf2365abd.woff2', 'client/fonts/LXGWWenKaiScreen/ab7e1c7eba5eb98e764f174d62e63c62.woff2', 'client/fonts/LXGWWenKaiScreen/ab8c666bf3d58421fda53ca52ff8bf48.woff2', 'client/fonts/LXGWWenKaiScreen/ab9fe8a194ae0805d194a4d6cbf540c4.woff2', 'client/fonts/LXGWWenKaiScreen/abd24ebf85ab15b9caa03b3153601ca1.woff2', 'client/fonts/LXGWWenKaiScreen/ac2e4e31be08c95acad4b8f0faf671a5.woff2', 'client/fonts/LXGWWenKaiScreen/ac7effa3bcdafb9900b47f7c1776b1ee.woff2', 'client/fonts/LXGWWenKaiScreen/adc24d57458049929e4c2c96700a71a7.woff2', 'client/fonts/LXGWWenKaiScreen/adeeb4e00064ab22be8aca7dc6f7add8.woff2', 'client/fonts/LXGWWenKaiScreen/ae79f770c61e401d6b63c9b37816fb6f.woff2', 'client/fonts/LXGWWenKaiScreen/aebdf010468252f64cc362e83f8cde2f.woff2', 'client/fonts/LXGWWenKaiScreen/af1fcc9d1628e578769bd8ca2a17082d.woff2', 'client/fonts/LXGWWenKaiScreen/af53409e3d51994687dc82f13282c09a.woff2', 'client/fonts/LXGWWenKaiScreen/af7aadd30f8cdf8579ef2c66526b8f26.woff2', 'client/fonts/LXGWWenKaiScreen/afb65c595e0739aae8bb808da836e0bc.woff2', 'client/fonts/LXGWWenKaiScreen/afb78c691be39614e5082d7ecd1b7f4c.woff2', 'client/fonts/LXGWWenKaiScreen/afd3119464493ac3d39347a649d17acb.woff2', 'client/fonts/LXGWWenKaiScreen/b0a364074c2cbabac7be44bdd91925e7.woff2', 'client/fonts/LXGWWenKaiScreen/b458283840e05d920ee5bb6e0cb3dec4.woff2', 'client/fonts/LXGWWenKaiScreen/b4bd0044fbc076fd63020c2da7b4410b.woff2', 'client/fonts/LXGWWenKaiScreen/b54d0eb3ce82bc0ca4ec2dcbd63bd175.woff2', 'client/fonts/LXGWWenKaiScreen/b6bbb763646763667029e40a62bd256b.woff2', 'client/fonts/LXGWWenKaiScreen/b71427b42e33d840823d0c941146cdb6.woff2', 'client/fonts/LXGWWenKaiScreen/b8c91a0043552a801bffe4551bbe8ae4.woff2', 'client/fonts/LXGWWenKaiScreen/b8f8b13f8720433f6e4b2715c58a7ab8.woff2', 'client/fonts/LXGWWenKaiScreen/b9483029a0a43964eda88fe2c504ccef.woff2', 'client/fonts/LXGWWenKaiScreen/ba679db004183a097da40647d696ae99.woff2', 'client/fonts/LXGWWenKaiScreen/bab2b2275cab071e6862664b7ef3677f.woff2', 'client/fonts/LXGWWenKaiScreen/bcbf924a7b2b147b58ff962ae4bf3828.woff2', 'client/fonts/LXGWWenKaiScreen/be01e4ee03c5dbb18e17d68b0bcb0880.woff2', 'client/fonts/LXGWWenKaiScreen/beaa2f6e0824dd6960931fbd31bce8e9.woff2', 'client/fonts/LXGWWenKaiScreen/bf53aeba4751a683a76db8bf29bf0150.woff2', 'client/fonts/LXGWWenKaiScreen/c00542878235e3c27792a8a3e9e0ec10.woff2', 'client/fonts/LXGWWenKaiScreen/c0a347a42fa1b8d03d80739c9a67ec7c.woff2', 'client/fonts/LXGWWenKaiScreen/c0f1e091bfd9b3000ac73e8fd5c8f62f.woff2', 'client/fonts/LXGWWenKaiScreen/c29dda10f999e3cc5b11187f646114f7.woff2', 'client/fonts/LXGWWenKaiScreen/c32cb111442fc459739a10c8105d8366.woff2', 'client/fonts/LXGWWenKaiScreen/c3932faf454e73c442dfd743a9c9bc86.woff2', 'client/fonts/LXGWWenKaiScreen/c57f156d621be33c17a5b7f181a08d6a.woff2', 'client/fonts/LXGWWenKaiScreen/c58c778d36a1376ea432b46299880f53.woff2', 'client/fonts/LXGWWenKaiScreen/c641624f22961eea2f350863c58fd101.woff2', 'client/fonts/LXGWWenKaiScreen/c70c79f50dfc04a64c242416845222f5.woff2', 'client/fonts/LXGWWenKaiScreen/c8b989cb6fe6d85b8d9ce0f618a93b6e.woff2', 'client/fonts/LXGWWenKaiScreen/c8ff6836fef5951b274e1c87d42e8dff.woff2', 'client/fonts/LXGWWenKaiScreen/ca1770492d5ed4643ab6b5329d23c6fd.woff2', 'client/fonts/LXGWWenKaiScreen/ca80264639030675d84646259da4036f.woff2', 'client/fonts/LXGWWenKaiScreen/cc73cb5c132a1e4695d4620e83c80f9b.woff2', 'client/fonts/LXGWWenKaiScreen/cd5488156d539a86e0eb33717a789298.woff2', 'client/fonts/LXGWWenKaiScreen/ce7de3542e26d915a92df62f80bdc815.woff2', 'client/fonts/LXGWWenKaiScreen/ceb1b28d61ba4c5e5f7328381c7d0e9c.woff2', 'client/fonts/LXGWWenKaiScreen/cfa0439e5811e1727863a530b4b3e933.woff2', 'client/fonts/LXGWWenKaiScreen/d1247d9bd35e0a669141b87789fd55de.woff2', 'client/fonts/LXGWWenKaiScreen/d238e5929254784219bb8e7b3737d44f.woff2', 'client/fonts/LXGWWenKaiScreen/d351d58c053f0191231efbc9bb55d74e.woff2', 'client/fonts/LXGWWenKaiScreen/d3a0c3e62c5fc65d4f1a132fd0aa3558.woff2', 'client/fonts/LXGWWenKaiScreen/d3a2865be7311236620b4d407f06559d.woff2', 'client/fonts/LXGWWenKaiScreen/d401e9fc725c87ea6c5f239f49f9bf6d.woff2', 'client/fonts/LXGWWenKaiScreen/d52dde3aaefb18525eb71433db87bda7.woff2', 'client/fonts/LXGWWenKaiScreen/d5c1904768a79ed8b579a25716fd76a6.woff2', 'client/fonts/LXGWWenKaiScreen/d8f30fb8b92e26927f6666bcdb5278dd.woff2', 'client/fonts/LXGWWenKaiScreen/dae1558bcaa58c52e5ced7b842eed1f7.woff2', 'client/fonts/LXGWWenKaiScreen/ddc5d52736a4f17104b8858e97ab88d6.woff2', 'client/fonts/LXGWWenKaiScreen/df8e6e0c2d8551239a1be0d51878d434.woff2', 'client/fonts/LXGWWenKaiScreen/dfb0f9ac582008f3730cf8ec465b1ae8.woff2', 'client/fonts/LXGWWenKaiScreen/e05aad15b52f1dc2fdf016cc7577f429.woff2', 'client/fonts/LXGWWenKaiScreen/e20656a8a070a53dd4a3f6a8a9ec3ed2.woff2', 'client/fonts/LXGWWenKaiScreen/e2881c0e7812c727db7af4bee4a340df.woff2', 'client/fonts/LXGWWenKaiScreen/e2e499e7b91e5b9095ccb07738d26492.woff2', 'client/fonts/LXGWWenKaiScreen/e31240f6344785a5f8abe72fdda488a9.woff2', 'client/fonts/LXGWWenKaiScreen/e354fde9904a549e5a86d12edff0db02.woff2', 'client/fonts/LXGWWenKaiScreen/e3c2e6aeac6222fcd2531690962fdd52.woff2', 'client/fonts/LXGWWenKaiScreen/e43b42f448c384b8e5f40386a1e4fc66.woff2', 'client/fonts/LXGWWenKaiScreen/e4b45fc0043cef86390a4131fb8f153b.woff2', 'client/fonts/LXGWWenKaiScreen/e5baf7e8916a2f1c6ba6f28545040a22.woff2', 'client/fonts/LXGWWenKaiScreen/e68e08ba5fc801dc5bf77adc692281bc.woff2', 'client/fonts/LXGWWenKaiScreen/e6f673d6305e57189984a75ddc4af3b9.woff2', 'client/fonts/LXGWWenKaiScreen/e8bea2fec5adf9d2e31d175f830348fe.woff2', 'client/fonts/LXGWWenKaiScreen/e9b4b9b81493825fdae200e2a5af5cc6.woff2', 'client/fonts/LXGWWenKaiScreen/e9e5b3254484ed7e99a21d00e8a5c2ea.woff2', 'client/fonts/LXGWWenKaiScreen/ea7732b44aba982b0c01db9479531a32.woff2', 'client/fonts/LXGWWenKaiScreen/ebd1b6e4546ca51a0a0b945e47e3af76.woff2', 'client/fonts/LXGWWenKaiScreen/ec62c435c0c287d04be97ee9296948bc.woff2', 'client/fonts/LXGWWenKaiScreen/ef1b0d33ed471954f1dcd3d22acc381d.woff2', 'client/fonts/LXGWWenKaiScreen/ef21691cbe25afcee606a928de870061.woff2', 'client/fonts/LXGWWenKaiScreen/efb06b67839aa6b0b49f08cf09bdbaa5.woff2', 'client/fonts/LXGWWenKaiScreen/efcdab5b6bacc82833389faa687b53b9.woff2', 'client/fonts/LXGWWenKaiScreen/f00d56798614ff8749e85b47def1bd12.woff2', 'client/fonts/LXGWWenKaiScreen/f445c045ec7ce938e62582c234583832.woff2', 'client/fonts/LXGWWenKaiScreen/f7979b8d25ea29e90e82ab55a080af71.woff2', 'client/fonts/LXGWWenKaiScreen/f8fb72612528f8578baf14c6bb7fe548.woff2', 'client/fonts/LXGWWenKaiScreen/f931104fd2d61ea99ec0a440f10342f2.woff2', 'client/fonts/LXGWWenKaiScreen/f9b18cd1cb96700d1974b342e8d23c61.woff2', 'client/fonts/LXGWWenKaiScreen/f9fb42f2cba63a2f2364c734e711cb12.woff2', 'client/fonts/LXGWWenKaiScreen/fdad6e55a839ad154da176dc4f645a49.woff2', 'client/fonts/LXGWWenKaiScreen/fe08257141b98273373aea0fb44ce6e2.woff2', 'client/fonts/LXGWWenKaiScreen/fe1dcf68fe718c259bd26e8a42facf2e.woff2', 'client/fonts/LXGWWenKaiScreen/fe58a94304e4dd3fb79e2f50cbe09c43.woff2', 'client/fonts/LXGWWenKaiScreen/ffeb2dc3b1f1ac489d8a11af2922722b.woff2', 'client/fonts/LXGWWenKaiScreen/result.css', 'client/fonts/LXGWWenKaiScreen_sub.woff2', 'client/fonts/ZhuqueFangsong-Regular/00917a39c9463413c4466b811876f2a0.woff2', 'client/fonts/ZhuqueFangsong-Regular/015b497f76b870d57ab1e6f94e331ac2.woff2', 'client/fonts/ZhuqueFangsong-Regular/02bc9b56f73430622afdf44b91729ca1.woff2', 'client/fonts/ZhuqueFangsong-Regular/02d07bab7d4c6d7e421104a74dd39905.woff2', 'client/fonts/ZhuqueFangsong-Regular/03fc9b0804d7196aa899bf39432de6e6.woff2', 'client/fonts/ZhuqueFangsong-Regular/0417221ded2fefe52e06c6cf124274bb.woff2', 'client/fonts/ZhuqueFangsong-Regular/041efaebf6850a0c50d091145505bb07.woff2', 'client/fonts/ZhuqueFangsong-Regular/0471403412ef8b724624b5e0bc205d56.woff2', 'client/fonts/ZhuqueFangsong-Regular/04b4b0b02b3737042e99093d512aa95f.woff2', 'client/fonts/ZhuqueFangsong-Regular/060805456a77ae5781a270722eb051a8.woff2', 'client/fonts/ZhuqueFangsong-Regular/06ccca2355ea01857705bc60ae60d065.woff2', 'client/fonts/ZhuqueFangsong-Regular/0953c855b042776d735a701422c6417a.woff2', 'client/fonts/ZhuqueFangsong-Regular/0bed30ddffff2e3040575209a70fe344.woff2', 'client/fonts/ZhuqueFangsong-Regular/0cd47a1196d1a3e734583dd17405e806.woff2', 'client/fonts/ZhuqueFangsong-Regular/0e2126d6b8124728d2951f21522d4e7b.woff2', 'client/fonts/ZhuqueFangsong-Regular/0eece5a152a3d1bb02ed77a09101eff2.woff2', 'client/fonts/ZhuqueFangsong-Regular/1021b0e93e973c2a7a4b4954ef7703c3.woff2', 'client/fonts/ZhuqueFangsong-Regular/105088bda1f7780781b48e6118d879a8.woff2', 'client/fonts/ZhuqueFangsong-Regular/10a119b6315bc6a7f8dbca4e061252e5.woff2', 'client/fonts/ZhuqueFangsong-Regular/146aa25f856ef275dab083deec9805c3.woff2', 'client/fonts/ZhuqueFangsong-Regular/17c960fea79ccfc3d1f92e59b0a17b5d.woff2', 'client/fonts/ZhuqueFangsong-Regular/1a3f0c9a7aeeeb6fd1b3630a07e0104f.woff2', 'client/fonts/ZhuqueFangsong-Regular/1afd5b283c8653e3ec8f28da07e64f72.woff2', 'client/fonts/ZhuqueFangsong-Regular/1dd9bdb840dc351c18432bcb9929f1b8.woff2', 'client/fonts/ZhuqueFangsong-Regular/1f8cf346fb611194ac0ef147d9074e13.woff2', 'client/fonts/ZhuqueFangsong-Regular/20963fca6f44272fb17f63a3391a4d1c.woff2', 'client/fonts/ZhuqueFangsong-Regular/20e6ad9bdf61a7b84b45a30abf36ea0c.woff2', 'client/fonts/ZhuqueFangsong-Regular/24007a1802076e94778704939179fa87.woff2', 'client/fonts/ZhuqueFangsong-Regular/266ac9d29c1dc25322f0feabd3d13319.woff2', 'client/fonts/ZhuqueFangsong-Regular/2713a1696e395b75d76b8b058f2a9a85.woff2', 'client/fonts/ZhuqueFangsong-Regular/278bba8a3d1af18d1dd7c099bd10f08c.woff2', 'client/fonts/ZhuqueFangsong-Regular/2a4ce7904feb8f6ea0a68113f9bc5909.woff2', 'client/fonts/ZhuqueFangsong-Regular/2a8acb80a5f43c0da162bd57810bb4eb.woff2', 'client/fonts/ZhuqueFangsong-Regular/2b20379129e187a7cf7025702e8b8337.woff2', 'client/fonts/ZhuqueFangsong-Regular/2b5488b443d845575ef68e222e4bde18.woff2', 'client/fonts/ZhuqueFangsong-Regular/2be54184eb9563544066f4aaaf8658c9.woff2', 'client/fonts/ZhuqueFangsong-Regular/2ca93b15516d4573aa6d9f352acd7942.woff2', 'client/fonts/ZhuqueFangsong-Regular/2e424379d3fb19250d74f7b1876206a1.woff2', 'client/fonts/ZhuqueFangsong-Regular/2eda198e54ba29a4ac2a7228c6c935a8.woff2', 'client/fonts/ZhuqueFangsong-Regular/2f7efbeebd8e54e0488b6398c8fcd272.woff2', 'client/fonts/ZhuqueFangsong-Regular/305a73006c20dba63164eb4e852c3aea.woff2', 'client/fonts/ZhuqueFangsong-Regular/305d4eff9a0f625f684a999b14b2a7e6.woff2', 'client/fonts/ZhuqueFangsong-Regular/30a1cf0d177932a62c37c283c30404ec.woff2', 'client/fonts/ZhuqueFangsong-Regular/3135e0ae4fe8c2280b0014deb78dc3c4.woff2', 'client/fonts/ZhuqueFangsong-Regular/33ebfe5f9852041371a01422564b176f.woff2', 'client/fonts/ZhuqueFangsong-Regular/34e538f1352a18ea34441e8cd03a9cba.woff2', 'client/fonts/ZhuqueFangsong-Regular/3693382844242e1da65188b6c495979b.woff2', 'client/fonts/ZhuqueFangsong-Regular/37d759d59e47e6b6fe84cde098de2343.woff2', 'client/fonts/ZhuqueFangsong-Regular/3844305c8a214e20683b0bc0a3c7ac2a.woff2', 'client/fonts/ZhuqueFangsong-Regular/38475e1fe846cfdef3dfa5bacb809c86.woff2', 'client/fonts/ZhuqueFangsong-Regular/396fdb0f07e9160b7eac4e26206451e0.woff2', 'client/fonts/ZhuqueFangsong-Regular/3d17ae78aa8a6ce6b5f54374c2f0af2c.woff2', 'client/fonts/ZhuqueFangsong-Regular/3d479d57b17e9951f7b119e835c9db1c.woff2', 'client/fonts/ZhuqueFangsong-Regular/3fd7f94d96b6fb2be2e7aca60be6a815.woff2', 'client/fonts/ZhuqueFangsong-Regular/405880e93ab8f05784ec1830530957e6.woff2', 'client/fonts/ZhuqueFangsong-Regular/4141d276fbbf479c58e1fe13042a33f8.woff2', 'client/fonts/ZhuqueFangsong-Regular/451b209ee6e1da6d0067d79d1af6c97c.woff2', 'client/fonts/ZhuqueFangsong-Regular/4550891f648c2aca3edb880d3811eeaa.woff2', 'client/fonts/ZhuqueFangsong-Regular/45b80e6444949b99190b33c1e5f1c009.woff2', 'client/fonts/ZhuqueFangsong-Regular/47e0205653a0fc51f3bec09575d80680.woff2', 'client/fonts/ZhuqueFangsong-Regular/4b0551b05285b1ba29a5889b4acb130b.woff2', 'client/fonts/ZhuqueFangsong-Regular/4b57053f9dcf86bcc8eab693e87b698e.woff2', 'client/fonts/ZhuqueFangsong-Regular/4b830d2756733c304d3e9151dc93d284.woff2', 'client/fonts/ZhuqueFangsong-Regular/4e6aac7aae198ea2de584b1967e155cf.woff2', 'client/fonts/ZhuqueFangsong-Regular/500a3fac73fa86ea98166e0ffbb45a75.woff2', 'client/fonts/ZhuqueFangsong-Regular/53d28f5bd9ef040315e78f1bad05be1f.woff2', 'client/fonts/ZhuqueFangsong-Regular/5690137190ffad19e9f1c2c68825b164.woff2', 'client/fonts/ZhuqueFangsong-Regular/57522d32228597be1a95f574a981b95d.woff2', 'client/fonts/ZhuqueFangsong-Regular/57c1fca76116942d3cac0f2e741ffc55.woff2', 'client/fonts/ZhuqueFangsong-Regular/592832dd39d76244a1325625c3e2d76d.woff2', 'client/fonts/ZhuqueFangsong-Regular/5b0214a4aa64b7e0c74057e5c039beb9.woff2', 'client/fonts/ZhuqueFangsong-Regular/5e913c5b02d2edf8b0e796b2b34e96c2.woff2', 'client/fonts/ZhuqueFangsong-Regular/5f932e2832a84075dee4a44a96e9d486.woff2', 'client/fonts/ZhuqueFangsong-Regular/5fbac559109eb88ef2c1075d6f642c32.woff2', 'client/fonts/ZhuqueFangsong-Regular/6342bfbfec5fdf8c8f4b12d20a1ac60e.woff2', 'client/fonts/ZhuqueFangsong-Regular/64d818ec62222448be869fbde27b5870.woff2', 'client/fonts/ZhuqueFangsong-Regular/65ed909047d7b875045e9cf74164724a.woff2', 'client/fonts/ZhuqueFangsong-Regular/66ad32345efe90a5546cd59895cf8200.woff2', 'client/fonts/ZhuqueFangsong-Regular/676d67d3c12dba9d32312048d0335202.woff2', 'client/fonts/ZhuqueFangsong-Regular/6821527f1746845e4d2f10e010857afb.woff2', 'client/fonts/ZhuqueFangsong-Regular/68cbb8411446c184b00fa65c77b333a9.woff2', 'client/fonts/ZhuqueFangsong-Regular/68ea9969a5bc05fb12fe85afb3e53510.woff2', 'client/fonts/ZhuqueFangsong-Regular/6d1a49f8b9c81fb4cc53f35748edadc3.woff2', 'client/fonts/ZhuqueFangsong-Regular/6ee285487fed4917aabd25c0b3411a67.woff2', 'client/fonts/ZhuqueFangsong-Regular/70adef9cc265a4552bdf84a1a0fc314e.woff2', 'client/fonts/ZhuqueFangsong-Regular/72034f46362224306afa89c66a87fe04.woff2', 'client/fonts/ZhuqueFangsong-Regular/7484cdf57f38f1f8d847e876fb515613.woff2', 'client/fonts/ZhuqueFangsong-Regular/74ea805862eb5138202b033914d8266c.woff2', 'client/fonts/ZhuqueFangsong-Regular/74ef6428342f7c6db18a2175f4635a02.woff2', 'client/fonts/ZhuqueFangsong-Regular/75b2d653fb4463102aa49efaa1abcc83.woff2', 'client/fonts/ZhuqueFangsong-Regular/76542788c51a19db826a5c87518e134c.woff2', 'client/fonts/ZhuqueFangsong-Regular/76ef89017bd619c83649c659a398b948.woff2', 'client/fonts/ZhuqueFangsong-Regular/77bb1f6acb7ef9dc099948cd59bfb58b.woff2', 'client/fonts/ZhuqueFangsong-Regular/7ab9054d871de1ee5756a98f7174365c.woff2', 'client/fonts/ZhuqueFangsong-Regular/7af08b093fd2895d285cdfabf18884f7.woff2', 'client/fonts/ZhuqueFangsong-Regular/7cb57601da0a498802f2f4c706e81c85.woff2', 'client/fonts/ZhuqueFangsong-Regular/7eb7b7e33f21178215e14e71684878a7.woff2', 'client/fonts/ZhuqueFangsong-Regular/7edd49c0108eaffb16a38d2dbc58f56b.woff2', 'client/fonts/ZhuqueFangsong-Regular/8156abcebf9715046b601723a827e0e7.woff2', 'client/fonts/ZhuqueFangsong-Regular/81cdc1d1ca099438d00a3484152cbedd.woff2', 'client/fonts/ZhuqueFangsong-Regular/83af4c56b9a08e4eb9ccc69613e1bed7.woff2', 'client/fonts/ZhuqueFangsong-Regular/85ff2f7388cc2ccb15bbadafc7de8cf4.woff2', 'client/fonts/ZhuqueFangsong-Regular/8704dc83efa49d70baccfab22f40e508.woff2', 'client/fonts/ZhuqueFangsong-Regular/8907d46641eb831d996186fe5676e35a.woff2', 'client/fonts/ZhuqueFangsong-Regular/8b2eb9786c58ee1322258228c4f9fc00.woff2', 'client/fonts/ZhuqueFangsong-Regular/8b80489730151aab4b1b28909c0b0720.woff2', 'client/fonts/ZhuqueFangsong-Regular/8d436b90a3dbef8999eb223f1cdab314.woff2', 'client/fonts/ZhuqueFangsong-Regular/8edee2cdbbd50bfc9bd18b8c151f2994.woff2', 'client/fonts/ZhuqueFangsong-Regular/90e1af55e79a4eee2d6fe014f8bbcd12.woff2', 'client/fonts/ZhuqueFangsong-Regular/923a17100de5354b793d46f1d7ff4473.woff2', 'client/fonts/ZhuqueFangsong-Regular/972e0bc9403ce52bffa52151b90ea487.woff2', 'client/fonts/ZhuqueFangsong-Regular/98e9cc97a1e7ebda3435edc346a26a64.woff2', 'client/fonts/ZhuqueFangsong-Regular/9a053c222ba2c7fe4ab1fe9311648990.woff2', 'client/fonts/ZhuqueFangsong-Regular/9bf270461edc33baddd0b001ff9e6440.woff2', 'client/fonts/ZhuqueFangsong-Regular/9e6073a91e10a2c730f9db66cd06cc98.woff2', 'client/fonts/ZhuqueFangsong-Regular/a248fe1018f2cc0ec1f2627175051b86.woff2', 'client/fonts/ZhuqueFangsong-Regular/a3f09e9da212f203687055b7d5e57d71.woff2', 'client/fonts/ZhuqueFangsong-Regular/a4dcfc2021597e6cd5997c30111b3a19.woff2', 'client/fonts/ZhuqueFangsong-Regular/a65e95df1599d138e89f4f6b8e173b01.woff2', 'client/fonts/ZhuqueFangsong-Regular/a702dca97b64a67fb2dac5c237d32f40.woff2', 'client/fonts/ZhuqueFangsong-Regular/a70f3f3b33831852846500e3dc3a3779.woff2', 'client/fonts/ZhuqueFangsong-Regular/a8239bf8bcd0895c888d09196b4cd847.woff2', 'client/fonts/ZhuqueFangsong-Regular/a96a2bebd239e216d6915aaab38752b9.woff2', 'client/fonts/ZhuqueFangsong-Regular/a98d5480f4f52a0d36cb788fd1c419c5.woff2', 'client/fonts/ZhuqueFangsong-Regular/aad550ef93f6834baeccfeef573fca40.woff2', 'client/fonts/ZhuqueFangsong-Regular/ab79cce57e0e24b276a2a543166fc74b.woff2', 'client/fonts/ZhuqueFangsong-Regular/ad32a2cb488c2b74d627d0492e2ea1d1.woff2', 'client/fonts/ZhuqueFangsong-Regular/ae2883e06943ea059f062444bb7d1a17.woff2', 'client/fonts/ZhuqueFangsong-Regular/aed08f8bc6d0911ba01b67905d89bb15.woff2', 'client/fonts/ZhuqueFangsong-Regular/b306ffaf319dcaabdc8eade24ab4fffb.woff2', 'client/fonts/ZhuqueFangsong-Regular/b5851e6fd9c529ca4d7abcfe1c2eca69.woff2', 'client/fonts/ZhuqueFangsong-Regular/b5ed1fc08d94b34357ec9472cde95e2d.woff2', 'client/fonts/ZhuqueFangsong-Regular/b7d782e8d2ba896b7240230c3a5997e8.woff2', 'client/fonts/ZhuqueFangsong-Regular/b9074d6921a24155bb24a477154aba7e.woff2', 'client/fonts/ZhuqueFangsong-Regular/b90a1b8a69a44fb24aaa0f6f8ca1c37d.woff2', 'client/fonts/ZhuqueFangsong-Regular/b924a5ea05f3b8ab0a0d1480472da57d.woff2', 'client/fonts/ZhuqueFangsong-Regular/ba0c697c86488090290f14bae0372ab6.woff2', 'client/fonts/ZhuqueFangsong-Regular/ba9d9c766db71c0cabc2dc2db2179c39.woff2', 'client/fonts/ZhuqueFangsong-Regular/bcb018d8b1d62bbfcb84c64db239128c.woff2', 'client/fonts/ZhuqueFangsong-Regular/c6da10669a733dae8f9c4f34465847a7.woff2', 'client/fonts/ZhuqueFangsong-Regular/c7255f3f28eab0ffc3a3840e9e4e2147.woff2', 'client/fonts/ZhuqueFangsong-Regular/c755fb42d262344aabab6064d2c95f31.woff2', 'client/fonts/ZhuqueFangsong-Regular/c8c37285bd79fd3b2000f6195b9d2a86.woff2', 'client/fonts/ZhuqueFangsong-Regular/ca1ac32441d18241084aeaca4a6f6835.woff2', 'client/fonts/ZhuqueFangsong-Regular/ca7d001b9d19c2bbc4cde4f80b4b8225.woff2', 'client/fonts/ZhuqueFangsong-Regular/cadc2f9d2f9df86e8889e0fdfb5c5b5f.woff2', 'client/fonts/ZhuqueFangsong-Regular/cb8187561328d2f5aaf642ff0070ba84.woff2', 'client/fonts/ZhuqueFangsong-Regular/cc3b0bd95fa6cc5927478e46782849df.woff2', 'client/fonts/ZhuqueFangsong-Regular/cd515eeaa071f199c3b6f63d782f52a4.woff2', 'client/fonts/ZhuqueFangsong-Regular/d0152221bdd02f4949020d0c4059ae1f.woff2', 'client/fonts/ZhuqueFangsong-Regular/d274e2d07a4e6729e2f003dd4d1f09ab.woff2', 'client/fonts/ZhuqueFangsong-Regular/d31e90dc294da433a979df6e49b0fb1a.woff2', 'client/fonts/ZhuqueFangsong-Regular/d389ced5b4284e3488dbf459dce6e649.woff2', 'client/fonts/ZhuqueFangsong-Regular/d3ca66ebb500012a74f2915aa144699d.woff2', 'client/fonts/ZhuqueFangsong-Regular/d3f9ac603dbc62989eeea0b0d177a7ec.woff2', 'client/fonts/ZhuqueFangsong-Regular/d412e67eae5f0950e42d4562caaa4455.woff2', 'client/fonts/ZhuqueFangsong-Regular/d5c3ce4d91c556be2dab1a1ff6e33173.woff2', 'client/fonts/ZhuqueFangsong-Regular/dafef21b31e51f55a469a18249a60988.woff2', 'client/fonts/ZhuqueFangsong-Regular/e054ca5d6398d7ca66f4b019f18ea1ca.woff2', 'client/fonts/ZhuqueFangsong-Regular/e318f94b0781b6c9d0d2fc42d9be37c8.woff2', 'client/fonts/ZhuqueFangsong-Regular/e6fdeec3c9c29613266929f491037417.woff2', 'client/fonts/ZhuqueFangsong-Regular/e80959cdb4c17d43788581fdc0a716f9.woff2', 'client/fonts/ZhuqueFangsong-Regular/e859d07b08ee85f0dc1303fef177e3bf.woff2', 'client/fonts/ZhuqueFangsong-Regular/e8f1e9f3c231ebd8fde15c7db1783d68.woff2', 'client/fonts/ZhuqueFangsong-Regular/e9414927edadc9478f263f375494ac60.woff2', 'client/fonts/ZhuqueFangsong-Regular/e99ecdcc1c713d34ff31415ec71393fb.woff2', 'client/fonts/ZhuqueFangsong-Regular/ec73a892df756af5a574da461bb976a1.woff2', 'client/fonts/ZhuqueFangsong-Regular/ec901127f18e1feb6768a8723ab71725.woff2', 'client/fonts/ZhuqueFangsong-Regular/ede323a8ed5282215b943cc5924fcbbd.woff2', 'client/fonts/ZhuqueFangsong-Regular/ee9186dc966c7af34faf87bcf676c50b.woff2', 'client/fonts/ZhuqueFangsong-Regular/eef3f3fe07e94047b0a396bdb4456bbd.woff2', 'client/fonts/ZhuqueFangsong-Regular/f0adf0a405c26d166a25b7a31440fbb5.woff2', 'client/fonts/ZhuqueFangsong-Regular/f0b4809ce80009b811fd847e19843b9b.woff2', 'client/fonts/ZhuqueFangsong-Regular/f10f9c68ce7aaee24fd8e34bb5eb6f33.woff2', 'client/fonts/ZhuqueFangsong-Regular/f16992e9f8e6b9b3948406fc52b6adc0.woff2', 'client/fonts/ZhuqueFangsong-Regular/f1783e09eb2543433ed5b7f4f8c138bb.woff2', 'client/fonts/ZhuqueFangsong-Regular/f398d12ea70ed957cd1254719f94a0dd.woff2', 'client/fonts/ZhuqueFangsong-Regular/f5168b8eaf14fb2767c4526a78c985ac.woff2', 'client/fonts/ZhuqueFangsong-Regular/f52f318f2ab5e76b647b668a75e9f036.woff2', 'client/fonts/ZhuqueFangsong-Regular/f869d38a02af4341cc2ef7278216787a.woff2', 'client/fonts/ZhuqueFangsong-Regular/f8f5181aec7674ebc2d22ba36af34c9d.woff2', 'client/fonts/ZhuqueFangsong-Regular/fa52623692e37dcc970b7a02bcc20380.woff2', 'client/fonts/ZhuqueFangsong-Regular/fa635bbda55f6eb349cbe6b5e034aa61.woff2', 'client/fonts/ZhuqueFangsong-Regular/ffe924816f5ce30c37b23478f80762b8.woff2', 'client/fonts/ZhuqueFangsong-Regular/result.css', 'client/fonts/font_baseline_offsets.json', 'client/fonts/local-kinghwa.css', 'client/fonts/local-wenkai.css', 'client/fonts/local-zhuque.css', 'client/fonts/qiji-combo.woff', 'client/fonts/remote-QIJIC.css', 'client/fonts/remote-chillkai.css', 'client/fonts/remote-chillroundm.css', 'client/fonts/remote-clearhan.css', 'client/fonts/remote-dongguan.css', 'client/fonts/remote-hwfs.css', 'client/fonts/remote-hwmc.css', 'client/fonts/remote-hwzk.css', 'client/fonts/remote-neoxihei.css', 'client/fonts/remote-quanlai.css', 'client/fonts/remote-tsangeryumo.css', 'client/fonts/remote-tsangeryuyang.css', 'client/images/icon.png', 'client/images/icon128.png', 'client/images/icon24.png', 'client/images/icon256.png', 'client/images/icon512.png', 'client/images/icon64.png', 'client/images/note_en.png', 'client/images/note_zh.png', 'client/images/seal_en.png', 'client/images/seal_zh.png', 'client/manifests/Chrome/manifest.json', 'client/manifests/Firefox/manifest.json', 'help.json', 'server/app/config/config.js', 'server/app/database/db-manager.js', 'server/app/features/bookshelf.js', 'server/app/services/token-service.js', 'server/dev/measure_font_baselines.js', 'server/package-lock.json', 'server/package.json', 'shared/adapters/text-decoder.js', 'shared/core/callback/callback-registry.js', 'shared/core/file/file-processor-core.js', 'shared/core/file/fileload-callback.js', 'shared/core/text/regex-rules.js', 'shared/core/text/text-processor-core.js', 'version.json']. CAVEAT: carries all base..tip evolution of those files, possibly including unrelated refactors.",/Users/petermakhnatch/Developer/eval-lab-results/2026-10-10/mimo-ref-fixes-sweep-javascript-typescript/receipts/format-code-task-001464.json,sha256:d5de6ef7542dd141e0f59f2a89bafd1208a9a283ba1dd653c6ac61e551650127
format-code-task-001467,oracle:patch-conflict,8656381c6e24b36796355d2cd44e2f123d27836a,,"S1: test-file touch; source relevance [], before-blob continuity ['test/typescript-karma/Dashboards/Component/html.js'], keyword score 0, distance None.",/Users/petermakhnatch/Developer/eval-lab-results/2026-10-10/mimo-ref-fixes-sweep-javascript-typescript/receipts/format-code-task-001467.json,sha256:fac1736d5b0f0195aaf669127d24147b24697eb69d6acf3831e0c969c66433a6
format-code-task-001473,oracle:none,,,,/Users/petermakhnatch/Developer/eval-lab-results/2026-10-10/mimo-ref-fixes-sweep-javascript-typescript/receipts/format-code-task-001473.json,sha256:62e6add027fea2753d7d62438221758d72d2522a04e2b6715bf3f36c4e4c155c
format-code-task-001474,oracle:fail,5e556966614899c5b40c18efc2d6767fa9d8a3ea,ca933954877e307123893ecf8e6ec91402d2dd8c,"S2b: 26 introducing commit(s) across divergent history; base..ca933954 diff on feature files ['.gitignore', '.grunt/grunt-gh-pages/gh-pages/src', 'Gruntfile.js', 'about/index.html', 'assets/waax-plugin-0.png', 'assets/waax-plugin-1.png', 'bower_components/chai/CONTRIBUTING.md', 'bower_components/chai/History.md', 'bower_components/chai/ReleaseNotes.md', 'bower_components/chai/bower.json', 'bower_components/chai/chai.js', 'bower_components/chai/component.json', 'bower_components/chai/karma.conf.js', 'bower_components/chai/karma.sauce.js', 'bower_components/chai/package.json', 'bower_components/chai/sauce.browsers.js', 'bower_components/context-free-parser/bower.json', 'bower_components/context-free-parser/context-free-parser.html', 'bower_components/context-free-parser/context-free-parser.js', 'bower_components/context-free-parser/demo.html', 'bower_components/context-free-parser/index.html', 'bower_components/core-ajax/bower.json', 'bower_components/core-ajax/core-ajax.html', 'bower_components/core-ajax/core-xhr.html', 'bower_components/core-ajax/demo.html', 'bower_components/core-ajax/index.html', 'bower_components/core-ajax/metadata.html', 'bower_components/core-animated-pages/bower.json', 'bower_components/core-animated-pages/core-animated-pages.css', 'bower_components/core-animated-pages/core-animated-pages.html', 'bower_components/core-animated-pages/demo.html', 'bower_components/core-animated-pages/demos/grid.html', 'bower_components/core-animated-pages/demos/list.html', 'bower_components/core-animated-pages/demos/music.html', 'bower_components/core-animated-pages/demos/nested-animated-pages.html', 'bower_components/core-animated-pages/demos/nested.html', 'bower_components/core-animated-pages/demos/news.html', 'bower_components/core-animated-pages/demos/quiz1-intro.png', 'bower_components/core-animated-pages/demos/quiz1.html', 'bower_components/core-animated-pages/demos/shadow.html', 'bower_components/core-animated-pages/demos/simple.html', 'bower_components/core-animated-pages/index.html', 'bower_components/core-animated-pages/metadata.html', 'bower_components/core-animated-pages/transitions/cascade-transition.html', 'bower_components/core-animated-pages/transitions/core-transition-pages.html', 'bower_components/core-animated-pages/transitions/cross-fade.html', 'bower_components/core-animated-pages/transitions/hero-transition.css', 'bower_components/core-animated-pages/transitions/hero-transition.html', 'bower_components/core-animated-pages/transitions/list-cascade.html', 'bower_components/core-animated-pages/transitions/scale-up.html', 'bower_components/core-animated-pages/transitions/slide-down.html', 'bower_components/core-animated-pages/transitions/slide-from-bottom.html', 'bower_components/core-animated-pages/transitions/slide-from-right.html', 'bower_components/core-animated-pages/transitions/slide-up.html', 'bower_components/core-animated-pages/transitions/tile-cascade.html', 'bower_components/core-animation/bower.json', 'bower_components/core-animation/core-animation-group.html', 'bower_components/core-animation/core-animation.html', 'bower_components/core-animation/demo.html', 'bower_components/core-animation/index.html', 'bower_components/core-animation/web-animations.html', 'bower_components/core-collapse/bower.json', 'bower_components/core-collapse/core-collapse.css', 'bower_components/core-collapse/core-collapse.html', 'bower_components/core-collapse/demo.html', 'bower_components/core-collapse/index.html', 'bower_components/core-component-page/bowager-logo.png', 'bower_components/core-component-page/bower.json', 'bower_components/core-component-page/core-component-page.html', 'bower_components/core-component-page/demo.html', 'bower_components/core-component-page/index.html', 'bower_components/core-doc-viewer/bower.json', 'bower_components/core-doc-viewer/core-doc-viewer.html', 'bower_components/core-doc-viewer/demo.html', 'bower_components/core-doc-viewer/elements/core-doc-page.css', 'bower_components/core-doc-viewer/elements/core-doc-page.html', 'bower_components/core-doc-viewer/elements/core-doc-toc.css', 'bower_components/core-doc-viewer/elements/core-doc-toc.html', 'bower_components/core-doc-viewer/index.html', 'bower_components/core-docs/bower.json', 'bower_components/core-docs/index.html', 'bower_components/core-drag-drop/core-drag-drop.html', 'bower_components/core-drag-drop/demo.html', 'bower_components/core-drag-drop/index.html', 'bower_components/core-drawer-panel/bower.json', 'bower_components/core-drawer-panel/core-drawer-panel.css', 'bower_components/core-drawer-panel/core-drawer-panel.html', 'bower_components/core-drawer-panel/demo.html', 'bower_components/core-drawer-panel/index.html', 'bower_components/core-drawer-panel/metadata.html', 'bower_components/core-dropdown/bower.json', 'bower_components/core-dropdown/core-dropdown.css', 'bower_components/core-dropdown/core-dropdown.html', 'bower_components/core-dropdown/demo.html', 'bower_components/core-dropdown/index.html', 'bower_components/core-elements/bower.json', 'bower_components/core-elements/core-elements.html', 'bower_components/core-elements/demo.html', 'bower_components/core-elements/index.html', 'bower_components/core-elements/metadata.html', 'bower_components/core-field/bower.json', 'bower_components/core-field/core-field.css', 'bower_components/core-field/core-field.html', 'bower_components/core-field/demo.html', 'bower_components/core-field/index.html', 'bower_components/core-field/metadata.html', 'bower_components/core-header-panel/bower.json', 'bower_components/core-header-panel/core-header-panel.css', 'bower_components/core-header-panel/core-header-panel.html', 'bower_components/core-header-panel/demo.html', 'bower_components/core-header-panel/index.html', 'bower_components/core-header-panel/metadata.html', 'bower_components/core-icon-button/bower.json', 'bower_components/core-icon-button/core-icon-button.css', 'bower_components/core-icon-button/core-icon-button.html', 'bower_components/core-icon-button/demo.html', 'bower_components/core-icon-button/index.html', 'bower_components/core-icon-button/metadata.html', 'bower_components/core-icon/bower.json', 'bower_components/core-icon/core-icon.css', 'bower_components/core-icon/core-icon.html', 'bower_components/core-icon/demo.html', 'bower_components/core-icon/index.html', 'bower_components/core-icon/metadata.html', 'bower_components/core-icons/av-icons.html', 'bower_components/core-icons/bower.json', 'bower_components/core-icons/communication-icons.html', 'bower_components/core-icons/core-icons.html', 'bower_components/core-icons/demo.html', 'bower_components/core-icons/device-icons.html', 'bower_components/core-icons/editor-icons.html', 'bower_components/core-icons/hardware-icons.html', 'bower_components/core-icons/image-icons.html', 'bower_components/core-icons/index.html', 'bower_components/core-icons/maps-icons.html', 'bower_components/core-icons/notification-icons.html', 'bower_components/core-icons/png-icons.html', 'bower_components/core-icons/social-icons.html', 'bower_components/core-iconset-svg/bower.json', 'bower_components/core-iconset-svg/core-iconset-svg.html', 'bower_components/core-iconset-svg/demo.html', 'bower_components/core-iconset-svg/index.html', 'bower_components/core-iconset-svg/svg-sample-icons.html', 'bower_components/core-iconset/bower.json', 'bower_components/core-iconset/core-iconset.html', 'bower_components/core-iconset/demo.html', 'bower_components/core-iconset/index.html', 'bower_components/core-iconset/my-icons-big.png', 'bower_components/core-iconset/my-icons.png', 'bower_components/core-input/bower.json', 'bower_components/core-input/core-input.css', 'bower_components/core-input/core-input.html', 'bower_components/core-input/demo.html', 'bower_components/core-input/index.html', 'bower_components/core-input/metadata.html', 'bower_components/core-item/bower.json', 'bower_components/core-item/core-item.css', 'bower_components/core-item/core-item.html', 'bower_components/core-item/demo.html', 'bower_components/core-item/index.html', 'bower_components/core-item/metadata.html', 'bower_components/core-layout-grid/bower.json', 'bower_components/core-layout-grid/core-layout-grid.html', 'bower_components/core-layout-grid/demo.html', 'bower_components/core-layout-grid/index.html', 'bower_components/core-layout-grid/metadata.html', 'bower_components/core-layout-trbl/bower.json', 'bower_components/core-layout-trbl/core-layout-trbl.html', 'bower_components/core-layout-trbl/core-slide.html', 'bower_components/core-layout-trbl/demo.html', 'bower_components/core-layout-trbl/index.html', 'bower_components/core-list/bower.json', 'bower_components/core-list/core-list.css', 'bower_components/core-list/core-list.html', 'bower_components/core-list/demo-divider.html', 'bower_components/core-list/demo.html', 'bower_components/core-list/images/0.png', 'bower_components/core-list/images/1.png', 'bower_components/core-list/images/2.png', 'bower_components/core-list/images/3.png', 'bower_components/core-list/index.html', 'bower_components/core-localstorage/bower.json', 'bower_components/core-localstorage/core-localstorage.html', 'bower_components/core-localstorage/demo.html', 'bower_components/core-localstorage/index.html', 'bower_components/core-media-query/bower.json', 'bower_components/core-media-query/core-media-query.html', 'bower_components/core-media-query/demo.html', 'bower_components/core-media-query/index.html', 'bower_components/core-menu-button/bower.json', 'bower_components/core-menu-button/core-menu-button.css', 'bower_components/core-menu-button/core-menu-button.html', 'bower_components/core-menu-button/demo.html', 'bower_components/core-menu-button/index.html', 'bower_components/core-menu-button/metadata.html', 'bower_components/core-menu/bower.json', 'bower_components/core-menu/core-menu.css', 'bower_components/core-menu/core-menu.html', 'bower_components/core-menu/core-submenu.css', 'bower_components/core-menu/core-submenu.html', 'bower_components/core-menu/demo.html', 'bower_components/core-menu/index.html', 'bower_components/core-menu/metadata.html', 'bower_components/core-meta/bower.json', 'bower_components/core-meta/core-meta.html', 'bower_components/core-meta/demo.html', 'bower_components/core-meta/index.html', 'bower_components/core-overlay/bower.json', 'bower_components/core-overlay/core-key-helper.html', 'bower_components/core-overlay/core-overlay-layer.html', 'bower_components/core-overlay/core-overlay.html', 'bower_components/core-overlay/demo.html', 'bower_components/core-overlay/index.html', 'bower_components/core-pages/bower.json', 'bower_components/core-pages/core-pages.css', 'bower_components/core-pages/core-pages.html', 'bower_components/core-pages/demo.html', 'bower_components/core-pages/index.html', 'bower_components/core-pages/metadata.html', 'bower_components/core-popup-menu/bower.json', 'bower_components/core-popup-menu/core-popup-menu.css', 'bower_components/core-popup-menu/core-popup-menu.html', 'bower_components/core-popup-menu/core-popup-overlay.html', 'bower_components/core-popup-menu/demo.html', 'bower_components/core-popup-menu/index.html', 'bower_components/core-popup-menu/metadata.html', 'bower_components/core-range/bower.json', 'bower_components/core-range/core-range.html', 'bower_components/core-range/demo.html', 'bower_components/core-range/index.html', 'bower_components/core-scaffold/bower.json', 'bower_components/core-scaffold/core-scaffold.html', 'bower_components/core-scaffold/demo.html', 'bower_components/core-scaffold/index.html', 'bower_components/core-scaffold/metadata.html', 'bower_components/core-scroll-header-panel/bower.json', 'bower_components/core-scroll-header-panel/core-scroll-header-panel.css', 'bower_components/core-scroll-header-panel/core-scroll-header-panel.html', 'bower_components/core-scroll-header-panel/demo.html', 'bower_components/core-scroll-header-panel/demos/demo1.html', 'bower_components/core-scroll-header-panel/demos/demo2.html', 'bower_components/core-scroll-header-panel/demos/demo3.html', 'bower_components/core-scroll-header-panel/demos/demo4.html', 'bower_components/core-scroll-header-panel/demos/demo5.html', 'bower_components/core-scroll-header-panel/demos/demo6.html', 'bower_components/core-scroll-header-panel/demos/demo7.html', 'bower_components/core-scroll-header-panel/demos/demo8.html', 'bower_components/core-scroll-header-panel/demos/demo9.html', 'bower_components/core-scroll-header-panel/demos/images/bg2.jpg', 'bower_components/core-scroll-header-panel/demos/images/bg3.jpg', 'bower_components/core-scroll-header-panel/demos/images/bg5.jpg', 'bower_components/core-scroll-header-panel/demos/images/bg6.jpg', 'bower_components/core-scroll-header-panel/demos/images/bg9.jpg', 'bower_components/core-scroll-header-panel/demos/lorem-ipsum.html', 'bower_components/core-scroll-header-panel/index.html', 'bower_components/core-scroll-header-panel/metadata.html', 'bower_components/core-selection/bower.json', 'bower_components/core-selection/core-selection.html', 'bower_components/core-selection/demo.html', 'bower_components/core-selection/index.html', 'bower_components/core-selector/bower.json', 'bower_components/core-selector/core-selector.html', 'bower_components/core-selector/demo.html', 'bower_components/core-selector/index.html', 'bower_components/core-selector/metadata.html', 'bower_components/core-shared-lib/bower.json', 'bower_components/core-shared-lib/core-shared-lib.html', 'bower_components/core-shared-lib/demo.html', 'bower_components/core-shared-lib/index.html', 'bower_components/core-signals/bower.json', 'bower_components/core-signals/core-signals.html', 'bower_components/core-signals/demo.html', 'bower_components/core-signals/index.html', 'bower_components/core-splitter/bower.json', 'bower_components/core-splitter/core-splitter.css', 'bower_components/core-splitter/core-splitter.html', 'bower_components/core-splitter/demo.html', 'bower_components/core-splitter/handle-h.svg', 'bower_components/core-splitter/handle.svg', 'bower_components/core-splitter/index.html', 'bower_components/core-style/bower.json', 'bower_components/core-style/core-style.html', 'bower_components/core-style/demo.html', 'bower_components/core-style/elements.html', 'bower_components/core-style/index.html', 'bower_components/core-style/my-theme.html', 'bower_components/core-tests/bower.json', 'bower_components/core-tests/runner.html', 'bower_components/core-toolbar/bower.json', 'bower_components/core-toolbar/core-toolbar.css', 'bower_components/core-toolbar/core-toolbar.html', 'bower_components/core-toolbar/demo.html', 'bower_components/core-toolbar/index.html', 'bower_components/core-toolbar/metadata.html', 'bower_components/core-tooltip/bower.json', 'bower_components/core-tooltip/core-tooltip.css', 'bower_components/core-tooltip/core-tooltip.html', 'bower_components/core-tooltip/demo.html', 'bower_components/core-tooltip/index.html', 'bower_components/core-tooltip/metadata.html', 'bower_components/core-transition/bower.json', 'bower_components/core-transition/core-transition-css.html', 'bower_components/core-transition/core-transition-overlay.css', 'bower_components/core-transition/core-transition.html', 'bower_components/core-transition/demo.html', 'bower_components/core-transition/index.html', 'bower_components/fastclick/LICENSE', 'bower_components/fastclick/bower.json', 'bower_components/fastclick/lib/fastclick.js', 'bower_components/foundation/bower.json', 'bower_components/foundation/css/foundation.css', 'bower_components/foundation/css/foundation.css.map', 'bower_components/foundation/css/normalize.css', 'bower_components/foundation/css/normalize.css.map', 'bower_components/foundation/js/foundation.js', 'bower_components/foundation/js/foundation.min.js', 'bower_components/foundation/js/foundation/foundation.abide.js', 'bower_components/foundation/js/foundation/foundation.accordion.js', 'bower_components/foundation/js/foundation/foundation.alert.js', 'bower_components/foundation/js/foundation/foundation.clearing.js', 'bower_components/foundation/js/foundation/foundation.dropdown.js', 'bower_components/foundation/js/foundation/foundation.equalizer.js', 'bower_components/foundation/js/foundation/foundation.interchange.js', 'bower_components/foundation/js/foundation/foundation.joyride.js', 'bower_components/foundation/js/foundation/foundation.js', 'bower_components/foundation/js/foundation/foundation.magellan.js', 'bower_components/foundation/js/foundation/foundation.offcanvas.js', 'bower_components/foundation/js/foundation/foundation.orbit.js', 'bower_components/foundation/js/foundation/foundation.reveal.js', 'bower_components/foundation/js/foundation/foundation.slider.js', 'bower_components/foundation/js/foundation/foundation.tab.js', 'bower_components/foundation/js/foundation/foundation.tooltip.js', 'bower_components/foundation/js/foundation/foundation.topbar.js', 'bower_components/foundation/js/vendor/fastclick.js', 'bower_components/foundation/js/vendor/jquery.cookie.js', 'bower_components/foundation/js/vendor/jquery.js', 'bower_components/foundation/js/vendor/modernizr.js', 'bower_components/foundation/js/vendor/placeholder.js', 'bower_components/foundation/scss/foundation.scss', 'bower_components/foundation/scss/foundation/_functions.scss', 'bower_components/foundation/scss/foundation/_settings.scss', 'bower_components/foundation/scss/foundation/components/_accordion.scss', 'bower_components/foundation/scss/foundation/components/_alert-boxes.scss', 'bower_components/foundation/scss/foundation/components/_block-grid.scss', 'bower_components/foundation/scss/foundation/components/_breadcrumbs.scss', 'bower_components/foundation/scss/foundation/components/_button-groups.scss', 'bower_components/foundation/scss/foundation/components/_buttons.scss', 'bower_components/foundation/scss/foundation/components/_clearing.scss', 'bower_components/foundation/scss/foundation/components/_dropdown-buttons.scss', 'bower_components/foundation/scss/foundation/components/_dropdown.scss', 'bower_components/foundation/scss/foundation/components/_flex-video.scss', 'bower_components/foundation/scss/foundation/components/_forms.scss', 'bower_components/foundation/scss/foundation/components/_global.scss', 'bower_components/foundation/scss/foundation/components/_grid.scss', 'bower_components/foundation/scss/foundation/components/_icon-bar.scss', 'bower_components/foundation/scss/foundation/components/_iconbar.scss', 'bower_components/foundation/scss/foundation/components/_inline-lists.scss', 'bower_components/foundation/scss/foundation/components/_joyride.scss', 'bower_components/foundation/scss/foundation/components/_keystrokes.scss', 'bower_components/foundation/scss/foundation/components/_labels.scss', 'bower_components/foundation/scss/foundation/components/_magellan.scss', 'bower_components/foundation/scss/foundation/components/_offcanvas.scss', 'bower_components/foundation/scss/foundation/components/_orbit.scss', 'bower_components/foundation/scss/foundation/components/_pagination.scss', 'bower_components/foundation/scss/foundation/components/_panels.scss', 'bower_components/foundation/scss/foundation/components/_pricing-tables.scss', 'bower_components/foundation/scss/foundation/components/_progress-bars.scss', 'bower_components/foundation/scss/foundation/components/_range-slider.scss', 'bower_components/foundation/scss/foundation/components/_reveal-new.scss', 'bower_components/foundation/scss/foundation/components/_reveal.scss', 'bower_components/foundation/scss/foundation/components/_side-nav.scss', 'bower_components/foundation/scss/foundation/components/_split-buttons.scss', 'bower_components/foundation/scss/foundation/components/_sub-nav.scss', 'bower_components/foundation/scss/foundation/components/_switches.scss', 'bower_components/foundation/scss/foundation/components/_tables.scss', 'bower_components/foundation/scss/foundation/components/_tabs.scss', 'bower_components/foundation/scss/foundation/components/_thumbs.scss', 'bower_components/foundation/scss/foundation/components/_toolbar.scss', 'bower_components/foundation/scss/foundation/components/_tooltips.scss', 'bower_components/foundation/scss/foundation/components/_top-bar.scss', 'bower_components/foundation/scss/foundation/components/_type.scss', 'bower_components/foundation/scss/foundation/components/_visibility.scss', 'bower_components/foundation/scss/normalize.scss', 'bower_components/google-code-prettify/CHANGES.html', 'bower_components/google-code-prettify/COPYING', 'bower_components/google-code-prettify/bin/prettify.min.css', 'bower_components/google-code-prettify/bin/prettify.min.js', 'bower_components/google-code-prettify/bin/run_prettify.min.js', 'bower_components/google-code-prettify/bower.json', 'bower_components/google-code-prettify/examples/quine.html', 'bower_components/google-code-prettify/src/lang-apollo.js', 'bower_components/google-code-prettify/src/lang-basic.js', 'bower_components/google-code-prettify/src/lang-clj.js', 'bower_components/google-code-prettify/src/lang-css.js', 'bower_components/google-code-prettify/src/lang-dart.js', 'bower_components/google-code-prettify/src/lang-erlang.js', 'bower_components/google-code-prettify/src/lang-go.js', 'bower_components/google-code-prettify/src/lang-hs.js', 'bower_components/google-code-prettify/src/lang-lisp.js', 'bower_components/google-code-prettify/src/lang-llvm.js', 'bower_components/google-code-prettify/src/lang-lua.js', 'bower_components/google-code-prettify/src/lang-matlab.js', 'bower_components/google-code-prettify/src/lang-ml.js', 'bower_components/google-code-prettify/src/lang-mumps.js', 'bower_components/google-code-prettify/src/lang-n.js', 'bower_components/google-code-prettify/src/lang-pascal.js', 'bower_components/google-code-prettify/src/lang-proto.js', 'bower_components/google-code-prettify/src/lang-r.js', 'bower_components/google-code-prettify/src/lang-rd.js', 'bower_components/google-code-prettify/src/lang-scala.js', 'bower_components/google-code-prettify/src/lang-sql.js', 'bower_components/google-code-prettify/src/lang-tcl.js', 'bower_components/google-code-prettify/src/lang-tex.js', 'bower_components/google-code-prettify/src/lang-vb.js', 'bower_components/google-code-prettify/src/lang-vhdl.js', 'bower_components/google-code-prettify/src/lang-wiki.js', 'bower_components/google-code-prettify/src/lang-xq.js', 'bower_components/google-code-prettify/src/lang-yaml.js', 'bower_components/google-code-prettify/src/prettify.css', 'bower_components/google-code-prettify/src/prettify.js', 'bower_components/google-code-prettify/src/run_prettify.js', 'bower_components/google-code-prettify/styles/demo.html', 'bower_components/google-code-prettify/styles/desert.css', 'bower_components/google-code-prettify/styles/doxy.css', 'bower_components/google-code-prettify/styles/index.html', 'bower_components/google-code-prettify/styles/sons-of-obsidian.css', 'bower_components/google-code-prettify/styles/sunburst.css', 'bower_components/jquery-placeholder/LICENSE-MIT.txt', 'bower_components/jquery-placeholder/bower.json', 'bower_components/jquery-placeholder/demo.html', 'bower_components/jquery-placeholder/jquery.placeholder.js', 'bower_components/jquery.cookie/bower.json', 'bower_components/jquery.cookie/jquery.cookie.js', 'bower_components/jquery/MIT-LICENSE.txt', 'bower_components/jquery/bower.json', 'bower_components/jquery/dist/jquery.js', 'bower_components/jquery/dist/jquery.min.js', 'bower_components/jquery/dist/jquery.min.map', 'bower_components/jquery/src/ajax.js', 'bower_components/jquery/src/ajax/jsonp.js', 'bower_components/jquery/src/ajax/load.js', 'bower_components/jquery/src/ajax/parseJSON.js', 'bower_components/jquery/src/ajax/parseXML.js', 'bower_components/jquery/src/ajax/script.js', 'bower_components/jquery/src/ajax/var/nonce.js', 'bower_components/jquery/src/ajax/var/rquery.js', 'bower_components/jquery/src/ajax/xhr.js', 'bower_components/jquery/src/attributes.js', 'bower_components/jquery/src/attributes/attr.js', 'bower_components/jquery/src/attributes/classes.js', 'bower_components/jquery/src/attributes/prop.js', 'bower_components/jquery/src/attributes/support.js', 'bower_components/jquery/src/attributes/val.js', 'bower_components/jquery/src/callbacks.js', 'bower_components/jquery/src/core.js', 'bower_components/jquery/src/core/access.js', 'bower_components/jquery/src/core/init.js', 'bower_components/jquery/src/core/parseHTML.js', 'bower_components/jquery/src/core/ready.js', 'bower_components/jquery/src/core/var/rsingleTag.js', 'bower_components/jquery/src/css.js', 'bower_components/jquery/src/css/addGetHookIf.js', 'bower_components/jquery/src/css/curCSS.js', 'bower_components/jquery/src/css/defaultDisplay.js', 'bower_components/jquery/src/css/hiddenVisibleSelectors.js', 'bower_components/jquery/src/css/support.js', 'bower_components/jquery/src/css/swap.js', 'bower_components/jquery/src/css/var/cssExpand.js', 'bower_components/jquery/src/css/var/getStyles.js', 'bower_components/jquery/src/css/var/isHidden.js', 'bower_components/jquery/src/css/var/rmargin.js', 'bower_components/jquery/src/css/var/rnumnonpx.js', 'bower_components/jquery/src/data.js', 'bower_components/jquery/src/data/Data.js', 'bower_components/jquery/src/data/accepts.js', 'bower_components/jquery/src/data/var/data_priv.js', 'bower_components/jquery/src/data/var/data_user.js', 'bower_components/jquery/src/deferred.js', 'bower_components/jquery/src/deprecated.js', 'bower_components/jquery/src/dimensions.js', 'bower_components/jquery/src/effects.js', 'bower_components/jquery/src/effects/Tween.js', 'bower_components/jquery/src/effects/animatedSelector.js', 'bower_components/jquery/src/event.js', 'bower_components/jquery/src/event/alias.js', 'bower_components/jquery/src/event/support.js', 'bower_components/jquery/src/exports/amd.js', 'bower_components/jquery/src/exports/global.js', 'bower_components/jquery/src/intro.js', 'bower_components/jquery/src/jquery.js', 'bower_components/jquery/src/manipulation.js', 'bower_components/jquery/src/manipulation/_evalUrl.js', 'bower_components/jquery/src/manipulation/support.js', 'bower_components/jquery/src/manipulation/var/rcheckableType.js', 'bower_components/jquery/src/offset.js', 'bower_components/jquery/src/outro.js', 'bower_components/jquery/src/queue.js', 'bower_components/jquery/src/queue/delay.js', 'bower_components/jquery/src/selector-native.js', 'bower_components/jquery/src/selector-sizzle.js', 'bower_components/jquery/src/selector.js', 'bower_components/jquery/src/serialize.js', 'bower_components/jquery/src/sizzle/dist/sizzle.js', 'bower_components/jquery/src/sizzle/dist/sizzle.min.js', 'bower_components/jquery/src/sizzle/dist/sizzle.min.map', 'bower_components/jquery/src/traversing.js', 'bower_components/jquery/src/traversing/findFilter.js', 'bower_components/jquery/src/traversing/var/rneedsContext.js', 'bower_components/jquery/src/var/arr.js', 'bower_components/jquery/src/var/class2type.js', 'bower_components/jquery/src/var/concat.js', 'bower_components/jquery/src/var/hasOwn.js', 'bower_components/jquery/src/var/indexOf.js', 'bower_components/jquery/src/var/pnum.js', 'bower_components/jquery/src/var/push.js', 'bower_components/jquery/src/var/rnotwhite.js', 'bower_components/jquery/src/var/slice.js', 'bower_components/jquery/src/var/strundefined.js', 'bower_components/jquery/src/var/support.js', 'bower_components/jquery/src/var/toString.js', 'bower_components/jquery/src/wrap.js', 'bower_components/marked-element/bower.json', 'bower_components/marked-element/demo.html', 'bower_components/marked-element/index.html', 'bower_components/marked-element/marked-element.html', 'bower_components/marked-element/marked-import.html', 'bower_components/marked/LICENSE', 'bower_components/marked/Makefile', 'bower_components/marked/bin/marked', 'bower_components/marked/component.json', 'bower_components/marked/index.js', 'bower_components/marked/lib/marked.js', 'bower_components/marked/man/marked.1', 'bower_components/marked/package.json', 'bower_components/mocha/History.md', 'bower_components/mocha/LICENSE', 'bower_components/mocha/bower.json', 'bower_components/mocha/media/logo.svg', 'bower_components/mocha/mocha.css', 'bower_components/mocha/mocha.js', 'bower_components/modernizr/feature-detects/a-download.js', 'bower_components/modernizr/feature-detects/audio-audiodata-api.js', 'bower_components/modernizr/feature-detects/audio-webaudio-api.js', 'bower_components/modernizr/feature-detects/battery-api.js', 'bower_components/modernizr/feature-detects/battery-level.js', 'bower_components/modernizr/feature-detects/blob-constructor.js', 'bower_components/modernizr/feature-detects/canvas-todataurl-type.js', 'bower_components/modernizr/feature-detects/contenteditable.js', 'bower_components/modernizr/feature-detects/contentsecuritypolicy.js', 'bower_components/modernizr/feature-detects/contextmenu.js', 'bower_components/modernizr/feature-detects/cookies.js', 'bower_components/modernizr/feature-detects/cors.js', 'bower_components/modernizr/feature-detects/css-backgroundposition-shorthand.js', 'bower_components/modernizr/feature-detects/css-backgroundposition-xy.js', 'bower_components/modernizr/feature-detects/css-backgroundrepeat.js', 'bower_components/modernizr/feature-detects/css-backgroundsizecover.js', 'bower_components/modernizr/feature-detects/css-boxsizing.js', 'bower_components/modernizr/feature-detects/css-calc.js', 'bower_components/modernizr/feature-detects/css-cubicbezierrange.js', 'bower_components/modernizr/feature-detects/css-displayrunin.js', 'bower_components/modernizr/feature-detects/css-displaytable.js', 'bower_components/modernizr/feature-detects/css-filters.js', 'bower_components/modernizr/feature-detects/css-hyphens.js', 'bower_components/modernizr/feature-detects/css-lastchild.js', 'bower_components/modernizr/feature-detects/css-mask.js', 'bower_components/modernizr/feature-detects/css-mediaqueries.js', 'bower_components/modernizr/feature-detects/css-objectfit.js', 'bower_components/modernizr/feature-detects/css-overflow-scrolling.js', 'bower_components/modernizr/feature-detects/css-pointerevents.js', 'bower_components/modernizr/feature-detects/css-positionsticky.js', 'bower_components/modernizr/feature-detects/css-regions.js', 'bower_components/modernizr/feature-detects/css-remunit.js', 'bower_components/modernizr/feature-detects/css-resize.js', 'bower_components/modernizr/feature-detects/css-scrollbars.js', 'bower_components/modernizr/feature-detects/css-shapes.js', 'bower_components/modernizr/feature-detects/css-subpixelfont.js', 'bower_components/modernizr/feature-detects/css-supports.js', 'bower_components/modernizr/feature-detects/css-userselect.js', 'bower_components/modernizr/feature-detects/css-vhunit.js', 'bower_components/modernizr/feature-detects/css-vmaxunit.js', 'bower_components/modernizr/feature-detects/css-vminunit.js', 'bower_components/modernizr/feature-detects/css-vwunit.js', 'bower_components/modernizr/feature-detects/custom-protocol-handler.js', 'bower_components/modernizr/feature-detects/dart.js', 'bower_components/modernizr/feature-detects/dataview-api.js', 'bower_components/modernizr/feature-detects/dom-classlist.js', 'bower_components/modernizr/feature-detects/dom-createElement-attrs.js', 'bower_components/modernizr/feature-detects/dom-dataset.js', 'bower_components/modernizr/feature-detects/dom-microdata.js', 'bower_components/modernizr/feature-detects/elem-datalist.js', 'bower_components/modernizr/feature-detects/elem-details.js', 'bower_components/modernizr/feature-detects/elem-output.js', 'bower_components/modernizr/feature-detects/elem-progress-meter.js', 'bower_components/modernizr/feature-detects/elem-ruby.js', 'bower_components/modernizr/feature-detects/elem-time.js', 'bower_components/modernizr/feature-detects/elem-track.js', 'bower_components/modernizr/feature-detects/emoji.js', 'bower_components/modernizr/feature-detects/es5-strictmode.js', 'bower_components/modernizr/feature-detects/event-deviceorientation-motion.js', 'bower_components/modernizr/feature-detects/exif-orientation.js', 'bower_components/modernizr/feature-detects/file-api.js', 'bower_components/modernizr/feature-detects/file-filesystem.js', 'bower_components/modernizr/feature-detects/forms-fileinput.js', 'bower_components/modernizr/feature-detects/forms-formattribute.js', 'bower_components/modernizr/feature-detects/forms-inputnumber-l10n.js', 'bower_components/modernizr/feature-detects/forms-placeholder.js', 'bower_components/modernizr/feature-detects/forms-speechinput.js', 'bower_components/modernizr/feature-detects/forms-validation.js', 'bower_components/modernizr/feature-detects/fullscreen-api.js', 'bower_components/modernizr/feature-detects/gamepad.js', 'bower_components/modernizr/feature-detects/getusermedia.js', 'bower_components/modernizr/feature-detects/ie8compat.js', 'bower_components/modernizr/feature-detects/iframe-sandbox.js', 'bower_components/modernizr/feature-detects/iframe-seamless.js', 'bower_components/modernizr/feature-detects/iframe-srcdoc.js', 'bower_components/modernizr/feature-detects/img-apng.js', 'bower_components/modernizr/feature-detects/img-webp.js', 'bower_components/modernizr/feature-detects/json.js', 'bower_components/modernizr/feature-detects/lists-reversed.js', 'bower_components/modernizr/feature-detects/mathml.js', 'bower_components/modernizr/feature-detects/network-connection.js', 'bower_components/modernizr/feature-detects/network-eventsource.js', 'bower_components/modernizr/feature-detects/network-xhr2.js', 'bower_components/modernizr/feature-detects/notification.js', 'bower_components/modernizr/feature-detects/performance.js', 'bower_components/modernizr/feature-detects/pointerlock-api.js', 'bower_components/modernizr/feature-detects/quota-management-api.js', 'bower_components/modernizr/feature-detects/requestanimationframe.js', 'bower_components/modernizr/feature-detects/script-async.js', 'bower_components/modernizr/feature-detects/script-defer.js', 'bower_components/modernizr/feature-detects/style-scoped.js', 'bower_components/modernizr/feature-detects/svg-filters.js', 'bower_components/modernizr/feature-detects/unicode.js', 'bower_components/modernizr/feature-detects/url-data-uri.js', 'bower_components/modernizr/feature-detects/userdata.js', 'bower_components/modernizr/feature-detects/vibration.js', 'bower_components/modernizr/feature-detects/web-intents.js', 'bower_components/modernizr/feature-detects/webgl-extensions.js', 'bower_components/modernizr/feature-detects/websockets-binary.js', 'bower_components/modernizr/feature-detects/window-framed.js', 'bower_components/modernizr/feature-detects/workers-blobworkers.js', 'bower_components/modernizr/feature-detects/workers-dataworkers.js', 'bower_components/modernizr/feature-detects/workers-sharedworkers.js', 'bower_components/modernizr/grunt.js', 'bower_components/modernizr/media/Modernizr 2 Logo.ai', 'bower_components/modernizr/media/Modernizr 2 Logo.eps', 'bower_components/modernizr/media/Modernizr 2 Logo.pdf', 'bower_components/modernizr/media/Modernizr 2 Logo.png', 'bower_components/modernizr/media/Modernizr 2 Logo.svg', 'bower_components/modernizr/modernizr.js', 'bower_components/platform/bower.json', 'bower_components/platform/build.log', 'bower_components/platform/platform.js', 'bower_components/platform/platform.js.map', 'bower_components/polymer-test-tools/bower.json', 'bower_components/polymer-test-tools/chai/CONTRIBUTING.md', 'bower_components/polymer-test-tools/chai/History.md', 'bower_components/polymer-test-tools/chai/ReleaseNotes.md', 'bower_components/polymer-test-tools/chai/bower.json', 'bower_components/polymer-test-tools/chai/chai.js', 'bower_components/polymer-test-tools/chai/component.json', 'bower_components/polymer-test-tools/chai/karma.conf.js', 'bower_components/polymer-test-tools/chai/karma.sauce.js', 'bower_components/polymer-test-tools/chai/package.json', 'bower_components/polymer-test-tools/chai/sauce.browsers.js', 'bower_components/polymer-test-tools/htmltest.js', 'bower_components/polymer-test-tools/karma-common.conf.js', 'bower_components/polymer-test-tools/mocha-htmltest.js', 'bower_components/polymer-test-tools/mocha/History.md', 'bower_components/polymer-test-tools/mocha/LICENSE', 'bower_components/polymer-test-tools/mocha/bower.json', 'bower_components/polymer-test-tools/mocha/media/logo.svg', 'bower_components/polymer-test-tools/mocha/mocha.css', 'bower_components/polymer-test-tools/mocha/mocha.js', 'bower_components/polymer-test-tools/tools.html', 'bower_components/polymer/bower.json', 'bower_components/polymer/build.log', 'bower_components/polymer/layout.html', 'bower_components/polymer/polymer.html', 'bower_components/polymer/polymer.js', 'bower_components/polymer/polymer.js.map', 'bower_components/prettify-element/bower.json', 'bower_components/prettify-element/demo.html', 'bower_components/prettify-element/index.html', 'bower_components/prettify-element/prettify-element.html', 'bower_components/prettify-element/prettify-import.html', 'bower_components/sampler-scaffold/bower.json', 'bower_components/sampler-scaffold/demo.html', 'bower_components/sampler-scaffold/demos/checkbox.html', 'bower_components/sampler-scaffold/demos/color.html', 'bower_components/sampler-scaffold/demos/radio.html', 'bower_components/sampler-scaffold/demos/range.html', 'bower_components/sampler-scaffold/demos/string.html', 'bower_components/sampler-scaffold/index.html', 'bower_components/sampler-scaffold/sampler-scaffold.css', 'bower_components/sampler-scaffold/sampler-scaffold.html', 'bower_components/web-animations-js/COPYING', 'bower_components/web-animations-js/run-lint.sh', 'bower_components/web-animations-js/run-tests-android.sh', 'bower_components/web-animations-js/run-tests.sh', 'bower_components/web-animations-js/tools/android/config.sh', 'bower_components/web-animations-js/tools/android/setup.sh', 'bower_components/web-animations-js/tools/android/stop.sh', 'bower_components/web-animations-js/tools/python/requirements.txt', 'bower_components/web-animations-js/tools/python/run-tests.py', 'bower_components/web-animations-js/tools/python/setup.sh', 'bower_components/web-animations-js/tutorial/basic-animations/basic-animation-exercise-1.html', 'bower_components/web-animations-js/tutorial/basic-animations/basic-animation.html', 'bower_components/web-animations-js/tutorial/iframe-contents.html', 'bower_components/web-animations-js/tutorial/jquery.js', 'bower_components/web-animations-js/tutorial/page-load.js', 'bower_components/web-animations-js/tutorial/parallel/parallel-exercise-1.html', 'bower_components/web-animations-js/tutorial/parallel/parallel.html', 'bower_components/web-animations-js/tutorial/sample-tutorial.html', 'bower_components/web-animations-js/tutorial/try-it-yourself.js', 'bower_components/web-animations-js/tutorial/tutorial-style.css', 'bower_components/web-animations-js/tutorial/tutorial-testing.js', 'bower_components/web-animations-js/web-animations.js', 'build/ktrl.js', 'build/plug_ins/ConVerb.js', 'build/plug_ins/Impulse.js', 'build/plug_ins/SP1.js', 'build/plug_ins/SimpleOsc.js', 'build/plug_ins/StereoDelay.js', 'build/plug_ins/WXS1.js', 'build/plug_ins/cmp1.js', 'build/plug_ins/converb.js', 'build/plug_ins/fmkey7.js', 'build/plug_ins/impulse.js', 'build/plug_ins/noise.js', 'build/plug_ins/simpleosc.js', 'build/plug_ins/sp1.js', 'build/plug_ins/stereodelay.js', 'build/plug_ins/wxs1.js', 'build/plugins.min.js', 'build/timebase.js', 'build/waax.js', 'build/waax.map', 'build/waax.min.js', 'build/waax_all.map', 'build/waaxcore.min.js', 'connection-and-parameter/index.html', 'creating-waax-plugin/index.html', 'css/wxdoc.min.css', 'example-hellowaax/index.html', 'examples/demo/index.html', 'examples/envvy/envvy-app.css', 'examples/envvy/envvy-app.js', 'examples/envvy/index.html', 'examples/hellowaax/index.html', 'examples/index.html', 'examples/sonifier/data/longterm-monthly-temperature-sel.csv', 'examples/sonifier/data/monthly-australian-wine-sales-th.csv', 'examples/sonifier/index.html', 'examples/sonifier/main.js', 'examples/workshop/index.html', 'get-started/index.html', 'gulpbuild/plug_ins/converb.js', 'gulpbuild/plug_ins/impulse.js', 'gulpbuild/plug_ins/noise.js', 'gulpbuild/plug_ins/simpleosc.js', 'gulpbuild/plug_ins/sp1.js', 'gulpbuild/plug_ins/stereodelay.js', 'gulpbuild/plug_ins/wxs1.js', 'gulpbuild/waax.js', 'gulpdist/bower_components/chai/CONTRIBUTING.md', 'gulpdist/bower_components/chai/History.md', 'gulpdist/bower_components/chai/ReleaseNotes.md', 'gulpdist/bower_components/chai/bower.json', 'gulpdist/bower_components/chai/chai.js', 'gulpdist/bower_components/chai/component.json', 'gulpdist/bower_components/chai/karma.conf.js', 'gulpdist/bower_components/chai/karma.sauce.js', 'gulpdist/bower_components/chai/package.json', 'gulpdist/bower_components/chai/sauce.browsers.js', 'gulpdist/bower_components/context-free-parser/bower.json', 'gulpdist/bower_components/context-free-parser/context-free-parser.html', 'gulpdist/bower_components/context-free-parser/context-free-parser.js', 'gulpdist/bower_components/context-free-parser/demo.html', 'gulpdist/bower_components/context-free-parser/index.html', 'gulpdist/bower_components/core-ajax/bower.json', 'gulpdist/bower_components/core-ajax/core-ajax.html', 'gulpdist/bower_components/core-ajax/core-xhr.html', 'gulpdist/bower_components/core-ajax/demo.html', 'gulpdist/bower_components/core-ajax/index.html', 'gulpdist/bower_components/core-ajax/metadata.html', 'gulpdist/bower_components/core-animated-pages/bower.json', 'gulpdist/bower_components/core-animated-pages/core-animated-pages.css', 'gulpdist/bower_components/core-animated-pages/core-animated-pages.html', 'gulpdist/bower_components/core-animated-pages/demo.html', 'gulpdist/bower_components/core-animated-pages/demos/grid.html', 'gulpdist/bower_components/core-animated-pages/demos/list.html', 'gulpdist/bower_components/core-animated-pages/demos/music.html', 'gulpdist/bower_components/core-animated-pages/demos/nested-animated-pages.html', 'gulpdist/bower_components/core-animated-pages/demos/nested.html', 'gulpdist/bower_components/core-animated-pages/demos/news.html', 'gulpdist/bower_components/core-animated-pages/demos/quiz1-intro.png', 'gulpdist/bower_components/core-animated-pages/demos/quiz1.html', 'gulpdist/bower_components/core-animated-pages/demos/shadow.html', 'gulpdist/bower_components/core-animated-pages/demos/simple.html', 'gulpdist/bower_components/core-animated-pages/index.html', 'gulpdist/bower_components/core-animated-pages/metadata.html', 'gulpdist/bower_components/core-animated-pages/transitions/cascade-transition.html', 'gulpdist/bower_components/core-animated-pages/transitions/core-transition-pages.html', 'gulpdist/bower_components/core-animated-pages/transitions/cross-fade.html', 'gulpdist/bower_components/core-animated-pages/transitions/hero-transition.css', 'gulpdist/bower_components/core-animated-pages/transitions/hero-transition.html', 'gulpdist/bower_components/core-animated-pages/transitions/list-cascade.html', 'gulpdist/bower_components/core-animated-pages/transitions/scale-up.html', 'gulpdist/bower_components/core-animated-pages/transitions/slide-down.html', 'gulpdist/bower_components/core-animated-pages/transitions/slide-from-bottom.html', 'gulpdist/bower_components/core-animated-pages/transitions/slide-from-right.html', 'gulpdist/bower_components/core-animated-pages/transitions/slide-up.html', 'gulpdist/bower_components/core-animated-pages/transitions/tile-cascade.html', 'gulpdist/bower_components/core-animation/bower.json', 'gulpdist/bower_components/core-animation/core-animation-group.html', 'gulpdist/bower_components/core-animation/core-animation.html', 'gulpdist/bower_components/core-animation/demo.html', 'gulpdist/bower_components/core-animation/index.html', 'gulpdist/bower_components/core-animation/web-animations.html', 'gulpdist/bower_components/core-collapse/bower.json', 'gulpdist/bower_components/core-collapse/core-collapse.css', 'gulpdist/bower_components/core-collapse/core-collapse.html', 'gulpdist/bower_components/core-collapse/demo.html', 'gulpdist/bower_components/core-collapse/index.html', 'gulpdist/bower_components/core-component-page/bowager-logo.png', 'gulpdist/bower_components/core-component-page/bower.json', 'gulpdist/bower_components/core-component-page/core-component-page.html', 'gulpdist/bower_components/core-component-page/demo.html', 'gulpdist/bower_components/core-component-page/index.html', 'gulpdist/bower_components/core-doc-viewer/bower.json', 'gulpdist/bower_components/core-doc-viewer/core-doc-viewer.html', 'gulpdist/bower_components/core-doc-viewer/demo.html', 'gulpdist/bower_components/core-doc-viewer/elements/core-doc-page.css', 'gulpdist/bower_components/core-doc-viewer/elements/core-doc-page.html', 'gulpdist/bower_components/core-doc-viewer/elements/core-doc-toc.css', 'gulpdist/bower_components/core-doc-viewer/elements/core-doc-toc.html', 'gulpdist/bower_components/core-doc-viewer/index.html', 'gulpdist/bower_components/core-docs/bower.json', 'gulpdist/bower_components/core-docs/index.html', 'gulpdist/bower_components/core-drag-drop/core-drag-drop.html', 'gulpdist/bower_components/core-drag-drop/demo.html', 'gulpdist/bower_components/core-drag-drop/index.html', 'gulpdist/bower_components/core-drawer-panel/bower.json', 'gulpdist/bower_components/core-drawer-panel/core-drawer-panel.css', 'gulpdist/bower_components/core-drawer-panel/core-drawer-panel.html', 'gulpdist/bower_components/core-drawer-panel/demo.html', 'gulpdist/bower_components/core-drawer-panel/index.html', 'gulpdist/bower_components/core-drawer-panel/metadata.html', 'gulpdist/bower_components/core-dropdown/bower.json', 'gulpdist/bower_components/core-dropdown/core-dropdown.css', 'gulpdist/bower_components/core-dropdown/core-dropdown.html', 'gulpdist/bower_components/core-dropdown/demo.html', 'gulpdist/bower_components/core-dropdown/index.html', 'gulpdist/bower_components/core-elements/bower.json', 'gulpdist/bower_components/core-elements/core-elements.html', 'gulpdist/bower_components/core-elements/demo.html', 'gulpdist/bower_components/core-elements/index.html', 'gulpdist/bower_components/core-elements/metadata.html', 'gulpdist/bower_components/core-field/bower.json', 'gulpdist/bower_components/core-field/core-field.css', 'gulpdist/bower_components/core-field/core-field.html', 'gulpdist/bower_components/core-field/demo.html', 'gulpdist/bower_components/core-field/index.html', 'gulpdist/bower_components/core-field/metadata.html', 'gulpdist/bower_components/core-header-panel/bower.json', 'gulpdist/bower_components/core-header-panel/core-header-panel.css', 'gulpdist/bower_components/core-header-panel/core-header-panel.html', 'gulpdist/bower_components/core-header-panel/demo.html', 'gulpdist/bower_components/core-header-panel/index.html', 'gulpdist/bower_components/core-header-panel/metadata.html', 'gulpdist/bower_components/core-icon-button/bower.json', 'gulpdist/bower_components/core-icon-button/core-icon-button.css', 'gulpdist/bower_components/core-icon-button/core-icon-button.html', 'gulpdist/bower_components/core-icon-button/demo.html', 'gulpdist/bower_components/core-icon-button/index.html', 'gulpdist/bower_components/core-icon-button/metadata.html', 'gulpdist/bower_components/core-icon/bower.json', 'gulpdist/bower_components/core-icon/core-icon.css', 'gulpdist/bower_components/core-icon/core-icon.html', 'gulpdist/bower_components/core-icon/demo.html', 'gulpdist/bower_components/core-icon/index.html', 'gulpdist/bower_components/core-icon/metadata.html', 'gulpdist/bower_components/core-icons/av-icons.html', 'gulpdist/bower_components/core-icons/bower.json', 'gulpdist/bower_components/core-icons/communication-icons.html', 'gulpdist/bower_components/core-icons/core-icons.html', 'gulpdist/bower_components/core-icons/demo.html', 'gulpdist/bower_components/core-icons/device-icons.html', 'gulpdist/bower_components/core-icons/editor-icons.html', 'gulpdist/bower_components/core-icons/hardware-icons.html', 'gulpdist/bower_components/core-icons/image-icons.html', 'gulpdist/bower_components/core-icons/index.html', 'gulpdist/bower_components/core-icons/maps-icons.html', 'gulpdist/bower_components/core-icons/notification-icons.html', 'gulpdist/bower_components/core-icons/png-icons.html', 'gulpdist/bower_components/core-icons/social-icons.html', 'gulpdist/bower_components/core-iconset-svg/bower.json', 'gulpdist/bower_components/core-iconset-svg/core-iconset-svg.html', 'gulpdist/bower_components/core-iconset-svg/demo.html', 'gulpdist/bower_components/core-iconset-svg/index.html', 'gulpdist/bower_components/core-iconset-svg/svg-sample-icons.html', 'gulpdist/bower_components/core-iconset/bower.json', 'gulpdist/bower_components/core-iconset/core-iconset.html', 'gulpdist/bower_components/core-iconset/demo.html', 'gulpdist/bower_components/core-iconset/index.html', 'gulpdist/bower_components/core-iconset/my-icons-big.png', 'gulpdist/bower_components/core-iconset/my-icons.png', 'gulpdist/bower_components/core-input/bower.json', 'gulpdist/bower_components/core-input/core-input.css', 'gulpdist/bower_components/core-input/core-input.html', 'gulpdist/bower_components/core-input/demo.html', 'gulpdist/bower_components/core-input/index.html', 'gulpdist/bower_components/core-input/metadata.html', 'gulpdist/bower_components/core-item/bower.json', 'gulpdist/bower_components/core-item/core-item.css', 'gulpdist/bower_components/core-item/core-item.html', 'gulpdist/bower_components/core-item/demo.html', 'gulpdist/bower_components/core-item/index.html', 'gulpdist/bower_components/core-item/metadata.html', 'gulpdist/bower_components/core-layout-grid/bower.json', 'gulpdist/bower_components/core-layout-grid/core-layout-grid.html', 'gulpdist/bower_components/core-layout-grid/demo.html', 'gulpdist/bower_components/core-layout-grid/index.html', 'gulpdist/bower_components/core-layout-grid/metadata.html', 'gulpdist/bower_components/core-layout-trbl/bower.json', 'gulpdist/bower_components/core-layout-trbl/core-layout-trbl.html', 'gulpdist/bower_components/core-layout-trbl/core-slide.html', 'gulpdist/bower_components/core-layout-trbl/demo.html', 'gulpdist/bower_components/core-layout-trbl/index.html', 'gulpdist/bower_components/core-list/bower.json', 'gulpdist/bower_components/core-list/core-list.css', 'gulpdist/bower_components/core-list/core-list.html', 'gulpdist/bower_components/core-list/demo-divider.html', 'gulpdist/bower_components/core-list/demo.html', 'gulpdist/bower_components/core-list/images/0.png', 'gulpdist/bower_components/core-list/images/1.png', 'gulpdist/bower_components/core-list/images/2.png', 'gulpdist/bower_components/core-list/images/3.png', 'gulpdist/bower_components/core-list/index.html', 'gulpdist/bower_components/core-localstorage/bower.json', 'gulpdist/bower_components/core-localstorage/core-localstorage.html', 'gulpdist/bower_components/core-localstorage/demo.html', 'gulpdist/bower_components/core-localstorage/index.html', 'gulpdist/bower_components/core-media-query/bower.json', 'gulpdist/bower_components/core-media-query/core-media-query.html', 'gulpdist/bower_components/core-media-query/demo.html', 'gulpdist/bower_components/core-media-query/index.html', 'gulpdist/bower_components/core-menu-button/bower.json', 'gulpdist/bower_components/core-menu-button/core-menu-button.css', 'gulpdist/bower_components/core-menu-button/core-menu-button.html', 'gulpdist/bower_components/core-menu-button/demo.html', 'gulpdist/bower_components/core-menu-button/index.html', 'gulpdist/bower_components/core-menu-button/metadata.html', 'gulpdist/bower_components/core-menu/bower.json', 'gulpdist/bower_components/core-menu/core-menu.css', 'gulpdist/bower_components/core-menu/core-menu.html', 'gulpdist/bower_components/core-menu/core-submenu.css', 'gulpdist/bower_components/core-menu/core-submenu.html', 'gulpdist/bower_components/core-menu/demo.html', 'gulpdist/bower_components/core-menu/index.html', 'gulpdist/bower_components/core-menu/metadata.html', 'gulpdist/bower_components/core-meta/bower.json', 'gulpdist/bower_components/core-meta/core-meta.html', 'gulpdist/bower_components/core-meta/demo.html', 'gulpdist/bower_components/core-meta/index.html', 'gulpdist/bower_components/core-overlay/bower.json', 'gulpdist/bower_components/core-overlay/core-key-helper.html', 'gulpdist/bower_components/core-overlay/core-overlay-layer.html', 'gulpdist/bower_components/core-overlay/core-overlay.html', 'gulpdist/bower_components/core-overlay/demo.html', 'gulpdist/bower_components/core-overlay/index.html', 'gulpdist/bower_components/core-pages/bower.json', 'gulpdist/bower_components/core-pages/core-pages.css', 'gulpdist/bower_components/core-pages/core-pages.html', 'gulpdist/bower_components/core-pages/demo.html', 'gulpdist/bower_components/core-pages/index.html', 'gulpdist/bower_components/core-pages/metadata.html', 'gulpdist/bower_components/core-popup-menu/bower.json', 'gulpdist/bower_components/core-popup-menu/core-popup-menu.css', 'gulpdist/bower_components/core-popup-menu/core-popup-menu.html', 'gulpdist/bower_components/core-popup-menu/core-popup-overlay.html', 'gulpdist/bower_components/core-popup-menu/demo.html', 'gulpdist/bower_components/core-popup-menu/index.html', 'gulpdist/bower_components/core-popup-menu/metadata.html', 'gulpdist/bower_components/core-range/bower.json', 'gulpdist/bower_components/core-range/core-range.html', 'gulpdist/bower_components/core-range/demo.html', 'gulpdist/bower_components/core-range/index.html', 'gulpdist/bower_components/core-scaffold/bower.json', 'gulpdist/bower_components/core-scaffold/core-scaffold.html', 'gulpdist/bower_components/core-scaffold/demo.html', 'gulpdist/bower_components/core-scaffold/index.html', 'gulpdist/bower_components/core-scaffold/metadata.html', 'gulpdist/bower_components/core-scroll-header-panel/bower.json', 'gulpdist/bower_components/core-scroll-header-panel/core-scroll-header-panel.css', 'gulpdist/bower_components/core-scroll-header-panel/core-scroll-header-panel.html', 'gulpdist/bower_components/core-scroll-header-panel/demo.html', 'gulpdist/bower_components/core-scroll-header-panel/demos/demo1.html', 'gulpdist/bower_components/core-scroll-header-panel/demos/demo2.html', 'gulpdist/bower_components/core-scroll-header-panel/demos/demo3.html', 'gulpdist/bower_components/core-scroll-header-panel/demos/demo4.html', 'gulpdist/bower_components/core-scroll-header-panel/demos/demo5.html', 'gulpdist/bower_components/core-scroll-header-panel/demos/demo6.html', 'gulpdist/bower_components/core-scroll-header-panel/demos/demo7.html', 'gulpdist/bower_components/core-scroll-header-panel/demos/demo8.html', 'gulpdist/bower_components/core-scroll-header-panel/demos/demo9.html', 'gulpdist/bower_components/core-scroll-header-panel/demos/images/bg2.jpg', 'gulpdist/bower_components/core-scroll-header-panel/demos/images/bg3.jpg', 'gulpdist/bower_components/core-scroll-header-panel/demos/images/bg5.jpg', 'gulpdist/bower_components/core-scroll-header-panel/demos/images/bg6.jpg', 'gulpdist/bower_components/core-scroll-header-panel/demos/images/bg9.jpg', 'gulpdist/bower_components/core-scroll-header-panel/demos/lorem-ipsum.html', 'gulpdist/bower_components/core-scroll-header-panel/index.html', 'gulpdist/bower_components/core-scroll-header-panel/metadata.html', 'gulpdist/bower_components/core-selection/bower.json', 'gulpdist/bower_components/core-selection/core-selection.html', 'gulpdist/bower_components/core-selection/demo.html', 'gulpdist/bower_components/core-selection/index.html', 'gulpdist/bower_components/core-selector/bower.json', 'gulpdist/bower_components/core-selector/core-selector.html', 'gulpdist/bower_components/core-selector/demo.html', 'gulpdist/bower_components/core-selector/index.html', 'gulpdist/bower_components/core-selector/metadata.html', 'gulpdist/bower_components/core-shared-lib/bower.json', 'gulpdist/bower_components/core-shared-lib/core-shared-lib.html', 'gulpdist/bower_components/core-shared-lib/demo.html', 'gulpdist/bower_components/core-shared-lib/index.html', 'gulpdist/bower_components/core-signals/bower.json', 'gulpdist/bower_components/core-signals/core-signals.html', 'gulpdist/bower_components/core-signals/demo.html', 'gulpdist/bower_components/core-signals/index.html', 'gulpdist/bower_components/core-splitter/bower.json', 'gulpdist/bower_components/core-splitter/core-splitter.css', 'gulpdist/bower_components/core-splitter/core-splitter.html', 'gulpdist/bower_components/core-splitter/demo.html', 'gulpdist/bower_components/core-splitter/handle-h.svg', 'gulpdist/bower_components/core-splitter/handle.svg', 'gulpdist/bower_components/core-splitter/index.html', 'gulpdist/bower_components/core-style/bower.json', 'gulpdist/bower_components/core-style/core-style.html', 'gulpdist/bower_components/core-style/demo.html', 'gulpdist/bower_components/core-style/elements.html', 'gulpdist/bower_components/core-style/index.html', 'gulpdist/bower_components/core-style/my-theme.html', 'gulpdist/bower_components/core-tests/bower.json', 'gulpdist/bower_components/core-tests/runner.html', 'gulpdist/bower_components/core-toolbar/bower.json', 'gulpdist/bower_components/core-toolbar/core-toolbar.css', 'gulpdist/bower_components/core-toolbar/core-toolbar.html', 'gulpdist/bower_components/core-toolbar/demo.html', 'gulpdist/bower_components/core-toolbar/index.html', 'gulpdist/bower_components/core-toolbar/metadata.html', 'gulpdist/bower_components/core-tooltip/bower.json', 'gulpdist/bower_components/core-tooltip/core-tooltip.css', 'gulpdist/bower_components/core-tooltip/core-tooltip.html', 'gulpdist/bower_components/core-tooltip/demo.html', 'gulpdist/bower_components/core-tooltip/index.html', 'gulpdist/bower_components/core-tooltip/metadata.html', 'gulpdist/bower_components/core-transition/bower.json', 'gulpdist/bower_components/core-transition/core-transition-css.html', 'gulpdist/bower_components/core-transition/core-transition-overlay.css', 'gulpdist/bower_components/core-transition/core-transition.html', 'gulpdist/bower_components/core-transition/demo.html', 'gulpdist/bower_components/core-transition/index.html', 'gulpdist/bower_components/fastclick/LICENSE', 'gulpdist/bower_components/fastclick/bower.json', 'gulpdist/bower_components/fastclick/lib/fastclick.js', 'gulpdist/bower_components/foundation/bower.json', 'gulpdist/bower_components/foundation/css/foundation.css', 'gulpdist/bower_components/foundation/css/foundation.css.map', 'gulpdist/bower_components/foundation/css/normalize.css', 'gulpdist/bower_components/foundation/css/normalize.css.map', 'gulpdist/bower_components/foundation/js/foundation.js', 'gulpdist/bower_components/foundation/js/foundation.min.js', 'gulpdist/bower_components/foundation/js/foundation/foundation.abide.js', 'gulpdist/bower_components/foundation/js/foundation/foundation.accordion.js', 'gulpdist/bower_components/foundation/js/foundation/foundation.alert.js', 'gulpdist/bower_components/foundation/js/foundation/foundation.clearing.js', 'gulpdist/bower_components/foundation/js/foundation/foundation.dropdown.js', 'gulpdist/bower_components/foundation/js/foundation/foundation.equalizer.js', 'gulpdist/bower_components/foundation/js/foundation/foundation.interchange.js', 'gulpdist/bower_components/foundation/js/foundation/foundation.joyride.js', 'gulpdist/bower_components/foundation/js/foundation/foundation.js', 'gulpdist/bower_components/foundation/js/foundation/foundation.magellan.js', 'gulpdist/bower_components/foundation/js/foundation/foundation.offcanvas.js', 'gulpdist/bower_components/foundation/js/foundation/foundation.orbit.js', 'gulpdist/bower_components/foundation/js/foundation/foundation.reveal.js', 'gulpdist/bower_components/foundation/js/foundation/foundation.slider.js', 'gulpdist/bower_components/foundation/js/foundation/foundation.tab.js', 'gulpdist/bower_components/foundation/js/foundation/foundation.tooltip.js', 'gulpdist/bower_components/foundation/js/foundation/foundation.topbar.js', 'gulpdist/bower_components/foundation/js/vendor/fastclick.js', 'gulpdist/bower_components/foundation/js/vendor/jquery.cookie.js', 'gulpdist/bower_components/foundation/js/vendor/jquery.js', 'gulpdist/bower_components/foundation/js/vendor/modernizr.js', 'gulpdist/bower_components/foundation/js/vendor/placeholder.js', 'gulpdist/bower_components/foundation/scss/foundation.scss', 'gulpdist/bower_components/foundation/scss/foundation/_functions.scss', 'gulpdist/bower_components/foundation/scss/foundation/_settings.scss', 'gulpdist/bower_components/foundation/scss/foundation/components/_accordion.scss', 'gulpdist/bower_components/foundation/scss/foundation/components/_alert-boxes.scss', 'gulpdist/bower_components/foundation/scss/foundation/components/_block-grid.scss', 'gulpdist/bower_components/foundation/scss/foundation/components/_breadcrumbs.scss', 'gulpdist/bower_components/foundation/scss/foundation/components/_button-groups.scss', 'gulpdist/bower_components/foundation/scss/foundation/components/_buttons.scss', 'gulpdist/bower_components/foundation/scss/foundation/components/_clearing.scss', 'gulpdist/bower_components/foundation/scss/foundation/components/_dropdown-buttons.scss', 'gulpdist/bower_components/foundation/scss/foundation/components/_dropdown.scss', 'gulpdist/bower_components/foundation/scss/foundation/components/_flex-video.scss', 'gulpdist/bower_components/foundation/scss/foundation/components/_forms.scss', 'gulpdist/bower_components/foundation/scss/foundation/components/_global.scss', 'gulpdist/bower_components/foundation/scss/foundation/components/_grid.scss', 'gulpdist/bower_components/foundation/scss/foundation/components/_icon-bar.scss', 'gulpdist/bower_components/foundation/scss/foundation/components/_inline-lists.scss', 'gulpdist/bower_components/foundation/scss/foundation/components/_joyride.scss', 'gulpdist/bower_components/foundation/scss/foundation/components/_keystrokes.scss', 'gulpdist/bower_components/foundation/scss/foundation/components/_labels.scss', 'gulpdist/bower_components/foundation/scss/foundation/components/_magellan.scss', 'gulpdist/bower_components/foundation/scss/foundation/components/_offcanvas.scss', 'gulpdist/bower_components/foundation/scss/foundation/components/_orbit.scss', 'gulpdist/bower_components/foundation/scss/foundation/components/_pagination.scss', 'gulpdist/bower_components/foundation/scss/foundation/components/_panels.scss', 'gulpdist/bower_components/foundation/scss/foundation/components/_pricing-tables.scss', 'gulpdist/bower_components/foundation/scss/foundation/components/_progress-bars.scss', 'gulpdist/bower_components/foundation/scss/foundation/components/_range-slider.scss', 'gulpdist/bower_components/foundation/scss/foundation/components/_reveal.scss', 'gulpdist/bower_components/foundation/scss/foundation/components/_side-nav.scss', 'gulpdist/bower_components/foundation/scss/foundation/components/_split-buttons.scss', 'gulpdist/bower_components/foundation/scss/foundation/components/_sub-nav.scss', 'gulpdist/bower_components/foundation/scss/foundation/components/_switches.scss', 'gulpdist/bower_components/foundation/scss/foundation/components/_tables.scss', 'gulpdist/bower_components/foundation/scss/foundation/components/_tabs.scss', 'gulpdist/bower_components/foundation/scss/foundation/components/_thumbs.scss', 'gulpdist/bower_components/foundation/scss/foundation/components/_toolbar.scss', 'gulpdist/bower_components/foundation/scss/foundation/components/_tooltips.scss', 'gulpdist/bower_components/foundation/scss/foundation/components/_top-bar.scss', 'gulpdist/bower_components/foundation/scss/foundation/components/_type.scss', 'gulpdist/bower_components/foundation/scss/foundation/components/_visibility.scss', 'gulpdist/bower_components/foundation/scss/normalize.scss', 'gulpdist/bower_components/google-code-prettify/CHANGES.html', 'gulpdist/bower_components/google-code-prettify/COPYING', 'gulpdist/bower_components/google-code-prettify/bin/prettify.min.css', 'gulpdist/bower_components/google-code-prettify/bin/prettify.min.js', 'gulpdist/bower_components/google-code-prettify/bin/run_prettify.min.js', 'gulpdist/bower_components/google-code-prettify/bower.json', 'gulpdist/bower_components/google-code-prettify/examples/quine.html', 'gulpdist/bower_components/google-code-prettify/src/lang-apollo.js', 'gulpdist/bower_components/google-code-prettify/src/lang-basic.js', 'gulpdist/bower_components/google-code-prettify/src/lang-clj.js', 'gulpdist/bower_components/google-code-prettify/src/lang-css.js', 'gulpdist/bower_components/google-code-prettify/src/lang-dart.js', 'gulpdist/bower_components/google-code-prettify/src/lang-erlang.js', 'gulpdist/bower_components/google-code-prettify/src/lang-go.js', 'gulpdist/bower_components/google-code-prettify/src/lang-hs.js', 'gulpdist/bower_components/google-code-prettify/src/lang-lisp.js', 'gulpdist/bower_components/google-code-prettify/src/lang-llvm.js', 'gulpdist/bower_components/google-code-prettify/src/lang-lua.js', 'gulpdist/bower_components/google-code-prettify/src/lang-matlab.js', 'gulpdist/bower_components/google-code-prettify/src/lang-ml.js', 'gulpdist/bower_components/google-code-prettify/src/lang-mumps.js', 'gulpdist/bower_components/google-code-prettify/src/lang-n.js', 'gulpdist/bower_components/google-code-prettify/src/lang-pascal.js', 'gulpdist/bower_components/google-code-prettify/src/lang-proto.js', 'gulpdist/bower_components/google-code-prettify/src/lang-r.js', 'gulpdist/bower_components/google-code-prettify/src/lang-rd.js', 'gulpdist/bower_components/google-code-prettify/src/lang-scala.js', 'gulpdist/bower_components/google-code-prettify/src/lang-sql.js', 'gulpdist/bower_components/google-code-prettify/src/lang-tcl.js', 'gulpdist/bower_components/google-code-prettify/src/lang-tex.js', 'gulpdist/bower_components/google-code-prettify/src/lang-vb.js', 'gulpdist/bower_components/google-code-prettify/src/lang-vhdl.js', 'gulpdist/bower_components/google-code-prettify/src/lang-wiki.js', 'gulpdist/bower_components/google-code-prettify/src/lang-xq.js', 'gulpdist/bower_components/google-code-prettify/src/lang-yaml.js', 'gulpdist/bower_components/google-code-prettify/src/prettify.css', 'gulpdist/bower_components/google-code-prettify/src/prettify.js', 'gulpdist/bower_components/google-code-prettify/src/run_prettify.js', 'gulpdist/bower_components/google-code-prettify/styles/demo.html', 'gulpdist/bower_components/google-code-prettify/styles/desert.css', 'gulpdist/bower_components/google-code-prettify/styles/doxy.css', 'gulpdist/bower_components/google-code-prettify/styles/index.html', 'gulpdist/bower_components/google-code-prettify/styles/sons-of-obsidian.css', 'gulpdist/bower_components/google-code-prettify/styles/sunburst.css', 'gulpdist/bower_components/jquery-placeholder/LICENSE-MIT.txt', 'gulpdist/bower_components/jquery-placeholder/bower.json', 'gulpdist/bower_components/jquery-placeholder/demo.html', 'gulpdist/bower_components/jquery-placeholder/jquery.placeholder.js', 'gulpdist/bower_components/jquery.cookie/bower.json', 'gulpdist/bower_components/jquery.cookie/jquery.cookie.js', 'gulpdist/bower_components/jquery/MIT-LICENSE.txt', 'gulpdist/bower_components/jquery/bower.json', 'gulpdist/bower_components/jquery/src/ajax.js', 'gulpdist/bower_components/jquery/src/ajax/jsonp.js', 'gulpdist/bower_components/jquery/src/ajax/load.js', 'gulpdist/bower_components/jquery/src/ajax/parseJSON.js', 'gulpdist/bower_components/jquery/src/ajax/parseXML.js', 'gulpdist/bower_components/jquery/src/ajax/script.js', 'gulpdist/bower_components/jquery/src/ajax/var/nonce.js', 'gulpdist/bower_components/jquery/src/ajax/var/rquery.js', 'gulpdist/bower_components/jquery/src/ajax/xhr.js', 'gulpdist/bower_components/jquery/src/attributes.js', 'gulpdist/bower_components/jquery/src/attributes/attr.js', 'gulpdist/bower_components/jquery/src/attributes/classes.js', 'gulpdist/bower_components/jquery/src/attributes/prop.js', 'gulpdist/bower_components/jquery/src/attributes/support.js', 'gulpdist/bower_components/jquery/src/attributes/val.js', 'gulpdist/bower_components/jquery/src/callbacks.js', 'gulpdist/bower_components/jquery/src/core.js', 'gulpdist/bower_components/jquery/src/core/access.js', 'gulpdist/bower_components/jquery/src/core/init.js', 'gulpdist/bower_components/jquery/src/core/parseHTML.js', 'gulpdist/bower_components/jquery/src/core/ready.js', 'gulpdist/bower_components/jquery/src/core/var/rsingleTag.js', 'gulpdist/bower_components/jquery/src/css.js', 'gulpdist/bower_components/jquery/src/css/addGetHookIf.js', 'gulpdist/bower_components/jquery/src/css/curCSS.js', 'gulpdist/bower_components/jquery/src/css/defaultDisplay.js', 'gulpdist/bower_components/jquery/src/css/hiddenVisibleSelectors.js', 'gulpdist/bower_components/jquery/src/css/support.js', 'gulpdist/bower_components/jquery/src/css/swap.js', 'gulpdist/bower_components/jquery/src/css/var/cssExpand.js', 'gulpdist/bower_components/jquery/src/css/var/getStyles.js', 'gulpdist/bower_components/jquery/src/css/var/isHidden.js', 'gulpdist/bower_components/jquery/src/css/var/rmargin.js', 'gulpdist/bower_components/jquery/src/css/var/rnumnonpx.js', 'gulpdist/bower_components/jquery/src/data.js', 'gulpdist/bower_components/jquery/src/data/Data.js', 'gulpdist/bower_components/jquery/src/data/accepts.js', 'gulpdist/bower_components/jquery/src/data/var/data_priv.js', 'gulpdist/bower_components/jquery/src/data/var/data_user.js', 'gulpdist/bower_components/jquery/src/deferred.js', 'gulpdist/bower_components/jquery/src/deprecated.js', 'gulpdist/bower_components/jquery/src/dimensions.js', 'gulpdist/bower_components/jquery/src/effects.js', 'gulpdist/bower_components/jquery/src/effects/Tween.js', 'gulpdist/bower_components/jquery/src/effects/animatedSelector.js', 'gulpdist/bower_components/jquery/src/event.js', 'gulpdist/bower_components/jquery/src/event/alias.js', 'gulpdist/bower_components/jquery/src/event/support.js', 'gulpdist/bower_components/jquery/src/exports/amd.js', 'gulpdist/bower_components/jquery/src/exports/global.js', 'gulpdist/bower_components/jquery/src/intro.js', 'gulpdist/bower_components/jquery/src/jquery.js', 'gulpdist/bower_components/jquery/src/manipulation.js', 'gulpdist/bower_components/jquery/src/manipulation/_evalUrl.js', 'gulpdist/bower_components/jquery/src/manipulation/support.js', 'gulpdist/bower_components/jquery/src/manipulation/var/rcheckableType.js', 'gulpdist/bower_components/jquery/src/offset.js', 'gulpdist/bower_components/jquery/src/outro.js', 'gulpdist/bower_components/jquery/src/queue.js', 'gulpdist/bower_components/jquery/src/queue/delay.js', 'gulpdist/bower_components/jquery/src/selector-native.js', 'gulpdist/bower_components/jquery/src/selector-sizzle.js', 'gulpdist/bower_components/jquery/src/selector.js', 'gulpdist/bower_components/jquery/src/serialize.js', 'gulpdist/bower_components/jquery/src/traversing.js', 'gulpdist/bower_components/jquery/src/traversing/findFilter.js', 'gulpdist/bower_components/jquery/src/traversing/var/rneedsContext.js', 'gulpdist/bower_components/jquery/src/var/arr.js', 'gulpdist/bower_components/jquery/src/var/class2type.js', 'gulpdist/bower_components/jquery/src/var/concat.js', 'gulpdist/bower_components/jquery/src/var/hasOwn.js', 'gulpdist/bower_components/jquery/src/var/indexOf.js', 'gulpdist/bower_components/jquery/src/var/pnum.js', 'gulpdist/bower_components/jquery/src/var/push.js', 'gulpdist/bower_components/jquery/src/var/rnotwhite.js', 'gulpdist/bower_components/jquery/src/var/slice.js', 'gulpdist/bower_components/jquery/src/var/strundefined.js', 'gulpdist/bower_components/jquery/src/var/support.js', 'gulpdist/bower_components/jquery/src/var/toString.js', 'gulpdist/bower_components/jquery/src/wrap.js', 'gulpdist/bower_components/marked-element/bower.json', 'gulpdist/bower_components/marked-element/demo.html', 'gulpdist/bower_components/marked-element/index.html', 'gulpdist/bower_components/marked-element/marked-element.html', 'gulpdist/bower_components/marked-element/marked-import.html', 'gulpdist/bower_components/marked/LICENSE', 'gulpdist/bower_components/marked/Makefile', 'gulpdist/bower_components/marked/bin/marked', 'gulpdist/bower_components/marked/component.json', 'gulpdist/bower_components/marked/index.js', 'gulpdist/bower_components/marked/lib/marked.js', 'gulpdist/bower_components/marked/man/marked.1', 'gulpdist/bower_components/marked/package.json', 'gulpdist/bower_components/mocha/History.md', 'gulpdist/bower_components/mocha/LICENSE', 'gulpdist/bower_components/mocha/bower.json', 'gulpdist/bower_components/mocha/media/logo.svg', 'gulpdist/bower_components/mocha/mocha.css', 'gulpdist/bower_components/mocha/mocha.js', 'gulpdist/bower_components/modernizr/feature-detects/a-download.js', 'gulpdist/bower_components/modernizr/feature-detects/audio-audiodata-api.js', 'gulpdist/bower_components/modernizr/feature-detects/audio-webaudio-api.js', 'gulpdist/bower_components/modernizr/feature-detects/battery-api.js', 'gulpdist/bower_components/modernizr/feature-detects/battery-level.js', 'gulpdist/bower_components/modernizr/feature-detects/blob-constructor.js', 'gulpdist/bower_components/modernizr/feature-detects/canvas-todataurl-type.js', 'gulpdist/bower_components/modernizr/feature-detects/contenteditable.js', 'gulpdist/bower_components/modernizr/feature-detects/contentsecuritypolicy.js', 'gulpdist/bower_components/modernizr/feature-detects/contextmenu.js', 'gulpdist/bower_components/modernizr/feature-detects/cookies.js', 'gulpdist/bower_components/modernizr/feature-detects/cors.js', 'gulpdist/bower_components/modernizr/feature-detects/css-backgroundposition-shorthand.js', 'gulpdist/bower_components/modernizr/feature-detects/css-backgroundposition-xy.js', 'gulpdist/bower_components/modernizr/feature-detects/css-backgroundrepeat.js', 'gulpdist/bower_components/modernizr/feature-detects/css-backgroundsizecover.js', 'gulpdist/bower_components/modernizr/feature-detects/css-boxsizing.js', 'gulpdist/bower_components/modernizr/feature-detects/css-calc.js', 'gulpdist/bower_components/modernizr/feature-detects/css-cubicbezierrange.js', 'gulpdist/bower_components/modernizr/feature-detects/css-displayrunin.js', 'gulpdist/bower_components/modernizr/feature-detects/css-displaytable.js', 'gulpdist/bower_components/modernizr/feature-detects/css-filters.js', 'gulpdist/bower_components/modernizr/feature-detects/css-hyphens.js', 'gulpdist/bower_components/modernizr/feature-detects/css-lastchild.js', 'gulpdist/bower_components/modernizr/feature-detects/css-mask.js', 'gulpdist/bower_components/modernizr/feature-detects/css-mediaqueries.js', 'gulpdist/bower_components/modernizr/feature-detects/css-objectfit.js', 'gulpdist/bower_components/modernizr/feature-detects/css-overflow-scrolling.js', 'gulpdist/bower_components/modernizr/feature-detects/css-pointerevents.js', 'gulpdist/bower_components/modernizr/feature-detects/css-positionsticky.js', 'gulpdist/bower_components/modernizr/feature-detects/css-regions.js', 'gulpdist/bower_components/modernizr/feature-detects/css-remunit.js', 'gulpdist/bower_components/modernizr/feature-detects/css-resize.js', 'gulpdist/bower_components/modernizr/feature-detects/css-scrollbars.js', 'gulpdist/bower_components/modernizr/feature-detects/css-shapes.js', 'gulpdist/bower_components/modernizr/feature-detects/css-subpixelfont.js', 'gulpdist/bower_components/modernizr/feature-detects/css-supports.js', 'gulpdist/bower_components/modernizr/feature-detects/css-userselect.js', 'gulpdist/bower_components/modernizr/feature-detects/css-vhunit.js', 'gulpdist/bower_components/modernizr/feature-detects/css-vmaxunit.js', 'gulpdist/bower_components/modernizr/feature-detects/css-vminunit.js', 'gulpdist/bower_components/modernizr/feature-detects/css-vwunit.js', 'gulpdist/bower_components/modernizr/feature-detects/custom-protocol-handler.js', 'gulpdist/bower_components/modernizr/feature-detects/dart.js', 'gulpdist/bower_components/modernizr/feature-detects/dataview-api.js', 'gulpdist/bower_components/modernizr/feature-detects/dom-classlist.js', 'gulpdist/bower_components/modernizr/feature-detects/dom-createElement-attrs.js', 'gulpdist/bower_components/modernizr/feature-detects/dom-dataset.js', 'gulpdist/bower_components/modernizr/feature-detects/dom-microdata.js', 'gulpdist/bower_components/modernizr/feature-detects/elem-datalist.js', 'gulpdist/bower_components/modernizr/feature-detects/elem-details.js', 'gulpdist/bower_components/modernizr/feature-detects/elem-output.js', 'gulpdist/bower_components/modernizr/feature-detects/elem-progress-meter.js', 'gulpdist/bower_components/modernizr/feature-detects/elem-ruby.js', 'gulpdist/bower_components/modernizr/feature-detects/elem-time.js', 'gulpdist/bower_components/modernizr/feature-detects/elem-track.js', 'gulpdist/bower_components/modernizr/feature-detects/emoji.js', 'gulpdist/bower_components/modernizr/feature-detects/es5-strictmode.js', 'gulpdist/bower_components/modernizr/feature-detects/event-deviceorientation-motion.js', 'gulpdist/bower_components/modernizr/feature-detects/exif-orientation.js', 'gulpdist/bower_components/modernizr/feature-detects/file-api.js', 'gulpdist/bower_components/modernizr/feature-detects/file-filesystem.js', 'gulpdist/bower_components/modernizr/feature-detects/forms-fileinput.js', 'gulpdist/bower_components/modernizr/feature-detects/forms-formattribute.js', 'gulpdist/bower_components/modernizr/feature-detects/forms-inputnumber-l10n.js', 'gulpdist/bower_components/modernizr/feature-detects/forms-placeholder.js', 'gulpdist/bower_components/modernizr/feature-detects/forms-speechinput.js', 'gulpdist/bower_components/modernizr/feature-detects/forms-validation.js', 'gulpdist/bower_components/modernizr/feature-detects/fullscreen-api.js', 'gulpdist/bower_components/modernizr/feature-detects/gamepad.js', 'gulpdist/bower_components/modernizr/feature-detects/getusermedia.js', 'gulpdist/bower_components/modernizr/feature-detects/ie8compat.js', 'gulpdist/bower_components/modernizr/feature-detects/iframe-sandbox.js', 'gulpdist/bower_components/modernizr/feature-detects/iframe-seamless.js', 'gulpdist/bower_components/modernizr/feature-detects/iframe-srcdoc.js', 'gulpdist/bower_components/modernizr/feature-detects/img-apng.js', 'gulpdist/bower_components/modernizr/feature-detects/img-webp.js', 'gulpdist/bower_components/modernizr/feature-detects/json.js', 'gulpdist/bower_components/modernizr/feature-detects/lists-reversed.js', 'gulpdist/bower_components/modernizr/feature-detects/mathml.js', 'gulpdist/bower_components/modernizr/feature-detects/network-connection.js', 'gulpdist/bower_components/modernizr/feature-detects/network-eventsource.js', 'gulpdist/bower_components/modernizr/feature-detects/network-xhr2.js', 'gulpdist/bower_components/modernizr/feature-detects/notification.js', 'gulpdist/bower_components/modernizr/feature-detects/performance.js', 'gulpdist/bower_components/modernizr/feature-detects/pointerlock-api.js', 'gulpdist/bower_components/modernizr/feature-detects/quota-management-api.js', 'gulpdist/bower_components/modernizr/feature-detects/requestanimationframe.js', 'gulpdist/bower_components/modernizr/feature-detects/script-async.js', 'gulpdist/bower_components/modernizr/feature-detects/script-defer.js', 'gulpdist/bower_components/modernizr/feature-detects/style-scoped.js', 'gulpdist/bower_components/modernizr/feature-detects/svg-filters.js', 'gulpdist/bower_components/modernizr/feature-detects/unicode.js', 'gulpdist/bower_components/modernizr/feature-detects/url-data-uri.js', 'gulpdist/bower_components/modernizr/feature-detects/userdata.js', 'gulpdist/bower_components/modernizr/feature-detects/vibration.js', 'gulpdist/bower_components/modernizr/feature-detects/web-intents.js', 'gulpdist/bower_components/modernizr/feature-detects/webgl-extensions.js', 'gulpdist/bower_components/modernizr/feature-detects/websockets-binary.js', 'gulpdist/bower_components/modernizr/feature-detects/window-framed.js', 'gulpdist/bower_components/modernizr/feature-detects/workers-blobworkers.js', 'gulpdist/bower_components/modernizr/feature-detects/workers-dataworkers.js', 'gulpdist/bower_components/modernizr/feature-detects/workers-sharedworkers.js', 'gulpdist/bower_components/modernizr/grunt.js', 'gulpdist/bower_components/modernizr/media/Modernizr 2 Logo.ai', 'gulpdist/bower_components/modernizr/media/Modernizr 2 Logo.eps', 'gulpdist/bower_components/modernizr/media/Modernizr 2 Logo.pdf', 'gulpdist/bower_components/modernizr/media/Modernizr 2 Logo.png', 'gulpdist/bower_components/modernizr/media/Modernizr 2 Logo.svg', 'gulpdist/bower_components/modernizr/modernizr.js', 'gulpdist/bower_components/platform/bower.json', 'gulpdist/bower_components/platform/build.log', 'gulpdist/bower_components/platform/platform.js', 'gulpdist/bower_components/platform/platform.js.map', 'gulpdist/bower_components/polymer-test-tools/bower.json', 'gulpdist/bower_components/polymer-test-tools/chai/CONTRIBUTING.md', 'gulpdist/bower_components/polymer-test-tools/chai/History.md', 'gulpdist/bower_components/polymer-test-tools/chai/ReleaseNotes.md', 'gulpdist/bower_components/polymer-test-tools/chai/bower.json', 'gulpdist/bower_components/polymer-test-tools/chai/chai.js', 'gulpdist/bower_components/polymer-test-tools/chai/component.json', 'gulpdist/bower_components/polymer-test-tools/chai/karma.conf.js', 'gulpdist/bower_components/polymer-test-tools/chai/karma.sauce.js', 'gulpdist/bower_components/polymer-test-tools/chai/package.json', 'gulpdist/bower_components/polymer-test-tools/chai/sauce.browsers.js', 'gulpdist/bower_components/polymer-test-tools/htmltest.js', 'gulpdist/bower_components/polymer-test-tools/karma-common.conf.js', 'gulpdist/bower_components/polymer-test-tools/mocha-htmltest.js', 'gulpdist/bower_components/polymer-test-tools/mocha/History.md', 'gulpdist/bower_components/polymer-test-tools/mocha/LICENSE', 'gulpdist/bower_components/polymer-test-tools/mocha/bower.json', 'gulpdist/bower_components/polymer-test-tools/mocha/media/logo.svg', 'gulpdist/bower_components/polymer-test-tools/mocha/mocha.css', 'gulpdist/bower_components/polymer-test-tools/mocha/mocha.js', 'gulpdist/bower_components/polymer-test-tools/tools.html', 'gulpdist/bower_components/polymer/bower.json', 'gulpdist/bower_components/polymer/build.log', 'gulpdist/bower_components/polymer/layout.html', 'gulpdist/bower_components/polymer/polymer.html', 'gulpdist/bower_components/polymer/polymer.js', 'gulpdist/bower_components/polymer/polymer.js.map', 'gulpdist/bower_components/prettify-element/bower.json', 'gulpdist/bower_components/prettify-element/demo.html', 'gulpdist/bower_components/prettify-element/index.html', 'gulpdist/bower_components/prettify-element/prettify-element.html', 'gulpdist/bower_components/prettify-element/prettify-import.html', 'gulpdist/bower_components/sampler-scaffold/bower.json', 'gulpdist/bower_components/sampler-scaffold/demo.html', 'gulpdist/bower_components/sampler-scaffold/demos/checkbox.html', 'gulpdist/bower_components/sampler-scaffold/demos/color.html', 'gulpdist/bower_components/sampler-scaffold/demos/radio.html', 'gulpdist/bower_components/sampler-scaffold/demos/range.html', 'gulpdist/bower_components/sampler-scaffold/demos/string.html', 'gulpdist/bower_components/sampler-scaffold/index.html', 'gulpdist/bower_components/sampler-scaffold/sampler-scaffold.css', 'gulpdist/bower_components/sampler-scaffold/sampler-scaffold.html', 'gulpdist/bower_components/web-animations-js/COPYING', 'gulpdist/bower_components/web-animations-js/run-lint.sh', 'gulpdist/bower_components/web-animations-js/run-tests-android.sh', 'gulpdist/bower_components/web-animations-js/run-tests.sh', 'gulpdist/bower_components/web-animations-js/tools/android/config.sh', 'gulpdist/bower_components/web-animations-js/tools/android/setup.sh', 'gulpdist/bower_components/web-animations-js/tools/android/stop.sh', 'gulpdist/bower_components/web-animations-js/tools/python/requirements.txt', 'gulpdist/bower_components/web-animations-js/tools/python/run-tests.py', 'gulpdist/bower_components/web-animations-js/tools/python/setup.sh', 'gulpdist/bower_components/web-animations-js/tutorial/basic-animations/basic-animation-exercise-1.html', 'gulpdist/bower_components/web-animations-js/tutorial/basic-animations/basic-animation.html', 'gulpdist/bower_components/web-animations-js/tutorial/iframe-contents.html', 'gulpdist/bower_components/web-animations-js/tutorial/jquery.js', 'gulpdist/bower_components/web-animations-js/tutorial/page-load.js', 'gulpdist/bower_components/web-animations-js/tutorial/parallel/parallel-exercise-1.html', 'gulpdist/bower_components/web-animations-js/tutorial/parallel/parallel.html', 'gulpdist/bower_components/web-animations-js/tutorial/sample-tutorial.html', 'gulpdist/bower_components/web-animations-js/tutorial/try-it-yourself.js', 'gulpdist/bower_components/web-animations-js/tutorial/tutorial-style.css', 'gulpdist/bower_components/web-animations-js/tutorial/tutorial-testing.js', 'gulpdist/bower_components/web-animations-js/web-animations.js', 'gulpdist/build/ktrl.js', 'gulpdist/build/plug_ins/converb.js', 'gulpdist/build/plug_ins/impulse.js', 'gulpdist/build/plug_ins/noise.js', 'gulpdist/build/plug_ins/simpleosc.js', 'gulpdist/build/plug_ins/sp1.js', 'gulpdist/build/plug_ins/stereodelay.js', 'gulpdist/build/plug_ins/wxs1.js', 'gulpdist/build/waax.js', 'gulpdist/examples/hellowaax/index.html', 'gulpdist/examples/workshop/index.html', 'gulpdist/index.html', 'gulpdist/mui/index.html', 'gulpdist/mui/mui-button/mui-button.html', 'gulpdist/mui/mui-group/mui-group.html', 'gulpdist/mui/mui-knob/mui-knob.html', 'gulpdist/mui/mui-knobh/mui-knobh.html', 'gulpdist/mui/mui-pianoroll/imagemap.png', 'gulpdist/mui/mui-pianoroll/index.html', 'gulpdist/mui/mui-pianoroll/mui-pianoroll.html', 'gulpdist/mui/mui-rack/mui-rack.html', 'gulpdist/mui/mui-select/mui-select.html', 'gulpdist/mui/mui-style.html', 'gulpdist/mui/mui-vkey/mui-vkey.html', 'gulpdist/mui/mui.html', 'gulpdist/sound/hochkit/LICENSE.md', 'gulpdist/sound/hochkit/fx-001.wav', 'gulpdist/sound/hochkit/fx-002.wav', 'gulpdist/sound/hochkit/hh-001.wav', 'gulpdist/sound/hochkit/hh-002.wav', 'gulpdist/sound/hochkit/hh-003.wav', 'gulpdist/sound/hochkit/hh-004.wav', 'gulpdist/sound/hochkit/kd-001.wav', 'gulpdist/sound/hochkit/kd-002.wav', 'gulpdist/sound/hochkit/kd-003.wav', 'gulpdist/sound/hochkit/kd-004.wav', 'gulpdist/sound/hochkit/kd-005.wav', 'gulpdist/sound/hochkit/kd-006.wav', 'gulpdist/sound/hochkit/kd-007.wav', 'gulpdist/sound/hochkit/kd-008.wav', 'gulpdist/sound/hochkit/kd-009.wav', 'gulpdist/sound/hochkit/kd-010.wav', 'gulpdist/sound/hochkit/kd-011.wav', 'gulpdist/sound/hochkit/kd-012.wav', 'gulpdist/sound/hochkit/oh-001.wav', 'gulpdist/sound/hochkit/oh-002.wav', 'gulpdist/sound/hochkit/oh-003.wav', 'gulpdist/sound/hochkit/perc-001.wav', 'gulpdist/sound/hochkit/perc-002.wav', 'gulpdist/sound/hochkit/perc-003.wav', 'gulpdist/sound/hochkit/perc-004.wav', 'gulpdist/sound/hochkit/perc-005.wav', 'gulpdist/sound/hochkit/sd-001.wav', 'gulpdist/sound/hochkit/sd-002.wav', 'gulpdist/sound/hochkit/sd-003.wav', 'gulpdist/sound/hochkit/sd-004.wav', 'gulpdist/sound/hochkit/sd-005.wav', 'gulpdist/sound/hochkit/sd-006.wav', 'gulpdist/sound/hochkit/sd-007.wav', 'gulpdist/sound/hochkit/sd-008.wav', 'gulpdist/sound/hochkit/sd-009.wav', 'gulpdist/sound/hochkit/sd-010.wav', 'gulpdist/sound/hochkit/sd-011.wav', 'gulpdist/sound/hochkit/sd-012.wav', 'gulpdist/sound/ir/960-BigEmptyChurch.wav', 'gulpdist/sound/ir/960-BriteStage.wav', 'gulpdist/sound/ir/960-LargeBrightRoom.wav', 'gulpdist/sound/ir/960-LargePlate.wav', 'gulpdist/sound/ir/H3000-MetalVerb.wav', 'gulpdist/sound/ir/H3000-ReverseGate.wav', 'gulpdist/sound/ir/SPX990-ElecSNRPlate.wav', 'gulpdist/sound/ir/SPX990-Reflections.wav', 'gulpdist/sound/ir/UAD140-AcousticAmbience.WAV', 'gulpdist/sound/ir/UAD140-MasterPlate.wav', 'gulpdist/sound/loops/drums.mp3', 'gulpdist/sound/strings/vln-arco-sulg-c4.mp3', 'gulpfile.js', 'index.html', 'mui/index.html', 'mui/mui-button/mui-button.html', 'mui/mui-eblock/index.html', 'mui/mui-eblock/mui-eblock.html', 'mui/mui-group/mui-group.html', 'mui/mui-knob/mui-knob.html', 'mui/mui-knobh/mui-knobh.html', 'mui/mui-pianoroll/imagemap.png', 'mui/mui-pianoroll/index.html', 'mui/mui-pianoroll/mui-pianoroll.html', 'mui/mui-rack/mui-rack.html', 'mui/mui-select/mui-select.html', 'mui/mui-spectrum/index.html', 'mui/mui-spectrum/mui-spectrum.html', 'mui/mui-style.html', 'mui/mui-vkey/mui-vkey.html', 'mui/mui.html', 'package.json', 'reference/1.0.0-alpha2/AudioNode.html', 'reference/1.0.0-alpha2/AudioParam.html', 'reference/1.0.0-alpha2/WX.BooleanParam.html', 'reference/1.0.0-alpha2/WX.Generator.html', 'reference/1.0.0-alpha2/WX.GenericParam.html', 'reference/1.0.0-alpha2/WX.ItemizedParam.html', 'reference/1.0.0-alpha2/WX.Log.html', 'reference/1.0.0-alpha2/WX.PlugIn.html', 'reference/1.0.0-alpha2/WX.PlugInAbstract.html', 'reference/1.0.0-alpha2/WX.Processor.html', 'reference/1.0.0-alpha2/WX.html', 'reference/1.0.0-alpha2/WX.html#Analyzer', 'reference/1.0.0-alpha2/classes.list.html', 'reference/1.0.0-alpha2/global.html', 'reference/1.0.0-alpha2/img/glyphicons-halflings-white.png', 'reference/1.0.0-alpha2/img/glyphicons-halflings.png', 'reference/1.0.0-alpha2/index.html', 'reference/1.0.0-alpha2/namespaces.list.html', 'reference/1.0.0-alpha2/scripts/URI.js', 'reference/1.0.0-alpha2/scripts/bootstrap-dropdown.js', 'reference/1.0.0-alpha2/scripts/bootstrap-tab.js', 'reference/1.0.0-alpha2/scripts/docstrap.lib.js', 'reference/1.0.0-alpha2/scripts/linenumber.js', 'reference/1.0.0-alpha2/scripts/prettify/Apache-License-2.0.txt', 'reference/1.0.0-alpha2/scripts/prettify/jquery.min.js', 'reference/1.0.0-alpha2/scripts/prettify/lang-css.js', 'reference/1.0.0-alpha2/scripts/prettify/prettify.js', 'reference/1.0.0-alpha2/scripts/sunlight.js', 'reference/1.0.0-alpha2/scripts/toc.js', 'reference/1.0.0-alpha2/styles/darkstrap.css', 'reference/1.0.0-alpha2/styles/jsdoc-default.css', 'reference/1.0.0-alpha2/styles/prettify-jsdoc.css', 'reference/1.0.0-alpha2/styles/prettify-tomorrow.css', 'reference/1.0.0-alpha2/styles/site.amelia.css', 'reference/1.0.0-alpha2/styles/site.cerulean.css', 'reference/1.0.0-alpha2/styles/site.cosmo.css', 'reference/1.0.0-alpha2/styles/site.cyborg.css', 'reference/1.0.0-alpha2/styles/site.darkstrap.css', 'reference/1.0.0-alpha2/styles/site.flatly.css', 'reference/1.0.0-alpha2/styles/site.journal.css', 'reference/1.0.0-alpha2/styles/site.readable.css', 'reference/1.0.0-alpha2/styles/site.simplex.css', 'reference/1.0.0-alpha2/styles/site.slate.css', 'reference/1.0.0-alpha2/styles/site.spacelab.css', 'reference/1.0.0-alpha2/styles/site.spruce.css', 'reference/1.0.0-alpha2/styles/site.superhero.css', 'reference/1.0.0-alpha2/styles/site.united.css', 'reference/1.0.0-alpha2/styles/site.waax.css', 'reference/1.0.0-alpha2/styles/sunlight.dark.css', 'reference/1.0.0-alpha2/styles/sunlight.default.css', 'reference/1.0.0-alpha2/waax.core.js.html', 'reference/1.0.0-alpha2/waax.header.js.html', 'reference/1.0.0-alpha2/waax.util.js.html', 'reference/1.0.0-alpha3/Analyzer.html', 'reference/1.0.0-alpha3/AudioNode.html', 'reference/1.0.0-alpha3/AudioParam.html', 'reference/1.0.0-alpha3/BooleanParam.html', 'reference/1.0.0-alpha3/Generator.html', 'reference/1.0.0-alpha3/GenericParam.html', 'reference/1.0.0-alpha3/ItemizedParam.html', 'reference/1.0.0-alpha3/Note.html', 'reference/1.0.0-alpha3/NoteClip.html', 'reference/1.0.0-alpha3/PlugInAbstract.html', 'reference/1.0.0-alpha3/Processor.html', 'reference/1.0.0-alpha3/Transport.html', 'reference/1.0.0-alpha3/WX.Log.html', 'reference/1.0.0-alpha3/WX.PlugIn.html', 'reference/1.0.0-alpha3/WX.html', 'reference/1.0.0-alpha3/css/baseline.css', 'reference/1.0.0-alpha3/fonts/OpenSans-Bold-webfont.eot', 'reference/1.0.0-alpha3/fonts/OpenSans-Bold-webfont.svg', 'reference/1.0.0-alpha3/fonts/OpenSans-Bold-webfont.woff', 'reference/1.0.0-alpha3/fonts/OpenSans-BoldItalic-webfont.eot', 'reference/1.0.0-alpha3/fonts/OpenSans-BoldItalic-webfont.svg', 'reference/1.0.0-alpha3/fonts/OpenSans-BoldItalic-webfont.woff', 'reference/1.0.0-alpha3/fonts/OpenSans-Italic-webfont.eot', 'reference/1.0.0-alpha3/fonts/OpenSans-Italic-webfont.svg', 'reference/1.0.0-alpha3/fonts/OpenSans-Italic-webfont.woff', 'reference/1.0.0-alpha3/fonts/OpenSans-Light-webfont.eot', 'reference/1.0.0-alpha3/fonts/OpenSans-Light-webfont.svg', 'reference/1.0.0-alpha3/fonts/OpenSans-Light-webfont.woff', 'reference/1.0.0-alpha3/fonts/OpenSans-LightItalic-webfont.eot', 'reference/1.0.0-alpha3/fonts/OpenSans-LightItalic-webfont.svg', 'reference/1.0.0-alpha3/fonts/OpenSans-LightItalic-webfont.woff', 'reference/1.0.0-alpha3/fonts/OpenSans-Regular-webfont.eot', 'reference/1.0.0-alpha3/fonts/OpenSans-Regular-webfont.svg', 'reference/1.0.0-alpha3/fonts/OpenSans-Regular-webfont.woff', 'reference/1.0.0-alpha3/global.html', 'reference/1.0.0-alpha3/img/glyphicons-halflings-white.png', 'reference/1.0.0-alpha3/img/glyphicons-halflings.png', 'reference/1.0.0-alpha3/index.html', 'reference/1.0.0-alpha3/namespaces.list.html', 'reference/1.0.0-alpha3/scripts/URI.js', 'reference/1.0.0-alpha3/scripts/bootstrap-dropdown.js', 'reference/1.0.0-alpha3/scripts/bootstrap-tab.js', 'reference/1.0.0-alpha3/scripts/jquery.cookie.js', 'reference/1.0.0-alpha3/scripts/jquery.localScroll.js', 'reference/1.0.0-alpha3/scripts/jquery.min.js', 'reference/1.0.0-alpha3/scripts/jquery.scrollTo.js', 'reference/1.0.0-alpha3/scripts/jquery.sunlight.js', 'reference/1.0.0-alpha3/scripts/jsdoc-toc.js', 'reference/1.0.0-alpha3/scripts/lang-css.js', 'reference/1.0.0-alpha3/scripts/linenumber.js', 'reference/1.0.0-alpha3/scripts/prettify.js', 'reference/1.0.0-alpha3/scripts/prettify/Apache-License-2.0.txt', 'reference/1.0.0-alpha3/scripts/prettify/jquery.min.js', 'reference/1.0.0-alpha3/scripts/prettify/lang-css.js', 'reference/1.0.0-alpha3/scripts/prettify/prettify.js', 'reference/1.0.0-alpha3/scripts/sunlight-plugin.doclinks.js', 'reference/1.0.0-alpha3/scripts/sunlight-plugin.linenumbers.js', 'reference/1.0.0-alpha3/scripts/sunlight-plugin.menu.js', 'reference/1.0.0-alpha3/scripts/sunlight.javascript.js', 'reference/1.0.0-alpha3/scripts/sunlight.js', 'reference/1.0.0-alpha3/scripts/toc.js', 'reference/1.0.0-alpha3/scripts/tree.jquery.js', 'reference/1.0.0-alpha3/styles/darkstrap.css', 'reference/1.0.0-alpha3/styles/jsdoc-default.css', 'reference/1.0.0-alpha3/styles/prettify-jsdoc.css', 'reference/1.0.0-alpha3/styles/prettify-tomorrow.css', 'reference/1.0.0-alpha3/styles/site.amelia.css', 'reference/1.0.0-alpha3/styles/site.cerulean.css', 'reference/1.0.0-alpha3/styles/site.cosmo.css', 'reference/1.0.0-alpha3/styles/site.cyborg.css', 'reference/1.0.0-alpha3/styles/site.darkstrap.css', 'reference/1.0.0-alpha3/styles/site.flatly.css', 'reference/1.0.0-alpha3/styles/site.journal.css', 'reference/1.0.0-alpha3/styles/site.readable.css', 'reference/1.0.0-alpha3/styles/site.simplex.css', 'reference/1.0.0-alpha3/styles/site.slate.css', 'reference/1.0.0-alpha3/styles/site.spacelab.css', 'reference/1.0.0-alpha3/styles/site.spruce.css', 'reference/1.0.0-alpha3/styles/site.superhero.css', 'reference/1.0.0-alpha3/styles/site.united.css', 'reference/1.0.0-alpha3/styles/sunlight.dark.css', 'reference/1.0.0-alpha3/styles/sunlight.default.css', 'reference/1.0.0-alpha3/waax.core.js.html', 'reference/1.0.0-alpha3/waax.extension.js.html', 'reference/1.0.0-alpha3/waax.header.js.html', 'reference/1.0.0-alpha3/waax.js.html', 'reference/1.0.0-alpha3/waax.timebase.js.html', 'reference/1.0.0-alpha3/waax.util.js.html', 'script/wxdoc.min.js', 'sound/hochkit/LICENSE.md', 'sound/hochkit/fx-001.wav', 'sound/hochkit/fx-002.wav', 'sound/hochkit/hh-001.wav', 'sound/hochkit/hh-002.wav', 'sound/hochkit/hh-003.wav', 'sound/hochkit/hh-004.wav', 'sound/hochkit/kd-001.wav', 'sound/hochkit/kd-002.wav', 'sound/hochkit/kd-003.wav', 'sound/hochkit/kd-004.wav', 'sound/hochkit/kd-005.wav', 'sound/hochkit/kd-006.wav', 'sound/hochkit/kd-007.wav', 'sound/hochkit/kd-008.wav', 'sound/hochkit/kd-009.wav', 'sound/hochkit/kd-010.wav', 'sound/hochkit/kd-011.wav', 'sound/hochkit/kd-012.wav', 'sound/hochkit/oh-001.wav', 'sound/hochkit/oh-002.wav', 'sound/hochkit/oh-003.wav', 'sound/hochkit/perc-001.wav', 'sound/hochkit/perc-002.wav', 'sound/hochkit/perc-003.wav', 'sound/hochkit/perc-004.wav', 'sound/hochkit/perc-005.wav', 'sound/hochkit/sd-001.wav', 'sound/hochkit/sd-002.wav', 'sound/hochkit/sd-003.wav', 'sound/hochkit/sd-004.wav', 'sound/hochkit/sd-005.wav', 'sound/hochkit/sd-006.wav', 'sound/hochkit/sd-007.wav', 'sound/hochkit/sd-008.wav', 'sound/hochkit/sd-009.wav', 'sound/hochkit/sd-010.wav', 'sound/hochkit/sd-011.wav', 'sound/hochkit/sd-012.wav', 'sound/ir/960-BigEmptyChurch.wav', 'sound/ir/960-BriteStage.wav', 'sound/ir/960-LargeBrightRoom.wav', 'sound/ir/960-LargePlate.wav', 'sound/ir/H3000-MetalVerb.wav', 'sound/ir/H3000-ReverseGate.wav', 'sound/ir/SPX990-ElecSNRPlate.wav', 'sound/ir/SPX990-Reflections.wav', 'sound/ir/UAD140-AcousticAmbience.WAV', 'sound/ir/UAD140-MasterPlate.wav', 'sound/loops/drums.mp3', 'sound/strings/vln-arco-sulg-c4.mp3', 'src/plug_ins/ConVerb.js', 'src/plug_ins/SP1.js', 'src/plug_ins/WXS1.js', 'src/waax.js', 'talks/index.html', 'waax/bower_components/chai/CONTRIBUTING.md', 'waax/bower_components/chai/History.md', 'waax/bower_components/chai/ReleaseNotes.md', 'waax/bower_components/chai/bower.json', 'waax/bower_components/chai/chai.js', 'waax/bower_components/chai/component.json', 'waax/bower_components/chai/karma.conf.js', 'waax/bower_components/chai/karma.sauce.js', 'waax/bower_components/chai/package.json', 'waax/bower_components/chai/sauce.browsers.js', 'waax/bower_components/core-component-page/bowager-logo.png', 'waax/bower_components/core-component-page/bower.json', 'waax/bower_components/core-component-page/core-component-page.html', 'waax/bower_components/core-component-page/demo.html', 'waax/bower_components/core-component-page/index.html', 'waax/bower_components/core-icon/bower.json', 'waax/bower_components/core-icon/core-icon.css', 'waax/bower_components/core-icon/core-icon.html', 'waax/bower_components/core-icon/demo.html', 'waax/bower_components/core-icon/index.html', 'waax/bower_components/core-icon/metadata.html', 'waax/bower_components/core-icons/av-icons.html', 'waax/bower_components/core-icons/bower.json', 'waax/bower_components/core-icons/communication-icons.html', 'waax/bower_components/core-icons/core-icons.html', 'waax/bower_components/core-icons/demo.html', 'waax/bower_components/core-icons/device-icons.html', 'waax/bower_components/core-icons/editor-icons.html', 'waax/bower_components/core-icons/hardware-icons.html', 'waax/bower_components/core-icons/image-icons.html', 'waax/bower_components/core-icons/index.html', 'waax/bower_components/core-icons/maps-icons.html', 'waax/bower_components/core-icons/notification-icons.html', 'waax/bower_components/core-icons/png-icons.html', 'waax/bower_components/core-icons/social-icons.html', 'waax/bower_components/core-iconset-svg/bower.json', 'waax/bower_components/core-iconset-svg/core-iconset-svg.html', 'waax/bower_components/core-iconset-svg/demo.html', 'waax/bower_components/core-iconset-svg/index.html', 'waax/bower_components/core-iconset-svg/svg-sample-icons.html', 'waax/bower_components/core-iconset/bower.json', 'waax/bower_components/core-iconset/core-iconset.html', 'waax/bower_components/core-iconset/demo.html', 'waax/bower_components/core-iconset/index.html', 'waax/bower_components/core-iconset/my-icons-big.png', 'waax/bower_components/core-iconset/my-icons.png', 'waax/bower_components/core-meta/bower.json', 'waax/bower_components/core-meta/core-meta.html', 'waax/bower_components/core-meta/demo.html', 'waax/bower_components/core-meta/index.html', 'waax/bower_components/mocha/CONTRIBUTING.md', 'waax/bower_components/mocha/History.md', 'waax/bower_components/mocha/LICENSE', 'waax/bower_components/mocha/bower.json', 'waax/bower_components/mocha/media/logo.svg', 'waax/bower_components/mocha/mocha.css', 'waax/bower_components/mocha/mocha.js', 'waax/bower_components/platform/bower.json', 'waax/bower_components/platform/build.log', 'waax/bower_components/platform/platform.js', 'waax/bower_components/platform/platform.js.map', 'waax/bower_components/polymer/bower.json', 'waax/bower_components/polymer/build.log', 'waax/bower_components/polymer/layout.html', 'waax/bower_components/polymer/polymer.html', 'waax/bower_components/polymer/polymer.js', 'waax/bower_components/polymer/polymer.js.map', 'waax/bower_components/polymer/polymer.min.js', 'waax/bower_components/webcomponentsjs/CustomElements.js', 'waax/bower_components/webcomponentsjs/CustomElements.min.js', 'waax/bower_components/webcomponentsjs/HTMLImports.js', 'waax/bower_components/webcomponentsjs/HTMLImports.min.js', 'waax/bower_components/webcomponentsjs/ShadowDOM.js', 'waax/bower_components/webcomponentsjs/ShadowDOM.min.js', 'waax/bower_components/webcomponentsjs/bower.json', 'waax/bower_components/webcomponentsjs/build.log', 'waax/bower_components/webcomponentsjs/package.json', 'waax/bower_components/webcomponentsjs/webcomponents-lite.js', 'waax/bower_components/webcomponentsjs/webcomponents-lite.min.js', 'waax/bower_components/webcomponentsjs/webcomponents.js', 'waax/bower_components/webcomponentsjs/webcomponents.min.js', 'waax/build/mui/bower_components/NodeBind/bower.json', 'waax/build/mui/bower_components/NodeBind/codereview.settings', 'waax/build/mui/bower_components/NodeBind/conf/karma.conf.js', 'waax/build/mui/bower_components/NodeBind/conf/mocha.conf.js', 'waax/build/mui/bower_components/NodeBind/gruntfile.js', 'waax/build/mui/bower_components/NodeBind/package.json', 'waax/build/mui/bower_components/NodeBind/src/NodeBind.js', 'waax/build/mui/bower_components/TemplateBinding/benchmark/benchmark.js', 'waax/build/mui/bower_components/TemplateBinding/benchmark/codereview-diff.html', 'waax/build/mui/bower_components/TemplateBinding/benchmark/d8_benchmark.js', 'waax/build/mui/bower_components/TemplateBinding/benchmark/data.js', 'waax/build/mui/bower_components/TemplateBinding/benchmark/dom.js', 'waax/build/mui/bower_components/TemplateBinding/benchmark/index.html', 'waax/build/mui/bower_components/TemplateBinding/bower.json', 'waax/build/mui/bower_components/TemplateBinding/build.json', 'waax/build/mui/bower_components/TemplateBinding/codereview.settings', 'waax/build/mui/bower_components/TemplateBinding/examples/how_to/bind_to_attributes.html', 'waax/build/mui/bower_components/TemplateBinding/examples/how_to/bind_to_input_elements.html', 'waax/build/mui/bower_components/TemplateBinding/examples/how_to/bind_to_text.html', 'waax/build/mui/bower_components/TemplateBinding/examples/how_to/conditional_attributes.html', 'waax/build/mui/bower_components/TemplateBinding/examples/how_to/conditional_template.html', 'waax/build/mui/bower_components/TemplateBinding/examples/how_to/custom_syntax.html', 'waax/build/mui/bower_components/TemplateBinding/examples/how_to/nested_templates.html', 'waax/build/mui/bower_components/TemplateBinding/examples/how_to/recursive_templates.html', 'waax/build/mui/bower_components/TemplateBinding/examples/how_to/template_ref.html', 'waax/build/mui/bower_components/TemplateBinding/examples/tic-tac-toe.html', 'waax/build/mui/bower_components/TemplateBinding/examples/util/view_controller.js', 'waax/build/mui/bower_components/TemplateBinding/examples/util/view_controller_test.html', 'waax/build/mui/bower_components/TemplateBinding/examples/util/view_controller_test.js', 'waax/build/mui/bower_components/TemplateBinding/gruntfile.js', 'waax/build/mui/bower_components/TemplateBinding/load.js', 'waax/build/mui/bower_components/TemplateBinding/package.json', 'waax/build/mui/bower_components/TemplateBinding/sample.html', 'waax/build/mui/bower_components/TemplateBinding/src/TemplateBinding.js', 'waax/build/mui/bower_components/TemplateBinding/src/template_element.css', 'waax/build/mui/bower_components/TemplateBinding/template-instantiation.md', 'waax/build/mui/bower_components/URL/playground.html', 'waax/build/mui/bower_components/URL/testharness.css', 'waax/build/mui/bower_components/URL/testharness.js', 'waax/build/mui/bower_components/URL/testharnessreport.js', 'waax/build/mui/bower_components/URL/url.js', 'waax/build/mui/bower_components/URL/urltestgenerator.html', 'waax/build/mui/bower_components/URL/urltestharness.html', 'waax/build/mui/bower_components/URL/urltestparser.js', 'waax/build/mui/bower_components/URL/urltestrunner.html', 'waax/build/mui/bower_components/URL/urltests.txt', 'waax/build/mui/bower_components/core-component-page/bowager-logo.png', 'waax/build/mui/bower_components/core-component-page/bower.json', 'waax/build/mui/bower_components/core-component-page/core-component-page.html', 'waax/build/mui/bower_components/core-component-page/demo.html', 'waax/build/mui/bower_components/core-component-page/index.html', 'waax/build/mui/bower_components/core-icon/bower.json', 'waax/build/mui/bower_components/core-icon/core-icon.css', 'waax/build/mui/bower_components/core-icon/core-icon.html', 'waax/build/mui/bower_components/core-icon/demo.html', 'waax/build/mui/bower_components/core-icon/index.html', 'waax/build/mui/bower_components/core-icon/metadata.html', 'waax/build/mui/bower_components/core-icons/av-icons.html', 'waax/build/mui/bower_components/core-icons/bower.json', 'waax/build/mui/bower_components/core-icons/communication-icons.html', 'waax/build/mui/bower_components/core-icons/core-icons.html', 'waax/build/mui/bower_components/core-icons/demo.html', 'waax/build/mui/bower_components/core-icons/device-icons.html', 'waax/build/mui/bower_components/core-icons/editor-icons.html', 'waax/build/mui/bower_components/core-icons/hardware-icons.html', 'waax/build/mui/bower_components/core-icons/image-icons.html', 'waax/build/mui/bower_components/core-icons/index.html', 'waax/build/mui/bower_components/core-icons/maps-icons.html', 'waax/build/mui/bower_components/core-icons/notification-icons.html', 'waax/build/mui/bower_components/core-icons/png-icons.html', 'waax/build/mui/bower_components/core-icons/social-icons.html', 'waax/build/mui/bower_components/core-iconset-svg/bower.json', 'waax/build/mui/bower_components/core-iconset-svg/core-iconset-svg.html', 'waax/build/mui/bower_components/core-iconset-svg/demo.html', 'waax/build/mui/bower_components/core-iconset-svg/index.html', 'waax/build/mui/bower_components/core-iconset-svg/svg-sample-icons.html', 'waax/build/mui/bower_components/core-iconset/bower.json', 'waax/build/mui/bower_components/core-iconset/core-iconset.html', 'waax/build/mui/bower_components/core-iconset/demo.html', 'waax/build/mui/bower_components/core-iconset/index.html', 'waax/build/mui/bower_components/core-iconset/my-icons-big.png', 'waax/build/mui/bower_components/core-iconset/my-icons.png', 'waax/build/mui/bower_components/core-meta/bower.json', 'waax/build/mui/bower_components/core-meta/core-meta.html', 'waax/build/mui/bower_components/core-meta/demo.html', 'waax/build/mui/bower_components/core-meta/index.html', 'waax/build/mui/bower_components/observe-js/AUTHORS', 'waax/build/mui/bower_components/observe-js/benchmark/benchmark.js', 'waax/build/mui/bower_components/observe-js/benchmark/d8_benchmarks.js', 'waax/build/mui/bower_components/observe-js/benchmark/index.html', 'waax/build/mui/bower_components/observe-js/benchmark/observation_benchmark.js', 'waax/build/mui/bower_components/observe-js/bower.json', 'waax/build/mui/bower_components/observe-js/codereview.settings', 'waax/build/mui/bower_components/observe-js/conf/karma.conf.js', 'waax/build/mui/bower_components/observe-js/conf/mocha.conf.js', 'waax/build/mui/bower_components/observe-js/examples/circles.html', 'waax/build/mui/bower_components/observe-js/examples/constrain.html', 'waax/build/mui/bower_components/observe-js/examples/constrain.js', 'waax/build/mui/bower_components/observe-js/examples/persist.html', 'waax/build/mui/bower_components/observe-js/examples/persist.js', 'waax/build/mui/bower_components/observe-js/gruntfile.js', 'waax/build/mui/bower_components/observe-js/index.html', 'waax/build/mui/bower_components/observe-js/package.json', 'waax/build/mui/bower_components/observe-js/src/observe.js', 'waax/build/mui/bower_components/observe-js/util/planner.js', 'waax/build/mui/bower_components/polymer-expressions/bower.json', 'waax/build/mui/bower_components/polymer-expressions/build.json', 'waax/build/mui/bower_components/polymer-expressions/codereview.settings', 'waax/build/mui/bower_components/polymer-expressions/conf/karma.conf.js', 'waax/build/mui/bower_components/polymer-expressions/conf/mocha.conf.js', 'waax/build/mui/bower_components/polymer-expressions/gruntfile.js', 'waax/build/mui/bower_components/polymer-expressions/index.html', 'waax/build/mui/bower_components/polymer-expressions/package.json', 'waax/build/mui/bower_components/polymer-expressions/polymer-expressions.html', 'waax/build/mui/bower_components/polymer-expressions/smoke.html', 'waax/build/mui/bower_components/polymer-expressions/src/polymer-expressions.js', 'waax/build/mui/bower_components/polymer-expressions/third_party/esprima/CONTRIBUTING.md', 'waax/build/mui/bower_components/polymer-expressions/third_party/esprima/LICENSE.BSD', 'waax/build/mui/bower_components/polymer-expressions/third_party/esprima/esprima.js', 'waax/build/mui/bower_components/polymer-gestures/Gruntfile.js', 'waax/build/mui/bower_components/polymer-gestures/banner.txt', 'waax/build/mui/bower_components/polymer-gestures/bower.json', 'waax/build/mui/bower_components/polymer-gestures/build.json', 'waax/build/mui/bower_components/polymer-gestures/conf/karma.conf.js', 'waax/build/mui/bower_components/polymer-gestures/package.json', 'waax/build/mui/bower_components/polymer-gestures/polymer-gestures.html', 'waax/build/mui/bower_components/polymer-gestures/polymer-gestures.js', 'waax/build/mui/bower_components/polymer-gestures/src/dispatcher.js', 'waax/build/mui/bower_components/polymer-gestures/src/eventFactory.js', 'waax/build/mui/bower_components/polymer-gestures/src/hold.js', 'waax/build/mui/bower_components/polymer-gestures/src/mouse.js', 'waax/build/mui/bower_components/polymer-gestures/src/ms.js', 'waax/build/mui/bower_components/polymer-gestures/src/pinch.js', 'waax/build/mui/bower_components/polymer-gestures/src/platform-events.js', 'waax/build/mui/bower_components/polymer-gestures/src/pointer.js', 'waax/build/mui/bower_components/polymer-gestures/src/pointermap.js', 'waax/build/mui/bower_components/polymer-gestures/src/scope.js', 'waax/build/mui/bower_components/polymer-gestures/src/tap.js', 'waax/build/mui/bower_components/polymer-gestures/src/targetfind.js', 'waax/build/mui/bower_components/polymer-gestures/src/touch-action.js', 'waax/build/mui/bower_components/polymer-gestures/src/touch.js', 'waax/build/mui/bower_components/polymer-gestures/src/track.js', 'waax/build/mui/bower_components/polymer/banner.txt', 'waax/build/mui/bower_components/polymer/bower.json', 'waax/build/mui/bower_components/polymer/build.bat', 'waax/build/mui/bower_components/polymer/build.json', 'waax/build/mui/bower_components/polymer/build.log', 'waax/build/mui/bower_components/polymer/codereview.settings', 'waax/build/mui/bower_components/polymer/conf/karma.conf.js', 'waax/build/mui/bower_components/polymer/conf/mocha.conf.js', 'waax/build/mui/bower_components/polymer/docs.json', 'waax/build/mui/bower_components/polymer/gruntfile.js', 'waax/build/mui/bower_components/polymer/index.html', 'waax/build/mui/bower_components/polymer/layout.html', 'waax/build/mui/bower_components/polymer/package.json', 'waax/build/mui/bower_components/polymer/polymer.html', 'waax/build/mui/bower_components/polymer/polymer.js', 'waax/build/mui/bower_components/polymer/polymer.min.js', 'waax/build/mui/bower_components/polymer/src/api.js', 'waax/build/mui/bower_components/polymer/src/boot.js', 'waax/build/mui/bower_components/polymer/src/declaration/attributes.js', 'waax/build/mui/bower_components/polymer/src/declaration/events.js', 'waax/build/mui/bower_components/polymer/src/declaration/mdv.js', 'waax/build/mui/bower_components/polymer/src/declaration/path.js', 'waax/build/mui/bower_components/polymer/src/declaration/polymer-element.js', 'waax/build/mui/bower_components/polymer/src/declaration/polymer.js', 'waax/build/mui/bower_components/polymer/src/declaration/properties.js', 'waax/build/mui/bower_components/polymer/src/declaration/prototype.js', 'waax/build/mui/bower_components/polymer/src/declaration/queue.js', 'waax/build/mui/bower_components/polymer/src/declaration/styles.js', 'waax/build/mui/bower_components/polymer/src/instance/attributes.js', 'waax/build/mui/bower_components/polymer/src/instance/base.js', 'waax/build/mui/bower_components/polymer/src/instance/events.js', 'waax/build/mui/bower_components/polymer/src/instance/mdv.js', 'waax/build/mui/bower_components/polymer/src/instance/properties.js', 'waax/build/mui/bower_components/polymer/src/instance/styles.js', 'waax/build/mui/bower_components/polymer/src/instance/utils.js', 'waax/build/mui/bower_components/polymer/src/lib/auto-binding.js', 'waax/build/mui/bower_components/polymer/src/lib/deserialize.js', 'waax/build/mui/bower_components/polymer/src/lib/dom.js', 'waax/build/mui/bower_components/polymer/src/lib/import.js', 'waax/build/mui/bower_components/polymer/src/lib/job.js', 'waax/build/mui/bower_components/polymer/src/lib/lang.js', 'waax/build/mui/bower_components/polymer/src/lib/loader.js', 'waax/build/mui/bower_components/polymer/src/lib/styleloader.js', 'waax/build/mui/bower_components/polymer/src/lib/super.js', 'waax/build/mui/bower_components/polymer/src/lib/url.js', 'waax/build/mui/bower_components/polymer/src/polymer.js', 'waax/build/mui/bower_components/polymer/src/system/HTMLImports/base.js', 'waax/build/mui/bower_components/polymer/src/system/build-begin-if.js', 'waax/build/mui/bower_components/polymer/src/system/build-end-if.js', 'waax/build/mui/bower_components/polymer/src/system/compat.js', 'waax/build/mui/bower_components/polymer/src/system/flush.js', 'waax/build/mui/bower_components/polymer/src/system/microtask.js', 'waax/build/mui/bower_components/polymer/src/system/module.js', 'waax/build/mui/bower_components/polymer/src/system/unresolved.js', 'waax/build/mui/bower_components/polymer/workbench/events/index.html', 'waax/build/mui/bower_components/polymer/workbench/images/add.png', 'waax/build/mui/bower_components/polymer/workbench/images/comment.png', 'waax/build/mui/bower_components/polymer/workbench/images/favorite.png', 'waax/build/mui/bower_components/polymer/workbench/images/hangout.png', 'waax/build/mui/bower_components/polymer/workbench/images/mail.png', 'waax/build/mui/bower_components/polymer/workbench/images/menu.png', 'waax/build/mui/bower_components/polymer/workbench/images/ribbon_accounts.png', 'waax/build/mui/bower_components/polymer/workbench/images/ribbon_explore.png', 'waax/build/mui/bower_components/polymer/workbench/images/ribbon_home.png', 'waax/build/mui/bower_components/polymer/workbench/images/ribbon_topics.png', 'waax/build/mui/bower_components/polymer/workbench/images/star_full.svg', 'waax/build/mui/bower_components/polymer/workbench/mdv/memory-compound.html', 'waax/build/mui/bower_components/polymer/workbench/mdv/memory-manual.html', 'waax/build/mui/bower_components/polymer/workbench/mdv/memory-no-insert.html', 'waax/build/mui/bower_components/polymer/workbench/mdv/memory.html', 'waax/build/mui/bower_components/polymer/workbench/moreSmoke/index.html', 'waax/build/mui/bower_components/polymer/workbench/moreSmoke/x-foo.css', 'waax/build/mui/bower_components/polymer/workbench/null/index.html', 'waax/build/mui/bower_components/polymer/workbench/oldSmoke/index.html', 'waax/build/mui/bower_components/polymer/workbench/oldSmoke/x-bar.html', 'waax/build/mui/bower_components/polymer/workbench/oldSmoke/x-foo.html', 'waax/build/mui/bower_components/polymer/workbench/oldSmoke/x-zot.html', 'waax/build/mui/bower_components/polymer/workbench/oop/class.html', 'waax/build/mui/bower_components/polymer/workbench/oop/extend.html', 'waax/build/mui/bower_components/polymer/workbench/oop/node-class.html', 'waax/build/mui/bower_components/polymer/workbench/oop/plain.html', 'waax/build/mui/bower_components/polymer/workbench/oop/super.html', 'waax/build/mui/bower_components/polymer/workbench/register/register.html', 'waax/build/mui/bower_components/polymer/workbench/register/register_1.html', 'waax/build/mui/bower_components/polymer/workbench/smoke/elements.js', 'waax/build/mui/bower_components/polymer/workbench/smoke/index.html', 'waax/build/mui/bower_components/polymer/workbench/smoke/x-quux.js', 'waax/build/mui/bower_components/polymer/workbench/styling/host.css', 'waax/build/mui/bower_components/polymer/workbench/styling/host.html', 'waax/build/mui/bower_components/polymer/workbench/styling/zim.html', 'waax/build/mui/bower_components/webcomponentsjs/CONTRIBUTING.md', 'waax/build/mui/bower_components/webcomponentsjs/CustomElements.js', 'waax/build/mui/bower_components/webcomponentsjs/CustomElements.min.js', 'waax/build/mui/bower_components/webcomponentsjs/HTMLImports.js', 'waax/build/mui/bower_components/webcomponentsjs/HTMLImports.min.js', 'waax/build/mui/bower_components/webcomponentsjs/ShadowDOM.js', 'waax/build/mui/bower_components/webcomponentsjs/ShadowDOM.min.js', 'waax/build/mui/bower_components/webcomponentsjs/banner.txt', 'waax/build/mui/bower_components/webcomponentsjs/bower.json', 'waax/build/mui/bower_components/webcomponentsjs/build.log', 'waax/build/mui/bower_components/webcomponentsjs/gulpfile.js', 'waax/build/mui/bower_components/webcomponentsjs/package.json', 'waax/build/mui/bower_components/webcomponentsjs/src/CustomElements/CustomElements.js', 'waax/build/mui/bower_components/webcomponentsjs/src/CustomElements/base.js', 'waax/build/mui/bower_components/webcomponentsjs/src/CustomElements/boot.js', 'waax/build/mui/bower_components/webcomponentsjs/src/CustomElements/build.json', 'waax/build/mui/bower_components/webcomponentsjs/src/CustomElements/observe.js', 'waax/build/mui/bower_components/webcomponentsjs/src/CustomElements/register.js', 'waax/build/mui/bower_components/webcomponentsjs/src/CustomElements/traverse.js', 'waax/build/mui/bower_components/webcomponentsjs/src/CustomElements/upgrade.js', 'waax/build/mui/bower_components/webcomponentsjs/src/HTMLImports/HTMLImports.js', 'waax/build/mui/bower_components/webcomponentsjs/src/HTMLImports/Loader.js', 'waax/build/mui/bower_components/webcomponentsjs/src/HTMLImports/Observer.js', 'waax/build/mui/bower_components/webcomponentsjs/src/HTMLImports/base.js', 'waax/build/mui/bower_components/webcomponentsjs/src/HTMLImports/boot.js', 'waax/build/mui/bower_components/webcomponentsjs/src/HTMLImports/build.json', 'waax/build/mui/bower_components/webcomponentsjs/src/HTMLImports/dynamic.js', 'waax/build/mui/bower_components/webcomponentsjs/src/HTMLImports/importer.js', 'waax/build/mui/bower_components/webcomponentsjs/src/HTMLImports/module.js', 'waax/build/mui/bower_components/webcomponentsjs/src/HTMLImports/parser.js', 'waax/build/mui/bower_components/webcomponentsjs/src/HTMLImports/path.js', 'waax/build/mui/bower_components/webcomponentsjs/src/HTMLImports/xhr.js', 'waax/build/mui/bower_components/webcomponentsjs/src/MutationObserver/MutationObserver.js', 'waax/build/mui/bower_components/webcomponentsjs/src/ShadowCSS/ShadowCSS.js', 'waax/build/mui/bower_components/webcomponentsjs/src/ShadowDOM/ArraySplice.js', 'waax/build/mui/bower_components/webcomponentsjs/src/ShadowDOM/MutationObserver.js', 'waax/build/mui/bower_components/webcomponentsjs/src/ShadowDOM/ShadowDOM.js', 'waax/build/mui/bower_components/webcomponentsjs/src/ShadowDOM/ShadowRenderer.js', 'waax/build/mui/bower_components/webcomponentsjs/src/ShadowDOM/TreeScope.js', 'waax/build/mui/bower_components/webcomponentsjs/src/ShadowDOM/build.json', 'waax/build/mui/bower_components/webcomponentsjs/src/ShadowDOM/microtask.js', 'waax/build/mui/bower_components/webcomponentsjs/src/ShadowDOM/querySelector.js', 'waax/build/mui/bower_components/webcomponentsjs/src/ShadowDOM/wrappers.js', 'waax/build/mui/bower_components/webcomponentsjs/src/ShadowDOM/wrappers/CanvasRenderingContext2D.js', 'waax/build/mui/bower_components/webcomponentsjs/src/ShadowDOM/wrappers/CharacterData.js', 'waax/build/mui/bower_components/webcomponentsjs/src/ShadowDOM/wrappers/DOMTokenList.js', 'waax/build/mui/bower_components/webcomponentsjs/src/ShadowDOM/wrappers/DataTransfer.js', 'waax/build/mui/bower_components/webcomponentsjs/src/ShadowDOM/wrappers/Document.js', 'waax/build/mui/bower_components/webcomponentsjs/src/ShadowDOM/wrappers/Element.js', 'waax/build/mui/bower_components/webcomponentsjs/src/ShadowDOM/wrappers/FormData.js', 'waax/build/mui/bower_components/webcomponentsjs/src/ShadowDOM/wrappers/HTMLAudioElement.js', 'waax/build/mui/bower_components/webcomponentsjs/src/ShadowDOM/wrappers/HTMLCanvasElement.js', 'waax/build/mui/bower_components/webcomponentsjs/src/ShadowDOM/wrappers/HTMLCollection.js', 'waax/build/mui/bower_components/webcomponentsjs/src/ShadowDOM/wrappers/HTMLContentElement.js', 'waax/build/mui/bower_components/webcomponentsjs/src/ShadowDOM/wrappers/HTMLElement.js', 'waax/build/mui/bower_components/webcomponentsjs/src/ShadowDOM/wrappers/HTMLFormElement.js', 'waax/build/mui/bower_components/webcomponentsjs/src/ShadowDOM/wrappers/HTMLImageElement.js', 'waax/build/mui/bower_components/webcomponentsjs/src/ShadowDOM/wrappers/HTMLMediaElement.js', 'waax/build/mui/bower_components/webcomponentsjs/src/ShadowDOM/wrappers/HTMLOptionElement.js', 'waax/build/mui/bower_components/webcomponentsjs/src/ShadowDOM/wrappers/HTMLSelectElement.js', 'waax/build/mui/bower_components/webcomponentsjs/src/ShadowDOM/wrappers/HTMLShadowElement.js', 'waax/build/mui/bower_components/webcomponentsjs/src/ShadowDOM/wrappers/HTMLTableElement.js', 'waax/build/mui/bower_components/webcomponentsjs/src/ShadowDOM/wrappers/HTMLTableRowElement.js', 'waax/build/mui/bower_components/webcomponentsjs/src/ShadowDOM/wrappers/HTMLTableSectionElement.js', 'waax/build/mui/bower_components/webcomponentsjs/src/ShadowDOM/wrappers/HTMLTemplateElement.js', 'waax/build/mui/bower_components/webcomponentsjs/src/ShadowDOM/wrappers/HTMLUnknownElement.js', 'waax/build/mui/bower_components/webcomponentsjs/src/ShadowDOM/wrappers/Node.js', 'waax/build/mui/bower_components/webcomponentsjs/src/ShadowDOM/wrappers/NodeList.js', 'waax/build/mui/bower_components/webcomponentsjs/src/ShadowDOM/wrappers/Range.js', 'waax/build/mui/bower_components/webcomponentsjs/src/ShadowDOM/wrappers/SVGElement.js', 'waax/build/mui/bower_components/webcomponentsjs/src/ShadowDOM/wrappers/SVGElementInstance.js', 'waax/build/mui/bower_components/webcomponentsjs/src/ShadowDOM/wrappers/SVGUseElement.js', 'waax/build/mui/bower_components/webcomponentsjs/src/ShadowDOM/wrappers/Selection.js', 'waax/build/mui/bower_components/webcomponentsjs/src/ShadowDOM/wrappers/ShadowRoot.js', 'waax/build/mui/bower_components/webcomponentsjs/src/ShadowDOM/wrappers/Text.js', 'waax/build/mui/bower_components/webcomponentsjs/src/ShadowDOM/wrappers/TouchEvent.js', 'waax/build/mui/bower_components/webcomponentsjs/src/ShadowDOM/wrappers/WebGLRenderingContext.js', 'waax/build/mui/bower_components/webcomponentsjs/src/ShadowDOM/wrappers/Window.js', 'waax/build/mui/bower_components/webcomponentsjs/src/ShadowDOM/wrappers/XMLHttpRequest.js', 'waax/build/mui/bower_components/webcomponentsjs/src/ShadowDOM/wrappers/elements-with-form-property.js', 'waax/build/mui/bower_components/webcomponentsjs/src/ShadowDOM/wrappers/events.js', 'waax/build/mui/bower_components/webcomponentsjs/src/ShadowDOM/wrappers/generic.js', 'waax/build/mui/bower_components/webcomponentsjs/src/ShadowDOM/wrappers/node-interfaces.js', 'waax/build/mui/bower_components/webcomponentsjs/src/ShadowDOM/wrappers/override-constructors.js', 'waax/build/mui/bower_components/webcomponentsjs/src/Template/Template.js', 'waax/build/mui/bower_components/webcomponentsjs/src/WeakMap/WeakMap.js', 'waax/build/mui/bower_components/webcomponentsjs/src/WebComponents/bc.js', 'waax/build/mui/bower_components/webcomponentsjs/src/WebComponents/build-lite.json', 'waax/build/mui/bower_components/webcomponentsjs/src/WebComponents/build.json', 'waax/build/mui/bower_components/webcomponentsjs/src/WebComponents/build/boot.js', 'waax/build/mui/bower_components/webcomponentsjs/src/WebComponents/build/else.js', 'waax/build/mui/bower_components/webcomponentsjs/src/WebComponents/build/end-if.js', 'waax/build/mui/bower_components/webcomponentsjs/src/WebComponents/build/if-poly.js', 'waax/build/mui/bower_components/webcomponentsjs/src/WebComponents/dom.js', 'waax/build/mui/bower_components/webcomponentsjs/src/WebComponents/lang.js', 'waax/build/mui/bower_components/webcomponentsjs/src/WebComponents/shadowdom.js', 'waax/build/mui/bower_components/webcomponentsjs/src/WebComponents/unresolved.js', 'waax/build/mui/bower_components/webcomponentsjs/webcomponents-lite.js', 'waax/build/mui/bower_components/webcomponentsjs/webcomponents-lite.min.js', 'waax/build/mui/bower_components/webcomponentsjs/webcomponents.js', 'waax/build/mui/bower_components/webcomponentsjs/webcomponents.min.js', 'waax/build/mui/bower_components/webcomponentsjs/workbench/ie10-task-flaking.html', 'waax/build/mui/mui-button/mui-button.html', 'waax/build/mui/mui-eblock/mui-eblock.html', 'waax/build/mui/mui-group/mui-group.html', 'waax/build/mui/mui-knob/mui-knob.html', 'waax/build/mui/mui-knobh/mui-knobh.html', 'waax/build/mui/mui-pianoroll/imagemap.png', 'waax/build/mui/mui-pianoroll/mui-pianoroll.html', 'waax/build/mui/mui-rack/mui-rack.html', 'waax/build/mui/mui-select/mui-select.html', 'waax/build/mui/mui-spectrum/mui-spectrum.html', 'waax/build/mui/mui-vkey/mui-vkey.html', 'waax/build/mui/mui.html', 'waax/build/mui/mui.js', 'waax/build/plug_ins/chorus.js', 'waax/build/plug_ins/cmp1.js', 'waax/build/plug_ins/converb.js', 'waax/build/plug_ins/fmk1.js', 'waax/build/plug_ins/impulse.js', 'waax/build/plug_ins/noise.js', 'waax/build/plug_ins/simpleosc.js', 'waax/build/plug_ins/sp1.js', 'waax/build/plug_ins/stereodelay.js', 'waax/build/plug_ins/wxs1.js', 'waax/build/plugins.min.js', 'waax/build/waax.js', 'waax/build/waax.min.js', 'waax/build/waaxcore.min.js', 'waax/examples/chorus/index.html', 'waax/examples/cmp1/index.html', 'waax/examples/converb/index.html', 'waax/examples/eq4/index.html', 'waax/examples/examples.js', 'waax/examples/fader/index.html', 'waax/examples/filterbank/index.html', 'waax/examples/fmk1/index.html', 'waax/examples/hellowaax/index.html', 'waax/examples/impulse/index.html', 'waax/examples/index.html', 'waax/examples/lab/index.html', 'waax/examples/mui/deps.html', 'waax/examples/mui/ex-mui-eblock.html', 'waax/examples/mui/ex-mui-pianoroll.html', 'waax/examples/mui/ex-mui-spectrum.html', 'waax/examples/mui/index.html', 'waax/examples/mui/showcase.html', 'waax/examples/noise/index.html', 'waax/examples/simpleosc/index.html', 'waax/examples/sp1/index.html', 'waax/examples/stereodelay/index.html', 'waax/examples/style.css', 'waax/examples/workshop/index.html', 'waax/examples/wxs1/index.html', 'waax/sound/LICENSE', 'waax/sound/guitar.wav', 'waax/sound/hochkit/LICENSE.md', 'waax/sound/hochkit/fx-001.mp3', 'waax/sound/hochkit/fx-002.mp3', 'waax/sound/hochkit/hh-001.mp3', 'waax/sound/hochkit/hh-002.mp3', 'waax/sound/hochkit/hh-003.mp3', 'waax/sound/hochkit/hh-004.mp3', 'waax/sound/hochkit/kd-001.mp3', 'waax/sound/hochkit/kd-002.mp3', 'waax/sound/hochkit/kd-003.mp3', 'waax/sound/hochkit/kd-004.mp3', 'waax/sound/hochkit/kd-005.mp3', 'waax/sound/hochkit/kd-006.mp3', 'waax/sound/hochkit/kd-007.mp3', 'waax/sound/hochkit/kd-008.mp3', 'waax/sound/hochkit/kd-009.mp3', 'waax/sound/hochkit/kd-010.mp3', 'waax/sound/hochkit/kd-011.mp3', 'waax/sound/hochkit/kd-012.mp3', 'waax/sound/hochkit/oh-001.mp3', 'waax/sound/hochkit/oh-002.mp3', 'waax/sound/hochkit/oh-003.mp3', 'waax/sound/hochkit/perc-001.mp3', 'waax/sound/hochkit/perc-002.mp3', 'waax/sound/hochkit/perc-003.mp3', 'waax/sound/hochkit/perc-004.mp3', 'waax/sound/hochkit/perc-005.mp3', 'waax/sound/hochkit/sd-001.mp3', 'waax/sound/hochkit/sd-002.mp3', 'waax/sound/hochkit/sd-003.mp3', 'waax/sound/hochkit/sd-004.mp3', 'waax/sound/hochkit/sd-005.mp3', 'waax/sound/hochkit/sd-006.mp3', 'waax/sound/hochkit/sd-007.mp3', 'waax/sound/hochkit/sd-008.mp3', 'waax/sound/hochkit/sd-009.mp3', 'waax/sound/hochkit/sd-010.mp3', 'waax/sound/hochkit/sd-011.mp3', 'waax/sound/hochkit/sd-012.mp3', 'waax/sound/ir/960-BigEmptyChurch.mp3', 'waax/sound/ir/960-BriteStage.mp3', 'waax/sound/ir/960-LargeBrightRoom.mp3', 'waax/sound/ir/960-LargePlate.mp3', 'waax/sound/ir/H3000-MetalVerb.mp3', 'waax/sound/ir/H3000-ReverseGate.mp3', 'waax/sound/ir/SPX990-ElecSNRPlate.mp3', 'waax/sound/ir/SPX990-Reflections.mp3', 'waax/sound/ir/UAD140-AcousticAmbience.mp3', 'waax/sound/ir/UAD140-MasterPlate.mp3', 'waax/sound/loops/cgtr-120-cmaj.mp3', 'waax/sound/loops/cgtr-120-dmin.mp3', 'waax/sound/loops/cgtr-120-gmaj.mp3', 'waax/sound/loops/drums.mp3']. CAVEAT: carries all base..tip evolution of those files, possibly including unrelated refactors.",/Users/petermakhnatch/Developer/eval-lab-results/2026-10-10/mimo-ref-fixes-sweep-javascript-typescript/receipts/format-code-task-001474.json,sha256:33051f7c952fe085f07580ab3d8dbf1e2b345cf5c0bc723591a2640da630c197
format-code-task-001475,oracle:patch-conflict,3e3f082fec77639e52c89737409c072923389f09,,"S1: test-file touch; source relevance [], before-blob continuity ['test/toplevel.js'], keyword score 0, distance 12.",/Users/petermakhnatch/Developer/eval-lab-results/2026-10-10/mimo-ref-fixes-sweep-javascript-typescript/receipts/format-code-task-001475.json,sha256:7f53e37e90fb5ced95926a6391682e746203b4909de6e65c92f2c047f3a14995
format-code-task-001476,oracle:pass+nop:fail,f5473d3296e8e22abec3203e72940b229db9af00,,"S1: test-file touch; source relevance [], before-blob continuity ['test/src/build_parts.spec.js'], keyword score 0, distance 1.",/Users/petermakhnatch/Developer/eval-lab-results/2026-10-10/mimo-ref-fixes-sweep-javascript-typescript/receipts/format-code-task-001476.json,sha256:77a47496eb07cb5a2da21b76cb7dd7fe27e6fb2ff486cbcc2f3ca48bbbe79d22
format-code-task-001513,oracle:pass+nop:fail,521db649b2fcc724270c2f747ff81f72ae7ccc74,,"S1: test-file touch; source relevance [], before-blob continuity ['src/adapter/aws-lambda/handler.test.ts', 'src/adapter/lambda-edge/handler.test.ts'], keyword score 3.0, distance 1.",/Users/petermakhnatch/Developer/eval-lab-results/2026-10-10/mimo-ref-fixes-sweep-javascript-typescript/receipts/format-code-task-001513.json,sha256:9dd99704e90860e01134730fc040e94fda1d563c415f0a5e313ba48f6aaee9ba
format-code-task-001514,oracle:pass+nop:fail,568f87258de2ef7290fb2d59fb62f071566d82da,,"S1: test-file touch; source relevance [], before-blob continuity ['src/utils/body.test.ts'], keyword score 8.25, distance 4.",/Users/petermakhnatch/Developer/eval-lab-results/2026-10-10/mimo-ref-fixes-sweep-javascript-typescript/receipts/format-code-task-001514.json,sha256:7d6f0bf53cb7fbb5622a74d472a9831b523673c190be382a222a37b9a6dc5a5a
format-code-task-001515,oracle:pass+nop:fail,331b3d8a96eacdf353019018242872b505010ba9,,"S1: test-file touch; source relevance [], before-blob continuity ['src/client/utils.test.ts'], keyword score 1.929, distance 1.",/Users/petermakhnatch/Developer/eval-lab-results/2026-10-10/mimo-ref-fixes-sweep-javascript-typescript/receipts/format-code-task-001515.json,sha256:cdfb6f801ec381bee33dc6766840a867e26b3bce8ae74b82cb99127bde85f688
format-code-task-001516,oracle:pass+nop:fail,bfc190f72573379565f6fab3f290e657f5778044,,"S1: test-file touch; source relevance [], before-blob continuity ['src/helper/css/index.test.tsx', 'src/jsx/dom/css.test.tsx'], keyword score 16.0, distance 6.",/Users/petermakhnatch/Developer/eval-lab-results/2026-10-10/mimo-ref-fixes-sweep-javascript-typescript/receipts/format-code-task-001516.json,sha256:dc8afa6a547ef35a6bba376b290d5055d25ed33f250b180202d9146719bc6d03
format-code-task-001518,oracle:none,,,,/Users/petermakhnatch/Developer/eval-lab-results/2026-10-10/mimo-ref-fixes-sweep-javascript-typescript/receipts/format-code-task-001518.json,sha256:937660eff8221c17ebd489125b921c9711959734c58f19e0d0c4076d12a921c7
format-code-task-001523,oracle:fail,d35aa881956bb0d288ee605d3c626a2e07ecc84f,98f649a45f1f3ef3815f8bec745477ce79d6a3a2,"S2b: 37 introducing commit(s) across divergent history; base..98f649a4 diff on feature files ['dist/hprose-html5.js', 'src/BytesIO.js', 'src/Client.js', 'src/HttpClient.js', 'src/JSONRPCClientFilter.js']. CAVEAT: carries all base..tip evolution of those files, possibly including unrelated refactors.",/Users/petermakhnatch/Developer/eval-lab-results/2026-10-10/mimo-ref-fixes-sweep-javascript-typescript/receipts/format-code-task-001523.json,sha256:3f34b8d2fd8afabe0836089f7e5200770fec332b13d45c496c3f3e3bdda978d6
format-code-task-001533,oracle:pass+nop:fail,ae04256d73430ea38101b76cd6cd661c356856c4,,"S1: test-file touch; source relevance [], before-blob continuity ['tests/client.test.js', 'tests/strategies/bluesky.test.js', 'tests/strategies/devto.test.js', 'tests/strategies/discord-webhook.test.js', 'tests/strategies/discord.test.js', 'tests/strategies/linkedin.test.js', 'tests/strategies/mastodon.test.js', 'tests/strategies/twitter.test.js'], keyword score 2.5, distance 1.",/Users/petermakhnatch/Developer/eval-lab-results/2026-10-10/mimo-ref-fixes-sweep-javascript-typescript/receipts/format-code-task-001533.json,sha256:080a117f5c4f1794e6748a07fb56b9aeb0134a549fbbcdeaa11a779edff2907d
format-code-task-001534,oracle:pass+nop:fail,76b0df64d2768026c14860102c624d5b5a513f07,a50bdc2c9872405e4ab3743ed9ded7eaac7ed143,"S2b: 10 introducing commit(s) across divergent history; base..a50bdc2c diff on feature files ['client/package-lock.json', 'client/package.json', 'client/src/App.js', 'client/src/components/Analytics/Dashboard.js', 'client/src/components/Leaderboard/Leaderboard.js', 'client/src/components/Modal Management/List.js', 'client/src/components/Streak Management/StreakTracker.js', 'client/src/services/analytics/DashboardManager.js', 'client/src/services/analytics/MetricsManager.js', 'client/src/services/leaderboard/LeaderboardManager.js', 'client/src/services/task/TaskManager.js', 'client/src/styles/globals.css', 'client/src/user analytics/graph/XPProgressionChart.js', 'client/src/utils/analytics/chartUtils.js', 'client/src/utils/analytics/dateUtils.js', 'client/src/utils/analytics/rangeToggle.js', 'client/tailwind.config.js']. CAVEAT: carries all base..tip evolution of those files, possibly including unrelated refactors.",/Users/petermakhnatch/Developer/eval-lab-results/2026-10-10/mimo-ref-fixes-sweep-javascript-typescript/receipts/format-code-task-001534.json,sha256:5df5f6562a4b3886f67f5480666eeba223a1ba802da9741ddf1b90eb9bf26695
format-code-task-001539,oracle:none,,,,/Users/petermakhnatch/Developer/eval-lab-results/2026-10-10/mimo-ref-fixes-sweep-javascript-typescript/receipts/format-code-task-001539.json,sha256:25083f774a7c01817bfb06b21f69eb9bdc58eabfce5813fc746237e2405cee5d
format-code-task-001547,oracle:pass+nop:fail,bf8cf23ae71d7b4b50bdac50b26a99a7581830d6,,"S1: test-file touch; source relevance [], before-blob continuity ['test/parser.js'], keyword score 1.8, distance 1.",/Users/petermakhnatch/Developer/eval-lab-results/2026-10-10/mimo-ref-fixes-sweep-javascript-typescript/receipts/format-code-task-001547.json,sha256:d2031e1f01f8aefeda951d571b414782be752a526e08e62b99be35662fde9d02
format-code-task-001548,oracle:pass+nop:fail,38a674e3e4dbb04cca627bd9f0803920eb85ec6f,e1c60d4dd28a16f91be7f55b3685ffcf9760619b,"S2b: 54 introducing commit(s) across divergent history; base..e1c60d4d diff on feature files ['.gitignore', '.prettierignore', 'index.d.ts', 'package-lock.json', 'package.json', 'src/Translator.js', 'src/selector.js', 'typescript/helpers.d.ts', 'typescript/options.d.ts', 'typescript/t.d.ts', 'typescript/t.v4.d.ts']. CAVEAT: carries all base..tip evolution of those files, possibly including unrelated refactors.",/Users/petermakhnatch/Developer/eval-lab-results/2026-10-10/mimo-ref-fixes-sweep-javascript-typescript/receipts/format-code-task-001548.json,sha256:ca48d837170fd33a21990a11d57722dd3418a01d341018d87200456ac560ac77
format-code-task-001550,oracle:pass+nop:fail,099c6ada7246d67d6eed2ce7490ea2f5a847645a,,"S1: test-file touch; source relevance [], before-blob continuity ['packages/slate-hyperscript/test/index.js', 'packages/slate/test/changes/at-current-range/insert-fragment/end-block-multiple-blocks.js', 'packages/slate/test/changes/at-current-range/insert-fragment/end-block.js', 'packages/slate/test/changes/at-current-range/insert-fragment/end-inline.js', 'packages/slate/test/changes/at-current-range/insert-fragment/fragment-multiple-blocks.js', 'packages/slate/test/changes/at-current-range/insert-fragment/fragment-nested-blocks.js', 'packages/slate/test/changes/at-current-range/insert-fragment/middle-block.js', 'packages/slate/test/changes/at-current-range/insert-fragment/middle-inline.js', 'packages/slate/test/changes/at-current-range/insert-fragment/nested-block-fragment-nested-blocks.js', 'packages/slate/test/changes/at-current-range/insert-fragment/start-block-multiple-blocks.js', 'packages/slate/test/changes/at-current-range/insert-fragment/start-block.js', 'packages/slate/test/changes/at-current-range/insert-fragment/start-inline.js', 'packages/slate/test/changes/at-current-range/insert-fragment/start-second-block.js', 'packages/slate/test/changes/at-current-range/insert-fragment/with-delete-across-blocks.js', 'packages/slate/test/changes/index.js', 'packages/slate/test/serializers/raw/serialize/preserve-keys.js', 'packages/slate/test/serializers/raw/serialize/preserve-selection-and-keys.js'], keyword score 7.075, distance 3.",/Users/petermakhnatch/Developer/eval-lab-results/2026-10-10/mimo-ref-fixes-sweep-javascript-typescript/receipts/format-code-task-001550.json,sha256:931847a22c4aa97f07f771953e049c3b76290c4e3b677fbc0fb05ba005753001
format-code-task-001555,oracle:none,,,,/Users/petermakhnatch/Developer/eval-lab-results/2026-10-10/mimo-ref-fixes-sweep-javascript-typescript/receipts/format-code-task-001555.json,sha256:c20c3c1e3588c29780ef6077ff214e5c2957e48999284c80e730fb8230e29ddb
format-code-task-001572,oracle:fail,851974db27eba346c8ffd6c2fa06e15b4f52c381,44705dd65707601e737e9701da66b74cbcf8f089,"S2b: 22 introducing commit(s) across divergent history; base..44705dd6 diff on feature files ['lib/create/deployment.js', 'lib/messages/deployment-list.js']. CAVEAT: carries all base..tip evolution of those files, possibly including unrelated refactors.",/Users/petermakhnatch/Developer/eval-lab-results/2026-10-10/mimo-ref-fixes-sweep-javascript-typescript/receipts/format-code-task-001572.json,sha256:aebdd1f8e35efbd874af619554286333e9711b2da13988e62d7e95e6f9065fa2
format-code-task-001576,oracle:pass+nop:fail,95050c05ca88a7e22a9a55302f80240d1401bda8,,"S1: test-file touch; source relevance [], before-blob continuity ['packages/database/__tests__/database.test.ts'], keyword score 1.667, distance 2.",/Users/petermakhnatch/Developer/eval-lab-results/2026-10-10/mimo-ref-fixes-sweep-javascript-typescript/receipts/format-code-task-001576.json,sha256:969b5e0b1f0ba1376d36f6d251e3dcd28df6eeb8604281b3357065d8a5503fa1
format-code-task-001600,oracle:patch-conflict,c24ac6c0157a402e80908443a6d7115ad8d6075c,,"S1: test-file touch; source relevance [], before-blob continuity ['src/__tests__/standalone-test.js'], keyword score 6.0, distance None.",/Users/petermakhnatch/Developer/eval-lab-results/2026-10-10/mimo-ref-fixes-sweep-javascript-typescript/receipts/format-code-task-001600.json,sha256:981e57477a7e955a851e08457106370ccc1dc902b795c941dba60c2671565c4e
format-code-task-001605,oracle:none,,,,/Users/petermakhnatch/Developer/eval-lab-results/2026-10-10/mimo-ref-fixes-sweep-javascript-typescript/receipts/format-code-task-001605.json,sha256:ade8eebf49db53569011de41cec085645914ace97250724e1faed7adedba113e
format-code-task-001625,oracle:none,,,,/Users/petermakhnatch/Developer/eval-lab-results/2026-10-10/mimo-ref-fixes-sweep-javascript-typescript/receipts/format-code-task-001625.json,sha256:a76dcea607fca1295602dc7b2da62f9b7a063fb287e22dfd618bec795287d178
format-code-task-001631,oracle:fail,e5b6287c2663b87c4069981d91d6b4c8152de4fc,,"S1: test-file touch; source relevance [], before-blob continuity ['packages/jest-transform/src/__tests__/shouldInstrument.test.ts'], keyword score 6.0, distance 5.",/Users/petermakhnatch/Developer/eval-lab-results/2026-10-10/mimo-ref-fixes-sweep-javascript-typescript/receipts/format-code-task-001631.json,sha256:fc84c86c8a69565f0383a72bc1eace0a25961822cf1b120428a03438642d10dd
format-code-task-001644,oracle:pass+nop:fail,9914b1069c28f65b7a7dc36e0cd5c8b9b2ed632c,43627b4d5e5bb934e3fabed2c2f6d7cbef9dd704,"S2b: 31 introducing commit(s) across divergent history; base..43627b4d diff on feature files ['source/mail/mail-model.js']. CAVEAT: carries all base..tip evolution of those files, possibly including unrelated refactors.",/Users/petermakhnatch/Developer/eval-lab-results/2026-10-10/mimo-ref-fixes-sweep-javascript-typescript/receipts/format-code-task-001644.json,sha256:98dfbfb6aa9b8ab37a1763ea489ecaa88d121d2c798e3f377d7d4ebe9241b135
format-code-task-001653,oracle:fail,1f95dafeaa7fc2ca3808bbd01990072991aa97e0,,"S1: test-file touch; source relevance [], before-blob continuity ['test/string.test.js'], keyword score 0, distance 1.",/Users/petermakhnatch/Developer/eval-lab-results/2026-10-10/mimo-ref-fixes-sweep-javascript-typescript/receipts/format-code-task-001653.json,sha256:5c807b34acd3eee9dbe8f42e9645a7cfdd235506ecd774345e0a26889efc0904
format-code-task-001654,oracle:fail,7e9e4788bfe290800cbdf1a8d2a147cd396ca031,,"S1: test-file touch; source relevance [], before-blob continuity ['test/methods.js'], keyword score 0, distance 1.",/Users/petermakhnatch/Developer/eval-lab-results/2026-10-10/mimo-ref-fixes-sweep-javascript-typescript/receipts/format-code-task-001654.json,sha256:1fd4446f81a2a1449dfba18b6680ca69ec29d5ef26e3ab81ac7f576f1dcbf590
format-code-task-001655,oracle:none,,,,/Users/petermakhnatch/Developer/eval-lab-results/2026-10-10/mimo-ref-fixes-sweep-javascript-typescript/receipts/format-code-task-001655.json,sha256:13f7a957276e1f872b52e9d7e7731c259d305c019a3bb212df42a3396cadda03
format-code-task-001656,oracle:patch-conflict,658857d66c442b0c0bf6cf0591f363f683eeecba,,"S1: test-file touch; source relevance [], before-blob continuity ['packages/semver/src/builders/version/builder.spec.ts'], keyword score 0, distance 8.",/Users/petermakhnatch/Developer/eval-lab-results/2026-10-10/mimo-ref-fixes-sweep-javascript-typescript/receipts/format-code-task-001656.json,sha256:e1d83b5673405fa19a5c0437e4385e0e00214800f714b132f254e90cd9089f8d
format-code-task-001660,oracle:pass+nop:fail,781bfff5409399009c7fe8c9305b45f1ec03818b,,"S1: test-file touch; source relevance [], before-blob continuity ['tests/lib/rules/sort-comp.js'], keyword score 6.0, distance 1.",/Users/petermakhnatch/Developer/eval-lab-results/2026-10-10/mimo-ref-fixes-sweep-javascript-typescript/receipts/format-code-task-001660.json,sha256:747c4c32287e2adbf23296fa424b8c557a99f7151343995cd4fbd8cef0e5f26c
format-code-task-001672,oracle:pass+nop:fail,0fafc295ce5b2e2541664912ca7d9d14df881f4a,,"S1: test-file touch; source relevance [], before-blob continuity ['packages/rendermime/test/factories.spec.ts'], keyword score 3.933, distance 2.",/Users/petermakhnatch/Developer/eval-lab-results/2026-10-10/mimo-ref-fixes-sweep-javascript-typescript/receipts/format-code-task-001672.json,sha256:d1016498e80d4039ee35148aac6c84d82ee9eaf8fb7fbb9786e618ef99da52a9
format-code-task-001673,oracle:pass+nop:fail,6014719692119a355935e9e2bef11ac8fbf41a27,,"S1: test-file touch; source relevance [], before-blob continuity ['test/compiler/flowgraph/check_runaway.spec.js'], keyword score 7.0, distance None.",/Users/petermakhnatch/Developer/eval-lab-results/2026-10-10/mimo-ref-fixes-sweep-javascript-typescript/receipts/format-code-task-001673.json,sha256:8bd7b61749a6990d7b04c7acfcb219f09b8e8599a5c200be989501981e2847e6
format-code-task-001675,oracle:pass+nop:fail,aef33f781ec1d3a278cc8ce65b159eb10216e2a3,e63c07b5148a4497b79ccde880bbf3d7650d1927,"S2b: 14 introducing commit(s) across divergent history; base..e63c07b5 diff on feature files ['_gh3.js', 'gh3.js']. CAVEAT: carries all base..tip evolution of those files, possibly including unrelated refactors.",/Users/petermakhnatch/Developer/eval-lab-results/2026-10-10/mimo-ref-fixes-sweep-javascript-typescript/receipts/format-code-task-001675.json,sha256:d1dd3fbd39fc718d3e88d87e8f9d17939338db038e422d114d6abe86fe4d4b47
format-code-task-001677,oracle:pass+nop:fail,a2486319e49db5cf0d933e79090be9f2a09f3624,45a1431f23cb98212bfd87aaea4ff65bf3aa11f8,"S2b: 34 introducing commit(s) across divergent history; base..45a1431f diff on feature files ['src/ffmpeg.js', 'src/info.js', 'src/info/index.js', 'src/info/view.js', 'src/source/index.js', 'src/theme.js']. CAVEAT: carries all base..tip evolution of those files, possibly including unrelated refactors.",/Users/petermakhnatch/Developer/eval-lab-results/2026-10-10/mimo-ref-fixes-sweep-javascript-typescript/receipts/format-code-task-001677.json,sha256:4bf49a22b7bd4b2f7badfe73519b112f61e1e87cf676b4abe44bc809ce3f8a2f
format-code-task-001680,oracle:patch-conflict,839f1433d467c2ade5ad66540f28d23ab68aeac7,,"S1: test-file touch; source relevance [], before-blob continuity ['tests/options.js'], keyword score 1.0, distance 10.",/Users/petermakhnatch/Developer/eval-lab-results/2026-10-10/mimo-ref-fixes-sweep-javascript-typescript/receipts/format-code-task-001680.json,sha256:77b97faf992235670b4dbc79d197458b0de65b086672e7b0a742fde74ef0201c
format-code-task-001682,oracle:fail,0471237c1391c080b9b594513e927979be7fddd9,c2eb84f439c57ae788a77336578c1c1a3a31b64e,"S2b: 25 introducing commit(s) across divergent history; base..c2eb84f4 diff on feature files ['src/Deposit.js']. CAVEAT: carries all base..tip evolution of those files, possibly including unrelated refactors.",/Users/petermakhnatch/Developer/eval-lab-results/2026-10-10/mimo-ref-fixes-sweep-javascript-typescript/receipts/format-code-task-001682.json,sha256:7cfba3c5ee040707048853ad23896b46f5807de7622d31246992fd6a8611550c
format-code-task-001698,oracle:pass+nop:fail,d367f7c7afbee0c00c3d98e50f52249d474cb295,,"S1: test-file touch; source relevance [], before-blob continuity ['src/dialogs/passage-edit/__tests__/passage-toolbar.test.tsx'], keyword score 2.5, distance 1.",/Users/petermakhnatch/Developer/eval-lab-results/2026-10-10/mimo-ref-fixes-sweep-javascript-typescript/receipts/format-code-task-001698.json,sha256:3d80d4aaa4d1b840756e86612e6cfbfcb05e4e40507e7062f89127352297e0ff
format-code-task-001701,oracle:fail,5fdff3c568007b873d65859c08e2c644d015ebe2,,"S1: test-file touch; source relevance [], before-blob continuity ['spec/dependentObservableBehaviors.js'], keyword score 1.0, distance 2.",/Users/petermakhnatch/Developer/eval-lab-results/2026-10-10/mimo-ref-fixes-sweep-javascript-typescript/receipts/format-code-task-001701.json,sha256:09d857e92827d51bd6e7cb341cefc586c164f40664deba94ccc485c7ccad056f
format-code-task-001702,oracle:fail,49642428342e5f291eb9d690802e83ed830623b5,8774979e1376196d854cb188daecf3fa71525b99,"S2b: 23 introducing commit(s) across divergent history; base..8774979e diff on feature files ['lib/request.js']. CAVEAT: carries all base..tip evolution of those files, possibly including unrelated refactors.",/Users/petermakhnatch/Developer/eval-lab-results/2026-10-10/mimo-ref-fixes-sweep-javascript-typescript/receipts/format-code-task-001702.json,sha256:56c35936e362c20c87881bd88edbc64ebf1cb8ee95d69324464b83a44acf8398
format-code-task-001703,oracle:pass+nop:fail,d7dd15d92478f2db6d98eb9e7e68154cc8936d76,,"S2a: pickaxe identifier 'uploads' converges on d7dd15d9 'Use `ctx.request.files` instead of `ctx.request.body.files` (#89)' (descendant, distance 1); own-diff applies on base.",/Users/petermakhnatch/Developer/eval-lab-results/2026-10-10/mimo-ref-fixes-sweep-javascript-typescript/receipts/format-code-task-001703.json,sha256:0765fb81e329eafd56b2f5040f8e695c57402918ca333d18ff199809343a94f6
format-code-task-001716,oracle:none,,,,/Users/petermakhnatch/Developer/eval-lab-results/2026-10-10/mimo-ref-fixes-sweep-javascript-typescript/receipts/format-code-task-001716.json,sha256:b85564251ff83b139ce47e0090bde5e3344fa918d8ecaeb890d0e044e2446893
format-code-task-001763,oracle:pass+nop:fail,5143fae0f68219872aa7670f16ccbcd44e04723a,,"S1: test-file touch; source relevance [], before-blob continuity ['packages/utils/time.test.ts'], keyword score 6.0, distance 3.",/Users/petermakhnatch/Developer/eval-lab-results/2026-10-10/mimo-ref-fixes-sweep-javascript-typescript/receipts/format-code-task-001763.json,sha256:a0f5467becc319f1565221a2b55568c9e24674660f800d1b636447b362e4562a
format-code-task-001773,oracle:fail,81852dcb68518a0103cc1a104bfe2497c28fa44b,,"S2a: pickaxe identifier 'LERNA_PACKAGE_NAME' converges on 81852dcb 'chore(docs): add explicit example of using environment variables on windows (#3933)' (descendant, distance 50); own-diff applies on base.",/Users/petermakhnatch/Developer/eval-lab-results/2026-10-10/mimo-ref-fixes-sweep-javascript-typescript/receipts/format-code-task-001773.json,sha256:75c1c1ad4fa48bcd4509edb1584b7fcacb256b367597912b68052291a24068bb
format-code-task-001785,oracle:pass+nop:fail,d5e71d0690b5d745250ab4cd7584ade6c15a806d,,"S1: test-file touch; source relevance [], before-blob continuity ['test/unit/action/channel.spec.js'], keyword score 5.0, distance 1.",/Users/petermakhnatch/Developer/eval-lab-results/2026-10-10/mimo-ref-fixes-sweep-javascript-typescript/receipts/format-code-task-001785.json,sha256:e6fd7741465bf7fc0e960e5d823bff4ef77dd73812eae29130e6be411d55ad5b
format-code-task-001808,oracle:pass+nop:fail,4fe872cf0f866cb5bcc54848ecbdfb44915bfd08,,"S2a: pickaxe identifier 'localforage.config' converges on 4fe872cf 'Ensure that 'version' is a number when calling 'localforage.config', fixes #304' (descendant, distance 1); own-diff applies on base.",/Users/petermakhnatch/Developer/eval-lab-results/2026-10-10/mimo-ref-fixes-sweep-javascript-typescript/receipts/format-code-task-001808.json,sha256:f600d5b9307e526587d9e9765116a2aafb4330695ec36b2dbfaeeb7640d56a48
format-code-task-001839,oracle:pass+nop:fail,c602230de6665359082dfbde562895a31bcfdb38,,"S1: test-file touch; source relevance [], before-blob continuity ['test/unit/style-spec/migrate.test.js'], keyword score 1.75, distance 2.",/Users/petermakhnatch/Developer/eval-lab-results/2026-10-10/mimo-ref-fixes-sweep-javascript-typescript/receipts/format-code-task-001839.json,sha256:54f3c253ca61e6ebb19169b2233c1b48431538bedf27a30596633f66696ef9f7
format-code-task-001849,oracle:pass+nop:fail,12d3269688cf13e97bb8a148c5083980b9d1ec73,0831a0f818ac61c07fe1ec960acf414308e25a1b,"S2b: 34 introducing commit(s) across divergent history; base..0831a0f8 diff on feature files ['src/Modules/Mouse.fun', 'src/compiler.js', 'src/parser.js', 'src/resolver.js', 'src/runtime/expressions.js', 'src/runtime/library.js']. CAVEAT: carries all base..tip evolution of those files, possibly including unrelated refactors.",/Users/petermakhnatch/Developer/eval-lab-results/2026-10-10/mimo-ref-fixes-sweep-javascript-typescript/receipts/format-code-task-001849.json,sha256:40275c61aeb07c97eeca10545e252edfaa867d939f95a6d5438f7a5d85cc6225
format-code-task-001857,oracle:none,,,,/Users/petermakhnatch/Developer/eval-lab-results/2026-10-10/mimo-ref-fixes-sweep-javascript-typescript/receipts/format-code-task-001857.json,sha256:eea7a80e2c73ce08f25bb30cdf55b6f3b21e6865da51d3a530c8755eb6d92cb8
format-code-task-001869,oracle:pass+nop:fail,d641555e02081274cf676cc9636f653dd480632d,,"S1: test-file touch; source relevance [], before-blob continuity ['test/enumerable.js'], keyword score 9.0, distance None.",/Users/petermakhnatch/Developer/eval-lab-results/2026-10-10/mimo-ref-fixes-sweep-javascript-typescript/receipts/format-code-task-001869.json,sha256:c6ba1ceef988b176685c5db9dfa915c9bef3f3af3626b9226079bae15ee6f5e3
format-code-task-001874,oracle:fail,cf65c764b55fb7d4a17740296a6a61d611732047,6cf202e9c9c551704694c7e6ba82c8d405aaa533,"S2b: 9 introducing commit(s) across divergent history; base..6cf202e9 diff on feature files ['package.json', 'packages/example-web/.env', 'packages/example-web/.gitignore', 'packages/example-web/package-lock.json', 'packages/example-web/package.json', 'packages/example-web/public/favicon.ico', 'packages/example-web/public/index.html', 'packages/example-web/public/logo192.png', 'packages/example-web/public/logo512.png', 'packages/example-web/public/manifest.json', 'packages/example-web/public/robots.txt', 'packages/example-web/src/App.css', 'packages/example-web/src/App.tsx', 'packages/example-web/src/index.css', 'packages/example-web/src/index.tsx', 'packages/example-web/src/logo.svg', 'packages/example-web/src/react-app-env.d.ts', 'packages/example-web/src/reportWebVitals.ts', 'packages/example-web/src/setupTests.ts', 'packages/example-web/tsconfig.json', 'packages/react-native-ultimate-config/.gitignore', 'packages/react-native-ultimate-config/package-lock.json', 'packages/react-native-ultimate-config/package.json', 'packages/react-native-ultimate-config/src/flatten.js', 'packages/react-native-ultimate-config/src/main.js', 'packages/react-native-ultimate-config/src/render-env.js', 'packages/react-native-ultimate-config/src/templates/index.web.js.handlebars', 'packages/react-native-ultimate-config/src/test_outputs/index.web.js']. CAVEAT: carries all base..tip evolution of those files, possibly including unrelated refactors.",/Users/petermakhnatch/Developer/eval-lab-results/2026-10-10/mimo-ref-fixes-sweep-javascript-typescript/receipts/format-code-task-001874.json,sha256:79c4fb60e46518526d33cf0d2f0d55955766f0fea396bf32af93cd2f975fa0ca
format-code-task-001879,oracle:patch-conflict,c29783ae7ce7dfbaf729b46d4f0c056bc5c68cbd,04be9bfdebff14876c3cf024bc60370fe163763a,"S2b: 17 introducing commit(s) across divergent history; base..04be9bfd diff on feature files ['cssua.js', 'cssua.min.js']. CAVEAT: carries all base..tip evolution of those files, possibly including unrelated refactors.",/Users/petermakhnatch/Developer/eval-lab-results/2026-10-10/mimo-ref-fixes-sweep-javascript-typescript/receipts/format-code-task-001879.json,sha256:e79e5ca7b351e55792a879d5136197e486926d54d3f40ce9ab7ebf5c4c122b46
format-code-task-001882,oracle:fail,6cac9794fd325b6431ba208b8985859fdb6e0282,,"S1: test-file touch; source relevance [], before-blob continuity ['packages/mdx/test/index.test.js'], keyword score 2.25, distance 14.",/Users/petermakhnatch/Developer/eval-lab-results/2026-10-10/mimo-ref-fixes-sweep-javascript-typescript/receipts/format-code-task-001882.json,sha256:03e7d03d5aa6557b29886cef8d73dd9ecd4e627e7e218c100dff80b60f4a4337
format-code-task-001883,oracle:none,,,,/Users/petermakhnatch/Developer/eval-lab-results/2026-10-10/mimo-ref-fixes-sweep-javascript-typescript/receipts/format-code-task-001883.json,sha256:3b6d05a78d4dd2815e00c39c932ed8b11e075e2c3b1a0aec7c097e78dadd9e87
format-code-task-001889,oracle:none,,,,/Users/petermakhnatch/Developer/eval-lab-results/2026-10-10/mimo-ref-fixes-sweep-javascript-typescript/receipts/format-code-task-001889.json,sha256:ec2ba215c0f3878cd978261ebf0034b4f8fb79e61b7242d034afe7944168d880
format-code-task-001890,oracle:pass+nop:fail,1f1b6faaad00c811516bd0133c82b114d6f88cfe,,"S1: test-file touch; source relevance [], before-blob continuity ['__tests__/validators/approvals.test.js'], keyword score 3.75, distance 1.",/Users/petermakhnatch/Developer/eval-lab-results/2026-10-10/mimo-ref-fixes-sweep-javascript-typescript/receipts/format-code-task-001890.json,sha256:308a30d397cc3c3f01fbff9cdcc0945f7e698f2e6666b3e6cc3b9eac56ec740f
format-code-task-001901,oracle:pass+nop:fail,a1261fa874d3854826f229aa6effaeb3109cf3eb,,"S1: test-file touch; source relevance [], before-blob continuity ['packages/aws-lambda-graphql/src/__tests__/Server.test.ts'], keyword score 5.75, distance 1.",/Users/petermakhnatch/Developer/eval-lab-results/2026-10-10/mimo-ref-fixes-sweep-javascript-typescript/receipts/format-code-task-001901.json,sha256:06d9b4ec4830cbdd347d4f9cf77906ddd16fd927a87f50a53a0a3da791782001
format-code-task-001902,oracle:fail,0f5469851ceb90fa4b9a2b278eaff2301ec5f393,e2651abfbf4ea2dfac4ddd4fb787ed0d2be4d935,"S2b: 12 introducing commit(s) across divergent history; base..e2651abf diff on feature files ['.eslintrc.json', '.gitignore', 'DOCUMENTATION.md', 'index.d.ts', 'lib/abstract-connection.js', 'lib/client.js', 'lib/client/connection.js', 'lib/client/request.js', 'lib/http/connection.js', 'lib/http/form.js', 'lib/http/host.js', 'lib/http/router.js', 'lib/mirror.js', 'lib/parsers/multipart-parser.js', 'lib/parsers/q-value-parser.js', 'lib/parsers/ws-parser.js', 'lib/server-mixin.js', 'lib/server.js', 'lib/session/memory-store.js', 'lib/session/session.js', 'lib/session/store.js', 'lib/utils/config.js', 'lib/utils/http-utils.js', 'lib/utils/server-utils.js', 'lib/utils/stream-utils.js', 'lib/utils/ws-sender.js', 'lib/utils/ws-utils.js', 'lib/ws/connection.js', 'lib/ws/frame.js', 'lib/ws/host.js', 'package.json']. CAVEAT: carries all base..tip evolution of those files, possibly including unrelated refactors.",/Users/petermakhnatch/Developer/eval-lab-results/2026-10-10/mimo-ref-fixes-sweep-javascript-typescript/receipts/format-code-task-001902.json,sha256:388202cba1b2cd9d67bbb14e0ad70f1e8d0a815622f8b56de4584e49313ce271
format-code-task-001904,oracle:none,,,,/Users/petermakhnatch/Developer/eval-lab-results/2026-10-10/mimo-ref-fixes-sweep-javascript-typescript/receipts/format-code-task-001904.json,sha256:ff49aa0ba1986c4b2bb9a7b5fc61c3ce0fe79ccce40bee25a82c495072aaafb6
format-code-task-001905,oracle:none,,,,/Users/petermakhnatch/Developer/eval-lab-results/2026-10-10/mimo-ref-fixes-sweep-javascript-typescript/receipts/format-code-task-001905.json,sha256:6b0ac0a254bc14eb6cb9c3d8eccf9a16c26958b1240a2495b273ea7151883b48
format-code-task-001906,oracle:none,,,,/Users/petermakhnatch/Developer/eval-lab-results/2026-10-10/mimo-ref-fixes-sweep-javascript-typescript/receipts/format-code-task-001906.json,sha256:5e19a51e4c4e23369f27e7b5608186ed53c1fc00de627d1f94e6126ca130f5ee
format-code-task-001909,oracle:pass+nop:fail,9cf970dca05267a742d282b3777037c484eb96fa,,"S1: test-file touch; source relevance [], before-blob continuity ['src/tests/unit/tests/DetailsView/components/tab-info.test.tsx'], keyword score 6.5, distance 3.",/Users/petermakhnatch/Developer/eval-lab-results/2026-10-10/mimo-ref-fixes-sweep-javascript-typescript/receipts/format-code-task-001909.json,sha256:a9f98bd7f5d342a860f40248afa29eec3c162e60da474c09a5eb14a57e0a18dd
format-code-task-001915,oracle:fail,a54ed48b42cdc898e6444f643ac8fb97cdb498f2,,"S1: test-file touch; source relevance [], before-blob continuity ['tests/playwright-test/esm.spec.ts', 'tests/playwright-test/resolver.spec.ts'], keyword score 1.458, distance 1.",/Users/petermakhnatch/Developer/eval-lab-results/2026-10-10/mimo-ref-fixes-sweep-javascript-typescript/receipts/format-code-task-001915.json,sha256:e0bef1cb0a2b48713dcdbca31f6409b5bd2fd704c4565e9c9c3402c13442fd8f
format-code-task-001917,oracle:pass+nop:fail,2c7b46ab745dfb4a3248063b90e208b83a0ebf1f,,"S1: test-file touch; source relevance [], before-blob continuity ['test/android/gradle-wrapper.test.ts'], keyword score 3.3, distance 2.",/Users/petermakhnatch/Developer/eval-lab-results/2026-10-10/mimo-ref-fixes-sweep-javascript-typescript/receipts/format-code-task-001917.json,sha256:24bdef349bcf3a06c931cb93d97f3774440924dc08f1732416dd4c3d3cc62eaa
format-code-task-001919,oracle:fail,0986f3ec5d2348468cf953838f3b3a4cb821906f,08feb82a85b9a3716354ae41c827f08f2c08721b,"S2b: 25 introducing commit(s) across divergent history; base..08feb82a diff on feature files ['src/lib/mapper.js', 'src/lib/mapping.js']. CAVEAT: carries all base..tip evolution of those files, possibly including unrelated refactors.",/Users/petermakhnatch/Developer/eval-lab-results/2026-10-10/mimo-ref-fixes-sweep-javascript-typescript/receipts/format-code-task-001919.json,sha256:6e8e21d2ff6df8a6e69066cf267e7d83ca1ad450f33cc0dba8f612e6c47f5b5a
format-code-task-001931,oracle:pass+nop:fail,48284844a461e6113bb9911cdcdad7ab8a3d85de,,"S1: test-file touch; source relevance [], before-blob continuity ['test/compress/issue-208.js'], keyword score 2.5, distance 4.",/Users/petermakhnatch/Developer/eval-lab-results/2026-10-10/mimo-ref-fixes-sweep-javascript-typescript/receipts/format-code-task-001931.json,sha256:da60d509bb12c0d1cf5c44c5ee17c8948627ef5b3e3c88905f04dd3fad2430a1
format-code-task-001932,oracle:pass+nop:fail,931ac666382081a80267ab01ecfa5712162d5837,,"S1: test-file touch; source relevance [], before-blob continuity ['test/compress/hoist_props.js'], keyword score 0, distance 2.",/Users/petermakhnatch/Developer/eval-lab-results/2026-10-10/mimo-ref-fixes-sweep-javascript-typescript/receipts/format-code-task-001932.json,sha256:25c065395597f307e556b2726b007a9f2bd8789c288814384d558b4bae778a75
format-code-task-001933,oracle:pass+nop:fail,b9d5bba5fb8e70c10f25f56ff6e7228739461cfb,,"S1: test-file touch; source relevance [], before-blob continuity ['test/compress/classes.js'], keyword score 1.603, distance 1.",/Users/petermakhnatch/Developer/eval-lab-results/2026-10-10/mimo-ref-fixes-sweep-javascript-typescript/receipts/format-code-task-001933.json,sha256:c77a8fe941fdf0d32330e898aa9783b12627a5f565e5164a2a8af26673d8d3a5
format-code-task-001934,oracle:pass+nop:fail,2340feff875eb4b32e95abfe7526dede72ba2253,,"S1: test-file touch; source relevance [], before-blob continuity ['test/compress/default-values.js'], keyword score 1.5, distance 1.",/Users/petermakhnatch/Developer/eval-lab-results/2026-10-10/mimo-ref-fixes-sweep-javascript-typescript/receipts/format-code-task-001934.json,sha256:fa3fb9c4649e302e5bf6c94c9e134e60c6ca115f83bc7ebe58cbc68a2ef7f322
format-code-task-001938,oracle:fail,c6f2f709bcf8b891bc6fedab369468b485effbf4,a095665834fc1ba077fea720dac6853dc05bdae7,"S2b: 8 introducing commit(s) across divergent history; base..a0956658 diff on feature files ['modules/expect.js']. CAVEAT: carries all base..tip evolution of those files, possibly including unrelated refactors.",/Users/petermakhnatch/Developer/eval-lab-results/2026-10-10/mimo-ref-fixes-sweep-javascript-typescript/receipts/format-code-task-001938.json,sha256:161058a1c260acd4d8888ad387faee3641a4e684ceaa11c2fe8a14fcf00a8317
format-code-task-001939,oracle:fail,54fc8d628239aad2e36ccaad1ca29732b561d002,6c01d35af5da14108b86bbf052232e99de7ca755,"S2b: 17 introducing commit(s) across divergent history; base..6c01d35a diff on feature files ['.github/workflows/mjml-workflow.yml', 'packages/mjml-accordion/src/Accordion.js', 'packages/mjml-accordion/src/AccordionElement.js', 'packages/mjml-accordion/src/AccordionText.js', 'packages/mjml-accordion/src/AccordionTitle.js', 'packages/mjml-body/src/index.js', 'packages/mjml-button/src/index.js', 'packages/mjml-carousel/src/Carousel.js', 'packages/mjml-carousel/src/CarouselImage.js', 'packages/mjml-column/src/index.js', 'packages/mjml-core/src/createComponent.js', 'packages/mjml-core/src/helpers/conditionalTag.js', 'packages/mjml-core/src/helpers/fonts.js', 'packages/mjml-core/src/helpers/mediaQueries.js', 'packages/mjml-core/src/helpers/mergeOutlookConditionnals.js', 'packages/mjml-core/src/helpers/skeleton.js', 'packages/mjml-core/src/helpers/styles.js', 'packages/mjml-core/src/index.js', 'packages/mjml-divider/src/index.js', 'packages/mjml-group/src/index.js', 'packages/mjml-head-preview/src/index.js', 'packages/mjml-hero/src/index.js', 'packages/mjml-image/src/index.js', 'packages/mjml-navbar/src/Navbar.js', 'packages/mjml-navbar/src/NavbarLink.js', 'packages/mjml-section/src/index.js', 'packages/mjml-social/src/Social.js', 'packages/mjml-social/src/SocialElement.js', 'packages/mjml-table/src/index.js', 'packages/mjml-text/src/index.js', 'packages/mjml-validator/src/MJMLRulesCollection.js', 'packages/mjml-validator/src/index.js', 'packages/mjml-validator/src/rules/requiredTitle.js', 'packages/mjml-validator/src/rules/validTag.js', 'packages/mjml-wrapper/src/index.js']. CAVEAT: carries all base..tip evolution of those files, possibly including unrelated refactors.",/Users/petermakhnatch/Developer/eval-lab-results/2026-10-10/mimo-ref-fixes-sweep-javascript-typescript/receipts/format-code-task-001939.json,sha256:00aa8312c751a4f0b2d2ce55331262ca258fcf0d62db0da6fee1877d0ee2f77a
format-code-task-001952,oracle:fail,3cdb4bd744ec6180550510523c0757e740cc6afc,24e8861a88f843d57cdb637a5ae3afd0e528c5f3,"S2b: 4 introducing commit(s) across divergent history; base..24e8861a diff on feature files ['client/src/utils/schemaUtils.ts']. CAVEAT: carries all base..tip evolution of those files, possibly including unrelated refactors.",/Users/petermakhnatch/Developer/eval-lab-results/2026-10-10/mimo-ref-fixes-sweep-javascript-typescript/receipts/format-code-task-001952.json,sha256:d856956720543c057254b87b842325478c0c406939b4f2118bde9a5a73615f0d
