2026-03-14 02:00:02.333 edge /healthz status=200 upstream=B rt_ms=22 bytes=29594
2026-03-14 02:00:02.339 edge /api/events status=500 upstream=B rt_ms=160 bytes=20259
2026-03-14 02:00:02.453 edge / status=500 upstream=B rt_ms=197 bytes=18352
2026-03-14 02:00:03.912 edge /api/events status=200 upstream=B rt_ms=150 bytes=38141
2026-03-14 02:00:04.307 edge / status=200 upstream=B rt_ms=396 bytes=23197
2026-03-14 02:00:06.048 edge /healthz status=200 upstream=B rt_ms=217 bytes=36128
2026-03-14 02:00:08.531 edge /static/style.css status=200 upstream=B rt_ms=397 bytes=13377
2026-03-14 02:00:08.611 edge /api/orders status=200 upstream=B rt_ms=313 bytes=5816
2026-03-14 02:00:09.312 edge /static/style.css status=200 upstream=B rt_ms=160 bytes=39355
2026-03-14 02:00:10.884 edge / status=200 upstream=B rt_ms=351 bytes=15080
2026-03-14 02:00:11.258 edge /api/events status=200 upstream=B rt_ms=355 bytes=623
2026-03-14 02:00:13.458 edge /api/events status=200 upstream=B rt_ms=190 bytes=12393
2026-03-14 02:00:15.017 edge /static/style.css status=200 upstream=B rt_ms=346 bytes=12145
2026-03-14 02:00:16.536 edge /api/orders status=200 upstream=B rt_ms=226 bytes=14644
2026-03-14 02:00:16.765 edge /api/orders status=200 upstream=B rt_ms=40 bytes=4831
2026-03-14 02:00:17.015 edge / status=200 upstream=B rt_ms=138 bytes=35480
2026-03-14 02:00:17.941 edge /api/events status=200 upstream=B rt_ms=155 bytes=9620
2026-03-14 02:00:20.531 edge / status=200 upstream=B rt_ms=145 bytes=2328
2026-03-14 02:00:23.289 edge /api/events status=404 upstream=B rt_ms=8 bytes=41261
2026-03-14 02:00:25.117 edge /api/orders status=404 upstream=B rt_ms=334 bytes=1532
2026-03-14 02:00:25.295 edge /healthz status=200 upstream=B rt_ms=388 bytes=23723
2026-03-14 02:00:25.565 edge /api/orders status=200 upstream=B rt_ms=256 bytes=16094
2026-03-14 02:00:25.764 edge /api/orders status=200 upstream=B rt_ms=32 bytes=2733
2026-03-14 02:00:26.794 edge /static/style.css status=200 upstream=B rt_ms=171 bytes=1002
2026-03-14 02:00:26.840 edge / status=200 upstream=B rt_ms=362 bytes=32721
2026-03-14 02:00:26.926 edge /healthz status=404 upstream=B rt_ms=107 bytes=3981
2026-03-14 02:00:27.772 edge /api/orders status=200 upstream=B rt_ms=269 bytes=32770
2026-03-14 02:00:29.479 edge /api/orders status=200 upstream=B rt_ms=146 bytes=25283
2026-03-14 02:00:30.867 edge / status=200 upstream=B rt_ms=112 bytes=40637
2026-03-14 02:00:31.982 edge /api/events status=200 upstream=B rt_ms=150 bytes=31531
2026-03-14 02:00:33.077 edge / status=200 upstream=B rt_ms=12 bytes=9727
2026-03-14 02:00:34.806 edge /static/style.css status=200 upstream=B rt_ms=314 bytes=18485
2026-03-14 02:00:35.865 edge /api/events status=200 upstream=B rt_ms=88 bytes=31697
2026-03-14 02:00:35.983 edge /api/events status=200 upstream=B rt_ms=4 bytes=30291
2026-03-14 02:00:37.386 edge / status=404 upstream=B rt_ms=350 bytes=6544
2026-03-14 02:00:38.021 edge / status=200 upstream=B rt_ms=233 bytes=4969
2026-03-14 02:00:38.304 edge /api/orders status=500 upstream=B rt_ms=345 bytes=14390
2026-03-14 02:00:39.415 edge /api/events status=200 upstream=B rt_ms=154 bytes=32635
2026-03-14 02:00:42.224 edge / status=200 upstream=B rt_ms=357 bytes=34127
2026-03-14 02:00:44.127 edge /static/style.css status=200 upstream=B rt_ms=106 bytes=35681
2026-03-14 02:00:44.718 edge /static/style.css status=200 upstream=B rt_ms=273 bytes=35358
2026-03-14 02:00:45.412 edge /api/events status=200 upstream=B rt_ms=263 bytes=28144
2026-03-14 02:00:45.674 edge /static/style.css status=200 upstream=B rt_ms=61 bytes=10334
2026-03-14 02:00:47.046 edge / status=200 upstream=B rt_ms=374 bytes=36113
2026-03-14 02:00:47.604 edge /static/style.css status=200 upstream=B rt_ms=397 bytes=5359
2026-03-14 02:00:49.997 edge /api/orders status=200 upstream=B rt_ms=387 bytes=25458
2026-03-14 02:00:53.719 edge /static/style.css status=200 upstream=B rt_ms=77 bytes=15955
2026-03-14 02:00:53.988 edge /healthz status=200 upstream=B rt_ms=191 bytes=11353
2026-03-14 02:00:54.355 edge /static/style.css status=200 upstream=B rt_ms=135 bytes=10817
2026-03-14 02:00:55.272 edge /api/orders status=200 upstream=B rt_ms=41 bytes=22426
2026-03-14 02:00:56.350 edge /api/orders status=200 upstream=B rt_ms=191 bytes=2556
2026-03-14 02:00:57.500 edge / status=200 upstream=B rt_ms=270 bytes=10211
2026-03-14 02:00:59.217 edge /api/orders status=200 upstream=B rt_ms=324 bytes=25225
2026-03-14 02:01:00.735 edge / status=200 upstream=B rt_ms=20 bytes=41650
2026-03-14 02:01:01.161 edge /static/style.css status=200 upstream=B rt_ms=327 bytes=28981
2026-03-14 02:01:04.022 edge /healthz status=200 upstream=B rt_ms=119 bytes=21861
2026-03-14 02:01:04.871 edge / status=200 upstream=B rt_ms=259 bytes=7241
2026-03-14 02:01:05.205 edge /api/events status=200 upstream=B rt_ms=312 bytes=24990
2026-03-14 02:01:08.018 edge /healthz status=404 upstream=B rt_ms=102 bytes=4330
2026-03-14 02:01:08.685 edge /healthz status=404 upstream=B rt_ms=309 bytes=37406
2026-03-14 02:01:11.000 edge /healthz status=200 upstream=B rt_ms=126 bytes=37780
2026-03-14 02:01:11.360 edge / status=200 upstream=B rt_ms=170 bytes=28507
2026-03-14 02:01:11.713 edge /api/events status=200 upstream=B rt_ms=376 bytes=33728
2026-03-14 02:01:17.723 edge /healthz status=200 upstream=B rt_ms=41 bytes=21393
2026-03-14 02:01:17.942 edge /api/events status=404 upstream=B rt_ms=263 bytes=11598
2026-03-14 02:01:17.986 edge /healthz status=200 upstream=B rt_ms=240 bytes=2640
2026-03-14 02:01:18.531 edge /static/style.css status=200 upstream=B rt_ms=382 bytes=35765
2026-03-14 02:01:20.074 edge /api/events status=200 upstream=B rt_ms=300 bytes=25315
2026-03-14 02:01:24.016 edge /healthz status=200 upstream=B rt_ms=54 bytes=20468
2026-03-14 02:01:27.340 edge / status=404 upstream=B rt_ms=249 bytes=26027
2026-03-14 02:01:28.454 edge /healthz status=200 upstream=B rt_ms=386 bytes=30890
2026-03-14 02:01:29.657 edge /healthz status=200 upstream=B rt_ms=232 bytes=29573
2026-03-14 02:01:31.681 edge /static/style.css status=200 upstream=B rt_ms=141 bytes=17093
2026-03-14 02:01:32.039 edge /healthz status=200 upstream=B rt_ms=88 bytes=975
2026-03-14 02:01:32.087 edge / status=200 upstream=B rt_ms=247 bytes=9932
2026-03-14 02:01:32.671 edge /api/events status=200 upstream=B rt_ms=385 bytes=18276
2026-03-14 02:01:33.317 edge /static/style.css status=200 upstream=B rt_ms=273 bytes=3675
2026-03-14 02:01:34.125 edge / status=404 upstream=B rt_ms=165 bytes=8628
2026-03-14 02:01:34.375 edge /api/orders status=200 upstream=B rt_ms=269 bytes=24709
2026-03-14 02:01:34.676 edge /api/events status=200 upstream=B rt_ms=179 bytes=40277
2026-03-14 02:01:35.696 edge /static/style.css status=200 upstream=B rt_ms=310 bytes=21883
2026-03-14 02:01:36.125 edge / status=200 upstream=B rt_ms=290 bytes=23810
2026-03-14 02:01:36.432 edge / status=200 upstream=B rt_ms=147 bytes=14023
2026-03-14 02:01:37.350 edge /healthz status=404 upstream=B rt_ms=194 bytes=36160
2026-03-14 02:01:37.528 edge / status=200 upstream=B rt_ms=233 bytes=37864
2026-03-14 02:01:38.938 edge /api/events status=200 upstream=B rt_ms=147 bytes=33145
2026-03-14 02:01:40.270 edge /api/orders status=200 upstream=B rt_ms=249 bytes=34847
2026-03-14 02:01:42.049 edge /static/style.css status=200 upstream=B rt_ms=263 bytes=1248
2026-03-14 02:01:42.139 edge /api/events status=200 upstream=B rt_ms=136 bytes=30958
2026-03-14 02:01:42.204 edge /static/style.css status=200 upstream=B rt_ms=323 bytes=21420
2026-03-14 02:01:42.303 edge / status=200 upstream=B rt_ms=241 bytes=12891
2026-03-14 02:01:43.176 edge /healthz status=200 upstream=B rt_ms=31 bytes=37303
2026-03-14 02:01:43.265 edge / status=200 upstream=B rt_ms=375 bytes=10474
2026-03-14 02:01:44.198 edge /api/events status=200 upstream=B rt_ms=229 bytes=8912
2026-03-14 02:01:45.702 edge /static/style.css status=200 upstream=B rt_ms=159 bytes=6903
2026-03-14 02:01:48.184 edge /static/style.css status=200 upstream=B rt_ms=3 bytes=5579
2026-03-14 02:01:52.113 edge / status=200 upstream=B rt_ms=172 bytes=32928
2026-03-14 02:01:52.508 edge /api/orders status=200 upstream=B rt_ms=210 bytes=4504
2026-03-14 02:01:52.940 edge /api/orders status=200 upstream=B rt_ms=239 bytes=31917
2026-03-14 02:01:55.933 edge /api/events status=200 upstream=B rt_ms=190 bytes=2863
2026-03-14 02:01:57.484 edge /static/style.css status=200 upstream=B rt_ms=19 bytes=4347
2026-03-14 02:01:58.156 edge / status=200 upstream=B rt_ms=260 bytes=31072
2026-03-14 02:01:58.328 edge /api/events status=200 upstream=B rt_ms=371 bytes=37030
2026-03-14 02:01:59.205 edge /api/events status=404 upstream=B rt_ms=138 bytes=40301
2026-03-14 02:02:00.134 edge /api/events status=200 upstream=B rt_ms=310 bytes=5477
2026-03-14 02:02:00.344 edge /healthz status=500 upstream=B rt_ms=307 bytes=918
2026-03-14 02:02:00.522 edge /api/orders status=200 upstream=B rt_ms=156 bytes=17967
2026-03-14 02:02:01.054 edge / status=200 upstream=B rt_ms=349 bytes=20252
2026-03-14 02:02:01.761 edge /api/orders status=200 upstream=B rt_ms=287 bytes=4868
2026-03-14 02:02:02.684 edge /api/orders status=200 upstream=B rt_ms=90 bytes=1881
2026-03-14 02:02:03.758 edge / status=200 upstream=B rt_ms=176 bytes=21852
2026-03-14 02:02:04.399 edge /api/events status=404 upstream=B rt_ms=230 bytes=4971
2026-03-14 02:02:04.585 edge /api/events status=200 upstream=B rt_ms=9 bytes=6975
2026-03-14 02:02:05.753 edge / status=200 upstream=B rt_ms=308 bytes=20383
2026-03-14 02:02:05.787 edge /api/events status=200 upstream=B rt_ms=281 bytes=39676
2026-03-14 02:02:05.988 edge /api/events status=200 upstream=B rt_ms=18 bytes=5566
2026-03-14 02:02:06.017 edge /static/style.css status=200 upstream=B rt_ms=123 bytes=37154
2026-03-14 02:02:06.707 edge / status=200 upstream=B rt_ms=340 bytes=40086
2026-03-14 02:02:07.185 edge /static/style.css status=200 upstream=B rt_ms=382 bytes=41627
2026-03-14 02:02:07.318 edge /api/orders status=200 upstream=B rt_ms=317 bytes=36012
2026-03-14 02:02:09.085 edge / status=404 upstream=B rt_ms=262 bytes=3792
2026-03-14 02:02:09.175 edge /static/style.css status=200 upstream=B rt_ms=313 bytes=35468
2026-03-14 02:02:10.571 edge /api/events status=200 upstream=B rt_ms=362 bytes=2713
2026-03-14 02:02:11.965 edge /api/orders status=200 upstream=B rt_ms=169 bytes=12540
2026-03-14 02:02:12.114 edge /static/style.css status=200 upstream=B rt_ms=363 bytes=8386
2026-03-14 02:02:14.202 edge / status=200 upstream=B rt_ms=182 bytes=27237
2026-03-14 02:02:14.527 edge /api/events status=200 upstream=B rt_ms=275 bytes=2188
2026-03-14 02:02:16.160 edge /static/style.css status=200 upstream=B rt_ms=380 bytes=24171
2026-03-14 02:02:17.680 edge /static/style.css status=200 upstream=B rt_ms=395 bytes=19415
2026-03-14 02:02:20.976 edge /api/events status=200 upstream=B rt_ms=226 bytes=33790
2026-03-14 02:02:21.879 edge /healthz status=200 upstream=B rt_ms=15 bytes=40933
2026-03-14 02:02:24.586 edge / status=200 upstream=B rt_ms=279 bytes=22367
2026-03-14 02:02:24.714 edge / status=200 upstream=B rt_ms=16 bytes=1334
2026-03-14 02:02:25.784 edge /healthz status=200 upstream=B rt_ms=355 bytes=37487
2026-03-14 02:02:26.418 edge /static/style.css status=200 upstream=B rt_ms=104 bytes=39726
2026-03-14 02:02:26.748 edge / status=200 upstream=B rt_ms=55 bytes=38174
2026-03-14 02:02:26.983 edge /api/orders status=200 upstream=B rt_ms=57 bytes=11402
2026-03-14 02:02:27.876 edge /static/style.css status=200 upstream=B rt_ms=208 bytes=32052
2026-03-14 02:02:28.059 edge /static/style.css status=200 upstream=B rt_ms=99 bytes=33936
2026-03-14 02:02:28.946 edge /api/orders status=200 upstream=B rt_ms=373 bytes=6862
2026-03-14 02:02:30.903 edge /api/events status=200 upstream=B rt_ms=91 bytes=19961
2026-03-14 02:02:32.288 edge /static/style.css status=200 upstream=B rt_ms=15 bytes=36907
2026-03-14 02:02:33.413 edge /static/style.css status=200 upstream=B rt_ms=223 bytes=33751
2026-03-14 02:02:33.668 edge /api/events status=200 upstream=B rt_ms=154 bytes=25035
2026-03-14 02:02:34.401 edge /api/events status=200 upstream=B rt_ms=186 bytes=33484
2026-03-14 02:02:34.677 edge /api/orders status=200 upstream=B rt_ms=253 bytes=3824
2026-03-14 02:02:35.129 edge /static/style.css status=200 upstream=B rt_ms=258 bytes=25430
2026-03-14 02:02:35.996 edge / status=200 upstream=B rt_ms=371 bytes=11449
2026-03-14 02:02:36.114 edge / status=200 upstream=B rt_ms=209 bytes=9823
2026-03-14 02:02:36.319 edge / status=200 upstream=B rt_ms=352 bytes=26515
2026-03-14 02:02:36.860 edge /healthz status=200 upstream=B rt_ms=241 bytes=21889
2026-03-14 02:02:36.898 edge /static/style.css status=200 upstream=B rt_ms=275 bytes=30175
2026-03-14 02:02:42.905 edge /static/style.css status=200 upstream=B rt_ms=302 bytes=1886
2026-03-14 02:02:43.487 edge /static/style.css status=200 upstream=B rt_ms=24 bytes=19444
2026-03-14 02:02:45.005 edge /api/events status=200 upstream=B rt_ms=53 bytes=29462
2026-03-14 02:02:45.867 edge /healthz status=200 upstream=B rt_ms=210 bytes=22705
2026-03-14 02:02:46.322 edge /static/style.css status=200 upstream=B rt_ms=184 bytes=11413
2026-03-14 02:02:46.920 edge /healthz status=200 upstream=B rt_ms=165 bytes=36492
2026-03-14 02:02:48.420 edge /api/orders status=200 upstream=B rt_ms=326 bytes=18216
2026-03-14 02:02:48.897 edge /static/style.css status=200 upstream=B rt_ms=136 bytes=3146
2026-03-14 02:02:49.909 edge / status=200 upstream=B rt_ms=348 bytes=38068
2026-03-14 02:02:50.165 edge /healthz status=200 upstream=B rt_ms=102 bytes=34097
2026-03-14 02:02:50.482 edge /healthz status=200 upstream=B rt_ms=64 bytes=4886
2026-03-14 02:02:51.857 edge /api/orders status=200 upstream=B rt_ms=364 bytes=12492
2026-03-14 02:02:53.752 edge /api/orders status=200 upstream=B rt_ms=360 bytes=38566
2026-03-14 02:02:53.899 edge /static/style.css status=200 upstream=B rt_ms=21 bytes=10642
2026-03-14 02:02:54.660 edge /static/style.css status=200 upstream=B rt_ms=189 bytes=2531
2026-03-14 02:02:55.583 edge /static/style.css status=200 upstream=B rt_ms=377 bytes=3937
2026-03-14 02:02:55.940 edge /api/events status=200 upstream=B rt_ms=96 bytes=15100
2026-03-14 02:02:56.269 edge / status=200 upstream=B rt_ms=70 bytes=14185
2026-03-14 02:02:58.590 edge / status=200 upstream=B rt_ms=20 bytes=38337
2026-03-14 02:02:58.937 edge /static/style.css status=200 upstream=B rt_ms=109 bytes=38019
2026-03-14 02:02:59.295 edge / status=200 upstream=B rt_ms=291 bytes=31642
2026-03-14 02:02:59.987 edge /api/events status=200 upstream=B rt_ms=236 bytes=34665
2026-03-14 02:03:00.955 edge /api/orders status=200 upstream=B rt_ms=43 bytes=18720
2026-03-14 02:03:01.189 edge /api/events status=200 upstream=B rt_ms=289 bytes=4680
2026-03-14 02:03:01.672 edge /static/style.css status=200 upstream=B rt_ms=41 bytes=18189
2026-03-14 02:03:02.520 edge /static/style.css status=200 upstream=B rt_ms=290 bytes=16620
2026-03-14 02:03:02.612 edge /api/orders status=200 upstream=B rt_ms=364 bytes=28810
2026-03-14 02:03:03.197 edge /healthz status=200 upstream=B rt_ms=223 bytes=3287
2026-03-14 02:03:04.060 edge /healthz status=200 upstream=B rt_ms=328 bytes=30820
2026-03-14 02:03:04.141 edge /api/events status=200 upstream=B rt_ms=29 bytes=17880
2026-03-14 02:03:04.708 edge /healthz status=200 upstream=B rt_ms=58 bytes=18951
2026-03-14 02:03:05.046 edge /api/orders status=200 upstream=B rt_ms=264 bytes=34455
2026-03-14 02:03:05.956 edge / status=200 upstream=B rt_ms=367 bytes=29212
2026-03-14 02:03:07.602 edge /healthz status=200 upstream=B rt_ms=243 bytes=9875
2026-03-14 02:03:08.771 edge /api/events status=200 upstream=B rt_ms=394 bytes=24804
2026-03-14 02:03:08.981 edge / status=200 upstream=B rt_ms=358 bytes=13439
2026-03-14 02:03:10.020 edge /healthz status=200 upstream=B rt_ms=293 bytes=27703
2026-03-14 02:03:10.596 edge / status=200 upstream=B rt_ms=399 bytes=19925
2026-03-14 02:03:11.503 edge /healthz status=200 upstream=B rt_ms=46 bytes=4428
2026-03-14 02:03:11.546 edge /api/events status=200 upstream=B rt_ms=299 bytes=38459
2026-03-14 02:03:12.568 edge /static/style.css status=200 upstream=B rt_ms=371 bytes=8430
2026-03-14 02:03:14.969 edge /static/style.css status=200 upstream=B rt_ms=280 bytes=3645
2026-03-14 02:03:16.076 edge / status=200 upstream=B rt_ms=53 bytes=7641
2026-03-14 02:03:16.617 edge /api/orders status=200 upstream=B rt_ms=346 bytes=11667
2026-03-14 02:03:21.461 edge /static/style.css status=200 upstream=B rt_ms=242 bytes=35921
2026-03-14 02:03:21.482 edge / status=200 upstream=B rt_ms=357 bytes=23361
2026-03-14 02:03:22.426 edge /api/events status=200 upstream=B rt_ms=97 bytes=17145
2026-03-14 02:03:22.813 edge /api/orders status=200 upstream=B rt_ms=339 bytes=12673
2026-03-14 02:03:22.878 edge / status=200 upstream=B rt_ms=368 bytes=39180
2026-03-14 02:03:23.165 edge /healthz status=200 upstream=B rt_ms=52 bytes=13967
2026-03-14 02:03:24.946 edge / status=200 upstream=B rt_ms=199 bytes=41133
2026-03-14 02:03:25.627 edge /static/style.css status=200 upstream=B rt_ms=167 bytes=20306
2026-03-14 02:03:25.649 edge /healthz status=200 upstream=B rt_ms=73 bytes=36431
2026-03-14 02:03:26.374 edge /healthz status=200 upstream=B rt_ms=179 bytes=7345
2026-03-14 02:03:26.514 edge /api/orders status=200 upstream=B rt_ms=248 bytes=26429
2026-03-14 02:03:26.717 edge /api/events status=200 upstream=B rt_ms=302 bytes=32734
2026-03-14 02:03:26.734 edge /healthz status=200 upstream=B rt_ms=142 bytes=1125
2026-03-14 02:03:26.904 edge /healthz status=200 upstream=B rt_ms=370 bytes=28073
2026-03-14 02:03:27.668 edge /static/style.css status=200 upstream=B rt_ms=212 bytes=5395
2026-03-14 02:03:28.365 edge / status=500 upstream=B rt_ms=2 bytes=19337
2026-03-14 02:03:28.403 edge /api/orders status=200 upstream=B rt_ms=68 bytes=32765
2026-03-14 02:03:30.216 edge /api/events status=200 upstream=B rt_ms=324 bytes=22457
2026-03-14 02:03:31.179 edge /api/events status=200 upstream=B rt_ms=169 bytes=9348
2026-03-14 02:03:32.550 edge / status=200 upstream=B rt_ms=388 bytes=26304
2026-03-14 02:03:32.916 edge /api/events status=500 upstream=B rt_ms=327 bytes=37254
2026-03-14 02:03:33.735 edge /healthz status=200 upstream=B rt_ms=54 bytes=41283
2026-03-14 02:03:35.356 edge / status=200 upstream=B rt_ms=330 bytes=37318
2026-03-14 02:03:35.452 edge / status=200 upstream=B rt_ms=291 bytes=31623
2026-03-14 02:03:35.941 edge /static/style.css status=200 upstream=B rt_ms=65 bytes=26057
2026-03-14 02:03:38.056 edge /static/style.css status=200 upstream=B rt_ms=323 bytes=15708
2026-03-14 02:03:39.096 edge /api/events status=200 upstream=B rt_ms=275 bytes=36632
2026-03-14 02:03:41.072 edge /healthz status=200 upstream=B rt_ms=47 bytes=4430
2026-03-14 02:03:41.203 edge / status=500 upstream=B rt_ms=5 bytes=1187
2026-03-14 02:03:41.273 edge /static/style.css status=200 upstream=B rt_ms=51 bytes=10199
2026-03-14 02:03:43.549 edge /healthz status=200 upstream=B rt_ms=247 bytes=31079
2026-03-14 02:03:44.883 edge / status=200 upstream=B rt_ms=48 bytes=29387
2026-03-14 02:03:44.940 edge /static/style.css status=200 upstream=B rt_ms=351 bytes=30366
2026-03-14 02:03:46.511 edge /api/events status=200 upstream=B rt_ms=371 bytes=30161
2026-03-14 02:03:46.833 edge /healthz status=200 upstream=B rt_ms=157 bytes=10103
2026-03-14 02:03:47.074 edge /static/style.css status=200 upstream=B rt_ms=203 bytes=9015
2026-03-14 02:03:50.893 edge / status=200 upstream=B rt_ms=289 bytes=14794
2026-03-14 02:03:51.324 edge /api/events status=200 upstream=B rt_ms=293 bytes=17380
2026-03-14 02:03:51.596 edge /api/orders status=200 upstream=B rt_ms=189 bytes=12698
2026-03-14 02:03:53.295 edge /static/style.css status=200 upstream=B rt_ms=268 bytes=9143
2026-03-14 02:03:54.294 edge /healthz status=200 upstream=B rt_ms=18 bytes=32618
2026-03-14 02:03:54.396 edge / status=200 upstream=B rt_ms=230 bytes=5469
2026-03-14 02:03:56.369 edge /static/style.css status=200 upstream=B rt_ms=187 bytes=23665
2026-03-14 02:04:00.220 edge / status=200 upstream=B rt_ms=36 bytes=15483
2026-03-14 02:04:01.012 edge /healthz status=200 upstream=B rt_ms=40 bytes=24374
2026-03-14 02:04:01.939 edge /api/orders status=200 upstream=B rt_ms=308 bytes=16838
2026-03-14 02:04:04.462 edge /static/style.css status=200 upstream=B rt_ms=14 bytes=38927
2026-03-14 02:04:05.269 edge / status=200 upstream=B rt_ms=277 bytes=32818
2026-03-14 02:04:05.595 edge /static/style.css status=200 upstream=B rt_ms=376 bytes=17618
2026-03-14 02:04:07.483 edge / status=200 upstream=B rt_ms=174 bytes=3420
2026-03-14 02:04:09.470 edge /api/events status=200 upstream=B rt_ms=234 bytes=15144
2026-03-14 02:04:11.287 edge /api/events status=200 upstream=B rt_ms=140 bytes=28402
2026-03-14 02:04:14.940 edge /healthz status=200 upstream=B rt_ms=119 bytes=35680
2026-03-14 02:04:15.958 edge /healthz status=200 upstream=B rt_ms=276 bytes=10791
2026-03-14 02:04:16.680 edge /static/style.css status=200 upstream=B rt_ms=370 bytes=3385
2026-03-14 02:04:16.723 edge /static/style.css status=200 upstream=B rt_ms=232 bytes=26826
2026-03-14 02:04:17.050 edge /healthz status=200 upstream=B rt_ms=110 bytes=6767
2026-03-14 02:04:17.094 edge /api/events status=404 upstream=B rt_ms=361 bytes=15470
2026-03-14 02:04:22.574 edge /static/style.css status=200 upstream=B rt_ms=85 bytes=17293
2026-03-14 02:04:24.680 edge /api/events status=200 upstream=B rt_ms=309 bytes=31826
2026-03-14 02:04:27.638 edge / status=200 upstream=B rt_ms=283 bytes=11728
2026-03-14 02:04:27.925 edge / status=500 upstream=B rt_ms=92 bytes=21507
2026-03-14 02:04:28.193 edge /api/events status=200 upstream=B rt_ms=263 bytes=21394
2026-03-14 02:04:29.170 edge /static/style.css status=200 upstream=B rt_ms=375 bytes=4580
2026-03-14 02:04:30.302 edge /static/style.css status=200 upstream=B rt_ms=292 bytes=8979
2026-03-14 02:04:34.974 edge /api/events status=200 upstream=B rt_ms=315 bytes=28549
2026-03-14 02:04:35.759 edge /api/events status=200 upstream=B rt_ms=163 bytes=11692
2026-03-14 02:04:38.981 edge /healthz status=200 upstream=B rt_ms=156 bytes=20258
2026-03-14 02:04:40.084 edge /api/events status=200 upstream=B rt_ms=377 bytes=21257
2026-03-14 02:04:40.571 edge /api/orders status=200 upstream=B rt_ms=376 bytes=5473
2026-03-14 02:04:41.555 edge /static/style.css status=200 upstream=B rt_ms=366 bytes=27779
2026-03-14 02:04:43.269 edge /static/style.css status=200 upstream=B rt_ms=157 bytes=15903
2026-03-14 02:04:47.250 edge /api/events status=200 upstream=B rt_ms=182 bytes=3096
2026-03-14 02:04:47.617 edge /static/style.css status=200 upstream=B rt_ms=75 bytes=418
2026-03-14 02:04:47.967 edge /static/style.css status=500 upstream=B rt_ms=58 bytes=7804
2026-03-14 02:04:48.716 edge /healthz status=200 upstream=B rt_ms=285 bytes=18974
2026-03-14 02:04:48.750 edge /healthz status=200 upstream=B rt_ms=5 bytes=11977
2026-03-14 02:04:52.627 edge /api/orders status=200 upstream=B rt_ms=292 bytes=5551
2026-03-14 02:04:52.893 edge /healthz status=200 upstream=B rt_ms=137 bytes=13351
2026-03-14 02:04:54.043 edge /healthz status=200 upstream=B rt_ms=141 bytes=38855
2026-03-14 02:04:54.581 edge /static/style.css status=200 upstream=B rt_ms=244 bytes=20041
2026-03-14 02:04:54.642 edge /static/style.css status=200 upstream=B rt_ms=69 bytes=4796
2026-03-14 02:04:56.511 edge / status=200 upstream=B rt_ms=354 bytes=26616
2026-03-14 02:04:59.325 edge /api/orders status=200 upstream=B rt_ms=118 bytes=12309
2026-03-14 02:05:01.014 edge /healthz status=200 upstream=B rt_ms=272 bytes=27113
2026-03-14 02:05:01.095 edge /static/style.css status=200 upstream=B rt_ms=296 bytes=25415
2026-03-14 02:05:03.150 edge /api/events status=200 upstream=B rt_ms=329 bytes=6075
2026-03-14 02:05:03.175 edge /static/style.css status=200 upstream=B rt_ms=337 bytes=37245
2026-03-14 02:05:04.293 edge /healthz status=200 upstream=B rt_ms=72 bytes=30329
2026-03-14 02:05:05.321 edge /healthz status=404 upstream=B rt_ms=301 bytes=19278
2026-03-14 02:05:05.588 edge /api/orders status=200 upstream=B rt_ms=145 bytes=20650
2026-03-14 02:05:07.087 edge /healthz status=200 upstream=B rt_ms=171 bytes=24934
2026-03-14 02:05:08.102 edge / status=200 upstream=B rt_ms=10 bytes=35777
2026-03-14 02:05:10.787 edge / status=200 upstream=B rt_ms=196 bytes=28749
2026-03-14 02:05:11.195 edge /static/style.css status=200 upstream=B rt_ms=168 bytes=15410
2026-03-14 02:05:12.201 edge /api/orders status=200 upstream=B rt_ms=97 bytes=13034
2026-03-14 02:05:13.455 edge /api/events status=200 upstream=B rt_ms=287 bytes=10876
2026-03-14 02:05:14.001 edge /static/style.css status=200 upstream=B rt_ms=348 bytes=40611
2026-03-14 02:05:14.704 edge / status=200 upstream=B rt_ms=3 bytes=35824
2026-03-14 02:05:14.972 edge /api/events status=200 upstream=B rt_ms=335 bytes=31575
2026-03-14 02:05:16.180 edge /api/orders status=200 upstream=B rt_ms=213 bytes=2997
2026-03-14 02:05:16.293 edge /healthz status=200 upstream=B rt_ms=291 bytes=27466
2026-03-14 02:05:16.758 edge / status=200 upstream=B rt_ms=336 bytes=7613
2026-03-14 02:05:17.214 edge /api/events status=200 upstream=B rt_ms=105 bytes=22446
2026-03-14 02:05:17.906 edge /api/orders status=200 upstream=B rt_ms=267 bytes=23203
2026-03-14 02:05:21.198 edge /static/style.css status=200 upstream=B rt_ms=192 bytes=32805
2026-03-14 02:05:22.735 edge /healthz status=200 upstream=B rt_ms=55 bytes=41579
2026-03-14 02:05:25.030 edge /healthz status=200 upstream=B rt_ms=148 bytes=7648
2026-03-14 02:05:25.457 edge /static/style.css status=200 upstream=B rt_ms=152 bytes=8152
2026-03-14 02:05:25.615 edge /api/orders status=200 upstream=B rt_ms=157 bytes=37754
2026-03-14 02:05:26.834 edge /api/orders status=200 upstream=B rt_ms=323 bytes=9923
2026-03-14 02:05:27.241 edge / status=200 upstream=B rt_ms=279 bytes=1555
2026-03-14 02:05:27.250 edge /static/style.css status=200 upstream=B rt_ms=52 bytes=785
2026-03-14 02:05:27.466 edge /static/style.css status=200 upstream=B rt_ms=87 bytes=11800
2026-03-14 02:05:30.067 edge /api/orders status=200 upstream=B rt_ms=339 bytes=949
2026-03-14 02:05:30.276 edge /api/orders status=200 upstream=B rt_ms=392 bytes=39340
2026-03-14 02:05:31.056 edge /api/orders status=200 upstream=B rt_ms=360 bytes=9378
2026-03-14 02:05:31.999 edge /api/orders status=200 upstream=B rt_ms=15 bytes=26710
2026-03-14 02:05:33.560 edge /healthz status=200 upstream=B rt_ms=362 bytes=5182
2026-03-14 02:05:35.959 edge /healthz status=200 upstream=B rt_ms=119 bytes=33348
2026-03-14 02:05:37.848 edge /static/style.css status=200 upstream=B rt_ms=13 bytes=30027
2026-03-14 02:05:39.554 edge / status=200 upstream=B rt_ms=80 bytes=26021
2026-03-14 02:05:39.657 edge / status=200 upstream=B rt_ms=255 bytes=40267
2026-03-14 02:05:44.234 edge /api/events status=200 upstream=B rt_ms=316 bytes=39312
2026-03-14 02:05:45.555 edge /api/orders status=500 upstream=B rt_ms=14 bytes=9507
2026-03-14 02:05:45.799 edge /static/style.css status=200 upstream=B rt_ms=218 bytes=16905
2026-03-14 02:05:46.696 edge /api/events status=200 upstream=B rt_ms=281 bytes=30686
2026-03-14 02:05:47.081 edge /api/orders status=500 upstream=B rt_ms=380 bytes=7085
2026-03-14 02:05:48.320 edge /api/orders status=200 upstream=B rt_ms=315 bytes=13014
2026-03-14 02:05:48.886 edge /static/style.css status=200 upstream=B rt_ms=59 bytes=10064
2026-03-14 02:05:49.742 edge /static/style.css status=200 upstream=B rt_ms=79 bytes=41885
2026-03-14 02:05:49.785 edge /api/events status=200 upstream=B rt_ms=366 bytes=27735
2026-03-14 02:05:52.994 edge /static/style.css status=200 upstream=B rt_ms=393 bytes=17609
2026-03-14 02:05:53.608 edge /api/events status=200 upstream=B rt_ms=36 bytes=17499
2026-03-14 02:05:56.233 edge /api/orders status=200 upstream=B rt_ms=393 bytes=5668
2026-03-14 02:05:56.357 edge /healthz status=200 upstream=B rt_ms=362 bytes=27296
2026-03-14 02:05:57.217 edge /api/events status=500 upstream=B rt_ms=57 bytes=40720
2026-03-14 02:05:57.400 edge /api/events status=200 upstream=B rt_ms=151 bytes=12615
2026-03-14 02:05:57.428 edge / status=200 upstream=B rt_ms=106 bytes=25689
2026-03-14 02:05:57.668 edge /api/events status=200 upstream=B rt_ms=284 bytes=7035
2026-03-14 02:05:57.722 edge /api/events status=200 upstream=B rt_ms=30 bytes=23857
2026-03-14 02:05:58.048 edge /static/style.css status=200 upstream=B rt_ms=158 bytes=23289
2026-03-14 02:05:58.690 edge /healthz status=200 upstream=B rt_ms=124 bytes=35206
2026-03-14 02:05:59.459 edge /healthz status=200 upstream=B rt_ms=396 bytes=38144
2026-03-14 02:06:00.899 edge / status=200 upstream=B rt_ms=125 bytes=36432
2026-03-14 02:06:01.935 edge / status=200 upstream=B rt_ms=287 bytes=32138
2026-03-14 02:06:01.940 edge / status=200 upstream=B rt_ms=281 bytes=2774
2026-03-14 02:06:02.616 edge /api/orders status=200 upstream=B rt_ms=59 bytes=31661
2026-03-14 02:06:04.168 edge /healthz status=200 upstream=B rt_ms=119 bytes=32934
2026-03-14 02:06:04.636 edge /static/style.css status=200 upstream=B rt_ms=273 bytes=28947
2026-03-14 02:06:05.455 edge /static/style.css status=200 upstream=B rt_ms=35 bytes=9639
2026-03-14 02:06:05.865 edge /healthz status=500 upstream=B rt_ms=74 bytes=39423
2026-03-14 02:06:05.887 edge /static/style.css status=200 upstream=B rt_ms=120 bytes=9391
2026-03-14 02:06:06.156 edge /static/style.css status=200 upstream=B rt_ms=24 bytes=40814
2026-03-14 02:06:08.014 edge / status=200 upstream=B rt_ms=24 bytes=27860
2026-03-14 02:06:09.367 edge /api/orders status=200 upstream=B rt_ms=279 bytes=18367
2026-03-14 02:06:10.321 edge /api/events status=200 upstream=B rt_ms=37 bytes=32514
2026-03-14 02:06:11.426 edge /static/style.css status=200 upstream=B rt_ms=222 bytes=32499
2026-03-14 02:06:13.501 edge /static/style.css status=200 upstream=B rt_ms=311 bytes=19247
2026-03-14 02:06:14.409 edge / status=200 upstream=B rt_ms=297 bytes=31156
2026-03-14 02:06:15.517 edge /api/events status=200 upstream=B rt_ms=332 bytes=10579
2026-03-14 02:06:16.290 edge /static/style.css status=200 upstream=B rt_ms=14 bytes=33438
2026-03-14 02:06:17.690 edge /healthz status=404 upstream=B rt_ms=17 bytes=39455
2026-03-14 02:06:18.771 edge /api/events status=200 upstream=B rt_ms=309 bytes=16322
2026-03-14 02:06:18.989 edge /healthz status=200 upstream=B rt_ms=278 bytes=34226
2026-03-14 02:06:20.508 edge /static/style.css status=200 upstream=B rt_ms=147 bytes=17018
2026-03-14 02:06:21.983 edge /static/style.css status=200 upstream=B rt_ms=84 bytes=36250
2026-03-14 02:06:22.119 edge /static/style.css status=200 upstream=B rt_ms=66 bytes=41003
2026-03-14 02:06:22.362 edge /static/style.css status=200 upstream=B rt_ms=205 bytes=32342
2026-03-14 02:06:22.396 edge /healthz status=200 upstream=B rt_ms=27 bytes=28537
2026-03-14 02:06:24.546 edge /api/events status=200 upstream=B rt_ms=51 bytes=24390
2026-03-14 02:06:24.938 edge /api/orders status=200 upstream=B rt_ms=81 bytes=923
2026-03-14 02:06:25.357 edge /api/orders status=200 upstream=B rt_ms=79 bytes=27601
2026-03-14 02:06:26.985 edge /api/events status=200 upstream=B rt_ms=272 bytes=30535
2026-03-14 02:06:27.619 edge /api/events status=200 upstream=B rt_ms=310 bytes=3387
2026-03-14 02:06:28.371 edge /api/orders status=200 upstream=B rt_ms=362 bytes=17623
2026-03-14 02:06:28.434 edge /healthz status=404 upstream=B rt_ms=287 bytes=18975
2026-03-14 02:06:28.839 edge /static/style.css status=404 upstream=B rt_ms=234 bytes=24206
2026-03-14 02:06:30.245 edge /static/style.css status=200 upstream=B rt_ms=109 bytes=34821
2026-03-14 02:06:30.251 edge /static/style.css status=200 upstream=B rt_ms=31 bytes=38925
2026-03-14 02:06:31.438 edge /api/orders status=500 upstream=B rt_ms=178 bytes=30811
2026-03-14 02:06:31.529 edge /api/events status=200 upstream=B rt_ms=135 bytes=20820
2026-03-14 02:06:33.046 edge / status=200 upstream=B rt_ms=314 bytes=28825
2026-03-14 02:06:33.617 edge /api/orders status=200 upstream=B rt_ms=138 bytes=19365
2026-03-14 02:06:36.885 edge /healthz status=200 upstream=B rt_ms=274 bytes=12883
2026-03-14 02:06:38.843 edge / status=200 upstream=B rt_ms=123 bytes=7592
2026-03-14 02:06:39.395 edge / status=200 upstream=B rt_ms=308 bytes=12889
2026-03-14 02:06:40.151 edge /api/events status=200 upstream=B rt_ms=359 bytes=39053
2026-03-14 02:06:40.651 edge /api/events status=200 upstream=B rt_ms=187 bytes=4769
2026-03-14 02:06:41.200 edge /api/events status=200 upstream=B rt_ms=349 bytes=23968
2026-03-14 02:06:41.606 edge / status=404 upstream=B rt_ms=156 bytes=24801
2026-03-14 02:06:42.182 edge /api/events status=200 upstream=B rt_ms=4 bytes=16448
2026-03-14 02:06:44.034 edge /static/style.css status=200 upstream=B rt_ms=354 bytes=40094
2026-03-14 02:06:45.180 edge / status=404 upstream=B rt_ms=259 bytes=41246
2026-03-14 02:06:45.590 edge / status=200 upstream=B rt_ms=289 bytes=1602
2026-03-14 02:06:48.958 edge / status=200 upstream=B rt_ms=12 bytes=23413
2026-03-14 02:06:49.258 edge /static/style.css status=200 upstream=B rt_ms=347 bytes=31333
2026-03-14 02:06:50.500 edge /static/style.css status=200 upstream=B rt_ms=178 bytes=18807
2026-03-14 02:06:54.775 edge /static/style.css status=200 upstream=B rt_ms=320 bytes=15263
2026-03-14 02:06:54.942 edge /api/events status=200 upstream=B rt_ms=76 bytes=25045
2026-03-14 02:06:55.214 edge /static/style.css status=200 upstream=B rt_ms=194 bytes=29922
2026-03-14 02:06:55.567 edge /static/style.css status=200 upstream=B rt_ms=361 bytes=12540
2026-03-14 02:06:56.371 edge /api/events status=200 upstream=B rt_ms=282 bytes=14730
2026-03-14 02:06:56.594 edge /static/style.css status=200 upstream=B rt_ms=303 bytes=17605
2026-03-14 02:06:57.556 edge /healthz status=200 upstream=B rt_ms=152 bytes=25347
2026-03-14 02:06:57.845 edge / status=200 upstream=B rt_ms=233 bytes=5366
2026-03-14 02:06:58.455 edge /api/orders status=200 upstream=B rt_ms=263 bytes=8037
2026-03-14 02:06:58.518 edge /api/orders status=200 upstream=B rt_ms=232 bytes=16557
2026-03-14 02:06:58.881 edge /healthz status=200 upstream=B rt_ms=160 bytes=11428
2026-03-14 02:07:03.737 edge / status=200 upstream=B rt_ms=183 bytes=11272
2026-03-14 02:07:05.727 edge / status=200 upstream=B rt_ms=33 bytes=4368
2026-03-14 02:07:06.601 edge /static/style.css status=200 upstream=B rt_ms=282 bytes=23474
2026-03-14 02:07:06.739 edge /api/orders status=500 upstream=B rt_ms=257 bytes=41719
2026-03-14 02:07:07.984 edge /api/orders status=200 upstream=B rt_ms=25 bytes=23649
2026-03-14 02:07:08.705 edge / status=200 upstream=B rt_ms=48 bytes=1422
2026-03-14 02:07:09.359 edge /healthz status=200 upstream=B rt_ms=205 bytes=26565
2026-03-14 02:07:09.403 edge /api/events status=200 upstream=B rt_ms=70 bytes=17793
2026-03-14 02:07:09.886 edge /api/orders status=200 upstream=B rt_ms=31 bytes=6499
2026-03-14 02:07:10.103 edge /static/style.css status=500 upstream=B rt_ms=221 bytes=37906
2026-03-14 02:07:10.935 edge /healthz status=200 upstream=B rt_ms=155 bytes=40896
2026-03-14 02:07:11.271 edge / status=200 upstream=B rt_ms=385 bytes=23508
2026-03-14 02:07:11.768 edge /static/style.css status=404 upstream=B rt_ms=90 bytes=40693
2026-03-14 02:07:14.126 edge /healthz status=200 upstream=B rt_ms=285 bytes=21219
2026-03-14 02:07:14.535 edge /api/events status=200 upstream=B rt_ms=190 bytes=6153
2026-03-14 02:07:15.940 edge /api/events status=200 upstream=B rt_ms=212 bytes=14698
2026-03-14 02:07:18.480 edge /healthz status=200 upstream=B rt_ms=123 bytes=15014
2026-03-14 02:07:19.230 edge /api/orders status=200 upstream=B rt_ms=223 bytes=21701
2026-03-14 02:07:19.606 edge /api/events status=404 upstream=B rt_ms=260 bytes=28610
2026-03-14 02:07:21.166 edge /api/orders status=200 upstream=B rt_ms=50 bytes=16601
2026-03-14 02:07:22.215 edge /api/orders status=200 upstream=B rt_ms=286 bytes=26161
2026-03-14 02:07:24.672 edge /api/orders status=200 upstream=B rt_ms=326 bytes=10521
2026-03-14 02:07:25.582 edge /healthz status=200 upstream=B rt_ms=77 bytes=18230
2026-03-14 02:07:28.058 edge /healthz status=200 upstream=B rt_ms=270 bytes=24010
2026-03-14 02:07:29.058 edge /api/orders status=200 upstream=B rt_ms=174 bytes=28071
2026-03-14 02:07:30.027 edge /api/events status=200 upstream=B rt_ms=63 bytes=34010
2026-03-14 02:07:30.852 edge / status=200 upstream=B rt_ms=257 bytes=24902
2026-03-14 02:07:31.417 edge /api/orders status=200 upstream=B rt_ms=296 bytes=29086
2026-03-14 02:07:35.127 edge /static/style.css status=500 upstream=B rt_ms=397 bytes=32425
2026-03-14 02:07:35.453 edge /api/orders status=200 upstream=B rt_ms=347 bytes=3473
2026-03-14 02:07:37.894 edge / status=200 upstream=B rt_ms=290 bytes=35940
2026-03-14 02:07:38.143 edge /healthz status=200 upstream=B rt_ms=336 bytes=31629
2026-03-14 02:07:40.333 edge /healthz status=200 upstream=B rt_ms=102 bytes=17469
2026-03-14 02:07:41.383 edge / status=200 upstream=B rt_ms=60 bytes=11055
2026-03-14 02:07:42.937 edge / status=500 upstream=B rt_ms=294 bytes=14300
2026-03-14 02:07:44.279 edge /healthz status=200 upstream=B rt_ms=305 bytes=1618
2026-03-14 02:07:44.323 edge /static/style.css status=200 upstream=B rt_ms=35 bytes=11019
2026-03-14 02:07:44.453 edge /api/events status=200 upstream=B rt_ms=276 bytes=29036
2026-03-14 02:07:44.567 edge /api/events status=200 upstream=B rt_ms=183 bytes=27056
2026-03-14 02:07:44.658 edge /static/style.css status=200 upstream=B rt_ms=227 bytes=20636
2026-03-14 02:07:45.004 edge / status=200 upstream=B rt_ms=335 bytes=32401
2026-03-14 02:07:45.352 edge /api/orders status=200 upstream=B rt_ms=373 bytes=8597
2026-03-14 02:07:46.388 edge /api/events status=200 upstream=B rt_ms=300 bytes=14484
2026-03-14 02:07:47.033 edge /api/orders status=200 upstream=B rt_ms=38 bytes=39325
2026-03-14 02:07:48.396 edge /static/style.css status=200 upstream=B rt_ms=140 bytes=40215
2026-03-14 02:07:51.060 edge /api/orders status=200 upstream=B rt_ms=181 bytes=30956
2026-03-14 02:07:51.659 edge /api/orders status=200 upstream=B rt_ms=157 bytes=3549
2026-03-14 02:07:52.080 edge /healthz status=200 upstream=B rt_ms=332 bytes=10377
2026-03-14 02:07:52.660 edge /api/orders status=200 upstream=B rt_ms=59 bytes=38012
2026-03-14 02:07:53.896 edge / status=200 upstream=B rt_ms=350 bytes=30497
2026-03-14 02:07:54.338 edge / status=200 upstream=B rt_ms=282 bytes=31416
2026-03-14 02:07:55.587 edge /static/style.css status=200 upstream=B rt_ms=228 bytes=12548
2026-03-14 02:07:56.423 edge / status=200 upstream=B rt_ms=253 bytes=14090
2026-03-14 02:07:57.104 edge /api/events status=500 upstream=B rt_ms=202 bytes=6316
2026-03-14 02:08:00.203 edge /api/events status=200 upstream=B rt_ms=167 bytes=18285
2026-03-14 02:08:00.482 edge / status=200 upstream=B rt_ms=227 bytes=37164
2026-03-14 02:08:00.789 edge /api/orders status=200 upstream=B rt_ms=62 bytes=41204
2026-03-14 02:08:01.808 edge /api/events status=200 upstream=B rt_ms=178 bytes=35761
2026-03-14 02:08:03.011 edge / status=200 upstream=B rt_ms=333 bytes=36093
2026-03-14 02:08:03.220 edge /api/orders status=200 upstream=B rt_ms=46 bytes=19554
2026-03-14 02:08:03.849 edge /api/events status=200 upstream=B rt_ms=14 bytes=9472
2026-03-14 02:08:06.065 edge /static/style.css status=200 upstream=B rt_ms=9 bytes=23322
2026-03-14 02:08:07.502 edge /api/events status=404 upstream=B rt_ms=222 bytes=29055
2026-03-14 02:08:12.174 edge /api/events status=200 upstream=B rt_ms=324 bytes=2733
2026-03-14 02:08:13.483 edge /api/events status=200 upstream=B rt_ms=39 bytes=5747
2026-03-14 02:08:14.106 edge /api/events status=200 upstream=B rt_ms=166 bytes=635
2026-03-14 02:08:15.961 edge /api/orders status=200 upstream=B rt_ms=121 bytes=4587
2026-03-14 02:08:16.150 edge / status=404 upstream=B rt_ms=198 bytes=31827
2026-03-14 02:08:16.725 edge /healthz status=200 upstream=B rt_ms=54 bytes=32884
2026-03-14 02:08:17.893 edge /api/orders status=200 upstream=B rt_ms=80 bytes=25305
2026-03-14 02:08:18.859 edge / status=200 upstream=B rt_ms=288 bytes=4760
2026-03-14 02:08:21.378 edge /healthz status=200 upstream=B rt_ms=291 bytes=15479
2026-03-14 02:08:22.875 edge /api/orders status=500 upstream=B rt_ms=224 bytes=15227
2026-03-14 02:08:23.320 edge /healthz status=200 upstream=B rt_ms=32 bytes=35109
2026-03-14 02:08:24.627 edge /static/style.css status=200 upstream=B rt_ms=264 bytes=14744
2026-03-14 02:08:27.162 edge /static/style.css status=200 upstream=B rt_ms=116 bytes=20844
2026-03-14 02:08:28.430 edge /healthz status=200 upstream=B rt_ms=144 bytes=31280
2026-03-14 02:08:28.485 edge /api/orders status=200 upstream=B rt_ms=276 bytes=15345
2026-03-14 02:08:28.603 edge / status=200 upstream=B rt_ms=20 bytes=37168
2026-03-14 02:08:30.915 edge /healthz status=200 upstream=B rt_ms=356 bytes=40609
2026-03-14 02:08:32.189 edge /static/style.css status=200 upstream=B rt_ms=378 bytes=8320
2026-03-14 02:08:37.109 edge /healthz status=200 upstream=B rt_ms=28 bytes=28401
2026-03-14 02:08:37.322 edge / status=200 upstream=B rt_ms=18 bytes=15064
2026-03-14 02:08:37.606 edge / status=200 upstream=B rt_ms=19 bytes=3870
2026-03-14 02:08:39.779 edge / status=200 upstream=B rt_ms=334 bytes=25696
2026-03-14 02:08:40.033 edge /healthz status=200 upstream=B rt_ms=85 bytes=22068
2026-03-14 02:08:41.106 edge / status=200 upstream=B rt_ms=69 bytes=15902
2026-03-14 02:08:41.455 edge / status=200 upstream=B rt_ms=229 bytes=8448
2026-03-14 02:08:41.548 edge /api/events status=200 upstream=B rt_ms=252 bytes=9442
2026-03-14 02:08:42.633 edge /static/style.css status=200 upstream=B rt_ms=68 bytes=1159
2026-03-14 02:08:44.365 edge /api/orders status=200 upstream=B rt_ms=241 bytes=9765
2026-03-14 02:08:44.562 edge /api/events status=200 upstream=B rt_ms=96 bytes=15919
2026-03-14 02:08:46.133 edge / status=200 upstream=B rt_ms=167 bytes=37955
2026-03-14 02:08:46.197 edge /api/orders status=200 upstream=B rt_ms=203 bytes=34126
2026-03-14 02:08:49.705 edge /healthz status=200 upstream=B rt_ms=364 bytes=32300
2026-03-14 02:08:51.390 edge /healthz status=200 upstream=B rt_ms=330 bytes=18887
2026-03-14 02:08:51.737 edge / status=200 upstream=B rt_ms=354 bytes=31166
2026-03-14 02:08:52.252 edge /static/style.css status=200 upstream=B rt_ms=65 bytes=23639
2026-03-14 02:08:53.741 edge /api/events status=200 upstream=B rt_ms=377 bytes=39051
2026-03-14 02:08:54.921 edge /api/events status=200 upstream=B rt_ms=196 bytes=15605
2026-03-14 02:08:55.055 edge / status=200 upstream=B rt_ms=46 bytes=28135
2026-03-14 02:08:55.580 edge /api/orders status=200 upstream=B rt_ms=223 bytes=20412
2026-03-14 02:08:56.050 edge /static/style.css status=200 upstream=B rt_ms=68 bytes=40208
2026-03-14 02:08:56.243 edge /api/events status=200 upstream=B rt_ms=94 bytes=8121
2026-03-14 02:08:58.443 edge /api/orders status=200 upstream=B rt_ms=343 bytes=16961
2026-03-14 02:08:59.014 edge /static/style.css status=200 upstream=B rt_ms=54 bytes=18552
2026-03-14 02:08:59.311 edge /api/orders status=200 upstream=B rt_ms=192 bytes=31552
2026-03-14 02:08:59.421 edge /static/style.css status=200 upstream=B rt_ms=280 bytes=13427
2026-03-14 02:08:59.832 edge /static/style.css status=200 upstream=B rt_ms=15 bytes=2260
2026-03-14 02:09:00.715 edge /healthz status=200 upstream=B rt_ms=162 bytes=41357
2026-03-14 02:09:01.076 edge /healthz status=200 upstream=B rt_ms=150 bytes=24733
2026-03-14 02:09:01.473 edge /healthz status=200 upstream=B rt_ms=248 bytes=6527
2026-03-14 02:09:03.561 edge /api/orders status=200 upstream=B rt_ms=330 bytes=28742
2026-03-14 02:09:05.332 edge /static/style.css status=200 upstream=B rt_ms=81 bytes=28107
2026-03-14 02:09:08.078 edge /static/style.css status=200 upstream=B rt_ms=375 bytes=28426
2026-03-14 02:09:12.368 edge /static/style.css status=200 upstream=B rt_ms=29 bytes=18776
2026-03-14 02:09:13.328 edge /api/orders status=200 upstream=B rt_ms=8 bytes=23133
2026-03-14 02:09:13.957 edge / status=200 upstream=B rt_ms=215 bytes=34935
2026-03-14 02:09:14.746 edge /healthz status=200 upstream=B rt_ms=65 bytes=27596
2026-03-14 02:09:14.803 edge /healthz status=200 upstream=B rt_ms=96 bytes=13853
2026-03-14 02:09:15.763 edge / status=500 upstream=B rt_ms=394 bytes=19799
2026-03-14 02:09:16.681 edge /api/events status=200 upstream=B rt_ms=269 bytes=15628
2026-03-14 02:09:18.109 edge /api/orders status=200 upstream=B rt_ms=308 bytes=33754
2026-03-14 02:09:18.747 edge /healthz status=200 upstream=B rt_ms=366 bytes=11965
2026-03-14 02:09:20.329 edge /healthz status=200 upstream=B rt_ms=30 bytes=6570
2026-03-14 02:09:20.360 edge /api/events status=200 upstream=B rt_ms=381 bytes=1714
2026-03-14 02:09:20.434 edge /api/events status=200 upstream=B rt_ms=146 bytes=24229
2026-03-14 02:09:21.858 edge /static/style.css status=200 upstream=B rt_ms=381 bytes=11768
2026-03-14 02:09:26.603 edge /api/orders status=200 upstream=B rt_ms=62 bytes=29863
2026-03-14 02:09:28.458 edge /static/style.css status=200 upstream=B rt_ms=346 bytes=20306
2026-03-14 02:09:28.481 edge /api/events status=200 upstream=B rt_ms=18 bytes=7751
2026-03-14 02:09:29.533 edge /api/events status=200 upstream=B rt_ms=6 bytes=13061
2026-03-14 02:09:31.240 edge /api/events status=200 upstream=B rt_ms=158 bytes=25628
2026-03-14 02:09:32.070 edge /api/events status=200 upstream=B rt_ms=318 bytes=9182
2026-03-14 02:09:32.793 edge /healthz status=200 upstream=B rt_ms=11 bytes=3803
2026-03-14 02:09:33.120 edge / status=200 upstream=B rt_ms=117 bytes=36900
2026-03-14 02:09:33.796 edge /api/orders status=200 upstream=B rt_ms=351 bytes=22912
2026-03-14 02:09:39.023 edge / status=200 upstream=B rt_ms=158 bytes=13789
2026-03-14 02:09:39.374 edge /healthz status=200 upstream=B rt_ms=20 bytes=21373
2026-03-14 02:09:39.463 edge /api/events status=200 upstream=B rt_ms=192 bytes=30216
2026-03-14 02:09:39.725 edge / status=200 upstream=B rt_ms=144 bytes=5786
2026-03-14 02:09:41.986 edge /healthz status=200 upstream=B rt_ms=394 bytes=18913
2026-03-14 02:09:42.167 edge /api/orders status=200 upstream=B rt_ms=147 bytes=21156
2026-03-14 02:09:46.452 edge /static/style.css status=200 upstream=B rt_ms=90 bytes=29121
2026-03-14 02:09:47.400 edge /static/style.css status=200 upstream=B rt_ms=292 bytes=7477
2026-03-14 02:09:47.563 edge /api/events status=200 upstream=B rt_ms=26 bytes=8042
2026-03-14 02:09:49.306 edge /api/events status=200 upstream=B rt_ms=362 bytes=18876
2026-03-14 02:09:51.200 edge /static/style.css status=200 upstream=B rt_ms=282 bytes=5694
2026-03-14 02:09:53.902 edge / status=200 upstream=B rt_ms=390 bytes=34771
2026-03-14 02:09:55.046 edge / status=500 upstream=B rt_ms=279 bytes=21178
2026-03-14 02:09:55.162 edge /static/style.css status=200 upstream=B rt_ms=68 bytes=24364
2026-03-14 02:09:55.590 edge /healthz status=200 upstream=B rt_ms=121 bytes=18274
2026-03-14 02:09:57.009 edge /static/style.css status=200 upstream=B rt_ms=399 bytes=34331
2026-03-14 02:09:59.131 edge /api/events status=200 upstream=B rt_ms=19 bytes=34136
2026-03-14 02:09:59.436 edge /healthz status=200 upstream=B rt_ms=107 bytes=36410
2026-03-14 02:10:00.577 edge /healthz status=200 upstream=B rt_ms=167 bytes=30878
2026-03-14 02:10:01.287 edge / status=200 upstream=B rt_ms=334 bytes=4266
2026-03-14 02:10:02.949 edge / status=200 upstream=B rt_ms=237 bytes=277
2026-03-14 02:10:04.162 edge /api/events status=200 upstream=B rt_ms=380 bytes=19260
2026-03-14 02:10:04.326 edge /api/events status=200 upstream=B rt_ms=309 bytes=10660
2026-03-14 02:10:04.555 edge /static/style.css status=200 upstream=B rt_ms=43 bytes=24093
2026-03-14 02:10:04.970 edge /static/style.css status=200 upstream=B rt_ms=264 bytes=7961
2026-03-14 02:10:06.333 edge /healthz status=500 upstream=B rt_ms=292 bytes=7498
2026-03-14 02:10:06.515 edge /api/orders status=200 upstream=B rt_ms=97 bytes=29674
2026-03-14 02:10:12.107 edge /api/orders status=200 upstream=B rt_ms=163 bytes=14342
2026-03-14 02:10:12.814 edge /healthz status=200 upstream=B rt_ms=329 bytes=39699
2026-03-14 02:10:13.514 edge / status=200 upstream=B rt_ms=34 bytes=18709
2026-03-14 02:10:13.583 edge / status=200 upstream=B rt_ms=18 bytes=29571
2026-03-14 02:10:17.097 edge /static/style.css status=200 upstream=B rt_ms=86 bytes=12269
2026-03-14 02:10:17.462 edge / status=200 upstream=B rt_ms=161 bytes=24359
2026-03-14 02:10:18.849 edge /api/events status=200 upstream=B rt_ms=97 bytes=32661
2026-03-14 02:10:20.284 edge /api/events status=200 upstream=B rt_ms=149 bytes=18919
2026-03-14 02:10:22.020 edge /api/events status=200 upstream=B rt_ms=273 bytes=33282
2026-03-14 02:10:22.629 edge / status=200 upstream=B rt_ms=25 bytes=14448
2026-03-14 02:10:22.828 edge /api/events status=200 upstream=B rt_ms=49 bytes=38052
2026-03-14 02:10:24.480 edge /api/orders status=200 upstream=B rt_ms=156 bytes=26743
2026-03-14 02:10:26.247 edge / status=200 upstream=B rt_ms=238 bytes=1772
2026-03-14 02:10:27.819 edge / status=500 upstream=B rt_ms=375 bytes=2225
2026-03-14 02:10:28.065 edge /api/orders status=200 upstream=B rt_ms=280 bytes=3428
2026-03-14 02:10:28.828 edge /api/events status=200 upstream=B rt_ms=110 bytes=23175
2026-03-14 02:10:29.295 edge /api/orders status=200 upstream=B rt_ms=157 bytes=4952
2026-03-14 02:10:30.064 edge /api/orders status=200 upstream=B rt_ms=11 bytes=41356
2026-03-14 02:10:30.216 edge /static/style.css status=200 upstream=B rt_ms=24 bytes=5973
2026-03-14 02:10:30.253 edge /healthz status=200 upstream=B rt_ms=212 bytes=9746
2026-03-14 02:10:31.813 edge / status=200 upstream=B rt_ms=324 bytes=8532
2026-03-14 02:10:32.879 edge / status=200 upstream=B rt_ms=74 bytes=39465
2026-03-14 02:10:33.216 edge /static/style.css status=200 upstream=B rt_ms=271 bytes=39964
2026-03-14 02:10:33.228 edge /api/orders status=200 upstream=B rt_ms=77 bytes=40704
2026-03-14 02:10:34.013 edge / status=200 upstream=B rt_ms=301 bytes=13683
2026-03-14 02:10:34.722 edge /healthz status=200 upstream=B rt_ms=339 bytes=1036
2026-03-14 02:10:34.943 edge /healthz status=200 upstream=B rt_ms=106 bytes=22465
2026-03-14 02:10:35.434 edge /api/orders status=200 upstream=B rt_ms=308 bytes=16477
2026-03-14 02:10:36.052 edge /api/orders status=200 upstream=B rt_ms=223 bytes=14255
2026-03-14 02:10:36.200 edge /static/style.css status=200 upstream=B rt_ms=321 bytes=9504
2026-03-14 02:10:36.332 edge /api/events status=200 upstream=B rt_ms=32 bytes=15930
2026-03-14 02:10:37.428 edge /api/events status=200 upstream=B rt_ms=185 bytes=19748
2026-03-14 02:10:37.622 edge / status=200 upstream=B rt_ms=92 bytes=10476
2026-03-14 02:10:38.947 edge / status=200 upstream=B rt_ms=115 bytes=15722
2026-03-14 02:10:41.093 edge /healthz status=200 upstream=B rt_ms=50 bytes=37856
2026-03-14 02:10:42.231 edge /healthz status=200 upstream=B rt_ms=303 bytes=12375
2026-03-14 02:10:43.078 edge /api/events status=200 upstream=B rt_ms=135 bytes=12051
2026-03-14 02:10:43.889 edge /api/events status=200 upstream=B rt_ms=97 bytes=35542
2026-03-14 02:10:44.186 edge /api/events status=200 upstream=B rt_ms=215 bytes=20478
2026-03-14 02:10:46.196 edge /static/style.css status=200 upstream=B rt_ms=162 bytes=13954
2026-03-14 02:10:46.684 edge / status=200 upstream=B rt_ms=32 bytes=32929
2026-03-14 02:10:47.463 edge / status=200 upstream=B rt_ms=261 bytes=24411
2026-03-14 02:10:47.644 edge /api/orders status=200 upstream=B rt_ms=300 bytes=26619
2026-03-14 02:10:47.849 edge / status=200 upstream=B rt_ms=313 bytes=16854
2026-03-14 02:10:48.976 edge / status=200 upstream=B rt_ms=164 bytes=16928
2026-03-14 02:10:50.036 edge / status=200 upstream=B rt_ms=331 bytes=1856
2026-03-14 02:10:51.114 edge /api/events status=200 upstream=B rt_ms=311 bytes=17007
2026-03-14 02:10:51.335 edge /healthz status=200 upstream=B rt_ms=205 bytes=12498
2026-03-14 02:10:51.613 edge / status=200 upstream=B rt_ms=252 bytes=30478
2026-03-14 02:10:52.559 edge /api/events status=200 upstream=B rt_ms=346 bytes=41334
2026-03-14 02:10:53.137 edge /healthz status=200 upstream=B rt_ms=74 bytes=25627
2026-03-14 02:10:54.617 edge /healthz status=200 upstream=B rt_ms=393 bytes=14492
2026-03-14 02:10:56.622 edge /api/orders status=200 upstream=B rt_ms=326 bytes=38568
2026-03-14 02:10:57.054 edge /api/orders status=200 upstream=B rt_ms=216 bytes=28029
2026-03-14 02:10:57.924 edge /api/events status=200 upstream=B rt_ms=76 bytes=21844
2026-03-14 02:10:59.024 edge /static/style.css status=200 upstream=B rt_ms=289 bytes=2053
2026-03-14 02:11:01.765 edge /static/style.css status=200 upstream=B rt_ms=122 bytes=30109
2026-03-14 02:11:03.185 edge /healthz status=200 upstream=B rt_ms=223 bytes=19707
2026-03-14 02:11:03.230 edge /healthz status=200 upstream=B rt_ms=289 bytes=34863
2026-03-14 02:11:04.736 edge /healthz status=200 upstream=B rt_ms=166 bytes=21401
2026-03-14 02:11:05.111 edge /api/orders status=200 upstream=B rt_ms=49 bytes=18920
2026-03-14 02:11:05.735 edge / status=200 upstream=B rt_ms=283 bytes=24840
2026-03-14 02:11:06.410 edge /api/events status=200 upstream=B rt_ms=132 bytes=9218
2026-03-14 02:11:06.792 edge /static/style.css status=200 upstream=B rt_ms=177 bytes=32522
2026-03-14 02:11:10.147 edge /healthz status=200 upstream=B rt_ms=398 bytes=32461
2026-03-14 02:11:10.279 edge /api/events status=200 upstream=B rt_ms=273 bytes=17826
2026-03-14 02:11:11.703 edge /healthz status=500 upstream=B rt_ms=235 bytes=16676
2026-03-14 02:11:12.397 edge /healthz status=500 upstream=B rt_ms=94 bytes=39620
2026-03-14 02:11:14.579 edge /static/style.css status=200 upstream=B rt_ms=300 bytes=25479
2026-03-14 02:11:15.299 edge /static/style.css status=200 upstream=B rt_ms=182 bytes=19587
2026-03-14 02:11:15.925 edge /healthz status=200 upstream=B rt_ms=76 bytes=39155
2026-03-14 02:11:16.733 edge /static/style.css status=404 upstream=B rt_ms=95 bytes=31896
2026-03-14 02:11:17.576 edge /api/orders status=200 upstream=B rt_ms=72 bytes=10401
2026-03-14 02:11:19.924 edge /healthz status=200 upstream=B rt_ms=17 bytes=762
2026-03-14 02:11:20.435 edge /healthz status=200 upstream=B rt_ms=38 bytes=38833
2026-03-14 02:11:23.915 edge / status=200 upstream=B rt_ms=144 bytes=41608
2026-03-14 02:11:24.072 edge /healthz status=404 upstream=B rt_ms=375 bytes=28639
2026-03-14 02:11:26.720 edge / status=200 upstream=B rt_ms=99 bytes=41940
2026-03-14 02:11:29.425 edge /healthz status=200 upstream=B rt_ms=110 bytes=36945
2026-03-14 02:11:29.632 edge /static/style.css status=200 upstream=B rt_ms=214 bytes=21593
2026-03-14 02:11:29.710 edge /api/events status=200 upstream=B rt_ms=30 bytes=15012
2026-03-14 02:11:29.729 edge / status=200 upstream=B rt_ms=395 bytes=40180
2026-03-14 02:11:30.530 edge /healthz status=200 upstream=B rt_ms=325 bytes=1029
2026-03-14 02:11:35.709 edge /static/style.css status=200 upstream=B rt_ms=268 bytes=17153
2026-03-14 02:11:36.241 edge /api/orders status=200 upstream=B rt_ms=32 bytes=10684
2026-03-14 02:11:37.017 edge /static/style.css status=200 upstream=B rt_ms=111 bytes=4099
2026-03-14 02:11:38.899 edge /static/style.css status=200 upstream=B rt_ms=359 bytes=32351
2026-03-14 02:11:39.243 edge /healthz status=200 upstream=B rt_ms=111 bytes=17367
2026-03-14 02:11:40.369 edge / status=200 upstream=B rt_ms=162 bytes=30440
2026-03-14 02:11:41.364 edge /static/style.css status=200 upstream=B rt_ms=100 bytes=31956
2026-03-14 02:11:42.017 edge /healthz status=200 upstream=B rt_ms=312 bytes=3563
2026-03-14 02:11:43.065 edge /api/events status=200 upstream=B rt_ms=349 bytes=40802
2026-03-14 02:11:43.215 edge / status=200 upstream=B rt_ms=206 bytes=227
2026-03-14 02:11:43.545 edge /static/style.css status=200 upstream=B rt_ms=348 bytes=31997
2026-03-14 02:11:44.429 edge /static/style.css status=200 upstream=B rt_ms=20 bytes=4418
2026-03-14 02:11:44.803 edge / status=200 upstream=B rt_ms=386 bytes=21419
2026-03-14 02:11:45.495 edge /healthz status=200 upstream=B rt_ms=87 bytes=14860
2026-03-14 02:11:46.862 edge /api/events status=200 upstream=B rt_ms=219 bytes=31400
2026-03-14 02:11:46.980 edge /healthz status=200 upstream=B rt_ms=383 bytes=20080
2026-03-14 02:11:47.333 edge /api/events status=200 upstream=B rt_ms=20 bytes=29167
2026-03-14 02:11:52.519 edge /static/style.css status=200 upstream=B rt_ms=174 bytes=6991
2026-03-14 02:11:52.874 edge /healthz status=200 upstream=B rt_ms=301 bytes=30127
2026-03-14 02:11:53.376 edge /api/events status=200 upstream=B rt_ms=363 bytes=10971
2026-03-14 02:11:54.860 edge /api/events status=200 upstream=B rt_ms=24 bytes=41634
2026-03-14 02:11:55.273 edge / status=200 upstream=B rt_ms=348 bytes=36897
2026-03-14 02:11:56.139 edge /healthz status=200 upstream=B rt_ms=102 bytes=8243
2026-03-14 02:11:57.209 edge /static/style.css status=200 upstream=B rt_ms=313 bytes=27601
2026-03-14 02:11:57.906 edge /api/events status=200 upstream=B rt_ms=292 bytes=29553
2026-03-14 02:11:57.998 edge / status=200 upstream=B rt_ms=73 bytes=3056
2026-03-14 02:12:00.365 edge /api/events status=200 upstream=B rt_ms=296 bytes=26212
2026-03-14 02:12:01.835 edge /healthz status=404 upstream=B rt_ms=14 bytes=23997
2026-03-14 02:12:05.082 edge / status=200 upstream=B rt_ms=197 bytes=23446
2026-03-14 02:12:06.810 edge /static/style.css status=200 upstream=B rt_ms=250 bytes=32347
2026-03-14 02:12:11.551 edge / status=200 upstream=B rt_ms=99 bytes=41875
2026-03-14 02:12:11.598 edge /api/orders status=404 upstream=B rt_ms=57 bytes=28699
2026-03-14 02:12:12.327 edge / status=200 upstream=B rt_ms=204 bytes=2702
2026-03-14 02:12:12.816 edge / status=200 upstream=B rt_ms=249 bytes=12124
2026-03-14 02:12:15.119 edge /static/style.css status=200 upstream=B rt_ms=298 bytes=26245
2026-03-14 02:12:15.381 edge /static/style.css status=200 upstream=B rt_ms=82 bytes=40725
2026-03-14 02:12:16.795 edge /static/style.css status=200 upstream=B rt_ms=148 bytes=5721
2026-03-14 02:12:17.019 edge / status=200 upstream=B rt_ms=126 bytes=18097
2026-03-14 02:12:18.067 edge /api/events status=404 upstream=B rt_ms=182 bytes=13017
2026-03-14 02:12:18.182 edge /api/orders status=200 upstream=B rt_ms=210 bytes=9723
2026-03-14 02:12:18.618 edge /healthz status=200 upstream=B rt_ms=301 bytes=30404
2026-03-14 02:12:19.153 edge / status=200 upstream=B rt_ms=168 bytes=24095
2026-03-14 02:12:23.015 edge /api/orders status=200 upstream=B rt_ms=240 bytes=24962
2026-03-14 02:12:23.735 edge /api/orders status=200 upstream=B rt_ms=371 bytes=27747
2026-03-14 02:12:24.877 edge /healthz status=200 upstream=B rt_ms=335 bytes=8122
2026-03-14 02:12:25.118 edge /api/orders status=200 upstream=B rt_ms=173 bytes=2693
2026-03-14 02:12:25.795 edge /static/style.css status=200 upstream=B rt_ms=337 bytes=883
2026-03-14 02:12:25.948 edge /api/events status=200 upstream=B rt_ms=149 bytes=6058
2026-03-14 02:12:28.367 edge /api/orders status=200 upstream=B rt_ms=329 bytes=31966
2026-03-14 02:12:28.616 edge /api/orders status=200 upstream=B rt_ms=63 bytes=7245
2026-03-14 02:12:31.691 edge /healthz status=200 upstream=B rt_ms=105 bytes=22419
2026-03-14 02:12:31.961 edge /healthz status=200 upstream=B rt_ms=251 bytes=23987
2026-03-14 02:12:32.739 edge /healthz status=200 upstream=B rt_ms=25 bytes=30666
2026-03-14 02:12:34.087 edge /healthz status=200 upstream=B rt_ms=347 bytes=26798
2026-03-14 02:12:35.261 edge /api/events status=200 upstream=B rt_ms=327 bytes=39614
2026-03-14 02:12:37.589 edge / status=200 upstream=B rt_ms=277 bytes=15443
2026-03-14 02:12:38.362 edge /api/events status=200 upstream=B rt_ms=398 bytes=19672
2026-03-14 02:12:39.101 edge /api/orders status=200 upstream=B rt_ms=379 bytes=18173
2026-03-14 02:12:41.098 edge /healthz status=200 upstream=B rt_ms=376 bytes=6263
2026-03-14 02:12:42.394 edge /static/style.css status=200 upstream=B rt_ms=99 bytes=31509
2026-03-14 02:12:43.903 edge / status=200 upstream=B rt_ms=190 bytes=5041
2026-03-14 02:12:44.283 edge /api/orders status=200 upstream=B rt_ms=307 bytes=22677
2026-03-14 02:12:44.569 edge /api/orders status=200 upstream=B rt_ms=307 bytes=16603
2026-03-14 02:12:44.612 edge /api/orders status=200 upstream=B rt_ms=337 bytes=25788
2026-03-14 02:12:44.939 edge /api/events status=200 upstream=B rt_ms=269 bytes=18587
2026-03-14 02:12:47.347 edge / status=200 upstream=B rt_ms=252 bytes=7308
2026-03-14 02:12:48.428 edge /healthz status=200 upstream=B rt_ms=343 bytes=34830
2026-03-14 02:12:49.913 edge /static/style.css status=200 upstream=B rt_ms=55 bytes=11039
2026-03-14 02:12:50.188 edge /static/style.css status=200 upstream=B rt_ms=260 bytes=9844
2026-03-14 02:12:51.932 edge /api/orders status=200 upstream=B rt_ms=134 bytes=1301
2026-03-14 02:12:53.445 edge /api/orders status=200 upstream=B rt_ms=160 bytes=10714
2026-03-14 02:12:54.022 edge /static/style.css status=200 upstream=B rt_ms=144 bytes=6654
2026-03-14 02:12:57.632 edge /static/style.css status=200 upstream=B rt_ms=249 bytes=31505
2026-03-14 02:12:57.633 edge /api/events status=200 upstream=B rt_ms=77 bytes=9169
2026-03-14 02:13:00.735 edge /healthz status=200 upstream=B rt_ms=272 bytes=17940
2026-03-14 02:13:02.067 edge /api/orders status=200 upstream=B rt_ms=155 bytes=23035
2026-03-14 02:13:05.059 edge /api/events status=404 upstream=B rt_ms=52 bytes=20374
2026-03-14 02:13:06.514 edge / status=500 upstream=B rt_ms=271 bytes=5327
2026-03-14 02:13:06.626 edge /healthz status=200 upstream=B rt_ms=92 bytes=22391
2026-03-14 02:13:09.120 edge /static/style.css status=200 upstream=B rt_ms=126 bytes=31196
2026-03-14 02:13:09.523 edge /api/orders status=200 upstream=B rt_ms=316 bytes=2907
2026-03-14 02:13:13.438 edge /healthz status=500 upstream=B rt_ms=72 bytes=38910
2026-03-14 02:13:17.546 edge /healthz status=200 upstream=B rt_ms=110 bytes=30925
2026-03-14 02:13:17.832 edge /healthz status=500 upstream=B rt_ms=55 bytes=9929
2026-03-14 02:13:19.450 edge /api/events status=200 upstream=B rt_ms=288 bytes=4323
2026-03-14 02:13:19.606 edge /api/events status=200 upstream=B rt_ms=17 bytes=15130
2026-03-14 02:13:20.648 edge /api/events status=200 upstream=B rt_ms=272 bytes=33136
2026-03-14 02:13:20.711 edge /api/orders status=200 upstream=B rt_ms=65 bytes=35549
2026-03-14 02:13:20.974 edge /api/orders status=200 upstream=B rt_ms=232 bytes=11565
2026-03-14 02:13:21.526 edge /api/events status=200 upstream=B rt_ms=101 bytes=19579
2026-03-14 02:13:23.820 edge / status=200 upstream=B rt_ms=239 bytes=23158
2026-03-14 02:13:23.851 edge /api/orders status=200 upstream=B rt_ms=53 bytes=26271
2026-03-14 02:13:27.663 edge /api/orders status=500 upstream=B rt_ms=384 bytes=34121
2026-03-14 02:13:28.528 edge /static/style.css status=200 upstream=B rt_ms=70 bytes=17899
2026-03-14 02:13:28.828 edge /healthz status=200 upstream=B rt_ms=101 bytes=37398
2026-03-14 02:13:29.740 edge /static/style.css status=200 upstream=B rt_ms=224 bytes=28975
2026-03-14 02:13:30.026 edge /api/events status=200 upstream=B rt_ms=365 bytes=20959
2026-03-14 02:13:31.094 edge /static/style.css status=200 upstream=B rt_ms=19 bytes=2889
2026-03-14 02:13:31.431 edge / status=200 upstream=B rt_ms=99 bytes=560
2026-03-14 02:13:35.580 edge /static/style.css status=200 upstream=B rt_ms=26 bytes=5266
2026-03-14 02:13:37.938 edge /static/style.css status=200 upstream=B rt_ms=221 bytes=2503
2026-03-14 02:13:39.804 edge /healthz status=200 upstream=B rt_ms=40 bytes=35926
2026-03-14 02:13:40.215 edge /api/orders status=200 upstream=B rt_ms=164 bytes=18148
2026-03-14 02:13:40.310 edge /healthz status=200 upstream=B rt_ms=63 bytes=16957
2026-03-14 02:13:42.785 edge /healthz status=200 upstream=B rt_ms=269 bytes=13227
2026-03-14 02:13:43.264 edge /healthz status=200 upstream=B rt_ms=268 bytes=28954
2026-03-14 02:13:44.135 edge /static/style.css status=200 upstream=B rt_ms=121 bytes=26505
2026-03-14 02:13:45.849 edge /api/events status=200 upstream=B rt_ms=188 bytes=6105
2026-03-14 02:13:48.009 edge /api/orders status=200 upstream=B rt_ms=179 bytes=33922
2026-03-14 02:13:48.643 edge /static/style.css status=200 upstream=B rt_ms=250 bytes=32726
2026-03-14 02:13:50.638 edge /healthz status=200 upstream=B rt_ms=185 bytes=17204
2026-03-14 02:13:51.081 edge /api/events status=200 upstream=B rt_ms=207 bytes=39503
2026-03-14 02:13:52.707 edge /static/style.css status=200 upstream=B rt_ms=129 bytes=32174
2026-03-14 02:13:53.173 edge /api/events status=200 upstream=B rt_ms=194 bytes=6191
2026-03-14 02:13:55.023 edge /static/style.css status=200 upstream=B rt_ms=2 bytes=10332
2026-03-14 02:13:55.346 edge / status=200 upstream=B rt_ms=26 bytes=26811
2026-03-14 02:13:55.365 edge /api/orders status=200 upstream=B rt_ms=90 bytes=27535
2026-03-14 02:13:56.991 edge / status=200 upstream=B rt_ms=230 bytes=27187
2026-03-14 02:13:58.444 edge /healthz status=200 upstream=B rt_ms=3 bytes=40177
2026-03-14 02:13:59.284 edge /api/orders status=200 upstream=B rt_ms=362 bytes=3206
2026-03-14 02:14:00.304 edge /api/orders status=200 upstream=B rt_ms=346 bytes=29585
2026-03-14 02:14:00.688 edge /api/events status=200 upstream=B rt_ms=67 bytes=35554
2026-03-14 02:14:03.525 edge /api/events status=200 upstream=B rt_ms=308 bytes=6246
2026-03-14 02:14:04.056 edge /static/style.css status=200 upstream=B rt_ms=382 bytes=35540
2026-03-14 02:14:04.503 edge /healthz status=200 upstream=B rt_ms=322 bytes=10771
2026-03-14 02:14:09.833 edge /healthz status=200 upstream=B rt_ms=219 bytes=9056
2026-03-14 02:14:11.964 edge /healthz status=200 upstream=B rt_ms=226 bytes=8281
2026-03-14 02:14:16.384 edge /api/events status=200 upstream=B rt_ms=310 bytes=28710
2026-03-14 02:14:18.438 edge /static/style.css status=200 upstream=B rt_ms=182 bytes=4751
2026-03-14 02:14:20.558 edge /healthz status=200 upstream=B rt_ms=305 bytes=2519
2026-03-14 02:14:21.078 edge /static/style.css status=200 upstream=B rt_ms=341 bytes=41589
2026-03-14 02:14:21.275 edge /static/style.css status=200 upstream=B rt_ms=38 bytes=30272
2026-03-14 02:14:21.729 edge /healthz status=200 upstream=B rt_ms=106 bytes=4101
2026-03-14 02:14:23.621 edge /api/events status=200 upstream=B rt_ms=11 bytes=12361
2026-03-14 02:14:24.444 edge / status=200 upstream=B rt_ms=370 bytes=37386
2026-03-14 02:14:25.869 edge /healthz status=200 upstream=B rt_ms=119 bytes=22853
2026-03-14 02:14:26.522 edge /api/orders status=200 upstream=B rt_ms=114 bytes=19395
2026-03-14 02:14:28.708 edge / status=200 upstream=B rt_ms=375 bytes=12624
2026-03-14 02:14:29.099 edge /api/events status=200 upstream=B rt_ms=303 bytes=16687
2026-03-14 02:14:29.852 edge /api/orders status=200 upstream=B rt_ms=126 bytes=23150
2026-03-14 02:14:30.766 edge /api/orders status=200 upstream=B rt_ms=307 bytes=34587
2026-03-14 02:14:31.155 edge /healthz status=200 upstream=B rt_ms=367 bytes=26269
2026-03-14 02:14:32.040 edge /static/style.css status=200 upstream=B rt_ms=176 bytes=39258
2026-03-14 02:14:33.242 edge /api/events status=200 upstream=B rt_ms=378 bytes=20992
2026-03-14 02:14:34.914 edge /static/style.css status=200 upstream=B rt_ms=394 bytes=40588
2026-03-14 02:14:35.643 edge / status=200 upstream=B rt_ms=326 bytes=35472
2026-03-14 02:14:35.893 edge /api/events status=200 upstream=B rt_ms=210 bytes=4983
2026-03-14 02:14:36.863 edge /api/orders status=200 upstream=B rt_ms=240 bytes=6384
2026-03-14 02:14:44.449 edge /static/style.css status=200 upstream=B rt_ms=360 bytes=38479
2026-03-14 02:14:46.772 edge /api/events status=200 upstream=B rt_ms=329 bytes=1073
2026-03-14 02:14:49.097 edge /static/style.css status=200 upstream=B rt_ms=127 bytes=14918
2026-03-14 02:14:50.810 edge /static/style.css status=200 upstream=B rt_ms=250 bytes=11451
2026-03-14 02:14:51.596 edge / status=200 upstream=B rt_ms=101 bytes=15086
2026-03-14 02:14:52.608 edge /static/style.css status=200 upstream=B rt_ms=262 bytes=35494
2026-03-14 02:14:53.316 edge /api/events status=200 upstream=B rt_ms=68 bytes=6869
2026-03-14 02:14:53.911 edge /static/style.css status=200 upstream=B rt_ms=145 bytes=24158
2026-03-14 02:14:56.376 edge /api/orders status=200 upstream=B rt_ms=206 bytes=28344
2026-03-14 02:14:58.057 edge /api/events status=200 upstream=B rt_ms=222 bytes=20842
2026-03-14 02:14:58.766 edge /api/orders status=200 upstream=B rt_ms=351 bytes=6335
2026-03-14 02:15:03.343 edge /api/events status=500 upstream=B rt_ms=110 bytes=25293
2026-03-14 02:15:03.392 edge /api/events status=200 upstream=B rt_ms=253 bytes=15274
2026-03-14 02:15:03.674 edge / status=200 upstream=B rt_ms=10 bytes=39248
2026-03-14 02:15:05.360 edge / status=200 upstream=B rt_ms=358 bytes=17739
2026-03-14 02:15:07.750 edge /api/orders status=200 upstream=B rt_ms=127 bytes=34947
2026-03-14 02:15:09.056 edge /static/style.css status=200 upstream=B rt_ms=161 bytes=15288
2026-03-14 02:15:09.658 edge / status=200 upstream=B rt_ms=274 bytes=35846
2026-03-14 02:15:11.743 edge /static/style.css status=200 upstream=B rt_ms=23 bytes=32390
2026-03-14 02:15:15.537 edge /api/events status=200 upstream=B rt_ms=235 bytes=17120
2026-03-14 02:15:15.691 edge /healthz status=404 upstream=B rt_ms=70 bytes=2833
2026-03-14 02:15:16.752 edge /api/orders status=200 upstream=B rt_ms=172 bytes=19307
2026-03-14 02:15:16.951 edge /api/orders status=200 upstream=B rt_ms=181 bytes=39638
2026-03-14 02:15:17.398 edge /healthz status=200 upstream=B rt_ms=132 bytes=6806
2026-03-14 02:15:18.446 edge /api/events status=200 upstream=B rt_ms=47 bytes=23531
2026-03-14 02:15:18.479 edge /api/orders status=200 upstream=B rt_ms=31 bytes=16109
2026-03-14 02:15:18.726 edge / status=200 upstream=B rt_ms=358 bytes=34013
2026-03-14 02:15:20.734 edge / status=200 upstream=B rt_ms=131 bytes=2120
2026-03-14 02:15:21.145 edge / status=200 upstream=B rt_ms=387 bytes=33204
2026-03-14 02:15:21.202 edge / status=200 upstream=B rt_ms=364 bytes=16350
2026-03-14 02:15:24.137 edge / status=200 upstream=B rt_ms=181 bytes=2929
2026-03-14 02:15:24.853 edge /static/style.css status=500 upstream=B rt_ms=76 bytes=336
2026-03-14 02:15:25.484 edge /healthz status=200 upstream=B rt_ms=130 bytes=23983
2026-03-14 02:15:26.003 edge /healthz status=200 upstream=B rt_ms=56 bytes=15089
2026-03-14 02:15:26.151 edge /static/style.css status=404 upstream=B rt_ms=372 bytes=36312
2026-03-14 02:15:26.381 edge /static/style.css status=200 upstream=B rt_ms=183 bytes=7399
2026-03-14 02:15:28.058 edge / status=200 upstream=B rt_ms=244 bytes=33637
2026-03-14 02:15:32.728 edge /api/events status=200 upstream=B rt_ms=95 bytes=34895
2026-03-14 02:15:33.763 edge /healthz status=200 upstream=B rt_ms=334 bytes=4020
2026-03-14 02:15:33.951 edge / status=200 upstream=B rt_ms=32 bytes=18969
2026-03-14 02:15:34.319 edge / status=200 upstream=B rt_ms=136 bytes=40563
2026-03-14 02:15:34.465 edge /static/style.css status=200 upstream=B rt_ms=303 bytes=24253
2026-03-14 02:15:34.938 edge /api/orders status=200 upstream=B rt_ms=223 bytes=15775
2026-03-14 02:15:37.385 edge /api/orders status=200 upstream=B rt_ms=330 bytes=8670
2026-03-14 02:15:37.801 edge /healthz status=200 upstream=B rt_ms=360 bytes=16773
2026-03-14 02:15:37.959 edge /healthz status=200 upstream=B rt_ms=291 bytes=6548
2026-03-14 02:15:38.251 edge / status=200 upstream=B rt_ms=396 bytes=543
2026-03-14 02:15:39.032 edge /healthz status=200 upstream=B rt_ms=199 bytes=21244
2026-03-14 02:15:39.620 edge /healthz status=200 upstream=B rt_ms=362 bytes=34038
2026-03-14 02:15:39.873 edge /api/orders status=200 upstream=B rt_ms=128 bytes=14158
2026-03-14 02:15:40.167 edge /api/events status=200 upstream=B rt_ms=355 bytes=38397
2026-03-14 02:15:40.392 edge / status=200 upstream=B rt_ms=191 bytes=22953
2026-03-14 02:15:41.406 edge /api/orders status=200 upstream=B rt_ms=324 bytes=18739
2026-03-14 02:15:41.668 edge /healthz status=200 upstream=B rt_ms=61 bytes=14640
2026-03-14 02:15:44.467 edge /api/orders status=200 upstream=B rt_ms=75 bytes=13069
2026-03-14 02:15:45.775 edge /healthz status=200 upstream=B rt_ms=326 bytes=5637
2026-03-14 02:15:46.611 edge /api/orders status=200 upstream=B rt_ms=139 bytes=20022
2026-03-14 02:15:46.794 edge /healthz status=200 upstream=B rt_ms=51 bytes=36390
2026-03-14 02:15:47.843 edge / status=200 upstream=B rt_ms=396 bytes=16413
2026-03-14 02:15:48.081 edge /static/style.css status=404 upstream=B rt_ms=380 bytes=25433
2026-03-14 02:15:48.491 edge /static/style.css status=200 upstream=B rt_ms=74 bytes=10626
2026-03-14 02:15:49.781 edge / status=200 upstream=B rt_ms=52 bytes=38959
2026-03-14 02:15:51.251 edge / status=200 upstream=B rt_ms=159 bytes=17924
2026-03-14 02:15:51.659 edge /api/events status=200 upstream=B rt_ms=22 bytes=32038
2026-03-14 02:15:51.934 edge /api/orders status=404 upstream=B rt_ms=180 bytes=23678
2026-03-14 02:15:52.546 edge /api/events status=200 upstream=B rt_ms=386 bytes=30210
2026-03-14 02:15:53.258 edge /api/events status=200 upstream=B rt_ms=80 bytes=35547
2026-03-14 02:15:53.953 edge /healthz status=200 upstream=B rt_ms=184 bytes=6983
2026-03-14 02:15:58.660 edge / status=200 upstream=B rt_ms=67 bytes=25947
2026-03-14 02:15:59.677 edge /healthz status=200 upstream=B rt_ms=124 bytes=22802
2026-03-14 02:16:00.866 edge /static/style.css status=200 upstream=B rt_ms=93 bytes=31043
2026-03-14 02:16:01.244 edge /healthz status=200 upstream=B rt_ms=245 bytes=18990
2026-03-14 02:16:02.143 edge /static/style.css status=200 upstream=B rt_ms=327 bytes=26983
2026-03-14 02:16:02.320 edge /api/events status=200 upstream=B rt_ms=99 bytes=4405
2026-03-14 02:16:04.209 edge /static/style.css status=200 upstream=B rt_ms=221 bytes=26143
2026-03-14 02:16:05.117 edge /healthz status=200 upstream=B rt_ms=2 bytes=31411
2026-03-14 02:16:07.097 edge /api/events status=500 upstream=B rt_ms=25 bytes=12314
2026-03-14 02:16:08.036 edge / status=200 upstream=B rt_ms=238 bytes=33883
2026-03-14 02:16:08.735 edge / status=200 upstream=B rt_ms=171 bytes=30599
2026-03-14 02:16:10.989 edge / status=200 upstream=B rt_ms=232 bytes=21343
2026-03-14 02:16:11.282 edge /static/style.css status=200 upstream=B rt_ms=334 bytes=18491
2026-03-14 02:16:11.480 edge /static/style.css status=200 upstream=B rt_ms=225 bytes=33627
2026-03-14 02:16:11.647 edge /static/style.css status=200 upstream=B rt_ms=256 bytes=23116
2026-03-14 02:16:12.269 edge / status=200 upstream=B rt_ms=267 bytes=6055
2026-03-14 02:16:13.083 edge / status=200 upstream=B rt_ms=79 bytes=19731
2026-03-14 02:16:19.288 edge /static/style.css status=200 upstream=B rt_ms=197 bytes=6612
2026-03-14 02:16:22.474 edge /api/orders status=200 upstream=B rt_ms=11 bytes=30138
2026-03-14 02:16:23.494 edge /healthz status=200 upstream=B rt_ms=236 bytes=18982
2026-03-14 02:16:24.334 edge /static/style.css status=200 upstream=B rt_ms=287 bytes=28206
2026-03-14 02:16:24.723 edge / status=200 upstream=B rt_ms=261 bytes=37082
2026-03-14 02:16:26.139 edge / status=200 upstream=B rt_ms=169 bytes=19937
2026-03-14 02:16:26.883 edge / status=404 upstream=B rt_ms=87 bytes=37602
2026-03-14 02:16:26.936 edge /api/events status=200 upstream=B rt_ms=215 bytes=39422
2026-03-14 02:16:27.773 edge /api/events status=200 upstream=B rt_ms=193 bytes=39238
2026-03-14 02:16:29.064 edge /healthz status=200 upstream=B rt_ms=202 bytes=24350
2026-03-14 02:16:30.678 edge /api/orders status=200 upstream=B rt_ms=152 bytes=7731
2026-03-14 02:16:32.178 edge /healthz status=200 upstream=B rt_ms=342 bytes=18664
2026-03-14 02:16:32.362 edge /healthz status=200 upstream=B rt_ms=396 bytes=30414
2026-03-14 02:16:33.392 edge /api/events status=200 upstream=B rt_ms=278 bytes=6549
2026-03-14 02:16:36.725 edge /static/style.css status=200 upstream=B rt_ms=103 bytes=23105
2026-03-14 02:16:40.854 edge /healthz status=200 upstream=B rt_ms=153 bytes=34600
2026-03-14 02:16:41.405 edge /static/style.css status=200 upstream=B rt_ms=298 bytes=10735
2026-03-14 02:16:43.727 edge /api/events status=200 upstream=B rt_ms=251 bytes=11137
2026-03-14 02:16:44.533 edge /static/style.css status=200 upstream=B rt_ms=212 bytes=28221
2026-03-14 02:16:44.861 edge /static/style.css status=200 upstream=B rt_ms=365 bytes=29212
2026-03-14 02:16:45.320 edge /static/style.css status=200 upstream=B rt_ms=180 bytes=10424
2026-03-14 02:16:47.425 edge /api/events status=200 upstream=B rt_ms=320 bytes=17810
2026-03-14 02:16:48.090 edge /api/events status=404 upstream=B rt_ms=35 bytes=12339
2026-03-14 02:16:48.720 edge / status=200 upstream=B rt_ms=114 bytes=27717
2026-03-14 02:16:49.914 edge /healthz status=200 upstream=B rt_ms=289 bytes=24986
2026-03-14 02:16:51.296 edge / status=200 upstream=B rt_ms=255 bytes=20927
2026-03-14 02:16:52.154 edge /healthz status=200 upstream=B rt_ms=245 bytes=31037
2026-03-14 02:16:53.143 edge /api/orders status=200 upstream=B rt_ms=315 bytes=8792
2026-03-14 02:16:53.143 edge /api/orders status=200 upstream=B rt_ms=24 bytes=20337
2026-03-14 02:16:53.453 edge /api/events status=200 upstream=B rt_ms=250 bytes=13161
2026-03-14 02:16:53.661 edge /api/orders status=200 upstream=B rt_ms=215 bytes=1315
2026-03-14 02:16:54.287 edge /healthz status=200 upstream=B rt_ms=229 bytes=26994
2026-03-14 02:16:55.154 edge /static/style.css status=200 upstream=B rt_ms=346 bytes=31477
2026-03-14 02:16:56.360 edge /api/orders status=200 upstream=B rt_ms=191 bytes=35123
2026-03-14 02:16:56.708 edge / status=200 upstream=B rt_ms=318 bytes=20117
2026-03-14 02:16:57.440 edge /api/events status=200 upstream=B rt_ms=306 bytes=5619
2026-03-14 02:16:57.511 edge / status=200 upstream=B rt_ms=278 bytes=40989
2026-03-14 02:16:58.589 edge /api/events status=200 upstream=B rt_ms=57 bytes=40862
2026-03-14 02:17:01.359 edge /api/orders status=200 upstream=B rt_ms=151 bytes=41509
2026-03-14 02:17:02.935 edge /healthz status=200 upstream=B rt_ms=104 bytes=18363
2026-03-14 02:17:03.612 edge / status=200 upstream=B rt_ms=124 bytes=16522
2026-03-14 02:17:03.659 edge /api/orders status=200 upstream=B rt_ms=73 bytes=16569
2026-03-14 02:17:04.235 edge /healthz status=200 upstream=B rt_ms=75 bytes=18730
2026-03-14 02:17:05.432 edge / status=200 upstream=B rt_ms=136 bytes=33151
2026-03-14 02:17:07.472 edge /api/orders status=200 upstream=B rt_ms=11 bytes=4469
2026-03-14 02:17:09.228 edge /api/orders status=200 upstream=B rt_ms=244 bytes=8243
2026-03-14 02:17:10.278 edge /api/events status=200 upstream=B rt_ms=8 bytes=29279
2026-03-14 02:17:10.678 edge /healthz status=200 upstream=B rt_ms=275 bytes=9592
2026-03-14 02:17:10.915 edge /healthz status=200 upstream=B rt_ms=267 bytes=30520
2026-03-14 02:17:11.866 edge / status=200 upstream=B rt_ms=90 bytes=12761
2026-03-14 02:17:12.534 edge / status=200 upstream=B rt_ms=281 bytes=14083
2026-03-14 02:17:12.892 edge /static/style.css status=200 upstream=B rt_ms=83 bytes=21813
2026-03-14 02:17:14.902 edge /api/events status=200 upstream=B rt_ms=283 bytes=28123
2026-03-14 02:17:15.874 edge /api/events status=200 upstream=B rt_ms=142 bytes=30937
2026-03-14 02:17:19.265 edge / status=200 upstream=B rt_ms=168 bytes=31696
2026-03-14 02:17:19.391 edge /api/events status=404 upstream=B rt_ms=316 bytes=38965
2026-03-14 02:17:20.350 edge /healthz status=200 upstream=B rt_ms=236 bytes=33618
2026-03-14 02:17:22.556 edge /static/style.css status=200 upstream=B rt_ms=245 bytes=675
2026-03-14 02:17:22.834 edge /api/events status=200 upstream=B rt_ms=5 bytes=18842
2026-03-14 02:17:22.923 edge / status=200 upstream=B rt_ms=199 bytes=36279
2026-03-14 02:17:23.561 edge /healthz status=200 upstream=B rt_ms=151 bytes=41601
2026-03-14 02:17:25.607 edge /api/orders status=200 upstream=B rt_ms=386 bytes=26422
2026-03-14 02:17:26.389 edge /static/style.css status=200 upstream=B rt_ms=37 bytes=29389
2026-03-14 02:17:27.058 edge /healthz status=200 upstream=B rt_ms=90 bytes=9464
2026-03-14 02:17:27.879 edge /static/style.css status=200 upstream=B rt_ms=51 bytes=33562
2026-03-14 02:17:28.923 edge /healthz status=200 upstream=B rt_ms=303 bytes=27897
2026-03-14 02:17:29.692 edge /api/orders status=200 upstream=B rt_ms=27 bytes=12306
2026-03-14 02:17:30.234 edge / status=200 upstream=B rt_ms=149 bytes=41945
2026-03-14 02:17:30.278 edge /api/orders status=200 upstream=B rt_ms=355 bytes=26927
2026-03-14 02:17:30.303 edge /healthz status=200 upstream=B rt_ms=47 bytes=39535
2026-03-14 02:17:32.166 edge /static/style.css status=200 upstream=B rt_ms=78 bytes=38422
2026-03-14 02:17:35.156 edge / status=200 upstream=B rt_ms=386 bytes=35435
2026-03-14 02:17:36.553 edge /healthz status=200 upstream=B rt_ms=353 bytes=37784
2026-03-14 02:17:37.074 edge /healthz status=200 upstream=B rt_ms=42 bytes=1923
2026-03-14 02:17:37.625 edge /api/events status=200 upstream=B rt_ms=398 bytes=13546
2026-03-14 02:17:38.050 edge /api/events status=200 upstream=B rt_ms=91 bytes=16129
2026-03-14 02:17:38.172 edge /api/events status=200 upstream=B rt_ms=80 bytes=30652
2026-03-14 02:17:38.981 edge /static/style.css status=200 upstream=B rt_ms=261 bytes=19804
2026-03-14 02:17:39.397 edge /static/style.css status=200 upstream=B rt_ms=19 bytes=36214
2026-03-14 02:17:40.226 edge /static/style.css status=200 upstream=B rt_ms=348 bytes=4463
2026-03-14 02:17:41.922 edge /api/events status=200 upstream=B rt_ms=140 bytes=11672
2026-03-14 02:17:42.165 edge /static/style.css status=200 upstream=B rt_ms=253 bytes=19049
2026-03-14 02:17:44.702 edge /api/orders status=200 upstream=B rt_ms=265 bytes=31566
2026-03-14 02:17:44.817 edge /api/events status=200 upstream=B rt_ms=358 bytes=10810
2026-03-14 02:17:45.175 edge /static/style.css status=200 upstream=B rt_ms=214 bytes=15676
2026-03-14 02:17:46.764 edge /static/style.css status=200 upstream=B rt_ms=95 bytes=21334
2026-03-14 02:17:48.221 edge / status=200 upstream=B rt_ms=119 bytes=20012
2026-03-14 02:17:48.580 edge /healthz status=200 upstream=B rt_ms=250 bytes=25554
2026-03-14 02:17:49.799 edge /healthz status=200 upstream=B rt_ms=258 bytes=27719
2026-03-14 02:17:50.023 edge / status=200 upstream=B rt_ms=30 bytes=7115
2026-03-14 02:17:51.907 edge /api/orders status=200 upstream=B rt_ms=314 bytes=32321
2026-03-14 02:17:52.969 edge /healthz status=200 upstream=B rt_ms=375 bytes=17461
2026-03-14 02:17:54.177 edge /api/orders status=200 upstream=B rt_ms=360 bytes=851
2026-03-14 02:17:55.313 edge /api/orders status=200 upstream=B rt_ms=203 bytes=29805
2026-03-14 02:17:59.024 edge / status=200 upstream=B rt_ms=367 bytes=20651
2026-03-14 02:17:59.930 edge /healthz status=200 upstream=B rt_ms=58 bytes=20046
2026-03-14 02:18:01.581 edge /static/style.css status=200 upstream=B rt_ms=182 bytes=33527
2026-03-14 02:18:06.045 edge /api/events status=200 upstream=B rt_ms=52 bytes=17656
2026-03-14 02:18:07.131 edge / status=200 upstream=B rt_ms=18 bytes=39323
2026-03-14 02:18:07.640 edge / status=200 upstream=B rt_ms=186 bytes=11026
2026-03-14 02:18:07.731 edge /static/style.css status=200 upstream=B rt_ms=331 bytes=5373
2026-03-14 02:18:09.722 edge /api/events status=200 upstream=B rt_ms=37 bytes=38608
2026-03-14 02:18:10.923 edge /static/style.css status=200 upstream=B rt_ms=144 bytes=20419
2026-03-14 02:18:11.417 edge /healthz status=200 upstream=B rt_ms=247 bytes=40004
2026-03-14 02:18:12.075 edge / status=200 upstream=B rt_ms=169 bytes=19671
2026-03-14 02:18:12.677 edge /api/events status=200 upstream=B rt_ms=232 bytes=33891
2026-03-14 02:18:12.859 edge /api/events status=200 upstream=B rt_ms=177 bytes=10398
2026-03-14 02:18:13.390 edge /static/style.css status=200 upstream=B rt_ms=340 bytes=34270
2026-03-14 02:18:13.954 edge /api/orders status=200 upstream=B rt_ms=380 bytes=28639
2026-03-14 02:18:18.587 edge /static/style.css status=200 upstream=B rt_ms=326 bytes=33245
2026-03-14 02:18:19.758 edge /api/events status=200 upstream=B rt_ms=81 bytes=29834
2026-03-14 02:18:20.213 edge /api/events status=200 upstream=B rt_ms=209 bytes=25870
2026-03-14 02:18:20.400 edge /api/orders status=200 upstream=B rt_ms=89 bytes=37822
2026-03-14 02:18:20.512 edge /static/style.css status=500 upstream=B rt_ms=99 bytes=26071
2026-03-14 02:18:21.290 edge / status=200 upstream=B rt_ms=100 bytes=16485
2026-03-14 02:18:26.132 edge /static/style.css status=200 upstream=B rt_ms=308 bytes=11753
2026-03-14 02:18:29.446 edge /healthz status=404 upstream=B rt_ms=245 bytes=5703
2026-03-14 02:18:30.073 edge /api/orders status=200 upstream=B rt_ms=350 bytes=33464
2026-03-14 02:18:30.966 edge /healthz status=200 upstream=B rt_ms=126 bytes=21208
2026-03-14 02:18:31.079 edge /static/style.css status=200 upstream=B rt_ms=73 bytes=26004
2026-03-14 02:18:31.773 edge /api/orders status=200 upstream=B rt_ms=370 bytes=20947
2026-03-14 02:18:31.857 edge /api/events status=200 upstream=B rt_ms=391 bytes=33518
2026-03-14 02:18:32.623 edge /static/style.css status=200 upstream=B rt_ms=331 bytes=26557
2026-03-14 02:18:34.406 edge /api/orders status=200 upstream=B rt_ms=195 bytes=30609
2026-03-14 02:18:35.018 edge /api/orders status=200 upstream=B rt_ms=130 bytes=2612
2026-03-14 02:18:35.358 edge /healthz status=200 upstream=B rt_ms=268 bytes=33310
2026-03-14 02:18:35.599 edge /api/orders status=200 upstream=B rt_ms=36 bytes=5303
2026-03-14 02:18:37.248 edge /api/events status=200 upstream=B rt_ms=288 bytes=2393
2026-03-14 02:18:42.879 edge / status=200 upstream=B rt_ms=104 bytes=37493
2026-03-14 02:18:45.440 edge / status=200 upstream=B rt_ms=110 bytes=11159
2026-03-14 02:18:45.729 edge / status=200 upstream=B rt_ms=154 bytes=24038
2026-03-14 02:18:45.801 edge /api/events status=200 upstream=B rt_ms=233 bytes=22622
2026-03-14 02:18:47.878 edge /api/events status=200 upstream=B rt_ms=72 bytes=1052
2026-03-14 02:18:47.969 edge /healthz status=200 upstream=B rt_ms=218 bytes=5963
2026-03-14 02:18:48.460 edge /api/orders status=200 upstream=B rt_ms=31 bytes=2647
2026-03-14 02:18:49.163 edge /api/events status=200 upstream=B rt_ms=178 bytes=10603
2026-03-14 02:18:50.338 edge /healthz status=200 upstream=B rt_ms=24 bytes=23420
2026-03-14 02:18:51.822 edge /api/orders status=200 upstream=B rt_ms=28 bytes=34158
2026-03-14 02:18:53.463 edge /api/events status=200 upstream=B rt_ms=9 bytes=11205
2026-03-14 02:18:55.362 edge /api/orders status=200 upstream=B rt_ms=86 bytes=28129
2026-03-14 02:18:56.061 edge /api/events status=500 upstream=B rt_ms=267 bytes=19609
2026-03-14 02:18:56.935 edge / status=200 upstream=B rt_ms=234 bytes=17436
2026-03-14 02:18:58.033 edge / status=200 upstream=B rt_ms=257 bytes=25725
2026-03-14 02:18:58.181 edge /healthz status=200 upstream=B rt_ms=231 bytes=31460
2026-03-14 02:18:59.701 edge / status=200 upstream=B rt_ms=9 bytes=9452
2026-03-14 02:19:00.216 edge /static/style.css status=500 upstream=B rt_ms=77 bytes=2566
2026-03-14 02:19:01.556 edge / status=200 upstream=B rt_ms=385 bytes=38337
2026-03-14 02:19:04.088 edge /api/orders status=200 upstream=B rt_ms=108 bytes=30207
2026-03-14 02:19:04.524 edge /api/events status=500 upstream=B rt_ms=246 bytes=37847
2026-03-14 02:19:05.522 edge /api/events status=200 upstream=B rt_ms=355 bytes=2298
2026-03-14 02:19:06.299 edge /api/events status=200 upstream=B rt_ms=17 bytes=1277
2026-03-14 02:19:07.285 edge /static/style.css status=200 upstream=B rt_ms=285 bytes=28201
2026-03-14 02:19:07.422 edge /api/orders status=200 upstream=B rt_ms=166 bytes=37055
2026-03-14 02:19:08.107 edge /api/events status=200 upstream=B rt_ms=396 bytes=28667
2026-03-14 02:19:09.262 edge /api/events status=200 upstream=B rt_ms=354 bytes=8369
2026-03-14 02:19:09.396 edge /static/style.css status=200 upstream=B rt_ms=59 bytes=40889
2026-03-14 02:19:09.617 edge /static/style.css status=200 upstream=B rt_ms=322 bytes=15856
2026-03-14 02:19:10.198 edge /api/events status=404 upstream=B rt_ms=8 bytes=4434
2026-03-14 02:19:11.234 edge /api/orders status=200 upstream=B rt_ms=192 bytes=18831
2026-03-14 02:19:12.657 edge /api/orders status=200 upstream=B rt_ms=34 bytes=11560
2026-03-14 02:19:13.448 edge /static/style.css status=200 upstream=B rt_ms=64 bytes=8515
2026-03-14 02:19:14.927 edge /static/style.css status=200 upstream=B rt_ms=55 bytes=38570
2026-03-14 02:19:18.139 edge /static/style.css status=200 upstream=B rt_ms=227 bytes=18992
2026-03-14 02:19:18.296 edge /api/orders status=200 upstream=B rt_ms=318 bytes=5884
2026-03-14 02:19:18.531 edge / status=200 upstream=B rt_ms=370 bytes=9639
2026-03-14 02:19:18.703 edge /api/events status=200 upstream=B rt_ms=90 bytes=952
2026-03-14 02:19:19.554 edge /api/orders status=200 upstream=B rt_ms=35 bytes=17051
2026-03-14 02:19:21.349 edge /api/orders status=200 upstream=B rt_ms=327 bytes=7065
2026-03-14 02:19:22.161 edge /healthz status=200 upstream=B rt_ms=354 bytes=8557
2026-03-14 02:19:23.281 edge /api/events status=200 upstream=B rt_ms=103 bytes=5088
2026-03-14 02:19:27.347 edge /static/style.css status=200 upstream=B rt_ms=296 bytes=23498
2026-03-14 02:19:28.847 edge /api/events status=200 upstream=B rt_ms=24 bytes=35975
2026-03-14 02:19:28.997 edge /healthz status=200 upstream=B rt_ms=15 bytes=8493
2026-03-14 02:19:33.108 edge /static/style.css status=200 upstream=B rt_ms=52 bytes=25462
2026-03-14 02:19:33.432 edge /static/style.css status=200 upstream=B rt_ms=221 bytes=39117
2026-03-14 02:19:34.049 edge /healthz status=200 upstream=B rt_ms=163 bytes=22654
2026-03-14 02:19:34.558 edge /api/events status=200 upstream=B rt_ms=299 bytes=964
2026-03-14 02:19:34.907 edge /api/orders status=200 upstream=B rt_ms=380 bytes=13835
2026-03-14 02:19:37.030 edge /api/orders status=200 upstream=B rt_ms=175 bytes=521
2026-03-14 02:19:37.431 edge /api/events status=200 upstream=B rt_ms=58 bytes=29666
2026-03-14 02:19:37.869 edge /api/orders status=200 upstream=B rt_ms=177 bytes=37268
2026-03-14 02:19:39.289 edge /api/events status=200 upstream=B rt_ms=286 bytes=32982
2026-03-14 02:19:41.175 edge /static/style.css status=200 upstream=B rt_ms=103 bytes=11169
2026-03-14 02:19:41.969 edge / status=200 upstream=B rt_ms=335 bytes=23869
2026-03-14 02:19:42.200 edge /api/orders status=200 upstream=B rt_ms=45 bytes=10138
2026-03-14 02:19:43.955 edge /api/orders status=200 upstream=B rt_ms=84 bytes=29166
2026-03-14 02:19:44.600 edge /api/events status=200 upstream=B rt_ms=388 bytes=41060
2026-03-14 02:19:44.820 edge / status=200 upstream=B rt_ms=329 bytes=30061
2026-03-14 02:19:46.134 edge /healthz status=200 upstream=B rt_ms=257 bytes=19902
2026-03-14 02:19:46.735 edge /api/events status=200 upstream=B rt_ms=207 bytes=13047
2026-03-14 02:19:47.050 edge /static/style.css status=200 upstream=B rt_ms=45 bytes=33848
2026-03-14 02:19:49.085 edge / status=200 upstream=B rt_ms=259 bytes=14878
2026-03-14 02:19:51.402 edge /static/style.css status=200 upstream=B rt_ms=383 bytes=25291
2026-03-14 02:19:56.194 edge / status=500 upstream=B rt_ms=223 bytes=24715
2026-03-14 02:19:56.236 edge /static/style.css status=200 upstream=B rt_ms=398 bytes=17250
2026-03-14 02:19:56.608 edge / status=200 upstream=B rt_ms=286 bytes=27020
2026-03-14 02:19:57.405 edge /healthz status=200 upstream=B rt_ms=162 bytes=25864
2026-03-14 02:19:58.483 edge /healthz status=200 upstream=B rt_ms=225 bytes=36660
2026-03-14 02:19:58.791 edge /static/style.css status=500 upstream=B rt_ms=64 bytes=12605
2026-03-14 02:19:59.652 edge /api/events status=200 upstream=B rt_ms=282 bytes=9685
2026-03-14 02:20:06.239 edge /healthz status=200 upstream=B rt_ms=287 bytes=37487
2026-03-14 02:20:09.655 edge / status=200 upstream=B rt_ms=14 bytes=28540
2026-03-14 02:20:10.146 edge /api/events status=200 upstream=B rt_ms=247 bytes=10024
2026-03-14 02:20:10.770 edge /healthz status=200 upstream=B rt_ms=240 bytes=29173
2026-03-14 02:20:11.803 edge /healthz status=200 upstream=B rt_ms=159 bytes=22043
2026-03-14 02:20:16.689 edge /healthz status=200 upstream=B rt_ms=337 bytes=36796
2026-03-14 02:20:18.864 edge /healthz status=200 upstream=B rt_ms=222 bytes=41519
2026-03-14 02:20:21.256 edge /healthz status=200 upstream=B rt_ms=92 bytes=37176
2026-03-14 02:20:22.885 edge /healthz status=200 upstream=B rt_ms=390 bytes=4652
2026-03-14 02:20:24.377 edge /api/events status=200 upstream=B rt_ms=235 bytes=34029
2026-03-14 02:20:25.735 edge /healthz status=200 upstream=B rt_ms=6 bytes=40561
2026-03-14 02:20:27.102 edge /api/orders status=500 upstream=B rt_ms=397 bytes=21905
2026-03-14 02:20:29.575 edge /api/events status=200 upstream=B rt_ms=8 bytes=32054
2026-03-14 02:20:29.963 edge /api/events status=200 upstream=B rt_ms=215 bytes=10879
2026-03-14 02:20:31.027 edge /api/orders status=200 upstream=B rt_ms=318 bytes=19945
2026-03-14 02:20:32.328 edge /static/style.css status=200 upstream=B rt_ms=342 bytes=26652
2026-03-14 02:20:32.822 edge /api/events status=200 upstream=B rt_ms=391 bytes=6762
2026-03-14 02:20:32.979 edge /static/style.css status=200 upstream=B rt_ms=399 bytes=33682
2026-03-14 02:20:33.501 edge /api/orders status=200 upstream=B rt_ms=340 bytes=23684
2026-03-14 02:20:34.183 edge /api/orders status=200 upstream=B rt_ms=332 bytes=9527
2026-03-14 02:20:34.832 edge /static/style.css status=200 upstream=B rt_ms=218 bytes=15973
2026-03-14 02:20:36.503 edge /static/style.css status=200 upstream=B rt_ms=257 bytes=35301
2026-03-14 02:20:37.260 edge / status=500 upstream=B rt_ms=115 bytes=22082
2026-03-14 02:20:37.857 edge /static/style.css status=200 upstream=B rt_ms=178 bytes=18265
2026-03-14 02:20:38.835 edge /healthz status=200 upstream=B rt_ms=196 bytes=16122
2026-03-14 02:20:40.189 edge /api/orders status=200 upstream=B rt_ms=195 bytes=41738
2026-03-14 02:20:41.012 edge /healthz status=200 upstream=B rt_ms=349 bytes=31595
2026-03-14 02:20:41.382 edge /static/style.css status=200 upstream=B rt_ms=205 bytes=17975
2026-03-14 02:20:41.863 edge / status=200 upstream=B rt_ms=22 bytes=16477
2026-03-14 02:20:42.544 edge / status=200 upstream=B rt_ms=182 bytes=13042
2026-03-14 02:20:43.994 edge /api/events status=200 upstream=B rt_ms=241 bytes=9777
2026-03-14 02:20:44.833 edge /static/style.css status=404 upstream=B rt_ms=166 bytes=8450
2026-03-14 02:20:45.108 edge /api/events status=500 upstream=B rt_ms=351 bytes=13046
2026-03-14 02:20:45.306 edge /static/style.css status=500 upstream=B rt_ms=104 bytes=22372
2026-03-14 02:20:45.316 edge /healthz status=200 upstream=B rt_ms=366 bytes=35319
2026-03-14 02:20:50.516 edge /api/events status=200 upstream=B rt_ms=13 bytes=39081
2026-03-14 02:20:51.297 edge /healthz status=200 upstream=B rt_ms=332 bytes=41227
2026-03-14 02:20:52.517 edge /api/orders status=200 upstream=B rt_ms=348 bytes=35879
2026-03-14 02:20:53.104 edge / status=200 upstream=B rt_ms=47 bytes=27541
2026-03-14 02:20:53.599 edge / status=200 upstream=B rt_ms=158 bytes=19829
2026-03-14 02:20:54.220 edge / status=200 upstream=B rt_ms=85 bytes=28701
2026-03-14 02:20:54.627 edge /api/events status=200 upstream=B rt_ms=97 bytes=35648
2026-03-14 02:20:54.815 edge /static/style.css status=200 upstream=B rt_ms=61 bytes=27153
2026-03-14 02:20:55.645 edge /healthz status=200 upstream=B rt_ms=226 bytes=7994
2026-03-14 02:20:57.649 edge /api/events status=200 upstream=B rt_ms=90 bytes=39720
2026-03-14 02:20:59.806 edge /api/orders status=200 upstream=B rt_ms=353 bytes=13887
2026-03-14 02:21:00.215 edge /healthz status=200 upstream=B rt_ms=242 bytes=21657
2026-03-14 02:21:00.609 edge /api/orders status=200 upstream=B rt_ms=155 bytes=19962
2026-03-14 02:21:02.919 edge /static/style.css status=200 upstream=B rt_ms=305 bytes=18609
2026-03-14 02:21:03.382 edge / status=200 upstream=B rt_ms=205 bytes=22268
2026-03-14 02:21:03.708 edge /api/orders status=200 upstream=B rt_ms=211 bytes=9498
2026-03-14 02:21:05.272 edge /static/style.css status=200 upstream=B rt_ms=17 bytes=16358
2026-03-14 02:21:05.762 edge / status=200 upstream=B rt_ms=259 bytes=2928
2026-03-14 02:21:06.323 edge / status=200 upstream=B rt_ms=107 bytes=35704
2026-03-14 02:21:07.225 edge /api/events status=200 upstream=B rt_ms=356 bytes=39307
2026-03-14 02:21:08.971 edge /healthz status=200 upstream=B rt_ms=67 bytes=34650
2026-03-14 02:21:10.595 edge / status=200 upstream=B rt_ms=118 bytes=24626
2026-03-14 02:21:11.029 edge /healthz status=200 upstream=B rt_ms=344 bytes=28672
2026-03-14 02:21:15.204 edge /api/orders status=200 upstream=B rt_ms=86 bytes=1614
2026-03-14 02:21:16.251 edge /api/orders status=200 upstream=B rt_ms=227 bytes=4413
2026-03-14 02:21:18.611 edge /static/style.css status=200 upstream=B rt_ms=72 bytes=7594
2026-03-14 02:21:18.995 edge /static/style.css status=200 upstream=B rt_ms=351 bytes=8657
2026-03-14 02:21:20.744 edge /static/style.css status=404 upstream=B rt_ms=4 bytes=36455
2026-03-14 02:21:20.779 edge /api/orders status=200 upstream=B rt_ms=378 bytes=4129
2026-03-14 02:21:21.241 edge /static/style.css status=200 upstream=B rt_ms=252 bytes=20244
2026-03-14 02:21:22.179 edge /api/events status=200 upstream=B rt_ms=175 bytes=36487
2026-03-14 02:21:26.019 edge /api/orders status=200 upstream=B rt_ms=81 bytes=2708
2026-03-14 02:21:26.606 edge /api/events status=200 upstream=B rt_ms=147 bytes=39368
2026-03-14 02:21:27.092 edge /api/events status=200 upstream=B rt_ms=81 bytes=35701
2026-03-14 02:21:27.377 edge /static/style.css status=200 upstream=B rt_ms=56 bytes=38429
2026-03-14 02:21:30.265 edge /static/style.css status=200 upstream=B rt_ms=302 bytes=4925
2026-03-14 02:21:30.989 edge /api/orders status=500 upstream=B rt_ms=333 bytes=24547
2026-03-14 02:21:31.804 edge /api/orders status=200 upstream=B rt_ms=153 bytes=6443
2026-03-14 02:21:32.992 edge / status=200 upstream=B rt_ms=367 bytes=37371
2026-03-14 02:21:33.619 edge /api/events status=200 upstream=B rt_ms=190 bytes=14456
2026-03-14 02:21:35.300 edge /static/style.css status=200 upstream=B rt_ms=368 bytes=3982
2026-03-14 02:21:35.504 edge /api/events status=200 upstream=B rt_ms=363 bytes=14960
2026-03-14 02:21:37.798 edge /api/orders status=200 upstream=B rt_ms=227 bytes=9131
2026-03-14 02:21:38.281 edge /static/style.css status=200 upstream=B rt_ms=327 bytes=19373
2026-03-14 02:21:41.211 edge /static/style.css status=200 upstream=B rt_ms=225 bytes=14957
2026-03-14 02:21:41.802 edge /api/events status=200 upstream=B rt_ms=32 bytes=19901
2026-03-14 02:21:42.401 edge /api/orders status=200 upstream=B rt_ms=375 bytes=13247
2026-03-14 02:21:42.457 edge /api/orders status=200 upstream=B rt_ms=380 bytes=21217
2026-03-14 02:21:42.548 edge /healthz status=200 upstream=B rt_ms=146 bytes=32563
2026-03-14 02:21:42.679 edge /api/orders status=200 upstream=B rt_ms=102 bytes=5171
2026-03-14 02:21:42.888 edge /api/events status=200 upstream=B rt_ms=293 bytes=9405
2026-03-14 02:21:44.715 edge / status=200 upstream=B rt_ms=176 bytes=10804
2026-03-14 02:21:45.595 edge /healthz status=200 upstream=B rt_ms=192 bytes=35174
2026-03-14 02:21:45.829 edge /api/orders status=200 upstream=B rt_ms=15 bytes=31086
2026-03-14 02:21:47.687 edge /api/events status=404 upstream=B rt_ms=66 bytes=30442
2026-03-14 02:21:48.154 edge /api/events status=200 upstream=B rt_ms=187 bytes=38437
2026-03-14 02:21:48.373 edge /api/events status=200 upstream=B rt_ms=142 bytes=33949
2026-03-14 02:21:48.516 edge /api/events status=200 upstream=B rt_ms=43 bytes=36236
2026-03-14 02:21:48.602 edge /api/events status=200 upstream=B rt_ms=8 bytes=6560
2026-03-14 02:21:48.904 edge /api/events status=200 upstream=B rt_ms=217 bytes=35483
2026-03-14 02:21:49.311 edge /healthz status=200 upstream=B rt_ms=41 bytes=27450
2026-03-14 02:21:51.003 edge /healthz status=200 upstream=B rt_ms=398 bytes=40107
2026-03-14 02:21:54.101 edge /api/orders status=200 upstream=B rt_ms=245 bytes=22260
2026-03-14 02:21:54.588 edge /static/style.css status=200 upstream=B rt_ms=154 bytes=28827
2026-03-14 02:21:55.188 edge /api/events status=200 upstream=B rt_ms=337 bytes=39352
2026-03-14 02:21:55.271 edge /api/events status=200 upstream=B rt_ms=4 bytes=15777
2026-03-14 02:21:56.471 edge /healthz status=500 upstream=B rt_ms=144 bytes=21656
2026-03-14 02:22:00.835 edge / status=200 upstream=B rt_ms=308 bytes=32309
2026-03-14 02:22:01.196 edge /static/style.css status=200 upstream=B rt_ms=392 bytes=9755
2026-03-14 02:22:01.670 edge /api/events status=200 upstream=B rt_ms=395 bytes=10022
2026-03-14 02:22:01.699 edge /api/events status=200 upstream=B rt_ms=63 bytes=16183
2026-03-14 02:22:01.778 edge /api/orders status=200 upstream=B rt_ms=66 bytes=34254
2026-03-14 02:22:02.537 edge / status=200 upstream=B rt_ms=222 bytes=2839
2026-03-14 02:22:02.606 edge /healthz status=200 upstream=B rt_ms=319 bytes=37741
2026-03-14 02:22:03.063 edge /static/style.css status=200 upstream=B rt_ms=194 bytes=31342
2026-03-14 02:22:03.820 edge /static/style.css status=200 upstream=B rt_ms=183 bytes=17383
2026-03-14 02:22:04.557 edge /api/orders status=200 upstream=B rt_ms=56 bytes=23647
2026-03-14 02:22:04.608 edge /api/orders status=200 upstream=B rt_ms=126 bytes=39597
2026-03-14 02:22:06.100 edge / status=200 upstream=B rt_ms=66 bytes=10487
2026-03-14 02:22:06.392 edge / status=200 upstream=B rt_ms=53 bytes=16145
2026-03-14 02:22:10.211 edge /static/style.css status=404 upstream=B rt_ms=113 bytes=1492
2026-03-14 02:22:10.229 edge /static/style.css status=200 upstream=B rt_ms=203 bytes=4984
2026-03-14 02:22:11.552 edge /healthz status=200 upstream=B rt_ms=105 bytes=22463
2026-03-14 02:22:15.005 edge /static/style.css status=200 upstream=B rt_ms=22 bytes=36999
2026-03-14 02:22:15.149 edge / status=200 upstream=B rt_ms=59 bytes=5645
2026-03-14 02:22:16.209 edge / status=200 upstream=B rt_ms=83 bytes=7663
2026-03-14 02:22:17.101 edge /api/orders status=200 upstream=B rt_ms=142 bytes=33603
2026-03-14 02:22:18.745 edge /api/orders status=200 upstream=B rt_ms=43 bytes=16757
2026-03-14 02:22:18.919 edge /api/events status=200 upstream=B rt_ms=34 bytes=15537
2026-03-14 02:22:19.258 edge /api/events status=200 upstream=B rt_ms=310 bytes=35766
2026-03-14 02:22:19.307 edge /static/style.css status=200 upstream=B rt_ms=306 bytes=14639
2026-03-14 02:22:22.160 edge / status=200 upstream=B rt_ms=325 bytes=24970
2026-03-14 02:22:23.421 edge /static/style.css status=404 upstream=B rt_ms=114 bytes=25871
2026-03-14 02:22:23.592 edge /healthz status=200 upstream=B rt_ms=376 bytes=436
2026-03-14 02:22:23.754 edge /api/orders status=200 upstream=B rt_ms=207 bytes=1293
2026-03-14 02:22:24.256 edge / status=200 upstream=B rt_ms=46 bytes=36309
2026-03-14 02:22:24.680 edge /api/orders status=404 upstream=B rt_ms=40 bytes=40591
2026-03-14 02:22:25.431 edge /api/orders status=200 upstream=B rt_ms=399 bytes=30176
2026-03-14 02:22:25.883 edge / status=500 upstream=B rt_ms=293 bytes=12950
2026-03-14 02:22:25.946 edge /api/orders status=200 upstream=B rt_ms=322 bytes=33813
2026-03-14 02:22:26.465 edge /api/events status=200 upstream=B rt_ms=37 bytes=21042
2026-03-14 02:22:28.002 edge /static/style.css status=200 upstream=B rt_ms=65 bytes=24260
2026-03-14 02:22:28.820 edge / status=200 upstream=B rt_ms=48 bytes=24211
2026-03-14 02:22:28.936 edge /api/events status=200 upstream=B rt_ms=291 bytes=32959
2026-03-14 02:22:32.461 edge /api/events status=200 upstream=B rt_ms=27 bytes=1530
2026-03-14 02:22:32.467 edge /healthz status=200 upstream=B rt_ms=205 bytes=21994
2026-03-14 02:22:33.386 edge /static/style.css status=200 upstream=B rt_ms=27 bytes=30253
2026-03-14 02:22:33.391 edge /static/style.css status=200 upstream=B rt_ms=308 bytes=20119
2026-03-14 02:22:33.811 edge /static/style.css status=200 upstream=B rt_ms=208 bytes=6100
2026-03-14 02:22:36.171 edge /api/events status=200 upstream=B rt_ms=70 bytes=30175
2026-03-14 02:22:37.392 edge /static/style.css status=200 upstream=B rt_ms=68 bytes=6644
2026-03-14 02:22:39.834 edge /static/style.css status=200 upstream=B rt_ms=266 bytes=31417
2026-03-14 02:22:40.392 edge / status=200 upstream=B rt_ms=248 bytes=9176
2026-03-14 02:22:40.885 edge /healthz status=200 upstream=B rt_ms=357 bytes=2980
2026-03-14 02:22:42.434 edge /healthz status=200 upstream=B rt_ms=4 bytes=39894
2026-03-14 02:22:42.600 edge /api/orders status=200 upstream=B rt_ms=22 bytes=8582
2026-03-14 02:22:42.817 edge / status=200 upstream=B rt_ms=290 bytes=32539
2026-03-14 02:22:44.041 edge /healthz status=200 upstream=B rt_ms=347 bytes=7982
2026-03-14 02:22:44.500 edge /api/orders status=200 upstream=B rt_ms=69 bytes=11582
2026-03-14 02:22:44.804 edge /static/style.css status=200 upstream=B rt_ms=224 bytes=26398
2026-03-14 02:22:44.908 edge /api/orders status=200 upstream=B rt_ms=255 bytes=9466
2026-03-14 02:22:46.021 edge / status=200 upstream=B rt_ms=30 bytes=29331
2026-03-14 02:22:47.054 edge /api/orders status=200 upstream=B rt_ms=324 bytes=15163
2026-03-14 02:22:47.374 edge / status=200 upstream=B rt_ms=149 bytes=19124
2026-03-14 02:22:48.221 edge / status=200 upstream=B rt_ms=260 bytes=25764
2026-03-14 02:22:48.856 edge /healthz status=200 upstream=B rt_ms=379 bytes=14631
2026-03-14 02:22:49.373 edge /api/orders status=200 upstream=B rt_ms=370 bytes=3429
2026-03-14 02:22:51.978 edge /api/events status=200 upstream=B rt_ms=32 bytes=27954
2026-03-14 02:22:52.574 edge /api/events status=200 upstream=B rt_ms=322 bytes=35089
2026-03-14 02:22:54.164 edge /static/style.css status=500 upstream=B rt_ms=242 bytes=18775
2026-03-14 02:22:54.483 edge /healthz status=200 upstream=B rt_ms=76 bytes=15413
2026-03-14 02:22:57.649 edge /api/events status=200 upstream=B rt_ms=342 bytes=6736
2026-03-14 02:22:58.154 edge /api/events status=200 upstream=B rt_ms=291 bytes=17695
2026-03-14 02:23:00.125 edge /api/orders status=200 upstream=B rt_ms=371 bytes=7270
2026-03-14 02:23:03.898 edge /api/events status=200 upstream=B rt_ms=74 bytes=669
2026-03-14 02:23:05.223 edge /healthz status=200 upstream=B rt_ms=385 bytes=5800
2026-03-14 02:23:05.941 edge /healthz status=200 upstream=B rt_ms=135 bytes=8491
2026-03-14 02:23:06.252 edge /healthz status=200 upstream=B rt_ms=346 bytes=34365
2026-03-14 02:23:07.736 edge /healthz status=200 upstream=B rt_ms=145 bytes=31959
2026-03-14 02:23:08.121 edge /healthz status=200 upstream=B rt_ms=55 bytes=300
2026-03-14 02:23:08.632 edge /static/style.css status=200 upstream=B rt_ms=165 bytes=26431
2026-03-14 02:23:08.934 edge /api/orders status=200 upstream=B rt_ms=266 bytes=18977
2026-03-14 02:23:09.269 edge /api/orders status=200 upstream=B rt_ms=288 bytes=7470
2026-03-14 02:23:09.514 edge /api/orders status=200 upstream=B rt_ms=341 bytes=32584
2026-03-14 02:23:09.972 edge /api/events status=200 upstream=B rt_ms=124 bytes=38330
2026-03-14 02:23:10.583 edge /api/orders status=200 upstream=B rt_ms=313 bytes=2214
2026-03-14 02:23:11.015 edge / status=200 upstream=B rt_ms=331 bytes=33728
2026-03-14 02:23:12.199 edge /api/orders status=200 upstream=B rt_ms=25 bytes=26019
2026-03-14 02:23:13.688 edge /api/events status=200 upstream=B rt_ms=173 bytes=26976
2026-03-14 02:23:14.217 edge / status=200 upstream=B rt_ms=242 bytes=19450
2026-03-14 02:23:14.295 edge /api/events status=200 upstream=B rt_ms=101 bytes=34780
2026-03-14 02:23:14.298 edge /api/orders status=200 upstream=B rt_ms=228 bytes=10705
2026-03-14 02:23:15.199 edge / status=200 upstream=B rt_ms=346 bytes=21988
2026-03-14 02:23:17.744 edge /static/style.css status=200 upstream=B rt_ms=280 bytes=22256
2026-03-14 02:23:20.079 edge /static/style.css status=500 upstream=B rt_ms=136 bytes=36804
2026-03-14 02:23:22.054 edge /healthz status=200 upstream=B rt_ms=316 bytes=18768
2026-03-14 02:23:22.115 edge /api/events status=200 upstream=B rt_ms=334 bytes=37707
2026-03-14 02:23:23.076 edge / status=200 upstream=B rt_ms=268 bytes=1480
2026-03-14 02:23:23.691 edge /healthz status=200 upstream=B rt_ms=20 bytes=34697
2026-03-14 02:23:23.837 edge /healthz status=200 upstream=B rt_ms=300 bytes=40817
2026-03-14 02:23:24.136 edge /api/events status=200 upstream=B rt_ms=344 bytes=3364
2026-03-14 02:23:25.308 edge /api/orders status=200 upstream=B rt_ms=385 bytes=5842
2026-03-14 02:23:27.495 edge /api/orders status=200 upstream=B rt_ms=14 bytes=27810
2026-03-14 02:23:31.257 edge / status=200 upstream=B rt_ms=382 bytes=24096
2026-03-14 02:23:34.046 edge /api/orders status=200 upstream=B rt_ms=372 bytes=24689
2026-03-14 02:23:37.187 edge /api/orders status=200 upstream=B rt_ms=121 bytes=30148
2026-03-14 02:23:37.253 edge /healthz status=200 upstream=B rt_ms=390 bytes=39066
2026-03-14 02:23:37.639 edge /healthz status=200 upstream=B rt_ms=189 bytes=39881
2026-03-14 02:23:37.794 edge / status=404 upstream=B rt_ms=301 bytes=32055
2026-03-14 02:23:39.557 edge /static/style.css status=200 upstream=B rt_ms=305 bytes=1654
2026-03-14 02:23:39.669 edge /healthz status=200 upstream=B rt_ms=37 bytes=33741
2026-03-14 02:23:39.696 edge /api/events status=200 upstream=B rt_ms=44 bytes=41002
2026-03-14 02:23:41.366 edge /healthz status=200 upstream=B rt_ms=297 bytes=12565
2026-03-14 02:23:41.494 edge /static/style.css status=200 upstream=B rt_ms=105 bytes=32445
2026-03-14 02:23:41.744 edge /api/orders status=200 upstream=B rt_ms=2 bytes=29140
2026-03-14 02:23:41.978 edge /api/events status=200 upstream=B rt_ms=387 bytes=41558
2026-03-14 02:23:43.549 edge /healthz status=200 upstream=B rt_ms=262 bytes=40013
2026-03-14 02:23:44.747 edge /healthz status=200 upstream=B rt_ms=166 bytes=35102
2026-03-14 02:23:45.729 edge / status=200 upstream=B rt_ms=218 bytes=37555
2026-03-14 02:23:46.857 edge /healthz status=200 upstream=B rt_ms=76 bytes=2104
2026-03-14 02:23:48.149 edge /static/style.css status=200 upstream=B rt_ms=361 bytes=25600
2026-03-14 02:23:50.118 edge /api/orders status=200 upstream=B rt_ms=208 bytes=27067
2026-03-14 02:23:51.372 edge /api/orders status=200 upstream=B rt_ms=358 bytes=12537
2026-03-14 02:23:53.001 edge /api/events status=200 upstream=B rt_ms=134 bytes=24688
2026-03-14 02:23:55.153 edge /api/orders status=200 upstream=B rt_ms=309 bytes=6295
2026-03-14 02:23:55.442 edge / status=200 upstream=B rt_ms=261 bytes=25483
2026-03-14 02:23:56.095 edge /api/events status=200 upstream=B rt_ms=378 bytes=32944
2026-03-14 02:23:56.728 edge /api/orders status=200 upstream=B rt_ms=356 bytes=20605
2026-03-14 02:23:58.411 edge /api/events status=200 upstream=B rt_ms=6 bytes=9437
2026-03-14 02:23:59.220 edge /api/orders status=200 upstream=B rt_ms=193 bytes=8836
2026-03-14 02:23:59.443 edge / status=200 upstream=B rt_ms=279 bytes=23101
2026-03-14 02:24:00.563 edge /api/orders status=404 upstream=B rt_ms=162 bytes=8517
2026-03-14 02:24:01.838 edge /healthz status=200 upstream=B rt_ms=296 bytes=24123
2026-03-14 02:24:03.301 edge /static/style.css status=200 upstream=B rt_ms=198 bytes=40031
2026-03-14 02:24:03.769 edge / status=200 upstream=B rt_ms=112 bytes=38654
2026-03-14 02:24:05.292 edge / status=200 upstream=B rt_ms=328 bytes=2611
2026-03-14 02:24:05.768 edge / status=200 upstream=B rt_ms=145 bytes=3009
2026-03-14 02:24:07.039 edge / status=200 upstream=B rt_ms=257 bytes=14223
2026-03-14 02:24:07.599 edge /static/style.css status=200 upstream=B rt_ms=369 bytes=13155
2026-03-14 02:24:10.691 edge / status=200 upstream=B rt_ms=375 bytes=35745
2026-03-14 02:24:11.972 edge /api/orders status=200 upstream=B rt_ms=155 bytes=34552
2026-03-14 02:24:12.591 edge /healthz status=200 upstream=B rt_ms=266 bytes=8120
2026-03-14 02:24:12.817 edge /api/events status=200 upstream=B rt_ms=173 bytes=41288
2026-03-14 02:24:14.396 edge /healthz status=200 upstream=B rt_ms=215 bytes=3604
2026-03-14 02:24:16.925 edge /api/events status=200 upstream=B rt_ms=310 bytes=23372
2026-03-14 02:24:17.954 edge /api/events status=200 upstream=B rt_ms=220 bytes=24417
2026-03-14 02:24:18.727 edge / status=200 upstream=B rt_ms=165 bytes=32810
2026-03-14 02:24:21.141 edge / status=200 upstream=B rt_ms=123 bytes=18529
2026-03-14 02:24:21.469 edge / status=200 upstream=B rt_ms=183 bytes=20642
2026-03-14 02:24:21.637 edge /static/style.css status=200 upstream=B rt_ms=47 bytes=17023
2026-03-14 02:24:21.863 edge /api/events status=200 upstream=B rt_ms=349 bytes=40358
2026-03-14 02:24:22.083 edge /api/orders status=200 upstream=B rt_ms=66 bytes=6002
2026-03-14 02:24:22.906 edge / status=200 upstream=B rt_ms=280 bytes=22249
2026-03-14 02:24:23.517 edge / status=200 upstream=B rt_ms=234 bytes=1210
2026-03-14 02:24:27.342 edge /static/style.css status=200 upstream=B rt_ms=48 bytes=40961
2026-03-14 02:24:29.061 edge /static/style.css status=200 upstream=B rt_ms=349 bytes=13232
2026-03-14 02:24:29.557 edge /api/orders status=200 upstream=B rt_ms=234 bytes=22674
2026-03-14 02:24:31.182 edge /healthz status=200 upstream=B rt_ms=36 bytes=15818
2026-03-14 02:24:33.569 edge /api/events status=200 upstream=B rt_ms=121 bytes=33389
2026-03-14 02:24:33.603 edge /api/events status=200 upstream=B rt_ms=83 bytes=26336
2026-03-14 02:24:36.316 edge / status=200 upstream=B rt_ms=185 bytes=1481
2026-03-14 02:24:36.905 edge /healthz status=200 upstream=B rt_ms=257 bytes=14453
2026-03-14 02:24:37.410 edge /static/style.css status=200 upstream=B rt_ms=110 bytes=38071
2026-03-14 02:24:38.166 edge /api/orders status=200 upstream=B rt_ms=152 bytes=9985
2026-03-14 02:24:38.902 edge /static/style.css status=200 upstream=B rt_ms=275 bytes=21576
2026-03-14 02:24:39.669 edge /static/style.css status=200 upstream=B rt_ms=39 bytes=41873
2026-03-14 02:24:39.895 edge /static/style.css status=200 upstream=B rt_ms=320 bytes=41063
2026-03-14 02:24:42.523 edge /api/events status=200 upstream=B rt_ms=90 bytes=21355
2026-03-14 02:24:43.475 edge /api/events status=200 upstream=B rt_ms=131 bytes=12247
2026-03-14 02:24:44.006 edge / status=200 upstream=B rt_ms=343 bytes=36249
2026-03-14 02:24:44.986 edge /api/orders status=200 upstream=B rt_ms=245 bytes=21654
2026-03-14 02:24:46.118 edge /static/style.css status=200 upstream=B rt_ms=297 bytes=31833
2026-03-14 02:24:46.843 edge /healthz status=200 upstream=B rt_ms=238 bytes=5112
2026-03-14 02:24:47.791 edge /api/events status=200 upstream=B rt_ms=385 bytes=33393
2026-03-14 02:24:48.896 edge /api/orders status=404 upstream=B rt_ms=235 bytes=40608
2026-03-14 02:24:50.853 edge / status=200 upstream=B rt_ms=60 bytes=3806
2026-03-14 02:24:51.537 edge /healthz status=500 upstream=B rt_ms=67 bytes=24579
2026-03-14 02:24:55.195 edge /api/events status=200 upstream=B rt_ms=301 bytes=29587
2026-03-14 02:24:56.447 edge /api/events status=200 upstream=B rt_ms=261 bytes=7718
2026-03-14 02:24:58.442 edge /api/orders status=200 upstream=B rt_ms=240 bytes=7158
2026-03-14 02:25:00.597 edge /api/orders status=200 upstream=B rt_ms=126 bytes=13852
2026-03-14 02:25:01.072 edge /static/style.css status=200 upstream=B rt_ms=218 bytes=29938
2026-03-14 02:25:02.987 edge /static/style.css status=200 upstream=B rt_ms=355 bytes=3721
2026-03-14 02:25:04.782 edge /api/orders status=404 upstream=B rt_ms=240 bytes=20318
2026-03-14 02:25:06.401 edge /healthz status=200 upstream=B rt_ms=378 bytes=9216
2026-03-14 02:25:07.541 edge /api/orders status=200 upstream=B rt_ms=359 bytes=32093
2026-03-14 02:25:08.142 edge /static/style.css status=200 upstream=B rt_ms=186 bytes=31389
2026-03-14 02:25:09.221 edge / status=200 upstream=B rt_ms=146 bytes=26757
2026-03-14 02:25:09.291 edge /healthz status=200 upstream=B rt_ms=58 bytes=12852
2026-03-14 02:25:09.373 edge /healthz status=200 upstream=B rt_ms=161 bytes=13393
2026-03-14 02:25:10.112 edge /static/style.css status=200 upstream=B rt_ms=351 bytes=4160
2026-03-14 02:25:10.488 edge / status=200 upstream=B rt_ms=291 bytes=12392
2026-03-14 02:25:11.175 edge / status=200 upstream=B rt_ms=118 bytes=20576
2026-03-14 02:25:12.979 edge /api/orders status=200 upstream=B rt_ms=49 bytes=37807
2026-03-14 02:25:13.273 edge /healthz status=200 upstream=B rt_ms=182 bytes=11762
2026-03-14 02:25:13.924 edge / status=200 upstream=B rt_ms=264 bytes=17121
2026-03-14 02:25:16.656 edge /static/style.css status=200 upstream=B rt_ms=235 bytes=36764
2026-03-14 02:25:17.922 edge /healthz status=200 upstream=B rt_ms=227 bytes=5066
2026-03-14 02:25:18.133 edge / status=200 upstream=B rt_ms=267 bytes=28847
2026-03-14 02:25:20.538 edge /api/events status=200 upstream=B rt_ms=341 bytes=12303
2026-03-14 02:25:21.340 edge /api/orders status=200 upstream=B rt_ms=383 bytes=34559
2026-03-14 02:25:23.895 edge /static/style.css status=200 upstream=B rt_ms=230 bytes=15600
2026-03-14 02:25:27.674 edge / status=200 upstream=B rt_ms=241 bytes=25132
2026-03-14 02:25:27.922 edge /api/events status=200 upstream=B rt_ms=388 bytes=40957
2026-03-14 02:25:29.119 edge /healthz status=200 upstream=B rt_ms=210 bytes=35939
2026-03-14 02:25:29.492 edge /api/orders status=200 upstream=B rt_ms=366 bytes=39612
2026-03-14 02:25:29.532 edge /static/style.css status=200 upstream=B rt_ms=85 bytes=34325
2026-03-14 02:25:31.120 edge /static/style.css status=200 upstream=B rt_ms=329 bytes=19849
2026-03-14 02:25:32.428 edge /api/events status=200 upstream=B rt_ms=207 bytes=19102
2026-03-14 02:25:33.800 edge /healthz status=200 upstream=B rt_ms=397 bytes=12530
2026-03-14 02:25:33.954 edge /static/style.css status=200 upstream=B rt_ms=305 bytes=3775
2026-03-14 02:25:34.436 edge /static/style.css status=200 upstream=B rt_ms=175 bytes=25794
2026-03-14 02:25:34.653 edge / status=200 upstream=B rt_ms=337 bytes=12762
2026-03-14 02:25:35.076 edge / status=200 upstream=B rt_ms=29 bytes=22367
2026-03-14 02:25:35.888 edge /api/orders status=200 upstream=B rt_ms=54 bytes=21338
2026-03-14 02:25:36.539 edge / status=200 upstream=B rt_ms=180 bytes=32050
2026-03-14 02:25:36.626 edge /static/style.css status=200 upstream=B rt_ms=45 bytes=22217
2026-03-14 02:25:36.953 edge /static/style.css status=200 upstream=B rt_ms=306 bytes=5527
2026-03-14 02:25:36.980 edge /api/orders status=200 upstream=B rt_ms=372 bytes=2028
2026-03-14 02:25:37.564 edge /api/orders status=200 upstream=B rt_ms=132 bytes=39582
2026-03-14 02:25:39.867 edge /healthz status=200 upstream=B rt_ms=210 bytes=18900
2026-03-14 02:25:39.955 edge / status=200 upstream=B rt_ms=272 bytes=2251
2026-03-14 02:25:40.564 edge /api/events status=200 upstream=B rt_ms=291 bytes=10061
2026-03-14 02:25:41.360 edge /api/events status=200 upstream=B rt_ms=157 bytes=4725
2026-03-14 02:25:41.673 edge /api/orders status=200 upstream=B rt_ms=379 bytes=38501
2026-03-14 02:25:41.944 edge /static/style.css status=500 upstream=B rt_ms=71 bytes=17994
2026-03-14 02:25:43.007 edge /api/events status=200 upstream=B rt_ms=355 bytes=39615
2026-03-14 02:25:43.129 edge /api/events status=200 upstream=B rt_ms=314 bytes=4252
2026-03-14 02:25:43.537 edge /static/style.css status=200 upstream=B rt_ms=359 bytes=41979
2026-03-14 02:25:46.002 edge / status=200 upstream=B rt_ms=64 bytes=39210
2026-03-14 02:25:46.083 edge / status=200 upstream=B rt_ms=378 bytes=23923
2026-03-14 02:25:47.198 edge /static/style.css status=200 upstream=B rt_ms=38 bytes=18380
2026-03-14 02:25:49.530 edge /api/events status=200 upstream=B rt_ms=16 bytes=20648
2026-03-14 02:25:49.558 edge /healthz status=200 upstream=B rt_ms=295 bytes=16887
2026-03-14 02:25:50.441 edge /static/style.css status=200 upstream=B rt_ms=34 bytes=33864
2026-03-14 02:25:53.630 edge /api/events status=200 upstream=B rt_ms=145 bytes=9268
2026-03-14 02:25:53.688 edge /api/orders status=200 upstream=B rt_ms=109 bytes=5492
2026-03-14 02:25:54.434 edge /static/style.css status=200 upstream=B rt_ms=26 bytes=19301
2026-03-14 02:25:55.697 edge /static/style.css status=200 upstream=B rt_ms=170 bytes=12601
2026-03-14 02:25:55.786 edge /api/events status=200 upstream=B rt_ms=319 bytes=10025
2026-03-14 02:25:57.734 edge / status=200 upstream=B rt_ms=156 bytes=13882
2026-03-14 02:25:57.943 edge /api/orders status=200 upstream=B rt_ms=225 bytes=27313
2026-03-14 02:25:58.103 edge /api/events status=200 upstream=B rt_ms=6 bytes=41401
2026-03-14 02:25:59.352 edge /static/style.css status=200 upstream=B rt_ms=315 bytes=33746
2026-03-14 02:26:02.004 edge /healthz status=200 upstream=B rt_ms=109 bytes=25463
2026-03-14 02:26:02.794 edge /api/events status=200 upstream=B rt_ms=160 bytes=20756
2026-03-14 02:26:03.078 edge /api/orders status=200 upstream=B rt_ms=52 bytes=23330
2026-03-14 02:26:03.339 edge /api/events status=200 upstream=B rt_ms=81 bytes=23649
2026-03-14 02:26:04.558 edge /api/events status=404 upstream=B rt_ms=245 bytes=27557
2026-03-14 02:26:06.601 edge /static/style.css status=200 upstream=B rt_ms=355 bytes=39514
2026-03-14 02:26:07.252 edge /static/style.css status=200 upstream=B rt_ms=128 bytes=25913
2026-03-14 02:26:07.843 edge /api/events status=200 upstream=B rt_ms=207 bytes=21883
2026-03-14 02:26:09.452 edge /healthz status=200 upstream=B rt_ms=194 bytes=224
2026-03-14 02:26:10.936 edge /static/style.css status=200 upstream=B rt_ms=96 bytes=12034
2026-03-14 02:26:11.717 edge /static/style.css status=200 upstream=B rt_ms=55 bytes=3532
2026-03-14 02:26:12.186 edge /static/style.css status=200 upstream=B rt_ms=182 bytes=2382
2026-03-14 02:26:12.549 edge /api/events status=200 upstream=B rt_ms=308 bytes=38830
2026-03-14 02:26:12.740 edge /healthz status=200 upstream=B rt_ms=147 bytes=13692
2026-03-14 02:26:13.059 edge / status=200 upstream=B rt_ms=342 bytes=36091
2026-03-14 02:26:14.091 edge / status=200 upstream=B rt_ms=59 bytes=4370
2026-03-14 02:26:16.290 edge /healthz status=200 upstream=B rt_ms=229 bytes=40967
2026-03-14 02:26:16.683 edge / status=200 upstream=B rt_ms=354 bytes=40927
2026-03-14 02:26:16.971 edge /healthz status=200 upstream=B rt_ms=38 bytes=436
2026-03-14 02:26:17.964 edge /api/orders status=404 upstream=B rt_ms=350 bytes=18297
2026-03-14 02:26:18.784 edge /healthz status=200 upstream=B rt_ms=207 bytes=26931
2026-03-14 02:26:18.993 edge / status=200 upstream=B rt_ms=106 bytes=4471
2026-03-14 02:26:20.442 edge /static/style.css status=200 upstream=B rt_ms=32 bytes=36082
2026-03-14 02:26:20.465 edge /api/orders status=200 upstream=B rt_ms=219 bytes=16320
2026-03-14 02:26:21.326 edge /api/events status=200 upstream=B rt_ms=4 bytes=19598
2026-03-14 02:26:23.621 edge /healthz status=200 upstream=B rt_ms=131 bytes=19744
2026-03-14 02:26:23.807 edge /api/events status=200 upstream=B rt_ms=367 bytes=4909
2026-03-14 02:26:25.912 edge /static/style.css status=200 upstream=B rt_ms=199 bytes=7511
2026-03-14 02:26:26.069 edge /api/orders status=200 upstream=B rt_ms=109 bytes=5231
2026-03-14 02:26:26.843 edge / status=200 upstream=B rt_ms=21 bytes=32018
2026-03-14 02:26:27.233 edge /api/events status=200 upstream=B rt_ms=310 bytes=2819
2026-03-14 02:26:27.425 edge /api/orders status=200 upstream=B rt_ms=364 bytes=16085
2026-03-14 02:26:27.646 edge /static/style.css status=200 upstream=B rt_ms=385 bytes=1477
2026-03-14 02:26:28.723 edge / status=200 upstream=B rt_ms=369 bytes=19824
2026-03-14 02:26:28.926 edge /static/style.css status=200 upstream=B rt_ms=247 bytes=14914
2026-03-14 02:26:29.587 edge / status=200 upstream=B rt_ms=17 bytes=2459
2026-03-14 02:26:29.627 edge /api/events status=200 upstream=B rt_ms=302 bytes=34081
2026-03-14 02:26:31.062 edge /api/events status=200 upstream=B rt_ms=214 bytes=24795
2026-03-14 02:26:32.377 edge /static/style.css status=200 upstream=B rt_ms=142 bytes=34436
2026-03-14 02:26:32.448 edge /static/style.css status=200 upstream=B rt_ms=229 bytes=18912
2026-03-14 02:26:34.058 edge /api/orders status=200 upstream=B rt_ms=202 bytes=32351
2026-03-14 02:26:34.065 edge /healthz status=200 upstream=B rt_ms=227 bytes=19138
2026-03-14 02:26:35.144 edge / status=200 upstream=B rt_ms=212 bytes=38080
2026-03-14 02:26:35.421 edge /api/orders status=200 upstream=B rt_ms=388 bytes=201
2026-03-14 02:26:37.419 edge /healthz status=200 upstream=B rt_ms=160 bytes=13087
2026-03-14 02:26:37.758 edge / status=200 upstream=B rt_ms=160 bytes=21958
2026-03-14 02:26:38.028 edge /api/orders status=200 upstream=B rt_ms=330 bytes=14380
2026-03-14 02:26:38.113 edge /api/orders status=200 upstream=B rt_ms=224 bytes=20532
2026-03-14 02:26:39.048 edge /static/style.css status=200 upstream=B rt_ms=319 bytes=29449
2026-03-14 02:26:39.105 edge /static/style.css status=200 upstream=B rt_ms=90 bytes=35630
2026-03-14 02:26:41.277 edge / status=200 upstream=B rt_ms=305 bytes=22266
2026-03-14 02:26:41.543 edge /api/orders status=200 upstream=B rt_ms=211 bytes=41676
2026-03-14 02:26:43.931 edge /static/style.css status=200 upstream=B rt_ms=270 bytes=1210
2026-03-14 02:26:44.960 edge /static/style.css status=200 upstream=B rt_ms=25 bytes=2944
2026-03-14 02:26:47.626 edge /api/orders status=200 upstream=B rt_ms=158 bytes=13833
2026-03-14 02:26:49.693 edge /static/style.css status=200 upstream=B rt_ms=28 bytes=12537
2026-03-14 02:26:49.903 edge / status=200 upstream=B rt_ms=349 bytes=11670
2026-03-14 02:26:50.643 edge / status=200 upstream=B rt_ms=112 bytes=25170
2026-03-14 02:26:51.061 edge /healthz status=200 upstream=B rt_ms=297 bytes=31511
2026-03-14 02:26:51.453 edge /api/events status=200 upstream=B rt_ms=280 bytes=28219
2026-03-14 02:26:53.581 edge /healthz status=200 upstream=B rt_ms=381 bytes=32481
2026-03-14 02:26:54.325 edge /api/orders status=404 upstream=B rt_ms=65 bytes=19072
2026-03-14 02:26:55.526 edge /healthz status=200 upstream=B rt_ms=305 bytes=34760
2026-03-14 02:27:00.221 edge /api/orders status=200 upstream=B rt_ms=196 bytes=20303
2026-03-14 02:27:00.679 edge /healthz status=200 upstream=B rt_ms=95 bytes=3268
2026-03-14 02:27:01.621 edge /api/events status=200 upstream=B rt_ms=252 bytes=6694
2026-03-14 02:27:02.200 edge /healthz status=200 upstream=B rt_ms=270 bytes=31551
2026-03-14 02:27:03.395 edge /healthz status=500 upstream=B rt_ms=322 bytes=16791
2026-03-14 02:27:04.199 edge /static/style.css status=200 upstream=B rt_ms=287 bytes=29357
2026-03-14 02:27:05.417 edge /static/style.css status=200 upstream=B rt_ms=212 bytes=31965
2026-03-14 02:27:05.782 edge / status=200 upstream=B rt_ms=204 bytes=26771
2026-03-14 02:27:06.413 edge /healthz status=200 upstream=B rt_ms=82 bytes=37343
2026-03-14 02:27:07.026 edge /api/events status=200 upstream=B rt_ms=224 bytes=9056
2026-03-14 02:27:09.167 edge / status=200 upstream=B rt_ms=301 bytes=3337
2026-03-14 02:27:09.256 edge /healthz status=500 upstream=B rt_ms=65 bytes=39340
2026-03-14 02:27:09.368 edge / status=200 upstream=B rt_ms=394 bytes=26839
2026-03-14 02:27:13.310 edge /healthz status=200 upstream=B rt_ms=169 bytes=26185
2026-03-14 02:27:13.814 edge /static/style.css status=200 upstream=B rt_ms=268 bytes=7704
2026-03-14 02:27:15.947 edge / status=200 upstream=B rt_ms=244 bytes=8744
2026-03-14 02:27:19.357 edge /api/orders status=200 upstream=B rt_ms=20 bytes=22749
2026-03-14 02:27:19.460 edge /healthz status=200 upstream=B rt_ms=77 bytes=41505
2026-03-14 02:27:20.980 edge / status=200 upstream=B rt_ms=218 bytes=8557
2026-03-14 02:27:21.066 edge /healthz status=200 upstream=B rt_ms=114 bytes=3839
2026-03-14 02:27:21.778 edge / status=200 upstream=B rt_ms=288 bytes=39595
2026-03-14 02:27:21.779 edge /api/events status=200 upstream=B rt_ms=279 bytes=39885
2026-03-14 02:27:22.863 edge /static/style.css status=200 upstream=B rt_ms=368 bytes=27785
2026-03-14 02:27:24.473 edge /api/events status=200 upstream=B rt_ms=74 bytes=21751
2026-03-14 02:27:25.590 edge /static/style.css status=200 upstream=B rt_ms=16 bytes=41429
2026-03-14 02:27:26.539 edge /healthz status=200 upstream=B rt_ms=104 bytes=31464
2026-03-14 02:27:27.041 edge /healthz status=200 upstream=B rt_ms=199 bytes=40104
2026-03-14 02:27:27.502 edge / status=200 upstream=B rt_ms=302 bytes=19019
2026-03-14 02:27:27.904 edge /healthz status=200 upstream=B rt_ms=153 bytes=3985
2026-03-14 02:27:28.182 edge /healthz status=404 upstream=B rt_ms=261 bytes=34905
2026-03-14 02:27:28.431 edge /api/orders status=200 upstream=B rt_ms=38 bytes=11218
2026-03-14 02:27:28.812 edge / status=200 upstream=B rt_ms=270 bytes=25256
2026-03-14 02:27:29.277 edge /api/orders status=200 upstream=B rt_ms=387 bytes=17351
2026-03-14 02:27:29.525 edge /api/events status=200 upstream=B rt_ms=105 bytes=26097
2026-03-14 02:27:29.696 edge /api/events status=200 upstream=B rt_ms=167 bytes=41936
2026-03-14 02:27:30.592 edge /static/style.css status=200 upstream=B rt_ms=223 bytes=39458
2026-03-14 02:27:31.177 edge /api/events status=200 upstream=B rt_ms=210 bytes=5969
2026-03-14 02:27:33.236 edge /api/orders status=200 upstream=B rt_ms=21 bytes=38148
2026-03-14 02:27:33.638 edge /static/style.css status=200 upstream=B rt_ms=113 bytes=1011
2026-03-14 02:27:34.045 edge /api/orders status=200 upstream=B rt_ms=158 bytes=14354
2026-03-14 02:27:34.207 edge /static/style.css status=200 upstream=B rt_ms=67 bytes=7202
2026-03-14 02:27:34.819 edge /static/style.css status=200 upstream=B rt_ms=253 bytes=23605
2026-03-14 02:27:35.567 edge / status=200 upstream=B rt_ms=192 bytes=36199
2026-03-14 02:27:35.992 edge /healthz status=200 upstream=B rt_ms=78 bytes=19279
2026-03-14 02:27:36.300 edge /api/events status=200 upstream=B rt_ms=331 bytes=35564
2026-03-14 02:27:36.353 edge / status=200 upstream=B rt_ms=31 bytes=22352
2026-03-14 02:27:36.944 edge / status=200 upstream=B rt_ms=181 bytes=21989
2026-03-14 02:27:37.143 edge /static/style.css status=200 upstream=B rt_ms=129 bytes=34302
2026-03-14 02:27:37.610 edge /api/orders status=200 upstream=B rt_ms=330 bytes=10711
2026-03-14 02:27:38.650 edge / status=200 upstream=B rt_ms=232 bytes=22213
2026-03-14 02:27:38.720 edge /api/events status=200 upstream=B rt_ms=63 bytes=28477
2026-03-14 02:27:38.863 edge /api/orders status=200 upstream=B rt_ms=40 bytes=1211
2026-03-14 02:27:39.192 edge / status=200 upstream=B rt_ms=244 bytes=3796
2026-03-14 02:27:39.658 edge /healthz status=200 upstream=B rt_ms=66 bytes=19366
2026-03-14 02:27:41.500 edge /static/style.css status=200 upstream=B rt_ms=181 bytes=39776
2026-03-14 02:27:42.409 edge / status=200 upstream=B rt_ms=199 bytes=36276
2026-03-14 02:27:42.784 edge /static/style.css status=200 upstream=B rt_ms=350 bytes=2066
2026-03-14 02:27:43.022 edge /api/events status=200 upstream=B rt_ms=65 bytes=15967
2026-03-14 02:27:43.149 edge / status=200 upstream=B rt_ms=280 bytes=24123
2026-03-14 02:27:47.327 edge /api/orders status=200 upstream=B rt_ms=78 bytes=20585
2026-03-14 02:27:49.564 edge /api/orders status=200 upstream=B rt_ms=144 bytes=6574
2026-03-14 02:27:49.806 edge / status=200 upstream=B rt_ms=23 bytes=18273
2026-03-14 02:27:50.766 edge /api/events status=500 upstream=B rt_ms=193 bytes=14086
2026-03-14 02:27:51.356 edge / status=200 upstream=B rt_ms=3 bytes=4690
2026-03-14 02:27:52.946 edge / status=200 upstream=B rt_ms=265 bytes=6081
2026-03-14 02:27:53.601 edge /api/events status=200 upstream=B rt_ms=218 bytes=12195
2026-03-14 02:27:54.497 edge /healthz status=200 upstream=B rt_ms=46 bytes=20385
2026-03-14 02:27:56.472 edge /api/events status=200 upstream=B rt_ms=146 bytes=16614
2026-03-14 02:27:57.705 edge /static/style.css status=200 upstream=B rt_ms=284 bytes=33319
2026-03-14 02:27:57.934 edge /static/style.css status=500 upstream=B rt_ms=141 bytes=29658
2026-03-14 02:27:57.982 edge / status=200 upstream=B rt_ms=380 bytes=34282
2026-03-14 02:27:58.559 edge / status=200 upstream=B rt_ms=215 bytes=2857
2026-03-14 02:27:58.999 edge /api/orders status=200 upstream=B rt_ms=372 bytes=1527
2026-03-14 02:27:59.397 edge / status=404 upstream=B rt_ms=185 bytes=13781
2026-03-14 02:28:02.712 edge / status=200 upstream=B rt_ms=370 bytes=7845
2026-03-14 02:28:03.417 edge /static/style.css status=200 upstream=B rt_ms=229 bytes=27733
2026-03-14 02:28:03.774 edge / status=500 upstream=B rt_ms=203 bytes=29635
2026-03-14 02:28:06.059 edge /healthz status=200 upstream=B rt_ms=90 bytes=41080
2026-03-14 02:28:11.534 edge /static/style.css status=200 upstream=B rt_ms=39 bytes=38713
2026-03-14 02:28:11.768 edge /static/style.css status=200 upstream=B rt_ms=128 bytes=28369
2026-03-14 02:28:14.363 edge /api/events status=200 upstream=B rt_ms=289 bytes=17568
2026-03-14 02:28:15.159 edge /api/events status=200 upstream=B rt_ms=278 bytes=3505
2026-03-14 02:28:18.398 edge / status=200 upstream=B rt_ms=56 bytes=13642
2026-03-14 02:28:19.128 edge / status=200 upstream=B rt_ms=58 bytes=4212
2026-03-14 02:28:20.391 edge /api/orders status=500 upstream=B rt_ms=315 bytes=31797
2026-03-14 02:28:21.713 edge /api/orders status=200 upstream=B rt_ms=247 bytes=13785
2026-03-14 02:28:21.934 edge /healthz status=200 upstream=B rt_ms=264 bytes=9556
2026-03-14 02:28:21.991 edge /static/style.css status=200 upstream=B rt_ms=152 bytes=9541
2026-03-14 02:28:24.281 edge /api/orders status=200 upstream=B rt_ms=30 bytes=26519
2026-03-14 02:28:25.583 edge /api/orders status=200 upstream=B rt_ms=86 bytes=13371
2026-03-14 02:28:26.226 edge /static/style.css status=200 upstream=B rt_ms=389 bytes=20352
2026-03-14 02:28:28.345 edge / status=200 upstream=B rt_ms=358 bytes=1668
2026-03-14 02:28:28.606 edge /healthz status=200 upstream=B rt_ms=123 bytes=9775
2026-03-14 02:28:29.812 edge /static/style.css status=200 upstream=B rt_ms=113 bytes=36338
2026-03-14 02:28:31.255 edge / status=200 upstream=B rt_ms=106 bytes=15783
2026-03-14 02:28:31.868 edge /healthz status=200 upstream=B rt_ms=19 bytes=39186
2026-03-14 02:28:33.017 edge /api/events status=200 upstream=B rt_ms=249 bytes=774
2026-03-14 02:28:34.380 edge /api/orders status=200 upstream=B rt_ms=320 bytes=21876
2026-03-14 02:28:35.303 edge / status=200 upstream=B rt_ms=184 bytes=24947
2026-03-14 02:28:35.555 edge / status=200 upstream=B rt_ms=121 bytes=13094
2026-03-14 02:28:36.071 edge /healthz status=200 upstream=B rt_ms=234 bytes=4982
2026-03-14 02:28:36.725 edge /api/events status=200 upstream=B rt_ms=155 bytes=14805
2026-03-14 02:28:36.976 edge /api/events status=200 upstream=B rt_ms=316 bytes=39901
2026-03-14 02:28:40.802 edge /api/orders status=200 upstream=B rt_ms=360 bytes=22795
2026-03-14 02:28:41.136 edge /api/orders status=200 upstream=B rt_ms=351 bytes=22103
2026-03-14 02:28:41.558 edge /api/orders status=200 upstream=B rt_ms=322 bytes=21626
2026-03-14 02:28:41.880 edge /healthz status=200 upstream=B rt_ms=42 bytes=30435
2026-03-14 02:28:44.439 edge /api/orders status=200 upstream=B rt_ms=106 bytes=17946
2026-03-14 02:28:45.604 edge /api/orders status=200 upstream=B rt_ms=260 bytes=20880
2026-03-14 02:28:46.176 edge /api/events status=200 upstream=B rt_ms=282 bytes=1354
2026-03-14 02:28:46.508 edge / status=200 upstream=B rt_ms=323 bytes=5140
2026-03-14 02:28:48.461 edge / status=200 upstream=B rt_ms=94 bytes=804
2026-03-14 02:28:50.322 edge /static/style.css status=200 upstream=B rt_ms=357 bytes=39830
2026-03-14 02:28:50.694 edge /healthz status=404 upstream=B rt_ms=178 bytes=3610
2026-03-14 02:28:53.638 edge /api/orders status=200 upstream=B rt_ms=165 bytes=29991
2026-03-14 02:28:56.404 edge /api/events status=200 upstream=B rt_ms=259 bytes=22024
2026-03-14 02:28:59.657 edge / status=500 upstream=B rt_ms=42 bytes=15326
2026-03-14 02:29:01.007 edge /healthz status=200 upstream=B rt_ms=48 bytes=25415
2026-03-14 02:29:02.128 edge /api/orders status=200 upstream=B rt_ms=176 bytes=28976
2026-03-14 02:29:04.077 edge /healthz status=200 upstream=B rt_ms=151 bytes=6944
2026-03-14 02:29:04.483 edge /api/events status=200 upstream=B rt_ms=144 bytes=15765
2026-03-14 02:29:04.914 edge /api/events status=200 upstream=B rt_ms=247 bytes=36578
2026-03-14 02:29:06.258 edge /healthz status=200 upstream=B rt_ms=394 bytes=14922
2026-03-14 02:29:07.680 edge /api/orders status=200 upstream=B rt_ms=197 bytes=4743
2026-03-14 02:29:08.501 edge /api/events status=200 upstream=B rt_ms=316 bytes=2026
2026-03-14 02:29:10.652 edge /api/events status=200 upstream=B rt_ms=323 bytes=7497
2026-03-14 02:29:11.073 edge /api/events status=200 upstream=B rt_ms=374 bytes=36655
2026-03-14 02:29:11.789 edge /static/style.css status=200 upstream=B rt_ms=108 bytes=5708
2026-03-14 02:29:11.933 edge /api/orders status=200 upstream=B rt_ms=109 bytes=20289
2026-03-14 02:29:14.325 edge /static/style.css status=200 upstream=B rt_ms=329 bytes=31083
2026-03-14 02:29:14.488 edge /static/style.css status=200 upstream=B rt_ms=332 bytes=24847
2026-03-14 02:29:15.365 edge /api/events status=200 upstream=B rt_ms=221 bytes=8742
2026-03-14 02:29:17.675 edge /api/orders status=200 upstream=B rt_ms=16 bytes=10728
2026-03-14 02:29:19.687 edge / status=200 upstream=B rt_ms=157 bytes=2094
2026-03-14 02:29:22.339 edge /api/events status=200 upstream=B rt_ms=26 bytes=24271
2026-03-14 02:29:24.030 edge /api/events status=200 upstream=B rt_ms=376 bytes=1618
2026-03-14 02:29:26.443 edge /api/orders status=200 upstream=B rt_ms=219 bytes=32277
2026-03-14 02:29:26.562 edge /healthz status=200 upstream=B rt_ms=199 bytes=24806
2026-03-14 02:29:27.041 edge /static/style.css status=200 upstream=B rt_ms=137 bytes=22373
2026-03-14 02:29:28.887 edge /api/orders status=200 upstream=B rt_ms=278 bytes=32880
2026-03-14 02:29:29.215 edge /static/style.css status=200 upstream=B rt_ms=195 bytes=33392
2026-03-14 02:29:29.240 edge / status=200 upstream=B rt_ms=199 bytes=12913
2026-03-14 02:29:30.029 edge / status=200 upstream=B rt_ms=391 bytes=241
2026-03-14 02:29:30.485 edge / status=200 upstream=B rt_ms=319 bytes=6070
2026-03-14 02:29:30.941 edge /static/style.css status=500 upstream=B rt_ms=245 bytes=36281
2026-03-14 02:29:31.457 edge /healthz status=200 upstream=B rt_ms=132 bytes=5575
2026-03-14 02:29:32.223 edge /static/style.css status=200 upstream=B rt_ms=152 bytes=11266
2026-03-14 02:29:32.635 edge /api/orders status=200 upstream=B rt_ms=292 bytes=14292
2026-03-14 02:29:34.986 edge / status=200 upstream=B rt_ms=340 bytes=41034
2026-03-14 02:29:35.694 edge /healthz status=200 upstream=B rt_ms=137 bytes=7707
2026-03-14 02:29:37.556 edge /static/style.css status=200 upstream=B rt_ms=120 bytes=14152
2026-03-14 02:29:39.332 edge / status=200 upstream=B rt_ms=242 bytes=36392
2026-03-14 02:29:39.804 edge / status=200 upstream=B rt_ms=271 bytes=2904
2026-03-14 02:29:40.038 edge /healthz status=500 upstream=B rt_ms=311 bytes=4924
2026-03-14 02:29:40.064 edge /api/events status=200 upstream=B rt_ms=53 bytes=38709
2026-03-14 02:29:40.517 edge / status=200 upstream=B rt_ms=399 bytes=11888
2026-03-14 02:29:41.399 edge / status=200 upstream=B rt_ms=280 bytes=19312
2026-03-14 02:29:41.464 edge /healthz status=200 upstream=B rt_ms=330 bytes=35717
2026-03-14 02:29:41.731 edge /api/orders status=200 upstream=B rt_ms=136 bytes=15218
2026-03-14 02:29:42.223 edge /healthz status=200 upstream=B rt_ms=344 bytes=10060
2026-03-14 02:29:45.243 edge / status=200 upstream=B rt_ms=13 bytes=22007
2026-03-14 02:29:46.966 edge /static/style.css status=200 upstream=B rt_ms=157 bytes=33548
2026-03-14 02:29:49.313 edge /static/style.css status=200 upstream=B rt_ms=198 bytes=30558
2026-03-14 02:29:49.659 edge /api/events status=200 upstream=B rt_ms=328 bytes=24423
2026-03-14 02:29:49.718 edge /static/style.css status=200 upstream=B rt_ms=247 bytes=2142
2026-03-14 02:29:50.862 edge /static/style.css status=200 upstream=B rt_ms=41 bytes=11482
2026-03-14 02:29:51.153 edge /static/style.css status=200 upstream=B rt_ms=17 bytes=23748
2026-03-14 02:29:51.439 edge /healthz status=200 upstream=B rt_ms=327 bytes=23469
2026-03-14 02:29:53.980 edge /static/style.css status=200 upstream=B rt_ms=302 bytes=1010
2026-03-14 02:29:56.441 edge /api/orders status=200 upstream=B rt_ms=123 bytes=5333
2026-03-14 02:29:56.594 edge / status=200 upstream=B rt_ms=231 bytes=27217
2026-03-14 02:29:57.389 edge /healthz status=200 upstream=B rt_ms=392 bytes=23245
2026-03-14 02:29:58.740 edge /healthz status=200 upstream=B rt_ms=182 bytes=18683
2026-03-14 02:29:59.053 edge /static/style.css status=200 upstream=B rt_ms=341 bytes=4942
2026-03-14 02:29:59.324 edge /healthz status=200 upstream=B rt_ms=202 bytes=8580
2026-03-14 02:29:59.974 edge /healthz status=200 upstream=B rt_ms=363 bytes=25401
2026-03-14 02:30:00.936 edge /api/orders status=200 upstream=B rt_ms=240 bytes=18593
2026-03-14 02:30:03.765 edge /static/style.css status=200 upstream=B rt_ms=126 bytes=19145
2026-03-14 02:30:04.139 edge /static/style.css status=200 upstream=B rt_ms=193 bytes=28063
2026-03-14 02:30:04.410 edge / status=200 upstream=B rt_ms=135 bytes=33330
2026-03-14 02:30:04.645 edge /healthz status=200 upstream=B rt_ms=11 bytes=18548
2026-03-14 02:30:06.190 edge /healthz status=200 upstream=B rt_ms=386 bytes=34277
2026-03-14 02:30:07.360 edge /healthz status=200 upstream=B rt_ms=112 bytes=18906
2026-03-14 02:30:09.270 edge /api/orders status=200 upstream=B rt_ms=395 bytes=20744
2026-03-14 02:30:09.956 edge /api/events status=200 upstream=B rt_ms=81 bytes=22887
2026-03-14 02:30:10.442 edge /healthz status=200 upstream=B rt_ms=110 bytes=20775
2026-03-14 02:30:13.192 edge /healthz status=200 upstream=B rt_ms=11 bytes=35998
2026-03-14 02:30:13.916 edge /api/orders status=200 upstream=B rt_ms=152 bytes=19435
2026-03-14 02:30:14.107 edge /healthz status=200 upstream=B rt_ms=320 bytes=26561
2026-03-14 02:30:14.561 edge /api/events status=200 upstream=B rt_ms=315 bytes=7987
2026-03-14 02:30:15.878 edge /static/style.css status=200 upstream=B rt_ms=42 bytes=5226
2026-03-14 02:30:16.460 edge /static/style.css status=200 upstream=B rt_ms=196 bytes=1508
2026-03-14 02:30:19.281 edge /api/orders status=200 upstream=B rt_ms=62 bytes=24635
2026-03-14 02:30:19.343 edge /healthz status=200 upstream=B rt_ms=27 bytes=9170
2026-03-14 02:30:19.521 edge /api/orders status=200 upstream=B rt_ms=304 bytes=29252
2026-03-14 02:30:20.706 edge /static/style.css status=200 upstream=B rt_ms=177 bytes=39633
2026-03-14 02:30:21.517 edge /static/style.css status=200 upstream=B rt_ms=77 bytes=23032
2026-03-14 02:30:25.026 edge /api/orders status=200 upstream=B rt_ms=133 bytes=35939
2026-03-14 02:30:25.156 edge /static/style.css status=500 upstream=B rt_ms=110 bytes=27377
2026-03-14 02:30:25.563 edge /static/style.css status=200 upstream=B rt_ms=383 bytes=32525
2026-03-14 02:30:26.099 edge /api/orders status=200 upstream=B rt_ms=111 bytes=10177
2026-03-14 02:30:26.245 edge /api/events status=200 upstream=B rt_ms=363 bytes=37675
2026-03-14 02:30:26.916 edge /api/orders status=200 upstream=B rt_ms=242 bytes=18875
2026-03-14 02:30:27.227 edge /api/events status=200 upstream=B rt_ms=395 bytes=40732
2026-03-14 02:30:27.776 edge /healthz status=200 upstream=B rt_ms=225 bytes=37815
2026-03-14 02:30:28.024 edge /api/events status=200 upstream=B rt_ms=239 bytes=22570
2026-03-14 02:30:28.434 edge /healthz status=200 upstream=B rt_ms=369 bytes=26175
2026-03-14 02:30:29.847 edge /api/orders status=200 upstream=B rt_ms=233 bytes=36031
2026-03-14 02:30:29.976 edge /static/style.css status=200 upstream=B rt_ms=78 bytes=13526
2026-03-14 02:30:30.421 edge /healthz status=200 upstream=B rt_ms=102 bytes=11515
2026-03-14 02:30:31.508 edge /static/style.css status=200 upstream=B rt_ms=85 bytes=34128
2026-03-14 02:30:32.331 edge /static/style.css status=200 upstream=B rt_ms=258 bytes=23651
2026-03-14 02:30:32.408 edge /api/events status=200 upstream=B rt_ms=129 bytes=22826
2026-03-14 02:30:32.872 edge /api/events status=200 upstream=B rt_ms=215 bytes=26307
2026-03-14 02:30:34.564 edge /healthz status=200 upstream=B rt_ms=228 bytes=17154
2026-03-14 02:30:37.872 edge /api/events status=200 upstream=B rt_ms=28 bytes=6869
2026-03-14 02:30:39.671 edge /static/style.css status=404 upstream=B rt_ms=240 bytes=29979
2026-03-14 02:30:41.619 edge /static/style.css status=200 upstream=B rt_ms=396 bytes=34198
2026-03-14 02:30:41.852 edge /api/orders status=200 upstream=B rt_ms=177 bytes=5095
2026-03-14 02:30:41.853 edge /api/events status=200 upstream=B rt_ms=292 bytes=29217
2026-03-14 02:30:42.572 edge /api/orders status=200 upstream=B rt_ms=289 bytes=38427
2026-03-14 02:30:42.780 edge /static/style.css status=200 upstream=B rt_ms=47 bytes=6019
2026-03-14 02:30:43.945 edge /api/events status=200 upstream=B rt_ms=91 bytes=5343
2026-03-14 02:30:44.880 edge /healthz status=500 upstream=B rt_ms=240 bytes=32117
2026-03-14 02:30:45.128 edge / status=200 upstream=B rt_ms=299 bytes=29240
2026-03-14 02:30:46.355 edge /api/events status=500 upstream=B rt_ms=201 bytes=20883
2026-03-14 02:30:49.440 edge /static/style.css status=200 upstream=B rt_ms=347 bytes=28290
2026-03-14 02:30:50.374 edge / status=200 upstream=B rt_ms=315 bytes=38097
2026-03-14 02:30:50.993 edge / status=200 upstream=B rt_ms=115 bytes=25854
2026-03-14 02:30:51.023 edge /healthz status=404 upstream=B rt_ms=231 bytes=22436
2026-03-14 02:30:51.540 edge /api/orders status=200 upstream=B rt_ms=287 bytes=40347
2026-03-14 02:30:51.939 edge /healthz status=200 upstream=B rt_ms=307 bytes=39789
2026-03-14 02:30:52.061 edge /healthz status=200 upstream=B rt_ms=298 bytes=38356
2026-03-14 02:30:52.883 edge /api/orders status=500 upstream=B rt_ms=346 bytes=3236
2026-03-14 02:30:52.982 edge / status=404 upstream=B rt_ms=311 bytes=40287
2026-03-14 02:30:53.292 edge /api/events status=200 upstream=B rt_ms=205 bytes=14418
2026-03-14 02:30:54.192 edge /api/events status=200 upstream=B rt_ms=144 bytes=16010
2026-03-14 02:30:54.744 edge /api/orders status=200 upstream=B rt_ms=26 bytes=13611
2026-03-14 02:30:56.740 edge /healthz status=200 upstream=B rt_ms=20 bytes=8864
2026-03-14 02:30:57.110 edge /static/style.css status=200 upstream=B rt_ms=165 bytes=24358
2026-03-14 02:30:57.811 edge /api/orders status=200 upstream=B rt_ms=390 bytes=38307
2026-03-14 02:31:00.017 edge event=deploy marker=router-config-v8 pushed_by=ci
2026-03-14 02:31:00.840 edge /api/events status=200 upstream=B rt_ms=231 bytes=15530
2026-03-14 02:31:01.694 edge / status=200 upstream=B rt_ms=342 bytes=41498
2026-03-14 02:31:02.607 edge /static/style.css status=200 upstream=B rt_ms=281 bytes=6892
2026-03-14 02:31:03.741 edge /healthz status=200 upstream=B rt_ms=150 bytes=21996
2026-03-14 02:31:03.850 edge /healthz status=200 upstream=B rt_ms=4 bytes=3929
2026-03-14 02:31:04.044 edge /healthz status=200 upstream=B rt_ms=110 bytes=36702
2026-03-14 02:31:05.081 edge /static/style.css status=200 upstream=B rt_ms=137 bytes=30528
2026-03-14 02:31:05.734 edge /api/orders status=200 upstream=B rt_ms=294 bytes=31029
2026-03-14 02:31:06.522 edge /healthz status=200 upstream=B rt_ms=175 bytes=9521
2026-03-14 02:31:06.643 edge /api/orders status=200 upstream=B rt_ms=117 bytes=40344
2026-03-14 02:31:08.464 edge /static/style.css status=200 upstream=B rt_ms=141 bytes=20766
2026-03-14 02:31:09.295 edge /api/orders status=200 upstream=B rt_ms=86 bytes=237
2026-03-14 02:31:10.164 edge /api/orders status=200 upstream=B rt_ms=76 bytes=24085
2026-03-14 02:31:11.737 edge /api/orders status=200 upstream=B rt_ms=241 bytes=7094
2026-03-14 02:31:13.328 edge /healthz status=200 upstream=B rt_ms=233 bytes=38473
2026-03-14 02:31:13.495 edge /static/style.css status=200 upstream=B rt_ms=386 bytes=8734
2026-03-14 02:31:15.107 edge /static/style.css status=200 upstream=B rt_ms=250 bytes=38139
2026-03-14 02:31:15.499 edge /healthz status=200 upstream=B rt_ms=342 bytes=4732
2026-03-14 02:31:16.997 edge /api/orders status=200 upstream=B rt_ms=179 bytes=26489
2026-03-14 02:31:18.807 edge / status=200 upstream=B rt_ms=397 bytes=11403
2026-03-14 02:31:18.900 edge / status=200 upstream=B rt_ms=19 bytes=12415
2026-03-14 02:31:20.150 edge /healthz status=200 upstream=B rt_ms=18 bytes=35354
2026-03-14 02:31:21.139 edge / status=200 upstream=B rt_ms=395 bytes=5824
2026-03-14 02:31:21.507 edge /api/events status=200 upstream=B rt_ms=34 bytes=24263
2026-03-14 02:31:22.362 edge /api/orders status=200 upstream=B rt_ms=228 bytes=17948
2026-03-14 02:31:23.190 edge /healthz status=200 upstream=B rt_ms=43 bytes=41053
2026-03-14 02:31:25.176 edge /api/events status=200 upstream=B rt_ms=135 bytes=35025
2026-03-14 02:31:26.974 edge / status=200 upstream=B rt_ms=106 bytes=16549
2026-03-14 02:31:26.974 edge /healthz status=200 upstream=B rt_ms=283 bytes=26866
2026-03-14 02:31:27.049 edge /api/orders status=200 upstream=B rt_ms=31 bytes=10290
2026-03-14 02:31:27.124 edge / status=200 upstream=B rt_ms=319 bytes=36099
2026-03-14 02:31:27.204 edge /api/orders status=200 upstream=B rt_ms=105 bytes=41954
2026-03-14 02:31:27.578 edge /healthz status=200 upstream=B rt_ms=37 bytes=1188
2026-03-14 02:31:29.930 edge /healthz status=200 upstream=B rt_ms=48 bytes=33341
2026-03-14 02:31:32.020 edge /api/events status=200 upstream=B rt_ms=180 bytes=5590
2026-03-14 02:31:34.590 edge /static/style.css status=200 upstream=B rt_ms=301 bytes=14689
2026-03-14 02:31:35.387 edge /api/events status=200 upstream=B rt_ms=132 bytes=3546
2026-03-14 02:31:35.898 edge /healthz status=200 upstream=B rt_ms=223 bytes=30955
2026-03-14 02:31:36.237 edge /api/orders status=200 upstream=B rt_ms=53 bytes=10663
2026-03-14 02:31:36.311 edge /api/events status=200 upstream=B rt_ms=212 bytes=8646
2026-03-14 02:31:36.782 edge /static/style.css status=200 upstream=B rt_ms=157 bytes=28023
2026-03-14 02:31:36.800 edge /static/style.css status=200 upstream=B rt_ms=398 bytes=4948
2026-03-14 02:31:36.882 edge /healthz status=200 upstream=B rt_ms=335 bytes=21555
2026-03-14 02:31:39.256 edge /api/orders status=200 upstream=B rt_ms=128 bytes=34808
2026-03-14 02:31:39.997 edge /api/orders status=200 upstream=B rt_ms=245 bytes=7708
2026-03-14 02:31:40.010 edge /static/style.css status=200 upstream=B rt_ms=242 bytes=31190
2026-03-14 02:31:42.483 edge /healthz status=200 upstream=B rt_ms=294 bytes=8711
2026-03-14 02:31:44.583 edge /static/style.css status=200 upstream=B rt_ms=243 bytes=24440
2026-03-14 02:31:45.953 edge / status=200 upstream=B rt_ms=212 bytes=27754
2026-03-14 02:31:46.848 edge /static/style.css status=200 upstream=B rt_ms=31 bytes=27257
2026-03-14 02:31:47.451 edge /healthz status=500 upstream=B rt_ms=364 bytes=16153
2026-03-14 02:31:47.793 edge /api/orders status=200 upstream=B rt_ms=312 bytes=10177
2026-03-14 02:31:48.191 edge /api/orders status=200 upstream=B rt_ms=144 bytes=3689
2026-03-14 02:31:51.738 edge /api/events status=200 upstream=B rt_ms=158 bytes=38389
2026-03-14 02:31:53.606 edge /healthz status=200 upstream=B rt_ms=98 bytes=2845
2026-03-14 02:31:55.045 edge /static/style.css status=200 upstream=B rt_ms=34 bytes=854
2026-03-14 02:31:55.442 edge /healthz status=200 upstream=B rt_ms=179 bytes=18544
2026-03-14 02:31:55.532 edge /api/orders status=200 upstream=B rt_ms=378 bytes=31072
2026-03-14 02:31:55.701 edge /api/events status=200 upstream=B rt_ms=114 bytes=9949
2026-03-14 02:31:55.742 edge /api/orders status=200 upstream=B rt_ms=92 bytes=26320
2026-03-14 02:31:55.962 edge /api/orders status=200 upstream=B rt_ms=137 bytes=34876
2026-03-14 02:31:56.305 edge /api/events status=200 upstream=B rt_ms=216 bytes=4307
2026-03-14 02:31:56.616 edge / status=200 upstream=B rt_ms=253 bytes=9056
2026-03-14 02:31:57.371 edge /api/orders status=200 upstream=B rt_ms=314 bytes=18525
2026-03-14 02:31:57.528 edge /static/style.css status=200 upstream=B rt_ms=11 bytes=29458
2026-03-14 02:32:01.602 edge /healthz status=200 upstream=B rt_ms=20 bytes=19620
2026-03-14 02:32:01.727 edge / status=200 upstream=B rt_ms=293 bytes=22953
2026-03-14 02:32:03.723 edge /api/orders status=200 upstream=B rt_ms=89 bytes=19661
2026-03-14 02:32:04.798 edge /healthz status=200 upstream=B rt_ms=271 bytes=28186
2026-03-14 02:32:07.283 edge /static/style.css status=200 upstream=B rt_ms=199 bytes=17248
2026-03-14 02:32:07.411 edge /api/orders status=200 upstream=B rt_ms=145 bytes=3647
2026-03-14 02:32:07.430 edge / status=200 upstream=B rt_ms=240 bytes=525
2026-03-14 02:32:07.743 edge /api/orders status=200 upstream=B rt_ms=162 bytes=24087
2026-03-14 02:32:08.363 edge / status=200 upstream=B rt_ms=78 bytes=3472
2026-03-14 02:32:08.641 edge /healthz status=200 upstream=B rt_ms=31 bytes=4286
2026-03-14 02:32:09.127 edge /api/orders status=200 upstream=B rt_ms=323 bytes=1485
2026-03-14 02:32:09.461 edge / status=200 upstream=B rt_ms=232 bytes=26931
2026-03-14 02:32:09.768 edge /api/events status=200 upstream=B rt_ms=191 bytes=22081
2026-03-14 02:32:10.048 edge /static/style.css status=200 upstream=B rt_ms=338 bytes=37700
2026-03-14 02:32:10.602 edge /healthz status=404 upstream=B rt_ms=366 bytes=15903
2026-03-14 02:32:11.237 edge /healthz status=200 upstream=B rt_ms=359 bytes=23241
2026-03-14 02:32:11.292 edge /healthz status=200 upstream=B rt_ms=98 bytes=33290
2026-03-14 02:32:11.506 edge /static/style.css status=200 upstream=B rt_ms=111 bytes=22951
2026-03-14 02:32:14.781 edge / status=404 upstream=B rt_ms=25 bytes=26575
2026-03-14 02:32:15.878 edge /api/orders status=200 upstream=B rt_ms=325 bytes=1645
2026-03-14 02:32:16.120 edge / status=200 upstream=B rt_ms=136 bytes=40917
2026-03-14 02:32:16.496 edge /api/orders status=200 upstream=B rt_ms=21 bytes=18327
2026-03-14 02:32:17.677 edge /api/events status=200 upstream=B rt_ms=247 bytes=8571
2026-03-14 02:32:17.801 edge /healthz status=200 upstream=B rt_ms=39 bytes=30004
2026-03-14 02:32:18.606 edge /api/events status=200 upstream=B rt_ms=262 bytes=4894
2026-03-14 02:32:18.794 edge / status=200 upstream=B rt_ms=25 bytes=5964
2026-03-14 02:32:19.267 edge /api/events status=200 upstream=B rt_ms=371 bytes=26381
2026-03-14 02:32:22.353 edge /static/style.css status=200 upstream=B rt_ms=130 bytes=12543
2026-03-14 02:32:22.526 edge /api/events status=200 upstream=B rt_ms=317 bytes=18343
2026-03-14 02:32:23.923 edge /api/orders status=200 upstream=B rt_ms=135 bytes=27649
2026-03-14 02:32:24.884 edge /api/orders status=200 upstream=B rt_ms=37 bytes=13077
2026-03-14 02:32:25.168 edge /api/orders status=200 upstream=B rt_ms=119 bytes=18890
2026-03-14 02:32:26.279 edge / status=200 upstream=B rt_ms=33 bytes=34017
2026-03-14 02:32:28.332 edge /api/events status=200 upstream=B rt_ms=367 bytes=29953
2026-03-14 02:32:29.070 edge /api/orders status=200 upstream=B rt_ms=317 bytes=28832
2026-03-14 02:32:29.334 edge /static/style.css status=200 upstream=B rt_ms=160 bytes=15829
2026-03-14 02:32:29.359 edge /api/orders status=200 upstream=B rt_ms=223 bytes=21159
2026-03-14 02:32:30.151 edge /healthz status=200 upstream=B rt_ms=225 bytes=40803
2026-03-14 02:32:32.010 edge /healthz status=200 upstream=B rt_ms=397 bytes=21746
2026-03-14 02:32:32.462 edge /api/orders status=200 upstream=B rt_ms=380 bytes=30513
2026-03-14 02:32:33.015 edge /static/style.css status=200 upstream=B rt_ms=264 bytes=22572
2026-03-14 02:32:35.647 edge /api/events status=200 upstream=B rt_ms=190 bytes=6767
2026-03-14 02:32:35.873 edge / status=200 upstream=B rt_ms=392 bytes=3998
2026-03-14 02:32:39.664 edge /healthz status=200 upstream=B rt_ms=28 bytes=35257
2026-03-14 02:32:40.832 edge /api/events status=404 upstream=B rt_ms=77 bytes=21497
2026-03-14 02:32:43.064 edge /healthz status=200 upstream=B rt_ms=152 bytes=5358
2026-03-14 02:32:43.326 edge /static/style.css status=200 upstream=B rt_ms=290 bytes=15897
2026-03-14 02:32:44.571 edge /api/events status=200 upstream=B rt_ms=333 bytes=20580
2026-03-14 02:32:44.843 edge /api/orders status=200 upstream=B rt_ms=65 bytes=25468
2026-03-14 02:32:45.781 edge / status=200 upstream=B rt_ms=43 bytes=24517
2026-03-14 02:32:46.786 edge /static/style.css status=200 upstream=B rt_ms=3 bytes=23009
2026-03-14 02:32:47.140 edge /api/orders status=404 upstream=B rt_ms=202 bytes=29595
2026-03-14 02:32:47.167 edge /api/orders status=200 upstream=B rt_ms=69 bytes=14648
2026-03-14 02:32:49.419 edge /static/style.css status=200 upstream=B rt_ms=138 bytes=16113
2026-03-14 02:32:50.623 edge /static/style.css status=200 upstream=B rt_ms=239 bytes=40496
2026-03-14 02:32:52.036 edge /healthz status=200 upstream=B rt_ms=363 bytes=1167
2026-03-14 02:32:52.208 edge /healthz status=200 upstream=B rt_ms=121 bytes=942
2026-03-14 02:32:53.961 edge /api/orders status=404 upstream=B rt_ms=345 bytes=30745
2026-03-14 02:32:54.117 edge /api/orders status=200 upstream=B rt_ms=291 bytes=39114
2026-03-14 02:32:55.126 edge /static/style.css status=200 upstream=B rt_ms=134 bytes=8882
2026-03-14 02:32:55.958 edge /api/events status=200 upstream=B rt_ms=76 bytes=3088
2026-03-14 02:32:57.099 edge /api/orders status=200 upstream=B rt_ms=335 bytes=33744
2026-03-14 02:32:58.542 edge / status=200 upstream=B rt_ms=25 bytes=21233
2026-03-14 02:32:59.614 edge /healthz status=200 upstream=B rt_ms=296 bytes=17694
2026-03-14 02:33:01.991 edge /api/orders status=502 upstream=B rt_ms=363 bytes=20055
2026-03-14 02:33:02.440 edge /healthz status=200 upstream=B rt_ms=302 bytes=15266
2026-03-14 02:33:03.669 edge /api/orders status=200 upstream=B rt_ms=330 bytes=21430
2026-03-14 02:33:04.500 edge /api/events status=200 upstream=B rt_ms=352 bytes=24226
2026-03-14 02:33:05.161 edge /healthz status=200 upstream=B rt_ms=398 bytes=27270
2026-03-14 02:33:08.299 edge /api/events status=502 upstream=B rt_ms=353 bytes=10105
2026-03-14 02:33:08.525 edge /static/style.css status=502 upstream=B rt_ms=168 bytes=22569
2026-03-14 02:33:09.653 edge /api/orders status=502 upstream=B rt_ms=350 bytes=8438
2026-03-14 02:33:10.044 edge /api/events status=200 upstream=B rt_ms=22 bytes=1910
2026-03-14 02:33:10.775 edge /healthz status=502 upstream=B rt_ms=390 bytes=34827
2026-03-14 02:33:11.266 edge /healthz status=200 upstream=B rt_ms=314 bytes=16282
2026-03-14 02:33:11.966 edge /healthz status=200 upstream=B rt_ms=36 bytes=13833
2026-03-14 02:33:14.294 edge /api/orders status=200 upstream=B rt_ms=55 bytes=7319
2026-03-14 02:33:14.879 edge / status=502 upstream=B rt_ms=193 bytes=24697
2026-03-14 02:33:15.328 edge /static/style.css status=200 upstream=B rt_ms=203 bytes=40720
2026-03-14 02:33:15.707 edge /static/style.css status=502 upstream=B rt_ms=173 bytes=35166
2026-03-14 02:33:17.301 edge /healthz status=404 upstream=B rt_ms=269 bytes=6546
2026-03-14 02:33:18.362 edge /static/style.css status=502 upstream=B rt_ms=373 bytes=24601
2026-03-14 02:33:19.763 edge /healthz status=200 upstream=B rt_ms=265 bytes=3695
2026-03-14 02:33:21.534 edge /static/style.css status=200 upstream=B rt_ms=76 bytes=27541
2026-03-14 02:33:22.859 edge / status=502 upstream=B rt_ms=241 bytes=15530
2026-03-14 02:33:23.344 edge / status=200 upstream=B rt_ms=214 bytes=33226
2026-03-14 02:33:24.251 edge /healthz status=502 upstream=B rt_ms=29 bytes=5568
2026-03-14 02:33:26.778 edge /api/orders status=200 upstream=B rt_ms=38 bytes=4852
2026-03-14 02:33:26.962 edge /api/orders status=200 upstream=B rt_ms=84 bytes=29778
2026-03-14 02:33:27.670 edge /api/orders status=502 upstream=B rt_ms=253 bytes=14171
2026-03-14 02:33:27.960 edge /api/events status=500 upstream=B rt_ms=41 bytes=37487
2026-03-14 02:33:30.263 edge / status=200 upstream=B rt_ms=395 bytes=12906
2026-03-14 02:33:30.518 edge / status=200 upstream=B rt_ms=209 bytes=37664
2026-03-14 02:33:30.586 edge /static/style.css status=502 upstream=B rt_ms=280 bytes=11669
2026-03-14 02:33:30.838 edge /api/events status=502 upstream=B rt_ms=90 bytes=21234
2026-03-14 02:33:30.901 edge /api/events status=200 upstream=B rt_ms=18 bytes=19130
2026-03-14 02:33:31.376 edge / status=200 upstream=B rt_ms=279 bytes=2983
2026-03-14 02:33:33.080 edge /api/orders status=200 upstream=B rt_ms=251 bytes=6713
2026-03-14 02:33:34.107 edge /api/orders status=500 upstream=B rt_ms=67 bytes=37252
2026-03-14 02:33:35.400 edge /healthz status=200 upstream=B rt_ms=350 bytes=30773
2026-03-14 02:33:38.722 edge /healthz status=502 upstream=B rt_ms=272 bytes=30178
2026-03-14 02:33:39.399 edge /healthz status=502 upstream=B rt_ms=267 bytes=25114
2026-03-14 02:33:39.491 edge /api/orders status=200 upstream=B rt_ms=128 bytes=9739
2026-03-14 02:33:39.526 edge /api/events status=200 upstream=B rt_ms=92 bytes=21977
2026-03-14 02:33:41.616 edge /healthz status=500 upstream=B rt_ms=352 bytes=38121
2026-03-14 02:33:42.347 edge /healthz status=200 upstream=B rt_ms=359 bytes=30043
2026-03-14 02:33:42.440 edge /healthz status=502 upstream=B rt_ms=168 bytes=38291
2026-03-14 02:33:42.487 edge /api/orders status=200 upstream=B rt_ms=81 bytes=32757
2026-03-14 02:33:42.954 edge /api/events status=502 upstream=B rt_ms=48 bytes=18480
2026-03-14 02:33:43.846 edge / status=502 upstream=B rt_ms=347 bytes=23068
2026-03-14 02:33:44.964 edge /static/style.css status=200 upstream=B rt_ms=393 bytes=8844
2026-03-14 02:33:47.390 edge /static/style.css status=404 upstream=B rt_ms=64 bytes=32250
2026-03-14 02:33:48.390 edge /api/events status=502 upstream=B rt_ms=292 bytes=15231
2026-03-14 02:33:48.974 edge /healthz status=404 upstream=B rt_ms=222 bytes=20070
2026-03-14 02:33:49.162 edge /api/events status=200 upstream=B rt_ms=20 bytes=11760
2026-03-14 02:33:52.825 edge / status=200 upstream=B rt_ms=23 bytes=280
2026-03-14 02:33:53.143 edge /api/events status=200 upstream=B rt_ms=345 bytes=16995
2026-03-14 02:33:55.656 edge /api/orders status=200 upstream=B rt_ms=326 bytes=17427
2026-03-14 02:33:55.682 edge /healthz status=200 upstream=B rt_ms=340 bytes=21265
2026-03-14 02:34:00.823 edge /healthz status=200 upstream=B rt_ms=85 bytes=833
2026-03-14 02:34:02.116 edge /api/events status=200 upstream=B rt_ms=33 bytes=29538
2026-03-14 02:34:03.242 edge / status=200 upstream=B rt_ms=92 bytes=10749
2026-03-14 02:34:05.223 edge /api/events status=500 upstream=B rt_ms=97 bytes=22231
2026-03-14 02:34:07.365 edge /static/style.css status=200 upstream=B rt_ms=211 bytes=19834
2026-03-14 02:34:07.791 edge /api/events status=500 upstream=B rt_ms=28 bytes=13819
2026-03-14 02:34:07.844 edge /api/events status=502 upstream=B rt_ms=254 bytes=16915
2026-03-14 02:34:09.450 edge / status=200 upstream=B rt_ms=335 bytes=33599
2026-03-14 02:34:10.801 edge /api/events status=200 upstream=B rt_ms=148 bytes=25809
2026-03-14 02:34:11.111 edge /healthz status=200 upstream=B rt_ms=309 bytes=30957
2026-03-14 02:34:11.124 edge /static/style.css status=200 upstream=B rt_ms=22 bytes=22848
2026-03-14 02:34:11.789 edge /api/orders status=200 upstream=B rt_ms=202 bytes=29633
2026-03-14 02:34:12.120 edge /api/orders status=200 upstream=B rt_ms=112 bytes=23588
2026-03-14 02:34:12.122 edge / status=200 upstream=B rt_ms=137 bytes=33573
2026-03-14 02:34:12.525 edge / status=200 upstream=B rt_ms=174 bytes=30971
2026-03-14 02:34:12.548 edge /healthz status=200 upstream=B rt_ms=399 bytes=39317
2026-03-14 02:34:14.879 edge / status=502 upstream=B rt_ms=372 bytes=1940
2026-03-14 02:34:21.697 edge /static/style.css status=502 upstream=B rt_ms=281 bytes=15975
2026-03-14 02:34:22.681 edge /static/style.css status=200 upstream=B rt_ms=309 bytes=40821
2026-03-14 02:34:22.788 edge /healthz status=502 upstream=B rt_ms=42 bytes=6154
2026-03-14 02:34:24.457 edge / status=500 upstream=B rt_ms=303 bytes=39232
2026-03-14 02:34:24.729 edge /api/orders status=200 upstream=B rt_ms=53 bytes=20337
2026-03-14 02:34:25.152 edge /static/style.css status=200 upstream=B rt_ms=199 bytes=3366
2026-03-14 02:34:27.194 edge /healthz status=502 upstream=B rt_ms=290 bytes=23363
2026-03-14 02:34:27.763 edge /api/orders status=200 upstream=B rt_ms=20 bytes=24613
2026-03-14 02:34:29.645 edge /static/style.css status=500 upstream=B rt_ms=137 bytes=37076
2026-03-14 02:34:33.219 edge /api/events status=200 upstream=B rt_ms=216 bytes=34405
2026-03-14 02:34:34.318 edge /api/orders status=200 upstream=B rt_ms=311 bytes=29117
2026-03-14 02:34:35.285 edge / status=502 upstream=B rt_ms=98 bytes=30257
2026-03-14 02:34:35.577 edge /api/events status=502 upstream=B rt_ms=331 bytes=35225
2026-03-14 02:34:36.932 edge /static/style.css status=200 upstream=B rt_ms=374 bytes=20214
2026-03-14 02:34:38.697 edge /api/events status=200 upstream=B rt_ms=209 bytes=24791
2026-03-14 02:34:39.225 edge /api/orders status=200 upstream=B rt_ms=353 bytes=16261
2026-03-14 02:34:39.334 edge /healthz status=200 upstream=B rt_ms=208 bytes=5031
2026-03-14 02:34:39.392 edge /healthz status=502 upstream=B rt_ms=241 bytes=30013
2026-03-14 02:34:40.083 edge /healthz status=502 upstream=B rt_ms=303 bytes=27925
2026-03-14 02:34:40.221 edge /api/orders status=502 upstream=B rt_ms=116 bytes=38285
2026-03-14 02:34:41.522 edge /api/orders status=502 upstream=B rt_ms=180 bytes=1293
2026-03-14 02:34:42.423 edge /healthz status=200 upstream=B rt_ms=372 bytes=23920
2026-03-14 02:34:43.766 edge /healthz status=502 upstream=B rt_ms=43 bytes=38708
2026-03-14 02:34:45.859 edge /api/orders status=502 upstream=B rt_ms=339 bytes=4064
2026-03-14 02:34:47.198 edge /static/style.css status=200 upstream=B rt_ms=77 bytes=37581
2026-03-14 02:34:48.565 edge / status=200 upstream=B rt_ms=245 bytes=2181
2026-03-14 02:34:50.062 edge /static/style.css status=200 upstream=B rt_ms=223 bytes=14599
2026-03-14 02:34:52.078 edge /api/orders status=500 upstream=B rt_ms=222 bytes=1281
2026-03-14 02:34:52.305 edge /static/style.css status=200 upstream=B rt_ms=163 bytes=15342
2026-03-14 02:34:52.771 edge /healthz status=200 upstream=B rt_ms=163 bytes=12732
2026-03-14 02:34:54.183 edge /healthz status=502 upstream=B rt_ms=170 bytes=9980
2026-03-14 02:34:58.173 edge /api/events status=502 upstream=B rt_ms=140 bytes=40196
2026-03-14 02:34:59.911 edge /static/style.css status=200 upstream=B rt_ms=283 bytes=41823
2026-03-14 02:35:02.802 edge /healthz status=200 upstream=B rt_ms=47 bytes=8396
2026-03-14 02:35:03.703 edge /static/style.css status=500 upstream=B rt_ms=105 bytes=8073
2026-03-14 02:35:06.361 edge /api/events status=502 upstream=B rt_ms=193 bytes=29985
2026-03-14 02:35:06.426 edge / status=200 upstream=B rt_ms=289 bytes=28460
2026-03-14 02:35:07.670 edge /static/style.css status=502 upstream=B rt_ms=236 bytes=6795
2026-03-14 02:35:08.433 edge /api/events status=502 upstream=B rt_ms=354 bytes=11810
2026-03-14 02:35:08.522 edge /api/events status=500 upstream=B rt_ms=74 bytes=10119
2026-03-14 02:35:11.980 edge / status=200 upstream=B rt_ms=104 bytes=4096
2026-03-14 02:35:12.081 edge /api/events status=502 upstream=B rt_ms=295 bytes=18850
2026-03-14 02:35:12.690 edge /healthz status=200 upstream=B rt_ms=157 bytes=25440
2026-03-14 02:35:12.945 edge /api/orders status=200 upstream=B rt_ms=193 bytes=14250
2026-03-14 02:35:14.184 edge /healthz status=502 upstream=B rt_ms=184 bytes=22093
2026-03-14 02:35:15.600 edge / status=200 upstream=B rt_ms=272 bytes=3329
2026-03-14 02:35:17.987 edge /api/orders status=200 upstream=B rt_ms=374 bytes=32992
2026-03-14 02:35:22.920 edge /healthz status=200 upstream=B rt_ms=362 bytes=8919
2026-03-14 02:35:23.377 edge /api/events status=200 upstream=B rt_ms=179 bytes=23098
2026-03-14 02:35:23.616 edge /api/events status=200 upstream=B rt_ms=139 bytes=31496
2026-03-14 02:35:25.274 edge / status=502 upstream=B rt_ms=38 bytes=25085
2026-03-14 02:35:26.040 edge /static/style.css status=404 upstream=B rt_ms=276 bytes=28589
2026-03-14 02:35:26.868 edge /healthz status=502 upstream=B rt_ms=15 bytes=33703
2026-03-14 02:35:26.879 edge /healthz status=200 upstream=B rt_ms=59 bytes=12133
2026-03-14 02:35:28.106 edge /healthz status=200 upstream=B rt_ms=386 bytes=19156
2026-03-14 02:35:28.115 edge /healthz status=200 upstream=B rt_ms=220 bytes=20954
2026-03-14 02:35:28.175 edge /api/orders status=502 upstream=B rt_ms=166 bytes=24439
2026-03-14 02:35:29.172 edge /api/events status=200 upstream=B rt_ms=353 bytes=27936
2026-03-14 02:35:29.576 edge /api/events status=200 upstream=B rt_ms=55 bytes=4904
2026-03-14 02:35:29.848 edge /api/events status=502 upstream=B rt_ms=351 bytes=3151
2026-03-14 02:35:31.274 edge /static/style.css status=200 upstream=B rt_ms=54 bytes=30623
2026-03-14 02:35:34.240 edge /api/orders status=200 upstream=B rt_ms=272 bytes=11936
2026-03-14 02:35:35.260 edge /api/orders status=200 upstream=B rt_ms=351 bytes=1202
2026-03-14 02:35:36.452 edge /api/events status=404 upstream=B rt_ms=13 bytes=2207
2026-03-14 02:35:36.897 edge /healthz status=200 upstream=B rt_ms=245 bytes=1556
2026-03-14 02:35:37.773 edge /static/style.css status=502 upstream=B rt_ms=396 bytes=20695
2026-03-14 02:35:38.253 edge /api/events status=502 upstream=B rt_ms=27 bytes=1647
2026-03-14 02:35:42.271 edge / status=404 upstream=B rt_ms=223 bytes=22847
2026-03-14 02:35:43.523 edge / status=502 upstream=B rt_ms=76 bytes=39454
2026-03-14 02:35:43.751 edge /api/events status=200 upstream=B rt_ms=104 bytes=10376
2026-03-14 02:35:44.080 edge /healthz status=404 upstream=B rt_ms=190 bytes=29705
2026-03-14 02:35:45.013 edge /api/events status=502 upstream=B rt_ms=12 bytes=10450
2026-03-14 02:35:45.923 edge /healthz status=200 upstream=B rt_ms=130 bytes=29853
2026-03-14 02:35:48.410 edge / status=200 upstream=B rt_ms=372 bytes=31102
2026-03-14 02:35:51.340 edge /healthz status=502 upstream=B rt_ms=90 bytes=2606
2026-03-14 02:35:52.028 edge /api/events status=502 upstream=B rt_ms=89 bytes=40267
2026-03-14 02:35:52.047 edge /static/style.css status=200 upstream=B rt_ms=60 bytes=12285
2026-03-14 02:35:52.589 edge /api/events status=200 upstream=B rt_ms=377 bytes=38315
2026-03-14 02:35:56.084 edge / status=200 upstream=B rt_ms=361 bytes=2097
2026-03-14 02:35:58.355 edge /healthz status=502 upstream=B rt_ms=121 bytes=28489
2026-03-14 02:35:58.839 edge /healthz status=502 upstream=B rt_ms=4 bytes=34502
2026-03-14 02:36:00.166 edge /api/orders status=200 upstream=B rt_ms=322 bytes=33198
2026-03-14 02:36:01.308 edge /api/orders status=502 upstream=B rt_ms=299 bytes=9468
2026-03-14 02:36:02.824 edge /healthz status=200 upstream=B rt_ms=161 bytes=14534
2026-03-14 02:36:04.969 edge /api/orders status=200 upstream=B rt_ms=255 bytes=40865
2026-03-14 02:36:05.905 edge /api/orders status=502 upstream=B rt_ms=391 bytes=30359
2026-03-14 02:36:06.137 edge / status=200 upstream=B rt_ms=359 bytes=18282
2026-03-14 02:36:08.081 edge /static/style.css status=200 upstream=B rt_ms=87 bytes=11020
2026-03-14 02:36:09.090 edge / status=200 upstream=B rt_ms=92 bytes=36229
2026-03-14 02:36:09.256 edge /api/events status=404 upstream=B rt_ms=31 bytes=15587
2026-03-14 02:36:10.571 edge /static/style.css status=200 upstream=B rt_ms=227 bytes=20577
2026-03-14 02:36:11.767 edge /healthz status=502 upstream=B rt_ms=156 bytes=284
2026-03-14 02:36:12.559 edge /healthz status=200 upstream=B rt_ms=57 bytes=24820
2026-03-14 02:36:13.595 edge /healthz status=502 upstream=B rt_ms=304 bytes=37701
2026-03-14 02:36:13.755 edge /api/events status=200 upstream=B rt_ms=114 bytes=22524
2026-03-14 02:36:16.648 edge /api/orders status=500 upstream=B rt_ms=193 bytes=31144
2026-03-14 02:36:20.826 edge /healthz status=502 upstream=B rt_ms=293 bytes=2142
2026-03-14 02:36:20.954 edge /static/style.css status=502 upstream=B rt_ms=194 bytes=8303
2026-03-14 02:36:21.198 edge /api/events status=502 upstream=B rt_ms=354 bytes=34425
2026-03-14 02:36:21.842 edge /static/style.css status=200 upstream=B rt_ms=71 bytes=31893
2026-03-14 02:36:23.705 edge /healthz status=502 upstream=B rt_ms=243 bytes=21859
2026-03-14 02:36:24.776 edge /healthz status=200 upstream=B rt_ms=303 bytes=41959
2026-03-14 02:36:24.887 edge /api/orders status=200 upstream=B rt_ms=169 bytes=32782
2026-03-14 02:36:24.983 edge / status=200 upstream=B rt_ms=223 bytes=18944
2026-03-14 02:36:25.586 edge /static/style.css status=200 upstream=B rt_ms=358 bytes=31314
2026-03-14 02:36:29.302 edge /api/orders status=404 upstream=B rt_ms=345 bytes=16837
2026-03-14 02:36:30.486 edge /healthz status=502 upstream=B rt_ms=200 bytes=19068
2026-03-14 02:36:31.164 edge /healthz status=200 upstream=B rt_ms=250 bytes=2973
2026-03-14 02:36:32.160 edge / status=502 upstream=B rt_ms=41 bytes=26266
2026-03-14 02:36:32.215 edge /api/orders status=200 upstream=B rt_ms=44 bytes=41863
2026-03-14 02:36:32.656 edge /api/orders status=404 upstream=B rt_ms=54 bytes=9173
2026-03-14 02:36:34.335 edge /api/events status=200 upstream=B rt_ms=85 bytes=19126
2026-03-14 02:36:36.371 edge / status=502 upstream=B rt_ms=25 bytes=31527
2026-03-14 02:36:37.840 edge /static/style.css status=502 upstream=B rt_ms=122 bytes=33507
2026-03-14 02:36:38.333 edge /api/events status=200 upstream=B rt_ms=279 bytes=23224
2026-03-14 02:36:42.960 edge /api/events status=200 upstream=B rt_ms=274 bytes=24577
2026-03-14 02:36:43.288 edge /api/orders status=200 upstream=B rt_ms=60 bytes=1174
2026-03-14 02:36:43.811 edge /api/events status=502 upstream=B rt_ms=76 bytes=21080
2026-03-14 02:36:44.393 edge /static/style.css status=502 upstream=B rt_ms=160 bytes=4292
2026-03-14 02:36:44.527 edge /api/orders status=502 upstream=B rt_ms=165 bytes=31863
2026-03-14 02:36:45.090 edge /api/events status=200 upstream=B rt_ms=30 bytes=25366
2026-03-14 02:36:46.373 edge /static/style.css status=200 upstream=B rt_ms=87 bytes=10518
2026-03-14 02:36:49.187 edge /healthz status=502 upstream=B rt_ms=94 bytes=17312
2026-03-14 02:36:49.531 edge /healthz status=502 upstream=B rt_ms=88 bytes=33608
2026-03-14 02:36:50.062 edge /api/events status=200 upstream=B rt_ms=281 bytes=29879
2026-03-14 02:36:50.206 edge /healthz status=404 upstream=B rt_ms=160 bytes=10336
2026-03-14 02:36:52.058 edge /api/orders status=404 upstream=B rt_ms=392 bytes=9023
2026-03-14 02:36:52.563 edge / status=502 upstream=B rt_ms=115 bytes=21582
2026-03-14 02:36:56.271 edge /api/orders status=200 upstream=B rt_ms=393 bytes=14767
2026-03-14 02:36:57.321 edge / status=502 upstream=B rt_ms=86 bytes=34435
2026-03-14 02:36:58.356 edge / status=502 upstream=B rt_ms=347 bytes=15573
2026-03-14 02:36:58.485 edge /api/orders status=200 upstream=B rt_ms=198 bytes=18582
2026-03-14 02:37:01.296 edge /healthz status=200 upstream=B rt_ms=309 bytes=35834
2026-03-14 02:37:03.760 edge /healthz status=502 upstream=B rt_ms=113 bytes=4622
2026-03-14 02:37:04.302 edge / status=200 upstream=B rt_ms=340 bytes=37788
2026-03-14 02:37:04.887 edge /static/style.css status=200 upstream=B rt_ms=188 bytes=28808
2026-03-14 02:37:05.280 edge /static/style.css status=200 upstream=B rt_ms=132 bytes=24285
2026-03-14 02:37:07.430 edge /static/style.css status=502 upstream=B rt_ms=356 bytes=33807
2026-03-14 02:37:10.644 edge /static/style.css status=200 upstream=B rt_ms=40 bytes=33692
2026-03-14 02:37:12.526 edge /api/events status=200 upstream=B rt_ms=206 bytes=23061
2026-03-14 02:37:13.168 edge /api/events status=200 upstream=B rt_ms=140 bytes=13226
2026-03-14 02:37:13.211 edge / status=502 upstream=B rt_ms=176 bytes=7578
2026-03-14 02:37:13.511 edge /static/style.css status=200 upstream=B rt_ms=355 bytes=39572
2026-03-14 02:37:14.078 edge /api/events status=502 upstream=B rt_ms=360 bytes=21459
2026-03-14 02:37:14.464 edge /static/style.css status=200 upstream=B rt_ms=364 bytes=12862
2026-03-14 02:37:14.792 edge / status=500 upstream=B rt_ms=75 bytes=10811
2026-03-14 02:37:14.944 edge /api/events status=200 upstream=B rt_ms=292 bytes=39491
2026-03-14 02:37:15.004 edge /healthz status=200 upstream=B rt_ms=80 bytes=40166
2026-03-14 02:37:16.296 edge /healthz status=200 upstream=B rt_ms=291 bytes=26311
2026-03-14 02:37:17.401 edge /healthz status=500 upstream=B rt_ms=318 bytes=36830
2026-03-14 02:37:23.223 edge /api/events status=200 upstream=B rt_ms=149 bytes=23238
2026-03-14 02:37:23.753 edge /healthz status=502 upstream=B rt_ms=215 bytes=26727
2026-03-14 02:37:25.333 edge /api/orders status=502 upstream=B rt_ms=221 bytes=32668
2026-03-14 02:37:25.792 edge /static/style.css status=404 upstream=B rt_ms=230 bytes=15741
2026-03-14 02:37:26.403 edge / status=200 upstream=B rt_ms=208 bytes=9216
2026-03-14 02:37:26.415 edge / status=200 upstream=B rt_ms=206 bytes=39138
2026-03-14 02:37:26.427 edge /healthz status=200 upstream=B rt_ms=34 bytes=39875
2026-03-14 02:37:27.327 edge /api/events status=200 upstream=B rt_ms=258 bytes=32471
2026-03-14 02:37:30.468 edge /api/events status=200 upstream=B rt_ms=36 bytes=4258
2026-03-14 02:37:32.076 edge /static/style.css status=404 upstream=B rt_ms=98 bytes=40749
2026-03-14 02:37:32.108 edge /healthz status=502 upstream=B rt_ms=251 bytes=15888
2026-03-14 02:37:32.274 edge /api/events status=502 upstream=B rt_ms=362 bytes=27228
2026-03-14 02:37:33.013 edge /healthz status=502 upstream=B rt_ms=220 bytes=37131
2026-03-14 02:37:34.116 edge /static/style.css status=500 upstream=B rt_ms=241 bytes=2051
2026-03-14 02:37:34.482 edge /api/orders status=502 upstream=B rt_ms=381 bytes=39604
2026-03-14 02:37:35.374 edge /api/orders status=200 upstream=B rt_ms=171 bytes=1035
2026-03-14 02:37:36.251 edge /healthz status=200 upstream=B rt_ms=182 bytes=34334
2026-03-14 02:37:37.511 edge / status=502 upstream=B rt_ms=13 bytes=19571
2026-03-14 02:37:38.896 edge / status=502 upstream=B rt_ms=231 bytes=29050
2026-03-14 02:37:39.931 edge /healthz status=502 upstream=B rt_ms=360 bytes=32799
2026-03-14 02:37:40.264 edge /healthz status=200 upstream=B rt_ms=391 bytes=8428
2026-03-14 02:37:40.581 edge /static/style.css status=200 upstream=B rt_ms=301 bytes=1060
2026-03-14 02:37:40.797 edge /static/style.css status=502 upstream=B rt_ms=203 bytes=15169
2026-03-14 02:37:41.751 edge /healthz status=502 upstream=B rt_ms=374 bytes=2074
2026-03-14 02:37:41.985 edge /healthz status=502 upstream=B rt_ms=49 bytes=22083
2026-03-14 02:37:42.494 edge /api/events status=200 upstream=B rt_ms=220 bytes=2383
2026-03-14 02:37:42.967 edge /static/style.css status=502 upstream=B rt_ms=164 bytes=23622
2026-03-14 02:37:45.092 edge / status=502 upstream=B rt_ms=336 bytes=17417
2026-03-14 02:37:46.343 edge /static/style.css status=200 upstream=B rt_ms=331 bytes=6525
2026-03-14 02:37:48.814 edge /api/events status=200 upstream=B rt_ms=230 bytes=6136
2026-03-14 02:37:49.843 edge /api/orders status=200 upstream=B rt_ms=115 bytes=6562
2026-03-14 02:37:51.669 edge /api/events status=502 upstream=B rt_ms=167 bytes=8745
2026-03-14 02:37:54.557 edge /healthz status=200 upstream=B rt_ms=256 bytes=41269
2026-03-14 02:37:54.810 edge /api/events status=200 upstream=B rt_ms=286 bytes=40778
2026-03-14 02:37:58.626 edge /healthz status=502 upstream=B rt_ms=167 bytes=34896
2026-03-14 02:38:00.983 edge /api/orders status=502 upstream=B rt_ms=114 bytes=41272
2026-03-14 02:38:02.104 edge /api/events status=500 upstream=B rt_ms=180 bytes=3967
2026-03-14 02:38:03.682 edge /api/events status=502 upstream=B rt_ms=136 bytes=9143
2026-03-14 02:38:05.062 edge /healthz status=200 upstream=B rt_ms=351 bytes=27700
2026-03-14 02:38:07.189 edge /api/orders status=200 upstream=B rt_ms=355 bytes=40538
2026-03-14 02:38:14.835 edge /api/events status=200 upstream=B rt_ms=204 bytes=30298
2026-03-14 02:38:16.792 edge /api/orders status=502 upstream=B rt_ms=272 bytes=16933
2026-03-14 02:38:18.234 edge /healthz status=502 upstream=B rt_ms=173 bytes=1544
2026-03-14 02:38:18.243 edge / status=200 upstream=B rt_ms=37 bytes=39699
2026-03-14 02:38:18.855 edge / status=200 upstream=B rt_ms=23 bytes=7305
2026-03-14 02:38:19.962 edge /api/orders status=200 upstream=B rt_ms=181 bytes=41329
2026-03-14 02:38:20.604 edge /static/style.css status=404 upstream=B rt_ms=185 bytes=15046
2026-03-14 02:38:21.091 edge /api/orders status=502 upstream=B rt_ms=69 bytes=1947
2026-03-14 02:38:21.757 edge / status=200 upstream=B rt_ms=98 bytes=17515
2026-03-14 02:38:22.636 edge / status=200 upstream=B rt_ms=281 bytes=33946
2026-03-14 02:38:23.123 edge /static/style.css status=200 upstream=B rt_ms=179 bytes=30178
2026-03-14 02:38:23.461 edge /healthz status=502 upstream=B rt_ms=242 bytes=12177
2026-03-14 02:38:24.484 edge /api/events status=200 upstream=B rt_ms=264 bytes=34364
2026-03-14 02:38:25.843 edge /static/style.css status=200 upstream=B rt_ms=216 bytes=3774
2026-03-14 02:38:26.977 edge /api/events status=502 upstream=B rt_ms=313 bytes=29856
2026-03-14 02:38:29.559 edge /healthz status=500 upstream=B rt_ms=250 bytes=19545
2026-03-14 02:38:29.727 edge /static/style.css status=200 upstream=B rt_ms=233 bytes=6991
2026-03-14 02:38:30.005 edge /static/style.css status=200 upstream=B rt_ms=60 bytes=8115
2026-03-14 02:38:31.221 edge /static/style.css status=200 upstream=B rt_ms=321 bytes=32034
2026-03-14 02:38:32.289 edge /static/style.css status=502 upstream=B rt_ms=308 bytes=30711
2026-03-14 02:38:33.063 edge /static/style.css status=502 upstream=B rt_ms=116 bytes=30875
2026-03-14 02:38:34.002 edge /static/style.css status=200 upstream=B rt_ms=52 bytes=30939
2026-03-14 02:38:37.242 edge /healthz status=200 upstream=B rt_ms=154 bytes=10115
2026-03-14 02:38:37.452 edge /healthz status=502 upstream=B rt_ms=372 bytes=4612
2026-03-14 02:38:38.126 edge /static/style.css status=200 upstream=B rt_ms=169 bytes=1366
2026-03-14 02:38:38.347 edge / status=502 upstream=B rt_ms=102 bytes=20427
2026-03-14 02:38:38.648 edge / status=404 upstream=B rt_ms=340 bytes=11983
2026-03-14 02:38:42.594 edge /api/orders status=200 upstream=B rt_ms=211 bytes=1440
2026-03-14 02:38:44.936 edge /api/orders status=200 upstream=B rt_ms=26 bytes=15857
2026-03-14 02:38:44.970 edge /api/orders status=502 upstream=B rt_ms=200 bytes=34984
2026-03-14 02:38:46.216 edge /api/orders status=502 upstream=B rt_ms=145 bytes=5350
2026-03-14 02:38:49.422 edge /static/style.css status=404 upstream=B rt_ms=332 bytes=27371
2026-03-14 02:38:50.202 edge /api/events status=502 upstream=B rt_ms=283 bytes=2705
2026-03-14 02:38:50.726 edge /api/orders status=200 upstream=B rt_ms=55 bytes=37525
2026-03-14 02:38:51.550 edge / status=502 upstream=B rt_ms=98 bytes=23612
2026-03-14 02:38:52.788 edge / status=200 upstream=B rt_ms=385 bytes=5119
2026-03-14 02:38:54.363 edge /static/style.css status=200 upstream=B rt_ms=362 bytes=4871
2026-03-14 02:38:56.311 edge /api/events status=502 upstream=B rt_ms=360 bytes=15821
2026-03-14 02:38:56.464 edge /api/events status=200 upstream=B rt_ms=242 bytes=561
2026-03-14 02:38:56.680 edge / status=200 upstream=B rt_ms=336 bytes=3128
2026-03-14 02:38:57.201 edge /api/events status=502 upstream=B rt_ms=229 bytes=9209
2026-03-14 02:38:57.330 edge /api/events status=502 upstream=B rt_ms=163 bytes=36938
2026-03-14 02:38:58.749 edge / status=500 upstream=B rt_ms=109 bytes=1655
2026-03-14 02:39:00.970 edge /api/events status=404 upstream=B rt_ms=3 bytes=19279
2026-03-14 02:39:02.413 edge /static/style.css status=502 upstream=B rt_ms=372 bytes=27569
2026-03-14 02:39:03.958 edge /healthz status=200 upstream=B rt_ms=17 bytes=27333
2026-03-14 02:39:05.004 edge / status=502 upstream=B rt_ms=295 bytes=27912
2026-03-14 02:39:05.305 edge /healthz status=200 upstream=B rt_ms=109 bytes=9036
2026-03-14 02:39:05.360 edge /healthz status=500 upstream=B rt_ms=12 bytes=21667
2026-03-14 02:39:07.271 edge / status=200 upstream=B rt_ms=315 bytes=35364
2026-03-14 02:39:07.628 edge /api/orders status=200 upstream=B rt_ms=277 bytes=3679
2026-03-14 02:39:08.361 edge /api/orders status=200 upstream=B rt_ms=211 bytes=25316
2026-03-14 02:39:09.447 edge /healthz status=200 upstream=B rt_ms=335 bytes=28300
2026-03-14 02:39:11.507 edge /api/orders status=200 upstream=B rt_ms=371 bytes=37441
2026-03-14 02:39:11.862 edge /static/style.css status=200 upstream=B rt_ms=363 bytes=6591
2026-03-14 02:39:12.463 edge /api/orders status=200 upstream=B rt_ms=313 bytes=40829
2026-03-14 02:39:13.181 edge /healthz status=200 upstream=B rt_ms=49 bytes=41715
2026-03-14 02:39:13.868 edge /api/orders status=200 upstream=B rt_ms=89 bytes=9950
2026-03-14 02:39:14.870 edge / status=200 upstream=B rt_ms=211 bytes=40009
2026-03-14 02:39:15.083 edge /api/events status=404 upstream=B rt_ms=155 bytes=386
2026-03-14 02:39:17.781 edge / status=502 upstream=B rt_ms=268 bytes=22313
2026-03-14 02:39:19.008 edge / status=502 upstream=B rt_ms=23 bytes=13453
2026-03-14 02:39:19.492 edge / status=200 upstream=B rt_ms=282 bytes=18655
2026-03-14 02:39:20.543 edge /api/orders status=404 upstream=B rt_ms=166 bytes=36328
2026-03-14 02:39:23.685 edge /api/events status=502 upstream=B rt_ms=185 bytes=7590
2026-03-14 02:39:25.454 edge /api/events status=502 upstream=B rt_ms=334 bytes=31566
2026-03-14 02:39:26.273 edge /api/events status=200 upstream=B rt_ms=253 bytes=16175
2026-03-14 02:39:26.907 edge / status=502 upstream=B rt_ms=242 bytes=32220
2026-03-14 02:39:30.372 edge /api/events status=502 upstream=B rt_ms=103 bytes=6559
2026-03-14 02:39:30.860 edge /static/style.css status=500 upstream=B rt_ms=209 bytes=29199
2026-03-14 02:39:31.504 edge /static/style.css status=200 upstream=B rt_ms=19 bytes=9582
2026-03-14 02:39:33.435 edge /api/orders status=200 upstream=B rt_ms=250 bytes=33399
2026-03-14 02:39:33.739 edge /api/events status=502 upstream=B rt_ms=43 bytes=6101
2026-03-14 02:39:34.092 edge /static/style.css status=502 upstream=B rt_ms=18 bytes=35999
2026-03-14 02:39:35.887 edge /static/style.css status=200 upstream=B rt_ms=41 bytes=1812
2026-03-14 02:39:36.646 edge /api/events status=502 upstream=B rt_ms=15 bytes=27333
2026-03-14 02:39:37.254 edge /api/orders status=200 upstream=B rt_ms=45 bytes=4994
2026-03-14 02:39:37.891 edge /healthz status=502 upstream=B rt_ms=110 bytes=6658
2026-03-14 02:39:38.409 edge /api/events status=200 upstream=B rt_ms=33 bytes=28515
2026-03-14 02:39:38.974 edge /api/events status=502 upstream=B rt_ms=391 bytes=27319
2026-03-14 02:39:39.700 edge /healthz status=500 upstream=B rt_ms=274 bytes=4218
2026-03-14 02:39:40.046 edge /api/events status=200 upstream=B rt_ms=9 bytes=22955
2026-03-14 02:39:40.169 edge /static/style.css status=200 upstream=B rt_ms=65 bytes=30500
2026-03-14 02:39:42.480 edge / status=502 upstream=B rt_ms=334 bytes=9483
2026-03-14 02:39:43.664 edge / status=200 upstream=B rt_ms=230 bytes=23092
2026-03-14 02:39:45.628 edge /api/orders status=200 upstream=B rt_ms=203 bytes=19993
2026-03-14 02:39:46.191 edge /api/orders status=502 upstream=B rt_ms=283 bytes=35947
2026-03-14 02:39:46.775 edge /api/orders status=404 upstream=B rt_ms=313 bytes=28857
2026-03-14 02:39:47.687 edge /api/events status=200 upstream=B rt_ms=136 bytes=40573
2026-03-14 02:39:48.716 edge /api/events status=200 upstream=B rt_ms=290 bytes=10478
2026-03-14 02:39:50.112 edge /healthz status=200 upstream=B rt_ms=252 bytes=8262
2026-03-14 02:39:51.141 edge /api/orders status=502 upstream=B rt_ms=190 bytes=1893
2026-03-14 02:39:51.348 edge / status=200 upstream=B rt_ms=180 bytes=7393
2026-03-14 02:39:54.948 edge /api/orders status=200 upstream=B rt_ms=327 bytes=25128
2026-03-14 02:39:55.555 edge /api/orders status=200 upstream=B rt_ms=117 bytes=29481
2026-03-14 02:39:56.570 edge /static/style.css status=502 upstream=B rt_ms=376 bytes=2006
2026-03-14 02:39:59.064 edge /healthz status=502 upstream=B rt_ms=40 bytes=38024
2026-03-14 02:40:00.013 edge / status=200 upstream=B rt_ms=246 bytes=33946
2026-03-14 02:40:03.795 edge /healthz status=500 upstream=B rt_ms=349 bytes=33436
2026-03-14 02:40:04.784 edge /api/orders status=200 upstream=B rt_ms=35 bytes=27671
2026-03-14 02:40:07.263 edge /api/orders status=502 upstream=B rt_ms=236 bytes=6770
2026-03-14 02:40:07.890 edge /api/orders status=200 upstream=B rt_ms=227 bytes=10371
2026-03-14 02:40:08.527 edge /static/style.css status=502 upstream=B rt_ms=356 bytes=4148
2026-03-14 02:40:11.391 edge /healthz status=200 upstream=B rt_ms=111 bytes=20032
2026-03-14 02:40:12.187 edge /api/orders status=502 upstream=B rt_ms=51 bytes=19272
2026-03-14 02:40:13.615 edge /api/events status=502 upstream=B rt_ms=170 bytes=6611
2026-03-14 02:40:14.730 edge /static/style.css status=502 upstream=B rt_ms=25 bytes=35225
2026-03-14 02:40:16.587 edge /healthz status=200 upstream=B rt_ms=110 bytes=8500
2026-03-14 02:40:17.562 edge / status=200 upstream=B rt_ms=241 bytes=39436
2026-03-14 02:40:17.625 edge /api/events status=200 upstream=B rt_ms=212 bytes=39022
2026-03-14 02:40:19.453 edge /api/orders status=404 upstream=B rt_ms=174 bytes=10946
2026-03-14 02:40:21.001 edge /api/events status=502 upstream=B rt_ms=161 bytes=16003
2026-03-14 02:40:22.180 edge /api/orders status=502 upstream=B rt_ms=326 bytes=9024
2026-03-14 02:40:23.848 edge / status=502 upstream=B rt_ms=177 bytes=897
2026-03-14 02:40:24.083 edge /healthz status=502 upstream=B rt_ms=286 bytes=26983
2026-03-14 02:40:25.552 edge /static/style.css status=502 upstream=B rt_ms=253 bytes=8867
2026-03-14 02:40:27.216 edge / status=502 upstream=B rt_ms=356 bytes=39162
2026-03-14 02:40:27.280 edge /static/style.css status=404 upstream=B rt_ms=322 bytes=25653
2026-03-14 02:40:28.196 edge /healthz status=502 upstream=B rt_ms=190 bytes=21640
2026-03-14 02:40:29.127 edge /api/events status=502 upstream=B rt_ms=141 bytes=41966
2026-03-14 02:40:29.783 edge /static/style.css status=404 upstream=B rt_ms=144 bytes=15118
2026-03-14 02:40:29.820 edge / status=200 upstream=B rt_ms=279 bytes=16210
2026-03-14 02:40:30.209 edge / status=502 upstream=B rt_ms=148 bytes=6568
2026-03-14 02:40:30.345 edge /api/orders status=502 upstream=B rt_ms=194 bytes=10781
2026-03-14 02:40:30.921 edge /healthz status=200 upstream=B rt_ms=284 bytes=11660
2026-03-14 02:40:34.036 edge /api/orders status=200 upstream=B rt_ms=43 bytes=18223
2026-03-14 02:40:34.869 edge /api/orders status=200 upstream=B rt_ms=7 bytes=11190
2026-03-14 02:40:35.145 edge /healthz status=200 upstream=B rt_ms=213 bytes=7308
2026-03-14 02:40:35.354 edge /api/orders status=200 upstream=B rt_ms=55 bytes=34430
2026-03-14 02:40:37.991 edge / status=200 upstream=B rt_ms=193 bytes=37469
2026-03-14 02:40:38.124 edge / status=200 upstream=B rt_ms=235 bytes=38656
2026-03-14 02:40:38.942 edge / status=200 upstream=B rt_ms=287 bytes=21855
2026-03-14 02:40:40.947 edge /api/orders status=200 upstream=B rt_ms=375 bytes=23245
2026-03-14 02:40:45.458 edge /static/style.css status=200 upstream=B rt_ms=161 bytes=41131
2026-03-14 02:40:45.698 edge /healthz status=502 upstream=B rt_ms=7 bytes=26382
2026-03-14 02:40:46.846 edge /static/style.css status=200 upstream=B rt_ms=286 bytes=39781
2026-03-14 02:40:47.117 edge /api/orders status=200 upstream=B rt_ms=206 bytes=26811
2026-03-14 02:40:48.749 edge / status=200 upstream=B rt_ms=92 bytes=4741
2026-03-14 02:40:50.472 edge /static/style.css status=200 upstream=B rt_ms=279 bytes=29241
2026-03-14 02:40:50.780 edge / status=200 upstream=B rt_ms=240 bytes=4467
2026-03-14 02:40:51.420 edge /static/style.css status=502 upstream=B rt_ms=318 bytes=33789
2026-03-14 02:40:52.047 edge /api/events status=200 upstream=B rt_ms=98 bytes=41820
2026-03-14 02:40:52.717 edge /static/style.css status=502 upstream=B rt_ms=339 bytes=14922
2026-03-14 02:40:52.878 edge /api/events status=502 upstream=B rt_ms=103 bytes=20644
2026-03-14 02:40:53.838 edge / status=502 upstream=B rt_ms=90 bytes=1506
2026-03-14 02:40:55.255 edge /api/events status=200 upstream=B rt_ms=265 bytes=31216
2026-03-14 02:41:01.333 edge / status=502 upstream=B rt_ms=350 bytes=39281
2026-03-14 02:41:02.912 edge / status=200 upstream=B rt_ms=215 bytes=5204
2026-03-14 02:41:03.541 edge /static/style.css status=200 upstream=B rt_ms=174 bytes=22522
2026-03-14 02:41:03.750 edge /static/style.css status=200 upstream=B rt_ms=53 bytes=14362
2026-03-14 02:41:08.389 edge /healthz status=200 upstream=B rt_ms=289 bytes=4971
2026-03-14 02:41:09.943 edge /api/orders status=404 upstream=B rt_ms=77 bytes=7489
2026-03-14 02:41:10.336 edge /static/style.css status=502 upstream=B rt_ms=330 bytes=38498
2026-03-14 02:41:11.016 edge /healthz status=200 upstream=B rt_ms=396 bytes=15242
2026-03-14 02:41:11.223 edge /api/events status=200 upstream=B rt_ms=65 bytes=33566
2026-03-14 02:41:11.533 edge /healthz status=502 upstream=B rt_ms=377 bytes=33926
2026-03-14 02:41:12.705 edge /static/style.css status=502 upstream=B rt_ms=79 bytes=9370
2026-03-14 02:41:12.783 edge /static/style.css status=200 upstream=B rt_ms=46 bytes=13511
2026-03-14 02:41:12.801 edge / status=200 upstream=B rt_ms=398 bytes=31383
2026-03-14 02:41:12.992 edge /static/style.css status=200 upstream=B rt_ms=32 bytes=40638
2026-03-14 02:41:13.607 edge / status=200 upstream=B rt_ms=142 bytes=12142
2026-03-14 02:41:13.901 edge / status=200 upstream=B rt_ms=68 bytes=24592
2026-03-14 02:41:14.638 edge / status=200 upstream=B rt_ms=76 bytes=33690
2026-03-14 02:41:16.291 edge /static/style.css status=502 upstream=B rt_ms=230 bytes=5096
2026-03-14 02:41:16.992 edge /static/style.css status=200 upstream=B rt_ms=380 bytes=36897
2026-03-14 02:41:17.175 edge /api/events status=200 upstream=B rt_ms=296 bytes=18810
2026-03-14 02:41:19.727 edge /healthz status=502 upstream=B rt_ms=144 bytes=28921
2026-03-14 02:41:19.910 edge /api/orders status=502 upstream=B rt_ms=10 bytes=1578
2026-03-14 02:41:20.832 edge / status=502 upstream=B rt_ms=300 bytes=33977
2026-03-14 02:41:23.129 edge /api/orders status=502 upstream=B rt_ms=182 bytes=8709
2026-03-14 02:41:23.388 edge /api/orders status=200 upstream=B rt_ms=391 bytes=23428
2026-03-14 02:41:24.432 edge / status=500 upstream=B rt_ms=341 bytes=15517
2026-03-14 02:41:24.947 edge /api/orders status=502 upstream=B rt_ms=202 bytes=30815
2026-03-14 02:41:26.957 edge /api/events status=200 upstream=B rt_ms=329 bytes=1565
2026-03-14 02:41:27.741 edge /api/events status=502 upstream=B rt_ms=372 bytes=18032
2026-03-14 02:41:28.278 edge / status=200 upstream=B rt_ms=116 bytes=19459
2026-03-14 02:41:29.209 edge / status=500 upstream=B rt_ms=39 bytes=23929
2026-03-14 02:41:30.886 edge /api/orders status=200 upstream=B rt_ms=58 bytes=41974
2026-03-14 02:41:31.164 edge /api/events status=200 upstream=B rt_ms=310 bytes=8577
2026-03-14 02:41:32.405 edge /healthz status=200 upstream=B rt_ms=389 bytes=9912
2026-03-14 02:41:32.727 edge / status=502 upstream=B rt_ms=369 bytes=2017
2026-03-14 02:41:33.930 edge /api/events status=200 upstream=B rt_ms=174 bytes=3644
2026-03-14 02:41:35.259 edge /healthz status=200 upstream=B rt_ms=312 bytes=34115
2026-03-14 02:41:36.360 edge /healthz status=200 upstream=B rt_ms=201 bytes=15772
2026-03-14 02:41:37.007 edge /healthz status=200 upstream=B rt_ms=65 bytes=41866
2026-03-14 02:41:38.515 edge /healthz status=502 upstream=B rt_ms=286 bytes=6877
2026-03-14 02:41:38.650 edge /api/events status=502 upstream=B rt_ms=114 bytes=30395
2026-03-14 02:41:38.865 edge /healthz status=200 upstream=B rt_ms=19 bytes=38670
2026-03-14 02:41:39.312 edge /api/events status=200 upstream=B rt_ms=353 bytes=812
2026-03-14 02:41:41.422 edge /api/orders status=200 upstream=B rt_ms=229 bytes=27268
2026-03-14 02:41:41.561 edge / status=502 upstream=B rt_ms=148 bytes=30789
2026-03-14 02:41:46.343 edge /api/orders status=200 upstream=B rt_ms=220 bytes=28034
2026-03-14 02:41:46.549 edge / status=502 upstream=B rt_ms=365 bytes=14976
2026-03-14 02:41:46.991 edge / status=200 upstream=B rt_ms=105 bytes=29433
2026-03-14 02:41:48.378 edge / status=502 upstream=B rt_ms=8 bytes=16088
2026-03-14 02:41:50.298 edge /static/style.css status=502 upstream=B rt_ms=56 bytes=16678
2026-03-14 02:41:50.349 edge / status=200 upstream=B rt_ms=137 bytes=30171
2026-03-14 02:41:51.130 edge / status=502 upstream=B rt_ms=70 bytes=17080
2026-03-14 02:41:54.228 edge /api/events status=502 upstream=B rt_ms=126 bytes=35792
2026-03-14 02:41:55.539 edge /api/orders status=500 upstream=B rt_ms=301 bytes=26936
2026-03-14 02:41:58.242 edge /static/style.css status=200 upstream=B rt_ms=85 bytes=19683
2026-03-14 02:41:58.992 edge /api/orders status=200 upstream=B rt_ms=294 bytes=4185
2026-03-14 02:42:00.235 edge / status=404 upstream=B rt_ms=22 bytes=23856
2026-03-14 02:42:02.670 edge /api/events status=200 upstream=B rt_ms=35 bytes=5012
2026-03-14 02:42:03.079 edge /healthz status=200 upstream=B rt_ms=76 bytes=11219
2026-03-14 02:42:03.557 edge /api/orders status=200 upstream=B rt_ms=303 bytes=16532
2026-03-14 02:42:03.601 edge /healthz status=200 upstream=B rt_ms=163 bytes=33695
2026-03-14 02:42:04.134 edge / status=200 upstream=B rt_ms=248 bytes=30184
2026-03-14 02:42:04.204 edge / status=200 upstream=B rt_ms=311 bytes=13548
2026-03-14 02:42:04.666 edge / status=502 upstream=B rt_ms=361 bytes=4810
2026-03-14 02:42:04.748 edge /static/style.css status=500 upstream=B rt_ms=29 bytes=25923
2026-03-14 02:42:04.957 edge / status=502 upstream=B rt_ms=264 bytes=29444
2026-03-14 02:42:05.340 edge /api/events status=200 upstream=B rt_ms=364 bytes=18378
2026-03-14 02:42:06.014 edge /healthz status=502 upstream=B rt_ms=397 bytes=7693
2026-03-14 02:42:07.166 edge /healthz status=200 upstream=B rt_ms=188 bytes=32222
2026-03-14 02:42:08.290 edge /healthz status=502 upstream=B rt_ms=146 bytes=38084
2026-03-14 02:42:08.522 edge / status=200 upstream=B rt_ms=141 bytes=30931
2026-03-14 02:42:12.197 edge /api/orders status=502 upstream=B rt_ms=34 bytes=33869
2026-03-14 02:42:12.282 edge /static/style.css status=502 upstream=B rt_ms=72 bytes=10135
2026-03-14 02:42:12.527 edge /static/style.css status=200 upstream=B rt_ms=74 bytes=41357
2026-03-14 02:42:15.380 edge /api/orders status=200 upstream=B rt_ms=144 bytes=37582
2026-03-14 02:42:16.335 edge /api/orders status=200 upstream=B rt_ms=315 bytes=39694
2026-03-14 02:42:16.706 edge / status=404 upstream=B rt_ms=9 bytes=38819
2026-03-14 02:42:16.837 edge /api/orders status=502 upstream=B rt_ms=275 bytes=22471
2026-03-14 02:42:24.625 edge / status=200 upstream=B rt_ms=22 bytes=20504
2026-03-14 02:42:24.806 edge /static/style.css status=200 upstream=B rt_ms=135 bytes=8242
2026-03-14 02:42:25.053 edge /api/events status=200 upstream=B rt_ms=240 bytes=4927
2026-03-14 02:42:25.419 edge /api/events status=200 upstream=B rt_ms=53 bytes=17297
2026-03-14 02:42:26.300 edge /api/events status=200 upstream=B rt_ms=137 bytes=12943
2026-03-14 02:42:27.149 edge / status=200 upstream=B rt_ms=245 bytes=3916
2026-03-14 02:42:32.896 edge / status=200 upstream=B rt_ms=284 bytes=33056
2026-03-14 02:42:34.490 edge /static/style.css status=502 upstream=B rt_ms=351 bytes=2279
2026-03-14 02:42:34.586 edge /healthz status=502 upstream=B rt_ms=31 bytes=24217
2026-03-14 02:42:34.973 edge /healthz status=502 upstream=B rt_ms=106 bytes=29365
2026-03-14 02:42:35.873 edge /api/events status=200 upstream=B rt_ms=34 bytes=2074
2026-03-14 02:42:38.355 edge /static/style.css status=200 upstream=B rt_ms=311 bytes=13247
2026-03-14 02:42:43.517 edge /api/orders status=502 upstream=B rt_ms=140 bytes=34147
2026-03-14 02:42:45.458 edge /healthz status=200 upstream=B rt_ms=97 bytes=34836
2026-03-14 02:42:47.610 edge /healthz status=502 upstream=B rt_ms=3 bytes=22391
2026-03-14 02:42:48.063 edge / status=500 upstream=B rt_ms=345 bytes=31710
2026-03-14 02:42:48.072 edge / status=502 upstream=B rt_ms=21 bytes=5863
2026-03-14 02:42:48.287 edge /api/orders status=200 upstream=B rt_ms=294 bytes=35772
2026-03-14 02:42:49.457 edge /api/events status=502 upstream=B rt_ms=232 bytes=23238
2026-03-14 02:42:51.400 edge /static/style.css status=502 upstream=B rt_ms=218 bytes=9264
2026-03-14 02:42:52.235 edge /static/style.css status=502 upstream=B rt_ms=187 bytes=37672
2026-03-14 02:42:52.466 edge /api/events status=502 upstream=B rt_ms=38 bytes=26331
2026-03-14 02:42:52.528 edge /api/events status=502 upstream=B rt_ms=163 bytes=7299
2026-03-14 02:42:52.726 edge / status=200 upstream=B rt_ms=203 bytes=13483
2026-03-14 02:42:54.495 edge /healthz status=200 upstream=B rt_ms=72 bytes=37387
2026-03-14 02:42:54.607 edge /static/style.css status=502 upstream=B rt_ms=150 bytes=9892
2026-03-14 02:42:57.464 edge / status=200 upstream=B rt_ms=342 bytes=35995
2026-03-14 02:42:58.230 edge /healthz status=502 upstream=B rt_ms=214 bytes=11310
2026-03-14 02:42:59.564 edge /static/style.css status=200 upstream=B rt_ms=67 bytes=681
2026-03-14 02:43:02.439 edge /api/orders status=200 upstream=B rt_ms=79 bytes=853
2026-03-14 02:43:03.126 edge /api/events status=502 upstream=B rt_ms=288 bytes=39118
2026-03-14 02:43:03.617 edge / status=200 upstream=B rt_ms=343 bytes=9452
2026-03-14 02:43:03.894 edge /api/orders status=502 upstream=B rt_ms=287 bytes=6376
2026-03-14 02:43:06.555 edge /api/orders status=502 upstream=B rt_ms=171 bytes=7458
2026-03-14 02:43:11.499 edge / status=200 upstream=B rt_ms=104 bytes=2713
2026-03-14 02:43:12.402 edge /healthz status=200 upstream=B rt_ms=73 bytes=509
2026-03-14 02:43:15.213 edge /api/orders status=200 upstream=B rt_ms=394 bytes=32443
2026-03-14 02:43:16.662 edge /healthz status=200 upstream=B rt_ms=327 bytes=19521
2026-03-14 02:43:17.247 edge / status=502 upstream=B rt_ms=14 bytes=22857
2026-03-14 02:43:18.914 edge /healthz status=502 upstream=B rt_ms=330 bytes=39709
2026-03-14 02:43:23.223 edge /static/style.css status=200 upstream=B rt_ms=308 bytes=3036
2026-03-14 02:43:23.267 edge /api/orders status=502 upstream=B rt_ms=24 bytes=10782
2026-03-14 02:43:23.768 edge /api/orders status=502 upstream=B rt_ms=324 bytes=33611
2026-03-14 02:43:28.490 edge /static/style.css status=502 upstream=B rt_ms=7 bytes=24000
2026-03-14 02:43:29.011 edge / status=200 upstream=B rt_ms=215 bytes=1816
2026-03-14 02:43:30.161 edge / status=200 upstream=B rt_ms=20 bytes=21842
2026-03-14 02:43:31.397 edge /static/style.css status=502 upstream=B rt_ms=278 bytes=28879
2026-03-14 02:43:32.671 edge /static/style.css status=200 upstream=B rt_ms=117 bytes=40854
2026-03-14 02:43:32.954 edge /static/style.css status=200 upstream=B rt_ms=13 bytes=28281
2026-03-14 02:43:32.976 edge /api/events status=200 upstream=B rt_ms=10 bytes=11902
2026-03-14 02:43:34.810 edge /healthz status=200 upstream=B rt_ms=156 bytes=17158
2026-03-14 02:43:35.969 edge /api/events status=502 upstream=B rt_ms=302 bytes=31041
2026-03-14 02:43:36.839 edge /api/events status=200 upstream=B rt_ms=219 bytes=23735
2026-03-14 02:43:36.950 edge / status=200 upstream=B rt_ms=24 bytes=28595
2026-03-14 02:43:36.954 edge /api/events status=200 upstream=B rt_ms=193 bytes=16568
2026-03-14 02:43:38.227 edge /healthz status=502 upstream=B rt_ms=50 bytes=41226
2026-03-14 02:43:40.511 edge /healthz status=404 upstream=B rt_ms=380 bytes=14641
2026-03-14 02:43:41.339 edge /static/style.css status=500 upstream=B rt_ms=54 bytes=11796
2026-03-14 02:43:44.777 edge /api/events status=502 upstream=B rt_ms=61 bytes=4487
2026-03-14 02:43:45.992 edge / status=500 upstream=B rt_ms=221 bytes=13170
2026-03-14 02:43:46.960 edge /static/style.css status=502 upstream=B rt_ms=391 bytes=21880
2026-03-14 02:43:47.090 edge /static/style.css status=200 upstream=B rt_ms=220 bytes=38059
2026-03-14 02:43:48.716 edge /healthz status=502 upstream=B rt_ms=330 bytes=35049
2026-03-14 02:43:50.861 edge /api/events status=502 upstream=B rt_ms=378 bytes=21016
2026-03-14 02:43:52.366 edge /static/style.css status=502 upstream=B rt_ms=160 bytes=24074
2026-03-14 02:43:53.204 edge / status=500 upstream=B rt_ms=174 bytes=36782
2026-03-14 02:43:54.017 edge / status=502 upstream=B rt_ms=39 bytes=22088
2026-03-14 02:43:55.131 edge / status=502 upstream=B rt_ms=60 bytes=1686
2026-03-14 02:43:55.186 edge /static/style.css status=502 upstream=B rt_ms=230 bytes=27420
2026-03-14 02:43:55.629 edge /healthz status=502 upstream=B rt_ms=299 bytes=9919
2026-03-14 02:43:55.754 edge /static/style.css status=502 upstream=B rt_ms=101 bytes=16802
2026-03-14 02:43:56.850 edge /api/orders status=502 upstream=B rt_ms=44 bytes=40060
2026-03-14 02:43:57.294 edge / status=200 upstream=B rt_ms=192 bytes=14758
2026-03-14 02:43:58.395 edge /api/events status=200 upstream=B rt_ms=34 bytes=35229
2026-03-14 02:43:58.640 edge /healthz status=502 upstream=B rt_ms=287 bytes=12573
2026-03-14 02:43:58.746 edge /api/events status=500 upstream=B rt_ms=165 bytes=26486
2026-03-14 02:43:58.969 edge /static/style.css status=200 upstream=B rt_ms=72 bytes=16172
2026-03-14 02:43:59.707 edge /healthz status=502 upstream=B rt_ms=215 bytes=28357
2026-03-14 02:44:00.382 edge /api/orders status=502 upstream=B rt_ms=377 bytes=12368
2026-03-14 02:44:00.657 edge /api/events status=200 upstream=B rt_ms=160 bytes=14042
2026-03-14 02:44:03.897 edge /static/style.css status=200 upstream=B rt_ms=89 bytes=25698
2026-03-14 02:44:04.559 edge /static/style.css status=502 upstream=B rt_ms=170 bytes=37959
2026-03-14 02:44:05.843 edge /healthz status=502 upstream=B rt_ms=158 bytes=3223
2026-03-14 02:44:05.844 edge / status=502 upstream=B rt_ms=8 bytes=24450
2026-03-14 02:44:06.590 edge /healthz status=200 upstream=B rt_ms=46 bytes=1582
2026-03-14 02:44:07.492 edge /healthz status=502 upstream=B rt_ms=49 bytes=36553
2026-03-14 02:44:08.762 edge /static/style.css status=500 upstream=B rt_ms=286 bytes=4660
2026-03-14 02:44:11.513 edge /healthz status=200 upstream=B rt_ms=331 bytes=18099
2026-03-14 02:44:12.831 edge /healthz status=200 upstream=B rt_ms=279 bytes=12343
2026-03-14 02:44:13.913 edge /healthz status=200 upstream=B rt_ms=211 bytes=41086
2026-03-14 02:44:14.179 edge /healthz status=404 upstream=B rt_ms=357 bytes=17372
2026-03-14 02:44:14.673 edge /api/events status=502 upstream=B rt_ms=343 bytes=9005
2026-03-14 02:44:15.217 edge / status=200 upstream=B rt_ms=144 bytes=1059
2026-03-14 02:44:15.514 edge / status=200 upstream=B rt_ms=174 bytes=37829
2026-03-14 02:44:15.759 edge /healthz status=200 upstream=B rt_ms=105 bytes=11242
2026-03-14 02:44:17.100 edge /api/events status=502 upstream=B rt_ms=171 bytes=25391
2026-03-14 02:44:19.047 edge / status=200 upstream=B rt_ms=111 bytes=12540
2026-03-14 02:44:20.830 edge /api/orders status=502 upstream=B rt_ms=363 bytes=14101
2026-03-14 02:44:21.637 edge / status=200 upstream=B rt_ms=353 bytes=7977
2026-03-14 02:44:22.099 edge /api/events status=500 upstream=B rt_ms=35 bytes=29023
2026-03-14 02:44:23.375 edge / status=502 upstream=B rt_ms=157 bytes=12457
2026-03-14 02:44:23.618 edge /api/events status=200 upstream=B rt_ms=10 bytes=27544
2026-03-14 02:44:24.512 edge /api/orders status=502 upstream=B rt_ms=104 bytes=9582
2026-03-14 02:44:25.531 edge /api/orders status=500 upstream=B rt_ms=288 bytes=16120
2026-03-14 02:44:26.104 edge / status=200 upstream=B rt_ms=119 bytes=34012
2026-03-14 02:44:26.688 edge /api/events status=200 upstream=B rt_ms=170 bytes=14160
2026-03-14 02:44:27.294 edge /api/orders status=200 upstream=B rt_ms=211 bytes=37115
2026-03-14 02:44:29.657 edge / status=200 upstream=B rt_ms=199 bytes=24308
2026-03-14 02:44:30.049 edge / status=200 upstream=B rt_ms=89 bytes=39430
2026-03-14 02:44:30.471 edge /api/orders status=502 upstream=B rt_ms=67 bytes=7949
2026-03-14 02:44:31.597 edge /static/style.css status=200 upstream=B rt_ms=299 bytes=2299
2026-03-14 02:44:32.309 edge /static/style.css status=200 upstream=B rt_ms=110 bytes=4055
2026-03-14 02:44:32.614 edge /api/events status=502 upstream=B rt_ms=207 bytes=18832
2026-03-14 02:44:33.343 edge /static/style.css status=200 upstream=B rt_ms=317 bytes=34716
2026-03-14 02:44:34.686 edge / status=200 upstream=B rt_ms=20 bytes=37794
2026-03-14 02:44:35.950 edge /api/events status=502 upstream=B rt_ms=38 bytes=1787
2026-03-14 02:44:37.571 edge / status=200 upstream=B rt_ms=245 bytes=34132
2026-03-14 02:44:38.073 edge /api/events status=200 upstream=B rt_ms=125 bytes=37331
2026-03-14 02:44:38.799 edge /static/style.css status=502 upstream=B rt_ms=118 bytes=28534
2026-03-14 02:44:39.979 edge /api/events status=200 upstream=B rt_ms=78 bytes=17111
2026-03-14 02:44:40.215 edge /api/events status=200 upstream=B rt_ms=340 bytes=21214
2026-03-14 02:44:40.879 edge /api/events status=200 upstream=B rt_ms=51 bytes=19263
2026-03-14 02:44:42.062 edge /static/style.css status=502 upstream=B rt_ms=170 bytes=28607
2026-03-14 02:44:43.165 edge /healthz status=200 upstream=B rt_ms=47 bytes=11404
2026-03-14 02:44:43.768 edge /healthz status=200 upstream=B rt_ms=366 bytes=14088
2026-03-14 02:44:44.282 edge /static/style.css status=502 upstream=B rt_ms=383 bytes=1450
2026-03-14 02:44:45.207 edge / status=200 upstream=B rt_ms=77 bytes=18661
2026-03-14 02:44:46.154 edge /api/events status=200 upstream=B rt_ms=112 bytes=33013
2026-03-14 02:44:49.199 edge /static/style.css status=200 upstream=B rt_ms=143 bytes=8975
2026-03-14 02:44:49.337 edge /api/orders status=200 upstream=B rt_ms=308 bytes=14683
2026-03-14 02:44:49.729 edge /api/orders status=200 upstream=B rt_ms=13 bytes=30060
2026-03-14 02:44:50.325 edge / status=200 upstream=B rt_ms=98 bytes=16552
2026-03-14 02:44:50.938 edge /healthz status=200 upstream=B rt_ms=194 bytes=22943
2026-03-14 02:44:51.074 edge /healthz status=502 upstream=B rt_ms=348 bytes=277
2026-03-14 02:44:51.731 edge /api/orders status=200 upstream=B rt_ms=329 bytes=16056
2026-03-14 02:44:52.773 edge /static/style.css status=502 upstream=B rt_ms=206 bytes=1908
2026-03-14 02:44:54.443 edge /api/orders status=500 upstream=B rt_ms=316 bytes=9370
2026-03-14 02:44:54.600 edge /healthz status=502 upstream=B rt_ms=44 bytes=26447
2026-03-14 02:44:56.077 edge /static/style.css status=502 upstream=B rt_ms=394 bytes=37189
2026-03-14 02:44:57.545 edge /api/orders status=200 upstream=B rt_ms=238 bytes=3319
2026-03-14 02:44:58.151 edge /api/orders status=200 upstream=B rt_ms=189 bytes=15711
2026-03-14 02:44:58.192 edge /static/style.css status=200 upstream=B rt_ms=257 bytes=9875
2026-03-14 02:44:58.718 edge / status=200 upstream=B rt_ms=105 bytes=20655
2026-03-14 02:45:00.498 edge /api/events status=502 upstream=B rt_ms=147 bytes=11767
2026-03-14 02:45:01.180 edge /api/events status=200 upstream=B rt_ms=138 bytes=35194
2026-03-14 02:45:02.017 edge /api/events status=200 upstream=B rt_ms=111 bytes=23040
2026-03-14 02:45:04.236 edge / status=200 upstream=B rt_ms=370 bytes=23987
2026-03-14 02:45:04.619 edge / status=502 upstream=B rt_ms=257 bytes=22798
2026-03-14 02:45:07.513 edge /api/events status=200 upstream=B rt_ms=210 bytes=19342
2026-03-14 02:45:08.381 edge / status=500 upstream=B rt_ms=29 bytes=9981
2026-03-14 02:45:08.856 edge /healthz status=200 upstream=B rt_ms=261 bytes=36752
2026-03-14 02:45:09.554 edge /static/style.css status=200 upstream=B rt_ms=386 bytes=20085
2026-03-14 02:45:10.603 edge /static/style.css status=502 upstream=B rt_ms=253 bytes=26738
2026-03-14 02:45:11.763 edge /api/orders status=200 upstream=B rt_ms=336 bytes=22740
2026-03-14 02:45:12.048 edge /healthz status=502 upstream=B rt_ms=359 bytes=39950
2026-03-14 02:45:12.532 edge / status=200 upstream=B rt_ms=36 bytes=1128
2026-03-14 02:45:13.041 edge / status=200 upstream=B rt_ms=350 bytes=14276
2026-03-14 02:45:13.193 edge /static/style.css status=502 upstream=B rt_ms=44 bytes=7421
2026-03-14 02:45:13.943 edge /static/style.css status=200 upstream=B rt_ms=399 bytes=15865
2026-03-14 02:45:14.388 edge /api/orders status=200 upstream=B rt_ms=240 bytes=24360
2026-03-14 02:45:14.512 edge /api/orders status=500 upstream=B rt_ms=307 bytes=17080
2026-03-14 02:45:15.328 edge / status=502 upstream=B rt_ms=297 bytes=20807
2026-03-14 02:45:18.612 edge / status=200 upstream=B rt_ms=398 bytes=30254
2026-03-14 02:45:19.009 edge /static/style.css status=502 upstream=B rt_ms=65 bytes=7961
2026-03-14 02:45:19.864 edge /healthz status=200 upstream=B rt_ms=359 bytes=5049
2026-03-14 02:45:20.257 edge /static/style.css status=200 upstream=B rt_ms=87 bytes=38938
2026-03-14 02:45:22.125 edge /healthz status=500 upstream=B rt_ms=182 bytes=28970
2026-03-14 02:45:22.249 edge /healthz status=200 upstream=B rt_ms=100 bytes=30447
2026-03-14 02:45:22.452 edge /api/orders status=200 upstream=B rt_ms=94 bytes=3676
2026-03-14 02:45:22.458 edge /api/orders status=200 upstream=B rt_ms=122 bytes=27798
2026-03-14 02:45:26.572 edge /healthz status=502 upstream=B rt_ms=313 bytes=32060
2026-03-14 02:45:27.261 edge /api/orders status=200 upstream=B rt_ms=140 bytes=2866
2026-03-14 02:45:27.544 edge /api/events status=200 upstream=B rt_ms=83 bytes=23409
2026-03-14 02:45:29.726 edge /api/orders status=200 upstream=B rt_ms=360 bytes=17173
2026-03-14 02:45:29.913 edge /api/orders status=502 upstream=B rt_ms=4 bytes=26159
2026-03-14 02:45:30.000 edge /api/orders status=200 upstream=B rt_ms=272 bytes=29868
2026-03-14 02:45:31.217 edge /api/events status=502 upstream=B rt_ms=111 bytes=40105
2026-03-14 02:45:32.585 edge / status=200 upstream=B rt_ms=346 bytes=26867
2026-03-14 02:45:35.297 edge /static/style.css status=502 upstream=B rt_ms=287 bytes=25236
2026-03-14 02:45:36.910 edge /healthz status=200 upstream=B rt_ms=356 bytes=20432
2026-03-14 02:45:37.061 edge /api/orders status=502 upstream=B rt_ms=197 bytes=10115
2026-03-14 02:45:38.354 edge /static/style.css status=200 upstream=B rt_ms=137 bytes=31661
2026-03-14 02:45:38.433 edge /static/style.css status=502 upstream=B rt_ms=164 bytes=33991
2026-03-14 02:45:39.600 edge /static/style.css status=502 upstream=B rt_ms=220 bytes=21783
2026-03-14 02:45:40.894 edge /api/orders status=404 upstream=B rt_ms=388 bytes=27165
2026-03-14 02:45:41.178 edge /api/orders status=502 upstream=B rt_ms=369 bytes=28570
2026-03-14 02:45:41.839 edge / status=200 upstream=B rt_ms=85 bytes=32734
2026-03-14 02:45:43.895 edge /api/orders status=200 upstream=B rt_ms=103 bytes=10986
2026-03-14 02:45:43.994 edge /healthz status=200 upstream=B rt_ms=187 bytes=30840
2026-03-14 02:45:45.284 edge / status=200 upstream=B rt_ms=249 bytes=10077
2026-03-14 02:45:49.351 edge /healthz status=404 upstream=B rt_ms=79 bytes=40776
2026-03-14 02:45:49.653 edge /healthz status=200 upstream=B rt_ms=4 bytes=5502
2026-03-14 02:45:49.763 edge /healthz status=502 upstream=B rt_ms=22 bytes=28217
2026-03-14 02:45:52.428 edge /static/style.css status=502 upstream=B rt_ms=148 bytes=29130
2026-03-14 02:45:52.702 edge / status=502 upstream=B rt_ms=96 bytes=12427
2026-03-14 02:45:52.983 edge /api/events status=502 upstream=B rt_ms=339 bytes=25113
2026-03-14 02:45:53.216 edge /api/orders status=200 upstream=B rt_ms=104 bytes=31567
2026-03-14 02:45:53.513 edge /static/style.css status=200 upstream=B rt_ms=318 bytes=16852
2026-03-14 02:45:54.519 edge /healthz status=200 upstream=B rt_ms=344 bytes=36215
2026-03-14 02:45:54.881 edge / status=200 upstream=B rt_ms=80 bytes=7258
2026-03-14 02:45:55.807 edge /static/style.css status=200 upstream=B rt_ms=201 bytes=29082
2026-03-14 02:45:56.188 edge / status=200 upstream=B rt_ms=358 bytes=2567
2026-03-14 02:45:59.542 edge /healthz status=200 upstream=B rt_ms=255 bytes=37314
2026-03-14 02:45:59.822 edge /api/orders status=502 upstream=B rt_ms=303 bytes=5190
2026-03-14 02:46:00.299 edge / status=200 upstream=B rt_ms=363 bytes=18486
2026-03-14 02:46:00.829 edge /api/events status=200 upstream=B rt_ms=48 bytes=25030
2026-03-14 02:46:01.115 edge /static/style.css status=502 upstream=B rt_ms=229 bytes=37920
2026-03-14 02:46:02.156 edge /api/events status=404 upstream=B rt_ms=248 bytes=12123
2026-03-14 02:46:03.499 edge /api/events status=200 upstream=B rt_ms=116 bytes=15835
2026-03-14 02:46:05.199 edge /static/style.css status=200 upstream=B rt_ms=25 bytes=9351
2026-03-14 02:46:07.351 edge /api/events status=200 upstream=B rt_ms=193 bytes=28947
2026-03-14 02:46:07.722 edge /healthz status=200 upstream=B rt_ms=257 bytes=20450
2026-03-14 02:46:07.878 edge /healthz status=502 upstream=B rt_ms=228 bytes=9522
2026-03-14 02:46:10.027 edge / status=500 upstream=B rt_ms=39 bytes=14467
2026-03-14 02:46:10.381 edge /healthz status=502 upstream=B rt_ms=76 bytes=3500
2026-03-14 02:46:11.015 edge /static/style.css status=200 upstream=B rt_ms=137 bytes=16803
2026-03-14 02:46:14.398 edge /api/orders status=200 upstream=B rt_ms=373 bytes=13963
2026-03-14 02:46:15.409 edge / status=200 upstream=B rt_ms=174 bytes=35672
2026-03-14 02:46:15.730 edge / status=200 upstream=B rt_ms=171 bytes=12745
2026-03-14 02:46:16.500 edge /api/events status=200 upstream=B rt_ms=389 bytes=22738
2026-03-14 02:46:18.240 edge /api/events status=200 upstream=B rt_ms=392 bytes=1041
2026-03-14 02:46:19.232 edge /api/orders status=200 upstream=B rt_ms=212 bytes=32755
2026-03-14 02:46:20.181 edge /api/events status=200 upstream=B rt_ms=310 bytes=4035
2026-03-14 02:46:20.577 edge /healthz status=200 upstream=B rt_ms=44 bytes=27654
2026-03-14 02:46:21.081 edge / status=502 upstream=B rt_ms=193 bytes=769
2026-03-14 02:46:24.819 edge / status=502 upstream=B rt_ms=10 bytes=25210
2026-03-14 02:46:25.363 edge /static/style.css status=200 upstream=B rt_ms=333 bytes=5033
2026-03-14 02:46:25.516 edge /api/orders status=502 upstream=B rt_ms=242 bytes=3079
2026-03-14 02:46:25.883 edge /api/orders status=200 upstream=B rt_ms=269 bytes=1984
2026-03-14 02:46:25.924 edge / status=502 upstream=B rt_ms=395 bytes=39783
2026-03-14 02:46:27.299 edge /static/style.css status=502 upstream=B rt_ms=194 bytes=14589
2026-03-14 02:46:27.360 edge /api/events status=500 upstream=B rt_ms=151 bytes=13112
2026-03-14 02:46:27.659 edge /static/style.css status=200 upstream=B rt_ms=47 bytes=40259
2026-03-14 02:46:30.184 edge /healthz status=200 upstream=B rt_ms=343 bytes=18336
2026-03-14 02:46:31.146 edge /api/orders status=200 upstream=B rt_ms=55 bytes=32623
2026-03-14 02:46:33.593 edge /healthz status=200 upstream=B rt_ms=275 bytes=30802
2026-03-14 02:46:35.546 edge / status=200 upstream=B rt_ms=183 bytes=36158
2026-03-14 02:46:37.130 edge / status=200 upstream=B rt_ms=372 bytes=23909
2026-03-14 02:46:38.087 edge /healthz status=404 upstream=B rt_ms=58 bytes=31569
2026-03-14 02:46:38.116 edge /api/orders status=200 upstream=B rt_ms=105 bytes=32690
2026-03-14 02:46:38.468 edge /api/orders status=502 upstream=B rt_ms=160 bytes=32372
2026-03-14 02:46:40.550 edge /static/style.css status=200 upstream=B rt_ms=108 bytes=22706
2026-03-14 02:46:40.789 edge /api/orders status=200 upstream=B rt_ms=75 bytes=12985
2026-03-14 02:46:43.547 edge /static/style.css status=200 upstream=B rt_ms=182 bytes=14049
2026-03-14 02:46:43.832 edge / status=200 upstream=B rt_ms=275 bytes=31805
2026-03-14 02:46:44.210 edge /static/style.css status=502 upstream=B rt_ms=238 bytes=4651
2026-03-14 02:46:45.515 edge / status=200 upstream=B rt_ms=148 bytes=13214
2026-03-14 02:46:45.694 edge /healthz status=200 upstream=B rt_ms=361 bytes=41107
2026-03-14 02:46:48.999 edge / status=200 upstream=B rt_ms=90 bytes=12531
2026-03-14 02:46:49.067 edge /static/style.css status=502 upstream=B rt_ms=176 bytes=20718
2026-03-14 02:46:50.233 edge /healthz status=200 upstream=B rt_ms=51 bytes=29862
2026-03-14 02:46:51.122 edge /healthz status=502 upstream=B rt_ms=172 bytes=37096
2026-03-14 02:46:55.338 edge / status=502 upstream=B rt_ms=144 bytes=31039
2026-03-14 02:46:56.179 edge /static/style.css status=502 upstream=B rt_ms=5 bytes=12001
2026-03-14 02:46:59.982 edge / status=502 upstream=B rt_ms=215 bytes=32460
2026-03-14 02:47:01.521 edge /static/style.css status=200 upstream=B rt_ms=102 bytes=23199
2026-03-14 02:47:02.521 edge /api/orders status=502 upstream=B rt_ms=303 bytes=8534
2026-03-14 02:47:02.724 edge /api/orders status=502 upstream=B rt_ms=36 bytes=20620
2026-03-14 02:47:02.813 edge / status=200 upstream=B rt_ms=145 bytes=7764
2026-03-14 02:47:04.273 edge /healthz status=200 upstream=B rt_ms=147 bytes=10805
2026-03-14 02:47:04.566 edge /healthz status=200 upstream=B rt_ms=389 bytes=3199
2026-03-14 02:47:06.338 edge /api/orders status=500 upstream=B rt_ms=162 bytes=33454
2026-03-14 02:47:07.167 edge /healthz status=200 upstream=B rt_ms=320 bytes=26104
2026-03-14 02:47:10.569 edge /api/orders status=502 upstream=B rt_ms=230 bytes=14251
2026-03-14 02:47:13.255 edge /healthz status=502 upstream=B rt_ms=63 bytes=7127
2026-03-14 02:47:13.369 edge /healthz status=502 upstream=B rt_ms=321 bytes=28777
2026-03-14 02:47:13.785 edge /api/events status=200 upstream=B rt_ms=245 bytes=6821
2026-03-14 02:47:15.400 edge /api/orders status=200 upstream=B rt_ms=193 bytes=15401
2026-03-14 02:47:16.576 edge /api/events status=502 upstream=B rt_ms=328 bytes=2683
2026-03-14 02:47:16.648 edge /static/style.css status=200 upstream=B rt_ms=135 bytes=11794
2026-03-14 02:47:16.659 edge /healthz status=200 upstream=B rt_ms=59 bytes=27079
2026-03-14 02:47:18.844 edge /static/style.css status=200 upstream=B rt_ms=56 bytes=30158
2026-03-14 02:47:19.297 edge / status=200 upstream=B rt_ms=338 bytes=21863
2026-03-14 02:47:19.526 edge /api/orders status=200 upstream=B rt_ms=174 bytes=22860
2026-03-14 02:47:20.308 edge /healthz status=200 upstream=B rt_ms=188 bytes=29307
2026-03-14 02:47:20.545 edge /api/orders status=502 upstream=B rt_ms=210 bytes=8268
2026-03-14 02:47:20.668 edge /healthz status=502 upstream=B rt_ms=15 bytes=23158
2026-03-14 02:47:21.329 edge / status=200 upstream=B rt_ms=270 bytes=24248
2026-03-14 02:47:21.821 edge /api/events status=200 upstream=B rt_ms=53 bytes=24852
2026-03-14 02:47:22.847 edge /api/events status=200 upstream=B rt_ms=93 bytes=16436
2026-03-14 02:47:23.082 edge /healthz status=200 upstream=B rt_ms=191 bytes=23326
2026-03-14 02:47:23.660 edge /healthz status=200 upstream=B rt_ms=192 bytes=33493
2026-03-14 02:47:25.212 edge / status=200 upstream=B rt_ms=359 bytes=17425
2026-03-14 02:47:25.577 edge /api/orders status=502 upstream=B rt_ms=110 bytes=37947
2026-03-14 02:47:26.078 edge / status=200 upstream=B rt_ms=140 bytes=1851
2026-03-14 02:47:26.080 edge /healthz status=200 upstream=B rt_ms=20 bytes=37988
2026-03-14 02:47:26.831 edge /healthz status=404 upstream=B rt_ms=33 bytes=32198
2026-03-14 02:47:28.515 edge /api/events status=502 upstream=B rt_ms=184 bytes=36843
2026-03-14 02:47:33.120 edge /api/events status=502 upstream=B rt_ms=372 bytes=11576
2026-03-14 02:47:33.838 edge /healthz status=200 upstream=B rt_ms=193 bytes=9468
2026-03-14 02:47:36.041 edge /api/events status=200 upstream=B rt_ms=320 bytes=24161
2026-03-14 02:47:36.875 edge /api/events status=200 upstream=B rt_ms=70 bytes=41756
2026-03-14 02:47:38.211 edge / status=200 upstream=B rt_ms=247 bytes=41821
2026-03-14 02:47:41.954 edge / status=502 upstream=B rt_ms=155 bytes=8637
2026-03-14 02:47:42.204 edge /static/style.css status=200 upstream=B rt_ms=236 bytes=3488
2026-03-14 02:47:43.496 edge /api/orders status=502 upstream=B rt_ms=180 bytes=6452
2026-03-14 02:47:44.199 edge / status=200 upstream=B rt_ms=352 bytes=21312
2026-03-14 02:47:44.407 edge /static/style.css status=200 upstream=B rt_ms=104 bytes=35776
2026-03-14 02:47:44.784 edge / status=502 upstream=B rt_ms=331 bytes=4297
2026-03-14 02:47:46.155 edge /api/events status=404 upstream=B rt_ms=377 bytes=26146
2026-03-14 02:47:47.468 edge /api/events status=200 upstream=B rt_ms=34 bytes=4711
2026-03-14 02:47:47.753 edge / status=500 upstream=B rt_ms=182 bytes=37742
2026-03-14 02:47:48.511 edge /api/orders status=502 upstream=B rt_ms=56 bytes=638
2026-03-14 02:47:49.826 edge /static/style.css status=200 upstream=B rt_ms=310 bytes=39012
2026-03-14 02:47:51.593 edge /healthz status=500 upstream=B rt_ms=144 bytes=36799
2026-03-14 02:47:52.143 edge /api/orders status=500 upstream=B rt_ms=54 bytes=33828
2026-03-14 02:47:54.709 edge / status=200 upstream=B rt_ms=314 bytes=15821
2026-03-14 02:47:55.304 edge /static/style.css status=502 upstream=B rt_ms=12 bytes=17544
2026-03-14 02:47:55.736 edge /static/style.css status=502 upstream=B rt_ms=296 bytes=21512
2026-03-14 02:47:56.716 edge /api/events status=200 upstream=B rt_ms=326 bytes=6575
2026-03-14 02:47:59.101 edge /api/orders status=200 upstream=B rt_ms=331 bytes=29299
2026-03-14 02:48:00.458 edge /api/orders status=404 upstream=B rt_ms=20 bytes=2207
2026-03-14 02:48:03.332 edge /api/orders status=200 upstream=B rt_ms=145 bytes=34130
2026-03-14 02:48:03.449 edge / status=502 upstream=B rt_ms=247 bytes=29192
2026-03-14 02:48:04.921 edge /static/style.css status=200 upstream=B rt_ms=335 bytes=11393
2026-03-14 02:48:05.709 edge /api/orders status=502 upstream=B rt_ms=200 bytes=6274
2026-03-14 02:48:06.400 edge /api/orders status=200 upstream=B rt_ms=74 bytes=28722
2026-03-14 02:48:07.442 edge /api/events status=502 upstream=B rt_ms=335 bytes=22913
2026-03-14 02:48:08.057 edge /api/orders status=502 upstream=B rt_ms=128 bytes=23779
2026-03-14 02:48:08.299 edge /api/orders status=502 upstream=B rt_ms=305 bytes=22537
2026-03-14 02:48:08.806 edge /api/events status=200 upstream=B rt_ms=284 bytes=32536
2026-03-14 02:48:10.571 edge /api/events status=200 upstream=B rt_ms=142 bytes=24553
2026-03-14 02:48:11.570 edge /api/events status=200 upstream=B rt_ms=307 bytes=26663
2026-03-14 02:48:11.591 edge /api/orders status=200 upstream=B rt_ms=228 bytes=32867
2026-03-14 02:48:11.677 edge /static/style.css status=200 upstream=B rt_ms=335 bytes=36588
2026-03-14 02:48:12.523 edge / status=502 upstream=B rt_ms=73 bytes=3956
2026-03-14 02:48:13.685 edge /api/events status=502 upstream=B rt_ms=222 bytes=31134
2026-03-14 02:48:14.585 edge /api/events status=200 upstream=B rt_ms=234 bytes=5289
2026-03-14 02:48:15.393 edge /healthz status=502 upstream=B rt_ms=351 bytes=1973
2026-03-14 02:48:16.429 edge /healthz status=200 upstream=B rt_ms=277 bytes=13099
2026-03-14 02:48:16.836 edge /static/style.css status=502 upstream=B rt_ms=113 bytes=25839
2026-03-14 02:48:17.305 edge /healthz status=502 upstream=B rt_ms=163 bytes=10787
2026-03-14 02:48:18.817 edge /api/orders status=200 upstream=B rt_ms=240 bytes=24184
2026-03-14 02:48:20.093 edge /static/style.css status=502 upstream=B rt_ms=21 bytes=38046
2026-03-14 02:48:20.290 edge /healthz status=502 upstream=B rt_ms=61 bytes=13191
2026-03-14 02:48:22.614 edge / status=200 upstream=B rt_ms=391 bytes=6519
2026-03-14 02:48:24.551 edge /static/style.css status=200 upstream=B rt_ms=82 bytes=34804
2026-03-14 02:48:25.303 edge /api/orders status=502 upstream=B rt_ms=315 bytes=18082
2026-03-14 02:48:27.034 edge /api/orders status=200 upstream=B rt_ms=301 bytes=8983
2026-03-14 02:48:28.418 edge /healthz status=200 upstream=B rt_ms=285 bytes=37921
2026-03-14 02:48:30.749 edge / status=200 upstream=B rt_ms=371 bytes=16214
2026-03-14 02:48:30.893 edge /healthz status=200 upstream=B rt_ms=255 bytes=19899
2026-03-14 02:48:34.670 edge /static/style.css status=200 upstream=B rt_ms=346 bytes=10834
2026-03-14 02:48:35.289 edge /healthz status=200 upstream=B rt_ms=337 bytes=34061
2026-03-14 02:48:36.475 edge /api/orders status=200 upstream=B rt_ms=33 bytes=24761
2026-03-14 02:48:38.980 edge / status=502 upstream=B rt_ms=290 bytes=15006
2026-03-14 02:48:40.054 edge /healthz status=502 upstream=B rt_ms=19 bytes=40896
2026-03-14 02:48:40.132 edge /api/orders status=502 upstream=B rt_ms=346 bytes=3947
2026-03-14 02:48:41.402 edge /api/events status=200 upstream=B rt_ms=143 bytes=36912
2026-03-14 02:48:42.043 edge /api/events status=502 upstream=B rt_ms=156 bytes=38127
2026-03-14 02:48:44.933 edge /api/events status=200 upstream=B rt_ms=191 bytes=10811
2026-03-14 02:48:45.520 edge / status=502 upstream=B rt_ms=111 bytes=33225
2026-03-14 02:48:47.460 edge /static/style.css status=502 upstream=B rt_ms=38 bytes=38587
2026-03-14 02:48:47.817 edge / status=200 upstream=B rt_ms=283 bytes=37993
2026-03-14 02:48:47.942 edge /api/orders status=502 upstream=B rt_ms=291 bytes=28423
2026-03-14 02:48:49.919 edge /api/orders status=200 upstream=B rt_ms=251 bytes=475
2026-03-14 02:48:50.233 edge /healthz status=200 upstream=B rt_ms=129 bytes=36422
2026-03-14 02:48:50.914 edge /healthz status=502 upstream=B rt_ms=291 bytes=24147
2026-03-14 02:48:51.958 edge /static/style.css status=502 upstream=B rt_ms=37 bytes=17072
2026-03-14 02:48:54.145 edge /api/events status=500 upstream=B rt_ms=195 bytes=9874
2026-03-14 02:48:54.219 edge /static/style.css status=404 upstream=B rt_ms=40 bytes=32027
2026-03-14 02:48:55.877 edge /static/style.css status=200 upstream=B rt_ms=264 bytes=3787
2026-03-14 02:48:55.922 edge /healthz status=502 upstream=B rt_ms=180 bytes=28943
2026-03-14 02:48:58.672 edge /api/events status=200 upstream=B rt_ms=306 bytes=27626
2026-03-14 02:48:58.738 edge /static/style.css status=200 upstream=B rt_ms=190 bytes=28950
2026-03-14 02:49:00.114 edge / status=502 upstream=B rt_ms=221 bytes=30716
2026-03-14 02:49:01.619 edge /api/events status=502 upstream=B rt_ms=90 bytes=13776
2026-03-14 02:49:04.328 edge / status=502 upstream=B rt_ms=107 bytes=7834
2026-03-14 02:49:04.499 edge / status=200 upstream=B rt_ms=369 bytes=25492
2026-03-14 02:49:04.971 edge / status=200 upstream=B rt_ms=73 bytes=28301
2026-03-14 02:49:07.587 edge /healthz status=200 upstream=B rt_ms=161 bytes=33937
2026-03-14 02:49:07.969 edge /healthz status=502 upstream=B rt_ms=64 bytes=35552
2026-03-14 02:49:08.442 edge / status=200 upstream=B rt_ms=316 bytes=13846
2026-03-14 02:49:09.321 edge /api/events status=200 upstream=B rt_ms=119 bytes=24004
2026-03-14 02:49:11.891 edge /api/orders status=502 upstream=B rt_ms=368 bytes=38912
2026-03-14 02:49:12.154 edge / status=200 upstream=B rt_ms=193 bytes=7721
2026-03-14 02:49:13.513 edge /api/events status=200 upstream=B rt_ms=196 bytes=19703
2026-03-14 02:49:14.317 edge / status=502 upstream=B rt_ms=17 bytes=31856
2026-03-14 02:49:14.632 edge / status=502 upstream=B rt_ms=138 bytes=36668
2026-03-14 02:49:17.067 edge /static/style.css status=200 upstream=B rt_ms=127 bytes=14896
2026-03-14 02:49:17.591 edge / status=200 upstream=B rt_ms=174 bytes=33905
2026-03-14 02:49:18.390 edge /api/orders status=200 upstream=B rt_ms=158 bytes=29412
2026-03-14 02:49:21.991 edge /api/events status=200 upstream=B rt_ms=287 bytes=5851
2026-03-14 02:49:23.668 edge / status=200 upstream=B rt_ms=396 bytes=24623
2026-03-14 02:49:24.089 edge /static/style.css status=200 upstream=B rt_ms=194 bytes=12383
2026-03-14 02:49:25.536 edge /api/orders status=200 upstream=B rt_ms=261 bytes=22942
2026-03-14 02:49:26.816 edge /api/events status=502 upstream=B rt_ms=86 bytes=22947
2026-03-14 02:49:27.015 edge /static/style.css status=200 upstream=B rt_ms=190 bytes=40785
2026-03-14 02:49:27.819 edge /api/events status=200 upstream=B rt_ms=390 bytes=13936
2026-03-14 02:49:29.472 edge /api/events status=200 upstream=B rt_ms=274 bytes=30236
2026-03-14 02:49:30.771 edge /api/events status=200 upstream=B rt_ms=392 bytes=12647
2026-03-14 02:49:30.852 edge /api/orders status=404 upstream=B rt_ms=326 bytes=33516
2026-03-14 02:49:31.314 edge /api/events status=200 upstream=B rt_ms=396 bytes=7763
2026-03-14 02:49:31.399 edge /healthz status=200 upstream=B rt_ms=108 bytes=7748
2026-03-14 02:49:32.666 edge /static/style.css status=502 upstream=B rt_ms=241 bytes=4863
2026-03-14 02:49:36.570 edge /static/style.css status=502 upstream=B rt_ms=280 bytes=27881
2026-03-14 02:49:37.227 edge /healthz status=200 upstream=B rt_ms=360 bytes=30859
2026-03-14 02:49:37.824 edge /healthz status=502 upstream=B rt_ms=21 bytes=7351
2026-03-14 02:49:39.471 edge /static/style.css status=502 upstream=B rt_ms=303 bytes=20750
2026-03-14 02:49:40.723 edge /healthz status=200 upstream=B rt_ms=135 bytes=18024
2026-03-14 02:49:40.767 edge /healthz status=502 upstream=B rt_ms=220 bytes=39548
2026-03-14 02:49:40.907 edge /api/orders status=200 upstream=B rt_ms=16 bytes=36960
2026-03-14 02:49:41.077 edge /api/events status=502 upstream=B rt_ms=59 bytes=7357
2026-03-14 02:49:41.770 edge /healthz status=200 upstream=B rt_ms=99 bytes=29820
2026-03-14 02:49:42.428 edge /api/events status=502 upstream=B rt_ms=75 bytes=3138
2026-03-14 02:49:45.558 edge / status=200 upstream=B rt_ms=147 bytes=9870
2026-03-14 02:49:46.412 edge /api/events status=200 upstream=B rt_ms=256 bytes=31838
2026-03-14 02:49:47.521 edge /static/style.css status=502 upstream=B rt_ms=244 bytes=16342
2026-03-14 02:49:48.239 edge /api/orders status=200 upstream=B rt_ms=257 bytes=17251
2026-03-14 02:49:49.658 edge /api/orders status=200 upstream=B rt_ms=299 bytes=15096
2026-03-14 02:49:50.261 edge /api/orders status=200 upstream=B rt_ms=3 bytes=9845
2026-03-14 02:49:50.505 edge /healthz status=200 upstream=B rt_ms=305 bytes=20916
2026-03-14 02:49:51.299 edge / status=200 upstream=B rt_ms=67 bytes=34522
2026-03-14 02:49:51.415 edge /api/events status=200 upstream=B rt_ms=363 bytes=9562
2026-03-14 02:49:54.627 edge /static/style.css status=500 upstream=B rt_ms=330 bytes=24129
2026-03-14 02:49:55.914 edge /static/style.css status=404 upstream=B rt_ms=29 bytes=17464
2026-03-14 02:49:57.428 edge /static/style.css status=200 upstream=B rt_ms=328 bytes=29591
2026-03-14 02:49:57.712 edge /static/style.css status=502 upstream=B rt_ms=17 bytes=8311
2026-03-14 02:49:59.609 edge /static/style.css status=200 upstream=B rt_ms=121 bytes=34535
2026-03-14 02:49:59.753 edge /api/orders status=502 upstream=B rt_ms=261 bytes=37646
2026-03-14 02:50:00.419 edge /static/style.css status=502 upstream=B rt_ms=68 bytes=11978
2026-03-14 02:50:00.991 edge /static/style.css status=200 upstream=B rt_ms=102 bytes=36064
2026-03-14 02:50:02.172 edge / status=502 upstream=B rt_ms=395 bytes=14567
2026-03-14 02:50:03.184 edge /api/orders status=200 upstream=B rt_ms=316 bytes=25198
2026-03-14 02:50:03.923 edge / status=404 upstream=B rt_ms=143 bytes=9596
2026-03-14 02:50:05.768 edge / status=502 upstream=B rt_ms=147 bytes=9981
2026-03-14 02:50:07.531 edge /healthz status=200 upstream=B rt_ms=73 bytes=31629
2026-03-14 02:50:08.094 edge /api/orders status=200 upstream=B rt_ms=34 bytes=27294
2026-03-14 02:50:09.138 edge /healthz status=200 upstream=B rt_ms=40 bytes=9066
2026-03-14 02:50:10.849 edge / status=502 upstream=B rt_ms=208 bytes=16161
2026-03-14 02:50:10.985 edge /static/style.css status=200 upstream=B rt_ms=161 bytes=9061
2026-03-14 02:50:11.083 edge /static/style.css status=502 upstream=B rt_ms=327 bytes=37886
2026-03-14 02:50:12.887 edge /static/style.css status=200 upstream=B rt_ms=369 bytes=22633
2026-03-14 02:50:13.624 edge / status=404 upstream=B rt_ms=62 bytes=30967
2026-03-14 02:50:15.033 edge / status=502 upstream=B rt_ms=194 bytes=29771
2026-03-14 02:50:18.031 edge /healthz status=200 upstream=B rt_ms=67 bytes=6045
2026-03-14 02:50:18.677 edge /api/events status=502 upstream=B rt_ms=4 bytes=9417
2026-03-14 02:50:18.698 edge /api/orders status=200 upstream=B rt_ms=315 bytes=34218
2026-03-14 02:50:21.262 edge /api/events status=200 upstream=B rt_ms=220 bytes=40767
2026-03-14 02:50:22.275 edge /api/orders status=502 upstream=B rt_ms=216 bytes=36387
2026-03-14 02:50:22.359 edge /healthz status=500 upstream=B rt_ms=198 bytes=2433
2026-03-14 02:50:25.020 edge /api/events status=200 upstream=B rt_ms=169 bytes=16420
2026-03-14 02:50:27.680 edge /api/events status=502 upstream=B rt_ms=150 bytes=35312
2026-03-14 02:50:29.900 edge / status=502 upstream=B rt_ms=199 bytes=26924
2026-03-14 02:50:31.754 edge /api/events status=200 upstream=B rt_ms=219 bytes=20514
2026-03-14 02:50:32.890 edge / status=200 upstream=B rt_ms=343 bytes=34289
2026-03-14 02:50:33.582 edge /api/events status=200 upstream=B rt_ms=320 bytes=9716
2026-03-14 02:50:35.670 edge /api/orders status=200 upstream=B rt_ms=219 bytes=32067
2026-03-14 02:50:37.725 edge /api/events status=502 upstream=B rt_ms=8 bytes=24044
2026-03-14 02:50:37.803 edge / status=502 upstream=B rt_ms=25 bytes=25247
2026-03-14 02:50:38.095 edge /static/style.css status=200 upstream=B rt_ms=386 bytes=29256
2026-03-14 02:50:38.461 edge /static/style.css status=502 upstream=B rt_ms=238 bytes=31384
2026-03-14 02:50:38.575 edge /healthz status=502 upstream=B rt_ms=60 bytes=9452
2026-03-14 02:50:41.962 edge /healthz status=200 upstream=B rt_ms=337 bytes=22826
2026-03-14 02:50:43.471 edge /static/style.css status=200 upstream=B rt_ms=212 bytes=40649
2026-03-14 02:50:43.779 edge / status=502 upstream=B rt_ms=336 bytes=5111
2026-03-14 02:50:47.045 edge /static/style.css status=502 upstream=B rt_ms=38 bytes=5544
2026-03-14 02:50:47.111 edge /healthz status=200 upstream=B rt_ms=369 bytes=33177
2026-03-14 02:50:47.134 edge /api/events status=502 upstream=B rt_ms=371 bytes=16992
2026-03-14 02:50:47.711 edge /api/events status=200 upstream=B rt_ms=68 bytes=30740
2026-03-14 02:50:51.837 edge /api/orders status=500 upstream=B rt_ms=157 bytes=7212
2026-03-14 02:50:54.736 edge /healthz status=200 upstream=B rt_ms=251 bytes=2807
2026-03-14 02:50:55.829 edge /static/style.css status=200 upstream=B rt_ms=310 bytes=5042
2026-03-14 02:50:57.284 edge / status=502 upstream=B rt_ms=378 bytes=15851
2026-03-14 02:50:57.485 edge /healthz status=200 upstream=B rt_ms=71 bytes=38252
2026-03-14 02:50:57.686 edge /api/orders status=200 upstream=B rt_ms=23 bytes=10568
2026-03-14 02:50:58.417 edge /healthz status=502 upstream=B rt_ms=325 bytes=28203
2026-03-14 02:50:58.597 edge /api/orders status=200 upstream=B rt_ms=362 bytes=21483
2026-03-14 02:50:59.458 edge /static/style.css status=200 upstream=B rt_ms=108 bytes=6861
2026-03-14 02:51:01.257 edge /api/events status=502 upstream=B rt_ms=35 bytes=26624
2026-03-14 02:51:05.040 edge /static/style.css status=200 upstream=B rt_ms=10 bytes=32667
2026-03-14 02:51:06.356 edge /api/orders status=502 upstream=B rt_ms=52 bytes=19039
2026-03-14 02:51:07.860 edge /api/orders status=200 upstream=B rt_ms=129 bytes=25593
2026-03-14 02:51:07.908 edge /api/orders status=502 upstream=B rt_ms=217 bytes=4623
2026-03-14 02:51:07.911 edge /api/events status=502 upstream=B rt_ms=333 bytes=31391
2026-03-14 02:51:07.986 edge /api/orders status=502 upstream=B rt_ms=227 bytes=34480
2026-03-14 02:51:08.560 edge /api/events status=200 upstream=B rt_ms=127 bytes=21797
2026-03-14 02:51:11.478 edge /api/orders status=200 upstream=B rt_ms=65 bytes=7585
2026-03-14 02:51:15.840 edge /api/events status=200 upstream=B rt_ms=378 bytes=24306
2026-03-14 02:51:16.231 edge / status=404 upstream=B rt_ms=296 bytes=22988
2026-03-14 02:51:19.811 edge /api/events status=200 upstream=B rt_ms=301 bytes=32463
2026-03-14 02:51:19.887 edge /static/style.css status=200 upstream=B rt_ms=356 bytes=31723
2026-03-14 02:51:23.153 edge /healthz status=502 upstream=B rt_ms=69 bytes=28027
2026-03-14 02:51:23.249 edge /healthz status=200 upstream=B rt_ms=255 bytes=17221
2026-03-14 02:51:23.707 edge /api/events status=404 upstream=B rt_ms=261 bytes=27594
2026-03-14 02:51:23.825 edge /static/style.css status=200 upstream=B rt_ms=48 bytes=39586
2026-03-14 02:51:24.408 edge /api/orders status=200 upstream=B rt_ms=24 bytes=33389
2026-03-14 02:51:24.453 edge / status=502 upstream=B rt_ms=206 bytes=27091
2026-03-14 02:51:24.671 edge / status=200 upstream=B rt_ms=331 bytes=39454
2026-03-14 02:51:24.698 edge /static/style.css status=502 upstream=B rt_ms=265 bytes=30257
2026-03-14 02:51:25.487 edge /api/orders status=502 upstream=B rt_ms=139 bytes=37061
2026-03-14 02:51:25.609 edge / status=200 upstream=B rt_ms=350 bytes=9638
2026-03-14 02:51:25.828 edge /api/orders status=502 upstream=B rt_ms=369 bytes=405
2026-03-14 02:51:27.963 edge /api/events status=200 upstream=B rt_ms=373 bytes=17628
2026-03-14 02:51:28.635 edge /api/orders status=502 upstream=B rt_ms=398 bytes=25168
2026-03-14 02:51:28.846 edge / status=502 upstream=B rt_ms=16 bytes=12457
2026-03-14 02:51:29.962 edge /api/events status=200 upstream=B rt_ms=57 bytes=8343
2026-03-14 02:51:31.291 edge /static/style.css status=200 upstream=B rt_ms=115 bytes=13790
2026-03-14 02:51:31.743 edge /static/style.css status=500 upstream=B rt_ms=120 bytes=15479
2026-03-14 02:51:32.292 edge /api/orders status=502 upstream=B rt_ms=123 bytes=9701
2026-03-14 02:51:32.957 edge /healthz status=200 upstream=B rt_ms=134 bytes=39638
2026-03-14 02:51:33.329 edge /api/orders status=200 upstream=B rt_ms=231 bytes=15420
2026-03-14 02:51:33.498 edge / status=200 upstream=B rt_ms=7 bytes=6605
2026-03-14 02:51:33.747 edge /api/orders status=200 upstream=B rt_ms=93 bytes=7838
2026-03-14 02:51:34.869 edge / status=200 upstream=B rt_ms=21 bytes=6619
2026-03-14 02:51:35.370 edge /static/style.css status=200 upstream=B rt_ms=190 bytes=18047
2026-03-14 02:51:36.079 edge / status=502 upstream=B rt_ms=360 bytes=18541
2026-03-14 02:51:36.728 edge /static/style.css status=200 upstream=B rt_ms=280 bytes=36654
2026-03-14 02:51:37.055 edge / status=200 upstream=B rt_ms=209 bytes=31917
2026-03-14 02:51:37.315 edge /api/orders status=200 upstream=B rt_ms=70 bytes=25628
2026-03-14 02:51:37.817 edge /api/events status=502 upstream=B rt_ms=353 bytes=38002
2026-03-14 02:51:40.203 edge /api/orders status=200 upstream=B rt_ms=78 bytes=1413
2026-03-14 02:51:41.796 edge /api/events status=502 upstream=B rt_ms=289 bytes=31530
2026-03-14 02:51:44.718 edge /static/style.css status=500 upstream=B rt_ms=130 bytes=22096
2026-03-14 02:51:45.659 edge /api/events status=502 upstream=B rt_ms=4 bytes=38212
2026-03-14 02:51:46.302 edge /healthz status=200 upstream=B rt_ms=378 bytes=12063
2026-03-14 02:51:46.805 edge /static/style.css status=502 upstream=B rt_ms=213 bytes=30222
2026-03-14 02:51:47.555 edge / status=502 upstream=B rt_ms=325 bytes=12264
2026-03-14 02:51:48.338 edge /healthz status=200 upstream=B rt_ms=25 bytes=4457
2026-03-14 02:51:51.219 edge /api/events status=502 upstream=B rt_ms=76 bytes=33604
2026-03-14 02:51:52.511 edge /api/orders status=500 upstream=B rt_ms=205 bytes=28486
2026-03-14 02:51:54.254 edge /static/style.css status=200 upstream=B rt_ms=20 bytes=39961
2026-03-14 02:51:54.351 edge /api/orders status=200 upstream=B rt_ms=223 bytes=8735
2026-03-14 02:51:55.973 edge /api/events status=502 upstream=B rt_ms=290 bytes=28728
2026-03-14 02:51:56.044 edge /static/style.css status=200 upstream=B rt_ms=133 bytes=10564
2026-03-14 02:51:58.599 edge /api/orders status=200 upstream=B rt_ms=271 bytes=25003
2026-03-14 02:52:00.063 edge /api/events status=200 upstream=B rt_ms=255 bytes=9562
2026-03-14 02:52:00.128 edge /healthz status=200 upstream=B rt_ms=254 bytes=13465
2026-03-14 02:52:00.961 edge /static/style.css status=200 upstream=B rt_ms=10 bytes=15332
2026-03-14 02:52:01.994 edge /static/style.css status=502 upstream=B rt_ms=61 bytes=5608
2026-03-14 02:52:02.715 edge /static/style.css status=502 upstream=B rt_ms=66 bytes=29262
2026-03-14 02:52:07.993 edge / status=502 upstream=B rt_ms=293 bytes=13003
2026-03-14 02:52:09.321 edge / status=200 upstream=B rt_ms=158 bytes=1759
2026-03-14 02:52:10.200 edge /api/events status=502 upstream=B rt_ms=71 bytes=34385
2026-03-14 02:52:10.566 edge /api/events status=502 upstream=B rt_ms=296 bytes=16950
2026-03-14 02:52:12.638 edge /api/orders status=200 upstream=B rt_ms=54 bytes=35944
2026-03-14 02:52:13.271 edge /api/orders status=502 upstream=B rt_ms=268 bytes=34744
2026-03-14 02:52:14.062 edge /healthz status=200 upstream=B rt_ms=334 bytes=35822
2026-03-14 02:52:16.598 edge /healthz status=200 upstream=B rt_ms=203 bytes=40312
2026-03-14 02:52:17.418 edge / status=200 upstream=B rt_ms=381 bytes=37173
2026-03-14 02:52:17.459 edge / status=200 upstream=B rt_ms=97 bytes=4548
2026-03-14 02:52:17.540 edge /api/orders status=500 upstream=B rt_ms=360 bytes=21449
2026-03-14 02:52:19.801 edge /api/events status=200 upstream=B rt_ms=127 bytes=19102
2026-03-14 02:52:20.156 edge /api/orders status=502 upstream=B rt_ms=384 bytes=13614
2026-03-14 02:52:20.512 edge /static/style.css status=502 upstream=B rt_ms=237 bytes=11184
2026-03-14 02:52:21.393 edge /api/events status=200 upstream=B rt_ms=72 bytes=36599
2026-03-14 02:52:21.584 edge /api/events status=502 upstream=B rt_ms=25 bytes=39465
2026-03-14 02:52:22.780 edge /healthz status=200 upstream=B rt_ms=377 bytes=38312
2026-03-14 02:52:24.027 edge /static/style.css status=200 upstream=B rt_ms=132 bytes=27480
2026-03-14 02:52:24.220 edge /api/orders status=200 upstream=B rt_ms=257 bytes=31182
2026-03-14 02:52:24.460 edge /static/style.css status=502 upstream=B rt_ms=35 bytes=36130
2026-03-14 02:52:24.480 edge /static/style.css status=200 upstream=B rt_ms=132 bytes=10332
2026-03-14 02:52:28.647 edge /api/orders status=200 upstream=B rt_ms=327 bytes=26847
2026-03-14 02:52:29.005 edge / status=200 upstream=B rt_ms=71 bytes=7642
2026-03-14 02:52:31.145 edge /healthz status=502 upstream=B rt_ms=172 bytes=19299
2026-03-14 02:52:32.518 edge /static/style.css status=500 upstream=B rt_ms=279 bytes=11512
2026-03-14 02:52:32.524 edge /healthz status=502 upstream=B rt_ms=158 bytes=38505
2026-03-14 02:52:34.252 edge / status=502 upstream=B rt_ms=290 bytes=27706
2026-03-14 02:52:34.471 edge /healthz status=200 upstream=B rt_ms=392 bytes=38223
2026-03-14 02:52:37.052 edge /static/style.css status=502 upstream=B rt_ms=153 bytes=31488
2026-03-14 02:52:37.751 edge /healthz status=502 upstream=B rt_ms=85 bytes=6661
2026-03-14 02:52:41.910 edge /api/orders status=200 upstream=B rt_ms=175 bytes=38014
2026-03-14 02:52:43.022 edge /api/events status=404 upstream=B rt_ms=146 bytes=38602
2026-03-14 02:52:43.372 edge /api/events status=502 upstream=B rt_ms=374 bytes=35395
2026-03-14 02:52:44.289 edge / status=404 upstream=B rt_ms=112 bytes=29292
2026-03-14 02:52:46.591 edge /healthz status=200 upstream=B rt_ms=266 bytes=20941
2026-03-14 02:52:47.258 edge / status=404 upstream=B rt_ms=93 bytes=34257
2026-03-14 02:52:49.099 edge /api/orders status=200 upstream=B rt_ms=327 bytes=41791
2026-03-14 02:52:49.687 edge /api/orders status=200 upstream=B rt_ms=59 bytes=19955
2026-03-14 02:52:50.246 edge /api/events status=502 upstream=B rt_ms=88 bytes=2404
2026-03-14 02:52:50.386 edge /api/events status=200 upstream=B rt_ms=93 bytes=1310
2026-03-14 02:52:50.488 edge / status=200 upstream=B rt_ms=131 bytes=30751
2026-03-14 02:52:50.591 edge /api/events status=502 upstream=B rt_ms=39 bytes=14283
2026-03-14 02:52:51.007 edge /healthz status=502 upstream=B rt_ms=128 bytes=23063
2026-03-14 02:52:51.308 edge /api/events status=200 upstream=B rt_ms=118 bytes=34937
2026-03-14 02:52:51.924 edge /static/style.css status=200 upstream=B rt_ms=263 bytes=20734
2026-03-14 02:52:52.450 edge /static/style.css status=200 upstream=B rt_ms=283 bytes=19693
2026-03-14 02:52:52.865 edge /api/events status=200 upstream=B rt_ms=270 bytes=28971
2026-03-14 02:52:56.405 edge /api/orders status=200 upstream=B rt_ms=344 bytes=16774
2026-03-14 02:52:57.006 edge /static/style.css status=502 upstream=B rt_ms=253 bytes=40717
2026-03-14 02:52:58.442 edge /api/events status=200 upstream=B rt_ms=98 bytes=25820
2026-03-14 02:52:58.674 edge /healthz status=200 upstream=B rt_ms=55 bytes=41376
2026-03-14 02:52:59.118 edge /static/style.css status=200 upstream=B rt_ms=293 bytes=36765
2026-03-14 02:52:59.162 edge /static/style.css status=502 upstream=B rt_ms=46 bytes=1331
2026-03-14 02:53:00.607 edge /api/events status=200 upstream=B rt_ms=129 bytes=6162
2026-03-14 02:53:00.861 edge / status=200 upstream=B rt_ms=34 bytes=25489
2026-03-14 02:53:01.674 edge /healthz status=200 upstream=B rt_ms=120 bytes=10599
2026-03-14 02:53:01.981 edge /healthz status=502 upstream=B rt_ms=343 bytes=5607
2026-03-14 02:53:02.952 edge /healthz status=200 upstream=B rt_ms=318 bytes=20011
2026-03-14 02:53:03.606 edge /api/orders status=200 upstream=B rt_ms=177 bytes=29228
2026-03-14 02:53:04.085 edge / status=200 upstream=B rt_ms=147 bytes=7449
2026-03-14 02:53:05.211 edge / status=502 upstream=B rt_ms=370 bytes=9272
2026-03-14 02:53:05.767 edge /api/orders status=200 upstream=B rt_ms=239 bytes=25899
2026-03-14 02:53:06.426 edge / status=502 upstream=B rt_ms=119 bytes=1001
2026-03-14 02:53:06.786 edge /api/events status=502 upstream=B rt_ms=128 bytes=1296
2026-03-14 02:53:07.673 edge /api/events status=200 upstream=B rt_ms=97 bytes=30283
2026-03-14 02:53:08.306 edge /api/orders status=404 upstream=B rt_ms=167 bytes=14870
2026-03-14 02:53:09.393 edge /api/events status=502 upstream=B rt_ms=178 bytes=37839
2026-03-14 02:53:09.506 edge / status=502 upstream=B rt_ms=305 bytes=6205
2026-03-14 02:53:10.062 edge /api/orders status=502 upstream=B rt_ms=370 bytes=7361
2026-03-14 02:53:10.440 edge / status=200 upstream=B rt_ms=32 bytes=2873
2026-03-14 02:53:13.301 edge /api/events status=404 upstream=B rt_ms=125 bytes=40854
2026-03-14 02:53:13.359 edge /healthz status=502 upstream=B rt_ms=118 bytes=39640
2026-03-14 02:53:14.718 edge /static/style.css status=200 upstream=B rt_ms=74 bytes=4410
2026-03-14 02:53:14.750 edge /static/style.css status=200 upstream=B rt_ms=353 bytes=14843
2026-03-14 02:53:15.080 edge /static/style.css status=200 upstream=B rt_ms=311 bytes=10541
2026-03-14 02:53:17.792 edge /healthz status=502 upstream=B rt_ms=193 bytes=40031
2026-03-14 02:53:18.477 edge /api/events status=200 upstream=B rt_ms=33 bytes=35185
2026-03-14 02:53:19.128 edge /static/style.css status=200 upstream=B rt_ms=168 bytes=24105
2026-03-14 02:53:19.372 edge /static/style.css status=200 upstream=B rt_ms=143 bytes=26869
2026-03-14 02:53:23.335 edge /healthz status=502 upstream=B rt_ms=331 bytes=27875
2026-03-14 02:53:24.753 edge /api/orders status=502 upstream=B rt_ms=183 bytes=15740
2026-03-14 02:53:24.986 edge /static/style.css status=502 upstream=B rt_ms=210 bytes=11673
2026-03-14 02:53:29.198 edge /healthz status=200 upstream=B rt_ms=157 bytes=680
2026-03-14 02:53:29.792 edge /healthz status=200 upstream=B rt_ms=44 bytes=3068
2026-03-14 02:53:30.690 edge / status=502 upstream=B rt_ms=148 bytes=2341
2026-03-14 02:53:31.678 edge /healthz status=502 upstream=B rt_ms=136 bytes=29507
2026-03-14 02:53:31.778 edge /api/events status=502 upstream=B rt_ms=90 bytes=19019
2026-03-14 02:53:32.200 edge /api/events status=200 upstream=B rt_ms=315 bytes=34900
2026-03-14 02:53:33.180 edge /api/orders status=502 upstream=B rt_ms=36 bytes=38836
2026-03-14 02:53:33.744 edge /api/orders status=500 upstream=B rt_ms=56 bytes=6261
2026-03-14 02:53:34.123 edge /healthz status=200 upstream=B rt_ms=305 bytes=15831
2026-03-14 02:53:35.255 edge /api/events status=502 upstream=B rt_ms=125 bytes=12480
2026-03-14 02:53:35.441 edge /api/orders status=502 upstream=B rt_ms=376 bytes=2634
2026-03-14 02:53:37.657 edge / status=200 upstream=B rt_ms=350 bytes=14484
2026-03-14 02:53:40.081 edge /api/events status=502 upstream=B rt_ms=331 bytes=34383
2026-03-14 02:53:40.925 edge / status=200 upstream=B rt_ms=281 bytes=21378
2026-03-14 02:53:41.251 edge / status=502 upstream=B rt_ms=339 bytes=11473
2026-03-14 02:53:41.778 edge /api/events status=200 upstream=B rt_ms=330 bytes=1333
2026-03-14 02:53:42.101 edge /api/events status=502 upstream=B rt_ms=311 bytes=15225
2026-03-14 02:53:42.112 edge /static/style.css status=502 upstream=B rt_ms=308 bytes=32092
2026-03-14 02:53:43.637 edge /static/style.css status=502 upstream=B rt_ms=10 bytes=11852
2026-03-14 02:53:44.085 edge /healthz status=200 upstream=B rt_ms=360 bytes=16124
2026-03-14 02:53:45.327 edge / status=200 upstream=B rt_ms=362 bytes=13190
2026-03-14 02:53:46.415 edge /static/style.css status=502 upstream=B rt_ms=305 bytes=2950
2026-03-14 02:53:46.847 edge /static/style.css status=200 upstream=B rt_ms=153 bytes=13612
2026-03-14 02:53:47.268 edge / status=502 upstream=B rt_ms=198 bytes=17009
2026-03-14 02:53:47.818 edge /api/events status=200 upstream=B rt_ms=249 bytes=26440
2026-03-14 02:53:51.838 edge /api/events status=200 upstream=B rt_ms=390 bytes=4877
2026-03-14 02:53:52.229 edge /healthz status=502 upstream=B rt_ms=62 bytes=27572
2026-03-14 02:53:52.394 edge /api/orders status=200 upstream=B rt_ms=269 bytes=5075
2026-03-14 02:53:53.254 edge /api/events status=200 upstream=B rt_ms=102 bytes=41222
2026-03-14 02:53:53.823 edge /static/style.css status=200 upstream=B rt_ms=371 bytes=41505
2026-03-14 02:53:54.121 edge / status=200 upstream=B rt_ms=248 bytes=11133
2026-03-14 02:53:54.903 edge /api/events status=502 upstream=B rt_ms=220 bytes=20251
2026-03-14 02:53:55.454 edge /healthz status=200 upstream=B rt_ms=281 bytes=40894
2026-03-14 02:53:56.095 edge /static/style.css status=200 upstream=B rt_ms=84 bytes=19631
2026-03-14 02:53:58.588 edge /static/style.css status=200 upstream=B rt_ms=116 bytes=16189
2026-03-14 02:53:58.874 edge / status=502 upstream=B rt_ms=16 bytes=8793
2026-03-14 02:53:59.407 edge /static/style.css status=500 upstream=B rt_ms=252 bytes=11908
2026-03-14 02:54:00.061 edge /static/style.css status=502 upstream=B rt_ms=394 bytes=28504
2026-03-14 02:54:01.182 edge /static/style.css status=404 upstream=B rt_ms=20 bytes=38160
2026-03-14 02:54:01.200 edge /static/style.css status=200 upstream=B rt_ms=368 bytes=10437
2026-03-14 02:54:04.275 edge /api/events status=200 upstream=B rt_ms=3 bytes=8212
2026-03-14 02:54:05.172 edge /healthz status=200 upstream=B rt_ms=303 bytes=25093
2026-03-14 02:54:05.672 edge / status=200 upstream=B rt_ms=280 bytes=17835
2026-03-14 02:54:06.214 edge /static/style.css status=200 upstream=B rt_ms=124 bytes=40202
2026-03-14 02:54:07.022 edge /api/events status=200 upstream=B rt_ms=272 bytes=37740
2026-03-14 02:54:08.265 edge /healthz status=502 upstream=B rt_ms=113 bytes=4415
2026-03-14 02:54:08.476 edge /healthz status=502 upstream=B rt_ms=354 bytes=29511
2026-03-14 02:54:08.968 edge /api/events status=404 upstream=B rt_ms=65 bytes=3478
2026-03-14 02:54:09.714 edge /healthz status=200 upstream=B rt_ms=119 bytes=34490
2026-03-14 02:54:09.837 edge /healthz status=502 upstream=B rt_ms=320 bytes=17438
2026-03-14 02:54:11.113 edge /static/style.css status=502 upstream=B rt_ms=360 bytes=30914
2026-03-14 02:54:11.447 edge /healthz status=404 upstream=B rt_ms=188 bytes=7398
2026-03-14 02:54:11.819 edge /static/style.css status=502 upstream=B rt_ms=318 bytes=41422
2026-03-14 02:54:12.913 edge /api/orders status=500 upstream=B rt_ms=333 bytes=25829
2026-03-14 02:54:13.993 edge / status=200 upstream=B rt_ms=335 bytes=5716
2026-03-14 02:54:15.966 edge /static/style.css status=502 upstream=B rt_ms=15 bytes=7197
2026-03-14 02:54:16.107 edge /static/style.css status=200 upstream=B rt_ms=343 bytes=32578
2026-03-14 02:54:17.585 edge / status=404 upstream=B rt_ms=298 bytes=20338
2026-03-14 02:54:19.219 edge / status=200 upstream=B rt_ms=168 bytes=12077
2026-03-14 02:54:19.326 edge /api/orders status=502 upstream=B rt_ms=329 bytes=33009
2026-03-14 02:54:20.226 edge /healthz status=200 upstream=B rt_ms=218 bytes=12992
2026-03-14 02:54:20.231 edge /healthz status=500 upstream=B rt_ms=181 bytes=37615
2026-03-14 02:54:20.375 edge /static/style.css status=200 upstream=B rt_ms=297 bytes=7709
2026-03-14 02:54:20.593 edge /api/orders status=200 upstream=B rt_ms=23 bytes=1736
2026-03-14 02:54:20.748 edge / status=200 upstream=B rt_ms=231 bytes=30001
2026-03-14 02:54:24.830 edge /static/style.css status=200 upstream=B rt_ms=136 bytes=37372
2026-03-14 02:54:26.157 edge /static/style.css status=200 upstream=B rt_ms=248 bytes=7862
2026-03-14 02:54:28.127 edge /static/style.css status=502 upstream=B rt_ms=101 bytes=39667
2026-03-14 02:54:29.278 edge /api/events status=200 upstream=B rt_ms=254 bytes=38800
2026-03-14 02:54:29.483 edge / status=502 upstream=B rt_ms=381 bytes=5759
2026-03-14 02:54:30.438 edge /api/events status=200 upstream=B rt_ms=328 bytes=10429
2026-03-14 02:54:31.262 edge /healthz status=200 upstream=B rt_ms=232 bytes=21499
2026-03-14 02:54:31.486 edge /static/style.css status=502 upstream=B rt_ms=221 bytes=5690
2026-03-14 02:54:33.354 edge /api/events status=200 upstream=B rt_ms=18 bytes=35093
2026-03-14 02:54:34.658 edge /api/events status=502 upstream=B rt_ms=49 bytes=27486
2026-03-14 02:54:35.316 edge /api/orders status=502 upstream=B rt_ms=260 bytes=11648
2026-03-14 02:54:36.424 edge /healthz status=200 upstream=B rt_ms=193 bytes=41955
2026-03-14 02:54:36.834 edge / status=200 upstream=B rt_ms=332 bytes=12142
2026-03-14 02:54:41.780 edge /static/style.css status=502 upstream=B rt_ms=17 bytes=17307
2026-03-14 02:54:43.349 edge /api/events status=200 upstream=B rt_ms=365 bytes=15275
2026-03-14 02:54:44.664 edge /static/style.css status=502 upstream=B rt_ms=360 bytes=21833
2026-03-14 02:54:45.146 edge /healthz status=502 upstream=B rt_ms=386 bytes=14461
2026-03-14 02:54:45.263 edge / status=200 upstream=B rt_ms=70 bytes=36815
2026-03-14 02:54:45.582 edge / status=200 upstream=B rt_ms=357 bytes=40726
2026-03-14 02:54:46.427 edge / status=502 upstream=B rt_ms=77 bytes=27212
2026-03-14 02:54:47.709 edge /api/orders status=404 upstream=B rt_ms=105 bytes=35579
2026-03-14 02:54:48.047 edge /static/style.css status=502 upstream=B rt_ms=243 bytes=34017
2026-03-14 02:54:48.555 edge /api/events status=502 upstream=B rt_ms=150 bytes=23215
2026-03-14 02:54:49.944 edge /api/events status=200 upstream=B rt_ms=360 bytes=18372
2026-03-14 02:54:52.161 edge /api/orders status=502 upstream=B rt_ms=2 bytes=21201
2026-03-14 02:54:52.900 edge /static/style.css status=200 upstream=B rt_ms=281 bytes=8311
2026-03-14 02:54:53.132 edge / status=502 upstream=B rt_ms=181 bytes=1396
2026-03-14 02:54:53.347 edge /healthz status=200 upstream=B rt_ms=157 bytes=24771
2026-03-14 02:54:55.247 edge /api/events status=502 upstream=B rt_ms=115 bytes=2646
2026-03-14 02:54:57.322 edge /api/events status=502 upstream=B rt_ms=346 bytes=31720
2026-03-14 02:54:57.633 edge /healthz status=200 upstream=B rt_ms=397 bytes=26438
2026-03-14 02:54:58.050 edge /api/orders status=502 upstream=B rt_ms=65 bytes=1656
2026-03-14 02:54:59.179 edge /static/style.css status=502 upstream=B rt_ms=114 bytes=26493
2026-03-14 02:55:02.131 edge /api/events status=502 upstream=B rt_ms=200 bytes=30118
2026-03-14 02:55:03.290 edge /healthz status=500 upstream=B rt_ms=4 bytes=26438
2026-03-14 02:55:03.741 edge /healthz status=200 upstream=B rt_ms=305 bytes=6051
2026-03-14 02:55:05.118 edge /api/orders status=502 upstream=B rt_ms=363 bytes=12189
2026-03-14 02:55:09.139 edge /static/style.css status=200 upstream=B rt_ms=342 bytes=237
2026-03-14 02:55:10.015 edge /healthz status=200 upstream=B rt_ms=7 bytes=5352
2026-03-14 02:55:11.375 edge / status=500 upstream=B rt_ms=166 bytes=2639
2026-03-14 02:55:12.738 edge /api/events status=200 upstream=B rt_ms=226 bytes=35231
2026-03-14 02:55:14.787 edge /api/events status=200 upstream=B rt_ms=67 bytes=3633
2026-03-14 02:55:14.979 edge /api/events status=200 upstream=B rt_ms=105 bytes=37905
2026-03-14 02:55:15.017 edge / status=200 upstream=B rt_ms=133 bytes=3356
2026-03-14 02:55:17.205 edge /static/style.css status=200 upstream=B rt_ms=253 bytes=35003
2026-03-14 02:55:20.364 edge /api/events status=200 upstream=B rt_ms=138 bytes=24606
2026-03-14 02:55:21.181 edge /api/events status=200 upstream=B rt_ms=374 bytes=3481
2026-03-14 02:55:21.714 edge / status=500 upstream=B rt_ms=179 bytes=1210
2026-03-14 02:55:22.863 edge / status=200 upstream=B rt_ms=94 bytes=427
2026-03-14 02:55:24.230 edge /static/style.css status=200 upstream=B rt_ms=302 bytes=12803
2026-03-14 02:55:24.246 edge /healthz status=200 upstream=B rt_ms=26 bytes=23073
2026-03-14 02:55:24.999 edge / status=200 upstream=B rt_ms=293 bytes=39065
2026-03-14 02:55:25.754 edge /api/events status=200 upstream=B rt_ms=265 bytes=13416
2026-03-14 02:55:28.483 edge /static/style.css status=502 upstream=B rt_ms=249 bytes=31744
2026-03-14 02:55:29.521 edge /static/style.css status=502 upstream=B rt_ms=180 bytes=532
2026-03-14 02:55:29.753 edge /api/events status=502 upstream=B rt_ms=396 bytes=8392
2026-03-14 02:55:30.663 edge / status=502 upstream=B rt_ms=322 bytes=15152
2026-03-14 02:55:31.043 edge / status=502 upstream=B rt_ms=220 bytes=24123
2026-03-14 02:55:31.122 edge /api/orders status=502 upstream=B rt_ms=22 bytes=34961
2026-03-14 02:55:32.069 edge /healthz status=500 upstream=B rt_ms=228 bytes=23064
2026-03-14 02:55:32.135 edge /healthz status=200 upstream=B rt_ms=209 bytes=17334
2026-03-14 02:55:32.487 edge /api/orders status=502 upstream=B rt_ms=21 bytes=24321
2026-03-14 02:55:33.871 edge /healthz status=502 upstream=B rt_ms=72 bytes=15612
2026-03-14 02:55:36.770 edge /api/events status=200 upstream=B rt_ms=147 bytes=16393
2026-03-14 02:55:37.452 edge /healthz status=404 upstream=B rt_ms=246 bytes=5036
2026-03-14 02:55:38.087 edge / status=200 upstream=B rt_ms=291 bytes=24138
2026-03-14 02:55:38.603 edge /api/orders status=200 upstream=B rt_ms=283 bytes=1886
2026-03-14 02:55:39.860 edge /healthz status=200 upstream=B rt_ms=72 bytes=9634
2026-03-14 02:55:43.465 edge /api/orders status=502 upstream=B rt_ms=355 bytes=29122
2026-03-14 02:55:45.233 edge /api/events status=200 upstream=B rt_ms=183 bytes=20122
2026-03-14 02:55:45.577 edge / status=200 upstream=B rt_ms=175 bytes=15598
2026-03-14 02:55:46.458 edge /api/orders status=502 upstream=B rt_ms=347 bytes=18509
2026-03-14 02:55:47.834 edge /api/events status=200 upstream=B rt_ms=198 bytes=40925
2026-03-14 02:55:48.187 edge / status=200 upstream=B rt_ms=121 bytes=41668
2026-03-14 02:55:48.664 edge /static/style.css status=502 upstream=B rt_ms=353 bytes=3581
2026-03-14 02:55:48.670 edge /api/events status=404 upstream=B rt_ms=66 bytes=15315
2026-03-14 02:55:48.730 edge / status=200 upstream=B rt_ms=103 bytes=29818
2026-03-14 02:55:49.363 edge /static/style.css status=200 upstream=B rt_ms=182 bytes=28864
2026-03-14 02:55:49.824 edge /api/orders status=200 upstream=B rt_ms=228 bytes=14689
2026-03-14 02:55:50.405 edge /api/orders status=502 upstream=B rt_ms=240 bytes=2796
2026-03-14 02:55:51.536 edge /api/events status=200 upstream=B rt_ms=275 bytes=41213
2026-03-14 02:55:54.740 edge /static/style.css status=200 upstream=B rt_ms=257 bytes=30923
2026-03-14 02:55:55.295 edge / status=404 upstream=B rt_ms=114 bytes=17785
2026-03-14 02:55:58.249 edge / status=404 upstream=B rt_ms=105 bytes=38983
2026-03-14 02:55:59.752 edge /healthz status=502 upstream=B rt_ms=395 bytes=9257
2026-03-14 02:56:00.531 edge /api/events status=502 upstream=B rt_ms=77 bytes=29825
2026-03-14 02:56:00.546 edge /static/style.css status=200 upstream=B rt_ms=135 bytes=22692
2026-03-14 02:56:02.058 edge / status=502 upstream=B rt_ms=399 bytes=3935
2026-03-14 02:56:02.700 edge /api/orders status=502 upstream=B rt_ms=226 bytes=33144
2026-03-14 02:56:03.381 edge /api/orders status=502 upstream=B rt_ms=341 bytes=17919
2026-03-14 02:56:09.444 edge /api/events status=200 upstream=B rt_ms=328 bytes=9891
2026-03-14 02:56:09.928 edge /healthz status=502 upstream=B rt_ms=84 bytes=3318
2026-03-14 02:56:12.045 edge /static/style.css status=502 upstream=B rt_ms=218 bytes=6792
2026-03-14 02:56:12.111 edge / status=502 upstream=B rt_ms=271 bytes=26764
2026-03-14 02:56:13.043 edge /api/events status=200 upstream=B rt_ms=320 bytes=14962
2026-03-14 02:56:13.898 edge /api/orders status=404 upstream=B rt_ms=372 bytes=26086
2026-03-14 02:56:15.539 edge /static/style.css status=502 upstream=B rt_ms=166 bytes=14286
2026-03-14 02:56:19.482 edge /healthz status=502 upstream=B rt_ms=83 bytes=35184
2026-03-14 02:56:22.564 edge /static/style.css status=200 upstream=B rt_ms=282 bytes=12229
2026-03-14 02:56:22.786 edge /api/orders status=200 upstream=B rt_ms=226 bytes=14351
2026-03-14 02:56:23.810 edge / status=200 upstream=B rt_ms=223 bytes=40131
2026-03-14 02:56:23.867 edge / status=200 upstream=B rt_ms=237 bytes=994
2026-03-14 02:56:24.757 edge /api/orders status=200 upstream=B rt_ms=191 bytes=7958
2026-03-14 02:56:26.123 edge / status=502 upstream=B rt_ms=198 bytes=37638
2026-03-14 02:56:26.476 edge /api/events status=502 upstream=B rt_ms=37 bytes=36546
2026-03-14 02:56:26.520 edge /healthz status=500 upstream=B rt_ms=204 bytes=32681
2026-03-14 02:56:27.023 edge / status=200 upstream=B rt_ms=139 bytes=31814
2026-03-14 02:56:29.177 edge /api/orders status=200 upstream=B rt_ms=336 bytes=17818
2026-03-14 02:56:30.740 edge /static/style.css status=200 upstream=B rt_ms=335 bytes=22441
2026-03-14 02:56:31.306 edge /api/orders status=502 upstream=B rt_ms=2 bytes=13064
2026-03-14 02:56:31.400 edge /healthz status=200 upstream=B rt_ms=284 bytes=1699
2026-03-14 02:56:33.039 edge /static/style.css status=200 upstream=B rt_ms=29 bytes=37556
2026-03-14 02:56:34.926 edge / status=502 upstream=B rt_ms=239 bytes=19569
2026-03-14 02:56:35.315 edge /static/style.css status=404 upstream=B rt_ms=33 bytes=15619
2026-03-14 02:56:35.748 edge /api/events status=502 upstream=B rt_ms=325 bytes=25046
2026-03-14 02:56:37.526 edge /api/events status=200 upstream=B rt_ms=157 bytes=10381
2026-03-14 02:56:39.020 edge /static/style.css status=200 upstream=B rt_ms=115 bytes=32136
2026-03-14 02:56:39.131 edge /api/orders status=200 upstream=B rt_ms=29 bytes=26955
2026-03-14 02:56:41.190 edge / status=200 upstream=B rt_ms=299 bytes=21753
2026-03-14 02:56:41.709 edge /api/events status=200 upstream=B rt_ms=153 bytes=10994
2026-03-14 02:56:43.279 edge /api/events status=502 upstream=B rt_ms=184 bytes=40155
2026-03-14 02:56:43.455 edge /static/style.css status=200 upstream=B rt_ms=391 bytes=32274
2026-03-14 02:56:45.932 edge /static/style.css status=502 upstream=B rt_ms=193 bytes=24348
2026-03-14 02:56:47.624 edge /healthz status=200 upstream=B rt_ms=103 bytes=3323
2026-03-14 02:56:47.732 edge / status=200 upstream=B rt_ms=391 bytes=31841
2026-03-14 02:56:48.113 edge /api/events status=200 upstream=B rt_ms=239 bytes=22448
2026-03-14 02:56:48.733 edge /api/events status=502 upstream=B rt_ms=42 bytes=39796
2026-03-14 02:56:51.162 edge /api/events status=200 upstream=B rt_ms=223 bytes=6497
2026-03-14 02:56:51.577 edge /api/orders status=200 upstream=B rt_ms=328 bytes=18582
2026-03-14 02:56:51.768 edge /api/events status=502 upstream=B rt_ms=110 bytes=6081
2026-03-14 02:56:52.640 edge /api/orders status=502 upstream=B rt_ms=237 bytes=26972
2026-03-14 02:56:52.965 edge /api/events status=200 upstream=B rt_ms=131 bytes=16494
2026-03-14 02:56:54.203 edge / status=502 upstream=B rt_ms=272 bytes=20653
2026-03-14 02:56:54.476 edge /api/events status=200 upstream=B rt_ms=54 bytes=40181
2026-03-14 02:56:55.358 edge /api/orders status=200 upstream=B rt_ms=116 bytes=38665
2026-03-14 02:56:56.473 edge /api/events status=200 upstream=B rt_ms=8 bytes=485
2026-03-14 02:56:56.874 edge /api/orders status=200 upstream=B rt_ms=129 bytes=13950
2026-03-14 02:56:58.059 edge /static/style.css status=200 upstream=B rt_ms=38 bytes=37553
2026-03-14 02:56:58.890 edge /healthz status=500 upstream=B rt_ms=275 bytes=7382
2026-03-14 02:56:59.457 edge /healthz status=200 upstream=B rt_ms=65 bytes=4283
2026-03-14 02:57:00.902 edge /api/orders status=200 upstream=B rt_ms=359 bytes=26727
2026-03-14 02:57:01.013 edge /api/events status=502 upstream=B rt_ms=58 bytes=16591
2026-03-14 02:57:03.097 edge /api/events status=200 upstream=B rt_ms=395 bytes=39132
2026-03-14 02:57:03.229 edge /healthz status=404 upstream=B rt_ms=142 bytes=11982
2026-03-14 02:57:04.184 edge /api/events status=200 upstream=B rt_ms=102 bytes=26697
2026-03-14 02:57:05.730 edge /healthz status=502 upstream=B rt_ms=174 bytes=40203
2026-03-14 02:57:08.826 edge /static/style.css status=200 upstream=B rt_ms=9 bytes=29364
2026-03-14 02:57:08.869 edge /healthz status=200 upstream=B rt_ms=85 bytes=3883
2026-03-14 02:57:09.081 edge /api/orders status=200 upstream=B rt_ms=82 bytes=26068
2026-03-14 02:57:12.158 edge / status=502 upstream=B rt_ms=164 bytes=3996
2026-03-14 02:57:18.419 edge /api/orders status=502 upstream=B rt_ms=123 bytes=16264
2026-03-14 02:57:19.114 edge /healthz status=502 upstream=B rt_ms=293 bytes=37179
2026-03-14 02:57:19.668 edge /api/orders status=502 upstream=B rt_ms=212 bytes=19488
2026-03-14 02:57:20.465 edge /healthz status=200 upstream=B rt_ms=49 bytes=20195
2026-03-14 02:57:20.591 edge / status=502 upstream=B rt_ms=45 bytes=35091
2026-03-14 02:57:20.627 edge /healthz status=502 upstream=B rt_ms=206 bytes=5162
2026-03-14 02:57:21.177 edge /static/style.css status=200 upstream=B rt_ms=321 bytes=7198
2026-03-14 02:57:24.029 edge /api/events status=502 upstream=B rt_ms=350 bytes=14381
2026-03-14 02:57:25.929 edge / status=200 upstream=B rt_ms=30 bytes=30499
2026-03-14 02:57:28.270 edge / status=200 upstream=B rt_ms=149 bytes=22625
2026-03-14 02:57:28.899 edge /api/orders status=200 upstream=B rt_ms=114 bytes=28949
2026-03-14 02:57:29.390 edge /api/events status=200 upstream=B rt_ms=384 bytes=35939
2026-03-14 02:57:29.459 edge /static/style.css status=200 upstream=B rt_ms=72 bytes=4084
2026-03-14 02:57:29.568 edge /api/orders status=200 upstream=B rt_ms=102 bytes=3010
2026-03-14 02:57:31.282 edge /static/style.css status=404 upstream=B rt_ms=258 bytes=20672
2026-03-14 02:57:32.419 edge / status=502 upstream=B rt_ms=173 bytes=15193
2026-03-14 02:57:33.369 edge /api/events status=502 upstream=B rt_ms=301 bytes=5301
2026-03-14 02:57:33.387 edge /static/style.css status=502 upstream=B rt_ms=158 bytes=4040
2026-03-14 02:57:33.805 edge / status=200 upstream=B rt_ms=251 bytes=5212
2026-03-14 02:57:33.927 edge /healthz status=200 upstream=B rt_ms=2 bytes=5808
2026-03-14 02:57:38.366 edge /api/orders status=502 upstream=B rt_ms=72 bytes=26135
2026-03-14 02:57:38.828 edge / status=200 upstream=B rt_ms=195 bytes=40567
2026-03-14 02:57:39.094 edge /healthz status=200 upstream=B rt_ms=357 bytes=13243
2026-03-14 02:57:39.217 edge /healthz status=502 upstream=B rt_ms=328 bytes=21685
2026-03-14 02:57:39.256 edge /static/style.css status=502 upstream=B rt_ms=284 bytes=6436
2026-03-14 02:57:39.790 edge /api/orders status=502 upstream=B rt_ms=4 bytes=23372
2026-03-14 02:57:41.285 edge /static/style.css status=502 upstream=B rt_ms=155 bytes=26200
2026-03-14 02:57:41.343 edge /healthz status=502 upstream=B rt_ms=355 bytes=30690
2026-03-14 02:57:41.538 edge /api/events status=502 upstream=B rt_ms=334 bytes=27054
2026-03-14 02:57:44.273 edge / status=200 upstream=B rt_ms=246 bytes=14290
2026-03-14 02:57:44.829 edge /static/style.css status=200 upstream=B rt_ms=142 bytes=4828
2026-03-14 02:57:45.686 edge / status=200 upstream=B rt_ms=68 bytes=1721
2026-03-14 02:57:46.351 edge / status=200 upstream=B rt_ms=20 bytes=3412
2026-03-14 02:57:47.245 edge /static/style.css status=200 upstream=B rt_ms=227 bytes=16885
2026-03-14 02:57:47.361 edge /api/events status=200 upstream=B rt_ms=45 bytes=36380
2026-03-14 02:57:48.006 edge / status=200 upstream=B rt_ms=344 bytes=13171
2026-03-14 02:57:48.354 edge / status=200 upstream=B rt_ms=251 bytes=39048
2026-03-14 02:57:49.833 edge /healthz status=502 upstream=B rt_ms=383 bytes=961
2026-03-14 02:57:52.065 edge / status=200 upstream=B rt_ms=361 bytes=32749
2026-03-14 02:57:52.204 edge /api/orders status=200 upstream=B rt_ms=60 bytes=12291
2026-03-14 02:57:53.206 edge /static/style.css status=200 upstream=B rt_ms=63 bytes=2102
2026-03-14 02:57:53.645 edge /api/orders status=200 upstream=B rt_ms=338 bytes=12413
2026-03-14 02:57:55.820 edge / status=502 upstream=B rt_ms=372 bytes=28106
2026-03-14 02:57:56.181 edge /api/orders status=200 upstream=B rt_ms=55 bytes=9643
2026-03-14 02:57:57.092 edge / status=200 upstream=B rt_ms=280 bytes=15468
2026-03-14 02:57:59.456 edge /api/orders status=200 upstream=B rt_ms=197 bytes=25815
2026-03-14 02:57:59.644 edge /healthz status=502 upstream=B rt_ms=281 bytes=17800
2026-03-14 02:58:02.464 edge / status=200 upstream=B rt_ms=41 bytes=4916
2026-03-14 02:58:02.873 edge /static/style.css status=502 upstream=B rt_ms=71 bytes=21413
2026-03-14 02:58:03.969 edge /api/orders status=200 upstream=B rt_ms=147 bytes=18314
2026-03-14 02:58:04.481 edge /static/style.css status=502 upstream=B rt_ms=183 bytes=13918
2026-03-14 02:58:04.600 edge /static/style.css status=200 upstream=B rt_ms=143 bytes=20748
2026-03-14 02:58:06.581 edge /api/orders status=200 upstream=B rt_ms=260 bytes=30706
2026-03-14 02:58:07.475 edge / status=404 upstream=B rt_ms=228 bytes=21122
2026-03-14 02:58:13.289 edge /static/style.css status=200 upstream=B rt_ms=348 bytes=16064
2026-03-14 02:58:15.685 edge / status=200 upstream=B rt_ms=306 bytes=15834
2026-03-14 02:58:15.976 edge /healthz status=200 upstream=B rt_ms=196 bytes=20682
2026-03-14 02:58:16.465 edge / status=200 upstream=B rt_ms=238 bytes=925
2026-03-14 02:58:17.116 edge /api/orders status=200 upstream=B rt_ms=268 bytes=205
2026-03-14 02:58:18.819 edge /api/events status=200 upstream=B rt_ms=115 bytes=8527
2026-03-14 02:58:22.390 edge /api/orders status=404 upstream=B rt_ms=229 bytes=10539
2026-03-14 02:58:23.514 edge /healthz status=502 upstream=B rt_ms=357 bytes=36674
2026-03-14 02:58:23.790 edge / status=200 upstream=B rt_ms=369 bytes=24749
2026-03-14 02:58:26.339 edge /api/events status=502 upstream=B rt_ms=66 bytes=15114
2026-03-14 02:58:26.696 edge /healthz status=200 upstream=B rt_ms=345 bytes=16775
2026-03-14 02:58:28.427 edge /healthz status=502 upstream=B rt_ms=28 bytes=29169
2026-03-14 02:58:28.485 edge /api/events status=200 upstream=B rt_ms=184 bytes=21267
2026-03-14 02:58:29.106 edge /api/events status=502 upstream=B rt_ms=78 bytes=27030
2026-03-14 02:58:31.591 edge /static/style.css status=200 upstream=B rt_ms=305 bytes=26708
2026-03-14 02:58:32.122 edge /static/style.css status=200 upstream=B rt_ms=323 bytes=21476
2026-03-14 02:58:32.298 edge /api/orders status=200 upstream=B rt_ms=58 bytes=7450
2026-03-14 02:58:33.760 edge /api/events status=502 upstream=B rt_ms=69 bytes=27646
2026-03-14 02:58:35.090 edge /static/style.css status=502 upstream=B rt_ms=345 bytes=34496
2026-03-14 02:58:35.875 edge / status=502 upstream=B rt_ms=378 bytes=23145
2026-03-14 02:58:35.899 edge /api/orders status=200 upstream=B rt_ms=110 bytes=293
2026-03-14 02:58:36.349 edge /static/style.css status=200 upstream=B rt_ms=256 bytes=17689
2026-03-14 02:58:36.970 edge /static/style.css status=200 upstream=B rt_ms=313 bytes=7102
2026-03-14 02:58:38.545 edge /healthz status=200 upstream=B rt_ms=333 bytes=23302
2026-03-14 02:58:38.787 edge /api/events status=502 upstream=B rt_ms=361 bytes=5939
2026-03-14 02:58:42.402 edge /healthz status=200 upstream=B rt_ms=183 bytes=32455
2026-03-14 02:58:43.162 edge / status=502 upstream=B rt_ms=236 bytes=10101
2026-03-14 02:58:44.785 edge /static/style.css status=200 upstream=B rt_ms=127 bytes=37561
2026-03-14 02:58:45.285 edge /api/events status=404 upstream=B rt_ms=185 bytes=18089
2026-03-14 02:58:45.432 edge /healthz status=502 upstream=B rt_ms=169 bytes=20416
2026-03-14 02:58:47.284 edge /api/orders status=200 upstream=B rt_ms=44 bytes=26307
2026-03-14 02:58:48.637 edge /api/events status=200 upstream=B rt_ms=236 bytes=10212
2026-03-14 02:58:50.046 edge /api/events status=502 upstream=B rt_ms=26 bytes=36272
2026-03-14 02:58:50.615 edge /api/events status=500 upstream=B rt_ms=220 bytes=27168
2026-03-14 02:58:52.373 edge /api/orders status=200 upstream=B rt_ms=50 bytes=14195
2026-03-14 02:58:53.266 edge /api/orders status=200 upstream=B rt_ms=339 bytes=23274
2026-03-14 02:58:53.311 edge /static/style.css status=404 upstream=B rt_ms=165 bytes=37983
2026-03-14 02:58:53.587 edge /healthz status=502 upstream=B rt_ms=302 bytes=858
2026-03-14 02:58:54.800 edge /api/events status=200 upstream=B rt_ms=214 bytes=34514
2026-03-14 02:58:56.246 edge /static/style.css status=404 upstream=B rt_ms=226 bytes=8541
2026-03-14 02:58:56.787 edge /api/events status=502 upstream=B rt_ms=359 bytes=14428
2026-03-14 02:58:57.145 edge /healthz status=200 upstream=B rt_ms=211 bytes=32677
2026-03-14 02:58:57.465 edge /healthz status=404 upstream=B rt_ms=321 bytes=37718
2026-03-14 02:58:57.913 edge /healthz status=200 upstream=B rt_ms=359 bytes=20943
2026-03-14 02:58:58.071 edge / status=502 upstream=B rt_ms=352 bytes=29337
2026-03-14 02:58:58.432 edge / status=200 upstream=B rt_ms=310 bytes=21547
2026-03-14 02:58:59.302 edge / status=200 upstream=B rt_ms=133 bytes=33491
2026-03-14 02:58:59.788 edge / status=200 upstream=B rt_ms=33 bytes=13206
2026-03-14 02:58:59.938 edge / status=502 upstream=B rt_ms=16 bytes=41153
2026-03-14 02:59:02.238 edge /static/style.css status=502 upstream=B rt_ms=302 bytes=406
2026-03-14 02:59:04.692 edge / status=502 upstream=B rt_ms=302 bytes=29106
2026-03-14 02:59:05.250 edge /api/orders status=200 upstream=B rt_ms=70 bytes=26274
2026-03-14 02:59:05.349 edge /api/orders status=404 upstream=B rt_ms=190 bytes=26516
2026-03-14 02:59:07.515 edge /api/orders status=200 upstream=B rt_ms=59 bytes=16081
2026-03-14 02:59:12.465 edge /static/style.css status=200 upstream=B rt_ms=172 bytes=5002
2026-03-14 02:59:15.160 edge / status=200 upstream=B rt_ms=29 bytes=29655
2026-03-14 02:59:15.412 edge / status=200 upstream=B rt_ms=204 bytes=7399
2026-03-14 02:59:15.635 edge /api/orders status=200 upstream=B rt_ms=65 bytes=30602
2026-03-14 02:59:16.066 edge / status=502 upstream=B rt_ms=298 bytes=10783
2026-03-14 02:59:17.119 edge / status=200 upstream=B rt_ms=201 bytes=31710
2026-03-14 02:59:17.576 edge /api/events status=200 upstream=B rt_ms=211 bytes=37530
2026-03-14 02:59:17.752 edge /healthz status=404 upstream=B rt_ms=361 bytes=39449
2026-03-14 02:59:18.473 edge /api/events status=502 upstream=B rt_ms=395 bytes=34110
2026-03-14 02:59:18.956 edge /api/orders status=500 upstream=B rt_ms=343 bytes=8995
2026-03-14 02:59:18.986 edge /api/orders status=502 upstream=B rt_ms=133 bytes=596
2026-03-14 02:59:19.573 edge /api/events status=200 upstream=B rt_ms=300 bytes=33780
2026-03-14 02:59:20.494 edge /api/events status=502 upstream=B rt_ms=37 bytes=17938
2026-03-14 02:59:21.951 edge /api/events status=200 upstream=B rt_ms=212 bytes=5759
2026-03-14 02:59:23.215 edge / status=200 upstream=B rt_ms=119 bytes=28601
2026-03-14 02:59:23.753 edge /healthz status=200 upstream=B rt_ms=90 bytes=1611
2026-03-14 02:59:24.339 edge /api/events status=502 upstream=B rt_ms=169 bytes=34783
2026-03-14 02:59:25.190 edge /static/style.css status=500 upstream=B rt_ms=235 bytes=3433
2026-03-14 02:59:26.079 edge /api/orders status=200 upstream=B rt_ms=249 bytes=6689
2026-03-14 02:59:28.343 edge /healthz status=200 upstream=B rt_ms=200 bytes=12867
2026-03-14 02:59:31.025 edge /static/style.css status=200 upstream=B rt_ms=188 bytes=34948
2026-03-14 02:59:31.135 edge / status=200 upstream=B rt_ms=255 bytes=25904
2026-03-14 02:59:32.486 edge /api/events status=200 upstream=B rt_ms=339 bytes=10689
2026-03-14 02:59:35.370 edge /api/events status=502 upstream=B rt_ms=126 bytes=28056
2026-03-14 02:59:35.545 edge /static/style.css status=200 upstream=B rt_ms=172 bytes=29512
2026-03-14 02:59:37.497 edge /api/events status=502 upstream=B rt_ms=203 bytes=26720
2026-03-14 02:59:37.780 edge /static/style.css status=200 upstream=B rt_ms=116 bytes=15043
2026-03-14 02:59:38.818 edge / status=200 upstream=B rt_ms=153 bytes=31363
2026-03-14 02:59:40.329 edge /api/events status=502 upstream=B rt_ms=380 bytes=13128
2026-03-14 02:59:40.329 edge / status=200 upstream=B rt_ms=296 bytes=27109
2026-03-14 02:59:40.647 edge /static/style.css status=502 upstream=B rt_ms=149 bytes=19635
2026-03-14 02:59:41.099 edge /static/style.css status=200 upstream=B rt_ms=184 bytes=28679
2026-03-14 02:59:45.439 edge /api/orders status=502 upstream=B rt_ms=37 bytes=33496
2026-03-14 02:59:46.001 edge /healthz status=200 upstream=B rt_ms=233 bytes=14084
2026-03-14 02:59:46.450 edge /api/events status=502 upstream=B rt_ms=354 bytes=35044
2026-03-14 02:59:47.743 edge /healthz status=200 upstream=B rt_ms=75 bytes=13061
2026-03-14 02:59:49.382 edge /static/style.css status=200 upstream=B rt_ms=22 bytes=30731
2026-03-14 02:59:50.143 edge /api/events status=200 upstream=B rt_ms=245 bytes=15436
2026-03-14 02:59:51.024 edge /api/orders status=200 upstream=B rt_ms=330 bytes=35887
2026-03-14 02:59:51.367 edge /api/events status=502 upstream=B rt_ms=185 bytes=14635
2026-03-14 02:59:51.498 edge /healthz status=502 upstream=B rt_ms=264 bytes=10101
2026-03-14 02:59:52.162 edge /static/style.css status=502 upstream=B rt_ms=263 bytes=30150
2026-03-14 02:59:52.199 edge /api/events status=200 upstream=B rt_ms=26 bytes=17013
2026-03-14 02:59:52.646 edge /static/style.css status=200 upstream=B rt_ms=122 bytes=2529
2026-03-14 02:59:53.115 edge /api/events status=200 upstream=B rt_ms=237 bytes=8892
2026-03-14 02:59:53.737 edge /healthz status=502 upstream=B rt_ms=229 bytes=10616
2026-03-14 02:59:53.930 edge /healthz status=200 upstream=B rt_ms=114 bytes=5351
2026-03-14 02:59:54.538 edge /api/events status=200 upstream=B rt_ms=190 bytes=9081
2026-03-14 02:59:54.997 edge /healthz status=200 upstream=B rt_ms=211 bytes=31739
2026-03-14 02:59:56.854 edge /api/orders status=200 upstream=B rt_ms=70 bytes=27138
2026-03-14 02:59:57.024 edge / status=502 upstream=B rt_ms=365 bytes=15359
2026-03-14 02:59:58.660 edge /api/events status=200 upstream=B rt_ms=253 bytes=29473
2026-03-14 02:59:58.929 edge /healthz status=500 upstream=B rt_ms=83 bytes=33847
2026-03-14 02:59:59.092 edge /api/orders status=500 upstream=B rt_ms=180 bytes=13659
2026-03-14 02:59:59.551 edge /api/events status=200 upstream=B rt_ms=89 bytes=40059
2026-03-14 03:00:01.836 edge / status=200 upstream=B rt_ms=269 bytes=41626
2026-03-14 03:00:04.557 edge / status=200 upstream=B rt_ms=129 bytes=26885
2026-03-14 03:00:05.049 edge /healthz status=500 upstream=B rt_ms=328 bytes=21536
2026-03-14 03:00:05.592 edge /api/orders status=200 upstream=B rt_ms=31 bytes=38722
2026-03-14 03:00:06.225 edge / status=502 upstream=B rt_ms=368 bytes=15090
2026-03-14 03:00:08.386 edge /healthz status=200 upstream=B rt_ms=17 bytes=37016
2026-03-14 03:00:09.461 edge / status=502 upstream=B rt_ms=93 bytes=4544
2026-03-14 03:00:10.193 edge /static/style.css status=500 upstream=B rt_ms=88 bytes=9181
2026-03-14 03:00:10.771 edge /api/orders status=500 upstream=B rt_ms=385 bytes=7688
2026-03-14 03:00:11.022 edge /static/style.css status=502 upstream=B rt_ms=209 bytes=34277
2026-03-14 03:00:12.916 edge /healthz status=502 upstream=B rt_ms=337 bytes=27710
2026-03-14 03:00:13.230 edge /static/style.css status=500 upstream=B rt_ms=187 bytes=6625
2026-03-14 03:00:16.409 edge /healthz status=200 upstream=B rt_ms=297 bytes=31821
2026-03-14 03:00:16.883 edge /healthz status=200 upstream=B rt_ms=130 bytes=20720
2026-03-14 03:00:17.283 edge /api/events status=500 upstream=B rt_ms=290 bytes=1089
2026-03-14 03:00:17.440 edge /api/events status=502 upstream=B rt_ms=282 bytes=17547
2026-03-14 03:00:17.542 edge / status=200 upstream=B rt_ms=280 bytes=41984
2026-03-14 03:00:18.075 edge / status=502 upstream=B rt_ms=239 bytes=34046
2026-03-14 03:00:20.536 edge /api/events status=502 upstream=B rt_ms=320 bytes=23216
2026-03-14 03:00:20.841 edge / status=200 upstream=B rt_ms=120 bytes=40858
2026-03-14 03:00:24.317 edge /healthz status=200 upstream=B rt_ms=85 bytes=27423
2026-03-14 03:00:25.403 edge /healthz status=200 upstream=B rt_ms=253 bytes=10249
2026-03-14 03:00:28.236 edge /static/style.css status=200 upstream=B rt_ms=122 bytes=28337
2026-03-14 03:00:28.364 edge / status=502 upstream=B rt_ms=10 bytes=8388
2026-03-14 03:00:28.496 edge /healthz status=200 upstream=B rt_ms=100 bytes=5918
2026-03-14 03:00:30.468 edge /static/style.css status=200 upstream=B rt_ms=211 bytes=4439
2026-03-14 03:00:31.137 edge /healthz status=200 upstream=B rt_ms=33 bytes=41053
2026-03-14 03:00:32.375 edge /healthz status=404 upstream=B rt_ms=246 bytes=20971
2026-03-14 03:00:33.334 edge / status=200 upstream=B rt_ms=58 bytes=20395
2026-03-14 03:00:34.493 edge /healthz status=500 upstream=B rt_ms=23 bytes=18497
2026-03-14 03:00:34.515 edge /healthz status=502 upstream=B rt_ms=256 bytes=27382
2026-03-14 03:00:35.743 edge /healthz status=502 upstream=B rt_ms=28 bytes=33555
2026-03-14 03:00:35.859 edge / status=502 upstream=B rt_ms=310 bytes=21354
2026-03-14 03:00:37.401 edge / status=200 upstream=B rt_ms=99 bytes=4568
2026-03-14 03:00:37.869 edge /api/events status=200 upstream=B rt_ms=231 bytes=41042
2026-03-14 03:00:39.225 edge /static/style.css status=502 upstream=B rt_ms=196 bytes=13852
2026-03-14 03:00:40.523 edge / status=200 upstream=B rt_ms=393 bytes=21297
2026-03-14 03:00:40.854 edge /api/events status=200 upstream=B rt_ms=160 bytes=5801
2026-03-14 03:00:45.767 edge / status=502 upstream=B rt_ms=184 bytes=16749
2026-03-14 03:00:46.062 edge /static/style.css status=200 upstream=B rt_ms=391 bytes=12300
2026-03-14 03:00:46.673 edge /api/events status=502 upstream=B rt_ms=144 bytes=15974
2026-03-14 03:00:47.756 edge /static/style.css status=500 upstream=B rt_ms=243 bytes=36932
2026-03-14 03:00:47.800 edge /healthz status=502 upstream=B rt_ms=171 bytes=24989
2026-03-14 03:00:47.893 edge /static/style.css status=500 upstream=B rt_ms=187 bytes=25602
2026-03-14 03:00:48.835 edge /api/orders status=502 upstream=B rt_ms=188 bytes=35018
2026-03-14 03:00:50.557 edge /api/events status=502 upstream=B rt_ms=215 bytes=3970
2026-03-14 03:00:51.973 edge /api/events status=200 upstream=B rt_ms=201 bytes=11272
2026-03-14 03:00:54.010 edge /static/style.css status=502 upstream=B rt_ms=261 bytes=1853
2026-03-14 03:00:54.291 edge / status=200 upstream=B rt_ms=160 bytes=35211
2026-03-14 03:00:55.145 edge /static/style.css status=200 upstream=B rt_ms=239 bytes=17232
2026-03-14 03:00:55.619 edge /static/style.css status=502 upstream=B rt_ms=148 bytes=11934
2026-03-14 03:00:57.106 edge /healthz status=502 upstream=B rt_ms=79 bytes=36120
2026-03-14 03:01:00.054 edge /api/orders status=502 upstream=B rt_ms=202 bytes=31824
2026-03-14 03:01:02.431 edge / status=200 upstream=B rt_ms=374 bytes=26405
2026-03-14 03:01:02.591 edge /healthz status=502 upstream=B rt_ms=176 bytes=28437
2026-03-14 03:01:04.294 edge /healthz status=200 upstream=B rt_ms=104 bytes=12001
2026-03-14 03:01:04.715 edge /api/orders status=502 upstream=B rt_ms=234 bytes=30432
2026-03-14 03:01:05.875 edge /static/style.css status=200 upstream=B rt_ms=287 bytes=10800
2026-03-14 03:01:06.040 edge /api/orders status=200 upstream=B rt_ms=311 bytes=14252
2026-03-14 03:01:07.793 edge /healthz status=404 upstream=B rt_ms=106 bytes=25784
2026-03-14 03:01:09.089 edge /healthz status=200 upstream=B rt_ms=318 bytes=27670
2026-03-14 03:01:09.421 edge /api/orders status=200 upstream=B rt_ms=340 bytes=564
2026-03-14 03:01:10.078 edge / status=502 upstream=B rt_ms=247 bytes=20571
2026-03-14 03:01:10.098 edge /static/style.css status=502 upstream=B rt_ms=65 bytes=8454
2026-03-14 03:01:13.488 edge /api/orders status=200 upstream=B rt_ms=309 bytes=33093
2026-03-14 03:01:14.738 edge /api/events status=502 upstream=B rt_ms=54 bytes=24233
2026-03-14 03:01:15.455 edge /api/orders status=200 upstream=B rt_ms=392 bytes=38123
2026-03-14 03:01:16.014 edge /static/style.css status=502 upstream=B rt_ms=302 bytes=29333
2026-03-14 03:01:16.635 edge /api/events status=200 upstream=B rt_ms=287 bytes=13546
2026-03-14 03:01:18.943 edge / status=200 upstream=B rt_ms=303 bytes=16624
2026-03-14 03:01:19.939 edge /healthz status=500 upstream=B rt_ms=209 bytes=34286
2026-03-14 03:01:20.404 edge /healthz status=502 upstream=B rt_ms=237 bytes=3014
2026-03-14 03:01:21.250 edge /api/orders status=502 upstream=B rt_ms=271 bytes=32080
2026-03-14 03:01:21.668 edge /static/style.css status=502 upstream=B rt_ms=361 bytes=22203
2026-03-14 03:01:22.078 edge /static/style.css status=200 upstream=B rt_ms=134 bytes=6792
2026-03-14 03:01:22.095 edge /api/events status=200 upstream=B rt_ms=175 bytes=36208
2026-03-14 03:01:22.858 edge /api/orders status=502 upstream=B rt_ms=323 bytes=34958
2026-03-14 03:01:23.196 edge /static/style.css status=200 upstream=B rt_ms=364 bytes=22832
2026-03-14 03:01:23.667 edge /api/orders status=200 upstream=B rt_ms=325 bytes=16569
2026-03-14 03:01:26.432 edge / status=200 upstream=B rt_ms=133 bytes=28899
2026-03-14 03:01:26.751 edge /api/events status=200 upstream=B rt_ms=52 bytes=19399
2026-03-14 03:01:27.014 edge /api/events status=200 upstream=B rt_ms=199 bytes=24404
2026-03-14 03:01:27.129 edge /api/orders status=200 upstream=B rt_ms=216 bytes=6263
2026-03-14 03:01:28.305 edge / status=502 upstream=B rt_ms=238 bytes=7787
2026-03-14 03:01:30.024 edge /api/orders status=200 upstream=B rt_ms=39 bytes=17748
2026-03-14 03:01:31.209 edge / status=200 upstream=B rt_ms=76 bytes=30336
2026-03-14 03:01:32.216 edge / status=502 upstream=B rt_ms=388 bytes=11653
2026-03-14 03:01:32.422 edge / status=200 upstream=B rt_ms=23 bytes=12164
2026-03-14 03:01:33.132 edge /api/events status=200 upstream=B rt_ms=236 bytes=9999
2026-03-14 03:01:35.373 edge /api/orders status=200 upstream=B rt_ms=59 bytes=2278
2026-03-14 03:01:37.860 edge /static/style.css status=502 upstream=B rt_ms=141 bytes=2474
2026-03-14 03:01:37.868 edge /api/orders status=404 upstream=B rt_ms=53 bytes=38736
2026-03-14 03:01:39.263 edge / status=200 upstream=B rt_ms=353 bytes=3890
2026-03-14 03:01:39.408 edge /healthz status=502 upstream=B rt_ms=183 bytes=5694
2026-03-14 03:01:39.479 edge /healthz status=502 upstream=B rt_ms=380 bytes=28289
2026-03-14 03:01:40.024 edge /static/style.css status=404 upstream=B rt_ms=374 bytes=13295
2026-03-14 03:01:40.213 edge /api/events status=500 upstream=B rt_ms=178 bytes=14742
2026-03-14 03:01:42.548 edge /api/orders status=502 upstream=B rt_ms=146 bytes=20111
2026-03-14 03:01:42.644 edge /static/style.css status=502 upstream=B rt_ms=399 bytes=41260
2026-03-14 03:01:44.054 edge / status=502 upstream=B rt_ms=158 bytes=14063
2026-03-14 03:01:44.727 edge /api/events status=502 upstream=B rt_ms=126 bytes=16223
2026-03-14 03:01:45.809 edge /static/style.css status=200 upstream=B rt_ms=365 bytes=20899
2026-03-14 03:01:46.485 edge /static/style.css status=200 upstream=B rt_ms=49 bytes=34893
2026-03-14 03:01:47.821 edge /api/orders status=200 upstream=B rt_ms=12 bytes=538
2026-03-14 03:01:47.933 edge /api/events status=200 upstream=B rt_ms=79 bytes=37799
2026-03-14 03:01:47.943 edge /api/events status=502 upstream=B rt_ms=106 bytes=25861
2026-03-14 03:01:50.811 edge /api/events status=200 upstream=B rt_ms=95 bytes=38110
2026-03-14 03:01:52.167 edge /static/style.css status=502 upstream=B rt_ms=30 bytes=39872
2026-03-14 03:01:53.919 edge /api/orders status=200 upstream=B rt_ms=67 bytes=27122
2026-03-14 03:01:54.607 edge /api/orders status=200 upstream=B rt_ms=182 bytes=24034
2026-03-14 03:01:55.871 edge /healthz status=502 upstream=B rt_ms=166 bytes=23127
2026-03-14 03:01:55.906 edge /api/events status=404 upstream=B rt_ms=223 bytes=23514
2026-03-14 03:01:56.972 edge /api/events status=502 upstream=B rt_ms=347 bytes=38943
2026-03-14 03:01:57.962 edge /healthz status=404 upstream=B rt_ms=272 bytes=32487
2026-03-14 03:01:58.713 edge /api/events status=200 upstream=B rt_ms=343 bytes=26606
2026-03-14 03:02:00.633 edge /api/orders status=200 upstream=B rt_ms=122 bytes=6484
2026-03-14 03:02:03.453 edge /api/orders status=200 upstream=B rt_ms=297 bytes=3309
2026-03-14 03:02:03.794 edge /api/events status=200 upstream=B rt_ms=331 bytes=25676
2026-03-14 03:02:04.836 edge /api/events status=502 upstream=B rt_ms=302 bytes=13314
2026-03-14 03:02:05.150 edge /healthz status=200 upstream=B rt_ms=269 bytes=2436
2026-03-14 03:02:05.353 edge /api/events status=502 upstream=B rt_ms=343 bytes=12447
2026-03-14 03:02:07.880 edge /static/style.css status=200 upstream=B rt_ms=21 bytes=19665
2026-03-14 03:02:08.687 edge /healthz status=200 upstream=B rt_ms=194 bytes=35033
2026-03-14 03:02:11.884 edge / status=200 upstream=B rt_ms=391 bytes=33646
2026-03-14 03:02:12.207 edge /api/events status=404 upstream=B rt_ms=368 bytes=19048
2026-03-14 03:02:12.254 edge / status=502 upstream=B rt_ms=210 bytes=22404
2026-03-14 03:02:12.274 edge / status=502 upstream=B rt_ms=171 bytes=10075
2026-03-14 03:02:15.056 edge /static/style.css status=200 upstream=B rt_ms=305 bytes=20555
2026-03-14 03:02:15.091 edge /healthz status=200 upstream=B rt_ms=310 bytes=9102
2026-03-14 03:02:17.514 edge /api/orders status=502 upstream=B rt_ms=189 bytes=15250
2026-03-14 03:02:18.019 edge / status=200 upstream=B rt_ms=375 bytes=2524
2026-03-14 03:02:19.808 edge /static/style.css status=502 upstream=B rt_ms=246 bytes=8427
2026-03-14 03:02:20.272 edge /api/orders status=200 upstream=B rt_ms=125 bytes=7398
2026-03-14 03:02:21.800 edge /static/style.css status=502 upstream=B rt_ms=169 bytes=3957
2026-03-14 03:02:22.428 edge /api/events status=500 upstream=B rt_ms=353 bytes=38485
2026-03-14 03:02:22.537 edge /healthz status=404 upstream=B rt_ms=239 bytes=35540
2026-03-14 03:02:26.221 edge /api/events status=502 upstream=B rt_ms=12 bytes=23250
2026-03-14 03:02:26.763 edge /api/events status=502 upstream=B rt_ms=325 bytes=9164
2026-03-14 03:02:27.812 edge /static/style.css status=502 upstream=B rt_ms=61 bytes=29064
2026-03-14 03:02:28.064 edge /static/style.css status=200 upstream=B rt_ms=196 bytes=37001
2026-03-14 03:02:28.317 edge /api/events status=200 upstream=B rt_ms=166 bytes=24250
2026-03-14 03:02:28.814 edge /api/orders status=502 upstream=B rt_ms=287 bytes=19580
2026-03-14 03:02:31.328 edge /healthz status=502 upstream=B rt_ms=13 bytes=30357
2026-03-14 03:02:31.402 edge /healthz status=502 upstream=B rt_ms=84 bytes=34426
2026-03-14 03:02:32.232 edge /static/style.css status=502 upstream=B rt_ms=270 bytes=25877
2026-03-14 03:02:33.230 edge /static/style.css status=502 upstream=B rt_ms=347 bytes=33574
2026-03-14 03:02:35.632 edge / status=200 upstream=B rt_ms=355 bytes=19843
2026-03-14 03:02:35.967 edge /healthz status=200 upstream=B rt_ms=237 bytes=33460
2026-03-14 03:02:36.798 edge /healthz status=200 upstream=B rt_ms=332 bytes=18578
2026-03-14 03:02:37.637 edge / status=502 upstream=B rt_ms=270 bytes=16429
2026-03-14 03:02:38.647 edge /static/style.css status=200 upstream=B rt_ms=159 bytes=16303
2026-03-14 03:02:39.172 edge /static/style.css status=502 upstream=B rt_ms=101 bytes=27656
2026-03-14 03:02:39.768 edge /api/orders status=502 upstream=B rt_ms=151 bytes=3411
2026-03-14 03:02:40.836 edge / status=200 upstream=B rt_ms=57 bytes=35664
2026-03-14 03:02:45.560 edge /healthz status=200 upstream=B rt_ms=72 bytes=29773
2026-03-14 03:02:46.851 edge /healthz status=200 upstream=B rt_ms=143 bytes=15338
2026-03-14 03:02:48.987 edge / status=200 upstream=B rt_ms=181 bytes=11375
2026-03-14 03:02:50.095 edge / status=200 upstream=B rt_ms=80 bytes=6327
2026-03-14 03:02:51.827 edge / status=200 upstream=B rt_ms=181 bytes=33610
2026-03-14 03:02:51.850 edge /static/style.css status=200 upstream=B rt_ms=359 bytes=36691
2026-03-14 03:02:53.368 edge /api/orders status=502 upstream=B rt_ms=199 bytes=35265
2026-03-14 03:02:53.527 edge /healthz status=200 upstream=B rt_ms=269 bytes=23870
2026-03-14 03:02:55.061 edge / status=200 upstream=B rt_ms=346 bytes=2873
2026-03-14 03:02:56.607 edge /healthz status=502 upstream=B rt_ms=107 bytes=7302
2026-03-14 03:02:56.966 edge /static/style.css status=200 upstream=B rt_ms=64 bytes=15103
2026-03-14 03:02:57.021 edge /api/events status=502 upstream=B rt_ms=377 bytes=6483
2026-03-14 03:02:57.334 edge /api/events status=200 upstream=B rt_ms=182 bytes=2517
2026-03-14 03:02:58.304 edge /healthz status=200 upstream=B rt_ms=59 bytes=27881
2026-03-14 03:03:00.859 edge /healthz status=200 upstream=B rt_ms=126 bytes=23523
2026-03-14 03:03:00.910 edge /api/events status=200 upstream=B rt_ms=139 bytes=200
2026-03-14 03:03:01.552 edge /static/style.css status=200 upstream=B rt_ms=75 bytes=31054
2026-03-14 03:03:03.468 edge /static/style.css status=200 upstream=B rt_ms=195 bytes=9327
2026-03-14 03:03:03.631 edge /static/style.css status=200 upstream=B rt_ms=332 bytes=17320
2026-03-14 03:03:07.485 edge / status=200 upstream=B rt_ms=126 bytes=27439
2026-03-14 03:03:09.840 edge /healthz status=200 upstream=B rt_ms=173 bytes=20629
2026-03-14 03:03:11.158 edge / status=200 upstream=B rt_ms=169 bytes=34188
2026-03-14 03:03:11.303 edge /healthz status=502 upstream=B rt_ms=179 bytes=29796
2026-03-14 03:03:15.119 edge /static/style.css status=200 upstream=B rt_ms=6 bytes=15500
2026-03-14 03:03:16.658 edge /api/events status=200 upstream=B rt_ms=257 bytes=5771
2026-03-14 03:03:19.554 edge /healthz status=502 upstream=B rt_ms=295 bytes=20925
2026-03-14 03:03:20.065 edge /static/style.css status=200 upstream=B rt_ms=111 bytes=37408
2026-03-14 03:03:20.250 edge /api/events status=200 upstream=B rt_ms=2 bytes=1152
2026-03-14 03:03:20.413 edge /api/events status=200 upstream=B rt_ms=172 bytes=35614
2026-03-14 03:03:21.609 edge /api/events status=200 upstream=B rt_ms=277 bytes=3249
2026-03-14 03:03:23.028 edge / status=500 upstream=B rt_ms=174 bytes=20799
2026-03-14 03:03:26.267 edge / status=200 upstream=B rt_ms=337 bytes=5614
2026-03-14 03:03:26.765 edge /api/orders status=200 upstream=B rt_ms=348 bytes=8763
2026-03-14 03:03:26.972 edge /static/style.css status=200 upstream=B rt_ms=199 bytes=298
2026-03-14 03:03:28.177 edge /api/events status=500 upstream=B rt_ms=308 bytes=30332
2026-03-14 03:03:30.887 edge / status=200 upstream=B rt_ms=270 bytes=7001
2026-03-14 03:03:31.374 edge /healthz status=200 upstream=B rt_ms=254 bytes=18233
2026-03-14 03:03:35.459 edge /static/style.css status=500 upstream=B rt_ms=376 bytes=20342
2026-03-14 03:03:37.859 edge /api/events status=200 upstream=B rt_ms=342 bytes=30239
2026-03-14 03:03:38.193 edge /api/events status=502 upstream=B rt_ms=216 bytes=12997
2026-03-14 03:03:38.682 edge /api/orders status=200 upstream=B rt_ms=270 bytes=11852
2026-03-14 03:03:41.084 edge /api/orders status=200 upstream=B rt_ms=300 bytes=39723
2026-03-14 03:03:41.873 edge /api/events status=502 upstream=B rt_ms=241 bytes=34591
2026-03-14 03:03:42.207 edge /healthz status=200 upstream=B rt_ms=12 bytes=34495
2026-03-14 03:03:42.400 edge / status=200 upstream=B rt_ms=322 bytes=2217
2026-03-14 03:03:43.100 edge /api/events status=502 upstream=B rt_ms=260 bytes=39651
2026-03-14 03:03:43.555 edge /healthz status=502 upstream=B rt_ms=43 bytes=21449
2026-03-14 03:03:43.949 edge /api/orders status=502 upstream=B rt_ms=240 bytes=12901
2026-03-14 03:03:44.674 edge / status=200 upstream=B rt_ms=306 bytes=30825
2026-03-14 03:03:44.973 edge /api/orders status=500 upstream=B rt_ms=371 bytes=36312
2026-03-14 03:03:45.188 edge /api/orders status=404 upstream=B rt_ms=294 bytes=15113
2026-03-14 03:03:48.155 edge / status=502 upstream=B rt_ms=63 bytes=16041
2026-03-14 03:03:49.341 edge /static/style.css status=502 upstream=B rt_ms=315 bytes=7981
2026-03-14 03:03:50.452 edge /healthz status=200 upstream=B rt_ms=90 bytes=2631
2026-03-14 03:03:51.330 edge / status=200 upstream=B rt_ms=383 bytes=19449
2026-03-14 03:03:51.436 edge / status=502 upstream=B rt_ms=377 bytes=10201
2026-03-14 03:03:52.286 edge /healthz status=200 upstream=B rt_ms=397 bytes=23114
2026-03-14 03:03:53.488 edge /healthz status=200 upstream=B rt_ms=279 bytes=14340
2026-03-14 03:03:55.307 edge /api/orders status=200 upstream=B rt_ms=136 bytes=23635
2026-03-14 03:03:56.288 edge /api/orders status=200 upstream=B rt_ms=384 bytes=31286
2026-03-14 03:03:56.516 edge /api/orders status=200 upstream=B rt_ms=292 bytes=30112
2026-03-14 03:03:56.783 edge / status=502 upstream=B rt_ms=226 bytes=28876
2026-03-14 03:03:58.886 edge /api/events status=200 upstream=B rt_ms=204 bytes=19674
2026-03-14 03:03:59.697 edge / status=200 upstream=B rt_ms=51 bytes=25694
2026-03-14 03:04:02.125 edge /api/events status=200 upstream=B rt_ms=104 bytes=32963
2026-03-14 03:04:02.406 edge /api/events status=200 upstream=B rt_ms=290 bytes=24911
2026-03-14 03:04:03.261 edge /api/orders status=200 upstream=B rt_ms=298 bytes=22699
2026-03-14 03:04:03.349 edge /api/orders status=502 upstream=B rt_ms=218 bytes=24000
2026-03-14 03:04:03.980 edge / status=200 upstream=B rt_ms=185 bytes=25962
2026-03-14 03:04:04.577 edge /api/orders status=200 upstream=B rt_ms=331 bytes=8425
2026-03-14 03:04:04.906 edge /api/events status=502 upstream=B rt_ms=128 bytes=26676
2026-03-14 03:04:05.135 edge /api/orders status=200 upstream=B rt_ms=72 bytes=24023
2026-03-14 03:04:06.995 edge /api/orders status=200 upstream=B rt_ms=82 bytes=9814
2026-03-14 03:04:08.190 edge /api/events status=502 upstream=B rt_ms=49 bytes=36228
2026-03-14 03:04:08.829 edge /healthz status=500 upstream=B rt_ms=189 bytes=23478
2026-03-14 03:04:15.815 edge /api/orders status=502 upstream=B rt_ms=353 bytes=16942
2026-03-14 03:04:16.089 edge /api/events status=200 upstream=B rt_ms=238 bytes=30021
2026-03-14 03:04:16.883 edge /healthz status=200 upstream=B rt_ms=208 bytes=36471
2026-03-14 03:04:20.146 edge /api/events status=200 upstream=B rt_ms=180 bytes=40073
2026-03-14 03:04:20.902 edge /static/style.css status=500 upstream=B rt_ms=317 bytes=4056
2026-03-14 03:04:25.290 edge / status=502 upstream=B rt_ms=346 bytes=18313
2026-03-14 03:04:25.703 edge /api/events status=200 upstream=B rt_ms=188 bytes=15670
2026-03-14 03:04:26.192 edge /api/orders status=502 upstream=B rt_ms=160 bytes=18267
2026-03-14 03:04:26.661 edge /api/events status=500 upstream=B rt_ms=213 bytes=35719
2026-03-14 03:04:27.681 edge / status=502 upstream=B rt_ms=76 bytes=38571
2026-03-14 03:04:27.805 edge /healthz status=404 upstream=B rt_ms=11 bytes=14086
2026-03-14 03:04:28.094 edge / status=200 upstream=B rt_ms=121 bytes=18873
2026-03-14 03:04:29.475 edge / status=502 upstream=B rt_ms=158 bytes=17995
2026-03-14 03:04:30.208 edge /api/events status=200 upstream=B rt_ms=104 bytes=35285
2026-03-14 03:04:31.091 edge /static/style.css status=200 upstream=B rt_ms=195 bytes=3795
2026-03-14 03:04:31.782 edge /static/style.css status=502 upstream=B rt_ms=381 bytes=9105
2026-03-14 03:04:32.414 edge /healthz status=502 upstream=B rt_ms=31 bytes=3146
2026-03-14 03:04:33.414 edge /api/orders status=502 upstream=B rt_ms=183 bytes=24898
2026-03-14 03:04:35.994 edge /static/style.css status=502 upstream=B rt_ms=90 bytes=1538
2026-03-14 03:04:36.274 edge /api/events status=502 upstream=B rt_ms=108 bytes=28107
2026-03-14 03:04:39.619 edge / status=200 upstream=B rt_ms=293 bytes=5642
2026-03-14 03:04:39.712 edge /healthz status=502 upstream=B rt_ms=205 bytes=13979
2026-03-14 03:04:39.770 edge /api/events status=200 upstream=B rt_ms=246 bytes=21833
2026-03-14 03:04:40.195 edge /static/style.css status=502 upstream=B rt_ms=314 bytes=38990
2026-03-14 03:04:41.139 edge /static/style.css status=502 upstream=B rt_ms=337 bytes=37861
2026-03-14 03:04:42.446 edge /static/style.css status=200 upstream=B rt_ms=48 bytes=17481
2026-03-14 03:04:42.727 edge /api/events status=200 upstream=B rt_ms=213 bytes=37943
2026-03-14 03:04:44.283 edge /api/events status=200 upstream=B rt_ms=340 bytes=34086
2026-03-14 03:04:45.406 edge /static/style.css status=200 upstream=B rt_ms=310 bytes=29856
2026-03-14 03:04:46.861 edge /healthz status=502 upstream=B rt_ms=107 bytes=2991
2026-03-14 03:04:47.417 edge /healthz status=200 upstream=B rt_ms=95 bytes=1279
2026-03-14 03:04:51.663 edge /healthz status=200 upstream=B rt_ms=360 bytes=1978
2026-03-14 03:04:51.750 edge / status=200 upstream=B rt_ms=91 bytes=41329
2026-03-14 03:04:54.510 edge /static/style.css status=200 upstream=B rt_ms=343 bytes=6611
2026-03-14 03:04:56.678 edge /healthz status=502 upstream=B rt_ms=21 bytes=17331
2026-03-14 03:04:57.937 edge /healthz status=502 upstream=B rt_ms=308 bytes=12737
2026-03-14 03:04:58.960 edge /healthz status=200 upstream=B rt_ms=315 bytes=22051
2026-03-14 03:04:59.163 edge /static/style.css status=502 upstream=B rt_ms=216 bytes=5963
2026-03-14 03:04:59.972 edge / status=502 upstream=B rt_ms=166 bytes=28167
2026-03-14 03:05:01.083 edge /api/orders status=502 upstream=B rt_ms=331 bytes=38886
2026-03-14 03:05:01.218 edge /api/events status=200 upstream=B rt_ms=304 bytes=36796
2026-03-14 03:05:02.949 edge / status=502 upstream=B rt_ms=144 bytes=16911
2026-03-14 03:05:06.225 edge /api/events status=502 upstream=B rt_ms=310 bytes=2405
2026-03-14 03:05:06.577 edge /static/style.css status=200 upstream=B rt_ms=49 bytes=5488
2026-03-14 03:05:06.830 edge /static/style.css status=200 upstream=B rt_ms=143 bytes=12964
2026-03-14 03:05:10.141 edge /static/style.css status=200 upstream=B rt_ms=216 bytes=36861
2026-03-14 03:05:10.974 edge /api/orders status=502 upstream=B rt_ms=176 bytes=8727
2026-03-14 03:05:11.528 edge /static/style.css status=200 upstream=B rt_ms=205 bytes=16827
2026-03-14 03:05:14.380 edge /api/orders status=200 upstream=B rt_ms=27 bytes=19216
2026-03-14 03:05:14.881 edge /api/events status=502 upstream=B rt_ms=220 bytes=9086
2026-03-14 03:05:16.945 edge /api/events status=200 upstream=B rt_ms=16 bytes=35793
2026-03-14 03:05:18.353 edge /healthz status=200 upstream=B rt_ms=70 bytes=9957
2026-03-14 03:05:19.389 edge /healthz status=502 upstream=B rt_ms=17 bytes=21995
2026-03-14 03:05:20.697 edge /api/events status=500 upstream=B rt_ms=152 bytes=26333
2026-03-14 03:05:21.404 edge /static/style.css status=200 upstream=B rt_ms=10 bytes=3660
2026-03-14 03:05:23.098 edge /api/events status=200 upstream=B rt_ms=170 bytes=39008
2026-03-14 03:05:26.376 edge / status=502 upstream=B rt_ms=379 bytes=38983
2026-03-14 03:05:26.480 edge /static/style.css status=200 upstream=B rt_ms=368 bytes=12491
2026-03-14 03:05:27.324 edge /api/events status=502 upstream=B rt_ms=346 bytes=602
2026-03-14 03:05:27.605 edge /api/events status=502 upstream=B rt_ms=2 bytes=12575
2026-03-14 03:05:29.910 edge /api/events status=200 upstream=B rt_ms=216 bytes=19771
2026-03-14 03:05:33.483 edge /healthz status=502 upstream=B rt_ms=138 bytes=17000
2026-03-14 03:05:33.824 edge /api/events status=502 upstream=B rt_ms=52 bytes=14715
2026-03-14 03:05:36.131 edge /api/events status=200 upstream=B rt_ms=32 bytes=35052
2026-03-14 03:05:37.651 edge /healthz status=200 upstream=B rt_ms=241 bytes=7546
2026-03-14 03:05:38.344 edge /healthz status=200 upstream=B rt_ms=154 bytes=30735
2026-03-14 03:05:41.281 edge /static/style.css status=500 upstream=B rt_ms=190 bytes=20329
2026-03-14 03:05:43.891 edge / status=200 upstream=B rt_ms=157 bytes=20486
2026-03-14 03:05:44.164 edge /api/orders status=200 upstream=B rt_ms=296 bytes=17522
2026-03-14 03:05:45.295 edge /api/events status=200 upstream=B rt_ms=12 bytes=2450
2026-03-14 03:05:46.209 edge /api/events status=502 upstream=B rt_ms=182 bytes=28422
2026-03-14 03:05:46.334 edge /healthz status=200 upstream=B rt_ms=115 bytes=24891
2026-03-14 03:05:46.487 edge /api/orders status=200 upstream=B rt_ms=93 bytes=3999
2026-03-14 03:05:46.712 edge /api/events status=502 upstream=B rt_ms=173 bytes=31112
2026-03-14 03:05:48.017 edge /static/style.css status=502 upstream=B rt_ms=238 bytes=23466
2026-03-14 03:05:48.677 edge /static/style.css status=200 upstream=B rt_ms=252 bytes=5446
2026-03-14 03:05:48.847 edge /healthz status=200 upstream=B rt_ms=211 bytes=27708
2026-03-14 03:05:50.563 edge / status=502 upstream=B rt_ms=256 bytes=28450
2026-03-14 03:05:54.661 edge /static/style.css status=502 upstream=B rt_ms=315 bytes=4469
2026-03-14 03:05:55.450 edge /api/orders status=200 upstream=B rt_ms=170 bytes=25549
2026-03-14 03:05:58.943 edge / status=200 upstream=B rt_ms=189 bytes=16149
2026-03-14 03:05:59.353 edge /api/orders status=502 upstream=B rt_ms=287 bytes=4015
2026-03-14 03:06:00.345 edge /static/style.css status=502 upstream=B rt_ms=273 bytes=33052
2026-03-14 03:06:00.373 edge /api/events status=502 upstream=B rt_ms=308 bytes=17450
2026-03-14 03:06:01.367 edge /api/orders status=502 upstream=B rt_ms=144 bytes=12716
2026-03-14 03:06:02.581 edge /healthz status=404 upstream=B rt_ms=264 bytes=10532
2026-03-14 03:06:03.140 edge / status=502 upstream=B rt_ms=311 bytes=28861
2026-03-14 03:06:03.345 edge / status=200 upstream=B rt_ms=216 bytes=32233
2026-03-14 03:06:05.570 edge /healthz status=200 upstream=B rt_ms=81 bytes=3814
2026-03-14 03:06:05.947 edge / status=404 upstream=B rt_ms=379 bytes=3742
2026-03-14 03:06:07.782 edge / status=200 upstream=B rt_ms=146 bytes=40641
2026-03-14 03:06:08.172 edge /api/orders status=200 upstream=B rt_ms=345 bytes=10503
2026-03-14 03:06:08.620 edge /healthz status=200 upstream=B rt_ms=32 bytes=2943
2026-03-14 03:06:08.713 edge / status=404 upstream=B rt_ms=120 bytes=15550
2026-03-14 03:06:09.203 edge /api/events status=500 upstream=B rt_ms=124 bytes=32733
2026-03-14 03:06:09.321 edge /static/style.css status=200 upstream=B rt_ms=223 bytes=38334
2026-03-14 03:06:11.202 edge /api/orders status=200 upstream=B rt_ms=395 bytes=8884
2026-03-14 03:06:13.115 edge /healthz status=200 upstream=B rt_ms=214 bytes=28716
2026-03-14 03:06:16.021 edge /static/style.css status=502 upstream=B rt_ms=80 bytes=6007
2026-03-14 03:06:16.535 edge /api/events status=200 upstream=B rt_ms=357 bytes=5771
2026-03-14 03:06:16.826 edge /healthz status=200 upstream=B rt_ms=78 bytes=32465
2026-03-14 03:06:17.163 edge /api/events status=502 upstream=B rt_ms=118 bytes=34669
2026-03-14 03:06:18.284 edge /healthz status=404 upstream=B rt_ms=251 bytes=34671
2026-03-14 03:06:18.880 edge / status=200 upstream=B rt_ms=256 bytes=4007
2026-03-14 03:06:19.818 edge /healthz status=200 upstream=B rt_ms=23 bytes=10353
2026-03-14 03:06:19.849 edge /api/events status=502 upstream=B rt_ms=16 bytes=18694
2026-03-14 03:06:24.817 edge /static/style.css status=502 upstream=B rt_ms=242 bytes=8484
2026-03-14 03:06:27.770 edge / status=200 upstream=B rt_ms=43 bytes=33936
2026-03-14 03:06:28.144 edge /api/events status=502 upstream=B rt_ms=203 bytes=10436
2026-03-14 03:06:29.299 edge /api/orders status=200 upstream=B rt_ms=244 bytes=3549
2026-03-14 03:06:30.063 edge /api/orders status=502 upstream=B rt_ms=205 bytes=39308
2026-03-14 03:06:30.464 edge /static/style.css status=200 upstream=B rt_ms=36 bytes=15210
2026-03-14 03:06:33.629 edge /static/style.css status=200 upstream=B rt_ms=18 bytes=537
2026-03-14 03:06:34.938 edge /api/events status=502 upstream=B rt_ms=356 bytes=30823
2026-03-14 03:06:35.755 edge /static/style.css status=502 upstream=B rt_ms=351 bytes=25989
2026-03-14 03:06:36.106 edge /healthz status=200 upstream=B rt_ms=398 bytes=18043
2026-03-14 03:06:38.088 edge /static/style.css status=502 upstream=B rt_ms=30 bytes=1154
2026-03-14 03:06:38.687 edge /api/orders status=200 upstream=B rt_ms=392 bytes=15899
2026-03-14 03:06:38.773 edge /api/events status=200 upstream=B rt_ms=352 bytes=14707
2026-03-14 03:06:39.123 edge /static/style.css status=502 upstream=B rt_ms=108 bytes=28495
2026-03-14 03:06:39.997 edge /static/style.css status=200 upstream=B rt_ms=78 bytes=7682
2026-03-14 03:06:40.757 edge /healthz status=502 upstream=B rt_ms=352 bytes=25018
2026-03-14 03:06:42.260 edge / status=502 upstream=B rt_ms=388 bytes=18705
2026-03-14 03:06:42.721 edge / status=200 upstream=B rt_ms=58 bytes=2594
2026-03-14 03:06:43.686 edge /api/orders status=200 upstream=B rt_ms=119 bytes=25398
2026-03-14 03:06:44.512 edge / status=502 upstream=B rt_ms=65 bytes=11968
2026-03-14 03:06:44.881 edge /healthz status=500 upstream=B rt_ms=121 bytes=3458
2026-03-14 03:06:46.168 edge /static/style.css status=502 upstream=B rt_ms=11 bytes=27143
2026-03-14 03:06:46.287 edge /static/style.css status=200 upstream=B rt_ms=15 bytes=9509
2026-03-14 03:06:47.521 edge /healthz status=500 upstream=B rt_ms=8 bytes=4684
2026-03-14 03:06:47.901 edge /static/style.css status=200 upstream=B rt_ms=150 bytes=31128
2026-03-14 03:06:49.447 edge /api/events status=200 upstream=B rt_ms=184 bytes=19129
2026-03-14 03:06:50.124 edge /api/events status=200 upstream=B rt_ms=222 bytes=41893
2026-03-14 03:06:53.293 edge /healthz status=200 upstream=B rt_ms=347 bytes=15226
2026-03-14 03:06:53.304 edge / status=200 upstream=B rt_ms=195 bytes=23610
2026-03-14 03:06:54.971 edge /static/style.css status=502 upstream=B rt_ms=346 bytes=29500
2026-03-14 03:06:58.218 edge / status=502 upstream=B rt_ms=79 bytes=20030
2026-03-14 03:06:58.914 edge /static/style.css status=502 upstream=B rt_ms=244 bytes=30002
2026-03-14 03:07:03.049 edge /static/style.css status=200 upstream=B rt_ms=23 bytes=35621
2026-03-14 03:07:04.588 edge /api/events status=200 upstream=B rt_ms=324 bytes=40913
2026-03-14 03:07:04.831 edge / status=200 upstream=B rt_ms=299 bytes=24821
2026-03-14 03:07:05.745 edge /api/orders status=200 upstream=B rt_ms=8 bytes=26214
2026-03-14 03:07:05.774 edge /api/events status=200 upstream=B rt_ms=149 bytes=39887
2026-03-14 03:07:07.235 edge /static/style.css status=200 upstream=B rt_ms=333 bytes=2279
2026-03-14 03:07:07.295 edge / status=502 upstream=B rt_ms=87 bytes=39887
2026-03-14 03:07:08.826 edge /static/style.css status=404 upstream=B rt_ms=26 bytes=3334
2026-03-14 03:07:10.124 edge / status=200 upstream=B rt_ms=222 bytes=2496
2026-03-14 03:07:10.867 edge /healthz status=502 upstream=B rt_ms=293 bytes=35985
2026-03-14 03:07:11.316 edge / status=502 upstream=B rt_ms=312 bytes=23175
2026-03-14 03:07:11.928 edge /api/orders status=200 upstream=B rt_ms=57 bytes=39036
2026-03-14 03:07:15.391 edge / status=502 upstream=B rt_ms=186 bytes=20938
2026-03-14 03:07:15.507 edge /static/style.css status=502 upstream=B rt_ms=386 bytes=7827
2026-03-14 03:07:15.696 edge /static/style.css status=502 upstream=B rt_ms=41 bytes=4096
2026-03-14 03:07:15.947 edge /api/events status=200 upstream=B rt_ms=66 bytes=34032
2026-03-14 03:07:15.982 edge /healthz status=404 upstream=B rt_ms=238 bytes=12449
2026-03-14 03:07:17.060 edge /static/style.css status=200 upstream=B rt_ms=278 bytes=6706
2026-03-14 03:07:18.501 edge / status=200 upstream=B rt_ms=51 bytes=15247
2026-03-14 03:07:20.085 edge /api/orders status=200 upstream=B rt_ms=103 bytes=4068
2026-03-14 03:07:20.185 edge / status=200 upstream=B rt_ms=313 bytes=930
2026-03-14 03:07:21.786 edge /static/style.css status=200 upstream=B rt_ms=372 bytes=14049
2026-03-14 03:07:22.365 edge /healthz status=200 upstream=B rt_ms=74 bytes=8520
2026-03-14 03:07:22.546 edge /static/style.css status=200 upstream=B rt_ms=294 bytes=760
2026-03-14 03:07:23.086 edge /healthz status=500 upstream=B rt_ms=104 bytes=28832
2026-03-14 03:07:25.144 edge /api/events status=502 upstream=B rt_ms=24 bytes=12432
2026-03-14 03:07:25.842 edge / status=200 upstream=B rt_ms=112 bytes=10413
2026-03-14 03:07:26.739 edge /api/events status=200 upstream=B rt_ms=316 bytes=8864
2026-03-14 03:07:29.824 edge /api/events status=502 upstream=B rt_ms=280 bytes=11709
2026-03-14 03:07:29.848 edge / status=200 upstream=B rt_ms=361 bytes=6108
2026-03-14 03:07:33.915 edge / status=502 upstream=B rt_ms=228 bytes=5027
2026-03-14 03:07:34.473 edge /healthz status=502 upstream=B rt_ms=63 bytes=35888
2026-03-14 03:07:35.245 edge / status=200 upstream=B rt_ms=256 bytes=25017
2026-03-14 03:07:35.390 edge /api/events status=502 upstream=B rt_ms=307 bytes=17453
2026-03-14 03:07:36.397 edge / status=200 upstream=B rt_ms=44 bytes=17195
2026-03-14 03:07:38.375 edge /api/orders status=200 upstream=B rt_ms=185 bytes=15158
2026-03-14 03:07:39.285 edge /healthz status=404 upstream=B rt_ms=265 bytes=34104
2026-03-14 03:07:39.490 edge /healthz status=200 upstream=B rt_ms=129 bytes=7552
2026-03-14 03:07:40.302 edge /api/orders status=200 upstream=B rt_ms=111 bytes=9127
2026-03-14 03:07:43.616 edge / status=200 upstream=B rt_ms=264 bytes=1108
2026-03-14 03:07:45.822 edge /healthz status=200 upstream=B rt_ms=14 bytes=10495
2026-03-14 03:07:46.295 edge /api/orders status=502 upstream=B rt_ms=284 bytes=21695
2026-03-14 03:07:46.925 edge /api/orders status=200 upstream=B rt_ms=353 bytes=2958
2026-03-14 03:07:46.941 edge /api/orders status=200 upstream=B rt_ms=356 bytes=41258
2026-03-14 03:07:47.319 edge /healthz status=502 upstream=B rt_ms=207 bytes=15039
2026-03-14 03:07:48.051 edge /api/orders status=502 upstream=B rt_ms=300 bytes=36772
2026-03-14 03:07:48.239 edge /healthz status=502 upstream=B rt_ms=289 bytes=5092
2026-03-14 03:07:50.292 edge /healthz status=200 upstream=B rt_ms=120 bytes=13747
2026-03-14 03:07:50.721 edge /api/events status=200 upstream=B rt_ms=273 bytes=40874
2026-03-14 03:07:53.780 edge /healthz status=200 upstream=B rt_ms=185 bytes=35115
2026-03-14 03:07:53.838 edge /api/events status=502 upstream=B rt_ms=164 bytes=41634
2026-03-14 03:07:54.617 edge /healthz status=200 upstream=B rt_ms=176 bytes=36984
2026-03-14 03:07:56.152 edge /static/style.css status=200 upstream=B rt_ms=136 bytes=1324
2026-03-14 03:07:56.889 edge /static/style.css status=200 upstream=B rt_ms=87 bytes=19268
2026-03-14 03:07:57.425 edge /static/style.css status=502 upstream=B rt_ms=202 bytes=29711
2026-03-14 03:07:59.934 edge /static/style.css status=404 upstream=B rt_ms=92 bytes=6833
2026-03-14 03:08:00.103 edge / status=200 upstream=B rt_ms=111 bytes=22626
2026-03-14 03:08:00.205 edge / status=502 upstream=B rt_ms=266 bytes=16547
2026-03-14 03:08:00.367 edge / status=502 upstream=B rt_ms=359 bytes=36506
2026-03-14 03:08:00.500 edge /static/style.css status=502 upstream=B rt_ms=173 bytes=16863
2026-03-14 03:08:00.870 edge /static/style.css status=200 upstream=B rt_ms=208 bytes=29092
2026-03-14 03:08:01.128 edge /static/style.css status=200 upstream=B rt_ms=140 bytes=39995
2026-03-14 03:08:02.973 edge /api/events status=200 upstream=B rt_ms=166 bytes=38179
2026-03-14 03:08:04.686 edge /api/events status=502 upstream=B rt_ms=68 bytes=32022
2026-03-14 03:08:05.266 edge /healthz status=200 upstream=B rt_ms=35 bytes=24912
2026-03-14 03:08:06.091 edge /static/style.css status=502 upstream=B rt_ms=333 bytes=858
2026-03-14 03:08:07.177 edge /api/events status=200 upstream=B rt_ms=35 bytes=25521
2026-03-14 03:08:10.387 edge / status=502 upstream=B rt_ms=117 bytes=36991
2026-03-14 03:08:10.605 edge /api/events status=200 upstream=B rt_ms=177 bytes=16197
2026-03-14 03:08:11.885 edge /healthz status=200 upstream=B rt_ms=172 bytes=6339
2026-03-14 03:08:11.889 edge /api/events status=200 upstream=B rt_ms=329 bytes=4311
2026-03-14 03:08:12.602 edge / status=502 upstream=B rt_ms=14 bytes=36584
2026-03-14 03:08:15.819 edge /api/orders status=502 upstream=B rt_ms=273 bytes=5803
2026-03-14 03:08:16.548 edge / status=200 upstream=B rt_ms=68 bytes=9624
2026-03-14 03:08:17.609 edge /api/events status=200 upstream=B rt_ms=321 bytes=37241
2026-03-14 03:08:17.678 edge /api/events status=500 upstream=B rt_ms=123 bytes=37255
2026-03-14 03:08:17.975 edge /api/events status=500 upstream=B rt_ms=88 bytes=22093
2026-03-14 03:08:18.853 edge /api/orders status=200 upstream=B rt_ms=20 bytes=33223
2026-03-14 03:08:21.563 edge /healthz status=200 upstream=B rt_ms=241 bytes=17624
2026-03-14 03:08:22.121 edge / status=404 upstream=B rt_ms=241 bytes=23476
2026-03-14 03:08:22.268 edge /healthz status=200 upstream=B rt_ms=80 bytes=14736
2026-03-14 03:08:23.669 edge /api/orders status=502 upstream=B rt_ms=360 bytes=11603
2026-03-14 03:08:25.936 edge / status=502 upstream=B rt_ms=110 bytes=30050
2026-03-14 03:08:26.150 edge /static/style.css status=404 upstream=B rt_ms=343 bytes=31933
2026-03-14 03:08:26.719 edge /healthz status=502 upstream=B rt_ms=259 bytes=30632
2026-03-14 03:08:27.598 edge /healthz status=200 upstream=B rt_ms=212 bytes=19906
2026-03-14 03:08:28.054 edge /api/events status=502 upstream=B rt_ms=83 bytes=40780
2026-03-14 03:08:28.062 edge / status=200 upstream=B rt_ms=19 bytes=16224
2026-03-14 03:08:28.093 edge /api/orders status=200 upstream=B rt_ms=244 bytes=38635
2026-03-14 03:08:28.225 edge /api/events status=200 upstream=B rt_ms=379 bytes=7129
2026-03-14 03:08:28.544 edge / status=200 upstream=B rt_ms=133 bytes=6143
2026-03-14 03:08:29.736 edge /api/orders status=200 upstream=B rt_ms=313 bytes=23325
2026-03-14 03:08:30.126 edge / status=200 upstream=B rt_ms=32 bytes=9435
2026-03-14 03:08:30.825 edge /static/style.css status=200 upstream=B rt_ms=314 bytes=2238
2026-03-14 03:08:32.490 edge /api/orders status=200 upstream=B rt_ms=363 bytes=11256
2026-03-14 03:08:33.006 edge /healthz status=200 upstream=B rt_ms=315 bytes=37105
2026-03-14 03:08:33.396 edge /static/style.css status=200 upstream=B rt_ms=370 bytes=20173
2026-03-14 03:08:34.633 edge /api/orders status=502 upstream=B rt_ms=117 bytes=30472
2026-03-14 03:08:34.839 edge /static/style.css status=502 upstream=B rt_ms=104 bytes=21664
2026-03-14 03:08:35.431 edge /static/style.css status=502 upstream=B rt_ms=348 bytes=31359
2026-03-14 03:08:36.671 edge /api/events status=502 upstream=B rt_ms=153 bytes=9557
2026-03-14 03:08:37.394 edge /api/events status=200 upstream=B rt_ms=173 bytes=4470
2026-03-14 03:08:37.518 edge /api/orders status=200 upstream=B rt_ms=383 bytes=15655
2026-03-14 03:08:38.003 edge /api/orders status=200 upstream=B rt_ms=256 bytes=20258
2026-03-14 03:08:39.056 edge /api/events status=200 upstream=B rt_ms=73 bytes=28934
2026-03-14 03:08:40.838 edge /healthz status=500 upstream=B rt_ms=161 bytes=31586
2026-03-14 03:08:41.912 edge /api/events status=200 upstream=B rt_ms=83 bytes=21971
2026-03-14 03:08:42.255 edge /healthz status=200 upstream=B rt_ms=97 bytes=31207
2026-03-14 03:08:42.425 edge /healthz status=200 upstream=B rt_ms=64 bytes=19855
2026-03-14 03:08:43.304 edge /api/events status=200 upstream=B rt_ms=278 bytes=33459
2026-03-14 03:08:43.700 edge /static/style.css status=200 upstream=B rt_ms=299 bytes=8194
2026-03-14 03:08:43.998 edge /healthz status=200 upstream=B rt_ms=75 bytes=31308
2026-03-14 03:08:44.374 edge / status=502 upstream=B rt_ms=35 bytes=34573
2026-03-14 03:08:45.110 edge / status=502 upstream=B rt_ms=304 bytes=7482
2026-03-14 03:08:45.670 edge /api/orders status=502 upstream=B rt_ms=162 bytes=38508
2026-03-14 03:08:47.489 edge /healthz status=200 upstream=B rt_ms=260 bytes=8247
2026-03-14 03:08:47.698 edge /healthz status=200 upstream=B rt_ms=192 bytes=15688
2026-03-14 03:08:47.853 edge /healthz status=200 upstream=B rt_ms=377 bytes=21537
2026-03-14 03:08:50.820 edge / status=200 upstream=B rt_ms=269 bytes=28067
2026-03-14 03:08:51.132 edge /healthz status=200 upstream=B rt_ms=393 bytes=36690
2026-03-14 03:08:51.312 edge /api/orders status=200 upstream=B rt_ms=41 bytes=40087
2026-03-14 03:08:53.219 edge / status=200 upstream=B rt_ms=104 bytes=41810
2026-03-14 03:08:56.685 edge /api/events status=200 upstream=B rt_ms=63 bytes=24559
2026-03-14 03:08:58.889 edge / status=200 upstream=B rt_ms=279 bytes=21894
2026-03-14 03:09:02.231 edge /api/events status=502 upstream=B rt_ms=90 bytes=33521
2026-03-14 03:09:02.464 edge /api/orders status=502 upstream=B rt_ms=168 bytes=31003
2026-03-14 03:09:03.030 edge /api/orders status=200 upstream=B rt_ms=143 bytes=24483
2026-03-14 03:09:04.661 edge /api/events status=200 upstream=B rt_ms=297 bytes=34900
2026-03-14 03:09:09.902 edge /static/style.css status=200 upstream=B rt_ms=99 bytes=28834
2026-03-14 03:09:12.150 edge /healthz status=502 upstream=B rt_ms=72 bytes=8740
2026-03-14 03:09:13.001 edge / status=200 upstream=B rt_ms=315 bytes=6017
2026-03-14 03:09:13.652 edge / status=502 upstream=B rt_ms=349 bytes=9345
2026-03-14 03:09:14.431 edge /api/orders status=502 upstream=B rt_ms=192 bytes=6530
2026-03-14 03:09:15.425 edge /static/style.css status=502 upstream=B rt_ms=97 bytes=30429
2026-03-14 03:09:16.210 edge /healthz status=200 upstream=B rt_ms=179 bytes=40862
2026-03-14 03:09:16.247 edge / status=200 upstream=B rt_ms=282 bytes=1763
2026-03-14 03:09:16.662 edge /api/orders status=200 upstream=B rt_ms=28 bytes=38489
2026-03-14 03:09:17.535 edge /static/style.css status=200 upstream=B rt_ms=344 bytes=33149
2026-03-14 03:09:20.300 edge /healthz status=200 upstream=B rt_ms=391 bytes=40887
2026-03-14 03:09:21.085 edge /static/style.css status=200 upstream=B rt_ms=42 bytes=24785
2026-03-14 03:09:21.393 edge /healthz status=200 upstream=B rt_ms=293 bytes=6144
2026-03-14 03:09:24.624 edge /api/events status=502 upstream=B rt_ms=185 bytes=12854
2026-03-14 03:09:25.364 edge /api/orders status=502 upstream=B rt_ms=217 bytes=15693
2026-03-14 03:09:26.699 edge /static/style.css status=502 upstream=B rt_ms=230 bytes=21072
2026-03-14 03:09:29.704 edge /api/orders status=502 upstream=B rt_ms=257 bytes=14196
2026-03-14 03:09:31.512 edge / status=200 upstream=B rt_ms=167 bytes=36274
2026-03-14 03:09:31.985 edge /api/events status=200 upstream=B rt_ms=115 bytes=23670
2026-03-14 03:09:33.672 edge /static/style.css status=200 upstream=B rt_ms=257 bytes=25835
2026-03-14 03:09:35.922 edge /api/orders status=200 upstream=B rt_ms=375 bytes=12496
2026-03-14 03:09:39.498 edge /healthz status=200 upstream=B rt_ms=163 bytes=31951
2026-03-14 03:09:40.568 edge /static/style.css status=502 upstream=B rt_ms=256 bytes=19376
2026-03-14 03:09:41.782 edge /api/events status=404 upstream=B rt_ms=55 bytes=18998
2026-03-14 03:09:43.268 edge /healthz status=200 upstream=B rt_ms=102 bytes=15742
2026-03-14 03:09:43.414 edge /api/events status=502 upstream=B rt_ms=308 bytes=39971
2026-03-14 03:09:43.930 edge /healthz status=502 upstream=B rt_ms=82 bytes=17112
2026-03-14 03:09:45.254 edge /static/style.css status=200 upstream=B rt_ms=368 bytes=21688
2026-03-14 03:09:45.346 edge /api/events status=200 upstream=B rt_ms=252 bytes=38861
2026-03-14 03:09:46.193 edge /healthz status=200 upstream=B rt_ms=25 bytes=9293
2026-03-14 03:09:46.817 edge /api/events status=200 upstream=B rt_ms=182 bytes=20390
2026-03-14 03:09:46.861 edge /api/events status=502 upstream=B rt_ms=229 bytes=38628
2026-03-14 03:09:47.572 edge /api/orders status=200 upstream=B rt_ms=397 bytes=15181
2026-03-14 03:09:48.417 edge /static/style.css status=502 upstream=B rt_ms=171 bytes=32055
2026-03-14 03:09:48.676 edge /static/style.css status=200 upstream=B rt_ms=280 bytes=32042
2026-03-14 03:09:48.847 edge /api/events status=500 upstream=B rt_ms=35 bytes=20218
2026-03-14 03:09:48.851 edge /api/orders status=200 upstream=B rt_ms=12 bytes=15813
2026-03-14 03:09:49.661 edge / status=200 upstream=B rt_ms=92 bytes=16278
2026-03-14 03:09:50.197 edge /healthz status=502 upstream=B rt_ms=85 bytes=36521
2026-03-14 03:09:51.514 edge /api/events status=200 upstream=B rt_ms=177 bytes=4238
2026-03-14 03:09:54.061 edge /static/style.css status=502 upstream=B rt_ms=192 bytes=18348
2026-03-14 03:09:55.643 edge /api/orders status=502 upstream=B rt_ms=382 bytes=15746
2026-03-14 03:09:55.769 edge / status=200 upstream=B rt_ms=252 bytes=36675
2026-03-14 03:09:58.062 edge /api/events status=200 upstream=B rt_ms=246 bytes=38463
2026-03-14 03:10:00.101 edge /api/orders status=502 upstream=B rt_ms=71 bytes=41345
2026-03-14 03:10:03.420 edge /api/events status=502 upstream=B rt_ms=79 bytes=8577
2026-03-14 03:10:05.216 edge /static/style.css status=200 upstream=B rt_ms=339 bytes=9690
2026-03-14 03:10:06.288 edge /api/orders status=500 upstream=B rt_ms=126 bytes=15058
2026-03-14 03:10:06.429 edge /api/orders status=200 upstream=B rt_ms=16 bytes=12827
2026-03-14 03:10:06.707 edge /api/orders status=502 upstream=B rt_ms=30 bytes=25846
2026-03-14 03:10:07.048 edge /api/events status=502 upstream=B rt_ms=272 bytes=20859
2026-03-14 03:10:07.810 edge / status=502 upstream=B rt_ms=332 bytes=18393
2026-03-14 03:10:09.475 edge /api/orders status=200 upstream=B rt_ms=31 bytes=5089
2026-03-14 03:10:11.005 edge /api/events status=502 upstream=B rt_ms=396 bytes=39513
2026-03-14 03:10:12.102 edge /api/orders status=502 upstream=B rt_ms=42 bytes=30464
2026-03-14 03:10:12.273 edge /healthz status=502 upstream=B rt_ms=185 bytes=41716
2026-03-14 03:10:13.128 edge /api/orders status=404 upstream=B rt_ms=209 bytes=32004
2026-03-14 03:10:13.615 edge /api/events status=200 upstream=B rt_ms=234 bytes=6413
2026-03-14 03:10:14.515 edge /api/orders status=200 upstream=B rt_ms=383 bytes=17279
2026-03-14 03:10:14.941 edge / status=200 upstream=B rt_ms=231 bytes=22203
2026-03-14 03:10:14.987 edge / status=500 upstream=B rt_ms=182 bytes=27099
2026-03-14 03:10:15.398 edge /static/style.css status=200 upstream=B rt_ms=300 bytes=39588
2026-03-14 03:10:15.769 edge /api/orders status=500 upstream=B rt_ms=364 bytes=16188
2026-03-14 03:10:17.929 edge /healthz status=200 upstream=B rt_ms=147 bytes=39167
2026-03-14 03:10:20.295 edge /api/events status=502 upstream=B rt_ms=345 bytes=3226
2026-03-14 03:10:21.081 edge / status=200 upstream=B rt_ms=264 bytes=14741
2026-03-14 03:10:22.576 edge /api/events status=200 upstream=B rt_ms=64 bytes=22409
2026-03-14 03:10:23.287 edge /api/events status=200 upstream=B rt_ms=284 bytes=36244
2026-03-14 03:10:24.835 edge /healthz status=200 upstream=B rt_ms=144 bytes=26531
2026-03-14 03:10:25.090 edge /static/style.css status=200 upstream=B rt_ms=23 bytes=11189
2026-03-14 03:10:27.471 edge /static/style.css status=200 upstream=B rt_ms=237 bytes=13384
2026-03-14 03:10:29.692 edge /api/events status=200 upstream=B rt_ms=183 bytes=40970
2026-03-14 03:10:32.303 edge /api/events status=502 upstream=B rt_ms=52 bytes=20029
2026-03-14 03:10:32.412 edge /static/style.css status=502 upstream=B rt_ms=390 bytes=19712
2026-03-14 03:10:33.183 edge / status=200 upstream=B rt_ms=272 bytes=32813
2026-03-14 03:10:35.191 edge /api/events status=200 upstream=B rt_ms=190 bytes=31396
2026-03-14 03:10:35.424 edge /api/orders status=502 upstream=B rt_ms=98 bytes=27798
2026-03-14 03:10:36.846 edge / status=502 upstream=B rt_ms=110 bytes=41155
2026-03-14 03:10:37.438 edge /static/style.css status=502 upstream=B rt_ms=95 bytes=33648
2026-03-14 03:10:38.413 edge /api/orders status=200 upstream=B rt_ms=183 bytes=31173
2026-03-14 03:10:38.628 edge /api/events status=200 upstream=B rt_ms=173 bytes=12328
2026-03-14 03:10:41.060 edge /static/style.css status=502 upstream=B rt_ms=338 bytes=19170
2026-03-14 03:10:41.744 edge / status=502 upstream=B rt_ms=121 bytes=39689
2026-03-14 03:10:43.395 edge /static/style.css status=502 upstream=B rt_ms=397 bytes=22233
2026-03-14 03:10:44.976 edge / status=200 upstream=B rt_ms=373 bytes=26105
2026-03-14 03:10:45.563 edge /static/style.css status=502 upstream=B rt_ms=186 bytes=39737
2026-03-14 03:10:50.669 edge /static/style.css status=502 upstream=B rt_ms=384 bytes=23961
2026-03-14 03:10:50.830 edge /healthz status=404 upstream=B rt_ms=74 bytes=6682
2026-03-14 03:10:51.040 edge /api/events status=502 upstream=B rt_ms=22 bytes=15776
2026-03-14 03:10:52.072 edge /healthz status=200 upstream=B rt_ms=56 bytes=37663
2026-03-14 03:10:53.998 edge /api/orders status=200 upstream=B rt_ms=42 bytes=31957
2026-03-14 03:10:55.260 edge / status=200 upstream=B rt_ms=321 bytes=20142
2026-03-14 03:10:55.474 edge /healthz status=200 upstream=B rt_ms=72 bytes=17312
2026-03-14 03:10:56.571 edge /api/orders status=200 upstream=B rt_ms=286 bytes=9041
2026-03-14 03:10:58.498 edge / status=200 upstream=B rt_ms=236 bytes=11960
2026-03-14 03:10:58.967 edge /healthz status=200 upstream=B rt_ms=22 bytes=35761
2026-03-14 03:10:59.754 edge /api/events status=200 upstream=B rt_ms=225 bytes=16457
2026-03-14 03:11:00.068 edge /api/events status=200 upstream=B rt_ms=88 bytes=14842
2026-03-14 03:11:03.782 edge /api/events status=200 upstream=B rt_ms=6 bytes=16460
2026-03-14 03:11:04.888 edge / status=502 upstream=B rt_ms=41 bytes=5032
2026-03-14 03:11:06.961 edge /static/style.css status=502 upstream=B rt_ms=170 bytes=35993
2026-03-14 03:11:07.645 edge /healthz status=200 upstream=B rt_ms=163 bytes=38485
2026-03-14 03:11:08.051 edge / status=502 upstream=B rt_ms=367 bytes=4460
2026-03-14 03:11:08.882 edge / status=200 upstream=B rt_ms=341 bytes=27222
2026-03-14 03:11:09.641 edge /api/events status=502 upstream=B rt_ms=341 bytes=1469
2026-03-14 03:11:10.252 edge /static/style.css status=200 upstream=B rt_ms=4 bytes=26041
2026-03-14 03:11:10.402 edge /api/orders status=502 upstream=B rt_ms=324 bytes=34724
2026-03-14 03:11:12.528 edge / status=502 upstream=B rt_ms=253 bytes=29706
2026-03-14 03:11:12.671 edge /static/style.css status=200 upstream=B rt_ms=395 bytes=27214
2026-03-14 03:11:14.935 edge /api/events status=502 upstream=B rt_ms=41 bytes=32337
2026-03-14 03:11:15.412 edge /static/style.css status=200 upstream=B rt_ms=350 bytes=6193
2026-03-14 03:11:15.484 edge /static/style.css status=200 upstream=B rt_ms=134 bytes=8148
2026-03-14 03:11:17.775 edge /healthz status=200 upstream=B rt_ms=176 bytes=15105
2026-03-14 03:11:18.721 edge /api/orders status=200 upstream=B rt_ms=349 bytes=29993
2026-03-14 03:11:19.897 edge /healthz status=502 upstream=B rt_ms=166 bytes=29179
2026-03-14 03:11:20.542 edge /healthz status=200 upstream=B rt_ms=280 bytes=34795
2026-03-14 03:11:20.552 edge /api/orders status=200 upstream=B rt_ms=307 bytes=20035
2026-03-14 03:11:20.639 edge /api/orders status=200 upstream=B rt_ms=395 bytes=40105
2026-03-14 03:11:21.635 edge /api/orders status=200 upstream=B rt_ms=320 bytes=17881
2026-03-14 03:11:22.728 edge /api/orders status=502 upstream=B rt_ms=184 bytes=39282
2026-03-14 03:11:25.752 edge /api/events status=200 upstream=B rt_ms=67 bytes=36980
2026-03-14 03:11:26.346 edge /static/style.css status=200 upstream=B rt_ms=334 bytes=3969
2026-03-14 03:11:26.990 edge /api/events status=200 upstream=B rt_ms=388 bytes=40100
2026-03-14 03:11:28.056 edge /static/style.css status=502 upstream=B rt_ms=205 bytes=25637
2026-03-14 03:11:28.819 edge /healthz status=200 upstream=B rt_ms=34 bytes=11921
2026-03-14 03:11:29.035 edge /healthz status=200 upstream=B rt_ms=2 bytes=32393
2026-03-14 03:11:29.055 edge /api/events status=502 upstream=B rt_ms=280 bytes=36494
2026-03-14 03:11:29.869 edge /api/orders status=502 upstream=B rt_ms=138 bytes=17210
2026-03-14 03:11:30.779 edge /api/events status=200 upstream=B rt_ms=95 bytes=12707
2026-03-14 03:11:32.898 edge /api/orders status=200 upstream=B rt_ms=263 bytes=2469
2026-03-14 03:11:34.768 edge /healthz status=200 upstream=B rt_ms=397 bytes=10027
2026-03-14 03:11:36.330 edge / status=200 upstream=B rt_ms=63 bytes=31393
2026-03-14 03:11:36.857 edge /api/orders status=200 upstream=B rt_ms=383 bytes=14095
2026-03-14 03:11:37.143 edge /static/style.css status=502 upstream=B rt_ms=117 bytes=3928
2026-03-14 03:11:39.471 edge /healthz status=502 upstream=B rt_ms=381 bytes=6846
2026-03-14 03:11:39.533 edge /api/events status=200 upstream=B rt_ms=184 bytes=1104
2026-03-14 03:11:43.771 edge /static/style.css status=200 upstream=B rt_ms=72 bytes=29756
2026-03-14 03:11:45.053 edge /healthz status=200 upstream=B rt_ms=371 bytes=29636
2026-03-14 03:11:45.602 edge /api/events status=502 upstream=B rt_ms=38 bytes=16317
2026-03-14 03:11:45.737 edge /api/orders status=200 upstream=B rt_ms=127 bytes=11558
2026-03-14 03:11:46.388 edge /api/orders status=502 upstream=B rt_ms=250 bytes=2146
2026-03-14 03:11:48.420 edge /static/style.css status=200 upstream=B rt_ms=324 bytes=36299
2026-03-14 03:11:48.827 edge /api/orders status=200 upstream=B rt_ms=318 bytes=1349
2026-03-14 03:11:49.307 edge / status=502 upstream=B rt_ms=292 bytes=29236
2026-03-14 03:11:49.919 edge /api/events status=200 upstream=B rt_ms=32 bytes=24841
2026-03-14 03:11:52.878 edge /static/style.css status=200 upstream=B rt_ms=292 bytes=10423
2026-03-14 03:11:52.984 edge /api/orders status=200 upstream=B rt_ms=192 bytes=3282
2026-03-14 03:11:53.133 edge /api/orders status=200 upstream=B rt_ms=344 bytes=3077
2026-03-14 03:11:53.165 edge /api/events status=502 upstream=B rt_ms=236 bytes=9850
2026-03-14 03:11:53.576 edge /healthz status=200 upstream=B rt_ms=3 bytes=7464
2026-03-14 03:11:53.698 edge /static/style.css status=502 upstream=B rt_ms=43 bytes=5864
2026-03-14 03:11:56.178 edge /static/style.css status=502 upstream=B rt_ms=302 bytes=37018
2026-03-14 03:12:00.795 edge /healthz status=200 upstream=B rt_ms=195 bytes=28744
2026-03-14 03:12:01.648 edge /api/events status=200 upstream=B rt_ms=48 bytes=22858
2026-03-14 03:12:02.415 edge /static/style.css status=502 upstream=B rt_ms=16 bytes=30650
2026-03-14 03:12:06.149 edge /static/style.css status=502 upstream=B rt_ms=344 bytes=13493
2026-03-14 03:12:06.961 edge /static/style.css status=200 upstream=B rt_ms=190 bytes=21061
2026-03-14 03:12:07.118 edge /static/style.css status=404 upstream=B rt_ms=294 bytes=10278
2026-03-14 03:12:10.869 edge / status=502 upstream=B rt_ms=285 bytes=2786
2026-03-14 03:12:11.738 edge /healthz status=502 upstream=B rt_ms=22 bytes=29259
2026-03-14 03:12:12.316 edge /api/orders status=502 upstream=B rt_ms=202 bytes=17197
2026-03-14 03:12:13.386 edge /static/style.css status=200 upstream=B rt_ms=100 bytes=16798
2026-03-14 03:12:14.031 edge /healthz status=200 upstream=B rt_ms=48 bytes=3342
2026-03-14 03:12:15.288 edge / status=502 upstream=B rt_ms=342 bytes=29650
2026-03-14 03:12:19.133 edge /healthz status=200 upstream=B rt_ms=222 bytes=6443
2026-03-14 03:12:19.442 edge /api/events status=500 upstream=B rt_ms=113 bytes=19720
2026-03-14 03:12:21.178 edge /api/events status=500 upstream=B rt_ms=324 bytes=279
2026-03-14 03:12:21.870 edge /api/events status=502 upstream=B rt_ms=186 bytes=1928
2026-03-14 03:12:23.236 edge /api/events status=200 upstream=B rt_ms=236 bytes=16955
2026-03-14 03:12:24.532 edge /api/orders status=200 upstream=B rt_ms=307 bytes=414
2026-03-14 03:12:25.955 edge / status=200 upstream=B rt_ms=46 bytes=2712
2026-03-14 03:12:28.203 edge /api/orders status=502 upstream=B rt_ms=88 bytes=33648
2026-03-14 03:12:28.375 edge / status=500 upstream=B rt_ms=395 bytes=24573
2026-03-14 03:12:28.697 edge /healthz status=200 upstream=B rt_ms=346 bytes=28904
2026-03-14 03:12:28.876 edge /api/events status=502 upstream=B rt_ms=149 bytes=1705
2026-03-14 03:12:29.046 edge /api/orders status=502 upstream=B rt_ms=363 bytes=25896
2026-03-14 03:12:29.568 edge /static/style.css status=200 upstream=B rt_ms=312 bytes=1311
2026-03-14 03:12:30.289 edge /api/events status=500 upstream=B rt_ms=205 bytes=27808
2026-03-14 03:12:31.318 edge /static/style.css status=200 upstream=B rt_ms=93 bytes=39100
2026-03-14 03:12:31.533 edge /static/style.css status=200 upstream=B rt_ms=396 bytes=4375
2026-03-14 03:12:33.241 edge / status=502 upstream=B rt_ms=282 bytes=32012
2026-03-14 03:12:33.425 edge /api/events status=200 upstream=B rt_ms=383 bytes=18854
2026-03-14 03:12:34.509 edge /healthz status=200 upstream=B rt_ms=108 bytes=12262
2026-03-14 03:12:34.723 edge /healthz status=200 upstream=B rt_ms=170 bytes=11976
2026-03-14 03:12:35.385 edge / status=200 upstream=B rt_ms=279 bytes=25410
2026-03-14 03:12:37.890 edge /static/style.css status=502 upstream=B rt_ms=389 bytes=22089
2026-03-14 03:12:40.160 edge /healthz status=200 upstream=B rt_ms=345 bytes=41211
2026-03-14 03:12:40.429 edge /api/orders status=404 upstream=B rt_ms=248 bytes=10049
2026-03-14 03:12:40.592 edge / status=200 upstream=B rt_ms=381 bytes=10098
2026-03-14 03:12:40.675 edge / status=200 upstream=B rt_ms=205 bytes=17068
2026-03-14 03:12:41.251 edge /static/style.css status=502 upstream=B rt_ms=146 bytes=37340
2026-03-14 03:12:42.688 edge /api/orders status=502 upstream=B rt_ms=247 bytes=31654
2026-03-14 03:12:43.309 edge / status=502 upstream=B rt_ms=371 bytes=7638
2026-03-14 03:12:49.318 edge /healthz status=200 upstream=B rt_ms=210 bytes=4497
2026-03-14 03:12:49.485 edge /api/events status=200 upstream=B rt_ms=142 bytes=36466
2026-03-14 03:12:49.581 edge /api/events status=502 upstream=B rt_ms=95 bytes=26407
2026-03-14 03:12:50.845 edge /api/orders status=200 upstream=B rt_ms=258 bytes=8200
2026-03-14 03:12:51.990 edge / status=502 upstream=B rt_ms=136 bytes=20657
2026-03-14 03:12:53.601 edge /api/events status=200 upstream=B rt_ms=341 bytes=17781
2026-03-14 03:12:54.632 edge /api/events status=502 upstream=B rt_ms=291 bytes=25661
2026-03-14 03:12:55.694 edge /api/orders status=200 upstream=B rt_ms=225 bytes=31489
2026-03-14 03:12:56.304 edge /api/events status=200 upstream=B rt_ms=215 bytes=40853
2026-03-14 03:12:56.886 edge /api/events status=502 upstream=B rt_ms=324 bytes=12136
2026-03-14 03:12:58.425 edge / status=502 upstream=B rt_ms=385 bytes=25060
2026-03-14 03:13:00.876 edge / status=200 upstream=B rt_ms=282 bytes=17427
2026-03-14 03:13:01.071 edge / status=200 upstream=B rt_ms=253 bytes=32391
2026-03-14 03:13:01.671 edge /api/orders status=200 upstream=B rt_ms=167 bytes=28389
2026-03-14 03:13:04.215 edge /api/events status=200 upstream=B rt_ms=216 bytes=26632
2026-03-14 03:13:05.079 edge / status=200 upstream=B rt_ms=5 bytes=40334
2026-03-14 03:13:05.987 edge /api/orders status=200 upstream=B rt_ms=214 bytes=19870
2026-03-14 03:13:06.336 edge /static/style.css status=404 upstream=B rt_ms=376 bytes=26540
2026-03-14 03:13:06.748 edge /static/style.css status=200 upstream=B rt_ms=54 bytes=21921
2026-03-14 03:13:07.378 edge /static/style.css status=502 upstream=B rt_ms=269 bytes=36223
2026-03-14 03:13:09.038 edge / status=200 upstream=B rt_ms=341 bytes=20940
2026-03-14 03:13:09.136 edge /api/orders status=404 upstream=B rt_ms=263 bytes=16783
2026-03-14 03:13:09.575 edge /api/events status=200 upstream=B rt_ms=393 bytes=34456
2026-03-14 03:13:10.125 edge /static/style.css status=502 upstream=B rt_ms=381 bytes=15575
2026-03-14 03:13:11.337 edge / status=200 upstream=B rt_ms=334 bytes=4364
2026-03-14 03:13:12.657 edge /healthz status=502 upstream=B rt_ms=192 bytes=31584
2026-03-14 03:13:13.119 edge /healthz status=200 upstream=B rt_ms=12 bytes=9653
2026-03-14 03:13:14.998 edge / status=502 upstream=B rt_ms=163 bytes=3810
2026-03-14 03:13:15.705 edge /static/style.css status=200 upstream=B rt_ms=275 bytes=18551
2026-03-14 03:13:16.573 edge /api/events status=200 upstream=B rt_ms=117 bytes=9851
2026-03-14 03:13:16.614 edge /api/events status=502 upstream=B rt_ms=115 bytes=23373
2026-03-14 03:13:17.102 edge / status=404 upstream=B rt_ms=384 bytes=16706
2026-03-14 03:13:18.412 edge /api/orders status=200 upstream=B rt_ms=74 bytes=40485
2026-03-14 03:13:19.315 edge /api/orders status=502 upstream=B rt_ms=48 bytes=31904
2026-03-14 03:13:21.175 edge / status=200 upstream=B rt_ms=320 bytes=35853
2026-03-14 03:13:22.948 edge / status=200 upstream=B rt_ms=370 bytes=38913
2026-03-14 03:13:23.700 edge / status=200 upstream=B rt_ms=107 bytes=17354
2026-03-14 03:13:25.584 edge /static/style.css status=502 upstream=B rt_ms=186 bytes=37302
2026-03-14 03:13:26.338 edge /healthz status=502 upstream=B rt_ms=96 bytes=1109
2026-03-14 03:13:27.727 edge /api/orders status=200 upstream=B rt_ms=98 bytes=23762
2026-03-14 03:13:28.174 edge /api/events status=200 upstream=B rt_ms=259 bytes=31333
2026-03-14 03:13:29.126 edge /api/events status=200 upstream=B rt_ms=227 bytes=41505
2026-03-14 03:13:29.817 edge /api/orders status=502 upstream=B rt_ms=323 bytes=9182
2026-03-14 03:13:30.185 edge /api/orders status=200 upstream=B rt_ms=89 bytes=919
2026-03-14 03:13:30.512 edge /api/orders status=200 upstream=B rt_ms=378 bytes=29107
2026-03-14 03:13:30.703 edge / status=502 upstream=B rt_ms=13 bytes=19292
2026-03-14 03:13:31.243 edge /api/events status=502 upstream=B rt_ms=88 bytes=26584
2026-03-14 03:13:32.502 edge /api/orders status=200 upstream=B rt_ms=266 bytes=10348
2026-03-14 03:13:34.917 edge /static/style.css status=200 upstream=B rt_ms=256 bytes=17463
2026-03-14 03:13:35.731 edge /api/orders status=502 upstream=B rt_ms=16 bytes=4738
2026-03-14 03:13:36.142 edge / status=200 upstream=B rt_ms=323 bytes=2833
2026-03-14 03:13:36.606 edge / status=200 upstream=B rt_ms=190 bytes=11496
2026-03-14 03:13:37.993 edge /healthz status=502 upstream=B rt_ms=257 bytes=6913
2026-03-14 03:13:38.533 edge /healthz status=502 upstream=B rt_ms=340 bytes=33694
2026-03-14 03:13:38.968 edge /api/orders status=200 upstream=B rt_ms=394 bytes=683
2026-03-14 03:13:39.051 edge /healthz status=200 upstream=B rt_ms=96 bytes=14379
2026-03-14 03:13:39.851 edge /api/orders status=502 upstream=B rt_ms=208 bytes=2401
2026-03-14 03:13:44.148 edge /api/events status=200 upstream=B rt_ms=166 bytes=35405
2026-03-14 03:13:46.327 edge / status=200 upstream=B rt_ms=30 bytes=38240
2026-03-14 03:13:47.182 edge /api/orders status=200 upstream=B rt_ms=123 bytes=1182
2026-03-14 03:13:48.805 edge /static/style.css status=200 upstream=B rt_ms=371 bytes=13195
2026-03-14 03:13:48.816 edge /api/events status=200 upstream=B rt_ms=71 bytes=5580
2026-03-14 03:13:49.311 edge /api/events status=200 upstream=B rt_ms=78 bytes=40602
2026-03-14 03:13:49.403 edge / status=200 upstream=B rt_ms=190 bytes=16856
2026-03-14 03:13:51.385 edge /api/orders status=200 upstream=B rt_ms=233 bytes=4926
2026-03-14 03:13:53.197 edge / status=502 upstream=B rt_ms=245 bytes=6985
2026-03-14 03:13:57.575 edge /api/events status=502 upstream=B rt_ms=269 bytes=35317
2026-03-14 03:13:58.317 edge /api/orders status=404 upstream=B rt_ms=221 bytes=13064
2026-03-14 03:13:59.684 edge /healthz status=200 upstream=B rt_ms=96 bytes=33802
2026-03-14 03:14:00.157 edge /api/events status=502 upstream=B rt_ms=226 bytes=27741
2026-03-14 03:14:01.277 edge /healthz status=200 upstream=B rt_ms=249 bytes=23603
2026-03-14 03:14:01.575 edge /api/events status=500 upstream=B rt_ms=166 bytes=38930
2026-03-14 03:14:02.110 edge / status=200 upstream=B rt_ms=346 bytes=41531
2026-03-14 03:14:02.823 edge /api/events status=200 upstream=B rt_ms=246 bytes=22811
2026-03-14 03:14:04.134 edge /api/orders status=502 upstream=B rt_ms=98 bytes=10582
2026-03-14 03:14:08.117 edge / status=502 upstream=B rt_ms=39 bytes=3293
2026-03-14 03:14:08.189 edge /static/style.css status=502 upstream=B rt_ms=130 bytes=16962
2026-03-14 03:14:08.262 edge / status=502 upstream=B rt_ms=291 bytes=25927
2026-03-14 03:14:09.267 edge / status=500 upstream=B rt_ms=256 bytes=25609
2026-03-14 03:14:09.324 edge /api/orders status=502 upstream=B rt_ms=188 bytes=4473
2026-03-14 03:14:10.541 edge / status=502 upstream=B rt_ms=344 bytes=6573
2026-03-14 03:14:11.206 edge /api/events status=502 upstream=B rt_ms=351 bytes=25163
2026-03-14 03:14:12.002 edge /healthz status=200 upstream=B rt_ms=317 bytes=12779
2026-03-14 03:14:12.266 edge /api/events status=200 upstream=B rt_ms=342 bytes=25907
2026-03-14 03:14:13.585 edge /healthz status=500 upstream=B rt_ms=139 bytes=21760
2026-03-14 03:14:13.998 edge / status=200 upstream=B rt_ms=382 bytes=26194
2026-03-14 03:14:14.081 edge /api/events status=200 upstream=B rt_ms=307 bytes=1555
2026-03-14 03:14:14.223 edge /api/orders status=502 upstream=B rt_ms=53 bytes=2714
2026-03-14 03:14:15.908 edge / status=200 upstream=B rt_ms=263 bytes=9993
2026-03-14 03:14:16.004 edge /api/orders status=200 upstream=B rt_ms=356 bytes=10188
2026-03-14 03:14:16.540 edge /static/style.css status=200 upstream=B rt_ms=284 bytes=2169
2026-03-14 03:14:16.947 edge /static/style.css status=502 upstream=B rt_ms=82 bytes=447
2026-03-14 03:14:19.529 edge /static/style.css status=500 upstream=B rt_ms=196 bytes=31433
2026-03-14 03:14:19.654 edge /api/orders status=502 upstream=B rt_ms=247 bytes=6182
2026-03-14 03:14:19.865 edge /api/events status=200 upstream=B rt_ms=203 bytes=24703
2026-03-14 03:14:20.533 edge / status=200 upstream=B rt_ms=301 bytes=3302
2026-03-14 03:14:21.215 edge /static/style.css status=200 upstream=B rt_ms=360 bytes=25022
2026-03-14 03:14:22.361 edge / status=200 upstream=B rt_ms=317 bytes=27056
2026-03-14 03:14:22.544 edge /api/events status=200 upstream=B rt_ms=375 bytes=1494
2026-03-14 03:14:23.570 edge /api/orders status=200 upstream=B rt_ms=177 bytes=22499
2026-03-14 03:14:29.022 edge /static/style.css status=200 upstream=B rt_ms=161 bytes=32533
2026-03-14 03:14:29.790 edge /healthz status=502 upstream=B rt_ms=254 bytes=15578
2026-03-14 03:14:29.923 edge /healthz status=404 upstream=B rt_ms=135 bytes=31667
2026-03-14 03:14:30.455 edge /api/orders status=200 upstream=B rt_ms=119 bytes=18495
2026-03-14 03:14:30.679 edge /static/style.css status=200 upstream=B rt_ms=271 bytes=9541
2026-03-14 03:14:32.080 edge / status=200 upstream=B rt_ms=248 bytes=9047
2026-03-14 03:14:35.692 edge /api/orders status=502 upstream=B rt_ms=370 bytes=33328
2026-03-14 03:14:36.289 edge /healthz status=502 upstream=B rt_ms=73 bytes=41976
2026-03-14 03:14:36.579 edge /api/events status=200 upstream=B rt_ms=154 bytes=4638
2026-03-14 03:14:37.766 edge / status=502 upstream=B rt_ms=114 bytes=26235
2026-03-14 03:14:37.905 edge /healthz status=502 upstream=B rt_ms=21 bytes=10182
2026-03-14 03:14:38.553 edge /api/orders status=502 upstream=B rt_ms=195 bytes=26001
2026-03-14 03:14:38.842 edge / status=502 upstream=B rt_ms=256 bytes=29867
2026-03-14 03:14:38.956 edge /healthz status=200 upstream=B rt_ms=275 bytes=39229
2026-03-14 03:14:40.052 edge /api/events status=200 upstream=B rt_ms=292 bytes=36617
2026-03-14 03:14:41.726 edge /static/style.css status=200 upstream=B rt_ms=55 bytes=11264
2026-03-14 03:14:41.960 edge /api/orders status=502 upstream=B rt_ms=247 bytes=27625
2026-03-14 03:14:42.495 edge /api/orders status=502 upstream=B rt_ms=62 bytes=19701
2026-03-14 03:14:43.441 edge /static/style.css status=502 upstream=B rt_ms=165 bytes=2309
2026-03-14 03:14:47.152 edge / status=502 upstream=B rt_ms=356 bytes=21447
2026-03-14 03:14:48.149 edge / status=200 upstream=B rt_ms=303 bytes=34095
2026-03-14 03:14:48.251 edge /api/orders status=500 upstream=B rt_ms=104 bytes=6028
2026-03-14 03:14:48.422 edge / status=200 upstream=B rt_ms=162 bytes=1607
2026-03-14 03:14:50.560 edge /api/events status=200 upstream=B rt_ms=90 bytes=2689
2026-03-14 03:14:50.647 edge /healthz status=200 upstream=B rt_ms=110 bytes=29326
2026-03-14 03:14:50.757 edge /api/events status=200 upstream=B rt_ms=247 bytes=14200
2026-03-14 03:14:52.615 edge /api/events status=200 upstream=B rt_ms=305 bytes=18494
2026-03-14 03:14:53.857 edge /api/events status=502 upstream=B rt_ms=150 bytes=8453
2026-03-14 03:14:54.279 edge /api/orders status=200 upstream=B rt_ms=300 bytes=23557
2026-03-14 03:14:54.558 edge / status=502 upstream=B rt_ms=282 bytes=23021
2026-03-14 03:14:55.869 edge / status=502 upstream=B rt_ms=165 bytes=10732
2026-03-14 03:14:56.497 edge /api/events status=200 upstream=B rt_ms=75 bytes=23861
2026-03-14 03:14:56.832 edge /static/style.css status=200 upstream=B rt_ms=11 bytes=29008
2026-03-14 03:14:56.957 edge /api/events status=200 upstream=B rt_ms=389 bytes=11779
2026-03-14 03:14:57.087 edge /api/orders status=502 upstream=B rt_ms=210 bytes=40411
2026-03-14 03:15:00.178 edge / status=200 upstream=B rt_ms=375 bytes=38115
2026-03-14 03:15:02.910 edge /api/events status=502 upstream=B rt_ms=181 bytes=10932
2026-03-14 03:15:03.049 edge /healthz status=502 upstream=B rt_ms=292 bytes=38191
2026-03-14 03:15:03.075 edge /api/orders status=200 upstream=B rt_ms=334 bytes=27901
2026-03-14 03:15:03.196 edge /api/events status=502 upstream=B rt_ms=254 bytes=4461
2026-03-14 03:15:03.476 edge /api/orders status=200 upstream=B rt_ms=242 bytes=31298
2026-03-14 03:15:05.330 edge /static/style.css status=200 upstream=B rt_ms=168 bytes=8553
2026-03-14 03:15:07.824 edge /healthz status=200 upstream=B rt_ms=362 bytes=12133
2026-03-14 03:15:08.094 edge /api/events status=200 upstream=B rt_ms=156 bytes=34925
2026-03-14 03:15:08.106 edge / status=502 upstream=B rt_ms=130 bytes=16304
2026-03-14 03:15:11.115 edge /api/events status=502 upstream=B rt_ms=288 bytes=27077
2026-03-14 03:15:11.280 edge /static/style.css status=502 upstream=B rt_ms=82 bytes=13866
2026-03-14 03:15:11.685 edge /static/style.css status=502 upstream=B rt_ms=145 bytes=13873
2026-03-14 03:15:12.215 edge /api/events status=200 upstream=B rt_ms=228 bytes=20165
2026-03-14 03:15:12.924 edge /api/orders status=200 upstream=B rt_ms=116 bytes=4163
2026-03-14 03:15:14.371 edge / status=502 upstream=B rt_ms=138 bytes=1605
2026-03-14 03:15:15.484 edge /api/events status=200 upstream=B rt_ms=193 bytes=32170
2026-03-14 03:15:16.187 edge /healthz status=502 upstream=B rt_ms=150 bytes=19043
2026-03-14 03:15:17.103 edge / status=200 upstream=B rt_ms=289 bytes=15432
2026-03-14 03:15:17.263 edge /healthz status=200 upstream=B rt_ms=114 bytes=5016
2026-03-14 03:15:17.276 edge / status=200 upstream=B rt_ms=103 bytes=17463
2026-03-14 03:15:18.526 edge /static/style.css status=404 upstream=B rt_ms=153 bytes=9333
2026-03-14 03:15:19.232 edge /healthz status=200 upstream=B rt_ms=263 bytes=943
2026-03-14 03:15:19.863 edge /healthz status=200 upstream=B rt_ms=44 bytes=9309
2026-03-14 03:15:21.536 edge /api/orders status=404 upstream=B rt_ms=79 bytes=20888
2026-03-14 03:15:25.820 edge /healthz status=404 upstream=B rt_ms=216 bytes=41296
2026-03-14 03:15:25.951 edge /api/orders status=502 upstream=B rt_ms=217 bytes=41608
2026-03-14 03:15:26.798 edge /static/style.css status=200 upstream=B rt_ms=156 bytes=25060
2026-03-14 03:15:29.503 edge /api/events status=502 upstream=B rt_ms=121 bytes=2142
2026-03-14 03:15:29.800 edge /api/events status=200 upstream=B rt_ms=363 bytes=18233
2026-03-14 03:15:31.032 edge /healthz status=502 upstream=B rt_ms=234 bytes=23526
2026-03-14 03:15:32.506 edge /api/orders status=404 upstream=B rt_ms=238 bytes=32870
2026-03-14 03:15:35.137 edge /static/style.css status=200 upstream=B rt_ms=123 bytes=30821
2026-03-14 03:15:35.324 edge /api/events status=200 upstream=B rt_ms=74 bytes=16605
2026-03-14 03:15:35.656 edge /healthz status=502 upstream=B rt_ms=184 bytes=5607
2026-03-14 03:15:37.110 edge /healthz status=502 upstream=B rt_ms=372 bytes=36636
2026-03-14 03:15:37.338 edge /healthz status=502 upstream=B rt_ms=67 bytes=19372
2026-03-14 03:15:37.424 edge /api/events status=200 upstream=B rt_ms=83 bytes=32198
2026-03-14 03:15:38.914 edge / status=200 upstream=B rt_ms=250 bytes=11655
2026-03-14 03:15:39.870 edge /static/style.css status=200 upstream=B rt_ms=257 bytes=2786
2026-03-14 03:15:40.137 edge /healthz status=502 upstream=B rt_ms=299 bytes=23595
2026-03-14 03:15:40.234 edge /healthz status=502 upstream=B rt_ms=68 bytes=27736
2026-03-14 03:15:40.516 edge /api/events status=200 upstream=B rt_ms=214 bytes=10866
2026-03-14 03:15:42.772 edge /healthz status=200 upstream=B rt_ms=107 bytes=19526
2026-03-14 03:15:45.008 edge /static/style.css status=200 upstream=B rt_ms=324 bytes=24779
2026-03-14 03:15:45.913 edge / status=200 upstream=B rt_ms=317 bytes=34570
2026-03-14 03:15:46.309 edge /static/style.css status=200 upstream=B rt_ms=353 bytes=16951
2026-03-14 03:15:46.366 edge /api/orders status=502 upstream=B rt_ms=30 bytes=6335
2026-03-14 03:15:46.941 edge / status=502 upstream=B rt_ms=199 bytes=40519
2026-03-14 03:15:47.027 edge /api/orders status=500 upstream=B rt_ms=269 bytes=5781
2026-03-14 03:15:48.958 edge / status=200 upstream=B rt_ms=250 bytes=16555
2026-03-14 03:15:50.823 edge / status=502 upstream=B rt_ms=152 bytes=18051
2026-03-14 03:15:51.046 edge /healthz status=200 upstream=B rt_ms=304 bytes=7184
2026-03-14 03:15:52.313 edge /api/orders status=200 upstream=B rt_ms=249 bytes=15386
2026-03-14 03:15:52.980 edge / status=200 upstream=B rt_ms=386 bytes=6481
2026-03-14 03:15:53.243 edge / status=200 upstream=B rt_ms=344 bytes=10501
2026-03-14 03:15:53.405 edge /healthz status=200 upstream=B rt_ms=305 bytes=20297
2026-03-14 03:15:53.448 edge /static/style.css status=200 upstream=B rt_ms=212 bytes=40599
2026-03-14 03:15:53.671 edge /healthz status=200 upstream=B rt_ms=210 bytes=22178
2026-03-14 03:15:54.186 edge /api/events status=404 upstream=B rt_ms=5 bytes=35058
2026-03-14 03:15:55.850 edge /healthz status=404 upstream=B rt_ms=281 bytes=3032
2026-03-14 03:15:56.499 edge / status=200 upstream=B rt_ms=302 bytes=9367
2026-03-14 03:15:59.205 edge /static/style.css status=200 upstream=B rt_ms=190 bytes=3276
2026-03-14 03:15:59.565 edge /api/orders status=502 upstream=B rt_ms=229 bytes=37740
2026-03-14 03:16:02.580 edge /api/events status=200 upstream=B rt_ms=162 bytes=4354
2026-03-14 03:16:02.582 edge /api/orders status=200 upstream=B rt_ms=182 bytes=26673
2026-03-14 03:16:03.284 edge / status=200 upstream=B rt_ms=246 bytes=3952
2026-03-14 03:16:04.175 edge /api/orders status=502 upstream=B rt_ms=306 bytes=28309
2026-03-14 03:16:05.295 edge /api/orders status=502 upstream=B rt_ms=391 bytes=40167
2026-03-14 03:16:06.907 edge /static/style.css status=200 upstream=B rt_ms=157 bytes=8128
2026-03-14 03:16:07.847 edge /static/style.css status=200 upstream=B rt_ms=208 bytes=34866
2026-03-14 03:16:08.477 edge /healthz status=200 upstream=B rt_ms=126 bytes=13435
2026-03-14 03:16:08.896 edge /healthz status=200 upstream=B rt_ms=364 bytes=14221
2026-03-14 03:16:09.347 edge /static/style.css status=200 upstream=B rt_ms=332 bytes=10476
2026-03-14 03:16:11.502 edge /api/orders status=502 upstream=B rt_ms=30 bytes=31775
2026-03-14 03:16:12.886 edge /healthz status=200 upstream=B rt_ms=277 bytes=21514
2026-03-14 03:16:13.598 edge /api/events status=502 upstream=B rt_ms=281 bytes=12810
2026-03-14 03:16:15.153 edge /static/style.css status=200 upstream=B rt_ms=20 bytes=41775
2026-03-14 03:16:16.107 edge /healthz status=404 upstream=B rt_ms=28 bytes=16740
2026-03-14 03:16:16.112 edge /static/style.css status=200 upstream=B rt_ms=325 bytes=32328
2026-03-14 03:16:19.714 edge /healthz status=200 upstream=B rt_ms=314 bytes=10060
2026-03-14 03:16:20.239 edge /healthz status=200 upstream=B rt_ms=38 bytes=3776
2026-03-14 03:16:20.755 edge /healthz status=200 upstream=B rt_ms=138 bytes=13591
2026-03-14 03:16:21.047 edge / status=200 upstream=B rt_ms=354 bytes=10688
2026-03-14 03:16:21.822 edge /api/orders status=502 upstream=B rt_ms=84 bytes=13912
2026-03-14 03:16:24.071 edge /healthz status=500 upstream=B rt_ms=374 bytes=24160
2026-03-14 03:16:24.239 edge /healthz status=500 upstream=B rt_ms=346 bytes=17784
2026-03-14 03:16:26.318 edge /healthz status=200 upstream=B rt_ms=302 bytes=19169
2026-03-14 03:16:26.360 edge /static/style.css status=200 upstream=B rt_ms=346 bytes=12359
2026-03-14 03:16:27.450 edge /api/events status=502 upstream=B rt_ms=72 bytes=24323
2026-03-14 03:16:28.367 edge /healthz status=502 upstream=B rt_ms=363 bytes=6890
2026-03-14 03:16:31.044 edge / status=200 upstream=B rt_ms=72 bytes=13506
2026-03-14 03:16:31.392 edge /healthz status=500 upstream=B rt_ms=55 bytes=22210
2026-03-14 03:16:32.275 edge /api/events status=200 upstream=B rt_ms=233 bytes=6043
2026-03-14 03:16:32.453 edge /api/orders status=502 upstream=B rt_ms=45 bytes=33398
2026-03-14 03:16:34.984 edge / status=200 upstream=B rt_ms=57 bytes=38539
2026-03-14 03:16:36.706 edge /api/orders status=404 upstream=B rt_ms=222 bytes=1362
2026-03-14 03:16:37.041 edge /static/style.css status=200 upstream=B rt_ms=345 bytes=795
2026-03-14 03:16:38.736 edge /api/events status=502 upstream=B rt_ms=47 bytes=27591
2026-03-14 03:16:39.464 edge /api/events status=404 upstream=B rt_ms=341 bytes=24514
2026-03-14 03:16:40.056 edge /static/style.css status=502 upstream=B rt_ms=103 bytes=24267
2026-03-14 03:16:40.637 edge /healthz status=200 upstream=B rt_ms=91 bytes=36300
2026-03-14 03:16:40.925 edge /api/orders status=200 upstream=B rt_ms=107 bytes=7479
2026-03-14 03:16:42.361 edge /api/events status=200 upstream=B rt_ms=384 bytes=3500
2026-03-14 03:16:43.429 edge /static/style.css status=502 upstream=B rt_ms=332 bytes=26609
2026-03-14 03:16:45.143 edge /static/style.css status=500 upstream=B rt_ms=60 bytes=21929
2026-03-14 03:16:45.148 edge / status=200 upstream=B rt_ms=299 bytes=28475
2026-03-14 03:16:47.983 edge /api/orders status=404 upstream=B rt_ms=234 bytes=8914
2026-03-14 03:16:48.987 edge / status=502 upstream=B rt_ms=189 bytes=33220
2026-03-14 03:16:49.272 edge /api/orders status=502 upstream=B rt_ms=35 bytes=13379
2026-03-14 03:16:51.032 edge / status=200 upstream=B rt_ms=134 bytes=24241
2026-03-14 03:16:51.262 edge /static/style.css status=200 upstream=B rt_ms=187 bytes=38645
2026-03-14 03:16:51.941 edge /api/orders status=200 upstream=B rt_ms=298 bytes=30325
2026-03-14 03:16:54.219 edge / status=200 upstream=B rt_ms=399 bytes=9293
2026-03-14 03:16:54.805 edge /api/orders status=200 upstream=B rt_ms=251 bytes=5917
2026-03-14 03:16:57.414 edge /healthz status=200 upstream=B rt_ms=389 bytes=7316
2026-03-14 03:16:57.980 edge /api/events status=200 upstream=B rt_ms=300 bytes=16725
2026-03-14 03:16:58.303 edge /api/orders status=200 upstream=B rt_ms=382 bytes=5713
2026-03-14 03:17:01.347 edge /api/events status=200 upstream=B rt_ms=259 bytes=40322
2026-03-14 03:17:02.970 edge /healthz status=200 upstream=B rt_ms=31 bytes=14941
2026-03-14 03:17:04.768 edge /healthz status=502 upstream=B rt_ms=171 bytes=16119
2026-03-14 03:17:04.796 edge /healthz status=200 upstream=B rt_ms=20 bytes=7647
2026-03-14 03:17:05.407 edge /healthz status=502 upstream=B rt_ms=303 bytes=29359
2026-03-14 03:17:06.516 edge /healthz status=200 upstream=B rt_ms=45 bytes=23488
2026-03-14 03:17:07.578 edge /api/events status=200 upstream=B rt_ms=113 bytes=15379
2026-03-14 03:17:08.354 edge /api/orders status=502 upstream=B rt_ms=376 bytes=32890
2026-03-14 03:17:08.618 edge /api/events status=502 upstream=B rt_ms=279 bytes=35861
2026-03-14 03:17:09.561 edge / status=404 upstream=B rt_ms=166 bytes=34797
2026-03-14 03:17:11.982 edge /api/orders status=502 upstream=B rt_ms=386 bytes=23157
2026-03-14 03:17:12.099 edge /api/events status=200 upstream=B rt_ms=86 bytes=16749
2026-03-14 03:17:17.325 edge /api/events status=500 upstream=B rt_ms=34 bytes=16887
2026-03-14 03:17:18.669 edge /static/style.css status=200 upstream=B rt_ms=61 bytes=17612
2026-03-14 03:17:21.483 edge / status=200 upstream=B rt_ms=342 bytes=28252
2026-03-14 03:17:21.934 edge /api/events status=502 upstream=B rt_ms=105 bytes=27006
2026-03-14 03:17:27.497 edge /api/events status=200 upstream=B rt_ms=375 bytes=39649
2026-03-14 03:17:28.294 edge /api/orders status=500 upstream=B rt_ms=82 bytes=37532
2026-03-14 03:17:29.205 edge /healthz status=502 upstream=B rt_ms=222 bytes=11380
2026-03-14 03:17:31.241 edge /api/orders status=200 upstream=B rt_ms=242 bytes=39337
2026-03-14 03:17:32.323 edge /api/events status=200 upstream=B rt_ms=330 bytes=32102
2026-03-14 03:17:34.201 edge /healthz status=502 upstream=B rt_ms=64 bytes=5143
2026-03-14 03:17:34.445 edge /api/events status=500 upstream=B rt_ms=376 bytes=11553
2026-03-14 03:17:35.156 edge /static/style.css status=502 upstream=B rt_ms=138 bytes=38690
2026-03-14 03:17:36.528 edge /api/events status=502 upstream=B rt_ms=200 bytes=13220
2026-03-14 03:17:38.722 edge / status=502 upstream=B rt_ms=263 bytes=29746
2026-03-14 03:17:40.609 edge / status=200 upstream=B rt_ms=37 bytes=6116
2026-03-14 03:17:40.963 edge /healthz status=200 upstream=B rt_ms=321 bytes=36252
2026-03-14 03:17:44.778 edge /healthz status=502 upstream=B rt_ms=287 bytes=19178
2026-03-14 03:17:48.740 edge /static/style.css status=200 upstream=B rt_ms=330 bytes=30636
2026-03-14 03:17:48.861 edge /api/orders status=502 upstream=B rt_ms=231 bytes=39537
2026-03-14 03:17:50.025 edge /api/orders status=200 upstream=B rt_ms=317 bytes=39105
2026-03-14 03:17:50.217 edge /healthz status=200 upstream=B rt_ms=352 bytes=30104
2026-03-14 03:17:51.635 edge /api/events status=502 upstream=B rt_ms=174 bytes=588
2026-03-14 03:17:52.274 edge /healthz status=200 upstream=B rt_ms=393 bytes=24852
2026-03-14 03:17:53.435 edge /api/orders status=502 upstream=B rt_ms=127 bytes=3100
2026-03-14 03:17:54.010 edge /api/orders status=502 upstream=B rt_ms=351 bytes=31150
2026-03-14 03:17:54.270 edge /api/events status=502 upstream=B rt_ms=320 bytes=32164
2026-03-14 03:17:54.675 edge /static/style.css status=200 upstream=B rt_ms=222 bytes=11760
2026-03-14 03:17:55.484 edge / status=200 upstream=B rt_ms=303 bytes=25593
2026-03-14 03:17:55.757 edge /api/events status=200 upstream=B rt_ms=20 bytes=7131
2026-03-14 03:17:56.104 edge / status=502 upstream=B rt_ms=108 bytes=12448
2026-03-14 03:17:57.152 edge /api/events status=404 upstream=B rt_ms=126 bytes=36352
2026-03-14 03:17:57.313 edge / status=404 upstream=B rt_ms=305 bytes=36515
2026-03-14 03:17:57.513 edge /static/style.css status=502 upstream=B rt_ms=103 bytes=18205
2026-03-14 03:18:01.026 edge /static/style.css status=200 upstream=B rt_ms=95 bytes=34608
2026-03-14 03:18:01.755 edge /api/orders status=502 upstream=B rt_ms=309 bytes=39782
2026-03-14 03:18:01.835 edge /static/style.css status=200 upstream=B rt_ms=277 bytes=12920
2026-03-14 03:18:02.013 edge /api/events status=200 upstream=B rt_ms=394 bytes=15164
2026-03-14 03:18:03.131 edge /healthz status=200 upstream=B rt_ms=61 bytes=38288
2026-03-14 03:18:03.560 edge /api/events status=502 upstream=B rt_ms=148 bytes=20443
2026-03-14 03:18:04.285 edge /api/orders status=200 upstream=B rt_ms=187 bytes=41138
2026-03-14 03:18:05.657 edge /static/style.css status=502 upstream=B rt_ms=213 bytes=21277
2026-03-14 03:18:05.739 edge /static/style.css status=200 upstream=B rt_ms=360 bytes=30657
2026-03-14 03:18:10.558 edge /api/orders status=502 upstream=B rt_ms=224 bytes=5531
2026-03-14 03:18:11.059 edge /api/events status=200 upstream=B rt_ms=231 bytes=41700
2026-03-14 03:18:12.688 edge /static/style.css status=502 upstream=B rt_ms=6 bytes=24138
2026-03-14 03:18:12.739 edge /api/events status=200 upstream=B rt_ms=108 bytes=40907
2026-03-14 03:18:12.895 edge /static/style.css status=502 upstream=B rt_ms=243 bytes=24513
2026-03-14 03:18:13.276 edge /static/style.css status=200 upstream=B rt_ms=256 bytes=1918
2026-03-14 03:18:14.180 edge / status=200 upstream=B rt_ms=183 bytes=9734
2026-03-14 03:18:14.292 edge /healthz status=502 upstream=B rt_ms=361 bytes=12518
2026-03-14 03:18:15.671 edge /static/style.css status=200 upstream=B rt_ms=393 bytes=35798
2026-03-14 03:18:15.853 edge /api/events status=502 upstream=B rt_ms=168 bytes=2227
2026-03-14 03:18:15.900 edge /static/style.css status=200 upstream=B rt_ms=375 bytes=24807
2026-03-14 03:18:19.908 edge /healthz status=200 upstream=B rt_ms=54 bytes=16678
2026-03-14 03:18:21.457 edge /api/orders status=502 upstream=B rt_ms=297 bytes=38467
2026-03-14 03:18:21.900 edge /api/events status=200 upstream=B rt_ms=295 bytes=30609
2026-03-14 03:18:22.569 edge /api/events status=502 upstream=B rt_ms=20 bytes=24643
2026-03-14 03:18:24.708 edge /static/style.css status=200 upstream=B rt_ms=196 bytes=2439
2026-03-14 03:18:25.093 edge /healthz status=502 upstream=B rt_ms=121 bytes=34068
2026-03-14 03:18:25.637 edge / status=502 upstream=B rt_ms=3 bytes=32948
2026-03-14 03:18:25.999 edge /static/style.css status=200 upstream=B rt_ms=41 bytes=30201
2026-03-14 03:18:26.069 edge /static/style.css status=502 upstream=B rt_ms=387 bytes=41645
2026-03-14 03:18:26.448 edge / status=502 upstream=B rt_ms=28 bytes=27400
2026-03-14 03:18:29.029 edge /api/events status=500 upstream=B rt_ms=136 bytes=30358
2026-03-14 03:18:29.500 edge / status=502 upstream=B rt_ms=240 bytes=2810
2026-03-14 03:18:29.612 edge /api/events status=502 upstream=B rt_ms=310 bytes=36020
2026-03-14 03:18:31.788 edge /healthz status=200 upstream=B rt_ms=274 bytes=22186
2026-03-14 03:18:33.084 edge /api/events status=502 upstream=B rt_ms=140 bytes=26183
2026-03-14 03:18:34.019 edge /static/style.css status=200 upstream=B rt_ms=191 bytes=39996
2026-03-14 03:18:34.664 edge /api/events status=200 upstream=B rt_ms=233 bytes=24345
2026-03-14 03:18:34.881 edge /api/events status=200 upstream=B rt_ms=382 bytes=14759
2026-03-14 03:18:35.698 edge /api/events status=502 upstream=B rt_ms=143 bytes=12931
2026-03-14 03:18:39.634 edge /api/orders status=502 upstream=B rt_ms=113 bytes=34885
2026-03-14 03:18:40.202 edge /healthz status=502 upstream=B rt_ms=277 bytes=37359
2026-03-14 03:18:40.891 edge /api/events status=500 upstream=B rt_ms=176 bytes=14918
2026-03-14 03:18:45.347 edge /api/orders status=502 upstream=B rt_ms=4 bytes=2039
2026-03-14 03:18:46.345 edge /static/style.css status=200 upstream=B rt_ms=123 bytes=10869
2026-03-14 03:18:48.001 edge /static/style.css status=502 upstream=B rt_ms=326 bytes=3347
2026-03-14 03:18:48.934 edge /static/style.css status=500 upstream=B rt_ms=292 bytes=6650
2026-03-14 03:18:51.365 edge /static/style.css status=502 upstream=B rt_ms=110 bytes=12932
2026-03-14 03:18:51.494 edge /api/orders status=502 upstream=B rt_ms=68 bytes=25310
2026-03-14 03:18:52.015 edge /healthz status=502 upstream=B rt_ms=296 bytes=14037
2026-03-14 03:18:52.631 edge /api/orders status=502 upstream=B rt_ms=19 bytes=39499
2026-03-14 03:18:55.097 edge /static/style.css status=502 upstream=B rt_ms=380 bytes=36073
2026-03-14 03:18:55.652 edge /healthz status=502 upstream=B rt_ms=115 bytes=24743
2026-03-14 03:18:58.513 edge /api/orders status=502 upstream=B rt_ms=397 bytes=33419
2026-03-14 03:18:58.650 edge /api/events status=200 upstream=B rt_ms=88 bytes=24115
2026-03-14 03:18:59.469 edge / status=200 upstream=B rt_ms=98 bytes=33743
2026-03-14 03:19:00.609 edge / status=502 upstream=B rt_ms=209 bytes=785
2026-03-14 03:19:00.741 edge /healthz status=200 upstream=B rt_ms=297 bytes=31458
2026-03-14 03:19:03.353 edge /healthz status=502 upstream=B rt_ms=265 bytes=41778
2026-03-14 03:19:04.980 edge / status=200 upstream=B rt_ms=93 bytes=205
2026-03-14 03:19:05.648 edge /api/events status=502 upstream=B rt_ms=78 bytes=19991
2026-03-14 03:19:06.175 edge /api/orders status=200 upstream=B rt_ms=321 bytes=18037
2026-03-14 03:19:08.880 edge /healthz status=502 upstream=B rt_ms=299 bytes=16244
2026-03-14 03:19:12.745 edge /static/style.css status=200 upstream=B rt_ms=313 bytes=37085
2026-03-14 03:19:13.021 edge /healthz status=500 upstream=B rt_ms=53 bytes=36073
2026-03-14 03:19:14.638 edge /static/style.css status=404 upstream=B rt_ms=230 bytes=8793
2026-03-14 03:19:14.899 edge /healthz status=200 upstream=B rt_ms=46 bytes=18149
2026-03-14 03:19:16.396 edge / status=502 upstream=B rt_ms=235 bytes=35103
2026-03-14 03:19:16.416 edge / status=502 upstream=B rt_ms=317 bytes=31016
2026-03-14 03:19:16.843 edge /static/style.css status=500 upstream=B rt_ms=305 bytes=37667
2026-03-14 03:19:19.324 edge /healthz status=200 upstream=B rt_ms=291 bytes=6610
2026-03-14 03:19:19.473 edge /healthz status=200 upstream=B rt_ms=3 bytes=10206
2026-03-14 03:19:22.294 edge /api/orders status=200 upstream=B rt_ms=209 bytes=18025
2026-03-14 03:19:24.029 edge /healthz status=200 upstream=B rt_ms=343 bytes=38279
2026-03-14 03:19:25.449 edge / status=200 upstream=B rt_ms=227 bytes=18284
2026-03-14 03:19:28.217 edge /api/events status=502 upstream=B rt_ms=376 bytes=22725
2026-03-14 03:19:30.635 edge /healthz status=502 upstream=B rt_ms=12 bytes=11996
2026-03-14 03:19:33.476 edge / status=502 upstream=B rt_ms=346 bytes=24235
2026-03-14 03:19:34.236 edge /api/orders status=200 upstream=B rt_ms=189 bytes=40357
2026-03-14 03:19:34.902 edge /api/orders status=200 upstream=B rt_ms=292 bytes=34692
2026-03-14 03:19:37.458 edge / status=502 upstream=B rt_ms=116 bytes=24800
2026-03-14 03:19:37.652 edge / status=200 upstream=B rt_ms=349 bytes=11577
2026-03-14 03:19:37.956 edge /healthz status=502 upstream=B rt_ms=205 bytes=39316
2026-03-14 03:19:38.330 edge /static/style.css status=200 upstream=B rt_ms=306 bytes=36595
2026-03-14 03:19:41.913 edge /api/orders status=200 upstream=B rt_ms=133 bytes=12146
2026-03-14 03:19:43.152 edge /api/events status=502 upstream=B rt_ms=110 bytes=18460
2026-03-14 03:19:43.523 edge /api/orders status=502 upstream=B rt_ms=371 bytes=17154
2026-03-14 03:19:45.137 edge /static/style.css status=200 upstream=B rt_ms=190 bytes=20246
2026-03-14 03:19:47.020 edge /static/style.css status=200 upstream=B rt_ms=172 bytes=33195
2026-03-14 03:19:47.396 edge /api/events status=500 upstream=B rt_ms=360 bytes=6409
2026-03-14 03:19:48.097 edge /healthz status=502 upstream=B rt_ms=144 bytes=7846
2026-03-14 03:19:50.350 edge /api/events status=502 upstream=B rt_ms=59 bytes=24324
2026-03-14 03:19:51.103 edge /healthz status=200 upstream=B rt_ms=296 bytes=12192
2026-03-14 03:19:51.576 edge / status=200 upstream=B rt_ms=28 bytes=21480
2026-03-14 03:19:52.051 edge /static/style.css status=200 upstream=B rt_ms=190 bytes=27449
2026-03-14 03:19:52.724 edge /api/events status=500 upstream=B rt_ms=241 bytes=26798
2026-03-14 03:19:54.714 edge /healthz status=502 upstream=B rt_ms=70 bytes=5177
2026-03-14 03:19:55.025 edge /static/style.css status=502 upstream=B rt_ms=219 bytes=19087
2026-03-14 03:19:55.139 edge /healthz status=200 upstream=B rt_ms=395 bytes=31308
2026-03-14 03:19:59.557 edge /healthz status=200 upstream=B rt_ms=159 bytes=6411
2026-03-14 03:20:04.683 edge /api/events status=502 upstream=B rt_ms=384 bytes=7743
2026-03-14 03:20:04.974 edge /healthz status=200 upstream=B rt_ms=282 bytes=22702
2026-03-14 03:20:05.579 edge / status=502 upstream=B rt_ms=138 bytes=36924
2026-03-14 03:20:06.212 edge /static/style.css status=502 upstream=B rt_ms=173 bytes=31130
2026-03-14 03:20:07.829 edge /static/style.css status=502 upstream=B rt_ms=168 bytes=41167
2026-03-14 03:20:08.234 edge /api/orders status=200 upstream=B rt_ms=266 bytes=37402
2026-03-14 03:20:08.749 edge /api/events status=502 upstream=B rt_ms=200 bytes=5597
2026-03-14 03:20:09.277 edge /healthz status=502 upstream=B rt_ms=69 bytes=28768
2026-03-14 03:20:09.286 edge /api/events status=200 upstream=B rt_ms=312 bytes=12304
2026-03-14 03:20:09.794 edge /static/style.css status=200 upstream=B rt_ms=49 bytes=35675
2026-03-14 03:20:10.942 edge /api/orders status=200 upstream=B rt_ms=215 bytes=38093
2026-03-14 03:20:10.991 edge /api/orders status=502 upstream=B rt_ms=160 bytes=18389
2026-03-14 03:20:11.818 edge /api/orders status=502 upstream=B rt_ms=35 bytes=20227
2026-03-14 03:20:12.193 edge /api/orders status=200 upstream=B rt_ms=337 bytes=3954
2026-03-14 03:20:13.289 edge /healthz status=200 upstream=B rt_ms=370 bytes=41895
2026-03-14 03:20:13.747 edge /static/style.css status=502 upstream=B rt_ms=75 bytes=16654
2026-03-14 03:20:13.751 edge /api/orders status=200 upstream=B rt_ms=383 bytes=11108
2026-03-14 03:20:14.222 edge /static/style.css status=502 upstream=B rt_ms=255 bytes=35442
2026-03-14 03:20:14.530 edge /api/orders status=200 upstream=B rt_ms=311 bytes=31380
2026-03-14 03:20:15.193 edge /api/events status=502 upstream=B rt_ms=259 bytes=17297
2026-03-14 03:20:15.483 edge / status=502 upstream=B rt_ms=81 bytes=41167
2026-03-14 03:20:16.357 edge /api/events status=200 upstream=B rt_ms=253 bytes=24460
2026-03-14 03:20:17.328 edge /api/events status=200 upstream=B rt_ms=289 bytes=41784
2026-03-14 03:20:18.032 edge /api/orders status=502 upstream=B rt_ms=309 bytes=37536
2026-03-14 03:20:20.415 edge /api/events status=200 upstream=B rt_ms=177 bytes=13116
2026-03-14 03:20:20.513 edge /healthz status=502 upstream=B rt_ms=29 bytes=36271
2026-03-14 03:20:20.684 edge / status=200 upstream=B rt_ms=293 bytes=20931
2026-03-14 03:20:23.483 edge /static/style.css status=200 upstream=B rt_ms=346 bytes=1878
2026-03-14 03:20:25.122 edge /healthz status=200 upstream=B rt_ms=182 bytes=2026
2026-03-14 03:20:25.386 edge /healthz status=200 upstream=B rt_ms=256 bytes=2524
2026-03-14 03:20:25.577 edge /api/orders status=502 upstream=B rt_ms=162 bytes=32874
2026-03-14 03:20:26.370 edge / status=200 upstream=B rt_ms=77 bytes=41556
2026-03-14 03:20:26.523 edge / status=200 upstream=B rt_ms=177 bytes=4291
2026-03-14 03:20:27.437 edge /healthz status=404 upstream=B rt_ms=129 bytes=7007
2026-03-14 03:20:28.068 edge /static/style.css status=200 upstream=B rt_ms=313 bytes=29494
2026-03-14 03:20:29.390 edge /healthz status=502 upstream=B rt_ms=108 bytes=41722
2026-03-14 03:20:29.760 edge / status=502 upstream=B rt_ms=47 bytes=3322
2026-03-14 03:20:30.250 edge / status=200 upstream=B rt_ms=206 bytes=13582
2026-03-14 03:20:31.602 edge /api/orders status=200 upstream=B rt_ms=358 bytes=2986
2026-03-14 03:20:32.175 edge /healthz status=200 upstream=B rt_ms=344 bytes=9213
2026-03-14 03:20:40.227 edge /static/style.css status=502 upstream=B rt_ms=334 bytes=6749
2026-03-14 03:20:44.231 edge / status=200 upstream=B rt_ms=213 bytes=16614
2026-03-14 03:20:44.770 edge /api/events status=200 upstream=B rt_ms=351 bytes=37175
2026-03-14 03:20:45.334 edge /api/events status=500 upstream=B rt_ms=356 bytes=31962
2026-03-14 03:20:47.758 edge / status=502 upstream=B rt_ms=91 bytes=38323
2026-03-14 03:20:50.359 edge / status=502 upstream=B rt_ms=348 bytes=27350
2026-03-14 03:20:51.606 edge / status=502 upstream=B rt_ms=103 bytes=27550
2026-03-14 03:21:00.542 edge /api/orders status=502 upstream=B rt_ms=173 bytes=27399
2026-03-14 03:21:00.896 edge /api/orders status=502 upstream=B rt_ms=36 bytes=5152
2026-03-14 03:21:04.108 edge /healthz status=502 upstream=B rt_ms=133 bytes=6568
2026-03-14 03:21:04.887 edge /api/orders status=200 upstream=B rt_ms=18 bytes=21148
2026-03-14 03:21:06.091 edge /static/style.css status=200 upstream=B rt_ms=109 bytes=14768
2026-03-14 03:21:06.366 edge /api/orders status=200 upstream=B rt_ms=392 bytes=32058
2026-03-14 03:21:07.178 edge /healthz status=200 upstream=B rt_ms=239 bytes=40195
2026-03-14 03:21:07.793 edge /healthz status=200 upstream=B rt_ms=175 bytes=579
2026-03-14 03:21:08.966 edge /healthz status=502 upstream=B rt_ms=222 bytes=27665
2026-03-14 03:21:12.373 edge /api/events status=200 upstream=B rt_ms=81 bytes=20137
2026-03-14 03:21:14.139 edge /healthz status=200 upstream=B rt_ms=197 bytes=41784
2026-03-14 03:21:15.291 edge / status=200 upstream=B rt_ms=300 bytes=29003
2026-03-14 03:21:15.561 edge /api/events status=200 upstream=B rt_ms=322 bytes=26324
2026-03-14 03:21:16.118 edge /api/events status=200 upstream=B rt_ms=8 bytes=24157
2026-03-14 03:21:17.621 edge / status=200 upstream=B rt_ms=278 bytes=9213
2026-03-14 03:21:19.037 edge /static/style.css status=200 upstream=B rt_ms=120 bytes=15609
2026-03-14 03:21:19.295 edge / status=502 upstream=B rt_ms=289 bytes=26656
2026-03-14 03:21:22.659 edge / status=404 upstream=B rt_ms=167 bytes=24555
2026-03-14 03:21:23.200 edge /static/style.css status=502 upstream=B rt_ms=153 bytes=11759
2026-03-14 03:21:24.573 edge /api/events status=502 upstream=B rt_ms=170 bytes=34879
2026-03-14 03:21:24.844 edge /healthz status=200 upstream=B rt_ms=264 bytes=4784
2026-03-14 03:21:24.884 edge /healthz status=200 upstream=B rt_ms=172 bytes=21779
2026-03-14 03:21:25.447 edge /static/style.css status=200 upstream=B rt_ms=214 bytes=22500
2026-03-14 03:21:25.670 edge / status=404 upstream=B rt_ms=114 bytes=8167
2026-03-14 03:21:25.812 edge /api/orders status=502 upstream=B rt_ms=264 bytes=17268
2026-03-14 03:21:26.128 edge / status=200 upstream=B rt_ms=220 bytes=2964
2026-03-14 03:21:26.386 edge /api/events status=404 upstream=B rt_ms=171 bytes=31048
2026-03-14 03:21:27.256 edge /healthz status=502 upstream=B rt_ms=27 bytes=26238
2026-03-14 03:21:27.282 edge /healthz status=502 upstream=B rt_ms=154 bytes=28648
2026-03-14 03:21:29.419 edge /healthz status=502 upstream=B rt_ms=268 bytes=24065
2026-03-14 03:21:30.282 edge /static/style.css status=200 upstream=B rt_ms=160 bytes=26684
2026-03-14 03:21:30.872 edge /healthz status=502 upstream=B rt_ms=399 bytes=11027
2026-03-14 03:21:31.233 edge / status=200 upstream=B rt_ms=332 bytes=18325
2026-03-14 03:21:32.230 edge /healthz status=500 upstream=B rt_ms=188 bytes=34667
2026-03-14 03:21:32.413 edge / status=200 upstream=B rt_ms=281 bytes=5681
2026-03-14 03:21:32.703 edge /static/style.css status=200 upstream=B rt_ms=318 bytes=39529
2026-03-14 03:21:33.300 edge /static/style.css status=502 upstream=B rt_ms=107 bytes=28236
2026-03-14 03:21:36.611 edge /static/style.css status=200 upstream=B rt_ms=215 bytes=28834
2026-03-14 03:21:37.650 edge /healthz status=200 upstream=B rt_ms=312 bytes=38694
2026-03-14 03:21:38.706 edge /api/events status=200 upstream=B rt_ms=144 bytes=36833
2026-03-14 03:21:42.346 edge /static/style.css status=200 upstream=B rt_ms=165 bytes=34999
2026-03-14 03:21:43.253 edge /healthz status=200 upstream=B rt_ms=81 bytes=21388
2026-03-14 03:21:43.453 edge /static/style.css status=502 upstream=B rt_ms=160 bytes=33558
2026-03-14 03:21:45.900 edge / status=502 upstream=B rt_ms=12 bytes=2034
2026-03-14 03:21:46.532 edge /healthz status=200 upstream=B rt_ms=342 bytes=27395
2026-03-14 03:21:47.231 edge /api/events status=200 upstream=B rt_ms=391 bytes=12314
2026-03-14 03:21:48.204 edge /api/events status=200 upstream=B rt_ms=58 bytes=2104
2026-03-14 03:21:48.332 edge /static/style.css status=502 upstream=B rt_ms=349 bytes=4243
2026-03-14 03:21:49.874 edge /static/style.css status=200 upstream=B rt_ms=290 bytes=30339
2026-03-14 03:21:54.701 edge /healthz status=502 upstream=B rt_ms=172 bytes=14796
2026-03-14 03:21:55.572 edge / status=200 upstream=B rt_ms=142 bytes=8770
2026-03-14 03:21:56.550 edge / status=502 upstream=B rt_ms=225 bytes=22344
2026-03-14 03:21:57.810 edge /api/orders status=200 upstream=B rt_ms=138 bytes=30961
2026-03-14 03:21:59.184 edge / status=200 upstream=B rt_ms=104 bytes=34773
2026-03-14 03:21:59.795 edge /static/style.css status=200 upstream=B rt_ms=361 bytes=41981
2026-03-14 03:22:00.701 edge / status=200 upstream=B rt_ms=333 bytes=285
2026-03-14 03:22:02.595 edge / status=200 upstream=B rt_ms=246 bytes=34115
2026-03-14 03:22:02.850 edge /api/orders status=200 upstream=B rt_ms=13 bytes=17104
2026-03-14 03:22:03.376 edge /api/orders status=500 upstream=B rt_ms=86 bytes=12718
2026-03-14 03:22:06.040 edge /healthz status=502 upstream=B rt_ms=312 bytes=26190
2026-03-14 03:22:08.321 edge /static/style.css status=200 upstream=B rt_ms=217 bytes=22827
2026-03-14 03:22:12.932 edge /api/events status=200 upstream=B rt_ms=368 bytes=32626
2026-03-14 03:22:14.674 edge /api/orders status=200 upstream=B rt_ms=138 bytes=36551
2026-03-14 03:22:14.874 edge /healthz status=200 upstream=B rt_ms=79 bytes=16593
2026-03-14 03:22:17.126 edge /healthz status=502 upstream=B rt_ms=342 bytes=40815
2026-03-14 03:22:17.577 edge /api/events status=502 upstream=B rt_ms=248 bytes=15010
2026-03-14 03:22:17.673 edge /static/style.css status=502 upstream=B rt_ms=348 bytes=23117
2026-03-14 03:22:20.486 edge /api/events status=502 upstream=B rt_ms=248 bytes=7350
2026-03-14 03:22:21.784 edge / status=200 upstream=B rt_ms=30 bytes=41206
2026-03-14 03:22:24.757 edge /api/events status=200 upstream=B rt_ms=199 bytes=20740
2026-03-14 03:22:26.991 edge /static/style.css status=200 upstream=B rt_ms=109 bytes=37817
2026-03-14 03:22:28.603 edge /healthz status=404 upstream=B rt_ms=161 bytes=13754
2026-03-14 03:22:29.350 edge /healthz status=502 upstream=B rt_ms=151 bytes=6143
2026-03-14 03:22:30.886 edge /api/events status=200 upstream=B rt_ms=59 bytes=27125
2026-03-14 03:22:30.946 edge /api/orders status=200 upstream=B rt_ms=28 bytes=35092
2026-03-14 03:22:31.100 edge /healthz status=502 upstream=B rt_ms=151 bytes=29355
2026-03-14 03:22:31.428 edge /healthz status=502 upstream=B rt_ms=57 bytes=5783
2026-03-14 03:22:31.531 edge /api/orders status=200 upstream=B rt_ms=19 bytes=20109
2026-03-14 03:22:33.180 edge / status=500 upstream=B rt_ms=212 bytes=9938
2026-03-14 03:22:33.299 edge /healthz status=502 upstream=B rt_ms=86 bytes=21444
2026-03-14 03:22:33.618 edge /api/events status=404 upstream=B rt_ms=334 bytes=25800
2026-03-14 03:22:33.629 edge /api/orders status=200 upstream=B rt_ms=389 bytes=25928
2026-03-14 03:22:34.448 edge / status=500 upstream=B rt_ms=142 bytes=30220
2026-03-14 03:22:35.553 edge / status=502 upstream=B rt_ms=160 bytes=14238
2026-03-14 03:22:37.097 edge / status=200 upstream=B rt_ms=368 bytes=26989
2026-03-14 03:22:37.669 edge /healthz status=200 upstream=B rt_ms=258 bytes=27646
2026-03-14 03:22:38.430 edge /api/events status=200 upstream=B rt_ms=328 bytes=30729
2026-03-14 03:22:40.213 edge /healthz status=404 upstream=B rt_ms=74 bytes=30296
2026-03-14 03:22:41.637 edge / status=502 upstream=B rt_ms=79 bytes=32029
2026-03-14 03:22:42.353 edge /api/orders status=200 upstream=B rt_ms=234 bytes=4151
2026-03-14 03:22:44.653 edge /healthz status=502 upstream=B rt_ms=334 bytes=6180
2026-03-14 03:22:45.433 edge /api/events status=502 upstream=B rt_ms=273 bytes=40281
2026-03-14 03:22:45.573 edge / status=502 upstream=B rt_ms=175 bytes=21134
2026-03-14 03:22:48.123 edge /api/orders status=200 upstream=B rt_ms=361 bytes=39352
2026-03-14 03:22:48.763 edge /api/orders status=200 upstream=B rt_ms=362 bytes=16330
2026-03-14 03:22:51.432 edge /static/style.css status=200 upstream=B rt_ms=148 bytes=38450
2026-03-14 03:22:51.470 edge /api/orders status=200 upstream=B rt_ms=30 bytes=35769
2026-03-14 03:22:51.509 edge /static/style.css status=502 upstream=B rt_ms=377 bytes=29747
2026-03-14 03:22:56.420 edge /api/orders status=404 upstream=B rt_ms=49 bytes=37757
2026-03-14 03:22:56.675 edge /api/events status=502 upstream=B rt_ms=98 bytes=29940
2026-03-14 03:22:59.221 edge /static/style.css status=502 upstream=B rt_ms=179 bytes=2643
2026-03-14 03:22:59.747 edge /healthz status=200 upstream=B rt_ms=311 bytes=33343
2026-03-14 03:23:01.864 edge /static/style.css status=502 upstream=B rt_ms=285 bytes=30527
2026-03-14 03:23:05.020 edge /static/style.css status=200 upstream=B rt_ms=236 bytes=10794
2026-03-14 03:23:05.034 edge /api/orders status=200 upstream=B rt_ms=391 bytes=22514
2026-03-14 03:23:05.373 edge /healthz status=500 upstream=B rt_ms=15 bytes=31593
2026-03-14 03:23:05.735 edge /static/style.css status=200 upstream=B rt_ms=89 bytes=17236
2026-03-14 03:23:05.765 edge /api/orders status=200 upstream=B rt_ms=235 bytes=38887
2026-03-14 03:23:07.808 edge /api/events status=404 upstream=B rt_ms=386 bytes=21438
2026-03-14 03:23:08.807 edge /healthz status=200 upstream=B rt_ms=251 bytes=38916
2026-03-14 03:23:09.577 edge /healthz status=200 upstream=B rt_ms=219 bytes=7074
2026-03-14 03:23:10.356 edge /api/events status=200 upstream=B rt_ms=47 bytes=10568
2026-03-14 03:23:11.417 edge / status=200 upstream=B rt_ms=190 bytes=20357
2026-03-14 03:23:11.486 edge /api/events status=502 upstream=B rt_ms=156 bytes=24509
2026-03-14 03:23:11.940 edge /api/orders status=502 upstream=B rt_ms=343 bytes=21555
2026-03-14 03:23:15.195 edge / status=200 upstream=B rt_ms=221 bytes=3362
2026-03-14 03:23:16.182 edge /api/orders status=200 upstream=B rt_ms=189 bytes=8509
2026-03-14 03:23:16.758 edge /healthz status=200 upstream=B rt_ms=283 bytes=11354
2026-03-14 03:23:16.967 edge /healthz status=404 upstream=B rt_ms=127 bytes=37887
2026-03-14 03:23:17.515 edge / status=200 upstream=B rt_ms=139 bytes=3088
2026-03-14 03:23:22.077 edge /api/events status=200 upstream=B rt_ms=95 bytes=21718
2026-03-14 03:23:22.176 edge /api/orders status=502 upstream=B rt_ms=353 bytes=24916
2026-03-14 03:23:23.004 edge /healthz status=200 upstream=B rt_ms=342 bytes=26647
2026-03-14 03:23:24.487 edge /api/events status=500 upstream=B rt_ms=45 bytes=14796
2026-03-14 03:23:24.893 edge /api/orders status=502 upstream=B rt_ms=202 bytes=885
2026-03-14 03:23:25.906 edge /api/events status=200 upstream=B rt_ms=157 bytes=25783
2026-03-14 03:23:27.013 edge /static/style.css status=500 upstream=B rt_ms=368 bytes=30314
2026-03-14 03:23:29.521 edge /api/orders status=502 upstream=B rt_ms=380 bytes=32092
2026-03-14 03:23:29.686 edge /api/events status=200 upstream=B rt_ms=321 bytes=4049
2026-03-14 03:23:30.998 edge /api/events status=200 upstream=B rt_ms=82 bytes=19266
2026-03-14 03:23:31.106 edge /static/style.css status=200 upstream=B rt_ms=312 bytes=18331
2026-03-14 03:23:31.467 edge /api/orders status=200 upstream=B rt_ms=44 bytes=15214
2026-03-14 03:23:34.520 edge /healthz status=200 upstream=B rt_ms=339 bytes=17793
2026-03-14 03:23:35.612 edge /static/style.css status=200 upstream=B rt_ms=140 bytes=36467
2026-03-14 03:23:36.008 edge /static/style.css status=502 upstream=B rt_ms=41 bytes=30734
2026-03-14 03:23:37.868 edge /healthz status=502 upstream=B rt_ms=47 bytes=37110
2026-03-14 03:23:39.826 edge /api/orders status=502 upstream=B rt_ms=17 bytes=41882
2026-03-14 03:23:41.067 edge /healthz status=200 upstream=B rt_ms=137 bytes=35097
2026-03-14 03:23:43.598 edge /static/style.css status=502 upstream=B rt_ms=302 bytes=28648
2026-03-14 03:23:43.634 edge /api/orders status=502 upstream=B rt_ms=31 bytes=25561
2026-03-14 03:23:44.282 edge /static/style.css status=502 upstream=B rt_ms=343 bytes=26803
2026-03-14 03:23:47.622 edge /api/events status=502 upstream=B rt_ms=259 bytes=20934
2026-03-14 03:23:47.721 edge /api/events status=200 upstream=B rt_ms=225 bytes=22099
2026-03-14 03:23:48.610 edge /healthz status=200 upstream=B rt_ms=287 bytes=21699
2026-03-14 03:23:48.880 edge /static/style.css status=200 upstream=B rt_ms=274 bytes=25886
2026-03-14 03:23:49.615 edge /static/style.css status=200 upstream=B rt_ms=305 bytes=32831
2026-03-14 03:23:50.235 edge /healthz status=200 upstream=B rt_ms=290 bytes=7633
2026-03-14 03:23:52.789 edge /api/events status=200 upstream=B rt_ms=343 bytes=24139
2026-03-14 03:23:57.189 edge /static/style.css status=404 upstream=B rt_ms=394 bytes=10025
2026-03-14 03:23:57.661 edge /api/events status=200 upstream=B rt_ms=191 bytes=5540
2026-03-14 03:23:59.268 edge /api/events status=200 upstream=B rt_ms=278 bytes=1625
2026-03-14 03:23:59.639 edge /api/orders status=502 upstream=B rt_ms=210 bytes=4870
2026-03-14 03:24:01.446 edge /api/events status=502 upstream=B rt_ms=240 bytes=17165
2026-03-14 03:24:01.905 edge /static/style.css status=200 upstream=B rt_ms=396 bytes=25877
2026-03-14 03:24:02.610 edge /api/events status=502 upstream=B rt_ms=77 bytes=21515
2026-03-14 03:24:06.632 edge / status=502 upstream=B rt_ms=399 bytes=30687
2026-03-14 03:24:07.163 edge /api/events status=200 upstream=B rt_ms=108 bytes=11502
2026-03-14 03:24:07.317 edge /healthz status=200 upstream=B rt_ms=175 bytes=13002
2026-03-14 03:24:10.331 edge /static/style.css status=200 upstream=B rt_ms=268 bytes=20607
2026-03-14 03:24:11.653 edge /healthz status=502 upstream=B rt_ms=42 bytes=39023
2026-03-14 03:24:14.522 edge /api/events status=200 upstream=B rt_ms=46 bytes=17879
2026-03-14 03:24:16.801 edge /static/style.css status=200 upstream=B rt_ms=305 bytes=28030
2026-03-14 03:24:17.315 edge /static/style.css status=502 upstream=B rt_ms=69 bytes=4374
2026-03-14 03:24:17.487 edge /api/orders status=200 upstream=B rt_ms=198 bytes=23809
2026-03-14 03:24:18.452 edge /api/events status=200 upstream=B rt_ms=70 bytes=38666
2026-03-14 03:24:18.643 edge / status=200 upstream=B rt_ms=67 bytes=38402
2026-03-14 03:24:19.608 edge / status=200 upstream=B rt_ms=263 bytes=15957
2026-03-14 03:24:20.116 edge /api/orders status=500 upstream=B rt_ms=14 bytes=14264
2026-03-14 03:24:21.107 edge /static/style.css status=200 upstream=B rt_ms=107 bytes=22265
2026-03-14 03:24:22.130 edge /api/events status=502 upstream=B rt_ms=329 bytes=442
2026-03-14 03:24:22.905 edge /healthz status=200 upstream=B rt_ms=155 bytes=30179
2026-03-14 03:24:23.177 edge /healthz status=200 upstream=B rt_ms=153 bytes=23395
2026-03-14 03:24:23.239 edge / status=200 upstream=B rt_ms=340 bytes=40390
2026-03-14 03:24:25.146 edge /api/orders status=502 upstream=B rt_ms=261 bytes=34346
2026-03-14 03:24:25.414 edge /api/events status=200 upstream=B rt_ms=326 bytes=41078
2026-03-14 03:24:26.723 edge /api/events status=502 upstream=B rt_ms=152 bytes=12536
2026-03-14 03:24:28.874 edge /healthz status=500 upstream=B rt_ms=219 bytes=3993
2026-03-14 03:24:29.076 edge /api/orders status=502 upstream=B rt_ms=59 bytes=36725
2026-03-14 03:24:29.407 edge / status=502 upstream=B rt_ms=9 bytes=29567
2026-03-14 03:24:30.044 edge /api/events status=200 upstream=B rt_ms=174 bytes=22792
2026-03-14 03:24:30.075 edge /api/events status=502 upstream=B rt_ms=236 bytes=39883
2026-03-14 03:24:30.508 edge /api/orders status=404 upstream=B rt_ms=335 bytes=35398
2026-03-14 03:24:32.142 edge /api/events status=200 upstream=B rt_ms=8 bytes=39097
2026-03-14 03:24:32.320 edge /static/style.css status=200 upstream=B rt_ms=50 bytes=30023
2026-03-14 03:24:32.439 edge /api/events status=502 upstream=B rt_ms=14 bytes=19100
2026-03-14 03:24:33.055 edge /api/orders status=502 upstream=B rt_ms=22 bytes=17177
2026-03-14 03:24:35.257 edge /healthz status=200 upstream=B rt_ms=79 bytes=26125
2026-03-14 03:24:35.299 edge /api/orders status=502 upstream=B rt_ms=363 bytes=25335
2026-03-14 03:24:36.040 edge /api/orders status=200 upstream=B rt_ms=110 bytes=4940
2026-03-14 03:24:36.362 edge /healthz status=200 upstream=B rt_ms=67 bytes=28194
2026-03-14 03:24:38.840 edge /api/events status=200 upstream=B rt_ms=282 bytes=4625
2026-03-14 03:24:42.345 edge / status=502 upstream=B rt_ms=164 bytes=7284
2026-03-14 03:24:44.309 edge /healthz status=502 upstream=B rt_ms=350 bytes=2384
2026-03-14 03:24:45.151 edge / status=200 upstream=B rt_ms=158 bytes=21691
2026-03-14 03:24:45.280 edge /api/events status=200 upstream=B rt_ms=373 bytes=22729
2026-03-14 03:24:47.012 edge /static/style.css status=200 upstream=B rt_ms=286 bytes=2872
2026-03-14 03:24:48.980 edge / status=502 upstream=B rt_ms=363 bytes=32776
2026-03-14 03:24:50.342 edge /api/events status=502 upstream=B rt_ms=235 bytes=33631
2026-03-14 03:24:52.705 edge /static/style.css status=404 upstream=B rt_ms=100 bytes=17023
2026-03-14 03:24:53.413 edge /healthz status=502 upstream=B rt_ms=263 bytes=6146
2026-03-14 03:24:53.886 edge /api/orders status=200 upstream=B rt_ms=105 bytes=39819
2026-03-14 03:24:55.705 edge /api/events status=502 upstream=B rt_ms=146 bytes=37774
2026-03-14 03:24:56.643 edge /static/style.css status=200 upstream=B rt_ms=308 bytes=25550
2026-03-14 03:24:56.842 edge /api/orders status=200 upstream=B rt_ms=332 bytes=33560
2026-03-14 03:24:57.201 edge /api/orders status=200 upstream=B rt_ms=76 bytes=1782
2026-03-14 03:24:57.855 edge /healthz status=200 upstream=B rt_ms=355 bytes=37977
2026-03-14 03:25:02.385 edge /healthz status=502 upstream=B rt_ms=147 bytes=6168
2026-03-14 03:25:04.495 edge /api/events status=502 upstream=B rt_ms=61 bytes=23342
2026-03-14 03:25:05.358 edge / status=200 upstream=B rt_ms=258 bytes=13263
2026-03-14 03:25:06.112 edge /api/events status=502 upstream=B rt_ms=204 bytes=5135
2026-03-14 03:25:06.943 edge /api/orders status=500 upstream=B rt_ms=340 bytes=37818
2026-03-14 03:25:07.407 edge /api/events status=502 upstream=B rt_ms=380 bytes=34614
2026-03-14 03:25:07.414 edge /api/events status=200 upstream=B rt_ms=159 bytes=10643
2026-03-14 03:25:07.686 edge /static/style.css status=200 upstream=B rt_ms=110 bytes=41023
2026-03-14 03:25:08.510 edge / status=200 upstream=B rt_ms=149 bytes=29540
2026-03-14 03:25:09.873 edge /api/events status=200 upstream=B rt_ms=119 bytes=35486
2026-03-14 03:25:11.077 edge /static/style.css status=200 upstream=B rt_ms=251 bytes=12741
2026-03-14 03:25:11.812 edge /api/orders status=200 upstream=B rt_ms=166 bytes=40530
2026-03-14 03:25:13.999 edge /static/style.css status=200 upstream=B rt_ms=139 bytes=38104
2026-03-14 03:25:15.339 edge /api/orders status=200 upstream=B rt_ms=168 bytes=14591
2026-03-14 03:25:15.903 edge /api/orders status=200 upstream=B rt_ms=78 bytes=20327
2026-03-14 03:25:16.703 edge /healthz status=200 upstream=B rt_ms=217 bytes=34205
2026-03-14 03:25:17.261 edge /api/events status=200 upstream=B rt_ms=44 bytes=37471
2026-03-14 03:25:18.380 edge / status=502 upstream=B rt_ms=25 bytes=2503
2026-03-14 03:25:19.504 edge /static/style.css status=502 upstream=B rt_ms=148 bytes=20918
2026-03-14 03:25:19.563 edge / status=200 upstream=B rt_ms=76 bytes=24483
2026-03-14 03:25:20.311 edge /healthz status=200 upstream=B rt_ms=319 bytes=1105
2026-03-14 03:25:20.377 edge / status=200 upstream=B rt_ms=165 bytes=7379
2026-03-14 03:25:23.062 edge / status=200 upstream=B rt_ms=292 bytes=14554
2026-03-14 03:25:23.505 edge /static/style.css status=502 upstream=B rt_ms=112 bytes=8566
2026-03-14 03:25:25.963 edge /api/orders status=200 upstream=B rt_ms=264 bytes=5114
2026-03-14 03:25:26.806 edge / status=200 upstream=B rt_ms=293 bytes=17912
2026-03-14 03:25:27.513 edge /api/orders status=500 upstream=B rt_ms=249 bytes=15960
2026-03-14 03:25:28.160 edge / status=200 upstream=B rt_ms=133 bytes=23887
2026-03-14 03:25:31.383 edge / status=502 upstream=B rt_ms=39 bytes=17787
2026-03-14 03:25:31.724 edge /static/style.css status=500 upstream=B rt_ms=313 bytes=34435
2026-03-14 03:25:32.428 edge /healthz status=200 upstream=B rt_ms=77 bytes=21753
2026-03-14 03:25:33.152 edge / status=502 upstream=B rt_ms=229 bytes=4923
2026-03-14 03:25:34.510 edge /static/style.css status=502 upstream=B rt_ms=325 bytes=20834
2026-03-14 03:25:36.006 edge /healthz status=502 upstream=B rt_ms=202 bytes=13455
2026-03-14 03:25:36.914 edge /api/orders status=200 upstream=B rt_ms=22 bytes=1084
2026-03-14 03:25:40.029 edge /api/orders status=200 upstream=B rt_ms=352 bytes=35837
2026-03-14 03:25:40.788 edge / status=200 upstream=B rt_ms=262 bytes=36622
2026-03-14 03:25:41.001 edge /api/orders status=502 upstream=B rt_ms=158 bytes=30897
2026-03-14 03:25:42.983 edge /api/events status=502 upstream=B rt_ms=367 bytes=22224
2026-03-14 03:25:43.666 edge /api/orders status=200 upstream=B rt_ms=214 bytes=29320
2026-03-14 03:25:44.655 edge /api/events status=502 upstream=B rt_ms=333 bytes=33977
2026-03-14 03:25:45.860 edge /healthz status=200 upstream=B rt_ms=28 bytes=23617
2026-03-14 03:25:46.942 edge /healthz status=502 upstream=B rt_ms=357 bytes=33646
2026-03-14 03:25:48.103 edge / status=502 upstream=B rt_ms=160 bytes=4693
2026-03-14 03:25:49.204 edge /static/style.css status=200 upstream=B rt_ms=28 bytes=26072
2026-03-14 03:25:51.071 edge /api/orders status=200 upstream=B rt_ms=363 bytes=9761
2026-03-14 03:25:51.281 edge /api/events status=200 upstream=B rt_ms=312 bytes=15961
2026-03-14 03:25:52.406 edge /healthz status=200 upstream=B rt_ms=335 bytes=6152
2026-03-14 03:25:52.883 edge /api/orders status=200 upstream=B rt_ms=171 bytes=36973
2026-03-14 03:25:55.595 edge /api/events status=200 upstream=B rt_ms=189 bytes=4612
2026-03-14 03:25:55.981 edge / status=502 upstream=B rt_ms=216 bytes=14773
2026-03-14 03:25:56.061 edge / status=404 upstream=B rt_ms=170 bytes=35663
2026-03-14 03:25:59.521 edge /healthz status=200 upstream=B rt_ms=371 bytes=33431
2026-03-14 03:25:59.791 edge /healthz status=502 upstream=B rt_ms=144 bytes=22252
2026-03-14 03:26:02.179 edge /healthz status=502 upstream=B rt_ms=115 bytes=22524
2026-03-14 03:26:02.749 edge /api/events status=200 upstream=B rt_ms=22 bytes=40758
2026-03-14 03:26:02.923 edge /static/style.css status=502 upstream=B rt_ms=5 bytes=2531
2026-03-14 03:26:04.886 edge /healthz status=200 upstream=B rt_ms=390 bytes=29208
2026-03-14 03:26:08.617 edge / status=502 upstream=B rt_ms=347 bytes=9548
2026-03-14 03:26:09.651 edge / status=502 upstream=B rt_ms=90 bytes=3435
2026-03-14 03:26:10.323 edge /static/style.css status=200 upstream=B rt_ms=124 bytes=23357
2026-03-14 03:26:10.728 edge /healthz status=404 upstream=B rt_ms=189 bytes=38960
2026-03-14 03:26:12.952 edge /healthz status=200 upstream=B rt_ms=248 bytes=14334
2026-03-14 03:26:14.035 edge /api/orders status=502 upstream=B rt_ms=130 bytes=7534
2026-03-14 03:26:15.802 edge /static/style.css status=200 upstream=B rt_ms=76 bytes=32751
2026-03-14 03:26:15.848 edge /api/events status=200 upstream=B rt_ms=316 bytes=31334
2026-03-14 03:26:17.951 edge /api/events status=200 upstream=B rt_ms=254 bytes=9192
2026-03-14 03:26:20.388 edge /static/style.css status=502 upstream=B rt_ms=66 bytes=13029
2026-03-14 03:26:21.517 edge /api/events status=404 upstream=B rt_ms=392 bytes=25443
2026-03-14 03:26:23.669 edge /static/style.css status=502 upstream=B rt_ms=314 bytes=35037
2026-03-14 03:26:23.704 edge /static/style.css status=502 upstream=B rt_ms=378 bytes=41671
2026-03-14 03:26:23.830 edge /api/orders status=200 upstream=B rt_ms=73 bytes=28229
2026-03-14 03:26:24.201 edge /api/orders status=200 upstream=B rt_ms=307 bytes=14087
2026-03-14 03:26:24.370 edge /healthz status=200 upstream=B rt_ms=37 bytes=10122
2026-03-14 03:26:25.409 edge /healthz status=200 upstream=B rt_ms=162 bytes=4987
2026-03-14 03:26:26.420 edge /api/orders status=200 upstream=B rt_ms=242 bytes=35188
2026-03-14 03:26:29.832 edge /api/events status=200 upstream=B rt_ms=334 bytes=272
2026-03-14 03:26:30.009 edge /static/style.css status=500 upstream=B rt_ms=197 bytes=14561
2026-03-14 03:26:30.104 edge /healthz status=200 upstream=B rt_ms=321 bytes=32625
2026-03-14 03:26:30.122 edge / status=502 upstream=B rt_ms=217 bytes=19443
2026-03-14 03:26:30.963 edge /api/events status=200 upstream=B rt_ms=272 bytes=9173
2026-03-14 03:26:31.915 edge /static/style.css status=502 upstream=B rt_ms=44 bytes=38806
2026-03-14 03:26:33.312 edge /api/orders status=200 upstream=B rt_ms=87 bytes=26985
2026-03-14 03:26:39.174 edge /static/style.css status=502 upstream=B rt_ms=289 bytes=17002
2026-03-14 03:26:39.707 edge /healthz status=200 upstream=B rt_ms=43 bytes=7150
2026-03-14 03:26:41.199 edge /static/style.css status=200 upstream=B rt_ms=44 bytes=34793
2026-03-14 03:26:42.755 edge /static/style.css status=200 upstream=B rt_ms=95 bytes=4536
2026-03-14 03:26:45.805 edge /api/events status=502 upstream=B rt_ms=146 bytes=16819
2026-03-14 03:26:45.891 edge /static/style.css status=200 upstream=B rt_ms=273 bytes=14277
2026-03-14 03:26:46.660 edge /api/orders status=502 upstream=B rt_ms=75 bytes=11278
2026-03-14 03:26:47.314 edge /api/orders status=502 upstream=B rt_ms=143 bytes=38383
2026-03-14 03:26:47.468 edge /api/orders status=200 upstream=B rt_ms=17 bytes=31664
2026-03-14 03:26:50.547 edge /api/orders status=502 upstream=B rt_ms=273 bytes=3684
2026-03-14 03:26:52.244 edge /static/style.css status=200 upstream=B rt_ms=334 bytes=17303
2026-03-14 03:26:53.169 edge / status=502 upstream=B rt_ms=343 bytes=14282
2026-03-14 03:26:54.095 edge / status=200 upstream=B rt_ms=376 bytes=9091
2026-03-14 03:26:55.302 edge / status=200 upstream=B rt_ms=20 bytes=15033
2026-03-14 03:26:55.912 edge /healthz status=500 upstream=B rt_ms=30 bytes=4698
2026-03-14 03:26:56.820 edge /healthz status=502 upstream=B rt_ms=56 bytes=11597
2026-03-14 03:26:57.818 edge /static/style.css status=502 upstream=B rt_ms=285 bytes=35919
2026-03-14 03:27:01.103 edge /api/events status=502 upstream=B rt_ms=262 bytes=31133
2026-03-14 03:27:01.642 edge /healthz status=200 upstream=B rt_ms=163 bytes=14116
2026-03-14 03:27:02.633 edge /api/events status=200 upstream=B rt_ms=98 bytes=18339
2026-03-14 03:27:03.521 edge /api/orders status=200 upstream=B rt_ms=12 bytes=28935
2026-03-14 03:27:07.587 edge /healthz status=500 upstream=B rt_ms=66 bytes=7790
2026-03-14 03:27:11.139 edge /api/events status=500 upstream=B rt_ms=186 bytes=16126
2026-03-14 03:27:11.549 edge /api/orders status=200 upstream=B rt_ms=133 bytes=34173
2026-03-14 03:27:12.736 edge /healthz status=200 upstream=B rt_ms=267 bytes=14281
2026-03-14 03:27:15.772 edge /api/orders status=502 upstream=B rt_ms=116 bytes=15468
2026-03-14 03:27:15.889 edge /api/orders status=200 upstream=B rt_ms=347 bytes=215
2026-03-14 03:27:16.363 edge /static/style.css status=200 upstream=B rt_ms=371 bytes=34976
2026-03-14 03:27:16.414 edge / status=500 upstream=B rt_ms=106 bytes=41232
2026-03-14 03:27:16.894 edge /api/orders status=500 upstream=B rt_ms=78 bytes=37705
2026-03-14 03:27:18.565 edge /api/orders status=502 upstream=B rt_ms=73 bytes=40925
2026-03-14 03:27:18.720 edge /api/events status=502 upstream=B rt_ms=174 bytes=2928
2026-03-14 03:27:18.835 edge /static/style.css status=502 upstream=B rt_ms=270 bytes=2897
2026-03-14 03:27:24.332 edge / status=502 upstream=B rt_ms=54 bytes=12756
2026-03-14 03:27:26.356 edge /healthz status=502 upstream=B rt_ms=113 bytes=41249
2026-03-14 03:27:26.488 edge /static/style.css status=500 upstream=B rt_ms=64 bytes=22664
2026-03-14 03:27:29.063 edge / status=200 upstream=B rt_ms=208 bytes=4822
2026-03-14 03:27:33.437 edge /healthz status=200 upstream=B rt_ms=6 bytes=17725
2026-03-14 03:27:34.299 edge /healthz status=200 upstream=B rt_ms=59 bytes=8236
2026-03-14 03:27:35.596 edge /api/orders status=500 upstream=B rt_ms=174 bytes=9170
2026-03-14 03:27:36.948 edge / status=502 upstream=B rt_ms=52 bytes=17195
2026-03-14 03:27:38.771 edge /healthz status=200 upstream=B rt_ms=399 bytes=1733
2026-03-14 03:27:40.248 edge /healthz status=502 upstream=B rt_ms=344 bytes=16560
2026-03-14 03:27:41.561 edge /api/events status=200 upstream=B rt_ms=140 bytes=30314
2026-03-14 03:27:42.004 edge /healthz status=200 upstream=B rt_ms=376 bytes=6881
2026-03-14 03:27:43.227 edge / status=502 upstream=B rt_ms=270 bytes=22803
2026-03-14 03:27:43.399 edge /static/style.css status=200 upstream=B rt_ms=133 bytes=13974
2026-03-14 03:27:44.262 edge / status=502 upstream=B rt_ms=185 bytes=31054
2026-03-14 03:27:47.237 edge /healthz status=200 upstream=B rt_ms=60 bytes=38323
2026-03-14 03:27:49.672 edge /api/events status=502 upstream=B rt_ms=141 bytes=7623
2026-03-14 03:27:49.799 edge /api/events status=200 upstream=B rt_ms=22 bytes=1048
2026-03-14 03:27:50.649 edge /api/events status=502 upstream=B rt_ms=136 bytes=2284
2026-03-14 03:27:51.300 edge /api/orders status=502 upstream=B rt_ms=130 bytes=39910
2026-03-14 03:27:53.693 edge /healthz status=200 upstream=B rt_ms=113 bytes=22010
2026-03-14 03:27:54.097 edge /static/style.css status=502 upstream=B rt_ms=251 bytes=23994
2026-03-14 03:27:54.945 edge /static/style.css status=200 upstream=B rt_ms=118 bytes=33986
2026-03-14 03:27:56.194 edge /static/style.css status=502 upstream=B rt_ms=392 bytes=39744
2026-03-14 03:27:56.454 edge /healthz status=200 upstream=B rt_ms=32 bytes=8101
2026-03-14 03:27:59.602 edge /api/orders status=200 upstream=B rt_ms=198 bytes=5672
2026-03-14 03:28:02.467 edge /healthz status=502 upstream=B rt_ms=361 bytes=1393
2026-03-14 03:28:04.664 edge /healthz status=200 upstream=B rt_ms=154 bytes=27503
2026-03-14 03:28:04.782 edge /static/style.css status=200 upstream=B rt_ms=139 bytes=33095
2026-03-14 03:28:04.834 edge /static/style.css status=500 upstream=B rt_ms=238 bytes=10652
2026-03-14 03:28:05.389 edge /api/orders status=200 upstream=B rt_ms=11 bytes=27638
2026-03-14 03:28:07.727 edge /api/events status=200 upstream=B rt_ms=275 bytes=41232
2026-03-14 03:28:10.971 edge / status=200 upstream=B rt_ms=388 bytes=10207
2026-03-14 03:28:12.099 edge /api/orders status=502 upstream=B rt_ms=187 bytes=10731
2026-03-14 03:28:13.034 edge /healthz status=502 upstream=B rt_ms=16 bytes=10445
2026-03-14 03:28:14.743 edge /api/orders status=200 upstream=B rt_ms=120 bytes=4213
2026-03-14 03:28:14.970 edge /api/events status=200 upstream=B rt_ms=257 bytes=2275
2026-03-14 03:28:15.419 edge /static/style.css status=200 upstream=B rt_ms=304 bytes=16946
2026-03-14 03:28:16.386 edge /api/orders status=502 upstream=B rt_ms=70 bytes=4568
2026-03-14 03:28:16.389 edge /api/orders status=200 upstream=B rt_ms=99 bytes=32899
2026-03-14 03:28:17.132 edge / status=502 upstream=B rt_ms=47 bytes=35963
2026-03-14 03:28:17.707 edge /static/style.css status=200 upstream=B rt_ms=13 bytes=30663
2026-03-14 03:28:18.080 edge /api/orders status=200 upstream=B rt_ms=45 bytes=39170
2026-03-14 03:28:18.187 edge / status=200 upstream=B rt_ms=288 bytes=27231
2026-03-14 03:28:19.936 edge /api/orders status=200 upstream=B rt_ms=142 bytes=40537
2026-03-14 03:28:20.283 edge /api/events status=200 upstream=B rt_ms=319 bytes=23163
2026-03-14 03:28:20.641 edge / status=200 upstream=B rt_ms=135 bytes=17108
2026-03-14 03:28:22.564 edge / status=502 upstream=B rt_ms=257 bytes=36425
2026-03-14 03:28:24.941 edge /static/style.css status=500 upstream=B rt_ms=291 bytes=33240
2026-03-14 03:28:25.705 edge /api/events status=200 upstream=B rt_ms=377 bytes=15939
2026-03-14 03:28:26.262 edge /api/events status=200 upstream=B rt_ms=221 bytes=2061
2026-03-14 03:28:26.532 edge /api/events status=200 upstream=B rt_ms=316 bytes=10047
2026-03-14 03:28:28.082 edge /api/orders status=200 upstream=B rt_ms=237 bytes=1455
2026-03-14 03:28:28.859 edge /healthz status=200 upstream=B rt_ms=21 bytes=8825
2026-03-14 03:28:29.924 edge / status=200 upstream=B rt_ms=194 bytes=28175
2026-03-14 03:28:30.188 edge /healthz status=200 upstream=B rt_ms=383 bytes=29757
2026-03-14 03:28:30.396 edge /healthz status=200 upstream=B rt_ms=384 bytes=36653
2026-03-14 03:28:30.751 edge /static/style.css status=502 upstream=B rt_ms=173 bytes=27182
2026-03-14 03:28:31.288 edge /healthz status=502 upstream=B rt_ms=150 bytes=26172
2026-03-14 03:28:34.041 edge /static/style.css status=200 upstream=B rt_ms=166 bytes=7056
2026-03-14 03:28:34.634 edge / status=502 upstream=B rt_ms=332 bytes=20710
2026-03-14 03:28:36.976 edge /healthz status=200 upstream=B rt_ms=98 bytes=25475
2026-03-14 03:28:37.438 edge /api/orders status=502 upstream=B rt_ms=202 bytes=23269
2026-03-14 03:28:37.901 edge /api/events status=404 upstream=B rt_ms=120 bytes=22722
2026-03-14 03:28:38.124 edge /api/events status=200 upstream=B rt_ms=289 bytes=1824
2026-03-14 03:28:38.317 edge /healthz status=200 upstream=B rt_ms=32 bytes=10777
2026-03-14 03:28:39.186 edge /healthz status=200 upstream=B rt_ms=385 bytes=39463
2026-03-14 03:28:39.958 edge /api/orders status=502 upstream=B rt_ms=99 bytes=28762
2026-03-14 03:28:40.678 edge /api/orders status=502 upstream=B rt_ms=299 bytes=25080
2026-03-14 03:28:40.793 edge /static/style.css status=500 upstream=B rt_ms=288 bytes=27874
2026-03-14 03:28:41.537 edge /healthz status=502 upstream=B rt_ms=31 bytes=29336
2026-03-14 03:28:43.293 edge /api/events status=502 upstream=B rt_ms=121 bytes=505
2026-03-14 03:28:44.117 edge /api/events status=200 upstream=B rt_ms=366 bytes=8722
2026-03-14 03:28:46.437 edge /healthz status=502 upstream=B rt_ms=51 bytes=28584
2026-03-14 03:28:46.889 edge /api/orders status=200 upstream=B rt_ms=57 bytes=40926
2026-03-14 03:28:47.473 edge /api/orders status=200 upstream=B rt_ms=57 bytes=39905
2026-03-14 03:28:49.109 edge /api/events status=502 upstream=B rt_ms=277 bytes=39371
2026-03-14 03:28:49.269 edge /static/style.css status=200 upstream=B rt_ms=152 bytes=25462
2026-03-14 03:28:49.957 edge /static/style.css status=502 upstream=B rt_ms=19 bytes=16966
2026-03-14 03:28:50.018 edge /static/style.css status=200 upstream=B rt_ms=340 bytes=25923
2026-03-14 03:28:52.230 edge / status=502 upstream=B rt_ms=133 bytes=16065
2026-03-14 03:28:56.213 edge /healthz status=200 upstream=B rt_ms=200 bytes=24939
2026-03-14 03:28:56.265 edge /api/orders status=200 upstream=B rt_ms=237 bytes=33167
2026-03-14 03:28:56.845 edge /api/orders status=502 upstream=B rt_ms=173 bytes=19771
2026-03-14 03:28:57.867 edge / status=200 upstream=B rt_ms=144 bytes=17030
2026-03-14 03:28:58.232 edge /api/events status=200 upstream=B rt_ms=357 bytes=13646
2026-03-14 03:29:00.883 edge /healthz status=200 upstream=B rt_ms=182 bytes=28246
2026-03-14 03:29:01.645 edge / status=200 upstream=B rt_ms=57 bytes=35452
2026-03-14 03:29:02.281 edge /healthz status=404 upstream=B rt_ms=76 bytes=18166
2026-03-14 03:29:04.279 edge /healthz status=200 upstream=B rt_ms=104 bytes=13729
2026-03-14 03:29:04.760 edge /healthz status=502 upstream=B rt_ms=6 bytes=21015
2026-03-14 03:29:06.564 edge /static/style.css status=502 upstream=B rt_ms=200 bytes=23957
2026-03-14 03:29:07.079 edge /api/orders status=200 upstream=B rt_ms=170 bytes=38273
2026-03-14 03:29:07.449 edge /healthz status=502 upstream=B rt_ms=181 bytes=11205
2026-03-14 03:29:07.471 edge /static/style.css status=200 upstream=B rt_ms=81 bytes=10237
2026-03-14 03:29:10.933 edge /api/orders status=200 upstream=B rt_ms=280 bytes=32564
2026-03-14 03:29:12.056 edge /healthz status=200 upstream=B rt_ms=349 bytes=12119
2026-03-14 03:29:13.062 edge /healthz status=502 upstream=B rt_ms=148 bytes=20320
2026-03-14 03:29:13.381 edge /static/style.css status=502 upstream=B rt_ms=241 bytes=30110
2026-03-14 03:29:13.490 edge / status=200 upstream=B rt_ms=149 bytes=6299
2026-03-14 03:29:13.953 edge /healthz status=502 upstream=B rt_ms=49 bytes=13553
2026-03-14 03:29:14.090 edge /api/orders status=200 upstream=B rt_ms=163 bytes=39900
2026-03-14 03:29:18.386 edge /static/style.css status=502 upstream=B rt_ms=378 bytes=13261
2026-03-14 03:29:19.073 edge /healthz status=502 upstream=B rt_ms=307 bytes=20487
2026-03-14 03:29:21.349 edge /healthz status=200 upstream=B rt_ms=130 bytes=23334
2026-03-14 03:29:23.749 edge / status=502 upstream=B rt_ms=314 bytes=34990
2026-03-14 03:29:24.954 edge / status=200 upstream=B rt_ms=33 bytes=39854
2026-03-14 03:29:25.552 edge /healthz status=200 upstream=B rt_ms=156 bytes=7070
2026-03-14 03:29:26.540 edge /api/events status=200 upstream=B rt_ms=33 bytes=20558
2026-03-14 03:29:28.887 edge /api/orders status=502 upstream=B rt_ms=368 bytes=15467
2026-03-14 03:29:29.617 edge /api/orders status=200 upstream=B rt_ms=222 bytes=30512
2026-03-14 03:29:30.871 edge /api/events status=502 upstream=B rt_ms=60 bytes=11159
2026-03-14 03:29:31.947 edge /api/orders status=404 upstream=B rt_ms=164 bytes=33143
2026-03-14 03:29:32.839 edge /api/events status=200 upstream=B rt_ms=24 bytes=20584
2026-03-14 03:29:33.954 edge /static/style.css status=200 upstream=B rt_ms=153 bytes=28728
2026-03-14 03:29:34.111 edge /static/style.css status=200 upstream=B rt_ms=45 bytes=9862
2026-03-14 03:29:34.377 edge /api/orders status=502 upstream=B rt_ms=108 bytes=10317
2026-03-14 03:29:40.255 edge /api/events status=200 upstream=B rt_ms=291 bytes=23311
2026-03-14 03:29:42.005 edge / status=200 upstream=B rt_ms=151 bytes=12167
2026-03-14 03:29:42.151 edge /healthz status=500 upstream=B rt_ms=137 bytes=13637
2026-03-14 03:29:43.078 edge /healthz status=502 upstream=B rt_ms=188 bytes=37136
2026-03-14 03:29:44.314 edge /api/events status=200 upstream=B rt_ms=328 bytes=15486
2026-03-14 03:29:44.970 edge /api/orders status=502 upstream=B rt_ms=37 bytes=34946
2026-03-14 03:29:46.203 edge /api/events status=200 upstream=B rt_ms=350 bytes=37285
2026-03-14 03:29:47.251 edge / status=500 upstream=B rt_ms=171 bytes=19803
2026-03-14 03:29:47.381 edge / status=502 upstream=B rt_ms=341 bytes=8464
2026-03-14 03:29:49.114 edge /static/style.css status=502 upstream=B rt_ms=15 bytes=39577
2026-03-14 03:29:49.398 edge /static/style.css status=200 upstream=B rt_ms=42 bytes=27136
2026-03-14 03:29:49.599 edge / status=200 upstream=B rt_ms=134 bytes=24935
2026-03-14 03:29:52.530 edge /healthz status=200 upstream=B rt_ms=241 bytes=34132
2026-03-14 03:29:52.753 edge /healthz status=502 upstream=B rt_ms=323 bytes=18087
2026-03-14 03:29:53.080 edge /api/events status=200 upstream=B rt_ms=310 bytes=34037
2026-03-14 03:29:55.429 edge /healthz status=200 upstream=B rt_ms=163 bytes=22517
2026-03-14 03:29:55.829 edge /healthz status=200 upstream=B rt_ms=298 bytes=32004
2026-03-14 03:29:55.984 edge /api/orders status=502 upstream=B rt_ms=150 bytes=37493
2026-03-14 03:29:56.141 edge /api/events status=404 upstream=B rt_ms=283 bytes=39408
2026-03-14 03:29:56.534 edge /api/events status=500 upstream=B rt_ms=86 bytes=17274
2026-03-14 03:29:57.450 edge /static/style.css status=200 upstream=B rt_ms=281 bytes=20099
2026-03-14 03:30:03.063 edge /healthz status=200 upstream=B rt_ms=29 bytes=25875
2026-03-14 03:30:07.548 edge /healthz status=200 upstream=B rt_ms=174 bytes=11277
2026-03-14 03:30:08.237 edge /static/style.css status=404 upstream=B rt_ms=368 bytes=40921
2026-03-14 03:30:10.991 edge /api/orders status=502 upstream=B rt_ms=272 bytes=5649
2026-03-14 03:30:11.076 edge /static/style.css status=502 upstream=B rt_ms=165 bytes=22850
2026-03-14 03:30:11.311 edge /healthz status=200 upstream=B rt_ms=231 bytes=29703
2026-03-14 03:30:11.444 edge /static/style.css status=200 upstream=B rt_ms=42 bytes=13786
2026-03-14 03:30:12.546 edge /api/orders status=200 upstream=B rt_ms=147 bytes=32001
2026-03-14 03:30:12.590 edge / status=200 upstream=B rt_ms=252 bytes=23550
2026-03-14 03:30:14.616 edge /api/orders status=404 upstream=B rt_ms=338 bytes=26789
2026-03-14 03:30:15.485 edge /api/orders status=502 upstream=B rt_ms=285 bytes=29843
2026-03-14 03:30:15.943 edge /api/events status=200 upstream=B rt_ms=30 bytes=2682
2026-03-14 03:30:16.471 edge /static/style.css status=200 upstream=B rt_ms=7 bytes=8058
2026-03-14 03:30:16.769 edge / status=200 upstream=B rt_ms=110 bytes=5235
2026-03-14 03:30:17.388 edge / status=502 upstream=B rt_ms=103 bytes=4446
2026-03-14 03:30:18.134 edge /api/events status=502 upstream=B rt_ms=159 bytes=33021
2026-03-14 03:30:18.517 edge / status=404 upstream=B rt_ms=161 bytes=40200
2026-03-14 03:30:19.388 edge / status=200 upstream=B rt_ms=378 bytes=41937
2026-03-14 03:30:19.579 edge /api/orders status=200 upstream=B rt_ms=397 bytes=11372
2026-03-14 03:30:20.028 edge /healthz status=200 upstream=B rt_ms=47 bytes=1993
2026-03-14 03:30:23.429 edge /api/orders status=500 upstream=B rt_ms=208 bytes=1883
2026-03-14 03:30:23.799 edge /static/style.css status=200 upstream=B rt_ms=191 bytes=35863
2026-03-14 03:30:24.081 edge / status=502 upstream=B rt_ms=244 bytes=15613
2026-03-14 03:30:24.237 edge /static/style.css status=502 upstream=B rt_ms=326 bytes=849
2026-03-14 03:30:26.963 edge / status=200 upstream=B rt_ms=127 bytes=27144
2026-03-14 03:30:32.202 edge /api/events status=502 upstream=B rt_ms=196 bytes=6252
2026-03-14 03:30:33.002 edge /api/orders status=502 upstream=B rt_ms=63 bytes=17679
2026-03-14 03:30:33.402 edge / status=502 upstream=B rt_ms=300 bytes=24414
2026-03-14 03:30:33.550 edge / status=200 upstream=B rt_ms=58 bytes=3182
2026-03-14 03:30:33.986 edge /api/orders status=502 upstream=B rt_ms=50 bytes=34249
2026-03-14 03:30:34.083 edge /api/events status=200 upstream=B rt_ms=162 bytes=35269
2026-03-14 03:30:34.269 edge /healthz status=200 upstream=B rt_ms=377 bytes=38092
2026-03-14 03:30:35.812 edge /healthz status=200 upstream=B rt_ms=377 bytes=33779
2026-03-14 03:30:35.991 edge /api/events status=502 upstream=B rt_ms=394 bytes=32823
2026-03-14 03:30:38.634 edge /static/style.css status=200 upstream=B rt_ms=312 bytes=8076
2026-03-14 03:30:39.518 edge /api/events status=200 upstream=B rt_ms=96 bytes=10776
2026-03-14 03:30:40.399 edge / status=404 upstream=B rt_ms=71 bytes=3310
2026-03-14 03:30:41.275 edge /api/events status=200 upstream=B rt_ms=219 bytes=38702
2026-03-14 03:30:42.704 edge /api/events status=200 upstream=B rt_ms=277 bytes=39634
2026-03-14 03:30:42.752 edge /healthz status=200 upstream=B rt_ms=266 bytes=31463
2026-03-14 03:30:43.607 edge /static/style.css status=502 upstream=B rt_ms=74 bytes=41074
2026-03-14 03:30:44.451 edge /static/style.css status=200 upstream=B rt_ms=278 bytes=40957
2026-03-14 03:30:44.468 edge /api/orders status=502 upstream=B rt_ms=55 bytes=38262
2026-03-14 03:30:44.662 edge /api/events status=502 upstream=B rt_ms=52 bytes=31322
2026-03-14 03:30:44.674 edge /healthz status=200 upstream=B rt_ms=159 bytes=6034
2026-03-14 03:30:45.695 edge / status=502 upstream=B rt_ms=165 bytes=7368
2026-03-14 03:30:45.957 edge /static/style.css status=502 upstream=B rt_ms=113 bytes=34051
2026-03-14 03:30:45.975 edge /api/events status=502 upstream=B rt_ms=11 bytes=40256
2026-03-14 03:30:47.567 edge /api/events status=502 upstream=B rt_ms=271 bytes=41396
2026-03-14 03:30:48.344 edge / status=502 upstream=B rt_ms=112 bytes=17847
2026-03-14 03:30:49.421 edge /healthz status=200 upstream=B rt_ms=320 bytes=22962
2026-03-14 03:30:49.522 edge /static/style.css status=502 upstream=B rt_ms=201 bytes=29081
2026-03-14 03:30:50.543 edge /api/events status=502 upstream=B rt_ms=240 bytes=30905
2026-03-14 03:30:50.773 edge /api/events status=502 upstream=B rt_ms=257 bytes=38574
2026-03-14 03:30:52.133 edge /api/orders status=200 upstream=B rt_ms=187 bytes=14862
2026-03-14 03:30:52.200 edge /healthz status=200 upstream=B rt_ms=393 bytes=27462
2026-03-14 03:30:52.530 edge / status=200 upstream=B rt_ms=33 bytes=14522
2026-03-14 03:30:54.413 edge /api/events status=200 upstream=B rt_ms=78 bytes=6918
2026-03-14 03:30:57.009 edge /healthz status=200 upstream=B rt_ms=230 bytes=5845
2026-03-14 03:30:57.962 edge / status=200 upstream=B rt_ms=92 bytes=32804
2026-03-14 03:31:01.335 edge /api/orders status=200 upstream=B rt_ms=225 bytes=4513
2026-03-14 03:31:01.466 edge /static/style.css status=200 upstream=B rt_ms=171 bytes=26499
2026-03-14 03:31:02.994 edge /api/orders status=200 upstream=B rt_ms=378 bytes=6053
2026-03-14 03:31:05.333 edge /api/orders status=200 upstream=B rt_ms=23 bytes=27502
2026-03-14 03:31:05.527 edge /healthz status=502 upstream=B rt_ms=345 bytes=622
2026-03-14 03:31:05.684 edge / status=200 upstream=B rt_ms=54 bytes=20819
2026-03-14 03:31:05.843 edge /healthz status=200 upstream=B rt_ms=353 bytes=34250
2026-03-14 03:31:06.820 edge /api/events status=404 upstream=B rt_ms=211 bytes=37787
2026-03-14 03:31:09.414 edge /static/style.css status=200 upstream=B rt_ms=58 bytes=16972
2026-03-14 03:31:09.541 edge /healthz status=200 upstream=B rt_ms=324 bytes=2925
2026-03-14 03:31:09.790 edge / status=404 upstream=B rt_ms=215 bytes=26661
2026-03-14 03:31:09.826 edge /api/events status=502 upstream=B rt_ms=318 bytes=15614
2026-03-14 03:31:11.793 edge /api/events status=200 upstream=B rt_ms=259 bytes=2103
2026-03-14 03:31:12.099 edge / status=200 upstream=B rt_ms=266 bytes=41405
2026-03-14 03:31:12.484 edge /healthz status=200 upstream=B rt_ms=348 bytes=13904
2026-03-14 03:31:13.705 edge /api/events status=200 upstream=B rt_ms=155 bytes=41593
2026-03-14 03:31:14.424 edge /static/style.css status=502 upstream=B rt_ms=51 bytes=32395
2026-03-14 03:31:15.106 edge /healthz status=200 upstream=B rt_ms=152 bytes=18517
2026-03-14 03:31:15.625 edge /api/events status=200 upstream=B rt_ms=158 bytes=12944
2026-03-14 03:31:16.955 edge /healthz status=200 upstream=B rt_ms=377 bytes=14684
2026-03-14 03:31:17.671 edge /api/events status=200 upstream=B rt_ms=256 bytes=17736
2026-03-14 03:31:18.380 edge /api/events status=200 upstream=B rt_ms=35 bytes=12407
2026-03-14 03:31:19.799 edge /static/style.css status=502 upstream=B rt_ms=47 bytes=37317
2026-03-14 03:31:20.416 edge /healthz status=200 upstream=B rt_ms=114 bytes=33965
2026-03-14 03:31:21.643 edge /api/events status=502 upstream=B rt_ms=313 bytes=1463
2026-03-14 03:31:22.404 edge /healthz status=200 upstream=B rt_ms=261 bytes=21181
2026-03-14 03:31:23.091 edge /healthz status=200 upstream=B rt_ms=35 bytes=30838
2026-03-14 03:31:23.884 edge /api/orders status=200 upstream=B rt_ms=339 bytes=3948
2026-03-14 03:31:25.256 edge /api/events status=502 upstream=B rt_ms=254 bytes=27748
2026-03-14 03:31:26.545 edge /healthz status=200 upstream=B rt_ms=66 bytes=13663
2026-03-14 03:31:29.663 edge /api/events status=502 upstream=B rt_ms=206 bytes=10618
2026-03-14 03:31:29.725 edge /api/orders status=200 upstream=B rt_ms=114 bytes=30626
2026-03-14 03:31:30.250 edge /api/orders status=200 upstream=B rt_ms=265 bytes=41822
2026-03-14 03:31:31.794 edge /api/orders status=502 upstream=B rt_ms=37 bytes=33809
2026-03-14 03:31:32.564 edge /api/events status=502 upstream=B rt_ms=51 bytes=20891
2026-03-14 03:31:32.568 edge /api/events status=200 upstream=B rt_ms=385 bytes=7436
2026-03-14 03:31:32.986 edge /api/orders status=200 upstream=B rt_ms=254 bytes=29578
2026-03-14 03:31:34.003 edge /api/orders status=502 upstream=B rt_ms=67 bytes=12697
2026-03-14 03:31:34.558 edge / status=502 upstream=B rt_ms=78 bytes=40161
2026-03-14 03:31:34.608 edge /api/events status=404 upstream=B rt_ms=93 bytes=38068
2026-03-14 03:31:34.683 edge /api/events status=200 upstream=B rt_ms=116 bytes=26096
2026-03-14 03:31:35.331 edge /api/orders status=502 upstream=B rt_ms=18 bytes=2263
2026-03-14 03:31:35.810 edge /static/style.css status=200 upstream=B rt_ms=245 bytes=36550
2026-03-14 03:31:38.930 edge /static/style.css status=200 upstream=B rt_ms=209 bytes=2805
2026-03-14 03:31:39.237 edge /static/style.css status=500 upstream=B rt_ms=9 bytes=17248
2026-03-14 03:31:39.492 edge /api/events status=502 upstream=B rt_ms=354 bytes=39038
2026-03-14 03:31:39.734 edge /api/events status=404 upstream=B rt_ms=249 bytes=15672
2026-03-14 03:31:45.293 edge /static/style.css status=200 upstream=B rt_ms=254 bytes=37297
2026-03-14 03:31:46.496 edge / status=502 upstream=B rt_ms=133 bytes=21149
2026-03-14 03:31:47.091 edge / status=404 upstream=B rt_ms=182 bytes=36987
2026-03-14 03:31:48.055 edge /api/orders status=200 upstream=B rt_ms=338 bytes=38885
2026-03-14 03:31:50.310 edge /healthz status=502 upstream=B rt_ms=368 bytes=32682
2026-03-14 03:31:52.159 edge /api/orders status=200 upstream=B rt_ms=197 bytes=14941
2026-03-14 03:31:53.791 edge / status=200 upstream=B rt_ms=73 bytes=6688
2026-03-14 03:31:53.835 edge / status=502 upstream=B rt_ms=136 bytes=4510
2026-03-14 03:31:55.308 edge /api/events status=200 upstream=B rt_ms=397 bytes=30797
2026-03-14 03:31:55.435 edge /api/orders status=200 upstream=B rt_ms=20 bytes=27757
2026-03-14 03:31:55.638 edge /healthz status=200 upstream=B rt_ms=370 bytes=21987
2026-03-14 03:31:56.070 edge /api/events status=502 upstream=B rt_ms=262 bytes=20039
2026-03-14 03:31:56.663 edge /api/events status=502 upstream=B rt_ms=15 bytes=8213
2026-03-14 03:32:00.721 edge /healthz status=200 upstream=B rt_ms=153 bytes=22081
2026-03-14 03:32:01.349 edge /api/events status=502 upstream=B rt_ms=132 bytes=37044
2026-03-14 03:32:01.700 edge /static/style.css status=500 upstream=B rt_ms=372 bytes=13220
2026-03-14 03:32:01.839 edge /api/events status=200 upstream=B rt_ms=110 bytes=9965
2026-03-14 03:32:02.633 edge /api/events status=404 upstream=B rt_ms=360 bytes=24713
2026-03-14 03:32:05.118 edge /healthz status=404 upstream=B rt_ms=31 bytes=2376
2026-03-14 03:32:05.401 edge /static/style.css status=200 upstream=B rt_ms=98 bytes=24472
2026-03-14 03:32:06.656 edge /api/orders status=200 upstream=B rt_ms=84 bytes=19164
2026-03-14 03:32:08.098 edge /healthz status=200 upstream=B rt_ms=248 bytes=5332
2026-03-14 03:32:09.025 edge /api/events status=200 upstream=B rt_ms=234 bytes=25463
2026-03-14 03:32:10.226 edge /api/events status=200 upstream=B rt_ms=343 bytes=15982
2026-03-14 03:32:11.364 edge /healthz status=502 upstream=B rt_ms=125 bytes=26154
2026-03-14 03:32:13.091 edge / status=200 upstream=B rt_ms=222 bytes=28827
2026-03-14 03:32:13.402 edge /static/style.css status=502 upstream=B rt_ms=355 bytes=18178
2026-03-14 03:32:13.403 edge /healthz status=500 upstream=B rt_ms=86 bytes=36880
2026-03-14 03:32:14.319 edge /api/orders status=502 upstream=B rt_ms=172 bytes=39506
2026-03-14 03:32:15.560 edge /static/style.css status=502 upstream=B rt_ms=54 bytes=6186
2026-03-14 03:32:16.234 edge /healthz status=200 upstream=B rt_ms=171 bytes=1725
2026-03-14 03:32:17.479 edge /static/style.css status=200 upstream=B rt_ms=295 bytes=12307
2026-03-14 03:32:18.184 edge / status=200 upstream=B rt_ms=13 bytes=23897
2026-03-14 03:32:18.483 edge /healthz status=502 upstream=B rt_ms=101 bytes=29293
2026-03-14 03:32:19.146 edge /static/style.css status=502 upstream=B rt_ms=239 bytes=33473
2026-03-14 03:32:23.064 edge / status=200 upstream=B rt_ms=261 bytes=9340
2026-03-14 03:32:23.669 edge /static/style.css status=200 upstream=B rt_ms=220 bytes=9170
2026-03-14 03:32:23.797 edge /healthz status=200 upstream=B rt_ms=210 bytes=3522
2026-03-14 03:32:25.262 edge /api/events status=500 upstream=B rt_ms=384 bytes=15766
2026-03-14 03:32:26.954 edge /api/events status=502 upstream=B rt_ms=244 bytes=25060
2026-03-14 03:32:27.240 edge /api/events status=200 upstream=B rt_ms=245 bytes=29183
2026-03-14 03:32:28.005 edge /api/events status=200 upstream=B rt_ms=20 bytes=7423
2026-03-14 03:32:28.526 edge /api/orders status=200 upstream=B rt_ms=142 bytes=27174
2026-03-14 03:32:31.078 edge /api/orders status=200 upstream=B rt_ms=55 bytes=33251
2026-03-14 03:32:33.541 edge /static/style.css status=502 upstream=B rt_ms=334 bytes=33652
2026-03-14 03:32:39.362 edge /api/events status=200 upstream=B rt_ms=380 bytes=35623
2026-03-14 03:32:40.530 edge /healthz status=200 upstream=B rt_ms=211 bytes=27952
2026-03-14 03:32:40.901 edge /healthz status=502 upstream=B rt_ms=113 bytes=23553
2026-03-14 03:32:41.220 edge /api/events status=200 upstream=B rt_ms=274 bytes=22128
2026-03-14 03:32:41.468 edge /api/events status=200 upstream=B rt_ms=194 bytes=9270
2026-03-14 03:32:42.092 edge / status=200 upstream=B rt_ms=62 bytes=27729
2026-03-14 03:32:43.578 edge /healthz status=200 upstream=B rt_ms=386 bytes=2930
2026-03-14 03:32:43.618 edge /api/events status=200 upstream=B rt_ms=29 bytes=25098
2026-03-14 03:32:43.960 edge /static/style.css status=200 upstream=B rt_ms=24 bytes=4287
2026-03-14 03:32:44.291 edge /healthz status=200 upstream=B rt_ms=176 bytes=23606
2026-03-14 03:32:46.140 edge /static/style.css status=200 upstream=B rt_ms=64 bytes=34899
2026-03-14 03:32:48.740 edge /static/style.css status=500 upstream=B rt_ms=171 bytes=19198
2026-03-14 03:32:48.968 edge / status=200 upstream=B rt_ms=47 bytes=3701
2026-03-14 03:32:50.274 edge /static/style.css status=200 upstream=B rt_ms=227 bytes=10488
2026-03-14 03:32:51.560 edge /api/orders status=502 upstream=B rt_ms=161 bytes=29014
2026-03-14 03:32:51.941 edge /static/style.css status=502 upstream=B rt_ms=377 bytes=20437
2026-03-14 03:32:52.079 edge / status=502 upstream=B rt_ms=211 bytes=18580
2026-03-14 03:32:52.490 edge /api/events status=502 upstream=B rt_ms=323 bytes=26384
2026-03-14 03:32:53.454 edge /api/events status=200 upstream=B rt_ms=359 bytes=14945
2026-03-14 03:32:55.517 edge /static/style.css status=200 upstream=B rt_ms=148 bytes=5775
2026-03-14 03:32:56.261 edge /healthz status=502 upstream=B rt_ms=248 bytes=9993
2026-03-14 03:32:56.567 edge /api/orders status=200 upstream=B rt_ms=120 bytes=25035
2026-03-14 03:32:57.037 edge /api/orders status=200 upstream=B rt_ms=2 bytes=35097
2026-03-14 03:33:00.278 edge /api/events status=200 upstream=B rt_ms=196 bytes=2669
2026-03-14 03:33:00.322 edge /api/events status=200 upstream=B rt_ms=260 bytes=9499
2026-03-14 03:33:01.287 edge /healthz status=502 upstream=B rt_ms=87 bytes=27438
2026-03-14 03:33:02.376 edge /healthz status=200 upstream=B rt_ms=310 bytes=6462
2026-03-14 03:33:02.687 edge /static/style.css status=500 upstream=B rt_ms=247 bytes=1057
2026-03-14 03:33:02.734 edge /api/orders status=502 upstream=B rt_ms=263 bytes=14000
2026-03-14 03:33:05.123 edge / status=200 upstream=B rt_ms=8 bytes=31392
2026-03-14 03:33:05.623 edge /healthz status=200 upstream=B rt_ms=95 bytes=396
2026-03-14 03:33:09.534 edge /static/style.css status=200 upstream=B rt_ms=242 bytes=39164
2026-03-14 03:33:09.745 edge /static/style.css status=502 upstream=B rt_ms=18 bytes=12109
2026-03-14 03:33:10.296 edge / status=500 upstream=B rt_ms=164 bytes=41205
2026-03-14 03:33:12.093 edge /static/style.css status=200 upstream=B rt_ms=335 bytes=10192
2026-03-14 03:33:14.523 edge /healthz status=200 upstream=B rt_ms=240 bytes=23165
2026-03-14 03:33:18.313 edge /static/style.css status=502 upstream=B rt_ms=321 bytes=3117
2026-03-14 03:33:19.268 edge /static/style.css status=200 upstream=B rt_ms=23 bytes=36456
2026-03-14 03:33:20.111 edge /api/events status=200 upstream=B rt_ms=241 bytes=16308
2026-03-14 03:33:20.398 edge /api/orders status=200 upstream=B rt_ms=317 bytes=30113
2026-03-14 03:33:20.586 edge /api/events status=200 upstream=B rt_ms=62 bytes=25983
2026-03-14 03:33:22.524 edge /static/style.css status=200 upstream=B rt_ms=212 bytes=18022
2026-03-14 03:33:22.852 edge / status=404 upstream=B rt_ms=192 bytes=36691
2026-03-14 03:33:23.014 edge /api/orders status=502 upstream=B rt_ms=166 bytes=16439
2026-03-14 03:33:23.179 edge /api/events status=502 upstream=B rt_ms=47 bytes=36314
2026-03-14 03:33:23.387 edge / status=404 upstream=B rt_ms=180 bytes=26860
2026-03-14 03:33:23.562 edge /api/orders status=200 upstream=B rt_ms=184 bytes=23293
2026-03-14 03:33:25.017 edge /api/events status=502 upstream=B rt_ms=168 bytes=5677
2026-03-14 03:33:26.790 edge /static/style.css status=200 upstream=B rt_ms=141 bytes=14261
2026-03-14 03:33:28.339 edge /static/style.css status=200 upstream=B rt_ms=5 bytes=14243
2026-03-14 03:33:30.977 edge /api/events status=200 upstream=B rt_ms=85 bytes=33829
2026-03-14 03:33:34.041 edge / status=200 upstream=B rt_ms=136 bytes=20789
2026-03-14 03:33:34.135 edge /healthz status=502 upstream=B rt_ms=174 bytes=27294
2026-03-14 03:33:35.126 edge /api/events status=502 upstream=B rt_ms=235 bytes=28534
2026-03-14 03:33:35.271 edge /api/events status=502 upstream=B rt_ms=358 bytes=19777
2026-03-14 03:33:37.054 edge /static/style.css status=200 upstream=B rt_ms=257 bytes=25765
2026-03-14 03:33:39.645 edge /healthz status=200 upstream=B rt_ms=341 bytes=12892
2026-03-14 03:33:40.767 edge / status=500 upstream=B rt_ms=158 bytes=23744
2026-03-14 03:33:41.609 edge /api/orders status=200 upstream=B rt_ms=132 bytes=38258
2026-03-14 03:33:42.641 edge /api/orders status=200 upstream=B rt_ms=315 bytes=3166
2026-03-14 03:33:43.188 edge / status=500 upstream=B rt_ms=332 bytes=18358
2026-03-14 03:33:43.529 edge /api/orders status=502 upstream=B rt_ms=86 bytes=26782
2026-03-14 03:33:44.880 edge /static/style.css status=502 upstream=B rt_ms=305 bytes=1605
2026-03-14 03:33:47.011 edge /static/style.css status=404 upstream=B rt_ms=327 bytes=41339
2026-03-14 03:33:47.134 edge /healthz status=200 upstream=B rt_ms=172 bytes=15382
2026-03-14 03:33:49.226 edge /healthz status=502 upstream=B rt_ms=12 bytes=381
2026-03-14 03:33:49.272 edge /api/orders status=502 upstream=B rt_ms=179 bytes=35155
2026-03-14 03:33:50.241 edge /api/events status=200 upstream=B rt_ms=304 bytes=8158
2026-03-14 03:33:50.842 edge /static/style.css status=200 upstream=B rt_ms=311 bytes=9069
2026-03-14 03:33:51.811 edge / status=200 upstream=B rt_ms=392 bytes=17499
2026-03-14 03:33:52.609 edge /api/events status=500 upstream=B rt_ms=6 bytes=39680
2026-03-14 03:33:53.020 edge /api/events status=404 upstream=B rt_ms=164 bytes=34910
2026-03-14 03:33:53.990 edge /api/orders status=404 upstream=B rt_ms=275 bytes=35813
2026-03-14 03:33:54.403 edge /api/orders status=200 upstream=B rt_ms=260 bytes=7135
2026-03-14 03:33:56.470 edge / status=502 upstream=B rt_ms=375 bytes=37519
2026-03-14 03:33:59.640 edge /api/orders status=502 upstream=B rt_ms=243 bytes=14000
2026-03-14 03:34:02.645 edge / status=502 upstream=B rt_ms=41 bytes=1719
2026-03-14 03:34:02.704 edge / status=200 upstream=B rt_ms=165 bytes=31419
2026-03-14 03:34:02.943 edge / status=502 upstream=B rt_ms=135 bytes=17357
2026-03-14 03:34:06.123 edge /api/orders status=200 upstream=B rt_ms=197 bytes=20849
2026-03-14 03:34:06.913 edge /healthz status=200 upstream=B rt_ms=338 bytes=15738
2026-03-14 03:34:07.074 edge /api/events status=200 upstream=B rt_ms=70 bytes=41101
2026-03-14 03:34:09.164 edge /api/orders status=200 upstream=B rt_ms=233 bytes=22798
2026-03-14 03:34:09.279 edge /static/style.css status=200 upstream=B rt_ms=252 bytes=20412
2026-03-14 03:34:11.266 edge /api/orders status=200 upstream=B rt_ms=323 bytes=10839
2026-03-14 03:34:11.796 edge / status=200 upstream=B rt_ms=211 bytes=30890
2026-03-14 03:34:12.004 edge /api/events status=200 upstream=B rt_ms=84 bytes=8345
2026-03-14 03:34:13.602 edge /api/events status=502 upstream=B rt_ms=32 bytes=23866
2026-03-14 03:34:15.046 edge /healthz status=200 upstream=B rt_ms=6 bytes=11649
2026-03-14 03:34:15.713 edge /static/style.css status=200 upstream=B rt_ms=343 bytes=32918
2026-03-14 03:34:20.502 edge /api/events status=200 upstream=B rt_ms=300 bytes=11736
2026-03-14 03:34:26.620 edge /api/events status=502 upstream=B rt_ms=119 bytes=16660
2026-03-14 03:34:26.945 edge / status=200 upstream=B rt_ms=364 bytes=1958
2026-03-14 03:34:27.176 edge /static/style.css status=502 upstream=B rt_ms=314 bytes=10480
2026-03-14 03:34:27.630 edge /healthz status=200 upstream=B rt_ms=17 bytes=39710
2026-03-14 03:34:27.685 edge /api/events status=502 upstream=B rt_ms=301 bytes=25145
2026-03-14 03:34:28.064 edge / status=200 upstream=B rt_ms=322 bytes=5978
2026-03-14 03:34:30.388 edge /static/style.css status=502 upstream=B rt_ms=54 bytes=8328
2026-03-14 03:34:34.656 edge /static/style.css status=200 upstream=B rt_ms=373 bytes=14860
2026-03-14 03:34:34.958 edge / status=502 upstream=B rt_ms=44 bytes=16832
2026-03-14 03:34:35.261 edge / status=502 upstream=B rt_ms=373 bytes=41764
2026-03-14 03:34:35.410 edge /api/orders status=200 upstream=B rt_ms=57 bytes=11317
2026-03-14 03:34:35.969 edge /api/events status=200 upstream=B rt_ms=131 bytes=25065
2026-03-14 03:34:37.772 edge / status=200 upstream=B rt_ms=256 bytes=39782
2026-03-14 03:34:38.683 edge / status=200 upstream=B rt_ms=274 bytes=13948
2026-03-14 03:34:40.756 edge /healthz status=200 upstream=B rt_ms=71 bytes=2020
2026-03-14 03:34:41.325 edge /healthz status=200 upstream=B rt_ms=191 bytes=3913
2026-03-14 03:34:43.050 edge /healthz status=502 upstream=B rt_ms=23 bytes=13393
2026-03-14 03:34:44.139 edge / status=200 upstream=B rt_ms=361 bytes=4863
2026-03-14 03:34:44.493 edge /api/orders status=404 upstream=B rt_ms=311 bytes=29688
2026-03-14 03:34:44.497 edge /static/style.css status=200 upstream=B rt_ms=320 bytes=2146
2026-03-14 03:34:45.723 edge /static/style.css status=502 upstream=B rt_ms=281 bytes=11045
2026-03-14 03:34:47.067 edge / status=502 upstream=B rt_ms=135 bytes=36977
2026-03-14 03:34:48.221 edge /api/orders status=502 upstream=B rt_ms=37 bytes=8443
2026-03-14 03:34:52.277 edge /healthz status=404 upstream=B rt_ms=224 bytes=38966
2026-03-14 03:34:53.806 edge /api/orders status=200 upstream=B rt_ms=137 bytes=19518
2026-03-14 03:34:56.366 edge /api/events status=200 upstream=B rt_ms=211 bytes=20251
2026-03-14 03:34:57.290 edge /healthz status=200 upstream=B rt_ms=68 bytes=28863
2026-03-14 03:34:57.452 edge /api/events status=200 upstream=B rt_ms=295 bytes=16086
2026-03-14 03:34:57.863 edge /api/events status=200 upstream=B rt_ms=253 bytes=29224
2026-03-14 03:34:57.882 edge /api/orders status=502 upstream=B rt_ms=388 bytes=41954
2026-03-14 03:34:58.654 edge /static/style.css status=502 upstream=B rt_ms=377 bytes=37404
