2026-03-14 02:00:00.179 runner job=J10529 run=r4777 event=start pid=5777
2026-03-14 02:00:00.179 runner job=J10529 run=r4777 event=finish status=ok exit=0 duration_ms=149492 level=INFO
2026-03-14 02:00:00.202 runner job=J10610 run=r4783 event=start pid=5783
2026-03-14 02:00:00.202 runner job=J10610 run=r4783 event=finish status=failed exit=2 duration_ms=324378 level=WARN
2026-03-14 02:00:00.216 runner job=J10156 run=r4700 event=start pid=5700
2026-03-14 02:00:00.216 runner job=J10156 run=r4700 event=finish status=retry_ok exit=0 duration_ms=58372 level=INFO
2026-03-14 02:00:00.216 runner job=J10156 run=r4700 event=retry attempt=2 note=transient-upstream
2026-03-14 02:00:00.334 runner job=J10217 run=r4721 event=start pid=5721
2026-03-14 02:00:00.334 runner job=J10217 run=r4721 event=finish status=ok exit=0 duration_ms=73958 level=INFO
2026-03-14 02:00:00.370 runner job=J10437 run=r4750 event=start pid=5750
2026-03-14 02:00:00.370 runner job=J10437 run=r4750 event=finish status=ok exit=0 duration_ms=4177 level=INFO
2026-03-14 02:00:00.436 runner job=J10347 run=r4742 event=start pid=5742
2026-03-14 02:00:00.436 runner job=J10347 run=r4742 event=finish status=ok exit=0 duration_ms=133446 level=INFO
2026-03-14 02:00:00.596 runner job=J10061 run=r4660 event=start pid=5660
2026-03-14 02:00:00.596 runner job=J10061 run=r4660 event=finish status=ok exit=0 duration_ms=8090 level=INFO
2026-03-14 02:01:36.702 runner job=J10061 run=r4661 event=start pid=5661
2026-03-14 02:01:36.702 runner job=J10061 run=r4661 event=finish status=ok exit=0 duration_ms=7574 level=INFO
2026-03-14 02:03:19.202 runner job=J10437 run=r4751 event=start pid=5751
2026-03-14 02:03:19.202 runner job=J10437 run=r4751 event=finish status=ok exit=0 duration_ms=3036 level=INFO
2026-03-14 02:03:34.052 runner job=J10061 run=r4662 event=start pid=5662
2026-03-14 02:03:34.052 runner job=J10061 run=r4662 event=finish status=failed exit=1 duration_ms=5947 level=WARN
2026-03-14 02:03:47.771 runner job=J10156 run=r4701 event=start pid=5701
2026-03-14 02:03:47.771 runner job=J10156 run=r4701 event=finish status=ok exit=0 duration_ms=66139 level=INFO
2026-03-14 02:03:52.609 runner job=J10217 run=r4722 event=start pid=5722
2026-03-14 02:03:52.609 runner job=J10217 run=r4722 event=finish status=ok exit=0 duration_ms=72116 level=INFO
2026-03-14 02:05:37.230 runner job=J10061 run=r4663 event=start pid=5663
2026-03-14 02:05:37.230 runner job=J10061 run=r4663 event=finish status=ok exit=0 duration_ms=7249 level=INFO
2026-03-14 02:06:40.567 runner job=J10437 run=r4752 event=start pid=5752
2026-03-14 02:06:40.567 runner job=J10437 run=r4752 event=finish status=ok exit=0 duration_ms=5950 level=INFO
2026-03-14 02:07:20.979 runner job=J10156 run=r4702 event=start pid=5702
2026-03-14 02:07:20.979 runner job=J10156 run=r4702 event=finish status=ok exit=0 duration_ms=45011 level=INFO
2026-03-14 02:07:36.810 runner job=J10217 run=r4723 event=start pid=5723
2026-03-14 02:07:36.810 runner job=J10217 run=r4723 event=finish status=ok exit=0 duration_ms=66166 level=INFO
2026-03-14 02:07:38.015 runner job=J10061 run=r4664 event=start pid=5664
2026-03-14 02:07:38.015 runner job=J10061 run=r4664 event=finish status=ok exit=0 duration_ms=7993 level=INFO
2026-03-14 02:09:33.113 runner job=J10437 run=r4753 event=start pid=5753
2026-03-14 02:09:33.113 runner job=J10437 run=r4753 event=finish status=ok exit=0 duration_ms=5768 level=INFO
2026-03-14 02:09:43.706 runner job=J10347 run=r4743 event=start pid=5743
2026-03-14 02:09:43.706 runner job=J10347 run=r4743 event=finish status=ok exit=0 duration_ms=112223 level=INFO
2026-03-14 02:11:02.228 runner job=J10061 run=r4666 event=start pid=5666
2026-03-14 02:11:02.228 runner job=J10061 run=r4666 event=finish status=ok exit=0 duration_ms=4265 level=INFO
2026-03-14 02:11:30.019 runner job=J10156 run=r4703 event=start pid=5703
2026-03-14 02:11:30.019 runner job=J10156 run=r4703 event=finish status=ok exit=0 duration_ms=72838 level=INFO
2026-03-14 02:11:37.955 runner job=J10217 run=r4724 event=start pid=5724
2026-03-14 02:11:37.955 runner job=J10217 run=r4724 event=finish status=ok exit=0 duration_ms=42300 level=INFO
2026-03-14 02:12:24.014 runner job=J10437 run=r4754 event=start pid=5754
2026-03-14 02:12:24.014 runner job=J10437 run=r4754 event=finish status=ok exit=0 duration_ms=5511 level=INFO
2026-03-14 02:12:51.682 runner job=J10061 run=r4667 event=start pid=5667
2026-03-14 02:12:51.682 runner job=J10061 run=r4667 event=finish status=ok exit=0 duration_ms=6039 level=INFO
2026-03-14 02:14:29.327 runner job=J10061 run=r4668 event=start pid=5668
2026-03-14 02:14:29.327 runner job=J10061 run=r4668 event=finish status=ok exit=0 duration_ms=7872 level=INFO
2026-03-14 02:14:47.262 runner job=J10529 run=r4778 event=start pid=5778
2026-03-14 02:14:47.262 runner job=J10529 run=r4778 event=finish status=ok exit=0 duration_ms=163282 level=INFO
2026-03-14 02:15:02.790 runner job=J10156 run=r4704 event=start pid=5704
2026-03-14 02:15:02.790 runner job=J10156 run=r4704 event=finish status=ok exit=0 duration_ms=48547 level=INFO
2026-03-14 02:15:20.480 runner job=J10217 run=r4725 event=start pid=5725
2026-03-14 02:15:20.480 runner job=J10217 run=r4725 event=finish status=ok exit=0 duration_ms=46593 level=INFO
2026-03-14 02:15:49.418 runner job=J10437 run=r4755 event=start pid=5755
2026-03-14 02:15:49.418 runner job=J10437 run=r4755 event=finish status=ok exit=0 duration_ms=5087 level=INFO
2026-03-14 02:16:33.412 runner job=J10061 run=r4669 event=start pid=5669
2026-03-14 02:16:33.412 runner job=J10061 run=r4669 event=finish status=ok exit=0 duration_ms=5891 level=INFO
2026-03-14 02:18:20.470 runner job=J10437 run=r4756 event=start pid=5756
2026-03-14 02:18:20.470 runner job=J10437 run=r4756 event=finish status=ok exit=0 duration_ms=2345 level=INFO
2026-03-14 02:18:37.482 runner job=J10061 run=r4670 event=start pid=5670
2026-03-14 02:18:37.482 runner job=J10061 run=r4670 event=finish status=ok exit=0 duration_ms=7604 level=INFO
2026-03-14 02:19:18.615 runner job=J10156 run=r4705 event=start pid=5705
2026-03-14 02:19:18.615 runner job=J10156 run=r4705 event=finish status=failed exit=2 duration_ms=72501 level=WARN
2026-03-14 02:19:41.970 runner job=J10217 run=r4726 event=start pid=5726
2026-03-14 02:19:41.970 runner job=J10217 run=r4726 event=finish status=ok exit=0 duration_ms=45317 level=INFO
2026-03-14 02:19:59.805 runner job=J10347 run=r4744 event=start pid=5744
2026-03-14 02:19:59.805 runner job=J10347 run=r4744 event=finish status=ok exit=0 duration_ms=106697 level=INFO
2026-03-14 02:19:59.883 runner job=J10610 run=r4784 event=start pid=5784
2026-03-14 02:19:59.883 runner job=J10610 run=r4784 event=finish status=ok exit=0 duration_ms=371995 level=INFO
2026-03-14 02:21:36.336 runner job=J10437 run=r4757 event=start pid=5757
2026-03-14 02:21:36.336 runner job=J10437 run=r4757 event=finish status=ok exit=0 duration_ms=4012 level=INFO
2026-03-14 02:22:59.944 runner job=J10156 run=r4706 event=start pid=5706
2026-03-14 02:22:59.944 runner job=J10156 run=r4706 event=finish status=ok exit=0 duration_ms=72548 level=INFO
2026-03-14 02:23:05.231 runner job=J10061 run=r4672 event=start pid=5672
2026-03-14 02:23:05.231 runner job=J10061 run=r4672 event=finish status=retry_ok exit=0 duration_ms=8048 level=INFO
2026-03-14 02:23:05.231 runner job=J10061 run=r4672 event=retry attempt=2 note=transient-upstream
2026-03-14 02:23:19.450 runner job=J10217 run=r4727 event=start pid=5727
2026-03-14 02:23:19.450 runner job=J10217 run=r4727 event=finish status=ok exit=0 duration_ms=34323 level=INFO
2026-03-14 02:24:37.998 runner job=J10437 run=r4758 event=start pid=5758
2026-03-14 02:24:37.998 runner job=J10437 run=r4758 event=finish status=ok exit=0 duration_ms=2905 level=INFO
2026-03-14 02:25:01.771 runner job=J10061 run=r4673 event=start pid=5673
2026-03-14 02:25:01.771 runner job=J10061 run=r4673 event=finish status=ok exit=0 duration_ms=7570 level=INFO
2026-03-14 02:26:33.305 runner job=J10061 run=r4674 event=start pid=5674
2026-03-14 02:26:33.305 runner job=J10061 run=r4674 event=finish status=ok exit=0 duration_ms=5420 level=INFO
2026-03-14 02:26:55.875 runner job=J10156 run=r4707 event=start pid=5707
2026-03-14 02:26:55.875 runner job=J10156 run=r4707 event=finish status=ok exit=0 duration_ms=81725 level=INFO
2026-03-14 02:27:46.763 runner job=J10217 run=r4728 event=start pid=5728
2026-03-14 02:27:46.763 runner job=J10217 run=r4728 event=finish status=ok exit=0 duration_ms=66685 level=INFO
2026-03-14 02:27:47.354 runner job=J10437 run=r4759 event=start pid=5759
2026-03-14 02:27:47.354 runner job=J10437 run=r4759 event=finish status=ok exit=0 duration_ms=5677 level=INFO
2026-03-14 02:28:11.063 runner job=J10061 run=r4675 event=start pid=5675
2026-03-14 02:28:11.063 runner job=J10061 run=r4675 event=finish status=ok exit=0 duration_ms=4364 level=INFO
2026-03-14 02:29:49.240 runner job=J10347 run=r4745 event=start pid=5745
2026-03-14 02:29:49.240 runner job=J10347 run=r4745 event=finish status=ok exit=0 duration_ms=122030 level=INFO
2026-03-14 02:30:16.947 runner job=J10529 run=r4779 event=start pid=5779
2026-03-14 02:30:16.947 runner job=J10529 run=r4779 event=finish status=failed exit=2 duration_ms=295004 level=WARN
2026-03-14 02:30:32.742 runner job=J10156 run=r4708 event=start pid=5708
2026-03-14 02:30:32.742 runner job=J10156 run=r4708 event=finish status=ok exit=0 duration_ms=50553 level=INFO
2026-03-14 02:30:35.749 runner job=J10061 run=r4676 event=start pid=5676
2026-03-14 02:30:35.749 runner job=J10061 run=r4676 event=finish status=ok exit=0 duration_ms=4562 level=INFO
2026-03-14 02:30:51.096 runner job=J10437 run=r4760 event=start pid=5760
2026-03-14 02:30:51.096 runner job=J10437 run=r4760 event=finish status=ok exit=0 duration_ms=5159 level=INFO
2026-03-14 02:31:38.034 runner job=J10217 run=r4729 event=start pid=5729
2026-03-14 02:31:38.034 runner job=J10217 run=r4729 event=finish status=ok exit=0 duration_ms=58280 level=INFO
2026-03-14 02:32:50.390 runner job=J10061 run=r4677 event=start pid=5677
2026-03-14 02:32:50.390 runner job=J10061 run=r4677 event=finish status=ok exit=0 duration_ms=4956 level=INFO
2026-03-14 02:34:02.591 runner job=J10437 run=r4761 event=start pid=5761
2026-03-14 02:34:02.591 runner job=J10437 run=r4761 event=finish status=ok exit=0 duration_ms=2339 level=INFO
2026-03-14 02:34:57.999 runner job=J10156 run=r4709 event=start pid=5709
2026-03-14 02:34:57.999 runner job=J10156 run=r4709 event=finish status=ok exit=0 duration_ms=47896 level=INFO
2026-03-14 02:35:05.634 runner job=J10061 run=r4678 event=start pid=5678
2026-03-14 02:35:05.634 runner job=J10061 run=r4678 event=finish status=ok exit=0 duration_ms=5294 level=INFO
2026-03-14 02:35:29.585 runner job=J10217 run=r4730 event=start pid=5730
2026-03-14 02:35:29.585 runner job=J10217 run=r4730 event=finish status=retry_ok exit=0 duration_ms=71191 level=INFO
2026-03-14 02:35:29.585 runner job=J10217 run=r4730 event=retry attempt=2 note=transient-upstream
2026-03-14 02:36:52.557 runner job=J10437 run=r4762 event=start pid=5762
2026-03-14 02:36:52.557 runner job=J10437 run=r4762 event=finish status=ok exit=0 duration_ms=2607 level=INFO
2026-03-14 02:37:28.101 runner job=J10061 run=r4679 event=start pid=5679
2026-03-14 02:37:28.101 runner job=J10061 run=r4679 event=finish status=ok exit=0 duration_ms=5544 level=INFO
2026-03-14 02:38:39.783 runner job=J10156 run=r4710 event=start pid=5710
2026-03-14 02:38:39.783 runner job=J10156 run=r4710 event=finish status=ok exit=0 duration_ms=56871 level=INFO
2026-03-14 02:39:00.140 runner job=J10061 run=r4680 event=start pid=5680
2026-03-14 02:39:00.140 runner job=J10061 run=r4680 event=finish status=ok exit=0 duration_ms=4242 level=INFO
2026-03-14 02:39:33.667 runner job=J10217 run=r4731 event=start pid=5731
2026-03-14 02:39:33.667 runner job=J10217 run=r4731 event=finish status=retry_ok exit=0 duration_ms=66946 level=INFO
2026-03-14 02:39:33.667 runner job=J10217 run=r4731 event=retry attempt=2 note=transient-upstream
2026-03-14 02:39:55.323 runner job=J10347 run=r4746 event=start pid=5746
2026-03-14 02:39:55.323 runner job=J10347 run=r4746 event=finish status=ok exit=0 duration_ms=84937 level=INFO
2026-03-14 02:40:16.714 runner job=J10437 run=r4763 event=start pid=5763
2026-03-14 02:40:16.714 runner job=J10437 run=r4763 event=finish status=ok exit=0 duration_ms=5625 level=INFO
2026-03-14 02:40:25.613 runner job=J10610 run=r4785 event=start pid=5785
2026-03-14 02:40:25.613 runner job=J10610 run=r4785 event=finish status=ok exit=0 duration_ms=287849 level=INFO
2026-03-14 02:41:26.218 runner job=J10061 run=r4681 event=start pid=5681
2026-03-14 02:41:26.218 runner job=J10061 run=r4681 event=finish status=ok exit=0 duration_ms=4152 level=INFO
2026-03-14 02:42:51.798 runner job=J10156 run=r4711 event=start pid=5711
2026-03-14 02:42:51.798 runner job=J10156 run=r4711 event=finish status=ok exit=0 duration_ms=83648 level=INFO
2026-03-14 02:43:05.509 runner job=J10217 run=r4732 event=start pid=5732
2026-03-14 02:43:05.509 runner job=J10217 run=r4732 event=finish status=ok exit=0 duration_ms=53846 level=INFO
2026-03-14 02:43:19.706 runner job=J10437 run=r4764 event=start pid=5764
2026-03-14 02:43:19.706 runner job=J10437 run=r4764 event=finish status=ok exit=0 duration_ms=3390 level=INFO
2026-03-14 02:43:43.241 runner job=J10061 run=r4682 event=start pid=5682
2026-03-14 02:43:43.241 runner job=J10061 run=r4682 event=finish status=ok exit=0 duration_ms=7201 level=INFO
2026-03-14 02:45:16.092 runner job=J10061 run=r4683 event=start pid=5683
2026-03-14 02:45:16.092 runner job=J10061 run=r4683 event=finish status=ok exit=0 duration_ms=5929 level=INFO
2026-03-14 02:45:42.235 runner job=J10529 run=r4780 event=start pid=5780
2026-03-14 02:45:42.235 runner job=J10529 run=r4780 event=finish status=ok exit=0 duration_ms=272331 level=INFO
2026-03-14 02:46:15.607 runner job=J10437 run=r4765 event=start pid=5765
2026-03-14 02:46:15.607 runner job=J10437 run=r4765 event=finish status=ok exit=0 duration_ms=5868 level=INFO
2026-03-14 02:46:24.460 runner job=J10156 run=r4712 event=start pid=5712
2026-03-14 02:46:24.460 runner job=J10156 run=r4712 event=finish status=ok exit=0 duration_ms=79875 level=INFO
2026-03-14 02:46:50.587 runner job=J10061 run=r4684 event=start pid=5684
2026-03-14 02:46:50.587 runner job=J10061 run=r4684 event=finish status=ok exit=0 duration_ms=5793 level=INFO
2026-03-14 02:46:58.469 runner job=J10217 run=r4733 event=start pid=5733
2026-03-14 02:46:58.469 runner job=J10217 run=r4733 event=finish status=ok exit=0 duration_ms=72587 level=INFO
2026-03-14 02:48:45.643 runner job=J10437 run=r4766 event=start pid=5766
2026-03-14 02:48:45.643 runner job=J10437 run=r4766 event=finish status=retry_ok exit=0 duration_ms=5109 level=INFO
2026-03-14 02:48:45.643 runner job=J10437 run=r4766 event=retry attempt=2 note=transient-upstream
2026-03-14 02:49:16.970 runner job=J10061 run=r4685 event=start pid=5685
2026-03-14 02:49:16.970 runner job=J10061 run=r4685 event=finish status=ok exit=0 duration_ms=7302 level=INFO
2026-03-14 02:49:38.276 runner job=J10347 run=r4747 event=start pid=5747
2026-03-14 02:49:38.276 runner job=J10347 run=r4747 event=finish status=ok exit=0 duration_ms=104067 level=INFO
2026-03-14 02:49:54.150 runner job=J10156 run=r4713 event=start pid=5713
2026-03-14 02:49:54.150 runner job=J10156 run=r4713 event=finish status=ok exit=0 duration_ms=86506 level=INFO
2026-03-14 02:50:42.231 runner job=J10217 run=r4734 event=start pid=5734
2026-03-14 02:50:42.231 runner job=J10217 run=r4734 event=finish status=ok exit=0 duration_ms=58371 level=INFO
2026-03-14 02:51:10.273 runner job=J10061 run=r4686 event=start pid=5686
2026-03-14 02:51:10.273 runner job=J10061 run=r4686 event=finish status=ok exit=0 duration_ms=7494 level=INFO
2026-03-14 02:52:08.371 runner job=J10437 run=r4767 event=start pid=5767
2026-03-14 02:52:08.371 runner job=J10437 run=r4767 event=finish status=ok exit=0 duration_ms=2352 level=INFO
2026-03-14 02:53:09.041 runner job=J10061 run=r4687 event=start pid=5687
2026-03-14 02:53:09.041 runner job=J10061 run=r4687 event=finish status=ok exit=0 duration_ms=6916 level=INFO
2026-03-14 02:53:30.847 runner job=J10217 run=r4787 event=start pid=5787
2026-03-14 02:53:30.847 runner job=J10217 run=r4787 event=finish status=oom_killed exit=137 duration_ms=33983 level=ERROR
2026-03-14 02:53:36.778 runner job=J10156 run=r4714 event=start pid=5714
2026-03-14 02:53:36.778 runner job=J10156 run=r4714 event=finish status=retry_ok exit=0 duration_ms=84689 level=INFO
2026-03-14 02:53:36.778 runner job=J10156 run=r4714 event=retry attempt=2 note=transient-upstream
2026-03-14 02:54:14.233 runner job=J10217 run=r4735 event=start pid=5735
2026-03-14 02:54:14.233 runner job=J10217 run=r4735 event=finish status=ok exit=0 duration_ms=50822 level=INFO
2026-03-14 02:54:41.473 runner job=J10061 run=r4688 event=start pid=5688
2026-03-14 02:54:41.473 runner job=J10061 run=r4688 event=finish status=ok exit=0 duration_ms=5736 level=INFO
2026-03-14 02:54:50.873 runner job=J10437 run=r4768 event=start pid=5768
2026-03-14 02:54:50.873 runner job=J10437 run=r4768 event=finish status=failed exit=1 duration_ms=3580 level=WARN
2026-03-14 02:56:54.374 runner job=J10061 run=r4689 event=start pid=5689
2026-03-14 02:56:54.374 runner job=J10061 run=r4689 event=finish status=ok exit=0 duration_ms=5079 level=INFO
2026-03-14 02:57:43.206 runner job=J10156 run=r4715 event=start pid=5715
2026-03-14 02:57:43.206 runner job=J10156 run=r4715 event=finish status=failed exit=1 duration_ms=32011 level=WARN
2026-03-14 02:57:52.089 runner job=J10217 run=r4736 event=start pid=5736
2026-03-14 02:57:52.089 runner job=J10217 run=r4736 event=finish status=oom_killed exit=137 duration_ms=73134 level=ERROR
2026-03-14 02:58:16.698 runner job=J10437 run=r4769 event=start pid=5769
2026-03-14 02:58:16.698 runner job=J10437 run=r4769 event=finish status=ok exit=0 duration_ms=3363 level=INFO
2026-03-14 02:59:04.945 runner job=J10061 run=r4690 event=start pid=5690
2026-03-14 02:59:04.945 runner job=J10061 run=r4690 event=finish status=ok exit=0 duration_ms=8645 level=INFO
2026-03-14 02:59:49.131 runner job=J10347 run=r4748 event=start pid=5748
2026-03-14 02:59:49.131 runner job=J10347 run=r4748 event=finish status=ok exit=0 duration_ms=126412 level=INFO
2026-03-14 03:00:02.352 runner job=J10610 run=r4786 event=start pid=5786
2026-03-14 03:00:02.352 runner job=J10610 run=r4786 event=finish status=ok exit=0 duration_ms=217305 level=INFO
2026-03-14 03:01:05.074 runner job=J10529 run=r4781 event=start pid=5781
2026-03-14 03:01:05.074 runner job=J10529 run=r4781 event=finish status=ok exit=0 duration_ms=132758 level=INFO
2026-03-14 03:01:08.564 runner job=J10437 run=r4770 event=start pid=5770
2026-03-14 03:01:08.564 runner job=J10437 run=r4770 event=finish status=ok exit=0 duration_ms=5489 level=INFO
2026-03-14 03:01:09.316 runner job=J10061 run=r4691 event=start pid=5691
2026-03-14 03:01:09.316 runner job=J10061 run=r4691 event=finish status=ok exit=0 duration_ms=4100 level=INFO
2026-03-14 03:01:51.965 runner job=J10217 run=r4737 event=start pid=5737
2026-03-14 03:01:51.965 runner job=J10217 run=r4737 event=finish status=oom_killed exit=137 duration_ms=70165 level=ERROR
2026-03-14 03:02:03.502 runner job=J10156 run=r4716 event=start pid=5716
2026-03-14 03:02:03.502 runner job=J10156 run=r4716 event=finish status=ok exit=0 duration_ms=31048 level=INFO
2026-03-14 03:02:54.747 runner job=J10061 run=r4692 event=start pid=5692
2026-03-14 03:02:54.747 runner job=J10061 run=r4692 event=finish status=ok exit=0 duration_ms=6010 level=INFO
2026-03-14 03:04:06.704 runner job=J10437 run=r4771 event=start pid=5771
2026-03-14 03:04:06.704 runner job=J10437 run=r4771 event=finish status=ok exit=0 duration_ms=4699 level=INFO
2026-03-14 03:05:03.420 runner job=J10061 run=r4693 event=start pid=5693
2026-03-14 03:05:03.420 runner job=J10061 run=r4693 event=finish status=ok exit=0 duration_ms=5049 level=INFO
2026-03-14 03:06:05.418 runner job=J10217 run=r4738 event=start pid=5738
2026-03-14 03:06:05.418 runner job=J10217 run=r4738 event=finish status=ok exit=0 duration_ms=44648 level=INFO
2026-03-14 03:06:19.209 runner job=J10156 run=r4717 event=start pid=5717
2026-03-14 03:06:19.209 runner job=J10156 run=r4717 event=finish status=ok exit=0 duration_ms=37144 level=INFO
2026-03-14 03:06:46.822 runner job=J10061 run=r4694 event=start pid=5694
2026-03-14 03:06:46.822 runner job=J10061 run=r4694 event=finish status=ok exit=0 duration_ms=6046 level=INFO
2026-03-14 03:07:18.779 runner job=J10437 run=r4772 event=start pid=5772
2026-03-14 03:07:18.779 runner job=J10437 run=r4772 event=finish status=ok exit=0 duration_ms=3137 level=INFO
2026-03-14 03:09:34.711 runner job=J10347 run=r4749 event=start pid=5749
2026-03-14 03:09:34.711 runner job=J10347 run=r4749 event=finish status=ok exit=0 duration_ms=66257 level=INFO
2026-03-14 03:09:49.815 runner job=J10156 run=r4718 event=start pid=5718
2026-03-14 03:09:49.815 runner job=J10156 run=r4718 event=finish status=ok exit=0 duration_ms=35421 level=INFO
2026-03-14 03:10:17.954 runner job=J10437 run=r4773 event=start pid=5773
2026-03-14 03:10:17.954 runner job=J10437 run=r4773 event=finish status=ok exit=0 duration_ms=5371 level=INFO
2026-03-14 03:10:24.894 runner job=J10217 run=r4739 event=start pid=5739
2026-03-14 03:10:24.894 runner job=J10217 run=r4739 event=finish status=ok exit=0 duration_ms=30344 level=INFO
2026-03-14 03:11:08.417 runner job=J10061 run=r4696 event=start pid=5696
2026-03-14 03:11:08.417 runner job=J10061 run=r4696 event=finish status=ok exit=0 duration_ms=8239 level=INFO
2026-03-14 03:13:21.726 runner job=J10437 run=r4774 event=start pid=5774
2026-03-14 03:13:21.726 runner job=J10437 run=r4774 event=finish status=ok exit=0 duration_ms=3412 level=INFO
2026-03-14 03:13:24.780 runner job=J10061 run=r4697 event=start pid=5697
2026-03-14 03:13:24.780 runner job=J10061 run=r4697 event=finish status=ok exit=0 duration_ms=4322 level=INFO
2026-03-14 03:13:57.027 runner job=J10156 run=r4719 event=start pid=5719
2026-03-14 03:13:57.027 runner job=J10156 run=r4719 event=finish status=ok exit=0 duration_ms=66390 level=INFO
2026-03-14 03:14:19.515 runner job=J10217 run=r4740 event=start pid=5740
2026-03-14 03:14:19.515 runner job=J10217 run=r4740 event=finish status=ok exit=0 duration_ms=79310 level=INFO
2026-03-14 03:15:48.184 runner job=J10061 run=r4698 event=start pid=5698
2026-03-14 03:15:48.184 runner job=J10061 run=r4698 event=finish status=ok exit=0 duration_ms=7862 level=INFO
2026-03-14 03:16:00.843 runner job=J10437 run=r4775 event=start pid=5775
2026-03-14 03:16:00.843 runner job=J10437 run=r4775 event=finish status=ok exit=0 duration_ms=2852 level=INFO
2026-03-14 03:16:12.232 runner job=J10529 run=r4782 event=start pid=5782
2026-03-14 03:16:12.232 runner job=J10529 run=r4782 event=finish status=ok exit=0 duration_ms=148431 level=INFO
2026-03-14 03:17:30.560 runner job=J10061 run=r4699 event=start pid=5699
2026-03-14 03:17:30.560 runner job=J10061 run=r4699 event=finish status=ok exit=0 duration_ms=7449 level=INFO
2026-03-14 03:17:39.947 runner job=J10156 run=r4720 event=start pid=5720
2026-03-14 03:17:39.947 runner job=J10156 run=r4720 event=finish status=ok exit=0 duration_ms=57553 level=INFO
2026-03-14 03:18:31.980 runner job=J10437 run=r4776 event=start pid=5776
2026-03-14 03:18:31.980 runner job=J10437 run=r4776 event=finish status=ok exit=0 duration_ms=4570 level=INFO
2026-03-14 03:18:48.208 runner job=J10217 run=r4741 event=start pid=5741
2026-03-14 03:18:48.208 runner job=J10217 run=r4741 event=finish status=ok exit=0 duration_ms=61799 level=INFO
2026-03-14 02:40:02.949 runner heartbeat queue_depth=4 workers_busy=0 level=DEBUG
2026-03-14 02:03:17.204 runner heartbeat queue_depth=1 workers_busy=2 level=DEBUG
2026-03-14 03:02:20.928 runner heartbeat queue_depth=0 workers_busy=1 level=DEBUG
2026-03-14 02:07:52.786 runner heartbeat queue_depth=6 workers_busy=2 level=DEBUG
2026-03-14 02:49:45.777 runner heartbeat queue_depth=4 workers_busy=2 level=DEBUG
2026-03-14 02:53:15.373 runner heartbeat queue_depth=5 workers_busy=3 level=DEBUG
2026-03-14 02:14:55.477 runner heartbeat queue_depth=1 workers_busy=1 level=DEBUG
2026-03-14 02:26:58.083 runner heartbeat queue_depth=2 workers_busy=2 level=DEBUG
2026-03-14 02:07:33.798 runner heartbeat queue_depth=6 workers_busy=2 level=DEBUG
2026-03-14 02:00:39.531 runner heartbeat queue_depth=2 workers_busy=0 level=DEBUG
2026-03-14 02:34:35.934 runner heartbeat queue_depth=5 workers_busy=2 level=DEBUG
2026-03-14 02:05:06.750 runner heartbeat queue_depth=6 workers_busy=0 level=DEBUG
2026-03-14 02:06:58.419 runner heartbeat queue_depth=3 workers_busy=3 level=DEBUG
2026-03-14 02:03:26.598 runner heartbeat queue_depth=8 workers_busy=2 level=DEBUG
2026-03-14 02:05:02.614 runner heartbeat queue_depth=4 workers_busy=1 level=DEBUG
2026-03-14 02:10:49.398 runner heartbeat queue_depth=5 workers_busy=2 level=DEBUG
2026-03-14 03:15:06.345 runner heartbeat queue_depth=6 workers_busy=1 level=DEBUG
2026-03-14 02:56:15.243 runner heartbeat queue_depth=4 workers_busy=1 level=DEBUG
2026-03-14 02:42:46.432 runner heartbeat queue_depth=3 workers_busy=1 level=DEBUG
2026-03-14 02:09:44.491 runner heartbeat queue_depth=2 workers_busy=0 level=DEBUG
2026-03-14 03:09:41.758 runner heartbeat queue_depth=0 workers_busy=3 level=DEBUG
2026-03-14 02:57:44.428 runner heartbeat queue_depth=7 workers_busy=0 level=DEBUG
2026-03-14 02:36:16.730 runner heartbeat queue_depth=2 workers_busy=2 level=DEBUG
2026-03-14 02:02:40.060 runner heartbeat queue_depth=6 workers_busy=2 level=DEBUG
2026-03-14 02:12:39.176 runner heartbeat queue_depth=2 workers_busy=3 level=DEBUG
2026-03-14 03:09:05.872 runner heartbeat queue_depth=7 workers_busy=3 level=DEBUG
2026-03-14 03:18:11.903 runner heartbeat queue_depth=3 workers_busy=0 level=DEBUG
2026-03-14 02:33:56.229 runner heartbeat queue_depth=4 workers_busy=1 level=DEBUG
2026-03-14 02:45:41.323 runner heartbeat queue_depth=2 workers_busy=0 level=DEBUG
2026-03-14 02:52:00.078 runner heartbeat queue_depth=3 workers_busy=3 level=DEBUG
2026-03-14 02:49:26.220 runner heartbeat queue_depth=1 workers_busy=3 level=DEBUG
2026-03-14 02:23:31.796 runner heartbeat queue_depth=3 workers_busy=3 level=DEBUG
2026-03-14 02:04:05.960 runner heartbeat queue_depth=0 workers_busy=1 level=DEBUG
2026-03-14 02:12:50.414 runner heartbeat queue_depth=3 workers_busy=0 level=DEBUG
2026-03-14 02:08:52.964 runner heartbeat queue_depth=2 workers_busy=2 level=DEBUG
2026-03-14 02:48:14.782 runner heartbeat queue_depth=4 workers_busy=1 level=DEBUG
2026-03-14 03:18:52.064 runner heartbeat queue_depth=8 workers_busy=3 level=DEBUG
2026-03-14 02:25:05.560 runner heartbeat queue_depth=0 workers_busy=0 level=DEBUG
2026-03-14 03:08:42.021 runner heartbeat queue_depth=2 workers_busy=3 level=DEBUG
2026-03-14 02:09:00.986 runner heartbeat queue_depth=3 workers_busy=0 level=DEBUG
2026-03-14 02:48:56.609 runner heartbeat queue_depth=7 workers_busy=2 level=DEBUG
2026-03-14 02:34:22.590 runner heartbeat queue_depth=6 workers_busy=3 level=DEBUG
2026-03-14 02:15:02.732 runner heartbeat queue_depth=3 workers_busy=0 level=DEBUG
2026-03-14 02:14:56.543 runner heartbeat queue_depth=4 workers_busy=1 level=DEBUG
2026-03-14 02:13:31.986 runner heartbeat queue_depth=1 workers_busy=2 level=DEBUG
2026-03-14 02:03:12.118 runner heartbeat queue_depth=6 workers_busy=2 level=DEBUG
2026-03-14 03:08:41.665 runner heartbeat queue_depth=6 workers_busy=0 level=DEBUG
2026-03-14 03:01:27.411 runner heartbeat queue_depth=0 workers_busy=2 level=DEBUG
2026-03-14 02:57:58.154 runner heartbeat queue_depth=6 workers_busy=2 level=DEBUG
2026-03-14 02:27:06.781 runner heartbeat queue_depth=6 workers_busy=1 level=DEBUG
2026-03-14 02:50:03.110 runner heartbeat queue_depth=0 workers_busy=3 level=DEBUG
2026-03-14 03:17:37.476 runner heartbeat queue_depth=8 workers_busy=3 level=DEBUG
2026-03-14 02:46:28.681 runner heartbeat queue_depth=3 workers_busy=2 level=DEBUG
2026-03-14 02:27:08.455 runner heartbeat queue_depth=1 workers_busy=3 level=DEBUG
2026-03-14 02:38:29.783 runner heartbeat queue_depth=3 workers_busy=2 level=DEBUG
2026-03-14 02:40:29.320 runner heartbeat queue_depth=7 workers_busy=2 level=DEBUG
2026-03-14 02:54:32.302 runner heartbeat queue_depth=7 workers_busy=3 level=DEBUG
2026-03-14 03:11:17.373 runner heartbeat queue_depth=3 workers_busy=1 level=DEBUG
2026-03-14 02:43:43.413 runner heartbeat queue_depth=6 workers_busy=2 level=DEBUG
2026-03-14 02:41:26.627 runner heartbeat queue_depth=4 workers_busy=0 level=DEBUG
2026-03-14 02:57:32.081 runner heartbeat queue_depth=1 workers_busy=3 level=DEBUG
2026-03-14 02:56:08.712 runner heartbeat queue_depth=3 workers_busy=1 level=DEBUG
2026-03-14 02:28:43.942 runner heartbeat queue_depth=5 workers_busy=0 level=DEBUG
2026-03-14 02:48:11.328 runner heartbeat queue_depth=7 workers_busy=0 level=DEBUG
2026-03-14 02:03:59.584 runner heartbeat queue_depth=8 workers_busy=1 level=DEBUG
2026-03-14 02:46:42.460 runner heartbeat queue_depth=0 workers_busy=1 level=DEBUG
2026-03-14 02:59:40.746 runner heartbeat queue_depth=2 workers_busy=1 level=DEBUG
2026-03-14 02:32:16.709 runner heartbeat queue_depth=6 workers_busy=1 level=DEBUG
2026-03-14 02:03:42.125 runner heartbeat queue_depth=6 workers_busy=3 level=DEBUG
2026-03-14 02:46:47.591 runner heartbeat queue_depth=2 workers_busy=0 level=DEBUG
2026-03-14 02:46:32.377 runner heartbeat queue_depth=5 workers_busy=1 level=DEBUG
2026-03-14 02:29:37.376 runner heartbeat queue_depth=2 workers_busy=0 level=DEBUG
2026-03-14 02:36:00.478 runner heartbeat queue_depth=4 workers_busy=3 level=DEBUG
2026-03-14 02:56:14.120 runner heartbeat queue_depth=3 workers_busy=3 level=DEBUG
2026-03-14 03:11:30.441 runner heartbeat queue_depth=2 workers_busy=2 level=DEBUG
2026-03-14 02:59:09.306 runner heartbeat queue_depth=4 workers_busy=0 level=DEBUG
2026-03-14 02:31:11.464 runner heartbeat queue_depth=5 workers_busy=2 level=DEBUG
2026-03-14 02:18:26.250 runner heartbeat queue_depth=4 workers_busy=1 level=DEBUG
2026-03-14 02:03:43.419 runner heartbeat queue_depth=8 workers_busy=1 level=DEBUG
2026-03-14 02:44:37.688 runner heartbeat queue_depth=0 workers_busy=0 level=DEBUG
2026-03-14 02:48:02.859 runner heartbeat queue_depth=5 workers_busy=2 level=DEBUG
2026-03-14 03:03:54.603 runner heartbeat queue_depth=7 workers_busy=3 level=DEBUG
2026-03-14 02:23:18.667 runner heartbeat queue_depth=6 workers_busy=3 level=DEBUG
2026-03-14 02:38:10.056 runner heartbeat queue_depth=8 workers_busy=1 level=DEBUG
2026-03-14 02:13:32.048 runner heartbeat queue_depth=7 workers_busy=1 level=DEBUG
2026-03-14 02:49:53.406 runner heartbeat queue_depth=1 workers_busy=2 level=DEBUG
2026-03-14 03:03:57.383 runner heartbeat queue_depth=0 workers_busy=1 level=DEBUG
2026-03-14 02:45:35.008 runner heartbeat queue_depth=3 workers_busy=2 level=DEBUG
2026-03-14 02:22:38.139 runner heartbeat queue_depth=6 workers_busy=1 level=DEBUG
2026-03-14 02:05:54.167 runner heartbeat queue_depth=5 workers_busy=0 level=DEBUG
2026-03-14 02:47:56.492 runner heartbeat queue_depth=3 workers_busy=1 level=DEBUG
2026-03-14 02:23:08.287 runner heartbeat queue_depth=8 workers_busy=3 level=DEBUG
2026-03-14 02:57:38.759 runner heartbeat queue_depth=3 workers_busy=1 level=DEBUG
2026-03-14 03:09:40.902 runner heartbeat queue_depth=8 workers_busy=3 level=DEBUG
2026-03-14 02:23:46.592 runner heartbeat queue_depth=8 workers_busy=3 level=DEBUG
2026-03-14 02:50:40.222 runner heartbeat queue_depth=5 workers_busy=3 level=DEBUG
2026-03-14 02:48:28.039 runner heartbeat queue_depth=1 workers_busy=0 level=DEBUG
2026-03-14 02:50:10.290 runner heartbeat queue_depth=7 workers_busy=1 level=DEBUG
2026-03-14 02:52:26.883 runner heartbeat queue_depth=0 workers_busy=3 level=DEBUG
2026-03-14 03:17:52.757 runner heartbeat queue_depth=0 workers_busy=2 level=DEBUG
2026-03-14 02:47:19.956 runner heartbeat queue_depth=5 workers_busy=0 level=DEBUG
2026-03-14 02:58:15.139 runner heartbeat queue_depth=8 workers_busy=2 level=DEBUG
2026-03-14 02:41:48.928 runner heartbeat queue_depth=1 workers_busy=1 level=DEBUG
2026-03-14 02:06:27.619 runner heartbeat queue_depth=2 workers_busy=3 level=DEBUG
2026-03-14 02:34:35.806 runner heartbeat queue_depth=3 workers_busy=2 level=DEBUG
2026-03-14 02:15:45.305 runner heartbeat queue_depth=7 workers_busy=1 level=DEBUG
2026-03-14 03:07:28.366 runner heartbeat queue_depth=1 workers_busy=2 level=DEBUG
2026-03-14 02:21:29.752 runner heartbeat queue_depth=4 workers_busy=0 level=DEBUG
2026-03-14 03:11:06.265 runner heartbeat queue_depth=2 workers_busy=2 level=DEBUG
2026-03-14 02:32:49.204 runner heartbeat queue_depth=6 workers_busy=1 level=DEBUG
2026-03-14 02:27:35.141 runner heartbeat queue_depth=5 workers_busy=3 level=DEBUG
2026-03-14 02:27:49.878 runner heartbeat queue_depth=2 workers_busy=3 level=DEBUG
2026-03-14 02:43:12.796 runner heartbeat queue_depth=4 workers_busy=2 level=DEBUG
2026-03-14 02:23:51.967 runner heartbeat queue_depth=2 workers_busy=1 level=DEBUG
2026-03-14 02:14:00.258 runner heartbeat queue_depth=4 workers_busy=2 level=DEBUG
2026-03-14 03:16:30.438 runner heartbeat queue_depth=2 workers_busy=0 level=DEBUG
2026-03-14 02:24:37.125 runner heartbeat queue_depth=3 workers_busy=1 level=DEBUG
2026-03-14 03:01:20.046 runner heartbeat queue_depth=4 workers_busy=2 level=DEBUG
2026-03-14 02:34:05.392 runner heartbeat queue_depth=5 workers_busy=0 level=DEBUG
2026-03-14 02:45:50.269 runner heartbeat queue_depth=2 workers_busy=3 level=DEBUG
2026-03-14 02:52:38.155 runner heartbeat queue_depth=6 workers_busy=0 level=DEBUG
2026-03-14 02:15:00.767 runner heartbeat queue_depth=8 workers_busy=0 level=DEBUG
2026-03-14 02:36:02.399 runner heartbeat queue_depth=4 workers_busy=2 level=DEBUG
2026-03-14 02:48:22.896 runner heartbeat queue_depth=4 workers_busy=2 level=DEBUG
2026-03-14 02:19:37.715 runner heartbeat queue_depth=6 workers_busy=3 level=DEBUG
2026-03-14 03:04:26.959 runner heartbeat queue_depth=2 workers_busy=2 level=DEBUG
2026-03-14 03:06:41.778 runner heartbeat queue_depth=8 workers_busy=2 level=DEBUG
2026-03-14 02:16:32.901 runner heartbeat queue_depth=1 workers_busy=2 level=DEBUG
2026-03-14 02:06:27.026 runner heartbeat queue_depth=0 workers_busy=3 level=DEBUG
2026-03-14 03:10:05.958 runner heartbeat queue_depth=2 workers_busy=2 level=DEBUG
2026-03-14 03:11:32.707 runner heartbeat queue_depth=1 workers_busy=3 level=DEBUG
2026-03-14 03:12:51.080 runner heartbeat queue_depth=2 workers_busy=0 level=DEBUG
2026-03-14 02:30:41.011 runner heartbeat queue_depth=7 workers_busy=3 level=DEBUG
2026-03-14 02:23:53.207 runner heartbeat queue_depth=8 workers_busy=1 level=DEBUG
2026-03-14 02:07:23.281 runner heartbeat queue_depth=8 workers_busy=0 level=DEBUG
2026-03-14 03:16:50.479 runner heartbeat queue_depth=3 workers_busy=0 level=DEBUG
2026-03-14 03:00:07.284 runner heartbeat queue_depth=1 workers_busy=3 level=DEBUG
2026-03-14 02:15:25.320 runner heartbeat queue_depth=0 workers_busy=0 level=DEBUG
2026-03-14 02:11:49.671 runner heartbeat queue_depth=3 workers_busy=0 level=DEBUG
2026-03-14 03:01:13.165 runner heartbeat queue_depth=2 workers_busy=3 level=DEBUG
2026-03-14 02:54:13.515 runner heartbeat queue_depth=0 workers_busy=3 level=DEBUG
2026-03-14 03:10:30.675 runner heartbeat queue_depth=1 workers_busy=0 level=DEBUG
2026-03-14 02:06:59.763 runner heartbeat queue_depth=8 workers_busy=3 level=DEBUG
2026-03-14 02:48:33.201 runner heartbeat queue_depth=6 workers_busy=2 level=DEBUG
2026-03-14 02:30:41.290 runner heartbeat queue_depth=3 workers_busy=1 level=DEBUG
2026-03-14 02:11:05.453 runner heartbeat queue_depth=6 workers_busy=0 level=DEBUG
2026-03-14 02:04:42.334 runner heartbeat queue_depth=2 workers_busy=1 level=DEBUG
2026-03-14 02:30:16.099 runner heartbeat queue_depth=3 workers_busy=3 level=DEBUG
2026-03-14 02:12:33.038 runner heartbeat queue_depth=8 workers_busy=2 level=DEBUG
2026-03-14 02:38:05.275 runner heartbeat queue_depth=1 workers_busy=1 level=DEBUG
2026-03-14 03:12:27.344 runner heartbeat queue_depth=2 workers_busy=3 level=DEBUG
2026-03-14 02:28:18.423 runner heartbeat queue_depth=0 workers_busy=1 level=DEBUG
2026-03-14 02:56:38.944 runner heartbeat queue_depth=8 workers_busy=0 level=DEBUG
2026-03-14 03:16:28.198 runner heartbeat queue_depth=7 workers_busy=3 level=DEBUG
2026-03-14 02:36:33.989 runner heartbeat queue_depth=0 workers_busy=3 level=DEBUG
2026-03-14 02:53:56.728 runner heartbeat queue_depth=3 workers_busy=3 level=DEBUG
2026-03-14 03:18:32.172 runner heartbeat queue_depth=4 workers_busy=0 level=DEBUG
2026-03-14 03:01:11.371 runner heartbeat queue_depth=5 workers_busy=1 level=DEBUG
2026-03-14 02:07:33.926 runner heartbeat queue_depth=5 workers_busy=0 level=DEBUG
2026-03-14 03:15:43.883 runner heartbeat queue_depth=6 workers_busy=1 level=DEBUG
2026-03-14 03:05:23.251 runner heartbeat queue_depth=1 workers_busy=2 level=DEBUG
2026-03-14 02:17:55.683 runner heartbeat queue_depth=3 workers_busy=1 level=DEBUG
2026-03-14 02:47:08.422 runner heartbeat queue_depth=8 workers_busy=0 level=DEBUG
2026-03-14 02:30:11.556 runner heartbeat queue_depth=4 workers_busy=0 level=DEBUG
2026-03-14 02:38:18.488 runner heartbeat queue_depth=7 workers_busy=0 level=DEBUG
2026-03-14 03:11:54.327 runner heartbeat queue_depth=4 workers_busy=2 level=DEBUG
2026-03-14 02:23:36.791 runner heartbeat queue_depth=3 workers_busy=2 level=DEBUG
2026-03-14 02:25:35.774 runner heartbeat queue_depth=0 workers_busy=2 level=DEBUG
2026-03-14 02:53:46.386 runner heartbeat queue_depth=8 workers_busy=3 level=DEBUG
2026-03-14 02:10:59.335 runner heartbeat queue_depth=0 workers_busy=2 level=DEBUG
2026-03-14 02:53:04.200 runner heartbeat queue_depth=7 workers_busy=3 level=DEBUG
2026-03-14 03:09:22.111 runner heartbeat queue_depth=5 workers_busy=0 level=DEBUG
2026-03-14 02:51:47.330 runner heartbeat queue_depth=0 workers_busy=3 level=DEBUG
2026-03-14 02:37:48.102 runner heartbeat queue_depth=6 workers_busy=0 level=DEBUG
2026-03-14 02:39:48.229 runner heartbeat queue_depth=0 workers_busy=3 level=DEBUG
2026-03-14 02:04:59.532 runner heartbeat queue_depth=7 workers_busy=1 level=DEBUG
2026-03-14 02:17:15.355 runner heartbeat queue_depth=6 workers_busy=0 level=DEBUG
2026-03-14 02:48:19.381 runner heartbeat queue_depth=6 workers_busy=3 level=DEBUG
2026-03-14 02:00:22.932 runner heartbeat queue_depth=5 workers_busy=3 level=DEBUG
2026-03-14 02:01:57.744 runner heartbeat queue_depth=6 workers_busy=2 level=DEBUG
2026-03-14 02:42:47.096 runner heartbeat queue_depth=0 workers_busy=0 level=DEBUG
2026-03-14 02:41:48.232 runner heartbeat queue_depth=0 workers_busy=0 level=DEBUG
2026-03-14 02:59:52.352 runner heartbeat queue_depth=8 workers_busy=2 level=DEBUG
2026-03-14 02:26:31.218 runner heartbeat queue_depth=5 workers_busy=0 level=DEBUG
2026-03-14 02:05:08.923 runner heartbeat queue_depth=7 workers_busy=3 level=DEBUG
2026-03-14 02:14:48.450 runner heartbeat queue_depth=2 workers_busy=1 level=DEBUG
2026-03-14 03:04:18.653 runner heartbeat queue_depth=7 workers_busy=2 level=DEBUG
2026-03-14 02:21:14.187 runner heartbeat queue_depth=7 workers_busy=2 level=DEBUG
2026-03-14 03:05:48.047 runner heartbeat queue_depth=2 workers_busy=3 level=DEBUG
2026-03-14 02:13:30.839 runner heartbeat queue_depth=4 workers_busy=2 level=DEBUG
2026-03-14 02:05:19.577 runner heartbeat queue_depth=2 workers_busy=1 level=DEBUG
2026-03-14 03:00:00.955 runner heartbeat queue_depth=3 workers_busy=3 level=DEBUG
2026-03-14 02:08:36.372 runner heartbeat queue_depth=4 workers_busy=3 level=DEBUG
2026-03-14 02:43:25.168 runner heartbeat queue_depth=5 workers_busy=0 level=DEBUG
2026-03-14 02:18:55.631 runner heartbeat queue_depth=7 workers_busy=2 level=DEBUG
2026-03-14 02:38:28.934 runner heartbeat queue_depth=5 workers_busy=0 level=DEBUG
2026-03-14 02:20:26.629 runner heartbeat queue_depth=0 workers_busy=3 level=DEBUG
2026-03-14 02:25:09.174 runner heartbeat queue_depth=4 workers_busy=1 level=DEBUG
2026-03-14 02:30:39.176 runner heartbeat queue_depth=1 workers_busy=0 level=DEBUG
2026-03-14 03:12:24.595 runner heartbeat queue_depth=1 workers_busy=2 level=DEBUG
2026-03-14 03:06:44.037 runner heartbeat queue_depth=6 workers_busy=0 level=DEBUG
2026-03-14 02:50:15.767 runner heartbeat queue_depth=0 workers_busy=3 level=DEBUG
2026-03-14 02:10:43.901 runner heartbeat queue_depth=5 workers_busy=2 level=DEBUG
2026-03-14 02:04:28.701 runner heartbeat queue_depth=4 workers_busy=0 level=DEBUG
2026-03-14 02:32:32.763 runner heartbeat queue_depth=8 workers_busy=0 level=DEBUG
2026-03-14 02:18:13.575 runner heartbeat queue_depth=7 workers_busy=1 level=DEBUG
2026-03-14 02:12:51.037 runner heartbeat queue_depth=8 workers_busy=2 level=DEBUG
2026-03-14 03:01:31.926 runner heartbeat queue_depth=0 workers_busy=2 level=DEBUG
2026-03-14 03:12:52.280 runner heartbeat queue_depth=1 workers_busy=3 level=DEBUG
2026-03-14 03:17:42.308 runner heartbeat queue_depth=3 workers_busy=2 level=DEBUG
2026-03-14 02:58:00.574 runner heartbeat queue_depth=4 workers_busy=2 level=DEBUG
2026-03-14 02:33:38.854 runner heartbeat queue_depth=5 workers_busy=3 level=DEBUG
2026-03-14 02:21:59.261 runner heartbeat queue_depth=1 workers_busy=0 level=DEBUG
2026-03-14 02:25:23.559 runner heartbeat queue_depth=7 workers_busy=2 level=DEBUG
2026-03-14 02:25:35.162 runner heartbeat queue_depth=8 workers_busy=0 level=DEBUG
2026-03-14 02:12:09.543 runner heartbeat queue_depth=7 workers_busy=2 level=DEBUG
2026-03-14 02:17:28.894 runner heartbeat queue_depth=2 workers_busy=2 level=DEBUG
2026-03-14 02:40:09.223 runner heartbeat queue_depth=7 workers_busy=1 level=DEBUG
2026-03-14 03:05:36.197 runner heartbeat queue_depth=6 workers_busy=3 level=DEBUG
2026-03-14 02:07:01.965 runner heartbeat queue_depth=7 workers_busy=1 level=DEBUG
2026-03-14 02:16:23.386 runner heartbeat queue_depth=3 workers_busy=3 level=DEBUG
2026-03-14 02:29:38.658 runner heartbeat queue_depth=0 workers_busy=0 level=DEBUG
2026-03-14 02:04:28.142 runner heartbeat queue_depth=3 workers_busy=0 level=DEBUG
2026-03-14 02:22:02.906 runner heartbeat queue_depth=8 workers_busy=1 level=DEBUG
2026-03-14 02:21:00.242 runner heartbeat queue_depth=7 workers_busy=1 level=DEBUG
2026-03-14 02:18:02.417 runner heartbeat queue_depth=8 workers_busy=3 level=DEBUG
2026-03-14 02:34:29.401 runner heartbeat queue_depth=7 workers_busy=0 level=DEBUG
2026-03-14 03:11:30.578 runner heartbeat queue_depth=3 workers_busy=2 level=DEBUG
2026-03-14 02:01:06.912 runner heartbeat queue_depth=3 workers_busy=0 level=DEBUG
2026-03-14 02:44:22.149 runner heartbeat queue_depth=5 workers_busy=2 level=DEBUG
2026-03-14 03:10:22.949 runner heartbeat queue_depth=5 workers_busy=2 level=DEBUG
2026-03-14 02:44:09.262 runner heartbeat queue_depth=1 workers_busy=3 level=DEBUG
2026-03-14 02:27:15.959 runner heartbeat queue_depth=5 workers_busy=2 level=DEBUG
2026-03-14 03:12:50.482 runner heartbeat queue_depth=5 workers_busy=3 level=DEBUG
2026-03-14 02:36:59.024 runner heartbeat queue_depth=2 workers_busy=2 level=DEBUG
2026-03-14 02:53:25.773 runner heartbeat queue_depth=5 workers_busy=2 level=DEBUG
2026-03-14 02:16:00.179 runner heartbeat queue_depth=0 workers_busy=2 level=DEBUG
2026-03-14 03:00:00.619 runner heartbeat queue_depth=8 workers_busy=1 level=DEBUG
2026-03-14 03:06:49.029 runner heartbeat queue_depth=0 workers_busy=0 level=DEBUG
2026-03-14 02:56:06.320 runner heartbeat queue_depth=2 workers_busy=2 level=DEBUG
2026-03-14 02:21:44.164 runner heartbeat queue_depth=3 workers_busy=0 level=DEBUG
2026-03-14 02:05:47.576 runner heartbeat queue_depth=4 workers_busy=0 level=DEBUG
2026-03-14 03:05:34.537 runner heartbeat queue_depth=3 workers_busy=3 level=DEBUG
2026-03-14 02:51:57.731 runner heartbeat queue_depth=3 workers_busy=1 level=DEBUG
2026-03-14 02:19:50.023 runner heartbeat queue_depth=6 workers_busy=3 level=DEBUG
2026-03-14 02:17:42.625 runner heartbeat queue_depth=2 workers_busy=0 level=DEBUG
2026-03-14 02:20:11.006 runner heartbeat queue_depth=0 workers_busy=3 level=DEBUG
2026-03-14 02:09:47.838 runner heartbeat queue_depth=0 workers_busy=2 level=DEBUG
2026-03-14 02:53:12.646 runner heartbeat queue_depth=7 workers_busy=3 level=DEBUG
2026-03-14 02:10:02.923 runner heartbeat queue_depth=7 workers_busy=2 level=DEBUG
2026-03-14 02:22:14.127 runner heartbeat queue_depth=5 workers_busy=2 level=DEBUG
2026-03-14 02:38:15.717 runner heartbeat queue_depth=6 workers_busy=0 level=DEBUG
2026-03-14 02:47:13.730 runner heartbeat queue_depth=1 workers_busy=2 level=DEBUG
2026-03-14 02:44:14.593 runner heartbeat queue_depth=0 workers_busy=2 level=DEBUG
2026-03-14 03:18:17.055 runner heartbeat queue_depth=1 workers_busy=3 level=DEBUG
2026-03-14 02:51:05.991 runner heartbeat queue_depth=5 workers_busy=2 level=DEBUG
2026-03-14 02:13:27.659 runner heartbeat queue_depth=5 workers_busy=1 level=DEBUG
2026-03-14 02:29:48.902 runner heartbeat queue_depth=3 workers_busy=3 level=DEBUG
2026-03-14 02:36:43.167 runner heartbeat queue_depth=6 workers_busy=1 level=DEBUG
2026-03-14 02:46:44.276 runner heartbeat queue_depth=0 workers_busy=1 level=DEBUG
2026-03-14 03:16:36.167 runner heartbeat queue_depth=7 workers_busy=3 level=DEBUG
2026-03-14 02:13:24.299 runner heartbeat queue_depth=5 workers_busy=1 level=DEBUG
2026-03-14 02:17:41.575 runner heartbeat queue_depth=5 workers_busy=1 level=DEBUG
2026-03-14 02:26:25.977 runner heartbeat queue_depth=8 workers_busy=2 level=DEBUG
2026-03-14 02:40:32.040 runner heartbeat queue_depth=7 workers_busy=1 level=DEBUG
2026-03-14 02:20:17.397 runner heartbeat queue_depth=4 workers_busy=3 level=DEBUG
2026-03-14 02:56:33.786 runner heartbeat queue_depth=4 workers_busy=2 level=DEBUG
2026-03-14 02:59:21.683 runner heartbeat queue_depth=5 workers_busy=1 level=DEBUG
2026-03-14 02:27:55.863 runner heartbeat queue_depth=4 workers_busy=3 level=DEBUG
2026-03-14 02:43:13.505 runner heartbeat queue_depth=4 workers_busy=1 level=DEBUG
2026-03-14 02:20:58.571 runner heartbeat queue_depth=2 workers_busy=1 level=DEBUG
2026-03-14 02:47:16.191 runner heartbeat queue_depth=2 workers_busy=0 level=DEBUG
2026-03-14 02:11:16.721 runner heartbeat queue_depth=3 workers_busy=1 level=DEBUG
2026-03-14 02:55:57.087 runner heartbeat queue_depth=5 workers_busy=3 level=DEBUG
2026-03-14 03:01:37.224 runner heartbeat queue_depth=2 workers_busy=3 level=DEBUG
2026-03-14 03:02:14.893 runner heartbeat queue_depth=7 workers_busy=2 level=DEBUG
2026-03-14 03:16:30.246 runner heartbeat queue_depth=5 workers_busy=0 level=DEBUG
2026-03-14 02:00:44.375 runner heartbeat queue_depth=2 workers_busy=1 level=DEBUG
2026-03-14 02:49:58.714 runner heartbeat queue_depth=2 workers_busy=1 level=DEBUG
2026-03-14 02:40:41.023 runner heartbeat queue_depth=1 workers_busy=1 level=DEBUG
2026-03-14 02:11:03.626 runner heartbeat queue_depth=4 workers_busy=0 level=DEBUG
2026-03-14 02:29:10.981 runner heartbeat queue_depth=4 workers_busy=1 level=DEBUG
2026-03-14 02:48:09.758 runner heartbeat queue_depth=3 workers_busy=2 level=DEBUG
2026-03-14 02:44:42.475 runner heartbeat queue_depth=3 workers_busy=3 level=DEBUG
2026-03-14 02:21:32.976 runner heartbeat queue_depth=6 workers_busy=2 level=DEBUG
2026-03-14 03:00:50.423 runner heartbeat queue_depth=1 workers_busy=1 level=DEBUG
2026-03-14 02:44:49.941 runner heartbeat queue_depth=2 workers_busy=2 level=DEBUG
2026-03-14 02:11:04.387 runner heartbeat queue_depth=4 workers_busy=3 level=DEBUG
2026-03-14 02:52:08.324 runner heartbeat queue_depth=7 workers_busy=0 level=DEBUG
2026-03-14 03:13:46.945 runner heartbeat queue_depth=8 workers_busy=3 level=DEBUG
2026-03-14 03:18:44.472 runner heartbeat queue_depth=0 workers_busy=2 level=DEBUG
2026-03-14 03:00:40.936 runner heartbeat queue_depth=7 workers_busy=0 level=DEBUG
2026-03-14 02:22:54.636 runner heartbeat queue_depth=5 workers_busy=0 level=DEBUG
2026-03-14 03:12:21.272 runner heartbeat queue_depth=3 workers_busy=0 level=DEBUG
2026-03-14 03:03:43.806 runner heartbeat queue_depth=6 workers_busy=2 level=DEBUG
2026-03-14 03:15:55.312 runner heartbeat queue_depth=3 workers_busy=1 level=DEBUG
2026-03-14 02:52:42.598 runner heartbeat queue_depth=7 workers_busy=2 level=DEBUG
2026-03-14 02:22:12.666 runner heartbeat queue_depth=6 workers_busy=3 level=DEBUG
2026-03-14 03:08:39.713 runner heartbeat queue_depth=6 workers_busy=3 level=DEBUG
2026-03-14 03:00:05.951 runner heartbeat queue_depth=1 workers_busy=1 level=DEBUG
2026-03-14 02:52:22.066 runner heartbeat queue_depth=6 workers_busy=2 level=DEBUG
2026-03-14 03:18:26.637 runner heartbeat queue_depth=0 workers_busy=0 level=DEBUG
2026-03-14 02:49:45.815 runner heartbeat queue_depth=2 workers_busy=0 level=DEBUG
2026-03-14 02:28:18.277 runner heartbeat queue_depth=8 workers_busy=3 level=DEBUG
2026-03-14 02:39:23.080 runner heartbeat queue_depth=4 workers_busy=0 level=DEBUG
2026-03-14 02:54:50.063 runner heartbeat queue_depth=5 workers_busy=0 level=DEBUG
2026-03-14 03:13:05.566 runner heartbeat queue_depth=1 workers_busy=0 level=DEBUG
2026-03-14 02:06:18.408 runner heartbeat queue_depth=3 workers_busy=1 level=DEBUG
2026-03-14 02:04:18.133 runner heartbeat queue_depth=1 workers_busy=0 level=DEBUG
2026-03-14 02:37:29.976 runner heartbeat queue_depth=4 workers_busy=2 level=DEBUG
2026-03-14 02:35:52.553 runner heartbeat queue_depth=0 workers_busy=1 level=DEBUG
2026-03-14 03:15:17.769 runner heartbeat queue_depth=6 workers_busy=3 level=DEBUG
2026-03-14 02:07:47.120 runner heartbeat queue_depth=2 workers_busy=1 level=DEBUG
2026-03-14 02:28:48.277 runner heartbeat queue_depth=8 workers_busy=0 level=DEBUG
2026-03-14 02:13:59.152 runner heartbeat queue_depth=5 workers_busy=2 level=DEBUG
2026-03-14 02:11:03.511 runner heartbeat queue_depth=0 workers_busy=2 level=DEBUG
2026-03-14 02:48:56.073 runner heartbeat queue_depth=4 workers_busy=1 level=DEBUG
2026-03-14 03:05:22.634 runner heartbeat queue_depth=5 workers_busy=1 level=DEBUG
2026-03-14 03:08:48.695 runner heartbeat queue_depth=4 workers_busy=2 level=DEBUG
2026-03-14 02:00:58.192 runner heartbeat queue_depth=8 workers_busy=0 level=DEBUG
2026-03-14 02:42:14.246 runner heartbeat queue_depth=2 workers_busy=2 level=DEBUG
2026-03-14 03:13:56.700 runner heartbeat queue_depth=1 workers_busy=1 level=DEBUG
2026-03-14 02:28:02.127 runner heartbeat queue_depth=0 workers_busy=3 level=DEBUG
2026-03-14 03:02:44.296 runner heartbeat queue_depth=0 workers_busy=3 level=DEBUG
2026-03-14 03:03:55.726 runner heartbeat queue_depth=6 workers_busy=2 level=DEBUG
2026-03-14 03:03:01.168 runner heartbeat queue_depth=0 workers_busy=2 level=DEBUG
2026-03-14 02:08:14.861 runner heartbeat queue_depth=4 workers_busy=0 level=DEBUG
2026-03-14 03:06:27.444 runner heartbeat queue_depth=4 workers_busy=1 level=DEBUG
2026-03-14 02:05:13.932 runner heartbeat queue_depth=1 workers_busy=0 level=DEBUG
2026-03-14 03:08:11.855 runner heartbeat queue_depth=1 workers_busy=0 level=DEBUG
2026-03-14 02:45:34.885 runner heartbeat queue_depth=4 workers_busy=0 level=DEBUG
2026-03-14 02:16:26.131 runner heartbeat queue_depth=2 workers_busy=0 level=DEBUG
2026-03-14 02:20:37.278 runner heartbeat queue_depth=5 workers_busy=2 level=DEBUG
2026-03-14 02:03:27.671 runner heartbeat queue_depth=3 workers_busy=0 level=DEBUG
2026-03-14 03:05:49.607 runner heartbeat queue_depth=6 workers_busy=2 level=DEBUG
2026-03-14 02:49:33.002 runner heartbeat queue_depth=1 workers_busy=1 level=DEBUG
2026-03-14 03:02:34.161 runner heartbeat queue_depth=8 workers_busy=2 level=DEBUG
2026-03-14 02:43:48.209 runner heartbeat queue_depth=2 workers_busy=0 level=DEBUG
2026-03-14 03:12:57.282 runner heartbeat queue_depth=7 workers_busy=1 level=DEBUG
2026-03-14 03:03:54.188 runner heartbeat queue_depth=5 workers_busy=0 level=DEBUG
2026-03-14 02:09:19.520 runner heartbeat queue_depth=3 workers_busy=1 level=DEBUG
2026-03-14 02:46:40.069 runner heartbeat queue_depth=3 workers_busy=2 level=DEBUG
2026-03-14 02:02:08.244 runner heartbeat queue_depth=5 workers_busy=0 level=DEBUG
2026-03-14 02:13:30.843 runner heartbeat queue_depth=8 workers_busy=0 level=DEBUG
2026-03-14 03:10:11.797 runner heartbeat queue_depth=5 workers_busy=2 level=DEBUG
2026-03-14 02:08:58.458 runner heartbeat queue_depth=7 workers_busy=2 level=DEBUG
2026-03-14 02:26:49.379 runner heartbeat queue_depth=6 workers_busy=2 level=DEBUG
2026-03-14 02:17:35.842 runner heartbeat queue_depth=0 workers_busy=2 level=DEBUG
2026-03-14 03:07:38.087 runner heartbeat queue_depth=1 workers_busy=0 level=DEBUG
2026-03-14 02:40:54.386 runner heartbeat queue_depth=6 workers_busy=0 level=DEBUG
2026-03-14 02:03:09.206 runner heartbeat queue_depth=6 workers_busy=1 level=DEBUG
2026-03-14 02:45:44.792 runner heartbeat queue_depth=1 workers_busy=0 level=DEBUG
2026-03-14 02:26:11.177 runner heartbeat queue_depth=8 workers_busy=0 level=DEBUG
2026-03-14 03:15:13.017 runner heartbeat queue_depth=5 workers_busy=2 level=DEBUG
2026-03-14 02:24:07.261 runner heartbeat queue_depth=7 workers_busy=0 level=DEBUG
2026-03-14 03:17:59.577 runner heartbeat queue_depth=7 workers_busy=0 level=DEBUG
2026-03-14 03:01:15.995 runner heartbeat queue_depth=5 workers_busy=2 level=DEBUG
2026-03-14 02:54:46.473 runner heartbeat queue_depth=1 workers_busy=3 level=DEBUG
2026-03-14 02:06:44.647 runner heartbeat queue_depth=4 workers_busy=1 level=DEBUG
2026-03-14 03:01:32.206 runner heartbeat queue_depth=5 workers_busy=0 level=DEBUG
2026-03-14 02:00:41.760 runner heartbeat queue_depth=8 workers_busy=0 level=DEBUG
2026-03-14 02:07:51.770 runner heartbeat queue_depth=1 workers_busy=0 level=DEBUG
2026-03-14 02:57:51.474 runner heartbeat queue_depth=1 workers_busy=2 level=DEBUG
2026-03-14 02:38:45.151 runner heartbeat queue_depth=5 workers_busy=1 level=DEBUG
2026-03-14 02:44:32.875 runner heartbeat queue_depth=8 workers_busy=1 level=DEBUG
2026-03-14 03:05:08.449 runner heartbeat queue_depth=3 workers_busy=0 level=DEBUG
2026-03-14 02:42:24.365 runner heartbeat queue_depth=0 workers_busy=2 level=DEBUG
2026-03-14 03:14:12.913 runner heartbeat queue_depth=0 workers_busy=1 level=DEBUG
2026-03-14 02:39:17.627 runner heartbeat queue_depth=3 workers_busy=1 level=DEBUG
2026-03-14 02:43:51.958 runner heartbeat queue_depth=0 workers_busy=2 level=DEBUG
2026-03-14 02:55:25.775 runner heartbeat queue_depth=0 workers_busy=1 level=DEBUG
2026-03-14 02:58:06.114 runner heartbeat queue_depth=7 workers_busy=1 level=DEBUG
2026-03-14 03:08:24.951 runner heartbeat queue_depth=5 workers_busy=2 level=DEBUG
2026-03-14 02:25:03.326 runner heartbeat queue_depth=1 workers_busy=2 level=DEBUG
2026-03-14 02:41:12.202 runner heartbeat queue_depth=5 workers_busy=2 level=DEBUG
2026-03-14 03:11:09.446 runner heartbeat queue_depth=6 workers_busy=0 level=DEBUG
2026-03-14 02:04:38.661 runner heartbeat queue_depth=7 workers_busy=3 level=DEBUG
2026-03-14 02:22:52.972 runner heartbeat queue_depth=4 workers_busy=3 level=DEBUG
2026-03-14 03:16:08.199 runner heartbeat queue_depth=1 workers_busy=3 level=DEBUG
2026-03-14 02:17:59.067 runner heartbeat queue_depth=6 workers_busy=2 level=DEBUG
2026-03-14 02:41:50.094 runner heartbeat queue_depth=6 workers_busy=1 level=DEBUG
2026-03-14 02:24:16.469 runner heartbeat queue_depth=0 workers_busy=3 level=DEBUG
2026-03-14 02:52:04.183 runner heartbeat queue_depth=5 workers_busy=0 level=DEBUG
2026-03-14 03:03:11.130 runner heartbeat queue_depth=5 workers_busy=0 level=DEBUG
2026-03-14 02:34:29.834 runner heartbeat queue_depth=1 workers_busy=1 level=DEBUG
2026-03-14 03:05:56.676 runner heartbeat queue_depth=4 workers_busy=0 level=DEBUG
2026-03-14 02:53:24.931 runner heartbeat queue_depth=1 workers_busy=2 level=DEBUG
2026-03-14 03:07:05.734 runner heartbeat queue_depth=6 workers_busy=3 level=DEBUG
2026-03-14 02:06:32.698 runner heartbeat queue_depth=4 workers_busy=2 level=DEBUG
2026-03-14 02:22:36.246 runner heartbeat queue_depth=8 workers_busy=0 level=DEBUG
2026-03-14 02:00:13.114 runner heartbeat queue_depth=0 workers_busy=1 level=DEBUG
2026-03-14 02:45:53.985 runner heartbeat queue_depth=8 workers_busy=1 level=DEBUG
2026-03-14 02:26:30.185 runner heartbeat queue_depth=0 workers_busy=1 level=DEBUG
2026-03-14 02:07:31.839 runner heartbeat queue_depth=7 workers_busy=2 level=DEBUG
2026-03-14 02:02:43.756 runner heartbeat queue_depth=6 workers_busy=1 level=DEBUG
2026-03-14 02:24:56.700 runner heartbeat queue_depth=8 workers_busy=3 level=DEBUG
2026-03-14 02:45:44.010 runner heartbeat queue_depth=4 workers_busy=2 level=DEBUG
2026-03-14 02:49:20.172 runner heartbeat queue_depth=5 workers_busy=2 level=DEBUG
2026-03-14 02:58:54.975 runner heartbeat queue_depth=0 workers_busy=0 level=DEBUG
2026-03-14 02:15:17.086 runner heartbeat queue_depth=4 workers_busy=0 level=DEBUG
2026-03-14 03:13:26.696 runner heartbeat queue_depth=3 workers_busy=3 level=DEBUG
2026-03-14 02:54:04.444 runner heartbeat queue_depth=8 workers_busy=1 level=DEBUG
2026-03-14 02:42:42.535 runner heartbeat queue_depth=2 workers_busy=3 level=DEBUG
2026-03-14 03:15:30.974 runner heartbeat queue_depth=7 workers_busy=1 level=DEBUG
2026-03-14 02:48:06.156 runner heartbeat queue_depth=7 workers_busy=2 level=DEBUG
2026-03-14 02:36:24.803 runner heartbeat queue_depth=1 workers_busy=1 level=DEBUG
2026-03-14 02:36:19.085 runner heartbeat queue_depth=8 workers_busy=0 level=DEBUG
2026-03-14 03:09:56.527 runner heartbeat queue_depth=7 workers_busy=0 level=DEBUG
2026-03-14 03:18:34.260 runner heartbeat queue_depth=4 workers_busy=3 level=DEBUG
2026-03-14 03:07:29.545 runner heartbeat queue_depth=6 workers_busy=1 level=DEBUG
2026-03-14 02:17:14.913 runner heartbeat queue_depth=1 workers_busy=1 level=DEBUG
2026-03-14 02:41:27.653 runner heartbeat queue_depth=6 workers_busy=2 level=DEBUG
2026-03-14 02:22:59.572 runner heartbeat queue_depth=4 workers_busy=1 level=DEBUG
2026-03-14 03:17:00.948 runner heartbeat queue_depth=1 workers_busy=2 level=DEBUG
2026-03-14 02:45:53.463 runner heartbeat queue_depth=8 workers_busy=0 level=DEBUG
2026-03-14 03:07:03.866 runner heartbeat queue_depth=0 workers_busy=0 level=DEBUG
2026-03-14 02:14:15.303 runner heartbeat queue_depth=2 workers_busy=1 level=DEBUG
2026-03-14 03:12:58.563 runner heartbeat queue_depth=4 workers_busy=2 level=DEBUG
2026-03-14 02:07:44.557 runner heartbeat queue_depth=7 workers_busy=1 level=DEBUG
2026-03-14 02:32:17.323 runner heartbeat queue_depth=0 workers_busy=2 level=DEBUG
2026-03-14 02:38:02.081 runner heartbeat queue_depth=3 workers_busy=3 level=DEBUG
2026-03-14 03:11:10.967 runner heartbeat queue_depth=6 workers_busy=3 level=DEBUG
2026-03-14 03:18:25.414 runner heartbeat queue_depth=1 workers_busy=3 level=DEBUG
2026-03-14 02:29:06.048 runner heartbeat queue_depth=7 workers_busy=2 level=DEBUG
2026-03-14 02:16:52.316 runner heartbeat queue_depth=4 workers_busy=0 level=DEBUG
2026-03-14 03:18:11.610 runner heartbeat queue_depth=1 workers_busy=1 level=DEBUG
2026-03-14 02:03:03.620 runner heartbeat queue_depth=7 workers_busy=1 level=DEBUG
2026-03-14 02:30:01.551 runner heartbeat queue_depth=5 workers_busy=3 level=DEBUG
2026-03-14 02:47:02.795 runner heartbeat queue_depth=8 workers_busy=2 level=DEBUG
2026-03-14 02:23:54.128 runner heartbeat queue_depth=0 workers_busy=0 level=DEBUG
2026-03-14 02:26:50.579 runner heartbeat queue_depth=3 workers_busy=1 level=DEBUG
2026-03-14 02:33:31.885 runner heartbeat queue_depth=7 workers_busy=3 level=DEBUG
2026-03-14 02:11:39.321 runner heartbeat queue_depth=5 workers_busy=1 level=DEBUG
2026-03-14 02:00:59.070 runner heartbeat queue_depth=5 workers_busy=0 level=DEBUG
2026-03-14 02:02:41.530 runner heartbeat queue_depth=7 workers_busy=0 level=DEBUG
2026-03-14 02:33:54.037 runner heartbeat queue_depth=1 workers_busy=2 level=DEBUG
2026-03-14 02:01:49.899 runner heartbeat queue_depth=2 workers_busy=2 level=DEBUG
2026-03-14 02:31:57.025 runner heartbeat queue_depth=2 workers_busy=0 level=DEBUG
2026-03-14 02:09:01.669 runner heartbeat queue_depth=0 workers_busy=0 level=DEBUG
2026-03-14 02:59:44.323 runner heartbeat queue_depth=1 workers_busy=0 level=DEBUG
2026-03-14 03:04:48.048 runner heartbeat queue_depth=3 workers_busy=0 level=DEBUG
2026-03-14 02:25:07.256 runner heartbeat queue_depth=8 workers_busy=0 level=DEBUG
2026-03-14 02:29:38.687 runner heartbeat queue_depth=1 workers_busy=0 level=DEBUG
2026-03-14 03:15:09.928 runner heartbeat queue_depth=5 workers_busy=3 level=DEBUG
2026-03-14 03:04:56.700 runner heartbeat queue_depth=0 workers_busy=1 level=DEBUG
2026-03-14 02:22:35.910 runner heartbeat queue_depth=6 workers_busy=3 level=DEBUG
2026-03-14 02:21:48.894 runner heartbeat queue_depth=7 workers_busy=1 level=DEBUG
2026-03-14 03:18:55.537 runner heartbeat queue_depth=2 workers_busy=0 level=DEBUG
2026-03-14 02:30:54.446 runner heartbeat queue_depth=1 workers_busy=1 level=DEBUG
2026-03-14 02:58:30.863 runner heartbeat queue_depth=5 workers_busy=3 level=DEBUG
2026-03-14 03:08:01.314 runner heartbeat queue_depth=7 workers_busy=3 level=DEBUG
2026-03-14 02:19:39.466 runner heartbeat queue_depth=1 workers_busy=2 level=DEBUG
2026-03-14 02:03:38.961 runner heartbeat queue_depth=4 workers_busy=2 level=DEBUG
2026-03-14 02:18:39.881 runner heartbeat queue_depth=0 workers_busy=0 level=DEBUG
2026-03-14 02:06:43.784 runner heartbeat queue_depth=2 workers_busy=2 level=DEBUG
2026-03-14 02:57:14.661 runner heartbeat queue_depth=4 workers_busy=1 level=DEBUG
2026-03-14 02:03:40.944 runner heartbeat queue_depth=6 workers_busy=1 level=DEBUG
2026-03-14 02:53:04.446 runner heartbeat queue_depth=4 workers_busy=2 level=DEBUG
2026-03-14 02:09:39.536 runner heartbeat queue_depth=6 workers_busy=1 level=DEBUG
2026-03-14 02:37:03.217 runner heartbeat queue_depth=0 workers_busy=2 level=DEBUG
2026-03-14 03:12:01.009 runner heartbeat queue_depth=4 workers_busy=3 level=DEBUG
2026-03-14 02:34:50.818 runner heartbeat queue_depth=2 workers_busy=1 level=DEBUG
2026-03-14 02:09:09.258 runner heartbeat queue_depth=5 workers_busy=1 level=DEBUG
2026-03-14 02:52:17.259 runner heartbeat queue_depth=0 workers_busy=3 level=DEBUG
2026-03-14 02:32:56.403 runner heartbeat queue_depth=1 workers_busy=0 level=DEBUG
2026-03-14 02:03:08.679 runner heartbeat queue_depth=5 workers_busy=2 level=DEBUG
2026-03-14 02:00:53.105 runner heartbeat queue_depth=5 workers_busy=3 level=DEBUG
2026-03-14 03:16:08.906 runner heartbeat queue_depth=1 workers_busy=2 level=DEBUG
2026-03-14 03:10:13.466 runner heartbeat queue_depth=5 workers_busy=2 level=DEBUG
2026-03-14 02:35:55.780 runner heartbeat queue_depth=4 workers_busy=0 level=DEBUG
2026-03-14 02:04:24.447 runner heartbeat queue_depth=8 workers_busy=0 level=DEBUG
2026-03-14 02:50:37.604 runner heartbeat queue_depth=2 workers_busy=0 level=DEBUG
2026-03-14 02:11:17.257 runner heartbeat queue_depth=2 workers_busy=0 level=DEBUG
2026-03-14 03:02:36.561 runner heartbeat queue_depth=7 workers_busy=2 level=DEBUG
2026-03-14 02:47:49.878 runner heartbeat queue_depth=1 workers_busy=3 level=DEBUG
2026-03-14 03:08:13.217 runner heartbeat queue_depth=1 workers_busy=0 level=DEBUG
2026-03-14 02:38:17.361 runner heartbeat queue_depth=3 workers_busy=3 level=DEBUG
2026-03-14 03:10:00.056 runner heartbeat queue_depth=3 workers_busy=2 level=DEBUG
2026-03-14 02:43:48.257 runner heartbeat queue_depth=8 workers_busy=3 level=DEBUG
2026-03-14 03:08:31.950 runner heartbeat queue_depth=3 workers_busy=3 level=DEBUG
2026-03-14 02:39:03.685 runner heartbeat queue_depth=8 workers_busy=2 level=DEBUG
2026-03-14 03:04:27.210 runner heartbeat queue_depth=8 workers_busy=1 level=DEBUG
2026-03-14 02:06:54.497 runner heartbeat queue_depth=8 workers_busy=2 level=DEBUG
2026-03-14 02:00:22.638 runner heartbeat queue_depth=1 workers_busy=0 level=DEBUG
2026-03-14 02:05:35.936 runner heartbeat queue_depth=6 workers_busy=3 level=DEBUG
2026-03-14 02:24:52.194 runner heartbeat queue_depth=5 workers_busy=3 level=DEBUG
2026-03-14 02:05:48.837 runner heartbeat queue_depth=4 workers_busy=1 level=DEBUG
2026-03-14 03:15:19.877 runner heartbeat queue_depth=6 workers_busy=1 level=DEBUG
2026-03-14 03:00:45.748 runner heartbeat queue_depth=2 workers_busy=1 level=DEBUG
2026-03-14 03:13:31.598 runner heartbeat queue_depth=8 workers_busy=3 level=DEBUG
2026-03-14 02:06:08.235 runner heartbeat queue_depth=4 workers_busy=0 level=DEBUG
2026-03-14 03:09:12.729 runner heartbeat queue_depth=0 workers_busy=2 level=DEBUG
2026-03-14 02:51:05.622 runner heartbeat queue_depth=1 workers_busy=3 level=DEBUG
2026-03-14 03:11:39.925 runner heartbeat queue_depth=1 workers_busy=3 level=DEBUG
2026-03-14 03:18:14.710 runner heartbeat queue_depth=8 workers_busy=2 level=DEBUG
2026-03-14 02:45:15.427 runner heartbeat queue_depth=3 workers_busy=2 level=DEBUG
2026-03-14 03:16:41.780 runner heartbeat queue_depth=0 workers_busy=2 level=DEBUG
2026-03-14 02:37:24.500 runner heartbeat queue_depth=8 workers_busy=2 level=DEBUG
2026-03-14 02:16:56.853 runner heartbeat queue_depth=2 workers_busy=0 level=DEBUG
2026-03-14 02:44:31.120 runner heartbeat queue_depth=1 workers_busy=0 level=DEBUG
2026-03-14 02:48:13.039 runner heartbeat queue_depth=0 workers_busy=0 level=DEBUG
2026-03-14 02:23:52.051 runner heartbeat queue_depth=2 workers_busy=1 level=DEBUG
2026-03-14 02:09:46.352 runner heartbeat queue_depth=6 workers_busy=0 level=DEBUG
2026-03-14 03:06:41.356 runner heartbeat queue_depth=0 workers_busy=0 level=DEBUG
2026-03-14 03:01:52.819 runner heartbeat queue_depth=0 workers_busy=2 level=DEBUG
2026-03-14 02:10:18.050 runner heartbeat queue_depth=2 workers_busy=3 level=DEBUG
2026-03-14 02:32:57.985 runner heartbeat queue_depth=6 workers_busy=0 level=DEBUG
2026-03-14 03:16:53.384 runner heartbeat queue_depth=4 workers_busy=0 level=DEBUG
2026-03-14 02:52:31.219 runner heartbeat queue_depth=2 workers_busy=2 level=DEBUG
2026-03-14 02:48:47.818 runner heartbeat queue_depth=2 workers_busy=1 level=DEBUG
2026-03-14 02:00:17.661 runner heartbeat queue_depth=0 workers_busy=3 level=DEBUG
2026-03-14 02:37:16.244 runner heartbeat queue_depth=6 workers_busy=0 level=DEBUG
2026-03-14 02:41:17.624 runner heartbeat queue_depth=7 workers_busy=3 level=DEBUG
2026-03-14 02:04:26.789 runner heartbeat queue_depth=3 workers_busy=3 level=DEBUG
2026-03-14 03:03:01.340 runner heartbeat queue_depth=6 workers_busy=1 level=DEBUG
2026-03-14 02:52:47.538 runner heartbeat queue_depth=8 workers_busy=3 level=DEBUG
2026-03-14 03:01:24.811 runner heartbeat queue_depth=0 workers_busy=3 level=DEBUG
2026-03-14 03:10:28.009 runner heartbeat queue_depth=6 workers_busy=2 level=DEBUG
2026-03-14 02:41:41.334 runner heartbeat queue_depth=5 workers_busy=0 level=DEBUG
2026-03-14 02:41:43.528 runner heartbeat queue_depth=1 workers_busy=3 level=DEBUG
2026-03-14 02:57:16.505 runner heartbeat queue_depth=8 workers_busy=0 level=DEBUG
2026-03-14 02:32:04.060 runner heartbeat queue_depth=4 workers_busy=1 level=DEBUG
2026-03-14 03:09:22.550 runner heartbeat queue_depth=6 workers_busy=0 level=DEBUG
2026-03-14 02:11:02.957 runner heartbeat queue_depth=8 workers_busy=3 level=DEBUG
2026-03-14 02:25:34.629 runner heartbeat queue_depth=4 workers_busy=0 level=DEBUG
2026-03-14 02:46:18.327 runner heartbeat queue_depth=4 workers_busy=0 level=DEBUG
2026-03-14 02:16:33.459 runner heartbeat queue_depth=4 workers_busy=2 level=DEBUG
2026-03-14 03:13:13.065 runner heartbeat queue_depth=8 workers_busy=0 level=DEBUG
2026-03-14 03:12:08.009 runner heartbeat queue_depth=5 workers_busy=0 level=DEBUG
2026-03-14 03:10:54.034 runner heartbeat queue_depth=2 workers_busy=3 level=DEBUG
2026-03-14 02:37:16.111 runner heartbeat queue_depth=4 workers_busy=1 level=DEBUG
2026-03-14 03:00:15.143 runner heartbeat queue_depth=7 workers_busy=0 level=DEBUG
2026-03-14 02:22:55.339 runner heartbeat queue_depth=1 workers_busy=2 level=DEBUG
2026-03-14 02:07:44.310 runner heartbeat queue_depth=4 workers_busy=0 level=DEBUG
2026-03-14 02:54:11.610 runner heartbeat queue_depth=3 workers_busy=0 level=DEBUG
2026-03-14 02:09:23.525 runner heartbeat queue_depth=0 workers_busy=3 level=DEBUG
2026-03-14 02:59:47.903 runner heartbeat queue_depth=4 workers_busy=0 level=DEBUG
2026-03-14 02:16:22.587 runner heartbeat queue_depth=8 workers_busy=0 level=DEBUG
2026-03-14 02:45:12.897 runner heartbeat queue_depth=3 workers_busy=2 level=DEBUG
2026-03-14 02:55:58.255 runner heartbeat queue_depth=8 workers_busy=2 level=DEBUG
2026-03-14 02:55:46.263 runner heartbeat queue_depth=7 workers_busy=0 level=DEBUG
2026-03-14 02:54:50.490 runner heartbeat queue_depth=7 workers_busy=2 level=DEBUG
2026-03-14 02:13:17.719 runner heartbeat queue_depth=0 workers_busy=2 level=DEBUG
2026-03-14 02:47:09.567 runner heartbeat queue_depth=6 workers_busy=2 level=DEBUG
2026-03-14 02:06:13.942 runner heartbeat queue_depth=3 workers_busy=1 level=DEBUG
2026-03-14 02:18:21.648 runner heartbeat queue_depth=5 workers_busy=3 level=DEBUG
2026-03-14 02:39:01.151 runner heartbeat queue_depth=1 workers_busy=0 level=DEBUG
2026-03-14 02:40:57.942 runner heartbeat queue_depth=5 workers_busy=1 level=DEBUG
2026-03-14 02:14:47.506 runner heartbeat queue_depth=1 workers_busy=1 level=DEBUG
2026-03-14 02:07:51.902 runner heartbeat queue_depth=1 workers_busy=0 level=DEBUG
2026-03-14 02:25:38.990 runner heartbeat queue_depth=1 workers_busy=0 level=DEBUG
2026-03-14 02:15:15.579 runner heartbeat queue_depth=5 workers_busy=2 level=DEBUG
2026-03-14 02:13:14.541 runner heartbeat queue_depth=3 workers_busy=1 level=DEBUG
2026-03-14 02:04:58.371 runner heartbeat queue_depth=1 workers_busy=1 level=DEBUG
2026-03-14 02:00:10.415 runner heartbeat queue_depth=6 workers_busy=3 level=DEBUG
2026-03-14 03:02:17.625 runner heartbeat queue_depth=7 workers_busy=2 level=DEBUG
2026-03-14 02:35:02.010 runner heartbeat queue_depth=0 workers_busy=2 level=DEBUG
2026-03-14 02:40:54.441 runner heartbeat queue_depth=7 workers_busy=3 level=DEBUG
2026-03-14 02:04:39.557 runner heartbeat queue_depth=5 workers_busy=2 level=DEBUG
2026-03-14 02:19:07.704 runner heartbeat queue_depth=8 workers_busy=3 level=DEBUG
2026-03-14 02:34:35.493 runner heartbeat queue_depth=6 workers_busy=3 level=DEBUG
2026-03-14 02:10:57.376 runner heartbeat queue_depth=2 workers_busy=0 level=DEBUG
2026-03-14 03:15:03.041 runner heartbeat queue_depth=1 workers_busy=3 level=DEBUG
2026-03-14 02:02:34.734 runner heartbeat queue_depth=8 workers_busy=3 level=DEBUG
2026-03-14 02:54:56.393 runner heartbeat queue_depth=8 workers_busy=2 level=DEBUG
2026-03-14 02:13:18.080 runner heartbeat queue_depth=3 workers_busy=1 level=DEBUG
2026-03-14 02:15:52.187 runner heartbeat queue_depth=1 workers_busy=1 level=DEBUG
2026-03-14 02:47:08.614 runner heartbeat queue_depth=4 workers_busy=1 level=DEBUG
2026-03-14 03:11:20.828 runner heartbeat queue_depth=4 workers_busy=3 level=DEBUG
2026-03-14 02:54:33.921 runner heartbeat queue_depth=3 workers_busy=1 level=DEBUG
2026-03-14 02:21:31.777 runner heartbeat queue_depth=6 workers_busy=2 level=DEBUG
2026-03-14 02:08:23.191 runner heartbeat queue_depth=5 workers_busy=2 level=DEBUG
2026-03-14 02:43:04.153 runner heartbeat queue_depth=3 workers_busy=0 level=DEBUG
2026-03-14 02:52:10.269 runner heartbeat queue_depth=0 workers_busy=3 level=DEBUG
2026-03-14 02:05:13.403 runner heartbeat queue_depth=3 workers_busy=3 level=DEBUG
2026-03-14 02:07:22.602 runner heartbeat queue_depth=7 workers_busy=2 level=DEBUG
2026-03-14 02:11:10.270 runner heartbeat queue_depth=5 workers_busy=0 level=DEBUG
2026-03-14 02:37:34.645 runner heartbeat queue_depth=6 workers_busy=2 level=DEBUG
2026-03-14 02:55:06.567 runner heartbeat queue_depth=3 workers_busy=3 level=DEBUG
2026-03-14 02:08:55.470 runner heartbeat queue_depth=3 workers_busy=2 level=DEBUG
2026-03-14 03:11:42.602 runner heartbeat queue_depth=5 workers_busy=1 level=DEBUG
2026-03-14 02:23:34.229 runner heartbeat queue_depth=8 workers_busy=0 level=DEBUG
2026-03-14 02:08:16.464 runner heartbeat queue_depth=1 workers_busy=2 level=DEBUG
2026-03-14 02:27:34.070 runner heartbeat queue_depth=8 workers_busy=2 level=DEBUG
2026-03-14 02:46:26.520 runner heartbeat queue_depth=2 workers_busy=3 level=DEBUG
2026-03-14 02:17:24.322 runner heartbeat queue_depth=0 workers_busy=2 level=DEBUG
2026-03-14 02:55:29.377 runner heartbeat queue_depth=1 workers_busy=0 level=DEBUG
2026-03-14 02:05:21.096 runner heartbeat queue_depth=1 workers_busy=3 level=DEBUG
2026-03-14 02:36:29.683 runner heartbeat queue_depth=7 workers_busy=0 level=DEBUG
2026-03-14 02:53:13.282 runner heartbeat queue_depth=3 workers_busy=0 level=DEBUG
2026-03-14 02:57:51.728 runner heartbeat queue_depth=1 workers_busy=2 level=DEBUG
2026-03-14 03:01:56.622 runner heartbeat queue_depth=7 workers_busy=3 level=DEBUG
2026-03-14 02:43:55.896 runner heartbeat queue_depth=0 workers_busy=3 level=DEBUG
2026-03-14 02:19:46.620 runner heartbeat queue_depth=5 workers_busy=1 level=DEBUG
2026-03-14 02:46:15.057 runner heartbeat queue_depth=8 workers_busy=2 level=DEBUG
2026-03-14 03:06:45.361 runner heartbeat queue_depth=0 workers_busy=3 level=DEBUG
2026-03-14 02:39:10.824 runner heartbeat queue_depth=1 workers_busy=3 level=DEBUG
2026-03-14 02:35:24.567 runner heartbeat queue_depth=2 workers_busy=2 level=DEBUG
2026-03-14 03:14:46.842 runner heartbeat queue_depth=5 workers_busy=2 level=DEBUG
2026-03-14 02:28:40.737 runner heartbeat queue_depth=3 workers_busy=0 level=DEBUG
2026-03-14 03:06:17.276 runner heartbeat queue_depth=4 workers_busy=0 level=DEBUG
2026-03-14 02:51:35.518 runner heartbeat queue_depth=5 workers_busy=3 level=DEBUG
2026-03-14 03:15:43.424 runner heartbeat queue_depth=1 workers_busy=1 level=DEBUG
2026-03-14 03:09:39.498 runner heartbeat queue_depth=8 workers_busy=1 level=DEBUG
2026-03-14 03:09:22.684 runner heartbeat queue_depth=7 workers_busy=2 level=DEBUG
2026-03-14 03:10:41.318 runner heartbeat queue_depth=5 workers_busy=3 level=DEBUG
2026-03-14 02:10:27.623 runner heartbeat queue_depth=7 workers_busy=0 level=DEBUG
2026-03-14 02:30:12.968 runner heartbeat queue_depth=5 workers_busy=1 level=DEBUG
2026-03-14 02:27:44.641 runner heartbeat queue_depth=3 workers_busy=3 level=DEBUG
2026-03-14 02:29:51.243 runner heartbeat queue_depth=5 workers_busy=0 level=DEBUG
2026-03-14 03:08:16.413 runner heartbeat queue_depth=3 workers_busy=0 level=DEBUG
2026-03-14 02:35:55.743 runner heartbeat queue_depth=2 workers_busy=1 level=DEBUG
2026-03-14 03:15:51.691 runner heartbeat queue_depth=4 workers_busy=2 level=DEBUG
2026-03-14 02:15:38.551 runner heartbeat queue_depth=2 workers_busy=0 level=DEBUG
2026-03-14 03:13:30.564 runner heartbeat queue_depth=2 workers_busy=2 level=DEBUG
2026-03-14 03:00:12.225 runner heartbeat queue_depth=0 workers_busy=0 level=DEBUG
2026-03-14 02:39:51.115 runner heartbeat queue_depth=3 workers_busy=3 level=DEBUG
2026-03-14 02:51:01.521 runner heartbeat queue_depth=7 workers_busy=2 level=DEBUG
2026-03-14 02:57:56.044 runner heartbeat queue_depth=0 workers_busy=1 level=DEBUG
2026-03-14 02:21:23.708 runner heartbeat queue_depth=1 workers_busy=0 level=DEBUG
2026-03-14 02:39:59.217 runner heartbeat queue_depth=5 workers_busy=0 level=DEBUG
2026-03-14 02:01:26.517 runner heartbeat queue_depth=0 workers_busy=0 level=DEBUG
2026-03-14 02:11:38.416 runner heartbeat queue_depth=1 workers_busy=3 level=DEBUG
2026-03-14 02:01:11.202 runner heartbeat queue_depth=3 workers_busy=0 level=DEBUG
2026-03-14 02:15:23.087 runner heartbeat queue_depth=2 workers_busy=3 level=DEBUG
2026-03-14 03:15:39.479 runner heartbeat queue_depth=3 workers_busy=2 level=DEBUG
2026-03-14 02:58:44.012 runner heartbeat queue_depth=6 workers_busy=3 level=DEBUG
2026-03-14 02:01:47.910 runner heartbeat queue_depth=4 workers_busy=2 level=DEBUG
2026-03-14 02:27:20.152 runner heartbeat queue_depth=3 workers_busy=0 level=DEBUG
2026-03-14 02:25:03.247 runner heartbeat queue_depth=4 workers_busy=1 level=DEBUG
2026-03-14 03:12:03.300 runner heartbeat queue_depth=0 workers_busy=1 level=DEBUG
2026-03-14 03:06:05.075 runner heartbeat queue_depth=0 workers_busy=0 level=DEBUG
2026-03-14 03:04:06.739 runner heartbeat queue_depth=3 workers_busy=0 level=DEBUG
2026-03-14 02:45:53.531 runner heartbeat queue_depth=3 workers_busy=0 level=DEBUG
2026-03-14 02:04:01.130 runner heartbeat queue_depth=4 workers_busy=0 level=DEBUG
2026-03-14 02:02:47.683 runner heartbeat queue_depth=1 workers_busy=2 level=DEBUG
2026-03-14 02:40:27.598 runner heartbeat queue_depth=5 workers_busy=3 level=DEBUG
2026-03-14 02:26:03.539 runner heartbeat queue_depth=4 workers_busy=1 level=DEBUG
2026-03-14 02:35:04.395 runner heartbeat queue_depth=5 workers_busy=2 level=DEBUG
2026-03-14 02:11:21.952 runner heartbeat queue_depth=2 workers_busy=0 level=DEBUG
2026-03-14 02:59:50.848 runner heartbeat queue_depth=3 workers_busy=2 level=DEBUG
2026-03-14 03:02:29.236 runner heartbeat queue_depth=0 workers_busy=3 level=DEBUG
2026-03-14 02:37:36.486 runner heartbeat queue_depth=1 workers_busy=2 level=DEBUG
2026-03-14 03:16:45.005 runner heartbeat queue_depth=2 workers_busy=2 level=DEBUG
2026-03-14 03:03:20.976 runner heartbeat queue_depth=0 workers_busy=1 level=DEBUG
2026-03-14 02:36:02.227 runner heartbeat queue_depth=0 workers_busy=2 level=DEBUG
2026-03-14 02:05:24.873 runner heartbeat queue_depth=2 workers_busy=1 level=DEBUG
2026-03-14 02:47:12.523 runner heartbeat queue_depth=4 workers_busy=1 level=DEBUG
2026-03-14 02:31:54.071 runner heartbeat queue_depth=1 workers_busy=1 level=DEBUG
2026-03-14 03:01:50.345 runner heartbeat queue_depth=8 workers_busy=2 level=DEBUG
2026-03-14 02:09:02.225 runner heartbeat queue_depth=6 workers_busy=3 level=DEBUG
2026-03-14 02:52:05.943 runner heartbeat queue_depth=8 workers_busy=2 level=DEBUG
2026-03-14 03:14:26.833 runner heartbeat queue_depth=7 workers_busy=2 level=DEBUG
2026-03-14 02:03:18.508 runner heartbeat queue_depth=1 workers_busy=3 level=DEBUG
2026-03-14 03:06:17.021 runner heartbeat queue_depth=1 workers_busy=2 level=DEBUG
2026-03-14 03:15:26.085 runner heartbeat queue_depth=3 workers_busy=2 level=DEBUG
2026-03-14 02:14:37.935 runner heartbeat queue_depth=0 workers_busy=0 level=DEBUG
2026-03-14 02:34:17.876 runner heartbeat queue_depth=3 workers_busy=3 level=DEBUG
2026-03-14 03:01:27.729 runner heartbeat queue_depth=6 workers_busy=0 level=DEBUG
2026-03-14 02:15:14.984 runner heartbeat queue_depth=3 workers_busy=2 level=DEBUG
2026-03-14 02:40:06.614 runner heartbeat queue_depth=1 workers_busy=0 level=DEBUG
2026-03-14 02:16:54.327 runner heartbeat queue_depth=7 workers_busy=2 level=DEBUG
2026-03-14 02:18:57.539 runner heartbeat queue_depth=7 workers_busy=3 level=DEBUG
2026-03-14 02:54:23.350 runner heartbeat queue_depth=1 workers_busy=1 level=DEBUG
2026-03-14 02:27:27.157 runner heartbeat queue_depth=6 workers_busy=0 level=DEBUG
2026-03-14 02:11:21.957 runner heartbeat queue_depth=1 workers_busy=3 level=DEBUG
2026-03-14 02:32:21.490 runner heartbeat queue_depth=5 workers_busy=2 level=DEBUG
2026-03-14 03:05:38.204 runner heartbeat queue_depth=8 workers_busy=1 level=DEBUG
2026-03-14 02:02:57.542 runner heartbeat queue_depth=2 workers_busy=1 level=DEBUG
2026-03-14 02:43:20.453 runner heartbeat queue_depth=2 workers_busy=0 level=DEBUG
2026-03-14 02:04:41.434 runner heartbeat queue_depth=5 workers_busy=0 level=DEBUG
2026-03-14 02:38:41.203 runner heartbeat queue_depth=4 workers_busy=3 level=DEBUG
2026-03-14 02:29:07.617 runner heartbeat queue_depth=7 workers_busy=2 level=DEBUG
2026-03-14 03:17:15.112 runner heartbeat queue_depth=0 workers_busy=0 level=DEBUG
2026-03-14 03:09:47.945 runner heartbeat queue_depth=1 workers_busy=2 level=DEBUG
2026-03-14 02:12:10.299 runner heartbeat queue_depth=7 workers_busy=3 level=DEBUG
2026-03-14 03:07:37.420 runner heartbeat queue_depth=2 workers_busy=3 level=DEBUG
2026-03-14 02:57:57.041 runner heartbeat queue_depth=3 workers_busy=0 level=DEBUG
2026-03-14 03:05:31.561 runner heartbeat queue_depth=7 workers_busy=0 level=DEBUG
2026-03-14 02:23:05.750 runner heartbeat queue_depth=3 workers_busy=2 level=DEBUG
2026-03-14 02:04:55.383 runner heartbeat queue_depth=7 workers_busy=2 level=DEBUG
2026-03-14 03:16:00.452 runner heartbeat queue_depth=6 workers_busy=0 level=DEBUG
2026-03-14 03:08:23.450 runner heartbeat queue_depth=0 workers_busy=0 level=DEBUG
2026-03-14 02:53:56.038 runner heartbeat queue_depth=2 workers_busy=3 level=DEBUG
2026-03-14 02:46:57.780 runner heartbeat queue_depth=2 workers_busy=0 level=DEBUG
2026-03-14 02:30:13.126 runner heartbeat queue_depth=2 workers_busy=1 level=DEBUG
2026-03-14 02:46:16.644 runner heartbeat queue_depth=4 workers_busy=1 level=DEBUG
2026-03-14 03:06:09.016 runner heartbeat queue_depth=0 workers_busy=2 level=DEBUG
2026-03-14 03:01:37.803 runner heartbeat queue_depth=5 workers_busy=1 level=DEBUG
2026-03-14 02:05:50.932 runner heartbeat queue_depth=5 workers_busy=2 level=DEBUG
2026-03-14 02:17:55.622 runner heartbeat queue_depth=0 workers_busy=2 level=DEBUG
2026-03-14 02:01:10.452 runner heartbeat queue_depth=7 workers_busy=3 level=DEBUG
2026-03-14 02:51:38.990 runner heartbeat queue_depth=2 workers_busy=3 level=DEBUG
2026-03-14 03:10:21.627 runner heartbeat queue_depth=2 workers_busy=3 level=DEBUG
2026-03-14 02:37:22.426 runner heartbeat queue_depth=3 workers_busy=0 level=DEBUG
2026-03-14 03:02:27.666 runner heartbeat queue_depth=7 workers_busy=0 level=DEBUG
2026-03-14 03:02:18.362 runner heartbeat queue_depth=7 workers_busy=1 level=DEBUG
2026-03-14 03:10:33.616 runner heartbeat queue_depth=6 workers_busy=3 level=DEBUG
2026-03-14 02:14:27.512 runner heartbeat queue_depth=7 workers_busy=3 level=DEBUG
2026-03-14 02:06:07.284 runner heartbeat queue_depth=6 workers_busy=2 level=DEBUG
2026-03-14 02:09:27.733 runner heartbeat queue_depth=8 workers_busy=3 level=DEBUG
2026-03-14 02:38:36.970 runner heartbeat queue_depth=2 workers_busy=2 level=DEBUG
2026-03-14 02:56:53.148 runner heartbeat queue_depth=4 workers_busy=3 level=DEBUG
2026-03-14 02:59:59.755 runner heartbeat queue_depth=4 workers_busy=0 level=DEBUG
2026-03-14 02:21:17.214 runner heartbeat queue_depth=4 workers_busy=1 level=DEBUG
2026-03-14 02:43:30.531 runner heartbeat queue_depth=0 workers_busy=2 level=DEBUG
2026-03-14 02:24:13.346 runner heartbeat queue_depth=4 workers_busy=0 level=DEBUG
2026-03-14 02:31:09.049 runner heartbeat queue_depth=6 workers_busy=2 level=DEBUG
2026-03-14 02:08:29.474 runner heartbeat queue_depth=4 workers_busy=0 level=DEBUG
2026-03-14 02:20:40.191 runner heartbeat queue_depth=5 workers_busy=2 level=DEBUG
2026-03-14 02:48:32.622 runner heartbeat queue_depth=0 workers_busy=1 level=DEBUG
2026-03-14 02:24:02.007 runner heartbeat queue_depth=6 workers_busy=0 level=DEBUG
2026-03-14 02:24:18.983 runner heartbeat queue_depth=4 workers_busy=1 level=DEBUG
2026-03-14 03:07:14.938 runner heartbeat queue_depth=4 workers_busy=3 level=DEBUG
2026-03-14 02:12:29.495 runner heartbeat queue_depth=1 workers_busy=0 level=DEBUG
2026-03-14 02:33:38.355 runner heartbeat queue_depth=7 workers_busy=1 level=DEBUG
2026-03-14 02:26:08.443 runner heartbeat queue_depth=6 workers_busy=1 level=DEBUG
2026-03-14 02:50:53.984 runner heartbeat queue_depth=5 workers_busy=0 level=DEBUG
2026-03-14 02:58:37.630 runner heartbeat queue_depth=3 workers_busy=1 level=DEBUG
2026-03-14 02:52:47.995 runner heartbeat queue_depth=6 workers_busy=2 level=DEBUG
2026-03-14 03:04:52.559 runner heartbeat queue_depth=4 workers_busy=0 level=DEBUG
2026-03-14 03:07:34.036 runner heartbeat queue_depth=3 workers_busy=1 level=DEBUG
2026-03-14 02:29:33.815 runner heartbeat queue_depth=2 workers_busy=2 level=DEBUG
2026-03-14 02:25:59.426 runner heartbeat queue_depth=1 workers_busy=1 level=DEBUG
2026-03-14 02:05:14.887 runner heartbeat queue_depth=8 workers_busy=3 level=DEBUG
2026-03-14 02:01:11.389 runner heartbeat queue_depth=7 workers_busy=0 level=DEBUG
2026-03-14 02:25:55.602 runner heartbeat queue_depth=6 workers_busy=3 level=DEBUG
2026-03-14 02:06:38.089 runner heartbeat queue_depth=1 workers_busy=0 level=DEBUG
2026-03-14 02:08:00.335 runner heartbeat queue_depth=6 workers_busy=1 level=DEBUG
2026-03-14 02:34:12.663 runner heartbeat queue_depth=0 workers_busy=2 level=DEBUG
2026-03-14 02:35:34.224 runner heartbeat queue_depth=7 workers_busy=3 level=DEBUG
2026-03-14 03:03:06.242 runner heartbeat queue_depth=3 workers_busy=0 level=DEBUG
2026-03-14 02:33:52.061 runner heartbeat queue_depth=3 workers_busy=1 level=DEBUG
2026-03-14 02:28:17.914 runner heartbeat queue_depth=0 workers_busy=3 level=DEBUG
2026-03-14 02:01:21.730 runner heartbeat queue_depth=0 workers_busy=0 level=DEBUG
2026-03-14 02:38:26.333 runner heartbeat queue_depth=0 workers_busy=0 level=DEBUG
2026-03-14 02:57:05.471 runner heartbeat queue_depth=1 workers_busy=0 level=DEBUG
2026-03-14 03:07:36.923 runner heartbeat queue_depth=8 workers_busy=2 level=DEBUG
2026-03-14 02:12:33.170 runner heartbeat queue_depth=7 workers_busy=0 level=DEBUG
2026-03-14 02:43:41.864 runner heartbeat queue_depth=3 workers_busy=3 level=DEBUG
2026-03-14 02:32:01.220 runner heartbeat queue_depth=7 workers_busy=1 level=DEBUG
2026-03-14 02:47:45.111 runner heartbeat queue_depth=2 workers_busy=2 level=DEBUG
2026-03-14 02:54:33.063 runner heartbeat queue_depth=6 workers_busy=2 level=DEBUG
2026-03-14 02:55:19.679 runner heartbeat queue_depth=3 workers_busy=2 level=DEBUG
2026-03-14 02:50:01.485 runner heartbeat queue_depth=0 workers_busy=2 level=DEBUG
2026-03-14 03:01:28.355 runner heartbeat queue_depth=5 workers_busy=1 level=DEBUG
2026-03-14 02:59:45.777 runner heartbeat queue_depth=3 workers_busy=2 level=DEBUG
2026-03-14 02:33:46.992 runner heartbeat queue_depth=7 workers_busy=3 level=DEBUG
2026-03-14 02:19:41.402 runner heartbeat queue_depth=8 workers_busy=2 level=DEBUG
2026-03-14 02:10:46.470 runner heartbeat queue_depth=5 workers_busy=3 level=DEBUG
2026-03-14 03:14:51.561 runner heartbeat queue_depth=7 workers_busy=3 level=DEBUG
2026-03-14 02:49:30.090 runner heartbeat queue_depth=2 workers_busy=2 level=DEBUG
2026-03-14 02:46:02.826 runner heartbeat queue_depth=6 workers_busy=2 level=DEBUG
2026-03-14 02:55:49.159 runner heartbeat queue_depth=7 workers_busy=3 level=DEBUG
2026-03-14 03:10:49.293 runner heartbeat queue_depth=7 workers_busy=0 level=DEBUG
2026-03-14 02:42:39.299 runner heartbeat queue_depth=7 workers_busy=1 level=DEBUG
2026-03-14 03:09:40.742 runner heartbeat queue_depth=3 workers_busy=2 level=DEBUG
2026-03-14 02:14:12.597 runner heartbeat queue_depth=1 workers_busy=0 level=DEBUG
2026-03-14 02:48:43.320 runner heartbeat queue_depth=7 workers_busy=1 level=DEBUG
2026-03-14 02:07:15.821 runner heartbeat queue_depth=5 workers_busy=2 level=DEBUG
2026-03-14 02:08:49.968 runner heartbeat queue_depth=5 workers_busy=0 level=DEBUG
2026-03-14 02:49:47.249 runner heartbeat queue_depth=6 workers_busy=2 level=DEBUG
2026-03-14 03:14:19.127 runner heartbeat queue_depth=2 workers_busy=1 level=DEBUG
2026-03-14 03:09:46.129 runner heartbeat queue_depth=3 workers_busy=0 level=DEBUG
2026-03-14 02:23:39.810 runner heartbeat queue_depth=7 workers_busy=0 level=DEBUG
2026-03-14 02:08:48.452 runner heartbeat queue_depth=3 workers_busy=3 level=DEBUG
2026-03-14 03:00:34.475 runner heartbeat queue_depth=0 workers_busy=2 level=DEBUG
2026-03-14 02:47:37.104 runner heartbeat queue_depth=3 workers_busy=2 level=DEBUG
2026-03-14 02:14:40.508 runner heartbeat queue_depth=1 workers_busy=1 level=DEBUG
2026-03-14 02:11:17.375 runner heartbeat queue_depth=4 workers_busy=0 level=DEBUG
2026-03-14 02:30:34.300 runner heartbeat queue_depth=4 workers_busy=3 level=DEBUG
2026-03-14 02:39:42.886 runner heartbeat queue_depth=0 workers_busy=2 level=DEBUG
2026-03-14 03:05:16.166 runner heartbeat queue_depth=0 workers_busy=3 level=DEBUG
2026-03-14 02:39:44.042 runner heartbeat queue_depth=8 workers_busy=3 level=DEBUG
2026-03-14 02:21:59.294 runner heartbeat queue_depth=0 workers_busy=0 level=DEBUG
2026-03-14 02:36:23.910 runner heartbeat queue_depth=5 workers_busy=0 level=DEBUG
2026-03-14 02:12:21.074 runner heartbeat queue_depth=6 workers_busy=0 level=DEBUG
2026-03-14 02:35:05.560 runner heartbeat queue_depth=8 workers_busy=3 level=DEBUG
2026-03-14 02:18:57.539 runner heartbeat queue_depth=8 workers_busy=3 level=DEBUG
2026-03-14 02:54:28.710 runner heartbeat queue_depth=4 workers_busy=2 level=DEBUG
2026-03-14 03:12:38.006 runner heartbeat queue_depth=1 workers_busy=2 level=DEBUG
2026-03-14 02:56:58.233 runner heartbeat queue_depth=6 workers_busy=3 level=DEBUG
2026-03-14 02:45:06.601 runner heartbeat queue_depth=0 workers_busy=0 level=DEBUG
2026-03-14 02:14:14.413 runner heartbeat queue_depth=4 workers_busy=3 level=DEBUG
2026-03-14 02:48:48.294 runner heartbeat queue_depth=0 workers_busy=3 level=DEBUG
2026-03-14 02:03:45.376 runner heartbeat queue_depth=1 workers_busy=1 level=DEBUG
2026-03-14 02:15:05.299 runner heartbeat queue_depth=3 workers_busy=3 level=DEBUG
2026-03-14 02:58:49.087 runner heartbeat queue_depth=2 workers_busy=3 level=DEBUG
2026-03-14 02:32:30.748 runner heartbeat queue_depth=4 workers_busy=2 level=DEBUG
2026-03-14 02:39:11.213 runner heartbeat queue_depth=0 workers_busy=1 level=DEBUG
2026-03-14 02:50:14.800 runner heartbeat queue_depth=3 workers_busy=2 level=DEBUG
2026-03-14 03:03:47.669 runner heartbeat queue_depth=1 workers_busy=0 level=DEBUG
2026-03-14 02:22:39.120 runner heartbeat queue_depth=5 workers_busy=3 level=DEBUG
2026-03-14 02:11:12.355 runner heartbeat queue_depth=0 workers_busy=0 level=DEBUG
2026-03-14 02:48:11.739 runner heartbeat queue_depth=1 workers_busy=0 level=DEBUG
2026-03-14 02:51:13.664 runner heartbeat queue_depth=7 workers_busy=2 level=DEBUG
2026-03-14 02:16:20.868 runner heartbeat queue_depth=2 workers_busy=0 level=DEBUG
2026-03-14 02:06:48.417 runner heartbeat queue_depth=2 workers_busy=1 level=DEBUG
2026-03-14 02:35:14.130 runner heartbeat queue_depth=2 workers_busy=3 level=DEBUG
2026-03-14 03:13:46.308 runner heartbeat queue_depth=7 workers_busy=0 level=DEBUG
2026-03-14 02:55:18.359 runner heartbeat queue_depth=2 workers_busy=2 level=DEBUG
2026-03-14 02:37:17.435 runner heartbeat queue_depth=0 workers_busy=2 level=DEBUG
2026-03-14 03:07:08.548 runner heartbeat queue_depth=4 workers_busy=1 level=DEBUG
2026-03-14 02:04:47.935 runner heartbeat queue_depth=1 workers_busy=2 level=DEBUG
2026-03-14 03:08:55.116 runner heartbeat queue_depth=3 workers_busy=0 level=DEBUG
2026-03-14 02:08:44.390 runner heartbeat queue_depth=3 workers_busy=3 level=DEBUG
2026-03-14 02:36:25.357 runner heartbeat queue_depth=5 workers_busy=1 level=DEBUG
2026-03-14 02:05:58.557 runner heartbeat queue_depth=6 workers_busy=0 level=DEBUG
2026-03-14 03:10:17.437 runner heartbeat queue_depth=4 workers_busy=1 level=DEBUG
2026-03-14 02:58:14.217 runner heartbeat queue_depth=4 workers_busy=0 level=DEBUG
2026-03-14 03:05:35.701 runner heartbeat queue_depth=4 workers_busy=2 level=DEBUG
2026-03-14 03:11:02.712 runner heartbeat queue_depth=0 workers_busy=0 level=DEBUG
2026-03-14 03:03:27.902 runner heartbeat queue_depth=0 workers_busy=2 level=DEBUG
2026-03-14 02:45:53.297 runner heartbeat queue_depth=7 workers_busy=1 level=DEBUG
2026-03-14 02:47:04.813 runner heartbeat queue_depth=5 workers_busy=1 level=DEBUG
2026-03-14 02:39:00.180 runner heartbeat queue_depth=5 workers_busy=0 level=DEBUG
2026-03-14 02:29:02.578 runner heartbeat queue_depth=4 workers_busy=0 level=DEBUG
2026-03-14 03:08:28.007 runner heartbeat queue_depth=8 workers_busy=1 level=DEBUG
2026-03-14 02:27:21.405 runner heartbeat queue_depth=1 workers_busy=2 level=DEBUG
2026-03-14 03:18:38.608 runner heartbeat queue_depth=6 workers_busy=3 level=DEBUG
2026-03-14 03:11:49.422 runner heartbeat queue_depth=5 workers_busy=0 level=DEBUG
2026-03-14 02:32:41.806 runner heartbeat queue_depth=6 workers_busy=1 level=DEBUG
2026-03-14 02:14:17.655 runner heartbeat queue_depth=5 workers_busy=3 level=DEBUG
2026-03-14 02:28:59.544 runner heartbeat queue_depth=2 workers_busy=2 level=DEBUG
2026-03-14 02:54:50.780 runner heartbeat queue_depth=0 workers_busy=1 level=DEBUG
2026-03-14 02:47:28.456 runner heartbeat queue_depth=2 workers_busy=0 level=DEBUG
2026-03-14 03:03:45.697 runner heartbeat queue_depth=3 workers_busy=0 level=DEBUG
2026-03-14 02:41:57.276 runner heartbeat queue_depth=4 workers_busy=3 level=DEBUG
2026-03-14 02:04:43.921 runner heartbeat queue_depth=8 workers_busy=1 level=DEBUG
2026-03-14 02:13:52.083 runner heartbeat queue_depth=6 workers_busy=0 level=DEBUG
2026-03-14 03:04:24.838 runner heartbeat queue_depth=1 workers_busy=3 level=DEBUG
2026-03-14 02:46:33.411 runner heartbeat queue_depth=3 workers_busy=3 level=DEBUG
2026-03-14 02:17:47.089 runner heartbeat queue_depth=0 workers_busy=2 level=DEBUG
2026-03-14 02:48:27.337 runner heartbeat queue_depth=7 workers_busy=3 level=DEBUG
2026-03-14 03:14:23.685 runner heartbeat queue_depth=3 workers_busy=1 level=DEBUG
2026-03-14 02:50:01.472 runner heartbeat queue_depth=8 workers_busy=1 level=DEBUG
2026-03-14 02:50:02.339 runner heartbeat queue_depth=5 workers_busy=0 level=DEBUG
2026-03-14 02:47:07.137 runner heartbeat queue_depth=8 workers_busy=1 level=DEBUG
2026-03-14 02:17:28.420 runner heartbeat queue_depth=0 workers_busy=2 level=DEBUG
2026-03-14 02:57:55.376 runner heartbeat queue_depth=4 workers_busy=2 level=DEBUG
2026-03-14 02:54:57.482 runner heartbeat queue_depth=1 workers_busy=1 level=DEBUG
2026-03-14 02:28:25.185 runner heartbeat queue_depth=6 workers_busy=1 level=DEBUG
2026-03-14 02:36:09.005 runner heartbeat queue_depth=3 workers_busy=3 level=DEBUG
2026-03-14 02:23:46.121 runner heartbeat queue_depth=0 workers_busy=0 level=DEBUG
2026-03-14 02:50:47.346 runner heartbeat queue_depth=5 workers_busy=2 level=DEBUG
2026-03-14 02:23:28.610 runner heartbeat queue_depth=8 workers_busy=1 level=DEBUG
2026-03-14 02:22:35.317 runner heartbeat queue_depth=0 workers_busy=1 level=DEBUG
2026-03-14 02:28:01.928 runner heartbeat queue_depth=0 workers_busy=0 level=DEBUG
2026-03-14 02:39:07.622 runner heartbeat queue_depth=0 workers_busy=3 level=DEBUG
2026-03-14 02:28:16.698 runner heartbeat queue_depth=5 workers_busy=3 level=DEBUG
2026-03-14 02:24:19.833 runner heartbeat queue_depth=1 workers_busy=1 level=DEBUG
2026-03-14 02:29:56.242 runner heartbeat queue_depth=1 workers_busy=3 level=DEBUG
2026-03-14 02:57:22.612 runner heartbeat queue_depth=3 workers_busy=2 level=DEBUG
2026-03-14 02:05:08.234 runner heartbeat queue_depth=8 workers_busy=2 level=DEBUG
2026-03-14 02:00:14.413 runner heartbeat queue_depth=3 workers_busy=2 level=DEBUG
2026-03-14 02:52:36.137 runner heartbeat queue_depth=7 workers_busy=0 level=DEBUG
2026-03-14 02:55:40.953 runner heartbeat queue_depth=4 workers_busy=1 level=DEBUG
2026-03-14 02:57:18.691 runner heartbeat queue_depth=1 workers_busy=1 level=DEBUG
2026-03-14 03:17:24.788 runner heartbeat queue_depth=5 workers_busy=1 level=DEBUG
2026-03-14 03:07:57.568 runner heartbeat queue_depth=7 workers_busy=2 level=DEBUG
2026-03-14 02:28:55.409 runner heartbeat queue_depth=0 workers_busy=2 level=DEBUG
2026-03-14 02:59:14.293 runner heartbeat queue_depth=5 workers_busy=2 level=DEBUG
2026-03-14 02:23:20.546 runner heartbeat queue_depth=5 workers_busy=0 level=DEBUG
2026-03-14 03:07:57.811 runner heartbeat queue_depth=1 workers_busy=1 level=DEBUG
2026-03-14 02:45:51.075 runner heartbeat queue_depth=1 workers_busy=3 level=DEBUG
2026-03-14 02:48:21.142 runner heartbeat queue_depth=3 workers_busy=1 level=DEBUG
2026-03-14 03:02:42.267 runner heartbeat queue_depth=8 workers_busy=0 level=DEBUG
2026-03-14 02:19:11.202 runner heartbeat queue_depth=2 workers_busy=0 level=DEBUG
2026-03-14 02:47:41.998 runner heartbeat queue_depth=0 workers_busy=0 level=DEBUG
2026-03-14 03:07:43.716 runner heartbeat queue_depth=7 workers_busy=1 level=DEBUG
2026-03-14 02:40:03.191 runner heartbeat queue_depth=4 workers_busy=3 level=DEBUG
2026-03-14 02:06:54.680 runner heartbeat queue_depth=2 workers_busy=3 level=DEBUG
2026-03-14 03:02:32.599 runner heartbeat queue_depth=0 workers_busy=2 level=DEBUG
2026-03-14 02:39:44.465 runner heartbeat queue_depth=7 workers_busy=3 level=DEBUG
2026-03-14 02:18:05.961 runner heartbeat queue_depth=0 workers_busy=2 level=DEBUG
2026-03-14 02:26:10.747 runner heartbeat queue_depth=4 workers_busy=2 level=DEBUG
2026-03-14 03:17:51.129 runner heartbeat queue_depth=8 workers_busy=0 level=DEBUG
2026-03-14 02:47:14.225 runner heartbeat queue_depth=5 workers_busy=3 level=DEBUG
2026-03-14 02:51:48.135 runner heartbeat queue_depth=4 workers_busy=3 level=DEBUG
2026-03-14 03:09:41.119 runner heartbeat queue_depth=6 workers_busy=2 level=DEBUG
2026-03-14 03:12:33.064 runner heartbeat queue_depth=0 workers_busy=1 level=DEBUG
2026-03-14 02:01:09.931 runner heartbeat queue_depth=3 workers_busy=0 level=DEBUG
2026-03-14 02:59:03.954 runner heartbeat queue_depth=3 workers_busy=2 level=DEBUG
2026-03-14 02:01:14.513 runner heartbeat queue_depth=2 workers_busy=1 level=DEBUG
2026-03-14 02:16:34.086 runner heartbeat queue_depth=7 workers_busy=3 level=DEBUG
2026-03-14 03:08:38.730 runner heartbeat queue_depth=2 workers_busy=1 level=DEBUG
2026-03-14 02:01:58.027 runner heartbeat queue_depth=4 workers_busy=1 level=DEBUG
2026-03-14 02:05:00.235 runner heartbeat queue_depth=5 workers_busy=3 level=DEBUG
2026-03-14 02:07:18.085 runner heartbeat queue_depth=2 workers_busy=3 level=DEBUG
2026-03-14 02:36:20.567 runner heartbeat queue_depth=0 workers_busy=1 level=DEBUG
2026-03-14 02:22:42.586 runner heartbeat queue_depth=6 workers_busy=0 level=DEBUG
2026-03-14 02:46:56.487 runner heartbeat queue_depth=8 workers_busy=0 level=DEBUG
2026-03-14 02:05:45.121 runner heartbeat queue_depth=3 workers_busy=1 level=DEBUG
2026-03-14 03:17:31.983 runner heartbeat queue_depth=6 workers_busy=3 level=DEBUG
2026-03-14 02:02:50.602 runner heartbeat queue_depth=8 workers_busy=1 level=DEBUG
2026-03-14 02:38:00.808 runner heartbeat queue_depth=4 workers_busy=3 level=DEBUG
2026-03-14 02:04:04.114 runner heartbeat queue_depth=5 workers_busy=3 level=DEBUG
2026-03-14 02:04:11.505 runner heartbeat queue_depth=3 workers_busy=2 level=DEBUG
2026-03-14 03:08:15.183 runner heartbeat queue_depth=4 workers_busy=2 level=DEBUG
2026-03-14 02:38:15.947 runner heartbeat queue_depth=3 workers_busy=3 level=DEBUG
2026-03-14 02:40:44.314 runner heartbeat queue_depth=8 workers_busy=3 level=DEBUG
2026-03-14 02:57:33.627 runner heartbeat queue_depth=0 workers_busy=1 level=DEBUG
2026-03-14 02:35:49.033 runner heartbeat queue_depth=2 workers_busy=1 level=DEBUG
2026-03-14 02:13:06.161 runner heartbeat queue_depth=1 workers_busy=3 level=DEBUG
2026-03-14 03:03:31.416 runner heartbeat queue_depth=4 workers_busy=1 level=DEBUG
2026-03-14 02:59:28.753 runner heartbeat queue_depth=8 workers_busy=2 level=DEBUG
2026-03-14 02:35:10.014 runner heartbeat queue_depth=6 workers_busy=2 level=DEBUG
2026-03-14 03:15:51.850 runner heartbeat queue_depth=3 workers_busy=0 level=DEBUG
2026-03-14 03:13:06.379 runner heartbeat queue_depth=3 workers_busy=1 level=DEBUG
2026-03-14 03:18:44.996 runner heartbeat queue_depth=1 workers_busy=1 level=DEBUG
2026-03-14 02:54:28.424 runner heartbeat queue_depth=1 workers_busy=0 level=DEBUG
2026-03-14 02:33:54.673 runner heartbeat queue_depth=5 workers_busy=1 level=DEBUG
2026-03-14 02:55:06.026 runner heartbeat queue_depth=2 workers_busy=0 level=DEBUG
2026-03-14 03:17:12.697 runner heartbeat queue_depth=6 workers_busy=0 level=DEBUG
2026-03-14 02:26:12.245 runner heartbeat queue_depth=3 workers_busy=3 level=DEBUG
2026-03-14 02:33:41.756 runner heartbeat queue_depth=4 workers_busy=3 level=DEBUG
2026-03-14 02:22:09.799 runner heartbeat queue_depth=0 workers_busy=2 level=DEBUG
2026-03-14 03:11:01.990 runner heartbeat queue_depth=1 workers_busy=3 level=DEBUG
2026-03-14 02:03:59.242 runner heartbeat queue_depth=7 workers_busy=1 level=DEBUG
2026-03-14 02:38:29.057 runner heartbeat queue_depth=1 workers_busy=0 level=DEBUG
2026-03-14 03:04:16.015 runner heartbeat queue_depth=3 workers_busy=3 level=DEBUG
2026-03-14 02:40:11.277 runner heartbeat queue_depth=3 workers_busy=1 level=DEBUG
2026-03-14 02:48:25.341 runner heartbeat queue_depth=5 workers_busy=0 level=DEBUG
2026-03-14 02:23:17.496 runner heartbeat queue_depth=2 workers_busy=2 level=DEBUG
2026-03-14 02:34:39.582 runner heartbeat queue_depth=8 workers_busy=1 level=DEBUG
2026-03-14 02:58:34.661 runner heartbeat queue_depth=2 workers_busy=3 level=DEBUG
2026-03-14 02:22:02.786 runner heartbeat queue_depth=8 workers_busy=2 level=DEBUG
2026-03-14 03:01:12.075 runner heartbeat queue_depth=0 workers_busy=1 level=DEBUG
2026-03-14 02:55:29.836 runner heartbeat queue_depth=0 workers_busy=3 level=DEBUG
2026-03-14 02:27:13.983 runner heartbeat queue_depth=0 workers_busy=3 level=DEBUG
2026-03-14 02:58:11.994 runner heartbeat queue_depth=5 workers_busy=2 level=DEBUG
2026-03-14 03:18:31.297 runner heartbeat queue_depth=2 workers_busy=0 level=DEBUG
2026-03-14 02:52:11.251 runner heartbeat queue_depth=4 workers_busy=2 level=DEBUG
2026-03-14 02:05:18.994 runner heartbeat queue_depth=5 workers_busy=3 level=DEBUG
2026-03-14 02:58:38.900 runner heartbeat queue_depth=1 workers_busy=1 level=DEBUG
2026-03-14 02:03:15.306 runner heartbeat queue_depth=6 workers_busy=3 level=DEBUG
2026-03-14 02:35:26.352 runner heartbeat queue_depth=7 workers_busy=3 level=DEBUG
2026-03-14 03:17:51.645 runner heartbeat queue_depth=6 workers_busy=0 level=DEBUG
2026-03-14 03:03:39.417 runner heartbeat queue_depth=5 workers_busy=0 level=DEBUG
2026-03-14 03:12:57.467 runner heartbeat queue_depth=4 workers_busy=1 level=DEBUG
2026-03-14 03:09:30.388 runner heartbeat queue_depth=8 workers_busy=1 level=DEBUG
2026-03-14 02:24:10.882 runner heartbeat queue_depth=6 workers_busy=1 level=DEBUG
2026-03-14 02:05:39.564 runner heartbeat queue_depth=4 workers_busy=0 level=DEBUG
2026-03-14 02:46:29.108 runner heartbeat queue_depth=4 workers_busy=1 level=DEBUG
2026-03-14 02:22:31.902 runner heartbeat queue_depth=4 workers_busy=1 level=DEBUG
2026-03-14 03:08:38.280 runner heartbeat queue_depth=6 workers_busy=1 level=DEBUG
2026-03-14 03:16:25.759 runner heartbeat queue_depth=6 workers_busy=2 level=DEBUG
2026-03-14 02:33:05.679 runner heartbeat queue_depth=6 workers_busy=0 level=DEBUG
2026-03-14 02:06:14.141 runner heartbeat queue_depth=7 workers_busy=0 level=DEBUG
2026-03-14 02:33:08.215 runner heartbeat queue_depth=3 workers_busy=1 level=DEBUG
2026-03-14 02:12:16.696 runner heartbeat queue_depth=5 workers_busy=2 level=DEBUG
2026-03-14 03:05:15.807 runner heartbeat queue_depth=4 workers_busy=3 level=DEBUG
2026-03-14 03:02:35.201 runner heartbeat queue_depth=4 workers_busy=2 level=DEBUG
2026-03-14 02:31:30.521 runner heartbeat queue_depth=6 workers_busy=0 level=DEBUG
2026-03-14 03:12:58.312 runner heartbeat queue_depth=2 workers_busy=1 level=DEBUG
2026-03-14 02:23:00.927 runner heartbeat queue_depth=7 workers_busy=2 level=DEBUG
2026-03-14 02:19:54.877 runner heartbeat queue_depth=7 workers_busy=2 level=DEBUG
2026-03-14 02:02:45.550 runner heartbeat queue_depth=2 workers_busy=0 level=DEBUG
2026-03-14 02:56:28.331 runner heartbeat queue_depth=2 workers_busy=0 level=DEBUG
2026-03-14 03:11:35.014 runner heartbeat queue_depth=6 workers_busy=2 level=DEBUG
2026-03-14 03:06:11.457 runner heartbeat queue_depth=5 workers_busy=2 level=DEBUG
2026-03-14 02:04:38.553 runner heartbeat queue_depth=0 workers_busy=1 level=DEBUG
2026-03-14 03:09:08.946 runner heartbeat queue_depth=7 workers_busy=2 level=DEBUG
2026-03-14 02:03:10.919 runner heartbeat queue_depth=5 workers_busy=0 level=DEBUG
2026-03-14 02:27:01.692 runner heartbeat queue_depth=2 workers_busy=2 level=DEBUG
2026-03-14 03:01:56.668 runner heartbeat queue_depth=8 workers_busy=2 level=DEBUG
2026-03-14 02:57:08.179 runner heartbeat queue_depth=6 workers_busy=1 level=DEBUG
2026-03-14 03:07:26.569 runner heartbeat queue_depth=5 workers_busy=1 level=DEBUG
2026-03-14 03:01:26.227 runner heartbeat queue_depth=1 workers_busy=3 level=DEBUG
2026-03-14 02:44:52.515 runner heartbeat queue_depth=0 workers_busy=3 level=DEBUG
2026-03-14 02:22:27.590 runner heartbeat queue_depth=0 workers_busy=3 level=DEBUG
2026-03-14 03:01:13.957 runner heartbeat queue_depth=0 workers_busy=2 level=DEBUG
2026-03-14 02:50:01.015 runner heartbeat queue_depth=1 workers_busy=3 level=DEBUG
2026-03-14 02:54:40.698 runner heartbeat queue_depth=7 workers_busy=2 level=DEBUG
2026-03-14 02:39:19.155 runner heartbeat queue_depth=1 workers_busy=2 level=DEBUG
2026-03-14 03:10:21.748 runner heartbeat queue_depth=4 workers_busy=1 level=DEBUG
2026-03-14 02:55:44.044 runner heartbeat queue_depth=1 workers_busy=3 level=DEBUG
2026-03-14 03:03:42.903 runner heartbeat queue_depth=2 workers_busy=3 level=DEBUG
2026-03-14 02:38:47.297 runner heartbeat queue_depth=1 workers_busy=2 level=DEBUG
2026-03-14 02:44:50.115 runner heartbeat queue_depth=5 workers_busy=0 level=DEBUG
2026-03-14 02:27:14.549 runner heartbeat queue_depth=7 workers_busy=1 level=DEBUG
2026-03-14 03:00:53.525 runner heartbeat queue_depth=5 workers_busy=0 level=DEBUG
2026-03-14 02:57:08.466 runner heartbeat queue_depth=6 workers_busy=3 level=DEBUG
2026-03-14 02:08:12.257 runner heartbeat queue_depth=8 workers_busy=0 level=DEBUG
2026-03-14 02:00:45.639 runner heartbeat queue_depth=2 workers_busy=1 level=DEBUG
2026-03-14 02:54:32.340 runner heartbeat queue_depth=1 workers_busy=3 level=DEBUG
2026-03-14 03:03:00.405 runner heartbeat queue_depth=6 workers_busy=2 level=DEBUG
2026-03-14 02:51:11.585 runner heartbeat queue_depth=6 workers_busy=1 level=DEBUG
2026-03-14 02:47:19.554 runner heartbeat queue_depth=5 workers_busy=3 level=DEBUG
2026-03-14 02:54:21.747 runner heartbeat queue_depth=4 workers_busy=3 level=DEBUG
2026-03-14 02:28:27.246 runner heartbeat queue_depth=1 workers_busy=2 level=DEBUG
2026-03-14 03:01:41.390 runner heartbeat queue_depth=5 workers_busy=0 level=DEBUG
2026-03-14 02:10:57.167 runner heartbeat queue_depth=7 workers_busy=3 level=DEBUG
2026-03-14 02:27:37.322 runner heartbeat queue_depth=8 workers_busy=2 level=DEBUG
2026-03-14 02:40:31.275 runner heartbeat queue_depth=0 workers_busy=3 level=DEBUG
2026-03-14 02:56:55.858 runner heartbeat queue_depth=4 workers_busy=0 level=DEBUG
2026-03-14 02:04:13.578 runner heartbeat queue_depth=7 workers_busy=0 level=DEBUG
2026-03-14 02:52:05.879 runner heartbeat queue_depth=2 workers_busy=0 level=DEBUG
2026-03-14 02:33:33.133 runner heartbeat queue_depth=1 workers_busy=1 level=DEBUG
2026-03-14 03:03:21.254 runner heartbeat queue_depth=5 workers_busy=1 level=DEBUG
2026-03-14 02:39:38.904 runner heartbeat queue_depth=3 workers_busy=2 level=DEBUG
2026-03-14 02:22:35.320 runner heartbeat queue_depth=7 workers_busy=3 level=DEBUG
2026-03-14 02:03:49.862 runner heartbeat queue_depth=2 workers_busy=1 level=DEBUG
2026-03-14 02:24:17.277 runner heartbeat queue_depth=3 workers_busy=0 level=DEBUG
2026-03-14 02:18:25.676 runner heartbeat queue_depth=6 workers_busy=0 level=DEBUG
2026-03-14 03:01:57.670 runner heartbeat queue_depth=1 workers_busy=3 level=DEBUG
2026-03-14 02:50:03.921 runner heartbeat queue_depth=1 workers_busy=0 level=DEBUG
2026-03-14 02:18:37.505 runner heartbeat queue_depth=4 workers_busy=3 level=DEBUG
2026-03-14 02:00:47.044 runner heartbeat queue_depth=8 workers_busy=2 level=DEBUG
2026-03-14 02:14:29.392 runner heartbeat queue_depth=0 workers_busy=3 level=DEBUG
2026-03-14 02:29:27.982 runner heartbeat queue_depth=0 workers_busy=2 level=DEBUG
2026-03-14 02:05:15.953 runner heartbeat queue_depth=6 workers_busy=3 level=DEBUG
2026-03-14 02:04:45.981 runner heartbeat queue_depth=8 workers_busy=0 level=DEBUG
2026-03-14 02:51:30.225 runner heartbeat queue_depth=8 workers_busy=1 level=DEBUG
2026-03-14 02:13:40.028 runner heartbeat queue_depth=5 workers_busy=0 level=DEBUG
2026-03-14 02:45:50.380 runner heartbeat queue_depth=2 workers_busy=1 level=DEBUG
2026-03-14 02:21:08.488 runner heartbeat queue_depth=6 workers_busy=2 level=DEBUG
2026-03-14 02:24:05.663 runner heartbeat queue_depth=3 workers_busy=0 level=DEBUG
2026-03-14 02:24:09.779 runner heartbeat queue_depth=1 workers_busy=0 level=DEBUG
2026-03-14 03:04:19.411 runner heartbeat queue_depth=4 workers_busy=2 level=DEBUG
2026-03-14 02:47:03.191 runner heartbeat queue_depth=4 workers_busy=2 level=DEBUG
2026-03-14 02:58:15.535 runner heartbeat queue_depth=7 workers_busy=2 level=DEBUG
2026-03-14 02:59:49.023 runner heartbeat queue_depth=8 workers_busy=2 level=DEBUG
2026-03-14 02:35:14.546 runner heartbeat queue_depth=2 workers_busy=1 level=DEBUG
2026-03-14 02:49:46.903 runner heartbeat queue_depth=7 workers_busy=2 level=DEBUG
2026-03-14 03:13:27.874 runner heartbeat queue_depth=7 workers_busy=3 level=DEBUG
2026-03-14 02:36:48.998 runner heartbeat queue_depth=8 workers_busy=2 level=DEBUG
2026-03-14 03:12:25.685 runner heartbeat queue_depth=3 workers_busy=1 level=DEBUG
2026-03-14 02:26:15.524 runner heartbeat queue_depth=7 workers_busy=3 level=DEBUG
2026-03-14 02:13:08.536 runner heartbeat queue_depth=3 workers_busy=0 level=DEBUG
2026-03-14 02:56:03.613 runner heartbeat queue_depth=2 workers_busy=2 level=DEBUG
2026-03-14 02:05:08.365 runner heartbeat queue_depth=3 workers_busy=1 level=DEBUG
2026-03-14 02:26:00.942 runner heartbeat queue_depth=2 workers_busy=1 level=DEBUG
2026-03-14 02:22:11.906 runner heartbeat queue_depth=7 workers_busy=0 level=DEBUG
2026-03-14 03:18:31.300 runner heartbeat queue_depth=3 workers_busy=3 level=DEBUG
2026-03-14 02:31:47.469 runner heartbeat queue_depth=3 workers_busy=2 level=DEBUG
2026-03-14 03:13:31.687 runner heartbeat queue_depth=6 workers_busy=3 level=DEBUG
2026-03-14 02:29:10.488 runner heartbeat queue_depth=2 workers_busy=0 level=DEBUG
2026-03-14 02:21:04.931 runner heartbeat queue_depth=0 workers_busy=1 level=DEBUG
2026-03-14 03:17:18.074 runner heartbeat queue_depth=0 workers_busy=1 level=DEBUG
2026-03-14 02:48:31.048 runner heartbeat queue_depth=2 workers_busy=0 level=DEBUG
2026-03-14 02:06:03.123 runner heartbeat queue_depth=8 workers_busy=0 level=DEBUG
2026-03-14 02:06:25.235 runner heartbeat queue_depth=8 workers_busy=3 level=DEBUG
2026-03-14 03:18:19.507 runner heartbeat queue_depth=5 workers_busy=1 level=DEBUG
2026-03-14 03:13:49.814 runner heartbeat queue_depth=1 workers_busy=0 level=DEBUG
2026-03-14 02:53:35.330 runner heartbeat queue_depth=6 workers_busy=2 level=DEBUG
2026-03-14 02:41:48.039 runner heartbeat queue_depth=5 workers_busy=2 level=DEBUG
2026-03-14 02:37:59.355 runner heartbeat queue_depth=7 workers_busy=2 level=DEBUG
2026-03-14 03:14:36.500 runner heartbeat queue_depth=8 workers_busy=1 level=DEBUG
2026-03-14 02:08:18.034 runner heartbeat queue_depth=1 workers_busy=1 level=DEBUG
2026-03-14 02:12:49.719 runner heartbeat queue_depth=8 workers_busy=0 level=DEBUG
2026-03-14 02:47:32.769 runner heartbeat queue_depth=8 workers_busy=1 level=DEBUG
2026-03-14 02:35:41.796 runner heartbeat queue_depth=4 workers_busy=2 level=DEBUG
2026-03-14 03:06:06.423 runner heartbeat queue_depth=5 workers_busy=0 level=DEBUG
2026-03-14 03:15:30.804 runner heartbeat queue_depth=8 workers_busy=1 level=DEBUG
2026-03-14 02:03:30.699 runner heartbeat queue_depth=6 workers_busy=3 level=DEBUG
2026-03-14 02:19:15.457 runner heartbeat queue_depth=5 workers_busy=1 level=DEBUG
2026-03-14 03:01:24.885 runner heartbeat queue_depth=2 workers_busy=2 level=DEBUG
2026-03-14 02:23:46.749 runner heartbeat queue_depth=5 workers_busy=3 level=DEBUG
2026-03-14 02:32:17.296 runner heartbeat queue_depth=1 workers_busy=2 level=DEBUG
2026-03-14 02:34:57.511 runner heartbeat queue_depth=6 workers_busy=3 level=DEBUG
2026-03-14 03:13:10.986 runner heartbeat queue_depth=1 workers_busy=0 level=DEBUG
2026-03-14 02:11:50.342 runner heartbeat queue_depth=8 workers_busy=3 level=DEBUG
2026-03-14 03:15:31.586 runner heartbeat queue_depth=8 workers_busy=0 level=DEBUG
2026-03-14 02:58:35.275 runner heartbeat queue_depth=4 workers_busy=0 level=DEBUG
2026-03-14 03:18:58.505 runner heartbeat queue_depth=8 workers_busy=3 level=DEBUG
2026-03-14 02:43:07.843 runner heartbeat queue_depth=0 workers_busy=0 level=DEBUG
2026-03-14 02:59:58.386 runner heartbeat queue_depth=1 workers_busy=1 level=DEBUG
2026-03-14 02:45:01.192 runner heartbeat queue_depth=6 workers_busy=1 level=DEBUG
2026-03-14 02:59:19.191 runner heartbeat queue_depth=5 workers_busy=2 level=DEBUG
2026-03-14 02:34:38.560 runner heartbeat queue_depth=7 workers_busy=3 level=DEBUG
2026-03-14 02:28:22.324 runner heartbeat queue_depth=5 workers_busy=0 level=DEBUG
2026-03-14 02:45:04.373 runner heartbeat queue_depth=7 workers_busy=2 level=DEBUG
2026-03-14 03:02:33.985 runner heartbeat queue_depth=8 workers_busy=0 level=DEBUG
2026-03-14 02:45:08.032 runner heartbeat queue_depth=4 workers_busy=2 level=DEBUG
2026-03-14 03:08:45.122 runner heartbeat queue_depth=6 workers_busy=1 level=DEBUG
2026-03-14 02:48:23.551 runner heartbeat queue_depth=0 workers_busy=2 level=DEBUG
2026-03-14 02:09:55.076 runner heartbeat queue_depth=3 workers_busy=3 level=DEBUG
2026-03-14 02:16:34.511 runner heartbeat queue_depth=1 workers_busy=3 level=DEBUG
2026-03-14 02:55:44.762 runner heartbeat queue_depth=7 workers_busy=0 level=DEBUG
2026-03-14 02:11:22.175 runner heartbeat queue_depth=1 workers_busy=1 level=DEBUG
2026-03-14 02:35:34.231 runner heartbeat queue_depth=2 workers_busy=3 level=DEBUG
2026-03-14 03:03:58.964 runner heartbeat queue_depth=5 workers_busy=0 level=DEBUG
2026-03-14 02:14:36.922 runner heartbeat queue_depth=8 workers_busy=2 level=DEBUG
2026-03-14 03:12:03.031 runner heartbeat queue_depth=2 workers_busy=1 level=DEBUG
2026-03-14 02:37:19.011 runner heartbeat queue_depth=0 workers_busy=1 level=DEBUG
2026-03-14 02:16:01.753 runner heartbeat queue_depth=6 workers_busy=3 level=DEBUG
2026-03-14 02:27:10.701 runner heartbeat queue_depth=3 workers_busy=1 level=DEBUG
2026-03-14 02:57:51.099 runner heartbeat queue_depth=6 workers_busy=3 level=DEBUG
2026-03-14 02:43:41.453 runner heartbeat queue_depth=4 workers_busy=2 level=DEBUG
2026-03-14 02:25:24.738 runner heartbeat queue_depth=5 workers_busy=1 level=DEBUG
2026-03-14 02:42:20.163 runner heartbeat queue_depth=1 workers_busy=3 level=DEBUG
2026-03-14 02:57:56.454 runner heartbeat queue_depth=2 workers_busy=2 level=DEBUG
2026-03-14 02:51:47.710 runner heartbeat queue_depth=4 workers_busy=1 level=DEBUG
2026-03-14 03:07:13.928 runner heartbeat queue_depth=0 workers_busy=2 level=DEBUG
2026-03-14 03:07:01.872 runner heartbeat queue_depth=3 workers_busy=1 level=DEBUG
2026-03-14 03:01:41.871 runner heartbeat queue_depth=8 workers_busy=1 level=DEBUG
2026-03-14 02:27:07.175 runner heartbeat queue_depth=8 workers_busy=1 level=DEBUG
2026-03-14 03:00:04.757 runner heartbeat queue_depth=7 workers_busy=3 level=DEBUG
2026-03-14 02:29:08.302 runner heartbeat queue_depth=4 workers_busy=0 level=DEBUG
2026-03-14 02:26:41.921 runner heartbeat queue_depth=3 workers_busy=3 level=DEBUG
2026-03-14 02:26:36.993 runner heartbeat queue_depth=6 workers_busy=0 level=DEBUG
2026-03-14 02:27:05.742 runner heartbeat queue_depth=1 workers_busy=0 level=DEBUG
2026-03-14 03:11:50.810 runner heartbeat queue_depth=3 workers_busy=0 level=DEBUG
2026-03-14 03:14:55.064 runner heartbeat queue_depth=0 workers_busy=3 level=DEBUG
2026-03-14 02:59:54.678 runner heartbeat queue_depth=6 workers_busy=1 level=DEBUG
2026-03-14 02:35:37.635 runner heartbeat queue_depth=3 workers_busy=1 level=DEBUG
2026-03-14 02:23:47.174 runner heartbeat queue_depth=0 workers_busy=0 level=DEBUG
2026-03-14 02:22:04.165 runner heartbeat queue_depth=6 workers_busy=2 level=DEBUG
2026-03-14 02:15:21.483 runner heartbeat queue_depth=5 workers_busy=2 level=DEBUG
2026-03-14 02:19:14.298 runner heartbeat queue_depth=7 workers_busy=1 level=DEBUG
2026-03-14 02:32:21.277 runner heartbeat queue_depth=4 workers_busy=0 level=DEBUG
2026-03-14 03:08:48.853 runner heartbeat queue_depth=2 workers_busy=2 level=DEBUG
2026-03-14 02:51:30.507 runner heartbeat queue_depth=5 workers_busy=3 level=DEBUG
2026-03-14 03:15:07.438 runner heartbeat queue_depth=2 workers_busy=3 level=DEBUG
2026-03-14 02:10:50.003 runner heartbeat queue_depth=1 workers_busy=0 level=DEBUG
2026-03-14 02:30:40.696 runner heartbeat queue_depth=0 workers_busy=2 level=DEBUG
2026-03-14 02:38:31.389 runner heartbeat queue_depth=6 workers_busy=3 level=DEBUG
2026-03-14 02:29:04.263 runner heartbeat queue_depth=5 workers_busy=1 level=DEBUG
2026-03-14 02:08:15.497 runner heartbeat queue_depth=4 workers_busy=1 level=DEBUG
2026-03-14 02:57:33.400 runner heartbeat queue_depth=8 workers_busy=3 level=DEBUG
2026-03-14 02:06:21.533 runner heartbeat queue_depth=6 workers_busy=3 level=DEBUG
2026-03-14 02:23:57.588 runner heartbeat queue_depth=7 workers_busy=3 level=DEBUG
2026-03-14 03:14:04.324 runner heartbeat queue_depth=5 workers_busy=2 level=DEBUG
2026-03-14 02:59:26.234 runner heartbeat queue_depth=7 workers_busy=2 level=DEBUG
2026-03-14 02:36:40.281 runner heartbeat queue_depth=6 workers_busy=3 level=DEBUG
2026-03-14 02:56:24.859 runner heartbeat queue_depth=2 workers_busy=2 level=DEBUG
2026-03-14 02:43:33.467 runner heartbeat queue_depth=2 workers_busy=0 level=DEBUG
2026-03-14 03:04:11.955 runner heartbeat queue_depth=0 workers_busy=1 level=DEBUG
2026-03-14 02:14:28.090 runner heartbeat queue_depth=2 workers_busy=3 level=DEBUG
2026-03-14 03:11:45.819 runner heartbeat queue_depth=5 workers_busy=2 level=DEBUG
2026-03-14 02:07:14.985 runner heartbeat queue_depth=2 workers_busy=0 level=DEBUG
2026-03-14 02:27:19.428 runner heartbeat queue_depth=7 workers_busy=0 level=DEBUG
2026-03-14 02:42:54.804 runner heartbeat queue_depth=4 workers_busy=1 level=DEBUG
2026-03-14 02:30:17.766 runner heartbeat queue_depth=6 workers_busy=3 level=DEBUG
2026-03-14 02:30:12.741 runner heartbeat queue_depth=1 workers_busy=1 level=DEBUG
2026-03-14 02:27:09.079 runner heartbeat queue_depth=4 workers_busy=2 level=DEBUG
2026-03-14 02:31:45.877 runner heartbeat queue_depth=0 workers_busy=2 level=DEBUG
2026-03-14 02:54:33.731 runner heartbeat queue_depth=1 workers_busy=2 level=DEBUG
2026-03-14 02:58:43.574 runner heartbeat queue_depth=6 workers_busy=1 level=DEBUG
2026-03-14 02:22:39.351 runner heartbeat queue_depth=4 workers_busy=1 level=DEBUG
2026-03-14 02:11:39.895 runner heartbeat queue_depth=4 workers_busy=3 level=DEBUG
2026-03-14 03:04:36.274 runner heartbeat queue_depth=1 workers_busy=1 level=DEBUG
2026-03-14 02:57:38.685 runner heartbeat queue_depth=0 workers_busy=3 level=DEBUG
2026-03-14 03:07:18.878 runner heartbeat queue_depth=1 workers_busy=1 level=DEBUG
2026-03-14 02:11:08.921 runner heartbeat queue_depth=3 workers_busy=2 level=DEBUG
2026-03-14 02:16:22.519 runner heartbeat queue_depth=8 workers_busy=2 level=DEBUG
2026-03-14 03:08:20.646 runner heartbeat queue_depth=8 workers_busy=0 level=DEBUG
2026-03-14 02:59:08.550 runner heartbeat queue_depth=4 workers_busy=3 level=DEBUG
2026-03-14 02:09:55.665 runner heartbeat queue_depth=4 workers_busy=1 level=DEBUG
2026-03-14 02:38:03.778 runner heartbeat queue_depth=3 workers_busy=0 level=DEBUG
2026-03-14 02:25:50.622 runner heartbeat queue_depth=3 workers_busy=0 level=DEBUG
2026-03-14 03:12:19.356 runner heartbeat queue_depth=2 workers_busy=1 level=DEBUG
2026-03-14 02:05:51.540 runner heartbeat queue_depth=4 workers_busy=2 level=DEBUG
2026-03-14 02:43:43.289 runner heartbeat queue_depth=4 workers_busy=0 level=DEBUG
2026-03-14 02:42:43.368 runner heartbeat queue_depth=5 workers_busy=0 level=DEBUG
2026-03-14 02:00:53.412 runner heartbeat queue_depth=6 workers_busy=2 level=DEBUG
2026-03-14 03:04:59.691 runner heartbeat queue_depth=4 workers_busy=1 level=DEBUG
2026-03-14 02:57:07.102 runner heartbeat queue_depth=4 workers_busy=3 level=DEBUG
2026-03-14 02:51:40.796 runner heartbeat queue_depth=4 workers_busy=3 level=DEBUG
2026-03-14 02:11:25.436 runner heartbeat queue_depth=5 workers_busy=2 level=DEBUG
2026-03-14 02:28:09.682 runner heartbeat queue_depth=3 workers_busy=0 level=DEBUG
2026-03-14 02:58:00.446 runner heartbeat queue_depth=1 workers_busy=1 level=DEBUG
2026-03-14 03:02:01.328 runner heartbeat queue_depth=5 workers_busy=0 level=DEBUG
2026-03-14 02:36:22.528 runner heartbeat queue_depth=5 workers_busy=3 level=DEBUG
2026-03-14 02:17:05.595 runner heartbeat queue_depth=2 workers_busy=0 level=DEBUG
2026-03-14 02:34:29.181 runner heartbeat queue_depth=5 workers_busy=0 level=DEBUG
2026-03-14 02:04:37.886 runner heartbeat queue_depth=6 workers_busy=0 level=DEBUG
2026-03-14 02:10:38.272 runner heartbeat queue_depth=8 workers_busy=0 level=DEBUG
2026-03-14 02:43:30.906 runner heartbeat queue_depth=7 workers_busy=2 level=DEBUG
2026-03-14 02:09:08.182 runner heartbeat queue_depth=3 workers_busy=2 level=DEBUG
2026-03-14 02:25:32.843 runner heartbeat queue_depth=0 workers_busy=3 level=DEBUG
2026-03-14 03:14:33.357 runner heartbeat queue_depth=6 workers_busy=1 level=DEBUG
2026-03-14 02:55:39.401 runner heartbeat queue_depth=5 workers_busy=2 level=DEBUG
2026-03-14 02:04:33.285 runner heartbeat queue_depth=3 workers_busy=3 level=DEBUG
2026-03-14 02:31:27.360 runner heartbeat queue_depth=3 workers_busy=2 level=DEBUG
2026-03-14 02:19:10.748 runner heartbeat queue_depth=0 workers_busy=2 level=DEBUG
2026-03-14 03:04:43.473 runner heartbeat queue_depth=4 workers_busy=2 level=DEBUG
2026-03-14 03:18:09.643 runner heartbeat queue_depth=8 workers_busy=2 level=DEBUG
2026-03-14 02:14:12.052 runner heartbeat queue_depth=3 workers_busy=3 level=DEBUG
2026-03-14 02:46:46.167 runner heartbeat queue_depth=0 workers_busy=0 level=DEBUG
2026-03-14 03:18:24.338 runner heartbeat queue_depth=1 workers_busy=2 level=DEBUG
2026-03-14 02:06:01.853 runner heartbeat queue_depth=0 workers_busy=1 level=DEBUG
2026-03-14 02:25:38.833 runner heartbeat queue_depth=2 workers_busy=3 level=DEBUG
2026-03-14 02:05:34.808 runner heartbeat queue_depth=3 workers_busy=0 level=DEBUG
2026-03-14 02:46:29.232 runner heartbeat queue_depth=4 workers_busy=1 level=DEBUG
2026-03-14 02:53:58.030 runner heartbeat queue_depth=3 workers_busy=0 level=DEBUG
2026-03-14 02:01:16.381 runner heartbeat queue_depth=5 workers_busy=0 level=DEBUG
2026-03-14 02:40:57.372 runner heartbeat queue_depth=3 workers_busy=1 level=DEBUG
2026-03-14 02:39:58.819 runner heartbeat queue_depth=3 workers_busy=0 level=DEBUG
2026-03-14 02:18:37.187 runner heartbeat queue_depth=5 workers_busy=2 level=DEBUG
2026-03-14 03:16:49.498 runner heartbeat queue_depth=6 workers_busy=1 level=DEBUG
2026-03-14 02:50:15.848 runner heartbeat queue_depth=8 workers_busy=3 level=DEBUG
2026-03-14 03:11:40.620 runner heartbeat queue_depth=5 workers_busy=3 level=DEBUG
2026-03-14 03:07:34.640 runner heartbeat queue_depth=0 workers_busy=2 level=DEBUG
2026-03-14 03:04:06.635 runner heartbeat queue_depth=4 workers_busy=3 level=DEBUG
2026-03-14 02:31:34.795 runner heartbeat queue_depth=7 workers_busy=3 level=DEBUG
2026-03-14 03:06:27.190 runner heartbeat queue_depth=5 workers_busy=3 level=DEBUG
2026-03-14 02:28:59.117 runner heartbeat queue_depth=0 workers_busy=1 level=DEBUG
2026-03-14 02:35:10.421 runner heartbeat queue_depth=3 workers_busy=3 level=DEBUG
2026-03-14 03:13:40.158 runner heartbeat queue_depth=4 workers_busy=0 level=DEBUG
2026-03-14 03:07:13.472 runner heartbeat queue_depth=7 workers_busy=0 level=DEBUG
2026-03-14 02:35:40.496 runner heartbeat queue_depth=3 workers_busy=2 level=DEBUG
2026-03-14 02:50:21.008 runner heartbeat queue_depth=2 workers_busy=2 level=DEBUG
2026-03-14 03:15:55.708 runner heartbeat queue_depth=4 workers_busy=1 level=DEBUG
2026-03-14 02:48:30.426 runner heartbeat queue_depth=6 workers_busy=0 level=DEBUG
2026-03-14 02:22:12.414 runner heartbeat queue_depth=7 workers_busy=1 level=DEBUG
2026-03-14 03:09:34.503 runner heartbeat queue_depth=0 workers_busy=2 level=DEBUG
2026-03-14 02:26:48.679 runner heartbeat queue_depth=8 workers_busy=2 level=DEBUG
2026-03-14 03:04:07.064 runner heartbeat queue_depth=3 workers_busy=2 level=DEBUG
2026-03-14 02:05:48.448 runner heartbeat queue_depth=2 workers_busy=1 level=DEBUG
2026-03-14 03:00:42.235 runner heartbeat queue_depth=3 workers_busy=0 level=DEBUG
2026-03-14 03:12:14.674 runner heartbeat queue_depth=2 workers_busy=1 level=DEBUG
2026-03-14 02:22:09.375 runner heartbeat queue_depth=5 workers_busy=1 level=DEBUG
2026-03-14 02:59:48.173 runner heartbeat queue_depth=8 workers_busy=3 level=DEBUG
2026-03-14 03:09:19.422 runner heartbeat queue_depth=6 workers_busy=1 level=DEBUG
2026-03-14 03:15:18.337 runner heartbeat queue_depth=4 workers_busy=3 level=DEBUG
2026-03-14 03:00:35.943 runner heartbeat queue_depth=5 workers_busy=2 level=DEBUG
2026-03-14 02:49:55.377 runner heartbeat queue_depth=6 workers_busy=1 level=DEBUG
2026-03-14 02:48:18.142 runner heartbeat queue_depth=6 workers_busy=3 level=DEBUG
2026-03-14 02:18:04.394 runner heartbeat queue_depth=3 workers_busy=3 level=DEBUG
2026-03-14 02:12:00.040 runner heartbeat queue_depth=5 workers_busy=3 level=DEBUG
2026-03-14 02:37:00.008 runner heartbeat queue_depth=6 workers_busy=3 level=DEBUG
2026-03-14 02:31:26.984 runner heartbeat queue_depth=4 workers_busy=3 level=DEBUG
2026-03-14 03:08:01.259 runner heartbeat queue_depth=6 workers_busy=3 level=DEBUG
2026-03-14 02:25:51.172 runner heartbeat queue_depth=7 workers_busy=1 level=DEBUG
2026-03-14 02:19:15.164 runner heartbeat queue_depth=1 workers_busy=1 level=DEBUG
2026-03-14 02:00:36.789 runner heartbeat queue_depth=1 workers_busy=1 level=DEBUG
2026-03-14 03:05:22.703 runner heartbeat queue_depth=8 workers_busy=2 level=DEBUG
2026-03-14 03:01:10.297 runner heartbeat queue_depth=0 workers_busy=1 level=DEBUG
2026-03-14 02:55:12.181 runner heartbeat queue_depth=5 workers_busy=0 level=DEBUG
2026-03-14 02:28:28.351 runner heartbeat queue_depth=6 workers_busy=1 level=DEBUG
2026-03-14 03:12:06.014 runner heartbeat queue_depth=2 workers_busy=3 level=DEBUG
2026-03-14 02:26:13.425 runner heartbeat queue_depth=6 workers_busy=1 level=DEBUG
2026-03-14 03:13:15.879 runner heartbeat queue_depth=6 workers_busy=2 level=DEBUG
2026-03-14 03:11:37.448 runner heartbeat queue_depth=7 workers_busy=3 level=DEBUG
2026-03-14 03:14:56.372 runner heartbeat queue_depth=5 workers_busy=2 level=DEBUG
2026-03-14 02:23:48.808 runner heartbeat queue_depth=0 workers_busy=3 level=DEBUG
2026-03-14 02:47:36.115 runner heartbeat queue_depth=1 workers_busy=3 level=DEBUG
2026-03-14 02:48:46.762 runner heartbeat queue_depth=3 workers_busy=1 level=DEBUG
2026-03-14 03:01:27.073 runner heartbeat queue_depth=2 workers_busy=0 level=DEBUG
2026-03-14 03:11:48.317 runner heartbeat queue_depth=3 workers_busy=1 level=DEBUG
2026-03-14 02:36:54.267 runner heartbeat queue_depth=8 workers_busy=1 level=DEBUG
2026-03-14 02:28:43.407 runner heartbeat queue_depth=8 workers_busy=1 level=DEBUG
2026-03-14 03:03:37.302 runner heartbeat queue_depth=3 workers_busy=1 level=DEBUG
2026-03-14 02:28:42.045 runner heartbeat queue_depth=8 workers_busy=2 level=DEBUG
2026-03-14 03:17:17.185 runner heartbeat queue_depth=0 workers_busy=0 level=DEBUG
2026-03-14 03:00:05.206 runner heartbeat queue_depth=0 workers_busy=2 level=DEBUG
2026-03-14 03:14:03.847 runner heartbeat queue_depth=1 workers_busy=2 level=DEBUG
2026-03-14 02:03:39.108 runner heartbeat queue_depth=0 workers_busy=1 level=DEBUG
2026-03-14 02:02:34.355 runner heartbeat queue_depth=1 workers_busy=2 level=DEBUG
2026-03-14 03:02:15.795 runner heartbeat queue_depth=6 workers_busy=0 level=DEBUG
2026-03-14 02:43:27.075 runner heartbeat queue_depth=7 workers_busy=3 level=DEBUG
2026-03-14 02:35:18.320 runner heartbeat queue_depth=5 workers_busy=3 level=DEBUG
2026-03-14 03:02:29.608 runner heartbeat queue_depth=7 workers_busy=2 level=DEBUG
2026-03-14 03:11:55.980 runner heartbeat queue_depth=0 workers_busy=1 level=DEBUG
2026-03-14 02:03:38.391 runner heartbeat queue_depth=7 workers_busy=3 level=DEBUG
2026-03-14 02:34:11.159 runner heartbeat queue_depth=6 workers_busy=3 level=DEBUG
2026-03-14 02:37:20.169 runner heartbeat queue_depth=8 workers_busy=2 level=DEBUG
2026-03-14 02:25:56.712 runner heartbeat queue_depth=1 workers_busy=1 level=DEBUG
2026-03-14 02:49:25.570 runner heartbeat queue_depth=6 workers_busy=2 level=DEBUG
2026-03-14 02:29:54.936 runner heartbeat queue_depth=8 workers_busy=2 level=DEBUG
2026-03-14 03:10:53.088 runner heartbeat queue_depth=5 workers_busy=2 level=DEBUG
2026-03-14 02:35:34.804 runner heartbeat queue_depth=1 workers_busy=1 level=DEBUG
2026-03-14 02:06:00.272 runner heartbeat queue_depth=7 workers_busy=0 level=DEBUG
2026-03-14 02:53:36.051 runner heartbeat queue_depth=5 workers_busy=0 level=DEBUG
2026-03-14 02:32:44.976 runner heartbeat queue_depth=7 workers_busy=2 level=DEBUG
2026-03-14 02:43:39.778 runner heartbeat queue_depth=7 workers_busy=0 level=DEBUG
2026-03-14 02:00:32.237 runner heartbeat queue_depth=3 workers_busy=0 level=DEBUG
2026-03-14 02:42:51.922 runner heartbeat queue_depth=8 workers_busy=0 level=DEBUG
2026-03-14 02:04:47.383 runner heartbeat queue_depth=7 workers_busy=1 level=DEBUG
2026-03-14 03:10:51.956 runner heartbeat queue_depth=2 workers_busy=0 level=DEBUG
2026-03-14 03:02:02.648 runner heartbeat queue_depth=3 workers_busy=0 level=DEBUG
2026-03-14 03:11:30.877 runner heartbeat queue_depth=5 workers_busy=3 level=DEBUG
2026-03-14 02:10:23.504 runner heartbeat queue_depth=4 workers_busy=3 level=DEBUG
2026-03-14 03:18:35.273 runner heartbeat queue_depth=1 workers_busy=1 level=DEBUG
2026-03-14 02:50:19.123 runner heartbeat queue_depth=4 workers_busy=3 level=DEBUG
2026-03-14 02:32:13.816 runner heartbeat queue_depth=5 workers_busy=0 level=DEBUG
2026-03-14 02:13:09.645 runner heartbeat queue_depth=6 workers_busy=0 level=DEBUG
2026-03-14 02:09:17.990 runner heartbeat queue_depth=0 workers_busy=2 level=DEBUG
2026-03-14 02:38:57.854 runner heartbeat queue_depth=0 workers_busy=2 level=DEBUG
2026-03-14 02:12:06.153 runner heartbeat queue_depth=0 workers_busy=3 level=DEBUG
2026-03-14 02:01:07.352 runner heartbeat queue_depth=1 workers_busy=2 level=DEBUG
2026-03-14 02:20:12.898 runner heartbeat queue_depth=3 workers_busy=1 level=DEBUG
2026-03-14 02:18:05.637 runner heartbeat queue_depth=1 workers_busy=0 level=DEBUG
2026-03-14 02:33:11.572 runner heartbeat queue_depth=4 workers_busy=3 level=DEBUG
2026-03-14 02:23:44.730 runner heartbeat queue_depth=8 workers_busy=2 level=DEBUG
2026-03-14 03:06:34.438 runner heartbeat queue_depth=3 workers_busy=0 level=DEBUG
2026-03-14 02:13:22.852 runner heartbeat queue_depth=1 workers_busy=3 level=DEBUG
2026-03-14 02:34:31.258 runner heartbeat queue_depth=5 workers_busy=0 level=DEBUG
2026-03-14 02:52:35.305 runner heartbeat queue_depth=8 workers_busy=2 level=DEBUG
2026-03-14 03:06:50.384 runner heartbeat queue_depth=7 workers_busy=0 level=DEBUG
2026-03-14 02:23:01.081 runner heartbeat queue_depth=2 workers_busy=2 level=DEBUG
2026-03-14 03:10:44.430 runner heartbeat queue_depth=8 workers_busy=2 level=DEBUG
2026-03-14 02:45:58.755 runner heartbeat queue_depth=1 workers_busy=3 level=DEBUG
2026-03-14 02:59:05.347 runner heartbeat queue_depth=4 workers_busy=2 level=DEBUG
2026-03-14 02:16:43.378 runner heartbeat queue_depth=4 workers_busy=2 level=DEBUG
2026-03-14 02:35:39.150 runner heartbeat queue_depth=1 workers_busy=0 level=DEBUG
2026-03-14 02:02:27.376 runner heartbeat queue_depth=0 workers_busy=2 level=DEBUG
2026-03-14 03:05:01.292 runner heartbeat queue_depth=0 workers_busy=0 level=DEBUG
2026-03-14 02:38:20.835 runner heartbeat queue_depth=3 workers_busy=2 level=DEBUG
2026-03-14 02:04:53.548 runner heartbeat queue_depth=4 workers_busy=3 level=DEBUG
2026-03-14 02:11:47.864 runner heartbeat queue_depth=5 workers_busy=1 level=DEBUG
2026-03-14 02:16:59.116 runner heartbeat queue_depth=7 workers_busy=0 level=DEBUG
2026-03-14 02:32:55.626 runner heartbeat queue_depth=2 workers_busy=2 level=DEBUG
2026-03-14 02:16:45.719 runner heartbeat queue_depth=8 workers_busy=3 level=DEBUG
2026-03-14 02:42:42.251 runner heartbeat queue_depth=6 workers_busy=0 level=DEBUG
2026-03-14 02:24:16.682 runner heartbeat queue_depth=2 workers_busy=2 level=DEBUG
2026-03-14 02:24:37.443 runner heartbeat queue_depth=5 workers_busy=2 level=DEBUG
2026-03-14 02:23:36.580 runner heartbeat queue_depth=3 workers_busy=2 level=DEBUG
2026-03-14 02:44:21.886 runner heartbeat queue_depth=8 workers_busy=0 level=DEBUG
2026-03-14 02:29:27.293 runner heartbeat queue_depth=5 workers_busy=0 level=DEBUG
2026-03-14 02:13:53.557 runner heartbeat queue_depth=1 workers_busy=2 level=DEBUG
2026-03-14 02:08:38.732 runner heartbeat queue_depth=1 workers_busy=0 level=DEBUG
2026-03-14 02:47:20.442 runner heartbeat queue_depth=0 workers_busy=0 level=DEBUG
2026-03-14 03:09:31.171 runner heartbeat queue_depth=5 workers_busy=3 level=DEBUG
2026-03-14 03:05:10.097 runner heartbeat queue_depth=6 workers_busy=0 level=DEBUG
2026-03-14 02:29:56.848 runner heartbeat queue_depth=6 workers_busy=3 level=DEBUG
2026-03-14 03:12:12.755 runner heartbeat queue_depth=8 workers_busy=2 level=DEBUG
2026-03-14 02:01:58.994 runner heartbeat queue_depth=1 workers_busy=0 level=DEBUG
2026-03-14 02:20:43.252 runner heartbeat queue_depth=3 workers_busy=2 level=DEBUG
2026-03-14 03:14:47.470 runner heartbeat queue_depth=7 workers_busy=3 level=DEBUG
2026-03-14 02:59:48.677 runner heartbeat queue_depth=3 workers_busy=3 level=DEBUG
2026-03-14 03:10:35.614 runner heartbeat queue_depth=0 workers_busy=2 level=DEBUG
2026-03-14 03:05:51.060 runner heartbeat queue_depth=0 workers_busy=0 level=DEBUG
2026-03-14 02:34:20.224 runner heartbeat queue_depth=4 workers_busy=1 level=DEBUG
2026-03-14 02:31:19.929 runner heartbeat queue_depth=3 workers_busy=2 level=DEBUG
2026-03-14 03:05:36.857 runner heartbeat queue_depth=3 workers_busy=3 level=DEBUG
2026-03-14 02:15:54.205 runner heartbeat queue_depth=7 workers_busy=1 level=DEBUG
2026-03-14 02:29:18.715 runner heartbeat queue_depth=4 workers_busy=0 level=DEBUG
2026-03-14 02:28:33.646 runner heartbeat queue_depth=0 workers_busy=1 level=DEBUG
2026-03-14 02:06:52.391 runner heartbeat queue_depth=0 workers_busy=0 level=DEBUG
2026-03-14 02:55:01.472 runner heartbeat queue_depth=3 workers_busy=2 level=DEBUG
2026-03-14 02:42:01.031 runner heartbeat queue_depth=6 workers_busy=2 level=DEBUG
2026-03-14 02:16:10.406 runner heartbeat queue_depth=0 workers_busy=3 level=DEBUG
2026-03-14 03:18:12.140 runner heartbeat queue_depth=4 workers_busy=1 level=DEBUG
2026-03-14 02:08:58.903 runner heartbeat queue_depth=1 workers_busy=2 level=DEBUG
2026-03-14 02:20:10.956 runner heartbeat queue_depth=1 workers_busy=2 level=DEBUG
2026-03-14 03:15:51.035 runner heartbeat queue_depth=0 workers_busy=3 level=DEBUG
2026-03-14 03:01:37.559 runner heartbeat queue_depth=3 workers_busy=3 level=DEBUG
2026-03-14 02:34:09.192 runner heartbeat queue_depth=6 workers_busy=1 level=DEBUG
2026-03-14 02:24:21.940 runner heartbeat queue_depth=0 workers_busy=0 level=DEBUG
2026-03-14 02:05:00.334 runner heartbeat queue_depth=1 workers_busy=0 level=DEBUG
2026-03-14 02:14:05.439 runner heartbeat queue_depth=6 workers_busy=1 level=DEBUG
2026-03-14 02:24:01.283 runner heartbeat queue_depth=5 workers_busy=0 level=DEBUG
2026-03-14 02:09:50.153 runner heartbeat queue_depth=3 workers_busy=3 level=DEBUG
2026-03-14 02:11:57.897 runner heartbeat queue_depth=6 workers_busy=1 level=DEBUG
2026-03-14 02:38:22.381 runner heartbeat queue_depth=6 workers_busy=3 level=DEBUG
2026-03-14 02:17:12.746 runner heartbeat queue_depth=6 workers_busy=1 level=DEBUG
2026-03-14 03:15:00.483 runner heartbeat queue_depth=3 workers_busy=1 level=DEBUG
2026-03-14 02:33:31.224 runner heartbeat queue_depth=6 workers_busy=2 level=DEBUG
2026-03-14 02:04:52.923 runner heartbeat queue_depth=3 workers_busy=2 level=DEBUG
2026-03-14 02:48:21.730 runner heartbeat queue_depth=5 workers_busy=0 level=DEBUG
2026-03-14 02:08:17.522 runner heartbeat queue_depth=0 workers_busy=3 level=DEBUG
2026-03-14 02:55:18.091 runner heartbeat queue_depth=8 workers_busy=0 level=DEBUG
2026-03-14 02:45:33.360 runner heartbeat queue_depth=8 workers_busy=1 level=DEBUG
2026-03-14 03:12:48.198 runner heartbeat queue_depth=3 workers_busy=0 level=DEBUG
2026-03-14 02:22:19.522 runner heartbeat queue_depth=4 workers_busy=3 level=DEBUG
2026-03-14 03:06:53.106 runner heartbeat queue_depth=0 workers_busy=1 level=DEBUG
2026-03-14 02:01:19.112 runner heartbeat queue_depth=1 workers_busy=2 level=DEBUG
2026-03-14 02:05:17.833 runner heartbeat queue_depth=7 workers_busy=0 level=DEBUG
2026-03-14 02:13:25.348 runner heartbeat queue_depth=7 workers_busy=2 level=DEBUG
2026-03-14 03:10:46.057 runner heartbeat queue_depth=2 workers_busy=0 level=DEBUG
2026-03-14 02:21:40.614 runner heartbeat queue_depth=7 workers_busy=1 level=DEBUG
2026-03-14 02:31:39.699 runner heartbeat queue_depth=6 workers_busy=1 level=DEBUG
2026-03-14 02:41:56.669 runner heartbeat queue_depth=7 workers_busy=0 level=DEBUG
2026-03-14 03:07:47.055 runner heartbeat queue_depth=7 workers_busy=2 level=DEBUG
2026-03-14 02:10:22.752 runner heartbeat queue_depth=2 workers_busy=1 level=DEBUG
2026-03-14 02:26:03.032 runner heartbeat queue_depth=7 workers_busy=3 level=DEBUG
2026-03-14 03:08:16.596 runner heartbeat queue_depth=0 workers_busy=2 level=DEBUG
2026-03-14 02:36:40.916 runner heartbeat queue_depth=0 workers_busy=3 level=DEBUG
2026-03-14 02:14:50.391 runner heartbeat queue_depth=2 workers_busy=2 level=DEBUG
2026-03-14 02:49:50.413 runner heartbeat queue_depth=6 workers_busy=2 level=DEBUG
2026-03-14 03:04:41.768 runner heartbeat queue_depth=1 workers_busy=0 level=DEBUG
2026-03-14 02:00:58.425 runner heartbeat queue_depth=1 workers_busy=0 level=DEBUG
2026-03-14 02:40:43.817 runner heartbeat queue_depth=5 workers_busy=3 level=DEBUG
2026-03-14 03:01:28.160 runner heartbeat queue_depth=1 workers_busy=2 level=DEBUG
2026-03-14 02:37:33.590 runner heartbeat queue_depth=6 workers_busy=2 level=DEBUG
2026-03-14 03:06:20.460 runner heartbeat queue_depth=0 workers_busy=2 level=DEBUG
2026-03-14 02:32:39.499 runner heartbeat queue_depth=0 workers_busy=0 level=DEBUG
2026-03-14 02:09:56.492 runner heartbeat queue_depth=0 workers_busy=2 level=DEBUG
2026-03-14 02:30:11.627 runner heartbeat queue_depth=1 workers_busy=1 level=DEBUG
2026-03-14 02:24:16.022 runner heartbeat queue_depth=8 workers_busy=0 level=DEBUG
2026-03-14 02:46:55.311 runner heartbeat queue_depth=2 workers_busy=2 level=DEBUG
2026-03-14 03:04:25.740 runner heartbeat queue_depth=1 workers_busy=3 level=DEBUG
2026-03-14 03:17:55.091 runner heartbeat queue_depth=8 workers_busy=0 level=DEBUG
2026-03-14 02:47:52.301 runner heartbeat queue_depth=5 workers_busy=3 level=DEBUG
2026-03-14 03:05:40.950 runner heartbeat queue_depth=8 workers_busy=0 level=DEBUG
2026-03-14 02:05:00.846 runner heartbeat queue_depth=5 workers_busy=1 level=DEBUG
2026-03-14 02:19:22.724 runner heartbeat queue_depth=0 workers_busy=2 level=DEBUG
2026-03-14 02:29:14.405 runner heartbeat queue_depth=6 workers_busy=1 level=DEBUG
2026-03-14 02:59:19.698 runner heartbeat queue_depth=8 workers_busy=1 level=DEBUG
2026-03-14 02:41:12.156 runner heartbeat queue_depth=5 workers_busy=2 level=DEBUG
2026-03-14 02:42:45.671 runner heartbeat queue_depth=7 workers_busy=3 level=DEBUG
2026-03-14 03:00:26.780 runner heartbeat queue_depth=7 workers_busy=3 level=DEBUG
2026-03-14 02:01:13.575 runner heartbeat queue_depth=1 workers_busy=1 level=DEBUG
2026-03-14 02:52:19.091 runner heartbeat queue_depth=6 workers_busy=0 level=DEBUG
2026-03-14 03:04:05.322 runner heartbeat queue_depth=3 workers_busy=0 level=DEBUG
2026-03-14 02:05:03.036 runner heartbeat queue_depth=8 workers_busy=1 level=DEBUG
2026-03-14 02:45:25.884 runner heartbeat queue_depth=6 workers_busy=2 level=DEBUG
2026-03-14 02:02:42.443 runner heartbeat queue_depth=3 workers_busy=1 level=DEBUG
2026-03-14 02:57:53.051 runner heartbeat queue_depth=6 workers_busy=2 level=DEBUG
2026-03-14 02:21:24.735 runner heartbeat queue_depth=6 workers_busy=0 level=DEBUG
2026-03-14 02:14:39.959 runner heartbeat queue_depth=1 workers_busy=2 level=DEBUG
2026-03-14 03:12:53.471 runner heartbeat queue_depth=5 workers_busy=1 level=DEBUG
2026-03-14 03:17:01.281 runner heartbeat queue_depth=0 workers_busy=1 level=DEBUG
2026-03-14 02:24:18.204 runner heartbeat queue_depth=6 workers_busy=3 level=DEBUG
2026-03-14 02:36:41.954 runner heartbeat queue_depth=6 workers_busy=1 level=DEBUG
2026-03-14 02:48:19.186 runner heartbeat queue_depth=3 workers_busy=3 level=DEBUG
2026-03-14 02:44:11.869 runner heartbeat queue_depth=4 workers_busy=2 level=DEBUG
2026-03-14 03:03:53.856 runner heartbeat queue_depth=3 workers_busy=2 level=DEBUG
2026-03-14 02:30:13.314 runner heartbeat queue_depth=7 workers_busy=2 level=DEBUG
2026-03-14 03:05:04.852 runner heartbeat queue_depth=3 workers_busy=2 level=DEBUG
2026-03-14 03:17:51.105 runner heartbeat queue_depth=0 workers_busy=0 level=DEBUG
2026-03-14 02:50:36.852 runner heartbeat queue_depth=4 workers_busy=1 level=DEBUG
2026-03-14 02:50:50.108 runner heartbeat queue_depth=8 workers_busy=2 level=DEBUG
2026-03-14 03:11:17.593 runner heartbeat queue_depth=1 workers_busy=2 level=DEBUG
2026-03-14 02:25:00.252 runner heartbeat queue_depth=0 workers_busy=2 level=DEBUG
2026-03-14 02:02:05.289 runner heartbeat queue_depth=8 workers_busy=2 level=DEBUG
2026-03-14 03:17:59.210 runner heartbeat queue_depth=0 workers_busy=1 level=DEBUG
2026-03-14 03:01:41.521 runner heartbeat queue_depth=0 workers_busy=2 level=DEBUG
2026-03-14 03:13:51.076 runner heartbeat queue_depth=7 workers_busy=1 level=DEBUG
2026-03-14 03:04:07.238 runner heartbeat queue_depth=4 workers_busy=2 level=DEBUG
2026-03-14 02:04:39.086 runner heartbeat queue_depth=4 workers_busy=0 level=DEBUG
2026-03-14 03:18:39.567 runner heartbeat queue_depth=5 workers_busy=3 level=DEBUG
2026-03-14 02:15:30.889 runner heartbeat queue_depth=1 workers_busy=3 level=DEBUG
2026-03-14 02:14:36.624 runner heartbeat queue_depth=8 workers_busy=1 level=DEBUG
2026-03-14 02:49:58.976 runner heartbeat queue_depth=2 workers_busy=3 level=DEBUG
2026-03-14 03:01:17.486 runner heartbeat queue_depth=7 workers_busy=3 level=DEBUG
2026-03-14 02:27:16.029 runner heartbeat queue_depth=2 workers_busy=1 level=DEBUG
2026-03-14 02:28:35.648 runner heartbeat queue_depth=7 workers_busy=2 level=DEBUG
2026-03-14 02:32:23.856 runner heartbeat queue_depth=6 workers_busy=2 level=DEBUG
2026-03-14 03:05:08.436 runner heartbeat queue_depth=6 workers_busy=2 level=DEBUG
2026-03-14 02:40:01.070 runner heartbeat queue_depth=0 workers_busy=1 level=DEBUG
2026-03-14 02:12:51.583 runner heartbeat queue_depth=6 workers_busy=1 level=DEBUG
2026-03-14 02:09:08.204 runner heartbeat queue_depth=1 workers_busy=0 level=DEBUG
2026-03-14 02:07:09.065 runner heartbeat queue_depth=6 workers_busy=1 level=DEBUG
2026-03-14 02:47:05.916 runner heartbeat queue_depth=0 workers_busy=0 level=DEBUG
2026-03-14 02:20:37.682 runner heartbeat queue_depth=5 workers_busy=2 level=DEBUG
2026-03-14 03:10:31.443 runner heartbeat queue_depth=6 workers_busy=3 level=DEBUG
2026-03-14 02:15:13.362 runner heartbeat queue_depth=3 workers_busy=3 level=DEBUG
2026-03-14 02:44:07.052 runner heartbeat queue_depth=5 workers_busy=1 level=DEBUG
2026-03-14 03:14:36.424 runner heartbeat queue_depth=3 workers_busy=0 level=DEBUG
2026-03-14 02:00:37.631 runner heartbeat queue_depth=1 workers_busy=2 level=DEBUG
2026-03-14 02:05:21.549 runner heartbeat queue_depth=4 workers_busy=3 level=DEBUG
2026-03-14 02:54:39.409 runner heartbeat queue_depth=6 workers_busy=0 level=DEBUG
2026-03-14 02:57:06.181 runner heartbeat queue_depth=5 workers_busy=2 level=DEBUG
2026-03-14 03:09:34.649 runner heartbeat queue_depth=0 workers_busy=3 level=DEBUG
2026-03-14 03:07:33.449 runner heartbeat queue_depth=3 workers_busy=2 level=DEBUG
2026-03-14 02:13:29.672 runner heartbeat queue_depth=0 workers_busy=3 level=DEBUG
2026-03-14 02:58:57.309 runner heartbeat queue_depth=1 workers_busy=2 level=DEBUG
2026-03-14 02:00:36.867 runner heartbeat queue_depth=5 workers_busy=3 level=DEBUG
2026-03-14 02:49:41.373 runner heartbeat queue_depth=0 workers_busy=2 level=DEBUG
2026-03-14 03:07:51.279 runner heartbeat queue_depth=2 workers_busy=0 level=DEBUG
2026-03-14 02:25:56.130 runner heartbeat queue_depth=3 workers_busy=0 level=DEBUG
2026-03-14 02:50:43.368 runner heartbeat queue_depth=7 workers_busy=3 level=DEBUG
2026-03-14 02:24:53.580 runner heartbeat queue_depth=8 workers_busy=0 level=DEBUG
2026-03-14 02:18:38.533 runner heartbeat queue_depth=6 workers_busy=2 level=DEBUG
2026-03-14 03:17:47.963 runner heartbeat queue_depth=4 workers_busy=2 level=DEBUG
2026-03-14 02:43:34.527 runner heartbeat queue_depth=6 workers_busy=1 level=DEBUG
2026-03-14 02:06:16.489 runner heartbeat queue_depth=7 workers_busy=1 level=DEBUG
2026-03-14 02:06:36.872 runner heartbeat queue_depth=7 workers_busy=1 level=DEBUG
2026-03-14 02:39:59.375 runner heartbeat queue_depth=1 workers_busy=3 level=DEBUG
2026-03-14 02:36:36.960 runner heartbeat queue_depth=3 workers_busy=1 level=DEBUG
2026-03-14 02:23:53.404 runner heartbeat queue_depth=3 workers_busy=0 level=DEBUG
2026-03-14 03:14:28.545 runner heartbeat queue_depth=6 workers_busy=3 level=DEBUG
2026-03-14 03:16:09.095 runner heartbeat queue_depth=1 workers_busy=0 level=DEBUG
2026-03-14 02:30:35.999 runner heartbeat queue_depth=2 workers_busy=2 level=DEBUG
2026-03-14 02:28:30.352 runner heartbeat queue_depth=2 workers_busy=2 level=DEBUG
2026-03-14 02:10:35.305 runner heartbeat queue_depth=2 workers_busy=0 level=DEBUG
2026-03-14 02:25:16.176 runner heartbeat queue_depth=1 workers_busy=2 level=DEBUG
2026-03-14 02:32:07.140 runner heartbeat queue_depth=1 workers_busy=1 level=DEBUG
2026-03-14 03:06:48.884 runner heartbeat queue_depth=1 workers_busy=2 level=DEBUG
2026-03-14 03:06:33.535 runner heartbeat queue_depth=6 workers_busy=0 level=DEBUG
2026-03-14 03:15:08.588 runner heartbeat queue_depth=1 workers_busy=1 level=DEBUG
2026-03-14 02:29:38.737 runner heartbeat queue_depth=0 workers_busy=3 level=DEBUG
2026-03-14 02:14:15.699 runner heartbeat queue_depth=0 workers_busy=2 level=DEBUG
2026-03-14 03:13:47.486 runner heartbeat queue_depth=3 workers_busy=1 level=DEBUG
2026-03-14 02:45:50.616 runner heartbeat queue_depth=8 workers_busy=2 level=DEBUG
2026-03-14 02:56:14.592 runner heartbeat queue_depth=6 workers_busy=0 level=DEBUG
2026-03-14 03:14:56.637 runner heartbeat queue_depth=8 workers_busy=3 level=DEBUG
2026-03-14 03:08:58.123 runner heartbeat queue_depth=1 workers_busy=0 level=DEBUG
2026-03-14 03:03:53.672 runner heartbeat queue_depth=2 workers_busy=2 level=DEBUG
2026-03-14 02:02:21.219 runner heartbeat queue_depth=0 workers_busy=0 level=DEBUG
2026-03-14 02:25:39.597 runner heartbeat queue_depth=1 workers_busy=2 level=DEBUG
2026-03-14 03:15:18.937 runner heartbeat queue_depth=0 workers_busy=3 level=DEBUG
2026-03-14 03:07:10.212 runner heartbeat queue_depth=1 workers_busy=2 level=DEBUG
2026-03-14 03:12:18.388 runner heartbeat queue_depth=5 workers_busy=1 level=DEBUG
2026-03-14 02:01:51.856 runner heartbeat queue_depth=2 workers_busy=0 level=DEBUG
2026-03-14 02:48:55.950 runner heartbeat queue_depth=7 workers_busy=3 level=DEBUG
2026-03-14 02:26:03.203 runner heartbeat queue_depth=4 workers_busy=2 level=DEBUG
2026-03-14 02:49:32.579 runner heartbeat queue_depth=1 workers_busy=1 level=DEBUG
2026-03-14 02:59:53.140 runner heartbeat queue_depth=6 workers_busy=2 level=DEBUG
2026-03-14 03:12:22.362 runner heartbeat queue_depth=7 workers_busy=1 level=DEBUG
2026-03-14 03:02:45.754 runner heartbeat queue_depth=7 workers_busy=1 level=DEBUG
2026-03-14 02:35:52.207 runner heartbeat queue_depth=6 workers_busy=1 level=DEBUG
2026-03-14 02:04:29.824 runner heartbeat queue_depth=1 workers_busy=2 level=DEBUG
2026-03-14 02:29:45.394 runner heartbeat queue_depth=8 workers_busy=2 level=DEBUG
2026-03-14 03:11:20.022 runner heartbeat queue_depth=1 workers_busy=0 level=DEBUG
2026-03-14 02:51:38.783 runner heartbeat queue_depth=4 workers_busy=2 level=DEBUG
2026-03-14 02:00:42.935 runner heartbeat queue_depth=7 workers_busy=1 level=DEBUG
2026-03-14 02:09:39.723 runner heartbeat queue_depth=8 workers_busy=1 level=DEBUG
2026-03-14 02:09:44.158 runner heartbeat queue_depth=0 workers_busy=2 level=DEBUG
2026-03-14 02:02:49.211 runner heartbeat queue_depth=2 workers_busy=0 level=DEBUG
2026-03-14 02:24:42.469 runner heartbeat queue_depth=7 workers_busy=1 level=DEBUG
2026-03-14 02:24:10.243 runner heartbeat queue_depth=6 workers_busy=1 level=DEBUG
2026-03-14 03:09:07.674 runner heartbeat queue_depth=5 workers_busy=2 level=DEBUG
2026-03-14 02:28:29.669 runner heartbeat queue_depth=4 workers_busy=0 level=DEBUG
2026-03-14 02:20:30.025 runner heartbeat queue_depth=8 workers_busy=0 level=DEBUG
2026-03-14 02:48:14.966 runner heartbeat queue_depth=1 workers_busy=2 level=DEBUG
2026-03-14 02:31:14.330 runner heartbeat queue_depth=1 workers_busy=3 level=DEBUG
2026-03-14 02:57:28.136 runner heartbeat queue_depth=0 workers_busy=3 level=DEBUG
2026-03-14 02:29:18.691 runner heartbeat queue_depth=3 workers_busy=1 level=DEBUG
2026-03-14 02:27:55.165 runner heartbeat queue_depth=7 workers_busy=0 level=DEBUG
2026-03-14 03:12:50.687 runner heartbeat queue_depth=7 workers_busy=3 level=DEBUG
2026-03-14 02:00:26.828 runner heartbeat queue_depth=1 workers_busy=1 level=DEBUG
2026-03-14 03:13:03.775 runner heartbeat queue_depth=2 workers_busy=1 level=DEBUG
2026-03-14 02:22:59.896 runner heartbeat queue_depth=8 workers_busy=2 level=DEBUG
2026-03-14 03:04:21.115 runner heartbeat queue_depth=1 workers_busy=1 level=DEBUG
2026-03-14 02:17:27.428 runner heartbeat queue_depth=8 workers_busy=1 level=DEBUG
2026-03-14 02:29:51.024 runner heartbeat queue_depth=3 workers_busy=0 level=DEBUG
2026-03-14 02:06:24.755 runner heartbeat queue_depth=3 workers_busy=3 level=DEBUG
2026-03-14 03:06:51.155 runner heartbeat queue_depth=8 workers_busy=3 level=DEBUG
2026-03-14 02:34:22.964 runner heartbeat queue_depth=4 workers_busy=0 level=DEBUG
2026-03-14 02:03:51.823 runner heartbeat queue_depth=3 workers_busy=1 level=DEBUG
2026-03-14 02:15:03.867 runner heartbeat queue_depth=7 workers_busy=0 level=DEBUG
2026-03-14 02:28:27.133 runner heartbeat queue_depth=7 workers_busy=2 level=DEBUG
2026-03-14 02:23:44.987 runner heartbeat queue_depth=3 workers_busy=1 level=DEBUG
2026-03-14 02:35:31.941 runner heartbeat queue_depth=6 workers_busy=1 level=DEBUG
2026-03-14 02:49:22.676 runner heartbeat queue_depth=6 workers_busy=2 level=DEBUG
2026-03-14 02:09:06.067 runner heartbeat queue_depth=2 workers_busy=1 level=DEBUG
2026-03-14 03:07:01.658 runner heartbeat queue_depth=1 workers_busy=3 level=DEBUG
2026-03-14 02:22:37.593 runner heartbeat queue_depth=8 workers_busy=2 level=DEBUG
2026-03-14 02:15:34.957 runner heartbeat queue_depth=2 workers_busy=0 level=DEBUG
2026-03-14 02:39:24.796 runner heartbeat queue_depth=7 workers_busy=1 level=DEBUG
2026-03-14 03:01:00.095 runner heartbeat queue_depth=0 workers_busy=0 level=DEBUG
2026-03-14 02:03:26.021 runner heartbeat queue_depth=0 workers_busy=0 level=DEBUG
2026-03-14 02:41:15.660 runner heartbeat queue_depth=5 workers_busy=0 level=DEBUG
2026-03-14 02:04:31.428 runner heartbeat queue_depth=8 workers_busy=3 level=DEBUG
2026-03-14 02:42:12.866 runner heartbeat queue_depth=8 workers_busy=0 level=DEBUG
2026-03-14 02:52:00.616 runner heartbeat queue_depth=7 workers_busy=2 level=DEBUG
2026-03-14 02:04:08.589 runner heartbeat queue_depth=6 workers_busy=3 level=DEBUG
2026-03-14 02:24:01.699 runner heartbeat queue_depth=8 workers_busy=2 level=DEBUG
2026-03-14 02:09:51.124 runner heartbeat queue_depth=1 workers_busy=0 level=DEBUG
2026-03-14 02:39:45.677 runner heartbeat queue_depth=0 workers_busy=0 level=DEBUG
2026-03-14 02:16:27.461 runner heartbeat queue_depth=8 workers_busy=1 level=DEBUG
2026-03-14 02:47:28.875 runner heartbeat queue_depth=0 workers_busy=0 level=DEBUG
2026-03-14 02:48:22.096 runner heartbeat queue_depth=3 workers_busy=2 level=DEBUG
2026-03-14 02:40:56.609 runner heartbeat queue_depth=4 workers_busy=1 level=DEBUG
2026-03-14 02:03:04.588 runner heartbeat queue_depth=6 workers_busy=0 level=DEBUG
2026-03-14 02:08:29.230 runner heartbeat queue_depth=0 workers_busy=0 level=DEBUG
2026-03-14 02:13:02.323 runner heartbeat queue_depth=4 workers_busy=0 level=DEBUG
2026-03-14 02:24:25.602 runner heartbeat queue_depth=0 workers_busy=1 level=DEBUG
2026-03-14 02:27:40.254 runner heartbeat queue_depth=7 workers_busy=0 level=DEBUG
2026-03-14 02:47:33.650 runner heartbeat queue_depth=0 workers_busy=3 level=DEBUG
2026-03-14 02:59:17.913 runner heartbeat queue_depth=1 workers_busy=2 level=DEBUG
2026-03-14 02:20:08.365 runner heartbeat queue_depth=8 workers_busy=0 level=DEBUG
2026-03-14 02:10:00.774 runner heartbeat queue_depth=2 workers_busy=1 level=DEBUG
2026-03-14 02:36:10.032 runner heartbeat queue_depth=2 workers_busy=1 level=DEBUG
2026-03-14 02:15:14.194 runner heartbeat queue_depth=4 workers_busy=1 level=DEBUG
2026-03-14 02:25:16.226 runner heartbeat queue_depth=5 workers_busy=3 level=DEBUG
2026-03-14 02:58:11.014 runner heartbeat queue_depth=5 workers_busy=1 level=DEBUG
2026-03-14 02:03:11.750 runner heartbeat queue_depth=7 workers_busy=0 level=DEBUG
2026-03-14 02:05:53.686 runner heartbeat queue_depth=1 workers_busy=0 level=DEBUG
2026-03-14 02:38:32.715 runner heartbeat queue_depth=2 workers_busy=0 level=DEBUG
2026-03-14 02:54:35.850 runner heartbeat queue_depth=5 workers_busy=1 level=DEBUG
2026-03-14 02:43:53.810 runner heartbeat queue_depth=7 workers_busy=2 level=DEBUG
2026-03-14 02:41:51.618 runner heartbeat queue_depth=0 workers_busy=3 level=DEBUG
2026-03-14 02:13:50.885 runner heartbeat queue_depth=0 workers_busy=0 level=DEBUG
2026-03-14 02:57:01.349 runner heartbeat queue_depth=5 workers_busy=0 level=DEBUG
2026-03-14 02:09:11.249 runner heartbeat queue_depth=7 workers_busy=1 level=DEBUG
2026-03-14 02:14:24.734 runner heartbeat queue_depth=5 workers_busy=0 level=DEBUG
2026-03-14 02:58:10.853 runner heartbeat queue_depth=4 workers_busy=1 level=DEBUG
2026-03-14 03:10:49.864 runner heartbeat queue_depth=2 workers_busy=0 level=DEBUG
2026-03-14 02:17:57.030 runner heartbeat queue_depth=4 workers_busy=2 level=DEBUG
2026-03-14 02:27:08.359 runner heartbeat queue_depth=7 workers_busy=2 level=DEBUG
2026-03-14 02:46:15.382 runner heartbeat queue_depth=3 workers_busy=1 level=DEBUG
2026-03-14 03:09:12.628 runner heartbeat queue_depth=3 workers_busy=0 level=DEBUG
2026-03-14 02:37:48.760 runner heartbeat queue_depth=4 workers_busy=0 level=DEBUG
2026-03-14 02:28:01.882 runner heartbeat queue_depth=7 workers_busy=1 level=DEBUG
2026-03-14 03:16:09.094 runner heartbeat queue_depth=0 workers_busy=1 level=DEBUG
2026-03-14 03:06:02.243 runner heartbeat queue_depth=6 workers_busy=2 level=DEBUG
2026-03-14 03:08:02.241 runner heartbeat queue_depth=4 workers_busy=1 level=DEBUG
2026-03-14 02:37:27.011 runner heartbeat queue_depth=0 workers_busy=0 level=DEBUG
2026-03-14 02:50:24.156 runner heartbeat queue_depth=6 workers_busy=0 level=DEBUG
2026-03-14 02:38:39.945 runner heartbeat queue_depth=8 workers_busy=1 level=DEBUG
2026-03-14 02:04:42.264 runner heartbeat queue_depth=5 workers_busy=0 level=DEBUG
2026-03-14 02:18:06.223 runner heartbeat queue_depth=3 workers_busy=0 level=DEBUG
2026-03-14 03:11:31.029 runner heartbeat queue_depth=5 workers_busy=1 level=DEBUG
2026-03-14 02:18:02.610 runner heartbeat queue_depth=2 workers_busy=3 level=DEBUG
2026-03-14 02:36:04.887 runner heartbeat queue_depth=8 workers_busy=3 level=DEBUG
2026-03-14 02:58:09.839 runner heartbeat queue_depth=8 workers_busy=2 level=DEBUG
2026-03-14 02:41:21.889 runner heartbeat queue_depth=0 workers_busy=2 level=DEBUG
2026-03-14 02:44:59.582 runner heartbeat queue_depth=3 workers_busy=2 level=DEBUG
2026-03-14 03:17:18.414 runner heartbeat queue_depth=6 workers_busy=1 level=DEBUG
2026-03-14 02:57:20.534 runner heartbeat queue_depth=6 workers_busy=0 level=DEBUG
2026-03-14 02:31:51.990 runner heartbeat queue_depth=2 workers_busy=0 level=DEBUG
2026-03-14 02:27:57.230 runner heartbeat queue_depth=2 workers_busy=3 level=DEBUG
2026-03-14 03:18:26.305 runner heartbeat queue_depth=2 workers_busy=2 level=DEBUG
2026-03-14 02:46:23.070 runner heartbeat queue_depth=0 workers_busy=2 level=DEBUG
2026-03-14 03:08:29.264 runner heartbeat queue_depth=5 workers_busy=2 level=DEBUG
2026-03-14 02:44:34.589 runner heartbeat queue_depth=5 workers_busy=1 level=DEBUG
2026-03-14 02:50:38.092 runner heartbeat queue_depth=6 workers_busy=0 level=DEBUG
2026-03-14 03:01:56.992 runner heartbeat queue_depth=8 workers_busy=2 level=DEBUG
2026-03-14 02:42:49.490 runner heartbeat queue_depth=6 workers_busy=3 level=DEBUG
2026-03-14 03:11:26.787 runner heartbeat queue_depth=4 workers_busy=0 level=DEBUG
2026-03-14 02:48:05.384 runner heartbeat queue_depth=5 workers_busy=1 level=DEBUG
2026-03-14 03:05:54.334 runner heartbeat queue_depth=2 workers_busy=2 level=DEBUG
2026-03-14 02:19:18.317 runner heartbeat queue_depth=5 workers_busy=1 level=DEBUG
2026-03-14 02:49:52.659 runner heartbeat queue_depth=5 workers_busy=2 level=DEBUG
2026-03-14 02:08:37.628 runner heartbeat queue_depth=8 workers_busy=1 level=DEBUG
2026-03-14 03:03:39.806 runner heartbeat queue_depth=7 workers_busy=0 level=DEBUG
2026-03-14 02:32:28.620 runner heartbeat queue_depth=5 workers_busy=1 level=DEBUG
2026-03-14 02:38:04.782 runner heartbeat queue_depth=5 workers_busy=2 level=DEBUG
2026-03-14 03:08:00.449 runner heartbeat queue_depth=6 workers_busy=0 level=DEBUG
2026-03-14 02:13:21.916 runner heartbeat queue_depth=1 workers_busy=1 level=DEBUG
2026-03-14 02:37:45.446 runner heartbeat queue_depth=0 workers_busy=2 level=DEBUG
2026-03-14 02:06:58.408 runner heartbeat queue_depth=4 workers_busy=3 level=DEBUG
2026-03-14 02:35:49.045 runner heartbeat queue_depth=8 workers_busy=0 level=DEBUG
2026-03-14 02:25:52.332 runner heartbeat queue_depth=3 workers_busy=2 level=DEBUG
2026-03-14 02:35:16.911 runner heartbeat queue_depth=1 workers_busy=0 level=DEBUG
2026-03-14 03:05:57.180 runner heartbeat queue_depth=7 workers_busy=0 level=DEBUG
2026-03-14 03:16:23.043 runner heartbeat queue_depth=1 workers_busy=1 level=DEBUG
2026-03-14 02:49:49.073 runner heartbeat queue_depth=8 workers_busy=3 level=DEBUG
2026-03-14 02:05:04.375 runner heartbeat queue_depth=1 workers_busy=0 level=DEBUG
2026-03-14 02:00:37.521 runner heartbeat queue_depth=7 workers_busy=0 level=DEBUG
2026-03-14 02:15:08.680 runner heartbeat queue_depth=8 workers_busy=3 level=DEBUG
2026-03-14 02:26:57.726 runner heartbeat queue_depth=2 workers_busy=2 level=DEBUG
2026-03-14 03:05:11.631 runner heartbeat queue_depth=2 workers_busy=1 level=DEBUG
2026-03-14 02:09:58.297 runner heartbeat queue_depth=7 workers_busy=3 level=DEBUG
2026-03-14 02:29:45.759 runner heartbeat queue_depth=0 workers_busy=0 level=DEBUG
2026-03-14 02:20:33.472 runner heartbeat queue_depth=1 workers_busy=2 level=DEBUG
2026-03-14 02:27:11.867 runner heartbeat queue_depth=6 workers_busy=1 level=DEBUG
2026-03-14 02:16:47.515 runner heartbeat queue_depth=7 workers_busy=3 level=DEBUG
2026-03-14 03:15:38.368 runner heartbeat queue_depth=5 workers_busy=0 level=DEBUG
2026-03-14 02:43:36.548 runner heartbeat queue_depth=1 workers_busy=0 level=DEBUG
2026-03-14 02:09:45.188 runner heartbeat queue_depth=2 workers_busy=3 level=DEBUG
2026-03-14 02:59:37.486 runner heartbeat queue_depth=7 workers_busy=3 level=DEBUG
2026-03-14 02:58:56.131 runner heartbeat queue_depth=8 workers_busy=2 level=DEBUG
2026-03-14 02:07:17.640 runner heartbeat queue_depth=6 workers_busy=3 level=DEBUG
2026-03-14 02:17:50.824 runner heartbeat queue_depth=6 workers_busy=1 level=DEBUG
2026-03-14 02:55:43.555 runner heartbeat queue_depth=7 workers_busy=3 level=DEBUG
2026-03-14 02:34:44.554 runner heartbeat queue_depth=8 workers_busy=1 level=DEBUG
2026-03-14 02:38:56.772 runner heartbeat queue_depth=2 workers_busy=0 level=DEBUG
2026-03-14 02:46:22.976 runner heartbeat queue_depth=2 workers_busy=1 level=DEBUG
2026-03-14 02:08:52.881 runner heartbeat queue_depth=6 workers_busy=2 level=DEBUG
2026-03-14 02:15:55.036 runner heartbeat queue_depth=3 workers_busy=3 level=DEBUG
2026-03-14 02:49:31.953 runner heartbeat queue_depth=3 workers_busy=0 level=DEBUG
2026-03-14 02:48:55.604 runner heartbeat queue_depth=4 workers_busy=1 level=DEBUG
2026-03-14 02:04:43.290 runner heartbeat queue_depth=4 workers_busy=2 level=DEBUG
2026-03-14 03:09:44.578 runner heartbeat queue_depth=5 workers_busy=1 level=DEBUG
2026-03-14 02:52:46.424 runner heartbeat queue_depth=6 workers_busy=2 level=DEBUG
2026-03-14 02:15:51.807 runner heartbeat queue_depth=7 workers_busy=1 level=DEBUG
2026-03-14 03:14:46.903 runner heartbeat queue_depth=8 workers_busy=1 level=DEBUG
2026-03-14 02:31:16.507 runner heartbeat queue_depth=5 workers_busy=2 level=DEBUG
2026-03-14 02:12:04.487 runner heartbeat queue_depth=2 workers_busy=2 level=DEBUG
2026-03-14 03:00:02.282 runner heartbeat queue_depth=2 workers_busy=2 level=DEBUG
2026-03-14 02:00:40.570 runner heartbeat queue_depth=0 workers_busy=1 level=DEBUG
2026-03-14 02:16:49.371 runner heartbeat queue_depth=4 workers_busy=3 level=DEBUG
2026-03-14 02:21:33.064 runner heartbeat queue_depth=3 workers_busy=3 level=DEBUG
2026-03-14 03:09:23.992 runner heartbeat queue_depth=0 workers_busy=3 level=DEBUG
2026-03-14 02:07:20.758 runner heartbeat queue_depth=2 workers_busy=3 level=DEBUG
2026-03-14 03:18:26.381 runner heartbeat queue_depth=5 workers_busy=2 level=DEBUG
2026-03-14 02:07:49.188 runner heartbeat queue_depth=8 workers_busy=3 level=DEBUG
2026-03-14 02:13:09.775 runner heartbeat queue_depth=6 workers_busy=2 level=DEBUG
2026-03-14 02:55:23.224 runner heartbeat queue_depth=1 workers_busy=0 level=DEBUG
2026-03-14 02:07:51.753 runner heartbeat queue_depth=8 workers_busy=0 level=DEBUG
2026-03-14 02:02:45.124 runner heartbeat queue_depth=3 workers_busy=2 level=DEBUG
2026-03-14 03:02:59.812 runner heartbeat queue_depth=6 workers_busy=2 level=DEBUG
2026-03-14 02:04:01.922 runner heartbeat queue_depth=0 workers_busy=1 level=DEBUG
2026-03-14 02:34:34.410 runner heartbeat queue_depth=0 workers_busy=3 level=DEBUG
2026-03-14 02:31:55.638 runner heartbeat queue_depth=8 workers_busy=2 level=DEBUG
2026-03-14 02:30:47.240 runner heartbeat queue_depth=3 workers_busy=3 level=DEBUG
2026-03-14 02:37:22.389 runner heartbeat queue_depth=0 workers_busy=3 level=DEBUG
2026-03-14 03:02:22.356 runner heartbeat queue_depth=0 workers_busy=2 level=DEBUG
2026-03-14 02:01:21.429 runner heartbeat queue_depth=2 workers_busy=1 level=DEBUG
2026-03-14 02:29:57.544 runner heartbeat queue_depth=7 workers_busy=0 level=DEBUG
2026-03-14 03:17:44.092 runner heartbeat queue_depth=4 workers_busy=2 level=DEBUG
2026-03-14 02:54:06.164 runner heartbeat queue_depth=2 workers_busy=2 level=DEBUG
2026-03-14 03:13:30.674 runner heartbeat queue_depth=5 workers_busy=1 level=DEBUG
2026-03-14 03:17:48.739 runner heartbeat queue_depth=1 workers_busy=1 level=DEBUG
2026-03-14 02:04:31.444 runner heartbeat queue_depth=5 workers_busy=3 level=DEBUG
2026-03-14 02:31:31.224 runner heartbeat queue_depth=3 workers_busy=0 level=DEBUG
2026-03-14 03:08:37.754 runner heartbeat queue_depth=3 workers_busy=1 level=DEBUG
2026-03-14 02:42:25.570 runner heartbeat queue_depth=5 workers_busy=0 level=DEBUG
2026-03-14 02:41:18.530 runner heartbeat queue_depth=0 workers_busy=1 level=DEBUG
2026-03-14 02:19:20.027 runner heartbeat queue_depth=6 workers_busy=0 level=DEBUG
2026-03-14 02:20:53.910 runner heartbeat queue_depth=7 workers_busy=3 level=DEBUG
2026-03-14 02:02:26.116 runner heartbeat queue_depth=4 workers_busy=3 level=DEBUG
2026-03-14 02:08:30.594 runner heartbeat queue_depth=3 workers_busy=3 level=DEBUG
2026-03-14 02:41:41.092 runner heartbeat queue_depth=1 workers_busy=1 level=DEBUG
2026-03-14 02:55:53.176 runner heartbeat queue_depth=3 workers_busy=2 level=DEBUG
2026-03-14 03:10:51.289 runner heartbeat queue_depth=1 workers_busy=2 level=DEBUG
2026-03-14 02:33:07.573 runner heartbeat queue_depth=2 workers_busy=0 level=DEBUG
2026-03-14 02:40:51.461 runner heartbeat queue_depth=5 workers_busy=0 level=DEBUG
2026-03-14 02:04:13.541 runner heartbeat queue_depth=5 workers_busy=0 level=DEBUG
2026-03-14 02:44:41.482 runner heartbeat queue_depth=7 workers_busy=3 level=DEBUG
2026-03-14 03:12:06.553 runner heartbeat queue_depth=0 workers_busy=0 level=DEBUG
2026-03-14 02:29:59.107 runner heartbeat queue_depth=5 workers_busy=1 level=DEBUG
2026-03-14 02:00:53.679 runner heartbeat queue_depth=7 workers_busy=0 level=DEBUG
2026-03-14 02:57:59.564 runner heartbeat queue_depth=0 workers_busy=3 level=DEBUG
2026-03-14 02:40:00.264 runner heartbeat queue_depth=7 workers_busy=1 level=DEBUG
2026-03-14 02:16:20.415 runner heartbeat queue_depth=0 workers_busy=3 level=DEBUG
2026-03-14 02:43:39.753 runner heartbeat queue_depth=0 workers_busy=1 level=DEBUG
2026-03-14 02:56:10.223 runner heartbeat queue_depth=3 workers_busy=2 level=DEBUG
2026-03-14 02:24:24.431 runner heartbeat queue_depth=8 workers_busy=0 level=DEBUG
2026-03-14 03:10:57.441 runner heartbeat queue_depth=8 workers_busy=0 level=DEBUG
2026-03-14 02:41:21.575 runner heartbeat queue_depth=6 workers_busy=2 level=DEBUG
2026-03-14 02:19:37.763 runner heartbeat queue_depth=7 workers_busy=2 level=DEBUG
2026-03-14 02:57:19.361 runner heartbeat queue_depth=5 workers_busy=0 level=DEBUG
2026-03-14 02:21:41.889 runner heartbeat queue_depth=6 workers_busy=2 level=DEBUG
2026-03-14 03:13:15.924 runner heartbeat queue_depth=2 workers_busy=1 level=DEBUG
2026-03-14 02:35:11.838 runner heartbeat queue_depth=5 workers_busy=0 level=DEBUG
2026-03-14 02:34:56.307 runner heartbeat queue_depth=8 workers_busy=0 level=DEBUG
2026-03-14 02:24:57.526 runner heartbeat queue_depth=2 workers_busy=2 level=DEBUG
2026-03-14 02:05:03.405 runner heartbeat queue_depth=1 workers_busy=3 level=DEBUG
2026-03-14 02:26:41.057 runner heartbeat queue_depth=1 workers_busy=3 level=DEBUG
2026-03-14 02:19:03.816 runner heartbeat queue_depth=8 workers_busy=2 level=DEBUG
2026-03-14 02:59:22.616 runner heartbeat queue_depth=3 workers_busy=2 level=DEBUG
2026-03-14 02:56:11.248 runner heartbeat queue_depth=5 workers_busy=1 level=DEBUG
2026-03-14 03:16:45.995 runner heartbeat queue_depth=8 workers_busy=3 level=DEBUG
2026-03-14 02:42:00.489 runner heartbeat queue_depth=5 workers_busy=0 level=DEBUG
2026-03-14 02:10:57.901 runner heartbeat queue_depth=2 workers_busy=1 level=DEBUG
2026-03-14 02:26:19.475 runner heartbeat queue_depth=3 workers_busy=1 level=DEBUG
2026-03-14 02:06:57.985 runner heartbeat queue_depth=1 workers_busy=3 level=DEBUG
2026-03-14 02:44:00.442 runner heartbeat queue_depth=7 workers_busy=0 level=DEBUG
2026-03-14 02:40:08.069 runner heartbeat queue_depth=1 workers_busy=3 level=DEBUG
2026-03-14 02:56:13.906 runner heartbeat queue_depth=1 workers_busy=3 level=DEBUG
2026-03-14 03:11:22.414 runner heartbeat queue_depth=6 workers_busy=2 level=DEBUG
2026-03-14 02:58:08.629 runner heartbeat queue_depth=8 workers_busy=1 level=DEBUG
2026-03-14 03:16:50.198 runner heartbeat queue_depth=2 workers_busy=1 level=DEBUG
2026-03-14 02:13:19.969 runner heartbeat queue_depth=4 workers_busy=1 level=DEBUG
2026-03-14 03:00:58.503 runner heartbeat queue_depth=4 workers_busy=0 level=DEBUG
2026-03-14 03:17:25.696 runner heartbeat queue_depth=8 workers_busy=3 level=DEBUG
2026-03-14 02:14:23.246 runner heartbeat queue_depth=3 workers_busy=0 level=DEBUG
2026-03-14 02:31:05.118 runner heartbeat queue_depth=2 workers_busy=3 level=DEBUG
2026-03-14 02:38:40.515 runner heartbeat queue_depth=7 workers_busy=3 level=DEBUG
2026-03-14 03:08:59.730 runner heartbeat queue_depth=5 workers_busy=0 level=DEBUG
2026-03-14 02:58:25.768 runner heartbeat queue_depth=4 workers_busy=1 level=DEBUG
2026-03-14 03:03:12.461 runner heartbeat queue_depth=3 workers_busy=1 level=DEBUG
2026-03-14 03:17:24.716 runner heartbeat queue_depth=3 workers_busy=2 level=DEBUG
2026-03-14 02:49:57.668 runner heartbeat queue_depth=3 workers_busy=1 level=DEBUG
2026-03-14 03:17:26.349 runner heartbeat queue_depth=6 workers_busy=1 level=DEBUG
2026-03-14 03:04:06.089 runner heartbeat queue_depth=5 workers_busy=2 level=DEBUG
2026-03-14 02:28:26.256 runner heartbeat queue_depth=2 workers_busy=1 level=DEBUG
2026-03-14 03:12:34.938 runner heartbeat queue_depth=5 workers_busy=2 level=DEBUG
2026-03-14 02:47:43.302 runner heartbeat queue_depth=6 workers_busy=0 level=DEBUG
2026-03-14 02:11:15.808 runner heartbeat queue_depth=8 workers_busy=0 level=DEBUG
2026-03-14 02:02:11.000 runner heartbeat queue_depth=1 workers_busy=2 level=DEBUG
2026-03-14 02:37:20.378 runner heartbeat queue_depth=6 workers_busy=3 level=DEBUG
2026-03-14 03:07:35.778 runner heartbeat queue_depth=0 workers_busy=2 level=DEBUG
2026-03-14 02:16:52.553 runner heartbeat queue_depth=4 workers_busy=3 level=DEBUG
2026-03-14 02:36:57.303 runner heartbeat queue_depth=1 workers_busy=2 level=DEBUG
2026-03-14 02:24:46.729 runner heartbeat queue_depth=2 workers_busy=1 level=DEBUG
2026-03-14 02:34:09.306 runner heartbeat queue_depth=5 workers_busy=3 level=DEBUG
2026-03-14 03:13:56.737 runner heartbeat queue_depth=1 workers_busy=1 level=DEBUG
2026-03-14 03:15:15.262 runner heartbeat queue_depth=4 workers_busy=2 level=DEBUG
2026-03-14 02:29:03.509 runner heartbeat queue_depth=8 workers_busy=3 level=DEBUG
2026-03-14 02:31:53.419 runner heartbeat queue_depth=3 workers_busy=2 level=DEBUG
2026-03-14 02:15:22.316 runner heartbeat queue_depth=6 workers_busy=1 level=DEBUG
2026-03-14 02:59:54.515 runner heartbeat queue_depth=0 workers_busy=3 level=DEBUG
2026-03-14 02:24:23.190 runner heartbeat queue_depth=8 workers_busy=3 level=DEBUG
2026-03-14 03:17:20.006 runner heartbeat queue_depth=8 workers_busy=0 level=DEBUG
2026-03-14 03:15:22.274 runner heartbeat queue_depth=1 workers_busy=0 level=DEBUG
2026-03-14 02:09:17.759 runner heartbeat queue_depth=0 workers_busy=3 level=DEBUG
2026-03-14 03:12:49.377 runner heartbeat queue_depth=1 workers_busy=0 level=DEBUG
2026-03-14 03:06:21.220 runner heartbeat queue_depth=1 workers_busy=3 level=DEBUG
2026-03-14 02:23:37.886 runner heartbeat queue_depth=2 workers_busy=0 level=DEBUG
2026-03-14 02:18:46.569 runner heartbeat queue_depth=1 workers_busy=3 level=DEBUG
2026-03-14 02:36:38.262 runner heartbeat queue_depth=5 workers_busy=0 level=DEBUG
2026-03-14 02:55:16.975 runner heartbeat queue_depth=0 workers_busy=1 level=DEBUG
2026-03-14 03:04:41.433 runner heartbeat queue_depth=2 workers_busy=2 level=DEBUG
2026-03-14 02:41:24.595 runner heartbeat queue_depth=5 workers_busy=1 level=DEBUG
2026-03-14 02:30:19.646 runner heartbeat queue_depth=8 workers_busy=1 level=DEBUG
2026-03-14 02:11:21.913 runner heartbeat queue_depth=7 workers_busy=1 level=DEBUG
2026-03-14 02:58:56.914 runner heartbeat queue_depth=6 workers_busy=3 level=DEBUG
2026-03-14 03:02:13.180 runner heartbeat queue_depth=0 workers_busy=0 level=DEBUG
2026-03-14 02:05:35.216 runner heartbeat queue_depth=7 workers_busy=0 level=DEBUG
2026-03-14 03:14:52.469 runner heartbeat queue_depth=5 workers_busy=2 level=DEBUG
2026-03-14 03:11:59.840 runner heartbeat queue_depth=1 workers_busy=1 level=DEBUG
2026-03-14 02:24:35.542 runner heartbeat queue_depth=8 workers_busy=3 level=DEBUG
2026-03-14 02:16:57.600 runner heartbeat queue_depth=4 workers_busy=2 level=DEBUG
2026-03-14 02:19:42.209 runner heartbeat queue_depth=8 workers_busy=2 level=DEBUG
2026-03-14 02:17:49.999 runner heartbeat queue_depth=2 workers_busy=0 level=DEBUG
2026-03-14 02:58:27.840 runner heartbeat queue_depth=0 workers_busy=3 level=DEBUG
2026-03-14 02:11:24.304 runner heartbeat queue_depth=2 workers_busy=0 level=DEBUG
2026-03-14 02:58:34.946 runner heartbeat queue_depth=6 workers_busy=1 level=DEBUG
2026-03-14 02:37:50.835 runner heartbeat queue_depth=3 workers_busy=0 level=DEBUG
2026-03-14 03:08:10.376 runner heartbeat queue_depth=1 workers_busy=3 level=DEBUG
2026-03-14 02:03:15.232 runner heartbeat queue_depth=8 workers_busy=2 level=DEBUG
2026-03-14 02:59:05.605 runner heartbeat queue_depth=7 workers_busy=2 level=DEBUG
2026-03-14 03:12:25.126 runner heartbeat queue_depth=1 workers_busy=3 level=DEBUG
2026-03-14 02:04:26.674 runner heartbeat queue_depth=6 workers_busy=3 level=DEBUG
2026-03-14 03:14:03.047 runner heartbeat queue_depth=5 workers_busy=0 level=DEBUG
2026-03-14 02:45:22.115 runner heartbeat queue_depth=4 workers_busy=0 level=DEBUG
2026-03-14 03:07:40.054 runner heartbeat queue_depth=3 workers_busy=3 level=DEBUG
2026-03-14 02:39:44.378 runner heartbeat queue_depth=8 workers_busy=1 level=DEBUG
2026-03-14 02:20:11.905 runner heartbeat queue_depth=8 workers_busy=1 level=DEBUG
2026-03-14 03:05:24.321 runner heartbeat queue_depth=8 workers_busy=0 level=DEBUG
2026-03-14 03:13:25.542 runner heartbeat queue_depth=6 workers_busy=0 level=DEBUG
2026-03-14 02:34:14.518 runner heartbeat queue_depth=0 workers_busy=0 level=DEBUG
2026-03-14 02:14:09.451 runner heartbeat queue_depth=5 workers_busy=0 level=DEBUG
2026-03-14 02:59:14.302 runner heartbeat queue_depth=1 workers_busy=3 level=DEBUG
2026-03-14 03:03:44.236 runner heartbeat queue_depth=7 workers_busy=2 level=DEBUG
2026-03-14 02:08:40.407 runner heartbeat queue_depth=7 workers_busy=3 level=DEBUG
2026-03-14 02:53:52.658 runner heartbeat queue_depth=3 workers_busy=1 level=DEBUG
2026-03-14 02:27:32.137 runner heartbeat queue_depth=5 workers_busy=1 level=DEBUG
2026-03-14 02:25:01.042 runner heartbeat queue_depth=3 workers_busy=0 level=DEBUG
2026-03-14 03:11:54.456 runner heartbeat queue_depth=4 workers_busy=1 level=DEBUG
2026-03-14 03:08:48.763 runner heartbeat queue_depth=2 workers_busy=2 level=DEBUG
2026-03-14 02:20:44.883 runner heartbeat queue_depth=5 workers_busy=3 level=DEBUG
2026-03-14 02:45:32.180 runner heartbeat queue_depth=8 workers_busy=0 level=DEBUG
2026-03-14 02:07:28.847 runner heartbeat queue_depth=5 workers_busy=0 level=DEBUG
2026-03-14 03:07:43.335 runner heartbeat queue_depth=3 workers_busy=2 level=DEBUG
2026-03-14 02:28:06.202 runner heartbeat queue_depth=8 workers_busy=2 level=DEBUG
2026-03-14 02:02:36.453 runner heartbeat queue_depth=1 workers_busy=3 level=DEBUG
2026-03-14 02:18:03.308 runner heartbeat queue_depth=8 workers_busy=2 level=DEBUG
2026-03-14 02:23:34.605 runner heartbeat queue_depth=6 workers_busy=1 level=DEBUG
2026-03-14 03:02:39.923 runner heartbeat queue_depth=1 workers_busy=3 level=DEBUG
2026-03-14 02:18:20.851 runner heartbeat queue_depth=7 workers_busy=0 level=DEBUG
2026-03-14 02:03:05.994 runner heartbeat queue_depth=8 workers_busy=0 level=DEBUG
2026-03-14 02:54:23.293 runner heartbeat queue_depth=4 workers_busy=2 level=DEBUG
2026-03-14 02:41:43.537 runner heartbeat queue_depth=7 workers_busy=0 level=DEBUG
2026-03-14 02:34:50.982 runner heartbeat queue_depth=3 workers_busy=1 level=DEBUG
2026-03-14 02:40:08.177 runner heartbeat queue_depth=0 workers_busy=0 level=DEBUG
2026-03-14 02:22:15.835 runner heartbeat queue_depth=1 workers_busy=0 level=DEBUG
2026-03-14 02:31:45.690 runner heartbeat queue_depth=4 workers_busy=3 level=DEBUG
2026-03-14 02:53:13.829 runner heartbeat queue_depth=4 workers_busy=0 level=DEBUG
2026-03-14 02:25:41.865 runner heartbeat queue_depth=4 workers_busy=1 level=DEBUG
2026-03-14 03:15:19.335 runner heartbeat queue_depth=5 workers_busy=2 level=DEBUG
2026-03-14 02:58:59.962 runner heartbeat queue_depth=4 workers_busy=1 level=DEBUG
2026-03-14 03:03:14.746 runner heartbeat queue_depth=4 workers_busy=3 level=DEBUG
2026-03-14 02:34:22.379 runner heartbeat queue_depth=0 workers_busy=2 level=DEBUG
2026-03-14 02:52:09.098 runner heartbeat queue_depth=4 workers_busy=0 level=DEBUG
2026-03-14 02:46:43.316 runner heartbeat queue_depth=3 workers_busy=0 level=DEBUG
2026-03-14 02:55:55.005 runner heartbeat queue_depth=6 workers_busy=3 level=DEBUG
2026-03-14 02:51:32.016 runner heartbeat queue_depth=0 workers_busy=1 level=DEBUG
2026-03-14 02:38:42.746 runner heartbeat queue_depth=8 workers_busy=1 level=DEBUG
2026-03-14 02:56:25.508 runner heartbeat queue_depth=6 workers_busy=0 level=DEBUG
2026-03-14 02:36:44.805 runner heartbeat queue_depth=4 workers_busy=0 level=DEBUG
2026-03-14 03:10:37.996 runner heartbeat queue_depth=7 workers_busy=0 level=DEBUG
2026-03-14 02:04:43.562 runner heartbeat queue_depth=4 workers_busy=2 level=DEBUG
2026-03-14 03:01:19.433 runner heartbeat queue_depth=6 workers_busy=1 level=DEBUG
2026-03-14 02:45:29.618 runner heartbeat queue_depth=2 workers_busy=1 level=DEBUG
2026-03-14 02:33:52.578 runner heartbeat queue_depth=1 workers_busy=1 level=DEBUG
2026-03-14 02:52:04.150 runner heartbeat queue_depth=5 workers_busy=1 level=DEBUG
2026-03-14 02:07:22.921 runner heartbeat queue_depth=0 workers_busy=3 level=DEBUG
2026-03-14 02:21:45.802 runner heartbeat queue_depth=8 workers_busy=0 level=DEBUG
2026-03-14 02:04:26.962 runner heartbeat queue_depth=2 workers_busy=3 level=DEBUG
2026-03-14 02:50:13.551 runner heartbeat queue_depth=5 workers_busy=0 level=DEBUG
2026-03-14 02:11:15.557 runner heartbeat queue_depth=2 workers_busy=0 level=DEBUG
2026-03-14 02:38:38.852 runner heartbeat queue_depth=8 workers_busy=3 level=DEBUG
2026-03-14 02:40:04.874 runner heartbeat queue_depth=0 workers_busy=0 level=DEBUG
2026-03-14 03:12:24.051 runner heartbeat queue_depth=8 workers_busy=1 level=DEBUG
2026-03-14 03:08:15.379 runner heartbeat queue_depth=8 workers_busy=0 level=DEBUG
2026-03-14 02:09:56.908 runner heartbeat queue_depth=4 workers_busy=3 level=DEBUG
2026-03-14 02:15:19.134 runner heartbeat queue_depth=7 workers_busy=2 level=DEBUG
2026-03-14 02:04:08.607 runner heartbeat queue_depth=4 workers_busy=3 level=DEBUG
2026-03-14 03:15:55.505 runner heartbeat queue_depth=8 workers_busy=0 level=DEBUG
2026-03-14 02:33:15.238 runner heartbeat queue_depth=4 workers_busy=3 level=DEBUG
2026-03-14 03:17:21.870 runner heartbeat queue_depth=3 workers_busy=3 level=DEBUG
2026-03-14 03:10:47.807 runner heartbeat queue_depth=8 workers_busy=3 level=DEBUG
2026-03-14 03:18:26.354 runner heartbeat queue_depth=4 workers_busy=0 level=DEBUG
2026-03-14 02:27:44.292 runner heartbeat queue_depth=1 workers_busy=1 level=DEBUG
2026-03-14 03:14:30.351 runner heartbeat queue_depth=0 workers_busy=0 level=DEBUG
2026-03-14 02:22:11.717 runner heartbeat queue_depth=2 workers_busy=0 level=DEBUG
2026-03-14 03:14:44.537 runner heartbeat queue_depth=2 workers_busy=3 level=DEBUG
2026-03-14 03:12:28.165 runner heartbeat queue_depth=4 workers_busy=3 level=DEBUG
2026-03-14 03:18:11.040 runner heartbeat queue_depth=2 workers_busy=3 level=DEBUG
2026-03-14 02:05:21.625 runner heartbeat queue_depth=7 workers_busy=2 level=DEBUG
2026-03-14 02:02:14.592 runner heartbeat queue_depth=8 workers_busy=3 level=DEBUG
2026-03-14 02:11:18.992 runner heartbeat queue_depth=2 workers_busy=3 level=DEBUG
2026-03-14 03:01:14.626 runner heartbeat queue_depth=5 workers_busy=2 level=DEBUG
2026-03-14 03:11:33.870 runner heartbeat queue_depth=7 workers_busy=2 level=DEBUG
2026-03-14 02:19:29.418 runner heartbeat queue_depth=1 workers_busy=3 level=DEBUG
2026-03-14 03:12:36.716 runner heartbeat queue_depth=7 workers_busy=1 level=DEBUG
2026-03-14 02:54:47.108 runner heartbeat queue_depth=5 workers_busy=2 level=DEBUG
2026-03-14 02:37:42.629 runner heartbeat queue_depth=4 workers_busy=2 level=DEBUG
2026-03-14 02:24:39.447 runner heartbeat queue_depth=4 workers_busy=3 level=DEBUG
2026-03-14 03:16:39.338 runner heartbeat queue_depth=7 workers_busy=0 level=DEBUG
2026-03-14 02:25:51.851 runner heartbeat queue_depth=3 workers_busy=2 level=DEBUG
2026-03-14 02:28:36.829 runner heartbeat queue_depth=4 workers_busy=1 level=DEBUG
2026-03-14 02:35:19.765 runner heartbeat queue_depth=8 workers_busy=1 level=DEBUG
2026-03-14 02:51:45.733 runner heartbeat queue_depth=1 workers_busy=3 level=DEBUG
2026-03-14 02:35:24.734 runner heartbeat queue_depth=4 workers_busy=2 level=DEBUG
2026-03-14 02:44:21.462 runner heartbeat queue_depth=7 workers_busy=3 level=DEBUG
2026-03-14 02:06:27.276 runner heartbeat queue_depth=4 workers_busy=3 level=DEBUG
2026-03-14 02:44:02.672 runner heartbeat queue_depth=1 workers_busy=2 level=DEBUG
2026-03-14 02:25:17.519 runner heartbeat queue_depth=2 workers_busy=0 level=DEBUG
2026-03-14 02:44:50.649 runner heartbeat queue_depth=0 workers_busy=0 level=DEBUG
2026-03-14 02:15:17.080 runner heartbeat queue_depth=6 workers_busy=1 level=DEBUG
2026-03-14 02:10:16.874 runner heartbeat queue_depth=4 workers_busy=0 level=DEBUG
2026-03-14 02:51:29.535 runner heartbeat queue_depth=5 workers_busy=0 level=DEBUG
2026-03-14 03:00:30.841 runner heartbeat queue_depth=5 workers_busy=2 level=DEBUG
2026-03-14 02:07:44.813 runner heartbeat queue_depth=2 workers_busy=1 level=DEBUG
2026-03-14 02:10:16.216 runner heartbeat queue_depth=1 workers_busy=1 level=DEBUG
2026-03-14 02:48:16.515 runner heartbeat queue_depth=0 workers_busy=0 level=DEBUG
2026-03-14 02:32:46.087 runner heartbeat queue_depth=5 workers_busy=1 level=DEBUG
2026-03-14 03:06:27.000 runner heartbeat queue_depth=6 workers_busy=2 level=DEBUG
2026-03-14 02:19:31.047 runner heartbeat queue_depth=1 workers_busy=1 level=DEBUG
2026-03-14 03:08:58.560 runner heartbeat queue_depth=2 workers_busy=3 level=DEBUG
2026-03-14 02:54:10.504 runner heartbeat queue_depth=0 workers_busy=3 level=DEBUG
2026-03-14 02:34:08.119 runner heartbeat queue_depth=4 workers_busy=1 level=DEBUG
2026-03-14 02:38:37.848 runner heartbeat queue_depth=7 workers_busy=1 level=DEBUG
2026-03-14 02:14:42.420 runner heartbeat queue_depth=0 workers_busy=3 level=DEBUG
2026-03-14 02:39:53.258 runner heartbeat queue_depth=8 workers_busy=2 level=DEBUG
2026-03-14 03:16:01.144 runner heartbeat queue_depth=4 workers_busy=3 level=DEBUG
2026-03-14 02:42:16.939 runner heartbeat queue_depth=8 workers_busy=1 level=DEBUG
2026-03-14 03:08:43.656 runner heartbeat queue_depth=6 workers_busy=1 level=DEBUG
2026-03-14 02:29:47.791 runner heartbeat queue_depth=8 workers_busy=3 level=DEBUG
2026-03-14 02:24:30.963 runner heartbeat queue_depth=7 workers_busy=1 level=DEBUG
2026-03-14 02:48:07.286 runner heartbeat queue_depth=7 workers_busy=1 level=DEBUG
2026-03-14 02:46:04.307 runner heartbeat queue_depth=4 workers_busy=2 level=DEBUG
2026-03-14 02:28:05.917 runner heartbeat queue_depth=2 workers_busy=0 level=DEBUG
2026-03-14 03:15:31.543 runner heartbeat queue_depth=3 workers_busy=3 level=DEBUG
2026-03-14 02:34:58.333 runner heartbeat queue_depth=3 workers_busy=2 level=DEBUG
2026-03-14 02:19:57.396 runner heartbeat queue_depth=7 workers_busy=3 level=DEBUG
2026-03-14 02:54:53.260 runner heartbeat queue_depth=4 workers_busy=3 level=DEBUG
2026-03-14 02:59:43.362 runner heartbeat queue_depth=7 workers_busy=1 level=DEBUG
2026-03-14 03:09:21.667 runner heartbeat queue_depth=6 workers_busy=2 level=DEBUG
2026-03-14 02:08:30.305 runner heartbeat queue_depth=4 workers_busy=2 level=DEBUG
2026-03-14 02:46:14.132 runner heartbeat queue_depth=6 workers_busy=2 level=DEBUG
2026-03-14 02:33:02.905 runner heartbeat queue_depth=4 workers_busy=2 level=DEBUG
2026-03-14 02:50:25.165 runner heartbeat queue_depth=3 workers_busy=3 level=DEBUG
2026-03-14 02:28:41.981 runner heartbeat queue_depth=4 workers_busy=3 level=DEBUG
2026-03-14 03:03:30.786 runner heartbeat queue_depth=8 workers_busy=1 level=DEBUG
2026-03-14 02:16:49.730 runner heartbeat queue_depth=6 workers_busy=2 level=DEBUG
2026-03-14 02:37:02.173 runner heartbeat queue_depth=1 workers_busy=0 level=DEBUG
2026-03-14 03:12:03.885 runner heartbeat queue_depth=0 workers_busy=3 level=DEBUG
2026-03-14 02:07:31.636 runner heartbeat queue_depth=7 workers_busy=0 level=DEBUG
2026-03-14 03:07:47.354 runner heartbeat queue_depth=8 workers_busy=0 level=DEBUG
2026-03-14 02:27:09.369 runner heartbeat queue_depth=3 workers_busy=1 level=DEBUG
2026-03-14 02:21:20.946 runner heartbeat queue_depth=6 workers_busy=2 level=DEBUG
2026-03-14 02:37:38.799 runner heartbeat queue_depth=2 workers_busy=1 level=DEBUG
2026-03-14 03:16:29.999 runner heartbeat queue_depth=8 workers_busy=0 level=DEBUG
2026-03-14 02:13:11.393 runner heartbeat queue_depth=1 workers_busy=2 level=DEBUG
2026-03-14 02:25:26.309 runner heartbeat queue_depth=4 workers_busy=0 level=DEBUG
2026-03-14 02:57:00.956 runner heartbeat queue_depth=5 workers_busy=3 level=DEBUG
2026-03-14 02:27:33.344 runner heartbeat queue_depth=7 workers_busy=0 level=DEBUG
2026-03-14 02:49:55.340 runner heartbeat queue_depth=8 workers_busy=0 level=DEBUG
2026-03-14 02:40:22.903 runner heartbeat queue_depth=2 workers_busy=0 level=DEBUG
2026-03-14 02:51:40.704 runner heartbeat queue_depth=7 workers_busy=3 level=DEBUG
2026-03-14 02:51:35.363 runner heartbeat queue_depth=4 workers_busy=1 level=DEBUG
2026-03-14 03:10:28.521 runner heartbeat queue_depth=2 workers_busy=3 level=DEBUG
2026-03-14 02:09:40.200 runner heartbeat queue_depth=0 workers_busy=3 level=DEBUG
2026-03-14 02:59:18.320 runner heartbeat queue_depth=5 workers_busy=1 level=DEBUG
2026-03-14 02:28:41.606 runner heartbeat queue_depth=8 workers_busy=2 level=DEBUG
2026-03-14 03:01:28.425 runner heartbeat queue_depth=7 workers_busy=1 level=DEBUG
2026-03-14 02:18:26.206 runner heartbeat queue_depth=4 workers_busy=3 level=DEBUG
2026-03-14 02:56:51.014 runner heartbeat queue_depth=4 workers_busy=0 level=DEBUG
2026-03-14 02:23:07.817 runner heartbeat queue_depth=5 workers_busy=3 level=DEBUG
2026-03-14 02:24:56.705 runner heartbeat queue_depth=1 workers_busy=2 level=DEBUG
2026-03-14 02:11:47.056 runner heartbeat queue_depth=5 workers_busy=1 level=DEBUG
2026-03-14 03:07:42.127 runner heartbeat queue_depth=6 workers_busy=0 level=DEBUG
2026-03-14 02:25:56.929 runner heartbeat queue_depth=3 workers_busy=2 level=DEBUG
2026-03-14 02:50:20.101 runner heartbeat queue_depth=6 workers_busy=0 level=DEBUG
2026-03-14 03:01:27.493 runner heartbeat queue_depth=3 workers_busy=0 level=DEBUG
2026-03-14 02:34:52.808 runner heartbeat queue_depth=3 workers_busy=0 level=DEBUG
2026-03-14 02:15:46.206 runner heartbeat queue_depth=3 workers_busy=0 level=DEBUG
2026-03-14 02:03:30.771 runner heartbeat queue_depth=5 workers_busy=2 level=DEBUG
2026-03-14 03:05:14.350 runner heartbeat queue_depth=4 workers_busy=0 level=DEBUG
2026-03-14 02:47:16.661 runner heartbeat queue_depth=4 workers_busy=3 level=DEBUG
2026-03-14 02:47:38.328 runner heartbeat queue_depth=6 workers_busy=2 level=DEBUG
2026-03-14 02:40:58.104 runner heartbeat queue_depth=5 workers_busy=1 level=DEBUG
2026-03-14 02:22:03.897 runner heartbeat queue_depth=1 workers_busy=0 level=DEBUG
2026-03-14 02:57:09.739 runner heartbeat queue_depth=8 workers_busy=1 level=DEBUG
2026-03-14 02:35:28.988 runner heartbeat queue_depth=5 workers_busy=3 level=DEBUG
2026-03-14 03:02:43.217 runner heartbeat queue_depth=3 workers_busy=1 level=DEBUG
2026-03-14 02:56:13.725 runner heartbeat queue_depth=5 workers_busy=2 level=DEBUG
2026-03-14 02:28:24.396 runner heartbeat queue_depth=3 workers_busy=2 level=DEBUG
2026-03-14 03:12:25.063 runner heartbeat queue_depth=8 workers_busy=3 level=DEBUG
2026-03-14 03:10:31.157 runner heartbeat queue_depth=0 workers_busy=0 level=DEBUG
2026-03-14 02:43:17.450 runner heartbeat queue_depth=6 workers_busy=3 level=DEBUG
2026-03-14 02:08:23.344 runner heartbeat queue_depth=8 workers_busy=1 level=DEBUG
2026-03-14 02:45:18.201 runner heartbeat queue_depth=4 workers_busy=3 level=DEBUG
2026-03-14 03:06:54.793 runner heartbeat queue_depth=7 workers_busy=1 level=DEBUG
2026-03-14 02:03:07.079 runner heartbeat queue_depth=6 workers_busy=2 level=DEBUG
2026-03-14 03:10:05.900 runner heartbeat queue_depth=8 workers_busy=3 level=DEBUG
2026-03-14 02:27:28.265 runner heartbeat queue_depth=4 workers_busy=3 level=DEBUG
2026-03-14 02:21:31.970 runner heartbeat queue_depth=8 workers_busy=3 level=DEBUG
2026-03-14 02:21:17.614 runner heartbeat queue_depth=0 workers_busy=1 level=DEBUG
2026-03-14 02:43:42.317 runner heartbeat queue_depth=7 workers_busy=3 level=DEBUG
2026-03-14 02:17:33.880 runner heartbeat queue_depth=2 workers_busy=0 level=DEBUG
2026-03-14 02:18:33.377 runner heartbeat queue_depth=2 workers_busy=3 level=DEBUG
2026-03-14 02:00:53.368 runner heartbeat queue_depth=7 workers_busy=1 level=DEBUG
2026-03-14 02:10:31.911 runner heartbeat queue_depth=7 workers_busy=1 level=DEBUG
2026-03-14 03:11:53.610 runner heartbeat queue_depth=7 workers_busy=0 level=DEBUG
2026-03-14 02:05:16.863 runner heartbeat queue_depth=1 workers_busy=0 level=DEBUG
2026-03-14 02:12:09.754 runner heartbeat queue_depth=2 workers_busy=2 level=DEBUG
2026-03-14 02:12:44.271 runner heartbeat queue_depth=5 workers_busy=2 level=DEBUG
2026-03-14 03:03:06.004 runner heartbeat queue_depth=5 workers_busy=3 level=DEBUG
2026-03-14 02:31:25.989 runner heartbeat queue_depth=7 workers_busy=0 level=DEBUG
2026-03-14 02:25:16.735 runner heartbeat queue_depth=2 workers_busy=1 level=DEBUG
2026-03-14 02:19:57.714 runner heartbeat queue_depth=8 workers_busy=2 level=DEBUG
2026-03-14 03:12:17.163 runner heartbeat queue_depth=5 workers_busy=0 level=DEBUG
2026-03-14 03:08:34.281 runner heartbeat queue_depth=1 workers_busy=2 level=DEBUG
2026-03-14 02:03:54.738 runner heartbeat queue_depth=8 workers_busy=3 level=DEBUG
2026-03-14 02:39:36.871 runner heartbeat queue_depth=3 workers_busy=3 level=DEBUG
2026-03-14 02:58:53.197 runner heartbeat queue_depth=8 workers_busy=1 level=DEBUG
2026-03-14 02:08:14.402 runner heartbeat queue_depth=8 workers_busy=1 level=DEBUG
2026-03-14 03:06:33.103 runner heartbeat queue_depth=3 workers_busy=2 level=DEBUG
2026-03-14 02:59:10.091 runner heartbeat queue_depth=2 workers_busy=3 level=DEBUG
2026-03-14 02:30:34.182 runner heartbeat queue_depth=2 workers_busy=0 level=DEBUG
2026-03-14 02:51:48.110 runner heartbeat queue_depth=3 workers_busy=2 level=DEBUG
2026-03-14 02:28:57.001 runner heartbeat queue_depth=3 workers_busy=2 level=DEBUG
2026-03-14 02:52:51.515 runner heartbeat queue_depth=8 workers_busy=0 level=DEBUG
2026-03-14 02:57:45.232 runner heartbeat queue_depth=2 workers_busy=3 level=DEBUG
2026-03-14 03:15:19.078 runner heartbeat queue_depth=0 workers_busy=2 level=DEBUG
2026-03-14 02:11:17.826 runner heartbeat queue_depth=7 workers_busy=3 level=DEBUG
2026-03-14 02:51:58.118 runner heartbeat queue_depth=6 workers_busy=1 level=DEBUG
2026-03-14 02:41:51.468 runner heartbeat queue_depth=5 workers_busy=1 level=DEBUG
2026-03-14 02:10:59.771 runner heartbeat queue_depth=5 workers_busy=1 level=DEBUG
2026-03-14 02:11:30.095 runner heartbeat queue_depth=7 workers_busy=1 level=DEBUG
2026-03-14 03:06:24.788 runner heartbeat queue_depth=2 workers_busy=1 level=DEBUG
2026-03-14 02:56:18.681 runner heartbeat queue_depth=7 workers_busy=0 level=DEBUG
2026-03-14 02:41:39.332 runner heartbeat queue_depth=0 workers_busy=1 level=DEBUG
2026-03-14 03:04:17.152 runner heartbeat queue_depth=7 workers_busy=0 level=DEBUG
2026-03-14 03:18:28.567 runner heartbeat queue_depth=0 workers_busy=1 level=DEBUG
2026-03-14 02:26:41.504 runner heartbeat queue_depth=1 workers_busy=0 level=DEBUG
2026-03-14 02:05:36.334 runner heartbeat queue_depth=6 workers_busy=1 level=DEBUG
2026-03-14 02:31:36.781 runner heartbeat queue_depth=6 workers_busy=0 level=DEBUG
2026-03-14 02:11:56.394 runner heartbeat queue_depth=3 workers_busy=2 level=DEBUG
2026-03-14 03:18:27.430 runner heartbeat queue_depth=2 workers_busy=3 level=DEBUG
2026-03-14 03:04:29.291 runner heartbeat queue_depth=2 workers_busy=0 level=DEBUG
2026-03-14 03:15:16.563 runner heartbeat queue_depth=8 workers_busy=2 level=DEBUG
2026-03-14 02:07:30.153 runner heartbeat queue_depth=2 workers_busy=2 level=DEBUG
2026-03-14 02:17:15.730 runner heartbeat queue_depth=2 workers_busy=1 level=DEBUG
2026-03-14 02:01:25.048 runner heartbeat queue_depth=8 workers_busy=3 level=DEBUG
2026-03-14 03:14:34.260 runner heartbeat queue_depth=3 workers_busy=0 level=DEBUG
2026-03-14 02:44:30.386 runner heartbeat queue_depth=5 workers_busy=3 level=DEBUG
2026-03-14 02:32:26.309 runner heartbeat queue_depth=2 workers_busy=1 level=DEBUG
2026-03-14 03:03:25.905 runner heartbeat queue_depth=8 workers_busy=3 level=DEBUG
2026-03-14 03:10:08.409 runner heartbeat queue_depth=1 workers_busy=1 level=DEBUG
2026-03-14 02:34:06.016 runner heartbeat queue_depth=4 workers_busy=1 level=DEBUG
2026-03-14 02:42:57.201 runner heartbeat queue_depth=2 workers_busy=1 level=DEBUG
2026-03-14 02:55:47.365 runner heartbeat queue_depth=1 workers_busy=3 level=DEBUG
2026-03-14 03:00:56.316 runner heartbeat queue_depth=3 workers_busy=2 level=DEBUG
2026-03-14 02:20:36.394 runner heartbeat queue_depth=3 workers_busy=1 level=DEBUG
2026-03-14 03:07:21.524 runner heartbeat queue_depth=6 workers_busy=2 level=DEBUG
2026-03-14 02:57:51.330 runner heartbeat queue_depth=7 workers_busy=3 level=DEBUG
2026-03-14 02:43:04.507 runner heartbeat queue_depth=2 workers_busy=2 level=DEBUG
2026-03-14 02:45:07.242 runner heartbeat queue_depth=3 workers_busy=3 level=DEBUG
2026-03-14 02:11:30.877 runner heartbeat queue_depth=0 workers_busy=0 level=DEBUG
2026-03-14 02:01:25.905 runner heartbeat queue_depth=8 workers_busy=2 level=DEBUG
2026-03-14 03:14:03.159 runner heartbeat queue_depth=0 workers_busy=1 level=DEBUG
2026-03-14 02:21:25.229 runner heartbeat queue_depth=4 workers_busy=0 level=DEBUG
2026-03-14 02:22:32.890 runner heartbeat queue_depth=1 workers_busy=3 level=DEBUG
2026-03-14 02:18:45.457 runner heartbeat queue_depth=2 workers_busy=3 level=DEBUG
2026-03-14 02:26:25.484 runner heartbeat queue_depth=3 workers_busy=0 level=DEBUG
2026-03-14 02:23:47.128 runner heartbeat queue_depth=0 workers_busy=2 level=DEBUG
2026-03-14 02:17:49.431 runner heartbeat queue_depth=3 workers_busy=3 level=DEBUG
2026-03-14 02:58:37.950 runner heartbeat queue_depth=0 workers_busy=2 level=DEBUG
2026-03-14 03:06:07.120 runner heartbeat queue_depth=3 workers_busy=3 level=DEBUG
2026-03-14 02:24:41.362 runner heartbeat queue_depth=3 workers_busy=3 level=DEBUG
2026-03-14 02:35:34.121 runner heartbeat queue_depth=3 workers_busy=3 level=DEBUG
2026-03-14 03:10:28.847 runner heartbeat queue_depth=6 workers_busy=0 level=DEBUG
2026-03-14 02:13:43.222 runner heartbeat queue_depth=4 workers_busy=2 level=DEBUG
2026-03-14 02:38:55.011 runner heartbeat queue_depth=8 workers_busy=1 level=DEBUG
2026-03-14 03:04:15.029 runner heartbeat queue_depth=8 workers_busy=2 level=DEBUG
2026-03-14 02:15:12.217 runner heartbeat queue_depth=6 workers_busy=2 level=DEBUG
2026-03-14 02:54:08.330 runner heartbeat queue_depth=3 workers_busy=0 level=DEBUG
2026-03-14 02:27:49.294 runner heartbeat queue_depth=0 workers_busy=0 level=DEBUG
2026-03-14 02:04:38.946 runner heartbeat queue_depth=2 workers_busy=1 level=DEBUG
2026-03-14 02:44:42.068 runner heartbeat queue_depth=1 workers_busy=3 level=DEBUG
2026-03-14 03:16:13.263 runner heartbeat queue_depth=2 workers_busy=0 level=DEBUG
2026-03-14 02:46:19.827 runner heartbeat queue_depth=8 workers_busy=1 level=DEBUG
2026-03-14 02:23:18.539 runner heartbeat queue_depth=7 workers_busy=3 level=DEBUG
2026-03-14 02:10:13.182 runner heartbeat queue_depth=6 workers_busy=0 level=DEBUG
2026-03-14 03:14:04.675 runner heartbeat queue_depth=2 workers_busy=3 level=DEBUG
2026-03-14 02:59:27.833 runner heartbeat queue_depth=1 workers_busy=2 level=DEBUG
2026-03-14 02:49:59.219 runner heartbeat queue_depth=1 workers_busy=3 level=DEBUG
2026-03-14 03:06:10.885 runner heartbeat queue_depth=0 workers_busy=1 level=DEBUG
2026-03-14 02:33:42.408 runner heartbeat queue_depth=1 workers_busy=2 level=DEBUG
2026-03-14 02:43:10.359 runner heartbeat queue_depth=4 workers_busy=1 level=DEBUG
2026-03-14 02:21:13.683 runner heartbeat queue_depth=3 workers_busy=1 level=DEBUG
2026-03-14 02:46:50.673 runner heartbeat queue_depth=0 workers_busy=2 level=DEBUG
2026-03-14 02:03:29.295 runner heartbeat queue_depth=4 workers_busy=2 level=DEBUG
2026-03-14 02:00:51.544 runner heartbeat queue_depth=0 workers_busy=3 level=DEBUG
2026-03-14 02:51:00.260 runner heartbeat queue_depth=1 workers_busy=2 level=DEBUG
2026-03-14 03:01:07.304 runner heartbeat queue_depth=5 workers_busy=3 level=DEBUG
2026-03-14 02:58:13.047 runner heartbeat queue_depth=3 workers_busy=0 level=DEBUG
2026-03-14 02:23:29.882 runner heartbeat queue_depth=4 workers_busy=2 level=DEBUG
2026-03-14 02:04:48.762 runner heartbeat queue_depth=3 workers_busy=2 level=DEBUG
2026-03-14 02:28:00.845 runner heartbeat queue_depth=6 workers_busy=1 level=DEBUG
2026-03-14 02:06:25.307 runner heartbeat queue_depth=0 workers_busy=3 level=DEBUG
2026-03-14 03:14:58.119 runner heartbeat queue_depth=8 workers_busy=1 level=DEBUG
2026-03-14 02:26:00.077 runner heartbeat queue_depth=0 workers_busy=2 level=DEBUG
2026-03-14 03:13:46.293 runner heartbeat queue_depth=5 workers_busy=3 level=DEBUG
2026-03-14 02:49:31.797 runner heartbeat queue_depth=5 workers_busy=1 level=DEBUG
2026-03-14 02:27:48.650 runner heartbeat queue_depth=8 workers_busy=3 level=DEBUG
2026-03-14 02:39:20.645 runner heartbeat queue_depth=6 workers_busy=0 level=DEBUG
2026-03-14 02:14:04.586 runner heartbeat queue_depth=1 workers_busy=2 level=DEBUG
2026-03-14 03:01:47.638 runner heartbeat queue_depth=1 workers_busy=0 level=DEBUG
2026-03-14 02:46:29.746 runner heartbeat queue_depth=8 workers_busy=3 level=DEBUG
2026-03-14 02:39:10.080 runner heartbeat queue_depth=5 workers_busy=0 level=DEBUG
2026-03-14 02:03:52.863 runner heartbeat queue_depth=3 workers_busy=2 level=DEBUG
2026-03-14 02:30:37.740 runner heartbeat queue_depth=1 workers_busy=1 level=DEBUG
2026-03-14 03:15:32.418 runner heartbeat queue_depth=2 workers_busy=1 level=DEBUG
2026-03-14 03:00:06.503 runner heartbeat queue_depth=4 workers_busy=1 level=DEBUG
2026-03-14 02:44:32.418 runner heartbeat queue_depth=6 workers_busy=3 level=DEBUG
2026-03-14 02:45:12.458 runner heartbeat queue_depth=7 workers_busy=1 level=DEBUG
2026-03-14 03:18:16.289 runner heartbeat queue_depth=7 workers_busy=3 level=DEBUG
2026-03-14 02:29:23.194 runner heartbeat queue_depth=8 workers_busy=1 level=DEBUG
2026-03-14 02:35:47.810 runner heartbeat queue_depth=3 workers_busy=1 level=DEBUG
2026-03-14 03:13:44.833 runner heartbeat queue_depth=6 workers_busy=3 level=DEBUG
2026-03-14 02:40:42.418 runner heartbeat queue_depth=4 workers_busy=0 level=DEBUG
2026-03-14 02:25:07.396 runner heartbeat queue_depth=0 workers_busy=2 level=DEBUG
2026-03-14 03:07:17.752 runner heartbeat queue_depth=6 workers_busy=2 level=DEBUG
2026-03-14 02:10:31.778 runner heartbeat queue_depth=6 workers_busy=2 level=DEBUG
2026-03-14 02:28:05.155 runner heartbeat queue_depth=6 workers_busy=2 level=DEBUG
2026-03-14 02:40:06.325 runner heartbeat queue_depth=6 workers_busy=3 level=DEBUG
2026-03-14 02:20:22.548 runner heartbeat queue_depth=3 workers_busy=2 level=DEBUG
2026-03-14 02:42:56.322 runner heartbeat queue_depth=3 workers_busy=0 level=DEBUG
2026-03-14 02:29:26.874 runner heartbeat queue_depth=0 workers_busy=0 level=DEBUG
2026-03-14 02:24:45.535 runner heartbeat queue_depth=3 workers_busy=1 level=DEBUG
2026-03-14 02:29:26.629 runner heartbeat queue_depth=3 workers_busy=0 level=DEBUG
2026-03-14 02:53:07.845 runner heartbeat queue_depth=5 workers_busy=3 level=DEBUG
2026-03-14 02:30:15.307 runner heartbeat queue_depth=5 workers_busy=0 level=DEBUG
2026-03-14 02:11:09.168 runner heartbeat queue_depth=7 workers_busy=3 level=DEBUG
2026-03-14 03:02:28.337 runner heartbeat queue_depth=3 workers_busy=0 level=DEBUG
2026-03-14 03:01:22.451 runner heartbeat queue_depth=0 workers_busy=3 level=DEBUG
2026-03-14 02:02:49.828 runner heartbeat queue_depth=5 workers_busy=1 level=DEBUG
2026-03-14 03:11:27.516 runner heartbeat queue_depth=5 workers_busy=0 level=DEBUG
2026-03-14 02:25:41.198 runner heartbeat queue_depth=5 workers_busy=3 level=DEBUG
2026-03-14 02:58:16.673 runner heartbeat queue_depth=6 workers_busy=0 level=DEBUG
2026-03-14 02:32:26.267 runner heartbeat queue_depth=2 workers_busy=3 level=DEBUG
2026-03-14 03:00:24.603 runner heartbeat queue_depth=1 workers_busy=0 level=DEBUG
2026-03-14 03:15:11.828 runner heartbeat queue_depth=1 workers_busy=2 level=DEBUG
2026-03-14 02:53:35.317 runner heartbeat queue_depth=4 workers_busy=2 level=DEBUG
2026-03-14 02:01:39.485 runner heartbeat queue_depth=6 workers_busy=1 level=DEBUG
2026-03-14 02:19:33.738 runner heartbeat queue_depth=5 workers_busy=1 level=DEBUG
2026-03-14 02:43:15.069 runner heartbeat queue_depth=7 workers_busy=1 level=DEBUG
2026-03-14 02:49:58.062 runner heartbeat queue_depth=7 workers_busy=2 level=DEBUG
2026-03-14 02:11:35.056 runner heartbeat queue_depth=7 workers_busy=1 level=DEBUG
2026-03-14 02:02:51.546 runner heartbeat queue_depth=4 workers_busy=2 level=DEBUG
2026-03-14 02:43:41.931 runner heartbeat queue_depth=5 workers_busy=1 level=DEBUG
2026-03-14 02:22:59.022 runner heartbeat queue_depth=6 workers_busy=3 level=DEBUG
2026-03-14 03:08:44.209 runner heartbeat queue_depth=6 workers_busy=1 level=DEBUG
2026-03-14 02:11:42.387 runner heartbeat queue_depth=2 workers_busy=3 level=DEBUG
2026-03-14 03:00:03.502 runner heartbeat queue_depth=8 workers_busy=0 level=DEBUG
2026-03-14 03:04:04.619 runner heartbeat queue_depth=3 workers_busy=2 level=DEBUG
2026-03-14 03:02:26.983 runner heartbeat queue_depth=1 workers_busy=0 level=DEBUG
2026-03-14 02:52:19.793 runner heartbeat queue_depth=8 workers_busy=0 level=DEBUG
2026-03-14 02:27:40.436 runner heartbeat queue_depth=3 workers_busy=1 level=DEBUG
2026-03-14 02:51:57.581 runner heartbeat queue_depth=1 workers_busy=0 level=DEBUG
2026-03-14 02:12:38.432 runner heartbeat queue_depth=5 workers_busy=2 level=DEBUG
2026-03-14 02:24:10.110 runner heartbeat queue_depth=2 workers_busy=0 level=DEBUG
2026-03-14 02:28:14.501 runner heartbeat queue_depth=2 workers_busy=3 level=DEBUG
2026-03-14 03:13:18.431 runner heartbeat queue_depth=4 workers_busy=0 level=DEBUG
2026-03-14 02:18:33.568 runner heartbeat queue_depth=3 workers_busy=3 level=DEBUG
2026-03-14 03:03:09.118 runner heartbeat queue_depth=1 workers_busy=2 level=DEBUG
2026-03-14 02:15:50.587 runner heartbeat queue_depth=7 workers_busy=0 level=DEBUG
2026-03-14 02:03:44.278 runner heartbeat queue_depth=3 workers_busy=3 level=DEBUG
2026-03-14 02:12:20.023 runner heartbeat queue_depth=6 workers_busy=1 level=DEBUG
2026-03-14 02:02:14.426 runner heartbeat queue_depth=1 workers_busy=2 level=DEBUG
2026-03-14 02:31:11.497 runner heartbeat queue_depth=0 workers_busy=0 level=DEBUG
2026-03-14 03:06:05.391 runner heartbeat queue_depth=2 workers_busy=0 level=DEBUG
2026-03-14 02:11:13.670 runner heartbeat queue_depth=3 workers_busy=2 level=DEBUG
2026-03-14 02:30:05.111 runner heartbeat queue_depth=8 workers_busy=0 level=DEBUG
2026-03-14 02:54:34.826 runner heartbeat queue_depth=2 workers_busy=1 level=DEBUG
2026-03-14 02:40:47.106 runner heartbeat queue_depth=1 workers_busy=0 level=DEBUG
2026-03-14 02:08:07.942 runner heartbeat queue_depth=5 workers_busy=2 level=DEBUG
2026-03-14 02:29:27.411 runner heartbeat queue_depth=0 workers_busy=0 level=DEBUG
2026-03-14 02:15:22.089 runner heartbeat queue_depth=8 workers_busy=3 level=DEBUG
2026-03-14 03:18:47.953 runner heartbeat queue_depth=0 workers_busy=2 level=DEBUG
2026-03-14 02:29:19.468 runner heartbeat queue_depth=8 workers_busy=1 level=DEBUG
2026-03-14 02:17:24.442 runner heartbeat queue_depth=3 workers_busy=0 level=DEBUG
2026-03-14 03:04:04.053 runner heartbeat queue_depth=8 workers_busy=3 level=DEBUG
2026-03-14 02:57:49.010 runner heartbeat queue_depth=4 workers_busy=2 level=DEBUG
2026-03-14 02:34:05.842 runner heartbeat queue_depth=7 workers_busy=3 level=DEBUG
2026-03-14 02:09:33.682 runner heartbeat queue_depth=4 workers_busy=3 level=DEBUG
2026-03-14 02:59:06.637 runner heartbeat queue_depth=4 workers_busy=0 level=DEBUG
2026-03-14 02:25:47.193 runner heartbeat queue_depth=2 workers_busy=1 level=DEBUG
2026-03-14 03:10:10.595 runner heartbeat queue_depth=7 workers_busy=0 level=DEBUG
2026-03-14 02:45:29.292 runner heartbeat queue_depth=4 workers_busy=2 level=DEBUG
2026-03-14 03:13:26.465 runner heartbeat queue_depth=1 workers_busy=3 level=DEBUG
2026-03-14 02:56:00.791 runner heartbeat queue_depth=0 workers_busy=2 level=DEBUG
2026-03-14 02:25:14.059 runner heartbeat queue_depth=0 workers_busy=1 level=DEBUG
2026-03-14 02:26:10.349 runner heartbeat queue_depth=0 workers_busy=2 level=DEBUG
2026-03-14 02:33:35.696 runner heartbeat queue_depth=0 workers_busy=0 level=DEBUG
2026-03-14 02:31:21.666 runner heartbeat queue_depth=6 workers_busy=0 level=DEBUG
2026-03-14 03:13:03.347 runner heartbeat queue_depth=3 workers_busy=1 level=DEBUG
2026-03-14 02:28:37.286 runner heartbeat queue_depth=7 workers_busy=1 level=DEBUG
2026-03-14 03:04:41.755 runner heartbeat queue_depth=4 workers_busy=3 level=DEBUG
2026-03-14 03:02:39.234 runner heartbeat queue_depth=1 workers_busy=2 level=DEBUG
2026-03-14 02:00:16.294 runner heartbeat queue_depth=3 workers_busy=2 level=DEBUG
2026-03-14 02:32:26.655 runner heartbeat queue_depth=8 workers_busy=0 level=DEBUG
2026-03-14 02:03:26.818 runner heartbeat queue_depth=5 workers_busy=2 level=DEBUG
2026-03-14 03:15:36.977 runner heartbeat queue_depth=3 workers_busy=2 level=DEBUG
2026-03-14 02:42:59.866 runner heartbeat queue_depth=3 workers_busy=3 level=DEBUG
2026-03-14 02:04:49.671 runner heartbeat queue_depth=5 workers_busy=0 level=DEBUG
2026-03-14 03:05:39.694 runner heartbeat queue_depth=7 workers_busy=3 level=DEBUG
2026-03-14 02:07:26.682 runner heartbeat queue_depth=0 workers_busy=3 level=DEBUG
2026-03-14 02:32:27.433 runner heartbeat queue_depth=2 workers_busy=2 level=DEBUG
2026-03-14 02:31:39.417 runner heartbeat queue_depth=8 workers_busy=2 level=DEBUG
2026-03-14 02:03:46.288 runner heartbeat queue_depth=3 workers_busy=3 level=DEBUG
2026-03-14 02:42:24.135 runner heartbeat queue_depth=8 workers_busy=1 level=DEBUG
2026-03-14 03:17:48.318 runner heartbeat queue_depth=1 workers_busy=0 level=DEBUG
2026-03-14 02:01:07.286 runner heartbeat queue_depth=5 workers_busy=1 level=DEBUG
2026-03-14 02:14:02.365 runner heartbeat queue_depth=4 workers_busy=1 level=DEBUG
2026-03-14 02:57:03.543 runner heartbeat queue_depth=7 workers_busy=3 level=DEBUG
2026-03-14 02:06:09.465 runner heartbeat queue_depth=4 workers_busy=2 level=DEBUG
2026-03-14 03:15:09.163 runner heartbeat queue_depth=0 workers_busy=3 level=DEBUG
2026-03-14 02:13:32.648 runner heartbeat queue_depth=5 workers_busy=1 level=DEBUG
2026-03-14 03:06:56.157 runner heartbeat queue_depth=2 workers_busy=0 level=DEBUG
2026-03-14 03:06:09.812 runner heartbeat queue_depth=0 workers_busy=0 level=DEBUG
2026-03-14 02:17:04.999 runner heartbeat queue_depth=4 workers_busy=0 level=DEBUG
2026-03-14 02:53:54.281 runner heartbeat queue_depth=1 workers_busy=2 level=DEBUG
2026-03-14 02:31:27.171 runner heartbeat queue_depth=5 workers_busy=3 level=DEBUG
2026-03-14 02:17:28.260 runner heartbeat queue_depth=3 workers_busy=3 level=DEBUG
2026-03-14 02:31:38.601 runner heartbeat queue_depth=6 workers_busy=0 level=DEBUG
2026-03-14 02:04:13.799 runner heartbeat queue_depth=1 workers_busy=0 level=DEBUG
2026-03-14 03:07:45.759 runner heartbeat queue_depth=0 workers_busy=1 level=DEBUG
2026-03-14 02:57:18.815 runner heartbeat queue_depth=3 workers_busy=1 level=DEBUG
2026-03-14 02:04:49.166 runner heartbeat queue_depth=2 workers_busy=1 level=DEBUG
2026-03-14 02:36:56.828 runner heartbeat queue_depth=2 workers_busy=0 level=DEBUG
2026-03-14 02:04:42.964 runner heartbeat queue_depth=5 workers_busy=1 level=DEBUG
2026-03-14 02:58:35.809 runner heartbeat queue_depth=5 workers_busy=3 level=DEBUG
2026-03-14 02:16:31.207 runner heartbeat queue_depth=7 workers_busy=0 level=DEBUG
2026-03-14 02:10:16.171 runner heartbeat queue_depth=2 workers_busy=0 level=DEBUG
2026-03-14 02:27:48.178 runner heartbeat queue_depth=6 workers_busy=3 level=DEBUG
2026-03-14 02:53:59.480 runner heartbeat queue_depth=7 workers_busy=2 level=DEBUG
2026-03-14 02:35:12.651 runner heartbeat queue_depth=8 workers_busy=2 level=DEBUG
2026-03-14 03:07:26.790 runner heartbeat queue_depth=6 workers_busy=2 level=DEBUG
2026-03-14 03:02:35.561 runner heartbeat queue_depth=7 workers_busy=0 level=DEBUG
2026-03-14 02:52:42.054 runner heartbeat queue_depth=1 workers_busy=1 level=DEBUG
2026-03-14 02:05:20.529 runner heartbeat queue_depth=8 workers_busy=0 level=DEBUG
2026-03-14 02:43:23.163 runner heartbeat queue_depth=6 workers_busy=1 level=DEBUG
2026-03-14 02:40:33.975 runner heartbeat queue_depth=5 workers_busy=1 level=DEBUG
2026-03-14 02:09:20.441 runner heartbeat queue_depth=5 workers_busy=1 level=DEBUG
2026-03-14 02:07:37.029 runner heartbeat queue_depth=3 workers_busy=3 level=DEBUG
2026-03-14 02:15:59.949 runner heartbeat queue_depth=1 workers_busy=2 level=DEBUG
2026-03-14 02:41:29.116 runner heartbeat queue_depth=8 workers_busy=3 level=DEBUG
2026-03-14 02:52:14.307 runner heartbeat queue_depth=2 workers_busy=3 level=DEBUG
2026-03-14 02:03:43.972 runner heartbeat queue_depth=0 workers_busy=1 level=DEBUG
2026-03-14 03:14:21.496 runner heartbeat queue_depth=2 workers_busy=2 level=DEBUG
2026-03-14 02:19:20.391 runner heartbeat queue_depth=5 workers_busy=1 level=DEBUG
2026-03-14 02:28:17.319 runner heartbeat queue_depth=1 workers_busy=1 level=DEBUG
2026-03-14 02:58:02.194 runner heartbeat queue_depth=4 workers_busy=3 level=DEBUG
2026-03-14 02:59:39.361 runner heartbeat queue_depth=7 workers_busy=2 level=DEBUG
2026-03-14 02:06:10.588 runner heartbeat queue_depth=6 workers_busy=1 level=DEBUG
2026-03-14 02:39:54.161 runner heartbeat queue_depth=4 workers_busy=1 level=DEBUG
2026-03-14 03:00:15.610 runner heartbeat queue_depth=1 workers_busy=0 level=DEBUG
2026-03-14 02:08:21.962 runner heartbeat queue_depth=2 workers_busy=1 level=DEBUG
2026-03-14 02:25:31.376 runner heartbeat queue_depth=4 workers_busy=3 level=DEBUG
2026-03-14 02:27:04.096 runner heartbeat queue_depth=1 workers_busy=1 level=DEBUG
2026-03-14 03:15:16.069 runner heartbeat queue_depth=4 workers_busy=3 level=DEBUG
2026-03-14 02:15:09.322 runner heartbeat queue_depth=7 workers_busy=3 level=DEBUG
2026-03-14 02:13:48.714 runner heartbeat queue_depth=8 workers_busy=1 level=DEBUG
2026-03-14 02:49:02.122 runner heartbeat queue_depth=5 workers_busy=2 level=DEBUG
2026-03-14 02:43:14.656 runner heartbeat queue_depth=7 workers_busy=1 level=DEBUG
2026-03-14 02:41:57.228 runner heartbeat queue_depth=0 workers_busy=0 level=DEBUG
2026-03-14 02:03:58.288 runner heartbeat queue_depth=8 workers_busy=2 level=DEBUG
2026-03-14 02:58:48.512 runner heartbeat queue_depth=1 workers_busy=0 level=DEBUG
2026-03-14 03:09:58.175 runner heartbeat queue_depth=0 workers_busy=1 level=DEBUG
2026-03-14 02:58:48.109 runner heartbeat queue_depth=4 workers_busy=3 level=DEBUG
2026-03-14 02:18:06.309 runner heartbeat queue_depth=0 workers_busy=1 level=DEBUG
2026-03-14 02:47:41.257 runner heartbeat queue_depth=2 workers_busy=3 level=DEBUG
2026-03-14 02:05:17.893 runner heartbeat queue_depth=7 workers_busy=0 level=DEBUG
2026-03-14 02:22:41.829 runner heartbeat queue_depth=3 workers_busy=1 level=DEBUG
2026-03-14 03:12:05.114 runner heartbeat queue_depth=5 workers_busy=3 level=DEBUG
2026-03-14 02:57:46.103 runner heartbeat queue_depth=7 workers_busy=1 level=DEBUG
2026-03-14 02:44:01.476 runner heartbeat queue_depth=3 workers_busy=1 level=DEBUG
2026-03-14 03:12:14.456 runner heartbeat queue_depth=1 workers_busy=2 level=DEBUG
2026-03-14 02:08:14.786 runner heartbeat queue_depth=1 workers_busy=0 level=DEBUG
2026-03-14 02:51:29.447 runner heartbeat queue_depth=6 workers_busy=0 level=DEBUG
2026-03-14 03:08:26.997 runner heartbeat queue_depth=3 workers_busy=2 level=DEBUG
2026-03-14 02:54:46.642 runner heartbeat queue_depth=4 workers_busy=3 level=DEBUG
2026-03-14 02:06:45.658 runner heartbeat queue_depth=3 workers_busy=1 level=DEBUG
2026-03-14 02:45:07.653 runner heartbeat queue_depth=8 workers_busy=3 level=DEBUG
2026-03-14 03:17:53.760 runner heartbeat queue_depth=5 workers_busy=3 level=DEBUG
2026-03-14 02:33:48.380 runner heartbeat queue_depth=8 workers_busy=0 level=DEBUG
2026-03-14 02:53:51.515 runner heartbeat queue_depth=1 workers_busy=3 level=DEBUG
2026-03-14 02:20:02.542 runner heartbeat queue_depth=1 workers_busy=0 level=DEBUG
2026-03-14 02:48:46.747 runner heartbeat queue_depth=3 workers_busy=3 level=DEBUG
2026-03-14 03:10:53.697 runner heartbeat queue_depth=0 workers_busy=1 level=DEBUG
2026-03-14 02:50:16.082 runner heartbeat queue_depth=3 workers_busy=0 level=DEBUG
2026-03-14 03:12:08.373 runner heartbeat queue_depth=5 workers_busy=0 level=DEBUG
2026-03-14 02:41:58.221 runner heartbeat queue_depth=0 workers_busy=3 level=DEBUG
2026-03-14 03:03:40.026 runner heartbeat queue_depth=4 workers_busy=2 level=DEBUG
2026-03-14 02:01:31.518 runner heartbeat queue_depth=6 workers_busy=2 level=DEBUG
2026-03-14 03:03:27.641 runner heartbeat queue_depth=7 workers_busy=1 level=DEBUG
2026-03-14 03:12:38.954 runner heartbeat queue_depth=6 workers_busy=1 level=DEBUG
2026-03-14 02:53:06.668 runner heartbeat queue_depth=2 workers_busy=3 level=DEBUG
2026-03-14 02:42:57.282 runner heartbeat queue_depth=3 workers_busy=0 level=DEBUG
2026-03-14 03:00:23.386 runner heartbeat queue_depth=2 workers_busy=2 level=DEBUG
2026-03-14 02:09:39.728 runner heartbeat queue_depth=1 workers_busy=1 level=DEBUG
2026-03-14 02:50:21.986 runner heartbeat queue_depth=6 workers_busy=3 level=DEBUG
2026-03-14 03:06:12.107 runner heartbeat queue_depth=6 workers_busy=2 level=DEBUG
2026-03-14 02:41:59.424 runner heartbeat queue_depth=1 workers_busy=3 level=DEBUG
2026-03-14 02:24:05.262 runner heartbeat queue_depth=1 workers_busy=2 level=DEBUG
2026-03-14 02:39:28.494 runner heartbeat queue_depth=2 workers_busy=3 level=DEBUG
2026-03-14 02:34:44.518 runner heartbeat queue_depth=6 workers_busy=2 level=DEBUG
2026-03-14 02:09:34.440 runner heartbeat queue_depth=1 workers_busy=3 level=DEBUG
2026-03-14 02:58:40.502 runner heartbeat queue_depth=1 workers_busy=2 level=DEBUG
2026-03-14 02:03:13.950 runner heartbeat queue_depth=6 workers_busy=3 level=DEBUG
2026-03-14 02:13:01.984 runner heartbeat queue_depth=1 workers_busy=1 level=DEBUG
2026-03-14 02:19:05.060 runner heartbeat queue_depth=7 workers_busy=1 level=DEBUG
2026-03-14 02:25:02.834 runner heartbeat queue_depth=7 workers_busy=3 level=DEBUG
2026-03-14 02:31:20.574 runner heartbeat queue_depth=8 workers_busy=1 level=DEBUG
2026-03-14 03:07:28.535 runner heartbeat queue_depth=4 workers_busy=1 level=DEBUG
2026-03-14 02:02:37.846 runner heartbeat queue_depth=3 workers_busy=1 level=DEBUG
2026-03-14 02:52:57.135 runner heartbeat queue_depth=7 workers_busy=2 level=DEBUG
2026-03-14 02:12:53.670 runner heartbeat queue_depth=3 workers_busy=1 level=DEBUG
2026-03-14 03:13:39.298 runner heartbeat queue_depth=1 workers_busy=0 level=DEBUG
2026-03-14 02:50:23.275 runner heartbeat queue_depth=7 workers_busy=0 level=DEBUG
2026-03-14 02:52:00.361 runner heartbeat queue_depth=1 workers_busy=2 level=DEBUG
2026-03-14 02:24:52.386 runner heartbeat queue_depth=7 workers_busy=1 level=DEBUG
2026-03-14 03:08:44.669 runner heartbeat queue_depth=8 workers_busy=2 level=DEBUG
2026-03-14 02:45:27.975 runner heartbeat queue_depth=7 workers_busy=1 level=DEBUG
2026-03-14 02:31:39.018 runner heartbeat queue_depth=0 workers_busy=2 level=DEBUG
2026-03-14 03:01:03.918 runner heartbeat queue_depth=8 workers_busy=1 level=DEBUG
2026-03-14 02:03:00.248 runner heartbeat queue_depth=3 workers_busy=3 level=DEBUG
2026-03-14 03:02:30.182 runner heartbeat queue_depth=5 workers_busy=0 level=DEBUG
2026-03-14 02:39:17.690 runner heartbeat queue_depth=8 workers_busy=3 level=DEBUG
2026-03-14 03:03:01.621 runner heartbeat queue_depth=5 workers_busy=2 level=DEBUG
2026-03-14 02:48:30.787 runner heartbeat queue_depth=7 workers_busy=1 level=DEBUG
2026-03-14 02:16:51.652 runner heartbeat queue_depth=7 workers_busy=1 level=DEBUG
2026-03-14 02:47:29.283 runner heartbeat queue_depth=4 workers_busy=3 level=DEBUG
2026-03-14 03:09:18.674 runner heartbeat queue_depth=2 workers_busy=0 level=DEBUG
2026-03-14 03:03:59.653 runner heartbeat queue_depth=8 workers_busy=0 level=DEBUG
2026-03-14 03:15:56.401 runner heartbeat queue_depth=7 workers_busy=3 level=DEBUG
2026-03-14 02:33:04.940 runner heartbeat queue_depth=2 workers_busy=3 level=DEBUG
2026-03-14 03:01:05.517 runner heartbeat queue_depth=6 workers_busy=2 level=DEBUG
2026-03-14 02:05:59.693 runner heartbeat queue_depth=3 workers_busy=0 level=DEBUG
2026-03-14 02:51:07.224 runner heartbeat queue_depth=8 workers_busy=2 level=DEBUG
2026-03-14 02:27:32.774 runner heartbeat queue_depth=7 workers_busy=1 level=DEBUG
2026-03-14 02:16:04.981 runner heartbeat queue_depth=4 workers_busy=0 level=DEBUG
2026-03-14 03:17:47.340 runner heartbeat queue_depth=8 workers_busy=3 level=DEBUG
2026-03-14 02:49:58.432 runner heartbeat queue_depth=8 workers_busy=3 level=DEBUG
2026-03-14 02:37:33.782 runner heartbeat queue_depth=5 workers_busy=3 level=DEBUG
2026-03-14 02:47:11.395 runner heartbeat queue_depth=1 workers_busy=0 level=DEBUG
2026-03-14 02:33:59.830 runner heartbeat queue_depth=2 workers_busy=0 level=DEBUG
2026-03-14 02:10:25.851 runner heartbeat queue_depth=0 workers_busy=3 level=DEBUG
2026-03-14 02:57:05.559 runner heartbeat queue_depth=4 workers_busy=2 level=DEBUG
2026-03-14 02:15:22.313 runner heartbeat queue_depth=6 workers_busy=1 level=DEBUG
2026-03-14 03:13:42.232 runner heartbeat queue_depth=0 workers_busy=0 level=DEBUG
2026-03-14 02:59:57.499 runner heartbeat queue_depth=6 workers_busy=0 level=DEBUG
2026-03-14 02:29:06.453 runner heartbeat queue_depth=8 workers_busy=0 level=DEBUG
2026-03-14 02:38:09.479 runner heartbeat queue_depth=2 workers_busy=3 level=DEBUG
2026-03-14 02:14:29.859 runner heartbeat queue_depth=5 workers_busy=1 level=DEBUG
2026-03-14 02:19:01.105 runner heartbeat queue_depth=4 workers_busy=0 level=DEBUG
2026-03-14 02:18:54.389 runner heartbeat queue_depth=2 workers_busy=0 level=DEBUG
2026-03-14 02:30:17.951 runner heartbeat queue_depth=0 workers_busy=2 level=DEBUG
2026-03-14 02:22:34.868 runner heartbeat queue_depth=4 workers_busy=1 level=DEBUG
2026-03-14 02:37:48.576 runner heartbeat queue_depth=5 workers_busy=2 level=DEBUG
2026-03-14 03:03:29.850 runner heartbeat queue_depth=0 workers_busy=0 level=DEBUG
2026-03-14 03:11:12.669 runner heartbeat queue_depth=3 workers_busy=2 level=DEBUG
2026-03-14 02:26:20.095 runner heartbeat queue_depth=7 workers_busy=1 level=DEBUG
2026-03-14 03:00:05.195 runner heartbeat queue_depth=7 workers_busy=2 level=DEBUG
2026-03-14 02:57:03.021 runner heartbeat queue_depth=5 workers_busy=0 level=DEBUG
2026-03-14 03:12:02.517 runner heartbeat queue_depth=4 workers_busy=0 level=DEBUG
2026-03-14 02:55:44.283 runner heartbeat queue_depth=1 workers_busy=1 level=DEBUG
2026-03-14 02:09:19.857 runner heartbeat queue_depth=6 workers_busy=0 level=DEBUG
2026-03-14 02:49:35.923 runner heartbeat queue_depth=1 workers_busy=3 level=DEBUG
2026-03-14 03:03:55.790 runner heartbeat queue_depth=1 workers_busy=0 level=DEBUG
2026-03-14 02:13:02.938 runner heartbeat queue_depth=8 workers_busy=1 level=DEBUG
2026-03-14 02:28:17.892 runner heartbeat queue_depth=2 workers_busy=1 level=DEBUG
2026-03-14 02:10:47.349 runner heartbeat queue_depth=3 workers_busy=0 level=DEBUG
2026-03-14 03:17:32.061 runner heartbeat queue_depth=6 workers_busy=0 level=DEBUG
2026-03-14 02:10:22.921 runner heartbeat queue_depth=1 workers_busy=1 level=DEBUG
2026-03-14 02:59:50.443 runner heartbeat queue_depth=5 workers_busy=0 level=DEBUG
2026-03-14 02:52:04.681 runner heartbeat queue_depth=4 workers_busy=1 level=DEBUG
2026-03-14 03:15:51.185 runner heartbeat queue_depth=2 workers_busy=2 level=DEBUG
2026-03-14 02:00:22.807 runner heartbeat queue_depth=4 workers_busy=2 level=DEBUG
2026-03-14 02:00:29.412 runner heartbeat queue_depth=3 workers_busy=3 level=DEBUG
2026-03-14 02:10:04.069 runner heartbeat queue_depth=5 workers_busy=2 level=DEBUG
2026-03-14 02:26:59.690 runner heartbeat queue_depth=0 workers_busy=3 level=DEBUG
2026-03-14 02:39:37.265 runner heartbeat queue_depth=6 workers_busy=0 level=DEBUG
2026-03-14 02:52:48.661 runner heartbeat queue_depth=4 workers_busy=1 level=DEBUG
2026-03-14 02:57:57.934 runner heartbeat queue_depth=2 workers_busy=3 level=DEBUG
2026-03-14 03:13:54.174 runner heartbeat queue_depth=0 workers_busy=0 level=DEBUG
2026-03-14 02:32:01.023 runner heartbeat queue_depth=0 workers_busy=3 level=DEBUG
2026-03-14 02:32:37.594 runner heartbeat queue_depth=2 workers_busy=3 level=DEBUG
2026-03-14 02:15:46.557 runner heartbeat queue_depth=2 workers_busy=1 level=DEBUG
2026-03-14 03:11:16.002 runner heartbeat queue_depth=6 workers_busy=1 level=DEBUG
2026-03-14 02:13:37.615 runner heartbeat queue_depth=6 workers_busy=3 level=DEBUG
2026-03-14 02:26:51.485 runner heartbeat queue_depth=3 workers_busy=1 level=DEBUG
2026-03-14 02:10:09.499 runner heartbeat queue_depth=2 workers_busy=0 level=DEBUG
2026-03-14 02:46:59.626 runner heartbeat queue_depth=3 workers_busy=1 level=DEBUG
2026-03-14 02:03:49.096 runner heartbeat queue_depth=7 workers_busy=3 level=DEBUG
2026-03-14 02:13:41.566 runner heartbeat queue_depth=3 workers_busy=3 level=DEBUG
2026-03-14 02:45:12.654 runner heartbeat queue_depth=1 workers_busy=3 level=DEBUG
2026-03-14 02:08:02.929 runner heartbeat queue_depth=1 workers_busy=2 level=DEBUG
2026-03-14 03:18:39.419 runner heartbeat queue_depth=5 workers_busy=2 level=DEBUG
2026-03-14 02:21:12.455 runner heartbeat queue_depth=1 workers_busy=3 level=DEBUG
2026-03-14 02:02:48.642 runner heartbeat queue_depth=8 workers_busy=0 level=DEBUG
2026-03-14 03:03:19.929 runner heartbeat queue_depth=0 workers_busy=3 level=DEBUG
2026-03-14 02:21:41.534 runner heartbeat queue_depth=6 workers_busy=2 level=DEBUG
2026-03-14 02:01:52.921 runner heartbeat queue_depth=5 workers_busy=2 level=DEBUG
2026-03-14 02:59:52.628 runner heartbeat queue_depth=8 workers_busy=3 level=DEBUG
2026-03-14 02:16:33.444 runner heartbeat queue_depth=3 workers_busy=0 level=DEBUG
2026-03-14 02:45:28.735 runner heartbeat queue_depth=3 workers_busy=1 level=DEBUG
2026-03-14 03:14:48.720 runner heartbeat queue_depth=7 workers_busy=1 level=DEBUG
2026-03-14 02:34:43.400 runner heartbeat queue_depth=3 workers_busy=2 level=DEBUG
2026-03-14 02:30:01.794 runner heartbeat queue_depth=2 workers_busy=1 level=DEBUG
2026-03-14 02:20:02.769 runner heartbeat queue_depth=3 workers_busy=1 level=DEBUG
2026-03-14 03:03:30.798 runner heartbeat queue_depth=2 workers_busy=0 level=DEBUG
2026-03-14 02:43:05.742 runner heartbeat queue_depth=0 workers_busy=3 level=DEBUG
2026-03-14 03:12:48.700 runner heartbeat queue_depth=6 workers_busy=2 level=DEBUG
2026-03-14 03:12:37.215 runner heartbeat queue_depth=3 workers_busy=0 level=DEBUG
2026-03-14 02:26:28.452 runner heartbeat queue_depth=5 workers_busy=0 level=DEBUG
2026-03-14 02:45:35.350 runner heartbeat queue_depth=4 workers_busy=0 level=DEBUG
2026-03-14 02:33:30.115 runner heartbeat queue_depth=1 workers_busy=0 level=DEBUG
2026-03-14 03:08:02.214 runner heartbeat queue_depth=4 workers_busy=2 level=DEBUG
2026-03-14 02:24:22.308 runner heartbeat queue_depth=5 workers_busy=1 level=DEBUG
2026-03-14 02:03:24.321 runner heartbeat queue_depth=5 workers_busy=1 level=DEBUG
2026-03-14 02:21:35.575 runner heartbeat queue_depth=8 workers_busy=3 level=DEBUG
2026-03-14 02:30:59.146 runner heartbeat queue_depth=8 workers_busy=0 level=DEBUG
2026-03-14 02:15:30.733 runner heartbeat queue_depth=4 workers_busy=1 level=DEBUG
2026-03-14 02:41:36.282 runner heartbeat queue_depth=4 workers_busy=3 level=DEBUG
2026-03-14 02:38:27.610 runner heartbeat queue_depth=1 workers_busy=1 level=DEBUG
2026-03-14 02:53:43.938 runner heartbeat queue_depth=2 workers_busy=3 level=DEBUG
2026-03-14 03:13:11.601 runner heartbeat queue_depth=4 workers_busy=0 level=DEBUG
2026-03-14 03:06:46.874 runner heartbeat queue_depth=7 workers_busy=0 level=DEBUG
2026-03-14 02:37:43.616 runner heartbeat queue_depth=5 workers_busy=2 level=DEBUG
2026-03-14 03:07:41.964 runner heartbeat queue_depth=3 workers_busy=0 level=DEBUG
2026-03-14 02:17:57.188 runner heartbeat queue_depth=0 workers_busy=0 level=DEBUG
2026-03-14 02:25:23.391 runner heartbeat queue_depth=1 workers_busy=2 level=DEBUG
2026-03-14 03:02:35.321 runner heartbeat queue_depth=1 workers_busy=0 level=DEBUG
2026-03-14 02:26:20.264 runner heartbeat queue_depth=3 workers_busy=2 level=DEBUG
2026-03-14 03:16:47.089 runner heartbeat queue_depth=8 workers_busy=1 level=DEBUG
2026-03-14 03:15:02.422 runner heartbeat queue_depth=1 workers_busy=0 level=DEBUG
2026-03-14 02:58:45.914 runner heartbeat queue_depth=3 workers_busy=2 level=DEBUG
2026-03-14 03:07:09.313 runner heartbeat queue_depth=7 workers_busy=1 level=DEBUG
2026-03-14 02:47:00.921 runner heartbeat queue_depth=7 workers_busy=3 level=DEBUG
2026-03-14 02:56:05.265 runner heartbeat queue_depth=4 workers_busy=2 level=DEBUG
2026-03-14 02:37:25.402 runner heartbeat queue_depth=5 workers_busy=3 level=DEBUG
2026-03-14 02:25:21.385 runner heartbeat queue_depth=2 workers_busy=0 level=DEBUG
2026-03-14 02:41:43.024 runner heartbeat queue_depth=0 workers_busy=1 level=DEBUG
2026-03-14 02:52:55.444 runner heartbeat queue_depth=3 workers_busy=3 level=DEBUG
2026-03-14 02:16:37.016 runner heartbeat queue_depth=0 workers_busy=3 level=DEBUG
2026-03-14 02:06:36.355 runner heartbeat queue_depth=7 workers_busy=2 level=DEBUG
2026-03-14 02:30:22.850 runner heartbeat queue_depth=3 workers_busy=2 level=DEBUG
2026-03-14 03:12:57.499 runner heartbeat queue_depth=5 workers_busy=1 level=DEBUG
2026-03-14 02:02:10.457 runner heartbeat queue_depth=2 workers_busy=0 level=DEBUG
2026-03-14 02:17:15.968 runner heartbeat queue_depth=2 workers_busy=2 level=DEBUG
2026-03-14 02:38:06.468 runner heartbeat queue_depth=7 workers_busy=1 level=DEBUG
2026-03-14 02:59:23.574 runner heartbeat queue_depth=0 workers_busy=2 level=DEBUG
2026-03-14 02:50:12.027 runner heartbeat queue_depth=2 workers_busy=2 level=DEBUG
2026-03-14 03:02:33.846 runner heartbeat queue_depth=2 workers_busy=0 level=DEBUG
2026-03-14 02:49:43.331 runner heartbeat queue_depth=4 workers_busy=3 level=DEBUG
2026-03-14 02:47:04.872 runner heartbeat queue_depth=8 workers_busy=1 level=DEBUG
2026-03-14 02:44:20.774 runner heartbeat queue_depth=8 workers_busy=3 level=DEBUG
2026-03-14 02:01:46.113 runner heartbeat queue_depth=4 workers_busy=2 level=DEBUG
2026-03-14 02:02:03.249 runner heartbeat queue_depth=8 workers_busy=0 level=DEBUG
2026-03-14 03:05:05.745 runner heartbeat queue_depth=1 workers_busy=0 level=DEBUG
2026-03-14 02:44:19.468 runner heartbeat queue_depth=6 workers_busy=0 level=DEBUG
2026-03-14 02:49:00.349 runner heartbeat queue_depth=4 workers_busy=0 level=DEBUG
2026-03-14 03:07:21.083 runner heartbeat queue_depth=7 workers_busy=0 level=DEBUG
2026-03-14 03:08:09.306 runner heartbeat queue_depth=1 workers_busy=1 level=DEBUG
2026-03-14 02:31:02.137 runner heartbeat queue_depth=2 workers_busy=2 level=DEBUG
2026-03-14 02:14:48.185 runner heartbeat queue_depth=6 workers_busy=1 level=DEBUG
2026-03-14 02:41:41.452 runner heartbeat queue_depth=0 workers_busy=0 level=DEBUG
2026-03-14 03:16:47.775 runner heartbeat queue_depth=8 workers_busy=1 level=DEBUG
2026-03-14 02:27:54.971 runner heartbeat queue_depth=2 workers_busy=0 level=DEBUG
2026-03-14 02:16:20.374 runner heartbeat queue_depth=2 workers_busy=2 level=DEBUG
2026-03-14 02:41:24.038 runner heartbeat queue_depth=0 workers_busy=3 level=DEBUG
2026-03-14 02:33:18.625 runner heartbeat queue_depth=8 workers_busy=0 level=DEBUG
2026-03-14 03:15:33.165 runner heartbeat queue_depth=4 workers_busy=0 level=DEBUG
2026-03-14 02:22:15.519 runner heartbeat queue_depth=6 workers_busy=2 level=DEBUG
2026-03-14 03:04:04.164 runner heartbeat queue_depth=8 workers_busy=2 level=DEBUG
2026-03-14 02:33:11.160 runner heartbeat queue_depth=8 workers_busy=3 level=DEBUG
2026-03-14 02:58:05.965 runner heartbeat queue_depth=3 workers_busy=2 level=DEBUG
2026-03-14 03:06:47.009 runner heartbeat queue_depth=2 workers_busy=3 level=DEBUG
2026-03-14 02:39:37.897 runner heartbeat queue_depth=0 workers_busy=0 level=DEBUG
2026-03-14 02:40:34.810 runner heartbeat queue_depth=5 workers_busy=2 level=DEBUG
2026-03-14 02:43:28.974 runner heartbeat queue_depth=8 workers_busy=1 level=DEBUG
2026-03-14 02:46:47.975 runner heartbeat queue_depth=4 workers_busy=0 level=DEBUG
2026-03-14 03:13:51.234 runner heartbeat queue_depth=6 workers_busy=2 level=DEBUG
2026-03-14 02:52:49.406 runner heartbeat queue_depth=0 workers_busy=2 level=DEBUG
2026-03-14 03:17:56.519 runner heartbeat queue_depth=6 workers_busy=1 level=DEBUG
2026-03-14 02:57:05.013 runner heartbeat queue_depth=0 workers_busy=1 level=DEBUG
2026-03-14 03:05:14.769 runner heartbeat queue_depth=0 workers_busy=2 level=DEBUG
2026-03-14 03:07:16.697 runner heartbeat queue_depth=6 workers_busy=1 level=DEBUG
2026-03-14 02:11:24.131 runner heartbeat queue_depth=3 workers_busy=1 level=DEBUG
2026-03-14 02:34:46.639 runner heartbeat queue_depth=1 workers_busy=0 level=DEBUG
2026-03-14 02:32:18.298 runner heartbeat queue_depth=1 workers_busy=0 level=DEBUG
2026-03-14 02:15:38.657 runner heartbeat queue_depth=6 workers_busy=2 level=DEBUG
2026-03-14 03:12:23.183 runner heartbeat queue_depth=4 workers_busy=2 level=DEBUG
2026-03-14 02:23:16.763 runner heartbeat queue_depth=2 workers_busy=1 level=DEBUG
2026-03-14 03:00:02.370 runner heartbeat queue_depth=2 workers_busy=3 level=DEBUG
2026-03-14 03:09:00.593 runner heartbeat queue_depth=1 workers_busy=1 level=DEBUG
2026-03-14 02:22:29.659 runner heartbeat queue_depth=4 workers_busy=1 level=DEBUG
2026-03-14 03:13:03.639 runner heartbeat queue_depth=3 workers_busy=3 level=DEBUG
2026-03-14 02:44:16.270 runner heartbeat queue_depth=5 workers_busy=2 level=DEBUG
2026-03-14 03:09:46.674 runner heartbeat queue_depth=8 workers_busy=3 level=DEBUG
2026-03-14 03:15:56.789 runner heartbeat queue_depth=3 workers_busy=2 level=DEBUG
2026-03-14 03:02:18.954 runner heartbeat queue_depth=8 workers_busy=0 level=DEBUG
2026-03-14 03:15:09.990 runner heartbeat queue_depth=2 workers_busy=3 level=DEBUG
2026-03-14 03:08:38.941 runner heartbeat queue_depth=5 workers_busy=3 level=DEBUG
2026-03-14 02:46:32.826 runner heartbeat queue_depth=3 workers_busy=0 level=DEBUG
2026-03-14 02:32:11.296 runner heartbeat queue_depth=1 workers_busy=2 level=DEBUG
2026-03-14 02:23:00.811 runner heartbeat queue_depth=3 workers_busy=0 level=DEBUG
2026-03-14 02:17:44.071 runner heartbeat queue_depth=0 workers_busy=0 level=DEBUG
2026-03-14 02:40:00.203 runner heartbeat queue_depth=3 workers_busy=3 level=DEBUG
2026-03-14 03:18:36.184 runner heartbeat queue_depth=2 workers_busy=1 level=DEBUG
2026-03-14 03:08:39.779 runner heartbeat queue_depth=2 workers_busy=3 level=DEBUG
2026-03-14 02:42:00.914 runner heartbeat queue_depth=5 workers_busy=1 level=DEBUG
2026-03-14 02:05:21.387 runner heartbeat queue_depth=5 workers_busy=0 level=DEBUG
2026-03-14 02:13:24.333 runner heartbeat queue_depth=8 workers_busy=3 level=DEBUG
2026-03-14 03:16:50.963 runner heartbeat queue_depth=7 workers_busy=3 level=DEBUG
2026-03-14 02:27:37.711 runner heartbeat queue_depth=6 workers_busy=0 level=DEBUG
2026-03-14 02:29:02.663 runner heartbeat queue_depth=1 workers_busy=1 level=DEBUG
2026-03-14 03:12:30.260 runner heartbeat queue_depth=0 workers_busy=2 level=DEBUG
2026-03-14 03:16:13.246 runner heartbeat queue_depth=6 workers_busy=2 level=DEBUG
2026-03-14 03:04:36.709 runner heartbeat queue_depth=8 workers_busy=3 level=DEBUG
2026-03-14 02:31:13.645 runner heartbeat queue_depth=5 workers_busy=2 level=DEBUG
2026-03-14 03:16:30.475 runner heartbeat queue_depth=3 workers_busy=3 level=DEBUG
2026-03-14 02:05:45.749 runner heartbeat queue_depth=3 workers_busy=2 level=DEBUG
2026-03-14 03:16:38.950 runner heartbeat queue_depth=4 workers_busy=2 level=DEBUG
2026-03-14 02:42:17.257 runner heartbeat queue_depth=7 workers_busy=1 level=DEBUG
2026-03-14 02:58:31.500 runner heartbeat queue_depth=4 workers_busy=2 level=DEBUG
2026-03-14 02:12:36.397 runner heartbeat queue_depth=2 workers_busy=0 level=DEBUG
2026-03-14 02:44:52.725 runner heartbeat queue_depth=7 workers_busy=1 level=DEBUG
2026-03-14 02:43:05.246 runner heartbeat queue_depth=1 workers_busy=3 level=DEBUG
2026-03-14 02:13:26.200 runner heartbeat queue_depth=5 workers_busy=2 level=DEBUG
2026-03-14 03:12:02.861 runner heartbeat queue_depth=6 workers_busy=3 level=DEBUG
2026-03-14 02:58:01.948 runner heartbeat queue_depth=5 workers_busy=2 level=DEBUG
2026-03-14 02:51:41.208 runner heartbeat queue_depth=5 workers_busy=3 level=DEBUG
2026-03-14 03:18:10.853 runner heartbeat queue_depth=0 workers_busy=0 level=DEBUG
2026-03-14 02:53:00.565 runner heartbeat queue_depth=6 workers_busy=1 level=DEBUG
2026-03-14 02:20:36.722 runner heartbeat queue_depth=6 workers_busy=1 level=DEBUG
2026-03-14 02:26:48.446 runner heartbeat queue_depth=4 workers_busy=3 level=DEBUG
2026-03-14 02:03:38.872 runner heartbeat queue_depth=2 workers_busy=3 level=DEBUG
2026-03-14 02:00:51.760 runner heartbeat queue_depth=1 workers_busy=2 level=DEBUG
2026-03-14 02:24:05.085 runner heartbeat queue_depth=4 workers_busy=3 level=DEBUG
2026-03-14 02:37:12.858 runner heartbeat queue_depth=2 workers_busy=3 level=DEBUG
2026-03-14 02:08:47.273 runner heartbeat queue_depth=4 workers_busy=2 level=DEBUG
2026-03-14 02:34:42.594 runner heartbeat queue_depth=4 workers_busy=0 level=DEBUG
2026-03-14 03:09:36.480 runner heartbeat queue_depth=6 workers_busy=2 level=DEBUG
2026-03-14 02:49:31.733 runner heartbeat queue_depth=2 workers_busy=2 level=DEBUG
2026-03-14 02:39:27.292 runner heartbeat queue_depth=5 workers_busy=0 level=DEBUG
2026-03-14 02:07:25.219 runner heartbeat queue_depth=6 workers_busy=0 level=DEBUG
2026-03-14 02:47:09.031 runner heartbeat queue_depth=4 workers_busy=2 level=DEBUG
2026-03-14 02:00:40.916 runner heartbeat queue_depth=0 workers_busy=0 level=DEBUG
2026-03-14 02:42:00.328 runner heartbeat queue_depth=2 workers_busy=2 level=DEBUG
2026-03-14 02:56:57.177 runner heartbeat queue_depth=6 workers_busy=1 level=DEBUG
2026-03-14 02:43:41.135 runner heartbeat queue_depth=3 workers_busy=3 level=DEBUG
2026-03-14 02:34:49.665 runner heartbeat queue_depth=4 workers_busy=3 level=DEBUG
2026-03-14 02:57:47.169 runner heartbeat queue_depth=6 workers_busy=2 level=DEBUG
2026-03-14 02:46:33.523 runner heartbeat queue_depth=4 workers_busy=0 level=DEBUG
2026-03-14 03:00:44.651 runner heartbeat queue_depth=6 workers_busy=0 level=DEBUG
2026-03-14 03:09:15.111 runner heartbeat queue_depth=2 workers_busy=3 level=DEBUG
2026-03-14 02:34:44.908 runner heartbeat queue_depth=1 workers_busy=0 level=DEBUG
2026-03-14 03:17:15.196 runner heartbeat queue_depth=7 workers_busy=2 level=DEBUG
2026-03-14 02:19:14.673 runner heartbeat queue_depth=8 workers_busy=0 level=DEBUG
2026-03-14 02:13:11.783 runner heartbeat queue_depth=1 workers_busy=0 level=DEBUG
2026-03-14 02:47:07.784 runner heartbeat queue_depth=3 workers_busy=3 level=DEBUG
2026-03-14 03:13:47.016 runner heartbeat queue_depth=8 workers_busy=3 level=DEBUG
2026-03-14 02:20:20.145 runner heartbeat queue_depth=0 workers_busy=1 level=DEBUG
2026-03-14 02:36:23.604 runner heartbeat queue_depth=2 workers_busy=2 level=DEBUG
2026-03-14 02:59:58.558 runner heartbeat queue_depth=8 workers_busy=0 level=DEBUG
2026-03-14 02:28:23.810 runner heartbeat queue_depth=6 workers_busy=2 level=DEBUG
2026-03-14 02:16:18.219 runner heartbeat queue_depth=5 workers_busy=2 level=DEBUG
2026-03-14 02:51:15.905 runner heartbeat queue_depth=2 workers_busy=3 level=DEBUG
2026-03-14 03:09:44.165 runner heartbeat queue_depth=5 workers_busy=2 level=DEBUG
2026-03-14 02:09:18.257 runner heartbeat queue_depth=5 workers_busy=3 level=DEBUG
2026-03-14 02:04:58.254 runner heartbeat queue_depth=8 workers_busy=1 level=DEBUG
2026-03-14 02:01:04.312 runner heartbeat queue_depth=1 workers_busy=2 level=DEBUG
2026-03-14 03:13:46.717 runner heartbeat queue_depth=2 workers_busy=0 level=DEBUG
2026-03-14 03:12:01.009 runner heartbeat queue_depth=2 workers_busy=2 level=DEBUG
2026-03-14 02:19:48.639 runner heartbeat queue_depth=0 workers_busy=1 level=DEBUG
2026-03-14 02:28:48.827 runner heartbeat queue_depth=2 workers_busy=1 level=DEBUG
2026-03-14 03:01:15.550 runner heartbeat queue_depth=7 workers_busy=1 level=DEBUG
2026-03-14 03:05:40.561 runner heartbeat queue_depth=0 workers_busy=2 level=DEBUG
2026-03-14 02:02:41.923 runner heartbeat queue_depth=8 workers_busy=2 level=DEBUG
2026-03-14 02:27:20.366 runner heartbeat queue_depth=3 workers_busy=0 level=DEBUG
2026-03-14 02:55:43.113 runner heartbeat queue_depth=0 workers_busy=3 level=DEBUG
2026-03-14 02:51:05.912 runner heartbeat queue_depth=3 workers_busy=3 level=DEBUG
2026-03-14 02:17:40.743 runner heartbeat queue_depth=1 workers_busy=1 level=DEBUG
2026-03-14 02:37:49.472 runner heartbeat queue_depth=0 workers_busy=2 level=DEBUG
2026-03-14 02:14:16.114 runner heartbeat queue_depth=3 workers_busy=0 level=DEBUG
2026-03-14 02:12:17.600 runner heartbeat queue_depth=4 workers_busy=2 level=DEBUG
2026-03-14 03:15:33.410 runner heartbeat queue_depth=5 workers_busy=3 level=DEBUG
2026-03-14 02:46:53.025 runner heartbeat queue_depth=0 workers_busy=2 level=DEBUG
2026-03-14 02:23:38.766 runner heartbeat queue_depth=3 workers_busy=1 level=DEBUG
2026-03-14 02:07:41.975 runner heartbeat queue_depth=8 workers_busy=3 level=DEBUG
2026-03-14 03:03:49.155 runner heartbeat queue_depth=7 workers_busy=3 level=DEBUG
2026-03-14 03:07:23.441 runner heartbeat queue_depth=2 workers_busy=1 level=DEBUG
2026-03-14 03:00:27.825 runner heartbeat queue_depth=3 workers_busy=1 level=DEBUG
2026-03-14 02:28:30.309 runner heartbeat queue_depth=5 workers_busy=0 level=DEBUG
2026-03-14 03:06:32.353 runner heartbeat queue_depth=2 workers_busy=0 level=DEBUG
2026-03-14 02:59:09.355 runner heartbeat queue_depth=7 workers_busy=0 level=DEBUG
2026-03-14 02:39:05.494 runner heartbeat queue_depth=0 workers_busy=3 level=DEBUG
2026-03-14 02:10:38.907 runner heartbeat queue_depth=6 workers_busy=2 level=DEBUG
2026-03-14 03:03:53.127 runner heartbeat queue_depth=5 workers_busy=1 level=DEBUG
2026-03-14 03:11:01.865 runner heartbeat queue_depth=4 workers_busy=2 level=DEBUG
2026-03-14 02:17:09.466 runner heartbeat queue_depth=5 workers_busy=0 level=DEBUG
2026-03-14 02:21:27.981 runner heartbeat queue_depth=3 workers_busy=3 level=DEBUG
2026-03-14 03:04:03.455 runner heartbeat queue_depth=3 workers_busy=2 level=DEBUG
2026-03-14 02:48:28.030 runner heartbeat queue_depth=2 workers_busy=1 level=DEBUG
2026-03-14 02:37:37.959 runner heartbeat queue_depth=6 workers_busy=0 level=DEBUG
2026-03-14 02:26:23.662 runner heartbeat queue_depth=1 workers_busy=0 level=DEBUG
2026-03-14 02:37:02.679 runner heartbeat queue_depth=0 workers_busy=1 level=DEBUG
2026-03-14 02:28:14.930 runner heartbeat queue_depth=1 workers_busy=3 level=DEBUG
2026-03-14 02:32:13.897 runner heartbeat queue_depth=7 workers_busy=2 level=DEBUG
2026-03-14 02:56:37.978 runner heartbeat queue_depth=4 workers_busy=2 level=DEBUG
2026-03-14 02:10:58.649 runner heartbeat queue_depth=0 workers_busy=1 level=DEBUG
2026-03-14 02:16:11.057 runner heartbeat queue_depth=8 workers_busy=3 level=DEBUG
