2026-03-14 02:00:04.739 edge /healthz status=200 upstream=B rt_ms=296 bytes=21036
2026-03-14 02:00:09.657 edge /api/events status=200 upstream=B rt_ms=295 bytes=8124
2026-03-14 02:00:09.976 edge /api/events status=500 upstream=B rt_ms=140 bytes=13277
2026-03-14 02:00:11.651 edge /static/style.css status=200 upstream=B rt_ms=159 bytes=7109
2026-03-14 02:00:12.015 edge /static/style.css status=200 upstream=B rt_ms=351 bytes=36184
2026-03-14 02:00:12.528 edge /api/events status=200 upstream=B rt_ms=306 bytes=17948
2026-03-14 02:00:14.923 edge / status=200 upstream=B rt_ms=150 bytes=30185
2026-03-14 02:00:15.456 edge /static/style.css status=500 upstream=B rt_ms=319 bytes=4213
2026-03-14 02:00:15.543 edge /api/events status=200 upstream=B rt_ms=42 bytes=8985
2026-03-14 02:00:16.311 edge /healthz status=200 upstream=B rt_ms=33 bytes=1557
2026-03-14 02:00:16.487 edge /api/events status=200 upstream=B rt_ms=221 bytes=867
2026-03-14 02:00:16.651 edge /api/events status=200 upstream=B rt_ms=389 bytes=39040
2026-03-14 02:00:17.518 edge /static/style.css status=200 upstream=B rt_ms=109 bytes=30183
2026-03-14 02:00:18.116 edge / status=200 upstream=B rt_ms=385 bytes=39053
2026-03-14 02:00:18.907 edge /api/orders status=200 upstream=B rt_ms=139 bytes=39933
2026-03-14 02:00:19.743 edge /api/orders status=200 upstream=B rt_ms=178 bytes=27130
2026-03-14 02:00:21.772 edge /api/orders status=200 upstream=B rt_ms=80 bytes=32031
2026-03-14 02:00:23.266 edge /healthz status=200 upstream=B rt_ms=387 bytes=17088
2026-03-14 02:00:25.258 edge /api/orders status=200 upstream=B rt_ms=165 bytes=34916
2026-03-14 02:00:26.009 edge /static/style.css status=200 upstream=B rt_ms=257 bytes=5140
2026-03-14 02:00:27.496 edge /healthz status=200 upstream=B rt_ms=380 bytes=10810
2026-03-14 02:00:28.126 edge /healthz status=200 upstream=B rt_ms=390 bytes=22224
2026-03-14 02:00:29.257 edge /api/events status=500 upstream=B rt_ms=186 bytes=33664
2026-03-14 02:00:29.482 edge /static/style.css status=200 upstream=B rt_ms=254 bytes=41815
2026-03-14 02:00:30.234 edge /healthz status=200 upstream=B rt_ms=364 bytes=7865
2026-03-14 02:00:30.884 edge /api/orders status=200 upstream=B rt_ms=390 bytes=28759
2026-03-14 02:00:31.991 edge /api/events status=200 upstream=B rt_ms=82 bytes=36770
2026-03-14 02:00:32.739 edge /static/style.css status=200 upstream=B rt_ms=236 bytes=14341
2026-03-14 02:00:35.497 edge /healthz status=200 upstream=B rt_ms=3 bytes=27772
2026-03-14 02:00:38.076 edge /healthz status=200 upstream=B rt_ms=392 bytes=3849
2026-03-14 02:00:38.749 edge /api/orders status=200 upstream=B rt_ms=342 bytes=28742
2026-03-14 02:00:39.250 edge /healthz status=200 upstream=B rt_ms=340 bytes=2889
2026-03-14 02:00:39.288 edge /static/style.css status=200 upstream=B rt_ms=135 bytes=32164
2026-03-14 02:00:40.446 edge /api/events status=200 upstream=B rt_ms=235 bytes=37801
2026-03-14 02:00:40.608 edge /healthz status=200 upstream=B rt_ms=173 bytes=7359
2026-03-14 02:00:43.939 edge / status=200 upstream=B rt_ms=184 bytes=5723
2026-03-14 02:00:45.500 edge /api/events status=200 upstream=B rt_ms=368 bytes=31658
2026-03-14 02:00:46.054 edge / status=200 upstream=B rt_ms=333 bytes=30703
2026-03-14 02:00:46.176 edge /healthz status=200 upstream=B rt_ms=191 bytes=19405
2026-03-14 02:00:46.277 edge /api/events status=200 upstream=B rt_ms=264 bytes=37664
2026-03-14 02:00:50.230 edge /healthz status=404 upstream=B rt_ms=220 bytes=35112
2026-03-14 02:00:50.864 edge /static/style.css status=200 upstream=B rt_ms=289 bytes=37267
2026-03-14 02:00:51.158 edge /static/style.css status=200 upstream=B rt_ms=303 bytes=21577
2026-03-14 02:00:53.550 edge /api/orders status=200 upstream=B rt_ms=386 bytes=29985
2026-03-14 02:00:53.932 edge /api/events status=200 upstream=B rt_ms=48 bytes=317
2026-03-14 02:00:55.522 edge / status=200 upstream=B rt_ms=277 bytes=12733
2026-03-14 02:00:55.542 edge /api/orders status=500 upstream=B rt_ms=47 bytes=31381
2026-03-14 02:00:55.967 edge /healthz status=200 upstream=B rt_ms=48 bytes=37446
2026-03-14 02:00:57.090 edge / status=200 upstream=B rt_ms=339 bytes=4321
2026-03-14 02:00:57.170 edge /static/style.css status=200 upstream=B rt_ms=275 bytes=40232
2026-03-14 02:01:02.625 edge /healthz status=200 upstream=B rt_ms=43 bytes=7743
2026-03-14 02:01:03.402 edge /static/style.css status=200 upstream=B rt_ms=163 bytes=17399
2026-03-14 02:01:03.597 edge /static/style.css status=200 upstream=B rt_ms=168 bytes=629
2026-03-14 02:01:05.897 edge /api/events status=200 upstream=B rt_ms=355 bytes=32060
2026-03-14 02:01:06.095 edge /healthz status=200 upstream=B rt_ms=279 bytes=7246
2026-03-14 02:01:06.987 edge / status=200 upstream=B rt_ms=237 bytes=26552
2026-03-14 02:01:07.430 edge / status=200 upstream=B rt_ms=41 bytes=31032
2026-03-14 02:01:11.086 edge /healthz status=200 upstream=B rt_ms=278 bytes=10359
2026-03-14 02:01:11.734 edge /api/events status=200 upstream=B rt_ms=225 bytes=18921
2026-03-14 02:01:13.303 edge /api/events status=200 upstream=B rt_ms=243 bytes=41191
2026-03-14 02:01:14.429 edge /api/orders status=200 upstream=B rt_ms=353 bytes=22550
2026-03-14 02:01:14.803 edge /api/events status=200 upstream=B rt_ms=158 bytes=6146
2026-03-14 02:01:16.009 edge /api/orders status=200 upstream=B rt_ms=243 bytes=36922
2026-03-14 02:01:16.786 edge /static/style.css status=200 upstream=B rt_ms=382 bytes=11900
2026-03-14 02:01:17.019 edge / status=500 upstream=B rt_ms=378 bytes=23589
2026-03-14 02:01:23.118 edge /static/style.css status=200 upstream=B rt_ms=170 bytes=15657
2026-03-14 02:01:23.351 edge /api/events status=200 upstream=B rt_ms=91 bytes=14585
2026-03-14 02:01:23.367 edge /static/style.css status=200 upstream=B rt_ms=102 bytes=39500
2026-03-14 02:01:25.493 edge /api/events status=200 upstream=B rt_ms=105 bytes=26380
2026-03-14 02:01:27.316 edge / status=200 upstream=B rt_ms=100 bytes=12154
2026-03-14 02:01:28.031 edge /api/events status=200 upstream=B rt_ms=65 bytes=7054
2026-03-14 02:01:28.534 edge /api/events status=200 upstream=B rt_ms=34 bytes=8226
2026-03-14 02:01:29.788 edge /api/events status=200 upstream=B rt_ms=125 bytes=12722
2026-03-14 02:01:31.755 edge /healthz status=200 upstream=B rt_ms=212 bytes=19959
2026-03-14 02:01:33.413 edge /static/style.css status=200 upstream=B rt_ms=265 bytes=31124
2026-03-14 02:01:33.464 edge / status=200 upstream=B rt_ms=279 bytes=30308
2026-03-14 02:01:35.190 edge /healthz status=200 upstream=B rt_ms=335 bytes=32405
2026-03-14 02:01:35.700 edge /static/style.css status=200 upstream=B rt_ms=277 bytes=17628
2026-03-14 02:01:38.599 edge /static/style.css status=200 upstream=B rt_ms=18 bytes=7342
2026-03-14 02:01:40.794 edge /api/orders status=200 upstream=B rt_ms=338 bytes=24561
2026-03-14 02:01:42.973 edge / status=200 upstream=B rt_ms=379 bytes=31967
2026-03-14 02:01:43.248 edge /healthz status=200 upstream=B rt_ms=363 bytes=21901
2026-03-14 02:01:45.539 edge / status=200 upstream=B rt_ms=345 bytes=29871
2026-03-14 02:01:46.642 edge /healthz status=500 upstream=B rt_ms=298 bytes=27306
2026-03-14 02:01:48.239 edge /healthz status=200 upstream=B rt_ms=120 bytes=25183
2026-03-14 02:01:49.944 edge /healthz status=200 upstream=B rt_ms=35 bytes=23736
2026-03-14 02:01:52.427 edge /static/style.css status=200 upstream=B rt_ms=80 bytes=8681
2026-03-14 02:01:52.965 edge /api/events status=500 upstream=B rt_ms=349 bytes=41339
2026-03-14 02:01:56.358 edge / status=200 upstream=B rt_ms=73 bytes=29000
2026-03-14 02:01:56.811 edge / status=200 upstream=B rt_ms=258 bytes=8591
2026-03-14 02:01:57.580 edge /api/events status=200 upstream=B rt_ms=340 bytes=16781
2026-03-14 02:01:57.665 edge /api/events status=200 upstream=B rt_ms=224 bytes=41970
2026-03-14 02:01:57.742 edge /healthz status=200 upstream=B rt_ms=330 bytes=11327
2026-03-14 02:01:57.820 edge / status=200 upstream=B rt_ms=135 bytes=25634
2026-03-14 02:01:58.219 edge /healthz status=200 upstream=B rt_ms=240 bytes=9558
2026-03-14 02:01:58.760 edge /api/events status=200 upstream=B rt_ms=34 bytes=36179
2026-03-14 02:02:00.159 edge /api/orders status=200 upstream=B rt_ms=90 bytes=32057
2026-03-14 02:02:00.171 edge / status=200 upstream=B rt_ms=18 bytes=23018
2026-03-14 02:02:00.708 edge / status=200 upstream=B rt_ms=212 bytes=3622
2026-03-14 02:02:00.884 edge /api/orders status=200 upstream=B rt_ms=227 bytes=25960
2026-03-14 02:02:02.899 edge /healthz status=200 upstream=B rt_ms=147 bytes=23875
2026-03-14 02:02:03.857 edge / status=200 upstream=B rt_ms=241 bytes=37619
2026-03-14 02:02:04.384 edge /api/events status=200 upstream=B rt_ms=174 bytes=29953
2026-03-14 02:02:07.075 edge /api/orders status=200 upstream=B rt_ms=15 bytes=5952
2026-03-14 02:02:08.593 edge /api/events status=200 upstream=B rt_ms=360 bytes=3842
2026-03-14 02:02:09.356 edge /healthz status=500 upstream=B rt_ms=247 bytes=14421
2026-03-14 02:02:10.506 edge / status=200 upstream=B rt_ms=304 bytes=15547
2026-03-14 02:02:12.499 edge /healthz status=200 upstream=B rt_ms=83 bytes=23665
2026-03-14 02:02:14.289 edge /api/events status=200 upstream=B rt_ms=373 bytes=19845
2026-03-14 02:02:16.728 edge /healthz status=200 upstream=B rt_ms=96 bytes=6409
2026-03-14 02:02:17.141 edge /api/events status=200 upstream=B rt_ms=103 bytes=30400
2026-03-14 02:02:18.040 edge /api/events status=200 upstream=B rt_ms=160 bytes=10716
2026-03-14 02:02:18.714 edge /static/style.css status=200 upstream=B rt_ms=163 bytes=34599
2026-03-14 02:02:18.877 edge /api/orders status=200 upstream=B rt_ms=194 bytes=22421
2026-03-14 02:02:19.114 edge / status=200 upstream=B rt_ms=211 bytes=6943
2026-03-14 02:02:19.541 edge /healthz status=500 upstream=B rt_ms=278 bytes=10858
2026-03-14 02:02:19.708 edge /healthz status=200 upstream=B rt_ms=299 bytes=37747
2026-03-14 02:02:22.399 edge / status=200 upstream=B rt_ms=246 bytes=10994
2026-03-14 02:02:23.539 edge / status=200 upstream=B rt_ms=273 bytes=29004
2026-03-14 02:02:25.651 edge /api/orders status=200 upstream=B rt_ms=347 bytes=38771
2026-03-14 02:02:25.799 edge /api/orders status=200 upstream=B rt_ms=399 bytes=1198
2026-03-14 02:02:27.230 edge /healthz status=200 upstream=B rt_ms=311 bytes=40646
2026-03-14 02:02:27.911 edge / status=200 upstream=B rt_ms=25 bytes=22251
2026-03-14 02:02:28.150 edge /api/events status=200 upstream=B rt_ms=305 bytes=6484
2026-03-14 02:02:28.903 edge /healthz status=200 upstream=B rt_ms=182 bytes=8418
2026-03-14 02:02:29.636 edge /healthz status=200 upstream=B rt_ms=343 bytes=10381
2026-03-14 02:02:31.696 edge /api/orders status=200 upstream=B rt_ms=144 bytes=30760
2026-03-14 02:02:32.134 edge / status=200 upstream=B rt_ms=361 bytes=13906
2026-03-14 02:02:33.012 edge /api/events status=200 upstream=B rt_ms=376 bytes=16708
2026-03-14 02:02:33.851 edge /api/orders status=200 upstream=B rt_ms=95 bytes=5692
2026-03-14 02:02:34.314 edge /healthz status=200 upstream=B rt_ms=239 bytes=34080
2026-03-14 02:02:35.027 edge / status=200 upstream=B rt_ms=270 bytes=39617
2026-03-14 02:02:35.170 edge / status=200 upstream=B rt_ms=241 bytes=40512
2026-03-14 02:02:35.824 edge / status=200 upstream=B rt_ms=393 bytes=35880
2026-03-14 02:02:35.931 edge /api/events status=200 upstream=B rt_ms=324 bytes=29726
2026-03-14 02:02:41.182 edge / status=200 upstream=B rt_ms=394 bytes=15384
2026-03-14 02:02:41.340 edge /static/style.css status=200 upstream=B rt_ms=67 bytes=16605
2026-03-14 02:02:41.736 edge /api/events status=200 upstream=B rt_ms=295 bytes=18053
2026-03-14 02:02:41.883 edge / status=200 upstream=B rt_ms=247 bytes=34289
2026-03-14 02:02:43.023 edge /api/orders status=200 upstream=B rt_ms=399 bytes=38294
2026-03-14 02:02:44.505 edge / status=200 upstream=B rt_ms=92 bytes=3924
2026-03-14 02:02:44.824 edge /static/style.css status=200 upstream=B rt_ms=264 bytes=36869
2026-03-14 02:02:46.050 edge /static/style.css status=200 upstream=B rt_ms=134 bytes=30244
2026-03-14 02:02:46.348 edge /healthz status=200 upstream=B rt_ms=154 bytes=8611
2026-03-14 02:02:46.547 edge /api/events status=200 upstream=B rt_ms=230 bytes=30558
2026-03-14 02:02:48.417 edge /api/orders status=200 upstream=B rt_ms=250 bytes=32886
2026-03-14 02:02:50.944 edge /api/events status=200 upstream=B rt_ms=296 bytes=6745
2026-03-14 02:02:51.152 edge / status=200 upstream=B rt_ms=386 bytes=37766
2026-03-14 02:02:52.368 edge /healthz status=200 upstream=B rt_ms=17 bytes=4191
2026-03-14 02:02:52.543 edge /static/style.css status=500 upstream=B rt_ms=204 bytes=30155
2026-03-14 02:02:52.783 edge /api/events status=200 upstream=B rt_ms=335 bytes=13888
2026-03-14 02:02:54.181 edge /api/orders status=500 upstream=B rt_ms=202 bytes=18749
2026-03-14 02:02:55.561 edge /static/style.css status=200 upstream=B rt_ms=337 bytes=32975
2026-03-14 02:02:55.615 edge / status=200 upstream=B rt_ms=203 bytes=2078
2026-03-14 02:02:56.398 edge /healthz status=200 upstream=B rt_ms=177 bytes=27463
2026-03-14 02:02:57.226 edge /static/style.css status=404 upstream=B rt_ms=66 bytes=6205
2026-03-14 02:02:59.108 edge /api/events status=200 upstream=B rt_ms=314 bytes=9370
2026-03-14 02:03:00.323 edge /api/orders status=200 upstream=B rt_ms=120 bytes=32451
2026-03-14 02:03:03.179 edge / status=200 upstream=B rt_ms=88 bytes=4933
2026-03-14 02:03:03.588 edge /api/events status=200 upstream=B rt_ms=396 bytes=13333
2026-03-14 02:03:05.313 edge /api/events status=200 upstream=B rt_ms=36 bytes=10621
2026-03-14 02:03:05.958 edge /healthz status=200 upstream=B rt_ms=170 bytes=41131
2026-03-14 02:03:06.351 edge /api/orders status=500 upstream=B rt_ms=81 bytes=35312
2026-03-14 02:03:06.848 edge /api/orders status=200 upstream=B rt_ms=347 bytes=29944
2026-03-14 02:03:08.185 edge /api/orders status=200 upstream=B rt_ms=89 bytes=40344
2026-03-14 02:03:08.217 edge /static/style.css status=200 upstream=B rt_ms=223 bytes=25477
2026-03-14 02:03:08.550 edge / status=500 upstream=B rt_ms=253 bytes=3460
2026-03-14 02:03:08.814 edge /static/style.css status=200 upstream=B rt_ms=291 bytes=5772
2026-03-14 02:03:10.296 edge /api/events status=200 upstream=B rt_ms=3 bytes=34682
2026-03-14 02:03:10.385 edge /api/orders status=200 upstream=B rt_ms=316 bytes=30151
2026-03-14 02:03:10.628 edge /static/style.css status=200 upstream=B rt_ms=110 bytes=22438
2026-03-14 02:03:13.118 edge /healthz status=200 upstream=B rt_ms=168 bytes=21612
2026-03-14 02:03:13.223 edge /api/orders status=200 upstream=B rt_ms=232 bytes=29682
2026-03-14 02:03:15.329 edge /healthz status=200 upstream=B rt_ms=271 bytes=5593
2026-03-14 02:03:16.432 edge /api/orders status=200 upstream=B rt_ms=127 bytes=18901
2026-03-14 02:03:16.789 edge /static/style.css status=200 upstream=B rt_ms=245 bytes=25051
2026-03-14 02:03:17.759 edge /api/orders status=200 upstream=B rt_ms=34 bytes=33487
2026-03-14 02:03:18.295 edge /api/events status=404 upstream=B rt_ms=162 bytes=21606
2026-03-14 02:03:18.718 edge /static/style.css status=200 upstream=B rt_ms=101 bytes=36354
2026-03-14 02:03:21.372 edge /api/events status=200 upstream=B rt_ms=88 bytes=34140
2026-03-14 02:03:23.116 edge /healthz status=200 upstream=B rt_ms=38 bytes=340
2026-03-14 02:03:25.023 edge /api/orders status=200 upstream=B rt_ms=241 bytes=23988
2026-03-14 02:03:26.416 edge /healthz status=200 upstream=B rt_ms=279 bytes=12363
2026-03-14 02:03:26.950 edge / status=200 upstream=B rt_ms=303 bytes=41389
2026-03-14 02:03:32.223 edge /static/style.css status=200 upstream=B rt_ms=66 bytes=25904
2026-03-14 02:03:33.084 edge / status=200 upstream=B rt_ms=18 bytes=19322
2026-03-14 02:03:33.913 edge /healthz status=200 upstream=B rt_ms=19 bytes=6148
2026-03-14 02:03:34.806 edge /api/orders status=200 upstream=B rt_ms=374 bytes=3004
2026-03-14 02:03:36.422 edge /static/style.css status=200 upstream=B rt_ms=367 bytes=19874
2026-03-14 02:03:38.763 edge / status=200 upstream=B rt_ms=74 bytes=1758
2026-03-14 02:03:39.515 edge /healthz status=200 upstream=B rt_ms=223 bytes=14621
2026-03-14 02:03:42.129 edge / status=200 upstream=B rt_ms=14 bytes=23743
2026-03-14 02:03:45.600 edge /api/orders status=200 upstream=B rt_ms=301 bytes=36632
2026-03-14 02:03:46.481 edge /static/style.css status=200 upstream=B rt_ms=183 bytes=39248
2026-03-14 02:03:46.707 edge /api/orders status=200 upstream=B rt_ms=81 bytes=17850
2026-03-14 02:03:47.198 edge /static/style.css status=200 upstream=B rt_ms=255 bytes=11959
2026-03-14 02:03:47.350 edge /healthz status=200 upstream=B rt_ms=94 bytes=38053
2026-03-14 02:03:47.425 edge /healthz status=200 upstream=B rt_ms=42 bytes=18202
2026-03-14 02:03:49.042 edge /healthz status=200 upstream=B rt_ms=280 bytes=9821
2026-03-14 02:03:50.892 edge /static/style.css status=200 upstream=B rt_ms=90 bytes=17880
2026-03-14 02:03:51.941 edge /api/orders status=200 upstream=B rt_ms=193 bytes=37083
2026-03-14 02:03:52.426 edge / status=200 upstream=B rt_ms=334 bytes=32320
2026-03-14 02:03:56.867 edge / status=200 upstream=B rt_ms=225 bytes=11502
2026-03-14 02:03:57.762 edge /api/events status=200 upstream=B rt_ms=362 bytes=38832
2026-03-14 02:03:58.674 edge / status=200 upstream=B rt_ms=154 bytes=38748
2026-03-14 02:04:01.296 edge /healthz status=200 upstream=B rt_ms=77 bytes=18075
2026-03-14 02:04:02.271 edge /api/orders status=200 upstream=B rt_ms=128 bytes=6059
2026-03-14 02:04:02.425 edge /static/style.css status=200 upstream=B rt_ms=344 bytes=18677
2026-03-14 02:04:03.847 edge / status=200 upstream=B rt_ms=126 bytes=19498
2026-03-14 02:04:05.170 edge /static/style.css status=200 upstream=B rt_ms=386 bytes=29218
2026-03-14 02:04:06.669 edge /api/events status=200 upstream=B rt_ms=370 bytes=14774
2026-03-14 02:04:06.679 edge / status=200 upstream=B rt_ms=301 bytes=3294
2026-03-14 02:04:07.203 edge /static/style.css status=200 upstream=B rt_ms=242 bytes=894
2026-03-14 02:04:07.775 edge /static/style.css status=200 upstream=B rt_ms=295 bytes=39768
2026-03-14 02:04:08.156 edge /api/events status=200 upstream=B rt_ms=80 bytes=1690
2026-03-14 02:04:09.256 edge /api/orders status=200 upstream=B rt_ms=303 bytes=34330
2026-03-14 02:04:10.258 edge / status=200 upstream=B rt_ms=285 bytes=40579
2026-03-14 02:04:10.942 edge /api/orders status=200 upstream=B rt_ms=3 bytes=13854
2026-03-14 02:04:12.628 edge /static/style.css status=200 upstream=B rt_ms=127 bytes=24492
2026-03-14 02:04:12.666 edge / status=200 upstream=B rt_ms=80 bytes=30164
2026-03-14 02:04:12.983 edge / status=200 upstream=B rt_ms=256 bytes=4650
2026-03-14 02:04:13.536 edge /healthz status=200 upstream=B rt_ms=241 bytes=5965
2026-03-14 02:04:13.564 edge /healthz status=404 upstream=B rt_ms=37 bytes=26709
2026-03-14 02:04:13.762 edge /static/style.css status=200 upstream=B rt_ms=134 bytes=1106
2026-03-14 02:04:15.435 edge / status=200 upstream=B rt_ms=87 bytes=12996
2026-03-14 02:04:17.569 edge /healthz status=200 upstream=B rt_ms=76 bytes=8357
2026-03-14 02:04:17.761 edge /api/events status=200 upstream=B rt_ms=387 bytes=33817
2026-03-14 02:04:20.737 edge /api/events status=200 upstream=B rt_ms=102 bytes=30040
2026-03-14 02:04:21.208 edge /static/style.css status=200 upstream=B rt_ms=243 bytes=23171
2026-03-14 02:04:21.904 edge /api/events status=200 upstream=B rt_ms=125 bytes=34525
2026-03-14 02:04:22.688 edge /static/style.css status=200 upstream=B rt_ms=193 bytes=18570
2026-03-14 02:04:23.001 edge /healthz status=200 upstream=B rt_ms=20 bytes=39188
2026-03-14 02:04:23.764 edge /healthz status=200 upstream=B rt_ms=350 bytes=1928
2026-03-14 02:04:24.124 edge /api/events status=200 upstream=B rt_ms=242 bytes=21429
2026-03-14 02:04:25.905 edge /api/events status=200 upstream=B rt_ms=107 bytes=7379
2026-03-14 02:04:28.110 edge /healthz status=200 upstream=B rt_ms=259 bytes=23627
2026-03-14 02:04:30.055 edge / status=200 upstream=B rt_ms=287 bytes=12939
2026-03-14 02:04:30.132 edge / status=200 upstream=B rt_ms=124 bytes=36964
2026-03-14 02:04:31.852 edge / status=200 upstream=B rt_ms=302 bytes=12757
2026-03-14 02:04:34.166 edge / status=200 upstream=B rt_ms=182 bytes=16370
2026-03-14 02:04:34.413 edge /api/orders status=200 upstream=B rt_ms=29 bytes=37083
2026-03-14 02:04:34.720 edge /api/events status=200 upstream=B rt_ms=335 bytes=40449
2026-03-14 02:04:34.976 edge /api/orders status=200 upstream=B rt_ms=247 bytes=18730
2026-03-14 02:04:36.072 edge /api/events status=200 upstream=B rt_ms=143 bytes=23340
2026-03-14 02:04:38.121 edge / status=200 upstream=B rt_ms=248 bytes=20044
2026-03-14 02:04:38.609 edge /static/style.css status=200 upstream=B rt_ms=258 bytes=28585
2026-03-14 02:04:39.952 edge /api/events status=200 upstream=B rt_ms=374 bytes=18966
2026-03-14 02:04:40.228 edge /healthz status=200 upstream=B rt_ms=77 bytes=18956
2026-03-14 02:04:40.981 edge /api/orders status=404 upstream=B rt_ms=300 bytes=16818
2026-03-14 02:04:41.805 edge /static/style.css status=200 upstream=B rt_ms=30 bytes=21044
2026-03-14 02:04:42.723 edge /healthz status=200 upstream=B rt_ms=286 bytes=22596
2026-03-14 02:04:43.124 edge /api/orders status=200 upstream=B rt_ms=265 bytes=5384
2026-03-14 02:04:43.278 edge /api/orders status=500 upstream=B rt_ms=126 bytes=21671
2026-03-14 02:04:44.369 edge /static/style.css status=404 upstream=B rt_ms=48 bytes=28182
2026-03-14 02:04:45.858 edge / status=200 upstream=B rt_ms=81 bytes=41985
2026-03-14 02:04:48.410 edge /api/orders status=200 upstream=B rt_ms=102 bytes=4296
2026-03-14 02:04:48.589 edge /healthz status=200 upstream=B rt_ms=114 bytes=16524
2026-03-14 02:04:49.434 edge /healthz status=200 upstream=B rt_ms=91 bytes=2631
2026-03-14 02:04:49.612 edge /api/orders status=404 upstream=B rt_ms=70 bytes=10678
2026-03-14 02:04:52.249 edge / status=200 upstream=B rt_ms=36 bytes=37237
2026-03-14 02:04:52.522 edge /healthz status=200 upstream=B rt_ms=86 bytes=30482
2026-03-14 02:04:53.752 edge /healthz status=200 upstream=B rt_ms=169 bytes=35826
2026-03-14 02:04:53.829 edge /api/events status=200 upstream=B rt_ms=292 bytes=23161
2026-03-14 02:04:56.705 edge / status=200 upstream=B rt_ms=386 bytes=23023
2026-03-14 02:04:57.196 edge /healthz status=200 upstream=B rt_ms=358 bytes=28208
2026-03-14 02:04:58.748 edge /api/orders status=200 upstream=B rt_ms=342 bytes=26876
2026-03-14 02:04:58.842 edge /api/orders status=200 upstream=B rt_ms=245 bytes=23818
2026-03-14 02:04:59.682 edge /healthz status=200 upstream=B rt_ms=166 bytes=29546
2026-03-14 02:05:01.336 edge /healthz status=200 upstream=B rt_ms=76 bytes=39376
2026-03-14 02:05:02.881 edge /healthz status=200 upstream=B rt_ms=22 bytes=23422
2026-03-14 02:05:03.630 edge /healthz status=200 upstream=B rt_ms=252 bytes=38205
2026-03-14 02:05:04.979 edge /healthz status=200 upstream=B rt_ms=386 bytes=24713
2026-03-14 02:05:05.156 edge / status=200 upstream=B rt_ms=312 bytes=7792
2026-03-14 02:05:08.199 edge / status=200 upstream=B rt_ms=55 bytes=24892
2026-03-14 02:05:08.696 edge / status=200 upstream=B rt_ms=5 bytes=5577
2026-03-14 02:05:11.169 edge /api/orders status=200 upstream=B rt_ms=227 bytes=23120
2026-03-14 02:05:11.772 edge /healthz status=200 upstream=B rt_ms=2 bytes=11644
2026-03-14 02:05:12.334 edge /static/style.css status=200 upstream=B rt_ms=195 bytes=30296
2026-03-14 02:05:13.161 edge /api/events status=200 upstream=B rt_ms=319 bytes=8287
2026-03-14 02:05:14.694 edge /api/orders status=200 upstream=B rt_ms=235 bytes=2331
2026-03-14 02:05:16.842 edge /static/style.css status=200 upstream=B rt_ms=20 bytes=40497
2026-03-14 02:05:17.522 edge /api/orders status=200 upstream=B rt_ms=312 bytes=21037
2026-03-14 02:05:19.836 edge /api/events status=200 upstream=B rt_ms=202 bytes=11622
2026-03-14 02:05:19.994 edge / status=200 upstream=B rt_ms=88 bytes=37385
2026-03-14 02:05:20.403 edge /api/orders status=200 upstream=B rt_ms=164 bytes=6469
2026-03-14 02:05:20.931 edge / status=200 upstream=B rt_ms=399 bytes=33327
2026-03-14 02:05:20.967 edge / status=200 upstream=B rt_ms=8 bytes=40391
2026-03-14 02:05:23.096 edge /static/style.css status=200 upstream=B rt_ms=348 bytes=34193
2026-03-14 02:05:23.769 edge /static/style.css status=200 upstream=B rt_ms=103 bytes=16772
2026-03-14 02:05:24.188 edge /api/orders status=200 upstream=B rt_ms=359 bytes=39206
2026-03-14 02:05:26.394 edge /static/style.css status=200 upstream=B rt_ms=255 bytes=21290
2026-03-14 02:05:27.098 edge /static/style.css status=200 upstream=B rt_ms=71 bytes=40204
2026-03-14 02:05:27.136 edge /static/style.css status=200 upstream=B rt_ms=382 bytes=7942
2026-03-14 02:05:28.273 edge / status=200 upstream=B rt_ms=335 bytes=25196
2026-03-14 02:05:30.243 edge /healthz status=200 upstream=B rt_ms=84 bytes=24451
2026-03-14 02:05:35.313 edge /healthz status=200 upstream=B rt_ms=326 bytes=2009
2026-03-14 02:05:35.518 edge /api/orders status=200 upstream=B rt_ms=104 bytes=8077
2026-03-14 02:05:35.621 edge /api/orders status=500 upstream=B rt_ms=52 bytes=41088
2026-03-14 02:05:36.516 edge /healthz status=200 upstream=B rt_ms=49 bytes=34026
2026-03-14 02:05:36.966 edge /api/events status=200 upstream=B rt_ms=94 bytes=37088
2026-03-14 02:05:39.013 edge /static/style.css status=200 upstream=B rt_ms=5 bytes=15066
2026-03-14 02:05:41.410 edge /static/style.css status=200 upstream=B rt_ms=104 bytes=24999
2026-03-14 02:05:42.035 edge /api/events status=200 upstream=B rt_ms=368 bytes=25327
2026-03-14 02:05:46.520 edge /api/orders status=200 upstream=B rt_ms=247 bytes=22409
2026-03-14 02:05:46.624 edge /api/events status=200 upstream=B rt_ms=171 bytes=8877
2026-03-14 02:05:47.770 edge /api/events status=200 upstream=B rt_ms=10 bytes=23709
2026-03-14 02:05:48.681 edge /api/orders status=200 upstream=B rt_ms=75 bytes=29485
2026-03-14 02:05:49.329 edge /api/events status=200 upstream=B rt_ms=66 bytes=14848
2026-03-14 02:05:50.510 edge /api/orders status=200 upstream=B rt_ms=262 bytes=32947
2026-03-14 02:05:51.227 edge /static/style.css status=200 upstream=B rt_ms=92 bytes=24389
2026-03-14 02:05:51.231 edge /api/events status=200 upstream=B rt_ms=380 bytes=9244
2026-03-14 02:05:52.111 edge /healthz status=500 upstream=B rt_ms=362 bytes=2049
2026-03-14 02:05:54.624 edge /api/orders status=200 upstream=B rt_ms=237 bytes=1834
2026-03-14 02:05:54.881 edge /static/style.css status=200 upstream=B rt_ms=371 bytes=28996
2026-03-14 02:05:55.162 edge /static/style.css status=200 upstream=B rt_ms=243 bytes=28442
2026-03-14 02:05:57.044 edge /api/orders status=200 upstream=B rt_ms=199 bytes=9351
2026-03-14 02:05:57.459 edge /static/style.css status=200 upstream=B rt_ms=58 bytes=30052
2026-03-14 02:05:58.911 edge /api/orders status=200 upstream=B rt_ms=211 bytes=10154
2026-03-14 02:05:59.953 edge / status=200 upstream=B rt_ms=207 bytes=5810
2026-03-14 02:06:02.229 edge /static/style.css status=200 upstream=B rt_ms=157 bytes=10297
2026-03-14 02:06:02.403 edge /static/style.css status=200 upstream=B rt_ms=100 bytes=4295
2026-03-14 02:06:02.754 edge /api/events status=200 upstream=B rt_ms=122 bytes=23099
2026-03-14 02:06:06.944 edge /api/orders status=200 upstream=B rt_ms=394 bytes=1376
2026-03-14 02:06:07.277 edge /api/events status=200 upstream=B rt_ms=93 bytes=17556
2026-03-14 02:06:08.336 edge / status=200 upstream=B rt_ms=33 bytes=29199
2026-03-14 02:06:09.317 edge /api/orders status=200 upstream=B rt_ms=73 bytes=19530
2026-03-14 02:06:10.893 edge /static/style.css status=200 upstream=B rt_ms=75 bytes=12000
2026-03-14 02:06:12.176 edge / status=200 upstream=B rt_ms=163 bytes=39984
2026-03-14 02:06:14.145 edge /static/style.css status=200 upstream=B rt_ms=349 bytes=35336
2026-03-14 02:06:14.156 edge /static/style.css status=200 upstream=B rt_ms=112 bytes=26626
2026-03-14 02:06:15.031 edge /api/orders status=200 upstream=B rt_ms=381 bytes=6952
2026-03-14 02:06:15.210 edge / status=200 upstream=B rt_ms=270 bytes=18948
2026-03-14 02:06:15.862 edge /healthz status=200 upstream=B rt_ms=397 bytes=41481
2026-03-14 02:06:15.910 edge /static/style.css status=200 upstream=B rt_ms=123 bytes=4190
2026-03-14 02:06:18.079 edge /static/style.css status=200 upstream=B rt_ms=6 bytes=34469
2026-03-14 02:06:18.103 edge /api/orders status=200 upstream=B rt_ms=174 bytes=20815
2026-03-14 02:06:18.923 edge /api/orders status=200 upstream=B rt_ms=4 bytes=27714
2026-03-14 02:06:19.070 edge / status=200 upstream=B rt_ms=217 bytes=13908
2026-03-14 02:06:21.314 edge / status=200 upstream=B rt_ms=105 bytes=32699
2026-03-14 02:06:22.314 edge / status=200 upstream=B rt_ms=298 bytes=18315
2026-03-14 02:06:26.681 edge /api/orders status=200 upstream=B rt_ms=173 bytes=41552
2026-03-14 02:06:28.487 edge /healthz status=200 upstream=B rt_ms=386 bytes=22656
2026-03-14 02:06:31.244 edge /api/events status=200 upstream=B rt_ms=210 bytes=4428
2026-03-14 02:06:33.376 edge /api/orders status=200 upstream=B rt_ms=6 bytes=9992
2026-03-14 02:06:33.979 edge /api/orders status=200 upstream=B rt_ms=31 bytes=35849
2026-03-14 02:06:34.189 edge /static/style.css status=200 upstream=B rt_ms=204 bytes=21371
2026-03-14 02:06:36.920 edge /api/events status=200 upstream=B rt_ms=260 bytes=39184
2026-03-14 02:06:38.535 edge / status=200 upstream=B rt_ms=399 bytes=19941
2026-03-14 02:06:39.425 edge /api/orders status=200 upstream=B rt_ms=371 bytes=31378
2026-03-14 02:06:40.147 edge /api/events status=200 upstream=B rt_ms=171 bytes=2267
2026-03-14 02:06:41.948 edge /api/orders status=200 upstream=B rt_ms=70 bytes=14803
2026-03-14 02:06:42.129 edge /api/events status=200 upstream=B rt_ms=68 bytes=16974
2026-03-14 02:06:43.572 edge /api/orders status=200 upstream=B rt_ms=356 bytes=30537
2026-03-14 02:06:43.833 edge /healthz status=200 upstream=B rt_ms=33 bytes=21854
2026-03-14 02:06:44.495 edge / status=200 upstream=B rt_ms=120 bytes=9744
2026-03-14 02:06:45.068 edge / status=500 upstream=B rt_ms=77 bytes=20112
2026-03-14 02:06:45.278 edge /api/events status=500 upstream=B rt_ms=183 bytes=9567
2026-03-14 02:06:46.413 edge /static/style.css status=200 upstream=B rt_ms=129 bytes=2384
2026-03-14 02:06:46.610 edge /api/events status=200 upstream=B rt_ms=209 bytes=7831
2026-03-14 02:06:48.758 edge /api/events status=200 upstream=B rt_ms=330 bytes=23810
2026-03-14 02:06:53.102 edge / status=200 upstream=B rt_ms=86 bytes=9525
2026-03-14 02:06:53.593 edge /api/orders status=200 upstream=B rt_ms=65 bytes=7987
2026-03-14 02:06:57.111 edge /static/style.css status=200 upstream=B rt_ms=266 bytes=14236
2026-03-14 02:06:57.598 edge /api/events status=200 upstream=B rt_ms=59 bytes=6058
2026-03-14 02:06:59.168 edge / status=200 upstream=B rt_ms=50 bytes=7103
2026-03-14 02:07:02.959 edge /healthz status=200 upstream=B rt_ms=201 bytes=4403
2026-03-14 02:07:03.994 edge /static/style.css status=404 upstream=B rt_ms=42 bytes=23018
2026-03-14 02:07:04.574 edge /api/events status=200 upstream=B rt_ms=166 bytes=20566
2026-03-14 02:07:05.660 edge /static/style.css status=200 upstream=B rt_ms=93 bytes=14428
2026-03-14 02:07:08.748 edge /static/style.css status=200 upstream=B rt_ms=19 bytes=32159
2026-03-14 02:07:10.903 edge /static/style.css status=200 upstream=B rt_ms=262 bytes=10712
2026-03-14 02:07:14.611 edge /healthz status=404 upstream=B rt_ms=258 bytes=40655
2026-03-14 02:07:17.649 edge /static/style.css status=200 upstream=B rt_ms=98 bytes=309
2026-03-14 02:07:20.453 edge / status=200 upstream=B rt_ms=221 bytes=26024
2026-03-14 02:07:21.570 edge /api/orders status=200 upstream=B rt_ms=95 bytes=21120
2026-03-14 02:07:22.468 edge / status=200 upstream=B rt_ms=36 bytes=3454
2026-03-14 02:07:22.649 edge /api/orders status=200 upstream=B rt_ms=222 bytes=3225
2026-03-14 02:07:22.671 edge /api/events status=200 upstream=B rt_ms=322 bytes=11417
2026-03-14 02:07:25.414 edge /api/events status=200 upstream=B rt_ms=6 bytes=31028
2026-03-14 02:07:25.936 edge /api/orders status=200 upstream=B rt_ms=200 bytes=1338
2026-03-14 02:07:26.738 edge /healthz status=200 upstream=B rt_ms=398 bytes=9135
2026-03-14 02:07:28.127 edge /static/style.css status=200 upstream=B rt_ms=227 bytes=28177
2026-03-14 02:07:29.175 edge /static/style.css status=200 upstream=B rt_ms=217 bytes=25644
2026-03-14 02:07:29.492 edge /api/orders status=200 upstream=B rt_ms=211 bytes=1110
2026-03-14 02:07:30.258 edge /healthz status=200 upstream=B rt_ms=201 bytes=14843
2026-03-14 02:07:31.196 edge /api/orders status=200 upstream=B rt_ms=87 bytes=24996
2026-03-14 02:07:31.265 edge /api/orders status=200 upstream=B rt_ms=68 bytes=19391
2026-03-14 02:07:33.272 edge /healthz status=404 upstream=B rt_ms=378 bytes=31023
2026-03-14 02:07:33.947 edge /healthz status=200 upstream=B rt_ms=190 bytes=30490
2026-03-14 02:07:33.979 edge / status=200 upstream=B rt_ms=69 bytes=2120
2026-03-14 02:07:34.288 edge /api/events status=200 upstream=B rt_ms=52 bytes=34897
2026-03-14 02:07:37.814 edge /api/events status=200 upstream=B rt_ms=22 bytes=30440
2026-03-14 02:07:38.144 edge /api/events status=200 upstream=B rt_ms=356 bytes=26355
2026-03-14 02:07:38.203 edge / status=200 upstream=B rt_ms=34 bytes=21261
2026-03-14 02:07:38.314 edge / status=200 upstream=B rt_ms=142 bytes=27864
2026-03-14 02:07:39.450 edge /api/orders status=200 upstream=B rt_ms=89 bytes=22412
2026-03-14 02:07:40.685 edge / status=200 upstream=B rt_ms=371 bytes=3317
2026-03-14 02:07:40.879 edge /healthz status=200 upstream=B rt_ms=62 bytes=36225
2026-03-14 02:07:41.649 edge / status=200 upstream=B rt_ms=216 bytes=37573
2026-03-14 02:07:42.656 edge /static/style.css status=200 upstream=B rt_ms=209 bytes=22633
2026-03-14 02:07:43.360 edge /api/orders status=500 upstream=B rt_ms=371 bytes=20385
2026-03-14 02:07:43.990 edge /healthz status=200 upstream=B rt_ms=299 bytes=26321
2026-03-14 02:07:44.639 edge /healthz status=200 upstream=B rt_ms=227 bytes=15868
2026-03-14 02:07:47.006 edge /healthz status=200 upstream=B rt_ms=342 bytes=24379
2026-03-14 02:07:49.046 edge /healthz status=200 upstream=B rt_ms=15 bytes=23179
2026-03-14 02:07:49.221 edge / status=200 upstream=B rt_ms=262 bytes=30916
2026-03-14 02:07:50.818 edge /healthz status=200 upstream=B rt_ms=45 bytes=29443
2026-03-14 02:07:52.218 edge /api/orders status=200 upstream=B rt_ms=361 bytes=34975
2026-03-14 02:07:53.951 edge /api/events status=200 upstream=B rt_ms=29 bytes=1184
2026-03-14 02:07:54.221 edge /healthz status=200 upstream=B rt_ms=167 bytes=34799
2026-03-14 02:07:54.673 edge /static/style.css status=200 upstream=B rt_ms=163 bytes=33690
2026-03-14 02:07:54.678 edge /healthz status=200 upstream=B rt_ms=333 bytes=10205
2026-03-14 02:07:55.975 edge / status=200 upstream=B rt_ms=323 bytes=36785
2026-03-14 02:07:56.627 edge /static/style.css status=200 upstream=B rt_ms=167 bytes=26283
2026-03-14 02:07:56.675 edge / status=200 upstream=B rt_ms=364 bytes=1214
2026-03-14 02:07:57.695 edge /api/events status=200 upstream=B rt_ms=219 bytes=33318
2026-03-14 02:07:58.516 edge / status=200 upstream=B rt_ms=192 bytes=8894
2026-03-14 02:07:58.526 edge /api/events status=200 upstream=B rt_ms=46 bytes=38366
2026-03-14 02:07:59.092 edge /healthz status=200 upstream=B rt_ms=239 bytes=11989
2026-03-14 02:07:59.210 edge /api/events status=200 upstream=B rt_ms=164 bytes=4504
2026-03-14 02:07:59.794 edge /api/orders status=200 upstream=B rt_ms=386 bytes=41452
2026-03-14 02:08:00.355 edge / status=200 upstream=B rt_ms=151 bytes=13078
2026-03-14 02:08:01.443 edge / status=200 upstream=B rt_ms=170 bytes=5827
2026-03-14 02:08:01.814 edge / status=200 upstream=B rt_ms=139 bytes=2796
2026-03-14 02:08:01.901 edge /healthz status=200 upstream=B rt_ms=231 bytes=14645
2026-03-14 02:08:01.959 edge /static/style.css status=200 upstream=B rt_ms=79 bytes=18200
2026-03-14 02:08:02.052 edge /static/style.css status=200 upstream=B rt_ms=115 bytes=10216
2026-03-14 02:08:02.440 edge / status=200 upstream=B rt_ms=362 bytes=613
2026-03-14 02:08:02.524 edge /api/events status=200 upstream=B rt_ms=225 bytes=40824
2026-03-14 02:08:04.361 edge /healthz status=200 upstream=B rt_ms=91 bytes=41085
2026-03-14 02:08:04.584 edge / status=500 upstream=B rt_ms=74 bytes=8379
2026-03-14 02:08:06.925 edge /healthz status=200 upstream=B rt_ms=248 bytes=37937
2026-03-14 02:08:07.579 edge /healthz status=200 upstream=B rt_ms=203 bytes=25798
2026-03-14 02:08:07.837 edge / status=200 upstream=B rt_ms=43 bytes=6811
2026-03-14 02:08:09.301 edge /static/style.css status=200 upstream=B rt_ms=42 bytes=12153
2026-03-14 02:08:11.717 edge / status=200 upstream=B rt_ms=29 bytes=34752
2026-03-14 02:08:11.853 edge /api/events status=200 upstream=B rt_ms=171 bytes=33559
2026-03-14 02:08:12.766 edge /healthz status=200 upstream=B rt_ms=191 bytes=20832
2026-03-14 02:08:12.998 edge / status=200 upstream=B rt_ms=255 bytes=21126
2026-03-14 02:08:13.447 edge /healthz status=200 upstream=B rt_ms=146 bytes=3451
2026-03-14 02:08:15.522 edge /static/style.css status=200 upstream=B rt_ms=128 bytes=22156
2026-03-14 02:08:17.827 edge /static/style.css status=500 upstream=B rt_ms=206 bytes=17353
2026-03-14 02:08:17.888 edge /healthz status=200 upstream=B rt_ms=270 bytes=2090
2026-03-14 02:08:19.109 edge / status=200 upstream=B rt_ms=221 bytes=9377
2026-03-14 02:08:19.191 edge /api/orders status=200 upstream=B rt_ms=152 bytes=4817
2026-03-14 02:08:20.063 edge /healthz status=200 upstream=B rt_ms=233 bytes=10491
2026-03-14 02:08:20.898 edge /api/orders status=200 upstream=B rt_ms=343 bytes=41434
2026-03-14 02:08:21.723 edge / status=200 upstream=B rt_ms=120 bytes=35629
2026-03-14 02:08:21.746 edge /healthz status=200 upstream=B rt_ms=383 bytes=11965
2026-03-14 02:08:26.868 edge /static/style.css status=200 upstream=B rt_ms=206 bytes=12538
2026-03-14 02:08:27.881 edge /healthz status=200 upstream=B rt_ms=245 bytes=32579
2026-03-14 02:08:28.153 edge /api/orders status=200 upstream=B rt_ms=194 bytes=18641
2026-03-14 02:08:28.356 edge /api/orders status=200 upstream=B rt_ms=391 bytes=13631
2026-03-14 02:08:28.658 edge /api/events status=500 upstream=B rt_ms=353 bytes=511
2026-03-14 02:08:30.364 edge /api/orders status=200 upstream=B rt_ms=369 bytes=33235
2026-03-14 02:08:30.845 edge /api/events status=200 upstream=B rt_ms=117 bytes=8441
2026-03-14 02:08:34.720 edge /api/orders status=200 upstream=B rt_ms=242 bytes=3226
2026-03-14 02:08:34.735 edge /static/style.css status=200 upstream=B rt_ms=121 bytes=15084
2026-03-14 02:08:35.889 edge /api/orders status=200 upstream=B rt_ms=314 bytes=20523
2026-03-14 02:08:36.481 edge /api/events status=200 upstream=B rt_ms=11 bytes=17796
2026-03-14 02:08:36.673 edge /api/events status=404 upstream=B rt_ms=314 bytes=4193
2026-03-14 02:08:37.040 edge /api/events status=404 upstream=B rt_ms=380 bytes=26963
2026-03-14 02:08:37.396 edge /api/orders status=200 upstream=B rt_ms=34 bytes=5973
2026-03-14 02:08:38.503 edge /healthz status=200 upstream=B rt_ms=337 bytes=23195
2026-03-14 02:08:38.862 edge /static/style.css status=200 upstream=B rt_ms=84 bytes=12043
2026-03-14 02:08:39.558 edge /api/orders status=200 upstream=B rt_ms=49 bytes=39079
2026-03-14 02:08:42.202 edge / status=200 upstream=B rt_ms=237 bytes=8459
2026-03-14 02:08:46.798 edge /api/orders status=200 upstream=B rt_ms=135 bytes=16666
2026-03-14 02:08:47.129 edge /healthz status=404 upstream=B rt_ms=150 bytes=32795
2026-03-14 02:08:48.126 edge /api/orders status=200 upstream=B rt_ms=25 bytes=3168
2026-03-14 02:08:48.618 edge /api/orders status=200 upstream=B rt_ms=263 bytes=24010
2026-03-14 02:08:48.629 edge /api/events status=404 upstream=B rt_ms=88 bytes=30374
2026-03-14 02:08:49.113 edge /healthz status=200 upstream=B rt_ms=246 bytes=31844
2026-03-14 02:08:49.427 edge / status=200 upstream=B rt_ms=126 bytes=34211
2026-03-14 02:08:51.828 edge / status=200 upstream=B rt_ms=76 bytes=28829
2026-03-14 02:08:52.008 edge /static/style.css status=200 upstream=B rt_ms=153 bytes=28403
2026-03-14 02:08:52.016 edge /static/style.css status=200 upstream=B rt_ms=337 bytes=41230
2026-03-14 02:08:52.018 edge /api/orders status=200 upstream=B rt_ms=226 bytes=31954
2026-03-14 02:08:53.311 edge /api/events status=200 upstream=B rt_ms=152 bytes=16004
2026-03-14 02:08:53.472 edge / status=200 upstream=B rt_ms=50 bytes=2104
2026-03-14 02:08:55.156 edge /healthz status=200 upstream=B rt_ms=148 bytes=1400
2026-03-14 02:08:55.427 edge /api/orders status=200 upstream=B rt_ms=275 bytes=26495
2026-03-14 02:08:56.067 edge /healthz status=200 upstream=B rt_ms=317 bytes=2170
2026-03-14 02:08:57.940 edge /api/orders status=200 upstream=B rt_ms=147 bytes=5245
2026-03-14 02:09:02.956 edge / status=500 upstream=B rt_ms=59 bytes=12357
2026-03-14 02:09:03.776 edge / status=200 upstream=B rt_ms=39 bytes=8560
2026-03-14 02:09:04.414 edge /api/orders status=500 upstream=B rt_ms=324 bytes=23905
2026-03-14 02:09:06.907 edge / status=200 upstream=B rt_ms=213 bytes=14295
2026-03-14 02:09:07.615 edge /api/events status=500 upstream=B rt_ms=50 bytes=27433
2026-03-14 02:09:08.474 edge / status=200 upstream=B rt_ms=65 bytes=39547
2026-03-14 02:09:08.574 edge /static/style.css status=200 upstream=B rt_ms=281 bytes=18641
2026-03-14 02:09:08.582 edge /healthz status=200 upstream=B rt_ms=224 bytes=17866
2026-03-14 02:09:10.317 edge /healthz status=404 upstream=B rt_ms=195 bytes=8780
2026-03-14 02:09:10.357 edge /static/style.css status=200 upstream=B rt_ms=308 bytes=30913
2026-03-14 02:09:13.596 edge / status=200 upstream=B rt_ms=234 bytes=19985
2026-03-14 02:09:14.005 edge /healthz status=200 upstream=B rt_ms=100 bytes=17087
2026-03-14 02:09:14.738 edge /healthz status=200 upstream=B rt_ms=283 bytes=9806
2026-03-14 02:09:17.437 edge /api/orders status=200 upstream=B rt_ms=230 bytes=17315
2026-03-14 02:09:18.521 edge / status=200 upstream=B rt_ms=175 bytes=10456
2026-03-14 02:09:19.180 edge /api/events status=200 upstream=B rt_ms=198 bytes=3288
2026-03-14 02:09:22.775 edge /api/orders status=200 upstream=B rt_ms=292 bytes=38775
2026-03-14 02:09:25.993 edge /api/events status=200 upstream=B rt_ms=347 bytes=21984
2026-03-14 02:09:27.048 edge /api/events status=200 upstream=B rt_ms=363 bytes=39551
2026-03-14 02:09:27.146 edge /api/events status=200 upstream=B rt_ms=368 bytes=3683
2026-03-14 02:09:28.021 edge / status=200 upstream=B rt_ms=337 bytes=27429
2026-03-14 02:09:28.253 edge /api/orders status=200 upstream=B rt_ms=239 bytes=26033
2026-03-14 02:09:28.903 edge /static/style.css status=200 upstream=B rt_ms=336 bytes=32603
2026-03-14 02:09:33.624 edge /static/style.css status=200 upstream=B rt_ms=24 bytes=14284
2026-03-14 02:09:34.520 edge /healthz status=200 upstream=B rt_ms=281 bytes=31916
2026-03-14 02:09:35.841 edge /static/style.css status=200 upstream=B rt_ms=221 bytes=37908
2026-03-14 02:09:36.048 edge /healthz status=200 upstream=B rt_ms=121 bytes=28685
2026-03-14 02:09:36.482 edge /api/events status=200 upstream=B rt_ms=372 bytes=11916
2026-03-14 02:09:37.060 edge /api/orders status=200 upstream=B rt_ms=43 bytes=5754
2026-03-14 02:09:37.282 edge /healthz status=200 upstream=B rt_ms=377 bytes=38069
2026-03-14 02:09:37.991 edge /static/style.css status=200 upstream=B rt_ms=63 bytes=11478
2026-03-14 02:09:38.416 edge /healthz status=200 upstream=B rt_ms=171 bytes=26412
2026-03-14 02:09:38.634 edge / status=200 upstream=B rt_ms=364 bytes=41643
2026-03-14 02:09:38.866 edge /api/orders status=200 upstream=B rt_ms=104 bytes=6994
2026-03-14 02:09:39.166 edge /api/events status=200 upstream=B rt_ms=229 bytes=19020
2026-03-14 02:09:39.470 edge /api/orders status=200 upstream=B rt_ms=147 bytes=6960
2026-03-14 02:09:39.561 edge / status=200 upstream=B rt_ms=4 bytes=18031
2026-03-14 02:09:40.057 edge / status=200 upstream=B rt_ms=76 bytes=35647
2026-03-14 02:09:40.464 edge /static/style.css status=200 upstream=B rt_ms=150 bytes=10006
2026-03-14 02:09:40.681 edge / status=200 upstream=B rt_ms=40 bytes=36736
2026-03-14 02:09:42.175 edge /healthz status=200 upstream=B rt_ms=297 bytes=41641
2026-03-14 02:09:43.962 edge /healthz status=200 upstream=B rt_ms=275 bytes=33897
2026-03-14 02:09:45.473 edge /healthz status=200 upstream=B rt_ms=88 bytes=3971
2026-03-14 02:09:48.747 edge /healthz status=200 upstream=B rt_ms=386 bytes=30935
2026-03-14 02:09:48.959 edge / status=200 upstream=B rt_ms=85 bytes=22030
2026-03-14 02:09:50.129 edge /healthz status=200 upstream=B rt_ms=379 bytes=2599
2026-03-14 02:09:52.659 edge /api/events status=200 upstream=B rt_ms=120 bytes=19284
2026-03-14 02:09:52.898 edge /static/style.css status=200 upstream=B rt_ms=344 bytes=36443
2026-03-14 02:09:54.699 edge /static/style.css status=200 upstream=B rt_ms=243 bytes=29022
2026-03-14 02:09:54.971 edge /static/style.css status=200 upstream=B rt_ms=265 bytes=13072
2026-03-14 02:09:55.516 edge / status=200 upstream=B rt_ms=351 bytes=3403
2026-03-14 02:09:55.612 edge /api/events status=200 upstream=B rt_ms=279 bytes=26020
2026-03-14 02:09:56.182 edge /static/style.css status=200 upstream=B rt_ms=124 bytes=35699
2026-03-14 02:09:56.895 edge / status=200 upstream=B rt_ms=139 bytes=10296
2026-03-14 02:09:58.173 edge /static/style.css status=200 upstream=B rt_ms=120 bytes=40738
2026-03-14 02:09:59.387 edge /healthz status=200 upstream=B rt_ms=87 bytes=6588
2026-03-14 02:10:00.087 edge /api/orders status=200 upstream=B rt_ms=42 bytes=28887
2026-03-14 02:10:00.466 edge / status=200 upstream=B rt_ms=282 bytes=15254
2026-03-14 02:10:02.910 edge / status=200 upstream=B rt_ms=334 bytes=11219
2026-03-14 02:10:03.567 edge / status=200 upstream=B rt_ms=60 bytes=29328
2026-03-14 02:10:04.191 edge /api/events status=200 upstream=B rt_ms=46 bytes=28656
2026-03-14 02:10:06.887 edge /api/events status=200 upstream=B rt_ms=345 bytes=40243
2026-03-14 02:10:07.383 edge /static/style.css status=200 upstream=B rt_ms=304 bytes=1153
2026-03-14 02:10:08.070 edge / status=200 upstream=B rt_ms=337 bytes=35764
2026-03-14 02:10:08.438 edge / status=200 upstream=B rt_ms=236 bytes=20562
2026-03-14 02:10:09.476 edge / status=200 upstream=B rt_ms=174 bytes=1738
2026-03-14 02:10:10.738 edge /api/events status=200 upstream=B rt_ms=309 bytes=18690
2026-03-14 02:10:12.627 edge /api/events status=200 upstream=B rt_ms=274 bytes=17527
2026-03-14 02:10:13.851 edge /healthz status=200 upstream=B rt_ms=389 bytes=31056
2026-03-14 02:10:15.267 edge /static/style.css status=200 upstream=B rt_ms=210 bytes=27331
2026-03-14 02:10:15.880 edge /static/style.css status=200 upstream=B rt_ms=296 bytes=20558
2026-03-14 02:10:15.911 edge /api/events status=200 upstream=B rt_ms=70 bytes=11945
2026-03-14 02:10:16.197 edge /static/style.css status=200 upstream=B rt_ms=119 bytes=34145
2026-03-14 02:10:16.955 edge /static/style.css status=200 upstream=B rt_ms=58 bytes=3177
2026-03-14 02:10:17.877 edge / status=200 upstream=B rt_ms=353 bytes=9030
2026-03-14 02:10:18.319 edge /healthz status=200 upstream=B rt_ms=308 bytes=1333
2026-03-14 02:10:19.309 edge / status=200 upstream=B rt_ms=175 bytes=29830
2026-03-14 02:10:19.881 edge /healthz status=200 upstream=B rt_ms=197 bytes=14699
2026-03-14 02:10:21.886 edge /api/events status=200 upstream=B rt_ms=112 bytes=41398
2026-03-14 02:10:22.945 edge /healthz status=200 upstream=B rt_ms=81 bytes=30831
2026-03-14 02:10:23.661 edge /api/events status=200 upstream=B rt_ms=190 bytes=7143
2026-03-14 02:10:23.900 edge /api/events status=200 upstream=B rt_ms=151 bytes=13114
2026-03-14 02:10:24.196 edge / status=200 upstream=B rt_ms=179 bytes=14563
2026-03-14 02:10:26.874 edge /healthz status=200 upstream=B rt_ms=229 bytes=3871
2026-03-14 02:10:28.125 edge /static/style.css status=200 upstream=B rt_ms=165 bytes=4989
2026-03-14 02:10:28.836 edge / status=200 upstream=B rt_ms=91 bytes=30011
2026-03-14 02:10:29.092 edge /healthz status=200 upstream=B rt_ms=304 bytes=19199
2026-03-14 02:10:29.502 edge /healthz status=404 upstream=B rt_ms=47 bytes=35547
2026-03-14 02:10:29.765 edge /healthz status=200 upstream=B rt_ms=47 bytes=41128
2026-03-14 02:10:31.215 edge /static/style.css status=404 upstream=B rt_ms=353 bytes=1703
2026-03-14 02:10:34.285 edge /static/style.css status=200 upstream=B rt_ms=291 bytes=36242
2026-03-14 02:10:34.400 edge /static/style.css status=200 upstream=B rt_ms=207 bytes=14722
2026-03-14 02:10:35.215 edge /static/style.css status=200 upstream=B rt_ms=103 bytes=1047
2026-03-14 02:10:35.948 edge /healthz status=200 upstream=B rt_ms=71 bytes=28151
2026-03-14 02:10:36.574 edge / status=200 upstream=B rt_ms=269 bytes=10342
2026-03-14 02:10:36.690 edge /api/events status=200 upstream=B rt_ms=340 bytes=37351
2026-03-14 02:10:38.944 edge /api/orders status=200 upstream=B rt_ms=81 bytes=30724
2026-03-14 02:10:39.031 edge /static/style.css status=200 upstream=B rt_ms=244 bytes=34364
2026-03-14 02:10:40.361 edge /healthz status=200 upstream=B rt_ms=336 bytes=20230
2026-03-14 02:10:40.377 edge /api/orders status=200 upstream=B rt_ms=93 bytes=4702
2026-03-14 02:10:40.732 edge /api/orders status=200 upstream=B rt_ms=330 bytes=25020
2026-03-14 02:10:42.799 edge /api/orders status=200 upstream=B rt_ms=121 bytes=32305
2026-03-14 02:10:44.048 edge /healthz status=200 upstream=B rt_ms=106 bytes=12636
2026-03-14 02:10:44.364 edge /api/events status=200 upstream=B rt_ms=337 bytes=16855
2026-03-14 02:10:44.421 edge /api/orders status=200 upstream=B rt_ms=395 bytes=36255
2026-03-14 02:10:45.000 edge / status=200 upstream=B rt_ms=287 bytes=5281
2026-03-14 02:10:45.013 edge / status=200 upstream=B rt_ms=20 bytes=31974
2026-03-14 02:10:45.624 edge /api/orders status=200 upstream=B rt_ms=15 bytes=18136
2026-03-14 02:10:47.214 edge /api/orders status=200 upstream=B rt_ms=124 bytes=22707
2026-03-14 02:10:47.499 edge /healthz status=200 upstream=B rt_ms=117 bytes=12167
2026-03-14 02:10:49.788 edge /healthz status=200 upstream=B rt_ms=118 bytes=3172
2026-03-14 02:10:50.063 edge /api/events status=200 upstream=B rt_ms=313 bytes=13621
2026-03-14 02:10:52.668 edge /api/events status=200 upstream=B rt_ms=188 bytes=27350
2026-03-14 02:10:53.199 edge /healthz status=200 upstream=B rt_ms=107 bytes=41848
2026-03-14 02:10:53.675 edge /api/events status=200 upstream=B rt_ms=25 bytes=41460
2026-03-14 02:10:53.841 edge / status=200 upstream=B rt_ms=127 bytes=17170
2026-03-14 02:10:54.316 edge /healthz status=200 upstream=B rt_ms=274 bytes=1475
2026-03-14 02:10:55.633 edge /static/style.css status=200 upstream=B rt_ms=36 bytes=19795
2026-03-14 02:10:57.575 edge / status=200 upstream=B rt_ms=251 bytes=1340
2026-03-14 02:10:57.712 edge / status=200 upstream=B rt_ms=349 bytes=31232
2026-03-14 02:10:59.056 edge /api/orders status=200 upstream=B rt_ms=21 bytes=11383
2026-03-14 02:11:01.270 edge /api/orders status=404 upstream=B rt_ms=87 bytes=9905
2026-03-14 02:11:02.972 edge / status=200 upstream=B rt_ms=87 bytes=16246
2026-03-14 02:11:05.514 edge /healthz status=200 upstream=B rt_ms=251 bytes=22945
2026-03-14 02:11:05.641 edge /static/style.css status=200 upstream=B rt_ms=218 bytes=30017
2026-03-14 02:11:06.168 edge /api/orders status=200 upstream=B rt_ms=151 bytes=20764
2026-03-14 02:11:06.232 edge /api/orders status=200 upstream=B rt_ms=384 bytes=21488
2026-03-14 02:11:07.717 edge /api/orders status=200 upstream=B rt_ms=209 bytes=932
2026-03-14 02:11:08.991 edge /healthz status=200 upstream=B rt_ms=378 bytes=24452
2026-03-14 02:11:09.034 edge /api/events status=200 upstream=B rt_ms=305 bytes=2120
2026-03-14 02:11:09.981 edge /static/style.css status=200 upstream=B rt_ms=151 bytes=36945
2026-03-14 02:11:12.122 edge /static/style.css status=200 upstream=B rt_ms=183 bytes=6921
2026-03-14 02:11:15.300 edge /api/orders status=200 upstream=B rt_ms=195 bytes=25765
2026-03-14 02:11:16.096 edge /api/orders status=200 upstream=B rt_ms=164 bytes=41325
2026-03-14 02:11:18.093 edge /static/style.css status=200 upstream=B rt_ms=379 bytes=35174
2026-03-14 02:11:18.264 edge /healthz status=200 upstream=B rt_ms=122 bytes=16504
2026-03-14 02:11:18.788 edge /static/style.css status=200 upstream=B rt_ms=353 bytes=36624
2026-03-14 02:11:18.911 edge / status=200 upstream=B rt_ms=239 bytes=41471
2026-03-14 02:11:19.325 edge /api/orders status=200 upstream=B rt_ms=13 bytes=36801
2026-03-14 02:11:19.944 edge /api/events status=200 upstream=B rt_ms=143 bytes=31178
2026-03-14 02:11:20.196 edge / status=200 upstream=B rt_ms=132 bytes=2177
2026-03-14 02:11:22.846 edge /api/orders status=200 upstream=B rt_ms=241 bytes=28935
2026-03-14 02:11:25.132 edge /healthz status=200 upstream=B rt_ms=79 bytes=32062
2026-03-14 02:11:27.336 edge /api/events status=200 upstream=B rt_ms=218 bytes=22399
2026-03-14 02:11:28.206 edge /api/orders status=200 upstream=B rt_ms=31 bytes=33503
2026-03-14 02:11:28.493 edge /healthz status=200 upstream=B rt_ms=185 bytes=30525
2026-03-14 02:11:30.549 edge /api/events status=200 upstream=B rt_ms=45 bytes=17434
2026-03-14 02:11:30.920 edge /healthz status=200 upstream=B rt_ms=176 bytes=15606
2026-03-14 02:11:30.922 edge /healthz status=200 upstream=B rt_ms=375 bytes=12036
2026-03-14 02:11:30.987 edge / status=200 upstream=B rt_ms=288 bytes=34950
2026-03-14 02:11:31.117 edge / status=200 upstream=B rt_ms=51 bytes=40636
2026-03-14 02:11:32.540 edge /api/events status=200 upstream=B rt_ms=154 bytes=4568
2026-03-14 02:11:33.571 edge / status=200 upstream=B rt_ms=166 bytes=37152
2026-03-14 02:11:36.148 edge /api/events status=200 upstream=B rt_ms=15 bytes=6297
2026-03-14 02:11:36.243 edge /api/orders status=200 upstream=B rt_ms=182 bytes=33097
2026-03-14 02:11:37.463 edge /api/events status=200 upstream=B rt_ms=28 bytes=16802
2026-03-14 02:11:39.849 edge /api/orders status=200 upstream=B rt_ms=337 bytes=1200
2026-03-14 02:11:40.451 edge /healthz status=200 upstream=B rt_ms=79 bytes=14022
2026-03-14 02:11:41.280 edge / status=200 upstream=B rt_ms=230 bytes=24606
2026-03-14 02:11:41.397 edge /api/orders status=200 upstream=B rt_ms=103 bytes=15982
2026-03-14 02:11:46.683 edge /static/style.css status=200 upstream=B rt_ms=53 bytes=539
2026-03-14 02:11:48.648 edge /api/orders status=200 upstream=B rt_ms=233 bytes=8944
2026-03-14 02:11:48.746 edge /static/style.css status=200 upstream=B rt_ms=259 bytes=27106
2026-03-14 02:11:50.819 edge / status=200 upstream=B rt_ms=80 bytes=9010
2026-03-14 02:11:50.876 edge / status=500 upstream=B rt_ms=176 bytes=41428
2026-03-14 02:11:51.943 edge /api/events status=200 upstream=B rt_ms=300 bytes=34368
2026-03-14 02:11:51.963 edge /api/events status=200 upstream=B rt_ms=254 bytes=343
2026-03-14 02:11:52.390 edge /api/orders status=200 upstream=B rt_ms=341 bytes=10438
2026-03-14 02:11:53.008 edge /healthz status=200 upstream=B rt_ms=35 bytes=34087
2026-03-14 02:11:53.406 edge / status=200 upstream=B rt_ms=166 bytes=34940
2026-03-14 02:11:54.738 edge / status=200 upstream=B rt_ms=267 bytes=13750
2026-03-14 02:11:54.780 edge /static/style.css status=200 upstream=B rt_ms=138 bytes=20390
2026-03-14 02:11:56.276 edge /healthz status=200 upstream=B rt_ms=255 bytes=4752
2026-03-14 02:11:56.741 edge /healthz status=200 upstream=B rt_ms=106 bytes=26876
2026-03-14 02:11:57.664 edge / status=200 upstream=B rt_ms=32 bytes=908
2026-03-14 02:11:57.910 edge /api/orders status=200 upstream=B rt_ms=197 bytes=15635
2026-03-14 02:11:59.320 edge /api/orders status=200 upstream=B rt_ms=276 bytes=3480
2026-03-14 02:11:59.349 edge / status=200 upstream=B rt_ms=373 bytes=21118
2026-03-14 02:11:59.951 edge / status=200 upstream=B rt_ms=166 bytes=539
2026-03-14 02:12:01.084 edge /healthz status=200 upstream=B rt_ms=255 bytes=19781
2026-03-14 02:12:01.331 edge / status=200 upstream=B rt_ms=35 bytes=14948
2026-03-14 02:12:02.443 edge /healthz status=200 upstream=B rt_ms=53 bytes=32741
2026-03-14 02:12:03.020 edge / status=200 upstream=B rt_ms=133 bytes=27359
2026-03-14 02:12:03.891 edge / status=200 upstream=B rt_ms=262 bytes=6695
2026-03-14 02:12:05.449 edge /healthz status=200 upstream=B rt_ms=2 bytes=3755
2026-03-14 02:12:05.541 edge /api/events status=200 upstream=B rt_ms=154 bytes=2893
2026-03-14 02:12:06.675 edge /api/orders status=200 upstream=B rt_ms=349 bytes=16843
2026-03-14 02:12:06.841 edge / status=200 upstream=B rt_ms=45 bytes=4888
2026-03-14 02:12:09.667 edge /static/style.css status=200 upstream=B rt_ms=43 bytes=40166
2026-03-14 02:12:09.907 edge /api/orders status=200 upstream=B rt_ms=344 bytes=12382
2026-03-14 02:12:10.588 edge /healthz status=200 upstream=B rt_ms=88 bytes=5935
2026-03-14 02:12:14.867 edge / status=200 upstream=B rt_ms=64 bytes=15012
2026-03-14 02:12:14.929 edge /api/events status=200 upstream=B rt_ms=22 bytes=4175
2026-03-14 02:12:15.203 edge /healthz status=200 upstream=B rt_ms=86 bytes=20638
2026-03-14 02:12:16.730 edge /api/events status=200 upstream=B rt_ms=382 bytes=39762
2026-03-14 02:12:17.169 edge /api/events status=500 upstream=B rt_ms=234 bytes=26348
2026-03-14 02:12:17.709 edge /healthz status=200 upstream=B rt_ms=128 bytes=8024
2026-03-14 02:12:19.111 edge /api/events status=200 upstream=B rt_ms=7 bytes=17029
2026-03-14 02:12:21.934 edge /api/orders status=200 upstream=B rt_ms=378 bytes=22224
2026-03-14 02:12:23.725 edge /healthz status=200 upstream=B rt_ms=72 bytes=16429
2026-03-14 02:12:24.714 edge /healthz status=200 upstream=B rt_ms=259 bytes=32540
2026-03-14 02:12:25.122 edge /healthz status=200 upstream=B rt_ms=363 bytes=16053
2026-03-14 02:12:25.140 edge /static/style.css status=200 upstream=B rt_ms=280 bytes=31384
2026-03-14 02:12:26.155 edge /api/orders status=200 upstream=B rt_ms=310 bytes=37360
2026-03-14 02:12:26.244 edge /healthz status=200 upstream=B rt_ms=288 bytes=24531
2026-03-14 02:12:27.801 edge /api/events status=200 upstream=B rt_ms=243 bytes=15197
2026-03-14 02:12:30.122 edge /api/events status=200 upstream=B rt_ms=131 bytes=11750
2026-03-14 02:12:32.101 edge /api/events status=200 upstream=B rt_ms=150 bytes=7508
2026-03-14 02:12:32.539 edge /api/orders status=200 upstream=B rt_ms=206 bytes=18908
2026-03-14 02:12:32.708 edge / status=200 upstream=B rt_ms=8 bytes=22748
2026-03-14 02:12:33.224 edge /static/style.css status=200 upstream=B rt_ms=26 bytes=41947
2026-03-14 02:12:34.464 edge /static/style.css status=200 upstream=B rt_ms=14 bytes=30276
2026-03-14 02:12:34.648 edge /healthz status=200 upstream=B rt_ms=315 bytes=6253
2026-03-14 02:12:35.275 edge /api/orders status=200 upstream=B rt_ms=76 bytes=20481
2026-03-14 02:12:36.040 edge /healthz status=200 upstream=B rt_ms=35 bytes=23153
2026-03-14 02:12:42.314 edge / status=200 upstream=B rt_ms=283 bytes=1328
2026-03-14 02:12:44.627 edge / status=200 upstream=B rt_ms=377 bytes=13991
2026-03-14 02:12:48.309 edge /api/events status=200 upstream=B rt_ms=325 bytes=30559
2026-03-14 02:12:48.922 edge /static/style.css status=200 upstream=B rt_ms=211 bytes=11083
2026-03-14 02:12:53.449 edge /healthz status=200 upstream=B rt_ms=195 bytes=4327
2026-03-14 02:12:54.086 edge / status=200 upstream=B rt_ms=342 bytes=26465
2026-03-14 02:12:55.855 edge /static/style.css status=200 upstream=B rt_ms=11 bytes=19089
2026-03-14 02:12:58.218 edge / status=200 upstream=B rt_ms=78 bytes=10352
2026-03-14 02:12:58.751 edge / status=500 upstream=B rt_ms=345 bytes=37133
2026-03-14 02:12:59.062 edge /api/orders status=200 upstream=B rt_ms=292 bytes=25967
2026-03-14 02:12:59.243 edge /healthz status=200 upstream=B rt_ms=31 bytes=25383
2026-03-14 02:13:00.269 edge /api/orders status=404 upstream=B rt_ms=250 bytes=21034
2026-03-14 02:13:00.620 edge /healthz status=200 upstream=B rt_ms=184 bytes=38843
2026-03-14 02:13:01.861 edge /healthz status=200 upstream=B rt_ms=221 bytes=21050
2026-03-14 02:13:03.924 edge /healthz status=200 upstream=B rt_ms=330 bytes=11064
2026-03-14 02:13:04.334 edge /healthz status=200 upstream=B rt_ms=398 bytes=5211
2026-03-14 02:13:06.089 edge /healthz status=200 upstream=B rt_ms=89 bytes=19543
2026-03-14 02:13:07.123 edge / status=200 upstream=B rt_ms=23 bytes=19381
2026-03-14 02:13:10.398 edge /static/style.css status=200 upstream=B rt_ms=127 bytes=19106
2026-03-14 02:13:10.444 edge /api/events status=200 upstream=B rt_ms=181 bytes=37746
2026-03-14 02:13:13.225 edge /api/events status=500 upstream=B rt_ms=249 bytes=33452
2026-03-14 02:13:13.631 edge /api/events status=200 upstream=B rt_ms=87 bytes=7218
2026-03-14 02:13:17.905 edge /api/orders status=200 upstream=B rt_ms=94 bytes=30147
2026-03-14 02:13:19.136 edge /static/style.css status=200 upstream=B rt_ms=78 bytes=12060
2026-03-14 02:13:27.004 edge /api/events status=200 upstream=B rt_ms=87 bytes=33434
2026-03-14 02:13:27.896 edge /api/events status=200 upstream=B rt_ms=293 bytes=35057
2026-03-14 02:13:30.461 edge /api/events status=200 upstream=B rt_ms=61 bytes=28724
2026-03-14 02:13:30.519 edge /static/style.css status=200 upstream=B rt_ms=53 bytes=21184
2026-03-14 02:13:31.176 edge /static/style.css status=200 upstream=B rt_ms=301 bytes=40846
2026-03-14 02:13:32.953 edge / status=200 upstream=B rt_ms=98 bytes=40809
2026-03-14 02:13:33.070 edge /healthz status=200 upstream=B rt_ms=59 bytes=41473
2026-03-14 02:13:34.877 edge /static/style.css status=200 upstream=B rt_ms=34 bytes=2603
2026-03-14 02:13:37.472 edge / status=200 upstream=B rt_ms=237 bytes=7742
2026-03-14 02:13:40.057 edge /static/style.css status=200 upstream=B rt_ms=92 bytes=19560
2026-03-14 02:13:41.620 edge /api/events status=500 upstream=B rt_ms=246 bytes=7336
2026-03-14 02:13:44.368 edge /api/events status=200 upstream=B rt_ms=201 bytes=14354
2026-03-14 02:13:44.963 edge /healthz status=200 upstream=B rt_ms=189 bytes=36600
2026-03-14 02:13:45.070 edge / status=200 upstream=B rt_ms=11 bytes=24735
2026-03-14 02:13:45.147 edge / status=200 upstream=B rt_ms=287 bytes=5172
2026-03-14 02:13:46.661 edge / status=200 upstream=B rt_ms=211 bytes=24173
2026-03-14 02:13:48.546 edge / status=200 upstream=B rt_ms=200 bytes=17294
2026-03-14 02:13:49.497 edge /healthz status=200 upstream=B rt_ms=74 bytes=19401
2026-03-14 02:13:51.653 edge /api/orders status=200 upstream=B rt_ms=388 bytes=21924
2026-03-14 02:13:51.869 edge / status=200 upstream=B rt_ms=35 bytes=16479
2026-03-14 02:13:52.409 edge /api/orders status=200 upstream=B rt_ms=287 bytes=26537
2026-03-14 02:13:52.509 edge / status=404 upstream=B rt_ms=150 bytes=33813
2026-03-14 02:13:52.838 edge /healthz status=200 upstream=B rt_ms=395 bytes=1147
2026-03-14 02:13:54.597 edge /static/style.css status=200 upstream=B rt_ms=64 bytes=7239
2026-03-14 02:13:55.218 edge /api/events status=200 upstream=B rt_ms=111 bytes=32655
2026-03-14 02:13:57.657 edge /api/events status=200 upstream=B rt_ms=292 bytes=18030
2026-03-14 02:13:58.707 edge /api/orders status=200 upstream=B rt_ms=72 bytes=13934
2026-03-14 02:13:58.964 edge /static/style.css status=404 upstream=B rt_ms=26 bytes=12420
2026-03-14 02:13:59.098 edge /api/events status=200 upstream=B rt_ms=265 bytes=2608
2026-03-14 02:13:59.183 edge /static/style.css status=200 upstream=B rt_ms=328 bytes=23208
2026-03-14 02:14:00.237 edge /healthz status=200 upstream=B rt_ms=37 bytes=7696
2026-03-14 02:14:00.695 edge /static/style.css status=200 upstream=B rt_ms=59 bytes=20593
2026-03-14 02:14:00.952 edge / status=200 upstream=B rt_ms=79 bytes=40018
2026-03-14 02:14:01.117 edge /healthz status=200 upstream=B rt_ms=216 bytes=24202
2026-03-14 02:14:01.346 edge /healthz status=200 upstream=B rt_ms=391 bytes=27851
2026-03-14 02:14:01.492 edge /api/events status=200 upstream=B rt_ms=150 bytes=21216
2026-03-14 02:14:01.669 edge /api/events status=200 upstream=B rt_ms=250 bytes=6151
2026-03-14 02:14:01.786 edge / status=200 upstream=B rt_ms=138 bytes=32687
2026-03-14 02:14:03.134 edge / status=500 upstream=B rt_ms=5 bytes=39802
2026-03-14 02:14:05.477 edge /api/orders status=500 upstream=B rt_ms=139 bytes=38708
2026-03-14 02:14:06.897 edge /static/style.css status=200 upstream=B rt_ms=83 bytes=5922
2026-03-14 02:14:10.455 edge /healthz status=200 upstream=B rt_ms=228 bytes=25843
2026-03-14 02:14:10.528 edge /static/style.css status=200 upstream=B rt_ms=25 bytes=22624
2026-03-14 02:14:12.789 edge /api/orders status=200 upstream=B rt_ms=398 bytes=10983
2026-03-14 02:14:17.583 edge /static/style.css status=200 upstream=B rt_ms=175 bytes=29267
2026-03-14 02:14:18.650 edge /api/events status=200 upstream=B rt_ms=274 bytes=3700
2026-03-14 02:14:19.184 edge /api/events status=200 upstream=B rt_ms=51 bytes=24705
2026-03-14 02:14:20.061 edge /healthz status=200 upstream=B rt_ms=120 bytes=22175
2026-03-14 02:14:20.413 edge /api/orders status=200 upstream=B rt_ms=292 bytes=30864
2026-03-14 02:14:20.898 edge /api/orders status=200 upstream=B rt_ms=240 bytes=5536
2026-03-14 02:14:20.975 edge /api/events status=200 upstream=B rt_ms=372 bytes=11932
2026-03-14 02:14:22.086 edge /static/style.css status=200 upstream=B rt_ms=22 bytes=41203
2026-03-14 02:14:22.535 edge /api/events status=200 upstream=B rt_ms=317 bytes=8762
2026-03-14 02:14:22.958 edge /static/style.css status=200 upstream=B rt_ms=176 bytes=8755
2026-03-14 02:14:24.139 edge /healthz status=200 upstream=B rt_ms=283 bytes=33779
2026-03-14 02:14:25.113 edge /api/events status=200 upstream=B rt_ms=302 bytes=21680
2026-03-14 02:14:26.212 edge /healthz status=200 upstream=B rt_ms=228 bytes=38616
2026-03-14 02:14:27.506 edge /healthz status=200 upstream=B rt_ms=326 bytes=13378
2026-03-14 02:14:27.770 edge / status=200 upstream=B rt_ms=19 bytes=9629
2026-03-14 02:14:29.081 edge /api/events status=200 upstream=B rt_ms=51 bytes=6989
2026-03-14 02:14:31.496 edge /static/style.css status=200 upstream=B rt_ms=353 bytes=14802
2026-03-14 02:14:32.336 edge / status=200 upstream=B rt_ms=229 bytes=4980
2026-03-14 02:14:33.734 edge /api/events status=200 upstream=B rt_ms=252 bytes=6382
2026-03-14 02:14:36.653 edge /api/orders status=200 upstream=B rt_ms=209 bytes=37527
2026-03-14 02:14:39.182 edge /healthz status=200 upstream=B rt_ms=218 bytes=9609
2026-03-14 02:14:40.695 edge /healthz status=200 upstream=B rt_ms=222 bytes=23166
2026-03-14 02:14:42.673 edge /healthz status=200 upstream=B rt_ms=116 bytes=1924
2026-03-14 02:14:43.132 edge /api/events status=200 upstream=B rt_ms=311 bytes=3186
2026-03-14 02:14:43.954 edge / status=200 upstream=B rt_ms=97 bytes=24597
2026-03-14 02:14:44.067 edge /healthz status=200 upstream=B rt_ms=76 bytes=9829
2026-03-14 02:14:44.716 edge / status=200 upstream=B rt_ms=383 bytes=37206
2026-03-14 02:14:44.960 edge /api/orders status=200 upstream=B rt_ms=88 bytes=2128
2026-03-14 02:14:45.106 edge / status=200 upstream=B rt_ms=237 bytes=24057
2026-03-14 02:14:45.692 edge /healthz status=200 upstream=B rt_ms=33 bytes=27786
2026-03-14 02:14:46.283 edge / status=200 upstream=B rt_ms=157 bytes=17934
2026-03-14 02:14:48.413 edge /api/events status=200 upstream=B rt_ms=300 bytes=29412
2026-03-14 02:14:48.924 edge /api/orders status=200 upstream=B rt_ms=59 bytes=22616
2026-03-14 02:14:48.945 edge /api/events status=200 upstream=B rt_ms=263 bytes=18608
2026-03-14 02:14:48.990 edge /healthz status=200 upstream=B rt_ms=256 bytes=27957
2026-03-14 02:14:49.134 edge /healthz status=200 upstream=B rt_ms=315 bytes=16567
2026-03-14 02:14:50.923 edge / status=200 upstream=B rt_ms=63 bytes=4101
2026-03-14 02:14:51.350 edge / status=200 upstream=B rt_ms=148 bytes=12203
2026-03-14 02:14:51.790 edge /static/style.css status=200 upstream=B rt_ms=166 bytes=17978
2026-03-14 02:14:52.809 edge /api/events status=200 upstream=B rt_ms=256 bytes=41054
2026-03-14 02:14:53.113 edge /healthz status=200 upstream=B rt_ms=151 bytes=41026
2026-03-14 02:14:53.259 edge /healthz status=200 upstream=B rt_ms=30 bytes=33242
2026-03-14 02:14:54.047 edge /healthz status=200 upstream=B rt_ms=290 bytes=19119
2026-03-14 02:14:54.213 edge /healthz status=200 upstream=B rt_ms=261 bytes=35348
2026-03-14 02:14:54.549 edge /healthz status=200 upstream=B rt_ms=88 bytes=9176
2026-03-14 02:14:55.729 edge /api/orders status=200 upstream=B rt_ms=292 bytes=35511
2026-03-14 02:14:55.826 edge /healthz status=200 upstream=B rt_ms=334 bytes=8827
2026-03-14 02:14:56.236 edge /static/style.css status=200 upstream=B rt_ms=348 bytes=6232
2026-03-14 02:14:56.451 edge /static/style.css status=200 upstream=B rt_ms=282 bytes=23873
2026-03-14 02:14:57.713 edge /api/orders status=200 upstream=B rt_ms=365 bytes=7198
2026-03-14 02:14:58.969 edge /healthz status=200 upstream=B rt_ms=185 bytes=25582
2026-03-14 02:15:00.015 edge /api/orders status=200 upstream=B rt_ms=76 bytes=21119
2026-03-14 02:15:01.159 edge /static/style.css status=200 upstream=B rt_ms=76 bytes=22173
2026-03-14 02:15:01.207 edge /api/orders status=200 upstream=B rt_ms=178 bytes=30595
2026-03-14 02:15:04.792 edge /api/orders status=200 upstream=B rt_ms=143 bytes=4633
2026-03-14 02:15:06.698 edge / status=200 upstream=B rt_ms=259 bytes=12803
2026-03-14 02:15:07.589 edge /static/style.css status=200 upstream=B rt_ms=208 bytes=31485
2026-03-14 02:15:09.024 edge / status=200 upstream=B rt_ms=137 bytes=27231
2026-03-14 02:15:09.733 edge /api/orders status=200 upstream=B rt_ms=40 bytes=2107
2026-03-14 02:15:09.952 edge /healthz status=200 upstream=B rt_ms=389 bytes=29402
2026-03-14 02:15:11.421 edge /healthz status=500 upstream=B rt_ms=88 bytes=11480
2026-03-14 02:15:11.721 edge /api/orders status=200 upstream=B rt_ms=112 bytes=4427
2026-03-14 02:15:16.243 edge /api/orders status=200 upstream=B rt_ms=286 bytes=16513
2026-03-14 02:15:17.816 edge /healthz status=200 upstream=B rt_ms=154 bytes=4334
2026-03-14 02:15:18.232 edge /api/events status=200 upstream=B rt_ms=221 bytes=28110
2026-03-14 02:15:18.606 edge /static/style.css status=200 upstream=B rt_ms=206 bytes=33149
2026-03-14 02:15:20.096 edge /healthz status=200 upstream=B rt_ms=370 bytes=27366
2026-03-14 02:15:20.353 edge /api/orders status=200 upstream=B rt_ms=363 bytes=29373
2026-03-14 02:15:20.831 edge /api/events status=404 upstream=B rt_ms=310 bytes=909
2026-03-14 02:15:21.090 edge / status=200 upstream=B rt_ms=120 bytes=37825
2026-03-14 02:15:24.263 edge /static/style.css status=200 upstream=B rt_ms=382 bytes=1129
2026-03-14 02:15:24.817 edge / status=200 upstream=B rt_ms=159 bytes=34927
2026-03-14 02:15:26.202 edge /api/events status=200 upstream=B rt_ms=348 bytes=12922
2026-03-14 02:15:27.997 edge /healthz status=200 upstream=B rt_ms=326 bytes=26082
2026-03-14 02:15:32.009 edge /api/orders status=200 upstream=B rt_ms=101 bytes=17478
2026-03-14 02:15:32.086 edge /static/style.css status=500 upstream=B rt_ms=217 bytes=1436
2026-03-14 02:15:32.180 edge /static/style.css status=200 upstream=B rt_ms=280 bytes=30755
2026-03-14 02:15:32.665 edge / status=200 upstream=B rt_ms=52 bytes=18923
2026-03-14 02:15:35.531 edge /static/style.css status=200 upstream=B rt_ms=283 bytes=28091
2026-03-14 02:15:36.347 edge /healthz status=500 upstream=B rt_ms=271 bytes=34580
2026-03-14 02:15:37.317 edge /healthz status=200 upstream=B rt_ms=232 bytes=20235
2026-03-14 02:15:37.835 edge / status=200 upstream=B rt_ms=146 bytes=20420
2026-03-14 02:15:39.267 edge /healthz status=200 upstream=B rt_ms=73 bytes=31290
2026-03-14 02:15:39.558 edge / status=200 upstream=B rt_ms=17 bytes=39902
2026-03-14 02:15:40.236 edge /static/style.css status=200 upstream=B rt_ms=26 bytes=25387
2026-03-14 02:15:40.710 edge /api/orders status=200 upstream=B rt_ms=342 bytes=16369
2026-03-14 02:15:42.798 edge /api/events status=200 upstream=B rt_ms=138 bytes=26619
2026-03-14 02:15:44.168 edge /api/events status=200 upstream=B rt_ms=259 bytes=3776
2026-03-14 02:15:44.561 edge /healthz status=200 upstream=B rt_ms=318 bytes=19917
2026-03-14 02:15:45.188 edge /api/orders status=200 upstream=B rt_ms=113 bytes=5949
2026-03-14 02:15:45.890 edge /static/style.css status=200 upstream=B rt_ms=252 bytes=8560
2026-03-14 02:15:46.054 edge /healthz status=200 upstream=B rt_ms=7 bytes=15537
2026-03-14 02:15:46.604 edge /api/orders status=200 upstream=B rt_ms=169 bytes=41879
2026-03-14 02:15:48.498 edge /api/orders status=200 upstream=B rt_ms=100 bytes=34569
2026-03-14 02:15:49.889 edge /api/orders status=200 upstream=B rt_ms=161 bytes=3702
2026-03-14 02:15:51.492 edge /api/events status=200 upstream=B rt_ms=35 bytes=30702
2026-03-14 02:15:52.355 edge /healthz status=200 upstream=B rt_ms=256 bytes=23526
2026-03-14 02:15:53.137 edge /api/events status=200 upstream=B rt_ms=371 bytes=30328
2026-03-14 02:15:53.825 edge /api/events status=200 upstream=B rt_ms=320 bytes=27376
2026-03-14 02:15:57.245 edge / status=200 upstream=B rt_ms=45 bytes=3694
2026-03-14 02:15:57.293 edge /api/events status=200 upstream=B rt_ms=174 bytes=16485
2026-03-14 02:15:58.844 edge /static/style.css status=200 upstream=B rt_ms=60 bytes=30022
2026-03-14 02:16:00.113 edge / status=200 upstream=B rt_ms=360 bytes=24575
2026-03-14 02:16:01.823 edge /static/style.css status=200 upstream=B rt_ms=307 bytes=26844
2026-03-14 02:16:02.733 edge /api/events status=200 upstream=B rt_ms=335 bytes=22283
2026-03-14 02:16:03.834 edge /healthz status=200 upstream=B rt_ms=101 bytes=27936
2026-03-14 02:16:04.109 edge /static/style.css status=200 upstream=B rt_ms=83 bytes=25122
2026-03-14 02:16:05.805 edge /api/orders status=200 upstream=B rt_ms=193 bytes=26850
2026-03-14 02:16:06.175 edge / status=200 upstream=B rt_ms=281 bytes=26344
2026-03-14 02:16:06.302 edge /healthz status=200 upstream=B rt_ms=33 bytes=39958
2026-03-14 02:16:06.880 edge / status=200 upstream=B rt_ms=251 bytes=24152
2026-03-14 02:16:07.008 edge /static/style.css status=200 upstream=B rt_ms=307 bytes=16459
2026-03-14 02:16:08.670 edge / status=200 upstream=B rt_ms=209 bytes=34896
2026-03-14 02:16:08.892 edge /healthz status=200 upstream=B rt_ms=332 bytes=933
2026-03-14 02:16:09.075 edge /api/orders status=200 upstream=B rt_ms=213 bytes=32959
2026-03-14 02:16:12.922 edge /api/events status=200 upstream=B rt_ms=182 bytes=22195
2026-03-14 02:16:13.273 edge /static/style.css status=200 upstream=B rt_ms=245 bytes=34066
2026-03-14 02:16:14.428 edge /healthz status=200 upstream=B rt_ms=154 bytes=13997
2026-03-14 02:16:17.587 edge / status=200 upstream=B rt_ms=92 bytes=40367
2026-03-14 02:16:21.882 edge /api/orders status=200 upstream=B rt_ms=167 bytes=31687
2026-03-14 02:16:26.371 edge /api/events status=200 upstream=B rt_ms=117 bytes=3243
2026-03-14 02:16:29.237 edge /api/orders status=200 upstream=B rt_ms=392 bytes=36701
2026-03-14 02:16:29.888 edge / status=200 upstream=B rt_ms=142 bytes=15843
2026-03-14 02:16:30.109 edge /healthz status=200 upstream=B rt_ms=68 bytes=38559
2026-03-14 02:16:31.650 edge / status=200 upstream=B rt_ms=218 bytes=17593
2026-03-14 02:16:33.202 edge /healthz status=200 upstream=B rt_ms=384 bytes=14648
2026-03-14 02:16:33.421 edge /api/orders status=200 upstream=B rt_ms=176 bytes=32760
2026-03-14 02:16:36.254 edge /api/orders status=200 upstream=B rt_ms=13 bytes=41725
2026-03-14 02:16:38.265 edge / status=200 upstream=B rt_ms=18 bytes=24761
2026-03-14 02:16:38.441 edge /healthz status=200 upstream=B rt_ms=366 bytes=39326
2026-03-14 02:16:39.222 edge /api/events status=200 upstream=B rt_ms=23 bytes=4925
2026-03-14 02:16:40.187 edge /healthz status=200 upstream=B rt_ms=368 bytes=23578
2026-03-14 02:16:40.253 edge /api/orders status=200 upstream=B rt_ms=310 bytes=6378
2026-03-14 02:16:40.546 edge /api/orders status=200 upstream=B rt_ms=260 bytes=14862
2026-03-14 02:16:40.866 edge / status=404 upstream=B rt_ms=362 bytes=6552
2026-03-14 02:16:41.275 edge / status=200 upstream=B rt_ms=363 bytes=10987
2026-03-14 02:16:47.231 edge /api/orders status=200 upstream=B rt_ms=352 bytes=8945
2026-03-14 02:16:49.720 edge / status=200 upstream=B rt_ms=290 bytes=40180
2026-03-14 02:16:50.446 edge /healthz status=200 upstream=B rt_ms=244 bytes=8840
2026-03-14 02:16:50.654 edge /api/orders status=200 upstream=B rt_ms=375 bytes=30703
2026-03-14 02:16:51.063 edge /api/orders status=200 upstream=B rt_ms=126 bytes=33795
2026-03-14 02:16:51.851 edge /api/events status=200 upstream=B rt_ms=86 bytes=22370
2026-03-14 02:16:54.179 edge /api/orders status=200 upstream=B rt_ms=179 bytes=20327
2026-03-14 02:16:55.951 edge /api/events status=200 upstream=B rt_ms=267 bytes=41626
2026-03-14 02:16:57.788 edge /api/events status=200 upstream=B rt_ms=158 bytes=3492
2026-03-14 02:16:58.001 edge /api/orders status=200 upstream=B rt_ms=305 bytes=38955
2026-03-14 02:16:58.602 edge /healthz status=200 upstream=B rt_ms=65 bytes=28529
2026-03-14 02:16:59.811 edge /api/orders status=200 upstream=B rt_ms=278 bytes=20211
2026-03-14 02:17:00.598 edge /api/events status=200 upstream=B rt_ms=191 bytes=41022
2026-03-14 02:17:01.643 edge /api/orders status=200 upstream=B rt_ms=129 bytes=5514
2026-03-14 02:17:02.156 edge / status=200 upstream=B rt_ms=306 bytes=23015
2026-03-14 02:17:04.028 edge / status=200 upstream=B rt_ms=366 bytes=34492
2026-03-14 02:17:04.054 edge /api/events status=200 upstream=B rt_ms=149 bytes=12990
2026-03-14 02:17:04.072 edge /api/events status=200 upstream=B rt_ms=399 bytes=3956
2026-03-14 02:17:04.229 edge /healthz status=200 upstream=B rt_ms=234 bytes=35008
2026-03-14 02:17:07.194 edge /api/events status=200 upstream=B rt_ms=177 bytes=18108
2026-03-14 02:17:07.602 edge /api/events status=200 upstream=B rt_ms=87 bytes=8447
2026-03-14 02:17:11.237 edge /healthz status=200 upstream=B rt_ms=196 bytes=40926
2026-03-14 02:17:13.687 edge /api/events status=200 upstream=B rt_ms=174 bytes=39425
2026-03-14 02:17:18.990 edge /healthz status=404 upstream=B rt_ms=43 bytes=6335
2026-03-14 02:17:20.721 edge /static/style.css status=500 upstream=B rt_ms=247 bytes=41666
2026-03-14 02:17:22.042 edge /api/orders status=200 upstream=B rt_ms=8 bytes=39605
2026-03-14 02:17:23.608 edge /api/events status=200 upstream=B rt_ms=287 bytes=24273
2026-03-14 02:17:25.994 edge /static/style.css status=500 upstream=B rt_ms=290 bytes=2724
2026-03-14 02:17:26.864 edge /healthz status=200 upstream=B rt_ms=130 bytes=29253
2026-03-14 02:17:29.048 edge / status=200 upstream=B rt_ms=394 bytes=2759
2026-03-14 02:17:29.296 edge / status=200 upstream=B rt_ms=247 bytes=20004
2026-03-14 02:17:30.462 edge /healthz status=200 upstream=B rt_ms=88 bytes=33011
2026-03-14 02:17:30.916 edge / status=200 upstream=B rt_ms=117 bytes=16351
2026-03-14 02:17:31.048 edge /healthz status=200 upstream=B rt_ms=50 bytes=13358
2026-03-14 02:17:31.331 edge / status=200 upstream=B rt_ms=254 bytes=37018
2026-03-14 02:17:31.707 edge /static/style.css status=200 upstream=B rt_ms=37 bytes=5052
2026-03-14 02:17:31.802 edge /api/orders status=200 upstream=B rt_ms=291 bytes=40004
2026-03-14 02:17:32.547 edge /healthz status=200 upstream=B rt_ms=172 bytes=2829
2026-03-14 02:17:34.289 edge /api/events status=200 upstream=B rt_ms=105 bytes=25247
2026-03-14 02:17:36.357 edge /api/events status=500 upstream=B rt_ms=65 bytes=37504
2026-03-14 02:17:38.786 edge /api/orders status=200 upstream=B rt_ms=58 bytes=15047
2026-03-14 02:17:40.778 edge /api/events status=200 upstream=B rt_ms=376 bytes=40092
2026-03-14 02:17:44.774 edge /api/orders status=200 upstream=B rt_ms=217 bytes=27699
2026-03-14 02:17:45.590 edge / status=200 upstream=B rt_ms=15 bytes=38186
2026-03-14 02:17:45.973 edge /healthz status=200 upstream=B rt_ms=156 bytes=12987
2026-03-14 02:17:47.910 edge /static/style.css status=200 upstream=B rt_ms=278 bytes=16023
2026-03-14 02:17:48.836 edge /api/orders status=200 upstream=B rt_ms=83 bytes=32329
2026-03-14 02:17:49.364 edge /api/events status=500 upstream=B rt_ms=46 bytes=21958
2026-03-14 02:17:51.798 edge /api/orders status=200 upstream=B rt_ms=246 bytes=7970
2026-03-14 02:17:53.352 edge /api/orders status=200 upstream=B rt_ms=304 bytes=842
2026-03-14 02:17:54.192 edge / status=200 upstream=B rt_ms=18 bytes=8888
2026-03-14 02:17:56.779 edge / status=200 upstream=B rt_ms=73 bytes=18989
2026-03-14 02:17:56.860 edge /api/events status=200 upstream=B rt_ms=374 bytes=13362
2026-03-14 02:17:59.080 edge /api/events status=200 upstream=B rt_ms=213 bytes=9571
2026-03-14 02:17:59.366 edge /api/orders status=200 upstream=B rt_ms=236 bytes=14960
2026-03-14 02:18:01.380 edge /healthz status=200 upstream=B rt_ms=179 bytes=12716
2026-03-14 02:18:01.635 edge / status=200 upstream=B rt_ms=297 bytes=34460
2026-03-14 02:18:03.294 edge /static/style.css status=200 upstream=B rt_ms=29 bytes=32656
2026-03-14 02:18:03.655 edge /static/style.css status=200 upstream=B rt_ms=362 bytes=31515
2026-03-14 02:18:04.011 edge /static/style.css status=200 upstream=B rt_ms=7 bytes=38275
2026-03-14 02:18:05.529 edge /api/orders status=200 upstream=B rt_ms=126 bytes=15762
2026-03-14 02:18:05.542 edge /static/style.css status=500 upstream=B rt_ms=282 bytes=26825
2026-03-14 02:18:06.898 edge /static/style.css status=200 upstream=B rt_ms=267 bytes=35056
2026-03-14 02:18:08.156 edge /healthz status=200 upstream=B rt_ms=388 bytes=4924
2026-03-14 02:18:08.265 edge /static/style.css status=200 upstream=B rt_ms=263 bytes=9339
2026-03-14 02:18:11.994 edge /api/orders status=200 upstream=B rt_ms=201 bytes=28990
2026-03-14 02:18:12.208 edge /api/events status=200 upstream=B rt_ms=34 bytes=37083
2026-03-14 02:18:12.619 edge / status=200 upstream=B rt_ms=77 bytes=21582
2026-03-14 02:18:13.759 edge /api/events status=200 upstream=B rt_ms=143 bytes=24991
2026-03-14 02:18:13.970 edge /api/orders status=200 upstream=B rt_ms=140 bytes=12913
2026-03-14 02:18:14.399 edge /api/events status=200 upstream=B rt_ms=334 bytes=24527
2026-03-14 02:18:15.960 edge / status=200 upstream=B rt_ms=86 bytes=15654
2026-03-14 02:18:16.296 edge / status=200 upstream=B rt_ms=212 bytes=8035
2026-03-14 02:18:19.974 edge / status=200 upstream=B rt_ms=370 bytes=31751
2026-03-14 02:18:25.414 edge / status=200 upstream=B rt_ms=394 bytes=41649
2026-03-14 02:18:27.036 edge /api/events status=200 upstream=B rt_ms=253 bytes=14253
2026-03-14 02:18:27.900 edge /static/style.css status=200 upstream=B rt_ms=156 bytes=10781
2026-03-14 02:18:28.647 edge /api/orders status=500 upstream=B rt_ms=393 bytes=15452
2026-03-14 02:18:28.730 edge / status=200 upstream=B rt_ms=23 bytes=8555
2026-03-14 02:18:29.810 edge /static/style.css status=200 upstream=B rt_ms=340 bytes=21146
2026-03-14 02:18:31.659 edge /healthz status=200 upstream=B rt_ms=373 bytes=41113
2026-03-14 02:18:32.355 edge /healthz status=200 upstream=B rt_ms=360 bytes=37321
2026-03-14 02:18:33.037 edge /api/orders status=200 upstream=B rt_ms=52 bytes=31403
2026-03-14 02:18:33.154 edge /static/style.css status=200 upstream=B rt_ms=189 bytes=6947
2026-03-14 02:18:33.181 edge /healthz status=200 upstream=B rt_ms=174 bytes=24045
2026-03-14 02:18:33.861 edge /healthz status=200 upstream=B rt_ms=333 bytes=34058
2026-03-14 02:18:34.897 edge /api/events status=200 upstream=B rt_ms=246 bytes=25046
2026-03-14 02:18:35.791 edge /api/events status=200 upstream=B rt_ms=282 bytes=10856
2026-03-14 02:18:38.159 edge /api/orders status=200 upstream=B rt_ms=244 bytes=2133
2026-03-14 02:18:39.555 edge /healthz status=200 upstream=B rt_ms=236 bytes=13264
2026-03-14 02:18:39.717 edge /api/events status=200 upstream=B rt_ms=45 bytes=24900
2026-03-14 02:18:41.747 edge /api/events status=200 upstream=B rt_ms=346 bytes=38432
2026-03-14 02:18:43.169 edge /healthz status=200 upstream=B rt_ms=392 bytes=24582
2026-03-14 02:18:43.993 edge /static/style.css status=200 upstream=B rt_ms=51 bytes=18146
2026-03-14 02:18:45.146 edge /static/style.css status=200 upstream=B rt_ms=21 bytes=6587
2026-03-14 02:18:45.374 edge /healthz status=200 upstream=B rt_ms=282 bytes=32719
2026-03-14 02:18:46.033 edge /api/orders status=200 upstream=B rt_ms=123 bytes=1883
2026-03-14 02:18:47.623 edge /api/orders status=200 upstream=B rt_ms=26 bytes=38390
2026-03-14 02:18:48.963 edge /api/orders status=200 upstream=B rt_ms=24 bytes=31729
2026-03-14 02:18:49.591 edge / status=200 upstream=B rt_ms=31 bytes=26791
2026-03-14 02:18:51.140 edge /api/orders status=200 upstream=B rt_ms=64 bytes=39241
2026-03-14 02:18:52.262 edge /healthz status=200 upstream=B rt_ms=329 bytes=22841
2026-03-14 02:18:53.714 edge /api/orders status=200 upstream=B rt_ms=214 bytes=33589
2026-03-14 02:18:56.010 edge /api/orders status=200 upstream=B rt_ms=224 bytes=7685
2026-03-14 02:18:56.013 edge /healthz status=200 upstream=B rt_ms=377 bytes=12498
2026-03-14 02:18:56.609 edge / status=200 upstream=B rt_ms=237 bytes=33912
2026-03-14 02:18:56.799 edge /static/style.css status=200 upstream=B rt_ms=264 bytes=36354
2026-03-14 02:18:57.958 edge /healthz status=200 upstream=B rt_ms=378 bytes=40450
2026-03-14 02:18:59.739 edge /static/style.css status=200 upstream=B rt_ms=179 bytes=6575
2026-03-14 02:19:03.218 edge / status=200 upstream=B rt_ms=160 bytes=6731
2026-03-14 02:19:03.263 edge /healthz status=200 upstream=B rt_ms=62 bytes=24409
2026-03-14 02:19:03.401 edge / status=200 upstream=B rt_ms=398 bytes=38713
2026-03-14 02:19:03.917 edge /healthz status=200 upstream=B rt_ms=190 bytes=41356
2026-03-14 02:19:05.940 edge /static/style.css status=200 upstream=B rt_ms=244 bytes=18513
2026-03-14 02:19:10.624 edge /api/events status=200 upstream=B rt_ms=292 bytes=35239
2026-03-14 02:19:11.140 edge / status=200 upstream=B rt_ms=371 bytes=14884
2026-03-14 02:19:12.210 edge /healthz status=200 upstream=B rt_ms=307 bytes=37226
2026-03-14 02:19:12.936 edge /api/events status=200 upstream=B rt_ms=248 bytes=31176
2026-03-14 02:19:14.504 edge / status=200 upstream=B rt_ms=192 bytes=11695
2026-03-14 02:19:16.611 edge /api/events status=200 upstream=B rt_ms=292 bytes=24000
2026-03-14 02:19:19.351 edge /api/orders status=200 upstream=B rt_ms=42 bytes=25778
2026-03-14 02:19:20.030 edge /static/style.css status=200 upstream=B rt_ms=78 bytes=4519
2026-03-14 02:19:20.318 edge /api/orders status=200 upstream=B rt_ms=183 bytes=15402
2026-03-14 02:19:20.497 edge /api/orders status=200 upstream=B rt_ms=303 bytes=37343
2026-03-14 02:19:20.651 edge / status=200 upstream=B rt_ms=398 bytes=36691
2026-03-14 02:19:21.220 edge /static/style.css status=200 upstream=B rt_ms=147 bytes=15731
2026-03-14 02:19:23.644 edge /api/orders status=200 upstream=B rt_ms=57 bytes=21454
2026-03-14 02:19:24.796 edge /api/orders status=200 upstream=B rt_ms=236 bytes=34230
2026-03-14 02:19:29.968 edge /api/events status=200 upstream=B rt_ms=68 bytes=34016
2026-03-14 02:19:31.939 edge /healthz status=200 upstream=B rt_ms=166 bytes=6895
2026-03-14 02:19:34.472 edge / status=404 upstream=B rt_ms=350 bytes=16152
2026-03-14 02:19:35.004 edge / status=200 upstream=B rt_ms=338 bytes=39851
2026-03-14 02:19:37.791 edge /healthz status=200 upstream=B rt_ms=235 bytes=5047
2026-03-14 02:19:38.827 edge / status=200 upstream=B rt_ms=142 bytes=33122
2026-03-14 02:19:39.229 edge /healthz status=200 upstream=B rt_ms=96 bytes=2906
2026-03-14 02:19:39.537 edge /api/events status=200 upstream=B rt_ms=263 bytes=33437
2026-03-14 02:19:42.734 edge /api/orders status=200 upstream=B rt_ms=184 bytes=9316
2026-03-14 02:19:43.021 edge /api/events status=200 upstream=B rt_ms=313 bytes=28585
2026-03-14 02:19:43.031 edge /static/style.css status=200 upstream=B rt_ms=145 bytes=8518
2026-03-14 02:19:45.316 edge /api/orders status=200 upstream=B rt_ms=211 bytes=1006
2026-03-14 02:19:46.058 edge /api/events status=200 upstream=B rt_ms=147 bytes=7416
2026-03-14 02:19:46.617 edge /api/orders status=200 upstream=B rt_ms=362 bytes=781
2026-03-14 02:19:46.815 edge / status=200 upstream=B rt_ms=72 bytes=34598
2026-03-14 02:19:47.779 edge /api/events status=200 upstream=B rt_ms=369 bytes=36035
2026-03-14 02:19:48.425 edge / status=200 upstream=B rt_ms=224 bytes=15010
2026-03-14 02:19:48.673 edge /api/events status=200 upstream=B rt_ms=223 bytes=15110
2026-03-14 02:19:49.898 edge /static/style.css status=200 upstream=B rt_ms=313 bytes=40916
2026-03-14 02:19:54.579 edge /static/style.css status=200 upstream=B rt_ms=47 bytes=10106
2026-03-14 02:19:55.025 edge /api/events status=200 upstream=B rt_ms=396 bytes=28248
2026-03-14 02:19:55.053 edge /api/events status=200 upstream=B rt_ms=182 bytes=2328
2026-03-14 02:19:56.388 edge /api/orders status=200 upstream=B rt_ms=236 bytes=27357
2026-03-14 02:19:57.509 edge / status=200 upstream=B rt_ms=274 bytes=8892
2026-03-14 02:19:58.190 edge /api/events status=200 upstream=B rt_ms=128 bytes=32231
2026-03-14 02:19:59.004 edge /api/orders status=200 upstream=B rt_ms=293 bytes=9073
2026-03-14 02:19:59.721 edge /api/events status=200 upstream=B rt_ms=207 bytes=9124
2026-03-14 02:20:00.580 edge /api/events status=200 upstream=B rt_ms=283 bytes=26059
2026-03-14 02:20:01.191 edge /static/style.css status=200 upstream=B rt_ms=346 bytes=32252
2026-03-14 02:20:01.305 edge /static/style.css status=200 upstream=B rt_ms=221 bytes=7766
2026-03-14 02:20:03.551 edge /api/orders status=200 upstream=B rt_ms=395 bytes=38402
2026-03-14 02:20:03.553 edge /api/orders status=200 upstream=B rt_ms=181 bytes=34744
2026-03-14 02:20:04.454 edge / status=200 upstream=B rt_ms=46 bytes=32459
2026-03-14 02:20:04.783 edge /healthz status=200 upstream=B rt_ms=205 bytes=18461
2026-03-14 02:20:05.127 edge /healthz status=200 upstream=B rt_ms=350 bytes=2232
2026-03-14 02:20:06.649 edge /healthz status=200 upstream=B rt_ms=155 bytes=37358
2026-03-14 02:20:08.754 edge /healthz status=200 upstream=B rt_ms=211 bytes=813
2026-03-14 02:20:12.352 edge /api/events status=200 upstream=B rt_ms=367 bytes=19344
2026-03-14 02:20:12.353 edge / status=200 upstream=B rt_ms=349 bytes=27280
2026-03-14 02:20:13.228 edge /static/style.css status=404 upstream=B rt_ms=77 bytes=32878
2026-03-14 02:20:13.580 edge /healthz status=200 upstream=B rt_ms=328 bytes=3579
2026-03-14 02:20:14.248 edge /api/orders status=200 upstream=B rt_ms=329 bytes=20231
2026-03-14 02:20:14.478 edge /static/style.css status=200 upstream=B rt_ms=166 bytes=36027
2026-03-14 02:20:15.355 edge /healthz status=404 upstream=B rt_ms=281 bytes=9616
2026-03-14 02:20:18.245 edge /static/style.css status=200 upstream=B rt_ms=73 bytes=18523
2026-03-14 02:20:18.520 edge /healthz status=200 upstream=B rt_ms=45 bytes=27782
2026-03-14 02:20:20.127 edge / status=200 upstream=B rt_ms=263 bytes=2999
2026-03-14 02:20:20.181 edge /healthz status=200 upstream=B rt_ms=16 bytes=32596
2026-03-14 02:20:22.026 edge /api/orders status=200 upstream=B rt_ms=49 bytes=23186
2026-03-14 02:20:22.591 edge /healthz status=200 upstream=B rt_ms=183 bytes=11908
2026-03-14 02:20:23.811 edge / status=200 upstream=B rt_ms=51 bytes=22119
2026-03-14 02:20:24.288 edge /api/orders status=200 upstream=B rt_ms=285 bytes=37346
2026-03-14 02:20:24.618 edge /api/orders status=200 upstream=B rt_ms=282 bytes=6915
2026-03-14 02:20:25.492 edge /api/events status=200 upstream=B rt_ms=378 bytes=17837
2026-03-14 02:20:28.465 edge /api/orders status=200 upstream=B rt_ms=350 bytes=36298
2026-03-14 02:20:30.340 edge /api/orders status=200 upstream=B rt_ms=45 bytes=19604
2026-03-14 02:20:30.419 edge /healthz status=200 upstream=B rt_ms=173 bytes=6648
2026-03-14 02:20:32.419 edge /static/style.css status=200 upstream=B rt_ms=30 bytes=25325
2026-03-14 02:20:33.777 edge /healthz status=200 upstream=B rt_ms=12 bytes=41075
2026-03-14 02:20:35.772 edge /api/orders status=200 upstream=B rt_ms=377 bytes=9992
2026-03-14 02:20:36.424 edge /api/events status=200 upstream=B rt_ms=352 bytes=8271
2026-03-14 02:20:37.175 edge /static/style.css status=200 upstream=B rt_ms=22 bytes=331
2026-03-14 02:20:38.612 edge /api/orders status=200 upstream=B rt_ms=274 bytes=36946
2026-03-14 02:20:38.741 edge /healthz status=200 upstream=B rt_ms=267 bytes=10243
2026-03-14 02:20:39.886 edge / status=200 upstream=B rt_ms=362 bytes=40646
2026-03-14 02:20:40.571 edge / status=200 upstream=B rt_ms=188 bytes=26124
2026-03-14 02:20:41.475 edge /api/orders status=200 upstream=B rt_ms=18 bytes=20252
2026-03-14 02:20:41.851 edge /api/orders status=200 upstream=B rt_ms=43 bytes=35732
2026-03-14 02:20:42.091 edge / status=200 upstream=B rt_ms=83 bytes=1916
2026-03-14 02:20:43.178 edge /api/events status=200 upstream=B rt_ms=104 bytes=40945
2026-03-14 02:20:44.244 edge /api/events status=200 upstream=B rt_ms=213 bytes=30473
2026-03-14 02:20:46.042 edge /api/orders status=200 upstream=B rt_ms=363 bytes=22301
2026-03-14 02:20:49.294 edge /api/orders status=200 upstream=B rt_ms=277 bytes=34096
2026-03-14 02:20:50.667 edge /static/style.css status=200 upstream=B rt_ms=10 bytes=26383
2026-03-14 02:20:52.903 edge / status=200 upstream=B rt_ms=359 bytes=25655
2026-03-14 02:20:53.876 edge /api/events status=200 upstream=B rt_ms=307 bytes=6293
2026-03-14 02:20:54.960 edge /api/orders status=200 upstream=B rt_ms=395 bytes=577
2026-03-14 02:20:55.162 edge /static/style.css status=200 upstream=B rt_ms=216 bytes=1728
2026-03-14 02:21:00.039 edge /api/events status=200 upstream=B rt_ms=364 bytes=20011
2026-03-14 02:21:00.316 edge /static/style.css status=200 upstream=B rt_ms=125 bytes=34824
2026-03-14 02:21:00.579 edge / status=200 upstream=B rt_ms=391 bytes=23673
2026-03-14 02:21:00.881 edge /api/orders status=200 upstream=B rt_ms=97 bytes=24837
2026-03-14 02:21:01.727 edge /healthz status=200 upstream=B rt_ms=360 bytes=41644
2026-03-14 02:21:02.044 edge /api/orders status=200 upstream=B rt_ms=143 bytes=20843
2026-03-14 02:21:02.485 edge /static/style.css status=200 upstream=B rt_ms=289 bytes=23438
2026-03-14 02:21:02.792 edge /api/orders status=200 upstream=B rt_ms=21 bytes=6995
2026-03-14 02:21:02.820 edge /healthz status=200 upstream=B rt_ms=381 bytes=40318
2026-03-14 02:21:05.858 edge / status=200 upstream=B rt_ms=325 bytes=41716
2026-03-14 02:21:06.521 edge /static/style.css status=200 upstream=B rt_ms=345 bytes=32289
2026-03-14 02:21:06.534 edge /healthz status=500 upstream=B rt_ms=327 bytes=16043
2026-03-14 02:21:07.489 edge /api/events status=200 upstream=B rt_ms=277 bytes=26615
2026-03-14 02:21:08.615 edge / status=500 upstream=B rt_ms=109 bytes=1180
2026-03-14 02:21:08.825 edge /healthz status=200 upstream=B rt_ms=250 bytes=1163
2026-03-14 02:21:11.828 edge /healthz status=200 upstream=B rt_ms=304 bytes=16257
2026-03-14 02:21:12.200 edge /api/events status=200 upstream=B rt_ms=135 bytes=39995
2026-03-14 02:21:12.311 edge /static/style.css status=200 upstream=B rt_ms=392 bytes=28503
2026-03-14 02:21:12.968 edge /healthz status=200 upstream=B rt_ms=25 bytes=38146
2026-03-14 02:21:15.145 edge /api/events status=200 upstream=B rt_ms=4 bytes=3220
2026-03-14 02:21:18.169 edge /api/events status=500 upstream=B rt_ms=152 bytes=5824
2026-03-14 02:21:19.281 edge /api/events status=200 upstream=B rt_ms=176 bytes=12584
2026-03-14 02:21:19.323 edge /api/events status=200 upstream=B rt_ms=18 bytes=37280
2026-03-14 02:21:19.553 edge / status=200 upstream=B rt_ms=69 bytes=38551
2026-03-14 02:21:21.599 edge /api/events status=200 upstream=B rt_ms=65 bytes=15436
2026-03-14 02:21:24.297 edge /static/style.css status=500 upstream=B rt_ms=188 bytes=31255
2026-03-14 02:21:24.466 edge /static/style.css status=500 upstream=B rt_ms=121 bytes=16969
2026-03-14 02:21:26.049 edge /healthz status=404 upstream=B rt_ms=273 bytes=36654
2026-03-14 02:21:28.450 edge /api/orders status=200 upstream=B rt_ms=250 bytes=310
2026-03-14 02:21:29.563 edge /static/style.css status=200 upstream=B rt_ms=146 bytes=33108
2026-03-14 02:21:30.575 edge /healthz status=200 upstream=B rt_ms=219 bytes=32340
2026-03-14 02:21:31.049 edge /healthz status=200 upstream=B rt_ms=371 bytes=7904
2026-03-14 02:21:31.159 edge /static/style.css status=200 upstream=B rt_ms=34 bytes=13306
2026-03-14 02:21:32.893 edge / status=200 upstream=B rt_ms=191 bytes=11229
2026-03-14 02:21:33.812 edge /api/orders status=200 upstream=B rt_ms=87 bytes=30109
2026-03-14 02:21:35.485 edge /api/orders status=200 upstream=B rt_ms=391 bytes=38579
2026-03-14 02:21:37.133 edge /api/events status=200 upstream=B rt_ms=192 bytes=7631
2026-03-14 02:21:38.519 edge /static/style.css status=200 upstream=B rt_ms=143 bytes=8107
2026-03-14 02:21:39.760 edge / status=200 upstream=B rt_ms=90 bytes=36660
2026-03-14 02:21:39.985 edge /healthz status=200 upstream=B rt_ms=247 bytes=34379
2026-03-14 02:21:41.161 edge / status=200 upstream=B rt_ms=255 bytes=8118
2026-03-14 02:21:42.347 edge /api/events status=200 upstream=B rt_ms=390 bytes=26976
2026-03-14 02:21:44.604 edge / status=200 upstream=B rt_ms=19 bytes=19628
2026-03-14 02:21:45.944 edge /api/orders status=200 upstream=B rt_ms=314 bytes=16398
2026-03-14 02:21:47.072 edge /api/events status=200 upstream=B rt_ms=118 bytes=19286
2026-03-14 02:21:50.536 edge / status=200 upstream=B rt_ms=285 bytes=14783
2026-03-14 02:21:51.918 edge /static/style.css status=200 upstream=B rt_ms=283 bytes=15700
2026-03-14 02:21:52.543 edge /healthz status=200 upstream=B rt_ms=89 bytes=32695
2026-03-14 02:21:54.098 edge /static/style.css status=200 upstream=B rt_ms=225 bytes=13516
2026-03-14 02:21:55.430 edge /api/orders status=200 upstream=B rt_ms=251 bytes=18838
2026-03-14 02:21:56.356 edge /api/events status=200 upstream=B rt_ms=68 bytes=3696
2026-03-14 02:21:56.889 edge / status=200 upstream=B rt_ms=138 bytes=13416
2026-03-14 02:21:57.657 edge /api/orders status=200 upstream=B rt_ms=143 bytes=19889
2026-03-14 02:21:58.568 edge / status=200 upstream=B rt_ms=268 bytes=8291
2026-03-14 02:21:59.374 edge /api/events status=500 upstream=B rt_ms=62 bytes=20484
2026-03-14 02:22:00.420 edge /api/orders status=200 upstream=B rt_ms=247 bytes=11044
2026-03-14 02:22:00.895 edge /static/style.css status=200 upstream=B rt_ms=34 bytes=31275
2026-03-14 02:22:02.032 edge /healthz status=200 upstream=B rt_ms=54 bytes=20667
2026-03-14 02:22:02.519 edge /api/orders status=200 upstream=B rt_ms=12 bytes=17642
2026-03-14 02:22:03.013 edge /static/style.css status=200 upstream=B rt_ms=309 bytes=3400
2026-03-14 02:22:04.335 edge /healthz status=200 upstream=B rt_ms=263 bytes=40747
2026-03-14 02:22:05.135 edge / status=200 upstream=B rt_ms=45 bytes=28569
2026-03-14 02:22:06.957 edge /api/orders status=200 upstream=B rt_ms=244 bytes=2688
2026-03-14 02:22:07.231 edge /api/orders status=200 upstream=B rt_ms=93 bytes=5268
2026-03-14 02:22:08.185 edge /api/events status=200 upstream=B rt_ms=357 bytes=30833
2026-03-14 02:22:09.309 edge /healthz status=200 upstream=B rt_ms=34 bytes=36767
2026-03-14 02:22:10.700 edge / status=200 upstream=B rt_ms=192 bytes=32011
2026-03-14 02:22:11.022 edge /api/events status=200 upstream=B rt_ms=235 bytes=27684
2026-03-14 02:22:15.718 edge /healthz status=200 upstream=B rt_ms=212 bytes=31493
2026-03-14 02:22:17.789 edge /healthz status=200 upstream=B rt_ms=346 bytes=22529
2026-03-14 02:22:18.103 edge / status=200 upstream=B rt_ms=22 bytes=30891
2026-03-14 02:22:18.209 edge /api/events status=200 upstream=B rt_ms=217 bytes=13916
2026-03-14 02:22:18.829 edge /api/events status=200 upstream=B rt_ms=149 bytes=13106
2026-03-14 02:22:19.218 edge / status=200 upstream=B rt_ms=252 bytes=29321
2026-03-14 02:22:20.091 edge / status=200 upstream=B rt_ms=70 bytes=1242
2026-03-14 02:22:20.171 edge / status=200 upstream=B rt_ms=348 bytes=34620
2026-03-14 02:22:22.524 edge /static/style.css status=200 upstream=B rt_ms=111 bytes=11718
2026-03-14 02:22:24.887 edge /api/orders status=200 upstream=B rt_ms=92 bytes=12565
2026-03-14 02:22:26.048 edge /static/style.css status=200 upstream=B rt_ms=120 bytes=35046
2026-03-14 02:22:26.738 edge /api/orders status=200 upstream=B rt_ms=255 bytes=460
2026-03-14 02:22:27.678 edge /api/orders status=200 upstream=B rt_ms=63 bytes=28792
2026-03-14 02:22:30.415 edge /api/orders status=200 upstream=B rt_ms=56 bytes=19805
2026-03-14 02:22:30.660 edge /healthz status=200 upstream=B rt_ms=115 bytes=18464
2026-03-14 02:22:31.474 edge /healthz status=200 upstream=B rt_ms=262 bytes=11920
2026-03-14 02:22:32.282 edge /api/orders status=200 upstream=B rt_ms=278 bytes=8335
2026-03-14 02:22:34.219 edge /api/orders status=200 upstream=B rt_ms=252 bytes=35420
2026-03-14 02:22:35.287 edge / status=200 upstream=B rt_ms=250 bytes=40824
2026-03-14 02:22:36.228 edge /api/orders status=200 upstream=B rt_ms=45 bytes=29845
2026-03-14 02:22:38.463 edge / status=200 upstream=B rt_ms=14 bytes=4884
2026-03-14 02:22:40.289 edge /static/style.css status=200 upstream=B rt_ms=45 bytes=694
2026-03-14 02:22:40.580 edge /healthz status=200 upstream=B rt_ms=54 bytes=25888
2026-03-14 02:22:40.586 edge /static/style.css status=200 upstream=B rt_ms=262 bytes=40595
2026-03-14 02:22:41.288 edge /api/orders status=200 upstream=B rt_ms=392 bytes=31919
2026-03-14 02:22:41.788 edge /healthz status=200 upstream=B rt_ms=344 bytes=35409
2026-03-14 02:22:42.055 edge /api/events status=200 upstream=B rt_ms=78 bytes=17577
2026-03-14 02:22:42.172 edge /static/style.css status=200 upstream=B rt_ms=79 bytes=7004
2026-03-14 02:22:42.371 edge /api/events status=200 upstream=B rt_ms=274 bytes=6354
2026-03-14 02:22:43.324 edge /api/orders status=500 upstream=B rt_ms=5 bytes=38099
2026-03-14 02:22:43.350 edge /static/style.css status=200 upstream=B rt_ms=100 bytes=15678
2026-03-14 02:22:43.377 edge /healthz status=200 upstream=B rt_ms=48 bytes=26991
2026-03-14 02:22:43.686 edge /static/style.css status=200 upstream=B rt_ms=242 bytes=39293
2026-03-14 02:22:43.834 edge /static/style.css status=200 upstream=B rt_ms=278 bytes=11176
2026-03-14 02:22:44.385 edge /healthz status=200 upstream=B rt_ms=148 bytes=33283
2026-03-14 02:22:44.448 edge /api/events status=200 upstream=B rt_ms=220 bytes=14658
2026-03-14 02:22:46.479 edge /healthz status=200 upstream=B rt_ms=113 bytes=35076
2026-03-14 02:22:48.400 edge /healthz status=200 upstream=B rt_ms=384 bytes=5586
2026-03-14 02:22:49.921 edge /healthz status=200 upstream=B rt_ms=330 bytes=1678
2026-03-14 02:22:50.117 edge /api/events status=200 upstream=B rt_ms=270 bytes=19173
2026-03-14 02:22:51.549 edge / status=200 upstream=B rt_ms=69 bytes=27737
2026-03-14 02:22:53.914 edge /healthz status=200 upstream=B rt_ms=346 bytes=41085
2026-03-14 02:22:54.352 edge /api/orders status=200 upstream=B rt_ms=25 bytes=28766
2026-03-14 02:22:54.639 edge / status=404 upstream=B rt_ms=152 bytes=26181
2026-03-14 02:22:54.951 edge /api/orders status=200 upstream=B rt_ms=268 bytes=5369
2026-03-14 02:22:55.432 edge /static/style.css status=200 upstream=B rt_ms=178 bytes=31142
2026-03-14 02:22:56.164 edge /static/style.css status=200 upstream=B rt_ms=93 bytes=21097
2026-03-14 02:22:56.809 edge / status=200 upstream=B rt_ms=372 bytes=419
2026-03-14 02:22:57.082 edge /static/style.css status=200 upstream=B rt_ms=123 bytes=37840
2026-03-14 02:22:57.369 edge /api/events status=404 upstream=B rt_ms=232 bytes=6890
2026-03-14 02:22:58.355 edge / status=200 upstream=B rt_ms=258 bytes=10648
2026-03-14 02:22:58.558 edge /api/events status=200 upstream=B rt_ms=337 bytes=36933
2026-03-14 02:23:00.586 edge /healthz status=200 upstream=B rt_ms=338 bytes=35428
2026-03-14 02:23:00.861 edge /api/orders status=200 upstream=B rt_ms=288 bytes=37553
2026-03-14 02:23:01.533 edge /healthz status=200 upstream=B rt_ms=86 bytes=37042
2026-03-14 02:23:03.084 edge /static/style.css status=200 upstream=B rt_ms=313 bytes=41257
2026-03-14 02:23:06.037 edge /api/events status=200 upstream=B rt_ms=151 bytes=28465
2026-03-14 02:23:07.532 edge /static/style.css status=200 upstream=B rt_ms=304 bytes=6977
2026-03-14 02:23:08.053 edge / status=200 upstream=B rt_ms=236 bytes=16101
2026-03-14 02:23:08.295 edge /static/style.css status=500 upstream=B rt_ms=195 bytes=31232
2026-03-14 02:23:08.339 edge /static/style.css status=200 upstream=B rt_ms=340 bytes=25115
2026-03-14 02:23:10.068 edge /api/orders status=200 upstream=B rt_ms=146 bytes=22711
2026-03-14 02:23:10.227 edge / status=200 upstream=B rt_ms=314 bytes=26103
2026-03-14 02:23:10.445 edge /api/orders status=200 upstream=B rt_ms=20 bytes=39931
2026-03-14 02:23:14.464 edge /api/events status=500 upstream=B rt_ms=376 bytes=11065
2026-03-14 02:23:14.623 edge /api/orders status=200 upstream=B rt_ms=30 bytes=20434
2026-03-14 02:23:15.253 edge / status=200 upstream=B rt_ms=196 bytes=28685
2026-03-14 02:23:18.280 edge /static/style.css status=200 upstream=B rt_ms=170 bytes=5392
2026-03-14 02:23:18.403 edge /healthz status=200 upstream=B rt_ms=125 bytes=26286
2026-03-14 02:23:19.308 edge /healthz status=200 upstream=B rt_ms=176 bytes=25531
2026-03-14 02:23:19.787 edge /api/orders status=200 upstream=B rt_ms=264 bytes=5544
2026-03-14 02:23:20.215 edge /api/events status=200 upstream=B rt_ms=327 bytes=5022
2026-03-14 02:23:20.513 edge / status=200 upstream=B rt_ms=261 bytes=41492
2026-03-14 02:23:20.888 edge /api/events status=200 upstream=B rt_ms=243 bytes=27112
2026-03-14 02:23:20.897 edge /api/orders status=200 upstream=B rt_ms=270 bytes=3229
2026-03-14 02:23:23.453 edge /healthz status=200 upstream=B rt_ms=283 bytes=30205
2026-03-14 02:23:24.386 edge /api/orders status=200 upstream=B rt_ms=60 bytes=10363
2026-03-14 02:23:25.145 edge /healthz status=200 upstream=B rt_ms=104 bytes=5801
2026-03-14 02:23:25.997 edge /static/style.css status=200 upstream=B rt_ms=183 bytes=11133
2026-03-14 02:23:28.438 edge / status=200 upstream=B rt_ms=317 bytes=40350
2026-03-14 02:23:30.447 edge /api/orders status=200 upstream=B rt_ms=17 bytes=17814
2026-03-14 02:23:30.815 edge /api/events status=200 upstream=B rt_ms=44 bytes=31396
2026-03-14 02:23:31.015 edge /api/events status=200 upstream=B rt_ms=184 bytes=21034
2026-03-14 02:23:33.269 edge /healthz status=200 upstream=B rt_ms=201 bytes=35443
2026-03-14 02:23:33.351 edge /api/orders status=200 upstream=B rt_ms=351 bytes=17044
2026-03-14 02:23:36.013 edge /static/style.css status=200 upstream=B rt_ms=253 bytes=21578
2026-03-14 02:23:36.607 edge / status=200 upstream=B rt_ms=275 bytes=41658
2026-03-14 02:23:36.770 edge /static/style.css status=500 upstream=B rt_ms=86 bytes=18616
2026-03-14 02:23:36.979 edge /api/orders status=200 upstream=B rt_ms=173 bytes=29288
2026-03-14 02:23:37.796 edge /healthz status=200 upstream=B rt_ms=296 bytes=21080
2026-03-14 02:23:38.885 edge /static/style.css status=200 upstream=B rt_ms=44 bytes=37214
2026-03-14 02:23:39.026 edge / status=200 upstream=B rt_ms=219 bytes=21979
2026-03-14 02:23:39.756 edge /api/orders status=200 upstream=B rt_ms=254 bytes=21136
2026-03-14 02:23:39.907 edge /api/orders status=200 upstream=B rt_ms=156 bytes=32283
2026-03-14 02:23:43.998 edge /healthz status=200 upstream=B rt_ms=295 bytes=8830
2026-03-14 02:23:47.287 edge / status=200 upstream=B rt_ms=244 bytes=10407
2026-03-14 02:23:48.107 edge /api/events status=404 upstream=B rt_ms=303 bytes=25815
2026-03-14 02:23:48.803 edge /healthz status=500 upstream=B rt_ms=178 bytes=37007
2026-03-14 02:23:50.742 edge /static/style.css status=200 upstream=B rt_ms=366 bytes=28137
2026-03-14 02:23:54.979 edge /api/events status=200 upstream=B rt_ms=92 bytes=27712
2026-03-14 02:23:55.080 edge /static/style.css status=200 upstream=B rt_ms=31 bytes=5564
2026-03-14 02:23:56.064 edge / status=200 upstream=B rt_ms=264 bytes=17141
2026-03-14 02:23:56.789 edge /api/events status=200 upstream=B rt_ms=35 bytes=40069
2026-03-14 02:23:56.862 edge /healthz status=200 upstream=B rt_ms=242 bytes=25846
2026-03-14 02:23:57.347 edge /api/events status=200 upstream=B rt_ms=304 bytes=5747
2026-03-14 02:23:58.146 edge /api/events status=200 upstream=B rt_ms=48 bytes=18921
2026-03-14 02:24:01.166 edge /api/events status=200 upstream=B rt_ms=261 bytes=35844
2026-03-14 02:24:01.279 edge /static/style.css status=200 upstream=B rt_ms=363 bytes=5807
2026-03-14 02:24:01.864 edge /api/orders status=200 upstream=B rt_ms=335 bytes=2572
2026-03-14 02:24:03.168 edge /static/style.css status=200 upstream=B rt_ms=137 bytes=37129
2026-03-14 02:24:03.253 edge /healthz status=200 upstream=B rt_ms=310 bytes=26882
2026-03-14 02:24:03.700 edge /api/events status=200 upstream=B rt_ms=197 bytes=17755
2026-03-14 02:24:04.037 edge / status=200 upstream=B rt_ms=387 bytes=37954
2026-03-14 02:24:06.399 edge / status=200 upstream=B rt_ms=15 bytes=13662
2026-03-14 02:24:06.894 edge /static/style.css status=200 upstream=B rt_ms=62 bytes=16729
2026-03-14 02:24:09.970 edge /healthz status=200 upstream=B rt_ms=196 bytes=11107
2026-03-14 02:24:10.662 edge /api/orders status=200 upstream=B rt_ms=118 bytes=2233
2026-03-14 02:24:14.955 edge /api/events status=200 upstream=B rt_ms=36 bytes=27468
2026-03-14 02:24:17.416 edge /api/orders status=200 upstream=B rt_ms=238 bytes=5454
2026-03-14 02:24:17.759 edge /api/orders status=200 upstream=B rt_ms=364 bytes=18342
2026-03-14 02:24:17.894 edge /healthz status=200 upstream=B rt_ms=233 bytes=29324
2026-03-14 02:24:18.027 edge /static/style.css status=200 upstream=B rt_ms=102 bytes=18264
2026-03-14 02:24:23.017 edge /api/events status=200 upstream=B rt_ms=189 bytes=29367
2026-03-14 02:24:24.332 edge /api/orders status=200 upstream=B rt_ms=393 bytes=15325
2026-03-14 02:24:24.624 edge / status=200 upstream=B rt_ms=272 bytes=23009
2026-03-14 02:24:24.990 edge /healthz status=200 upstream=B rt_ms=176 bytes=10883
2026-03-14 02:24:26.541 edge /api/orders status=200 upstream=B rt_ms=91 bytes=6382
2026-03-14 02:24:27.166 edge /api/orders status=200 upstream=B rt_ms=380 bytes=28557
2026-03-14 02:24:27.321 edge /static/style.css status=200 upstream=B rt_ms=15 bytes=35531
2026-03-14 02:24:28.179 edge /api/events status=200 upstream=B rt_ms=176 bytes=3558
2026-03-14 02:24:29.512 edge /api/orders status=200 upstream=B rt_ms=35 bytes=5011
2026-03-14 02:24:30.079 edge /api/events status=200 upstream=B rt_ms=53 bytes=19000
2026-03-14 02:24:33.892 edge /api/events status=404 upstream=B rt_ms=376 bytes=35296
2026-03-14 02:24:35.898 edge /api/events status=200 upstream=B rt_ms=379 bytes=3497
2026-03-14 02:24:36.142 edge /healthz status=200 upstream=B rt_ms=282 bytes=12988
2026-03-14 02:24:36.324 edge /static/style.css status=500 upstream=B rt_ms=329 bytes=39154
2026-03-14 02:24:36.909 edge /static/style.css status=200 upstream=B rt_ms=67 bytes=6760
2026-03-14 02:24:38.127 edge /healthz status=200 upstream=B rt_ms=89 bytes=24196
2026-03-14 02:24:39.484 edge /api/events status=200 upstream=B rt_ms=16 bytes=29437
2026-03-14 02:24:40.671 edge /api/orders status=200 upstream=B rt_ms=14 bytes=21088
2026-03-14 02:24:40.999 edge /healthz status=200 upstream=B rt_ms=82 bytes=25142
2026-03-14 02:24:41.816 edge /static/style.css status=200 upstream=B rt_ms=108 bytes=946
2026-03-14 02:24:42.024 edge /healthz status=200 upstream=B rt_ms=359 bytes=26503
2026-03-14 02:24:43.262 edge /healthz status=200 upstream=B rt_ms=361 bytes=36373
2026-03-14 02:24:43.986 edge /api/events status=500 upstream=B rt_ms=42 bytes=9612
2026-03-14 02:24:48.820 edge /api/orders status=200 upstream=B rt_ms=308 bytes=5805
2026-03-14 02:24:48.828 edge / status=200 upstream=B rt_ms=14 bytes=39211
2026-03-14 02:24:53.326 edge / status=200 upstream=B rt_ms=6 bytes=18923
2026-03-14 02:24:53.335 edge / status=200 upstream=B rt_ms=11 bytes=18108
2026-03-14 02:24:53.896 edge /api/orders status=200 upstream=B rt_ms=27 bytes=28143
2026-03-14 02:24:54.218 edge /static/style.css status=200 upstream=B rt_ms=259 bytes=26250
2026-03-14 02:24:55.399 edge /healthz status=200 upstream=B rt_ms=146 bytes=26732
2026-03-14 02:24:56.202 edge /api/events status=200 upstream=B rt_ms=296 bytes=25252
2026-03-14 02:24:56.405 edge /static/style.css status=200 upstream=B rt_ms=300 bytes=26257
2026-03-14 02:24:56.470 edge /api/events status=200 upstream=B rt_ms=161 bytes=40163
2026-03-14 02:24:57.097 edge /static/style.css status=200 upstream=B rt_ms=294 bytes=38397
2026-03-14 02:24:57.746 edge / status=200 upstream=B rt_ms=168 bytes=18217
2026-03-14 02:24:58.195 edge / status=200 upstream=B rt_ms=182 bytes=22437
2026-03-14 02:24:58.572 edge / status=200 upstream=B rt_ms=23 bytes=17323
2026-03-14 02:25:02.163 edge /healthz status=200 upstream=B rt_ms=271 bytes=17552
2026-03-14 02:25:02.720 edge /api/events status=200 upstream=B rt_ms=89 bytes=38156
2026-03-14 02:25:07.709 edge /healthz status=200 upstream=B rt_ms=199 bytes=11340
2026-03-14 02:25:09.095 edge /static/style.css status=200 upstream=B rt_ms=182 bytes=37231
2026-03-14 02:25:10.135 edge /api/events status=200 upstream=B rt_ms=399 bytes=1196
2026-03-14 02:25:10.594 edge /static/style.css status=200 upstream=B rt_ms=375 bytes=23640
2026-03-14 02:25:11.468 edge /api/events status=200 upstream=B rt_ms=187 bytes=22232
2026-03-14 02:25:14.703 edge /api/orders status=200 upstream=B rt_ms=243 bytes=40475
2026-03-14 02:25:15.421 edge / status=200 upstream=B rt_ms=217 bytes=12230
2026-03-14 02:25:16.108 edge /healthz status=200 upstream=B rt_ms=221 bytes=23928
2026-03-14 02:25:16.349 edge /healthz status=200 upstream=B rt_ms=344 bytes=7097
2026-03-14 02:25:17.714 edge /api/orders status=200 upstream=B rt_ms=319 bytes=18970
2026-03-14 02:25:17.934 edge /healthz status=200 upstream=B rt_ms=44 bytes=34806
2026-03-14 02:25:19.829 edge / status=200 upstream=B rt_ms=237 bytes=6535
2026-03-14 02:25:20.996 edge /api/orders status=200 upstream=B rt_ms=269 bytes=41885
2026-03-14 02:25:23.049 edge / status=200 upstream=B rt_ms=88 bytes=4513
2026-03-14 02:25:23.122 edge /api/orders status=200 upstream=B rt_ms=266 bytes=29634
2026-03-14 02:25:25.472 edge / status=200 upstream=B rt_ms=183 bytes=1495
2026-03-14 02:25:25.881 edge / status=200 upstream=B rt_ms=382 bytes=32567
2026-03-14 02:25:27.282 edge /static/style.css status=200 upstream=B rt_ms=262 bytes=7026
2026-03-14 02:25:28.388 edge /api/events status=200 upstream=B rt_ms=34 bytes=28389
2026-03-14 02:25:29.405 edge /api/orders status=200 upstream=B rt_ms=183 bytes=24489
2026-03-14 02:25:30.386 edge /healthz status=200 upstream=B rt_ms=332 bytes=40016
2026-03-14 02:25:30.668 edge /api/orders status=200 upstream=B rt_ms=386 bytes=17147
2026-03-14 02:25:31.351 edge /api/events status=200 upstream=B rt_ms=111 bytes=33935
2026-03-14 02:25:32.911 edge /static/style.css status=200 upstream=B rt_ms=64 bytes=9861
2026-03-14 02:25:33.355 edge /healthz status=200 upstream=B rt_ms=371 bytes=25443
2026-03-14 02:25:34.299 edge /static/style.css status=200 upstream=B rt_ms=13 bytes=11600
2026-03-14 02:25:34.584 edge / status=200 upstream=B rt_ms=59 bytes=26224
2026-03-14 02:25:34.769 edge /healthz status=200 upstream=B rt_ms=67 bytes=8427
2026-03-14 02:25:35.002 edge /healthz status=200 upstream=B rt_ms=55 bytes=3001
2026-03-14 02:25:35.340 edge /healthz status=200 upstream=B rt_ms=377 bytes=40481
2026-03-14 02:25:35.567 edge /api/events status=200 upstream=B rt_ms=274 bytes=39334
2026-03-14 02:25:36.359 edge /api/events status=200 upstream=B rt_ms=135 bytes=24154
2026-03-14 02:25:36.970 edge /healthz status=500 upstream=B rt_ms=157 bytes=36271
2026-03-14 02:25:37.868 edge /api/events status=200 upstream=B rt_ms=293 bytes=470
2026-03-14 02:25:38.990 edge /api/events status=200 upstream=B rt_ms=268 bytes=33182
2026-03-14 02:25:39.382 edge /healthz status=200 upstream=B rt_ms=369 bytes=10387
2026-03-14 02:25:39.895 edge /static/style.css status=200 upstream=B rt_ms=274 bytes=22217
2026-03-14 02:25:40.076 edge /api/orders status=500 upstream=B rt_ms=262 bytes=26249
2026-03-14 02:25:41.180 edge / status=200 upstream=B rt_ms=332 bytes=41623
2026-03-14 02:25:41.973 edge /static/style.css status=200 upstream=B rt_ms=95 bytes=41730
2026-03-14 02:25:42.512 edge /healthz status=500 upstream=B rt_ms=133 bytes=34735
2026-03-14 02:25:44.374 edge /api/orders status=200 upstream=B rt_ms=182 bytes=26859
2026-03-14 02:25:44.689 edge /api/orders status=200 upstream=B rt_ms=272 bytes=15187
2026-03-14 02:25:46.076 edge /healthz status=200 upstream=B rt_ms=148 bytes=13246
2026-03-14 02:25:47.111 edge /api/events status=200 upstream=B rt_ms=205 bytes=4030
2026-03-14 02:25:48.906 edge / status=200 upstream=B rt_ms=223 bytes=12366
2026-03-14 02:25:48.927 edge /healthz status=200 upstream=B rt_ms=118 bytes=4930
2026-03-14 02:25:49.095 edge /api/orders status=200 upstream=B rt_ms=203 bytes=33906
2026-03-14 02:25:49.818 edge /static/style.css status=200 upstream=B rt_ms=109 bytes=12493
2026-03-14 02:25:52.846 edge /api/events status=200 upstream=B rt_ms=264 bytes=9404
2026-03-14 02:25:54.550 edge /healthz status=200 upstream=B rt_ms=352 bytes=7520
2026-03-14 02:25:56.760 edge /healthz status=200 upstream=B rt_ms=115 bytes=23578
2026-03-14 02:25:57.881 edge /api/events status=200 upstream=B rt_ms=379 bytes=24102
2026-03-14 02:25:58.074 edge /static/style.css status=500 upstream=B rt_ms=28 bytes=34451
2026-03-14 02:25:58.195 edge /healthz status=200 upstream=B rt_ms=47 bytes=36069
2026-03-14 02:25:59.590 edge /static/style.css status=200 upstream=B rt_ms=87 bytes=19739
2026-03-14 02:26:00.967 edge /api/events status=200 upstream=B rt_ms=97 bytes=21670
2026-03-14 02:26:01.341 edge /api/orders status=200 upstream=B rt_ms=50 bytes=9293
2026-03-14 02:26:02.297 edge /api/events status=200 upstream=B rt_ms=141 bytes=24392
2026-03-14 02:26:06.020 edge /healthz status=200 upstream=B rt_ms=61 bytes=24148
2026-03-14 02:26:07.216 edge /api/orders status=500 upstream=B rt_ms=208 bytes=41278
2026-03-14 02:26:07.487 edge /static/style.css status=200 upstream=B rt_ms=123 bytes=6032
2026-03-14 02:26:08.526 edge / status=200 upstream=B rt_ms=87 bytes=1982
2026-03-14 02:26:09.225 edge /static/style.css status=200 upstream=B rt_ms=142 bytes=4250
2026-03-14 02:26:11.812 edge /api/events status=200 upstream=B rt_ms=67 bytes=1747
2026-03-14 02:26:13.201 edge / status=200 upstream=B rt_ms=175 bytes=5206
2026-03-14 02:26:15.046 edge /api/orders status=200 upstream=B rt_ms=367 bytes=21732
2026-03-14 02:26:15.211 edge / status=200 upstream=B rt_ms=270 bytes=5144
2026-03-14 02:26:15.725 edge /healthz status=200 upstream=B rt_ms=13 bytes=13956
2026-03-14 02:26:16.840 edge /api/orders status=200 upstream=B rt_ms=188 bytes=4687
2026-03-14 02:26:20.465 edge /static/style.css status=200 upstream=B rt_ms=48 bytes=4227
2026-03-14 02:26:20.968 edge / status=200 upstream=B rt_ms=71 bytes=18233
2026-03-14 02:26:21.123 edge /api/events status=200 upstream=B rt_ms=98 bytes=21160
2026-03-14 02:26:24.611 edge / status=200 upstream=B rt_ms=333 bytes=11796
2026-03-14 02:26:25.861 edge / status=200 upstream=B rt_ms=178 bytes=17035
2026-03-14 02:26:26.104 edge /static/style.css status=200 upstream=B rt_ms=329 bytes=11377
2026-03-14 02:26:26.221 edge /healthz status=200 upstream=B rt_ms=283 bytes=34583
2026-03-14 02:26:26.256 edge /api/events status=200 upstream=B rt_ms=357 bytes=22311
2026-03-14 02:26:26.475 edge /healthz status=200 upstream=B rt_ms=85 bytes=19264
2026-03-14 02:26:26.937 edge /api/orders status=200 upstream=B rt_ms=89 bytes=4792
2026-03-14 02:26:27.549 edge / status=200 upstream=B rt_ms=119 bytes=11636
2026-03-14 02:26:28.032 edge /healthz status=200 upstream=B rt_ms=389 bytes=29311
2026-03-14 02:26:28.893 edge /static/style.css status=200 upstream=B rt_ms=93 bytes=7919
2026-03-14 02:26:28.972 edge /api/events status=200 upstream=B rt_ms=208 bytes=15468
2026-03-14 02:26:30.977 edge /api/orders status=200 upstream=B rt_ms=27 bytes=23366
2026-03-14 02:26:31.817 edge / status=200 upstream=B rt_ms=348 bytes=21134
2026-03-14 02:26:35.258 edge /static/style.css status=200 upstream=B rt_ms=184 bytes=1133
2026-03-14 02:26:35.747 edge /healthz status=200 upstream=B rt_ms=77 bytes=37859
2026-03-14 02:26:36.225 edge /static/style.css status=200 upstream=B rt_ms=22 bytes=792
2026-03-14 02:26:36.465 edge /static/style.css status=200 upstream=B rt_ms=58 bytes=24924
2026-03-14 02:26:37.329 edge / status=200 upstream=B rt_ms=31 bytes=32581
2026-03-14 02:26:37.357 edge /healthz status=200 upstream=B rt_ms=218 bytes=23090
2026-03-14 02:26:39.137 edge /static/style.css status=200 upstream=B rt_ms=69 bytes=21734
2026-03-14 02:26:39.337 edge /static/style.css status=200 upstream=B rt_ms=152 bytes=23989
2026-03-14 02:26:40.110 edge /static/style.css status=200 upstream=B rt_ms=128 bytes=6558
2026-03-14 02:26:40.148 edge /api/orders status=200 upstream=B rt_ms=150 bytes=39683
2026-03-14 02:26:40.250 edge /api/orders status=200 upstream=B rt_ms=140 bytes=34814
2026-03-14 02:26:41.484 edge /healthz status=200 upstream=B rt_ms=292 bytes=34434
2026-03-14 02:26:42.872 edge /api/orders status=200 upstream=B rt_ms=289 bytes=9495
2026-03-14 02:26:45.801 edge /api/events status=200 upstream=B rt_ms=347 bytes=36451
2026-03-14 02:26:47.140 edge / status=200 upstream=B rt_ms=328 bytes=13043
2026-03-14 02:26:48.382 edge /api/events status=200 upstream=B rt_ms=87 bytes=35798
2026-03-14 02:26:49.539 edge /static/style.css status=200 upstream=B rt_ms=118 bytes=15589
2026-03-14 02:26:51.415 edge /healthz status=200 upstream=B rt_ms=355 bytes=10807
2026-03-14 02:26:51.908 edge / status=200 upstream=B rt_ms=341 bytes=3506
2026-03-14 02:26:54.016 edge /healthz status=200 upstream=B rt_ms=338 bytes=1918
2026-03-14 02:26:54.667 edge /healthz status=200 upstream=B rt_ms=169 bytes=8318
2026-03-14 02:26:55.329 edge /healthz status=200 upstream=B rt_ms=17 bytes=26494
2026-03-14 02:26:57.438 edge /api/events status=200 upstream=B rt_ms=13 bytes=5242
2026-03-14 02:26:59.630 edge /healthz status=200 upstream=B rt_ms=315 bytes=22739
2026-03-14 02:27:00.341 edge /healthz status=200 upstream=B rt_ms=217 bytes=9493
2026-03-14 02:27:00.468 edge /healthz status=200 upstream=B rt_ms=375 bytes=38778
2026-03-14 02:27:00.740 edge /static/style.css status=200 upstream=B rt_ms=298 bytes=10340
2026-03-14 02:27:01.517 edge /api/orders status=200 upstream=B rt_ms=359 bytes=33404
2026-03-14 02:27:01.529 edge / status=200 upstream=B rt_ms=345 bytes=38654
2026-03-14 02:27:02.629 edge /healthz status=200 upstream=B rt_ms=32 bytes=10091
2026-03-14 02:27:04.431 edge / status=200 upstream=B rt_ms=106 bytes=37736
2026-03-14 02:27:04.755 edge /healthz status=404 upstream=B rt_ms=95 bytes=24724
2026-03-14 02:27:04.953 edge /api/events status=200 upstream=B rt_ms=8 bytes=9258
2026-03-14 02:27:05.390 edge /api/orders status=200 upstream=B rt_ms=142 bytes=34486
2026-03-14 02:27:06.143 edge /api/orders status=200 upstream=B rt_ms=161 bytes=25014
2026-03-14 02:27:06.937 edge /api/orders status=200 upstream=B rt_ms=178 bytes=2096
2026-03-14 02:27:08.656 edge /static/style.css status=200 upstream=B rt_ms=130 bytes=40634
2026-03-14 02:27:10.382 edge /healthz status=200 upstream=B rt_ms=254 bytes=24387
2026-03-14 02:27:11.687 edge /static/style.css status=200 upstream=B rt_ms=208 bytes=11783
2026-03-14 02:27:11.868 edge /static/style.css status=200 upstream=B rt_ms=7 bytes=1968
2026-03-14 02:27:12.400 edge /api/orders status=200 upstream=B rt_ms=282 bytes=39601
2026-03-14 02:27:13.621 edge /healthz status=200 upstream=B rt_ms=59 bytes=19150
2026-03-14 02:27:16.703 edge /static/style.css status=200 upstream=B rt_ms=210 bytes=18881
2026-03-14 02:27:18.307 edge /healthz status=200 upstream=B rt_ms=300 bytes=31589
2026-03-14 02:27:18.561 edge / status=200 upstream=B rt_ms=257 bytes=21144
2026-03-14 02:27:20.905 edge /api/orders status=200 upstream=B rt_ms=85 bytes=37729
2026-03-14 02:27:22.274 edge / status=200 upstream=B rt_ms=265 bytes=31421
2026-03-14 02:27:26.595 edge /static/style.css status=200 upstream=B rt_ms=394 bytes=14543
2026-03-14 02:27:27.274 edge /healthz status=200 upstream=B rt_ms=77 bytes=17147
2026-03-14 02:27:27.441 edge /api/events status=200 upstream=B rt_ms=298 bytes=1751
2026-03-14 02:27:29.837 edge / status=200 upstream=B rt_ms=345 bytes=1019
2026-03-14 02:27:30.272 edge /api/orders status=200 upstream=B rt_ms=335 bytes=25196
2026-03-14 02:27:30.341 edge /healthz status=200 upstream=B rt_ms=213 bytes=11316
2026-03-14 02:27:32.276 edge /healthz status=200 upstream=B rt_ms=316 bytes=5832
2026-03-14 02:27:32.699 edge / status=200 upstream=B rt_ms=364 bytes=7396
2026-03-14 02:27:33.728 edge /healthz status=200 upstream=B rt_ms=4 bytes=39006
2026-03-14 02:27:36.801 edge /api/events status=200 upstream=B rt_ms=285 bytes=15825
2026-03-14 02:27:40.072 edge /static/style.css status=200 upstream=B rt_ms=161 bytes=35203
2026-03-14 02:27:43.799 edge /static/style.css status=200 upstream=B rt_ms=85 bytes=32284
2026-03-14 02:27:47.223 edge /api/orders status=200 upstream=B rt_ms=255 bytes=21410
2026-03-14 02:27:47.388 edge / status=200 upstream=B rt_ms=338 bytes=19787
2026-03-14 02:27:47.753 edge /healthz status=200 upstream=B rt_ms=352 bytes=5091
2026-03-14 02:27:49.269 edge /api/orders status=200 upstream=B rt_ms=309 bytes=905
2026-03-14 02:27:50.109 edge / status=200 upstream=B rt_ms=89 bytes=5032
2026-03-14 02:27:51.507 edge /api/events status=200 upstream=B rt_ms=331 bytes=21256
2026-03-14 02:27:51.817 edge / status=200 upstream=B rt_ms=164 bytes=39565
2026-03-14 02:27:52.638 edge / status=200 upstream=B rt_ms=258 bytes=19645
2026-03-14 02:27:53.245 edge /api/events status=200 upstream=B rt_ms=220 bytes=16876
2026-03-14 02:27:55.219 edge /healthz status=200 upstream=B rt_ms=239 bytes=32523
2026-03-14 02:27:58.625 edge /api/events status=200 upstream=B rt_ms=264 bytes=36164
2026-03-14 02:27:59.012 edge /api/orders status=200 upstream=B rt_ms=212 bytes=29310
2026-03-14 02:28:00.218 edge /healthz status=200 upstream=B rt_ms=160 bytes=38953
2026-03-14 02:28:00.940 edge /api/orders status=200 upstream=B rt_ms=2 bytes=19311
2026-03-14 02:28:06.259 edge / status=200 upstream=B rt_ms=216 bytes=3661
2026-03-14 02:28:06.396 edge /static/style.css status=200 upstream=B rt_ms=371 bytes=12777
2026-03-14 02:28:06.909 edge /static/style.css status=200 upstream=B rt_ms=269 bytes=11067
2026-03-14 02:28:08.665 edge / status=200 upstream=B rt_ms=267 bytes=39601
2026-03-14 02:28:12.514 edge / status=200 upstream=B rt_ms=374 bytes=27306
2026-03-14 02:28:12.990 edge /static/style.css status=200 upstream=B rt_ms=233 bytes=37218
2026-03-14 02:28:13.548 edge /healthz status=200 upstream=B rt_ms=34 bytes=20564
2026-03-14 02:28:13.808 edge /api/events status=500 upstream=B rt_ms=353 bytes=1528
2026-03-14 02:28:15.348 edge /healthz status=200 upstream=B rt_ms=369 bytes=13941
2026-03-14 02:28:16.605 edge /api/orders status=200 upstream=B rt_ms=33 bytes=23761
2026-03-14 02:28:16.742 edge / status=200 upstream=B rt_ms=313 bytes=17566
2026-03-14 02:28:17.350 edge /static/style.css status=200 upstream=B rt_ms=157 bytes=30021
2026-03-14 02:28:17.492 edge /api/orders status=200 upstream=B rt_ms=90 bytes=15689
2026-03-14 02:28:17.660 edge /api/events status=200 upstream=B rt_ms=230 bytes=4166
2026-03-14 02:28:18.004 edge /static/style.css status=200 upstream=B rt_ms=244 bytes=30103
2026-03-14 02:28:18.758 edge /healthz status=200 upstream=B rt_ms=255 bytes=33307
2026-03-14 02:28:18.760 edge / status=200 upstream=B rt_ms=108 bytes=26412
2026-03-14 02:28:19.936 edge / status=200 upstream=B rt_ms=164 bytes=31991
2026-03-14 02:28:20.412 edge /api/events status=200 upstream=B rt_ms=81 bytes=2127
2026-03-14 02:28:20.849 edge / status=200 upstream=B rt_ms=222 bytes=21203
2026-03-14 02:28:22.827 edge /api/events status=200 upstream=B rt_ms=202 bytes=3337
2026-03-14 02:28:24.176 edge /api/events status=200 upstream=B rt_ms=380 bytes=23279
2026-03-14 02:28:24.816 edge /api/events status=200 upstream=B rt_ms=293 bytes=17447
2026-03-14 02:28:25.149 edge /healthz status=200 upstream=B rt_ms=326 bytes=26105
2026-03-14 02:28:25.741 edge /api/events status=200 upstream=B rt_ms=5 bytes=21208
2026-03-14 02:28:26.074 edge /api/events status=200 upstream=B rt_ms=345 bytes=14495
2026-03-14 02:28:26.413 edge / status=200 upstream=B rt_ms=119 bytes=38114
2026-03-14 02:28:26.962 edge / status=200 upstream=B rt_ms=346 bytes=41785
2026-03-14 02:28:32.056 edge /healthz status=200 upstream=B rt_ms=357 bytes=32002
2026-03-14 02:28:32.222 edge / status=200 upstream=B rt_ms=329 bytes=22644
2026-03-14 02:28:32.630 edge /api/orders status=200 upstream=B rt_ms=211 bytes=23911
2026-03-14 02:28:32.700 edge / status=200 upstream=B rt_ms=129 bytes=17403
2026-03-14 02:28:33.053 edge /api/orders status=200 upstream=B rt_ms=317 bytes=37215
2026-03-14 02:28:33.223 edge /static/style.css status=200 upstream=B rt_ms=217 bytes=37276
2026-03-14 02:28:33.483 edge /api/events status=500 upstream=B rt_ms=60 bytes=26920
2026-03-14 02:28:33.768 edge /static/style.css status=200 upstream=B rt_ms=284 bytes=29297
2026-03-14 02:28:36.415 edge /api/events status=200 upstream=B rt_ms=10 bytes=31440
2026-03-14 02:28:36.433 edge /static/style.css status=200 upstream=B rt_ms=173 bytes=5029
2026-03-14 02:28:36.908 edge /api/events status=200 upstream=B rt_ms=247 bytes=3536
2026-03-14 02:28:37.957 edge / status=200 upstream=B rt_ms=251 bytes=32259
2026-03-14 02:28:38.327 edge / status=200 upstream=B rt_ms=55 bytes=37918
2026-03-14 02:28:39.260 edge /healthz status=200 upstream=B rt_ms=88 bytes=26083
2026-03-14 02:28:41.675 edge /healthz status=200 upstream=B rt_ms=316 bytes=4757
2026-03-14 02:28:43.533 edge /api/events status=200 upstream=B rt_ms=224 bytes=11239
2026-03-14 02:28:44.512 edge /static/style.css status=500 upstream=B rt_ms=364 bytes=13676
2026-03-14 02:28:45.240 edge /api/orders status=200 upstream=B rt_ms=52 bytes=14451
2026-03-14 02:28:46.545 edge /api/events status=200 upstream=B rt_ms=320 bytes=10433
2026-03-14 02:28:47.784 edge / status=200 upstream=B rt_ms=211 bytes=9686
2026-03-14 02:28:48.671 edge /api/orders status=200 upstream=B rt_ms=133 bytes=31436
2026-03-14 02:28:49.819 edge /healthz status=200 upstream=B rt_ms=245 bytes=896
2026-03-14 02:28:52.607 edge /healthz status=200 upstream=B rt_ms=101 bytes=20162
2026-03-14 02:28:52.729 edge /api/events status=200 upstream=B rt_ms=173 bytes=41093
2026-03-14 02:28:53.779 edge /api/orders status=200 upstream=B rt_ms=316 bytes=20714
2026-03-14 02:28:54.617 edge /healthz status=200 upstream=B rt_ms=13 bytes=20751
2026-03-14 02:28:55.018 edge /healthz status=500 upstream=B rt_ms=199 bytes=37228
2026-03-14 02:28:56.621 edge /static/style.css status=200 upstream=B rt_ms=137 bytes=29615
2026-03-14 02:28:57.144 edge /static/style.css status=200 upstream=B rt_ms=52 bytes=34230
2026-03-14 02:28:57.194 edge / status=200 upstream=B rt_ms=152 bytes=10628
2026-03-14 02:28:57.346 edge /api/events status=200 upstream=B rt_ms=123 bytes=3488
2026-03-14 02:28:57.449 edge /api/orders status=200 upstream=B rt_ms=338 bytes=12384
2026-03-14 02:28:58.770 edge /api/orders status=200 upstream=B rt_ms=92 bytes=35997
2026-03-14 02:29:01.629 edge / status=200 upstream=B rt_ms=33 bytes=24283
2026-03-14 02:29:02.977 edge /healthz status=200 upstream=B rt_ms=129 bytes=32475
2026-03-14 02:29:08.258 edge /api/events status=200 upstream=B rt_ms=248 bytes=9429
2026-03-14 02:29:10.841 edge / status=200 upstream=B rt_ms=111 bytes=14432
2026-03-14 02:29:11.046 edge /healthz status=200 upstream=B rt_ms=183 bytes=15033
2026-03-14 02:29:12.255 edge /api/orders status=200 upstream=B rt_ms=76 bytes=23537
2026-03-14 02:29:12.257 edge /api/events status=404 upstream=B rt_ms=318 bytes=37740
2026-03-14 02:29:13.565 edge / status=200 upstream=B rt_ms=218 bytes=13012
2026-03-14 02:29:15.344 edge / status=200 upstream=B rt_ms=112 bytes=32480
2026-03-14 02:29:17.515 edge /healthz status=200 upstream=B rt_ms=377 bytes=21040
2026-03-14 02:29:17.603 edge /api/orders status=200 upstream=B rt_ms=213 bytes=38390
2026-03-14 02:29:21.217 edge /healthz status=200 upstream=B rt_ms=84 bytes=25120
2026-03-14 02:29:21.734 edge /api/orders status=200 upstream=B rt_ms=316 bytes=233
2026-03-14 02:29:22.058 edge /api/orders status=200 upstream=B rt_ms=168 bytes=7172
2026-03-14 02:29:22.350 edge /static/style.css status=200 upstream=B rt_ms=360 bytes=25950
2026-03-14 02:29:23.482 edge /healthz status=404 upstream=B rt_ms=331 bytes=15191
2026-03-14 02:29:23.718 edge /healthz status=200 upstream=B rt_ms=200 bytes=22168
2026-03-14 02:29:25.065 edge /static/style.css status=500 upstream=B rt_ms=38 bytes=21659
2026-03-14 02:29:26.990 edge /static/style.css status=200 upstream=B rt_ms=106 bytes=2038
2026-03-14 02:29:27.241 edge / status=200 upstream=B rt_ms=138 bytes=33797
2026-03-14 02:29:27.415 edge /api/orders status=200 upstream=B rt_ms=49 bytes=41533
2026-03-14 02:29:28.107 edge /healthz status=200 upstream=B rt_ms=218 bytes=10910
2026-03-14 02:29:32.600 edge /api/events status=200 upstream=B rt_ms=387 bytes=17584
2026-03-14 02:29:35.006 edge /api/orders status=200 upstream=B rt_ms=274 bytes=41029
2026-03-14 02:29:35.012 edge /api/events status=500 upstream=B rt_ms=369 bytes=3809
2026-03-14 02:29:35.894 edge / status=200 upstream=B rt_ms=316 bytes=6994
2026-03-14 02:29:36.245 edge /healthz status=200 upstream=B rt_ms=4 bytes=30119
2026-03-14 02:29:36.334 edge /api/events status=200 upstream=B rt_ms=393 bytes=21403
2026-03-14 02:29:37.714 edge / status=200 upstream=B rt_ms=133 bytes=6125
2026-03-14 02:29:40.513 edge /static/style.css status=200 upstream=B rt_ms=252 bytes=33592
2026-03-14 02:29:43.265 edge /healthz status=200 upstream=B rt_ms=286 bytes=36099
2026-03-14 02:29:43.295 edge /static/style.css status=200 upstream=B rt_ms=32 bytes=28553
2026-03-14 02:29:44.176 edge / status=200 upstream=B rt_ms=318 bytes=37982
2026-03-14 02:29:44.544 edge /api/events status=500 upstream=B rt_ms=373 bytes=22211
2026-03-14 02:29:44.980 edge /api/orders status=200 upstream=B rt_ms=269 bytes=1996
2026-03-14 02:29:46.659 edge /api/orders status=200 upstream=B rt_ms=39 bytes=39401
2026-03-14 02:29:47.616 edge /api/orders status=200 upstream=B rt_ms=19 bytes=39717
2026-03-14 02:29:47.687 edge /static/style.css status=200 upstream=B rt_ms=189 bytes=6743
2026-03-14 02:29:48.745 edge /static/style.css status=200 upstream=B rt_ms=48 bytes=28379
2026-03-14 02:29:49.124 edge /static/style.css status=200 upstream=B rt_ms=126 bytes=37581
2026-03-14 02:29:50.790 edge /api/orders status=200 upstream=B rt_ms=292 bytes=32781
2026-03-14 02:29:50.980 edge / status=200 upstream=B rt_ms=47 bytes=32340
2026-03-14 02:29:53.178 edge /static/style.css status=200 upstream=B rt_ms=359 bytes=4956
2026-03-14 02:29:53.892 edge /api/orders status=200 upstream=B rt_ms=241 bytes=4041
2026-03-14 02:29:54.966 edge /healthz status=200 upstream=B rt_ms=314 bytes=3492
2026-03-14 02:29:57.575 edge /api/orders status=404 upstream=B rt_ms=374 bytes=8956
2026-03-14 02:30:01.383 edge / status=200 upstream=B rt_ms=337 bytes=41199
2026-03-14 02:30:01.516 edge /static/style.css status=200 upstream=B rt_ms=378 bytes=18924
2026-03-14 02:30:03.803 edge /static/style.css status=200 upstream=B rt_ms=36 bytes=12932
2026-03-14 02:30:04.147 edge / status=200 upstream=B rt_ms=110 bytes=6064
2026-03-14 02:30:04.237 edge / status=500 upstream=B rt_ms=256 bytes=3389
2026-03-14 02:30:04.572 edge /api/orders status=200 upstream=B rt_ms=308 bytes=33289
2026-03-14 02:30:04.719 edge /api/orders status=200 upstream=B rt_ms=136 bytes=35808
2026-03-14 02:30:05.527 edge / status=200 upstream=B rt_ms=344 bytes=35712
2026-03-14 02:30:06.745 edge /api/orders status=200 upstream=B rt_ms=135 bytes=34231
2026-03-14 02:30:08.490 edge / status=404 upstream=B rt_ms=124 bytes=33550
2026-03-14 02:30:09.677 edge /api/orders status=200 upstream=B rt_ms=305 bytes=38043
2026-03-14 02:30:10.187 edge / status=200 upstream=B rt_ms=189 bytes=20254
2026-03-14 02:30:10.198 edge /api/orders status=200 upstream=B rt_ms=309 bytes=27824
2026-03-14 02:30:11.909 edge /api/events status=200 upstream=B rt_ms=312 bytes=13705
2026-03-14 02:30:12.227 edge /api/orders status=200 upstream=B rt_ms=96 bytes=4402
2026-03-14 02:30:13.269 edge /static/style.css status=200 upstream=B rt_ms=206 bytes=25287
2026-03-14 02:30:13.274 edge /api/orders status=200 upstream=B rt_ms=203 bytes=23287
2026-03-14 02:30:14.115 edge /static/style.css status=200 upstream=B rt_ms=70 bytes=266
2026-03-14 02:30:14.724 edge /api/orders status=200 upstream=B rt_ms=12 bytes=20903
2026-03-14 02:30:15.543 edge /api/orders status=200 upstream=B rt_ms=17 bytes=29016
2026-03-14 02:30:16.755 edge /static/style.css status=200 upstream=B rt_ms=123 bytes=23381
2026-03-14 02:30:17.784 edge /api/events status=200 upstream=B rt_ms=64 bytes=33911
2026-03-14 02:30:17.871 edge / status=200 upstream=B rt_ms=164 bytes=21852
2026-03-14 02:30:19.506 edge /api/events status=200 upstream=B rt_ms=88 bytes=33321
2026-03-14 02:30:20.421 edge /healthz status=200 upstream=B rt_ms=244 bytes=10996
2026-03-14 02:30:20.438 edge /healthz status=200 upstream=B rt_ms=271 bytes=33913
2026-03-14 02:30:22.601 edge /healthz status=200 upstream=B rt_ms=268 bytes=18466
2026-03-14 02:30:23.432 edge /healthz status=200 upstream=B rt_ms=294 bytes=20308
2026-03-14 02:30:23.952 edge /static/style.css status=200 upstream=B rt_ms=170 bytes=10137
2026-03-14 02:30:25.168 edge /static/style.css status=200 upstream=B rt_ms=87 bytes=34873
2026-03-14 02:30:25.195 edge /api/events status=200 upstream=B rt_ms=20 bytes=37948
2026-03-14 02:30:25.370 edge /api/orders status=200 upstream=B rt_ms=230 bytes=24439
2026-03-14 02:30:26.631 edge / status=200 upstream=B rt_ms=91 bytes=14088
2026-03-14 02:30:27.636 edge /api/orders status=404 upstream=B rt_ms=157 bytes=7282
2026-03-14 02:30:29.277 edge / status=200 upstream=B rt_ms=182 bytes=35363
2026-03-14 02:30:29.880 edge /api/orders status=200 upstream=B rt_ms=375 bytes=29973
2026-03-14 02:30:30.200 edge /api/orders status=200 upstream=B rt_ms=367 bytes=18447
2026-03-14 02:30:31.413 edge /healthz status=200 upstream=B rt_ms=91 bytes=18803
2026-03-14 02:30:32.721 edge /api/orders status=200 upstream=B rt_ms=330 bytes=25372
2026-03-14 02:30:35.084 edge /static/style.css status=200 upstream=B rt_ms=112 bytes=33075
2026-03-14 02:30:38.708 edge /api/orders status=200 upstream=B rt_ms=191 bytes=7509
2026-03-14 02:30:40.516 edge /api/events status=200 upstream=B rt_ms=372 bytes=8322
2026-03-14 02:30:40.577 edge /static/style.css status=404 upstream=B rt_ms=110 bytes=24715
2026-03-14 02:30:42.586 edge /api/events status=200 upstream=B rt_ms=290 bytes=39953
2026-03-14 02:30:43.209 edge /api/orders status=200 upstream=B rt_ms=309 bytes=24709
2026-03-14 02:30:43.795 edge /api/orders status=200 upstream=B rt_ms=336 bytes=11379
2026-03-14 02:30:45.165 edge /static/style.css status=200 upstream=B rt_ms=238 bytes=23577
2026-03-14 02:30:45.376 edge /healthz status=200 upstream=B rt_ms=165 bytes=34612
2026-03-14 02:30:46.122 edge / status=200 upstream=B rt_ms=26 bytes=14376
2026-03-14 02:30:46.608 edge /static/style.css status=200 upstream=B rt_ms=365 bytes=24658
2026-03-14 02:30:47.872 edge /static/style.css status=200 upstream=B rt_ms=343 bytes=13191
2026-03-14 02:30:49.913 edge /api/orders status=200 upstream=B rt_ms=372 bytes=8518
2026-03-14 02:30:51.860 edge /api/events status=200 upstream=B rt_ms=360 bytes=30396
2026-03-14 02:30:53.259 edge /static/style.css status=200 upstream=B rt_ms=100 bytes=37822
2026-03-14 02:30:53.433 edge /static/style.css status=200 upstream=B rt_ms=399 bytes=8252
2026-03-14 02:30:53.635 edge /healthz status=200 upstream=B rt_ms=326 bytes=9031
2026-03-14 02:30:54.040 edge /healthz status=200 upstream=B rt_ms=232 bytes=11531
2026-03-14 02:30:54.378 edge /static/style.css status=200 upstream=B rt_ms=335 bytes=11208
2026-03-14 02:30:55.810 edge /healthz status=200 upstream=B rt_ms=75 bytes=12522
2026-03-14 02:30:55.912 edge /healthz status=200 upstream=B rt_ms=328 bytes=39187
2026-03-14 02:30:58.413 edge /api/events status=200 upstream=B rt_ms=161 bytes=37174
2026-03-14 02:30:59.752 edge /healthz status=200 upstream=B rt_ms=82 bytes=18751
2026-03-14 02:31:00.017 edge event=deploy marker=router-config-v9 pushed_by=ci
2026-03-14 02:31:02.461 edge / status=200 upstream=B rt_ms=102 bytes=9403
2026-03-14 02:31:07.547 edge / status=200 upstream=B rt_ms=188 bytes=12108
2026-03-14 02:31:08.713 edge /healthz status=200 upstream=B rt_ms=172 bytes=13252
2026-03-14 02:31:10.591 edge /api/events status=200 upstream=B rt_ms=274 bytes=32378
2026-03-14 02:31:10.596 edge / status=500 upstream=B rt_ms=123 bytes=6387
2026-03-14 02:31:10.755 edge / status=200 upstream=B rt_ms=167 bytes=11115
2026-03-14 02:31:12.538 edge /api/events status=200 upstream=B rt_ms=99 bytes=27628
2026-03-14 02:31:15.779 edge /api/events status=200 upstream=B rt_ms=235 bytes=12958
2026-03-14 02:31:16.270 edge /healthz status=200 upstream=B rt_ms=34 bytes=2755
2026-03-14 02:31:18.097 edge /api/orders status=200 upstream=B rt_ms=217 bytes=21068
2026-03-14 02:31:19.118 edge /healthz status=200 upstream=B rt_ms=383 bytes=32876
2026-03-14 02:31:20.364 edge /static/style.css status=200 upstream=B rt_ms=323 bytes=6506
2026-03-14 02:31:22.639 edge /api/orders status=200 upstream=B rt_ms=92 bytes=6296
2026-03-14 02:31:25.461 edge /static/style.css status=404 upstream=B rt_ms=359 bytes=293
2026-03-14 02:31:25.811 edge /healthz status=200 upstream=B rt_ms=346 bytes=24119
2026-03-14 02:31:26.283 edge /static/style.css status=200 upstream=B rt_ms=73 bytes=37463
2026-03-14 02:31:26.385 edge /api/orders status=404 upstream=B rt_ms=280 bytes=10221
2026-03-14 02:31:26.826 edge / status=200 upstream=B rt_ms=91 bytes=26642
2026-03-14 02:31:27.152 edge /static/style.css status=200 upstream=B rt_ms=365 bytes=32449
2026-03-14 02:31:27.440 edge / status=200 upstream=B rt_ms=56 bytes=31048
2026-03-14 02:31:28.064 edge / status=200 upstream=B rt_ms=198 bytes=17038
2026-03-14 02:31:30.362 edge /api/events status=200 upstream=B rt_ms=295 bytes=22612
2026-03-14 02:31:30.930 edge / status=500 upstream=B rt_ms=149 bytes=32138
2026-03-14 02:31:31.711 edge /static/style.css status=200 upstream=B rt_ms=175 bytes=5413
2026-03-14 02:31:32.376 edge / status=200 upstream=B rt_ms=358 bytes=751
2026-03-14 02:31:33.739 edge /api/events status=200 upstream=B rt_ms=86 bytes=38682
2026-03-14 02:31:33.951 edge /api/events status=200 upstream=B rt_ms=160 bytes=27935
2026-03-14 02:31:36.027 edge /healthz status=200 upstream=B rt_ms=328 bytes=7183
2026-03-14 02:31:36.109 edge /healthz status=200 upstream=B rt_ms=371 bytes=26601
2026-03-14 02:31:36.250 edge /api/orders status=200 upstream=B rt_ms=204 bytes=37066
2026-03-14 02:31:36.580 edge / status=200 upstream=B rt_ms=27 bytes=21028
2026-03-14 02:31:37.687 edge /api/events status=200 upstream=B rt_ms=222 bytes=21556
2026-03-14 02:31:37.879 edge /healthz status=200 upstream=B rt_ms=347 bytes=41582
2026-03-14 02:31:39.707 edge / status=200 upstream=B rt_ms=101 bytes=21776
2026-03-14 02:31:39.956 edge /api/events status=200 upstream=B rt_ms=383 bytes=29185
2026-03-14 02:31:41.027 edge /static/style.css status=200 upstream=B rt_ms=2 bytes=39425
2026-03-14 02:31:41.777 edge /api/events status=200 upstream=B rt_ms=288 bytes=39023
2026-03-14 02:31:43.737 edge /healthz status=200 upstream=B rt_ms=351 bytes=37047
2026-03-14 02:31:46.797 edge /static/style.css status=404 upstream=B rt_ms=379 bytes=34018
2026-03-14 02:31:48.105 edge /api/events status=200 upstream=B rt_ms=99 bytes=29194
2026-03-14 02:31:48.235 edge /healthz status=200 upstream=B rt_ms=243 bytes=27430
2026-03-14 02:31:48.292 edge /api/events status=200 upstream=B rt_ms=19 bytes=32538
2026-03-14 02:31:48.509 edge /static/style.css status=500 upstream=B rt_ms=152 bytes=956
2026-03-14 02:31:49.056 edge / status=200 upstream=B rt_ms=341 bytes=37490
2026-03-14 02:31:49.663 edge /api/orders status=200 upstream=B rt_ms=272 bytes=4213
2026-03-14 02:31:50.293 edge / status=200 upstream=B rt_ms=3 bytes=23070
2026-03-14 02:31:51.724 edge / status=200 upstream=B rt_ms=256 bytes=12001
2026-03-14 02:31:53.600 edge / status=200 upstream=B rt_ms=46 bytes=17487
2026-03-14 02:31:54.197 edge /api/events status=200 upstream=B rt_ms=142 bytes=30903
2026-03-14 02:31:54.984 edge /api/events status=200 upstream=B rt_ms=243 bytes=2009
2026-03-14 02:31:56.984 edge / status=200 upstream=B rt_ms=28 bytes=38602
2026-03-14 02:31:57.533 edge / status=200 upstream=B rt_ms=143 bytes=29320
2026-03-14 02:31:57.689 edge /static/style.css status=200 upstream=B rt_ms=374 bytes=29430
2026-03-14 02:31:58.330 edge /static/style.css status=200 upstream=B rt_ms=144 bytes=40860
2026-03-14 02:31:59.882 edge / status=200 upstream=B rt_ms=138 bytes=5876
2026-03-14 02:32:00.033 edge /static/style.css status=200 upstream=B rt_ms=89 bytes=2808
2026-03-14 02:32:03.875 edge /healthz status=200 upstream=B rt_ms=170 bytes=34001
2026-03-14 02:32:04.269 edge /static/style.css status=200 upstream=B rt_ms=87 bytes=4417
2026-03-14 02:32:06.320 edge / status=500 upstream=B rt_ms=124 bytes=31373
2026-03-14 02:32:07.101 edge /api/events status=200 upstream=B rt_ms=20 bytes=19988
2026-03-14 02:32:09.196 edge /api/orders status=200 upstream=B rt_ms=71 bytes=40054
2026-03-14 02:32:09.715 edge /healthz status=200 upstream=B rt_ms=116 bytes=28876
2026-03-14 02:32:10.077 edge / status=200 upstream=B rt_ms=179 bytes=1798
2026-03-14 02:32:10.245 edge /api/events status=200 upstream=B rt_ms=175 bytes=15517
2026-03-14 02:32:11.189 edge / status=200 upstream=B rt_ms=87 bytes=9526
2026-03-14 02:32:14.103 edge /healthz status=500 upstream=B rt_ms=354 bytes=38715
2026-03-14 02:32:14.158 edge /api/events status=500 upstream=B rt_ms=280 bytes=1754
2026-03-14 02:32:16.500 edge / status=200 upstream=B rt_ms=351 bytes=29560
2026-03-14 02:32:16.630 edge /api/events status=200 upstream=B rt_ms=215 bytes=30077
2026-03-14 02:32:17.208 edge /healthz status=200 upstream=B rt_ms=43 bytes=25505
2026-03-14 02:32:18.847 edge /api/orders status=200 upstream=B rt_ms=350 bytes=14743
2026-03-14 02:32:19.656 edge /api/events status=200 upstream=B rt_ms=76 bytes=19920
2026-03-14 02:32:19.904 edge /healthz status=200 upstream=B rt_ms=191 bytes=29314
2026-03-14 02:32:20.896 edge /api/orders status=200 upstream=B rt_ms=3 bytes=9537
2026-03-14 02:32:21.096 edge /api/events status=200 upstream=B rt_ms=158 bytes=19956
2026-03-14 02:32:21.442 edge /healthz status=200 upstream=B rt_ms=50 bytes=12627
2026-03-14 02:32:22.328 edge /static/style.css status=404 upstream=B rt_ms=227 bytes=28750
2026-03-14 02:32:23.455 edge / status=200 upstream=B rt_ms=248 bytes=21575
2026-03-14 02:32:26.077 edge / status=200 upstream=B rt_ms=95 bytes=9024
2026-03-14 02:32:26.336 edge /api/events status=200 upstream=B rt_ms=169 bytes=10227
2026-03-14 02:32:26.697 edge / status=200 upstream=B rt_ms=356 bytes=22469
2026-03-14 02:32:30.187 edge /api/events status=200 upstream=B rt_ms=356 bytes=21605
2026-03-14 02:32:30.893 edge /api/events status=200 upstream=B rt_ms=382 bytes=41155
2026-03-14 02:32:31.154 edge / status=200 upstream=B rt_ms=280 bytes=39892
2026-03-14 02:32:31.196 edge /healthz status=200 upstream=B rt_ms=253 bytes=2179
2026-03-14 02:32:31.661 edge /api/orders status=200 upstream=B rt_ms=346 bytes=27887
2026-03-14 02:32:32.628 edge /api/events status=200 upstream=B rt_ms=385 bytes=10103
2026-03-14 02:32:33.115 edge / status=200 upstream=B rt_ms=286 bytes=23148
2026-03-14 02:32:34.326 edge /healthz status=200 upstream=B rt_ms=315 bytes=25450
2026-03-14 02:32:34.864 edge /api/orders status=200 upstream=B rt_ms=39 bytes=35777
2026-03-14 02:32:36.882 edge / status=200 upstream=B rt_ms=80 bytes=25991
2026-03-14 02:32:36.971 edge /api/orders status=200 upstream=B rt_ms=227 bytes=23358
2026-03-14 02:32:37.612 edge /api/orders status=200 upstream=B rt_ms=82 bytes=3981
2026-03-14 02:32:37.674 edge /static/style.css status=200 upstream=B rt_ms=24 bytes=34198
2026-03-14 02:32:38.869 edge /healthz status=200 upstream=B rt_ms=334 bytes=7782
2026-03-14 02:32:39.807 edge /api/events status=200 upstream=B rt_ms=117 bytes=17867
2026-03-14 02:32:40.354 edge /static/style.css status=200 upstream=B rt_ms=276 bytes=34677
2026-03-14 02:32:41.367 edge /static/style.css status=200 upstream=B rt_ms=396 bytes=24006
2026-03-14 02:32:42.209 edge /healthz status=200 upstream=B rt_ms=261 bytes=15179
2026-03-14 02:32:42.296 edge /api/events status=200 upstream=B rt_ms=229 bytes=5017
2026-03-14 02:32:42.869 edge / status=200 upstream=B rt_ms=45 bytes=24919
2026-03-14 02:32:43.518 edge /api/orders status=200 upstream=B rt_ms=304 bytes=8373
2026-03-14 02:32:43.926 edge /api/events status=200 upstream=B rt_ms=12 bytes=36120
2026-03-14 02:32:44.613 edge /static/style.css status=200 upstream=B rt_ms=184 bytes=18350
2026-03-14 02:32:44.846 edge / status=200 upstream=B rt_ms=209 bytes=13755
2026-03-14 02:32:46.220 edge /static/style.css status=200 upstream=B rt_ms=141 bytes=18122
2026-03-14 02:32:46.502 edge /api/orders status=200 upstream=B rt_ms=107 bytes=39542
2026-03-14 02:32:46.505 edge /api/orders status=200 upstream=B rt_ms=267 bytes=41502
2026-03-14 02:32:47.538 edge /static/style.css status=200 upstream=B rt_ms=174 bytes=41843
2026-03-14 02:32:49.684 edge / status=200 upstream=B rt_ms=306 bytes=41923
2026-03-14 02:32:50.661 edge /static/style.css status=200 upstream=B rt_ms=257 bytes=2808
2026-03-14 02:32:50.955 edge /api/events status=200 upstream=B rt_ms=373 bytes=13177
2026-03-14 02:32:52.851 edge /api/events status=200 upstream=B rt_ms=293 bytes=41478
2026-03-14 02:32:53.498 edge /api/events status=200 upstream=B rt_ms=215 bytes=18680
2026-03-14 02:32:53.999 edge / status=200 upstream=B rt_ms=169 bytes=21881
2026-03-14 02:32:54.745 edge /healthz status=200 upstream=B rt_ms=221 bytes=23769
2026-03-14 02:32:54.957 edge / status=200 upstream=B rt_ms=196 bytes=5759
2026-03-14 02:32:56.755 edge /api/events status=200 upstream=B rt_ms=232 bytes=26628
2026-03-14 02:32:57.321 edge /api/events status=200 upstream=B rt_ms=391 bytes=33460
2026-03-14 02:32:57.927 edge /static/style.css status=200 upstream=B rt_ms=73 bytes=21464
2026-03-14 02:32:58.988 edge /api/orders status=200 upstream=B rt_ms=230 bytes=35247
2026-03-14 02:33:00.272 edge /api/orders status=200 upstream=B rt_ms=155 bytes=24265
2026-03-14 02:33:02.724 edge /static/style.css status=200 upstream=B rt_ms=380 bytes=25540
2026-03-14 02:33:04.190 edge /api/events status=200 upstream=B rt_ms=347 bytes=19387
2026-03-14 02:33:04.483 edge /api/orders status=200 upstream=B rt_ms=13 bytes=36980
2026-03-14 02:33:05.030 edge /healthz status=502 upstream=B rt_ms=181 bytes=3237
2026-03-14 02:33:06.361 edge / status=200 upstream=B rt_ms=308 bytes=29388
2026-03-14 02:33:08.269 edge /healthz status=502 upstream=B rt_ms=399 bytes=16707
2026-03-14 02:33:08.810 edge /static/style.css status=200 upstream=B rt_ms=86 bytes=2424
2026-03-14 02:33:09.360 edge / status=200 upstream=B rt_ms=82 bytes=14225
2026-03-14 02:33:09.848 edge /api/events status=502 upstream=B rt_ms=389 bytes=38222
2026-03-14 02:33:11.209 edge /api/orders status=502 upstream=B rt_ms=93 bytes=24495
2026-03-14 02:33:13.652 edge /api/orders status=502 upstream=B rt_ms=164 bytes=41513
2026-03-14 02:33:13.834 edge /healthz status=200 upstream=B rt_ms=232 bytes=41209
2026-03-14 02:33:15.496 edge /api/events status=200 upstream=B rt_ms=309 bytes=37499
2026-03-14 02:33:17.138 edge /api/orders status=200 upstream=B rt_ms=276 bytes=37679
2026-03-14 02:33:18.872 edge /healthz status=502 upstream=B rt_ms=194 bytes=39734
2026-03-14 02:33:19.561 edge / status=502 upstream=B rt_ms=300 bytes=11504
2026-03-14 02:33:21.004 edge /api/orders status=502 upstream=B rt_ms=203 bytes=2444
2026-03-14 02:33:22.169 edge /static/style.css status=502 upstream=B rt_ms=44 bytes=19245
2026-03-14 02:33:22.783 edge /static/style.css status=200 upstream=B rt_ms=310 bytes=40386
2026-03-14 02:33:23.003 edge /healthz status=502 upstream=B rt_ms=366 bytes=34460
2026-03-14 02:33:23.924 edge /api/orders status=502 upstream=B rt_ms=215 bytes=17059
2026-03-14 02:33:24.386 edge /api/orders status=200 upstream=B rt_ms=128 bytes=19055
2026-03-14 02:33:24.584 edge /static/style.css status=200 upstream=B rt_ms=382 bytes=10828
2026-03-14 02:33:25.291 edge /api/orders status=200 upstream=B rt_ms=224 bytes=36019
2026-03-14 02:33:25.958 edge /api/events status=502 upstream=B rt_ms=178 bytes=17455
2026-03-14 02:33:25.982 edge /static/style.css status=502 upstream=B rt_ms=41 bytes=8455
2026-03-14 02:33:26.260 edge /api/orders status=200 upstream=B rt_ms=26 bytes=31415
2026-03-14 02:33:27.131 edge /static/style.css status=200 upstream=B rt_ms=327 bytes=27496
2026-03-14 02:33:27.557 edge /api/orders status=200 upstream=B rt_ms=363 bytes=31508
2026-03-14 02:33:29.690 edge /api/orders status=200 upstream=B rt_ms=160 bytes=31760
2026-03-14 02:33:32.371 edge /api/orders status=404 upstream=B rt_ms=355 bytes=10683
2026-03-14 02:33:35.005 edge /healthz status=200 upstream=B rt_ms=32 bytes=13115
2026-03-14 02:33:36.555 edge /api/orders status=502 upstream=B rt_ms=59 bytes=4458
2026-03-14 02:33:38.280 edge /api/events status=502 upstream=B rt_ms=41 bytes=4021
2026-03-14 02:33:38.389 edge /api/events status=200 upstream=B rt_ms=332 bytes=20410
2026-03-14 02:33:38.898 edge /api/orders status=200 upstream=B rt_ms=201 bytes=32187
2026-03-14 02:33:39.999 edge / status=502 upstream=B rt_ms=243 bytes=1522
2026-03-14 02:33:40.347 edge /healthz status=502 upstream=B rt_ms=39 bytes=33433
2026-03-14 02:33:41.420 edge /api/events status=200 upstream=B rt_ms=52 bytes=6989
2026-03-14 02:33:42.900 edge /static/style.css status=502 upstream=B rt_ms=396 bytes=34030
2026-03-14 02:33:43.660 edge /healthz status=502 upstream=B rt_ms=207 bytes=39627
2026-03-14 02:33:47.558 edge /static/style.css status=502 upstream=B rt_ms=199 bytes=25799
2026-03-14 02:33:47.858 edge /api/events status=502 upstream=B rt_ms=299 bytes=30428
2026-03-14 02:33:48.477 edge /api/orders status=502 upstream=B rt_ms=213 bytes=1987
2026-03-14 02:33:50.218 edge /api/orders status=200 upstream=B rt_ms=14 bytes=41798
2026-03-14 02:33:50.353 edge /api/orders status=404 upstream=B rt_ms=124 bytes=20019
2026-03-14 02:33:50.595 edge /static/style.css status=200 upstream=B rt_ms=107 bytes=17247
2026-03-14 02:33:51.184 edge /api/events status=200 upstream=B rt_ms=150 bytes=8166
2026-03-14 02:33:51.459 edge /api/orders status=500 upstream=B rt_ms=56 bytes=8474
2026-03-14 02:33:55.571 edge / status=200 upstream=B rt_ms=195 bytes=7137
2026-03-14 02:33:57.221 edge /api/orders status=200 upstream=B rt_ms=234 bytes=39073
2026-03-14 02:33:57.824 edge / status=200 upstream=B rt_ms=193 bytes=33155
2026-03-14 02:33:59.242 edge /healthz status=200 upstream=B rt_ms=314 bytes=6632
2026-03-14 02:33:59.285 edge /api/orders status=200 upstream=B rt_ms=193 bytes=7968
2026-03-14 02:33:59.287 edge /api/events status=200 upstream=B rt_ms=226 bytes=11822
2026-03-14 02:33:59.518 edge / status=502 upstream=B rt_ms=57 bytes=30990
2026-03-14 02:33:59.624 edge /static/style.css status=200 upstream=B rt_ms=122 bytes=13285
2026-03-14 02:34:00.036 edge /healthz status=200 upstream=B rt_ms=245 bytes=5486
2026-03-14 02:34:01.655 edge /api/orders status=200 upstream=B rt_ms=88 bytes=16898
2026-03-14 02:34:02.559 edge /static/style.css status=502 upstream=B rt_ms=218 bytes=301
2026-03-14 02:34:03.164 edge /api/orders status=200 upstream=B rt_ms=84 bytes=31643
2026-03-14 02:34:03.503 edge /api/events status=502 upstream=B rt_ms=132 bytes=29768
2026-03-14 02:34:05.209 edge /api/orders status=502 upstream=B rt_ms=364 bytes=27991
2026-03-14 02:34:05.458 edge /healthz status=200 upstream=B rt_ms=266 bytes=29896
2026-03-14 02:34:06.407 edge / status=502 upstream=B rt_ms=73 bytes=32521
2026-03-14 02:34:06.818 edge /static/style.css status=502 upstream=B rt_ms=152 bytes=23487
2026-03-14 02:34:07.543 edge /api/events status=404 upstream=B rt_ms=292 bytes=5504
2026-03-14 02:34:07.582 edge /api/events status=200 upstream=B rt_ms=73 bytes=1002
2026-03-14 02:34:08.715 edge / status=502 upstream=B rt_ms=124 bytes=35909
2026-03-14 02:34:08.862 edge /api/events status=200 upstream=B rt_ms=323 bytes=39110
2026-03-14 02:34:09.461 edge / status=200 upstream=B rt_ms=25 bytes=15390
2026-03-14 02:34:10.145 edge /api/events status=502 upstream=B rt_ms=89 bytes=19800
2026-03-14 02:34:10.728 edge /healthz status=200 upstream=B rt_ms=285 bytes=1079
2026-03-14 02:34:11.416 edge /static/style.css status=200 upstream=B rt_ms=174 bytes=18178
2026-03-14 02:34:13.149 edge /api/orders status=200 upstream=B rt_ms=81 bytes=13429
2026-03-14 02:34:13.824 edge /api/events status=502 upstream=B rt_ms=259 bytes=23231
2026-03-14 02:34:15.532 edge / status=200 upstream=B rt_ms=214 bytes=35366
2026-03-14 02:34:15.753 edge /static/style.css status=200 upstream=B rt_ms=11 bytes=7044
2026-03-14 02:34:17.111 edge /api/events status=502 upstream=B rt_ms=114 bytes=31479
2026-03-14 02:34:21.372 edge /healthz status=500 upstream=B rt_ms=211 bytes=39303
2026-03-14 02:34:21.446 edge /healthz status=200 upstream=B rt_ms=208 bytes=38479
2026-03-14 02:34:25.722 edge /static/style.css status=502 upstream=B rt_ms=302 bytes=41401
2026-03-14 02:34:26.706 edge /static/style.css status=200 upstream=B rt_ms=336 bytes=35345
2026-03-14 02:34:29.874 edge /api/events status=200 upstream=B rt_ms=266 bytes=26268
2026-03-14 02:34:29.920 edge /api/events status=500 upstream=B rt_ms=243 bytes=6787
2026-03-14 02:34:32.723 edge /static/style.css status=200 upstream=B rt_ms=166 bytes=35329
2026-03-14 02:34:35.501 edge / status=200 upstream=B rt_ms=398 bytes=15604
2026-03-14 02:34:35.894 edge /api/events status=404 upstream=B rt_ms=124 bytes=31479
2026-03-14 02:34:37.352 edge / status=200 upstream=B rt_ms=315 bytes=30768
2026-03-14 02:34:39.168 edge /healthz status=502 upstream=B rt_ms=71 bytes=15329
2026-03-14 02:34:40.943 edge /static/style.css status=500 upstream=B rt_ms=345 bytes=33878
2026-03-14 02:34:41.551 edge / status=500 upstream=B rt_ms=321 bytes=24307
2026-03-14 02:34:41.848 edge /api/events status=200 upstream=B rt_ms=324 bytes=36902
2026-03-14 02:34:42.212 edge /static/style.css status=502 upstream=B rt_ms=51 bytes=33925
2026-03-14 02:34:42.732 edge /static/style.css status=200 upstream=B rt_ms=61 bytes=7892
2026-03-14 02:34:43.410 edge /static/style.css status=502 upstream=B rt_ms=161 bytes=17746
2026-03-14 02:34:43.593 edge / status=200 upstream=B rt_ms=327 bytes=39320
2026-03-14 02:34:45.470 edge /api/orders status=502 upstream=B rt_ms=338 bytes=2668
2026-03-14 02:34:46.100 edge /healthz status=200 upstream=B rt_ms=154 bytes=33066
2026-03-14 02:34:46.309 edge / status=200 upstream=B rt_ms=164 bytes=19766
2026-03-14 02:34:48.624 edge /healthz status=404 upstream=B rt_ms=245 bytes=37972
2026-03-14 02:34:48.880 edge /healthz status=502 upstream=B rt_ms=21 bytes=22748
2026-03-14 02:34:52.038 edge /healthz status=200 upstream=B rt_ms=316 bytes=7906
2026-03-14 02:34:54.569 edge /api/events status=200 upstream=B rt_ms=279 bytes=4050
2026-03-14 02:34:55.713 edge /static/style.css status=200 upstream=B rt_ms=41 bytes=13068
2026-03-14 02:34:56.427 edge /healthz status=200 upstream=B rt_ms=325 bytes=24213
2026-03-14 02:34:57.006 edge / status=502 upstream=B rt_ms=274 bytes=21829
2026-03-14 02:34:57.110 edge / status=200 upstream=B rt_ms=283 bytes=4457
2026-03-14 02:34:57.816 edge /api/events status=200 upstream=B rt_ms=166 bytes=2794
2026-03-14 02:34:59.238 edge /api/orders status=200 upstream=B rt_ms=380 bytes=23299
2026-03-14 02:35:00.752 edge / status=200 upstream=B rt_ms=71 bytes=25898
2026-03-14 02:35:01.006 edge /static/style.css status=200 upstream=B rt_ms=378 bytes=18392
2026-03-14 02:35:05.217 edge /api/events status=200 upstream=B rt_ms=297 bytes=38945
2026-03-14 02:35:05.280 edge /api/orders status=200 upstream=B rt_ms=65 bytes=27156
2026-03-14 02:35:05.614 edge /api/events status=502 upstream=B rt_ms=50 bytes=33135
2026-03-14 02:35:07.372 edge /api/events status=200 upstream=B rt_ms=341 bytes=40080
2026-03-14 02:35:08.353 edge /static/style.css status=200 upstream=B rt_ms=147 bytes=23410
2026-03-14 02:35:09.687 edge /static/style.css status=200 upstream=B rt_ms=334 bytes=4262
2026-03-14 02:35:10.432 edge /static/style.css status=502 upstream=B rt_ms=51 bytes=33970
2026-03-14 02:35:11.641 edge /api/orders status=200 upstream=B rt_ms=258 bytes=1975
2026-03-14 02:35:12.615 edge / status=200 upstream=B rt_ms=45 bytes=31401
2026-03-14 02:35:15.033 edge /healthz status=502 upstream=B rt_ms=99 bytes=31394
2026-03-14 02:35:15.110 edge /api/events status=200 upstream=B rt_ms=387 bytes=17969
2026-03-14 02:35:17.301 edge /healthz status=502 upstream=B rt_ms=361 bytes=12793
2026-03-14 02:35:17.736 edge /api/events status=200 upstream=B rt_ms=190 bytes=12771
2026-03-14 02:35:18.606 edge /api/events status=200 upstream=B rt_ms=110 bytes=21992
2026-03-14 02:35:20.110 edge / status=200 upstream=B rt_ms=180 bytes=641
2026-03-14 02:35:20.966 edge /static/style.css status=200 upstream=B rt_ms=114 bytes=14677
2026-03-14 02:35:21.201 edge /api/events status=200 upstream=B rt_ms=353 bytes=41278
2026-03-14 02:35:22.107 edge /static/style.css status=200 upstream=B rt_ms=293 bytes=24453
2026-03-14 02:35:23.359 edge /api/orders status=502 upstream=B rt_ms=64 bytes=4185
2026-03-14 02:35:25.176 edge / status=502 upstream=B rt_ms=173 bytes=38102
2026-03-14 02:35:25.377 edge / status=200 upstream=B rt_ms=150 bytes=5585
2026-03-14 02:35:25.567 edge /api/orders status=200 upstream=B rt_ms=244 bytes=33892
2026-03-14 02:35:26.839 edge /api/orders status=502 upstream=B rt_ms=42 bytes=20777
2026-03-14 02:35:28.790 edge /api/orders status=502 upstream=B rt_ms=368 bytes=1893
2026-03-14 02:35:28.835 edge /api/events status=200 upstream=B rt_ms=39 bytes=40295
2026-03-14 02:35:29.018 edge / status=502 upstream=B rt_ms=300 bytes=6976
2026-03-14 02:35:30.962 edge /healthz status=502 upstream=B rt_ms=344 bytes=4047
2026-03-14 02:35:32.152 edge /healthz status=500 upstream=B rt_ms=266 bytes=17578
2026-03-14 02:35:32.519 edge /healthz status=502 upstream=B rt_ms=131 bytes=4321
2026-03-14 02:35:32.651 edge / status=200 upstream=B rt_ms=308 bytes=21674
2026-03-14 02:35:32.658 edge /healthz status=500 upstream=B rt_ms=28 bytes=16224
2026-03-14 02:35:33.076 edge / status=200 upstream=B rt_ms=366 bytes=32953
2026-03-14 02:35:33.726 edge / status=200 upstream=B rt_ms=312 bytes=40197
2026-03-14 02:35:34.402 edge / status=200 upstream=B rt_ms=312 bytes=13212
2026-03-14 02:35:34.919 edge /static/style.css status=502 upstream=B rt_ms=219 bytes=5461
2026-03-14 02:35:35.914 edge /api/events status=502 upstream=B rt_ms=46 bytes=551
2026-03-14 02:35:36.520 edge /healthz status=502 upstream=B rt_ms=280 bytes=1175
2026-03-14 02:35:36.553 edge /api/events status=200 upstream=B rt_ms=210 bytes=40128
2026-03-14 02:35:36.716 edge / status=200 upstream=B rt_ms=27 bytes=5708
2026-03-14 02:35:40.073 edge / status=200 upstream=B rt_ms=76 bytes=13182
2026-03-14 02:35:40.990 edge /static/style.css status=200 upstream=B rt_ms=355 bytes=5444
2026-03-14 02:35:41.383 edge /static/style.css status=502 upstream=B rt_ms=263 bytes=16200
2026-03-14 02:35:42.489 edge /api/orders status=200 upstream=B rt_ms=313 bytes=34284
2026-03-14 02:35:43.130 edge /api/orders status=502 upstream=B rt_ms=318 bytes=6011
2026-03-14 02:35:44.803 edge /api/orders status=200 upstream=B rt_ms=25 bytes=13202
2026-03-14 02:35:46.248 edge /api/orders status=200 upstream=B rt_ms=330 bytes=3028
2026-03-14 02:35:46.393 edge / status=500 upstream=B rt_ms=280 bytes=8318
2026-03-14 02:35:47.770 edge / status=502 upstream=B rt_ms=104 bytes=26494
2026-03-14 02:35:49.255 edge /api/orders status=200 upstream=B rt_ms=131 bytes=21499
2026-03-14 02:35:49.617 edge /healthz status=502 upstream=B rt_ms=187 bytes=14177
2026-03-14 02:35:50.070 edge / status=502 upstream=B rt_ms=204 bytes=10533
2026-03-14 02:35:51.776 edge / status=502 upstream=B rt_ms=206 bytes=19462
2026-03-14 02:35:52.001 edge /api/orders status=200 upstream=B rt_ms=387 bytes=18069
2026-03-14 02:35:53.559 edge / status=502 upstream=B rt_ms=90 bytes=35591
2026-03-14 02:35:54.647 edge /healthz status=502 upstream=B rt_ms=353 bytes=2174
2026-03-14 02:35:55.078 edge /api/events status=200 upstream=B rt_ms=337 bytes=32536
2026-03-14 02:35:58.773 edge /api/orders status=200 upstream=B rt_ms=197 bytes=900
2026-03-14 02:35:59.905 edge / status=404 upstream=B rt_ms=245 bytes=27962
2026-03-14 02:36:01.064 edge /api/orders status=200 upstream=B rt_ms=59 bytes=15258
2026-03-14 02:36:03.010 edge /healthz status=200 upstream=B rt_ms=283 bytes=29443
2026-03-14 02:36:07.148 edge /healthz status=200 upstream=B rt_ms=382 bytes=32450
2026-03-14 02:36:08.390 edge /static/style.css status=200 upstream=B rt_ms=251 bytes=30470
2026-03-14 02:36:08.748 edge /api/orders status=502 upstream=B rt_ms=318 bytes=700
2026-03-14 02:36:08.829 edge /api/events status=502 upstream=B rt_ms=52 bytes=9597
2026-03-14 02:36:10.204 edge / status=200 upstream=B rt_ms=149 bytes=589
2026-03-14 02:36:11.797 edge /healthz status=502 upstream=B rt_ms=297 bytes=3325
2026-03-14 02:36:12.311 edge /api/events status=200 upstream=B rt_ms=393 bytes=8889
2026-03-14 02:36:13.798 edge /api/events status=200 upstream=B rt_ms=345 bytes=4596
2026-03-14 02:36:13.961 edge /healthz status=502 upstream=B rt_ms=81 bytes=14553
2026-03-14 02:36:14.619 edge / status=502 upstream=B rt_ms=54 bytes=33135
2026-03-14 02:36:16.124 edge /static/style.css status=404 upstream=B rt_ms=187 bytes=34499
2026-03-14 02:36:17.859 edge / status=502 upstream=B rt_ms=137 bytes=28035
2026-03-14 02:36:17.987 edge /api/orders status=502 upstream=B rt_ms=288 bytes=18996
2026-03-14 02:36:18.154 edge /api/events status=200 upstream=B rt_ms=384 bytes=1275
2026-03-14 02:36:18.675 edge /api/orders status=502 upstream=B rt_ms=30 bytes=40411
2026-03-14 02:36:20.131 edge /healthz status=200 upstream=B rt_ms=289 bytes=13579
2026-03-14 02:36:21.465 edge /api/orders status=502 upstream=B rt_ms=107 bytes=34316
2026-03-14 02:36:21.975 edge / status=200 upstream=B rt_ms=192 bytes=39971
2026-03-14 02:36:23.217 edge /healthz status=502 upstream=B rt_ms=117 bytes=5724
2026-03-14 02:36:24.282 edge /static/style.css status=500 upstream=B rt_ms=25 bytes=9513
2026-03-14 02:36:24.407 edge /api/orders status=200 upstream=B rt_ms=341 bytes=10243
2026-03-14 02:36:25.984 edge /api/events status=200 upstream=B rt_ms=343 bytes=5198
2026-03-14 02:36:27.917 edge /static/style.css status=502 upstream=B rt_ms=23 bytes=39902
2026-03-14 02:36:28.386 edge /api/events status=200 upstream=B rt_ms=56 bytes=26643
2026-03-14 02:36:29.662 edge / status=200 upstream=B rt_ms=128 bytes=30520
2026-03-14 02:36:30.185 edge /static/style.css status=200 upstream=B rt_ms=283 bytes=15437
2026-03-14 02:36:32.166 edge /static/style.css status=200 upstream=B rt_ms=135 bytes=637
2026-03-14 02:36:33.134 edge /healthz status=502 upstream=B rt_ms=205 bytes=20960
2026-03-14 02:36:33.817 edge /healthz status=502 upstream=B rt_ms=126 bytes=13213
2026-03-14 02:36:34.686 edge /healthz status=502 upstream=B rt_ms=293 bytes=6719
2026-03-14 02:36:35.389 edge /healthz status=500 upstream=B rt_ms=317 bytes=40584
2026-03-14 02:36:38.985 edge /api/orders status=502 upstream=B rt_ms=201 bytes=35163
2026-03-14 02:36:39.363 edge /api/orders status=200 upstream=B rt_ms=153 bytes=27356
2026-03-14 02:36:39.364 edge /healthz status=200 upstream=B rt_ms=355 bytes=2408
2026-03-14 02:36:41.798 edge /static/style.css status=502 upstream=B rt_ms=193 bytes=33314
2026-03-14 02:36:41.847 edge / status=200 upstream=B rt_ms=309 bytes=9479
2026-03-14 02:36:42.585 edge /api/events status=200 upstream=B rt_ms=275 bytes=25232
2026-03-14 02:36:43.867 edge /static/style.css status=502 upstream=B rt_ms=360 bytes=1899
2026-03-14 02:36:43.950 edge / status=502 upstream=B rt_ms=360 bytes=39540
2026-03-14 02:36:44.429 edge /api/orders status=502 upstream=B rt_ms=334 bytes=30594
2026-03-14 02:36:46.578 edge /api/events status=200 upstream=B rt_ms=321 bytes=39177
2026-03-14 02:36:47.965 edge /static/style.css status=500 upstream=B rt_ms=134 bytes=9589
2026-03-14 02:36:49.201 edge /static/style.css status=200 upstream=B rt_ms=78 bytes=39358
2026-03-14 02:36:52.291 edge / status=200 upstream=B rt_ms=96 bytes=9806
2026-03-14 02:36:54.018 edge /healthz status=502 upstream=B rt_ms=222 bytes=23203
2026-03-14 02:36:54.635 edge /api/orders status=200 upstream=B rt_ms=130 bytes=5004
2026-03-14 02:36:56.302 edge /healthz status=502 upstream=B rt_ms=138 bytes=23124
2026-03-14 02:36:56.708 edge /healthz status=502 upstream=B rt_ms=63 bytes=41569
2026-03-14 02:37:01.605 edge /api/orders status=200 upstream=B rt_ms=318 bytes=16666
2026-03-14 02:37:05.919 edge /api/orders status=502 upstream=B rt_ms=370 bytes=4102
2026-03-14 02:37:07.754 edge /api/orders status=200 upstream=B rt_ms=210 bytes=19777
2026-03-14 02:37:07.794 edge /api/orders status=200 upstream=B rt_ms=383 bytes=11234
2026-03-14 02:37:07.844 edge /api/orders status=200 upstream=B rt_ms=341 bytes=1379
2026-03-14 02:37:08.469 edge / status=200 upstream=B rt_ms=83 bytes=9742
2026-03-14 02:37:10.198 edge / status=502 upstream=B rt_ms=197 bytes=6683
2026-03-14 02:37:12.088 edge /healthz status=502 upstream=B rt_ms=229 bytes=3622
2026-03-14 02:37:12.989 edge /static/style.css status=200 upstream=B rt_ms=362 bytes=17377
2026-03-14 02:37:13.704 edge /api/events status=502 upstream=B rt_ms=183 bytes=17789
2026-03-14 02:37:13.835 edge /healthz status=200 upstream=B rt_ms=281 bytes=5548
2026-03-14 02:37:14.755 edge / status=200 upstream=B rt_ms=325 bytes=29424
2026-03-14 02:37:15.098 edge /api/orders status=502 upstream=B rt_ms=114 bytes=370
2026-03-14 02:37:15.398 edge /healthz status=200 upstream=B rt_ms=13 bytes=24050
2026-03-14 02:37:15.813 edge /api/events status=200 upstream=B rt_ms=67 bytes=4051
2026-03-14 02:37:16.256 edge /api/orders status=502 upstream=B rt_ms=188 bytes=33745
2026-03-14 02:37:16.331 edge / status=502 upstream=B rt_ms=280 bytes=18601
2026-03-14 02:37:16.440 edge /static/style.css status=200 upstream=B rt_ms=252 bytes=13749
2026-03-14 02:37:16.871 edge /static/style.css status=502 upstream=B rt_ms=284 bytes=26652
2026-03-14 02:37:17.164 edge / status=200 upstream=B rt_ms=172 bytes=40645
2026-03-14 02:37:20.653 edge /api/orders status=200 upstream=B rt_ms=75 bytes=41079
2026-03-14 02:37:21.305 edge /static/style.css status=500 upstream=B rt_ms=349 bytes=30706
2026-03-14 02:37:21.538 edge /api/events status=502 upstream=B rt_ms=319 bytes=39108
2026-03-14 02:37:21.810 edge /api/orders status=500 upstream=B rt_ms=216 bytes=2255
2026-03-14 02:37:25.242 edge /static/style.css status=200 upstream=B rt_ms=374 bytes=17087
2026-03-14 02:37:25.661 edge /healthz status=200 upstream=B rt_ms=208 bytes=30077
2026-03-14 02:37:25.733 edge / status=200 upstream=B rt_ms=180 bytes=39539
2026-03-14 02:37:26.331 edge /api/events status=502 upstream=B rt_ms=103 bytes=26485
2026-03-14 02:37:29.366 edge /static/style.css status=502 upstream=B rt_ms=123 bytes=11101
2026-03-14 02:37:29.460 edge /api/events status=502 upstream=B rt_ms=97 bytes=6141
2026-03-14 02:37:30.010 edge /static/style.css status=200 upstream=B rt_ms=151 bytes=1500
2026-03-14 02:37:32.879 edge /healthz status=200 upstream=B rt_ms=216 bytes=21850
2026-03-14 02:37:34.319 edge /healthz status=502 upstream=B rt_ms=258 bytes=41152
2026-03-14 02:37:35.103 edge /api/events status=500 upstream=B rt_ms=345 bytes=35992
2026-03-14 02:37:37.822 edge /healthz status=200 upstream=B rt_ms=391 bytes=9797
2026-03-14 02:37:38.546 edge /api/orders status=200 upstream=B rt_ms=91 bytes=33812
2026-03-14 02:37:38.647 edge /static/style.css status=404 upstream=B rt_ms=349 bytes=6490
2026-03-14 02:37:39.064 edge / status=502 upstream=B rt_ms=38 bytes=3814
2026-03-14 02:37:39.484 edge /healthz status=200 upstream=B rt_ms=343 bytes=6688
2026-03-14 02:37:40.270 edge /static/style.css status=200 upstream=B rt_ms=214 bytes=17701
2026-03-14 02:37:43.877 edge /healthz status=200 upstream=B rt_ms=250 bytes=13671
2026-03-14 02:37:45.195 edge /healthz status=200 upstream=B rt_ms=100 bytes=5096
2026-03-14 02:37:46.944 edge /healthz status=200 upstream=B rt_ms=289 bytes=21865
2026-03-14 02:37:46.997 edge /healthz status=502 upstream=B rt_ms=305 bytes=8768
2026-03-14 02:37:47.979 edge /api/orders status=200 upstream=B rt_ms=233 bytes=6342
2026-03-14 02:37:50.106 edge /static/style.css status=200 upstream=B rt_ms=47 bytes=37320
2026-03-14 02:37:50.441 edge /api/orders status=200 upstream=B rt_ms=39 bytes=14727
2026-03-14 02:37:52.480 edge /healthz status=200 upstream=B rt_ms=230 bytes=10937
2026-03-14 02:37:54.536 edge /healthz status=200 upstream=B rt_ms=12 bytes=18020
2026-03-14 02:37:54.967 edge /static/style.css status=200 upstream=B rt_ms=99 bytes=34078
2026-03-14 02:37:55.902 edge / status=502 upstream=B rt_ms=33 bytes=20436
2026-03-14 02:37:57.301 edge /static/style.css status=200 upstream=B rt_ms=323 bytes=26543
2026-03-14 02:37:59.702 edge / status=502 upstream=B rt_ms=223 bytes=16263
2026-03-14 02:38:02.256 edge / status=200 upstream=B rt_ms=399 bytes=23770
2026-03-14 02:38:03.340 edge /api/orders status=502 upstream=B rt_ms=20 bytes=35040
2026-03-14 02:38:04.544 edge /api/orders status=200 upstream=B rt_ms=347 bytes=21163
2026-03-14 02:38:06.010 edge /healthz status=502 upstream=B rt_ms=235 bytes=25700
2026-03-14 02:38:06.290 edge / status=502 upstream=B rt_ms=166 bytes=26154
2026-03-14 02:38:08.500 edge /api/events status=200 upstream=B rt_ms=17 bytes=21650
2026-03-14 02:38:08.707 edge /api/events status=200 upstream=B rt_ms=263 bytes=26862
2026-03-14 02:38:10.081 edge /api/events status=404 upstream=B rt_ms=81 bytes=18029
2026-03-14 02:38:10.166 edge /healthz status=502 upstream=B rt_ms=58 bytes=11346
2026-03-14 02:38:10.461 edge /api/events status=502 upstream=B rt_ms=42 bytes=23675
2026-03-14 02:38:10.591 edge /api/events status=200 upstream=B rt_ms=137 bytes=2324
2026-03-14 02:38:10.912 edge / status=200 upstream=B rt_ms=165 bytes=28016
2026-03-14 02:38:11.654 edge /healthz status=502 upstream=B rt_ms=240 bytes=7510
2026-03-14 02:38:13.262 edge / status=502 upstream=B rt_ms=270 bytes=8299
2026-03-14 02:38:14.246 edge / status=200 upstream=B rt_ms=118 bytes=8727
2026-03-14 02:38:14.567 edge /api/orders status=200 upstream=B rt_ms=381 bytes=1455
2026-03-14 02:38:14.597 edge /static/style.css status=502 upstream=B rt_ms=238 bytes=20921
2026-03-14 02:38:16.605 edge / status=200 upstream=B rt_ms=258 bytes=39783
2026-03-14 02:38:16.742 edge /api/orders status=200 upstream=B rt_ms=112 bytes=25448
2026-03-14 02:38:18.180 edge /static/style.css status=200 upstream=B rt_ms=89 bytes=3429
2026-03-14 02:38:19.785 edge / status=502 upstream=B rt_ms=389 bytes=31315
2026-03-14 02:38:19.818 edge /api/events status=404 upstream=B rt_ms=47 bytes=30148
2026-03-14 02:38:20.039 edge /api/orders status=200 upstream=B rt_ms=178 bytes=21796
2026-03-14 02:38:20.065 edge /static/style.css status=200 upstream=B rt_ms=395 bytes=8094
2026-03-14 02:38:22.307 edge /healthz status=200 upstream=B rt_ms=317 bytes=15276
2026-03-14 02:38:22.755 edge /static/style.css status=200 upstream=B rt_ms=238 bytes=21334
2026-03-14 02:38:23.714 edge /api/events status=200 upstream=B rt_ms=241 bytes=3176
2026-03-14 02:38:26.151 edge /healthz status=502 upstream=B rt_ms=278 bytes=34539
2026-03-14 02:38:27.611 edge /api/events status=502 upstream=B rt_ms=263 bytes=26980
2026-03-14 02:38:29.019 edge / status=502 upstream=B rt_ms=167 bytes=41013
2026-03-14 02:38:29.113 edge /api/orders status=200 upstream=B rt_ms=111 bytes=20187
2026-03-14 02:38:29.198 edge / status=502 upstream=B rt_ms=226 bytes=9921
2026-03-14 02:38:31.348 edge /api/events status=200 upstream=B rt_ms=123 bytes=8912
2026-03-14 02:38:32.149 edge /api/orders status=502 upstream=B rt_ms=21 bytes=3860
2026-03-14 02:38:33.647 edge /api/events status=502 upstream=B rt_ms=223 bytes=9236
2026-03-14 02:38:37.142 edge /healthz status=404 upstream=B rt_ms=378 bytes=14044
2026-03-14 02:38:38.134 edge /api/events status=502 upstream=B rt_ms=268 bytes=28778
2026-03-14 02:38:38.476 edge /static/style.css status=200 upstream=B rt_ms=278 bytes=7801
2026-03-14 02:38:38.847 edge /healthz status=502 upstream=B rt_ms=359 bytes=39750
2026-03-14 02:38:39.635 edge / status=200 upstream=B rt_ms=223 bytes=28072
2026-03-14 02:38:40.362 edge /healthz status=200 upstream=B rt_ms=12 bytes=24184
2026-03-14 02:38:40.907 edge /api/orders status=200 upstream=B rt_ms=219 bytes=6697
2026-03-14 02:38:41.120 edge /api/orders status=200 upstream=B rt_ms=24 bytes=10941
2026-03-14 02:38:41.606 edge /healthz status=500 upstream=B rt_ms=80 bytes=1795
2026-03-14 02:38:41.919 edge /static/style.css status=502 upstream=B rt_ms=298 bytes=3240
2026-03-14 02:38:42.987 edge /static/style.css status=502 upstream=B rt_ms=246 bytes=3467
2026-03-14 02:38:44.782 edge /api/events status=502 upstream=B rt_ms=259 bytes=5381
2026-03-14 02:38:45.174 edge /api/events status=502 upstream=B rt_ms=349 bytes=13792
2026-03-14 02:38:46.550 edge / status=200 upstream=B rt_ms=43 bytes=26689
2026-03-14 02:38:48.346 edge /static/style.css status=502 upstream=B rt_ms=153 bytes=2633
2026-03-14 02:38:49.231 edge / status=200 upstream=B rt_ms=329 bytes=23919
2026-03-14 02:38:51.824 edge /api/orders status=500 upstream=B rt_ms=64 bytes=32442
2026-03-14 02:38:52.352 edge /api/events status=502 upstream=B rt_ms=202 bytes=12585
2026-03-14 02:38:52.700 edge /api/events status=502 upstream=B rt_ms=394 bytes=12123
2026-03-14 02:38:53.014 edge /api/events status=200 upstream=B rt_ms=188 bytes=27720
2026-03-14 02:38:53.363 edge /api/events status=502 upstream=B rt_ms=290 bytes=28486
2026-03-14 02:38:53.945 edge /healthz status=200 upstream=B rt_ms=269 bytes=1058
2026-03-14 02:38:54.447 edge /static/style.css status=502 upstream=B rt_ms=285 bytes=3666
2026-03-14 02:38:55.247 edge /api/events status=200 upstream=B rt_ms=117 bytes=39187
2026-03-14 02:38:55.605 edge / status=502 upstream=B rt_ms=96 bytes=16736
2026-03-14 02:38:56.455 edge / status=200 upstream=B rt_ms=45 bytes=5487
2026-03-14 02:38:56.673 edge /api/orders status=200 upstream=B rt_ms=367 bytes=30703
2026-03-14 02:38:57.480 edge / status=200 upstream=B rt_ms=385 bytes=19747
2026-03-14 02:38:58.318 edge /healthz status=200 upstream=B rt_ms=189 bytes=32143
2026-03-14 02:38:59.095 edge /static/style.css status=200 upstream=B rt_ms=344 bytes=35381
2026-03-14 02:38:59.142 edge / status=200 upstream=B rt_ms=49 bytes=27469
2026-03-14 02:38:59.761 edge /api/events status=200 upstream=B rt_ms=376 bytes=5476
2026-03-14 02:39:02.200 edge /healthz status=500 upstream=B rt_ms=291 bytes=41657
2026-03-14 02:39:02.894 edge /api/events status=200 upstream=B rt_ms=50 bytes=36889
2026-03-14 02:39:03.731 edge /api/events status=502 upstream=B rt_ms=203 bytes=7050
2026-03-14 02:39:05.714 edge / status=502 upstream=B rt_ms=324 bytes=6534
2026-03-14 02:39:05.854 edge /healthz status=200 upstream=B rt_ms=99 bytes=35945
2026-03-14 02:39:05.996 edge /api/orders status=502 upstream=B rt_ms=117 bytes=39014
2026-03-14 02:39:06.937 edge /api/orders status=502 upstream=B rt_ms=276 bytes=7674
2026-03-14 02:39:07.086 edge /api/events status=200 upstream=B rt_ms=227 bytes=27590
2026-03-14 02:39:07.574 edge /api/orders status=200 upstream=B rt_ms=277 bytes=27955
2026-03-14 02:39:08.396 edge /static/style.css status=200 upstream=B rt_ms=208 bytes=31857
2026-03-14 02:39:08.995 edge /static/style.css status=502 upstream=B rt_ms=126 bytes=24633
2026-03-14 02:39:09.050 edge /api/events status=200 upstream=B rt_ms=192 bytes=19440
2026-03-14 02:39:09.795 edge /api/events status=502 upstream=B rt_ms=298 bytes=27788
2026-03-14 02:39:10.430 edge /healthz status=200 upstream=B rt_ms=77 bytes=14108
2026-03-14 02:39:10.769 edge /static/style.css status=200 upstream=B rt_ms=312 bytes=18678
2026-03-14 02:39:11.148 edge / status=200 upstream=B rt_ms=359 bytes=20523
2026-03-14 02:39:11.702 edge /static/style.css status=502 upstream=B rt_ms=83 bytes=3732
2026-03-14 02:39:12.701 edge /static/style.css status=502 upstream=B rt_ms=241 bytes=41321
2026-03-14 02:39:12.718 edge / status=404 upstream=B rt_ms=119 bytes=7643
2026-03-14 02:39:14.349 edge /static/style.css status=200 upstream=B rt_ms=83 bytes=25507
2026-03-14 02:39:14.531 edge / status=200 upstream=B rt_ms=384 bytes=8683
2026-03-14 02:39:15.272 edge /healthz status=200 upstream=B rt_ms=277 bytes=39912
2026-03-14 02:39:16.693 edge /api/events status=200 upstream=B rt_ms=88 bytes=201
2026-03-14 02:39:18.465 edge /api/events status=502 upstream=B rt_ms=272 bytes=2108
2026-03-14 02:39:18.595 edge /api/events status=500 upstream=B rt_ms=304 bytes=26817
2026-03-14 02:39:18.682 edge /healthz status=502 upstream=B rt_ms=256 bytes=26561
2026-03-14 02:39:19.029 edge / status=502 upstream=B rt_ms=52 bytes=20608
2026-03-14 02:39:19.795 edge /api/events status=200 upstream=B rt_ms=343 bytes=7105
2026-03-14 02:39:20.282 edge /static/style.css status=502 upstream=B rt_ms=67 bytes=17349
2026-03-14 02:39:20.652 edge /healthz status=200 upstream=B rt_ms=327 bytes=4478
2026-03-14 02:39:23.367 edge /api/events status=502 upstream=B rt_ms=96 bytes=22816
2026-03-14 02:39:28.960 edge /healthz status=502 upstream=B rt_ms=362 bytes=41333
2026-03-14 02:39:29.340 edge /healthz status=200 upstream=B rt_ms=296 bytes=15672
2026-03-14 02:39:34.020 edge / status=502 upstream=B rt_ms=372 bytes=27065
2026-03-14 02:39:34.448 edge /api/events status=200 upstream=B rt_ms=136 bytes=39820
2026-03-14 02:39:34.646 edge /healthz status=502 upstream=B rt_ms=391 bytes=12415
2026-03-14 02:39:35.938 edge /static/style.css status=200 upstream=B rt_ms=209 bytes=37442
2026-03-14 02:39:36.308 edge /api/orders status=502 upstream=B rt_ms=174 bytes=7111
2026-03-14 02:39:38.242 edge /api/orders status=502 upstream=B rt_ms=217 bytes=29224
2026-03-14 02:39:38.958 edge /static/style.css status=200 upstream=B rt_ms=389 bytes=40464
2026-03-14 02:39:39.073 edge /healthz status=502 upstream=B rt_ms=352 bytes=5036
2026-03-14 02:39:41.398 edge /api/orders status=200 upstream=B rt_ms=12 bytes=1577
2026-03-14 02:39:41.582 edge /static/style.css status=200 upstream=B rt_ms=119 bytes=16619
2026-03-14 02:39:43.657 edge /static/style.css status=200 upstream=B rt_ms=382 bytes=40473
2026-03-14 02:39:44.495 edge /api/events status=502 upstream=B rt_ms=240 bytes=16135
2026-03-14 02:39:45.927 edge /static/style.css status=200 upstream=B rt_ms=265 bytes=12151
2026-03-14 02:39:48.184 edge /static/style.css status=200 upstream=B rt_ms=219 bytes=19662
2026-03-14 02:39:48.449 edge /static/style.css status=502 upstream=B rt_ms=382 bytes=33731
2026-03-14 02:39:48.932 edge /api/events status=502 upstream=B rt_ms=179 bytes=11248
2026-03-14 02:39:50.320 edge /api/orders status=500 upstream=B rt_ms=359 bytes=14088
2026-03-14 02:39:51.644 edge /api/orders status=200 upstream=B rt_ms=45 bytes=41826
2026-03-14 02:39:52.955 edge /api/orders status=200 upstream=B rt_ms=273 bytes=17158
2026-03-14 02:39:53.881 edge /static/style.css status=200 upstream=B rt_ms=372 bytes=32499
2026-03-14 02:39:54.251 edge /api/orders status=502 upstream=B rt_ms=135 bytes=739
2026-03-14 02:39:55.499 edge /static/style.css status=200 upstream=B rt_ms=182 bytes=21600
2026-03-14 02:39:57.932 edge /api/events status=200 upstream=B rt_ms=23 bytes=39130
2026-03-14 02:39:59.466 edge /static/style.css status=502 upstream=B rt_ms=230 bytes=19631
2026-03-14 02:40:00.795 edge /static/style.css status=200 upstream=B rt_ms=156 bytes=15081
2026-03-14 02:40:02.751 edge /api/events status=200 upstream=B rt_ms=307 bytes=40128
2026-03-14 02:40:03.095 edge /healthz status=500 upstream=B rt_ms=221 bytes=18491
2026-03-14 02:40:03.428 edge /api/events status=200 upstream=B rt_ms=244 bytes=36335
2026-03-14 02:40:03.589 edge /healthz status=502 upstream=B rt_ms=303 bytes=22949
2026-03-14 02:40:05.101 edge /healthz status=502 upstream=B rt_ms=223 bytes=5673
2026-03-14 02:40:05.669 edge /healthz status=200 upstream=B rt_ms=131 bytes=13381
2026-03-14 02:40:06.680 edge /static/style.css status=502 upstream=B rt_ms=200 bytes=19725
2026-03-14 02:40:08.435 edge / status=200 upstream=B rt_ms=282 bytes=31955
2026-03-14 02:40:08.951 edge /healthz status=502 upstream=B rt_ms=40 bytes=35322
2026-03-14 02:40:09.237 edge / status=502 upstream=B rt_ms=60 bytes=32699
2026-03-14 02:40:09.686 edge / status=200 upstream=B rt_ms=58 bytes=19477
2026-03-14 02:40:20.681 edge /healthz status=200 upstream=B rt_ms=31 bytes=15627
2026-03-14 02:40:20.870 edge /static/style.css status=502 upstream=B rt_ms=163 bytes=12591
2026-03-14 02:40:21.677 edge / status=502 upstream=B rt_ms=107 bytes=26111
2026-03-14 02:40:21.972 edge /healthz status=404 upstream=B rt_ms=225 bytes=41506
2026-03-14 02:40:25.734 edge /static/style.css status=200 upstream=B rt_ms=52 bytes=22242
2026-03-14 02:40:27.302 edge /api/events status=200 upstream=B rt_ms=99 bytes=7603
2026-03-14 02:40:28.082 edge /healthz status=200 upstream=B rt_ms=119 bytes=22113
2026-03-14 02:40:28.438 edge / status=502 upstream=B rt_ms=6 bytes=32306
2026-03-14 02:40:29.081 edge /api/orders status=200 upstream=B rt_ms=281 bytes=6003
2026-03-14 02:40:29.324 edge / status=502 upstream=B rt_ms=290 bytes=37181
2026-03-14 02:40:30.201 edge /static/style.css status=200 upstream=B rt_ms=361 bytes=7598
2026-03-14 02:40:32.150 edge /static/style.css status=502 upstream=B rt_ms=106 bytes=20466
2026-03-14 02:40:32.832 edge /api/events status=200 upstream=B rt_ms=116 bytes=20855
2026-03-14 02:40:32.899 edge /api/events status=200 upstream=B rt_ms=72 bytes=16578
2026-03-14 02:40:33.529 edge /healthz status=200 upstream=B rt_ms=78 bytes=38376
2026-03-14 02:40:34.296 edge /healthz status=200 upstream=B rt_ms=284 bytes=2534
2026-03-14 02:40:35.138 edge /static/style.css status=200 upstream=B rt_ms=102 bytes=15590
2026-03-14 02:40:36.011 edge /api/orders status=502 upstream=B rt_ms=10 bytes=24901
2026-03-14 02:40:36.145 edge /healthz status=502 upstream=B rt_ms=16 bytes=30678
2026-03-14 02:40:36.514 edge / status=502 upstream=B rt_ms=39 bytes=41408
2026-03-14 02:40:36.855 edge /api/orders status=200 upstream=B rt_ms=189 bytes=17060
2026-03-14 02:40:37.547 edge /static/style.css status=502 upstream=B rt_ms=355 bytes=18621
2026-03-14 02:40:38.060 edge /static/style.css status=200 upstream=B rt_ms=323 bytes=41147
2026-03-14 02:40:42.373 edge /healthz status=200 upstream=B rt_ms=355 bytes=35382
2026-03-14 02:40:42.742 edge /api/events status=500 upstream=B rt_ms=327 bytes=33516
2026-03-14 02:40:45.349 edge / status=502 upstream=B rt_ms=172 bytes=41501
2026-03-14 02:40:45.443 edge / status=502 upstream=B rt_ms=249 bytes=8678
2026-03-14 02:40:47.052 edge /api/orders status=200 upstream=B rt_ms=104 bytes=1422
2026-03-14 02:40:49.354 edge / status=200 upstream=B rt_ms=70 bytes=4714
2026-03-14 02:40:51.170 edge /api/orders status=200 upstream=B rt_ms=18 bytes=12073
2026-03-14 02:40:51.209 edge /healthz status=502 upstream=B rt_ms=299 bytes=6200
2026-03-14 02:40:51.357 edge /static/style.css status=404 upstream=B rt_ms=3 bytes=15760
2026-03-14 02:40:51.576 edge / status=502 upstream=B rt_ms=166 bytes=30797
2026-03-14 02:40:52.044 edge /healthz status=200 upstream=B rt_ms=314 bytes=21816
2026-03-14 02:40:52.591 edge /healthz status=502 upstream=B rt_ms=219 bytes=26229
2026-03-14 02:40:52.679 edge /api/events status=502 upstream=B rt_ms=234 bytes=34831
2026-03-14 02:40:53.284 edge / status=200 upstream=B rt_ms=239 bytes=38071
2026-03-14 02:40:53.912 edge /healthz status=200 upstream=B rt_ms=19 bytes=8408
2026-03-14 02:40:57.136 edge /static/style.css status=200 upstream=B rt_ms=389 bytes=23130
2026-03-14 02:40:57.547 edge /healthz status=502 upstream=B rt_ms=316 bytes=23265
2026-03-14 02:40:57.560 edge / status=200 upstream=B rt_ms=313 bytes=19435
2026-03-14 02:40:57.672 edge / status=502 upstream=B rt_ms=321 bytes=31564
2026-03-14 02:40:57.852 edge /api/orders status=200 upstream=B rt_ms=235 bytes=26941
2026-03-14 02:41:00.546 edge /api/events status=502 upstream=B rt_ms=147 bytes=40640
2026-03-14 02:41:01.203 edge /static/style.css status=200 upstream=B rt_ms=336 bytes=20453
2026-03-14 02:41:01.418 edge /healthz status=200 upstream=B rt_ms=121 bytes=32559
2026-03-14 02:41:02.283 edge /healthz status=502 upstream=B rt_ms=264 bytes=14671
2026-03-14 02:41:02.394 edge /api/events status=502 upstream=B rt_ms=346 bytes=34403
2026-03-14 02:41:03.768 edge / status=200 upstream=B rt_ms=174 bytes=17605
2026-03-14 02:41:08.112 edge / status=502 upstream=B rt_ms=58 bytes=37133
2026-03-14 02:41:08.330 edge /healthz status=502 upstream=B rt_ms=157 bytes=1776
2026-03-14 02:41:09.049 edge / status=200 upstream=B rt_ms=298 bytes=34696
2026-03-14 02:41:10.110 edge /api/events status=200 upstream=B rt_ms=46 bytes=17373
2026-03-14 02:41:10.412 edge /api/orders status=200 upstream=B rt_ms=393 bytes=1680
2026-03-14 02:41:10.653 edge /api/orders status=200 upstream=B rt_ms=355 bytes=39885
2026-03-14 02:41:10.870 edge /static/style.css status=502 upstream=B rt_ms=44 bytes=5410
2026-03-14 02:41:13.680 edge / status=200 upstream=B rt_ms=178 bytes=29908
2026-03-14 02:41:17.022 edge /static/style.css status=200 upstream=B rt_ms=203 bytes=26520
2026-03-14 02:41:18.133 edge /api/orders status=200 upstream=B rt_ms=273 bytes=25701
2026-03-14 02:41:19.667 edge /api/events status=502 upstream=B rt_ms=195 bytes=13547
2026-03-14 02:41:20.389 edge /api/events status=500 upstream=B rt_ms=397 bytes=13674
2026-03-14 02:41:21.080 edge /api/orders status=200 upstream=B rt_ms=247 bytes=37693
2026-03-14 02:41:21.128 edge /api/orders status=502 upstream=B rt_ms=181 bytes=24822
2026-03-14 02:41:21.903 edge /static/style.css status=200 upstream=B rt_ms=140 bytes=29590
2026-03-14 02:41:23.011 edge /healthz status=500 upstream=B rt_ms=211 bytes=13022
2026-03-14 02:41:25.849 edge / status=200 upstream=B rt_ms=365 bytes=23566
2026-03-14 02:41:26.223 edge /api/events status=200 upstream=B rt_ms=160 bytes=32917
2026-03-14 02:41:26.299 edge /healthz status=502 upstream=B rt_ms=204 bytes=41665
2026-03-14 02:41:27.748 edge /static/style.css status=502 upstream=B rt_ms=182 bytes=33598
2026-03-14 02:41:28.030 edge /static/style.css status=502 upstream=B rt_ms=310 bytes=32041
2026-03-14 02:41:28.297 edge / status=200 upstream=B rt_ms=318 bytes=25645
2026-03-14 02:41:28.355 edge /static/style.css status=200 upstream=B rt_ms=214 bytes=32420
2026-03-14 02:41:30.690 edge /api/events status=502 upstream=B rt_ms=59 bytes=3424
2026-03-14 02:41:31.008 edge /api/orders status=500 upstream=B rt_ms=382 bytes=1074
2026-03-14 02:41:34.031 edge /api/events status=200 upstream=B rt_ms=271 bytes=19655
2026-03-14 02:41:34.110 edge /healthz status=200 upstream=B rt_ms=123 bytes=35237
2026-03-14 02:41:35.307 edge /api/events status=502 upstream=B rt_ms=361 bytes=41010
2026-03-14 02:41:35.573 edge / status=200 upstream=B rt_ms=205 bytes=21311
2026-03-14 02:41:36.790 edge /api/orders status=502 upstream=B rt_ms=175 bytes=36562
2026-03-14 02:41:37.685 edge /static/style.css status=200 upstream=B rt_ms=41 bytes=14224
2026-03-14 02:41:39.874 edge / status=502 upstream=B rt_ms=95 bytes=29916
2026-03-14 02:41:41.960 edge /api/events status=502 upstream=B rt_ms=254 bytes=16425
2026-03-14 02:41:42.904 edge /static/style.css status=200 upstream=B rt_ms=108 bytes=10757
2026-03-14 02:41:43.313 edge /api/orders status=502 upstream=B rt_ms=144 bytes=2775
2026-03-14 02:41:43.939 edge /healthz status=200 upstream=B rt_ms=397 bytes=22359
2026-03-14 02:41:45.280 edge /healthz status=502 upstream=B rt_ms=65 bytes=41761
2026-03-14 02:41:45.292 edge /static/style.css status=502 upstream=B rt_ms=377 bytes=34816
2026-03-14 02:41:49.699 edge /static/style.css status=200 upstream=B rt_ms=399 bytes=35595
2026-03-14 02:41:50.111 edge /api/events status=502 upstream=B rt_ms=149 bytes=40000
2026-03-14 02:41:51.267 edge /api/events status=200 upstream=B rt_ms=329 bytes=35934
2026-03-14 02:41:51.605 edge /api/events status=200 upstream=B rt_ms=138 bytes=20909
2026-03-14 02:41:52.199 edge /api/events status=502 upstream=B rt_ms=280 bytes=34598
2026-03-14 02:41:54.869 edge /api/events status=200 upstream=B rt_ms=375 bytes=12433
2026-03-14 02:41:56.792 edge /static/style.css status=502 upstream=B rt_ms=388 bytes=12007
2026-03-14 02:41:56.877 edge /static/style.css status=200 upstream=B rt_ms=176 bytes=466
2026-03-14 02:41:57.312 edge / status=502 upstream=B rt_ms=130 bytes=27285
2026-03-14 02:41:57.732 edge /api/orders status=200 upstream=B rt_ms=378 bytes=15308
2026-03-14 02:41:58.521 edge /api/events status=200 upstream=B rt_ms=175 bytes=25934
2026-03-14 02:41:58.842 edge /api/events status=200 upstream=B rt_ms=239 bytes=7778
2026-03-14 02:41:58.893 edge /static/style.css status=200 upstream=B rt_ms=239 bytes=24904
2026-03-14 02:41:59.874 edge / status=500 upstream=B rt_ms=398 bytes=37956
2026-03-14 02:42:01.821 edge / status=200 upstream=B rt_ms=178 bytes=4993
2026-03-14 02:42:03.499 edge /static/style.css status=500 upstream=B rt_ms=234 bytes=21186
2026-03-14 02:42:04.231 edge /healthz status=502 upstream=B rt_ms=125 bytes=6570
2026-03-14 02:42:05.307 edge / status=502 upstream=B rt_ms=337 bytes=361
2026-03-14 02:42:10.070 edge /static/style.css status=502 upstream=B rt_ms=183 bytes=11288
2026-03-14 02:42:10.568 edge /healthz status=200 upstream=B rt_ms=188 bytes=26922
2026-03-14 02:42:12.331 edge / status=200 upstream=B rt_ms=312 bytes=1023
2026-03-14 02:42:12.587 edge / status=200 upstream=B rt_ms=67 bytes=11106
2026-03-14 02:42:13.105 edge /healthz status=200 upstream=B rt_ms=296 bytes=477
2026-03-14 02:42:13.675 edge /api/events status=502 upstream=B rt_ms=201 bytes=7068
2026-03-14 02:42:15.282 edge /api/events status=404 upstream=B rt_ms=200 bytes=16953
2026-03-14 02:42:15.752 edge /api/orders status=502 upstream=B rt_ms=354 bytes=21201
2026-03-14 02:42:17.167 edge / status=502 upstream=B rt_ms=80 bytes=36357
2026-03-14 02:42:18.293 edge /api/orders status=200 upstream=B rt_ms=291 bytes=9360
2026-03-14 02:42:21.289 edge /api/events status=502 upstream=B rt_ms=368 bytes=24402
2026-03-14 02:42:21.470 edge / status=502 upstream=B rt_ms=128 bytes=18324
2026-03-14 02:42:21.728 edge /api/events status=502 upstream=B rt_ms=259 bytes=6790
2026-03-14 02:42:23.134 edge /api/events status=200 upstream=B rt_ms=305 bytes=5507
2026-03-14 02:42:24.799 edge /healthz status=200 upstream=B rt_ms=394 bytes=4702
2026-03-14 02:42:25.303 edge /healthz status=502 upstream=B rt_ms=204 bytes=5312
2026-03-14 02:42:26.388 edge / status=502 upstream=B rt_ms=55 bytes=29824
2026-03-14 02:42:26.862 edge / status=200 upstream=B rt_ms=93 bytes=26806
2026-03-14 02:42:31.639 edge /api/orders status=502 upstream=B rt_ms=284 bytes=8265
2026-03-14 02:42:32.630 edge /healthz status=200 upstream=B rt_ms=83 bytes=23735
2026-03-14 02:42:33.340 edge /static/style.css status=502 upstream=B rt_ms=328 bytes=1731
2026-03-14 02:42:35.088 edge /healthz status=200 upstream=B rt_ms=48 bytes=3760
2026-03-14 02:42:36.397 edge /api/orders status=200 upstream=B rt_ms=310 bytes=2826
2026-03-14 02:42:36.890 edge /static/style.css status=200 upstream=B rt_ms=320 bytes=39489
2026-03-14 02:42:38.280 edge /api/events status=200 upstream=B rt_ms=110 bytes=3438
2026-03-14 02:42:39.578 edge /api/events status=200 upstream=B rt_ms=132 bytes=875
2026-03-14 02:42:41.085 edge /api/orders status=502 upstream=B rt_ms=358 bytes=5464
2026-03-14 02:42:44.085 edge /api/orders status=502 upstream=B rt_ms=395 bytes=3892
2026-03-14 02:42:44.113 edge /static/style.css status=502 upstream=B rt_ms=64 bytes=22584
2026-03-14 02:42:45.471 edge /api/orders status=200 upstream=B rt_ms=294 bytes=40921
2026-03-14 02:42:45.732 edge /healthz status=500 upstream=B rt_ms=169 bytes=12545
2026-03-14 02:42:46.451 edge / status=502 upstream=B rt_ms=213 bytes=3871
2026-03-14 02:42:47.173 edge /healthz status=200 upstream=B rt_ms=105 bytes=31297
2026-03-14 02:42:49.583 edge /healthz status=502 upstream=B rt_ms=299 bytes=18350
2026-03-14 02:42:50.862 edge / status=200 upstream=B rt_ms=262 bytes=36026
2026-03-14 02:42:52.059 edge /api/orders status=502 upstream=B rt_ms=293 bytes=1940
2026-03-14 02:42:52.078 edge /api/orders status=502 upstream=B rt_ms=11 bytes=21387
2026-03-14 02:42:52.335 edge /api/orders status=500 upstream=B rt_ms=29 bytes=35250
2026-03-14 02:42:52.471 edge /api/orders status=502 upstream=B rt_ms=281 bytes=37075
2026-03-14 02:42:52.506 edge /static/style.css status=200 upstream=B rt_ms=346 bytes=36300
2026-03-14 02:42:54.372 edge /api/events status=502 upstream=B rt_ms=56 bytes=10243
2026-03-14 02:42:54.672 edge / status=502 upstream=B rt_ms=163 bytes=20948
2026-03-14 02:42:54.956 edge / status=200 upstream=B rt_ms=206 bytes=32854
2026-03-14 02:42:56.164 edge /api/orders status=200 upstream=B rt_ms=367 bytes=10753
2026-03-14 02:43:00.006 edge /static/style.css status=200 upstream=B rt_ms=96 bytes=7714
2026-03-14 02:43:01.194 edge /healthz status=500 upstream=B rt_ms=252 bytes=20227
2026-03-14 02:43:03.689 edge /healthz status=502 upstream=B rt_ms=231 bytes=35975
2026-03-14 02:43:03.716 edge / status=502 upstream=B rt_ms=208 bytes=21103
2026-03-14 02:43:03.824 edge /static/style.css status=200 upstream=B rt_ms=39 bytes=27959
2026-03-14 02:43:05.577 edge / status=200 upstream=B rt_ms=307 bytes=1309
2026-03-14 02:43:07.502 edge /api/orders status=502 upstream=B rt_ms=126 bytes=16310
2026-03-14 02:43:07.720 edge /static/style.css status=500 upstream=B rt_ms=237 bytes=4564
2026-03-14 02:43:08.158 edge / status=502 upstream=B rt_ms=257 bytes=22777
2026-03-14 02:43:09.208 edge / status=502 upstream=B rt_ms=187 bytes=6909
2026-03-14 02:43:12.134 edge / status=502 upstream=B rt_ms=64 bytes=26904
2026-03-14 02:43:12.511 edge /static/style.css status=502 upstream=B rt_ms=378 bytes=12697
2026-03-14 02:43:13.358 edge / status=502 upstream=B rt_ms=161 bytes=15703
2026-03-14 02:43:15.173 edge /healthz status=200 upstream=B rt_ms=310 bytes=37662
2026-03-14 02:43:17.676 edge /healthz status=200 upstream=B rt_ms=268 bytes=21379
2026-03-14 02:43:19.291 edge /static/style.css status=502 upstream=B rt_ms=346 bytes=37580
2026-03-14 02:43:19.877 edge /static/style.css status=200 upstream=B rt_ms=149 bytes=2689
2026-03-14 02:43:21.861 edge / status=502 upstream=B rt_ms=57 bytes=29020
2026-03-14 02:43:23.276 edge /api/events status=200 upstream=B rt_ms=301 bytes=11470
2026-03-14 02:43:26.811 edge /healthz status=200 upstream=B rt_ms=335 bytes=32850
2026-03-14 02:43:27.302 edge /api/orders status=500 upstream=B rt_ms=352 bytes=5568
2026-03-14 02:43:27.734 edge /healthz status=502 upstream=B rt_ms=25 bytes=40662
2026-03-14 02:43:27.871 edge /api/events status=200 upstream=B rt_ms=148 bytes=35981
2026-03-14 02:43:28.061 edge /api/orders status=500 upstream=B rt_ms=46 bytes=5726
2026-03-14 02:43:30.521 edge /static/style.css status=200 upstream=B rt_ms=293 bytes=1632
2026-03-14 02:43:30.616 edge / status=502 upstream=B rt_ms=298 bytes=24939
2026-03-14 02:43:33.034 edge / status=500 upstream=B rt_ms=40 bytes=15831
2026-03-14 02:43:34.223 edge /api/orders status=200 upstream=B rt_ms=397 bytes=22592
2026-03-14 02:43:35.142 edge /api/orders status=200 upstream=B rt_ms=270 bytes=18748
2026-03-14 02:43:35.207 edge /api/events status=200 upstream=B rt_ms=46 bytes=24443
2026-03-14 02:43:36.579 edge /api/events status=404 upstream=B rt_ms=37 bytes=16549
2026-03-14 02:43:37.094 edge /static/style.css status=200 upstream=B rt_ms=222 bytes=18713
2026-03-14 02:43:38.618 edge /static/style.css status=200 upstream=B rt_ms=31 bytes=27355
2026-03-14 02:43:38.984 edge /api/events status=502 upstream=B rt_ms=55 bytes=26644
2026-03-14 02:43:40.589 edge /api/events status=502 upstream=B rt_ms=273 bytes=19004
2026-03-14 02:43:43.027 edge /api/orders status=200 upstream=B rt_ms=106 bytes=40558
2026-03-14 02:43:43.489 edge /api/events status=200 upstream=B rt_ms=77 bytes=25620
2026-03-14 02:43:43.761 edge /static/style.css status=200 upstream=B rt_ms=19 bytes=26797
2026-03-14 02:43:44.920 edge /api/orders status=200 upstream=B rt_ms=18 bytes=7576
2026-03-14 02:43:44.933 edge / status=200 upstream=B rt_ms=339 bytes=19819
2026-03-14 02:43:49.233 edge /api/events status=200 upstream=B rt_ms=163 bytes=1240
2026-03-14 02:43:50.696 edge /api/orders status=200 upstream=B rt_ms=19 bytes=23901
2026-03-14 02:43:50.891 edge /healthz status=200 upstream=B rt_ms=259 bytes=20732
2026-03-14 02:43:54.465 edge /static/style.css status=200 upstream=B rt_ms=273 bytes=10571
2026-03-14 02:43:56.035 edge /static/style.css status=502 upstream=B rt_ms=173 bytes=9529
2026-03-14 02:43:56.090 edge /healthz status=200 upstream=B rt_ms=78 bytes=20789
2026-03-14 02:43:58.089 edge / status=502 upstream=B rt_ms=266 bytes=15757
2026-03-14 02:43:59.006 edge /healthz status=502 upstream=B rt_ms=259 bytes=32261
2026-03-14 02:44:00.417 edge /api/orders status=200 upstream=B rt_ms=69 bytes=7287
2026-03-14 02:44:00.828 edge / status=200 upstream=B rt_ms=313 bytes=21307
2026-03-14 02:44:01.411 edge /static/style.css status=404 upstream=B rt_ms=279 bytes=31262
2026-03-14 02:44:01.578 edge /healthz status=500 upstream=B rt_ms=283 bytes=14919
2026-03-14 02:44:02.284 edge /api/orders status=502 upstream=B rt_ms=208 bytes=4728
2026-03-14 02:44:03.388 edge / status=200 upstream=B rt_ms=289 bytes=28205
2026-03-14 02:44:04.066 edge /healthz status=200 upstream=B rt_ms=198 bytes=9962
2026-03-14 02:44:04.295 edge /healthz status=200 upstream=B rt_ms=122 bytes=41720
2026-03-14 02:44:06.111 edge /api/orders status=404 upstream=B rt_ms=346 bytes=7421
2026-03-14 02:44:06.228 edge / status=502 upstream=B rt_ms=296 bytes=23608
2026-03-14 02:44:06.889 edge /healthz status=502 upstream=B rt_ms=195 bytes=6224
2026-03-14 02:44:06.966 edge / status=404 upstream=B rt_ms=104 bytes=35981
2026-03-14 02:44:13.885 edge /api/orders status=200 upstream=B rt_ms=252 bytes=13350
2026-03-14 02:44:15.378 edge /healthz status=200 upstream=B rt_ms=46 bytes=22005
2026-03-14 02:44:15.715 edge / status=200 upstream=B rt_ms=347 bytes=35288
2026-03-14 02:44:16.003 edge /api/events status=200 upstream=B rt_ms=29 bytes=24910
2026-03-14 02:44:16.946 edge /healthz status=200 upstream=B rt_ms=75 bytes=35513
2026-03-14 02:44:18.767 edge /static/style.css status=200 upstream=B rt_ms=313 bytes=31614
2026-03-14 02:44:19.363 edge /api/events status=200 upstream=B rt_ms=364 bytes=37796
2026-03-14 02:44:19.912 edge /static/style.css status=200 upstream=B rt_ms=216 bytes=8174
2026-03-14 02:44:21.740 edge /api/events status=200 upstream=B rt_ms=177 bytes=6250
2026-03-14 02:44:22.189 edge /healthz status=200 upstream=B rt_ms=157 bytes=5817
2026-03-14 02:44:23.941 edge / status=200 upstream=B rt_ms=305 bytes=1641
2026-03-14 02:44:25.513 edge / status=200 upstream=B rt_ms=227 bytes=24629
2026-03-14 02:44:25.616 edge /api/orders status=200 upstream=B rt_ms=230 bytes=41801
2026-03-14 02:44:26.651 edge /healthz status=200 upstream=B rt_ms=53 bytes=30951
2026-03-14 02:44:27.689 edge / status=200 upstream=B rt_ms=32 bytes=17910
2026-03-14 02:44:28.693 edge /api/orders status=502 upstream=B rt_ms=216 bytes=28440
2026-03-14 02:44:28.862 edge /api/orders status=502 upstream=B rt_ms=9 bytes=40651
2026-03-14 02:44:28.924 edge / status=502 upstream=B rt_ms=106 bytes=950
2026-03-14 02:44:29.348 edge /api/orders status=200 upstream=B rt_ms=296 bytes=8676
2026-03-14 02:44:29.592 edge /healthz status=502 upstream=B rt_ms=241 bytes=40393
2026-03-14 02:44:29.736 edge / status=200 upstream=B rt_ms=140 bytes=38093
2026-03-14 02:44:30.665 edge / status=200 upstream=B rt_ms=87 bytes=38389
2026-03-14 02:44:30.800 edge /api/events status=200 upstream=B rt_ms=95 bytes=40980
2026-03-14 02:44:30.842 edge /api/orders status=502 upstream=B rt_ms=198 bytes=19829
2026-03-14 02:44:33.921 edge /static/style.css status=200 upstream=B rt_ms=290 bytes=40118
2026-03-14 02:44:35.599 edge / status=200 upstream=B rt_ms=110 bytes=33943
2026-03-14 02:44:38.242 edge / status=502 upstream=B rt_ms=7 bytes=14050
2026-03-14 02:44:39.440 edge /static/style.css status=200 upstream=B rt_ms=278 bytes=662
2026-03-14 02:44:40.026 edge /healthz status=502 upstream=B rt_ms=294 bytes=14494
2026-03-14 02:44:40.628 edge /api/events status=502 upstream=B rt_ms=205 bytes=7105
2026-03-14 02:44:40.765 edge /static/style.css status=502 upstream=B rt_ms=149 bytes=14420
2026-03-14 02:44:41.900 edge /healthz status=404 upstream=B rt_ms=111 bytes=18073
2026-03-14 02:44:42.919 edge /api/events status=200 upstream=B rt_ms=276 bytes=34145
2026-03-14 02:44:42.998 edge /healthz status=502 upstream=B rt_ms=173 bytes=14696
2026-03-14 02:44:45.595 edge /static/style.css status=404 upstream=B rt_ms=95 bytes=34760
2026-03-14 02:44:45.655 edge / status=502 upstream=B rt_ms=11 bytes=14209
2026-03-14 02:44:46.999 edge /api/orders status=500 upstream=B rt_ms=278 bytes=31803
2026-03-14 02:44:47.095 edge /healthz status=502 upstream=B rt_ms=285 bytes=35647
2026-03-14 02:44:47.509 edge /static/style.css status=502 upstream=B rt_ms=225 bytes=34351
2026-03-14 02:44:49.622 edge /api/events status=502 upstream=B rt_ms=165 bytes=12632
2026-03-14 02:44:51.522 edge /api/events status=502 upstream=B rt_ms=350 bytes=550
2026-03-14 02:44:52.034 edge /static/style.css status=200 upstream=B rt_ms=133 bytes=10067
2026-03-14 02:44:53.203 edge /api/events status=200 upstream=B rt_ms=301 bytes=28041
2026-03-14 02:44:54.012 edge /healthz status=200 upstream=B rt_ms=396 bytes=2426
2026-03-14 02:44:54.555 edge /api/events status=200 upstream=B rt_ms=274 bytes=23133
2026-03-14 02:44:58.614 edge /healthz status=502 upstream=B rt_ms=208 bytes=9822
2026-03-14 02:44:58.766 edge /api/events status=502 upstream=B rt_ms=266 bytes=11450
2026-03-14 02:44:59.797 edge /api/orders status=500 upstream=B rt_ms=362 bytes=21292
2026-03-14 02:45:00.852 edge /static/style.css status=200 upstream=B rt_ms=227 bytes=13838
2026-03-14 02:45:01.451 edge /static/style.css status=200 upstream=B rt_ms=209 bytes=40054
2026-03-14 02:45:03.366 edge /static/style.css status=200 upstream=B rt_ms=69 bytes=11965
2026-03-14 02:45:08.245 edge /api/orders status=502 upstream=B rt_ms=310 bytes=20885
2026-03-14 02:45:08.535 edge /healthz status=200 upstream=B rt_ms=26 bytes=13801
2026-03-14 02:45:10.262 edge / status=404 upstream=B rt_ms=24 bytes=3960
2026-03-14 02:45:10.692 edge /healthz status=200 upstream=B rt_ms=193 bytes=8589
2026-03-14 02:45:12.362 edge /api/orders status=502 upstream=B rt_ms=353 bytes=35731
2026-03-14 02:45:13.437 edge /healthz status=200 upstream=B rt_ms=325 bytes=29421
2026-03-14 02:45:13.475 edge /healthz status=502 upstream=B rt_ms=108 bytes=1012
2026-03-14 02:45:15.473 edge /static/style.css status=200 upstream=B rt_ms=323 bytes=10548
2026-03-14 02:45:15.697 edge /api/orders status=404 upstream=B rt_ms=48 bytes=4322
2026-03-14 02:45:16.999 edge / status=502 upstream=B rt_ms=117 bytes=40408
2026-03-14 02:45:17.940 edge / status=404 upstream=B rt_ms=209 bytes=19338
2026-03-14 02:45:18.462 edge /api/events status=200 upstream=B rt_ms=164 bytes=29090
2026-03-14 02:45:18.749 edge /api/events status=200 upstream=B rt_ms=381 bytes=2947
2026-03-14 02:45:20.414 edge /static/style.css status=200 upstream=B rt_ms=208 bytes=38585
2026-03-14 02:45:20.560 edge /static/style.css status=200 upstream=B rt_ms=180 bytes=12776
2026-03-14 02:45:21.042 edge /healthz status=200 upstream=B rt_ms=332 bytes=13815
2026-03-14 02:45:22.412 edge / status=200 upstream=B rt_ms=227 bytes=14808
2026-03-14 02:45:24.395 edge / status=502 upstream=B rt_ms=35 bytes=6389
2026-03-14 02:45:24.451 edge / status=200 upstream=B rt_ms=354 bytes=1831
2026-03-14 02:45:24.538 edge /api/orders status=200 upstream=B rt_ms=243 bytes=17112
2026-03-14 02:45:25.999 edge /static/style.css status=200 upstream=B rt_ms=373 bytes=27262
2026-03-14 02:45:26.068 edge /static/style.css status=502 upstream=B rt_ms=272 bytes=16298
2026-03-14 02:45:27.567 edge /static/style.css status=200 upstream=B rt_ms=117 bytes=24494
2026-03-14 02:45:28.504 edge / status=200 upstream=B rt_ms=377 bytes=8499
2026-03-14 02:45:30.795 edge /healthz status=502 upstream=B rt_ms=29 bytes=29851
2026-03-14 02:45:31.317 edge /static/style.css status=200 upstream=B rt_ms=306 bytes=36765
2026-03-14 02:45:32.757 edge / status=502 upstream=B rt_ms=6 bytes=20583
2026-03-14 02:45:32.957 edge /static/style.css status=200 upstream=B rt_ms=58 bytes=24885
2026-03-14 02:45:34.223 edge /api/orders status=200 upstream=B rt_ms=39 bytes=29825
2026-03-14 02:45:35.042 edge /api/events status=502 upstream=B rt_ms=168 bytes=31174
2026-03-14 02:45:35.916 edge /static/style.css status=200 upstream=B rt_ms=26 bytes=36960
2026-03-14 02:45:36.116 edge /api/orders status=502 upstream=B rt_ms=57 bytes=35822
2026-03-14 02:45:37.006 edge /healthz status=502 upstream=B rt_ms=173 bytes=23833
2026-03-14 02:45:37.179 edge /api/orders status=502 upstream=B rt_ms=65 bytes=12896
2026-03-14 02:45:39.158 edge /api/events status=200 upstream=B rt_ms=220 bytes=31446
2026-03-14 02:45:39.541 edge /healthz status=200 upstream=B rt_ms=83 bytes=6358
2026-03-14 02:45:40.141 edge /api/orders status=200 upstream=B rt_ms=191 bytes=6418
2026-03-14 02:45:41.361 edge /static/style.css status=200 upstream=B rt_ms=77 bytes=4469
2026-03-14 02:45:41.996 edge /healthz status=200 upstream=B rt_ms=50 bytes=8168
2026-03-14 02:45:42.486 edge /healthz status=500 upstream=B rt_ms=175 bytes=5548
2026-03-14 02:45:43.102 edge /api/events status=200 upstream=B rt_ms=75 bytes=16832
2026-03-14 02:45:43.848 edge /api/events status=200 upstream=B rt_ms=37 bytes=1441
2026-03-14 02:45:46.578 edge /healthz status=200 upstream=B rt_ms=241 bytes=38386
2026-03-14 02:45:47.496 edge /static/style.css status=200 upstream=B rt_ms=312 bytes=41718
2026-03-14 02:45:48.588 edge /healthz status=502 upstream=B rt_ms=347 bytes=21349
2026-03-14 02:45:48.593 edge /static/style.css status=502 upstream=B rt_ms=275 bytes=40486
2026-03-14 02:45:48.953 edge /api/orders status=200 upstream=B rt_ms=89 bytes=8828
2026-03-14 02:45:49.067 edge /api/orders status=200 upstream=B rt_ms=375 bytes=21081
2026-03-14 02:45:49.447 edge /api/events status=200 upstream=B rt_ms=220 bytes=16521
2026-03-14 02:45:50.895 edge /static/style.css status=502 upstream=B rt_ms=342 bytes=24129
2026-03-14 02:45:51.549 edge /static/style.css status=502 upstream=B rt_ms=23 bytes=23600
2026-03-14 02:45:53.373 edge /healthz status=200 upstream=B rt_ms=13 bytes=27379
2026-03-14 02:45:53.795 edge / status=502 upstream=B rt_ms=225 bytes=21346
2026-03-14 02:45:55.086 edge /healthz status=502 upstream=B rt_ms=268 bytes=30018
2026-03-14 02:45:55.607 edge /api/orders status=502 upstream=B rt_ms=119 bytes=510
2026-03-14 02:45:57.284 edge /static/style.css status=200 upstream=B rt_ms=378 bytes=24989
2026-03-14 02:45:57.400 edge /static/style.css status=200 upstream=B rt_ms=38 bytes=20540
2026-03-14 02:45:58.176 edge /api/events status=200 upstream=B rt_ms=162 bytes=31815
2026-03-14 02:45:58.601 edge /api/orders status=200 upstream=B rt_ms=291 bytes=11940
2026-03-14 02:45:58.660 edge / status=404 upstream=B rt_ms=373 bytes=4361
2026-03-14 02:46:04.634 edge /healthz status=200 upstream=B rt_ms=132 bytes=5801
2026-03-14 02:46:06.195 edge /healthz status=200 upstream=B rt_ms=260 bytes=26511
2026-03-14 02:46:07.498 edge /api/orders status=200 upstream=B rt_ms=73 bytes=12099
2026-03-14 02:46:07.773 edge /api/orders status=502 upstream=B rt_ms=94 bytes=23564
2026-03-14 02:46:08.109 edge /static/style.css status=502 upstream=B rt_ms=361 bytes=16533
2026-03-14 02:46:08.200 edge /healthz status=502 upstream=B rt_ms=80 bytes=30754
2026-03-14 02:46:09.598 edge /healthz status=502 upstream=B rt_ms=285 bytes=1085
2026-03-14 02:46:10.045 edge /api/orders status=200 upstream=B rt_ms=127 bytes=31887
2026-03-14 02:46:11.152 edge /static/style.css status=200 upstream=B rt_ms=277 bytes=25288
2026-03-14 02:46:12.237 edge /static/style.css status=200 upstream=B rt_ms=253 bytes=19613
2026-03-14 02:46:12.471 edge /static/style.css status=502 upstream=B rt_ms=376 bytes=41283
2026-03-14 02:46:13.455 edge /api/orders status=502 upstream=B rt_ms=329 bytes=7635
2026-03-14 02:46:15.044 edge /api/orders status=502 upstream=B rt_ms=308 bytes=19617
2026-03-14 02:46:15.075 edge /healthz status=502 upstream=B rt_ms=240 bytes=22059
2026-03-14 02:46:15.484 edge / status=200 upstream=B rt_ms=115 bytes=15837
2026-03-14 02:46:15.731 edge /api/events status=200 upstream=B rt_ms=54 bytes=22918
2026-03-14 02:46:17.134 edge /api/orders status=404 upstream=B rt_ms=38 bytes=36908
2026-03-14 02:46:17.587 edge / status=500 upstream=B rt_ms=94 bytes=14520
2026-03-14 02:46:18.832 edge /healthz status=200 upstream=B rt_ms=64 bytes=21474
2026-03-14 02:46:20.951 edge /api/orders status=200 upstream=B rt_ms=140 bytes=38083
2026-03-14 02:46:21.027 edge /static/style.css status=200 upstream=B rt_ms=317 bytes=40951
2026-03-14 02:46:21.725 edge /api/orders status=502 upstream=B rt_ms=230 bytes=20443
2026-03-14 02:46:22.368 edge /static/style.css status=200 upstream=B rt_ms=36 bytes=22967
2026-03-14 02:46:23.259 edge / status=200 upstream=B rt_ms=32 bytes=26161
2026-03-14 02:46:23.619 edge /api/events status=502 upstream=B rt_ms=154 bytes=27970
2026-03-14 02:46:23.914 edge /static/style.css status=200 upstream=B rt_ms=376 bytes=36871
2026-03-14 02:46:24.349 edge / status=200 upstream=B rt_ms=217 bytes=604
2026-03-14 02:46:26.851 edge / status=200 upstream=B rt_ms=91 bytes=9745
2026-03-14 02:46:27.108 edge /api/orders status=200 upstream=B rt_ms=262 bytes=31449
2026-03-14 02:46:31.253 edge /static/style.css status=200 upstream=B rt_ms=108 bytes=37611
2026-03-14 02:46:31.403 edge / status=200 upstream=B rt_ms=254 bytes=10430
2026-03-14 02:46:31.987 edge /static/style.css status=200 upstream=B rt_ms=235 bytes=37410
2026-03-14 02:46:33.446 edge /healthz status=200 upstream=B rt_ms=41 bytes=38818
2026-03-14 02:46:34.558 edge /api/orders status=200 upstream=B rt_ms=194 bytes=3475
2026-03-14 02:46:35.585 edge / status=502 upstream=B rt_ms=48 bytes=1149
2026-03-14 02:46:38.294 edge /api/orders status=502 upstream=B rt_ms=362 bytes=2543
2026-03-14 02:46:42.478 edge / status=500 upstream=B rt_ms=364 bytes=38620
2026-03-14 02:46:43.710 edge / status=502 upstream=B rt_ms=363 bytes=1531
2026-03-14 02:46:43.974 edge /api/orders status=502 upstream=B rt_ms=330 bytes=10051
2026-03-14 02:46:44.852 edge /api/orders status=200 upstream=B rt_ms=395 bytes=15720
2026-03-14 02:46:45.058 edge /healthz status=200 upstream=B rt_ms=345 bytes=8548
2026-03-14 02:46:45.103 edge / status=500 upstream=B rt_ms=263 bytes=37193
2026-03-14 02:46:48.576 edge / status=502 upstream=B rt_ms=315 bytes=24289
2026-03-14 02:46:49.429 edge /api/events status=200 upstream=B rt_ms=60 bytes=36362
2026-03-14 02:46:50.773 edge /healthz status=200 upstream=B rt_ms=357 bytes=41531
2026-03-14 02:46:53.341 edge /static/style.css status=502 upstream=B rt_ms=187 bytes=27876
2026-03-14 02:46:53.347 edge /healthz status=200 upstream=B rt_ms=102 bytes=3637
2026-03-14 02:46:53.407 edge /static/style.css status=200 upstream=B rt_ms=356 bytes=38002
2026-03-14 02:46:53.993 edge /api/events status=200 upstream=B rt_ms=262 bytes=6409
2026-03-14 02:46:54.384 edge /healthz status=200 upstream=B rt_ms=338 bytes=23115
2026-03-14 02:46:54.871 edge /api/orders status=200 upstream=B rt_ms=378 bytes=41691
2026-03-14 02:46:55.449 edge /api/events status=502 upstream=B rt_ms=63 bytes=26488
2026-03-14 02:46:59.468 edge /api/orders status=200 upstream=B rt_ms=92 bytes=21996
2026-03-14 02:46:59.552 edge /static/style.css status=200 upstream=B rt_ms=206 bytes=39408
2026-03-14 02:47:00.668 edge /healthz status=502 upstream=B rt_ms=64 bytes=28093
2026-03-14 02:47:01.522 edge /api/orders status=200 upstream=B rt_ms=172 bytes=5631
2026-03-14 02:47:01.716 edge /api/events status=502 upstream=B rt_ms=247 bytes=21530
2026-03-14 02:47:02.374 edge /api/orders status=502 upstream=B rt_ms=167 bytes=18490
2026-03-14 02:47:03.355 edge /api/events status=502 upstream=B rt_ms=311 bytes=15599
2026-03-14 02:47:03.642 edge /api/events status=200 upstream=B rt_ms=71 bytes=15777
2026-03-14 02:47:04.766 edge /api/orders status=500 upstream=B rt_ms=391 bytes=1964
2026-03-14 02:47:05.139 edge /healthz status=502 upstream=B rt_ms=301 bytes=36873
2026-03-14 02:47:05.857 edge /healthz status=200 upstream=B rt_ms=288 bytes=25092
2026-03-14 02:47:06.982 edge /api/events status=502 upstream=B rt_ms=333 bytes=20938
2026-03-14 02:47:07.743 edge /static/style.css status=502 upstream=B rt_ms=300 bytes=32939
2026-03-14 02:47:09.366 edge /healthz status=500 upstream=B rt_ms=89 bytes=38949
2026-03-14 02:47:09.432 edge /api/events status=500 upstream=B rt_ms=207 bytes=29526
2026-03-14 02:47:09.677 edge /static/style.css status=200 upstream=B rt_ms=100 bytes=15259
2026-03-14 02:47:10.084 edge / status=200 upstream=B rt_ms=339 bytes=11426
2026-03-14 02:47:10.497 edge /healthz status=200 upstream=B rt_ms=137 bytes=35090
2026-03-14 02:47:11.169 edge /healthz status=200 upstream=B rt_ms=248 bytes=37451
2026-03-14 02:47:13.083 edge /static/style.css status=200 upstream=B rt_ms=244 bytes=25137
2026-03-14 02:47:13.423 edge / status=200 upstream=B rt_ms=302 bytes=9133
2026-03-14 02:47:14.240 edge /static/style.css status=200 upstream=B rt_ms=381 bytes=843
2026-03-14 02:47:16.228 edge /api/orders status=200 upstream=B rt_ms=224 bytes=37540
2026-03-14 02:47:16.390 edge /api/orders status=502 upstream=B rt_ms=181 bytes=16399
2026-03-14 02:47:16.989 edge / status=502 upstream=B rt_ms=186 bytes=20946
2026-03-14 02:47:17.071 edge / status=500 upstream=B rt_ms=312 bytes=32680
2026-03-14 02:47:19.055 edge /api/orders status=200 upstream=B rt_ms=240 bytes=36854
2026-03-14 02:47:19.107 edge /healthz status=404 upstream=B rt_ms=81 bytes=11683
2026-03-14 02:47:20.913 edge /static/style.css status=200 upstream=B rt_ms=114 bytes=4183
2026-03-14 02:47:21.940 edge /api/orders status=200 upstream=B rt_ms=114 bytes=14272
2026-03-14 02:47:22.677 edge /api/events status=502 upstream=B rt_ms=67 bytes=1187
2026-03-14 02:47:25.945 edge /static/style.css status=200 upstream=B rt_ms=27 bytes=27201
2026-03-14 02:47:26.741 edge /api/events status=502 upstream=B rt_ms=32 bytes=29637
2026-03-14 02:47:28.268 edge /static/style.css status=502 upstream=B rt_ms=121 bytes=26223
2026-03-14 02:47:28.548 edge /static/style.css status=500 upstream=B rt_ms=302 bytes=36586
2026-03-14 02:47:28.789 edge / status=404 upstream=B rt_ms=147 bytes=21886
2026-03-14 02:47:29.083 edge /static/style.css status=200 upstream=B rt_ms=278 bytes=16307
2026-03-14 02:47:29.945 edge /static/style.css status=200 upstream=B rt_ms=233 bytes=3009
2026-03-14 02:47:30.391 edge /api/orders status=500 upstream=B rt_ms=391 bytes=6744
2026-03-14 02:47:32.711 edge /api/events status=200 upstream=B rt_ms=341 bytes=20416
2026-03-14 02:47:33.067 edge /api/orders status=200 upstream=B rt_ms=131 bytes=10328
2026-03-14 02:47:33.949 edge /static/style.css status=502 upstream=B rt_ms=211 bytes=4238
2026-03-14 02:47:36.062 edge /static/style.css status=502 upstream=B rt_ms=71 bytes=13625
2026-03-14 02:47:36.709 edge / status=502 upstream=B rt_ms=108 bytes=39347
2026-03-14 02:47:37.261 edge /api/events status=200 upstream=B rt_ms=38 bytes=7343
2026-03-14 02:47:39.554 edge /healthz status=502 upstream=B rt_ms=72 bytes=17153
2026-03-14 02:47:39.703 edge / status=502 upstream=B rt_ms=162 bytes=35793
2026-03-14 02:47:41.333 edge /healthz status=502 upstream=B rt_ms=305 bytes=26927
2026-03-14 02:47:43.644 edge / status=404 upstream=B rt_ms=165 bytes=27312
2026-03-14 02:47:44.095 edge /api/orders status=200 upstream=B rt_ms=359 bytes=17030
2026-03-14 02:47:44.299 edge /healthz status=502 upstream=B rt_ms=7 bytes=11065
2026-03-14 02:47:47.001 edge /static/style.css status=200 upstream=B rt_ms=309 bytes=25260
2026-03-14 02:47:48.096 edge / status=200 upstream=B rt_ms=344 bytes=38090
2026-03-14 02:47:48.999 edge /healthz status=502 upstream=B rt_ms=64 bytes=1845
2026-03-14 02:47:49.515 edge / status=200 upstream=B rt_ms=80 bytes=24655
2026-03-14 02:47:53.178 edge /api/orders status=502 upstream=B rt_ms=161 bytes=1377
2026-03-14 02:47:54.328 edge /api/orders status=200 upstream=B rt_ms=375 bytes=5956
2026-03-14 02:47:54.807 edge /api/orders status=200 upstream=B rt_ms=186 bytes=26956
2026-03-14 02:47:58.692 edge / status=200 upstream=B rt_ms=25 bytes=40283
2026-03-14 02:47:58.919 edge /api/orders status=200 upstream=B rt_ms=101 bytes=21982
2026-03-14 02:47:59.081 edge /api/events status=502 upstream=B rt_ms=103 bytes=29271
2026-03-14 02:48:00.291 edge /healthz status=502 upstream=B rt_ms=64 bytes=27015
2026-03-14 02:48:00.496 edge /static/style.css status=502 upstream=B rt_ms=15 bytes=34717
2026-03-14 02:48:01.061 edge /healthz status=502 upstream=B rt_ms=318 bytes=26184
2026-03-14 02:48:02.561 edge /api/orders status=502 upstream=B rt_ms=353 bytes=37697
2026-03-14 02:48:03.701 edge /api/events status=200 upstream=B rt_ms=97 bytes=34596
2026-03-14 02:48:09.735 edge /api/orders status=502 upstream=B rt_ms=242 bytes=39428
2026-03-14 02:48:10.162 edge /api/orders status=200 upstream=B rt_ms=356 bytes=38951
2026-03-14 02:48:10.530 edge / status=200 upstream=B rt_ms=138 bytes=15352
2026-03-14 02:48:10.844 edge /api/events status=502 upstream=B rt_ms=150 bytes=32967
2026-03-14 02:48:11.396 edge / status=200 upstream=B rt_ms=71 bytes=33133
2026-03-14 02:48:14.041 edge /static/style.css status=200 upstream=B rt_ms=212 bytes=13902
2026-03-14 02:48:15.443 edge /api/orders status=502 upstream=B rt_ms=394 bytes=13008
2026-03-14 02:48:16.853 edge /healthz status=200 upstream=B rt_ms=355 bytes=33977
2026-03-14 02:48:17.018 edge /api/events status=200 upstream=B rt_ms=266 bytes=39930
2026-03-14 02:48:17.346 edge /healthz status=200 upstream=B rt_ms=242 bytes=35737
2026-03-14 02:48:17.791 edge /api/orders status=200 upstream=B rt_ms=316 bytes=41593
2026-03-14 02:48:17.935 edge /api/orders status=200 upstream=B rt_ms=273 bytes=669
2026-03-14 02:48:18.390 edge /static/style.css status=502 upstream=B rt_ms=352 bytes=29657
2026-03-14 02:48:20.091 edge /healthz status=502 upstream=B rt_ms=86 bytes=39288
2026-03-14 02:48:21.789 edge / status=500 upstream=B rt_ms=398 bytes=11366
2026-03-14 02:48:22.262 edge /static/style.css status=200 upstream=B rt_ms=167 bytes=41060
2026-03-14 02:48:22.591 edge /static/style.css status=502 upstream=B rt_ms=201 bytes=25981
2026-03-14 02:48:24.719 edge /healthz status=500 upstream=B rt_ms=144 bytes=14813
2026-03-14 02:48:25.151 edge /healthz status=200 upstream=B rt_ms=59 bytes=7000
2026-03-14 02:48:25.186 edge /api/events status=200 upstream=B rt_ms=92 bytes=2425
2026-03-14 02:48:26.022 edge / status=200 upstream=B rt_ms=106 bytes=4775
2026-03-14 02:48:27.001 edge / status=502 upstream=B rt_ms=243 bytes=25873
2026-03-14 02:48:27.489 edge /static/style.css status=200 upstream=B rt_ms=7 bytes=27388
2026-03-14 02:48:28.137 edge /healthz status=502 upstream=B rt_ms=126 bytes=12567
2026-03-14 02:48:28.467 edge /healthz status=502 upstream=B rt_ms=34 bytes=1884
2026-03-14 02:48:29.382 edge /api/orders status=404 upstream=B rt_ms=104 bytes=16842
2026-03-14 02:48:29.475 edge /healthz status=200 upstream=B rt_ms=320 bytes=4854
2026-03-14 02:48:31.793 edge /api/orders status=502 upstream=B rt_ms=116 bytes=25479
2026-03-14 02:48:34.241 edge /healthz status=502 upstream=B rt_ms=251 bytes=26188
2026-03-14 02:48:36.338 edge / status=200 upstream=B rt_ms=12 bytes=2599
2026-03-14 02:48:36.535 edge /api/events status=502 upstream=B rt_ms=72 bytes=15732
2026-03-14 02:48:36.553 edge /healthz status=200 upstream=B rt_ms=253 bytes=20023
2026-03-14 02:48:36.702 edge /static/style.css status=200 upstream=B rt_ms=4 bytes=37150
2026-03-14 02:48:37.263 edge /static/style.css status=502 upstream=B rt_ms=30 bytes=3204
2026-03-14 02:48:38.224 edge /api/orders status=502 upstream=B rt_ms=158 bytes=22796
2026-03-14 02:48:38.329 edge /static/style.css status=502 upstream=B rt_ms=328 bytes=36939
2026-03-14 02:48:38.976 edge /api/orders status=200 upstream=B rt_ms=261 bytes=31135
2026-03-14 02:48:39.318 edge /api/events status=500 upstream=B rt_ms=365 bytes=41127
2026-03-14 02:48:40.263 edge /static/style.css status=404 upstream=B rt_ms=386 bytes=40489
2026-03-14 02:48:40.339 edge / status=502 upstream=B rt_ms=32 bytes=26910
2026-03-14 02:48:40.957 edge /api/events status=200 upstream=B rt_ms=141 bytes=1107
2026-03-14 02:48:41.953 edge /api/events status=200 upstream=B rt_ms=283 bytes=25381
2026-03-14 02:48:43.171 edge /api/orders status=200 upstream=B rt_ms=40 bytes=821
2026-03-14 02:48:47.833 edge /api/orders status=200 upstream=B rt_ms=65 bytes=14878
2026-03-14 02:48:48.769 edge /api/orders status=500 upstream=B rt_ms=39 bytes=15169
2026-03-14 02:48:49.244 edge /static/style.css status=200 upstream=B rt_ms=399 bytes=32079
2026-03-14 02:48:50.081 edge /api/orders status=404 upstream=B rt_ms=215 bytes=25242
2026-03-14 02:48:51.772 edge / status=500 upstream=B rt_ms=142 bytes=39087
2026-03-14 02:48:53.300 edge /healthz status=200 upstream=B rt_ms=337 bytes=19168
2026-03-14 02:48:53.444 edge /api/orders status=502 upstream=B rt_ms=154 bytes=14736
2026-03-14 02:48:55.398 edge /static/style.css status=502 upstream=B rt_ms=65 bytes=19878
2026-03-14 02:48:56.416 edge / status=502 upstream=B rt_ms=8 bytes=17600
2026-03-14 02:48:57.025 edge / status=200 upstream=B rt_ms=95 bytes=8986
2026-03-14 02:48:57.981 edge / status=200 upstream=B rt_ms=136 bytes=11003
2026-03-14 02:48:58.050 edge /api/orders status=200 upstream=B rt_ms=304 bytes=13597
2026-03-14 02:48:58.902 edge /api/orders status=502 upstream=B rt_ms=218 bytes=41891
2026-03-14 02:49:00.108 edge /static/style.css status=200 upstream=B rt_ms=351 bytes=16213
2026-03-14 02:49:00.212 edge /static/style.css status=200 upstream=B rt_ms=226 bytes=39069
2026-03-14 02:49:00.575 edge /api/events status=502 upstream=B rt_ms=230 bytes=35251
2026-03-14 02:49:01.387 edge /static/style.css status=404 upstream=B rt_ms=376 bytes=28865
2026-03-14 02:49:01.587 edge /static/style.css status=200 upstream=B rt_ms=229 bytes=20686
2026-03-14 02:49:01.863 edge /static/style.css status=500 upstream=B rt_ms=178 bytes=8801
2026-03-14 02:49:02.048 edge /healthz status=200 upstream=B rt_ms=79 bytes=29040
2026-03-14 02:49:02.915 edge /api/orders status=502 upstream=B rt_ms=171 bytes=11973
2026-03-14 02:49:03.628 edge /api/events status=200 upstream=B rt_ms=9 bytes=21059
2026-03-14 02:49:04.562 edge /healthz status=200 upstream=B rt_ms=335 bytes=21595
2026-03-14 02:49:08.206 edge /static/style.css status=200 upstream=B rt_ms=79 bytes=24789
2026-03-14 02:49:10.381 edge /api/events status=200 upstream=B rt_ms=334 bytes=13042
2026-03-14 02:49:11.117 edge /static/style.css status=502 upstream=B rt_ms=10 bytes=31436
2026-03-14 02:49:12.426 edge /static/style.css status=502 upstream=B rt_ms=129 bytes=1538
2026-03-14 02:49:13.360 edge /static/style.css status=200 upstream=B rt_ms=172 bytes=18799
2026-03-14 02:49:14.725 edge /static/style.css status=200 upstream=B rt_ms=115 bytes=15225
2026-03-14 02:49:15.641 edge / status=200 upstream=B rt_ms=389 bytes=30884
2026-03-14 02:49:16.066 edge /static/style.css status=200 upstream=B rt_ms=43 bytes=33512
2026-03-14 02:49:16.301 edge /api/events status=200 upstream=B rt_ms=76 bytes=39908
2026-03-14 02:49:16.679 edge /healthz status=200 upstream=B rt_ms=395 bytes=17036
2026-03-14 02:49:16.992 edge /api/orders status=500 upstream=B rt_ms=33 bytes=2562
2026-03-14 02:49:17.223 edge /api/events status=500 upstream=B rt_ms=73 bytes=26369
2026-03-14 02:49:17.733 edge / status=502 upstream=B rt_ms=271 bytes=17133
2026-03-14 02:49:17.923 edge / status=502 upstream=B rt_ms=186 bytes=38575
2026-03-14 02:49:19.484 edge /api/events status=502 upstream=B rt_ms=143 bytes=32654
2026-03-14 02:49:20.164 edge /healthz status=200 upstream=B rt_ms=202 bytes=17131
2026-03-14 02:49:20.486 edge /api/events status=502 upstream=B rt_ms=328 bytes=27158
2026-03-14 02:49:21.291 edge /api/events status=502 upstream=B rt_ms=21 bytes=27341
2026-03-14 02:49:22.519 edge /api/orders status=500 upstream=B rt_ms=168 bytes=24941
2026-03-14 02:49:23.661 edge / status=200 upstream=B rt_ms=217 bytes=36251
2026-03-14 02:49:23.744 edge /static/style.css status=502 upstream=B rt_ms=220 bytes=20750
2026-03-14 02:49:23.852 edge /static/style.css status=502 upstream=B rt_ms=336 bytes=22647
2026-03-14 02:49:25.518 edge /api/orders status=200 upstream=B rt_ms=89 bytes=11047
2026-03-14 02:49:25.636 edge /static/style.css status=200 upstream=B rt_ms=94 bytes=22415
2026-03-14 02:49:26.137 edge /api/events status=502 upstream=B rt_ms=261 bytes=4006
2026-03-14 02:49:26.361 edge /healthz status=502 upstream=B rt_ms=396 bytes=12487
2026-03-14 02:49:27.165 edge /api/events status=200 upstream=B rt_ms=62 bytes=6201
2026-03-14 02:49:27.534 edge /api/events status=502 upstream=B rt_ms=113 bytes=21308
2026-03-14 02:49:29.345 edge /static/style.css status=200 upstream=B rt_ms=297 bytes=39811
2026-03-14 02:49:30.310 edge /api/orders status=200 upstream=B rt_ms=161 bytes=516
2026-03-14 02:49:32.407 edge /api/events status=502 upstream=B rt_ms=152 bytes=39584
2026-03-14 02:49:32.951 edge / status=200 upstream=B rt_ms=397 bytes=29666
2026-03-14 02:49:34.486 edge /api/orders status=200 upstream=B rt_ms=67 bytes=39399
2026-03-14 02:49:35.291 edge / status=502 upstream=B rt_ms=46 bytes=19150
2026-03-14 02:49:38.674 edge /healthz status=200 upstream=B rt_ms=172 bytes=15125
2026-03-14 02:49:38.806 edge /api/orders status=502 upstream=B rt_ms=315 bytes=4793
2026-03-14 02:49:39.624 edge /healthz status=200 upstream=B rt_ms=295 bytes=1814
2026-03-14 02:49:41.026 edge /api/events status=200 upstream=B rt_ms=229 bytes=25702
2026-03-14 02:49:41.581 edge /static/style.css status=200 upstream=B rt_ms=245 bytes=7191
2026-03-14 02:49:41.836 edge /api/orders status=200 upstream=B rt_ms=65 bytes=36699
2026-03-14 02:49:41.844 edge /healthz status=502 upstream=B rt_ms=91 bytes=26235
2026-03-14 02:49:42.033 edge /static/style.css status=200 upstream=B rt_ms=112 bytes=30613
2026-03-14 02:49:42.322 edge /api/orders status=502 upstream=B rt_ms=320 bytes=18888
2026-03-14 02:49:43.115 edge / status=200 upstream=B rt_ms=326 bytes=25456
2026-03-14 02:49:45.649 edge / status=200 upstream=B rt_ms=176 bytes=19570
2026-03-14 02:49:45.815 edge /api/orders status=200 upstream=B rt_ms=155 bytes=21760
2026-03-14 02:49:46.533 edge /healthz status=500 upstream=B rt_ms=72 bytes=33501
2026-03-14 02:49:46.645 edge /healthz status=404 upstream=B rt_ms=97 bytes=29250
2026-03-14 02:49:47.140 edge / status=502 upstream=B rt_ms=213 bytes=33569
2026-03-14 02:49:48.062 edge /api/orders status=404 upstream=B rt_ms=120 bytes=18767
2026-03-14 02:49:48.699 edge /healthz status=200 upstream=B rt_ms=229 bytes=9670
2026-03-14 02:49:51.019 edge / status=200 upstream=B rt_ms=28 bytes=23050
2026-03-14 02:49:52.666 edge / status=200 upstream=B rt_ms=331 bytes=13986
2026-03-14 02:49:52.929 edge /api/events status=200 upstream=B rt_ms=215 bytes=40826
2026-03-14 02:49:57.091 edge /healthz status=200 upstream=B rt_ms=338 bytes=27535
2026-03-14 02:49:57.693 edge / status=502 upstream=B rt_ms=68 bytes=1300
2026-03-14 02:49:58.611 edge / status=200 upstream=B rt_ms=95 bytes=6917
2026-03-14 02:49:59.805 edge /static/style.css status=200 upstream=B rt_ms=321 bytes=23727
2026-03-14 02:49:59.929 edge /api/orders status=200 upstream=B rt_ms=282 bytes=2598
2026-03-14 02:50:00.955 edge /healthz status=200 upstream=B rt_ms=323 bytes=36382
2026-03-14 02:50:01.137 edge /api/events status=502 upstream=B rt_ms=25 bytes=28792
2026-03-14 02:50:01.253 edge /api/events status=200 upstream=B rt_ms=3 bytes=15845
2026-03-14 02:50:02.072 edge /healthz status=500 upstream=B rt_ms=333 bytes=40451
2026-03-14 02:50:03.461 edge / status=500 upstream=B rt_ms=149 bytes=30820
2026-03-14 02:50:04.556 edge / status=502 upstream=B rt_ms=66 bytes=8850
2026-03-14 02:50:05.471 edge /static/style.css status=502 upstream=B rt_ms=168 bytes=18329
2026-03-14 02:50:06.525 edge / status=200 upstream=B rt_ms=380 bytes=29392
2026-03-14 02:50:07.974 edge /api/orders status=502 upstream=B rt_ms=270 bytes=19209
2026-03-14 02:50:12.127 edge /api/events status=502 upstream=B rt_ms=124 bytes=23151
2026-03-14 02:50:12.500 edge / status=200 upstream=B rt_ms=383 bytes=31169
2026-03-14 02:50:13.332 edge /static/style.css status=502 upstream=B rt_ms=11 bytes=35061
2026-03-14 02:50:16.141 edge /static/style.css status=200 upstream=B rt_ms=151 bytes=4325
2026-03-14 02:50:17.766 edge /static/style.css status=500 upstream=B rt_ms=197 bytes=26836
2026-03-14 02:50:20.500 edge /healthz status=502 upstream=B rt_ms=140 bytes=9935
2026-03-14 02:50:21.785 edge / status=200 upstream=B rt_ms=393 bytes=21296
2026-03-14 02:50:23.966 edge /api/orders status=200 upstream=B rt_ms=309 bytes=7713
2026-03-14 02:50:24.405 edge /api/events status=502 upstream=B rt_ms=226 bytes=9830
2026-03-14 02:50:25.736 edge /api/events status=200 upstream=B rt_ms=187 bytes=5428
2026-03-14 02:50:25.926 edge /api/orders status=502 upstream=B rt_ms=66 bytes=33417
2026-03-14 02:50:26.125 edge / status=502 upstream=B rt_ms=358 bytes=14975
2026-03-14 02:50:27.786 edge /static/style.css status=200 upstream=B rt_ms=106 bytes=13317
2026-03-14 02:50:30.713 edge /api/orders status=502 upstream=B rt_ms=140 bytes=26662
2026-03-14 02:50:33.616 edge /api/orders status=502 upstream=B rt_ms=6 bytes=34212
2026-03-14 02:50:33.739 edge /static/style.css status=200 upstream=B rt_ms=149 bytes=32800
2026-03-14 02:50:33.942 edge /static/style.css status=200 upstream=B rt_ms=41 bytes=27767
2026-03-14 02:50:33.987 edge /healthz status=200 upstream=B rt_ms=141 bytes=37366
2026-03-14 02:50:34.926 edge /healthz status=200 upstream=B rt_ms=168 bytes=7262
2026-03-14 02:50:36.926 edge /static/style.css status=500 upstream=B rt_ms=364 bytes=41758
2026-03-14 02:50:37.522 edge /api/events status=200 upstream=B rt_ms=14 bytes=4479
2026-03-14 02:50:39.446 edge /static/style.css status=502 upstream=B rt_ms=329 bytes=35374
2026-03-14 02:50:40.093 edge /api/events status=502 upstream=B rt_ms=70 bytes=11727
2026-03-14 02:50:42.018 edge /static/style.css status=502 upstream=B rt_ms=383 bytes=31259
2026-03-14 02:50:43.676 edge / status=502 upstream=B rt_ms=86 bytes=7444
2026-03-14 02:50:44.403 edge /healthz status=200 upstream=B rt_ms=138 bytes=1960
2026-03-14 02:50:44.686 edge / status=500 upstream=B rt_ms=124 bytes=15094
2026-03-14 02:50:46.130 edge / status=502 upstream=B rt_ms=104 bytes=37011
2026-03-14 02:50:48.799 edge / status=502 upstream=B rt_ms=238 bytes=21464
2026-03-14 02:50:49.639 edge /static/style.css status=200 upstream=B rt_ms=86 bytes=37545
2026-03-14 02:50:50.175 edge /api/events status=200 upstream=B rt_ms=17 bytes=32657
2026-03-14 02:50:50.400 edge /healthz status=200 upstream=B rt_ms=279 bytes=38406
2026-03-14 02:50:50.738 edge / status=200 upstream=B rt_ms=340 bytes=5736
2026-03-14 02:50:50.906 edge /static/style.css status=502 upstream=B rt_ms=151 bytes=28433
2026-03-14 02:50:52.105 edge /static/style.css status=502 upstream=B rt_ms=287 bytes=11560
2026-03-14 02:50:53.918 edge / status=502 upstream=B rt_ms=80 bytes=17772
2026-03-14 02:50:54.599 edge /api/orders status=502 upstream=B rt_ms=91 bytes=32538
2026-03-14 02:50:55.128 edge /api/events status=200 upstream=B rt_ms=147 bytes=26463
2026-03-14 02:50:55.306 edge /static/style.css status=200 upstream=B rt_ms=217 bytes=40606
2026-03-14 02:50:56.569 edge /api/events status=502 upstream=B rt_ms=389 bytes=28385
2026-03-14 02:51:00.649 edge /static/style.css status=502 upstream=B rt_ms=74 bytes=23250
2026-03-14 02:51:01.329 edge /healthz status=502 upstream=B rt_ms=342 bytes=13972
2026-03-14 02:51:03.097 edge /api/orders status=200 upstream=B rt_ms=212 bytes=8240
2026-03-14 02:51:03.435 edge /api/events status=200 upstream=B rt_ms=203 bytes=37590
2026-03-14 02:51:04.386 edge /static/style.css status=200 upstream=B rt_ms=327 bytes=37468
2026-03-14 02:51:05.760 edge /api/events status=404 upstream=B rt_ms=319 bytes=41124
2026-03-14 02:51:05.822 edge /static/style.css status=502 upstream=B rt_ms=172 bytes=4402
2026-03-14 02:51:06.079 edge / status=500 upstream=B rt_ms=160 bytes=21421
2026-03-14 02:51:07.011 edge /api/events status=200 upstream=B rt_ms=382 bytes=5225
2026-03-14 02:51:08.253 edge /api/events status=200 upstream=B rt_ms=216 bytes=28870
2026-03-14 02:51:08.321 edge /static/style.css status=200 upstream=B rt_ms=267 bytes=37824
2026-03-14 02:51:09.849 edge /api/orders status=502 upstream=B rt_ms=155 bytes=29071
2026-03-14 02:51:11.780 edge / status=200 upstream=B rt_ms=38 bytes=33251
2026-03-14 02:51:14.346 edge /healthz status=200 upstream=B rt_ms=96 bytes=28052
2026-03-14 02:51:14.755 edge / status=200 upstream=B rt_ms=86 bytes=35162
2026-03-14 02:51:14.982 edge /static/style.css status=502 upstream=B rt_ms=264 bytes=28003
2026-03-14 02:51:15.452 edge /static/style.css status=200 upstream=B rt_ms=344 bytes=20172
2026-03-14 02:51:16.532 edge / status=200 upstream=B rt_ms=264 bytes=38890
2026-03-14 02:51:17.102 edge /static/style.css status=200 upstream=B rt_ms=267 bytes=38843
2026-03-14 02:51:17.480 edge /healthz status=404 upstream=B rt_ms=359 bytes=32968
2026-03-14 02:51:17.973 edge /healthz status=200 upstream=B rt_ms=117 bytes=10905
2026-03-14 02:51:19.112 edge / status=200 upstream=B rt_ms=330 bytes=27342
2026-03-14 02:51:19.151 edge /api/events status=502 upstream=B rt_ms=161 bytes=4734
2026-03-14 02:51:20.693 edge /api/orders status=200 upstream=B rt_ms=18 bytes=36471
2026-03-14 02:51:20.780 edge /api/orders status=200 upstream=B rt_ms=321 bytes=27430
2026-03-14 02:51:25.627 edge /api/events status=404 upstream=B rt_ms=349 bytes=31218
2026-03-14 02:51:25.680 edge /api/events status=200 upstream=B rt_ms=234 bytes=29931
2026-03-14 02:51:27.326 edge /api/orders status=200 upstream=B rt_ms=357 bytes=947
2026-03-14 02:51:28.949 edge /api/events status=502 upstream=B rt_ms=72 bytes=1122
2026-03-14 02:51:30.215 edge /api/events status=502 upstream=B rt_ms=145 bytes=10625
2026-03-14 02:51:31.100 edge /static/style.css status=200 upstream=B rt_ms=82 bytes=21698
2026-03-14 02:51:32.015 edge /healthz status=200 upstream=B rt_ms=270 bytes=37914
2026-03-14 02:51:32.075 edge / status=200 upstream=B rt_ms=381 bytes=15800
2026-03-14 02:51:32.105 edge /static/style.css status=502 upstream=B rt_ms=103 bytes=33864
2026-03-14 02:51:34.682 edge /api/events status=200 upstream=B rt_ms=370 bytes=7501
2026-03-14 02:51:34.783 edge /healthz status=502 upstream=B rt_ms=87 bytes=40238
2026-03-14 02:51:35.207 edge /api/events status=502 upstream=B rt_ms=153 bytes=24471
2026-03-14 02:51:35.747 edge /api/orders status=404 upstream=B rt_ms=198 bytes=4109
2026-03-14 02:51:36.081 edge /api/orders status=502 upstream=B rt_ms=193 bytes=2334
2026-03-14 02:51:36.237 edge / status=200 upstream=B rt_ms=311 bytes=20798
2026-03-14 02:51:36.375 edge /api/events status=200 upstream=B rt_ms=300 bytes=2754
2026-03-14 02:51:37.208 edge /static/style.css status=200 upstream=B rt_ms=262 bytes=29561
2026-03-14 02:51:39.485 edge /api/orders status=502 upstream=B rt_ms=289 bytes=29667
2026-03-14 02:51:40.661 edge /api/orders status=200 upstream=B rt_ms=343 bytes=28337
2026-03-14 02:51:45.081 edge /healthz status=200 upstream=B rt_ms=297 bytes=36668
2026-03-14 02:51:45.762 edge /api/orders status=502 upstream=B rt_ms=315 bytes=18198
2026-03-14 02:51:46.231 edge /api/orders status=200 upstream=B rt_ms=313 bytes=14854
2026-03-14 02:51:47.500 edge / status=502 upstream=B rt_ms=127 bytes=19614
2026-03-14 02:51:48.738 edge /healthz status=502 upstream=B rt_ms=374 bytes=5706
2026-03-14 02:51:49.109 edge /api/orders status=502 upstream=B rt_ms=317 bytes=6311
2026-03-14 02:51:51.916 edge / status=200 upstream=B rt_ms=68 bytes=16194
2026-03-14 02:51:55.320 edge /healthz status=200 upstream=B rt_ms=333 bytes=13540
2026-03-14 02:51:55.711 edge /api/events status=502 upstream=B rt_ms=331 bytes=2150
2026-03-14 02:51:56.253 edge / status=404 upstream=B rt_ms=65 bytes=25110
2026-03-14 02:51:57.346 edge /api/orders status=200 upstream=B rt_ms=128 bytes=13929
2026-03-14 02:51:58.062 edge /healthz status=200 upstream=B rt_ms=22 bytes=34656
2026-03-14 02:51:58.353 edge / status=200 upstream=B rt_ms=312 bytes=7094
2026-03-14 02:51:58.864 edge /api/orders status=200 upstream=B rt_ms=152 bytes=31437
2026-03-14 02:51:58.921 edge /api/orders status=502 upstream=B rt_ms=18 bytes=16509
2026-03-14 02:51:59.967 edge / status=502 upstream=B rt_ms=301 bytes=17624
2026-03-14 02:52:00.583 edge / status=200 upstream=B rt_ms=289 bytes=29292
2026-03-14 02:52:02.199 edge /healthz status=502 upstream=B rt_ms=195 bytes=29768
2026-03-14 02:52:02.923 edge /api/orders status=502 upstream=B rt_ms=289 bytes=23972
2026-03-14 02:52:04.343 edge /api/orders status=200 upstream=B rt_ms=7 bytes=27664
2026-03-14 02:52:04.970 edge /static/style.css status=200 upstream=B rt_ms=248 bytes=16519
2026-03-14 02:52:06.354 edge / status=200 upstream=B rt_ms=173 bytes=29222
2026-03-14 02:52:07.225 edge / status=502 upstream=B rt_ms=224 bytes=2093
2026-03-14 02:52:07.833 edge /static/style.css status=502 upstream=B rt_ms=233 bytes=29548
2026-03-14 02:52:08.157 edge /healthz status=500 upstream=B rt_ms=138 bytes=40007
2026-03-14 02:52:08.969 edge / status=500 upstream=B rt_ms=235 bytes=27358
2026-03-14 02:52:10.033 edge /api/orders status=200 upstream=B rt_ms=51 bytes=9881
2026-03-14 02:52:11.113 edge /api/orders status=200 upstream=B rt_ms=325 bytes=18568
2026-03-14 02:52:12.805 edge /healthz status=502 upstream=B rt_ms=296 bytes=19920
2026-03-14 02:52:13.782 edge /static/style.css status=500 upstream=B rt_ms=283 bytes=35926
2026-03-14 02:52:14.629 edge /api/orders status=200 upstream=B rt_ms=206 bytes=27199
2026-03-14 02:52:14.933 edge / status=200 upstream=B rt_ms=85 bytes=10457
2026-03-14 02:52:16.178 edge /healthz status=200 upstream=B rt_ms=95 bytes=33557
2026-03-14 02:52:17.011 edge /static/style.css status=502 upstream=B rt_ms=178 bytes=39351
2026-03-14 02:52:17.643 edge /api/orders status=200 upstream=B rt_ms=296 bytes=10491
2026-03-14 02:52:18.579 edge /healthz status=500 upstream=B rt_ms=292 bytes=25144
2026-03-14 02:52:19.248 edge /static/style.css status=502 upstream=B rt_ms=317 bytes=6710
2026-03-14 02:52:20.124 edge /api/events status=200 upstream=B rt_ms=22 bytes=7038
2026-03-14 02:52:21.029 edge /api/events status=200 upstream=B rt_ms=102 bytes=14399
2026-03-14 02:52:21.356 edge /api/events status=502 upstream=B rt_ms=84 bytes=34526
2026-03-14 02:52:21.817 edge /healthz status=200 upstream=B rt_ms=38 bytes=23100
2026-03-14 02:52:22.033 edge /api/orders status=200 upstream=B rt_ms=142 bytes=17003
2026-03-14 02:52:23.118 edge /api/orders status=502 upstream=B rt_ms=199 bytes=15201
2026-03-14 02:52:23.853 edge /static/style.css status=502 upstream=B rt_ms=280 bytes=33754
2026-03-14 02:52:24.220 edge /api/orders status=502 upstream=B rt_ms=330 bytes=29383
2026-03-14 02:52:24.949 edge /api/orders status=502 upstream=B rt_ms=205 bytes=26703
2026-03-14 02:52:27.600 edge / status=502 upstream=B rt_ms=186 bytes=35128
2026-03-14 02:52:29.343 edge /static/style.css status=200 upstream=B rt_ms=250 bytes=36631
2026-03-14 02:52:29.714 edge /healthz status=200 upstream=B rt_ms=5 bytes=24499
2026-03-14 02:52:34.473 edge /api/events status=200 upstream=B rt_ms=74 bytes=1738
2026-03-14 02:52:35.223 edge /api/events status=200 upstream=B rt_ms=9 bytes=38140
2026-03-14 02:52:35.301 edge /api/orders status=200 upstream=B rt_ms=160 bytes=39492
2026-03-14 02:52:36.216 edge /api/orders status=200 upstream=B rt_ms=163 bytes=4199
2026-03-14 02:52:37.302 edge / status=200 upstream=B rt_ms=228 bytes=29848
2026-03-14 02:52:37.382 edge /api/events status=502 upstream=B rt_ms=116 bytes=8915
2026-03-14 02:52:38.972 edge /healthz status=500 upstream=B rt_ms=280 bytes=34964
2026-03-14 02:52:39.189 edge /api/orders status=502 upstream=B rt_ms=76 bytes=5873
2026-03-14 02:52:41.391 edge /static/style.css status=200 upstream=B rt_ms=38 bytes=36517
2026-03-14 02:52:41.654 edge /static/style.css status=200 upstream=B rt_ms=322 bytes=9127
2026-03-14 02:52:42.340 edge /healthz status=200 upstream=B rt_ms=292 bytes=33275
2026-03-14 02:52:42.737 edge /api/events status=200 upstream=B rt_ms=318 bytes=335
2026-03-14 02:52:44.311 edge / status=200 upstream=B rt_ms=177 bytes=1452
2026-03-14 02:52:45.471 edge /static/style.css status=200 upstream=B rt_ms=165 bytes=2667
2026-03-14 02:52:46.656 edge /api/events status=200 upstream=B rt_ms=17 bytes=41971
2026-03-14 02:52:48.281 edge / status=200 upstream=B rt_ms=158 bytes=38715
2026-03-14 02:52:49.946 edge /healthz status=200 upstream=B rt_ms=346 bytes=24530
2026-03-14 02:52:53.272 edge /api/orders status=200 upstream=B rt_ms=224 bytes=17753
2026-03-14 02:52:53.379 edge / status=502 upstream=B rt_ms=273 bytes=7965
2026-03-14 02:52:55.762 edge /static/style.css status=200 upstream=B rt_ms=338 bytes=36472
2026-03-14 02:52:55.771 edge /static/style.css status=502 upstream=B rt_ms=223 bytes=18814
2026-03-14 02:52:56.003 edge / status=200 upstream=B rt_ms=390 bytes=38480
2026-03-14 02:52:56.187 edge / status=502 upstream=B rt_ms=248 bytes=11444
2026-03-14 02:52:56.832 edge /api/events status=200 upstream=B rt_ms=174 bytes=24135
2026-03-14 02:52:57.354 edge /static/style.css status=502 upstream=B rt_ms=2 bytes=13556
2026-03-14 02:52:57.744 edge /static/style.css status=200 upstream=B rt_ms=172 bytes=36312
2026-03-14 02:52:57.892 edge /api/events status=502 upstream=B rt_ms=97 bytes=28393
2026-03-14 02:52:59.622 edge /healthz status=502 upstream=B rt_ms=91 bytes=8248
2026-03-14 02:52:59.876 edge / status=502 upstream=B rt_ms=379 bytes=29433
2026-03-14 02:53:02.256 edge /api/events status=200 upstream=B rt_ms=139 bytes=34979
2026-03-14 02:53:03.138 edge /static/style.css status=200 upstream=B rt_ms=374 bytes=33652
2026-03-14 02:53:03.407 edge /api/orders status=200 upstream=B rt_ms=92 bytes=25599
2026-03-14 02:53:05.126 edge / status=200 upstream=B rt_ms=107 bytes=40438
2026-03-14 02:53:06.028 edge /static/style.css status=502 upstream=B rt_ms=63 bytes=17942
2026-03-14 02:53:06.373 edge /static/style.css status=502 upstream=B rt_ms=197 bytes=40338
2026-03-14 02:53:06.649 edge /api/events status=502 upstream=B rt_ms=137 bytes=7259
2026-03-14 02:53:10.066 edge /static/style.css status=200 upstream=B rt_ms=161 bytes=27107
2026-03-14 02:53:10.879 edge /api/orders status=200 upstream=B rt_ms=131 bytes=33331
2026-03-14 02:53:11.398 edge /api/events status=200 upstream=B rt_ms=387 bytes=1790
2026-03-14 02:53:15.704 edge /api/orders status=200 upstream=B rt_ms=209 bytes=36342
2026-03-14 02:53:16.202 edge /healthz status=200 upstream=B rt_ms=214 bytes=1356
2026-03-14 02:53:16.562 edge /api/events status=500 upstream=B rt_ms=162 bytes=29687
2026-03-14 02:53:18.529 edge /static/style.css status=200 upstream=B rt_ms=81 bytes=12491
2026-03-14 02:53:19.722 edge / status=404 upstream=B rt_ms=376 bytes=25947
2026-03-14 02:53:20.710 edge /api/events status=502 upstream=B rt_ms=346 bytes=25937
2026-03-14 02:53:22.340 edge /api/events status=200 upstream=B rt_ms=386 bytes=8409
2026-03-14 02:53:26.426 edge /healthz status=502 upstream=B rt_ms=362 bytes=16575
2026-03-14 02:53:28.235 edge / status=200 upstream=B rt_ms=309 bytes=22713
2026-03-14 02:53:30.483 edge /healthz status=502 upstream=B rt_ms=239 bytes=16916
2026-03-14 02:53:30.576 edge /static/style.css status=200 upstream=B rt_ms=241 bytes=4671
2026-03-14 02:53:33.298 edge /healthz status=502 upstream=B rt_ms=347 bytes=23648
2026-03-14 02:53:33.606 edge /static/style.css status=502 upstream=B rt_ms=99 bytes=19451
2026-03-14 02:53:34.641 edge /healthz status=200 upstream=B rt_ms=220 bytes=24744
2026-03-14 02:53:35.280 edge / status=200 upstream=B rt_ms=178 bytes=9278
2026-03-14 02:53:36.620 edge / status=502 upstream=B rt_ms=185 bytes=11638
2026-03-14 02:53:37.694 edge /api/events status=502 upstream=B rt_ms=144 bytes=11705
2026-03-14 02:53:37.914 edge / status=500 upstream=B rt_ms=370 bytes=18123
2026-03-14 02:53:38.049 edge /static/style.css status=200 upstream=B rt_ms=356 bytes=3964
2026-03-14 02:53:39.198 edge /api/orders status=502 upstream=B rt_ms=360 bytes=36887
2026-03-14 02:53:42.581 edge /api/events status=200 upstream=B rt_ms=189 bytes=21021
2026-03-14 02:53:42.970 edge /healthz status=200 upstream=B rt_ms=365 bytes=30558
2026-03-14 02:53:45.164 edge / status=200 upstream=B rt_ms=151 bytes=30204
2026-03-14 02:53:45.807 edge / status=502 upstream=B rt_ms=189 bytes=8488
2026-03-14 02:53:46.680 edge / status=200 upstream=B rt_ms=250 bytes=25251
2026-03-14 02:53:48.393 edge /api/events status=200 upstream=B rt_ms=200 bytes=30361
2026-03-14 02:53:50.527 edge /api/orders status=200 upstream=B rt_ms=300 bytes=34686
2026-03-14 02:53:51.863 edge /static/style.css status=502 upstream=B rt_ms=83 bytes=36292
2026-03-14 02:53:52.425 edge / status=502 upstream=B rt_ms=242 bytes=30422
2026-03-14 02:53:56.434 edge /static/style.css status=200 upstream=B rt_ms=179 bytes=6434
2026-03-14 02:53:58.139 edge / status=200 upstream=B rt_ms=361 bytes=31712
2026-03-14 02:54:00.119 edge /api/events status=502 upstream=B rt_ms=212 bytes=30667
2026-03-14 02:54:00.178 edge /api/orders status=500 upstream=B rt_ms=16 bytes=12910
2026-03-14 02:54:02.369 edge /healthz status=200 upstream=B rt_ms=347 bytes=35608
2026-03-14 02:54:02.399 edge / status=502 upstream=B rt_ms=321 bytes=14572
2026-03-14 02:54:04.180 edge / status=200 upstream=B rt_ms=342 bytes=27124
2026-03-14 02:54:08.075 edge /api/events status=404 upstream=B rt_ms=349 bytes=29952
2026-03-14 02:54:08.304 edge /api/orders status=200 upstream=B rt_ms=159 bytes=24532
2026-03-14 02:54:08.525 edge /static/style.css status=200 upstream=B rt_ms=213 bytes=25420
2026-03-14 02:54:10.921 edge /api/events status=502 upstream=B rt_ms=331 bytes=38602
2026-03-14 02:54:11.606 edge / status=502 upstream=B rt_ms=354 bytes=34519
2026-03-14 02:54:12.270 edge / status=404 upstream=B rt_ms=179 bytes=34315
2026-03-14 02:54:12.971 edge /api/events status=502 upstream=B rt_ms=102 bytes=22845
2026-03-14 02:54:13.214 edge /healthz status=502 upstream=B rt_ms=97 bytes=23569
2026-03-14 02:54:16.123 edge /healthz status=404 upstream=B rt_ms=322 bytes=37650
2026-03-14 02:54:16.458 edge /api/orders status=502 upstream=B rt_ms=97 bytes=11341
2026-03-14 02:54:19.653 edge /healthz status=500 upstream=B rt_ms=128 bytes=9273
2026-03-14 02:54:22.285 edge /healthz status=404 upstream=B rt_ms=58 bytes=29519
2026-03-14 02:54:23.807 edge /api/orders status=502 upstream=B rt_ms=31 bytes=9186
2026-03-14 02:54:25.579 edge /static/style.css status=500 upstream=B rt_ms=215 bytes=6701
2026-03-14 02:54:26.578 edge /api/orders status=200 upstream=B rt_ms=205 bytes=30591
2026-03-14 02:54:28.956 edge / status=200 upstream=B rt_ms=251 bytes=13270
2026-03-14 02:54:29.122 edge /api/orders status=200 upstream=B rt_ms=300 bytes=4568
2026-03-14 02:54:30.806 edge /api/orders status=200 upstream=B rt_ms=210 bytes=30551
2026-03-14 02:54:31.034 edge / status=200 upstream=B rt_ms=77 bytes=14173
2026-03-14 02:54:32.595 edge /static/style.css status=502 upstream=B rt_ms=62 bytes=29504
2026-03-14 02:54:32.698 edge /api/orders status=200 upstream=B rt_ms=158 bytes=37508
2026-03-14 02:54:34.242 edge / status=502 upstream=B rt_ms=94 bytes=7909
2026-03-14 02:54:34.369 edge /api/events status=200 upstream=B rt_ms=40 bytes=29806
2026-03-14 02:54:34.525 edge /static/style.css status=200 upstream=B rt_ms=309 bytes=1167
2026-03-14 02:54:34.793 edge /healthz status=200 upstream=B rt_ms=339 bytes=11526
2026-03-14 02:54:38.596 edge /static/style.css status=200 upstream=B rt_ms=298 bytes=6964
2026-03-14 02:54:38.705 edge /healthz status=502 upstream=B rt_ms=221 bytes=17617
2026-03-14 02:54:43.749 edge /api/events status=502 upstream=B rt_ms=75 bytes=29505
2026-03-14 02:54:47.279 edge /static/style.css status=200 upstream=B rt_ms=373 bytes=40235
2026-03-14 02:54:47.515 edge /api/events status=200 upstream=B rt_ms=368 bytes=40472
2026-03-14 02:54:48.420 edge /api/events status=502 upstream=B rt_ms=266 bytes=37575
2026-03-14 02:54:48.843 edge / status=502 upstream=B rt_ms=78 bytes=14948
2026-03-14 02:54:48.999 edge / status=200 upstream=B rt_ms=30 bytes=41157
2026-03-14 02:54:49.095 edge /api/events status=200 upstream=B rt_ms=172 bytes=35728
2026-03-14 02:54:49.578 edge /static/style.css status=200 upstream=B rt_ms=386 bytes=32063
2026-03-14 02:54:49.707 edge /static/style.css status=502 upstream=B rt_ms=178 bytes=34100
2026-03-14 02:54:53.373 edge /static/style.css status=502 upstream=B rt_ms=13 bytes=12179
2026-03-14 02:54:54.572 edge / status=502 upstream=B rt_ms=22 bytes=41208
2026-03-14 02:54:55.949 edge /static/style.css status=200 upstream=B rt_ms=29 bytes=29835
2026-03-14 02:54:58.849 edge /healthz status=502 upstream=B rt_ms=94 bytes=33952
2026-03-14 02:54:58.910 edge /healthz status=200 upstream=B rt_ms=34 bytes=39722
2026-03-14 02:55:00.902 edge /healthz status=502 upstream=B rt_ms=295 bytes=35435
2026-03-14 02:55:02.260 edge /api/events status=200 upstream=B rt_ms=174 bytes=26527
2026-03-14 02:55:03.021 edge /api/events status=502 upstream=B rt_ms=172 bytes=13048
2026-03-14 02:55:05.758 edge /api/events status=200 upstream=B rt_ms=118 bytes=34259
2026-03-14 02:55:06.319 edge /static/style.css status=200 upstream=B rt_ms=113 bytes=28054
2026-03-14 02:55:06.547 edge /healthz status=200 upstream=B rt_ms=357 bytes=6637
2026-03-14 02:55:06.566 edge /static/style.css status=502 upstream=B rt_ms=329 bytes=15267
2026-03-14 02:55:07.326 edge / status=502 upstream=B rt_ms=335 bytes=31869
2026-03-14 02:55:08.276 edge /healthz status=502 upstream=B rt_ms=371 bytes=29403
2026-03-14 02:55:08.742 edge /api/events status=502 upstream=B rt_ms=209 bytes=32370
2026-03-14 02:55:09.647 edge / status=502 upstream=B rt_ms=369 bytes=28117
2026-03-14 02:55:10.051 edge /api/orders status=200 upstream=B rt_ms=131 bytes=19817
2026-03-14 02:55:10.066 edge /api/events status=502 upstream=B rt_ms=147 bytes=10030
2026-03-14 02:55:10.141 edge /healthz status=200 upstream=B rt_ms=119 bytes=11185
2026-03-14 02:55:11.469 edge /api/orders status=500 upstream=B rt_ms=49 bytes=1621
2026-03-14 02:55:12.241 edge /healthz status=200 upstream=B rt_ms=66 bytes=23580
2026-03-14 02:55:12.520 edge /static/style.css status=200 upstream=B rt_ms=104 bytes=6515
2026-03-14 02:55:13.680 edge /healthz status=404 upstream=B rt_ms=271 bytes=8368
2026-03-14 02:55:14.463 edge /static/style.css status=200 upstream=B rt_ms=253 bytes=36970
2026-03-14 02:55:15.297 edge / status=502 upstream=B rt_ms=262 bytes=10222
2026-03-14 02:55:18.754 edge /api/orders status=502 upstream=B rt_ms=335 bytes=29854
2026-03-14 02:55:18.995 edge /api/events status=200 upstream=B rt_ms=301 bytes=20270
2026-03-14 02:55:19.889 edge /static/style.css status=200 upstream=B rt_ms=188 bytes=15391
2026-03-14 02:55:19.952 edge / status=200 upstream=B rt_ms=28 bytes=16282
2026-03-14 02:55:21.938 edge /static/style.css status=502 upstream=B rt_ms=103 bytes=19337
2026-03-14 02:55:23.644 edge /static/style.css status=200 upstream=B rt_ms=94 bytes=23401
2026-03-14 02:55:23.649 edge /static/style.css status=500 upstream=B rt_ms=149 bytes=26598
2026-03-14 02:55:24.759 edge /healthz status=200 upstream=B rt_ms=188 bytes=4791
2026-03-14 02:55:25.636 edge /api/orders status=502 upstream=B rt_ms=242 bytes=9805
2026-03-14 02:55:25.794 edge /static/style.css status=502 upstream=B rt_ms=377 bytes=22069
2026-03-14 02:55:30.670 edge /api/orders status=200 upstream=B rt_ms=288 bytes=5953
2026-03-14 02:55:31.479 edge /api/orders status=200 upstream=B rt_ms=10 bytes=39354
2026-03-14 02:55:31.812 edge /static/style.css status=200 upstream=B rt_ms=138 bytes=30052
2026-03-14 02:55:32.044 edge / status=200 upstream=B rt_ms=230 bytes=18465
2026-03-14 02:55:33.658 edge /api/events status=200 upstream=B rt_ms=10 bytes=7083
2026-03-14 02:55:34.716 edge /healthz status=502 upstream=B rt_ms=286 bytes=40923
2026-03-14 02:55:35.154 edge /static/style.css status=500 upstream=B rt_ms=226 bytes=15328
2026-03-14 02:55:35.680 edge /api/orders status=502 upstream=B rt_ms=115 bytes=38292
2026-03-14 02:55:37.661 edge /api/orders status=502 upstream=B rt_ms=277 bytes=27511
2026-03-14 02:55:37.868 edge /healthz status=200 upstream=B rt_ms=202 bytes=20209
2026-03-14 02:55:38.940 edge / status=200 upstream=B rt_ms=342 bytes=2279
2026-03-14 02:55:39.748 edge / status=200 upstream=B rt_ms=248 bytes=16326
2026-03-14 02:55:41.408 edge /static/style.css status=404 upstream=B rt_ms=31 bytes=40114
2026-03-14 02:55:41.858 edge /api/events status=404 upstream=B rt_ms=365 bytes=39379
2026-03-14 02:55:41.881 edge /api/events status=500 upstream=B rt_ms=169 bytes=23343
2026-03-14 02:55:42.757 edge /api/events status=200 upstream=B rt_ms=364 bytes=7600
2026-03-14 02:55:43.133 edge /api/orders status=200 upstream=B rt_ms=380 bytes=25542
2026-03-14 02:55:49.915 edge /api/events status=200 upstream=B rt_ms=365 bytes=13367
2026-03-14 02:55:50.628 edge /static/style.css status=200 upstream=B rt_ms=297 bytes=30919
2026-03-14 02:55:51.165 edge /api/events status=200 upstream=B rt_ms=396 bytes=21899
2026-03-14 02:55:58.231 edge /static/style.css status=502 upstream=B rt_ms=331 bytes=14176
2026-03-14 02:55:58.258 edge /healthz status=502 upstream=B rt_ms=276 bytes=3365
2026-03-14 02:55:58.513 edge /api/orders status=502 upstream=B rt_ms=80 bytes=29013
2026-03-14 02:55:59.322 edge /api/orders status=200 upstream=B rt_ms=198 bytes=32664
2026-03-14 02:56:02.927 edge /static/style.css status=502 upstream=B rt_ms=206 bytes=2492
2026-03-14 02:56:04.516 edge /api/events status=200 upstream=B rt_ms=267 bytes=36321
2026-03-14 02:56:04.780 edge /api/events status=200 upstream=B rt_ms=36 bytes=21288
2026-03-14 02:56:06.367 edge / status=200 upstream=B rt_ms=377 bytes=27820
2026-03-14 02:56:07.336 edge /healthz status=200 upstream=B rt_ms=155 bytes=16245
2026-03-14 02:56:08.235 edge /static/style.css status=200 upstream=B rt_ms=278 bytes=5308
2026-03-14 02:56:08.326 edge / status=200 upstream=B rt_ms=27 bytes=3738
2026-03-14 02:56:09.459 edge / status=200 upstream=B rt_ms=43 bytes=20143
2026-03-14 02:56:11.536 edge /static/style.css status=200 upstream=B rt_ms=226 bytes=31155
2026-03-14 02:56:11.962 edge /healthz status=200 upstream=B rt_ms=15 bytes=2470
2026-03-14 02:56:13.250 edge / status=200 upstream=B rt_ms=76 bytes=5957
2026-03-14 02:56:14.211 edge /api/orders status=200 upstream=B rt_ms=303 bytes=34205
2026-03-14 02:56:14.435 edge /static/style.css status=200 upstream=B rt_ms=200 bytes=6328
2026-03-14 02:56:15.804 edge /static/style.css status=404 upstream=B rt_ms=283 bytes=1079
2026-03-14 02:56:17.371 edge /api/events status=200 upstream=B rt_ms=7 bytes=33591
2026-03-14 02:56:19.346 edge /static/style.css status=500 upstream=B rt_ms=10 bytes=24372
2026-03-14 02:56:19.561 edge /healthz status=502 upstream=B rt_ms=149 bytes=9382
2026-03-14 02:56:19.679 edge /api/events status=502 upstream=B rt_ms=37 bytes=29078
2026-03-14 02:56:20.015 edge /api/orders status=502 upstream=B rt_ms=215 bytes=9386
2026-03-14 02:56:20.921 edge / status=502 upstream=B rt_ms=324 bytes=21673
2026-03-14 02:56:22.471 edge /api/events status=200 upstream=B rt_ms=46 bytes=13560
2026-03-14 02:56:22.670 edge / status=502 upstream=B rt_ms=2 bytes=41747
2026-03-14 02:56:22.949 edge /api/orders status=502 upstream=B rt_ms=25 bytes=36335
2026-03-14 02:56:23.066 edge /static/style.css status=502 upstream=B rt_ms=286 bytes=15350
2026-03-14 02:56:23.610 edge /api/events status=200 upstream=B rt_ms=207 bytes=24435
2026-03-14 02:56:24.023 edge /api/orders status=200 upstream=B rt_ms=170 bytes=38328
2026-03-14 02:56:25.340 edge /api/orders status=502 upstream=B rt_ms=279 bytes=27975
2026-03-14 02:56:26.331 edge /api/events status=502 upstream=B rt_ms=98 bytes=21520
2026-03-14 02:56:28.763 edge /api/orders status=200 upstream=B rt_ms=338 bytes=2295
2026-03-14 02:56:30.116 edge /api/events status=502 upstream=B rt_ms=308 bytes=3762
2026-03-14 02:56:30.842 edge /static/style.css status=200 upstream=B rt_ms=2 bytes=20609
2026-03-14 02:56:31.983 edge /static/style.css status=200 upstream=B rt_ms=96 bytes=6425
2026-03-14 02:56:32.537 edge /api/events status=502 upstream=B rt_ms=266 bytes=18638
2026-03-14 02:56:33.426 edge /api/orders status=502 upstream=B rt_ms=268 bytes=28652
2026-03-14 02:56:35.325 edge / status=200 upstream=B rt_ms=239 bytes=6011
2026-03-14 02:56:38.986 edge /api/events status=200 upstream=B rt_ms=124 bytes=24313
2026-03-14 02:56:40.293 edge /healthz status=200 upstream=B rt_ms=235 bytes=9986
2026-03-14 02:56:41.561 edge /api/orders status=200 upstream=B rt_ms=114 bytes=8021
2026-03-14 02:56:44.111 edge /api/events status=200 upstream=B rt_ms=199 bytes=1593
2026-03-14 02:56:46.459 edge /api/orders status=200 upstream=B rt_ms=368 bytes=40629
2026-03-14 02:56:47.116 edge /api/orders status=502 upstream=B rt_ms=306 bytes=35515
2026-03-14 02:56:48.430 edge /static/style.css status=500 upstream=B rt_ms=89 bytes=29541
2026-03-14 02:56:49.158 edge /static/style.css status=404 upstream=B rt_ms=317 bytes=22826
2026-03-14 02:56:49.355 edge /healthz status=502 upstream=B rt_ms=7 bytes=36713
2026-03-14 02:56:49.717 edge /static/style.css status=200 upstream=B rt_ms=168 bytes=37074
2026-03-14 02:56:50.789 edge / status=200 upstream=B rt_ms=9 bytes=14288
2026-03-14 02:56:51.547 edge /healthz status=502 upstream=B rt_ms=319 bytes=22774
2026-03-14 02:56:52.014 edge /healthz status=200 upstream=B rt_ms=364 bytes=31972
2026-03-14 02:56:52.178 edge /healthz status=502 upstream=B rt_ms=9 bytes=39513
2026-03-14 02:56:52.821 edge /healthz status=200 upstream=B rt_ms=388 bytes=23291
2026-03-14 02:56:53.985 edge /api/events status=502 upstream=B rt_ms=199 bytes=39116
2026-03-14 02:56:54.093 edge /static/style.css status=200 upstream=B rt_ms=3 bytes=31012
2026-03-14 02:56:54.100 edge / status=404 upstream=B rt_ms=91 bytes=14063
2026-03-14 02:56:54.323 edge /healthz status=200 upstream=B rt_ms=139 bytes=18737
2026-03-14 02:56:54.991 edge /api/events status=200 upstream=B rt_ms=178 bytes=29119
2026-03-14 02:56:55.200 edge /api/orders status=200 upstream=B rt_ms=360 bytes=32497
2026-03-14 02:56:55.651 edge /healthz status=502 upstream=B rt_ms=181 bytes=7906
2026-03-14 02:56:55.708 edge /api/events status=404 upstream=B rt_ms=163 bytes=27396
2026-03-14 02:56:56.357 edge / status=502 upstream=B rt_ms=219 bytes=22352
2026-03-14 02:56:56.634 edge /api/orders status=200 upstream=B rt_ms=191 bytes=14489
2026-03-14 02:56:57.444 edge /static/style.css status=200 upstream=B rt_ms=186 bytes=31782
2026-03-14 02:56:57.604 edge /static/style.css status=200 upstream=B rt_ms=348 bytes=15294
2026-03-14 02:56:58.453 edge /static/style.css status=200 upstream=B rt_ms=182 bytes=14974
2026-03-14 02:56:58.744 edge / status=200 upstream=B rt_ms=245 bytes=11259
2026-03-14 02:56:59.014 edge / status=500 upstream=B rt_ms=214 bytes=7099
2026-03-14 02:56:59.247 edge /api/orders status=200 upstream=B rt_ms=9 bytes=39405
2026-03-14 02:56:59.410 edge / status=200 upstream=B rt_ms=38 bytes=26238
2026-03-14 02:56:59.645 edge /healthz status=502 upstream=B rt_ms=164 bytes=28248
2026-03-14 02:57:01.297 edge /static/style.css status=404 upstream=B rt_ms=135 bytes=30834
2026-03-14 02:57:01.707 edge / status=200 upstream=B rt_ms=385 bytes=33060
2026-03-14 02:57:05.404 edge /api/events status=200 upstream=B rt_ms=376 bytes=35067
2026-03-14 02:57:07.613 edge /api/orders status=200 upstream=B rt_ms=262 bytes=20228
2026-03-14 02:57:08.623 edge /api/events status=502 upstream=B rt_ms=391 bytes=18204
2026-03-14 02:57:08.996 edge /healthz status=500 upstream=B rt_ms=372 bytes=25133
2026-03-14 02:57:13.319 edge /static/style.css status=502 upstream=B rt_ms=94 bytes=41373
2026-03-14 02:57:13.827 edge /healthz status=502 upstream=B rt_ms=62 bytes=7716
2026-03-14 02:57:15.255 edge /static/style.css status=200 upstream=B rt_ms=19 bytes=3724
2026-03-14 02:57:18.486 edge /static/style.css status=200 upstream=B rt_ms=59 bytes=33340
2026-03-14 02:57:18.563 edge /healthz status=200 upstream=B rt_ms=107 bytes=306
2026-03-14 02:57:19.096 edge /healthz status=502 upstream=B rt_ms=217 bytes=3763
2026-03-14 02:57:19.294 edge /api/orders status=502 upstream=B rt_ms=262 bytes=28645
2026-03-14 02:57:19.969 edge /api/events status=200 upstream=B rt_ms=280 bytes=6725
2026-03-14 02:57:21.138 edge /healthz status=200 upstream=B rt_ms=12 bytes=12747
2026-03-14 02:57:21.750 edge /api/events status=200 upstream=B rt_ms=240 bytes=35477
2026-03-14 02:57:24.240 edge /api/orders status=200 upstream=B rt_ms=262 bytes=4497
2026-03-14 02:57:25.153 edge / status=200 upstream=B rt_ms=143 bytes=27510
2026-03-14 02:57:26.583 edge /api/events status=502 upstream=B rt_ms=38 bytes=21334
2026-03-14 02:57:26.877 edge / status=200 upstream=B rt_ms=281 bytes=33568
2026-03-14 02:57:30.553 edge /healthz status=200 upstream=B rt_ms=369 bytes=36360
2026-03-14 02:57:31.860 edge / status=200 upstream=B rt_ms=258 bytes=20346
2026-03-14 02:57:32.091 edge / status=200 upstream=B rt_ms=366 bytes=9322
2026-03-14 02:57:32.783 edge /static/style.css status=502 upstream=B rt_ms=71 bytes=13995
2026-03-14 02:57:33.569 edge /api/events status=502 upstream=B rt_ms=211 bytes=34197
2026-03-14 02:57:33.672 edge /healthz status=502 upstream=B rt_ms=235 bytes=24294
2026-03-14 02:57:36.824 edge /static/style.css status=200 upstream=B rt_ms=333 bytes=7491
2026-03-14 02:57:37.140 edge /healthz status=200 upstream=B rt_ms=314 bytes=4510
2026-03-14 02:57:40.259 edge /api/orders status=200 upstream=B rt_ms=8 bytes=35101
2026-03-14 02:57:40.428 edge /api/orders status=200 upstream=B rt_ms=308 bytes=2814
2026-03-14 02:57:41.135 edge / status=200 upstream=B rt_ms=333 bytes=8901
2026-03-14 02:57:41.924 edge / status=200 upstream=B rt_ms=84 bytes=28711
2026-03-14 02:57:41.987 edge /api/events status=200 upstream=B rt_ms=62 bytes=19814
2026-03-14 02:57:42.454 edge /static/style.css status=200 upstream=B rt_ms=348 bytes=24505
2026-03-14 02:57:43.355 edge / status=200 upstream=B rt_ms=15 bytes=16862
2026-03-14 02:57:43.956 edge /static/style.css status=500 upstream=B rt_ms=234 bytes=18374
2026-03-14 02:57:44.555 edge /healthz status=200 upstream=B rt_ms=307 bytes=18415
2026-03-14 02:57:46.233 edge /api/orders status=502 upstream=B rt_ms=289 bytes=11978
2026-03-14 02:57:46.411 edge /api/events status=200 upstream=B rt_ms=54 bytes=36382
2026-03-14 02:57:46.421 edge /static/style.css status=200 upstream=B rt_ms=185 bytes=25410
2026-03-14 02:57:48.044 edge / status=502 upstream=B rt_ms=304 bytes=24888
2026-03-14 02:57:49.678 edge / status=200 upstream=B rt_ms=133 bytes=8121
2026-03-14 02:57:50.786 edge /api/orders status=200 upstream=B rt_ms=331 bytes=12133
2026-03-14 02:57:50.886 edge /healthz status=200 upstream=B rt_ms=219 bytes=9922
2026-03-14 02:57:53.065 edge /api/events status=502 upstream=B rt_ms=337 bytes=21746
2026-03-14 02:57:56.057 edge / status=502 upstream=B rt_ms=134 bytes=8080
2026-03-14 02:57:56.330 edge /api/events status=502 upstream=B rt_ms=182 bytes=30103
2026-03-14 02:57:56.346 edge /api/events status=500 upstream=B rt_ms=16 bytes=16737
2026-03-14 02:57:56.741 edge / status=502 upstream=B rt_ms=350 bytes=5460
2026-03-14 02:57:59.075 edge /api/orders status=502 upstream=B rt_ms=214 bytes=22912
2026-03-14 02:57:59.197 edge /healthz status=200 upstream=B rt_ms=312 bytes=17882
2026-03-14 02:57:59.491 edge / status=502 upstream=B rt_ms=151 bytes=18690
2026-03-14 02:58:00.906 edge /healthz status=200 upstream=B rt_ms=13 bytes=36628
2026-03-14 02:58:04.291 edge /static/style.css status=502 upstream=B rt_ms=285 bytes=10385
2026-03-14 02:58:07.588 edge /healthz status=500 upstream=B rt_ms=74 bytes=26658
2026-03-14 02:58:07.940 edge /api/events status=200 upstream=B rt_ms=287 bytes=3518
2026-03-14 02:58:09.535 edge /api/orders status=502 upstream=B rt_ms=83 bytes=41312
2026-03-14 02:58:09.953 edge /static/style.css status=200 upstream=B rt_ms=115 bytes=31113
2026-03-14 02:58:10.814 edge /api/orders status=200 upstream=B rt_ms=180 bytes=29296
2026-03-14 02:58:12.239 edge /static/style.css status=502 upstream=B rt_ms=251 bytes=27006
2026-03-14 02:58:12.331 edge / status=200 upstream=B rt_ms=37 bytes=36307
2026-03-14 02:58:13.182 edge /static/style.css status=404 upstream=B rt_ms=74 bytes=21018
2026-03-14 02:58:14.823 edge /healthz status=200 upstream=B rt_ms=232 bytes=36865
2026-03-14 02:58:15.997 edge / status=404 upstream=B rt_ms=32 bytes=39296
2026-03-14 02:58:16.624 edge /static/style.css status=502 upstream=B rt_ms=198 bytes=13259
2026-03-14 02:58:18.496 edge /api/events status=502 upstream=B rt_ms=366 bytes=300
2026-03-14 02:58:19.387 edge /static/style.css status=200 upstream=B rt_ms=214 bytes=32850
2026-03-14 02:58:20.606 edge /static/style.css status=502 upstream=B rt_ms=31 bytes=18810
2026-03-14 02:58:20.774 edge /api/orders status=200 upstream=B rt_ms=250 bytes=25332
2026-03-14 02:58:21.638 edge /healthz status=200 upstream=B rt_ms=280 bytes=13621
2026-03-14 02:58:23.469 edge /healthz status=200 upstream=B rt_ms=12 bytes=19588
2026-03-14 02:58:24.012 edge /static/style.css status=502 upstream=B rt_ms=17 bytes=31139
2026-03-14 02:58:24.578 edge /api/orders status=502 upstream=B rt_ms=56 bytes=16783
2026-03-14 02:58:26.326 edge /healthz status=502 upstream=B rt_ms=206 bytes=23086
2026-03-14 02:58:27.388 edge /api/events status=200 upstream=B rt_ms=67 bytes=32173
2026-03-14 02:58:30.877 edge /static/style.css status=200 upstream=B rt_ms=314 bytes=16033
2026-03-14 02:58:32.107 edge /static/style.css status=200 upstream=B rt_ms=18 bytes=39971
2026-03-14 02:58:32.936 edge /static/style.css status=502 upstream=B rt_ms=295 bytes=27528
2026-03-14 02:58:33.967 edge /api/events status=200 upstream=B rt_ms=187 bytes=9101
2026-03-14 02:58:34.983 edge /api/orders status=200 upstream=B rt_ms=55 bytes=3591
2026-03-14 02:58:35.734 edge /static/style.css status=404 upstream=B rt_ms=118 bytes=34944
2026-03-14 02:58:38.845 edge /api/orders status=200 upstream=B rt_ms=61 bytes=13019
2026-03-14 02:58:40.200 edge /api/events status=200 upstream=B rt_ms=390 bytes=38690
2026-03-14 02:58:40.802 edge /api/orders status=502 upstream=B rt_ms=265 bytes=17595
2026-03-14 02:58:41.098 edge / status=502 upstream=B rt_ms=318 bytes=39122
2026-03-14 02:58:42.070 edge /api/orders status=200 upstream=B rt_ms=268 bytes=36137
2026-03-14 02:58:43.266 edge /api/events status=200 upstream=B rt_ms=26 bytes=5563
2026-03-14 02:58:44.010 edge /api/events status=502 upstream=B rt_ms=160 bytes=27446
2026-03-14 02:58:44.323 edge /api/events status=200 upstream=B rt_ms=254 bytes=35590
2026-03-14 02:58:44.455 edge /api/orders status=200 upstream=B rt_ms=202 bytes=39252
2026-03-14 02:58:44.571 edge /healthz status=200 upstream=B rt_ms=73 bytes=22431
2026-03-14 02:58:44.873 edge /api/orders status=502 upstream=B rt_ms=359 bytes=41101
2026-03-14 02:58:46.895 edge /static/style.css status=200 upstream=B rt_ms=47 bytes=8968
2026-03-14 02:58:50.803 edge /api/events status=200 upstream=B rt_ms=300 bytes=33654
2026-03-14 02:58:51.128 edge /api/orders status=200 upstream=B rt_ms=256 bytes=39224
2026-03-14 02:58:51.746 edge /static/style.css status=502 upstream=B rt_ms=387 bytes=20988
2026-03-14 02:58:53.163 edge / status=502 upstream=B rt_ms=32 bytes=5107
2026-03-14 02:58:58.694 edge /api/orders status=200 upstream=B rt_ms=180 bytes=38906
2026-03-14 02:59:00.142 edge /static/style.css status=200 upstream=B rt_ms=51 bytes=27946
2026-03-14 02:59:00.528 edge /api/events status=502 upstream=B rt_ms=52 bytes=28568
2026-03-14 02:59:01.010 edge /static/style.css status=502 upstream=B rt_ms=242 bytes=27318
2026-03-14 02:59:01.069 edge /api/orders status=502 upstream=B rt_ms=366 bytes=6335
2026-03-14 02:59:01.362 edge /static/style.css status=502 upstream=B rt_ms=386 bytes=23617
2026-03-14 02:59:01.392 edge / status=502 upstream=B rt_ms=369 bytes=40764
2026-03-14 02:59:04.505 edge /healthz status=502 upstream=B rt_ms=132 bytes=25900
2026-03-14 02:59:09.609 edge /api/events status=200 upstream=B rt_ms=178 bytes=1513
2026-03-14 02:59:12.274 edge /static/style.css status=200 upstream=B rt_ms=19 bytes=10558
2026-03-14 02:59:13.210 edge /static/style.css status=502 upstream=B rt_ms=19 bytes=28761
2026-03-14 02:59:13.656 edge /api/orders status=200 upstream=B rt_ms=369 bytes=3040
2026-03-14 02:59:13.820 edge /api/orders status=200 upstream=B rt_ms=15 bytes=11395
2026-03-14 02:59:16.206 edge /healthz status=200 upstream=B rt_ms=174 bytes=13946
2026-03-14 02:59:17.537 edge /static/style.css status=200 upstream=B rt_ms=141 bytes=34027
2026-03-14 02:59:17.842 edge /healthz status=502 upstream=B rt_ms=225 bytes=8304
2026-03-14 02:59:23.743 edge /api/orders status=200 upstream=B rt_ms=335 bytes=6493
2026-03-14 02:59:25.567 edge / status=502 upstream=B rt_ms=78 bytes=27178
2026-03-14 02:59:27.642 edge /healthz status=200 upstream=B rt_ms=145 bytes=25025
2026-03-14 02:59:33.123 edge /api/events status=200 upstream=B rt_ms=246 bytes=22214
2026-03-14 02:59:34.360 edge /api/orders status=502 upstream=B rt_ms=380 bytes=36876
2026-03-14 02:59:36.547 edge /static/style.css status=200 upstream=B rt_ms=262 bytes=18933
2026-03-14 02:59:37.357 edge /static/style.css status=502 upstream=B rt_ms=100 bytes=5168
2026-03-14 02:59:37.634 edge / status=502 upstream=B rt_ms=324 bytes=1310
2026-03-14 02:59:38.181 edge /api/events status=200 upstream=B rt_ms=196 bytes=16377
2026-03-14 02:59:38.820 edge /api/orders status=200 upstream=B rt_ms=342 bytes=28940
2026-03-14 02:59:39.026 edge /api/events status=200 upstream=B rt_ms=20 bytes=36130
2026-03-14 02:59:43.850 edge /api/events status=502 upstream=B rt_ms=37 bytes=41146
2026-03-14 02:59:46.801 edge / status=404 upstream=B rt_ms=381 bytes=23085
2026-03-14 02:59:47.140 edge /healthz status=500 upstream=B rt_ms=301 bytes=32804
2026-03-14 02:59:47.214 edge / status=200 upstream=B rt_ms=384 bytes=7719
2026-03-14 02:59:47.343 edge /api/events status=200 upstream=B rt_ms=145 bytes=24693
2026-03-14 02:59:47.838 edge / status=500 upstream=B rt_ms=206 bytes=35580
2026-03-14 02:59:48.776 edge /static/style.css status=200 upstream=B rt_ms=272 bytes=41792
2026-03-14 02:59:51.679 edge / status=500 upstream=B rt_ms=39 bytes=13441
2026-03-14 02:59:51.687 edge /api/events status=500 upstream=B rt_ms=171 bytes=3733
2026-03-14 02:59:54.345 edge /healthz status=502 upstream=B rt_ms=160 bytes=7849
2026-03-14 02:59:54.599 edge / status=200 upstream=B rt_ms=280 bytes=30386
2026-03-14 02:59:55.846 edge /healthz status=502 upstream=B rt_ms=274 bytes=20852
2026-03-14 02:59:56.633 edge /api/orders status=502 upstream=B rt_ms=194 bytes=3616
2026-03-14 02:59:56.681 edge / status=200 upstream=B rt_ms=227 bytes=13080
2026-03-14 02:59:57.120 edge /api/orders status=200 upstream=B rt_ms=306 bytes=28893
2026-03-14 02:59:59.300 edge /healthz status=502 upstream=B rt_ms=159 bytes=1275
2026-03-14 03:00:01.472 edge / status=502 upstream=B rt_ms=198 bytes=36364
2026-03-14 03:00:03.004 edge /api/events status=502 upstream=B rt_ms=355 bytes=11738
2026-03-14 03:00:03.077 edge /api/events status=200 upstream=B rt_ms=194 bytes=23522
2026-03-14 03:00:04.027 edge /static/style.css status=404 upstream=B rt_ms=231 bytes=5165
2026-03-14 03:00:06.036 edge / status=200 upstream=B rt_ms=223 bytes=22817
2026-03-14 03:00:06.249 edge / status=502 upstream=B rt_ms=129 bytes=37958
2026-03-14 03:00:07.692 edge /healthz status=500 upstream=B rt_ms=79 bytes=23256
2026-03-14 03:00:08.152 edge /api/orders status=502 upstream=B rt_ms=335 bytes=29539
2026-03-14 03:00:09.535 edge /api/events status=200 upstream=B rt_ms=314 bytes=21227
2026-03-14 03:00:14.008 edge /static/style.css status=200 upstream=B rt_ms=80 bytes=20627
2026-03-14 03:00:14.188 edge /api/orders status=502 upstream=B rt_ms=334 bytes=11226
2026-03-14 03:00:15.870 edge /healthz status=200 upstream=B rt_ms=288 bytes=40680
2026-03-14 03:00:16.576 edge /api/orders status=200 upstream=B rt_ms=119 bytes=41641
2026-03-14 03:00:17.122 edge /api/events status=200 upstream=B rt_ms=250 bytes=35284
2026-03-14 03:00:17.811 edge / status=502 upstream=B rt_ms=80 bytes=683
2026-03-14 03:00:17.846 edge /api/orders status=200 upstream=B rt_ms=85 bytes=6970
2026-03-14 03:00:17.890 edge /healthz status=502 upstream=B rt_ms=322 bytes=17936
2026-03-14 03:00:19.254 edge /api/orders status=200 upstream=B rt_ms=280 bytes=31277
2026-03-14 03:00:20.141 edge /api/events status=200 upstream=B rt_ms=55 bytes=11803
2026-03-14 03:00:20.420 edge /healthz status=200 upstream=B rt_ms=84 bytes=19564
2026-03-14 03:00:21.332 edge /api/events status=200 upstream=B rt_ms=72 bytes=24192
2026-03-14 03:00:22.563 edge /api/events status=200 upstream=B rt_ms=116 bytes=23688
2026-03-14 03:00:23.951 edge /api/events status=200 upstream=B rt_ms=208 bytes=40573
2026-03-14 03:00:24.894 edge /static/style.css status=200 upstream=B rt_ms=289 bytes=36996
2026-03-14 03:00:25.657 edge /api/events status=200 upstream=B rt_ms=118 bytes=39913
2026-03-14 03:00:26.064 edge /api/events status=200 upstream=B rt_ms=205 bytes=37126
2026-03-14 03:00:26.815 edge /static/style.css status=404 upstream=B rt_ms=389 bytes=11633
2026-03-14 03:00:27.083 edge / status=200 upstream=B rt_ms=9 bytes=1618
2026-03-14 03:00:28.286 edge /static/style.css status=200 upstream=B rt_ms=287 bytes=16267
2026-03-14 03:00:29.208 edge /static/style.css status=404 upstream=B rt_ms=213 bytes=26074
2026-03-14 03:00:29.473 edge / status=200 upstream=B rt_ms=249 bytes=5716
2026-03-14 03:00:31.816 edge /healthz status=200 upstream=B rt_ms=172 bytes=35954
2026-03-14 03:00:32.027 edge /healthz status=200 upstream=B rt_ms=103 bytes=34001
2026-03-14 03:00:32.856 edge /static/style.css status=200 upstream=B rt_ms=112 bytes=13152
2026-03-14 03:00:33.095 edge /api/events status=502 upstream=B rt_ms=53 bytes=25081
2026-03-14 03:00:33.799 edge / status=404 upstream=B rt_ms=382 bytes=14436
2026-03-14 03:00:35.656 edge /static/style.css status=200 upstream=B rt_ms=175 bytes=30426
2026-03-14 03:00:37.801 edge / status=200 upstream=B rt_ms=150 bytes=41026
2026-03-14 03:00:45.810 edge / status=502 upstream=B rt_ms=71 bytes=26043
2026-03-14 03:00:46.052 edge /healthz status=200 upstream=B rt_ms=147 bytes=37113
2026-03-14 03:00:47.293 edge /api/events status=502 upstream=B rt_ms=381 bytes=27839
2026-03-14 03:00:48.092 edge /healthz status=200 upstream=B rt_ms=66 bytes=34603
2026-03-14 03:00:50.379 edge /api/orders status=200 upstream=B rt_ms=133 bytes=23052
2026-03-14 03:00:51.114 edge / status=200 upstream=B rt_ms=308 bytes=32774
2026-03-14 03:00:51.121 edge / status=404 upstream=B rt_ms=156 bytes=26722
2026-03-14 03:00:51.175 edge /healthz status=502 upstream=B rt_ms=5 bytes=26144
2026-03-14 03:00:51.229 edge /api/events status=200 upstream=B rt_ms=256 bytes=22738
2026-03-14 03:00:52.667 edge /static/style.css status=404 upstream=B rt_ms=284 bytes=24631
2026-03-14 03:00:52.873 edge /healthz status=502 upstream=B rt_ms=49 bytes=35666
2026-03-14 03:00:54.233 edge /api/events status=200 upstream=B rt_ms=306 bytes=9402
2026-03-14 03:00:54.465 edge /api/orders status=200 upstream=B rt_ms=258 bytes=16544
2026-03-14 03:00:55.310 edge / status=502 upstream=B rt_ms=396 bytes=41744
2026-03-14 03:00:56.404 edge /api/orders status=500 upstream=B rt_ms=204 bytes=33393
2026-03-14 03:00:57.575 edge / status=502 upstream=B rt_ms=70 bytes=9305
2026-03-14 03:00:57.677 edge / status=200 upstream=B rt_ms=107 bytes=10999
2026-03-14 03:00:58.428 edge /static/style.css status=502 upstream=B rt_ms=23 bytes=33960
2026-03-14 03:00:59.371 edge /api/orders status=200 upstream=B rt_ms=147 bytes=19822
2026-03-14 03:01:01.059 edge /static/style.css status=200 upstream=B rt_ms=135 bytes=7782
2026-03-14 03:01:03.936 edge /api/events status=502 upstream=B rt_ms=396 bytes=41306
2026-03-14 03:01:04.212 edge /static/style.css status=200 upstream=B rt_ms=42 bytes=34955
2026-03-14 03:01:05.854 edge /static/style.css status=500 upstream=B rt_ms=176 bytes=8513
2026-03-14 03:01:06.702 edge /static/style.css status=200 upstream=B rt_ms=54 bytes=36536
2026-03-14 03:01:08.232 edge /api/events status=502 upstream=B rt_ms=178 bytes=12351
2026-03-14 03:01:08.744 edge /api/events status=200 upstream=B rt_ms=382 bytes=30306
2026-03-14 03:01:09.202 edge /api/orders status=200 upstream=B rt_ms=320 bytes=16717
2026-03-14 03:01:17.265 edge / status=200 upstream=B rt_ms=16 bytes=29534
2026-03-14 03:01:17.857 edge /static/style.css status=502 upstream=B rt_ms=152 bytes=574
2026-03-14 03:01:18.940 edge /healthz status=200 upstream=B rt_ms=367 bytes=40961
2026-03-14 03:01:19.091 edge /api/orders status=502 upstream=B rt_ms=395 bytes=27587
2026-03-14 03:01:19.284 edge /api/orders status=200 upstream=B rt_ms=114 bytes=18255
2026-03-14 03:01:20.561 edge /api/events status=200 upstream=B rt_ms=250 bytes=8396
2026-03-14 03:01:20.644 edge /api/orders status=502 upstream=B rt_ms=313 bytes=27326
2026-03-14 03:01:20.936 edge /healthz status=502 upstream=B rt_ms=140 bytes=7535
2026-03-14 03:01:21.122 edge /api/events status=200 upstream=B rt_ms=347 bytes=7674
2026-03-14 03:01:24.492 edge /healthz status=200 upstream=B rt_ms=192 bytes=7958
2026-03-14 03:01:25.146 edge /static/style.css status=502 upstream=B rt_ms=238 bytes=18036
2026-03-14 03:01:25.423 edge /healthz status=500 upstream=B rt_ms=112 bytes=8297
2026-03-14 03:01:26.185 edge /api/orders status=502 upstream=B rt_ms=247 bytes=36331
2026-03-14 03:01:26.661 edge /api/events status=502 upstream=B rt_ms=157 bytes=31466
2026-03-14 03:01:27.523 edge /api/events status=502 upstream=B rt_ms=27 bytes=41927
2026-03-14 03:01:30.848 edge /healthz status=200 upstream=B rt_ms=82 bytes=19479
2026-03-14 03:01:30.927 edge /api/events status=200 upstream=B rt_ms=362 bytes=19203
2026-03-14 03:01:31.146 edge / status=200 upstream=B rt_ms=287 bytes=28719
2026-03-14 03:01:32.708 edge /api/events status=200 upstream=B rt_ms=345 bytes=2715
2026-03-14 03:01:38.971 edge /api/orders status=200 upstream=B rt_ms=8 bytes=25591
2026-03-14 03:01:40.057 edge /api/orders status=502 upstream=B rt_ms=346 bytes=39139
2026-03-14 03:01:40.930 edge /api/events status=200 upstream=B rt_ms=240 bytes=22263
2026-03-14 03:01:42.169 edge /api/orders status=404 upstream=B rt_ms=371 bytes=24466
2026-03-14 03:01:42.328 edge /static/style.css status=200 upstream=B rt_ms=308 bytes=36957
2026-03-14 03:01:44.059 edge /static/style.css status=502 upstream=B rt_ms=366 bytes=32766
2026-03-14 03:01:44.403 edge /api/orders status=500 upstream=B rt_ms=250 bytes=24303
2026-03-14 03:01:44.437 edge /api/orders status=502 upstream=B rt_ms=164 bytes=34771
2026-03-14 03:01:44.440 edge / status=502 upstream=B rt_ms=153 bytes=1587
2026-03-14 03:01:46.930 edge /api/events status=200 upstream=B rt_ms=379 bytes=8506
2026-03-14 03:01:48.325 edge /healthz status=200 upstream=B rt_ms=312 bytes=3652
2026-03-14 03:01:48.917 edge / status=200 upstream=B rt_ms=48 bytes=16686
2026-03-14 03:01:49.063 edge /api/events status=200 upstream=B rt_ms=310 bytes=297
2026-03-14 03:01:51.641 edge /api/orders status=502 upstream=B rt_ms=46 bytes=1301
2026-03-14 03:01:52.401 edge / status=200 upstream=B rt_ms=41 bytes=8044
2026-03-14 03:01:52.725 edge /healthz status=200 upstream=B rt_ms=333 bytes=910
2026-03-14 03:01:52.811 edge /api/events status=404 upstream=B rt_ms=91 bytes=21214
2026-03-14 03:01:55.594 edge /static/style.css status=200 upstream=B rt_ms=316 bytes=21156
2026-03-14 03:01:56.351 edge /static/style.css status=200 upstream=B rt_ms=356 bytes=18490
2026-03-14 03:01:56.967 edge /api/events status=200 upstream=B rt_ms=397 bytes=34720
2026-03-14 03:01:57.006 edge /static/style.css status=404 upstream=B rt_ms=398 bytes=21270
2026-03-14 03:02:04.353 edge / status=200 upstream=B rt_ms=375 bytes=18596
2026-03-14 03:02:07.801 edge /healthz status=200 upstream=B rt_ms=206 bytes=27757
2026-03-14 03:02:08.743 edge /static/style.css status=200 upstream=B rt_ms=62 bytes=13868
2026-03-14 03:02:08.797 edge / status=502 upstream=B rt_ms=350 bytes=17772
2026-03-14 03:02:09.769 edge /api/events status=200 upstream=B rt_ms=288 bytes=14518
2026-03-14 03:02:10.051 edge /static/style.css status=502 upstream=B rt_ms=43 bytes=10189
2026-03-14 03:02:10.499 edge /healthz status=200 upstream=B rt_ms=54 bytes=21225
2026-03-14 03:02:10.893 edge /healthz status=502 upstream=B rt_ms=57 bytes=39416
2026-03-14 03:02:12.427 edge /static/style.css status=200 upstream=B rt_ms=320 bytes=15902
2026-03-14 03:02:12.558 edge /api/orders status=200 upstream=B rt_ms=318 bytes=14795
2026-03-14 03:02:12.563 edge /healthz status=404 upstream=B rt_ms=88 bytes=11201
2026-03-14 03:02:12.619 edge /static/style.css status=200 upstream=B rt_ms=361 bytes=25647
2026-03-14 03:02:12.914 edge /static/style.css status=502 upstream=B rt_ms=123 bytes=4504
2026-03-14 03:02:15.134 edge /static/style.css status=200 upstream=B rt_ms=177 bytes=20310
2026-03-14 03:02:17.730 edge /api/events status=502 upstream=B rt_ms=396 bytes=25955
2026-03-14 03:02:18.259 edge /healthz status=502 upstream=B rt_ms=249 bytes=40910
2026-03-14 03:02:19.283 edge /static/style.css status=502 upstream=B rt_ms=315 bytes=8279
2026-03-14 03:02:20.778 edge /api/orders status=200 upstream=B rt_ms=310 bytes=10792
2026-03-14 03:02:20.881 edge /api/events status=404 upstream=B rt_ms=292 bytes=31662
2026-03-14 03:02:22.413 edge /static/style.css status=200 upstream=B rt_ms=387 bytes=19014
2026-03-14 03:02:22.751 edge /static/style.css status=200 upstream=B rt_ms=385 bytes=1906
2026-03-14 03:02:23.674 edge /static/style.css status=200 upstream=B rt_ms=115 bytes=22253
2026-03-14 03:02:23.895 edge /healthz status=502 upstream=B rt_ms=54 bytes=11076
2026-03-14 03:02:25.445 edge / status=502 upstream=B rt_ms=167 bytes=36490
2026-03-14 03:02:27.088 edge /api/events status=200 upstream=B rt_ms=60 bytes=34412
2026-03-14 03:02:28.071 edge /healthz status=502 upstream=B rt_ms=30 bytes=5797
2026-03-14 03:02:28.101 edge /api/events status=500 upstream=B rt_ms=92 bytes=9055
2026-03-14 03:02:29.733 edge / status=502 upstream=B rt_ms=156 bytes=13799
2026-03-14 03:02:32.206 edge /api/events status=200 upstream=B rt_ms=175 bytes=11513
2026-03-14 03:02:34.263 edge /static/style.css status=502 upstream=B rt_ms=11 bytes=22180
2026-03-14 03:02:34.843 edge /healthz status=200 upstream=B rt_ms=84 bytes=37591
2026-03-14 03:02:35.599 edge / status=200 upstream=B rt_ms=194 bytes=30155
2026-03-14 03:02:36.275 edge /api/events status=502 upstream=B rt_ms=326 bytes=22354
2026-03-14 03:02:36.339 edge /api/events status=200 upstream=B rt_ms=242 bytes=4357
2026-03-14 03:02:40.070 edge /healthz status=502 upstream=B rt_ms=165 bytes=26074
2026-03-14 03:02:40.453 edge /healthz status=502 upstream=B rt_ms=71 bytes=30771
2026-03-14 03:02:43.080 edge /static/style.css status=200 upstream=B rt_ms=269 bytes=26771
2026-03-14 03:02:44.638 edge /healthz status=200 upstream=B rt_ms=351 bytes=39438
2026-03-14 03:02:45.844 edge / status=502 upstream=B rt_ms=27 bytes=18137
2026-03-14 03:02:46.709 edge /healthz status=200 upstream=B rt_ms=304 bytes=6538
2026-03-14 03:02:46.827 edge /api/orders status=200 upstream=B rt_ms=356 bytes=21895
2026-03-14 03:02:49.347 edge / status=502 upstream=B rt_ms=340 bytes=7802
2026-03-14 03:02:49.653 edge /healthz status=502 upstream=B rt_ms=336 bytes=21630
2026-03-14 03:02:52.658 edge /api/events status=502 upstream=B rt_ms=150 bytes=2371
2026-03-14 03:02:52.742 edge /api/orders status=500 upstream=B rt_ms=95 bytes=11198
2026-03-14 03:02:52.949 edge / status=500 upstream=B rt_ms=239 bytes=36904
2026-03-14 03:02:53.466 edge /static/style.css status=200 upstream=B rt_ms=75 bytes=13407
2026-03-14 03:02:55.372 edge /api/orders status=502 upstream=B rt_ms=316 bytes=9748
2026-03-14 03:02:55.572 edge / status=200 upstream=B rt_ms=66 bytes=37618
2026-03-14 03:02:55.906 edge / status=502 upstream=B rt_ms=293 bytes=19869
2026-03-14 03:02:58.837 edge /api/orders status=500 upstream=B rt_ms=108 bytes=28352
2026-03-14 03:03:02.673 edge /healthz status=200 upstream=B rt_ms=286 bytes=33477
2026-03-14 03:03:04.488 edge /api/orders status=404 upstream=B rt_ms=266 bytes=17209
2026-03-14 03:03:05.447 edge /healthz status=200 upstream=B rt_ms=169 bytes=17616
2026-03-14 03:03:05.978 edge /api/orders status=502 upstream=B rt_ms=389 bytes=34836
2026-03-14 03:03:06.710 edge /static/style.css status=500 upstream=B rt_ms=289 bytes=17918
2026-03-14 03:03:07.688 edge /api/orders status=502 upstream=B rt_ms=274 bytes=24930
2026-03-14 03:03:09.914 edge /healthz status=200 upstream=B rt_ms=40 bytes=37146
2026-03-14 03:03:11.728 edge /api/events status=502 upstream=B rt_ms=209 bytes=30605
2026-03-14 03:03:12.660 edge / status=502 upstream=B rt_ms=327 bytes=25811
2026-03-14 03:03:13.986 edge /healthz status=500 upstream=B rt_ms=2 bytes=26660
2026-03-14 03:03:15.853 edge /api/events status=502 upstream=B rt_ms=109 bytes=28510
2026-03-14 03:03:16.506 edge /healthz status=200 upstream=B rt_ms=285 bytes=7830
2026-03-14 03:03:16.610 edge / status=500 upstream=B rt_ms=190 bytes=21077
2026-03-14 03:03:20.731 edge /static/style.css status=200 upstream=B rt_ms=121 bytes=34783
2026-03-14 03:03:21.061 edge /healthz status=200 upstream=B rt_ms=34 bytes=24476
2026-03-14 03:03:21.733 edge / status=200 upstream=B rt_ms=383 bytes=37743
2026-03-14 03:03:21.751 edge /api/orders status=200 upstream=B rt_ms=84 bytes=3793
2026-03-14 03:03:21.841 edge /api/events status=502 upstream=B rt_ms=366 bytes=10979
2026-03-14 03:03:22.107 edge /healthz status=502 upstream=B rt_ms=179 bytes=25921
2026-03-14 03:03:22.453 edge /api/events status=404 upstream=B rt_ms=163 bytes=20354
2026-03-14 03:03:23.179 edge /api/orders status=200 upstream=B rt_ms=96 bytes=12636
2026-03-14 03:03:23.794 edge /healthz status=200 upstream=B rt_ms=43 bytes=28661
2026-03-14 03:03:23.956 edge / status=502 upstream=B rt_ms=316 bytes=5782
2026-03-14 03:03:24.779 edge /healthz status=502 upstream=B rt_ms=332 bytes=22366
2026-03-14 03:03:26.931 edge /static/style.css status=200 upstream=B rt_ms=273 bytes=36883
2026-03-14 03:03:27.260 edge /healthz status=200 upstream=B rt_ms=19 bytes=4968
2026-03-14 03:03:28.349 edge /healthz status=200 upstream=B rt_ms=285 bytes=36916
2026-03-14 03:03:29.799 edge /healthz status=500 upstream=B rt_ms=355 bytes=31220
2026-03-14 03:03:30.853 edge /api/events status=200 upstream=B rt_ms=88 bytes=20295
2026-03-14 03:03:31.209 edge /healthz status=502 upstream=B rt_ms=71 bytes=4282
2026-03-14 03:03:32.454 edge /api/orders status=502 upstream=B rt_ms=206 bytes=27021
2026-03-14 03:03:32.660 edge /api/events status=200 upstream=B rt_ms=327 bytes=23437
2026-03-14 03:03:33.523 edge /api/orders status=502 upstream=B rt_ms=323 bytes=37864
2026-03-14 03:03:35.031 edge /api/events status=200 upstream=B rt_ms=391 bytes=38858
2026-03-14 03:03:36.290 edge /api/orders status=502 upstream=B rt_ms=47 bytes=3423
2026-03-14 03:03:36.753 edge /api/events status=502 upstream=B rt_ms=184 bytes=10430
2026-03-14 03:03:36.842 edge /static/style.css status=500 upstream=B rt_ms=48 bytes=17474
2026-03-14 03:03:37.399 edge /static/style.css status=502 upstream=B rt_ms=219 bytes=23054
2026-03-14 03:03:37.528 edge /api/events status=502 upstream=B rt_ms=6 bytes=26719
2026-03-14 03:03:38.939 edge / status=200 upstream=B rt_ms=4 bytes=21779
2026-03-14 03:03:39.258 edge /api/events status=200 upstream=B rt_ms=203 bytes=14345
2026-03-14 03:03:39.711 edge / status=404 upstream=B rt_ms=343 bytes=19265
2026-03-14 03:03:42.708 edge /static/style.css status=200 upstream=B rt_ms=168 bytes=28373
2026-03-14 03:03:42.709 edge /api/events status=502 upstream=B rt_ms=22 bytes=27012
2026-03-14 03:03:42.738 edge /healthz status=502 upstream=B rt_ms=121 bytes=38532
2026-03-14 03:03:43.649 edge /healthz status=200 upstream=B rt_ms=285 bytes=27511
2026-03-14 03:03:44.552 edge / status=200 upstream=B rt_ms=213 bytes=4642
2026-03-14 03:03:48.293 edge /static/style.css status=200 upstream=B rt_ms=163 bytes=5597
2026-03-14 03:03:49.417 edge /static/style.css status=502 upstream=B rt_ms=316 bytes=34696
2026-03-14 03:03:49.670 edge /api/events status=200 upstream=B rt_ms=244 bytes=812
2026-03-14 03:03:51.460 edge /api/orders status=502 upstream=B rt_ms=366 bytes=359
2026-03-14 03:03:55.263 edge /api/events status=502 upstream=B rt_ms=388 bytes=9968
2026-03-14 03:03:55.332 edge /healthz status=200 upstream=B rt_ms=50 bytes=19873
2026-03-14 03:03:57.159 edge /api/events status=502 upstream=B rt_ms=165 bytes=33139
2026-03-14 03:03:58.383 edge /api/orders status=502 upstream=B rt_ms=333 bytes=35255
2026-03-14 03:03:58.926 edge /healthz status=200 upstream=B rt_ms=237 bytes=32074
2026-03-14 03:03:58.959 edge /api/orders status=502 upstream=B rt_ms=258 bytes=33080
2026-03-14 03:03:59.054 edge /api/orders status=502 upstream=B rt_ms=77 bytes=35865
2026-03-14 03:04:00.889 edge /api/orders status=200 upstream=B rt_ms=168 bytes=11427
2026-03-14 03:04:00.892 edge /static/style.css status=502 upstream=B rt_ms=91 bytes=31977
2026-03-14 03:04:01.949 edge /api/events status=200 upstream=B rt_ms=332 bytes=1593
2026-03-14 03:04:02.714 edge / status=200 upstream=B rt_ms=200 bytes=31792
2026-03-14 03:04:03.312 edge /static/style.css status=200 upstream=B rt_ms=221 bytes=34205
2026-03-14 03:04:05.240 edge /healthz status=200 upstream=B rt_ms=227 bytes=29053
2026-03-14 03:04:05.424 edge / status=502 upstream=B rt_ms=20 bytes=31667
2026-03-14 03:04:06.981 edge /static/style.css status=200 upstream=B rt_ms=236 bytes=39042
2026-03-14 03:04:08.873 edge / status=502 upstream=B rt_ms=73 bytes=2123
2026-03-14 03:04:09.070 edge / status=502 upstream=B rt_ms=399 bytes=14937
2026-03-14 03:04:09.719 edge / status=502 upstream=B rt_ms=282 bytes=40678
2026-03-14 03:04:12.024 edge /api/events status=502 upstream=B rt_ms=359 bytes=31142
2026-03-14 03:04:14.349 edge /api/orders status=502 upstream=B rt_ms=192 bytes=8714
2026-03-14 03:04:15.247 edge /api/events status=200 upstream=B rt_ms=40 bytes=33365
2026-03-14 03:04:18.159 edge / status=502 upstream=B rt_ms=53 bytes=2630
2026-03-14 03:04:21.056 edge /healthz status=502 upstream=B rt_ms=204 bytes=3149
2026-03-14 03:04:22.082 edge /api/orders status=200 upstream=B rt_ms=64 bytes=17941
2026-03-14 03:04:24.093 edge / status=502 upstream=B rt_ms=261 bytes=11835
2026-03-14 03:04:24.122 edge /api/orders status=502 upstream=B rt_ms=192 bytes=29384
2026-03-14 03:04:24.497 edge /static/style.css status=200 upstream=B rt_ms=215 bytes=24248
2026-03-14 03:04:26.808 edge / status=502 upstream=B rt_ms=90 bytes=26511
2026-03-14 03:04:28.052 edge /static/style.css status=502 upstream=B rt_ms=73 bytes=40571
2026-03-14 03:04:28.475 edge /api/events status=502 upstream=B rt_ms=296 bytes=20489
2026-03-14 03:04:31.089 edge / status=200 upstream=B rt_ms=222 bytes=9140
2026-03-14 03:04:33.151 edge /api/events status=200 upstream=B rt_ms=356 bytes=41042
2026-03-14 03:04:35.342 edge /api/orders status=500 upstream=B rt_ms=149 bytes=18338
2026-03-14 03:04:36.794 edge /api/events status=200 upstream=B rt_ms=87 bytes=12239
2026-03-14 03:04:37.939 edge / status=200 upstream=B rt_ms=198 bytes=1543
2026-03-14 03:04:38.482 edge /static/style.css status=502 upstream=B rt_ms=187 bytes=28557
2026-03-14 03:04:39.860 edge / status=200 upstream=B rt_ms=302 bytes=17084
2026-03-14 03:04:39.997 edge / status=502 upstream=B rt_ms=36 bytes=30793
2026-03-14 03:04:40.710 edge /static/style.css status=502 upstream=B rt_ms=64 bytes=7744
2026-03-14 03:04:41.107 edge / status=502 upstream=B rt_ms=39 bytes=11255
2026-03-14 03:04:41.418 edge /healthz status=200 upstream=B rt_ms=89 bytes=23976
2026-03-14 03:04:41.774 edge /api/events status=200 upstream=B rt_ms=240 bytes=1760
2026-03-14 03:04:43.407 edge /api/events status=200 upstream=B rt_ms=306 bytes=19471
2026-03-14 03:04:44.396 edge / status=502 upstream=B rt_ms=178 bytes=13058
2026-03-14 03:04:46.644 edge /api/orders status=200 upstream=B rt_ms=54 bytes=26763
2026-03-14 03:04:47.966 edge /api/events status=500 upstream=B rt_ms=98 bytes=16608
2026-03-14 03:04:48.470 edge / status=200 upstream=B rt_ms=120 bytes=2499
2026-03-14 03:04:48.872 edge /healthz status=200 upstream=B rt_ms=317 bytes=2875
2026-03-14 03:04:49.153 edge /static/style.css status=502 upstream=B rt_ms=179 bytes=11747
2026-03-14 03:04:50.945 edge /static/style.css status=502 upstream=B rt_ms=158 bytes=28878
2026-03-14 03:04:51.139 edge /api/events status=200 upstream=B rt_ms=54 bytes=32738
2026-03-14 03:04:52.218 edge /api/orders status=502 upstream=B rt_ms=186 bytes=5440
2026-03-14 03:04:52.868 edge /static/style.css status=404 upstream=B rt_ms=211 bytes=21943
2026-03-14 03:04:53.543 edge /api/orders status=200 upstream=B rt_ms=319 bytes=24697
2026-03-14 03:04:54.203 edge /healthz status=200 upstream=B rt_ms=301 bytes=41745
2026-03-14 03:04:54.978 edge /api/orders status=500 upstream=B rt_ms=46 bytes=40929
2026-03-14 03:04:56.522 edge /healthz status=502 upstream=B rt_ms=209 bytes=10672
2026-03-14 03:04:56.583 edge /api/events status=200 upstream=B rt_ms=393 bytes=27287
2026-03-14 03:04:56.656 edge /static/style.css status=404 upstream=B rt_ms=32 bytes=31942
2026-03-14 03:04:56.699 edge /api/events status=500 upstream=B rt_ms=143 bytes=28159
2026-03-14 03:04:56.916 edge /api/events status=502 upstream=B rt_ms=359 bytes=23226
2026-03-14 03:04:59.804 edge /api/events status=502 upstream=B rt_ms=225 bytes=3235
2026-03-14 03:05:01.337 edge /healthz status=200 upstream=B rt_ms=397 bytes=28142
2026-03-14 03:05:01.775 edge /api/events status=200 upstream=B rt_ms=304 bytes=38661
2026-03-14 03:05:03.444 edge /api/orders status=502 upstream=B rt_ms=224 bytes=29846
2026-03-14 03:05:04.047 edge / status=502 upstream=B rt_ms=76 bytes=2908
2026-03-14 03:05:04.719 edge / status=200 upstream=B rt_ms=321 bytes=3603
2026-03-14 03:05:06.259 edge /api/events status=200 upstream=B rt_ms=88 bytes=39998
2026-03-14 03:05:09.654 edge / status=200 upstream=B rt_ms=333 bytes=12340
2026-03-14 03:05:12.686 edge /healthz status=200 upstream=B rt_ms=58 bytes=4402
2026-03-14 03:05:13.366 edge /api/events status=200 upstream=B rt_ms=123 bytes=13146
2026-03-14 03:05:15.248 edge / status=200 upstream=B rt_ms=294 bytes=3227
2026-03-14 03:05:15.452 edge /static/style.css status=404 upstream=B rt_ms=72 bytes=31728
2026-03-14 03:05:15.881 edge /api/orders status=200 upstream=B rt_ms=42 bytes=25963
2026-03-14 03:05:19.150 edge / status=200 upstream=B rt_ms=152 bytes=39323
2026-03-14 03:05:23.334 edge / status=200 upstream=B rt_ms=119 bytes=3787
2026-03-14 03:05:25.902 edge /static/style.css status=200 upstream=B rt_ms=282 bytes=786
2026-03-14 03:05:26.266 edge /healthz status=500 upstream=B rt_ms=299 bytes=15375
2026-03-14 03:05:28.566 edge /api/events status=200 upstream=B rt_ms=200 bytes=17707
2026-03-14 03:05:28.783 edge /api/events status=200 upstream=B rt_ms=197 bytes=8671
2026-03-14 03:05:29.203 edge /static/style.css status=200 upstream=B rt_ms=47 bytes=23971
2026-03-14 03:05:29.929 edge /api/orders status=200 upstream=B rt_ms=385 bytes=2939
2026-03-14 03:05:30.386 edge /healthz status=200 upstream=B rt_ms=379 bytes=13163
2026-03-14 03:05:31.448 edge /api/orders status=502 upstream=B rt_ms=337 bytes=34170
2026-03-14 03:05:31.456 edge /api/events status=404 upstream=B rt_ms=50 bytes=27001
2026-03-14 03:05:32.371 edge / status=502 upstream=B rt_ms=313 bytes=24297
2026-03-14 03:05:34.339 edge / status=404 upstream=B rt_ms=64 bytes=30073
2026-03-14 03:05:36.718 edge /healthz status=200 upstream=B rt_ms=230 bytes=33092
2026-03-14 03:05:37.224 edge /api/orders status=200 upstream=B rt_ms=53 bytes=8835
2026-03-14 03:05:37.800 edge /api/events status=200 upstream=B rt_ms=335 bytes=35759
2026-03-14 03:05:37.861 edge /api/events status=200 upstream=B rt_ms=81 bytes=10595
2026-03-14 03:05:38.906 edge /api/events status=502 upstream=B rt_ms=41 bytes=13342
2026-03-14 03:05:40.646 edge /api/events status=200 upstream=B rt_ms=161 bytes=19039
2026-03-14 03:05:40.668 edge / status=200 upstream=B rt_ms=396 bytes=26493
2026-03-14 03:05:41.867 edge /healthz status=200 upstream=B rt_ms=317 bytes=31945
2026-03-14 03:05:42.581 edge /static/style.css status=200 upstream=B rt_ms=46 bytes=2000
2026-03-14 03:05:45.838 edge /static/style.css status=200 upstream=B rt_ms=341 bytes=21255
2026-03-14 03:05:48.718 edge /api/events status=404 upstream=B rt_ms=28 bytes=25206
2026-03-14 03:05:49.474 edge /api/orders status=200 upstream=B rt_ms=381 bytes=40749
2026-03-14 03:05:50.481 edge /static/style.css status=200 upstream=B rt_ms=103 bytes=17234
2026-03-14 03:05:51.373 edge /api/events status=200 upstream=B rt_ms=395 bytes=5735
2026-03-14 03:05:52.575 edge /healthz status=200 upstream=B rt_ms=98 bytes=6483
2026-03-14 03:05:52.776 edge / status=502 upstream=B rt_ms=307 bytes=31856
2026-03-14 03:05:53.565 edge / status=502 upstream=B rt_ms=274 bytes=8506
2026-03-14 03:05:56.498 edge /api/orders status=200 upstream=B rt_ms=274 bytes=17657
2026-03-14 03:05:58.710 edge /api/orders status=404 upstream=B rt_ms=61 bytes=2173
2026-03-14 03:05:59.337 edge / status=200 upstream=B rt_ms=84 bytes=30589
2026-03-14 03:05:59.862 edge /healthz status=404 upstream=B rt_ms=239 bytes=834
2026-03-14 03:06:00.450 edge /static/style.css status=502 upstream=B rt_ms=118 bytes=24653
2026-03-14 03:06:01.317 edge /api/orders status=502 upstream=B rt_ms=215 bytes=26891
2026-03-14 03:06:02.814 edge /api/events status=404 upstream=B rt_ms=235 bytes=41093
2026-03-14 03:06:03.096 edge / status=200 upstream=B rt_ms=382 bytes=35310
2026-03-14 03:06:03.770 edge / status=502 upstream=B rt_ms=315 bytes=35674
2026-03-14 03:06:04.184 edge /api/events status=502 upstream=B rt_ms=29 bytes=37062
2026-03-14 03:06:05.034 edge /static/style.css status=502 upstream=B rt_ms=96 bytes=14671
2026-03-14 03:06:05.789 edge / status=502 upstream=B rt_ms=379 bytes=36956
2026-03-14 03:06:07.494 edge /api/events status=200 upstream=B rt_ms=148 bytes=35601
2026-03-14 03:06:07.554 edge /healthz status=200 upstream=B rt_ms=8 bytes=6255
2026-03-14 03:06:08.176 edge /api/orders status=502 upstream=B rt_ms=274 bytes=13322
2026-03-14 03:06:08.498 edge /api/events status=200 upstream=B rt_ms=170 bytes=39567
2026-03-14 03:06:11.926 edge /static/style.css status=502 upstream=B rt_ms=319 bytes=3899
2026-03-14 03:06:13.807 edge /healthz status=200 upstream=B rt_ms=371 bytes=27253
2026-03-14 03:06:15.338 edge /api/orders status=502 upstream=B rt_ms=119 bytes=38518
2026-03-14 03:06:15.367 edge /static/style.css status=200 upstream=B rt_ms=198 bytes=39820
2026-03-14 03:06:15.567 edge /static/style.css status=200 upstream=B rt_ms=75 bytes=31529
2026-03-14 03:06:15.733 edge /api/orders status=200 upstream=B rt_ms=76 bytes=17355
2026-03-14 03:06:15.963 edge /healthz status=502 upstream=B rt_ms=162 bytes=1561
2026-03-14 03:06:16.034 edge /static/style.css status=404 upstream=B rt_ms=47 bytes=21724
2026-03-14 03:06:16.401 edge /static/style.css status=200 upstream=B rt_ms=13 bytes=13242
2026-03-14 03:06:16.845 edge /healthz status=200 upstream=B rt_ms=170 bytes=39318
2026-03-14 03:06:17.452 edge /api/events status=502 upstream=B rt_ms=189 bytes=35652
2026-03-14 03:06:22.692 edge /healthz status=200 upstream=B rt_ms=3 bytes=7133
2026-03-14 03:06:23.834 edge /healthz status=502 upstream=B rt_ms=113 bytes=28026
2026-03-14 03:06:24.815 edge /healthz status=502 upstream=B rt_ms=75 bytes=4848
2026-03-14 03:06:25.037 edge /api/events status=404 upstream=B rt_ms=49 bytes=40383
2026-03-14 03:06:26.258 edge /api/orders status=502 upstream=B rt_ms=10 bytes=11246
2026-03-14 03:06:27.027 edge /healthz status=502 upstream=B rt_ms=318 bytes=447
2026-03-14 03:06:27.070 edge /static/style.css status=200 upstream=B rt_ms=51 bytes=40490
2026-03-14 03:06:27.148 edge /api/orders status=502 upstream=B rt_ms=220 bytes=15398
2026-03-14 03:06:27.404 edge / status=502 upstream=B rt_ms=221 bytes=39952
2026-03-14 03:06:27.456 edge /api/orders status=200 upstream=B rt_ms=72 bytes=19337
2026-03-14 03:06:27.790 edge /healthz status=200 upstream=B rt_ms=246 bytes=7958
2026-03-14 03:06:30.855 edge /api/events status=200 upstream=B rt_ms=73 bytes=27975
2026-03-14 03:06:33.425 edge /static/style.css status=200 upstream=B rt_ms=250 bytes=14281
2026-03-14 03:06:34.757 edge / status=200 upstream=B rt_ms=116 bytes=30242
2026-03-14 03:06:35.228 edge /static/style.css status=502 upstream=B rt_ms=175 bytes=15720
2026-03-14 03:06:35.441 edge /api/orders status=200 upstream=B rt_ms=203 bytes=4730
2026-03-14 03:06:38.581 edge /api/orders status=200 upstream=B rt_ms=329 bytes=33765
2026-03-14 03:06:39.023 edge /healthz status=502 upstream=B rt_ms=363 bytes=30830
2026-03-14 03:06:39.238 edge /api/events status=502 upstream=B rt_ms=12 bytes=26734
2026-03-14 03:06:41.386 edge /api/orders status=502 upstream=B rt_ms=205 bytes=38316
2026-03-14 03:06:44.421 edge /api/events status=200 upstream=B rt_ms=307 bytes=4652
2026-03-14 03:06:46.956 edge /api/events status=404 upstream=B rt_ms=397 bytes=8415
2026-03-14 03:06:46.971 edge /api/orders status=502 upstream=B rt_ms=234 bytes=607
2026-03-14 03:06:47.617 edge /healthz status=502 upstream=B rt_ms=202 bytes=22235
2026-03-14 03:06:48.278 edge /api/events status=502 upstream=B rt_ms=240 bytes=26328
2026-03-14 03:06:48.845 edge /api/events status=502 upstream=B rt_ms=237 bytes=32082
2026-03-14 03:06:56.689 edge /static/style.css status=502 upstream=B rt_ms=314 bytes=4141
2026-03-14 03:06:56.707 edge /api/orders status=502 upstream=B rt_ms=278 bytes=39255
2026-03-14 03:06:57.827 edge / status=502 upstream=B rt_ms=288 bytes=10994
2026-03-14 03:06:58.852 edge /api/events status=502 upstream=B rt_ms=6 bytes=5118
2026-03-14 03:06:59.668 edge /healthz status=200 upstream=B rt_ms=12 bytes=34243
2026-03-14 03:07:01.277 edge /static/style.css status=200 upstream=B rt_ms=33 bytes=37713
2026-03-14 03:07:01.724 edge /api/events status=200 upstream=B rt_ms=86 bytes=39167
2026-03-14 03:07:02.859 edge /static/style.css status=200 upstream=B rt_ms=182 bytes=15814
2026-03-14 03:07:03.912 edge / status=502 upstream=B rt_ms=215 bytes=35262
2026-03-14 03:07:04.075 edge /api/orders status=200 upstream=B rt_ms=63 bytes=33158
2026-03-14 03:07:06.112 edge /healthz status=502 upstream=B rt_ms=144 bytes=233
2026-03-14 03:07:07.828 edge /static/style.css status=200 upstream=B rt_ms=299 bytes=21267
2026-03-14 03:07:08.486 edge /api/orders status=502 upstream=B rt_ms=349 bytes=41320
2026-03-14 03:07:08.574 edge /api/events status=502 upstream=B rt_ms=144 bytes=4595
2026-03-14 03:07:08.576 edge / status=502 upstream=B rt_ms=4 bytes=3839
2026-03-14 03:07:09.530 edge /api/orders status=200 upstream=B rt_ms=144 bytes=39097
2026-03-14 03:07:09.797 edge /healthz status=200 upstream=B rt_ms=384 bytes=28623
2026-03-14 03:07:09.860 edge / status=200 upstream=B rt_ms=24 bytes=9125
2026-03-14 03:07:10.535 edge /api/events status=500 upstream=B rt_ms=72 bytes=3456
2026-03-14 03:07:11.931 edge /healthz status=200 upstream=B rt_ms=242 bytes=14839
2026-03-14 03:07:13.206 edge / status=500 upstream=B rt_ms=174 bytes=21412
2026-03-14 03:07:14.678 edge /api/orders status=200 upstream=B rt_ms=114 bytes=8166
2026-03-14 03:07:18.097 edge /healthz status=200 upstream=B rt_ms=194 bytes=25531
2026-03-14 03:07:18.239 edge /static/style.css status=502 upstream=B rt_ms=156 bytes=38088
2026-03-14 03:07:18.535 edge /api/events status=200 upstream=B rt_ms=256 bytes=14379
2026-03-14 03:07:18.775 edge /api/orders status=200 upstream=B rt_ms=365 bytes=35573
2026-03-14 03:07:20.497 edge /healthz status=502 upstream=B rt_ms=275 bytes=20536
2026-03-14 03:07:20.847 edge /api/events status=404 upstream=B rt_ms=146 bytes=4665
2026-03-14 03:07:21.810 edge /static/style.css status=200 upstream=B rt_ms=199 bytes=15939
2026-03-14 03:07:22.564 edge /api/orders status=200 upstream=B rt_ms=388 bytes=8500
2026-03-14 03:07:23.272 edge /api/orders status=200 upstream=B rt_ms=40 bytes=25498
2026-03-14 03:07:23.629 edge /api/orders status=200 upstream=B rt_ms=311 bytes=7619
2026-03-14 03:07:23.635 edge /static/style.css status=200 upstream=B rt_ms=167 bytes=18698
2026-03-14 03:07:23.763 edge /api/orders status=200 upstream=B rt_ms=190 bytes=2581
2026-03-14 03:07:25.444 edge / status=200 upstream=B rt_ms=371 bytes=39186
2026-03-14 03:07:26.920 edge /api/events status=404 upstream=B rt_ms=272 bytes=23684
2026-03-14 03:07:30.090 edge /api/events status=502 upstream=B rt_ms=392 bytes=32707
2026-03-14 03:07:30.320 edge / status=502 upstream=B rt_ms=54 bytes=7648
2026-03-14 03:07:30.999 edge /api/events status=404 upstream=B rt_ms=138 bytes=41019
2026-03-14 03:07:31.073 edge /healthz status=200 upstream=B rt_ms=161 bytes=1498
2026-03-14 03:07:35.395 edge /healthz status=404 upstream=B rt_ms=285 bytes=32304
2026-03-14 03:07:35.467 edge /api/events status=200 upstream=B rt_ms=338 bytes=37870
2026-03-14 03:07:35.989 edge / status=200 upstream=B rt_ms=297 bytes=12376
2026-03-14 03:07:36.260 edge /api/orders status=200 upstream=B rt_ms=254 bytes=11528
2026-03-14 03:07:37.045 edge /api/events status=502 upstream=B rt_ms=302 bytes=6783
2026-03-14 03:07:38.244 edge /static/style.css status=200 upstream=B rt_ms=228 bytes=20024
2026-03-14 03:07:38.330 edge / status=500 upstream=B rt_ms=309 bytes=16546
2026-03-14 03:07:38.953 edge /healthz status=200 upstream=B rt_ms=19 bytes=10988
2026-03-14 03:07:41.937 edge /healthz status=200 upstream=B rt_ms=107 bytes=16025
2026-03-14 03:07:44.766 edge /api/orders status=200 upstream=B rt_ms=62 bytes=4339
2026-03-14 03:07:46.476 edge /api/orders status=404 upstream=B rt_ms=202 bytes=29603
2026-03-14 03:07:46.599 edge / status=200 upstream=B rt_ms=231 bytes=1231
2026-03-14 03:07:46.962 edge /healthz status=200 upstream=B rt_ms=178 bytes=20071
2026-03-14 03:07:47.642 edge /static/style.css status=200 upstream=B rt_ms=101 bytes=13240
2026-03-14 03:07:48.801 edge /api/events status=200 upstream=B rt_ms=255 bytes=37348
2026-03-14 03:07:48.990 edge /static/style.css status=502 upstream=B rt_ms=297 bytes=14797
2026-03-14 03:07:49.063 edge / status=502 upstream=B rt_ms=276 bytes=40285
2026-03-14 03:07:49.856 edge /healthz status=200 upstream=B rt_ms=50 bytes=36852
2026-03-14 03:07:50.149 edge /api/orders status=404 upstream=B rt_ms=85 bytes=35604
2026-03-14 03:07:50.471 edge /static/style.css status=500 upstream=B rt_ms=358 bytes=31169
2026-03-14 03:07:50.770 edge / status=502 upstream=B rt_ms=298 bytes=8517
2026-03-14 03:07:51.317 edge /static/style.css status=200 upstream=B rt_ms=392 bytes=2396
2026-03-14 03:07:51.393 edge /api/orders status=200 upstream=B rt_ms=238 bytes=14139
2026-03-14 03:07:51.469 edge /api/orders status=200 upstream=B rt_ms=37 bytes=9194
2026-03-14 03:07:52.072 edge /static/style.css status=502 upstream=B rt_ms=351 bytes=40080
2026-03-14 03:07:53.489 edge /api/orders status=502 upstream=B rt_ms=25 bytes=29164
2026-03-14 03:07:56.858 edge /healthz status=404 upstream=B rt_ms=388 bytes=34285
2026-03-14 03:07:57.204 edge /static/style.css status=200 upstream=B rt_ms=54 bytes=12744
2026-03-14 03:07:58.355 edge / status=200 upstream=B rt_ms=168 bytes=41156
2026-03-14 03:07:59.469 edge / status=502 upstream=B rt_ms=14 bytes=2391
2026-03-14 03:08:04.234 edge / status=200 upstream=B rt_ms=73 bytes=27946
2026-03-14 03:08:05.544 edge /healthz status=500 upstream=B rt_ms=209 bytes=21346
2026-03-14 03:08:05.845 edge /api/events status=200 upstream=B rt_ms=18 bytes=40039
2026-03-14 03:08:07.934 edge / status=500 upstream=B rt_ms=368 bytes=11736
2026-03-14 03:08:08.332 edge /api/events status=502 upstream=B rt_ms=93 bytes=24953
2026-03-14 03:08:08.552 edge / status=200 upstream=B rt_ms=17 bytes=40062
2026-03-14 03:08:10.190 edge / status=500 upstream=B rt_ms=147 bytes=13582
2026-03-14 03:08:11.397 edge /api/orders status=502 upstream=B rt_ms=122 bytes=27313
2026-03-14 03:08:11.607 edge /static/style.css status=502 upstream=B rt_ms=378 bytes=1166
2026-03-14 03:08:13.216 edge /api/orders status=502 upstream=B rt_ms=116 bytes=22128
2026-03-14 03:08:13.565 edge /healthz status=502 upstream=B rt_ms=68 bytes=20283
2026-03-14 03:08:14.081 edge /api/events status=502 upstream=B rt_ms=107 bytes=25595
2026-03-14 03:08:14.119 edge /api/orders status=500 upstream=B rt_ms=138 bytes=39058
2026-03-14 03:08:15.602 edge /static/style.css status=502 upstream=B rt_ms=90 bytes=39643
2026-03-14 03:08:16.586 edge /static/style.css status=200 upstream=B rt_ms=48 bytes=37938
2026-03-14 03:08:16.596 edge / status=502 upstream=B rt_ms=375 bytes=12261
2026-03-14 03:08:17.749 edge / status=200 upstream=B rt_ms=169 bytes=39088
2026-03-14 03:08:18.236 edge / status=500 upstream=B rt_ms=91 bytes=2608
2026-03-14 03:08:19.137 edge /healthz status=502 upstream=B rt_ms=69 bytes=17046
2026-03-14 03:08:19.963 edge /static/style.css status=502 upstream=B rt_ms=195 bytes=5257
2026-03-14 03:08:26.042 edge /api/orders status=200 upstream=B rt_ms=265 bytes=10100
2026-03-14 03:08:27.426 edge /healthz status=500 upstream=B rt_ms=206 bytes=27022
2026-03-14 03:08:29.021 edge /api/events status=200 upstream=B rt_ms=256 bytes=28152
2026-03-14 03:08:30.885 edge /static/style.css status=200 upstream=B rt_ms=195 bytes=29293
2026-03-14 03:08:31.180 edge /static/style.css status=502 upstream=B rt_ms=177 bytes=31475
2026-03-14 03:08:31.311 edge / status=404 upstream=B rt_ms=40 bytes=4710
2026-03-14 03:08:31.673 edge /api/events status=200 upstream=B rt_ms=154 bytes=15897
2026-03-14 03:08:33.899 edge /api/events status=502 upstream=B rt_ms=283 bytes=13418
2026-03-14 03:08:34.755 edge /static/style.css status=200 upstream=B rt_ms=146 bytes=10666
2026-03-14 03:08:34.931 edge /static/style.css status=502 upstream=B rt_ms=304 bytes=11715
2026-03-14 03:08:35.121 edge /api/orders status=404 upstream=B rt_ms=276 bytes=39923
2026-03-14 03:08:35.365 edge /api/events status=200 upstream=B rt_ms=61 bytes=1301
2026-03-14 03:08:35.969 edge /static/style.css status=502 upstream=B rt_ms=361 bytes=4258
2026-03-14 03:08:37.258 edge /api/events status=502 upstream=B rt_ms=69 bytes=20641
2026-03-14 03:08:37.398 edge / status=200 upstream=B rt_ms=131 bytes=31312
2026-03-14 03:08:39.055 edge /api/events status=200 upstream=B rt_ms=162 bytes=10506
2026-03-14 03:08:39.763 edge /api/events status=500 upstream=B rt_ms=107 bytes=29293
2026-03-14 03:08:40.394 edge /healthz status=200 upstream=B rt_ms=368 bytes=15369
2026-03-14 03:08:41.259 edge /api/orders status=200 upstream=B rt_ms=313 bytes=40727
2026-03-14 03:08:43.421 edge /api/events status=200 upstream=B rt_ms=80 bytes=21059
2026-03-14 03:08:43.669 edge /healthz status=200 upstream=B rt_ms=366 bytes=35068
2026-03-14 03:08:45.086 edge /healthz status=502 upstream=B rt_ms=99 bytes=23314
2026-03-14 03:08:49.305 edge /api/events status=200 upstream=B rt_ms=313 bytes=20540
2026-03-14 03:08:50.614 edge /api/events status=200 upstream=B rt_ms=184 bytes=22796
2026-03-14 03:08:51.096 edge /static/style.css status=200 upstream=B rt_ms=66 bytes=21859
2026-03-14 03:08:51.591 edge /api/events status=200 upstream=B rt_ms=394 bytes=10930
2026-03-14 03:08:54.838 edge /healthz status=502 upstream=B rt_ms=135 bytes=9543
2026-03-14 03:08:55.353 edge /healthz status=200 upstream=B rt_ms=92 bytes=31049
2026-03-14 03:08:55.453 edge /api/events status=200 upstream=B rt_ms=333 bytes=22647
2026-03-14 03:08:55.679 edge /static/style.css status=404 upstream=B rt_ms=60 bytes=23815
2026-03-14 03:08:56.341 edge /healthz status=502 upstream=B rt_ms=67 bytes=5228
2026-03-14 03:08:58.006 edge /api/orders status=200 upstream=B rt_ms=340 bytes=32304
2026-03-14 03:08:59.170 edge /static/style.css status=200 upstream=B rt_ms=114 bytes=6201
2026-03-14 03:08:59.296 edge /api/events status=200 upstream=B rt_ms=136 bytes=25784
2026-03-14 03:08:59.865 edge /static/style.css status=200 upstream=B rt_ms=178 bytes=34944
2026-03-14 03:09:02.785 edge /api/events status=502 upstream=B rt_ms=46 bytes=15334
2026-03-14 03:09:03.045 edge / status=200 upstream=B rt_ms=183 bytes=6960
2026-03-14 03:09:03.397 edge /api/events status=200 upstream=B rt_ms=286 bytes=2882
2026-03-14 03:09:03.528 edge /healthz status=502 upstream=B rt_ms=95 bytes=22746
2026-03-14 03:09:04.584 edge / status=502 upstream=B rt_ms=60 bytes=39107
2026-03-14 03:09:07.048 edge /api/events status=502 upstream=B rt_ms=47 bytes=25792
2026-03-14 03:09:07.664 edge /api/orders status=502 upstream=B rt_ms=109 bytes=13003
2026-03-14 03:09:08.333 edge /api/orders status=502 upstream=B rt_ms=349 bytes=2534
2026-03-14 03:09:11.040 edge / status=200 upstream=B rt_ms=329 bytes=2504
2026-03-14 03:09:11.830 edge /api/orders status=502 upstream=B rt_ms=389 bytes=31127
2026-03-14 03:09:13.250 edge /api/orders status=200 upstream=B rt_ms=308 bytes=9444
2026-03-14 03:09:13.398 edge /api/orders status=502 upstream=B rt_ms=14 bytes=36158
2026-03-14 03:09:13.538 edge /api/events status=200 upstream=B rt_ms=276 bytes=23444
2026-03-14 03:09:13.674 edge /static/style.css status=502 upstream=B rt_ms=125 bytes=21118
2026-03-14 03:09:14.446 edge /api/events status=502 upstream=B rt_ms=313 bytes=41816
2026-03-14 03:09:14.628 edge / status=502 upstream=B rt_ms=211 bytes=31820
2026-03-14 03:09:16.393 edge /healthz status=200 upstream=B rt_ms=150 bytes=20029
2026-03-14 03:09:16.995 edge /api/events status=200 upstream=B rt_ms=327 bytes=587
2026-03-14 03:09:18.828 edge /static/style.css status=200 upstream=B rt_ms=148 bytes=29360
2026-03-14 03:09:23.247 edge / status=200 upstream=B rt_ms=49 bytes=25688
2026-03-14 03:09:27.381 edge /static/style.css status=502 upstream=B rt_ms=367 bytes=38183
2026-03-14 03:09:28.624 edge / status=200 upstream=B rt_ms=313 bytes=10154
2026-03-14 03:09:28.977 edge /api/events status=502 upstream=B rt_ms=175 bytes=34666
2026-03-14 03:09:31.818 edge /healthz status=200 upstream=B rt_ms=120 bytes=35233
2026-03-14 03:09:32.846 edge /api/events status=502 upstream=B rt_ms=273 bytes=4923
2026-03-14 03:09:33.099 edge / status=502 upstream=B rt_ms=54 bytes=35517
2026-03-14 03:09:33.341 edge /healthz status=502 upstream=B rt_ms=160 bytes=20036
2026-03-14 03:09:34.154 edge / status=200 upstream=B rt_ms=393 bytes=34101
2026-03-14 03:09:35.491 edge / status=404 upstream=B rt_ms=25 bytes=22031
2026-03-14 03:09:38.352 edge /static/style.css status=200 upstream=B rt_ms=232 bytes=37873
2026-03-14 03:09:38.764 edge /api/events status=502 upstream=B rt_ms=182 bytes=23386
2026-03-14 03:09:39.169 edge /api/events status=200 upstream=B rt_ms=76 bytes=6833
2026-03-14 03:09:39.369 edge /healthz status=200 upstream=B rt_ms=270 bytes=23117
2026-03-14 03:09:41.688 edge /api/orders status=502 upstream=B rt_ms=313 bytes=33629
2026-03-14 03:09:44.282 edge /healthz status=500 upstream=B rt_ms=112 bytes=40966
2026-03-14 03:09:45.099 edge /healthz status=502 upstream=B rt_ms=271 bytes=12561
2026-03-14 03:09:45.874 edge /static/style.css status=200 upstream=B rt_ms=83 bytes=13713
2026-03-14 03:09:46.852 edge /api/orders status=502 upstream=B rt_ms=306 bytes=5344
2026-03-14 03:09:49.499 edge /static/style.css status=502 upstream=B rt_ms=324 bytes=9924
2026-03-14 03:09:50.449 edge /api/orders status=200 upstream=B rt_ms=39 bytes=28819
2026-03-14 03:09:51.121 edge /api/events status=200 upstream=B rt_ms=371 bytes=38749
2026-03-14 03:09:51.611 edge /healthz status=200 upstream=B rt_ms=14 bytes=20260
2026-03-14 03:09:51.733 edge /api/events status=502 upstream=B rt_ms=209 bytes=41851
2026-03-14 03:09:51.792 edge /api/events status=502 upstream=B rt_ms=236 bytes=29428
2026-03-14 03:09:53.503 edge /healthz status=502 upstream=B rt_ms=115 bytes=8760
2026-03-14 03:09:54.463 edge /api/events status=404 upstream=B rt_ms=322 bytes=16932
2026-03-14 03:09:54.929 edge /healthz status=200 upstream=B rt_ms=77 bytes=38987
2026-03-14 03:09:57.725 edge / status=200 upstream=B rt_ms=225 bytes=22492
2026-03-14 03:09:59.022 edge /healthz status=200 upstream=B rt_ms=265 bytes=38170
2026-03-14 03:09:59.409 edge /api/orders status=200 upstream=B rt_ms=232 bytes=36379
2026-03-14 03:10:00.868 edge /healthz status=200 upstream=B rt_ms=227 bytes=1154
2026-03-14 03:10:01.879 edge /api/events status=200 upstream=B rt_ms=333 bytes=29429
2026-03-14 03:10:06.475 edge /api/orders status=200 upstream=B rt_ms=204 bytes=13758
2026-03-14 03:10:06.695 edge /api/events status=200 upstream=B rt_ms=71 bytes=6394
2026-03-14 03:10:07.348 edge /healthz status=200 upstream=B rt_ms=33 bytes=26056
2026-03-14 03:10:07.381 edge /api/events status=502 upstream=B rt_ms=198 bytes=18987
2026-03-14 03:10:08.417 edge / status=200 upstream=B rt_ms=80 bytes=6767
2026-03-14 03:10:09.710 edge / status=502 upstream=B rt_ms=223 bytes=13274
2026-03-14 03:10:13.159 edge / status=200 upstream=B rt_ms=210 bytes=229
2026-03-14 03:10:13.602 edge / status=200 upstream=B rt_ms=171 bytes=31909
2026-03-14 03:10:13.833 edge / status=200 upstream=B rt_ms=235 bytes=8856
2026-03-14 03:10:14.500 edge /healthz status=200 upstream=B rt_ms=58 bytes=25237
2026-03-14 03:10:14.610 edge /api/events status=502 upstream=B rt_ms=9 bytes=906
2026-03-14 03:10:15.513 edge /healthz status=502 upstream=B rt_ms=302 bytes=23903
2026-03-14 03:10:15.922 edge / status=500 upstream=B rt_ms=160 bytes=21583
2026-03-14 03:10:19.181 edge / status=502 upstream=B rt_ms=187 bytes=33770
2026-03-14 03:10:19.238 edge /healthz status=500 upstream=B rt_ms=215 bytes=14563
2026-03-14 03:10:20.831 edge /healthz status=200 upstream=B rt_ms=32 bytes=19270
2026-03-14 03:10:21.559 edge / status=200 upstream=B rt_ms=7 bytes=11230
2026-03-14 03:10:22.932 edge / status=200 upstream=B rt_ms=204 bytes=39582
2026-03-14 03:10:23.468 edge /api/events status=502 upstream=B rt_ms=278 bytes=31303
2026-03-14 03:10:24.645 edge /static/style.css status=502 upstream=B rt_ms=337 bytes=36705
2026-03-14 03:10:24.799 edge /healthz status=200 upstream=B rt_ms=73 bytes=10596
2026-03-14 03:10:26.504 edge /static/style.css status=200 upstream=B rt_ms=198 bytes=32272
2026-03-14 03:10:26.701 edge /api/events status=200 upstream=B rt_ms=142 bytes=15092
2026-03-14 03:10:26.812 edge / status=500 upstream=B rt_ms=364 bytes=19325
2026-03-14 03:10:27.919 edge /api/events status=502 upstream=B rt_ms=393 bytes=1275
2026-03-14 03:10:28.216 edge / status=200 upstream=B rt_ms=13 bytes=12503
2026-03-14 03:10:29.241 edge /healthz status=502 upstream=B rt_ms=119 bytes=36214
2026-03-14 03:10:30.818 edge / status=502 upstream=B rt_ms=259 bytes=2249
2026-03-14 03:10:31.802 edge /healthz status=200 upstream=B rt_ms=348 bytes=10949
2026-03-14 03:10:31.993 edge /healthz status=404 upstream=B rt_ms=26 bytes=2091
2026-03-14 03:10:32.315 edge / status=502 upstream=B rt_ms=302 bytes=35248
2026-03-14 03:10:34.086 edge / status=200 upstream=B rt_ms=315 bytes=29192
2026-03-14 03:10:37.347 edge /healthz status=502 upstream=B rt_ms=132 bytes=13558
2026-03-14 03:10:37.691 edge /api/orders status=200 upstream=B rt_ms=7 bytes=3831
2026-03-14 03:10:38.413 edge /static/style.css status=200 upstream=B rt_ms=108 bytes=41979
2026-03-14 03:10:41.362 edge /api/events status=200 upstream=B rt_ms=190 bytes=34634
2026-03-14 03:10:43.434 edge / status=502 upstream=B rt_ms=49 bytes=39443
2026-03-14 03:10:43.768 edge /api/orders status=200 upstream=B rt_ms=122 bytes=28553
2026-03-14 03:10:43.982 edge /healthz status=200 upstream=B rt_ms=44 bytes=17257
2026-03-14 03:10:44.195 edge /api/orders status=200 upstream=B rt_ms=276 bytes=37747
2026-03-14 03:10:46.647 edge /api/events status=502 upstream=B rt_ms=359 bytes=23551
2026-03-14 03:10:47.447 edge /api/orders status=502 upstream=B rt_ms=157 bytes=41146
2026-03-14 03:10:49.280 edge /healthz status=502 upstream=B rt_ms=46 bytes=21146
2026-03-14 03:10:49.736 edge /api/orders status=502 upstream=B rt_ms=359 bytes=38739
2026-03-14 03:10:51.451 edge /healthz status=200 upstream=B rt_ms=158 bytes=39438
2026-03-14 03:10:53.710 edge /healthz status=200 upstream=B rt_ms=55 bytes=10926
2026-03-14 03:10:53.976 edge /healthz status=502 upstream=B rt_ms=93 bytes=39201
2026-03-14 03:10:55.385 edge / status=502 upstream=B rt_ms=229 bytes=23765
2026-03-14 03:10:56.356 edge / status=404 upstream=B rt_ms=318 bytes=12257
2026-03-14 03:10:56.902 edge /healthz status=200 upstream=B rt_ms=346 bytes=9008
2026-03-14 03:10:57.412 edge /api/events status=502 upstream=B rt_ms=105 bytes=11596
2026-03-14 03:10:57.541 edge / status=200 upstream=B rt_ms=127 bytes=32935
2026-03-14 03:10:58.040 edge /api/orders status=404 upstream=B rt_ms=149 bytes=25117
2026-03-14 03:10:58.989 edge /api/orders status=502 upstream=B rt_ms=250 bytes=9425
2026-03-14 03:10:59.824 edge /healthz status=502 upstream=B rt_ms=381 bytes=3299
2026-03-14 03:11:00.443 edge / status=200 upstream=B rt_ms=196 bytes=7116
2026-03-14 03:11:01.135 edge / status=502 upstream=B rt_ms=200 bytes=15238
2026-03-14 03:11:01.489 edge /api/orders status=200 upstream=B rt_ms=24 bytes=19458
2026-03-14 03:11:02.806 edge /healthz status=200 upstream=B rt_ms=47 bytes=40481
2026-03-14 03:11:02.831 edge /api/events status=502 upstream=B rt_ms=321 bytes=31049
2026-03-14 03:11:03.947 edge / status=200 upstream=B rt_ms=45 bytes=14659
2026-03-14 03:11:08.957 edge /healthz status=502 upstream=B rt_ms=223 bytes=17094
2026-03-14 03:11:10.186 edge / status=200 upstream=B rt_ms=373 bytes=1461
2026-03-14 03:11:12.489 edge / status=502 upstream=B rt_ms=198 bytes=2499
2026-03-14 03:11:13.491 edge /static/style.css status=200 upstream=B rt_ms=215 bytes=13469
2026-03-14 03:11:13.673 edge /static/style.css status=502 upstream=B rt_ms=148 bytes=15905
2026-03-14 03:11:14.012 edge /api/orders status=502 upstream=B rt_ms=188 bytes=33541
2026-03-14 03:11:15.449 edge /healthz status=502 upstream=B rt_ms=242 bytes=8987
2026-03-14 03:11:16.058 edge /api/orders status=502 upstream=B rt_ms=316 bytes=416
2026-03-14 03:11:16.195 edge /api/orders status=200 upstream=B rt_ms=207 bytes=243
2026-03-14 03:11:17.238 edge /static/style.css status=502 upstream=B rt_ms=232 bytes=3909
2026-03-14 03:11:17.358 edge /static/style.css status=200 upstream=B rt_ms=185 bytes=21477
2026-03-14 03:11:17.750 edge /healthz status=502 upstream=B rt_ms=126 bytes=13665
2026-03-14 03:11:18.343 edge /api/events status=404 upstream=B rt_ms=246 bytes=15852
2026-03-14 03:11:18.426 edge /api/orders status=200 upstream=B rt_ms=57 bytes=25765
2026-03-14 03:11:19.213 edge /healthz status=502 upstream=B rt_ms=347 bytes=40003
2026-03-14 03:11:20.222 edge / status=404 upstream=B rt_ms=388 bytes=524
2026-03-14 03:11:21.112 edge /api/events status=502 upstream=B rt_ms=340 bytes=23396
2026-03-14 03:11:24.379 edge / status=502 upstream=B rt_ms=176 bytes=29552
2026-03-14 03:11:25.810 edge /api/events status=404 upstream=B rt_ms=39 bytes=35552
2026-03-14 03:11:26.106 edge /api/events status=200 upstream=B rt_ms=391 bytes=19119
2026-03-14 03:11:26.458 edge /healthz status=200 upstream=B rt_ms=351 bytes=5224
2026-03-14 03:11:26.487 edge /static/style.css status=200 upstream=B rt_ms=27 bytes=38545
2026-03-14 03:11:28.250 edge /healthz status=200 upstream=B rt_ms=77 bytes=37233
2026-03-14 03:11:31.619 edge /static/style.css status=500 upstream=B rt_ms=83 bytes=11396
2026-03-14 03:11:32.421 edge /api/events status=200 upstream=B rt_ms=112 bytes=25423
2026-03-14 03:11:33.733 edge /api/orders status=200 upstream=B rt_ms=268 bytes=40256
2026-03-14 03:11:34.919 edge /static/style.css status=200 upstream=B rt_ms=92 bytes=35388
2026-03-14 03:11:35.727 edge / status=502 upstream=B rt_ms=216 bytes=33051
2026-03-14 03:11:37.536 edge /healthz status=200 upstream=B rt_ms=396 bytes=10180
2026-03-14 03:11:40.264 edge /healthz status=200 upstream=B rt_ms=307 bytes=33766
2026-03-14 03:11:40.564 edge / status=200 upstream=B rt_ms=288 bytes=23612
2026-03-14 03:11:42.940 edge /static/style.css status=200 upstream=B rt_ms=260 bytes=6728
2026-03-14 03:11:46.101 edge /api/events status=200 upstream=B rt_ms=330 bytes=19616
2026-03-14 03:11:47.156 edge / status=200 upstream=B rt_ms=377 bytes=16413
2026-03-14 03:11:48.275 edge /api/orders status=502 upstream=B rt_ms=285 bytes=32385
2026-03-14 03:11:48.573 edge / status=200 upstream=B rt_ms=82 bytes=1872
2026-03-14 03:11:49.513 edge /healthz status=200 upstream=B rt_ms=200 bytes=15391
2026-03-14 03:11:50.502 edge /api/events status=200 upstream=B rt_ms=52 bytes=37708
2026-03-14 03:11:51.976 edge /static/style.css status=502 upstream=B rt_ms=307 bytes=377
2026-03-14 03:11:52.574 edge /api/orders status=200 upstream=B rt_ms=170 bytes=9094
2026-03-14 03:11:53.505 edge / status=502 upstream=B rt_ms=386 bytes=28320
2026-03-14 03:11:57.939 edge /api/orders status=404 upstream=B rt_ms=13 bytes=32618
2026-03-14 03:11:59.704 edge /healthz status=502 upstream=B rt_ms=281 bytes=33638
2026-03-14 03:12:00.187 edge /static/style.css status=502 upstream=B rt_ms=174 bytes=31812
2026-03-14 03:12:01.193 edge /api/events status=502 upstream=B rt_ms=311 bytes=14807
2026-03-14 03:12:01.385 edge /api/orders status=200 upstream=B rt_ms=225 bytes=15122
2026-03-14 03:12:01.489 edge /healthz status=500 upstream=B rt_ms=168 bytes=15156
2026-03-14 03:12:04.292 edge /api/orders status=200 upstream=B rt_ms=118 bytes=16254
2026-03-14 03:12:05.480 edge /api/events status=502 upstream=B rt_ms=170 bytes=7930
2026-03-14 03:12:07.660 edge / status=200 upstream=B rt_ms=301 bytes=35346
2026-03-14 03:12:08.892 edge /static/style.css status=200 upstream=B rt_ms=188 bytes=6235
2026-03-14 03:12:09.883 edge /api/events status=502 upstream=B rt_ms=394 bytes=24513
2026-03-14 03:12:10.593 edge /healthz status=502 upstream=B rt_ms=76 bytes=33835
2026-03-14 03:12:11.109 edge /static/style.css status=500 upstream=B rt_ms=263 bytes=21051
2026-03-14 03:12:12.256 edge / status=200 upstream=B rt_ms=49 bytes=39293
2026-03-14 03:12:14.270 edge /api/orders status=200 upstream=B rt_ms=127 bytes=30065
2026-03-14 03:12:15.310 edge / status=200 upstream=B rt_ms=45 bytes=7753
2026-03-14 03:12:17.674 edge /api/orders status=502 upstream=B rt_ms=266 bytes=5984
2026-03-14 03:12:18.718 edge /api/events status=200 upstream=B rt_ms=92 bytes=4804
2026-03-14 03:12:19.531 edge /static/style.css status=502 upstream=B rt_ms=2 bytes=13272
2026-03-14 03:12:19.681 edge /static/style.css status=502 upstream=B rt_ms=220 bytes=37616
2026-03-14 03:12:23.815 edge /api/events status=502 upstream=B rt_ms=263 bytes=14993
2026-03-14 03:12:25.142 edge /healthz status=502 upstream=B rt_ms=152 bytes=21816
2026-03-14 03:12:25.291 edge / status=404 upstream=B rt_ms=262 bytes=7963
2026-03-14 03:12:26.994 edge / status=502 upstream=B rt_ms=230 bytes=6322
2026-03-14 03:12:27.896 edge /static/style.css status=502 upstream=B rt_ms=103 bytes=39556
2026-03-14 03:12:28.760 edge / status=200 upstream=B rt_ms=371 bytes=30118
2026-03-14 03:12:32.478 edge /static/style.css status=502 upstream=B rt_ms=252 bytes=16356
2026-03-14 03:12:33.847 edge / status=502 upstream=B rt_ms=262 bytes=8918
2026-03-14 03:12:35.995 edge /api/events status=200 upstream=B rt_ms=275 bytes=11716
2026-03-14 03:12:36.525 edge /api/orders status=200 upstream=B rt_ms=129 bytes=23849
2026-03-14 03:12:37.420 edge /static/style.css status=200 upstream=B rt_ms=106 bytes=18661
2026-03-14 03:12:40.534 edge /healthz status=200 upstream=B rt_ms=306 bytes=37033
2026-03-14 03:12:40.724 edge / status=200 upstream=B rt_ms=274 bytes=3933
2026-03-14 03:12:41.793 edge /healthz status=502 upstream=B rt_ms=297 bytes=35813
2026-03-14 03:12:42.652 edge /healthz status=502 upstream=B rt_ms=156 bytes=16028
2026-03-14 03:12:43.002 edge / status=200 upstream=B rt_ms=311 bytes=25386
2026-03-14 03:12:43.490 edge /api/orders status=502 upstream=B rt_ms=121 bytes=22713
2026-03-14 03:12:44.881 edge / status=404 upstream=B rt_ms=187 bytes=3557
2026-03-14 03:12:45.669 edge /api/events status=404 upstream=B rt_ms=193 bytes=13022
2026-03-14 03:12:46.080 edge /healthz status=502 upstream=B rt_ms=264 bytes=34520
2026-03-14 03:12:47.184 edge /api/events status=200 upstream=B rt_ms=105 bytes=12953
2026-03-14 03:12:48.134 edge /static/style.css status=200 upstream=B rt_ms=344 bytes=33149
2026-03-14 03:12:48.664 edge /static/style.css status=200 upstream=B rt_ms=105 bytes=35076
2026-03-14 03:12:48.689 edge /api/events status=200 upstream=B rt_ms=214 bytes=8492
2026-03-14 03:12:49.057 edge /api/orders status=502 upstream=B rt_ms=134 bytes=26806
2026-03-14 03:12:51.650 edge /api/events status=500 upstream=B rt_ms=146 bytes=32936
2026-03-14 03:12:52.651 edge /api/orders status=502 upstream=B rt_ms=299 bytes=20002
2026-03-14 03:12:53.925 edge /static/style.css status=200 upstream=B rt_ms=185 bytes=30693
2026-03-14 03:12:54.303 edge /healthz status=200 upstream=B rt_ms=122 bytes=2527
2026-03-14 03:12:54.819 edge /static/style.css status=502 upstream=B rt_ms=249 bytes=16255
2026-03-14 03:12:54.966 edge /api/orders status=502 upstream=B rt_ms=41 bytes=1018
2026-03-14 03:12:55.000 edge /static/style.css status=200 upstream=B rt_ms=388 bytes=26201
2026-03-14 03:12:55.269 edge /healthz status=404 upstream=B rt_ms=238 bytes=661
2026-03-14 03:12:55.410 edge /api/orders status=200 upstream=B rt_ms=378 bytes=17652
2026-03-14 03:12:57.315 edge /api/events status=200 upstream=B rt_ms=360 bytes=1183
2026-03-14 03:12:57.397 edge /api/events status=200 upstream=B rt_ms=361 bytes=27190
2026-03-14 03:12:57.718 edge / status=502 upstream=B rt_ms=361 bytes=2165
2026-03-14 03:12:59.573 edge /api/events status=200 upstream=B rt_ms=348 bytes=33257
2026-03-14 03:12:59.816 edge /healthz status=404 upstream=B rt_ms=100 bytes=4809
2026-03-14 03:13:02.335 edge /static/style.css status=200 upstream=B rt_ms=310 bytes=19782
2026-03-14 03:13:03.090 edge /healthz status=200 upstream=B rt_ms=228 bytes=31603
2026-03-14 03:13:07.616 edge /api/orders status=404 upstream=B rt_ms=165 bytes=7232
2026-03-14 03:13:07.937 edge /api/orders status=502 upstream=B rt_ms=120 bytes=19257
2026-03-14 03:13:08.620 edge /healthz status=200 upstream=B rt_ms=196 bytes=41062
2026-03-14 03:13:09.401 edge / status=502 upstream=B rt_ms=200 bytes=35026
2026-03-14 03:13:09.861 edge /api/events status=200 upstream=B rt_ms=161 bytes=27412
2026-03-14 03:13:09.980 edge /api/events status=502 upstream=B rt_ms=205 bytes=38212
2026-03-14 03:13:13.287 edge /api/orders status=200 upstream=B rt_ms=341 bytes=26096
2026-03-14 03:13:14.713 edge /api/events status=200 upstream=B rt_ms=309 bytes=1319
2026-03-14 03:13:15.899 edge /api/events status=200 upstream=B rt_ms=44 bytes=1348
2026-03-14 03:13:16.293 edge /api/orders status=200 upstream=B rt_ms=140 bytes=39017
2026-03-14 03:13:18.446 edge / status=200 upstream=B rt_ms=48 bytes=37523
2026-03-14 03:13:19.428 edge / status=200 upstream=B rt_ms=285 bytes=6392
2026-03-14 03:13:19.916 edge /api/events status=200 upstream=B rt_ms=222 bytes=32996
2026-03-14 03:13:21.612 edge /api/events status=200 upstream=B rt_ms=261 bytes=37079
2026-03-14 03:13:24.463 edge /api/orders status=502 upstream=B rt_ms=289 bytes=11416
2026-03-14 03:13:25.195 edge / status=200 upstream=B rt_ms=363 bytes=1786
2026-03-14 03:13:28.072 edge /healthz status=200 upstream=B rt_ms=198 bytes=10089
2026-03-14 03:13:28.248 edge /api/events status=200 upstream=B rt_ms=52 bytes=33728
2026-03-14 03:13:29.329 edge /api/orders status=200 upstream=B rt_ms=57 bytes=18089
2026-03-14 03:13:30.523 edge /api/orders status=200 upstream=B rt_ms=388 bytes=20580
2026-03-14 03:13:30.687 edge /healthz status=200 upstream=B rt_ms=39 bytes=37353
2026-03-14 03:13:35.532 edge /api/events status=200 upstream=B rt_ms=361 bytes=4059
2026-03-14 03:13:36.229 edge /static/style.css status=200 upstream=B rt_ms=182 bytes=18804
2026-03-14 03:13:37.800 edge /static/style.css status=200 upstream=B rt_ms=5 bytes=6498
2026-03-14 03:13:38.206 edge / status=200 upstream=B rt_ms=287 bytes=25824
2026-03-14 03:13:38.602 edge /api/events status=200 upstream=B rt_ms=109 bytes=34419
2026-03-14 03:13:39.303 edge /api/orders status=200 upstream=B rt_ms=311 bytes=9120
2026-03-14 03:13:40.808 edge /healthz status=500 upstream=B rt_ms=321 bytes=32012
2026-03-14 03:13:41.861 edge /healthz status=200 upstream=B rt_ms=376 bytes=33696
2026-03-14 03:13:41.967 edge /healthz status=502 upstream=B rt_ms=222 bytes=24293
2026-03-14 03:13:42.281 edge /api/events status=200 upstream=B rt_ms=213 bytes=29833
2026-03-14 03:13:43.239 edge /static/style.css status=200 upstream=B rt_ms=259 bytes=37840
2026-03-14 03:13:45.406 edge /api/orders status=200 upstream=B rt_ms=206 bytes=29452
2026-03-14 03:13:46.630 edge / status=200 upstream=B rt_ms=325 bytes=11039
2026-03-14 03:13:46.872 edge /static/style.css status=200 upstream=B rt_ms=160 bytes=6589
2026-03-14 03:13:47.861 edge /healthz status=502 upstream=B rt_ms=364 bytes=5113
2026-03-14 03:13:49.268 edge / status=502 upstream=B rt_ms=373 bytes=33834
2026-03-14 03:13:50.254 edge /api/events status=200 upstream=B rt_ms=120 bytes=4721
2026-03-14 03:13:50.944 edge /api/events status=200 upstream=B rt_ms=232 bytes=30628
2026-03-14 03:13:51.138 edge /api/events status=502 upstream=B rt_ms=150 bytes=4819
2026-03-14 03:13:51.404 edge /api/events status=200 upstream=B rt_ms=363 bytes=31926
2026-03-14 03:13:55.432 edge /static/style.css status=502 upstream=B rt_ms=252 bytes=25692
2026-03-14 03:13:56.227 edge /healthz status=200 upstream=B rt_ms=305 bytes=30000
2026-03-14 03:13:59.337 edge /api/events status=502 upstream=B rt_ms=21 bytes=10391
2026-03-14 03:14:00.267 edge /static/style.css status=502 upstream=B rt_ms=360 bytes=33665
2026-03-14 03:14:01.217 edge /api/events status=200 upstream=B rt_ms=181 bytes=33384
2026-03-14 03:14:04.636 edge /api/events status=200 upstream=B rt_ms=123 bytes=10814
2026-03-14 03:14:04.845 edge /static/style.css status=200 upstream=B rt_ms=240 bytes=3412
2026-03-14 03:14:05.588 edge /static/style.css status=200 upstream=B rt_ms=314 bytes=34162
2026-03-14 03:14:06.267 edge /api/orders status=200 upstream=B rt_ms=79 bytes=22353
2026-03-14 03:14:06.855 edge /healthz status=200 upstream=B rt_ms=120 bytes=17780
2026-03-14 03:14:08.107 edge /healthz status=200 upstream=B rt_ms=121 bytes=18975
2026-03-14 03:14:08.842 edge /static/style.css status=500 upstream=B rt_ms=161 bytes=37938
2026-03-14 03:14:08.854 edge /api/orders status=502 upstream=B rt_ms=193 bytes=28453
2026-03-14 03:14:09.174 edge / status=502 upstream=B rt_ms=197 bytes=2894
2026-03-14 03:14:10.351 edge /api/events status=200 upstream=B rt_ms=4 bytes=21668
2026-03-14 03:14:12.487 edge /api/events status=502 upstream=B rt_ms=61 bytes=37846
2026-03-14 03:14:16.548 edge /static/style.css status=502 upstream=B rt_ms=200 bytes=39275
2026-03-14 03:14:16.647 edge /api/orders status=200 upstream=B rt_ms=263 bytes=1627
2026-03-14 03:14:20.052 edge /static/style.css status=200 upstream=B rt_ms=179 bytes=28065
2026-03-14 03:14:23.938 edge /api/orders status=502 upstream=B rt_ms=86 bytes=40023
2026-03-14 03:14:25.237 edge / status=502 upstream=B rt_ms=279 bytes=19681
2026-03-14 03:14:25.948 edge /static/style.css status=200 upstream=B rt_ms=125 bytes=26241
2026-03-14 03:14:27.992 edge /static/style.css status=200 upstream=B rt_ms=196 bytes=23833
2026-03-14 03:14:28.102 edge /api/orders status=200 upstream=B rt_ms=364 bytes=33787
2026-03-14 03:14:33.289 edge /api/events status=200 upstream=B rt_ms=187 bytes=12421
2026-03-14 03:14:34.804 edge /healthz status=502 upstream=B rt_ms=289 bytes=19440
2026-03-14 03:14:35.021 edge /static/style.css status=200 upstream=B rt_ms=246 bytes=38038
2026-03-14 03:14:35.269 edge / status=200 upstream=B rt_ms=278 bytes=24756
2026-03-14 03:14:35.364 edge /healthz status=200 upstream=B rt_ms=100 bytes=22562
2026-03-14 03:14:36.077 edge /static/style.css status=502 upstream=B rt_ms=352 bytes=30465
2026-03-14 03:14:36.420 edge /static/style.css status=502 upstream=B rt_ms=357 bytes=29818
2026-03-14 03:14:37.469 edge /healthz status=200 upstream=B rt_ms=49 bytes=23439
2026-03-14 03:14:39.312 edge /healthz status=200 upstream=B rt_ms=197 bytes=23743
2026-03-14 03:14:41.348 edge /api/orders status=502 upstream=B rt_ms=116 bytes=28673
2026-03-14 03:14:41.762 edge /api/events status=502 upstream=B rt_ms=50 bytes=25524
2026-03-14 03:14:41.978 edge /api/events status=502 upstream=B rt_ms=80 bytes=11030
2026-03-14 03:14:42.722 edge / status=200 upstream=B rt_ms=225 bytes=19060
2026-03-14 03:14:44.997 edge /api/orders status=200 upstream=B rt_ms=307 bytes=27325
2026-03-14 03:14:45.487 edge /api/events status=404 upstream=B rt_ms=138 bytes=6014
2026-03-14 03:14:47.746 edge /healthz status=200 upstream=B rt_ms=67 bytes=23251
2026-03-14 03:14:48.332 edge /api/orders status=200 upstream=B rt_ms=27 bytes=14101
2026-03-14 03:14:48.465 edge /static/style.css status=502 upstream=B rt_ms=156 bytes=32707
2026-03-14 03:14:48.958 edge /api/events status=200 upstream=B rt_ms=306 bytes=4803
2026-03-14 03:14:50.018 edge /api/orders status=502 upstream=B rt_ms=252 bytes=23771
2026-03-14 03:14:50.189 edge /healthz status=200 upstream=B rt_ms=251 bytes=8299
2026-03-14 03:14:50.661 edge / status=200 upstream=B rt_ms=35 bytes=19388
2026-03-14 03:14:54.781 edge / status=200 upstream=B rt_ms=157 bytes=26753
2026-03-14 03:14:55.177 edge /healthz status=502 upstream=B rt_ms=391 bytes=11205
2026-03-14 03:14:56.982 edge /api/orders status=502 upstream=B rt_ms=183 bytes=14723
2026-03-14 03:14:58.446 edge /api/orders status=200 upstream=B rt_ms=310 bytes=39395
2026-03-14 03:14:59.649 edge /static/style.css status=200 upstream=B rt_ms=18 bytes=23835
2026-03-14 03:14:59.925 edge /static/style.css status=200 upstream=B rt_ms=279 bytes=22090
2026-03-14 03:15:00.729 edge / status=502 upstream=B rt_ms=387 bytes=248
2026-03-14 03:15:01.996 edge /api/orders status=200 upstream=B rt_ms=333 bytes=10091
2026-03-14 03:15:02.487 edge /healthz status=200 upstream=B rt_ms=278 bytes=4270
2026-03-14 03:15:02.703 edge /api/events status=502 upstream=B rt_ms=340 bytes=34824
2026-03-14 03:15:04.400 edge /api/orders status=502 upstream=B rt_ms=23 bytes=1533
2026-03-14 03:15:04.405 edge /api/events status=200 upstream=B rt_ms=121 bytes=16438
2026-03-14 03:15:06.483 edge / status=404 upstream=B rt_ms=221 bytes=40393
2026-03-14 03:15:06.541 edge /healthz status=200 upstream=B rt_ms=322 bytes=24530
2026-03-14 03:15:06.671 edge / status=200 upstream=B rt_ms=192 bytes=34240
2026-03-14 03:15:06.920 edge / status=404 upstream=B rt_ms=188 bytes=28169
2026-03-14 03:15:07.053 edge /healthz status=200 upstream=B rt_ms=318 bytes=28000
2026-03-14 03:15:11.777 edge /healthz status=502 upstream=B rt_ms=81 bytes=16776
2026-03-14 03:15:14.620 edge /api/orders status=500 upstream=B rt_ms=125 bytes=13528
2026-03-14 03:15:19.153 edge /static/style.css status=500 upstream=B rt_ms=313 bytes=41524
2026-03-14 03:15:19.544 edge /static/style.css status=200 upstream=B rt_ms=53 bytes=38710
2026-03-14 03:15:20.099 edge /api/events status=502 upstream=B rt_ms=3 bytes=32825
2026-03-14 03:15:20.158 edge / status=502 upstream=B rt_ms=277 bytes=14952
2026-03-14 03:15:21.602 edge /healthz status=404 upstream=B rt_ms=133 bytes=16856
2026-03-14 03:15:21.904 edge / status=502 upstream=B rt_ms=195 bytes=14166
2026-03-14 03:15:22.004 edge /static/style.css status=200 upstream=B rt_ms=218 bytes=22467
2026-03-14 03:15:25.940 edge /api/events status=500 upstream=B rt_ms=130 bytes=19134
2026-03-14 03:15:25.971 edge /static/style.css status=404 upstream=B rt_ms=371 bytes=33236
2026-03-14 03:15:26.666 edge /healthz status=200 upstream=B rt_ms=115 bytes=31073
2026-03-14 03:15:27.952 edge / status=200 upstream=B rt_ms=212 bytes=40308
2026-03-14 03:15:28.956 edge /static/style.css status=200 upstream=B rt_ms=108 bytes=18992
2026-03-14 03:15:30.341 edge /api/orders status=200 upstream=B rt_ms=389 bytes=29784
2026-03-14 03:15:30.548 edge /healthz status=500 upstream=B rt_ms=64 bytes=34011
2026-03-14 03:15:31.123 edge /static/style.css status=502 upstream=B rt_ms=309 bytes=41087
2026-03-14 03:15:31.123 edge /api/orders status=500 upstream=B rt_ms=125 bytes=3957
2026-03-14 03:15:31.904 edge /api/orders status=200 upstream=B rt_ms=396 bytes=24349
2026-03-14 03:15:32.778 edge /api/events status=200 upstream=B rt_ms=295 bytes=4501
2026-03-14 03:15:36.785 edge /static/style.css status=200 upstream=B rt_ms=346 bytes=19811
2026-03-14 03:15:37.648 edge /healthz status=502 upstream=B rt_ms=94 bytes=41013
2026-03-14 03:15:37.698 edge /static/style.css status=502 upstream=B rt_ms=275 bytes=7073
2026-03-14 03:15:38.150 edge /api/events status=200 upstream=B rt_ms=159 bytes=33197
2026-03-14 03:15:38.594 edge /healthz status=502 upstream=B rt_ms=158 bytes=1445
2026-03-14 03:15:39.594 edge /healthz status=200 upstream=B rt_ms=370 bytes=9881
2026-03-14 03:15:40.345 edge /static/style.css status=502 upstream=B rt_ms=174 bytes=15902
2026-03-14 03:15:41.275 edge /api/orders status=502 upstream=B rt_ms=31 bytes=25208
2026-03-14 03:15:42.007 edge /static/style.css status=200 upstream=B rt_ms=302 bytes=24335
2026-03-14 03:15:42.543 edge / status=200 upstream=B rt_ms=276 bytes=2083
2026-03-14 03:15:47.671 edge /static/style.css status=200 upstream=B rt_ms=202 bytes=32799
2026-03-14 03:15:48.977 edge /api/events status=502 upstream=B rt_ms=64 bytes=6738
2026-03-14 03:15:50.161 edge / status=200 upstream=B rt_ms=5 bytes=5143
2026-03-14 03:15:51.031 edge /static/style.css status=200 upstream=B rt_ms=300 bytes=8523
2026-03-14 03:15:51.193 edge /api/orders status=502 upstream=B rt_ms=248 bytes=14420
2026-03-14 03:15:52.945 edge /api/events status=200 upstream=B rt_ms=199 bytes=10001
2026-03-14 03:15:53.337 edge /api/events status=200 upstream=B rt_ms=3 bytes=1596
2026-03-14 03:15:53.502 edge /api/orders status=200 upstream=B rt_ms=170 bytes=21932
2026-03-14 03:15:55.004 edge /healthz status=200 upstream=B rt_ms=211 bytes=41743
2026-03-14 03:15:56.487 edge /healthz status=200 upstream=B rt_ms=326 bytes=33434
2026-03-14 03:15:56.550 edge /api/events status=404 upstream=B rt_ms=293 bytes=40158
2026-03-14 03:15:59.409 edge /api/orders status=502 upstream=B rt_ms=251 bytes=7028
2026-03-14 03:15:59.437 edge /api/events status=200 upstream=B rt_ms=380 bytes=36192
2026-03-14 03:15:59.477 edge / status=200 upstream=B rt_ms=169 bytes=33446
2026-03-14 03:15:59.948 edge /static/style.css status=200 upstream=B rt_ms=96 bytes=21842
2026-03-14 03:16:00.984 edge /static/style.css status=200 upstream=B rt_ms=5 bytes=22948
2026-03-14 03:16:03.856 edge /api/orders status=200 upstream=B rt_ms=343 bytes=19902
2026-03-14 03:16:04.494 edge / status=200 upstream=B rt_ms=206 bytes=12861
2026-03-14 03:16:05.511 edge /static/style.css status=200 upstream=B rt_ms=97 bytes=5261
2026-03-14 03:16:06.267 edge / status=502 upstream=B rt_ms=14 bytes=8983
2026-03-14 03:16:06.608 edge /api/orders status=200 upstream=B rt_ms=331 bytes=5574
2026-03-14 03:16:06.817 edge /static/style.css status=502 upstream=B rt_ms=82 bytes=22116
2026-03-14 03:16:08.224 edge /api/events status=502 upstream=B rt_ms=122 bytes=11322
2026-03-14 03:16:09.412 edge /api/orders status=502 upstream=B rt_ms=85 bytes=20836
2026-03-14 03:16:10.191 edge /api/events status=404 upstream=B rt_ms=288 bytes=24302
2026-03-14 03:16:10.496 edge / status=502 upstream=B rt_ms=275 bytes=7652
2026-03-14 03:16:12.185 edge /static/style.css status=200 upstream=B rt_ms=298 bytes=33455
2026-03-14 03:16:12.878 edge /api/events status=502 upstream=B rt_ms=147 bytes=11413
2026-03-14 03:16:14.276 edge /static/style.css status=502 upstream=B rt_ms=304 bytes=9088
2026-03-14 03:16:17.091 edge /api/events status=200 upstream=B rt_ms=284 bytes=4543
2026-03-14 03:16:18.135 edge / status=200 upstream=B rt_ms=336 bytes=18049
2026-03-14 03:16:18.520 edge /healthz status=502 upstream=B rt_ms=240 bytes=5511
2026-03-14 03:16:18.556 edge / status=200 upstream=B rt_ms=182 bytes=33857
2026-03-14 03:16:20.852 edge / status=502 upstream=B rt_ms=286 bytes=7335
2026-03-14 03:16:22.240 edge /static/style.css status=200 upstream=B rt_ms=171 bytes=10349
2026-03-14 03:16:23.652 edge /api/orders status=200 upstream=B rt_ms=264 bytes=5855
2026-03-14 03:16:24.402 edge /api/events status=502 upstream=B rt_ms=152 bytes=7182
2026-03-14 03:16:25.020 edge /healthz status=200 upstream=B rt_ms=197 bytes=14554
2026-03-14 03:16:25.298 edge /api/orders status=200 upstream=B rt_ms=123 bytes=22289
2026-03-14 03:16:25.845 edge /api/events status=200 upstream=B rt_ms=268 bytes=13124
2026-03-14 03:16:26.203 edge /healthz status=200 upstream=B rt_ms=27 bytes=11597
2026-03-14 03:16:26.669 edge / status=200 upstream=B rt_ms=143 bytes=34389
2026-03-14 03:16:26.769 edge /api/events status=200 upstream=B rt_ms=199 bytes=22199
2026-03-14 03:16:28.358 edge / status=502 upstream=B rt_ms=111 bytes=13807
2026-03-14 03:16:28.930 edge /healthz status=200 upstream=B rt_ms=243 bytes=29344
2026-03-14 03:16:32.953 edge / status=502 upstream=B rt_ms=196 bytes=18879
2026-03-14 03:16:35.218 edge /healthz status=502 upstream=B rt_ms=38 bytes=9321
2026-03-14 03:16:36.755 edge / status=502 upstream=B rt_ms=19 bytes=37340
2026-03-14 03:16:37.037 edge /api/orders status=200 upstream=B rt_ms=288 bytes=16134
2026-03-14 03:16:37.223 edge /api/events status=200 upstream=B rt_ms=204 bytes=22070
2026-03-14 03:16:37.492 edge /static/style.css status=404 upstream=B rt_ms=87 bytes=24038
2026-03-14 03:16:38.355 edge /static/style.css status=502 upstream=B rt_ms=333 bytes=32386
2026-03-14 03:16:38.525 edge /api/orders status=200 upstream=B rt_ms=268 bytes=13052
2026-03-14 03:16:38.740 edge /api/orders status=502 upstream=B rt_ms=387 bytes=13969
2026-03-14 03:16:39.046 edge /static/style.css status=404 upstream=B rt_ms=308 bytes=25630
2026-03-14 03:16:39.454 edge /api/orders status=200 upstream=B rt_ms=83 bytes=2242
2026-03-14 03:16:39.863 edge /static/style.css status=200 upstream=B rt_ms=200 bytes=34124
2026-03-14 03:16:40.236 edge /healthz status=502 upstream=B rt_ms=97 bytes=8890
2026-03-14 03:16:42.521 edge /api/orders status=200 upstream=B rt_ms=380 bytes=10167
2026-03-14 03:16:42.669 edge /static/style.css status=502 upstream=B rt_ms=379 bytes=23752
2026-03-14 03:16:43.179 edge /static/style.css status=200 upstream=B rt_ms=80 bytes=22041
2026-03-14 03:16:44.035 edge / status=200 upstream=B rt_ms=272 bytes=39632
2026-03-14 03:16:44.259 edge /static/style.css status=200 upstream=B rt_ms=134 bytes=24550
2026-03-14 03:16:44.368 edge /healthz status=502 upstream=B rt_ms=377 bytes=29664
2026-03-14 03:16:44.555 edge /healthz status=200 upstream=B rt_ms=132 bytes=4122
2026-03-14 03:16:45.969 edge /api/orders status=500 upstream=B rt_ms=293 bytes=26417
2026-03-14 03:16:49.936 edge /healthz status=200 upstream=B rt_ms=18 bytes=21198
2026-03-14 03:16:51.700 edge /api/events status=200 upstream=B rt_ms=346 bytes=13917
2026-03-14 03:16:52.335 edge /healthz status=200 upstream=B rt_ms=154 bytes=38801
2026-03-14 03:16:52.717 edge / status=502 upstream=B rt_ms=124 bytes=21115
2026-03-14 03:16:52.887 edge /static/style.css status=200 upstream=B rt_ms=265 bytes=40545
2026-03-14 03:16:54.040 edge /api/orders status=500 upstream=B rt_ms=243 bytes=32115
2026-03-14 03:16:54.371 edge /healthz status=200 upstream=B rt_ms=354 bytes=3808
2026-03-14 03:16:59.170 edge /api/orders status=200 upstream=B rt_ms=364 bytes=20947
2026-03-14 03:17:01.630 edge /api/orders status=502 upstream=B rt_ms=20 bytes=14582
2026-03-14 03:17:01.815 edge /healthz status=502 upstream=B rt_ms=113 bytes=41933
2026-03-14 03:17:02.582 edge /static/style.css status=200 upstream=B rt_ms=200 bytes=28264
2026-03-14 03:17:02.759 edge / status=502 upstream=B rt_ms=90 bytes=29783
2026-03-14 03:17:03.201 edge /healthz status=502 upstream=B rt_ms=223 bytes=37225
2026-03-14 03:17:03.797 edge / status=404 upstream=B rt_ms=399 bytes=6263
2026-03-14 03:17:03.994 edge / status=502 upstream=B rt_ms=193 bytes=10416
2026-03-14 03:17:04.475 edge /api/events status=502 upstream=B rt_ms=124 bytes=18853
2026-03-14 03:17:05.960 edge / status=502 upstream=B rt_ms=99 bytes=2236
2026-03-14 03:17:06.726 edge /healthz status=502 upstream=B rt_ms=193 bytes=1636
2026-03-14 03:17:07.363 edge /static/style.css status=502 upstream=B rt_ms=220 bytes=22989
2026-03-14 03:17:08.155 edge / status=200 upstream=B rt_ms=367 bytes=31196
2026-03-14 03:17:09.109 edge /static/style.css status=502 upstream=B rt_ms=212 bytes=8072
2026-03-14 03:17:09.478 edge /static/style.css status=200 upstream=B rt_ms=118 bytes=12387
2026-03-14 03:17:11.229 edge /static/style.css status=502 upstream=B rt_ms=291 bytes=2513
2026-03-14 03:17:11.544 edge /healthz status=502 upstream=B rt_ms=217 bytes=1123
2026-03-14 03:17:12.042 edge /healthz status=502 upstream=B rt_ms=32 bytes=21092
2026-03-14 03:17:12.359 edge /api/events status=502 upstream=B rt_ms=282 bytes=5008
2026-03-14 03:17:14.885 edge /healthz status=502 upstream=B rt_ms=55 bytes=27888
2026-03-14 03:17:15.050 edge /api/events status=200 upstream=B rt_ms=284 bytes=3640
2026-03-14 03:17:15.805 edge /healthz status=502 upstream=B rt_ms=359 bytes=3783
2026-03-14 03:17:15.819 edge /static/style.css status=404 upstream=B rt_ms=231 bytes=16081
2026-03-14 03:17:17.740 edge /api/events status=200 upstream=B rt_ms=247 bytes=1867
2026-03-14 03:17:18.362 edge /static/style.css status=502 upstream=B rt_ms=29 bytes=26623
2026-03-14 03:17:19.161 edge /static/style.css status=502 upstream=B rt_ms=231 bytes=29182
2026-03-14 03:17:19.306 edge / status=200 upstream=B rt_ms=14 bytes=2028
2026-03-14 03:17:19.579 edge /api/orders status=200 upstream=B rt_ms=366 bytes=38648
2026-03-14 03:17:20.236 edge /healthz status=502 upstream=B rt_ms=373 bytes=4699
2026-03-14 03:17:26.457 edge /api/events status=200 upstream=B rt_ms=60 bytes=2591
2026-03-14 03:17:27.680 edge /static/style.css status=200 upstream=B rt_ms=62 bytes=29210
2026-03-14 03:17:29.249 edge / status=200 upstream=B rt_ms=388 bytes=27695
2026-03-14 03:17:29.467 edge / status=502 upstream=B rt_ms=170 bytes=19447
2026-03-14 03:17:29.985 edge /api/events status=404 upstream=B rt_ms=395 bytes=41461
2026-03-14 03:17:30.029 edge /static/style.css status=200 upstream=B rt_ms=294 bytes=31412
2026-03-14 03:17:30.730 edge / status=502 upstream=B rt_ms=284 bytes=29197
2026-03-14 03:17:33.188 edge /healthz status=200 upstream=B rt_ms=311 bytes=39952
2026-03-14 03:17:34.078 edge /api/orders status=502 upstream=B rt_ms=383 bytes=19758
2026-03-14 03:17:34.227 edge / status=200 upstream=B rt_ms=176 bytes=17699
2026-03-14 03:17:34.986 edge /healthz status=200 upstream=B rt_ms=212 bytes=25630
2026-03-14 03:17:37.692 edge /api/events status=200 upstream=B rt_ms=122 bytes=36411
2026-03-14 03:17:38.046 edge / status=200 upstream=B rt_ms=237 bytes=7378
2026-03-14 03:17:38.198 edge /static/style.css status=200 upstream=B rt_ms=176 bytes=37650
2026-03-14 03:17:39.116 edge /api/events status=200 upstream=B rt_ms=225 bytes=24895
2026-03-14 03:17:42.343 edge /api/events status=502 upstream=B rt_ms=209 bytes=8123
2026-03-14 03:17:43.243 edge / status=200 upstream=B rt_ms=210 bytes=17830
2026-03-14 03:17:44.252 edge /static/style.css status=502 upstream=B rt_ms=274 bytes=8468
2026-03-14 03:17:45.593 edge / status=200 upstream=B rt_ms=98 bytes=11894
2026-03-14 03:17:46.428 edge / status=502 upstream=B rt_ms=134 bytes=37748
2026-03-14 03:17:46.964 edge /healthz status=500 upstream=B rt_ms=332 bytes=22021
2026-03-14 03:17:47.063 edge /static/style.css status=500 upstream=B rt_ms=234 bytes=36339
2026-03-14 03:17:49.004 edge /healthz status=200 upstream=B rt_ms=304 bytes=41506
2026-03-14 03:17:50.246 edge / status=200 upstream=B rt_ms=148 bytes=35940
2026-03-14 03:17:50.422 edge /healthz status=200 upstream=B rt_ms=134 bytes=37484
2026-03-14 03:17:50.529 edge /api/orders status=502 upstream=B rt_ms=103 bytes=8454
2026-03-14 03:17:51.912 edge / status=200 upstream=B rt_ms=2 bytes=25241
2026-03-14 03:17:52.430 edge /api/events status=502 upstream=B rt_ms=93 bytes=5774
2026-03-14 03:17:53.505 edge /static/style.css status=200 upstream=B rt_ms=196 bytes=23764
2026-03-14 03:17:54.871 edge / status=502 upstream=B rt_ms=395 bytes=8989
2026-03-14 03:17:56.235 edge /static/style.css status=502 upstream=B rt_ms=397 bytes=9409
2026-03-14 03:17:58.347 edge / status=502 upstream=B rt_ms=104 bytes=40070
2026-03-14 03:17:59.727 edge /api/events status=200 upstream=B rt_ms=189 bytes=37732
2026-03-14 03:18:01.194 edge / status=200 upstream=B rt_ms=107 bytes=32426
2026-03-14 03:18:01.788 edge / status=200 upstream=B rt_ms=246 bytes=2781
2026-03-14 03:18:01.927 edge /api/events status=502 upstream=B rt_ms=217 bytes=17876
2026-03-14 03:18:04.384 edge / status=200 upstream=B rt_ms=119 bytes=33441
2026-03-14 03:18:06.539 edge /static/style.css status=200 upstream=B rt_ms=344 bytes=30969
2026-03-14 03:18:07.853 edge / status=502 upstream=B rt_ms=132 bytes=37070
2026-03-14 03:18:08.821 edge /healthz status=502 upstream=B rt_ms=64 bytes=18979
2026-03-14 03:18:08.837 edge /static/style.css status=200 upstream=B rt_ms=83 bytes=16118
2026-03-14 03:18:11.447 edge /api/events status=502 upstream=B rt_ms=367 bytes=40660
2026-03-14 03:18:12.843 edge / status=200 upstream=B rt_ms=9 bytes=4678
2026-03-14 03:18:12.866 edge /api/events status=200 upstream=B rt_ms=255 bytes=33889
2026-03-14 03:18:13.212 edge / status=200 upstream=B rt_ms=125 bytes=8166
2026-03-14 03:18:13.372 edge /healthz status=200 upstream=B rt_ms=260 bytes=19158
2026-03-14 03:18:14.309 edge /static/style.css status=200 upstream=B rt_ms=35 bytes=9252
2026-03-14 03:18:15.690 edge /api/events status=200 upstream=B rt_ms=241 bytes=35945
2026-03-14 03:18:15.706 edge /static/style.css status=200 upstream=B rt_ms=87 bytes=10456
2026-03-14 03:18:18.243 edge /healthz status=200 upstream=B rt_ms=221 bytes=2620
2026-03-14 03:18:18.650 edge /api/orders status=200 upstream=B rt_ms=351 bytes=7666
2026-03-14 03:18:19.151 edge /healthz status=502 upstream=B rt_ms=27 bytes=30430
2026-03-14 03:18:20.232 edge / status=502 upstream=B rt_ms=268 bytes=32013
2026-03-14 03:18:28.721 edge /healthz status=200 upstream=B rt_ms=244 bytes=41266
2026-03-14 03:18:29.642 edge /api/events status=200 upstream=B rt_ms=225 bytes=28377
2026-03-14 03:18:31.814 edge /static/style.css status=502 upstream=B rt_ms=47 bytes=26432
2026-03-14 03:18:32.140 edge / status=200 upstream=B rt_ms=214 bytes=32685
2026-03-14 03:18:32.219 edge / status=200 upstream=B rt_ms=55 bytes=10111
2026-03-14 03:18:35.136 edge / status=200 upstream=B rt_ms=104 bytes=8448
2026-03-14 03:18:36.665 edge /static/style.css status=200 upstream=B rt_ms=146 bytes=6524
2026-03-14 03:18:37.667 edge /api/events status=502 upstream=B rt_ms=393 bytes=2094
2026-03-14 03:18:37.913 edge /api/orders status=502 upstream=B rt_ms=298 bytes=23682
2026-03-14 03:18:38.682 edge /healthz status=502 upstream=B rt_ms=3 bytes=1758
2026-03-14 03:18:39.786 edge /static/style.css status=502 upstream=B rt_ms=300 bytes=16261
2026-03-14 03:18:41.307 edge / status=200 upstream=B rt_ms=396 bytes=17091
2026-03-14 03:18:41.420 edge /static/style.css status=500 upstream=B rt_ms=173 bytes=4439
2026-03-14 03:18:44.140 edge /static/style.css status=502 upstream=B rt_ms=145 bytes=471
2026-03-14 03:18:44.171 edge /api/events status=200 upstream=B rt_ms=247 bytes=19051
2026-03-14 03:18:45.024 edge /api/events status=200 upstream=B rt_ms=275 bytes=23593
2026-03-14 03:18:45.489 edge /healthz status=200 upstream=B rt_ms=391 bytes=1700
2026-03-14 03:18:47.160 edge /api/events status=500 upstream=B rt_ms=246 bytes=29382
2026-03-14 03:18:48.177 edge /api/orders status=500 upstream=B rt_ms=310 bytes=30316
2026-03-14 03:18:48.549 edge /api/events status=502 upstream=B rt_ms=127 bytes=5199
2026-03-14 03:18:49.737 edge /api/orders status=200 upstream=B rt_ms=18 bytes=38539
2026-03-14 03:18:50.310 edge /healthz status=502 upstream=B rt_ms=278 bytes=40604
2026-03-14 03:18:50.442 edge /healthz status=200 upstream=B rt_ms=146 bytes=29101
2026-03-14 03:18:52.626 edge /static/style.css status=200 upstream=B rt_ms=94 bytes=14415
2026-03-14 03:18:53.074 edge /api/orders status=502 upstream=B rt_ms=168 bytes=11122
2026-03-14 03:18:57.564 edge /api/events status=200 upstream=B rt_ms=86 bytes=25266
2026-03-14 03:18:57.770 edge /api/orders status=200 upstream=B rt_ms=259 bytes=4650
2026-03-14 03:19:00.381 edge /api/events status=200 upstream=B rt_ms=26 bytes=17533
2026-03-14 03:19:01.151 edge /healthz status=502 upstream=B rt_ms=312 bytes=2991
2026-03-14 03:19:01.896 edge /api/events status=200 upstream=B rt_ms=245 bytes=31875
2026-03-14 03:19:02.022 edge / status=502 upstream=B rt_ms=386 bytes=12545
2026-03-14 03:19:03.839 edge /static/style.css status=200 upstream=B rt_ms=364 bytes=21815
2026-03-14 03:19:03.976 edge /static/style.css status=502 upstream=B rt_ms=332 bytes=33924
2026-03-14 03:19:04.356 edge /api/orders status=502 upstream=B rt_ms=23 bytes=38911
2026-03-14 03:19:05.105 edge /api/events status=200 upstream=B rt_ms=170 bytes=26995
2026-03-14 03:19:06.175 edge /static/style.css status=200 upstream=B rt_ms=394 bytes=19325
2026-03-14 03:19:06.670 edge /healthz status=502 upstream=B rt_ms=278 bytes=24120
2026-03-14 03:19:07.021 edge / status=502 upstream=B rt_ms=86 bytes=38973
2026-03-14 03:19:07.631 edge /api/orders status=200 upstream=B rt_ms=394 bytes=5719
2026-03-14 03:19:07.752 edge /static/style.css status=502 upstream=B rt_ms=306 bytes=15350
2026-03-14 03:19:07.776 edge /static/style.css status=200 upstream=B rt_ms=209 bytes=31727
2026-03-14 03:19:09.389 edge /api/events status=502 upstream=B rt_ms=82 bytes=3914
2026-03-14 03:19:10.747 edge /api/orders status=502 upstream=B rt_ms=116 bytes=536
2026-03-14 03:19:10.791 edge / status=404 upstream=B rt_ms=323 bytes=2634
2026-03-14 03:19:11.030 edge /api/events status=502 upstream=B rt_ms=150 bytes=12535
2026-03-14 03:19:11.068 edge /healthz status=200 upstream=B rt_ms=281 bytes=2098
2026-03-14 03:19:11.484 edge /api/events status=404 upstream=B rt_ms=370 bytes=16702
2026-03-14 03:19:12.927 edge /api/events status=502 upstream=B rt_ms=338 bytes=11577
2026-03-14 03:19:12.972 edge /healthz status=200 upstream=B rt_ms=233 bytes=37921
2026-03-14 03:19:16.532 edge /api/orders status=200 upstream=B rt_ms=388 bytes=969
2026-03-14 03:19:17.218 edge /api/orders status=502 upstream=B rt_ms=37 bytes=28191
2026-03-14 03:19:18.928 edge /healthz status=200 upstream=B rt_ms=205 bytes=5587
2026-03-14 03:19:19.379 edge /static/style.css status=500 upstream=B rt_ms=287 bytes=19117
2026-03-14 03:19:21.263 edge /healthz status=200 upstream=B rt_ms=189 bytes=35064
2026-03-14 03:19:22.398 edge /static/style.css status=502 upstream=B rt_ms=33 bytes=14472
2026-03-14 03:19:22.402 edge /api/events status=200 upstream=B rt_ms=335 bytes=13998
2026-03-14 03:19:22.905 edge /healthz status=502 upstream=B rt_ms=357 bytes=36046
2026-03-14 03:19:23.050 edge /api/events status=502 upstream=B rt_ms=29 bytes=9777
2026-03-14 03:19:23.127 edge /healthz status=502 upstream=B rt_ms=264 bytes=30292
2026-03-14 03:19:27.558 edge / status=404 upstream=B rt_ms=246 bytes=33596
2026-03-14 03:19:27.851 edge /api/events status=200 upstream=B rt_ms=85 bytes=13157
2026-03-14 03:19:28.613 edge /api/events status=502 upstream=B rt_ms=277 bytes=9706
2026-03-14 03:19:31.517 edge / status=200 upstream=B rt_ms=221 bytes=23125
2026-03-14 03:19:32.985 edge /static/style.css status=200 upstream=B rt_ms=234 bytes=8836
2026-03-14 03:19:33.356 edge /api/orders status=502 upstream=B rt_ms=327 bytes=21307
2026-03-14 03:19:34.762 edge /api/orders status=200 upstream=B rt_ms=331 bytes=16065
2026-03-14 03:19:35.495 edge /healthz status=200 upstream=B rt_ms=20 bytes=22543
2026-03-14 03:19:35.691 edge /healthz status=200 upstream=B rt_ms=288 bytes=26363
2026-03-14 03:19:35.862 edge /healthz status=200 upstream=B rt_ms=252 bytes=26838
2026-03-14 03:19:36.169 edge / status=200 upstream=B rt_ms=50 bytes=30903
2026-03-14 03:19:36.327 edge /healthz status=502 upstream=B rt_ms=305 bytes=11983
2026-03-14 03:19:39.091 edge /api/orders status=200 upstream=B rt_ms=237 bytes=6971
2026-03-14 03:19:39.246 edge / status=200 upstream=B rt_ms=238 bytes=34251
2026-03-14 03:19:40.720 edge /static/style.css status=404 upstream=B rt_ms=292 bytes=1482
2026-03-14 03:19:41.107 edge / status=200 upstream=B rt_ms=27 bytes=13231
2026-03-14 03:19:41.821 edge /static/style.css status=500 upstream=B rt_ms=302 bytes=30537
2026-03-14 03:19:41.894 edge / status=200 upstream=B rt_ms=315 bytes=28686
2026-03-14 03:19:43.892 edge /static/style.css status=500 upstream=B rt_ms=133 bytes=18336
2026-03-14 03:19:43.989 edge /api/orders status=502 upstream=B rt_ms=108 bytes=40117
2026-03-14 03:19:44.655 edge /api/orders status=200 upstream=B rt_ms=208 bytes=6626
2026-03-14 03:19:45.557 edge /api/orders status=200 upstream=B rt_ms=231 bytes=8362
2026-03-14 03:19:47.697 edge / status=200 upstream=B rt_ms=263 bytes=7178
2026-03-14 03:19:49.814 edge /static/style.css status=200 upstream=B rt_ms=27 bytes=2007
2026-03-14 03:19:51.447 edge /api/events status=200 upstream=B rt_ms=56 bytes=23559
2026-03-14 03:19:51.860 edge /api/orders status=200 upstream=B rt_ms=264 bytes=34463
2026-03-14 03:19:53.997 edge /static/style.css status=502 upstream=B rt_ms=154 bytes=10198
2026-03-14 03:19:54.650 edge /healthz status=502 upstream=B rt_ms=126 bytes=35881
2026-03-14 03:19:55.377 edge /api/orders status=404 upstream=B rt_ms=140 bytes=7160
2026-03-14 03:19:55.865 edge / status=200 upstream=B rt_ms=177 bytes=36469
2026-03-14 03:19:56.589 edge /healthz status=200 upstream=B rt_ms=313 bytes=12929
2026-03-14 03:19:56.639 edge /healthz status=502 upstream=B rt_ms=78 bytes=10683
2026-03-14 03:19:57.517 edge /static/style.css status=502 upstream=B rt_ms=132 bytes=18935
2026-03-14 03:19:59.781 edge /api/orders status=502 upstream=B rt_ms=232 bytes=30147
2026-03-14 03:20:00.811 edge / status=200 upstream=B rt_ms=381 bytes=658
2026-03-14 03:20:02.204 edge /static/style.css status=200 upstream=B rt_ms=347 bytes=23665
2026-03-14 03:20:02.382 edge /healthz status=502 upstream=B rt_ms=141 bytes=41289
2026-03-14 03:20:02.385 edge /api/orders status=200 upstream=B rt_ms=172 bytes=7448
2026-03-14 03:20:02.802 edge /static/style.css status=500 upstream=B rt_ms=161 bytes=19491
2026-03-14 03:20:03.218 edge /healthz status=502 upstream=B rt_ms=123 bytes=37083
2026-03-14 03:20:03.528 edge / status=200 upstream=B rt_ms=166 bytes=10833
2026-03-14 03:20:04.575 edge / status=502 upstream=B rt_ms=220 bytes=19165
2026-03-14 03:20:07.393 edge /api/events status=502 upstream=B rt_ms=151 bytes=18497
2026-03-14 03:20:08.068 edge /static/style.css status=502 upstream=B rt_ms=90 bytes=30392
2026-03-14 03:20:08.470 edge /healthz status=502 upstream=B rt_ms=187 bytes=39366
2026-03-14 03:20:09.153 edge /static/style.css status=502 upstream=B rt_ms=380 bytes=35737
2026-03-14 03:20:10.596 edge /healthz status=200 upstream=B rt_ms=119 bytes=41956
2026-03-14 03:20:13.170 edge /healthz status=200 upstream=B rt_ms=331 bytes=25384
2026-03-14 03:20:13.805 edge / status=200 upstream=B rt_ms=321 bytes=13913
2026-03-14 03:20:14.199 edge / status=502 upstream=B rt_ms=173 bytes=20902
2026-03-14 03:20:14.236 edge /static/style.css status=502 upstream=B rt_ms=119 bytes=12188
2026-03-14 03:20:14.670 edge /healthz status=502 upstream=B rt_ms=235 bytes=22585
2026-03-14 03:20:14.735 edge /healthz status=200 upstream=B rt_ms=392 bytes=32955
2026-03-14 03:20:15.286 edge /static/style.css status=200 upstream=B rt_ms=172 bytes=29120
2026-03-14 03:20:15.461 edge / status=200 upstream=B rt_ms=155 bytes=11302
2026-03-14 03:20:15.706 edge / status=200 upstream=B rt_ms=134 bytes=28568
2026-03-14 03:20:18.389 edge /static/style.css status=200 upstream=B rt_ms=54 bytes=14304
2026-03-14 03:20:20.456 edge /api/orders status=200 upstream=B rt_ms=377 bytes=27137
2026-03-14 03:20:21.678 edge /static/style.css status=200 upstream=B rt_ms=81 bytes=15601
2026-03-14 03:20:22.562 edge / status=502 upstream=B rt_ms=119 bytes=650
2026-03-14 03:20:28.971 edge /static/style.css status=404 upstream=B rt_ms=255 bytes=22758
2026-03-14 03:20:30.385 edge /api/events status=200 upstream=B rt_ms=336 bytes=31695
2026-03-14 03:20:32.092 edge /api/events status=502 upstream=B rt_ms=270 bytes=35666
2026-03-14 03:20:32.263 edge /api/events status=500 upstream=B rt_ms=297 bytes=12791
2026-03-14 03:20:32.343 edge /healthz status=200 upstream=B rt_ms=367 bytes=5671
2026-03-14 03:20:34.784 edge /api/orders status=200 upstream=B rt_ms=28 bytes=23818
2026-03-14 03:20:35.175 edge /api/events status=500 upstream=B rt_ms=195 bytes=312
2026-03-14 03:20:35.509 edge /static/style.css status=502 upstream=B rt_ms=191 bytes=37115
2026-03-14 03:20:36.927 edge /api/events status=200 upstream=B rt_ms=317 bytes=11058
2026-03-14 03:20:37.558 edge / status=500 upstream=B rt_ms=249 bytes=41833
2026-03-14 03:20:37.592 edge /api/orders status=502 upstream=B rt_ms=349 bytes=25777
2026-03-14 03:20:38.982 edge /api/events status=502 upstream=B rt_ms=185 bytes=3330
2026-03-14 03:20:39.341 edge /api/orders status=200 upstream=B rt_ms=143 bytes=24722
2026-03-14 03:20:41.301 edge /static/style.css status=200 upstream=B rt_ms=194 bytes=6411
2026-03-14 03:20:41.608 edge /healthz status=200 upstream=B rt_ms=323 bytes=24402
2026-03-14 03:20:42.071 edge /static/style.css status=200 upstream=B rt_ms=289 bytes=3632
2026-03-14 03:20:42.999 edge /healthz status=200 upstream=B rt_ms=120 bytes=35478
2026-03-14 03:20:43.213 edge / status=200 upstream=B rt_ms=229 bytes=7771
2026-03-14 03:20:43.217 edge /healthz status=502 upstream=B rt_ms=269 bytes=38872
2026-03-14 03:20:43.252 edge /static/style.css status=200 upstream=B rt_ms=256 bytes=25877
2026-03-14 03:20:43.650 edge /api/orders status=200 upstream=B rt_ms=209 bytes=21996
2026-03-14 03:20:45.852 edge /api/orders status=502 upstream=B rt_ms=259 bytes=11646
2026-03-14 03:20:50.081 edge /api/events status=200 upstream=B rt_ms=297 bytes=35970
2026-03-14 03:20:50.663 edge / status=200 upstream=B rt_ms=332 bytes=21303
2026-03-14 03:20:50.732 edge /healthz status=200 upstream=B rt_ms=331 bytes=9852
2026-03-14 03:20:51.108 edge /api/events status=502 upstream=B rt_ms=291 bytes=12509
2026-03-14 03:20:52.585 edge /static/style.css status=200 upstream=B rt_ms=142 bytes=13156
2026-03-14 03:20:53.671 edge / status=200 upstream=B rt_ms=270 bytes=13652
2026-03-14 03:20:53.920 edge /api/orders status=200 upstream=B rt_ms=145 bytes=26044
2026-03-14 03:20:55.016 edge /api/orders status=200 upstream=B rt_ms=221 bytes=6174
2026-03-14 03:20:55.774 edge /static/style.css status=200 upstream=B rt_ms=383 bytes=23317
2026-03-14 03:20:57.077 edge /healthz status=502 upstream=B rt_ms=203 bytes=6958
2026-03-14 03:20:57.587 edge /api/orders status=200 upstream=B rt_ms=5 bytes=40419
2026-03-14 03:20:58.827 edge /static/style.css status=200 upstream=B rt_ms=112 bytes=19607
2026-03-14 03:21:01.065 edge /healthz status=200 upstream=B rt_ms=142 bytes=41755
2026-03-14 03:21:01.203 edge /static/style.css status=502 upstream=B rt_ms=314 bytes=17637
2026-03-14 03:21:01.367 edge /static/style.css status=404 upstream=B rt_ms=332 bytes=7914
2026-03-14 03:21:01.369 edge / status=404 upstream=B rt_ms=90 bytes=10290
2026-03-14 03:21:01.851 edge / status=200 upstream=B rt_ms=197 bytes=13495
2026-03-14 03:21:02.272 edge /api/orders status=200 upstream=B rt_ms=98 bytes=2020
2026-03-14 03:21:03.349 edge /api/events status=500 upstream=B rt_ms=221 bytes=40945
2026-03-14 03:21:04.545 edge /static/style.css status=200 upstream=B rt_ms=27 bytes=9177
2026-03-14 03:21:04.997 edge / status=200 upstream=B rt_ms=332 bytes=11402
2026-03-14 03:21:06.104 edge /static/style.css status=502 upstream=B rt_ms=18 bytes=35450
2026-03-14 03:21:06.496 edge /static/style.css status=200 upstream=B rt_ms=35 bytes=27729
2026-03-14 03:21:07.758 edge /api/orders status=200 upstream=B rt_ms=202 bytes=9683
2026-03-14 03:21:08.387 edge /api/events status=200 upstream=B rt_ms=322 bytes=15863
2026-03-14 03:21:08.653 edge /api/orders status=200 upstream=B rt_ms=354 bytes=34197
2026-03-14 03:21:09.997 edge /api/orders status=200 upstream=B rt_ms=343 bytes=7934
2026-03-14 03:21:12.028 edge / status=200 upstream=B rt_ms=163 bytes=20305
2026-03-14 03:21:12.266 edge /api/events status=404 upstream=B rt_ms=285 bytes=28711
2026-03-14 03:21:13.793 edge /healthz status=200 upstream=B rt_ms=154 bytes=39300
2026-03-14 03:21:14.408 edge /healthz status=200 upstream=B rt_ms=68 bytes=3893
2026-03-14 03:21:15.064 edge / status=502 upstream=B rt_ms=38 bytes=30752
2026-03-14 03:21:15.389 edge /static/style.css status=200 upstream=B rt_ms=94 bytes=26844
2026-03-14 03:21:16.513 edge /healthz status=200 upstream=B rt_ms=148 bytes=37327
2026-03-14 03:21:18.970 edge /api/orders status=502 upstream=B rt_ms=64 bytes=8919
2026-03-14 03:21:19.283 edge /static/style.css status=200 upstream=B rt_ms=265 bytes=29430
2026-03-14 03:21:20.179 edge /api/orders status=200 upstream=B rt_ms=229 bytes=13107
2026-03-14 03:21:21.709 edge /api/orders status=200 upstream=B rt_ms=339 bytes=38963
2026-03-14 03:21:22.539 edge / status=502 upstream=B rt_ms=276 bytes=3904
2026-03-14 03:21:25.468 edge /static/style.css status=200 upstream=B rt_ms=297 bytes=13031
2026-03-14 03:21:25.618 edge /healthz status=502 upstream=B rt_ms=20 bytes=30286
2026-03-14 03:21:27.341 edge /api/orders status=200 upstream=B rt_ms=386 bytes=7121
2026-03-14 03:21:27.427 edge /healthz status=200 upstream=B rt_ms=19 bytes=3105
2026-03-14 03:21:27.604 edge /api/events status=200 upstream=B rt_ms=120 bytes=18654
2026-03-14 03:21:28.524 edge / status=200 upstream=B rt_ms=263 bytes=4622
2026-03-14 03:21:30.059 edge /static/style.css status=200 upstream=B rt_ms=213 bytes=6628
2026-03-14 03:21:35.061 edge /healthz status=200 upstream=B rt_ms=211 bytes=4374
2026-03-14 03:21:36.824 edge /static/style.css status=200 upstream=B rt_ms=253 bytes=5107
2026-03-14 03:21:37.382 edge /api/events status=200 upstream=B rt_ms=289 bytes=3340
2026-03-14 03:21:37.748 edge /api/orders status=200 upstream=B rt_ms=29 bytes=10212
2026-03-14 03:21:40.666 edge /healthz status=502 upstream=B rt_ms=49 bytes=7298
2026-03-14 03:21:40.845 edge / status=502 upstream=B rt_ms=100 bytes=3542
2026-03-14 03:21:41.528 edge /healthz status=200 upstream=B rt_ms=93 bytes=4137
2026-03-14 03:21:42.837 edge /api/orders status=200 upstream=B rt_ms=206 bytes=34083
2026-03-14 03:21:43.515 edge / status=200 upstream=B rt_ms=329 bytes=200
2026-03-14 03:21:45.224 edge /static/style.css status=502 upstream=B rt_ms=378 bytes=29180
2026-03-14 03:21:49.862 edge /api/orders status=200 upstream=B rt_ms=233 bytes=32529
2026-03-14 03:21:51.365 edge /api/orders status=200 upstream=B rt_ms=165 bytes=12883
2026-03-14 03:21:52.329 edge /static/style.css status=502 upstream=B rt_ms=31 bytes=10880
2026-03-14 03:21:52.573 edge /api/events status=200 upstream=B rt_ms=105 bytes=32125
2026-03-14 03:21:52.949 edge /api/orders status=502 upstream=B rt_ms=241 bytes=12505
2026-03-14 03:21:55.011 edge / status=502 upstream=B rt_ms=57 bytes=38211
2026-03-14 03:21:55.427 edge /static/style.css status=200 upstream=B rt_ms=127 bytes=24783
2026-03-14 03:21:57.090 edge /static/style.css status=200 upstream=B rt_ms=81 bytes=17983
2026-03-14 03:21:57.221 edge /healthz status=404 upstream=B rt_ms=284 bytes=14714
2026-03-14 03:21:58.005 edge / status=200 upstream=B rt_ms=155 bytes=15177
2026-03-14 03:21:58.420 edge / status=502 upstream=B rt_ms=170 bytes=33894
2026-03-14 03:22:00.705 edge /api/orders status=200 upstream=B rt_ms=383 bytes=36653
2026-03-14 03:22:02.307 edge /healthz status=404 upstream=B rt_ms=69 bytes=2708
2026-03-14 03:22:03.517 edge /api/orders status=200 upstream=B rt_ms=398 bytes=10799
2026-03-14 03:22:03.747 edge / status=502 upstream=B rt_ms=190 bytes=41487
2026-03-14 03:22:04.410 edge /healthz status=200 upstream=B rt_ms=22 bytes=39735
2026-03-14 03:22:07.365 edge /static/style.css status=502 upstream=B rt_ms=200 bytes=21508
2026-03-14 03:22:07.474 edge /api/orders status=502 upstream=B rt_ms=341 bytes=10762
2026-03-14 03:22:10.233 edge / status=500 upstream=B rt_ms=59 bytes=19472
2026-03-14 03:22:11.073 edge /healthz status=500 upstream=B rt_ms=344 bytes=3962
2026-03-14 03:22:13.726 edge /api/orders status=200 upstream=B rt_ms=159 bytes=7691
2026-03-14 03:22:16.963 edge / status=502 upstream=B rt_ms=144 bytes=36494
2026-03-14 03:22:17.442 edge /static/style.css status=200 upstream=B rt_ms=182 bytes=38352
2026-03-14 03:22:17.478 edge /api/events status=200 upstream=B rt_ms=364 bytes=19591
2026-03-14 03:22:18.333 edge /static/style.css status=404 upstream=B rt_ms=306 bytes=35517
2026-03-14 03:22:18.569 edge /static/style.css status=200 upstream=B rt_ms=212 bytes=7455
2026-03-14 03:22:19.314 edge /static/style.css status=200 upstream=B rt_ms=325 bytes=30365
2026-03-14 03:22:19.685 edge /api/events status=200 upstream=B rt_ms=381 bytes=27113
2026-03-14 03:22:23.404 edge /api/orders status=404 upstream=B rt_ms=199 bytes=26483
2026-03-14 03:22:23.843 edge /healthz status=200 upstream=B rt_ms=80 bytes=13505
2026-03-14 03:22:24.350 edge /api/orders status=404 upstream=B rt_ms=292 bytes=18652
2026-03-14 03:22:24.463 edge / status=200 upstream=B rt_ms=300 bytes=2747
2026-03-14 03:22:25.119 edge /api/events status=502 upstream=B rt_ms=342 bytes=32929
2026-03-14 03:22:25.353 edge / status=502 upstream=B rt_ms=242 bytes=34612
2026-03-14 03:22:25.438 edge /healthz status=502 upstream=B rt_ms=295 bytes=37537
2026-03-14 03:22:25.444 edge /api/events status=502 upstream=B rt_ms=275 bytes=8903
2026-03-14 03:22:26.827 edge /api/events status=502 upstream=B rt_ms=66 bytes=29275
2026-03-14 03:22:27.150 edge /healthz status=200 upstream=B rt_ms=399 bytes=2127
2026-03-14 03:22:30.491 edge /healthz status=200 upstream=B rt_ms=196 bytes=13193
2026-03-14 03:22:30.494 edge /static/style.css status=500 upstream=B rt_ms=247 bytes=7753
2026-03-14 03:22:31.334 edge /static/style.css status=502 upstream=B rt_ms=77 bytes=36009
2026-03-14 03:22:32.241 edge /static/style.css status=200 upstream=B rt_ms=297 bytes=40254
2026-03-14 03:22:32.501 edge /healthz status=200 upstream=B rt_ms=107 bytes=12059
2026-03-14 03:22:34.081 edge / status=200 upstream=B rt_ms=112 bytes=30039
2026-03-14 03:22:35.553 edge /healthz status=500 upstream=B rt_ms=164 bytes=7106
2026-03-14 03:22:35.716 edge /static/style.css status=200 upstream=B rt_ms=216 bytes=6855
2026-03-14 03:22:37.141 edge / status=404 upstream=B rt_ms=159 bytes=19651
2026-03-14 03:22:38.278 edge /healthz status=200 upstream=B rt_ms=335 bytes=5807
2026-03-14 03:22:38.673 edge /healthz status=502 upstream=B rt_ms=146 bytes=4825
2026-03-14 03:22:39.009 edge /api/orders status=200 upstream=B rt_ms=143 bytes=34348
2026-03-14 03:22:39.340 edge / status=200 upstream=B rt_ms=156 bytes=26229
2026-03-14 03:22:41.101 edge /healthz status=200 upstream=B rt_ms=253 bytes=36231
2026-03-14 03:22:42.410 edge / status=200 upstream=B rt_ms=96 bytes=19689
2026-03-14 03:22:43.065 edge /api/events status=404 upstream=B rt_ms=253 bytes=17324
2026-03-14 03:22:43.153 edge /api/orders status=502 upstream=B rt_ms=335 bytes=36084
2026-03-14 03:22:45.146 edge / status=502 upstream=B rt_ms=298 bytes=23560
2026-03-14 03:22:46.385 edge /static/style.css status=200 upstream=B rt_ms=104 bytes=17249
2026-03-14 03:22:46.733 edge /healthz status=502 upstream=B rt_ms=165 bytes=41191
2026-03-14 03:22:48.396 edge /api/orders status=502 upstream=B rt_ms=180 bytes=26179
2026-03-14 03:22:50.573 edge /api/orders status=500 upstream=B rt_ms=36 bytes=39448
2026-03-14 03:22:50.797 edge /healthz status=200 upstream=B rt_ms=324 bytes=35631
2026-03-14 03:22:50.903 edge /static/style.css status=200 upstream=B rt_ms=140 bytes=228
2026-03-14 03:22:51.190 edge /api/orders status=502 upstream=B rt_ms=166 bytes=41133
2026-03-14 03:22:51.358 edge / status=404 upstream=B rt_ms=265 bytes=8304
2026-03-14 03:22:54.051 edge /api/events status=502 upstream=B rt_ms=239 bytes=38776
2026-03-14 03:22:55.615 edge /api/events status=502 upstream=B rt_ms=85 bytes=19960
2026-03-14 03:22:56.069 edge /healthz status=200 upstream=B rt_ms=376 bytes=10115
2026-03-14 03:22:57.420 edge /healthz status=500 upstream=B rt_ms=185 bytes=13850
2026-03-14 03:22:59.075 edge / status=200 upstream=B rt_ms=300 bytes=34259
2026-03-14 03:23:02.623 edge /api/events status=502 upstream=B rt_ms=332 bytes=30584
2026-03-14 03:23:07.082 edge /api/orders status=502 upstream=B rt_ms=61 bytes=14880
2026-03-14 03:23:08.381 edge /healthz status=200 upstream=B rt_ms=244 bytes=40993
2026-03-14 03:23:10.110 edge /api/events status=404 upstream=B rt_ms=212 bytes=32312
2026-03-14 03:23:10.567 edge /static/style.css status=200 upstream=B rt_ms=135 bytes=37508
2026-03-14 03:23:10.614 edge /healthz status=500 upstream=B rt_ms=210 bytes=14509
2026-03-14 03:23:14.391 edge /api/events status=200 upstream=B rt_ms=45 bytes=41601
2026-03-14 03:23:17.178 edge /healthz status=404 upstream=B rt_ms=373 bytes=3470
2026-03-14 03:23:18.000 edge /static/style.css status=200 upstream=B rt_ms=76 bytes=9283
2026-03-14 03:23:19.697 edge /api/events status=502 upstream=B rt_ms=165 bytes=3100
2026-03-14 03:23:20.098 edge / status=200 upstream=B rt_ms=195 bytes=27590
2026-03-14 03:23:20.776 edge /api/events status=502 upstream=B rt_ms=353 bytes=35173
2026-03-14 03:23:21.679 edge /healthz status=502 upstream=B rt_ms=184 bytes=605
2026-03-14 03:23:24.701 edge /static/style.css status=200 upstream=B rt_ms=355 bytes=11576
2026-03-14 03:23:27.864 edge / status=200 upstream=B rt_ms=43 bytes=1846
2026-03-14 03:23:29.550 edge /api/events status=500 upstream=B rt_ms=129 bytes=25786
2026-03-14 03:23:30.170 edge /api/orders status=502 upstream=B rt_ms=39 bytes=28602
2026-03-14 03:23:31.892 edge /api/orders status=200 upstream=B rt_ms=190 bytes=19119
2026-03-14 03:23:33.255 edge /api/orders status=500 upstream=B rt_ms=29 bytes=6672
2026-03-14 03:23:33.823 edge / status=200 upstream=B rt_ms=348 bytes=13462
2026-03-14 03:23:33.989 edge /api/orders status=200 upstream=B rt_ms=365 bytes=21883
2026-03-14 03:23:34.095 edge / status=200 upstream=B rt_ms=313 bytes=14310
2026-03-14 03:23:35.763 edge /api/orders status=502 upstream=B rt_ms=14 bytes=25466
2026-03-14 03:23:35.816 edge /api/events status=200 upstream=B rt_ms=351 bytes=10538
2026-03-14 03:23:36.775 edge /healthz status=200 upstream=B rt_ms=327 bytes=18251
2026-03-14 03:23:37.373 edge /healthz status=200 upstream=B rt_ms=313 bytes=34150
2026-03-14 03:23:37.718 edge /api/orders status=200 upstream=B rt_ms=229 bytes=36899
2026-03-14 03:23:39.124 edge /static/style.css status=200 upstream=B rt_ms=354 bytes=12698
2026-03-14 03:23:40.311 edge /healthz status=200 upstream=B rt_ms=240 bytes=25173
2026-03-14 03:23:40.496 edge /api/events status=502 upstream=B rt_ms=216 bytes=25578
2026-03-14 03:23:41.783 edge /api/events status=200 upstream=B rt_ms=148 bytes=25246
2026-03-14 03:23:42.066 edge /healthz status=200 upstream=B rt_ms=15 bytes=26701
2026-03-14 03:23:43.092 edge / status=200 upstream=B rt_ms=25 bytes=16814
2026-03-14 03:23:44.969 edge / status=502 upstream=B rt_ms=117 bytes=37641
2026-03-14 03:23:45.009 edge /api/orders status=200 upstream=B rt_ms=292 bytes=32036
2026-03-14 03:23:46.600 edge / status=502 upstream=B rt_ms=10 bytes=1551
2026-03-14 03:23:49.158 edge / status=500 upstream=B rt_ms=218 bytes=32081
2026-03-14 03:23:49.994 edge /api/events status=200 upstream=B rt_ms=309 bytes=30395
2026-03-14 03:23:50.995 edge /api/orders status=200 upstream=B rt_ms=315 bytes=41607
2026-03-14 03:23:51.139 edge /api/events status=502 upstream=B rt_ms=44 bytes=34362
2026-03-14 03:23:51.733 edge /healthz status=200 upstream=B rt_ms=48 bytes=35305
2026-03-14 03:23:51.806 edge /healthz status=200 upstream=B rt_ms=130 bytes=13389
2026-03-14 03:23:52.211 edge /api/events status=200 upstream=B rt_ms=358 bytes=36127
2026-03-14 03:23:54.404 edge /static/style.css status=500 upstream=B rt_ms=345 bytes=20216
2026-03-14 03:23:56.456 edge /static/style.css status=200 upstream=B rt_ms=201 bytes=32629
2026-03-14 03:23:56.779 edge /healthz status=200 upstream=B rt_ms=387 bytes=28321
2026-03-14 03:23:57.683 edge / status=200 upstream=B rt_ms=328 bytes=8928
2026-03-14 03:23:57.873 edge /healthz status=502 upstream=B rt_ms=349 bytes=16795
2026-03-14 03:23:58.432 edge /healthz status=404 upstream=B rt_ms=192 bytes=26082
2026-03-14 03:23:58.684 edge / status=200 upstream=B rt_ms=188 bytes=24652
2026-03-14 03:23:59.514 edge /healthz status=502 upstream=B rt_ms=132 bytes=23181
2026-03-14 03:24:00.147 edge /api/orders status=200 upstream=B rt_ms=394 bytes=28498
2026-03-14 03:24:02.816 edge /static/style.css status=502 upstream=B rt_ms=123 bytes=30705
2026-03-14 03:24:03.383 edge /static/style.css status=200 upstream=B rt_ms=287 bytes=24480
2026-03-14 03:24:03.398 edge /healthz status=200 upstream=B rt_ms=271 bytes=6512
2026-03-14 03:24:04.212 edge /api/orders status=200 upstream=B rt_ms=374 bytes=7820
2026-03-14 03:24:04.567 edge / status=200 upstream=B rt_ms=301 bytes=19468
2026-03-14 03:24:05.790 edge /api/orders status=502 upstream=B rt_ms=167 bytes=10439
2026-03-14 03:24:06.052 edge / status=200 upstream=B rt_ms=207 bytes=2610
2026-03-14 03:24:07.444 edge / status=502 upstream=B rt_ms=242 bytes=25072
2026-03-14 03:24:10.685 edge /healthz status=404 upstream=B rt_ms=260 bytes=22573
2026-03-14 03:24:12.024 edge /healthz status=502 upstream=B rt_ms=276 bytes=16425
2026-03-14 03:24:14.808 edge /healthz status=502 upstream=B rt_ms=51 bytes=27151
2026-03-14 03:24:14.874 edge / status=502 upstream=B rt_ms=357 bytes=30015
2026-03-14 03:24:16.180 edge /api/events status=200 upstream=B rt_ms=4 bytes=23274
2026-03-14 03:24:16.440 edge /api/events status=502 upstream=B rt_ms=386 bytes=4139
2026-03-14 03:24:20.727 edge /healthz status=404 upstream=B rt_ms=13 bytes=39669
2026-03-14 03:24:20.959 edge /api/orders status=404 upstream=B rt_ms=178 bytes=41338
2026-03-14 03:24:21.761 edge / status=502 upstream=B rt_ms=222 bytes=1024
2026-03-14 03:24:23.112 edge / status=200 upstream=B rt_ms=34 bytes=18563
2026-03-14 03:24:24.769 edge /api/events status=502 upstream=B rt_ms=343 bytes=31920
2026-03-14 03:24:24.777 edge /api/events status=200 upstream=B rt_ms=44 bytes=19668
2026-03-14 03:24:25.401 edge /healthz status=500 upstream=B rt_ms=148 bytes=24792
2026-03-14 03:24:26.558 edge /api/orders status=502 upstream=B rt_ms=100 bytes=18676
2026-03-14 03:24:27.651 edge /api/orders status=500 upstream=B rt_ms=63 bytes=36070
2026-03-14 03:24:28.152 edge /healthz status=200 upstream=B rt_ms=252 bytes=37486
2026-03-14 03:24:28.968 edge /api/events status=200 upstream=B rt_ms=258 bytes=37053
2026-03-14 03:24:29.866 edge /api/events status=502 upstream=B rt_ms=273 bytes=33414
2026-03-14 03:24:30.460 edge /healthz status=200 upstream=B rt_ms=73 bytes=12520
2026-03-14 03:24:32.125 edge /api/orders status=502 upstream=B rt_ms=100 bytes=529
2026-03-14 03:24:32.408 edge /healthz status=500 upstream=B rt_ms=307 bytes=10879
2026-03-14 03:24:34.167 edge /api/events status=200 upstream=B rt_ms=179 bytes=15357
2026-03-14 03:24:38.338 edge / status=200 upstream=B rt_ms=113 bytes=12061
2026-03-14 03:24:39.926 edge /healthz status=200 upstream=B rt_ms=166 bytes=2335
2026-03-14 03:24:40.990 edge /api/orders status=200 upstream=B rt_ms=265 bytes=6140
2026-03-14 03:24:41.452 edge /api/orders status=200 upstream=B rt_ms=196 bytes=1197
2026-03-14 03:24:41.832 edge /static/style.css status=200 upstream=B rt_ms=22 bytes=16940
2026-03-14 03:24:47.578 edge /healthz status=200 upstream=B rt_ms=376 bytes=3333
2026-03-14 03:24:48.327 edge /api/events status=200 upstream=B rt_ms=349 bytes=2079
2026-03-14 03:24:49.283 edge /api/events status=502 upstream=B rt_ms=319 bytes=33184
2026-03-14 03:24:53.548 edge /static/style.css status=200 upstream=B rt_ms=331 bytes=35161
2026-03-14 03:24:53.590 edge / status=200 upstream=B rt_ms=68 bytes=12226
2026-03-14 03:24:55.136 edge /api/orders status=200 upstream=B rt_ms=167 bytes=28474
2026-03-14 03:24:56.877 edge / status=200 upstream=B rt_ms=94 bytes=7851
2026-03-14 03:24:58.288 edge /static/style.css status=200 upstream=B rt_ms=152 bytes=14174
2026-03-14 03:24:58.791 edge / status=200 upstream=B rt_ms=254 bytes=26476
2026-03-14 03:24:59.034 edge /api/orders status=200 upstream=B rt_ms=206 bytes=12124
2026-03-14 03:25:00.086 edge /api/orders status=404 upstream=B rt_ms=253 bytes=35435
2026-03-14 03:25:01.320 edge /api/events status=502 upstream=B rt_ms=107 bytes=24791
2026-03-14 03:25:01.715 edge /api/orders status=404 upstream=B rt_ms=375 bytes=13361
2026-03-14 03:25:02.366 edge /healthz status=502 upstream=B rt_ms=378 bytes=7126
2026-03-14 03:25:06.362 edge /api/events status=502 upstream=B rt_ms=254 bytes=21093
2026-03-14 03:25:06.403 edge / status=502 upstream=B rt_ms=325 bytes=7227
2026-03-14 03:25:07.738 edge /healthz status=502 upstream=B rt_ms=133 bytes=3995
2026-03-14 03:25:08.132 edge /api/events status=200 upstream=B rt_ms=61 bytes=2964
2026-03-14 03:25:09.708 edge /api/orders status=404 upstream=B rt_ms=40 bytes=34386
2026-03-14 03:25:09.932 edge / status=404 upstream=B rt_ms=110 bytes=41922
2026-03-14 03:25:15.172 edge /api/orders status=200 upstream=B rt_ms=347 bytes=8238
2026-03-14 03:25:16.304 edge /api/orders status=502 upstream=B rt_ms=50 bytes=9131
2026-03-14 03:25:16.457 edge /api/events status=200 upstream=B rt_ms=136 bytes=797
2026-03-14 03:25:17.634 edge /static/style.css status=200 upstream=B rt_ms=346 bytes=38639
2026-03-14 03:25:18.021 edge /static/style.css status=200 upstream=B rt_ms=121 bytes=4490
2026-03-14 03:25:18.315 edge /healthz status=502 upstream=B rt_ms=202 bytes=17850
2026-03-14 03:25:18.780 edge /api/events status=502 upstream=B rt_ms=130 bytes=22845
2026-03-14 03:25:18.891 edge / status=200 upstream=B rt_ms=299 bytes=18581
2026-03-14 03:25:20.084 edge /healthz status=200 upstream=B rt_ms=192 bytes=11769
2026-03-14 03:25:20.853 edge /static/style.css status=200 upstream=B rt_ms=161 bytes=5666
2026-03-14 03:25:23.391 edge / status=200 upstream=B rt_ms=137 bytes=26667
2026-03-14 03:25:23.428 edge /api/events status=200 upstream=B rt_ms=127 bytes=30770
2026-03-14 03:25:23.662 edge /api/events status=502 upstream=B rt_ms=365 bytes=37846
2026-03-14 03:25:24.221 edge /api/events status=500 upstream=B rt_ms=265 bytes=459
2026-03-14 03:25:25.031 edge /api/events status=200 upstream=B rt_ms=291 bytes=20916
2026-03-14 03:25:25.341 edge /api/orders status=200 upstream=B rt_ms=172 bytes=27096
2026-03-14 03:25:27.770 edge / status=502 upstream=B rt_ms=224 bytes=10803
2026-03-14 03:25:29.361 edge /api/events status=200 upstream=B rt_ms=395 bytes=13434
2026-03-14 03:25:29.641 edge /static/style.css status=404 upstream=B rt_ms=242 bytes=36154
2026-03-14 03:25:30.709 edge / status=502 upstream=B rt_ms=93 bytes=37829
2026-03-14 03:25:31.203 edge /static/style.css status=200 upstream=B rt_ms=267 bytes=20483
2026-03-14 03:25:33.934 edge /healthz status=200 upstream=B rt_ms=128 bytes=3951
2026-03-14 03:25:34.734 edge /static/style.css status=502 upstream=B rt_ms=168 bytes=26656
2026-03-14 03:25:37.002 edge /static/style.css status=502 upstream=B rt_ms=261 bytes=19342
2026-03-14 03:25:37.554 edge /api/events status=200 upstream=B rt_ms=277 bytes=25221
2026-03-14 03:25:37.825 edge / status=502 upstream=B rt_ms=387 bytes=261
2026-03-14 03:25:38.412 edge /healthz status=200 upstream=B rt_ms=49 bytes=22378
2026-03-14 03:25:38.971 edge /api/events status=502 upstream=B rt_ms=70 bytes=17219
2026-03-14 03:25:41.022 edge /healthz status=502 upstream=B rt_ms=154 bytes=31565
2026-03-14 03:25:43.498 edge /api/events status=404 upstream=B rt_ms=150 bytes=6045
2026-03-14 03:25:44.016 edge /healthz status=502 upstream=B rt_ms=134 bytes=41864
2026-03-14 03:25:45.526 edge / status=404 upstream=B rt_ms=135 bytes=7076
2026-03-14 03:25:48.638 edge / status=200 upstream=B rt_ms=254 bytes=14423
2026-03-14 03:25:51.038 edge /static/style.css status=200 upstream=B rt_ms=235 bytes=27115
2026-03-14 03:25:52.160 edge /api/orders status=200 upstream=B rt_ms=240 bytes=18890
2026-03-14 03:25:54.229 edge /healthz status=200 upstream=B rt_ms=268 bytes=35670
2026-03-14 03:25:54.991 edge /healthz status=502 upstream=B rt_ms=77 bytes=12022
2026-03-14 03:25:55.946 edge /healthz status=200 upstream=B rt_ms=342 bytes=30025
2026-03-14 03:25:57.464 edge /healthz status=200 upstream=B rt_ms=299 bytes=28521
2026-03-14 03:25:57.466 edge /api/events status=200 upstream=B rt_ms=49 bytes=9321
2026-03-14 03:25:59.733 edge /static/style.css status=502 upstream=B rt_ms=234 bytes=17566
2026-03-14 03:26:00.270 edge /api/events status=404 upstream=B rt_ms=184 bytes=33267
2026-03-14 03:26:00.792 edge /api/orders status=502 upstream=B rt_ms=5 bytes=2908
2026-03-14 03:26:00.793 edge /api/events status=200 upstream=B rt_ms=9 bytes=19426
2026-03-14 03:26:02.227 edge /healthz status=502 upstream=B rt_ms=60 bytes=6914
2026-03-14 03:26:02.461 edge /healthz status=200 upstream=B rt_ms=355 bytes=18238
2026-03-14 03:26:04.107 edge /static/style.css status=200 upstream=B rt_ms=28 bytes=4163
2026-03-14 03:26:06.667 edge /static/style.css status=200 upstream=B rt_ms=299 bytes=15489
2026-03-14 03:26:07.391 edge /api/events status=500 upstream=B rt_ms=333 bytes=31325
2026-03-14 03:26:08.245 edge /healthz status=502 upstream=B rt_ms=344 bytes=18602
2026-03-14 03:26:08.493 edge / status=200 upstream=B rt_ms=68 bytes=30517
2026-03-14 03:26:09.594 edge /api/orders status=200 upstream=B rt_ms=362 bytes=28136
2026-03-14 03:26:09.674 edge /api/events status=200 upstream=B rt_ms=99 bytes=20809
2026-03-14 03:26:10.286 edge /healthz status=200 upstream=B rt_ms=11 bytes=34117
2026-03-14 03:26:10.790 edge /api/events status=502 upstream=B rt_ms=293 bytes=2536
2026-03-14 03:26:11.389 edge /api/orders status=502 upstream=B rt_ms=217 bytes=38597
2026-03-14 03:26:13.446 edge /api/events status=200 upstream=B rt_ms=152 bytes=6120
2026-03-14 03:26:15.441 edge / status=200 upstream=B rt_ms=186 bytes=30683
2026-03-14 03:26:17.400 edge /api/events status=502 upstream=B rt_ms=41 bytes=27507
2026-03-14 03:26:18.380 edge / status=200 upstream=B rt_ms=158 bytes=38056
2026-03-14 03:26:19.941 edge /healthz status=200 upstream=B rt_ms=321 bytes=13517
2026-03-14 03:26:21.015 edge /api/orders status=502 upstream=B rt_ms=212 bytes=2288
2026-03-14 03:26:24.978 edge /static/style.css status=502 upstream=B rt_ms=292 bytes=41020
2026-03-14 03:26:25.677 edge / status=200 upstream=B rt_ms=163 bytes=14990
2026-03-14 03:26:28.196 edge /api/events status=502 upstream=B rt_ms=329 bytes=37802
2026-03-14 03:26:29.819 edge /api/orders status=200 upstream=B rt_ms=294 bytes=979
2026-03-14 03:26:29.968 edge /api/events status=200 upstream=B rt_ms=359 bytes=16874
2026-03-14 03:26:30.456 edge /api/orders status=200 upstream=B rt_ms=278 bytes=16424
2026-03-14 03:26:30.499 edge /static/style.css status=200 upstream=B rt_ms=144 bytes=5333
2026-03-14 03:26:33.070 edge /api/orders status=502 upstream=B rt_ms=172 bytes=22365
2026-03-14 03:26:33.740 edge /api/orders status=502 upstream=B rt_ms=227 bytes=9990
2026-03-14 03:26:33.781 edge /api/events status=200 upstream=B rt_ms=108 bytes=9788
2026-03-14 03:26:35.610 edge /static/style.css status=200 upstream=B rt_ms=168 bytes=33209
2026-03-14 03:26:35.939 edge /healthz status=200 upstream=B rt_ms=25 bytes=29872
2026-03-14 03:26:38.073 edge /api/events status=200 upstream=B rt_ms=264 bytes=26044
2026-03-14 03:26:39.403 edge / status=200 upstream=B rt_ms=192 bytes=27648
2026-03-14 03:26:40.799 edge /static/style.css status=502 upstream=B rt_ms=55 bytes=9917
2026-03-14 03:26:43.345 edge /api/orders status=200 upstream=B rt_ms=217 bytes=38458
2026-03-14 03:26:44.916 edge /api/events status=200 upstream=B rt_ms=395 bytes=1234
2026-03-14 03:26:46.701 edge /api/orders status=200 upstream=B rt_ms=368 bytes=4151
2026-03-14 03:26:47.417 edge /static/style.css status=200 upstream=B rt_ms=244 bytes=15688
2026-03-14 03:26:49.708 edge /healthz status=404 upstream=B rt_ms=90 bytes=4785
2026-03-14 03:26:50.464 edge / status=200 upstream=B rt_ms=376 bytes=39067
2026-03-14 03:26:50.816 edge /api/events status=502 upstream=B rt_ms=213 bytes=7368
2026-03-14 03:26:53.820 edge /static/style.css status=502 upstream=B rt_ms=69 bytes=26918
2026-03-14 03:26:56.985 edge /static/style.css status=200 upstream=B rt_ms=347 bytes=30718
2026-03-14 03:26:57.063 edge / status=404 upstream=B rt_ms=231 bytes=5896
2026-03-14 03:26:57.132 edge /api/orders status=200 upstream=B rt_ms=65 bytes=5145
2026-03-14 03:26:59.224 edge /api/orders status=200 upstream=B rt_ms=372 bytes=9506
2026-03-14 03:26:59.782 edge /static/style.css status=200 upstream=B rt_ms=392 bytes=22400
2026-03-14 03:27:00.085 edge / status=200 upstream=B rt_ms=6 bytes=5129
2026-03-14 03:27:01.126 edge /static/style.css status=500 upstream=B rt_ms=183 bytes=25249
2026-03-14 03:27:02.121 edge /api/events status=200 upstream=B rt_ms=238 bytes=12256
2026-03-14 03:27:02.225 edge / status=200 upstream=B rt_ms=264 bytes=24397
2026-03-14 03:27:02.968 edge /api/events status=200 upstream=B rt_ms=276 bytes=22435
2026-03-14 03:27:03.492 edge /api/orders status=200 upstream=B rt_ms=132 bytes=36728
2026-03-14 03:27:04.847 edge /api/orders status=502 upstream=B rt_ms=6 bytes=11548
2026-03-14 03:27:05.878 edge /api/orders status=404 upstream=B rt_ms=367 bytes=19343
2026-03-14 03:27:07.862 edge /api/events status=200 upstream=B rt_ms=331 bytes=38632
2026-03-14 03:27:09.170 edge / status=502 upstream=B rt_ms=294 bytes=919
2026-03-14 03:27:09.538 edge /api/events status=200 upstream=B rt_ms=276 bytes=22590
2026-03-14 03:27:11.484 edge /api/events status=502 upstream=B rt_ms=186 bytes=9681
2026-03-14 03:27:11.775 edge /api/orders status=200 upstream=B rt_ms=18 bytes=26302
2026-03-14 03:27:11.934 edge /static/style.css status=200 upstream=B rt_ms=127 bytes=21953
2026-03-14 03:27:14.507 edge /api/orders status=200 upstream=B rt_ms=212 bytes=29910
2026-03-14 03:27:14.910 edge /api/events status=404 upstream=B rt_ms=225 bytes=35377
2026-03-14 03:27:15.530 edge /static/style.css status=200 upstream=B rt_ms=190 bytes=21020
2026-03-14 03:27:15.939 edge /api/events status=502 upstream=B rt_ms=24 bytes=14366
2026-03-14 03:27:16.920 edge /api/orders status=502 upstream=B rt_ms=200 bytes=208
2026-03-14 03:27:17.204 edge /healthz status=200 upstream=B rt_ms=45 bytes=9254
2026-03-14 03:27:18.600 edge /api/events status=200 upstream=B rt_ms=39 bytes=34546
2026-03-14 03:27:18.614 edge / status=200 upstream=B rt_ms=320 bytes=4781
2026-03-14 03:27:19.172 edge /healthz status=200 upstream=B rt_ms=167 bytes=34840
2026-03-14 03:27:20.981 edge /api/events status=200 upstream=B rt_ms=200 bytes=1662
2026-03-14 03:27:22.039 edge /healthz status=502 upstream=B rt_ms=251 bytes=11546
2026-03-14 03:27:24.457 edge /api/orders status=200 upstream=B rt_ms=45 bytes=35526
2026-03-14 03:27:25.190 edge /healthz status=200 upstream=B rt_ms=7 bytes=40184
2026-03-14 03:27:25.488 edge / status=502 upstream=B rt_ms=358 bytes=26966
2026-03-14 03:27:28.527 edge /healthz status=200 upstream=B rt_ms=215 bytes=37417
2026-03-14 03:27:29.127 edge /healthz status=500 upstream=B rt_ms=60 bytes=787
2026-03-14 03:27:29.191 edge /api/orders status=502 upstream=B rt_ms=342 bytes=27289
2026-03-14 03:27:30.665 edge /static/style.css status=200 upstream=B rt_ms=343 bytes=11782
2026-03-14 03:27:31.295 edge /static/style.css status=502 upstream=B rt_ms=128 bytes=23203
2026-03-14 03:27:31.363 edge /healthz status=404 upstream=B rt_ms=239 bytes=30530
2026-03-14 03:27:31.633 edge / status=500 upstream=B rt_ms=77 bytes=26621
2026-03-14 03:27:33.549 edge / status=200 upstream=B rt_ms=374 bytes=39146
2026-03-14 03:27:33.669 edge / status=200 upstream=B rt_ms=388 bytes=28264
2026-03-14 03:27:35.184 edge /api/events status=200 upstream=B rt_ms=181 bytes=6156
2026-03-14 03:27:35.378 edge /healthz status=200 upstream=B rt_ms=73 bytes=2561
2026-03-14 03:27:35.441 edge / status=200 upstream=B rt_ms=63 bytes=39923
2026-03-14 03:27:38.433 edge /api/orders status=200 upstream=B rt_ms=219 bytes=17209
2026-03-14 03:27:38.872 edge /api/orders status=200 upstream=B rt_ms=307 bytes=11782
2026-03-14 03:27:39.883 edge /api/events status=200 upstream=B rt_ms=213 bytes=23669
2026-03-14 03:27:40.132 edge /static/style.css status=502 upstream=B rt_ms=91 bytes=36040
2026-03-14 03:27:40.383 edge /healthz status=502 upstream=B rt_ms=288 bytes=15730
2026-03-14 03:27:41.701 edge /static/style.css status=200 upstream=B rt_ms=51 bytes=28910
2026-03-14 03:27:42.369 edge / status=502 upstream=B rt_ms=64 bytes=20976
2026-03-14 03:27:43.196 edge /healthz status=200 upstream=B rt_ms=345 bytes=9402
2026-03-14 03:27:44.226 edge /healthz status=200 upstream=B rt_ms=368 bytes=25531
2026-03-14 03:27:44.670 edge / status=200 upstream=B rt_ms=263 bytes=36936
2026-03-14 03:27:45.419 edge /healthz status=200 upstream=B rt_ms=87 bytes=25009
2026-03-14 03:27:45.569 edge / status=500 upstream=B rt_ms=324 bytes=17050
2026-03-14 03:27:47.134 edge / status=502 upstream=B rt_ms=246 bytes=24439
2026-03-14 03:27:48.772 edge / status=200 upstream=B rt_ms=68 bytes=14424
2026-03-14 03:27:50.676 edge / status=200 upstream=B rt_ms=61 bytes=38737
2026-03-14 03:27:50.816 edge /api/events status=200 upstream=B rt_ms=156 bytes=35712
2026-03-14 03:27:51.423 edge /static/style.css status=502 upstream=B rt_ms=399 bytes=604
2026-03-14 03:27:52.403 edge /api/orders status=200 upstream=B rt_ms=134 bytes=17477
2026-03-14 03:27:53.870 edge /api/orders status=200 upstream=B rt_ms=291 bytes=24261
2026-03-14 03:27:54.148 edge /healthz status=200 upstream=B rt_ms=303 bytes=31318
2026-03-14 03:27:55.681 edge /api/events status=200 upstream=B rt_ms=222 bytes=17590
2026-03-14 03:27:57.007 edge /static/style.css status=200 upstream=B rt_ms=86 bytes=35305
2026-03-14 03:28:01.015 edge /api/orders status=200 upstream=B rt_ms=5 bytes=9674
2026-03-14 03:28:02.040 edge /api/events status=200 upstream=B rt_ms=356 bytes=35702
2026-03-14 03:28:04.226 edge / status=404 upstream=B rt_ms=56 bytes=23009
2026-03-14 03:28:04.655 edge /api/events status=200 upstream=B rt_ms=366 bytes=16936
2026-03-14 03:28:04.728 edge /healthz status=502 upstream=B rt_ms=50 bytes=40068
2026-03-14 03:28:04.880 edge / status=200 upstream=B rt_ms=126 bytes=20177
2026-03-14 03:28:06.595 edge /healthz status=200 upstream=B rt_ms=113 bytes=7813
2026-03-14 03:28:08.044 edge /healthz status=502 upstream=B rt_ms=299 bytes=6365
2026-03-14 03:28:08.189 edge /healthz status=200 upstream=B rt_ms=180 bytes=19942
2026-03-14 03:28:10.068 edge /api/events status=502 upstream=B rt_ms=322 bytes=41618
2026-03-14 03:28:10.256 edge /api/orders status=200 upstream=B rt_ms=188 bytes=29333
2026-03-14 03:28:10.382 edge / status=404 upstream=B rt_ms=347 bytes=33855
2026-03-14 03:28:12.851 edge /api/events status=502 upstream=B rt_ms=10 bytes=21819
2026-03-14 03:28:13.581 edge /healthz status=200 upstream=B rt_ms=379 bytes=22189
2026-03-14 03:28:13.649 edge /healthz status=200 upstream=B rt_ms=271 bytes=40709
2026-03-14 03:28:15.391 edge /api/orders status=200 upstream=B rt_ms=186 bytes=16677
2026-03-14 03:28:16.290 edge /api/events status=200 upstream=B rt_ms=16 bytes=4947
2026-03-14 03:28:17.366 edge /api/events status=502 upstream=B rt_ms=173 bytes=22869
2026-03-14 03:28:18.950 edge /api/orders status=200 upstream=B rt_ms=282 bytes=6419
2026-03-14 03:28:19.745 edge /static/style.css status=200 upstream=B rt_ms=244 bytes=18333
2026-03-14 03:28:20.545 edge /api/events status=200 upstream=B rt_ms=275 bytes=4827
2026-03-14 03:28:20.602 edge /healthz status=200 upstream=B rt_ms=37 bytes=18145
2026-03-14 03:28:21.497 edge /static/style.css status=502 upstream=B rt_ms=251 bytes=24205
2026-03-14 03:28:21.972 edge /api/events status=200 upstream=B rt_ms=204 bytes=24408
2026-03-14 03:28:24.225 edge / status=502 upstream=B rt_ms=231 bytes=35332
2026-03-14 03:28:24.784 edge /static/style.css status=404 upstream=B rt_ms=100 bytes=13923
2026-03-14 03:28:28.137 edge /api/orders status=502 upstream=B rt_ms=38 bytes=21878
2026-03-14 03:28:28.498 edge /static/style.css status=200 upstream=B rt_ms=192 bytes=11853
2026-03-14 03:28:29.093 edge / status=502 upstream=B rt_ms=193 bytes=37969
2026-03-14 03:28:30.806 edge /healthz status=502 upstream=B rt_ms=346 bytes=21467
2026-03-14 03:28:31.351 edge /healthz status=200 upstream=B rt_ms=283 bytes=10548
2026-03-14 03:28:32.643 edge /static/style.css status=200 upstream=B rt_ms=334 bytes=36112
2026-03-14 03:28:32.676 edge /static/style.css status=200 upstream=B rt_ms=264 bytes=14803
2026-03-14 03:28:32.907 edge /static/style.css status=502 upstream=B rt_ms=106 bytes=29105
2026-03-14 03:28:32.953 edge /healthz status=502 upstream=B rt_ms=340 bytes=23344
2026-03-14 03:28:34.459 edge /api/events status=502 upstream=B rt_ms=344 bytes=23813
2026-03-14 03:28:35.343 edge /healthz status=500 upstream=B rt_ms=309 bytes=20317
2026-03-14 03:28:35.812 edge /healthz status=502 upstream=B rt_ms=300 bytes=23874
2026-03-14 03:28:37.931 edge /api/events status=502 upstream=B rt_ms=18 bytes=39724
2026-03-14 03:28:38.164 edge /api/orders status=200 upstream=B rt_ms=141 bytes=7409
2026-03-14 03:28:39.447 edge /api/orders status=200 upstream=B rt_ms=193 bytes=39556
2026-03-14 03:28:41.796 edge /api/events status=502 upstream=B rt_ms=79 bytes=31878
2026-03-14 03:28:44.276 edge /api/events status=200 upstream=B rt_ms=323 bytes=27506
2026-03-14 03:28:44.296 edge /api/orders status=200 upstream=B rt_ms=381 bytes=30195
2026-03-14 03:28:45.331 edge / status=200 upstream=B rt_ms=28 bytes=14553
2026-03-14 03:28:45.872 edge /api/orders status=200 upstream=B rt_ms=221 bytes=3967
2026-03-14 03:28:47.710 edge /api/orders status=200 upstream=B rt_ms=386 bytes=37103
2026-03-14 03:28:48.224 edge / status=502 upstream=B rt_ms=231 bytes=30375
2026-03-14 03:28:52.721 edge /api/events status=200 upstream=B rt_ms=374 bytes=26660
2026-03-14 03:28:53.420 edge /healthz status=502 upstream=B rt_ms=195 bytes=20436
2026-03-14 03:28:54.876 edge /healthz status=200 upstream=B rt_ms=69 bytes=33916
2026-03-14 03:28:55.791 edge /healthz status=200 upstream=B rt_ms=365 bytes=23199
2026-03-14 03:28:56.418 edge /api/events status=200 upstream=B rt_ms=135 bytes=33798
2026-03-14 03:28:58.184 edge /api/events status=502 upstream=B rt_ms=7 bytes=23291
2026-03-14 03:29:00.147 edge /static/style.css status=502 upstream=B rt_ms=106 bytes=8993
2026-03-14 03:29:01.598 edge /static/style.css status=502 upstream=B rt_ms=305 bytes=17747
2026-03-14 03:29:03.695 edge /api/orders status=502 upstream=B rt_ms=192 bytes=6677
2026-03-14 03:29:07.033 edge / status=200 upstream=B rt_ms=378 bytes=22620
2026-03-14 03:29:07.845 edge /healthz status=200 upstream=B rt_ms=298 bytes=6230
2026-03-14 03:29:08.309 edge / status=404 upstream=B rt_ms=251 bytes=25542
2026-03-14 03:29:12.384 edge /static/style.css status=500 upstream=B rt_ms=162 bytes=29358
2026-03-14 03:29:13.329 edge /static/style.css status=200 upstream=B rt_ms=84 bytes=21580
2026-03-14 03:29:13.533 edge /api/events status=500 upstream=B rt_ms=4 bytes=36991
2026-03-14 03:29:15.551 edge / status=200 upstream=B rt_ms=98 bytes=26932
2026-03-14 03:29:16.648 edge /healthz status=502 upstream=B rt_ms=207 bytes=4886
2026-03-14 03:29:16.710 edge /api/events status=200 upstream=B rt_ms=28 bytes=38274
2026-03-14 03:29:16.815 edge /static/style.css status=502 upstream=B rt_ms=342 bytes=15367
2026-03-14 03:29:18.546 edge /healthz status=200 upstream=B rt_ms=326 bytes=27850
2026-03-14 03:29:18.728 edge /static/style.css status=200 upstream=B rt_ms=193 bytes=17611
2026-03-14 03:29:19.873 edge /api/orders status=502 upstream=B rt_ms=144 bytes=15336
2026-03-14 03:29:20.656 edge / status=200 upstream=B rt_ms=166 bytes=27415
2026-03-14 03:29:20.757 edge /api/events status=502 upstream=B rt_ms=71 bytes=26326
2026-03-14 03:29:21.068 edge /api/orders status=200 upstream=B rt_ms=119 bytes=9101
2026-03-14 03:29:23.238 edge / status=200 upstream=B rt_ms=56 bytes=29581
2026-03-14 03:29:23.538 edge / status=404 upstream=B rt_ms=93 bytes=15257
2026-03-14 03:29:24.214 edge / status=200 upstream=B rt_ms=206 bytes=34872
2026-03-14 03:29:24.650 edge /static/style.css status=502 upstream=B rt_ms=397 bytes=21651
2026-03-14 03:29:27.485 edge /static/style.css status=502 upstream=B rt_ms=44 bytes=35646
2026-03-14 03:29:28.125 edge /healthz status=502 upstream=B rt_ms=226 bytes=37487
2026-03-14 03:29:28.186 edge /static/style.css status=200 upstream=B rt_ms=258 bytes=31295
2026-03-14 03:29:28.342 edge /static/style.css status=502 upstream=B rt_ms=97 bytes=32613
2026-03-14 03:29:28.492 edge /api/orders status=502 upstream=B rt_ms=377 bytes=2862
2026-03-14 03:29:28.611 edge /api/orders status=502 upstream=B rt_ms=328 bytes=20028
2026-03-14 03:29:30.867 edge /static/style.css status=502 upstream=B rt_ms=142 bytes=33512
2026-03-14 03:29:33.171 edge /healthz status=200 upstream=B rt_ms=106 bytes=14591
2026-03-14 03:29:34.237 edge /healthz status=502 upstream=B rt_ms=277 bytes=13517
2026-03-14 03:29:34.762 edge /api/orders status=404 upstream=B rt_ms=233 bytes=10456
2026-03-14 03:29:36.153 edge / status=200 upstream=B rt_ms=251 bytes=34054
2026-03-14 03:29:36.908 edge /static/style.css status=502 upstream=B rt_ms=349 bytes=29400
2026-03-14 03:29:37.404 edge /api/events status=200 upstream=B rt_ms=260 bytes=23560
2026-03-14 03:29:39.494 edge /api/orders status=502 upstream=B rt_ms=321 bytes=269
2026-03-14 03:29:40.782 edge / status=200 upstream=B rt_ms=217 bytes=23439
2026-03-14 03:29:43.730 edge /api/events status=200 upstream=B rt_ms=365 bytes=37848
2026-03-14 03:29:43.763 edge / status=200 upstream=B rt_ms=151 bytes=21733
2026-03-14 03:29:45.780 edge /static/style.css status=502 upstream=B rt_ms=322 bytes=25804
2026-03-14 03:29:47.178 edge /api/orders status=200 upstream=B rt_ms=26 bytes=2297
2026-03-14 03:29:47.313 edge /api/orders status=200 upstream=B rt_ms=77 bytes=28450
2026-03-14 03:29:47.925 edge /api/events status=200 upstream=B rt_ms=111 bytes=41311
2026-03-14 03:29:51.977 edge /api/events status=502 upstream=B rt_ms=262 bytes=28011
2026-03-14 03:29:53.838 edge /static/style.css status=200 upstream=B rt_ms=180 bytes=32625
2026-03-14 03:29:54.330 edge /healthz status=200 upstream=B rt_ms=91 bytes=5008
2026-03-14 03:29:55.091 edge /api/orders status=404 upstream=B rt_ms=27 bytes=39772
2026-03-14 03:29:55.384 edge /api/orders status=502 upstream=B rt_ms=223 bytes=33364
2026-03-14 03:29:55.771 edge /healthz status=200 upstream=B rt_ms=168 bytes=3811
2026-03-14 03:29:55.980 edge /api/events status=200 upstream=B rt_ms=132 bytes=32062
2026-03-14 03:29:57.059 edge /static/style.css status=200 upstream=B rt_ms=137 bytes=33431
2026-03-14 03:29:59.667 edge / status=502 upstream=B rt_ms=233 bytes=36557
2026-03-14 03:30:00.314 edge / status=502 upstream=B rt_ms=13 bytes=30476
2026-03-14 03:30:01.681 edge /api/orders status=200 upstream=B rt_ms=299 bytes=31464
2026-03-14 03:30:01.705 edge /api/orders status=200 upstream=B rt_ms=80 bytes=687
2026-03-14 03:30:01.887 edge /static/style.css status=200 upstream=B rt_ms=23 bytes=2958
2026-03-14 03:30:02.811 edge /healthz status=404 upstream=B rt_ms=274 bytes=32540
2026-03-14 03:30:03.611 edge /api/events status=404 upstream=B rt_ms=27 bytes=35412
2026-03-14 03:30:03.666 edge / status=200 upstream=B rt_ms=133 bytes=41965
2026-03-14 03:30:07.681 edge /static/style.css status=200 upstream=B rt_ms=139 bytes=7327
2026-03-14 03:30:07.915 edge /static/style.css status=200 upstream=B rt_ms=199 bytes=28726
2026-03-14 03:30:08.652 edge /healthz status=502 upstream=B rt_ms=221 bytes=40866
2026-03-14 03:30:09.575 edge /healthz status=200 upstream=B rt_ms=372 bytes=30220
2026-03-14 03:30:09.603 edge /static/style.css status=502 upstream=B rt_ms=123 bytes=39262
2026-03-14 03:30:10.703 edge /api/orders status=200 upstream=B rt_ms=62 bytes=41391
2026-03-14 03:30:11.384 edge /api/orders status=502 upstream=B rt_ms=227 bytes=34742
2026-03-14 03:30:15.093 edge / status=200 upstream=B rt_ms=385 bytes=36252
2026-03-14 03:30:17.684 edge /static/style.css status=502 upstream=B rt_ms=105 bytes=23804
2026-03-14 03:30:18.556 edge /api/orders status=200 upstream=B rt_ms=327 bytes=32094
2026-03-14 03:30:20.694 edge /static/style.css status=502 upstream=B rt_ms=257 bytes=11095
2026-03-14 03:30:20.792 edge /api/orders status=502 upstream=B rt_ms=111 bytes=41744
2026-03-14 03:30:20.878 edge /api/orders status=502 upstream=B rt_ms=243 bytes=8537
2026-03-14 03:30:21.686 edge / status=502 upstream=B rt_ms=387 bytes=12008
2026-03-14 03:30:24.088 edge / status=502 upstream=B rt_ms=322 bytes=15404
2026-03-14 03:30:25.050 edge /healthz status=502 upstream=B rt_ms=367 bytes=34364
2026-03-14 03:30:25.542 edge /api/orders status=200 upstream=B rt_ms=249 bytes=33387
2026-03-14 03:30:26.209 edge /healthz status=502 upstream=B rt_ms=321 bytes=27826
2026-03-14 03:30:27.395 edge /static/style.css status=200 upstream=B rt_ms=325 bytes=4268
2026-03-14 03:30:31.438 edge /api/orders status=500 upstream=B rt_ms=302 bytes=19174
2026-03-14 03:30:32.195 edge /api/orders status=200 upstream=B rt_ms=137 bytes=30672
2026-03-14 03:30:33.923 edge /api/events status=502 upstream=B rt_ms=14 bytes=30518
2026-03-14 03:30:34.412 edge /api/events status=404 upstream=B rt_ms=358 bytes=32053
2026-03-14 03:30:34.501 edge /healthz status=502 upstream=B rt_ms=374 bytes=38474
2026-03-14 03:30:35.862 edge / status=500 upstream=B rt_ms=205 bytes=8931
2026-03-14 03:30:37.803 edge /api/events status=500 upstream=B rt_ms=185 bytes=24509
2026-03-14 03:30:38.404 edge /static/style.css status=502 upstream=B rt_ms=246 bytes=23526
2026-03-14 03:30:38.981 edge /healthz status=200 upstream=B rt_ms=88 bytes=27277
2026-03-14 03:30:39.634 edge /api/events status=500 upstream=B rt_ms=157 bytes=38444
2026-03-14 03:30:40.349 edge /healthz status=200 upstream=B rt_ms=381 bytes=32228
2026-03-14 03:30:40.411 edge / status=502 upstream=B rt_ms=38 bytes=901
2026-03-14 03:30:40.817 edge /healthz status=200 upstream=B rt_ms=333 bytes=30475
2026-03-14 03:30:40.873 edge /api/events status=200 upstream=B rt_ms=236 bytes=25171
2026-03-14 03:30:41.075 edge /api/events status=200 upstream=B rt_ms=375 bytes=33917
2026-03-14 03:30:41.247 edge /api/orders status=500 upstream=B rt_ms=269 bytes=35512
2026-03-14 03:30:41.645 edge / status=200 upstream=B rt_ms=350 bytes=11027
2026-03-14 03:30:42.596 edge /api/orders status=200 upstream=B rt_ms=287 bytes=6253
2026-03-14 03:30:43.120 edge /api/orders status=200 upstream=B rt_ms=130 bytes=11793
2026-03-14 03:30:43.485 edge / status=502 upstream=B rt_ms=343 bytes=40299
2026-03-14 03:30:43.660 edge /api/events status=200 upstream=B rt_ms=149 bytes=10860
2026-03-14 03:30:44.520 edge /static/style.css status=200 upstream=B rt_ms=387 bytes=3915
2026-03-14 03:30:45.198 edge /api/events status=200 upstream=B rt_ms=134 bytes=31495
2026-03-14 03:30:45.811 edge /static/style.css status=200 upstream=B rt_ms=72 bytes=17492
2026-03-14 03:30:46.447 edge /static/style.css status=200 upstream=B rt_ms=238 bytes=13228
2026-03-14 03:30:47.777 edge / status=200 upstream=B rt_ms=191 bytes=10859
2026-03-14 03:30:47.931 edge /healthz status=502 upstream=B rt_ms=336 bytes=35998
2026-03-14 03:30:50.062 edge / status=200 upstream=B rt_ms=62 bytes=5832
2026-03-14 03:30:50.567 edge / status=502 upstream=B rt_ms=69 bytes=12178
2026-03-14 03:30:51.747 edge /static/style.css status=200 upstream=B rt_ms=235 bytes=18907
2026-03-14 03:30:51.976 edge /healthz status=502 upstream=B rt_ms=142 bytes=9362
2026-03-14 03:30:53.474 edge /api/orders status=200 upstream=B rt_ms=295 bytes=29071
2026-03-14 03:30:53.890 edge / status=404 upstream=B rt_ms=314 bytes=13101
2026-03-14 03:30:54.215 edge /api/events status=502 upstream=B rt_ms=106 bytes=6859
2026-03-14 03:30:55.483 edge / status=502 upstream=B rt_ms=270 bytes=8258
2026-03-14 03:30:55.999 edge /api/events status=502 upstream=B rt_ms=175 bytes=2221
2026-03-14 03:30:56.028 edge /healthz status=200 upstream=B rt_ms=50 bytes=37392
2026-03-14 03:30:59.701 edge /healthz status=502 upstream=B rt_ms=89 bytes=40376
2026-03-14 03:31:01.520 edge /api/events status=200 upstream=B rt_ms=34 bytes=7444
2026-03-14 03:31:03.548 edge /healthz status=502 upstream=B rt_ms=280 bytes=31103
2026-03-14 03:31:06.559 edge /static/style.css status=200 upstream=B rt_ms=34 bytes=41179
2026-03-14 03:31:06.572 edge / status=200 upstream=B rt_ms=234 bytes=29511
2026-03-14 03:31:06.696 edge / status=502 upstream=B rt_ms=163 bytes=27028
2026-03-14 03:31:07.366 edge /api/events status=502 upstream=B rt_ms=78 bytes=30068
2026-03-14 03:31:07.590 edge /static/style.css status=502 upstream=B rt_ms=217 bytes=3203
2026-03-14 03:31:07.820 edge /static/style.css status=502 upstream=B rt_ms=392 bytes=3395
2026-03-14 03:31:10.615 edge /healthz status=502 upstream=B rt_ms=54 bytes=26919
2026-03-14 03:31:11.272 edge /healthz status=200 upstream=B rt_ms=235 bytes=38142
2026-03-14 03:31:17.255 edge /api/orders status=200 upstream=B rt_ms=60 bytes=12498
2026-03-14 03:31:17.426 edge /api/events status=200 upstream=B rt_ms=335 bytes=29217
2026-03-14 03:31:19.404 edge /healthz status=200 upstream=B rt_ms=267 bytes=14080
2026-03-14 03:31:20.168 edge /api/orders status=200 upstream=B rt_ms=94 bytes=3353
2026-03-14 03:31:20.750 edge / status=502 upstream=B rt_ms=321 bytes=23531
2026-03-14 03:31:21.786 edge /api/orders status=200 upstream=B rt_ms=84 bytes=37796
2026-03-14 03:31:22.799 edge / status=200 upstream=B rt_ms=343 bytes=7925
2026-03-14 03:31:24.310 edge / status=200 upstream=B rt_ms=306 bytes=9834
2026-03-14 03:31:24.834 edge /api/events status=200 upstream=B rt_ms=114 bytes=18296
2026-03-14 03:31:25.641 edge /api/orders status=200 upstream=B rt_ms=224 bytes=26965
2026-03-14 03:31:27.497 edge /healthz status=502 upstream=B rt_ms=66 bytes=4088
2026-03-14 03:31:28.978 edge /healthz status=200 upstream=B rt_ms=176 bytes=2439
2026-03-14 03:31:29.224 edge / status=502 upstream=B rt_ms=161 bytes=32491
2026-03-14 03:31:29.646 edge / status=404 upstream=B rt_ms=199 bytes=24598
2026-03-14 03:31:32.018 edge /static/style.css status=200 upstream=B rt_ms=257 bytes=14007
2026-03-14 03:31:35.038 edge /static/style.css status=500 upstream=B rt_ms=374 bytes=1927
2026-03-14 03:31:35.210 edge /api/orders status=502 upstream=B rt_ms=210 bytes=39497
2026-03-14 03:31:36.543 edge /static/style.css status=404 upstream=B rt_ms=228 bytes=4907
2026-03-14 03:31:37.280 edge /healthz status=502 upstream=B rt_ms=346 bytes=17017
2026-03-14 03:31:39.830 edge /healthz status=200 upstream=B rt_ms=86 bytes=14201
2026-03-14 03:31:40.247 edge /api/orders status=200 upstream=B rt_ms=369 bytes=4160
2026-03-14 03:31:40.806 edge / status=200 upstream=B rt_ms=271 bytes=2533
2026-03-14 03:31:41.073 edge /static/style.css status=200 upstream=B rt_ms=332 bytes=8811
2026-03-14 03:31:43.251 edge /static/style.css status=200 upstream=B rt_ms=109 bytes=16805
2026-03-14 03:31:45.205 edge /api/orders status=200 upstream=B rt_ms=282 bytes=14942
2026-03-14 03:31:46.803 edge /static/style.css status=200 upstream=B rt_ms=302 bytes=22542
2026-03-14 03:31:47.174 edge /healthz status=200 upstream=B rt_ms=325 bytes=5161
2026-03-14 03:31:47.266 edge /static/style.css status=500 upstream=B rt_ms=32 bytes=30213
2026-03-14 03:31:48.571 edge /static/style.css status=200 upstream=B rt_ms=251 bytes=11914
2026-03-14 03:31:48.815 edge /api/orders status=502 upstream=B rt_ms=305 bytes=30941
2026-03-14 03:31:49.241 edge /static/style.css status=200 upstream=B rt_ms=357 bytes=15567
2026-03-14 03:31:50.377 edge / status=502 upstream=B rt_ms=255 bytes=12176
2026-03-14 03:31:50.566 edge /api/events status=404 upstream=B rt_ms=36 bytes=37222
2026-03-14 03:31:52.656 edge /healthz status=200 upstream=B rt_ms=310 bytes=15023
2026-03-14 03:31:54.811 edge / status=200 upstream=B rt_ms=251 bytes=27448
2026-03-14 03:31:55.244 edge / status=500 upstream=B rt_ms=384 bytes=39093
2026-03-14 03:31:55.384 edge /api/orders status=502 upstream=B rt_ms=373 bytes=2363
2026-03-14 03:31:55.554 edge /static/style.css status=200 upstream=B rt_ms=134 bytes=21230
2026-03-14 03:31:56.440 edge /api/events status=200 upstream=B rt_ms=266 bytes=16233
2026-03-14 03:31:57.118 edge /api/events status=200 upstream=B rt_ms=95 bytes=36206
2026-03-14 03:31:57.438 edge /static/style.css status=200 upstream=B rt_ms=166 bytes=25605
2026-03-14 03:31:59.661 edge /static/style.css status=502 upstream=B rt_ms=96 bytes=40714
2026-03-14 03:32:00.419 edge /static/style.css status=200 upstream=B rt_ms=372 bytes=36476
2026-03-14 03:32:00.428 edge /api/orders status=200 upstream=B rt_ms=51 bytes=31559
2026-03-14 03:32:03.549 edge /api/events status=200 upstream=B rt_ms=175 bytes=7466
2026-03-14 03:32:05.726 edge /static/style.css status=200 upstream=B rt_ms=160 bytes=34049
2026-03-14 03:32:06.250 edge /api/events status=502 upstream=B rt_ms=301 bytes=10968
2026-03-14 03:32:06.706 edge /static/style.css status=200 upstream=B rt_ms=103 bytes=36464
2026-03-14 03:32:12.120 edge /static/style.css status=200 upstream=B rt_ms=159 bytes=37486
2026-03-14 03:32:13.263 edge /api/events status=502 upstream=B rt_ms=97 bytes=30520
2026-03-14 03:32:15.814 edge /static/style.css status=502 upstream=B rt_ms=363 bytes=37625
2026-03-14 03:32:19.155 edge /api/events status=502 upstream=B rt_ms=329 bytes=22456
2026-03-14 03:32:19.979 edge /api/events status=200 upstream=B rt_ms=338 bytes=35781
2026-03-14 03:32:20.200 edge / status=200 upstream=B rt_ms=204 bytes=37793
2026-03-14 03:32:20.785 edge /api/orders status=200 upstream=B rt_ms=390 bytes=36154
2026-03-14 03:32:21.307 edge /static/style.css status=200 upstream=B rt_ms=142 bytes=12925
2026-03-14 03:32:21.512 edge /api/orders status=200 upstream=B rt_ms=360 bytes=40597
2026-03-14 03:32:21.932 edge /api/events status=200 upstream=B rt_ms=67 bytes=23980
2026-03-14 03:32:21.976 edge / status=200 upstream=B rt_ms=334 bytes=341
2026-03-14 03:32:22.021 edge /api/events status=404 upstream=B rt_ms=65 bytes=15270
2026-03-14 03:32:22.876 edge / status=502 upstream=B rt_ms=100 bytes=13527
2026-03-14 03:32:23.830 edge /static/style.css status=502 upstream=B rt_ms=232 bytes=28125
2026-03-14 03:32:24.191 edge /api/orders status=200 upstream=B rt_ms=233 bytes=15843
2026-03-14 03:32:26.835 edge / status=200 upstream=B rt_ms=323 bytes=4430
2026-03-14 03:32:27.861 edge /healthz status=200 upstream=B rt_ms=30 bytes=30120
2026-03-14 03:32:27.973 edge / status=200 upstream=B rt_ms=102 bytes=39347
2026-03-14 03:32:28.147 edge / status=200 upstream=B rt_ms=217 bytes=36300
2026-03-14 03:32:28.323 edge /healthz status=502 upstream=B rt_ms=92 bytes=35738
2026-03-14 03:32:29.070 edge /api/orders status=502 upstream=B rt_ms=138 bytes=40831
2026-03-14 03:32:29.848 edge /static/style.css status=502 upstream=B rt_ms=38 bytes=37000
2026-03-14 03:32:33.596 edge /healthz status=200 upstream=B rt_ms=103 bytes=35867
2026-03-14 03:32:35.369 edge /api/orders status=502 upstream=B rt_ms=126 bytes=39041
2026-03-14 03:32:37.297 edge / status=200 upstream=B rt_ms=385 bytes=10644
2026-03-14 03:32:39.126 edge /api/events status=500 upstream=B rt_ms=327 bytes=26013
2026-03-14 03:32:39.136 edge /static/style.css status=200 upstream=B rt_ms=307 bytes=5039
2026-03-14 03:32:41.189 edge /api/events status=502 upstream=B rt_ms=177 bytes=2081
2026-03-14 03:32:43.309 edge /healthz status=200 upstream=B rt_ms=294 bytes=679
2026-03-14 03:32:44.289 edge /healthz status=502 upstream=B rt_ms=89 bytes=33243
2026-03-14 03:32:44.323 edge /static/style.css status=502 upstream=B rt_ms=228 bytes=25302
2026-03-14 03:32:46.085 edge /static/style.css status=200 upstream=B rt_ms=379 bytes=4551
2026-03-14 03:32:47.696 edge /api/events status=502 upstream=B rt_ms=314 bytes=3947
2026-03-14 03:32:47.925 edge / status=200 upstream=B rt_ms=149 bytes=38191
2026-03-14 03:32:49.116 edge /healthz status=200 upstream=B rt_ms=222 bytes=9339
2026-03-14 03:32:50.634 edge /api/events status=502 upstream=B rt_ms=128 bytes=9250
2026-03-14 03:32:51.845 edge /healthz status=200 upstream=B rt_ms=8 bytes=10975
2026-03-14 03:32:52.126 edge /healthz status=502 upstream=B rt_ms=10 bytes=39525
2026-03-14 03:32:52.146 edge /api/orders status=200 upstream=B rt_ms=54 bytes=16062
2026-03-14 03:32:53.314 edge /api/events status=200 upstream=B rt_ms=113 bytes=12766
2026-03-14 03:32:53.726 edge /healthz status=200 upstream=B rt_ms=305 bytes=2282
2026-03-14 03:32:58.314 edge /static/style.css status=200 upstream=B rt_ms=332 bytes=9966
2026-03-14 03:32:59.473 edge / status=200 upstream=B rt_ms=340 bytes=10475
2026-03-14 03:32:59.589 edge /api/events status=200 upstream=B rt_ms=41 bytes=25889
2026-03-14 03:33:01.018 edge /api/events status=502 upstream=B rt_ms=220 bytes=10910
2026-03-14 03:33:01.941 edge /healthz status=200 upstream=B rt_ms=209 bytes=16187
2026-03-14 03:33:02.330 edge /api/orders status=200 upstream=B rt_ms=330 bytes=15489
2026-03-14 03:33:03.267 edge / status=200 upstream=B rt_ms=370 bytes=15572
2026-03-14 03:33:03.789 edge /api/orders status=502 upstream=B rt_ms=78 bytes=13420
2026-03-14 03:33:03.982 edge /static/style.css status=502 upstream=B rt_ms=309 bytes=7069
2026-03-14 03:33:04.800 edge /static/style.css status=404 upstream=B rt_ms=173 bytes=11778
2026-03-14 03:33:05.211 edge /static/style.css status=200 upstream=B rt_ms=96 bytes=17470
2026-03-14 03:33:05.216 edge /healthz status=502 upstream=B rt_ms=221 bytes=26877
2026-03-14 03:33:05.886 edge / status=502 upstream=B rt_ms=105 bytes=21167
2026-03-14 03:33:09.840 edge /static/style.css status=200 upstream=B rt_ms=175 bytes=10382
2026-03-14 03:33:10.759 edge /api/orders status=200 upstream=B rt_ms=113 bytes=5803
2026-03-14 03:33:11.487 edge /api/events status=502 upstream=B rt_ms=344 bytes=18779
2026-03-14 03:33:11.682 edge /healthz status=502 upstream=B rt_ms=134 bytes=2525
2026-03-14 03:33:11.946 edge /healthz status=200 upstream=B rt_ms=83 bytes=36180
2026-03-14 03:33:12.221 edge /api/events status=502 upstream=B rt_ms=174 bytes=20229
2026-03-14 03:33:13.308 edge /healthz status=200 upstream=B rt_ms=370 bytes=25083
2026-03-14 03:33:13.499 edge /api/orders status=200 upstream=B rt_ms=18 bytes=27212
2026-03-14 03:33:14.457 edge / status=200 upstream=B rt_ms=76 bytes=14162
2026-03-14 03:33:14.883 edge /healthz status=200 upstream=B rt_ms=123 bytes=842
2026-03-14 03:33:15.243 edge / status=200 upstream=B rt_ms=231 bytes=9587
2026-03-14 03:33:16.801 edge /api/orders status=200 upstream=B rt_ms=153 bytes=10252
2026-03-14 03:33:18.610 edge /api/events status=502 upstream=B rt_ms=181 bytes=29982
2026-03-14 03:33:18.906 edge / status=502 upstream=B rt_ms=119 bytes=25123
2026-03-14 03:33:19.135 edge /static/style.css status=200 upstream=B rt_ms=392 bytes=3432
2026-03-14 03:33:19.755 edge /api/events status=502 upstream=B rt_ms=23 bytes=32534
2026-03-14 03:33:20.630 edge /healthz status=200 upstream=B rt_ms=385 bytes=40348
2026-03-14 03:33:21.013 edge /api/events status=200 upstream=B rt_ms=235 bytes=8809
2026-03-14 03:33:22.274 edge /api/orders status=200 upstream=B rt_ms=13 bytes=2761
2026-03-14 03:33:24.512 edge /api/events status=200 upstream=B rt_ms=17 bytes=29254
2026-03-14 03:33:25.507 edge /static/style.css status=200 upstream=B rt_ms=221 bytes=39261
2026-03-14 03:33:27.258 edge /healthz status=200 upstream=B rt_ms=123 bytes=14955
2026-03-14 03:33:27.876 edge / status=502 upstream=B rt_ms=317 bytes=4985
2026-03-14 03:33:28.170 edge /healthz status=200 upstream=B rt_ms=326 bytes=13725
2026-03-14 03:33:29.922 edge /static/style.css status=200 upstream=B rt_ms=92 bytes=8067
2026-03-14 03:33:31.988 edge /api/events status=502 upstream=B rt_ms=18 bytes=21250
2026-03-14 03:33:32.298 edge / status=404 upstream=B rt_ms=213 bytes=2651
2026-03-14 03:33:35.395 edge /healthz status=200 upstream=B rt_ms=85 bytes=8855
2026-03-14 03:33:38.231 edge /static/style.css status=200 upstream=B rt_ms=265 bytes=4063
2026-03-14 03:33:38.790 edge /healthz status=200 upstream=B rt_ms=156 bytes=28491
2026-03-14 03:33:42.441 edge /api/events status=200 upstream=B rt_ms=383 bytes=40044
2026-03-14 03:33:43.735 edge /api/orders status=200 upstream=B rt_ms=25 bytes=7248
2026-03-14 03:33:43.931 edge /healthz status=502 upstream=B rt_ms=62 bytes=9395
2026-03-14 03:33:44.131 edge /api/events status=502 upstream=B rt_ms=118 bytes=38403
2026-03-14 03:33:44.658 edge /api/orders status=502 upstream=B rt_ms=133 bytes=23351
2026-03-14 03:33:46.543 edge /static/style.css status=502 upstream=B rt_ms=259 bytes=30699
2026-03-14 03:33:47.017 edge /healthz status=502 upstream=B rt_ms=372 bytes=36692
2026-03-14 03:33:47.277 edge / status=200 upstream=B rt_ms=327 bytes=357
2026-03-14 03:33:47.473 edge /static/style.css status=200 upstream=B rt_ms=338 bytes=34176
2026-03-14 03:33:51.840 edge /api/orders status=200 upstream=B rt_ms=217 bytes=11479
2026-03-14 03:33:54.086 edge /api/events status=200 upstream=B rt_ms=34 bytes=36882
2026-03-14 03:33:54.767 edge /api/orders status=200 upstream=B rt_ms=11 bytes=14727
2026-03-14 03:33:55.344 edge /static/style.css status=502 upstream=B rt_ms=221 bytes=4456
2026-03-14 03:33:55.586 edge / status=200 upstream=B rt_ms=37 bytes=39416
2026-03-14 03:33:56.173 edge /healthz status=200 upstream=B rt_ms=271 bytes=14444
2026-03-14 03:33:59.016 edge /api/events status=502 upstream=B rt_ms=334 bytes=34282
2026-03-14 03:33:59.328 edge /api/events status=502 upstream=B rt_ms=159 bytes=31619
2026-03-14 03:33:59.480 edge / status=500 upstream=B rt_ms=317 bytes=3595
2026-03-14 03:34:00.046 edge /static/style.css status=200 upstream=B rt_ms=308 bytes=10879
2026-03-14 03:34:01.422 edge /static/style.css status=502 upstream=B rt_ms=396 bytes=8386
2026-03-14 03:34:02.315 edge /healthz status=502 upstream=B rt_ms=306 bytes=23846
2026-03-14 03:34:02.702 edge /healthz status=502 upstream=B rt_ms=312 bytes=27853
2026-03-14 03:34:02.754 edge /healthz status=200 upstream=B rt_ms=110 bytes=29266
2026-03-14 03:34:03.536 edge / status=502 upstream=B rt_ms=121 bytes=38330
2026-03-14 03:34:04.643 edge /static/style.css status=200 upstream=B rt_ms=12 bytes=7827
2026-03-14 03:34:05.290 edge /api/orders status=404 upstream=B rt_ms=11 bytes=37124
2026-03-14 03:34:05.418 edge / status=200 upstream=B rt_ms=222 bytes=5010
2026-03-14 03:34:05.620 edge / status=200 upstream=B rt_ms=114 bytes=21521
2026-03-14 03:34:07.997 edge /healthz status=404 upstream=B rt_ms=229 bytes=25931
2026-03-14 03:34:08.733 edge /healthz status=200 upstream=B rt_ms=109 bytes=37377
2026-03-14 03:34:10.101 edge / status=200 upstream=B rt_ms=285 bytes=7092
2026-03-14 03:34:10.372 edge /static/style.css status=200 upstream=B rt_ms=145 bytes=29795
2026-03-14 03:34:10.397 edge /healthz status=200 upstream=B rt_ms=369 bytes=11714
2026-03-14 03:34:11.042 edge /static/style.css status=404 upstream=B rt_ms=68 bytes=33303
2026-03-14 03:34:11.190 edge /api/events status=502 upstream=B rt_ms=302 bytes=7645
2026-03-14 03:34:12.923 edge /api/events status=200 upstream=B rt_ms=71 bytes=27630
2026-03-14 03:34:14.759 edge /api/events status=200 upstream=B rt_ms=84 bytes=21009
2026-03-14 03:34:15.045 edge / status=200 upstream=B rt_ms=17 bytes=25341
2026-03-14 03:34:15.055 edge /healthz status=404 upstream=B rt_ms=376 bytes=15093
2026-03-14 03:34:15.878 edge /api/orders status=200 upstream=B rt_ms=34 bytes=16739
2026-03-14 03:34:17.092 edge /api/orders status=200 upstream=B rt_ms=357 bytes=36154
2026-03-14 03:34:17.461 edge /healthz status=502 upstream=B rt_ms=170 bytes=18416
2026-03-14 03:34:18.845 edge / status=500 upstream=B rt_ms=345 bytes=26832
2026-03-14 03:34:19.205 edge /api/events status=200 upstream=B rt_ms=232 bytes=19584
2026-03-14 03:34:19.481 edge /api/orders status=200 upstream=B rt_ms=131 bytes=20631
2026-03-14 03:34:20.533 edge /api/orders status=200 upstream=B rt_ms=175 bytes=28978
2026-03-14 03:34:21.826 edge /api/events status=502 upstream=B rt_ms=295 bytes=31080
2026-03-14 03:34:25.431 edge / status=200 upstream=B rt_ms=172 bytes=7012
2026-03-14 03:34:25.780 edge / status=200 upstream=B rt_ms=253 bytes=28709
2026-03-14 03:34:26.834 edge /static/style.css status=200 upstream=B rt_ms=243 bytes=21894
2026-03-14 03:34:27.078 edge /static/style.css status=200 upstream=B rt_ms=281 bytes=29526
2026-03-14 03:34:27.323 edge /api/orders status=200 upstream=B rt_ms=108 bytes=25620
2026-03-14 03:34:28.137 edge / status=200 upstream=B rt_ms=58 bytes=41059
2026-03-14 03:34:28.563 edge /api/events status=500 upstream=B rt_ms=202 bytes=19890
2026-03-14 03:34:29.154 edge /healthz status=200 upstream=B rt_ms=70 bytes=33667
2026-03-14 03:34:30.119 edge / status=502 upstream=B rt_ms=29 bytes=2249
2026-03-14 03:34:30.691 edge /static/style.css status=200 upstream=B rt_ms=2 bytes=21496
2026-03-14 03:34:31.810 edge /api/orders status=502 upstream=B rt_ms=313 bytes=12623
2026-03-14 03:34:32.149 edge /static/style.css status=200 upstream=B rt_ms=222 bytes=17166
2026-03-14 03:34:32.812 edge /api/orders status=502 upstream=B rt_ms=172 bytes=671
2026-03-14 03:34:33.278 edge /healthz status=404 upstream=B rt_ms=84 bytes=7405
2026-03-14 03:34:33.514 edge / status=200 upstream=B rt_ms=352 bytes=34754
2026-03-14 03:34:34.078 edge /api/orders status=200 upstream=B rt_ms=237 bytes=5519
2026-03-14 03:34:34.718 edge /api/events status=502 upstream=B rt_ms=20 bytes=18801
2026-03-14 03:34:35.745 edge / status=200 upstream=B rt_ms=104 bytes=10874
2026-03-14 03:34:37.156 edge /healthz status=502 upstream=B rt_ms=298 bytes=30141
2026-03-14 03:34:37.448 edge /api/events status=404 upstream=B rt_ms=224 bytes=7515
2026-03-14 03:34:38.017 edge /healthz status=500 upstream=B rt_ms=228 bytes=27388
2026-03-14 03:34:40.789 edge /api/events status=200 upstream=B rt_ms=119 bytes=8780
2026-03-14 03:34:41.405 edge /api/orders status=200 upstream=B rt_ms=241 bytes=37410
2026-03-14 03:34:42.050 edge /healthz status=502 upstream=B rt_ms=88 bytes=4325
2026-03-14 03:34:44.097 edge /static/style.css status=200 upstream=B rt_ms=18 bytes=8368
2026-03-14 03:34:46.443 edge / status=200 upstream=B rt_ms=85 bytes=8301
2026-03-14 03:34:46.463 edge /healthz status=200 upstream=B rt_ms=140 bytes=12655
2026-03-14 03:34:47.168 edge /healthz status=200 upstream=B rt_ms=132 bytes=30073
2026-03-14 03:34:47.304 edge / status=200 upstream=B rt_ms=373 bytes=12648
2026-03-14 03:34:49.652 edge / status=502 upstream=B rt_ms=372 bytes=5977
2026-03-14 03:34:49.664 edge /healthz status=200 upstream=B rt_ms=194 bytes=9768
2026-03-14 03:34:50.873 edge /healthz status=502 upstream=B rt_ms=176 bytes=16223
2026-03-14 03:34:52.030 edge /static/style.css status=200 upstream=B rt_ms=308 bytes=32584
2026-03-14 03:34:53.170 edge / status=200 upstream=B rt_ms=133 bytes=36814
2026-03-14 03:34:53.324 edge /static/style.css status=200 upstream=B rt_ms=90 bytes=30636
2026-03-14 03:34:54.022 edge / status=200 upstream=B rt_ms=244 bytes=38058
2026-03-14 03:34:56.269 edge /api/events status=200 upstream=B rt_ms=228 bytes=22342
2026-03-14 03:34:56.363 edge /api/events status=200 upstream=B rt_ms=221 bytes=14624
2026-03-14 03:34:57.670 edge /api/orders status=200 upstream=B rt_ms=47 bytes=12386
2026-03-14 03:34:57.785 edge /static/style.css status=502 upstream=B rt_ms=399 bytes=35623
2026-03-14 03:34:57.789 edge /static/style.css status=200 upstream=B rt_ms=254 bytes=17155
2026-03-14 03:34:58.893 edge /healthz status=200 upstream=B rt_ms=128 bytes=37125
