job,trial,call_id,input_tokens,output_tokens,status,returned_model
har120-000227-a1,har120-000227-a1__7WRBQ4u,1,1455,99,200,XiaomiMiMo/MiMo-V2.6-Distill-Qwen-9B
har120-000227-a1,har120-000227-a1__7WRBQ4u,2,2008,81,200,XiaomiMiMo/MiMo-V2.6-Distill-Qwen-9B
har120-000227-a1,har120-000227-a1__7WRBQ4u,3,2381,201,200,XiaomiMiMo/MiMo-V2.6-Distill-Qwen-9B
har120-000227-a1,har120-000227-a1__7WRBQ4u,4,2944,39,200,XiaomiMiMo/MiMo-V2.6-Distill-Qwen-9B
har120-000227-a1,har120-000227-a1__7WRBQ4u,5,3118,51,200,XiaomiMiMo/MiMo-V2.6-Distill-Qwen-9B
har120-000227-a1,har120-000227-a1__7WRBQ4u,6,3728,436,200,XiaomiMiMo/MiMo-V2.6-Distill-Qwen-9B
har120-000227-a1,har120-000227-a1__7WRBQ4u,7,4462,182,200,XiaomiMiMo/MiMo-V2.6-Distill-Qwen-9B
har120-000227-a1,har120-000227-a1__7WRBQ4u,8,4748,91,200,XiaomiMiMo/MiMo-V2.6-Distill-Qwen-9B
har120-000227-a1,har120-000227-a1__7WRBQ4u,9,5343,37,200,XiaomiMiMo/MiMo-V2.6-Distill-Qwen-9B
har120-000227-a1,har120-000227-a1__7WRBQ4u,10,5948,39,200,XiaomiMiMo/MiMo-V2.6-Distill-Qwen-9B
har120-000227-a1,har120-000227-a1__7WRBQ4u,11,6422,85,200,XiaomiMiMo/MiMo-V2.6-Distill-Qwen-9B
har120-000227-a1,har120-000227-a1__7WRBQ4u,12,7004,39,200,XiaomiMiMo/MiMo-V2.6-Distill-Qwen-9B
har120-000227-a1,har120-000227-a1__7WRBQ4u,13,7651,39,200,XiaomiMiMo/MiMo-V2.6-Distill-Qwen-9B
har120-000227-a1,har120-000227-a1__7WRBQ4u,14,8296,39,200,XiaomiMiMo/MiMo-V2.6-Distill-Qwen-9B
har120-000227-a1,har120-000227-a1__7WRBQ4u,15,8930,39,200,XiaomiMiMo/MiMo-V2.6-Distill-Qwen-9B
har120-000227-a1,har120-000227-a1__7WRBQ4u,16,9434,39,200,XiaomiMiMo/MiMo-V2.6-Distill-Qwen-9B
har120-000227-a1,har120-000227-a1__7WRBQ4u,17,9904,39,200,XiaomiMiMo/MiMo-V2.6-Distill-Qwen-9B
har120-000227-a1,har120-000227-a1__7WRBQ4u,18,10480,39,200,XiaomiMiMo/MiMo-V2.6-Distill-Qwen-9B
har120-000227-a1,har120-000227-a1__7WRBQ4u,19,11039,39,200,XiaomiMiMo/MiMo-V2.6-Distill-Qwen-9B
har120-000227-a1,har120-000227-a1__7WRBQ4u,20,11679,39,200,XiaomiMiMo/MiMo-V2.6-Distill-Qwen-9B
har120-000227-a1,har120-000227-a1__7WRBQ4u,21,12145,39,200,XiaomiMiMo/MiMo-V2.6-Distill-Qwen-9B
har120-000227-a1,har120-000227-a1__7WRBQ4u,22,12752,39,200,XiaomiMiMo/MiMo-V2.6-Distill-Qwen-9B
har120-000227-a1,har120-000227-a1__7WRBQ4u,23,13176,46,200,XiaomiMiMo/MiMo-V2.6-Distill-Qwen-9B
har120-000227-a1,har120-000227-a1__7WRBQ4u,24,13440,39,200,XiaomiMiMo/MiMo-V2.6-Distill-Qwen-9B
har120-000227-a1,har120-000227-a1__7WRBQ4u,25,14049,39,200,XiaomiMiMo/MiMo-V2.6-Distill-Qwen-9B
har120-000227-a1,har120-000227-a1__7WRBQ4u,26,14588,39,200,XiaomiMiMo/MiMo-V2.6-Distill-Qwen-9B
har120-000227-a1,har120-000227-a1__7WRBQ4u,27,14900,39,200,XiaomiMiMo/MiMo-V2.6-Distill-Qwen-9B
har120-000227-a1,har120-000227-a1__7WRBQ4u,28,15398,39,200,XiaomiMiMo/MiMo-V2.6-Distill-Qwen-9B
har120-000227-a1,har120-000227-a1__7WRBQ4u,29,15926,39,200,XiaomiMiMo/MiMo-V2.6-Distill-Qwen-9B
har120-000227-a1,har120-000227-a1__7WRBQ4u,30,16458,39,200,XiaomiMiMo/MiMo-V2.6-Distill-Qwen-9B
har120-000227-a1,har120-000227-a1__7WRBQ4u,31,17078,36,200,XiaomiMiMo/MiMo-V2.6-Distill-Qwen-9B
har120-000227-a1,har120-000227-a1__7WRBQ4u,32,17797,39,200,XiaomiMiMo/MiMo-V2.6-Distill-Qwen-9B
har120-000227-a1,har120-000227-a1__7WRBQ4u,33,18426,39,200,XiaomiMiMo/MiMo-V2.6-Distill-Qwen-9B
har120-000227-a1,har120-000227-a1__7WRBQ4u,34,18816,37,200,XiaomiMiMo/MiMo-V2.6-Distill-Qwen-9B
har120-000227-a1,har120-000227-a1__7WRBQ4u,35,19213,38,200,XiaomiMiMo/MiMo-V2.6-Distill-Qwen-9B
har120-000227-a1,har120-000227-a1__7WRBQ4u,36,19784,39,200,XiaomiMiMo/MiMo-V2.6-Distill-Qwen-9B
har120-000227-a1,har120-000227-a1__7WRBQ4u,37,20329,39,200,XiaomiMiMo/MiMo-V2.6-Distill-Qwen-9B
har120-000227-a1,har120-000227-a1__7WRBQ4u,38,20670,55,200,XiaomiMiMo/MiMo-V2.6-Distill-Qwen-9B
har120-000227-a1,har120-000227-a1__7WRBQ4u,39,20917,34,200,XiaomiMiMo/MiMo-V2.6-Distill-Qwen-9B
har120-000227-a1,har120-000227-a1__7WRBQ4u,40,21151,29,200,XiaomiMiMo/MiMo-V2.6-Distill-Qwen-9B
har120-000227-a1,har120-000227-a1__7WRBQ4u,41,21495,37,200,XiaomiMiMo/MiMo-V2.6-Distill-Qwen-9B
har120-000227-a1,har120-000227-a1__7WRBQ4u,42,21809,39,200,XiaomiMiMo/MiMo-V2.6-Distill-Qwen-9B
har120-000227-a1,har120-000227-a1__7WRBQ4u,43,22354,39,200,XiaomiMiMo/MiMo-V2.6-Distill-Qwen-9B
har120-000227-a1,har120-000227-a1__7WRBQ4u,44,22790,39,200,XiaomiMiMo/MiMo-V2.6-Distill-Qwen-9B
har120-000227-a1,har120-000227-a1__7WRBQ4u,45,23149,39,200,XiaomiMiMo/MiMo-V2.6-Distill-Qwen-9B
har120-000227-a1,har120-000227-a1__7WRBQ4u,46,23547,55,200,XiaomiMiMo/MiMo-V2.6-Distill-Qwen-9B
har120-000227-a1,har120-000227-a1__7WRBQ4u,47,23842,38,200,XiaomiMiMo/MiMo-V2.6-Distill-Qwen-9B
har120-000227-a1,har120-000227-a1__7WRBQ4u,48,24322,38,200,XiaomiMiMo/MiMo-V2.6-Distill-Qwen-9B
har120-000227-a1,har120-000227-a1__7WRBQ4u,49,24610,45,200,XiaomiMiMo/MiMo-V2.6-Distill-Qwen-9B
har120-000227-a1,har120-000227-a1__7WRBQ4u,50,25304,39,200,XiaomiMiMo/MiMo-V2.6-Distill-Qwen-9B
har120-000227-a1,har120-000227-a1__7WRBQ4u,51,25914,38,200,XiaomiMiMo/MiMo-V2.6-Distill-Qwen-9B
har120-000227-a1,har120-000227-a1__7WRBQ4u,52,26233,40,200,XiaomiMiMo/MiMo-V2.6-Distill-Qwen-9B
har120-000227-a1,har120-000227-a1__7WRBQ4u,53,26626,40,200,XiaomiMiMo/MiMo-V2.6-Distill-Qwen-9B
har120-000227-a1,har120-000227-a1__7WRBQ4u,54,27302,40,200,XiaomiMiMo/MiMo-V2.6-Distill-Qwen-9B
har120-000227-a1,har120-000227-a1__7WRBQ4u,55,27484,53,200,XiaomiMiMo/MiMo-V2.6-Distill-Qwen-9B
har120-000227-a1,har120-000227-a1__7WRBQ4u,56,27731,91,200,XiaomiMiMo/MiMo-V2.6-Distill-Qwen-9B
har120-000227-a1,har120-000227-a1__7WRBQ4u,57,28419,40,200,XiaomiMiMo/MiMo-V2.6-Distill-Qwen-9B
har120-000227-a1,har120-000227-a1__7WRBQ4u,58,28965,40,200,XiaomiMiMo/MiMo-V2.6-Distill-Qwen-9B
har120-000227-a1,har120-000227-a1__7WRBQ4u,59,29455,37,200,XiaomiMiMo/MiMo-V2.6-Distill-Qwen-9B
har120-000227-a1,har120-000227-a1__7WRBQ4u,60,29839,36,200,XiaomiMiMo/MiMo-V2.6-Distill-Qwen-9B
har120-000227-a1,har120-000227-a1__7WRBQ4u,61,30478,39,200,XiaomiMiMo/MiMo-V2.6-Distill-Qwen-9B
har120-000227-a1,har120-000227-a1__7WRBQ4u,62,30895,39,200,XiaomiMiMo/MiMo-V2.6-Distill-Qwen-9B
har120-000227-a1,har120-000227-a1__7WRBQ4u,63,31368,39,200,XiaomiMiMo/MiMo-V2.6-Distill-Qwen-9B
har120-000227-a1,har120-000227-a1__7WRBQ4u,64,31929,39,200,XiaomiMiMo/MiMo-V2.6-Distill-Qwen-9B
har120-000227-a1,har120-000227-a1__7WRBQ4u,65,32248,39,200,XiaomiMiMo/MiMo-V2.6-Distill-Qwen-9B
har120-000227-a1,har120-000227-a1__7WRBQ4u,66,32675,39,200,XiaomiMiMo/MiMo-V2.6-Distill-Qwen-9B
har120-000227-a1,har120-000227-a1__7WRBQ4u,67,33031,39,200,XiaomiMiMo/MiMo-V2.6-Distill-Qwen-9B
har120-000227-a1,har120-000227-a1__7WRBQ4u,68,33505,39,200,XiaomiMiMo/MiMo-V2.6-Distill-Qwen-9B
har120-000227-a1,har120-000227-a1__7WRBQ4u,69,33876,38,200,XiaomiMiMo/MiMo-V2.6-Distill-Qwen-9B
har120-000227-a1,har120-000227-a1__7WRBQ4u,70,34188,39,200,XiaomiMiMo/MiMo-V2.6-Distill-Qwen-9B
har120-000227-a1,har120-000227-a1__7WRBQ4u,71,34671,39,200,XiaomiMiMo/MiMo-V2.6-Distill-Qwen-9B
har120-000227-a1,har120-000227-a1__7WRBQ4u,72,35243,39,200,XiaomiMiMo/MiMo-V2.6-Distill-Qwen-9B
har120-000227-a1,har120-000227-a1__7WRBQ4u,73,35674,39,200,XiaomiMiMo/MiMo-V2.6-Distill-Qwen-9B
har120-000227-a1,har120-000227-a1__7WRBQ4u,74,36067,39,200,XiaomiMiMo/MiMo-V2.6-Distill-Qwen-9B
har120-000227-a1,har120-000227-a1__7WRBQ4u,75,36338,39,200,XiaomiMiMo/MiMo-V2.6-Distill-Qwen-9B
har120-000227-a1,har120-000227-a1__7WRBQ4u,76,36852,39,200,XiaomiMiMo/MiMo-V2.6-Distill-Qwen-9B
har120-000227-a1,har120-000227-a1__7WRBQ4u,77,37179,39,200,XiaomiMiMo/MiMo-V2.6-Distill-Qwen-9B
har120-000227-a1,har120-000227-a1__7WRBQ4u,78,37454,39,200,XiaomiMiMo/MiMo-V2.6-Distill-Qwen-9B
har120-000227-a1,har120-000227-a1__7WRBQ4u,79,37741,39,200,XiaomiMiMo/MiMo-V2.6-Distill-Qwen-9B
har120-000227-a1,har120-000227-a1__7WRBQ4u,80,38042,38,200,XiaomiMiMo/MiMo-V2.6-Distill-Qwen-9B
har120-000227-a1,har120-000227-a1__7WRBQ4u,81,38331,37,200,XiaomiMiMo/MiMo-V2.6-Distill-Qwen-9B
har120-000227-a1,har120-000227-a1__7WRBQ4u,82,38617,37,200,XiaomiMiMo/MiMo-V2.6-Distill-Qwen-9B
har120-000227-a1,har120-000227-a1__7WRBQ4u,83,38943,37,200,XiaomiMiMo/MiMo-V2.6-Distill-Qwen-9B
har120-000227-a1,har120-000227-a1__7WRBQ4u,84,39232,37,200,XiaomiMiMo/MiMo-V2.6-Distill-Qwen-9B
har120-000227-a1,har120-000227-a1__7WRBQ4u,85,39465,37,200,XiaomiMiMo/MiMo-V2.6-Distill-Qwen-9B
har120-000227-a1,har120-000227-a1__7WRBQ4u,86,39692,36,200,XiaomiMiMo/MiMo-V2.6-Distill-Qwen-9B
har120-000227-a1,har120-000227-a1__7WRBQ4u,87,40127,37,200,XiaomiMiMo/MiMo-V2.6-Distill-Qwen-9B
har120-000227-a1,har120-000227-a1__7WRBQ4u,88,40561,39,200,XiaomiMiMo/MiMo-V2.6-Distill-Qwen-9B
har120-000227-a1,har120-000227-a1__7WRBQ4u,89,41354,42,200,XiaomiMiMo/MiMo-V2.6-Distill-Qwen-9B
har120-000227-a1,har120-000227-a1__7WRBQ4u,90,41537,33,200,XiaomiMiMo/MiMo-V2.6-Distill-Qwen-9B
har120-000227-a1,har120-000227-a1__7WRBQ4u,91,41746,39,200,XiaomiMiMo/MiMo-V2.6-Distill-Qwen-9B
har120-000227-a1,har120-000227-a1__7WRBQ4u,92,42167,39,200,XiaomiMiMo/MiMo-V2.6-Distill-Qwen-9B
har120-000227-a1,har120-000227-a1__7WRBQ4u,93,42482,39,200,XiaomiMiMo/MiMo-V2.6-Distill-Qwen-9B
har120-000227-a1,har120-000227-a1__7WRBQ4u,94,42808,39,200,XiaomiMiMo/MiMo-V2.6-Distill-Qwen-9B
har120-000227-a1,har120-000227-a1__7WRBQ4u,95,43291,39,200,XiaomiMiMo/MiMo-V2.6-Distill-Qwen-9B
har120-000227-a1,har120-000227-a1__7WRBQ4u,96,43561,39,200,XiaomiMiMo/MiMo-V2.6-Distill-Qwen-9B
har120-000227-a1,har120-000227-a1__7WRBQ4u,97,43965,39,200,XiaomiMiMo/MiMo-V2.6-Distill-Qwen-9B
har120-000227-a1,har120-000227-a1__7WRBQ4u,98,44226,39,200,XiaomiMiMo/MiMo-V2.6-Distill-Qwen-9B
har120-000227-a1,har120-000227-a1__7WRBQ4u,99,44458,39,200,XiaomiMiMo/MiMo-V2.6-Distill-Qwen-9B
har120-000341-a1,har120-000341-a1__MYkGYQZ,1,1092,87,200,XiaomiMiMo/MiMo-V2.6-Distill-Qwen-9B
har120-000341-a1,har120-000341-a1__MYkGYQZ,2,2049,81,200,XiaomiMiMo/MiMo-V2.6-Distill-Qwen-9B
har120-000341-a1,har120-000341-a1__MYkGYQZ,3,2782,41,200,XiaomiMiMo/MiMo-V2.6-Distill-Qwen-9B
har120-000341-a1,har120-000341-a1__MYkGYQZ,4,3565,38,200,XiaomiMiMo/MiMo-V2.6-Distill-Qwen-9B
har120-000341-a1,har120-000341-a1__MYkGYQZ,5,4218,83,200,XiaomiMiMo/MiMo-V2.6-Distill-Qwen-9B
har120-000341-a1,har120-000341-a1__MYkGYQZ,6,5034,57,200,XiaomiMiMo/MiMo-V2.6-Distill-Qwen-9B
har120-000341-a1,har120-000341-a1__MYkGYQZ,7,5812,40,200,XiaomiMiMo/MiMo-V2.6-Distill-Qwen-9B
har120-000341-a1,har120-000341-a1__MYkGYQZ,8,6217,106,200,XiaomiMiMo/MiMo-V2.6-Distill-Qwen-9B
har120-000341-a1,har120-000341-a1__MYkGYQZ,9,6664,42,200,XiaomiMiMo/MiMo-V2.6-Distill-Qwen-9B
har120-000341-a1,har120-000341-a1__MYkGYQZ,10,7060,42,200,XiaomiMiMo/MiMo-V2.6-Distill-Qwen-9B
har120-000341-a1,har120-000341-a1__MYkGYQZ,11,7507,66,200,XiaomiMiMo/MiMo-V2.6-Distill-Qwen-9B
har120-000341-a1,har120-000341-a1__MYkGYQZ,12,8010,42,200,XiaomiMiMo/MiMo-V2.6-Distill-Qwen-9B
har120-000341-a1,har120-000341-a1__MYkGYQZ,13,8669,42,200,XiaomiMiMo/MiMo-V2.6-Distill-Qwen-9B
har120-000341-a1,har120-000341-a1__MYkGYQZ,14,8963,75,200,XiaomiMiMo/MiMo-V2.6-Distill-Qwen-9B
har120-000341-a1,har120-000341-a1__MYkGYQZ,15,9181,126,200,XiaomiMiMo/MiMo-V2.6-Distill-Qwen-9B
har120-000341-a1,har120-000341-a1__MYkGYQZ,16,10021,38,200,XiaomiMiMo/MiMo-V2.6-Distill-Qwen-9B
har120-000341-a1,har120-000341-a1__MYkGYQZ,17,10738,38,200,XiaomiMiMo/MiMo-V2.6-Distill-Qwen-9B
har120-000341-a1,har120-000341-a1__MYkGYQZ,18,11309,2459,200,XiaomiMiMo/MiMo-V2.6-Distill-Qwen-9B
har120-000341-a1,har120-000341-a1__MYkGYQZ,19,11738,1557,200,XiaomiMiMo/MiMo-V2.6-Distill-Qwen-9B
har120-000341-a1,har120-000341-a1__MYkGYQZ,20,12193,66,200,XiaomiMiMo/MiMo-V2.6-Distill-Qwen-9B
har120-000341-a1,har120-000341-a1__MYkGYQZ,21,12972,69,200,XiaomiMiMo/MiMo-V2.6-Distill-Qwen-9B
har120-000341-a1,har120-000341-a1__MYkGYQZ,22,13432,64,200,XiaomiMiMo/MiMo-V2.6-Distill-Qwen-9B
har120-000341-a1,har120-000341-a1__MYkGYQZ,23,14212,61,200,XiaomiMiMo/MiMo-V2.6-Distill-Qwen-9B
har120-000341-a1,har120-000341-a1__MYkGYQZ,24,14863,90,200,XiaomiMiMo/MiMo-V2.6-Distill-Qwen-9B
har120-000341-a1,har120-000341-a1__MYkGYQZ,25,15643,48,200,XiaomiMiMo/MiMo-V2.6-Distill-Qwen-9B
har120-000341-a1,har120-000341-a1__MYkGYQZ,26,15833,82,200,XiaomiMiMo/MiMo-V2.6-Distill-Qwen-9B
har120-000341-a1,har120-000341-a1__MYkGYQZ,27,16469,71,200,XiaomiMiMo/MiMo-V2.6-Distill-Qwen-9B
har120-000341-a1,har120-000341-a1__MYkGYQZ,28,17175,42,200,XiaomiMiMo/MiMo-V2.6-Distill-Qwen-9B
har120-000341-a1,har120-000341-a1__MYkGYQZ,29,17820,94,200,XiaomiMiMo/MiMo-V2.6-Distill-Qwen-9B
har120-000341-a1,har120-000341-a1__MYkGYQZ,30,18571,42,200,XiaomiMiMo/MiMo-V2.6-Distill-Qwen-9B
har120-000341-a1,har120-000341-a1__MYkGYQZ,31,19051,114,200,XiaomiMiMo/MiMo-V2.6-Distill-Qwen-9B
har120-000341-a1,har120-000341-a1__MYkGYQZ,32,19816,88,200,XiaomiMiMo/MiMo-V2.6-Distill-Qwen-9B
har120-000341-a1,har120-000341-a1__MYkGYQZ,33,20514,66,200,XiaomiMiMo/MiMo-V2.6-Distill-Qwen-9B
har120-000341-a1,har120-000341-a1__MYkGYQZ,34,20997,63,200,XiaomiMiMo/MiMo-V2.6-Distill-Qwen-9B
har120-000341-a1,har120-000341-a1__MYkGYQZ,35,21383,43,200,XiaomiMiMo/MiMo-V2.6-Distill-Qwen-9B
har120-000341-a1,har120-000341-a1__MYkGYQZ,36,22042,36,200,XiaomiMiMo/MiMo-V2.6-Distill-Qwen-9B
har120-000341-a1,har120-000341-a1__MYkGYQZ,37,22344,326,200,XiaomiMiMo/MiMo-V2.6-Distill-Qwen-9B
har120-000341-a1,har120-000341-a1__MYkGYQZ,38,23307,42,200,XiaomiMiMo/MiMo-V2.6-Distill-Qwen-9B
har120-000341-a1,har120-000341-a1__MYkGYQZ,39,23790,109,200,XiaomiMiMo/MiMo-V2.6-Distill-Qwen-9B
har120-000341-a1,har120-000341-a1__MYkGYQZ,40,24110,105,200,XiaomiMiMo/MiMo-V2.6-Distill-Qwen-9B
har120-000341-a1,har120-000341-a1__MYkGYQZ,41,24730,143,200,XiaomiMiMo/MiMo-V2.6-Distill-Qwen-9B
har120-000341-a1,har120-000341-a1__MYkGYQZ,42,25543,115,200,XiaomiMiMo/MiMo-V2.6-Distill-Qwen-9B
har120-000341-a1,har120-000341-a1__MYkGYQZ,43,26085,64,200,XiaomiMiMo/MiMo-V2.6-Distill-Qwen-9B
har120-000341-a1,har120-000341-a1__MYkGYQZ,44,26813,135,200,XiaomiMiMo/MiMo-V2.6-Distill-Qwen-9B
har120-000341-a1,har120-000341-a1__MYkGYQZ,45,27494,101,200,XiaomiMiMo/MiMo-V2.6-Distill-Qwen-9B
har120-000341-a1,har120-000341-a1__MYkGYQZ,46,28271,69,200,XiaomiMiMo/MiMo-V2.6-Distill-Qwen-9B
har120-000341-a1,har120-000341-a1__MYkGYQZ,47,28833,93,200,XiaomiMiMo/MiMo-V2.6-Distill-Qwen-9B
har120-000341-a1,har120-000341-a1__MYkGYQZ,48,29585,92,200,XiaomiMiMo/MiMo-V2.6-Distill-Qwen-9B
har120-000341-a1,har120-000341-a1__MYkGYQZ,49,30187,41,200,XiaomiMiMo/MiMo-V2.6-Distill-Qwen-9B
har120-000341-a1,har120-000341-a1__MYkGYQZ,50,30621,63,200,XiaomiMiMo/MiMo-V2.6-Distill-Qwen-9B
har120-000341-a1,har120-000341-a1__MYkGYQZ,51,31140,84,200,XiaomiMiMo/MiMo-V2.6-Distill-Qwen-9B
har120-000341-a1,har120-000341-a1__MYkGYQZ,52,31655,67,200,XiaomiMiMo/MiMo-V2.6-Distill-Qwen-9B
har120-000341-a1,har120-000341-a1__MYkGYQZ,53,32109,77,200,XiaomiMiMo/MiMo-V2.6-Distill-Qwen-9B
har120-000341-a1,har120-000341-a1__MYkGYQZ,54,32658,126,200,XiaomiMiMo/MiMo-V2.6-Distill-Qwen-9B
har120-000341-a1,har120-000341-a1__MYkGYQZ,55,33162,73,200,XiaomiMiMo/MiMo-V2.6-Distill-Qwen-9B
har120-000341-a1,har120-000341-a1__MYkGYQZ,56,33676,158,200,XiaomiMiMo/MiMo-V2.6-Distill-Qwen-9B
har120-000341-a1,har120-000341-a1__MYkGYQZ,57,34416,1250,200,XiaomiMiMo/MiMo-V2.6-Distill-Qwen-9B
har120-000341-a1,har120-000341-a1__MYkGYQZ,58,35792,102,200,XiaomiMiMo/MiMo-V2.6-Distill-Qwen-9B
har120-000341-a1,har120-000341-a1__MYkGYQZ,59,36027,48,200,XiaomiMiMo/MiMo-V2.6-Distill-Qwen-9B
har120-000341-a1,har120-000341-a1__MYkGYQZ,60,36345,74,200,XiaomiMiMo/MiMo-V2.6-Distill-Qwen-9B
har120-000341-a1,har120-000341-a1__MYkGYQZ,61,36919,88,200,XiaomiMiMo/MiMo-V2.6-Distill-Qwen-9B
har120-000341-a1,har120-000341-a1__MYkGYQZ,62,37513,447,200,XiaomiMiMo/MiMo-V2.6-Distill-Qwen-9B
har120-000341-a1,har120-000341-a1__MYkGYQZ,63,38365,1226,200,XiaomiMiMo/MiMo-V2.6-Distill-Qwen-9B
har120-000341-a1,har120-000341-a1__MYkGYQZ,64,40150,55,200,XiaomiMiMo/MiMo-V2.6-Distill-Qwen-9B
har120-000341-a1,har120-000341-a1__MYkGYQZ,65,40802,68,200,XiaomiMiMo/MiMo-V2.6-Distill-Qwen-9B
har120-000341-a1,har120-000341-a1__MYkGYQZ,66,41028,942,200,XiaomiMiMo/MiMo-V2.6-Distill-Qwen-9B
har120-000341-a1,har120-000341-a1__MYkGYQZ,67,42542,1282,200,XiaomiMiMo/MiMo-V2.6-Distill-Qwen-9B
har120-000341-a1,har120-000341-a1__MYkGYQZ,68,44377,94,200,XiaomiMiMo/MiMo-V2.6-Distill-Qwen-9B
har120-000341-a1,har120-000341-a1__MYkGYQZ,69,44953,647,200,XiaomiMiMo/MiMo-V2.6-Distill-Qwen-9B
har120-000341-a1,har120-000341-a1__MYkGYQZ,70,46279,63,200,XiaomiMiMo/MiMo-V2.6-Distill-Qwen-9B
har120-000341-a1,har120-000341-a1__MYkGYQZ,71,46502,343,200,XiaomiMiMo/MiMo-V2.6-Distill-Qwen-9B
har120-000341-a1,har120-000341-a1__MYkGYQZ,72,47330,114,200,XiaomiMiMo/MiMo-V2.6-Distill-Qwen-9B
har120-000341-a1,har120-000341-a1__MYkGYQZ,73,47906,80,200,XiaomiMiMo/MiMo-V2.6-Distill-Qwen-9B
har120-000341-a1,har120-000341-a1__MYkGYQZ,74,48176,390,200,XiaomiMiMo/MiMo-V2.6-Distill-Qwen-9B
har120-000341-a1,har120-000341-a1__MYkGYQZ,75,48668,248,200,XiaomiMiMo/MiMo-V2.6-Distill-Qwen-9B
har120-000341-a1,har120-000341-a1__MYkGYQZ,76,49031,21,200,XiaomiMiMo/MiMo-V2.6-Distill-Qwen-9B
har120-000341-a1,har120-000341-a1__MYkGYQZ,77,49167,21,200,XiaomiMiMo/MiMo-V2.6-Distill-Qwen-9B
har120-000341-a1,har120-000341-a1__MYkGYQZ,78,49303,21,200,XiaomiMiMo/MiMo-V2.6-Distill-Qwen-9B
har120-000341-a1,har120-000341-a1__MYkGYQZ,79,49439,36,200,XiaomiMiMo/MiMo-V2.6-Distill-Qwen-9B
har120-000341-a1,har120-000341-a1__MYkGYQZ,80,49594,22,200,XiaomiMiMo/MiMo-V2.6-Distill-Qwen-9B
har120-000341-a1,har120-000341-a1__MYkGYQZ,81,49733,65,200,XiaomiMiMo/MiMo-V2.6-Distill-Qwen-9B
har120-000341-a1,har120-000341-a1__MYkGYQZ,82,49966,48,200,XiaomiMiMo/MiMo-V2.6-Distill-Qwen-9B
har120-000341-a1,har120-000341-a1__MYkGYQZ,83,50134,36,200,XiaomiMiMo/MiMo-V2.6-Distill-Qwen-9B
har120-000341-a1,har120-000341-a1__MYkGYQZ,84,50291,220,200,XiaomiMiMo/MiMo-V2.6-Distill-Qwen-9B
har120-000341-a1,har120-000341-a1__MYkGYQZ,85,50630,32,200,XiaomiMiMo/MiMo-V2.6-Distill-Qwen-9B
har120-000341-a1,har120-000341-a1__MYkGYQZ,86,50779,33,200,XiaomiMiMo/MiMo-V2.6-Distill-Qwen-9B
har120-000341-a1,har120-000341-a1__MYkGYQZ,87,50933,40,200,XiaomiMiMo/MiMo-V2.6-Distill-Qwen-9B
har120-000341-a1,har120-000341-a1__MYkGYQZ,88,51098,31,200,XiaomiMiMo/MiMo-V2.6-Distill-Qwen-9B
har120-000552-a1,har120-000552-a1__WdaAJgE,1,1610,55,200,XiaomiMiMo/MiMo-V2.6-Distill-Qwen-9B
har120-000552-a1,har120-000552-a1__WdaAJgE,2,2070,52,200,XiaomiMiMo/MiMo-V2.6-Distill-Qwen-9B
har120-000552-a1,har120-000552-a1__WdaAJgE,3,2166,52,200,XiaomiMiMo/MiMo-V2.6-Distill-Qwen-9B
har120-000552-a1,har120-000552-a1__WdaAJgE,4,2262,66,200,XiaomiMiMo/MiMo-V2.6-Distill-Qwen-9B
har120-000552-a1,har120-000552-a1__WdaAJgE,5,3110,89,200,XiaomiMiMo/MiMo-V2.6-Distill-Qwen-9B
har120-000552-a1,har120-000552-a1__WdaAJgE,6,3978,42,200,XiaomiMiMo/MiMo-V2.6-Distill-Qwen-9B
har120-000552-a1,har120-000552-a1__WdaAJgE,7,4640,120,200,XiaomiMiMo/MiMo-V2.6-Distill-Qwen-9B
har120-000552-a1,har120-000552-a1__WdaAJgE,8,5156,130,200,XiaomiMiMo/MiMo-V2.6-Distill-Qwen-9B
har120-000552-a1,har120-000552-a1__WdaAJgE,9,5486,128,200,XiaomiMiMo/MiMo-V2.6-Distill-Qwen-9B
har120-000552-a1,har120-000552-a1__WdaAJgE,10,6255,41,200,XiaomiMiMo/MiMo-V2.6-Distill-Qwen-9B
har120-000552-a1,har120-000552-a1__WdaAJgE,11,6670,42,200,XiaomiMiMo/MiMo-V2.6-Distill-Qwen-9B
har120-000552-a1,har120-000552-a1__WdaAJgE,12,7367,68,200,XiaomiMiMo/MiMo-V2.6-Distill-Qwen-9B
har120-000552-a1,har120-000552-a1__WdaAJgE,13,7925,340,200,XiaomiMiMo/MiMo-V2.6-Distill-Qwen-9B
har120-000552-a1,har120-000552-a1__WdaAJgE,14,8604,79,200,XiaomiMiMo/MiMo-V2.6-Distill-Qwen-9B
har120-000552-a1,har120-000552-a1__WdaAJgE,15,9077,85,200,XiaomiMiMo/MiMo-V2.6-Distill-Qwen-9B
har120-000552-a1,har120-000552-a1__WdaAJgE,16,9696,75,200,XiaomiMiMo/MiMo-V2.6-Distill-Qwen-9B
har120-000552-a1,har120-000552-a1__WdaAJgE,17,10071,44,200,XiaomiMiMo/MiMo-V2.6-Distill-Qwen-9B
har120-000552-a1,har120-000552-a1__WdaAJgE,18,10561,437,200,XiaomiMiMo/MiMo-V2.6-Distill-Qwen-9B
har120-000552-a1,har120-000552-a1__WdaAJgE,19,10777,44,200,XiaomiMiMo/MiMo-V2.6-Distill-Qwen-9B
har120-000552-a1,har120-000552-a1__WdaAJgE,20,11478,44,200,XiaomiMiMo/MiMo-V2.6-Distill-Qwen-9B
har120-000552-a1,har120-000552-a1__WdaAJgE,21,11968,80,200,XiaomiMiMo/MiMo-V2.6-Distill-Qwen-9B
har120-000552-a1,har120-000552-a1__WdaAJgE,22,12313,45,200,XiaomiMiMo/MiMo-V2.6-Distill-Qwen-9B
har120-000552-a1,har120-000552-a1__WdaAJgE,23,12679,67,200,XiaomiMiMo/MiMo-V2.6-Distill-Qwen-9B
har120-000552-a1,har120-000552-a1__WdaAJgE,24,13087,87,200,XiaomiMiMo/MiMo-V2.6-Distill-Qwen-9B
har120-000552-a1,har120-000552-a1__WdaAJgE,25,13607,40,200,XiaomiMiMo/MiMo-V2.6-Distill-Qwen-9B
har120-000552-a1,har120-000552-a1__WdaAJgE,26,13893,101,200,XiaomiMiMo/MiMo-V2.6-Distill-Qwen-9B
har120-000552-a1,har120-000552-a1__WdaAJgE,27,14542,82,200,XiaomiMiMo/MiMo-V2.6-Distill-Qwen-9B
har120-000552-a1,har120-000552-a1__WdaAJgE,28,15082,61,200,XiaomiMiMo/MiMo-V2.6-Distill-Qwen-9B
har120-000552-a1,har120-000552-a1__WdaAJgE,29,15550,95,200,XiaomiMiMo/MiMo-V2.6-Distill-Qwen-9B
har120-000552-a1,har120-000552-a1__WdaAJgE,30,16038,45,200,XiaomiMiMo/MiMo-V2.6-Distill-Qwen-9B
har120-000552-a1,har120-000552-a1__WdaAJgE,31,16455,45,200,XiaomiMiMo/MiMo-V2.6-Distill-Qwen-9B
har120-000552-a1,har120-000552-a1__WdaAJgE,32,16747,45,200,XiaomiMiMo/MiMo-V2.6-Distill-Qwen-9B
har120-000552-a1,har120-000552-a1__WdaAJgE,33,17049,45,200,XiaomiMiMo/MiMo-V2.6-Distill-Qwen-9B
har120-000552-a1,har120-000552-a1__WdaAJgE,34,17404,45,200,XiaomiMiMo/MiMo-V2.6-Distill-Qwen-9B
har120-000552-a1,har120-000552-a1__WdaAJgE,35,17694,45,200,XiaomiMiMo/MiMo-V2.6-Distill-Qwen-9B
har120-000552-a1,har120-000552-a1__WdaAJgE,36,17935,45,200,XiaomiMiMo/MiMo-V2.6-Distill-Qwen-9B
har120-000552-a1,har120-000552-a1__WdaAJgE,37,18194,45,200,XiaomiMiMo/MiMo-V2.6-Distill-Qwen-9B
har120-000552-a1,har120-000552-a1__WdaAJgE,38,18502,45,200,XiaomiMiMo/MiMo-V2.6-Distill-Qwen-9B
har120-000552-a1,har120-000552-a1__WdaAJgE,39,18787,45,200,XiaomiMiMo/MiMo-V2.6-Distill-Qwen-9B
har120-000552-a1,har120-000552-a1__WdaAJgE,40,19063,45,200,XiaomiMiMo/MiMo-V2.6-Distill-Qwen-9B
har120-000552-a1,har120-000552-a1__WdaAJgE,41,19343,45,200,XiaomiMiMo/MiMo-V2.6-Distill-Qwen-9B
har120-000552-a1,har120-000552-a1__WdaAJgE,42,19922,2663,200,XiaomiMiMo/MiMo-V2.6-Distill-Qwen-9B
har120-000552-a1,har120-000552-a1__WdaAJgE,43,22957,246,200,XiaomiMiMo/MiMo-V2.6-Distill-Qwen-9B
har120-000552-a1,har120-000552-a1__WdaAJgE,44,23680,1299,200,XiaomiMiMo/MiMo-V2.6-Distill-Qwen-9B
har120-000552-a1,har120-000552-a1__WdaAJgE,45,25549,1203,200,XiaomiMiMo/MiMo-V2.6-Distill-Qwen-9B
har120-000552-a1,har120-000552-a1__WdaAJgE,46,27522,1237,200,XiaomiMiMo/MiMo-V2.6-Distill-Qwen-9B
har120-000552-a1,har120-000552-a1__WdaAJgE,47,29374,1253,200,XiaomiMiMo/MiMo-V2.6-Distill-Qwen-9B
har120-000552-a1,har120-000552-a1__WdaAJgE,48,31244,72,200,XiaomiMiMo/MiMo-V2.6-Distill-Qwen-9B
har120-000552-a1,har120-000552-a1__WdaAJgE,49,31491,1280,200,XiaomiMiMo/MiMo-V2.6-Distill-Qwen-9B
har120-000552-a1,har120-000552-a1__WdaAJgE,50,33570,409,200,XiaomiMiMo/MiMo-V2.6-Distill-Qwen-9B
har120-000552-a1,har120-000552-a1__WdaAJgE,51,34530,357,200,XiaomiMiMo/MiMo-V2.6-Distill-Qwen-9B
har120-000552-a1,har120-000552-a1__WdaAJgE,52,35402,1280,200,XiaomiMiMo/MiMo-V2.6-Distill-Qwen-9B
har120-000552-a1,har120-000552-a1__WdaAJgE,53,37307,355,200,XiaomiMiMo/MiMo-V2.6-Distill-Qwen-9B
har120-000552-a1,har120-000552-a1__WdaAJgE,54,38393,1367,200,XiaomiMiMo/MiMo-V2.6-Distill-Qwen-9B
har120-000552-a1,har120-000552-a1__WdaAJgE,55,40380,1334,200,XiaomiMiMo/MiMo-V2.6-Distill-Qwen-9B
har120-000552-a1,har120-000552-a1__WdaAJgE,56,42516,1281,200,XiaomiMiMo/MiMo-V2.6-Distill-Qwen-9B
har120-000552-a1,har120-000552-a1__WdaAJgE,57,44617,834,200,XiaomiMiMo/MiMo-V2.6-Distill-Qwen-9B
har120-000552-a1,har120-000552-a1__WdaAJgE,58,45906,672,200,XiaomiMiMo/MiMo-V2.6-Distill-Qwen-9B
har120-000552-a1,har120-000552-a1__WdaAJgE,59,47326,683,200,XiaomiMiMo/MiMo-V2.6-Distill-Qwen-9B
har120-000552-a1,har120-000552-a1__WdaAJgE,60,48497,693,200,XiaomiMiMo/MiMo-V2.6-Distill-Qwen-9B
har120-000552-a1,har120-000552-a1__WdaAJgE,61,49918,329,200,XiaomiMiMo/MiMo-V2.6-Distill-Qwen-9B
har120-000552-a1,har120-000552-a1__WdaAJgE,62,50777,73,200,XiaomiMiMo/MiMo-V2.6-Distill-Qwen-9B
har120-000552-a1,har120-000552-a1__WdaAJgE,63,51004,505,200,XiaomiMiMo/MiMo-V2.6-Distill-Qwen-9B
har120-000552-a1,har120-000552-a1__WdaAJgE,64,51615,77,200,XiaomiMiMo/MiMo-V2.6-Distill-Qwen-9B
har120-000552-a1,har120-000552-a1__WdaAJgE,65,51820,24,200,XiaomiMiMo/MiMo-V2.6-Distill-Qwen-9B
har120-000552-a1,har120-000552-a1__WdaAJgE,66,51971,21,200,XiaomiMiMo/MiMo-V2.6-Distill-Qwen-9B
har120-000552-a1,har120-000552-a1__WdaAJgE,67,52114,24,200,XiaomiMiMo/MiMo-V2.6-Distill-Qwen-9B
har120-000552-a1,har120-000552-a1__WdaAJgE,68,52265,22,200,XiaomiMiMo/MiMo-V2.6-Distill-Qwen-9B
har120-000552-a1,har120-000552-a1__WdaAJgE,69,52410,80,200,XiaomiMiMo/MiMo-V2.6-Distill-Qwen-9B
har120-000552-a1,har120-000552-a1__WdaAJgE,70,52619,80,200,XiaomiMiMo/MiMo-V2.6-Distill-Qwen-9B
har120-000552-a1,har120-000552-a1__WdaAJgE,71,52828,80,200,XiaomiMiMo/MiMo-V2.6-Distill-Qwen-9B
har120-000552-a1,har120-000552-a1__WdaAJgE,72,53037,80,200,XiaomiMiMo/MiMo-V2.6-Distill-Qwen-9B
har120-000552-a1,har120-000552-a1__WdaAJgE,73,53246,80,200,XiaomiMiMo/MiMo-V2.6-Distill-Qwen-9B
har120-000552-a1,har120-000552-a1__WdaAJgE,74,53455,80,200,XiaomiMiMo/MiMo-V2.6-Distill-Qwen-9B
har120-000552-a1,har120-000552-a1__WdaAJgE,75,53664,80,200,XiaomiMiMo/MiMo-V2.6-Distill-Qwen-9B
har120-000552-a1,har120-000552-a1__WdaAJgE,76,54798,1009,200,XiaomiMiMo/MiMo-V2.6-Distill-Qwen-9B
har120-000552-a1,har120-000552-a1__WdaAJgE,77,2868,77,200,XiaomiMiMo/MiMo-V2.6-Distill-Qwen-9B
har120-000552-a1,har120-000552-a1__WdaAJgE,78,55910,63,200,XiaomiMiMo/MiMo-V2.6-Distill-Qwen-9B
har120-000552-a1,har120-000552-a1__WdaAJgE,79,4660,100,200,XiaomiMiMo/MiMo-V2.6-Distill-Qwen-9B
har120-000552-a1,har120-000552-a1__WdaAJgE,80,5309,125,200,XiaomiMiMo/MiMo-V2.6-Distill-Qwen-9B
har120-000552-a1,har120-000552-a1__WdaAJgE,81,5803,85,200,XiaomiMiMo/MiMo-V2.6-Distill-Qwen-9B
har120-000552-a1,har120-000552-a1__WdaAJgE,82,6232,56,200,XiaomiMiMo/MiMo-V2.6-Distill-Qwen-9B
har120-000552-a1,har120-000552-a1__WdaAJgE,83,6609,57,200,XiaomiMiMo/MiMo-V2.6-Distill-Qwen-9B
har120-000552-a1,har120-000552-a1__WdaAJgE,84,7087,162,200,XiaomiMiMo/MiMo-V2.6-Distill-Qwen-9B
har120-000552-a1,har120-000552-a1__WdaAJgE,85,7641,2074,200,XiaomiMiMo/MiMo-V2.6-Distill-Qwen-9B
har120-000552-a1,har120-000552-a1__WdaAJgE,86,10247,91,200,XiaomiMiMo/MiMo-V2.6-Distill-Qwen-9B
har120-000552-a1,har120-000552-a1__WdaAJgE,87,10490,1789,200,XiaomiMiMo/MiMo-V2.6-Distill-Qwen-9B
har120-000552-a1,har120-000552-a1__WdaAJgE,88,12810,1767,200,XiaomiMiMo/MiMo-V2.6-Distill-Qwen-9B
har120-000552-a1,har120-000552-a1__WdaAJgE,89,15288,1782,200,XiaomiMiMo/MiMo-V2.6-Distill-Qwen-9B
har120-000552-a1,har120-000552-a1__WdaAJgE,90,17588,1779,200,XiaomiMiMo/MiMo-V2.6-Distill-Qwen-9B
har120-000552-a1,har120-000552-a1__WdaAJgE,91,19958,1827,200,XiaomiMiMo/MiMo-V2.6-Distill-Qwen-9B
har120-000552-a1,har120-000552-a1__WdaAJgE,92,22497,169,200,XiaomiMiMo/MiMo-V2.6-Distill-Qwen-9B
har120-000552-a1,har120-000552-a1__WdaAJgE,93,23246,56,200,XiaomiMiMo/MiMo-V2.6-Distill-Qwen-9B
har120-000552-a1,har120-000552-a1__WdaAJgE,94,23402,60,200,XiaomiMiMo/MiMo-V2.6-Distill-Qwen-9B
har120-000552-a1,har120-000552-a1__WdaAJgE,95,23560,41,200,XiaomiMiMo/MiMo-V2.6-Distill-Qwen-9B
har120-000552-a1,har120-000552-a1__WdaAJgE,96,23703,57,200,XiaomiMiMo/MiMo-V2.6-Distill-Qwen-9B
har120-000552-a1,har120-000552-a1__WdaAJgE,97,23858,45,200,XiaomiMiMo/MiMo-V2.6-Distill-Qwen-9B
har120-000552-a1,har120-000552-a1__WdaAJgE,98,24001,56,200,XiaomiMiMo/MiMo-V2.6-Distill-Qwen-9B
har120-000552-a1,har120-000552-a1__WdaAJgE,99,24155,56,200,XiaomiMiMo/MiMo-V2.6-Distill-Qwen-9B
har120-000552-a1,har120-000552-a1__WdaAJgE,100,24309,56,200,XiaomiMiMo/MiMo-V2.6-Distill-Qwen-9B
har120-000552-a1,har120-000552-a1__WdaAJgE,101,24463,56,200,XiaomiMiMo/MiMo-V2.6-Distill-Qwen-9B
har120-000552-a1,har120-000552-a1__WdaAJgE,102,24617,56,200,XiaomiMiMo/MiMo-V2.6-Distill-Qwen-9B
har120-000552-a1,har120-000552-a1__WdaAJgE,103,24771,56,200,XiaomiMiMo/MiMo-V2.6-Distill-Qwen-9B
har120-000552-a1,har120-000552-a1__WdaAJgE,104,24925,56,200,XiaomiMiMo/MiMo-V2.6-Distill-Qwen-9B
har120-000666-a1,har120-000666-a1__mZosYxT,1,956,108,200,XiaomiMiMo/MiMo-V2.6-Distill-Qwen-9B
har120-000666-a1,har120-000666-a1__mZosYxT,2,1353,66,200,XiaomiMiMo/MiMo-V2.6-Distill-Qwen-9B
har120-000666-a1,har120-000666-a1__mZosYxT,3,2023,51,200,XiaomiMiMo/MiMo-V2.6-Distill-Qwen-9B
har120-000666-a1,har120-000666-a1__mZosYxT,4,2741,61,200,XiaomiMiMo/MiMo-V2.6-Distill-Qwen-9B
har120-000666-a1,har120-000666-a1__mZosYxT,5,3508,115,200,XiaomiMiMo/MiMo-V2.6-Distill-Qwen-9B
har120-000666-a1,har120-000666-a1__mZosYxT,6,4188,77,200,XiaomiMiMo/MiMo-V2.6-Distill-Qwen-9B
har120-000666-a1,har120-000666-a1__mZosYxT,7,4442,71,200,XiaomiMiMo/MiMo-V2.6-Distill-Qwen-9B
har120-000666-a1,har120-000666-a1__mZosYxT,8,4845,78,200,XiaomiMiMo/MiMo-V2.6-Distill-Qwen-9B
har120-000666-a1,har120-000666-a1__mZosYxT,9,5085,48,200,XiaomiMiMo/MiMo-V2.6-Distill-Qwen-9B
har120-000666-a1,har120-000666-a1__mZosYxT,10,5557,78,200,XiaomiMiMo/MiMo-V2.6-Distill-Qwen-9B
har120-000666-a1,har120-000666-a1__mZosYxT,11,5823,51,200,XiaomiMiMo/MiMo-V2.6-Distill-Qwen-9B
har120-000666-a1,har120-000666-a1__mZosYxT,12,6460,76,200,XiaomiMiMo/MiMo-V2.6-Distill-Qwen-9B
har120-000666-a1,har120-000666-a1__mZosYxT,13,7120,307,200,XiaomiMiMo/MiMo-V2.6-Distill-Qwen-9B
har120-000666-a1,har120-000666-a1__mZosYxT,14,7595,77,200,XiaomiMiMo/MiMo-V2.6-Distill-Qwen-9B
har120-000666-a1,har120-000666-a1__mZosYxT,15,8461,76,200,XiaomiMiMo/MiMo-V2.6-Distill-Qwen-9B
har120-000666-a1,har120-000666-a1__mZosYxT,16,9059,308,200,XiaomiMiMo/MiMo-V2.6-Distill-Qwen-9B
har120-000666-a1,har120-000666-a1__mZosYxT,17,9230,69,200,XiaomiMiMo/MiMo-V2.6-Distill-Qwen-9B
har120-000666-a1,har120-000666-a1__mZosYxT,18,9862,83,200,XiaomiMiMo/MiMo-V2.6-Distill-Qwen-9B
har120-000666-a1,har120-000666-a1__mZosYxT,19,10365,611,200,XiaomiMiMo/MiMo-V2.6-Distill-Qwen-9B
har120-000666-a1,har120-000666-a1__mZosYxT,20,10617,51,200,XiaomiMiMo/MiMo-V2.6-Distill-Qwen-9B
har120-000666-a1,har120-000666-a1__mZosYxT,21,10826,282,200,XiaomiMiMo/MiMo-V2.6-Distill-Qwen-9B
har120-000666-a1,har120-000666-a1__mZosYxT,22,11482,148,200,XiaomiMiMo/MiMo-V2.6-Distill-Qwen-9B
har120-000666-a1,har120-000666-a1__mZosYxT,23,11872,84,200,XiaomiMiMo/MiMo-V2.6-Distill-Qwen-9B
har120-000666-a1,har120-000666-a1__mZosYxT,24,12144,229,200,XiaomiMiMo/MiMo-V2.6-Distill-Qwen-9B
har120-000666-a1,har120-000666-a1__mZosYxT,25,12478,228,200,XiaomiMiMo/MiMo-V2.6-Distill-Qwen-9B
har120-000666-a1,har120-000666-a1__mZosYxT,26,12987,21,200,XiaomiMiMo/MiMo-V2.6-Distill-Qwen-9B
har120-000666-a1,har120-000666-a1__mZosYxT,27,13113,21,200,XiaomiMiMo/MiMo-V2.6-Distill-Qwen-9B
har120-000803-a1,har120-000803-a1__xWzxKCn,1,791,82,200,XiaomiMiMo/MiMo-V2.6-Distill-Qwen-9B
har120-000803-a1,har120-000803-a1__xWzxKCn,2,1115,54,200,XiaomiMiMo/MiMo-V2.6-Distill-Qwen-9B
har120-000803-a1,har120-000803-a1__xWzxKCn,3,1324,58,200,XiaomiMiMo/MiMo-V2.6-Distill-Qwen-9B
har120-000803-a1,har120-000803-a1__xWzxKCn,4,2126,54,200,XiaomiMiMo/MiMo-V2.6-Distill-Qwen-9B
har120-000803-a1,har120-000803-a1__xWzxKCn,5,2820,28,200,XiaomiMiMo/MiMo-V2.6-Distill-Qwen-9B
har120-000803-a1,har120-000803-a1__xWzxKCn,6,3473,37,200,XiaomiMiMo/MiMo-V2.6-Distill-Qwen-9B
har120-000803-a1,har120-000803-a1__xWzxKCn,7,4183,79,200,XiaomiMiMo/MiMo-V2.6-Distill-Qwen-9B
har120-000803-a1,har120-000803-a1__xWzxKCn,8,4603,314,200,XiaomiMiMo/MiMo-V2.6-Distill-Qwen-9B
har120-000803-a1,har120-000803-a1__xWzxKCn,9,5420,280,200,XiaomiMiMo/MiMo-V2.6-Distill-Qwen-9B
har120-000803-a1,har120-000803-a1__xWzxKCn,10,6191,56,200,XiaomiMiMo/MiMo-V2.6-Distill-Qwen-9B
har120-000803-a1,har120-000803-a1__xWzxKCn,11,6951,123,200,XiaomiMiMo/MiMo-V2.6-Distill-Qwen-9B
har120-000803-a1,har120-000803-a1__xWzxKCn,12,7727,114,200,XiaomiMiMo/MiMo-V2.6-Distill-Qwen-9B
har120-000803-a1,har120-000803-a1__xWzxKCn,13,8476,76,200,XiaomiMiMo/MiMo-V2.6-Distill-Qwen-9B
har120-000803-a1,har120-000803-a1__xWzxKCn,14,9259,371,200,XiaomiMiMo/MiMo-V2.6-Distill-Qwen-9B
har120-000803-a1,har120-000803-a1__xWzxKCn,15,9998,282,200,XiaomiMiMo/MiMo-V2.6-Distill-Qwen-9B
har120-000803-a1,har120-000803-a1__xWzxKCn,16,10800,123,200,XiaomiMiMo/MiMo-V2.6-Distill-Qwen-9B
har120-000803-a1,har120-000803-a1__xWzxKCn,17,11565,42,200,XiaomiMiMo/MiMo-V2.6-Distill-Qwen-9B
har120-000803-a1,har120-000803-a1__xWzxKCn,18,12280,969,200,XiaomiMiMo/MiMo-V2.6-Distill-Qwen-9B
har120-000803-a1,har120-000803-a1__xWzxKCn,19,13745,503,200,XiaomiMiMo/MiMo-V2.6-Distill-Qwen-9B
har120-000803-a1,har120-000803-a1__xWzxKCn,20,14799,255,200,XiaomiMiMo/MiMo-V2.6-Distill-Qwen-9B
har120-000803-a1,har120-000803-a1__xWzxKCn,21,15777,184,200,XiaomiMiMo/MiMo-V2.6-Distill-Qwen-9B
har120-000803-a1,har120-000803-a1__xWzxKCn,22,16304,52,200,XiaomiMiMo/MiMo-V2.6-Distill-Qwen-9B
har120-000803-a1,har120-000803-a1__xWzxKCn,23,16543,197,200,XiaomiMiMo/MiMo-V2.6-Distill-Qwen-9B
har120-000803-a1,har120-000803-a1__xWzxKCn,24,17080,43,200,XiaomiMiMo/MiMo-V2.6-Distill-Qwen-9B
har120-000803-a1,har120-000803-a1__xWzxKCn,25,17492,255,200,XiaomiMiMo/MiMo-V2.6-Distill-Qwen-9B
har120-000803-a1,har120-000803-a1__xWzxKCn,26,18176,41,200,XiaomiMiMo/MiMo-V2.6-Distill-Qwen-9B
har120-000803-a1,har120-000803-a1__xWzxKCn,27,18513,84,200,XiaomiMiMo/MiMo-V2.6-Distill-Qwen-9B
har120-000803-a1,har120-000803-a1__xWzxKCn,28,18858,88,200,XiaomiMiMo/MiMo-V2.6-Distill-Qwen-9B
har120-000803-a1,har120-000803-a1__xWzxKCn,29,19176,290,200,XiaomiMiMo/MiMo-V2.6-Distill-Qwen-9B
har120-000803-a1,har120-000803-a1__xWzxKCn,30,19924,269,200,XiaomiMiMo/MiMo-V2.6-Distill-Qwen-9B
har120-000803-a1,har120-000803-a1__xWzxKCn,31,20434,36,200,XiaomiMiMo/MiMo-V2.6-Distill-Qwen-9B
har120-000803-a1,har120-000803-a1__xWzxKCn,32,21157,264,200,XiaomiMiMo/MiMo-V2.6-Distill-Qwen-9B
har120-000803-a1,har120-000803-a1__xWzxKCn,33,21489,52,200,XiaomiMiMo/MiMo-V2.6-Distill-Qwen-9B
har120-000803-a1,har120-000803-a1__xWzxKCn,34,21644,40,200,XiaomiMiMo/MiMo-V2.6-Distill-Qwen-9B
har120-000803-a1,har120-000803-a1__xWzxKCn,35,21837,40,200,XiaomiMiMo/MiMo-V2.6-Distill-Qwen-9B
har120-000803-a1,har120-000803-a1__xWzxKCn,36,22034,120,200,XiaomiMiMo/MiMo-V2.6-Distill-Qwen-9B
har120-000803-a1,har120-000803-a1__xWzxKCn,37,22259,66,200,XiaomiMiMo/MiMo-V2.6-Distill-Qwen-9B
har120-000803-a1,har120-000803-a1__xWzxKCn,38,22535,45,200,XiaomiMiMo/MiMo-V2.6-Distill-Qwen-9B
har120-000803-a1,har120-000803-a1__xWzxKCn,39,22683,40,200,XiaomiMiMo/MiMo-V2.6-Distill-Qwen-9B
har120-000803-a1,har120-000803-a1__xWzxKCn,40,22876,40,200,XiaomiMiMo/MiMo-V2.6-Distill-Qwen-9B
har120-000803-a1,har120-000803-a1__xWzxKCn,41,23073,164,200,XiaomiMiMo/MiMo-V2.6-Distill-Qwen-9B
har120-000803-a1,har120-000803-a1__xWzxKCn,42,23342,22,200,XiaomiMiMo/MiMo-V2.6-Distill-Qwen-9B
har120-000813-a1,har120-000813-a1__WXXsNxw,1,1169,154,200,XiaomiMiMo/MiMo-V2.6-Distill-Qwen-9B
har120-000813-a1,har120-000813-a1__WXXsNxw,2,1855,167,200,XiaomiMiMo/MiMo-V2.6-Distill-Qwen-9B
har120-000813-a1,har120-000813-a1__WXXsNxw,3,2734,118,200,XiaomiMiMo/MiMo-V2.6-Distill-Qwen-9B
har120-000813-a1,har120-000813-a1__WXXsNxw,4,3051,51,200,XiaomiMiMo/MiMo-V2.6-Distill-Qwen-9B
har120-000813-a1,har120-000813-a1__WXXsNxw,5,3637,204,200,XiaomiMiMo/MiMo-V2.6-Distill-Qwen-9B
har120-000813-a1,har120-000813-a1__WXXsNxw,6,4439,1797,200,XiaomiMiMo/MiMo-V2.6-Distill-Qwen-9B
har120-000813-a1,har120-000813-a1__WXXsNxw,7,5778,920,200,XiaomiMiMo/MiMo-V2.6-Distill-Qwen-9B
har120-000813-a1,har120-000813-a1__WXXsNxw,8,7345,37,200,XiaomiMiMo/MiMo-V2.6-Distill-Qwen-9B
har120-000813-a1,har120-000813-a1__WXXsNxw,9,7619,385,200,XiaomiMiMo/MiMo-V2.6-Distill-Qwen-9B
har120-000813-a1,har120-000813-a1__WXXsNxw,10,8510,975,200,XiaomiMiMo/MiMo-V2.6-Distill-Qwen-9B
har120-000813-a1,har120-000813-a1__WXXsNxw,11,10208,291,200,XiaomiMiMo/MiMo-V2.6-Distill-Qwen-9B
har120-000813-a1,har120-000813-a1__WXXsNxw,12,10903,965,200,XiaomiMiMo/MiMo-V2.6-Distill-Qwen-9B
har120-000813-a1,har120-000813-a1__WXXsNxw,13,12585,461,200,XiaomiMiMo/MiMo-V2.6-Distill-Qwen-9B
har120-000813-a1,har120-000813-a1__WXXsNxw,14,13679,653,200,XiaomiMiMo/MiMo-V2.6-Distill-Qwen-9B
har120-000813-a1,har120-000813-a1__WXXsNxw,15,15034,959,200,XiaomiMiMo/MiMo-V2.6-Distill-Qwen-9B
har120-000813-a1,har120-000813-a1__WXXsNxw,16,16731,291,200,XiaomiMiMo/MiMo-V2.6-Distill-Qwen-9B
har120-000813-a1,har120-000813-a1__WXXsNxw,17,17387,202,200,XiaomiMiMo/MiMo-V2.6-Distill-Qwen-9B
har120-000813-a1,har120-000813-a1__WXXsNxw,18,18194,195,200,XiaomiMiMo/MiMo-V2.6-Distill-Qwen-9B
har120-000813-a1,har120-000813-a1__WXXsNxw,19,18982,90,200,XiaomiMiMo/MiMo-V2.6-Distill-Qwen-9B
har120-000813-a1,har120-000813-a1__WXXsNxw,20,19382,146,200,XiaomiMiMo/MiMo-V2.6-Distill-Qwen-9B
har120-000813-a1,har120-000813-a1__WXXsNxw,21,19893,63,200,XiaomiMiMo/MiMo-V2.6-Distill-Qwen-9B
har120-000813-a1,har120-000813-a1__WXXsNxw,22,20124,309,200,XiaomiMiMo/MiMo-V2.6-Distill-Qwen-9B
har120-000813-a1,har120-000813-a1__WXXsNxw,23,21125,244,200,XiaomiMiMo/MiMo-V2.6-Distill-Qwen-9B
har120-000813-a1,har120-000813-a1__WXXsNxw,24,21798,129,200,XiaomiMiMo/MiMo-V2.6-Distill-Qwen-9B
har120-000813-a1,har120-000813-a1__WXXsNxw,25,22059,1144,200,XiaomiMiMo/MiMo-V2.6-Distill-Qwen-9B
har120-000813-a1,har120-000813-a1__WXXsNxw,26,23853,250,200,XiaomiMiMo/MiMo-V2.6-Distill-Qwen-9B
har120-000813-a1,har120-000813-a1__WXXsNxw,27,24834,291,200,XiaomiMiMo/MiMo-V2.6-Distill-Qwen-9B
har120-000813-a1,har120-000813-a1__WXXsNxw,28,25501,91,200,XiaomiMiMo/MiMo-V2.6-Distill-Qwen-9B
har120-000813-a1,har120-000813-a1__WXXsNxw,29,26192,61,200,XiaomiMiMo/MiMo-V2.6-Distill-Qwen-9B
har120-000813-a1,har120-000813-a1__WXXsNxw,30,26350,264,200,XiaomiMiMo/MiMo-V2.6-Distill-Qwen-9B
har120-000813-a1,har120-000813-a1__WXXsNxw,31,26712,82,200,XiaomiMiMo/MiMo-V2.6-Distill-Qwen-9B
har120-000813-a1,har120-000813-a1__WXXsNxw,32,26949,180,200,XiaomiMiMo/MiMo-V2.6-Distill-Qwen-9B
har120-000813-a1,har120-000813-a1__WXXsNxw,33,27219,75,200,XiaomiMiMo/MiMo-V2.6-Distill-Qwen-9B
har120-000813-a1,har120-000813-a1__WXXsNxw,34,27382,73,200,XiaomiMiMo/MiMo-V2.6-Distill-Qwen-9B
har120-000813-a1,har120-000813-a1__WXXsNxw,35,27541,76,200,XiaomiMiMo/MiMo-V2.6-Distill-Qwen-9B
har120-000813-a1,har120-000813-a1__WXXsNxw,36,27703,76,200,XiaomiMiMo/MiMo-V2.6-Distill-Qwen-9B
har120-000813-a1,har120-000813-a1__WXXsNxw,37,27865,76,200,XiaomiMiMo/MiMo-V2.6-Distill-Qwen-9B
har120-000813-a1,har120-000813-a1__WXXsNxw,38,28027,76,200,XiaomiMiMo/MiMo-V2.6-Distill-Qwen-9B
har120-000813-a1,har120-000813-a1__WXXsNxw,39,28189,76,200,XiaomiMiMo/MiMo-V2.6-Distill-Qwen-9B
har120-000813-a1,har120-000813-a1__WXXsNxw,40,28351,76,200,XiaomiMiMo/MiMo-V2.6-Distill-Qwen-9B
har120-000813-a1,har120-000813-a1__WXXsNxw,41,28513,76,200,XiaomiMiMo/MiMo-V2.6-Distill-Qwen-9B
har120-000813-a1,har120-000813-a1__WXXsNxw,42,28675,76,200,XiaomiMiMo/MiMo-V2.6-Distill-Qwen-9B
har120-000813-a1,har120-000813-a1__WXXsNxw,43,28837,76,200,XiaomiMiMo/MiMo-V2.6-Distill-Qwen-9B
har120-000813-a1,har120-000813-a1__WXXsNxw,44,28999,76,200,XiaomiMiMo/MiMo-V2.6-Distill-Qwen-9B
har120-000813-a1,har120-000813-a1__WXXsNxw,45,29161,76,200,XiaomiMiMo/MiMo-V2.6-Distill-Qwen-9B
har120-000813-a1,har120-000813-a1__WXXsNxw,46,29323,76,200,XiaomiMiMo/MiMo-V2.6-Distill-Qwen-9B
har120-000813-a1,har120-000813-a1__WXXsNxw,47,29485,76,200,XiaomiMiMo/MiMo-V2.6-Distill-Qwen-9B
har120-000813-a1,har120-000813-a1__WXXsNxw,48,29647,76,200,XiaomiMiMo/MiMo-V2.6-Distill-Qwen-9B
har120-000813-a1,har120-000813-a1__WXXsNxw,49,29809,76,200,XiaomiMiMo/MiMo-V2.6-Distill-Qwen-9B
har120-000813-a1,har120-000813-a1__WXXsNxw,50,29971,76,200,XiaomiMiMo/MiMo-V2.6-Distill-Qwen-9B
har120-000813-a1,har120-000813-a1__WXXsNxw,51,30133,76,200,XiaomiMiMo/MiMo-V2.6-Distill-Qwen-9B
har120-000813-a1,har120-000813-a1__WXXsNxw,52,30295,76,200,XiaomiMiMo/MiMo-V2.6-Distill-Qwen-9B
har120-000813-a1,har120-000813-a1__WXXsNxw,53,30457,76,200,XiaomiMiMo/MiMo-V2.6-Distill-Qwen-9B
har120-000813-a1,har120-000813-a1__WXXsNxw,54,30619,76,200,XiaomiMiMo/MiMo-V2.6-Distill-Qwen-9B
har120-000813-a1,har120-000813-a1__WXXsNxw,55,30789,126,200,XiaomiMiMo/MiMo-V2.6-Distill-Qwen-9B
har120-000813-a1,har120-000813-a1__WXXsNxw,56,30994,76,200,XiaomiMiMo/MiMo-V2.6-Distill-Qwen-9B
har120-000813-a1,har120-000813-a1__WXXsNxw,57,31156,76,200,XiaomiMiMo/MiMo-V2.6-Distill-Qwen-9B
har120-000813-a1,har120-000813-a1__WXXsNxw,58,31318,76,200,XiaomiMiMo/MiMo-V2.6-Distill-Qwen-9B
har120-000813-a1,har120-000813-a1__WXXsNxw,59,31480,76,200,XiaomiMiMo/MiMo-V2.6-Distill-Qwen-9B
har120-000813-a1,har120-000813-a1__WXXsNxw,60,31642,76,200,XiaomiMiMo/MiMo-V2.6-Distill-Qwen-9B
har120-000813-a1,har120-000813-a1__WXXsNxw,61,31804,76,200,XiaomiMiMo/MiMo-V2.6-Distill-Qwen-9B
har120-000813-a1,har120-000813-a1__WXXsNxw,62,31966,76,200,XiaomiMiMo/MiMo-V2.6-Distill-Qwen-9B
har120-000813-a1,har120-000813-a1__WXXsNxw,63,32128,76,200,XiaomiMiMo/MiMo-V2.6-Distill-Qwen-9B
har120-000813-a1,har120-000813-a1__WXXsNxw,64,32290,76,200,XiaomiMiMo/MiMo-V2.6-Distill-Qwen-9B
har120-000813-a1,har120-000813-a1__WXXsNxw,65,32452,76,200,XiaomiMiMo/MiMo-V2.6-Distill-Qwen-9B
har120-000813-a1,har120-000813-a1__WXXsNxw,66,32614,76,200,XiaomiMiMo/MiMo-V2.6-Distill-Qwen-9B
har120-000813-a1,har120-000813-a1__WXXsNxw,67,32776,76,200,XiaomiMiMo/MiMo-V2.6-Distill-Qwen-9B
har120-000813-a1,har120-000813-a1__WXXsNxw,68,32938,76,200,XiaomiMiMo/MiMo-V2.6-Distill-Qwen-9B
har120-000813-a1,har120-000813-a1__WXXsNxw,69,33100,76,200,XiaomiMiMo/MiMo-V2.6-Distill-Qwen-9B
har120-000838-a1,har120-000838-a1__YSe3G7t,1,823,109,200,XiaomiMiMo/MiMo-V2.6-Distill-Qwen-9B
har120-000838-a1,har120-000838-a1__YSe3G7t,2,1661,72,200,XiaomiMiMo/MiMo-V2.6-Distill-Qwen-9B
har120-000838-a1,har120-000838-a1__YSe3G7t,3,2400,71,200,XiaomiMiMo/MiMo-V2.6-Distill-Qwen-9B
har120-000838-a1,har120-000838-a1__YSe3G7t,4,3046,49,200,XiaomiMiMo/MiMo-V2.6-Distill-Qwen-9B
har120-000838-a1,har120-000838-a1__YSe3G7t,5,3728,49,200,XiaomiMiMo/MiMo-V2.6-Distill-Qwen-9B
har120-000838-a1,har120-000838-a1__YSe3G7t,6,4330,73,200,XiaomiMiMo/MiMo-V2.6-Distill-Qwen-9B
har120-000838-a1,har120-000838-a1__YSe3G7t,7,5094,74,200,XiaomiMiMo/MiMo-V2.6-Distill-Qwen-9B
har120-000838-a1,har120-000838-a1__YSe3G7t,8,5794,73,200,XiaomiMiMo/MiMo-V2.6-Distill-Qwen-9B
har120-000838-a1,har120-000838-a1__YSe3G7t,9,6303,212,200,XiaomiMiMo/MiMo-V2.6-Distill-Qwen-9B
har120-000838-a1,har120-000838-a1__YSe3G7t,10,6662,328,200,XiaomiMiMo/MiMo-V2.6-Distill-Qwen-9B
har120-000838-a1,har120-000838-a1__YSe3G7t,11,7382,303,200,XiaomiMiMo/MiMo-V2.6-Distill-Qwen-9B
har120-000838-a1,har120-000838-a1__YSe3G7t,12,7942,268,200,XiaomiMiMo/MiMo-V2.6-Distill-Qwen-9B
har120-000838-a1,har120-000838-a1__YSe3G7t,13,8207,99,200,XiaomiMiMo/MiMo-V2.6-Distill-Qwen-9B
har120-000838-a1,har120-000838-a1__YSe3G7t,14,8405,57,200,XiaomiMiMo/MiMo-V2.6-Distill-Qwen-9B
har120-000838-a1,har120-000838-a1__YSe3G7t,15,8588,319,200,XiaomiMiMo/MiMo-V2.6-Distill-Qwen-9B
har120-000838-a1,har120-000838-a1__YSe3G7t,16,9346,47,200,XiaomiMiMo/MiMo-V2.6-Distill-Qwen-9B
har120-000838-a1,har120-000838-a1__YSe3G7t,17,9973,90,200,XiaomiMiMo/MiMo-V2.6-Distill-Qwen-9B
har120-000838-a1,har120-000838-a1__YSe3G7t,18,10739,82,200,XiaomiMiMo/MiMo-V2.6-Distill-Qwen-9B
har120-000838-a1,har120-000838-a1__YSe3G7t,19,11434,48,200,XiaomiMiMo/MiMo-V2.6-Distill-Qwen-9B
har120-000838-a1,har120-000838-a1__YSe3G7t,20,11832,58,200,XiaomiMiMo/MiMo-V2.6-Distill-Qwen-9B
har120-000838-a1,har120-000838-a1__YSe3G7t,21,12281,74,200,XiaomiMiMo/MiMo-V2.6-Distill-Qwen-9B
har120-000838-a1,har120-000838-a1__YSe3G7t,22,12847,74,200,XiaomiMiMo/MiMo-V2.6-Distill-Qwen-9B
har120-000838-a1,har120-000838-a1__YSe3G7t,23,13228,69,200,XiaomiMiMo/MiMo-V2.6-Distill-Qwen-9B
har120-000838-a1,har120-000838-a1__YSe3G7t,24,13939,660,200,XiaomiMiMo/MiMo-V2.6-Distill-Qwen-9B
har120-000838-a1,har120-000838-a1__YSe3G7t,25,15157,55,200,XiaomiMiMo/MiMo-V2.6-Distill-Qwen-9B
har120-000838-a1,har120-000838-a1__YSe3G7t,26,15472,59,200,XiaomiMiMo/MiMo-V2.6-Distill-Qwen-9B
har120-000838-a1,har120-000838-a1__YSe3G7t,27,15649,71,200,XiaomiMiMo/MiMo-V2.6-Distill-Qwen-9B
har120-000838-a1,har120-000838-a1__YSe3G7t,28,15904,53,200,XiaomiMiMo/MiMo-V2.6-Distill-Qwen-9B
har120-000838-a1,har120-000838-a1__YSe3G7t,29,16469,73,200,XiaomiMiMo/MiMo-V2.6-Distill-Qwen-9B
har120-000838-a1,har120-000838-a1__YSe3G7t,30,16807,58,200,XiaomiMiMo/MiMo-V2.6-Distill-Qwen-9B
har120-000838-a1,har120-000838-a1__YSe3G7t,31,17141,49,200,XiaomiMiMo/MiMo-V2.6-Distill-Qwen-9B
har120-000838-a1,har120-000838-a1__YSe3G7t,32,17513,316,200,XiaomiMiMo/MiMo-V2.6-Distill-Qwen-9B
har120-000838-a1,har120-000838-a1__YSe3G7t,33,18531,228,200,XiaomiMiMo/MiMo-V2.6-Distill-Qwen-9B
har120-000838-a1,har120-000838-a1__YSe3G7t,34,19138,70,200,XiaomiMiMo/MiMo-V2.6-Distill-Qwen-9B
har120-000838-a1,har120-000838-a1__YSe3G7t,35,19438,56,200,XiaomiMiMo/MiMo-V2.6-Distill-Qwen-9B
har120-000838-a1,har120-000838-a1__YSe3G7t,36,20117,281,200,XiaomiMiMo/MiMo-V2.6-Distill-Qwen-9B
har120-000838-a1,har120-000838-a1__YSe3G7t,37,20861,61,200,XiaomiMiMo/MiMo-V2.6-Distill-Qwen-9B
har120-000838-a1,har120-000838-a1__YSe3G7t,38,21186,232,200,XiaomiMiMo/MiMo-V2.6-Distill-Qwen-9B
har120-000838-a1,har120-000838-a1__YSe3G7t,39,21792,178,200,XiaomiMiMo/MiMo-V2.6-Distill-Qwen-9B
har120-000838-a1,har120-000838-a1__YSe3G7t,40,22337,95,200,XiaomiMiMo/MiMo-V2.6-Distill-Qwen-9B
har120-000838-a1,har120-000838-a1__YSe3G7t,41,23146,432,200,XiaomiMiMo/MiMo-V2.6-Distill-Qwen-9B
har120-000838-a1,har120-000838-a1__YSe3G7t,42,24137,94,200,XiaomiMiMo/MiMo-V2.6-Distill-Qwen-9B
har120-000838-a1,har120-000838-a1__YSe3G7t,43,24807,330,200,XiaomiMiMo/MiMo-V2.6-Distill-Qwen-9B
har120-000838-a1,har120-000838-a1__YSe3G7t,44,25621,77,200,XiaomiMiMo/MiMo-V2.6-Distill-Qwen-9B
har120-000838-a1,har120-000838-a1__YSe3G7t,45,26107,201,200,XiaomiMiMo/MiMo-V2.6-Distill-Qwen-9B
har120-000838-a1,har120-000838-a1__YSe3G7t,46,26694,61,200,XiaomiMiMo/MiMo-V2.6-Distill-Qwen-9B
har120-000838-a1,har120-000838-a1__YSe3G7t,47,27064,49,200,XiaomiMiMo/MiMo-V2.6-Distill-Qwen-9B
har120-000838-a1,har120-000838-a1__YSe3G7t,48,27310,147,200,XiaomiMiMo/MiMo-V2.6-Distill-Qwen-9B
har120-000838-a1,har120-000838-a1__YSe3G7t,49,27772,56,200,XiaomiMiMo/MiMo-V2.6-Distill-Qwen-9B
har120-000838-a1,har120-000838-a1__YSe3G7t,50,28057,58,200,XiaomiMiMo/MiMo-V2.6-Distill-Qwen-9B
har120-000838-a1,har120-000838-a1__YSe3G7t,51,28262,63,200,XiaomiMiMo/MiMo-V2.6-Distill-Qwen-9B
har120-000838-a1,har120-000838-a1__YSe3G7t,52,28910,65,200,XiaomiMiMo/MiMo-V2.6-Distill-Qwen-9B
har120-000838-a1,har120-000838-a1__YSe3G7t,53,29293,58,200,XiaomiMiMo/MiMo-V2.6-Distill-Qwen-9B
har120-000838-a1,har120-000838-a1__YSe3G7t,54,29498,146,200,XiaomiMiMo/MiMo-V2.6-Distill-Qwen-9B
har120-000838-a1,har120-000838-a1__YSe3G7t,55,29928,51,200,XiaomiMiMo/MiMo-V2.6-Distill-Qwen-9B
har120-000838-a1,har120-000838-a1__YSe3G7t,56,30313,146,200,XiaomiMiMo/MiMo-V2.6-Distill-Qwen-9B
har120-000838-a1,har120-000838-a1__YSe3G7t,57,30738,146,200,XiaomiMiMo/MiMo-V2.6-Distill-Qwen-9B
har120-000838-a1,har120-000838-a1__YSe3G7t,58,31168,146,200,XiaomiMiMo/MiMo-V2.6-Distill-Qwen-9B
har120-000838-a1,har120-000838-a1__YSe3G7t,59,31598,146,200,XiaomiMiMo/MiMo-V2.6-Distill-Qwen-9B
har120-000838-a1,har120-000838-a1__YSe3G7t,60,32028,146,200,XiaomiMiMo/MiMo-V2.6-Distill-Qwen-9B
har120-000838-a1,har120-000838-a1__YSe3G7t,61,32458,146,200,XiaomiMiMo/MiMo-V2.6-Distill-Qwen-9B
har120-000838-a1,har120-000838-a1__YSe3G7t,62,32888,146,200,XiaomiMiMo/MiMo-V2.6-Distill-Qwen-9B
har120-000838-a1,har120-000838-a1__YSe3G7t,63,33318,146,200,XiaomiMiMo/MiMo-V2.6-Distill-Qwen-9B
har120-000838-a1,har120-000838-a1__YSe3G7t,64,33748,146,200,XiaomiMiMo/MiMo-V2.6-Distill-Qwen-9B
har120-000838-a1,har120-000838-a1__YSe3G7t,65,34178,146,200,XiaomiMiMo/MiMo-V2.6-Distill-Qwen-9B
har120-000838-a1,har120-000838-a1__YSe3G7t,66,34608,146,200,XiaomiMiMo/MiMo-V2.6-Distill-Qwen-9B
har120-000838-a1,har120-000838-a1__YSe3G7t,67,35476,146,200,XiaomiMiMo/MiMo-V2.6-Distill-Qwen-9B
har120-000838-a1,har120-000838-a1__YSe3G7t,68,35898,146,200,XiaomiMiMo/MiMo-V2.6-Distill-Qwen-9B
har120-000838-a1,har120-000838-a1__YSe3G7t,69,36320,146,200,XiaomiMiMo/MiMo-V2.6-Distill-Qwen-9B
har120-000838-a1,har120-000838-a1__YSe3G7t,70,36742,146,200,XiaomiMiMo/MiMo-V2.6-Distill-Qwen-9B
har120-000838-a1,har120-000838-a1__YSe3G7t,71,37164,146,200,XiaomiMiMo/MiMo-V2.6-Distill-Qwen-9B
har120-000838-a1,har120-000838-a1__YSe3G7t,72,37586,146,200,XiaomiMiMo/MiMo-V2.6-Distill-Qwen-9B
har120-000838-a1,har120-000838-a1__YSe3G7t,73,38008,146,200,XiaomiMiMo/MiMo-V2.6-Distill-Qwen-9B
har120-000838-a1,har120-000838-a1__YSe3G7t,74,38430,146,200,XiaomiMiMo/MiMo-V2.6-Distill-Qwen-9B
har120-000838-a1,har120-000838-a1__YSe3G7t,75,38852,146,200,XiaomiMiMo/MiMo-V2.6-Distill-Qwen-9B
har120-000838-a1,har120-000838-a1__YSe3G7t,76,39274,146,200,XiaomiMiMo/MiMo-V2.6-Distill-Qwen-9B
har120-000838-a1,har120-000838-a1__YSe3G7t,77,39696,146,200,XiaomiMiMo/MiMo-V2.6-Distill-Qwen-9B
har120-000838-a1,har120-000838-a1__YSe3G7t,78,40118,146,200,XiaomiMiMo/MiMo-V2.6-Distill-Qwen-9B
har120-000838-a1,har120-000838-a1__YSe3G7t,79,40540,146,200,XiaomiMiMo/MiMo-V2.6-Distill-Qwen-9B
har120-000838-a1,har120-000838-a1__YSe3G7t,80,40962,146,200,XiaomiMiMo/MiMo-V2.6-Distill-Qwen-9B
har120-000838-a1,har120-000838-a1__YSe3G7t,81,41384,146,200,XiaomiMiMo/MiMo-V2.6-Distill-Qwen-9B
har120-000838-a1,har120-000838-a1__YSe3G7t,82,42252,146,200,XiaomiMiMo/MiMo-V2.6-Distill-Qwen-9B
har120-000838-a1,har120-000838-a1__YSe3G7t,83,42679,146,200,XiaomiMiMo/MiMo-V2.6-Distill-Qwen-9B
har120-000865-a1,har120-000865-a1__a2TWzyM,1,845,105,200,XiaomiMiMo/MiMo-V2.6-Distill-Qwen-9B
har120-000865-a1,har120-000865-a1__a2TWzyM,2,1237,161,200,XiaomiMiMo/MiMo-V2.6-Distill-Qwen-9B
har120-000865-a1,har120-000865-a1__a2TWzyM,3,1411,62,200,XiaomiMiMo/MiMo-V2.6-Distill-Qwen-9B
har120-000865-a1,har120-000865-a1__a2TWzyM,4,1490,53,200,XiaomiMiMo/MiMo-V2.6-Distill-Qwen-9B
har120-000865-a1,har120-000865-a1__a2TWzyM,5,1547,73,200,XiaomiMiMo/MiMo-V2.6-Distill-Qwen-9B
har120-000865-a1,har120-000865-a1__a2TWzyM,6,1608,58,200,XiaomiMiMo/MiMo-V2.6-Distill-Qwen-9B
har120-000865-a1,har120-000865-a1__a2TWzyM,7,1657,76,200,XiaomiMiMo/MiMo-V2.6-Distill-Qwen-9B
har120-000865-a1,har120-000865-a1__a2TWzyM,8,1728,69,200,XiaomiMiMo/MiMo-V2.6-Distill-Qwen-9B
har120-000865-a1,har120-000865-a1__a2TWzyM,9,1816,30,200,XiaomiMiMo/MiMo-V2.6-Distill-Qwen-9B
har120-000865-a1,har120-000865-a1__a2TWzyM,10,1863,36,200,XiaomiMiMo/MiMo-V2.6-Distill-Qwen-9B
har120-000865-a1,har120-000865-a1__a2TWzyM,11,1922,30,200,XiaomiMiMo/MiMo-V2.6-Distill-Qwen-9B
har120-000865-a1,har120-000865-a1__a2TWzyM,12,1969,30,200,XiaomiMiMo/MiMo-V2.6-Distill-Qwen-9B
har120-000865-a1,har120-000865-a1__a2TWzyM,13,2016,31,200,XiaomiMiMo/MiMo-V2.6-Distill-Qwen-9B
har120-000865-a1,har120-000865-a1__a2TWzyM,14,2064,31,200,XiaomiMiMo/MiMo-V2.6-Distill-Qwen-9B
har120-000865-a1,har120-000865-a1__a2TWzyM,15,2112,31,200,XiaomiMiMo/MiMo-V2.6-Distill-Qwen-9B
har120-000865-a1,har120-000865-a1__a2TWzyM,16,2160,31,200,XiaomiMiMo/MiMo-V2.6-Distill-Qwen-9B
har120-000865-a1,har120-000865-a1__a2TWzyM,17,2208,31,200,XiaomiMiMo/MiMo-V2.6-Distill-Qwen-9B
har120-000865-a1,har120-000865-a1__a2TWzyM,18,2256,31,200,XiaomiMiMo/MiMo-V2.6-Distill-Qwen-9B
har120-000865-a1,har120-000865-a1__a2TWzyM,19,2312,31,200,XiaomiMiMo/MiMo-V2.6-Distill-Qwen-9B
har120-000865-a1,har120-000865-a1__a2TWzyM,20,2360,31,200,XiaomiMiMo/MiMo-V2.6-Distill-Qwen-9B
har120-000865-a1,har120-000865-a1__a2TWzyM,21,2408,31,200,XiaomiMiMo/MiMo-V2.6-Distill-Qwen-9B
har120-000865-a1,har120-000865-a1__a2TWzyM,22,2456,31,200,XiaomiMiMo/MiMo-V2.6-Distill-Qwen-9B
har120-000865-a1,har120-000865-a1__a2TWzyM,23,2504,31,200,XiaomiMiMo/MiMo-V2.6-Distill-Qwen-9B
har120-000865-a1,har120-000865-a1__a2TWzyM,24,2552,31,200,XiaomiMiMo/MiMo-V2.6-Distill-Qwen-9B
har120-000865-a1,har120-000865-a1__a2TWzyM,25,2600,31,200,XiaomiMiMo/MiMo-V2.6-Distill-Qwen-9B
har120-000865-a1,har120-000865-a1__a2TWzyM,26,2648,31,200,XiaomiMiMo/MiMo-V2.6-Distill-Qwen-9B
har120-000865-a1,har120-000865-a1__a2TWzyM,27,2696,31,200,XiaomiMiMo/MiMo-V2.6-Distill-Qwen-9B
har120-000865-a1,har120-000865-a1__a2TWzyM,28,2744,31,200,XiaomiMiMo/MiMo-V2.6-Distill-Qwen-9B
har120-000865-a1,har120-000865-a1__a2TWzyM,29,2792,31,200,XiaomiMiMo/MiMo-V2.6-Distill-Qwen-9B
har120-000865-a1,har120-000865-a1__a2TWzyM,30,2840,31,200,XiaomiMiMo/MiMo-V2.6-Distill-Qwen-9B
har120-000865-a1,har120-000865-a1__a2TWzyM,31,2888,31,200,XiaomiMiMo/MiMo-V2.6-Distill-Qwen-9B
har120-000865-a1,har120-000865-a1__a2TWzyM,32,2936,31,200,XiaomiMiMo/MiMo-V2.6-Distill-Qwen-9B
har120-000865-a1,har120-000865-a1__a2TWzyM,33,2984,31,200,XiaomiMiMo/MiMo-V2.6-Distill-Qwen-9B
har120-000941-a1,har120-000941-a1__arZdiNe,1,952,84,200,XiaomiMiMo/MiMo-V2.6-Distill-Qwen-9B
har120-000941-a1,har120-000941-a1__arZdiNe,2,1365,72,200,XiaomiMiMo/MiMo-V2.6-Distill-Qwen-9B
har120-000941-a1,har120-000941-a1__arZdiNe,3,2266,28,200,XiaomiMiMo/MiMo-V2.6-Distill-Qwen-9B
har120-000941-a1,har120-000941-a1__arZdiNe,4,3022,40,200,XiaomiMiMo/MiMo-V2.6-Distill-Qwen-9B
har120-000941-a1,har120-000941-a1__arZdiNe,5,3814,39,200,XiaomiMiMo/MiMo-V2.6-Distill-Qwen-9B
har120-000941-a1,har120-000941-a1__arZdiNe,6,4390,164,200,XiaomiMiMo/MiMo-V2.6-Distill-Qwen-9B
har120-000941-a1,har120-000941-a1__arZdiNe,7,5316,143,200,XiaomiMiMo/MiMo-V2.6-Distill-Qwen-9B
har120-000941-a1,har120-000941-a1__arZdiNe,8,6161,97,200,XiaomiMiMo/MiMo-V2.6-Distill-Qwen-9B
har120-000941-a1,har120-000941-a1__arZdiNe,9,6712,41,200,XiaomiMiMo/MiMo-V2.6-Distill-Qwen-9B
har120-000941-a1,har120-000941-a1__arZdiNe,10,7455,314,200,XiaomiMiMo/MiMo-V2.6-Distill-Qwen-9B
har120-000941-a1,har120-000941-a1__arZdiNe,11,8231,242,200,XiaomiMiMo/MiMo-V2.6-Distill-Qwen-9B
har120-000941-a1,har120-000941-a1__arZdiNe,12,9143,374,200,XiaomiMiMo/MiMo-V2.6-Distill-Qwen-9B
har120-000941-a1,har120-000941-a1__arZdiNe,13,9731,290,200,XiaomiMiMo/MiMo-V2.6-Distill-Qwen-9B
har120-000941-a1,har120-000941-a1__arZdiNe,14,10423,45,200,XiaomiMiMo/MiMo-V2.6-Distill-Qwen-9B
har120-000941-a1,har120-000941-a1__arZdiNe,15,10652,49,200,XiaomiMiMo/MiMo-V2.6-Distill-Qwen-9B
har120-000941-a1,har120-000941-a1__arZdiNe,16,10833,54,200,XiaomiMiMo/MiMo-V2.6-Distill-Qwen-9B
har120-000941-a1,har120-000941-a1__arZdiNe,17,11654,280,200,XiaomiMiMo/MiMo-V2.6-Distill-Qwen-9B
har120-000941-a1,har120-000941-a1__arZdiNe,18,12359,42,200,XiaomiMiMo/MiMo-V2.6-Distill-Qwen-9B
har120-000941-a1,har120-000941-a1__arZdiNe,19,12679,158,200,XiaomiMiMo/MiMo-V2.6-Distill-Qwen-9B
har120-000941-a1,har120-000941-a1__arZdiNe,20,13098,47,200,XiaomiMiMo/MiMo-V2.6-Distill-Qwen-9B
har120-000941-a1,har120-000941-a1__arZdiNe,21,13320,58,200,XiaomiMiMo/MiMo-V2.6-Distill-Qwen-9B
har120-000941-a1,har120-000941-a1__arZdiNe,22,14120,60,200,XiaomiMiMo/MiMo-V2.6-Distill-Qwen-9B
har120-000941-a1,har120-000941-a1__arZdiNe,23,14539,67,200,XiaomiMiMo/MiMo-V2.6-Distill-Qwen-9B
har120-000941-a1,har120-000941-a1__arZdiNe,24,15011,67,200,XiaomiMiMo/MiMo-V2.6-Distill-Qwen-9B
har120-000941-a1,har120-000941-a1__arZdiNe,25,15338,219,200,XiaomiMiMo/MiMo-V2.6-Distill-Qwen-9B
har120-000941-a1,har120-000941-a1__arZdiNe,26,15847,47,200,XiaomiMiMo/MiMo-V2.6-Distill-Qwen-9B
har120-000941-a1,har120-000941-a1__arZdiNe,27,16040,60,200,XiaomiMiMo/MiMo-V2.6-Distill-Qwen-9B
har120-000941-a1,har120-000941-a1__arZdiNe,28,16780,59,200,XiaomiMiMo/MiMo-V2.6-Distill-Qwen-9B
har120-000941-a1,har120-000941-a1__arZdiNe,29,17225,303,200,XiaomiMiMo/MiMo-V2.6-Distill-Qwen-9B
har120-000941-a1,har120-000941-a1__arZdiNe,30,17944,47,200,XiaomiMiMo/MiMo-V2.6-Distill-Qwen-9B
har120-000941-a1,har120-000941-a1__arZdiNe,31,18166,59,200,XiaomiMiMo/MiMo-V2.6-Distill-Qwen-9B
har120-000941-a1,har120-000941-a1__arZdiNe,32,18945,88,200,XiaomiMiMo/MiMo-V2.6-Distill-Qwen-9B
har120-000941-a1,har120-000941-a1__arZdiNe,33,19421,101,200,XiaomiMiMo/MiMo-V2.6-Distill-Qwen-9B
har120-000941-a1,har120-000941-a1__arZdiNe,34,19880,363,200,XiaomiMiMo/MiMo-V2.6-Distill-Qwen-9B
har120-000941-a1,har120-000941-a1__arZdiNe,35,20678,47,200,XiaomiMiMo/MiMo-V2.6-Distill-Qwen-9B
har120-000941-a1,har120-000941-a1__arZdiNe,36,20850,37,200,XiaomiMiMo/MiMo-V2.6-Distill-Qwen-9B
har120-000941-a1,har120-000941-a1__arZdiNe,37,21560,176,200,XiaomiMiMo/MiMo-V2.6-Distill-Qwen-9B
har120-000941-a1,har120-000941-a1__arZdiNe,38,21803,82,200,XiaomiMiMo/MiMo-V2.6-Distill-Qwen-9B
har120-000941-a1,har120-000941-a1__arZdiNe,39,22036,93,200,XiaomiMiMo/MiMo-V2.6-Distill-Qwen-9B
har120-000941-a1,har120-000941-a1__arZdiNe,40,22229,99,200,XiaomiMiMo/MiMo-V2.6-Distill-Qwen-9B
har120-000941-a1,har120-000941-a1__arZdiNe,41,22511,93,200,XiaomiMiMo/MiMo-V2.6-Distill-Qwen-9B
har120-000941-a1,har120-000941-a1__arZdiNe,42,22787,93,200,XiaomiMiMo/MiMo-V2.6-Distill-Qwen-9B
har120-000941-a1,har120-000941-a1__arZdiNe,43,23063,93,200,XiaomiMiMo/MiMo-V2.6-Distill-Qwen-9B
har120-000941-a1,har120-000941-a1__arZdiNe,44,23339,93,200,XiaomiMiMo/MiMo-V2.6-Distill-Qwen-9B
har120-000941-a1,har120-000941-a1__arZdiNe,45,24023,93,200,XiaomiMiMo/MiMo-V2.6-Distill-Qwen-9B
har120-000941-a1,har120-000941-a1__arZdiNe,46,24312,174,200,XiaomiMiMo/MiMo-V2.6-Distill-Qwen-9B
har120-000941-a1,har120-000941-a1__arZdiNe,47,24676,58,200,XiaomiMiMo/MiMo-V2.6-Distill-Qwen-9B
har120-000941-a1,har120-000941-a1__arZdiNe,48,24839,93,200,XiaomiMiMo/MiMo-V2.6-Distill-Qwen-9B
har120-000941-a1,har120-000941-a1__arZdiNe,49,25120,93,200,XiaomiMiMo/MiMo-V2.6-Distill-Qwen-9B
har120-000941-a1,har120-000941-a1__arZdiNe,50,25401,93,200,XiaomiMiMo/MiMo-V2.6-Distill-Qwen-9B
har120-000941-a1,har120-000941-a1__arZdiNe,51,25682,93,200,XiaomiMiMo/MiMo-V2.6-Distill-Qwen-9B
har120-000941-a1,har120-000941-a1__arZdiNe,52,25963,93,200,XiaomiMiMo/MiMo-V2.6-Distill-Qwen-9B
har120-000941-a1,har120-000941-a1__arZdiNe,53,26244,93,200,XiaomiMiMo/MiMo-V2.6-Distill-Qwen-9B
har120-000941-a1,har120-000941-a1__arZdiNe,54,26525,93,200,XiaomiMiMo/MiMo-V2.6-Distill-Qwen-9B
har120-000941-a1,har120-000941-a1__arZdiNe,55,26806,93,200,XiaomiMiMo/MiMo-V2.6-Distill-Qwen-9B
har120-000941-a1,har120-000941-a1__arZdiNe,56,27087,93,200,XiaomiMiMo/MiMo-V2.6-Distill-Qwen-9B
har120-000941-a1,har120-000941-a1__arZdiNe,57,27368,93,200,XiaomiMiMo/MiMo-V2.6-Distill-Qwen-9B
har120-000941-a1,har120-000941-a1__arZdiNe,58,27649,93,200,XiaomiMiMo/MiMo-V2.6-Distill-Qwen-9B
har120-000941-a1,har120-000941-a1__arZdiNe,59,27930,93,200,XiaomiMiMo/MiMo-V2.6-Distill-Qwen-9B
har120-000941-a1,har120-000941-a1__arZdiNe,60,28211,93,200,XiaomiMiMo/MiMo-V2.6-Distill-Qwen-9B
har120-000941-a1,har120-000941-a1__arZdiNe,61,28492,93,200,XiaomiMiMo/MiMo-V2.6-Distill-Qwen-9B
har120-000941-a1,har120-000941-a1__arZdiNe,62,28773,93,200,XiaomiMiMo/MiMo-V2.6-Distill-Qwen-9B
har120-000941-a1,har120-000941-a1__arZdiNe,63,29054,93,200,XiaomiMiMo/MiMo-V2.6-Distill-Qwen-9B
har120-000941-a1,har120-000941-a1__arZdiNe,64,29335,93,200,XiaomiMiMo/MiMo-V2.6-Distill-Qwen-9B
har120-000941-a1,har120-000941-a1__arZdiNe,65,29616,93,200,XiaomiMiMo/MiMo-V2.6-Distill-Qwen-9B
har120-000941-a1,har120-000941-a1__arZdiNe,66,29897,93,200,XiaomiMiMo/MiMo-V2.6-Distill-Qwen-9B
har120-000941-a1,har120-000941-a1__arZdiNe,67,30178,93,200,XiaomiMiMo/MiMo-V2.6-Distill-Qwen-9B
har120-000941-a1,har120-000941-a1__arZdiNe,68,30459,93,200,XiaomiMiMo/MiMo-V2.6-Distill-Qwen-9B
har120-000941-a1,har120-000941-a1__arZdiNe,69,30740,93,200,XiaomiMiMo/MiMo-V2.6-Distill-Qwen-9B
har120-000941-a1,har120-000941-a1__arZdiNe,70,31021,93,200,XiaomiMiMo/MiMo-V2.6-Distill-Qwen-9B
har120-000941-a1,har120-000941-a1__arZdiNe,71,31302,93,200,XiaomiMiMo/MiMo-V2.6-Distill-Qwen-9B
har120-000941-a1,har120-000941-a1__arZdiNe,72,31583,93,200,XiaomiMiMo/MiMo-V2.6-Distill-Qwen-9B
har120-000941-a1,har120-000941-a1__arZdiNe,73,31864,93,200,XiaomiMiMo/MiMo-V2.6-Distill-Qwen-9B
har120-000941-a1,har120-000941-a1__arZdiNe,74,32145,93,200,XiaomiMiMo/MiMo-V2.6-Distill-Qwen-9B
har120-000941-a1,har120-000941-a1__arZdiNe,75,32426,93,200,XiaomiMiMo/MiMo-V2.6-Distill-Qwen-9B
har120-000941-a1,har120-000941-a1__arZdiNe,76,32707,93,200,XiaomiMiMo/MiMo-V2.6-Distill-Qwen-9B
har120-000941-a1,har120-000941-a1__arZdiNe,77,32988,93,200,XiaomiMiMo/MiMo-V2.6-Distill-Qwen-9B
har120-000941-a1,har120-000941-a1__arZdiNe,78,33269,93,200,XiaomiMiMo/MiMo-V2.6-Distill-Qwen-9B
har120-000941-a1,har120-000941-a1__arZdiNe,79,33550,93,200,XiaomiMiMo/MiMo-V2.6-Distill-Qwen-9B
har120-000941-a1,har120-000941-a1__arZdiNe,80,33831,93,200,XiaomiMiMo/MiMo-V2.6-Distill-Qwen-9B
har120-000941-a1,har120-000941-a1__arZdiNe,81,34112,93,200,XiaomiMiMo/MiMo-V2.6-Distill-Qwen-9B
har120-000941-a1,har120-000941-a1__arZdiNe,82,34393,93,200,XiaomiMiMo/MiMo-V2.6-Distill-Qwen-9B
har120-000941-a1,har120-000941-a1__arZdiNe,83,34674,93,200,XiaomiMiMo/MiMo-V2.6-Distill-Qwen-9B
har120-000941-a1,har120-000941-a1__arZdiNe,84,34955,93,200,XiaomiMiMo/MiMo-V2.6-Distill-Qwen-9B
har120-000941-a1,har120-000941-a1__arZdiNe,85,35236,93,200,XiaomiMiMo/MiMo-V2.6-Distill-Qwen-9B
har120-000941-a1,har120-000941-a1__arZdiNe,86,35517,93,200,XiaomiMiMo/MiMo-V2.6-Distill-Qwen-9B
har120-000941-a1,har120-000941-a1__arZdiNe,87,35798,93,200,XiaomiMiMo/MiMo-V2.6-Distill-Qwen-9B
har120-000941-a1,har120-000941-a1__arZdiNe,88,36079,93,200,XiaomiMiMo/MiMo-V2.6-Distill-Qwen-9B
har120-000941-a1,har120-000941-a1__arZdiNe,89,36360,93,200,XiaomiMiMo/MiMo-V2.6-Distill-Qwen-9B
har120-000941-a1,har120-000941-a1__arZdiNe,90,36641,93,200,XiaomiMiMo/MiMo-V2.6-Distill-Qwen-9B
har120-000941-a1,har120-000941-a1__arZdiNe,91,36922,93,200,XiaomiMiMo/MiMo-V2.6-Distill-Qwen-9B
har120-000941-a1,har120-000941-a1__arZdiNe,92,37203,93,200,XiaomiMiMo/MiMo-V2.6-Distill-Qwen-9B
har120-000941-a1,har120-000941-a1__arZdiNe,93,37484,93,200,XiaomiMiMo/MiMo-V2.6-Distill-Qwen-9B
har120-000941-a1,har120-000941-a1__arZdiNe,94,37765,93,200,XiaomiMiMo/MiMo-V2.6-Distill-Qwen-9B
har120-000941-a1,har120-000941-a1__arZdiNe,95,38046,93,200,XiaomiMiMo/MiMo-V2.6-Distill-Qwen-9B
har120-000941-a1,har120-000941-a1__arZdiNe,96,38327,93,200,XiaomiMiMo/MiMo-V2.6-Distill-Qwen-9B
har120-000941-a1,har120-000941-a1__arZdiNe,97,38608,93,200,XiaomiMiMo/MiMo-V2.6-Distill-Qwen-9B
har120-000941-a1,har120-000941-a1__arZdiNe,98,38889,93,200,XiaomiMiMo/MiMo-V2.6-Distill-Qwen-9B
har120-000941-a1,har120-000941-a1__arZdiNe,99,39170,93,200,XiaomiMiMo/MiMo-V2.6-Distill-Qwen-9B
har120-000941-a1,har120-000941-a1__arZdiNe,100,39451,93,200,XiaomiMiMo/MiMo-V2.6-Distill-Qwen-9B
har120-000941-a1,har120-000941-a1__arZdiNe,101,39732,93,200,XiaomiMiMo/MiMo-V2.6-Distill-Qwen-9B
har120-000941-a1,har120-000941-a1__arZdiNe,102,40013,93,200,XiaomiMiMo/MiMo-V2.6-Distill-Qwen-9B
har120-001265-a1,har120-001265-a1__3sBRy7Y,1,1334,95,200,XiaomiMiMo/MiMo-V2.6-Distill-Qwen-9B
har120-001265-a1,har120-001265-a1__3sBRy7Y,2,1856,72,200,XiaomiMiMo/MiMo-V2.6-Distill-Qwen-9B
har120-001265-a1,har120-001265-a1__3sBRy7Y,3,2537,39,200,XiaomiMiMo/MiMo-V2.6-Distill-Qwen-9B
har120-001265-a1,har120-001265-a1__3sBRy7Y,4,3028,351,200,XiaomiMiMo/MiMo-V2.6-Distill-Qwen-9B
har120-001265-a1,har120-001265-a1__3sBRy7Y,5,3850,275,200,XiaomiMiMo/MiMo-V2.6-Distill-Qwen-9B
har120-001265-a1,har120-001265-a1__3sBRy7Y,6,4655,939,200,XiaomiMiMo/MiMo-V2.6-Distill-Qwen-9B
har120-001265-a1,har120-001265-a1__3sBRy7Y,7,5076,70,200,XiaomiMiMo/MiMo-V2.6-Distill-Qwen-9B
har120-001265-a1,har120-001265-a1__3sBRy7Y,8,5212,74,200,XiaomiMiMo/MiMo-V2.6-Distill-Qwen-9B
har120-001265-a1,har120-001265-a1__3sBRy7Y,9,5309,38,200,XiaomiMiMo/MiMo-V2.6-Distill-Qwen-9B
har120-001265-a1,har120-001265-a1__3sBRy7Y,10,5408,53,200,XiaomiMiMo/MiMo-V2.6-Distill-Qwen-9B
har120-001265-a1,har120-001265-a1__3sBRy7Y,11,5488,57,200,XiaomiMiMo/MiMo-V2.6-Distill-Qwen-9B
har120-001265-a1,har120-001265-a1__3sBRy7Y,12,5561,56,200,XiaomiMiMo/MiMo-V2.6-Distill-Qwen-9B
har120-001265-a1,har120-001265-a1__3sBRy7Y,13,5632,71,200,XiaomiMiMo/MiMo-V2.6-Distill-Qwen-9B
har120-001265-a1,har120-001265-a1__3sBRy7Y,14,5720,84,200,XiaomiMiMo/MiMo-V2.6-Distill-Qwen-9B
har120-001265-a1,har120-001265-a1__3sBRy7Y,15,5803,52,200,XiaomiMiMo/MiMo-V2.6-Distill-Qwen-9B
har120-001265-a1,har120-001265-a1__3sBRy7Y,16,5894,65,200,XiaomiMiMo/MiMo-V2.6-Distill-Qwen-9B
har120-001265-a1,har120-001265-a1__3sBRy7Y,17,5969,37,200,XiaomiMiMo/MiMo-V2.6-Distill-Qwen-9B
har120-001265-a1,har120-001265-a1__3sBRy7Y,18,6030,56,200,XiaomiMiMo/MiMo-V2.6-Distill-Qwen-9B
har120-001265-a1,har120-001265-a1__3sBRy7Y,19,6079,35,200,XiaomiMiMo/MiMo-V2.6-Distill-Qwen-9B
har120-001265-a1,har120-001265-a1__3sBRy7Y,20,6136,30,200,XiaomiMiMo/MiMo-V2.6-Distill-Qwen-9B
har120-001265-a1,har120-001265-a1__3sBRy7Y,21,6183,66,200,XiaomiMiMo/MiMo-V2.6-Distill-Qwen-9B
har120-001265-a1,har120-001265-a1__3sBRy7Y,22,6252,41,200,XiaomiMiMo/MiMo-V2.6-Distill-Qwen-9B
har120-001265-a1,har120-001265-a1__3sBRy7Y,23,6321,45,200,XiaomiMiMo/MiMo-V2.6-Distill-Qwen-9B
har120-001265-a1,har120-001265-a1__3sBRy7Y,24,6399,41,200,XiaomiMiMo/MiMo-V2.6-Distill-Qwen-9B
har120-001265-a1,har120-001265-a1__3sBRy7Y,25,6468,50,200,XiaomiMiMo/MiMo-V2.6-Distill-Qwen-9B
har120-001265-a1,har120-001265-a1__3sBRy7Y,26,6555,34,200,XiaomiMiMo/MiMo-V2.6-Distill-Qwen-9B
har120-001265-a1,har120-001265-a1__3sBRy7Y,27,6610,48,200,XiaomiMiMo/MiMo-V2.6-Distill-Qwen-9B
har120-001265-a1,har120-001265-a1__3sBRy7Y,28,6693,39,200,XiaomiMiMo/MiMo-V2.6-Distill-Qwen-9B
har120-001265-a1,har120-001265-a1__3sBRy7Y,29,6806,39,200,XiaomiMiMo/MiMo-V2.6-Distill-Qwen-9B
har120-001265-a1,har120-001265-a1__3sBRy7Y,30,6946,54,200,XiaomiMiMo/MiMo-V2.6-Distill-Qwen-9B
har120-001265-a1,har120-001265-a1__3sBRy7Y,31,7581,70,200,XiaomiMiMo/MiMo-V2.6-Distill-Qwen-9B
har120-001265-a1,har120-001265-a1__3sBRy7Y,32,8153,477,200,XiaomiMiMo/MiMo-V2.6-Distill-Qwen-9B
har120-001265-a1,har120-001265-a1__3sBRy7Y,33,8610,108,200,XiaomiMiMo/MiMo-V2.6-Distill-Qwen-9B
har120-001265-a1,har120-001265-a1__3sBRy7Y,34,8914,53,200,XiaomiMiMo/MiMo-V2.6-Distill-Qwen-9B
har120-001265-a1,har120-001265-a1__3sBRy7Y,35,9291,85,200,XiaomiMiMo/MiMo-V2.6-Distill-Qwen-9B
har120-001265-a1,har120-001265-a1__3sBRy7Y,36,9527,99,200,XiaomiMiMo/MiMo-V2.6-Distill-Qwen-9B
har120-001265-a1,har120-001265-a1__3sBRy7Y,37,9760,79,200,XiaomiMiMo/MiMo-V2.6-Distill-Qwen-9B
har120-001265-a1,har120-001265-a1__3sBRy7Y,38,9993,81,200,XiaomiMiMo/MiMo-V2.6-Distill-Qwen-9B
har120-001265-a1,har120-001265-a1__3sBRy7Y,39,10792,148,200,XiaomiMiMo/MiMo-V2.6-Distill-Qwen-9B
har120-001265-a1,har120-001265-a1__3sBRy7Y,40,11663,111,200,XiaomiMiMo/MiMo-V2.6-Distill-Qwen-9B
har120-001265-a1,har120-001265-a1__3sBRy7Y,41,12508,125,200,XiaomiMiMo/MiMo-V2.6-Distill-Qwen-9B
har120-001265-a1,har120-001265-a1__3sBRy7Y,42,12885,150,200,XiaomiMiMo/MiMo-V2.6-Distill-Qwen-9B
har120-001265-a1,har120-001265-a1__3sBRy7Y,43,13200,181,200,XiaomiMiMo/MiMo-V2.6-Distill-Qwen-9B
har120-001265-a1,har120-001265-a1__3sBRy7Y,44,13577,138,200,XiaomiMiMo/MiMo-V2.6-Distill-Qwen-9B
har120-001265-a1,har120-001265-a1__3sBRy7Y,45,13928,223,200,XiaomiMiMo/MiMo-V2.6-Distill-Qwen-9B
har120-001265-a1,har120-001265-a1__3sBRy7Y,46,14589,192,200,XiaomiMiMo/MiMo-V2.6-Distill-Qwen-9B
har120-001265-a1,har120-001265-a1__3sBRy7Y,47,15075,1412,200,XiaomiMiMo/MiMo-V2.6-Distill-Qwen-9B
har120-001265-a1,har120-001265-a1__3sBRy7Y,48,16899,248,200,XiaomiMiMo/MiMo-V2.6-Distill-Qwen-9B
har120-001265-a1,har120-001265-a1__3sBRy7Y,49,17584,749,200,XiaomiMiMo/MiMo-V2.6-Distill-Qwen-9B
har120-001265-a1,har120-001265-a1__3sBRy7Y,50,18556,234,200,XiaomiMiMo/MiMo-V2.6-Distill-Qwen-9B
har120-001265-a1,har120-001265-a1__3sBRy7Y,51,19113,197,200,XiaomiMiMo/MiMo-V2.6-Distill-Qwen-9B
har120-001265-a1,har120-001265-a1__3sBRy7Y,52,19584,269,200,XiaomiMiMo/MiMo-V2.6-Distill-Qwen-9B
har120-001265-a1,har120-001265-a1__3sBRy7Y,53,20098,184,200,XiaomiMiMo/MiMo-V2.6-Distill-Qwen-9B
har120-001265-a1,har120-001265-a1__3sBRy7Y,54,20498,103,200,XiaomiMiMo/MiMo-V2.6-Distill-Qwen-9B
har120-001265-a1,har120-001265-a1__3sBRy7Y,55,21025,105,200,XiaomiMiMo/MiMo-V2.6-Distill-Qwen-9B
har120-001265-a1,har120-001265-a1__3sBRy7Y,56,21572,90,200,XiaomiMiMo/MiMo-V2.6-Distill-Qwen-9B
har120-001265-a1,har120-001265-a1__3sBRy7Y,57,21806,70,200,XiaomiMiMo/MiMo-V2.6-Distill-Qwen-9B
har120-001265-a1,har120-001265-a1__3sBRy7Y,58,22059,88,200,XiaomiMiMo/MiMo-V2.6-Distill-Qwen-9B
har120-001265-a1,har120-001265-a1__3sBRy7Y,59,22348,319,200,XiaomiMiMo/MiMo-V2.6-Distill-Qwen-9B
har120-001265-a1,har120-001265-a1__3sBRy7Y,60,22769,211,200,XiaomiMiMo/MiMo-V2.6-Distill-Qwen-9B
har120-001269-a1,har120-001269-a1__y3Wy5Ku,1,800,107,200,XiaomiMiMo/MiMo-V2.6-Distill-Qwen-9B
har120-001269-a1,har120-001269-a1__y3Wy5Ku,2,1455,111,200,XiaomiMiMo/MiMo-V2.6-Distill-Qwen-9B
har120-001269-a1,har120-001269-a1__y3Wy5Ku,3,1827,88,200,XiaomiMiMo/MiMo-V2.6-Distill-Qwen-9B
har120-001269-a1,har120-001269-a1__y3Wy5Ku,4,2636,104,200,XiaomiMiMo/MiMo-V2.6-Distill-Qwen-9B
har120-001269-a1,har120-001269-a1__y3Wy5Ku,5,3404,99,200,XiaomiMiMo/MiMo-V2.6-Distill-Qwen-9B
har120-001269-a1,har120-001269-a1__y3Wy5Ku,6,4215,115,200,XiaomiMiMo/MiMo-V2.6-Distill-Qwen-9B
har120-001269-a1,har120-001269-a1__y3Wy5Ku,7,4996,116,200,XiaomiMiMo/MiMo-V2.6-Distill-Qwen-9B
har120-001269-a1,har120-001269-a1__y3Wy5Ku,8,5717,50,200,XiaomiMiMo/MiMo-V2.6-Distill-Qwen-9B
har120-001269-a1,har120-001269-a1__y3Wy5Ku,9,6304,855,200,XiaomiMiMo/MiMo-V2.6-Distill-Qwen-9B
har120-001269-a1,har120-001269-a1__y3Wy5Ku,10,7239,1101,200,XiaomiMiMo/MiMo-V2.6-Distill-Qwen-9B
har120-001269-a1,har120-001269-a1__y3Wy5Ku,11,7701,4096,200,XiaomiMiMo/MiMo-V2.6-Distill-Qwen-9B
har120-001269-a1,har120-001269-a1__y3Wy5Ku,12,7785,45,200,XiaomiMiMo/MiMo-V2.6-Distill-Qwen-9B
har120-001269-a1,har120-001269-a1__y3Wy5Ku,13,7946,50,200,XiaomiMiMo/MiMo-V2.6-Distill-Qwen-9B
har120-001269-a1,har120-001269-a1__y3Wy5Ku,14,8320,1440,200,XiaomiMiMo/MiMo-V2.6-Distill-Qwen-9B
har120-001269-a1,har120-001269-a1__y3Wy5Ku,15,8719,51,200,XiaomiMiMo/MiMo-V2.6-Distill-Qwen-9B
har120-001269-a1,har120-001269-a1__y3Wy5Ku,16,9064,55,200,XiaomiMiMo/MiMo-V2.6-Distill-Qwen-9B
har120-001269-a1,har120-001269-a1__y3Wy5Ku,17,9313,51,200,XiaomiMiMo/MiMo-V2.6-Distill-Qwen-9B
har120-001269-a1,har120-001269-a1__y3Wy5Ku,18,9767,110,200,XiaomiMiMo/MiMo-V2.6-Distill-Qwen-9B
har120-001269-a1,har120-001269-a1__y3Wy5Ku,19,10050,810,200,XiaomiMiMo/MiMo-V2.6-Distill-Qwen-9B
har120-001269-a1,har120-001269-a1__y3Wy5Ku,20,11511,72,200,XiaomiMiMo/MiMo-V2.6-Distill-Qwen-9B
har120-001269-a1,har120-001269-a1__y3Wy5Ku,21,11735,113,200,XiaomiMiMo/MiMo-V2.6-Distill-Qwen-9B
har120-001269-a1,har120-001269-a1__y3Wy5Ku,22,12049,847,200,XiaomiMiMo/MiMo-V2.6-Distill-Qwen-9B
har120-001269-a1,har120-001269-a1__y3Wy5Ku,23,13547,76,200,XiaomiMiMo/MiMo-V2.6-Distill-Qwen-9B
har120-001269-a1,har120-001269-a1__y3Wy5Ku,24,13823,95,200,XiaomiMiMo/MiMo-V2.6-Distill-Qwen-9B
har120-001269-a1,har120-001269-a1__y3Wy5Ku,25,14117,720,200,XiaomiMiMo/MiMo-V2.6-Distill-Qwen-9B
har120-001269-a1,har120-001269-a1__y3Wy5Ku,26,15482,100,200,XiaomiMiMo/MiMo-V2.6-Distill-Qwen-9B
har120-001269-a1,har120-001269-a1__y3Wy5Ku,27,16154,512,200,XiaomiMiMo/MiMo-V2.6-Distill-Qwen-9B
har120-001269-a1,har120-001269-a1__y3Wy5Ku,28,17285,79,200,XiaomiMiMo/MiMo-V2.6-Distill-Qwen-9B
har120-001269-a1,har120-001269-a1__y3Wy5Ku,29,17550,53,200,XiaomiMiMo/MiMo-V2.6-Distill-Qwen-9B
har120-001269-a1,har120-001269-a1__y3Wy5Ku,30,18177,53,200,XiaomiMiMo/MiMo-V2.6-Distill-Qwen-9B
har120-001269-a1,har120-001269-a1__y3Wy5Ku,31,18668,455,200,XiaomiMiMo/MiMo-V2.6-Distill-Qwen-9B
har120-001269-a1,har120-001269-a1__y3Wy5Ku,32,19729,66,200,XiaomiMiMo/MiMo-V2.6-Distill-Qwen-9B
har120-001269-a1,har120-001269-a1__y3Wy5Ku,33,20257,135,200,XiaomiMiMo/MiMo-V2.6-Distill-Qwen-9B
har120-001269-a1,har120-001269-a1__y3Wy5Ku,34,20853,51,200,XiaomiMiMo/MiMo-V2.6-Distill-Qwen-9B
har120-001269-a1,har120-001269-a1__y3Wy5Ku,35,21072,502,200,XiaomiMiMo/MiMo-V2.6-Distill-Qwen-9B
har120-001269-a1,har120-001269-a1__y3Wy5Ku,36,22194,78,200,XiaomiMiMo/MiMo-V2.6-Distill-Qwen-9B
har120-001269-a1,har120-001269-a1__y3Wy5Ku,37,22580,198,200,XiaomiMiMo/MiMo-V2.6-Distill-Qwen-9B
har120-001269-a1,har120-001269-a1__y3Wy5Ku,38,23029,58,200,XiaomiMiMo/MiMo-V2.6-Distill-Qwen-9B
har120-001269-a1,har120-001269-a1__y3Wy5Ku,39,23589,213,200,XiaomiMiMo/MiMo-V2.6-Distill-Qwen-9B
har120-001269-a1,har120-001269-a1__y3Wy5Ku,40,24007,188,200,XiaomiMiMo/MiMo-V2.6-Distill-Qwen-9B
har120-001269-a1,har120-001269-a1__y3Wy5Ku,41,24346,223,200,XiaomiMiMo/MiMo-V2.6-Distill-Qwen-9B
har120-001269-a1,har120-001269-a1__y3Wy5Ku,42,24764,86,200,XiaomiMiMo/MiMo-V2.6-Distill-Qwen-9B
har120-001269-a1,har120-001269-a1__y3Wy5Ku,43,25413,180,200,XiaomiMiMo/MiMo-V2.6-Distill-Qwen-9B
har120-001269-a1,har120-001269-a1__y3Wy5Ku,44,25788,94,200,XiaomiMiMo/MiMo-V2.6-Distill-Qwen-9B
har120-001269-a1,har120-001269-a1__y3Wy5Ku,45,26034,103,200,XiaomiMiMo/MiMo-V2.6-Distill-Qwen-9B
har120-001269-a1,har120-001269-a1__y3Wy5Ku,46,26340,142,200,XiaomiMiMo/MiMo-V2.6-Distill-Qwen-9B
har120-001269-a1,har120-001269-a1__y3Wy5Ku,47,27102,216,200,XiaomiMiMo/MiMo-V2.6-Distill-Qwen-9B
har120-001269-a1,har120-001269-a1__y3Wy5Ku,48,27564,209,200,XiaomiMiMo/MiMo-V2.6-Distill-Qwen-9B
har120-001269-a1,har120-001269-a1__y3Wy5Ku,49,27986,236,200,XiaomiMiMo/MiMo-V2.6-Distill-Qwen-9B
har120-001269-a1,har120-001269-a1__y3Wy5Ku,50,28498,219,200,XiaomiMiMo/MiMo-V2.6-Distill-Qwen-9B
har120-001269-a1,har120-001269-a1__y3Wy5Ku,51,28970,85,200,XiaomiMiMo/MiMo-V2.6-Distill-Qwen-9B
har120-001269-a1,har120-001269-a1__y3Wy5Ku,52,29424,205,200,XiaomiMiMo/MiMo-V2.6-Distill-Qwen-9B
har120-001269-a1,har120-001269-a1__y3Wy5Ku,53,29902,125,200,XiaomiMiMo/MiMo-V2.6-Distill-Qwen-9B
har120-001269-a1,har120-001269-a1__y3Wy5Ku,54,30421,317,200,XiaomiMiMo/MiMo-V2.6-Distill-Qwen-9B
har120-001269-a1,har120-001269-a1__y3Wy5Ku,55,31144,124,200,XiaomiMiMo/MiMo-V2.6-Distill-Qwen-9B
har120-001269-a1,har120-001269-a1__y3Wy5Ku,56,31704,86,200,XiaomiMiMo/MiMo-V2.6-Distill-Qwen-9B
har120-001269-a1,har120-001269-a1__y3Wy5Ku,57,32112,107,200,XiaomiMiMo/MiMo-V2.6-Distill-Qwen-9B
har120-001269-a1,har120-001269-a1__y3Wy5Ku,58,32529,127,200,XiaomiMiMo/MiMo-V2.6-Distill-Qwen-9B
har120-001269-a1,har120-001269-a1__y3Wy5Ku,59,33218,130,200,XiaomiMiMo/MiMo-V2.6-Distill-Qwen-9B
har120-001269-a1,har120-001269-a1__y3Wy5Ku,60,33548,98,200,XiaomiMiMo/MiMo-V2.6-Distill-Qwen-9B
har120-001269-a1,har120-001269-a1__y3Wy5Ku,61,33746,268,200,XiaomiMiMo/MiMo-V2.6-Distill-Qwen-9B
har120-001269-a1,har120-001269-a1__y3Wy5Ku,62,34400,103,200,XiaomiMiMo/MiMo-V2.6-Distill-Qwen-9B
har120-001269-a1,har120-001269-a1__y3Wy5Ku,63,35151,136,200,XiaomiMiMo/MiMo-V2.6-Distill-Qwen-9B
har120-001269-a1,har120-001269-a1__y3Wy5Ku,64,35484,280,200,XiaomiMiMo/MiMo-V2.6-Distill-Qwen-9B
har120-001269-a1,har120-001269-a1__y3Wy5Ku,65,36083,195,200,XiaomiMiMo/MiMo-V2.6-Distill-Qwen-9B
har120-001269-a1,har120-001269-a1__y3Wy5Ku,66,36490,145,200,XiaomiMiMo/MiMo-V2.6-Distill-Qwen-9B
har120-001269-a1,har120-001269-a1__y3Wy5Ku,67,37073,77,200,XiaomiMiMo/MiMo-V2.6-Distill-Qwen-9B
har120-001269-a1,har120-001269-a1__y3Wy5Ku,68,37817,92,200,XiaomiMiMo/MiMo-V2.6-Distill-Qwen-9B
har120-001269-a1,har120-001269-a1__y3Wy5Ku,69,38261,272,200,XiaomiMiMo/MiMo-V2.6-Distill-Qwen-9B
har120-001269-a1,har120-001269-a1__y3Wy5Ku,70,38842,162,200,XiaomiMiMo/MiMo-V2.6-Distill-Qwen-9B
har120-001269-a1,har120-001269-a1__y3Wy5Ku,71,39235,152,200,XiaomiMiMo/MiMo-V2.6-Distill-Qwen-9B
har120-001269-a1,har120-001269-a1__y3Wy5Ku,72,39582,112,200,XiaomiMiMo/MiMo-V2.6-Distill-Qwen-9B
har120-001269-a1,har120-001269-a1__y3Wy5Ku,73,39898,125,200,XiaomiMiMo/MiMo-V2.6-Distill-Qwen-9B
har120-001269-a1,har120-001269-a1__y3Wy5Ku,74,40486,148,200,XiaomiMiMo/MiMo-V2.6-Distill-Qwen-9B
har120-001269-a1,har120-001269-a1__y3Wy5Ku,75,41055,263,200,XiaomiMiMo/MiMo-V2.6-Distill-Qwen-9B
har120-001269-a1,har120-001269-a1__y3Wy5Ku,76,41634,98,200,XiaomiMiMo/MiMo-V2.6-Distill-Qwen-9B
har120-001269-a1,har120-001269-a1__y3Wy5Ku,77,41921,453,200,XiaomiMiMo/MiMo-V2.6-Distill-Qwen-9B
har120-001269-a1,har120-001269-a1__y3Wy5Ku,78,42925,208,200,XiaomiMiMo/MiMo-V2.6-Distill-Qwen-9B
har120-001269-a1,har120-001269-a1__y3Wy5Ku,79,43366,207,200,XiaomiMiMo/MiMo-V2.6-Distill-Qwen-9B
har120-001269-a1,har120-001269-a1__y3Wy5Ku,80,43796,103,200,XiaomiMiMo/MiMo-V2.6-Distill-Qwen-9B
har120-001269-a1,har120-001269-a1__y3Wy5Ku,81,44335,185,200,XiaomiMiMo/MiMo-V2.6-Distill-Qwen-9B
har120-001269-a1,har120-001269-a1__y3Wy5Ku,82,45208,366,200,XiaomiMiMo/MiMo-V2.6-Distill-Qwen-9B
har120-001269-a1,har120-001269-a1__y3Wy5Ku,83,46049,311,200,XiaomiMiMo/MiMo-V2.6-Distill-Qwen-9B
har120-001269-a1,har120-001269-a1__y3Wy5Ku,84,46656,235,200,XiaomiMiMo/MiMo-V2.6-Distill-Qwen-9B
har120-001269-a1,har120-001269-a1__y3Wy5Ku,85,47195,241,200,XiaomiMiMo/MiMo-V2.6-Distill-Qwen-9B
har120-001269-a1,har120-001269-a1__y3Wy5Ku,86,47915,183,200,XiaomiMiMo/MiMo-V2.6-Distill-Qwen-9B
har120-001269-a1,har120-001269-a1__y3Wy5Ku,87,48298,193,200,XiaomiMiMo/MiMo-V2.6-Distill-Qwen-9B
har120-001269-a1,har120-001269-a1__y3Wy5Ku,88,48811,214,200,XiaomiMiMo/MiMo-V2.6-Distill-Qwen-9B
har120-001269-a1,har120-001269-a1__y3Wy5Ku,89,49788,218,200,XiaomiMiMo/MiMo-V2.6-Distill-Qwen-9B
har120-001269-a1,har120-001269-a1__y3Wy5Ku,90,50459,177,200,XiaomiMiMo/MiMo-V2.6-Distill-Qwen-9B
har120-001269-a1,har120-001269-a1__y3Wy5Ku,91,50969,208,200,XiaomiMiMo/MiMo-V2.6-Distill-Qwen-9B
har120-001269-a1,har120-001269-a1__y3Wy5Ku,92,51616,122,200,XiaomiMiMo/MiMo-V2.6-Distill-Qwen-9B
har120-001373-a1,har120-001373-a1__vHMkbJW,1,1581,86,200,XiaomiMiMo/MiMo-V2.6-Distill-Qwen-9B
har120-001373-a1,har120-001373-a1__vHMkbJW,2,2103,89,200,XiaomiMiMo/MiMo-V2.6-Distill-Qwen-9B
har120-001373-a1,har120-001373-a1__vHMkbJW,3,2833,46,200,XiaomiMiMo/MiMo-V2.6-Distill-Qwen-9B
har120-001373-a1,har120-001373-a1__vHMkbJW,4,3482,44,200,XiaomiMiMo/MiMo-V2.6-Distill-Qwen-9B
har120-001373-a1,har120-001373-a1__vHMkbJW,5,4155,186,200,XiaomiMiMo/MiMo-V2.6-Distill-Qwen-9B
har120-001373-a1,har120-001373-a1__vHMkbJW,6,4970,353,200,XiaomiMiMo/MiMo-V2.6-Distill-Qwen-9B
har120-001373-a1,har120-001373-a1__vHMkbJW,7,5637,285,200,XiaomiMiMo/MiMo-V2.6-Distill-Qwen-9B
har120-001373-a1,har120-001373-a1__vHMkbJW,8,6222,103,200,XiaomiMiMo/MiMo-V2.6-Distill-Qwen-9B
har120-001373-a1,har120-001373-a1__vHMkbJW,9,6561,43,200,XiaomiMiMo/MiMo-V2.6-Distill-Qwen-9B
har120-001373-a1,har120-001373-a1__vHMkbJW,10,6780,137,200,XiaomiMiMo/MiMo-V2.6-Distill-Qwen-9B
har120-001373-a1,har120-001373-a1__vHMkbJW,11,7223,238,200,XiaomiMiMo/MiMo-V2.6-Distill-Qwen-9B
har120-001373-a1,har120-001373-a1__vHMkbJW,12,7758,413,200,XiaomiMiMo/MiMo-V2.6-Distill-Qwen-9B
har120-001373-a1,har120-001373-a1__vHMkbJW,13,8753,66,200,XiaomiMiMo/MiMo-V2.6-Distill-Qwen-9B
har120-001373-a1,har120-001373-a1__vHMkbJW,14,9209,271,200,XiaomiMiMo/MiMo-V2.6-Distill-Qwen-9B
har120-001373-a1,har120-001373-a1__vHMkbJW,15,10102,170,200,XiaomiMiMo/MiMo-V2.6-Distill-Qwen-9B
har120-001373-a1,har120-001373-a1__vHMkbJW,16,10586,59,200,XiaomiMiMo/MiMo-V2.6-Distill-Qwen-9B
har120-001373-a1,har120-001373-a1__vHMkbJW,17,10901,250,200,XiaomiMiMo/MiMo-V2.6-Distill-Qwen-9B
har120-001373-a1,har120-001373-a1__vHMkbJW,18,11539,169,200,XiaomiMiMo/MiMo-V2.6-Distill-Qwen-9B
har120-001373-a1,har120-001373-a1__vHMkbJW,19,12221,80,200,XiaomiMiMo/MiMo-V2.6-Distill-Qwen-9B
har120-001373-a1,har120-001373-a1__vHMkbJW,20,12483,76,200,XiaomiMiMo/MiMo-V2.6-Distill-Qwen-9B
har120-001373-a1,har120-001373-a1__vHMkbJW,21,12800,437,200,XiaomiMiMo/MiMo-V2.6-Distill-Qwen-9B
har120-001373-a1,har120-001373-a1__vHMkbJW,22,13405,202,200,XiaomiMiMo/MiMo-V2.6-Distill-Qwen-9B
har120-001373-a1,har120-001373-a1__vHMkbJW,23,14116,180,200,XiaomiMiMo/MiMo-V2.6-Distill-Qwen-9B
har120-001373-a1,har120-001373-a1__vHMkbJW,24,14853,187,200,XiaomiMiMo/MiMo-V2.6-Distill-Qwen-9B
har120-001373-a1,har120-001373-a1__vHMkbJW,25,15354,77,200,XiaomiMiMo/MiMo-V2.6-Distill-Qwen-9B
har120-001373-a1,har120-001373-a1__vHMkbJW,26,15610,82,200,XiaomiMiMo/MiMo-V2.6-Distill-Qwen-9B
har120-001373-a1,har120-001373-a1__vHMkbJW,27,15953,296,200,XiaomiMiMo/MiMo-V2.6-Distill-Qwen-9B
har120-001373-a1,har120-001373-a1__vHMkbJW,28,16663,123,200,XiaomiMiMo/MiMo-V2.6-Distill-Qwen-9B
har120-001373-a1,har120-001373-a1__vHMkbJW,29,16982,309,200,XiaomiMiMo/MiMo-V2.6-Distill-Qwen-9B
har120-001373-a1,har120-001373-a1__vHMkbJW,30,17685,77,200,XiaomiMiMo/MiMo-V2.6-Distill-Qwen-9B
har120-001373-a1,har120-001373-a1__vHMkbJW,31,17835,53,200,XiaomiMiMo/MiMo-V2.6-Distill-Qwen-9B
har120-001373-a1,har120-001373-a1__vHMkbJW,32,17986,63,200,XiaomiMiMo/MiMo-V2.6-Distill-Qwen-9B
har120-001373-a1,har120-001373-a1__vHMkbJW,33,18299,115,200,XiaomiMiMo/MiMo-V2.6-Distill-Qwen-9B
har120-001373-a1,har120-001373-a1__vHMkbJW,34,18532,72,200,XiaomiMiMo/MiMo-V2.6-Distill-Qwen-9B
har120-001373-a1,har120-001373-a1__vHMkbJW,35,18704,72,200,XiaomiMiMo/MiMo-V2.6-Distill-Qwen-9B
har120-001373-a1,har120-001373-a1__vHMkbJW,36,19432,68,200,XiaomiMiMo/MiMo-V2.6-Distill-Qwen-9B
har120-001373-a1,har120-001373-a1__vHMkbJW,37,19617,26,200,XiaomiMiMo/MiMo-V2.6-Distill-Qwen-9B
har120-001373-a1,har120-001373-a1__vHMkbJW,38,19696,63,200,XiaomiMiMo/MiMo-V2.6-Distill-Qwen-9B
har120-001373-a1,har120-001373-a1__vHMkbJW,39,19849,98,200,XiaomiMiMo/MiMo-V2.6-Distill-Qwen-9B
har120-001373-a1,har120-001373-a1__vHMkbJW,40,20120,57,200,XiaomiMiMo/MiMo-V2.6-Distill-Qwen-9B
har120-001373-a1,har120-001373-a1__vHMkbJW,41,20261,90,200,XiaomiMiMo/MiMo-V2.6-Distill-Qwen-9B
har120-001373-a1,har120-001373-a1__vHMkbJW,42,20435,116,200,XiaomiMiMo/MiMo-V2.6-Distill-Qwen-9B
har120-001373-a1,har120-001373-a1__vHMkbJW,43,20704,108,200,XiaomiMiMo/MiMo-V2.6-Distill-Qwen-9B
har120-001373-a1,har120-001373-a1__vHMkbJW,44,20893,191,200,XiaomiMiMo/MiMo-V2.6-Distill-Qwen-9B
har120-001373-a1,har120-001373-a1__vHMkbJW,45,21246,32,200,XiaomiMiMo/MiMo-V2.6-Distill-Qwen-9B
har120-001373-a1,har120-001373-a1__vHMkbJW,46,21302,49,200,XiaomiMiMo/MiMo-V2.6-Distill-Qwen-9B
har120-001373-a1,har120-001373-a1__vHMkbJW,47,21375,47,200,XiaomiMiMo/MiMo-V2.6-Distill-Qwen-9B
har120-001373-a1,har120-001373-a1__vHMkbJW,48,21446,54,200,XiaomiMiMo/MiMo-V2.6-Distill-Qwen-9B
har120-001373-a1,har120-001373-a1__vHMkbJW,49,21525,43,200,XiaomiMiMo/MiMo-V2.6-Distill-Qwen-9B
har120-001373-a1,har120-001373-a1__vHMkbJW,50,21850,67,200,XiaomiMiMo/MiMo-V2.6-Distill-Qwen-9B
har120-001373-a1,har120-001373-a1__vHMkbJW,51,21984,93,200,XiaomiMiMo/MiMo-V2.6-Distill-Qwen-9B
har120-001373-a1,har120-001373-a1__vHMkbJW,52,22158,58,200,XiaomiMiMo/MiMo-V2.6-Distill-Qwen-9B
har120-001373-a1,har120-001373-a1__vHMkbJW,53,22288,41,200,XiaomiMiMo/MiMo-V2.6-Distill-Qwen-9B
har120-001373-a1,har120-001373-a1__vHMkbJW,54,22368,43,200,XiaomiMiMo/MiMo-V2.6-Distill-Qwen-9B
har120-001373-a1,har120-001373-a1__vHMkbJW,55,22439,41,200,XiaomiMiMo/MiMo-V2.6-Distill-Qwen-9B
har120-001373-a1,har120-001373-a1__vHMkbJW,56,22508,53,200,XiaomiMiMo/MiMo-V2.6-Distill-Qwen-9B
har120-001373-a1,har120-001373-a1__vHMkbJW,57,22601,94,200,XiaomiMiMo/MiMo-V2.6-Distill-Qwen-9B
har120-001373-a1,har120-001373-a1__vHMkbJW,58,22791,45,200,XiaomiMiMo/MiMo-V2.6-Distill-Qwen-9B
har120-001373-a1,har120-001373-a1__vHMkbJW,59,23209,73,200,XiaomiMiMo/MiMo-V2.6-Distill-Qwen-9B
har120-001373-a1,har120-001373-a1__vHMkbJW,60,23307,52,200,XiaomiMiMo/MiMo-V2.6-Distill-Qwen-9B
har120-001373-a1,har120-001373-a1__vHMkbJW,61,23404,73,200,XiaomiMiMo/MiMo-V2.6-Distill-Qwen-9B
har120-001373-a1,har120-001373-a1__vHMkbJW,62,23539,33,200,XiaomiMiMo/MiMo-V2.6-Distill-Qwen-9B
har120-001373-a1,har120-001373-a1__vHMkbJW,63,23957,89,200,XiaomiMiMo/MiMo-V2.6-Distill-Qwen-9B
har120-001373-a1,har120-001373-a1__vHMkbJW,64,24112,60,200,XiaomiMiMo/MiMo-V2.6-Distill-Qwen-9B
har120-001373-a1,har120-001373-a1__vHMkbJW,65,24238,45,200,XiaomiMiMo/MiMo-V2.6-Distill-Qwen-9B
har120-001373-a1,har120-001373-a1__vHMkbJW,66,24333,45,200,XiaomiMiMo/MiMo-V2.6-Distill-Qwen-9B
har120-001373-a1,har120-001373-a1__vHMkbJW,67,24397,37,200,XiaomiMiMo/MiMo-V2.6-Distill-Qwen-9B
har120-001373-a1,har120-001373-a1__vHMkbJW,68,25145,120,200,XiaomiMiMo/MiMo-V2.6-Distill-Qwen-9B
har120-001373-a1,har120-001373-a1__vHMkbJW,69,25644,74,200,XiaomiMiMo/MiMo-V2.6-Distill-Qwen-9B
har120-001373-a1,har120-001373-a1__vHMkbJW,70,25857,361,200,XiaomiMiMo/MiMo-V2.6-Distill-Qwen-9B
har120-001373-a1,har120-001373-a1__vHMkbJW,71,26328,149,200,XiaomiMiMo/MiMo-V2.6-Distill-Qwen-9B
har120-001399-a1,har120-001399-a1__fwLaw2U,1,957,105,200,XiaomiMiMo/MiMo-V2.6-Distill-Qwen-9B
har120-001399-a1,har120-001399-a1__fwLaw2U,2,1272,54,200,XiaomiMiMo/MiMo-V2.6-Distill-Qwen-9B
har120-001399-a1,har120-001399-a1__fwLaw2U,3,1330,77,200,XiaomiMiMo/MiMo-V2.6-Distill-Qwen-9B
har120-001399-a1,har120-001399-a1__fwLaw2U,4,1500,101,200,XiaomiMiMo/MiMo-V2.6-Distill-Qwen-9B
har120-001399-a1,har120-001399-a1__fwLaw2U,5,2220,66,200,XiaomiMiMo/MiMo-V2.6-Distill-Qwen-9B
har120-001399-a1,har120-001399-a1__fwLaw2U,6,2821,66,200,XiaomiMiMo/MiMo-V2.6-Distill-Qwen-9B
har120-001399-a1,har120-001399-a1__fwLaw2U,7,3459,75,200,XiaomiMiMo/MiMo-V2.6-Distill-Qwen-9B
har120-001399-a1,har120-001399-a1__fwLaw2U,8,4140,133,200,XiaomiMiMo/MiMo-V2.6-Distill-Qwen-9B
har120-001399-a1,har120-001399-a1__fwLaw2U,9,4738,56,200,XiaomiMiMo/MiMo-V2.6-Distill-Qwen-9B
har120-001399-a1,har120-001399-a1__fwLaw2U,10,5336,97,200,XiaomiMiMo/MiMo-V2.6-Distill-Qwen-9B
har120-001399-a1,har120-001399-a1__fwLaw2U,11,5994,160,200,XiaomiMiMo/MiMo-V2.6-Distill-Qwen-9B
har120-001399-a1,har120-001399-a1__fwLaw2U,12,6294,75,200,XiaomiMiMo/MiMo-V2.6-Distill-Qwen-9B
har120-001399-a1,har120-001399-a1__fwLaw2U,13,6493,102,200,XiaomiMiMo/MiMo-V2.6-Distill-Qwen-9B
har120-001399-a1,har120-001399-a1__fwLaw2U,14,6678,68,200,XiaomiMiMo/MiMo-V2.6-Distill-Qwen-9B
har120-001399-a1,har120-001399-a1__fwLaw2U,15,7371,91,200,XiaomiMiMo/MiMo-V2.6-Distill-Qwen-9B
har120-001399-a1,har120-001399-a1__fwLaw2U,16,8084,3048,200,XiaomiMiMo/MiMo-V2.6-Distill-Qwen-9B
har120-001399-a1,har120-001399-a1__fwLaw2U,17,8400,96,200,XiaomiMiMo/MiMo-V2.6-Distill-Qwen-9B
har120-001399-a1,har120-001399-a1__fwLaw2U,18,8916,673,200,XiaomiMiMo/MiMo-V2.6-Distill-Qwen-9B
har120-001399-a1,har120-001399-a1__fwLaw2U,19,9578,57,200,XiaomiMiMo/MiMo-V2.6-Distill-Qwen-9B
har120-001399-a1,har120-001399-a1__fwLaw2U,20,10118,58,200,XiaomiMiMo/MiMo-V2.6-Distill-Qwen-9B
har120-001399-a1,har120-001399-a1__fwLaw2U,21,10636,58,200,XiaomiMiMo/MiMo-V2.6-Distill-Qwen-9B
har120-001399-a1,har120-001399-a1__fwLaw2U,22,10878,143,200,XiaomiMiMo/MiMo-V2.6-Distill-Qwen-9B
har120-001399-a1,har120-001399-a1__fwLaw2U,23,11592,52,200,XiaomiMiMo/MiMo-V2.6-Distill-Qwen-9B
har120-001399-a1,har120-001399-a1__fwLaw2U,24,11934,4096,200,XiaomiMiMo/MiMo-V2.6-Distill-Qwen-9B
har120-001399-a1,har120-001399-a1__fwLaw2U,25,12018,1976,200,XiaomiMiMo/MiMo-V2.6-Distill-Qwen-9B
har120-001399-a1,har120-001399-a1__fwLaw2U,26,12472,52,200,XiaomiMiMo/MiMo-V2.6-Distill-Qwen-9B
har120-001399-a1,har120-001399-a1__fwLaw2U,27,13086,54,200,XiaomiMiMo/MiMo-V2.6-Distill-Qwen-9B
har120-001399-a1,har120-001399-a1__fwLaw2U,28,13738,78,200,XiaomiMiMo/MiMo-V2.6-Distill-Qwen-9B
har120-001399-a1,har120-001399-a1__fwLaw2U,29,14133,108,200,XiaomiMiMo/MiMo-V2.6-Distill-Qwen-9B
har120-001399-a1,har120-001399-a1__fwLaw2U,30,14549,93,200,XiaomiMiMo/MiMo-V2.6-Distill-Qwen-9B
har120-001399-a1,har120-001399-a1__fwLaw2U,31,15057,73,200,XiaomiMiMo/MiMo-V2.6-Distill-Qwen-9B
har120-001399-a1,har120-001399-a1__fwLaw2U,32,15531,59,200,XiaomiMiMo/MiMo-V2.6-Distill-Qwen-9B
har120-001399-a1,har120-001399-a1__fwLaw2U,33,15911,61,200,XiaomiMiMo/MiMo-V2.6-Distill-Qwen-9B
har120-001399-a1,har120-001399-a1__fwLaw2U,34,16166,59,200,XiaomiMiMo/MiMo-V2.6-Distill-Qwen-9B
har120-001399-a1,har120-001399-a1__fwLaw2U,35,16517,62,200,XiaomiMiMo/MiMo-V2.6-Distill-Qwen-9B
har120-001399-a1,har120-001399-a1__fwLaw2U,36,16729,74,200,XiaomiMiMo/MiMo-V2.6-Distill-Qwen-9B
har120-001399-a1,har120-001399-a1__fwLaw2U,37,17089,66,200,XiaomiMiMo/MiMo-V2.6-Distill-Qwen-9B
har120-001399-a1,har120-001399-a1__fwLaw2U,38,17309,75,200,XiaomiMiMo/MiMo-V2.6-Distill-Qwen-9B
har120-001399-a1,har120-001399-a1__fwLaw2U,39,17813,57,200,XiaomiMiMo/MiMo-V2.6-Distill-Qwen-9B
har120-001399-a1,har120-001399-a1__fwLaw2U,40,18424,101,200,XiaomiMiMo/MiMo-V2.6-Distill-Qwen-9B
har120-001399-a1,har120-001399-a1__fwLaw2U,41,18733,60,200,XiaomiMiMo/MiMo-V2.6-Distill-Qwen-9B
har120-001399-a1,har120-001399-a1__fwLaw2U,42,18961,86,200,XiaomiMiMo/MiMo-V2.6-Distill-Qwen-9B
har120-001399-a1,har120-001399-a1__fwLaw2U,43,19379,66,200,XiaomiMiMo/MiMo-V2.6-Distill-Qwen-9B
har120-001399-a1,har120-001399-a1__fwLaw2U,44,19753,58,200,XiaomiMiMo/MiMo-V2.6-Distill-Qwen-9B
har120-001399-a1,har120-001399-a1__fwLaw2U,45,20081,62,200,XiaomiMiMo/MiMo-V2.6-Distill-Qwen-9B
har120-001399-a1,har120-001399-a1__fwLaw2U,46,20293,91,200,XiaomiMiMo/MiMo-V2.6-Distill-Qwen-9B
har120-001399-a1,har120-001399-a1__fwLaw2U,47,20608,60,200,XiaomiMiMo/MiMo-V2.6-Distill-Qwen-9B
har120-001399-a1,har120-001399-a1__fwLaw2U,48,20829,92,200,XiaomiMiMo/MiMo-V2.6-Distill-Qwen-9B
har120-001399-a1,har120-001399-a1__fwLaw2U,49,21460,58,200,XiaomiMiMo/MiMo-V2.6-Distill-Qwen-9B
har120-001399-a1,har120-001399-a1__fwLaw2U,50,21995,54,200,XiaomiMiMo/MiMo-V2.6-Distill-Qwen-9B
har120-001399-a1,har120-001399-a1__fwLaw2U,51,22277,52,200,XiaomiMiMo/MiMo-V2.6-Distill-Qwen-9B
har120-001399-a1,har120-001399-a1__fwLaw2U,52,22885,79,200,XiaomiMiMo/MiMo-V2.6-Distill-Qwen-9B
har120-001399-a1,har120-001399-a1__fwLaw2U,53,23535,52,200,XiaomiMiMo/MiMo-V2.6-Distill-Qwen-9B
har120-001399-a1,har120-001399-a1__fwLaw2U,54,23886,52,200,XiaomiMiMo/MiMo-V2.6-Distill-Qwen-9B
har120-001399-a1,har120-001399-a1__fwLaw2U,55,24343,128,200,XiaomiMiMo/MiMo-V2.6-Distill-Qwen-9B
har120-001399-a1,har120-001399-a1__fwLaw2U,56,24817,60,200,XiaomiMiMo/MiMo-V2.6-Distill-Qwen-9B
har120-001399-a1,har120-001399-a1__fwLaw2U,57,25296,165,200,XiaomiMiMo/MiMo-V2.6-Distill-Qwen-9B
har120-001399-a1,har120-001399-a1__fwLaw2U,58,25793,122,200,XiaomiMiMo/MiMo-V2.6-Distill-Qwen-9B
har120-001399-a1,har120-001399-a1__fwLaw2U,59,26194,132,200,XiaomiMiMo/MiMo-V2.6-Distill-Qwen-9B
har120-001399-a1,har120-001399-a1__fwLaw2U,60,26598,114,200,XiaomiMiMo/MiMo-V2.6-Distill-Qwen-9B
har120-001399-a1,har120-001399-a1__fwLaw2U,61,26949,127,200,XiaomiMiMo/MiMo-V2.6-Distill-Qwen-9B
har120-001399-a1,har120-001399-a1__fwLaw2U,62,27489,119,200,XiaomiMiMo/MiMo-V2.6-Distill-Qwen-9B
har120-001399-a1,har120-001399-a1__fwLaw2U,63,28008,112,200,XiaomiMiMo/MiMo-V2.6-Distill-Qwen-9B
har120-001399-a1,har120-001399-a1__fwLaw2U,64,28512,108,200,XiaomiMiMo/MiMo-V2.6-Distill-Qwen-9B
har120-001399-a1,har120-001399-a1__fwLaw2U,65,29008,110,200,XiaomiMiMo/MiMo-V2.6-Distill-Qwen-9B
har120-001399-a1,har120-001399-a1__fwLaw2U,66,29753,110,200,XiaomiMiMo/MiMo-V2.6-Distill-Qwen-9B
har120-001399-a1,har120-001399-a1__fwLaw2U,67,30252,110,200,XiaomiMiMo/MiMo-V2.6-Distill-Qwen-9B
har120-001399-a1,har120-001399-a1__fwLaw2U,68,30751,110,200,XiaomiMiMo/MiMo-V2.6-Distill-Qwen-9B
har120-001399-a1,har120-001399-a1__fwLaw2U,69,31250,110,200,XiaomiMiMo/MiMo-V2.6-Distill-Qwen-9B
har120-001399-a1,har120-001399-a1__fwLaw2U,70,31749,110,200,XiaomiMiMo/MiMo-V2.6-Distill-Qwen-9B
har120-001399-a1,har120-001399-a1__fwLaw2U,71,32248,110,200,XiaomiMiMo/MiMo-V2.6-Distill-Qwen-9B
har120-001399-a1,har120-001399-a1__fwLaw2U,72,32747,110,200,XiaomiMiMo/MiMo-V2.6-Distill-Qwen-9B
har120-001399-a1,har120-001399-a1__fwLaw2U,73,33254,110,200,XiaomiMiMo/MiMo-V2.6-Distill-Qwen-9B
har120-001399-a1,har120-001399-a1__fwLaw2U,74,33753,110,200,XiaomiMiMo/MiMo-V2.6-Distill-Qwen-9B
har120-001399-a1,har120-001399-a1__fwLaw2U,75,34252,110,200,XiaomiMiMo/MiMo-V2.6-Distill-Qwen-9B
har120-001399-a1,har120-001399-a1__fwLaw2U,76,34997,110,200,XiaomiMiMo/MiMo-V2.6-Distill-Qwen-9B
har120-001399-a1,har120-001399-a1__fwLaw2U,77,35497,110,200,XiaomiMiMo/MiMo-V2.6-Distill-Qwen-9B
har120-001399-a1,har120-001399-a1__fwLaw2U,78,35997,110,200,XiaomiMiMo/MiMo-V2.6-Distill-Qwen-9B
har120-001399-a1,har120-001399-a1__fwLaw2U,79,36497,110,200,XiaomiMiMo/MiMo-V2.6-Distill-Qwen-9B
har120-001399-a1,har120-001399-a1__fwLaw2U,80,36997,110,200,XiaomiMiMo/MiMo-V2.6-Distill-Qwen-9B
har120-001399-a1,har120-001399-a1__fwLaw2U,81,37497,110,200,XiaomiMiMo/MiMo-V2.6-Distill-Qwen-9B
har120-001399-a1,har120-001399-a1__fwLaw2U,82,37997,110,200,XiaomiMiMo/MiMo-V2.6-Distill-Qwen-9B
har120-001399-a1,har120-001399-a1__fwLaw2U,83,38497,110,200,XiaomiMiMo/MiMo-V2.6-Distill-Qwen-9B
har120-001399-a1,har120-001399-a1__fwLaw2U,84,38997,110,200,XiaomiMiMo/MiMo-V2.6-Distill-Qwen-9B
har120-001399-a1,har120-001399-a1__fwLaw2U,85,39497,110,200,XiaomiMiMo/MiMo-V2.6-Distill-Qwen-9B
har120-001399-a1,har120-001399-a1__fwLaw2U,86,40242,110,200,XiaomiMiMo/MiMo-V2.6-Distill-Qwen-9B
har120-001399-a1,har120-001399-a1__fwLaw2U,87,40741,110,200,XiaomiMiMo/MiMo-V2.6-Distill-Qwen-9B
har120-001661-a1,har120-001661-a1__xdRDCYr,1,1185,108,200,XiaomiMiMo/MiMo-V2.6-Distill-Qwen-9B
har120-001661-a1,har120-001661-a1__xdRDCYr,2,1734,153,200,XiaomiMiMo/MiMo-V2.6-Distill-Qwen-9B
har120-001661-a1,har120-001661-a1__xdRDCYr,3,2495,90,200,XiaomiMiMo/MiMo-V2.6-Distill-Qwen-9B
har120-001661-a1,har120-001661-a1__xdRDCYr,4,3007,141,200,XiaomiMiMo/MiMo-V2.6-Distill-Qwen-9B
har120-001661-a1,har120-001661-a1__xdRDCYr,5,3820,74,200,XiaomiMiMo/MiMo-V2.6-Distill-Qwen-9B
har120-001661-a1,har120-001661-a1__xdRDCYr,6,4408,155,200,XiaomiMiMo/MiMo-V2.6-Distill-Qwen-9B
har120-001661-a1,har120-001661-a1__xdRDCYr,7,5143,113,200,XiaomiMiMo/MiMo-V2.6-Distill-Qwen-9B
har120-001661-a1,har120-001661-a1__xdRDCYr,8,5404,169,200,XiaomiMiMo/MiMo-V2.6-Distill-Qwen-9B
har120-001661-a1,har120-001661-a1__xdRDCYr,9,5677,1419,200,XiaomiMiMo/MiMo-V2.6-Distill-Qwen-9B
har120-001661-a1,har120-001661-a1__xdRDCYr,10,7101,885,200,XiaomiMiMo/MiMo-V2.6-Distill-Qwen-9B
har120-001661-a1,har120-001661-a1__xdRDCYr,11,8533,741,200,XiaomiMiMo/MiMo-V2.6-Distill-Qwen-9B
har120-001661-a1,har120-001661-a1__xdRDCYr,12,9941,120,200,XiaomiMiMo/MiMo-V2.6-Distill-Qwen-9B
har120-001661-a1,har120-001661-a1__xdRDCYr,13,10222,157,200,XiaomiMiMo/MiMo-V2.6-Distill-Qwen-9B
har120-001661-a1,har120-001661-a1__xdRDCYr,14,10611,50,200,XiaomiMiMo/MiMo-V2.6-Distill-Qwen-9B
har120-001661-a1,har120-001661-a1__xdRDCYr,15,10835,690,200,XiaomiMiMo/MiMo-V2.6-Distill-Qwen-9B
har120-001661-a1,har120-001661-a1__xdRDCYr,16,12172,713,200,XiaomiMiMo/MiMo-V2.6-Distill-Qwen-9B
har120-001661-a1,har120-001661-a1__xdRDCYr,17,13546,823,200,XiaomiMiMo/MiMo-V2.6-Distill-Qwen-9B
har120-001661-a1,har120-001661-a1__xdRDCYr,18,15038,148,200,XiaomiMiMo/MiMo-V2.6-Distill-Qwen-9B
har120-001661-a1,har120-001661-a1__xdRDCYr,19,15435,811,200,XiaomiMiMo/MiMo-V2.6-Distill-Qwen-9B
har120-001661-a1,har120-001661-a1__xdRDCYr,20,16910,694,200,XiaomiMiMo/MiMo-V2.6-Distill-Qwen-9B
har120-001661-a1,har120-001661-a1__xdRDCYr,21,18264,91,200,XiaomiMiMo/MiMo-V2.6-Distill-Qwen-9B
har120-001661-a1,har120-001661-a1__xdRDCYr,22,18694,588,200,XiaomiMiMo/MiMo-V2.6-Distill-Qwen-9B
har120-001661-a1,har120-001661-a1__xdRDCYr,23,19943,101,200,XiaomiMiMo/MiMo-V2.6-Distill-Qwen-9B
har120-001661-a1,har120-001661-a1__xdRDCYr,24,20341,51,200,XiaomiMiMo/MiMo-V2.6-Distill-Qwen-9B
har120-001661-a1,har120-001661-a1__xdRDCYr,25,20714,51,200,XiaomiMiMo/MiMo-V2.6-Distill-Qwen-9B
har120-001661-a1,har120-001661-a1__xdRDCYr,26,21040,51,200,XiaomiMiMo/MiMo-V2.6-Distill-Qwen-9B
har120-001661-a1,har120-001661-a1__xdRDCYr,27,21437,405,200,XiaomiMiMo/MiMo-V2.6-Distill-Qwen-9B
har120-001661-a1,har120-001661-a1__xdRDCYr,28,22345,976,200,XiaomiMiMo/MiMo-V2.6-Distill-Qwen-9B
har120-001661-a1,har120-001661-a1__xdRDCYr,29,23979,1113,200,XiaomiMiMo/MiMo-V2.6-Distill-Qwen-9B
har120-001661-a1,har120-001661-a1__xdRDCYr,30,25750,71,200,XiaomiMiMo/MiMo-V2.6-Distill-Qwen-9B
har120-001661-a1,har120-001661-a1__xdRDCYr,31,25949,62,200,XiaomiMiMo/MiMo-V2.6-Distill-Qwen-9B
har120-001661-a1,har120-001661-a1__xdRDCYr,32,26577,354,200,XiaomiMiMo/MiMo-V2.6-Distill-Qwen-9B
har120-001661-a1,har120-001661-a1__xdRDCYr,33,27036,74,200,XiaomiMiMo/MiMo-V2.6-Distill-Qwen-9B
har120-001661-a1,har120-001661-a1__xdRDCYr,34,27676,245,200,XiaomiMiMo/MiMo-V2.6-Distill-Qwen-9B
har120-001661-a1,har120-001661-a1__xdRDCYr,35,28052,75,200,XiaomiMiMo/MiMo-V2.6-Distill-Qwen-9B
har120-001661-a1,har120-001661-a1__xdRDCYr,36,28258,245,200,XiaomiMiMo/MiMo-V2.6-Distill-Qwen-9B
har120-001661-a1,har120-001661-a1__xdRDCYr,37,28634,245,200,XiaomiMiMo/MiMo-V2.6-Distill-Qwen-9B
har120-001661-a1,har120-001661-a1__xdRDCYr,38,29010,245,200,XiaomiMiMo/MiMo-V2.6-Distill-Qwen-9B
har120-001661-a1,har120-001661-a1__xdRDCYr,39,29386,245,200,XiaomiMiMo/MiMo-V2.6-Distill-Qwen-9B
har120-001661-a1,har120-001661-a1__xdRDCYr,40,29762,245,200,XiaomiMiMo/MiMo-V2.6-Distill-Qwen-9B
har120-001661-a1,har120-001661-a1__xdRDCYr,41,30138,245,200,XiaomiMiMo/MiMo-V2.6-Distill-Qwen-9B
har120-001661-a1,har120-001661-a1__xdRDCYr,42,30522,260,200,XiaomiMiMo/MiMo-V2.6-Distill-Qwen-9B
har120-001661-a1,har120-001661-a1__xdRDCYr,43,30898,245,200,XiaomiMiMo/MiMo-V2.6-Distill-Qwen-9B
har120-001661-a1,har120-001661-a1__xdRDCYr,44,31274,245,200,XiaomiMiMo/MiMo-V2.6-Distill-Qwen-9B
har120-001661-a1,har120-001661-a1__xdRDCYr,45,31650,245,200,XiaomiMiMo/MiMo-V2.6-Distill-Qwen-9B
har120-001661-a1,har120-001661-a1__xdRDCYr,46,32026,245,200,XiaomiMiMo/MiMo-V2.6-Distill-Qwen-9B
har120-001661-a1,har120-001661-a1__xdRDCYr,47,32402,245,200,XiaomiMiMo/MiMo-V2.6-Distill-Qwen-9B
har120-001661-a1,har120-001661-a1__xdRDCYr,48,32778,245,200,XiaomiMiMo/MiMo-V2.6-Distill-Qwen-9B
har120-001661-a1,har120-001661-a1__xdRDCYr,49,33154,245,200,XiaomiMiMo/MiMo-V2.6-Distill-Qwen-9B
har120-001661-a1,har120-001661-a1__xdRDCYr,50,34340,245,200,XiaomiMiMo/MiMo-V2.6-Distill-Qwen-9B
har120-001661-a1,har120-001661-a1__xdRDCYr,51,34722,245,200,XiaomiMiMo/MiMo-V2.6-Distill-Qwen-9B
har120-001661-a1,har120-001661-a1__xdRDCYr,52,35104,245,200,XiaomiMiMo/MiMo-V2.6-Distill-Qwen-9B
har120-001661-a1,har120-001661-a1__xdRDCYr,53,35486,245,200,XiaomiMiMo/MiMo-V2.6-Distill-Qwen-9B
har120-001661-a1,har120-001661-a1__xdRDCYr,54,35868,245,200,XiaomiMiMo/MiMo-V2.6-Distill-Qwen-9B
har120-001661-a1,har120-001661-a1__xdRDCYr,55,36250,245,200,XiaomiMiMo/MiMo-V2.6-Distill-Qwen-9B
har120-001661-a1,har120-001661-a1__xdRDCYr,56,36632,245,200,XiaomiMiMo/MiMo-V2.6-Distill-Qwen-9B
har120-001710-a1,har120-001710-a1__BLMKCZN,1,968,87,200,XiaomiMiMo/MiMo-V2.6-Distill-Qwen-9B
har120-001710-a1,har120-001710-a1__BLMKCZN,2,1987,59,200,XiaomiMiMo/MiMo-V2.6-Distill-Qwen-9B
har120-001710-a1,har120-001710-a1__BLMKCZN,3,2284,43,200,XiaomiMiMo/MiMo-V2.6-Distill-Qwen-9B
har120-001710-a1,har120-001710-a1__BLMKCZN,4,2942,45,200,XiaomiMiMo/MiMo-V2.6-Distill-Qwen-9B
har120-001710-a1,har120-001710-a1__BLMKCZN,5,3583,47,200,XiaomiMiMo/MiMo-V2.6-Distill-Qwen-9B
har120-001710-a1,har120-001710-a1__BLMKCZN,6,4193,137,200,XiaomiMiMo/MiMo-V2.6-Distill-Qwen-9B
har120-001710-a1,har120-001710-a1__BLMKCZN,7,4865,80,200,XiaomiMiMo/MiMo-V2.6-Distill-Qwen-9B
har120-001710-a1,har120-001710-a1__BLMKCZN,8,5530,141,200,XiaomiMiMo/MiMo-V2.6-Distill-Qwen-9B
har120-001710-a1,har120-001710-a1__BLMKCZN,9,6060,108,200,XiaomiMiMo/MiMo-V2.6-Distill-Qwen-9B
har120-001710-a1,har120-001710-a1__BLMKCZN,10,6478,106,200,XiaomiMiMo/MiMo-V2.6-Distill-Qwen-9B
har120-001710-a1,har120-001710-a1__BLMKCZN,11,6824,106,200,XiaomiMiMo/MiMo-V2.6-Distill-Qwen-9B
har120-001710-a1,har120-001710-a1__BLMKCZN,12,7145,106,200,XiaomiMiMo/MiMo-V2.6-Distill-Qwen-9B
har120-001710-a1,har120-001710-a1__BLMKCZN,13,7462,106,200,XiaomiMiMo/MiMo-V2.6-Distill-Qwen-9B
har120-001710-a1,har120-001710-a1__BLMKCZN,14,7775,108,200,XiaomiMiMo/MiMo-V2.6-Distill-Qwen-9B
har120-001710-a1,har120-001710-a1__BLMKCZN,15,8189,116,200,XiaomiMiMo/MiMo-V2.6-Distill-Qwen-9B
har120-001710-a1,har120-001710-a1__BLMKCZN,16,8707,116,200,XiaomiMiMo/MiMo-V2.6-Distill-Qwen-9B
har120-001710-a1,har120-001710-a1__BLMKCZN,17,9306,116,200,XiaomiMiMo/MiMo-V2.6-Distill-Qwen-9B
har120-001710-a1,har120-001710-a1__BLMKCZN,18,9823,115,200,XiaomiMiMo/MiMo-V2.6-Distill-Qwen-9B
har120-001710-a1,har120-001710-a1__BLMKCZN,19,10334,116,200,XiaomiMiMo/MiMo-V2.6-Distill-Qwen-9B
har120-001710-a1,har120-001710-a1__BLMKCZN,20,10823,45,200,XiaomiMiMo/MiMo-V2.6-Distill-Qwen-9B
har120-001710-a1,har120-001710-a1__BLMKCZN,21,11236,46,200,XiaomiMiMo/MiMo-V2.6-Distill-Qwen-9B
har120-001710-a1,har120-001710-a1__BLMKCZN,22,11883,46,200,XiaomiMiMo/MiMo-V2.6-Distill-Qwen-9B
har120-001710-a1,har120-001710-a1__BLMKCZN,23,12393,49,200,XiaomiMiMo/MiMo-V2.6-Distill-Qwen-9B
har120-001710-a1,har120-001710-a1__BLMKCZN,24,12836,71,200,XiaomiMiMo/MiMo-V2.6-Distill-Qwen-9B
har120-001710-a1,har120-001710-a1__BLMKCZN,25,13470,50,200,XiaomiMiMo/MiMo-V2.6-Distill-Qwen-9B
har120-001710-a1,har120-001710-a1__BLMKCZN,26,13692,61,200,XiaomiMiMo/MiMo-V2.6-Distill-Qwen-9B
har120-001710-a1,har120-001710-a1__BLMKCZN,27,13948,81,200,XiaomiMiMo/MiMo-V2.6-Distill-Qwen-9B
har120-001710-a1,har120-001710-a1__BLMKCZN,28,14490,74,200,XiaomiMiMo/MiMo-V2.6-Distill-Qwen-9B
har120-001710-a1,har120-001710-a1__BLMKCZN,29,15168,45,200,XiaomiMiMo/MiMo-V2.6-Distill-Qwen-9B
har120-001710-a1,har120-001710-a1__BLMKCZN,30,15615,55,200,XiaomiMiMo/MiMo-V2.6-Distill-Qwen-9B
har120-001710-a1,har120-001710-a1__BLMKCZN,31,16259,40,200,XiaomiMiMo/MiMo-V2.6-Distill-Qwen-9B
har120-001710-a1,har120-001710-a1__BLMKCZN,32,16726,50,200,XiaomiMiMo/MiMo-V2.6-Distill-Qwen-9B
har120-001710-a1,har120-001710-a1__BLMKCZN,33,17413,50,200,XiaomiMiMo/MiMo-V2.6-Distill-Qwen-9B
har120-001710-a1,har120-001710-a1__BLMKCZN,34,17657,48,200,XiaomiMiMo/MiMo-V2.6-Distill-Qwen-9B
har120-001710-a1,har120-001710-a1__BLMKCZN,35,17900,32,200,XiaomiMiMo/MiMo-V2.6-Distill-Qwen-9B
har120-001710-a1,har120-001710-a1__BLMKCZN,36,18553,52,200,XiaomiMiMo/MiMo-V2.6-Distill-Qwen-9B
har120-001710-a1,har120-001710-a1__BLMKCZN,37,19318,48,200,XiaomiMiMo/MiMo-V2.6-Distill-Qwen-9B
har120-001710-a1,har120-001710-a1__BLMKCZN,38,19513,47,200,XiaomiMiMo/MiMo-V2.6-Distill-Qwen-9B
har120-001710-a1,har120-001710-a1__BLMKCZN,39,19710,47,200,XiaomiMiMo/MiMo-V2.6-Distill-Qwen-9B
har120-001710-a1,har120-001710-a1__BLMKCZN,40,19909,46,200,XiaomiMiMo/MiMo-V2.6-Distill-Qwen-9B
har120-001710-a1,har120-001710-a1__BLMKCZN,41,20102,61,200,XiaomiMiMo/MiMo-V2.6-Distill-Qwen-9B
har120-001710-a1,har120-001710-a1__BLMKCZN,42,20656,71,200,XiaomiMiMo/MiMo-V2.6-Distill-Qwen-9B
har120-001710-a1,har120-001710-a1__BLMKCZN,43,20929,49,200,XiaomiMiMo/MiMo-V2.6-Distill-Qwen-9B
har120-001710-a1,har120-001710-a1__BLMKCZN,44,21128,66,200,XiaomiMiMo/MiMo-V2.6-Distill-Qwen-9B
har120-001710-a1,har120-001710-a1__BLMKCZN,45,21500,58,200,XiaomiMiMo/MiMo-V2.6-Distill-Qwen-9B
har120-001710-a1,har120-001710-a1__BLMKCZN,46,21867,66,200,XiaomiMiMo/MiMo-V2.6-Distill-Qwen-9B
har120-001710-a1,har120-001710-a1__BLMKCZN,47,22234,48,200,XiaomiMiMo/MiMo-V2.6-Distill-Qwen-9B
har120-001710-a1,har120-001710-a1__BLMKCZN,48,22446,42,200,XiaomiMiMo/MiMo-V2.6-Distill-Qwen-9B
har120-001710-a1,har120-001710-a1__BLMKCZN,49,22632,63,200,XiaomiMiMo/MiMo-V2.6-Distill-Qwen-9B
har120-001710-a1,har120-001710-a1__BLMKCZN,50,22862,59,200,XiaomiMiMo/MiMo-V2.6-Distill-Qwen-9B
har120-001710-a1,har120-001710-a1__BLMKCZN,51,23084,56,200,XiaomiMiMo/MiMo-V2.6-Distill-Qwen-9B
har120-001710-a1,har120-001710-a1__BLMKCZN,52,23300,60,200,XiaomiMiMo/MiMo-V2.6-Distill-Qwen-9B
har120-001710-a1,har120-001710-a1__BLMKCZN,53,23530,35,200,XiaomiMiMo/MiMo-V2.6-Distill-Qwen-9B
har120-001710-a1,har120-001710-a1__BLMKCZN,54,23970,44,200,XiaomiMiMo/MiMo-V2.6-Distill-Qwen-9B
har120-001710-a1,har120-001710-a1__BLMKCZN,55,24590,44,200,XiaomiMiMo/MiMo-V2.6-Distill-Qwen-9B
har120-001710-a1,har120-001710-a1__BLMKCZN,56,25291,46,200,XiaomiMiMo/MiMo-V2.6-Distill-Qwen-9B
har120-001710-a1,har120-001710-a1__BLMKCZN,57,25738,44,200,XiaomiMiMo/MiMo-V2.6-Distill-Qwen-9B
har120-001710-a1,har120-001710-a1__BLMKCZN,58,25947,61,200,XiaomiMiMo/MiMo-V2.6-Distill-Qwen-9B
har120-001710-a1,har120-001710-a1__BLMKCZN,59,26387,41,200,XiaomiMiMo/MiMo-V2.6-Distill-Qwen-9B
har120-001710-a1,har120-001710-a1__BLMKCZN,60,26841,43,200,XiaomiMiMo/MiMo-V2.6-Distill-Qwen-9B
har120-001710-a1,har120-001710-a1__BLMKCZN,61,27487,44,200,XiaomiMiMo/MiMo-V2.6-Distill-Qwen-9B
har120-001710-a1,har120-001710-a1__BLMKCZN,62,28007,93,200,XiaomiMiMo/MiMo-V2.6-Distill-Qwen-9B
har120-001710-a1,har120-001710-a1__BLMKCZN,63,28289,52,200,XiaomiMiMo/MiMo-V2.6-Distill-Qwen-9B
har120-001710-a1,har120-001710-a1__BLMKCZN,64,28863,55,200,XiaomiMiMo/MiMo-V2.6-Distill-Qwen-9B
har120-001710-a1,har120-001710-a1__BLMKCZN,65,29324,44,200,XiaomiMiMo/MiMo-V2.6-Distill-Qwen-9B
har120-001710-a1,har120-001710-a1__BLMKCZN,66,29864,46,200,XiaomiMiMo/MiMo-V2.6-Distill-Qwen-9B
har120-001710-a1,har120-001710-a1__BLMKCZN,67,30500,44,200,XiaomiMiMo/MiMo-V2.6-Distill-Qwen-9B
har120-001710-a1,har120-001710-a1__BLMKCZN,68,31040,75,200,XiaomiMiMo/MiMo-V2.6-Distill-Qwen-9B
har120-001710-a1,har120-001710-a1__BLMKCZN,69,31621,72,200,XiaomiMiMo/MiMo-V2.6-Distill-Qwen-9B
har120-001710-a1,har120-001710-a1__BLMKCZN,70,32008,75,200,XiaomiMiMo/MiMo-V2.6-Distill-Qwen-9B
har120-001710-a1,har120-001710-a1__BLMKCZN,71,32403,74,200,XiaomiMiMo/MiMo-V2.6-Distill-Qwen-9B
har120-001710-a1,har120-001710-a1__BLMKCZN,72,32917,43,200,XiaomiMiMo/MiMo-V2.6-Distill-Qwen-9B
har120-001710-a1,har120-001710-a1__BLMKCZN,73,33558,44,200,XiaomiMiMo/MiMo-V2.6-Distill-Qwen-9B
har120-001710-a1,har120-001710-a1__BLMKCZN,74,33953,44,200,XiaomiMiMo/MiMo-V2.6-Distill-Qwen-9B
har120-001710-a1,har120-001710-a1__BLMKCZN,75,34380,44,200,XiaomiMiMo/MiMo-V2.6-Distill-Qwen-9B
har120-001710-a1,har120-001710-a1__BLMKCZN,76,34674,44,200,XiaomiMiMo/MiMo-V2.6-Distill-Qwen-9B
har120-001710-a1,har120-001710-a1__BLMKCZN,77,34986,43,200,XiaomiMiMo/MiMo-V2.6-Distill-Qwen-9B
har120-001710-a1,har120-001710-a1__BLMKCZN,78,35327,42,200,XiaomiMiMo/MiMo-V2.6-Distill-Qwen-9B
har120-001710-a1,har120-001710-a1__BLMKCZN,79,35614,42,200,XiaomiMiMo/MiMo-V2.6-Distill-Qwen-9B
har120-001710-a1,har120-001710-a1__BLMKCZN,80,35912,42,200,XiaomiMiMo/MiMo-V2.6-Distill-Qwen-9B
har120-001710-a1,har120-001710-a1__BLMKCZN,81,36199,42,200,XiaomiMiMo/MiMo-V2.6-Distill-Qwen-9B
har120-001710-a1,har120-001710-a1__BLMKCZN,82,36486,42,200,XiaomiMiMo/MiMo-V2.6-Distill-Qwen-9B
har120-001710-a1,har120-001710-a1__BLMKCZN,83,36773,42,200,XiaomiMiMo/MiMo-V2.6-Distill-Qwen-9B
har120-001710-a1,har120-001710-a1__BLMKCZN,84,37060,42,200,XiaomiMiMo/MiMo-V2.6-Distill-Qwen-9B
har120-001710-a1,har120-001710-a1__BLMKCZN,85,37347,42,200,XiaomiMiMo/MiMo-V2.6-Distill-Qwen-9B
har120-001710-a1,har120-001710-a1__BLMKCZN,86,37634,42,200,XiaomiMiMo/MiMo-V2.6-Distill-Qwen-9B
har120-001710-a1,har120-001710-a1__BLMKCZN,87,37921,42,200,XiaomiMiMo/MiMo-V2.6-Distill-Qwen-9B
har120-001710-a1,har120-001710-a1__BLMKCZN,88,38208,42,200,XiaomiMiMo/MiMo-V2.6-Distill-Qwen-9B
har120-001710-a1,har120-001710-a1__BLMKCZN,89,38495,42,200,XiaomiMiMo/MiMo-V2.6-Distill-Qwen-9B
har120-001710-a1,har120-001710-a1__BLMKCZN,90,38782,42,200,XiaomiMiMo/MiMo-V2.6-Distill-Qwen-9B
har120-001710-a1,har120-001710-a1__BLMKCZN,91,39411,42,200,XiaomiMiMo/MiMo-V2.6-Distill-Qwen-9B
har120-001710-a1,har120-001710-a1__BLMKCZN,92,39697,42,200,XiaomiMiMo/MiMo-V2.6-Distill-Qwen-9B
har120-001710-a1,har120-001710-a1__BLMKCZN,93,39983,42,200,XiaomiMiMo/MiMo-V2.6-Distill-Qwen-9B
har120-001710-a1,har120-001710-a1__BLMKCZN,94,40269,42,200,XiaomiMiMo/MiMo-V2.6-Distill-Qwen-9B
har120-001870-a1,har120-001870-a1__rXFPYLR,1,948,49,200,XiaomiMiMo/MiMo-V2.6-Distill-Qwen-9B
har120-001870-a1,har120-001870-a1__rXFPYLR,2,1154,49,200,XiaomiMiMo/MiMo-V2.6-Distill-Qwen-9B
har120-001870-a1,har120-001870-a1__rXFPYLR,3,1879,81,200,XiaomiMiMo/MiMo-V2.6-Distill-Qwen-9B
har120-001870-a1,har120-001870-a1__rXFPYLR,4,2670,150,200,XiaomiMiMo/MiMo-V2.6-Distill-Qwen-9B
har120-001870-a1,har120-001870-a1__rXFPYLR,5,3414,71,200,XiaomiMiMo/MiMo-V2.6-Distill-Qwen-9B
har120-001870-a1,har120-001870-a1__rXFPYLR,6,4094,61,200,XiaomiMiMo/MiMo-V2.6-Distill-Qwen-9B
har120-001870-a1,har120-001870-a1__rXFPYLR,7,4890,41,200,XiaomiMiMo/MiMo-V2.6-Distill-Qwen-9B
har120-001870-a1,har120-001870-a1__rXFPYLR,8,5560,399,200,XiaomiMiMo/MiMo-V2.6-Distill-Qwen-9B
har120-001870-a1,har120-001870-a1__rXFPYLR,9,5774,749,200,XiaomiMiMo/MiMo-V2.6-Distill-Qwen-9B
har120-001870-a1,har120-001870-a1__rXFPYLR,10,6084,57,200,XiaomiMiMo/MiMo-V2.6-Distill-Qwen-9B
har120-001870-a1,har120-001870-a1__rXFPYLR,11,6883,1137,200,XiaomiMiMo/MiMo-V2.6-Distill-Qwen-9B
har120-001870-a1,har120-001870-a1__rXFPYLR,12,7775,2044,200,XiaomiMiMo/MiMo-V2.6-Distill-Qwen-9B
har120-001870-a1,har120-001870-a1__rXFPYLR,13,7976,62,200,XiaomiMiMo/MiMo-V2.6-Distill-Qwen-9B
har120-001870-a1,har120-001870-a1__rXFPYLR,14,8133,62,200,XiaomiMiMo/MiMo-V2.6-Distill-Qwen-9B
har120-001870-a1,har120-001870-a1__rXFPYLR,15,8455,1193,200,XiaomiMiMo/MiMo-V2.6-Distill-Qwen-9B
har120-001870-a1,har120-001870-a1__rXFPYLR,16,9279,2400,200,XiaomiMiMo/MiMo-V2.6-Distill-Qwen-9B
har120-001870-a1,har120-001870-a1__rXFPYLR,17,10323,3442,200,XiaomiMiMo/MiMo-V2.6-Distill-Qwen-9B
har120-001870-a1,har120-001870-a1__rXFPYLR,18,10569,346,200,XiaomiMiMo/MiMo-V2.6-Distill-Qwen-9B
har120-001870-a1,har120-001870-a1__rXFPYLR,19,11340,134,200,XiaomiMiMo/MiMo-V2.6-Distill-Qwen-9B
har120-001870-a1,har120-001870-a1__rXFPYLR,20,11657,62,200,XiaomiMiMo/MiMo-V2.6-Distill-Qwen-9B
har120-001870-a1,har120-001870-a1__rXFPYLR,21,11819,26,200,XiaomiMiMo/MiMo-V2.6-Distill-Qwen-9B
har120-001870-a1,har120-001870-a1__rXFPYLR,22,12259,576,200,XiaomiMiMo/MiMo-V2.6-Distill-Qwen-9B
har120-001870-a1,har120-001870-a1__rXFPYLR,23,12724,57,200,XiaomiMiMo/MiMo-V2.6-Distill-Qwen-9B
har120-001870-a1,har120-001870-a1__rXFPYLR,24,12939,140,200,XiaomiMiMo/MiMo-V2.6-Distill-Qwen-9B
har120-001870-a1,har120-001870-a1__rXFPYLR,25,13347,111,200,XiaomiMiMo/MiMo-V2.6-Distill-Qwen-9B
har120-001870-a1,har120-001870-a1__rXFPYLR,26,13639,58,200,XiaomiMiMo/MiMo-V2.6-Distill-Qwen-9B
har120-001870-a1,har120-001870-a1__rXFPYLR,27,13836,200,200,XiaomiMiMo/MiMo-V2.6-Distill-Qwen-9B
har120-001870-a1,har120-001870-a1__rXFPYLR,28,14320,82,200,XiaomiMiMo/MiMo-V2.6-Distill-Qwen-9B
har120-001870-a1,har120-001870-a1__rXFPYLR,29,14949,112,200,XiaomiMiMo/MiMo-V2.6-Distill-Qwen-9B
har120-001870-a1,har120-001870-a1__rXFPYLR,30,15275,214,200,XiaomiMiMo/MiMo-V2.6-Distill-Qwen-9B
har120-001870-a1,har120-001870-a1__rXFPYLR,31,15750,93,200,XiaomiMiMo/MiMo-V2.6-Distill-Qwen-9B
har120-001870-a1,har120-001870-a1__rXFPYLR,32,16425,97,200,XiaomiMiMo/MiMo-V2.6-Distill-Qwen-9B
har120-001870-a1,har120-001870-a1__rXFPYLR,33,16733,123,200,XiaomiMiMo/MiMo-V2.6-Distill-Qwen-9B
har120-001870-a1,har120-001870-a1__rXFPYLR,34,17391,129,200,XiaomiMiMo/MiMo-V2.6-Distill-Qwen-9B
har120-001870-a1,har120-001870-a1__rXFPYLR,35,17756,105,200,XiaomiMiMo/MiMo-V2.6-Distill-Qwen-9B
har120-001870-a1,har120-001870-a1__rXFPYLR,36,18048,172,200,XiaomiMiMo/MiMo-V2.6-Distill-Qwen-9B
har120-001870-a1,har120-001870-a1__rXFPYLR,37,18453,178,200,XiaomiMiMo/MiMo-V2.6-Distill-Qwen-9B
har120-001870-a1,har120-001870-a1__rXFPYLR,38,18915,243,200,XiaomiMiMo/MiMo-V2.6-Distill-Qwen-9B
har120-001870-a1,har120-001870-a1__rXFPYLR,39,19484,67,200,XiaomiMiMo/MiMo-V2.6-Distill-Qwen-9B
har120-001870-a1,har120-001870-a1__rXFPYLR,40,19824,129,200,XiaomiMiMo/MiMo-V2.6-Distill-Qwen-9B
har120-001870-a1,har120-001870-a1__rXFPYLR,41,20167,85,200,XiaomiMiMo/MiMo-V2.6-Distill-Qwen-9B
har120-001870-a1,har120-001870-a1__rXFPYLR,42,20450,188,200,XiaomiMiMo/MiMo-V2.6-Distill-Qwen-9B
har120-001870-a1,har120-001870-a1__rXFPYLR,43,20952,101,200,XiaomiMiMo/MiMo-V2.6-Distill-Qwen-9B
har120-001870-a1,har120-001870-a1__rXFPYLR,44,21248,160,200,XiaomiMiMo/MiMo-V2.6-Distill-Qwen-9B
har120-001870-a1,har120-001870-a1__rXFPYLR,45,21792,169,200,XiaomiMiMo/MiMo-V2.6-Distill-Qwen-9B
har120-001870-a1,har120-001870-a1__rXFPYLR,46,22184,170,200,XiaomiMiMo/MiMo-V2.6-Distill-Qwen-9B
har120-001870-a1,har120-001870-a1__rXFPYLR,47,22614,91,200,XiaomiMiMo/MiMo-V2.6-Distill-Qwen-9B
har120-001870-a1,har120-001870-a1__rXFPYLR,48,22891,204,200,XiaomiMiMo/MiMo-V2.6-Distill-Qwen-9B
har120-001870-a1,har120-001870-a1__rXFPYLR,49,23379,95,200,XiaomiMiMo/MiMo-V2.6-Distill-Qwen-9B
har120-001870-a1,har120-001870-a1__rXFPYLR,50,23695,95,200,XiaomiMiMo/MiMo-V2.6-Distill-Qwen-9B
har120-001870-a1,har120-001870-a1__rXFPYLR,51,23952,96,200,XiaomiMiMo/MiMo-V2.6-Distill-Qwen-9B
har120-001870-a1,har120-001870-a1__rXFPYLR,52,24564,160,200,XiaomiMiMo/MiMo-V2.6-Distill-Qwen-9B
har120-001870-a1,har120-001870-a1__rXFPYLR,53,24964,163,200,XiaomiMiMo/MiMo-V2.6-Distill-Qwen-9B
har120-001870-a1,har120-001870-a1__rXFPYLR,54,25430,199,200,XiaomiMiMo/MiMo-V2.6-Distill-Qwen-9B
har120-001870-a1,har120-001870-a1__rXFPYLR,55,25896,161,200,XiaomiMiMo/MiMo-V2.6-Distill-Qwen-9B
har120-001870-a1,har120-001870-a1__rXFPYLR,56,26311,150,200,XiaomiMiMo/MiMo-V2.6-Distill-Qwen-9B
har120-001870-a1,har120-001870-a1__rXFPYLR,57,26898,170,200,XiaomiMiMo/MiMo-V2.6-Distill-Qwen-9B
har120-001870-a1,har120-001870-a1__rXFPYLR,58,27325,138,200,XiaomiMiMo/MiMo-V2.6-Distill-Qwen-9B
har120-001870-a1,har120-001870-a1__rXFPYLR,59,27786,177,200,XiaomiMiMo/MiMo-V2.6-Distill-Qwen-9B
har120-001870-a1,har120-001870-a1__rXFPYLR,60,28216,208,200,XiaomiMiMo/MiMo-V2.6-Distill-Qwen-9B
har120-001870-a1,har120-001870-a1__rXFPYLR,61,28724,214,200,XiaomiMiMo/MiMo-V2.6-Distill-Qwen-9B
har120-001870-a1,har120-001870-a1__rXFPYLR,62,29154,574,200,XiaomiMiMo/MiMo-V2.6-Distill-Qwen-9B
har120-001870-a1,har120-001870-a1__rXFPYLR,63,30351,133,200,XiaomiMiMo/MiMo-V2.6-Distill-Qwen-9B
har120-001870-a1,har120-001870-a1__rXFPYLR,64,30760,627,200,XiaomiMiMo/MiMo-V2.6-Distill-Qwen-9B
har120-001870-a1,har120-001870-a1__rXFPYLR,65,32083,155,200,XiaomiMiMo/MiMo-V2.6-Distill-Qwen-9B
har120-001870-a1,har120-001870-a1__rXFPYLR,66,32809,316,200,XiaomiMiMo/MiMo-V2.6-Distill-Qwen-9B
har120-001870-a1,har120-001870-a1__rXFPYLR,67,33373,440,200,XiaomiMiMo/MiMo-V2.6-Distill-Qwen-9B
har120-001870-a1,har120-001870-a1__rXFPYLR,68,34072,431,200,XiaomiMiMo/MiMo-V2.6-Distill-Qwen-9B
har120-001870-a1,har120-001870-a1__rXFPYLR,69,34783,149,200,XiaomiMiMo/MiMo-V2.6-Distill-Qwen-9B
har120-001870-a1,har120-001870-a1__rXFPYLR,70,35178,171,200,XiaomiMiMo/MiMo-V2.6-Distill-Qwen-9B
har120-001870-a1,har120-001870-a1__rXFPYLR,71,35896,148,200,XiaomiMiMo/MiMo-V2.6-Distill-Qwen-9B
har120-001870-a1,har120-001870-a1__rXFPYLR,72,36363,228,200,XiaomiMiMo/MiMo-V2.6-Distill-Qwen-9B
har120-001870-a1,har120-001870-a1__rXFPYLR,73,37024,263,200,XiaomiMiMo/MiMo-V2.6-Distill-Qwen-9B
har120-001870-a1,har120-001870-a1__rXFPYLR,74,37581,242,200,XiaomiMiMo/MiMo-V2.6-Distill-Qwen-9B
har120-001870-a1,har120-001870-a1__rXFPYLR,75,38242,222,200,XiaomiMiMo/MiMo-V2.6-Distill-Qwen-9B
har120-001870-a1,har120-001870-a1__rXFPYLR,76,38757,253,200,XiaomiMiMo/MiMo-V2.6-Distill-Qwen-9B
har120-001870-a1,har120-001870-a1__rXFPYLR,77,39721,273,200,XiaomiMiMo/MiMo-V2.6-Distill-Qwen-9B
har120-001870-a1,har120-001870-a1__rXFPYLR,78,40280,315,200,XiaomiMiMo/MiMo-V2.6-Distill-Qwen-9B
har120-001870-a1,har120-001870-a1__rXFPYLR,79,40877,238,200,XiaomiMiMo/MiMo-V2.6-Distill-Qwen-9B
har120-001870-a1,har120-001870-a1__rXFPYLR,80,41453,2830,200,XiaomiMiMo/MiMo-V2.6-Distill-Qwen-9B
har120-001870-a1,har120-001870-a1__rXFPYLR,81,44628,92,200,XiaomiMiMo/MiMo-V2.6-Distill-Qwen-9B
har120-001870-a1,har120-001870-a1__rXFPYLR,82,44998,77,200,XiaomiMiMo/MiMo-V2.6-Distill-Qwen-9B
har120-001870-a1,har120-001870-a1__rXFPYLR,83,45388,171,200,XiaomiMiMo/MiMo-V2.6-Distill-Qwen-9B
har120-001870-a1,har120-001870-a1__rXFPYLR,84,45852,1553,200,XiaomiMiMo/MiMo-V2.6-Distill-Qwen-9B
har120-001870-a1,har120-001870-a1__rXFPYLR,85,48102,159,200,XiaomiMiMo/MiMo-V2.6-Distill-Qwen-9B
har120-001870-a1,har120-001870-a1__rXFPYLR,86,48817,157,200,XiaomiMiMo/MiMo-V2.6-Distill-Qwen-9B
har120-001870-a1,har120-001870-a1__rXFPYLR,87,49214,113,200,XiaomiMiMo/MiMo-V2.6-Distill-Qwen-9B
har120-001870-a1,har120-001870-a1__rXFPYLR,88,49864,88,200,XiaomiMiMo/MiMo-V2.6-Distill-Qwen-9B
har120-001870-a1,har120-001870-a1__rXFPYLR,89,50365,1529,200,XiaomiMiMo/MiMo-V2.6-Distill-Qwen-9B
har120-001870-a1,har120-001870-a1__rXFPYLR,90,52588,143,200,XiaomiMiMo/MiMo-V2.6-Distill-Qwen-9B
har120-001870-a1,har120-001870-a1__rXFPYLR,91,53018,209,200,XiaomiMiMo/MiMo-V2.6-Distill-Qwen-9B
har120-001870-a1,har120-001870-a1__rXFPYLR,92,53620,35,200,XiaomiMiMo/MiMo-V2.6-Distill-Qwen-9B
har120-001870-a1,har120-001870-a1__rXFPYLR,93,876,103,200,XiaomiMiMo/MiMo-V2.6-Distill-Qwen-9B
har120-001870-a1,har120-001870-a1__rXFPYLR,94,53784,46,200,XiaomiMiMo/MiMo-V2.6-Distill-Qwen-9B
har120-001870-a1,har120-001870-a1__rXFPYLR,95,2015,98,200,XiaomiMiMo/MiMo-V2.6-Distill-Qwen-9B
har120-001870-a1,har120-001870-a1__rXFPYLR,96,2376,78,200,XiaomiMiMo/MiMo-V2.6-Distill-Qwen-9B
har120-001870-a1,har120-001870-a1__rXFPYLR,97,2600,29,200,XiaomiMiMo/MiMo-V2.6-Distill-Qwen-9B
har120-001870-a1,har120-001870-a1__rXFPYLR,98,2680,69,200,XiaomiMiMo/MiMo-V2.6-Distill-Qwen-9B
har120-001870-a1,har120-001870-a1__rXFPYLR,99,2840,31,200,XiaomiMiMo/MiMo-V2.6-Distill-Qwen-9B
har120-001870-a1,har120-001870-a1__rXFPYLR,100,2924,108,200,XiaomiMiMo/MiMo-V2.6-Distill-Qwen-9B
har120-001870-a1,har120-001870-a1__rXFPYLR,101,3068,25,200,XiaomiMiMo/MiMo-V2.6-Distill-Qwen-9B
har120-001870-a1,har120-001870-a1__rXFPYLR,102,3140,38,200,XiaomiMiMo/MiMo-V2.6-Distill-Qwen-9B
har120-001870-a1,har120-001870-a1__rXFPYLR,103,3202,46,200,XiaomiMiMo/MiMo-V2.6-Distill-Qwen-9B
har120-001870-a1,har120-001870-a1__rXFPYLR,104,3286,37,200,XiaomiMiMo/MiMo-V2.6-Distill-Qwen-9B
har120-001870-a1,har120-001870-a1__rXFPYLR,105,3382,37,200,XiaomiMiMo/MiMo-V2.6-Distill-Qwen-9B
har120-001870-a1,har120-001870-a1__rXFPYLR,106,3478,37,200,XiaomiMiMo/MiMo-V2.6-Distill-Qwen-9B
har120-001870-a1,har120-001870-a1__rXFPYLR,107,3574,37,200,XiaomiMiMo/MiMo-V2.6-Distill-Qwen-9B
har120-001870-a1,har120-001870-a1__rXFPYLR,108,3670,37,200,XiaomiMiMo/MiMo-V2.6-Distill-Qwen-9B
har120-001870-a1,har120-001870-a1__rXFPYLR,109,3766,37,200,XiaomiMiMo/MiMo-V2.6-Distill-Qwen-9B
har120-001870-a1,har120-001870-a1__rXFPYLR,110,3862,37,200,XiaomiMiMo/MiMo-V2.6-Distill-Qwen-9B
har120-001870-a1,har120-001870-a1__rXFPYLR,111,3958,37,200,XiaomiMiMo/MiMo-V2.6-Distill-Qwen-9B
har120-001870-a1,har120-001870-a1__rXFPYLR,112,4054,37,200,XiaomiMiMo/MiMo-V2.6-Distill-Qwen-9B
har120-001870-a1,har120-001870-a1__rXFPYLR,113,4150,37,200,XiaomiMiMo/MiMo-V2.6-Distill-Qwen-9B
har120-001870-a1,har120-001870-a1__rXFPYLR,114,4246,37,200,XiaomiMiMo/MiMo-V2.6-Distill-Qwen-9B
har120-001870-a1,har120-001870-a1__rXFPYLR,115,4342,37,200,XiaomiMiMo/MiMo-V2.6-Distill-Qwen-9B
har120-001870-a1,har120-001870-a1__rXFPYLR,116,4438,37,200,XiaomiMiMo/MiMo-V2.6-Distill-Qwen-9B
har120-001870-a1,har120-001870-a1__rXFPYLR,117,4534,37,200,XiaomiMiMo/MiMo-V2.6-Distill-Qwen-9B
har120-001870-a1,har120-001870-a1__rXFPYLR,118,4630,37,200,XiaomiMiMo/MiMo-V2.6-Distill-Qwen-9B
har120-001870-a1,har120-001870-a1__rXFPYLR,119,4726,37,200,XiaomiMiMo/MiMo-V2.6-Distill-Qwen-9B
har120-001870-a1,har120-001870-a1__rXFPYLR,120,4822,37,200,XiaomiMiMo/MiMo-V2.6-Distill-Qwen-9B
har120-001897-a1,har120-001897-a1__6AyLy9W,1,1387,87,200,XiaomiMiMo/MiMo-V2.6-Distill-Qwen-9B
har120-001897-a1,har120-001897-a1__6AyLy9W,2,2202,83,200,XiaomiMiMo/MiMo-V2.6-Distill-Qwen-9B
har120-001897-a1,har120-001897-a1__6AyLy9W,3,2934,88,200,XiaomiMiMo/MiMo-V2.6-Distill-Qwen-9B
har120-001897-a1,har120-001897-a1__6AyLy9W,4,3673,106,200,XiaomiMiMo/MiMo-V2.6-Distill-Qwen-9B
har120-001897-a1,har120-001897-a1__6AyLy9W,5,4473,55,200,XiaomiMiMo/MiMo-V2.6-Distill-Qwen-9B
har120-001897-a1,har120-001897-a1__6AyLy9W,6,5149,125,200,XiaomiMiMo/MiMo-V2.6-Distill-Qwen-9B
har120-001897-a1,har120-001897-a1__6AyLy9W,7,5919,80,200,XiaomiMiMo/MiMo-V2.6-Distill-Qwen-9B
har120-001897-a1,har120-001897-a1__6AyLy9W,8,6630,70,200,XiaomiMiMo/MiMo-V2.6-Distill-Qwen-9B
har120-001897-a1,har120-001897-a1__6AyLy9W,9,7321,93,200,XiaomiMiMo/MiMo-V2.6-Distill-Qwen-9B
har120-001897-a1,har120-001897-a1__6AyLy9W,10,8066,2858,200,XiaomiMiMo/MiMo-V2.6-Distill-Qwen-9B
har120-001897-a1,har120-001897-a1__6AyLy9W,11,8747,4096,200,XiaomiMiMo/MiMo-V2.6-Distill-Qwen-9B
har120-001897-a1,har120-001897-a1__6AyLy9W,12,8831,72,200,XiaomiMiMo/MiMo-V2.6-Distill-Qwen-9B
har120-001897-a1,har120-001897-a1__6AyLy9W,13,9567,4096,200,XiaomiMiMo/MiMo-V2.6-Distill-Qwen-9B
har120-001897-a1,har120-001897-a1__6AyLy9W,14,9651,837,200,XiaomiMiMo/MiMo-V2.6-Distill-Qwen-9B
har120-001897-a1,har120-001897-a1__6AyLy9W,15,11169,200,200,XiaomiMiMo/MiMo-V2.6-Distill-Qwen-9B
har120-001897-a1,har120-001897-a1__6AyLy9W,16,11806,324,200,XiaomiMiMo/MiMo-V2.6-Distill-Qwen-9B
har120-001897-a1,har120-001897-a1__6AyLy9W,17,12653,1398,200,XiaomiMiMo/MiMo-V2.6-Distill-Qwen-9B
har120-001897-a1,har120-001897-a1__6AyLy9W,18,14758,2233,200,XiaomiMiMo/MiMo-V2.6-Distill-Qwen-9B
har120-001897-a1,har120-001897-a1__6AyLy9W,19,17660,220,200,XiaomiMiMo/MiMo-V2.6-Distill-Qwen-9B
har120-001897-a1,har120-001897-a1__6AyLy9W,20,17976,162,200,XiaomiMiMo/MiMo-V2.6-Distill-Qwen-9B
har120-001897-a1,har120-001897-a1__6AyLy9W,21,18343,112,200,XiaomiMiMo/MiMo-V2.6-Distill-Qwen-9B
har120-001897-a1,har120-001897-a1__6AyLy9W,22,18696,1429,200,XiaomiMiMo/MiMo-V2.6-Distill-Qwen-9B
har120-001897-a1,har120-001897-a1__6AyLy9W,23,20789,203,200,XiaomiMiMo/MiMo-V2.6-Distill-Qwen-9B
har120-001897-a1,har120-001897-a1__6AyLy9W,24,21255,245,200,XiaomiMiMo/MiMo-V2.6-Distill-Qwen-9B
har120-001897-a1,har120-001897-a1__6AyLy9W,25,21998,179,200,XiaomiMiMo/MiMo-V2.6-Distill-Qwen-9B
har120-001897-a1,har120-001897-a1__6AyLy9W,26,22488,89,200,XiaomiMiMo/MiMo-V2.6-Distill-Qwen-9B
har120-001897-a1,har120-001897-a1__6AyLy9W,27,22973,301,200,XiaomiMiMo/MiMo-V2.6-Distill-Qwen-9B
har120-001897-a1,har120-001897-a1__6AyLy9W,28,23537,176,200,XiaomiMiMo/MiMo-V2.6-Distill-Qwen-9B
har120-001897-a1,har120-001897-a1__6AyLy9W,29,23928,602,200,XiaomiMiMo/MiMo-V2.6-Distill-Qwen-9B
har120-001897-a1,har120-001897-a1__6AyLy9W,30,24982,1283,200,XiaomiMiMo/MiMo-V2.6-Distill-Qwen-9B
har120-001897-a1,har120-001897-a1__6AyLy9W,31,26884,1195,200,XiaomiMiMo/MiMo-V2.6-Distill-Qwen-9B
har120-001897-a1,har120-001897-a1__6AyLy9W,32,28772,541,200,XiaomiMiMo/MiMo-V2.6-Distill-Qwen-9B
har120-001897-a1,har120-001897-a1__6AyLy9W,33,29929,1407,200,XiaomiMiMo/MiMo-V2.6-Distill-Qwen-9B
har120-001897-a1,har120-001897-a1__6AyLy9W,34,31921,120,200,XiaomiMiMo/MiMo-V2.6-Distill-Qwen-9B
har120-001897-a1,har120-001897-a1__6AyLy9W,35,32251,51,200,XiaomiMiMo/MiMo-V2.6-Distill-Qwen-9B
har120-001897-a1,har120-001897-a1__6AyLy9W,36,32469,58,200,XiaomiMiMo/MiMo-V2.6-Distill-Qwen-9B
har120-001897-a1,har120-001897-a1__6AyLy9W,37,32843,352,200,XiaomiMiMo/MiMo-V2.6-Distill-Qwen-9B
har120-001897-a1,har120-001897-a1__6AyLy9W,38,33310,85,200,XiaomiMiMo/MiMo-V2.6-Distill-Qwen-9B
har120-001897-a1,har120-001897-a1__6AyLy9W,39,33514,255,200,XiaomiMiMo/MiMo-V2.6-Distill-Qwen-9B
har120-001897-a1,har120-001897-a1__6AyLy9W,40,33870,38,200,XiaomiMiMo/MiMo-V2.6-Distill-Qwen-9B
har120-001897-a1,har120-001897-a1__6AyLy9W,41,34027,23,200,XiaomiMiMo/MiMo-V2.6-Distill-Qwen-9B
har120-001897-a1,har120-001897-a1__6AyLy9W,42,34169,23,200,XiaomiMiMo/MiMo-V2.6-Distill-Qwen-9B
har120-001897-a1,har120-001897-a1__6AyLy9W,43,34311,39,200,XiaomiMiMo/MiMo-V2.6-Distill-Qwen-9B
har120-001897-a1,har120-001897-a1__6AyLy9W,44,34469,85,200,XiaomiMiMo/MiMo-V2.6-Distill-Qwen-9B
har120-001897-a1,har120-001897-a1__6AyLy9W,45,34673,278,200,XiaomiMiMo/MiMo-V2.6-Distill-Qwen-9B
har120-001897-a1,har120-001897-a1__6AyLy9W,46,35070,85,200,XiaomiMiMo/MiMo-V2.6-Distill-Qwen-9B
har120-001897-a1,har120-001897-a1__6AyLy9W,47,35274,85,200,XiaomiMiMo/MiMo-V2.6-Distill-Qwen-9B
har120-001897-a1,har120-001897-a1__6AyLy9W,48,35486,85,200,XiaomiMiMo/MiMo-V2.6-Distill-Qwen-9B
har120-001897-a1,har120-001897-a1__6AyLy9W,49,35690,85,200,XiaomiMiMo/MiMo-V2.6-Distill-Qwen-9B
har120-001897-a1,har120-001897-a1__6AyLy9W,50,35894,85,200,XiaomiMiMo/MiMo-V2.6-Distill-Qwen-9B
har120-001897-a1,har120-001897-a1__6AyLy9W,51,36098,85,200,XiaomiMiMo/MiMo-V2.6-Distill-Qwen-9B
har120-001897-a1,har120-001897-a1__6AyLy9W,52,36302,85,200,XiaomiMiMo/MiMo-V2.6-Distill-Qwen-9B
har120-001897-a1,har120-001897-a1__6AyLy9W,53,36506,85,200,XiaomiMiMo/MiMo-V2.6-Distill-Qwen-9B
har120-001897-a1,har120-001897-a1__6AyLy9W,54,36710,85,200,XiaomiMiMo/MiMo-V2.6-Distill-Qwen-9B
har120-001897-a1,har120-001897-a1__6AyLy9W,55,36914,85,200,XiaomiMiMo/MiMo-V2.6-Distill-Qwen-9B
har120-001897-a1,har120-001897-a1__6AyLy9W,56,37118,85,200,XiaomiMiMo/MiMo-V2.6-Distill-Qwen-9B
har120-001897-a1,har120-001897-a1__6AyLy9W,57,37322,85,200,XiaomiMiMo/MiMo-V2.6-Distill-Qwen-9B
har120-001897-a1,har120-001897-a1__6AyLy9W,58,37526,85,200,XiaomiMiMo/MiMo-V2.6-Distill-Qwen-9B
har120-001897-a1,har120-001897-a1__6AyLy9W,59,37730,85,200,XiaomiMiMo/MiMo-V2.6-Distill-Qwen-9B
har120-001897-a1,har120-001897-a1__6AyLy9W,60,37934,85,200,XiaomiMiMo/MiMo-V2.6-Distill-Qwen-9B
har120-001897-a1,har120-001897-a1__6AyLy9W,61,38138,85,200,XiaomiMiMo/MiMo-V2.6-Distill-Qwen-9B
har120-001897-a1,har120-001897-a1__6AyLy9W,62,38342,85,200,XiaomiMiMo/MiMo-V2.6-Distill-Qwen-9B
har120-002680-a1,har120-002680-a1__Ci4bEkf,1,1065,121,200,XiaomiMiMo/MiMo-V2.6-Distill-Qwen-9B
har120-002680-a1,har120-002680-a1__Ci4bEkf,2,1850,115,200,XiaomiMiMo/MiMo-V2.6-Distill-Qwen-9B
har120-002680-a1,har120-002680-a1__Ci4bEkf,3,2247,157,200,XiaomiMiMo/MiMo-V2.6-Distill-Qwen-9B
har120-002680-a1,har120-002680-a1__Ci4bEkf,4,3108,91,200,XiaomiMiMo/MiMo-V2.6-Distill-Qwen-9B
har120-002680-a1,har120-002680-a1__Ci4bEkf,5,3827,137,200,XiaomiMiMo/MiMo-V2.6-Distill-Qwen-9B
har120-002680-a1,har120-002680-a1__Ci4bEkf,6,4577,163,200,XiaomiMiMo/MiMo-V2.6-Distill-Qwen-9B
har120-002680-a1,har120-002680-a1__Ci4bEkf,7,5321,149,200,XiaomiMiMo/MiMo-V2.6-Distill-Qwen-9B
har120-002680-a1,har120-002680-a1__Ci4bEkf,8,6137,46,200,XiaomiMiMo/MiMo-V2.6-Distill-Qwen-9B
har120-002680-a1,har120-002680-a1__Ci4bEkf,9,6969,50,200,XiaomiMiMo/MiMo-V2.6-Distill-Qwen-9B
har120-002680-a1,har120-002680-a1__Ci4bEkf,10,7623,139,200,XiaomiMiMo/MiMo-V2.6-Distill-Qwen-9B
har120-002680-a1,har120-002680-a1__Ci4bEkf,11,8450,148,200,XiaomiMiMo/MiMo-V2.6-Distill-Qwen-9B
har120-002680-a1,har120-002680-a1__Ci4bEkf,12,9309,140,200,XiaomiMiMo/MiMo-V2.6-Distill-Qwen-9B
har120-002680-a1,har120-002680-a1__Ci4bEkf,13,9796,171,200,XiaomiMiMo/MiMo-V2.6-Distill-Qwen-9B
har120-002680-a1,har120-002680-a1__Ci4bEkf,14,10283,93,200,XiaomiMiMo/MiMo-V2.6-Distill-Qwen-9B
har120-002680-a1,har120-002680-a1__Ci4bEkf,15,11098,50,200,XiaomiMiMo/MiMo-V2.6-Distill-Qwen-9B
har120-002680-a1,har120-002680-a1__Ci4bEkf,16,11474,48,200,XiaomiMiMo/MiMo-V2.6-Distill-Qwen-9B
har120-002680-a1,har120-002680-a1__Ci4bEkf,17,11778,50,200,XiaomiMiMo/MiMo-V2.6-Distill-Qwen-9B
har120-002680-a1,har120-002680-a1__Ci4bEkf,18,12437,75,200,XiaomiMiMo/MiMo-V2.6-Distill-Qwen-9B
har120-002680-a1,har120-002680-a1__Ci4bEkf,19,12759,73,200,XiaomiMiMo/MiMo-V2.6-Distill-Qwen-9B
har120-002680-a1,har120-002680-a1__Ci4bEkf,20,13151,97,200,XiaomiMiMo/MiMo-V2.6-Distill-Qwen-9B
har120-002680-a1,har120-002680-a1__Ci4bEkf,21,13642,99,200,XiaomiMiMo/MiMo-V2.6-Distill-Qwen-9B
har120-002680-a1,har120-002680-a1__Ci4bEkf,22,14176,181,200,XiaomiMiMo/MiMo-V2.6-Distill-Qwen-9B
har120-002680-a1,har120-002680-a1__Ci4bEkf,23,15054,131,200,XiaomiMiMo/MiMo-V2.6-Distill-Qwen-9B
har120-002680-a1,har120-002680-a1__Ci4bEkf,24,15573,156,200,XiaomiMiMo/MiMo-V2.6-Distill-Qwen-9B
har120-002680-a1,har120-002680-a1__Ci4bEkf,25,16293,122,200,XiaomiMiMo/MiMo-V2.6-Distill-Qwen-9B
har120-002680-a1,har120-002680-a1__Ci4bEkf,26,17159,208,200,XiaomiMiMo/MiMo-V2.6-Distill-Qwen-9B
har120-002680-a1,har120-002680-a1__Ci4bEkf,27,18016,53,200,XiaomiMiMo/MiMo-V2.6-Distill-Qwen-9B
har120-002680-a1,har120-002680-a1__Ci4bEkf,28,18674,54,200,XiaomiMiMo/MiMo-V2.6-Distill-Qwen-9B
har120-002680-a1,har120-002680-a1__Ci4bEkf,29,19097,133,200,XiaomiMiMo/MiMo-V2.6-Distill-Qwen-9B
har120-002680-a1,har120-002680-a1__Ci4bEkf,30,19567,52,200,XiaomiMiMo/MiMo-V2.6-Distill-Qwen-9B
har120-002680-a1,har120-002680-a1__Ci4bEkf,31,20113,174,200,XiaomiMiMo/MiMo-V2.6-Distill-Qwen-9B
har120-002680-a1,har120-002680-a1__Ci4bEkf,32,20468,68,200,XiaomiMiMo/MiMo-V2.6-Distill-Qwen-9B
har120-002680-a1,har120-002680-a1__Ci4bEkf,33,20641,38,200,XiaomiMiMo/MiMo-V2.6-Distill-Qwen-9B
har120-002680-a1,har120-002680-a1__Ci4bEkf,34,21073,233,200,XiaomiMiMo/MiMo-V2.6-Distill-Qwen-9B
har120-002680-a1,har120-002680-a1__Ci4bEkf,35,21483,1053,200,XiaomiMiMo/MiMo-V2.6-Distill-Qwen-9B
har120-002680-a1,har120-002680-a1__Ci4bEkf,36,22933,228,200,XiaomiMiMo/MiMo-V2.6-Distill-Qwen-9B
har120-002680-a1,har120-002680-a1__Ci4bEkf,37,23176,83,200,XiaomiMiMo/MiMo-V2.6-Distill-Qwen-9B
har120-002680-a1,har120-002680-a1__Ci4bEkf,38,23413,78,200,XiaomiMiMo/MiMo-V2.6-Distill-Qwen-9B
har120-002680-a1,har120-002680-a1__Ci4bEkf,39,23940,379,200,XiaomiMiMo/MiMo-V2.6-Distill-Qwen-9B
har120-002680-a1,har120-002680-a1__Ci4bEkf,40,24771,754,200,XiaomiMiMo/MiMo-V2.6-Distill-Qwen-9B
har120-002680-a1,har120-002680-a1__Ci4bEkf,41,25929,96,200,XiaomiMiMo/MiMo-V2.6-Distill-Qwen-9B
har120-002680-a1,har120-002680-a1__Ci4bEkf,42,26714,318,200,XiaomiMiMo/MiMo-V2.6-Distill-Qwen-9B
har120-002680-a1,har120-002680-a1__Ci4bEkf,43,27422,129,200,XiaomiMiMo/MiMo-V2.6-Distill-Qwen-9B
har120-002680-a1,har120-002680-a1__Ci4bEkf,44,28005,128,200,XiaomiMiMo/MiMo-V2.6-Distill-Qwen-9B
har120-002680-a1,har120-002680-a1__Ci4bEkf,45,28324,558,200,XiaomiMiMo/MiMo-V2.6-Distill-Qwen-9B
har120-002680-a1,har120-002680-a1__Ci4bEkf,46,29308,448,200,XiaomiMiMo/MiMo-V2.6-Distill-Qwen-9B
har120-002680-a1,har120-002680-a1__Ci4bEkf,47,30392,1157,200,XiaomiMiMo/MiMo-V2.6-Distill-Qwen-9B
har120-002680-a1,har120-002680-a1__Ci4bEkf,48,32264,486,200,XiaomiMiMo/MiMo-V2.6-Distill-Qwen-9B
har120-002680-a1,har120-002680-a1__Ci4bEkf,49,33174,165,200,XiaomiMiMo/MiMo-V2.6-Distill-Qwen-9B
har120-002680-a1,har120-002680-a1__Ci4bEkf,50,33632,1004,200,XiaomiMiMo/MiMo-V2.6-Distill-Qwen-9B
har120-002680-a1,har120-002680-a1__Ci4bEkf,51,35351,959,200,XiaomiMiMo/MiMo-V2.6-Distill-Qwen-9B
har120-002680-a1,har120-002680-a1__Ci4bEkf,52,36982,357,200,XiaomiMiMo/MiMo-V2.6-Distill-Qwen-9B
har120-002680-a1,har120-002680-a1__Ci4bEkf,53,37667,399,200,XiaomiMiMo/MiMo-V2.6-Distill-Qwen-9B
har120-002680-a1,har120-002680-a1__Ci4bEkf,54,38434,71,200,XiaomiMiMo/MiMo-V2.6-Distill-Qwen-9B
har120-002680-a1,har120-002680-a1__Ci4bEkf,55,38596,102,200,XiaomiMiMo/MiMo-V2.6-Distill-Qwen-9B
har120-002680-a1,har120-002680-a1__Ci4bEkf,56,38813,93,200,XiaomiMiMo/MiMo-V2.6-Distill-Qwen-9B
har120-002680-a1,har120-002680-a1__Ci4bEkf,57,38967,86,200,XiaomiMiMo/MiMo-V2.6-Distill-Qwen-9B
har120-002680-a1,har120-002680-a1__Ci4bEkf,58,39140,65,200,XiaomiMiMo/MiMo-V2.6-Distill-Qwen-9B
har120-002680-a1,har120-002680-a1__Ci4bEkf,59,39266,64,200,XiaomiMiMo/MiMo-V2.6-Distill-Qwen-9B
har120-002680-a1,har120-002680-a1__Ci4bEkf,60,39378,59,200,XiaomiMiMo/MiMo-V2.6-Distill-Qwen-9B
har120-002680-a1,har120-002680-a1__Ci4bEkf,61,39470,72,200,XiaomiMiMo/MiMo-V2.6-Distill-Qwen-9B
har120-002680-a1,har120-002680-a1__Ci4bEkf,62,39568,100,200,XiaomiMiMo/MiMo-V2.6-Distill-Qwen-9B
har120-002680-a1,har120-002680-a1__Ci4bEkf,63,39717,100,200,XiaomiMiMo/MiMo-V2.6-Distill-Qwen-9B
har120-002680-a1,har120-002680-a1__Ci4bEkf,64,39887,78,200,XiaomiMiMo/MiMo-V2.6-Distill-Qwen-9B
har120-002680-a1,har120-002680-a1__Ci4bEkf,65,40032,85,200,XiaomiMiMo/MiMo-V2.6-Distill-Qwen-9B
har120-002680-a1,har120-002680-a1__Ci4bEkf,66,40187,65,200,XiaomiMiMo/MiMo-V2.6-Distill-Qwen-9B
har120-002680-a1,har120-002680-a1__Ci4bEkf,67,40309,123,200,XiaomiMiMo/MiMo-V2.6-Distill-Qwen-9B
har120-002680-a1,har120-002680-a1__Ci4bEkf,68,40510,94,200,XiaomiMiMo/MiMo-V2.6-Distill-Qwen-9B
har120-002680-a1,har120-002680-a1__Ci4bEkf,69,41043,90,200,XiaomiMiMo/MiMo-V2.6-Distill-Qwen-9B
har120-002680-a1,har120-002680-a1__Ci4bEkf,70,41201,149,200,XiaomiMiMo/MiMo-V2.6-Distill-Qwen-9B
har120-002680-a1,har120-002680-a1__Ci4bEkf,71,41482,174,200,XiaomiMiMo/MiMo-V2.6-Distill-Qwen-9B
har120-002680-a1,har120-002680-a1__Ci4bEkf,72,41804,167,200,XiaomiMiMo/MiMo-V2.6-Distill-Qwen-9B
har120-002680-a1,har120-002680-a1__Ci4bEkf,73,42095,174,200,XiaomiMiMo/MiMo-V2.6-Distill-Qwen-9B
har120-002680-a1,har120-002680-a1__Ci4bEkf,74,42393,174,200,XiaomiMiMo/MiMo-V2.6-Distill-Qwen-9B
har120-002680-a1,har120-002680-a1__Ci4bEkf,75,42691,168,200,XiaomiMiMo/MiMo-V2.6-Distill-Qwen-9B
har120-002680-a1,har120-002680-a1__Ci4bEkf,76,42901,168,200,XiaomiMiMo/MiMo-V2.6-Distill-Qwen-9B
har120-002680-a1,har120-002680-a1__Ci4bEkf,77,43093,174,200,XiaomiMiMo/MiMo-V2.6-Distill-Qwen-9B
har120-002680-a1,har120-002680-a1__Ci4bEkf,78,43291,174,200,XiaomiMiMo/MiMo-V2.6-Distill-Qwen-9B
har120-002680-a1,har120-002680-a1__Ci4bEkf,79,43489,174,200,XiaomiMiMo/MiMo-V2.6-Distill-Qwen-9B
har120-002680-a1,har120-002680-a1__Ci4bEkf,80,44091,174,200,XiaomiMiMo/MiMo-V2.6-Distill-Qwen-9B
har120-002680-a1,har120-002680-a1__Ci4bEkf,81,44353,174,200,XiaomiMiMo/MiMo-V2.6-Distill-Qwen-9B
har120-002680-a1,har120-002680-a1__Ci4bEkf,82,44615,174,200,XiaomiMiMo/MiMo-V2.6-Distill-Qwen-9B
har120-002680-a1,har120-002680-a1__Ci4bEkf,83,44877,174,200,XiaomiMiMo/MiMo-V2.6-Distill-Qwen-9B
har120-002680-a1,har120-002680-a1__Ci4bEkf,84,45139,174,200,XiaomiMiMo/MiMo-V2.6-Distill-Qwen-9B
har120-002680-a1,har120-002680-a1__Ci4bEkf,85,45401,174,200,XiaomiMiMo/MiMo-V2.6-Distill-Qwen-9B
har120-002680-a1,har120-002680-a1__Ci4bEkf,86,45663,174,200,XiaomiMiMo/MiMo-V2.6-Distill-Qwen-9B
har120-002680-a1,har120-002680-a1__Ci4bEkf,87,45925,174,200,XiaomiMiMo/MiMo-V2.6-Distill-Qwen-9B
har120-002680-a1,har120-002680-a1__Ci4bEkf,88,46187,174,200,XiaomiMiMo/MiMo-V2.6-Distill-Qwen-9B
har120-002680-a1,har120-002680-a1__Ci4bEkf,89,46449,174,200,XiaomiMiMo/MiMo-V2.6-Distill-Qwen-9B
har120-002938-a1,har120-002938-a1__UpSjiuM,1,933,98,200,XiaomiMiMo/MiMo-V2.6-Distill-Qwen-9B
har120-002938-a1,har120-002938-a1__UpSjiuM,2,1471,27,200,XiaomiMiMo/MiMo-V2.6-Distill-Qwen-9B
har120-002938-a1,har120-002938-a1__UpSjiuM,3,1542,34,200,XiaomiMiMo/MiMo-V2.6-Distill-Qwen-9B
har120-002938-a1,har120-002938-a1__UpSjiuM,4,1613,30,200,XiaomiMiMo/MiMo-V2.6-Distill-Qwen-9B
har120-002938-a1,har120-002938-a1__UpSjiuM,5,2276,40,200,XiaomiMiMo/MiMo-V2.6-Distill-Qwen-9B
har120-002938-a1,har120-002938-a1__UpSjiuM,6,2949,60,200,XiaomiMiMo/MiMo-V2.6-Distill-Qwen-9B
har120-002938-a1,har120-002938-a1__UpSjiuM,7,3325,41,200,XiaomiMiMo/MiMo-V2.6-Distill-Qwen-9B
har120-002938-a1,har120-002938-a1__UpSjiuM,8,4001,42,200,XiaomiMiMo/MiMo-V2.6-Distill-Qwen-9B
har120-002938-a1,har120-002938-a1__UpSjiuM,9,4534,367,200,XiaomiMiMo/MiMo-V2.6-Distill-Qwen-9B
har120-002938-a1,har120-002938-a1__UpSjiuM,10,4855,631,200,XiaomiMiMo/MiMo-V2.6-Distill-Qwen-9B
har120-002938-a1,har120-002938-a1__UpSjiuM,11,6111,184,200,XiaomiMiMo/MiMo-V2.6-Distill-Qwen-9B
har120-002938-a1,har120-002938-a1__UpSjiuM,12,6653,84,200,XiaomiMiMo/MiMo-V2.6-Distill-Qwen-9B
har120-002938-a1,har120-002938-a1__UpSjiuM,13,7362,289,200,XiaomiMiMo/MiMo-V2.6-Distill-Qwen-9B
har120-002938-a1,har120-002938-a1__UpSjiuM,14,7707,274,200,XiaomiMiMo/MiMo-V2.6-Distill-Qwen-9B
har120-002938-a1,har120-002938-a1__UpSjiuM,15,8037,114,200,XiaomiMiMo/MiMo-V2.6-Distill-Qwen-9B
har120-002938-a1,har120-002938-a1__UpSjiuM,16,8257,59,200,XiaomiMiMo/MiMo-V2.6-Distill-Qwen-9B
har120-002938-a1,har120-002938-a1__UpSjiuM,17,8441,72,200,XiaomiMiMo/MiMo-V2.6-Distill-Qwen-9B
har120-002938-a1,har120-002938-a1__UpSjiuM,18,8638,72,200,XiaomiMiMo/MiMo-V2.6-Distill-Qwen-9B
har120-002938-a1,har120-002938-a1__UpSjiuM,19,8835,72,200,XiaomiMiMo/MiMo-V2.6-Distill-Qwen-9B
har120-002938-a1,har120-002938-a1__UpSjiuM,20,9032,81,200,XiaomiMiMo/MiMo-V2.6-Distill-Qwen-9B
har120-002938-a1,har120-002938-a1__UpSjiuM,21,9229,73,200,XiaomiMiMo/MiMo-V2.6-Distill-Qwen-9B
har120-002938-a1,har120-002938-a1__UpSjiuM,22,9429,72,200,XiaomiMiMo/MiMo-V2.6-Distill-Qwen-9B
har120-002938-a1,har120-002938-a1__UpSjiuM,23,9626,73,200,XiaomiMiMo/MiMo-V2.6-Distill-Qwen-9B
har120-002938-a1,har120-002938-a1__UpSjiuM,24,9826,72,200,XiaomiMiMo/MiMo-V2.6-Distill-Qwen-9B
har120-002938-a1,har120-002938-a1__UpSjiuM,25,10023,72,200,XiaomiMiMo/MiMo-V2.6-Distill-Qwen-9B
har120-002938-a1,har120-002938-a1__UpSjiuM,26,10220,72,200,XiaomiMiMo/MiMo-V2.6-Distill-Qwen-9B
har120-002938-a1,har120-002938-a1__UpSjiuM,27,10417,72,200,XiaomiMiMo/MiMo-V2.6-Distill-Qwen-9B
har120-002938-a1,har120-002938-a1__UpSjiuM,28,10614,73,200,XiaomiMiMo/MiMo-V2.6-Distill-Qwen-9B
har120-002938-a1,har120-002938-a1__UpSjiuM,29,10815,73,200,XiaomiMiMo/MiMo-V2.6-Distill-Qwen-9B
har120-002938-a1,har120-002938-a1__UpSjiuM,30,11015,73,200,XiaomiMiMo/MiMo-V2.6-Distill-Qwen-9B
har120-002938-a1,har120-002938-a1__UpSjiuM,31,11215,73,200,XiaomiMiMo/MiMo-V2.6-Distill-Qwen-9B
har120-002938-a1,har120-002938-a1__UpSjiuM,32,11415,73,200,XiaomiMiMo/MiMo-V2.6-Distill-Qwen-9B
har120-002938-a1,har120-002938-a1__UpSjiuM,33,11615,73,200,XiaomiMiMo/MiMo-V2.6-Distill-Qwen-9B
har120-002938-a1,har120-002938-a1__UpSjiuM,34,11815,73,200,XiaomiMiMo/MiMo-V2.6-Distill-Qwen-9B
har120-002938-a1,har120-002938-a1__UpSjiuM,35,12015,73,200,XiaomiMiMo/MiMo-V2.6-Distill-Qwen-9B
har120-002938-a1,har120-002938-a1__UpSjiuM,36,12215,73,200,XiaomiMiMo/MiMo-V2.6-Distill-Qwen-9B
har120-002938-a1,har120-002938-a1__UpSjiuM,37,12423,73,200,XiaomiMiMo/MiMo-V2.6-Distill-Qwen-9B
har120-002938-a1,har120-002938-a1__UpSjiuM,38,12623,73,200,XiaomiMiMo/MiMo-V2.6-Distill-Qwen-9B
har120-002938-a1,har120-002938-a1__UpSjiuM,39,12823,73,200,XiaomiMiMo/MiMo-V2.6-Distill-Qwen-9B
har120-002938-a1,har120-002938-a1__UpSjiuM,40,13023,73,200,XiaomiMiMo/MiMo-V2.6-Distill-Qwen-9B
har120-002938-a1,har120-002938-a1__UpSjiuM,41,13223,73,200,XiaomiMiMo/MiMo-V2.6-Distill-Qwen-9B
har120-002938-a1,har120-002938-a1__UpSjiuM,42,13423,73,200,XiaomiMiMo/MiMo-V2.6-Distill-Qwen-9B
har120-002938-a1,har120-002938-a1__UpSjiuM,43,13623,73,200,XiaomiMiMo/MiMo-V2.6-Distill-Qwen-9B
har120-002938-a1,har120-002938-a1__UpSjiuM,44,13823,73,200,XiaomiMiMo/MiMo-V2.6-Distill-Qwen-9B
har120-002938-a1,har120-002938-a1__UpSjiuM,45,14023,73,200,XiaomiMiMo/MiMo-V2.6-Distill-Qwen-9B
har120-002938-a1,har120-002938-a1__UpSjiuM,46,14223,73,200,XiaomiMiMo/MiMo-V2.6-Distill-Qwen-9B
har120-002938-a1,har120-002938-a1__UpSjiuM,47,14423,73,200,XiaomiMiMo/MiMo-V2.6-Distill-Qwen-9B
har120-002938-a1,har120-002938-a1__UpSjiuM,48,14623,73,200,XiaomiMiMo/MiMo-V2.6-Distill-Qwen-9B
har120-002938-a1,har120-002938-a1__UpSjiuM,49,14823,73,200,XiaomiMiMo/MiMo-V2.6-Distill-Qwen-9B
har120-002938-a1,har120-002938-a1__UpSjiuM,50,15023,73,200,XiaomiMiMo/MiMo-V2.6-Distill-Qwen-9B
har120-002938-a1,har120-002938-a1__UpSjiuM,51,15223,73,200,XiaomiMiMo/MiMo-V2.6-Distill-Qwen-9B
