app_id,ts,kind,running_req,full_token,full_token_usage,gen_tok_s,input_tok_s,queue_req,new_seq,new_token,cached_token
ap-6MVKRrBnozowbUzD1yL5NE,2026-10-01T07:26:55+00:00,prefill,0,,0.0,,4.54,0,1,77,0
ap-6MVKRrBnozowbUzD1yL5NE,2026-10-01T07:26:57+00:00,prefill,0,,0.0,,0.84,0,1,1,0
ap-6MVKRrBnozowbUzD1yL5NE,2026-10-01T07:26:59+00:00,prefill,0,,0.0,,0.46,0,1,1,0
ap-6MVKRrBnozowbUzD1yL5NE,2026-10-01T07:27:06+00:00,prefill,0,,0.0,,1.38,0,1,10,0
ap-6MVKRrBnozowbUzD1yL5NE,2026-10-01T07:27:06+00:00,decode,1,41,0.0,1.43,,0,,,
ap-6MVKRrBnozowbUzD1yL5NE,2026-10-01T07:54:33+00:00,prefill,0,,0.0,,4.09,0,1,77,0
ap-6MVKRrBnozowbUzD1yL5NE,2026-10-01T07:54:35+00:00,prefill,0,,0.0,,0.48,0,1,1,0
ap-6MVKRrBnozowbUzD1yL5NE,2026-10-01T08:00:32+00:00,prefill,0,,0.0,,4.14,0,1,77,0
ap-6MVKRrBnozowbUzD1yL5NE,2026-10-01T08:00:34+00:00,prefill,0,,0.0,,0.41,0,1,1,0
ap-6MVKRrBnozowbUzD1yL5NE,2026-10-01T08:00:36+00:00,prefill,0,,0.0,,0.42,0,1,1,0
ap-6MVKRrBnozowbUzD1yL5NE,2026-10-01T08:00:38+00:00,prefill,0,,0.0,,20.43,0,1,24,0
ap-6MVKRrBnozowbUzD1yL5NE,2026-10-01T08:00:38+00:00,decode,1,55,0.0,1.6,,0,,,
ap-6MVKRrBnozowbUzD1yL5NE,2026-10-01T08:00:38+00:00,prefill,0,,0.0,,143.81,0,1,88,0
ap-6MVKRrBnozowbUzD1yL5NE,2026-10-01T08:00:39+00:00,decode,1,120,0.0,64.06,,0,,,
ap-6MVKRrBnozowbUzD1yL5NE,2026-10-01T08:00:39+00:00,decode,1,160,0.0,84.19,,0,,,
ap-6MVKRrBnozowbUzD1yL5NE,2026-10-01T08:00:40+00:00,decode,1,200,0.0,84.16,,0,,,
ap-6MVKRrBnozowbUzD1yL5NE,2026-10-01T08:00:40+00:00,prefill,0,,0.0,,12.41,0,1,19,0
ap-6MVKRrBnozowbUzD1yL5NE,2026-10-01T08:00:40+00:00,decode,1,54,0.0,64.89,,0,,,
ap-6MVKRrBnozowbUzD1yL5NE,2026-10-01T08:00:41+00:00,decode,1,94,0.0,84.27,,0,,,
ap-6MVKRrBnozowbUzD1yL5NE,2026-10-01T08:00:41+00:00,decode,1,134,0.0,84.2,,0,,,
ap-6MVKRrBnozowbUzD1yL5NE,2026-10-01T08:00:42+00:00,decode,1,174,0.0,84.15,,0,,,
ap-6MVKRrBnozowbUzD1yL5NE,2026-10-01T08:00:42+00:00,decode,1,214,0.0,84.22,,0,,,
ap-6MVKRrBnozowbUzD1yL5NE,2026-10-01T08:00:43+00:00,decode,1,254,0.0,84.11,,0,,,
ap-6MVKRrBnozowbUzD1yL5NE,2026-10-01T08:00:43+00:00,decode,1,294,0.0,84.1,,0,,,
ap-6MVKRrBnozowbUzD1yL5NE,2026-10-01T08:00:43+00:00,decode,1,334,0.0,84.13,,0,,,
ap-6MVKRrBnozowbUzD1yL5NE,2026-10-01T08:00:44+00:00,decode,1,374,0.0,84.15,,0,,,
ap-6MVKRrBnozowbUzD1yL5NE,2026-10-01T08:00:44+00:00,decode,1,414,0.0,84.14,,0,,,
ap-6MVKRrBnozowbUzD1yL5NE,2026-10-01T08:00:45+00:00,decode,1,454,0.0,84.11,,0,,,
ap-6MVKRrBnozowbUzD1yL5NE,2026-10-01T08:00:45+00:00,decode,1,494,0.0,84.11,,0,,,
ap-6MVKRrBnozowbUzD1yL5NE,2026-10-01T08:00:46+00:00,prefill,0,,0.0,,3.04,0,1,19,0
ap-6MVKRrBnozowbUzD1yL5NE,2026-10-01T08:00:46+00:00,decode,1,22,0.0,62.21,,0,,,
ap-6MVKRrBnozowbUzD1yL5NE,2026-10-01T08:00:47+00:00,decode,1,62,0.0,84.41,,0,,,
ap-6MVKRrBnozowbUzD1yL5NE,2026-10-01T08:00:47+00:00,decode,1,102,0.0,84.2,,0,,,
ap-6MVKRrBnozowbUzD1yL5NE,2026-10-01T08:00:47+00:00,decode,1,142,0.0,84.18,,0,,,
ap-6MVKRrBnozowbUzD1yL5NE,2026-10-01T08:00:48+00:00,decode,1,182,0.0,84.11,,0,,,
ap-6MVKRrBnozowbUzD1yL5NE,2026-10-01T08:00:48+00:00,decode,1,222,0.0,84.1,,0,,,
ap-6MVKRrBnozowbUzD1yL5NE,2026-10-01T08:00:49+00:00,decode,1,262,0.0,84.06,,0,,,
ap-6MVKRrBnozowbUzD1yL5NE,2026-10-01T08:00:49+00:00,decode,1,302,0.0,84.06,,0,,,
ap-6MVKRrBnozowbUzD1yL5NE,2026-10-01T08:00:50+00:00,decode,1,342,0.0,84.13,,0,,,
ap-6MVKRrBnozowbUzD1yL5NE,2026-10-01T08:00:50+00:00,decode,1,382,0.0,84.04,,0,,,
ap-6MVKRrBnozowbUzD1yL5NE,2026-10-01T08:00:51+00:00,decode,1,422,0.0,84.15,,0,,,
ap-6MVKRrBnozowbUzD1yL5NE,2026-10-01T08:00:51+00:00,decode,1,462,0.0,84.03,,0,,,
ap-6MVKRrBnozowbUzD1yL5NE,2026-10-01T08:00:52+00:00,decode,1,502,0.0,84.1,,0,,,
ap-6MVKRrBnozowbUzD1yL5NE,2026-10-01T08:00:52+00:00,prefill,0,,0.0,,3.05,0,1,19,0
ap-6MVKRrBnozowbUzD1yL5NE,2026-10-01T08:00:52+00:00,decode,1,30,0.0,64.15,,0,,,
ap-6MVKRrBnozowbUzD1yL5NE,2026-10-01T08:00:53+00:00,decode,1,70,0.0,84.37,,0,,,
ap-6MVKRrBnozowbUzD1yL5NE,2026-10-01T08:00:53+00:00,decode,1,110,0.0,84.0,,0,,,
ap-6MVKRrBnozowbUzD1yL5NE,2026-10-01T08:00:54+00:00,decode,1,150,0.0,84.15,,0,,,
ap-6MVKRrBnozowbUzD1yL5NE,2026-10-01T08:00:54+00:00,decode,1,190,0.0,84.03,,0,,,
ap-6MVKRrBnozowbUzD1yL5NE,2026-10-01T08:00:55+00:00,decode,1,230,0.0,84.03,,0,,,
ap-6MVKRrBnozowbUzD1yL5NE,2026-10-01T08:00:55+00:00,decode,1,270,0.0,84.08,,0,,,
ap-6MVKRrBnozowbUzD1yL5NE,2026-10-01T08:00:56+00:00,decode,1,310,0.0,84.03,,0,,,
ap-6MVKRrBnozowbUzD1yL5NE,2026-10-01T08:00:56+00:00,decode,1,350,0.0,84.07,,0,,,
ap-6MVKRrBnozowbUzD1yL5NE,2026-10-01T08:00:57+00:00,decode,1,390,0.0,84.01,,0,,,
ap-6MVKRrBnozowbUzD1yL5NE,2026-10-01T08:00:57+00:00,decode,1,430,0.0,84.03,,0,,,
ap-6MVKRrBnozowbUzD1yL5NE,2026-10-01T08:00:58+00:00,decode,1,470,0.0,83.97,,0,,,
ap-6MVKRrBnozowbUzD1yL5NE,2026-10-01T08:00:58+00:00,decode,1,510,0.0,84.07,,0,,,
ap-6MVKRrBnozowbUzD1yL5NE,2026-10-01T08:00:59+00:00,prefill,0,,0.02,,1182.23,0,1,8192,0
ap-6MVKRrBnozowbUzD1yL5NE,2026-10-01T08:01:00+00:00,prefill,0,,0.02,,13528.5,0,1,5632,0
ap-6MVKRrBnozowbUzD1yL5NE,2026-10-01T08:01:00+00:00,decode,1,13843,0.02,22.99,,0,,,
ap-6MVKRrBnozowbUzD1yL5NE,2026-10-01T08:01:00+00:00,decode,1,13883,0.02,81.62,,0,,,
ap-6MVKRrBnozowbUzD1yL5NE,2026-10-01T08:01:01+00:00,decode,1,13923,0.02,81.65,,0,,,
ap-6MVKRrBnozowbUzD1yL5NE,2026-10-01T08:01:01+00:00,decode,1,13963,0.02,81.64,,0,,,
ap-6MVKRrBnozowbUzD1yL5NE,2026-10-01T08:01:02+00:00,decode,1,14003,0.02,81.63,,0,,,
ap-6MVKRrBnozowbUzD1yL5NE,2026-10-01T08:01:02+00:00,decode,1,14043,0.02,81.66,,0,,,
ap-6MVKRrBnozowbUzD1yL5NE,2026-10-01T08:01:03+00:00,decode,1,14083,0.02,81.51,,0,,,
ap-6MVKRrBnozowbUzD1yL5NE,2026-10-01T08:01:03+00:00,decode,1,14123,0.02,81.61,,0,,,
ap-6MVKRrBnozowbUzD1yL5NE,2026-10-01T08:01:04+00:00,decode,1,14163,0.02,81.6,,0,,,
ap-6MVKRrBnozowbUzD1yL5NE,2026-10-01T08:01:04+00:00,decode,1,14203,0.02,81.6,,0,,,
ap-6MVKRrBnozowbUzD1yL5NE,2026-10-01T08:01:05+00:00,decode,1,14243,0.02,81.56,,0,,,
ap-6MVKRrBnozowbUzD1yL5NE,2026-10-01T08:01:05+00:00,decode,1,14283,0.02,81.61,,0,,,
ap-6MVKRrBnozowbUzD1yL5NE,2026-10-01T08:01:06+00:00,decode,1,14323,0.02,81.64,,0,,,
ap-6MVKRrBnozowbUzD1yL5NE,2026-10-01T08:01:06+00:00,prefill,0,,0.0,,2.87,0,1,19,0
ap-6MVKRrBnozowbUzD1yL5NE,2026-10-01T08:01:06+00:00,prefill,1,,0.0,,2359.88,0,5,95,0
ap-6MVKRrBnozowbUzD1yL5NE,2026-10-01T08:01:06+00:00,prefill,6,,0.0,,6813.97,0,2,38,0
ap-6MVKRrBnozowbUzD1yL5NE,2026-10-01T08:01:07+00:00,decode,8,368,0.0,252.78,,0,,,
ap-6MVKRrBnozowbUzD1yL5NE,2026-10-01T08:01:07+00:00,decode,8,688,0.0,645.92,,0,,,
ap-6MVKRrBnozowbUzD1yL5NE,2026-10-01T08:01:08+00:00,decode,8,1008,0.0,644.59,,0,,,
ap-6MVKRrBnozowbUzD1yL5NE,2026-10-01T08:01:08+00:00,decode,8,1328,0.0,644.8,,0,,,
ap-6MVKRrBnozowbUzD1yL5NE,2026-10-01T08:01:09+00:00,decode,8,1648,0.0,643.9,,0,,,
ap-6MVKRrBnozowbUzD1yL5NE,2026-10-01T08:01:09+00:00,decode,8,1968,0.0,644.18,,0,,,
ap-6MVKRrBnozowbUzD1yL5NE,2026-10-01T08:01:10+00:00,decode,8,2288,0.0,642.58,,0,,,
ap-6MVKRrBnozowbUzD1yL5NE,2026-10-01T08:01:10+00:00,decode,8,2608,0.0,643.5,,0,,,
ap-6MVKRrBnozowbUzD1yL5NE,2026-10-01T08:01:11+00:00,decode,8,2928,0.0,642.63,,0,,,
ap-6MVKRrBnozowbUzD1yL5NE,2026-10-01T08:01:11+00:00,decode,8,3248,0.0,642.89,,0,,,
ap-6MVKRrBnozowbUzD1yL5NE,2026-10-01T08:01:12+00:00,decode,8,3568,0.0,641.57,,0,,,
ap-6MVKRrBnozowbUzD1yL5NE,2026-10-01T08:01:12+00:00,decode,8,3888,0.01,642.0,,0,,,
ap-6MVKRrBnozowbUzD1yL5NE,2026-10-01T08:01:13+00:00,decode,8,4208,0.01,640.48,,0,,,
ap-6MVKRrBnozowbUzD1yL5NE,2026-10-01T08:02:10+00:00,prefill,0,,0.0,,15.07,0,1,957,0
ap-6MVKRrBnozowbUzD1yL5NE,2026-10-01T08:02:10+00:00,decode,1,992,0.0,1.42,,0,,,
ap-6MVKRrBnozowbUzD1yL5NE,2026-10-01T08:02:11+00:00,decode,1,1032,0.0,83.97,,0,,,
ap-6MVKRrBnozowbUzD1yL5NE,2026-10-01T08:02:11+00:00,prefill,1,,0.0,,875.61,0,1,968,0
ap-6MVKRrBnozowbUzD1yL5NE,2026-10-01T08:02:12+00:00,prefill,1,,0.0,,180.12,0,1,183,640
ap-6MVKRrBnozowbUzD1yL5NE,2026-10-01T08:02:12+00:00,prefill,2,,0.0,,23065.35,0,1,815,640
ap-6MVKRrBnozowbUzD1yL5NE,2026-10-01T08:02:12+00:00,decode,3,1964,0.0,53.7,,0,,,
ap-6MVKRrBnozowbUzD1yL5NE,2026-10-01T08:02:12+00:00,decode,3,2084,0.0,252.37,,0,,,
ap-6MVKRrBnozowbUzD1yL5NE,2026-10-01T08:02:13+00:00,prefill,3,,0.0,,589.3,0,1,376,896
ap-6MVKRrBnozowbUzD1yL5NE,2026-10-01T08:02:13+00:00,decode,3,2390,0.0,261.64,,0,,,
ap-6MVKRrBnozowbUzD1yL5NE,2026-10-01T08:02:14+00:00,prefill,0,,0.0,,212.56,0,1,205,640
ap-6MVKRrBnozowbUzD1yL5NE,2026-10-01T08:02:14+00:00,prefill,1,,0.0,,5769.85,0,1,452,640
ap-6MVKRrBnozowbUzD1yL5NE,2026-10-01T08:02:14+00:00,decode,2,1285,0.0,108.16,,0,,,
ap-6MVKRrBnozowbUzD1yL5NE,2026-10-01T08:02:14+00:00,prefill,2,,0.0,,1698.46,0,1,970,640
ap-6MVKRrBnozowbUzD1yL5NE,2026-10-01T08:02:14+00:00,decode,3,2301,0.0,168.61,,0,,,
ap-6MVKRrBnozowbUzD1yL5NE,2026-10-01T08:02:15+00:00,prefill,3,,0.0,,282.95,0,1,114,1216
ap-6MVKRrBnozowbUzD1yL5NE,2026-10-01T08:02:15+00:00,decode,3,2588,0.0,259.19,,0,,,
ap-6MVKRrBnozowbUzD1yL5NE,2026-10-01T08:02:15+00:00,prefill,1,,0.0,,1958.2,0,1,893,768
ap-6MVKRrBnozowbUzD1yL5NE,2026-10-01T08:02:15+00:00,decode,2,2400,0.0,146.78,,0,,,
ap-6MVKRrBnozowbUzD1yL5NE,2026-10-01T08:02:16+00:00,decode,1,0,0.0,113.81,,0,,,
ap-6MVKRrBnozowbUzD1yL5NE,2026-10-01T08:02:16+00:00,prefill,0,,0.0,,1204.37,0,1,1347,640
ap-6MVKRrBnozowbUzD1yL5NE,2026-10-01T08:02:16+00:00,prefill,1,,0.0,,2898.3,0,1,405,832
ap-6MVKRrBnozowbUzD1yL5NE,2026-10-01T08:02:17+00:00,prefill,2,,0.01,,2262.35,0,1,600,1408
ap-6MVKRrBnozowbUzD1yL5NE,2026-10-01T08:02:17+00:00,decode,3,3944,0.01,99.7,,0,,,
ap-6MVKRrBnozowbUzD1yL5NE,2026-10-01T08:02:17+00:00,prefill,3,,0.01,,936.61,0,1,220,1280
ap-6MVKRrBnozowbUzD1yL5NE,2026-10-01T08:02:17+00:00,decode,3,3535,0.0,263.05,,0,,,
ap-6MVKRrBnozowbUzD1yL5NE,2026-10-01T08:02:17+00:00,prefill,3,,0.01,,941.48,0,1,470,1600
ap-6MVKRrBnozowbUzD1yL5NE,2026-10-01T08:02:17+00:00,prefill,4,,0.01,,4620.46,0,1,800,1600
ap-6MVKRrBnozowbUzD1yL5NE,2026-10-01T08:02:18+00:00,prefill,5,,0.01,,3431.88,0,1,961,1088
ap-6MVKRrBnozowbUzD1yL5NE,2026-10-01T08:02:18+00:00,decode,5,6785,0.01,277.12,,0,,,
ap-6MVKRrBnozowbUzD1yL5NE,2026-10-01T08:02:18+00:00,decode,3,2807,0.0,323.94,,0,,,
ap-6MVKRrBnozowbUzD1yL5NE,2026-10-01T08:02:19+00:00,prefill,2,,0.01,,148.36,0,1,118,2048
ap-6MVKRrBnozowbUzD1yL5NE,2026-10-01T08:02:19+00:00,decode,1,2200,0.0,134.33,,0,,,
ap-6MVKRrBnozowbUzD1yL5NE,2026-10-01T08:02:19+00:00,prefill,0,,0.0,,1647.2,0,1,1324,960
ap-6MVKRrBnozowbUzD1yL5NE,2026-10-01T08:02:19+00:00,prefill,1,,0.01,,9743.45,0,1,748,1472
ap-6MVKRrBnozowbUzD1yL5NE,2026-10-01T08:02:20+00:00,prefill,2,,0.01,,5054.67,0,1,694,640
ap-6MVKRrBnozowbUzD1yL5NE,2026-10-01T08:02:20+00:00,prefill,3,,0.01,,10932.86,0,1,941,640
ap-6MVKRrBnozowbUzD1yL5NE,2026-10-01T08:02:20+00:00,prefill,4,,0.01,,17421.42,0,1,150,2112
ap-6MVKRrBnozowbUzD1yL5NE,2026-10-01T08:02:20+00:00,decode,5,7747,0.01,114.44,,0,,,
ap-6MVKRrBnozowbUzD1yL5NE,2026-10-01T08:02:20+00:00,prefill,5,,0.01,,674.87,0,1,195,1216
ap-6MVKRrBnozowbUzD1yL5NE,2026-10-01T08:02:20+00:00,prefill,6,,0.02,,8298.54,0,1,397,1984
ap-6MVKRrBnozowbUzD1yL5NE,2026-10-01T08:02:20+00:00,prefill,7,,0.02,,26600.38,0,1,678,2368
ap-6MVKRrBnozowbUzD1yL5NE,2026-10-01T08:02:21+00:00,decode,7,10471,0.01,484.11,,0,,,
ap-6MVKRrBnozowbUzD1yL5NE,2026-10-01T08:02:21+00:00,decode,1,2462,0.0,316.68,,0,,,
ap-6MVKRrBnozowbUzD1yL5NE,2026-10-01T08:02:21+00:00,decode,1,2502,0.0,83.78,,0,,,
ap-6MVKRrBnozowbUzD1yL5NE,2026-10-01T08:02:22+00:00,prefill,1,,0.01,,175.44,0,1,308,640
ap-6MVKRrBnozowbUzD1yL5NE,2026-10-01T08:02:22+00:00,prefill,2,,0.01,,10135.0,0,1,645,2176
ap-6MVKRrBnozowbUzD1yL5NE,2026-10-01T08:02:22+00:00,prefill,3,,0.01,,26880.06,0,1,734,2048
ap-6MVKRrBnozowbUzD1yL5NE,2026-10-01T08:02:22+00:00,prefill,4,,0.01,,1491.06,0,1,82,1408
ap-6MVKRrBnozowbUzD1yL5NE,2026-10-01T08:02:22+00:00,decode,5,7930,0.01,186.26,,0,,,
ap-6MVKRrBnozowbUzD1yL5NE,2026-10-01T08:02:22+00:00,prefill,5,,0.01,,1664.36,0,1,656,3072
ap-6MVKRrBnozowbUzD1yL5NE,2026-10-01T08:02:23+00:00,prefill,5,,0.01,,2080.68,0,1,638,2304
ap-6MVKRrBnozowbUzD1yL5NE,2026-10-01T08:02:23+00:00,decode,4,8233,0.01,330.59,,0,,,
ap-6MVKRrBnozowbUzD1yL5NE,2026-10-01T08:02:23+00:00,prefill,1,,0.0,,345.08,0,1,160,640
ap-6MVKRrBnozowbUzD1yL5NE,2026-10-01T08:02:23+00:00,decode,1,821,0.0,132.92,,0,,,
ap-6MVKRrBnozowbUzD1yL5NE,2026-10-01T08:02:24+00:00,decode,1,861,0.0,84.08,,0,,,
ap-6MVKRrBnozowbUzD1yL5NE,2026-10-01T08:02:24+00:00,decode,1,901,0.0,83.93,,0,,,
ap-6MVKRrBnozowbUzD1yL5NE,2026-10-01T08:02:24+00:00,prefill,0,,0.0,,468.54,0,1,643,2816
ap-6MVKRrBnozowbUzD1yL5NE,2026-10-01T08:02:25+00:00,prefill,1,,0.01,,227.69,0,1,75,1472
ap-6MVKRrBnozowbUzD1yL5NE,2026-10-01T08:02:25+00:00,prefill,2,,0.01,,8188.62,0,1,813,2752
ap-6MVKRrBnozowbUzD1yL5NE,2026-10-01T08:02:25+00:00,prefill,3,,0.01,,2477.19,0,1,258,896
ap-6MVKRrBnozowbUzD1yL5NE,2026-10-01T08:02:25+00:00,decode,4,7719,0.01,78.28,,0,,,
ap-6MVKRrBnozowbUzD1yL5NE,2026-10-01T08:02:25+00:00,prefill,4,,0.01,,2451.24,0,1,576,2368
ap-6MVKRrBnozowbUzD1yL5NE,2026-10-01T08:02:26+00:00,prefill,5,,0.01,,2681.26,0,1,806,2304
ap-6MVKRrBnozowbUzD1yL5NE,2026-10-01T08:02:26+00:00,prefill,5,,0.02,,5625.52,0,1,703,2880
ap-6MVKRrBnozowbUzD1yL5NE,2026-10-01T08:02:26+00:00,prefill,6,,0.02,,7396.43,0,1,618,3712
ap-6MVKRrBnozowbUzD1yL5NE,2026-10-01T08:02:26+00:00,decode,7,16216,0.02,258.03,,0,,,
ap-6MVKRrBnozowbUzD1yL5NE,2026-10-01T08:02:26+00:00,decode,3,9785,0.01,335.77,,0,,,
ap-6MVKRrBnozowbUzD1yL5NE,2026-10-01T08:02:27+00:00,decode,1,0,0.0,156.01,,0,,,
ap-6MVKRrBnozowbUzD1yL5NE,2026-10-01T08:02:27+00:00,prefill,0,,0.0,,512.62,0,1,567,1536
ap-6MVKRrBnozowbUzD1yL5NE,2026-10-01T08:02:27+00:00,prefill,1,,0.01,,3115.9,0,1,684,3456
ap-6MVKRrBnozowbUzD1yL5NE,2026-10-01T08:02:27+00:00,prefill,2,,0.01,,3345.86,0,1,576,1280
ap-6MVKRrBnozowbUzD1yL5NE,2026-10-01T08:02:27+00:00,decode,3,6812,0.01,118.22,,0,,,
ap-6MVKRrBnozowbUzD1yL5NE,2026-10-01T08:02:28+00:00,decode,3,6932,0.01,250.09,,0,,,
ap-6MVKRrBnozowbUzD1yL5NE,2026-10-01T08:02:28+00:00,prefill,3,,0.01,,87.5,0,1,72,1536
ap-6MVKRrBnozowbUzD1yL5NE,2026-10-01T08:02:28+00:00,prefill,2,,0.01,,2844.26,0,1,727,1152
ap-6MVKRrBnozowbUzD1yL5NE,2026-10-01T08:02:28+00:00,prefill,3,,0.02,,3880.14,0,1,174,2944
ap-6MVKRrBnozowbUzD1yL5NE,2026-10-01T08:02:28+00:00,prefill,4,,0.02,,27496.59,0,1,742,4352
ap-6MVKRrBnozowbUzD1yL5NE,2026-10-01T08:02:29+00:00,prefill,5,,0.02,,3739.88,0,1,634,3584
ap-6MVKRrBnozowbUzD1yL5NE,2026-10-01T08:02:29+00:00,prefill,6,,0.03,,4584.7,0,1,609,3584
ap-6MVKRrBnozowbUzD1yL5NE,2026-10-01T08:02:29+00:00,decode,7,20344,0.03,202.57,,0,,,
ap-6MVKRrBnozowbUzD1yL5NE,2026-10-01T08:02:29+00:00,decode,4,13538,0.02,482.89,,0,,,
ap-6MVKRrBnozowbUzD1yL5NE,2026-10-01T08:02:30+00:00,decode,1,4278,0.01,228.0,,0,,,
ap-6MVKRrBnozowbUzD1yL5NE,2026-10-01T08:02:30+00:00,decode,1,4318,0.01,83.34,,0,,,
ap-6MVKRrBnozowbUzD1yL5NE,2026-10-01T08:02:30+00:00,prefill,1,,0.01,,536.77,0,1,906,3072
ap-6MVKRrBnozowbUzD1yL5NE,2026-10-01T08:02:31+00:00,prefill,1,,0.01,,2498.61,0,1,642,4096
ap-6MVKRrBnozowbUzD1yL5NE,2026-10-01T08:02:31+00:00,prefill,2,,0.01,,32834.26,0,1,293,640
ap-6MVKRrBnozowbUzD1yL5NE,2026-10-01T08:02:31+00:00,prefill,3,,0.01,,2594.36,0,1,687,768
ap-6MVKRrBnozowbUzD1yL5NE,2026-10-01T08:02:31+00:00,decode,4,9120,0.01,120.89,,0,,,
ap-6MVKRrBnozowbUzD1yL5NE,2026-10-01T08:02:31+00:00,prefill,4,,0.01,,356.52,0,1,57,1600
ap-6MVKRrBnozowbUzD1yL5NE,2026-10-01T08:02:31+00:00,prefill,4,,0.02,,2743.65,0,1,674,5120
ap-6MVKRrBnozowbUzD1yL5NE,2026-10-01T08:02:32+00:00,decode,4,7935,0.01,297.14,,0,,,
ap-6MVKRrBnozowbUzD1yL5NE,2026-10-01T08:02:32+00:00,prefill,4,,0.02,,1696.55,0,1,656,3072
ap-6MVKRrBnozowbUzD1yL5NE,2026-10-01T08:02:32+00:00,prefill,5,,0.02,,20097.55,0,1,814,1856
ap-6MVKRrBnozowbUzD1yL5NE,2026-10-01T08:02:32+00:00,decode,5,12844,0.02,354.18,,0,,,
ap-6MVKRrBnozowbUzD1yL5NE,2026-10-01T08:02:32+00:00,prefill,5,,0.02,,1076.25,0,1,545,640
ap-6MVKRrBnozowbUzD1yL5NE,2026-10-01T08:02:33+00:00,prefill,4,,0.01,,2154.41,0,1,747,640
ap-6MVKRrBnozowbUzD1yL5NE,2026-10-01T08:02:33+00:00,decode,4,7116,0.01,297.46,,0,,,
ap-6MVKRrBnozowbUzD1yL5NE,2026-10-01T08:02:33+00:00,prefill,4,,0.02,,2497.42,0,1,874,4160
ap-6MVKRrBnozowbUzD1yL5NE,2026-10-01T08:02:33+00:00,prefill,5,,0.02,,3223.85,0,1,681,1856
ap-6MVKRrBnozowbUzD1yL5NE,2026-10-01T08:02:33+00:00,decode,6,13530,0.02,335.64,,0,,,
ap-6MVKRrBnozowbUzD1yL5NE,2026-10-01T08:02:34+00:00,prefill,6,,0.02,,1633.93,0,1,705,4160
ap-6MVKRrBnozowbUzD1yL5NE,2026-10-01T08:02:34+00:00,prefill,7,,0.03,,2992.56,0,1,600,4736
ap-6MVKRrBnozowbUzD1yL5NE,2026-10-01T08:02:34+00:00,prefill,8,,0.03,,29389.41,0,1,529,640
ap-6MVKRrBnozowbUzD1yL5NE,2026-10-01T08:02:34+00:00,prefill,4,,0.02,,2051.17,0,1,785,2048
ap-6MVKRrBnozowbUzD1yL5NE,2026-10-01T08:02:34+00:00,decode,5,15425,0.02,337.64,,0,,,
ap-6MVKRrBnozowbUzD1yL5NE,2026-10-01T08:02:34+00:00,prefill,5,,0.02,,1927.18,0,1,128,1600
ap-6MVKRrBnozowbUzD1yL5NE,2026-10-01T08:02:35+00:00,prefill,6,,0.02,,382.56,0,1,151,640
ap-6MVKRrBnozowbUzD1yL5NE,2026-10-01T08:02:35+00:00,prefill,7,,0.03,,7280.17,0,2,988,4608
ap-6MVKRrBnozowbUzD1yL5NE,2026-10-01T08:02:35+00:00,decode,9,21055,0.03,391.35,,0,,,
ap-6MVKRrBnozowbUzD1yL5NE,2026-10-01T08:02:35+00:00,prefill,7,,0.03,,1127.02,0,1,312,640
ap-6MVKRrBnozowbUzD1yL5NE,2026-10-01T08:02:35+00:00,prefill,8,,0.03,,27554.67,0,1,543,5760
ap-6MVKRrBnozowbUzD1yL5NE,2026-10-01T08:02:35+00:00,prefill,9,,0.03,,5399.6,0,1,582,1152
ap-6MVKRrBnozowbUzD1yL5NE,2026-10-01T08:02:35+00:00,prefill,9,,0.02,,1889.02,0,1,575,896
ap-6MVKRrBnozowbUzD1yL5NE,2026-10-01T08:02:36+00:00,decode,9,16833,0.02,507.81,,0,,,
ap-6MVKRrBnozowbUzD1yL5NE,2026-10-01T08:02:36+00:00,decode,7,16166,0.02,638.29,,0,,,
ap-6MVKRrBnozowbUzD1yL5NE,2026-10-01T08:02:36+00:00,prefill,6,,0.02,,166.79,0,1,134,1408
ap-6MVKRrBnozowbUzD1yL5NE,2026-10-01T08:02:36+00:00,prefill,7,,0.03,,8959.47,0,1,790,2624
ap-6MVKRrBnozowbUzD1yL5NE,2026-10-01T08:02:37+00:00,decode,5,14569,0.02,403.87,,0,,,
ap-6MVKRrBnozowbUzD1yL5NE,2026-10-01T08:02:37+00:00,prefill,4,,0.03,,1237.04,0,1,858,1344
ap-6MVKRrBnozowbUzD1yL5NE,2026-10-01T08:02:37+00:00,prefill,5,,0.03,,18396.59,0,1,820,4992
ap-6MVKRrBnozowbUzD1yL5NE,2026-10-01T08:02:37+00:00,prefill,6,,0.03,,581.49,0,1,77,1536
ap-6MVKRrBnozowbUzD1yL5NE,2026-10-01T08:02:37+00:00,prefill,7,,0.04,,4385.08,0,1,666,4864
ap-6MVKRrBnozowbUzD1yL5NE,2026-10-01T08:02:38+00:00,prefill,8,,0.04,,5540.26,0,1,703,1152
ap-6MVKRrBnozowbUzD1yL5NE,2026-10-01T08:02:38+00:00,decode,9,27492,0.04,286.37,,0,,,
ap-6MVKRrBnozowbUzD1yL5NE,2026-10-01T08:02:38+00:00,prefill,7,,0.04,,2614.25,0,1,682,5312
ap-6MVKRrBnozowbUzD1yL5NE,2026-10-01T08:02:38+00:00,decode,6,22950,0.03,459.63,,0,,,
ap-6MVKRrBnozowbUzD1yL5NE,2026-10-01T08:02:38+00:00,prefill,6,,0.03,,975.19,0,1,457,896
ap-6MVKRrBnozowbUzD1yL5NE,2026-10-01T08:02:38+00:00,prefill,7,,0.03,,603.52,0,1,88,1728
ap-6MVKRrBnozowbUzD1yL5NE,2026-10-01T08:02:39+00:00,decode,6,14106,0.02,441.83,,0,,,
ap-6MVKRrBnozowbUzD1yL5NE,2026-10-01T08:02:39+00:00,prefill,4,,0.02,,1417.07,0,1,767,1728
ap-6MVKRrBnozowbUzD1yL5NE,2026-10-01T08:02:39+00:00,prefill,5,,0.02,,1965.53,0,1,468,2560
ap-6MVKRrBnozowbUzD1yL5NE,2026-10-01T08:02:39+00:00,prefill,6,,0.02,,41472.23,0,1,419,1408
ap-6MVKRrBnozowbUzD1yL5NE,2026-10-01T08:02:39+00:00,prefill,6,,0.02,,2057.6,0,1,347,768
ap-6MVKRrBnozowbUzD1yL5NE,2026-10-01T08:02:39+00:00,decode,7,18161,0.02,323.01,,0,,,
ap-6MVKRrBnozowbUzD1yL5NE,2026-10-01T08:02:40+00:00,prefill,7,,0.02,,1643.38,0,1,469,896
ap-6MVKRrBnozowbUzD1yL5NE,2026-10-01T08:02:40+00:00,decode,7,14138,0.02,505.75,,0,,,
ap-6MVKRrBnozowbUzD1yL5NE,2026-10-01T08:02:40+00:00,prefill,7,,0.02,,1574.17,0,1,702,3392
ap-6MVKRrBnozowbUzD1yL5NE,2026-10-01T08:02:40+00:00,prefill,6,,0.02,,3551.27,0,1,676,1600
ap-6MVKRrBnozowbUzD1yL5NE,2026-10-01T08:02:41+00:00,prefill,5,,0.02,,2335.44,0,1,548,4608
ap-6MVKRrBnozowbUzD1yL5NE,2026-10-01T08:02:41+00:00,prefill,6,,0.02,,6550.94,0,1,666,2816
ap-6MVKRrBnozowbUzD1yL5NE,2026-10-01T08:02:41+00:00,prefill,7,,0.02,,1311.98,0,1,71,1792
ap-6MVKRrBnozowbUzD1yL5NE,2026-10-01T08:02:41+00:00,decode,7,17419,0.02,320.14,,0,,,
ap-6MVKRrBnozowbUzD1yL5NE,2026-10-01T08:02:41+00:00,prefill,5,,0.02,,1797.98,0,1,679,1344
ap-6MVKRrBnozowbUzD1yL5NE,2026-10-01T08:02:41+00:00,prefill,4,,0.02,,1928.76,0,1,457,5760
ap-6MVKRrBnozowbUzD1yL5NE,2026-10-01T08:02:41+00:00,prefill,4,,0.03,,2091.96,0,1,390,6272
ap-6MVKRrBnozowbUzD1yL5NE,2026-10-01T08:02:42+00:00,prefill,5,,0.03,,9263.21,0,1,425,640
ap-6MVKRrBnozowbUzD1yL5NE,2026-10-01T08:02:42+00:00,prefill,6,,0.03,,10832.1,0,1,942,1792
ap-6MVKRrBnozowbUzD1yL5NE,2026-10-01T08:02:42+00:00,prefill,7,,0.04,,11586.5,0,1,758,2176
ap-6MVKRrBnozowbUzD1yL5NE,2026-10-01T08:02:42+00:00,prefill,8,,0.04,,17179.62,0,2,789,8512
ap-6MVKRrBnozowbUzD1yL5NE,2026-10-01T08:02:42+00:00,decode,10,33180,0.04,241.3,,0,,,
ap-6MVKRrBnozowbUzD1yL5NE,2026-10-01T08:02:42+00:00,prefill,10,,0.05,,1824.31,0,1,750,3712
ap-6MVKRrBnozowbUzD1yL5NE,2026-10-01T08:02:42+00:00,prefill,10,,0.06,,4861.64,0,1,556,5504
ap-6MVKRrBnozowbUzD1yL5NE,2026-10-01T08:02:42+00:00,decode,11,41357,0.06,627.72,,0,,,
ap-6MVKRrBnozowbUzD1yL5NE,2026-10-01T08:02:43+00:00,prefill,11,,0.06,,395.11,0,1,236,1088
ap-6MVKRrBnozowbUzD1yL5NE,2026-10-01T08:02:43+00:00,decode,10,32154,0.04,752.77,,0,,,
ap-6MVKRrBnozowbUzD1yL5NE,2026-10-01T08:02:43+00:00,prefill,8,,0.03,,1477.63,0,1,922,1344
ap-6MVKRrBnozowbUzD1yL5NE,2026-10-01T08:02:44+00:00,prefill,9,,0.04,,8245.62,0,1,645,2304
ap-6MVKRrBnozowbUzD1yL5NE,2026-10-01T08:02:44+00:00,prefill,9,,0.04,,4934.36,0,1,858,4032
ap-6MVKRrBnozowbUzD1yL5NE,2026-10-01T08:02:44+00:00,decode,9,29926,0.04,471.77,,0,,,
ap-6MVKRrBnozowbUzD1yL5NE,2026-10-01T08:02:44+00:00,prefill,9,,0.04,,4887.43,0,1,693,2048
ap-6MVKRrBnozowbUzD1yL5NE,2026-10-01T08:02:44+00:00,prefill,6,,0.03,,199.58,0,1,66,1856
ap-6MVKRrBnozowbUzD1yL5NE,2026-10-01T08:02:44+00:00,prefill,7,,0.04,,2124.42,0,1,221,6272
ap-6MVKRrBnozowbUzD1yL5NE,2026-10-01T08:02:44+00:00,decode,7,24850,0.03,474.93,,0,,,
ap-6MVKRrBnozowbUzD1yL5NE,2026-10-01T08:02:45+00:00,prefill,4,,0.03,,617.06,0,1,363,2688
ap-6MVKRrBnozowbUzD1yL5NE,2026-10-01T08:02:45+00:00,decode,5,21728,0.03,394.54,,0,,,
ap-6MVKRrBnozowbUzD1yL5NE,2026-10-01T08:02:45+00:00,decode,3,15215,0.02,281.08,,0,,,
ap-6MVKRrBnozowbUzD1yL5NE,2026-10-01T08:02:46+00:00,decode,1,6946,0.01,115.91,,0,,,
ap-6MVKRrBnozowbUzD1yL5NE,2026-10-01T08:02:46+00:00,prefill,1,,0.01,,536.91,0,1,748,3072
ap-6MVKRrBnozowbUzD1yL5NE,2026-10-01T08:02:46+00:00,decode,2,10138,0.01,106.08,,0,,,
ap-6MVKRrBnozowbUzD1yL5NE,2026-10-01T08:02:47+00:00,prefill,1,,0.01,,1549.45,0,1,793,2880
ap-6MVKRrBnozowbUzD1yL5NE,2026-10-01T08:02:47+00:00,prefill,2,,0.02,,10534.23,0,1,699,3456
ap-6MVKRrBnozowbUzD1yL5NE,2026-10-01T08:02:47+00:00,prefill,3,,0.03,,10220.61,0,1,820,2688
ap-6MVKRrBnozowbUzD1yL5NE,2026-10-01T08:02:47+00:00,prefill,4,,0.03,,7257.81,0,1,334,6144
ap-6MVKRrBnozowbUzD1yL5NE,2026-10-01T08:02:47+00:00,prefill,5,,0.03,,55127.82,0,1,366,5120
ap-6MVKRrBnozowbUzD1yL5NE,2026-10-01T08:02:47+00:00,prefill,6,,0.04,,3013.01,0,1,456,6208
ap-6MVKRrBnozowbUzD1yL5NE,2026-10-01T08:02:47+00:00,prefill,7,,0.04,,16095.62,0,2,1628,3520
ap-6MVKRrBnozowbUzD1yL5NE,2026-10-01T08:02:47+00:00,prefill,9,,0.05,,8127.07,0,1,565,3072
ap-6MVKRrBnozowbUzD1yL5NE,2026-10-01T08:02:47+00:00,prefill,10,,0.06,,2504.7,0,1,214,6464
ap-6MVKRrBnozowbUzD1yL5NE,2026-10-01T08:02:47+00:00,prefill,11,,0.06,,22829.0,0,1,696,4864
ap-6MVKRrBnozowbUzD1yL5NE,2026-10-01T08:02:48+00:00,prefill,12,,0.07,,2397.54,0,1,332,4416
ap-6MVKRrBnozowbUzD1yL5NE,2026-10-01T08:02:48+00:00,prefill,13,,0.08,,3171.15,0,1,381,2944
ap-6MVKRrBnozowbUzD1yL5NE,2026-10-01T08:02:48+00:00,prefill,14,,0.08,,21317.57,0,1,844,1792
ap-6MVKRrBnozowbUzD1yL5NE,2026-10-01T08:02:48+00:00,decode,15,56239,0.08,230.43,,0,,,
ap-6MVKRrBnozowbUzD1yL5NE,2026-10-01T08:02:48+00:00,prefill,15,,0.08,,1560.33,0,1,726,6656
ap-6MVKRrBnozowbUzD1yL5NE,2026-10-01T08:02:49+00:00,decode,11,47708,0.06,864.93,,0,,,
ap-6MVKRrBnozowbUzD1yL5NE,2026-10-01T08:02:49+00:00,prefill,10,,0.06,,75.73,0,1,49,1920
ap-6MVKRrBnozowbUzD1yL5NE,2026-10-01T08:02:49+00:00,decode,10,30221,0.04,731.81,,0,,,
ap-6MVKRrBnozowbUzD1yL5NE,2026-10-01T08:02:50+00:00,prefill,4,,0.03,,842.94,0,1,632,3776
ap-6MVKRrBnozowbUzD1yL5NE,2026-10-01T08:02:50+00:00,decode,5,22934,0.03,393.3,,0,,,
ap-6MVKRrBnozowbUzD1yL5NE,2026-10-01T08:02:50+00:00,prefill,5,,0.04,,1363.16,0,1,715,6656
ap-6MVKRrBnozowbUzD1yL5NE,2026-10-01T08:02:50+00:00,decode,6,26178,0.04,367.94,,0,,,
ap-6MVKRrBnozowbUzD1yL5NE,2026-10-01T08:02:51+00:00,prefill,5,,0.04,,1538.88,0,1,826,1024
ap-6MVKRrBnozowbUzD1yL5NE,2026-10-01T08:02:51+00:00,prefill,5,,0.04,,3664.21,0,1,806,3008
ap-6MVKRrBnozowbUzD1yL5NE,2026-10-01T08:02:51+00:00,prefill,6,,0.04,,10521.66,0,1,708,2112
ap-6MVKRrBnozowbUzD1yL5NE,2026-10-01T08:02:51+00:00,prefill,7,,0.05,,10137.03,0,1,604,3584
ap-6MVKRrBnozowbUzD1yL5NE,2026-10-01T08:02:51+00:00,prefill,8,,0.05,,24723.34,0,1,673,3328
ap-6MVKRrBnozowbUzD1yL5NE,2026-10-01T08:02:51+00:00,decode,9,36499,0.05,276.76,,0,,,
ap-6MVKRrBnozowbUzD1yL5NE,2026-10-01T08:02:51+00:00,prefill,9,,0.05,,2634.5,0,1,842,3008
ap-6MVKRrBnozowbUzD1yL5NE,2026-10-01T08:02:52+00:00,prefill,9,,0.07,,2473.8,0,1,607,4736
ap-6MVKRrBnozowbUzD1yL5NE,2026-10-01T08:02:52+00:00,prefill,10,,0.07,,47371.94,0,1,360,6464
ap-6MVKRrBnozowbUzD1yL5NE,2026-10-01T08:02:52+00:00,prefill,11,,0.07,,4022.81,0,1,404,6656
ap-6MVKRrBnozowbUzD1yL5NE,2026-10-01T08:02:52+00:00,prefill,11,,0.07,,4159.49,0,1,855,3584
ap-6MVKRrBnozowbUzD1yL5NE,2026-10-01T08:02:52+00:00,decode,10,45532,0.06,484.89,,0,,,
ap-6MVKRrBnozowbUzD1yL5NE,2026-10-01T08:02:52+00:00,prefill,10,,0.07,,2344.57,0,1,825,3648
ap-6MVKRrBnozowbUzD1yL5NE,2026-10-01T08:02:53+00:00,decode,7,31120,0.04,591.21,,0,,,
ap-6MVKRrBnozowbUzD1yL5NE,2026-10-01T08:02:53+00:00,prefill,6,,0.05,,1066.42,0,1,815,5440
ap-6MVKRrBnozowbUzD1yL5NE,2026-10-01T08:02:53+00:00,decode,5,24832,0.03,430.39,,0,,,
ap-6MVKRrBnozowbUzD1yL5NE,2026-10-01T08:02:54+00:00,decode,3,13134,0.02,308.44,,0,,,
ap-6MVKRrBnozowbUzD1yL5NE,2026-10-01T08:02:54+00:00,prefill,3,,0.03,,937.88,0,1,791,4352
ap-6MVKRrBnozowbUzD1yL5NE,2026-10-01T08:02:54+00:00,prefill,4,,0.03,,24133.03,0,1,657,2816
ap-6MVKRrBnozowbUzD1yL5NE,2026-10-01T08:02:54+00:00,prefill,5,,0.03,,1562.12,0,1,282,4160
ap-6MVKRrBnozowbUzD1yL5NE,2026-10-01T08:02:54+00:00,prefill,5,,0.03,,2569.31,0,1,566,3968
ap-6MVKRrBnozowbUzD1yL5NE,2026-10-01T08:02:54+00:00,prefill,6,,0.05,,5515.87,0,1,660,7424
ap-6MVKRrBnozowbUzD1yL5NE,2026-10-01T08:02:54+00:00,prefill,7,,0.05,,27656.08,0,1,550,3840
ap-6MVKRrBnozowbUzD1yL5NE,2026-10-01T08:02:55+00:00,decode,8,31218,0.04,270.3,,0,,,
ap-6MVKRrBnozowbUzD1yL5NE,2026-10-01T08:02:55+00:00,prefill,7,,0.05,,2138.04,0,1,572,5376
ap-6MVKRrBnozowbUzD1yL5NE,2026-10-01T08:02:55+00:00,prefill,8,,0.06,,1740.73,0,1,733,4416
ap-6MVKRrBnozowbUzD1yL5NE,2026-10-01T08:02:55+00:00,prefill,9,,0.06,,752.05,0,1,96,1920
ap-6MVKRrBnozowbUzD1yL5NE,2026-10-01T08:02:55+00:00,decode,10,42598,0.06,470.61,,0,,,
ap-6MVKRrBnozowbUzD1yL5NE,2026-10-01T08:02:56+00:00,prefill,8,,0.05,,1910.33,0,1,780,2624
ap-6MVKRrBnozowbUzD1yL5NE,2026-10-01T08:02:56+00:00,prefill,9,,0.07,,2916.73,0,1,467,7040
ap-6MVKRrBnozowbUzD1yL5NE,2026-10-01T08:02:56+00:00,prefill,10,,0.07,,28089.11,0,1,582,7360
ap-6MVKRrBnozowbUzD1yL5NE,2026-10-01T08:02:56+00:00,prefill,10,,0.07,,4148.25,0,1,233,6912
ap-6MVKRrBnozowbUzD1yL5NE,2026-10-01T08:02:56+00:00,decode,10,51162,0.07,475.96,,0,,,
ap-6MVKRrBnozowbUzD1yL5NE,2026-10-01T08:02:56+00:00,prefill,9,,0.07,,1642.23,0,1,874,4096
ap-6MVKRrBnozowbUzD1yL5NE,2026-10-01T08:02:56+00:00,prefill,10,,0.08,,3155.33,0,1,270,5504
ap-6MVKRrBnozowbUzD1yL5NE,2026-10-01T08:02:57+00:00,decode,11,57494,0.08,592.56,,0,,,
ap-6MVKRrBnozowbUzD1yL5NE,2026-10-01T08:02:57+00:00,prefill,11,,0.09,,1549.02,0,1,727,3456
ap-6MVKRrBnozowbUzD1yL5NE,2026-10-01T08:02:57+00:00,prefill,12,,0.09,,48045.36,0,1,429,4416
ap-6MVKRrBnozowbUzD1yL5NE,2026-10-01T08:02:57+00:00,prefill,12,,0.08,,2475.0,0,1,284,5120
ap-6MVKRrBnozowbUzD1yL5NE,2026-10-01T08:02:57+00:00,prefill,13,,0.09,,1983.52,0,1,462,6208
ap-6MVKRrBnozowbUzD1yL5NE,2026-10-01T08:02:57+00:00,decode,12,58187,0.08,639.53,,0,,,
ap-6MVKRrBnozowbUzD1yL5NE,2026-10-01T08:02:58+00:00,prefill,11,,0.08,,1259.85,0,1,534,5888
ap-6MVKRrBnozowbUzD1yL5NE,2026-10-01T08:02:58+00:00,decode,10,51768,0.07,705.77,,0,,,
ap-6MVKRrBnozowbUzD1yL5NE,2026-10-01T08:02:59+00:00,decode,8,44294,0.06,627.8,,0,,,
ap-6MVKRrBnozowbUzD1yL5NE,2026-10-01T08:02:59+00:00,prefill,7,,0.05,,376.29,0,1,455,1792
ap-6MVKRrBnozowbUzD1yL5NE,2026-10-01T08:02:59+00:00,decode,8,40349,0.05,551.01,,0,,,
ap-6MVKRrBnozowbUzD1yL5NE,2026-10-01T08:03:00+00:00,prefill,7,,0.05,,1125.6,0,1,964,4352
ap-6MVKRrBnozowbUzD1yL5NE,2026-10-01T08:03:00+00:00,prefill,8,,0.06,,4013.02,0,1,221,4864
ap-6MVKRrBnozowbUzD1yL5NE,2026-10-01T08:03:00+00:00,decode,9,44799,0.06,467.34,,0,,,
ap-6MVKRrBnozowbUzD1yL5NE,2026-10-01T08:03:00+00:00,prefill,9,,0.07,,1357.48,0,1,294,7168
ap-6MVKRrBnozowbUzD1yL5NE,2026-10-01T08:03:00+00:00,prefill,9,,0.07,,4717.46,0,1,522,7488
ap-6MVKRrBnozowbUzD1yL5NE,2026-10-01T08:03:01+00:00,prefill,9,,0.07,,2175.52,0,1,799,5120
ap-6MVKRrBnozowbUzD1yL5NE,2026-10-01T08:03:01+00:00,decode,10,56678,0.08,503.13,,0,,,
ap-6MVKRrBnozowbUzD1yL5NE,2026-10-01T08:03:01+00:00,prefill,10,,0.08,,3443.87,0,1,443,4160
ap-6MVKRrBnozowbUzD1yL5NE,2026-10-01T08:03:01+00:00,prefill,11,,0.08,,40833.6,0,1,301,5376
ap-6MVKRrBnozowbUzD1yL5NE,2026-10-01T08:03:01+00:00,decode,10,50294,0.07,699.94,,0,,,
ap-6MVKRrBnozowbUzD1yL5NE,2026-10-01T08:03:01+00:00,prefill,10,,0.08,,854.74,0,1,604,6400
ap-6MVKRrBnozowbUzD1yL5NE,2026-10-01T08:03:01+00:00,prefill,11,,0.09,,7421.71,0,1,711,6656
ap-6MVKRrBnozowbUzD1yL5NE,2026-10-01T08:03:02+00:00,prefill,11,,0.09,,1478.26,0,1,271,7936
ap-6MVKRrBnozowbUzD1yL5NE,2026-10-01T08:03:02+00:00,decode,10,57364,0.08,626.07,,0,,,
ap-6MVKRrBnozowbUzD1yL5NE,2026-10-01T08:03:02+00:00,prefill,7,,0.07,,553.87,0,1,437,5120
ap-6MVKRrBnozowbUzD1yL5NE,2026-10-01T08:03:03+00:00,prefill,8,,0.07,,18569.27,0,1,815,3840
ap-6MVKRrBnozowbUzD1yL5NE,2026-10-01T08:03:03+00:00,decode,8,44027,0.06,501.43,,0,,,
ap-6MVKRrBnozowbUzD1yL5NE,2026-10-01T08:03:03+00:00,prefill,8,,0.06,,1371.08,0,1,375,4480
ap-6MVKRrBnozowbUzD1yL5NE,2026-10-01T08:03:03+00:00,decode,8,40924,0.05,602.09,,0,,,
ap-6MVKRrBnozowbUzD1yL5NE,2026-10-01T08:03:04+00:00,decode,7,36285,0.05,581.77,,0,,,
ap-6MVKRrBnozowbUzD1yL5NE,2026-10-01T08:03:04+00:00,prefill,7,,0.06,,487.97,0,1,669,8000
ap-6MVKRrBnozowbUzD1yL5NE,2026-10-01T08:03:04+00:00,prefill,8,,0.06,,6816.57,0,1,823,3392
ap-6MVKRrBnozowbUzD1yL5NE,2026-10-01T08:03:04+00:00,prefill,9,,0.07,,6027.53,0,1,351,7424
ap-6MVKRrBnozowbUzD1yL5NE,2026-10-01T08:03:04+00:00,decode,10,55201,0.07,439.12,,0,,,
ap-6MVKRrBnozowbUzD1yL5NE,2026-10-01T08:03:05+00:00,prefill,10,,0.08,,2758.85,0,1,675,6976
ap-6MVKRrBnozowbUzD1yL5NE,2026-10-01T08:03:05+00:00,prefill,11,,0.09,,6871.39,0,1,849,5312
ap-6MVKRrBnozowbUzD1yL5NE,2026-10-01T08:03:05+00:00,prefill,12,,0.11,,2228.97,0,1,742,5888
ap-6MVKRrBnozowbUzD1yL5NE,2026-10-01T08:03:05+00:00,prefill,13,,0.12,,4428.98,0,1,213,8192
ap-6MVKRrBnozowbUzD1yL5NE,2026-10-01T08:03:05+00:00,prefill,14,,0.12,,17240.68,0,1,191,5632
ap-6MVKRrBnozowbUzD1yL5NE,2026-10-01T08:03:05+00:00,decode,14,71924,0.1,580.47,,0,,,
ap-6MVKRrBnozowbUzD1yL5NE,2026-10-01T08:03:06+00:00,decode,10,55237,0.07,881.93,,0,,,
ap-6MVKRrBnozowbUzD1yL5NE,2026-10-01T08:03:06+00:00,prefill,6,,0.05,,357.83,0,1,501,7424
ap-6MVKRrBnozowbUzD1yL5NE,2026-10-01T08:03:07+00:00,decode,7,40367,0.05,538.81,,0,,,
ap-6MVKRrBnozowbUzD1yL5NE,2026-10-01T08:03:07+00:00,prefill,7,,0.06,,261.9,0,1,80,1984
ap-6MVKRrBnozowbUzD1yL5NE,2026-10-01T08:03:07+00:00,prefill,8,,0.06,,2242.12,0,1,709,4928
ap-6MVKRrBnozowbUzD1yL5NE,2026-10-01T08:03:07+00:00,decode,9,47003,0.06,481.91,,0,,,
ap-6MVKRrBnozowbUzD1yL5NE,2026-10-01T08:03:07+00:00,prefill,8,,0.07,,1852.2,0,1,700,5760
ap-6MVKRrBnozowbUzD1yL5NE,2026-10-01T08:03:08+00:00,prefill,9,,0.07,,3524.86,0,1,804,2304
ap-6MVKRrBnozowbUzD1yL5NE,2026-10-01T08:03:08+00:00,prefill,10,,0.08,,4725.99,0,1,616,7680
ap-6MVKRrBnozowbUzD1yL5NE,2026-10-01T08:03:08+00:00,decode,11,61758,0.08,484.09,,0,,,
ap-6MVKRrBnozowbUzD1yL5NE,2026-10-01T08:03:08+00:00,prefill,11,,0.09,,2282.49,0,1,665,6656
ap-6MVKRrBnozowbUzD1yL5NE,2026-10-01T08:03:08+00:00,prefill,12,,0.1,,7862.63,0,1,876,4544
ap-6MVKRrBnozowbUzD1yL5NE,2026-10-01T08:03:08+00:00,prefill,13,,0.11,,2582.01,0,1,259,8704
ap-6MVKRrBnozowbUzD1yL5NE,2026-10-01T08:03:09+00:00,prefill,14,,0.12,,1653.89,0,1,445,7744
ap-6MVKRrBnozowbUzD1yL5NE,2026-10-01T08:03:09+00:00,prefill,15,,0.13,,1285.09,0,1,140,8448
ap-6MVKRrBnozowbUzD1yL5NE,2026-10-01T08:03:09+00:00,prefill,16,,0.13,,29907.79,0,1,568,6144
ap-6MVKRrBnozowbUzD1yL5NE,2026-10-01T08:03:09+00:00,decode,16,95712,0.13,578.7,,0,,,
ap-6MVKRrBnozowbUzD1yL5NE,2026-10-01T08:03:09+00:00,decode,13,76036,0.1,980.12,,0,,,
ap-6MVKRrBnozowbUzD1yL5NE,2026-10-01T08:03:10+00:00,decode,10,61396,0.08,775.86,,0,,,
ap-6MVKRrBnozowbUzD1yL5NE,2026-10-01T08:03:11+00:00,decode,9,54167,0.07,698.91,,0,,,
ap-6MVKRrBnozowbUzD1yL5NE,2026-10-01T08:03:11+00:00,prefill,9,,0.08,,379.02,0,1,720,6400
ap-6MVKRrBnozowbUzD1yL5NE,2026-10-01T08:03:11+00:00,prefill,10,,0.09,,1245.09,0,1,674,8256
ap-6MVKRrBnozowbUzD1yL5NE,2026-10-01T08:03:11+00:00,decode,11,69245,0.09,579.6,,0,,,
ap-6MVKRrBnozowbUzD1yL5NE,2026-10-01T08:03:11+00:00,prefill,11,,0.1,,1083.83,0,1,324,5760
ap-6MVKRrBnozowbUzD1yL5NE,2026-10-01T08:03:12+00:00,prefill,11,,0.1,,1888.15,0,1,799,6656
ap-6MVKRrBnozowbUzD1yL5NE,2026-10-01T08:03:12+00:00,decode,12,75722,0.1,631.77,,0,,,
ap-6MVKRrBnozowbUzD1yL5NE,2026-10-01T08:03:12+00:00,prefill,12,,0.1,,6976.24,0,1,770,7296
ap-6MVKRrBnozowbUzD1yL5NE,2026-10-01T08:03:13+00:00,decode,10,63151,0.08,734.59,,0,,,
ap-6MVKRrBnozowbUzD1yL5NE,2026-10-01T08:03:13+00:00,prefill,10,,0.1,,295.01,0,1,221,8960
ap-6MVKRrBnozowbUzD1yL5NE,2026-10-01T08:03:13+00:00,prefill,10,,0.1,,3020.79,0,1,515,8192
ap-6MVKRrBnozowbUzD1yL5NE,2026-10-01T08:03:13+00:00,prefill,11,,0.11,,4625.82,0,1,836,4160
ap-6MVKRrBnozowbUzD1yL5NE,2026-10-01T08:03:13+00:00,decode,11,74599,0.1,584.15,,0,,,
ap-6MVKRrBnozowbUzD1yL5NE,2026-10-01T08:03:14+00:00,decode,10,66812,0.09,760.26,,0,,,
ap-6MVKRrBnozowbUzD1yL5NE,2026-10-01T08:03:14+00:00,prefill,10,,0.1,,398.28,0,1,474,8960
ap-6MVKRrBnozowbUzD1yL5NE,2026-10-01T08:03:15+00:00,decode,11,75975,0.1,670.92,,0,,,
ap-6MVKRrBnozowbUzD1yL5NE,2026-10-01T08:03:15+00:00,prefill,8,,0.08,,1321.18,0,1,803,6080
ap-6MVKRrBnozowbUzD1yL5NE,2026-10-01T08:03:15+00:00,prefill,8,,0.08,,3338.03,0,1,815,5376
ap-6MVKRrBnozowbUzD1yL5NE,2026-10-01T08:03:15+00:00,decode,9,58089,0.08,526.11,,0,,,
ap-6MVKRrBnozowbUzD1yL5NE,2026-10-01T08:03:16+00:00,prefill,8,,0.08,,2068.05,0,1,1311,4800
ap-6MVKRrBnozowbUzD1yL5NE,2026-10-01T08:03:16+00:00,prefill,9,,0.09,,5822.38,0,1,732,7872
ap-6MVKRrBnozowbUzD1yL5NE,2026-10-01T08:03:16+00:00,prefill,10,,0.09,,26223.38,0,1,755,3072
ap-6MVKRrBnozowbUzD1yL5NE,2026-10-01T08:03:16+00:00,decode,11,68199,0.09,456.48,,0,,,
ap-6MVKRrBnozowbUzD1yL5NE,2026-10-01T08:03:17+00:00,prefill,10,,0.1,,1190.29,0,1,770,8576
ap-6MVKRrBnozowbUzD1yL5NE,2026-10-01T08:03:17+00:00,decode,11,71716,0.1,646.27,,0,,,
ap-6MVKRrBnozowbUzD1yL5NE,2026-10-01T08:03:17+00:00,prefill,11,,0.1,,1289.59,0,1,590,5632
ap-6MVKRrBnozowbUzD1yL5NE,2026-10-01T08:03:17+00:00,prefill,12,,0.12,,3757.95,0,1,602,8704
ap-6MVKRrBnozowbUzD1yL5NE,2026-10-01T08:03:17+00:00,prefill,13,,0.12,,33733.48,0,1,491,7104
ap-6MVKRrBnozowbUzD1yL5NE,2026-10-01T08:03:17+00:00,prefill,12,,0.12,,1915.89,0,1,432,9472
ap-6MVKRrBnozowbUzD1yL5NE,2026-10-01T08:03:18+00:00,decode,12,78687,0.11,595.9,,0,,,
ap-6MVKRrBnozowbUzD1yL5NE,2026-10-01T08:03:18+00:00,decode,11,69905,0.09,826.72,,0,,,
ap-6MVKRrBnozowbUzD1yL5NE,2026-10-01T08:03:19+00:00,prefill,8,,0.08,,650.52,0,1,807,6144
ap-6MVKRrBnozowbUzD1yL5NE,2026-10-01T08:03:19+00:00,decode,9,61366,0.08,568.26,,0,,,
ap-6MVKRrBnozowbUzD1yL5NE,2026-10-01T08:03:19+00:00,prefill,6,,0.07,,1714.88,0,1,869,9152
ap-6MVKRrBnozowbUzD1yL5NE,2026-10-01T08:03:19+00:00,decode,7,51011,0.07,461.15,,0,,,
ap-6MVKRrBnozowbUzD1yL5NE,2026-10-01T08:03:20+00:00,prefill,6,,0.07,,1132.45,0,1,807,7424
ap-6MVKRrBnozowbUzD1yL5NE,2026-10-01T08:03:20+00:00,decode,7,49455,0.07,438.12,,0,,,
ap-6MVKRrBnozowbUzD1yL5NE,2026-10-01T08:03:20+00:00,prefill,7,,0.08,,4953.94,0,1,909,7552
ap-6MVKRrBnozowbUzD1yL5NE,2026-10-01T08:03:20+00:00,prefill,8,,0.09,,2785.84,0,1,629,9344
ap-6MVKRrBnozowbUzD1yL5NE,2026-10-01T08:03:21+00:00,prefill,9,,0.1,,1975.06,0,1,624,9856
ap-6MVKRrBnozowbUzD1yL5NE,2026-10-01T08:03:21+00:00,prefill,10,,0.11,,8870.64,0,1,725,4992
ap-6MVKRrBnozowbUzD1yL5NE,2026-10-01T08:03:21+00:00,decode,11,75306,0.1,421.78,,0,,,
ap-6MVKRrBnozowbUzD1yL5NE,2026-10-01T08:03:21+00:00,prefill,10,,0.11,,1073.39,0,1,501,8576
ap-6MVKRrBnozowbUzD1yL5NE,2026-10-01T08:03:21+00:00,prefill,11,,0.11,,2821.61,0,1,509,6144
ap-6MVKRrBnozowbUzD1yL5NE,2026-10-01T08:03:22+00:00,prefill,11,,0.11,,3682.06,0,1,543,9280
ap-6MVKRrBnozowbUzD1yL5NE,2026-10-01T08:03:22+00:00,decode,11,81529,0.11,568.82,,0,,,
ap-6MVKRrBnozowbUzD1yL5NE,2026-10-01T08:03:22+00:00,decode,8,61903,0.08,669.94,,0,,,
ap-6MVKRrBnozowbUzD1yL5NE,2026-10-01T08:03:23+00:00,decode,6,47686,0.06,556.59,,0,,,
ap-6MVKRrBnozowbUzD1yL5NE,2026-10-01T08:03:23+00:00,prefill,6,,0.08,,505.74,0,1,754,9984
ap-6MVKRrBnozowbUzD1yL5NE,2026-10-01T08:03:23+00:00,prefill,7,,0.09,,8384.17,0,1,815,6912
ap-6MVKRrBnozowbUzD1yL5NE,2026-10-01T08:03:23+00:00,prefill,8,,0.1,,8064.47,0,1,611,8448
ap-6MVKRrBnozowbUzD1yL5NE,2026-10-01T08:03:23+00:00,prefill,9,,0.1,,1080.94,0,1,64,2048
ap-6MVKRrBnozowbUzD1yL5NE,2026-10-01T08:03:23+00:00,decode,9,65628,0.09,375.45,,0,,,
ap-6MVKRrBnozowbUzD1yL5NE,2026-10-01T08:03:24+00:00,prefill,7,,0.09,,875.88,0,1,543,10496
ap-6MVKRrBnozowbUzD1yL5NE,2026-10-01T08:03:24+00:00,prefill,8,,0.1,,2345.12,0,1,353,6208
ap-6MVKRrBnozowbUzD1yL5NE,2026-10-01T08:03:24+00:00,prefill,9,,0.1,,16341.28,0,1,1362,4416
ap-6MVKRrBnozowbUzD1yL5NE,2026-10-01T08:03:24+00:00,decode,9,67963,0.09,444.9,,0,,,
ap-6MVKRrBnozowbUzD1yL5NE,2026-10-01T08:03:25+00:00,prefill,9,,0.1,,1396.25,0,1,737,3840
ap-6MVKRrBnozowbUzD1yL5NE,2026-10-01T08:03:25+00:00,prefill,10,,0.1,,20307.78,0,1,755,9984
ap-6MVKRrBnozowbUzD1yL5NE,2026-10-01T08:03:25+00:00,prefill,10,,0.11,,7259.72,0,1,468,4608
ap-6MVKRrBnozowbUzD1yL5NE,2026-10-01T08:03:25+00:00,prefill,9,,0.09,,2188.19,0,1,706,6656
ap-6MVKRrBnozowbUzD1yL5NE,2026-10-01T08:03:25+00:00,decode,10,70627,0.09,459.31,,0,,,
ap-6MVKRrBnozowbUzD1yL5NE,2026-10-01T08:03:25+00:00,prefill,10,,0.11,,3186.81,0,1,672,9024
ap-6MVKRrBnozowbUzD1yL5NE,2026-10-01T08:03:26+00:00,decode,10,72887,0.1,638.16,,0,,,
ap-6MVKRrBnozowbUzD1yL5NE,2026-10-01T08:03:26+00:00,prefill,10,,0.1,,2068.86,0,1,1469,5632
ap-6MVKRrBnozowbUzD1yL5NE,2026-10-01T08:03:26+00:00,decode,9,65086,0.09,550.95,,0,,,
ap-6MVKRrBnozowbUzD1yL5NE,2026-10-01T08:03:27+00:00,prefill,8,,0.1,,555.88,0,1,542,9792
ap-6MVKRrBnozowbUzD1yL5NE,2026-10-01T08:03:27+00:00,prefill,9,,0.1,,15879.33,0,1,951,8192
ap-6MVKRrBnozowbUzD1yL5NE,2026-10-01T08:03:27+00:00,prefill,10,,0.11,,7240.36,0,1,557,10752
ap-6MVKRrBnozowbUzD1yL5NE,2026-10-01T08:03:27+00:00,decode,11,85074,0.11,446.2,,0,,,
ap-6MVKRrBnozowbUzD1yL5NE,2026-10-01T08:03:27+00:00,prefill,11,,0.13,,3591.42,0,1,671,11008
ap-6MVKRrBnozowbUzD1yL5NE,2026-10-01T08:03:28+00:00,prefill,12,,0.14,,2167.49,0,1,608,5696
ap-6MVKRrBnozowbUzD1yL5NE,2026-10-01T08:03:28+00:00,prefill,12,,0.14,,2865.61,0,1,796,7680
ap-6MVKRrBnozowbUzD1yL5NE,2026-10-01T08:03:28+00:00,decode,13,94889,0.13,611.94,,0,,,
ap-6MVKRrBnozowbUzD1yL5NE,2026-10-01T08:03:29+00:00,decode,12,95369,0.13,814.55,,0,,,
ap-6MVKRrBnozowbUzD1yL5NE,2026-10-01T08:03:29+00:00,decode,9,69488,0.09,732.12,,0,,,
ap-6MVKRrBnozowbUzD1yL5NE,2026-10-01T08:03:30+00:00,decode,9,69848,0.09,640.48,,0,,,
ap-6MVKRrBnozowbUzD1yL5NE,2026-10-01T08:03:30+00:00,prefill,9,,0.1,,331.79,0,1,682,10752
ap-6MVKRrBnozowbUzD1yL5NE,2026-10-01T08:03:30+00:00,prefill,9,,0.11,,2687.51,0,1,343,9728
ap-6MVKRrBnozowbUzD1yL5NE,2026-10-01T08:03:30+00:00,prefill,10,,0.13,,535.8,0,1,206,9024
ap-6MVKRrBnozowbUzD1yL5NE,2026-10-01T08:03:30+00:00,prefill,11,,0.13,,25860.19,0,1,283,7424
ap-6MVKRrBnozowbUzD1yL5NE,2026-10-01T08:03:31+00:00,prefill,12,,0.14,,2461.62,0,1,252,6528
ap-6MVKRrBnozowbUzD1yL5NE,2026-10-01T08:03:31+00:00,decode,13,105074,0.14,489.93,,0,,,
ap-6MVKRrBnozowbUzD1yL5NE,2026-10-01T08:03:31+00:00,decode,11,85323,0.11,796.68,,0,,,
ap-6MVKRrBnozowbUzD1yL5NE,2026-10-01T08:03:31+00:00,prefill,11,,0.13,,188.18,0,1,156,5056
ap-6MVKRrBnozowbUzD1yL5NE,2026-10-01T08:03:31+00:00,prefill,12,,0.13,,17762.69,0,1,811,8448
ap-6MVKRrBnozowbUzD1yL5NE,2026-10-01T08:03:32+00:00,prefill,13,,0.15,,2420.53,0,1,497,11648
ap-6MVKRrBnozowbUzD1yL5NE,2026-10-01T08:03:32+00:00,decode,13,101779,0.14,652.12,,0,,,
ap-6MVKRrBnozowbUzD1yL5NE,2026-10-01T08:03:33+00:00,prefill,12,,0.14,,558.38,0,1,519,10304
ap-6MVKRrBnozowbUzD1yL5NE,2026-10-01T08:03:33+00:00,decode,13,100916,0.14,762.61,,0,,,
ap-6MVKRrBnozowbUzD1yL5NE,2026-10-01T08:03:33+00:00,decode,11,80363,0.11,773.58,,0,,,
ap-6MVKRrBnozowbUzD1yL5NE,2026-10-01T08:03:33+00:00,prefill,10,,0.12,,865.39,0,1,646,9216
ap-6MVKRrBnozowbUzD1yL5NE,2026-10-01T08:03:34+00:00,prefill,10,,0.12,,1540.75,0,1,440,11392
ap-6MVKRrBnozowbUzD1yL5NE,2026-10-01T08:03:34+00:00,prefill,11,,0.13,,8161.14,0,1,777,4544
ap-6MVKRrBnozowbUzD1yL5NE,2026-10-01T08:03:34+00:00,decode,12,96928,0.13,568.04,,0,,,
ap-6MVKRrBnozowbUzD1yL5NE,2026-10-01T08:03:35+00:00,decode,10,78866,0.11,803.35,,0,,,
ap-6MVKRrBnozowbUzD1yL5NE,2026-10-01T08:03:35+00:00,prefill,9,,0.11,,487.85,0,1,513,10048
ap-6MVKRrBnozowbUzD1yL5NE,2026-10-01T08:03:35+00:00,decode,9,72576,0.1,606.9,,0,,,
ap-6MVKRrBnozowbUzD1yL5NE,2026-10-01T08:03:36+00:00,prefill,9,,0.11,,101.27,0,1,101,7936
ap-6MVKRrBnozowbUzD1yL5NE,2026-10-01T08:03:36+00:00,prefill,10,,0.12,,7872.29,0,1,656,12096
ap-6MVKRrBnozowbUzD1yL5NE,2026-10-01T08:03:36+00:00,prefill,11,,0.14,,7588.28,0,1,643,9088
ap-6MVKRrBnozowbUzD1yL5NE,2026-10-01T08:03:36+00:00,decode,12,101413,0.14,501.79,,0,,,
ap-6MVKRrBnozowbUzD1yL5NE,2026-10-01T08:03:36+00:00,prefill,11,,0.14,,992.81,0,1,509,9856
ap-6MVKRrBnozowbUzD1yL5NE,2026-10-01T08:03:37+00:00,decode,11,94659,0.13,704.79,,0,,,
ap-6MVKRrBnozowbUzD1yL5NE,2026-10-01T08:03:37+00:00,prefill,11,,0.14,,1330.13,0,1,420,10816
ap-6MVKRrBnozowbUzD1yL5NE,2026-10-01T08:03:37+00:00,prefill,12,,0.15,,2471.61,0,1,927,6848
ap-6MVKRrBnozowbUzD1yL5NE,2026-10-01T08:03:37+00:00,prefill,13,,0.17,,3434.75,0,1,505,11776
ap-6MVKRrBnozowbUzD1yL5NE,2026-10-01T08:03:37+00:00,decode,14,124393,0.17,627.98,,0,,,
ap-6MVKRrBnozowbUzD1yL5NE,2026-10-01T08:03:38+00:00,decode,11,97890,0.13,819.27,,0,,,
ap-6MVKRrBnozowbUzD1yL5NE,2026-10-01T08:03:38+00:00,prefill,11,,0.15,,304.97,0,1,311,6912
ap-6MVKRrBnozowbUzD1yL5NE,2026-10-01T08:03:38+00:00,prefill,12,,0.15,,20894.19,0,1,125,5184
ap-6MVKRrBnozowbUzD1yL5NE,2026-10-01T08:03:39+00:00,decode,12,97863,0.13,706.62,,0,,,
ap-6MVKRrBnozowbUzD1yL5NE,2026-10-01T08:03:39+00:00,prefill,11,,0.14,,553.04,0,1,440,12736
ap-6MVKRrBnozowbUzD1yL5NE,2026-10-01T08:03:39+00:00,prefill,12,,0.15,,2195.24,0,1,257,8000
ap-6MVKRrBnozowbUzD1yL5NE,2026-10-01T08:03:39+00:00,decode,13,113742,0.15,694.43,,0,,,
ap-6MVKRrBnozowbUzD1yL5NE,2026-10-01T08:03:40+00:00,decode,11,95692,0.13,818.77,,0,,,
ap-6MVKRrBnozowbUzD1yL5NE,2026-10-01T08:03:41+00:00,decode,10,88470,0.12,693.67,,0,,,
ap-6MVKRrBnozowbUzD1yL5NE,2026-10-01T08:03:41+00:00,prefill,8,,0.11,,313.14,0,1,619,11264
ap-6MVKRrBnozowbUzD1yL5NE,2026-10-01T08:03:41+00:00,prefill,9,,0.14,,4694.34,0,1,559,12288
ap-6MVKRrBnozowbUzD1yL5NE,2026-10-01T08:03:41+00:00,prefill,10,,0.14,,16109.33,0,1,782,9216
ap-6MVKRrBnozowbUzD1yL5NE,2026-10-01T08:03:41+00:00,decode,11,104853,0.14,444.26,,0,,,
ap-6MVKRrBnozowbUzD1yL5NE,2026-10-01T08:03:42+00:00,decode,10,98812,0.13,723.05,,0,,,
ap-6MVKRrBnozowbUzD1yL5NE,2026-10-01T08:03:42+00:00,prefill,7,,0.1,,727.52,0,1,761,5376
ap-6MVKRrBnozowbUzD1yL5NE,2026-10-01T08:03:42+00:00,prefill,8,,0.11,,1631.38,0,1,185,8256
ap-6MVKRrBnozowbUzD1yL5NE,2026-10-01T08:03:43+00:00,decode,8,71766,0.1,464.88,,0,,,
ap-6MVKRrBnozowbUzD1yL5NE,2026-10-01T08:03:43+00:00,prefill,7,,0.1,,610.9,0,1,439,9984
ap-6MVKRrBnozowbUzD1yL5NE,2026-10-01T08:03:43+00:00,decode,8,76321,0.1,514.99,,0,,,
ap-6MVKRrBnozowbUzD1yL5NE,2026-10-01T08:03:43+00:00,prefill,8,,0.12,,1746.26,0,1,320,13120
ap-6MVKRrBnozowbUzD1yL5NE,2026-10-01T08:03:44+00:00,decode,8,81584,0.11,544.74,,0,,,
ap-6MVKRrBnozowbUzD1yL5NE,2026-10-01T08:03:44+00:00,prefill,8,,0.11,,2441.03,0,1,1585,5760
ap-6MVKRrBnozowbUzD1yL5NE,2026-10-01T08:03:45+00:00,prefill,7,,0.09,,294.91,0,1,160,5248
ap-6MVKRrBnozowbUzD1yL5NE,2026-10-01T08:03:45+00:00,decode,7,63981,0.09,383.48,,0,,,
ap-6MVKRrBnozowbUzD1yL5NE,2026-10-01T08:03:45+00:00,prefill,7,,0.09,,301.39,0,1,48,2112
ap-6MVKRrBnozowbUzD1yL5NE,2026-10-01T08:03:45+00:00,decode,7,64261,0.09,528.08,,0,,,
ap-6MVKRrBnozowbUzD1yL5NE,2026-10-01T08:03:45+00:00,prefill,7,,0.1,,781.54,0,1,428,12800
ap-6MVKRrBnozowbUzD1yL5NE,2026-10-01T08:03:45+00:00,prefill,7,,0.11,,912.84,0,1,217,10560
ap-6MVKRrBnozowbUzD1yL5NE,2026-10-01T08:03:46+00:00,prefill,8,,0.13,,6141.18,0,1,553,11840
ap-6MVKRrBnozowbUzD1yL5NE,2026-10-01T08:03:46+00:00,prefill,8,,0.12,,617.35,0,1,190,8448
ap-6MVKRrBnozowbUzD1yL5NE,2026-10-01T08:03:46+00:00,decode,8,82060,0.11,429.5,,0,,,
ap-6MVKRrBnozowbUzD1yL5NE,2026-10-01T08:03:46+00:00,decode,4,37555,0.05,502.35,,0,,,
ap-6MVKRrBnozowbUzD1yL5NE,2026-10-01T08:03:47+00:00,prefill,4,,0.07,,784.68,0,1,609,13440
ap-6MVKRrBnozowbUzD1yL5NE,2026-10-01T08:03:47+00:00,decode,4,43076,0.06,305.04,,0,,,
ap-6MVKRrBnozowbUzD1yL5NE,2026-10-01T08:03:47+00:00,prefill,4,,0.05,,619.76,0,1,336,8064
ap-6MVKRrBnozowbUzD1yL5NE,2026-10-01T08:03:47+00:00,prefill,4,,0.06,,1222.65,0,1,284,10368
ap-6MVKRrBnozowbUzD1yL5NE,2026-10-01T08:03:48+00:00,prefill,5,,0.07,,3873.18,0,1,590,7168
ap-6MVKRrBnozowbUzD1yL5NE,2026-10-01T08:03:48+00:00,decode,6,54616,0.07,283.11,,0,,,
ap-6MVKRrBnozowbUzD1yL5NE,2026-10-01T08:03:48+00:00,prefill,6,,0.08,,1488.24,0,1,825,6144
ap-6MVKRrBnozowbUzD1yL5NE,2026-10-01T08:03:48+00:00,decode,6,51129,0.07,397.1,,0,,,
ap-6MVKRrBnozowbUzD1yL5NE,2026-10-01T08:03:49+00:00,prefill,6,,0.08,,679.72,0,1,323,7296
ap-6MVKRrBnozowbUzD1yL5NE,2026-10-01T08:03:49+00:00,prefill,7,,0.09,,9195.61,0,1,967,6272
ap-6MVKRrBnozowbUzD1yL5NE,2026-10-01T08:03:49+00:00,decode,6,50736,0.07,389.97,,0,,,
ap-6MVKRrBnozowbUzD1yL5NE,2026-10-01T08:03:49+00:00,prefill,6,,0.1,,1615.47,0,1,755,13184
ap-6MVKRrBnozowbUzD1yL5NE,2026-10-01T08:03:49+00:00,prefill,7,,0.1,,35685.17,0,1,313,10304
ap-6MVKRrBnozowbUzD1yL5NE,2026-10-01T08:03:49+00:00,prefill,8,,0.11,,856.26,0,1,131,8704
ap-6MVKRrBnozowbUzD1yL5NE,2026-10-01T08:03:49+00:00,prefill,9,,0.12,,8567.55,0,1,816,9984
ap-6MVKRrBnozowbUzD1yL5NE,2026-10-01T08:03:50+00:00,prefill,10,,0.14,,1455.9,0,1,508,14080
ap-6MVKRrBnozowbUzD1yL5NE,2026-10-01T08:03:50+00:00,prefill,11,,0.17,,5677.77,0,1,726,10752
ap-6MVKRrBnozowbUzD1yL5NE,2026-10-01T08:03:50+00:00,prefill,12,,0.17,,25208.3,0,1,484,12352
ap-6MVKRrBnozowbUzD1yL5NE,2026-10-01T08:03:50+00:00,decode,13,129408,0.17,386.38,,0,,,
ap-6MVKRrBnozowbUzD1yL5NE,2026-10-01T08:03:51+00:00,prefill,10,,0.14,,283.98,0,1,209,10624
ap-6MVKRrBnozowbUzD1yL5NE,2026-10-01T08:03:51+00:00,decode,11,105286,0.14,740.32,,0,,,
ap-6MVKRrBnozowbUzD1yL5NE,2026-10-01T08:03:51+00:00,prefill,10,,0.14,,304.27,0,1,112,5376
ap-6MVKRrBnozowbUzD1yL5NE,2026-10-01T08:03:51+00:00,prefill,10,,0.13,,2585.22,0,1,468,8448
ap-6MVKRrBnozowbUzD1yL5NE,2026-10-01T08:03:51+00:00,decode,11,98299,0.13,611.32,,0,,,
ap-6MVKRrBnozowbUzD1yL5NE,2026-10-01T08:03:52+00:00,decode,8,73386,0.1,664.59,,0,,,
ap-6MVKRrBnozowbUzD1yL5NE,2026-10-01T08:03:52+00:00,prefill,8,,0.11,,333.6,0,1,266,10560
ap-6MVKRrBnozowbUzD1yL5NE,2026-10-01T08:03:53+00:00,decode,9,83882,0.11,581.89,,0,,,
ap-6MVKRrBnozowbUzD1yL5NE,2026-10-01T08:03:53+00:00,prefill,9,,0.13,,278.28,0,1,308,14592
ap-6MVKRrBnozowbUzD1yL5NE,2026-10-01T08:03:53+00:00,prefill,10,,0.14,,2308.87,0,1,200,8832
ap-6MVKRrBnozowbUzD1yL5NE,2026-10-01T08:03:53+00:00,decode,11,106807,0.14,555.12,,0,,,
ap-6MVKRrBnozowbUzD1yL5NE,2026-10-01T08:03:54+00:00,decode,10,92988,0.12,728.83,,0,,,
ap-6MVKRrBnozowbUzD1yL5NE,2026-10-01T08:03:54+00:00,prefill,10,,0.14,,799.89,0,1,838,10816
ap-6MVKRrBnozowbUzD1yL5NE,2026-10-01T08:03:54+00:00,prefill,11,,0.15,,4967.41,0,1,711,6912
ap-6MVKRrBnozowbUzD1yL5NE,2026-10-01T08:03:55+00:00,prefill,12,,0.16,,2578.77,0,1,448,11520
ap-6MVKRrBnozowbUzD1yL5NE,2026-10-01T08:03:55+00:00,decode,12,114176,0.15,537.66,,0,,,
ap-6MVKRrBnozowbUzD1yL5NE,2026-10-01T08:03:55+00:00,prefill,11,,0.16,,3184.85,0,1,670,12800
ap-6MVKRrBnozowbUzD1yL5NE,2026-10-01T08:03:55+00:00,prefill,12,,0.18,,2592.6,0,1,813,10752
ap-6MVKRrBnozowbUzD1yL5NE,2026-10-01T08:03:55+00:00,decode,13,123535,0.17,638.7,,0,,,
ap-6MVKRrBnozowbUzD1yL5NE,2026-10-01T08:03:56+00:00,decode,9,88856,0.12,723.57,,0,,,
ap-6MVKRrBnozowbUzD1yL5NE,2026-10-01T08:03:57+00:00,decode,9,89216,0.12,620.33,,0,,,
ap-6MVKRrBnozowbUzD1yL5NE,2026-10-01T08:03:57+00:00,prefill,7,,0.11,,106.15,0,1,205,9024
ap-6MVKRrBnozowbUzD1yL5NE,2026-10-01T08:03:57+00:00,prefill,8,,0.11,,1436.97,0,1,121,5440
ap-6MVKRrBnozowbUzD1yL5NE,2026-10-01T08:03:57+00:00,decode,9,100152,0.13,454.98,,0,,,
ap-6MVKRrBnozowbUzD1yL5NE,2026-10-01T08:03:57+00:00,prefill,9,,0.13,,2835.63,0,1,550,14848
ap-6MVKRrBnozowbUzD1yL5NE,2026-10-01T08:03:58+00:00,decode,9,85810,0.12,642.92,,0,,,
ap-6MVKRrBnozowbUzD1yL5NE,2026-10-01T08:03:58+00:00,prefill,8,,0.11,,502.36,0,1,474,11008
ap-6MVKRrBnozowbUzD1yL5NE,2026-10-01T08:03:59+00:00,decode,8,83385,0.11,525.88,,0,,,
ap-6MVKRrBnozowbUzD1yL5NE,2026-10-01T08:03:59+00:00,decode,7,72440,0.1,538.23,,0,,,
ap-6MVKRrBnozowbUzD1yL5NE,2026-10-01T08:03:59+00:00,prefill,7,,0.13,,235.29,0,1,252,13440
ap-6MVKRrBnozowbUzD1yL5NE,2026-10-01T08:03:59+00:00,prefill,8,,0.13,,22527.19,0,1,760,11520
ap-6MVKRrBnozowbUzD1yL5NE,2026-10-01T08:04:00+00:00,prefill,9,,0.14,,3829.93,0,1,574,7936
ap-6MVKRrBnozowbUzD1yL5NE,2026-10-01T08:04:00+00:00,prefill,10,,0.16,,3850.49,0,1,281,12032
ap-6MVKRrBnozowbUzD1yL5NE,2026-10-01T08:04:00+00:00,prefill,11,,0.17,,2400.76,0,1,817,7936
ap-6MVKRrBnozowbUzD1yL5NE,2026-10-01T08:04:00+00:00,decode,12,124937,0.17,430.27,,0,,,
ap-6MVKRrBnozowbUzD1yL5NE,2026-10-01T08:04:01+00:00,decode,8,76473,0.1,699.52,,0,,,
ap-6MVKRrBnozowbUzD1yL5NE,2026-10-01T08:04:01+00:00,prefill,8,,0.11,,285.89,0,1,213,9216
ap-6MVKRrBnozowbUzD1yL5NE,2026-10-01T08:04:01+00:00,decode,7,66447,0.09,511.86,,0,,,
ap-6MVKRrBnozowbUzD1yL5NE,2026-10-01T08:04:02+00:00,prefill,7,,0.11,,610.74,0,1,566,15360
ap-6MVKRrBnozowbUzD1yL5NE,2026-10-01T08:04:02+00:00,decode,7,73164,0.1,464.51,,0,,,
ap-6MVKRrBnozowbUzD1yL5NE,2026-10-01T08:04:02+00:00,prefill,5,,0.08,,1030.56,0,1,770,7680
ap-6MVKRrBnozowbUzD1yL5NE,2026-10-01T08:04:02+00:00,decode,6,68661,0.09,377.93,,0,,,
ap-6MVKRrBnozowbUzD1yL5NE,2026-10-01T08:04:03+00:00,prefill,6,,0.09,,3651.06,0,1,583,11776
ap-6MVKRrBnozowbUzD1yL5NE,2026-10-01T08:04:03+00:00,prefill,7,,0.1,,1644.19,0,1,683,8064
ap-6MVKRrBnozowbUzD1yL5NE,2026-10-01T08:04:03+00:00,prefill,8,,0.12,,5349.53,0,1,316,13632
ap-6MVKRrBnozowbUzD1yL5NE,2026-10-01T08:04:03+00:00,prefill,9,,0.14,,5805.07,0,1,1269,13888
ap-6MVKRrBnozowbUzD1yL5NE,2026-10-01T08:04:03+00:00,prefill,10,,0.16,,5963.54,0,1,352,11520
ap-6MVKRrBnozowbUzD1yL5NE,2026-10-01T08:04:03+00:00,decode,11,115961,0.16,370.99,,0,,,
ap-6MVKRrBnozowbUzD1yL5NE,2026-10-01T08:04:04+00:00,prefill,10,,0.15,,297.32,0,1,128,5504
ap-6MVKRrBnozowbUzD1yL5NE,2026-10-01T08:04:04+00:00,decode,11,109614,0.15,660.52,,0,,,
ap-6MVKRrBnozowbUzD1yL5NE,2026-10-01T08:04:04+00:00,prefill,11,,0.16,,923.24,0,1,391,12288
ap-6MVKRrBnozowbUzD1yL5NE,2026-10-01T08:04:04+00:00,prefill,11,,0.16,,796.25,0,1,154,9472
ap-6MVKRrBnozowbUzD1yL5NE,2026-10-01T08:04:05+00:00,prefill,12,,0.15,,2925.59,0,1,682,8896
ap-6MVKRrBnozowbUzD1yL5NE,2026-10-01T08:04:05+00:00,decode,11,100769,0.14,610.5,,0,,,
ap-6MVKRrBnozowbUzD1yL5NE,2026-10-01T08:04:05+00:00,decode,8,76171,0.1,658.33,,0,,,
ap-6MVKRrBnozowbUzD1yL5NE,2026-10-01T08:04:06+00:00,prefill,6,,0.1,,428.73,0,1,586,15872
ap-6MVKRrBnozowbUzD1yL5NE,2026-10-01T08:04:06+00:00,prefill,7,,0.12,,5788.44,0,1,327,12352
ap-6MVKRrBnozowbUzD1yL5NE,2026-10-01T08:04:06+00:00,decode,8,86232,0.12,390.18,,0,,,
ap-6MVKRrBnozowbUzD1yL5NE,2026-10-01T08:04:07+00:00,decode,7,70737,0.09,555.56,,0,,,
ap-6MVKRrBnozowbUzD1yL5NE,2026-10-01T08:04:07+00:00,decode,6,63361,0.09,500.7,,0,,,
ap-6MVKRrBnozowbUzD1yL5NE,2026-10-01T08:04:07+00:00,prefill,6,,0.1,,232.74,0,1,304,11840
ap-6MVKRrBnozowbUzD1yL5NE,2026-10-01T08:04:07+00:00,prefill,7,,0.12,,5374.0,0,1,1136,14336
ap-6MVKRrBnozowbUzD1yL5NE,2026-10-01T08:04:08+00:00,prefill,8,,0.13,,2000.83,0,1,582,9536
ap-6MVKRrBnozowbUzD1yL5NE,2026-10-01T08:04:08+00:00,decode,9,99340,0.13,387.48,,0,,,
ap-6MVKRrBnozowbUzD1yL5NE,2026-10-01T08:04:08+00:00,prefill,9,,0.16,,2104.36,0,1,602,13888
ap-6MVKRrBnozowbUzD1yL5NE,2026-10-01T08:04:08+00:00,prefill,10,,0.16,,23985.73,0,1,226,9600
ap-6MVKRrBnozowbUzD1yL5NE,2026-10-01T08:04:09+00:00,decode,8,82598,0.11,555.3,,0,,,
ap-6MVKRrBnozowbUzD1yL5NE,2026-10-01T08:04:09+00:00,prefill,7,,0.11,,492.5,0,1,415,12672
ap-6MVKRrBnozowbUzD1yL5NE,2026-10-01T08:04:09+00:00,decode,6,62726,0.08,492.31,,0,,,
ap-6MVKRrBnozowbUzD1yL5NE,2026-10-01T08:04:10+00:00,decode,6,62966,0.08,440.59,,0,,,
ap-6MVKRrBnozowbUzD1yL5NE,2026-10-01T08:04:10+00:00,prefill,6,,0.11,,517.0,0,1,630,16448
ap-6MVKRrBnozowbUzD1yL5NE,2026-10-01T08:04:10+00:00,prefill,7,,0.11,,8961.19,0,1,88,5632
ap-6MVKRrBnozowbUzD1yL5NE,2026-10-01T08:04:10+00:00,decode,7,72176,0.1,399.02,,0,,,
ap-6MVKRrBnozowbUzD1yL5NE,2026-10-01T08:04:11+00:00,decode,4,47575,0.06,408.42,,0,,,
ap-6MVKRrBnozowbUzD1yL5NE,2026-10-01T08:04:11+00:00,prefill,4,,0.06,,327.69,0,1,298,12800
ap-6MVKRrBnozowbUzD1yL5NE,2026-10-01T08:04:11+00:00,prefill,5,,0.08,,3647.63,0,1,524,10112
ap-6MVKRrBnozowbUzD1yL5NE,2026-10-01T08:04:11+00:00,prefill,6,,0.09,,3327.86,0,1,861,8448
ap-6MVKRrBnozowbUzD1yL5NE,2026-10-01T08:04:12+00:00,prefill,6,,0.11,,1492.46,0,1,474,11264
ap-6MVKRrBnozowbUzD1yL5NE,2026-10-01T08:04:12+00:00,prefill,7,,0.12,,4101.82,0,1,231,9792
ap-6MVKRrBnozowbUzD1yL5NE,2026-10-01T08:04:12+00:00,prefill,8,,0.12,,17290.72,0,1,1493,7040
ap-6MVKRrBnozowbUzD1yL5NE,2026-10-01T08:04:12+00:00,decode,9,89512,0.12,265.56,,0,,,
ap-6MVKRrBnozowbUzD1yL5NE,2026-10-01T08:04:13+00:00,decode,7,67356,0.09,553.66,,0,,,
ap-6MVKRrBnozowbUzD1yL5NE,2026-10-01T08:04:13+00:00,prefill,7,,0.11,,744.79,0,1,704,14464
ap-6MVKRrBnozowbUzD1yL5NE,2026-10-01T08:04:13+00:00,prefill,8,,0.12,,4286.44,0,1,469,7232
ap-6MVKRrBnozowbUzD1yL5NE,2026-10-01T08:04:13+00:00,decode,8,87034,0.12,422.47,,0,,,
ap-6MVKRrBnozowbUzD1yL5NE,2026-10-01T08:04:13+00:00,prefill,8,,0.12,,721.19,0,1,232,7744
ap-6MVKRrBnozowbUzD1yL5NE,2026-10-01T08:04:14+00:00,prefill,9,,0.13,,882.36,0,1,190,12288
ap-6MVKRrBnozowbUzD1yL5NE,2026-10-01T08:04:14+00:00,prefill,9,,0.12,,1257.54,0,1,551,13056
ap-6MVKRrBnozowbUzD1yL5NE,2026-10-01T08:04:14+00:00,decode,9,88838,0.12,533.55,,0,,,
ap-6MVKRrBnozowbUzD1yL5NE,2026-10-01T08:04:15+00:00,prefill,7,,0.13,,1073.17,0,1,773,17024
ap-6MVKRrBnozowbUzD1yL5NE,2026-10-01T08:04:15+00:00,prefill,8,,0.15,,5561.86,0,1,264,13056
ap-6MVKRrBnozowbUzD1yL5NE,2026-10-01T08:04:15+00:00,prefill,9,,0.15,,20871.24,0,1,254,10624
ap-6MVKRrBnozowbUzD1yL5NE,2026-10-01T08:04:15+00:00,decode,10,108808,0.15,449.27,,0,,,
ap-6MVKRrBnozowbUzD1yL5NE,2026-10-01T08:04:15+00:00,decode,9,92056,0.12,666.58,,0,,,
ap-6MVKRrBnozowbUzD1yL5NE,2026-10-01T08:04:16+00:00,prefill,9,,0.12,,266.19,0,1,236,9984
ap-6MVKRrBnozowbUzD1yL5NE,2026-10-01T08:04:16+00:00,decode,7,67868,0.09,541.49,,0,,,
ap-6MVKRrBnozowbUzD1yL5NE,2026-10-01T08:04:16+00:00,prefill,7,,0.09,,172.3,0,1,96,2112
ap-6MVKRrBnozowbUzD1yL5NE,2026-10-01T08:04:16+00:00,prefill,8,,0.11,,3627.71,0,1,447,15168
ap-6MVKRrBnozowbUzD1yL5NE,2026-10-01T08:04:17+00:00,decode,9,84645,0.11,497.47,,0,,,
ap-6MVKRrBnozowbUzD1yL5NE,2026-10-01T08:04:17+00:00,prefill,7,,0.09,,293.45,0,1,197,7936
ap-6MVKRrBnozowbUzD1yL5NE,2026-10-01T08:04:17+00:00,prefill,7,,0.08,,552.12,0,1,107,5696
ap-6MVKRrBnozowbUzD1yL5NE,2026-10-01T08:04:17+00:00,decode,7,49012,0.07,454.85,,0,,,
ap-6MVKRrBnozowbUzD1yL5NE,2026-10-01T08:04:18+00:00,decode,6,49252,0.07,449.99,,0,,,
ap-6MVKRrBnozowbUzD1yL5NE,2026-10-01T08:04:18+00:00,prefill,4,,0.07,,758.54,0,1,808,13312
ap-6MVKRrBnozowbUzD1yL5NE,2026-10-01T08:04:18+00:00,prefill,5,,0.08,,5611.7,0,1,325,13568
ap-6MVKRrBnozowbUzD1yL5NE,2026-10-01T08:04:18+00:00,decode,6,63406,0.09,294.75,,0,,,
ap-6MVKRrBnozowbUzD1yL5NE,2026-10-01T08:04:19+00:00,decode,6,63646,0.09,440.39,,0,,,
ap-6MVKRrBnozowbUzD1yL5NE,2026-10-01T08:04:19+00:00,prefill,6,,0.11,,773.53,0,1,634,17792
ap-6MVKRrBnozowbUzD1yL5NE,2026-10-01T08:04:19+00:00,prefill,6,,0.12,,4554.85,0,1,1521,12224
ap-6MVKRrBnozowbUzD1yL5NE,2026-10-01T08:04:19+00:00,prefill,7,,0.14,,3448.28,0,1,177,10240
ap-6MVKRrBnozowbUzD1yL5NE,2026-10-01T08:04:20+00:00,prefill,8,,0.14,,24260.32,0,1,584,11008
ap-6MVKRrBnozowbUzD1yL5NE,2026-10-01T08:04:20+00:00,prefill,9,,0.15,,1267.25,0,1,443,12544
ap-6MVKRrBnozowbUzD1yL5NE,2026-10-01T08:04:20+00:00,prefill,10,,0.17,,8699.8,0,1,1760,8448
ap-6MVKRrBnozowbUzD1yL5NE,2026-10-01T08:04:20+00:00,decode,11,123734,0.17,295.54,,0,,,
ap-6MVKRrBnozowbUzD1yL5NE,2026-10-01T08:04:20+00:00,prefill,8,,0.12,,805.37,0,1,263,8192
ap-6MVKRrBnozowbUzD1yL5NE,2026-10-01T08:04:21+00:00,decode,8,77498,0.1,573.37,,0,,,
ap-6MVKRrBnozowbUzD1yL5NE,2026-10-01T08:04:21+00:00,prefill,8,,0.11,,1325.44,0,1,643,15616
ap-6MVKRrBnozowbUzD1yL5NE,2026-10-01T08:04:21+00:00,prefill,8,,0.12,,1025.38,0,1,516,9280
ap-6MVKRrBnozowbUzD1yL5NE,2026-10-01T08:04:21+00:00,decode,9,92699,0.12,458.44,,0,,,
ap-6MVKRrBnozowbUzD1yL5NE,2026-10-01T08:04:22+00:00,prefill,8,,0.12,,1461.52,0,1,459,14080
ap-6MVKRrBnozowbUzD1yL5NE,2026-10-01T08:04:22+00:00,prefill,9,,0.14,,3281.7,0,1,185,12928
ap-6MVKRrBnozowbUzD1yL5NE,2026-10-01T08:04:22+00:00,decode,9,91293,0.12,548.16,,0,,,
ap-6MVKRrBnozowbUzD1yL5NE,2026-10-01T08:04:23+00:00,decode,9,77734,0.1,615.91,,0,,,
ap-6MVKRrBnozowbUzD1yL5NE,2026-10-01T08:04:23+00:00,prefill,8,,0.12,,283.66,0,1,350,11584
ap-6MVKRrBnozowbUzD1yL5NE,2026-10-01T08:04:23+00:00,prefill,9,,0.14,,1019.14,0,1,246,10368
ap-6MVKRrBnozowbUzD1yL5NE,2026-10-01T08:04:23+00:00,prefill,10,,0.14,,13050.2,0,1,134,5760
ap-6MVKRrBnozowbUzD1yL5NE,2026-10-01T08:04:23+00:00,decode,11,104482,0.14,519.86,,0,,,
ap-6MVKRrBnozowbUzD1yL5NE,2026-10-01T08:04:24+00:00,prefill,11,,0.16,,698.97,0,1,384,18432
ap-6MVKRrBnozowbUzD1yL5NE,2026-10-01T08:04:24+00:00,prefill,12,,0.18,,7236.8,0,1,654,13888
ap-6MVKRrBnozowbUzD1yL5NE,2026-10-01T08:04:24+00:00,decode,13,136940,0.18,647.76,,0,,,
ap-6MVKRrBnozowbUzD1yL5NE,2026-10-01T08:04:25+00:00,decode,8,86036,0.12,664.42,,0,,,
ap-6MVKRrBnozowbUzD1yL5NE,2026-10-01T08:04:25+00:00,prefill,7,,0.12,,394.84,0,1,470,16256
ap-6MVKRrBnozowbUzD1yL5NE,2026-10-01T08:04:25+00:00,decode,7,78620,0.11,472.24,,0,,,
ap-6MVKRrBnozowbUzD1yL5NE,2026-10-01T08:04:26+00:00,decode,6,62802,0.08,482.63,,0,,,
ap-6MVKRrBnozowbUzD1yL5NE,2026-10-01T08:04:26+00:00,prefill,6,,0.1,,339.96,0,1,419,14592
ap-6MVKRrBnozowbUzD1yL5NE,2026-10-01T08:04:27+00:00,decode,7,77383,0.1,424.47,,0,,,
ap-6MVKRrBnozowbUzD1yL5NE,2026-10-01T08:04:27+00:00,prefill,7,,0.12,,466.2,0,1,255,10560
ap-6MVKRrBnozowbUzD1yL5NE,2026-10-01T08:04:27+00:00,decode,8,87810,0.12,496.02,,0,,,
ap-6MVKRrBnozowbUzD1yL5NE,2026-10-01T08:04:28+00:00,decode,6,60144,0.08,513.37,,0,,,
ap-6MVKRrBnozowbUzD1yL5NE,2026-10-01T08:04:28+00:00,prefill,5,,0.09,,285.17,0,1,397,18816
ap-6MVKRrBnozowbUzD1yL5NE,2026-10-01T08:04:28+00:00,decode,6,68687,0.09,366.87,,0,,,
ap-6MVKRrBnozowbUzD1yL5NE,2026-10-01T08:04:29+00:00,decode,5,50357,0.07,428.5,,0,,,
ap-6MVKRrBnozowbUzD1yL5NE,2026-10-01T08:04:29+00:00,prefill,5,,0.08,,557.7,0,1,407,10496
ap-6MVKRrBnozowbUzD1yL5NE,2026-10-01T08:04:29+00:00,prefill,6,,0.1,,1426.14,0,1,490,14592
ap-6MVKRrBnozowbUzD1yL5NE,2026-10-01T08:04:29+00:00,prefill,7,,0.12,,5918.3,0,1,709,16704
ap-6MVKRrBnozowbUzD1yL5NE,2026-10-01T08:04:30+00:00,decode,8,91944,0.12,346.27,,0,,,
ap-6MVKRrBnozowbUzD1yL5NE,2026-10-01T08:04:30+00:00,prefill,8,,0.13,,153.0,0,1,81,5888
ap-6MVKRrBnozowbUzD1yL5NE,2026-10-01T08:04:30+00:00,decode,9,80789,0.11,539.83,,0,,,
ap-6MVKRrBnozowbUzD1yL5NE,2026-10-01T08:04:30+00:00,prefill,8,,0.12,,756.65,0,1,263,10752
ap-6MVKRrBnozowbUzD1yL5NE,2026-10-01T08:04:31+00:00,decode,7,71646,0.1,508.15,,0,,,
ap-6MVKRrBnozowbUzD1yL5NE,2026-10-01T08:04:31+00:00,prefill,7,,0.12,,680.78,0,1,362,14976
ap-6MVKRrBnozowbUzD1yL5NE,2026-10-01T08:04:31+00:00,prefill,8,,0.13,,2967.6,0,1,1103,13696
ap-6MVKRrBnozowbUzD1yL5NE,2026-10-01T08:04:32+00:00,decode,8,90350,0.12,458.82,,0,,,
ap-6MVKRrBnozowbUzD1yL5NE,2026-10-01T08:04:32+00:00,prefill,8,,0.13,,895.16,0,1,491,9792
ap-6MVKRrBnozowbUzD1yL5NE,2026-10-01T08:04:32+00:00,decode,9,100290,0.13,545.21,,0,,,
ap-6MVKRrBnozowbUzD1yL5NE,2026-10-01T08:04:32+00:00,prefill,9,,0.16,,793.51,0,1,584,19200
ap-6MVKRrBnozowbUzD1yL5NE,2026-10-01T08:04:33+00:00,decode,10,119770,0.16,569.58,,0,,,
ap-6MVKRrBnozowbUzD1yL5NE,2026-10-01T08:04:33+00:00,decode,8,91310,0.12,614.02,,0,,,
ap-6MVKRrBnozowbUzD1yL5NE,2026-10-01T08:04:34+00:00,prefill,8,,0.14,,300.95,0,1,446,15104
ap-6MVKRrBnozowbUzD1yL5NE,2026-10-01T08:04:34+00:00,prefill,9,,0.17,,3430.79,0,1,249,17408
ap-6MVKRrBnozowbUzD1yL5NE,2026-10-01T08:04:34+00:00,prefill,10,,0.18,,3350.72,0,1,207,11008
ap-6MVKRrBnozowbUzD1yL5NE,2026-10-01T08:04:34+00:00,decode,11,133996,0.18,458.58,,0,,,
ap-6MVKRrBnozowbUzD1yL5NE,2026-10-01T08:04:35+00:00,decode,10,119545,0.16,684.91,,0,,,
ap-6MVKRrBnozowbUzD1yL5NE,2026-10-01T08:04:35+00:00,decode,7,77912,0.1,593.87,,0,,,
ap-6MVKRrBnozowbUzD1yL5NE,2026-10-01T08:04:36+00:00,prefill,6,,0.09,,53.16,0,1,78,5952
ap-6MVKRrBnozowbUzD1yL5NE,2026-10-01T08:04:36+00:00,decode,7,68575,0.09,463.55,,0,,,
ap-6MVKRrBnozowbUzD1yL5NE,2026-10-01T08:04:36+00:00,decode,6,63445,0.09,489.69,,0,,,
ap-6MVKRrBnozowbUzD1yL5NE,2026-10-01T08:04:37+00:00,prefill,6,,0.11,,456.1,0,1,553,19776
ap-6MVKRrBnozowbUzD1yL5NE,2026-10-01T08:04:37+00:00,decode,6,70735,0.09,407.36,,0,,,
ap-6MVKRrBnozowbUzD1yL5NE,2026-10-01T08:04:38+00:00,prefill,5,,0.08,,171.93,0,1,151,11264
ap-6MVKRrBnozowbUzD1yL5NE,2026-10-01T08:04:38+00:00,decode,6,61998,0.08,375.51,,0,,,
ap-6MVKRrBnozowbUzD1yL5NE,2026-10-01T08:04:38+00:00,prefill,6,,0.1,,1428.71,0,1,487,15360
ap-6MVKRrBnozowbUzD1yL5NE,2026-10-01T08:04:38+00:00,decode,7,77420,0.1,427.79,,0,,,
ap-6MVKRrBnozowbUzD1yL5NE,2026-10-01T08:04:38+00:00,prefill,7,,0.13,,525.42,0,1,236,17664
ap-6MVKRrBnozowbUzD1yL5NE,2026-10-01T08:04:39+00:00,prefill,8,,0.13,,2708.28,0,1,929,14848
ap-6MVKRrBnozowbUzD1yL5NE,2026-10-01T08:04:39+00:00,decode,7,66775,0.09,424.84,,0,,,
ap-6MVKRrBnozowbUzD1yL5NE,2026-10-01T08:04:39+00:00,prefill,6,,0.11,,1313.82,0,1,422,15616
ap-6MVKRrBnozowbUzD1yL5NE,2026-10-01T08:04:40+00:00,decode,6,73408,0.1,404.22,,0,,,
ap-6MVKRrBnozowbUzD1yL5NE,2026-10-01T08:04:40+00:00,prefill,5,,0.09,,1047.14,0,1,858,10240
ap-6MVKRrBnozowbUzD1yL5NE,2026-10-01T08:04:40+00:00,decode,6,80152,0.11,343.71,,0,,,
ap-6MVKRrBnozowbUzD1yL5NE,2026-10-01T08:04:40+00:00,prefill,6,,0.11,,1293.22,0,1,481,11712
ap-6MVKRrBnozowbUzD1yL5NE,2026-10-01T08:04:41+00:00,decode,6,69968,0.09,464.21,,0,,,
ap-6MVKRrBnozowbUzD1yL5NE,2026-10-01T08:04:41+00:00,prefill,6,,0.12,,478.74,0,1,382,20288
ap-6MVKRrBnozowbUzD1yL5NE,2026-10-01T08:04:41+00:00,prefill,7,,0.14,,3828.83,0,1,223,11392
ap-6MVKRrBnozowbUzD1yL5NE,2026-10-01T08:04:42+00:00,decode,7,89584,0.12,423.13,,0,,,
ap-6MVKRrBnozowbUzD1yL5NE,2026-10-01T08:04:42+00:00,prefill,7,,0.13,,1767.7,0,1,831,8448
ap-6MVKRrBnozowbUzD1yL5NE,2026-10-01T08:04:42+00:00,prefill,7,,0.12,,323.38,0,1,63,6016
ap-6MVKRrBnozowbUzD1yL5NE,2026-10-01T08:04:42+00:00,decode,7,68559,0.09,439.99,,0,,,
ap-6MVKRrBnozowbUzD1yL5NE,2026-10-01T08:04:42+00:00,prefill,7,,0.11,,358.44,0,1,168,15872
ap-6MVKRrBnozowbUzD1yL5NE,2026-10-01T08:04:43+00:00,decode,6,67738,0.09,425.02,,0,,,
ap-6MVKRrBnozowbUzD1yL5NE,2026-10-01T08:04:43+00:00,prefill,6,,0.11,,958.38,0,1,633,17920
ap-6MVKRrBnozowbUzD1yL5NE,2026-10-01T08:04:43+00:00,prefill,6,,0.12,,1153.43,0,1,455,16000
ap-6MVKRrBnozowbUzD1yL5NE,2026-10-01T08:04:43+00:00,decode,7,86222,0.12,387.36,,0,,,
ap-6MVKRrBnozowbUzD1yL5NE,2026-10-01T08:04:44+00:00,decode,5,52747,0.07,455.06,,0,,,
ap-6MVKRrBnozowbUzD1yL5NE,2026-10-01T08:04:45+00:00,prefill,4,,0.07,,628.31,0,1,812,12160
ap-6MVKRrBnozowbUzD1yL5NE,2026-10-01T08:04:45+00:00,decode,5,54025,0.07,284.69,,0,,,
ap-6MVKRrBnozowbUzD1yL5NE,2026-10-01T08:04:45+00:00,prefill,5,,0.09,,1545.21,0,1,231,11584
ap-6MVKRrBnozowbUzD1yL5NE,2026-10-01T08:04:45+00:00,prefill,6,,0.11,,1070.6,0,1,432,15872
ap-6MVKRrBnozowbUzD1yL5NE,2026-10-01T08:04:45+00:00,decode,7,81010,0.11,375.58,,0,,,
ap-6MVKRrBnozowbUzD1yL5NE,2026-10-01T08:04:46+00:00,prefill,6,,0.12,,519.55,0,1,309,20608
ap-6MVKRrBnozowbUzD1yL5NE,2026-10-01T08:04:46+00:00,decode,7,77963,0.1,453.26,,0,,,
ap-6MVKRrBnozowbUzD1yL5NE,2026-10-01T08:04:46+00:00,decode,4,42219,0.06,357.79,,0,,,
ap-6MVKRrBnozowbUzD1yL5NE,2026-10-01T08:04:47+00:00,prefill,4,,0.08,,670.88,0,1,780,16000
ap-6MVKRrBnozowbUzD1yL5NE,2026-10-01T08:04:47+00:00,prefill,5,,0.09,,2208.98,0,1,120,6016
ap-6MVKRrBnozowbUzD1yL5NE,2026-10-01T08:04:47+00:00,decode,6,63936,0.09,265.96,,0,,,
ap-6MVKRrBnozowbUzD1yL5NE,2026-10-01T08:04:47+00:00,prefill,6,,0.1,,1683.65,0,1,402,11072
ap-6MVKRrBnozowbUzD1yL5NE,2026-10-01T08:04:47+00:00,prefill,7,,0.13,,6753.01,0,1,822,18496
ap-6MVKRrBnozowbUzD1yL5NE,2026-10-01T08:04:48+00:00,prefill,8,,0.15,,1487.86,0,1,299,16448
ap-6MVKRrBnozowbUzD1yL5NE,2026-10-01T08:04:48+00:00,decode,8,104235,0.14,401.95,,0,,,
ap-6MVKRrBnozowbUzD1yL5NE,2026-10-01T08:04:48+00:00,prefill,4,,0.07,,1047.24,0,1,809,11776
ap-6MVKRrBnozowbUzD1yL5NE,2026-10-01T08:04:48+00:00,prefill,5,,0.09,,4255.12,0,1,239,11776
ap-6MVKRrBnozowbUzD1yL5NE,2026-10-01T08:04:49+00:00,decode,6,65944,0.09,369.58,,0,,,
ap-6MVKRrBnozowbUzD1yL5NE,2026-10-01T08:04:49+00:00,decode,6,78922,0.11,410.39,,0,,,
ap-6MVKRrBnozowbUzD1yL5NE,2026-10-01T08:04:49+00:00,prefill,6,,0.11,,684.56,0,1,504,12928
ap-6MVKRrBnozowbUzD1yL5NE,2026-10-01T08:04:50+00:00,prefill,7,,0.11,,787.18,0,1,287,16256
ap-6MVKRrBnozowbUzD1yL5NE,2026-10-01T08:04:50+00:00,decode,7,83666,0.11,449.15,,0,,,
ap-6MVKRrBnozowbUzD1yL5NE,2026-10-01T08:04:50+00:00,prefill,7,,0.14,,698.79,0,1,287,20864
ap-6MVKRrBnozowbUzD1yL5NE,2026-10-01T08:04:50+00:00,decode,6,71121,0.1,475.66,,0,,,
ap-6MVKRrBnozowbUzD1yL5NE,2026-10-01T08:04:51+00:00,prefill,6,,0.12,,642.41,0,1,457,16768
ap-6MVKRrBnozowbUzD1yL5NE,2026-10-01T08:04:51+00:00,decode,7,87925,0.12,427.42,,0,,,
ap-6MVKRrBnozowbUzD1yL5NE,2026-10-01T08:04:52+00:00,decode,7,88205,0.12,493.11,,0,,,
ap-6MVKRrBnozowbUzD1yL5NE,2026-10-01T08:04:52+00:00,prefill,7,,0.14,,227.58,0,1,249,19264
ap-6MVKRrBnozowbUzD1yL5NE,2026-10-01T08:04:52+00:00,prefill,8,,0.17,,2379.82,0,1,345,16704
ap-6MVKRrBnozowbUzD1yL5NE,2026-10-01T08:04:52+00:00,prefill,9,,0.18,,3204.25,0,1,183,12032
ap-6MVKRrBnozowbUzD1yL5NE,2026-10-01T08:04:52+00:00,decode,10,135274,0.18,492.3,,0,,,
ap-6MVKRrBnozowbUzD1yL5NE,2026-10-01T08:04:53+00:00,decode,7,84281,0.11,568.85,,0,,,
ap-6MVKRrBnozowbUzD1yL5NE,2026-10-01T08:04:53+00:00,prefill,7,,0.12,,35.61,0,1,39,6144
ap-6MVKRrBnozowbUzD1yL5NE,2026-10-01T08:04:53+00:00,prefill,7,,0.12,,2263.0,0,1,836,13376
ap-6MVKRrBnozowbUzD1yL5NE,2026-10-01T08:04:54+00:00,decode,8,91997,0.12,424.81,,0,,,
ap-6MVKRrBnozowbUzD1yL5NE,2026-10-01T08:04:54+00:00,decode,7,86748,0.12,547.6,,0,,,
ap-6MVKRrBnozowbUzD1yL5NE,2026-10-01T08:04:54+00:00,prefill,6,,0.13,,368.03,0,1,375,21120
ap-6MVKRrBnozowbUzD1yL5NE,2026-10-01T08:04:55+00:00,decode,7,105324,0.14,418.0,,0,,,
ap-6MVKRrBnozowbUzD1yL5NE,2026-10-01T08:04:55+00:00,prefill,7,,0.14,,666.2,0,1,258,11520
ap-6MVKRrBnozowbUzD1yL5NE,2026-10-01T08:04:55+00:00,decode,6,67935,0.09,504.85,,0,,,
ap-6MVKRrBnozowbUzD1yL5NE,2026-10-01T08:04:56+00:00,prefill,4,,0.08,,274.86,0,1,263,12160
ap-6MVKRrBnozowbUzD1yL5NE,2026-10-01T08:04:56+00:00,decode,5,56368,0.08,338.57,,0,,,
ap-6MVKRrBnozowbUzD1yL5NE,2026-10-01T08:04:56+00:00,prefill,5,,0.1,,590.41,0,1,254,19456
ap-6MVKRrBnozowbUzD1yL5NE,2026-10-01T08:04:56+00:00,prefill,6,,0.12,,3553.87,0,1,440,16640
ap-6MVKRrBnozowbUzD1yL5NE,2026-10-01T08:04:56+00:00,prefill,7,,0.15,,6317.98,0,1,380,17024
ap-6MVKRrBnozowbUzD1yL5NE,2026-10-01T08:04:56+00:00,prefill,8,,0.16,,6338.79,0,1,725,9216
ap-6MVKRrBnozowbUzD1yL5NE,2026-10-01T08:04:57+00:00,decode,9,118030,0.16,357.08,,0,,,
ap-6MVKRrBnozowbUzD1yL5NE,2026-10-01T08:04:57+00:00,decode,5,54248,0.07,505.02,,0,,,
ap-6MVKRrBnozowbUzD1yL5NE,2026-10-01T08:04:58+00:00,prefill,5,,0.09,,472.68,0,1,655,14208
ap-6MVKRrBnozowbUzD1yL5NE,2026-10-01T08:04:58+00:00,prefill,6,,0.12,,6450.11,0,1,536,17408
ap-6MVKRrBnozowbUzD1yL5NE,2026-10-01T08:04:58+00:00,decode,7,85887,0.12,301.4,,0,,,
ap-6MVKRrBnozowbUzD1yL5NE,2026-10-01T08:04:59+00:00,decode,6,76778,0.1,469.05,,0,,,
ap-6MVKRrBnozowbUzD1yL5NE,2026-10-01T08:04:59+00:00,prefill,5,,0.11,,321.44,0,1,305,21504
ap-6MVKRrBnozowbUzD1yL5NE,2026-10-01T08:04:59+00:00,decode,6,80818,0.11,372.59,,0,,,
ap-6MVKRrBnozowbUzD1yL5NE,2026-10-01T08:04:59+00:00,prefill,6,,0.12,,350.39,0,1,108,6144
ap-6MVKRrBnozowbUzD1yL5NE,2026-10-01T08:04:59+00:00,prefill,6,,0.11,,1063.15,0,1,207,12416
ap-6MVKRrBnozowbUzD1yL5NE,2026-10-01T08:05:00+00:00,decode,6,63145,0.08,399.59,,0,,,
ap-6MVKRrBnozowbUzD1yL5NE,2026-10-01T08:05:00+00:00,decode,5,57741,0.08,377.23,,0,,,
ap-6MVKRrBnozowbUzD1yL5NE,2026-10-01T08:05:00+00:00,prefill,5,,0.07,,233.58,0,1,238,9984
ap-6MVKRrBnozowbUzD1yL5NE,2026-10-01T08:05:01+00:00,prefill,5,,0.1,,3817.48,0,1,468,17024
ap-6MVKRrBnozowbUzD1yL5NE,2026-10-01T08:05:01+00:00,prefill,6,,0.11,,8127.43,0,1,879,12800
ap-6MVKRrBnozowbUzD1yL5NE,2026-10-01T08:05:01+00:00,prefill,7,,0.14,,3365.49,0,1,197,19712
ap-6MVKRrBnozowbUzD1yL5NE,2026-10-01T08:05:01+00:00,decode,8,104572,0.14,355.66,,0,,,
ap-6MVKRrBnozowbUzD1yL5NE,2026-10-01T08:05:01+00:00,prefill,8,,0.16,,1032.94,0,1,661,11776
ap-6MVKRrBnozowbUzD1yL5NE,2026-10-01T08:05:02+00:00,decode,8,97380,0.13,497.07,,0,,,
ap-6MVKRrBnozowbUzD1yL5NE,2026-10-01T08:05:02+00:00,prefill,8,,0.15,,591.14,0,1,286,17408
ap-6MVKRrBnozowbUzD1yL5NE,2026-10-01T08:05:02+00:00,prefill,9,,0.18,,592.36,0,1,246,17920
ap-6MVKRrBnozowbUzD1yL5NE,2026-10-01T08:05:02+00:00,prefill,10,,0.2,,3276.07,0,1,795,14848
ap-6MVKRrBnozowbUzD1yL5NE,2026-10-01T08:05:03+00:00,decode,11,147198,0.2,483.2,,0,,,
ap-6MVKRrBnozowbUzD1yL5NE,2026-10-01T08:05:03+00:00,prefill,11,,0.16,,398.46,0,1,80,2176
ap-6MVKRrBnozowbUzD1yL5NE,2026-10-01T08:05:03+00:00,prefill,10,,0.19,,1238.98,0,1,594,21760
ap-6MVKRrBnozowbUzD1yL5NE,2026-10-01T08:05:03+00:00,prefill,11,,0.21,,3727.85,0,1,215,12608
ap-6MVKRrBnozowbUzD1yL5NE,2026-10-01T08:05:03+00:00,decode,11,152513,0.2,541.24,,0,,,
ap-6MVKRrBnozowbUzD1yL5NE,2026-10-01T08:05:04+00:00,decode,7,88896,0.12,547.14,,0,,,
ap-6MVKRrBnozowbUzD1yL5NE,2026-10-01T08:05:04+00:00,decode,6,76955,0.1,472.27,,0,,,
ap-6MVKRrBnozowbUzD1yL5NE,2026-10-01T08:05:05+00:00,prefill,5,,0.09,,65.65,0,1,113,6208
ap-6MVKRrBnozowbUzD1yL5NE,2026-10-01T08:05:05+00:00,prefill,6,,0.11,,2415.89,0,1,198,19904
ap-6MVKRrBnozowbUzD1yL5NE,2026-10-01T08:05:05+00:00,decode,7,85182,0.11,377.07,,0,,,
ap-6MVKRrBnozowbUzD1yL5NE,2026-10-01T08:05:05+00:00,prefill,7,,0.13,,2447.75,0,1,505,8704
ap-6MVKRrBnozowbUzD1yL5NE,2026-10-01T08:05:06+00:00,decode,7,88336,0.12,495.9,,0,,,
ap-6MVKRrBnozowbUzD1yL5NE,2026-10-01T08:05:06+00:00,decode,6,69117,0.09,457.65,,0,,,
ap-6MVKRrBnozowbUzD1yL5NE,2026-10-01T08:05:06+00:00,prefill,6,,0.12,,239.49,0,1,271,17664
ap-6MVKRrBnozowbUzD1yL5NE,2026-10-01T08:05:07+00:00,prefill,7,,0.15,,3056.22,0,1,454,22336
ap-6MVKRrBnozowbUzD1yL5NE,2026-10-01T08:05:07+00:00,prefill,8,,0.17,,2220.22,0,1,217,15616
ap-6MVKRrBnozowbUzD1yL5NE,2026-10-01T08:05:07+00:00,prefill,9,,0.18,,827.93,0,1,223,12800
ap-6MVKRrBnozowbUzD1yL5NE,2026-10-01T08:05:07+00:00,decode,10,154547,0.21,427.2,,0,,,
ap-6MVKRrBnozowbUzD1yL5NE,2026-10-01T08:05:07+00:00,prefill,10,,0.21,,2648.12,0,1,769,18176
ap-6MVKRrBnozowbUzD1yL5NE,2026-10-01T08:05:08+00:00,decode,9,115498,0.15,564.31,,0,,,
ap-6MVKRrBnozowbUzD1yL5NE,2026-10-01T08:05:08+00:00,prefill,7,,0.14,,487.43,0,1,512,17664
ap-6MVKRrBnozowbUzD1yL5NE,2026-10-01T08:05:08+00:00,decode,8,105680,0.14,506.3,,0,,,
ap-6MVKRrBnozowbUzD1yL5NE,2026-10-01T08:05:09+00:00,prefill,6,,0.11,,442.56,0,1,343,12416
ap-6MVKRrBnozowbUzD1yL5NE,2026-10-01T08:05:09+00:00,decode,7,69995,0.09,453.69,,0,,,
ap-6MVKRrBnozowbUzD1yL5NE,2026-10-01T08:05:09+00:00,prefill,6,,0.11,,339.16,0,1,127,8704
ap-6MVKRrBnozowbUzD1yL5NE,2026-10-01T08:05:10+00:00,prefill,7,,0.13,,3677.47,0,1,560,20096
ap-6MVKRrBnozowbUzD1yL5NE,2026-10-01T08:05:10+00:00,decode,7,89579,0.12,400.69,,0,,,
ap-6MVKRrBnozowbUzD1yL5NE,2026-10-01T08:05:10+00:00,decode,6,77707,0.1,476.72,,0,,,
ap-6MVKRrBnozowbUzD1yL5NE,2026-10-01T08:05:10+00:00,prefill,6,,0.11,,156.11,0,1,127,6272
ap-6MVKRrBnozowbUzD1yL5NE,2026-10-01T08:05:11+00:00,prefill,5,,0.09,,389.93,0,1,167,13056
ap-6MVKRrBnozowbUzD1yL5NE,2026-10-01T08:05:11+00:00,prefill,6,,0.12,,2172.93,0,1,365,22784
ap-6MVKRrBnozowbUzD1yL5NE,2026-10-01T08:05:11+00:00,decode,7,90408,0.12,355.91,,0,,,
ap-6MVKRrBnozowbUzD1yL5NE,2026-10-01T08:05:11+00:00,prefill,7,,0.14,,3076.68,0,1,274,17920
ap-6MVKRrBnozowbUzD1yL5NE,2026-10-01T08:05:11+00:00,prefill,7,,0.16,,4705.8,0,1,477,18944
ap-6MVKRrBnozowbUzD1yL5NE,2026-10-01T08:05:11+00:00,prefill,8,,0.18,,4160.03,0,1,225,15424
ap-6MVKRrBnozowbUzD1yL5NE,2026-10-01T08:05:11+00:00,prefill,9,,0.2,,5391.85,0,1,597,15872
ap-6MVKRrBnozowbUzD1yL5NE,2026-10-01T08:05:12+00:00,decode,8,115857,0.16,439.81,,0,,,
ap-6MVKRrBnozowbUzD1yL5NE,2026-10-01T08:05:12+00:00,decode,4,55074,0.07,459.47,,0,,,
ap-6MVKRrBnozowbUzD1yL5NE,2026-10-01T08:05:13+00:00,prefill,4,,0.1,,259.18,0,1,337,18176
ap-6MVKRrBnozowbUzD1yL5NE,2026-10-01T08:05:13+00:00,decode,4,54236,0.07,296.93,,0,,,
ap-6MVKRrBnozowbUzD1yL5NE,2026-10-01T08:05:13+00:00,decode,4,54396,0.07,305.46,,0,,,
ap-6MVKRrBnozowbUzD1yL5NE,2026-10-01T08:05:14+00:00,prefill,4,,0.08,,709.58,0,1,799,8768
ap-6MVKRrBnozowbUzD1yL5NE,2026-10-01T08:05:14+00:00,decode,4,45531,0.06,271.44,,0,,,
ap-6MVKRrBnozowbUzD1yL5NE,2026-10-01T08:05:14+00:00,prefill,4,,0.09,,497.72,0,1,321,20608
ap-6MVKRrBnozowbUzD1yL5NE,2026-10-01T08:05:15+00:00,prefill,5,,0.11,,3055.09,0,1,727,16448
ap-6MVKRrBnozowbUzD1yL5NE,2026-10-01T08:05:15+00:00,prefill,6,,0.13,,4216.85,0,1,239,13184
ap-6MVKRrBnozowbUzD1yL5NE,2026-10-01T08:05:15+00:00,decode,7,95192,0.13,283.65,,0,,,
ap-6MVKRrBnozowbUzD1yL5NE,2026-10-01T08:05:15+00:00,decode,5,58634,0.08,461.86,,0,,,
ap-6MVKRrBnozowbUzD1yL5NE,2026-10-01T08:05:15+00:00,prefill,5,,0.11,,588.66,0,1,443,23104
ap-6MVKRrBnozowbUzD1yL5NE,2026-10-01T08:05:15+00:00,prefill,6,,0.14,,5656.69,0,1,488,19392
ap-6MVKRrBnozowbUzD1yL5NE,2026-10-01T08:05:16+00:00,prefill,7,,0.16,,3140.19,0,1,326,18176
ap-6MVKRrBnozowbUzD1yL5NE,2026-10-01T08:05:16+00:00,prefill,8,,0.18,,7421.82,0,1,954,14080
ap-6MVKRrBnozowbUzD1yL5NE,2026-10-01T08:05:16+00:00,prefill,8,,0.17,,2380.43,0,1,950,9152
ap-6MVKRrBnozowbUzD1yL5NE,2026-10-01T08:05:16+00:00,decode,9,135565,0.18,336.23,,0,,,
ap-6MVKRrBnozowbUzD1yL5NE,2026-10-01T08:05:16+00:00,prefill,9,,0.18,,316.41,0,1,68,6400
ap-6MVKRrBnozowbUzD1yL5NE,2026-10-01T08:05:17+00:00,prefill,8,,0.14,,1090.53,0,1,351,12800
ap-6MVKRrBnozowbUzD1yL5NE,2026-10-01T08:05:17+00:00,decode,9,107631,0.14,564.3,,0,,,
ap-6MVKRrBnozowbUzD1yL5NE,2026-10-01T08:05:17+00:00,prefill,8,,0.16,,455.08,0,1,362,18496
ap-6MVKRrBnozowbUzD1yL5NE,2026-10-01T08:05:18+00:00,decode,9,120312,0.16,535.58,,0,,,
ap-6MVKRrBnozowbUzD1yL5NE,2026-10-01T08:05:18+00:00,decode,8,108109,0.15,589.81,,0,,,
ap-6MVKRrBnozowbUzD1yL5NE,2026-10-01T08:05:18+00:00,prefill,8,,0.16,,242.27,0,1,247,13376
ap-6MVKRrBnozowbUzD1yL5NE,2026-10-01T08:05:19+00:00,prefill,9,,0.19,,2334.46,0,1,668,17152
ap-6MVKRrBnozowbUzD1yL5NE,2026-10-01T08:05:19+00:00,prefill,10,,0.21,,2615.93,0,1,200,20928
ap-6MVKRrBnozowbUzD1yL5NE,2026-10-01T08:05:19+00:00,decode,8,120020,0.16,469.8,,0,,,
ap-6MVKRrBnozowbUzD1yL5NE,2026-10-01T08:05:19+00:00,prefill,8,,0.17,,268.95,0,1,105,7680
ap-6MVKRrBnozowbUzD1yL5NE,2026-10-01T08:05:20+00:00,decode,9,127466,0.17,537.15,,0,,,
ap-6MVKRrBnozowbUzD1yL5NE,2026-10-01T08:05:20+00:00,prefill,6,,0.14,,301.53,0,1,291,18496
ap-6MVKRrBnozowbUzD1yL5NE,2026-10-01T08:05:20+00:00,decode,7,128342,0.17,429.67,,0,,,
ap-6MVKRrBnozowbUzD1yL5NE,2026-10-01T08:05:20+00:00,prefill,7,,0.17,,2396.48,0,1,290,23552
ap-6MVKRrBnozowbUzD1yL5NE,2026-10-01T08:05:21+00:00,decode,5,59034,0.08,415.07,,0,,,
ap-6MVKRrBnozowbUzD1yL5NE,2026-10-01T08:05:21+00:00,decode,4,59194,0.08,303.19,,0,,,
ap-6MVKRrBnozowbUzD1yL5NE,2026-10-01T08:05:22+00:00,decode,3,39763,0.05,246.12,,0,,,
ap-6MVKRrBnozowbUzD1yL5NE,2026-10-01T08:05:22+00:00,prefill,3,,0.07,,127.5,0,1,255,13568
ap-6MVKRrBnozowbUzD1yL5NE,2026-10-01T08:05:22+00:00,prefill,4,,0.1,,1357.16,0,1,232,18944
ap-6MVKRrBnozowbUzD1yL5NE,2026-10-01T08:05:23+00:00,decode,5,71524,0.1,227.65,,0,,,
ap-6MVKRrBnozowbUzD1yL5NE,2026-10-01T08:05:23+00:00,prefill,5,,0.1,,392.11,0,1,91,6464
ap-6MVKRrBnozowbUzD1yL5NE,2026-10-01T08:05:23+00:00,decode,6,77622,0.1,385.12,,0,,,
ap-6MVKRrBnozowbUzD1yL5NE,2026-10-01T08:05:24+00:00,prefill,4,,0.11,,412.24,0,1,380,21120
ap-6MVKRrBnozowbUzD1yL5NE,2026-10-01T08:05:24+00:00,prefill,5,,0.12,,6699.03,0,1,522,13120
ap-6MVKRrBnozowbUzD1yL5NE,2026-10-01T08:05:24+00:00,prefill,6,,0.15,,7413.77,0,1,779,17792
ap-6MVKRrBnozowbUzD1yL5NE,2026-10-01T08:05:24+00:00,prefill,7,,0.16,,8954.62,0,1,1107,9216
ap-6MVKRrBnozowbUzD1yL5NE,2026-10-01T08:05:24+00:00,decode,8,119994,0.16,232.22,,0,,,
ap-6MVKRrBnozowbUzD1yL5NE,2026-10-01T08:05:25+00:00,prefill,8,,0.17,,598.01,0,1,346,10240
ap-6MVKRrBnozowbUzD1yL5NE,2026-10-01T08:05:25+00:00,prefill,9,,0.2,,3457.44,0,1,311,18752
ap-6MVKRrBnozowbUzD1yL5NE,2026-10-01T08:05:25+00:00,decode,9,130671,0.18,479.06,,0,,,
ap-6MVKRrBnozowbUzD1yL5NE,2026-10-01T08:05:25+00:00,prefill,9,,0.21,,2271.55,0,1,514,23808
ap-6MVKRrBnozowbUzD1yL5NE,2026-10-01T08:05:25+00:00,prefill,9,,0.21,,1641.78,0,1,454,20224
ap-6MVKRrBnozowbUzD1yL5NE,2026-10-01T08:05:25+00:00,decode,10,153815,0.21,508.68,,0,,,
ap-6MVKRrBnozowbUzD1yL5NE,2026-10-01T08:05:26+00:00,prefill,6,,0.13,,290.76,0,1,202,7744
ap-6MVKRrBnozowbUzD1yL5NE,2026-10-01T08:05:26+00:00,prefill,6,,0.12,,1399.4,0,1,199,13824
ap-6MVKRrBnozowbUzD1yL5NE,2026-10-01T08:05:26+00:00,decode,7,89555,0.12,434.64,,0,,,
ap-6MVKRrBnozowbUzD1yL5NE,2026-10-01T08:05:27+00:00,decode,6,82519,0.11,482.16,,0,,,
ap-6MVKRrBnozowbUzD1yL5NE,2026-10-01T08:05:27+00:00,decode,5,69335,0.09,403.22,,0,,,
ap-6MVKRrBnozowbUzD1yL5NE,2026-10-01T08:05:28+00:00,decode,4,50722,0.07,318.43,,0,,,
ap-6MVKRrBnozowbUzD1yL5NE,2026-10-01T08:05:28+00:00,prefill,4,,0.1,,132.63,0,1,290,24320
ap-6MVKRrBnozowbUzD1yL5NE,2026-10-01T08:05:28+00:00,prefill,5,,0.12,,5021.84,0,1,491,18560
ap-6MVKRrBnozowbUzD1yL5NE,2026-10-01T08:05:28+00:00,decode,5,77840,0.1,274.15,,0,,,
ap-6MVKRrBnozowbUzD1yL5NE,2026-10-01T08:05:29+00:00,prefill,5,,0.13,,1290.04,0,1,363,21504
ap-6MVKRrBnozowbUzD1yL5NE,2026-10-01T08:05:29+00:00,prefill,6,,0.15,,2072.43,0,1,114,11904
ap-6MVKRrBnozowbUzD1yL5NE,2026-10-01T08:05:29+00:00,prefill,6,,0.12,,201.66,0,1,82,6528
ap-6MVKRrBnozowbUzD1yL5NE,2026-10-01T08:05:29+00:00,decode,7,92567,0.12,372.82,,0,,,
ap-6MVKRrBnozowbUzD1yL5NE,2026-10-01T08:05:29+00:00,prefill,7,,0.15,,1673.12,0,1,335,19008
ap-6MVKRrBnozowbUzD1yL5NE,2026-10-01T08:05:30+00:00,prefill,8,,0.18,,466.91,0,1,178,20672
ap-6MVKRrBnozowbUzD1yL5NE,2026-10-01T08:05:30+00:00,prefill,9,,0.19,,2615.98,0,1,143,14080
ap-6MVKRrBnozowbUzD1yL5NE,2026-10-01T08:05:30+00:00,decode,9,124008,0.17,461.66,,0,,,
ap-6MVKRrBnozowbUzD1yL5NE,2026-10-01T08:05:30+00:00,decode,5,60920,0.08,461.57,,0,,,
ap-6MVKRrBnozowbUzD1yL5NE,2026-10-01T08:05:31+00:00,prefill,4,,0.09,,383.53,0,1,468,19456
ap-6MVKRrBnozowbUzD1yL5NE,2026-10-01T08:05:31+00:00,decode,5,66740,0.09,319.96,,0,,,
ap-6MVKRrBnozowbUzD1yL5NE,2026-10-01T08:05:31+00:00,decode,4,51603,0.07,319.66,,0,,,
ap-6MVKRrBnozowbUzD1yL5NE,2026-10-01T08:05:32+00:00,decode,4,51763,0.07,306.95,,0,,,
ap-6MVKRrBnozowbUzD1yL5NE,2026-10-01T08:05:33+00:00,prefill,4,,0.1,,422.81,0,1,728,24576
ap-6MVKRrBnozowbUzD1yL5NE,2026-10-01T08:05:33+00:00,prefill,5,,0.11,,6929.74,0,1,384,7936
ap-6MVKRrBnozowbUzD1yL5NE,2026-10-01T08:05:33+00:00,decode,6,84180,0.11,253.26,,0,,,
ap-6MVKRrBnozowbUzD1yL5NE,2026-10-01T08:05:33+00:00,prefill,6,,0.13,,1056.42,0,1,544,13632
ap-6MVKRrBnozowbUzD1yL5NE,2026-10-01T08:05:33+00:00,prefill,7,,0.15,,2142.05,0,1,215,14208
ap-6MVKRrBnozowbUzD1yL5NE,2026-10-01T08:05:33+00:00,prefill,7,,0.15,,3744.69,0,1,410,21824
ap-6MVKRrBnozowbUzD1yL5NE,2026-10-01T08:05:33+00:00,decode,8,127665,0.17,334.42,,0,,,
ap-6MVKRrBnozowbUzD1yL5NE,2026-10-01T08:05:33+00:00,prefill,8,,0.17,,6757.49,0,1,808,19008
ap-6MVKRrBnozowbUzD1yL5NE,2026-10-01T08:05:34+00:00,prefill,9,,0.2,,1972.39,0,1,760,20800
ap-6MVKRrBnozowbUzD1yL5NE,2026-10-01T08:05:34+00:00,prefill,10,,0.23,,6427.1,0,1,594,19328
ap-6MVKRrBnozowbUzD1yL5NE,2026-10-01T08:05:34+00:00,decode,11,168180,0.23,478.45,,0,,,
ap-6MVKRrBnozowbUzD1yL5NE,2026-10-01T08:05:35+00:00,decode,9,133173,0.18,626.84,,0,,,
ap-6MVKRrBnozowbUzD1yL5NE,2026-10-01T08:05:35+00:00,prefill,9,,0.19,,37.24,0,1,37,6656
ap-6MVKRrBnozowbUzD1yL5NE,2026-10-01T08:05:35+00:00,prefill,9,,0.18,,3125.28,0,1,859,15872
ap-6MVKRrBnozowbUzD1yL5NE,2026-10-01T08:05:35+00:00,prefill,9,,0.17,,1897.75,0,1,371,10240
ap-6MVKRrBnozowbUzD1yL5NE,2026-10-01T08:05:36+00:00,decode,10,120763,0.16,497.31,,0,,,
ap-6MVKRrBnozowbUzD1yL5NE,2026-10-01T08:05:36+00:00,decode,8,111145,0.15,590.74,,0,,,
ap-6MVKRrBnozowbUzD1yL5NE,2026-10-01T08:05:37+00:00,decode,6,76715,0.1,496.97,,0,,,
ap-6MVKRrBnozowbUzD1yL5NE,2026-10-01T08:05:37+00:00,prefill,6,,0.14,,400.5,0,1,634,25280
ap-6MVKRrBnozowbUzD1yL5NE,2026-10-01T08:05:37+00:00,prefill,7,,0.16,,1540.24,0,1,223,14400
ap-6MVKRrBnozowbUzD1yL5NE,2026-10-01T08:05:38+00:00,decode,8,116178,0.16,429.55,,0,,,
ap-6MVKRrBnozowbUzD1yL5NE,2026-10-01T08:05:38+00:00,prefill,7,,0.15,,270.61,0,1,174,22272
ap-6MVKRrBnozowbUzD1yL5NE,2026-10-01T08:05:38+00:00,decode,8,112979,0.15,494.37,,0,,,
ap-6MVKRrBnozowbUzD1yL5NE,2026-10-01T08:05:38+00:00,prefill,7,,0.16,,1244.3,0,1,738,19776
ap-6MVKRrBnozowbUzD1yL5NE,2026-10-01T08:05:38+00:00,prefill,8,,0.17,,4266.21,0,1,275,10560
ap-6MVKRrBnozowbUzD1yL5NE,2026-10-01T08:05:39+00:00,prefill,8,,0.17,,1069.87,0,1,530,19904
ap-6MVKRrBnozowbUzD1yL5NE,2026-10-01T08:05:39+00:00,decode,9,127218,0.17,412.03,,0,,,
ap-6MVKRrBnozowbUzD1yL5NE,2026-10-01T08:05:39+00:00,prefill,9,,0.2,,674.02,0,1,299,21504
ap-6MVKRrBnozowbUzD1yL5NE,2026-10-01T08:05:40+00:00,decode,8,109023,0.15,553.8,,0,,,
ap-6MVKRrBnozowbUzD1yL5NE,2026-10-01T08:05:40+00:00,decode,7,92994,0.12,524.67,,0,,,
ap-6MVKRrBnozowbUzD1yL5NE,2026-10-01T08:05:41+00:00,decode,6,86189,0.12,442.51,,0,,,
ap-6MVKRrBnozowbUzD1yL5NE,2026-10-01T08:05:41+00:00,prefill,6,,0.12,,162.11,0,1,231,14592
ap-6MVKRrBnozowbUzD1yL5NE,2026-10-01T08:05:41+00:00,prefill,7,,0.12,,445.66,0,1,150,6656
ap-6MVKRrBnozowbUzD1yL5NE,2026-10-01T08:05:41+00:00,prefill,8,,0.16,,1959.81,0,1,377,25856
ap-6MVKRrBnozowbUzD1yL5NE,2026-10-01T08:05:41+00:00,decode,9,118171,0.16,457.43,,0,,,
ap-6MVKRrBnozowbUzD1yL5NE,2026-10-01T08:05:42+00:00,prefill,6,,0.13,,317.85,0,1,232,22400
ap-6MVKRrBnozowbUzD1yL5NE,2026-10-01T08:05:42+00:00,decode,7,94488,0.13,515.07,,0,,,
ap-6MVKRrBnozowbUzD1yL5NE,2026-10-01T08:05:43+00:00,decode,7,94768,0.13,489.31,,0,,,
ap-6MVKRrBnozowbUzD1yL5NE,2026-10-01T08:05:43+00:00,prefill,7,,0.15,,1000.66,0,1,718,14336
ap-6MVKRrBnozowbUzD1yL5NE,2026-10-01T08:05:43+00:00,prefill,8,,0.17,,2220.0,0,1,517,20480
ap-6MVKRrBnozowbUzD1yL5NE,2026-10-01T08:05:43+00:00,prefill,9,,0.2,,5797.44,0,1,741,20416
ap-6MVKRrBnozowbUzD1yL5NE,2026-10-01T08:05:43+00:00,prefill,9,,0.2,,859.28,0,1,276,21760
ap-6MVKRrBnozowbUzD1yL5NE,2026-10-01T08:05:44+00:00,decode,10,149614,0.2,404.05,,0,,,
ap-6MVKRrBnozowbUzD1yL5NE,2026-10-01T08:05:44+00:00,prefill,10,,0.22,,716.02,0,1,491,16896
ap-6MVKRrBnozowbUzD1yL5NE,2026-10-01T08:05:44+00:00,decode,10,146340,0.2,582.26,,0,,,
ap-6MVKRrBnozowbUzD1yL5NE,2026-10-01T08:05:44+00:00,prefill,10,,0.22,,748.41,0,1,175,14848
ap-6MVKRrBnozowbUzD1yL5NE,2026-10-01T08:05:45+00:00,decode,11,161108,0.22,637.47,,0,,,
ap-6MVKRrBnozowbUzD1yL5NE,2026-10-01T08:05:46+00:00,decode,8,111142,0.15,613.0,,0,,,
ap-6MVKRrBnozowbUzD1yL5NE,2026-10-01T08:05:46+00:00,prefill,8,,0.18,,284.96,0,1,450,26176
ap-6MVKRrBnozowbUzD1yL5NE,2026-10-01T08:05:46+00:00,decode,9,137418,0.18,506.07,,0,,,
ap-6MVKRrBnozowbUzD1yL5NE,2026-10-01T08:05:47+00:00,prefill,8,,0.18,,305.73,0,1,270,22592
ap-6MVKRrBnozowbUzD1yL5NE,2026-10-01T08:05:47+00:00,decode,9,133956,0.18,530.64,,0,,,
ap-6MVKRrBnozowbUzD1yL5NE,2026-10-01T08:05:47+00:00,prefill,9,,0.19,,838.8,0,1,162,6784
ap-6MVKRrBnozowbUzD1yL5NE,2026-10-01T08:05:48+00:00,decode,9,123654,0.17,554.66,,0,,,
ap-6MVKRrBnozowbUzD1yL5NE,2026-10-01T08:05:48+00:00,prefill,9,,0.17,,733.99,0,1,391,20992
ap-6MVKRrBnozowbUzD1yL5NE,2026-10-01T08:05:48+00:00,prefill,8,,0.15,,629.08,0,1,247,14976
ap-6MVKRrBnozowbUzD1yL5NE,2026-10-01T08:05:48+00:00,decode,8,109989,0.15,516.18,,0,,,
ap-6MVKRrBnozowbUzD1yL5NE,2026-10-01T08:05:49+00:00,prefill,7,,0.15,,328.16,0,1,213,22016
ap-6MVKRrBnozowbUzD1yL5NE,2026-10-01T08:05:49+00:00,decode,8,111091,0.15,478.85,,0,,,
ap-6MVKRrBnozowbUzD1yL5NE,2026-10-01T08:05:49+00:00,decode,7,96780,0.13,510.22,,0,,,
ap-6MVKRrBnozowbUzD1yL5NE,2026-10-01T08:05:50+00:00,decode,6,86204,0.12,454.91,,0,,,
ap-6MVKRrBnozowbUzD1yL5NE,2026-10-01T08:05:50+00:00,prefill,5,,0.11,,162.28,0,1,241,21248
ap-6MVKRrBnozowbUzD1yL5NE,2026-10-01T08:05:50+00:00,prefill,6,,0.15,,2869.08,0,1,678,26624
ap-6MVKRrBnozowbUzD1yL5NE,2026-10-01T08:05:51+00:00,decode,7,112244,0.15,374.66,,0,,,
ap-6MVKRrBnozowbUzD1yL5NE,2026-10-01T08:05:51+00:00,decode,5,64966,0.09,414.89,,0,,,
ap-6MVKRrBnozowbUzD1yL5NE,2026-10-01T08:05:51+00:00,prefill,5,,0.11,,434.69,0,1,469,15104
ap-6MVKRrBnozowbUzD1yL5NE,2026-10-01T08:05:51+00:00,prefill,6,,0.14,,2778.15,0,1,236,22848
ap-6MVKRrBnozowbUzD1yL5NE,2026-10-01T08:05:52+00:00,prefill,7,,0.17,,5716.53,0,1,666,21376
ap-6MVKRrBnozowbUzD1yL5NE,2026-10-01T08:05:52+00:00,decode,8,123888,0.17,378.85,,0,,,
ap-6MVKRrBnozowbUzD1yL5NE,2026-10-01T08:05:53+00:00,prefill,6,,0.13,,750.46,0,1,786,17408
ap-6MVKRrBnozowbUzD1yL5NE,2026-10-01T08:05:53+00:00,decode,7,119645,0.16,392.02,,0,,,
ap-6MVKRrBnozowbUzD1yL5NE,2026-10-01T08:05:53+00:00,prefill,7,,0.16,,3892.88,0,1,239,22272
ap-6MVKRrBnozowbUzD1yL5NE,2026-10-01T08:05:53+00:00,prefill,8,,0.17,,1703.63,0,1,669,6912
ap-6MVKRrBnozowbUzD1yL5NE,2026-10-01T08:05:53+00:00,decode,9,126886,0.17,499.44,,0,,,
ap-6MVKRrBnozowbUzD1yL5NE,2026-10-01T08:05:54+00:00,decode,9,127246,0.17,588.86,,0,,,
ap-6MVKRrBnozowbUzD1yL5NE,2026-10-01T08:05:55+00:00,decode,6,83593,0.11,469.45,,0,,,
ap-6MVKRrBnozowbUzD1yL5NE,2026-10-01T08:05:55+00:00,prefill,6,,0.14,,84.42,0,1,140,21504
ap-6MVKRrBnozowbUzD1yL5NE,2026-10-01T08:05:55+00:00,prefill,7,,0.18,,1718.8,0,1,220,27264
ap-6MVKRrBnozowbUzD1yL5NE,2026-10-01T08:05:55+00:00,decode,8,131641,0.18,433.63,,0,,,
ap-6MVKRrBnozowbUzD1yL5NE,2026-10-01T08:05:56+00:00,prefill,7,,0.18,,518.24,0,1,328,22016
ap-6MVKRrBnozowbUzD1yL5NE,2026-10-01T08:05:56+00:00,decode,6,88047,0.12,465.81,,0,,,
ap-6MVKRrBnozowbUzD1yL5NE,2026-10-01T08:05:56+00:00,prefill,6,,0.15,,627.35,0,1,260,23040
ap-6MVKRrBnozowbUzD1yL5NE,2026-10-01T08:05:57+00:00,decode,6,101861,0.14,439.68,,0,,,
ap-6MVKRrBnozowbUzD1yL5NE,2026-10-01T08:05:57+00:00,decode,5,79411,0.11,390.12,,0,,,
ap-6MVKRrBnozowbUzD1yL5NE,2026-10-01T08:05:58+00:00,decode,5,79611,0.11,361.12,,0,,,
ap-6MVKRrBnozowbUzD1yL5NE,2026-10-01T08:05:58+00:00,prefill,5,,0.14,,136.21,0,1,259,22528
ap-6MVKRrBnozowbUzD1yL5NE,2026-10-01T08:05:58+00:00,decode,6,101940,0.14,371.27,,0,,,
ap-6MVKRrBnozowbUzD1yL5NE,2026-10-01T08:05:59+00:00,decode,6,102180,0.14,416.46,,0,,,
ap-6MVKRrBnozowbUzD1yL5NE,2026-10-01T08:05:59+00:00,prefill,5,,0.15,,133.52,0,1,205,21632
ap-6MVKRrBnozowbUzD1yL5NE,2026-10-01T08:05:59+00:00,prefill,6,,0.15,,27213.55,0,1,601,7552
ap-6MVKRrBnozowbUzD1yL5NE,2026-10-01T08:06:00+00:00,prefill,7,,0.18,,2059.01,0,1,275,27456
ap-6MVKRrBnozowbUzD1yL5NE,2026-10-01T08:06:00+00:00,decode,8,135889,0.18,331.55,,0,,,
ap-6MVKRrBnozowbUzD1yL5NE,2026-10-01T08:06:00+00:00,decode,7,115011,0.15,514.64,,0,,,
ap-6MVKRrBnozowbUzD1yL5NE,2026-10-01T08:06:00+00:00,prefill,7,,0.19,,278.02,0,1,234,23296
ap-6MVKRrBnozowbUzD1yL5NE,2026-10-01T08:06:01+00:00,decode,6,102836,0.14,434.69,,0,,,
ap-6MVKRrBnozowbUzD1yL5NE,2026-10-01T08:06:01+00:00,decode,4,53001,0.07,330.31,,0,,,
ap-6MVKRrBnozowbUzD1yL5NE,2026-10-01T08:06:02+00:00,prefill,4,,0.09,,496.21,0,1,677,15616
ap-6MVKRrBnozowbUzD1yL5NE,2026-10-01T08:06:02+00:00,decode,5,68780,0.09,286.15,,0,,,
ap-6MVKRrBnozowbUzD1yL5NE,2026-10-01T08:06:02+00:00,decode,5,68980,0.09,366.51,,0,,,
ap-6MVKRrBnozowbUzD1yL5NE,2026-10-01T08:06:03+00:00,prefill,5,,0.12,,738.64,0,1,806,18176
ap-6MVKRrBnozowbUzD1yL5NE,2026-10-01T08:06:03+00:00,prefill,6,,0.15,,4741.58,0,1,279,22784
ap-6MVKRrBnozowbUzD1yL5NE,2026-10-01T08:06:03+00:00,prefill,7,,0.16,,1744.4,0,1,504,11968
ap-6MVKRrBnozowbUzD1yL5NE,2026-10-01T08:06:03+00:00,decode,8,121680,0.16,321.73,,0,,,
ap-6MVKRrBnozowbUzD1yL5NE,2026-10-01T08:06:04+00:00,prefill,8,,0.19,,503.5,0,1,210,21824
ap-6MVKRrBnozowbUzD1yL5NE,2026-10-01T08:06:04+00:00,prefill,9,,0.22,,4588.72,0,1,779,22528
ap-6MVKRrBnozowbUzD1yL5NE,2026-10-01T08:06:04+00:00,decode,9,150264,0.2,456.11,,0,,,
ap-6MVKRrBnozowbUzD1yL5NE,2026-10-01T08:06:04+00:00,prefill,8,,0.19,,159.39,0,1,72,2240
ap-6MVKRrBnozowbUzD1yL5NE,2026-10-01T08:06:05+00:00,decode,6,76862,0.1,502.63,,0,,,
ap-6MVKRrBnozowbUzD1yL5NE,2026-10-01T08:06:05+00:00,prefill,6,,0.13,,811.18,0,1,418,23552
ap-6MVKRrBnozowbUzD1yL5NE,2026-10-01T08:06:05+00:00,prefill,6,,0.17,,4130.19,0,1,707,27712
ap-6MVKRrBnozowbUzD1yL5NE,2026-10-01T08:06:05+00:00,decode,7,126490,0.17,369.93,,0,,,
ap-6MVKRrBnozowbUzD1yL5NE,2026-10-01T08:06:06+00:00,decode,4,54121,0.07,359.57,,0,,,
ap-6MVKRrBnozowbUzD1yL5NE,2026-10-01T08:06:06+00:00,decode,4,54281,0.07,304.18,,0,,,
ap-6MVKRrBnozowbUzD1yL5NE,2026-10-01T08:06:07+00:00,prefill,4,,0.09,,399.61,0,1,670,12416
ap-6MVKRrBnozowbUzD1yL5NE,2026-10-01T08:06:07+00:00,decode,4,58922,0.08,302.64,,0,,,
ap-6MVKRrBnozowbUzD1yL5NE,2026-10-01T08:06:08+00:00,decode,3,46607,0.06,265.63,,0,,,
ap-6MVKRrBnozowbUzD1yL5NE,2026-10-01T08:06:08+00:00,prefill,3,,0.09,,406.66,0,1,494,23296
ap-6MVKRrBnozowbUzD1yL5NE,2026-10-01T08:06:08+00:00,prefill,4,,0.12,,714.22,0,1,243,22016
ap-6MVKRrBnozowbUzD1yL5NE,2026-10-01T08:06:08+00:00,prefill,5,,0.15,,2964.99,0,1,299,23040
ap-6MVKRrBnozowbUzD1yL5NE,2026-10-01T08:06:08+00:00,decode,6,114092,0.15,226.67,,0,,,
ap-6MVKRrBnozowbUzD1yL5NE,2026-10-01T08:06:09+00:00,decode,6,114332,0.15,408.75,,0,,,
ap-6MVKRrBnozowbUzD1yL5NE,2026-10-01T08:06:09+00:00,prefill,6,,0.16,,658.7,0,1,654,23936
ap-6MVKRrBnozowbUzD1yL5NE,2026-10-01T08:06:09+00:00,prefill,6,,0.19,,4048.98,0,1,549,28416
ap-6MVKRrBnozowbUzD1yL5NE,2026-10-01T08:06:10+00:00,decode,7,121918,0.16,336.68,,0,,,
ap-6MVKRrBnozowbUzD1yL5NE,2026-10-01T08:06:10+00:00,prefill,6,,0.15,,1419.61,0,1,682,13056
ap-6MVKRrBnozowbUzD1yL5NE,2026-10-01T08:06:10+00:00,prefill,6,,0.17,,3079.53,0,1,775,16384
ap-6MVKRrBnozowbUzD1yL5NE,2026-10-01T08:06:10+00:00,decode,5,76657,0.1,307.95,,0,,,
ap-6MVKRrBnozowbUzD1yL5NE,2026-10-01T08:06:11+00:00,prefill,5,,0.13,,616.22,0,1,438,18944
ap-6MVKRrBnozowbUzD1yL5NE,2026-10-01T08:06:11+00:00,decode,6,95560,0.13,342.46,,0,,,
ap-6MVKRrBnozowbUzD1yL5NE,2026-10-01T08:06:12+00:00,decode,5,82639,0.11,372.86,,0,,,
ap-6MVKRrBnozowbUzD1yL5NE,2026-10-01T08:06:12+00:00,decode,5,82839,0.11,358.43,,0,,,
ap-6MVKRrBnozowbUzD1yL5NE,2026-10-01T08:06:12+00:00,prefill,5,,0.12,,355.43,0,1,482,8128
ap-6MVKRrBnozowbUzD1yL5NE,2026-10-01T08:06:13+00:00,prefill,6,,0.15,,1428.95,0,1,727,23296
ap-6MVKRrBnozowbUzD1yL5NE,2026-10-01T08:06:13+00:00,prefill,7,,0.18,,2252.19,0,1,263,22272
ap-6MVKRrBnozowbUzD1yL5NE,2026-10-01T08:06:13+00:00,decode,8,136198,0.18,331.99,,0,,,
ap-6MVKRrBnozowbUzD1yL5NE,2026-10-01T08:06:13+00:00,prefill,8,,0.21,,2179.71,0,1,302,23808
ap-6MVKRrBnozowbUzD1yL5NE,2026-10-01T08:06:13+00:00,decode,7,124426,0.17,484.59,,0,,,
ap-6MVKRrBnozowbUzD1yL5NE,2026-10-01T08:06:14+00:00,prefill,6,,0.16,,612.24,0,1,437,13696
ap-6MVKRrBnozowbUzD1yL5NE,2026-10-01T08:06:14+00:00,prefill,7,,0.19,,3486.06,0,1,527,28928
ap-6MVKRrBnozowbUzD1yL5NE,2026-10-01T08:06:14+00:00,prefill,8,,0.23,,2831.02,0,1,715,24576
ap-6MVKRrBnozowbUzD1yL5NE,2026-10-01T08:06:14+00:00,decode,8,161631,0.22,375.51,,0,,,
ap-6MVKRrBnozowbUzD1yL5NE,2026-10-01T08:06:15+00:00,decode,4,61448,0.08,397.65,,0,,,
ap-6MVKRrBnozowbUzD1yL5NE,2026-10-01T08:06:15+00:00,prefill,4,,0.1,,240.66,0,1,288,15616
ap-6MVKRrBnozowbUzD1yL5NE,2026-10-01T08:06:15+00:00,decode,4,63283,0.08,296.82,,0,,,
ap-6MVKRrBnozowbUzD1yL5NE,2026-10-01T08:06:16+00:00,prefill,4,,0.09,,99.84,0,1,56,2304
ap-6MVKRrBnozowbUzD1yL5NE,2026-10-01T08:06:16+00:00,decode,4,49860,0.07,304.38,,0,,,
ap-6MVKRrBnozowbUzD1yL5NE,2026-10-01T08:06:17+00:00,decode,3,48287,0.06,254.22,,0,,,
ap-6MVKRrBnozowbUzD1yL5NE,2026-10-01T08:06:17+00:00,prefill,2,,0.07,,204.16,0,1,248,24064
ap-6MVKRrBnozowbUzD1yL5NE,2026-10-01T08:06:17+00:00,prefill,3,,0.1,,4259.18,0,1,666,24064
ap-6MVKRrBnozowbUzD1yL5NE,2026-10-01T08:06:17+00:00,decode,4,74153,0.1,150.92,,0,,,
ap-6MVKRrBnozowbUzD1yL5NE,2026-10-01T08:06:17+00:00,prefill,4,,0.13,,753.4,0,1,155,22528
ap-6MVKRrBnozowbUzD1yL5NE,2026-10-01T08:06:17+00:00,prefill,5,,0.15,,4437.57,0,1,437,19456
ap-6MVKRrBnozowbUzD1yL5NE,2026-10-01T08:06:18+00:00,prefill,6,,0.17,,1284.18,0,1,469,14080
ap-6MVKRrBnozowbUzD1yL5NE,2026-10-01T08:06:18+00:00,decode,7,129441,0.17,304.16,,0,,,
ap-6MVKRrBnozowbUzD1yL5NE,2026-10-01T08:06:18+00:00,prefill,7,,0.18,,1327.8,0,1,399,29440
ap-6MVKRrBnozowbUzD1yL5NE,2026-10-01T08:06:18+00:00,prefill,7,,0.22,,2683.06,0,1,458,25280
ap-6MVKRrBnozowbUzD1yL5NE,2026-10-01T08:06:19+00:00,decode,7,142637,0.19,403.48,,0,,,
ap-6MVKRrBnozowbUzD1yL5NE,2026-10-01T08:06:19+00:00,decode,5,75503,0.1,391.22,,0,,,
ap-6MVKRrBnozowbUzD1yL5NE,2026-10-01T08:06:20+00:00,decode,1,24481,0.03,187.08,,0,,,
ap-6MVKRrBnozowbUzD1yL5NE,2026-10-01T08:06:20+00:00,prefill,1,,0.04,,138.56,0,1,210,8704
ap-6MVKRrBnozowbUzD1yL5NE,2026-10-01T08:06:20+00:00,prefill,1,,0.02,,917.37,0,1,115,9536
ap-6MVKRrBnozowbUzD1yL5NE,2026-10-01T08:06:20+00:00,decode,2,17951,0.02,135.8,,0,,,
ap-6MVKRrBnozowbUzD1yL5NE,2026-10-01T08:06:20+00:00,prefill,2,,0.05,,1674.8,0,1,864,17152
ap-6MVKRrBnozowbUzD1yL5NE,2026-10-01T08:06:21+00:00,prefill,2,,0.07,,2053.41,0,1,429,22528
ap-6MVKRrBnozowbUzD1yL5NE,2026-10-01T08:06:21+00:00,prefill,3,,0.09,,1196.57,0,1,284,19840
ap-6MVKRrBnozowbUzD1yL5NE,2026-10-01T08:06:21+00:00,decode,4,68827,0.09,177.25,,0,,,
ap-6MVKRrBnozowbUzD1yL5NE,2026-10-01T08:06:22+00:00,decode,3,51584,0.07,258.05,,0,,,
ap-6MVKRrBnozowbUzD1yL5NE,2026-10-01T08:06:22+00:00,prefill,3,,0.09,,517.0,0,1,465,14592
ap-6MVKRrBnozowbUzD1yL5NE,2026-10-01T08:06:22+00:00,prefill,4,,0.13,,1254.89,0,1,220,22656
ap-6MVKRrBnozowbUzD1yL5NE,2026-10-01T08:06:22+00:00,prefill,5,,0.13,,20406.29,0,1,652,11520
ap-6MVKRrBnozowbUzD1yL5NE,2026-10-01T08:06:22+00:00,decode,6,99812,0.13,255.72,,0,,,
ap-6MVKRrBnozowbUzD1yL5NE,2026-10-01T08:06:23+00:00,prefill,6,,0.17,,740.31,0,1,356,24320
ap-6MVKRrBnozowbUzD1yL5NE,2026-10-01T08:06:23+00:00,prefill,7,,0.21,,3164.26,0,1,654,29824
ap-6MVKRrBnozowbUzD1yL5NE,2026-10-01T08:06:23+00:00,prefill,8,,0.21,,2962.41,0,1,219,25728
ap-6MVKRrBnozowbUzD1yL5NE,2026-10-01T08:06:23+00:00,prefill,8,,0.26,,3303.12,0,1,711,24832
ap-6MVKRrBnozowbUzD1yL5NE,2026-10-01T08:06:23+00:00,prefill,9,,0.26,,13905.82,0,1,1289,9280
ap-6MVKRrBnozowbUzD1yL5NE,2026-10-01T08:06:23+00:00,decode,10,191677,0.26,311.94,,0,,,
ap-6MVKRrBnozowbUzD1yL5NE,2026-10-01T08:06:24+00:00,decode,7,123688,0.17,529.48,,0,,,
ap-6MVKRrBnozowbUzD1yL5NE,2026-10-01T08:06:25+00:00,decode,6,98611,0.13,419.22,,0,,,
ap-6MVKRrBnozowbUzD1yL5NE,2026-10-01T08:06:25+00:00,decode,4,51329,0.07,368.54,,0,,,
ap-6MVKRrBnozowbUzD1yL5NE,2026-10-01T08:06:25+00:00,prefill,4,,0.08,,145.08,0,1,331,8960
ap-6MVKRrBnozowbUzD1yL5NE,2026-10-01T08:06:26+00:00,decode,5,60114,0.08,313.64,,0,,,
ap-6MVKRrBnozowbUzD1yL5NE,2026-10-01T08:06:26+00:00,prefill,5,,0.1,,795.9,0,1,427,15104
ap-6MVKRrBnozowbUzD1yL5NE,2026-10-01T08:06:26+00:00,decode,5,55417,0.07,343.58,,0,,,
ap-6MVKRrBnozowbUzD1yL5NE,2026-10-01T08:06:26+00:00,prefill,5,,0.11,,487.05,0,1,199,24640
ap-6MVKRrBnozowbUzD1yL5NE,2026-10-01T08:06:27+00:00,prefill,6,,0.14,,1007.04,0,1,225,22848
ap-6MVKRrBnozowbUzD1yL5NE,2026-10-01T08:06:27+00:00,decode,5,78604,0.11,371.01,,0,,,
ap-6MVKRrBnozowbUzD1yL5NE,2026-10-01T08:06:27+00:00,prefill,5,,0.13,,1181.7,0,1,690,17984
ap-6MVKRrBnozowbUzD1yL5NE,2026-10-01T08:06:27+00:00,prefill,6,,0.13,,1867.26,0,1,104,2304
ap-6MVKRrBnozowbUzD1yL5NE,2026-10-01T08:06:28+00:00,prefill,7,,0.17,,1354.09,0,1,431,30464
ap-6MVKRrBnozowbUzD1yL5NE,2026-10-01T08:06:28+00:00,decode,8,128785,0.17,351.32,,0,,,
ap-6MVKRrBnozowbUzD1yL5NE,2026-10-01T08:06:28+00:00,prefill,7,,0.2,,1527.47,0,1,467,25920
ap-6MVKRrBnozowbUzD1yL5NE,2026-10-01T08:06:28+00:00,prefill,5,,0.14,,1061.26,0,1,485,25600
ap-6MVKRrBnozowbUzD1yL5NE,2026-10-01T08:06:28+00:00,decode,6,105870,0.14,379.04,,0,,,
ap-6MVKRrBnozowbUzD1yL5NE,2026-10-01T08:06:29+00:00,prefill,6,,0.14,,2310.25,0,1,640,23040
ap-6MVKRrBnozowbUzD1yL5NE,2026-10-01T08:06:29+00:00,decode,5,93107,0.12,329.56,,0,,,
ap-6MVKRrBnozowbUzD1yL5NE,2026-10-01T08:06:29+00:00,prefill,5,,0.15,,624.84,0,1,423,15488
ap-6MVKRrBnozowbUzD1yL5NE,2026-10-01T08:06:30+00:00,prefill,4,,0.09,,1177.73,0,1,341,10560
ap-6MVKRrBnozowbUzD1yL5NE,2026-10-01T08:06:30+00:00,decode,5,70731,0.09,303.25,,0,,,
ap-6MVKRrBnozowbUzD1yL5NE,2026-10-01T08:06:30+00:00,decode,4,55637,0.07,352.73,,0,,,
ap-6MVKRrBnozowbUzD1yL5NE,2026-10-01T08:06:31+00:00,decode,4,55797,0.07,303.55,,0,,,
ap-6MVKRrBnozowbUzD1yL5NE,2026-10-01T08:06:31+00:00,prefill,4,,0.11,,546.21,0,1,901,20224
ap-6MVKRrBnozowbUzD1yL5NE,2026-10-01T08:06:31+00:00,prefill,5,,0.13,,8102.63,0,1,399,8320
ap-6MVKRrBnozowbUzD1yL5NE,2026-10-01T08:06:31+00:00,prefill,6,,0.13,,27718.45,0,1,247,9280
ap-6MVKRrBnozowbUzD1yL5NE,2026-10-01T08:06:31+00:00,decode,7,93325,0.13,287.41,,0,,,
ap-6MVKRrBnozowbUzD1yL5NE,2026-10-01T08:06:32+00:00,prefill,7,,0.16,,873.48,0,1,288,24832
ap-6MVKRrBnozowbUzD1yL5NE,2026-10-01T08:06:32+00:00,prefill,8,,0.2,,1440.76,0,1,520,30848
ap-6MVKRrBnozowbUzD1yL5NE,2026-10-01T08:06:32+00:00,prefill,9,,0.23,,4866.65,0,1,302,23040
ap-6MVKRrBnozowbUzD1yL5NE,2026-10-01T08:06:32+00:00,prefill,10,,0.26,,3217.12,0,1,473,26368
ap-6MVKRrBnozowbUzD1yL5NE,2026-10-01T08:06:32+00:00,prefill,11,,0.28,,7427.46,0,1,588,10752
ap-6MVKRrBnozowbUzD1yL5NE,2026-10-01T08:06:32+00:00,decode,11,200196,0.27,405.73,,0,,,
ap-6MVKRrBnozowbUzD1yL5NE,2026-10-01T08:06:33+00:00,prefill,11,,0.3,,2164.21,0,1,701,26112
ap-6MVKRrBnozowbUzD1yL5NE,2026-10-01T08:06:33+00:00,prefill,12,,0.29,,4876.08,0,1,294,15872
ap-6MVKRrBnozowbUzD1yL5NE,2026-10-01T08:06:33+00:00,decode,10,153716,0.21,557.21,,0,,,
ap-6MVKRrBnozowbUzD1yL5NE,2026-10-01T08:06:34+00:00,prefill,7,,0.16,,321.52,0,1,409,18688
ap-6MVKRrBnozowbUzD1yL5NE,2026-10-01T08:06:34+00:00,decode,7,121908,0.16,475.32,,0,,,
ap-6MVKRrBnozowbUzD1yL5NE,2026-10-01T08:06:34+00:00,decode,5,89344,0.12,377.68,,0,,,
ap-6MVKRrBnozowbUzD1yL5NE,2026-10-01T08:06:35+00:00,decode,3,63219,0.08,253.92,,0,,,
ap-6MVKRrBnozowbUzD1yL5NE,2026-10-01T08:06:36+00:00,decode,2,42645,0.06,201.73,,0,,,
ap-6MVKRrBnozowbUzD1yL5NE,2026-10-01T08:06:36+00:00,prefill,1,,0.07,,143.35,0,1,313,25088
ap-6MVKRrBnozowbUzD1yL5NE,2026-10-01T08:06:36+00:00,decode,2,48872,0.07,98.1,,0,,,
ap-6MVKRrBnozowbUzD1yL5NE,2026-10-01T08:06:36+00:00,prefill,2,,0.09,,3809.12,0,1,389,16128
ap-6MVKRrBnozowbUzD1yL5NE,2026-10-01T08:06:37+00:00,prefill,3,,0.13,,1128.51,0,1,569,31360
ap-6MVKRrBnozowbUzD1yL5NE,2026-10-01T08:06:37+00:00,prefill,4,,0.16,,5130.55,0,1,607,26880
ap-6MVKRrBnozowbUzD1yL5NE,2026-10-01T08:06:37+00:00,decode,5,122875,0.16,174.45,,0,,,
ap-6MVKRrBnozowbUzD1yL5NE,2026-10-01T08:06:37+00:00,prefill,5,,0.18,,2300.76,0,1,329,11328
ap-6MVKRrBnozowbUzD1yL5NE,2026-10-01T08:06:37+00:00,prefill,6,,0.19,,3351.78,0,1,929,10240
ap-6MVKRrBnozowbUzD1yL5NE,2026-10-01T08:06:37+00:00,prefill,6,,0.14,,1193.04,0,1,360,8704
ap-6MVKRrBnozowbUzD1yL5NE,2026-10-01T08:06:38+00:00,decode,6,78932,0.11,313.69,,0,,,
ap-6MVKRrBnozowbUzD1yL5NE,2026-10-01T08:06:38+00:00,prefill,3,,0.09,,1034.1,0,1,614,26880
ap-6MVKRrBnozowbUzD1yL5NE,2026-10-01T08:06:38+00:00,decode,4,70063,0.09,269.8,,0,,,
ap-6MVKRrBnozowbUzD1yL5NE,2026-10-01T08:06:39+00:00,prefill,3,,0.1,,526.52,0,1,288,9472
ap-6MVKRrBnozowbUzD1yL5NE,2026-10-01T08:06:39+00:00,prefill,4,,0.1,,9895.72,0,1,88,2368
ap-6MVKRrBnozowbUzD1yL5NE,2026-10-01T08:06:39+00:00,decode,5,72631,0.1,250.43,,0,,,
ap-6MVKRrBnozowbUzD1yL5NE,2026-10-01T08:06:39+00:00,prefill,5,,0.11,,1120.87,0,1,531,11008
ap-6MVKRrBnozowbUzD1yL5NE,2026-10-01T08:06:39+00:00,decode,5,81884,0.11,323.91,,0,,,
ap-6MVKRrBnozowbUzD1yL5NE,2026-10-01T08:06:40+00:00,prefill,4,,0.1,,319.78,0,1,217,16512
ap-6MVKRrBnozowbUzD1yL5NE,2026-10-01T08:06:40+00:00,decode,4,62040,0.08,299.52,,0,,,
ap-6MVKRrBnozowbUzD1yL5NE,2026-10-01T08:06:41+00:00,prefill,3,,0.1,,725.7,0,1,550,21248
ap-6MVKRrBnozowbUzD1yL5NE,2026-10-01T08:06:41+00:00,decode,4,72611,0.1,236.15,,0,,,
ap-6MVKRrBnozowbUzD1yL5NE,2026-10-01T08:06:41+00:00,prefill,3,,0.12,,627.74,0,1,376,31872
ap-6MVKRrBnozowbUzD1yL5NE,2026-10-01T08:06:41+00:00,prefill,4,,0.15,,3818.55,0,1,551,27456
ap-6MVKRrBnozowbUzD1yL5NE,2026-10-01T08:06:41+00:00,decode,5,115517,0.15,214.93,,0,,,
ap-6MVKRrBnozowbUzD1yL5NE,2026-10-01T08:06:41+00:00,prefill,5,,0.19,,2815.67,0,1,338,25344
ap-6MVKRrBnozowbUzD1yL5NE,2026-10-01T08:06:42+00:00,prefill,6,,0.2,,1048.5,0,1,171,11648
ap-6MVKRrBnozowbUzD1yL5NE,2026-10-01T08:06:42+00:00,decode,4,98103,0.13,344.64,,0,,,
ap-6MVKRrBnozowbUzD1yL5NE,2026-10-01T08:06:42+00:00,prefill,4,,0.16,,701.07,0,1,367,19200
ap-6MVKRrBnozowbUzD1yL5NE,2026-10-01T08:06:43+00:00,decode,5,117176,0.16,311.59,,0,,,
ap-6MVKRrBnozowbUzD1yL5NE,2026-10-01T08:06:43+00:00,prefill,3,,0.13,,988.67,0,1,815,27456
ap-6MVKRrBnozowbUzD1yL5NE,2026-10-01T08:06:43+00:00,prefill,2,,0.09,,1066.64,0,1,385,16704
ap-6MVKRrBnozowbUzD1yL5NE,2026-10-01T08:06:43+00:00,prefill,3,,0.11,,7835.61,0,1,670,11136
ap-6MVKRrBnozowbUzD1yL5NE,2026-10-01T08:06:43+00:00,decode,4,79728,0.11,153.35,,0,,,
ap-6MVKRrBnozowbUzD1yL5NE,2026-10-01T08:06:44+00:00,prefill,4,,0.12,,542.72,0,1,289,9024
ap-6MVKRrBnozowbUzD1yL5NE,2026-10-01T08:06:44+00:00,decode,5,88520,0.12,280.18,,0,,,
ap-6MVKRrBnozowbUzD1yL5NE,2026-10-01T08:06:44+00:00,decode,3,44545,0.06,278.93,,0,,,
ap-6MVKRrBnozowbUzD1yL5NE,2026-10-01T08:06:45+00:00,prefill,2,,0.06,,329.95,0,1,265,9728
ap-6MVKRrBnozowbUzD1yL5NE,2026-10-01T08:06:45+00:00,prefill,3,,0.09,,1873.04,0,1,299,21760
ap-6MVKRrBnozowbUzD1yL5NE,2026-10-01T08:06:45+00:00,decode,4,66676,0.09,216.32,,0,,,
ap-6MVKRrBnozowbUzD1yL5NE,2026-10-01T08:06:45+00:00,prefill,4,,0.11,,803.49,0,1,483,11776
ap-6MVKRrBnozowbUzD1yL5NE,2026-10-01T08:06:46+00:00,prefill,5,,0.15,,2117.17,0,1,419,32256
ap-6MVKRrBnozowbUzD1yL5NE,2026-10-01T08:06:46+00:00,decode,6,110422,0.15,278.62,,0,,,
ap-6MVKRrBnozowbUzD1yL5NE,2026-10-01T08:06:46+00:00,decode,4,69212,0.09,361.44,,0,,,
ap-6MVKRrBnozowbUzD1yL5NE,2026-10-01T08:06:46+00:00,prefill,4,,0.13,,414.47,0,1,321,27968
ap-6MVKRrBnozowbUzD1yL5NE,2026-10-01T08:06:47+00:00,prefill,5,,0.16,,1710.29,0,1,299,25664
ap-6MVKRrBnozowbUzD1yL5NE,2026-10-01T08:06:47+00:00,prefill,6,,0.19,,993.92,0,1,157,17152
ap-6MVKRrBnozowbUzD1yL5NE,2026-10-01T08:06:47+00:00,decode,7,138954,0.19,333.61,,0,,,
ap-6MVKRrBnozowbUzD1yL5NE,2026-10-01T08:06:47+00:00,prefill,6,,0.19,,930.88,0,1,609,28224
ap-6MVKRrBnozowbUzD1yL5NE,2026-10-01T08:06:48+00:00,prefill,7,,0.2,,4768.34,0,1,701,11520
ap-6MVKRrBnozowbUzD1yL5NE,2026-10-01T08:06:48+00:00,decode,8,151276,0.2,384.61,,0,,,
ap-6MVKRrBnozowbUzD1yL5NE,2026-10-01T08:06:48+00:00,decode,6,109490,0.15,466.11,,0,,,
ap-6MVKRrBnozowbUzD1yL5NE,2026-10-01T08:06:49+00:00,prefill,4,,0.14,,447.5,0,1,593,19520
ap-6MVKRrBnozowbUzD1yL5NE,2026-10-01T08:06:49+00:00,decode,4,77808,0.1,299.99,,0,,,
ap-6MVKRrBnozowbUzD1yL5NE,2026-10-01T08:06:50+00:00,decode,3,53663,0.07,272.66,,0,,,
ap-6MVKRrBnozowbUzD1yL5NE,2026-10-01T08:06:50+00:00,prefill,3,,0.12,,387.38,0,1,391,32640
ap-6MVKRrBnozowbUzD1yL5NE,2026-10-01T08:06:50+00:00,prefill,4,,0.12,,402.6,0,1,72,2432
ap-6MVKRrBnozowbUzD1yL5NE,2026-10-01T08:06:50+00:00,decode,5,87978,0.12,237.81,,0,,,
ap-6MVKRrBnozowbUzD1yL5NE,2026-10-01T08:06:50+00:00,prefill,5,,0.13,,1256.43,0,1,487,9280
ap-6MVKRrBnozowbUzD1yL5NE,2026-10-01T08:06:51+00:00,prefill,6,,0.15,,4780.75,0,1,533,17280
ap-6MVKRrBnozowbUzD1yL5NE,2026-10-01T08:06:51+00:00,prefill,5,,0.14,,1853.72,0,1,324,25920
ap-6MVKRrBnozowbUzD1yL5NE,2026-10-01T08:06:51+00:00,decode,6,105735,0.14,304.1,,0,,,
ap-6MVKRrBnozowbUzD1yL5NE,2026-10-01T08:06:51+00:00,prefill,6,,0.18,,1406.33,0,1,575,28288
ap-6MVKRrBnozowbUzD1yL5NE,2026-10-01T08:06:51+00:00,prefill,7,,0.19,,3228.35,0,1,808,9984
ap-6MVKRrBnozowbUzD1yL5NE,2026-10-01T08:06:52+00:00,prefill,8,,0.21,,2667.45,0,1,621,12032
ap-6MVKRrBnozowbUzD1yL5NE,2026-10-01T08:06:52+00:00,decode,8,139092,0.19,355.68,,0,,,
ap-6MVKRrBnozowbUzD1yL5NE,2026-10-01T08:06:52+00:00,prefill,6,,0.16,,1059.26,0,1,785,28800
ap-6MVKRrBnozowbUzD1yL5NE,2026-10-01T08:06:52+00:00,decode,6,94783,0.13,392.73,,0,,,
ap-6MVKRrBnozowbUzD1yL5NE,2026-10-01T08:06:53+00:00,decode,5,85795,0.12,362.37,,0,,,
ap-6MVKRrBnozowbUzD1yL5NE,2026-10-01T08:06:53+00:00,prefill,5,,0.15,,708.03,0,1,717,24832
ap-6MVKRrBnozowbUzD1yL5NE,2026-10-01T08:06:54+00:00,decode,6,110877,0.15,336.78,,0,,,
ap-6MVKRrBnozowbUzD1yL5NE,2026-10-01T08:06:54+00:00,prefill,4,,0.12,,728.53,0,1,632,17792
ap-6MVKRrBnozowbUzD1yL5NE,2026-10-01T08:06:54+00:00,decode,5,89547,0.12,285.25,,0,,,
ap-6MVKRrBnozowbUzD1yL5NE,2026-10-01T08:06:55+00:00,prefill,5,,0.16,,760.61,0,1,481,33024
ap-6MVKRrBnozowbUzD1yL5NE,2026-10-01T08:06:55+00:00,decode,5,110420,0.15,320.21,,0,,,
ap-6MVKRrBnozowbUzD1yL5NE,2026-10-01T08:06:56+00:00,decode,4,77757,0.1,339.05,,0,,,
ap-6MVKRrBnozowbUzD1yL5NE,2026-10-01T08:06:56+00:00,decode,3,60055,0.08,256.94,,0,,,
ap-6MVKRrBnozowbUzD1yL5NE,2026-10-01T08:06:56+00:00,prefill,3,,0.12,,221.07,0,1,285,26240
ap-6MVKRrBnozowbUzD1yL5NE,2026-10-01T08:06:56+00:00,prefill,4,,0.15,,3305.97,0,1,524,28800
ap-6MVKRrBnozowbUzD1yL5NE,2026-10-01T08:06:57+00:00,decode,5,114711,0.15,264.51,,0,,,
ap-6MVKRrBnozowbUzD1yL5NE,2026-10-01T08:06:57+00:00,decode,4,86208,0.12,313.08,,0,,,
ap-6MVKRrBnozowbUzD1yL5NE,2026-10-01T08:06:57+00:00,prefill,4,,0.16,,547.8,0,1,619,29568
ap-6MVKRrBnozowbUzD1yL5NE,2026-10-01T08:06:58+00:00,decode,4,89949,0.12,269.72,,0,,,
ap-6MVKRrBnozowbUzD1yL5NE,2026-10-01T08:06:58+00:00,prefill,3,,0.11,,308.95,0,1,244,20224
ap-6MVKRrBnozowbUzD1yL5NE,2026-10-01T08:06:58+00:00,prefill,4,,0.14,,1302.76,0,1,301,18432
ap-6MVKRrBnozowbUzD1yL5NE,2026-10-01T08:06:59+00:00,prefill,5,,0.14,,35445.92,0,1,322,9728
ap-6MVKRrBnozowbUzD1yL5NE,2026-10-01T08:06:59+00:00,decode,6,107762,0.14,242.27,,0,,,
ap-6MVKRrBnozowbUzD1yL5NE,2026-10-01T08:06:59+00:00,prefill,6,,0.16,,1664.12,0,1,500,12224
ap-6MVKRrBnozowbUzD1yL5NE,2026-10-01T08:06:59+00:00,prefill,7,,0.21,,749.68,0,1,340,33536
ap-6MVKRrBnozowbUzD1yL5NE,2026-10-01T08:06:59+00:00,prefill,8,,0.22,,8386.45,0,1,911,10752
ap-6MVKRrBnozowbUzD1yL5NE,2026-10-01T08:06:59+00:00,decode,9,164248,0.22,352.91,,0,,,
ap-6MVKRrBnozowbUzD1yL5NE,2026-10-01T08:07:00+00:00,decode,5,81249,0.11,463.03,,0,,,
ap-6MVKRrBnozowbUzD1yL5NE,2026-10-01T08:07:01+00:00,decode,5,81449,0.11,360.37,,0,,,
ap-6MVKRrBnozowbUzD1yL5NE,2026-10-01T08:07:01+00:00,prefill,5,,0.15,,396.34,0,1,552,29312
ap-6MVKRrBnozowbUzD1yL5NE,2026-10-01T08:07:01+00:00,decode,5,99756,0.13,338.44,,0,,,
ap-6MVKRrBnozowbUzD1yL5NE,2026-10-01T08:07:01+00:00,prefill,5,,0.17,,718.88,0,1,413,30208
ap-6MVKRrBnozowbUzD1yL5NE,2026-10-01T08:07:01+00:00,prefill,6,,0.21,,2880.61,0,1,310,26496
ap-6MVKRrBnozowbUzD1yL5NE,2026-10-01T08:07:02+00:00,prefill,6,,0.17,,165.33,0,1,56,2496
ap-6MVKRrBnozowbUzD1yL5NE,2026-10-01T08:07:02+00:00,decode,7,128711,0.17,345.29,,0,,,
ap-6MVKRrBnozowbUzD1yL5NE,2026-10-01T08:07:02+00:00,prefill,7,,0.2,,793.69,0,1,273,18688
ap-6MVKRrBnozowbUzD1yL5NE,2026-10-01T08:07:02+00:00,prefill,8,,0.21,,2572.0,0,1,267,12672
ap-6MVKRrBnozowbUzD1yL5NE,2026-10-01T08:07:03+00:00,decode,7,127651,0.17,437.94,,0,,,
ap-6MVKRrBnozowbUzD1yL5NE,2026-10-01T08:07:03+00:00,decode,6,101698,0.14,442.43,,0,,,
ap-6MVKRrBnozowbUzD1yL5NE,2026-10-01T08:07:04+00:00,prefill,4,,0.13,,241.26,0,1,332,33856
ap-6MVKRrBnozowbUzD1yL5NE,2026-10-01T08:07:04+00:00,decode,5,94522,0.13,325.7,,0,,,
ap-6MVKRrBnozowbUzD1yL5NE,2026-10-01T08:07:04+00:00,decode,3,48759,0.07,313.62,,0,,,
ap-6MVKRrBnozowbUzD1yL5NE,2026-10-01T08:07:05+00:00,decode,3,48879,0.07,232.14,,0,,,
ap-6MVKRrBnozowbUzD1yL5NE,2026-10-01T08:07:05+00:00,prefill,3,,0.11,,420.18,0,1,676,29824
ap-6MVKRrBnozowbUzD1yL5NE,2026-10-01T08:07:05+00:00,prefill,4,,0.13,,904.59,0,1,161,20480
ap-6MVKRrBnozowbUzD1yL5NE,2026-10-01T08:07:06+00:00,prefill,5,,0.17,,1629.4,0,1,207,26880
ap-6MVKRrBnozowbUzD1yL5NE,2026-10-01T08:07:06+00:00,prefill,6,,0.21,,2841.33,0,1,548,30592
ap-6MVKRrBnozowbUzD1yL5NE,2026-10-01T08:07:06+00:00,decode,7,155667,0.21,214.42,,0,,,
ap-6MVKRrBnozowbUzD1yL5NE,2026-10-01T08:07:06+00:00,prefill,7,,0.22,,4416.63,0,1,860,11648
ap-6MVKRrBnozowbUzD1yL5NE,2026-10-01T08:07:06+00:00,prefill,8,,0.25,,2572.91,0,1,435,18944
ap-6MVKRrBnozowbUzD1yL5NE,2026-10-01T08:07:06+00:00,prefill,9,,0.27,,6119.34,0,1,746,12800
ap-6MVKRrBnozowbUzD1yL5NE,2026-10-01T08:07:07+00:00,decode,8,149520,0.2,383.74,,0,,,
ap-6MVKRrBnozowbUzD1yL5NE,2026-10-01T08:07:07+00:00,decode,7,131080,0.18,514.87,,0,,,
ap-6MVKRrBnozowbUzD1yL5NE,2026-10-01T08:07:08+00:00,prefill,5,,0.12,,188.83,0,1,291,13056
ap-6MVKRrBnozowbUzD1yL5NE,2026-10-01T08:07:08+00:00,decode,6,86921,0.12,353.47,,0,,,
ap-6MVKRrBnozowbUzD1yL5NE,2026-10-01T08:07:08+00:00,prefill,6,,0.16,,2504.85,0,1,495,34176
ap-6MVKRrBnozowbUzD1yL5NE,2026-10-01T08:07:09+00:00,prefill,6,,0.18,,1377.83,0,1,813,23040
ap-6MVKRrBnozowbUzD1yL5NE,2026-10-01T08:07:09+00:00,decode,7,132371,0.18,331.12,,0,,,
ap-6MVKRrBnozowbUzD1yL5NE,2026-10-01T08:07:09+00:00,decode,6,98591,0.13,423.27,,0,,,
ap-6MVKRrBnozowbUzD1yL5NE,2026-10-01T08:07:10+00:00,prefill,5,,0.14,,358.96,0,1,425,19328
ap-6MVKRrBnozowbUzD1yL5NE,2026-10-01T08:07:10+00:00,decode,6,105115,0.14,368.29,,0,,,
ap-6MVKRrBnozowbUzD1yL5NE,2026-10-01T08:07:10+00:00,prefill,6,,0.18,,1999.38,0,1,232,27136
ap-6MVKRrBnozowbUzD1yL5NE,2026-10-01T08:07:10+00:00,prefill,7,,0.22,,3509.32,0,1,576,30464
ap-6MVKRrBnozowbUzD1yL5NE,2026-10-01T08:07:10+00:00,decode,8,162456,0.22,416.16,,0,,,
ap-6MVKRrBnozowbUzD1yL5NE,2026-10-01T08:07:11+00:00,prefill,8,,0.26,,896.32,0,1,551,31104
ap-6MVKRrBnozowbUzD1yL5NE,2026-10-01T08:07:11+00:00,decode,8,174632,0.23,459.6,,0,,,
ap-6MVKRrBnozowbUzD1yL5NE,2026-10-01T08:07:12+00:00,decode,5,76473,0.1,419.1,,0,,,
ap-6MVKRrBnozowbUzD1yL5NE,2026-10-01T08:07:12+00:00,prefill,4,,0.12,,231.45,0,1,327,13312
ap-6MVKRrBnozowbUzD1yL5NE,2026-10-01T08:07:12+00:00,prefill,5,,0.17,,1584.52,0,1,619,34624
ap-6MVKRrBnozowbUzD1yL5NE,2026-10-01T08:07:12+00:00,decode,6,124175,0.17,283.4,,0,,,
ap-6MVKRrBnozowbUzD1yL5NE,2026-10-01T08:07:13+00:00,decode,2,27266,0.04,316.92,,0,,,
ap-6MVKRrBnozowbUzD1yL5NE,2026-10-01T08:07:13+00:00,prefill,2,,0.05,,357.73,0,1,341,12544
ap-6MVKRrBnozowbUzD1yL5NE,2026-10-01T08:07:13+00:00,prefill,3,,0.08,,4182.8,0,1,465,20608
ap-6MVKRrBnozowbUzD1yL5NE,2026-10-01T08:07:14+00:00,decode,4,59960,0.08,180.98,,0,,,
ap-6MVKRrBnozowbUzD1yL5NE,2026-10-01T08:07:14+00:00,decode,3,46745,0.06,282.29,,0,,,
ap-6MVKRrBnozowbUzD1yL5NE,2026-10-01T08:07:15+00:00,decode,3,46865,0.06,232.77,,0,,,
ap-6MVKRrBnozowbUzD1yL5NE,2026-10-01T08:07:15+00:00,prefill,3,,0.09,,281.93,0,1,369,19712
ap-6MVKRrBnozowbUzD1yL5NE,2026-10-01T08:07:15+00:00,prefill,4,,0.09,,145.61,0,1,40,2560
ap-6MVKRrBnozowbUzD1yL5NE,2026-10-01T08:07:15+00:00,decode,5,68348,0.09,281.47,,0,,,
ap-6MVKRrBnozowbUzD1yL5NE,2026-10-01T08:07:16+00:00,decode,2,34729,0.05,253.66,,0,,,
ap-6MVKRrBnozowbUzD1yL5NE,2026-10-01T08:07:16+00:00,prefill,2,,0.08,,226.38,0,1,257,27392
ap-6MVKRrBnozowbUzD1yL5NE,2026-10-01T08:07:16+00:00,prefill,3,,0.13,,2842.15,0,1,493,31616
ap-6MVKRrBnozowbUzD1yL5NE,2026-10-01T08:07:16+00:00,decode,4,93214,0.13,160.16,,0,,,
ap-6MVKRrBnozowbUzD1yL5NE,2026-10-01T08:07:17+00:00,decode,3,72736,0.1,256.62,,0,,,
ap-6MVKRrBnozowbUzD1yL5NE,2026-10-01T08:07:17+00:00,prefill,3,,0.12,,254.2,0,1,204,13632
ap-6MVKRrBnozowbUzD1yL5NE,2026-10-01T08:07:17+00:00,prefill,4,,0.15,,4582.8,0,1,898,26624
ap-6MVKRrBnozowbUzD1yL5NE,2026-10-01T08:07:17+00:00,prefill,5,,0.19,,6156.2,0,1,581,31040
ap-6MVKRrBnozowbUzD1yL5NE,2026-10-01T08:07:18+00:00,prefill,6,,0.24,,2890.34,0,1,474,35200
ap-6MVKRrBnozowbUzD1yL5NE,2026-10-01T08:07:18+00:00,prefill,7,,0.26,,8401.98,0,1,934,13824
ap-6MVKRrBnozowbUzD1yL5NE,2026-10-01T08:07:18+00:00,prefill,8,,0.24,,1818.81,0,1,261,20032
ap-6MVKRrBnozowbUzD1yL5NE,2026-10-01T08:07:18+00:00,prefill,8,,0.28,,4873.5,0,1,770,24064
ap-6MVKRrBnozowbUzD1yL5NE,2026-10-01T08:07:18+00:00,prefill,9,,0.3,,7198.91,0,1,597,15872
ap-6MVKRrBnozowbUzD1yL5NE,2026-10-01T08:07:18+00:00,decode,9,193931,0.26,198.17,,0,,,
ap-6MVKRrBnozowbUzD1yL5NE,2026-10-01T08:07:19+00:00,prefill,9,,0.27,,1553.8,0,1,759,10752
ap-6MVKRrBnozowbUzD1yL5NE,2026-10-01T08:07:19+00:00,decode,9,170090,0.23,497.34,,0,,,
ap-6MVKRrBnozowbUzD1yL5NE,2026-10-01T08:07:20+00:00,decode,6,90170,0.12,511.9,,0,,,
ap-6MVKRrBnozowbUzD1yL5NE,2026-10-01T08:07:20+00:00,decode,4,79445,0.11,314.96,,0,,,
ap-6MVKRrBnozowbUzD1yL5NE,2026-10-01T08:07:21+00:00,decode,4,79605,0.11,294.03,,0,,,
ap-6MVKRrBnozowbUzD1yL5NE,2026-10-01T08:07:21+00:00,prefill,4,,0.14,,131.18,0,1,282,27648
ap-6MVKRrBnozowbUzD1yL5NE,2026-10-01T08:07:21+00:00,prefill,4,,0.19,,1168.44,0,1,594,32064
ap-6MVKRrBnozowbUzD1yL5NE,2026-10-01T08:07:21+00:00,prefill,5,,0.19,,42396.19,0,1,336,12864
ap-6MVKRrBnozowbUzD1yL5NE,2026-10-01T08:07:21+00:00,decode,6,138163,0.19,243.6,,0,,,
ap-6MVKRrBnozowbUzD1yL5NE,2026-10-01T08:07:22+00:00,prefill,6,,0.21,,441.75,0,1,320,20288
ap-6MVKRrBnozowbUzD1yL5NE,2026-10-01T08:07:22+00:00,decode,7,158327,0.21,372.48,,0,,,
ap-6MVKRrBnozowbUzD1yL5NE,2026-10-01T08:07:22+00:00,prefill,7,,0.22,,1123.22,0,1,419,35648
ap-6MVKRrBnozowbUzD1yL5NE,2026-10-01T08:07:23+00:00,prefill,7,,0.25,,1019.44,0,1,235,21248
ap-6MVKRrBnozowbUzD1yL5NE,2026-10-01T08:07:23+00:00,prefill,8,,0.29,,2851.98,0,1,392,31616
ap-6MVKRrBnozowbUzD1yL5NE,2026-10-01T08:07:23+00:00,decode,9,218778,0.29,371.2,,0,,,
ap-6MVKRrBnozowbUzD1yL5NE,2026-10-01T08:07:23+00:00,prefill,6,,0.2,,1092.63,0,1,496,13824
ap-6MVKRrBnozowbUzD1yL5NE,2026-10-01T08:07:24+00:00,decode,6,120778,0.16,430.47,,0,,,
ap-6MVKRrBnozowbUzD1yL5NE,2026-10-01T08:07:24+00:00,decode,5,89614,0.12,392.96,,0,,,
ap-6MVKRrBnozowbUzD1yL5NE,2026-10-01T08:07:25+00:00,decode,3,63358,0.09,285.33,,0,,,
ap-6MVKRrBnozowbUzD1yL5NE,2026-10-01T08:07:25+00:00,decode,3,63478,0.09,227.05,,0,,,
ap-6MVKRrBnozowbUzD1yL5NE,2026-10-01T08:07:25+00:00,prefill,3,,0.1,,123.94,0,1,279,11456
ap-6MVKRrBnozowbUzD1yL5NE,2026-10-01T08:07:26+00:00,prefill,4,,0.13,,1627.69,0,1,221,20608
ap-6MVKRrBnozowbUzD1yL5NE,2026-10-01T08:07:26+00:00,decode,5,94829,0.13,253.69,,0,,,
ap-6MVKRrBnozowbUzD1yL5NE,2026-10-01T08:07:26+00:00,prefill,5,,0.16,,716.56,0,1,307,27904
ap-6MVKRrBnozowbUzD1yL5NE,2026-10-01T08:07:26+00:00,decode,6,122583,0.16,361.51,,0,,,
ap-6MVKRrBnozowbUzD1yL5NE,2026-10-01T08:07:27+00:00,prefill,6,,0.17,,157.77,0,1,88,2560
ap-6MVKRrBnozowbUzD1yL5NE,2026-10-01T08:07:27+00:00,prefill,7,,0.22,,1083.86,0,1,242,36096
ap-6MVKRrBnozowbUzD1yL5NE,2026-10-01T08:07:27+00:00,prefill,8,,0.26,,1732.47,0,1,394,32768
ap-6MVKRrBnozowbUzD1yL5NE,2026-10-01T08:07:27+00:00,decode,7,170744,0.23,395.13,,0,,,
ap-6MVKRrBnozowbUzD1yL5NE,2026-10-01T08:07:28+00:00,prefill,6,,0.21,,819.86,0,1,403,32000
ap-6MVKRrBnozowbUzD1yL5NE,2026-10-01T08:07:28+00:00,prefill,5,,0.19,,1737.22,0,1,613,14336
ap-6MVKRrBnozowbUzD1yL5NE,2026-10-01T08:07:28+00:00,decode,6,142490,0.19,322.45,,0,,,
ap-6MVKRrBnozowbUzD1yL5NE,2026-10-01T08:07:28+00:00,prefill,6,,0.22,,2151.76,0,1,413,25088
ap-6MVKRrBnozowbUzD1yL5NE,2026-10-01T08:07:29+00:00,decode,6,135011,0.18,383.74,,0,,,
ap-6MVKRrBnozowbUzD1yL5NE,2026-10-01T08:07:29+00:00,decode,5,103433,0.14,361.09,,0,,,
ap-6MVKRrBnozowbUzD1yL5NE,2026-10-01T08:07:30+00:00,prefill,3,,0.11,,406.7,0,1,660,20800
ap-6MVKRrBnozowbUzD1yL5NE,2026-10-01T08:07:30+00:00,decode,4,85103,0.11,272.3,,0,,,
ap-6MVKRrBnozowbUzD1yL5NE,2026-10-01T08:07:30+00:00,prefill,4,,0.15,,699.44,0,1,332,28160
ap-6MVKRrBnozowbUzD1yL5NE,2026-10-01T08:07:30+00:00,decode,5,113089,0.15,293.71,,0,,,
ap-6MVKRrBnozowbUzD1yL5NE,2026-10-01T08:07:31+00:00,decode,4,92424,0.12,298.24,,0,,,
ap-6MVKRrBnozowbUzD1yL5NE,2026-10-01T08:07:32+00:00,prefill,3,,0.14,,354.89,0,1,500,36352
ap-6MVKRrBnozowbUzD1yL5NE,2026-10-01T08:07:32+00:00,decode,4,100849,0.14,251.72,,0,,,
ap-6MVKRrBnozowbUzD1yL5NE,2026-10-01T08:07:32+00:00,prefill,4,,0.18,,2976.02,0,1,524,33152
ap-6MVKRrBnozowbUzD1yL5NE,2026-10-01T08:07:32+00:00,decode,4,97825,0.13,286.45,,0,,,
ap-6MVKRrBnozowbUzD1yL5NE,2026-10-01T08:07:33+00:00,prefill,4,,0.17,,693.89,0,1,533,32384
ap-6MVKRrBnozowbUzD1yL5NE,2026-10-01T08:07:33+00:00,prefill,5,,0.21,,5702.58,0,1,720,25472
ap-6MVKRrBnozowbUzD1yL5NE,2026-10-01T08:07:33+00:00,prefill,6,,0.23,,909.47,0,1,363,14912
ap-6MVKRrBnozowbUzD1yL5NE,2026-10-01T08:07:33+00:00,decode,7,181723,0.24,264.02,,0,,,
ap-6MVKRrBnozowbUzD1yL5NE,2026-10-01T08:07:33+00:00,prefill,7,,0.24,,2213.48,0,1,273,11776
ap-6MVKRrBnozowbUzD1yL5NE,2026-10-01T08:07:33+00:00,prefill,8,,0.27,,4463.93,0,1,491,21504
ap-6MVKRrBnozowbUzD1yL5NE,2026-10-01T08:07:34+00:00,decode,7,145528,0.2,452.84,,0,,,
ap-6MVKRrBnozowbUzD1yL5NE,2026-10-01T08:07:34+00:00,decode,6,91275,0.12,424.87,,0,,,
ap-6MVKRrBnozowbUzD1yL5NE,2026-10-01T08:07:35+00:00,decode,5,91475,0.12,354.33,,0,,,
ap-6MVKRrBnozowbUzD1yL5NE,2026-10-01T08:07:35+00:00,prefill,5,,0.16,,139.8,0,1,293,28480
ap-6MVKRrBnozowbUzD1yL5NE,2026-10-01T08:07:36+00:00,decode,6,119782,0.16,351.64,,0,,,
ap-6MVKRrBnozowbUzD1yL5NE,2026-10-01T08:07:36+00:00,prefill,6,,0.21,,513.76,0,1,315,36864
ap-6MVKRrBnozowbUzD1yL5NE,2026-10-01T08:07:36+00:00,prefill,7,,0.24,,1695.44,0,1,174,26176
ap-6MVKRrBnozowbUzD1yL5NE,2026-10-01T08:07:36+00:00,decode,8,182215,0.24,393.8,,0,,,
ap-6MVKRrBnozowbUzD1yL5NE,2026-10-01T08:07:37+00:00,prefill,7,,0.25,,467.87,0,1,261,22016
ap-6MVKRrBnozowbUzD1yL5NE,2026-10-01T08:07:37+00:00,prefill,6,,0.21,,1532.02,0,1,662,32896
ap-6MVKRrBnozowbUzD1yL5NE,2026-10-01T08:07:37+00:00,decode,7,157449,0.21,379.27,,0,,,
ap-6MVKRrBnozowbUzD1yL5NE,2026-10-01T08:07:38+00:00,decode,6,103159,0.14,430.47,,0,,,
ap-6MVKRrBnozowbUzD1yL5NE,2026-10-01T08:07:38+00:00,prefill,5,,0.18,,748.74,0,1,624,33792
ap-6MVKRrBnozowbUzD1yL5NE,2026-10-01T08:07:38+00:00,prefill,5,,0.15,,235.63,0,1,72,2624
ap-6MVKRrBnozowbUzD1yL5NE,2026-10-01T08:07:38+00:00,decode,6,111052,0.15,318.26,,0,,,
ap-6MVKRrBnozowbUzD1yL5NE,2026-10-01T08:07:39+00:00,decode,5,109225,0.15,368.76,,0,,,
ap-6MVKRrBnozowbUzD1yL5NE,2026-10-01T08:07:40+00:00,prefill,5,,0.18,,222.85,0,1,318,28736
ap-6MVKRrBnozowbUzD1yL5NE,2026-10-01T08:07:40+00:00,decode,6,137795,0.18,321.62,,0,,,
ap-6MVKRrBnozowbUzD1yL5NE,2026-10-01T08:07:40+00:00,prefill,5,,0.19,,1441.94,0,1,613,22272
ap-6MVKRrBnozowbUzD1yL5NE,2026-10-01T08:07:40+00:00,prefill,6,,0.21,,5837.87,0,1,390,15360
ap-6MVKRrBnozowbUzD1yL5NE,2026-10-01T08:07:40+00:00,decode,7,153450,0.21,326.79,,0,,,
ap-6MVKRrBnozowbUzD1yL5NE,2026-10-01T08:07:40+00:00,prefill,7,,0.26,,998.19,0,1,334,37120
ap-6MVKRrBnozowbUzD1yL5NE,2026-10-01T08:07:41+00:00,decode,7,127770,0.17,416.32,,0,,,
ap-6MVKRrBnozowbUzD1yL5NE,2026-10-01T08:07:42+00:00,prefill,4,,0.13,,355.24,0,1,417,33536
ap-6MVKRrBnozowbUzD1yL5NE,2026-10-01T08:07:42+00:00,decode,4,95331,0.13,306.29,,0,,,
ap-6MVKRrBnozowbUzD1yL5NE,2026-10-01T08:07:42+00:00,prefill,4,,0.17,,1871.76,0,1,702,28672
ap-6MVKRrBnozowbUzD1yL5NE,2026-10-01T08:07:42+00:00,decode,4,90892,0.12,277.25,,0,,,
ap-6MVKRrBnozowbUzD1yL5NE,2026-10-01T08:07:43+00:00,prefill,4,,0.16,,428.33,0,1,344,26368
ap-6MVKRrBnozowbUzD1yL5NE,2026-10-01T08:07:43+00:00,decode,5,117087,0.16,280.0,,0,,,
ap-6MVKRrBnozowbUzD1yL5NE,2026-10-01T08:07:43+00:00,prefill,5,,0.17,,395.09,0,1,265,13312
ap-6MVKRrBnozowbUzD1yL5NE,2026-10-01T08:07:44+00:00,decode,6,130186,0.17,330.83,,0,,,
ap-6MVKRrBnozowbUzD1yL5NE,2026-10-01T08:07:44+00:00,prefill,6,,0.21,,1740.62,0,1,687,22848
ap-6MVKRrBnozowbUzD1yL5NE,2026-10-01T08:07:44+00:00,decode,6,127187,0.17,373.65,,0,,,
ap-6MVKRrBnozowbUzD1yL5NE,2026-10-01T08:07:45+00:00,prefill,5,,0.19,,296.98,0,1,301,37440
ap-6MVKRrBnozowbUzD1yL5NE,2026-10-01T08:07:45+00:00,decode,6,141569,0.19,354.99,,0,,,
ap-6MVKRrBnozowbUzD1yL5NE,2026-10-01T08:07:45+00:00,prefill,6,,0.23,,3149.03,0,1,343,28992
ap-6MVKRrBnozowbUzD1yL5NE,2026-10-01T08:07:45+00:00,prefill,7,,0.25,,5033.85,0,1,681,15744
ap-6MVKRrBnozowbUzD1yL5NE,2026-10-01T08:07:45+00:00,prefill,8,,0.29,,2689.62,0,1,460,33920
ap-6MVKRrBnozowbUzD1yL5NE,2026-10-01T08:07:46+00:00,decode,8,182893,0.25,393.39,,0,,,
ap-6MVKRrBnozowbUzD1yL5NE,2026-10-01T08:07:46+00:00,decode,6,136394,0.18,428.1,,0,,,
ap-6MVKRrBnozowbUzD1yL5NE,2026-10-01T08:07:47+00:00,prefill,6,,0.17,,298.24,0,1,405,22528
ap-6MVKRrBnozowbUzD1yL5NE,2026-10-01T08:07:47+00:00,decode,5,114284,0.15,343.7,,0,,,
ap-6MVKRrBnozowbUzD1yL5NE,2026-10-01T08:07:47+00:00,prefill,4,,0.17,,352.86,0,1,261,26688
ap-6MVKRrBnozowbUzD1yL5NE,2026-10-01T08:07:48+00:00,prefill,5,,0.2,,1312.41,0,1,334,23552
ap-6MVKRrBnozowbUzD1yL5NE,2026-10-01T08:07:48+00:00,decode,6,151724,0.2,283.4,,0,,,
ap-6MVKRrBnozowbUzD1yL5NE,2026-10-01T08:07:48+00:00,decode,6,151964,0.2,389.55,,0,,,
ap-6MVKRrBnozowbUzD1yL5NE,2026-10-01T08:07:49+00:00,decode,5,128919,0.17,345.15,,0,,,
ap-6MVKRrBnozowbUzD1yL5NE,2026-10-01T08:07:49+00:00,prefill,5,,0.21,,180.74,0,1,304,29312
ap-6MVKRrBnozowbUzD1yL5NE,2026-10-01T08:07:50+00:00,prefill,6,,0.26,,1658.42,0,1,346,37696
ap-6MVKRrBnozowbUzD1yL5NE,2026-10-01T08:07:50+00:00,decode,7,229406,0.31,299.79,,0,,,
ap-6MVKRrBnozowbUzD1yL5NE,2026-10-01T08:07:50+00:00,prefill,7,,0.31,,1541.99,0,1,306,34368
ap-6MVKRrBnozowbUzD1yL5NE,2026-10-01T08:07:50+00:00,prefill,8,,0.31,,9341.7,0,1,56,2688
ap-6MVKRrBnozowbUzD1yL5NE,2026-10-01T08:07:50+00:00,prefill,9,,0.33,,658.17,0,1,349,16384
ap-6MVKRrBnozowbUzD1yL5NE,2026-10-01T08:07:50+00:00,decode,8,159480,0.21,445.99,,0,,,
ap-6MVKRrBnozowbUzD1yL5NE,2026-10-01T08:07:51+00:00,decode,4,96628,0.13,342.42,,0,,,
ap-6MVKRrBnozowbUzD1yL5NE,2026-10-01T08:07:51+00:00,prefill,4,,0.16,,498.7,0,1,471,23872
ap-6MVKRrBnozowbUzD1yL5NE,2026-10-01T08:07:51+00:00,prefill,5,,0.18,,1909.52,0,1,360,13568
ap-6MVKRrBnozowbUzD1yL5NE,2026-10-01T08:07:52+00:00,prefill,6,,0.2,,2351.94,0,1,702,14336
ap-6MVKRrBnozowbUzD1yL5NE,2026-10-01T08:07:52+00:00,decode,7,148103,0.2,293.32,,0,,,
ap-6MVKRrBnozowbUzD1yL5NE,2026-10-01T08:07:52+00:00,decode,6,132204,0.18,441.93,,0,,,
ap-6MVKRrBnozowbUzD1yL5NE,2026-10-01T08:07:53+00:00,prefill,6,,0.21,,237.33,0,1,275,26944
ap-6MVKRrBnozowbUzD1yL5NE,2026-10-01T08:07:53+00:00,prefill,7,,0.23,,992.85,0,1,195,12288
ap-6MVKRrBnozowbUzD1yL5NE,2026-10-01T08:07:53+00:00,prefill,8,,0.25,,8524.14,0,1,747,12800
ap-6MVKRrBnozowbUzD1yL5NE,2026-10-01T08:07:53+00:00,decode,9,183660,0.25,345.33,,0,,,
ap-6MVKRrBnozowbUzD1yL5NE,2026-10-01T08:07:54+00:00,decode,8,160209,0.21,522.39,,0,,,
ap-6MVKRrBnozowbUzD1yL5NE,2026-10-01T08:07:54+00:00,prefill,8,,0.27,,320.93,0,1,315,38016
ap-6MVKRrBnozowbUzD1yL5NE,2026-10-01T08:07:54+00:00,prefill,9,,0.26,,2393.09,0,1,362,34624
ap-6MVKRrBnozowbUzD1yL5NE,2026-10-01T08:07:55+00:00,decode,6,166545,0.22,411.66,,0,,,
ap-6MVKRrBnozowbUzD1yL5NE,2026-10-01T08:07:55+00:00,prefill,6,,0.26,,439.73,0,1,201,29696
ap-6MVKRrBnozowbUzD1yL5NE,2026-10-01T08:07:55+00:00,decode,3,94169,0.13,317.35,,0,,,
ap-6MVKRrBnozowbUzD1yL5NE,2026-10-01T08:07:56+00:00,decode,3,110990,0.15,202.53,,0,,,
ap-6MVKRrBnozowbUzD1yL5NE,2026-10-01T08:07:56+00:00,prefill,3,,0.15,,598.7,0,1,687,16704
ap-6MVKRrBnozowbUzD1yL5NE,2026-10-01T08:07:56+00:00,prefill,4,,0.18,,2244.29,0,1,497,24320
ap-6MVKRrBnozowbUzD1yL5NE,2026-10-01T08:07:56+00:00,prefill,5,,0.21,,3663.55,0,1,264,22912
ap-6MVKRrBnozowbUzD1yL5NE,2026-10-01T08:07:57+00:00,prefill,5,,0.19,,924.82,0,1,331,15104
ap-6MVKRrBnozowbUzD1yL5NE,2026-10-01T08:07:57+00:00,prefill,6,,0.23,,1786.11,0,1,182,27200
ap-6MVKRrBnozowbUzD1yL5NE,2026-10-01T08:07:57+00:00,decode,7,169949,0.23,246.53,,0,,,
ap-6MVKRrBnozowbUzD1yL5NE,2026-10-01T08:07:57+00:00,decode,6,146029,0.2,430.62,,0,,,
ap-6MVKRrBnozowbUzD1yL5NE,2026-10-01T08:07:58+00:00,decode,4,96900,0.13,349.73,,0,,,
ap-6MVKRrBnozowbUzD1yL5NE,2026-10-01T08:07:58+00:00,decode,3,97163,0.13,221.83,,0,,,
ap-6MVKRrBnozowbUzD1yL5NE,2026-10-01T08:07:59+00:00,prefill,3,,0.13,,408.06,0,1,764,16896
ap-6MVKRrBnozowbUzD1yL5NE,2026-10-01T08:07:59+00:00,prefill,4,,0.18,,1773.01,0,1,345,38272
ap-6MVKRrBnozowbUzD1yL5NE,2026-10-01T08:07:59+00:00,prefill,4,,0.18,,2501.8,0,1,383,34944
ap-6MVKRrBnozowbUzD1yL5NE,2026-10-01T08:07:59+00:00,prefill,5,,0.22,,1938.53,0,1,226,29952
ap-6MVKRrBnozowbUzD1yL5NE,2026-10-01T08:07:59+00:00,decode,6,164455,0.22,263.2,,0,,,
ap-6MVKRrBnozowbUzD1yL5NE,2026-10-01T08:08:00+00:00,decode,4,91993,0.12,321.46,,0,,,
ap-6MVKRrBnozowbUzD1yL5NE,2026-10-01T08:08:00+00:00,prefill,4,,0.16,,113.3,0,1,149,27392
ap-6MVKRrBnozowbUzD1yL5NE,2026-10-01T08:08:00+00:00,decode,4,89426,0.12,276.16,,0,,,
ap-6MVKRrBnozowbUzD1yL5NE,2026-10-01T08:08:01+00:00,prefill,4,,0.14,,877.54,0,1,255,13568
ap-6MVKRrBnozowbUzD1yL5NE,2026-10-01T08:08:01+00:00,decode,5,102755,0.14,315.54,,0,,,
ap-6MVKRrBnozowbUzD1yL5NE,2026-10-01T08:08:01+00:00,prefill,5,,0.16,,829.43,0,1,509,14080
ap-6MVKRrBnozowbUzD1yL5NE,2026-10-01T08:08:01+00:00,prefill,6,,0.16,,802.47,0,1,104,2688
ap-6MVKRrBnozowbUzD1yL5NE,2026-10-01T08:08:01+00:00,prefill,7,,0.18,,4797.01,0,1,348,17408
ap-6MVKRrBnozowbUzD1yL5NE,2026-10-01T08:08:02+00:00,decode,7,109176,0.15,370.74,,0,,,
ap-6MVKRrBnozowbUzD1yL5NE,2026-10-01T08:08:02+00:00,prefill,4,,0.15,,250.56,0,1,208,35584
ap-6MVKRrBnozowbUzD1yL5NE,2026-10-01T08:08:02+00:00,decode,5,111938,0.15,354.9,,0,,,
ap-6MVKRrBnozowbUzD1yL5NE,2026-10-01T08:08:03+00:00,prefill,5,,0.18,,516.54,0,1,245,23168
ap-6MVKRrBnozowbUzD1yL5NE,2026-10-01T08:08:03+00:00,decode,5,87760,0.12,335.84,,0,,,
ap-6MVKRrBnozowbUzD1yL5NE,2026-10-01T08:08:03+00:00,prefill,4,,0.17,,603.23,0,1,351,38592
ap-6MVKRrBnozowbUzD1yL5NE,2026-10-01T08:08:03+00:00,prefill,5,,0.22,,1928.17,0,1,286,35328
ap-6MVKRrBnozowbUzD1yL5NE,2026-10-01T08:08:04+00:00,decode,6,161144,0.22,293.54,,0,,,
ap-6MVKRrBnozowbUzD1yL5NE,2026-10-01T08:08:04+00:00,prefill,6,,0.25,,425.12,0,1,183,27520
ap-6MVKRrBnozowbUzD1yL5NE,2026-10-01T08:08:04+00:00,prefill,5,,0.16,,1384.91,0,1,251,30208
ap-6MVKRrBnozowbUzD1yL5NE,2026-10-01T08:08:04+00:00,decode,3,72765,0.1,298.9,,0,,,
ap-6MVKRrBnozowbUzD1yL5NE,2026-10-01T08:08:05+00:00,decode,3,72885,0.1,224.19,,0,,,
ap-6MVKRrBnozowbUzD1yL5NE,2026-10-01T08:08:05+00:00,decode,1,16002,0.02,146.33,,0,,,
ap-6MVKRrBnozowbUzD1yL5NE,2026-10-01T08:08:05+00:00,prefill,1,,0.04,,265.44,0,1,376,17600
ap-6MVKRrBnozowbUzD1yL5NE,2026-10-01T08:08:06+00:00,decode,2,33369,0.04,146.23,,0,,,
ap-6MVKRrBnozowbUzD1yL5NE,2026-10-01T08:08:06+00:00,prefill,2,,0.07,,337.33,0,1,320,17728
ap-6MVKRrBnozowbUzD1yL5NE,2026-10-01T08:08:06+00:00,decode,3,50817,0.07,158.69,,0,,,
ap-6MVKRrBnozowbUzD1yL5NE,2026-10-01T08:08:07+00:00,prefill,3,,0.11,,1514.69,0,1,780,30464
ap-6MVKRrBnozowbUzD1yL5NE,2026-10-01T08:08:07+00:00,decode,4,81506,0.11,213.71,,0,,,
ap-6MVKRrBnozowbUzD1yL5NE,2026-10-01T08:08:07+00:00,prefill,4,,0.16,,565.86,0,1,187,35840
ap-6MVKRrBnozowbUzD1yL5NE,2026-10-01T08:08:07+00:00,prefill,5,,0.19,,1719.98,0,1,217,27648
ap-6MVKRrBnozowbUzD1yL5NE,2026-10-01T08:08:08+00:00,prefill,6,,0.25,,1082.42,0,1,320,38912
ap-6MVKRrBnozowbUzD1yL5NE,2026-10-01T08:08:08+00:00,prefill,7,,0.29,,2022.41,0,1,328,35584
ap-6MVKRrBnozowbUzD1yL5NE,2026-10-01T08:08:08+00:00,prefill,8,,0.31,,4982.41,0,1,293,13824
ap-6MVKRrBnozowbUzD1yL5NE,2026-10-01T08:08:08+00:00,decode,9,231461,0.31,285.4,,0,,,
ap-6MVKRrBnozowbUzD1yL5NE,2026-10-01T08:08:09+00:00,decode,4,74408,0.1,415.61,,0,,,
ap-6MVKRrBnozowbUzD1yL5NE,2026-10-01T08:08:09+00:00,prefill,3,,0.1,,250.81,0,1,276,30464
ap-6MVKRrBnozowbUzD1yL5NE,2026-10-01T08:08:09+00:00,decode,4,77349,0.1,244.74,,0,,,
ap-6MVKRrBnozowbUzD1yL5NE,2026-10-01T08:08:10+00:00,decode,2,44346,0.06,178.42,,0,,,
ap-6MVKRrBnozowbUzD1yL5NE,2026-10-01T08:08:10+00:00,prefill,2,,0.09,,677.3,0,1,580,23360
ap-6MVKRrBnozowbUzD1yL5NE,2026-10-01T08:08:10+00:00,prefill,3,,0.11,,3246.7,0,1,483,14592
ap-6MVKRrBnozowbUzD1yL5NE,2026-10-01T08:08:10+00:00,decode,4,82122,0.11,201.06,,0,,,
ap-6MVKRrBnozowbUzD1yL5NE,2026-10-01T08:08:11+00:00,decode,3,52097,0.07,235.03,,0,,,
ap-6MVKRrBnozowbUzD1yL5NE,2026-10-01T08:08:11+00:00,prefill,3,,0.11,,119.09,0,1,123,27904
ap-6MVKRrBnozowbUzD1yL5NE,2026-10-01T08:08:11+00:00,prefill,4,,0.13,,4112.93,0,1,423,17920
ap-6MVKRrBnozowbUzD1yL5NE,2026-10-01T08:08:12+00:00,prefill,5,,0.18,,994.48,0,1,377,35968
ap-6MVKRrBnozowbUzD1yL5NE,2026-10-01T08:08:12+00:00,decode,6,132920,0.18,249.17,,0,,,
ap-6MVKRrBnozowbUzD1yL5NE,2026-10-01T08:08:12+00:00,prefill,6,,0.2,,2126.15,0,1,277,18176
ap-6MVKRrBnozowbUzD1yL5NE,2026-10-01T08:08:12+00:00,prefill,7,,0.24,,841.83,0,1,259,31232
ap-6MVKRrBnozowbUzD1yL5NE,2026-10-01T08:08:12+00:00,prefill,8,,0.3,,1232.78,0,1,233,39232
ap-6MVKRrBnozowbUzD1yL5NE,2026-10-01T08:08:12+00:00,prefill,9,,0.34,,1591.55,0,1,295,35904
ap-6MVKRrBnozowbUzD1yL5NE,2026-10-01T08:08:12+00:00,decode,10,256082,0.34,371.86,,0,,,
ap-6MVKRrBnozowbUzD1yL5NE,2026-10-01T08:08:13+00:00,prefill,9,,0.26,,44.53,0,1,24,2816
ap-6MVKRrBnozowbUzD1yL5NE,2026-10-01T08:08:13+00:00,decode,8,121085,0.16,502.09,,0,,,
ap-6MVKRrBnozowbUzD1yL5NE,2026-10-01T08:08:14+00:00,decode,5,101360,0.14,395.87,,0,,,
ap-6MVKRrBnozowbUzD1yL5NE,2026-10-01T08:08:14+00:00,prefill,5,,0.18,,243.5,0,1,301,30720
ap-6MVKRrBnozowbUzD1yL5NE,2026-10-01T08:08:14+00:00,decode,6,131906,0.18,336.53,,0,,,
ap-6MVKRrBnozowbUzD1yL5NE,2026-10-01T08:08:15+00:00,prefill,5,,0.19,,317.54,0,1,221,27968
ap-6MVKRrBnozowbUzD1yL5NE,2026-10-01T08:08:15+00:00,decode,6,141690,0.19,360.5,,0,,,
ap-6MVKRrBnozowbUzD1yL5NE,2026-10-01T08:08:16+00:00,decode,6,141930,0.19,394.96,,0,,,
ap-6MVKRrBnozowbUzD1yL5NE,2026-10-01T08:08:16+00:00,decode,3,60476,0.08,317.65,,0,,,
ap-6MVKRrBnozowbUzD1yL5NE,2026-10-01T08:08:16+00:00,prefill,3,,0.13,,386.68,0,1,567,36352
ap-6MVKRrBnozowbUzD1yL5NE,2026-10-01T08:08:16+00:00,prefill,4,,0.15,,4932.39,0,1,264,18432
ap-6MVKRrBnozowbUzD1yL5NE,2026-10-01T08:08:17+00:00,prefill,5,,0.2,,1139.58,0,1,326,36160
ap-6MVKRrBnozowbUzD1yL5NE,2026-10-01T08:08:17+00:00,prefill,6,,0.25,,1242.2,0,1,268,39424
ap-6MVKRrBnozowbUzD1yL5NE,2026-10-01T08:08:17+00:00,decode,7,189721,0.25,251.02,,0,,,
ap-6MVKRrBnozowbUzD1yL5NE,2026-10-01T08:08:18+00:00,decode,5,115099,0.15,409.56,,0,,,
ap-6MVKRrBnozowbUzD1yL5NE,2026-10-01T08:08:18+00:00,decode,4,109566,0.15,295.48,,0,,,
ap-6MVKRrBnozowbUzD1yL5NE,2026-10-01T08:08:18+00:00,prefill,4,,0.15,,249.93,0,1,326,30976
ap-6MVKRrBnozowbUzD1yL5NE,2026-10-01T08:08:18+00:00,prefill,5,,0.17,,5634.14,0,1,483,18432
ap-6MVKRrBnozowbUzD1yL5NE,2026-10-01T08:08:18+00:00,prefill,6,,0.21,,1614.45,0,1,191,28160
ap-6MVKRrBnozowbUzD1yL5NE,2026-10-01T08:08:19+00:00,decode,7,155734,0.21,371.48,,0,,,
ap-6MVKRrBnozowbUzD1yL5NE,2026-10-01T08:08:19+00:00,decode,6,141860,0.19,445.19,,0,,,
ap-6MVKRrBnozowbUzD1yL5NE,2026-10-01T08:08:20+00:00,decode,4,83588,0.11,313.88,,0,,,
ap-6MVKRrBnozowbUzD1yL5NE,2026-10-01T08:08:21+00:00,decode,4,83748,0.11,291.92,,0,,,
ap-6MVKRrBnozowbUzD1yL5NE,2026-10-01T08:08:21+00:00,prefill,4,,0.16,,233.02,0,1,649,36864
ap-6MVKRrBnozowbUzD1yL5NE,2026-10-01T08:08:21+00:00,prefill,5,,0.21,,2370.68,0,1,293,36480
ap-6MVKRrBnozowbUzD1yL5NE,2026-10-01T08:08:21+00:00,decode,6,172941,0.23,230.78,,0,,,
ap-6MVKRrBnozowbUzD1yL5NE,2026-10-01T08:08:21+00:00,prefill,6,,0.23,,4950.59,0,1,359,16448
ap-6MVKRrBnozowbUzD1yL5NE,2026-10-01T08:08:22+00:00,prefill,7,,0.29,,1907.83,0,1,447,39680
ap-6MVKRrBnozowbUzD1yL5NE,2026-10-01T08:08:22+00:00,prefill,8,,0.32,,5449.4,0,1,707,24064
ap-6MVKRrBnozowbUzD1yL5NE,2026-10-01T08:08:22+00:00,prefill,9,,0.35,,657.39,0,1,97,28416
ap-6MVKRrBnozowbUzD1yL5NE,2026-10-01T08:08:22+00:00,decode,10,228527,0.31,399.45,,0,,,
ap-6MVKRrBnozowbUzD1yL5NE,2026-10-01T08:08:22+00:00,prefill,9,,0.35,,626.83,0,1,287,31296
ap-6MVKRrBnozowbUzD1yL5NE,2026-10-01T08:08:23+00:00,decode,7,185603,0.25,436.21,,0,,,
ap-6MVKRrBnozowbUzD1yL5NE,2026-10-01T08:08:24+00:00,decode,6,157959,0.21,403.82,,0,,,
ap-6MVKRrBnozowbUzD1yL5NE,2026-10-01T08:08:24+00:00,decode,5,127184,0.17,356.36,,0,,,
ap-6MVKRrBnozowbUzD1yL5NE,2026-10-01T08:08:24+00:00,prefill,5,,0.17,,33.43,0,1,72,2816
ap-6MVKRrBnozowbUzD1yL5NE,2026-10-01T08:08:25+00:00,decode,6,129609,0.17,349.86,,0,,,
ap-6MVKRrBnozowbUzD1yL5NE,2026-10-01T08:08:25+00:00,prefill,5,,0.19,,1096.64,0,1,890,14592
ap-6MVKRrBnozowbUzD1yL5NE,2026-10-01T08:08:26+00:00,decode,6,170373,0.23,303.54,,0,,,
ap-6MVKRrBnozowbUzD1yL5NE,2026-10-01T08:08:26+00:00,prefill,6,,0.23,,704.86,0,1,195,28480
ap-6MVKRrBnozowbUzD1yL5NE,2026-10-01T08:08:26+00:00,prefill,7,,0.25,,1986.85,0,1,540,18944
ap-6MVKRrBnozowbUzD1yL5NE,2026-10-01T08:08:26+00:00,prefill,8,,0.3,,2152.92,0,1,324,36736
ap-6MVKRrBnozowbUzD1yL5NE,2026-10-01T08:08:26+00:00,decode,9,225877,0.3,414.43,,0,,,
ap-6MVKRrBnozowbUzD1yL5NE,2026-10-01T08:08:27+00:00,prefill,9,,0.36,,890.52,0,1,497,40064
ap-6MVKRrBnozowbUzD1yL5NE,2026-10-01T08:08:27+00:00,decode,8,182783,0.25,477.08,,0,,,
ap-6MVKRrBnozowbUzD1yL5NE,2026-10-01T08:08:27+00:00,prefill,5,,0.21,,339.97,0,1,312,31552
ap-6MVKRrBnozowbUzD1yL5NE,2026-10-01T08:08:28+00:00,decode,6,159383,0.21,348.51,,0,,,
ap-6MVKRrBnozowbUzD1yL5NE,2026-10-01T08:08:28+00:00,decode,6,159623,0.21,385.7,,0,,,
ap-6MVKRrBnozowbUzD1yL5NE,2026-10-01T08:08:29+00:00,decode,5,91311,0.12,375.54,,0,,,
ap-6MVKRrBnozowbUzD1yL5NE,2026-10-01T08:08:29+00:00,prefill,4,,0.16,,84.98,0,1,165,28672
ap-6MVKRrBnozowbUzD1yL5NE,2026-10-01T08:08:30+00:00,prefill,5,,0.19,,3108.46,0,1,464,24832
ap-6MVKRrBnozowbUzD1yL5NE,2026-10-01T08:08:30+00:00,prefill,6,,0.22,,4886.08,0,1,368,19456
ap-6MVKRrBnozowbUzD1yL5NE,2026-10-01T08:08:30+00:00,decode,7,163400,0.22,267.07,,0,,,
ap-6MVKRrBnozowbUzD1yL5NE,2026-10-01T08:08:30+00:00,decode,7,163680,0.22,445.46,,0,,,
ap-6MVKRrBnozowbUzD1yL5NE,2026-10-01T08:08:30+00:00,prefill,7,,0.27,,328.53,0,1,291,37056
ap-6MVKRrBnozowbUzD1yL5NE,2026-10-01T08:08:31+00:00,prefill,7,,0.29,,1334.95,0,1,842,40512
ap-6MVKRrBnozowbUzD1yL5NE,2026-10-01T08:08:31+00:00,decode,8,213081,0.29,368.1,,0,,,
ap-6MVKRrBnozowbUzD1yL5NE,2026-10-01T08:08:32+00:00,prefill,7,,0.28,,826.64,0,1,337,31808
ap-6MVKRrBnozowbUzD1yL5NE,2026-10-01T08:08:32+00:00,decode,7,148171,0.2,432.42,,0,,,
ap-6MVKRrBnozowbUzD1yL5NE,2026-10-01T08:08:32+00:00,decode,5,123631,0.17,386.26,,0,,,
ap-6MVKRrBnozowbUzD1yL5NE,2026-10-01T08:08:33+00:00,prefill,5,,0.22,,454.31,0,1,477,37888
ap-6MVKRrBnozowbUzD1yL5NE,2026-10-01T08:08:33+00:00,prefill,6,,0.24,,1897.85,0,1,730,15424
ap-6MVKRrBnozowbUzD1yL5NE,2026-10-01T08:08:33+00:00,prefill,7,,0.28,,1053.36,0,1,199,28800
ap-6MVKRrBnozowbUzD1yL5NE,2026-10-01T08:08:33+00:00,decode,7,173794,0.23,316.46,,0,,,
ap-6MVKRrBnozowbUzD1yL5NE,2026-10-01T08:08:34+00:00,decode,5,126161,0.17,404.12,,0,,,
ap-6MVKRrBnozowbUzD1yL5NE,2026-10-01T08:08:35+00:00,decode,4,97962,0.13,319.48,,0,,,
ap-6MVKRrBnozowbUzD1yL5NE,2026-10-01T08:08:35+00:00,prefill,3,,0.15,,136.91,0,1,258,37376
ap-6MVKRrBnozowbUzD1yL5NE,2026-10-01T08:08:35+00:00,decode,4,110202,0.15,223.08,,0,,,
ap-6MVKRrBnozowbUzD1yL5NE,2026-10-01T08:08:35+00:00,prefill,4,,0.17,,964.11,0,1,391,19776
ap-6MVKRrBnozowbUzD1yL5NE,2026-10-01T08:08:36+00:00,prefill,4,,0.18,,617.72,0,1,193,41344
ap-6MVKRrBnozowbUzD1yL5NE,2026-10-01T08:08:36+00:00,decode,5,133726,0.18,265.12,,0,,,
ap-6MVKRrBnozowbUzD1yL5NE,2026-10-01T08:08:36+00:00,prefill,5,,0.18,,207.18,0,1,56,2880
ap-6MVKRrBnozowbUzD1yL5NE,2026-10-01T08:08:36+00:00,decode,5,95309,0.13,344.39,,0,,,
ap-6MVKRrBnozowbUzD1yL5NE,2026-10-01T08:08:37+00:00,prefill,4,,0.16,,248.72,0,1,169,28992
ap-6MVKRrBnozowbUzD1yL5NE,2026-10-01T08:08:37+00:00,prefill,4,,0.18,,1666.36,0,1,298,32128
ap-6MVKRrBnozowbUzD1yL5NE,2026-10-01T08:08:37+00:00,decode,5,133860,0.18,277.94,,0,,,
ap-6MVKRrBnozowbUzD1yL5NE,2026-10-01T08:08:37+00:00,prefill,5,,0.22,,1376.68,0,1,802,32768
ap-6MVKRrBnozowbUzD1yL5NE,2026-10-01T08:08:38+00:00,decode,6,166963,0.22,307.8,,0,,,
ap-6MVKRrBnozowbUzD1yL5NE,2026-10-01T08:08:38+00:00,decode,5,106795,0.14,349.58,,0,,,
ap-6MVKRrBnozowbUzD1yL5NE,2026-10-01T08:08:39+00:00,decode,4,106955,0.14,281.97,,0,,,
ap-6MVKRrBnozowbUzD1yL5NE,2026-10-01T08:08:39+00:00,prefill,4,,0.17,,285.89,0,1,515,16384
ap-6MVKRrBnozowbUzD1yL5NE,2026-10-01T08:08:40+00:00,prefill,5,,0.22,,1056.08,0,1,289,37632
ap-6MVKRrBnozowbUzD1yL5NE,2026-10-01T08:08:40+00:00,prefill,6,,0.24,,2114.29,0,1,226,20224
ap-6MVKRrBnozowbUzD1yL5NE,2026-10-01T08:08:40+00:00,decode,7,180362,0.24,263.57,,0,,,
ap-6MVKRrBnozowbUzD1yL5NE,2026-10-01T08:08:40+00:00,prefill,7,,0.3,,454.02,0,1,210,41536
ap-6MVKRrBnozowbUzD1yL5NE,2026-10-01T08:08:40+00:00,decode,6,165001,0.22,417.18,,0,,,
ap-6MVKRrBnozowbUzD1yL5NE,2026-10-01T08:08:41+00:00,prefill,5,,0.2,,199.54,0,1,139,29184
ap-6MVKRrBnozowbUzD1yL5NE,2026-10-01T08:08:41+00:00,decode,6,152775,0.2,359.76,,0,,,
ap-6MVKRrBnozowbUzD1yL5NE,2026-10-01T08:08:41+00:00,prefill,5,,0.21,,1280.74,0,1,782,16128
ap-6MVKRrBnozowbUzD1yL5NE,2026-10-01T08:08:42+00:00,prefill,6,,0.24,,2390.46,0,1,585,25344
ap-6MVKRrBnozowbUzD1yL5NE,2026-10-01T08:08:42+00:00,decode,7,178505,0.24,316.84,,0,,,
ap-6MVKRrBnozowbUzD1yL5NE,2026-10-01T08:08:42+00:00,prefill,7,,0.28,,423.35,0,1,195,32512
ap-6MVKRrBnozowbUzD1yL5NE,2026-10-01T08:08:43+00:00,decode,7,182102,0.24,415.31,,0,,,
ap-6MVKRrBnozowbUzD1yL5NE,2026-10-01T08:08:43+00:00,decode,6,162413,0.22,413.29,,0,,,
ap-6MVKRrBnozowbUzD1yL5NE,2026-10-01T08:08:44+00:00,decode,3,88674,0.12,296.41,,0,,,
ap-6MVKRrBnozowbUzD1yL5NE,2026-10-01T08:08:44+00:00,prefill,3,,0.15,,432.25,0,1,821,19968
ap-6MVKRrBnozowbUzD1yL5NE,2026-10-01T08:08:44+00:00,prefill,4,,0.2,,2291.54,0,1,320,37888
ap-6MVKRrBnozowbUzD1yL5NE,2026-10-01T08:08:44+00:00,decode,4,113164,0.15,222.25,,0,,,
ap-6MVKRrBnozowbUzD1yL5NE,2026-10-01T08:08:45+00:00,prefill,4,,0.21,,717.2,0,1,439,41728
ap-6MVKRrBnozowbUzD1yL5NE,2026-10-01T08:08:45+00:00,prefill,5,,0.19,,3262.99,0,1,449,25344
ap-6MVKRrBnozowbUzD1yL5NE,2026-10-01T08:08:45+00:00,prefill,5,,0.23,,1168.49,0,1,173,29312
ap-6MVKRrBnozowbUzD1yL5NE,2026-10-01T08:08:45+00:00,decode,6,171188,0.23,256.5,,0,,,
ap-6MVKRrBnozowbUzD1yL5NE,2026-10-01T08:08:46+00:00,decode,5,129881,0.17,350.77,,0,,,
ap-6MVKRrBnozowbUzD1yL5NE,2026-10-01T08:08:46+00:00,prefill,4,,0.16,,345.34,0,1,472,20480
ap-6MVKRrBnozowbUzD1yL5NE,2026-10-01T08:08:47+00:00,decode,5,121463,0.16,293.09,,0,,,
ap-6MVKRrBnozowbUzD1yL5NE,2026-10-01T08:08:47+00:00,prefill,4,,0.15,,987.25,0,1,645,16640
ap-6MVKRrBnozowbUzD1yL5NE,2026-10-01T08:08:47+00:00,decode,5,113021,0.15,287.74,,0,,,
ap-6MVKRrBnozowbUzD1yL5NE,2026-10-01T08:08:47+00:00,prefill,5,,0.19,,1261.05,0,1,220,32768
ap-6MVKRrBnozowbUzD1yL5NE,2026-10-01T08:08:47+00:00,prefill,6,,0.2,,547.99,0,1,104,2880
ap-6MVKRrBnozowbUzD1yL5NE,2026-10-01T08:08:48+00:00,decode,6,127557,0.17,352.54,,0,,,
ap-6MVKRrBnozowbUzD1yL5NE,2026-10-01T08:08:48+00:00,prefill,5,,0.19,,1051.52,0,1,738,33792
ap-6MVKRrBnozowbUzD1yL5NE,2026-10-01T08:08:49+00:00,prefill,4,,0.21,,705.06,0,1,287,38208
ap-6MVKRrBnozowbUzD1yL5NE,2026-10-01T08:08:49+00:00,decode,5,160030,0.21,269.96,,0,,,
ap-6MVKRrBnozowbUzD1yL5NE,2026-10-01T08:08:49+00:00,prefill,5,,0.25,,1756.77,0,1,207,29440
ap-6MVKRrBnozowbUzD1yL5NE,2026-10-01T08:08:49+00:00,prefill,6,,0.29,,4549.54,0,1,794,25920
ap-6MVKRrBnozowbUzD1yL5NE,2026-10-01T08:08:49+00:00,prefill,6,,0.3,,1106.62,0,1,370,42112
ap-6MVKRrBnozowbUzD1yL5NE,2026-10-01T08:08:49+00:00,prefill,7,,0.32,,5576.57,0,1,688,16896
ap-6MVKRrBnozowbUzD1yL5NE,2026-10-01T08:08:50+00:00,decode,7,203737,0.27,293.98,,0,,,
ap-6MVKRrBnozowbUzD1yL5NE,2026-10-01T08:08:50+00:00,decode,5,133130,0.18,404.73,,0,,,
ap-6MVKRrBnozowbUzD1yL5NE,2026-10-01T08:08:51+00:00,prefill,5,,0.21,,358.38,0,1,519,20736
ap-6MVKRrBnozowbUzD1yL5NE,2026-10-01T08:08:51+00:00,decode,6,153903,0.21,307.27,,0,,,
ap-6MVKRrBnozowbUzD1yL5NE,2026-10-01T08:08:51+00:00,decode,6,174698,0.23,367.14,,0,,,
ap-6MVKRrBnozowbUzD1yL5NE,2026-10-01T08:08:51+00:00,prefill,6,,0.23,,339.08,0,1,256,20992
ap-6MVKRrBnozowbUzD1yL5NE,2026-10-01T08:08:52+00:00,prefill,7,,0.28,,784.55,0,1,245,33024
ap-6MVKRrBnozowbUzD1yL5NE,2026-10-01T08:08:52+00:00,decode,8,207591,0.28,432.71,,0,,,
ap-6MVKRrBnozowbUzD1yL5NE,2026-10-01T08:08:53+00:00,prefill,8,,0.32,,143.21,0,1,113,29696
ap-6MVKRrBnozowbUzD1yL5NE,2026-10-01T08:08:53+00:00,decode,9,237048,0.32,468.38,,0,,,
ap-6MVKRrBnozowbUzD1yL5NE,2026-10-01T08:08:53+00:00,prefill,9,,0.37,,569.77,0,1,318,38464
ap-6MVKRrBnozowbUzD1yL5NE,2026-10-01T08:08:54+00:00,decode,7,187002,0.25,474.39,,0,,,
ap-6MVKRrBnozowbUzD1yL5NE,2026-10-01T08:08:54+00:00,prefill,7,,0.31,,463.1,0,1,312,42496
ap-6MVKRrBnozowbUzD1yL5NE,2026-10-01T08:08:54+00:00,decode,6,141336,0.19,380.25,,0,,,
ap-6MVKRrBnozowbUzD1yL5NE,2026-10-01T08:08:54+00:00,prefill,5,,0.12,,419.13,0,1,270,17280
ap-6MVKRrBnozowbUzD1yL5NE,2026-10-01T08:08:55+00:00,decode,2,34817,0.05,231.8,,0,,,
ap-6MVKRrBnozowbUzD1yL5NE,2026-10-01T08:08:55+00:00,decode,1,17958,0.02,116.97,,0,,,
ap-6MVKRrBnozowbUzD1yL5NE,2026-10-01T08:08:56+00:00,decode,1,17998,0.02,80.85,,0,,,
ap-6MVKRrBnozowbUzD1yL5NE,2026-10-01T08:08:56+00:00,prefill,1,,0.06,,108.15,0,1,211,29760
ap-6MVKRrBnozowbUzD1yL5NE,2026-10-01T08:08:56+00:00,decode,2,47326,0.06,80.15,,0,,,
ap-6MVKRrBnozowbUzD1yL5NE,2026-10-01T08:08:57+00:00,prefill,2,,0.12,,1419.79,0,1,726,39424
ap-6MVKRrBnozowbUzD1yL5NE,2026-10-01T08:08:57+00:00,decode,3,86879,0.12,147.31,,0,,,
ap-6MVKRrBnozowbUzD1yL5NE,2026-10-01T08:08:57+00:00,prefill,3,,0.16,,1141.67,0,1,270,33280
ap-6MVKRrBnozowbUzD1yL5NE,2026-10-01T08:08:58+00:00,decode,3,90532,0.12,242.59,,0,,,
ap-6MVKRrBnozowbUzD1yL5NE,2026-10-01T08:08:58+00:00,prefill,2,,0.1,,788.29,0,1,544,21248
ap-6MVKRrBnozowbUzD1yL5NE,2026-10-01T08:08:58+00:00,prefill,3,,0.15,,3684.29,0,1,691,38720
ap-6MVKRrBnozowbUzD1yL5NE,2026-10-01T08:08:58+00:00,prefill,4,,0.18,,3667.75,0,1,750,21248
ap-6MVKRrBnozowbUzD1yL5NE,2026-10-01T08:08:58+00:00,prefill,5,,0.22,,3408.97,0,1,586,34816
ap-6MVKRrBnozowbUzD1yL5NE,2026-10-01T08:08:59+00:00,prefill,6,,0.28,,2545.72,0,1,539,42752
ap-6MVKRrBnozowbUzD1yL5NE,2026-10-01T08:08:59+00:00,decode,7,209642,0.28,172.79,,0,,,
ap-6MVKRrBnozowbUzD1yL5NE,2026-10-01T08:08:59+00:00,prefill,7,,0.3,,793.8,0,1,256,12544
ap-6MVKRrBnozowbUzD1yL5NE,2026-10-01T08:08:59+00:00,prefill,6,,0.24,,1948.04,0,1,338,25856
ap-6MVKRrBnozowbUzD1yL5NE,2026-10-01T08:08:59+00:00,decode,6,133172,0.18,372.57,,0,,,
ap-6MVKRrBnozowbUzD1yL5NE,2026-10-01T08:09:00+00:00,decode,6,133412,0.18,399.67,,0,,,
ap-6MVKRrBnozowbUzD1yL5NE,2026-10-01T08:09:00+00:00,prefill,6,,0.22,,195.16,0,1,181,29952
ap-6MVKRrBnozowbUzD1yL5NE,2026-10-01T08:09:01+00:00,prefill,7,,0.25,,896.99,0,1,542,26880
ap-6MVKRrBnozowbUzD1yL5NE,2026-10-01T08:09:01+00:00,decode,8,189873,0.25,381.26,,0,,,
ap-6MVKRrBnozowbUzD1yL5NE,2026-10-01T08:09:01+00:00,prefill,7,,0.28,,961.7,0,1,610,40192
ap-6MVKRrBnozowbUzD1yL5NE,2026-10-01T08:09:01+00:00,prefill,8,,0.3,,7215.7,0,1,641,17536
ap-6MVKRrBnozowbUzD1yL5NE,2026-10-01T08:09:02+00:00,decode,7,171355,0.23,382.43,,0,,,
ap-6MVKRrBnozowbUzD1yL5NE,2026-10-01T08:09:02+00:00,decode,5,132438,0.18,361.79,,0,,,
ap-6MVKRrBnozowbUzD1yL5NE,2026-10-01T08:09:03+00:00,decode,3,74851,0.1,252.65,,0,,,
ap-6MVKRrBnozowbUzD1yL5NE,2026-10-01T08:09:03+00:00,prefill,3,,0.12,,190.77,0,1,273,39424
ap-6MVKRrBnozowbUzD1yL5NE,2026-10-01T08:09:03+00:00,prefill,3,,0.16,,1488.21,0,1,295,33536
ap-6MVKRrBnozowbUzD1yL5NE,2026-10-01T08:09:03+00:00,prefill,4,,0.22,,1172.39,0,1,297,43264
ap-6MVKRrBnozowbUzD1yL5NE,2026-10-01T08:09:03+00:00,decode,5,163173,0.22,215.88,,0,,,
ap-6MVKRrBnozowbUzD1yL5NE,2026-10-01T08:09:04+00:00,prefill,3,,0.15,,128.57,0,1,87,30208
ap-6MVKRrBnozowbUzD1yL5NE,2026-10-01T08:09:04+00:00,decode,4,110977,0.15,261.6,,0,,,
ap-6MVKRrBnozowbUzD1yL5NE,2026-10-01T08:09:05+00:00,prefill,3,,0.13,,704.38,0,1,424,21760
ap-6MVKRrBnozowbUzD1yL5NE,2026-10-01T08:09:05+00:00,decode,4,99394,0.13,254.48,,0,,,
ap-6MVKRrBnozowbUzD1yL5NE,2026-10-01T08:09:05+00:00,prefill,4,,0.16,,1238.12,0,1,472,22016
ap-6MVKRrBnozowbUzD1yL5NE,2026-10-01T08:09:05+00:00,decode,4,91685,0.12,277.09,,0,,,
ap-6MVKRrBnozowbUzD1yL5NE,2026-10-01T08:09:06+00:00,decode,4,91845,0.12,289.03,,0,,,
ap-6MVKRrBnozowbUzD1yL5NE,2026-10-01T08:09:06+00:00,decode,2,57520,0.08,215.61,,0,,,
ap-6MVKRrBnozowbUzD1yL5NE,2026-10-01T08:09:07+00:00,prefill,2,,0.13,,142.12,0,1,260,40768
ap-6MVKRrBnozowbUzD1yL5NE,2026-10-01T08:09:07+00:00,decode,3,76289,0.1,163.6,,0,,,
ap-6MVKRrBnozowbUzD1yL5NE,2026-10-01T08:09:07+00:00,decode,2,76369,0.1,153.97,,0,,,
ap-6MVKRrBnozowbUzD1yL5NE,2026-10-01T08:09:08+00:00,prefill,2,,0.13,,341.71,0,1,380,18176
ap-6MVKRrBnozowbUzD1yL5NE,2026-10-01T08:09:08+00:00,decode,3,94334,0.13,162.95,,0,,,
ap-6MVKRrBnozowbUzD1yL5NE,2026-10-01T08:09:09+00:00,decode,3,94454,0.13,217.07,,0,,,
ap-6MVKRrBnozowbUzD1yL5NE,2026-10-01T08:09:09+00:00,prefill,3,,0.17,,202.33,0,1,185,30272
ap-6MVKRrBnozowbUzD1yL5NE,2026-10-01T08:09:09+00:00,prefill,4,,0.22,,643.42,0,1,303,39680
ap-6MVKRrBnozowbUzD1yL5NE,2026-10-01T08:09:09+00:00,decode,5,163673,0.22,232.05,,0,,,
ap-6MVKRrBnozowbUzD1yL5NE,2026-10-01T08:09:10+00:00,prefill,5,,0.28,,797.64,0,1,445,43520
ap-6MVKRrBnozowbUzD1yL5NE,2026-10-01T08:09:10+00:00,prefill,6,,0.32,,2200.37,0,1,320,33792
ap-6MVKRrBnozowbUzD1yL5NE,2026-10-01T08:09:10+00:00,prefill,7,,0.31,,3772.26,0,1,613,27392
ap-6MVKRrBnozowbUzD1yL5NE,2026-10-01T08:09:10+00:00,decode,7,228574,0.31,260.18,,0,,,
ap-6MVKRrBnozowbUzD1yL5NE,2026-10-01T08:09:10+00:00,prefill,7,,0.3,,3085.73,0,1,445,22528
ap-6MVKRrBnozowbUzD1yL5NE,2026-10-01T08:09:10+00:00,prefill,7,,0.32,,4531.92,0,1,492,18176
ap-6MVKRrBnozowbUzD1yL5NE,2026-10-01T08:09:11+00:00,prefill,8,,0.29,,871.23,0,1,342,22272
ap-6MVKRrBnozowbUzD1yL5NE,2026-10-01T08:09:11+00:00,decode,8,217921,0.29,368.91,,0,,,
ap-6MVKRrBnozowbUzD1yL5NE,2026-10-01T08:09:12+00:00,decode,8,218241,0.29,474.58,,0,,,
ap-6MVKRrBnozowbUzD1yL5NE,2026-10-01T08:09:12+00:00,decode,5,157576,0.21,388.72,,0,,,
ap-6MVKRrBnozowbUzD1yL5NE,2026-10-01T08:09:12+00:00,prefill,5,,0.21,,378.7,0,1,605,12800
ap-6MVKRrBnozowbUzD1yL5NE,2026-10-01T08:09:13+00:00,prefill,5,,0.21,,467.89,0,1,155,30464
ap-6MVKRrBnozowbUzD1yL5NE,2026-10-01T08:09:13+00:00,decode,6,160296,0.22,334.89,,0,,,
ap-6MVKRrBnozowbUzD1yL5NE,2026-10-01T08:09:14+00:00,decode,6,160536,0.22,385.76,,0,,,
ap-6MVKRrBnozowbUzD1yL5NE,2026-10-01T08:09:14+00:00,prefill,6,,0.27,,291.93,0,1,333,39936
ap-6MVKRrBnozowbUzD1yL5NE,2026-10-01T08:09:14+00:00,prefill,7,,0.3,,3545.0,0,1,422,26176
ap-6MVKRrBnozowbUzD1yL5NE,2026-10-01T08:09:14+00:00,decode,7,196294,0.26,360.89,,0,,,
ap-6MVKRrBnozowbUzD1yL5NE,2026-10-01T08:09:14+00:00,prefill,7,,0.32,,604.45,0,1,322,43904
ap-6MVKRrBnozowbUzD1yL5NE,2026-10-01T08:09:15+00:00,decode,7,156923,0.21,401.4,,0,,,
ap-6MVKRrBnozowbUzD1yL5NE,2026-10-01T08:09:16+00:00,decode,5,134562,0.18,369.59,,0,,,
ap-6MVKRrBnozowbUzD1yL5NE,2026-10-01T08:09:16+00:00,prefill,4,,0.19,,222.22,0,1,299,22592
ap-6MVKRrBnozowbUzD1yL5NE,2026-10-01T08:09:16+00:00,prefill,4,,0.2,,2057.38,0,1,281,34112
ap-6MVKRrBnozowbUzD1yL5NE,2026-10-01T08:09:16+00:00,prefill,5,,0.24,,464.65,0,1,197,30592
ap-6MVKRrBnozowbUzD1yL5NE,2026-10-01T08:09:16+00:00,decode,6,181828,0.24,269.75,,0,,,
ap-6MVKRrBnozowbUzD1yL5NE,2026-10-01T08:09:17+00:00,decode,6,182068,0.24,374.88,,0,,,
ap-6MVKRrBnozowbUzD1yL5NE,2026-10-01T08:09:17+00:00,prefill,6,,0.27,,427.7,0,1,425,18688
ap-6MVKRrBnozowbUzD1yL5NE,2026-10-01T08:09:18+00:00,decode,6,166944,0.22,359.91,,0,,,
ap-6MVKRrBnozowbUzD1yL5NE,2026-10-01T08:09:18+00:00,prefill,5,,0.24,,342.53,0,1,356,27968
ap-6MVKRrBnozowbUzD1yL5NE,2026-10-01T08:09:18+00:00,decode,6,146142,0.2,334.23,,0,,,
ap-6MVKRrBnozowbUzD1yL5NE,2026-10-01T08:09:19+00:00,prefill,5,,0.25,,448.07,0,1,234,44224
ap-6MVKRrBnozowbUzD1yL5NE,2026-10-01T08:09:19+00:00,prefill,6,,0.29,,3589.58,0,1,497,23040
ap-6MVKRrBnozowbUzD1yL5NE,2026-10-01T08:09:19+00:00,decode,7,212982,0.29,301.66,,0,,,
ap-6MVKRrBnozowbUzD1yL5NE,2026-10-01T08:09:20+00:00,decode,4,110993,0.15,357.58,,0,,,
ap-6MVKRrBnozowbUzD1yL5NE,2026-10-01T08:09:20+00:00,decode,4,111153,0.15,280.9,,0,,,
ap-6MVKRrBnozowbUzD1yL5NE,2026-10-01T08:09:21+00:00,prefill,3,,0.16,,120.8,0,1,210,30784
ap-6MVKRrBnozowbUzD1yL5NE,2026-10-01T08:09:21+00:00,decode,4,122977,0.16,237.35,,0,,,
ap-6MVKRrBnozowbUzD1yL5NE,2026-10-01T08:09:21+00:00,prefill,4,,0.21,,745.09,0,1,306,34368
ap-6MVKRrBnozowbUzD1yL5NE,2026-10-01T08:09:22+00:00,prefill,5,,0.23,,1272.3,0,1,548,13568
ap-6MVKRrBnozowbUzD1yL5NE,2026-10-01T08:09:22+00:00,decode,6,170587,0.23,266.45,,0,,,
ap-6MVKRrBnozowbUzD1yL5NE,2026-10-01T08:09:22+00:00,decode,4,117374,0.16,320.17,,0,,,
ap-6MVKRrBnozowbUzD1yL5NE,2026-10-01T08:09:23+00:00,prefill,2,,0.09,,296.74,0,1,339,23040
ap-6MVKRrBnozowbUzD1yL5NE,2026-10-01T08:09:23+00:00,decode,3,64823,0.09,205.42,,0,,,
ap-6MVKRrBnozowbUzD1yL5NE,2026-10-01T08:09:23+00:00,decode,3,64943,0.09,226.88,,0,,,
ap-6MVKRrBnozowbUzD1yL5NE,2026-10-01T08:09:24+00:00,prefill,3,,0.14,,831.11,0,1,699,36608
ap-6MVKRrBnozowbUzD1yL5NE,2026-10-01T08:09:24+00:00,decode,4,101713,0.14,235.44,,0,,,
ap-6MVKRrBnozowbUzD1yL5NE,2026-10-01T08:09:24+00:00,prefill,3,,0.13,,1134.09,0,1,785,18944
ap-6MVKRrBnozowbUzD1yL5NE,2026-10-01T08:09:25+00:00,prefill,3,,0.15,,798.6,0,1,180,30976
ap-6MVKRrBnozowbUzD1yL5NE,2026-10-01T08:09:25+00:00,decode,4,114970,0.15,210.06,,0,,,
ap-6MVKRrBnozowbUzD1yL5NE,2026-10-01T08:09:25+00:00,prefill,4,,0.19,,749.04,0,1,376,23552
ap-6MVKRrBnozowbUzD1yL5NE,2026-10-01T08:09:25+00:00,prefill,5,,0.21,,2511.03,0,1,373,16768
ap-6MVKRrBnozowbUzD1yL5NE,2026-10-01T08:09:25+00:00,decode,5,135753,0.18,287.12,,0,,,
ap-6MVKRrBnozowbUzD1yL5NE,2026-10-01T08:09:26+00:00,prefill,5,,0.21,,2070.55,0,1,856,17408
ap-6MVKRrBnozowbUzD1yL5NE,2026-10-01T08:09:26+00:00,prefill,6,,0.26,,2734.27,0,1,814,41728
ap-6MVKRrBnozowbUzD1yL5NE,2026-10-01T08:09:26+00:00,prefill,6,,0.25,,2473.65,0,1,384,19200
ap-6MVKRrBnozowbUzD1yL5NE,2026-10-01T08:09:26+00:00,prefill,6,,0.27,,1196.42,0,1,331,34624
ap-6MVKRrBnozowbUzD1yL5NE,2026-10-01T08:09:26+00:00,decode,7,201554,0.27,269.93,,0,,,
ap-6MVKRrBnozowbUzD1yL5NE,2026-10-01T08:09:27+00:00,decode,7,201834,0.27,424.52,,0,,,
ap-6MVKRrBnozowbUzD1yL5NE,2026-10-01T08:09:28+00:00,prefill,6,,0.24,,256.15,0,1,335,23360
ap-6MVKRrBnozowbUzD1yL5NE,2026-10-01T08:09:28+00:00,decode,6,179239,0.24,367.62,,0,,,
ap-6MVKRrBnozowbUzD1yL5NE,2026-10-01T08:09:28+00:00,prefill,5,,0.23,,594.61,0,1,325,26624
ap-6MVKRrBnozowbUzD1yL5NE,2026-10-01T08:09:28+00:00,prefill,6,,0.27,,1388.31,0,1,214,31104
ap-6MVKRrBnozowbUzD1yL5NE,2026-10-01T08:09:28+00:00,decode,7,202000,0.27,320.68,,0,,,
ap-6MVKRrBnozowbUzD1yL5NE,2026-10-01T08:09:29+00:00,prefill,7,,0.29,,482.6,0,1,361,17152
ap-6MVKRrBnozowbUzD1yL5NE,2026-10-01T08:09:29+00:00,decode,8,219110,0.29,402.05,,0,,,
ap-6MVKRrBnozowbUzD1yL5NE,2026-10-01T08:09:30+00:00,prefill,7,,0.29,,892.63,0,1,454,18240
ap-6MVKRrBnozowbUzD1yL5NE,2026-10-01T08:09:30+00:00,decode,7,183601,0.25,410.97,,0,,,
ap-6MVKRrBnozowbUzD1yL5NE,2026-10-01T08:09:30+00:00,prefill,7,,0.27,,2114.56,0,1,773,14080
ap-6MVKRrBnozowbUzD1yL5NE,2026-10-01T08:09:31+00:00,decode,6,134682,0.18,388.03,,0,,,
ap-6MVKRrBnozowbUzD1yL5NE,2026-10-01T08:09:31+00:00,decode,5,115728,0.16,360.98,,0,,,
ap-6MVKRrBnozowbUzD1yL5NE,2026-10-01T08:09:32+00:00,prefill,5,,0.2,,172.65,0,1,292,34944
ap-6MVKRrBnozowbUzD1yL5NE,2026-10-01T08:09:32+00:00,decode,6,150488,0.2,327.64,,0,,,
ap-6MVKRrBnozowbUzD1yL5NE,2026-10-01T08:09:32+00:00,prefill,6,,0.24,,505.73,0,1,184,31296
ap-6MVKRrBnozowbUzD1yL5NE,2026-10-01T08:09:33+00:00,decode,7,181549,0.24,397.58,,0,,,
ap-6MVKRrBnozowbUzD1yL5NE,2026-10-01T08:09:33+00:00,prefill,7,,0.27,,355.98,0,1,272,23680
ap-6MVKRrBnozowbUzD1yL5NE,2026-10-01T08:09:33+00:00,decode,7,190753,0.26,420.08,,0,,,
ap-6MVKRrBnozowbUzD1yL5NE,2026-10-01T08:09:34+00:00,prefill,5,,0.22,,759.1,0,1,761,37632
ap-6MVKRrBnozowbUzD1yL5NE,2026-10-01T08:09:34+00:00,decode,6,163162,0.22,308.23,,0,,,
ap-6MVKRrBnozowbUzD1yL5NE,2026-10-01T08:09:34+00:00,prefill,6,,0.26,,2144.18,0,1,636,28672
ap-6MVKRrBnozowbUzD1yL5NE,2026-10-01T08:09:35+00:00,decode,5,151534,0.2,358.13,,0,,,
ap-6MVKRrBnozowbUzD1yL5NE,2026-10-01T08:09:35+00:00,decode,5,151734,0.2,326.21,,0,,,
ap-6MVKRrBnozowbUzD1yL5NE,2026-10-01T08:09:36+00:00,prefill,4,,0.21,,93.22,0,1,154,31488
ap-6MVKRrBnozowbUzD1yL5NE,2026-10-01T08:09:36+00:00,decode,5,159031,0.21,289.8,,0,,,
ap-6MVKRrBnozowbUzD1yL5NE,2026-10-01T08:09:37+00:00,decode,5,159231,0.21,322.93,,0,,,
ap-6MVKRrBnozowbUzD1yL5NE,2026-10-01T08:09:37+00:00,prefill,5,,0.24,,435.75,0,1,386,19712
ap-6MVKRrBnozowbUzD1yL5NE,2026-10-01T08:09:37+00:00,prefill,6,,0.29,,596.9,0,1,189,35328
ap-6MVKRrBnozowbUzD1yL5NE,2026-10-01T08:09:37+00:00,decode,6,182685,0.25,325.05,,0,,,
ap-6MVKRrBnozowbUzD1yL5NE,2026-10-01T08:09:38+00:00,decode,6,182925,0.25,373.84,,0,,,
ap-6MVKRrBnozowbUzD1yL5NE,2026-10-01T08:09:38+00:00,prefill,6,,0.28,,538.31,0,1,628,23936
ap-6MVKRrBnozowbUzD1yL5NE,2026-10-01T08:09:39+00:00,decode,6,172144,0.23,362.08,,0,,,
ap-6MVKRrBnozowbUzD1yL5NE,2026-10-01T08:09:39+00:00,prefill,6,,0.25,,823.88,0,1,506,14848
ap-6MVKRrBnozowbUzD1yL5NE,2026-10-01T08:09:39+00:00,prefill,7,,0.28,,4523.43,0,1,662,24320
ap-6MVKRrBnozowbUzD1yL5NE,2026-10-01T08:09:39+00:00,prefill,8,,0.33,,354.19,0,1,188,31616
ap-6MVKRrBnozowbUzD1yL5NE,2026-10-01T08:09:39+00:00,decode,9,242528,0.33,364.9,,0,,,
ap-6MVKRrBnozowbUzD1yL5NE,2026-10-01T08:09:40+00:00,decode,7,204661,0.27,470.45,,0,,,
ap-6MVKRrBnozowbUzD1yL5NE,2026-10-01T08:09:41+00:00,decode,5,158962,0.21,365.47,,0,,,
ap-6MVKRrBnozowbUzD1yL5NE,2026-10-01T08:09:41+00:00,decode,4,135095,0.18,286.11,,0,,,
ap-6MVKRrBnozowbUzD1yL5NE,2026-10-01T08:09:42+00:00,decode,3,106163,0.14,236.82,,0,,,
ap-6MVKRrBnozowbUzD1yL5NE,2026-10-01T08:09:42+00:00,prefill,3,,0.19,,76.67,0,1,214,35584
ap-6MVKRrBnozowbUzD1yL5NE,2026-10-01T08:09:43+00:00,decode,4,141420,0.19,232.2,,0,,,
ap-6MVKRrBnozowbUzD1yL5NE,2026-10-01T08:09:43+00:00,prefill,4,,0.23,,817.37,0,1,545,26944
ap-6MVKRrBnozowbUzD1yL5NE,2026-10-01T08:09:43+00:00,prefill,5,,0.27,,965.2,0,1,222,31744
ap-6MVKRrBnozowbUzD1yL5NE,2026-10-01T08:09:43+00:00,decode,6,199699,0.27,268.09,,0,,,
ap-6MVKRrBnozowbUzD1yL5NE,2026-10-01T08:09:44+00:00,decode,5,164722,0.22,352.66,,0,,,
ap-6MVKRrBnozowbUzD1yL5NE,2026-10-01T08:09:45+00:00,prefill,4,,0.21,,268.28,0,1,388,24576
ap-6MVKRrBnozowbUzD1yL5NE,2026-10-01T08:09:45+00:00,decode,5,157834,0.21,281.93,,0,,,
ap-6MVKRrBnozowbUzD1yL5NE,2026-10-01T08:09:45+00:00,decode,4,131086,0.18,290.86,,0,,,
ap-6MVKRrBnozowbUzD1yL5NE,2026-10-01T08:09:46+00:00,prefill,4,,0.2,,242.76,0,1,274,20224
ap-6MVKRrBnozowbUzD1yL5NE,2026-10-01T08:09:46+00:00,decode,5,151070,0.2,270.37,,0,,,
ap-6MVKRrBnozowbUzD1yL5NE,2026-10-01T08:09:46+00:00,decode,5,151270,0.2,326.38,,0,,,
ap-6MVKRrBnozowbUzD1yL5NE,2026-10-01T08:09:47+00:00,prefill,5,,0.25,,119.81,0,1,128,32000
ap-6MVKRrBnozowbUzD1yL5NE,2026-10-01T08:09:47+00:00,decode,5,158492,0.21,333.07,,0,,,
ap-6MVKRrBnozowbUzD1yL5NE,2026-10-01T08:09:47+00:00,prefill,5,,0.25,,1278.06,0,1,696,29696
ap-6MVKRrBnozowbUzD1yL5NE,2026-10-01T08:09:47+00:00,prefill,6,,0.27,,1506.62,0,1,239,35840
ap-6MVKRrBnozowbUzD1yL5NE,2026-10-01T08:09:48+00:00,decode,5,160750,0.22,282.6,,0,,,
ap-6MVKRrBnozowbUzD1yL5NE,2026-10-01T08:09:49+00:00,decode,4,129407,0.17,286.99,,0,,,
ap-6MVKRrBnozowbUzD1yL5NE,2026-10-01T08:09:49+00:00,decode,3,94065,0.13,251.08,,0,,,
ap-6MVKRrBnozowbUzD1yL5NE,2026-10-01T08:09:50+00:00,decode,3,94185,0.13,216.44,,0,,,
ap-6MVKRrBnozowbUzD1yL5NE,2026-10-01T08:09:50+00:00,decode,3,94305,0.13,216.5,,0,,,
ap-6MVKRrBnozowbUzD1yL5NE,2026-10-01T08:09:51+00:00,prefill,3,,0.17,,52.34,0,1,162,32128
ap-6MVKRrBnozowbUzD1yL5NE,2026-10-01T08:09:51+00:00,prefill,4,,0.2,,1946.47,0,1,342,25088
ap-6MVKRrBnozowbUzD1yL5NE,2026-10-01T08:09:51+00:00,decode,5,150794,0.2,219.38,,0,,,
ap-6MVKRrBnozowbUzD1yL5NE,2026-10-01T08:09:51+00:00,prefill,5,,0.26,,2205.81,0,1,601,43776
ap-6MVKRrBnozowbUzD1yL5NE,2026-10-01T08:09:52+00:00,decode,6,194720,0.26,320.96,,0,,,
ap-6MVKRrBnozowbUzD1yL5NE,2026-10-01T08:09:52+00:00,decode,5,163263,0.22,343.5,,0,,,
ap-6MVKRrBnozowbUzD1yL5NE,2026-10-01T08:09:53+00:00,prefill,5,,0.21,,171.78,0,1,264,36096
ap-6MVKRrBnozowbUzD1yL5NE,2026-10-01T08:09:53+00:00,decode,5,155354,0.21,300.2,,0,,,
ap-6MVKRrBnozowbUzD1yL5NE,2026-10-01T08:09:53+00:00,prefill,5,,0.24,,674.46,0,1,545,20480
ap-6MVKRrBnozowbUzD1yL5NE,2026-10-01T08:09:54+00:00,decode,6,175908,0.24,309.39,,0,,,
ap-6MVKRrBnozowbUzD1yL5NE,2026-10-01T08:09:54+00:00,prefill,4,,0.2,,223.58,0,1,196,32256
ap-6MVKRrBnozowbUzD1yL5NE,2026-10-01T08:09:54+00:00,decode,5,147183,0.2,335.08,,0,,,
ap-6MVKRrBnozowbUzD1yL5NE,2026-10-01T08:09:55+00:00,decode,5,147383,0.2,327.98,,0,,,
ap-6MVKRrBnozowbUzD1yL5NE,2026-10-01T08:09:55+00:00,decode,3,95265,0.13,279.24,,0,,,
ap-6MVKRrBnozowbUzD1yL5NE,2026-10-01T08:09:56+00:00,prefill,3,,0.19,,364.24,0,1,601,44352
ap-6MVKRrBnozowbUzD1yL5NE,2026-10-01T08:09:56+00:00,decode,4,100596,0.13,204.08,,0,,,
ap-6MVKRrBnozowbUzD1yL5NE,2026-10-01T08:09:57+00:00,decode,3,100716,0.14,217.67,,0,,,
ap-6MVKRrBnozowbUzD1yL5NE,2026-10-01T08:09:57+00:00,prefill,3,,0.17,,422.09,0,1,552,27456
ap-6MVKRrBnozowbUzD1yL5NE,2026-10-01T08:09:57+00:00,decode,4,128167,0.17,201.02,,0,,,
ap-6MVKRrBnozowbUzD1yL5NE,2026-10-01T08:09:58+00:00,prefill,4,,0.21,,529.66,0,1,296,25600
ap-6MVKRrBnozowbUzD1yL5NE,2026-10-01T08:09:58+00:00,prefill,5,,0.25,,1647.75,0,1,289,36352
ap-6MVKRrBnozowbUzD1yL5NE,2026-10-01T08:09:58+00:00,decode,6,221429,0.3,245.07,,0,,,
ap-6MVKRrBnozowbUzD1yL5NE,2026-10-01T08:09:58+00:00,prefill,6,,0.3,,736.44,0,1,102,32512
ap-6MVKRrBnozowbUzD1yL5NE,2026-10-01T08:09:59+00:00,decode,7,221716,0.3,411.53,,0,,,
ap-6MVKRrBnozowbUzD1yL5NE,2026-10-01T08:09:59+00:00,decode,5,162541,0.22,389.73,,0,,,
ap-6MVKRrBnozowbUzD1yL5NE,2026-10-01T08:10:00+00:00,decode,3,101055,0.14,242.09,,0,,,
ap-6MVKRrBnozowbUzD1yL5NE,2026-10-01T08:10:00+00:00,prefill,3,,0.19,,309.68,0,1,700,39680
ap-6MVKRrBnozowbUzD1yL5NE,2026-10-01T08:10:00+00:00,prefill,4,,0.22,,6442.74,0,1,545,19712
ap-6MVKRrBnozowbUzD1yL5NE,2026-10-01T08:10:01+00:00,decode,4,167178,0.22,189.76,,0,,,
ap-6MVKRrBnozowbUzD1yL5NE,2026-10-01T08:10:01+00:00,prefill,4,,0.22,,547.4,0,1,200,32576
ap-6MVKRrBnozowbUzD1yL5NE,2026-10-01T08:10:01+00:00,prefill,5,,0.25,,3003.98,0,1,580,20992
ap-6MVKRrBnozowbUzD1yL5NE,2026-10-01T08:10:01+00:00,decode,6,188301,0.25,322.87,,0,,,
ap-6MVKRrBnozowbUzD1yL5NE,2026-10-01T08:10:02+00:00,decode,5,156375,0.21,365.29,,0,,,
ap-6MVKRrBnozowbUzD1yL5NE,2026-10-01T08:10:02+00:00,prefill,5,,0.26,,236.81,0,1,314,36608
ap-6MVKRrBnozowbUzD1yL5NE,2026-10-01T08:10:03+00:00,decode,4,152134,0.2,300.82,,0,,,
ap-6MVKRrBnozowbUzD1yL5NE,2026-10-01T08:10:03+00:00,prefill,4,,0.24,,986.42,0,1,772,26112
ap-6MVKRrBnozowbUzD1yL5NE,2026-10-01T08:10:04+00:00,decode,5,178519,0.24,260.82,,0,,,
ap-6MVKRrBnozowbUzD1yL5NE,2026-10-01T08:10:04+00:00,prefill,4,,0.23,,432.3,0,1,455,25856
ap-6MVKRrBnozowbUzD1yL5NE,2026-10-01T08:10:04+00:00,decode,5,168001,0.23,271.78,,0,,,
ap-6MVKRrBnozowbUzD1yL5NE,2026-10-01T08:10:05+00:00,prefill,5,,0.27,,312.57,0,1,170,32768
ap-6MVKRrBnozowbUzD1yL5NE,2026-10-01T08:10:05+00:00,decode,6,200463,0.27,316.21,,0,,,
ap-6MVKRrBnozowbUzD1yL5NE,2026-10-01T08:10:06+00:00,decode,6,200703,0.27,364.68,,0,,,
ap-6MVKRrBnozowbUzD1yL5NE,2026-10-01T08:10:06+00:00,decode,5,137741,0.18,342.4,,0,,,
ap-6MVKRrBnozowbUzD1yL5NE,2026-10-01T08:10:06+00:00,prefill,4,,0.23,,189.21,0,1,339,36864
ap-6MVKRrBnozowbUzD1yL5NE,2026-10-01T08:10:07+00:00,decode,3,103731,0.14,250.59,,0,,,
ap-6MVKRrBnozowbUzD1yL5NE,2026-10-01T08:10:07+00:00,decode,3,103851,0.14,213.45,,0,,,
ap-6MVKRrBnozowbUzD1yL5NE,2026-10-01T08:10:08+00:00,decode,2,67348,0.09,194.39,,0,,,
ap-6MVKRrBnozowbUzD1yL5NE,2026-10-01T08:10:08+00:00,prefill,2,,0.13,,108.01,0,1,204,32896
ap-6MVKRrBnozowbUzD1yL5NE,2026-10-01T08:10:09+00:00,decode,3,99854,0.13,161.76,,0,,,
ap-6MVKRrBnozowbUzD1yL5NE,2026-10-01T08:10:09+00:00,prefill,3,,0.16,,1027.59,0,1,629,20224
ap-6MVKRrBnozowbUzD1yL5NE,2026-10-01T08:10:09+00:00,decode,4,120156,0.16,211.58,,0,,,
ap-6MVKRrBnozowbUzD1yL5NE,2026-10-01T08:10:10+00:00,decode,2,67588,0.09,244.75,,0,,,
ap-6MVKRrBnozowbUzD1yL5NE,2026-10-01T08:10:10+00:00,prefill,2,,0.13,,473.06,0,1,530,26368
ap-6MVKRrBnozowbUzD1yL5NE,2026-10-01T08:10:10+00:00,prefill,3,,0.19,,2964.4,0,1,711,45568
ap-6MVKRrBnozowbUzD1yL5NE,2026-10-01T08:10:10+00:00,decode,4,139502,0.19,151.85,,0,,,
ap-6MVKRrBnozowbUzD1yL5NE,2026-10-01T08:10:11+00:00,decode,4,139662,0.19,269.24,,0,,,
ap-6MVKRrBnozowbUzD1yL5NE,2026-10-01T08:10:12+00:00,prefill,3,,0.16,,456.25,0,1,544,27968
ap-6MVKRrBnozowbUzD1yL5NE,2026-10-01T08:10:12+00:00,prefill,4,,0.21,,2146.73,0,1,300,37184
ap-6MVKRrBnozowbUzD1yL5NE,2026-10-01T08:10:12+00:00,prefill,5,,0.24,,4878.29,0,1,743,19200
ap-6MVKRrBnozowbUzD1yL5NE,2026-10-01T08:10:12+00:00,decode,6,178043,0.24,199.18,,0,,,
ap-6MVKRrBnozowbUzD1yL5NE,2026-10-01T08:10:12+00:00,prefill,6,,0.28,,3346.35,0,1,776,31488
ap-6MVKRrBnozowbUzD1yL5NE,2026-10-01T08:10:13+00:00,decode,7,209894,0.28,359.25,,0,,,
ap-6MVKRrBnozowbUzD1yL5NE,2026-10-01T08:10:13+00:00,decode,6,183782,0.25,407.45,,0,,,
ap-6MVKRrBnozowbUzD1yL5NE,2026-10-01T08:10:14+00:00,decode,3,99759,0.13,268.92,,0,,,
ap-6MVKRrBnozowbUzD1yL5NE,2026-10-01T08:10:14+00:00,decode,3,99879,0.13,214.28,,0,,,
ap-6MVKRrBnozowbUzD1yL5NE,2026-10-01T08:10:15+00:00,prefill,3,,0.2,,57.28,0,1,166,46336
ap-6MVKRrBnozowbUzD1yL5NE,2026-10-01T08:10:15+00:00,decode,4,145821,0.2,208.82,,0,,,
ap-6MVKRrBnozowbUzD1yL5NE,2026-10-01T08:10:16+00:00,decode,4,145981,0.2,267.07,,0,,,
ap-6MVKRrBnozowbUzD1yL5NE,2026-10-01T08:10:16+00:00,prefill,4,,0.23,,478.41,0,1,445,26880
ap-6MVKRrBnozowbUzD1yL5NE,2026-10-01T08:10:16+00:00,prefill,5,,0.26,,3058.63,0,1,272,20800
ap-6MVKRrBnozowbUzD1yL5NE,2026-10-01T08:10:16+00:00,prefill,6,,0.29,,3931.36,0,1,373,19968
ap-6MVKRrBnozowbUzD1yL5NE,2026-10-01T08:10:16+00:00,decode,7,212896,0.29,297.01,,0,,,
ap-6MVKRrBnozowbUzD1yL5NE,2026-10-01T08:10:17+00:00,decode,6,193461,0.26,402.65,,0,,,
ap-6MVKRrBnozowbUzD1yL5NE,2026-10-01T08:10:17+00:00,prefill,6,,0.31,,229.62,0,1,325,37440
ap-6MVKRrBnozowbUzD1yL5NE,2026-10-01T08:10:18+00:00,decode,7,230801,0.31,362.54,,0,,,
ap-6MVKRrBnozowbUzD1yL5NE,2026-10-01T08:10:18+00:00,decode,6,204293,0.27,396.08,,0,,,
ap-6MVKRrBnozowbUzD1yL5NE,2026-10-01T08:10:19+00:00,decode,5,167353,0.22,354.85,,0,,,
ap-6MVKRrBnozowbUzD1yL5NE,2026-10-01T08:10:19+00:00,prefill,5,,0.25,,226.12,0,1,426,20288
ap-6MVKRrBnozowbUzD1yL5NE,2026-10-01T08:10:20+00:00,decode,6,187609,0.25,331.24,,0,,,
ap-6MVKRrBnozowbUzD1yL5NE,2026-10-01T08:10:20+00:00,decode,4,135662,0.18,311.68,,0,,,
ap-6MVKRrBnozowbUzD1yL5NE,2026-10-01T08:10:21+00:00,decode,3,89640,0.12,239.65,,0,,,
ap-6MVKRrBnozowbUzD1yL5NE,2026-10-01T08:10:22+00:00,decode,3,89760,0.12,217.54,,0,,,
ap-6MVKRrBnozowbUzD1yL5NE,2026-10-01T08:10:22+00:00,decode,2,75943,0.1,192.57,,0,,,
ap-6MVKRrBnozowbUzD1yL5NE,2026-10-01T08:10:22+00:00,prefill,2,,0.1,,139.04,0,1,394,27392
ap-6MVKRrBnozowbUzD1yL5NE,2026-10-01T08:10:23+00:00,decode,2,48639,0.07,161.68,,0,,,
ap-6MVKRrBnozowbUzD1yL5NE,2026-10-01T08:10:23+00:00,prefill,2,,0.09,,426.92,0,1,304,20736
ap-6MVKRrBnozowbUzD1yL5NE,2026-10-01T08:10:23+00:00,prefill,3,,0.14,,1137.23,0,1,286,37760
ap-6MVKRrBnozowbUzD1yL5NE,2026-10-01T08:10:23+00:00,decode,4,106474,0.14,191.56,,0,,,
ap-6MVKRrBnozowbUzD1yL5NE,2026-10-01T08:10:24+00:00,decode,2,65320,0.09,249.31,,0,,,
ap-6MVKRrBnozowbUzD1yL5NE,2026-10-01T08:10:24+00:00,prefill,2,,0.15,,690.22,0,1,738,46592
ap-6MVKRrBnozowbUzD1yL5NE,2026-10-01T08:10:25+00:00,decode,3,74614,0.1,157.62,,0,,,
ap-6MVKRrBnozowbUzD1yL5NE,2026-10-01T08:10:25+00:00,decode,1,47394,0.06,108.5,,0,,,
ap-6MVKRrBnozowbUzD1yL5NE,2026-10-01T08:10:26+00:00,prefill,1,,0.1,,589.37,0,1,868,27904
ap-6MVKRrBnozowbUzD1yL5NE,2026-10-01T08:10:26+00:00,decode,2,75520,0.1,64.6,,0,,,
ap-6MVKRrBnozowbUzD1yL5NE,2026-10-01T08:10:26+00:00,prefill,1,,0.09,,2940.11,0,1,1044,41472
ap-6MVKRrBnozowbUzD1yL5NE,2026-10-01T08:10:26+00:00,prefill,2,,0.13,,5250.96,0,1,528,28480
ap-6MVKRrBnozowbUzD1yL5NE,2026-10-01T08:10:26+00:00,prefill,3,,0.16,,3816.57,0,1,445,20992
ap-6MVKRrBnozowbUzD1yL5NE,2026-10-01T08:10:27+00:00,decode,4,119784,0.16,142.41,,0,,,
ap-6MVKRrBnozowbUzD1yL5NE,2026-10-01T08:10:27+00:00,prefill,4,,0.2,,1196.42,0,1,662,32512
ap-6MVKRrBnozowbUzD1yL5NE,2026-10-01T08:10:27+00:00,decode,5,152459,0.2,272.53,,0,,,
ap-6MVKRrBnozowbUzD1yL5NE,2026-10-01T08:10:27+00:00,prefill,5,,0.24,,529.85,0,1,312,27904
ap-6MVKRrBnozowbUzD1yL5NE,2026-10-01T08:10:28+00:00,decode,6,180223,0.24,341.12,,0,,,
ap-6MVKRrBnozowbUzD1yL5NE,2026-10-01T08:10:29+00:00,prefill,5,,0.25,,261.65,0,1,311,38016
ap-6MVKRrBnozowbUzD1yL5NE,2026-10-01T08:10:29+00:00,decode,6,189639,0.25,306.2,,0,,,
ap-6MVKRrBnozowbUzD1yL5NE,2026-10-01T08:10:29+00:00,decode,6,189879,0.25,370.02,,0,,,
ap-6MVKRrBnozowbUzD1yL5NE,2026-10-01T08:10:30+00:00,prefill,5,,0.24,,545.36,0,1,690,21504
ap-6MVKRrBnozowbUzD1yL5NE,2026-10-01T08:10:30+00:00,decode,6,178960,0.24,312.49,,0,,,
ap-6MVKRrBnozowbUzD1yL5NE,2026-10-01T08:10:30+00:00,prefill,6,,0.3,,1802.17,0,1,546,47360
ap-6MVKRrBnozowbUzD1yL5NE,2026-10-01T08:10:31+00:00,decode,6,188691,0.25,330.88,,0,,,
ap-6MVKRrBnozowbUzD1yL5NE,2026-10-01T08:10:31+00:00,decode,4,139571,0.19,326.17,,0,,,
ap-6MVKRrBnozowbUzD1yL5NE,2026-10-01T08:10:32+00:00,decode,3,92397,0.12,223.59,,0,,,
ap-6MVKRrBnozowbUzD1yL5NE,2026-10-01T08:10:32+00:00,decode,3,92517,0.12,216.68,,0,,,
ap-6MVKRrBnozowbUzD1yL5NE,2026-10-01T08:10:33+00:00,decode,2,71468,0.1,191.16,,0,,,
ap-6MVKRrBnozowbUzD1yL5NE,2026-10-01T08:10:34+00:00,decode,2,71548,0.1,151.51,,0,,,
ap-6MVKRrBnozowbUzD1yL5NE,2026-10-01T08:10:34+00:00,prefill,2,,0.15,,54.41,0,1,208,38400
ap-6MVKRrBnozowbUzD1yL5NE,2026-10-01T08:10:34+00:00,decode,3,109560,0.15,154.97,,0,,,
ap-6MVKRrBnozowbUzD1yL5NE,2026-10-01T08:10:35+00:00,decode,2,81035,0.11,180.98,,0,,,
ap-6MVKRrBnozowbUzD1yL5NE,2026-10-01T08:10:35+00:00,prefill,2,,0.15,,402.13,0,1,308,28416
ap-6MVKRrBnozowbUzD1yL5NE,2026-10-01T08:10:35+00:00,prefill,3,,0.21,,1195.54,0,1,304,47872
ap-6MVKRrBnozowbUzD1yL5NE,2026-10-01T08:10:35+00:00,decode,4,156704,0.21,204.7,,0,,,
ap-6MVKRrBnozowbUzD1yL5NE,2026-10-01T08:10:36+00:00,decode,3,118812,0.16,212.86,,0,,,
ap-6MVKRrBnozowbUzD1yL5NE,2026-10-01T08:10:37+00:00,decode,3,118932,0.16,208.67,,0,,,
ap-6MVKRrBnozowbUzD1yL5NE,2026-10-01T08:10:37+00:00,prefill,3,,0.2,,171.18,0,1,352,33280
ap-6MVKRrBnozowbUzD1yL5NE,2026-10-01T08:10:37+00:00,prefill,4,,0.23,,2038.24,0,1,238,21568
ap-6MVKRrBnozowbUzD1yL5NE,2026-10-01T08:10:37+00:00,decode,5,173123,0.23,189.22,,0,,,
ap-6MVKRrBnozowbUzD1yL5NE,2026-10-01T08:10:38+00:00,prefill,5,,0.26,,2373.65,0,1,867,17664
ap-6MVKRrBnozowbUzD1yL5NE,2026-10-01T08:10:38+00:00,prefill,6,,0.29,,2079.04,0,1,436,22144
ap-6MVKRrBnozowbUzD1yL5NE,2026-10-01T08:10:38+00:00,prefill,7,,0.33,,4359.6,0,1,745,29184
ap-6MVKRrBnozowbUzD1yL5NE,2026-10-01T08:10:38+00:00,decode,8,242351,0.33,274.58,,0,,,
ap-6MVKRrBnozowbUzD1yL5NE,2026-10-01T08:10:39+00:00,prefill,7,,0.31,,331.02,0,1,233,38656
ap-6MVKRrBnozowbUzD1yL5NE,2026-10-01T08:10:39+00:00,decode,7,231409,0.31,404.98,,0,,,
ap-6MVKRrBnozowbUzD1yL5NE,2026-10-01T08:10:40+00:00,decode,7,231689,0.31,407.56,,0,,,
ap-6MVKRrBnozowbUzD1yL5NE,2026-10-01T08:10:40+00:00,prefill,7,,0.35,,615.03,0,1,761,28992
ap-6MVKRrBnozowbUzD1yL5NE,2026-10-01T08:10:40+00:00,decode,8,222766,0.3,382.03,,0,,,
ap-6MVKRrBnozowbUzD1yL5NE,2026-10-01T08:10:41+00:00,decode,7,223046,0.3,416.44,,0,,,
ap-6MVKRrBnozowbUzD1yL5NE,2026-10-01T08:10:42+00:00,decode,6,201218,0.27,391.85,,0,,,
ap-6MVKRrBnozowbUzD1yL5NE,2026-10-01T08:10:42+00:00,prefill,3,,0.18,,105.06,0,1,226,28928
ap-6MVKRrBnozowbUzD1yL5NE,2026-10-01T08:10:42+00:00,decode,4,134711,0.18,243.05,,0,,,
ap-6MVKRrBnozowbUzD1yL5NE,2026-10-01T08:10:43+00:00,decode,4,134871,0.18,270.56,,0,,,
ap-6MVKRrBnozowbUzD1yL5NE,2026-10-01T08:10:43+00:00,decode,4,135031,0.18,270.52,,0,,,
ap-6MVKRrBnozowbUzD1yL5NE,2026-10-01T08:10:44+00:00,decode,4,135191,0.18,270.96,,0,,,
ap-6MVKRrBnozowbUzD1yL5NE,2026-10-01T08:10:44+00:00,prefill,4,,0.23,,116.99,0,1,258,38912
ap-6MVKRrBnozowbUzD1yL5NE,2026-10-01T08:10:44+00:00,prefill,5,,0.3,,1186.39,0,1,284,48384
ap-6MVKRrBnozowbUzD1yL5NE,2026-10-01T08:10:45+00:00,prefill,6,,0.32,,4436.55,0,1,250,15360
ap-6MVKRrBnozowbUzD1yL5NE,2026-10-01T08:10:45+00:00,prefill,7,,0.34,,3551.54,0,1,450,18688
ap-6MVKRrBnozowbUzD1yL5NE,2026-10-01T08:10:45+00:00,decode,8,255282,0.34,290.83,,0,,,
ap-6MVKRrBnozowbUzD1yL5NE,2026-10-01T08:10:46+00:00,decode,8,255602,0.34,452.12,,0,,,
ap-6MVKRrBnozowbUzD1yL5NE,2026-10-01T08:10:46+00:00,decode,5,183753,0.25,380.32,,0,,,
ap-6MVKRrBnozowbUzD1yL5NE,2026-10-01T08:10:47+00:00,decode,5,183953,0.25,311.92,,0,,,
ap-6MVKRrBnozowbUzD1yL5NE,2026-10-01T08:10:48+00:00,decode,4,163357,0.22,269.39,,0,,,
ap-6MVKRrBnozowbUzD1yL5NE,2026-10-01T08:10:48+00:00,prefill,4,,0.22,,168.02,0,1,501,22528
ap-6MVKRrBnozowbUzD1yL5NE,2026-10-01T08:10:48+00:00,decode,5,163562,0.22,307.5,,0,,,
ap-6MVKRrBnozowbUzD1yL5NE,2026-10-01T08:10:49+00:00,decode,3,93097,0.12,276.64,,0,,,
ap-6MVKRrBnozowbUzD1yL5NE,2026-10-01T08:10:49+00:00,decode,3,93217,0.13,216.72,,0,,,
ap-6MVKRrBnozowbUzD1yL5NE,2026-10-01T08:10:50+00:00,prefill,3,,0.18,,125.51,0,1,283,39168
ap-6MVKRrBnozowbUzD1yL5NE,2026-10-01T08:10:50+00:00,decode,4,132111,0.18,211.41,,0,,,
ap-6MVKRrBnozowbUzD1yL5NE,2026-10-01T08:10:51+00:00,decode,4,132271,0.18,272.44,,0,,,
ap-6MVKRrBnozowbUzD1yL5NE,2026-10-01T08:10:51+00:00,decode,3,103384,0.14,264.31,,0,,,
ap-6MVKRrBnozowbUzD1yL5NE,2026-10-01T08:10:51+00:00,prefill,3,,0.2,,99.0,0,1,135,48896
ap-6MVKRrBnozowbUzD1yL5NE,2026-10-01T08:10:52+00:00,decode,2,64610,0.09,177.08,,0,,,
ap-6MVKRrBnozowbUzD1yL5NE,2026-10-01T08:10:52+00:00,prefill,2,,0.15,,732.92,0,1,841,43776
ap-6MVKRrBnozowbUzD1yL5NE,2026-10-01T08:10:52+00:00,decode,3,108621,0.15,127.84,,0,,,
ap-6MVKRrBnozowbUzD1yL5NE,2026-10-01T08:10:53+00:00,decode,3,108741,0.15,211.37,,0,,,
ap-6MVKRrBnozowbUzD1yL5NE,2026-10-01T08:10:54+00:00,decode,2,74911,0.1,208.43,,0,,,
ap-6MVKRrBnozowbUzD1yL5NE,2026-10-01T08:10:54+00:00,decode,2,74991,0.1,150.71,,0,,,
ap-6MVKRrBnozowbUzD1yL5NE,2026-10-01T08:10:54+00:00,prefill,2,,0.14,,282.2,0,1,556,29696
ap-6MVKRrBnozowbUzD1yL5NE,2026-10-01T08:10:55+00:00,decode,3,104662,0.14,166.51,,0,,,
ap-6MVKRrBnozowbUzD1yL5NE,2026-10-01T08:10:55+00:00,prefill,3,,0.18,,1789.45,0,1,1231,29120
ap-6MVKRrBnozowbUzD1yL5NE,2026-10-01T08:10:55+00:00,prefill,4,,0.25,,975.8,0,1,143,49024
ap-6MVKRrBnozowbUzD1yL5NE,2026-10-01T08:10:55+00:00,prefill,5,,0.3,,1717.48,0,1,308,39424
ap-6MVKRrBnozowbUzD1yL5NE,2026-10-01T08:10:56+00:00,decode,6,222029,0.3,208.49,,0,,,
ap-6MVKRrBnozowbUzD1yL5NE,2026-10-01T08:10:56+00:00,decode,5,173730,0.23,318.18,,0,,,
ap-6MVKRrBnozowbUzD1yL5NE,2026-10-01T08:10:57+00:00,decode,4,144219,0.19,273.63,,0,,,
ap-6MVKRrBnozowbUzD1yL5NE,2026-10-01T08:10:57+00:00,decode,2,75391,0.1,195.94,,0,,,
ap-6MVKRrBnozowbUzD1yL5NE,2026-10-01T08:10:58+00:00,decode,2,75471,0.1,150.5,,0,,,
ap-6MVKRrBnozowbUzD1yL5NE,2026-10-01T08:10:58+00:00,decode,2,75551,0.1,150.34,,0,,,
ap-6MVKRrBnozowbUzD1yL5NE,2026-10-01T08:10:59+00:00,decode,2,75631,0.1,150.31,,0,,,
ap-6MVKRrBnozowbUzD1yL5NE,2026-10-01T08:10:59+00:00,prefill,2,,0.17,,39.84,0,1,151,49152
ap-6MVKRrBnozowbUzD1yL5NE,2026-10-01T08:11:00+00:00,prefill,3,,0.15,,2007.77,0,1,791,34560
ap-6MVKRrBnozowbUzD1yL5NE,2026-10-01T08:11:00+00:00,decode,3,110381,0.15,150.81,,0,,,
ap-6MVKRrBnozowbUzD1yL5NE,2026-10-01T08:11:00+00:00,decode,2,79850,0.11,206.76,,0,,,
ap-6MVKRrBnozowbUzD1yL5NE,2026-10-01T08:11:01+00:00,prefill,2,,0.16,,282.9,0,1,333,39680
ap-6MVKRrBnozowbUzD1yL5NE,2026-10-01T08:11:01+00:00,decode,3,119263,0.16,144.07,,0,,,
ap-6MVKRrBnozowbUzD1yL5NE,2026-10-01T08:11:01+00:00,prefill,3,,0.2,,1346.16,0,1,296,30464
ap-6MVKRrBnozowbUzD1yL5NE,2026-10-01T08:11:01+00:00,decode,4,149491,0.2,238.27,,0,,,
ap-6MVKRrBnozowbUzD1yL5NE,2026-10-01T08:11:02+00:00,decode,4,149651,0.2,265.61,,0,,,
ap-6MVKRrBnozowbUzD1yL5NE,2026-10-01T08:11:03+00:00,decode,3,110358,0.15,220.99,,0,,,
ap-6MVKRrBnozowbUzD1yL5NE,2026-10-01T08:11:03+00:00,prefill,3,,0.21,,75.66,0,1,159,49280
ap-6MVKRrBnozowbUzD1yL5NE,2026-10-01T08:11:03+00:00,decode,4,159244,0.21,214.52,,0,,,
ap-6MVKRrBnozowbUzD1yL5NE,2026-10-01T08:11:04+00:00,prefill,3,,0.19,,872.02,0,1,689,31232
ap-6MVKRrBnozowbUzD1yL5NE,2026-10-01T08:11:04+00:00,decode,4,141838,0.19,217.48,,0,,,
ap-6MVKRrBnozowbUzD1yL5NE,2026-10-01T08:11:05+00:00,decode,4,141998,0.19,268.32,,0,,,
ap-6MVKRrBnozowbUzD1yL5NE,2026-10-01T08:11:05+00:00,prefill,3,,0.16,,442.99,0,1,585,21760
ap-6MVKRrBnozowbUzD1yL5NE,2026-10-01T08:11:05+00:00,decode,4,119047,0.16,233.69,,0,,,
ap-6MVKRrBnozowbUzD1yL5NE,2026-10-01T08:11:06+00:00,decode,3,87847,0.12,267.06,,0,,,
ap-6MVKRrBnozowbUzD1yL5NE,2026-10-01T08:11:06+00:00,decode,3,87967,0.12,218.41,,0,,,
ap-6MVKRrBnozowbUzD1yL5NE,2026-10-01T08:11:07+00:00,decode,3,88087,0.12,218.54,,0,,,
ap-6MVKRrBnozowbUzD1yL5NE,2026-10-01T08:11:07+00:00,prefill,3,,0.18,,100.91,0,1,186,49408
ap-6MVKRrBnozowbUzD1yL5NE,2026-10-01T08:11:07+00:00,decode,3,88207,0.12,230.79,,0,,,
ap-6MVKRrBnozowbUzD1yL5NE,2026-10-01T08:11:08+00:00,decode,3,88327,0.12,217.87,,0,,,
ap-6MVKRrBnozowbUzD1yL5NE,2026-10-01T08:11:09+00:00,decode,3,88447,0.12,218.12,,0,,,
ap-6MVKRrBnozowbUzD1yL5NE,2026-10-01T08:11:09+00:00,prefill,3,,0.16,,323.06,0,1,543,30208
ap-6MVKRrBnozowbUzD1yL5NE,2026-10-01T08:11:09+00:00,prefill,4,,0.2,,580.04,0,1,251,32000
ap-6MVKRrBnozowbUzD1yL5NE,2026-10-01T08:11:09+00:00,decode,5,150246,0.2,241.84,,0,,,
ap-6MVKRrBnozowbUzD1yL5NE,2026-10-01T08:11:09+00:00,prefill,5,,0.26,,2059.12,0,1,594,45312
ap-6MVKRrBnozowbUzD1yL5NE,2026-10-01T08:11:10+00:00,prefill,6,,0.33,,503.98,0,1,197,49536
ap-6MVKRrBnozowbUzD1yL5NE,2026-10-01T08:11:10+00:00,decode,6,213151,0.29,319.1,,0,,,
ap-6MVKRrBnozowbUzD1yL5NE,2026-10-01T08:11:11+00:00,decode,4,152499,0.2,341.19,,0,,,
ap-6MVKRrBnozowbUzD1yL5NE,2026-10-01T08:11:11+00:00,decode,3,103515,0.14,222.62,,0,,,
ap-6MVKRrBnozowbUzD1yL5NE,2026-10-01T08:11:12+00:00,decode,3,103635,0.14,213.05,,0,,,
ap-6MVKRrBnozowbUzD1yL5NE,2026-10-01T08:11:12+00:00,decode,3,103755,0.14,213.11,,0,,,
ap-6MVKRrBnozowbUzD1yL5NE,2026-10-01T08:11:13+00:00,decode,3,103875,0.14,213.27,,0,,,
ap-6MVKRrBnozowbUzD1yL5NE,2026-10-01T08:11:13+00:00,prefill,3,,0.18,,57.53,0,1,213,32256
ap-6MVKRrBnozowbUzD1yL5NE,2026-10-01T08:11:14+00:00,decode,4,135785,0.18,210.8,,0,,,
ap-6MVKRrBnozowbUzD1yL5NE,2026-10-01T08:11:14+00:00,prefill,3,,0.2,,351.66,0,1,238,49728
ap-6MVKRrBnozowbUzD1yL5NE,2026-10-01T08:11:14+00:00,decode,4,149600,0.2,249.03,,0,,,
ap-6MVKRrBnozowbUzD1yL5NE,2026-10-01T08:11:14+00:00,prefill,4,,0.24,,4060.18,0,1,851,31232
ap-6MVKRrBnozowbUzD1yL5NE,2026-10-01T08:11:15+00:00,decode,4,149326,0.2,234.9,,0,,,
ap-6MVKRrBnozowbUzD1yL5NE,2026-10-01T08:11:16+00:00,decode,3,100121,0.13,216.92,,0,,,
ap-6MVKRrBnozowbUzD1yL5NE,2026-10-01T08:11:16+00:00,decode,3,100241,0.13,214.25,,0,,,
ap-6MVKRrBnozowbUzD1yL5NE,2026-10-01T08:11:17+00:00,decode,2,68805,0.09,208.24,,0,,,
ap-6MVKRrBnozowbUzD1yL5NE,2026-10-01T08:11:17+00:00,decode,2,68885,0.09,152.0,,0,,,
ap-6MVKRrBnozowbUzD1yL5NE,2026-10-01T08:11:18+00:00,decode,2,68965,0.09,151.86,,0,,,
ap-6MVKRrBnozowbUzD1yL5NE,2026-10-01T08:11:18+00:00,prefill,2,,0.14,,88.64,0,1,331,32512
ap-6MVKRrBnozowbUzD1yL5NE,2026-10-01T08:11:18+00:00,decode,3,101213,0.14,157.94,,0,,,
ap-6MVKRrBnozowbUzD1yL5NE,2026-10-01T08:11:18+00:00,prefill,3,,0.2,,839.21,0,1,214,49920
ap-6MVKRrBnozowbUzD1yL5NE,2026-10-01T08:11:19+00:00,decode,3,101333,0.14,243.3,,0,,,
ap-6MVKRrBnozowbUzD1yL5NE,2026-10-01T08:11:19+00:00,decode,2,55557,0.07,204.19,,0,,,
ap-6MVKRrBnozowbUzD1yL5NE,2026-10-01T08:11:20+00:00,decode,1,32977,0.04,103.6,,0,,,
ap-6MVKRrBnozowbUzD1yL5NE,2026-10-01T08:11:20+00:00,prefill,1,,0.09,,790.82,0,1,1654,35328
ap-6MVKRrBnozowbUzD1yL5NE,2026-10-01T08:11:21+00:00,prefill,2,,0.14,,7190.27,0,1,745,32064
ap-6MVKRrBnozowbUzD1yL5NE,2026-10-01T08:11:21+00:00,decode,3,101473,0.14,95.46,,0,,,
ap-6MVKRrBnozowbUzD1yL5NE,2026-10-01T08:11:21+00:00,decode,3,101593,0.14,214.13,,0,,,
ap-6MVKRrBnozowbUzD1yL5NE,2026-10-01T08:11:22+00:00,decode,3,101713,0.14,213.85,,0,,,
ap-6MVKRrBnozowbUzD1yL5NE,2026-10-01T08:11:22+00:00,prefill,3,,0.2,,93.11,0,1,179,50112
ap-6MVKRrBnozowbUzD1yL5NE,2026-10-01T08:11:23+00:00,decode,4,151442,0.2,205.78,,0,,,
ap-6MVKRrBnozowbUzD1yL5NE,2026-10-01T08:11:23+00:00,prefill,4,,0.24,,1131.41,0,1,530,30720
ap-6MVKRrBnozowbUzD1yL5NE,2026-10-01T08:11:23+00:00,prefill,5,,0.31,,2977.78,0,1,990,46336
ap-6MVKRrBnozowbUzD1yL5NE,2026-10-01T08:11:23+00:00,decode,6,228830,0.31,219.8,,0,,,
ap-6MVKRrBnozowbUzD1yL5NE,2026-10-01T08:11:24+00:00,prefill,6,,0.34,,1880.51,0,1,549,23040
ap-6MVKRrBnozowbUzD1yL5NE,2026-10-01T08:11:24+00:00,decode,6,219479,0.29,334.16,,0,,,
ap-6MVKRrBnozowbUzD1yL5NE,2026-10-01T08:11:25+00:00,decode,6,219719,0.29,356.19,,0,,,
ap-6MVKRrBnozowbUzD1yL5NE,2026-10-01T08:11:25+00:00,decode,5,189256,0.25,323.25,,0,,,
ap-6MVKRrBnozowbUzD1yL5NE,2026-10-01T08:11:26+00:00,decode,4,156994,0.21,283.76,,0,,,
ap-6MVKRrBnozowbUzD1yL5NE,2026-10-01T08:11:27+00:00,decode,2,70631,0.09,199.94,,0,,,
ap-6MVKRrBnozowbUzD1yL5NE,2026-10-01T08:11:27+00:00,prefill,1,,0.11,,79.17,0,1,286,33024
ap-6MVKRrBnozowbUzD1yL5NE,2026-10-01T08:11:27+00:00,decode,2,80200,0.11,110.16,,0,,,
ap-6MVKRrBnozowbUzD1yL5NE,2026-10-01T08:11:28+00:00,decode,2,80280,0.11,149.61,,0,,,
ap-6MVKRrBnozowbUzD1yL5NE,2026-10-01T08:11:28+00:00,decode,2,47654,0.06,148.72,,0,,,
ap-6MVKRrBnozowbUzD1yL5NE,2026-10-01T08:11:29+00:00,decode,1,47694,0.06,78.91,,0,,,
ap-6MVKRrBnozowbUzD1yL5NE,2026-10-01T08:11:29+00:00,prefill,1,,0.11,,172.39,0,1,349,33024
ap-6MVKRrBnozowbUzD1yL5NE,2026-10-01T08:11:29+00:00,decode,2,80436,0.11,95.06,,0,,,
ap-6MVKRrBnozowbUzD1yL5NE,2026-10-01T08:11:30+00:00,prefill,2,,0.17,,419.92,0,1,198,50432
ap-6MVKRrBnozowbUzD1yL5NE,2026-10-01T08:11:30+00:00,decode,3,130482,0.18,170.44,,0,,,
ap-6MVKRrBnozowbUzD1yL5NE,2026-10-01T08:11:31+00:00,decode,2,80596,0.11,162.68,,0,,,
ap-6MVKRrBnozowbUzD1yL5NE,2026-10-01T08:11:31+00:00,decode,2,80676,0.11,149.69,,0,,,
ap-6MVKRrBnozowbUzD1yL5NE,2026-10-01T08:11:32+00:00,prefill,2,,0.15,,119.02,0,1,234,33280
ap-6MVKRrBnozowbUzD1yL5NE,2026-10-01T08:11:32+00:00,decode,3,113584,0.15,141.55,,0,,,
ap-6MVKRrBnozowbUzD1yL5NE,2026-10-01T08:11:32+00:00,decode,3,113704,0.15,210.24,,0,,,
ap-6MVKRrBnozowbUzD1yL5NE,2026-10-01T08:11:33+00:00,prefill,3,,0.2,,566.08,0,1,547,37120
ap-6MVKRrBnozowbUzD1yL5NE,2026-10-01T08:11:33+00:00,decode,4,174139,0.23,197.75,,0,,,
ap-6MVKRrBnozowbUzD1yL5NE,2026-10-01T08:11:33+00:00,prefill,4,,0.23,,1251.72,0,1,455,23552
ap-6MVKRrBnozowbUzD1yL5NE,2026-10-01T08:11:34+00:00,prefill,4,,0.24,,241.19,0,1,155,50624
ap-6MVKRrBnozowbUzD1yL5NE,2026-10-01T08:11:34+00:00,decode,5,177113,0.24,284.95,,0,,,
ap-6MVKRrBnozowbUzD1yL5NE,2026-10-01T08:11:34+00:00,decode,4,127179,0.17,306.01,,0,,,
ap-6MVKRrBnozowbUzD1yL5NE,2026-10-01T08:11:35+00:00,decode,4,127339,0.17,274.27,,0,,,
ap-6MVKRrBnozowbUzD1yL5NE,2026-10-01T08:11:35+00:00,decode,4,127499,0.17,274.12,,0,,,
ap-6MVKRrBnozowbUzD1yL5NE,2026-10-01T08:11:36+00:00,decode,1,37888,0.05,192.81,,0,,,
ap-6MVKRrBnozowbUzD1yL5NE,2026-10-01T08:11:37+00:00,decode,1,37928,0.05,77.88,,0,,,
ap-6MVKRrBnozowbUzD1yL5NE,2026-10-01T08:11:37+00:00,decode,1,37968,0.05,78.0,,0,,,
ap-6MVKRrBnozowbUzD1yL5NE,2026-10-01T08:11:37+00:00,prefill,1,,0.09,,138.54,0,1,517,31232
ap-6MVKRrBnozowbUzD1yL5NE,2026-10-01T08:11:38+00:00,prefill,2,,0.16,,1121.86,0,1,181,50752
ap-6MVKRrBnozowbUzD1yL5NE,2026-10-01T08:11:38+00:00,decode,3,119348,0.16,108.88,,0,,,
ap-6MVKRrBnozowbUzD1yL5NE,2026-10-01T08:11:38+00:00,prefill,3,,0.22,,2134.58,0,1,625,47872
ap-6MVKRrBnozowbUzD1yL5NE,2026-10-01T08:11:38+00:00,prefill,4,,0.27,,1526.57,0,1,334,33536
ap-6MVKRrBnozowbUzD1yL5NE,2026-10-01T08:11:38+00:00,decode,4,150225,0.2,223.75,,0,,,
ap-6MVKRrBnozowbUzD1yL5NE,2026-10-01T08:11:39+00:00,decode,2,79738,0.11,197.38,,0,,,
ap-6MVKRrBnozowbUzD1yL5NE,2026-10-01T08:11:39+00:00,prefill,1,,0.11,,213.46,0,1,280,33792
ap-6MVKRrBnozowbUzD1yL5NE,2026-10-01T08:11:40+00:00,decode,2,82019,0.11,117.63,,0,,,
ap-6MVKRrBnozowbUzD1yL5NE,2026-10-01T08:11:40+00:00,decode,2,82099,0.11,148.99,,0,,,
ap-6MVKRrBnozowbUzD1yL5NE,2026-10-01T08:11:41+00:00,decode,2,82179,0.11,149.04,,0,,,
ap-6MVKRrBnozowbUzD1yL5NE,2026-10-01T08:11:41+00:00,decode,2,82259,0.11,149.03,,0,,,
ap-6MVKRrBnozowbUzD1yL5NE,2026-10-01T08:11:41+00:00,prefill,2,,0.14,,133.75,0,1,282,24064
ap-6MVKRrBnozowbUzD1yL5NE,2026-10-01T08:11:42+00:00,prefill,3,,0.21,,672.8,0,1,154,50944
ap-6MVKRrBnozowbUzD1yL5NE,2026-10-01T08:11:42+00:00,decode,4,189779,0.25,167.49,,0,,,
ap-6MVKRrBnozowbUzD1yL5NE,2026-10-01T08:11:42+00:00,prefill,4,,0.25,,836.03,0,1,171,33856
ap-6MVKRrBnozowbUzD1yL5NE,2026-10-01T08:11:42+00:00,decode,3,106143,0.14,267.01,,0,,,
ap-6MVKRrBnozowbUzD1yL5NE,2026-10-01T08:11:43+00:00,decode,3,106263,0.14,212.48,,0,,,
ap-6MVKRrBnozowbUzD1yL5NE,2026-10-01T08:11:44+00:00,prefill,3,,0.17,,183.92,0,1,299,21760
ap-6MVKRrBnozowbUzD1yL5NE,2026-10-01T08:11:44+00:00,decode,4,127767,0.17,212.63,,0,,,
ap-6MVKRrBnozowbUzD1yL5NE,2026-10-01T08:11:44+00:00,decode,4,127927,0.17,273.22,,0,,,
ap-6MVKRrBnozowbUzD1yL5NE,2026-10-01T08:11:45+00:00,prefill,4,,0.22,,462.1,0,1,546,37888
ap-6MVKRrBnozowbUzD1yL5NE,2026-10-01T08:11:45+00:00,decode,3,120501,0.16,251.82,,0,,,
ap-6MVKRrBnozowbUzD1yL5NE,2026-10-01T08:11:46+00:00,decode,3,120621,0.16,208.47,,0,,,
ap-6MVKRrBnozowbUzD1yL5NE,2026-10-01T08:11:46+00:00,prefill,1,,0.11,,110.57,0,1,121,34048
ap-6MVKRrBnozowbUzD1yL5NE,2026-10-01T08:11:46+00:00,decode,1,49055,0.07,154.11,,0,,,
ap-6MVKRrBnozowbUzD1yL5NE,2026-10-01T08:11:47+00:00,decode,1,49095,0.07,76.55,,0,,,
ap-6MVKRrBnozowbUzD1yL5NE,2026-10-01T08:11:47+00:00,decode,1,49135,0.07,76.45,,0,,,
ap-6MVKRrBnozowbUzD1yL5NE,2026-10-01T08:11:48+00:00,decode,1,49175,0.07,76.41,,0,,,
ap-6MVKRrBnozowbUzD1yL5NE,2026-10-01T08:11:49+00:00,prefill,0,,0.03,,86.47,0,1,238,19200
ap-6MVKRrBnozowbUzD1yL5NE,2026-10-01T08:11:49+00:00,decode,1,19463,0.03,34.45,,0,,,
ap-6MVKRrBnozowbUzD1yL5NE,2026-10-01T08:11:49+00:00,prefill,1,,0.05,,633.57,0,1,479,34304
ap-6MVKRrBnozowbUzD1yL5NE,2026-10-01T08:11:49+00:00,decode,1,68416,0.09,65.69,,0,,,
ap-6MVKRrBnozowbUzD1yL5NE,2026-10-01T08:11:49+00:00,prefill,1,,0.09,,1255.93,0,1,199,34112
ap-6MVKRrBnozowbUzD1yL5NE,2026-10-01T08:11:50+00:00,decode,1,34833,0.05,148.63,,0,,,
ap-6MVKRrBnozowbUzD1yL5NE,2026-10-01T08:11:50+00:00,prefill,1,,0.08,,368.3,0,1,332,22016
ap-6MVKRrBnozowbUzD1yL5NE,2026-10-01T08:11:51+00:00,decode,2,56549,0.08,96.55,,0,,,
ap-6MVKRrBnozowbUzD1yL5NE,2026-10-01T08:11:51+00:00,prefill,2,,0.11,,1650.42,0,1,444,24320
ap-6MVKRrBnozowbUzD1yL5NE,2026-10-01T08:11:51+00:00,prefill,3,,0.13,,1728.43,0,1,337,15616
ap-6MVKRrBnozowbUzD1yL5NE,2026-10-01T08:11:51+00:00,decode,4,96039,0.13,219.98,,0,,,
ap-6MVKRrBnozowbUzD1yL5NE,2026-10-01T08:11:51+00:00,prefill,4,,0.18,,297.65,0,1,196,38400
ap-6MVKRrBnozowbUzD1yL5NE,2026-10-01T08:11:52+00:00,prefill,4,,0.18,,3225.89,0,1,504,31744
ap-6MVKRrBnozowbUzD1yL5NE,2026-10-01T08:11:52+00:00,decode,5,131445,0.18,260.2,,0,,,
ap-6MVKRrBnozowbUzD1yL5NE,2026-10-01T08:11:52+00:00,prefill,5,,0.24,,2047.42,0,1,766,49152
ap-6MVKRrBnozowbUzD1yL5NE,2026-10-01T08:11:52+00:00,prefill,6,,0.27,,7127.05,0,1,683,23296
ap-6MVKRrBnozowbUzD1yL5NE,2026-10-01T08:11:53+00:00,decode,6,180046,0.24,295.18,,0,,,
ap-6MVKRrBnozowbUzD1yL5NE,2026-10-01T08:11:53+00:00,prefill,6,,0.29,,139.18,0,1,165,34304
ap-6MVKRrBnozowbUzD1yL5NE,2026-10-01T08:11:53+00:00,decode,6,176063,0.24,358.29,,0,,,
ap-6MVKRrBnozowbUzD1yL5NE,2026-10-01T08:11:54+00:00,decode,5,144604,0.19,343.89,,0,,,
ap-6MVKRrBnozowbUzD1yL5NE,2026-10-01T08:11:55+00:00,decode,4,110936,0.15,325.92,,0,,,
ap-6MVKRrBnozowbUzD1yL5NE,2026-10-01T08:11:55+00:00,decode,4,111096,0.15,279.64,,0,,,
ap-6MVKRrBnozowbUzD1yL5NE,2026-10-01T08:11:55+00:00,prefill,4,,0.2,,177.59,0,1,362,34816
ap-6MVKRrBnozowbUzD1yL5NE,2026-10-01T08:11:56+00:00,decode,3,108213,0.15,263.36,,0,,,
ap-6MVKRrBnozowbUzD1yL5NE,2026-10-01T08:11:56+00:00,decode,3,108333,0.15,211.91,,0,,,
ap-6MVKRrBnozowbUzD1yL5NE,2026-10-01T08:11:57+00:00,decode,3,108453,0.15,212.17,,0,,,
ap-6MVKRrBnozowbUzD1yL5NE,2026-10-01T08:11:58+00:00,decode,2,58985,0.08,169.36,,0,,,
ap-6MVKRrBnozowbUzD1yL5NE,2026-10-01T08:11:58+00:00,prefill,1,,0.08,,91.18,0,1,241,34432
ap-6MVKRrBnozowbUzD1yL5NE,2026-10-01T08:11:58+00:00,decode,2,58370,0.08,114.0,,0,,,
ap-6MVKRrBnozowbUzD1yL5NE,2026-10-01T08:11:58+00:00,prefill,2,,0.11,,1683.75,0,1,581,24832
ap-6MVKRrBnozowbUzD1yL5NE,2026-10-01T08:11:59+00:00,decode,3,83203,0.11,173.64,,0,,,
ap-6MVKRrBnozowbUzD1yL5NE,2026-10-01T08:11:59+00:00,decode,3,83323,0.11,220.08,,0,,,
ap-6MVKRrBnozowbUzD1yL5NE,2026-10-01T08:12:00+00:00,prefill,3,,0.16,,119.47,0,1,157,38656
ap-6MVKRrBnozowbUzD1yL5NE,2026-10-01T08:12:00+00:00,decode,4,121581,0.16,222.51,,0,,,
ap-6MVKRrBnozowbUzD1yL5NE,2026-10-01T08:12:00+00:00,decode,4,121741,0.16,275.97,,0,,,
ap-6MVKRrBnozowbUzD1yL5NE,2026-10-01T08:12:01+00:00,prefill,4,,0.21,,579.87,0,1,568,35328
ap-6MVKRrBnozowbUzD1yL5NE,2026-10-01T08:12:01+00:00,prefill,5,,0.28,,1340.23,0,1,601,50176
ap-6MVKRrBnozowbUzD1yL5NE,2026-10-01T08:12:01+00:00,prefill,6,,0.27,,3933.79,0,1,241,22528
ap-6MVKRrBnozowbUzD1yL5NE,2026-10-01T08:12:01+00:00,decode,6,166197,0.22,237.04,,0,,,
ap-6MVKRrBnozowbUzD1yL5NE,2026-10-01T08:12:02+00:00,decode,5,166397,0.22,319.27,,0,,,
ap-6MVKRrBnozowbUzD1yL5NE,2026-10-01T08:12:02+00:00,decode,3,82149,0.11,292.99,,0,,,
ap-6MVKRrBnozowbUzD1yL5NE,2026-10-01T08:12:03+00:00,decode,2,46908,0.06,215.62,,0,,,
ap-6MVKRrBnozowbUzD1yL5NE,2026-10-01T08:12:04+00:00,decode,2,46988,0.06,157.58,,0,,,
ap-6MVKRrBnozowbUzD1yL5NE,2026-10-01T08:12:04+00:00,decode,2,47068,0.06,157.48,,0,,,
ap-6MVKRrBnozowbUzD1yL5NE,2026-10-01T08:12:05+00:00,decode,1,24818,0.03,87.52,,0,,,
ap-6MVKRrBnozowbUzD1yL5NE,2026-10-01T08:12:05+00:00,decode,1,24858,0.03,79.57,,0,,,
ap-6MVKRrBnozowbUzD1yL5NE,2026-10-01T08:12:06+00:00,decode,1,24898,0.03,79.6,,0,,,
ap-6MVKRrBnozowbUzD1yL5NE,2026-10-01T08:12:06+00:00,prefill,1,,0.08,,53.74,0,1,254,34816
ap-6MVKRrBnozowbUzD1yL5NE,2026-10-01T08:12:06+00:00,prefill,2,,0.12,,2055.29,0,1,491,32256
ap-6MVKRrBnozowbUzD1yL5NE,2026-10-01T08:12:06+00:00,decode,3,91404,0.12,100.74,,0,,,
ap-6MVKRrBnozowbUzD1yL5NE,2026-10-01T08:12:06+00:00,prefill,3,,0.19,,1262.47,0,1,252,50752
ap-6MVKRrBnozowbUzD1yL5NE,2026-10-01T08:12:07+00:00,decode,4,141873,0.19,242.94,,0,,,
ap-6MVKRrBnozowbUzD1yL5NE,2026-10-01T08:12:07+00:00,prefill,4,,0.24,,601.67,0,1,523,35840
ap-6MVKRrBnozowbUzD1yL5NE,2026-10-01T08:12:07+00:00,prefill,4,,0.23,,1866.79,0,1,380,25408
ap-6MVKRrBnozowbUzD1yL5NE,2026-10-01T08:12:08+00:00,decode,5,168364,0.23,240.67,,0,,,
ap-6MVKRrBnozowbUzD1yL5NE,2026-10-01T08:12:08+00:00,prefill,4,,0.23,,273.54,0,1,183,38784
ap-6MVKRrBnozowbUzD1yL5NE,2026-10-01T08:12:08+00:00,decode,5,174668,0.23,293.95,,0,,,
ap-6MVKRrBnozowbUzD1yL5NE,2026-10-01T08:12:09+00:00,decode,4,150460,0.2,309.49,,0,,,
ap-6MVKRrBnozowbUzD1yL5NE,2026-10-01T08:12:09+00:00,decode,2,87017,0.12,204.48,,0,,,
ap-6MVKRrBnozowbUzD1yL5NE,2026-10-01T08:12:10+00:00,decode,2,87097,0.12,148.09,,0,,,
ap-6MVKRrBnozowbUzD1yL5NE,2026-10-01T08:12:10+00:00,decode,2,87177,0.12,148.11,,0,,,
ap-6MVKRrBnozowbUzD1yL5NE,2026-10-01T08:12:11+00:00,prefill,1,,0.12,,76.59,0,1,202,35072
ap-6MVKRrBnozowbUzD1yL5NE,2026-10-01T08:12:11+00:00,decode,2,85935,0.12,132.41,,0,,,
ap-6MVKRrBnozowbUzD1yL5NE,2026-10-01T08:12:12+00:00,decode,2,86015,0.12,148.18,,0,,,
ap-6MVKRrBnozowbUzD1yL5NE,2026-10-01T08:12:12+00:00,decode,1,51399,0.07,103.88,,0,,,
ap-6MVKRrBnozowbUzD1yL5NE,2026-10-01T08:12:13+00:00,decode,1,51439,0.07,76.33,,0,,,
ap-6MVKRrBnozowbUzD1yL5NE,2026-10-01T08:12:13+00:00,decode,1,51479,0.07,76.41,,0,,,
ap-6MVKRrBnozowbUzD1yL5NE,2026-10-01T08:12:14+00:00,prefill,0,,0.05,,176.6,0,1,672,36352
ap-6MVKRrBnozowbUzD1yL5NE,2026-10-01T08:12:15+00:00,decode,1,37034,0.05,28.59,,0,,,
ap-6MVKRrBnozowbUzD1yL5NE,2026-10-01T08:12:15+00:00,prefill,1,,0.08,,386.05,0,1,178,25856
ap-6MVKRrBnozowbUzD1yL5NE,2026-10-01T08:12:15+00:00,decode,2,62438,0.08,100.87,,0,,,
ap-6MVKRrBnozowbUzD1yL5NE,2026-10-01T08:12:15+00:00,prefill,2,,0.13,,523.52,0,1,158,35328
ap-6MVKRrBnozowbUzD1yL5NE,2026-10-01T08:12:16+00:00,decode,3,97354,0.13,195.81,,0,,,
ap-6MVKRrBnozowbUzD1yL5NE,2026-10-01T08:12:16+00:00,decode,3,97474,0.13,215.51,,0,,,
ap-6MVKRrBnozowbUzD1yL5NE,2026-10-01T08:12:17+00:00,prefill,1,,0.12,,124.89,0,1,159,51456
ap-6MVKRrBnozowbUzD1yL5NE,2026-10-01T08:12:17+00:00,prefill,2,,0.17,,1393.76,0,1,228,38912
ap-6MVKRrBnozowbUzD1yL5NE,2026-10-01T08:12:17+00:00,decode,3,126620,0.17,158.02,,0,,,
ap-6MVKRrBnozowbUzD1yL5NE,2026-10-01T08:12:18+00:00,decode,3,126740,0.17,206.83,,0,,,
ap-6MVKRrBnozowbUzD1yL5NE,2026-10-01T08:12:18+00:00,decode,1,37274,0.05,108.22,,0,,,
ap-6MVKRrBnozowbUzD1yL5NE,2026-10-01T08:12:20+00:00,prefill,0,,0.05,,71.56,0,1,234,35456
ap-6MVKRrBnozowbUzD1yL5NE,2026-10-01T08:12:20+00:00,decode,1,35717,0.05,17.9,,0,,,
ap-6MVKRrBnozowbUzD1yL5NE,2026-10-01T08:12:20+00:00,prefill,1,,0.09,,1182.89,0,1,486,32768
ap-6MVKRrBnozowbUzD1yL5NE,2026-10-01T08:12:21+00:00,decode,2,68364,0.09,133.44,,0,,,
ap-6MVKRrBnozowbUzD1yL5NE,2026-10-01T08:12:21+00:00,decode,1,33334,0.04,114.46,,0,,,
ap-6MVKRrBnozowbUzD1yL5NE,2026-10-01T08:12:21+00:00,prefill,1,,0.11,,210.88,0,1,236,51584
ap-6MVKRrBnozowbUzD1yL5NE,2026-10-01T08:12:22+00:00,prefill,2,,0.16,,1355.45,0,1,461,37120
ap-6MVKRrBnozowbUzD1yL5NE,2026-10-01T08:12:22+00:00,decode,1,37598,0.05,110.19,,0,,,
ap-6MVKRrBnozowbUzD1yL5NE,2026-10-01T08:12:23+00:00,decode,1,37638,0.05,78.25,,0,,,
ap-6MVKRrBnozowbUzD1yL5NE,2026-10-01T08:12:23+00:00,decode,1,37678,0.05,78.21,,0,,,
ap-6MVKRrBnozowbUzD1yL5NE,2026-10-01T08:12:24+00:00,decode,1,37718,0.05,78.29,,0,,,
ap-6MVKRrBnozowbUzD1yL5NE,2026-10-01T08:12:24+00:00,prefill,1,,0.1,,49.84,0,1,98,39168
ap-6MVKRrBnozowbUzD1yL5NE,2026-10-01T08:12:24+00:00,prefill,2,,0.14,,2199.58,0,1,228,26112
ap-6MVKRrBnozowbUzD1yL5NE,2026-10-01T08:12:24+00:00,decode,3,102039,0.14,140.66,,0,,,
ap-6MVKRrBnozowbUzD1yL5NE,2026-10-01T08:12:25+00:00,prefill,3,,0.18,,383.73,0,1,246,35648
ap-6MVKRrBnozowbUzD1yL5NE,2026-10-01T08:12:25+00:00,decode,3,98739,0.13,222.45,,0,,,
ap-6MVKRrBnozowbUzD1yL5NE,2026-10-01T08:12:25+00:00,decode,2,61708,0.08,195.06,,0,,,
ap-6MVKRrBnozowbUzD1yL5NE,2026-10-01T08:12:26+00:00,prefill,1,,0.1,,157.36,0,1,195,51776
ap-6MVKRrBnozowbUzD1yL5NE,2026-10-01T08:12:26+00:00,decode,2,51982,0.07,135.8,,0,,,
ap-6MVKRrBnozowbUzD1yL5NE,2026-10-01T08:12:29+00:00,prefill,0,,0.05,,204.8,0,1,610,37632
ap-6MVKRrBnozowbUzD1yL5NE,2026-10-01T08:12:29+00:00,prefill,1,,0.1,,763.62,0,1,258,35840
ap-6MVKRrBnozowbUzD1yL5NE,2026-10-01T08:12:29+00:00,decode,2,73690,0.1,14.41,,0,,,
ap-6MVKRrBnozowbUzD1yL5NE,2026-10-01T08:12:30+00:00,decode,2,73770,0.1,151.7,,0,,,
ap-6MVKRrBnozowbUzD1yL5NE,2026-10-01T08:12:30+00:00,prefill,2,,0.17,,174.45,0,1,146,51968
ap-6MVKRrBnozowbUzD1yL5NE,2026-10-01T08:12:30+00:00,decode,1,38352,0.05,172.0,,0,,,
ap-6MVKRrBnozowbUzD1yL5NE,2026-10-01T08:12:31+00:00,prefill,1,,0.1,,223.32,0,1,146,39232
ap-6MVKRrBnozowbUzD1yL5NE,2026-10-01T08:12:31+00:00,decode,2,77105,0.1,108.78,,0,,,
ap-6MVKRrBnozowbUzD1yL5NE,2026-10-01T08:12:31+00:00,decode,1,38432,0.05,147.35,,0,,,
ap-6MVKRrBnozowbUzD1yL5NE,2026-10-01T08:12:33+00:00,prefill,0,,0.04,,355.69,0,1,734,26368
ap-6MVKRrBnozowbUzD1yL5NE,2026-10-01T08:12:33+00:00,decode,1,27110,0.04,29.69,,0,,,
ap-6MVKRrBnozowbUzD1yL5NE,2026-10-01T08:12:33+00:00,decode,1,27150,0.04,79.81,,0,,,
ap-6MVKRrBnozowbUzD1yL5NE,2026-10-01T08:12:34+00:00,prefill,1,,0.08,,215.25,0,1,206,36096
ap-6MVKRrBnozowbUzD1yL5NE,2026-10-01T08:12:34+00:00,decode,2,62820,0.08,98.55,,0,,,
ap-6MVKRrBnozowbUzD1yL5NE,2026-10-01T08:12:34+00:00,prefill,2,,0.15,,316.21,0,1,169,52096
ap-6MVKRrBnozowbUzD1yL5NE,2026-10-01T08:12:34+00:00,prefill,3,,0.2,,2848.56,0,1,473,33280
ap-6MVKRrBnozowbUzD1yL5NE,2026-10-01T08:12:34+00:00,decode,4,147569,0.2,160.55,,0,,,
ap-6MVKRrBnozowbUzD1yL5NE,2026-10-01T08:12:35+00:00,decode,2,60386,0.08,211.47,,0,,,
ap-6MVKRrBnozowbUzD1yL5NE,2026-10-01T08:12:35+00:00,prefill,2,,0.13,,327.72,0,1,357,38400
ap-6MVKRrBnozowbUzD1yL5NE,2026-10-01T08:12:36+00:00,decode,3,98550,0.13,160.02,,0,,,
ap-6MVKRrBnozowbUzD1yL5NE,2026-10-01T08:12:36+00:00,decode,1,38811,0.05,133.04,,0,,,
ap-6MVKRrBnozowbUzD1yL5NE,2026-10-01T08:12:37+00:00,decode,1,38851,0.05,78.18,,0,,,
ap-6MVKRrBnozowbUzD1yL5NE,2026-10-01T08:12:37+00:00,decode,1,38891,0.05,78.15,,0,,,
ap-6MVKRrBnozowbUzD1yL5NE,2026-10-01T08:12:37+00:00,prefill,1,,0.1,,25.92,0,1,46,39424
ap-6MVKRrBnozowbUzD1yL5NE,2026-10-01T08:12:38+00:00,decode,2,77754,0.1,139.56,,0,,,
ap-6MVKRrBnozowbUzD1yL5NE,2026-10-01T08:12:38+00:00,decode,1,38971,0.05,138.52,,0,,,
ap-6MVKRrBnozowbUzD1yL5NE,2026-10-01T08:12:38+00:00,prefill,1,,0.1,,136.37,0,1,154,36352
ap-6MVKRrBnozowbUzD1yL5NE,2026-10-01T08:12:39+00:00,prefill,2,,0.17,,728.42,0,1,186,52224
ap-6MVKRrBnozowbUzD1yL5NE,2026-10-01T08:12:39+00:00,decode,3,88287,0.12,153.76,,0,,,
ap-6MVKRrBnozowbUzD1yL5NE,2026-10-01T08:12:39+00:00,decode,2,88367,0.12,148.33,,0,,,
ap-6MVKRrBnozowbUzD1yL5NE,2026-10-01T08:12:41+00:00,prefill,0,,0.03,,269.54,0,1,662,25088
ap-6MVKRrBnozowbUzD1yL5NE,2026-10-01T08:12:41+00:00,decode,1,25772,0.03,25.51,,0,,,
ap-6MVKRrBnozowbUzD1yL5NE,2026-10-01T08:12:41+00:00,prefill,1,,0.07,,866.86,0,1,428,27136
ap-6MVKRrBnozowbUzD1yL5NE,2026-10-01T08:12:42+00:00,decode,2,52716,0.07,117.51,,0,,,
ap-6MVKRrBnozowbUzD1yL5NE,2026-10-01T08:12:42+00:00,decode,1,27631,0.04,99.27,,0,,,
ap-6MVKRrBnozowbUzD1yL5NE,2026-10-01T08:12:43+00:00,prefill,1,,0.09,,643.09,0,1,809,38912
ap-6MVKRrBnozowbUzD1yL5NE,2026-10-01T08:12:43+00:00,prefill,2,,0.14,,2788.11,0,1,230,36480
ap-6MVKRrBnozowbUzD1yL5NE,2026-10-01T08:12:43+00:00,decode,3,102757,0.14,99.9,,0,,,
ap-6MVKRrBnozowbUzD1yL5NE,2026-10-01T08:12:43+00:00,prefill,3,,0.21,,231.4,0,1,139,52480
ap-6MVKRrBnozowbUzD1yL5NE,2026-10-01T08:12:44+00:00,decode,4,154820,0.21,215.64,,0,,,
ap-6MVKRrBnozowbUzD1yL5NE,2026-10-01T08:12:44+00:00,prefill,4,,0.21,,199.78,0,1,144,39424
ap-6MVKRrBnozowbUzD1yL5NE,2026-10-01T08:12:44+00:00,decode,4,157753,0.21,247.71,,0,,,
ap-6MVKRrBnozowbUzD1yL5NE,2026-10-01T08:12:44+00:00,prefill,4,,0.25,,1370.84,0,1,221,25728
ap-6MVKRrBnozowbUzD1yL5NE,2026-10-01T08:12:45+00:00,decode,3,104086,0.14,261.3,,0,,,
ap-6MVKRrBnozowbUzD1yL5NE,2026-10-01T08:12:45+00:00,decode,2,78866,0.11,187.73,,0,,,
ap-6MVKRrBnozowbUzD1yL5NE,2026-10-01T08:12:46+00:00,decode,1,39937,0.05,102.23,,0,,,
ap-6MVKRrBnozowbUzD1yL5NE,2026-10-01T08:12:46+00:00,decode,1,39977,0.05,78.15,,0,,,
ap-6MVKRrBnozowbUzD1yL5NE,2026-10-01T08:12:47+00:00,prefill,0,,0.05,,76.85,0,1,242,36672
ap-6MVKRrBnozowbUzD1yL5NE,2026-10-01T08:12:48+00:00,prefill,1,,0.08,,2711.34,0,1,657,25920
ap-6MVKRrBnozowbUzD1yL5NE,2026-10-01T08:12:48+00:00,decode,2,62835,0.08,36.62,,0,,,
ap-6MVKRrBnozowbUzD1yL5NE,2026-10-01T08:12:48+00:00,prefill,2,,0.13,,782.17,0,1,460,33792
ap-6MVKRrBnozowbUzD1yL5NE,2026-10-01T08:12:48+00:00,decode,3,96490,0.13,149.73,,0,,,
ap-6MVKRrBnozowbUzD1yL5NE,2026-10-01T08:12:49+00:00,prefill,3,,0.2,,547.97,0,1,220,52608
ap-6MVKRrBnozowbUzD1yL5NE,2026-10-01T08:12:49+00:00,decode,3,112444,0.15,207.66,,0,,,
ap-6MVKRrBnozowbUzD1yL5NE,2026-10-01T08:12:50+00:00,decode,3,112564,0.15,211.85,,0,,,
ap-6MVKRrBnozowbUzD1yL5NE,2026-10-01T08:12:50+00:00,prefill,1,,0.07,,262.91,0,1,338,27648
ap-6MVKRrBnozowbUzD1yL5NE,2026-10-01T08:12:50+00:00,decode,2,54062,0.07,159.64,,0,,,
ap-6MVKRrBnozowbUzD1yL5NE,2026-10-01T08:12:50+00:00,prefill,2,,0.13,,833.6,0,1,344,39936
ap-6MVKRrBnozowbUzD1yL5NE,2026-10-01T08:12:51+00:00,decode,3,93763,0.13,181.24,,0,,,
ap-6MVKRrBnozowbUzD1yL5NE,2026-10-01T08:12:51+00:00,decode,3,93883,0.13,217.74,,0,,,
ap-6MVKRrBnozowbUzD1yL5NE,2026-10-01T08:12:52+00:00,prefill,3,,0.18,,133.13,0,1,165,39552
ap-6MVKRrBnozowbUzD1yL5NE,2026-10-01T08:12:52+00:00,decode,4,133052,0.18,230.25,,0,,,
ap-6MVKRrBnozowbUzD1yL5NE,2026-10-01T08:12:53+00:00,decode,4,133212,0.18,273.06,,0,,,
ap-6MVKRrBnozowbUzD1yL5NE,2026-10-01T08:12:53+00:00,prefill,4,,0.23,,248.5,0,1,254,36864
ap-6MVKRrBnozowbUzD1yL5NE,2026-10-01T08:12:53+00:00,decode,4,104448,0.14,274.27,,0,,,
ap-6MVKRrBnozowbUzD1yL5NE,2026-10-01T08:12:53+00:00,prefill,3,,0.17,,809.78,0,1,661,19456
ap-6MVKRrBnozowbUzD1yL5NE,2026-10-01T08:12:54+00:00,decode,3,96467,0.13,194.95,,0,,,
ap-6MVKRrBnozowbUzD1yL5NE,2026-10-01T08:12:54+00:00,decode,2,60042,0.08,174.59,,0,,,
ap-6MVKRrBnozowbUzD1yL5NE,2026-10-01T08:12:55+00:00,decode,2,60122,0.08,155.02,,0,,,
ap-6MVKRrBnozowbUzD1yL5NE,2026-10-01T08:12:55+00:00,decode,1,20261,0.03,95.99,,0,,,
ap-6MVKRrBnozowbUzD1yL5NE,2026-10-01T08:12:56+00:00,prefill,1,,0.1,,106.26,0,1,237,52800
ap-6MVKRrBnozowbUzD1yL5NE,2026-10-01T08:12:56+00:00,prefill,2,,0.13,,1196.86,0,1,156,26880
ap-6MVKRrBnozowbUzD1yL5NE,2026-10-01T08:12:56+00:00,decode,3,99020,0.13,103.16,,0,,,
ap-6MVKRrBnozowbUzD1yL5NE,2026-10-01T08:12:56+00:00,decode,3,99140,0.13,215.84,,0,,,
ap-6MVKRrBnozowbUzD1yL5NE,2026-10-01T08:12:57+00:00,prefill,3,,0.18,,210.3,0,1,202,37120
ap-6MVKRrBnozowbUzD1yL5NE,2026-10-01T08:12:57+00:00,decode,2,57038,0.08,193.51,,0,,,
ap-6MVKRrBnozowbUzD1yL5NE,2026-10-01T08:12:58+00:00,decode,1,37384,0.05,113.31,,0,,,
ap-6MVKRrBnozowbUzD1yL5NE,2026-10-01T08:12:59+00:00,prefill,0,,0.05,,239.88,0,1,429,40448
ap-6MVKRrBnozowbUzD1yL5NE,2026-10-01T08:12:59+00:00,decode,1,40894,0.05,33.37,,0,,,
ap-6MVKRrBnozowbUzD1yL5NE,2026-10-01T08:12:59+00:00,decode,1,40934,0.05,78.1,,0,,,
ap-6MVKRrBnozowbUzD1yL5NE,2026-10-01T08:13:00+00:00,prefill,1,,0.09,,694.02,0,1,668,27008
ap-6MVKRrBnozowbUzD1yL5NE,2026-10-01T08:13:00+00:00,prefill,2,,0.13,,1009.27,0,1,338,28160
ap-6MVKRrBnozowbUzD1yL5NE,2026-10-01T08:13:00+00:00,decode,3,95808,0.13,110.49,,0,,,
ap-6MVKRrBnozowbUzD1yL5NE,2026-10-01T08:13:00+00:00,prefill,3,,0.18,,1125.2,0,1,207,39680
ap-6MVKRrBnozowbUzD1yL5NE,2026-10-01T08:13:00+00:00,prefill,4,,0.2,,2588.82,0,1,535,16128
ap-6MVKRrBnozowbUzD1yL5NE,2026-10-01T08:13:01+00:00,decode,5,151164,0.2,255.7,,0,,,
ap-6MVKRrBnozowbUzD1yL5NE,2026-10-01T08:13:01+00:00,prefill,5,,0.27,,474.45,0,1,254,52992
ap-6MVKRrBnozowbUzD1yL5NE,2026-10-01T08:13:01+00:00,prefill,6,,0.32,,273.4,0,1,150,37376
ap-6MVKRrBnozowbUzD1yL5NE,2026-10-01T08:13:01+00:00,decode,7,240794,0.32,320.91,,0,,,
ap-6MVKRrBnozowbUzD1yL5NE,2026-10-01T08:13:02+00:00,decode,6,201760,0.27,369.38,,0,,,
ap-6MVKRrBnozowbUzD1yL5NE,2026-10-01T08:13:03+00:00,decode,3,92761,0.12,283.72,,0,,,
ap-6MVKRrBnozowbUzD1yL5NE,2026-10-01T08:13:03+00:00,prefill,3,,0.12,,491.69,0,1,693,34304
ap-6MVKRrBnozowbUzD1yL5NE,2026-10-01T08:13:03+00:00,decode,3,90269,0.12,187.95,,0,,,
ap-6MVKRrBnozowbUzD1yL5NE,2026-10-01T08:13:04+00:00,decode,1,35075,0.05,137.4,,0,,,
ap-6MVKRrBnozowbUzD1yL5NE,2026-10-01T08:13:06+00:00,prefill,0,,0.06,,149.43,0,1,493,40960
ap-6MVKRrBnozowbUzD1yL5NE,2026-10-01T08:13:06+00:00,decode,1,41461,0.06,16.99,,0,,,
ap-6MVKRrBnozowbUzD1yL5NE,2026-10-01T08:13:06+00:00,prefill,1,,0.13,,1066.89,0,1,207,53248
ap-6MVKRrBnozowbUzD1yL5NE,2026-10-01T08:13:06+00:00,prefill,2,,0.16,,1238.88,0,1,148,27904
ap-6MVKRrBnozowbUzD1yL5NE,2026-10-01T08:13:07+00:00,prefill,3,,0.21,,1335.73,0,1,226,37504
ap-6MVKRrBnozowbUzD1yL5NE,2026-10-01T08:13:07+00:00,decode,4,158759,0.21,177.55,,0,,,
ap-6MVKRrBnozowbUzD1yL5NE,2026-10-01T08:13:07+00:00,prefill,4,,0.24,,377.69,0,1,342,16640
ap-6MVKRrBnozowbUzD1yL5NE,2026-10-01T08:13:07+00:00,decode,5,175218,0.24,249.87,,0,,,
ap-6MVKRrBnozowbUzD1yL5NE,2026-10-01T08:13:08+00:00,prefill,3,,0.18,,448.78,0,1,96,39936
ap-6MVKRrBnozowbUzD1yL5NE,2026-10-01T08:13:08+00:00,decode,3,97298,0.13,238.72,,0,,,
ap-6MVKRrBnozowbUzD1yL5NE,2026-10-01T08:13:09+00:00,decode,3,97418,0.13,216.43,,0,,,
ap-6MVKRrBnozowbUzD1yL5NE,2026-10-01T08:13:09+00:00,prefill,2,,0.12,,189.88,0,1,298,28672
ap-6MVKRrBnozowbUzD1yL5NE,2026-10-01T08:13:09+00:00,decode,3,86365,0.12,163.58,,0,,,
ap-6MVKRrBnozowbUzD1yL5NE,2026-10-01T08:13:10+00:00,decode,3,86485,0.12,219.6,,0,,,
ap-6MVKRrBnozowbUzD1yL5NE,2026-10-01T08:13:10+00:00,prefill,3,,0.15,,258.35,0,1,226,28032
ap-6MVKRrBnozowbUzD1yL5NE,2026-10-01T08:13:10+00:00,decode,4,114197,0.15,233.43,,0,,,
ap-6MVKRrBnozowbUzD1yL5NE,2026-10-01T08:13:11+00:00,decode,3,85952,0.12,226.26,,0,,,
ap-6MVKRrBnozowbUzD1yL5NE,2026-10-01T08:13:11+00:00,prefill,3,,0.17,,189.18,0,1,238,37696
ap-6MVKRrBnozowbUzD1yL5NE,2026-10-01T08:13:12+00:00,decode,4,123330,0.17,221.14,,0,,,
ap-6MVKRrBnozowbUzD1yL5NE,2026-10-01T08:13:12+00:00,prefill,4,,0.24,,583.53,0,1,160,53504
ap-6MVKRrBnozowbUzD1yL5NE,2026-10-01T08:13:12+00:00,decode,4,159882,0.21,277.0,,0,,,
ap-6MVKRrBnozowbUzD1yL5NE,2026-10-01T08:13:13+00:00,decode,3,122704,0.16,253.44,,0,,,
ap-6MVKRrBnozowbUzD1yL5NE,2026-10-01T08:13:13+00:00,decode,2,69733,0.09,158.77,,0,,,
ap-6MVKRrBnozowbUzD1yL5NE,2026-10-01T08:13:14+00:00,decode,1,41981,0.06,124.79,,0,,,
ap-6MVKRrBnozowbUzD1yL5NE,2026-10-01T08:13:14+00:00,decode,1,42021,0.06,77.73,,0,,,
ap-6MVKRrBnozowbUzD1yL5NE,2026-10-01T08:13:15+00:00,prefill,1,,0.11,,60.52,0,1,187,40000
ap-6MVKRrBnozowbUzD1yL5NE,2026-10-01T08:13:15+00:00,decode,2,81577,0.11,97.57,,0,,,
ap-6MVKRrBnozowbUzD1yL5NE,2026-10-01T08:13:15+00:00,decode,2,81657,0.11,149.82,,0,,,
ap-6MVKRrBnozowbUzD1yL5NE,2026-10-01T08:13:16+00:00,decode,1,79591,0.11,89.84,,0,,,
ap-6MVKRrBnozowbUzD1yL5NE,2026-10-01T08:13:16+00:00,prefill,1,,0.11,,193.23,0,1,250,37888
ap-6MVKRrBnozowbUzD1yL5NE,2026-10-01T08:13:16+00:00,prefill,2,,0.14,,1839.07,0,1,218,28416
ap-6MVKRrBnozowbUzD1yL5NE,2026-10-01T08:13:16+00:00,prefill,3,,0.18,,3043.88,0,1,496,28928
ap-6MVKRrBnozowbUzD1yL5NE,2026-10-01T08:13:17+00:00,prefill,4,,0.23,,2064.09,0,1,425,35072
ap-6MVKRrBnozowbUzD1yL5NE,2026-10-01T08:13:17+00:00,decode,5,171246,0.23,207.98,,0,,,
ap-6MVKRrBnozowbUzD1yL5NE,2026-10-01T08:13:17+00:00,decode,5,171446,0.23,318.52,,0,,,
ap-6MVKRrBnozowbUzD1yL5NE,2026-10-01T08:13:18+00:00,prefill,4,,0.25,,867.97,0,1,1166,53632
ap-6MVKRrBnozowbUzD1yL5NE,2026-10-01T08:13:18+00:00,decode,5,188206,0.25,236.92,,0,,,
ap-6MVKRrBnozowbUzD1yL5NE,2026-10-01T08:13:19+00:00,decode,4,153458,0.21,281.26,,0,,,
ap-6MVKRrBnozowbUzD1yL5NE,2026-10-01T08:13:19+00:00,decode,4,153618,0.21,265.04,,0,,,
ap-6MVKRrBnozowbUzD1yL5NE,2026-10-01T08:13:20+00:00,decode,3,124813,0.17,234.32,,0,,,
ap-6MVKRrBnozowbUzD1yL5NE,2026-10-01T08:13:21+00:00,decode,2,96714,0.13,163.89,,0,,,
ap-6MVKRrBnozowbUzD1yL5NE,2026-10-01T08:13:21+00:00,prefill,2,,0.18,,63.39,0,1,198,38144
ap-6MVKRrBnozowbUzD1yL5NE,2026-10-01T08:13:21+00:00,decode,3,134460,0.18,153.75,,0,,,
ap-6MVKRrBnozowbUzD1yL5NE,2026-10-01T08:13:22+00:00,decode,3,134580,0.18,204.8,,0,,,
ap-6MVKRrBnozowbUzD1yL5NE,2026-10-01T08:13:22+00:00,decode,2,96954,0.13,195.05,,0,,,
ap-6MVKRrBnozowbUzD1yL5NE,2026-10-01T08:13:23+00:00,prefill,2,,0.17,,207.08,0,1,338,28672
ap-6MVKRrBnozowbUzD1yL5NE,2026-10-01T08:13:23+00:00,decode,3,125377,0.17,166.8,,0,,,
ap-6MVKRrBnozowbUzD1yL5NE,2026-10-01T08:13:24+00:00,decode,3,125497,0.17,207.63,,0,,,
ap-6MVKRrBnozowbUzD1yL5NE,2026-10-01T08:13:24+00:00,decode,3,125617,0.17,207.6,,0,,,
ap-6MVKRrBnozowbUzD1yL5NE,2026-10-01T08:13:25+00:00,decode,3,125737,0.17,207.57,,0,,,
ap-6MVKRrBnozowbUzD1yL5NE,2026-10-01T08:13:25+00:00,decode,3,125857,0.17,207.13,,0,,,
ap-6MVKRrBnozowbUzD1yL5NE,2026-10-01T08:13:26+00:00,prefill,3,,0.21,,152.34,0,1,462,29440
ap-6MVKRrBnozowbUzD1yL5NE,2026-10-01T08:13:26+00:00,decode,4,155210,0.21,208.22,,0,,,
ap-6MVKRrBnozowbUzD1yL5NE,2026-10-01T08:13:26+00:00,decode,3,126787,0.17,240.45,,0,,,
ap-6MVKRrBnozowbUzD1yL5NE,2026-10-01T08:13:27+00:00,prefill,3,,0.22,,95.28,0,1,117,40192
ap-6MVKRrBnozowbUzD1yL5NE,2026-10-01T08:13:27+00:00,decode,4,166545,0.22,215.86,,0,,,
ap-6MVKRrBnozowbUzD1yL5NE,2026-10-01T08:13:28+00:00,decode,3,137352,0.18,244.18,,0,,,
ap-6MVKRrBnozowbUzD1yL5NE,2026-10-01T08:13:28+00:00,decode,3,137472,0.18,204.14,,0,,,
ap-6MVKRrBnozowbUzD1yL5NE,2026-10-01T08:13:29+00:00,prefill,3,,0.22,,117.78,0,1,202,29184
ap-6MVKRrBnozowbUzD1yL5NE,2026-10-01T08:13:29+00:00,decode,3,126556,0.17,206.66,,0,,,
ap-6MVKRrBnozowbUzD1yL5NE,2026-10-01T08:13:30+00:00,decode,3,126676,0.17,206.67,,0,,,
ap-6MVKRrBnozowbUzD1yL5NE,2026-10-01T08:13:30+00:00,decode,3,126796,0.17,206.72,,0,,,
ap-6MVKRrBnozowbUzD1yL5NE,2026-10-01T08:13:31+00:00,decode,3,126916,0.17,206.89,,0,,,
ap-6MVKRrBnozowbUzD1yL5NE,2026-10-01T08:13:31+00:00,prefill,3,,0.22,,169.69,0,1,413,35584
ap-6MVKRrBnozowbUzD1yL5NE,2026-10-01T08:13:31+00:00,decode,4,162369,0.22,216.34,,0,,,
ap-6MVKRrBnozowbUzD1yL5NE,2026-10-01T08:13:32+00:00,decode,4,162529,0.22,261.74,,0,,,
ap-6MVKRrBnozowbUzD1yL5NE,2026-10-01T08:13:33+00:00,decode,3,133727,0.18,233.64,,0,,,
ap-6MVKRrBnozowbUzD1yL5NE,2026-10-01T08:13:33+00:00,decode,1,43261,0.06,138.92,,0,,,
ap-6MVKRrBnozowbUzD1yL5NE,2026-10-01T08:13:34+00:00,prefill,1,,0.1,,183.04,0,1,469,29952
ap-6MVKRrBnozowbUzD1yL5NE,2026-10-01T08:13:34+00:00,prefill,2,,0.1,,15352.41,0,1,2868,0
ap-6MVKRrBnozowbUzD1yL5NE,2026-10-01T08:13:34+00:00,decode,3,75924,0.1,77.82,,0,,,
ap-6MVKRrBnozowbUzD1yL5NE,2026-10-01T08:13:34+00:00,decode,3,76044,0.1,222.59,,0,,,
ap-6MVKRrBnozowbUzD1yL5NE,2026-10-01T08:13:35+00:00,prefill,3,,0.14,,362.92,0,1,322,29440
ap-6MVKRrBnozowbUzD1yL5NE,2026-10-01T08:13:35+00:00,decode,3,102314,0.14,222.97,,0,,,
ap-6MVKRrBnozowbUzD1yL5NE,2026-10-01T08:13:35+00:00,prefill,3,,0.19,,486.68,0,1,254,40256
ap-6MVKRrBnozowbUzD1yL5NE,2026-10-01T08:13:35+00:00,prefill,4,,0.26,,1346.86,0,1,358,55552
ap-6MVKRrBnozowbUzD1yL5NE,2026-10-01T08:13:36+00:00,decode,5,197535,0.27,247.25,,0,,,
ap-6MVKRrBnozowbUzD1yL5NE,2026-10-01T08:13:36+00:00,decode,5,142452,0.19,307.15,,0,,,
ap-6MVKRrBnozowbUzD1yL5NE,2026-10-01T08:13:37+00:00,prefill,4,,0.2,,2937.99,0,1,4660,0
ap-6MVKRrBnozowbUzD1yL5NE,2026-10-01T08:13:37+00:00,decode,4,106671,0.14,172.54,,0,,,
ap-6MVKRrBnozowbUzD1yL5NE,2026-10-01T08:13:38+00:00,decode,4,106831,0.14,281.93,,0,,,
ap-6MVKRrBnozowbUzD1yL5NE,2026-10-01T08:13:39+00:00,decode,3,102914,0.14,271.63,,0,,,
ap-6MVKRrBnozowbUzD1yL5NE,2026-10-01T08:13:39+00:00,decode,1,43621,0.06,148.97,,0,,,
ap-6MVKRrBnozowbUzD1yL5NE,2026-10-01T08:13:40+00:00,decode,1,43661,0.06,77.32,,0,,,
ap-6MVKRrBnozowbUzD1yL5NE,2026-10-01T08:13:40+00:00,decode,1,43701,0.06,77.38,,0,,,
ap-6MVKRrBnozowbUzD1yL5NE,2026-10-01T08:13:41+00:00,decode,1,43741,0.06,77.26,,0,,,
ap-6MVKRrBnozowbUzD1yL5NE,2026-10-01T08:13:41+00:00,prefill,1,,0.1,,45.54,0,1,186,29952
ap-6MVKRrBnozowbUzD1yL5NE,2026-10-01T08:13:41+00:00,decode,2,73239,0.1,81.85,,0,,,
ap-6MVKRrBnozowbUzD1yL5NE,2026-10-01T08:13:42+00:00,decode,2,73319,0.1,151.34,,0,,,
ap-6MVKRrBnozowbUzD1yL5NE,2026-10-01T08:13:42+00:00,decode,2,73399,0.1,151.24,,0,,,
ap-6MVKRrBnozowbUzD1yL5NE,2026-10-01T08:13:43+00:00,decode,2,73479,0.1,151.18,,0,,,
ap-6MVKRrBnozowbUzD1yL5NE,2026-10-01T08:13:43+00:00,decode,2,73559,0.1,151.4,,0,,,
ap-6MVKRrBnozowbUzD1yL5NE,2026-10-01T08:13:43+00:00,prefill,2,,0.15,,251.71,0,1,595,40448
ap-6MVKRrBnozowbUzD1yL5NE,2026-10-01T08:13:44+00:00,decode,3,114028,0.15,174.46,,0,,,
ap-6MVKRrBnozowbUzD1yL5NE,2026-10-01T08:13:45+00:00,prefill,3,,0.16,,3387.82,0,1,3709,1600
ap-6MVKRrBnozowbUzD1yL5NE,2026-10-01T08:13:45+00:00,decode,3,89091,0.12,156.59,,0,,,
ap-6MVKRrBnozowbUzD1yL5NE,2026-10-01T08:13:45+00:00,prefill,3,,0.16,,1018.1,0,1,424,30720
ap-6MVKRrBnozowbUzD1yL5NE,2026-10-01T08:13:45+00:00,prefill,4,,0.15,,2275.47,0,1,401,36096
ap-6MVKRrBnozowbUzD1yL5NE,2026-10-01T08:13:46+00:00,decode,4,115069,0.15,222.67,,0,,,
ap-6MVKRrBnozowbUzD1yL5NE,2026-10-01T08:13:46+00:00,decode,4,115229,0.15,278.72,,0,,,
ap-6MVKRrBnozowbUzD1yL5NE,2026-10-01T08:13:47+00:00,decode,3,110628,0.15,256.62,,0,,,
ap-6MVKRrBnozowbUzD1yL5NE,2026-10-01T08:13:47+00:00,decode,1,44181,0.06,106.14,,0,,,
ap-6MVKRrBnozowbUzD1yL5NE,2026-10-01T08:13:48+00:00,prefill,1,,0.1,,125.16,0,1,314,30208
ap-6MVKRrBnozowbUzD1yL5NE,2026-10-01T08:13:48+00:00,decode,2,74064,0.1,82.61,,0,,,
ap-6MVKRrBnozowbUzD1yL5NE,2026-10-01T08:13:48+00:00,decode,2,74144,0.1,151.25,,0,,,
ap-6MVKRrBnozowbUzD1yL5NE,2026-10-01T08:13:49+00:00,decode,1,30610,0.04,121.11,,0,,,
ap-6MVKRrBnozowbUzD1yL5NE,2026-10-01T08:13:49+00:00,decode,1,30650,0.04,79.04,,0,,,
ap-6MVKRrBnozowbUzD1yL5NE,2026-10-01T08:13:50+00:00,decode,1,30690,0.04,79.02,,0,,,
ap-6MVKRrBnozowbUzD1yL5NE,2026-10-01T08:13:50+00:00,decode,1,30730,0.04,78.92,,0,,,
ap-6MVKRrBnozowbUzD1yL5NE,2026-10-01T08:13:51+00:00,decode,1,30770,0.04,78.94,,0,,,
ap-6MVKRrBnozowbUzD1yL5NE,2026-10-01T08:13:51+00:00,prefill,0,,0.01,,123.93,0,1,427,5376
ap-6MVKRrBnozowbUzD1yL5NE,2026-10-01T08:13:51+00:00,decode,1,5831,0.01,65.64,,0,,,
ap-6MVKRrBnozowbUzD1yL5NE,2026-10-01T08:13:52+00:00,decode,1,5871,0.01,82.59,,0,,,
ap-6MVKRrBnozowbUzD1yL5NE,2026-10-01T08:13:52+00:00,prefill,0,,0.06,,497.93,0,1,596,44032
ap-6MVKRrBnozowbUzD1yL5NE,2026-10-01T08:13:52+00:00,prefill,1,,0.11,,1220.43,0,1,177,41024
ap-6MVKRrBnozowbUzD1yL5NE,2026-10-01T08:13:53+00:00,decode,2,85180,0.11,75.8,,0,,,
ap-6MVKRrBnozowbUzD1yL5NE,2026-10-01T08:13:53+00:00,decode,2,85260,0.11,148.52,,0,,,
ap-6MVKRrBnozowbUzD1yL5NE,2026-10-01T08:13:54+00:00,prefill,2,,0.15,,414.68,0,1,434,30464
ap-6MVKRrBnozowbUzD1yL5NE,2026-10-01T08:13:54+00:00,prefill,2,,0.14,,1482.24,0,1,472,31232
ap-6MVKRrBnozowbUzD1yL5NE,2026-10-01T08:13:54+00:00,decode,3,102548,0.14,137.79,,0,,,
ap-6MVKRrBnozowbUzD1yL5NE,2026-10-01T08:13:54+00:00,decode,3,102668,0.14,213.79,,0,,,
ap-6MVKRrBnozowbUzD1yL5NE,2026-10-01T08:13:55+00:00,decode,2,62101,0.08,177.1,,0,,,
ap-6MVKRrBnozowbUzD1yL5NE,2026-10-01T08:13:55+00:00,decode,1,31040,0.04,84.67,,0,,,
ap-6MVKRrBnozowbUzD1yL5NE,2026-10-01T08:13:56+00:00,decode,1,31080,0.04,78.93,,0,,,
ap-6MVKRrBnozowbUzD1yL5NE,2026-10-01T08:13:56+00:00,decode,1,31120,0.04,78.91,,0,,,
ap-6MVKRrBnozowbUzD1yL5NE,2026-10-01T08:13:57+00:00,prefill,0,,0.06,,109.9,0,1,390,44608
ap-6MVKRrBnozowbUzD1yL5NE,2026-10-01T08:13:58+00:00,decode,1,45015,0.06,36.56,,0,,,
ap-6MVKRrBnozowbUzD1yL5NE,2026-10-01T08:13:58+00:00,decode,1,45055,0.06,77.05,,0,,,
ap-6MVKRrBnozowbUzD1yL5NE,2026-10-01T08:13:59+00:00,prefill,0,,0.01,,398.98,0,1,472,5760
ap-6MVKRrBnozowbUzD1yL5NE,2026-10-01T08:13:59+00:00,decode,1,6252,0.01,57.79,,0,,,
ap-6MVKRrBnozowbUzD1yL5NE,2026-10-01T08:13:59+00:00,prefill,1,,0.06,,803.83,0,1,517,36480
ap-6MVKRrBnozowbUzD1yL5NE,2026-10-01T08:13:59+00:00,prefill,2,,0.1,,2714.72,0,1,298,30976
ap-6MVKRrBnozowbUzD1yL5NE,2026-10-01T08:13:59+00:00,decode,2,67607,0.09,92.63,,0,,,
ap-6MVKRrBnozowbUzD1yL5NE,2026-10-01T08:14:00+00:00,decode,2,67687,0.09,152.48,,0,,,
ap-6MVKRrBnozowbUzD1yL5NE,2026-10-01T08:14:00+00:00,prefill,2,,0.12,,802.93,0,1,637,20224
ap-6MVKRrBnozowbUzD1yL5NE,2026-10-01T08:14:01+00:00,decode,3,87975,0.12,183.43,,0,,,
ap-6MVKRrBnozowbUzD1yL5NE,2026-10-01T08:14:01+00:00,prefill,1,,0.08,,370.22,0,1,368,31744
ap-6MVKRrBnozowbUzD1yL5NE,2026-10-01T08:14:01+00:00,decode,2,62832,0.08,152.26,,0,,,
ap-6MVKRrBnozowbUzD1yL5NE,2026-10-01T08:14:02+00:00,decode,2,62912,0.08,153.72,,0,,,
ap-6MVKRrBnozowbUzD1yL5NE,2026-10-01T08:14:02+00:00,prefill,2,,0.14,,379.2,0,1,332,45056
ap-6MVKRrBnozowbUzD1yL5NE,2026-10-01T08:14:02+00:00,prefill,3,,0.2,,923.71,0,1,266,41216
ap-6MVKRrBnozowbUzD1yL5NE,2026-10-01T08:14:02+00:00,decode,4,148511,0.2,159.03,,0,,,
ap-6MVKRrBnozowbUzD1yL5NE,2026-10-01T08:14:03+00:00,decode,2,86288,0.12,239.73,,0,,,
ap-6MVKRrBnozowbUzD1yL5NE,2026-10-01T08:14:03+00:00,decode,2,86368,0.12,148.27,,0,,,
ap-6MVKRrBnozowbUzD1yL5NE,2026-10-01T08:14:04+00:00,prefill,2,,0.14,,224.19,0,1,386,20800
ap-6MVKRrBnozowbUzD1yL5NE,2026-10-01T08:14:04+00:00,decode,3,106951,0.14,139.71,,0,,,
ap-6MVKRrBnozowbUzD1yL5NE,2026-10-01T08:14:05+00:00,decode,2,62189,0.08,199.88,,0,,,
ap-6MVKRrBnozowbUzD1yL5NE,2026-10-01T08:14:05+00:00,prefill,1,,0.04,,458.96,0,1,401,6208
ap-6MVKRrBnozowbUzD1yL5NE,2026-10-01T08:14:05+00:00,decode,2,27215,0.04,132.81,,0,,,
ap-6MVKRrBnozowbUzD1yL5NE,2026-10-01T08:14:05+00:00,prefill,2,,0.08,,357.12,0,1,162,31488
ap-6MVKRrBnozowbUzD1yL5NE,2026-10-01T08:14:06+00:00,decode,2,52303,0.07,186.91,,0,,,
ap-6MVKRrBnozowbUzD1yL5NE,2026-10-01T08:14:06+00:00,decode,2,52383,0.07,156.04,,0,,,
ap-6MVKRrBnozowbUzD1yL5NE,2026-10-01T08:14:07+00:00,decode,2,52463,0.07,156.08,,0,,,
ap-6MVKRrBnozowbUzD1yL5NE,2026-10-01T08:14:07+00:00,decode,1,31800,0.04,134.66,,0,,,
ap-6MVKRrBnozowbUzD1yL5NE,2026-10-01T08:14:08+00:00,decode,1,31840,0.04,78.82,,0,,,
ap-6MVKRrBnozowbUzD1yL5NE,2026-10-01T08:14:08+00:00,decode,1,31880,0.04,78.72,,0,,,
ap-6MVKRrBnozowbUzD1yL5NE,2026-10-01T08:14:10+00:00,prefill,0,,0.06,,107.11,0,1,476,45376
ap-6MVKRrBnozowbUzD1yL5NE,2026-10-01T08:14:10+00:00,prefill,1,,0.1,,1876.01,0,1,465,32064
ap-6MVKRrBnozowbUzD1yL5NE,2026-10-01T08:14:10+00:00,decode,2,77730,0.1,26.41,,0,,,
ap-6MVKRrBnozowbUzD1yL5NE,2026-10-01T08:14:11+00:00,prefill,2,,0.15,,537.98,0,1,282,31744
ap-6MVKRrBnozowbUzD1yL5NE,2026-10-01T08:14:11+00:00,prefill,3,,0.16,,2731.35,0,1,431,6656
ap-6MVKRrBnozowbUzD1yL5NE,2026-10-01T08:14:11+00:00,decode,4,115568,0.16,156.38,,0,,,
ap-6MVKRrBnozowbUzD1yL5NE,2026-10-01T08:14:11+00:00,decode,4,115728,0.16,278.44,,0,,,
ap-6MVKRrBnozowbUzD1yL5NE,2026-10-01T08:14:12+00:00,decode,3,83915,0.11,273.55,,0,,,
ap-6MVKRrBnozowbUzD1yL5NE,2026-10-01T08:14:12+00:00,decode,3,84035,0.11,219.64,,0,,,
ap-6MVKRrBnozowbUzD1yL5NE,2026-10-01T08:14:13+00:00,decode,2,77591,0.1,212.69,,0,,,
ap-6MVKRrBnozowbUzD1yL5NE,2026-10-01T08:14:13+00:00,prefill,2,,0.15,,191.9,0,1,505,36992
ap-6MVKRrBnozowbUzD1yL5NE,2026-10-01T08:14:13+00:00,prefill,3,,0.21,,1832.02,0,1,332,41472
ap-6MVKRrBnozowbUzD1yL5NE,2026-10-01T08:14:14+00:00,decode,4,155635,0.21,168.7,,0,,,
ap-6MVKRrBnozowbUzD1yL5NE,2026-10-01T08:14:14+00:00,decode,3,124203,0.17,251.46,,0,,,
ap-6MVKRrBnozowbUzD1yL5NE,2026-10-01T08:14:15+00:00,decode,3,124323,0.17,207.36,,0,,,
ap-6MVKRrBnozowbUzD1yL5NE,2026-10-01T08:14:15+00:00,decode,2,87489,0.12,159.08,,0,,,
ap-6MVKRrBnozowbUzD1yL5NE,2026-10-01T08:14:16+00:00,decode,1,46277,0.06,135.95,,0,,,
ap-6MVKRrBnozowbUzD1yL5NE,2026-10-01T08:14:16+00:00,prefill,1,,0.08,,208.81,0,1,533,17152
ap-6MVKRrBnozowbUzD1yL5NE,2026-10-01T08:14:17+00:00,decode,2,63355,0.09,134.17,,0,,,
ap-6MVKRrBnozowbUzD1yL5NE,2026-10-01T08:14:17+00:00,prefill,2,,0.13,,241.63,0,1,146,32256
ap-6MVKRrBnozowbUzD1yL5NE,2026-10-01T08:14:17+00:00,decode,2,78109,0.1,192.8,,0,,,
ap-6MVKRrBnozowbUzD1yL5NE,2026-10-01T08:14:18+00:00,decode,2,78189,0.1,149.97,,0,,,
ap-6MVKRrBnozowbUzD1yL5NE,2026-10-01T08:14:18+00:00,prefill,2,,0.11,,385.61,0,1,473,7168
ap-6MVKRrBnozowbUzD1yL5NE,2026-10-01T08:14:18+00:00,prefill,3,,0.16,,3476.27,0,1,706,32512
ap-6MVKRrBnozowbUzD1yL5NE,2026-10-01T08:14:18+00:00,decode,4,117803,0.16,185.02,,0,,,
ap-6MVKRrBnozowbUzD1yL5NE,2026-10-01T08:14:19+00:00,decode,4,117963,0.16,277.29,,0,,,
ap-6MVKRrBnozowbUzD1yL5NE,2026-10-01T08:14:20+00:00,decode,4,118123,0.16,277.08,,0,,,
ap-6MVKRrBnozowbUzD1yL5NE,2026-10-01T08:14:20+00:00,decode,3,85610,0.11,261.71,,0,,,
ap-6MVKRrBnozowbUzD1yL5NE,2026-10-01T08:14:21+00:00,decode,2,53741,0.07,170.51,,0,,,
ap-6MVKRrBnozowbUzD1yL5NE,2026-10-01T08:14:21+00:00,decode,2,53821,0.07,155.68,,0,,,
ap-6MVKRrBnozowbUzD1yL5NE,2026-10-01T08:14:22+00:00,decode,2,53901,0.07,155.58,,0,,,
ap-6MVKRrBnozowbUzD1yL5NE,2026-10-01T08:14:22+00:00,decode,2,53981,0.07,155.47,,0,,,
ap-6MVKRrBnozowbUzD1yL5NE,2026-10-01T08:14:23+00:00,prefill,2,,0.12,,57.81,0,1,266,32512
ap-6MVKRrBnozowbUzD1yL5NE,2026-10-01T08:14:23+00:00,decode,3,86154,0.12,149.0,,0,,,
ap-6MVKRrBnozowbUzD1yL5NE,2026-10-01T08:14:23+00:00,decode,3,86274,0.12,218.76,,0,,,
ap-6MVKRrBnozowbUzD1yL5NE,2026-10-01T08:14:24+00:00,decode,3,86394,0.12,218.76,,0,,,
ap-6MVKRrBnozowbUzD1yL5NE,2026-10-01T08:14:24+00:00,decode,3,86514,0.12,218.56,,0,,,
ap-6MVKRrBnozowbUzD1yL5NE,2026-10-01T08:14:25+00:00,decode,3,86634,0.12,218.74,,0,,,
ap-6MVKRrBnozowbUzD1yL5NE,2026-10-01T08:14:25+00:00,decode,3,86754,0.12,218.71,,0,,,
ap-6MVKRrBnozowbUzD1yL5NE,2026-10-01T08:14:26+00:00,prefill,3,,0.17,,100.89,0,1,303,41792
ap-6MVKRrBnozowbUzD1yL5NE,2026-10-01T08:14:26+00:00,decode,4,95977,0.13,236.8,,0,,,
ap-6MVKRrBnozowbUzD1yL5NE,2026-10-01T08:14:26+00:00,prefill,3,,0.17,,472.43,0,1,268,33280
ap-6MVKRrBnozowbUzD1yL5NE,2026-10-01T08:14:27+00:00,decode,4,128992,0.17,246.1,,0,,,
ap-6MVKRrBnozowbUzD1yL5NE,2026-10-01T08:14:27+00:00,decode,4,129152,0.17,273.26,,0,,,
ap-6MVKRrBnozowbUzD1yL5NE,2026-10-01T08:14:27+00:00,prefill,4,,0.22,,454.55,0,1,557,37440
ap-6MVKRrBnozowbUzD1yL5NE,2026-10-01T08:14:28+00:00,decode,4,133683,0.18,260.59,,0,,,
ap-6MVKRrBnozowbUzD1yL5NE,2026-10-01T08:14:29+00:00,prefill,3,,0.17,,343.07,0,1,386,32768
ap-6MVKRrBnozowbUzD1yL5NE,2026-10-01T08:14:29+00:00,decode,4,124715,0.17,232.7,,0,,,
ap-6MVKRrBnozowbUzD1yL5NE,2026-10-01T08:14:29+00:00,decode,3,87449,0.12,268.18,,0,,,
ap-6MVKRrBnozowbUzD1yL5NE,2026-10-01T08:14:30+00:00,decode,3,87569,0.12,218.24,,0,,,
ap-6MVKRrBnozowbUzD1yL5NE,2026-10-01T08:14:30+00:00,decode,3,87689,0.12,218.59,,0,,,
ap-6MVKRrBnozowbUzD1yL5NE,2026-10-01T08:14:31+00:00,decode,3,87809,0.12,218.11,,0,,,
ap-6MVKRrBnozowbUzD1yL5NE,2026-10-01T08:14:31+00:00,decode,3,87929,0.12,218.4,,0,,,
ap-6MVKRrBnozowbUzD1yL5NE,2026-10-01T08:14:32+00:00,decode,3,88049,0.12,218.16,,0,,,
ap-6MVKRrBnozowbUzD1yL5NE,2026-10-01T08:14:32+00:00,decode,1,8671,0.01,102.73,,0,,,
ap-6MVKRrBnozowbUzD1yL5NE,2026-10-01T08:14:33+00:00,decode,1,8711,0.01,81.86,,0,,,
ap-6MVKRrBnozowbUzD1yL5NE,2026-10-01T08:14:33+00:00,decode,1,8751,0.01,81.94,,0,,,
ap-6MVKRrBnozowbUzD1yL5NE,2026-10-01T08:14:34+00:00,decode,1,8791,0.01,81.82,,0,,,
ap-6MVKRrBnozowbUzD1yL5NE,2026-10-01T08:14:34+00:00,prefill,1,,0.06,,37.29,0,1,210,33536
ap-6MVKRrBnozowbUzD1yL5NE,2026-10-01T08:14:34+00:00,decode,2,41910,0.06,110.25,,0,,,
ap-6MVKRrBnozowbUzD1yL5NE,2026-10-01T08:14:35+00:00,prefill,2,,0.1,,2276.24,0,1,1060,33280
ap-6MVKRrBnozowbUzD1yL5NE,2026-10-01T08:14:35+00:00,decode,3,75674,0.1,167.56,,0,,,
ap-6MVKRrBnozowbUzD1yL5NE,2026-10-01T08:14:36+00:00,decode,3,75794,0.1,222.25,,0,,,
ap-6MVKRrBnozowbUzD1yL5NE,2026-10-01T08:14:36+00:00,prefill,3,,0.17,,647.63,0,1,742,47360
ap-6MVKRrBnozowbUzD1yL5NE,2026-10-01T08:14:36+00:00,decode,4,123366,0.17,229.06,,0,,,
ap-6MVKRrBnozowbUzD1yL5NE,2026-10-01T08:14:37+00:00,decode,4,123526,0.17,274.79,,0,,,
ap-6MVKRrBnozowbUzD1yL5NE,2026-10-01T08:14:38+00:00,decode,4,123686,0.17,275.45,,0,,,
ap-6MVKRrBnozowbUzD1yL5NE,2026-10-01T08:14:38+00:00,decode,4,123846,0.17,274.85,,0,,,
ap-6MVKRrBnozowbUzD1yL5NE,2026-10-01T08:14:38+00:00,prefill,1,,0.07,,60.68,0,1,153,42240
ap-6MVKRrBnozowbUzD1yL5NE,2026-10-01T08:14:39+00:00,decode,2,50840,0.07,156.88,,0,,,
ap-6MVKRrBnozowbUzD1yL5NE,2026-10-01T08:14:39+00:00,decode,2,50920,0.07,156.16,,0,,,
ap-6MVKRrBnozowbUzD1yL5NE,2026-10-01T08:14:40+00:00,decode,2,51000,0.07,156.0,,0,,,
ap-6MVKRrBnozowbUzD1yL5NE,2026-10-01T08:14:40+00:00,decode,2,51080,0.07,156.23,,0,,,
ap-6MVKRrBnozowbUzD1yL5NE,2026-10-01T08:14:41+00:00,decode,1,43302,0.06,128.75,,0,,,
ap-6MVKRrBnozowbUzD1yL5NE,2026-10-01T08:14:41+00:00,prefill,1,,0.06,,67.56,0,1,162,34560
ap-6MVKRrBnozowbUzD1yL5NE,2026-10-01T08:14:41+00:00,decode,2,43384,0.06,155.57,,0,,,
ap-6MVKRrBnozowbUzD1yL5NE,2026-10-01T08:14:42+00:00,prefill,2,,0.11,,620.64,0,1,545,37952
ap-6MVKRrBnozowbUzD1yL5NE,2026-10-01T08:14:42+00:00,decode,3,81292,0.11,160.49,,0,,,
ap-6MVKRrBnozowbUzD1yL5NE,2026-10-01T08:14:42+00:00,prefill,3,,0.17,,1350.59,0,1,689,48128
ap-6MVKRrBnozowbUzD1yL5NE,2026-10-01T08:14:43+00:00,decode,4,129570,0.17,218.34,,0,,,
ap-6MVKRrBnozowbUzD1yL5NE,2026-10-01T08:14:43+00:00,decode,4,129730,0.17,273.12,,0,,,
ap-6MVKRrBnozowbUzD1yL5NE,2026-10-01T08:14:44+00:00,decode,3,91942,0.12,235.65,,0,,,
ap-6MVKRrBnozowbUzD1yL5NE,2026-10-01T08:14:44+00:00,decode,3,92062,0.12,216.75,,0,,,
ap-6MVKRrBnozowbUzD1yL5NE,2026-10-01T08:14:45+00:00,decode,1,9551,0.01,109.83,,0,,,
ap-6MVKRrBnozowbUzD1yL5NE,2026-10-01T08:14:45+00:00,prefill,1,,0.06,,194.09,0,1,608,33792
ap-6MVKRrBnozowbUzD1yL5NE,2026-10-01T08:14:45+00:00,decode,2,43308,0.06,75.06,,0,,,
ap-6MVKRrBnozowbUzD1yL5NE,2026-10-01T08:14:46+00:00,decode,2,43388,0.06,158.4,,0,,,
ap-6MVKRrBnozowbUzD1yL5NE,2026-10-01T08:14:46+00:00,decode,2,43468,0.06,158.31,,0,,,
ap-6MVKRrBnozowbUzD1yL5NE,2026-10-01T08:14:47+00:00,prefill,1,,0.06,,188.19,0,1,288,34816
ap-6MVKRrBnozowbUzD1yL5NE,2026-10-01T08:14:47+00:00,decode,2,44131,0.06,119.08,,0,,,
ap-6MVKRrBnozowbUzD1yL5NE,2026-10-01T08:14:47+00:00,decode,1,35150,0.05,88.11,,0,,,
ap-6MVKRrBnozowbUzD1yL5NE,2026-10-01T08:14:48+00:00,decode,1,35190,0.05,78.31,,0,,,
ap-6MVKRrBnozowbUzD1yL5NE,2026-10-01T08:14:48+00:00,prefill,1,,0.11,,271.89,0,1,318,48896
ap-6MVKRrBnozowbUzD1yL5NE,2026-10-01T08:14:48+00:00,decode,2,83796,0.11,131.78,,0,,,
ap-6MVKRrBnozowbUzD1yL5NE,2026-10-01T08:14:49+00:00,decode,2,83876,0.11,148.73,,0,,,
ap-6MVKRrBnozowbUzD1yL5NE,2026-10-01T08:14:50+00:00,decode,1,35310,0.05,140.26,,0,,,
ap-6MVKRrBnozowbUzD1yL5NE,2026-10-01T08:14:50+00:00,decode,1,0,0.0,78.16,,0,,,
ap-6MVKRrBnozowbUzD1yL5NE,2026-10-01T08:14:52+00:00,prefill,0,,0.06,,45.61,0,1,195,42496
ap-6MVKRrBnozowbUzD1yL5NE,2026-10-01T08:14:53+00:00,prefill,1,,0.1,,469.95,0,1,158,35328
ap-6MVKRrBnozowbUzD1yL5NE,2026-10-01T08:14:53+00:00,decode,2,77547,0.1,20.77,,0,,,
ap-6MVKRrBnozowbUzD1yL5NE,2026-10-01T08:14:53+00:00,prefill,2,,0.17,,1092.85,0,1,712,49152
ap-6MVKRrBnozowbUzD1yL5NE,2026-10-01T08:14:53+00:00,prefill,3,,0.22,,4882.82,0,1,783,34368
ap-6MVKRrBnozowbUzD1yL5NE,2026-10-01T08:14:54+00:00,decode,4,161298,0.22,140.26,,0,,,
ap-6MVKRrBnozowbUzD1yL5NE,2026-10-01T08:14:54+00:00,decode,4,161458,0.22,261.61,,0,,,
ap-6MVKRrBnozowbUzD1yL5NE,2026-10-01T08:14:55+00:00,decode,3,112344,0.15,251.9,,0,,,
ap-6MVKRrBnozowbUzD1yL5NE,2026-10-01T08:14:55+00:00,decode,2,70261,0.09,164.49,,0,,,
ap-6MVKRrBnozowbUzD1yL5NE,2026-10-01T08:14:56+00:00,prefill,1,,0.1,,222.99,0,1,533,38464
ap-6MVKRrBnozowbUzD1yL5NE,2026-10-01T08:14:56+00:00,decode,2,74026,0.1,91.46,,0,,,
ap-6MVKRrBnozowbUzD1yL5NE,2026-10-01T08:14:56+00:00,decode,1,39049,0.05,129.62,,0,,,
ap-6MVKRrBnozowbUzD1yL5NE,2026-10-01T08:14:57+00:00,decode,1,39089,0.05,77.8,,0,,,
ap-6MVKRrBnozowbUzD1yL5NE,2026-10-01T08:14:58+00:00,prefill,0,,0.07,,165.48,0,1,445,49920
ap-6MVKRrBnozowbUzD1yL5NE,2026-10-01T08:14:59+00:00,decode,1,50387,0.07,22.48,,0,,,
ap-6MVKRrBnozowbUzD1yL5NE,2026-10-01T08:14:59+00:00,prefill,1,,0.11,,855.19,0,1,284,35584
ap-6MVKRrBnozowbUzD1yL5NE,2026-10-01T08:14:59+00:00,decode,2,85648,0.11,135.43,,0,,,
ap-6MVKRrBnozowbUzD1yL5NE,2026-10-01T08:15:00+00:00,prefill,2,,0.13,,717.51,0,1,775,9472
ap-6MVKRrBnozowbUzD1yL5NE,2026-10-01T08:15:00+00:00,decode,3,95291,0.13,135.15,,0,,,
ap-6MVKRrBnozowbUzD1yL5NE,2026-10-01T08:15:01+00:00,decode,3,95411,0.13,216.12,,0,,,
ap-6MVKRrBnozowbUzD1yL5NE,2026-10-01T08:15:01+00:00,decode,3,95531,0.13,215.82,,0,,,
ap-6MVKRrBnozowbUzD1yL5NE,2026-10-01T08:15:02+00:00,decode,2,85968,0.12,158.54,,0,,,
ap-6MVKRrBnozowbUzD1yL5NE,2026-10-01T08:15:02+00:00,prefill,2,,0.16,,190.03,0,1,348,35136
ap-6MVKRrBnozowbUzD1yL5NE,2026-10-01T08:15:02+00:00,decode,3,120882,0.16,186.32,,0,,,
ap-6MVKRrBnozowbUzD1yL5NE,2026-10-01T08:15:03+00:00,decode,2,85541,0.11,157.8,,0,,,
ap-6MVKRrBnozowbUzD1yL5NE,2026-10-01T08:15:03+00:00,decode,2,85621,0.11,148.19,,0,,,
ap-6MVKRrBnozowbUzD1yL5NE,2026-10-01T08:15:04+00:00,decode,2,85701,0.11,148.35,,0,,,
ap-6MVKRrBnozowbUzD1yL5NE,2026-10-01T08:15:04+00:00,decode,2,85781,0.12,148.37,,0,,,
ap-6MVKRrBnozowbUzD1yL5NE,2026-10-01T08:15:05+00:00,prefill,2,,0.16,,49.44,0,1,154,36096
ap-6MVKRrBnozowbUzD1yL5NE,2026-10-01T08:15:05+00:00,prefill,3,,0.22,,803.01,0,1,149,42752
ap-6MVKRrBnozowbUzD1yL5NE,2026-10-01T08:15:05+00:00,decode,4,163650,0.22,145.05,,0,,,
ap-6MVKRrBnozowbUzD1yL5NE,2026-10-01T08:15:06+00:00,decode,4,163810,0.22,261.47,,0,,,
ap-6MVKRrBnozowbUzD1yL5NE,2026-10-01T08:15:06+00:00,prefill,3,,0.19,,272.5,0,1,250,10240
ap-6MVKRrBnozowbUzD1yL5NE,2026-10-01T08:15:06+00:00,decode,4,138680,0.19,232.14,,0,,,
ap-6MVKRrBnozowbUzD1yL5NE,2026-10-01T08:15:07+00:00,decode,4,138840,0.19,269.19,,0,,,
ap-6MVKRrBnozowbUzD1yL5NE,2026-10-01T08:15:07+00:00,decode,4,139000,0.19,269.77,,0,,,
ap-6MVKRrBnozowbUzD1yL5NE,2026-10-01T08:15:08+00:00,decode,3,96746,0.13,225.29,,0,,,
ap-6MVKRrBnozowbUzD1yL5NE,2026-10-01T08:15:09+00:00,decode,2,61054,0.08,206.67,,0,,,
ap-6MVKRrBnozowbUzD1yL5NE,2026-10-01T08:15:09+00:00,decode,2,61134,0.08,153.85,,0,,,
ap-6MVKRrBnozowbUzD1yL5NE,2026-10-01T08:15:10+00:00,decode,2,61214,0.08,153.68,,0,,,
ap-6MVKRrBnozowbUzD1yL5NE,2026-10-01T08:15:10+00:00,prefill,2,,0.13,,133.11,0,1,521,38976
ap-6MVKRrBnozowbUzD1yL5NE,2026-10-01T08:15:10+00:00,prefill,3,,0.16,,3554.76,0,1,544,21248
ap-6MVKRrBnozowbUzD1yL5NE,2026-10-01T08:15:10+00:00,decode,4,121263,0.16,184.47,,0,,,
ap-6MVKRrBnozowbUzD1yL5NE,2026-10-01T08:15:11+00:00,decode,4,121423,0.16,275.86,,0,,,
ap-6MVKRrBnozowbUzD1yL5NE,2026-10-01T08:15:11+00:00,prefill,4,,0.21,,282.78,0,1,280,36352
ap-6MVKRrBnozowbUzD1yL5NE,2026-10-01T08:15:12+00:00,decode,5,118644,0.16,297.61,,0,,,
ap-6MVKRrBnozowbUzD1yL5NE,2026-10-01T08:15:12+00:00,prefill,4,,0.21,,467.85,0,1,499,35584
ap-6MVKRrBnozowbUzD1yL5NE,2026-10-01T08:15:12+00:00,decode,5,154212,0.21,261.67,,0,,,
ap-6MVKRrBnozowbUzD1yL5NE,2026-10-01T08:15:13+00:00,decode,4,133124,0.18,317.59,,0,,,
ap-6MVKRrBnozowbUzD1yL5NE,2026-10-01T08:15:13+00:00,decode,4,133284,0.18,271.27,,0,,,
ap-6MVKRrBnozowbUzD1yL5NE,2026-10-01T08:15:14+00:00,decode,4,133444,0.18,271.08,,0,,,
ap-6MVKRrBnozowbUzD1yL5NE,2026-10-01T08:15:15+00:00,decode,4,133604,0.18,271.09,,0,,,
ap-6MVKRrBnozowbUzD1yL5NE,2026-10-01T08:15:15+00:00,decode,2,61934,0.08,200.78,,0,,,
ap-6MVKRrBnozowbUzD1yL5NE,2026-10-01T08:15:16+00:00,decode,2,62014,0.08,153.55,,0,,,
ap-6MVKRrBnozowbUzD1yL5NE,2026-10-01T08:15:16+00:00,decode,2,62094,0.08,153.48,,0,,,
ap-6MVKRrBnozowbUzD1yL5NE,2026-10-01T08:15:17+00:00,decode,2,62174,0.08,153.41,,0,,,
ap-6MVKRrBnozowbUzD1yL5NE,2026-10-01T08:15:17+00:00,decode,2,62254,0.08,153.3,,0,,,
ap-6MVKRrBnozowbUzD1yL5NE,2026-10-01T08:15:18+00:00,decode,2,62334,0.08,153.52,,0,,,
ap-6MVKRrBnozowbUzD1yL5NE,2026-10-01T08:15:18+00:00,prefill,2,,0.14,,14.51,0,1,85,43008
ap-6MVKRrBnozowbUzD1yL5NE,2026-10-01T08:15:18+00:00,decode,3,104852,0.14,189.11,,0,,,
ap-6MVKRrBnozowbUzD1yL5NE,2026-10-01T08:15:19+00:00,decode,3,104972,0.14,212.69,,0,,,
ap-6MVKRrBnozowbUzD1yL5NE,2026-10-01T08:15:20+00:00,decode,3,105092,0.14,212.99,,0,,,
ap-6MVKRrBnozowbUzD1yL5NE,2026-10-01T08:15:20+00:00,decode,3,105212,0.14,212.78,,0,,,
ap-6MVKRrBnozowbUzD1yL5NE,2026-10-01T08:15:21+00:00,decode,1,11514,0.02,166.16,,0,,,
ap-6MVKRrBnozowbUzD1yL5NE,2026-10-01T08:15:21+00:00,decode,1,11554,0.02,81.38,,0,,,
ap-6MVKRrBnozowbUzD1yL5NE,2026-10-01T08:15:21+00:00,prefill,1,,0.06,,113.0,0,1,394,36096
ap-6MVKRrBnozowbUzD1yL5NE,2026-10-01T08:15:22+00:00,decode,2,47418,0.06,107.27,,0,,,
ap-6MVKRrBnozowbUzD1yL5NE,2026-10-01T08:15:22+00:00,prefill,2,,0.09,,253.12,0,1,171,17664
ap-6MVKRrBnozowbUzD1yL5NE,2026-10-01T08:15:22+00:00,decode,3,64657,0.09,162.32,,0,,,
ap-6MVKRrBnozowbUzD1yL5NE,2026-10-01T08:15:23+00:00,decode,3,64777,0.09,225.8,,0,,,
ap-6MVKRrBnozowbUzD1yL5NE,2026-10-01T08:15:23+00:00,decode,2,47658,0.06,162.23,,0,,,
ap-6MVKRrBnozowbUzD1yL5NE,2026-10-01T08:15:24+00:00,decode,1,11754,0.02,91.12,,0,,,
ap-6MVKRrBnozowbUzD1yL5NE,2026-10-01T08:15:24+00:00,decode,1,63694,0.09,75.57,,0,,,
ap-6MVKRrBnozowbUzD1yL5NE,2026-10-01T08:15:24+00:00,prefill,1,,0.09,,380.15,0,1,876,51712
ap-6MVKRrBnozowbUzD1yL5NE,2026-10-01T08:15:25+00:00,prefill,2,,0.14,,6702.05,0,1,754,39488
ap-6MVKRrBnozowbUzD1yL5NE,2026-10-01T08:15:25+00:00,decode,3,103371,0.14,155.63,,0,,,
ap-6MVKRrBnozowbUzD1yL5NE,2026-10-01T08:15:26+00:00,decode,3,103491,0.14,212.88,,0,,,
ap-6MVKRrBnozowbUzD1yL5NE,2026-10-01T08:15:26+00:00,decode,2,63936,0.09,200.51,,0,,,
ap-6MVKRrBnozowbUzD1yL5NE,2026-10-01T08:15:27+00:00,decode,1,11954,0.02,123.45,,0,,,
ap-6MVKRrBnozowbUzD1yL5NE,2026-10-01T08:15:27+00:00,decode,1,11994,0.02,81.47,,0,,,
ap-6MVKRrBnozowbUzD1yL5NE,2026-10-01T08:15:28+00:00,decode,1,12034,0.02,81.3,,0,,,
ap-6MVKRrBnozowbUzD1yL5NE,2026-10-01T08:15:28+00:00,decode,1,12074,0.02,81.42,,0,,,
ap-6MVKRrBnozowbUzD1yL5NE,2026-10-01T08:15:29+00:00,decode,1,12114,0.02,81.34,,0,,,
ap-6MVKRrBnozowbUzD1yL5NE,2026-10-01T08:15:29+00:00,decode,1,12154,0.02,81.4,,0,,,
ap-6MVKRrBnozowbUzD1yL5NE,2026-10-01T08:15:30+00:00,decode,1,12194,0.02,81.37,,0,,,
ap-6MVKRrBnozowbUzD1yL5NE,2026-10-01T08:15:30+00:00,decode,1,12234,0.02,81.37,,0,,,
ap-6MVKRrBnozowbUzD1yL5NE,2026-10-01T08:15:30+00:00,prefill,1,,0.07,,81.22,0,1,465,36608
ap-6MVKRrBnozowbUzD1yL5NE,2026-10-01T08:15:30+00:00,prefill,2,,0.14,,2208.81,0,1,474,52544
ap-6MVKRrBnozowbUzD1yL5NE,2026-10-01T08:15:31+00:00,prefill,3,,0.19,,190.76,0,1,27,43264
ap-6MVKRrBnozowbUzD1yL5NE,2026-10-01T08:15:31+00:00,decode,4,143679,0.19,163.46,,0,,,
ap-6MVKRrBnozowbUzD1yL5NE,2026-10-01T08:15:31+00:00,decode,3,95750,0.13,214.2,,0,,,
ap-6MVKRrBnozowbUzD1yL5NE,2026-10-01T08:15:32+00:00,decode,2,95830,0.13,145.7,,0,,,
ap-6MVKRrBnozowbUzD1yL5NE,2026-10-01T08:15:33+00:00,decode,2,95910,0.13,146.06,,0,,,
ap-6MVKRrBnozowbUzD1yL5NE,2026-10-01T08:15:33+00:00,decode,1,53206,0.07,137.35,,0,,,
ap-6MVKRrBnozowbUzD1yL5NE,2026-10-01T08:15:37+00:00,prefill,0,,0.07,,97.23,0,1,628,52992
ap-6MVKRrBnozowbUzD1yL5NE,2026-10-01T08:15:37+00:00,decode,1,53639,0.07,9.58,,0,,,
ap-6MVKRrBnozowbUzD1yL5NE,2026-10-01T08:15:37+00:00,prefill,1,,0.12,,1619.27,0,1,697,37120
ap-6MVKRrBnozowbUzD1yL5NE,2026-10-01T08:15:38+00:00,decode,1,37850,0.05,79.9,,0,,,
ap-6MVKRrBnozowbUzD1yL5NE,2026-10-01T08:15:38+00:00,prefill,1,,0.05,,1501.84,0,1,876,0
ap-6MVKRrBnozowbUzD1yL5NE,2026-10-01T08:15:39+00:00,prefill,2,,0.11,,1177.75,0,1,549,40192
ap-6MVKRrBnozowbUzD1yL5NE,2026-10-01T08:15:39+00:00,decode,3,78853,0.11,112.91,,0,,,
ap-6MVKRrBnozowbUzD1yL5NE,2026-10-01T08:15:39+00:00,decode,2,41730,0.06,190.68,,0,,,
ap-6MVKRrBnozowbUzD1yL5NE,2026-10-01T08:15:40+00:00,decode,1,40825,0.05,137.79,,0,,,
ap-6MVKRrBnozowbUzD1yL5NE,2026-10-01T08:15:40+00:00,prefill,0,,0.07,,146.41,0,1,216,53568
ap-6MVKRrBnozowbUzD1yL5NE,2026-10-01T08:15:40+00:00,decode,1,53798,0.07,70.07,,0,,,
ap-6MVKRrBnozowbUzD1yL5NE,2026-10-01T08:15:41+00:00,prefill,0,,0.0,,2163.83,0,1,2015,0
ap-6MVKRrBnozowbUzD1yL5NE,2026-10-01T08:15:41+00:00,decode,1,2023,0.0,46.97,,0,,,
ap-6MVKRrBnozowbUzD1yL5NE,2026-10-01T08:15:42+00:00,decode,1,2063,0.0,83.13,,0,,,
ap-6MVKRrBnozowbUzD1yL5NE,2026-10-01T08:15:42+00:00,decode,1,2103,0.0,83.09,,0,,,
ap-6MVKRrBnozowbUzD1yL5NE,2026-10-01T08:15:43+00:00,prefill,0,,0.06,,102.89,0,1,225,43264
ap-6MVKRrBnozowbUzD1yL5NE,2026-10-01T08:15:43+00:00,decode,1,43519,0.06,26.54,,0,,,
ap-6MVKRrBnozowbUzD1yL5NE,2026-10-01T08:15:44+00:00,prefill,1,,0.07,,966.84,0,1,778,12032
ap-6MVKRrBnozowbUzD1yL5NE,2026-10-01T08:15:44+00:00,decode,2,55694,0.07,87.73,,0,,,
ap-6MVKRrBnozowbUzD1yL5NE,2026-10-01T08:15:45+00:00,decode,2,55774,0.07,155.12,,0,,,
ap-6MVKRrBnozowbUzD1yL5NE,2026-10-01T08:15:45+00:00,prefill,2,,0.13,,355.31,0,1,373,37888
ap-6MVKRrBnozowbUzD1yL5NE,2026-10-01T08:15:45+00:00,decode,3,93445,0.13,164.16,,0,,,
ap-6MVKRrBnozowbUzD1yL5NE,2026-10-01T08:15:46+00:00,decode,2,50575,0.07,195.35,,0,,,
ap-6MVKRrBnozowbUzD1yL5NE,2026-10-01T08:15:46+00:00,decode,2,50655,0.07,156.23,,0,,,
ap-6MVKRrBnozowbUzD1yL5NE,2026-10-01T08:15:47+00:00,prefill,2,,0.07,,817.15,0,1,1480,896
ap-6MVKRrBnozowbUzD1yL5NE,2026-10-01T08:15:47+00:00,decode,3,52432,0.07,136.84,,0,,,
ap-6MVKRrBnozowbUzD1yL5NE,2026-10-01T08:15:47+00:00,decode,3,52552,0.07,229.3,,0,,,
ap-6MVKRrBnozowbUzD1yL5NE,2026-10-01T08:15:48+00:00,decode,2,50895,0.07,213.38,,0,,,
ap-6MVKRrBnozowbUzD1yL5NE,2026-10-01T08:15:48+00:00,decode,2,50975,0.07,156.13,,0,,,
ap-6MVKRrBnozowbUzD1yL5NE,2026-10-01T08:15:49+00:00,decode,1,13184,0.02,111.82,,0,,,
ap-6MVKRrBnozowbUzD1yL5NE,2026-10-01T08:15:49+00:00,decode,1,13224,0.02,81.21,,0,,,
ap-6MVKRrBnozowbUzD1yL5NE,2026-10-01T08:15:50+00:00,decode,1,13264,0.02,81.24,,0,,,
ap-6MVKRrBnozowbUzD1yL5NE,2026-10-01T08:15:50+00:00,decode,1,13304,0.02,81.19,,0,,,
ap-6MVKRrBnozowbUzD1yL5NE,2026-10-01T08:15:51+00:00,decode,1,13344,0.02,81.14,,0,,,
ap-6MVKRrBnozowbUzD1yL5NE,2026-10-01T08:15:51+00:00,decode,1,13384,0.02,81.21,,0,,,
ap-6MVKRrBnozowbUzD1yL5NE,2026-10-01T08:15:52+00:00,decode,1,13424,0.02,81.18,,0,,,
ap-6MVKRrBnozowbUzD1yL5NE,2026-10-01T08:15:52+00:00,prefill,1,,0.02,,109.4,0,1,616,1984
ap-6MVKRrBnozowbUzD1yL5NE,2026-10-01T08:15:52+00:00,decode,2,15380,0.02,76.33,,0,,,
ap-6MVKRrBnozowbUzD1yL5NE,2026-10-01T08:15:53+00:00,decode,1,13504,0.02,137.59,,0,,,
ap-6MVKRrBnozowbUzD1yL5NE,2026-10-01T08:15:53+00:00,decode,1,13544,0.02,81.17,,0,,,
ap-6MVKRrBnozowbUzD1yL5NE,2026-10-01T08:15:54+00:00,decode,1,13584,0.02,81.12,,0,,,
ap-6MVKRrBnozowbUzD1yL5NE,2026-10-01T08:15:54+00:00,decode,1,13624,0.02,81.11,,0,,,
ap-6MVKRrBnozowbUzD1yL5NE,2026-10-01T08:15:55+00:00,prefill,1,,0.07,,183.24,0,1,442,38400
ap-6MVKRrBnozowbUzD1yL5NE,2026-10-01T08:15:55+00:00,decode,2,51832,0.07,91.02,,0,,,
ap-6MVKRrBnozowbUzD1yL5NE,2026-10-01T08:15:55+00:00,decode,2,51912,0.07,155.96,,0,,,
ap-6MVKRrBnozowbUzD1yL5NE,2026-10-01T08:15:56+00:00,prefill,2,,0.07,,99.62,0,1,120,2560
ap-6MVKRrBnozowbUzD1yL5NE,2026-10-01T08:15:56+00:00,decode,3,53987,0.07,146.43,,0,,,
ap-6MVKRrBnozowbUzD1yL5NE,2026-10-01T08:15:56+00:00,prefill,3,,0.13,,2312.16,0,1,571,43520
ap-6MVKRrBnozowbUzD1yL5NE,2026-10-01T08:15:57+00:00,decode,4,97539,0.13,233.43,,0,,,
ap-6MVKRrBnozowbUzD1yL5NE,2026-10-01T08:15:57+00:00,decode,2,57296,0.08,250.7,,0,,,
ap-6MVKRrBnozowbUzD1yL5NE,2026-10-01T08:15:58+00:00,decode,2,57376,0.08,154.65,,0,,,
ap-6MVKRrBnozowbUzD1yL5NE,2026-10-01T08:15:58+00:00,decode,2,57456,0.08,154.49,,0,,,
ap-6MVKRrBnozowbUzD1yL5NE,2026-10-01T08:15:59+00:00,decode,1,13944,0.02,127.78,,0,,,
ap-6MVKRrBnozowbUzD1yL5NE,2026-10-01T08:15:59+00:00,decode,1,13984,0.02,80.99,,0,,,
ap-6MVKRrBnozowbUzD1yL5NE,2026-10-01T08:16:00+00:00,decode,1,14024,0.02,80.96,,0,,,
ap-6MVKRrBnozowbUzD1yL5NE,2026-10-01T08:16:00+00:00,decode,1,14064,0.02,80.95,,0,,,
ap-6MVKRrBnozowbUzD1yL5NE,2026-10-01T08:16:00+00:00,prefill,1,,0.02,,51.92,0,1,216,2624
ap-6MVKRrBnozowbUzD1yL5NE,2026-10-01T08:16:01+00:00,decode,2,16287,0.02,130.25,,0,,,
ap-6MVKRrBnozowbUzD1yL5NE,2026-10-01T08:16:01+00:00,decode,1,14144,0.02,85.11,,0,,,
ap-6MVKRrBnozowbUzD1yL5NE,2026-10-01T08:16:02+00:00,decode,1,14184,0.02,80.9,,0,,,
ap-6MVKRrBnozowbUzD1yL5NE,2026-10-01T08:16:02+00:00,decode,1,14224,0.02,80.93,,0,,,
ap-6MVKRrBnozowbUzD1yL5NE,2026-10-01T08:16:03+00:00,decode,1,14264,0.02,81.0,,0,,,
ap-6MVKRrBnozowbUzD1yL5NE,2026-10-01T08:16:03+00:00,prefill,1,,0.07,,120.64,0,1,323,38912
ap-6MVKRrBnozowbUzD1yL5NE,2026-10-01T08:16:03+00:00,decode,2,52869,0.07,101.0,,0,,,
ap-6MVKRrBnozowbUzD1yL5NE,2026-10-01T08:16:04+00:00,decode,2,52949,0.07,155.48,,0,,,
ap-6MVKRrBnozowbUzD1yL5NE,2026-10-01T08:16:04+00:00,prefill,2,,0.07,,102.57,0,1,108,2816
ap-6MVKRrBnozowbUzD1yL5NE,2026-10-01T08:16:04+00:00,decode,3,55284,0.07,174.02,,0,,,
ap-6MVKRrBnozowbUzD1yL5NE,2026-10-01T08:16:05+00:00,decode,3,55404,0.07,228.73,,0,,,
ap-6MVKRrBnozowbUzD1yL5NE,2026-10-01T08:16:05+00:00,decode,2,16799,0.02,191.37,,0,,,
ap-6MVKRrBnozowbUzD1yL5NE,2026-10-01T08:16:06+00:00,decode,1,14504,0.02,103.88,,0,,,
ap-6MVKRrBnozowbUzD1yL5NE,2026-10-01T08:16:06+00:00,decode,1,14544,0.02,80.87,,0,,,
ap-6MVKRrBnozowbUzD1yL5NE,2026-10-01T08:16:09+00:00,prefill,0,,0.06,,69.91,0,1,321,44032
ap-6MVKRrBnozowbUzD1yL5NE,2026-10-01T08:16:09+00:00,prefill,1,,0.06,,3600.85,0,1,188,2880
ap-6MVKRrBnozowbUzD1yL5NE,2026-10-01T08:16:09+00:00,decode,2,46747,0.06,18.2,,0,,,
ap-6MVKRrBnozowbUzD1yL5NE,2026-10-01T08:16:09+00:00,decode,1,44400,0.06,116.81,,0,,,
ap-6MVKRrBnozowbUzD1yL5NE,2026-10-01T08:16:10+00:00,decode,1,44440,0.06,76.99,,0,,,
ap-6MVKRrBnozowbUzD1yL5NE,2026-10-01T08:16:10+00:00,decode,1,44480,0.06,77.12,,0,,,
ap-6MVKRrBnozowbUzD1yL5NE,2026-10-01T08:16:11+00:00,decode,1,44520,0.06,77.03,,0,,,
ap-6MVKRrBnozowbUzD1yL5NE,2026-10-01T08:16:11+00:00,prefill,0,,0.05,,136.58,0,1,350,39232
ap-6MVKRrBnozowbUzD1yL5NE,2026-10-01T08:16:12+00:00,decode,1,39615,0.05,47.8,,0,,,
ap-6MVKRrBnozowbUzD1yL5NE,2026-10-01T08:16:12+00:00,decode,1,39655,0.05,77.68,,0,,,
ap-6MVKRrBnozowbUzD1yL5NE,2026-10-01T08:16:12+00:00,prefill,1,,0.06,,63.66,0,1,68,3072
ap-6MVKRrBnozowbUzD1yL5NE,2026-10-01T08:16:13+00:00,decode,2,3173,0.0,131.32,,0,,,
ap-6MVKRrBnozowbUzD1yL5NE,2026-10-01T08:16:16+00:00,prefill,0,,0.03,,186.33,0,1,577,21760
ap-6MVKRrBnozowbUzD1yL5NE,2026-10-01T08:16:16+00:00,decode,1,22372,0.03,12.83,,0,,,
ap-6MVKRrBnozowbUzD1yL5NE,2026-10-01T08:16:16+00:00,prefill,1,,0.03,,97.27,0,1,66,3136
ap-6MVKRrBnozowbUzD1yL5NE,2026-10-01T08:16:17+00:00,decode,2,24951,0.03,117.64,,0,,,
ap-6MVKRrBnozowbUzD1yL5NE,2026-10-01T08:16:19+00:00,prefill,0,,0.05,,75.55,0,1,218,39680
ap-6MVKRrBnozowbUzD1yL5NE,2026-10-01T08:16:19+00:00,decode,1,39916,0.05,21.64,,0,,,
ap-6MVKRrBnozowbUzD1yL5NE,2026-10-01T08:16:20+00:00,prefill,1,,0.07,,1928.21,0,1,952,14336
ap-6MVKRrBnozowbUzD1yL5NE,2026-10-01T08:16:20+00:00,decode,2,54584,0.07,107.2,,0,,,
ap-6MVKRrBnozowbUzD1yL5NE,2026-10-01T08:16:20+00:00,prefill,2,,0.08,,178.85,0,1,86,3200
ap-6MVKRrBnozowbUzD1yL5NE,2026-10-01T08:16:21+00:00,decode,3,57296,0.08,198.63,,0,,,
ap-6MVKRrBnozowbUzD1yL5NE,2026-10-01T08:16:21+00:00,decode,1,15395,0.02,142.72,,0,,,
ap-6MVKRrBnozowbUzD1yL5NE,2026-10-01T08:16:21+00:00,prefill,1,,0.08,,209.21,0,1,263,44352
ap-6MVKRrBnozowbUzD1yL5NE,2026-10-01T08:16:22+00:00,decode,2,59380,0.08,104.05,,0,,,
ap-6MVKRrBnozowbUzD1yL5NE,2026-10-01T08:16:22+00:00,decode,2,59460,0.08,154.16,,0,,,
ap-6MVKRrBnozowbUzD1yL5NE,2026-10-01T08:16:23+00:00,decode,2,59540,0.08,154.24,,0,,,
ap-6MVKRrBnozowbUzD1yL5NE,2026-10-01T08:16:23+00:00,decode,2,59620,0.08,154.25,,0,,,
ap-6MVKRrBnozowbUzD1yL5NE,2026-10-01T08:16:24+00:00,decode,1,15595,0.02,147.03,,0,,,
ap-6MVKRrBnozowbUzD1yL5NE,2026-10-01T08:16:24+00:00,prefill,1,,0.02,,45.1,0,1,118,3264
ap-6MVKRrBnozowbUzD1yL5NE,2026-10-01T08:16:24+00:00,decode,2,18349,0.02,109.37,,0,,,
ap-6MVKRrBnozowbUzD1yL5NE,2026-10-01T08:16:25+00:00,decode,1,15675,0.02,120.32,,0,,,
ap-6MVKRrBnozowbUzD1yL5NE,2026-10-01T08:16:25+00:00,decode,1,15715,0.02,80.84,,0,,,
ap-6MVKRrBnozowbUzD1yL5NE,2026-10-01T08:16:26+00:00,decode,1,15755,0.02,80.88,,0,,,
ap-6MVKRrBnozowbUzD1yL5NE,2026-10-01T08:16:26+00:00,decode,1,15795,0.02,80.86,,0,,,
ap-6MVKRrBnozowbUzD1yL5NE,2026-10-01T08:16:27+00:00,decode,1,15835,0.02,80.86,,0,,,
ap-6MVKRrBnozowbUzD1yL5NE,2026-10-01T08:16:27+00:00,prefill,1,,0.04,,65.45,0,1,194,17792
ap-6MVKRrBnozowbUzD1yL5NE,2026-10-01T08:16:27+00:00,decode,2,72993,0.1,106.35,,0,,,
ap-6MVKRrBnozowbUzD1yL5NE,2026-10-01T08:16:27+00:00,prefill,2,,0.1,,1580.14,0,1,550,39936
ap-6MVKRrBnozowbUzD1yL5NE,2026-10-01T08:16:28+00:00,prefill,3,,0.1,,266.88,0,1,150,3328
ap-6MVKRrBnozowbUzD1yL5NE,2026-10-01T08:16:28+00:00,decode,4,75909,0.1,192.95,,0,,,
ap-6MVKRrBnozowbUzD1yL5NE,2026-10-01T08:16:28+00:00,decode,2,55835,0.07,223.82,,0,,,
ap-6MVKRrBnozowbUzD1yL5NE,2026-10-01T08:16:29+00:00,decode,2,55915,0.08,154.95,,0,,,
ap-6MVKRrBnozowbUzD1yL5NE,2026-10-01T08:16:29+00:00,decode,1,16035,0.02,133.31,,0,,,
ap-6MVKRrBnozowbUzD1yL5NE,2026-10-01T08:16:30+00:00,decode,1,16075,0.02,80.75,,0,,,
ap-6MVKRrBnozowbUzD1yL5NE,2026-10-01T08:16:30+00:00,decode,1,16115,0.02,80.81,,0,,,
ap-6MVKRrBnozowbUzD1yL5NE,2026-10-01T08:16:31+00:00,prefill,1,,0.03,,40.42,0,1,118,3456
ap-6MVKRrBnozowbUzD1yL5NE,2026-10-01T08:16:31+00:00,decode,2,19057,0.03,101.48,,0,,,
ap-6MVKRrBnozowbUzD1yL5NE,2026-10-01T08:16:31+00:00,decode,1,16195,0.02,128.74,,0,,,
ap-6MVKRrBnozowbUzD1yL5NE,2026-10-01T08:16:32+00:00,decode,1,16235,0.02,80.64,,0,,,
ap-6MVKRrBnozowbUzD1yL5NE,2026-10-01T08:16:32+00:00,decode,1,16275,0.02,80.92,,0,,,
ap-6MVKRrBnozowbUzD1yL5NE,2026-10-01T08:16:33+00:00,decode,1,16315,0.02,80.62,,0,,,
ap-6MVKRrBnozowbUzD1yL5NE,2026-10-01T08:16:33+00:00,decode,1,16355,0.02,80.91,,0,,,
ap-6MVKRrBnozowbUzD1yL5NE,2026-10-01T08:16:33+00:00,prefill,1,,0.08,,99.47,0,1,269,44608
ap-6MVKRrBnozowbUzD1yL5NE,2026-10-01T08:16:34+00:00,decode,2,60623,0.08,139.02,,0,,,
ap-6MVKRrBnozowbUzD1yL5NE,2026-10-01T08:16:34+00:00,decode,2,60703,0.08,153.66,,0,,,
ap-6MVKRrBnozowbUzD1yL5NE,2026-10-01T08:16:35+00:00,prefill,2,,0.09,,76.74,0,1,86,3584
ap-6MVKRrBnozowbUzD1yL5NE,2026-10-01T08:16:35+00:00,decode,3,60783,0.08,201.82,,0,,,
ap-6MVKRrBnozowbUzD1yL5NE,2026-10-01T08:16:36+00:00,decode,2,60863,0.08,155.66,,0,,,
ap-6MVKRrBnozowbUzD1yL5NE,2026-10-01T08:16:36+00:00,decode,1,16555,0.02,108.89,,0,,,
ap-6MVKRrBnozowbUzD1yL5NE,2026-10-01T08:16:36+00:00,prefill,1,,0.08,,348.69,0,1,607,40448
ap-6MVKRrBnozowbUzD1yL5NE,2026-10-01T08:16:37+00:00,decode,2,56992,0.08,114.1,,0,,,
ap-6MVKRrBnozowbUzD1yL5NE,2026-10-01T08:16:37+00:00,decode,2,57072,0.08,154.76,,0,,,
ap-6MVKRrBnozowbUzD1yL5NE,2026-10-01T08:16:38+00:00,decode,2,57152,0.08,154.5,,0,,,
ap-6MVKRrBnozowbUzD1yL5NE,2026-10-01T08:16:38+00:00,decode,2,57232,0.08,154.79,,0,,,
ap-6MVKRrBnozowbUzD1yL5NE,2026-10-01T08:16:38+00:00,prefill,2,,0.08,,54.65,0,1,118,3648
ap-6MVKRrBnozowbUzD1yL5NE,2026-10-01T08:16:39+00:00,decode,3,60416,0.08,184.28,,0,,,
ap-6MVKRrBnozowbUzD1yL5NE,2026-10-01T08:16:39+00:00,decode,2,57392,0.08,178.58,,0,,,
ap-6MVKRrBnozowbUzD1yL5NE,2026-10-01T08:16:40+00:00,decode,1,16835,0.02,145.49,,0,,,
ap-6MVKRrBnozowbUzD1yL5NE,2026-10-01T08:16:40+00:00,decode,1,16875,0.02,80.76,,0,,,
ap-6MVKRrBnozowbUzD1yL5NE,2026-10-01T08:16:41+00:00,decode,1,16915,0.02,80.61,,0,,,
ap-6MVKRrBnozowbUzD1yL5NE,2026-10-01T08:16:41+00:00,decode,1,16955,0.02,80.76,,0,,,
ap-6MVKRrBnozowbUzD1yL5NE,2026-10-01T08:16:42+00:00,decode,1,16995,0.02,80.63,,0,,,
ap-6MVKRrBnozowbUzD1yL5NE,2026-10-01T08:16:42+00:00,decode,1,17035,0.02,80.71,,0,,,
ap-6MVKRrBnozowbUzD1yL5NE,2026-10-01T08:16:42+00:00,prefill,1,,0.03,,38.61,0,1,150,3712
ap-6MVKRrBnozowbUzD1yL5NE,2026-10-01T08:16:46+00:00,prefill,0,,0.06,,83.59,0,1,275,44864
ap-6MVKRrBnozowbUzD1yL5NE,2026-10-01T08:16:46+00:00,decode,1,45142,0.06,22.29,,0,,,
ap-6MVKRrBnozowbUzD1yL5NE,2026-10-01T08:16:46+00:00,prefill,1,,0.12,,2054.45,0,1,418,41216
ap-6MVKRrBnozowbUzD1yL5NE,2026-10-01T08:16:46+00:00,prefill,2,,0.12,,351.36,0,1,118,3840
ap-6MVKRrBnozowbUzD1yL5NE,2026-10-01T08:16:46+00:00,decode,3,89442,0.12,124.75,,0,,,
ap-6MVKRrBnozowbUzD1yL5NE,2026-10-01T08:16:47+00:00,decode,2,86241,0.12,197.06,,0,,,
ap-6MVKRrBnozowbUzD1yL5NE,2026-10-01T08:16:47+00:00,decode,1,45262,0.06,125.36,,0,,,
ap-6MVKRrBnozowbUzD1yL5NE,2026-10-01T08:16:48+00:00,decode,1,45302,0.06,77.0,,0,,,
ap-6MVKRrBnozowbUzD1yL5NE,2026-10-01T08:16:50+00:00,prefill,0,,0.01,,39.64,0,1,150,3904
ap-6MVKRrBnozowbUzD1yL5NE,2026-10-01T08:16:50+00:00,decode,1,4083,0.01,16.69,,0,,,
ap-6MVKRrBnozowbUzD1yL5NE,2026-10-01T08:16:53+00:00,prefill,0,,0.06,,56.12,0,1,193,41728
ap-6MVKRrBnozowbUzD1yL5NE,2026-10-01T08:16:54+00:00,decode,1,45415,0.06,11.32,,0,,,
ap-6MVKRrBnozowbUzD1yL5NE,2026-10-01T08:16:54+00:00,prefill,1,,0.06,,268.38,0,1,118,4032
ap-6MVKRrBnozowbUzD1yL5NE,2026-10-01T08:16:54+00:00,decode,1,41993,0.06,149.21,,0,,,
ap-6MVKRrBnozowbUzD1yL5NE,2026-10-01T08:16:55+00:00,decode,1,42033,0.06,77.29,,0,,,
ap-6MVKRrBnozowbUzD1yL5NE,2026-10-01T08:16:55+00:00,decode,1,42073,0.06,77.49,,0,,,
ap-6MVKRrBnozowbUzD1yL5NE,2026-10-01T08:16:56+00:00,decode,1,42113,0.06,77.41,,0,,,
ap-6MVKRrBnozowbUzD1yL5NE,2026-10-01T08:16:56+00:00,decode,1,42153,0.06,77.43,,0,,,
ap-6MVKRrBnozowbUzD1yL5NE,2026-10-01T08:16:57+00:00,prefill,1,,0.08,,235.73,0,1,692,16896
ap-6MVKRrBnozowbUzD1yL5NE,2026-10-01T08:16:57+00:00,decode,2,59113,0.08,97.39,,0,,,
ap-6MVKRrBnozowbUzD1yL5NE,2026-10-01T08:16:58+00:00,decode,2,59193,0.08,154.35,,0,,,
ap-6MVKRrBnozowbUzD1yL5NE,2026-10-01T08:16:58+00:00,prefill,2,,0.08,,147.93,0,1,150,4096
ap-6MVKRrBnozowbUzD1yL5NE,2026-10-01T08:16:58+00:00,prefill,3,,0.14,,433.77,0,1,89,45312
ap-6MVKRrBnozowbUzD1yL5NE,2026-10-01T08:16:58+00:00,decode,4,107580,0.14,184.85,,0,,,
ap-6MVKRrBnozowbUzD1yL5NE,2026-10-01T08:16:59+00:00,decode,3,104117,0.14,237.25,,0,,,
ap-6MVKRrBnozowbUzD1yL5NE,2026-10-01T08:16:59+00:00,decode,3,104237,0.14,213.14,,0,,,
ap-6MVKRrBnozowbUzD1yL5NE,2026-10-01T08:17:00+00:00,decode,2,62651,0.08,187.28,,0,,,
ap-6MVKRrBnozowbUzD1yL5NE,2026-10-01T08:17:00+00:00,decode,2,62731,0.08,153.26,,0,,,
ap-6MVKRrBnozowbUzD1yL5NE,2026-10-01T08:17:01+00:00,decode,1,17887,0.02,86.22,,0,,,
ap-6MVKRrBnozowbUzD1yL5NE,2026-10-01T08:17:01+00:00,decode,1,17927,0.02,80.47,,0,,,
ap-6MVKRrBnozowbUzD1yL5NE,2026-10-01T08:17:02+00:00,prefill,1,,0.03,,31.01,0,1,118,4224
ap-6MVKRrBnozowbUzD1yL5NE,2026-10-01T08:17:02+00:00,decode,2,21629,0.03,85.85,,0,,,
ap-6MVKRrBnozowbUzD1yL5NE,2026-10-01T08:17:02+00:00,decode,1,18007,0.02,144.86,,0,,,
ap-6MVKRrBnozowbUzD1yL5NE,2026-10-01T08:17:03+00:00,decode,1,18047,0.02,80.44,,0,,,
ap-6MVKRrBnozowbUzD1yL5NE,2026-10-01T08:17:03+00:00,decode,1,18087,0.02,80.57,,0,,,
ap-6MVKRrBnozowbUzD1yL5NE,2026-10-01T08:17:04+00:00,decode,1,18127,0.02,80.42,,0,,,
ap-6MVKRrBnozowbUzD1yL5NE,2026-10-01T08:17:04+00:00,decode,1,18167,0.02,80.5,,0,,,
ap-6MVKRrBnozowbUzD1yL5NE,2026-10-01T08:17:05+00:00,decode,1,18207,0.02,80.38,,0,,,
ap-6MVKRrBnozowbUzD1yL5NE,2026-10-01T08:17:05+00:00,decode,1,18247,0.02,80.48,,0,,,
ap-6MVKRrBnozowbUzD1yL5NE,2026-10-01T08:17:06+00:00,prefill,1,,0.08,,181.74,0,1,685,42240
ap-6MVKRrBnozowbUzD1yL5NE,2026-10-01T08:17:06+00:00,prefill,2,,0.09,,349.09,0,1,86,4352
ap-6MVKRrBnozowbUzD1yL5NE,2026-10-01T08:17:06+00:00,decode,3,64322,0.09,128.14,,0,,,
ap-6MVKRrBnozowbUzD1yL5NE,2026-10-01T08:17:07+00:00,decode,2,60636,0.08,195.78,,0,,,
ap-6MVKRrBnozowbUzD1yL5NE,2026-10-01T08:17:07+00:00,decode,2,60716,0.08,153.54,,0,,,
ap-6MVKRrBnozowbUzD1yL5NE,2026-10-01T08:17:08+00:00,decode,2,60796,0.08,154.08,,0,,,
ap-6MVKRrBnozowbUzD1yL5NE,2026-10-01T08:17:08+00:00,decode,2,60876,0.08,153.49,,0,,,
ap-6MVKRrBnozowbUzD1yL5NE,2026-10-01T08:17:09+00:00,decode,1,18487,0.02,114.26,,0,,,
ap-6MVKRrBnozowbUzD1yL5NE,2026-10-01T08:17:09+00:00,decode,1,18527,0.02,80.35,,0,,,
ap-6MVKRrBnozowbUzD1yL5NE,2026-10-01T08:17:10+00:00,decode,1,18567,0.02,80.53,,0,,,
ap-6MVKRrBnozowbUzD1yL5NE,2026-10-01T08:17:10+00:00,prefill,1,,0.03,,29.77,0,1,118,4416
ap-6MVKRrBnozowbUzD1yL5NE,2026-10-01T08:17:10+00:00,decode,2,22483,0.03,128.2,,0,,,
ap-6MVKRrBnozowbUzD1yL5NE,2026-10-01T08:17:11+00:00,decode,1,18647,0.03,98.91,,0,,,
ap-6MVKRrBnozowbUzD1yL5NE,2026-10-01T08:17:11+00:00,prefill,1,,0.09,,81.17,0,1,95,45568
ap-6MVKRrBnozowbUzD1yL5NE,2026-10-01T08:17:11+00:00,decode,2,63679,0.09,103.8,,0,,,
ap-6MVKRrBnozowbUzD1yL5NE,2026-10-01T08:17:12+00:00,decode,2,63759,0.09,153.06,,0,,,
ap-6MVKRrBnozowbUzD1yL5NE,2026-10-01T08:17:12+00:00,decode,2,63839,0.09,153.0,,0,,,
ap-6MVKRrBnozowbUzD1yL5NE,2026-10-01T08:17:13+00:00,decode,2,63919,0.09,153.14,,0,,,
ap-6MVKRrBnozowbUzD1yL5NE,2026-10-01T08:17:13+00:00,decode,1,18847,0.03,147.67,,0,,,
ap-6MVKRrBnozowbUzD1yL5NE,2026-10-01T08:17:14+00:00,prefill,1,,0.03,,54.18,0,1,150,4480
ap-6MVKRrBnozowbUzD1yL5NE,2026-10-01T08:17:14+00:00,decode,2,22837,0.03,85.76,,0,,,
ap-6MVKRrBnozowbUzD1yL5NE,2026-10-01T08:17:14+00:00,decode,1,18927,0.03,144.53,,0,,,
ap-6MVKRrBnozowbUzD1yL5NE,2026-10-01T08:17:15+00:00,decode,1,18967,0.03,80.27,,0,,,
ap-6MVKRrBnozowbUzD1yL5NE,2026-10-01T08:17:15+00:00,decode,1,19007,0.03,80.39,,0,,,
ap-6MVKRrBnozowbUzD1yL5NE,2026-10-01T08:17:16+00:00,prefill,1,,0.08,,188.02,0,1,358,43008
ap-6MVKRrBnozowbUzD1yL5NE,2026-10-01T08:17:16+00:00,decode,2,61744,0.08,101.24,,0,,,
ap-6MVKRrBnozowbUzD1yL5NE,2026-10-01T08:17:16+00:00,decode,2,61824,0.08,153.48,,0,,,
ap-6MVKRrBnozowbUzD1yL5NE,2026-10-01T08:17:17+00:00,decode,2,61904,0.08,153.32,,0,,,
ap-6MVKRrBnozowbUzD1yL5NE,2026-10-01T08:17:17+00:00,decode,2,61984,0.08,153.6,,0,,,
ap-6MVKRrBnozowbUzD1yL5NE,2026-10-01T08:17:18+00:00,prefill,2,,0.09,,62.92,0,1,118,4608
ap-6MVKRrBnozowbUzD1yL5NE,2026-10-01T08:17:18+00:00,decode,3,62064,0.08,202.22,,0,,,
ap-6MVKRrBnozowbUzD1yL5NE,2026-10-01T08:17:19+00:00,decode,1,19247,0.03,137.75,,0,,,
ap-6MVKRrBnozowbUzD1yL5NE,2026-10-01T08:17:19+00:00,decode,1,19287,0.03,80.44,,0,,,
ap-6MVKRrBnozowbUzD1yL5NE,2026-10-01T08:17:20+00:00,decode,1,19327,0.03,80.22,,0,,,
ap-6MVKRrBnozowbUzD1yL5NE,2026-10-01T08:17:20+00:00,prefill,1,,0.06,,355.93,0,1,810,22336
ap-6MVKRrBnozowbUzD1yL5NE,2026-10-01T08:17:20+00:00,decode,2,23172,0.03,108.12,,0,,,
ap-6MVKRrBnozowbUzD1yL5NE,2026-10-01T08:17:21+00:00,decode,1,23212,0.03,82.17,,0,,,
ap-6MVKRrBnozowbUzD1yL5NE,2026-10-01T08:17:21+00:00,decode,1,23252,0.03,79.81,,0,,,
ap-6MVKRrBnozowbUzD1yL5NE,2026-10-01T08:17:21+00:00,prefill,1,,0.04,,89.74,0,1,150,4672
ap-6MVKRrBnozowbUzD1yL5NE,2026-10-01T08:17:22+00:00,decode,2,27443,0.04,102.28,,0,,,
ap-6MVKRrBnozowbUzD1yL5NE,2026-10-01T08:17:22+00:00,decode,1,23332,0.03,124.64,,0,,,
ap-6MVKRrBnozowbUzD1yL5NE,2026-10-01T08:17:23+00:00,decode,1,23372,0.03,79.75,,0,,,
ap-6MVKRrBnozowbUzD1yL5NE,2026-10-01T08:17:23+00:00,prefill,1,,0.09,,63.92,0,1,101,45824
ap-6MVKRrBnozowbUzD1yL5NE,2026-10-01T08:17:23+00:00,decode,2,68663,0.09,94.72,,0,,,
ap-6MVKRrBnozowbUzD1yL5NE,2026-10-01T08:17:24+00:00,decode,2,68743,0.09,151.88,,0,,,
ap-6MVKRrBnozowbUzD1yL5NE,2026-10-01T08:17:24+00:00,decode,2,68823,0.09,151.84,,0,,,
ap-6MVKRrBnozowbUzD1yL5NE,2026-10-01T08:17:24+00:00,prefill,2,,0.15,,214.89,0,1,276,43520
ap-6MVKRrBnozowbUzD1yL5NE,2026-10-01T08:17:25+00:00,decode,3,112050,0.15,191.3,,0,,,
ap-6MVKRrBnozowbUzD1yL5NE,2026-10-01T08:17:25+00:00,decode,3,112170,0.15,210.09,,0,,,
ap-6MVKRrBnozowbUzD1yL5NE,2026-10-01T08:17:32+00:00,prefill,0,,0.06,,72.89,0,1,559,43776
ap-6MVKRrBnozowbUzD1yL5NE,2026-10-01T08:17:32+00:00,decode,1,44351,0.06,7.26,,0,,,
ap-6MVKRrBnozowbUzD1yL5NE,2026-10-01T08:17:32+00:00,prefill,1,,0.08,,1053.21,0,1,315,17984
ap-6MVKRrBnozowbUzD1yL5NE,2026-10-01T08:17:33+00:00,decode,2,62039,0.08,132.95,,0,,,
ap-6MVKRrBnozowbUzD1yL5NE,2026-10-01T08:17:33+00:00,prefill,2,,0.11,,867.38,0,1,758,19200
ap-6MVKRrBnozowbUzD1yL5NE,2026-10-01T08:17:33+00:00,decode,3,81405,0.11,153.96,,0,,,
ap-6MVKRrBnozowbUzD1yL5NE,2026-10-01T08:17:34+00:00,decode,3,63797,0.09,220.5,,0,,,
ap-6MVKRrBnozowbUzD1yL5NE,2026-10-01T08:17:34+00:00,decode,2,63877,0.09,152.99,,0,,,
ap-6MVKRrBnozowbUzD1yL5NE,2026-10-01T08:17:35+00:00,decode,1,20093,0.03,99.19,,0,,,
ap-6MVKRrBnozowbUzD1yL5NE,2026-10-01T08:17:35+00:00,decode,1,20133,0.03,80.28,,0,,,
ap-6MVKRrBnozowbUzD1yL5NE,2026-10-01T08:17:36+00:00,prefill,1,,0.09,,44.45,0,1,107,46080
ap-6MVKRrBnozowbUzD1yL5NE,2026-10-01T08:17:36+00:00,decode,2,65704,0.09,128.91,,0,,,
ap-6MVKRrBnozowbUzD1yL5NE,2026-10-01T08:17:37+00:00,decode,2,65784,0.09,152.53,,0,,,
ap-6MVKRrBnozowbUzD1yL5NE,2026-10-01T08:17:37+00:00,decode,2,65864,0.09,152.73,,0,,,
ap-6MVKRrBnozowbUzD1yL5NE,2026-10-01T08:17:38+00:00,decode,2,65944,0.09,152.46,,0,,,
ap-6MVKRrBnozowbUzD1yL5NE,2026-10-01T08:17:38+00:00,decode,1,20333,0.03,121.0,,0,,,
ap-6MVKRrBnozowbUzD1yL5NE,2026-10-01T08:17:39+00:00,decode,1,20373,0.03,80.18,,0,,,
ap-6MVKRrBnozowbUzD1yL5NE,2026-10-01T08:17:39+00:00,decode,1,20413,0.03,80.33,,0,,,
ap-6MVKRrBnozowbUzD1yL5NE,2026-10-01T08:17:40+00:00,decode,1,20453,0.03,80.18,,0,,,
ap-6MVKRrBnozowbUzD1yL5NE,2026-10-01T08:17:40+00:00,decode,1,20493,0.03,80.24,,0,,,
ap-6MVKRrBnozowbUzD1yL5NE,2026-10-01T08:17:41+00:00,decode,1,20533,0.03,80.12,,0,,,
ap-6MVKRrBnozowbUzD1yL5NE,2026-10-01T08:17:41+00:00,decode,1,20573,0.03,80.26,,0,,,
ap-6MVKRrBnozowbUzD1yL5NE,2026-10-01T08:17:41+00:00,prefill,1,,0.09,,155.45,0,1,920,44288
ap-6MVKRrBnozowbUzD1yL5NE,2026-10-01T08:17:42+00:00,decode,2,65152,0.09,88.19,,0,,,
ap-6MVKRrBnozowbUzD1yL5NE,2026-10-01T08:17:42+00:00,decode,2,65232,0.09,152.71,,0,,,
ap-6MVKRrBnozowbUzD1yL5NE,2026-10-01T08:17:43+00:00,decode,2,65312,0.09,152.55,,0,,,
ap-6MVKRrBnozowbUzD1yL5NE,2026-10-01T08:17:43+00:00,decode,2,65392,0.09,152.64,,0,,,
ap-6MVKRrBnozowbUzD1yL5NE,2026-10-01T08:17:44+00:00,decode,2,65472,0.09,152.41,,0,,,
ap-6MVKRrBnozowbUzD1yL5NE,2026-10-01T08:17:44+00:00,decode,2,65552,0.09,152.66,,0,,,
ap-6MVKRrBnozowbUzD1yL5NE,2026-10-01T08:17:45+00:00,decode,2,65632,0.09,152.57,,0,,,
ap-6MVKRrBnozowbUzD1yL5NE,2026-10-01T08:17:45+00:00,decode,2,65712,0.09,152.67,,0,,,
ap-6MVKRrBnozowbUzD1yL5NE,2026-10-01T08:17:46+00:00,decode,2,65792,0.09,152.47,,0,,,
ap-6MVKRrBnozowbUzD1yL5NE,2026-10-01T08:17:46+00:00,decode,1,20973,0.03,133.2,,0,,,
ap-6MVKRrBnozowbUzD1yL5NE,2026-10-01T08:17:47+00:00,decode,1,21013,0.03,79.91,,0,,,
ap-6MVKRrBnozowbUzD1yL5NE,2026-10-01T08:17:47+00:00,decode,1,21053,0.03,80.1,,0,,,
ap-6MVKRrBnozowbUzD1yL5NE,2026-10-01T08:17:48+00:00,decode,1,21093,0.03,79.95,,0,,,
ap-6MVKRrBnozowbUzD1yL5NE,2026-10-01T08:17:48+00:00,prefill,1,,0.09,,17.41,0,1,113,46336
ap-6MVKRrBnozowbUzD1yL5NE,2026-10-01T08:17:48+00:00,decode,2,66933,0.09,139.93,,0,,,
ap-6MVKRrBnozowbUzD1yL5NE,2026-10-01T08:17:49+00:00,decode,2,67013,0.09,152.15,,0,,,
ap-6MVKRrBnozowbUzD1yL5NE,2026-10-01T08:17:50+00:00,decode,2,67093,0.09,152.43,,0,,,
ap-6MVKRrBnozowbUzD1yL5NE,2026-10-01T08:17:50+00:00,decode,2,67173,0.09,152.01,,0,,,
ap-6MVKRrBnozowbUzD1yL5NE,2026-10-01T08:17:51+00:00,decode,1,21293,0.03,108.02,,0,,,
ap-6MVKRrBnozowbUzD1yL5NE,2026-10-01T08:17:51+00:00,decode,1,21333,0.03,79.91,,0,,,
ap-6MVKRrBnozowbUzD1yL5NE,2026-10-01T08:17:52+00:00,decode,1,21373,0.03,80.04,,0,,,
ap-6MVKRrBnozowbUzD1yL5NE,2026-10-01T08:17:52+00:00,decode,1,21413,0.03,79.95,,0,,,
ap-6MVKRrBnozowbUzD1yL5NE,2026-10-01T08:17:52+00:00,prefill,1,,0.09,,114.83,0,1,481,45568
ap-6MVKRrBnozowbUzD1yL5NE,2026-10-01T08:17:53+00:00,decode,2,66855,0.09,130.51,,0,,,
ap-6MVKRrBnozowbUzD1yL5NE,2026-10-01T08:17:53+00:00,decode,2,66935,0.09,152.45,,0,,,
ap-6MVKRrBnozowbUzD1yL5NE,2026-10-01T08:17:54+00:00,decode,2,67015,0.09,152.13,,0,,,
ap-6MVKRrBnozowbUzD1yL5NE,2026-10-01T08:17:54+00:00,decode,2,67095,0.09,152.26,,0,,,
ap-6MVKRrBnozowbUzD1yL5NE,2026-10-01T08:17:55+00:00,decode,2,67175,0.09,152.21,,0,,,
ap-6MVKRrBnozowbUzD1yL5NE,2026-10-01T08:17:55+00:00,decode,2,67255,0.09,152.44,,0,,,
ap-6MVKRrBnozowbUzD1yL5NE,2026-10-01T08:17:56+00:00,decode,2,67335,0.09,152.27,,0,,,
ap-6MVKRrBnozowbUzD1yL5NE,2026-10-01T08:17:56+00:00,decode,1,21733,0.03,138.14,,0,,,
ap-6MVKRrBnozowbUzD1yL5NE,2026-10-01T08:17:57+00:00,decode,1,21773,0.03,79.95,,0,,,
ap-6MVKRrBnozowbUzD1yL5NE,2026-10-01T08:18:02+00:00,prefill,0,,0.06,,31.75,0,1,320,46336
ap-6MVKRrBnozowbUzD1yL5NE,2026-10-01T08:18:03+00:00,decode,1,46684,0.06,6.96,,0,,,
ap-6MVKRrBnozowbUzD1yL5NE,2026-10-01T08:18:03+00:00,decode,1,46724,0.06,76.86,,0,,,
ap-6MVKRrBnozowbUzD1yL5NE,2026-10-01T08:18:04+00:00,decode,1,46764,0.06,76.8,,0,,,
ap-6MVKRrBnozowbUzD1yL5NE,2026-10-01T08:18:04+00:00,decode,1,46804,0.06,76.85,,0,,,
ap-6MVKRrBnozowbUzD1yL5NE,2026-10-01T08:18:05+00:00,decode,1,46844,0.06,76.81,,0,,,
ap-6MVKRrBnozowbUzD1yL5NE,2026-10-01T08:18:05+00:00,decode,1,46884,0.06,76.71,,0,,,
ap-6MVKRrBnozowbUzD1yL5NE,2026-10-01T08:18:10+00:00,prefill,0,,0.03,,97.53,0,1,737,21760
ap-6MVKRrBnozowbUzD1yL5NE,2026-10-01T08:18:10+00:00,decode,1,22530,0.03,7.99,,0,,,
ap-6MVKRrBnozowbUzD1yL5NE,2026-10-01T08:18:11+00:00,decode,1,22570,0.03,80.02,,0,,,
ap-6MVKRrBnozowbUzD1yL5NE,2026-10-01T08:18:11+00:00,decode,1,22610,0.03,79.97,,0,,,
ap-6MVKRrBnozowbUzD1yL5NE,2026-10-01T08:18:12+00:00,prefill,1,,0.09,,204.37,0,1,347,46848
ap-6MVKRrBnozowbUzD1yL5NE,2026-10-01T08:18:12+00:00,decode,2,69180,0.09,107.16,,0,,,
ap-6MVKRrBnozowbUzD1yL5NE,2026-10-01T08:18:12+00:00,decode,1,47257,0.06,108.85,,0,,,
ap-6MVKRrBnozowbUzD1yL5NE,2026-10-01T08:18:13+00:00,decode,1,47297,0.06,76.73,,0,,,
ap-6MVKRrBnozowbUzD1yL5NE,2026-10-01T08:18:13+00:00,decode,1,47337,0.06,76.87,,0,,,
ap-6MVKRrBnozowbUzD1yL5NE,2026-10-01T08:18:14+00:00,decode,1,47377,0.06,76.64,,0,,,
ap-6MVKRrBnozowbUzD1yL5NE,2026-10-01T08:18:14+00:00,decode,1,47417,0.06,76.8,,0,,,
ap-6MVKRrBnozowbUzD1yL5NE,2026-10-01T08:18:20+00:00,prefill,0,,0.03,,87.64,0,1,718,22528
ap-6MVKRrBnozowbUzD1yL5NE,2026-10-01T08:18:20+00:00,decode,1,23267,0.03,7.19,,0,,,
ap-6MVKRrBnozowbUzD1yL5NE,2026-10-01T08:18:21+00:00,prefill,0,,0.06,,537.83,0,1,555,47360
ap-6MVKRrBnozowbUzD1yL5NE,2026-10-01T08:18:21+00:00,decode,1,47920,0.06,48.25,,0,,,
ap-6MVKRrBnozowbUzD1yL5NE,2026-10-01T08:18:21+00:00,decode,1,47960,0.06,76.76,,0,,,
ap-6MVKRrBnozowbUzD1yL5NE,2026-10-01T08:18:22+00:00,decode,1,48000,0.06,76.73,,0,,,
ap-6MVKRrBnozowbUzD1yL5NE,2026-10-01T08:18:22+00:00,decode,1,48040,0.06,76.68,,0,,,
ap-6MVKRrBnozowbUzD1yL5NE,2026-10-01T08:18:23+00:00,decode,1,48080,0.06,76.73,,0,,,
ap-6MVKRrBnozowbUzD1yL5NE,2026-10-01T08:18:25+00:00,prefill,0,,0.03,,23.91,0,1,106,23296
ap-6MVKRrBnozowbUzD1yL5NE,2026-10-01T08:18:25+00:00,decode,1,23424,0.03,15.63,,0,,,
ap-6MVKRrBnozowbUzD1yL5NE,2026-10-01T08:18:29+00:00,prefill,0,,0.03,,303.31,0,1,1033,23104
ap-6MVKRrBnozowbUzD1yL5NE,2026-10-01T08:18:29+00:00,decode,1,24139,0.03,12.67,,0,,,
ap-6MVKRrBnozowbUzD1yL5NE,2026-10-01T08:18:29+00:00,decode,1,24179,0.03,79.78,,0,,,
ap-6MVKRrBnozowbUzD1yL5NE,2026-10-01T08:18:29+00:00,prefill,1,,0.1,,504.34,0,1,426,47872
ap-6MVKRrBnozowbUzD1yL5NE,2026-10-01T08:18:30+00:00,prefill,2,,0.13,,1021.0,0,1,200,23360
ap-6MVKRrBnozowbUzD1yL5NE,2026-10-01T08:18:30+00:00,decode,3,94730,0.13,105.8,,0,,,
ap-6MVKRrBnozowbUzD1yL5NE,2026-10-01T08:18:30+00:00,decode,1,48358,0.06,162.37,,0,,,
ap-6MVKRrBnozowbUzD1yL5NE,2026-10-01T08:18:31+00:00,decode,1,48398,0.06,76.34,,0,,,
ap-6MVKRrBnozowbUzD1yL5NE,2026-10-01T08:18:31+00:00,decode,1,48438,0.06,76.82,,0,,,
ap-6MVKRrBnozowbUzD1yL5NE,2026-10-01T08:18:32+00:00,decode,1,48478,0.07,76.55,,0,,,
ap-6MVKRrBnozowbUzD1yL5NE,2026-10-01T08:18:34+00:00,prefill,0,,0.03,,35.03,0,1,151,23552
ap-6MVKRrBnozowbUzD1yL5NE,2026-10-01T08:18:34+00:00,decode,1,23730,0.03,16.43,,0,,,
ap-6MVKRrBnozowbUzD1yL5NE,2026-10-01T08:18:38+00:00,prefill,0,,0.07,,100.87,0,1,427,48384
ap-6MVKRrBnozowbUzD1yL5NE,2026-10-01T08:18:38+00:00,prefill,1,,0.09,,2038.34,0,1,292,18240
ap-6MVKRrBnozowbUzD1yL5NE,2026-10-01T08:18:38+00:00,decode,2,66668,0.09,10.08,,0,,,
ap-6MVKRrBnozowbUzD1yL5NE,2026-10-01T08:18:38+00:00,prefill,2,,0.12,,1891.43,0,1,178,23680
ap-6MVKRrBnozowbUzD1yL5NE,2026-10-01T08:18:39+00:00,decode,3,89957,0.12,198.59,,0,,,
ap-6MVKRrBnozowbUzD1yL5NE,2026-10-01T08:18:39+00:00,decode,1,48901,0.07,148.92,,0,,,
ap-6MVKRrBnozowbUzD1yL5NE,2026-10-01T08:18:40+00:00,decode,1,48941,0.07,76.67,,0,,,
ap-6MVKRrBnozowbUzD1yL5NE,2026-10-01T08:18:40+00:00,decode,1,48981,0.07,76.54,,0,,,
ap-6MVKRrBnozowbUzD1yL5NE,2026-10-01T08:18:41+00:00,decode,1,49021,0.07,76.59,,0,,,
ap-6MVKRrBnozowbUzD1yL5NE,2026-10-01T08:18:43+00:00,prefill,0,,0.03,,44.84,0,1,193,23808
ap-6MVKRrBnozowbUzD1yL5NE,2026-10-01T08:18:43+00:00,decode,1,24037,0.03,18.74,,0,,,
ap-6MVKRrBnozowbUzD1yL5NE,2026-10-01T08:18:47+00:00,prefill,0,,0.03,,35.04,0,1,155,24000
ap-6MVKRrBnozowbUzD1yL5NE,2026-10-01T08:18:47+00:00,prefill,1,,0.1,,2755.06,0,1,892,48896
ap-6MVKRrBnozowbUzD1yL5NE,2026-10-01T08:18:47+00:00,decode,2,73281,0.1,10.09,,0,,,
ap-6MVKRrBnozowbUzD1yL5NE,2026-10-01T08:18:48+00:00,decode,1,49833,0.07,145.56,,0,,,
ap-6MVKRrBnozowbUzD1yL5NE,2026-10-01T08:18:49+00:00,decode,1,49873,0.07,76.47,,0,,,
ap-6MVKRrBnozowbUzD1yL5NE,2026-10-01T08:18:49+00:00,decode,1,49913,0.07,76.54,,0,,,
ap-6MVKRrBnozowbUzD1yL5NE,2026-10-01T08:18:50+00:00,decode,1,49953,0.07,76.41,,0,,,
ap-6MVKRrBnozowbUzD1yL5NE,2026-10-01T08:18:50+00:00,decode,1,49993,0.07,76.45,,0,,,
ap-6MVKRrBnozowbUzD1yL5NE,2026-10-01T08:18:52+00:00,prefill,0,,0.03,,44.22,0,1,181,24128
ap-6MVKRrBnozowbUzD1yL5NE,2026-10-01T08:18:52+00:00,decode,1,24336,0.03,22.89,,0,,,
ap-6MVKRrBnozowbUzD1yL5NE,2026-10-01T08:18:56+00:00,prefill,0,,0.03,,31.61,0,1,143,24320
ap-6MVKRrBnozowbUzD1yL5NE,2026-10-01T08:18:56+00:00,decode,1,24474,0.03,9.25,,0,,,
ap-6MVKRrBnozowbUzD1yL5NE,2026-10-01T08:18:57+00:00,decode,1,24514,0.03,79.82,,0,,,
ap-6MVKRrBnozowbUzD1yL5NE,2026-10-01T08:18:57+00:00,prefill,0,,0.07,,394.69,0,1,539,49920
ap-6MVKRrBnozowbUzD1yL5NE,2026-10-01T08:18:58+00:00,decode,1,50494,0.07,33.87,,0,,,
ap-6MVKRrBnozowbUzD1yL5NE,2026-10-01T08:18:58+00:00,decode,1,50534,0.07,76.44,,0,,,
ap-6MVKRrBnozowbUzD1yL5NE,2026-10-01T08:18:59+00:00,decode,1,50574,0.07,76.46,,0,,,
ap-6MVKRrBnozowbUzD1yL5NE,2026-10-01T08:18:59+00:00,decode,1,50614,0.07,76.43,,0,,,
ap-6MVKRrBnozowbUzD1yL5NE,2026-10-01T08:19:01+00:00,prefill,0,,0.03,,50.6,0,1,169,24448
ap-6MVKRrBnozowbUzD1yL5NE,2026-10-01T08:19:01+00:00,decode,1,24635,0.03,25.96,,0,,,
ap-6MVKRrBnozowbUzD1yL5NE,2026-10-01T08:19:06+00:00,prefill,0,,0.07,,105.0,0,1,537,50432
ap-6MVKRrBnozowbUzD1yL5NE,2026-10-01T08:19:06+00:00,decode,1,50971,0.07,8.14,,0,,,
ap-6MVKRrBnozowbUzD1yL5NE,2026-10-01T08:19:06+00:00,prefill,1,,0.1,,647.46,0,1,195,24576
ap-6MVKRrBnozowbUzD1yL5NE,2026-10-01T08:19:06+00:00,decode,2,75117,0.1,107.6,,0,,,
ap-6MVKRrBnozowbUzD1yL5NE,2026-10-01T08:19:07+00:00,decode,1,51051,0.07,141.34,,0,,,
ap-6MVKRrBnozowbUzD1yL5NE,2026-10-01T08:19:08+00:00,decode,1,51091,0.07,76.43,,0,,,
ap-6MVKRrBnozowbUzD1yL5NE,2026-10-01T08:19:08+00:00,decode,1,51131,0.07,76.43,,0,,,
ap-6MVKRrBnozowbUzD1yL5NE,2026-10-01T08:19:09+00:00,decode,1,51171,0.07,76.32,,0,,,
ap-6MVKRrBnozowbUzD1yL5NE,2026-10-01T08:19:11+00:00,prefill,0,,0.03,,34.83,0,1,157,24768
ap-6MVKRrBnozowbUzD1yL5NE,2026-10-01T08:19:11+00:00,decode,1,24959,0.03,15.74,,0,,,
ap-6MVKRrBnozowbUzD1yL5NE,2026-10-01T08:19:15+00:00,prefill,0,,0.07,,163.7,0,1,672,50944
ap-6MVKRrBnozowbUzD1yL5NE,2026-10-01T08:19:15+00:00,decode,1,51634,0.07,10.23,,0,,,
ap-6MVKRrBnozowbUzD1yL5NE,2026-10-01T08:19:16+00:00,decode,1,51674,0.07,76.48,,0,,,
ap-6MVKRrBnozowbUzD1yL5NE,2026-10-01T08:19:16+00:00,decode,1,51714,0.07,76.23,,0,,,
ap-6MVKRrBnozowbUzD1yL5NE,2026-10-01T08:19:33+00:00,prefill,0,,0.03,,90.03,0,1,1639,23168
ap-6MVKRrBnozowbUzD1yL5NE,2026-10-01T08:19:33+00:00,decode,1,24823,0.03,2.34,,0,,,
ap-6MVKRrBnozowbUzD1yL5NE,2026-10-01T08:19:34+00:00,decode,1,24863,0.03,79.92,,0,,,
ap-6MVKRrBnozowbUzD1yL5NE,2026-10-01T08:19:34+00:00,decode,1,24903,0.03,79.83,,0,,,
ap-6MVKRrBnozowbUzD1yL5NE,2026-10-01T08:19:35+00:00,decode,1,24943,0.03,79.97,,0,,,
ap-6MVKRrBnozowbUzD1yL5NE,2026-10-01T08:19:35+00:00,decode,1,24983,0.03,79.86,,0,,,
ap-6MVKRrBnozowbUzD1yL5NE,2026-10-01T08:19:36+00:00,decode,1,25023,0.03,79.89,,0,,,
ap-6MVKRrBnozowbUzD1yL5NE,2026-10-01T08:19:36+00:00,decode,1,25063,0.03,79.85,,0,,,
ap-6MVKRrBnozowbUzD1yL5NE,2026-10-01T08:19:37+00:00,decode,1,25103,0.03,79.84,,0,,,
ap-6MVKRrBnozowbUzD1yL5NE,2026-10-01T08:19:44+00:00,prefill,0,,0.03,,18.65,0,1,208,18496
ap-6MVKRrBnozowbUzD1yL5NE,2026-10-01T08:19:44+00:00,decode,1,18710,0.03,5.32,,0,,,
ap-6MVKRrBnozowbUzD1yL5NE,2026-10-01T08:19:45+00:00,decode,1,18750,0.03,80.88,,0,,,
ap-6MVKRrBnozowbUzD1yL5NE,2026-10-01T08:20:40+00:00,prefill,0,,0.03,,9.54,0,1,533,25088
ap-6MVKRrBnozowbUzD1yL5NE,2026-10-01T08:20:40+00:00,decode,1,25635,0.03,0.72,,0,,,
ap-6MVKRrBnozowbUzD1yL5NE,2026-10-01T08:20:41+00:00,decode,1,25675,0.03,80.06,,0,,,
ap-6MVKRrBnozowbUzD1yL5NE,2026-10-01T08:20:50+00:00,prefill,0,,0.03,,77.38,0,1,744,18688
ap-6MVKRrBnozowbUzD1yL5NE,2026-10-01T08:20:50+00:00,decode,1,19449,0.03,4.37,,0,,,
ap-6MVKRrBnozowbUzD1yL5NE,2026-10-01T08:20:50+00:00,decode,1,19489,0.03,80.86,,0,,,
ap-6MVKRrBnozowbUzD1yL5NE,2026-10-01T08:20:56+00:00,prefill,0,,0.03,,25.01,0,1,161,19456
ap-6MVKRrBnozowbUzD1yL5NE,2026-10-01T08:21:02+00:00,prefill,0,,0.03,,19.55,0,1,112,19584
ap-6MVKRrBnozowbUzD1yL5NE,2026-10-01T08:21:02+00:00,decode,1,19699,0.03,3.48,,0,,,
ap-6MVKRrBnozowbUzD1yL5NE,2026-10-01T08:21:02+00:00,decode,1,19739,0.03,81.0,,0,,,
ap-6MVKRrBnozowbUzD1yL5NE,2026-10-01T08:21:09+00:00,prefill,0,,0.03,,20.13,0,1,137,19712
ap-6MVKRrBnozowbUzD1yL5NE,2026-10-01T08:21:09+00:00,decode,1,19869,0.03,6.13,,0,,,
ap-6MVKRrBnozowbUzD1yL5NE,2026-10-01T08:21:09+00:00,decode,1,19909,0.03,80.94,,0,,,
ap-6MVKRrBnozowbUzD1yL5NE,2026-10-01T08:21:17+00:00,prefill,0,,0.03,,33.84,0,1,280,19840
ap-6MVKRrBnozowbUzD1yL5NE,2026-10-01T08:21:17+00:00,decode,1,20122,0.03,5.29,,0,,,
ap-6MVKRrBnozowbUzD1yL5NE,2026-10-01T08:21:17+00:00,decode,1,20162,0.03,80.86,,0,,,
ap-6MVKRrBnozowbUzD1yL5NE,2026-10-01T08:21:23+00:00,prefill,0,,0.03,,27.35,0,1,165,20096
ap-6MVKRrBnozowbUzD1yL5NE,2026-10-01T08:21:23+00:00,decode,1,20286,0.03,6.87,,0,,,
ap-6MVKRrBnozowbUzD1yL5NE,2026-10-01T08:21:24+00:00,decode,1,20326,0.03,81.0,,0,,,
ap-6MVKRrBnozowbUzD1yL5NE,2026-10-01T08:21:34+00:00,prefill,0,,0.03,,19.73,0,1,211,20224
ap-6MVKRrBnozowbUzD1yL5NE,2026-10-01T08:21:34+00:00,decode,1,20450,0.03,3.97,,0,,,
ap-6MVKRrBnozowbUzD1yL5NE,2026-10-01T08:21:34+00:00,decode,1,20490,0.03,80.92,,0,,,
ap-6MVKRrBnozowbUzD1yL5NE,2026-10-01T08:21:35+00:00,decode,1,20530,0.03,80.98,,0,,,
ap-6MVKRrBnozowbUzD1yL5NE,2026-10-01T08:21:44+00:00,prefill,0,,0.04,,49.56,0,1,507,25600
ap-6MVKRrBnozowbUzD1yL5NE,2026-10-01T08:21:44+00:00,decode,1,26126,0.04,4.3,,0,,,
ap-6MVKRrBnozowbUzD1yL5NE,2026-10-01T08:21:45+00:00,decode,1,26166,0.04,80.17,,0,,,
ap-6MVKRrBnozowbUzD1yL5NE,2026-10-01T08:21:45+00:00,decode,1,26206,0.04,80.18,,0,,,
ap-6MVKRrBnozowbUzD1yL5NE,2026-10-01T08:21:45+00:00,prefill,1,,0.06,,158.34,0,1,224,20480
ap-6MVKRrBnozowbUzD1yL5NE,2026-10-01T08:21:46+00:00,decode,2,46292,0.06,125.36,,0,,,
ap-6MVKRrBnozowbUzD1yL5NE,2026-10-01T08:21:46+00:00,decode,2,46372,0.06,158.76,,0,,,
ap-6MVKRrBnozowbUzD1yL5NE,2026-10-01T08:21:47+00:00,decode,1,0,0.0,125.91,,0,,,
ap-6MVKRrBnozowbUzD1yL5NE,2026-10-01T08:21:56+00:00,prefill,0,,0.03,,14.07,0,1,157,20736
ap-6MVKRrBnozowbUzD1yL5NE,2026-10-01T08:21:57+00:00,decode,1,20934,0.03,3.88,,0,,,
ap-6MVKRrBnozowbUzD1yL5NE,2026-10-01T08:21:57+00:00,decode,1,20974,0.03,80.81,,0,,,
ap-6MVKRrBnozowbUzD1yL5NE,2026-10-01T08:21:58+00:00,decode,1,21014,0.03,80.77,,0,,,
ap-6MVKRrBnozowbUzD1yL5NE,2026-10-01T08:21:58+00:00,decode,1,21054,0.03,80.81,,0,,,
ap-6MVKRrBnozowbUzD1yL5NE,2026-10-01T08:22:08+00:00,prefill,0,,0.03,,21.82,0,1,254,20992
ap-6MVKRrBnozowbUzD1yL5NE,2026-10-01T08:22:08+00:00,decode,1,21256,0.03,4.09,,0,,,
ap-6MVKRrBnozowbUzD1yL5NE,2026-10-01T08:22:18+00:00,prefill,0,,0.03,,5.4,0,1,54,21248
ap-6MVKRrBnozowbUzD1yL5NE,2026-10-01T08:22:18+00:00,decode,1,21320,0.03,3.96,,0,,,
ap-6MVKRrBnozowbUzD1yL5NE,2026-10-01T08:22:27+00:00,prefill,0,,0.03,,13.5,0,1,127,21248
ap-6MVKRrBnozowbUzD1yL5NE,2026-10-01T08:22:28+00:00,decode,1,21384,0.03,4.3,,0,,,
ap-6MVKRrBnozowbUzD1yL5NE,2026-10-01T08:22:37+00:00,prefill,0,,0.03,,13.37,0,1,134,21312
ap-6MVKRrBnozowbUzD1yL5NE,2026-10-01T08:22:37+00:00,decode,1,21448,0.03,4.03,,0,,,
ap-6MVKRrBnozowbUzD1yL5NE,2026-10-01T08:22:38+00:00,decode,1,21488,0.03,80.75,,0,,,
ap-6MVKRrBnozowbUzD1yL5NE,2026-10-01T08:22:49+00:00,prefill,0,,0.04,,49.62,0,1,582,26112
ap-6MVKRrBnozowbUzD1yL5NE,2026-10-01T08:22:50+00:00,decode,1,26722,0.04,3.46,,0,,,
ap-6MVKRrBnozowbUzD1yL5NE,2026-10-01T08:22:53+00:00,prefill,0,,0.03,,22.93,0,1,85,21440
ap-6MVKRrBnozowbUzD1yL5NE,2026-10-01T08:22:53+00:00,decode,1,21532,0.03,11.62,,0,,,
ap-6MVKRrBnozowbUzD1yL5NE,2026-10-01T08:23:08+00:00,prefill,0,,0.03,,22.73,0,1,346,21504
ap-6MVKRrBnozowbUzD1yL5NE,2026-10-01T08:23:08+00:00,decode,1,21854,0.03,2.63,,0,,,
ap-6MVKRrBnozowbUzD1yL5NE,2026-10-01T08:23:09+00:00,decode,1,21894,0.03,80.65,,0,,,
ap-6MVKRrBnozowbUzD1yL5NE,2026-10-01T08:23:24+00:00,prefill,0,,0.03,,10.29,0,1,160,21824
ap-6MVKRrBnozowbUzD1yL5NE,2026-10-01T08:23:24+00:00,decode,1,22001,0.03,2.63,,0,,,
ap-6MVKRrBnozowbUzD1yL5NE,2026-10-01T08:23:24+00:00,decode,1,22041,0.03,80.59,,0,,,
ap-6MVKRrBnozowbUzD1yL5NE,2026-10-01T08:23:40+00:00,prefill,0,,0.03,,8.88,0,1,142,22016
ap-6MVKRrBnozowbUzD1yL5NE,2026-10-01T08:23:40+00:00,decode,1,22162,0.03,2.61,,0,,,
ap-6MVKRrBnozowbUzD1yL5NE,2026-10-01T08:23:40+00:00,decode,1,22202,0.03,80.65,,0,,,
ap-6MVKRrBnozowbUzD1yL5NE,2026-10-01T08:23:53+00:00,prefill,0,,0.04,,28.83,0,1,376,26688
ap-6MVKRrBnozowbUzD1yL5NE,2026-10-01T08:23:53+00:00,decode,1,27090,0.04,3.12,,0,,,
ap-6MVKRrBnozowbUzD1yL5NE,2026-10-01T08:23:55+00:00,prefill,0,,0.03,,64.22,0,1,144,22144
ap-6MVKRrBnozowbUzD1yL5NE,2026-10-01T08:23:55+00:00,decode,1,22305,0.03,18.81,,0,,,
ap-6MVKRrBnozowbUzD1yL5NE,2026-10-01T08:23:56+00:00,prefill,0,,0.04,,251.25,0,1,302,27008
ap-6MVKRrBnozowbUzD1yL5NE,2026-10-01T08:23:56+00:00,decode,1,27326,0.04,33.54,,0,,,
ap-6MVKRrBnozowbUzD1yL5NE,2026-10-01T08:23:57+00:00,decode,1,27366,0.04,80.01,,0,,,
ap-6MVKRrBnozowbUzD1yL5NE,2026-10-01T08:23:57+00:00,decode,1,27406,0.04,79.97,,0,,,
ap-6MVKRrBnozowbUzD1yL5NE,2026-10-01T08:23:58+00:00,decode,1,27446,0.04,80.02,,0,,,
ap-6MVKRrBnozowbUzD1yL5NE,2026-10-01T08:24:10+00:00,prefill,0,,0.03,,6.84,0,1,96,22272
ap-6MVKRrBnozowbUzD1yL5NE,2026-10-01T08:24:11+00:00,decode,1,22397,0.03,3.15,,0,,,
ap-6MVKRrBnozowbUzD1yL5NE,2026-10-01T08:24:25+00:00,prefill,0,,0.03,,6.89,0,1,103,22336
ap-6MVKRrBnozowbUzD1yL5NE,2026-10-01T08:24:25+00:00,decode,1,22465,0.03,2.68,,0,,,
ap-6MVKRrBnozowbUzD1yL5NE,2026-10-01T08:24:40+00:00,prefill,0,,0.03,,7.15,0,1,108,22400
ap-6MVKRrBnozowbUzD1yL5NE,2026-10-01T08:24:41+00:00,decode,1,22533,0.03,2.65,,0,,,
ap-6MVKRrBnozowbUzD1yL5NE,2026-10-01T08:25:01+00:00,prefill,0,,0.04,,18.57,0,1,380,27392
ap-6MVKRrBnozowbUzD1yL5NE,2026-10-01T08:25:01+00:00,decode,1,27784,0.04,1.97,,0,,,
ap-6MVKRrBnozowbUzD1yL5NE,2026-10-01T08:25:01+00:00,decode,1,27824,0.04,79.88,,0,,,
ap-6MVKRrBnozowbUzD1yL5NE,2026-10-01T08:25:17+00:00,prefill,0,,0.03,,4.5,0,1,73,22528
ap-6MVKRrBnozowbUzD1yL5NE,2026-10-01T08:25:17+00:00,decode,1,22637,0.03,2.5,,0,,,
ap-6MVKRrBnozowbUzD1yL5NE,2026-10-01T08:25:18+00:00,decode,1,22677,0.03,80.63,,0,,,
ap-6MVKRrBnozowbUzD1yL5NE,2026-10-01T08:25:53+00:00,prefill,0,,0.03,,5.55,0,1,199,22592
ap-6MVKRrBnozowbUzD1yL5NE,2026-10-01T08:25:53+00:00,decode,1,22813,0.03,1.14,,0,,,
ap-6MVKRrBnozowbUzD1yL5NE,2026-10-01T08:26:04+00:00,prefill,0,,0.04,,30.02,0,1,345,27712
ap-6MVKRrBnozowbUzD1yL5NE,2026-10-01T08:26:04+00:00,decode,1,28074,0.04,3.5,,0,,,
ap-6MVKRrBnozowbUzD1yL5NE,2026-10-01T08:26:05+00:00,decode,1,28114,0.04,79.81,,0,,,
ap-6MVKRrBnozowbUzD1yL5NE,2026-10-01T08:26:28+00:00,prefill,0,,0.03,,17.71,0,1,425,22784
ap-6MVKRrBnozowbUzD1yL5NE,2026-10-01T08:26:29+00:00,decode,1,23248,0.03,1.68,,0,,,
ap-6MVKRrBnozowbUzD1yL5NE,2026-10-01T08:27:04+00:00,prefill,0,,0.03,,3.84,0,1,139,23168
ap-6MVKRrBnozowbUzD1yL5NE,2026-10-01T08:27:04+00:00,decode,1,23313,0.03,1.12,,0,,,
ap-6MVKRrBnozowbUzD1yL5NE,2026-10-01T08:27:05+00:00,decode,1,23353,0.03,80.61,,0,,,
ap-6MVKRrBnozowbUzD1yL5NE,2026-10-01T08:27:08+00:00,prefill,0,,0.04,,69.13,0,1,230,28032
ap-6MVKRrBnozowbUzD1yL5NE,2026-10-01T08:27:08+00:00,decode,1,28296,0.04,12.57,,0,,,
ap-6MVKRrBnozowbUzD1yL5NE,2026-10-01T08:27:40+00:00,prefill,0,,0.03,,3.34,0,1,108,23296
ap-6MVKRrBnozowbUzD1yL5NE,2026-10-01T08:27:40+00:00,decode,1,23415,0.03,1.25,,0,,,
ap-6MVKRrBnozowbUzD1yL5NE,2026-10-01T08:27:41+00:00,decode,1,23455,0.03,80.56,,0,,,
ap-6MVKRrBnozowbUzD1yL5NE,2026-10-01T08:28:12+00:00,prefill,0,,0.04,,21.63,0,1,686,28224
ap-6MVKRrBnozowbUzD1yL5NE,2026-10-01T08:28:12+00:00,decode,1,28928,0.04,1.28,,0,,,
ap-6MVKRrBnozowbUzD1yL5NE,2026-10-01T08:28:13+00:00,decode,1,28968,0.04,79.72,,0,,,
ap-6MVKRrBnozowbUzD1yL5NE,2026-10-01T08:28:16+00:00,prefill,0,,0.03,,44.41,0,1,179,23360
ap-6MVKRrBnozowbUzD1yL5NE,2026-10-01T08:28:16+00:00,decode,1,0,0.0,10.77,,0,,,
ap-6MVKRrBnozowbUzD1yL5NE,2026-10-01T08:28:52+00:00,prefill,0,,0.03,,11.17,0,1,405,23552
ap-6MVKRrBnozowbUzD1yL5NE,2026-10-01T08:28:53+00:00,decode,1,23997,0.03,1.1,,0,,,
ap-6MVKRrBnozowbUzD1yL5NE,2026-10-01T08:28:53+00:00,decode,1,24037,0.03,80.46,,0,,,
ap-6MVKRrBnozowbUzD1yL5NE,2026-10-01T08:29:15+00:00,prefill,0,,0.04,,15.68,0,1,365,28928
ap-6MVKRrBnozowbUzD1yL5NE,2026-10-01T08:29:16+00:00,decode,1,29324,0.04,1.76,,0,,,
ap-6MVKRrBnozowbUzD1yL5NE,2026-10-01T08:29:28+00:00,prefill,0,,0.03,,13.69,0,1,176,23936
ap-6MVKRrBnozowbUzD1yL5NE,2026-10-01T08:29:28+00:00,decode,1,24125,0.03,3.17,,0,,,
ap-6MVKRrBnozowbUzD1yL5NE,2026-10-01T08:29:29+00:00,decode,1,24165,0.03,80.46,,0,,,
ap-6MVKRrBnozowbUzD1yL5NE,2026-10-01T08:30:04+00:00,prefill,0,,0.03,,4.89,0,1,174,24064
ap-6MVKRrBnozowbUzD1yL5NE,2026-10-01T08:30:04+00:00,decode,1,24271,0.03,1.13,,0,,,
ap-6MVKRrBnozowbUzD1yL5NE,2026-10-01T08:30:19+00:00,prefill,0,,0.04,,16.31,0,1,250,29248
ap-6MVKRrBnozowbUzD1yL5NE,2026-10-01T08:30:20+00:00,decode,1,29526,0.04,2.62,,0,,,
ap-6MVKRrBnozowbUzD1yL5NE,2026-10-01T08:30:20+00:00,decode,1,29566,0.04,79.73,,0,,,
ap-6MVKRrBnozowbUzD1yL5NE,2026-10-01T08:30:21+00:00,decode,1,29606,0.04,79.72,,0,,,
ap-6MVKRrBnozowbUzD1yL5NE,2026-10-01T08:30:40+00:00,prefill,0,,0.03,,6.86,0,1,141,24192
ap-6MVKRrBnozowbUzD1yL5NE,2026-10-01T08:30:40+00:00,decode,1,24335,0.03,2.08,,0,,,
ap-6MVKRrBnozowbUzD1yL5NE,2026-10-01T08:30:40+00:00,decode,1,24375,0.03,80.35,,0,,,
ap-6MVKRrBnozowbUzD1yL5NE,2026-10-01T08:31:16+00:00,prefill,0,,0.03,,2.14,0,1,77,24320
ap-6MVKRrBnozowbUzD1yL5NE,2026-10-01T08:31:16+00:00,decode,1,0,0.0,1.12,,0,,,
ap-6MVKRrBnozowbUzD1yL5NE,2026-10-01T08:31:24+00:00,prefill,0,,0.04,,58.75,0,1,488,29440
ap-6MVKRrBnozowbUzD1yL5NE,2026-10-01T08:31:24+00:00,decode,1,29968,0.04,4.79,,0,,,
ap-6MVKRrBnozowbUzD1yL5NE,2026-10-01T08:31:51+00:00,prefill,0,,0.03,,27.82,0,1,761,24384
ap-6MVKRrBnozowbUzD1yL5NE,2026-10-01T08:31:52+00:00,decode,1,25174,0.03,1.47,,0,,,
ap-6MVKRrBnozowbUzD1yL5NE,2026-10-01T08:31:52+00:00,decode,1,25214,0.03,80.24,,0,,,
ap-6MVKRrBnozowbUzD1yL5NE,2026-10-01T08:31:53+00:00,decode,1,25254,0.03,80.23,,0,,,
ap-6MVKRrBnozowbUzD1yL5NE,2026-10-01T08:32:27+00:00,prefill,0,,0.04,,10.0,0,1,361,29952
ap-6MVKRrBnozowbUzD1yL5NE,2026-10-01T08:32:28+00:00,decode,1,30342,0.04,1.14,,0,,,
ap-6MVKRrBnozowbUzD1yL5NE,2026-10-01T08:32:28+00:00,decode,1,30382,0.04,79.63,,0,,,
ap-6MVKRrBnozowbUzD1yL5NE,2026-10-01T08:32:28+00:00,prefill,1,,0.07,,562.78,0,1,556,25088
ap-6MVKRrBnozowbUzD1yL5NE,2026-10-01T08:32:29+00:00,decode,2,55415,0.07,128.96,,0,,,
ap-6MVKRrBnozowbUzD1yL5NE,2026-10-01T08:33:32+00:00,prefill,0,,0.04,,7.3,0,1,466,30272
ap-6MVKRrBnozowbUzD1yL5NE,2026-10-01T08:33:32+00:00,decode,1,30740,0.04,1.23,,0,,,
ap-6MVKRrBnozowbUzD1yL5NE,2026-10-01T08:33:33+00:00,decode,1,30780,0.04,79.46,,0,,,
ap-6MVKRrBnozowbUzD1yL5NE,2026-10-01T08:33:33+00:00,decode,1,30820,0.04,79.59,,0,,,
ap-6MVKRrBnozowbUzD1yL5NE,2026-10-01T08:33:34+00:00,decode,1,30860,0.04,79.55,,0,,,
ap-6MVKRrBnozowbUzD1yL5NE,2026-10-01T08:33:36+00:00,prefill,0,,0.03,,75.06,0,1,257,25600
ap-6MVKRrBnozowbUzD1yL5NE,2026-10-01T08:33:36+00:00,decode,1,25873,0.03,19.14,,0,,,
ap-6MVKRrBnozowbUzD1yL5NE,2026-10-01T08:33:36+00:00,decode,1,25913,0.03,80.21,,0,,,
ap-6MVKRrBnozowbUzD1yL5NE,2026-10-01T08:33:37+00:00,decode,1,25953,0.03,80.17,,0,,,
ap-6MVKRrBnozowbUzD1yL5NE,2026-10-01T08:33:37+00:00,decode,1,25993,0.03,80.2,,0,,,
ap-6MVKRrBnozowbUzD1yL5NE,2026-10-01T08:33:38+00:00,decode,1,26033,0.03,80.16,,0,,,
ap-6MVKRrBnozowbUzD1yL5NE,2026-10-01T08:33:38+00:00,decode,1,26073,0.03,80.2,,0,,,
ap-6MVKRrBnozowbUzD1yL5NE,2026-10-01T08:33:39+00:00,decode,1,26113,0.04,80.1,,0,,,
ap-6MVKRrBnozowbUzD1yL5NE,2026-10-01T08:33:39+00:00,decode,1,26153,0.04,80.21,,0,,,
ap-6MVKRrBnozowbUzD1yL5NE,2026-10-01T08:33:40+00:00,decode,1,26193,0.04,80.18,,0,,,
ap-6MVKRrBnozowbUzD1yL5NE,2026-10-01T08:33:45+00:00,prefill,0,,0.04,,22.97,0,1,216,26112
ap-6MVKRrBnozowbUzD1yL5NE,2026-10-01T08:33:45+00:00,decode,1,26343,0.04,7.41,,0,,,
ap-6MVKRrBnozowbUzD1yL5NE,2026-10-01T08:33:46+00:00,decode,1,26383,0.04,80.08,,0,,,
ap-6MVKRrBnozowbUzD1yL5NE,2026-10-01T08:33:46+00:00,decode,1,26423,0.04,80.08,,0,,,
ap-6MVKRrBnozowbUzD1yL5NE,2026-10-01T08:33:47+00:00,decode,1,26463,0.04,80.22,,0,,,
ap-6MVKRrBnozowbUzD1yL5NE,2026-10-01T08:34:37+00:00,prefill,0,,0.04,,8.6,0,1,448,30720
ap-6MVKRrBnozowbUzD1yL5NE,2026-10-01T08:34:37+00:00,decode,1,31194,0.04,0.79,,0,,,
ap-6MVKRrBnozowbUzD1yL5NE,2026-10-01T08:34:38+00:00,decode,1,31234,0.04,79.4,,0,,,
ap-6MVKRrBnozowbUzD1yL5NE,2026-10-01T08:34:38+00:00,decode,1,31274,0.04,79.41,,0,,,
ap-6MVKRrBnozowbUzD1yL5NE,2026-10-01T08:34:39+00:00,decode,1,0,0.0,78.58,,0,,,
ap-6MVKRrBnozowbUzD1yL5NE,2026-10-01T08:35:42+00:00,prefill,0,,0.04,,5.67,0,1,366,31232
ap-6MVKRrBnozowbUzD1yL5NE,2026-10-01T08:35:42+00:00,decode,1,31638,0.04,0.63,,0,,,
ap-6MVKRrBnozowbUzD1yL5NE,2026-10-01T08:35:43+00:00,decode,1,31678,0.04,79.38,,0,,,
ap-6MVKRrBnozowbUzD1yL5NE,2026-10-01T08:35:43+00:00,decode,1,31718,0.04,79.39,,0,,,
ap-6MVKRrBnozowbUzD1yL5NE,2026-10-01T08:36:47+00:00,prefill,0,,0.04,,7.31,0,1,476,31552
ap-6MVKRrBnozowbUzD1yL5NE,2026-10-01T08:36:47+00:00,decode,1,32042,0.04,0.63,,0,,,
ap-6MVKRrBnozowbUzD1yL5NE,2026-10-01T08:36:47+00:00,decode,1,32082,0.04,79.34,,0,,,
ap-6MVKRrBnozowbUzD1yL5NE,2026-10-01T08:36:48+00:00,decode,1,32122,0.04,79.39,,0,,,
ap-6MVKRrBnozowbUzD1yL5NE,2026-10-01T08:36:48+00:00,decode,1,32162,0.04,79.33,,0,,,
ap-6MVKRrBnozowbUzD1yL5NE,2026-10-01T08:37:52+00:00,prefill,0,,0.04,,7.08,0,1,458,32000
ap-6MVKRrBnozowbUzD1yL5NE,2026-10-01T08:37:52+00:00,decode,1,32486,0.04,0.63,,0,,,
ap-6MVKRrBnozowbUzD1yL5NE,2026-10-01T08:37:52+00:00,decode,1,32526,0.04,79.23,,0,,,
ap-6MVKRrBnozowbUzD1yL5NE,2026-10-01T08:37:53+00:00,decode,1,32566,0.04,79.31,,0,,,
ap-6MVKRrBnozowbUzD1yL5NE,2026-10-01T08:38:56+00:00,prefill,0,,0.04,,5.8,0,1,376,32512
ap-6MVKRrBnozowbUzD1yL5NE,2026-10-01T08:38:56+00:00,decode,1,32890,0.04,0.63,,0,,,
ap-6MVKRrBnozowbUzD1yL5NE,2026-10-01T08:38:57+00:00,decode,1,32930,0.04,79.15,,0,,,
ap-6MVKRrBnozowbUzD1yL5NE,2026-10-01T08:38:57+00:00,decode,1,32970,0.04,79.24,,0,,,
ap-6MVKRrBnozowbUzD1yL5NE,2026-10-01T08:38:58+00:00,decode,1,33010,0.04,79.26,,0,,,
ap-6MVKRrBnozowbUzD1yL5NE,2026-10-01T08:40:01+00:00,prefill,0,,0.04,,4.52,0,1,294,33024
ap-6MVKRrBnozowbUzD1yL5NE,2026-10-01T08:40:01+00:00,decode,1,33334,0.04,0.63,,0,,,
ap-6MVKRrBnozowbUzD1yL5NE,2026-10-01T08:40:02+00:00,decode,1,33374,0.04,79.19,,0,,,
ap-6MVKRrBnozowbUzD1yL5NE,2026-10-01T08:40:02+00:00,decode,1,33414,0.04,79.24,,0,,,
ap-6MVKRrBnozowbUzD1yL5NE,2026-10-01T08:40:03+00:00,decode,1,33454,0.04,79.21,,0,,,
ap-6MVKRrBnozowbUzD1yL5NE,2026-10-01T08:41:06+00:00,prefill,0,,0.05,,7.23,0,1,468,33280
ap-6MVKRrBnozowbUzD1yL5NE,2026-10-01T08:41:06+00:00,decode,1,33778,0.05,0.63,,0,,,
ap-6MVKRrBnozowbUzD1yL5NE,2026-10-01T08:41:07+00:00,decode,1,33818,0.05,79.12,,0,,,
ap-6MVKRrBnozowbUzD1yL5NE,2026-10-01T08:41:07+00:00,decode,1,33858,0.05,79.19,,0,,,
ap-6MVKRrBnozowbUzD1yL5NE,2026-10-01T08:42:11+00:00,prefill,0,,0.05,,5.95,0,1,386,33792
ap-6MVKRrBnozowbUzD1yL5NE,2026-10-01T08:42:11+00:00,decode,1,34182,0.05,0.63,,0,,,
ap-6MVKRrBnozowbUzD1yL5NE,2026-10-01T08:42:11+00:00,decode,1,34222,0.05,79.08,,0,,,
ap-6MVKRrBnozowbUzD1yL5NE,2026-10-01T08:42:12+00:00,decode,1,34262,0.05,79.1,,0,,,
ap-6MVKRrBnozowbUzD1yL5NE,2026-10-01T08:42:12+00:00,decode,1,34302,0.05,79.12,,0,,,
ap-6MVKRrBnozowbUzD1yL5NE,2026-10-01T08:43:16+00:00,prefill,0,,0.05,,4.71,0,1,304,34304
ap-6MVKRrBnozowbUzD1yL5NE,2026-10-01T08:43:16+00:00,decode,1,34626,0.05,0.63,,0,,,
ap-6MVKRrBnozowbUzD1yL5NE,2026-10-01T08:43:16+00:00,decode,1,34666,0.05,78.96,,0,,,
ap-6MVKRrBnozowbUzD1yL5NE,2026-10-01T08:43:17+00:00,decode,1,34706,0.05,78.98,,0,,,
ap-6MVKRrBnozowbUzD1yL5NE,2026-10-01T08:43:17+00:00,decode,1,34746,0.05,78.98,,0,,,
ap-6MVKRrBnozowbUzD1yL5NE,2026-10-01T08:44:20+00:00,prefill,0,,0.05,,14.1,0,1,916,34560
ap-6MVKRrBnozowbUzD1yL5NE,2026-10-01T08:44:21+00:00,decode,1,35508,0.05,0.63,,0,,,
ap-6MVKRrBnozowbUzD1yL5NE,2026-10-01T08:44:21+00:00,decode,1,35548,0.05,78.9,,0,,,
ap-6MVKRrBnozowbUzD1yL5NE,2026-10-01T08:44:22+00:00,decode,1,35588,0.05,78.87,,0,,,
ap-6MVKRrBnozowbUzD1yL5NE,2026-10-01T08:45:25+00:00,prefill,0,,0.05,,4.84,0,1,314,35584
ap-6MVKRrBnozowbUzD1yL5NE,2026-10-01T08:45:25+00:00,decode,1,35904,0.05,0.63,,0,,,
ap-6MVKRrBnozowbUzD1yL5NE,2026-10-01T08:45:26+00:00,decode,1,35944,0.05,78.83,,0,,,
ap-6MVKRrBnozowbUzD1yL5NE,2026-10-01T08:45:26+00:00,decode,1,35984,0.05,78.85,,0,,,
ap-6MVKRrBnozowbUzD1yL5NE,2026-10-01T08:45:27+00:00,decode,1,36024,0.05,78.85,,0,,,
ap-6MVKRrBnozowbUzD1yL5NE,2026-10-01T08:46:30+00:00,prefill,0,,0.05,,7.4,0,1,480,35840
ap-6MVKRrBnozowbUzD1yL5NE,2026-10-01T08:46:30+00:00,decode,1,36340,0.05,0.63,,0,,,
ap-6MVKRrBnozowbUzD1yL5NE,2026-10-01T08:46:31+00:00,decode,1,36380,0.05,78.73,,0,,,
ap-6MVKRrBnozowbUzD1yL5NE,2026-10-01T08:46:31+00:00,decode,1,36420,0.05,78.73,,0,,,
ap-6MVKRrBnozowbUzD1yL5NE,2026-10-01T08:46:32+00:00,decode,1,36460,0.05,78.85,,0,,,
ap-6MVKRrBnozowbUzD1yL5NE,2026-10-01T08:47:35+00:00,prefill,0,,0.05,,6.01,0,1,390,36352
ap-6MVKRrBnozowbUzD1yL5NE,2026-10-01T08:47:35+00:00,decode,1,36776,0.05,0.63,,0,,,
ap-6MVKRrBnozowbUzD1yL5NE,2026-10-01T08:47:36+00:00,decode,1,36816,0.05,78.77,,0,,,
ap-6MVKRrBnozowbUzD1yL5NE,2026-10-01T08:47:36+00:00,decode,1,36856,0.05,78.78,,0,,,
ap-6MVKRrBnozowbUzD1yL5NE,2026-10-01T08:48:40+00:00,prefill,0,,0.05,,4.63,0,1,300,36864
ap-6MVKRrBnozowbUzD1yL5NE,2026-10-01T08:48:40+00:00,decode,1,37172,0.05,0.63,,0,,,
ap-6MVKRrBnozowbUzD1yL5NE,2026-10-01T08:48:40+00:00,decode,1,37212,0.05,78.7,,0,,,
ap-6MVKRrBnozowbUzD1yL5NE,2026-10-01T08:48:41+00:00,decode,1,37252,0.05,78.73,,0,,,
ap-6MVKRrBnozowbUzD1yL5NE,2026-10-01T08:48:41+00:00,decode,1,37292,0.05,78.7,,0,,,
ap-6MVKRrBnozowbUzD1yL5NE,2026-10-01T08:49:45+00:00,prefill,0,,0.05,,7.18,0,1,466,37120
ap-6MVKRrBnozowbUzD1yL5NE,2026-10-01T08:49:45+00:00,decode,1,37608,0.05,0.63,,0,,,
ap-6MVKRrBnozowbUzD1yL5NE,2026-10-01T08:49:46+00:00,decode,1,37648,0.05,78.6,,0,,,
ap-6MVKRrBnozowbUzD1yL5NE,2026-10-01T08:49:46+00:00,decode,1,37688,0.05,78.66,,0,,,
ap-6MVKRrBnozowbUzD1yL5NE,2026-10-01T08:49:47+00:00,decode,1,37728,0.05,78.66,,0,,,
ap-6MVKRrBnozowbUzD1yL5NE,2026-10-01T08:50:50+00:00,prefill,0,,0.05,,5.79,0,1,376,37632
ap-6MVKRrBnozowbUzD1yL5NE,2026-10-01T08:50:50+00:00,decode,1,38044,0.05,0.63,,0,,,
ap-6MVKRrBnozowbUzD1yL5NE,2026-10-01T08:50:51+00:00,decode,1,38084,0.05,78.52,,0,,,
ap-6MVKRrBnozowbUzD1yL5NE,2026-10-01T08:50:51+00:00,decode,1,38124,0.05,78.55,,0,,,
ap-6MVKRrBnozowbUzD1yL5NE,2026-10-01T08:51:54+00:00,prefill,0,,0.05,,4.41,0,1,286,38144
ap-6MVKRrBnozowbUzD1yL5NE,2026-10-01T08:51:55+00:00,decode,1,38440,0.05,0.63,,0,,,
ap-6MVKRrBnozowbUzD1yL5NE,2026-10-01T08:51:55+00:00,decode,1,38480,0.05,78.41,,0,,,
ap-6MVKRrBnozowbUzD1yL5NE,2026-10-01T08:51:56+00:00,decode,1,38520,0.05,78.53,,0,,,
ap-6MVKRrBnozowbUzD1yL5NE,2026-10-01T08:51:56+00:00,decode,1,38560,0.05,78.5,,0,,,
ap-6MVKRrBnozowbUzD1yL5NE,2026-10-01T08:53:00+00:00,prefill,0,,0.05,,6.95,0,1,452,38400
ap-6MVKRrBnozowbUzD1yL5NE,2026-10-01T08:53:00+00:00,decode,1,38876,0.05,0.63,,0,,,
ap-6MVKRrBnozowbUzD1yL5NE,2026-10-01T08:53:00+00:00,decode,1,38916,0.05,78.35,,0,,,
ap-6MVKRrBnozowbUzD1yL5NE,2026-10-01T08:53:01+00:00,decode,1,38956,0.05,78.47,,0,,,
ap-6MVKRrBnozowbUzD1yL5NE,2026-10-01T08:53:01+00:00,decode,1,38996,0.05,78.44,,0,,,
ap-6MVKRrBnozowbUzD1yL5NE,2026-10-01T08:54:05+00:00,prefill,0,,0.05,,5.5,0,1,362,38912
ap-6MVKRrBnozowbUzD1yL5NE,2026-10-01T08:54:06+00:00,decode,1,39312,0.05,0.62,,0,,,
ap-6MVKRrBnozowbUzD1yL5NE,2026-10-01T08:54:06+00:00,decode,1,39352,0.05,78.45,,0,,,
ap-6MVKRrBnozowbUzD1yL5NE,2026-10-01T08:54:07+00:00,decode,1,39392,0.05,78.4,,0,,,
ap-6MVKRrBnozowbUzD1yL5NE,2026-10-01T08:55:10+00:00,prefill,0,,0.05,,7.15,0,1,464,39232
ap-6MVKRrBnozowbUzD1yL5NE,2026-10-01T08:55:10+00:00,decode,1,39708,0.05,0.63,,0,,,
ap-6MVKRrBnozowbUzD1yL5NE,2026-10-01T08:55:11+00:00,decode,1,39748,0.05,78.35,,0,,,
ap-6MVKRrBnozowbUzD1yL5NE,2026-10-01T08:55:11+00:00,decode,1,39788,0.05,78.38,,0,,,
ap-6MVKRrBnozowbUzD1yL5NE,2026-10-01T08:55:12+00:00,decode,1,39828,0.05,78.39,,0,,,
ap-6MVKRrBnozowbUzD1yL5NE,2026-10-01T08:56:15+00:00,prefill,0,,0.05,,6.75,0,1,438,39680
ap-6MVKRrBnozowbUzD1yL5NE,2026-10-01T08:56:15+00:00,decode,1,40144,0.05,0.63,,0,,,
ap-6MVKRrBnozowbUzD1yL5NE,2026-10-01T08:56:16+00:00,decode,1,40184,0.05,78.31,,0,,,
ap-6MVKRrBnozowbUzD1yL5NE,2026-10-01T08:56:16+00:00,decode,1,40224,0.05,78.28,,0,,,
ap-6MVKRrBnozowbUzD1yL5NE,2026-10-01T08:56:17+00:00,decode,1,0,0.0,77.5,,0,,,
ap-6MVKRrBnozowbUzD1yL5NE,2026-10-01T08:57:20+00:00,prefill,0,,0.05,,5.37,0,1,348,40192
ap-6MVKRrBnozowbUzD1yL5NE,2026-10-01T08:57:20+00:00,decode,1,40580,0.05,0.63,,0,,,
ap-6MVKRrBnozowbUzD1yL5NE,2026-10-01T08:57:21+00:00,decode,1,40620,0.05,78.26,,0,,,
ap-6MVKRrBnozowbUzD1yL5NE,2026-10-01T08:57:21+00:00,decode,1,40660,0.05,78.27,,0,,,
ap-6MVKRrBnozowbUzD1yL5NE,2026-10-01T08:58:25+00:00,prefill,0,,0.05,,6.94,0,1,450,40512
ap-6MVKRrBnozowbUzD1yL5NE,2026-10-01T08:58:25+00:00,decode,1,40976,0.05,0.63,,0,,,
ap-6MVKRrBnozowbUzD1yL5NE,2026-10-01T08:58:25+00:00,decode,1,41016,0.06,78.22,,0,,,
ap-6MVKRrBnozowbUzD1yL5NE,2026-10-01T08:58:26+00:00,decode,1,41056,0.06,78.25,,0,,,
ap-6MVKRrBnozowbUzD1yL5NE,2026-10-01T08:58:26+00:00,decode,1,41096,0.06,78.2,,0,,,
ap-6MVKRrBnozowbUzD1yL5NE,2026-10-01T08:59:29+00:00,prefill,0,,0.06,,6.56,0,1,424,40960
ap-6MVKRrBnozowbUzD1yL5NE,2026-10-01T08:59:30+00:00,decode,1,41412,0.06,0.63,,0,,,
ap-6MVKRrBnozowbUzD1yL5NE,2026-10-01T08:59:30+00:00,decode,1,41452,0.06,78.2,,0,,,
ap-6MVKRrBnozowbUzD1yL5NE,2026-10-01T08:59:31+00:00,decode,1,41492,0.06,78.08,,0,,,
ap-6MVKRrBnozowbUzD1yL5NE,2026-10-01T09:00:35+00:00,prefill,0,,0.06,,11.94,0,1,780,41472
ap-6MVKRrBnozowbUzD1yL5NE,2026-10-01T09:00:35+00:00,decode,1,42254,0.06,0.63,,0,,,
ap-6MVKRrBnozowbUzD1yL5NE,2026-10-01T09:00:35+00:00,decode,1,42294,0.06,78.11,,0,,,
ap-6MVKRrBnozowbUzD1yL5NE,2026-10-01T09:00:36+00:00,decode,1,42334,0.06,78.02,,0,,,
ap-6MVKRrBnozowbUzD1yL5NE,2026-10-01T09:00:36+00:00,decode,1,42374,0.06,78.02,,0,,,
ap-6MVKRrBnozowbUzD1yL5NE,2026-10-01T09:01:40+00:00,prefill,0,,0.06,,6.76,0,1,439,42240
ap-6MVKRrBnozowbUzD1yL5NE,2026-10-01T09:01:40+00:00,decode,1,42695,0.06,0.63,,0,,,
ap-6MVKRrBnozowbUzD1yL5NE,2026-10-01T09:01:40+00:00,decode,1,42735,0.06,77.95,,0,,,
ap-6MVKRrBnozowbUzD1yL5NE,2026-10-01T09:01:41+00:00,decode,1,42775,0.06,77.93,,0,,,
ap-6MVKRrBnozowbUzD1yL5NE,2026-10-01T09:01:41+00:00,decode,1,42815,0.06,77.96,,0,,,
ap-6MVKRrBnozowbUzD1yL5NE,2026-10-01T09:02:55+00:00,prefill,0,,0.0,,0.01,0,1,1,0
ap-6MVKRrBnozowbUzD1yL5NE,2026-10-01T09:02:56+00:00,prefill,0,,0.0,,23.03,0,1,24,0
ap-6MVKRrBnozowbUzD1yL5NE,2026-10-01T09:02:56+00:00,prefill,0,,0.0,,432.77,0,1,88,0
ap-6MVKRrBnozowbUzD1yL5NE,2026-10-01T09:02:57+00:00,decode,1,112,0.0,0.53,,0,,,
ap-6MVKRrBnozowbUzD1yL5NE,2026-10-01T09:02:57+00:00,decode,1,152,0.0,84.2,,0,,,
ap-6MVKRrBnozowbUzD1yL5NE,2026-10-01T09:02:58+00:00,decode,1,192,0.0,84.16,,0,,,
ap-6MVKRrBnozowbUzD1yL5NE,2026-10-01T09:02:58+00:00,prefill,0,,0.0,,12.15,0,1,19,0
ap-6MVKRrBnozowbUzD1yL5NE,2026-10-01T09:02:58+00:00,decode,1,44,0.0,63.91,,0,,,
ap-6MVKRrBnozowbUzD1yL5NE,2026-10-01T09:02:59+00:00,decode,1,84,0.0,84.24,,0,,,
ap-6MVKRrBnozowbUzD1yL5NE,2026-10-01T09:02:59+00:00,decode,1,124,0.0,84.19,,0,,,
ap-6MVKRrBnozowbUzD1yL5NE,2026-10-01T09:03:00+00:00,decode,1,164,0.0,84.19,,0,,,
ap-6MVKRrBnozowbUzD1yL5NE,2026-10-01T09:03:00+00:00,decode,1,204,0.0,84.13,,0,,,
ap-6MVKRrBnozowbUzD1yL5NE,2026-10-01T09:03:01+00:00,decode,1,244,0.0,84.18,,0,,,
ap-6MVKRrBnozowbUzD1yL5NE,2026-10-01T09:03:01+00:00,decode,1,284,0.0,84.1,,0,,,
ap-6MVKRrBnozowbUzD1yL5NE,2026-10-01T09:03:01+00:00,decode,1,324,0.0,84.11,,0,,,
ap-6MVKRrBnozowbUzD1yL5NE,2026-10-01T09:03:02+00:00,decode,1,364,0.0,84.14,,0,,,
ap-6MVKRrBnozowbUzD1yL5NE,2026-10-01T09:03:02+00:00,decode,1,404,0.0,84.12,,0,,,
ap-6MVKRrBnozowbUzD1yL5NE,2026-10-01T09:03:03+00:00,decode,1,444,0.0,84.21,,0,,,
ap-6MVKRrBnozowbUzD1yL5NE,2026-10-01T09:03:03+00:00,decode,1,484,0.0,84.04,,0,,,
ap-6MVKRrBnozowbUzD1yL5NE,2026-10-01T09:03:04+00:00,decode,1,524,0.0,84.02,,0,,,
