task_id,domain,language,chain,final_digest,package_path,reference_fix,status,reason,run_digest,oracle_label
format-code-task-000003,code,python,strip-future-history@1>purge-build-caches@1>mtime-normalize@1>separate-verifier@2,sha256:1ac407b8a0782227d9629b3c0d711df9ba9c3ce32b1e40faef24ee4daad4057e,derived/task-store/variants/mimo-v2.6-rl__format-code-task-000003/1ac407b8a078,none,built,purge-installed-copies@1 skipped: scope is CONFIRMED_PURGE plus already-carried run packages (HAR-194 stance),sha256:c42edb44c60824a76efbfb6670a002fffdc86db5c2fb212644ddd502bb3dc5a5,
format-code-task-000008,code,python,strip-future-history@1>purge-build-caches@1>mtime-normalize@1>separate-verifier@2,sha256:ff89ede753a9d8d46abec124fdf07763e524ec0a43ef979d91887cdb7388577c,derived/task-store/variants/mimo-v2.6-rl__format-code-task-000008/ff89ede753a9,none,built,purge-installed-copies@1 skipped: scope is CONFIRMED_PURGE plus already-carried run packages (HAR-194 stance),sha256:50130de8f20e36b281515620169914227fd0863a156939a948498525bf87b03b,
format-code-task-000016,code,python,strip-future-history@1>purge-build-caches@1>mtime-normalize@1>separate-verifier@2,sha256:fb0792afffe41357e383c2fc6c363e351af6982f0822019ca99a878af8020c87,derived/task-store/variants/mimo-v2.6-rl__format-code-task-000016/fb0792afffe4,none,built,purge-installed-copies@1 skipped: scope is CONFIRMED_PURGE plus already-carried run packages (HAR-194 stance),sha256:5a47420c397638d04b2ea561a10dd9391d679a37b4b3ce739789f77025062414,
format-code-task-000018,code,python,strip-future-history@1>purge-build-caches@1>mtime-normalize@1>separate-verifier@2,sha256:a8d4f2cd2cdfce68fa4d17a02cd7a8b5505bc35e30cd421e1fa1745b3d4da5a7,derived/task-store/variants/mimo-v2.6-rl__format-code-task-000018/a8d4f2cd2cdf,none,built,purge-installed-copies@1 skipped: scope is CONFIRMED_PURGE plus already-carried run packages (HAR-194 stance),sha256:7b9fa5216404eb7349f377d2eba2328f0714e7f8aa0b25ff95fcc2728996f5cc,
format-code-task-000019,code,python,strip-future-history@1>purge-build-caches@1>mtime-normalize@1>separate-verifier@2,sha256:5186090bd523bdd76db98108b43bddff56fc9a9652382aecb5ae8d95d0329153,derived/task-store/variants/mimo-v2.6-rl__format-code-task-000019/5186090bd523,none,built,purge-installed-copies@1 skipped: scope is CONFIRMED_PURGE plus already-carried run packages (HAR-194 stance),sha256:3180db631db179f371592c8f65fee1203be25e1ab847546c5ca686fc91c37941,
format-code-task-000022,code,python,strip-future-history@1>purge-build-caches@1>mtime-normalize@1>separate-verifier@2,sha256:32b0912c4e059f6eb8a3c7f9946961fe78973124ad72c0aeda1f0f710514b239,derived/task-store/variants/mimo-v2.6-rl__format-code-task-000022/32b0912c4e05,none,built,purge-installed-copies@1 skipped: scope is CONFIRMED_PURGE plus already-carried run packages (HAR-194 stance),sha256:57763bd07c79258df25332740858f2ac22444fae1cc8f755926ccc068da24f94,
format-code-task-000023,code,python,strip-future-history@1>purge-build-caches@1>mtime-normalize@1>separate-verifier@2,sha256:1b8459bfc69a938a2d1fc2eb70486f584af21847698e856561ba8db5b20cf646,derived/task-store/variants/mimo-v2.6-rl__format-code-task-000023/1b8459bfc69a,none,built,purge-installed-copies@1 skipped: scope is CONFIRMED_PURGE plus already-carried run packages (HAR-194 stance),sha256:1d9811ed41384753a831bdfbc6554a180a9ad7516259ebd58a8e3f73f4119b73,
format-code-task-000031,code,python,strip-future-history@1>purge-build-caches@1>mtime-normalize@1>separate-verifier@2,sha256:246ffbed0569202ca121498e6629d03425231e910af228040cf2b3d0eac68155,derived/task-store/variants/mimo-v2.6-rl__format-code-task-000031/246ffbed0569,none,built,purge-installed-copies@1 skipped: scope is CONFIRMED_PURGE plus already-carried run packages (HAR-194 stance),sha256:78bb1bc31c79b9b2c7115b22717a0261e5db81a220e269995d71161829752ff0,
format-code-task-000041,code,python,strip-future-history@1>purge-build-caches@1>mtime-normalize@1>separate-verifier@2,sha256:b0f499b59e861e09d395c2ddee9e838674c5d7c46972cb3b197a287e78ff375d,derived/task-store/variants/mimo-v2.6-rl__format-code-task-000041/b0f499b59e86,none,built,purge-installed-copies@1 skipped: scope is CONFIRMED_PURGE plus already-carried run packages (HAR-194 stance),sha256:9f6a4c94edfc439aac23cf5f29a3d12f6d6a8e62ff9adbd00081cb1c2689d8b2,
format-code-task-000042,code,python,strip-future-history@1>purge-build-caches@1>mtime-normalize@1>separate-verifier@2,sha256:453bf7509ddd7cb8120778ce6055f07b3b00b8b3c387fcbfc9aa01475ff19095,derived/task-store/variants/mimo-v2.6-rl__format-code-task-000042/453bf7509ddd,none,built,purge-installed-copies@1 skipped: scope is CONFIRMED_PURGE plus already-carried run packages (HAR-194 stance),sha256:6c2e82ab7d547463e8557ba5dc74436e34eaa0dddc40353c878eb363140254da,
format-code-task-000043,code,python,strip-future-history@1>purge-build-caches@1>mtime-normalize@1>separate-verifier@2,sha256:3ac8e7df78bf8e3c91ee2bb42943d4799a55eda0d5b4017fbdcbe40663eab8e4,derived/task-store/variants/mimo-v2.6-rl__format-code-task-000043/3ac8e7df78bf,none,built,purge-installed-copies@1 skipped: scope is CONFIRMED_PURGE plus already-carried run packages (HAR-194 stance),sha256:aadae6ed2f94c26fb5ed32587948dcf2a80683689c47c916b7879f417474c1b0,
format-code-task-000049,code,python,strip-future-history@1>purge-build-caches@1>mtime-normalize@1>separate-verifier@2,sha256:a3477c6df8ab8f162fa69d9b427f383596843fd42a1b5159eeafa7aa007b465c,derived/task-store/variants/mimo-v2.6-rl__format-code-task-000049/a3477c6df8ab,none,built,purge-installed-copies@1 skipped: scope is CONFIRMED_PURGE plus already-carried run packages (HAR-194 stance),sha256:175c9c07b2be9a369f0e3ff6989935cefed3d591625e87773423d7cb0b52dd35,
format-code-task-000050,code,python,strip-future-history@1>purge-build-caches@1>mtime-normalize@1>separate-verifier@2,sha256:f74a0ac841c274e53ddbc1b7cd6e3da49ebdb3d36560e93d757ed539ba9b11e2,derived/task-store/variants/mimo-v2.6-rl__format-code-task-000050/f74a0ac841c2,none,built,purge-installed-copies@1 skipped: scope is CONFIRMED_PURGE plus already-carried run packages (HAR-194 stance),sha256:ba7293938da25ec7c525bde8ac7a2ea2fa2ddcde097f41943f7bf5bb1d77da1d,
format-code-task-000051,code,python,strip-future-history@1>purge-build-caches@1>mtime-normalize@1>separate-verifier@2,sha256:fae8577e8e3f29a170a11cc04c7aaf92025e9d9778a0702cdb842f04d17dfcc4,derived/task-store/variants/mimo-v2.6-rl__format-code-task-000051/fae8577e8e3f,none,built,purge-installed-copies@1 skipped: scope is CONFIRMED_PURGE plus already-carried run packages (HAR-194 stance),sha256:0bc037eaa0abf9b7fa2baab70f3809b30c8258c2c7ec4cb5bf364a455eb8b044,
format-code-task-000067,code,python,strip-future-history@1>purge-build-caches@1>mtime-normalize@1>separate-verifier@2,sha256:d110310a41d64cab81c369be3459f51730f194375502c5b326e9e6f52078066d,derived/task-store/variants/mimo-v2.6-rl__format-code-task-000067/d110310a41d6,none,built,purge-installed-copies@1 skipped: scope is CONFIRMED_PURGE plus already-carried run packages (HAR-194 stance),sha256:e79683b64dbb7158dd536a3e15037409cc7cb42513a93e3f33e5c3f510b11e0f,
format-code-task-000076,code,python,strip-future-history@1>purge-build-caches@1>mtime-normalize@1>separate-verifier@2,sha256:2c4a398dc5cf9d2057847e48c01397a0d47df0f9729e460c43b85955514ef839,derived/task-store/variants/mimo-v2.6-rl__format-code-task-000076/2c4a398dc5cf,none,built,purge-installed-copies@1 skipped: scope is CONFIRMED_PURGE plus already-carried run packages (HAR-194 stance),sha256:3a8defcffafb4d0bdeba0ad32a36b9a1d90a9ca727e320aeac98170a2f432303,
format-code-task-000077,code,python,strip-future-history@1>purge-build-caches@1>mtime-normalize@1>separate-verifier@2,sha256:15de0938fec18369418d7850a9daeefda2fca541c2ed170c59d13efd64ef4557,derived/task-store/variants/mimo-v2.6-rl__format-code-task-000077/15de0938fec1,none,built,purge-installed-copies@1 skipped: scope is CONFIRMED_PURGE plus already-carried run packages (HAR-194 stance),sha256:f2de721422c60a3a4412b6a832248aa830662db2a8b0221a25a450148a68b4ec,
format-code-task-000079,code,python,strip-future-history@1>purge-build-caches@1>mtime-normalize@1>separate-verifier@2,sha256:3cb4f80dd30adef3a2f3029344de26cb8ec642bc21a437d9b9dcad4af1e31c91,derived/task-store/variants/mimo-v2.6-rl__format-code-task-000079/3cb4f80dd30a,none,built,purge-installed-copies@1 skipped: scope is CONFIRMED_PURGE plus already-carried run packages (HAR-194 stance),sha256:443bc8ed6bfe34f19c7b0c92e2ea081c09d93dac05f56c71c1be62c26a211fa5,
format-code-task-000080,code,python,strip-future-history@1>purge-build-caches@1>mtime-normalize@1>separate-verifier@2,sha256:9f53c0210c9562508746220d7e4f8e389a922a763129369f6fea739697c2b7e6,derived/task-store/variants/mimo-v2.6-rl__format-code-task-000080/9f53c0210c95,none,built,purge-installed-copies@1 skipped: scope is CONFIRMED_PURGE plus already-carried run packages (HAR-194 stance),sha256:70cf87693117bc03fb81711598958caf84316d28346337b6068f8426de3a38b9,
format-code-task-000081,code,python,strip-future-history@1>purge-build-caches@1>mtime-normalize@1>separate-verifier@2,sha256:4f4806bd51202c82190b68a4e5bf5a34cce4b0251182655f9dad532fcc37cd01,derived/task-store/variants/mimo-v2.6-rl__format-code-task-000081/4f4806bd5120,none,built,purge-installed-copies@1 skipped: scope is CONFIRMED_PURGE plus already-carried run packages (HAR-194 stance),sha256:a937eb7637aa762290c37d2c94f649f8d6bf1ecbef234e23107b08376a3b4cfb,
format-code-task-000083,code,python,strip-future-history@1>purge-build-caches@1>mtime-normalize@1>separate-verifier@2,sha256:a425ca6adbd9733603b58c5df346719f8b9bcb1739d6dc84a3da87cafc60b89c,derived/task-store/variants/mimo-v2.6-rl__format-code-task-000083/a425ca6adbd9,none,built,purge-installed-copies@1 skipped: scope is CONFIRMED_PURGE plus already-carried run packages (HAR-194 stance),sha256:a725ad2c9beda8bad450b730f1808fa1af1f6dbe649d5f2bad0b71a78f990b99,
format-code-task-000084,code,python,strip-future-history@1>purge-build-caches@1>mtime-normalize@1>separate-verifier@2,sha256:dcdf86d621119aa73f673abcd51a8afdd8f6d788c3d99d42fc4bbf70eee8d9b3,derived/task-store/variants/mimo-v2.6-rl__format-code-task-000084/dcdf86d62111,none,built,purge-installed-copies@1 skipped: scope is CONFIRMED_PURGE plus already-carried run packages (HAR-194 stance),sha256:bcda9b8b31145010274261931ad8457b4af34c1bca1f26eae2829b38372e4358,
format-code-task-000085,code,python,strip-future-history@1>purge-build-caches@1>mtime-normalize@1>separate-verifier@2,sha256:b6fd4ba4d3e41ec071ae0af40cab29cfe2f7a8912ce839ae5b7891cabdfd751c,derived/task-store/variants/mimo-v2.6-rl__format-code-task-000085/b6fd4ba4d3e4,/Users/petermakhnatch/Developer/eval-lab-results/2026-10-07/HAR-191-oracle-sweep/tasks/format-code-task-000085/oracle/solution-patch.stdout.log,built,purge-installed-copies@1 skipped: scope is CONFIRMED_PURGE plus already-carried run packages (HAR-194 stance),sha256:f36c3e65a0868b522a604563c785f12d8f21d96bb8de90842be2623e77aa2774,oracle:pass+nop:fail
format-code-task-000087,code,python,strip-future-history@1>purge-build-caches@1>mtime-normalize@1>separate-verifier@2,sha256:bf5f221326ae1c80e313ff2836859ee81bdd69d0df93e6b3e990c0fd52923d28,derived/task-store/variants/mimo-v2.6-rl__format-code-task-000087/bf5f221326ae,none,built,purge-installed-copies@1 skipped: scope is CONFIRMED_PURGE plus already-carried run packages (HAR-194 stance),sha256:64bc3ceeae5950080d5866b11819a3760646698829250c2c08c4e47644be2d63,
format-code-task-000089,code,python,strip-future-history@1>purge-build-caches@1>mtime-normalize@1>separate-verifier@2,sha256:8c90e67b6dc54adefe6103aab7c8a5969713756982db21887f494738e9ff4cad,derived/task-store/variants/mimo-v2.6-rl__format-code-task-000089/8c90e67b6dc5,none,built,purge-installed-copies@1 skipped: scope is CONFIRMED_PURGE plus already-carried run packages (HAR-194 stance),sha256:1ad15be80c6e7e27db358ec08c955025a592cc2dee96dd885340f302a78dc308,
format-code-task-000090,code,python,strip-future-history@1>purge-build-caches@1>mtime-normalize@1>separate-verifier@2,sha256:6053ad6dea7e1b33c610a8d5390a4597797e30dfb5b6dc4aa512e4767bf996fd,derived/task-store/variants/mimo-v2.6-rl__format-code-task-000090/6053ad6dea7e,none,built,purge-installed-copies@1 skipped: scope is CONFIRMED_PURGE plus already-carried run packages (HAR-194 stance),sha256:ec2ebae30fc1d2446e7d0afa5f52b777ffaa9c38dec99002fe4f965b32396930,
format-code-task-000092,code,python,strip-future-history@1>purge-build-caches@1>mtime-normalize@1>separate-verifier@2,sha256:80e05c0a6ce828bdfc5b4a16c5c886bb8325f7fca4965a385a8b213aced1f413,derived/task-store/variants/mimo-v2.6-rl__format-code-task-000092/80e05c0a6ce8,none,built,purge-installed-copies@1 skipped: scope is CONFIRMED_PURGE plus already-carried run packages (HAR-194 stance),sha256:f7242916a6a3f75ffd72aa1b054ec1b6ef695eb6d4a6f99a80a8a2a6269861c7,
format-code-task-000093,code,python,strip-future-history@1>purge-build-caches@1>mtime-normalize@1>separate-verifier@2,sha256:a73de5f999e42579e7a6e9aa5f9cc2a8976124e251b1bd43e9168ab26b997bbe,derived/task-store/variants/mimo-v2.6-rl__format-code-task-000093/a73de5f999e4,/Users/petermakhnatch/Developer/eval-lab-results/2026-10-07/HAR-191-oracle-sweep/tasks/format-code-task-000093/oracle/solution-patch.stdout.log,built,purge-installed-copies@1 skipped: scope is CONFIRMED_PURGE plus already-carried run packages (HAR-194 stance),sha256:cd7afefddebd0637b128a7349f193bd70c1836c68da7d5d1826cbeebe0e6802c,oracle:pass+nop:fail
format-code-task-000100,code,python,strip-future-history@1>purge-build-caches@1>mtime-normalize@1>separate-verifier@2,sha256:792ad388810978fc0c2716e4d05854df9eec91b70a2d51166890ebea58d87795,derived/task-store/variants/mimo-v2.6-rl__format-code-task-000100/792ad3888109,none,built,purge-installed-copies@1 skipped: scope is CONFIRMED_PURGE plus already-carried run packages (HAR-194 stance),sha256:d0a2636e11cc5dc5242c76ea1de9428180a67abd6dbff35cd51e87dd05ba130f,
format-code-task-000102,code,python,strip-future-history@1>purge-build-caches@1>mtime-normalize@1>separate-verifier@2,sha256:2e795283b7ba3d53b3bbcee7bd63da251c85a77417d49bcc8ef865d0bcd09a28,derived/task-store/variants/mimo-v2.6-rl__format-code-task-000102/2e795283b7ba,/Users/petermakhnatch/Developer/eval-lab-results/2026-10-07/HAR-191-oracle-sweep/tasks/format-code-task-000102/oracle/solution-patch.stdout.log,built,purge-installed-copies@1 skipped: scope is CONFIRMED_PURGE plus already-carried run packages (HAR-194 stance),sha256:34550b6a93985f0ae9e1f5b9307a31beb4bd29ec23577dae1a80f1c6adff9e6c,oracle:pass+nop:fail
format-code-task-000110,code,python,strip-future-history@1>purge-build-caches@1>mtime-normalize@1>separate-verifier@2,sha256:50e4d465cb3c30c4f3b6510fbe2accfac66e5113cfff20d7170eecfa9e3d59f5,derived/task-store/variants/mimo-v2.6-rl__format-code-task-000110/50e4d465cb3c,/Users/petermakhnatch/Developer/eval-lab-results/2026-10-07/HAR-191-oracle-sweep/tasks/format-code-task-000110/oracle/solution-patch.stdout.log,built,purge-installed-copies@1 skipped: scope is CONFIRMED_PURGE plus already-carried run packages (HAR-194 stance),sha256:a974d6e128e45a863fc457156fd308e750fe47472a0f9a05fcdd495fea14089f,oracle:pass+nop:fail
format-code-task-000114,code,python,strip-future-history@1>purge-build-caches@1>mtime-normalize@1>separate-verifier@2,sha256:f09fd46baf22d01a23dc04f48c3dd8b088ea2517de63cfc4b846113da13dcd19,derived/task-store/variants/mimo-v2.6-rl__format-code-task-000114/f09fd46baf22,none,built,purge-installed-copies@1 skipped: scope is CONFIRMED_PURGE plus already-carried run packages (HAR-194 stance),sha256:aa4ede411ca44363fbaccd280d9e585d40d8b132adf9694ac5ee3bf1d5c15a07,
format-code-task-000115,code,python,strip-future-history@1>purge-build-caches@1>mtime-normalize@1>separate-verifier@2,sha256:7f3fdb9e896846d891a43996d0ed80c433a8b1885b765daa7a426592d51501ae,derived/task-store/variants/mimo-v2.6-rl__format-code-task-000115/7f3fdb9e8968,none,built,purge-installed-copies@1 skipped: scope is CONFIRMED_PURGE plus already-carried run packages (HAR-194 stance),sha256:653684ba7d9a11dd80bd54ac9c4e86499936b550161e79f59e72b189c50becb8,
format-code-task-000116,code,python,strip-future-history@1>purge-build-caches@1>mtime-normalize@1>separate-verifier@2,sha256:aee7cc68c0be96d19bd40cb1df4aa5e9f7ba53d9aefd4c7816e7af57f7599c69,derived/task-store/variants/mimo-v2.6-rl__format-code-task-000116/aee7cc68c0be,none,built,purge-installed-copies@1 skipped: scope is CONFIRMED_PURGE plus already-carried run packages (HAR-194 stance),sha256:bc67fe4b3256889d0edb2ddecb0bb1aaac192b4f48c9dc1776dcb0f9248a51ee,
format-code-task-000119,code,python,strip-future-history@1>purge-build-caches@1>mtime-normalize@1>separate-verifier@2,sha256:f3c1f143422688ad2f793ef803902b1e18f4ea7b4b869ba555873cb97b15952e,derived/task-store/variants/mimo-v2.6-rl__format-code-task-000119/f3c1f1434226,none,built,purge-installed-copies@1 skipped: scope is CONFIRMED_PURGE plus already-carried run packages (HAR-194 stance),sha256:dca0b23dcf86336b8f76a7eef6dd3097ee75a9a32e877083c5844607ba080e0a,
format-code-task-000122,code,python,strip-future-history@1>purge-build-caches@1>mtime-normalize@1>separate-verifier@2,sha256:a067524ac1a0520cc6daec2ee8f8cf352b58a5656f366b8dcf5025e6622be6fc,derived/task-store/variants/mimo-v2.6-rl__format-code-task-000122/a067524ac1a0,none,built,purge-installed-copies@1 skipped: scope is CONFIRMED_PURGE plus already-carried run packages (HAR-194 stance),sha256:3f146ae5bce512c23e6ae7f4415dfe888efa2c5676517ae0d48857de01fc4110,
format-code-task-000124,code,python,,,,none,skipped,ledger verdict=discard status=discarded: grade unconfirmed: fixtures expect tables Alembic migrations would create (no such table: user); no environment repair identified (har115-diag-000124),sha256:c6f1487efdf23755404637b3a9ebb45712f07ecb1a34633ed07d72f1de38a1ff,
format-code-task-000125,code,python,strip-future-history@1>purge-build-caches@1>mtime-normalize@1>separate-verifier@2,sha256:fe67529e66e6a053e304acbea78f176b8bd91972198dbae1dc731cda4f0f4200,derived/task-store/variants/mimo-v2.6-rl__format-code-task-000125/fe67529e66e6,none,built,purge-installed-copies@1 skipped: scope is CONFIRMED_PURGE plus already-carried run packages (HAR-194 stance),sha256:f2a6a2a15a59f4ba32ffeeccfb3897850d3b1f16000e983f357c2b2952188fb1,
format-code-task-000126,code,python,strip-future-history@1>purge-build-caches@1>mtime-normalize@1>separate-verifier@2,sha256:c9079d5baff7586d5227144c0f3639cce82c84700e76a4af41fa9cdb490eda33,derived/task-store/variants/mimo-v2.6-rl__format-code-task-000126/c9079d5baff7,none,built,purge-installed-copies@1 skipped: scope is CONFIRMED_PURGE plus already-carried run packages (HAR-194 stance),sha256:32f1e07da5170ebf5ee255453e0e42bab3239c337d8d505e6ec76c83565e2ed8,
format-code-task-000127,code,python,strip-future-history@1>purge-build-caches@1>mtime-normalize@1>separate-verifier@2,sha256:fd82d80e36a74734cc33a9408cc5776f5399adafe052c175f5d47d6a60b96bda,derived/task-store/variants/mimo-v2.6-rl__format-code-task-000127/fd82d80e36a7,none,built,purge-installed-copies@1 skipped: scope is CONFIRMED_PURGE plus already-carried run packages (HAR-194 stance),sha256:cf52d5ed9169ab4dfaf0f8c08d31108383ef71b870a036fd9b2f76f2b2b442ce,
format-code-task-000141,code,python,strip-future-history@1>purge-build-caches@1>mtime-normalize@1>separate-verifier@2,sha256:1d1d7cd6d1f824992ac24ec2193b5f044d9cb086a90775d86c2761ebbedccbf7,derived/task-store/variants/mimo-v2.6-rl__format-code-task-000141/1d1d7cd6d1f8,none,built,purge-installed-copies@1 skipped: scope is CONFIRMED_PURGE plus already-carried run packages (HAR-194 stance),sha256:490931e9475597d1734cea5c1324e7fb17fe456bdcfda444ece5c36b900cb70a,
format-code-task-000142,code,python,strip-future-history@1>purge-build-caches@1>mtime-normalize@1>separate-verifier@2,sha256:b63c5716287cdb9403afbe73937f5faf500de645dd78f5cdc7c9d744ad7fa3b5,derived/task-store/variants/mimo-v2.6-rl__format-code-task-000142/b63c5716287c,/Users/petermakhnatch/Developer/eval-lab-results/2026-10-07/HAR-191-oracle-sweep/tasks/format-code-task-000142/oracle/solution-patch.stdout.log,built,purge-installed-copies@1 skipped: scope is CONFIRMED_PURGE plus already-carried run packages (HAR-194 stance),sha256:933f3c32e9720d8e2168c318e33c01a7ac9fdad9ed701d89f9b4b4d053c1d8ef,oracle:pass+nop:fail
format-code-task-000143,code,python,strip-future-history@1>purge-build-caches@1>mtime-normalize@1>separate-verifier@2,sha256:6f95edf920def7622392406eecd5713a9a033b21144d186c6b6d5957e9ab2d2e,derived/task-store/variants/mimo-v2.6-rl__format-code-task-000143/6f95edf920de,/Users/petermakhnatch/Developer/eval-lab-results/2026-10-07/HAR-191-oracle-sweep/tasks/format-code-task-000143/oracle/solution-patch.stdout.log,built,purge-installed-copies@1 skipped: scope is CONFIRMED_PURGE plus already-carried run packages (HAR-194 stance),sha256:d05069cbc1ef8773f9908166f304cf46c90e1e1d4c2b935c3128d6842097c931,oracle:pass+nop:fail
format-code-task-000144,code,python,strip-future-history@1>purge-build-caches@1>mtime-normalize@1>separate-verifier@2,sha256:41bd1598fa29ae617cc5202d23b930282902321e99083016929a9faf7d1329a4,derived/task-store/variants/mimo-v2.6-rl__format-code-task-000144/41bd1598fa29,/Users/petermakhnatch/Developer/eval-lab-results/2026-10-07/HAR-191-oracle-sweep/tasks/format-code-task-000144/oracle/solution-patch.stdout.log,built,purge-installed-copies@1 skipped: scope is CONFIRMED_PURGE plus already-carried run packages (HAR-194 stance),sha256:58699c40d9806988282282e53c2235f0b12a9403d7d4c0fe3e16cc1482bc2981,oracle:pass+nop:fail
format-code-task-000145,code,python,strip-future-history@1>purge-build-caches@1>mtime-normalize@1>separate-verifier@2,sha256:0b15ca3d411c22f9044bee0114e624800f2d1d0a3d8ae0d754ebf9bce6af8383,derived/task-store/variants/mimo-v2.6-rl__format-code-task-000145/0b15ca3d411c,none,built,purge-installed-copies@1 skipped: scope is CONFIRMED_PURGE plus already-carried run packages (HAR-194 stance),sha256:a3a1bb9b46b39eb375da1e8483a9dc3603ef2a5b569e86d4771ecd78af961510,
format-code-task-000146,code,python,strip-future-history@1>purge-build-caches@1>mtime-normalize@1>separate-verifier@2,sha256:943180ac7964a5367d4ffef6a79a029c367133c9086a51694abc249268382723,derived/task-store/variants/mimo-v2.6-rl__format-code-task-000146/943180ac7964,none,built,purge-installed-copies@1 skipped: scope is CONFIRMED_PURGE plus already-carried run packages (HAR-194 stance),sha256:3415583f08d45afa011bc4230848a083058ca14c9dca2166e849056727da7a71,
format-code-task-000147,code,python,strip-future-history@1>purge-build-caches@1>mtime-normalize@1>separate-verifier@2,sha256:911fec3fa75f362a20728029fbc4005d6a8ad809c970224d503d2dc2c398045e,derived/task-store/variants/mimo-v2.6-rl__format-code-task-000147/911fec3fa75f,none,built,purge-installed-copies@1 skipped: scope is CONFIRMED_PURGE plus already-carried run packages (HAR-194 stance),sha256:1156c8a251f88558b40e7b4e7ab1e3a7e2314a02bb819cdc99862dc7f1eeb153,
format-code-task-000148,code,python,strip-future-history@1>purge-build-caches@1>mtime-normalize@1>separate-verifier@2,sha256:65b17d67d7bf4b57c64155352db88660c30e7ceb4f43d75ffce00382e264f1cc,derived/task-store/variants/mimo-v2.6-rl__format-code-task-000148/65b17d67d7bf,none,built,purge-installed-copies@1 skipped: scope is CONFIRMED_PURGE plus already-carried run packages (HAR-194 stance),sha256:b84ea3ac9817159cdb4c2f21bb5f6095637bdbca51d78e24259004bfa6c75705,
format-code-task-000149,code,python,strip-future-history@1>purge-build-caches@1>mtime-normalize@1>separate-verifier@2,sha256:3ca640a933e238dd1a28c16c4b87a6605c3fdbb1052d66c2094b062c722e9efb,derived/task-store/variants/mimo-v2.6-rl__format-code-task-000149/3ca640a933e2,/Users/petermakhnatch/Developer/eval-lab-results/2026-10-07/HAR-191-oracle-sweep/tasks/format-code-task-000149/oracle/solution-patch.stdout.log,built,purge-installed-copies@1 skipped: scope is CONFIRMED_PURGE plus already-carried run packages (HAR-194 stance),sha256:86912a7d030e992ba39f7088ac069baa12a28bce92f56af5e845ddc8d69ea564,oracle:pass+nop:fail
format-code-task-000152,code,python,strip-future-history@1>purge-build-caches@1>mtime-normalize@1>separate-verifier@2,sha256:09fbf9525c5b78b151dfe635b4c21e7c1c27f364b5a130b945346193692c0df2,derived/task-store/variants/mimo-v2.6-rl__format-code-task-000152/09fbf9525c5b,none,built,purge-installed-copies@1 skipped: scope is CONFIRMED_PURGE plus already-carried run packages (HAR-194 stance),sha256:5dd5aecaadcf65db98598cd78c8a67e335198f4862710a2b992f16f113578950,
format-code-task-000153,code,python,strip-future-history@1>purge-build-caches@1>mtime-normalize@1>separate-verifier@2,sha256:2d9b2ba17a21c6aaf2d92f22c56572bc98afd5f5ea9386de63a229dddd16e341,derived/task-store/variants/mimo-v2.6-rl__format-code-task-000153/2d9b2ba17a21,none,built,purge-installed-copies@1 skipped: scope is CONFIRMED_PURGE plus already-carried run packages (HAR-194 stance),sha256:00af459e540201ce7ad425bcb23b10d88b42553d1159d41f9cae7e650ab62b60,
format-code-task-000154,code,python,strip-future-history@1>purge-build-caches@1>mtime-normalize@1>separate-verifier@2,sha256:777cbb44fd1d725337bd47e5f689a91f0d201e6e726f8d594ac18c8ac51967c7,derived/task-store/variants/mimo-v2.6-rl__format-code-task-000154/777cbb44fd1d,none,built,purge-installed-copies@1 skipped: scope is CONFIRMED_PURGE plus already-carried run packages (HAR-194 stance),sha256:52e5af4096a500b9b3a45c23a1acb63445ecbed7e400738de032922c50730d7d,
format-code-task-000155,code,python,strip-future-history@1>purge-build-caches@1>mtime-normalize@1>separate-verifier@2,sha256:c1ab41515decbf3011206b599788de52d81279f5d800803a568ce403d2460ee1,derived/task-store/variants/mimo-v2.6-rl__format-code-task-000155/c1ab41515dec,none,built,purge-installed-copies@1 skipped: scope is CONFIRMED_PURGE plus already-carried run packages (HAR-194 stance),sha256:89d56b87badd1ac2870f62148c99a91ad69b8c81b2e28bb30e490828d3839afc,
format-code-task-000156,code,python,strip-future-history@1>purge-build-caches@1>mtime-normalize@1>separate-verifier@2,sha256:1792880df99308916afb052b8ad976ecca95b06d396a975750aa13b6fbd1bc5f,derived/task-store/variants/mimo-v2.6-rl__format-code-task-000156/1792880df993,/Users/petermakhnatch/Developer/eval-lab-results/2026-10-07/HAR-191-oracle-sweep/tasks/format-code-task-000156/oracle/solution-patch.stdout.log,built,purge-installed-copies@1 skipped: scope is CONFIRMED_PURGE plus already-carried run packages (HAR-194 stance),sha256:7e0bb12d0281270843433d242e531c99907a835c174b7068f1a5a954122251f0,oracle:pass+nop:fail
format-code-task-000157,code,python,strip-future-history@1>purge-build-caches@1>mtime-normalize@1>separate-verifier@2,sha256:0f992d77b1c97e678b02c4afb0203ea48629ad5eddb523f16f200881b82fc6d8,derived/task-store/variants/mimo-v2.6-rl__format-code-task-000157/0f992d77b1c9,/Users/petermakhnatch/Developer/eval-lab-results/2026-10-07/HAR-191-oracle-sweep/tasks/format-code-task-000157/oracle/solution-patch.stdout.log,built,purge-installed-copies@1 skipped: scope is CONFIRMED_PURGE plus already-carried run packages (HAR-194 stance),sha256:b14ad4f47486b4d1db0e5db989206a684417206777da2ff15fa3bfbcf12a12b6,oracle:pass+nop:fail
format-code-task-000158,code,python,strip-future-history@1>purge-build-caches@1>mtime-normalize@1>separate-verifier@2,sha256:839a04cceff73abc6010909a53e045feeedf45f1eb98db35a2dae546413ee7f2,derived/task-store/variants/mimo-v2.6-rl__format-code-task-000158/839a04cceff7,/Users/petermakhnatch/Developer/eval-lab-results/2026-10-07/HAR-191-oracle-sweep/tasks/format-code-task-000158/oracle/solution-patch.stdout.log,built,purge-installed-copies@1 skipped: scope is CONFIRMED_PURGE plus already-carried run packages (HAR-194 stance),sha256:648af3093326c8af48859e416cdaf1995d9270821b7aef7de6104fe3d9ccf3e8,oracle:pass+nop:fail
format-code-task-000159,code,python,strip-future-history@1>purge-build-caches@1>mtime-normalize@1>separate-verifier@2,sha256:df8e657de0d9b782f76b4a5d27890d364af860a1929cc7d78a0c08a9f7fd429e,derived/task-store/variants/mimo-v2.6-rl__format-code-task-000159/df8e657de0d9,/Users/petermakhnatch/Developer/eval-lab-results/2026-10-07/HAR-191-oracle-sweep/tasks/format-code-task-000159/oracle/solution-patch.stdout.log,built,purge-installed-copies@1 skipped: scope is CONFIRMED_PURGE plus already-carried run packages (HAR-194 stance),sha256:2ad471b8c15d6d1a1cfc5f295e5fd5ce8ead313ea2c3a1b7822893cfb53097d9,oracle:pass+nop:fail
format-code-task-000160,code,python,strip-future-history@1>purge-build-caches@1>mtime-normalize@1>separate-verifier@2,sha256:c1b3ce9d39ff8e9718958b7a84f5c88c97b00953f07fc5258b6513b2d20cdbc2,derived/task-store/variants/mimo-v2.6-rl__format-code-task-000160/c1b3ce9d39ff,/Users/petermakhnatch/Developer/eval-lab-results/2026-10-07/HAR-191-oracle-sweep/tasks/format-code-task-000160/oracle/solution-patch.stdout.log,built,purge-installed-copies@1 skipped: scope is CONFIRMED_PURGE plus already-carried run packages (HAR-194 stance),sha256:6e67105d2c972c449345976b65467e36299a674c448b89e4cd5aceb9f3403775,oracle:pass+nop:fail
format-code-task-000161,code,python,strip-future-history@1>purge-build-caches@1>mtime-normalize@1>separate-verifier@2,sha256:28825a9eb14d26acf4dc92897d00b5f98d574d143db8bf4f475160b4f9875300,derived/task-store/variants/mimo-v2.6-rl__format-code-task-000161/28825a9eb14d,/Users/petermakhnatch/Developer/eval-lab-results/2026-10-07/HAR-191-oracle-sweep/tasks/format-code-task-000161/oracle/solution-patch.stdout.log,built,purge-installed-copies@1 skipped: scope is CONFIRMED_PURGE plus already-carried run packages (HAR-194 stance),sha256:eee3b18c925e21496850a51bdeaecf76d744c12299a37fc9aa56bc93b65d737c,oracle:pass+nop:fail
format-code-task-000163,code,python,strip-future-history@1>purge-build-caches@1>mtime-normalize@1>separate-verifier@2,sha256:6749856041b0e549e60681965aa898d73b8c5f5bceb9f45b315d012cafbd78b3,derived/task-store/variants/mimo-v2.6-rl__format-code-task-000163/6749856041b0,none,built,purge-installed-copies@1 skipped: scope is CONFIRMED_PURGE plus already-carried run packages (HAR-194 stance),sha256:8ea2622fd596cc6b631fd5980e7b9a940610ed3a00b78dad653f5b85a36a9049,
format-code-task-000164,code,python,strip-future-history@1>purge-build-caches@1>mtime-normalize@1>separate-verifier@2,sha256:29ed122c469ead7bf6a1930fd7bb82a973e4b884711be419655128271aca878d,derived/task-store/variants/mimo-v2.6-rl__format-code-task-000164/29ed122c469e,/Users/petermakhnatch/Developer/eval-lab-results/2026-10-07/HAR-191-oracle-sweep/tasks/format-code-task-000164/oracle/solution-patch.stdout.log,built,purge-installed-copies@1 skipped: scope is CONFIRMED_PURGE plus already-carried run packages (HAR-194 stance),sha256:1454cc25cff4fff1bc2e62ba0770971f295775bf52fbbaf14387870cfd913695,oracle:pass+nop:fail
format-code-task-000168,code,python,strip-future-history@1>purge-build-caches@1>mtime-normalize@1>separate-verifier@2,sha256:6b06ad4e5e52a2c4c222ffa88cdc7d78964a2739c7e856b7caa229c4bfaeeed1,derived/task-store/variants/mimo-v2.6-rl__format-code-task-000168/6b06ad4e5e52,none,built,purge-installed-copies@1 skipped: scope is CONFIRMED_PURGE plus already-carried run packages (HAR-194 stance),sha256:bf83366994e76767c8ee294f0c18885b9fc743da5bf2ac457bccfe734d75e07a,
format-code-task-000169,code,python,strip-future-history@1>purge-build-caches@1>mtime-normalize@1>separate-verifier@2,sha256:b9fa96e5a41913a7ddde383266b439c1eac31239ecad943189a8bac41bada669,derived/task-store/variants/mimo-v2.6-rl__format-code-task-000169/b9fa96e5a419,none,built,purge-installed-copies@1 skipped: scope is CONFIRMED_PURGE plus already-carried run packages (HAR-194 stance),sha256:8d85e8accf1b321af4c9a2a98855480a3e0899d0fac8a8574359d43f7957f141,
format-code-task-000171,code,python,strip-future-history@1>purge-build-caches@1>mtime-normalize@1>separate-verifier@2,sha256:2c965a921592a2bb8c6e2682c1e3850c7dc082c6ccd6a3e49559522e5c2acd7a,derived/task-store/variants/mimo-v2.6-rl__format-code-task-000171/2c965a921592,none,built,purge-installed-copies@1 skipped: scope is CONFIRMED_PURGE plus already-carried run packages (HAR-194 stance),sha256:7eb233b0aabe5596a103adda20da7edcede7578dc1dbe9c38b045bc5ca6fefee,
format-code-task-000175,code,python,strip-future-history@1>purge-build-caches@1>mtime-normalize@1>separate-verifier@2,sha256:1a3bfef83938a74a1c5482709418ba23e0046054a6e8d20f159893f38795f8f2,derived/task-store/variants/mimo-v2.6-rl__format-code-task-000175/1a3bfef83938,none,built,purge-installed-copies@1 skipped: scope is CONFIRMED_PURGE plus already-carried run packages (HAR-194 stance),sha256:3526edaea263c1af93b47b6d7244671ca7dc4f8e450039cca99c01f7d10da6b9,
format-code-task-000177,code,python,strip-future-history@1>purge-build-caches@1>mtime-normalize@1>separate-verifier@2,sha256:811af49b6a06124bc5f0c56e3102e2940094ea4854fc788e6d3857e8f31e9ce8,derived/task-store/variants/mimo-v2.6-rl__format-code-task-000177/811af49b6a06,none,built,purge-installed-copies@1 skipped: scope is CONFIRMED_PURGE plus already-carried run packages (HAR-194 stance),sha256:6e5bda64cf32afbd94b3ba88e78a6997e540feac7ba65134f45a6b169b3ce907,
format-code-task-000178,code,python,strip-future-history@1>purge-build-caches@1>mtime-normalize@1>separate-verifier@2,sha256:266fb867cbca628fbdbe3008d0ac9d5a6bddf9cc3c76e73a92792c46c26158de,derived/task-store/variants/mimo-v2.6-rl__format-code-task-000178/266fb867cbca,none,built,purge-installed-copies@1 skipped: scope is CONFIRMED_PURGE plus already-carried run packages (HAR-194 stance),sha256:4acbb25f7a7c8081a04924bb71882d541b8f7365d0013011b568c78af632b619,
format-code-task-000179,code,python,strip-future-history@1>purge-build-caches@1>mtime-normalize@1>separate-verifier@2,sha256:de449819ac6ea906f8b78256b6e0945e5e22b020d1134fc67cea51c4cf0205ba,derived/task-store/variants/mimo-v2.6-rl__format-code-task-000179/de449819ac6e,none,built,purge-installed-copies@1 skipped: scope is CONFIRMED_PURGE plus already-carried run packages (HAR-194 stance),sha256:19fddc7833fafec0238ba2339a6785ce57f9f161882da1b32a6075fd63115a61,
format-code-task-000181,code,python,strip-future-history@1>purge-build-caches@1>mtime-normalize@1>separate-verifier@2,sha256:0f43dfa235e7af5502cae83ba132e9bf1c69f85a44b4b4782ba2daf6c6ec64fd,derived/task-store/variants/mimo-v2.6-rl__format-code-task-000181/0f43dfa235e7,none,built,purge-installed-copies@1 skipped: scope is CONFIRMED_PURGE plus already-carried run packages (HAR-194 stance),sha256:dd3490a2a0fe47ce24f35ee4c5a53e2289620c90f35bd08be9fd514c97aeb56b,
format-code-task-000182,code,python,strip-future-history@1>purge-build-caches@1>mtime-normalize@1>separate-verifier@2,sha256:259bfd929e8d16d70efe61b603dcf3eaa92e8bdcc2151f4c9c9f29515e6d539e,derived/task-store/variants/mimo-v2.6-rl__format-code-task-000182/259bfd929e8d,none,built,purge-installed-copies@1 skipped: scope is CONFIRMED_PURGE plus already-carried run packages (HAR-194 stance),sha256:6a34fd8a5f06facdbed26bca5232e77475ff1cd1f0c199fcccc297cefe411920,
format-code-task-000183,code,python,,,,none,skipped,ledger verdict=discard status=discarded: grade unconfirmed: pytest segfaults (exit 139) in the compiled parcels/scipy stack during the census nop (har115-nop-000183); no diagnosed environment repair,sha256:6646e34b5035f26f972f8c44f7a5b9b762437d062a21499b0b39efb871a08e83,
format-code-task-000189,code,python,strip-future-history@1>purge-build-caches@1>mtime-normalize@1>separate-verifier@2,sha256:6c7afc33a9599d51d61094130a4e73936adc6f4cdcbf2ead32fa9be7ec2e0e51,derived/task-store/variants/mimo-v2.6-rl__format-code-task-000189/6c7afc33a959,none,built,purge-installed-copies@1 skipped: scope is CONFIRMED_PURGE plus already-carried run packages (HAR-194 stance),sha256:cac17495c301ec3b9fc745ee670db613b0ad7553867e992f26c4fc22fb9682a4,
format-code-task-000190,code,python,strip-future-history@1>purge-build-caches@1>mtime-normalize@1>separate-verifier@2,sha256:4812d905accb12dcaa414f23a45dfe39df7d56ae0ad697b4f943fb1c6d02f206,derived/task-store/variants/mimo-v2.6-rl__format-code-task-000190/4812d905accb,none,built,purge-installed-copies@1 skipped: scope is CONFIRMED_PURGE plus already-carried run packages (HAR-194 stance),sha256:dd4c842c8aeedd04d9d13587946a1a5319e423804fe96896ec27310ae2a3b504,
format-code-task-000191,code,python,strip-future-history@1>purge-build-caches@1>mtime-normalize@1>separate-verifier@2,sha256:88e9dffa11d891e199a140bbb87acb634298a667bf32416192c886a2fe39e9e1,derived/task-store/variants/mimo-v2.6-rl__format-code-task-000191/88e9dffa11d8,none,built,purge-installed-copies@1 skipped: scope is CONFIRMED_PURGE plus already-carried run packages (HAR-194 stance),sha256:3d656d1f34ea0c86227b4737e7e98c13da5ebecc94af8729148aea06e476bb9e,
format-code-task-000195,code,python,strip-future-history@1>purge-build-caches@1>mtime-normalize@1>separate-verifier@2,sha256:6d86a2bd820b487cc8817b2a0c1b8024a75c6448a18c14b0b759d2964f6f93f3,derived/task-store/variants/mimo-v2.6-rl__format-code-task-000195/6d86a2bd820b,none,built,purge-installed-copies@1 skipped: scope is CONFIRMED_PURGE plus already-carried run packages (HAR-194 stance),sha256:886c592f27f75e08dd102c9ac4b47e5b4d8eb9cd49507d5d7cbd4c18bd608c75,
format-code-task-000199,code,python,strip-future-history@1>purge-build-caches@1>mtime-normalize@1>separate-verifier@2,sha256:bd4475d92f56298c1319ae30d4a634ee6e77a07e97b8d6933dbc62a9a8618fe3,derived/task-store/variants/mimo-v2.6-rl__format-code-task-000199/bd4475d92f56,none,built,purge-installed-copies@1 skipped: scope is CONFIRMED_PURGE plus already-carried run packages (HAR-194 stance),sha256:03258691dfb070e1fc4ca4ac964c113089ad753210a032fa3c0c045d68dc7380,
format-code-task-000200,code,python,strip-future-history@1>purge-build-caches@1>mtime-normalize@1>separate-verifier@2,sha256:1ee84d6114ab91f83400fe45418b1a104a2864ea416d6b361c6c42f2bade37d3,derived/task-store/variants/mimo-v2.6-rl__format-code-task-000200/1ee84d6114ab,none,built,purge-installed-copies@1 skipped: scope is CONFIRMED_PURGE plus already-carried run packages (HAR-194 stance),sha256:f2a8d6f65695032f4b231fe7388a6cf70a7d38b1a1ef6ee593cc58847c5ab658,
format-code-task-000201,code,python,strip-future-history@1>purge-build-caches@1>mtime-normalize@1>separate-verifier@2,sha256:20055d7f1276f9f4be3165fdb798a589de58f721d428517ee39bb5e130ae6c6d,derived/task-store/variants/mimo-v2.6-rl__format-code-task-000201/20055d7f1276,none,built,purge-installed-copies@1 skipped: scope is CONFIRMED_PURGE plus already-carried run packages (HAR-194 stance),sha256:017cd9942a780fb0c8c42c30fdf5a708f144d4f32cfd1d3413d1a16a25767a9d,
format-code-task-000202,code,python,strip-future-history@1>purge-build-caches@1>mtime-normalize@1>separate-verifier@2,sha256:f145af22fb1ebd58c1b1d1377290fb492177cc3d730d9bb8d98bceabb26bfeee,derived/task-store/variants/mimo-v2.6-rl__format-code-task-000202/f145af22fb1e,none,built,purge-installed-copies@1 skipped: scope is CONFIRMED_PURGE plus already-carried run packages (HAR-194 stance),sha256:251f900851fb46e42a06c1b826c0c3a01b4e1d8b91b1926f9480985e275951d6,
format-code-task-000203,code,python,strip-future-history@1>purge-build-caches@1>mtime-normalize@1>separate-verifier@2,sha256:93888e7d38e65623ad5e18646db3a7885a0eaec7448cfb96340c0bd5e7437b9c,derived/task-store/variants/mimo-v2.6-rl__format-code-task-000203/93888e7d38e6,none,built,purge-installed-copies@1 skipped: scope is CONFIRMED_PURGE plus already-carried run packages (HAR-194 stance),sha256:e9d88e66bcd6cc41b38ee7085bd4b478e9ae42095ee753c06cd1a6ced20b9aa1,
format-code-task-000204,code,python,strip-future-history@1>purge-build-caches@1>mtime-normalize@1>separate-verifier@2,sha256:871bb4569dc61b3a09c069478194a2dd17e32def80e567195ca7792603a0b5b6,derived/task-store/variants/mimo-v2.6-rl__format-code-task-000204/871bb4569dc6,none,built,purge-installed-copies@1 skipped: scope is CONFIRMED_PURGE plus already-carried run packages (HAR-194 stance),sha256:0ea560d2dd17cd81f098defdbc541495df05b615b1d3511bef0b3beea98236c0,
format-code-task-000209,code,python,strip-future-history@1>purge-build-caches@1>mtime-normalize@1>separate-verifier@2,sha256:60af20a7e73b017d72b3456b1af0fef844706d4ccbffbcf42cb9c780e69447c8,derived/task-store/variants/mimo-v2.6-rl__format-code-task-000209/60af20a7e73b,none,built,purge-installed-copies@1 skipped: scope is CONFIRMED_PURGE plus already-carried run packages (HAR-194 stance),sha256:ab53489f28b44da59e43a804776bc9470ebaa6b30023c982124da1a75718bb47,
format-code-task-000211,code,python,strip-future-history@1>purge-build-caches@1>mtime-normalize@1>separate-verifier@2,sha256:d4d7a84f9670baa6751b8f812c08064560923811be9c4b73f21d1056981951d8,derived/task-store/variants/mimo-v2.6-rl__format-code-task-000211/d4d7a84f9670,none,built,purge-installed-copies@1 skipped: scope is CONFIRMED_PURGE plus already-carried run packages (HAR-194 stance),sha256:6bad3e9e93b9fc34050bd69af4cfc73bea4e73b38ad512ab2b96b72af2b3b6bb,
format-code-task-000212,code,python,strip-future-history@1>purge-build-caches@1>mtime-normalize@1>separate-verifier@2,sha256:ae1979c1207474182ec0c44a2cc321731457ed410684025499526b1d06e95150,derived/task-store/variants/mimo-v2.6-rl__format-code-task-000212/ae1979c12074,none,built,purge-installed-copies@1 skipped: scope is CONFIRMED_PURGE plus already-carried run packages (HAR-194 stance),sha256:7c28e5ecb8e4ba63dd160840bd7067480607f17913c664ea48cef3150e3b4824,
format-code-task-000213,code,python,strip-future-history@1>purge-build-caches@1>mtime-normalize@1>separate-verifier@2,sha256:9a6cd4aa79d5dbb103f687bc71246694d0ab691dba17b73230e72416118ef049,derived/task-store/variants/mimo-v2.6-rl__format-code-task-000213/9a6cd4aa79d5,none,built,purge-installed-copies@1 skipped: scope is CONFIRMED_PURGE plus already-carried run packages (HAR-194 stance),sha256:4f9403fb0e6b55717512908c1bb6c058d0115e8ce52702a83515a35ca05e9052,
format-code-task-000215,code,python,strip-future-history@1>purge-build-caches@1>mtime-normalize@1>separate-verifier@2,sha256:94d91c9909e164710c5ef8a07adb6709c2ab9e1be2648551a26db64f06b330d6,derived/task-store/variants/mimo-v2.6-rl__format-code-task-000215/94d91c9909e1,none,built,purge-installed-copies@1 skipped: scope is CONFIRMED_PURGE plus already-carried run packages (HAR-194 stance),sha256:1f580a4c02263d992194b98602fdb06f955492495718d555f867fdf4ef92755a,
format-code-task-000216,code,python,strip-future-history@1>purge-build-caches@1>mtime-normalize@1>separate-verifier@2,sha256:6d5020546aa2ecfdbe9843b9351537958ccbedf008734ecc5d135281f087b706,derived/task-store/variants/mimo-v2.6-rl__format-code-task-000216/6d5020546aa2,none,built,purge-installed-copies@1 skipped: scope is CONFIRMED_PURGE plus already-carried run packages (HAR-194 stance),sha256:b94bf9cb8967d679db54923fb08ed9a9cfb5bc4dd4340853679128f8cf8df1d1,
format-code-task-000219,code,python,strip-future-history@1>purge-build-caches@1>mtime-normalize@1>separate-verifier@2,sha256:efc9b6fa841b01dfd268851c77fd0dc31b2f6f584847c9e982a975cf1e632a09,derived/task-store/variants/mimo-v2.6-rl__format-code-task-000219/efc9b6fa841b,none,built,purge-installed-copies@1 skipped: scope is CONFIRMED_PURGE plus already-carried run packages (HAR-194 stance),sha256:a95830af84b1d63fda7962c838f0dc65f8426bbc437be25ad9ae7b7c581b4431,
format-code-task-000220,code,python,strip-future-history@1>purge-build-caches@1>mtime-normalize@1>separate-verifier@2,sha256:0cd62c324b34735886e903b5df4bcd39f78d6b68a2dff8a4978382eb0daaa7f9,derived/task-store/variants/mimo-v2.6-rl__format-code-task-000220/0cd62c324b34,none,built,purge-installed-copies@1 skipped: scope is CONFIRMED_PURGE plus already-carried run packages (HAR-194 stance),sha256:033658cae2ea50b003510f2958ba0e5fd40dbc914d094338ad39d58eb253b119,
format-code-task-000221,code,python,strip-future-history@1>purge-build-caches@1>mtime-normalize@1>separate-verifier@2,sha256:5709e6db26cdb347c92a4a317bf9935e9b9eb6195353148a0186146b9d297224,derived/task-store/variants/mimo-v2.6-rl__format-code-task-000221/5709e6db26cd,none,built,purge-installed-copies@1 skipped: scope is CONFIRMED_PURGE plus already-carried run packages (HAR-194 stance),sha256:fccbb140250905ffbef839802934ab9254f272dfa42609f9dad0d067d38d73ad,
format-code-task-000222,code,python,strip-future-history@1>purge-build-caches@1>mtime-normalize@1>separate-verifier@2,sha256:e248f844aaa41251c27f453ba7779acdbeace5311a26584b292359471ee9b309,derived/task-store/variants/mimo-v2.6-rl__format-code-task-000222/e248f844aaa4,none,built,purge-installed-copies@1 skipped: scope is CONFIRMED_PURGE plus already-carried run packages (HAR-194 stance),sha256:ab4f495fc7a19f57461cd98a07e2000b48785344bd6f0707bc7514fa80c8b03d,
format-code-task-000223,code,python,strip-future-history@1>purge-build-caches@1>mtime-normalize@1>separate-verifier@2,sha256:b78216fbc0b819d3a684e8bacd48ac16cda425cb97a409b1c4ae153d4c219bdd,derived/task-store/variants/mimo-v2.6-rl__format-code-task-000223/b78216fbc0b8,none,built,purge-installed-copies@1 skipped: scope is CONFIRMED_PURGE plus already-carried run packages (HAR-194 stance),sha256:7e0ab7b2431e294bed578ff12ddeadd93e38affe051ba30e00655c3c774874b1,
format-code-task-000224,code,python,strip-future-history@1>purge-build-caches@1>mtime-normalize@1>separate-verifier@2,sha256:22864e3121b2ae75833b03ffa44d5150fdb3e8bee46c717c3bb43cea2ea6da78,derived/task-store/variants/mimo-v2.6-rl__format-code-task-000224/22864e3121b2,none,built,purge-installed-copies@1 skipped: scope is CONFIRMED_PURGE plus already-carried run packages (HAR-194 stance),sha256:f941825ac4514e5deeffb2a0d79a1db141d2d149f0b9c7de54014f80fe337ae2,
format-code-task-000225,code,python,strip-future-history@1>purge-build-caches@1>mtime-normalize@1>separate-verifier@2,sha256:af2fd19f5761967efbcba9a2b918d709edec695f5e4159ab99ac9cf6563025cd,derived/task-store/variants/mimo-v2.6-rl__format-code-task-000225/af2fd19f5761,none,built,purge-installed-copies@1 skipped: scope is CONFIRMED_PURGE plus already-carried run packages (HAR-194 stance),sha256:cbecf3e09a7057e3bbee11772676e93405a4382b3872c4f0e2215b02e048e9cb,
format-code-task-000226,code,python,strip-future-history@1>purge-build-caches@1>mtime-normalize@1>separate-verifier@2,sha256:b25f27d3ffd8049d15f839a4744884954f2ccbe5222598be87e023528151def1,derived/task-store/variants/mimo-v2.6-rl__format-code-task-000226/b25f27d3ffd8,none,built,purge-installed-copies@1 skipped: scope is CONFIRMED_PURGE plus already-carried run packages (HAR-194 stance),sha256:9666803bf54883a0c0a7bc2741a448be0d77fc8faa159af0bde02ab9633d7b4b,
format-code-task-000227,code,python,strip-future-history@1>purge-build-caches@1>mtime-normalize@1>separate-verifier@2,sha256:41b0f3bb79bc996b2c367b0ae5a3c4086a9456e35893b1868a3f52bb9b4829c2,derived/task-store/variants/mimo-v2.6-rl__format-code-task-000227/41b0f3bb79bc,/Users/petermakhnatch/Developer/eval-lab-results/2026-10-07/HAR-191-oracle-sweep/tasks/format-code-task-000227/oracle/solution-patch.stdout.log,built,purge-installed-copies@1 skipped: scope is CONFIRMED_PURGE plus already-carried run packages (HAR-194 stance),sha256:611f1bc3e8dfe77818f05bd368336c4af13e2ad3799e3ac97c7165b2c9dae792,oracle:pass+nop:fail
format-code-task-000228,code,python,strip-future-history@1>purge-build-caches@1>mtime-normalize@1>separate-verifier@2,sha256:3d6b06f4543a38c029be2b43e6864c5ffb8efd9a5aabfa83b9cf801735dbedcb,derived/task-store/variants/mimo-v2.6-rl__format-code-task-000228/3d6b06f4543a,none,built,purge-installed-copies@1 skipped: scope is CONFIRMED_PURGE plus already-carried run packages (HAR-194 stance),sha256:7e43e8d0c2a8eea3cb3fdcb4f18d056155d569a06febd3f01ece7c0f43f814b6,
format-code-task-000229,code,python,strip-future-history@1>purge-build-caches@1>mtime-normalize@1>separate-verifier@2,sha256:d97ce7db415f348dbfd54b229c0ac6752c5751d7a5cfbe604ca26599ff430d02,derived/task-store/variants/mimo-v2.6-rl__format-code-task-000229/d97ce7db415f,none,built,purge-installed-copies@1 skipped: scope is CONFIRMED_PURGE plus already-carried run packages (HAR-194 stance),sha256:2171063bf8180db6f37271af6028ead850001b2433f380880548f755537c124a,
format-code-task-000230,code,python,strip-future-history@1>purge-build-caches@1>mtime-normalize@1>separate-verifier@2,sha256:88b9a718d9a2abb933480f9d2f74deb5ef731182cccf8566914621de5d11e6af,derived/task-store/variants/mimo-v2.6-rl__format-code-task-000230/88b9a718d9a2,none,built,purge-installed-copies@1 skipped: scope is CONFIRMED_PURGE plus already-carried run packages (HAR-194 stance),sha256:1cbdcd7da3356107acdd8b17bb6a975aa208dbe4b230dff254b1d26434a49c80,
format-code-task-000232,code,python,strip-future-history@1>purge-build-caches@1>mtime-normalize@1>separate-verifier@2,sha256:444e64b27381afc58da9d8de3f9d9b3b0467ab8d92dda248af4f6ffd802d1330,derived/task-store/variants/mimo-v2.6-rl__format-code-task-000232/444e64b27381,none,built,purge-installed-copies@1 skipped: scope is CONFIRMED_PURGE plus already-carried run packages (HAR-194 stance),sha256:627d6082cbe17636ef46359720c693ceb22983935209f0d3928ef00998c64fda,
format-code-task-000233,code,python,strip-future-history@1>purge-build-caches@1>mtime-normalize@1>separate-verifier@2,sha256:4365045cbe327601d4787af509f5d69d5455e1a5375d4e0f991ba6e5b412b3ab,derived/task-store/variants/mimo-v2.6-rl__format-code-task-000233/4365045cbe32,none,built,purge-installed-copies@1 skipped: scope is CONFIRMED_PURGE plus already-carried run packages (HAR-194 stance),sha256:97258faf681985160ea8f5a6088f045b4cff1f7f868425a7af00c72125023d29,
format-code-task-000234,code,python,strip-future-history@1>purge-build-caches@1>mtime-normalize@1>separate-verifier@2,sha256:7064dea391c7a97f8c1be30aa52633ad6c47f95ddbf9702cbd9c6c02a4d4686d,derived/task-store/variants/mimo-v2.6-rl__format-code-task-000234/7064dea391c7,none,built,purge-installed-copies@1 skipped: scope is CONFIRMED_PURGE plus already-carried run packages (HAR-194 stance),sha256:cf91aae65f3b2247d7b682abbad778dc775886988f773d276392d9003f4edf06,
format-code-task-000235,code,python,strip-future-history@1>purge-build-caches@1>mtime-normalize@1>separate-verifier@2,sha256:838ff4e032ba5d1c2a706f93bd62945170971c45462dd3e9430ee78e2c53c869,derived/task-store/variants/mimo-v2.6-rl__format-code-task-000235/838ff4e032ba,none,built,purge-installed-copies@1 skipped: scope is CONFIRMED_PURGE plus already-carried run packages (HAR-194 stance),sha256:75995c741f04bee7bacff04e3fc4a0c97670c40bc1e5138e4112a92af5269c7d,
format-code-task-000237,code,python,strip-future-history@1>purge-build-caches@1>mtime-normalize@1>separate-verifier@2,sha256:f0bc7a7888a3d8d66a3201b4b995ed1ed76c0f423a625848fb8af061224ff9ac,derived/task-store/variants/mimo-v2.6-rl__format-code-task-000237/f0bc7a7888a3,none,built,purge-installed-copies@1 skipped: scope is CONFIRMED_PURGE plus already-carried run packages (HAR-194 stance),sha256:5929118977d41f2037b29e91cfa735990b5a6842dc818fbdc9b60c8276a85a16,
format-code-task-000238,code,python,,,,none,skipped,"ledger verdict=discard status=discarded: broken environment, no known repair: /testbed/.build_env/test_command.sh: line 4: cargo: command not found (env-login-path@2 rejected on its nop)",sha256:63546e7b655c34ed0c1615ddc0f89d4349981fe309ff7f04c0600b5628ef0bd2,
format-code-task-000239,code,python,strip-future-history@1>purge-build-caches@1>mtime-normalize@1>separate-verifier@2,sha256:0d9f5d5708703c41686b3e7dc8fa1f030a2331497b6780889a4d14281f386b8a,derived/task-store/variants/mimo-v2.6-rl__format-code-task-000239/0d9f5d570870,none,built,purge-installed-copies@1 skipped: scope is CONFIRMED_PURGE plus already-carried run packages (HAR-194 stance),sha256:aa37c5c33a1338e1beb977815bc49b8bec87737f4ac67bbc3625b27d9c81fde7,
format-code-task-000241,code,python,strip-future-history@1>purge-build-caches@1>mtime-normalize@1>separate-verifier@2,sha256:b933f9bc0702dd9d0399855d77c6781b95528514bd6c90b9be2d5c9d48401360,derived/task-store/variants/mimo-v2.6-rl__format-code-task-000241/b933f9bc0702,none,built,purge-installed-copies@1 skipped: scope is CONFIRMED_PURGE plus already-carried run packages (HAR-194 stance),sha256:a1609c5fda2ac2460153f53bd3653a8d92a33d6387865639d716a47ae5f0b2c9,
format-code-task-000242,code,python,strip-future-history@1>purge-build-caches@1>mtime-normalize@1>separate-verifier@2,sha256:017b5455a9566e426fe1e27f825c4227bcc782731fa16b3f023f55b4ecf8d9ca,derived/task-store/variants/mimo-v2.6-rl__format-code-task-000242/017b5455a956,/Users/petermakhnatch/Developer/eval-lab-results/2026-10-07/HAR-191-oracle-sweep/tasks/format-code-task-000242/oracle/solution-patch.stdout.log,built,purge-installed-copies@1 skipped: scope is CONFIRMED_PURGE plus already-carried run packages (HAR-194 stance),sha256:3755ded9b1e93620e6212baa4336fc1acc1ffe4f7dbbf109c834a6f0d37ec877,oracle:pass+nop:fail
format-code-task-000253,code,python,strip-future-history@1>purge-build-caches@1>mtime-normalize@1>separate-verifier@2,sha256:c6fdd9dc45240be45d61b8cb25c0db12e731e44df5166efd69930bccaf665e55,derived/task-store/variants/mimo-v2.6-rl__format-code-task-000253/c6fdd9dc4524,none,built,purge-installed-copies@1 skipped: scope is CONFIRMED_PURGE plus already-carried run packages (HAR-194 stance),sha256:c980eaa5b15e3429fef447e121d7a240bb11a6c4218fa527763494f5a72f7764,
format-code-task-000255,code,python,strip-future-history@1>purge-build-caches@1>mtime-normalize@1>separate-verifier@2,sha256:0eac4ceb68c3bc3b060e11d7e7a8760869d8f0176bb6811026498ae8713a7475,derived/task-store/variants/mimo-v2.6-rl__format-code-task-000255/0eac4ceb68c3,none,built,purge-installed-copies@1 skipped: scope is CONFIRMED_PURGE plus already-carried run packages (HAR-194 stance),sha256:4a804984d6fb62bd028cf7bff81ca4b879f2e98d42f57a4172e211d30d74a247,
format-code-task-000256,code,python,strip-future-history@1>purge-build-caches@1>mtime-normalize@1>separate-verifier@2,sha256:9033f21bc7a7af8faebd8a464801ca3dd3ff22d1bdecd692c3b4d0a9a77adfaa,derived/task-store/variants/mimo-v2.6-rl__format-code-task-000256/9033f21bc7a7,none,built,purge-installed-copies@1 skipped: scope is CONFIRMED_PURGE plus already-carried run packages (HAR-194 stance),sha256:914030707bce61e7141482a86286827f0cdf086d959d80751f4698fe433fb0c1,
format-code-task-000257,code,python,strip-future-history@1>purge-build-caches@1>mtime-normalize@1>separate-verifier@2,sha256:d1bf2185a47874447ed6d78b0df6633e647f0622b22c277abf68de962ff02ada,derived/task-store/variants/mimo-v2.6-rl__format-code-task-000257/d1bf2185a478,none,built,purge-installed-copies@1 skipped: scope is CONFIRMED_PURGE plus already-carried run packages (HAR-194 stance),sha256:e401caa0d2972fb928603eccb0291230bd948145e52c6cfe44b71bf551ec3342,
format-code-task-000262,code,python,strip-future-history@1>purge-build-caches@1>mtime-normalize@1>separate-verifier@2,sha256:5adcd1a2d83fcb69f6541334dbace58094986463cf35244d1e01b155fb8d718f,derived/task-store/variants/mimo-v2.6-rl__format-code-task-000262/5adcd1a2d83f,none,built,purge-installed-copies@1 skipped: scope is CONFIRMED_PURGE plus already-carried run packages (HAR-194 stance),sha256:dc95e90ebaceb0aa2c1348e885b8e8ee9f1bbd7af07f184701a9519d7578b930,
format-code-task-000263,code,python,strip-future-history@1>purge-build-caches@1>mtime-normalize@1>separate-verifier@2,sha256:c46efabc3049de23d33879bb3718200e0723e032c9de64e5b76e98bbd5b8f7e3,derived/task-store/variants/mimo-v2.6-rl__format-code-task-000263/c46efabc3049,none,built,purge-installed-copies@1 skipped: scope is CONFIRMED_PURGE plus already-carried run packages (HAR-194 stance),sha256:b72f688bebfd9abe16724f861b9015c66c4107e01644b3937e9658330af6c697,
format-code-task-000264,code,python,strip-future-history@1>purge-build-caches@1>mtime-normalize@1>separate-verifier@2,sha256:65925dffd4ccdbf56db1d0eb8d88169bd2924561e99615e6efbaebe8f00d3ded,derived/task-store/variants/mimo-v2.6-rl__format-code-task-000264/65925dffd4cc,none,built,purge-installed-copies@1 skipped: scope is CONFIRMED_PURGE plus already-carried run packages (HAR-194 stance),sha256:ce98132fb34d38c2fb1f52ae21c5f47d2fc90a39f74dc3c01360d2abaf6d648b,
format-code-task-000272,code,python,strip-future-history@1>purge-build-caches@1>mtime-normalize@1>separate-verifier@2,sha256:a11ef447688f401d26e5a3bac14da2eda5946dbba6a52354ed209275b708ea86,derived/task-store/variants/mimo-v2.6-rl__format-code-task-000272/a11ef447688f,none,built,purge-installed-copies@1 skipped: scope is CONFIRMED_PURGE plus already-carried run packages (HAR-194 stance),sha256:7d3cf69d09a090faf0ad559a8f09d88681e316bef7c6fd20c9a5f2eae33cec86,
format-code-task-000273,code,python,strip-future-history@1>purge-build-caches@1>mtime-normalize@1>separate-verifier@2,sha256:bce48959755c988b6fdd5375c5004a3a4d83740e81e2d8b7990cd2acd7184814,derived/task-store/variants/mimo-v2.6-rl__format-code-task-000273/bce48959755c,none,built,purge-installed-copies@1 skipped: scope is CONFIRMED_PURGE plus already-carried run packages (HAR-194 stance),sha256:9ff083c99d4457d8d70cca0f6cead503fdd352b7c13441afd95ae4a1105dca14,
format-code-task-000275,code,python,strip-future-history@1>purge-build-caches@1>mtime-normalize@1>separate-verifier@2,sha256:d62a7df7bfb1c9a7cc1ae8598c0322bb26026c57ee51da34a007f7b8a612e180,derived/task-store/variants/mimo-v2.6-rl__format-code-task-000275/d62a7df7bfb1,none,built,purge-installed-copies@1 skipped: scope is CONFIRMED_PURGE plus already-carried run packages (HAR-194 stance),sha256:832d90b15fcccdf589da9d69394c57fac36dc0adbe9c28dbac139a96e0f81198,
format-code-task-000279,code,python,strip-future-history@1>purge-build-caches@1>mtime-normalize@1>separate-verifier@2,sha256:a246d8ef21bfee391621e713aa695a60e4fd97656d384c3ee02db84a5f762839,derived/task-store/variants/mimo-v2.6-rl__format-code-task-000279/a246d8ef21bf,none,built,purge-installed-copies@1 skipped: scope is CONFIRMED_PURGE plus already-carried run packages (HAR-194 stance),sha256:90617bb3db74d083f03f1ac5911c8824e116dffe0bdc2ea40cfc48c44dab6cc6,
format-code-task-000281,code,python,strip-future-history@1>purge-build-caches@1>mtime-normalize@1>separate-verifier@2,sha256:81f57c1698fa10c7811417421a89d6cd9a5aa07933054fab20d5f2e633d19e2b,derived/task-store/variants/mimo-v2.6-rl__format-code-task-000281/81f57c1698fa,none,built,purge-installed-copies@1 skipped: scope is CONFIRMED_PURGE plus already-carried run packages (HAR-194 stance),sha256:2f1a8ef472434bbf59bfbce832266b4fa998a838173a679a44e13c77c9725beb,
format-code-task-000285,code,python,strip-future-history@1>purge-build-caches@1>mtime-normalize@1>separate-verifier@2,sha256:1c42aa14f125741944dd1a9e187e01974de8848ad0e26e333346e66ed192872b,derived/task-store/variants/mimo-v2.6-rl__format-code-task-000285/1c42aa14f125,none,built,purge-installed-copies@1 skipped: scope is CONFIRMED_PURGE plus already-carried run packages (HAR-194 stance),sha256:598c6f337b9b26bc1ea8ada9c33dfeb19667017d58932e19df801b44e7f3aa79,
format-code-task-000296,code,python,strip-future-history@1>purge-build-caches@1>mtime-normalize@1>separate-verifier@2,sha256:0e42365dc3f7d551d914f5f4a43de0c7b72f69a00ba0b0cb4376fc52c5df7675,derived/task-store/variants/mimo-v2.6-rl__format-code-task-000296/0e42365dc3f7,none,built,purge-installed-copies@1 skipped: scope is CONFIRMED_PURGE plus already-carried run packages (HAR-194 stance),sha256:e16790b847a9aa038009c3e282962b5ccbfacf15a367c9966a12e1abecca7a05,
format-code-task-000297,code,python,strip-future-history@1>purge-build-caches@1>mtime-normalize@1>separate-verifier@2,sha256:baf4f17aa73ced888018ea17f12ff63e5eec8e58c9eb16078e8036531879926f,derived/task-store/variants/mimo-v2.6-rl__format-code-task-000297/baf4f17aa73c,/Users/petermakhnatch/Developer/eval-lab-results/2026-10-07/HAR-191-oracle-sweep/tasks/format-code-task-000297/oracle/solution-patch.stdout.log,built,purge-installed-copies@1 skipped: scope is CONFIRMED_PURGE plus already-carried run packages (HAR-194 stance),sha256:f9cdd753b444487b59455b259935b5a2597c12ebbd862f3c7d42353430f18a83,oracle:pass+nop:fail
format-code-task-000302,code,python,strip-future-history@1>purge-build-caches@1>mtime-normalize@1>separate-verifier@2,sha256:88961a68b454749a4f2805ac66fe8a294ca15550e58b1899cbe2570fec48dfec,derived/task-store/variants/mimo-v2.6-rl__format-code-task-000302/88961a68b454,/Users/petermakhnatch/Developer/eval-lab-results/2026-10-07/HAR-191-oracle-sweep/tasks/format-code-task-000302/oracle/solution-patch.stdout.log,built,purge-installed-copies@1 skipped: scope is CONFIRMED_PURGE plus already-carried run packages (HAR-194 stance),sha256:8f02885733b664a5a489f0e5d2499acc6c46f6dd1070fbd5678d3be3bd716092,oracle:pass+nop:fail
format-code-task-000306,code,python,strip-future-history@1>purge-build-caches@1>mtime-normalize@1>separate-verifier@2,sha256:45bae08ebde14298a7b1ca3c259c457d9d775f1395c8d21436d31b349609371b,derived/task-store/variants/mimo-v2.6-rl__format-code-task-000306/45bae08ebde1,none,built,purge-installed-copies@1 skipped: scope is CONFIRMED_PURGE plus already-carried run packages (HAR-194 stance),sha256:1293e51b565da9174df3282adc5636d2052e64980c5395907175502885998a16,
format-code-task-000310,code,python,strip-future-history@1>purge-build-caches@1>mtime-normalize@1>separate-verifier@2,sha256:760ac2dcebaa4a22d75fc2eb8143872b715bf65927ae5531d44ac8d56d899426,derived/task-store/variants/mimo-v2.6-rl__format-code-task-000310/760ac2dcebaa,none,built,purge-installed-copies@1 skipped: scope is CONFIRMED_PURGE plus already-carried run packages (HAR-194 stance),sha256:2119935866004ebd50a2b7217588b4fafc99c749d952b7e74157e86089657229,
format-code-task-000311,code,python,strip-future-history@1>purge-build-caches@1>mtime-normalize@1>separate-verifier@2,sha256:6063e1f7974fad78a11c777aaad918d3784372cf1586a3675dbddfe597794dee,derived/task-store/variants/mimo-v2.6-rl__format-code-task-000311/6063e1f7974f,/Users/petermakhnatch/Developer/eval-lab-results/2026-10-07/HAR-191-oracle-sweep/tasks/format-code-task-000311/oracle/solution-patch.stdout.log,built,purge-installed-copies@1 skipped: scope is CONFIRMED_PURGE plus already-carried run packages (HAR-194 stance),sha256:705beedf9494d7892c6f4f801d8ceb99ce63e715be7747d56376767db4fb7c1b,oracle:pass+nop:fail
format-code-task-000312,code,python,strip-future-history@1>purge-build-caches@1>mtime-normalize@1>separate-verifier@2,sha256:620a11d66a4d85f22b0e772e8394fc342107b96106bac1dca03635aab497e0d1,derived/task-store/variants/mimo-v2.6-rl__format-code-task-000312/620a11d66a4d,none,built,purge-installed-copies@1 skipped: scope is CONFIRMED_PURGE plus already-carried run packages (HAR-194 stance),sha256:64d4bc23e17274e449053a7d8cca2cd17c8b5aa713375f82fd5f6a86f1ede4d6,
format-code-task-000313,code,python,strip-future-history@1>purge-build-caches@1>mtime-normalize@1>separate-verifier@2,sha256:0dcce3580cb628e8c9ee0865b3148ce4f8f60f9280adad93bd9e3d79890fb8e1,derived/task-store/variants/mimo-v2.6-rl__format-code-task-000313/0dcce3580cb6,/Users/petermakhnatch/Developer/eval-lab-results/2026-10-07/HAR-191-oracle-sweep/tasks/format-code-task-000313/oracle/solution-patch.stdout.log,built,purge-installed-copies@1 skipped: scope is CONFIRMED_PURGE plus already-carried run packages (HAR-194 stance),sha256:c569585b81afe956cb25cddd0ab5376ff3466907b59990153bf88f483d92adf6,oracle:pass+nop:fail
format-code-task-000315,code,python,strip-future-history@1>purge-build-caches@1>mtime-normalize@1>separate-verifier@2,sha256:0d2e2e2786dc4564b7671653659d8a349bf04b7eb79b43ddea701afe4dbc8c90,derived/task-store/variants/mimo-v2.6-rl__format-code-task-000315/0d2e2e2786dc,none,built,purge-installed-copies@1 skipped: scope is CONFIRMED_PURGE plus already-carried run packages (HAR-194 stance),sha256:51779b44b442a5bc848fa4f4254044a9d85decba9d6e216cbef14fe9eda2c51c,
format-code-task-000318,code,python,strip-future-history@1>purge-build-caches@1>mtime-normalize@1>separate-verifier@2,sha256:ec19ccdbfe25d38065596a17650d276435c5e74aec07ad566b2ad58cd5843f77,derived/task-store/variants/mimo-v2.6-rl__format-code-task-000318/ec19ccdbfe25,/Users/petermakhnatch/Developer/eval-lab-results/2026-10-07/HAR-191-oracle-sweep/tasks/format-code-task-000318/oracle/solution-patch.stdout.log,built,purge-installed-copies@1 skipped: scope is CONFIRMED_PURGE plus already-carried run packages (HAR-194 stance),sha256:c7f509d3a49ea9d06bb3b47da14c273019c67993053c6456e2e9b22d62ddb634,oracle:pass+nop:fail
format-code-task-000320,code,python,strip-future-history@1>purge-build-caches@1>mtime-normalize@1>separate-verifier@2,sha256:eee2c7926e6dab824cd0925510fe1cce1640b88093fd65f136f3b63f56f92021,derived/task-store/variants/mimo-v2.6-rl__format-code-task-000320/eee2c7926e6d,none,built,purge-installed-copies@1 skipped: scope is CONFIRMED_PURGE plus already-carried run packages (HAR-194 stance),sha256:5c518da7955335408bc1b63e9f6cf89b1f6e1f35ff694aa64fc2b05e3359eed8,
format-code-task-000322,code,python,strip-future-history@1>purge-build-caches@1>mtime-normalize@1>separate-verifier@2,sha256:c8e633992e56b6d550cc0dabe87bcc7ff9495928be70a5651fcac85170280a14,derived/task-store/variants/mimo-v2.6-rl__format-code-task-000322/c8e633992e56,none,built,purge-installed-copies@1 skipped: scope is CONFIRMED_PURGE plus already-carried run packages (HAR-194 stance),sha256:f8e3a0380faead850e005eb613b68d1018c1c8287c1e5ea6b2fda4b70cb950dc,
format-code-task-000323,code,python,strip-future-history@1>purge-build-caches@1>mtime-normalize@1>separate-verifier@2,sha256:06db221b103adde0141155ed4ed0c469910e624afadd2993ac9e6675ba79f63f,derived/task-store/variants/mimo-v2.6-rl__format-code-task-000323/06db221b103a,none,built,purge-installed-copies@1 skipped: scope is CONFIRMED_PURGE plus already-carried run packages (HAR-194 stance),sha256:09dc30b383aa229416313d8f9908ddac7d95dcd86e2348f30502fd55dfcdd606,
format-code-task-000324,code,python,strip-future-history@1>purge-build-caches@1>mtime-normalize@1>separate-verifier@2,sha256:c9a2c24885e20f7b01a534837c98e945d388a32bc2cf09e3dc0dc00f29b279f0,derived/task-store/variants/mimo-v2.6-rl__format-code-task-000324/c9a2c24885e2,/Users/petermakhnatch/Developer/eval-lab-results/2026-10-07/HAR-191-oracle-sweep/tasks/format-code-task-000324/oracle/solution-patch.stdout.log,built,purge-installed-copies@1 skipped: scope is CONFIRMED_PURGE plus already-carried run packages (HAR-194 stance),sha256:7eee85e472a7675acfdc42ac7d10720e8e095ff2e6f0e296f8e0b673fe7cefdf,oracle:pass+nop:fail
format-code-task-000325,code,python,strip-future-history@1>purge-build-caches@1>mtime-normalize@1>separate-verifier@2,sha256:28820beb1a4c4c655b59ff253e9088d5eac3d5789a921d3b1e614cb8e972c241,derived/task-store/variants/mimo-v2.6-rl__format-code-task-000325/28820beb1a4c,none,built,purge-installed-copies@1 skipped: scope is CONFIRMED_PURGE plus already-carried run packages (HAR-194 stance),sha256:1ef8058fc34a007fe01e0d5f1738b45075e22b87a96853d631f8413757db2d9d,
format-code-task-000326,code,python,strip-future-history@1>purge-build-caches@1>mtime-normalize@1>separate-verifier@2,sha256:04528f921faa6b9c31fc04fb71a41aec98abc9d5d88207b2ab80daedc594d4ea,derived/task-store/variants/mimo-v2.6-rl__format-code-task-000326/04528f921faa,none,built,purge-installed-copies@1 skipped: scope is CONFIRMED_PURGE plus already-carried run packages (HAR-194 stance),sha256:905b4e44bb943e791dbea88a3a9f7ef978a9a64fecc32c7505595b53c371c732,
format-code-task-000327,code,python,strip-future-history@1>purge-build-caches@1>mtime-normalize@1>separate-verifier@2,sha256:4c1ec3588e105a7a90edbaaf83e68e1dede29618a277460f75f41cf58b13d698,derived/task-store/variants/mimo-v2.6-rl__format-code-task-000327/4c1ec3588e10,none,built,purge-installed-copies@1 skipped: scope is CONFIRMED_PURGE plus already-carried run packages (HAR-194 stance),sha256:1fb24c603b0cd32da5e8581278277b1810ee12fd408cf793d9e2decc36846fba,
format-code-task-000328,code,python,strip-future-history@1>purge-build-caches@1>mtime-normalize@1>separate-verifier@2,sha256:ba523702b59141fdccfc79fb4800e0d67991c3736461a85c0c7bf9937718560e,derived/task-store/variants/mimo-v2.6-rl__format-code-task-000328/ba523702b591,none,built,purge-installed-copies@1 skipped: scope is CONFIRMED_PURGE plus already-carried run packages (HAR-194 stance),sha256:13fa33f9276f122c38bd93aea7727c626ed43209522123b89be4a785c3351f90,
format-code-task-000329,code,python,strip-future-history@1>purge-build-caches@1>mtime-normalize@1>separate-verifier@2,sha256:4f0a29ae67e9182afb9c93107b891cf201173380bea7455dd8a73d69940fea6d,derived/task-store/variants/mimo-v2.6-rl__format-code-task-000329/4f0a29ae67e9,none,built,purge-installed-copies@1 skipped: scope is CONFIRMED_PURGE plus already-carried run packages (HAR-194 stance),sha256:1856577af445b06e8b59a66003dd1050accee8e279fc5b5d711ebf07767f6ad4,
format-code-task-000330,code,python,strip-future-history@1>purge-build-caches@1>mtime-normalize@1>separate-verifier@2,sha256:7386e7be2a2c598e723679dca37362465a290a22fde5c8212a073dd2bd4dcbce,derived/task-store/variants/mimo-v2.6-rl__format-code-task-000330/7386e7be2a2c,none,built,purge-installed-copies@1 skipped: scope is CONFIRMED_PURGE plus already-carried run packages (HAR-194 stance),sha256:5e4b7a5f0dbd6e479e2215ff5253f3b6469be1e5876ec3b555c81c97dcea4400,
format-code-task-000332,code,python,strip-future-history@1>purge-build-caches@1>mtime-normalize@1>separate-verifier@2,sha256:117f16dd787ce8002cd57fe1c3e34b098a7b084143c86d8c29ff0b7b500fd5c2,derived/task-store/variants/mimo-v2.6-rl__format-code-task-000332/117f16dd787c,none,built,purge-installed-copies@1 skipped: scope is CONFIRMED_PURGE plus already-carried run packages (HAR-194 stance),sha256:1c6eb3e5ca30206d84196c652294a029849378cb92ff6be40e4d3ec0026a012c,
format-code-task-000333,code,python,strip-future-history@1>purge-build-caches@1>mtime-normalize@1>separate-verifier@2,sha256:ecd4f1ce5b0f1926b3482942d0e176bac46cc2110478735e41fe282e30f95f26,derived/task-store/variants/mimo-v2.6-rl__format-code-task-000333/ecd4f1ce5b0f,none,built,purge-installed-copies@1 skipped: scope is CONFIRMED_PURGE plus already-carried run packages (HAR-194 stance),sha256:e2ea002590623f4d9d8086bbba1086e6207991acaa0c536f39432dc95422470a,
format-code-task-000334,code,python,strip-future-history@1>purge-build-caches@1>mtime-normalize@1>separate-verifier@2,sha256:7025ece10dfafd1bdf78efa3bd786e6f8aa4efd1450014c5cad54b16044f7dd8,derived/task-store/variants/mimo-v2.6-rl__format-code-task-000334/7025ece10dfa,none,built,purge-installed-copies@1 skipped: scope is CONFIRMED_PURGE plus already-carried run packages (HAR-194 stance),sha256:a23d1b0e0b48a68b1a6b9d7e300992fb76384cd5ea974c712dabc620a359c630,
format-code-task-000336,code,python,strip-future-history@1>purge-build-caches@1>mtime-normalize@1>separate-verifier@2,sha256:c7737009db37e00c7c79b6b9f41aa09f45f44e71887229332438ca79aefb3f43,derived/task-store/variants/mimo-v2.6-rl__format-code-task-000336/c7737009db37,none,built,purge-installed-copies@1 skipped: scope is CONFIRMED_PURGE plus already-carried run packages (HAR-194 stance),sha256:6b5250296c7347443afee00f495903c4cbf5a2ba6fb01dbafa569ec10cb8c1b7,
format-code-task-000337,code,python,strip-future-history@1>purge-build-caches@1>mtime-normalize@1>separate-verifier@2,sha256:fee0d95417a78e7e26eef7615b6c4631c5f82e14966294e8a2f0574700046300,derived/task-store/variants/mimo-v2.6-rl__format-code-task-000337/fee0d95417a7,none,built,purge-installed-copies@1 skipped: scope is CONFIRMED_PURGE plus already-carried run packages (HAR-194 stance),sha256:95ccf5db6b6d359c65ba8e5ae1561ca13b21b556335a9ba9c6a21388b8af5e2f,
format-code-task-000338,code,python,strip-future-history@1>purge-build-caches@1>mtime-normalize@1>separate-verifier@2,sha256:5990e6cac750512b9fbd71e00df03bfbfc837cd5b9bbb5916c947dd23b7d7622,derived/task-store/variants/mimo-v2.6-rl__format-code-task-000338/5990e6cac750,none,built,purge-installed-copies@1 skipped: scope is CONFIRMED_PURGE plus already-carried run packages (HAR-194 stance),sha256:c163a8f2aa6e448b44434f02d2eebae7e0092ac2a970015197af2f1a096fcddb,
format-code-task-000339,code,python,strip-future-history@1>purge-build-caches@1>mtime-normalize@1>separate-verifier@2,sha256:621585f555c1de59034f56d578d66f19595690465657a142d1dfbf73adafe2f7,derived/task-store/variants/mimo-v2.6-rl__format-code-task-000339/621585f555c1,none,built,purge-installed-copies@1 skipped: scope is CONFIRMED_PURGE plus already-carried run packages (HAR-194 stance),sha256:4f8b657530f9dbb46807b22abd284b4863d09f1bc732af11b04ca9fa199d39df,
format-code-task-000341,code,python,strip-future-history@1>purge-build-caches@1>mtime-normalize@1>separate-verifier@2,sha256:52c4b294bd74d56e192c39d4fd7090ff129ed68b4697c899e5d2cb3a89be7402,derived/task-store/variants/mimo-v2.6-rl__format-code-task-000341/52c4b294bd74,/Users/petermakhnatch/Developer/eval-lab-results/2026-10-07/HAR-191-oracle-sweep/tasks/format-code-task-000341/oracle/solution-patch.stdout.log,built,purge-installed-copies@1 skipped: scope is CONFIRMED_PURGE plus already-carried run packages (HAR-194 stance),sha256:303037d50d00ae5c7c57af92bc646ef54e397ec9f2cdd7c9afb0baa7506d4e4b,oracle:pass+nop:fail
format-code-task-000343,code,python,strip-future-history@1>purge-build-caches@1>mtime-normalize@1>separate-verifier@2,sha256:059332602717e799b474dddab478c4f9b8ac1360b6cdfc9cd144b2d5c8d0f6ff,derived/task-store/variants/mimo-v2.6-rl__format-code-task-000343/059332602717,/Users/petermakhnatch/Developer/eval-lab-results/2026-10-07/HAR-191-oracle-sweep/tasks/format-code-task-000343/oracle/solution-patch.stdout.log,built,purge-installed-copies@1 skipped: scope is CONFIRMED_PURGE plus already-carried run packages (HAR-194 stance),sha256:98eb72ac739c50fce777997705f00d6f55d962abd5f646fd731e0f356ddac9f1,oracle:pass+nop:fail
format-code-task-000349,code,python,strip-future-history@1>purge-build-caches@1>mtime-normalize@1>separate-verifier@2,sha256:bb86ca35f538e1efa3bc044630003abf0ac69025d49523698d6de978a8ff843a,derived/task-store/variants/mimo-v2.6-rl__format-code-task-000349/bb86ca35f538,none,built,purge-installed-copies@1 skipped: scope is CONFIRMED_PURGE plus already-carried run packages (HAR-194 stance),sha256:eba3a49e6526deb6001164647e878293b700a77702ed54a0e1eff54d159b4802,
format-code-task-000352,code,python,strip-future-history@1>purge-build-caches@1>mtime-normalize@1>separate-verifier@2,sha256:6e07bf80a92df0c410191968897981afcc3a4b416389dee074d406adea2d83a0,derived/task-store/variants/mimo-v2.6-rl__format-code-task-000352/6e07bf80a92d,none,built,purge-installed-copies@1 skipped: scope is CONFIRMED_PURGE plus already-carried run packages (HAR-194 stance),sha256:62fd15c2821054cc17d6834e9afc0a44c42031d5c64e1bf84e992954b1d7d279,
format-code-task-000354,code,python,strip-future-history@1>purge-build-caches@1>mtime-normalize@1>separate-verifier@2,sha256:2e3a267c0cabaf090896e36f7c8613ba553c451c97cfb44032c7006fa41bb76d,derived/task-store/variants/mimo-v2.6-rl__format-code-task-000354/2e3a267c0cab,none,built,purge-installed-copies@1 skipped: scope is CONFIRMED_PURGE plus already-carried run packages (HAR-194 stance),sha256:2e6e4ec12b96606550a19b37d7691f0dc6b78e0550072c774e031394eda839f2,
format-code-task-000357,code,python,strip-future-history@1>purge-build-caches@1>mtime-normalize@1>separate-verifier@2,sha256:777aeb0fa8269ef70162b75e1c074844219b951e3240ef72b833a38f83500a74,derived/task-store/variants/mimo-v2.6-rl__format-code-task-000357/777aeb0fa826,none,built,purge-installed-copies@1 skipped: scope is CONFIRMED_PURGE plus already-carried run packages (HAR-194 stance),sha256:bd03399c59d7c2ed389f7d2dc0239ef08fb84a4b4d9f9f8daf9a77a600e464d7,
format-code-task-000360,code,python,strip-future-history@1>purge-build-caches@1>mtime-normalize@1>separate-verifier@2,sha256:8152c81176b9cc8439b88728eec32771418c226775682efd69cbe41b013be44d,derived/task-store/variants/mimo-v2.6-rl__format-code-task-000360/8152c81176b9,none,built,purge-installed-copies@1 skipped: scope is CONFIRMED_PURGE plus already-carried run packages (HAR-194 stance),sha256:6f5637a93731b3d1536f8b3b9073944e208cdc66f6745b542eacdafe2f9703ab,
format-code-task-000363,code,python,strip-future-history@1>purge-build-caches@1>mtime-normalize@1>separate-verifier@2,sha256:c5efc7a24eb49b4fa533e5c2e94df2403b016a7dae65e33c1152bd66e31d510e,derived/task-store/variants/mimo-v2.6-rl__format-code-task-000363/c5efc7a24eb4,/Users/petermakhnatch/Developer/eval-lab-results/2026-10-07/HAR-191-oracle-sweep/tasks/format-code-task-000363/oracle/solution-patch.stdout.log,built,purge-installed-copies@1 skipped: scope is CONFIRMED_PURGE plus already-carried run packages (HAR-194 stance),sha256:38c872f3668f0fedcbf886b4359525c8112a81359f230902867008da727d1585,oracle:pass+nop:fail
format-code-task-000364,code,python,strip-future-history@1>purge-build-caches@1>mtime-normalize@1>separate-verifier@2,sha256:3a0fdba9792f8ebb2e0ac6af9053254a556db740c9b6c2a7d9b6b600cefa334b,derived/task-store/variants/mimo-v2.6-rl__format-code-task-000364/3a0fdba9792f,none,built,purge-installed-copies@1 skipped: scope is CONFIRMED_PURGE plus already-carried run packages (HAR-194 stance),sha256:2f81c13789e7287e0ce1699539d6fae4d225d5c92cd21a6a4e39336f0065057b,
format-code-task-000365,code,python,strip-future-history@1>purge-build-caches@1>mtime-normalize@1>separate-verifier@2,sha256:74aa6eb42d8e98f5c41ee266c10e9947aa831d09add49d93b502fed8b89fd22c,derived/task-store/variants/mimo-v2.6-rl__format-code-task-000365/74aa6eb42d8e,none,built,purge-installed-copies@1 skipped: scope is CONFIRMED_PURGE plus already-carried run packages (HAR-194 stance),sha256:a331e542d2fcccca7d6f3c2cc315a69a0e19c7048222796f7f1f725b77bb00d1,
format-code-task-000366,code,python,strip-future-history@1>purge-build-caches@1>mtime-normalize@1>separate-verifier@2,sha256:ba8dd78a74d0f8fa887abc8dbd5adebdb161a19475f9481c46f8b17fd37c129b,derived/task-store/variants/mimo-v2.6-rl__format-code-task-000366/ba8dd78a74d0,none,built,purge-installed-copies@1 skipped: scope is CONFIRMED_PURGE plus already-carried run packages (HAR-194 stance),sha256:3687382f7b6193f4beeb64f4ee64f96a5b497075c6d94d7b31e5b259fc1e4797,
format-code-task-000370,code,python,strip-future-history@1>purge-build-caches@1>mtime-normalize@1>separate-verifier@2,sha256:86ddaa19a287592e82f293f0843ae707ca4641ae7a174340e5251a009a31ed04,derived/task-store/variants/mimo-v2.6-rl__format-code-task-000370/86ddaa19a287,none,built,purge-installed-copies@1 skipped: scope is CONFIRMED_PURGE plus already-carried run packages (HAR-194 stance),sha256:774da686671749b0c404cbc0767d227ea3b8ad5f1daad332ffd56d0d78553440,
format-code-task-000371,code,python,strip-future-history@1>purge-build-caches@1>mtime-normalize@1>separate-verifier@2,sha256:72991d06b24c22a276ef8054e2b33edcd7189356d641a98f72074f5b39a993f0,derived/task-store/variants/mimo-v2.6-rl__format-code-task-000371/72991d06b24c,/Users/petermakhnatch/Developer/eval-lab-results/2026-10-07/HAR-191-oracle-sweep/tasks/format-code-task-000371/oracle/solution-patch.stdout.log,built,purge-installed-copies@1 skipped: scope is CONFIRMED_PURGE plus already-carried run packages (HAR-194 stance),sha256:82d27a9e6d41e401298df0dd57d5ad95361837f5e3f34f4037ada0c89f9536a9,oracle:pass+nop:fail
format-code-task-000372,code,python,strip-future-history@1>purge-build-caches@1>mtime-normalize@1>separate-verifier@2,sha256:a5f84ce0df2f484f88d89b12c2cf865d2e4591bdca4a0237efff298a26aa4119,derived/task-store/variants/mimo-v2.6-rl__format-code-task-000372/a5f84ce0df2f,none,built,purge-installed-copies@1 skipped: scope is CONFIRMED_PURGE plus already-carried run packages (HAR-194 stance),sha256:b5658032fa02a6b43b7bf8ba78182603055d2a2d4eacafef17058e23198abc19,
format-code-task-000377,code,python,strip-future-history@1>purge-build-caches@1>mtime-normalize@1>separate-verifier@2,sha256:1404bef27b29c063c98b5a7dc3abb1898a0f1457f18719639f011aa7ea3f1d19,derived/task-store/variants/mimo-v2.6-rl__format-code-task-000377/1404bef27b29,/Users/petermakhnatch/Developer/eval-lab-results/2026-10-07/HAR-191-oracle-sweep/tasks/format-code-task-000377/oracle/solution-patch.stdout.log,built,purge-installed-copies@1 skipped: scope is CONFIRMED_PURGE plus already-carried run packages (HAR-194 stance),sha256:d287a33499bca48c1f7241633923f0cad0e10777dd1432921cedd68769618541,oracle:pass+nop:fail
format-code-task-000379,code,python,strip-future-history@1>purge-build-caches@1>mtime-normalize@1>separate-verifier@2,sha256:a9458dd6b143c54c9bdf0be551ff6f43f733f46596ef0cd534af9e2d1a0902d4,derived/task-store/variants/mimo-v2.6-rl__format-code-task-000379/a9458dd6b143,none,built,purge-installed-copies@1 skipped: scope is CONFIRMED_PURGE plus already-carried run packages (HAR-194 stance),sha256:b48ff892a260336d562b3486bca0e471179a95e0736875382fbe4a9617c31b50,
format-code-task-000383,code,python,strip-future-history@1>purge-build-caches@1>mtime-normalize@1>separate-verifier@2,sha256:89177364e1ab2340df1460b954bb4d6bff3439af1eb6a6ebfd4f5b808f5e2aa0,derived/task-store/variants/mimo-v2.6-rl__format-code-task-000383/89177364e1ab,none,built,purge-installed-copies@1 skipped: scope is CONFIRMED_PURGE plus already-carried run packages (HAR-194 stance),sha256:da5de5025dc1e2446c236bfd7d89337a7e478cc41d8645e8ae79c0d331941303,
format-code-task-000389,code,python,strip-future-history@1>purge-build-caches@1>mtime-normalize@1>separate-verifier@2,sha256:065e44a2e69e8dbf94327123e84a3a58ee2c23f8577dd41203d83747ed954eb1,derived/task-store/variants/mimo-v2.6-rl__format-code-task-000389/065e44a2e69e,/Users/petermakhnatch/Developer/eval-lab-results/2026-10-07/HAR-191-oracle-sweep/tasks/format-code-task-000389/oracle/solution-patch.stdout.log,built,purge-installed-copies@1 skipped: scope is CONFIRMED_PURGE plus already-carried run packages (HAR-194 stance),sha256:b513547d8be673108b1be9f16b3872c0fea90737a235ce03be05deebaead5389,oracle:pass+nop:fail
format-code-task-000390,code,python,strip-future-history@1>purge-build-caches@1>mtime-normalize@1>separate-verifier@2,sha256:130b79d8e6adbb6d061d503b638f86a1dc1cdf4300a47e08322f0dc1afad7653,derived/task-store/variants/mimo-v2.6-rl__format-code-task-000390/130b79d8e6ad,/Users/petermakhnatch/Developer/eval-lab-results/2026-10-07/HAR-191-oracle-sweep/tasks/format-code-task-000390/oracle/solution-patch.stdout.log,built,purge-installed-copies@1 skipped: scope is CONFIRMED_PURGE plus already-carried run packages (HAR-194 stance),sha256:738feed2cb1f33b48cf9645f9fb64e1f45e74f9cad86245d59fba1124233c317,oracle:pass+nop:fail
format-code-task-000392,code,python,strip-future-history@1>purge-build-caches@1>mtime-normalize@1>separate-verifier@2,sha256:ca8b403fe1af86c171b2f57e56d60a164c00d20d4c016886a6c31975460354ff,derived/task-store/variants/mimo-v2.6-rl__format-code-task-000392/ca8b403fe1af,none,built,purge-installed-copies@1 skipped: scope is CONFIRMED_PURGE plus already-carried run packages (HAR-194 stance),sha256:4193bdb781fb64458070b5a878877768dfcfc91bb6eb383cd952c1e93c1f2d79,
format-code-task-000393,code,python,,,,none,skipped,ledger verdict=discard status=discarded: molecule's schema rejects the delegated driver its own tests configure (har115-diag2-000393); no known repair kind,sha256:64315b469678460321eb0cce16b0d168f8016088f9a7b2e37a9e62104155e786,
format-code-task-000402,code,python,strip-future-history@1>purge-build-caches@1>mtime-normalize@1>separate-verifier@2,sha256:9837cb4557d69bb7ae5b2daae797183190ab5d9aba0bcd3311f1a175446f143d,derived/task-store/variants/mimo-v2.6-rl__format-code-task-000402/9837cb4557d6,/Users/petermakhnatch/Developer/eval-lab-results/2026-10-07/HAR-191-oracle-sweep/tasks/format-code-task-000402/oracle/solution-patch.stdout.log,built,purge-installed-copies@1 skipped: scope is CONFIRMED_PURGE plus already-carried run packages (HAR-194 stance),sha256:79855357903b552682da1f77ff2c0e05b2cd4252304617500b58894a394c129a,oracle:pass+nop:fail
format-code-task-000403,code,python,strip-future-history@1>purge-build-caches@1>mtime-normalize@1>separate-verifier@2,sha256:0d42ae176fa8625ee425acbf373b5f2d659589965dd5a5de6213eea0b480ed9d,derived/task-store/variants/mimo-v2.6-rl__format-code-task-000403/0d42ae176fa8,none,built,purge-installed-copies@1 skipped: scope is CONFIRMED_PURGE plus already-carried run packages (HAR-194 stance),sha256:f4b3e4b5fe857bddcc9c5d5aea6033f483c7c20b1ab0d4067ecb04c03d68b303,
format-code-task-000404,code,python,strip-future-history@1>purge-build-caches@1>mtime-normalize@1>separate-verifier@2,sha256:3fca23cdd9d31ff3f37f5370c1adbd256fb9692ddd516780818577d6b406e9f0,derived/task-store/variants/mimo-v2.6-rl__format-code-task-000404/3fca23cdd9d3,none,built,purge-installed-copies@1 skipped: scope is CONFIRMED_PURGE plus already-carried run packages (HAR-194 stance),sha256:48791e0f7a79efe92ce7801ea6ac0ba96c4beb27c944b7f5ac1dadc23cc7d337,
format-code-task-000405,code,python,strip-future-history@1>purge-build-caches@1>mtime-normalize@1>separate-verifier@2,sha256:8ba93e60f1be2cd52697090a00b21396b234f420b4d14cda01b336e13d933f79,derived/task-store/variants/mimo-v2.6-rl__format-code-task-000405/8ba93e60f1be,none,built,purge-installed-copies@1 skipped: scope is CONFIRMED_PURGE plus already-carried run packages (HAR-194 stance),sha256:53eb700f88588f80c41e8ae3213b45f44d97a1602075397f70f2eef761ae16ca,
format-code-task-000406,code,python,strip-future-history@1>purge-build-caches@1>mtime-normalize@1>separate-verifier@2,sha256:678cfa0a2f02502e92d6d6a9232c06067d0e66814cd34ab39f754e4b53135bbb,derived/task-store/variants/mimo-v2.6-rl__format-code-task-000406/678cfa0a2f02,none,built,purge-installed-copies@1 skipped: scope is CONFIRMED_PURGE plus already-carried run packages (HAR-194 stance),sha256:9a036a7e2f9ddbfd42bb672d44db9c9f6e07da654310919d10cc7877759ffdd0,
format-code-task-000407,code,python,strip-future-history@1>purge-build-caches@1>mtime-normalize@1>separate-verifier@2,sha256:342cdef3e74c501bbd11461d80f01d9d06be38a044a83002eb04a21b3e203cd0,derived/task-store/variants/mimo-v2.6-rl__format-code-task-000407/342cdef3e74c,none,built,purge-installed-copies@1 skipped: scope is CONFIRMED_PURGE plus already-carried run packages (HAR-194 stance),sha256:6a4b5510ebb6d9123dc125d308caec6a373574684a43c0aabd82959c948aa538,
format-code-task-000408,code,python,strip-future-history@1>purge-build-caches@1>mtime-normalize@1>separate-verifier@2,sha256:014a3ed4edfc9504e2ebe2d6085b3c2e5ab7245162988387325d07b78edeb3d2,derived/task-store/variants/mimo-v2.6-rl__format-code-task-000408/014a3ed4edfc,none,built,purge-installed-copies@1 skipped: scope is CONFIRMED_PURGE plus already-carried run packages (HAR-194 stance),sha256:b0a119dca0640d1131d13045ef7d947763f38f730b25602ea854e12aea0b489a,
format-code-task-000409,code,python,strip-future-history@1>purge-build-caches@1>mtime-normalize@1>separate-verifier@2,sha256:16fea30fa67eab807f79e35920b3fb448f940171879e08bca79bac2df8df8ab2,derived/task-store/variants/mimo-v2.6-rl__format-code-task-000409/16fea30fa67e,none,built,purge-installed-copies@1 skipped: scope is CONFIRMED_PURGE plus already-carried run packages (HAR-194 stance),sha256:3ef1b0a48bf5814021c530a9290f936519cf4338f878b97c1423350ddcf88277,
format-code-task-000410,code,python,strip-future-history@1>purge-build-caches@1>mtime-normalize@1>separate-verifier@2,sha256:7e1463832254251a6f1e8a3ff256095a40345b480495d275df82607e56c36e1a,derived/task-store/variants/mimo-v2.6-rl__format-code-task-000410/7e1463832254,none,built,purge-installed-copies@1 skipped: scope is CONFIRMED_PURGE plus already-carried run packages (HAR-194 stance),sha256:c2303c64c8b0f62984bff61a4e570f3c3531b850998c223779232adf857434dd,
format-code-task-000411,code,python,strip-future-history@1>purge-build-caches@1>mtime-normalize@1>separate-verifier@2,sha256:5587c48f393f1e4558fd5c3b72c80f94aadb9bd0f46bb045d1fa27ea85d85800,derived/task-store/variants/mimo-v2.6-rl__format-code-task-000411/5587c48f393f,none,built,purge-installed-copies@1 skipped: scope is CONFIRMED_PURGE plus already-carried run packages (HAR-194 stance),sha256:27b647ef2fd34444a28c038bfc322e72e37fd50ea80066100eb18c233c5ea312,
format-code-task-000412,code,python,strip-future-history@1>purge-build-caches@1>mtime-normalize@1>separate-verifier@2,sha256:9e4896a1544ccdb1a563d1f7a554bbe991ea9ea7a9516c3dd2a2d33b0bd7db0e,derived/task-store/variants/mimo-v2.6-rl__format-code-task-000412/9e4896a1544c,none,built,purge-installed-copies@1 skipped: scope is CONFIRMED_PURGE plus already-carried run packages (HAR-194 stance),sha256:6bf02e21e32a2db5654cb2141ba6220d28c414b8c1306a9933104e791f2fa45d,
format-code-task-000413,code,python,strip-future-history@1>purge-build-caches@1>mtime-normalize@1>separate-verifier@2,sha256:d8681d1f6e5fe93209fa12ac4eecd1c198512467d2be490c2a766f9870bd0752,derived/task-store/variants/mimo-v2.6-rl__format-code-task-000413/d8681d1f6e5f,none,built,purge-installed-copies@1 skipped: scope is CONFIRMED_PURGE plus already-carried run packages (HAR-194 stance),sha256:627a90192fb0d49b9b8c30eb09843206fc2c74409b63bda18ead2b547e5dc364,
format-code-task-000414,code,python,strip-future-history@1>purge-build-caches@1>mtime-normalize@1>separate-verifier@2,sha256:6cedbfb5a6aadfe7c02a83180879d456effa0293a4469d0a82894702f3f89ab7,derived/task-store/variants/mimo-v2.6-rl__format-code-task-000414/6cedbfb5a6aa,none,built,purge-installed-copies@1 skipped: scope is CONFIRMED_PURGE plus already-carried run packages (HAR-194 stance),sha256:d4ad7c6d2a9c1827c67e9cf21adb3f3b438e9da9a1f44dadc86e73482b61a4b5,
format-code-task-000415,code,python,strip-future-history@1>purge-build-caches@1>mtime-normalize@1>separate-verifier@2,sha256:dfb03c8a5716ccb03e3ffc6432006d4434cc78c5b16532772a194f0c7d1718ae,derived/task-store/variants/mimo-v2.6-rl__format-code-task-000415/dfb03c8a5716,none,built,purge-installed-copies@1 skipped: scope is CONFIRMED_PURGE plus already-carried run packages (HAR-194 stance),sha256:d48e5cd45861cee049efe32b432bc5767cb490e25e2676c52fd8366b2a4fbaf2,
format-code-task-000416,code,python,strip-future-history@1>purge-build-caches@1>mtime-normalize@1>separate-verifier@2,sha256:3fc991b1d9aa3a2b3b961a2a0fb9effaa909d51cb3ba1da8de2149bf84f820e4,derived/task-store/variants/mimo-v2.6-rl__format-code-task-000416/3fc991b1d9aa,none,built,purge-installed-copies@1 skipped: scope is CONFIRMED_PURGE plus already-carried run packages (HAR-194 stance),sha256:0c21f7acf9d411d110396c8e0aedb839cd4267085f18734315daf1a87fc0a1ed,
format-code-task-000417,code,python,strip-future-history@1>purge-build-caches@1>mtime-normalize@1>separate-verifier@2,sha256:4c8566ef9e29ea9d3434f6c9a59905c1525ca5fbaacd41e96b7796dc53bc31c0,derived/task-store/variants/mimo-v2.6-rl__format-code-task-000417/4c8566ef9e29,none,built,purge-installed-copies@1 skipped: scope is CONFIRMED_PURGE plus already-carried run packages (HAR-194 stance),sha256:dcfd6520a776dcaf72f4bc883d69eb20019a33ca04c54a2a8a3009ebe12374fd,
format-code-task-000418,code,python,strip-future-history@1>purge-build-caches@1>mtime-normalize@1>separate-verifier@2,sha256:a2c6f8d66bd65d7e79fe4a40914c520a90568d397324005676a1cdea420f94b3,derived/task-store/variants/mimo-v2.6-rl__format-code-task-000418/a2c6f8d66bd6,none,built,purge-installed-copies@1 skipped: scope is CONFIRMED_PURGE plus already-carried run packages (HAR-194 stance),sha256:46a5ac2e3199cce6ad2a8e120869b7aa6f73a4335d49df6648acba5c561c3e27,
format-code-task-000419,code,python,strip-future-history@1>purge-build-caches@1>mtime-normalize@1>separate-verifier@2,sha256:87c821097399bbae7fcd09df85f02eaa7ad7438fb1371068a54728e7181869c1,derived/task-store/variants/mimo-v2.6-rl__format-code-task-000419/87c821097399,none,built,purge-installed-copies@1 skipped: scope is CONFIRMED_PURGE plus already-carried run packages (HAR-194 stance),sha256:fae11659648b7c90b3186da240ec1db928a81c0f0967c4bc220aab0c6e739088,
format-code-task-000420,code,python,strip-future-history@1>purge-build-caches@1>mtime-normalize@1>separate-verifier@2,sha256:f2c415963d672413e3ee3df3a8b34ca499712bf7c8afd6d15ceb320179d1225c,derived/task-store/variants/mimo-v2.6-rl__format-code-task-000420/f2c415963d67,none,built,purge-installed-copies@1 skipped: scope is CONFIRMED_PURGE plus already-carried run packages (HAR-194 stance),sha256:1e7edac10b25ff8c5b46d5eccdf5fef5d5c232ab5384eb2d339bc648bc7335bd,
format-code-task-000421,code,python,strip-future-history@1>purge-build-caches@1>mtime-normalize@1>separate-verifier@2,sha256:5942f98e55ac6eb37ca4cf5dedaa6928a47c8e41f12355a8534efee28e83636f,derived/task-store/variants/mimo-v2.6-rl__format-code-task-000421/5942f98e55ac,none,built,purge-installed-copies@1 skipped: scope is CONFIRMED_PURGE plus already-carried run packages (HAR-194 stance),sha256:a5ab7b5b4db441e71cfd034bba5b4c0bdb7f70e66d1161623d906f8cda12fcfb,
format-code-task-000437,code,python,,,,none,skipped,"ledger verdict=discard status=discarded: broken environment, no known repair: ImportError while loading conftest '/testbed/coremltools/converters/mil/conftest.py'. (env-keep-build-outputs@1 rejected on its nop)",sha256:b6da5e2420040e4d0419ccd19a12264f5a9623e4adac0c49bdb0ef26ab873691,
format-code-task-000438,code,python,strip-future-history@1>purge-build-caches@1>mtime-normalize@1>separate-verifier@2,sha256:208e9370cc12453c33076a6fae475c1676430044efef8ab71ed243193543faba,derived/task-store/variants/mimo-v2.6-rl__format-code-task-000438/208e9370cc12,none,built,purge-installed-copies@1 skipped: scope is CONFIRMED_PURGE plus already-carried run packages (HAR-194 stance),sha256:fd090028cd5327e4ce7ae893a4a4ef0ff53f1bb6144f3dbdaba0a87d386e628f,
format-code-task-000444,code,python,strip-future-history@1>purge-build-caches@1>mtime-normalize@1>separate-verifier@2,sha256:941f5061d9258cacd3ea9b49d1b71448111eefab206b264a3a433fe834226b8f,derived/task-store/variants/mimo-v2.6-rl__format-code-task-000444/941f5061d925,none,built,purge-installed-copies@1 skipped: scope is CONFIRMED_PURGE plus already-carried run packages (HAR-194 stance),sha256:033f627644261525d57bc88a08ffb52f1c7cb1206e01dc66e4ce72e27ce7e3e1,
format-code-task-000450,code,python,strip-future-history@1>purge-build-caches@1>mtime-normalize@1>separate-verifier@2,sha256:72ff142ade7ecefac9f4e9f82e89341ebbdba5557d895e7bdb67308359d6ce50,derived/task-store/variants/mimo-v2.6-rl__format-code-task-000450/72ff142ade7e,none,built,purge-installed-copies@1 skipped: scope is CONFIRMED_PURGE plus already-carried run packages (HAR-194 stance),sha256:69ba6817fcd3eac357460c473fcf16647ce6e740fb582ca75a6b277a95828969,
format-code-task-000458,code,python,strip-future-history@1>purge-build-caches@1>mtime-normalize@1>separate-verifier@2,sha256:1a2f558a4fec401e8418a992940cd06b0ea463869c2b86084f48a85ed89a48a8,derived/task-store/variants/mimo-v2.6-rl__format-code-task-000458/1a2f558a4fec,none,built,purge-installed-copies@1 skipped: scope is CONFIRMED_PURGE plus already-carried run packages (HAR-194 stance),sha256:645d7c48366cda810aeb6f00bf2280882834d086cb2a525004d3c58ab693d208,
format-code-task-000466,code,python,strip-future-history@1>purge-build-caches@1>mtime-normalize@1>separate-verifier@2,sha256:e10e80c33a45283000461bdf9391b2de1c08b419e986c22727e5f08bc78a3003,derived/task-store/variants/mimo-v2.6-rl__format-code-task-000466/e10e80c33a45,/Users/petermakhnatch/Developer/eval-lab-results/2026-10-07/HAR-191-oracle-sweep/tasks/format-code-task-000466/oracle/solution-patch.stdout.log,built,purge-installed-copies@1 skipped: scope is CONFIRMED_PURGE plus already-carried run packages (HAR-194 stance),sha256:1c0c6983d843d0a0349e1118907333ae73663d6281b9b6729f506566e64ab749,oracle:pass+nop:fail
format-code-task-000467,code,python,strip-future-history@1>purge-build-caches@1>mtime-normalize@1>separate-verifier@2,sha256:ff4d1523c621eacb698c5187dd200f1169142badcf27c2f7280c5869230ffe7a,derived/task-store/variants/mimo-v2.6-rl__format-code-task-000467/ff4d1523c621,none,built,purge-installed-copies@1 skipped: scope is CONFIRMED_PURGE plus already-carried run packages (HAR-194 stance),sha256:e1308c97f6fb1f29a8ce017be16f7eeb0081faced5c874f16802cc03583c777b,
format-code-task-000469,code,python,,,,none,skipped,"ledger verdict=discard status=discarded: broken environment, no known repair: ____________________ ERROR collecting tests/test_metrics.py ____________________",sha256:29b42a3f3161ca6bbc2c1f4fe2d0b3b9e9ff6821820f52e3f0b1e94514c4a540,
format-code-task-000471,code,python,strip-future-history@1>purge-build-caches@1>mtime-normalize@1>separate-verifier@2,sha256:f033c31cbad4823da5daf8e48043428225c92ae44ee5b21f40733a999ecf2127,derived/task-store/variants/mimo-v2.6-rl__format-code-task-000471/f033c31cbad4,/Users/petermakhnatch/Developer/eval-lab-results/2026-10-07/HAR-191-oracle-sweep/tasks/format-code-task-000471/oracle/solution-patch.stdout.log,built,purge-installed-copies@1 skipped: scope is CONFIRMED_PURGE plus already-carried run packages (HAR-194 stance),sha256:f7229c7146201e5c717de8d1341a0678062f0402e3b5fc56b29ca818e3346c70,oracle:pass+nop:fail
format-code-task-000472,code,python,strip-future-history@1>purge-build-caches@1>mtime-normalize@1>separate-verifier@2,sha256:f83458b8de9831887557c0c65a17a1f277f6462676f9f5ce74b776e354926ddb,derived/task-store/variants/mimo-v2.6-rl__format-code-task-000472/f83458b8de98,none,built,purge-installed-copies@1 skipped: scope is CONFIRMED_PURGE plus already-carried run packages (HAR-194 stance),sha256:3d2f3d46026f90789acd83d3709872443f0db894408e21dfbf6bc0d87d1fd104,
format-code-task-000474,code,python,strip-future-history@1>purge-build-caches@1>mtime-normalize@1>separate-verifier@2,sha256:b6a4bda9ce5d443d5558b350505e5c4c804a9a83d0c9f1fac94d1efad02da878,derived/task-store/variants/mimo-v2.6-rl__format-code-task-000474/b6a4bda9ce5d,none,built,purge-installed-copies@1 skipped: scope is CONFIRMED_PURGE plus already-carried run packages (HAR-194 stance),sha256:c852300ab877008f2166383eab6f414301041bd5e61f56ea455d5bd70e7304af,
format-code-task-000484,code,python,strip-future-history@1>purge-build-caches@1>mtime-normalize@1>separate-verifier@2,sha256:2a6cb4cd0daa5469bd5998135c8979650cfba25da9f265b064ad1668d606554b,derived/task-store/variants/mimo-v2.6-rl__format-code-task-000484/2a6cb4cd0daa,none,built,purge-installed-copies@1 skipped: scope is CONFIRMED_PURGE plus already-carried run packages (HAR-194 stance),sha256:0de0ae6b6b3c27b36facc5e672143bcbbd26301a1430a85c49a875c74d44e507,
format-code-task-000488,code,python,strip-future-history@1>purge-build-caches@1>mtime-normalize@1>separate-verifier@2,sha256:8727b6bbb8894aa31f021b1cf776d2404f85f06b5de7cc84d99c14617d6530f9,derived/task-store/variants/mimo-v2.6-rl__format-code-task-000488/8727b6bbb889,none,built,purge-installed-copies@1 skipped: scope is CONFIRMED_PURGE plus already-carried run packages (HAR-194 stance),sha256:2599a04e03d60787c666e1a15410497989f83db203e8be60fcbba9eaca09bcc0,
format-code-task-000489,code,python,strip-future-history@1>purge-build-caches@1>mtime-normalize@1>separate-verifier@2,sha256:e94d42e98bb9ced0b837b9f51fa211a9dcbf16cd53ea19dbcb80852f28ece335,derived/task-store/variants/mimo-v2.6-rl__format-code-task-000489/e94d42e98bb9,none,built,purge-installed-copies@1 skipped: scope is CONFIRMED_PURGE plus already-carried run packages (HAR-194 stance),sha256:eb7a3db7889baa9c6661b74ed5eea750afd993e810f3c27f2de9e09279fe17d5,
format-code-task-000492,code,python,strip-future-history@1>purge-build-caches@1>mtime-normalize@1>separate-verifier@2,sha256:b1e9f212bb3705e44356dc6aaa7dba31a773b94a681b8ddf69b4110400e7c096,derived/task-store/variants/mimo-v2.6-rl__format-code-task-000492/b1e9f212bb37,none,built,purge-installed-copies@1 skipped: scope is CONFIRMED_PURGE plus already-carried run packages (HAR-194 stance),sha256:b735d2d859365f9996cccb1ce8d9cfa918b2958bdc6693db518c5268abddc258,
format-code-task-000494,code,python,strip-future-history@1>purge-build-caches@1>mtime-normalize@1>separate-verifier@2,sha256:9c4c7572813a552a8ba7f06fd45d12c031be39c06b7de5feddd477eae08dd7e9,derived/task-store/variants/mimo-v2.6-rl__format-code-task-000494/9c4c7572813a,none,built,purge-installed-copies@1 skipped: scope is CONFIRMED_PURGE plus already-carried run packages (HAR-194 stance),sha256:2f095f0f2616bb59c4a5621b12fcabc835bb74ae5261c4a4aedc9f8c8b78103a,
format-code-task-000495,code,python,strip-future-history@1>purge-build-caches@1>mtime-normalize@1>separate-verifier@2,sha256:dd597a5ca7b9a9de9233fd4ad2af6d0d337c94fb525dd42bbd346224d2d066ea,derived/task-store/variants/mimo-v2.6-rl__format-code-task-000495/dd597a5ca7b9,none,built,purge-installed-copies@1 skipped: scope is CONFIRMED_PURGE plus already-carried run packages (HAR-194 stance),sha256:0cddeb65615ad49de6860cba94a0f984ec18fa046dc54a941cb879e74fd71210,
format-code-task-000496,code,python,strip-future-history@1>purge-build-caches@1>mtime-normalize@1>separate-verifier@2,sha256:f01d58bb426fd6cf7c0703c1adb1846e49f926601961e4d0d791528223da4398,derived/task-store/variants/mimo-v2.6-rl__format-code-task-000496/f01d58bb426f,none,built,purge-installed-copies@1 skipped: scope is CONFIRMED_PURGE plus already-carried run packages (HAR-194 stance),sha256:f94a9ff3655db07f98b4a2f9899937142d0ee47183f969c691bdc17b5a873b15,
format-code-task-000497,code,python,strip-future-history@1>purge-build-caches@1>mtime-normalize@1>separate-verifier@2,sha256:1ca75a20dd42d483f54470be144e2db09cb7835c4751b0e81659a01ab99399ee,derived/task-store/variants/mimo-v2.6-rl__format-code-task-000497/1ca75a20dd42,/Users/petermakhnatch/Developer/eval-lab-results/2026-10-07/HAR-191-oracle-sweep/tasks/format-code-task-000497/oracle/solution-patch.stdout.log,built,purge-installed-copies@1 skipped: scope is CONFIRMED_PURGE plus already-carried run packages (HAR-194 stance),sha256:0bd64f09febdfdd4e457c21c166cd526f2ac3add893837bc4512b14971ea8919,oracle:pass+nop:fail
format-code-task-000498,code,python,strip-future-history@1>purge-build-caches@1>mtime-normalize@1>separate-verifier@2,sha256:4408ea713c7b2bf0c15ffe9935c430d893e0462f36578fc43d4dd04c39165734,derived/task-store/variants/mimo-v2.6-rl__format-code-task-000498/4408ea713c7b,none,built,purge-installed-copies@1 skipped: scope is CONFIRMED_PURGE plus already-carried run packages (HAR-194 stance),sha256:ad9eee7daeccf130c8ea3f9bc3ec19b109cbff762870951783fd4e79aedbc3dc,
format-code-task-000505,code,python,strip-future-history@1>purge-build-caches@1>mtime-normalize@1>separate-verifier@2,sha256:64f3a2341ef4464efd1d11820a4c7d0d2b5bf54d800dc1563cb2960a32d7f846,derived/task-store/variants/mimo-v2.6-rl__format-code-task-000505/64f3a2341ef4,none,built,purge-installed-copies@1 skipped: scope is CONFIRMED_PURGE plus already-carried run packages (HAR-194 stance),sha256:483b63428a91cba3d6a7cfb6af3b4244ee6c437c5149efdebf3c008d4f16de0c,
format-code-task-000511,code,python,strip-future-history@1>purge-build-caches@1>mtime-normalize@1>separate-verifier@2,sha256:9f86802d6b71396417fb80b3ba45f21aa459577f769f6efc7a3e19da4d5b2874,derived/task-store/variants/mimo-v2.6-rl__format-code-task-000511/9f86802d6b71,none,built,purge-installed-copies@1 skipped: scope is CONFIRMED_PURGE plus already-carried run packages (HAR-194 stance),sha256:9f8a16e2d71ef29d3beb617544cfbb1c86c8aae24dcfdb3b24edb477367cab0f,
format-code-task-000512,code,python,strip-future-history@1>purge-build-caches@1>mtime-normalize@1>separate-verifier@2,sha256:70d28fdc10989f375f3e67a640c4a041155bbb9aeee65a2c39337653e3a8e3a9,derived/task-store/variants/mimo-v2.6-rl__format-code-task-000512/70d28fdc1098,none,built,purge-installed-copies@1 skipped: scope is CONFIRMED_PURGE plus already-carried run packages (HAR-194 stance),sha256:09843be12ba1b3e50da2ef258b05c20ae8ce65507817b376fa62787498542412,
format-code-task-000513,code,python,strip-future-history@1>purge-build-caches@1>mtime-normalize@1>separate-verifier@2,sha256:b2467b203505f23bea2afe8638fee2e52f2f8907f0fa58b0f249364394c4992e,derived/task-store/variants/mimo-v2.6-rl__format-code-task-000513/b2467b203505,/Users/petermakhnatch/Developer/eval-lab-results/2026-10-07/HAR-191-oracle-sweep/tasks/format-code-task-000513/oracle/solution-patch.stdout.log,built,purge-installed-copies@1 skipped: scope is CONFIRMED_PURGE plus already-carried run packages (HAR-194 stance),sha256:d61fe4636abe00ec3f78fcb60b075c3bafd5d220e47141a0f1e83856af231fc9,oracle:pass+nop:fail
format-code-task-000517,code,python,strip-future-history@1>purge-build-caches@1>mtime-normalize@1>separate-verifier@2,sha256:41e196e0399b75e88bf5684be4e90f113d70b1df8461276a0a828a51c24d09f9,derived/task-store/variants/mimo-v2.6-rl__format-code-task-000517/41e196e0399b,none,built,purge-installed-copies@1 skipped: scope is CONFIRMED_PURGE plus already-carried run packages (HAR-194 stance),sha256:277ea6d376a1859cb3e1cdc78f740863d8e8d9162e2ce8161059e4211f68b1aa,
format-code-task-000519,code,python,strip-future-history@1>purge-build-caches@1>mtime-normalize@1>separate-verifier@2,sha256:833c21a7fed874355bf14a42755bc829a6d745b5de73b4f2104d3b9c150e35e4,derived/task-store/variants/mimo-v2.6-rl__format-code-task-000519/833c21a7fed8,none,built,purge-installed-copies@1 skipped: scope is CONFIRMED_PURGE plus already-carried run packages (HAR-194 stance),sha256:e41d9ef838d7c93993b3d542e42b9026afc2708f9c48746cc5df64c8b6d403c6,
format-code-task-000520,code,python,strip-future-history@1>purge-build-caches@1>mtime-normalize@1>separate-verifier@2,sha256:db460b0b1aceef64662c20ab68bdb8fd1c3f0a3081fda6ca20bd05259044e436,derived/task-store/variants/mimo-v2.6-rl__format-code-task-000520/db460b0b1ace,none,built,purge-installed-copies@1 skipped: scope is CONFIRMED_PURGE plus already-carried run packages (HAR-194 stance),sha256:f60a75cf02f78bf9462b3290b6c51b2ead49b9423d5ab1de331224cab8bf2c0e,
format-code-task-000521,code,python,strip-future-history@1>purge-build-caches@1>mtime-normalize@1>separate-verifier@2,sha256:fe78ac6465d0db679660a45499883a5ecc1ece996d583e3035400d392675993a,derived/task-store/variants/mimo-v2.6-rl__format-code-task-000521/fe78ac6465d0,none,built,purge-installed-copies@1 skipped: scope is CONFIRMED_PURGE plus already-carried run packages (HAR-194 stance),sha256:a37768d9102ababe1f27030a6cfa37aa71bc7fb7f0377cfc8820121a3583ad47,
format-code-task-000523,code,python,strip-future-history@1>purge-build-caches@1>mtime-normalize@1>separate-verifier@2,sha256:4f5bfa45e5ff479ed83d1aebaa1a961251d09562b1edf46abc350305bc1c4f96,derived/task-store/variants/mimo-v2.6-rl__format-code-task-000523/4f5bfa45e5ff,/Users/petermakhnatch/Developer/eval-lab-results/2026-10-07/HAR-191-oracle-sweep/tasks/format-code-task-000523/oracle/solution-patch.stdout.log,built,purge-installed-copies@1 skipped: scope is CONFIRMED_PURGE plus already-carried run packages (HAR-194 stance),sha256:f91783b577b62cf11156d5fd137ebae1a6338384d82072b45df449326584ddb0,oracle:pass+nop:fail
format-code-task-000525,code,python,strip-future-history@1>purge-build-caches@1>mtime-normalize@1>separate-verifier@2,sha256:213825c024b46da5d2d831bafdbe34f030b3cdefe090d0d9e31d5765a6280434,derived/task-store/variants/mimo-v2.6-rl__format-code-task-000525/213825c024b4,/Users/petermakhnatch/Developer/eval-lab-results/2026-10-07/HAR-191-oracle-sweep/tasks/format-code-task-000525/oracle/solution-patch.stdout.log,built,purge-installed-copies@1 skipped: scope is CONFIRMED_PURGE plus already-carried run packages (HAR-194 stance),sha256:fcb2018c41d60fc329c291dc4ab05b800a0bb807aa871c44701e5749117672e0,oracle:pass+nop:fail
format-code-task-000526,code,python,strip-future-history@1>purge-build-caches@1>mtime-normalize@1>separate-verifier@2,sha256:3122747f0b921b8234ff3989df8a8f71af50b0e84060819be23b1abec546ff35,derived/task-store/variants/mimo-v2.6-rl__format-code-task-000526/3122747f0b92,none,built,purge-installed-copies@1 skipped: scope is CONFIRMED_PURGE plus already-carried run packages (HAR-194 stance),sha256:4ebad11e830d59622d160a82c3d8076d72aff2bdf0d05c8678dd1bf62ae8012f,
format-code-task-000527,code,python,strip-future-history@1>purge-build-caches@1>mtime-normalize@1>separate-verifier@2,sha256:fc4fc2ec96e961787ccfe00982596ec1aea5b96976d7dfaba66ef9507ff01789,derived/task-store/variants/mimo-v2.6-rl__format-code-task-000527/fc4fc2ec96e9,none,built,purge-installed-copies@1 skipped: scope is CONFIRMED_PURGE plus already-carried run packages (HAR-194 stance),sha256:2416eb70254ecff22c9b4ce035a31c032859d2b52038c429177c23158098a059,
format-code-task-000529,code,python,strip-future-history@1>purge-build-caches@1>mtime-normalize@1>separate-verifier@2,sha256:2712e8121ff2e16c9ccbf5e4640211a981a5cf462752f172ef64f4a6be9e22e3,derived/task-store/variants/mimo-v2.6-rl__format-code-task-000529/2712e8121ff2,none,built,purge-installed-copies@1 skipped: scope is CONFIRMED_PURGE plus already-carried run packages (HAR-194 stance),sha256:e3032117019dfd6eb6dc2ffa75398b84eb54fd6709bb169ee9de9e8cd560b56a,
format-code-task-000530,code,python,strip-future-history@1>purge-build-caches@1>mtime-normalize@1>separate-verifier@2,sha256:749d8c991032bd527f1a2a3a7b788ac5267a8e22d85e844db7a91827ee8d4a2c,derived/task-store/variants/mimo-v2.6-rl__format-code-task-000530/749d8c991032,none,built,purge-installed-copies@1 skipped: scope is CONFIRMED_PURGE plus already-carried run packages (HAR-194 stance),sha256:5f4eed00684821a71f72cf2cd5d958597a888df04c974dca066d5c4b945168dd,
format-code-task-000531,code,python,strip-future-history@1>purge-build-caches@1>mtime-normalize@1>separate-verifier@2,sha256:5d6fbd5ab7158bb60f541a64fc3edb8c91906dcbe168034339c2fbd18fc5bee8,derived/task-store/variants/mimo-v2.6-rl__format-code-task-000531/5d6fbd5ab715,none,built,purge-installed-copies@1 skipped: scope is CONFIRMED_PURGE plus already-carried run packages (HAR-194 stance),sha256:f9230c7c64012b8bae9b9ff8200a3f4ed6b1fc539845e837bca2b442a455628d,
format-code-task-000540,code,python,strip-future-history@1>purge-build-caches@1>mtime-normalize@1>separate-verifier@2,sha256:966b80d37ce0e2c0740386334ef9b3497d21342a7af50356dbe6be25286586fa,derived/task-store/variants/mimo-v2.6-rl__format-code-task-000540/966b80d37ce0,none,built,purge-installed-copies@1 skipped: scope is CONFIRMED_PURGE plus already-carried run packages (HAR-194 stance),sha256:a3087bc9382642955d8a629c366d3a0a4a4eae84acc6d4b9a492cfe0b1aa2c89,
format-code-task-000541,code,python,strip-future-history@1>purge-build-caches@1>mtime-normalize@1>separate-verifier@2,sha256:33744b00f98fee0e0af2b442c0ece5a31db4b6bd581352b5dc069e05815aafec,derived/task-store/variants/mimo-v2.6-rl__format-code-task-000541/33744b00f98f,none,built,purge-installed-copies@1 skipped: scope is CONFIRMED_PURGE plus already-carried run packages (HAR-194 stance),sha256:50ee034eade5154a0b1b16d7bbc6c6e1cda12dc139f1c2aec6a6863605f29b8a,
format-code-task-000542,code,python,strip-future-history@1>purge-build-caches@1>mtime-normalize@1>separate-verifier@2,sha256:ac176e6c681bb12616639a694166d7242a635d8df0f57e91bdc5e239f6c946ed,derived/task-store/variants/mimo-v2.6-rl__format-code-task-000542/ac176e6c681b,none,built,purge-installed-copies@1 skipped: scope is CONFIRMED_PURGE plus already-carried run packages (HAR-194 stance),sha256:8baaecaf14b63c4d5e02cc346a2aa1bd3b2137de0ecaa49b6292e9632777455b,
format-code-task-000543,code,python,strip-future-history@1>purge-build-caches@1>mtime-normalize@1>separate-verifier@2,sha256:256c7f0d8f93ac03c1a8ad680ccaf99f2b23d6db2ca18d1741c3c6e182ca6b95,derived/task-store/variants/mimo-v2.6-rl__format-code-task-000543/256c7f0d8f93,none,built,purge-installed-copies@1 skipped: scope is CONFIRMED_PURGE plus already-carried run packages (HAR-194 stance),sha256:0ee43f88142a53bc659312ed0f2c4427607ef3b20a0e82ccbbb9c495d591f7ce,
format-code-task-000544,code,python,strip-future-history@1>purge-build-caches@1>mtime-normalize@1>separate-verifier@2,sha256:fbd5c4e1b61a9cfcb6285d80d2d6c68e0a342f488f421f6559c7fb9b937eb35b,derived/task-store/variants/mimo-v2.6-rl__format-code-task-000544/fbd5c4e1b61a,none,built,purge-installed-copies@1 skipped: scope is CONFIRMED_PURGE plus already-carried run packages (HAR-194 stance),sha256:63b90ff7e10b42eebf54990d027f624ddf3ebbdf8825da0c20448c33145e25bf,
format-code-task-000545,code,python,strip-future-history@1>purge-build-caches@1>mtime-normalize@1>separate-verifier@2,sha256:886ef59d2c18220ddc19c6795b2afe870c6c4d799a6e42bfb9464b297e82fb31,derived/task-store/variants/mimo-v2.6-rl__format-code-task-000545/886ef59d2c18,/Users/petermakhnatch/Developer/eval-lab-results/2026-10-07/HAR-191-oracle-sweep/tasks/format-code-task-000545/oracle/solution-patch.stdout.log,built,purge-installed-copies@1 skipped: scope is CONFIRMED_PURGE plus already-carried run packages (HAR-194 stance),sha256:8bd941836f67232e5001976161bd31a75ce42b65f0168d2d1d61a2fd76dbc0eb,oracle:pass+nop:fail
format-code-task-000550,code,python,strip-future-history@1>purge-build-caches@1>mtime-normalize@1>separate-verifier@2,sha256:9762a7f5d4466097de19e3796f37a7fc8ebbdc3e6d523a94cf9f6c1a65b67e64,derived/task-store/variants/mimo-v2.6-rl__format-code-task-000550/9762a7f5d446,none,built,purge-installed-copies@1 skipped: scope is CONFIRMED_PURGE plus already-carried run packages (HAR-194 stance),sha256:3dfe3fda6e87a5a08ca6cf30fae849b8d5c7fd99f3b252d8ae51021dc9873b10,
format-code-task-000552,code,python,,,,none,skipped,ledger verdict=discard status=discarded: verifier passes only with egress open (research/experiments/python-task-ledger/oracle-pilot/000552-open.json research/experiments/python-task-ledger/oracle-pilot/000552-locked.json:oracle:fail-network); allow-list rejected because a networked verifier can exfiltrate hidden inputs; recorded mock rejected because no response bodies were captured,sha256:d2cbd3f557c57dfbd2abf157823f51a047b2c8f71423fbdad6f663eecbec27a0,
format-code-task-000557,code,python,strip-future-history@1>purge-build-caches@1>mtime-normalize@1>separate-verifier@2,sha256:97a681788191e5550b3a22c019775066520e640b45057336943b24240300c074,derived/task-store/variants/mimo-v2.6-rl__format-code-task-000557/97a681788191,none,built,purge-installed-copies@1 skipped: scope is CONFIRMED_PURGE plus already-carried run packages (HAR-194 stance),sha256:ab3ad74e989b7016bf2b1ffe299a2d7e6148c5a9fcec141c3051302137ab5de3,
format-code-task-000558,code,python,strip-future-history@1>purge-build-caches@1>mtime-normalize@1>separate-verifier@2,sha256:a63bad85f934241c536bb39b051cb4b4f4c662290063a2a0507c3cff0a9ec9ba,derived/task-store/variants/mimo-v2.6-rl__format-code-task-000558/a63bad85f934,/Users/petermakhnatch/Developer/eval-lab-results/2026-10-07/HAR-191-oracle-sweep/tasks/format-code-task-000558/oracle/solution-patch.stdout.log,built,purge-installed-copies@1 skipped: scope is CONFIRMED_PURGE plus already-carried run packages (HAR-194 stance),sha256:623c7aad76bd53da7a1d40d8dff572bb9f189de09dcb18861beebe926931f390,oracle:pass+nop:fail
format-code-task-000560,code,python,strip-future-history@1>purge-build-caches@1>mtime-normalize@1>separate-verifier@2,sha256:9c64e5228876ec0a3c73258428a720b00ad3cd9e0334e9519a480ef1e5bac744,derived/task-store/variants/mimo-v2.6-rl__format-code-task-000560/9c64e5228876,none,built,purge-installed-copies@1 skipped: scope is CONFIRMED_PURGE plus already-carried run packages (HAR-194 stance),sha256:46b0a1412bc4633949daa35520823ed41f9f4063d763c7fa8ffda1dc5749411a,
format-code-task-000561,code,python,strip-future-history@1>purge-build-caches@1>mtime-normalize@1>separate-verifier@2,sha256:6e594f748d6bb4ee4e036d4d4a383d82017ab0ffbf3e05b8526470f0ad99c65a,derived/task-store/variants/mimo-v2.6-rl__format-code-task-000561/6e594f748d6b,none,built,purge-installed-copies@1 skipped: scope is CONFIRMED_PURGE plus already-carried run packages (HAR-194 stance),sha256:8bf755afb8c5fb88a13d3fd5430a2bc17120bce8160ab6cd739aa360e0a75a01,
format-code-task-000566,code,python,strip-future-history@1>purge-build-caches@1>mtime-normalize@1>separate-verifier@2,sha256:ad5564a388000c0744e11d7732350245470fe52d867ec300d3021838defa46b1,derived/task-store/variants/mimo-v2.6-rl__format-code-task-000566/ad5564a38800,/Users/petermakhnatch/Developer/eval-lab-results/2026-10-07/HAR-191-oracle-sweep/tasks/format-code-task-000566/oracle/solution-patch.stdout.log,built,purge-installed-copies@1 skipped: scope is CONFIRMED_PURGE plus already-carried run packages (HAR-194 stance),sha256:6630185c341ebac5d647df47fdd2c310b88967a951219be3102d49f9f3113cf1,oracle:pass+nop:fail
format-code-task-000568,code,python,strip-future-history@1>purge-build-caches@1>mtime-normalize@1>separate-verifier@2,sha256:ae5ead03846050e70bd2ae6abd00650b851879427e32e8fa573ac21c1a62dd7e,derived/task-store/variants/mimo-v2.6-rl__format-code-task-000568/ae5ead038460,none,built,purge-installed-copies@1 skipped: scope is CONFIRMED_PURGE plus already-carried run packages (HAR-194 stance),sha256:11021499591d1aba69448515beb0565c7401339c77a9de36f44fdd92d4f5a543,
format-code-task-000571,code,python,strip-future-history@1>purge-build-caches@1>mtime-normalize@1>separate-verifier@2,sha256:e58c52bc02b9d2f157926aa51b05b171e5f308730b4749d5020cdcd2f15b5f42,derived/task-store/variants/mimo-v2.6-rl__format-code-task-000571/e58c52bc02b9,none,built,purge-installed-copies@1 skipped: scope is CONFIRMED_PURGE plus already-carried run packages (HAR-194 stance),sha256:d09f19f370f27fb063d2a665c5d8cf4d198a3a3b1afce4b35a479ba2b8b6d208,
format-code-task-000573,code,python,strip-future-history@1>purge-build-caches@1>mtime-normalize@1>separate-verifier@2,sha256:6d6b0e84739697b844cb8d7176128b46295007c2323afdb704394e9cd71e6a51,derived/task-store/variants/mimo-v2.6-rl__format-code-task-000573/6d6b0e847396,none,built,purge-installed-copies@1 skipped: scope is CONFIRMED_PURGE plus already-carried run packages (HAR-194 stance),sha256:06a195a4b6da233e2d62535988f5219fdeb076c70f97e085a2156cd6da638a60,
format-code-task-000580,code,python,strip-future-history@1>purge-build-caches@1>mtime-normalize@1>separate-verifier@2,sha256:03d2197fbc4fc8bcfe5ce06a5f607da2415776669c10524323cd6653be26e5a9,derived/task-store/variants/mimo-v2.6-rl__format-code-task-000580/03d2197fbc4f,none,built,purge-installed-copies@1 skipped: scope is CONFIRMED_PURGE plus already-carried run packages (HAR-194 stance),sha256:7540a1fe8ea160b4b3d0e5c76c2f3ddbfb7f8bdadbc1891a2110873ae5915f28,
format-code-task-000581,code,python,strip-future-history@1>purge-build-caches@1>mtime-normalize@1>separate-verifier@2,sha256:81cbaeffc4d13f15f1336626e05b5d150f5a3ae96c3f377b82d25ed463702e7b,derived/task-store/variants/mimo-v2.6-rl__format-code-task-000581/81cbaeffc4d1,none,built,purge-installed-copies@1 skipped: scope is CONFIRMED_PURGE plus already-carried run packages (HAR-194 stance),sha256:35473b4b85e9400c0d53ad0d2c968b56669657137796254eb85cb0ca656f9c25,
format-code-task-000582,code,python,strip-future-history@1>purge-build-caches@1>mtime-normalize@1>separate-verifier@2,sha256:09ce7f462aeb430c07a4993ab8576bfd3c6e3ce5ea6df2d8ff614ce800c449cb,derived/task-store/variants/mimo-v2.6-rl__format-code-task-000582/09ce7f462aeb,none,built,purge-installed-copies@1 skipped: scope is CONFIRMED_PURGE plus already-carried run packages (HAR-194 stance),sha256:e29a380726184d6f2f2c473196a97a35c400ee636ba7717581123b7e801fb0af,
format-code-task-000585,code,python,strip-future-history@1>purge-build-caches@1>mtime-normalize@1>separate-verifier@2,sha256:c4804e743f5e4371b638a54e4b4280deb1472a3ea9a36df6acd5faedb5afc9cf,derived/task-store/variants/mimo-v2.6-rl__format-code-task-000585/c4804e743f5e,none,built,purge-installed-copies@1 skipped: scope is CONFIRMED_PURGE plus already-carried run packages (HAR-194 stance),sha256:8c7715cf8df6d109558314d70c1758720b478e168f695282cea99eefac115ce3,
format-code-task-000587,code,python,strip-future-history@1>purge-build-caches@1>mtime-normalize@1>separate-verifier@2,sha256:82be69873a5a83111793737d3ec62b939eb51240ed2f42e9b44f0405974d3d4e,derived/task-store/variants/mimo-v2.6-rl__format-code-task-000587/82be69873a5a,none,built,purge-installed-copies@1 skipped: scope is CONFIRMED_PURGE plus already-carried run packages (HAR-194 stance),sha256:41e76938cfdae0b5e09f54693dd28e99a8c475fa73947b79e5e1e476707b7315,
format-code-task-000589,code,python,strip-future-history@1>purge-build-caches@1>mtime-normalize@1>separate-verifier@2,sha256:cb7a2275963459d057872a162dd78f9987dd4fe5d4d2561cb5a1beda0e709c4e,derived/task-store/variants/mimo-v2.6-rl__format-code-task-000589/cb7a22759634,none,built,purge-installed-copies@1 skipped: scope is CONFIRMED_PURGE plus already-carried run packages (HAR-194 stance),sha256:f2829755639fec33973a5160827cdcac065b695181c767084d09334cdf7970e3,
format-code-task-000592,code,python,strip-future-history@1>purge-build-caches@1>mtime-normalize@1>separate-verifier@2,sha256:58f4d2cb983eeff1e782da53afa27ae70b1388c098d5daa40f29cbd19a0d9a59,derived/task-store/variants/mimo-v2.6-rl__format-code-task-000592/58f4d2cb983e,none,built,purge-installed-copies@1 skipped: scope is CONFIRMED_PURGE plus already-carried run packages (HAR-194 stance),sha256:e425a5fae79bb4e0662d3bc1ad1575094ef8c0ae5bc437bdddf8856bd432f6f8,
format-code-task-000593,code,python,strip-future-history@1>purge-build-caches@1>mtime-normalize@1>separate-verifier@2,sha256:209e04b630c990463fae10b3fee2b1407c9bd8c39d6082f0492265f8aa9f5a23,derived/task-store/variants/mimo-v2.6-rl__format-code-task-000593/209e04b630c9,none,built,purge-installed-copies@1 skipped: scope is CONFIRMED_PURGE plus already-carried run packages (HAR-194 stance),sha256:1b82414a8f58c0c287e337255441b2bb93852dd50dae86463d14bcb46288f845,
format-code-task-000605,code,python,strip-future-history@1>purge-build-caches@1>mtime-normalize@1>separate-verifier@2,sha256:40ffa3a4dce6a0c4cd19fc0feb508ba991f35793d712f04ad365938ef3223192,derived/task-store/variants/mimo-v2.6-rl__format-code-task-000605/40ffa3a4dce6,none,built,purge-installed-copies@1 skipped: scope is CONFIRMED_PURGE plus already-carried run packages (HAR-194 stance),sha256:f1029d9c088ff63b97e0736e38631c6eef446346ee31f0b4e79c5894f527b45a,
format-code-task-000609,code,python,strip-future-history@1>purge-build-caches@1>mtime-normalize@1>separate-verifier@2,sha256:61988b1ae00c7b1a1b7533ed5f5a9e16a757c3675f643efbcc60c36fa1a719e7,derived/task-store/variants/mimo-v2.6-rl__format-code-task-000609/61988b1ae00c,none,built,purge-installed-copies@1 skipped: scope is CONFIRMED_PURGE plus already-carried run packages (HAR-194 stance),sha256:ff6f63fe9eaddb240c4cd940b162ce0b50a08d47fd7ff69edc29c7d7cf8d61e0,
format-code-task-000613,code,python,,,,none,skipped,"ledger verdict=discard status=discarded: broken environment, no known repair: trial exception: SandboxBuildFailedError",sha256:00fbcf1b45433b7d38e90da233f5bd3a4e45745d4d4276ce5ed53ba6123f246a,
format-code-task-000614,code,python,,,,none,skipped,"ledger verdict=discard status=discarded: broken environment, no known repair: trial exception: SandboxBuildFailedError",sha256:05b0ac3bb435433cacd17f01414f3fc0c5e928fce6d760ccff4d01689549f66e,
format-code-task-000617,code,python,strip-future-history@1>purge-build-caches@1>mtime-normalize@1>separate-verifier@2,sha256:ed3b27d5a2f65372419ff6e2f0942aa546b3b179ea7afd7e790174eaa1d813a7,derived/task-store/variants/mimo-v2.6-rl__format-code-task-000617/ed3b27d5a2f6,none,built,purge-installed-copies@1 skipped: scope is CONFIRMED_PURGE plus already-carried run packages (HAR-194 stance),sha256:48efd8512a9508c780c81dfe81c6891496e96d87a66106c5c5956c0406e76151,
format-code-task-000624,code,python,strip-future-history@1>purge-build-caches@1>mtime-normalize@1>separate-verifier@2,sha256:e7650023fb4e83f7b166698b658333c73565b7257562606e97a7180e245696ca,derived/task-store/variants/mimo-v2.6-rl__format-code-task-000624/e7650023fb4e,none,built,purge-installed-copies@1 skipped: scope is CONFIRMED_PURGE plus already-carried run packages (HAR-194 stance),sha256:bc1b3324937b0e8d11cbfa798272a3dc6bbf4d535e8619bdbcf6fd55923cc9e1,
format-code-task-000625,code,python,strip-future-history@1>purge-build-caches@1>mtime-normalize@1>separate-verifier@2,sha256:76eff62a6f0005163f0b9a448a0cd44bf76a9e4a507c859bf65188520fa69235,derived/task-store/variants/mimo-v2.6-rl__format-code-task-000625/76eff62a6f00,none,built,purge-installed-copies@1 skipped: scope is CONFIRMED_PURGE plus already-carried run packages (HAR-194 stance),sha256:a8f503b20da332978e65dd8b03358a053a905fcbd1b7a7555c9099271fcaa0e9,
format-code-task-000633,code,python,strip-future-history@1>purge-build-caches@1>mtime-normalize@1>separate-verifier@2,sha256:56ebb09f17b6a61de424495aff28b1901f51a1a1b4d6e215f3bd0b64954f907a,derived/task-store/variants/mimo-v2.6-rl__format-code-task-000633/56ebb09f17b6,none,built,purge-installed-copies@1 skipped: scope is CONFIRMED_PURGE plus already-carried run packages (HAR-194 stance),sha256:17e8366712dab422128cad78dd449b2b30a477fb05bb2a6d589fcabff064014d,
format-code-task-000634,code,python,strip-future-history@1>purge-build-caches@1>mtime-normalize@1>separate-verifier@2,sha256:c56d0112050e333a93e8b000ff0c259e1e24a8c29f6518aa345111555a7d3f4e,derived/task-store/variants/mimo-v2.6-rl__format-code-task-000634/c56d0112050e,none,built,purge-installed-copies@1 skipped: scope is CONFIRMED_PURGE plus already-carried run packages (HAR-194 stance),sha256:06230e82d8d83191d7f62832c5c57be77e6624e064b130a2e7f59a00c5277f6e,
format-code-task-000635,code,python,strip-future-history@1>purge-build-caches@1>mtime-normalize@1>separate-verifier@2,sha256:e2c00fe20ed0400492d8be0d101384e9610bd7865101051d29824cb34b63ff6b,derived/task-store/variants/mimo-v2.6-rl__format-code-task-000635/e2c00fe20ed0,none,built,purge-installed-copies@1 skipped: scope is CONFIRMED_PURGE plus already-carried run packages (HAR-194 stance),sha256:6c0291ee94740219ac0efb51e871209c4f02f7616b09260d9409059adf4dfa43,
format-code-task-000636,code,python,strip-future-history@1>purge-build-caches@1>mtime-normalize@1>separate-verifier@2,sha256:26c8e045724e5a4b47aef0ceca9b9cc230cc7899af8de827d278ce6ea2396743,derived/task-store/variants/mimo-v2.6-rl__format-code-task-000636/26c8e045724e,/Users/petermakhnatch/Developer/eval-lab-results/2026-10-07/HAR-191-oracle-sweep/tasks/format-code-task-000636/oracle/solution-patch.stdout.log,built,purge-installed-copies@1 skipped: scope is CONFIRMED_PURGE plus already-carried run packages (HAR-194 stance),sha256:b8f4131a123fc6db7b3fd6eabe06e08c54565ca519f55244e7328c517f5f986a,oracle:pass+nop:fail
format-code-task-000644,code,python,strip-future-history@1>purge-build-caches@1>mtime-normalize@1>separate-verifier@2,sha256:f0cdccb3cbc3716531d688f91e1f4dd254c240395c2bb53042b1c25b08c9d1cc,derived/task-store/variants/mimo-v2.6-rl__format-code-task-000644/f0cdccb3cbc3,/Users/petermakhnatch/Developer/eval-lab-results/2026-10-07/HAR-191-oracle-sweep/tasks/format-code-task-000644/oracle/solution-patch.stdout.log,built,purge-installed-copies@1 skipped: scope is CONFIRMED_PURGE plus already-carried run packages (HAR-194 stance),sha256:8275046467c83884bb8af2722b0f6f071a2ddac0173b10a75cadd0eafbd6d6e2,oracle:pass+nop:fail
format-code-task-000645,code,python,strip-future-history@1>purge-build-caches@1>mtime-normalize@1>separate-verifier@2,sha256:8535d73c5ec73832f34c444456833058976a394c10b5c44f25a02f9b3be0bac9,derived/task-store/variants/mimo-v2.6-rl__format-code-task-000645/8535d73c5ec7,none,built,purge-installed-copies@1 skipped: scope is CONFIRMED_PURGE plus already-carried run packages (HAR-194 stance),sha256:a4efb640928ca8269c97a085b96336808d3dde8f61087009cc767419853e0091,
format-code-task-000651,code,python,strip-future-history@1>purge-build-caches@1>mtime-normalize@1>separate-verifier@2,sha256:b470460f357d211c5c4ff5beb40ae6f097a0877e81cd692a8d8aa4f880ef9e87,derived/task-store/variants/mimo-v2.6-rl__format-code-task-000651/b470460f357d,none,built,purge-installed-copies@1 skipped: scope is CONFIRMED_PURGE plus already-carried run packages (HAR-194 stance),sha256:0763948829e0abb21323857d1930ecb4c1e5781bb803dd333cb3cfbb1a0b0eed,
format-code-task-000652,code,python,strip-future-history@1>purge-build-caches@1>mtime-normalize@1>separate-verifier@2,sha256:4d7946d078c5b462b204c33dae0905a16f512131e5534f3435c2b700c7915511,derived/task-store/variants/mimo-v2.6-rl__format-code-task-000652/4d7946d078c5,none,built,purge-installed-copies@1 skipped: scope is CONFIRMED_PURGE plus already-carried run packages (HAR-194 stance),sha256:11343f2dd28f210eb7f3df450f4fa238f47f52b8847dc33543471b30914505b3,
format-code-task-000654,code,python,strip-future-history@1>purge-build-caches@1>mtime-normalize@1>separate-verifier@2,sha256:37f94d1b5d123dc51b2bf325b766387695fc638667f25088764fadf9e634e92d,derived/task-store/variants/mimo-v2.6-rl__format-code-task-000654/37f94d1b5d12,none,built,purge-installed-copies@1 skipped: scope is CONFIRMED_PURGE plus already-carried run packages (HAR-194 stance),sha256:d8c186f49c3407cd2ca71f5d0c919d376c8096007c85e7ebfe3c2de39891da9c,
format-code-task-000655,code,python,strip-future-history@1>purge-build-caches@1>mtime-normalize@1>separate-verifier@2,sha256:8ae1c379806fcd7a1b232659e49c41411a46e1084db2fd6d0b992eca33900b7e,derived/task-store/variants/mimo-v2.6-rl__format-code-task-000655/8ae1c379806f,none,built,purge-installed-copies@1 skipped: scope is CONFIRMED_PURGE plus already-carried run packages (HAR-194 stance),sha256:e39d00fb1e4f8648a3bbea38348e0e8dfc778ec9401fd8ca935fb470abd534b3,
format-code-task-000657,code,python,strip-future-history@1>purge-build-caches@1>mtime-normalize@1>separate-verifier@2,sha256:e1096fc372fb13c999a0f16fa73c68e931345f2d537fbcb00312eb01c5f46a00,derived/task-store/variants/mimo-v2.6-rl__format-code-task-000657/e1096fc372fb,none,built,purge-installed-copies@1 skipped: scope is CONFIRMED_PURGE plus already-carried run packages (HAR-194 stance),sha256:1dc560664af8090f3e4007a54aeef07249787b4eac2880ae04ea0ec2d2112277,
format-code-task-000659,code,python,strip-future-history@1>purge-build-caches@1>mtime-normalize@1>separate-verifier@2,sha256:044b9e7b5e3178fb5845e2363556f95e2d573ecaf99249794b118924d112dd0d,derived/task-store/variants/mimo-v2.6-rl__format-code-task-000659/044b9e7b5e31,none,built,purge-installed-copies@1 skipped: scope is CONFIRMED_PURGE plus already-carried run packages (HAR-194 stance),sha256:67285f6c4e0ee97402f915e060f1398638aede9134c4d2f24913a3498dc7be0a,
format-code-task-000666,code,python,strip-future-history@1>purge-build-caches@1>mtime-normalize@1>separate-verifier@2,sha256:317dee27b9a5ae59700dfb416a7696571892e65e54fafb0f88762d16f203104e,derived/task-store/variants/mimo-v2.6-rl__format-code-task-000666/317dee27b9a5,/Users/petermakhnatch/Developer/eval-lab-results/2026-10-07/HAR-191-oracle-sweep/tasks/format-code-task-000666/oracle/solution-patch.stdout.log,built,purge-installed-copies@1 skipped: scope is CONFIRMED_PURGE plus already-carried run packages (HAR-194 stance),sha256:76498a2dd70ee6c11bbc209f810bc6ca8d4b6a507ff9fd748739b10e4c7ba85c,oracle:pass+nop:fail
format-code-task-000670,code,python,strip-future-history@1>purge-build-caches@1>mtime-normalize@1>separate-verifier@2,sha256:5f8001342face4b317444889450f6b2d0c78b3bbd7c6fe2992f55517a16f49f8,derived/task-store/variants/mimo-v2.6-rl__format-code-task-000670/5f8001342fac,/Users/petermakhnatch/Developer/eval-lab-results/2026-10-07/HAR-191-oracle-sweep/tasks/format-code-task-000670/oracle/solution-patch.stdout.log,built,purge-installed-copies@1 skipped: scope is CONFIRMED_PURGE plus already-carried run packages (HAR-194 stance),sha256:c89bc361f5b27100694127839cdbb96f084d3e4a3ce40770d0dd6ba4192efbe7,oracle:pass+nop:fail
format-code-task-000680,code,python,strip-future-history@1>purge-build-caches@1>mtime-normalize@1>separate-verifier@2,sha256:ebdd4db39140846f865851910e5bb3af50395b4a6947af1a09b4593a5c17f3a9,derived/task-store/variants/mimo-v2.6-rl__format-code-task-000680/ebdd4db39140,none,built,purge-installed-copies@1 skipped: scope is CONFIRMED_PURGE plus already-carried run packages (HAR-194 stance),sha256:0948331015edce9cd2577a691583a33aab729bec35feaea85d5ace548bbdc10e,
format-code-task-000682,code,python,strip-future-history@1>purge-build-caches@1>mtime-normalize@1>separate-verifier@2,sha256:5df29c065ec267a9fd5d467fd117c4fb607f9e96fefe17195bda7f7f111ffe23,derived/task-store/variants/mimo-v2.6-rl__format-code-task-000682/5df29c065ec2,none,built,purge-installed-copies@1 skipped: scope is CONFIRMED_PURGE plus already-carried run packages (HAR-194 stance),sha256:d0a65e41ea576ff2832990e0bc3462c8628fd4755471a464490081799f7587f1,
format-code-task-000683,code,python,strip-future-history@1>purge-build-caches@1>mtime-normalize@1>separate-verifier@2,sha256:20d0d105d51ca4aadea50c588a31904abc235f92f6feef10a5909975bbd47c86,derived/task-store/variants/mimo-v2.6-rl__format-code-task-000683/20d0d105d51c,none,built,purge-installed-copies@1 skipped: scope is CONFIRMED_PURGE plus already-carried run packages (HAR-194 stance),sha256:ef9ca46b2482cd81d33938d3e527b5455f2d88534b5f5fc00213383f8adf596d,
format-code-task-000684,code,python,strip-future-history@1>purge-build-caches@1>mtime-normalize@1>separate-verifier@2,sha256:7567bec0e3004d40af424e2a9f56402f8f442c3765c503bb060d2e47482ccede,derived/task-store/variants/mimo-v2.6-rl__format-code-task-000684/7567bec0e300,none,built,purge-installed-copies@1 skipped: scope is CONFIRMED_PURGE plus already-carried run packages (HAR-194 stance),sha256:9b1fc54f3895b8fa91e52aefc74a8274553cd74359956f1682e9ee75155ff1bf,
format-code-task-000698,code,python,strip-future-history@1>purge-build-caches@1>mtime-normalize@1>separate-verifier@2,sha256:d4ba38fb15265f7c48bb52b862a7a4e2c2cdef12bded5f8a5fe2f8b870c38e17,derived/task-store/variants/mimo-v2.6-rl__format-code-task-000698/d4ba38fb1526,none,built,purge-installed-copies@1 skipped: scope is CONFIRMED_PURGE plus already-carried run packages (HAR-194 stance),sha256:7058a05792812b9597f775e60bb1f4cde5fd854b452cc0063e4b867a4ff31fd3,
format-code-task-000700,code,python,strip-future-history@1>purge-build-caches@1>mtime-normalize@1>separate-verifier@2,sha256:f699b42a35c3601a1656d685ad074e08c1b54f6263445d29002443ae36508e22,derived/task-store/variants/mimo-v2.6-rl__format-code-task-000700/f699b42a35c3,none,built,purge-installed-copies@1 skipped: scope is CONFIRMED_PURGE plus already-carried run packages (HAR-194 stance),sha256:318a34f366b78eaed23923d2c209641b9c8b33a691f9d19c3d34a1038f4624fa,
format-code-task-000702,code,python,strip-future-history@1>purge-build-caches@1>mtime-normalize@1>separate-verifier@2,sha256:9a0ae18b80b69df76d283e7a203818a5821515cd88f8adfd383de3aa16ab8ec4,derived/task-store/variants/mimo-v2.6-rl__format-code-task-000702/9a0ae18b80b6,none,built,purge-installed-copies@1 skipped: scope is CONFIRMED_PURGE plus already-carried run packages (HAR-194 stance),sha256:93e43c42055c149b4301bf5f5ea57d74c5ac9edae77144c098af20beed5e9262,
format-code-task-000703,code,python,strip-future-history@1>purge-build-caches@1>mtime-normalize@1>separate-verifier@2,sha256:c2c4ac09b01e6a9252d32a0e4bcfacfc6dbcb8524fa78e5f87e3941c4fc02269,derived/task-store/variants/mimo-v2.6-rl__format-code-task-000703/c2c4ac09b01e,none,built,purge-installed-copies@1 skipped: scope is CONFIRMED_PURGE plus already-carried run packages (HAR-194 stance),sha256:e90ef0f8e78ad7d075e47430ba9efc9c46fe06d9c9a55bae6968d979796cb24d,
format-code-task-000705,code,python,strip-future-history@1>purge-build-caches@1>mtime-normalize@1>separate-verifier@2,sha256:52c58af813382ce54c3276105a432befad2c78591ce8fe58063e3bb0c0711cab,derived/task-store/variants/mimo-v2.6-rl__format-code-task-000705/52c58af81338,none,built,purge-installed-copies@1 skipped: scope is CONFIRMED_PURGE plus already-carried run packages (HAR-194 stance),sha256:888723b465e859b208b6a19b61e219ac58d7758ec45772d1ea788c128acadff9,
format-code-task-000706,code,python,strip-future-history@1>purge-build-caches@1>mtime-normalize@1>separate-verifier@2,sha256:1b22ffa428398c00f918c42a7fdc64661c1541ebf7105da6f40a77ebbe1794a3,derived/task-store/variants/mimo-v2.6-rl__format-code-task-000706/1b22ffa42839,none,built,purge-installed-copies@1 skipped: scope is CONFIRMED_PURGE plus already-carried run packages (HAR-194 stance),sha256:98a7479ed292791114a932443a0c431b83180b3fec8b7d4c585a8e1af45a77cc,
format-code-task-000708,code,python,strip-future-history@1>purge-build-caches@1>mtime-normalize@1>separate-verifier@2,sha256:fa4ca6d0c5e6f9106ba30cd06f224ebdff32d5748eb0fbf04d435bfd8bc6061c,derived/task-store/variants/mimo-v2.6-rl__format-code-task-000708/fa4ca6d0c5e6,none,built,purge-installed-copies@1 skipped: scope is CONFIRMED_PURGE plus already-carried run packages (HAR-194 stance),sha256:951af79f28cad0568889e8edf8746c0e5c6a0a593014d9f53c31a0d188e53fc3,
format-code-task-000717,code,python,strip-future-history@1>purge-build-caches@1>mtime-normalize@1>separate-verifier@2,sha256:64b22df3b370455e4cb3295cf0ee0bce88dbfd10944b7290d2a5ccd7845bcaf8,derived/task-store/variants/mimo-v2.6-rl__format-code-task-000717/64b22df3b370,none,built,purge-installed-copies@1 skipped: scope is CONFIRMED_PURGE plus already-carried run packages (HAR-194 stance),sha256:0a0e88e1615bd54b1e0419afd19a970f283490245faa7c775308775393305068,
format-code-task-000725,code,python,strip-future-history@1>purge-build-caches@1>mtime-normalize@1>separate-verifier@2,sha256:aaec593c93920f3f088495a684462c88b15737a29c623163f9b5513d38f66e35,derived/task-store/variants/mimo-v2.6-rl__format-code-task-000725/aaec593c9392,none,built,purge-installed-copies@1 skipped: scope is CONFIRMED_PURGE plus already-carried run packages (HAR-194 stance),sha256:ca6c22fd9a98537a79e976263438b245775eb95e109d6243eed11daece72eb28,
format-code-task-000726,code,python,strip-future-history@1>purge-build-caches@1>mtime-normalize@1>separate-verifier@2,sha256:96e2956a06d524c36987367424a4a7cc87d4fe9fad68a88404922ecb4d62ecf2,derived/task-store/variants/mimo-v2.6-rl__format-code-task-000726/96e2956a06d5,none,built,purge-installed-copies@1 skipped: scope is CONFIRMED_PURGE plus already-carried run packages (HAR-194 stance),sha256:7c980a4ba0e7b4e19e0899c19137ae2b4bec1786ca6808f016b88bca99e8e551,
format-code-task-000728,code,python,strip-future-history@1>purge-build-caches@1>mtime-normalize@1>separate-verifier@2,sha256:46d7051d7ac28faceb96a312825586d44579c5e46127f97b05f800a819310e7a,derived/task-store/variants/mimo-v2.6-rl__format-code-task-000728/46d7051d7ac2,none,built,purge-installed-copies@1 skipped: scope is CONFIRMED_PURGE plus already-carried run packages (HAR-194 stance),sha256:2447af00887b483b14cc42e2209a86afedc9dc5c983d2f47809e12803adff3a3,
format-code-task-000732,code,python,strip-future-history@1>purge-build-caches@1>mtime-normalize@1>separate-verifier@2,sha256:3b334087652fe27e65d261532d897265ea24c318e8a769ba6a4bb8516e90b3e7,derived/task-store/variants/mimo-v2.6-rl__format-code-task-000732/3b334087652f,none,built,purge-installed-copies@1 skipped: scope is CONFIRMED_PURGE plus already-carried run packages (HAR-194 stance),sha256:01944c618c7155ea8a5b05c294daf7a401a2b5511550b52897eb97c5b82151ed,
format-code-task-000734,code,python,strip-future-history@1>purge-build-caches@1>mtime-normalize@1>separate-verifier@2,sha256:48ad239ff420a909fae9f9e7c19ab2f92b2deaf0dccf233b54021e8a581ebb88,derived/task-store/variants/mimo-v2.6-rl__format-code-task-000734/48ad239ff420,none,built,purge-installed-copies@1 skipped: scope is CONFIRMED_PURGE plus already-carried run packages (HAR-194 stance),sha256:b1e280f1b95561bf5def90cf860e220ff26df0e55c076717510d299e55e2d212,
format-code-task-000735,code,python,strip-future-history@1>purge-build-caches@1>mtime-normalize@1>separate-verifier@2,sha256:75ef6004f36b15aa09f97e9811ddec3fb309ed78defbab71401399e2b0072f6d,derived/task-store/variants/mimo-v2.6-rl__format-code-task-000735/75ef6004f36b,none,built,purge-installed-copies@1 skipped: scope is CONFIRMED_PURGE plus already-carried run packages (HAR-194 stance),sha256:31a31b80bebae7e19e1a00fe529aff070d1084d4f400552ab3c1cd33683a137d,
format-code-task-000737,code,python,strip-future-history@1>purge-build-caches@1>mtime-normalize@1>separate-verifier@2,sha256:36bae6e5b8fced7005c46e650958e4e62bf3ad62da2bc1724ee4e973afc3a669,derived/task-store/variants/mimo-v2.6-rl__format-code-task-000737/36bae6e5b8fc,none,built,purge-installed-copies@1 skipped: scope is CONFIRMED_PURGE plus already-carried run packages (HAR-194 stance),sha256:d9096c3e229d241b78d288d7825df963cb63f26143ac7a30e131f91f9524488f,
format-code-task-000738,code,python,,,,none,skipped,"ledger verdict=discard status=discarded: broken environment, no known repair: ImportError: CuPy is not correctly installed. Please check your environment, uninstall CuPy and reinstall it with `pip install cupy --no-cache-dir -vvvv`.",sha256:0d18c26f2006af449db94bdc2107608bf036d5720e3679f105530969ee6d6218,
format-code-task-000742,code,python,strip-future-history@1>purge-build-caches@1>mtime-normalize@1>separate-verifier@2,sha256:ceadd1e50487c511366b6a72c5f4b496037dfbbec946c23a7e0ee80b4b944848,derived/task-store/variants/mimo-v2.6-rl__format-code-task-000742/ceadd1e50487,none,built,purge-installed-copies@1 skipped: scope is CONFIRMED_PURGE plus already-carried run packages (HAR-194 stance),sha256:fbf038da862cccf07a0f27aa98f6e2303caa49944bb485139c614b273f107646,
format-code-task-000744,code,python,strip-future-history@1>purge-build-caches@1>mtime-normalize@1>separate-verifier@2,sha256:ff5adceb17a5aba74a653c1e8a96c3d62b7e0c99cd81c64809f91a865ca98a7e,derived/task-store/variants/mimo-v2.6-rl__format-code-task-000744/ff5adceb17a5,none,built,purge-installed-copies@1 skipped: scope is CONFIRMED_PURGE plus already-carried run packages (HAR-194 stance),sha256:104f4b8dbd610bba8d83842d4bb563b41c1996a139c2c3d881baeffeff811e1a,
format-code-task-000745,code,python,strip-future-history@1>purge-build-caches@1>mtime-normalize@1>separate-verifier@2,sha256:18e3a198e5ebdcac26dce99be3a5379175c3188d95bc836ae969ea42f72a180f,derived/task-store/variants/mimo-v2.6-rl__format-code-task-000745/18e3a198e5eb,none,built,purge-installed-copies@1 skipped: scope is CONFIRMED_PURGE plus already-carried run packages (HAR-194 stance),sha256:f6230b2115142c0abeadc4dd43443a769a7ad53986c95e113fe38beabc5bcba6,
format-code-task-000746,code,python,strip-future-history@1>purge-build-caches@1>mtime-normalize@1>separate-verifier@2,sha256:1702815fb7d77d4ddced9aa78b649d7d277dbdb01ce55f269711ea43c6c85625,derived/task-store/variants/mimo-v2.6-rl__format-code-task-000746/1702815fb7d7,none,built,purge-installed-copies@1 skipped: scope is CONFIRMED_PURGE plus already-carried run packages (HAR-194 stance),sha256:9e1b7f707e9cce3ecac453b9b76384fdf0a441a2a0130947c4f5138ea7f9d733,
format-code-task-000747,code,python,strip-future-history@1>purge-build-caches@1>mtime-normalize@1>separate-verifier@2,sha256:ecf5c2f8b0e1d49e741d533bf31afb402534ec2134b0dec8dbed8b5f08e49ce5,derived/task-store/variants/mimo-v2.6-rl__format-code-task-000747/ecf5c2f8b0e1,none,built,purge-installed-copies@1 skipped: scope is CONFIRMED_PURGE plus already-carried run packages (HAR-194 stance),sha256:3e15d8679e3727d8b1a1d6d8940000cba06fa11f63dc01ac58db4b132e4a2224,
format-code-task-000749,code,python,strip-future-history@1>purge-build-caches@1>mtime-normalize@1>separate-verifier@2,sha256:539c01a99838a5de12b70e1ec76d85c9b859bef4836e3878af32f3b3237e1864,derived/task-store/variants/mimo-v2.6-rl__format-code-task-000749/539c01a99838,none,built,purge-installed-copies@1 skipped: scope is CONFIRMED_PURGE plus already-carried run packages (HAR-194 stance),sha256:d66073b7a330effbb00df29a0d41fe796fbcf8daa52fb0229507c29920f38b10,
format-code-task-000750,code,python,strip-future-history@1>purge-build-caches@1>mtime-normalize@1>separate-verifier@2,sha256:95482528b9c9ff9229263b7cc6e79dadb173e6e0d1f2432446d2ceb511fe4fc2,derived/task-store/variants/mimo-v2.6-rl__format-code-task-000750/95482528b9c9,/Users/petermakhnatch/Developer/eval-lab-results/2026-10-07/HAR-191-oracle-sweep/tasks/format-code-task-000750/oracle/solution-patch.stdout.log,built,purge-installed-copies@1 skipped: scope is CONFIRMED_PURGE plus already-carried run packages (HAR-194 stance),sha256:a7cebc2ce3400496d5b305037456c6c472df179edc3d88ded36bf99076741b43,oracle:pass+nop:fail
format-code-task-000752,code,python,strip-future-history@1>purge-build-caches@1>mtime-normalize@1>separate-verifier@2,sha256:71727eaf76d799a7be05a020684e0ca50f1121b1db3527707246b33fb6e8ae11,derived/task-store/variants/mimo-v2.6-rl__format-code-task-000752/71727eaf76d7,none,built,purge-installed-copies@1 skipped: scope is CONFIRMED_PURGE plus already-carried run packages (HAR-194 stance),sha256:74301be3bda6cdec6e0e3faf694358c82be1e9b4ddcded1c46a2ff809d76b5b1,
format-code-task-000753,code,python,strip-future-history@1>purge-build-caches@1>mtime-normalize@1>separate-verifier@2,sha256:74d361aa1cc1d33bb0722bb8c8b0c66dbb12fd5a5a156d607190f78e6e308c33,derived/task-store/variants/mimo-v2.6-rl__format-code-task-000753/74d361aa1cc1,none,built,purge-installed-copies@1 skipped: scope is CONFIRMED_PURGE plus already-carried run packages (HAR-194 stance),sha256:e85780121a89cdb5d38c47af1cca8d498cc5737e34e616fcfdd4e59e3523fe86,
format-code-task-000755,code,python,strip-future-history@1>purge-build-caches@1>mtime-normalize@1>separate-verifier@2,sha256:ed6983f861d1a62b4cdf0e866233a86ec3b39c5d4558a4ada71f73f225204de1,derived/task-store/variants/mimo-v2.6-rl__format-code-task-000755/ed6983f861d1,none,built,purge-installed-copies@1 skipped: scope is CONFIRMED_PURGE plus already-carried run packages (HAR-194 stance),sha256:7a56410411ed3b7ef835eeffe5c6bde17e832b9705d3d408f673f16b8248cc47,
format-code-task-000767,code,python,strip-future-history@1>purge-build-caches@1>mtime-normalize@1>separate-verifier@2,sha256:7792497a46efc9ed3be7f469a9229b94772c2e1f4f1c4bbc2d6a1854bf3a2d57,derived/task-store/variants/mimo-v2.6-rl__format-code-task-000767/7792497a46ef,none,built,purge-installed-copies@1 skipped: scope is CONFIRMED_PURGE plus already-carried run packages (HAR-194 stance),sha256:05f9ba0e9a19d8700a9ae1c058b3232b7f59272d2777928c7982ec6e2c03626c,
format-code-task-000768,code,python,strip-future-history@1>purge-build-caches@1>mtime-normalize@1>separate-verifier@2,sha256:e6e1c53127bc33d6d88a07f81c5586388ce9ff61d99a7f1901fdbc3ddc5e8418,derived/task-store/variants/mimo-v2.6-rl__format-code-task-000768/e6e1c53127bc,none,built,purge-installed-copies@1 skipped: scope is CONFIRMED_PURGE plus already-carried run packages (HAR-194 stance),sha256:fb6e281578b5063c4ab4797a57d0eb169f0fded7a5bcd46893f8f85ff17ac5b9,
format-code-task-000769,code,python,strip-future-history@1>purge-build-caches@1>mtime-normalize@1>separate-verifier@2,sha256:e5897418a2e254926577f53219343e702c3489f3760ad2da511b76f2587d182c,derived/task-store/variants/mimo-v2.6-rl__format-code-task-000769/e5897418a2e2,none,built,purge-installed-copies@1 skipped: scope is CONFIRMED_PURGE plus already-carried run packages (HAR-194 stance),sha256:1b2a5be65287f158154f3c497726e22ac3e2d084c2592bd4a108683e69a138a2,
format-code-task-000771,code,python,strip-future-history@1>purge-build-caches@1>mtime-normalize@1>separate-verifier@2,sha256:84493f5ee336a0b18e664c943d07d3e762ef5db73c152777badf758a53905d10,derived/task-store/variants/mimo-v2.6-rl__format-code-task-000771/84493f5ee336,none,built,purge-installed-copies@1 skipped: scope is CONFIRMED_PURGE plus already-carried run packages (HAR-194 stance),sha256:8fd4aacdb37359b845708396f6d71ddc32ad8b7ce39f09ecd26afc997ebaac5d,
format-code-task-000773,code,python,strip-future-history@1>purge-build-caches@1>mtime-normalize@1>separate-verifier@2,sha256:93d45c632ebba76b7c3da0b9ca72c67586860ba9e9329b01b3797f7723656c95,derived/task-store/variants/mimo-v2.6-rl__format-code-task-000773/93d45c632ebb,none,built,purge-installed-copies@1 skipped: scope is CONFIRMED_PURGE plus already-carried run packages (HAR-194 stance),sha256:d104326592e8487db430a36c3b89ae2f9d8c4e85bbf00f7279de87b9e4b1c2ba,
format-code-task-000783,code,python,strip-future-history@1>purge-build-caches@1>mtime-normalize@1>separate-verifier@2,sha256:cba2846b5c55a4e98a03708b150f9aa54ec159e6788f20f3500e3f2cf0023efc,derived/task-store/variants/mimo-v2.6-rl__format-code-task-000783/cba2846b5c55,none,built,purge-installed-copies@1 skipped: scope is CONFIRMED_PURGE plus already-carried run packages (HAR-194 stance),sha256:a04ef60e8e701896ceba0b7844d0ff704cd00f84797b44c658993be59154f0b2,
format-code-task-000784,code,python,strip-future-history@1>purge-build-caches@1>mtime-normalize@1>separate-verifier@2,sha256:0cd98ab1d68372ca982c4505ca31b6a6c0481765b91dea0d6c049147f3552971,derived/task-store/variants/mimo-v2.6-rl__format-code-task-000784/0cd98ab1d683,none,built,purge-installed-copies@1 skipped: scope is CONFIRMED_PURGE plus already-carried run packages (HAR-194 stance),sha256:57a296c6597a05a105ccff1cf237acdf43cfef0d595a046f029fcd35d36d17e4,
format-code-task-000785,code,python,strip-future-history@1>purge-build-caches@1>mtime-normalize@1>separate-verifier@2,sha256:b991420910e332888b6434f99611cd666d813144d6050bc00c37e5cf839aa523,derived/task-store/variants/mimo-v2.6-rl__format-code-task-000785/b991420910e3,none,built,purge-installed-copies@1 skipped: scope is CONFIRMED_PURGE plus already-carried run packages (HAR-194 stance),sha256:ae010351df2f8cd9cebd35ff6979361a4fdb97c3cb28f05f2b072203d00d7cb9,
format-code-task-000786,code,python,strip-future-history@1>purge-build-caches@1>mtime-normalize@1>separate-verifier@2,sha256:af4bf1d37d0b101075129e7a47ee9661be5fc98b094281fb5afaf9f0bb3e9fe6,derived/task-store/variants/mimo-v2.6-rl__format-code-task-000786/af4bf1d37d0b,none,built,purge-installed-copies@1 skipped: scope is CONFIRMED_PURGE plus already-carried run packages (HAR-194 stance),sha256:55ee486e75a6500222fda24ee6ff3089307f1537e8bc635f0552d2444b1f56eb,
format-code-task-000787,code,python,strip-future-history@1>purge-build-caches@1>mtime-normalize@1>separate-verifier@2,sha256:ccb7e37565823a3b027d99fb80d5eacce3f0d4ce2eb6a6afcac2ebdfd2fb7e3d,derived/task-store/variants/mimo-v2.6-rl__format-code-task-000787/ccb7e3756582,none,built,purge-installed-copies@1 skipped: scope is CONFIRMED_PURGE plus already-carried run packages (HAR-194 stance),sha256:325646550865b581e5f6c8a54393ba5b3d98e8e9dc917c9274aee3af5708fe8d,
format-code-task-000788,code,python,strip-future-history@1>purge-build-caches@1>mtime-normalize@1>separate-verifier@2,sha256:9ca2f6fcdf4befdd3cf83c8aae087429ede0273a40fad39caa4b2a4dcfb8b9c4,derived/task-store/variants/mimo-v2.6-rl__format-code-task-000788/9ca2f6fcdf4b,none,built,purge-installed-copies@1 skipped: scope is CONFIRMED_PURGE plus already-carried run packages (HAR-194 stance),sha256:be1e8fa45f3336ca848fca9d187843fe9401ab4d798b107dd9dfe1a54d0f781c,
format-code-task-000792,code,python,strip-future-history@1>purge-build-caches@1>mtime-normalize@1>separate-verifier@2,sha256:9061143b0d82389a67e9aa28a6b95e974a6a325964366b4dcf3a22919be23e7c,derived/task-store/variants/mimo-v2.6-rl__format-code-task-000792/9061143b0d82,none,built,purge-installed-copies@1 skipped fail-closed: no identifiable project name at the worktree,sha256:e54ec9025ce43b8b4bc3c52456e2baa9a971a3e69750efad69774d6456447d09,
format-code-task-000795,code,python,strip-future-history@1>purge-build-caches@1>mtime-normalize@1>separate-verifier@2,sha256:40cb0f014f97b5b25899835d594c8f15209c27ca78eb7e90110b392893e5d459,derived/task-store/variants/mimo-v2.6-rl__format-code-task-000795/40cb0f014f97,/Users/petermakhnatch/Developer/eval-lab-results/2026-10-07/HAR-191-oracle-sweep/tasks/format-code-task-000795/oracle/solution-patch.stdout.log,built,purge-installed-copies@1 skipped: scope is CONFIRMED_PURGE plus already-carried run packages (HAR-194 stance),sha256:8bafabc57d73f934169833e4e9f1341e44267240b3bec83187fea6f38014a3c7,oracle:pass+nop:fail
format-code-task-000802,code,python,strip-future-history@1>purge-build-caches@1>mtime-normalize@1>separate-verifier@2,sha256:7188c122bb0bc0234fc9625ffc82092ca62db2c9013a5c60b245e2a415922c19,derived/task-store/variants/mimo-v2.6-rl__format-code-task-000802/7188c122bb0b,none,built,purge-installed-copies@1 skipped: scope is CONFIRMED_PURGE plus already-carried run packages (HAR-194 stance),sha256:d08bb2b2d54b22ff695e6c4a9955537726388c99abaa56e8497e67d2c02c15ba,
format-code-task-000803,code,python,strip-future-history@1>purge-build-caches@1>mtime-normalize@1>separate-verifier@2,sha256:433c47ffe6bdacc50e243286c34c26c452611612c0422a27fb09c12514dba397,derived/task-store/variants/mimo-v2.6-rl__format-code-task-000803/433c47ffe6bd,/Users/petermakhnatch/Developer/eval-lab-results/2026-10-07/HAR-191-oracle-sweep/tasks/format-code-task-000803/oracle/solution-patch.stdout.log,built,purge-installed-copies@1 skipped: scope is CONFIRMED_PURGE plus already-carried run packages (HAR-194 stance),sha256:ac99a511015a2c31ae7cb56577154096de4df9ca2f40d655450f215cdcb4f740,oracle:pass+nop:fail
format-code-task-000809,code,python,strip-future-history@1>purge-build-caches@1>mtime-normalize@1>separate-verifier@2,sha256:10977ac56accaa88be0ef4a130fafd8b7ed456c80681abeb254663a4b5df95a3,derived/task-store/variants/mimo-v2.6-rl__format-code-task-000809/10977ac56acc,none,built,purge-installed-copies@1 skipped: scope is CONFIRMED_PURGE plus already-carried run packages (HAR-194 stance),sha256:60ed068f4d775b2ed55225b166a30fdb34ebeecf3bf05a38afeaac304c34657a,
format-code-task-000810,code,python,strip-future-history@1>purge-build-caches@1>mtime-normalize@1>separate-verifier@2,sha256:88e19f0808651b33e626319293ccfd18d3f2d3b9a998044d305573f54c5a83da,derived/task-store/variants/mimo-v2.6-rl__format-code-task-000810/88e19f080865,none,built,purge-installed-copies@1 skipped: scope is CONFIRMED_PURGE plus already-carried run packages (HAR-194 stance),sha256:aad486913d3c3ce4916195c0344e76477d0cdda8e597f4e6a6407feb47293bc3,
format-code-task-000812,code,python,strip-future-history@1>purge-build-caches@1>mtime-normalize@1>separate-verifier@2,sha256:e60ca9d9bf13a3241b6bdf6a0a73f8e42472c766efdc5eaaa28575455ea36978,derived/task-store/variants/mimo-v2.6-rl__format-code-task-000812/e60ca9d9bf13,/Users/petermakhnatch/Developer/eval-lab-results/2026-10-07/HAR-191-oracle-sweep/tasks/format-code-task-000812/oracle/solution-patch.stdout.log,built,purge-installed-copies@1 skipped: scope is CONFIRMED_PURGE plus already-carried run packages (HAR-194 stance),sha256:56ac147e89d572c76112f4f4f1bd6d396526b285406877bf191cb47f448a27c9,oracle:pass+nop:fail
format-code-task-000813,code,python,strip-future-history@1>purge-build-caches@1>mtime-normalize@1>separate-verifier@2,sha256:5e1f57983070bdf3376576ed083bf9e34aead12aa4ca44fca50b75ed0e62c6ba,derived/task-store/variants/mimo-v2.6-rl__format-code-task-000813/5e1f57983070,none,built,purge-installed-copies@1 skipped: scope is CONFIRMED_PURGE plus already-carried run packages (HAR-194 stance),sha256:de29f74a1355a60dcf9a2920dd091b848f35be709ce8bac888d2e0b87e82e4d2,
format-code-task-000814,code,python,strip-future-history@1>purge-build-caches@1>mtime-normalize@1>separate-verifier@2,sha256:391fc0229f94302ecb67affac16af2230ec997822963fa799cb7a4cc9a99d58e,derived/task-store/variants/mimo-v2.6-rl__format-code-task-000814/391fc0229f94,none,built,purge-installed-copies@1 skipped: scope is CONFIRMED_PURGE plus already-carried run packages (HAR-194 stance),sha256:9f6426398826d9ec7a9de20fc151b045858c9b6a9523cc2fe06ccfcd415c380d,
format-code-task-000817,code,python,strip-future-history@1>purge-build-caches@1>mtime-normalize@1>separate-verifier@2,sha256:23d544e310d06de3cba9b8b44d48e0ec4f861368f237de6f4f5ec49d0e68ea33,derived/task-store/variants/mimo-v2.6-rl__format-code-task-000817/23d544e310d0,none,built,purge-installed-copies@1 skipped: scope is CONFIRMED_PURGE plus already-carried run packages (HAR-194 stance),sha256:e7490f8dcfc6d01da5293a61c06d183b547c6d7bdf97e583870fed68acc48d58,
format-code-task-000818,code,python,strip-future-history@1>purge-build-caches@1>mtime-normalize@1>separate-verifier@2,sha256:2358e855709ef8a3aa6a862a6cd7adbd9218b4e50877619e2458ffc0254e3921,derived/task-store/variants/mimo-v2.6-rl__format-code-task-000818/2358e855709e,none,built,purge-installed-copies@1 skipped: scope is CONFIRMED_PURGE plus already-carried run packages (HAR-194 stance),sha256:65d8a694481310fe8b63c87394c2bb607a064e44f5311a0f39530a419876205c,
format-code-task-000821,code,python,strip-future-history@1>purge-build-caches@1>mtime-normalize@1>separate-verifier@2,sha256:9e3c33c3acc916d18fbc2d4caaa9ca6844ebc014574ab8c002c42311f97e9f89,derived/task-store/variants/mimo-v2.6-rl__format-code-task-000821/9e3c33c3acc9,/Users/petermakhnatch/Developer/eval-lab-results/2026-10-07/HAR-191-oracle-sweep/tasks/format-code-task-000821/oracle/solution-patch.stdout.log,built,purge-installed-copies@1 skipped: scope is CONFIRMED_PURGE plus already-carried run packages (HAR-194 stance),sha256:5cae905c1659515a420336d395480a423ed0c2e33d96c715e0b95d440d1df897,oracle:pass+nop:fail
format-code-task-000823,code,python,strip-future-history@1>purge-build-caches@1>mtime-normalize@1>separate-verifier@2,sha256:3457adc58b0eb19263f463c0967d668c772237e6cf099f56f3435490c73b1c57,derived/task-store/variants/mimo-v2.6-rl__format-code-task-000823/3457adc58b0e,none,built,purge-installed-copies@1 skipped: scope is CONFIRMED_PURGE plus already-carried run packages (HAR-194 stance),sha256:8491519933879a3179dde375b73e82c7450b43f0367e052e2d8095096794b903,
format-code-task-000825,code,python,strip-future-history@1>purge-build-caches@1>mtime-normalize@1>separate-verifier@2,sha256:e2ed788753b3264e2a5c955965f3329a048934704e5ecba86a45cf7759ab0444,derived/task-store/variants/mimo-v2.6-rl__format-code-task-000825/e2ed788753b3,none,built,purge-installed-copies@1 skipped: scope is CONFIRMED_PURGE plus already-carried run packages (HAR-194 stance),sha256:be4ba22b9f29a4d5101a44fc16e5536f9734068ce57e22fd51813ce3bc33e82c,
format-code-task-000831,code,python,strip-future-history@1>purge-build-caches@1>mtime-normalize@1>separate-verifier@2,sha256:438947a5b40c9d503787c53132038d501748ab6c8480164ce1d50c64546ad8a5,derived/task-store/variants/mimo-v2.6-rl__format-code-task-000831/438947a5b40c,none,built,purge-installed-copies@1 skipped: scope is CONFIRMED_PURGE plus already-carried run packages (HAR-194 stance),sha256:f18ef036020ea89950f88d7605db2c17d82f04fd997d2aea2f180dcd121b2dd2,
format-code-task-000832,code,python,strip-future-history@1>purge-build-caches@1>mtime-normalize@1>separate-verifier@2,sha256:c323f9884ab7a63c1b448f9648983ba9e9e4284a9dda1e6618381e8b4adfe136,derived/task-store/variants/mimo-v2.6-rl__format-code-task-000832/c323f9884ab7,/Users/petermakhnatch/Developer/eval-lab-results/2026-10-07/HAR-191-oracle-sweep/tasks/format-code-task-000832/oracle/solution-patch.stdout.log,built,purge-installed-copies@1 skipped: scope is CONFIRMED_PURGE plus already-carried run packages (HAR-194 stance),sha256:a9c2cc71303fbc1db84adea538949790a3aa0ab76c1800101d8a30a2a0e218f2,oracle:pass+nop:fail
format-code-task-000833,code,python,strip-future-history@1>purge-build-caches@1>mtime-normalize@1>separate-verifier@2,sha256:77d7fef430ca30e63ba2cb66fe5677c78e7c684b3c98ebe254df502c43d925fc,derived/task-store/variants/mimo-v2.6-rl__format-code-task-000833/77d7fef430ca,none,built,purge-installed-copies@1 skipped: scope is CONFIRMED_PURGE plus already-carried run packages (HAR-194 stance),sha256:36fd61fd54c4327e1565bac2d22476a2008f2a30472b82afe9781b067fe65369,
format-code-task-000834,code,python,strip-future-history@1>purge-build-caches@1>mtime-normalize@1>separate-verifier@2,sha256:b28c76143ced84be7c30b88a22afe4319cd73073bdc2568e171c77a5c9cd8c75,derived/task-store/variants/mimo-v2.6-rl__format-code-task-000834/b28c76143ced,none,built,purge-installed-copies@1 skipped: scope is CONFIRMED_PURGE plus already-carried run packages (HAR-194 stance),sha256:f206747d3d2377a41889fde362bde3f6ee914b80954f432a368f80aa3fec7aa2,
format-code-task-000838,code,python,strip-future-history@1>purge-build-caches@1>mtime-normalize@1>separate-verifier@2,sha256:e5def555e568938bd822f5a934ea4debe4c0d51f891de8a0605cdb9e99022172,derived/task-store/variants/mimo-v2.6-rl__format-code-task-000838/e5def555e568,/Users/petermakhnatch/Developer/eval-lab-results/2026-10-07/HAR-191-oracle-sweep/tasks/format-code-task-000838/oracle/solution-patch.stdout.log,built,purge-installed-copies@1 skipped: scope is CONFIRMED_PURGE plus already-carried run packages (HAR-194 stance),sha256:92b2914085860a6ee95c2533e8cdf606d9157ccf1d79d8d15babd4df4d04160c,oracle:pass+nop:fail
format-code-task-000841,code,python,strip-future-history@1>purge-build-caches@1>mtime-normalize@1>separate-verifier@2,sha256:dd96024920dfa81d2b4e32b2e507bc81314e80ff2d9599673e97b5bb37e12565,derived/task-store/variants/mimo-v2.6-rl__format-code-task-000841/dd96024920df,none,built,purge-installed-copies@1 skipped: scope is CONFIRMED_PURGE plus already-carried run packages (HAR-194 stance),sha256:22ae0d338a86446190b52c280730f40afb684f6e7a48d109840653a5ac65c47d,
format-code-task-000842,code,python,strip-future-history@1>purge-build-caches@1>mtime-normalize@1>separate-verifier@2,sha256:5581170e207fcd33ee1d5b4e4bf923ed657034883d7641bc434144a853f87f24,derived/task-store/variants/mimo-v2.6-rl__format-code-task-000842/5581170e207f,none,built,purge-installed-copies@1 skipped: scope is CONFIRMED_PURGE plus already-carried run packages (HAR-194 stance),sha256:5c4ed18d658e9594719de5e4455e121450ba41290a1863beeff845e1deb0a96c,
format-code-task-000843,code,python,strip-future-history@1>purge-build-caches@1>mtime-normalize@1>separate-verifier@2,sha256:1f2e7d351f83cc520f3966127e6758fba1e990ca91380c6f169e8f22bb93b72f,derived/task-store/variants/mimo-v2.6-rl__format-code-task-000843/1f2e7d351f83,none,built,purge-installed-copies@1 skipped: scope is CONFIRMED_PURGE plus already-carried run packages (HAR-194 stance),sha256:3cb413bfbc825d02078463fb1249c21e36d0b08b801363f11d101153c32f301f,
format-code-task-000844,code,python,strip-future-history@1>purge-build-caches@1>mtime-normalize@1>separate-verifier@2,sha256:05678b82a5d96a6a46f298c0dd6e90318a6c595c657872c8e293d7bd3c5a1202,derived/task-store/variants/mimo-v2.6-rl__format-code-task-000844/05678b82a5d9,/Users/petermakhnatch/Developer/eval-lab-results/2026-10-07/HAR-191-oracle-sweep/tasks/format-code-task-000844/oracle/solution-patch.stdout.log,built,purge-installed-copies@1 skipped: scope is CONFIRMED_PURGE plus already-carried run packages (HAR-194 stance),sha256:ce1ac0548155e7b342c71cd026842132ab0d245f6a1b0271a5d578426515d265,oracle:pass+nop:fail
format-code-task-000847,code,python,strip-future-history@1>purge-build-caches@1>mtime-normalize@1>separate-verifier@2,sha256:77af30470854c91d7436c2af549fd88b426cb4744ae9d27b98db077c7547805a,derived/task-store/variants/mimo-v2.6-rl__format-code-task-000847/77af30470854,none,built,purge-installed-copies@1 skipped: scope is CONFIRMED_PURGE plus already-carried run packages (HAR-194 stance),sha256:a4f5adc9786868367f9d44a858a32936316b52dbd36ad724c9d859cd992f60d6,
format-code-task-000852,code,python,strip-future-history@1>purge-build-caches@1>mtime-normalize@1>separate-verifier@2,sha256:9056b9bc021115c4ba9d0367949522229ebc2b6d772081a0e9d3b121aafb2436,derived/task-store/variants/mimo-v2.6-rl__format-code-task-000852/9056b9bc0211,none,built,purge-installed-copies@1 skipped: scope is CONFIRMED_PURGE plus already-carried run packages (HAR-194 stance),sha256:5c058dc1468cb03961557c0d0a90f5005264f7a95c87ed920f1ea729125a8f9d,
format-code-task-000854,code,python,strip-future-history@1>purge-build-caches@1>mtime-normalize@1>separate-verifier@2,sha256:324d47a7f643e6a2c7079e67f8c173355d9349942f9336cf45696f6f7f279f3a,derived/task-store/variants/mimo-v2.6-rl__format-code-task-000854/324d47a7f643,none,built,purge-installed-copies@1 skipped: scope is CONFIRMED_PURGE plus already-carried run packages (HAR-194 stance),sha256:fccedfd0c1fc2b82f7e456d75c8b2668068743ef348bae99d6de5b90a66d1e76,
format-code-task-000865,code,python,strip-future-history@1>purge-build-caches@1>mtime-normalize@1>separate-verifier@2,sha256:e96b836d5e7c30ead475a197a9f66d34f5639017dfc14503dcc0a72fd848517c,derived/task-store/variants/mimo-v2.6-rl__format-code-task-000865/e96b836d5e7c,/Users/petermakhnatch/Developer/eval-lab-results/2026-10-07/HAR-191-oracle-sweep/tasks/format-code-task-000865/oracle/solution-patch.stdout.log,built,purge-installed-copies@1 skipped: scope is CONFIRMED_PURGE plus already-carried run packages (HAR-194 stance),sha256:665cab7d069e32cff40fa2a7802011ac009508514953e391082c71caeed888e4,oracle:pass+nop:fail
format-code-task-000866,code,python,strip-future-history@1>purge-build-caches@1>mtime-normalize@1>separate-verifier@2,sha256:c06eac5c5dcf6ff0c56d656aae2ccef156daf6ea6aef211d1a2548ded3cc93f4,derived/task-store/variants/mimo-v2.6-rl__format-code-task-000866/c06eac5c5dcf,/Users/petermakhnatch/Developer/eval-lab-results/2026-10-07/HAR-191-oracle-sweep/tasks/format-code-task-000866/oracle/solution-patch.stdout.log,built,purge-installed-copies@1 skipped: scope is CONFIRMED_PURGE plus already-carried run packages (HAR-194 stance),sha256:541aa900d449bfc51366ec8cd42036eecce88c08705e6943a5b6610d03fdb75f,oracle:pass+nop:fail
format-code-task-000870,code,python,strip-future-history@1>purge-build-caches@1>mtime-normalize@1>separate-verifier@2,sha256:dda3c935870c132071a9e7a21f75bcfff42573a038fcb7562d553f9a6a730261,derived/task-store/variants/mimo-v2.6-rl__format-code-task-000870/dda3c935870c,none,built,purge-installed-copies@1 skipped: scope is CONFIRMED_PURGE plus already-carried run packages (HAR-194 stance),sha256:ea480cce609e39bdd62aedb6220cb97d015e129709620cf1b3e3f8d676cf15df,
format-code-task-000871,code,python,strip-future-history@1>purge-build-caches@1>mtime-normalize@1>separate-verifier@2,sha256:ea0b384e1465368d4e9cba9242fecb5e0a59b5d5d26bc966f18991b3d14e905f,derived/task-store/variants/mimo-v2.6-rl__format-code-task-000871/ea0b384e1465,none,built,purge-installed-copies@1 skipped: scope is CONFIRMED_PURGE plus already-carried run packages (HAR-194 stance),sha256:4047b44992e096ec56593d20cf8830f108f8357a8f8b40775b96cf22455a84de,
format-code-task-000878,code,python,strip-future-history@1>purge-build-caches@1>mtime-normalize@1>separate-verifier@2,sha256:820c477f7468b398c45d3f97209388c2639a25b42f50c867e14db128ba2288a8,derived/task-store/variants/mimo-v2.6-rl__format-code-task-000878/820c477f7468,none,built,purge-installed-copies@1 skipped: scope is CONFIRMED_PURGE plus already-carried run packages (HAR-194 stance),sha256:61a327611b2e422b80f1cdee82809823a7dc836a79f2f4c403220ebd9fb90586,
format-code-task-000879,code,python,strip-future-history@1>purge-build-caches@1>mtime-normalize@1>separate-verifier@2,sha256:27f6d2ef70351dfbdfbdf8abe86f5873182e96b96e33dd7833e52bd9ad131bbd,derived/task-store/variants/mimo-v2.6-rl__format-code-task-000879/27f6d2ef7035,none,built,purge-installed-copies@1 skipped: scope is CONFIRMED_PURGE plus already-carried run packages (HAR-194 stance),sha256:94fe7a1bfbfc8df9a6329367834aa728993281e2642d25a416fd514a080eb2bb,
format-code-task-000881,code,python,strip-future-history@1>purge-build-caches@1>mtime-normalize@1>separate-verifier@2,sha256:ce02994be610168a49435f1ea50ce4d832206376ee0281279a32c53821b4a96f,derived/task-store/variants/mimo-v2.6-rl__format-code-task-000881/ce02994be610,none,built,purge-installed-copies@1 skipped: scope is CONFIRMED_PURGE plus already-carried run packages (HAR-194 stance),sha256:2790fe0c3edfbb5a50562eddcac27d862534ab0c198d643714492824e71def9b,
format-code-task-000887,code,python,strip-future-history@1>purge-build-caches@1>mtime-normalize@1>separate-verifier@2,sha256:65dedbce9f6c94914df9978d7922f5b18583da6377b37eb0603f266be67400f0,derived/task-store/variants/mimo-v2.6-rl__format-code-task-000887/65dedbce9f6c,none,built,purge-installed-copies@1 skipped: scope is CONFIRMED_PURGE plus already-carried run packages (HAR-194 stance),sha256:9d53a8f1d10a2c2ea0d63e995a9b2c4babdf91113d3248156eb597ac4f3fab80,
format-code-task-000905,code,python,strip-future-history@1>purge-build-caches@1>mtime-normalize@1>separate-verifier@2,sha256:1076ffa3a630053db7332e83cb802f0a5c8c2e97a5f540d3e6666c52a63f6fee,derived/task-store/variants/mimo-v2.6-rl__format-code-task-000905/1076ffa3a630,none,built,purge-installed-copies@1 skipped: scope is CONFIRMED_PURGE plus already-carried run packages (HAR-194 stance),sha256:bf0e19c83a7e9bae92170fb481626a2276c88dd7ffe10158426a8b29795f6a26,
format-code-task-000906,code,python,strip-future-history@1>purge-build-caches@1>mtime-normalize@1>separate-verifier@2,sha256:41b10ca4a1acc7eaa34b84f31d68ffd038e6977776d269be01602d0c35ea6eb3,derived/task-store/variants/mimo-v2.6-rl__format-code-task-000906/41b10ca4a1ac,none,built,purge-installed-copies@1 skipped: scope is CONFIRMED_PURGE plus already-carried run packages (HAR-194 stance),sha256:e481f5de9b5743847acf2f0f86f034c651b1be9bb37cb4de24f0262c8c445920,
format-code-task-000918,code,python,strip-future-history@1>purge-build-caches@1>mtime-normalize@1>separate-verifier@2,sha256:80ff87f9b97833172e284665c295bc22f6c29c7891487fb7d12816f26f6b2030,derived/task-store/variants/mimo-v2.6-rl__format-code-task-000918/80ff87f9b978,none,built,purge-installed-copies@1 skipped: scope is CONFIRMED_PURGE plus already-carried run packages (HAR-194 stance),sha256:aa8ff511fd5e4f0b8b4c3a41b66c16813d81b8f22e34ab79b5d1c953b499635a,
format-code-task-000923,code,python,strip-future-history@1>purge-build-caches@1>mtime-normalize@1>separate-verifier@2,sha256:99e09b04942ccd17b59a84ab1878ddf8dbba680574bdc5815fce5c960df5c94c,derived/task-store/variants/mimo-v2.6-rl__format-code-task-000923/99e09b04942c,none,built,purge-installed-copies@1 skipped: scope is CONFIRMED_PURGE plus already-carried run packages (HAR-194 stance),sha256:c704046f7e3334eb3137465fc24d4d5eb220fb58c0690674c9bc4b6344c5a2d2,
format-code-task-000924,code,python,strip-future-history@1>purge-build-caches@1>mtime-normalize@1>separate-verifier@2,sha256:a5aad8b65588e77ceb923f2bfdf6cdc4558c7adfaffc47f2f310efb7e7abecd7,derived/task-store/variants/mimo-v2.6-rl__format-code-task-000924/a5aad8b65588,none,built,purge-installed-copies@1 skipped: scope is CONFIRMED_PURGE plus already-carried run packages (HAR-194 stance),sha256:6692ba25327f01bfc12d3e11c0b94f10db017e9264f9a47029128b76e8b8e8ab,
format-code-task-000925,code,python,strip-future-history@1>purge-build-caches@1>mtime-normalize@1>separate-verifier@2,sha256:77ce6191926f1c90395793bc591bcca222e6954baecd6f0e13af20ca8333535a,derived/task-store/variants/mimo-v2.6-rl__format-code-task-000925/77ce6191926f,none,built,purge-installed-copies@1 skipped: scope is CONFIRMED_PURGE plus already-carried run packages (HAR-194 stance),sha256:4dd68e679e736d209a0d64f747b1c2867f03f0aae1defb585aaa2b39c81f477c,
format-code-task-000926,code,python,strip-future-history@1>purge-build-caches@1>mtime-normalize@1>separate-verifier@2,sha256:eef42fc119d5322c8839305ddd2d18e03847e0410ed8545586d7ddf6b2273cb6,derived/task-store/variants/mimo-v2.6-rl__format-code-task-000926/eef42fc119d5,/Users/petermakhnatch/Developer/eval-lab-results/2026-10-07/HAR-191-oracle-sweep/tasks/format-code-task-000926/oracle/solution-patch.stdout.log,built,purge-installed-copies@1 skipped: scope is CONFIRMED_PURGE plus already-carried run packages (HAR-194 stance),sha256:fb53ca55b496cd1d2f80795cb042634370763815325dda6b769756de99f3379b,oracle:pass+nop:fail
format-code-task-000927,code,python,strip-future-history@1>purge-build-caches@1>mtime-normalize@1>separate-verifier@2,sha256:0ff72bb7018288e17813eeaaf8aaffaadc023b093fb425e5c0278a9c9cee603c,derived/task-store/variants/mimo-v2.6-rl__format-code-task-000927/0ff72bb70182,/Users/petermakhnatch/Developer/eval-lab-results/2026-10-07/HAR-191-oracle-sweep/tasks/format-code-task-000927/oracle/solution-patch.stdout.log,built,purge-installed-copies@1 skipped: scope is CONFIRMED_PURGE plus already-carried run packages (HAR-194 stance),sha256:0b8d70b58210c0c295155d9b1823e753111be67d4ee79c0da2b01077788f4ad2,oracle:pass+nop:fail
format-code-task-000930,code,python,strip-future-history@1>purge-build-caches@1>mtime-normalize@1>separate-verifier@2,sha256:44609cbf98780a15c9c2d1a561148127d702b1de07ea45f3c41bf5524cea0d1a,derived/task-store/variants/mimo-v2.6-rl__format-code-task-000930/44609cbf9878,none,built,purge-installed-copies@1 skipped: scope is CONFIRMED_PURGE plus already-carried run packages (HAR-194 stance),sha256:f3ddea7880652f6fbfd79fbe3ecae2bbe734fb5e0e0265c63b3bbcfff7092f78,
format-code-task-000931,code,python,strip-future-history@1>purge-build-caches@1>mtime-normalize@1>separate-verifier@2,sha256:c3d426b396c1c9be4e5f07b3ee01782151bc39c7780bbebd89801157e8600cbf,derived/task-store/variants/mimo-v2.6-rl__format-code-task-000931/c3d426b396c1,none,built,purge-installed-copies@1 skipped: scope is CONFIRMED_PURGE plus already-carried run packages (HAR-194 stance),sha256:39a86fe68f06a0b9205ae8b9efbe02bf8c43cf1fd76eb5e88e59f3bc8a86a1a6,
format-code-task-000932,code,python,strip-future-history@1>purge-build-caches@1>mtime-normalize@1>separate-verifier@2,sha256:dfbbbe0300a4730297cada2246ed8c10678052f68454bfa3873d639aa43ba4eb,derived/task-store/variants/mimo-v2.6-rl__format-code-task-000932/dfbbbe0300a4,/Users/petermakhnatch/Developer/eval-lab-results/2026-10-07/HAR-191-oracle-sweep/tasks/format-code-task-000932/oracle/solution-patch.stdout.log,built,purge-installed-copies@1 skipped: scope is CONFIRMED_PURGE plus already-carried run packages (HAR-194 stance),sha256:d67f897919f6f5e5c73e0a14a7aaf7562b784127f9b16075ef9f862c3c724974,oracle:pass+nop:fail
format-code-task-000939,code,python,strip-future-history@1>purge-build-caches@1>mtime-normalize@1>separate-verifier@2,sha256:bda087c8abee38ccf6c5884fb2783c2dfe094d4285b67def4c3476072e09a221,derived/task-store/variants/mimo-v2.6-rl__format-code-task-000939/bda087c8abee,none,built,purge-installed-copies@1 skipped: scope is CONFIRMED_PURGE plus already-carried run packages (HAR-194 stance),sha256:f8eade9decd131301fb56320ee609262250d847e97154a1e9f7235aecb9faaeb,
format-code-task-000941,code,python,strip-future-history@1>purge-build-caches@1>mtime-normalize@1>separate-verifier@2,sha256:ed8f670ac4da49847e9fd1bd22374444cfaac8b3f0480e5fc8f60c9cad95c5d1,derived/task-store/variants/mimo-v2.6-rl__format-code-task-000941/ed8f670ac4da,/Users/petermakhnatch/Developer/eval-lab-results/2026-10-07/HAR-191-oracle-sweep/tasks/format-code-task-000941/oracle/solution-patch.stdout.log,built,purge-installed-copies@1 skipped: scope is CONFIRMED_PURGE plus already-carried run packages (HAR-194 stance),sha256:1c86f4bd85e9f96a45cb4819a9c7a63c916554ce31942a01bc86146b22199238,oracle:pass+nop:fail
format-code-task-000944,code,python,strip-future-history@1>purge-build-caches@1>mtime-normalize@1>separate-verifier@2,sha256:ea0f5503a958fe67e09ac6f8dc7c7e2aed3401c3ac9a97058a9a640b580b99da,derived/task-store/variants/mimo-v2.6-rl__format-code-task-000944/ea0f5503a958,none,built,purge-installed-copies@1 skipped: scope is CONFIRMED_PURGE plus already-carried run packages (HAR-194 stance),sha256:2eecb821b28bda2ee264f55146929741b0c99e423e09fbee19666df21f1640d9,
format-code-task-000945,code,python,strip-future-history@1>purge-build-caches@1>mtime-normalize@1>separate-verifier@2,sha256:749782029d1898350d4656aeb62050cc350d9bef228fd31dc708688d7671f393,derived/task-store/variants/mimo-v2.6-rl__format-code-task-000945/749782029d18,none,built,purge-installed-copies@1 skipped: scope is CONFIRMED_PURGE plus already-carried run packages (HAR-194 stance),sha256:a3f7097996f74f5ccd18778d0af968ad8792dedb588f2db80ee07e82e3c8b575,
format-code-task-000956,code,python,strip-future-history@1>purge-build-caches@1>mtime-normalize@1>separate-verifier@2,sha256:3b39b03b39436a4f527f91f95856ea267e3c66e30700a0d14fbce806843405a5,derived/task-store/variants/mimo-v2.6-rl__format-code-task-000956/3b39b03b3943,none,built,purge-installed-copies@1 skipped: scope is CONFIRMED_PURGE plus already-carried run packages (HAR-194 stance),sha256:0fe5b138f2b94beeca7fdfef805cb13156aa035d00bb070d0c36c56d3be43855,
format-code-task-000957,code,python,strip-future-history@1>purge-build-caches@1>mtime-normalize@1>separate-verifier@2,sha256:090f3fc0a022eadf64deebc3edd9944abce0a706abf8a80bd87e4ae642a3e90d,derived/task-store/variants/mimo-v2.6-rl__format-code-task-000957/090f3fc0a022,none,built,purge-installed-copies@1 skipped: scope is CONFIRMED_PURGE plus already-carried run packages (HAR-194 stance),sha256:af50ece6857c8dad5c63106168ef56beb531411dd7d1fc9cedf49a058584baff,
format-code-task-000960,code,python,strip-future-history@1>purge-build-caches@1>mtime-normalize@1>separate-verifier@2,sha256:307b2e681fa4faf9dda9432c164a4604fe223afc8bcdf55c8494a581a7b6f3e6,derived/task-store/variants/mimo-v2.6-rl__format-code-task-000960/307b2e681fa4,none,built,purge-installed-copies@1 skipped: scope is CONFIRMED_PURGE plus already-carried run packages (HAR-194 stance),sha256:fdcf7e3f176e8ffebfc260dc052dfe36323d7f5df9b09d4b2a14ed5e9229d7fb,
format-code-task-000964,code,python,strip-future-history@1>purge-build-caches@1>mtime-normalize@1>separate-verifier@2,sha256:5b73ead4d9ddbae6ca081193c691349f63698ea3b981d6d25daea6a693448978,derived/task-store/variants/mimo-v2.6-rl__format-code-task-000964/5b73ead4d9dd,none,built,purge-installed-copies@1 skipped: scope is CONFIRMED_PURGE plus already-carried run packages (HAR-194 stance),sha256:636709738b381d0b1a2e05200be3ea864b01acb6b1c7a8a0e93f1d47386ca594,
format-code-task-000966,code,python,strip-future-history@1>purge-build-caches@1>mtime-normalize@1>separate-verifier@2,sha256:5d5028b9c30a0af08a7bb7ece532b466ae7e715fed8c3c6410925c63f56bad5a,derived/task-store/variants/mimo-v2.6-rl__format-code-task-000966/5d5028b9c30a,none,built,purge-installed-copies@1 skipped: scope is CONFIRMED_PURGE plus already-carried run packages (HAR-194 stance),sha256:918b471e2cb1425832dfe2fcc1b14b02669379e0341d1a0d22b304202ea6b64e,
format-code-task-000967,code,python,strip-future-history@1>purge-build-caches@1>mtime-normalize@1>separate-verifier@2,sha256:bdf5f05c8ff26b67835a83656ec9e813edfbcedd122b101dd69b9a47672c3f65,derived/task-store/variants/mimo-v2.6-rl__format-code-task-000967/bdf5f05c8ff2,none,built,purge-installed-copies@1 skipped: scope is CONFIRMED_PURGE plus already-carried run packages (HAR-194 stance),sha256:fb5eae070090051bb863394d75209f7150833d962587c32fb002155135a60131,
format-code-task-000968,code,python,strip-future-history@1>purge-build-caches@1>mtime-normalize@1>separate-verifier@2,sha256:fc191a56803f0c0cad3d60b3094f4d40f2168809d1f3b17b7db96ccc0f317ccb,derived/task-store/variants/mimo-v2.6-rl__format-code-task-000968/fc191a56803f,none,built,purge-installed-copies@1 skipped: scope is CONFIRMED_PURGE plus already-carried run packages (HAR-194 stance),sha256:818dcd350ca077427bedcadde1eab0ae349c6c709badd650006d69cddebe939f,
format-code-task-000969,code,python,strip-future-history@1>purge-build-caches@1>mtime-normalize@1>separate-verifier@2,sha256:3fe92b7b2d222b28c522cc4a513b5314f56476af2c4ae3a4379176fd8d77152f,derived/task-store/variants/mimo-v2.6-rl__format-code-task-000969/3fe92b7b2d22,none,built,purge-installed-copies@1 skipped: scope is CONFIRMED_PURGE plus already-carried run packages (HAR-194 stance),sha256:299011106a533b3dea0c3b26464cfada502f5c2c979d53f494936878428d77c5,
format-code-task-000971,code,python,strip-future-history@1>purge-build-caches@1>mtime-normalize@1>separate-verifier@2,sha256:85ce6df81afadd75565e36bdc29e38982f26bd32a580709a9846ce76206472d8,derived/task-store/variants/mimo-v2.6-rl__format-code-task-000971/85ce6df81afa,none,built,purge-installed-copies@1 skipped: scope is CONFIRMED_PURGE plus already-carried run packages (HAR-194 stance),sha256:774d68d21e53c21a703aac839e8e47c35821486a3c9bf70324a682bdba0227ab,
format-code-task-000972,code,python,strip-future-history@1>purge-build-caches@1>mtime-normalize@1>separate-verifier@2,sha256:0216fd1d270591047b652fb6916841af64554175d53719222d091a195106fa2f,derived/task-store/variants/mimo-v2.6-rl__format-code-task-000972/0216fd1d2705,none,built,purge-installed-copies@1 skipped: scope is CONFIRMED_PURGE plus already-carried run packages (HAR-194 stance),sha256:84adb64365ebfe9b6e6ff6148e63ee41947e35007b39a670e7c3bef3170bee91,
format-code-task-000973,code,python,strip-future-history@1>purge-build-caches@1>mtime-normalize@1>separate-verifier@2,sha256:6dcadc0611b9fe55dcf70d492b327e830ada01d3c7724edd2bc9e7f953a419dd,derived/task-store/variants/mimo-v2.6-rl__format-code-task-000973/6dcadc0611b9,none,built,purge-installed-copies@1 skipped: scope is CONFIRMED_PURGE plus already-carried run packages (HAR-194 stance),sha256:a120ded537d37300d26a4075211b663f3029f9aba67f11348b97109ca3059aa1,
format-code-task-000974,code,python,,,,none,skipped,"ledger verdict=discard status=discarded: broken environment, no known repair: ModuleNotFoundError: No module named 'setuptools_scm' (env-login-path@2 rejected on its nop)",sha256:de65f8897b924598ca2ccde2fb300e340ed6257e0d4c23189f66e3391b7f6d3d,
format-code-task-000975,code,python,strip-future-history@1>purge-build-caches@1>mtime-normalize@1>separate-verifier@2,sha256:06edcf3735dc82e2f8755d3c4fa46f364437c974304a1005c45a5605b2fb32d5,derived/task-store/variants/mimo-v2.6-rl__format-code-task-000975/06edcf3735dc,none,built,purge-installed-copies@1 skipped: scope is CONFIRMED_PURGE plus already-carried run packages (HAR-194 stance),sha256:2d7584c43ba16ef6a4a9a69c26f3bbaf12c9482a1f7f4b38457dbf743d97f66d,
format-code-task-000976,code,python,strip-future-history@1>purge-build-caches@1>mtime-normalize@1>separate-verifier@2,sha256:a7f3e6fc8d416952750c8f8b76f4e46f42d65caa6ff87ac2499707aefef5a989,derived/task-store/variants/mimo-v2.6-rl__format-code-task-000976/a7f3e6fc8d41,none,built,purge-installed-copies@1 skipped: scope is CONFIRMED_PURGE plus already-carried run packages (HAR-194 stance),sha256:d2088931809573be4b1bad257f9144c671d4c30e66994f112a9b32a28889c76d,
format-code-task-000980,code,python,strip-future-history@1>purge-build-caches@1>mtime-normalize@1>separate-verifier@2,sha256:01c1503b48df85122f7af1d8886ed60304140586ff5468cb4758c4cc69334ae6,derived/task-store/variants/mimo-v2.6-rl__format-code-task-000980/01c1503b48df,none,built,purge-installed-copies@1 skipped: scope is CONFIRMED_PURGE plus already-carried run packages (HAR-194 stance),sha256:4aee25213daca9bcc4ac8c2eb79eaff1c74c57e1cadfe68af88bbe78227f030c,
format-code-task-000984,code,python,strip-future-history@1>purge-build-caches@1>mtime-normalize@1>separate-verifier@2,sha256:768ed21fc77fb7cdbb0a615e9031a01ab185ba3e1770195a1bcb6290ad685234,derived/task-store/variants/mimo-v2.6-rl__format-code-task-000984/768ed21fc77f,none,built,purge-installed-copies@1 skipped: scope is CONFIRMED_PURGE plus already-carried run packages (HAR-194 stance),sha256:3fd2405b548f3511f10f0667e7d2fb040d975d3dfb774f49bc5e33e9e5778ac5,
format-code-task-000986,code,python,strip-future-history@1>purge-build-caches@1>mtime-normalize@1>separate-verifier@2,sha256:e6c2c692f848cd2a9b4ecf8ff88cfcc0b75a42c3037388ea082e5d946fc86453,derived/task-store/variants/mimo-v2.6-rl__format-code-task-000986/e6c2c692f848,none,built,purge-installed-copies@1 skipped: scope is CONFIRMED_PURGE plus already-carried run packages (HAR-194 stance),sha256:b5342b63574a66ab84807ebda09f27690b6b7743442d76410b99981519907097,
format-code-task-000987,code,python,strip-future-history@1>purge-build-caches@1>mtime-normalize@1>separate-verifier@2,sha256:f0c1bae13414c091ef981e517414b4365bf8870b7d8d38660217f508119c692e,derived/task-store/variants/mimo-v2.6-rl__format-code-task-000987/f0c1bae13414,none,built,purge-installed-copies@1 skipped: scope is CONFIRMED_PURGE plus already-carried run packages (HAR-194 stance),sha256:e25c71ceaf7d3311c36eb7ea91e4d6f27aff9351db1568deb522089db3c33ea7,
format-code-task-000992,code,python,strip-future-history@1>purge-build-caches@1>mtime-normalize@1>separate-verifier@2,sha256:8a6db3de3469fd737c714e7f7c5b508ef5392fb0e38db2117117064bdebad026,derived/task-store/variants/mimo-v2.6-rl__format-code-task-000992/8a6db3de3469,none,built,purge-installed-copies@1 skipped: scope is CONFIRMED_PURGE plus already-carried run packages (HAR-194 stance),sha256:b594897fc27d5b285718b6e9587687d689095e5e7b4a7d1cdd989b0a267a9649,
format-code-task-000994,code,python,strip-future-history@1>purge-build-caches@1>mtime-normalize@1>separate-verifier@2,sha256:dee71736dc7dd138f3f6642ba281c270d5aad126e3721b1601b0d87f42f7668e,derived/task-store/variants/mimo-v2.6-rl__format-code-task-000994/dee71736dc7d,none,built,purge-installed-copies@1 skipped: scope is CONFIRMED_PURGE plus already-carried run packages (HAR-194 stance),sha256:e22775f3015e183fb30267f2d9ce1e1a473c8b3763b9c149477ce2556b037f85,
format-code-task-000997,code,python,strip-future-history@1>purge-build-caches@1>mtime-normalize@1>separate-verifier@2,sha256:b6556de48996e125fa52873a149bdbb1f1982d284282c463d516337821246f19,derived/task-store/variants/mimo-v2.6-rl__format-code-task-000997/b6556de48996,none,built,purge-installed-copies@1 skipped: scope is CONFIRMED_PURGE plus already-carried run packages (HAR-194 stance),sha256:83a093b1ba3fe6225d1a2329c33eeb391a3566cc2add34cf306801b65add5a49,
format-code-task-000998,code,python,strip-future-history@1>purge-build-caches@1>mtime-normalize@1>separate-verifier@2,sha256:265945f3d65978c54ec983d941373c5008be17126bd07fbdcc95f120aae1da2e,derived/task-store/variants/mimo-v2.6-rl__format-code-task-000998/265945f3d659,none,built,purge-installed-copies@1 skipped: scope is CONFIRMED_PURGE plus already-carried run packages (HAR-194 stance),sha256:689d81983a4ed34effa84dd08bcbc7d8eb7ed3edf65f154e61ff11a3b708d9b8,
format-code-task-000999,code,python,strip-future-history@1>purge-build-caches@1>mtime-normalize@1>separate-verifier@2,sha256:27a3f646636d37446d95ceec15c44e01175c93e872535f2b7e583c50d96ff9df,derived/task-store/variants/mimo-v2.6-rl__format-code-task-000999/27a3f646636d,none,built,purge-installed-copies@1 skipped: scope is CONFIRMED_PURGE plus already-carried run packages (HAR-194 stance),sha256:5a8e3441f6f0ba2efcb01b86f22ea5f8a2cb574f529aed632100e615e22f22b3,
format-code-task-001005,code,python,strip-future-history@1>purge-build-caches@1>mtime-normalize@1>separate-verifier@2,sha256:fa4487ca671cde32362196459723c40c98909ad9eaf44eb18f62eda009a3d089,derived/task-store/variants/mimo-v2.6-rl__format-code-task-001005/fa4487ca671c,none,built,purge-installed-copies@1 skipped: scope is CONFIRMED_PURGE plus already-carried run packages (HAR-194 stance),sha256:e5d491723f93aa4d5e5ea057b32558340f5d26dc74a897ed945de2cb9b60cc21,
format-code-task-001008,code,python,strip-future-history@1>purge-build-caches@1>mtime-normalize@1>separate-verifier@2,sha256:d837ce90e83b53ef3192fbe37484a9168b291af2d8f06705fdd0d08ce8bf8d4a,derived/task-store/variants/mimo-v2.6-rl__format-code-task-001008/d837ce90e83b,none,built,purge-installed-copies@1 skipped: scope is CONFIRMED_PURGE plus already-carried run packages (HAR-194 stance),sha256:01e16ade9af9a21b78f525f8e69db6e94b1909ad53b98b38de428ca78606d1e4,
format-code-task-001010,code,python,strip-future-history@1>purge-build-caches@1>mtime-normalize@1>separate-verifier@2,sha256:9f07c72557cbf6f789a814b40d6bf4d4f69131bf9ee7d2bd9077c2e10d4bf5f4,derived/task-store/variants/mimo-v2.6-rl__format-code-task-001010/9f07c72557cb,none,built,purge-installed-copies@1 skipped: scope is CONFIRMED_PURGE plus already-carried run packages (HAR-194 stance),sha256:17e4650e0b8d32b4b3f19167a031a096ccda438da606d259d0d16f10a5c201e2,
format-code-task-001013,code,python,strip-future-history@1>purge-build-caches@1>mtime-normalize@1>separate-verifier@2,sha256:4ec92034e443aad54dc142a132e7667b2cc42f22ab810f5c1b5a369f6c632354,derived/task-store/variants/mimo-v2.6-rl__format-code-task-001013/4ec92034e443,none,built,purge-installed-copies@1 skipped: scope is CONFIRMED_PURGE plus already-carried run packages (HAR-194 stance),sha256:310e8233d8bec82e118fc9a975cfec5f5df4d36a9db0c5c871849863d6a1a992,
format-code-task-001014,code,python,strip-future-history@1>purge-build-caches@1>mtime-normalize@1>separate-verifier@2,sha256:a0ceb1e82325085e6e71b69b339bca9655debf15b88c6ce5f0e9a82fd590f694,derived/task-store/variants/mimo-v2.6-rl__format-code-task-001014/a0ceb1e82325,none,built,purge-installed-copies@1 skipped: scope is CONFIRMED_PURGE plus already-carried run packages (HAR-194 stance),sha256:1870a7cc978ce040ef7b221b6009fa49419ab02cb92b7d356088cd4156df1429,
format-code-task-001017,code,python,strip-future-history@1>purge-build-caches@1>mtime-normalize@1>separate-verifier@2,sha256:332e45eb2ac8cd31405c00198c13c6b141ae9fcb5035894b9ac8c24e179ba1b3,derived/task-store/variants/mimo-v2.6-rl__format-code-task-001017/332e45eb2ac8,none,built,purge-installed-copies@1 skipped: scope is CONFIRMED_PURGE plus already-carried run packages (HAR-194 stance),sha256:fb5699e0faa834c032997f2d5f4f2237a1497a7e21c6f210207fc2cd5a9d2182,
format-code-task-001018,code,python,strip-future-history@1>purge-build-caches@1>mtime-normalize@1>separate-verifier@2,sha256:92b1d67d7d2246af86765e50665676872a036fa51952752091fff18a97ccd9c7,derived/task-store/variants/mimo-v2.6-rl__format-code-task-001018/92b1d67d7d22,none,built,purge-installed-copies@1 skipped: scope is CONFIRMED_PURGE plus already-carried run packages (HAR-194 stance),sha256:bd1445e234575a97257a08ee3f8859025a8ec5920a010d6b4ed4bc6da29d022f,
format-code-task-001019,code,python,strip-future-history@1>purge-build-caches@1>mtime-normalize@1>separate-verifier@2,sha256:abf7192a1235a4850041cad3e3e9d9565c946d8e0e7445d9a2496a659b970ebe,derived/task-store/variants/mimo-v2.6-rl__format-code-task-001019/abf7192a1235,none,built,purge-installed-copies@1 skipped: scope is CONFIRMED_PURGE plus already-carried run packages (HAR-194 stance),sha256:21853f4b8a2f2641c18e75c7c5151d37559470ed57924c08fda6fbd31356438d,
format-code-task-001020,code,python,strip-future-history@1>purge-build-caches@1>mtime-normalize@1>separate-verifier@2,sha256:ae123ed86464a0639ae7d40825b076a6a5475f8d82e7a10e11b1d8e84148093b,derived/task-store/variants/mimo-v2.6-rl__format-code-task-001020/ae123ed86464,none,built,purge-installed-copies@1 skipped: scope is CONFIRMED_PURGE plus already-carried run packages (HAR-194 stance),sha256:cbfbab48351b1db6434bce974e50056eecda12fe163ec8ed3bd980a7284baf86,
format-code-task-001022,code,python,strip-future-history@1>purge-build-caches@1>mtime-normalize@1>separate-verifier@2,sha256:44d2296e4ee639c4185e445f3db138d5b99fb2d09ea31044fc44dcc063ddb203,derived/task-store/variants/mimo-v2.6-rl__format-code-task-001022/44d2296e4ee6,none,built,purge-installed-copies@1 skipped: scope is CONFIRMED_PURGE plus already-carried run packages (HAR-194 stance),sha256:b1fccca618022c6d32d8e6ca4d366748dd42776070659fa3faab5195ec5ca333,
format-code-task-001023,code,python,strip-future-history@1>purge-build-caches@1>mtime-normalize@1>separate-verifier@2,sha256:d5d619145c45259659812c3a4a2dd1a51801f0d52b5c3c0fbdf804668fac8723,derived/task-store/variants/mimo-v2.6-rl__format-code-task-001023/d5d619145c45,none,built,purge-installed-copies@1 skipped: scope is CONFIRMED_PURGE plus already-carried run packages (HAR-194 stance),sha256:eb15d51318bfa94d0ed6d8b0afadb78737605f756eeac3990c4bdb3f9637e62b,
format-code-task-001024,code,python,strip-future-history@1>purge-build-caches@1>mtime-normalize@1>separate-verifier@2,sha256:7d6841f6652d77b5164a8642f79b1a2207a2223824995db3e15d29420a281eed,derived/task-store/variants/mimo-v2.6-rl__format-code-task-001024/7d6841f6652d,none,built,purge-installed-copies@1 skipped: scope is CONFIRMED_PURGE plus already-carried run packages (HAR-194 stance),sha256:edfd45ce7e934ac4793dcf42d69fcb0245f4d659bdff1cd248589db88f77ddd3,
format-code-task-001027,code,python,strip-future-history@1>purge-build-caches@1>mtime-normalize@1>separate-verifier@2,sha256:3dba4bea65f68bc9a550539b94e9688bf6cce8e1d25736fd2fca36e863bcb44e,derived/task-store/variants/mimo-v2.6-rl__format-code-task-001027/3dba4bea65f6,none,built,purge-installed-copies@1 skipped: scope is CONFIRMED_PURGE plus already-carried run packages (HAR-194 stance),sha256:851501be2c2a13015004736fb3242c69b168b32c724bf2c9479f4af7a2193d77,
format-code-task-001032,code,python,strip-future-history@1>purge-build-caches@1>mtime-normalize@1>separate-verifier@2,sha256:3b439c55e96655d870db5f23c9f4c1606fab273b79de84d0227de617a613257a,derived/task-store/variants/mimo-v2.6-rl__format-code-task-001032/3b439c55e966,none,built,purge-installed-copies@1 skipped: scope is CONFIRMED_PURGE plus already-carried run packages (HAR-194 stance),sha256:1cc6618945f916ce1ffeb66f1ce309a74484aaedb4f819fbcf3d7203615c75d1,
format-code-task-001037,code,python,strip-future-history@1>purge-build-caches@1>mtime-normalize@1>separate-verifier@2,sha256:301f3ddf85d52826b02d10ca25db94362d71c33a9281b0c6393a5ffd6b06270a,derived/task-store/variants/mimo-v2.6-rl__format-code-task-001037/301f3ddf85d5,none,built,purge-installed-copies@1 skipped: scope is CONFIRMED_PURGE plus already-carried run packages (HAR-194 stance),sha256:bcae20cbedadb061f3fde8703c02bb67081b7ac1b6d2081a0ea5624dbe2aa91c,
format-code-task-001038,code,python,strip-future-history@1>purge-build-caches@1>mtime-normalize@1>separate-verifier@2,sha256:2e5ae7078dc2870a5ae2c02f0b873626375451e4b1b4ed7b8e20c76fc8a607a0,derived/task-store/variants/mimo-v2.6-rl__format-code-task-001038/2e5ae7078dc2,none,built,purge-installed-copies@1 skipped: scope is CONFIRMED_PURGE plus already-carried run packages (HAR-194 stance),sha256:908b05e975d3692ad932e43b21b584a07187fbb9ce363076d425dda283cd89f1,
format-code-task-001044,code,python,strip-future-history@1>purge-build-caches@1>mtime-normalize@1>separate-verifier@2,sha256:2b2d22e6de72932b040719a24673be95cca7aa94d93f3d44eb0f832f79b22841,derived/task-store/variants/mimo-v2.6-rl__format-code-task-001044/2b2d22e6de72,none,built,purge-installed-copies@1 skipped: scope is CONFIRMED_PURGE plus already-carried run packages (HAR-194 stance),sha256:448aeda6db191217b1bb840c70142ce4847b2311821a27eba8b0dfe9bdeea452,
format-code-task-001045,code,python,strip-future-history@1>purge-build-caches@1>mtime-normalize@1>separate-verifier@2,sha256:401779eefafaeaeaf4dd6dccf5e8692f3560010d3fcaaef7725c4e61fa157a02,derived/task-store/variants/mimo-v2.6-rl__format-code-task-001045/401779eefafa,none,built,purge-installed-copies@1 skipped: scope is CONFIRMED_PURGE plus already-carried run packages (HAR-194 stance),sha256:9ac4c7b437e03a8ad626fb4b04f7f04a16a331a0b384bfded9be2ca110b19c83,
format-code-task-001049,code,python,strip-future-history@1>purge-build-caches@1>mtime-normalize@1>separate-verifier@2,sha256:baf7424d69140c1d412efe455bac2bd7bda55d0137bc40708c58a293006f6dea,derived/task-store/variants/mimo-v2.6-rl__format-code-task-001049/baf7424d6914,none,built,purge-installed-copies@1 skipped: scope is CONFIRMED_PURGE plus already-carried run packages (HAR-194 stance),sha256:1641864c80df728714243cd5d6f5917b744267cfe3896d4b655ad814e1784eaa,
format-code-task-001051,code,python,strip-future-history@1>purge-build-caches@1>mtime-normalize@1>separate-verifier@2,sha256:d396f4acbfcdb4825d14382c5f24e1e1d636c9a13cdac5e162e597f69dbc72ae,derived/task-store/variants/mimo-v2.6-rl__format-code-task-001051/d396f4acbfcd,none,built,purge-installed-copies@1 skipped: scope is CONFIRMED_PURGE plus already-carried run packages (HAR-194 stance),sha256:7664b913394fd792d004c5acf0ec5fdb13e0a75c2e56eb769c257480b8f07828,
format-code-task-001052,code,python,strip-future-history@1>purge-build-caches@1>mtime-normalize@1>separate-verifier@2,sha256:e9e225ca2f702012f3a9c54968b4250bd33846c66409da1e776f6e3741d06e18,derived/task-store/variants/mimo-v2.6-rl__format-code-task-001052/e9e225ca2f70,none,built,purge-installed-copies@1 skipped: scope is CONFIRMED_PURGE plus already-carried run packages (HAR-194 stance),sha256:7840e50faf8f65f81101daa915d1e12e8cf41110bbfa14f622d6209b77aa217a,
format-code-task-001053,code,python,strip-future-history@1>purge-build-caches@1>mtime-normalize@1>separate-verifier@2,sha256:5d9b2cdf5375cdd26ad82f102bb7041fc43895004a019f90190289669c62e6b7,derived/task-store/variants/mimo-v2.6-rl__format-code-task-001053/5d9b2cdf5375,none,built,purge-installed-copies@1 skipped: scope is CONFIRMED_PURGE plus already-carried run packages (HAR-194 stance),sha256:29656eec0f8a9c080cfc79f8493a51989156a756bdc670207143b29db810731d,
format-code-task-001057,code,python,strip-future-history@1>purge-build-caches@1>mtime-normalize@1>separate-verifier@2,sha256:ae6ceb3a5139d09eb06b97dc469011d9a8a2f023879de6d4bc61dd9272c647e9,derived/task-store/variants/mimo-v2.6-rl__format-code-task-001057/ae6ceb3a5139,none,built,purge-installed-copies@1 skipped: scope is CONFIRMED_PURGE plus already-carried run packages (HAR-194 stance),sha256:c79916c93212c4854bfdf13a1c38829215b44ced01fb10615da0723834e79484,
format-code-task-001058,code,python,strip-future-history@1>purge-build-caches@1>mtime-normalize@1>separate-verifier@2,sha256:dbd512713d39a62083ea009661d16008050bcba772aa54439683653452aa35ea,derived/task-store/variants/mimo-v2.6-rl__format-code-task-001058/dbd512713d39,none,built,purge-installed-copies@1 skipped: scope is CONFIRMED_PURGE plus already-carried run packages (HAR-194 stance),sha256:4793b3d87a6cbd8b71ec831a58e86b4463020595c34abdf8832cb315256cdca9,
format-code-task-001063,code,python,strip-future-history@1>purge-build-caches@1>mtime-normalize@1>separate-verifier@2,sha256:44dade51d9f51955c7debb725d0e59b46d6bd2297a344a2101635a93b0d3be93,derived/task-store/variants/mimo-v2.6-rl__format-code-task-001063/44dade51d9f5,none,built,purge-installed-copies@1 skipped: scope is CONFIRMED_PURGE plus already-carried run packages (HAR-194 stance),sha256:19f7403a90d2e0cd38f7f03ee7dc0bd170200405f25d284d8eb65329a17aea0b,
format-code-task-001064,code,python,strip-future-history@1>purge-build-caches@1>mtime-normalize@1>separate-verifier@2,sha256:b79100da3b5119c77d9112aea29481fad775cb319d1a14e5466cbab96148fed5,derived/task-store/variants/mimo-v2.6-rl__format-code-task-001064/b79100da3b51,none,built,purge-installed-copies@1 skipped: scope is CONFIRMED_PURGE plus already-carried run packages (HAR-194 stance),sha256:6d92670436eb58c3c0c8543ee1076fe7329bde63d35f3d0df27e76867ee25072,
format-code-task-001065,code,python,strip-future-history@1>purge-build-caches@1>mtime-normalize@1>separate-verifier@2,sha256:f24859b14cfe7b51c53fe44a97ac851a9916572dac012586e90413b683d2ec32,derived/task-store/variants/mimo-v2.6-rl__format-code-task-001065/f24859b14cfe,none,built,purge-installed-copies@1 skipped: scope is CONFIRMED_PURGE plus already-carried run packages (HAR-194 stance),sha256:cbff5d65e61177a5e6b0feb38adc3d180800e9faf44883eb953cf4bcead82b49,
format-code-task-001066,code,python,strip-future-history@1>purge-build-caches@1>mtime-normalize@1>separate-verifier@2,sha256:e62960c7fb070f46a83f9f43a968b26ac7b03feb57661c9e48b4a80ae339dd4d,derived/task-store/variants/mimo-v2.6-rl__format-code-task-001066/e62960c7fb07,none,built,purge-installed-copies@1 skipped: scope is CONFIRMED_PURGE plus already-carried run packages (HAR-194 stance),sha256:7ab90a9a749e2e0bd8cd96def49e19f7e07ab8f4a32a58cd293d97a36caac882,
format-code-task-001068,code,python,strip-future-history@1>purge-build-caches@1>mtime-normalize@1>separate-verifier@2,sha256:b1ecb024c23011fe6e37b6aa6d656d3ad2d8e702db2ca2e133a2fe4f0d8e8481,derived/task-store/variants/mimo-v2.6-rl__format-code-task-001068/b1ecb024c230,none,built,purge-installed-copies@1 skipped: scope is CONFIRMED_PURGE plus already-carried run packages (HAR-194 stance),sha256:095c628afbf98ad780d229a9bf3350f8889f8cb1add465425a96e1389d49d705,
format-code-task-001069,code,python,strip-future-history@1>purge-build-caches@1>mtime-normalize@1>separate-verifier@2,sha256:bf6a21c2a9682a65be2c4f75102547eb7ce653bd0ea76564e53ee3f713f77ee9,derived/task-store/variants/mimo-v2.6-rl__format-code-task-001069/bf6a21c2a968,none,built,purge-installed-copies@1 skipped: scope is CONFIRMED_PURGE plus already-carried run packages (HAR-194 stance),sha256:e803eb2cf5fafa10caac6e655204b180f837e4b0dd3bc46c6c13821a65af8300,
format-code-task-001071,code,python,strip-future-history@1>purge-build-caches@1>mtime-normalize@1>separate-verifier@2,sha256:81552bf06eed6e49c03722aa5071c28a8e0b8e5833dc8633b4087ae9fa1ae154,derived/task-store/variants/mimo-v2.6-rl__format-code-task-001071/81552bf06eed,none,built,purge-installed-copies@1 skipped: scope is CONFIRMED_PURGE plus already-carried run packages (HAR-194 stance),sha256:574a47ed87a2f5204126aad0755d21625a70c09104faa9f6c9eeac897befefe8,
format-code-task-001072,code,python,strip-future-history@1>purge-build-caches@1>mtime-normalize@1>separate-verifier@2,sha256:8eca611702328d3881881fe4083673a71ac5edc291652a8677317549475cce68,derived/task-store/variants/mimo-v2.6-rl__format-code-task-001072/8eca61170232,none,built,purge-installed-copies@1 skipped: scope is CONFIRMED_PURGE plus already-carried run packages (HAR-194 stance),sha256:4058abd010c4d9db6d58493c759400d171dbd333b9485354adca761261d12087,
format-code-task-001073,code,python,,,,none,skipped,"ledger verdict=discard status=discarded: broken environment, no known repair: /usr/bin/python: No module named pytest (env-login-path@2 rejected on its nop)",sha256:a32b068ccbc1b697f39c2a5a9abb57ebd2ce087b246af2145b02c8843e9ec758,
format-code-task-001075,code,python,strip-future-history@1>purge-build-caches@1>mtime-normalize@1>separate-verifier@2,sha256:2fb4151bbbd7dc4d0aa93de19595cee08d703a8eadf06d84668501704149834f,derived/task-store/variants/mimo-v2.6-rl__format-code-task-001075/2fb4151bbbd7,none,built,purge-installed-copies@1 skipped: scope is CONFIRMED_PURGE plus already-carried run packages (HAR-194 stance),sha256:0b3480a9a28d660fa1c3da182e5b36081c3d4a2b50abd56117355e4b778c588d,
format-code-task-001076,code,python,strip-future-history@1>purge-build-caches@1>mtime-normalize@1>separate-verifier@2,sha256:6cd4c03d5e4ac5ff9b949e1c4feaacc3015696bc9e99960ae8fca9ea1db98314,derived/task-store/variants/mimo-v2.6-rl__format-code-task-001076/6cd4c03d5e4a,none,built,purge-installed-copies@1 skipped: scope is CONFIRMED_PURGE plus already-carried run packages (HAR-194 stance),sha256:2a7984c073e750cf6f3414df16a0ee06e314c952ad398ad3ca24d66d97952ff3,
format-code-task-001078,code,python,,,,none,skipped,"ledger verdict=discard status=discarded: broken environment, no known repair: /testbed/mimo_test_command.sh: line 5: pytest: command not found (env-login-path@2 rejected on its nop)",sha256:32c6564de234126f4d69ce801f3f353e19b8f8fb147b9d88f13a53edc16ea81f,
format-code-task-001079,code,python,strip-future-history@1>purge-build-caches@1>mtime-normalize@1>separate-verifier@2,sha256:85f59d388e82abff379ebe34098876a615d6a5383089aae5649159247864f297,derived/task-store/variants/mimo-v2.6-rl__format-code-task-001079/85f59d388e82,none,built,purge-installed-copies@1 skipped: scope is CONFIRMED_PURGE plus already-carried run packages (HAR-194 stance),sha256:90f59eb7918173dfacfae497a2ed04415732d7e5ae9d01eb506ef9b5f445be98,
format-code-task-001080,code,python,strip-future-history@1>purge-build-caches@1>mtime-normalize@1>separate-verifier@2,sha256:21f13c08c538e9a93f94fbe29ac89722c59d668cc26dc6e945706e1f0592ac51,derived/task-store/variants/mimo-v2.6-rl__format-code-task-001080/21f13c08c538,none,built,purge-installed-copies@1 skipped: scope is CONFIRMED_PURGE plus already-carried run packages (HAR-194 stance),sha256:6ca9c62cdf6aa48dd85bffcd7ebc041d785c4a95875f661f9ebfcfca0598bcd7,
format-code-task-001081,code,python,strip-future-history@1>purge-build-caches@1>mtime-normalize@1>separate-verifier@2,sha256:31ae62529a7bb8eeae50d9eeba98c09e0cb2cd032e2c5708abb2f79bf233ed52,derived/task-store/variants/mimo-v2.6-rl__format-code-task-001081/31ae62529a7b,none,built,purge-installed-copies@1 skipped: scope is CONFIRMED_PURGE plus already-carried run packages (HAR-194 stance),sha256:bcb1d8b56a9e1e30a943cd7e9b76f42f80ac6924bd969cdbc8a8d975fa02e203,
format-code-task-001082,code,python,strip-future-history@1>purge-build-caches@1>mtime-normalize@1>separate-verifier@2,sha256:41213afb6e5957fe76e8ae1331a6459c4fa3c7b6ceba05ee2498778aebcdbfdb,derived/task-store/variants/mimo-v2.6-rl__format-code-task-001082/41213afb6e59,none,built,purge-installed-copies@1 skipped: scope is CONFIRMED_PURGE plus already-carried run packages (HAR-194 stance),sha256:9233e77a8ab7aa20ad474702e5e0c6c9665fdcd7ed83d40267d11227a55dc43f,
format-code-task-001084,code,python,strip-future-history@1>purge-build-caches@1>mtime-normalize@1>separate-verifier@2,sha256:f4bec7648e5492a3693659fc2c7a1f30778f7cb7ecf4b47b9dc269c8803a1782,derived/task-store/variants/mimo-v2.6-rl__format-code-task-001084/f4bec7648e54,none,built,purge-installed-copies@1 skipped: scope is CONFIRMED_PURGE plus already-carried run packages (HAR-194 stance),sha256:8123eccf4805e70dd03a9b9fd914f3d1274e0e6dd1ce54dc78945149b6c8fe64,
format-code-task-001086,code,python,strip-future-history@1>purge-build-caches@1>mtime-normalize@1>separate-verifier@2,sha256:22ec6df047b083637a2addf7ac23277abb6d778de455bea1cb1803af04fb1d5c,derived/task-store/variants/mimo-v2.6-rl__format-code-task-001086/22ec6df047b0,none,built,purge-installed-copies@1 skipped: scope is CONFIRMED_PURGE plus already-carried run packages (HAR-194 stance),sha256:49218a41b9f3770baba0c35d5b8b5ecb596dbf3044d7cb1fbed3c97e011ea48b,
format-code-task-001087,code,python,strip-future-history@1>purge-build-caches@1>mtime-normalize@1>separate-verifier@2,sha256:294f33ad0e52eac72d66dcc193718e3dbb18b1c38ad4a9fee428feea42b5efe2,derived/task-store/variants/mimo-v2.6-rl__format-code-task-001087/294f33ad0e52,none,built,purge-installed-copies@1 skipped: scope is CONFIRMED_PURGE plus already-carried run packages (HAR-194 stance),sha256:8149fa52561cccee507751b88e89aa816af9e663ccfef055b5f5bf46c4271cde,
format-code-task-001089,code,python,strip-future-history@1>purge-build-caches@1>mtime-normalize@1>separate-verifier@2,sha256:cc69b534b9ac1cfec9ef92e57030dec7a04bb861e7337b165084242a7abca8f5,derived/task-store/variants/mimo-v2.6-rl__format-code-task-001089/cc69b534b9ac,none,built,purge-installed-copies@1 skipped: scope is CONFIRMED_PURGE plus already-carried run packages (HAR-194 stance),sha256:cab9b128e16704c6a827aa736d1244317103bbe872b1a583818a36d6932c1858,
format-code-task-001092,code,python,strip-future-history@1>purge-build-caches@1>mtime-normalize@1>separate-verifier@2,sha256:aff52d0cdc91b49cad27b5af6133963242de2fdfc794e0cf9320c596a5cfe002,derived/task-store/variants/mimo-v2.6-rl__format-code-task-001092/aff52d0cdc91,none,built,purge-installed-copies@1 skipped: scope is CONFIRMED_PURGE plus already-carried run packages (HAR-194 stance),sha256:8d49432685d069a763e2c4b07f91cb18e3c6f9fdd987ee09d7b8ea3c39812724,
format-code-task-001093,code,python,strip-future-history@1>purge-build-caches@1>mtime-normalize@1>separate-verifier@2,sha256:b9be05165f7c3d5297299039a042bee1219c1e647fd390df0be6f6fe8430323c,derived/task-store/variants/mimo-v2.6-rl__format-code-task-001093/b9be05165f7c,none,built,purge-installed-copies@1 skipped: scope is CONFIRMED_PURGE plus already-carried run packages (HAR-194 stance),sha256:b0512bf0cbddc06067e54a0d98ecb9cc51d47155e8fb15399a74687bfbea3884,
format-code-task-001094,code,python,strip-future-history@1>purge-build-caches@1>mtime-normalize@1>separate-verifier@2,sha256:33ad96ae53adc9a87ed141b2d81608736529116a04a21a352aa6cc8f7f4a16c2,derived/task-store/variants/mimo-v2.6-rl__format-code-task-001094/33ad96ae53ad,none,built,purge-installed-copies@1 skipped: scope is CONFIRMED_PURGE plus already-carried run packages (HAR-194 stance),sha256:b39794d22a185f37216b96616827c03950076625ee5317269b1063eaf25f317a,
format-code-task-001095,code,python,strip-future-history@1>purge-build-caches@1>mtime-normalize@1>separate-verifier@2,sha256:89e7cd6c56047adc60cbd684a9f10e8df1306bb225166d55383401a024554603,derived/task-store/variants/mimo-v2.6-rl__format-code-task-001095/89e7cd6c5604,none,built,purge-installed-copies@1 skipped: scope is CONFIRMED_PURGE plus already-carried run packages (HAR-194 stance),sha256:eb2334e4dedd53807a4ca9fbf26b72e90ec7967c270a912e1937b4e0e939d9f5,
format-code-task-001100,code,python,strip-future-history@1>purge-build-caches@1>mtime-normalize@1>separate-verifier@2,sha256:090708e9fa5fe07055046fb6dfac12a0f33f30f3260ca3fa94d044e4d7e3d911,derived/task-store/variants/mimo-v2.6-rl__format-code-task-001100/090708e9fa5f,none,built,purge-installed-copies@1 skipped: scope is CONFIRMED_PURGE plus already-carried run packages (HAR-194 stance),sha256:2e747e2ba1a825f0953f1ac307f2439e526142c471bbbb37b3915619894a5391,
format-code-task-001103,code,python,strip-future-history@1>purge-build-caches@1>mtime-normalize@1>separate-verifier@2,sha256:2d71758e994ccc291b60bf24971be64ba58350690810050463a4cf6df18d0410,derived/task-store/variants/mimo-v2.6-rl__format-code-task-001103/2d71758e994c,none,built,purge-installed-copies@1 skipped: scope is CONFIRMED_PURGE plus already-carried run packages (HAR-194 stance),sha256:7eaecbd8e2b1d9df686e70a0be68d07642722c8b711754e9e7b8d43f2fecb5a7,
format-code-task-001105,code,python,strip-future-history@1>purge-build-caches@1>mtime-normalize@1>separate-verifier@2,sha256:62dd57547b66154f06594f4b836eb6659555e38f237c7780200fa287fb50fbae,derived/task-store/variants/mimo-v2.6-rl__format-code-task-001105/62dd57547b66,none,built,purge-installed-copies@1 skipped: scope is CONFIRMED_PURGE plus already-carried run packages (HAR-194 stance),sha256:dd1582d11170f62433e44b51bd455b2675eef7bf44c9882265c32d61e9a9abb7,
format-code-task-001109,code,python,strip-future-history@1>purge-build-caches@1>mtime-normalize@1>separate-verifier@2,sha256:a4f02e5a2a9255f1fc470d7dcba116cf0110755c8889cc994bcd87c408d8bb48,derived/task-store/variants/mimo-v2.6-rl__format-code-task-001109/a4f02e5a2a92,none,built,purge-installed-copies@1 skipped: scope is CONFIRMED_PURGE plus already-carried run packages (HAR-194 stance),sha256:7d2573f4ec99c52aa379a615c58afe8a8118d550fbae27ea0a954058a26c3eb3,
format-code-task-001110,code,python,strip-future-history@1>purge-build-caches@1>mtime-normalize@1>separate-verifier@2,sha256:22c004a61a6ea8190ab9d1d9c1dcdc6b6dc8f155ef42d163c747e231f94833c4,derived/task-store/variants/mimo-v2.6-rl__format-code-task-001110/22c004a61a6e,none,built,purge-installed-copies@1 skipped: scope is CONFIRMED_PURGE plus already-carried run packages (HAR-194 stance),sha256:53ff52b6e7b80c8c582074026c7b35c44f3159d265e9e9913e5a6b1b66744d33,
format-code-task-001112,code,python,strip-future-history@1>purge-build-caches@1>mtime-normalize@1>separate-verifier@2,sha256:7c1d7f6f2b098ebe1b88f72768aed61b17b0784cf8a61abef369867329ca0b96,derived/task-store/variants/mimo-v2.6-rl__format-code-task-001112/7c1d7f6f2b09,none,built,purge-installed-copies@1 skipped: scope is CONFIRMED_PURGE plus already-carried run packages (HAR-194 stance),sha256:bc22b9a0118674e3485a33122304be039c6668c089d83b83ad3b326471a58480,
format-code-task-001114,code,python,strip-future-history@1>purge-build-caches@1>mtime-normalize@1>separate-verifier@2,sha256:8b7f5d9a578fd73f67ab879c229c1f301971eb962d466a39e209671cf143adbd,derived/task-store/variants/mimo-v2.6-rl__format-code-task-001114/8b7f5d9a578f,none,built,purge-installed-copies@1 skipped: scope is CONFIRMED_PURGE plus already-carried run packages (HAR-194 stance),sha256:c4f2b837bac4b05321b1dea19f3f4dfe93fd6da57a0549d0b99581aab88a2b44,
format-code-task-001119,code,python,strip-future-history@1>purge-build-caches@1>mtime-normalize@1>separate-verifier@2,sha256:445534a4f15869b535d2b5b970e7f69e2af92c576504773c1ffb8e47ce72e5b9,derived/task-store/variants/mimo-v2.6-rl__format-code-task-001119/445534a4f158,none,built,purge-installed-copies@1 skipped: scope is CONFIRMED_PURGE plus already-carried run packages (HAR-194 stance),sha256:1009d47f719ff2b27e5cf6731bb62933171c93fa01d0aab0d42ec03419c36b90,
format-code-task-001122,code,python,strip-future-history@1>purge-build-caches@1>mtime-normalize@1>separate-verifier@2,sha256:2d32692e87c7ae2fe6db3de0d18aa0d1aa0696170cd21070e2a505b39a9624c4,derived/task-store/variants/mimo-v2.6-rl__format-code-task-001122/2d32692e87c7,none,built,purge-installed-copies@1 skipped: scope is CONFIRMED_PURGE plus already-carried run packages (HAR-194 stance),sha256:a770b4ed4a9fac29724f8205cd874d879ebb7b79dfd5f2b705db77f5a3565d1a,
format-code-task-001124,code,python,strip-future-history@1>purge-build-caches@1>mtime-normalize@1>separate-verifier@2,sha256:cfbd8d4b121f31ca2e573ed951d927603d60633e5ccbbdb8a47da739194b0fa1,derived/task-store/variants/mimo-v2.6-rl__format-code-task-001124/cfbd8d4b121f,none,built,purge-installed-copies@1 skipped: scope is CONFIRMED_PURGE plus already-carried run packages (HAR-194 stance),sha256:00d10ce4d002a5755b2d577c6f2868a36a71a6670efde42567b084c052e28fe0,
format-code-task-001125,code,python,,,,none,skipped,"ledger verdict=discard status=discarded: broken environment, no known repair: _____ ERROR collecting tests/test_downloadermiddleware_httpcompression.py ______",sha256:0eb5e489ff17a2e59aad256a1404a9f034bca4a676c1330eb2372eca5e37e7f7,
format-code-task-001127,code,python,strip-future-history@1>purge-build-caches@1>mtime-normalize@1>separate-verifier@2,sha256:0aa30665b92d82a965b62d05953b0f24e1b6a7425bfab573727adfc0f3bce469,derived/task-store/variants/mimo-v2.6-rl__format-code-task-001127/0aa30665b92d,none,built,purge-installed-copies@1 skipped: scope is CONFIRMED_PURGE plus already-carried run packages (HAR-194 stance),sha256:a73be4bdfa09786263d38177524b4d251d8bb86b61eb28a7935df3017f219e03,
format-code-task-001128,code,python,strip-future-history@1>purge-build-caches@1>mtime-normalize@1>separate-verifier@2,sha256:4964297d61051e66db5d00d4beb14312aed72ef991f6f7bec5d940c24a237d34,derived/task-store/variants/mimo-v2.6-rl__format-code-task-001128/4964297d6105,none,built,purge-installed-copies@1 skipped: scope is CONFIRMED_PURGE plus already-carried run packages (HAR-194 stance),sha256:5df963ed2e1abb82cdcf45b22a46ed3d95e4f7612c6b927065a305babede12b7,
format-code-task-001130,code,python,strip-future-history@1>purge-build-caches@1>mtime-normalize@1>separate-verifier@2,sha256:1c9cb1c3d9e6b8ea16e7d792feaa4168e1eb7770de3f2aa16adbc40412caaa83,derived/task-store/variants/mimo-v2.6-rl__format-code-task-001130/1c9cb1c3d9e6,none,built,purge-installed-copies@1 skipped: scope is CONFIRMED_PURGE plus already-carried run packages (HAR-194 stance),sha256:718d8cab98d5489e17a5cc72f051d20c5843f64cbea3f07f9041c14b582f803d,
format-code-task-001132,code,python,strip-future-history@1>purge-build-caches@1>mtime-normalize@1>separate-verifier@2,sha256:340d4a2cfeb40a1388454924cd8013e453e3694352046a808d3d3300d04e887e,derived/task-store/variants/mimo-v2.6-rl__format-code-task-001132/340d4a2cfeb4,none,built,purge-installed-copies@1 skipped: scope is CONFIRMED_PURGE plus already-carried run packages (HAR-194 stance),sha256:1e56e97a21db1f0eb90b010009418ef5246d1997854b56afc2ecfc87dc871d51,
format-code-task-001134,code,python,strip-future-history@1>purge-build-caches@1>mtime-normalize@1>separate-verifier@2,sha256:9fe6673295077a4e2eec029d70bef31c79e2880b61eef4a4fd89b4860117a829,derived/task-store/variants/mimo-v2.6-rl__format-code-task-001134/9fe667329507,none,built,purge-installed-copies@1 skipped: scope is CONFIRMED_PURGE plus already-carried run packages (HAR-194 stance),sha256:72aa4ed8ea2320c4df6c355a38cca6c5ccb59ffc468d226fc59bdaaf19fe88dd,
format-code-task-001136,code,python,strip-future-history@1>purge-build-caches@1>mtime-normalize@1>separate-verifier@2,sha256:95f8840ac0e39b855b4f5aef142258b6eec3d6f86ac96249a1eda3bdd5386bea,derived/task-store/variants/mimo-v2.6-rl__format-code-task-001136/95f8840ac0e3,none,built,purge-installed-copies@1 skipped: scope is CONFIRMED_PURGE plus already-carried run packages (HAR-194 stance),sha256:913418f2b8631912ddfc8132ecd9efcca801da78c6798d5d6c07410b65ed7434,
format-code-task-001137,code,python,strip-future-history@1>purge-build-caches@1>mtime-normalize@1>separate-verifier@2,sha256:57c55a36a70471436949d1e382e8f3b228334e8d0a076b5024c169dd10eb473e,derived/task-store/variants/mimo-v2.6-rl__format-code-task-001137/57c55a36a704,none,built,purge-installed-copies@1 skipped: scope is CONFIRMED_PURGE plus already-carried run packages (HAR-194 stance),sha256:668dc9be99728cdf2fbbae736aa5544756b95da91a24e3228f5e74c19e68eeb1,
format-code-task-001138,code,python,strip-future-history@1>purge-build-caches@1>mtime-normalize@1>separate-verifier@2,sha256:007354fc9e472a3cb5395d5518884c187bf7bd4af224935940de6ec117310db5,derived/task-store/variants/mimo-v2.6-rl__format-code-task-001138/007354fc9e47,none,built,purge-installed-copies@1 skipped: scope is CONFIRMED_PURGE plus already-carried run packages (HAR-194 stance),sha256:493f544b83ce7eb1e00a9edaeea15a0b7f4de50ed70eb3e4f7833f4e86d01844,
format-code-task-001139,code,python,strip-future-history@1>purge-build-caches@1>mtime-normalize@1>separate-verifier@2,sha256:ac1e23a3fb3000f224f9a5b0741a0cde0ff92d523fa6dffb2414608587961517,derived/task-store/variants/mimo-v2.6-rl__format-code-task-001139/ac1e23a3fb30,none,built,purge-installed-copies@1 skipped: scope is CONFIRMED_PURGE plus already-carried run packages (HAR-194 stance),sha256:865a28902e41951a489c2b99ad2979d5f3b88a6f9d4bf4ce8c0b3602b05d3221,
format-code-task-001140,code,python,strip-future-history@1>purge-build-caches@1>mtime-normalize@1>separate-verifier@2,sha256:cd9a230cf6da127033c376bd7bcfba759a165aee99d2c793357a39eba3990314,derived/task-store/variants/mimo-v2.6-rl__format-code-task-001140/cd9a230cf6da,none,built,purge-installed-copies@1 skipped: scope is CONFIRMED_PURGE plus already-carried run packages (HAR-194 stance),sha256:77151ec2f0a1504485c8c6f35712972bafae9950bee27d44522f4e26e2ba7ef7,
format-code-task-001142,code,python,strip-future-history@1>purge-build-caches@1>mtime-normalize@1>separate-verifier@2,sha256:ae64941ba220aa7f07ed9788bd1ac64fa82b31cd539edce92bb0185fd052f9f5,derived/task-store/variants/mimo-v2.6-rl__format-code-task-001142/ae64941ba220,none,built,purge-installed-copies@1 skipped: scope is CONFIRMED_PURGE plus already-carried run packages (HAR-194 stance),sha256:b362d294162df1c52d087e1e57898af02a2df7c486666b85bc51aae12b60de8e,
format-code-task-001144,code,python,strip-future-history@1>purge-build-caches@1>mtime-normalize@1>separate-verifier@2,sha256:f4021e51e61adb18c8a215bbeb3e33276d01c386f91e48d6d30d06c2dbdebbb5,derived/task-store/variants/mimo-v2.6-rl__format-code-task-001144/f4021e51e61a,none,built,purge-installed-copies@1 skipped: scope is CONFIRMED_PURGE plus already-carried run packages (HAR-194 stance),sha256:35d414d02e56e984e7ad72ea69e6404afa18d94edfc03bc141be20bd831318a7,
format-code-task-001145,code,python,strip-future-history@1>purge-build-caches@1>mtime-normalize@1>separate-verifier@2,sha256:a02aced0852708da555a89b5589f6242c21a00c979e0c91f6187e3a0c34af96a,derived/task-store/variants/mimo-v2.6-rl__format-code-task-001145/a02aced08527,none,built,purge-installed-copies@1 skipped: scope is CONFIRMED_PURGE plus already-carried run packages (HAR-194 stance),sha256:e95fd31e49155ac2ed0c12dfd00654d267b7fdf21bac543c331dc2dfcbd3d3d7,
format-code-task-001146,code,python,,,,none,skipped,"ledger verdict=discard status=discarded: grade unconfirmed: tests run and fail on the missing feature (operation_id keyword); no count line, so the grade is unconfirmed",sha256:1387034349ce3dde891d64bafd062dd110bd8e8a39b0b7e94cccd1bb62e600b3,
format-code-task-001150,code,python,,,,none,skipped,"ledger verdict=discard status=discarded: grade unconfirmed: the tests import clients/python/GirderClient.py, which is Python 2 (print statement), under Python 3.14; the image has no Python 2",sha256:9783fe588b8bcbfd53b63ace21c5b5f2d0a23842915a85f1870bc60ecae35507,
format-code-task-001152,code,python,strip-future-history@1>purge-build-caches@1>mtime-normalize@1>separate-verifier@2,sha256:5c01f50cec80b3148b1d03ea40ba92375a4d78d012d1a956a4b9b5c8fa42bc95,derived/task-store/variants/mimo-v2.6-rl__format-code-task-001152/5c01f50cec80,none,built,purge-installed-copies@1 skipped: scope is CONFIRMED_PURGE plus already-carried run packages (HAR-194 stance),sha256:fcbcf0678a185d8e5939365dfdaf654c96aa35c1189a415301a2429c9a2fd6ef,
format-code-task-001154,code,python,strip-future-history@1>purge-build-caches@1>mtime-normalize@1>separate-verifier@2,sha256:365e71485896ac44bc4be038146d177fda66d84aa9e7561a9a1c050003bad889,derived/task-store/variants/mimo-v2.6-rl__format-code-task-001154/365e71485896,none,built,purge-installed-copies@1 skipped: scope is CONFIRMED_PURGE plus already-carried run packages (HAR-194 stance),sha256:cff80c04f7587371f002308dc0bd4aa45ce91e9add827030ab4d14c7e0ffb2dc,
format-code-task-001156,code,python,strip-future-history@1>purge-build-caches@1>mtime-normalize@1>separate-verifier@2,sha256:c4a9ab089c3676aabb8478371302c643035906ffff5db329d462f20f3c1bcd12,derived/task-store/variants/mimo-v2.6-rl__format-code-task-001156/c4a9ab089c36,none,built,purge-installed-copies@1 skipped: scope is CONFIRMED_PURGE plus already-carried run packages (HAR-194 stance),sha256:d8b1e80203ab32ea4b72ca8b32ad5556e872aa4074edda087bfd7c641d268a91,
format-code-task-001160,code,python,,,,none,skipped,"ledger verdict=discard status=discarded: broken environment, no known repair: /testbed/mimo_test_command.sh: line 6: pytest: command not found (env-login-path@2 rejected on its nop)",sha256:c7b8b39cedac3e39fa2ef8f36329f6a55baca671dd74a401223a10740f889e55,
format-code-task-001161,code,python,strip-future-history@1>purge-build-caches@1>mtime-normalize@1>separate-verifier@2,sha256:9c1f9a7369053e143aff2fd2919fb6500f8e925e922e99f487cc657d8e1a91e0,derived/task-store/variants/mimo-v2.6-rl__format-code-task-001161/9c1f9a736905,none,built,purge-installed-copies@1 skipped: scope is CONFIRMED_PURGE plus already-carried run packages (HAR-194 stance),sha256:52b8743e5c18b86fccc6864e842c483c5369b2c83bd60e2dc6c21c1fd1896025,
format-code-task-001163,code,python,strip-future-history@1>purge-build-caches@1>mtime-normalize@1>separate-verifier@2,sha256:c698ffa394efdfccb12827270894adad9499249692f4d97ab6aa46c0dcf09fec,derived/task-store/variants/mimo-v2.6-rl__format-code-task-001163/c698ffa394ef,none,built,purge-installed-copies@1 skipped: scope is CONFIRMED_PURGE plus already-carried run packages (HAR-194 stance),sha256:ea51dfa22d9308bcbdf9fa01592b77d273d0c6a67d1c4f44b6611e553bd64404,
format-code-task-001167,code,python,strip-future-history@1>purge-build-caches@1>mtime-normalize@1>separate-verifier@2,sha256:b7901c7ae0ee2349f2d197b5672a49915eb41a60bdd4f48842be62106011a58e,derived/task-store/variants/mimo-v2.6-rl__format-code-task-001167/b7901c7ae0ee,none,built,purge-installed-copies@1 skipped: scope is CONFIRMED_PURGE plus already-carried run packages (HAR-194 stance),sha256:c799f30637d628f6b04f955959618c1f59ccdd488feacf3b4b86cc68b21748dc,
format-code-task-001168,code,python,,,,none,skipped,"ledger verdict=discard status=discarded: broken environment, no known repair: ImportError while loading conftest '/testbed/tests/conftest.py'.",sha256:d8ca1d04bcb787019e8046fb22830174b2fe7924b015e2d38c80d9aa3282160e,
format-code-task-001174,code,python,,,,none,skipped,"ledger verdict=discard status=discarded: broken environment, no known repair: _________________ ERROR collecting xblock/test/test_runtime.py _________________",sha256:5b5b24aeff873eae21f0beec40281bb906944ec7ce9fb319b7cddcf80616f603,
format-code-task-001175,code,python,strip-future-history@1>purge-build-caches@1>mtime-normalize@1>separate-verifier@2,sha256:d6fe67ef102eb1982522c29235c9c77a7ef4721273f81d4ff440e88f2694b073,derived/task-store/variants/mimo-v2.6-rl__format-code-task-001175/d6fe67ef102e,none,built,purge-installed-copies@1 skipped: scope is CONFIRMED_PURGE plus already-carried run packages (HAR-194 stance),sha256:89b80e3450cc38f780a5d977d47f2f9a3cb3c1884d8750512fb01c409d2e2e80,
format-code-task-001176,code,python,strip-future-history@1>purge-build-caches@1>mtime-normalize@1>separate-verifier@2,sha256:e63289d5db48081af00a71cfe485e6ff4c7f000ff9e47de85bc3dc738e7157cd,derived/task-store/variants/mimo-v2.6-rl__format-code-task-001176/e63289d5db48,none,built,purge-installed-copies@1 skipped: scope is CONFIRMED_PURGE plus already-carried run packages (HAR-194 stance),sha256:52862dc0cdbbb58bd3cc7d547c7775f811fae400f7b9753f97ad43a1fe2e6be8,
format-code-task-001177,code,python,strip-future-history@1>purge-build-caches@1>mtime-normalize@1>separate-verifier@2,sha256:2244b7d56028a0d45d3910977f8b9b52ae7767c862cd96a25f3d262f5c0db782,derived/task-store/variants/mimo-v2.6-rl__format-code-task-001177/2244b7d56028,none,built,purge-installed-copies@1 skipped: scope is CONFIRMED_PURGE plus already-carried run packages (HAR-194 stance),sha256:be3ddda24bb60cbf2f3685b65f3e9a7759e28cdccaae6a724613350a79ffad76,
format-code-task-001178,code,python,strip-future-history@1>purge-build-caches@1>mtime-normalize@1>separate-verifier@2,sha256:d3533eaa7c22efc7787a9819fa312371c2f6188a8ac870c17300ae865628f000,derived/task-store/variants/mimo-v2.6-rl__format-code-task-001178/d3533eaa7c22,none,built,purge-installed-copies@1 skipped: scope is CONFIRMED_PURGE plus already-carried run packages (HAR-194 stance),sha256:2bcfc4c53d6df6b1a56103862fa324df9a765a73fb527bad2d4bb63c6591dfe3,
format-code-task-001179,code,python,strip-future-history@1>purge-build-caches@1>mtime-normalize@1>separate-verifier@2,sha256:ac021c2281736a92a4eff873b8548ee31980a8e46b856edeb46fead57ec2ac5f,derived/task-store/variants/mimo-v2.6-rl__format-code-task-001179/ac021c228173,none,built,purge-installed-copies@1 skipped: scope is CONFIRMED_PURGE plus already-carried run packages (HAR-194 stance),sha256:27f6937f33716aa1c4633c0da7937881140b0e94c7d869d98efef7e077192a82,
format-code-task-001180,code,python,strip-future-history@1>purge-build-caches@1>mtime-normalize@1>separate-verifier@2,sha256:dc4a0e5e50e2deb6864f8db7a9339ef327e16f0fcd20fe97fcce1fc95549eb1f,derived/task-store/variants/mimo-v2.6-rl__format-code-task-001180/dc4a0e5e50e2,none,built,purge-installed-copies@1 skipped: scope is CONFIRMED_PURGE plus already-carried run packages (HAR-194 stance),sha256:cd722fa043b76d87a8ee8fcc093b02fc89a2ac37cfef1012fd199d54e9cec2a5,
format-code-task-001181,code,python,strip-future-history@1>purge-build-caches@1>mtime-normalize@1>separate-verifier@2,sha256:fea601cbd073dd1f7947434a055255290e894d42c80f228388e83c2b8fd5f57a,derived/task-store/variants/mimo-v2.6-rl__format-code-task-001181/fea601cbd073,none,built,purge-installed-copies@1 skipped: scope is CONFIRMED_PURGE plus already-carried run packages (HAR-194 stance),sha256:a680b2bdae21a72de651b06f58968c7e881628efb2b3b6abc93ce9f8895bac3d,
format-code-task-001183,code,python,strip-future-history@1>purge-build-caches@1>mtime-normalize@1>separate-verifier@2,sha256:d6c6354b173806de1522c25987bed9709d8f104b27f1ec297c778871c2067f1b,derived/task-store/variants/mimo-v2.6-rl__format-code-task-001183/d6c6354b1738,none,built,purge-installed-copies@1 skipped: scope is CONFIRMED_PURGE plus already-carried run packages (HAR-194 stance),sha256:18be842ea1d222c7bb8783760c9603b28368f64fe696b0eebf80770211b1dfc5,
format-code-task-001184,code,python,strip-future-history@1>purge-build-caches@1>mtime-normalize@1>separate-verifier@2,sha256:c71c5ada290866da5f3e6c8588edb46e4da4bc18b0a458ea1729a8893c94a345,derived/task-store/variants/mimo-v2.6-rl__format-code-task-001184/c71c5ada2908,none,built,purge-installed-copies@1 skipped: scope is CONFIRMED_PURGE plus already-carried run packages (HAR-194 stance),sha256:6b2f7cb9399fe7916924dda3755e861a4ff951fc55b17219d1d19bddcede0e8b,
format-code-task-001189,code,python,strip-future-history@1>purge-build-caches@1>mtime-normalize@1>separate-verifier@2,sha256:5630f233221a2d66e62a678b343f0650131f15bac8c409fedad2f96c05454883,derived/task-store/variants/mimo-v2.6-rl__format-code-task-001189/5630f233221a,/Users/petermakhnatch/Developer/eval-lab-results/2026-10-07/HAR-191-oracle-sweep/tasks/format-code-task-001189/oracle/solution-patch.stdout.log,built,purge-installed-copies@1 skipped: scope is CONFIRMED_PURGE plus already-carried run packages (HAR-194 stance),sha256:e61dd8b5b00ac8912af3ef59649f9682d5a616811338986cc0e32a00e7766476,oracle:pass+nop:fail
format-code-task-001196,code,python,strip-future-history@1>purge-build-caches@1>mtime-normalize@1>separate-verifier@2,sha256:e9166bdf15bd5245e7f0b68c63ced4860ddf15e9701e2b0626a45af13bea414a,derived/task-store/variants/mimo-v2.6-rl__format-code-task-001196/e9166bdf15bd,none,built,purge-installed-copies@1 skipped: scope is CONFIRMED_PURGE plus already-carried run packages (HAR-194 stance),sha256:aabadc9a2eeace83445828e502c5782456c4ead89d62e6eeb65ac13d799c3550,
format-code-task-001198,code,python,strip-future-history@1>purge-build-caches@1>mtime-normalize@1>separate-verifier@2,sha256:22ee48638184520b88c514ecceca125edaacea6c6e580736f7071669c765888c,derived/task-store/variants/mimo-v2.6-rl__format-code-task-001198/22ee48638184,none,built,purge-installed-copies@1 skipped: scope is CONFIRMED_PURGE plus already-carried run packages (HAR-194 stance),sha256:b929f2aa48ca78be47c4005c175d9f714aadbfaea9af34df79554b3b0048e728,
format-code-task-001199,code,python,strip-future-history@1>purge-build-caches@1>mtime-normalize@1>separate-verifier@2,sha256:475de429b67406bf5cbd1211f4c87d1cc67f1949f428be5e63f537a16205f1ac,derived/task-store/variants/mimo-v2.6-rl__format-code-task-001199/475de429b674,none,built,purge-installed-copies@1 skipped: scope is CONFIRMED_PURGE plus already-carried run packages (HAR-194 stance),sha256:c6ffcb37e65cba912211831498ba360c7931ab82770135f879c2a26d754f4e31,
format-code-task-001200,code,python,strip-future-history@1>purge-build-caches@1>mtime-normalize@1>separate-verifier@2,sha256:3bdddb03d34bced4eb4fe39cd7d64adf7fe56083e349a7c70439c6274b091d4a,derived/task-store/variants/mimo-v2.6-rl__format-code-task-001200/3bdddb03d34b,none,built,purge-installed-copies@1 skipped: scope is CONFIRMED_PURGE plus already-carried run packages (HAR-194 stance),sha256:0af3a71603afa841a50c177e11557c4ad57fc8af0ab9eee4d69efec88f891d74,
format-code-task-001205,code,python,strip-future-history@1>purge-build-caches@1>mtime-normalize@1>separate-verifier@2,sha256:cb58dc3281c5e35212f25fc043e13e6fc8a39b4b2d8a0eb007883242c460ecfa,derived/task-store/variants/mimo-v2.6-rl__format-code-task-001205/cb58dc3281c5,none,built,purge-installed-copies@1 skipped: scope is CONFIRMED_PURGE plus already-carried run packages (HAR-194 stance),sha256:ceec19a2d8fcbff8600366f714f77cd5214cc8b4f358962e010a599ba21944db,
format-code-task-001207,code,python,strip-future-history@1>purge-build-caches@1>mtime-normalize@1>separate-verifier@2,sha256:469a0cabb4ea80967ab252a43130ad343bd632b9e45a20a1a00fde309afddc11,derived/task-store/variants/mimo-v2.6-rl__format-code-task-001207/469a0cabb4ea,none,built,purge-installed-copies@1 skipped: scope is CONFIRMED_PURGE plus already-carried run packages (HAR-194 stance),sha256:8b7be3a1845aad082c2464191b08451257e4db5ad8c08dec957cc84340c1bfd9,
format-code-task-001208,code,python,strip-future-history@1>purge-build-caches@1>mtime-normalize@1>separate-verifier@2,sha256:5197821ea1d12d4d09ad8370661b422df82808986d28ea51cd98d09ecfb6151a,derived/task-store/variants/mimo-v2.6-rl__format-code-task-001208/5197821ea1d1,none,built,purge-installed-copies@1 skipped: scope is CONFIRMED_PURGE plus already-carried run packages (HAR-194 stance),sha256:fda9581ad5c9b270e6619ec01b7775fedcda0d98108e05c06c31749876feab27,
format-code-task-001209,code,python,strip-future-history@1>purge-build-caches@1>mtime-normalize@1>separate-verifier@2,sha256:32db5c31681ac4a022af68ffbf5fcd66f0ab100b5805f33b1ea5067da2a0d2f7,derived/task-store/variants/mimo-v2.6-rl__format-code-task-001209/32db5c31681a,none,built,purge-installed-copies@1 skipped: scope is CONFIRMED_PURGE plus already-carried run packages (HAR-194 stance),sha256:726ad7248b0d411d745a7d1a6b67f497beac99486ceccfb811e5774d3edc15e3,
format-code-task-001212,code,python,strip-future-history@1>purge-build-caches@1>mtime-normalize@1>separate-verifier@2,sha256:3c9ca8266e244061d1b461d24c6728d1373690a38d34e0c4d32873276cbb2213,derived/task-store/variants/mimo-v2.6-rl__format-code-task-001212/3c9ca8266e24,none,built,purge-installed-copies@1 skipped: scope is CONFIRMED_PURGE plus already-carried run packages (HAR-194 stance),sha256:cec264c068d55f59e5c902595804b26df9806ea28ac04d055eb15545245be170,
format-code-task-001215,code,python,strip-future-history@1>purge-build-caches@1>mtime-normalize@1>separate-verifier@2,sha256:3174b3f98c44ac435f3fce51d54d58aa3c1955c71b0a0181f60fe643601aa08b,derived/task-store/variants/mimo-v2.6-rl__format-code-task-001215/3174b3f98c44,none,built,purge-installed-copies@1 skipped: scope is CONFIRMED_PURGE plus already-carried run packages (HAR-194 stance),sha256:5bc1d1134e4edda60d4d7f07c614a3d5cd968ec9bd26c58014a8b4622aa3018d,
format-code-task-001216,code,python,strip-future-history@1>purge-build-caches@1>mtime-normalize@1>separate-verifier@2,sha256:b79135e781e2c8bdf56906f89f041607b4ffd59432cb77dfbc95ddada31c2d4e,derived/task-store/variants/mimo-v2.6-rl__format-code-task-001216/b79135e781e2,/Users/petermakhnatch/Developer/eval-lab-results/2026-10-07/HAR-191-oracle-sweep/tasks/format-code-task-001216/oracle/solution-patch.stdout.log,built,purge-installed-copies@1 skipped: scope is CONFIRMED_PURGE plus already-carried run packages (HAR-194 stance),sha256:4e576513d242836ea8da2b7f59c02b55bcb14bd90f5574540a7ec7b3d052fe09,oracle:pass+nop:fail
format-code-task-001218,code,python,strip-future-history@1>purge-build-caches@1>mtime-normalize@1>separate-verifier@2,sha256:e3c2c631ed4e4cc82d1f7cc34c99580e4e62da925d24c8dd2c4174304cfa8af5,derived/task-store/variants/mimo-v2.6-rl__format-code-task-001218/e3c2c631ed4e,/Users/petermakhnatch/Developer/eval-lab-results/2026-10-07/HAR-191-oracle-sweep/tasks/format-code-task-001218/oracle/solution-patch.stdout.log,built,purge-installed-copies@1 skipped: scope is CONFIRMED_PURGE plus already-carried run packages (HAR-194 stance),sha256:b6b16e623f97dc6e48ffe32d16fcb03e2db0c705da703362e2f1074d03246a35,oracle:pass+nop:fail
format-code-task-001219,code,python,strip-future-history@1>purge-build-caches@1>mtime-normalize@1>separate-verifier@2,sha256:0a94c250379966f7e273ddbf9a64b1389b73d449cf5ca61a16685ea3840ca487,derived/task-store/variants/mimo-v2.6-rl__format-code-task-001219/0a94c2503799,/Users/petermakhnatch/Developer/eval-lab-results/2026-10-07/HAR-191-oracle-sweep/tasks/format-code-task-001219/oracle/solution-patch.stdout.log,built,purge-installed-copies@1 skipped: scope is CONFIRMED_PURGE plus already-carried run packages (HAR-194 stance),sha256:721500c7ed5af35db17046e9a94167533a5069df0d0cacc053e4adb45b073b34,oracle:pass+nop:fail
format-code-task-001220,code,python,strip-future-history@1>purge-build-caches@1>mtime-normalize@1>separate-verifier@2,sha256:31b9ad63951be2265bd1131387369fbd5691cc0e95af1fa13132d386589796f3,derived/task-store/variants/mimo-v2.6-rl__format-code-task-001220/31b9ad63951b,none,built,purge-installed-copies@1 skipped: scope is CONFIRMED_PURGE plus already-carried run packages (HAR-194 stance),sha256:74b71356d173e8b5fb7d74ddf59927f02a17fedf6ea8ce213e174351514d97cb,
format-code-task-001222,code,python,strip-future-history@1>purge-build-caches@1>mtime-normalize@1>separate-verifier@2,sha256:e7a73ec914dcdbd80f858bc78fee95af377cbcd534799aefd1e5146dc5e836d0,derived/task-store/variants/mimo-v2.6-rl__format-code-task-001222/e7a73ec914dc,none,built,purge-installed-copies@1 skipped: scope is CONFIRMED_PURGE plus already-carried run packages (HAR-194 stance),sha256:a5b35c4ba459236fdf5254ea4844ae19db8b0e9144993ec9f9df1d09e373378a,
format-code-task-001226,code,python,,,,none,skipped,"ledger verdict=discard status=discarded: broken environment, no known repair: running build_ext (env-keep-build-outputs@1 rejected on its nop)",sha256:e2f1526766b3852d11dc86677580bf0431a836deb1c2095f13238d2a60141520,
format-code-task-001228,code,python,strip-future-history@1>purge-build-caches@1>mtime-normalize@1>separate-verifier@2,sha256:6811fd298d82e884e49aa9bd1ce894395e51c7e2bf009fb5441781a7805b617d,derived/task-store/variants/mimo-v2.6-rl__format-code-task-001228/6811fd298d82,none,built,purge-installed-copies@1 skipped: scope is CONFIRMED_PURGE plus already-carried run packages (HAR-194 stance),sha256:0df2f3e6c73e76af2dc065c373a316392ede87e4f7bd023472310ab268d0f920,
format-code-task-001229,code,python,strip-future-history@1>purge-build-caches@1>mtime-normalize@1>separate-verifier@2,sha256:eab794e08fb4f668e034a45a1c9e3640776bd45ce6bbee1a3f7ad243e357c9b3,derived/task-store/variants/mimo-v2.6-rl__format-code-task-001229/eab794e08fb4,none,built,purge-installed-copies@1 skipped: scope is CONFIRMED_PURGE plus already-carried run packages (HAR-194 stance),sha256:1e8d871e3fb95d542b6df2a01c21a655910cc48e8e20d7476eef237af603af73,
format-code-task-001232,code,python,strip-future-history@1>purge-build-caches@1>mtime-normalize@1>separate-verifier@2,sha256:93d104faa6fbc82166757d2f948578f4f5389e28e26553a5088bc6262f0f1779,derived/task-store/variants/mimo-v2.6-rl__format-code-task-001232/93d104faa6fb,none,built,purge-installed-copies@1 skipped: scope is CONFIRMED_PURGE plus already-carried run packages (HAR-194 stance),sha256:0c704eb2c069b7483563984a0cdc41c1306d3d038f2a4f2a971281f334af4bf0,
format-code-task-001241,code,python,strip-future-history@1>purge-build-caches@1>mtime-normalize@1>separate-verifier@2,sha256:40008a24d012a4f30f713d0081a9cc7d7cae84a4a9c0690d852b987a8ef48de3,derived/task-store/variants/mimo-v2.6-rl__format-code-task-001241/40008a24d012,/Users/petermakhnatch/Developer/eval-lab-results/2026-10-07/HAR-191-oracle-sweep/tasks/format-code-task-001241/oracle/solution-patch.stdout.log,built,purge-installed-copies@1 skipped: scope is CONFIRMED_PURGE plus already-carried run packages (HAR-194 stance),sha256:5bee129ed4e919b3507be46c259a561c4d6b6f82503bc6106146a6d7b2b5f3df,oracle:pass+nop:fail
format-code-task-001242,code,python,strip-future-history@1>purge-build-caches@1>mtime-normalize@1>separate-verifier@2,sha256:adedb372f8aea83b85257707bdfb1cf193b810557db053dffe88fac93cc8f6df,derived/task-store/variants/mimo-v2.6-rl__format-code-task-001242/adedb372f8ae,none,built,purge-installed-copies@1 skipped: scope is CONFIRMED_PURGE plus already-carried run packages (HAR-194 stance),sha256:a1ececbaad82e5a1c46fdc7c7a617b646f7ce4ce48d89b7e8261a3789a9af824,
format-code-task-001243,code,python,strip-future-history@1>purge-build-caches@1>mtime-normalize@1>separate-verifier@2,sha256:f7bd2f1fbeb9242a3bb042000effba0362ae4318d346cbe4fe5dd8f884bf0985,derived/task-store/variants/mimo-v2.6-rl__format-code-task-001243/f7bd2f1fbeb9,none,built,purge-installed-copies@1 skipped: scope is CONFIRMED_PURGE plus already-carried run packages (HAR-194 stance),sha256:7b5080c87ae8fde7833f38ea8aefdae9723a53926ce796382dcee7fa18327f66,
format-code-task-001246,code,python,strip-future-history@1>purge-build-caches@1>mtime-normalize@1>separate-verifier@2,sha256:7cf8ea3dd2760f6885b762d93293d411a3b668b36675646b49667abf52bab041,derived/task-store/variants/mimo-v2.6-rl__format-code-task-001246/7cf8ea3dd276,/Users/petermakhnatch/Developer/eval-lab-results/2026-10-07/HAR-191-oracle-sweep/tasks/format-code-task-001246/oracle/solution-patch.stdout.log,built,purge-installed-copies@1 skipped: scope is CONFIRMED_PURGE plus already-carried run packages (HAR-194 stance),sha256:91dae7160069d5c5c5695afa20bc436a85177413bdf394ece327048061a3f77a,oracle:pass+nop:fail
format-code-task-001247,code,python,strip-future-history@1>purge-build-caches@1>mtime-normalize@1>separate-verifier@2,sha256:9f0bcf43c1d5c5ea62614be92f62d069be745ec16c21cd643fa4216c350f2dbd,derived/task-store/variants/mimo-v2.6-rl__format-code-task-001247/9f0bcf43c1d5,none,built,purge-installed-copies@1 skipped: scope is CONFIRMED_PURGE plus already-carried run packages (HAR-194 stance),sha256:5345b3149d960d2d87f6085efa364185a6e13b701ece3480c9eb1d12d0cfbc1a,
format-code-task-001248,code,python,strip-future-history@1>purge-build-caches@1>mtime-normalize@1>separate-verifier@2,sha256:f7eed35b9803bf3fda6ee2840fd7a5454d3f90b8b057f4b723fa7f7a91385215,derived/task-store/variants/mimo-v2.6-rl__format-code-task-001248/f7eed35b9803,/Users/petermakhnatch/Developer/eval-lab-results/2026-10-07/HAR-191-oracle-sweep/tasks/format-code-task-001248/oracle/solution-patch.stdout.log,built,purge-installed-copies@1 skipped: scope is CONFIRMED_PURGE plus already-carried run packages (HAR-194 stance),sha256:cfaa8ccef4c20ccded181cf82f7756da66e9d9ac73a0517bc7a6ad5421e4d721,oracle:pass+nop:fail
format-code-task-001249,code,python,strip-future-history@1>purge-build-caches@1>mtime-normalize@1>separate-verifier@2,sha256:d4fbf2473c1dede1da410cefab63f3a11273131e519acb7023f819eb59310204,derived/task-store/variants/mimo-v2.6-rl__format-code-task-001249/d4fbf2473c1d,none,built,purge-installed-copies@1 skipped: scope is CONFIRMED_PURGE plus already-carried run packages (HAR-194 stance),sha256:110a9a30d609770fec464302f6a817eca29e777d625112061f0c2d1ed3ca8403,
format-code-task-001250,code,python,strip-future-history@1>purge-build-caches@1>mtime-normalize@1>separate-verifier@2,sha256:277c03942c50db2167d8b73dd1c812815db5191aba1d53783182681ccf8dfec9,derived/task-store/variants/mimo-v2.6-rl__format-code-task-001250/277c03942c50,none,built,purge-installed-copies@1 skipped: scope is CONFIRMED_PURGE plus already-carried run packages (HAR-194 stance),sha256:eb0929c37c2f3a1a496ea8c384c6a0cc5f065cf070ab0c54a30f3b717c4fb14b,
format-code-task-001251,code,python,strip-future-history@1>purge-build-caches@1>mtime-normalize@1>separate-verifier@2,sha256:690c4277c2e598ea2fe0c67cad6fd72ab5bd434f5b030f588def9f962a5f52c6,derived/task-store/variants/mimo-v2.6-rl__format-code-task-001251/690c4277c2e5,/Users/petermakhnatch/Developer/eval-lab-results/2026-10-07/HAR-191-oracle-sweep/tasks/format-code-task-001251/oracle/solution-patch.stdout.log,built,purge-installed-copies@1 skipped: scope is CONFIRMED_PURGE plus already-carried run packages (HAR-194 stance),sha256:707d251d7c5665738ce532b740750353fed126bd2d4d22cd950067dfdd10f76a,oracle:pass+nop:fail
format-code-task-001256,code,python,strip-future-history@1>purge-build-caches@1>mtime-normalize@1>separate-verifier@2,sha256:f81c6c0dad5d89d707dc0e8ddc5ae158273f0cdcd7198eb4848d632b3a7e9078,derived/task-store/variants/mimo-v2.6-rl__format-code-task-001256/f81c6c0dad5d,none,built,purge-installed-copies@1 skipped: scope is CONFIRMED_PURGE plus already-carried run packages (HAR-194 stance),sha256:301a123f7d874fa57a30a47f02cedc18d0868c80816f2e691b93939232b324e1,
format-code-task-001257,code,python,strip-future-history@1>purge-build-caches@1>mtime-normalize@1>separate-verifier@2,sha256:86ca6eac62c6102f1f454aab4146711767892ebf11d3d71fa7d8bc3cb51ed570,derived/task-store/variants/mimo-v2.6-rl__format-code-task-001257/86ca6eac62c6,none,built,purge-installed-copies@1 skipped: scope is CONFIRMED_PURGE plus already-carried run packages (HAR-194 stance),sha256:1c09df45b6d89ea265e5be48780a0d62a04a4b57da3afb322484104339b5192e,
format-code-task-001258,code,python,strip-future-history@1>purge-build-caches@1>mtime-normalize@1>separate-verifier@2,sha256:7a32a966002efb69756aa4fd85c5a74eda5a8bf48bb7ebad367aa10fec49c441,derived/task-store/variants/mimo-v2.6-rl__format-code-task-001258/7a32a966002e,none,built,purge-installed-copies@1 skipped: scope is CONFIRMED_PURGE plus already-carried run packages (HAR-194 stance),sha256:7c226f308aa09b9f70a532655ad5d692aededa1525ff704ab7845a810f5b3ce6,
format-code-task-001259,code,python,strip-future-history@1>purge-build-caches@1>mtime-normalize@1>separate-verifier@2,sha256:d0f2307a88ac371c730c17e414436b59dde4a6655ea8ec1a74a242d97d217584,derived/task-store/variants/mimo-v2.6-rl__format-code-task-001259/d0f2307a88ac,/Users/petermakhnatch/Developer/eval-lab-results/2026-10-07/HAR-191-oracle-sweep/tasks/format-code-task-001259/oracle/solution-patch.stdout.log,built,purge-installed-copies@1 skipped: scope is CONFIRMED_PURGE plus already-carried run packages (HAR-194 stance),sha256:621a61b9b803db861679cc12ec6022625c4cd05916e6b8ce86cef99f9544daf5,oracle:pass+nop:fail
format-code-task-001260,code,python,strip-future-history@1>purge-build-caches@1>mtime-normalize@1>separate-verifier@2,sha256:3b7f4e5d12aa2953d7bfeaf3cbf1ccf15f6728d84f1c91d98fdb2dcc82788dd8,derived/task-store/variants/mimo-v2.6-rl__format-code-task-001260/3b7f4e5d12aa,none,built,purge-installed-copies@1 skipped: scope is CONFIRMED_PURGE plus already-carried run packages (HAR-194 stance),sha256:4d48d2b0a3b3873ec5190f3bd8f394b79e63bf9f68fc9a1fc81bb7c9e81dd933,
format-code-task-001261,code,python,strip-future-history@1>purge-build-caches@1>mtime-normalize@1>separate-verifier@2,sha256:6605488907ce411329284c572ccef8ae2b7b5c226130b9bb4df8fb1fe9bbed82,derived/task-store/variants/mimo-v2.6-rl__format-code-task-001261/6605488907ce,none,built,purge-installed-copies@1 skipped: scope is CONFIRMED_PURGE plus already-carried run packages (HAR-194 stance),sha256:48fad490b58dcf43a91c29ead088964060f320e775eae26355a76d2d75cb5752,
format-code-task-001262,code,python,strip-future-history@1>purge-build-caches@1>mtime-normalize@1>separate-verifier@2,sha256:fda3fb5dedb153618b6ca2c31babe869626eef3a1fd62d5fca398a940f73fba8,derived/task-store/variants/mimo-v2.6-rl__format-code-task-001262/fda3fb5dedb1,none,built,purge-installed-copies@1 skipped: scope is CONFIRMED_PURGE plus already-carried run packages (HAR-194 stance),sha256:b9596f3b9399ed3632948ccd51aa66e6c1685b1c843e3bf6b57ceefb7115b080,
format-code-task-001263,code,python,strip-future-history@1>purge-build-caches@1>mtime-normalize@1>separate-verifier@2,sha256:0f60262cd1a51ce18d9d98b1d59e9d1ef5c1a91835c8d6974891becc9aad9cb1,derived/task-store/variants/mimo-v2.6-rl__format-code-task-001263/0f60262cd1a5,none,built,purge-installed-copies@1 skipped: scope is CONFIRMED_PURGE plus already-carried run packages (HAR-194 stance),sha256:fb8066b44047561f6bca869c13ada4f354818a76d78acc88cbc53d32970edad9,
format-code-task-001264,code,python,strip-future-history@1>purge-build-caches@1>mtime-normalize@1>separate-verifier@2,sha256:e461e5e0732995e27b124ac88872fa0efdaeebf0a739e343174f738019b99d25,derived/task-store/variants/mimo-v2.6-rl__format-code-task-001264/e461e5e07329,none,built,purge-installed-copies@1 skipped: scope is CONFIRMED_PURGE plus already-carried run packages (HAR-194 stance),sha256:eb52ac59ad56b0349489827d27299a23c75f65eab66d2d3898d662a479f8dd80,
format-code-task-001265,code,python,strip-future-history@1>purge-build-caches@1>mtime-normalize@1>separate-verifier@2,sha256:6c78b2684f9f144ad46a70710c67403a8d599b3381ee1baf3d1a98e31e42bc74,derived/task-store/variants/mimo-v2.6-rl__format-code-task-001265/6c78b2684f9f,none,built,purge-installed-copies@1 skipped: scope is CONFIRMED_PURGE plus already-carried run packages (HAR-194 stance),sha256:3cdbc249d78bebf47c19f54eec6a1f5eeab89bd6f689e9919801165e4b826693,
format-code-task-001267,code,python,strip-future-history@1>purge-build-caches@1>mtime-normalize@1>separate-verifier@2,sha256:f6cf6bf6fbdf46dab688dd445b19f937a7e783e4f07fa955e0188aa5ea0f75dd,derived/task-store/variants/mimo-v2.6-rl__format-code-task-001267/f6cf6bf6fbdf,none,built,purge-installed-copies@1 skipped: scope is CONFIRMED_PURGE plus already-carried run packages (HAR-194 stance),sha256:0f2d3eb9d6d5baafd36ce165ece651313f4c7f36534d340f04a0ae4e55ea4fd5,
format-code-task-001268,code,python,strip-future-history@1>purge-build-caches@1>mtime-normalize@1>separate-verifier@2,sha256:30fd2ea12f6f6b927ca20109ce29b1f2c7d039ad0492e4fac2eec130cd27f425,derived/task-store/variants/mimo-v2.6-rl__format-code-task-001268/30fd2ea12f6f,none,built,purge-installed-copies@1 skipped: scope is CONFIRMED_PURGE plus already-carried run packages (HAR-194 stance),sha256:50d5b698d0036b79a80d2b2c2708d7c00917a5d40ee7d5e86508d7a566035b40,
format-code-task-001269,code,python,strip-future-history@1>purge-installed-copies@1>purge-build-caches@1>mtime-normalize@1>separate-verifier@2,sha256:35c0b3e5aabbbc870e9e0d46a9fbb3cae5112bfc7430f598d488925b4b254447,derived/task-store/variants/mimo-v2.6-rl__format-code-task-001269/35c0b3e5aabb,none,built,strip-future-history@1 already in run package; purge-installed-copies@1 already in run package,sha256:d3375b680cbe59d10621bd00e0b14ac139544547e3823e88e61217063524db54,
format-code-task-001272,code,python,strip-future-history@1>purge-build-caches@1>mtime-normalize@1>separate-verifier@2,sha256:39407f01686d751be0104d25ae408f653311b2bde81fde7a180580438f3d490f,derived/task-store/variants/mimo-v2.6-rl__format-code-task-001272/39407f01686d,none,built,purge-installed-copies@1 skipped: scope is CONFIRMED_PURGE plus already-carried run packages (HAR-194 stance),sha256:d51fad1c930521507ba3140c749bd2e23dd4159acba21dad5848abed1704b08d,
format-code-task-001273,code,python,strip-future-history@1>purge-build-caches@1>mtime-normalize@1>separate-verifier@2,sha256:b284aff16bf5d268ea958aa8d13762c6656d73f903765223f67d4d94ecaa8822,derived/task-store/variants/mimo-v2.6-rl__format-code-task-001273/b284aff16bf5,none,built,purge-installed-copies@1 skipped: scope is CONFIRMED_PURGE plus already-carried run packages (HAR-194 stance),sha256:a0fe5b7e90169c0aa753026cb6b5e49111a7d18f844a8d4625927a6a25bf4dd2,
format-code-task-001277,code,python,strip-future-history@1>purge-build-caches@1>mtime-normalize@1>separate-verifier@2,sha256:fb57f601b8bdc97c2fb4e53d6efd05a4a88a67b8b7c1d6c11f9a0625efc670dd,derived/task-store/variants/mimo-v2.6-rl__format-code-task-001277/fb57f601b8bd,none,built,purge-installed-copies@1 skipped: scope is CONFIRMED_PURGE plus already-carried run packages (HAR-194 stance),sha256:48de0fa7591259516f9c2fb01d2211647078ed97d1dd14b3e8a4e7640bb9b1ab,
format-code-task-001285,code,python,strip-future-history@1>purge-build-caches@1>mtime-normalize@1>separate-verifier@2,sha256:376bd12b920333329283322341638b805f8badf8f526739ff5ee73180d659faf,derived/task-store/variants/mimo-v2.6-rl__format-code-task-001285/376bd12b9203,none,built,purge-installed-copies@1 skipped: scope is CONFIRMED_PURGE plus already-carried run packages (HAR-194 stance),sha256:fa20ccd9b38cec35a064b3500b3cd58c952dcdaa7a20eaf3a2fcf46543c8ccfe,
format-code-task-001286,code,python,strip-future-history@1>purge-build-caches@1>mtime-normalize@1>separate-verifier@2,sha256:427cd8067192bb6ee8147016e4de796f90898e9ab2d149f2021c7438ec0c15e3,derived/task-store/variants/mimo-v2.6-rl__format-code-task-001286/427cd8067192,none,built,purge-installed-copies@1 skipped: scope is CONFIRMED_PURGE plus already-carried run packages (HAR-194 stance),sha256:42309b3a14759550b9885fd5f0b17829b7eee1575ba37ce88385814298429e70,
format-code-task-001287,code,python,strip-future-history@1>purge-build-caches@1>mtime-normalize@1>separate-verifier@2,sha256:4c10c6cda147f6e2a656770de886e7a1dcea82ba737565b6673da98bcc98769e,derived/task-store/variants/mimo-v2.6-rl__format-code-task-001287/4c10c6cda147,none,built,purge-installed-copies@1 skipped: scope is CONFIRMED_PURGE plus already-carried run packages (HAR-194 stance),sha256:debb115690f754c8184728e47284e1aa0f3982f3302ea4815aae40392ca38f65,
format-code-task-001291,code,python,strip-future-history@1>purge-build-caches@1>mtime-normalize@1>separate-verifier@2,sha256:775ba66915ded034858123860f36683a06cfc5e5c8bfa32a2a0c1051e853565e,derived/task-store/variants/mimo-v2.6-rl__format-code-task-001291/775ba66915de,none,built,purge-installed-copies@1 skipped: scope is CONFIRMED_PURGE plus already-carried run packages (HAR-194 stance),sha256:ef3c92b0dec1b09ba9b7c155366d8473422b794caae87e5714a7f547f2bfb3f4,
format-code-task-001322,code,python,strip-future-history@1>purge-build-caches@1>mtime-normalize@1>separate-verifier@2,sha256:0b4150408a19b103ef553403443cca013b5f031e033e5070bd460cf543bb0c4f,derived/task-store/variants/mimo-v2.6-rl__format-code-task-001322/0b4150408a19,/Users/petermakhnatch/Developer/eval-lab-results/2026-10-07/HAR-191-oracle-sweep/tasks/format-code-task-001322/oracle/solution-patch.stdout.log,built,purge-installed-copies@1 skipped: scope is CONFIRMED_PURGE plus already-carried run packages (HAR-194 stance),sha256:dfa8d6417aed7027125ae464b6827b04c3e3709eb1fe6b7d140b1ec92c44dedb,oracle:pass+nop:fail
format-code-task-001330,code,python,strip-future-history@1>purge-build-caches@1>mtime-normalize@1>separate-verifier@2,sha256:f3182cd8f44e23940168678ff5aed963570cfdd66159d89e7e8cc2acfff706cd,derived/task-store/variants/mimo-v2.6-rl__format-code-task-001330/f3182cd8f44e,none,built,purge-installed-copies@1 skipped: scope is CONFIRMED_PURGE plus already-carried run packages (HAR-194 stance),sha256:bd756716dcfbff8da15b9633877e7ed8d188688d1cd5c03f07569de7a36800f6,
format-code-task-001332,code,python,strip-future-history@1>purge-build-caches@1>mtime-normalize@1>separate-verifier@2,sha256:3c01f8d52d589135828c351d17e54b0c3a421862a2e49ff53f25a3a8640738b2,derived/task-store/variants/mimo-v2.6-rl__format-code-task-001332/3c01f8d52d58,none,built,purge-installed-copies@1 skipped: scope is CONFIRMED_PURGE plus already-carried run packages (HAR-194 stance),sha256:a0c313bfef3e9a9615ad3619fd659b896d7c597c21835e24314a360369f8a539,
format-code-task-001333,code,python,strip-future-history@1>purge-build-caches@1>mtime-normalize@1>separate-verifier@2,sha256:50b8bf86a79a34828d64c65e90d794e8343e2b5e888254b9a8fe56ac4da2572a,derived/task-store/variants/mimo-v2.6-rl__format-code-task-001333/50b8bf86a79a,none,built,purge-installed-copies@1 skipped: scope is CONFIRMED_PURGE plus already-carried run packages (HAR-194 stance),sha256:ddc8374e118cebeb7f089112ab4844cc83d3a03533bc7e7a46753a0cc4b89da7,
format-code-task-001334,code,python,strip-future-history@1>purge-build-caches@1>mtime-normalize@1>separate-verifier@2,sha256:c9274020ddfd0b9e5867c96cb20680722a464efa7beec150473e0f2e3505bb4f,derived/task-store/variants/mimo-v2.6-rl__format-code-task-001334/c9274020ddfd,none,built,purge-installed-copies@1 skipped: scope is CONFIRMED_PURGE plus already-carried run packages (HAR-194 stance),sha256:3abcc599a731fe0e0d61c6fee81ad9167f6f7d3766cd9fdf8818bce19bd9d728,
format-code-task-001338,code,python,strip-future-history@1>purge-build-caches@1>mtime-normalize@1>separate-verifier@2,sha256:16fe5c38fdebad4a13086567e8e49fc21a156cf304a8835186ec5089ac474d2e,derived/task-store/variants/mimo-v2.6-rl__format-code-task-001338/16fe5c38fdeb,none,built,purge-installed-copies@1 skipped: scope is CONFIRMED_PURGE plus already-carried run packages (HAR-194 stance),sha256:bb254ac8363ead39d979510874add4a7233cfb144dbb6f409143d6f6bf4adc2a,
format-code-task-001342,code,python,strip-future-history@1>purge-build-caches@1>mtime-normalize@1>separate-verifier@2,sha256:100cb8d119f6c1cc89c1d95896ad7f63928a23b00e69059cd29f2b296c8d35cc,derived/task-store/variants/mimo-v2.6-rl__format-code-task-001342/100cb8d119f6,none,built,purge-installed-copies@1 skipped: scope is CONFIRMED_PURGE plus already-carried run packages (HAR-194 stance),sha256:59210554e5c0f2ceb9102b36c966fd2d4b5e9aded97b427953c65f578243b430,
format-code-task-001343,code,python,strip-future-history@1>purge-build-caches@1>mtime-normalize@1>separate-verifier@2,sha256:5d25819d6d2f1dcd5af34f110e013795930342db1599dbad05050e080937e795,derived/task-store/variants/mimo-v2.6-rl__format-code-task-001343/5d25819d6d2f,none,built,purge-installed-copies@1 skipped: scope is CONFIRMED_PURGE plus already-carried run packages (HAR-194 stance),sha256:b74636fde4a95e045db49828451eb1863f77b57ebf4b2fa78a68add54d13d41d,
format-code-task-001345,code,python,strip-future-history@1>purge-build-caches@1>mtime-normalize@1>separate-verifier@2,sha256:cac37968dae283b48dd71acbfa674f34a717502ff2d093ee1b9526ba7cf6e836,derived/task-store/variants/mimo-v2.6-rl__format-code-task-001345/cac37968dae2,none,built,purge-installed-copies@1 skipped: scope is CONFIRMED_PURGE plus already-carried run packages (HAR-194 stance),sha256:a1f41e163f4a1b50dee6f0032fe8982deb86753bd02e27d9c355e3d8d1698bd2,
format-code-task-001355,code,python,strip-future-history@1>purge-build-caches@1>mtime-normalize@1>separate-verifier@2,sha256:1e4042936ca8958c1d07078c093545e29df7a1aaacc477bc05c376a2bcc4076d,derived/task-store/variants/mimo-v2.6-rl__format-code-task-001355/1e4042936ca8,none,built,purge-installed-copies@1 skipped: scope is CONFIRMED_PURGE plus already-carried run packages (HAR-194 stance),sha256:f5ee23939db6dfac40697951f0fd2c18ef81e2db58377adbcdeab4d61aeb0aa4,
format-code-task-001356,code,python,strip-future-history@1>purge-build-caches@1>mtime-normalize@1>separate-verifier@2,sha256:39362e38e62202626bcfe0101da01da37c8bab92b712d5b95d97caf8f4408fa9,derived/task-store/variants/mimo-v2.6-rl__format-code-task-001356/39362e38e622,none,built,purge-installed-copies@1 skipped: scope is CONFIRMED_PURGE plus already-carried run packages (HAR-194 stance),sha256:502fd97b393609279e785a4acf51d308226b421c758136b9f4ac2c436a344f4f,
format-code-task-001360,code,python,strip-future-history@1>purge-build-caches@1>mtime-normalize@1>separate-verifier@2,sha256:2c2f97d2947fe8d01b7e728d6ac12338c9ca077ee2aba0c93f23cf955309eba5,derived/task-store/variants/mimo-v2.6-rl__format-code-task-001360/2c2f97d2947f,none,built,purge-installed-copies@1 skipped: scope is CONFIRMED_PURGE plus already-carried run packages (HAR-194 stance),sha256:0587cb26174d1772575b18c1823db6e2a609d51b63b01129b89397d8c890585e,
format-code-task-001364,code,python,strip-future-history@1>purge-build-caches@1>mtime-normalize@1>separate-verifier@2,sha256:3fbcb36d89c6247effcbc43b77acaf265bcd3e169c4836ef9a69e2a27933d21a,derived/task-store/variants/mimo-v2.6-rl__format-code-task-001364/3fbcb36d89c6,none,built,purge-installed-copies@1 skipped: scope is CONFIRMED_PURGE plus already-carried run packages (HAR-194 stance),sha256:210fffb41d531b38aac2798c98df14926bcc376876aafd31e9db5a131e2e4a8c,
format-code-task-001369,code,python,strip-future-history@1>purge-build-caches@1>mtime-normalize@1>separate-verifier@2,sha256:95439561578f4e3f069cb6948d3915a53352a46ea4bc27ff0f91b0b62b2676c8,derived/task-store/variants/mimo-v2.6-rl__format-code-task-001369/95439561578f,none,built,purge-installed-copies@1 skipped: scope is CONFIRMED_PURGE plus already-carried run packages (HAR-194 stance),sha256:756acb02f719496142f5f673b1afaad414db771006213b00c2809ad891271837,
format-code-task-001371,code,python,strip-future-history@1>purge-build-caches@1>mtime-normalize@1>separate-verifier@2,sha256:42fa1424324bec1323ef320d28e284816ad2ec66185de1d24c2010037bc1642a,derived/task-store/variants/mimo-v2.6-rl__format-code-task-001371/42fa1424324b,none,built,purge-installed-copies@1 skipped: scope is CONFIRMED_PURGE plus already-carried run packages (HAR-194 stance),sha256:f97a15863dbfdf04bdff857e100dd976e8329b1e70bd867f0c3b805880a0b2e1,
format-code-task-001372,code,python,strip-future-history@1>purge-build-caches@1>mtime-normalize@1>separate-verifier@2,sha256:c5ffefdd2f03a5e54fa1e11d005520a875a45350f9bedc7c194b68e80959d4bc,derived/task-store/variants/mimo-v2.6-rl__format-code-task-001372/c5ffefdd2f03,none,built,purge-installed-copies@1 skipped: scope is CONFIRMED_PURGE plus already-carried run packages (HAR-194 stance),sha256:df9efb5ad7dad65762f80b17ecbc06593f3b462a46480af4c4212dba1474ff98,
format-code-task-001373,code,python,strip-future-history@1>purge-build-caches@1>mtime-normalize@1>separate-verifier@2,sha256:c1cc313b331a076e79b68805e88bca0fca3aed4b894c9739c993843dfcc5dfac,derived/task-store/variants/mimo-v2.6-rl__format-code-task-001373/c1cc313b331a,/Users/petermakhnatch/Developer/eval-lab-results/2026-10-07/HAR-191-oracle-sweep/tasks/format-code-task-001373/oracle/solution-patch.stdout.log,built,purge-installed-copies@1 skipped: scope is CONFIRMED_PURGE plus already-carried run packages (HAR-194 stance),sha256:2b1c35d2cdba43bf94f4a18e5a56648a76183eee6fd6da04df0bbed3a907cdb1,oracle:pass+nop:fail
format-code-task-001374,code,python,strip-future-history@1>purge-build-caches@1>mtime-normalize@1>separate-verifier@2,sha256:fb8eabd78b9deb142e076d6262d880e599a314707dcc98f15ffe1db452802837,derived/task-store/variants/mimo-v2.6-rl__format-code-task-001374/fb8eabd78b9d,none,built,purge-installed-copies@1 skipped: scope is CONFIRMED_PURGE plus already-carried run packages (HAR-194 stance),sha256:7a7ce61d382a550069b71bbe410ac0d3a3338288f692ce6ebc32f07e084ef3e6,
format-code-task-001393,code,python,strip-future-history@1>purge-build-caches@1>mtime-normalize@1>separate-verifier@2,sha256:21d645e13a605800dcecca608febb434018385ae17041ea4113a842bd5100619,derived/task-store/variants/mimo-v2.6-rl__format-code-task-001393/21d645e13a60,none,built,purge-installed-copies@1 skipped: scope is CONFIRMED_PURGE plus already-carried run packages (HAR-194 stance),sha256:52b57fedc82d7cf86e59a8a82fcb9396a52dc47dc4b0e87b40d164d98c95e3eb,
format-code-task-001394,code,python,strip-future-history@1>purge-build-caches@1>mtime-normalize@1>separate-verifier@2,sha256:830e472039e38ea4dabe07c34f30e0b5b846937ec6979dfbefa2f1cca9724236,derived/task-store/variants/mimo-v2.6-rl__format-code-task-001394/830e472039e3,none,built,purge-installed-copies@1 skipped: scope is CONFIRMED_PURGE plus already-carried run packages (HAR-194 stance),sha256:fe5fdbcdc9fde6477deda7debb2839b656637cef08a385ab36d90230e263cfee,
format-code-task-001397,code,python,strip-future-history@1>purge-build-caches@1>mtime-normalize@1>separate-verifier@2,sha256:adfed2a8ce49894a049cbba121ec8d56809f85a9fb72566a825a13fe3f3a68aa,derived/task-store/variants/mimo-v2.6-rl__format-code-task-001397/adfed2a8ce49,none,built,purge-installed-copies@1 skipped: scope is CONFIRMED_PURGE plus already-carried run packages (HAR-194 stance),sha256:6690faca8f29119b30440d71dfac8bd556c9e243bf4ed23e8ad3ca79f29f6c18,
format-code-task-001399,code,python,strip-future-history@1>purge-build-caches@1>mtime-normalize@1>separate-verifier@2,sha256:b67259aba4f41e0beb47f82ff5217475bce8b64e568d5af0e46e0b5f7b1e6e96,derived/task-store/variants/mimo-v2.6-rl__format-code-task-001399/b67259aba4f4,/Users/petermakhnatch/Developer/eval-lab-results/2026-10-07/HAR-191-oracle-sweep/tasks/format-code-task-001399/oracle/solution-patch.stdout.log,built,purge-installed-copies@1 skipped: scope is CONFIRMED_PURGE plus already-carried run packages (HAR-194 stance),sha256:f8ea9d7813ebe8488f5286188616463e195612abe2284e069f09951d3c8a9405,oracle:pass+nop:fail
format-code-task-001400,code,python,strip-future-history@1>purge-build-caches@1>mtime-normalize@1>separate-verifier@2,sha256:95d23f22d80ccb7e1f60a9d5587392a57a0e325f4b82a545ad0b6fa24d14d286,derived/task-store/variants/mimo-v2.6-rl__format-code-task-001400/95d23f22d80c,none,built,purge-installed-copies@1 skipped: scope is CONFIRMED_PURGE plus already-carried run packages (HAR-194 stance),sha256:a35fc4f8ee0e607c8400d26d8bdd41994e273ae0b905de29395ea94a751ff707,
format-code-task-001404,code,python,strip-future-history@1>purge-build-caches@1>mtime-normalize@1>separate-verifier@2,sha256:8406d5aead845742f36187a61f31a4e4b5fb347fa04987f496f30f87ce66a861,derived/task-store/variants/mimo-v2.6-rl__format-code-task-001404/8406d5aead84,none,built,purge-installed-copies@1 skipped: scope is CONFIRMED_PURGE plus already-carried run packages (HAR-194 stance),sha256:d345e27a6eaf2da8cb663f1f48f5b9661821781b65c3a9f0af5e4fa33d3bcb22,
format-code-task-001406,code,python,strip-future-history@1>purge-build-caches@1>mtime-normalize@1>separate-verifier@2,sha256:9d13d5d177e99e768b500e94884af70497d9713a2d5451194f97a639f122494a,derived/task-store/variants/mimo-v2.6-rl__format-code-task-001406/9d13d5d177e9,none,built,purge-installed-copies@1 skipped: scope is CONFIRMED_PURGE plus already-carried run packages (HAR-194 stance),sha256:db655f2e25fbb86ef15e78b492337a49029c0d55412964412982398ccba5a423,
format-code-task-001416,code,python,strip-future-history@1>purge-build-caches@1>mtime-normalize@1>separate-verifier@2,sha256:49b5376e07c63fa88b6488d42ec507cf2451b37ae983a1a6d49cd04d6c592aa0,derived/task-store/variants/mimo-v2.6-rl__format-code-task-001416/49b5376e07c6,none,built,purge-installed-copies@1 skipped: scope is CONFIRMED_PURGE plus already-carried run packages (HAR-194 stance),sha256:b9e3549d633fb494ec2ad3bc8cd83fb2377c5f3fbd3fae159d507dc4f4a84478,
format-code-task-001418,code,python,strip-future-history@1>purge-build-caches@1>mtime-normalize@1>separate-verifier@2,sha256:c44e8dd3c7f01c625f38767c0c7aec62ccaa07f119c5fc22ba6e85a75f21c5a5,derived/task-store/variants/mimo-v2.6-rl__format-code-task-001418/c44e8dd3c7f0,none,built,purge-installed-copies@1 skipped: scope is CONFIRMED_PURGE plus already-carried run packages (HAR-194 stance),sha256:cc3a51fe3b06deca79d00e2717344153ef8b57c653d6f4687d922b2e222f2ce3,
format-code-task-001422,code,python,strip-future-history@1>purge-build-caches@1>mtime-normalize@1>separate-verifier@2,sha256:47df23e21a8be251edd6b88498691e13114886b2704dd68eca3ba4063c24e324,derived/task-store/variants/mimo-v2.6-rl__format-code-task-001422/47df23e21a8b,none,built,purge-installed-copies@1 skipped: scope is CONFIRMED_PURGE plus already-carried run packages (HAR-194 stance),sha256:03762dc0058a8fc6f14d16c14b823dfad10fa1560e91e76c8e9ca2d16a86ed4c,
format-code-task-001425,code,python,strip-future-history@1>purge-build-caches@1>mtime-normalize@1>separate-verifier@2,sha256:1fc2dd124442858484174d7b0213f9323c3e2be4ddb50b7f8ed96aa7dfc7567a,derived/task-store/variants/mimo-v2.6-rl__format-code-task-001425/1fc2dd124442,none,built,purge-installed-copies@1 skipped: scope is CONFIRMED_PURGE plus already-carried run packages (HAR-194 stance),sha256:aeb2f637325b77a88692d367f0d9daf3f095be8dfcca8af55eab6ea1e6c3e3fd,
format-code-task-001426,code,python,strip-future-history@1>purge-build-caches@1>mtime-normalize@1>separate-verifier@2,sha256:2da9430c6e1b3729cead167c2b821635653d4d4aee4d17a4d959631a975b11fb,derived/task-store/variants/mimo-v2.6-rl__format-code-task-001426/2da9430c6e1b,none,built,purge-installed-copies@1 skipped: scope is CONFIRMED_PURGE plus already-carried run packages (HAR-194 stance),sha256:82bfa460888827fda45a89a5933730419d216a86d14f8594fb06cb64d971b40a,
format-code-task-001431,code,python,strip-future-history@1>purge-build-caches@1>mtime-normalize@1>separate-verifier@2,sha256:1efc0e2aaae7416e7882b9cca60547c3692bbd817fd882ddffa3f68f0b8d6e01,derived/task-store/variants/mimo-v2.6-rl__format-code-task-001431/1efc0e2aaae7,none,built,purge-installed-copies@1 skipped: scope is CONFIRMED_PURGE plus already-carried run packages (HAR-194 stance),sha256:cb9d3d85293fdfb9d55e78a3024060ff69389a523632be653c6b66d0597fef36,
format-code-task-001432,code,python,strip-future-history@1>purge-build-caches@1>mtime-normalize@1>separate-verifier@2,sha256:d782ae7ba93ba931f15ae59d9855c3c3d968746bd01ae45572c84ef50e540ff8,derived/task-store/variants/mimo-v2.6-rl__format-code-task-001432/d782ae7ba93b,none,built,purge-installed-copies@1 skipped: scope is CONFIRMED_PURGE plus already-carried run packages (HAR-194 stance),sha256:ea025a08c13627dafbb09abc6e3f3c68c08f92a0bac10a00420b2f0c49836159,
format-code-task-001433,code,python,strip-future-history@1>purge-build-caches@1>mtime-normalize@1>separate-verifier@2,sha256:d281541b8f7239ccf3a27e238bcbbe98345f213afcedfba4bb58448385456910,derived/task-store/variants/mimo-v2.6-rl__format-code-task-001433/d281541b8f72,/Users/petermakhnatch/Developer/eval-lab-results/2026-10-07/HAR-191-oracle-sweep/tasks/format-code-task-001433/oracle/solution-patch.stdout.log,built,purge-installed-copies@1 skipped: scope is CONFIRMED_PURGE plus already-carried run packages (HAR-194 stance),sha256:02eb422c2d45273f2869a3729eb5e0be2bcf4e04e84bc57421bd853b2a5fabae,oracle:pass+nop:fail
format-code-task-001435,code,python,strip-future-history@1>purge-build-caches@1>mtime-normalize@1>separate-verifier@2,sha256:4c03d63cfefbc3cedcec621ed10edd349e695cdbdf4b33d30d53fedd3054b2a7,derived/task-store/variants/mimo-v2.6-rl__format-code-task-001435/4c03d63cfefb,none,built,purge-installed-copies@1 skipped: scope is CONFIRMED_PURGE plus already-carried run packages (HAR-194 stance),sha256:e88e4b3057baf66589fb4b3f74e77868687a655a496a20c817890bed4d95d797,
format-code-task-001460,code,python,strip-future-history@1>purge-build-caches@1>mtime-normalize@1>separate-verifier@2,sha256:a7db28ce85d34cf95995cf756255811e1efc34a955fb1bd9838399c358b30dcd,derived/task-store/variants/mimo-v2.6-rl__format-code-task-001460/a7db28ce85d3,none,built,purge-installed-copies@1 skipped: scope is CONFIRMED_PURGE plus already-carried run packages (HAR-194 stance),sha256:adc20c9ae970f28cbdcf3b1738000e5a85faa04dd15b11ece0d424046599e719,
format-code-task-001461,code,python,,,,none,skipped,"ledger verdict=discard status=discarded: broken environment, no known repair: trial exception: SandboxBuildFailedError",sha256:43bbec9ceb9a5ddbc33a5414c6a198d6c4946e3ad13a884b3e267b3d32649669,
format-code-task-001462,code,python,strip-future-history@1>purge-build-caches@1>mtime-normalize@1>separate-verifier@2,sha256:380c140ab0420fd5c98635a6a05e205fc293d6ffa70b43a1f5de82da73b5f48a,derived/task-store/variants/mimo-v2.6-rl__format-code-task-001462/380c140ab042,/Users/petermakhnatch/Developer/eval-lab-results/2026-10-07/HAR-191-oracle-sweep/tasks/format-code-task-001462/oracle/solution-patch.stdout.log,built,purge-installed-copies@1 skipped: scope is CONFIRMED_PURGE plus already-carried run packages (HAR-194 stance),sha256:ebaa96a3384dd5beef634d5a476a8f95b579350ccd0974917ceec26401579438,oracle:pass+nop:fail
format-code-task-001469,code,python,strip-future-history@1>purge-build-caches@1>mtime-normalize@1>separate-verifier@2,sha256:59a02452fb454fa1e48fceb2d4039c06d5560b9c907299b5fb1e131276b632da,derived/task-store/variants/mimo-v2.6-rl__format-code-task-001469/59a02452fb45,none,built,purge-installed-copies@1 skipped: scope is CONFIRMED_PURGE plus already-carried run packages (HAR-194 stance),sha256:3d1fa610a29cf92a7c9b7243edb9a65e1722e99dff1c83925cc291c22c2d4f7a,
format-code-task-001471,code,python,strip-future-history@1>purge-build-caches@1>mtime-normalize@1>separate-verifier@2,sha256:445d3a6b5873b925495dac6f9131ac32bcd8fbce8675e1456e05f750625c8d13,derived/task-store/variants/mimo-v2.6-rl__format-code-task-001471/445d3a6b5873,/Users/petermakhnatch/Developer/eval-lab-results/2026-10-07/HAR-191-oracle-sweep/tasks/format-code-task-001471/oracle/solution-patch.stdout.log,built,purge-installed-copies@1 skipped: scope is CONFIRMED_PURGE plus already-carried run packages (HAR-194 stance),sha256:1e432b6de3aac3f86a296798e29b925267290c6deabb1707a4f8750a82bca0a1,oracle:pass+nop:fail
format-code-task-001477,code,python,strip-future-history@1>purge-build-caches@1>mtime-normalize@1>separate-verifier@2,sha256:f5126fb45449d722fe42eaa5305adb903d2017e0d175402fddd21f4e478894cc,derived/task-store/variants/mimo-v2.6-rl__format-code-task-001477/f5126fb45449,none,built,purge-installed-copies@1 skipped: scope is CONFIRMED_PURGE plus already-carried run packages (HAR-194 stance),sha256:f716d59f67c19221b3a9416524489df13359383f9483ffbd5ed523e6be1b1071,
format-code-task-001478,code,python,strip-future-history@1>purge-build-caches@1>mtime-normalize@1>separate-verifier@2,sha256:7c5c8ad777e469c325eedb6c48e5daf911cf9ddc60f175848e16b524ac6cf002,derived/task-store/variants/mimo-v2.6-rl__format-code-task-001478/7c5c8ad777e4,/Users/petermakhnatch/Developer/eval-lab-results/2026-10-07/HAR-191-oracle-sweep/tasks/format-code-task-001478/oracle/solution-patch.stdout.log,built,purge-installed-copies@1 skipped: scope is CONFIRMED_PURGE plus already-carried run packages (HAR-194 stance),sha256:6bb6f8a8da39e46d0947200dcacbaf416ff31f93b0fa3f384d275b73d8f00916,oracle:pass+nop:fail
format-code-task-001479,code,python,strip-future-history@1>purge-build-caches@1>mtime-normalize@1>separate-verifier@2,sha256:992bdd5e6273d81c8889196a22869081788040520c667e0778e41f654405e28b,derived/task-store/variants/mimo-v2.6-rl__format-code-task-001479/992bdd5e6273,none,built,purge-installed-copies@1 skipped: scope is CONFIRMED_PURGE plus already-carried run packages (HAR-194 stance),sha256:4c3ec4ce3e191efb9f4684730f02c5c447b96f24e9c209e6ea88b556ac5f11ec,
format-code-task-001480,code,python,strip-future-history@1>purge-build-caches@1>mtime-normalize@1>separate-verifier@2,sha256:2201ef2edd766bc30bf8ef0de7d29d93f985ac2f17f3eab58a91f890dbeff130,derived/task-store/variants/mimo-v2.6-rl__format-code-task-001480/2201ef2edd76,none,built,purge-installed-copies@1 skipped: scope is CONFIRMED_PURGE plus already-carried run packages (HAR-194 stance),sha256:79feaf1078f4c2d031548e7d3ad244be47e25036f75fb2462dc24848a1d6db22,
format-code-task-001481,code,python,strip-future-history@1>purge-build-caches@1>mtime-normalize@1>separate-verifier@2,sha256:16c3f1a7e789ca97d7efb6f6af43a4ae0ff4cd2921a3cef9cf346bd053929416,derived/task-store/variants/mimo-v2.6-rl__format-code-task-001481/16c3f1a7e789,none,built,purge-installed-copies@1 skipped: scope is CONFIRMED_PURGE plus already-carried run packages (HAR-194 stance),sha256:8235576ec8a6429d89e128c87fb49c1a9873437297b456b1fb99bd012c26d171,
format-code-task-001482,code,python,strip-future-history@1>purge-build-caches@1>mtime-normalize@1>separate-verifier@2,sha256:ba2a0ee893c7f35aa08840e581aea94b9fde02b967a42d7d70d665310e31eceb,derived/task-store/variants/mimo-v2.6-rl__format-code-task-001482/ba2a0ee893c7,none,built,purge-installed-copies@1 skipped: scope is CONFIRMED_PURGE plus already-carried run packages (HAR-194 stance),sha256:8c92ef27b8144a52e79a83c9848693cd87df7cd0e0676f65ccff0f496413bd97,
format-code-task-001483,code,python,strip-future-history@1>purge-build-caches@1>mtime-normalize@1>separate-verifier@2,sha256:3775e327f65f569cd1c13e0a266d74fd358ae9ed5d2ab18f98fd12472ab8e5f7,derived/task-store/variants/mimo-v2.6-rl__format-code-task-001483/3775e327f65f,none,built,purge-installed-copies@1 skipped: scope is CONFIRMED_PURGE plus already-carried run packages (HAR-194 stance),sha256:9b22e25e5db6f67b274b7e41c653e0c09bde05243bbece13308e33034036d326,
format-code-task-001484,code,python,strip-future-history@1>purge-build-caches@1>mtime-normalize@1>separate-verifier@2,sha256:03f03c2909bdb92b1bf6775db064306108ecb15e2d358fb993cb37544af03542,derived/task-store/variants/mimo-v2.6-rl__format-code-task-001484/03f03c2909bd,none,built,purge-installed-copies@1 skipped: scope is CONFIRMED_PURGE plus already-carried run packages (HAR-194 stance),sha256:bed4603c21ef7224948d58f2b95e434e2c9d7cb91b4599b275fccbbf61afd434,
format-code-task-001486,code,python,strip-future-history@1>purge-build-caches@1>mtime-normalize@1>separate-verifier@2,sha256:6bfb36a09d1343d37ddb9bb8e253061daa68640b89ceab6d447036f43b4da383,derived/task-store/variants/mimo-v2.6-rl__format-code-task-001486/6bfb36a09d13,none,built,purge-installed-copies@1 skipped: scope is CONFIRMED_PURGE plus already-carried run packages (HAR-194 stance),sha256:e2e8ae8bf8c14a6726dce768c9b0892ea19c0bb0eae3f778f4ff92d8a086af16,
format-code-task-001487,code,python,strip-future-history@1>purge-build-caches@1>mtime-normalize@1>separate-verifier@2,sha256:5c166705fcaa0b5b9781e020905a7647a4484fc567e1b43bc49c50146b69f880,derived/task-store/variants/mimo-v2.6-rl__format-code-task-001487/5c166705fcaa,none,built,purge-installed-copies@1 skipped: scope is CONFIRMED_PURGE plus already-carried run packages (HAR-194 stance),sha256:3a7e79d0ccf35ffcd7d21aa3a126265080b096506dc7dcc6243d7791285bc1f1,
format-code-task-001488,code,python,strip-future-history@1>purge-build-caches@1>mtime-normalize@1>separate-verifier@2,sha256:46c78f6980657ca8ee7659010d1481bd13b5950251b19d8d0b0e4c249663f609,derived/task-store/variants/mimo-v2.6-rl__format-code-task-001488/46c78f698065,none,built,purge-installed-copies@1 skipped: scope is CONFIRMED_PURGE plus already-carried run packages (HAR-194 stance),sha256:ff811438b23008d9974c8b6ea9a67ad2797863d286b35353ba24893bd195b13c,
format-code-task-001489,code,python,strip-future-history@1>purge-build-caches@1>mtime-normalize@1>separate-verifier@2,sha256:4d6e67dc4e504637194b6bf2e58fd7048a0fc628c077d0c995061a87d974d1cd,derived/task-store/variants/mimo-v2.6-rl__format-code-task-001489/4d6e67dc4e50,none,built,purge-installed-copies@1 skipped: scope is CONFIRMED_PURGE plus already-carried run packages (HAR-194 stance),sha256:2d3d94ce88066c268fac12563e9554e676dcdd2662f2ceeb357f944500126822,
format-code-task-001490,code,python,strip-future-history@1>purge-build-caches@1>mtime-normalize@1>separate-verifier@2,sha256:7e1fd28bbabfc0bc5af7e8e4da9623771f4b10d8a96867f6d0c89dcf92aed31a,derived/task-store/variants/mimo-v2.6-rl__format-code-task-001490/7e1fd28bbabf,none,built,purge-installed-copies@1 skipped: scope is CONFIRMED_PURGE plus already-carried run packages (HAR-194 stance),sha256:04d87821a953d254b0cd7f22ed19afb877372e9cd21242d14e184fecd6e2819a,
format-code-task-001491,code,python,strip-future-history@1>purge-build-caches@1>mtime-normalize@1>separate-verifier@2,sha256:ea8fa4c317bcb0bf80807e2ff3ed2f02e585c76b44fe45ca51998d3bf003beb8,derived/task-store/variants/mimo-v2.6-rl__format-code-task-001491/ea8fa4c317bc,none,built,purge-installed-copies@1 skipped: scope is CONFIRMED_PURGE plus already-carried run packages (HAR-194 stance),sha256:fe4319531b5fcba79539c17647b49fd9815951eb65569adf0640de9ea7966bbf,
format-code-task-001492,code,python,strip-future-history@1>purge-build-caches@1>mtime-normalize@1>separate-verifier@2,sha256:bca1fe045a09cf1c2cc9e5a1f48ef607d7e95703226db375101637d5e18c6e44,derived/task-store/variants/mimo-v2.6-rl__format-code-task-001492/bca1fe045a09,none,built,purge-installed-copies@1 skipped: scope is CONFIRMED_PURGE plus already-carried run packages (HAR-194 stance),sha256:eb26e306f484ba906674742c56893fcfcdd7c82943c9d3f325020f1a39c213be,
format-code-task-001493,code,python,strip-future-history@1>purge-build-caches@1>mtime-normalize@1>separate-verifier@2,sha256:960adc6adf631cebe0e6c14ea8e778fd48d93d5c1b2e9183d7a2a45d5f27d206,derived/task-store/variants/mimo-v2.6-rl__format-code-task-001493/960adc6adf63,none,built,purge-installed-copies@1 skipped: scope is CONFIRMED_PURGE plus already-carried run packages (HAR-194 stance),sha256:c1216855b8c4c0f633946b6c85b8e1bd0d10c0e2b14df9c2e8661836e0600e14,
format-code-task-001494,code,python,strip-future-history@1>purge-build-caches@1>mtime-normalize@1>separate-verifier@2,sha256:d9a7da5c49cfdc0d09328b65ff418cf45f9aadc2c2872df768a54657b70fec36,derived/task-store/variants/mimo-v2.6-rl__format-code-task-001494/d9a7da5c49cf,none,built,purge-installed-copies@1 skipped: scope is CONFIRMED_PURGE plus already-carried run packages (HAR-194 stance),sha256:420df431d3e90207333f8a2cb398877448c8c65ce8ada496e1518acd6a9f046c,
format-code-task-001495,code,python,strip-future-history@1>purge-build-caches@1>mtime-normalize@1>separate-verifier@2,sha256:d70311b34824a9ca7d01cbb9dc16e70d3325884358a231e8b2f1801f9437c5a2,derived/task-store/variants/mimo-v2.6-rl__format-code-task-001495/d70311b34824,none,built,purge-installed-copies@1 skipped: scope is CONFIRMED_PURGE plus already-carried run packages (HAR-194 stance),sha256:895d2f1db7ad29915c7b26f0bc357a74d997f44b1350d8292b204a6d628cded9,
format-code-task-001497,code,python,strip-future-history@1>purge-build-caches@1>mtime-normalize@1>separate-verifier@2,sha256:eb82c85460b29f85747a954517edfc0aa6e465c25b15c4c30a8867759e00f895,derived/task-store/variants/mimo-v2.6-rl__format-code-task-001497/eb82c85460b2,none,built,purge-installed-copies@1 skipped: scope is CONFIRMED_PURGE plus already-carried run packages (HAR-194 stance),sha256:f079c3a7888ccb0affa7d9a4e9dc8d6d78ad99e997210c08cc2e25efff25586b,
format-code-task-001498,code,python,strip-future-history@1>purge-build-caches@1>mtime-normalize@1>separate-verifier@2,sha256:b4c39d577651400f9751217bfe5f5e17aa59625bce544d1bd48109892097e050,derived/task-store/variants/mimo-v2.6-rl__format-code-task-001498/b4c39d577651,none,built,purge-installed-copies@1 skipped: scope is CONFIRMED_PURGE plus already-carried run packages (HAR-194 stance),sha256:b59b0aa00d32770fead5079d17bc430c4aa8740a584f29b9ca0862b95bbde890,
format-code-task-001499,code,python,strip-future-history@1>purge-build-caches@1>mtime-normalize@1>separate-verifier@2,sha256:08909bcc9c97cff40827f7ca6dbdb7b5090a24983865404e63fcd038e9acd724,derived/task-store/variants/mimo-v2.6-rl__format-code-task-001499/08909bcc9c97,none,built,purge-installed-copies@1 skipped: scope is CONFIRMED_PURGE plus already-carried run packages (HAR-194 stance),sha256:e00d0119ef6f16b31a2aace724229b6992ef1fe9493cadf97bc008ed72d7eeaf,
format-code-task-001501,code,python,strip-future-history@1>purge-build-caches@1>mtime-normalize@1>separate-verifier@2,sha256:8b127875624ca7780548d8bf238b3f89461aee4066b4e9468fe4ad8e59a570ba,derived/task-store/variants/mimo-v2.6-rl__format-code-task-001501/8b127875624c,none,built,purge-installed-copies@1 skipped: scope is CONFIRMED_PURGE plus already-carried run packages (HAR-194 stance),sha256:faf7c3da3462334cd8df548627a328f8b871daf7d1b8f787eefd50bb0ec09c91,
format-code-task-001502,code,python,strip-future-history@1>purge-build-caches@1>mtime-normalize@1>separate-verifier@2,sha256:91591488ed4ba5d632850df65fbbdc06680588d1d8464b28e7926d5b8bd83bd9,derived/task-store/variants/mimo-v2.6-rl__format-code-task-001502/91591488ed4b,none,built,purge-installed-copies@1 skipped: scope is CONFIRMED_PURGE plus already-carried run packages (HAR-194 stance),sha256:859e6de7b807710e68df44dc1b2236fb6e9d94f6bb0ea81e7359b3941c9e6d9e,
format-code-task-001503,code,python,strip-future-history@1>purge-build-caches@1>mtime-normalize@1>separate-verifier@2,sha256:5ce47bf8e64ef55e5ffd74b7452875e3c0f9ebbe38412768d8fe551284bc12a9,derived/task-store/variants/mimo-v2.6-rl__format-code-task-001503/5ce47bf8e64e,none,built,purge-installed-copies@1 skipped: scope is CONFIRMED_PURGE plus already-carried run packages (HAR-194 stance),sha256:1966947225e070c03d854b3bcaa5ead2beb17011961afa3ba945cf15e2f65ac5,
format-code-task-001504,code,python,strip-future-history@1>purge-build-caches@1>mtime-normalize@1>separate-verifier@2,sha256:a1e9c6e0bdd5b34f1671e5cb314fe72487dcc2ae44255ec5c8c9d607ffd44794,derived/task-store/variants/mimo-v2.6-rl__format-code-task-001504/a1e9c6e0bdd5,none,built,purge-installed-copies@1 skipped: scope is CONFIRMED_PURGE plus already-carried run packages (HAR-194 stance),sha256:1678b63e437d541c2635dafc86545bcb59d4d67b3552bdee3f758238006a2dab,
format-code-task-001505,code,python,strip-future-history@1>purge-build-caches@1>mtime-normalize@1>separate-verifier@2,sha256:774f35ec443f322ced0ef4421c36f970fbd58f4cf59fb7eb887dd5ba8393d5ea,derived/task-store/variants/mimo-v2.6-rl__format-code-task-001505/774f35ec443f,none,built,purge-installed-copies@1 skipped: scope is CONFIRMED_PURGE plus already-carried run packages (HAR-194 stance),sha256:64c3551bb7662ad2a3a5cb59f73eb94503e2dac80a7d8dacc68863e3a6c074e7,
format-code-task-001506,code,python,strip-future-history@1>purge-build-caches@1>mtime-normalize@1>separate-verifier@2,sha256:05e7fd6a687a3b4bd8af36bcaca86e979074487766868aad0fd45918d886b283,derived/task-store/variants/mimo-v2.6-rl__format-code-task-001506/05e7fd6a687a,none,built,purge-installed-copies@1 skipped: scope is CONFIRMED_PURGE plus already-carried run packages (HAR-194 stance),sha256:1396aa4157fb86ebc2451a7f4c00a026aa9cf4bb616a4702d87963ec6c5c902f,
format-code-task-001507,code,python,strip-future-history@1>purge-build-caches@1>mtime-normalize@1>separate-verifier@2,sha256:d34de50f8f91374d1e9800d7bc6d285f8b21ae45ea9d66247eeb3f063e4e133c,derived/task-store/variants/mimo-v2.6-rl__format-code-task-001507/d34de50f8f91,none,built,purge-installed-copies@1 skipped: scope is CONFIRMED_PURGE plus already-carried run packages (HAR-194 stance),sha256:c4842e234234e9238ea7cc9e0ea2d28f83a49c331f10700bfff7364e80c7a69b,
format-code-task-001508,code,python,strip-future-history@1>purge-build-caches@1>mtime-normalize@1>separate-verifier@2,sha256:cf55ef918eb0e4538c389a256de82e85ddd7aa4eb4e7376a658a0b0144abb9be,derived/task-store/variants/mimo-v2.6-rl__format-code-task-001508/cf55ef918eb0,none,built,purge-installed-copies@1 skipped: scope is CONFIRMED_PURGE plus already-carried run packages (HAR-194 stance),sha256:9458730fdc9d1a446c95c37607bf756324c27147e178bea3b4319025a5fcb76f,
format-code-task-001510,code,python,strip-future-history@1>purge-build-caches@1>mtime-normalize@1>separate-verifier@2,sha256:a73031d4c7abd74cd0fdcb758166dae3480565ab9de5d10ca5237bba040d0769,derived/task-store/variants/mimo-v2.6-rl__format-code-task-001510/a73031d4c7ab,none,built,purge-installed-copies@1 skipped: scope is CONFIRMED_PURGE plus already-carried run packages (HAR-194 stance),sha256:ebf0da2e7ee6c23843fbeae3f385c88a7309fd59aac1c3c23b27622cf01c6126,
format-code-task-001511,code,python,strip-future-history@1>purge-build-caches@1>mtime-normalize@1>separate-verifier@2,sha256:926e906213275bc3ffcb6025e6a57872b6ecd392474e67d4249f0f2e091f40cb,derived/task-store/variants/mimo-v2.6-rl__format-code-task-001511/926e90621327,none,built,purge-installed-copies@1 skipped: scope is CONFIRMED_PURGE plus already-carried run packages (HAR-194 stance),sha256:f67fb77068837ff2654228b997d96c67b1ddef2547c5c129064ce841f50f58bb,
format-code-task-001512,code,python,strip-future-history@1>purge-build-caches@1>mtime-normalize@1>separate-verifier@2,sha256:ca93eb655fb39445f6ebf7b21f0fdd79ba754007f8fb045933321e1e41fe51ca,derived/task-store/variants/mimo-v2.6-rl__format-code-task-001512/ca93eb655fb3,none,built,purge-installed-copies@1 skipped: scope is CONFIRMED_PURGE plus already-carried run packages (HAR-194 stance),sha256:e75cd1d53fbe5b5583fa9986ef1e3681906d05d95f822f2a498fc678127c85bc,
format-code-task-001519,code,python,strip-future-history@1>purge-build-caches@1>mtime-normalize@1>separate-verifier@2,sha256:851e59f8e72f572f72f91f5c41b035984ff99a61cbbd4853df85ac3cfb894467,derived/task-store/variants/mimo-v2.6-rl__format-code-task-001519/851e59f8e72f,none,built,purge-installed-copies@1 skipped: scope is CONFIRMED_PURGE plus already-carried run packages (HAR-194 stance),sha256:7744ec772f6dd870593fce8a129a2b2fef48af09d0122158aec07d05f1ed502c,
format-code-task-001527,code,python,strip-future-history@1>purge-build-caches@1>mtime-normalize@1>separate-verifier@2,sha256:88722554cc3bcc574184d57c266f6c8436adbe557897e33cfd3302c5884a08ad,derived/task-store/variants/mimo-v2.6-rl__format-code-task-001527/88722554cc3b,none,built,purge-installed-copies@1 skipped: scope is CONFIRMED_PURGE plus already-carried run packages (HAR-194 stance),sha256:bd83a5621be357717ce27cd792e606d31cbbd7f3ed2cadd88c44db9541c698e2,
format-code-task-001529,code,python,strip-future-history@1>purge-build-caches@1>mtime-normalize@1>separate-verifier@2,sha256:d71845efc576b927b3405d712e3078919ec2a0757d2bc26cd87db6ea242144e9,derived/task-store/variants/mimo-v2.6-rl__format-code-task-001529/d71845efc576,none,built,purge-installed-copies@1 skipped: scope is CONFIRMED_PURGE plus already-carried run packages (HAR-194 stance),sha256:112d28b088a1526474a64fb8b06954afa6ad5c07a3c75ac0e5a1ebebe636a5d9,
format-code-task-001530,code,python,strip-future-history@1>purge-build-caches@1>mtime-normalize@1>separate-verifier@2,sha256:36da19058ff878cf700811fb27d6d8e8703aff5114b94717ab4288800619633c,derived/task-store/variants/mimo-v2.6-rl__format-code-task-001530/36da19058ff8,none,built,purge-installed-copies@1 skipped: scope is CONFIRMED_PURGE plus already-carried run packages (HAR-194 stance),sha256:43c467cbfd8146a2489c8626d488b1df6b6fc84596de5aaada3e4cf5d761de81,
format-code-task-001531,code,python,strip-future-history@1>purge-build-caches@1>mtime-normalize@1>separate-verifier@2,sha256:4da062d47e1763aca52aec84f43b32a6af7f5c683b38ebfab7e317aa971a0da9,derived/task-store/variants/mimo-v2.6-rl__format-code-task-001531/4da062d47e17,none,built,purge-installed-copies@1 skipped: scope is CONFIRMED_PURGE plus already-carried run packages (HAR-194 stance),sha256:76f6b898d038b7167df0a074e729732a0faa03fc68fd225869573e617afcaa5d,
format-code-task-001532,code,python,strip-future-history@1>purge-build-caches@1>mtime-normalize@1>separate-verifier@2,sha256:6931a514b54d704e0c5d7231936c8629b28d002a72257a4ebf0c6db9ef06fe71,derived/task-store/variants/mimo-v2.6-rl__format-code-task-001532/6931a514b54d,none,built,purge-installed-copies@1 skipped: scope is CONFIRMED_PURGE plus already-carried run packages (HAR-194 stance),sha256:a5d0ede785b9eae68f3bc91968f272ec866b09caa380ec66414226a191b802ae,
format-code-task-001543,code,python,strip-future-history@1>purge-build-caches@1>mtime-normalize@1>separate-verifier@2,sha256:79b0b757b66dfebab2581c9cd277f8579ceb76a4a89327675515d3a6452e76bb,derived/task-store/variants/mimo-v2.6-rl__format-code-task-001543/79b0b757b66d,none,built,purge-installed-copies@1 skipped: scope is CONFIRMED_PURGE plus already-carried run packages (HAR-194 stance),sha256:064311cf707ba7ff60aa124649e5027df74e5dd8b7803fc8b6bd867244814917,
format-code-task-001544,code,python,strip-future-history@1>purge-build-caches@1>mtime-normalize@1>separate-verifier@2,sha256:35a63cceb2069619da16a0b4aa558a419410031a12328e05b85cdc47b3dd1cd3,derived/task-store/variants/mimo-v2.6-rl__format-code-task-001544/35a63cceb206,none,built,purge-installed-copies@1 skipped: scope is CONFIRMED_PURGE plus already-carried run packages (HAR-194 stance),sha256:e8ef4713744a66f3e0e4c63d73365269848ade7444dbd7c85d0b51d49aef0fbf,
format-code-task-001552,code,python,strip-future-history@1>purge-build-caches@1>mtime-normalize@1>separate-verifier@2,sha256:9dbe7c1112b7510eef18276d38d0723e1bf62b3df324c37b722c76fa0cda3df6,derived/task-store/variants/mimo-v2.6-rl__format-code-task-001552/9dbe7c1112b7,/Users/petermakhnatch/Developer/eval-lab-results/2026-10-07/HAR-191-oracle-sweep/tasks/format-code-task-001552/oracle/solution-patch.stdout.log,built,purge-installed-copies@1 skipped: scope is CONFIRMED_PURGE plus already-carried run packages (HAR-194 stance),sha256:fa168234bec182a1f78b9b106bb956cc6778e04b49fc628c6b6520e723c12548,oracle:pass+nop:fail
format-code-task-001553,code,python,strip-future-history@1>purge-build-caches@1>mtime-normalize@1>separate-verifier@2,sha256:3e6bfd70989c241046eba0851e4ef2dbc7789fd3416c0ce1dbedeadd3310f097,derived/task-store/variants/mimo-v2.6-rl__format-code-task-001553/3e6bfd70989c,/Users/petermakhnatch/Developer/eval-lab-results/2026-10-07/HAR-191-oracle-sweep/tasks/format-code-task-001553/oracle/solution-patch.stdout.log,built,purge-installed-copies@1 skipped: scope is CONFIRMED_PURGE plus already-carried run packages (HAR-194 stance),sha256:0408f5002110646d0b9bdbac191dc9d7e739adda030c81a3887c1aef6a020433,oracle:pass+nop:fail
format-code-task-001556,code,python,strip-future-history@1>purge-build-caches@1>mtime-normalize@1>separate-verifier@2,sha256:f9c827ee220537e491dd1ebb7a1f637ca0c211f10af0a12f17f252a826492f08,derived/task-store/variants/mimo-v2.6-rl__format-code-task-001556/f9c827ee2205,none,built,purge-installed-copies@1 skipped: scope is CONFIRMED_PURGE plus already-carried run packages (HAR-194 stance),sha256:93d902610bd4002b464a2dff7ca45203da0b0e2639e040824abb8fa4d9cf0664,
format-code-task-001558,code,python,strip-future-history@1>purge-build-caches@1>mtime-normalize@1>separate-verifier@2,sha256:9b610746fd0ab073d3ed34f12dd0313f5ae2b3985937a3a1d5b7e1d6f0229a39,derived/task-store/variants/mimo-v2.6-rl__format-code-task-001558/9b610746fd0a,/Users/petermakhnatch/Developer/eval-lab-results/2026-10-07/HAR-191-oracle-sweep/tasks/format-code-task-001558/oracle/solution-patch.stdout.log,built,purge-installed-copies@1 skipped: scope is CONFIRMED_PURGE plus already-carried run packages (HAR-194 stance),sha256:40d2a4b3627e74b61924e449e71bf60803a2b284fe506b576315dd0d2e6373d8,oracle:pass+nop:fail
format-code-task-001559,code,python,strip-future-history@1>purge-build-caches@1>mtime-normalize@1>separate-verifier@2,sha256:8cd14405e778e5803417d80ea81f2841f556202a680634634310ebf76bce8b04,derived/task-store/variants/mimo-v2.6-rl__format-code-task-001559/8cd14405e778,none,built,purge-installed-copies@1 skipped: scope is CONFIRMED_PURGE plus already-carried run packages (HAR-194 stance),sha256:0f346d93f8d5b52a099cb1cd5b4763f5ba159f70079fd732c0406d957ed285c8,
format-code-task-001561,code,python,,,,none,skipped,"ledger verdict=discard status=discarded: broken environment, no known repair: ImportError: cannot import name 'dict2schema' from 'webargs' (/root/.venv/lib/python3.11/site-packages/webargs/__init__.py) (env-pin-dependency@1 rejected on its nop, env-pin-dependency@1 rejected on its nop)",sha256:a1a4630828083505f0c8e24ae366f2c2a93d6ac589cd3868a696ecadc4cb89d2,
format-code-task-001567,code,python,strip-future-history@1>purge-build-caches@1>mtime-normalize@1>separate-verifier@2,sha256:2cacfc1a054dbbc77012a135b793ca5ea48f39fe69ba5b079b867d8789a37883,derived/task-store/variants/mimo-v2.6-rl__format-code-task-001567/2cacfc1a054d,none,built,purge-installed-copies@1 skipped: scope is CONFIRMED_PURGE plus already-carried run packages (HAR-194 stance),sha256:6ebfbab56fada5736de37adbc94859ba398e528c39d76ded0d9b264c58bc2812,
format-code-task-001568,code,python,strip-future-history@1>purge-build-caches@1>mtime-normalize@1>separate-verifier@2,sha256:ea8df3ecce7fe641d469a111556c2d453a2b0dc7864841d4526f6ba08b9ba43c,derived/task-store/variants/mimo-v2.6-rl__format-code-task-001568/ea8df3ecce7f,none,built,purge-installed-copies@1 skipped: scope is CONFIRMED_PURGE plus already-carried run packages (HAR-194 stance),sha256:25264dfdfa85f01e986d1d27176bcab2d74c8aa1635e9ca975d46b533e3cd081,
format-code-task-001571,code,python,strip-future-history@1>purge-build-caches@1>mtime-normalize@1>separate-verifier@2,sha256:f4b14e9c80b977d3754fc3b12ff152f14de63455ec9d3517a2d6530e4c13057a,derived/task-store/variants/mimo-v2.6-rl__format-code-task-001571/f4b14e9c80b9,none,built,purge-installed-copies@1 skipped: scope is CONFIRMED_PURGE plus already-carried run packages (HAR-194 stance),sha256:4d31437578e6677faffd89177f25e0c898369bf85e8b7fbcb6f7a1a4aeb76e3b,
format-code-task-001573,code,python,strip-future-history@1>purge-build-caches@1>mtime-normalize@1>separate-verifier@2,sha256:30a4f26e5443a5ee79fb23ce88567daf902dbb03a86d1d1f0b9b20c3c5bed8b4,derived/task-store/variants/mimo-v2.6-rl__format-code-task-001573/30a4f26e5443,none,built,purge-installed-copies@1 skipped: scope is CONFIRMED_PURGE plus already-carried run packages (HAR-194 stance),sha256:a8b50a817ef92ff2e1c92f77f73dc2a1e89681247d70b9e38b710a7f01a3efa5,
format-code-task-001574,code,python,strip-future-history@1>purge-build-caches@1>mtime-normalize@1>separate-verifier@2,sha256:e90519e3597409f0093ccf88b537aaf09b44618952f7fb0e359970c23f89519f,derived/task-store/variants/mimo-v2.6-rl__format-code-task-001574/e90519e35974,none,built,purge-installed-copies@1 skipped: scope is CONFIRMED_PURGE plus already-carried run packages (HAR-194 stance),sha256:ed8867ced586f6452dd298bb06d04c9284dfc900e9af44dfcd52cf267880c3c7,
format-code-task-001583,code,python,strip-future-history@1>purge-build-caches@1>mtime-normalize@1>separate-verifier@2,sha256:52d8ac9c44a36717dfd704253c93d39a5c19c8b451783aa69c185b8fea6b4318,derived/task-store/variants/mimo-v2.6-rl__format-code-task-001583/52d8ac9c44a3,none,built,purge-installed-copies@1 skipped: scope is CONFIRMED_PURGE plus already-carried run packages (HAR-194 stance),sha256:f5447dd744fb64702a4bc21e999aa51d05c1fd24cf4aef4e768ecd92c85a6822,
format-code-task-001584,code,python,strip-future-history@1>purge-build-caches@1>mtime-normalize@1>separate-verifier@2,sha256:7765f19ba76d6415c3e6ea546ad186c1e3a0d847dc401245b0754bf6cc83b160,derived/task-store/variants/mimo-v2.6-rl__format-code-task-001584/7765f19ba76d,none,built,purge-installed-copies@1 skipped: scope is CONFIRMED_PURGE plus already-carried run packages (HAR-194 stance),sha256:3ce79295dfc57e8ffc9f8a6bf5dd8e2f424dcfe97391f3c74f935ccd58b335f6,
format-code-task-001587,code,python,strip-future-history@1>purge-build-caches@1>mtime-normalize@1>separate-verifier@2,sha256:d362f5875b790d07b34e6fb387f41837d192e04fe3d7f62d16ff59f57877343f,derived/task-store/variants/mimo-v2.6-rl__format-code-task-001587/d362f5875b79,/Users/petermakhnatch/Developer/eval-lab-results/2026-10-07/HAR-191-oracle-sweep/tasks/format-code-task-001587/oracle/solution-patch.stdout.log,built,purge-installed-copies@1 skipped: scope is CONFIRMED_PURGE plus already-carried run packages (HAR-194 stance),sha256:104b04637b12e93b5c8f1edada93682147dc59d98a3aaa259e74066850517d1d,oracle:pass+nop:fail
format-code-task-001590,code,python,strip-future-history@1>purge-build-caches@1>mtime-normalize@1>separate-verifier@2,sha256:74ab7d08512eea031caf6cd421e9ce7227259a89232e86584f5432c58cc558da,derived/task-store/variants/mimo-v2.6-rl__format-code-task-001590/74ab7d08512e,none,built,purge-installed-copies@1 skipped: scope is CONFIRMED_PURGE plus already-carried run packages (HAR-194 stance),sha256:18d62f5b781c88daeb67d1e01f9a6a6b9e8f946d0f07915f3984491e42b16000,
format-code-task-001601,code,python,strip-future-history@1>purge-build-caches@1>mtime-normalize@1>separate-verifier@2,sha256:70888194077fb84b7d0646025ec08c9e0184699608dbae25f734e6b5142495ad,derived/task-store/variants/mimo-v2.6-rl__format-code-task-001601/70888194077f,none,built,purge-installed-copies@1 skipped: scope is CONFIRMED_PURGE plus already-carried run packages (HAR-194 stance),sha256:6f1606b3437b9d1064f7d9fa3e9497936353b242f84b6309fcfd1c640c1d3393,
format-code-task-001602,code,python,strip-future-history@1>purge-build-caches@1>mtime-normalize@1>separate-verifier@2,sha256:49cd578382a1227a6b202bb92a5354e1129349c41a3998d9a73c5cf360df23a1,derived/task-store/variants/mimo-v2.6-rl__format-code-task-001602/49cd578382a1,none,built,purge-installed-copies@1 skipped: scope is CONFIRMED_PURGE plus already-carried run packages (HAR-194 stance),sha256:5c250bc4c5952284d13c94ae8d1df6618a1827f7cacba148c9e26f8e32ed98de,
format-code-task-001603,code,python,strip-future-history@1>purge-build-caches@1>mtime-normalize@1>separate-verifier@2,sha256:986395ecaec18675c30dd33848d640e86569555f0c0470613262bb0ee6ea79cf,derived/task-store/variants/mimo-v2.6-rl__format-code-task-001603/986395ecaec1,none,built,purge-installed-copies@1 skipped: scope is CONFIRMED_PURGE plus already-carried run packages (HAR-194 stance),sha256:b619ab7d7cba7832714eb0cbcd06f7422b5316e0e4307d997531707b96ed593f,
format-code-task-001606,code,python,strip-future-history@1>purge-build-caches@1>mtime-normalize@1>separate-verifier@2,sha256:416c1dad24d1829a78e3a88c14d7fdc85721ebb414aa87dce6e5131f807259f5,derived/task-store/variants/mimo-v2.6-rl__format-code-task-001606/416c1dad24d1,none,built,purge-installed-copies@1 skipped: scope is CONFIRMED_PURGE plus already-carried run packages (HAR-194 stance),sha256:6f96e1128a5a8703fa5c7ca9cf43716d869226a37942c4bb0d67d87431f54f2d,
format-code-task-001607,code,python,strip-future-history@1>purge-build-caches@1>mtime-normalize@1>separate-verifier@2,sha256:78dc0e40b4a59d595b9f64f910f9a09497f5098aaeb79c57bdb77d7f02d34b52,derived/task-store/variants/mimo-v2.6-rl__format-code-task-001607/78dc0e40b4a5,none,built,purge-installed-copies@1 skipped: scope is CONFIRMED_PURGE plus already-carried run packages (HAR-194 stance),sha256:2028fb031bca68a2d629f853dd9447a9c78c7160e4815a09cbec3eb30163b494,
format-code-task-001608,code,python,strip-future-history@1>purge-build-caches@1>mtime-normalize@1>separate-verifier@2,sha256:49eb348e487fe45f994833be5513b24549d2ee7728893f5d88f85a3d24ae331a,derived/task-store/variants/mimo-v2.6-rl__format-code-task-001608/49eb348e487f,none,built,purge-installed-copies@1 skipped: scope is CONFIRMED_PURGE plus already-carried run packages (HAR-194 stance),sha256:ecc02bfe2e5d4c58007f039bd05f6cfd3748daca2886f41f302bc39fd24aa2bc,
format-code-task-001609,code,python,strip-future-history@1>purge-build-caches@1>mtime-normalize@1>separate-verifier@2,sha256:45a34d5ed3a5ea6e16b7fd46e060aeb1f02996b243de599ebfc44bf04f34450a,derived/task-store/variants/mimo-v2.6-rl__format-code-task-001609/45a34d5ed3a5,none,built,purge-installed-copies@1 skipped: scope is CONFIRMED_PURGE plus already-carried run packages (HAR-194 stance),sha256:e7520a03f56486be6e67cf746210ac49205c35c7990d5437f2042a626c720fb1,
format-code-task-001611,code,python,strip-future-history@1>purge-build-caches@1>mtime-normalize@1>separate-verifier@2,sha256:f9ed02c5d8ab4dfdea3f5b83f0970e0c9b94a895f475a54817bffae4be3830dd,derived/task-store/variants/mimo-v2.6-rl__format-code-task-001611/f9ed02c5d8ab,none,built,purge-installed-copies@1 skipped: scope is CONFIRMED_PURGE plus already-carried run packages (HAR-194 stance),sha256:673174411d9d84401e9841dd941b2061f6af42dea4f2906a03d404c5e4325947,
format-code-task-001612,code,python,strip-future-history@1>purge-build-caches@1>mtime-normalize@1>separate-verifier@2,sha256:871ef0bdf7be0adba4c225f09a4414d8eaab75d5f84223b0d1b4aef76271591b,derived/task-store/variants/mimo-v2.6-rl__format-code-task-001612/871ef0bdf7be,/Users/petermakhnatch/Developer/eval-lab-results/2026-10-07/HAR-191-oracle-sweep/tasks/format-code-task-001612/oracle/solution-patch.stdout.log,built,purge-installed-copies@1 skipped: scope is CONFIRMED_PURGE plus already-carried run packages (HAR-194 stance),sha256:d4973d2eee2b005d5fbe5033c3d23bf4f7cee30a3b3f6f1d6059c6135783510d,oracle:pass+nop:fail
format-code-task-001614,code,python,strip-future-history@1>purge-build-caches@1>mtime-normalize@1>separate-verifier@2,sha256:e22f81825299ff5ac5b39d5a06c11a8a9460ab3aa54a898ede01b6a712044dcd,derived/task-store/variants/mimo-v2.6-rl__format-code-task-001614/e22f81825299,/Users/petermakhnatch/Developer/eval-lab-results/2026-10-07/HAR-191-oracle-sweep/tasks/format-code-task-001614/oracle/solution-patch.stdout.log,built,purge-installed-copies@1 skipped: scope is CONFIRMED_PURGE plus already-carried run packages (HAR-194 stance),sha256:7440428a05676af6472b30e8aea179410e11506600c4dd0bd788c282301d68c8,oracle:pass+nop:fail
format-code-task-001615,code,python,strip-future-history@1>purge-build-caches@1>mtime-normalize@1>separate-verifier@2,sha256:3e31084a1c646bb602d0e7608ca8469663187071f4206c5aae908f02c41b2be8,derived/task-store/variants/mimo-v2.6-rl__format-code-task-001615/3e31084a1c64,/Users/petermakhnatch/Developer/eval-lab-results/2026-10-07/HAR-191-oracle-sweep/tasks/format-code-task-001615/oracle/solution-patch.stdout.log,built,purge-installed-copies@1 skipped: scope is CONFIRMED_PURGE plus already-carried run packages (HAR-194 stance),sha256:66e6088d4579ed65383f3d8bdefb0bb16473438cf1b844dd0323a732ef3b2dd3,oracle:pass+nop:fail
format-code-task-001616,code,python,strip-future-history@1>purge-build-caches@1>mtime-normalize@1>separate-verifier@2,sha256:c541fd315eb99f51ae4e7789dcce69c5b95af431d812a90bede2dea41d4c4845,derived/task-store/variants/mimo-v2.6-rl__format-code-task-001616/c541fd315eb9,none,built,purge-installed-copies@1 skipped: scope is CONFIRMED_PURGE plus already-carried run packages (HAR-194 stance),sha256:00cf5381210888176a523e647c97f48c338d54a8eec03c8f89602e7c6c0f0cc7,
format-code-task-001617,code,python,strip-future-history@1>purge-build-caches@1>mtime-normalize@1>separate-verifier@2,sha256:c1d3f695a65e3bcd52003270e70f6ee45d5a2cc47d9fffcde51187ec5caa8edb,derived/task-store/variants/mimo-v2.6-rl__format-code-task-001617/c1d3f695a65e,none,built,purge-installed-copies@1 skipped: scope is CONFIRMED_PURGE plus already-carried run packages (HAR-194 stance),sha256:be9f5cf86a9798b9b619fb242d72633f9e6a09afe89c0748ae18625f3fa24e01,
format-code-task-001618,code,python,strip-future-history@1>purge-build-caches@1>mtime-normalize@1>separate-verifier@2,sha256:715267a8866e4cd2f1bebccfd9dcc1c72e22a41e5001b89b299f16f3e4ea9539,derived/task-store/variants/mimo-v2.6-rl__format-code-task-001618/715267a8866e,none,built,purge-installed-copies@1 skipped: scope is CONFIRMED_PURGE plus already-carried run packages (HAR-194 stance),sha256:6711d55bc4e54b46a4a17eee08a44c2a283667191b43ce0719a39316fc6bada5,
format-code-task-001620,code,python,strip-future-history@1>purge-build-caches@1>mtime-normalize@1>separate-verifier@2,sha256:070227009985ae041fe27a82364d68b314567ddbd1265cc4089470b5fc6d535d,derived/task-store/variants/mimo-v2.6-rl__format-code-task-001620/070227009985,none,built,purge-installed-copies@1 skipped: scope is CONFIRMED_PURGE plus already-carried run packages (HAR-194 stance),sha256:2bb4c91964db8c481cf752590a5715034f45ba9317f6bcaec91eb7d511ffacce,
format-code-task-001622,code,python,strip-future-history@1>purge-build-caches@1>mtime-normalize@1>separate-verifier@2,sha256:4bbb7351b7efa02f3caaa593286d322a627628f0cde448ccaa5a3bc375e3df49,derived/task-store/variants/mimo-v2.6-rl__format-code-task-001622/4bbb7351b7ef,none,built,purge-installed-copies@1 skipped: scope is CONFIRMED_PURGE plus already-carried run packages (HAR-194 stance),sha256:e1a3dbd8a96dfadfeeee84ab8399222b1be0e8ff7cc579df996fa335fc9bc7cd,
format-code-task-001626,code,python,strip-future-history@1>purge-build-caches@1>mtime-normalize@1>separate-verifier@2,sha256:a829b05f3739750c1af0b7061309848b904b8d58eacfdb5a521478a3e4b80b59,derived/task-store/variants/mimo-v2.6-rl__format-code-task-001626/a829b05f3739,none,built,purge-installed-copies@1 skipped: scope is CONFIRMED_PURGE plus already-carried run packages (HAR-194 stance),sha256:620857c980c8978a6380ae55101016179854e180579ca192ba8e7a8925ddf3a6,
format-code-task-001627,code,python,strip-future-history@1>purge-build-caches@1>mtime-normalize@1>separate-verifier@2,sha256:48d67cb0440fe9c5e4aeacd97f19705262a5609506bb0e1e9eb7b945e27f5787,derived/task-store/variants/mimo-v2.6-rl__format-code-task-001627/48d67cb0440f,/Users/petermakhnatch/Developer/eval-lab-results/2026-10-07/HAR-191-oracle-sweep/tasks/format-code-task-001627/oracle/solution-patch.stdout.log,built,purge-installed-copies@1 skipped: scope is CONFIRMED_PURGE plus already-carried run packages (HAR-194 stance),sha256:1c82c97fa8f9e7a90f906ccafcdad3e791e2ebe5a833050693bf8ca75d8f6fdb,oracle:pass+nop:fail
format-code-task-001635,code,python,strip-future-history@1>purge-build-caches@1>mtime-normalize@1>separate-verifier@2,sha256:a2c6ba2a10bae461b44a8199baf443c86618d3e6d3beaa3fefea90f6271369d0,derived/task-store/variants/mimo-v2.6-rl__format-code-task-001635/a2c6ba2a10ba,none,built,purge-installed-copies@1 skipped: scope is CONFIRMED_PURGE plus already-carried run packages (HAR-194 stance),sha256:d41b0454cff82cc2b15fd722e79fd1ed2d96fd1587cf9939bd0ce9a82005e07c,
format-code-task-001638,code,python,strip-future-history@1>purge-build-caches@1>mtime-normalize@1>separate-verifier@2,sha256:8854a6b88e7b606386bd0981e1fb8a08e025078dabb7c463642571847383903f,derived/task-store/variants/mimo-v2.6-rl__format-code-task-001638/8854a6b88e7b,none,built,purge-installed-copies@1 skipped: scope is CONFIRMED_PURGE plus already-carried run packages (HAR-194 stance),sha256:4c43374f4990a09592a27484b3c707492c7ce0659dc837c14a5d2baa00e79797,
format-code-task-001639,code,python,strip-future-history@1>purge-build-caches@1>mtime-normalize@1>separate-verifier@2,sha256:b560db131bc1652fed44da58618e0bb26073ad1e8e0cfe033510fb29a6f10f11,derived/task-store/variants/mimo-v2.6-rl__format-code-task-001639/b560db131bc1,/Users/petermakhnatch/Developer/eval-lab-results/2026-10-07/HAR-191-oracle-sweep/tasks/format-code-task-001639/oracle/solution-patch.stdout.log,built,purge-installed-copies@1 skipped: scope is CONFIRMED_PURGE plus already-carried run packages (HAR-194 stance),sha256:0a60c168cdc564b82cad458a1e4994c33ae4046bc5f2ec6924a0e90482e30dd1,oracle:pass+nop:fail
format-code-task-001640,code,python,strip-future-history@1>purge-build-caches@1>mtime-normalize@1>separate-verifier@2,sha256:34001b7f01d56fb025b004c49bbe4aa50bc249aca0991a5426b2c67ea9df417a,derived/task-store/variants/mimo-v2.6-rl__format-code-task-001640/34001b7f01d5,none,built,purge-installed-copies@1 skipped: scope is CONFIRMED_PURGE plus already-carried run packages (HAR-194 stance),sha256:d1e19317319e64f3c067cdf611fa3e86bc731326f6fe85f04b8624cfc4b59979,
format-code-task-001641,code,python,strip-future-history@1>purge-build-caches@1>mtime-normalize@1>separate-verifier@2,sha256:428220882e8db2089c5e2214392841fec9072e3205589a4c45c774ae10aad73d,derived/task-store/variants/mimo-v2.6-rl__format-code-task-001641/428220882e8d,/Users/petermakhnatch/Developer/eval-lab-results/2026-10-07/HAR-191-oracle-sweep/tasks/format-code-task-001641/oracle/solution-patch.stdout.log,built,purge-installed-copies@1 skipped: scope is CONFIRMED_PURGE plus already-carried run packages (HAR-194 stance),sha256:33a905208146219ca82d358bfdd8812144dbfb92682cd46ab04e286fead93961,oracle:pass+nop:fail
format-code-task-001642,code,python,strip-future-history@1>purge-build-caches@1>mtime-normalize@1>separate-verifier@2,sha256:f130b34f809a93a3eca06aa718024e6b2ef5db14181ec1baa93a597649043829,derived/task-store/variants/mimo-v2.6-rl__format-code-task-001642/f130b34f809a,none,built,purge-installed-copies@1 skipped: scope is CONFIRMED_PURGE plus already-carried run packages (HAR-194 stance),sha256:cbd94bc1f1dd3b62d470457dc6b9b0a02f9970cb6f57b8423b36a7f41d0f35f6,
format-code-task-001645,code,python,strip-future-history@1>purge-build-caches@1>mtime-normalize@1>separate-verifier@2,sha256:d9f809d0bcdb087afc135b65a6e60e74da493ff5ffa73eefd335bc1326c90f5f,derived/task-store/variants/mimo-v2.6-rl__format-code-task-001645/d9f809d0bcdb,none,built,purge-installed-copies@1 skipped: scope is CONFIRMED_PURGE plus already-carried run packages (HAR-194 stance),sha256:a30e8f4319b1a9792d5741e3485b3fddca2b8106bedc7ed59bd1c9e4a3c880ca,
format-code-task-001647,code,python,strip-future-history@1>purge-build-caches@1>mtime-normalize@1>separate-verifier@2,sha256:ab0d3555c21fcb79d1d3de661f0896c5ccc6c2f2bae6d71222c67f5d1cf4182b,derived/task-store/variants/mimo-v2.6-rl__format-code-task-001647/ab0d3555c21f,none,built,purge-installed-copies@1 skipped: scope is CONFIRMED_PURGE plus already-carried run packages (HAR-194 stance),sha256:e435a9443935f3397561497574b50833f709df41d56f5c0261b90e57fafdd21f,
format-code-task-001648,code,python,strip-future-history@1>purge-build-caches@1>mtime-normalize@1>separate-verifier@2,sha256:6d9936c9ffd1848163dff47aa773d17842a4316f213a1615a57c01bd2db88e32,derived/task-store/variants/mimo-v2.6-rl__format-code-task-001648/6d9936c9ffd1,none,built,purge-installed-copies@1 skipped: scope is CONFIRMED_PURGE plus already-carried run packages (HAR-194 stance),sha256:d840c2ea458c9c837fd3d964780d3b36824927a90f4fbe05c81d22a2279fabbb,
format-code-task-001651,code,python,strip-future-history@1>purge-build-caches@1>mtime-normalize@1>separate-verifier@2,sha256:71becd21d7984bc5d3ab94b053fff28eaded601e99e340814e22905b60bf30a1,derived/task-store/variants/mimo-v2.6-rl__format-code-task-001651/71becd21d798,none,built,purge-installed-copies@1 skipped: scope is CONFIRMED_PURGE plus already-carried run packages (HAR-194 stance),sha256:08364e827b25e194a37a8e0010f0aa7d3ed7b689d1e89a2aaa1d28e5ae3b8341,
format-code-task-001659,code,python,strip-future-history@1>purge-build-caches@1>mtime-normalize@1>separate-verifier@2,sha256:283fef6d80e5ce2dcf69665a506cab7a850393be662b1129ab3da1aeebb291df,derived/task-store/variants/mimo-v2.6-rl__format-code-task-001659/283fef6d80e5,none,built,purge-installed-copies@1 skipped: scope is CONFIRMED_PURGE plus already-carried run packages (HAR-194 stance),sha256:7f34f43680bb2d325ec4c310d78c0d5221ec2931098d1bf0506866271b65a6b7,
format-code-task-001661,code,python,strip-future-history@1>purge-build-caches@1>mtime-normalize@1>separate-verifier@2,sha256:1704cbd96b53f17c55f2d00c1155081dc5b5784848429a4b5f9b0d3742004973,derived/task-store/variants/mimo-v2.6-rl__format-code-task-001661/1704cbd96b53,none,built,purge-installed-copies@1 skipped: scope is CONFIRMED_PURGE plus already-carried run packages (HAR-194 stance),sha256:7281bec0244739c8c679d5ae2252ca13dcfd8d442b5993c4cb1347dbd7a78f7c,
format-code-task-001670,code,python,strip-future-history@1>purge-build-caches@1>mtime-normalize@1>separate-verifier@2,sha256:cbae4d5628b4bfad7882a66c1fbb7562febd7feaba3df8ae2cd66ded10af8852,derived/task-store/variants/mimo-v2.6-rl__format-code-task-001670/cbae4d5628b4,none,built,purge-installed-copies@1 skipped: scope is CONFIRMED_PURGE plus already-carried run packages (HAR-194 stance),sha256:66fac72778e8fe08766c4a9aff6104ed86fcb65e50120428debdbb82e111a4cf,
format-code-task-001671,code,python,strip-future-history@1>purge-build-caches@1>mtime-normalize@1>separate-verifier@2,sha256:17970b93842dc9587f09a23b2104068029e743fc06bdb168a39114dd8e68d1fd,derived/task-store/variants/mimo-v2.6-rl__format-code-task-001671/17970b93842d,/Users/petermakhnatch/Developer/eval-lab-results/2026-10-07/HAR-191-oracle-sweep/tasks/format-code-task-001671/oracle/solution-patch.stdout.log,built,purge-installed-copies@1 skipped: scope is CONFIRMED_PURGE plus already-carried run packages (HAR-194 stance),sha256:d97617097ad95bc4457b8f7fb145fb7da1dc4b0d77b52315d82eb386c75e3d6b,oracle:pass+nop:fail
format-code-task-001683,code,python,strip-future-history@1>purge-build-caches@1>mtime-normalize@1>separate-verifier@2,sha256:0bf5604c27cafced3989993684a74ae6aeb0971c1be3e683be37c5e89c67a88f,derived/task-store/variants/mimo-v2.6-rl__format-code-task-001683/0bf5604c27ca,none,built,purge-installed-copies@1 skipped: scope is CONFIRMED_PURGE plus already-carried run packages (HAR-194 stance),sha256:2cc5b27a3f7abdfb9216d57803b38cdce987fbe430e3841480a07e2b2a291f19,
format-code-task-001686,code,python,strip-future-history@1>purge-build-caches@1>mtime-normalize@1>separate-verifier@2,sha256:a6e40417708fccd4705c54b80cecf417b1f08dff83751f1aa56b6afa76822b65,derived/task-store/variants/mimo-v2.6-rl__format-code-task-001686/a6e40417708f,none,built,purge-installed-copies@1 skipped: scope is CONFIRMED_PURGE plus already-carried run packages (HAR-194 stance),sha256:daef04cea99a7312392a305de2f77a03232d3fb96a43f33f94d3ae073af870ea,
format-code-task-001687,code,python,strip-future-history@1>purge-build-caches@1>mtime-normalize@1>separate-verifier@2,sha256:11a32165f55ffaba4393140f817d65fb1b87d133a892eee2859495acbdfbfc37,derived/task-store/variants/mimo-v2.6-rl__format-code-task-001687/11a32165f55f,none,built,purge-installed-copies@1 skipped: scope is CONFIRMED_PURGE plus already-carried run packages (HAR-194 stance),sha256:f92e4737dcbf444d0c8c493552fa9dc4d65951ef6a272b43a2b9ef667cbbb153,
format-code-task-001688,code,python,strip-future-history@1>purge-build-caches@1>mtime-normalize@1>separate-verifier@2,sha256:525d628b50a74a2df28ea3ba79670c415dac747f75ab2b161df3fab8d474ca94,derived/task-store/variants/mimo-v2.6-rl__format-code-task-001688/525d628b50a7,none,built,purge-installed-copies@1 skipped: scope is CONFIRMED_PURGE plus already-carried run packages (HAR-194 stance),sha256:26a6733a0587f76ab4e637ce6eceeaf2308737276081d797a3cf08b51fe57af3,
format-code-task-001689,code,python,strip-future-history@1>purge-build-caches@1>mtime-normalize@1>separate-verifier@2,sha256:aa2887ce6af1af98a8c3ca66e18027c27258bd9d5b6fce46303310c1fb79861c,derived/task-store/variants/mimo-v2.6-rl__format-code-task-001689/aa2887ce6af1,none,built,purge-installed-copies@1 skipped: scope is CONFIRMED_PURGE plus already-carried run packages (HAR-194 stance),sha256:06360b56a909d4a75bfa65d2388285bba632faaa509c2bcc87c77238174717d6,
format-code-task-001690,code,python,strip-future-history@1>purge-build-caches@1>mtime-normalize@1>separate-verifier@2,sha256:75110da062643d85ce8ab1865be58bf22bed918b7de24c711e2c915b634a7785,derived/task-store/variants/mimo-v2.6-rl__format-code-task-001690/75110da06264,none,built,purge-installed-copies@1 skipped: scope is CONFIRMED_PURGE plus already-carried run packages (HAR-194 stance),sha256:dfe87e4784812b7b529293a00b39abd22fa50e6b1759659b8a2fb59bb5edd70e,
format-code-task-001691,code,python,strip-future-history@1>purge-build-caches@1>mtime-normalize@1>separate-verifier@2,sha256:8558a149309063af42f7c3639efb1a0528d72756a5c8533f73a79ff66d73b844,derived/task-store/variants/mimo-v2.6-rl__format-code-task-001691/8558a1493090,none,built,purge-installed-copies@1 skipped: scope is CONFIRMED_PURGE plus already-carried run packages (HAR-194 stance),sha256:5044b111041eed525c80062356925400fbc588240f3e30cf0f09907660ae99df,
format-code-task-001692,code,python,strip-future-history@1>purge-build-caches@1>mtime-normalize@1>separate-verifier@2,sha256:f41fbc4a711531485f72e11c876e832edb14e626c53a4e03203fe1e4e9602b4a,derived/task-store/variants/mimo-v2.6-rl__format-code-task-001692/f41fbc4a7115,none,built,purge-installed-copies@1 skipped: scope is CONFIRMED_PURGE plus already-carried run packages (HAR-194 stance),sha256:90a908703770cfaceeb7fcfc5cf4dd01919808982bab4350b3eafdae6d325086,
format-code-task-001695,code,python,strip-future-history@1>purge-build-caches@1>mtime-normalize@1>separate-verifier@2,sha256:05e0599532dd9a193410ae5d1b5d8909a1bcfa5fd5638f253d6e934f2220a2d0,derived/task-store/variants/mimo-v2.6-rl__format-code-task-001695/05e0599532dd,none,built,purge-installed-copies@1 skipped: scope is CONFIRMED_PURGE plus already-carried run packages (HAR-194 stance),sha256:ed03a438c0160c4def6b3a6d07149117338119513af678d93cd402027c305057,
format-code-task-001708,code,python,strip-future-history@1>purge-build-caches@1>mtime-normalize@1>separate-verifier@2,sha256:d65c97adad4cd81267634d8112c7ecc35542d0a7642408a322b649f11c403940,derived/task-store/variants/mimo-v2.6-rl__format-code-task-001708/d65c97adad4c,none,built,purge-installed-copies@1 skipped: scope is CONFIRMED_PURGE plus already-carried run packages (HAR-194 stance),sha256:fc089eccc53f302c9b0a3b912d39f2cee909fe4f87bc94ad58d8888007f6b4ba,
format-code-task-001709,code,python,strip-future-history@1>purge-build-caches@1>mtime-normalize@1>separate-verifier@2,sha256:7e0249e73ac1aeb14385fb36d1da36fd44a908c92fae4a8da555f52b78ce04fe,derived/task-store/variants/mimo-v2.6-rl__format-code-task-001709/7e0249e73ac1,none,built,purge-installed-copies@1 skipped: scope is CONFIRMED_PURGE plus already-carried run packages (HAR-194 stance),sha256:aadb81880ccee4eafc8ae8112f225d652c287c6b07784eb059321a5ca9bcad50,
format-code-task-001710,code,python,strip-future-history@1>purge-build-caches@1>mtime-normalize@1>separate-verifier@2,sha256:bbed53e36247932482b8907c8482f8e648bde541e1e24a733243120294f9c477,derived/task-store/variants/mimo-v2.6-rl__format-code-task-001710/bbed53e36247,none,built,purge-installed-copies@1 skipped: scope is CONFIRMED_PURGE plus already-carried run packages (HAR-194 stance),sha256:361303219639ff24b77317f1a21fa72999bd13e1e2013ba18024e9e16c2e3d91,
format-code-task-001711,code,python,strip-future-history@1>purge-build-caches@1>mtime-normalize@1>separate-verifier@2,sha256:5c3410b1a28b616fa199971575cdd8f28134c69c1e3351980d48806f13685e90,derived/task-store/variants/mimo-v2.6-rl__format-code-task-001711/5c3410b1a28b,none,built,purge-installed-copies@1 skipped: scope is CONFIRMED_PURGE plus already-carried run packages (HAR-194 stance),sha256:9c45de55d392356458ea275648ea52913fac300c074cae0fd2186ec269e78d50,
format-code-task-001750,code,python,strip-future-history@1>purge-build-caches@1>mtime-normalize@1>separate-verifier@2,sha256:0ab19c3e7cd7e183869c7dbf47ef02e34df24b3b958033685ba58d1f5104a1d8,derived/task-store/variants/mimo-v2.6-rl__format-code-task-001750/0ab19c3e7cd7,/Users/petermakhnatch/Developer/eval-lab-results/2026-10-07/HAR-191-oracle-sweep/tasks/format-code-task-001750/oracle/solution-patch.stdout.log,built,purge-installed-copies@1 skipped: scope is CONFIRMED_PURGE plus already-carried run packages (HAR-194 stance),sha256:c756eb4a3b5d82982ad46360f07ede85eb13049b40e2d2ce3741d996e42818fc,oracle:pass+nop:fail
format-code-task-001752,code,python,strip-future-history@1>purge-build-caches@1>mtime-normalize@1>separate-verifier@2,sha256:fe4de063bf729053cd539903511a702bb79d2e7b3455dded73fd74849e729e80,derived/task-store/variants/mimo-v2.6-rl__format-code-task-001752/fe4de063bf72,none,built,purge-installed-copies@1 skipped: scope is CONFIRMED_PURGE plus already-carried run packages (HAR-194 stance),sha256:1d3172814dcbf1e234b7e01a8a862603547d6c8f54a6293cf392f60cb455cce0,
format-code-task-001760,code,python,strip-future-history@1>purge-build-caches@1>mtime-normalize@1>separate-verifier@2,sha256:7be00f34df53539db99f391fe5deaaf5601954fdbd2feae4cd97c0a78a5aabe9,derived/task-store/variants/mimo-v2.6-rl__format-code-task-001760/7be00f34df53,/Users/petermakhnatch/Developer/eval-lab-results/2026-10-07/HAR-191-oracle-sweep/tasks/format-code-task-001760/oracle/solution-patch.stdout.log,built,purge-installed-copies@1 skipped: scope is CONFIRMED_PURGE plus already-carried run packages (HAR-194 stance),sha256:554c82932e0dab405da03ab6b9bfead1cf67cd5a3c4cdb2abaf499e1927af9d5,oracle:pass+nop:fail
format-code-task-001762,code,python,strip-future-history@1>purge-build-caches@1>mtime-normalize@1>separate-verifier@2,sha256:93e155eb5ef12ce86be3d4c0eae1f6348cdc7837894e535e4360ccd61b1c526e,derived/task-store/variants/mimo-v2.6-rl__format-code-task-001762/93e155eb5ef1,/Users/petermakhnatch/Developer/eval-lab-results/2026-10-07/HAR-191-oracle-sweep/tasks/format-code-task-001762/oracle/solution-patch.stdout.log,built,purge-installed-copies@1 skipped: scope is CONFIRMED_PURGE plus already-carried run packages (HAR-194 stance),sha256:88923b884898a290eff58e8c0307b9f04a8464741efe1bef9881fdd0a8dd4dd8,oracle:pass+nop:fail
format-code-task-001765,code,python,strip-future-history@1>purge-build-caches@1>mtime-normalize@1>separate-verifier@2,sha256:25e2ea4c8d41ceca13d00b1d8016826ba025d9abadecd17554ae2684d04a45c6,derived/task-store/variants/mimo-v2.6-rl__format-code-task-001765/25e2ea4c8d41,none,built,purge-installed-copies@1 skipped: scope is CONFIRMED_PURGE plus already-carried run packages (HAR-194 stance),sha256:41f2e7efe2c0eefdecbe40e32840b1efcae84936745a234f7b6a9a9c587b05b1,
format-code-task-001768,code,python,strip-future-history@1>purge-build-caches@1>mtime-normalize@1>separate-verifier@2,sha256:f07e7559b5c7863773f1d24c7e112b5197878f1aa54630f8f839facb57fc6c07,derived/task-store/variants/mimo-v2.6-rl__format-code-task-001768/f07e7559b5c7,none,built,purge-installed-copies@1 skipped: scope is CONFIRMED_PURGE plus already-carried run packages (HAR-194 stance),sha256:5c3788536f3221c869eea3911d2e6adab55aaab9baa70313c8a6c91a4e8e973e,
format-code-task-001769,code,python,strip-future-history@1>purge-build-caches@1>mtime-normalize@1>separate-verifier@2,sha256:d680d30aa5bc8bb31658a676315f3cde7761c388a3d7af85753e28e9a348ceef,derived/task-store/variants/mimo-v2.6-rl__format-code-task-001769/d680d30aa5bc,none,built,purge-installed-copies@1 skipped: scope is CONFIRMED_PURGE plus already-carried run packages (HAR-194 stance),sha256:d0d90c10d01d4b1c8093790349a71f748e5d226274bc42385ab721d249b7c619,
format-code-task-001770,code,python,strip-future-history@1>purge-build-caches@1>mtime-normalize@1>separate-verifier@2,sha256:109466d09abcb7d41b1fd4e3d59299e6c7d75364185b07875814a198afcd9601,derived/task-store/variants/mimo-v2.6-rl__format-code-task-001770/109466d09abc,none,built,purge-installed-copies@1 skipped: scope is CONFIRMED_PURGE plus already-carried run packages (HAR-194 stance),sha256:27294bf82b622102ad074055060e7b80a271e48c9cdc39e2d3385dbf99e0e2d9,
format-code-task-001771,code,python,strip-future-history@1>purge-build-caches@1>mtime-normalize@1>separate-verifier@2,sha256:ef48877f53415cfdb946d42ab099263735e948e400f38b329996f81e735e1077,derived/task-store/variants/mimo-v2.6-rl__format-code-task-001771/ef48877f5341,none,built,purge-installed-copies@1 skipped: scope is CONFIRMED_PURGE plus already-carried run packages (HAR-194 stance),sha256:54e9a791ff020e3d354e7af633b5fb3761eebf908ad6b5fa0d8042c20308f896,
format-code-task-001779,code,python,strip-future-history@1>purge-build-caches@1>mtime-normalize@1>separate-verifier@2,sha256:e2056651dd59f68870c833200408ce57ab646e5375bbc44f17e98814df583bd8,derived/task-store/variants/mimo-v2.6-rl__format-code-task-001779/e2056651dd59,none,built,purge-installed-copies@1 skipped: scope is CONFIRMED_PURGE plus already-carried run packages (HAR-194 stance),sha256:90033c96aae85794a6d160bf6f32daf7b60f19fdbf5c3649a301a252f3416b23,
format-code-task-001783,code,python,strip-future-history@1>purge-build-caches@1>mtime-normalize@1>separate-verifier@2,sha256:dfa7aad33484c8499c4f950fd589494b1c71cd46784f2e2db5dd7a8ab2f8b3c8,derived/task-store/variants/mimo-v2.6-rl__format-code-task-001783/dfa7aad33484,none,built,purge-installed-copies@1 skipped: scope is CONFIRMED_PURGE plus already-carried run packages (HAR-194 stance),sha256:d4b2a54755ef9fb9ce06a1d13699e657aaae9e6649b9ce03f1e2d54a0c34f13d,
format-code-task-001790,code,python,strip-future-history@1>purge-build-caches@1>mtime-normalize@1>separate-verifier@2,sha256:3e0e68de43a6bd1556de1e33f8b06cc6bfdf9b2a980a0182f7dc72c3c890c13c,derived/task-store/variants/mimo-v2.6-rl__format-code-task-001790/3e0e68de43a6,none,built,purge-installed-copies@1 skipped: scope is CONFIRMED_PURGE plus already-carried run packages (HAR-194 stance),sha256:94c11887e01a9c3028904f02a63e5532720b094954ac797e093c6ca1533e90ca,
format-code-task-001793,code,python,strip-future-history@1>purge-build-caches@1>mtime-normalize@1>separate-verifier@2,sha256:a015dfec369a4e5fb14df131c6e0eb50debea4226e8e797fe9697ec2736633f7,derived/task-store/variants/mimo-v2.6-rl__format-code-task-001793/a015dfec369a,/Users/petermakhnatch/Developer/eval-lab-results/2026-10-07/HAR-191-oracle-sweep/tasks/format-code-task-001793/oracle/solution-patch.stdout.log,built,purge-installed-copies@1 skipped: scope is CONFIRMED_PURGE plus already-carried run packages (HAR-194 stance),sha256:655856e8cede35ca958e02ccd9c6c0047c8de6624703c331cd61855f575b7dd1,oracle:pass+nop:fail
format-code-task-001797,code,python,strip-future-history@1>purge-build-caches@1>mtime-normalize@1>separate-verifier@2,sha256:bef51b77c637af2c2a2088176f7129dd4043ddbd99fbd593d05e8946f3837563,derived/task-store/variants/mimo-v2.6-rl__format-code-task-001797/bef51b77c637,none,built,purge-installed-copies@1 skipped: scope is CONFIRMED_PURGE plus already-carried run packages (HAR-194 stance),sha256:702534249ae675b7d431a8a25ec535d8e1e565d93a2e486010ebb6351acbdbe9,
format-code-task-001801,code,python,strip-future-history@1>purge-build-caches@1>mtime-normalize@1>separate-verifier@2,sha256:e8e56e2533ca6395e20efe7e623746266bdecbc40d52381698e97c14e36f714b,derived/task-store/variants/mimo-v2.6-rl__format-code-task-001801/e8e56e2533ca,none,built,purge-installed-copies@1 skipped: scope is CONFIRMED_PURGE plus already-carried run packages (HAR-194 stance),sha256:32fa9accc5e2eb23e8560e4134c377abceafc66dd284cb46ebcdf6922d3b3901,
format-code-task-001803,code,python,strip-future-history@1>purge-build-caches@1>mtime-normalize@1>separate-verifier@2,sha256:73e13ae3ba771ac884807d3cddad20f15b349e8950b2e8e4fd8cbb1d55760ff3,derived/task-store/variants/mimo-v2.6-rl__format-code-task-001803/73e13ae3ba77,none,built,purge-installed-copies@1 skipped: scope is CONFIRMED_PURGE plus already-carried run packages (HAR-194 stance),sha256:fd1138c1956148c21ff6e043a8969974fb02d8652fad36d43b3e3d77fe6ff8f9,
format-code-task-001804,code,python,strip-future-history@1>purge-build-caches@1>mtime-normalize@1>separate-verifier@2,sha256:3d4024224f8a7cf25af76b5bde4bf5a32d8634d5b137e0f58f4a7325b1a51dc7,derived/task-store/variants/mimo-v2.6-rl__format-code-task-001804/3d4024224f8a,/Users/petermakhnatch/Developer/eval-lab-results/2026-10-07/HAR-191-oracle-sweep/tasks/format-code-task-001804/oracle/solution-patch.stdout.log,built,purge-installed-copies@1 skipped: scope is CONFIRMED_PURGE plus already-carried run packages (HAR-194 stance),sha256:2d8aea21ec77204cf68be2658e096fdccfafe40e44d622d2bad216ed5e3ade22,oracle:pass+nop:fail
format-code-task-001809,code,python,strip-future-history@1>purge-build-caches@1>mtime-normalize@1>separate-verifier@2,sha256:8255bc618fbff5977b57c49dd48871ab6f2351cd954cf473add2b06c70f02a13,derived/task-store/variants/mimo-v2.6-rl__format-code-task-001809/8255bc618fbf,/Users/petermakhnatch/Developer/eval-lab-results/2026-10-07/HAR-191-oracle-sweep/tasks/format-code-task-001809/oracle/solution-patch.stdout.log,built,purge-installed-copies@1 skipped: scope is CONFIRMED_PURGE plus already-carried run packages (HAR-194 stance),sha256:5621a1f3d0de1428c222738d7a793c224e47b41abd5b1fa5d9b0e10631aa7cc0,oracle:pass+nop:fail
format-code-task-001810,code,python,strip-future-history@1>purge-build-caches@1>mtime-normalize@1>separate-verifier@2,sha256:b305dd0b39d7ddf39d2d28d73cf766e8e2f838735e688321fd21dc17ae2e9f25,derived/task-store/variants/mimo-v2.6-rl__format-code-task-001810/b305dd0b39d7,none,built,purge-installed-copies@1 skipped: scope is CONFIRMED_PURGE plus already-carried run packages (HAR-194 stance),sha256:7a332b6fd7e334327f1a7ee58c0fbdaf39c5b641920689bdfbc01906d7da917d,
format-code-task-001811,code,python,strip-future-history@1>purge-build-caches@1>mtime-normalize@1>separate-verifier@2,sha256:aee4912d484cc66fb50f4a653c29b7519cf7a9b86a7e35647c81aedfe3663013,derived/task-store/variants/mimo-v2.6-rl__format-code-task-001811/aee4912d484c,/Users/petermakhnatch/Developer/eval-lab-results/2026-10-07/HAR-191-oracle-sweep/tasks/format-code-task-001811/oracle/solution-patch.stdout.log,built,purge-installed-copies@1 skipped: scope is CONFIRMED_PURGE plus already-carried run packages (HAR-194 stance),sha256:2160c8920ac5e0713921607e7f5e63cff42946e5f1fb3b9a65357bb6637ca8d2,oracle:pass+nop:fail
format-code-task-001813,code,python,strip-future-history@1>purge-build-caches@1>mtime-normalize@1>separate-verifier@2,sha256:911458f083a807d835c91ca5e23a601982f585f8c29cba42928c59dc1f9add27,derived/task-store/variants/mimo-v2.6-rl__format-code-task-001813/911458f083a8,none,built,purge-installed-copies@1 skipped: scope is CONFIRMED_PURGE plus already-carried run packages (HAR-194 stance),sha256:743653a7c3278cd2e3dc50ccbe4f58eca12422d231848a1ec8fca3f3aed7e3da,
format-code-task-001818,code,python,strip-future-history@1>purge-build-caches@1>mtime-normalize@1>separate-verifier@2,sha256:4e21afd186d446e5c247dcf3cafcb2b2258b1c8d75e5980f9e936c68a428c9a5,derived/task-store/variants/mimo-v2.6-rl__format-code-task-001818/4e21afd186d4,none,built,purge-installed-copies@1 skipped: scope is CONFIRMED_PURGE plus already-carried run packages (HAR-194 stance),sha256:366a3f9e289dfd232b8d8c84050d44553184804a378431af71ccc2d32087fec5,
format-code-task-001820,code,python,strip-future-history@1>purge-build-caches@1>mtime-normalize@1>separate-verifier@2,sha256:99dedb5a178915ee22317f26de97098dd278f599e8db54b15d7e66c5103d9952,derived/task-store/variants/mimo-v2.6-rl__format-code-task-001820/99dedb5a1789,none,built,purge-installed-copies@1 skipped: scope is CONFIRMED_PURGE plus already-carried run packages (HAR-194 stance),sha256:9a30a95b991fde76334eedc14816708143f5285efc8f520cd7daeb4ba35a2341,
format-code-task-001824,code,python,strip-future-history@1>purge-build-caches@1>mtime-normalize@1>separate-verifier@2,sha256:e2234059e4fb662f1fe6d6952efa2a7dd958bd8a6eef781c044fac5575e8b231,derived/task-store/variants/mimo-v2.6-rl__format-code-task-001824/e2234059e4fb,/Users/petermakhnatch/Developer/eval-lab-results/2026-10-07/HAR-191-oracle-sweep/tasks/format-code-task-001824/oracle/solution-patch.stdout.log,built,purge-installed-copies@1 skipped: scope is CONFIRMED_PURGE plus already-carried run packages (HAR-194 stance),sha256:2844d5fa284fc49ba6af8d3518dcff82d6e4d0a482d7df9480f721d0afa00549,oracle:pass+nop:fail
format-code-task-001825,code,python,strip-future-history@1>purge-build-caches@1>mtime-normalize@1>separate-verifier@2,sha256:b7cb8f36eac879da91b87392c8a74b564b1ac19accd76b36f50ba0ae518265b4,derived/task-store/variants/mimo-v2.6-rl__format-code-task-001825/b7cb8f36eac8,none,built,purge-installed-copies@1 skipped: scope is CONFIRMED_PURGE plus already-carried run packages (HAR-194 stance),sha256:509537eb7d5f61f62b7ee49b5d7b1db433df141036a2c6a62af39f4a6852ca2d,
format-code-task-001827,code,python,strip-future-history@1>purge-build-caches@1>mtime-normalize@1>separate-verifier@2,sha256:a82b7337945fc0c8f3cfb06d146e9273cb2bb764c9ddc93de22710d495a18b41,derived/task-store/variants/mimo-v2.6-rl__format-code-task-001827/a82b7337945f,none,built,purge-installed-copies@1 skipped: scope is CONFIRMED_PURGE plus already-carried run packages (HAR-194 stance),sha256:f80da6aace9f06da5b0394687b8005cb376c2f6eec913a59d2ee89a7e6e86724,
format-code-task-001831,code,python,strip-future-history@1>purge-build-caches@1>mtime-normalize@1>separate-verifier@2,sha256:02bbc091366fcf81160e9a7f84aee4e9d9f33bc409c2237966b4717d9cff74c7,derived/task-store/variants/mimo-v2.6-rl__format-code-task-001831/02bbc091366f,/Users/petermakhnatch/Developer/eval-lab-results/2026-10-07/HAR-191-oracle-sweep/tasks/format-code-task-001831/oracle/solution-patch.stdout.log,built,purge-installed-copies@1 skipped: scope is CONFIRMED_PURGE plus already-carried run packages (HAR-194 stance),sha256:113693c9bbf14d3c1215ce28a8b767c748f589f111aee018c9b473b3720d4fed,oracle:pass+nop:fail
format-code-task-001832,code,python,strip-future-history@1>purge-build-caches@1>mtime-normalize@1>separate-verifier@2,sha256:7f400dc7edaa9fce51343b0387183f7bc877ea308031e5cea5ed69bebf896f14,derived/task-store/variants/mimo-v2.6-rl__format-code-task-001832/7f400dc7edaa,none,built,purge-installed-copies@1 skipped: scope is CONFIRMED_PURGE plus already-carried run packages (HAR-194 stance),sha256:7a03868fea89dc4b079d9c3be7f0fe3d3e2ad988d95cab521cc1f7a92d832a1b,
format-code-task-001833,code,python,strip-future-history@1>purge-build-caches@1>mtime-normalize@1>separate-verifier@2,sha256:a267d2e843ef4c2eaddabf78904c48776e915bb9711128a17c731fd2555ad625,derived/task-store/variants/mimo-v2.6-rl__format-code-task-001833/a267d2e843ef,none,built,purge-installed-copies@1 skipped: scope is CONFIRMED_PURGE plus already-carried run packages (HAR-194 stance),sha256:bfc2dece06735ef317905f43ceab80ff62902ae2c2738f3d6a5ce92798653a58,
format-code-task-001834,code,python,,,,none,skipped,"ledger verdict=discard status=discarded: broken environment, no known repair: ImportError while loading conftest '/testbed/python/tests/conftest.py'.",sha256:9ead8132cc952d78b4b7d1bffc7eb1894d0d0fb1b5f8e91b33e09dde6bc06355,
format-code-task-001835,code,python,strip-future-history@1>purge-build-caches@1>mtime-normalize@1>separate-verifier@2,sha256:6b9b8cb58f39b1035eb70acb127b5e0d99adae565c340604ae6bfc6cc767d24f,derived/task-store/variants/mimo-v2.6-rl__format-code-task-001835/6b9b8cb58f39,/Users/petermakhnatch/Developer/eval-lab-results/2026-10-07/HAR-191-oracle-sweep/tasks/format-code-task-001835/oracle/solution-patch.stdout.log,built,purge-installed-copies@1 skipped: scope is CONFIRMED_PURGE plus already-carried run packages (HAR-194 stance),sha256:b6860b69425431dfd7ceeff6bb66212b4385cf805587a7d57b9f67a108a26d05,oracle:pass+nop:fail
format-code-task-001836,code,python,strip-future-history@1>purge-build-caches@1>mtime-normalize@1>separate-verifier@2,sha256:a0880a40920bd79441803c16bad8edbe887a0b44ef23850c2a9d6921868da29b,derived/task-store/variants/mimo-v2.6-rl__format-code-task-001836/a0880a40920b,none,built,purge-installed-copies@1 skipped: scope is CONFIRMED_PURGE plus already-carried run packages (HAR-194 stance),sha256:f2f345306cbd9548e00413f95325d509f749a9fe6e396dc035ade673d2935d2d,
format-code-task-001837,code,python,strip-future-history@1>purge-build-caches@1>mtime-normalize@1>separate-verifier@2,sha256:f54b42021f9d42a9473c61a9e45ac7e0ac163b16670820d1b8eddd5c0eb7d853,derived/task-store/variants/mimo-v2.6-rl__format-code-task-001837/f54b42021f9d,none,built,purge-installed-copies@1 skipped: scope is CONFIRMED_PURGE plus already-carried run packages (HAR-194 stance),sha256:2bdcc95f29d89342a07a702865758f8d72a7b1b96c733f6a8b67d1154077dfd2,
format-code-task-001840,code,python,strip-future-history@1>purge-build-caches@1>mtime-normalize@1>separate-verifier@2,sha256:e87f8dda5407a1d44b54fc440f777ae17d18fac57e2b4c88f1bde67b0d364f74,derived/task-store/variants/mimo-v2.6-rl__format-code-task-001840/e87f8dda5407,none,built,purge-installed-copies@1 skipped: scope is CONFIRMED_PURGE plus already-carried run packages (HAR-194 stance),sha256:4780846c2c9bfe58956efe05830b20683e95dafcd9d5c6f84dc668b9fd1ddd7b,
format-code-task-001841,code,python,strip-future-history@1>purge-build-caches@1>mtime-normalize@1>separate-verifier@2,sha256:649c8a3de1eb744de2f3e7cf4134c98d69dd29f2360a0173458861b4841b0a6f,derived/task-store/variants/mimo-v2.6-rl__format-code-task-001841/649c8a3de1eb,none,built,purge-installed-copies@1 skipped: scope is CONFIRMED_PURGE plus already-carried run packages (HAR-194 stance),sha256:232fd0d844979cc56edd595ccce3ddfd4fda03abd4457a0f727eb8a5a607088e,
format-code-task-001845,code,python,strip-future-history@1>purge-build-caches@1>mtime-normalize@1>separate-verifier@2,sha256:2f8e960af99d6fd90b51a5749687db7d1aac98f5683c38fbc64c411d7a0eeddd,derived/task-store/variants/mimo-v2.6-rl__format-code-task-001845/2f8e960af99d,none,built,purge-installed-copies@1 skipped: scope is CONFIRMED_PURGE plus already-carried run packages (HAR-194 stance),sha256:46f5bbc177c74af4d2364708f180bf543036eeef99e23c943451ee9191b8269e,
format-code-task-001850,code,python,strip-future-history@1>purge-build-caches@1>mtime-normalize@1>separate-verifier@2,sha256:b4f886d37719e07001a632eb6329ebf13b18de002ceb7ac2b03dc83a0662ba5a,derived/task-store/variants/mimo-v2.6-rl__format-code-task-001850/b4f886d37719,none,built,purge-installed-copies@1 skipped: scope is CONFIRMED_PURGE plus already-carried run packages (HAR-194 stance),sha256:5be1b852ba5e57f339200fec84121e019c4d5c9b5073f83f580d7cd58f0fe41f,
format-code-task-001853,code,python,,,,none,skipped,"ledger verdict=discard status=discarded: broken environment, no known repair: ______________ ERROR collecting tests/_utils/test_file_watcher.py ______________",sha256:957fa165c4f35351f368afdccc8ee9b50183deae448269e229e77aab43030048,
format-code-task-001859,code,python,strip-future-history@1>purge-build-caches@1>mtime-normalize@1>separate-verifier@2,sha256:a4291a17be45a027f5581c4151481726af0828ee1f416d1d20d8b3102d6a3102,derived/task-store/variants/mimo-v2.6-rl__format-code-task-001859/a4291a17be45,none,built,purge-installed-copies@1 skipped: scope is CONFIRMED_PURGE plus already-carried run packages (HAR-194 stance),sha256:990db453eb1a5dee025f80082d385a54ddcb2fedc3a06da6c7723dac0f2a5f2d,
format-code-task-001860,code,python,strip-future-history@1>purge-build-caches@1>mtime-normalize@1>separate-verifier@2,sha256:36b93403dd88cb4061e5fa65d40b23f89087a8231462c43a384d940445665143,derived/task-store/variants/mimo-v2.6-rl__format-code-task-001860/36b93403dd88,none,built,purge-installed-copies@1 skipped: scope is CONFIRMED_PURGE plus already-carried run packages (HAR-194 stance),sha256:ed2c854fe74d39e78e9833a4e99d22413b1e2c8d5b9c5fc9372a36bd0eb869e0,
format-code-task-001861,code,python,strip-future-history@1>purge-build-caches@1>mtime-normalize@1>separate-verifier@2,sha256:f8a7a185722f5d300bf79d1d1b5b60b08ad7b2bb08421b8afa97e2a2041eec35,derived/task-store/variants/mimo-v2.6-rl__format-code-task-001861/f8a7a185722f,none,built,purge-installed-copies@1 skipped: scope is CONFIRMED_PURGE plus already-carried run packages (HAR-194 stance),sha256:75bf912adfe9a6855d6a2334d03f5222b41803d0d94b2c334758608afe1c6f2c,
format-code-task-001862,code,python,strip-future-history@1>purge-build-caches@1>mtime-normalize@1>separate-verifier@2,sha256:4721db11d13815713344b86dde50cc9fd33cef827ae991711094a09aff23c348,derived/task-store/variants/mimo-v2.6-rl__format-code-task-001862/4721db11d138,none,built,purge-installed-copies@1 skipped: scope is CONFIRMED_PURGE plus already-carried run packages (HAR-194 stance),sha256:0b9de53dfbe7c5eac03c34c40a16c9e7443d8997deeb77405ae3699d40bc2def,
format-code-task-001863,code,python,strip-future-history@1>purge-build-caches@1>mtime-normalize@1>separate-verifier@2,sha256:35fae3b80dbbfb04d8ecff2b662c11cdfbc17606d2f60364766e01db461a53b0,derived/task-store/variants/mimo-v2.6-rl__format-code-task-001863/35fae3b80dbb,none,built,purge-installed-copies@1 skipped: scope is CONFIRMED_PURGE plus already-carried run packages (HAR-194 stance),sha256:3cdb748656d9b5f587c1d34f95bd0a553f79f7c5cd4a7b029ed7a11a0b927b25,
format-code-task-001865,code,python,strip-future-history@1>purge-build-caches@1>mtime-normalize@1>separate-verifier@2,sha256:c2446a964abcc57c193aeb785686eeb659ad4f936124fb827e6c76b41ed98f14,derived/task-store/variants/mimo-v2.6-rl__format-code-task-001865/c2446a964abc,none,built,purge-installed-copies@1 skipped: scope is CONFIRMED_PURGE plus already-carried run packages (HAR-194 stance),sha256:dff2af0db18adf05280cc95fd2df8a3c3eb89b29cb8994404a06bf2f663942b3,
format-code-task-001868,code,python,strip-future-history@1>purge-build-caches@1>mtime-normalize@1>separate-verifier@2,sha256:8bfdc94c139a7d8706216652ce2332c69394a90366bfb67ef8ca25e9533aaf3b,derived/task-store/variants/mimo-v2.6-rl__format-code-task-001868/8bfdc94c139a,none,built,purge-installed-copies@1 skipped: scope is CONFIRMED_PURGE plus already-carried run packages (HAR-194 stance),sha256:fdb3a93bd188511dea15f100288309f8bef6bc68dd925bbabf63d44223ac5eee,
format-code-task-001870,code,python,strip-future-history@1>purge-build-caches@1>mtime-normalize@1>separate-verifier@2,sha256:1af34f0191644ce31ff3d8e9325cf4a64276989aa40b2bbfbf3d93407cd4c2f1,derived/task-store/variants/mimo-v2.6-rl__format-code-task-001870/1af34f019164,/Users/petermakhnatch/Developer/eval-lab-results/2026-10-07/HAR-191-oracle-sweep/tasks/format-code-task-001870/oracle/solution-patch.stdout.log,built,purge-installed-copies@1 skipped: scope is CONFIRMED_PURGE plus already-carried run packages (HAR-194 stance),sha256:be5cf80bcb8ff71e8f6212c7929e9a849b1aff95641fb115b92f1d1ce1d7f197,oracle:pass+nop:fail
format-code-task-001872,code,python,strip-future-history@1>purge-build-caches@1>mtime-normalize@1>separate-verifier@2,sha256:16bd503ea61e43e295a10ea497c48b5e5f8f052d908100e22fff546106078df5,derived/task-store/variants/mimo-v2.6-rl__format-code-task-001872/16bd503ea61e,none,built,purge-installed-copies@1 skipped: scope is CONFIRMED_PURGE plus already-carried run packages (HAR-194 stance),sha256:635e0947286b11b71960d17a1acc9b05e224a23ab0c8c977ccc116340b975800,
format-code-task-001876,code,python,strip-future-history@1>purge-build-caches@1>mtime-normalize@1>separate-verifier@2,sha256:a8b4005e4c525f9c8e72867b24ba8b01d85dbfd97611326fb6e662208384dc73,derived/task-store/variants/mimo-v2.6-rl__format-code-task-001876/a8b4005e4c52,none,built,purge-installed-copies@1 skipped: scope is CONFIRMED_PURGE plus already-carried run packages (HAR-194 stance),sha256:13004bc474318f88ff998f23e8c13984aaa8a64c5836862a3b8e53022878cc60,
format-code-task-001878,code,python,strip-future-history@1>purge-build-caches@1>mtime-normalize@1>separate-verifier@2,sha256:5217a62629f5f89f0f96f88be48f465fd2b5cb61855012bbe220a66ce14d2537,derived/task-store/variants/mimo-v2.6-rl__format-code-task-001878/5217a62629f5,none,built,purge-installed-copies@1 skipped: scope is CONFIRMED_PURGE plus already-carried run packages (HAR-194 stance),sha256:3f25056d88747da924834418d72204560fa3a5d9a6dcae58d01352a541400254,
format-code-task-001880,code,python,strip-future-history@1>purge-build-caches@1>mtime-normalize@1>separate-verifier@2,sha256:e7d0efbb12c11bef7528ad5ec13444ede883d22c11ee109e3992eca60f891ed7,derived/task-store/variants/mimo-v2.6-rl__format-code-task-001880/e7d0efbb12c1,none,built,purge-installed-copies@1 skipped: scope is CONFIRMED_PURGE plus already-carried run packages (HAR-194 stance),sha256:1305ad301aeb9cb674f516ae2807e5a837cdcba51240ad9a7efab7b2a7b9680a,
format-code-task-001884,code,python,strip-future-history@1>purge-build-caches@1>mtime-normalize@1>separate-verifier@2,sha256:642647a4f844e9b74ce8da315036b6f4ae4caac3e1c4ca3f6789e9ef5eee9e75,derived/task-store/variants/mimo-v2.6-rl__format-code-task-001884/642647a4f844,none,built,purge-installed-copies@1 skipped: scope is CONFIRMED_PURGE plus already-carried run packages (HAR-194 stance),sha256:9e9b759b2ee3d0156afd100a622ccde2d091e6667a33372b449ed7fd536b1b34,
format-code-task-001886,code,python,strip-future-history@1>purge-build-caches@1>mtime-normalize@1>separate-verifier@2,sha256:f2ad994cca685bee6f9d6774b2ef16b3fa8a0b23dbb29583654fe4881531d2be,derived/task-store/variants/mimo-v2.6-rl__format-code-task-001886/f2ad994cca68,/Users/petermakhnatch/Developer/eval-lab-results/2026-10-07/HAR-191-oracle-sweep/tasks/format-code-task-001886/oracle/solution-patch.stdout.log,built,purge-installed-copies@1 skipped: scope is CONFIRMED_PURGE plus already-carried run packages (HAR-194 stance),sha256:a1fad9f820450cb2de386b844d29236fb729c9a19dd448a5a7075f41eee8bf88,oracle:pass+nop:fail
format-code-task-001887,code,python,strip-future-history@1>purge-build-caches@1>mtime-normalize@1>separate-verifier@2,sha256:99838b9e8058b595645f3238caf32b52a0ccee06dc88ed649e4450f85e1f3d4e,derived/task-store/variants/mimo-v2.6-rl__format-code-task-001887/99838b9e8058,none,built,purge-installed-copies@1 skipped: scope is CONFIRMED_PURGE plus already-carried run packages (HAR-194 stance),sha256:f81d6c868fea16b737ecc775073b93bde3b3ca5296d635be365ad8e8b70cc7ac,
format-code-task-001891,code,python,strip-future-history@1>purge-build-caches@1>mtime-normalize@1>separate-verifier@2,sha256:c06574c88781ebd3223a4cfd9ef7a2ab95f06547f2477c752318ef50ca6017c0,derived/task-store/variants/mimo-v2.6-rl__format-code-task-001891/c06574c88781,/Users/petermakhnatch/Developer/eval-lab-results/2026-10-07/HAR-191-oracle-sweep/tasks/format-code-task-001891/oracle/solution-patch.stdout.log,built,purge-installed-copies@1 skipped: scope is CONFIRMED_PURGE plus already-carried run packages (HAR-194 stance),sha256:3af23ad0794f3b40207a18de97efcc9fc4c9e230f4bdbb8e46c7ba090d004dea,oracle:pass+nop:fail
format-code-task-001896,code,python,strip-future-history@1>purge-build-caches@1>mtime-normalize@1>separate-verifier@2,sha256:59fc0348c1b87a3313157440920cc9871f14821c0b49914f78159083fbfb45a0,derived/task-store/variants/mimo-v2.6-rl__format-code-task-001896/59fc0348c1b8,none,built,purge-installed-copies@1 skipped: scope is CONFIRMED_PURGE plus already-carried run packages (HAR-194 stance),sha256:a616c127c86f09f23232eff4810c00fbcee7a739a54b9c05c685f3c0d5a4778d,
format-code-task-001897,code,python,strip-future-history@1>purge-build-caches@1>mtime-normalize@1>separate-verifier@2,sha256:387f22e032eb6c2de73e67353251c79bbb989cdd9f91bec2fbc7ec871ff20f52,derived/task-store/variants/mimo-v2.6-rl__format-code-task-001897/387f22e032eb,none,built,purge-installed-copies@1 skipped: scope is CONFIRMED_PURGE plus already-carried run packages (HAR-194 stance),sha256:e9f28b6db44e81fdd174c04c0a42e5535466c9d19176c4f63c8f510419e8b3cc,
format-code-task-001907,code,python,strip-future-history@1>purge-build-caches@1>mtime-normalize@1>separate-verifier@2,sha256:40efba4a8174c305f5b839dcb8c0bb6f3e5479274ab6a799952e41505f58b783,derived/task-store/variants/mimo-v2.6-rl__format-code-task-001907/40efba4a8174,none,built,purge-installed-copies@1 skipped: scope is CONFIRMED_PURGE plus already-carried run packages (HAR-194 stance),sha256:1dfbdec5ba003a1e0a6ac820084b27767ac68da94a60c08c7f9236b27c612efe,
format-code-task-001914,code,python,strip-future-history@1>purge-build-caches@1>mtime-normalize@1>separate-verifier@2,sha256:292200771c359bee7078079c2264aaff122e904ae3d69097f73e00f510da6f2c,derived/task-store/variants/mimo-v2.6-rl__format-code-task-001914/292200771c35,/Users/petermakhnatch/Developer/eval-lab-results/2026-10-07/HAR-191-oracle-sweep/tasks/format-code-task-001914/oracle/solution-patch.stdout.log,built,purge-installed-copies@1 skipped: scope is CONFIRMED_PURGE plus already-carried run packages (HAR-194 stance),sha256:9dab66d29eca8b8417f505aecdd67fcf705bdd651df97ce742b26bb1af2af321,oracle:pass+nop:fail
format-code-task-001916,code,python,strip-future-history@1>purge-build-caches@1>mtime-normalize@1>separate-verifier@2,sha256:daa4b2d2c653ffbc981e09aa60e92f9d132df2aa28c4264e0501420ef47c1e5b,derived/task-store/variants/mimo-v2.6-rl__format-code-task-001916/daa4b2d2c653,none,built,purge-installed-copies@1 skipped: scope is CONFIRMED_PURGE plus already-carried run packages (HAR-194 stance),sha256:af3bcfe3b06635bee3765d647553b8aec988bfbf1d35de53dea258313a34dc15,
format-code-task-001918,code,python,strip-future-history@1>purge-build-caches@1>mtime-normalize@1>separate-verifier@2,sha256:11d42292cfe8abfb272eef04bbd9db5f1e61f9d4d7d26a22bcb174e3b6a86797,derived/task-store/variants/mimo-v2.6-rl__format-code-task-001918/11d42292cfe8,none,built,purge-installed-copies@1 skipped: scope is CONFIRMED_PURGE plus already-carried run packages (HAR-194 stance),sha256:7b71956b411a37bd288ed45e2a44f577279fe9beed71b69ce60c129d8ffecd96,
format-code-task-001925,code,python,strip-future-history@1>purge-build-caches@1>mtime-normalize@1>separate-verifier@2,sha256:171926b3090c20dc11c8faf3b4a66d484cc6ac637059de98ebd1999c8c27b2c6,derived/task-store/variants/mimo-v2.6-rl__format-code-task-001925/171926b3090c,none,built,purge-installed-copies@1 skipped: scope is CONFIRMED_PURGE plus already-carried run packages (HAR-194 stance),sha256:04e40af60a5ad9f67efb0270f0bd075490d9ba5cfa90c9b403d7ee1024dd64d5,
format-code-task-001926,code,python,strip-future-history@1>purge-build-caches@1>mtime-normalize@1>separate-verifier@2,sha256:135f2ad73868cce124a3e38f708129bd53f494cd503caf46df2ab07f789c3c52,derived/task-store/variants/mimo-v2.6-rl__format-code-task-001926/135f2ad73868,none,built,purge-installed-copies@1 skipped: scope is CONFIRMED_PURGE plus already-carried run packages (HAR-194 stance),sha256:a72ffb9fa4425b73759e2e63f57e61d8ffc7c2b4e822a32d571833bec6563b41,
format-code-task-001927,code,python,strip-future-history@1>purge-build-caches@1>mtime-normalize@1>separate-verifier@2,sha256:0e8da118c8bf97d3360d748da5a4ac05071bbf98b3b317d66bc906c0e3376fc6,derived/task-store/variants/mimo-v2.6-rl__format-code-task-001927/0e8da118c8bf,none,built,purge-installed-copies@1 skipped: scope is CONFIRMED_PURGE plus already-carried run packages (HAR-194 stance),sha256:fc586d6279599c8b70a40d8476342877d974fc36f61ba4377d5434b3e6db9de0,
format-code-task-001936,code,python,strip-future-history@1>purge-build-caches@1>mtime-normalize@1>separate-verifier@2,sha256:720a0f312e75e5a12b61cb6275dd8df11bc854b9b0bf7f2aba116e3509b14b7b,derived/task-store/variants/mimo-v2.6-rl__format-code-task-001936/720a0f312e75,none,built,purge-installed-copies@1 skipped: scope is CONFIRMED_PURGE plus already-carried run packages (HAR-194 stance),sha256:48d1562a3fdb0520983072a9d7913cc8e80d54dd2de4912657ca868ba9c3cd95,
format-code-task-001940,code,python,strip-future-history@1>purge-build-caches@1>mtime-normalize@1>separate-verifier@2,sha256:5d27306e47ee4043af88ec4be5ec4d838b8d7b3c31896f7b126e6a71475d3733,derived/task-store/variants/mimo-v2.6-rl__format-code-task-001940/5d27306e47ee,/Users/petermakhnatch/Developer/eval-lab-results/2026-10-07/HAR-191-oracle-sweep/tasks/format-code-task-001940/oracle/solution-patch.stdout.log,built,purge-installed-copies@1 skipped: scope is CONFIRMED_PURGE plus already-carried run packages (HAR-194 stance),sha256:fe0d3faffaf0eaa0280020604c392bfbe57c995ec7c3542dd7985e21937b2344,oracle:pass+nop:fail
format-code-task-001941,code,python,strip-future-history@1>purge-build-caches@1>mtime-normalize@1>separate-verifier@2,sha256:5eb4a088cb51f8da1ba3d50bd982af8ab042756704b94eac6b1fcb1b07ec0f72,derived/task-store/variants/mimo-v2.6-rl__format-code-task-001941/5eb4a088cb51,none,built,purge-installed-copies@1 skipped: scope is CONFIRMED_PURGE plus already-carried run packages (HAR-194 stance),sha256:fc82032cc5b4eaddca0008e9673841f7bc4fc1b99acda14ae83d89dff7ccf0fb,
format-code-task-001942,code,python,strip-future-history@1>purge-build-caches@1>mtime-normalize@1>separate-verifier@2,sha256:a5eae4a80c0cc97464c95b259669264ddd386fef0ac154acebaf84208b92673c,derived/task-store/variants/mimo-v2.6-rl__format-code-task-001942/a5eae4a80c0c,none,built,purge-installed-copies@1 skipped: scope is CONFIRMED_PURGE plus already-carried run packages (HAR-194 stance),sha256:f3393ad22133a938656beeeee1bf25609c297a8f87a502d4ccc936eac8595830,
format-code-task-001943,code,python,strip-future-history@1>purge-build-caches@1>mtime-normalize@1>separate-verifier@2,sha256:fe4312586ef2398b8ec8e87d5099cd76efa5977f0446988825b019c92e732e72,derived/task-store/variants/mimo-v2.6-rl__format-code-task-001943/fe4312586ef2,none,built,purge-installed-copies@1 skipped: scope is CONFIRMED_PURGE plus already-carried run packages (HAR-194 stance),sha256:c229d727adccae5272221a812a3a7263c3555f2bf35f350012db7e1a49b76202,
format-code-task-001944,code,python,strip-future-history@1>purge-build-caches@1>mtime-normalize@1>separate-verifier@2,sha256:c1c126130fce2a6247459124db03f490942afd3cd14d4b2ba626120971ddc94e,derived/task-store/variants/mimo-v2.6-rl__format-code-task-001944/c1c126130fce,none,built,purge-installed-copies@1 skipped: scope is CONFIRMED_PURGE plus already-carried run packages (HAR-194 stance),sha256:64096a4a82679d7d54c111985978cf8dc06e4a38de4e5374d6b2892f74150a8c,
format-code-task-001945,code,python,strip-future-history@1>purge-build-caches@1>mtime-normalize@1>separate-verifier@2,sha256:35418bdac1e106757f77202128b68bc56966c9a57befe0a64979ac5b9f597d84,derived/task-store/variants/mimo-v2.6-rl__format-code-task-001945/35418bdac1e1,none,built,purge-installed-copies@1 skipped: scope is CONFIRMED_PURGE plus already-carried run packages (HAR-194 stance),sha256:9bf96645e12af9979b7c20a6a366ab3ba848ed7b1a072fcf5041d992c7212e5f,
format-code-task-001946,code,python,strip-future-history@1>purge-build-caches@1>mtime-normalize@1>separate-verifier@2,sha256:ad501e083bdfbc3f1a7b2f8dc2b3f3564b12bce579fd02d2e439a51e544606b6,derived/task-store/variants/mimo-v2.6-rl__format-code-task-001946/ad501e083bdf,/Users/petermakhnatch/Developer/eval-lab-results/2026-10-07/HAR-191-oracle-sweep/tasks/format-code-task-001946/oracle/solution-patch.stdout.log,built,purge-installed-copies@1 skipped: scope is CONFIRMED_PURGE plus already-carried run packages (HAR-194 stance),sha256:7fa9e4f48562dfcd3430bf6e5fff0f3781bd49e7e4d6812119ca820a6d5423f9,oracle:pass+nop:fail
format-code-task-001947,code,python,strip-future-history@1>purge-build-caches@1>mtime-normalize@1>separate-verifier@2,sha256:d66abf07e9a28837ccb750ba39e24125f7ad9e66ed09bfcb98b353f9c8f63953,derived/task-store/variants/mimo-v2.6-rl__format-code-task-001947/d66abf07e9a2,none,built,purge-installed-copies@1 skipped: scope is CONFIRMED_PURGE plus already-carried run packages (HAR-194 stance),sha256:e8d287dd93d8bfc777342a18262f23047d84e76452923ce6285bb7589f8c8434,
format-code-task-001948,code,python,strip-future-history@1>purge-build-caches@1>mtime-normalize@1>separate-verifier@2,sha256:8978db04650be2a7a57f978f431a7ad40a5e2f31b68215b8505232e416f6c447,derived/task-store/variants/mimo-v2.6-rl__format-code-task-001948/8978db04650b,none,built,purge-installed-copies@1 skipped: scope is CONFIRMED_PURGE plus already-carried run packages (HAR-194 stance),sha256:ed7bfb0e8e58e9d1341b31239e6afb9efa5164f3fef342925dcb0c56cb30aaeb,
format-code-task-001949,code,python,strip-future-history@1>purge-build-caches@1>mtime-normalize@1>separate-verifier@2,sha256:3079591317ffb518a4629301bd4f7d3499c285a3abfd3fa335bae018d0cede5b,derived/task-store/variants/mimo-v2.6-rl__format-code-task-001949/3079591317ff,none,built,purge-installed-copies@1 skipped: scope is CONFIRMED_PURGE plus already-carried run packages (HAR-194 stance),sha256:60f4e13370e330c3e06bfc2f0ca00fd0ecb7963b60b0118aae7888f0e3275aef,
format-code-task-001950,code,python,strip-future-history@1>purge-build-caches@1>mtime-normalize@1>separate-verifier@2,sha256:16fda227196971e58d3b7f6c756be551607ff3209825ee9abd0c4a7c9f5c16e2,derived/task-store/variants/mimo-v2.6-rl__format-code-task-001950/16fda2271969,none,built,purge-installed-copies@1 skipped: scope is CONFIRMED_PURGE plus already-carried run packages (HAR-194 stance),sha256:49e63a95b97020b86596eeacc1d27697bc1ca94cb719367e0442a87fd30878d2,
format-code-task-001954,code,python,strip-future-history@1>purge-build-caches@1>mtime-normalize@1>separate-verifier@2,sha256:e05a4f2a857b315240af2ff0552fa3f7a1650e82cc623fa252360f019b73cb93,derived/task-store/variants/mimo-v2.6-rl__format-code-task-001954/e05a4f2a857b,/Users/petermakhnatch/Developer/eval-lab-results/2026-10-07/HAR-191-oracle-sweep/tasks/format-code-task-001954/oracle/solution-patch.stdout.log,built,purge-installed-copies@1 skipped: scope is CONFIRMED_PURGE plus already-carried run packages (HAR-194 stance),sha256:501ce7d36df025c716d1b5564bd9a196d7d43f8533a535d4d765be1a9c467016,oracle:pass+nop:fail
format-code-task-001955,code,python,strip-future-history@1>purge-build-caches@1>mtime-normalize@1>separate-verifier@2,sha256:96078c8ef9f89955080b0cadc508757cdea5818cb2601b02fe52933fedd07861,derived/task-store/variants/mimo-v2.6-rl__format-code-task-001955/96078c8ef9f8,none,built,purge-installed-copies@1 skipped: scope is CONFIRMED_PURGE plus already-carried run packages (HAR-194 stance),sha256:e21ca0bad44594844b3e08bc88f9e62a47b61ddd11a038d6886f4d13afa41dd6,
format-code-task-001963,code,python,strip-future-history@1>purge-build-caches@1>mtime-normalize@1>separate-verifier@2,sha256:346bef98473066633ef0b89b851f445e6535c61ab5eba27739f1938512620de2,derived/task-store/variants/mimo-v2.6-rl__format-code-task-001963/346bef984730,none,built,purge-installed-copies@1 skipped: scope is CONFIRMED_PURGE plus already-carried run packages (HAR-194 stance),sha256:18ec42ed85728fa0007e76223c8d668ae5adcebd5121e6c57c01dea8e06e5c3d,
format-code-task-001966,code,python,strip-future-history@1>purge-build-caches@1>mtime-normalize@1>separate-verifier@2,sha256:362aefdf4192407d3489603fde83526b5c5422faa0c7c3a0c538f7125e99d3ea,derived/task-store/variants/mimo-v2.6-rl__format-code-task-001966/362aefdf4192,none,built,purge-installed-copies@1 skipped: scope is CONFIRMED_PURGE plus already-carried run packages (HAR-194 stance),sha256:4f8d530897dc3f88bc2c3924554b7e287252fcadf3c5479f573e6bc0355fdb4d,
format-code-task-001970,code,python,strip-future-history@1>purge-build-caches@1>mtime-normalize@1>separate-verifier@2,sha256:b78871316f03ef43ec4fee7c8cc4878d595202c3983ae0f7c2b23c96f5e6c877,derived/task-store/variants/mimo-v2.6-rl__format-code-task-001970/b78871316f03,none,built,purge-installed-copies@1 skipped: scope is CONFIRMED_PURGE plus already-carried run packages (HAR-194 stance),sha256:93497133a06743e419081569039873ff1abfe13b4d70a131b2864dda05464b22,
format-code-task-001971,code,python,strip-future-history@1>purge-build-caches@1>mtime-normalize@1>separate-verifier@2,sha256:bd2c3ed04aeee0bb3e1d655c8166e22e06c91130e905ff5d21fe4f3f2624fd12,derived/task-store/variants/mimo-v2.6-rl__format-code-task-001971/bd2c3ed04aee,/Users/petermakhnatch/Developer/eval-lab-results/2026-10-07/HAR-191-oracle-sweep/tasks/format-code-task-001971/oracle/solution-patch.stdout.log,built,purge-installed-copies@1 skipped: scope is CONFIRMED_PURGE plus already-carried run packages (HAR-194 stance),sha256:6ba39f13393c5e557bf3e0564441580e06028493fbd8f7e3dac684db8d01a8a4,oracle:pass+nop:fail
format-code-task-001973,code,python,strip-future-history@1>purge-build-caches@1>mtime-normalize@1>separate-verifier@2,sha256:537ec98de226c64ee12e14e27dcfd638389100c64658cce502a5fe055f0a00d2,derived/task-store/variants/mimo-v2.6-rl__format-code-task-001973/537ec98de226,/Users/petermakhnatch/Developer/eval-lab-results/2026-10-07/HAR-191-oracle-sweep/tasks/format-code-task-001973/oracle/solution-patch.stdout.log,built,purge-installed-copies@1 skipped: scope is CONFIRMED_PURGE plus already-carried run packages (HAR-194 stance),sha256:2302c1516e61f9ff02d9603ed6a4bf08e31380bb0b7ba355814182904e13e965,oracle:pass+nop:fail
format-code-task-001974,code,python,strip-future-history@1>purge-build-caches@1>mtime-normalize@1>separate-verifier@2,sha256:334254e7b54eef840ea39b5a75e4e620cce58a792f90b097d8c48752b912886c,derived/task-store/variants/mimo-v2.6-rl__format-code-task-001974/334254e7b54e,none,built,purge-installed-copies@1 skipped: scope is CONFIRMED_PURGE plus already-carried run packages (HAR-194 stance),sha256:a3aac60b69c1e3b7eee4f18605f1ae984ae9f0b48f8fd975c05c645dd77467b6,
format-code-task-001975,code,python,strip-future-history@1>purge-build-caches@1>mtime-normalize@1>separate-verifier@2,sha256:e970497f7f2faef6f34b50c251a26f10837cc8b6e16d11e1d1319c71be268683,derived/task-store/variants/mimo-v2.6-rl__format-code-task-001975/e970497f7f2f,none,built,purge-installed-copies@1 skipped: scope is CONFIRMED_PURGE plus already-carried run packages (HAR-194 stance),sha256:2aa18d6680a56e479fc06a5384f7184563e9eca2a372b08bd153669e9d8dbfa5,
format-code-task-001980,code,python,strip-future-history@1>purge-build-caches@1>mtime-normalize@1>separate-verifier@2,sha256:c7915e47bfb5efa21931286851d9723e5731b3f3c929d962f950d02dd24d3e43,derived/task-store/variants/mimo-v2.6-rl__format-code-task-001980/c7915e47bfb5,none,built,purge-installed-copies@1 skipped: scope is CONFIRMED_PURGE plus already-carried run packages (HAR-194 stance),sha256:2fa98f8d39e70854afcd4bb1254b8ab6a285130434ee5f18a98bbb75c506fd68,
format-code-task-001981,code,python,strip-future-history@1>purge-build-caches@1>mtime-normalize@1>separate-verifier@2,sha256:ed9fadb6fe104eecc95e7b1c35d7f6b6cf68314e814d4463ad61aa5579ec7675,derived/task-store/variants/mimo-v2.6-rl__format-code-task-001981/ed9fadb6fe10,none,built,purge-installed-copies@1 skipped: scope is CONFIRMED_PURGE plus already-carried run packages (HAR-194 stance),sha256:f488b5e2c00b332d9b6b8234704dad362c1c2113e72194a89970ef8b1cf3b64e,
format-code-task-001982,code,python,strip-future-history@1>purge-build-caches@1>mtime-normalize@1>separate-verifier@2,sha256:1143a12d336be2d4a54ea19215e760679319fc5508c3cea2e5b47a889951907c,derived/task-store/variants/mimo-v2.6-rl__format-code-task-001982/1143a12d336b,none,built,purge-installed-copies@1 skipped: scope is CONFIRMED_PURGE plus already-carried run packages (HAR-194 stance),sha256:1bc6be453cad3644403fc1e579646c16069815a066a16c7ee19bcb04436202a8,
format-code-task-001983,code,python,strip-future-history@1>purge-build-caches@1>mtime-normalize@1>separate-verifier@2,sha256:c3b3bfe621efee9d18723e4a76ac5c708b60f01c9fbe63e72042f5fac347b666,derived/task-store/variants/mimo-v2.6-rl__format-code-task-001983/c3b3bfe621ef,none,built,purge-installed-copies@1 skipped: scope is CONFIRMED_PURGE plus already-carried run packages (HAR-194 stance),sha256:01cce9a31999103f254e6176119c420d759db12c7aca5c08bc05a6fa9b491814,
format-code-task-001984,code,python,strip-future-history@1>purge-build-caches@1>mtime-normalize@1>separate-verifier@2,sha256:0ef3b16588b5a1dbcdd76548ccbb53f9d05341a31ba1e5e661641c9289d7ceaf,derived/task-store/variants/mimo-v2.6-rl__format-code-task-001984/0ef3b16588b5,none,built,purge-installed-copies@1 skipped: scope is CONFIRMED_PURGE plus already-carried run packages (HAR-194 stance),sha256:a5a8a3bdffaebec544b183ebdfcce10fadca4bfa8b3d74b793cbe5d52d80e5ab,
format-code-task-001985,code,python,strip-future-history@1>purge-build-caches@1>mtime-normalize@1>separate-verifier@2,sha256:159515a63d1ebbfa6acea5364e3909ab503b30fec7d52f1f899aad6f4b345c45,derived/task-store/variants/mimo-v2.6-rl__format-code-task-001985/159515a63d1e,none,built,purge-installed-copies@1 skipped: scope is CONFIRMED_PURGE plus already-carried run packages (HAR-194 stance),sha256:e4a7905b5037912cd5e87184da89f6c5a2815172282ac25b42284fcfd9b5e408,
format-code-task-001987,code,python,strip-future-history@1>purge-build-caches@1>mtime-normalize@1>separate-verifier@2,sha256:b96a1f618f870717d0381274cd88b8920dd0037d9698d928bc2dd46a935a2ff0,derived/task-store/variants/mimo-v2.6-rl__format-code-task-001987/b96a1f618f87,none,built,purge-installed-copies@1 skipped: scope is CONFIRMED_PURGE plus already-carried run packages (HAR-194 stance),sha256:b543e1aac61444edef2e42a811b8d0ca1fda5d268591eb33bdc0cf5f2660566d,
format-code-task-001988,code,python,strip-future-history@1>purge-build-caches@1>mtime-normalize@1>separate-verifier@2,sha256:127e739a7598d47fc901c6aa0ff4ae7ddf51992ae157f34a8ff58e816b02ec95,derived/task-store/variants/mimo-v2.6-rl__format-code-task-001988/127e739a7598,none,built,purge-installed-copies@1 skipped: scope is CONFIRMED_PURGE plus already-carried run packages (HAR-194 stance),sha256:c86a36a0dac6f25a23fadb6efd6e2994b7bbf04a20bd15c7db1e57f9253d7079,
format-code-task-001992,code,python,strip-future-history@1>purge-build-caches@1>mtime-normalize@1>separate-verifier@2,sha256:7ee771b01d001a92167ebfc720d04a931cd1e38a266c381e174379e835e10b79,derived/task-store/variants/mimo-v2.6-rl__format-code-task-001992/7ee771b01d00,none,built,purge-installed-copies@1 skipped: scope is CONFIRMED_PURGE plus already-carried run packages (HAR-194 stance),sha256:4d222440016bcbfeff8718aa3ecb8f04313d95a28a6eb2f9bf9780d5e60ef97f,
format-code-task-001994,code,python,strip-future-history@1>purge-build-caches@1>mtime-normalize@1>separate-verifier@2,sha256:64bbf19e859449bf7ec6992891079faa3b600b1625a069de5665098d2caed175,derived/task-store/variants/mimo-v2.6-rl__format-code-task-001994/64bbf19e8594,none,built,purge-installed-copies@1 skipped: scope is CONFIRMED_PURGE plus already-carried run packages (HAR-194 stance),sha256:194f74a222e8d695aef28f34a9833c0682c7413bb680bf18a8d65555b501e2c0,
format-code-task-002002,code,python,strip-future-history@1>purge-build-caches@1>mtime-normalize@1>separate-verifier@2,sha256:fbafd488b6e9510d94dd06633e58553589c523bfa06900ec068d8b12458467e3,derived/task-store/variants/mimo-v2.6-rl__format-code-task-002002/fbafd488b6e9,/Users/petermakhnatch/Developer/eval-lab-results/2026-10-07/HAR-191-oracle-sweep/tasks/format-code-task-002002/oracle/solution-patch.stdout.log,built,purge-installed-copies@1 skipped: scope is CONFIRMED_PURGE plus already-carried run packages (HAR-194 stance),sha256:27ba7d46355d2ca3305577aa02d36eac29fd6edd385c5329813c7d7a2154e084,oracle:pass+nop:fail
format-code-task-002003,code,python,strip-future-history@1>purge-build-caches@1>mtime-normalize@1>separate-verifier@2,sha256:21596b323b2f8fa259942c2db3dcac2a3e3085c62e9a2bf2f7652e5013f80a0d,derived/task-store/variants/mimo-v2.6-rl__format-code-task-002003/21596b323b2f,none,built,purge-installed-copies@1 skipped: scope is CONFIRMED_PURGE plus already-carried run packages (HAR-194 stance),sha256:a9a1bd0f947f58ab41bb7f8344d0124f6610e83fd356ed5702a433222f280739,
format-code-task-002004,code,python,strip-future-history@1>purge-build-caches@1>mtime-normalize@1>separate-verifier@2,sha256:f287ac036720a7d7f56482d2c581e53850e93f9bdd9856b727f25830a7627b19,derived/task-store/variants/mimo-v2.6-rl__format-code-task-002004/f287ac036720,none,built,purge-installed-copies@1 skipped: scope is CONFIRMED_PURGE plus already-carried run packages (HAR-194 stance),sha256:500bc74c35917dbe10f884b90397fc8de6b585a00a9ce40157d2dc40117f665a,
format-code-task-002012,code,python,strip-future-history@1>purge-build-caches@1>mtime-normalize@1>separate-verifier@2,sha256:7b97685cda89738583c211adb3fa3c27edc7029e39527403a5ba5651eca548dc,derived/task-store/variants/mimo-v2.6-rl__format-code-task-002012/7b97685cda89,none,built,purge-installed-copies@1 skipped: scope is CONFIRMED_PURGE plus already-carried run packages (HAR-194 stance),sha256:08a2cf69cf126f0db46ce9352fb979e782b447d140d9466ab12a93344ad775b6,
format-code-task-002014,code,python,strip-future-history@1>purge-build-caches@1>mtime-normalize@1>separate-verifier@2,sha256:31bbfda10bc6423c9b2a758fab4310ca4bc7965f94e57049554496516b3ab266,derived/task-store/variants/mimo-v2.6-rl__format-code-task-002014/31bbfda10bc6,none,built,purge-installed-copies@1 skipped: scope is CONFIRMED_PURGE plus already-carried run packages (HAR-194 stance),sha256:2e97492456afe171615b6678bc719609681f9bcd943f5cef5fc5c8833cce10ac,
format-code-task-002015,code,python,strip-future-history@1>purge-build-caches@1>mtime-normalize@1>separate-verifier@2,sha256:1c966558b5044db559d8c8aae1739ee03b53edb5050eedb57a4a10ddbb3e736f,derived/task-store/variants/mimo-v2.6-rl__format-code-task-002015/1c966558b504,none,built,purge-installed-copies@1 skipped: scope is CONFIRMED_PURGE plus already-carried run packages (HAR-194 stance),sha256:5edf7ba09c2607587d8b85756012a7a6a383ab82f535767019c7ab3d088adfd7,
format-code-task-002016,code,python,strip-future-history@1>purge-build-caches@1>mtime-normalize@1>separate-verifier@2,sha256:851395fe08cc7bea4ee9ee781ce08ab0a65c9f14409249cd06f53634019a2b09,derived/task-store/variants/mimo-v2.6-rl__format-code-task-002016/851395fe08cc,none,built,purge-installed-copies@1 skipped: scope is CONFIRMED_PURGE plus already-carried run packages (HAR-194 stance),sha256:8bbbe0974e7768132fc844bf7b9348d01d2213a21944a160439e590f8ba9bb33,
format-code-task-002017,code,python,strip-future-history@1>purge-build-caches@1>mtime-normalize@1>separate-verifier@2,sha256:71e31a6c4181bf645d15c51cad116040f4a7cb469922ae700febdba9ad1fda3e,derived/task-store/variants/mimo-v2.6-rl__format-code-task-002017/71e31a6c4181,none,built,purge-installed-copies@1 skipped: scope is CONFIRMED_PURGE plus already-carried run packages (HAR-194 stance),sha256:d58b321d3fe5c6c5cf7a56ed1df10d7942b559e5d91e37bb40f52efb428ed44d,
format-code-task-002020,code,python,strip-future-history@1>purge-build-caches@1>mtime-normalize@1>separate-verifier@2,sha256:d74557f8e89bb5c8cf84234ca37c17cd924770e0e63684f378d8d5ad145eebee,derived/task-store/variants/mimo-v2.6-rl__format-code-task-002020/d74557f8e89b,none,built,purge-installed-copies@1 skipped: scope is CONFIRMED_PURGE plus already-carried run packages (HAR-194 stance),sha256:28cde3c126dd56a6c282af492b0f8e93b23f996169d5d97b8c0818002f7a42b9,
format-code-task-002021,code,python,strip-future-history@1>purge-build-caches@1>mtime-normalize@1>separate-verifier@2,sha256:e5aa9c2dfa2f392db3fa0f6263e5c9c4ec784c4b59e2d490f2101498666cd61f,derived/task-store/variants/mimo-v2.6-rl__format-code-task-002021/e5aa9c2dfa2f,none,built,purge-installed-copies@1 skipped: scope is CONFIRMED_PURGE plus already-carried run packages (HAR-194 stance),sha256:31cd8aead05282064b7a079060cfcb9fa4978cc8bf3d81c293da2042599a0aa2,
format-code-task-002022,code,python,strip-future-history@1>purge-build-caches@1>mtime-normalize@1>separate-verifier@2,sha256:c56b03fb2a6222f3d4e2850e87458fe0596cb7e4afa2b2387489d442dfbf70ba,derived/task-store/variants/mimo-v2.6-rl__format-code-task-002022/c56b03fb2a62,none,built,purge-installed-copies@1 skipped: scope is CONFIRMED_PURGE plus already-carried run packages (HAR-194 stance),sha256:a393051c5a0c6d301cb555aea98fe3b3802a724579f0ffc5fd6383d44e5bdcfb,
format-code-task-002023,code,python,strip-future-history@1>purge-build-caches@1>mtime-normalize@1>separate-verifier@2,sha256:318a324d2299d80c0c095515bcb464a54eac234270d514a643d9732c71236b70,derived/task-store/variants/mimo-v2.6-rl__format-code-task-002023/318a324d2299,none,built,purge-installed-copies@1 skipped: scope is CONFIRMED_PURGE plus already-carried run packages (HAR-194 stance),sha256:2224a5e2dcec9fe0a41953d2805c440ede23aed36a2b6c6ada082c9162688e18,
format-code-task-002024,code,python,strip-future-history@1>purge-build-caches@1>mtime-normalize@1>separate-verifier@2,sha256:66176bfed4317d1d9f8200e9b9d4fe1a2aff31918b6143aa9ddfc00948879b93,derived/task-store/variants/mimo-v2.6-rl__format-code-task-002024/66176bfed431,none,built,purge-installed-copies@1 skipped: scope is CONFIRMED_PURGE plus already-carried run packages (HAR-194 stance),sha256:f2c740516ccab70eea011e8200a7fba16414599e4f66742d4920ae4db781cd8e,
format-code-task-002025,code,python,strip-future-history@1>purge-build-caches@1>mtime-normalize@1>separate-verifier@2,sha256:ac30db51df46c79d6da9b19594b2ab666d7726284120ab93b5ce6ecfe1c7107e,derived/task-store/variants/mimo-v2.6-rl__format-code-task-002025/ac30db51df46,none,built,purge-installed-copies@1 skipped: scope is CONFIRMED_PURGE plus already-carried run packages (HAR-194 stance),sha256:a27ba720c839ef769da7a86ca1b197ae2338edd13b56ab701bd40bd59e8ffe9c,
format-code-task-002028,code,python,strip-future-history@1>purge-build-caches@1>mtime-normalize@1>separate-verifier@2,sha256:58a1572a9aff6dc5a0c4a67441bacaedc5f76a81708e5c38bc5a72f3924314f7,derived/task-store/variants/mimo-v2.6-rl__format-code-task-002028/58a1572a9aff,none,built,purge-installed-copies@1 skipped: scope is CONFIRMED_PURGE plus already-carried run packages (HAR-194 stance),sha256:93d4d8b13820c32ce874e998371ce29cd59da7d0c24b5dc40609fe6f78f843c3,
format-code-task-002032,code,python,strip-future-history@1>purge-build-caches@1>mtime-normalize@1>separate-verifier@2,sha256:48282730f55677935a86a7f65b0d47b68f585dc649b4e553b990a0254c044908,derived/task-store/variants/mimo-v2.6-rl__format-code-task-002032/48282730f556,none,built,purge-installed-copies@1 skipped: scope is CONFIRMED_PURGE plus already-carried run packages (HAR-194 stance),sha256:0d162b2989fb7677e34efe574b1c1c62b8faf29521a1aaed6e3834b5451427ca,
format-code-task-002033,code,python,strip-future-history@1>purge-build-caches@1>mtime-normalize@1>separate-verifier@2,sha256:32b0da9eeb754227d84c311ae1a676a7832cb8440486174013a0bdea580780e1,derived/task-store/variants/mimo-v2.6-rl__format-code-task-002033/32b0da9eeb75,none,built,purge-installed-copies@1 skipped: scope is CONFIRMED_PURGE plus already-carried run packages (HAR-194 stance),sha256:767b58b1711deb40d3708523d20f432af0bbdb91be1b67d7ac6164d6773fff78,
format-code-task-002035,code,python,strip-future-history@1>purge-build-caches@1>mtime-normalize@1>separate-verifier@2,sha256:5b11c26f30c6ee4b4e197f70d6f6eec9d60b8d62267808c933d81e40106ac022,derived/task-store/variants/mimo-v2.6-rl__format-code-task-002035/5b11c26f30c6,none,built,purge-installed-copies@1 skipped: scope is CONFIRMED_PURGE plus already-carried run packages (HAR-194 stance),sha256:317d26f93a1cf239472d2d353d38c62abb953fa78c6f7097a0f592f8052e3191,
format-code-task-002036,code,python,strip-future-history@1>purge-build-caches@1>mtime-normalize@1>separate-verifier@2,sha256:04edbc94e7c33573a4a69fcd64710ef4580dda1cfd60651024b65f828272b89d,derived/task-store/variants/mimo-v2.6-rl__format-code-task-002036/04edbc94e7c3,none,built,purge-installed-copies@1 skipped: scope is CONFIRMED_PURGE plus already-carried run packages (HAR-194 stance),sha256:9a4507c6ac2bb26b40bd24925d336e4d10fe327fe0ea4c0c85a11dd870237f60,
format-code-task-002037,code,python,strip-future-history@1>purge-build-caches@1>mtime-normalize@1>separate-verifier@2,sha256:6b2e1fe67e6d954121ce7eb59694d19ce2590e760c80c5e2cae5f9a4f1420ea1,derived/task-store/variants/mimo-v2.6-rl__format-code-task-002037/6b2e1fe67e6d,none,built,purge-installed-copies@1 skipped: scope is CONFIRMED_PURGE plus already-carried run packages (HAR-194 stance),sha256:b74c5499194febb4508e2d26f710b6e8e6f25067fc97e33ab9ec9a2335487630,
format-code-task-002038,code,python,strip-future-history@1>purge-build-caches@1>mtime-normalize@1>separate-verifier@2,sha256:4ac330ba9cc3e89afe57e96c70a8e9f3612bcd6c651208aee95d19e27859f5b1,derived/task-store/variants/mimo-v2.6-rl__format-code-task-002038/4ac330ba9cc3,none,built,purge-installed-copies@1 skipped: scope is CONFIRMED_PURGE plus already-carried run packages (HAR-194 stance),sha256:295c56576b7f3597f865b52fba65ac5339ffe2c8b1bf0897583d5add32b53340,
format-code-task-002042,code,python,strip-future-history@1>purge-build-caches@1>mtime-normalize@1>separate-verifier@2,sha256:654ddda87fab091cafee6a909a367a0bf9956071f3d232e6bfb451f53b986940,derived/task-store/variants/mimo-v2.6-rl__format-code-task-002042/654ddda87fab,none,built,purge-installed-copies@1 skipped: scope is CONFIRMED_PURGE plus already-carried run packages (HAR-194 stance),sha256:f5f9de6e310b2ee50f6e4ac426d61d9ca34cab70d557d655fee1be57ac7ca0b3,
format-code-task-002050,code,python,strip-future-history@1>purge-build-caches@1>mtime-normalize@1>separate-verifier@2,sha256:5db1ccb09a36d8d347a01078bef2493e0349e7cc479de72ce673b6521e43e3fa,derived/task-store/variants/mimo-v2.6-rl__format-code-task-002050/5db1ccb09a36,none,built,purge-installed-copies@1 skipped: scope is CONFIRMED_PURGE plus already-carried run packages (HAR-194 stance),sha256:30dd7fe8f6198907905589c161cc6e4c57fdf7954b895b4e4f76215173421da8,
format-code-task-002051,code,python,strip-future-history@1>purge-build-caches@1>mtime-normalize@1>separate-verifier@2,sha256:4d26d4aa51a8433c671f41f5521133c32933b0f9026b19674ab5fc1aa90b029f,derived/task-store/variants/mimo-v2.6-rl__format-code-task-002051/4d26d4aa51a8,/Users/petermakhnatch/Developer/eval-lab-results/2026-10-07/HAR-191-oracle-sweep/tasks/format-code-task-002051/oracle/solution-patch.stdout.log,built,purge-installed-copies@1 skipped: scope is CONFIRMED_PURGE plus already-carried run packages (HAR-194 stance),sha256:3fa20ae7dbb9bb64e1d3b47d5cd884b956d5ee4cc9e82ced9d5dff98c92f112f,oracle:pass+nop:fail
format-code-task-002052,code,python,strip-future-history@1>purge-build-caches@1>mtime-normalize@1>separate-verifier@2,sha256:402d8f1a87640b48955ed47e0aad76fac02afa754fda8f79d7a3ddfc72aa631a,derived/task-store/variants/mimo-v2.6-rl__format-code-task-002052/402d8f1a8764,/Users/petermakhnatch/Developer/eval-lab-results/2026-10-07/HAR-191-oracle-sweep/tasks/format-code-task-002052/oracle/solution-patch.stdout.log,built,purge-installed-copies@1 skipped: scope is CONFIRMED_PURGE plus already-carried run packages (HAR-194 stance),sha256:7dfeeb7fb93db68b6e954bdde1612f3d3b79fac93f22e9810a6a8f8791ef19fa,oracle:pass+nop:fail
format-code-task-002053,code,python,strip-future-history@1>purge-build-caches@1>mtime-normalize@1>separate-verifier@2,sha256:50c739c30b96bdb890060b95a59bd6597b46014b4dab426dc42e320e400bba4d,derived/task-store/variants/mimo-v2.6-rl__format-code-task-002053/50c739c30b96,none,built,purge-installed-copies@1 skipped: scope is CONFIRMED_PURGE plus already-carried run packages (HAR-194 stance),sha256:008dd04c7ac44e136de3128038423caa329d14c6974053b296352940abe89674,
format-code-task-002055,code,python,strip-future-history@1>purge-build-caches@1>mtime-normalize@1>separate-verifier@2,sha256:5104414b8d1d26eff930ec9e4d99557f6d7c6f7cccd5cf4e57d709a26bf71265,derived/task-store/variants/mimo-v2.6-rl__format-code-task-002055/5104414b8d1d,none,built,purge-installed-copies@1 skipped: scope is CONFIRMED_PURGE plus already-carried run packages (HAR-194 stance),sha256:fcf17343b2ddf76415ce0b297634ab8af1551f28e896ab119310dbf0d7ccf2be,
format-code-task-002067,code,python,strip-future-history@1>purge-build-caches@1>mtime-normalize@1>separate-verifier@2,sha256:2beac1b88baaa3940a596bcf1787b320750bb78b70fb5a6a32116afa45fd1bfb,derived/task-store/variants/mimo-v2.6-rl__format-code-task-002067/2beac1b88baa,none,built,purge-installed-copies@1 skipped: scope is CONFIRMED_PURGE plus already-carried run packages (HAR-194 stance),sha256:699820cafb348c533ef0beb871a48f65ac6872d2f5c024dcee1d6bca91479da2,
format-code-task-002069,code,python,strip-future-history@1>purge-build-caches@1>mtime-normalize@1>separate-verifier@2,sha256:c6b1e56509e706c24bb1a8e1f47f1437e0d0c87366897c5a6e5d51ccfac7ecdf,derived/task-store/variants/mimo-v2.6-rl__format-code-task-002069/c6b1e56509e7,none,built,purge-installed-copies@1 skipped: scope is CONFIRMED_PURGE plus already-carried run packages (HAR-194 stance),sha256:c66f9c65ffaa1f79d81573b714f1cdf8ded4c977aa1fd7a9a71452422e276900,
format-code-task-002072,code,python,strip-future-history@1>purge-build-caches@1>mtime-normalize@1>separate-verifier@2,sha256:3dc6a77acb40fa62194851bdaca43f414b94fe055593ddd7c016e0d6cfe1b5d3,derived/task-store/variants/mimo-v2.6-rl__format-code-task-002072/3dc6a77acb40,/Users/petermakhnatch/Developer/eval-lab-results/2026-10-07/HAR-191-oracle-sweep/tasks/format-code-task-002072/oracle/solution-patch.stdout.log,built,purge-installed-copies@1 skipped: scope is CONFIRMED_PURGE plus already-carried run packages (HAR-194 stance),sha256:2fb0ce1820195f68a3304611829622327f8f68e27286e46862f49feb83bf86d4,oracle:pass+nop:fail
format-code-task-002074,code,python,strip-future-history@1>purge-build-caches@1>mtime-normalize@1>separate-verifier@2,sha256:dc9e6c4ca3070ed71cb3f2da0d3a8a60ec825d38acd1e112b62b9a800418d4a3,derived/task-store/variants/mimo-v2.6-rl__format-code-task-002074/dc9e6c4ca307,none,built,purge-installed-copies@1 skipped: scope is CONFIRMED_PURGE plus already-carried run packages (HAR-194 stance),sha256:15e7ff389660b49547bb96066466b74f4f22f1ba3b2ec8293035476a4c29e42a,
format-code-task-002076,code,python,strip-future-history@1>purge-build-caches@1>mtime-normalize@1>separate-verifier@2,sha256:0fb096887834edd9695c284bb8e3258daf9b39deefd5b76f8afe80e202f19089,derived/task-store/variants/mimo-v2.6-rl__format-code-task-002076/0fb096887834,none,built,purge-installed-copies@1 skipped: scope is CONFIRMED_PURGE plus already-carried run packages (HAR-194 stance),sha256:f428725b3a61476a3e462310ce6324db422d2085f26f873e4a5465c00067c75d,
format-code-task-002077,code,python,strip-future-history@1>purge-build-caches@1>mtime-normalize@1>separate-verifier@2,sha256:d2a24105424cf4ac9ac2c4a1bdd7a0c611057ed0ddd49cd2490bd42919777d74,derived/task-store/variants/mimo-v2.6-rl__format-code-task-002077/d2a24105424c,none,built,purge-installed-copies@1 skipped: scope is CONFIRMED_PURGE plus already-carried run packages (HAR-194 stance),sha256:d5ddee6ad9d13b61c03dbf0de21aca97e3e0b0e44b149a4d1b08cdb6096b1caa,
format-code-task-002078,code,python,,,,none,skipped,"ledger verdict=discard status=discarded: broken under the egress lock (HAR-146 har146-lnop-002078): numpy's Cython test build fails, Cython 3.0.12 rejects checks.pyx:248 (cannot assign 'NpyIter_GetMultiIndexFunc *' to 'NpyIter_GetMultiIndexFunc'); a compile error, not a network fetch, so no prefetch repair (HAR-158 diagnosis)",sha256:425d3bc13b8404c73571c213f66637b2360f5c692ab1e2bb767fe43a3d959cff,
format-code-task-002079,code,python,strip-future-history@1>purge-build-caches@1>mtime-normalize@1>separate-verifier@2,sha256:e7ba3395ffba77d818ab7f58b7a206c96e3e9780942c14ccdf6581147a78cf5a,derived/task-store/variants/mimo-v2.6-rl__format-code-task-002079/e7ba3395ffba,none,built,purge-installed-copies@1 skipped: scope is CONFIRMED_PURGE plus already-carried run packages (HAR-194 stance),sha256:7509673effb569d75cf61232c9bd550e4d47c52d02cf32c1e16c07334d430064,
format-code-task-002081,code,python,strip-future-history@1>purge-build-caches@1>mtime-normalize@1>separate-verifier@2,sha256:0a649cec200ebe67fa99e56dcc6120192e0596206df8553dc9c79932bdcf0513,derived/task-store/variants/mimo-v2.6-rl__format-code-task-002081/0a649cec200e,none,built,purge-installed-copies@1 skipped: scope is CONFIRMED_PURGE plus already-carried run packages (HAR-194 stance),sha256:be76a37ef022593709336ebb5fc26f9e2d499aa67734d8137f3801f91554e245,
format-code-task-002082,code,python,strip-future-history@1>purge-build-caches@1>mtime-normalize@1>separate-verifier@2,sha256:11efaa7f0da80aa82ae79752ea7aa3d1216058c52508ef8a6591c0a70b24dc94,derived/task-store/variants/mimo-v2.6-rl__format-code-task-002082/11efaa7f0da8,none,built,purge-installed-copies@1 skipped: scope is CONFIRMED_PURGE plus already-carried run packages (HAR-194 stance),sha256:524a112ad28981ac087a2fab5cb0d91a3c6dc93a0a2585232a6ce4a559248722,
format-code-task-002084,code,python,strip-future-history@1>purge-build-caches@1>mtime-normalize@1>separate-verifier@2,sha256:6ddd5e1bb5be7d4dd9c100cf06dc9a3e4a13930a13aa2b5a5c2a2675cac39dbf,derived/task-store/variants/mimo-v2.6-rl__format-code-task-002084/6ddd5e1bb5be,none,built,purge-installed-copies@1 skipped: scope is CONFIRMED_PURGE plus already-carried run packages (HAR-194 stance),sha256:9c33b35bbecefa1678893c34a72906f4f323944ae840b85b3fc7c3da120670ff,
format-code-task-002087,code,python,strip-future-history@1>purge-build-caches@1>mtime-normalize@1>separate-verifier@2,sha256:b9f8db74d3c56de5ea5cf9d282d754dccd4fb2926ad2498aef38e855d43b22bf,derived/task-store/variants/mimo-v2.6-rl__format-code-task-002087/b9f8db74d3c5,none,built,purge-installed-copies@1 skipped: scope is CONFIRMED_PURGE plus already-carried run packages (HAR-194 stance),sha256:05df11fbe97a288beda30b4f4a01a90813cf93fcf5872f990023d3807178f371,
format-code-task-002089,code,python,strip-future-history@1>purge-build-caches@1>mtime-normalize@1>separate-verifier@2,sha256:9ac02efbde1a2d85af321e8e2f6b83664013eff43e0895beddaf1e83e65ac47e,derived/task-store/variants/mimo-v2.6-rl__format-code-task-002089/9ac02efbde1a,none,built,purge-installed-copies@1 skipped: scope is CONFIRMED_PURGE plus already-carried run packages (HAR-194 stance),sha256:3c3d7c267c5a52ac1266fd2f9fec638ddec67092d97f7c491c9206d89e0a3668,
format-code-task-002090,code,python,strip-future-history@1>purge-build-caches@1>mtime-normalize@1>separate-verifier@2,sha256:1e75d8c81f16bc8a81825ebe6506ab448050c6d914c1a82dce11cad3cc6daa7f,derived/task-store/variants/mimo-v2.6-rl__format-code-task-002090/1e75d8c81f16,none,built,purge-installed-copies@1 skipped: scope is CONFIRMED_PURGE plus already-carried run packages (HAR-194 stance),sha256:dc7ca01cbbb47aa84584a2c3f8cbb71204327bec4863061afdf5664acfd88e6a,
format-code-task-002092,code,python,strip-future-history@1>purge-build-caches@1>mtime-normalize@1>separate-verifier@2,sha256:25db49d0852341bcc678ef098c3d4a462ed85f59c3fcf46b838fa97263029e1d,derived/task-store/variants/mimo-v2.6-rl__format-code-task-002092/25db49d08523,none,built,purge-installed-copies@1 skipped: scope is CONFIRMED_PURGE plus already-carried run packages (HAR-194 stance),sha256:f1e39c747d354730cf48d63b806689875ad7441449c017abcb67993fb02d788c,
format-code-task-002096,code,python,strip-future-history@1>purge-build-caches@1>mtime-normalize@1>separate-verifier@2,sha256:a08010b0db64363c44125fe98839a57afb2495186a9c10b349b454f927776784,derived/task-store/variants/mimo-v2.6-rl__format-code-task-002096/a08010b0db64,none,built,purge-installed-copies@1 skipped: scope is CONFIRMED_PURGE plus already-carried run packages (HAR-194 stance),sha256:2258e596414ca9b091b86af59f13b1618100bb273bb229279170317a4c9ae71a,
format-code-task-002104,code,python,strip-future-history@1>purge-build-caches@1>mtime-normalize@1>separate-verifier@2,sha256:d1d689cf7bcfbc696b5992b7bf08130b9030efc84f6ebf0343f57e5873d2f4c4,derived/task-store/variants/mimo-v2.6-rl__format-code-task-002104/d1d689cf7bcf,none,built,purge-installed-copies@1 skipped: scope is CONFIRMED_PURGE plus already-carried run packages (HAR-194 stance),sha256:a23cba57908bf3800cf8bccb536cef1fb173bd7732784c3f884b2359c9b8de8c,
format-code-task-002105,code,python,strip-future-history@1>purge-build-caches@1>mtime-normalize@1>separate-verifier@2,sha256:59a0c8ac7e4367eb825b9ae04c3cd897d942541a80f0ad69ce80206064c1536a,derived/task-store/variants/mimo-v2.6-rl__format-code-task-002105/59a0c8ac7e43,none,built,purge-installed-copies@1 skipped: scope is CONFIRMED_PURGE plus already-carried run packages (HAR-194 stance),sha256:a701a7b3ae0d10b7920ff757d302ae4ee180db235a0a05b37b598f680a3ee40f,
format-code-task-002106,code,python,strip-future-history@1>purge-build-caches@1>mtime-normalize@1>separate-verifier@2,sha256:32d8b9b0f96275fe778005ce35dd7924c951147729590de7c6e190c6f0b6fc3b,derived/task-store/variants/mimo-v2.6-rl__format-code-task-002106/32d8b9b0f962,none,built,purge-installed-copies@1 skipped: scope is CONFIRMED_PURGE plus already-carried run packages (HAR-194 stance),sha256:5821eb5bb7f0f930736461610a0ed9157b8fad0291fa937d2165523320cfb51c,
format-code-task-002107,code,python,strip-future-history@1>purge-build-caches@1>mtime-normalize@1>separate-verifier@2,sha256:9ccb3fc006e815c1e29bfa3cdac1a7c6291042b97511b55ba4defcd50d9a5231,derived/task-store/variants/mimo-v2.6-rl__format-code-task-002107/9ccb3fc006e8,none,built,purge-installed-copies@1 skipped: scope is CONFIRMED_PURGE plus already-carried run packages (HAR-194 stance),sha256:c68c5a247868464ff492e409abe222997d90448e42803db88992ecbb0bbd06fd,
format-code-task-002115,code,python,strip-future-history@1>purge-build-caches@1>mtime-normalize@1>separate-verifier@2,sha256:9a2a93e526ab2c535c9b80f5b20e08f41bbcd9b90d28ccf24903105add5756ed,derived/task-store/variants/mimo-v2.6-rl__format-code-task-002115/9a2a93e526ab,none,built,purge-installed-copies@1 skipped: scope is CONFIRMED_PURGE plus already-carried run packages (HAR-194 stance),sha256:e360fdfb25ce4201305f73d8af770b5067ba91aa8d898b69c110708a86780b03,
format-code-task-002117,code,python,strip-future-history@1>purge-build-caches@1>mtime-normalize@1>separate-verifier@2,sha256:a42843c4eb8f596c9bf3fa0b71e9282310e3395a2d7972a065483ea6b9954103,derived/task-store/variants/mimo-v2.6-rl__format-code-task-002117/a42843c4eb8f,none,built,purge-installed-copies@1 skipped: scope is CONFIRMED_PURGE plus already-carried run packages (HAR-194 stance),sha256:1aef711d004aebe56930c8e70c66e2aae2cb80b12ea55a9cbc69c70df2ee20d0,
format-code-task-002126,code,python,strip-future-history@1>purge-build-caches@1>mtime-normalize@1>separate-verifier@2,sha256:a1256646ca8ff700277b05ada23b6ccdf6351ec9c715a99ae76095ad737093a7,derived/task-store/variants/mimo-v2.6-rl__format-code-task-002126/a1256646ca8f,none,built,purge-installed-copies@1 skipped: scope is CONFIRMED_PURGE plus already-carried run packages (HAR-194 stance),sha256:cfea93493f5cffc20062543a6a60899e14fd97620760d19cadc01c8f2fe34b22,
format-code-task-002127,code,python,,,,none,skipped,"ledger verdict=discard status=discarded: broken environment, no known repair: trial exception: SandboxBuildFailedError",sha256:c6442d460a39b8ef514d1e25d0ca77a505c9eabe950284673450e2e8c055cd71,
format-code-task-002134,code,python,strip-future-history@1>purge-build-caches@1>mtime-normalize@1>separate-verifier@2,sha256:1f669b48bde7e0cc76936bd4bf45b091809226f51455df8ed2b8095b8207303b,derived/task-store/variants/mimo-v2.6-rl__format-code-task-002134/1f669b48bde7,none,built,purge-installed-copies@1 skipped: scope is CONFIRMED_PURGE plus already-carried run packages (HAR-194 stance),sha256:e7c56e7d80282ea7b4e6dae84ce8594d23f16966a8d39bfcadfb00899114de66,
format-code-task-002135,code,python,strip-future-history@1>purge-build-caches@1>mtime-normalize@1>separate-verifier@2,sha256:12d4213038165bb2e489a09ce2c4199d1d1149df53e0eae63a9d5b7da9480bc3,derived/task-store/variants/mimo-v2.6-rl__format-code-task-002135/12d421303816,none,built,purge-installed-copies@1 skipped: scope is CONFIRMED_PURGE plus already-carried run packages (HAR-194 stance),sha256:92d4202c6109314a7a44bc9f91332e37bcb61315fb3b1665fe4856c170810959,
format-code-task-002136,code,python,strip-future-history@1>purge-build-caches@1>mtime-normalize@1>separate-verifier@2,sha256:f820e5b6cec72256ab2ebc25a925aa451214b8e66b55dbdcbff4546724b01fa9,derived/task-store/variants/mimo-v2.6-rl__format-code-task-002136/f820e5b6cec7,none,built,purge-installed-copies@1 skipped: scope is CONFIRMED_PURGE plus already-carried run packages (HAR-194 stance),sha256:5b4ab96728c6a76fff3e11cf52ed3ca5f1c8f021b322f69d1302746bf5d7bee5,
format-code-task-002137,code,python,strip-future-history@1>purge-build-caches@1>mtime-normalize@1>separate-verifier@2,sha256:0ed846b1ef222be28d4fcfacbe15b12d78ff8e012ea4534ea58c605d1373793f,derived/task-store/variants/mimo-v2.6-rl__format-code-task-002137/0ed846b1ef22,none,built,purge-installed-copies@1 skipped: scope is CONFIRMED_PURGE plus already-carried run packages (HAR-194 stance),sha256:ce3b81ecfa74c17bfdf08fb12b442304e2c0b1cf009e1219568dab0ca527ba67,
format-code-task-002138,code,python,strip-future-history@1>purge-build-caches@1>mtime-normalize@1>separate-verifier@2,sha256:2d82b6d4ef1aaf654b8974cd038828fbfefe07257088a7150f4cadf3c8291e3b,derived/task-store/variants/mimo-v2.6-rl__format-code-task-002138/2d82b6d4ef1a,none,built,purge-installed-copies@1 skipped: scope is CONFIRMED_PURGE plus already-carried run packages (HAR-194 stance),sha256:8fea30f3ebf1ace2862e70324e2f93d610e02925c375ae59b4804e2721483b2e,
format-code-task-002139,code,python,strip-future-history@1>purge-build-caches@1>mtime-normalize@1>separate-verifier@2,sha256:572cbc663479d7b4ff6d20b5e7242585a46650e29ebccab61c89b5a9e7054fa9,derived/task-store/variants/mimo-v2.6-rl__format-code-task-002139/572cbc663479,none,built,"purge-installed-copies@1 skipped fail-closed: bitbake: pip installs a real copy instead of an editable one, so the purge verify step fails",sha256:64b31ed23eda67fe547e2ebd520acb5e65b562fe5302a529e72a3d0e29a0216f,
format-code-task-002142,code,python,,,,none,skipped,"ledger verdict=discard status=discarded: broken environment, no known repair: trial exception: SandboxBuildFailedError",sha256:8222971f3cb9573ab97009552f0a55ea128b3c89ac7bc859ceb09c137d0a5d56,
format-code-task-002143,code,python,strip-future-history@1>purge-build-caches@1>mtime-normalize@1>separate-verifier@2,sha256:9ab46be47cda8883e705f21cc2450412bff738fc83dae2a25b3398d9bd0a3f31,derived/task-store/variants/mimo-v2.6-rl__format-code-task-002143/9ab46be47cda,none,built,purge-installed-copies@1 skipped: scope is CONFIRMED_PURGE plus already-carried run packages (HAR-194 stance),sha256:3dc1a0d2a519f20cdc8f49de86fd2ef9c6414ef6d01af3354bd941f77854d07c,
format-code-task-002147,code,python,strip-future-history@1>purge-build-caches@1>mtime-normalize@1>separate-verifier@2,sha256:022bbf14c436daa59da4b44baab90efbd962edacce78e79cb505ef8c50439f3b,derived/task-store/variants/mimo-v2.6-rl__format-code-task-002147/022bbf14c436,none,built,purge-installed-copies@1 skipped: scope is CONFIRMED_PURGE plus already-carried run packages (HAR-194 stance),sha256:9a02450b8811ac3bf31f95e3c115d0c5f954aabae89735eacba25c3400645b08,
format-code-task-002149,code,python,strip-future-history@1>purge-build-caches@1>mtime-normalize@1>separate-verifier@2,sha256:7fe26db1db1979f0e97f467d1a079e1eb605236c63ac3c6033fd8db1bd63a7b6,derived/task-store/variants/mimo-v2.6-rl__format-code-task-002149/7fe26db1db19,/Users/petermakhnatch/Developer/eval-lab-results/2026-10-07/HAR-191-oracle-sweep/tasks/format-code-task-002149/oracle/solution-patch.stdout.log,built,purge-installed-copies@1 skipped: scope is CONFIRMED_PURGE plus already-carried run packages (HAR-194 stance),sha256:542e9c4b07e173e23cf0b8598629ed1e694e58c7b5c45f296a06f498d63c5167,oracle:pass+nop:fail
format-code-task-002160,code,python,strip-future-history@1>purge-build-caches@1>mtime-normalize@1>separate-verifier@2,sha256:16bf92fa16270005c32bde2954a4fe29b2b0cd799dce12011b88619320f4035a,derived/task-store/variants/mimo-v2.6-rl__format-code-task-002160/16bf92fa1627,none,built,purge-installed-copies@1 skipped: scope is CONFIRMED_PURGE plus already-carried run packages (HAR-194 stance),sha256:77151b17b06d370bbfd813e2c0495e3002ad257ad89e456fe1cc6ebf1cd70597,
format-code-task-002162,code,python,strip-future-history@1>purge-build-caches@1>mtime-normalize@1>separate-verifier@2,sha256:2bf3ae2bbb78053f38855bb820c0487a2e7734af3782e4122b6e3bf40759352c,derived/task-store/variants/mimo-v2.6-rl__format-code-task-002162/2bf3ae2bbb78,none,built,purge-installed-copies@1 skipped: scope is CONFIRMED_PURGE plus already-carried run packages (HAR-194 stance),sha256:c0e811249ba22e2c5765da5e30089ffa708390dc911e49665d7d2a8fced9265f,
format-code-task-002169,code,python,strip-future-history@1>purge-build-caches@1>mtime-normalize@1>separate-verifier@2,sha256:0e1b66ea37c16312b647cd13c9268bf3190df8255dc05fb1eb7b3c9a3a25b67c,derived/task-store/variants/mimo-v2.6-rl__format-code-task-002169/0e1b66ea37c1,none,built,purge-installed-copies@1 skipped: scope is CONFIRMED_PURGE plus already-carried run packages (HAR-194 stance),sha256:38a8d54be3b5446fefee010775007e472afcdee00cf5cb67953fdeb417e9412a,
format-code-task-002170,code,python,strip-future-history@1>purge-build-caches@1>mtime-normalize@1>separate-verifier@2,sha256:8dd64408f0189268fd4d1a06d5865bd839a494f79c4d338ce1a483389fba4e38,derived/task-store/variants/mimo-v2.6-rl__format-code-task-002170/8dd64408f018,none,built,purge-installed-copies@1 skipped: scope is CONFIRMED_PURGE plus already-carried run packages (HAR-194 stance),sha256:3c1b9f04e5ffbda84f908a21c86ac584cf56d666c6517d7f392135fdc5734153,
format-code-task-002172,code,python,strip-future-history@1>purge-build-caches@1>mtime-normalize@1>separate-verifier@2,sha256:31f01bc3e7cbaae442a97116b180bf63b8aff89464be651e845a4f423aad7fc5,derived/task-store/variants/mimo-v2.6-rl__format-code-task-002172/31f01bc3e7cb,none,built,purge-installed-copies@1 skipped: scope is CONFIRMED_PURGE plus already-carried run packages (HAR-194 stance),sha256:2fc06276b8e7cf8d7768a2ed8a79faaf001c4696494bd70c42f6b9e1040658db,
format-code-task-002178,code,python,strip-future-history@1>purge-build-caches@1>mtime-normalize@1>separate-verifier@2,sha256:7583d999a98f96287590b43cfa9dfa452515d1aad1dfa02aece98fcde7c0d94a,derived/task-store/variants/mimo-v2.6-rl__format-code-task-002178/7583d999a98f,none,built,purge-installed-copies@1 skipped: scope is CONFIRMED_PURGE plus already-carried run packages (HAR-194 stance),sha256:b1752d9ff447b177b18c9443b3366efe801e239aefd37af39aa4088d6ad30f74,
format-code-task-002185,code,python,strip-future-history@1>purge-build-caches@1>mtime-normalize@1>separate-verifier@2,sha256:660c6b5b855a917a066739ab6a555f6a5b6e3de1bfec44c294b147fa7d649d65,derived/task-store/variants/mimo-v2.6-rl__format-code-task-002185/660c6b5b855a,none,built,purge-installed-copies@1 skipped: scope is CONFIRMED_PURGE plus already-carried run packages (HAR-194 stance),sha256:b36899fd7720a281211bd9a2b53554b16524283977606a9f0d0275ca8ccbe87f,
format-code-task-002188,code,python,strip-future-history@1>purge-build-caches@1>mtime-normalize@1>separate-verifier@2,sha256:88ad21ae3980ecff45608bfcaadde458a0ab4e0996306779536a156ad21857d0,derived/task-store/variants/mimo-v2.6-rl__format-code-task-002188/88ad21ae3980,none,built,purge-installed-copies@1 skipped: scope is CONFIRMED_PURGE plus already-carried run packages (HAR-194 stance),sha256:05c56be385267a615660d78da703d310b656ad11da218e825eb5c204eeef645a,
format-code-task-002189,code,python,strip-future-history@1>purge-build-caches@1>mtime-normalize@1>separate-verifier@2,sha256:30e3350621ec8ea868c3a3030f8d21d371635e0409c5283cc636cc205d7a0b6e,derived/task-store/variants/mimo-v2.6-rl__format-code-task-002189/30e3350621ec,none,built,purge-installed-copies@1 skipped: scope is CONFIRMED_PURGE plus already-carried run packages (HAR-194 stance),sha256:3cca0245352e3292a4399ac2fe953f5cc59fc33973ac221b52effed68a4745fc,
format-code-task-002190,code,python,strip-future-history@1>purge-build-caches@1>mtime-normalize@1>separate-verifier@2,sha256:0bd5799d3ec690b6aad1832a06a43fcb8986d3314b99b4feb4bb671c047ba19c,derived/task-store/variants/mimo-v2.6-rl__format-code-task-002190/0bd5799d3ec6,none,built,purge-installed-copies@1 skipped: scope is CONFIRMED_PURGE plus already-carried run packages (HAR-194 stance),sha256:fb382b85270f62f9b4dc0089342eab0322af759f77e24366a0d6ec1288e84ddd,
format-code-task-002191,code,python,strip-future-history@1>purge-build-caches@1>mtime-normalize@1>separate-verifier@2,sha256:cdcd9a289de3b055db10fd5564133b2f92053542ab7babfb41b39ebcaaa389f5,derived/task-store/variants/mimo-v2.6-rl__format-code-task-002191/cdcd9a289de3,none,built,purge-installed-copies@1 skipped: scope is CONFIRMED_PURGE plus already-carried run packages (HAR-194 stance),sha256:016fcb1b54e20bafe95a02a1a3842cc1b5d617a9406e9191a3efb59a77c66d41,
format-code-task-002195,code,python,strip-future-history@1>purge-build-caches@1>mtime-normalize@1>separate-verifier@2,sha256:055d6edeab60b844a8bbd0181725ce041ff1a497306969833abd59b0c648ad03,derived/task-store/variants/mimo-v2.6-rl__format-code-task-002195/055d6edeab60,none,built,purge-installed-copies@1 skipped: scope is CONFIRMED_PURGE plus already-carried run packages (HAR-194 stance),sha256:ec31b62354305fe0497d1bd6b141c179d95105470d786c0c06197a2ad4084891,
format-code-task-002196,code,python,strip-future-history@1>purge-build-caches@1>mtime-normalize@1>separate-verifier@2,sha256:dd99332682c14354ecf54cd1df7606413ece0a0c981e553af3404f409c0fb5d8,derived/task-store/variants/mimo-v2.6-rl__format-code-task-002196/dd99332682c1,none,built,purge-installed-copies@1 skipped: scope is CONFIRMED_PURGE plus already-carried run packages (HAR-194 stance),sha256:940f6cdda133ccde4529882e901252f9713731bda805bc304a10c6c391b76375,
format-code-task-002197,code,python,strip-future-history@1>purge-build-caches@1>mtime-normalize@1>separate-verifier@2,sha256:e1ebf70bd98d61fed5c756d42e9ced841f35b373e2a3320d27830171d2af9f82,derived/task-store/variants/mimo-v2.6-rl__format-code-task-002197/e1ebf70bd98d,none,built,purge-installed-copies@1 skipped: scope is CONFIRMED_PURGE plus already-carried run packages (HAR-194 stance),sha256:5f52378d3ad0b560421d42c21b1d3855d36e7a6d78cdf0ad959887003c300070,
format-code-task-002198,code,python,strip-future-history@1>purge-build-caches@1>mtime-normalize@1>separate-verifier@2,sha256:46e4838dfe939802efa1f47d16f0273e4e0a96702bace869067c235e5513bd13,derived/task-store/variants/mimo-v2.6-rl__format-code-task-002198/46e4838dfe93,none,built,purge-installed-copies@1 skipped: scope is CONFIRMED_PURGE plus already-carried run packages (HAR-194 stance),sha256:d2b32392c83000eecc02975ec5e6a3719039a22680abb65aefb9632b2282117b,
format-code-task-002199,code,python,strip-future-history@1>purge-build-caches@1>mtime-normalize@1>separate-verifier@2,sha256:9d726289b615bb78d5c9b03b7131c79e4737e0b5fdbf535c835666250bb033d6,derived/task-store/variants/mimo-v2.6-rl__format-code-task-002199/9d726289b615,none,built,purge-installed-copies@1 skipped: scope is CONFIRMED_PURGE plus already-carried run packages (HAR-194 stance),sha256:a7a0de5e67460b3964e14c9f7bf9b71bc9acb8b6f23f503c905b601ac75d5ce4,
format-code-task-002201,code,python,strip-future-history@1>purge-build-caches@1>mtime-normalize@1>separate-verifier@2,sha256:de14e63f491b2e5a2867dd7432f87bbf9d8e502c6918cde727bfebcfa430152a,derived/task-store/variants/mimo-v2.6-rl__format-code-task-002201/de14e63f491b,none,built,purge-installed-copies@1 skipped: scope is CONFIRMED_PURGE plus already-carried run packages (HAR-194 stance),sha256:f516830bb470e3616295695e0cefbbc55778987100146a6080da07ec15e008ef,
format-code-task-002202,code,python,strip-future-history@1>purge-build-caches@1>mtime-normalize@1>separate-verifier@2,sha256:da231b4ba4d84030eeb4b257b5ca2c448ea8a46546a7c1d49b16da13b7eff620,derived/task-store/variants/mimo-v2.6-rl__format-code-task-002202/da231b4ba4d8,none,built,purge-installed-copies@1 skipped: scope is CONFIRMED_PURGE plus already-carried run packages (HAR-194 stance),sha256:c8cff14e78a4278c0dae0f4385813d8b1d8f5ec5c5081837a92d289af2b498ff,
format-code-task-002204,code,python,strip-future-history@1>purge-build-caches@1>mtime-normalize@1>separate-verifier@2,sha256:b1e308dcf16800f223ea611c88643ec49d782804279a503c8adbf3cf38ae8815,derived/task-store/variants/mimo-v2.6-rl__format-code-task-002204/b1e308dcf168,none,built,purge-installed-copies@1 skipped: scope is CONFIRMED_PURGE plus already-carried run packages (HAR-194 stance),sha256:4556e13cde6ddcd7c83e776d65849a088003e724e1f2960e66a2f2e11cdf1f17,
format-code-task-002205,code,python,strip-future-history@1>purge-build-caches@1>mtime-normalize@1>separate-verifier@2,sha256:09bfed0cbc2a963b952476c01fda56a21d1e4f0ea535d86bb757b6bb4e6b059b,derived/task-store/variants/mimo-v2.6-rl__format-code-task-002205/09bfed0cbc2a,none,built,purge-installed-copies@1 skipped: scope is CONFIRMED_PURGE plus already-carried run packages (HAR-194 stance),sha256:e61a7fd5c4e6d51ed8a45fa106633f9469e8260efda1a4cf0c00b01518b263c7,
format-code-task-002206,code,python,strip-future-history@1>purge-build-caches@1>mtime-normalize@1>separate-verifier@2,sha256:961749128f893435ae667f2e2f5747ec99e90dc7f13fdfd96fa5b5c14d59ba5e,derived/task-store/variants/mimo-v2.6-rl__format-code-task-002206/961749128f89,none,built,purge-installed-copies@1 skipped: scope is CONFIRMED_PURGE plus already-carried run packages (HAR-194 stance),sha256:dec48c46c29c34502fd69072fea926bca22ef2f57d99f9a6645b02d2be6fb8a9,
format-code-task-002207,code,python,strip-future-history@1>purge-build-caches@1>mtime-normalize@1>separate-verifier@2,sha256:41a3f19ebd920999ff1aacb6b3aad9f3ec587179d09b3a8447d93ad5e3cfac17,derived/task-store/variants/mimo-v2.6-rl__format-code-task-002207/41a3f19ebd92,none,built,purge-installed-copies@1 skipped: scope is CONFIRMED_PURGE plus already-carried run packages (HAR-194 stance),sha256:bb3f7906da1a5960242502024bd557b3016bc783642fd27ed702c55e62edc4c2,
format-code-task-002208,code,python,strip-future-history@1>purge-build-caches@1>mtime-normalize@1>separate-verifier@2,sha256:fb14fa14998b674b58105f68d9251000dafc82895fab89677da17d8add086144,derived/task-store/variants/mimo-v2.6-rl__format-code-task-002208/fb14fa14998b,/Users/petermakhnatch/Developer/eval-lab-results/2026-10-07/HAR-191-oracle-sweep/tasks/format-code-task-002208/oracle/solution-patch.stdout.log,built,purge-installed-copies@1 skipped: scope is CONFIRMED_PURGE plus already-carried run packages (HAR-194 stance),sha256:b3b73a84cf091c682196a69b7fac4f8d4fab1eadcbf43eeba3946b7452e54d6a,oracle:pass+nop:fail
format-code-task-002209,code,python,strip-future-history@1>purge-build-caches@1>mtime-normalize@1>separate-verifier@2,sha256:20c746c6902d8c159cd63f071c1a60bcbd02965028000e847dec9b5b3a0fd813,derived/task-store/variants/mimo-v2.6-rl__format-code-task-002209/20c746c6902d,none,built,purge-installed-copies@1 skipped: scope is CONFIRMED_PURGE plus already-carried run packages (HAR-194 stance),sha256:33aebc8c10590292b39f79f2cf595c4937f94518dd5c7981f88332569f148ea8,
format-code-task-002210,code,python,strip-future-history@1>purge-build-caches@1>mtime-normalize@1>separate-verifier@2,sha256:ecb051d40bdc378961d6ea22d53b3f853e1bb18b3631809b9a8e11736f883560,derived/task-store/variants/mimo-v2.6-rl__format-code-task-002210/ecb051d40bdc,/Users/petermakhnatch/Developer/eval-lab-results/2026-10-07/HAR-191-oracle-sweep/tasks/format-code-task-002210/oracle/solution-patch.stdout.log,built,purge-installed-copies@1 skipped: scope is CONFIRMED_PURGE plus already-carried run packages (HAR-194 stance),sha256:362f105e4b2e15e4ad73d39461c04dedf26edcaa2146d27d7ea5cbec02742c3b,oracle:pass+nop:fail
format-code-task-002211,code,python,strip-future-history@1>purge-build-caches@1>mtime-normalize@1>separate-verifier@2,sha256:a79d96d30158a9e9f9948dc25a6f06f85b59aa0c73f4a1520222f262f5b49d79,derived/task-store/variants/mimo-v2.6-rl__format-code-task-002211/a79d96d30158,none,built,purge-installed-copies@1 skipped: scope is CONFIRMED_PURGE plus already-carried run packages (HAR-194 stance),sha256:977f6394b2767b6f97e960083948ffd479ee56b17856b041634649056fb9b788,
format-code-task-002212,code,python,strip-future-history@1>purge-build-caches@1>mtime-normalize@1>separate-verifier@2,sha256:d09071fdd1c45cd4765dc17e67a335b484aaff893318e348a1d6513550eb376f,derived/task-store/variants/mimo-v2.6-rl__format-code-task-002212/d09071fdd1c4,/Users/petermakhnatch/Developer/eval-lab-results/2026-10-07/HAR-191-oracle-sweep/tasks/format-code-task-002212/oracle/solution-patch.stdout.log,built,purge-installed-copies@1 skipped: scope is CONFIRMED_PURGE plus already-carried run packages (HAR-194 stance),sha256:73a5e4e8332540d4f860d44f22c4709f957b7c514f6d154da37dfc9fec69afa7,oracle:pass+nop:fail
format-code-task-002213,code,python,strip-future-history@1>purge-build-caches@1>mtime-normalize@1>separate-verifier@2,sha256:4a2108340f540197b823c041bdf93ca5fba813d5972009e24e7ed89625921092,derived/task-store/variants/mimo-v2.6-rl__format-code-task-002213/4a2108340f54,none,built,purge-installed-copies@1 skipped: scope is CONFIRMED_PURGE plus already-carried run packages (HAR-194 stance),sha256:3ecc72b856800b7fb0bfcc38050f82de82c8a70eb92b03128430fd2290c72345,
format-code-task-002214,code,python,strip-future-history@1>purge-build-caches@1>mtime-normalize@1>separate-verifier@2,sha256:7d5fd698054244b818fbeffd87ce8719215285fedba768416017c28d7d0911da,derived/task-store/variants/mimo-v2.6-rl__format-code-task-002214/7d5fd6980542,/Users/petermakhnatch/Developer/eval-lab-results/2026-10-07/HAR-191-oracle-sweep/tasks/format-code-task-002214/oracle/solution-patch.stdout.log,built,purge-installed-copies@1 skipped: scope is CONFIRMED_PURGE plus already-carried run packages (HAR-194 stance),sha256:6440947cd8490b72eb9de05456f0dc57e501992b23848069b0ef1d170f863ab3,oracle:pass+nop:fail
format-code-task-002215,code,python,strip-future-history@1>purge-build-caches@1>mtime-normalize@1>separate-verifier@2,sha256:c132337fce9535feb11f5af9ec56954cb8540c587557d08025114633b1c46c7b,derived/task-store/variants/mimo-v2.6-rl__format-code-task-002215/c132337fce95,none,built,purge-installed-copies@1 skipped: scope is CONFIRMED_PURGE plus already-carried run packages (HAR-194 stance),sha256:ec291f0ca0d98d787faffd0be3ddfb2b31456f5b13179f344bc3e45d166be4bf,
format-code-task-002216,code,python,strip-future-history@1>purge-build-caches@1>mtime-normalize@1>separate-verifier@2,sha256:880cef00628df79161d4c3886a031450adb6463022a275114d88093d23100f48,derived/task-store/variants/mimo-v2.6-rl__format-code-task-002216/880cef00628d,/Users/petermakhnatch/Developer/eval-lab-results/2026-10-07/HAR-191-oracle-sweep/tasks/format-code-task-002216/oracle/solution-patch.stdout.log,built,purge-installed-copies@1 skipped: scope is CONFIRMED_PURGE plus already-carried run packages (HAR-194 stance),sha256:a84d99c3541b2ccb822c20b677b8c7c8b4280b01e5cf17915d1676f57f667127,oracle:pass+nop:fail
format-code-task-002218,code,python,strip-future-history@1>purge-build-caches@1>mtime-normalize@1>separate-verifier@2,sha256:166c2eb23029f6ad5ce962e194d604ebf9fe368e1394bbec9fd350e2e299622f,derived/task-store/variants/mimo-v2.6-rl__format-code-task-002218/166c2eb23029,none,built,purge-installed-copies@1 skipped: scope is CONFIRMED_PURGE plus already-carried run packages (HAR-194 stance),sha256:8efe1f83348c36ec48a764248fbdecf7ccd55f3e1815cac48c134d66806cd3ad,
format-code-task-002219,code,python,strip-future-history@1>purge-build-caches@1>mtime-normalize@1>separate-verifier@2,sha256:4729fea2acc947c44decf4f32ab26bc4b532c2049f14c7babface7166059bba0,derived/task-store/variants/mimo-v2.6-rl__format-code-task-002219/4729fea2acc9,/Users/petermakhnatch/Developer/eval-lab-results/2026-10-07/HAR-191-oracle-sweep/tasks/format-code-task-002219/oracle/solution-patch.stdout.log,built,purge-installed-copies@1 skipped: scope is CONFIRMED_PURGE plus already-carried run packages (HAR-194 stance),sha256:20a023bee77316772c2a1cf1e2b4b6de0c9865e21812d2918df60577506e4438,oracle:pass+nop:fail
format-code-task-002220,code,python,strip-future-history@1>purge-build-caches@1>mtime-normalize@1>separate-verifier@2,sha256:2287d00736009873644b3b1df90c1954b811f28c38f783da5a893e449a4f088e,derived/task-store/variants/mimo-v2.6-rl__format-code-task-002220/2287d0073600,none,built,purge-installed-copies@1 skipped: scope is CONFIRMED_PURGE plus already-carried run packages (HAR-194 stance),sha256:227a9dd7bec693342767b862cabbeafe30b4f8d62e4963be6a3d68a8b1e7d70d,
format-code-task-002221,code,python,strip-future-history@1>purge-build-caches@1>mtime-normalize@1>separate-verifier@2,sha256:4810c016b2493f1bfc4ecebf788c3b1aabe5a62563d40d9e6308687a86ae581e,derived/task-store/variants/mimo-v2.6-rl__format-code-task-002221/4810c016b249,none,built,purge-installed-copies@1 skipped: scope is CONFIRMED_PURGE plus already-carried run packages (HAR-194 stance),sha256:661e1d7ac8fac75f99da48c958df49a9d82b8421ba70c52096a8b7d023aa64b6,
format-code-task-002222,code,python,strip-future-history@1>purge-build-caches@1>mtime-normalize@1>separate-verifier@2,sha256:22b65229f17b77149971383bfd309d16c9e0b22aa50467bc080a0d45e2eac48a,derived/task-store/variants/mimo-v2.6-rl__format-code-task-002222/22b65229f17b,none,built,purge-installed-copies@1 skipped: scope is CONFIRMED_PURGE plus already-carried run packages (HAR-194 stance),sha256:ee7fbb400ead484cdf259da63df853e70e0fa1f6f724161e35cbbfd1ec0b87ca,
format-code-task-002223,code,python,strip-future-history@1>purge-build-caches@1>mtime-normalize@1>separate-verifier@2,sha256:c9ed3fbf2f175042533965783b5c2e1336027e3429c7d032cc1096fc3ee990b3,derived/task-store/variants/mimo-v2.6-rl__format-code-task-002223/c9ed3fbf2f17,none,built,purge-installed-copies@1 skipped: scope is CONFIRMED_PURGE plus already-carried run packages (HAR-194 stance),sha256:60857d336231638e6cbc4d5849f0a7068d50d5d27dcf8f1864af9f9e8d5e80a1,
format-code-task-002224,code,python,strip-future-history@1>purge-build-caches@1>mtime-normalize@1>separate-verifier@2,sha256:f03e1c7c535ad467df945e1f552f3b599d3dbaba12ec3f2af2c68d324c9b252b,derived/task-store/variants/mimo-v2.6-rl__format-code-task-002224/f03e1c7c535a,none,built,purge-installed-copies@1 skipped: scope is CONFIRMED_PURGE plus already-carried run packages (HAR-194 stance),sha256:5e42d8119c8d9a1ff814bd6b4169793efbfdcb523a42d1f53a12718de7d9ec4b,
format-code-task-002226,code,python,strip-future-history@1>purge-build-caches@1>mtime-normalize@1>separate-verifier@2,sha256:f3b7e50d171beb4c6aadeb270ac17783e03ac4f8091c53ec9974cb79d2969b20,derived/task-store/variants/mimo-v2.6-rl__format-code-task-002226/f3b7e50d171b,none,built,purge-installed-copies@1 skipped: scope is CONFIRMED_PURGE plus already-carried run packages (HAR-194 stance),sha256:a5981d6b8553b20abcae74ef6d0318d1c8f24fd87fae507f4e4b9aeb6c3935a4,
format-code-task-002228,code,python,strip-future-history@1>purge-build-caches@1>mtime-normalize@1>separate-verifier@2,sha256:5339b8c4cb993d7ff5e4a406e2425baf8e7ce28d600f43c636b1f233438f7c7d,derived/task-store/variants/mimo-v2.6-rl__format-code-task-002228/5339b8c4cb99,none,built,purge-installed-copies@1 skipped: scope is CONFIRMED_PURGE plus already-carried run packages (HAR-194 stance),sha256:1a1ce521fa3b63211e772242b9939b961f8417f09559da8883ba9ea2066fdcc5,
format-code-task-002229,code,python,strip-future-history@1>purge-build-caches@1>mtime-normalize@1>separate-verifier@2,sha256:9c55457e5f7fcd70b1df133da252a5892156e67f3e1b4e7a72c2049ccbe3f24c,derived/task-store/variants/mimo-v2.6-rl__format-code-task-002229/9c55457e5f7f,/Users/petermakhnatch/Developer/eval-lab-results/2026-10-07/HAR-191-oracle-sweep/tasks/format-code-task-002229/oracle/solution-patch.stdout.log,built,purge-installed-copies@1 skipped: scope is CONFIRMED_PURGE plus already-carried run packages (HAR-194 stance),sha256:2b4a9ee29a46408c6830847bafb2c59b8e66d3f2aff807326590c28018eecd05,oracle:pass+nop:fail
format-code-task-002230,code,python,strip-future-history@1>purge-build-caches@1>mtime-normalize@1>separate-verifier@2,sha256:338d9058f900a632f6e867fc17802a437f4ad7e6012ca96aef15eeb7fa4e540f,derived/task-store/variants/mimo-v2.6-rl__format-code-task-002230/338d9058f900,/Users/petermakhnatch/Developer/eval-lab-results/2026-10-07/HAR-191-oracle-sweep/tasks/format-code-task-002230/oracle/solution-patch.stdout.log,built,purge-installed-copies@1 skipped: scope is CONFIRMED_PURGE plus already-carried run packages (HAR-194 stance),sha256:2a625da07b0b05f20744c26a62de56550830770485da53d6e0398be46596d680,oracle:pass+nop:fail
format-code-task-002231,code,python,strip-future-history@1>purge-build-caches@1>mtime-normalize@1>separate-verifier@2,sha256:57f37f3a8f600d20beefae69422dcbd077e7cffe169f68251e47c39fac8cbd7d,derived/task-store/variants/mimo-v2.6-rl__format-code-task-002231/57f37f3a8f60,/Users/petermakhnatch/Developer/eval-lab-results/2026-10-07/HAR-191-oracle-sweep/tasks/format-code-task-002231/oracle/solution-patch.stdout.log,built,purge-installed-copies@1 skipped: scope is CONFIRMED_PURGE plus already-carried run packages (HAR-194 stance),sha256:72355a73c51048def8bdb012a310f59ae13d5cf0a58479888062efeb78ab20d4,oracle:pass+nop:fail
format-code-task-002233,code,python,strip-future-history@1>purge-build-caches@1>mtime-normalize@1>separate-verifier@2,sha256:f0a601129ac1bf27caf941e91c6d007e60ca89cd946deede58f35dfa8515691a,derived/task-store/variants/mimo-v2.6-rl__format-code-task-002233/f0a601129ac1,none,built,purge-installed-copies@1 skipped: scope is CONFIRMED_PURGE plus already-carried run packages (HAR-194 stance),sha256:f5d31583f98aef1e52c343dc911b2ab12c2168203d94c46161ab45a68ccf1c50,
format-code-task-002248,code,python,strip-future-history@1>purge-build-caches@1>mtime-normalize@1>separate-verifier@2,sha256:ada756f14d9e502a3f0d646bf5c1cded372d16223c3915e3bd2bdce3327fef86,derived/task-store/variants/mimo-v2.6-rl__format-code-task-002248/ada756f14d9e,none,built,purge-installed-copies@1 skipped: scope is CONFIRMED_PURGE plus already-carried run packages (HAR-194 stance),sha256:cd99435b755a428cfdd725bdd4c09623b0803794937bb6981f99ec80a1f414f6,
format-code-task-002250,code,python,strip-future-history@1>purge-build-caches@1>mtime-normalize@1>separate-verifier@2,sha256:b8b6c047f7644ba548738af3c7a33ce92dbcd5a29141fd159879eb66a8aa3078,derived/task-store/variants/mimo-v2.6-rl__format-code-task-002250/b8b6c047f764,none,built,purge-installed-copies@1 skipped: scope is CONFIRMED_PURGE plus already-carried run packages (HAR-194 stance),sha256:6bd65c36da14810313f08867113f53f355fdb835e63dd905640419aece711530,
format-code-task-002256,code,python,strip-future-history@1>purge-build-caches@1>mtime-normalize@1>separate-verifier@2,sha256:8cdd174bf8a7c948bf77ebb9a76df30d429071443685b966d49dc8e87ebaece4,derived/task-store/variants/mimo-v2.6-rl__format-code-task-002256/8cdd174bf8a7,/Users/petermakhnatch/Developer/eval-lab-results/2026-10-07/HAR-191-oracle-sweep/tasks/format-code-task-002256/oracle/solution-patch.stdout.log,built,purge-installed-copies@1 skipped: scope is CONFIRMED_PURGE plus already-carried run packages (HAR-194 stance),sha256:8f0e6de1d93bab6855dfa793ea3844e4b8da03afbed5991d6b7651a6aac925f0,oracle:pass+nop:fail
format-code-task-002259,code,python,strip-future-history@1>purge-build-caches@1>mtime-normalize@1>separate-verifier@2,sha256:3321650652a7bf53ab1d1fb560a82930e169607c51c5af2509b9ed9581decb8f,derived/task-store/variants/mimo-v2.6-rl__format-code-task-002259/3321650652a7,none,built,purge-installed-copies@1 skipped: scope is CONFIRMED_PURGE plus already-carried run packages (HAR-194 stance),sha256:a90ba7fca34b2019dff5a6f9226c28130d5919e4820c0faf2e3661df9d779033,
format-code-task-002262,code,python,strip-future-history@1>purge-build-caches@1>mtime-normalize@1>separate-verifier@2,sha256:f162c631cf1edaf6ea8dad28d01c4e9adf1d7f35dc1ad2095332ba927bfa9ba7,derived/task-store/variants/mimo-v2.6-rl__format-code-task-002262/f162c631cf1e,none,built,purge-installed-copies@1 skipped: scope is CONFIRMED_PURGE plus already-carried run packages (HAR-194 stance),sha256:5748f8b2bb4561959d91d78060a8f06d100d49d30e5e0e84ea2c7d1d08eb111f,
format-code-task-002281,code,python,strip-future-history@1>purge-build-caches@1>mtime-normalize@1>separate-verifier@2,sha256:e5adc3b1c556d3ce64f57823f794f8d73c3835eca0dfb18cb0684a54849e1400,derived/task-store/variants/mimo-v2.6-rl__format-code-task-002281/e5adc3b1c556,none,built,purge-installed-copies@1 skipped: scope is CONFIRMED_PURGE plus already-carried run packages (HAR-194 stance),sha256:14cb2299e4c9881aa7ba742aa529a90bfd483da436f73ac896b28f95f704d23a,
format-code-task-002282,code,python,strip-future-history@1>purge-build-caches@1>mtime-normalize@1>separate-verifier@2,sha256:be471929f10d8186583d9ed46b1c5b9b6cb0537c1cfe6bf921c7e86bd07ced73,derived/task-store/variants/mimo-v2.6-rl__format-code-task-002282/be471929f10d,none,built,purge-installed-copies@1 skipped: scope is CONFIRMED_PURGE plus already-carried run packages (HAR-194 stance),sha256:589aa77c3a9346b33e282fe3939c8b1ba9d210a45325f1e5a0c4aa6d1425214d,
format-code-task-002283,code,python,strip-future-history@1>purge-build-caches@1>mtime-normalize@1>separate-verifier@2,sha256:8b575b1e4cff0e822303953c702b62c1c04b9402232df2b9fb26114b44db4f95,derived/task-store/variants/mimo-v2.6-rl__format-code-task-002283/8b575b1e4cff,/Users/petermakhnatch/Developer/eval-lab-results/2026-10-07/HAR-191-oracle-sweep/tasks/format-code-task-002283/oracle/solution-patch.stdout.log,built,purge-installed-copies@1 skipped: scope is CONFIRMED_PURGE plus already-carried run packages (HAR-194 stance),sha256:ffe6bc5ba11ac042307eca6bc2339fe7e51f34a95945a255b72187dd12f501b2,oracle:pass+nop:fail
format-code-task-002289,code,python,strip-future-history@1>purge-build-caches@1>mtime-normalize@1>separate-verifier@2,sha256:49225f3754b155d031bb8890b8d80ba5e8edce33019d1582b5bd681dbc6ceb59,derived/task-store/variants/mimo-v2.6-rl__format-code-task-002289/49225f3754b1,none,built,purge-installed-copies@1 skipped: scope is CONFIRMED_PURGE plus already-carried run packages (HAR-194 stance),sha256:290302d5d5f7900690a3c1a2be6d8c60603ab7e2c7f2868f8068fcab786b8ab2,
format-code-task-002290,code,python,strip-future-history@1>purge-build-caches@1>mtime-normalize@1>separate-verifier@2,sha256:014d6dbdfc69b25179531fc2db198307542a017c91b5f9796390f768f34b7698,derived/task-store/variants/mimo-v2.6-rl__format-code-task-002290/014d6dbdfc69,none,built,purge-installed-copies@1 skipped: scope is CONFIRMED_PURGE plus already-carried run packages (HAR-194 stance),sha256:5d2554ae576de932cc9a15e4316615524c7d46cff2a8fa6ff517b4ff2c86d883,
format-code-task-002292,code,python,strip-future-history@1>purge-build-caches@1>mtime-normalize@1>separate-verifier@2,sha256:31cc4669dc250b39f866fe3a7f2b10952818b814ab02ae9390ccdc1f49a327e3,derived/task-store/variants/mimo-v2.6-rl__format-code-task-002292/31cc4669dc25,none,built,purge-installed-copies@1 skipped: scope is CONFIRMED_PURGE plus already-carried run packages (HAR-194 stance),sha256:8e0edb676157f3b1814685945f8c434b9a18946e4e05020ce6209ccd95d6b9ad,
format-code-task-002294,code,python,strip-future-history@1>purge-build-caches@1>mtime-normalize@1>separate-verifier@2,sha256:49621a2a49889949d611c7e64e247682cec8e0b16f101cf98d7bf94360d9d369,derived/task-store/variants/mimo-v2.6-rl__format-code-task-002294/49621a2a4988,none,built,purge-installed-copies@1 skipped: scope is CONFIRMED_PURGE plus already-carried run packages (HAR-194 stance),sha256:d0f039f0d1873ed300969777adda99105810d40dc37ccad157f443ce294e04f8,
format-code-task-002295,code,python,strip-future-history@1>purge-build-caches@1>mtime-normalize@1>separate-verifier@2,sha256:9862050e64fca021d650ba7a8ac9da5fa5ceb6e4e7652c9081444470b2dda2a7,derived/task-store/variants/mimo-v2.6-rl__format-code-task-002295/9862050e64fc,none,built,purge-installed-copies@1 skipped: scope is CONFIRMED_PURGE plus already-carried run packages (HAR-194 stance),sha256:e402aac3cc4157c9b894cedfd496547265fc4cf0be37e45e4019709cb55174c3,
format-code-task-002302,code,python,strip-future-history@1>purge-build-caches@1>mtime-normalize@1>separate-verifier@2,sha256:0bf9a4dbdf49b602320f71d1178311ba9ac00e4e32fa89af0fcf3f1a457422ce,derived/task-store/variants/mimo-v2.6-rl__format-code-task-002302/0bf9a4dbdf49,/Users/petermakhnatch/Developer/eval-lab-results/2026-10-07/HAR-191-oracle-sweep/tasks/format-code-task-002302/oracle/solution-patch.stdout.log,built,purge-installed-copies@1 skipped: scope is CONFIRMED_PURGE plus already-carried run packages (HAR-194 stance),sha256:5c7cb446bfa714ef0b739244885ac7a9aa0f6c768772dae9a03a31466fb797da,oracle:pass+nop:fail
format-code-task-002304,code,python,strip-future-history@1>purge-build-caches@1>mtime-normalize@1>separate-verifier@2,sha256:14c78d6882029e5df3885ae9f461be814e6b1859303b140beeb2dd2cfc303b6e,derived/task-store/variants/mimo-v2.6-rl__format-code-task-002304/14c78d688202,none,built,purge-installed-copies@1 skipped: scope is CONFIRMED_PURGE plus already-carried run packages (HAR-194 stance),sha256:4b09bd0d430be558f3a5c04ad2db7e36ce83779a83bd97126f5192575af84d09,
format-code-task-002306,code,python,strip-future-history@1>purge-build-caches@1>mtime-normalize@1>separate-verifier@2,sha256:1e1a5d83feb4898a1811347dfe4da443950fc5c0d9d51183c7da055dd4033f35,derived/task-store/variants/mimo-v2.6-rl__format-code-task-002306/1e1a5d83feb4,none,built,purge-installed-copies@1 skipped: scope is CONFIRMED_PURGE plus already-carried run packages (HAR-194 stance),sha256:22b47127c870931656e17912da51043ae0b3a6f6d351ee5b87484fbbd2b4cd03,
format-code-task-002307,code,python,strip-future-history@1>purge-build-caches@1>mtime-normalize@1>separate-verifier@2,sha256:8c7c938380b284a77b1847c566dfed81d5104fdb9fb7f088d634e84ef1bbeb0c,derived/task-store/variants/mimo-v2.6-rl__format-code-task-002307/8c7c938380b2,/Users/petermakhnatch/Developer/eval-lab-results/2026-10-07/HAR-191-oracle-sweep/tasks/format-code-task-002307/oracle/solution-patch.stdout.log,built,purge-installed-copies@1 skipped: scope is CONFIRMED_PURGE plus already-carried run packages (HAR-194 stance),sha256:2232110e2cd88ef7cb3ed3a4e3aef82d41684a080a65cc671f21f23bf60f1060,oracle:pass+nop:fail
format-code-task-002308,code,python,strip-future-history@1>purge-installed-copies@1>purge-build-caches@1>mtime-normalize@1>separate-verifier@2,sha256:519a7dd1398476075fd37c048dd8a87d88546d1f54ba2c11cb9384a31a7c1e04,derived/task-store/variants/mimo-v2.6-rl__format-code-task-002308/519a7dd13984,none,built,strip-future-history@1 already in run package; purge-installed-copies@1 already in run package,sha256:db5d755f703004cbac9be99d19f6ec7519d07274a24d202ab8f9b467c9fc2e2d,
format-code-task-002313,code,python,strip-future-history@1>purge-build-caches@1>mtime-normalize@1>separate-verifier@2,sha256:756eddb9eebc925b7836f6b0d614000cc5763a15d19180259d59be1dd0d0da31,derived/task-store/variants/mimo-v2.6-rl__format-code-task-002313/756eddb9eebc,none,built,purge-installed-copies@1 skipped: scope is CONFIRMED_PURGE plus already-carried run packages (HAR-194 stance),sha256:a663fab5a4e7e7be873af7680d6716ff0a3f90762e51d927ea81664b067af318,
format-code-task-002335,code,python,strip-future-history@1>purge-build-caches@1>mtime-normalize@1>separate-verifier@2,sha256:10bf756c2e5674e461c3d6ecb9522cb26cf0b0e32f275c97e8fe4ff93e6975a9,derived/task-store/variants/mimo-v2.6-rl__format-code-task-002335/10bf756c2e56,/Users/petermakhnatch/Developer/eval-lab-results/2026-10-07/HAR-191-oracle-sweep/tasks/format-code-task-002335/oracle/solution-patch.stdout.log,built,purge-installed-copies@1 skipped: scope is CONFIRMED_PURGE plus already-carried run packages (HAR-194 stance),sha256:71a9a2dd878757dadfd5405b9378f64a3b250eaed3f0956a9b0a667c93d2b8e3,oracle:pass+nop:fail
format-code-task-002336,code,python,strip-future-history@1>purge-build-caches@1>mtime-normalize@1>separate-verifier@2,sha256:d01d3ec062d775d7bf87b66ecc80a241ccb325004a4f838d2a5535f59d04ac58,derived/task-store/variants/mimo-v2.6-rl__format-code-task-002336/d01d3ec062d7,/Users/petermakhnatch/Developer/eval-lab-results/2026-10-07/HAR-191-oracle-sweep/tasks/format-code-task-002336/oracle/solution-patch.stdout.log,built,purge-installed-copies@1 skipped: scope is CONFIRMED_PURGE plus already-carried run packages (HAR-194 stance),sha256:85eada696fbaeaf9fd1793018698418234cafcf66fc1dd0ffae3a97dcb9805cb,oracle:pass+nop:fail
format-code-task-002338,code,python,strip-future-history@1>purge-build-caches@1>mtime-normalize@1>separate-verifier@2,sha256:4ca38735f30ae494fbaeaea86c9b72697f5bfafa32bb1bdabaf78c4d0b14ad97,derived/task-store/variants/mimo-v2.6-rl__format-code-task-002338/4ca38735f30a,none,built,purge-installed-copies@1 skipped: scope is CONFIRMED_PURGE plus already-carried run packages (HAR-194 stance),sha256:b0cc80409a762fdc267da1461f1e4d04cd23434f7b04cd078731ac0e61f55f8b,
format-code-task-002341,code,python,strip-future-history@1>purge-build-caches@1>mtime-normalize@1>separate-verifier@2,sha256:085b81e7c91b435e318133d8ec78b37ac8806a8a99346c17b44f79066f3ba851,derived/task-store/variants/mimo-v2.6-rl__format-code-task-002341/085b81e7c91b,none,built,purge-installed-copies@1 skipped: scope is CONFIRMED_PURGE plus already-carried run packages (HAR-194 stance),sha256:062dc74f463bd93892dd968c4111416501493f33f78a4a22352a391e52daf224,
format-code-task-002350,code,python,strip-future-history@1>purge-build-caches@1>mtime-normalize@1>separate-verifier@2,sha256:e0ea6f7e23a3971ba66ed79a077f106b9017bffa7cbca05301fb014c4e58e3fb,derived/task-store/variants/mimo-v2.6-rl__format-code-task-002350/e0ea6f7e23a3,none,built,purge-installed-copies@1 skipped: scope is CONFIRMED_PURGE plus already-carried run packages (HAR-194 stance),sha256:c4d71f73b2fcc70b7c2a1672dd90bdab1b04c161e63af55ee851301210d52d56,
format-code-task-002351,code,python,strip-future-history@1>purge-build-caches@1>mtime-normalize@1>separate-verifier@2,sha256:6c3efefbdf7792753c7360534f19db1cb30d1afcef0e9ae5ae07e5707dbdc7a9,derived/task-store/variants/mimo-v2.6-rl__format-code-task-002351/6c3efefbdf77,none,built,purge-installed-copies@1 skipped: scope is CONFIRMED_PURGE plus already-carried run packages (HAR-194 stance),sha256:bd1486a8752335f489ae241799c820564f7192103b02dbffb127fd21d5c551f4,
format-code-task-002352,code,python,strip-future-history@1>purge-build-caches@1>mtime-normalize@1>separate-verifier@2,sha256:0ae8ae7724233278957212926d8698e4c8b8b2a6dbbc6a152b91bb221363a757,derived/task-store/variants/mimo-v2.6-rl__format-code-task-002352/0ae8ae772423,none,built,purge-installed-copies@1 skipped: scope is CONFIRMED_PURGE plus already-carried run packages (HAR-194 stance),sha256:a90f0c5f5e4a3caa9314aa1753193bc80005b52cd148cc1d2e7e09bbbeaea530,
format-code-task-002353,code,python,strip-future-history@1>purge-build-caches@1>mtime-normalize@1>separate-verifier@2,sha256:0e955f6c6c3d47a3fec6d9dfba2c036f4b4c1a1a224d1bfa746692385723d732,derived/task-store/variants/mimo-v2.6-rl__format-code-task-002353/0e955f6c6c3d,none,built,purge-installed-copies@1 skipped: scope is CONFIRMED_PURGE plus already-carried run packages (HAR-194 stance),sha256:bb683e0a553f5f01dd3347479cf7fc3ff57e3929cb6ed126404683f6b88fb12a,
format-code-task-002354,code,python,strip-future-history@1>purge-build-caches@1>mtime-normalize@1>separate-verifier@2,sha256:7201ec4c7b9ad4ca2c67f54ff7dbb1ab898ae6b7170b07fe56bb5e673f0c09b0,derived/task-store/variants/mimo-v2.6-rl__format-code-task-002354/7201ec4c7b9a,none,built,purge-installed-copies@1 skipped: scope is CONFIRMED_PURGE plus already-carried run packages (HAR-194 stance),sha256:66c415a09f9621601de37501f5c993bdb7826127abe19ed6411a22fb169de166,
format-code-task-002355,code,python,strip-future-history@1>purge-build-caches@1>mtime-normalize@1>separate-verifier@2,sha256:778db423d2d5747f6c71c301034a82e0453f700894e93d0cac36b2c49234c1e8,derived/task-store/variants/mimo-v2.6-rl__format-code-task-002355/778db423d2d5,none,built,purge-installed-copies@1 skipped: scope is CONFIRMED_PURGE plus already-carried run packages (HAR-194 stance),sha256:79367322e5ce0c8444fde1f3c11c5675a7a280ec37c9b1c602b6950470786b28,
format-code-task-002356,code,python,strip-future-history@1>purge-build-caches@1>mtime-normalize@1>separate-verifier@2,sha256:21abf63680c3a477752f609f601559f3160a1783cefdc6ea6a2b616d020c59f4,derived/task-store/variants/mimo-v2.6-rl__format-code-task-002356/21abf63680c3,/Users/petermakhnatch/Developer/eval-lab-results/2026-10-07/HAR-191-oracle-sweep/tasks/format-code-task-002356/oracle/solution-patch.stdout.log,built,purge-installed-copies@1 skipped: scope is CONFIRMED_PURGE plus already-carried run packages (HAR-194 stance),sha256:3b8144ab8bd45aa4e8b482ae6a42b6b684873c9ee3d139c18d66cd6a264cdcbb,oracle:pass+nop:fail
format-code-task-002359,code,python,strip-future-history@1>purge-build-caches@1>mtime-normalize@1>separate-verifier@2,sha256:71ad3e858d1f9a884fe988b8afd8a95328e896fe1bd9e95d2daaa23db2be6ea8,derived/task-store/variants/mimo-v2.6-rl__format-code-task-002359/71ad3e858d1f,none,built,purge-installed-copies@1 skipped: scope is CONFIRMED_PURGE plus already-carried run packages (HAR-194 stance),sha256:4d8dde8f3eb4c330c41d61a05be70736b80e5cc642be4f8de6a9378fab2afb89,
format-code-task-002361,code,python,strip-future-history@1>purge-build-caches@1>mtime-normalize@1>separate-verifier@2,sha256:eee79c3f741d45bc5934df5983e8176782f1400f531985fc9e5fbb96dc1ac540,derived/task-store/variants/mimo-v2.6-rl__format-code-task-002361/eee79c3f741d,none,built,purge-installed-copies@1 skipped: scope is CONFIRMED_PURGE plus already-carried run packages (HAR-194 stance),sha256:c7e8e550ceccc26da0f0decb0e8e99534f23244e56a8d308fa881375fd4b3f74,
format-code-task-002366,code,python,strip-future-history@1>purge-build-caches@1>mtime-normalize@1>separate-verifier@2,sha256:65b6abd040e65e7f0a94232a79f5f2d7f2d25ae1f9add5645fdc74753890fcd8,derived/task-store/variants/mimo-v2.6-rl__format-code-task-002366/65b6abd040e6,/Users/petermakhnatch/Developer/eval-lab-results/2026-10-07/HAR-191-oracle-sweep/tasks/format-code-task-002366/oracle/solution-patch.stdout.log,built,purge-installed-copies@1 skipped: scope is CONFIRMED_PURGE plus already-carried run packages (HAR-194 stance),sha256:d8694be72895dcd2ea3e00b1911d62bcbf31b16bca739ddef35d370efd46f3d0,oracle:pass+nop:fail
format-code-task-002367,code,python,strip-future-history@1>purge-build-caches@1>mtime-normalize@1>separate-verifier@2,sha256:573657df744fac4c6ff8555f341da002d0a88a17eb001a2fbb22c41650386faf,derived/task-store/variants/mimo-v2.6-rl__format-code-task-002367/573657df744f,none,built,purge-installed-copies@1 skipped: scope is CONFIRMED_PURGE plus already-carried run packages (HAR-194 stance),sha256:040af9e6cd89546ab94721391f30937c8b83e04cc49f32db5e82f07c289a904c,
format-code-task-002368,code,python,strip-future-history@1>purge-build-caches@1>mtime-normalize@1>separate-verifier@2,sha256:676648c243acfd54a59777e6cca1a7cd65ec5a7df805850371113de3149cda6f,derived/task-store/variants/mimo-v2.6-rl__format-code-task-002368/676648c243ac,none,built,purge-installed-copies@1 skipped: scope is CONFIRMED_PURGE plus already-carried run packages (HAR-194 stance),sha256:7cd2b8d1d214530b796c309f468f1c10c30771c57523e5a4e2f8123a9baeaf71,
format-code-task-002370,code,python,strip-future-history@1>purge-build-caches@1>mtime-normalize@1>separate-verifier@2,sha256:38a11f2aa64a44b97d90e372feb07889159454baec20a832c37eec41970baaa9,derived/task-store/variants/mimo-v2.6-rl__format-code-task-002370/38a11f2aa64a,none,built,purge-installed-copies@1 skipped: scope is CONFIRMED_PURGE plus already-carried run packages (HAR-194 stance),sha256:6486c5c889eef113501c52b9c77512057762b8b3c1f0a00c3968c243faa2d753,
format-code-task-002371,code,python,strip-future-history@1>purge-build-caches@1>mtime-normalize@1>separate-verifier@2,sha256:f71f37e94d4a0c16419504fe59bc4aa21d0f2abfac4abbf2a933f6d11eb51400,derived/task-store/variants/mimo-v2.6-rl__format-code-task-002371/f71f37e94d4a,/Users/petermakhnatch/Developer/eval-lab-results/2026-10-07/HAR-191-oracle-sweep/tasks/format-code-task-002371/oracle/solution-patch.stdout.log,built,purge-installed-copies@1 skipped: scope is CONFIRMED_PURGE plus already-carried run packages (HAR-194 stance),sha256:d95d99dda5d528ae8c91797543b78e1cf5315f552c148709ee88034dd7531bb4,oracle:pass+nop:fail
format-code-task-002372,code,python,strip-future-history@1>purge-build-caches@1>mtime-normalize@1>separate-verifier@2,sha256:e89be7b281d5ccdc8ad02af68ea74b584d09d4344173b4560849eaa29dca7be7,derived/task-store/variants/mimo-v2.6-rl__format-code-task-002372/e89be7b281d5,none,built,purge-installed-copies@1 skipped: scope is CONFIRMED_PURGE plus already-carried run packages (HAR-194 stance),sha256:eec38c3f2f9bc799a26c5ef560efa21ee672b643080f735e184a187d304325b5,
format-code-task-002373,code,python,,,,none,skipped,"ledger verdict=discard status=discarded: broken environment, no known repair: __________________ ERROR collecting tests/test_dataclasses.py __________________",sha256:272d20643b895cf6d0c45c96b2b2d05e415a9eed845124035c70393bc98b7a17,
format-code-task-002374,code,python,strip-future-history@1>purge-build-caches@1>mtime-normalize@1>separate-verifier@2,sha256:87216285dd5d646dbd92177993802130e861d6ade2dedd80ebb85bf7af0d4f9f,derived/task-store/variants/mimo-v2.6-rl__format-code-task-002374/87216285dd5d,none,built,purge-installed-copies@1 skipped: scope is CONFIRMED_PURGE plus already-carried run packages (HAR-194 stance),sha256:b97c48682d362664c3c601e7bbaaa1117f90a7032a098edaac4a7791ccb01171,
format-code-task-002375,code,python,strip-future-history@1>purge-build-caches@1>mtime-normalize@1>separate-verifier@2,sha256:ce1ae5d3a831506f5b8d7da628b520bedcb4a1aec0a31eb001135e563b3efe0d,derived/task-store/variants/mimo-v2.6-rl__format-code-task-002375/ce1ae5d3a831,none,built,purge-installed-copies@1 skipped: scope is CONFIRMED_PURGE plus already-carried run packages (HAR-194 stance),sha256:5e483c82a60d40da477a40edfff5d464d16f4a4cbba39807d193a30e19e2deb2,
format-code-task-002376,code,python,strip-future-history@1>purge-build-caches@1>mtime-normalize@1>separate-verifier@2,sha256:92628610b934467d1b3fe4a388824ffecb56cdd104b0cc5504d1da507f513c43,derived/task-store/variants/mimo-v2.6-rl__format-code-task-002376/92628610b934,none,built,purge-installed-copies@1 skipped: scope is CONFIRMED_PURGE plus already-carried run packages (HAR-194 stance),sha256:969a9921ffd7c907d6ee698c499df8530b4c427c43b3f35bbd8d9391b797e658,
format-code-task-002377,code,python,strip-future-history@1>purge-build-caches@1>mtime-normalize@1>separate-verifier@2,sha256:2cc6d16a7c61049f02ca13b7866d75d4241410f9093e12c649b4d03a482ccec0,derived/task-store/variants/mimo-v2.6-rl__format-code-task-002377/2cc6d16a7c61,/Users/petermakhnatch/Developer/eval-lab-results/2026-10-07/HAR-191-oracle-sweep/tasks/format-code-task-002377/oracle/solution-patch.stdout.log,built,purge-installed-copies@1 skipped: scope is CONFIRMED_PURGE plus already-carried run packages (HAR-194 stance),sha256:62939cf0d3dac8cc08321b4e83403502c97146b25581bdc5d680bbc469354f12,oracle:pass+nop:fail
format-code-task-002378,code,python,strip-future-history@1>purge-build-caches@1>mtime-normalize@1>separate-verifier@2,sha256:02df38ae647a1a55bd399c82cbdd0124bd5fa1865256832ae40caca8248a6648,derived/task-store/variants/mimo-v2.6-rl__format-code-task-002378/02df38ae647a,/Users/petermakhnatch/Developer/eval-lab-results/2026-10-07/HAR-191-oracle-sweep/tasks/format-code-task-002378/oracle/solution-patch.stdout.log,built,purge-installed-copies@1 skipped: scope is CONFIRMED_PURGE plus already-carried run packages (HAR-194 stance),sha256:9b8b72f6313cfa0114c10d9a54dcb229145f7302a2656133e8d61a38989be63f,oracle:pass+nop:fail
format-code-task-002379,code,python,strip-future-history@1>purge-build-caches@1>mtime-normalize@1>separate-verifier@2,sha256:7fdbd6e7e6e28dcc60f56a34c14493c2641170627b33c94d48f80e53aaccdcb5,derived/task-store/variants/mimo-v2.6-rl__format-code-task-002379/7fdbd6e7e6e2,none,built,purge-installed-copies@1 skipped: scope is CONFIRMED_PURGE plus already-carried run packages (HAR-194 stance),sha256:d7bf5fd9424752593cfa23baa4c2b2f1ad25cc3a7190b4ba172d7c16daf42682,
format-code-task-002380,code,python,strip-future-history@1>purge-build-caches@1>mtime-normalize@1>separate-verifier@2,sha256:46f890968090d7645e1f38da6b28ed60d2e9880126842d9270a0279ac1369ac0,derived/task-store/variants/mimo-v2.6-rl__format-code-task-002380/46f890968090,/Users/petermakhnatch/Developer/eval-lab-results/2026-10-07/HAR-191-oracle-sweep/tasks/format-code-task-002380/oracle/solution-patch.stdout.log,built,purge-installed-copies@1 skipped: scope is CONFIRMED_PURGE plus already-carried run packages (HAR-194 stance),sha256:7cdb6ba3d387a4e6adba3077d78b90d976c68eaed26e66aa11a63a4ceb40ad1a,oracle:pass+nop:fail
format-code-task-002382,code,python,strip-future-history@1>purge-build-caches@1>mtime-normalize@1>separate-verifier@2,sha256:c920673367a6ebca4c79522517f7b73818d3bd3746e4c1f89e632fa709dff1e5,derived/task-store/variants/mimo-v2.6-rl__format-code-task-002382/c920673367a6,none,built,purge-installed-copies@1 skipped: scope is CONFIRMED_PURGE plus already-carried run packages (HAR-194 stance),sha256:0def0c43181d794534e6b8c7e996f13542a8b1a5b8eb2ac2f50ea52d45ef37de,
format-code-task-002383,code,python,strip-future-history@1>purge-build-caches@1>mtime-normalize@1>separate-verifier@2,sha256:84835a66bdaf67f98e3dae4fad55f4f3b47079b4ed75d3b9f7651b8e6529898e,derived/task-store/variants/mimo-v2.6-rl__format-code-task-002383/84835a66bdaf,none,built,purge-installed-copies@1 skipped: scope is CONFIRMED_PURGE plus already-carried run packages (HAR-194 stance),sha256:6e81d8ed5a516d3bc0b8029942055d620947b4f1ae2c9f20dae28ad414e1e3f1,
format-code-task-002384,code,python,strip-future-history@1>purge-build-caches@1>mtime-normalize@1>separate-verifier@2,sha256:1e9e7089149d26a7d31f1d9aff21226a0ec3d5f105785ba21bdfa7bb964967cc,derived/task-store/variants/mimo-v2.6-rl__format-code-task-002384/1e9e7089149d,/Users/petermakhnatch/Developer/eval-lab-results/2026-10-07/HAR-191-oracle-sweep/tasks/format-code-task-002384/oracle/solution-patch.stdout.log,built,purge-installed-copies@1 skipped: scope is CONFIRMED_PURGE plus already-carried run packages (HAR-194 stance),sha256:161598047ca8d97b6b96d14c471f977ab228092424f4ddec76053b5c9d1f59d3,oracle:pass+nop:fail
format-code-task-002385,code,python,strip-future-history@1>purge-build-caches@1>mtime-normalize@1>separate-verifier@2,sha256:3cc962039f1d1cb08f2be13ad4a3e03800cd2cd954da669215ed7e021b8b309e,derived/task-store/variants/mimo-v2.6-rl__format-code-task-002385/3cc962039f1d,none,built,purge-installed-copies@1 skipped: scope is CONFIRMED_PURGE plus already-carried run packages (HAR-194 stance),sha256:260044bd029cb7148585191b481b5c47a10bb4cca146aebafb085074d7877acd,
format-code-task-002386,code,python,strip-future-history@1>purge-build-caches@1>mtime-normalize@1>separate-verifier@2,sha256:fd7d88024be223200a4f53ffa104538a59d5ce7d4e3b968f597cee83d75af00d,derived/task-store/variants/mimo-v2.6-rl__format-code-task-002386/fd7d88024be2,none,built,purge-installed-copies@1 skipped: scope is CONFIRMED_PURGE plus already-carried run packages (HAR-194 stance),sha256:ee51f43e5f93023f364e7742ffd38794876dce9c65da480abd7e5ee85e99cd40,
format-code-task-002387,code,python,strip-future-history@1>purge-build-caches@1>mtime-normalize@1>separate-verifier@2,sha256:4e86de652c6a9af8412f8b75d55fb58fca9a7dda5afcee72cfed356288c964d6,derived/task-store/variants/mimo-v2.6-rl__format-code-task-002387/4e86de652c6a,none,built,purge-installed-copies@1 skipped: scope is CONFIRMED_PURGE plus already-carried run packages (HAR-194 stance),sha256:721c83205f5c0d9420b4a2a1f2466bc8acb761556e9cfd574cfa8280ec6db36e,
format-code-task-002388,code,python,strip-future-history@1>purge-build-caches@1>mtime-normalize@1>separate-verifier@2,sha256:3c5c2a4ee42dbb95836d84e4a67b155bfc9abe2297e62533d619d283e5496c00,derived/task-store/variants/mimo-v2.6-rl__format-code-task-002388/3c5c2a4ee42d,none,built,purge-installed-copies@1 skipped: scope is CONFIRMED_PURGE plus already-carried run packages (HAR-194 stance),sha256:fd4ee569a141e96e170c40fe290fbeb1a40c1c363832d1e1ac0c87e9faf81f22,
format-code-task-002389,code,python,strip-future-history@1>purge-build-caches@1>mtime-normalize@1>separate-verifier@2,sha256:81f1e6f8c86d64ddbc61da4b633889160b728664eb900ace048f1c9359bbdb37,derived/task-store/variants/mimo-v2.6-rl__format-code-task-002389/81f1e6f8c86d,/Users/petermakhnatch/Developer/eval-lab-results/2026-10-07/HAR-191-oracle-sweep/tasks/format-code-task-002389/oracle/solution-patch.stdout.log,built,purge-installed-copies@1 skipped: scope is CONFIRMED_PURGE plus already-carried run packages (HAR-194 stance),sha256:b762f91d7f779e13a2a1cf18612c1318c197e7338c9904c5e5bfaf8020dd7c02,oracle:pass+nop:fail
format-code-task-002390,code,python,strip-future-history@1>purge-build-caches@1>mtime-normalize@1>separate-verifier@2,sha256:ef70cdf1e04004e8fe58c846f303d5277a50bd425b481e1d5f0111a5fef92112,derived/task-store/variants/mimo-v2.6-rl__format-code-task-002390/ef70cdf1e040,none,built,purge-installed-copies@1 skipped: scope is CONFIRMED_PURGE plus already-carried run packages (HAR-194 stance),sha256:dfcb383c79076cd3e3f693ad6cf0bd66d230361acadce41de2a8611eb5fa1ba7,
format-code-task-002391,code,python,strip-future-history@1>purge-build-caches@1>mtime-normalize@1>separate-verifier@2,sha256:2283fe8fe3d203696291edfa0ac924ae21e387f50855b958baf5c0a00c2996b0,derived/task-store/variants/mimo-v2.6-rl__format-code-task-002391/2283fe8fe3d2,/Users/petermakhnatch/Developer/eval-lab-results/2026-10-07/HAR-191-oracle-sweep/tasks/format-code-task-002391/oracle/solution-patch.stdout.log,built,purge-installed-copies@1 skipped fail-closed: PEP 668 externally-managed image refuses pip and the link fallback cannot identify the project version,sha256:d0a399b8633cdf47a6c3d00198b50c889ed5c282c016bb4b29bbdaf2f9d75fa1,oracle:pass+nop:fail
format-code-task-002393,code,python,strip-future-history@1>purge-build-caches@1>mtime-normalize@1>separate-verifier@2,sha256:639ec604f67f6edf6e16e9ce746c8e50265447767b5d8c4431f1eca8460e60a4,derived/task-store/variants/mimo-v2.6-rl__format-code-task-002393/639ec604f67f,/Users/petermakhnatch/Developer/eval-lab-results/2026-10-07/HAR-191-oracle-sweep/tasks/format-code-task-002393/oracle/solution-patch.stdout.log,built,purge-installed-copies@1 skipped: scope is CONFIRMED_PURGE plus already-carried run packages (HAR-194 stance),sha256:f5b14f3b6b63994ebc9763a559d29e9819b0633118ca241fd35655b72e5aa749,oracle:pass+nop:fail
format-code-task-002394,code,python,strip-future-history@1>purge-build-caches@1>mtime-normalize@1>separate-verifier@2,sha256:4bc07c159fbd194b8782545161c549eda63a58cbbc3f1005b3a49c8d040fcef2,derived/task-store/variants/mimo-v2.6-rl__format-code-task-002394/4bc07c159fbd,/Users/petermakhnatch/Developer/eval-lab-results/2026-10-07/HAR-191-oracle-sweep/tasks/format-code-task-002394/oracle/solution-patch.stdout.log,built,purge-installed-copies@1 skipped: scope is CONFIRMED_PURGE plus already-carried run packages (HAR-194 stance),sha256:1e31d3512ff2793c9d148d7b9d1537db619520fc59df964db401b3386c123cec,oracle:pass+nop:fail
format-code-task-002395,code,python,strip-future-history@1>purge-build-caches@1>mtime-normalize@1>separate-verifier@2,sha256:0167c617faac97a12d96fa962f62423a584918bfeaa57270cd7992cd085e6ddb,derived/task-store/variants/mimo-v2.6-rl__format-code-task-002395/0167c617faac,/Users/petermakhnatch/Developer/eval-lab-results/2026-10-07/HAR-191-oracle-sweep/tasks/format-code-task-002395/oracle/solution-patch.stdout.log,built,purge-installed-copies@1 skipped: scope is CONFIRMED_PURGE plus already-carried run packages (HAR-194 stance),sha256:b833dc5aa1945b0e1d96b5362aa600b938d80728c12ef5708c36eaa102575eab,oracle:pass+nop:fail
format-code-task-002396,code,python,strip-future-history@1>purge-build-caches@1>mtime-normalize@1>separate-verifier@2,sha256:c4b6364a7e735218fd61280dc4c7d3f60b9d6e9919017c7c3125f37fc4e735b2,derived/task-store/variants/mimo-v2.6-rl__format-code-task-002396/c4b6364a7e73,none,built,purge-installed-copies@1 skipped: scope is CONFIRMED_PURGE plus already-carried run packages (HAR-194 stance),sha256:9c156e8a9c5c9a2ece6d4106386fee0140d72e4dba147d7455c665c0434946ef,
format-code-task-002397,code,python,strip-future-history@1>purge-build-caches@1>mtime-normalize@1>separate-verifier@2,sha256:c800b59536f82e030a9bf58a15627ba6348f4ca61022c1af6bcc72971eaf2272,derived/task-store/variants/mimo-v2.6-rl__format-code-task-002397/c800b59536f8,none,built,purge-installed-copies@1 skipped: scope is CONFIRMED_PURGE plus already-carried run packages (HAR-194 stance),sha256:a9a490bc0138a9aac59ce12441a4dd5021202bb1cc6ac67f42990d4a91f1826b,
format-code-task-002398,code,python,strip-future-history@1>purge-build-caches@1>mtime-normalize@1>separate-verifier@2,sha256:53c6c6466233ad034a179ee2cf8f116678a29afffaf1f494cd50e6a493278988,derived/task-store/variants/mimo-v2.6-rl__format-code-task-002398/53c6c6466233,none,built,purge-installed-copies@1 skipped: scope is CONFIRMED_PURGE plus already-carried run packages (HAR-194 stance),sha256:d2a0fdaf8ec33913f4189b1595e3603c93616f75ac894876dfc34538e9ec3660,
format-code-task-002399,code,python,strip-future-history@1>purge-build-caches@1>mtime-normalize@1>separate-verifier@2,sha256:42088414d06efef4de1f2375be344a371003ef1633cece7328fa75a7fa21c127,derived/task-store/variants/mimo-v2.6-rl__format-code-task-002399/42088414d06e,none,built,purge-installed-copies@1 skipped: scope is CONFIRMED_PURGE plus already-carried run packages (HAR-194 stance),sha256:225d84a2afe8b27a45b05d83950885b6508587c2af94ee7fe27b821328a54839,
format-code-task-002400,code,python,strip-future-history@1>purge-build-caches@1>mtime-normalize@1>separate-verifier@2,sha256:ef6d7fdac4f9912d6ebbe208c6693704a611d06319e65aae735e75c2fc0e0766,derived/task-store/variants/mimo-v2.6-rl__format-code-task-002400/ef6d7fdac4f9,/Users/petermakhnatch/Developer/eval-lab-results/2026-10-07/HAR-191-oracle-sweep/tasks/format-code-task-002400/oracle/solution-patch.stdout.log,built,purge-installed-copies@1 skipped: scope is CONFIRMED_PURGE plus already-carried run packages (HAR-194 stance),sha256:5aa6b7569d222ba3dd87a71db40bca8ebf0265e7739fd26b8210405d49189c16,oracle:pass+nop:fail
format-code-task-002401,code,python,strip-future-history@1>purge-build-caches@1>mtime-normalize@1>separate-verifier@2,sha256:b15da8e2e4e3fa95c2ce28e9f7cdd6f3c4734623dbcc0074f04575b520349de6,derived/task-store/variants/mimo-v2.6-rl__format-code-task-002401/b15da8e2e4e3,none,built,purge-installed-copies@1 skipped: scope is CONFIRMED_PURGE plus already-carried run packages (HAR-194 stance),sha256:3311b8e2c62e5330b7c81ef98fe44a4b57d1900c016bf751516a2122a24f7d76,
format-code-task-002402,code,python,strip-future-history@1>purge-build-caches@1>mtime-normalize@1>separate-verifier@2,sha256:f78ff8d5ae1be4728857729de795175696e9dedd9e399f07bfe616bdbb285d2d,derived/task-store/variants/mimo-v2.6-rl__format-code-task-002402/f78ff8d5ae1b,/Users/petermakhnatch/Developer/eval-lab-results/2026-10-07/HAR-191-oracle-sweep/tasks/format-code-task-002402/oracle/solution-patch.stdout.log,built,purge-installed-copies@1 skipped: scope is CONFIRMED_PURGE plus already-carried run packages (HAR-194 stance),sha256:c91c394831cfa24d2155eda1936256c06629285d472545985f54a061c6862522,oracle:pass+nop:fail
format-code-task-002403,code,python,strip-future-history@1>purge-build-caches@1>mtime-normalize@1>separate-verifier@2,sha256:410c6118e7427c527c0ece20f291e6f30245253198827e1f0a6c47f63dcca805,derived/task-store/variants/mimo-v2.6-rl__format-code-task-002403/410c6118e742,none,built,purge-installed-copies@1 skipped: scope is CONFIRMED_PURGE plus already-carried run packages (HAR-194 stance),sha256:c3eb685759a0c812a401552ab40dea6a5ca0ca028d6e523fe811eb923386fb3d,
format-code-task-002404,code,python,strip-future-history@1>purge-build-caches@1>mtime-normalize@1>separate-verifier@2,sha256:0eca418cae4e31b0c3e0026b56b1345d8069bb5989e024ea9d1f740ca2ccdb4f,derived/task-store/variants/mimo-v2.6-rl__format-code-task-002404/0eca418cae4e,none,built,purge-installed-copies@1 skipped: scope is CONFIRMED_PURGE plus already-carried run packages (HAR-194 stance),sha256:4f35f690b86e5dcc4236894948b01a961817dda1f69f2b36ddb16877a7b5a59f,
format-code-task-002406,code,python,strip-future-history@1>purge-build-caches@1>mtime-normalize@1>separate-verifier@2,sha256:312f152d1c307ddd60dc0301b7c56a993b7def6345bbd12d2ce659ee6029f319,derived/task-store/variants/mimo-v2.6-rl__format-code-task-002406/312f152d1c30,none,built,purge-installed-copies@1 skipped: scope is CONFIRMED_PURGE plus already-carried run packages (HAR-194 stance),sha256:abf9068652001daa3d634bf55802e1016fb085c6b8abf8a53277e756e78d0df2,
format-code-task-002407,code,python,strip-future-history@1>purge-build-caches@1>mtime-normalize@1>separate-verifier@2,sha256:5c2ba428bd900b99d1721bb7867f5147da4b7667e92c4dbd65e6bd2c918008b4,derived/task-store/variants/mimo-v2.6-rl__format-code-task-002407/5c2ba428bd90,none,built,purge-installed-copies@1 skipped: scope is CONFIRMED_PURGE plus already-carried run packages (HAR-194 stance),sha256:b6c045c419875b90c745d058624fff62dfa90dd527a7cfc715844d4e23dc1dbf,
format-code-task-002408,code,python,strip-future-history@1>purge-build-caches@1>mtime-normalize@1>separate-verifier@2,sha256:efa2715dfdd893441a03ced3210c025c5f87b2b2e343c98862a70c47e2917993,derived/task-store/variants/mimo-v2.6-rl__format-code-task-002408/efa2715dfdd8,none,built,purge-installed-copies@1 skipped: scope is CONFIRMED_PURGE plus already-carried run packages (HAR-194 stance),sha256:5f4107d2408863284f6d58f3d9b5be1e87ce16d818da8cc27141a87c6442a3ee,
format-code-task-002409,code,python,strip-future-history@1>purge-build-caches@1>mtime-normalize@1>separate-verifier@2,sha256:4fdb3b03268d75d79f900e7c491cd71ada343de9052a0b5e00a8416b042b1ed3,derived/task-store/variants/mimo-v2.6-rl__format-code-task-002409/4fdb3b03268d,none,built,purge-installed-copies@1 skipped: scope is CONFIRMED_PURGE plus already-carried run packages (HAR-194 stance),sha256:7b2861bcb71cca004fad11c7b613d6c5b17444a96111ef7f32c6040958e55445,
format-code-task-002410,code,python,strip-future-history@1>purge-build-caches@1>mtime-normalize@1>separate-verifier@2,sha256:1840bd2ef3a497656176023f2f8ee4df2e0311c965608a4a1b533a81b3a54186,derived/task-store/variants/mimo-v2.6-rl__format-code-task-002410/1840bd2ef3a4,/Users/petermakhnatch/Developer/eval-lab-results/2026-10-07/HAR-191-oracle-sweep/tasks/format-code-task-002410/oracle/solution-patch.stdout.log,built,purge-installed-copies@1 skipped: scope is CONFIRMED_PURGE plus already-carried run packages (HAR-194 stance),sha256:52d60b01c0b0e87c76e57dac1f643b99ec8531240591bd8dda36a89b764c4baa,oracle:pass+nop:fail
format-code-task-002411,code,python,strip-future-history@1>purge-build-caches@1>mtime-normalize@1>separate-verifier@2,sha256:a728348d264f70da441b05c272b68c1dabb2f76ac70a1707ffe465192b7ff80a,derived/task-store/variants/mimo-v2.6-rl__format-code-task-002411/a728348d264f,/Users/petermakhnatch/Developer/eval-lab-results/2026-10-07/HAR-191-oracle-sweep/tasks/format-code-task-002411/oracle/solution-patch.stdout.log,built,purge-installed-copies@1 skipped: scope is CONFIRMED_PURGE plus already-carried run packages (HAR-194 stance),sha256:3316bb571fe34022a771de009bb63d2b1241a696956fde62e0027dfcaf8feba8,oracle:pass+nop:fail
format-code-task-002412,code,python,strip-future-history@1>purge-build-caches@1>mtime-normalize@1>separate-verifier@2,sha256:fbc45227aca7cd4052c82e5e7a6045c3783622f1c98c7c71344afbcb9520f32a,derived/task-store/variants/mimo-v2.6-rl__format-code-task-002412/fbc45227aca7,/Users/petermakhnatch/Developer/eval-lab-results/2026-10-07/HAR-191-oracle-sweep/tasks/format-code-task-002412/oracle/solution-patch.stdout.log,built,purge-installed-copies@1 skipped: scope is CONFIRMED_PURGE plus already-carried run packages (HAR-194 stance),sha256:61d0061a5db43ba7142e750c24e154bd64749ad77ada1bb4aa5678f6c44525ee,oracle:pass+nop:fail
format-code-task-002413,code,python,strip-future-history@1>purge-build-caches@1>mtime-normalize@1>separate-verifier@2,sha256:2204254c8e1dadf274dc8bde32fbc18b879124026b9bcc6043f369066350c772,derived/task-store/variants/mimo-v2.6-rl__format-code-task-002413/2204254c8e1d,none,built,purge-installed-copies@1 skipped: scope is CONFIRMED_PURGE plus already-carried run packages (HAR-194 stance),sha256:70f58e60f3d9c4ec3dff6540890357e00f40c131a58c961b56e58420cadd4ebf,
format-code-task-002414,code,python,strip-future-history@1>purge-build-caches@1>mtime-normalize@1>separate-verifier@2,sha256:a365d7445a95748fd00519cd9e45199b0520a0552564703716098d89ac29f369,derived/task-store/variants/mimo-v2.6-rl__format-code-task-002414/a365d7445a95,/Users/petermakhnatch/Developer/eval-lab-results/2026-10-07/HAR-191-oracle-sweep/tasks/format-code-task-002414/oracle/solution-patch.stdout.log,built,purge-installed-copies@1 skipped: scope is CONFIRMED_PURGE plus already-carried run packages (HAR-194 stance),sha256:2ea56fb9986a624088600f5f4207c21293f0cd1ebfa603cc29bd404371cf7f94,oracle:pass+nop:fail
format-code-task-002415,code,python,strip-future-history@1>purge-build-caches@1>mtime-normalize@1>separate-verifier@2,sha256:ff66320b8892e5bb3d059c2debcad281a21fbbb5ae72148402fe6c0becf2bbd1,derived/task-store/variants/mimo-v2.6-rl__format-code-task-002415/ff66320b8892,none,built,purge-installed-copies@1 skipped: scope is CONFIRMED_PURGE plus already-carried run packages (HAR-194 stance),sha256:c550b42a9c7d90961a3478adac96c531dbdf14437ca9628d04212b4b4f66ffb6,
format-code-task-002416,code,python,strip-future-history@1>purge-build-caches@1>mtime-normalize@1>separate-verifier@2,sha256:574c554f265bf9c8b3678502c6e11d12e89d767a907a9840bd6feed5f2947868,derived/task-store/variants/mimo-v2.6-rl__format-code-task-002416/574c554f265b,/Users/petermakhnatch/Developer/eval-lab-results/2026-10-07/HAR-191-oracle-sweep/tasks/format-code-task-002416/oracle/solution-patch.stdout.log,built,purge-installed-copies@1 skipped: scope is CONFIRMED_PURGE plus already-carried run packages (HAR-194 stance),sha256:2e62717d723a8eb188f713ea7fed0f3ca96517a4a5daf85f2f4386f4f3756928,oracle:pass+nop:fail
format-code-task-002418,code,python,strip-future-history@1>purge-build-caches@1>mtime-normalize@1>separate-verifier@2,sha256:5cbe2aca8f1c249d785d72cb5a4d2c180fe0991cabbbc3a307a1d75a869a5e63,derived/task-store/variants/mimo-v2.6-rl__format-code-task-002418/5cbe2aca8f1c,none,built,purge-installed-copies@1 skipped: scope is CONFIRMED_PURGE plus already-carried run packages (HAR-194 stance),sha256:939ec50fa8a5e81f9562e40515f1bb073f8598c4a05310b42b4dd32304c1b83c,
format-code-task-002419,code,python,strip-future-history@1>purge-build-caches@1>mtime-normalize@1>separate-verifier@2,sha256:7f962207a80b498d90609ab802cef435e196c3fc677f301c01f09ae984830a1b,derived/task-store/variants/mimo-v2.6-rl__format-code-task-002419/7f962207a80b,none,built,purge-installed-copies@1 skipped: scope is CONFIRMED_PURGE plus already-carried run packages (HAR-194 stance),sha256:61ad39f83048829dd5cac9b35b47f1cc1eedfe9816fc9a47e6e0c49dc2aa03f1,
format-code-task-002421,code,python,strip-future-history@1>purge-build-caches@1>mtime-normalize@1>separate-verifier@2,sha256:697c624c970bd39da3a89a093e66ab21e73f2956f61855ca8ffb035890a37f7d,derived/task-store/variants/mimo-v2.6-rl__format-code-task-002421/697c624c970b,none,built,purge-installed-copies@1 skipped: scope is CONFIRMED_PURGE plus already-carried run packages (HAR-194 stance),sha256:2ffc0bad30ca1f7c09300741e46f72ae7c226debf1d9a2686867e7d88aa2f516,
format-code-task-002422,code,python,strip-future-history@1>purge-build-caches@1>mtime-normalize@1>separate-verifier@2,sha256:86136025231ad225726fce547f4e02a0cb7c04b8cd5ebd97d434efe09dc01b37,derived/task-store/variants/mimo-v2.6-rl__format-code-task-002422/86136025231a,none,built,purge-installed-copies@1 skipped: scope is CONFIRMED_PURGE plus already-carried run packages (HAR-194 stance),sha256:3e4e347d88135eed33e682efd51812d1a38c86c11e38d9e69fcab2baff55c02d,
format-code-task-002423,code,python,strip-future-history@1>purge-build-caches@1>mtime-normalize@1>separate-verifier@2,sha256:6369cba295396525ad5e196d657e9f19d422295e1a521b3d05192f0a171055a3,derived/task-store/variants/mimo-v2.6-rl__format-code-task-002423/6369cba29539,none,built,purge-installed-copies@1 skipped: scope is CONFIRMED_PURGE plus already-carried run packages (HAR-194 stance),sha256:8f71e5f2988da9fec73b9da6c7b7858b3afcfe79974cc6fd2a3ef64ae34727f4,
format-code-task-002425,code,python,strip-future-history@1>purge-build-caches@1>mtime-normalize@1>separate-verifier@2,sha256:228edae775f9021fa97fad904487d41eef4a0a1b7c73357708caca4f1139ef6f,derived/task-store/variants/mimo-v2.6-rl__format-code-task-002425/228edae775f9,none,built,purge-installed-copies@1 skipped: scope is CONFIRMED_PURGE plus already-carried run packages (HAR-194 stance),sha256:aa9bf96cefb075500d9328c80b1cb811d4034d652469c49132f6851380c27863,
format-code-task-002426,code,python,strip-future-history@1>purge-build-caches@1>mtime-normalize@1>separate-verifier@2,sha256:8be8dce0a3cd7b95772349ade8e13181a80c3f23961ffb82e5863c507531a227,derived/task-store/variants/mimo-v2.6-rl__format-code-task-002426/8be8dce0a3cd,none,built,purge-installed-copies@1 skipped: scope is CONFIRMED_PURGE plus already-carried run packages (HAR-194 stance),sha256:8e340154a10a90b2d272555920fa630b23c416b1f5a7c6047eac69cd9854087a,
format-code-task-002427,code,python,strip-future-history@1>purge-build-caches@1>mtime-normalize@1>separate-verifier@2,sha256:9ccc33166cb431c05bd55e440695654dab381aa2366d853d8aba300d04c5e2a7,derived/task-store/variants/mimo-v2.6-rl__format-code-task-002427/9ccc33166cb4,none,built,purge-installed-copies@1 skipped: scope is CONFIRMED_PURGE plus already-carried run packages (HAR-194 stance),sha256:77d3f78ec4ece85cf5b3540e53230c516b473081dc1115c9b9170f88d86f0be1,
format-code-task-002431,code,python,strip-future-history@1>purge-build-caches@1>mtime-normalize@1>separate-verifier@2,sha256:480c338451e65b3d4e8c52a10fccae0b8448c5be13fdaeefc6ca513baa661beb,derived/task-store/variants/mimo-v2.6-rl__format-code-task-002431/480c338451e6,none,built,purge-installed-copies@1 skipped: scope is CONFIRMED_PURGE plus already-carried run packages (HAR-194 stance),sha256:ea02ff0535a1da81d9b07e4b0c422e5d4af6f527ce39c9a623cb0132cf9c57eb,
format-code-task-002443,code,python,strip-future-history@1>purge-build-caches@1>mtime-normalize@1>separate-verifier@2,sha256:868f17ab15c355db220c01e53cc500e69be518c14c28cbb5b712f2642518e1bc,derived/task-store/variants/mimo-v2.6-rl__format-code-task-002443/868f17ab15c3,none,built,purge-installed-copies@1 skipped: scope is CONFIRMED_PURGE plus already-carried run packages (HAR-194 stance),sha256:90e42e445b170d8f911bf6f42084e6de20edf6f3b79b7b6f215ac4f99e8425a8,
format-code-task-002445,code,python,strip-future-history@1>purge-build-caches@1>mtime-normalize@1>separate-verifier@2,sha256:84d644470367263344752b9dfa10f2f3a24b19398ff4f103bb3931aa9fdd9abf,derived/task-store/variants/mimo-v2.6-rl__format-code-task-002445/84d644470367,none,built,purge-installed-copies@1 skipped: scope is CONFIRMED_PURGE plus already-carried run packages (HAR-194 stance),sha256:35cb8b175e30ae03e9f578208ed426757a11ea7f17613d3a3bfc39bb7ba6bedb,
format-code-task-002446,code,python,strip-future-history@1>purge-build-caches@1>mtime-normalize@1>separate-verifier@2,sha256:6f6f217db4d5ac7b1b1f42d5d85d1bcbd28697ff5a0f57d6cd13273293fbae3e,derived/task-store/variants/mimo-v2.6-rl__format-code-task-002446/6f6f217db4d5,none,built,purge-installed-copies@1 skipped: scope is CONFIRMED_PURGE plus already-carried run packages (HAR-194 stance),sha256:51ecd922c1cddb7afd21ef1f19ed99cc1465ffaf2a76380de5726f3140def7bd,
format-code-task-002450,code,python,strip-future-history@1>purge-build-caches@1>mtime-normalize@1>separate-verifier@2,sha256:976c726f6410bf732f5ec58966eb0f62f08029336306055b387513cc0fe47d07,derived/task-store/variants/mimo-v2.6-rl__format-code-task-002450/976c726f6410,/Users/petermakhnatch/Developer/eval-lab-results/2026-10-07/HAR-191-oracle-sweep/tasks/format-code-task-002450/oracle/solution-patch.stdout.log,built,purge-installed-copies@1 skipped: scope is CONFIRMED_PURGE plus already-carried run packages (HAR-194 stance),sha256:58fa5bdd890aab92ef3d851cd8c1a0fcb49d48ddcaa2aedad282eab89f18de77,oracle:pass+nop:fail
format-code-task-002451,code,python,strip-future-history@1>purge-build-caches@1>mtime-normalize@1>separate-verifier@2,sha256:de4289968cfa4f2ab72a59d19bad3f41eddd20d6414ca0870c3b52857da0132c,derived/task-store/variants/mimo-v2.6-rl__format-code-task-002451/de4289968cfa,/Users/petermakhnatch/Developer/eval-lab-results/2026-10-07/HAR-191-oracle-sweep/tasks/format-code-task-002451/oracle/solution-patch.stdout.log,built,purge-installed-copies@1 skipped: scope is CONFIRMED_PURGE plus already-carried run packages (HAR-194 stance),sha256:78f8541d0e9df91aca63d654c276ad28784c065cdea03fda2780cc3340f39e1d,oracle:pass+nop:fail
format-code-task-002452,code,python,strip-future-history@1>purge-build-caches@1>mtime-normalize@1>separate-verifier@2,sha256:624fc458531d8b7abc496c002f84d0c183a8c72341f9b8518af7069121c6235f,derived/task-store/variants/mimo-v2.6-rl__format-code-task-002452/624fc458531d,none,built,purge-installed-copies@1 skipped: scope is CONFIRMED_PURGE plus already-carried run packages (HAR-194 stance),sha256:69b1404ea0e099ba6e9e8a6edc32021bea65cd8e8761c2602fa5f36767ce2fa8,
format-code-task-002453,code,python,strip-future-history@1>purge-build-caches@1>mtime-normalize@1>separate-verifier@2,sha256:86f8d1a9c93e4da7c81b5be0b4fca96f1c06ae19f4998bb413eb7a4af93aea20,derived/task-store/variants/mimo-v2.6-rl__format-code-task-002453/86f8d1a9c93e,none,built,purge-installed-copies@1 skipped: scope is CONFIRMED_PURGE plus already-carried run packages (HAR-194 stance),sha256:709994d5407c43c5f9c453010d7b5cc0e646ec85786526622014f2898603bcb1,
format-code-task-002454,code,python,strip-future-history@1>purge-build-caches@1>mtime-normalize@1>separate-verifier@2,sha256:7e4d1c217db93b2c7c84f7b712a91f6da12e824dc8f62e831714551b41540aa2,derived/task-store/variants/mimo-v2.6-rl__format-code-task-002454/7e4d1c217db9,none,built,purge-installed-copies@1 skipped: scope is CONFIRMED_PURGE plus already-carried run packages (HAR-194 stance),sha256:a2639d47be92788677aa6321debf4df049998a990124c289c2e5a2bf0990da6e,
format-code-task-002455,code,python,strip-future-history@1>purge-build-caches@1>mtime-normalize@1>separate-verifier@2,sha256:fc13499c5737c6a4ea32452bc7ed8cbda03bbd31d8fd16f8d6f053aee8529e42,derived/task-store/variants/mimo-v2.6-rl__format-code-task-002455/fc13499c5737,none,built,purge-installed-copies@1 skipped: scope is CONFIRMED_PURGE plus already-carried run packages (HAR-194 stance),sha256:8b2a3744443850f9dd9f6d625672ef553720964fdedca501ddd38c562c9c52a3,
format-code-task-002459,code,python,strip-future-history@1>purge-build-caches@1>mtime-normalize@1>separate-verifier@2,sha256:c8a8684663fd32dded455325482868ccfba94b3bf72fb84dddfcbe9d781b7497,derived/task-store/variants/mimo-v2.6-rl__format-code-task-002459/c8a8684663fd,none,built,purge-installed-copies@1 skipped: scope is CONFIRMED_PURGE plus already-carried run packages (HAR-194 stance),sha256:02af06721771b2667ae2be0e2c0fee0f48c839daa93a0d71903c149eceb1a007,
format-code-task-002460,code,python,strip-future-history@1>purge-build-caches@1>mtime-normalize@1>separate-verifier@2,sha256:d4b9b33d56f0f22ef40a84a024231b05dcee2c3124173b4c04f7cdd0af02a708,derived/task-store/variants/mimo-v2.6-rl__format-code-task-002460/d4b9b33d56f0,none,built,purge-installed-copies@1 skipped: scope is CONFIRMED_PURGE plus already-carried run packages (HAR-194 stance),sha256:a703880d05901407c05c7fb409dd5a721d226b6041f7c4bac43beb12737e2e73,
format-code-task-002461,code,python,strip-future-history@1>purge-build-caches@1>mtime-normalize@1>separate-verifier@2,sha256:0b4e8553ef0c3f02757277114e705f95814d0c61f76d034ebcd20afaaec91b5a,derived/task-store/variants/mimo-v2.6-rl__format-code-task-002461/0b4e8553ef0c,none,built,purge-installed-copies@1 skipped: scope is CONFIRMED_PURGE plus already-carried run packages (HAR-194 stance),sha256:c30e54ae256eeb4fd6ba455f7564083ac6d94f615bcdf4e02f95b162c77277a8,
format-code-task-002466,code,python,strip-future-history@1>purge-build-caches@1>mtime-normalize@1>separate-verifier@2,sha256:be0293b2eec1c1d3e6a82fc1943882ca444ccf94e3001353c24864b147447ace,derived/task-store/variants/mimo-v2.6-rl__format-code-task-002466/be0293b2eec1,none,built,purge-installed-copies@1 skipped: scope is CONFIRMED_PURGE plus already-carried run packages (HAR-194 stance),sha256:9cf7192be7ecfc3e87a93169881139f2dcb6fcb029b2da3624804cf60bcb57f3,
format-code-task-002468,code,python,strip-future-history@1>purge-build-caches@1>mtime-normalize@1>separate-verifier@2,sha256:8cf32a4cd3697b674f15f7dd936fc83efd215199cde0494a3e54e5a87c835dcf,derived/task-store/variants/mimo-v2.6-rl__format-code-task-002468/8cf32a4cd369,none,built,purge-installed-copies@1 skipped: scope is CONFIRMED_PURGE plus already-carried run packages (HAR-194 stance),sha256:53fa5485e99f45c2474b10303cfa553be30eb78c4e3514efcd45e95c6dfed353,
format-code-task-002470,code,python,strip-future-history@1>purge-build-caches@1>mtime-normalize@1>separate-verifier@2,sha256:daa413fae79ceb35854e2af3d973e99514047803b7317b3190c679d646999d24,derived/task-store/variants/mimo-v2.6-rl__format-code-task-002470/daa413fae79c,/Users/petermakhnatch/Developer/eval-lab-results/2026-10-07/HAR-191-oracle-sweep/tasks/format-code-task-002470/oracle/solution-patch.stdout.log,built,purge-installed-copies@1 skipped: scope is CONFIRMED_PURGE plus already-carried run packages (HAR-194 stance),sha256:ee40ed4c5a011acdeeba372e4af75be20917d5445e4afce348e86dea61d0a0c8,oracle:pass+nop:fail
format-code-task-002476,code,python,strip-future-history@1>purge-build-caches@1>mtime-normalize@1>separate-verifier@2,sha256:0f9b5bf19601b63073f41ef58797bf5ac352578d795a42b0236dbb6215ed3eeb,derived/task-store/variants/mimo-v2.6-rl__format-code-task-002476/0f9b5bf19601,none,built,purge-installed-copies@1 skipped: scope is CONFIRMED_PURGE plus already-carried run packages (HAR-194 stance),sha256:30f3dca826b2bf2dd28f0b98bd608dc4ba22d8c71d10fb389818d40e21739b48,
format-code-task-002477,code,python,strip-future-history@1>purge-build-caches@1>mtime-normalize@1>separate-verifier@2,sha256:95a0653d14d6ea3756519c0a2735b835a6a81c907fbb9b3050b5d2e544cda885,derived/task-store/variants/mimo-v2.6-rl__format-code-task-002477/95a0653d14d6,none,built,purge-installed-copies@1 skipped: scope is CONFIRMED_PURGE plus already-carried run packages (HAR-194 stance),sha256:2abecda426a4bdb7e53d5d321d8963c11af0f9b4c7238eadd4eb34f72dc5c7dd,
format-code-task-002482,code,python,strip-future-history@1>purge-build-caches@1>mtime-normalize@1>separate-verifier@2,sha256:cf399718fa3ac68318e80ed3a682798d049f0c42204e9c9c81e1a45043e404a7,derived/task-store/variants/mimo-v2.6-rl__format-code-task-002482/cf399718fa3a,none,built,purge-installed-copies@1 skipped: scope is CONFIRMED_PURGE plus already-carried run packages (HAR-194 stance),sha256:18eb454911a61b448cfdad729d01010497949029018e141d47e7e429df41f89d,
format-code-task-002483,code,python,strip-future-history@1>purge-build-caches@1>mtime-normalize@1>separate-verifier@2,sha256:a446940f7b6ba42736eaedc55b2cb84b1adadc53af94f3ff6810f6cd6f60fac8,derived/task-store/variants/mimo-v2.6-rl__format-code-task-002483/a446940f7b6b,/Users/petermakhnatch/Developer/eval-lab-results/2026-10-07/HAR-191-oracle-sweep/tasks/format-code-task-002483/oracle/solution-patch.stdout.log,built,purge-installed-copies@1 skipped: scope is CONFIRMED_PURGE plus already-carried run packages (HAR-194 stance),sha256:e74de2cac39e964dfc79a251de89b236475d2afa161ae8a0f98ebf742ec4c524,oracle:pass+nop:fail
format-code-task-002486,code,python,strip-future-history@1>purge-build-caches@1>mtime-normalize@1>separate-verifier@2,sha256:af38c9b995b960119e7ab9cca6f2e8b8246ec945c4f6b17c95b74dd8f6c70be6,derived/task-store/variants/mimo-v2.6-rl__format-code-task-002486/af38c9b995b9,none,built,purge-installed-copies@1 skipped fail-closed: no identifiable project name at the worktree,sha256:2135c3b5028a86de7197dcc48aeb6b4f7f6572e0cec7e09495ba037aee06f2e6,
format-code-task-002487,code,python,strip-future-history@1>purge-build-caches@1>mtime-normalize@1>separate-verifier@2,sha256:f04da0c986d383df2ac971fbd0de8060850ac09a7137672d1130f3dbff573c62,derived/task-store/variants/mimo-v2.6-rl__format-code-task-002487/f04da0c986d3,none,built,purge-installed-copies@1 skipped: scope is CONFIRMED_PURGE plus already-carried run packages (HAR-194 stance),sha256:fe90351c0e0bc5958d1aaa59dff3ee48d7e51fd3e926d83f039252a330e0d72c,
format-code-task-002488,code,python,strip-future-history@1>purge-build-caches@1>mtime-normalize@1>separate-verifier@2,sha256:041ae6b5298851c75aba745296904de51ab7c73469eeee2b959deb5a5a3be906,derived/task-store/variants/mimo-v2.6-rl__format-code-task-002488/041ae6b52988,none,built,purge-installed-copies@1 skipped: scope is CONFIRMED_PURGE plus already-carried run packages (HAR-194 stance),sha256:331de2bb128fe11621755e928fd33c33f11fa18b7a81ba2ff04106c8283312b9,
format-code-task-002489,code,python,strip-future-history@1>purge-build-caches@1>mtime-normalize@1>separate-verifier@2,sha256:1319c7d5deec3bdff1fd23f9b9aaa1a3f33987a6ba31cbd773da7c28e9703e7f,derived/task-store/variants/mimo-v2.6-rl__format-code-task-002489/1319c7d5deec,none,built,purge-installed-copies@1 skipped: scope is CONFIRMED_PURGE plus already-carried run packages (HAR-194 stance),sha256:6edf8896fbcfa1eb7f21296ca59263c58b2c4faa3c5feba621c04f8de4404c95,
format-code-task-002493,code,python,strip-future-history@1>purge-build-caches@1>mtime-normalize@1>separate-verifier@2,sha256:c5b0dccf7f598ab83d97cd9cdd32567bc1924b7dac76eff4016f1a99b186b60c,derived/task-store/variants/mimo-v2.6-rl__format-code-task-002493/c5b0dccf7f59,none,built,purge-installed-copies@1 skipped: scope is CONFIRMED_PURGE plus already-carried run packages (HAR-194 stance),sha256:df8867eb651556eb4ea18ab3eceb24bab295e83e3d622efc25116d9cde52fcbf,
format-code-task-002494,code,python,strip-future-history@1>purge-build-caches@1>mtime-normalize@1>separate-verifier@2,sha256:0730c7229ec28428b273272ed8f1b6f9b3c58ed6591e83a73bc20ca8d91cdc1c,derived/task-store/variants/mimo-v2.6-rl__format-code-task-002494/0730c7229ec2,none,built,purge-installed-copies@1 skipped: scope is CONFIRMED_PURGE plus already-carried run packages (HAR-194 stance),sha256:1d0bf0a4db25e9480c8b8ff8f5df688f94a595a4b5825b58b91ab7901c559d59,
format-code-task-002495,code,python,strip-future-history@1>purge-build-caches@1>mtime-normalize@1>separate-verifier@2,sha256:c30c9e79039f39f0d5ae009bb9e45a602c1911461de5771acaaa39400ba40f25,derived/task-store/variants/mimo-v2.6-rl__format-code-task-002495/c30c9e79039f,none,built,purge-installed-copies@1 skipped: scope is CONFIRMED_PURGE plus already-carried run packages (HAR-194 stance),sha256:a91ff043517b6ce0dd9f75ec1c096a1643b2551876566a274ee8a5d4f2c53ed1,
format-code-task-002496,code,python,strip-future-history@1>purge-build-caches@1>mtime-normalize@1>separate-verifier@2,sha256:77c52ef8d2a79b24d217716793fb7861a6956449b5e36ffb1476b05e7abdeb57,derived/task-store/variants/mimo-v2.6-rl__format-code-task-002496/77c52ef8d2a7,none,built,purge-installed-copies@1 skipped: scope is CONFIRMED_PURGE plus already-carried run packages (HAR-194 stance),sha256:1e53514f3dbec334021a2557ec24684250e4f137befd471ad756f2ac39275de5,
format-code-task-002499,code,python,strip-future-history@1>purge-build-caches@1>mtime-normalize@1>separate-verifier@2,sha256:cb1002aea04bc64ed0f7cb5fd2d2df785f3a310dc842faa27c77a344d1de447b,derived/task-store/variants/mimo-v2.6-rl__format-code-task-002499/cb1002aea04b,/Users/petermakhnatch/Developer/eval-lab-results/2026-10-07/HAR-191-oracle-sweep/tasks/format-code-task-002499/oracle/solution-patch.stdout.log,built,purge-installed-copies@1 skipped: scope is CONFIRMED_PURGE plus already-carried run packages (HAR-194 stance),sha256:a397fe346dc17e1a6e1163c7b9caf48065b822909a32d81a3e653294d2a3f233,oracle:pass+nop:fail
format-code-task-002504,code,python,strip-future-history@1>purge-build-caches@1>mtime-normalize@1>separate-verifier@2,sha256:cbbd337f4c531f07b4291c23205838373510e24853154a44239ec27dc2cf0cd1,derived/task-store/variants/mimo-v2.6-rl__format-code-task-002504/cbbd337f4c53,none,built,purge-installed-copies@1 skipped: scope is CONFIRMED_PURGE plus already-carried run packages (HAR-194 stance),sha256:91d2b33765927bb14675efad8c2872407d4e88f8186be84bcdfebb935da043f2,
format-code-task-002507,code,python,strip-future-history@1>purge-build-caches@1>mtime-normalize@1>separate-verifier@2,sha256:b7e8dcd80f419323959142213953f5161bfa1674ec6b91649da08b123fcbc8be,derived/task-store/variants/mimo-v2.6-rl__format-code-task-002507/b7e8dcd80f41,none,built,purge-installed-copies@1 skipped: scope is CONFIRMED_PURGE plus already-carried run packages (HAR-194 stance),sha256:ad680bb5bb6b44959f60b262094223a5f53daa895ab23d561b4e6f19d3ad62bb,
format-code-task-002508,code,python,strip-future-history@1>purge-build-caches@1>mtime-normalize@1>separate-verifier@2,sha256:6e2b549ca87cf4d3b21955373d43331d091dad873479bc045369e3a8f8354bd5,derived/task-store/variants/mimo-v2.6-rl__format-code-task-002508/6e2b549ca87c,none,built,purge-installed-copies@1 skipped: scope is CONFIRMED_PURGE plus already-carried run packages (HAR-194 stance),sha256:41a722ea11913023316c6be6fecf9707043f0dee870c536f56ee04a02978c766,
format-code-task-002511,code,python,strip-future-history@1>purge-build-caches@1>mtime-normalize@1>separate-verifier@2,sha256:fb79fd96effb87c9b1b9feb7651644be679a9d5f05de831ea17c660ea1a29b3b,derived/task-store/variants/mimo-v2.6-rl__format-code-task-002511/fb79fd96effb,none,built,purge-installed-copies@1 skipped: scope is CONFIRMED_PURGE plus already-carried run packages (HAR-194 stance),sha256:7a949a80b39f13c809f420419df92352d3ab111042ae1fbdb557c22f07ee83f1,
format-code-task-002519,code,python,strip-future-history@1>purge-build-caches@1>mtime-normalize@1>separate-verifier@2,sha256:e6a41c9ae9ee30fe7f60d0d4c1794485fe41cee0bbff6e33b7d536479f541b05,derived/task-store/variants/mimo-v2.6-rl__format-code-task-002519/e6a41c9ae9ee,/Users/petermakhnatch/Developer/eval-lab-results/2026-10-07/HAR-191-oracle-sweep/tasks/format-code-task-002519/oracle/solution-patch.stdout.log,built,purge-installed-copies@1 skipped: scope is CONFIRMED_PURGE plus already-carried run packages (HAR-194 stance),sha256:e64525960487eb94d436ff95321f6b291788e9b3ecf1d197a5af76daea00d346,oracle:pass+nop:fail
format-code-task-002520,code,python,strip-future-history@1>purge-build-caches@1>mtime-normalize@1>separate-verifier@2,sha256:75983efb6d9e4e283b8eff049ed82ca4e0f10b0f431080fef796888dd1f177ad,derived/task-store/variants/mimo-v2.6-rl__format-code-task-002520/75983efb6d9e,none,built,purge-installed-copies@1 skipped: scope is CONFIRMED_PURGE plus already-carried run packages (HAR-194 stance),sha256:e644e281c2d6f5b84c113ce80f71fa0234957c02ee5c953fce6e760692777f71,
format-code-task-002521,code,python,strip-future-history@1>purge-build-caches@1>mtime-normalize@1>separate-verifier@2,sha256:2adae9a3d1f92ecf8b50a0528c5d42267e4c6c586f15760ab6f45a79e152667b,derived/task-store/variants/mimo-v2.6-rl__format-code-task-002521/2adae9a3d1f9,none,built,purge-installed-copies@1 skipped: scope is CONFIRMED_PURGE plus already-carried run packages (HAR-194 stance),sha256:b4e9651719451255fc832eed8f5ddfbf4a081e57ab4b56acacc472e70187c3dc,
format-code-task-002522,code,python,strip-future-history@1>purge-build-caches@1>mtime-normalize@1>separate-verifier@2,sha256:83e9dc038390d07710df6d4c4983925336ef50f55b4b534d03249f0eef137c87,derived/task-store/variants/mimo-v2.6-rl__format-code-task-002522/83e9dc038390,none,built,purge-installed-copies@1 skipped: scope is CONFIRMED_PURGE plus already-carried run packages (HAR-194 stance),sha256:7e72ddd17ff1199630facae4bd1d063359ae7f67fccc125f6b549903906a7a5d,
format-code-task-002523,code,python,strip-future-history@1>purge-build-caches@1>mtime-normalize@1>separate-verifier@2,sha256:ac50c01583823771b8e43be86989878fd29852d15b521adbdfec7fae6d2e93ea,derived/task-store/variants/mimo-v2.6-rl__format-code-task-002523/ac50c0158382,none,built,purge-installed-copies@1 skipped: scope is CONFIRMED_PURGE plus already-carried run packages (HAR-194 stance),sha256:1d48d53c36743b7f8d171425444d15bb46559a4c959d19362e60645871c51dec,
format-code-task-002532,code,python,strip-future-history@1>purge-build-caches@1>mtime-normalize@1>separate-verifier@2,sha256:0f14e5b6965568260f315935e3298e4beddf17593cde36e1789ba0ecc6cfab34,derived/task-store/variants/mimo-v2.6-rl__format-code-task-002532/0f14e5b69655,none,built,purge-installed-copies@1 skipped: scope is CONFIRMED_PURGE plus already-carried run packages (HAR-194 stance),sha256:4eb309e0b2c22b0dfa5d3fd8562446d2402d853d1ec78fa323b2f0b497abc078,
format-code-task-002533,code,python,strip-future-history@1>purge-build-caches@1>mtime-normalize@1>separate-verifier@2,sha256:ca9aa8c300e80c6b5207ba17e64080b3e5a9c77234985e460fe5a37916a541ad,derived/task-store/variants/mimo-v2.6-rl__format-code-task-002533/ca9aa8c300e8,none,built,purge-installed-copies@1 skipped: scope is CONFIRMED_PURGE plus already-carried run packages (HAR-194 stance),sha256:da6eea0ef181a3466c8a68f5aa88c203dddbf30bb66091139feb73d4e9618541,
format-code-task-002535,code,python,strip-future-history@1>purge-build-caches@1>mtime-normalize@1>separate-verifier@2,sha256:6d3c196910709156b37c1bfd6107ed55fc3a75c23de5507e916246327ee71ff5,derived/task-store/variants/mimo-v2.6-rl__format-code-task-002535/6d3c19691070,none,built,purge-installed-copies@1 skipped: scope is CONFIRMED_PURGE plus already-carried run packages (HAR-194 stance),sha256:fd333e994b23a897c58fc51d9d4fd515285b3ad2e007c7f3a73f2bd26702e18d,
format-code-task-002536,code,python,strip-future-history@1>purge-build-caches@1>mtime-normalize@1>separate-verifier@2,sha256:737d5fc3b5bb455ffd2ed0a6d7e779a22d2d2061590eb7e2db07035788e27b6c,derived/task-store/variants/mimo-v2.6-rl__format-code-task-002536/737d5fc3b5bb,none,built,purge-installed-copies@1 skipped: scope is CONFIRMED_PURGE plus already-carried run packages (HAR-194 stance),sha256:edadf9f220e6280ce6a206a6d98021a91bde6aa9063cb41177e02083c5953049,
format-code-task-002537,code,python,strip-future-history@1>purge-build-caches@1>mtime-normalize@1>separate-verifier@2,sha256:85b412c7594b9d6ef19088f699c77c8f8dc3d75623466401ebd17a42983b9f2e,derived/task-store/variants/mimo-v2.6-rl__format-code-task-002537/85b412c7594b,none,built,purge-installed-copies@1 skipped: scope is CONFIRMED_PURGE plus already-carried run packages (HAR-194 stance),sha256:e1e94add4d1c9061d6c0ebcaf7518d9741f4fc55716469a0cbe466d58156c03c,
format-code-task-002538,code,python,strip-future-history@1>purge-build-caches@1>mtime-normalize@1>separate-verifier@2,sha256:d0db9a63acaba4d2a49625ae6f0c8db96836055bd8ba9d2efd307c3e0b8052ad,derived/task-store/variants/mimo-v2.6-rl__format-code-task-002538/d0db9a63acab,none,built,purge-installed-copies@1 skipped: scope is CONFIRMED_PURGE plus already-carried run packages (HAR-194 stance),sha256:279635c81b620d314500ae527167f20fb7538e772e02ab3f0e42d664c884cd3f,
format-code-task-002539,code,python,strip-future-history@1>purge-build-caches@1>mtime-normalize@1>separate-verifier@2,sha256:d388253de9572267c2f37548c4512704cc39ce5f3ab444456e4a6b6c6092f621,derived/task-store/variants/mimo-v2.6-rl__format-code-task-002539/d388253de957,none,built,purge-installed-copies@1 skipped: scope is CONFIRMED_PURGE plus already-carried run packages (HAR-194 stance),sha256:ca9c95a0b8a103583db6fef51982ba9ab1507a3053e1a878dd139fce0e20f63f,
format-code-task-002542,code,python,strip-future-history@1>purge-build-caches@1>mtime-normalize@1>separate-verifier@2,sha256:27eadae7f38ec0903cc1bc2fc43c3053f1893b60b410dae6e7b132baa42cd491,derived/task-store/variants/mimo-v2.6-rl__format-code-task-002542/27eadae7f38e,none,built,purge-installed-copies@1 skipped: scope is CONFIRMED_PURGE plus already-carried run packages (HAR-194 stance),sha256:9b2de0fe6dd9d0eb5731ffeaa396e86698f318de9002e0366b56ddfeaf493537,
format-code-task-002543,code,python,strip-future-history@1>purge-build-caches@1>mtime-normalize@1>separate-verifier@2,sha256:e9183246dc10abb07fee878499ca7231dd8bad9fb503b89d4c3ed3d84199779e,derived/task-store/variants/mimo-v2.6-rl__format-code-task-002543/e9183246dc10,none,built,purge-installed-copies@1 skipped: scope is CONFIRMED_PURGE plus already-carried run packages (HAR-194 stance),sha256:bf78a79f15e344197b98e6089890a33778f519230b870049e92b4b86d289ab51,
format-code-task-002545,code,python,strip-future-history@1>purge-build-caches@1>mtime-normalize@1>separate-verifier@2,sha256:e999fc56af3af0b9e7987e24e11dff20b5d9398530121c56cfbbcb8ab6cf8897,derived/task-store/variants/mimo-v2.6-rl__format-code-task-002545/e999fc56af3a,none,built,purge-installed-copies@1 skipped: scope is CONFIRMED_PURGE plus already-carried run packages (HAR-194 stance),sha256:1a8328d4702dc1c0f38b5e3d0266121da3fd56bdd6ce8c6d6cd3cfd5d0233205,
format-code-task-002549,code,python,strip-future-history@1>purge-build-caches@1>mtime-normalize@1>separate-verifier@2,sha256:7e8a7b68f3a0f1640e40c600c2238467000efb92ed3090c6b017659ee9f2cd39,derived/task-store/variants/mimo-v2.6-rl__format-code-task-002549/7e8a7b68f3a0,/Users/petermakhnatch/Developer/eval-lab-results/2026-10-07/HAR-191-oracle-sweep/tasks/format-code-task-002549/oracle/solution-patch.stdout.log,built,purge-installed-copies@1 skipped: scope is CONFIRMED_PURGE plus already-carried run packages (HAR-194 stance),sha256:bfefa50974b86cd82bc876d5afe8623907b6db3b92f02d144beaa53694445b74,oracle:pass+nop:fail
format-code-task-002550,code,python,strip-future-history@1>purge-build-caches@1>mtime-normalize@1>separate-verifier@2,sha256:0dcf8b022a74dbca2c9da30aab1a7a5e968e6038c655e000cf99255e5e07078f,derived/task-store/variants/mimo-v2.6-rl__format-code-task-002550/0dcf8b022a74,none,built,purge-installed-copies@1 skipped: scope is CONFIRMED_PURGE plus already-carried run packages (HAR-194 stance),sha256:74800f7051507292bbeaa82d16d2bee75fc18cfde0d57e65411d7c74356317e8,
format-code-task-002552,code,python,strip-future-history@1>purge-build-caches@1>mtime-normalize@1>separate-verifier@2,sha256:71c421067610e5868bb3ea98f2e6def5ea082cdf5b54f41f51e6a5cd6c6c0737,derived/task-store/variants/mimo-v2.6-rl__format-code-task-002552/71c421067610,/Users/petermakhnatch/Developer/eval-lab-results/2026-10-07/HAR-191-oracle-sweep/tasks/format-code-task-002552/oracle/solution-patch.stdout.log,built,purge-installed-copies@1 skipped fail-closed: poetry project on a python-3.8 image: the offline editable reinstall cannot use its backend and the link fallback has no worktree source,sha256:e9273f2254788fb1803882c506c25b7274f6b908cf658d3e1065a63348f84f2d,oracle:pass+nop:fail
format-code-task-002554,code,python,strip-future-history@1>purge-build-caches@1>mtime-normalize@1>separate-verifier@2,sha256:bdefa01169521d9a3b961a2adb5d37cef3bcc440d507781af8489a7a625aad59,derived/task-store/variants/mimo-v2.6-rl__format-code-task-002554/bdefa0116952,/Users/petermakhnatch/Developer/eval-lab-results/2026-10-07/HAR-191-oracle-sweep/tasks/format-code-task-002554/oracle/solution-patch.stdout.log,built,purge-installed-copies@1 skipped: scope is CONFIRMED_PURGE plus already-carried run packages (HAR-194 stance),sha256:a84f9f15fac045e223521f76b984bc935bd03ac00b394cdfeec6890a8f90b607,oracle:pass+nop:fail
format-code-task-002555,code,python,strip-future-history@1>purge-build-caches@1>mtime-normalize@1>separate-verifier@2,sha256:477bc9adf663ede7ebc37ba55f469d627c218e9cbb4ce5ce8bacfc39ab98c6e6,derived/task-store/variants/mimo-v2.6-rl__format-code-task-002555/477bc9adf663,/Users/petermakhnatch/Developer/eval-lab-results/2026-10-07/HAR-191-oracle-sweep/tasks/format-code-task-002555/oracle/solution-patch.stdout.log,built,purge-installed-copies@1 skipped: scope is CONFIRMED_PURGE plus already-carried run packages (HAR-194 stance),sha256:f74d636a79af17e553fbb6325c5220c62e74006a383faa7cd4d871ff824a7f4b,oracle:pass+nop:fail
format-code-task-002557,code,python,strip-future-history@1>purge-build-caches@1>mtime-normalize@1>separate-verifier@2,sha256:dbadeea0d8f5c94a4db407c5476ac95fb173bf07cd72e87b0dea5d10d566f4bd,derived/task-store/variants/mimo-v2.6-rl__format-code-task-002557/dbadeea0d8f5,none,built,purge-installed-copies@1 skipped: scope is CONFIRMED_PURGE plus already-carried run packages (HAR-194 stance),sha256:5215c3672f7d5ef93d096d46bc4a2eb5e219b7f6b7d260bcc746aa67f0f18ac0,
format-code-task-002558,code,python,strip-future-history@1>purge-build-caches@1>mtime-normalize@1>separate-verifier@2,sha256:3780f83d7402043b338b832d54ff1d524e1e9806370f7bbca2d79060fd3e643a,derived/task-store/variants/mimo-v2.6-rl__format-code-task-002558/3780f83d7402,none,built,purge-installed-copies@1 skipped: scope is CONFIRMED_PURGE plus already-carried run packages (HAR-194 stance),sha256:ee006a3c410caee41d28d9eed76b8645afadd1f77b80545019387d2285e28889,
format-code-task-002559,code,python,strip-future-history@1>purge-build-caches@1>mtime-normalize@1>separate-verifier@2,sha256:2647eed139752a6ae19169585889c115815db12ee45a15a941604e6bea53595e,derived/task-store/variants/mimo-v2.6-rl__format-code-task-002559/2647eed13975,none,built,purge-installed-copies@1 skipped: scope is CONFIRMED_PURGE plus already-carried run packages (HAR-194 stance),sha256:71613612984ca95ebc36213f85df37aa7839818981943172b057ff1cbce72961,
format-code-task-002562,code,python,strip-future-history@1>purge-build-caches@1>mtime-normalize@1>separate-verifier@2,sha256:a3cd736e970fa7626b8748bb74568a59e487b2bd232273f2aa5802b8e3b9f1f7,derived/task-store/variants/mimo-v2.6-rl__format-code-task-002562/a3cd736e970f,none,built,purge-installed-copies@1 skipped: scope is CONFIRMED_PURGE plus already-carried run packages (HAR-194 stance),sha256:b6be450f812a7bfe873099c56d8a81b7868924b531c8af85a9a3540a708c4e5b,
format-code-task-002563,code,python,strip-future-history@1>purge-build-caches@1>mtime-normalize@1>separate-verifier@2,sha256:259cd3a757cbdb1c8a738a77295726364f6021464d75361aa5e98347c98bbf87,derived/task-store/variants/mimo-v2.6-rl__format-code-task-002563/259cd3a757cb,none,built,purge-installed-copies@1 skipped: scope is CONFIRMED_PURGE plus already-carried run packages (HAR-194 stance),sha256:ac06d1c6debf0e96452686bad464394724e161db98622e25a6f88d444027b45e,
format-code-task-002564,code,python,strip-future-history@1>purge-build-caches@1>mtime-normalize@1>separate-verifier@2,sha256:ca695b071082de53842703d7599ecd3ee87ce37a9915ec3a8aa65c77f384c1f7,derived/task-store/variants/mimo-v2.6-rl__format-code-task-002564/ca695b071082,none,built,purge-installed-copies@1 skipped: scope is CONFIRMED_PURGE plus already-carried run packages (HAR-194 stance),sha256:5637017ea4dc61fb25afe9c0c131fdcb39b18693a3fca9b6ddbc836cb466d5af,
format-code-task-002566,code,python,strip-future-history@1>purge-build-caches@1>mtime-normalize@1>separate-verifier@2,sha256:bcaa6c114ebec63883756d8cfd10b8ebafd7e5724ee702249e6390debc736238,derived/task-store/variants/mimo-v2.6-rl__format-code-task-002566/bcaa6c114ebe,none,built,purge-installed-copies@1 skipped: scope is CONFIRMED_PURGE plus already-carried run packages (HAR-194 stance),sha256:83419af8f3aa120ca3c5707ad860ee519eddc84f4852421bcf223d77a9cb304a,
format-code-task-002567,code,python,strip-future-history@1>purge-build-caches@1>mtime-normalize@1>separate-verifier@2,sha256:e4f247ca9bdd0aa36c8d6e66c5fca6f6516a9e8aadb455e1e80dab6e07a403f8,derived/task-store/variants/mimo-v2.6-rl__format-code-task-002567/e4f247ca9bdd,none,built,purge-installed-copies@1 skipped: scope is CONFIRMED_PURGE plus already-carried run packages (HAR-194 stance),sha256:69355b048652806ebb728e2c808cb59e8d14387fe50c5e4d6b5472ed1b4816f9,
format-code-task-002568,code,python,strip-future-history@1>purge-build-caches@1>mtime-normalize@1>separate-verifier@2,sha256:4e1f252b5141c708b4f369806c28d1e62e572bdd0286fa14aad2d2dc919e8272,derived/task-store/variants/mimo-v2.6-rl__format-code-task-002568/4e1f252b5141,none,built,purge-installed-copies@1 skipped: scope is CONFIRMED_PURGE plus already-carried run packages (HAR-194 stance),sha256:445b38986b98c3b93fc7c79777c4c01789071843335865ba35e85dcbf6c6ea0f,
format-code-task-002569,code,python,strip-future-history@1>purge-build-caches@1>mtime-normalize@1>separate-verifier@2,sha256:fc513acd9efff60259d28274144bbb3f99e8225d94b2985010dd49b9d5b0316f,derived/task-store/variants/mimo-v2.6-rl__format-code-task-002569/fc513acd9eff,none,built,purge-installed-copies@1 skipped: scope is CONFIRMED_PURGE plus already-carried run packages (HAR-194 stance),sha256:bae25f88c40971db60b389c055fad31207466bb3ba15c99b02fefa8cf8119c9e,
format-code-task-002570,code,python,strip-future-history@1>purge-build-caches@1>mtime-normalize@1>separate-verifier@2,sha256:7bdf1f13081a6bbbd8737f2864dee1e7358020a0daf6b404bcf300f3895f6714,derived/task-store/variants/mimo-v2.6-rl__format-code-task-002570/7bdf1f13081a,none,built,purge-installed-copies@1 skipped: scope is CONFIRMED_PURGE plus already-carried run packages (HAR-194 stance),sha256:52f0b0a4570c5f219bf667e7fd60c7565760367f3e085d361012bda2fd809300,
format-code-task-002571,code,python,strip-future-history@1>purge-build-caches@1>mtime-normalize@1>separate-verifier@2,sha256:5ee000fdf695db335516b68fb27873703cd217e771f89671e0c898dedec045c3,derived/task-store/variants/mimo-v2.6-rl__format-code-task-002571/5ee000fdf695,none,built,purge-installed-copies@1 skipped: scope is CONFIRMED_PURGE plus already-carried run packages (HAR-194 stance),sha256:170c9c3fa274f8145f10e40faf97b15ce2f9a073c4dda5bc8e44f39d08b329e5,
format-code-task-002572,code,python,strip-future-history@1>purge-build-caches@1>mtime-normalize@1>separate-verifier@2,sha256:d342da06db6081e2171a8c01fa4137fc7d27e0a45d77f4e207dc98ed220831f8,derived/task-store/variants/mimo-v2.6-rl__format-code-task-002572/d342da06db60,none,built,purge-installed-copies@1 skipped: scope is CONFIRMED_PURGE plus already-carried run packages (HAR-194 stance),sha256:133e2ce074dcb752b2d78ec5999911e7fba32924cdb0e0f823856e216d955e2c,
format-code-task-002578,code,python,strip-future-history@1>purge-build-caches@1>mtime-normalize@1>separate-verifier@2,sha256:ac5690364cdd5c5a97ec9fe66a083a33b55d713ca7c5a8fa8f919774b7d8a717,derived/task-store/variants/mimo-v2.6-rl__format-code-task-002578/ac5690364cdd,none,built,purge-installed-copies@1 skipped: scope is CONFIRMED_PURGE plus already-carried run packages (HAR-194 stance),sha256:a507564369e9609d9b7e71ed019f61c779dd1cc9882342f87b4144326252f05e,
format-code-task-002581,code,python,strip-future-history@1>purge-build-caches@1>mtime-normalize@1>separate-verifier@2,sha256:d5b006d5db9ddbfcaed1587a0c721d74fe39ec8d78809c5a744788dae7ec3bcc,derived/task-store/variants/mimo-v2.6-rl__format-code-task-002581/d5b006d5db9d,none,built,purge-installed-copies@1 skipped: scope is CONFIRMED_PURGE plus already-carried run packages (HAR-194 stance),sha256:3a3eb67b96f5de969f9b9fcf8ba2096ed43716acb46950c320fab65b558dfd44,
format-code-task-002582,code,python,strip-future-history@1>purge-build-caches@1>mtime-normalize@1>separate-verifier@2,sha256:3f40463b0e91e99265e9e259d1b89b53d5433383d79f060870df1810b0c64212,derived/task-store/variants/mimo-v2.6-rl__format-code-task-002582/3f40463b0e91,none,built,purge-installed-copies@1 skipped: scope is CONFIRMED_PURGE plus already-carried run packages (HAR-194 stance),sha256:64f461ac943871533358d28a15f62598648c67e85790bbee7e10a3bad515b7fe,
format-code-task-002587,code,python,strip-future-history@1>purge-build-caches@1>mtime-normalize@1>separate-verifier@2,sha256:ccd18636616e329abb49516341a7754619fe7f55a187060a37a239e74624ac03,derived/task-store/variants/mimo-v2.6-rl__format-code-task-002587/ccd18636616e,none,built,purge-installed-copies@1 skipped: scope is CONFIRMED_PURGE plus already-carried run packages (HAR-194 stance),sha256:ebb4af19ab86e7b03b5ef7d14087d4dcd8e42ba69fcbff0e8d3858adbc384b5a,
format-code-task-002589,code,python,strip-future-history@1>purge-build-caches@1>mtime-normalize@1>separate-verifier@2,sha256:1d3df51017d3e9d066c186b5cd82d8a2e85979b3dbf7cbefc58d31f8ce5cebf4,derived/task-store/variants/mimo-v2.6-rl__format-code-task-002589/1d3df51017d3,none,built,purge-installed-copies@1 skipped: scope is CONFIRMED_PURGE plus already-carried run packages (HAR-194 stance),sha256:b74bf201304e1aaaec4a77bc955edd083c84326841cc5071d3dba98e445c46bd,
format-code-task-002594,code,python,strip-future-history@1>purge-build-caches@1>mtime-normalize@1>separate-verifier@2,sha256:e5014b0a2df834c551064d6ba9714a9b8d2ba71302ee45d1ac3e81454457e8b8,derived/task-store/variants/mimo-v2.6-rl__format-code-task-002594/e5014b0a2df8,none,built,purge-installed-copies@1 skipped: scope is CONFIRMED_PURGE plus already-carried run packages (HAR-194 stance),sha256:37b20f965b381b7bc8ecffd86f5f0bde3c654edd983650714f04f181748030d9,
format-code-task-002595,code,python,,,,none,skipped,"ledger verdict=discard status=discarded: a nested pytest fails with 'LazySchema' object has no attribute 'hooks'; tests run, no environment repair identified",sha256:e0865b1a9b62fda2fc5b3472d73cce816b76ea0382f3f5fc36fd70bb04b53f71,
format-code-task-002599,code,python,strip-future-history@1>purge-build-caches@1>mtime-normalize@1>separate-verifier@2,sha256:ffaf9cde2f334bf927851d98175b372301c97b9f924857d2f01b0d079350ff6b,derived/task-store/variants/mimo-v2.6-rl__format-code-task-002599/ffaf9cde2f33,none,built,purge-installed-copies@1 skipped: scope is CONFIRMED_PURGE plus already-carried run packages (HAR-194 stance),sha256:a1ffe962937c46a8b4f008989a555f489e710646c7c78933b15ed3a1d61c14f6,
format-code-task-002600,code,python,strip-future-history@1>purge-build-caches@1>mtime-normalize@1>separate-verifier@2,sha256:e8f6cf48f1d717feb25b485973103c597f2baa62cca23e79bef06205bb45e9ef,derived/task-store/variants/mimo-v2.6-rl__format-code-task-002600/e8f6cf48f1d7,none,built,purge-installed-copies@1 skipped: scope is CONFIRMED_PURGE plus already-carried run packages (HAR-194 stance),sha256:be0cea2fbccbc084d91f2d73449b2acdd544ff8bb9d87220653af70f37f6d753,
format-code-task-002601,code,python,strip-future-history@1>purge-build-caches@1>mtime-normalize@1>separate-verifier@2,sha256:a7ad482f9c7a1efb38674eb62f46086c66130245eeb204b7b8815793e656eef9,derived/task-store/variants/mimo-v2.6-rl__format-code-task-002601/a7ad482f9c7a,/Users/petermakhnatch/Developer/eval-lab-results/2026-10-07/HAR-191-oracle-sweep/tasks/format-code-task-002601/oracle/solution-patch.stdout.log,built,purge-installed-copies@1 skipped: scope is CONFIRMED_PURGE plus already-carried run packages (HAR-194 stance),sha256:a8f0fe0b67f88d1beba56f360995a4f0bff98dd92576d942571c056d04ca6e58,oracle:pass+nop:fail
format-code-task-002602,code,python,strip-future-history@1>purge-build-caches@1>mtime-normalize@1>separate-verifier@2,sha256:ae002207ebb56f2a0cf25183178d8afa9773b3b618135b4d36299641f20047cb,derived/task-store/variants/mimo-v2.6-rl__format-code-task-002602/ae002207ebb5,none,built,purge-installed-copies@1 skipped: scope is CONFIRMED_PURGE plus already-carried run packages (HAR-194 stance),sha256:d0bcacefdce142c8f9a19fdbbc4e7efd4a83dc07330f06359d781af8db00cf15,
format-code-task-002606,code,python,strip-future-history@1>purge-build-caches@1>mtime-normalize@1>separate-verifier@2,sha256:8b5d119d0f0b246319fbde13708d72329c833b4ef103035b419400e3770eff8b,derived/task-store/variants/mimo-v2.6-rl__format-code-task-002606/8b5d119d0f0b,none,built,purge-installed-copies@1 skipped: scope is CONFIRMED_PURGE plus already-carried run packages (HAR-194 stance),sha256:f3a567772dd378c0090fc8e58c552d278d5e2af88b04488b51a2f9b5ce86233f,
format-code-task-002607,code,python,strip-future-history@1>purge-build-caches@1>mtime-normalize@1>separate-verifier@2,sha256:c9e9dbcc8667f26065d183439b8c8a47cb8f814edf757ddcbe6596d1644c6233,derived/task-store/variants/mimo-v2.6-rl__format-code-task-002607/c9e9dbcc8667,none,built,purge-installed-copies@1 skipped: scope is CONFIRMED_PURGE plus already-carried run packages (HAR-194 stance),sha256:919cb35b9f4ad162de2a705336f265d3a4a9a481021cd17e5699220454284bea,
format-code-task-002609,code,python,strip-future-history@1>purge-build-caches@1>mtime-normalize@1>separate-verifier@2,sha256:7e37d3e0f1b5ae5422adb5fc6a006f0b7ff0f38b210e69e791ef0ced9a0504ab,derived/task-store/variants/mimo-v2.6-rl__format-code-task-002609/7e37d3e0f1b5,/Users/petermakhnatch/Developer/eval-lab-results/2026-10-07/HAR-191-oracle-sweep/tasks/format-code-task-002609/oracle/solution-patch.stdout.log,built,purge-installed-copies@1 skipped: scope is CONFIRMED_PURGE plus already-carried run packages (HAR-194 stance),sha256:3ce64e24f78fad2b3260501178402f81b21a15016637a4aaa98aeeedf31b4e13,oracle:pass+nop:fail
format-code-task-002610,code,python,strip-future-history@1>purge-build-caches@1>mtime-normalize@1>separate-verifier@2,sha256:5cf6a4673882797cb2e9133b92078feb78cf2b7caafbf0abd96d78bfba8c0cbf,derived/task-store/variants/mimo-v2.6-rl__format-code-task-002610/5cf6a4673882,/Users/petermakhnatch/Developer/eval-lab-results/2026-10-07/HAR-191-oracle-sweep/tasks/format-code-task-002610/oracle/solution-patch.stdout.log,built,purge-installed-copies@1 skipped: scope is CONFIRMED_PURGE plus already-carried run packages (HAR-194 stance),sha256:272490859ee4cb5039469e59612664fe6c48393398f2c4cd96e89ea749e72c37,oracle:pass+nop:fail
format-code-task-002611,code,python,strip-future-history@1>purge-build-caches@1>mtime-normalize@1>separate-verifier@2,sha256:7a80f846994b6952e6afc6656650398caf4d9fd3cecd3e42feff931dfc9af2f5,derived/task-store/variants/mimo-v2.6-rl__format-code-task-002611/7a80f846994b,none,built,purge-installed-copies@1 skipped: scope is CONFIRMED_PURGE plus already-carried run packages (HAR-194 stance),sha256:f893d0cfdff1d8748dee86e164e5765c0e8bbbdca7be462b72719d1b5a753139,
format-code-task-002614,code,python,strip-future-history@1>purge-build-caches@1>mtime-normalize@1>separate-verifier@2,sha256:26272bca5324fa8be18da650e3ec0b211e633b3dc41c7e944391b999df215dd5,derived/task-store/variants/mimo-v2.6-rl__format-code-task-002614/26272bca5324,/Users/petermakhnatch/Developer/eval-lab-results/2026-10-07/HAR-191-oracle-sweep/tasks/format-code-task-002614/oracle/solution-patch.stdout.log,built,purge-installed-copies@1 skipped: scope is CONFIRMED_PURGE plus already-carried run packages (HAR-194 stance),sha256:f1277f2e1a77b77902114c743b271e805ccee523f15eb1ead6306da81ac9b80c,oracle:pass+nop:fail
format-code-task-002615,code,python,strip-future-history@1>purge-build-caches@1>mtime-normalize@1>separate-verifier@2,sha256:9898db9c0ef1c00d299d298edaf2cb1d838d01db11dc242235c6737ac08f2782,derived/task-store/variants/mimo-v2.6-rl__format-code-task-002615/9898db9c0ef1,none,built,purge-installed-copies@1 skipped: scope is CONFIRMED_PURGE plus already-carried run packages (HAR-194 stance),sha256:7f239618a97f4baa5eb519238b1bb1f8ee5c6a2003cad8ce5bbe5f66604f2f40,
format-code-task-002618,code,python,strip-future-history@1>purge-build-caches@1>mtime-normalize@1>separate-verifier@2,sha256:d4b165b41eab95d78b5ea873d3c74e7b9bf171243d3cca41a81c3456ae910adc,derived/task-store/variants/mimo-v2.6-rl__format-code-task-002618/d4b165b41eab,none,built,purge-installed-copies@1 skipped: scope is CONFIRMED_PURGE plus already-carried run packages (HAR-194 stance),sha256:e8daaf330a962b3df1ddf85fc3c4cca21c68372a41e255ad0e4510f406ad03b4,
format-code-task-002619,code,python,strip-future-history@1>purge-build-caches@1>mtime-normalize@1>separate-verifier@2,sha256:a0882f52bbad4a3503c955ea6474e06fb6d7775f31d721d5ae43bfc0a3819a12,derived/task-store/variants/mimo-v2.6-rl__format-code-task-002619/a0882f52bbad,/Users/petermakhnatch/Developer/eval-lab-results/2026-10-07/HAR-191-oracle-sweep/tasks/format-code-task-002619/oracle/solution-patch.stdout.log,built,purge-installed-copies@1 skipped: scope is CONFIRMED_PURGE plus already-carried run packages (HAR-194 stance),sha256:4c52db979832ca383a0f302d730e8a51cca7db544f682a1ef9e5ec3b22fda991,oracle:pass+nop:fail
format-code-task-002626,code,python,strip-future-history@1>purge-build-caches@1>mtime-normalize@1>separate-verifier@2,sha256:4679e46f7721a88203ad231b09f43492af4a5ad2a2e359042a9ac974cbc4ae9d,derived/task-store/variants/mimo-v2.6-rl__format-code-task-002626/4679e46f7721,none,built,purge-installed-copies@1 skipped: scope is CONFIRMED_PURGE plus already-carried run packages (HAR-194 stance),sha256:9b4ed2cb054f544ff2129a5aad771f5e662eaef14d78e34bd99db2e189eb8576,
format-code-task-002628,code,python,strip-future-history@1>purge-build-caches@1>mtime-normalize@1>separate-verifier@2,sha256:e0fd44b42e6168f04e41039f8982403b81be9085414084be3e8189afe7835933,derived/task-store/variants/mimo-v2.6-rl__format-code-task-002628/e0fd44b42e61,none,built,purge-installed-copies@1 skipped: scope is CONFIRMED_PURGE plus already-carried run packages (HAR-194 stance),sha256:080f15d348e33c25c61c4963f4d8f5f7d6ff6382ec11673061bf9817f4d2f9b5,
format-code-task-002641,code,python,strip-future-history@1>purge-build-caches@1>mtime-normalize@1>separate-verifier@2,sha256:a8583c8fd992352f5ccc1e103d2c699b333b1c1577b7145a448943e3a04cf3c8,derived/task-store/variants/mimo-v2.6-rl__format-code-task-002641/a8583c8fd992,/Users/petermakhnatch/Developer/eval-lab-results/2026-10-07/HAR-191-oracle-sweep/tasks/format-code-task-002641/oracle/solution-patch.stdout.log,built,purge-installed-copies@1 skipped: scope is CONFIRMED_PURGE plus already-carried run packages (HAR-194 stance),sha256:f49ba9c0a53a7a5f632c2a112eade49a817475e21bb53f7b6af1e45a76e57683,oracle:pass+nop:fail
format-code-task-002644,code,python,strip-future-history@1>purge-build-caches@1>mtime-normalize@1>separate-verifier@2,sha256:950b20974a9d925318d97c1f11ea0956f1b9cfe7b1de978458b05d3446de9e93,derived/task-store/variants/mimo-v2.6-rl__format-code-task-002644/950b20974a9d,none,built,purge-installed-copies@1 skipped: scope is CONFIRMED_PURGE plus already-carried run packages (HAR-194 stance),sha256:349be3539d16b765d540b0c69ac2d19c4a7d925c83ab849ddffe5acee3c3a4b7,
format-code-task-002647,code,python,strip-future-history@1>purge-build-caches@1>mtime-normalize@1>separate-verifier@2,sha256:654ee26b016f5d703b467ec08e38395eb8cf2d48654db2ecaf9f18a99dae09de,derived/task-store/variants/mimo-v2.6-rl__format-code-task-002647/654ee26b016f,none,built,purge-installed-copies@1 skipped: scope is CONFIRMED_PURGE plus already-carried run packages (HAR-194 stance),sha256:eee80f8f64b1c2a1f9f161a5f2087e968b595e0664cda283b67cf1063ca234ce,
format-code-task-002648,code,python,strip-future-history@1>purge-build-caches@1>mtime-normalize@1>separate-verifier@2,sha256:e3d1fc7d60d7815a5bf71a5ff492c398c66d98d5a4133c3a0e6b775d4aa3e4f5,derived/task-store/variants/mimo-v2.6-rl__format-code-task-002648/e3d1fc7d60d7,none,built,purge-installed-copies@1 skipped: scope is CONFIRMED_PURGE plus already-carried run packages (HAR-194 stance),sha256:ec2c8a79a123f128091fa651ab7b9a7ba733f715f4cec47f903119010d16ad56,
format-code-task-002649,code,python,strip-future-history@1>purge-build-caches@1>mtime-normalize@1>separate-verifier@2,sha256:119577e1c86133b962a8ef39d05a2626fa98a07581a98b51252f19f36c008445,derived/task-store/variants/mimo-v2.6-rl__format-code-task-002649/119577e1c861,/Users/petermakhnatch/Developer/eval-lab-results/2026-10-07/HAR-191-oracle-sweep/tasks/format-code-task-002649/oracle/solution-patch.stdout.log,built,purge-installed-copies@1 skipped: scope is CONFIRMED_PURGE plus already-carried run packages (HAR-194 stance),sha256:2eae0fdaa52c183460c90a1f8daf42da0d972eda9c5f6255fb6feea4ee3d1278,oracle:pass+nop:fail
format-code-task-002661,code,python,strip-future-history@1>purge-build-caches@1>mtime-normalize@1>separate-verifier@2,sha256:ef11f0cc217882bea5ca440583f2ad42ed5084719d826094c9b9f72510a63a78,derived/task-store/variants/mimo-v2.6-rl__format-code-task-002661/ef11f0cc2178,none,built,purge-installed-copies@1 skipped: scope is CONFIRMED_PURGE plus already-carried run packages (HAR-194 stance),sha256:7cc60d686b63d59347bd61a1157e61d370913b7e77c74cc112546946f86e5d8a,
format-code-task-002662,code,python,strip-future-history@1>purge-build-caches@1>mtime-normalize@1>separate-verifier@2,sha256:008abb946ed8d01aad04720edd1a762fb729203ce6d9a082dc2f48cb54a4e8e0,derived/task-store/variants/mimo-v2.6-rl__format-code-task-002662/008abb946ed8,none,built,purge-installed-copies@1 skipped: scope is CONFIRMED_PURGE plus already-carried run packages (HAR-194 stance),sha256:2fc6c7877f9fab98977b072b0542aa43281683cf963b41212ec92a4646be16f0,
format-code-task-002663,code,python,strip-future-history@1>purge-build-caches@1>mtime-normalize@1>separate-verifier@2,sha256:d00d47d0bc570c07a8c03bbcdff2b9d83fc1fc3facb3fda42265b4182d492c3d,derived/task-store/variants/mimo-v2.6-rl__format-code-task-002663/d00d47d0bc57,none,built,purge-installed-copies@1 skipped: scope is CONFIRMED_PURGE plus already-carried run packages (HAR-194 stance),sha256:8392fef71c9628e0dbd1949456531d88459d1e1d290889c50547ac3a0092a735,
format-code-task-002664,code,python,strip-future-history@1>purge-build-caches@1>mtime-normalize@1>separate-verifier@2,sha256:12009ace8cdc765c4ecd7a3c866f4b1ff2aeab374c47ed6ab0252ef2ce2a7f55,derived/task-store/variants/mimo-v2.6-rl__format-code-task-002664/12009ace8cdc,none,built,purge-installed-copies@1 skipped: scope is CONFIRMED_PURGE plus already-carried run packages (HAR-194 stance),sha256:3684333c46a9374829b7962f223681437dbfd86164e1c4a6ea35edaf8f1252c0,
format-code-task-002667,code,python,strip-future-history@1>purge-build-caches@1>mtime-normalize@1>separate-verifier@2,sha256:ba2ef13bdb281cae662298b223b7586aa33da99545fec4c0b2807eeef8475130,derived/task-store/variants/mimo-v2.6-rl__format-code-task-002667/ba2ef13bdb28,none,built,purge-installed-copies@1 skipped: scope is CONFIRMED_PURGE plus already-carried run packages (HAR-194 stance),sha256:effe796d930f230765185ada839287caca168a909f73d265a405dc3bc6696992,
format-code-task-002668,code,python,strip-future-history@1>purge-build-caches@1>mtime-normalize@1>separate-verifier@2,sha256:50ae131770cc85d9224a05cdfd9d6e1dac095f81f7d5df6c14f1aab167360f8a,derived/task-store/variants/mimo-v2.6-rl__format-code-task-002668/50ae131770cc,/Users/petermakhnatch/Developer/eval-lab-results/2026-10-07/HAR-191-oracle-sweep/tasks/format-code-task-002668/oracle/solution-patch.stdout.log,built,purge-installed-copies@1 skipped: scope is CONFIRMED_PURGE plus already-carried run packages (HAR-194 stance),sha256:89b905359fb950488e31cb5bbd90dc9335f836b4bec90d62aa7850f44d67499f,oracle:pass+nop:fail
format-code-task-002669,code,python,strip-future-history@1>purge-build-caches@1>mtime-normalize@1>separate-verifier@2,sha256:9af623b9ebfa93aaca7db89b7489e8e6382a86d4734145839cf4ffb69d538927,derived/task-store/variants/mimo-v2.6-rl__format-code-task-002669/9af623b9ebfa,none,built,purge-installed-copies@1 skipped: scope is CONFIRMED_PURGE plus already-carried run packages (HAR-194 stance),sha256:698fc0ec5e04633c903d3395bf428af7fd21ca6a8797e42d2ae5aed2832e2e01,
format-code-task-002672,code,python,strip-future-history@1>purge-build-caches@1>mtime-normalize@1>separate-verifier@2,sha256:c915939f1e0895153466a837305f38bae68fdcf51301d5a3672f22e3368499df,derived/task-store/variants/mimo-v2.6-rl__format-code-task-002672/c915939f1e08,/Users/petermakhnatch/Developer/eval-lab-results/2026-10-07/HAR-191-oracle-sweep/tasks/format-code-task-002672/oracle/solution-patch.stdout.log,built,purge-installed-copies@1 skipped: scope is CONFIRMED_PURGE plus already-carried run packages (HAR-194 stance),sha256:a286d548fd4a038c953fbeed27bfe0298f5842cb2489bb48f5e2c1bbe0023c46,oracle:pass+nop:fail
format-code-task-002674,code,python,strip-future-history@1>purge-build-caches@1>mtime-normalize@1>separate-verifier@2,sha256:083002d3fbf874f7dc139bd4428178ca64e012c531f68712bfbee2f6eb4cde39,derived/task-store/variants/mimo-v2.6-rl__format-code-task-002674/083002d3fbf8,none,built,purge-installed-copies@1 skipped: scope is CONFIRMED_PURGE plus already-carried run packages (HAR-194 stance),sha256:694b29797476a2c4f3a0346016bd69b7b92024975182304ad11e774a0996c767,
format-code-task-002680,code,python,strip-future-history@1>purge-build-caches@1>mtime-normalize@1>separate-verifier@2,sha256:4ca3b280279e54fbd7cd8b5c34276c2eca5cdfb9a138f48f05905555554e1b2d,derived/task-store/variants/mimo-v2.6-rl__format-code-task-002680/4ca3b280279e,/Users/petermakhnatch/Developer/eval-lab-results/2026-10-07/HAR-191-oracle-sweep/tasks/format-code-task-002680/oracle/solution-patch.stdout.log,built,purge-installed-copies@1 skipped: scope is CONFIRMED_PURGE plus already-carried run packages (HAR-194 stance),sha256:205818a003ea443311e98770c8da6aeebfa5c04f71f4b72511f9f6d663cd6606,oracle:pass+nop:fail
format-code-task-002696,code,python,strip-future-history@1>purge-build-caches@1>mtime-normalize@1>separate-verifier@2,sha256:5d558dcfac5d3d5e775ffce74704d1c6ea1365e94b286f365e3fc4b0c59f07e5,derived/task-store/variants/mimo-v2.6-rl__format-code-task-002696/5d558dcfac5d,/Users/petermakhnatch/Developer/eval-lab-results/2026-10-07/HAR-191-oracle-sweep/tasks/format-code-task-002696/oracle/solution-patch.stdout.log,built,purge-installed-copies@1 skipped: scope is CONFIRMED_PURGE plus already-carried run packages (HAR-194 stance),sha256:cb5be55d4c36c5b1243a17b6211a939cf595401d496305613acb2afd38a227f3,oracle:pass+nop:fail
format-code-task-002697,code,python,strip-future-history@1>purge-build-caches@1>mtime-normalize@1>separate-verifier@2,sha256:8e4920a86347985e20d8e01e13e56ac642cbeda5545cd33e4636ec290350f38c,derived/task-store/variants/mimo-v2.6-rl__format-code-task-002697/8e4920a86347,none,built,purge-installed-copies@1 skipped: scope is CONFIRMED_PURGE plus already-carried run packages (HAR-194 stance),sha256:aadde6fdee874ed78d65f90ea17d6ccfaefb10f0b9fa4467c06739c51272476b,
format-code-task-002698,code,python,strip-future-history@1>purge-build-caches@1>mtime-normalize@1>separate-verifier@2,sha256:62bce19bfd64755f436bbb8fdfb977ca9b8d1505383ab80cf44f92af27422eaa,derived/task-store/variants/mimo-v2.6-rl__format-code-task-002698/62bce19bfd64,none,built,purge-installed-copies@1 skipped: scope is CONFIRMED_PURGE plus already-carried run packages (HAR-194 stance),sha256:8a5306851d30ad8c9fdef78749f13a9d3350e04a5c5888547396052b6277b830,
format-code-task-002699,code,python,strip-future-history@1>purge-build-caches@1>mtime-normalize@1>separate-verifier@2,sha256:d810c3d8926d895a1ffc63ad1d4849f0e733df96bf773363acb51d89a51dea6e,derived/task-store/variants/mimo-v2.6-rl__format-code-task-002699/d810c3d8926d,none,built,purge-installed-copies@1 skipped: scope is CONFIRMED_PURGE plus already-carried run packages (HAR-194 stance),sha256:c18e9e6868022eb63d3bd87d4c0f4849d5bcb199096bed77c6fb7e505d80e8ff,
format-code-task-002701,code,python,strip-future-history@1>purge-build-caches@1>mtime-normalize@1>separate-verifier@2,sha256:6288eb924f08c141a68c9c21cdde7ba401b3fa17f1f3aea5102691be035aadb3,derived/task-store/variants/mimo-v2.6-rl__format-code-task-002701/6288eb924f08,none,built,purge-installed-copies@1 skipped: scope is CONFIRMED_PURGE plus already-carried run packages (HAR-194 stance),sha256:46268306f82011a5818bb7b233ed2a33664e725bdd5450cc54d99c8e20abb811,
format-code-task-002709,code,python,strip-future-history@1>purge-build-caches@1>mtime-normalize@1>separate-verifier@2,sha256:70561c2d079234f71a4450877f9afe2077afb916caffb8e85aac9c6c56683102,derived/task-store/variants/mimo-v2.6-rl__format-code-task-002709/70561c2d0792,none,built,purge-installed-copies@1 skipped: scope is CONFIRMED_PURGE plus already-carried run packages (HAR-194 stance),sha256:27f07e0c8ab90e24585d589078e7a41b9856850c3c6a8b16596003a3e0a1f5ab,
format-code-task-002710,code,python,strip-future-history@1>purge-build-caches@1>mtime-normalize@1>separate-verifier@2,sha256:f6ba6b2c103840479e7ee261b6d001923c962f5d1b37f9579db9714f7e1c78f7,derived/task-store/variants/mimo-v2.6-rl__format-code-task-002710/f6ba6b2c1038,none,built,purge-installed-copies@1 skipped: scope is CONFIRMED_PURGE plus already-carried run packages (HAR-194 stance),sha256:c0bc581e18879b7bed0c60b9ffdf710c98a02ba9d22a97b117114eeedbf8517d,
format-code-task-002714,code,python,strip-future-history@1>purge-build-caches@1>mtime-normalize@1>separate-verifier@2,sha256:3487f45bbb4f7e5f8fccf6649bdcd565569e042bc76884c731802cbc99f40900,derived/task-store/variants/mimo-v2.6-rl__format-code-task-002714/3487f45bbb4f,none,built,purge-installed-copies@1 skipped: scope is CONFIRMED_PURGE plus already-carried run packages (HAR-194 stance),sha256:6eff85594ca7fdcb68c1219c18d6759229bbcd5095a314f2f3d4519a5d179655,
format-code-task-002718,code,python,strip-future-history@1>purge-build-caches@1>mtime-normalize@1>separate-verifier@2,sha256:bf2d6bb2322023f88d71e2e42c08e8f08b640071c19c711c1dd4037274da40f7,derived/task-store/variants/mimo-v2.6-rl__format-code-task-002718/bf2d6bb23220,none,built,purge-installed-copies@1 skipped: scope is CONFIRMED_PURGE plus already-carried run packages (HAR-194 stance),sha256:f0db1e179a08e9f6ac742185d25df7c70fce32be6cf28665fbe31b6b45566f68,
format-code-task-002719,code,python,strip-future-history@1>purge-build-caches@1>mtime-normalize@1>separate-verifier@2,sha256:666c3a121fcded58cc52ff7e2fa367d43ca9012b9a263bf76c87bada592e6952,derived/task-store/variants/mimo-v2.6-rl__format-code-task-002719/666c3a121fcd,none,built,purge-installed-copies@1 skipped: scope is CONFIRMED_PURGE plus already-carried run packages (HAR-194 stance),sha256:81a78eb1607749a14ab0a424c7a11564e0a0bf40ac3ba643fb30eb1de1c5b87e,
format-code-task-002721,code,python,strip-future-history@1>purge-build-caches@1>mtime-normalize@1>separate-verifier@2,sha256:6f91b26e958aee54bfb9bb132640ae0f94e88e8b2d1bd3e861608c13949908c7,derived/task-store/variants/mimo-v2.6-rl__format-code-task-002721/6f91b26e958a,none,built,purge-installed-copies@1 skipped: scope is CONFIRMED_PURGE plus already-carried run packages (HAR-194 stance),sha256:737cfad4e819c8895f6f5f524f804589ba9b7f310f4e59f8c66c104d0334a3d3,
format-code-task-002722,code,python,strip-future-history@1>purge-build-caches@1>mtime-normalize@1>separate-verifier@2,sha256:83da5202fc5f2603226ede2d86c1d02bf7c7381280e3d60a0ab68a21b6eab19f,derived/task-store/variants/mimo-v2.6-rl__format-code-task-002722/83da5202fc5f,none,built,purge-installed-copies@1 skipped: scope is CONFIRMED_PURGE plus already-carried run packages (HAR-194 stance),sha256:858039d7bc9833c18befe110b7ac6c29833fb82720f8b9296e0c28d2d8e47cad,
format-code-task-002723,code,python,strip-future-history@1>purge-build-caches@1>mtime-normalize@1>separate-verifier@2,sha256:11c200fe5183538113b1ffb7d1dc2baed2aef26acd96d14e870eabc8934a83fe,derived/task-store/variants/mimo-v2.6-rl__format-code-task-002723/11c200fe5183,none,built,purge-installed-copies@1 skipped: scope is CONFIRMED_PURGE plus already-carried run packages (HAR-194 stance),sha256:4eaf2ffa5850ff8d7fbcbf9e1497de4fc3dcb9775eb768d0b68d4716847592f3,
format-code-task-002724,code,python,strip-future-history@1>purge-build-caches@1>mtime-normalize@1>separate-verifier@2,sha256:22b245e18499735f33a66e0e0352923978ab8aba6792b8709633e43cc01babeb,derived/task-store/variants/mimo-v2.6-rl__format-code-task-002724/22b245e18499,none,built,purge-installed-copies@1 skipped: scope is CONFIRMED_PURGE plus already-carried run packages (HAR-194 stance),sha256:49e5d4ed41cb686def10e6dd83db1c98f4dab365a732ea31098ef9fde5176633,
format-code-task-002725,code,python,strip-future-history@1>purge-build-caches@1>mtime-normalize@1>separate-verifier@2,sha256:617f3bef44e4e026f3a0cacd9f2136c8408476b3fa0a5478ad1cf04c0a525cd3,derived/task-store/variants/mimo-v2.6-rl__format-code-task-002725/617f3bef44e4,none,built,purge-installed-copies@1 skipped: scope is CONFIRMED_PURGE plus already-carried run packages (HAR-194 stance),sha256:bf4d11b45dbb331d87c49192b7e72562cade0669be24bc6d625e067f56bc3234,
format-code-task-002726,code,python,strip-future-history@1>purge-build-caches@1>mtime-normalize@1>separate-verifier@2,sha256:5f768efd6c102d82ebfb450faffe6521d63ec5e1015d8237e75d506f1d288ef2,derived/task-store/variants/mimo-v2.6-rl__format-code-task-002726/5f768efd6c10,none,built,purge-installed-copies@1 skipped: scope is CONFIRMED_PURGE plus already-carried run packages (HAR-194 stance),sha256:c206f4383f2f6c3aed2354366ec5ef3b7858894e57c77a5bfeaaa5dd344b1b7a,
format-code-task-002727,code,python,strip-future-history@1>purge-build-caches@1>mtime-normalize@1>separate-verifier@2,sha256:397a08fe7beeb6bc2921e1c37200713b298f0b3fae89b59ef248a346a0544726,derived/task-store/variants/mimo-v2.6-rl__format-code-task-002727/397a08fe7bee,none,built,purge-installed-copies@1 skipped: scope is CONFIRMED_PURGE plus already-carried run packages (HAR-194 stance),sha256:040eb9808b0ff1fff04dc4eec8b6eed89c7cc273a472ea2c1605bdbba9f70a9e,
format-code-task-002734,code,python,strip-future-history@1>purge-build-caches@1>mtime-normalize@1>separate-verifier@2,sha256:b35ed2da3009e1703a1c8de0b94f9b1f86fe0855bec9f7b0ce57020d6744dcfb,derived/task-store/variants/mimo-v2.6-rl__format-code-task-002734/b35ed2da3009,none,built,purge-installed-copies@1 skipped: scope is CONFIRMED_PURGE plus already-carried run packages (HAR-194 stance),sha256:3c006e10001808cbf06294a7d96d1d7a1bd27f69c0b91180afbb53ebac33e69b,
format-code-task-002736,code,python,strip-future-history@1>purge-build-caches@1>mtime-normalize@1>separate-verifier@2,sha256:7ddcfc81ccd3acec6f339f596e018f234130be6fab38b4e6b4e365d0be97b54f,derived/task-store/variants/mimo-v2.6-rl__format-code-task-002736/7ddcfc81ccd3,/Users/petermakhnatch/Developer/eval-lab-results/2026-10-07/HAR-191-oracle-sweep/tasks/format-code-task-002736/oracle/solution-patch.stdout.log,built,purge-installed-copies@1 skipped: scope is CONFIRMED_PURGE plus already-carried run packages (HAR-194 stance),sha256:58a967f87365f880d56def414ce00cbdd8a06d36333168970c8c6cfb0f10575e,oracle:pass+nop:fail
format-code-task-002737,code,python,strip-future-history@1>purge-build-caches@1>mtime-normalize@1>separate-verifier@2,sha256:c269279b85b0ae083ff57b31f3588211b2f7d16dcc9f243ff2db9cc225d7c42b,derived/task-store/variants/mimo-v2.6-rl__format-code-task-002737/c269279b85b0,none,built,purge-installed-copies@1 skipped: scope is CONFIRMED_PURGE plus already-carried run packages (HAR-194 stance),sha256:ffca33fcdd058b1c5fc58db92d975f5541eb9e18b9bc2f683064b21889638539,
format-code-task-002739,code,python,strip-future-history@1>purge-build-caches@1>mtime-normalize@1>separate-verifier@2,sha256:5fe436a1ac631c61f06d70962ecf5f6b016298946f68283c469693fd9b7e55b5,derived/task-store/variants/mimo-v2.6-rl__format-code-task-002739/5fe436a1ac63,/Users/petermakhnatch/Developer/eval-lab-results/2026-10-07/HAR-191-oracle-sweep/tasks/format-code-task-002739/oracle/solution-patch.stdout.log,built,purge-installed-copies@1 skipped: scope is CONFIRMED_PURGE plus already-carried run packages (HAR-194 stance),sha256:adde3189ea520f19525037a45dcdd623358f80f167d89211dbc134ad88e662e2,oracle:pass+nop:fail
format-code-task-002742,code,python,strip-future-history@1>purge-build-caches@1>mtime-normalize@1>separate-verifier@2,sha256:37f7a495b5914671734f01496ba640ab4ee45f5fda96db9326acdd75004ac307,derived/task-store/variants/mimo-v2.6-rl__format-code-task-002742/37f7a495b591,none,built,purge-installed-copies@1 skipped: scope is CONFIRMED_PURGE plus already-carried run packages (HAR-194 stance),sha256:eebc07e8d34ae7318660b5970828053e8ea682ab258cf9784e4653c661f76ec1,
format-code-task-002755,code,python,strip-future-history@1>purge-build-caches@1>mtime-normalize@1>separate-verifier@2,sha256:33159311901f963d0b362109fa4f7d12e865c891ec0a28607ef84e5703d4fb6a,derived/task-store/variants/mimo-v2.6-rl__format-code-task-002755/33159311901f,none,built,purge-installed-copies@1 skipped: scope is CONFIRMED_PURGE plus already-carried run packages (HAR-194 stance),sha256:6bb23735dd784fb2c31027cba6a74e32aa1e05ba4ad58b5cdbd98c8b13ed1495,
format-code-task-002756,code,python,strip-future-history@1>purge-build-caches@1>mtime-normalize@1>separate-verifier@2,sha256:308184d980285f6140a69070ff81542703b3298d792671151e9c0377029400d3,derived/task-store/variants/mimo-v2.6-rl__format-code-task-002756/308184d98028,/Users/petermakhnatch/Developer/eval-lab-results/2026-10-07/HAR-191-oracle-sweep/tasks/format-code-task-002756/oracle/solution-patch.stdout.log,built,purge-installed-copies@1 skipped: scope is CONFIRMED_PURGE plus already-carried run packages (HAR-194 stance),sha256:0e04c2e84ceccf0a528d85ab248da4010c33c568c00a2878a24cb083f2cd46ce,oracle:pass+nop:fail
format-code-task-002757,code,python,strip-future-history@1>purge-build-caches@1>mtime-normalize@1>separate-verifier@2,sha256:13b81f1d58949a8c2e181f4dd0ab3c4b5ebd01a99b72516d152d8d3405c44bbc,derived/task-store/variants/mimo-v2.6-rl__format-code-task-002757/13b81f1d5894,/Users/petermakhnatch/Developer/eval-lab-results/2026-10-07/HAR-191-oracle-sweep/tasks/format-code-task-002757/oracle/solution-patch.stdout.log,built,purge-installed-copies@1 skipped: scope is CONFIRMED_PURGE plus already-carried run packages (HAR-194 stance),sha256:646c2e44f8a7945c2af849f6d916c2bb16971c7476d3f6884795f7cf66287553,oracle:pass+nop:fail
format-code-task-002758,code,python,strip-future-history@1>purge-build-caches@1>mtime-normalize@1>separate-verifier@2,sha256:64e5cf81fec8e07031037a1dfe9cc9db77a12286de33730bf38eca915a52b117,derived/task-store/variants/mimo-v2.6-rl__format-code-task-002758/64e5cf81fec8,/Users/petermakhnatch/Developer/eval-lab-results/2026-10-07/HAR-191-oracle-sweep/tasks/format-code-task-002758/oracle/solution-patch.stdout.log,built,purge-installed-copies@1 skipped: scope is CONFIRMED_PURGE plus already-carried run packages (HAR-194 stance),sha256:62405738dd284539f680003b792dc3959d01d98aa5becdfec2febf69224a1d40,oracle:pass+nop:fail
format-code-task-002771,code,python,strip-future-history@1>purge-build-caches@1>mtime-normalize@1>separate-verifier@2,sha256:0e78b979375db6a54272289e8944d2d077261a1c5a79d16565d1ba17d696da04,derived/task-store/variants/mimo-v2.6-rl__format-code-task-002771/0e78b979375d,none,built,purge-installed-copies@1 skipped: scope is CONFIRMED_PURGE plus already-carried run packages (HAR-194 stance),sha256:3154667ef6168e5f90aeab74d5ee40459c2bd52eb159bdcecea4ff683fa899a8,
format-code-task-002772,code,python,strip-future-history@1>purge-build-caches@1>mtime-normalize@1>separate-verifier@2,sha256:6efa152266bec12fef89b97fa51f918c22efcf6d31e8d1550b0fd272a58ddbf4,derived/task-store/variants/mimo-v2.6-rl__format-code-task-002772/6efa152266be,none,built,purge-installed-copies@1 skipped: scope is CONFIRMED_PURGE plus already-carried run packages (HAR-194 stance),sha256:ab4d237d899150dde85261181a72116a58f2ba05cbdcc7d6cbf326a8fdab6f24,
format-code-task-002773,code,python,strip-future-history@1>purge-build-caches@1>mtime-normalize@1>separate-verifier@2,sha256:b768cb07cc2fb18f13e5eb7d79d6d6b2e10821c9bfc3e2379a4e0d77f66acdcd,derived/task-store/variants/mimo-v2.6-rl__format-code-task-002773/b768cb07cc2f,/Users/petermakhnatch/Developer/eval-lab-results/2026-10-07/HAR-191-oracle-sweep/tasks/format-code-task-002773/oracle/solution-patch.stdout.log,built,purge-installed-copies@1 skipped: scope is CONFIRMED_PURGE plus already-carried run packages (HAR-194 stance),sha256:5ad276412d1b0b0591bedc48619acfbf77ada03d6893c92834fd9480b75929e8,oracle:pass+nop:fail
format-code-task-002774,code,python,strip-future-history@1>purge-build-caches@1>mtime-normalize@1>separate-verifier@2,sha256:f32add2adf5b13762d781a066ad9fe578d2ac1192812192ee147764218063c47,derived/task-store/variants/mimo-v2.6-rl__format-code-task-002774/f32add2adf5b,/Users/petermakhnatch/Developer/eval-lab-results/2026-10-07/HAR-191-oracle-sweep/tasks/format-code-task-002774/oracle/solution-patch.stdout.log,built,purge-installed-copies@1 skipped: scope is CONFIRMED_PURGE plus already-carried run packages (HAR-194 stance),sha256:c0f42ad2601001fd87d84444024650bfac00aed44fc2351cefcc993107ba627b,oracle:pass+nop:fail
format-code-task-002775,code,python,strip-future-history@1>purge-build-caches@1>mtime-normalize@1>separate-verifier@2,sha256:d6daf8d3cb3780c03738371b03db5ec94259527d2bb0e4648f2d62c7fb85821b,derived/task-store/variants/mimo-v2.6-rl__format-code-task-002775/d6daf8d3cb37,/Users/petermakhnatch/Developer/eval-lab-results/2026-10-07/HAR-191-oracle-sweep/tasks/format-code-task-002775/oracle/solution-patch.stdout.log,built,purge-installed-copies@1 skipped: scope is CONFIRMED_PURGE plus already-carried run packages (HAR-194 stance),sha256:865d91c90fda0198c5acb53b83001640ec846c324c3cb44b32a6b1a7ab318fde,oracle:pass+nop:fail
format-code-task-002778,code,python,strip-future-history@1>purge-build-caches@1>mtime-normalize@1>separate-verifier@2,sha256:950dfb531a27141b84bed0ab5600c760750a543a558f576fede87e8e84517e5b,derived/task-store/variants/mimo-v2.6-rl__format-code-task-002778/950dfb531a27,none,built,purge-installed-copies@1 skipped: scope is CONFIRMED_PURGE plus already-carried run packages (HAR-194 stance),sha256:0cd0b7a2d35d1200ca42d2661ba125cd34d0e7197030527b39dc58bd659ed221,
format-code-task-002786,code,python,strip-future-history@1>purge-build-caches@1>mtime-normalize@1>separate-verifier@2,sha256:0df8d25ffb866562895bee491f27176b2fb5585ad0483a4441caa3b77706cb82,derived/task-store/variants/mimo-v2.6-rl__format-code-task-002786/0df8d25ffb86,/Users/petermakhnatch/Developer/eval-lab-results/2026-10-07/HAR-191-oracle-sweep/tasks/format-code-task-002786/oracle/solution-patch.stdout.log,built,purge-installed-copies@1 skipped: scope is CONFIRMED_PURGE plus already-carried run packages (HAR-194 stance),sha256:97f06be8958de04e2ff60ddc7f2e6e3797a2ccde8f3dfd1808c2d52b912d8bb3,oracle:pass+nop:fail
format-code-task-002790,code,python,strip-future-history@1>purge-build-caches@1>mtime-normalize@1>separate-verifier@2,sha256:b45dff0c6c723e555bd81b1881282ec7133ade210baa133f1d1b2fd5919aa279,derived/task-store/variants/mimo-v2.6-rl__format-code-task-002790/b45dff0c6c72,/Users/petermakhnatch/Developer/eval-lab-results/2026-10-07/HAR-191-oracle-sweep/tasks/format-code-task-002790/oracle/solution-patch.stdout.log,built,purge-installed-copies@1 skipped: scope is CONFIRMED_PURGE plus already-carried run packages (HAR-194 stance),sha256:5fb6a006a9378dae37f70b66b76aa22ae2d535b3603a9cbffe7f78de0b35f50f,oracle:pass+nop:fail
format-code-task-002800,code,python,strip-future-history@1>purge-build-caches@1>mtime-normalize@1>separate-verifier@2,sha256:dbc4a14f79c17e1a80580c446fcb80bed892ff6f62832112334e750945af8355,derived/task-store/variants/mimo-v2.6-rl__format-code-task-002800/dbc4a14f79c1,none,built,purge-installed-copies@1 skipped: scope is CONFIRMED_PURGE plus already-carried run packages (HAR-194 stance),sha256:078189c956d41c2526f4b7d5ef9457941a5ba0af1eac1da30bd3566d15300a3f,
format-code-task-002801,code,python,strip-future-history@1>purge-build-caches@1>mtime-normalize@1>separate-verifier@2,sha256:ca18bc15f640a35edda7e80cbfb7e4c73bb17bfb6b49e019b18fa84d9c6c05b6,derived/task-store/variants/mimo-v2.6-rl__format-code-task-002801/ca18bc15f640,/Users/petermakhnatch/Developer/eval-lab-results/2026-10-07/HAR-191-oracle-sweep/tasks/format-code-task-002801/oracle/solution-patch.stdout.log,built,purge-installed-copies@1 skipped: scope is CONFIRMED_PURGE plus already-carried run packages (HAR-194 stance),sha256:89c59bf815ef78e6710f7a540a23fe871d2708df6eba9f1e1d3fcb3b3db22822,oracle:pass+nop:fail
format-code-task-002804,code,python,strip-future-history@1>purge-build-caches@1>mtime-normalize@1>separate-verifier@2,sha256:19c6bb6c2dd0742d3f5a82102c8d28c6e8f84e3fff005a19be1a76e23c36657c,derived/task-store/variants/mimo-v2.6-rl__format-code-task-002804/19c6bb6c2dd0,none,built,purge-installed-copies@1 skipped: scope is CONFIRMED_PURGE plus already-carried run packages (HAR-194 stance),sha256:a283785acb686bc9ae5572a6980c19b2cdfd5262c1a053e5cd65aa4f7ca0e7e0,
format-code-task-002817,code,python,strip-future-history@1>purge-build-caches@1>mtime-normalize@1>separate-verifier@2,sha256:8861be61f72707c948e4a0ecf48ee1a4d5bf6d9c7f436834eb4dc095524bf07f,derived/task-store/variants/mimo-v2.6-rl__format-code-task-002817/8861be61f727,none,built,purge-installed-copies@1 skipped: scope is CONFIRMED_PURGE plus already-carried run packages (HAR-194 stance),sha256:28aab751b841cc624d3bbb5fda65226e732ac78e82b1302f422b7ac3b0c95ed8,
format-code-task-002827,code,python,strip-future-history@1>purge-build-caches@1>mtime-normalize@1>separate-verifier@2,sha256:6e84e2a970e4e9b4bb4228a5a82472547694cfbe28702265e2e83145f541b971,derived/task-store/variants/mimo-v2.6-rl__format-code-task-002827/6e84e2a970e4,none,built,purge-installed-copies@1 skipped: scope is CONFIRMED_PURGE plus already-carried run packages (HAR-194 stance),sha256:903e135431381dfe2b5cda0c1f6201b07adefaace20d7761a8e49ae496918621,
format-code-task-002829,code,python,strip-future-history@1>purge-build-caches@1>mtime-normalize@1>separate-verifier@2,sha256:8fb9c635f871b39a44a673017c334e38ff6dd89e4219dcba35bfe04b78690760,derived/task-store/variants/mimo-v2.6-rl__format-code-task-002829/8fb9c635f871,/Users/petermakhnatch/Developer/eval-lab-results/2026-10-07/HAR-191-oracle-sweep/tasks/format-code-task-002829/oracle/solution-patch.stdout.log,built,purge-installed-copies@1 skipped: scope is CONFIRMED_PURGE plus already-carried run packages (HAR-194 stance),sha256:59329e0b49a364ac1bcbabce2aec2cdf99d3eaff5028f7382117431c78c2207f,oracle:pass+nop:fail
format-code-task-002833,code,python,strip-future-history@1>purge-build-caches@1>mtime-normalize@1>separate-verifier@2,sha256:67bd479c6f240d92d80c7df40456968cf1d006c613514b2f00eea2ff649bffed,derived/task-store/variants/mimo-v2.6-rl__format-code-task-002833/67bd479c6f24,/Users/petermakhnatch/Developer/eval-lab-results/2026-10-07/HAR-191-oracle-sweep/tasks/format-code-task-002833/oracle/solution-patch.stdout.log,built,purge-installed-copies@1 skipped: scope is CONFIRMED_PURGE plus already-carried run packages (HAR-194 stance),sha256:66e815d9ddde9d9f1690114ee1c304f54a7c0bfaa1d6053529e271e78839fca5,oracle:pass+nop:fail
format-code-task-002836,code,python,strip-future-history@1>purge-build-caches@1>mtime-normalize@1>separate-verifier@2,sha256:54e92203d03732993012ee8c7426d76939fba2467d9225dfedd0180b43e29aa2,derived/task-store/variants/mimo-v2.6-rl__format-code-task-002836/54e92203d037,none,built,purge-installed-copies@1 skipped: scope is CONFIRMED_PURGE plus already-carried run packages (HAR-194 stance),sha256:deea823a7612a413b27833cd6afaa657e19293ae8fbac6f92e3f8b55e9864513,
format-code-task-002838,code,python,strip-future-history@1>purge-build-caches@1>mtime-normalize@1>separate-verifier@2,sha256:6acb103364b11a4ce9e5a1e57797a82f346613d4a32c60354a540cf1bc27afc8,derived/task-store/variants/mimo-v2.6-rl__format-code-task-002838/6acb103364b1,none,built,purge-installed-copies@1 skipped: scope is CONFIRMED_PURGE plus already-carried run packages (HAR-194 stance),sha256:2920ed481e4dde2e8332552f5bd03b28b2d4001aef67ab624e71517d911df054,
format-code-task-002848,code,python,,,,none,skipped,"ledger verdict=discard status=discarded: No module named 'src.DownloadModels': the instruction names the class, not the module; likely the agent's own work, unconfirmed",sha256:e06e544e3e668f3383cd7fc7853f8ff18bfd0b089e9fbed282babcaeb8b0b2f9,
format-code-task-002850,code,python,strip-future-history@1>purge-build-caches@1>mtime-normalize@1>separate-verifier@2,sha256:2b3eb2689f166bf803ffc0c6f217655a81e7fc7cb099dab574daaaad9ae4068c,derived/task-store/variants/mimo-v2.6-rl__format-code-task-002850/2b3eb2689f16,none,built,purge-installed-copies@1 skipped: scope is CONFIRMED_PURGE plus already-carried run packages (HAR-194 stance),sha256:3fdd150a1d6e2757d3c4324ffa2b4f8b012c95ed6d1da4ed708df54a65f50a2b,
format-code-task-002851,code,python,strip-future-history@1>purge-build-caches@1>mtime-normalize@1>separate-verifier@2,sha256:578c8018c9da80e0cb7fae68d5683bb82c96c6e775711175980c8b80a95281a1,derived/task-store/variants/mimo-v2.6-rl__format-code-task-002851/578c8018c9da,/Users/petermakhnatch/Developer/eval-lab-results/2026-10-07/HAR-191-oracle-sweep/tasks/format-code-task-002851/oracle/solution-patch.stdout.log,built,purge-installed-copies@1 skipped: scope is CONFIRMED_PURGE plus already-carried run packages (HAR-194 stance),sha256:e6beffa653432862d76eea089c8c2e182c55ccf9c1fca690345a1ce4b917e1e7,oracle:pass+nop:fail
format-code-task-002852,code,python,strip-future-history@1>purge-build-caches@1>mtime-normalize@1>separate-verifier@2,sha256:87d17d1492b39cfd2d52cf578736eccf9c3c38edbd93f0eb09d89062978a0f53,derived/task-store/variants/mimo-v2.6-rl__format-code-task-002852/87d17d1492b3,none,built,purge-installed-copies@1 skipped: scope is CONFIRMED_PURGE plus already-carried run packages (HAR-194 stance),sha256:0358c9ef074ef96ddb38e1b94fddbca8d789b1c5774f5170d621591b3d90b994,
format-code-task-002853,code,python,strip-future-history@1>purge-build-caches@1>mtime-normalize@1>separate-verifier@2,sha256:2144541829792a8c4080e9afe33e27e5f73f289b6fcbfce9c69002cb821fd567,derived/task-store/variants/mimo-v2.6-rl__format-code-task-002853/214454182979,none,built,purge-installed-copies@1 skipped: scope is CONFIRMED_PURGE plus already-carried run packages (HAR-194 stance),sha256:32cc894f7cf97f9d54242635ae80e1c5cc8d33d9ace375b34851d82760a8d5cc,
format-code-task-002854,code,python,strip-future-history@1>purge-build-caches@1>mtime-normalize@1>separate-verifier@2,sha256:770e580cd98df6e3dfbb0564ddaa9f7608c9cd6a03e4bc4506ffb2c43d175c52,derived/task-store/variants/mimo-v2.6-rl__format-code-task-002854/770e580cd98d,none,built,purge-installed-copies@1 skipped: scope is CONFIRMED_PURGE plus already-carried run packages (HAR-194 stance),sha256:b374dde2616cdf69d6becc5c6f986a06c2fec94c7e0b4076c303893f91eabd57,
format-code-task-002855,code,python,strip-future-history@1>purge-build-caches@1>mtime-normalize@1>separate-verifier@2,sha256:e461c0c0384da31f95ff3bdb8cf4bb1d8720383a78b087cae68350e3dced6ffb,derived/task-store/variants/mimo-v2.6-rl__format-code-task-002855/e461c0c0384d,none,built,purge-installed-copies@1 skipped: scope is CONFIRMED_PURGE plus already-carried run packages (HAR-194 stance),sha256:ea67d8f2f506486e6ed93941e71d500131e2467c0e24eab5a807a890ce0e68a6,
format-code-task-002856,code,python,strip-future-history@1>purge-build-caches@1>mtime-normalize@1>separate-verifier@2,sha256:8ee1e231f3349d37f43a8ef8d1e2699c22c08d17e4d3c13b677ff412f4a5d1d6,derived/task-store/variants/mimo-v2.6-rl__format-code-task-002856/8ee1e231f334,/Users/petermakhnatch/Developer/eval-lab-results/2026-10-07/HAR-191-oracle-sweep/tasks/format-code-task-002856/oracle/solution-patch.stdout.log,built,purge-installed-copies@1 skipped: scope is CONFIRMED_PURGE plus already-carried run packages (HAR-194 stance),sha256:7290a8df0f471c815371f70b719b1adf7df1bf9cbd9a2df4b2369cc722f9d2ae,oracle:pass+nop:fail
format-code-task-002857,code,python,strip-future-history@1>purge-build-caches@1>mtime-normalize@1>separate-verifier@2,sha256:df5ada7ddf07c6bbb31542981103caced52bbffac9e3dacdff59709b89ef9e4d,derived/task-store/variants/mimo-v2.6-rl__format-code-task-002857/df5ada7ddf07,/Users/petermakhnatch/Developer/eval-lab-results/2026-10-07/HAR-191-oracle-sweep/tasks/format-code-task-002857/oracle/solution-patch.stdout.log,built,purge-installed-copies@1 skipped: scope is CONFIRMED_PURGE plus already-carried run packages (HAR-194 stance),sha256:1cc49dd33fe230a858e86585c4b54576806b8546dd3118435691dde90cbc1ec1,oracle:pass+nop:fail
format-code-task-002858,code,python,strip-future-history@1>purge-build-caches@1>mtime-normalize@1>separate-verifier@2,sha256:e05976735e9386cf7bf34f437e5ab229e08a8374e313e581d0e8d2ae3da32cfb,derived/task-store/variants/mimo-v2.6-rl__format-code-task-002858/e05976735e93,/Users/petermakhnatch/Developer/eval-lab-results/2026-10-07/HAR-191-oracle-sweep/tasks/format-code-task-002858/oracle/solution-patch.stdout.log,built,purge-installed-copies@1 skipped: scope is CONFIRMED_PURGE plus already-carried run packages (HAR-194 stance),sha256:669dd9d748aa0fe36810730dfc278c1236098227169c7db0434f9f990bfb56a9,oracle:pass+nop:fail
format-code-task-002859,code,python,strip-future-history@1>purge-build-caches@1>mtime-normalize@1>separate-verifier@2,sha256:662f66f730c6ebc8a53e99cbea6be7fbb8af04fe143aba58698bc42fad4d01c3,derived/task-store/variants/mimo-v2.6-rl__format-code-task-002859/662f66f730c6,/Users/petermakhnatch/Developer/eval-lab-results/2026-10-07/HAR-191-oracle-sweep/tasks/format-code-task-002859/oracle/solution-patch.stdout.log,built,purge-installed-copies@1 skipped: scope is CONFIRMED_PURGE plus already-carried run packages (HAR-194 stance),sha256:b1d8a39212fab39de20e04004a6b2fa1c6b92801b59fed37be7236362eb235ce,oracle:pass+nop:fail
format-code-task-002860,code,python,strip-future-history@1>purge-build-caches@1>mtime-normalize@1>separate-verifier@2,sha256:45cfb412c84e7fb65fa83c8d5b8b66a8c3d0818355663c1e84e62f7907b864a3,derived/task-store/variants/mimo-v2.6-rl__format-code-task-002860/45cfb412c84e,none,built,purge-installed-copies@1 skipped: scope is CONFIRMED_PURGE plus already-carried run packages (HAR-194 stance),sha256:85bf7a924e151ca6b1f36908346af4ccffbfbee7ec27a482a202b25693c64ad7,
format-code-task-002861,code,python,strip-future-history@1>purge-build-caches@1>mtime-normalize@1>separate-verifier@2,sha256:528f4d883ea12cbfd088a53ac44dfba3861cd5271899e7aa09ea2e1dc95591ef,derived/task-store/variants/mimo-v2.6-rl__format-code-task-002861/528f4d883ea1,none,built,purge-installed-copies@1 skipped: scope is CONFIRMED_PURGE plus already-carried run packages (HAR-194 stance),sha256:a784d5875750c04e6ee9ab43625a0db0085db599a969eb892a29cb257dc253de,
format-code-task-002862,code,python,strip-future-history@1>purge-build-caches@1>mtime-normalize@1>separate-verifier@2,sha256:f00e69365baf4d6f94d0f88a5797c79237160b35831778d6ad6e0e5461046634,derived/task-store/variants/mimo-v2.6-rl__format-code-task-002862/f00e69365baf,/Users/petermakhnatch/Developer/eval-lab-results/2026-10-07/HAR-191-oracle-sweep/tasks/format-code-task-002862/oracle/solution-patch.stdout.log,built,purge-installed-copies@1 skipped: scope is CONFIRMED_PURGE plus already-carried run packages (HAR-194 stance),sha256:f83dc124c67b44f0038e57b4d32cf506d60381465a8109e365e389f6f82d71f1,oracle:pass+nop:fail
format-code-task-002863,code,python,strip-future-history@1>purge-build-caches@1>mtime-normalize@1>separate-verifier@2,sha256:08e45094688c27a822c6ae8c114fcbce2972a46a3ab47e65a19f17374e31e57a,derived/task-store/variants/mimo-v2.6-rl__format-code-task-002863/08e45094688c,none,built,purge-installed-copies@1 skipped: scope is CONFIRMED_PURGE plus already-carried run packages (HAR-194 stance),sha256:f93cffbc10f27409bc5bc6d85d0ede4d31dc74bb7fe2f23dd19b53b7900f78c2,
format-code-task-002864,code,python,strip-future-history@1>purge-build-caches@1>mtime-normalize@1>separate-verifier@2,sha256:0730627b5248d745f88fcd0530d9259ce85d7dfdfbfbdb9bf004892846f14d28,derived/task-store/variants/mimo-v2.6-rl__format-code-task-002864/0730627b5248,none,built,purge-installed-copies@1 skipped: scope is CONFIRMED_PURGE plus already-carried run packages (HAR-194 stance),sha256:25b94c8b4e4ea29e695aef58e6a0db3f78dbdb16240f98f09d85600e1a778599,
format-code-task-002865,code,python,strip-future-history@1>purge-build-caches@1>mtime-normalize@1>separate-verifier@2,sha256:47965ed6817054af0b3885ac6f217c2172f66824956faba8beb62368ad304964,derived/task-store/variants/mimo-v2.6-rl__format-code-task-002865/47965ed68170,none,built,purge-installed-copies@1 skipped: scope is CONFIRMED_PURGE plus already-carried run packages (HAR-194 stance),sha256:5eef505bfc1e2fb97320816895b14323a0c370a11c0890be92efbebea2cc7d3e,
format-code-task-002866,code,python,strip-future-history@1>purge-build-caches@1>mtime-normalize@1>separate-verifier@2,sha256:de4d16e424394913ca9c330af1121a3b2bdf2fb0d2bfcccef446774fd9fc793b,derived/task-store/variants/mimo-v2.6-rl__format-code-task-002866/de4d16e42439,none,built,purge-installed-copies@1 skipped: scope is CONFIRMED_PURGE plus already-carried run packages (HAR-194 stance),sha256:56724ce8fff201658beb08cf033738f4efc4ec4d7d0864cb5e3f2c013e566732,
format-code-task-002867,code,python,strip-future-history@1>purge-build-caches@1>mtime-normalize@1>separate-verifier@2,sha256:a1652366fe89f3c7f7a654fe2b6e9ce1be8c26eea79dac09a48c78bcde0439b5,derived/task-store/variants/mimo-v2.6-rl__format-code-task-002867/a1652366fe89,none,built,purge-installed-copies@1 skipped: scope is CONFIRMED_PURGE plus already-carried run packages (HAR-194 stance),sha256:c7b2e12d6d8265c5d02da06f69435aa0abf7e980c74f78f91af179f97712a980,
format-code-task-002868,code,python,strip-future-history@1>purge-build-caches@1>mtime-normalize@1>separate-verifier@2,sha256:784a2eaba77d519874ebc80965c738cef17563a0b4644a871998f8643a1a3a5c,derived/task-store/variants/mimo-v2.6-rl__format-code-task-002868/784a2eaba77d,none,built,purge-installed-copies@1 skipped: scope is CONFIRMED_PURGE plus already-carried run packages (HAR-194 stance),sha256:32c14088bfe48d56385e837e9ca69215df5047ed61b5b47a337ff54fc3b9b9e0,
format-code-task-002870,code,python,strip-future-history@1>purge-build-caches@1>mtime-normalize@1>separate-verifier@2,sha256:4749475b2de4bc96f2c8b1c905c9783de3b2503a9dc9de131e2b8bb4f3871db2,derived/task-store/variants/mimo-v2.6-rl__format-code-task-002870/4749475b2de4,none,built,purge-installed-copies@1 skipped: scope is CONFIRMED_PURGE plus already-carried run packages (HAR-194 stance),sha256:24f6a8b3410f643114e2161a87687dff2a5b7bbb75c5545b8cd536ef1db21e1e,
format-code-task-002871,code,python,strip-future-history@1>purge-build-caches@1>mtime-normalize@1>separate-verifier@2,sha256:aca6beac5551b55730898255b1cfe4c5825df75a02b6afb6f3130f43ebea90b0,derived/task-store/variants/mimo-v2.6-rl__format-code-task-002871/aca6beac5551,/Users/petermakhnatch/Developer/eval-lab-results/2026-10-07/HAR-191-oracle-sweep/tasks/format-code-task-002871/oracle/solution-patch.stdout.log,built,purge-installed-copies@1 skipped: scope is CONFIRMED_PURGE plus already-carried run packages (HAR-194 stance),sha256:ee254c79d32ced3e4212cefe931032f7cc93c6ff045f764b60c9ae1e3eefed48,oracle:pass+nop:fail
format-code-task-002872,code,python,strip-future-history@1>purge-build-caches@1>mtime-normalize@1>separate-verifier@2,sha256:cc369bdda6bb56031b9fcbacd0fc65e19a5b48389297e5fd5a8a8d6a29af6efb,derived/task-store/variants/mimo-v2.6-rl__format-code-task-002872/cc369bdda6bb,none,built,purge-installed-copies@1 skipped: scope is CONFIRMED_PURGE plus already-carried run packages (HAR-194 stance),sha256:2a0f904494b06c761759be5b8b3d4b05c8a1b4c8c2c05b16393a1e145bfb2edf,
format-code-task-002873,code,python,strip-future-history@1>purge-build-caches@1>mtime-normalize@1>separate-verifier@2,sha256:e71b4e2f3bed931de2544c2a4e7dcfb58596e41051becddd6bf6ceb39cbb1c17,derived/task-store/variants/mimo-v2.6-rl__format-code-task-002873/e71b4e2f3bed,none,built,purge-installed-copies@1 skipped: scope is CONFIRMED_PURGE plus already-carried run packages (HAR-194 stance),sha256:52c6ab8d6d0440aeb14ca884fe26a2b12d0e8d774db17b22b4e8fc084b77f64a,
format-code-task-002874,code,python,strip-future-history@1>purge-build-caches@1>mtime-normalize@1>separate-verifier@2,sha256:b5ff70b8cbe396dc95884ffa8622f624fa7803c175f018c9a32d9de6605dd999,derived/task-store/variants/mimo-v2.6-rl__format-code-task-002874/b5ff70b8cbe3,none,built,purge-installed-copies@1 skipped: scope is CONFIRMED_PURGE plus already-carried run packages (HAR-194 stance),sha256:e0c199b43f1ee17e1d0fc87d867cf32ba863c2c2d25db9c54de6b2765c1aac59,
format-code-task-002878,code,python,strip-future-history@1>purge-build-caches@1>mtime-normalize@1>separate-verifier@2,sha256:2a01983816c83cd780585d3310910313c28cf038391565b016d91eb69124acc1,derived/task-store/variants/mimo-v2.6-rl__format-code-task-002878/2a01983816c8,none,built,purge-installed-copies@1 skipped: scope is CONFIRMED_PURGE plus already-carried run packages (HAR-194 stance),sha256:2a46815bd876d8fa08a479a0cd967d95fa453bb5aa09282fadaa798df9c24d96,
format-code-task-002882,code,python,strip-future-history@1>purge-build-caches@1>mtime-normalize@1>separate-verifier@2,sha256:606672c63ae6f3ae6a3d3debc1cf7ad3e03f949f5aaa2ff72cd584aa41acfa94,derived/task-store/variants/mimo-v2.6-rl__format-code-task-002882/606672c63ae6,none,built,purge-installed-copies@1 skipped: scope is CONFIRMED_PURGE plus already-carried run packages (HAR-194 stance),sha256:625fb3db4ae67edddbb141c1138021e1f7be199c7762e3f47b0695b26ae861bd,
format-code-task-002884,code,python,strip-future-history@1>purge-build-caches@1>mtime-normalize@1>separate-verifier@2,sha256:a0fda4bccdaf406b9ef77a784169f20fc47944ae322fe378a3b9e1e3d7499abc,derived/task-store/variants/mimo-v2.6-rl__format-code-task-002884/a0fda4bccdaf,/Users/petermakhnatch/Developer/eval-lab-results/2026-10-07/HAR-191-oracle-sweep/tasks/format-code-task-002884/oracle/solution-patch.stdout.log,built,purge-installed-copies@1 skipped: scope is CONFIRMED_PURGE plus already-carried run packages (HAR-194 stance),sha256:85fbd05efb9a40d775a276608da0290944a638b4748577ad4980ff541aed85e8,oracle:pass+nop:fail
format-code-task-002887,code,python,strip-future-history@1>purge-build-caches@1>mtime-normalize@1>separate-verifier@2,sha256:c68c01c4069a5d339000769e066bf71b2bd35136408fb7dfef26501feb0013a6,derived/task-store/variants/mimo-v2.6-rl__format-code-task-002887/c68c01c4069a,none,built,purge-installed-copies@1 skipped: scope is CONFIRMED_PURGE plus already-carried run packages (HAR-194 stance),sha256:595a5a299ff37041bd917d5c88a2f80f7b2f967c5491c06e21770b349017f435,
format-code-task-002889,code,python,strip-future-history@1>purge-build-caches@1>mtime-normalize@1>separate-verifier@2,sha256:a35aee474db965851b07cae616f64aeff0eac830732c942668292fa5bb2ded48,derived/task-store/variants/mimo-v2.6-rl__format-code-task-002889/a35aee474db9,none,built,purge-installed-copies@1 skipped: scope is CONFIRMED_PURGE plus already-carried run packages (HAR-194 stance),sha256:de4fb5bbb21b8c2c430cfdc02325843eb49f2fc00957843835668debcf3e861f,
format-code-task-002892,code,python,strip-future-history@1>purge-build-caches@1>mtime-normalize@1>separate-verifier@2,sha256:03f30e9a2867565298a5a602aaa66dface24b6a04420cc7baccab0d5eddc10dd,derived/task-store/variants/mimo-v2.6-rl__format-code-task-002892/03f30e9a2867,none,built,purge-installed-copies@1 skipped: scope is CONFIRMED_PURGE plus already-carried run packages (HAR-194 stance),sha256:4dbe771888319ecbf9a2e3ce9f0193171a0a8d2ce6b7874d75603118a31ffac2,
format-code-task-002893,code,python,strip-future-history@1>purge-build-caches@1>mtime-normalize@1>separate-verifier@2,sha256:8ec45c10093d943cb463d8a7d74d917a605c6be7d05ba83862167e987addb0ce,derived/task-store/variants/mimo-v2.6-rl__format-code-task-002893/8ec45c10093d,none,built,purge-installed-copies@1 skipped: scope is CONFIRMED_PURGE plus already-carried run packages (HAR-194 stance),sha256:d12955c21a1734ed7e5f2b276f5c1f2cec79a17e4fa45eb17c861be940f237f0,
format-code-task-002895,code,python,strip-future-history@1>purge-build-caches@1>mtime-normalize@1>separate-verifier@2,sha256:73f5cd8e8aef1c10c73514ca2402672b3a86567f47d6d4952338d5b37e6e8717,derived/task-store/variants/mimo-v2.6-rl__format-code-task-002895/73f5cd8e8aef,none,built,purge-installed-copies@1 skipped: scope is CONFIRMED_PURGE plus already-carried run packages (HAR-194 stance),sha256:b016476bceee97c3fd6ebc25eea38886d81e659a17dce443e9793994e500de91,
format-code-task-002915,code,python,strip-future-history@1>purge-build-caches@1>mtime-normalize@1>separate-verifier@2,sha256:ab2731c109e19a5211a154b692dcdc7624eae09d2f64219f33726103bd63ac0a,derived/task-store/variants/mimo-v2.6-rl__format-code-task-002915/ab2731c109e1,/Users/petermakhnatch/Developer/eval-lab-results/2026-10-07/HAR-191-oracle-sweep/tasks/format-code-task-002915/oracle/solution-patch.stdout.log,built,purge-installed-copies@1 skipped: scope is CONFIRMED_PURGE plus already-carried run packages (HAR-194 stance),sha256:f5bd4a9b6dc1db358cb466e066401554a01a254a2b7589edebb7f65bcf6a6979,oracle:pass+nop:fail
format-code-task-002920,code,python,strip-future-history@1>purge-build-caches@1>mtime-normalize@1>separate-verifier@2,sha256:c816bc23e2e7b23d13d3081626a0e05181910e2a6c61d157afc32f57a0e14780,derived/task-store/variants/mimo-v2.6-rl__format-code-task-002920/c816bc23e2e7,none,built,purge-installed-copies@1 skipped: scope is CONFIRMED_PURGE plus already-carried run packages (HAR-194 stance),sha256:9bd4f3649c6d0cc496382e7de6977af72d899d7e25fe3837197a357d685296ae,
format-code-task-002921,code,python,strip-future-history@1>purge-build-caches@1>mtime-normalize@1>separate-verifier@2,sha256:b5893306b7bc2022fca1752dc8a44aee5a308d4a1bd499eee06522e096375605,derived/task-store/variants/mimo-v2.6-rl__format-code-task-002921/b5893306b7bc,none,built,purge-installed-copies@1 skipped: scope is CONFIRMED_PURGE plus already-carried run packages (HAR-194 stance),sha256:6fd5924ce5acab0eef15d43fa319a2a0036472aa032b917f6026e54aa91e744d,
format-code-task-002923,code,python,strip-future-history@1>purge-build-caches@1>mtime-normalize@1>separate-verifier@2,sha256:3035903f8fb330391ff97c47e2089f09ab12f2274ccd9370638ce71e10f9fe37,derived/task-store/variants/mimo-v2.6-rl__format-code-task-002923/3035903f8fb3,none,built,purge-installed-copies@1 skipped: scope is CONFIRMED_PURGE plus already-carried run packages (HAR-194 stance),sha256:04c83d7dbad2b6619eb388b95710a28288945953c6fead5c6964acecfe7cf799,
format-code-task-002924,code,python,strip-future-history@1>purge-build-caches@1>mtime-normalize@1>separate-verifier@2,sha256:a0d30f248e29e22952c0c4f329d288ce237e89136c21d6da183a4c92b9fe3232,derived/task-store/variants/mimo-v2.6-rl__format-code-task-002924/a0d30f248e29,none,built,purge-installed-copies@1 skipped: scope is CONFIRMED_PURGE plus already-carried run packages (HAR-194 stance),sha256:abe9094072d10954a7551c23a487088e8c8987af6376a1ddd433567fc4e586ca,
format-code-task-002933,code,python,strip-future-history@1>purge-build-caches@1>mtime-normalize@1>separate-verifier@2,sha256:b2178033b4401436da11432c5e2113cb2c3c092d73ba2e5d325a9a3dd1a1e309,derived/task-store/variants/mimo-v2.6-rl__format-code-task-002933/b2178033b440,none,built,purge-installed-copies@1 skipped: scope is CONFIRMED_PURGE plus already-carried run packages (HAR-194 stance),sha256:836cecf4e863ecf4868b2ed86ab13b80e8c222419df29dceceac82a7afff7fc2,
format-code-task-002935,code,python,strip-future-history@1>purge-build-caches@1>mtime-normalize@1>separate-verifier@2,sha256:99405374ef7761cfcb79727579f8d46ff4e126ce3280b914a618a9be940d033f,derived/task-store/variants/mimo-v2.6-rl__format-code-task-002935/99405374ef77,none,built,purge-installed-copies@1 skipped: scope is CONFIRMED_PURGE plus already-carried run packages (HAR-194 stance),sha256:154b53f9402c195cda65661b767ac6c2c41fcc2f364076590140a7f6fe16a1ff,
format-code-task-002938,code,python,strip-future-history@1>purge-build-caches@1>mtime-normalize@1>separate-verifier@2,sha256:79060d73a4a51b5965022aee78d3e31621169cd4ad7f1f2b24dc3fa02becdee1,derived/task-store/variants/mimo-v2.6-rl__format-code-task-002938/79060d73a4a5,none,built,purge-installed-copies@1 skipped: scope is CONFIRMED_PURGE plus already-carried run packages (HAR-194 stance),sha256:15d984ef5103c774496c8864b78a5b7068edf5c06ab90606dbaaa7d0a02bf562,
format-code-task-002939,code,python,strip-future-history@1>purge-build-caches@1>mtime-normalize@1>separate-verifier@2,sha256:803eab3dfb0971b3166fade226bc534b382540a079a2b3693dcc1bf5a496c9f2,derived/task-store/variants/mimo-v2.6-rl__format-code-task-002939/803eab3dfb09,/Users/petermakhnatch/Developer/eval-lab-results/2026-10-07/HAR-191-oracle-sweep/tasks/format-code-task-002939/oracle/solution-patch.stdout.log,built,purge-installed-copies@1 skipped: scope is CONFIRMED_PURGE plus already-carried run packages (HAR-194 stance),sha256:09639d8ae24e8a7814f78aee3f8d9cba60ddf991cd8a96814c9a9146634192aa,oracle:pass+nop:fail
format-code-task-002940,code,python,strip-future-history@1>purge-build-caches@1>mtime-normalize@1>separate-verifier@2,sha256:45e939845f918b8eb3c6d8b0de609e02694b2c3262825b66652fe6b0cbba7f46,derived/task-store/variants/mimo-v2.6-rl__format-code-task-002940/45e939845f91,/Users/petermakhnatch/Developer/eval-lab-results/2026-10-07/HAR-191-oracle-sweep/tasks/format-code-task-002940/oracle/solution-patch.stdout.log,built,purge-installed-copies@1 skipped: scope is CONFIRMED_PURGE plus already-carried run packages (HAR-194 stance),sha256:27c8a7a395f5808f32c4163ca03184605e59ee6fb2a6a7d1494d5e2321f04c73,oracle:pass+nop:fail
format-code-task-002941,code,python,strip-future-history@1>purge-build-caches@1>mtime-normalize@1>separate-verifier@2,sha256:d0bb9534f1a4f4bcbbe1276ea5aa60fca7a550a3b56bc4965175a762ff162a94,derived/task-store/variants/mimo-v2.6-rl__format-code-task-002941/d0bb9534f1a4,none,built,purge-installed-copies@1 skipped: scope is CONFIRMED_PURGE plus already-carried run packages (HAR-194 stance),sha256:4faa730445a1c23885db4685790a4664b47f510bb1620716751c693d3b31d3b5,
format-code-task-002942,code,python,strip-future-history@1>purge-build-caches@1>mtime-normalize@1>separate-verifier@2,sha256:5bdf23e42dbf1955624634fbec6054e43476bfaa9a520493cd11348655366447,derived/task-store/variants/mimo-v2.6-rl__format-code-task-002942/5bdf23e42dbf,none,built,purge-installed-copies@1 skipped: scope is CONFIRMED_PURGE plus already-carried run packages (HAR-194 stance),sha256:93cc832d1404e4ba5e19814876c1927a26dba21dd9b6273171888c1b31eac4d4,
format-code-task-002960,code,python,strip-future-history@1>purge-build-caches@1>mtime-normalize@1>separate-verifier@2,sha256:50bedcf9b0837400a21dba19844f5154d0c45ed08e8a3513d0932f37a5218819,derived/task-store/variants/mimo-v2.6-rl__format-code-task-002960/50bedcf9b083,none,built,purge-installed-copies@1 skipped: scope is CONFIRMED_PURGE plus already-carried run packages (HAR-194 stance),sha256:8a396dc09adc88420d8a0290eb59e2f7ad605bee0e033ea37ebf6ae93e596c5d,
format-code-task-002961,code,python,strip-future-history@1>purge-build-caches@1>mtime-normalize@1>separate-verifier@2,sha256:a045bdb052c047b817d2a98ee17906150997e16a459349be836289cc09e9f02f,derived/task-store/variants/mimo-v2.6-rl__format-code-task-002961/a045bdb052c0,none,built,purge-installed-copies@1 skipped: scope is CONFIRMED_PURGE plus already-carried run packages (HAR-194 stance),sha256:d74c84d23339fe1ddf26b3d65799cf91fce856727bccb74411f12f5cd375675a,
format-code-task-002963,code,python,strip-future-history@1>purge-build-caches@1>mtime-normalize@1>separate-verifier@2,sha256:2f18c91a7f60cdd0aa7daa20d89c77c7a2995e252e73dc3b197811c3549403e9,derived/task-store/variants/mimo-v2.6-rl__format-code-task-002963/2f18c91a7f60,none,built,purge-installed-copies@1 skipped: scope is CONFIRMED_PURGE plus already-carried run packages (HAR-194 stance),sha256:b1ae69be605dedcfc522dc2c166e6974125fa9832e0c54eb561287643d6b4ad4,
format-code-task-002964,code,python,strip-future-history@1>purge-build-caches@1>mtime-normalize@1>separate-verifier@2,sha256:594d17a95c1c66cbd7b4c1ec8626a39d0d60bd00511cb2041182f3170d5a1374,derived/task-store/variants/mimo-v2.6-rl__format-code-task-002964/594d17a95c1c,/Users/petermakhnatch/Developer/eval-lab-results/2026-10-07/HAR-191-oracle-sweep/tasks/format-code-task-002964/oracle/solution-patch.stdout.log,built,purge-installed-copies@1 skipped: scope is CONFIRMED_PURGE plus already-carried run packages (HAR-194 stance),sha256:cb4e1822e6d075e5fb954d5d3880dc6debaba14bf2f188e1d8208c7100d18700,oracle:pass+nop:fail
format-code-task-002965,code,python,strip-future-history@1>purge-build-caches@1>mtime-normalize@1>separate-verifier@2,sha256:c69a8a80df429562e09f04bde985c1e20173aad72807dbcebc3b880291332e18,derived/task-store/variants/mimo-v2.6-rl__format-code-task-002965/c69a8a80df42,none,built,purge-installed-copies@1 skipped: scope is CONFIRMED_PURGE plus already-carried run packages (HAR-194 stance),sha256:700031fb10c5336ed1cce3c004d25b26e22bb330f73787e6bb5cdb399bada92b,
format-code-task-002974,code,python,strip-future-history@1>purge-build-caches@1>mtime-normalize@1>separate-verifier@2,sha256:1681ea42bc461020059d0db2cd89ab0d1954a08870263e2bb8f5945756e03290,derived/task-store/variants/mimo-v2.6-rl__format-code-task-002974/1681ea42bc46,none,built,purge-installed-copies@1 skipped: scope is CONFIRMED_PURGE plus already-carried run packages (HAR-194 stance),sha256:617c20ca349acd785b6749cfb9a67263bfe222bd7baf8f2d70a5aa75536c0bd2,
format-code-task-002975,code,python,strip-future-history@1>purge-build-caches@1>mtime-normalize@1>separate-verifier@2,sha256:7f580a3abb99388c09ae4ac309ac52d6afa94c4aef76680bea26cbe42814032a,derived/task-store/variants/mimo-v2.6-rl__format-code-task-002975/7f580a3abb99,none,built,purge-installed-copies@1 skipped: scope is CONFIRMED_PURGE plus already-carried run packages (HAR-194 stance),sha256:c9e1208b5b4794e70106b07758750e5e96a6fe9790a264defd7d57f639379519,
format-code-task-002976,code,python,strip-future-history@1>purge-build-caches@1>mtime-normalize@1>separate-verifier@2,sha256:dbd0b373ac9e119af1e196c66d62614c54e4b481a85d55953f10a7db0967687c,derived/task-store/variants/mimo-v2.6-rl__format-code-task-002976/dbd0b373ac9e,/Users/petermakhnatch/Developer/eval-lab-results/2026-10-07/HAR-191-oracle-sweep/tasks/format-code-task-002976/oracle/solution-patch.stdout.log,built,purge-installed-copies@1 skipped: scope is CONFIRMED_PURGE plus already-carried run packages (HAR-194 stance),sha256:484b346a894cdf2884b55d1ef7698fdf6cbfb5efa5696f6fab82f04b82c55338,oracle:pass+nop:fail
format-code-task-002978,code,python,strip-future-history@1>purge-build-caches@1>mtime-normalize@1>separate-verifier@2,sha256:ecc8fd9c3b982badefa9377189fa101bafe31c40f5a9bea7582501aa542c595f,derived/task-store/variants/mimo-v2.6-rl__format-code-task-002978/ecc8fd9c3b98,none,built,purge-installed-copies@1 skipped: scope is CONFIRMED_PURGE plus already-carried run packages (HAR-194 stance),sha256:7d9cd91f58431c14a610fe935e424581b05aba20920d4b949db37f22e73b6838,
format-code-task-002989,code,python,strip-future-history@1>purge-build-caches@1>mtime-normalize@1>separate-verifier@2,sha256:568fcbc64b5718d3063d9617302d181259b1594204b6c55c7880f7a2cae88cfc,derived/task-store/variants/mimo-v2.6-rl__format-code-task-002989/568fcbc64b57,/Users/petermakhnatch/Developer/eval-lab-results/2026-10-07/HAR-191-oracle-sweep/tasks/format-code-task-002989/oracle/solution-patch.stdout.log,built,purge-installed-copies@1 skipped: scope is CONFIRMED_PURGE plus already-carried run packages (HAR-194 stance),sha256:0c5030c95ccdfb851a84b75e15118d73d8939b6751b1703d2a909d0299f6a3ab,oracle:pass+nop:fail
format-code-task-002991,code,python,strip-future-history@1>purge-build-caches@1>mtime-normalize@1>separate-verifier@2,sha256:d0edb05406e8f9ce57c21858cd35f04d8bcea8a407160125dcd8650240f1f3f4,derived/task-store/variants/mimo-v2.6-rl__format-code-task-002991/d0edb05406e8,none,built,purge-installed-copies@1 skipped: scope is CONFIRMED_PURGE plus already-carried run packages (HAR-194 stance),sha256:c085caf061fc8182605a08d1894bdd2a12350ebedefe4cbeeb1544c5ca2fcef8,
format-code-task-002992,code,python,strip-future-history@1>purge-build-caches@1>mtime-normalize@1>separate-verifier@2,sha256:77de12020c56d7fcfcd29b7c720304aa1780007d7c72034f893b184e69c6f22f,derived/task-store/variants/mimo-v2.6-rl__format-code-task-002992/77de12020c56,none,built,purge-installed-copies@1 skipped: scope is CONFIRMED_PURGE plus already-carried run packages (HAR-194 stance),sha256:caf5ce5fc126c053fa855ad7ac26d99824a298471f4cc17c4a8025829ede2c2f,
format-code-task-002993,code,python,strip-future-history@1>purge-build-caches@1>mtime-normalize@1>separate-verifier@2,sha256:17dcc55cc5d24033a236054f4bd1424a2d94c83f664d08a0f115eaebfc358d8c,derived/task-store/variants/mimo-v2.6-rl__format-code-task-002993/17dcc55cc5d2,none,built,purge-installed-copies@1 skipped: scope is CONFIRMED_PURGE plus already-carried run packages (HAR-194 stance),sha256:c2a879e6eedd9fc3ecee7f2919736c4a87eecf28ab37e07ae0b0f431272a6630,
format-code-task-002994,code,python,strip-future-history@1>purge-build-caches@1>mtime-normalize@1>separate-verifier@2,sha256:c733185aabf8c2240fdf602df0c2357ff07fa14333064749d24c60f1f5f49daf,derived/task-store/variants/mimo-v2.6-rl__format-code-task-002994/c733185aabf8,/Users/petermakhnatch/Developer/eval-lab-results/2026-10-07/HAR-191-oracle-sweep/tasks/format-code-task-002994/oracle/solution-patch.stdout.log,built,purge-installed-copies@1 skipped: scope is CONFIRMED_PURGE plus already-carried run packages (HAR-194 stance),sha256:09257a466243c47e1ad768792807dad038dc86aa17989bb45f90bed4bf1532ca,oracle:pass+nop:fail
format-code-task-002995,code,python,strip-future-history@1>purge-build-caches@1>mtime-normalize@1>separate-verifier@2,sha256:26192016aad3cf04d962f2af8b46ec984c4f7ebc56ac5980fd67bb966b2e80be,derived/task-store/variants/mimo-v2.6-rl__format-code-task-002995/26192016aad3,none,built,purge-installed-copies@1 skipped: scope is CONFIRMED_PURGE plus already-carried run packages (HAR-194 stance),sha256:a48b896a43665e644ba21c8128cd0ba397022c8babe21e8d85773e1881f9a5d4,
format-code-task-002996,code,python,strip-future-history@1>purge-build-caches@1>mtime-normalize@1>separate-verifier@2,sha256:c44820685c002001aee3c2bd9a73c20d96783da7761b9d68cc32a68a1df9db52,derived/task-store/variants/mimo-v2.6-rl__format-code-task-002996/c44820685c00,none,built,purge-installed-copies@1 skipped: scope is CONFIRMED_PURGE plus already-carried run packages (HAR-194 stance),sha256:68489c714efbdd980c324f6e938c529e15ff2d02c0b2f930f7114ad927758c88,
format-code-task-003001,code,python,strip-future-history@1>purge-build-caches@1>mtime-normalize@1>separate-verifier@2,sha256:325831f83464931d2379c8d3a3af109ea42c3eaa55e59bb3296cdefb3beee868,derived/task-store/variants/mimo-v2.6-rl__format-code-task-003001/325831f83464,none,built,purge-installed-copies@1 skipped: scope is CONFIRMED_PURGE plus already-carried run packages (HAR-194 stance),sha256:d8b943295fa4f159418a11ce2f947a4e9f6124a2bf29e487d7c3e40a6c23fd42,
format-code-task-003005,code,python,strip-future-history@1>purge-build-caches@1>mtime-normalize@1>separate-verifier@2,sha256:96e39451a4460bb56adbfe888be3cbf9f2c2ea1bd513cbf52436bf69cedf4403,derived/task-store/variants/mimo-v2.6-rl__format-code-task-003005/96e39451a446,none,built,purge-installed-copies@1 skipped: scope is CONFIRMED_PURGE plus already-carried run packages (HAR-194 stance),sha256:de5296c1cf0ab1e883800fce865fe924be7faaf9be14b912bd75b0f70dea09dd,
format-code-task-003007,code,python,strip-future-history@1>purge-build-caches@1>mtime-normalize@1>separate-verifier@2,sha256:7fd2ae1dd661491763446115f2c26b4c9f293183f8fa9d44248b1681c2139d9d,derived/task-store/variants/mimo-v2.6-rl__format-code-task-003007/7fd2ae1dd661,none,built,purge-installed-copies@1 skipped: scope is CONFIRMED_PURGE plus already-carried run packages (HAR-194 stance),sha256:a0566e8cc4d6de024be75e60cc8a5b5a60e15b386929d4b450f6ea0a9dcb666f,
format-code-task-003009,code,python,,,,none,skipped,"ledger verdict=discard status=discarded: broken environment, no known repair: ________ ERROR collecting usercase-test-coderl/test_diffscreen_dirty.py ________",sha256:3f5f78667f09c64787dd197f683dede8a7318052f4ad025366d2fa12e73f4184,
format-code-task-003011,code,python,strip-future-history@1>purge-build-caches@1>mtime-normalize@1>separate-verifier@2,sha256:21fafbb8c60cc81f4692f9d0435cbdf1bfd8a5710858bbc2f2ca63152cd8bdc0,derived/task-store/variants/mimo-v2.6-rl__format-code-task-003011/21fafbb8c60c,none,built,purge-installed-copies@1 skipped: scope is CONFIRMED_PURGE plus already-carried run packages (HAR-194 stance),sha256:7a2b1be4fecd05d550259238135d1149d8e6b648b255b7235357dca6d34f58d7,
format-code-task-003014,code,python,,,,none,skipped,"ledger verdict=discard status=discarded: broken environment, no known repair: _________________ ERROR collecting tests/dialects/test_smt.py __________________",sha256:8334e8772cd2fd016eef597d840605d53be96f91a20729f8e054aa60c7efdf7f,
format-code-task-003015,code,python,strip-future-history@1>purge-build-caches@1>mtime-normalize@1>separate-verifier@2,sha256:7102080bc969bd60c5ff2536508c2dfccec31906769836c538fc062c6eef4263,derived/task-store/variants/mimo-v2.6-rl__format-code-task-003015/7102080bc969,none,built,purge-installed-copies@1 skipped: scope is CONFIRMED_PURGE plus already-carried run packages (HAR-194 stance),sha256:5f737c4500eeee2587ca89cf13befbd0fd9fd0f178bdb4142117953170d6ed28,
format-code-task-003016,code,python,strip-future-history@1>purge-build-caches@1>mtime-normalize@1>separate-verifier@2,sha256:38378dc443e517159f70b358736fa3c1bbda8904469ca3f0ac8877b78711d577,derived/task-store/variants/mimo-v2.6-rl__format-code-task-003016/38378dc443e5,none,built,purge-installed-copies@1 skipped: scope is CONFIRMED_PURGE plus already-carried run packages (HAR-194 stance),sha256:e25c7d314323ffb64c403f3c5a6062ffba845f521833a0f023acc9fc1dc0dcac,
format-code-task-003017,code,python,strip-future-history@1>purge-build-caches@1>mtime-normalize@1>separate-verifier@2,sha256:448a38524e2ed7783934ed1721dce60750ef0c77d60e6c1c2606f8801b170c03,derived/task-store/variants/mimo-v2.6-rl__format-code-task-003017/448a38524e2e,none,built,purge-installed-copies@1 skipped: scope is CONFIRMED_PURGE plus already-carried run packages (HAR-194 stance),sha256:a4d92165f9d33a3b7c6aa6132f2ae3cf3ce1b65ed4eb79028430cce2e00a034f,
format-code-task-003018,code,python,strip-future-history@1>purge-build-caches@1>mtime-normalize@1>separate-verifier@2,sha256:cae1f16d92fb7ca53c221659b4cb2c8f6b6badaac8aa3840279ee9be3a3862b4,derived/task-store/variants/mimo-v2.6-rl__format-code-task-003018/cae1f16d92fb,none,built,purge-installed-copies@1 skipped: scope is CONFIRMED_PURGE plus already-carried run packages (HAR-194 stance),sha256:5e06585d7364bc930a70cd3c6ce4d36155f602a504bf8c2f9724b8668aadb9cd,
format-code-task-003019,code,python,strip-future-history@1>purge-build-caches@1>mtime-normalize@1>separate-verifier@2,sha256:b69da772e1515a04d47ea42e9faab69b753bb1db3ac2d246307b5434c2db0bb3,derived/task-store/variants/mimo-v2.6-rl__format-code-task-003019/b69da772e151,none,built,purge-installed-copies@1 skipped: scope is CONFIRMED_PURGE plus already-carried run packages (HAR-194 stance),sha256:b4fd10eb20df631b447c99df94aa5390518818c924db26ea2115dd889394922b,
format-code-task-003022,code,python,strip-future-history@1>purge-build-caches@1>mtime-normalize@1>separate-verifier@2,sha256:06e0e60bc8010f9d42bc22d95c0a8021c7c3c371e9b0a58864e153130b3d043f,derived/task-store/variants/mimo-v2.6-rl__format-code-task-003022/06e0e60bc801,none,built,purge-installed-copies@1 skipped: scope is CONFIRMED_PURGE plus already-carried run packages (HAR-194 stance),sha256:ce9d22ac310cec6c9ae988209889cf755eef0ab35af5720adc4f3ae4803c946f,
format-code-task-003023,code,python,strip-future-history@1>purge-build-caches@1>mtime-normalize@1>separate-verifier@2,sha256:40fe29e7bfcdf0e224f46f22036e370240437a4ee5d85171e6ffc9e9f3d4e434,derived/task-store/variants/mimo-v2.6-rl__format-code-task-003023/40fe29e7bfcd,none,built,purge-installed-copies@1 skipped: scope is CONFIRMED_PURGE plus already-carried run packages (HAR-194 stance),sha256:4239e5f983fe80d8bb9eb1cc74394764e4e28718bbf0ec6e5e20b04fb2664f6e,
format-code-task-003033,code,python,strip-future-history@1>purge-build-caches@1>mtime-normalize@1>separate-verifier@2,sha256:c81cada023bda121f4aad39ef4f4d1b273975f4d2d7e41adfb0a81f366602218,derived/task-store/variants/mimo-v2.6-rl__format-code-task-003033/c81cada023bd,none,built,purge-installed-copies@1 skipped: scope is CONFIRMED_PURGE plus already-carried run packages (HAR-194 stance),sha256:739844577fb76d59b0e88b94c2cc1cc36a9369d18c48b5caa76f74beee871f09,
format-code-task-003034,code,python,strip-future-history@1>purge-build-caches@1>mtime-normalize@1>separate-verifier@2,sha256:6062b89ca569230557fb17ee5c80e4cb7cb0eaf40c9110c5926722ca4860273d,derived/task-store/variants/mimo-v2.6-rl__format-code-task-003034/6062b89ca569,none,built,purge-installed-copies@1 skipped: scope is CONFIRMED_PURGE plus already-carried run packages (HAR-194 stance),sha256:0022f9b1f8ca0527bef313cf8b0e25bcd87aa98dc7d06b9d45432918482a589f,
format-code-task-003035,code,python,strip-future-history@1>purge-build-caches@1>mtime-normalize@1>separate-verifier@2,sha256:fd1f2fa35d5db6ed5f4e6efa96e271fffcf2ff55c1a83f7ec7a81b18d0343bf0,derived/task-store/variants/mimo-v2.6-rl__format-code-task-003035/fd1f2fa35d5d,none,built,purge-installed-copies@1 skipped: scope is CONFIRMED_PURGE plus already-carried run packages (HAR-194 stance),sha256:208449da5f525a6abc082e41ba7b17232d7c7991e9c3c920056bdf0200e188bd,
format-code-task-003037,code,python,strip-future-history@1>purge-build-caches@1>mtime-normalize@1>separate-verifier@2,sha256:edc8a53cd89da8c48de192423b217ee1eb83e50b8cef18202acb761e49178d90,derived/task-store/variants/mimo-v2.6-rl__format-code-task-003037/edc8a53cd89d,none,built,purge-installed-copies@1 skipped: scope is CONFIRMED_PURGE plus already-carried run packages (HAR-194 stance),sha256:4bb9dc9a4e88cc50c4e8d0279a21111bab78ce9c7f3aeeff5da06b4333570f81,
format-code-task-003038,code,python,strip-future-history@1>purge-build-caches@1>mtime-normalize@1>separate-verifier@2,sha256:d0b476c1d9912e0415ffba6159150e41dcde4b6ef0ff6f44fb5142551a9884b9,derived/task-store/variants/mimo-v2.6-rl__format-code-task-003038/d0b476c1d991,none,built,purge-installed-copies@1 skipped: scope is CONFIRMED_PURGE plus already-carried run packages (HAR-194 stance),sha256:8541a2a2e666a84332d517cb0f520e0c7ac00585b26c4bcba608f1f15afe4530,
format-code-task-003042,code,python,strip-future-history@1>purge-build-caches@1>mtime-normalize@1>separate-verifier@2,sha256:c243c00fc8f43d826f6268b43767ad9db96e750c9e6f60cb3a313be2a9366d80,derived/task-store/variants/mimo-v2.6-rl__format-code-task-003042/c243c00fc8f4,none,built,purge-installed-copies@1 skipped: scope is CONFIRMED_PURGE plus already-carried run packages (HAR-194 stance),sha256:9207351cbf0369ef209e60127ce2732acf7e1f72ea595c3cd530b4c8700802a4,
format-code-task-003046,code,python,strip-future-history@1>purge-build-caches@1>mtime-normalize@1>separate-verifier@2,sha256:c619d0ecfcd41ff18f04650241b0eed750395060268c17b68450ae22878afbdc,derived/task-store/variants/mimo-v2.6-rl__format-code-task-003046/c619d0ecfcd4,none,built,purge-installed-copies@1 skipped: scope is CONFIRMED_PURGE plus already-carried run packages (HAR-194 stance),sha256:4ffbc29145ca043538749658c97d4b0982899717924c72c1bb8f6d34b1b70a9c,
format-code-task-003048,code,python,strip-future-history@1>purge-build-caches@1>mtime-normalize@1>separate-verifier@2,sha256:f4cf53947839898259e62428d0455e537f54c52e1f10dcfa77b80aee9c415e38,derived/task-store/variants/mimo-v2.6-rl__format-code-task-003048/f4cf53947839,none,built,purge-installed-copies@1 skipped: scope is CONFIRMED_PURGE plus already-carried run packages (HAR-194 stance),sha256:efbc1374582f5ba3449a3783228a0a6018e60f22b6464d2757d0fe272bd83a83,
format-code-task-003053,code,python,strip-future-history@1>purge-build-caches@1>mtime-normalize@1>separate-verifier@2,sha256:87e66985f19cbaed9fce43ff5415714c3822dc3d140e6e20dbb6721be834a7af,derived/task-store/variants/mimo-v2.6-rl__format-code-task-003053/87e66985f19c,none,built,purge-installed-copies@1 skipped: scope is CONFIRMED_PURGE plus already-carried run packages (HAR-194 stance),sha256:b67c4996172819d8dedfbf79708ef625e9c1f1a6aa7618c8110121a42ccf3a4d,
format-code-task-003057,code,python,strip-future-history@1>purge-build-caches@1>mtime-normalize@1>separate-verifier@2,sha256:8b935c79a303de5954e2a797f4f5f8d8e46a2168483169eb6d113502462034bf,derived/task-store/variants/mimo-v2.6-rl__format-code-task-003057/8b935c79a303,none,built,purge-installed-copies@1 skipped: scope is CONFIRMED_PURGE plus already-carried run packages (HAR-194 stance),sha256:77b679458e52536adb3b14df95ceed076867eb9aed2208511f40449eb5042ef7,
format-code-task-003058,code,python,strip-future-history@1>purge-build-caches@1>mtime-normalize@1>separate-verifier@2,sha256:577a50cc5802c1a8bcdc1bdd9c60a4e988988492ea319a0637df7f5178441b8b,derived/task-store/variants/mimo-v2.6-rl__format-code-task-003058/577a50cc5802,none,built,purge-installed-copies@1 skipped: scope is CONFIRMED_PURGE plus already-carried run packages (HAR-194 stance),sha256:af5477c4a5c71e936b9293ba383e8e7992a7ea404f0fc514cf153aed6b2f0c76,
format-code-task-003059,code,python,strip-future-history@1>purge-build-caches@1>mtime-normalize@1>separate-verifier@2,sha256:db582e420b3615d6a8aa82716c770651133d197b8a160c5ab12d531695372f65,derived/task-store/variants/mimo-v2.6-rl__format-code-task-003059/db582e420b36,none,built,purge-installed-copies@1 skipped: scope is CONFIRMED_PURGE plus already-carried run packages (HAR-194 stance),sha256:833d0b9977715d2b70f90c13bda86515970d79a56fe2d590a2ce7ec8fcce20b9,
