2026-03-14 02:00:00.182 runner job=J10339 run=r4309 event=start pid=5309
2026-03-14 02:00:00.182 runner job=J10339 run=r4309 event=finish status=ok exit=0 duration_ms=90333 level=INFO
2026-03-14 02:00:00.451 runner job=J10147 run=r4269 event=start pid=5269
2026-03-14 02:00:00.451 runner job=J10147 run=r4269 event=finish status=ok exit=0 duration_ms=45644 level=INFO
2026-03-14 02:00:00.476 runner job=J10538 run=r4342 event=start pid=5342
2026-03-14 02:00:00.476 runner job=J10538 run=r4342 event=finish status=failed exit=1 duration_ms=149799 level=WARN
2026-03-14 02:00:00.721 runner job=J10428 run=r4317 event=start pid=5317
2026-03-14 02:00:00.721 runner job=J10428 run=r4317 event=finish status=ok exit=0 duration_ms=4019 level=INFO
2026-03-14 02:00:00.737 runner job=J10633 run=r4347 event=start pid=5347
2026-03-14 02:00:00.737 runner job=J10633 run=r4347 event=finish status=ok exit=0 duration_ms=217801 level=INFO
2026-03-14 02:00:00.768 runner job=J10233 run=r4289 event=start pid=5289
2026-03-14 02:00:00.768 runner job=J10233 run=r4289 event=finish status=ok exit=0 duration_ms=28511 level=INFO
2026-03-14 02:00:00.854 runner job=J10043 run=r4230 event=start pid=5230
2026-03-14 02:00:00.854 runner job=J10043 run=r4230 event=finish status=ok exit=0 duration_ms=8984 level=INFO
2026-03-14 02:01:39.774 runner job=J10043 run=r4231 event=start pid=5231
2026-03-14 02:01:39.774 runner job=J10043 run=r4231 event=finish status=ok exit=0 duration_ms=6149 level=INFO
2026-03-14 02:03:18.092 runner job=J10043 run=r4232 event=start pid=5232
2026-03-14 02:03:18.092 runner job=J10043 run=r4232 event=finish status=ok exit=0 duration_ms=6102 level=INFO
2026-03-14 02:03:23.953 runner job=J10428 run=r4318 event=start pid=5318
2026-03-14 02:03:23.953 runner job=J10428 run=r4318 event=finish status=ok exit=0 duration_ms=4232 level=INFO
2026-03-14 02:03:42.621 runner job=J10147 run=r4270 event=start pid=5270
2026-03-14 02:03:42.621 runner job=J10147 run=r4270 event=finish status=ok exit=0 duration_ms=55761 level=INFO
2026-03-14 02:03:45.693 runner job=J10233 run=r4290 event=start pid=5290
2026-03-14 02:03:45.693 runner job=J10233 run=r4290 event=finish status=failed exit=1 duration_ms=56882 level=WARN
2026-03-14 02:05:33.382 runner job=J10043 run=r4233 event=start pid=5233
2026-03-14 02:05:33.382 runner job=J10043 run=r4233 event=finish status=ok exit=0 duration_ms=8621 level=INFO
2026-03-14 02:06:23.312 runner job=J10428 run=r4319 event=start pid=5319
2026-03-14 02:06:23.312 runner job=J10428 run=r4319 event=finish status=retry_ok exit=0 duration_ms=5445 level=INFO
2026-03-14 02:06:23.312 runner job=J10428 run=r4319 event=retry attempt=2 note=transient-upstream
2026-03-14 02:07:15.650 runner job=J10147 run=r4271 event=start pid=5271
2026-03-14 02:07:15.650 runner job=J10147 run=r4271 event=finish status=ok exit=0 duration_ms=70194 level=INFO
2026-03-14 02:07:28.870 runner job=J10043 run=r4234 event=start pid=5234
2026-03-14 02:07:28.870 runner job=J10043 run=r4234 event=finish status=ok exit=0 duration_ms=6570 level=INFO
2026-03-14 02:07:35.337 runner job=J10233 run=r4291 event=start pid=5291
2026-03-14 02:07:35.337 runner job=J10233 run=r4291 event=finish status=failed exit=2 duration_ms=58030 level=WARN
2026-03-14 02:09:22.640 runner job=J10428 run=r4320 event=start pid=5320
2026-03-14 02:09:22.640 runner job=J10428 run=r4320 event=finish status=ok exit=0 duration_ms=4852 level=INFO
2026-03-14 02:09:46.924 runner job=J10043 run=r4235 event=start pid=5235
2026-03-14 02:09:46.924 runner job=J10043 run=r4235 event=finish status=ok exit=0 duration_ms=6153 level=INFO
2026-03-14 02:10:10.439 runner job=J10339 run=r4310 event=start pid=5310
2026-03-14 02:10:10.439 runner job=J10339 run=r4310 event=finish status=ok exit=0 duration_ms=113663 level=INFO
2026-03-14 02:11:07.369 runner job=J10147 run=r4272 event=start pid=5272
2026-03-14 02:11:07.369 runner job=J10147 run=r4272 event=finish status=ok exit=0 duration_ms=55988 level=INFO
2026-03-14 02:12:07.933 runner job=J10428 run=r4321 event=start pid=5321
2026-03-14 02:12:07.933 runner job=J10428 run=r4321 event=finish status=ok exit=0 duration_ms=2062 level=INFO
2026-03-14 02:12:15.567 runner job=J10043 run=r4236 event=start pid=5236
2026-03-14 02:12:15.567 runner job=J10043 run=r4236 event=finish status=ok exit=0 duration_ms=7607 level=INFO
2026-03-14 02:14:03.455 runner job=J10043 run=r4237 event=start pid=5237
2026-03-14 02:14:03.455 runner job=J10043 run=r4237 event=finish status=ok exit=0 duration_ms=5469 level=INFO
2026-03-14 02:14:52.881 runner job=J10147 run=r4273 event=start pid=5273
2026-03-14 02:14:52.881 runner job=J10147 run=r4273 event=finish status=failed exit=1 duration_ms=54423 level=WARN
2026-03-14 02:14:59.561 runner job=J10538 run=r4343 event=start pid=5343
2026-03-14 02:14:59.561 runner job=J10538 run=r4343 event=finish status=ok exit=0 duration_ms=228665 level=INFO
2026-03-14 02:15:49.193 runner job=J10043 run=r4238 event=start pid=5238
2026-03-14 02:15:49.193 runner job=J10043 run=r4238 event=finish status=ok exit=0 duration_ms=6294 level=INFO
2026-03-14 02:16:02.059 runner job=J10233 run=r4293 event=start pid=5293
2026-03-14 02:16:02.059 runner job=J10233 run=r4293 event=finish status=ok exit=0 duration_ms=52996 level=INFO
2026-03-14 02:17:52.068 runner job=J10043 run=r4239 event=start pid=5239
2026-03-14 02:17:52.068 runner job=J10043 run=r4239 event=finish status=ok exit=0 duration_ms=8631 level=INFO
2026-03-14 02:18:12.798 runner job=J10428 run=r4323 event=start pid=5323
2026-03-14 02:18:12.798 runner job=J10428 run=r4323 event=finish status=ok exit=0 duration_ms=3461 level=INFO
2026-03-14 02:19:06.419 runner job=J10147 run=r4274 event=start pid=5274
2026-03-14 02:19:06.419 runner job=J10147 run=r4274 event=finish status=ok exit=0 duration_ms=37022 level=INFO
2026-03-14 02:19:29.958 runner job=J10043 run=r4240 event=start pid=5240
2026-03-14 02:19:29.958 runner job=J10043 run=r4240 event=finish status=ok exit=0 duration_ms=7525 level=INFO
2026-03-14 02:19:38.920 runner job=J10233 run=r4294 event=start pid=5294
2026-03-14 02:19:38.920 runner job=J10233 run=r4294 event=finish status=ok exit=0 duration_ms=34723 level=INFO
2026-03-14 02:20:06.285 runner job=J10633 run=r4348 event=start pid=5348
2026-03-14 02:20:06.285 runner job=J10633 run=r4348 event=finish status=ok exit=0 duration_ms=301629 level=INFO
2026-03-14 02:20:10.893 runner job=J10339 run=r4311 event=start pid=5311
2026-03-14 02:20:10.893 runner job=J10339 run=r4311 event=finish status=failed exit=1 duration_ms=74592 level=WARN
2026-03-14 02:20:54.253 runner job=J10428 run=r4324 event=start pid=5324
2026-03-14 02:20:54.253 runner job=J10428 run=r4324 event=finish status=ok exit=0 duration_ms=2606 level=INFO
2026-03-14 02:20:59.835 runner job=J10043 run=r4241 event=start pid=5241
2026-03-14 02:20:59.835 runner job=J10043 run=r4241 event=finish status=retry_ok exit=0 duration_ms=7475 level=INFO
2026-03-14 02:20:59.835 runner job=J10043 run=r4241 event=retry attempt=2 note=transient-upstream
2026-03-14 02:22:59.994 runner job=J10043 run=r4242 event=start pid=5242
2026-03-14 02:22:59.994 runner job=J10043 run=r4242 event=finish status=ok exit=0 duration_ms=7646 level=INFO
2026-03-14 02:23:16.672 runner job=J10233 run=r4295 event=start pid=5295
2026-03-14 02:23:16.672 runner job=J10233 run=r4295 event=finish status=ok exit=0 duration_ms=47595 level=INFO
2026-03-14 02:23:37.157 runner job=J10147 run=r4275 event=start pid=5275
2026-03-14 02:23:37.157 runner job=J10147 run=r4275 event=finish status=ok exit=0 duration_ms=83022 level=INFO
2026-03-14 02:23:50.035 runner job=J10428 run=r4325 event=start pid=5325
2026-03-14 02:23:50.035 runner job=J10428 run=r4325 event=finish status=ok exit=0 duration_ms=2232 level=INFO
2026-03-14 02:25:13.954 runner job=J10043 run=r4243 event=start pid=5243
2026-03-14 02:25:13.954 runner job=J10043 run=r4243 event=finish status=ok exit=0 duration_ms=6058 level=INFO
2026-03-14 02:26:27.272 runner job=J10428 run=r4326 event=start pid=5326
2026-03-14 02:26:27.272 runner job=J10428 run=r4326 event=finish status=ok exit=0 duration_ms=3680 level=INFO
2026-03-14 02:26:52.250 runner job=J10233 run=r4296 event=start pid=5296
2026-03-14 02:26:52.250 runner job=J10233 run=r4296 event=finish status=ok exit=0 duration_ms=71717 level=INFO
2026-03-14 02:27:26.993 runner job=J10043 run=r4244 event=start pid=5244
2026-03-14 02:27:26.993 runner job=J10043 run=r4244 event=finish status=ok exit=0 duration_ms=7070 level=INFO
2026-03-14 02:27:46.872 runner job=J10147 run=r4276 event=start pid=5276
2026-03-14 02:27:46.872 runner job=J10147 run=r4276 event=finish status=ok exit=0 duration_ms=75929 level=INFO
2026-03-14 02:29:53.975 runner job=J10428 run=r4327 event=start pid=5327
2026-03-14 02:29:53.975 runner job=J10428 run=r4327 event=finish status=failed exit=2 duration_ms=5275 level=WARN
2026-03-14 02:29:55.230 runner job=J10043 run=r4245 event=start pid=5245
2026-03-14 02:29:55.230 runner job=J10043 run=r4245 event=finish status=ok exit=0 duration_ms=8943 level=INFO
2026-03-14 02:30:17.727 runner job=J10538 run=r4344 event=start pid=5344
2026-03-14 02:30:17.727 runner job=J10538 run=r4344 event=finish status=ok exit=0 duration_ms=257873 level=INFO
2026-03-14 02:30:28.433 runner job=J10233 run=r4297 event=start pid=5297
2026-03-14 02:30:28.433 runner job=J10233 run=r4297 event=finish status=ok exit=0 duration_ms=60832 level=INFO
2026-03-14 02:30:29.889 runner job=J10339 run=r4312 event=start pid=5312
2026-03-14 02:30:29.889 runner job=J10339 run=r4312 event=finish status=ok exit=0 duration_ms=82837 level=INFO
2026-03-14 02:31:22.714 runner job=J10147 run=r4277 event=start pid=5277
2026-03-14 02:31:22.714 runner job=J10147 run=r4277 event=finish status=ok exit=0 duration_ms=56591 level=INFO
2026-03-14 02:32:01.980 runner job=J10043 run=r4246 event=start pid=5246
2026-03-14 02:32:01.980 runner job=J10043 run=r4246 event=finish status=retry_ok exit=0 duration_ms=8758 level=INFO
2026-03-14 02:32:01.980 runner job=J10043 run=r4246 event=retry attempt=2 note=transient-upstream
2026-03-14 02:33:18.743 runner job=J10428 run=r4328 event=start pid=5328
2026-03-14 02:33:18.743 runner job=J10428 run=r4328 event=finish status=ok exit=0 duration_ms=3639 level=INFO
2026-03-14 02:34:00.306 runner job=J10233 run=r4298 event=start pid=5298
2026-03-14 02:34:00.306 runner job=J10233 run=r4298 event=finish status=ok exit=0 duration_ms=55274 level=INFO
2026-03-14 02:34:15.850 runner job=J10043 run=r4247 event=start pid=5247
2026-03-14 02:34:15.850 runner job=J10043 run=r4247 event=finish status=ok exit=0 duration_ms=6796 level=INFO
2026-03-14 02:35:01.520 runner job=J10147 run=r4278 event=start pid=5278
2026-03-14 02:35:01.520 runner job=J10147 run=r4278 event=finish status=retry_ok exit=0 duration_ms=39797 level=INFO
2026-03-14 02:35:01.520 runner job=J10147 run=r4278 event=retry attempt=2 note=transient-upstream
2026-03-14 02:35:59.243 runner job=J10428 run=r4329 event=start pid=5329
2026-03-14 02:35:59.243 runner job=J10428 run=r4329 event=finish status=ok exit=0 duration_ms=5918 level=INFO
2026-03-14 02:36:26.525 runner job=J10043 run=r4248 event=start pid=5248
2026-03-14 02:36:26.525 runner job=J10043 run=r4248 event=finish status=ok exit=0 duration_ms=4919 level=INFO
2026-03-14 02:38:04.691 runner job=J10233 run=r4299 event=start pid=5299
2026-03-14 02:38:04.691 runner job=J10233 run=r4299 event=finish status=ok exit=0 duration_ms=77748 level=INFO
2026-03-14 02:38:35.692 runner job=J10043 run=r4249 event=start pid=5249
2026-03-14 02:38:35.692 runner job=J10043 run=r4249 event=finish status=ok exit=0 duration_ms=8556 level=INFO
2026-03-14 02:38:56.862 runner job=J10428 run=r4330 event=start pid=5330
2026-03-14 02:38:56.862 runner job=J10428 run=r4330 event=finish status=ok exit=0 duration_ms=2421 level=INFO
2026-03-14 02:39:03.676 runner job=J10147 run=r4279 event=start pid=5279
2026-03-14 02:39:03.676 runner job=J10147 run=r4279 event=finish status=ok exit=0 duration_ms=48104 level=INFO
2026-03-14 02:40:25.607 runner job=J10339 run=r4313 event=start pid=5313
2026-03-14 02:40:25.607 runner job=J10339 run=r4313 event=finish status=ok exit=0 duration_ms=92073 level=INFO
2026-03-14 02:40:31.202 runner job=J10043 run=r4250 event=start pid=5250
2026-03-14 02:40:31.202 runner job=J10043 run=r4250 event=finish status=ok exit=0 duration_ms=6810 level=INFO
2026-03-14 02:40:31.329 runner job=J10633 run=r4349 event=start pid=5349
2026-03-14 02:40:31.329 runner job=J10633 run=r4349 event=finish status=failed exit=1 duration_ms=391895 level=WARN
2026-03-14 02:41:53.832 runner job=J10428 run=r4331 event=start pid=5331
2026-03-14 02:41:53.832 runner job=J10428 run=r4331 event=finish status=ok exit=0 duration_ms=2585 level=INFO
2026-03-14 02:42:25.971 runner job=J10233 run=r4300 event=start pid=5300
2026-03-14 02:42:25.971 runner job=J10233 run=r4300 event=finish status=ok exit=0 duration_ms=59554 level=INFO
2026-03-14 02:43:01.526 runner job=J10043 run=r4251 event=start pid=5251
2026-03-14 02:43:01.526 runner job=J10043 run=r4251 event=finish status=ok exit=0 duration_ms=4995 level=INFO
2026-03-14 02:43:31.518 runner job=J10147 run=r4280 event=start pid=5280
2026-03-14 02:43:31.518 runner job=J10147 run=r4280 event=finish status=ok exit=0 duration_ms=85936 level=INFO
2026-03-14 02:45:07.137 runner job=J10428 run=r4332 event=start pid=5332
2026-03-14 02:45:07.137 runner job=J10428 run=r4332 event=finish status=ok exit=0 duration_ms=2110 level=INFO
2026-03-14 02:45:07.656 runner job=J10043 run=r4252 event=start pid=5252
2026-03-14 02:45:07.656 runner job=J10043 run=r4252 event=finish status=ok exit=0 duration_ms=4634 level=INFO
2026-03-14 02:45:36.537 runner job=J10538 run=r4345 event=start pid=5345
2026-03-14 02:45:36.537 runner job=J10538 run=r4345 event=finish status=ok exit=0 duration_ms=124522 level=INFO
2026-03-14 02:46:02.837 runner job=J10233 run=r4301 event=start pid=5301
2026-03-14 02:46:02.837 runner job=J10233 run=r4301 event=finish status=ok exit=0 duration_ms=38479 level=INFO
2026-03-14 02:47:27.427 runner job=J10043 run=r4253 event=start pid=5253
2026-03-14 02:47:27.427 runner job=J10043 run=r4253 event=finish status=ok exit=0 duration_ms=4046 level=INFO
2026-03-14 02:47:46.531 runner job=J10147 run=r4281 event=start pid=5281
2026-03-14 02:47:46.531 runner job=J10147 run=r4281 event=finish status=oom_killed exit=137 duration_ms=61722 level=ERROR
2026-03-14 02:47:53.198 runner job=J10428 run=r4333 event=start pid=5333
2026-03-14 02:47:53.198 runner job=J10428 run=r4333 event=finish status=failed exit=2 duration_ms=3739 level=WARN
2026-03-14 02:49:55.253 runner job=J10043 run=r4254 event=start pid=5254
2026-03-14 02:49:55.253 runner job=J10043 run=r4254 event=finish status=ok exit=0 duration_ms=8232 level=INFO
2026-03-14 02:50:18.729 runner job=J10233 run=r4302 event=start pid=5302
2026-03-14 02:50:18.729 runner job=J10233 run=r4302 event=finish status=ok exit=0 duration_ms=52151 level=INFO
2026-03-14 02:50:28.212 runner job=J10339 run=r4314 event=start pid=5314
2026-03-14 02:50:28.212 runner job=J10339 run=r4314 event=finish status=ok exit=0 duration_ms=97083 level=INFO
2026-03-14 02:51:07.861 runner job=J10428 run=r4334 event=start pid=5334
2026-03-14 02:51:07.861 runner job=J10428 run=r4334 event=finish status=ok exit=0 duration_ms=3879 level=INFO
2026-03-14 02:51:42.995 runner job=J10043 run=r4255 event=start pid=5255
2026-03-14 02:51:42.995 runner job=J10043 run=r4255 event=finish status=ok exit=0 duration_ms=4260 level=INFO
2026-03-14 02:51:44.768 runner job=J10147 run=r4282 event=start pid=5282
2026-03-14 02:51:44.768 runner job=J10147 run=r4282 event=finish status=ok exit=0 duration_ms=89116 level=INFO
2026-03-14 02:53:57.357 runner job=J10043 run=r4256 event=start pid=5256
2026-03-14 02:53:57.357 runner job=J10043 run=r4256 event=finish status=ok exit=0 duration_ms=6116 level=INFO
2026-03-14 02:54:24.077 runner job=J10428 run=r4335 event=start pid=5335
2026-03-14 02:54:24.077 runner job=J10428 run=r4335 event=finish status=ok exit=0 duration_ms=3766 level=INFO
2026-03-14 02:54:48.788 runner job=J10233 run=r4303 event=start pid=5303
2026-03-14 02:54:48.788 runner job=J10233 run=r4303 event=finish status=ok exit=0 duration_ms=54341 level=INFO
2026-03-14 02:55:43.256 runner job=J10043 run=r4257 event=start pid=5257
2026-03-14 02:55:43.256 runner job=J10043 run=r4257 event=finish status=ok exit=0 duration_ms=8816 level=INFO
2026-03-14 02:55:43.531 runner job=J10147 run=r4283 event=start pid=5283
2026-03-14 02:55:43.531 runner job=J10147 run=r4283 event=finish status=oom_killed exit=137 duration_ms=42498 level=ERROR
2026-03-14 02:57:18.748 runner job=J10428 run=r4336 event=start pid=5336
2026-03-14 02:57:18.748 runner job=J10428 run=r4336 event=finish status=ok exit=0 duration_ms=5288 level=INFO
2026-03-14 02:57:30.215 runner job=J10043 run=r4258 event=start pid=5258
2026-03-14 02:57:30.215 runner job=J10043 run=r4258 event=finish status=ok exit=0 duration_ms=5669 level=INFO
2026-03-14 02:59:03.401 runner job=J10233 run=r4304 event=start pid=5304
2026-03-14 02:59:03.401 runner job=J10233 run=r4304 event=finish status=retry_ok exit=0 duration_ms=30237 level=INFO
2026-03-14 02:59:03.401 runner job=J10233 run=r4304 event=retry attempt=2 note=transient-upstream
2026-03-14 02:59:14.783 runner job=J10147 run=r4284 event=start pid=5284
2026-03-14 02:59:14.783 runner job=J10147 run=r4284 event=finish status=oom_killed exit=137 duration_ms=83820 level=ERROR
2026-03-14 02:59:24.692 runner job=J10043 run=r4259 event=start pid=5259
2026-03-14 02:59:24.692 runner job=J10043 run=r4259 event=finish status=retry_ok exit=0 duration_ms=4710 level=INFO
2026-03-14 02:59:24.692 runner job=J10043 run=r4259 event=retry attempt=2 note=transient-upstream
2026-03-14 03:00:13.681 runner job=J10428 run=r4337 event=start pid=5337
2026-03-14 03:00:13.681 runner job=J10428 run=r4337 event=finish status=failed exit=1 duration_ms=2159 level=WARN
2026-03-14 03:00:48.703 runner job=J10538 run=r4346 event=start pid=5346
2026-03-14 03:00:48.703 runner job=J10538 run=r4346 event=finish status=ok exit=0 duration_ms=170881 level=INFO
2026-03-14 03:00:49.461 runner job=J10339 run=r4315 event=start pid=5315
2026-03-14 03:00:49.461 runner job=J10339 run=r4315 event=finish status=ok exit=0 duration_ms=71072 level=INFO
2026-03-14 03:00:54.562 runner job=J10043 run=r4260 event=start pid=5260
2026-03-14 03:00:54.562 runner job=J10043 run=r4260 event=finish status=ok exit=0 duration_ms=6509 level=INFO
2026-03-14 03:02:47.516 runner job=J10043 run=r4261 event=start pid=5261
2026-03-14 03:02:47.516 runner job=J10043 run=r4261 event=finish status=ok exit=0 duration_ms=4502 level=INFO
2026-03-14 03:02:51.753 runner job=J10147 run=r4285 event=start pid=5285
2026-03-14 03:02:51.753 runner job=J10147 run=r4285 event=finish status=ok exit=0 duration_ms=68592 level=INFO
2026-03-14 03:02:52.773 runner job=J10233 run=r4305 event=start pid=5305
2026-03-14 03:02:52.773 runner job=J10233 run=r4305 event=finish status=ok exit=0 duration_ms=44654 level=INFO
2026-03-14 03:03:15.601 runner job=J10428 run=r4338 event=start pid=5338
2026-03-14 03:03:15.601 runner job=J10428 run=r4338 event=finish status=ok exit=0 duration_ms=4806 level=INFO
2026-03-14 03:04:26.501 runner job=J10043 run=r4262 event=start pid=5262
2026-03-14 03:04:26.501 runner job=J10043 run=r4262 event=finish status=ok exit=0 duration_ms=4430 level=INFO
2026-03-14 03:06:14.886 runner job=J10043 run=r4263 event=start pid=5263
2026-03-14 03:06:14.886 runner job=J10043 run=r4263 event=finish status=retry_ok exit=0 duration_ms=8941 level=INFO
2026-03-14 03:06:14.886 runner job=J10043 run=r4263 event=retry attempt=2 note=transient-upstream
2026-03-14 03:06:15.970 runner job=J10428 run=r4339 event=start pid=5339
2026-03-14 03:06:15.970 runner job=J10428 run=r4339 event=finish status=ok exit=0 duration_ms=5545 level=INFO
2026-03-14 03:06:51.366 runner job=J10147 run=r4286 event=start pid=5286
2026-03-14 03:06:51.366 runner job=J10147 run=r4286 event=finish status=ok exit=0 duration_ms=64169 level=INFO
2026-03-14 03:07:19.108 runner job=J10233 run=r4306 event=start pid=5306
2026-03-14 03:07:19.108 runner job=J10233 run=r4306 event=finish status=failed exit=1 duration_ms=44306 level=WARN
2026-03-14 03:07:51.179 runner job=J10043 run=r4264 event=start pid=5264
2026-03-14 03:07:51.179 runner job=J10043 run=r4264 event=finish status=ok exit=0 duration_ms=8021 level=INFO
2026-03-14 03:09:14.879 runner job=J10428 run=r4340 event=start pid=5340
2026-03-14 03:09:14.879 runner job=J10428 run=r4340 event=finish status=ok exit=0 duration_ms=4575 level=INFO
2026-03-14 03:09:23.399 runner job=J10043 run=r4265 event=start pid=5265
2026-03-14 03:09:23.399 runner job=J10043 run=r4265 event=finish status=ok exit=0 duration_ms=8383 level=INFO
2026-03-14 03:10:55.757 runner job=J10233 run=r4307 event=start pid=5307
2026-03-14 03:10:55.757 runner job=J10233 run=r4307 event=finish status=ok exit=0 duration_ms=33427 level=INFO
2026-03-14 03:11:03.939 runner job=J10339 run=r4316 event=start pid=5316
2026-03-14 03:11:03.939 runner job=J10339 run=r4316 event=finish status=ok exit=0 duration_ms=79603 level=INFO
2026-03-14 03:11:05.909 runner job=J10147 run=r4287 event=start pid=5287
2026-03-14 03:11:05.909 runner job=J10147 run=r4287 event=finish status=retry_ok exit=0 duration_ms=72535 level=INFO
2026-03-14 03:11:05.909 runner job=J10147 run=r4287 event=retry attempt=2 note=transient-upstream
2026-03-14 03:11:13.628 runner job=J10043 run=r4266 event=start pid=5266
2026-03-14 03:11:13.628 runner job=J10043 run=r4266 event=finish status=ok exit=0 duration_ms=8467 level=INFO
2026-03-14 03:12:26.377 runner job=J10428 run=r4341 event=start pid=5341
2026-03-14 03:12:26.377 runner job=J10428 run=r4341 event=finish status=failed exit=2 duration_ms=2054 level=WARN
2026-03-14 03:12:57.671 runner job=J10043 run=r4267 event=start pid=5267
2026-03-14 03:12:57.671 runner job=J10043 run=r4267 event=finish status=ok exit=0 duration_ms=5226 level=INFO
2026-03-14 03:14:37.320 runner job=J10147 run=r4288 event=start pid=5288
2026-03-14 03:14:37.320 runner job=J10147 run=r4288 event=finish status=ok exit=0 duration_ms=86509 level=INFO
2026-03-14 03:14:38.046 runner job=J10233 run=r4308 event=start pid=5308
2026-03-14 03:14:38.046 runner job=J10233 run=r4308 event=finish status=ok exit=0 duration_ms=35427 level=INFO
2026-03-14 03:14:48.980 runner job=J10043 run=r4268 event=start pid=5268
2026-03-14 03:14:48.980 runner job=J10043 run=r4268 event=finish status=failed exit=1 duration_ms=5751 level=WARN
2026-03-14 03:02:56.996 runner heartbeat queue_depth=8 workers_busy=0 level=DEBUG
2026-03-14 02:37:47.749 runner heartbeat queue_depth=8 workers_busy=1 level=DEBUG
2026-03-14 02:29:58.598 runner heartbeat queue_depth=3 workers_busy=2 level=DEBUG
2026-03-14 02:21:30.885 runner heartbeat queue_depth=0 workers_busy=0 level=DEBUG
2026-03-14 02:57:19.582 runner heartbeat queue_depth=3 workers_busy=1 level=DEBUG
2026-03-14 02:19:49.303 runner heartbeat queue_depth=7 workers_busy=1 level=DEBUG
2026-03-14 02:42:01.049 runner heartbeat queue_depth=8 workers_busy=0 level=DEBUG
2026-03-14 02:49:40.715 runner heartbeat queue_depth=2 workers_busy=3 level=DEBUG
2026-03-14 02:24:45.937 runner heartbeat queue_depth=0 workers_busy=3 level=DEBUG
2026-03-14 02:20:20.168 runner heartbeat queue_depth=0 workers_busy=2 level=DEBUG
2026-03-14 02:33:09.474 runner heartbeat queue_depth=1 workers_busy=0 level=DEBUG
2026-03-14 03:10:17.332 runner heartbeat queue_depth=2 workers_busy=3 level=DEBUG
2026-03-14 03:05:57.662 runner heartbeat queue_depth=0 workers_busy=3 level=DEBUG
2026-03-14 02:38:22.078 runner heartbeat queue_depth=5 workers_busy=2 level=DEBUG
2026-03-14 02:05:57.971 runner heartbeat queue_depth=6 workers_busy=0 level=DEBUG
2026-03-14 02:44:39.953 runner heartbeat queue_depth=5 workers_busy=1 level=DEBUG
2026-03-14 02:08:53.949 runner heartbeat queue_depth=1 workers_busy=3 level=DEBUG
2026-03-14 02:43:44.990 runner heartbeat queue_depth=7 workers_busy=2 level=DEBUG
2026-03-14 02:55:50.625 runner heartbeat queue_depth=6 workers_busy=1 level=DEBUG
2026-03-14 02:37:16.027 runner heartbeat queue_depth=8 workers_busy=3 level=DEBUG
2026-03-14 02:22:38.854 runner heartbeat queue_depth=4 workers_busy=3 level=DEBUG
2026-03-14 03:13:06.132 runner heartbeat queue_depth=0 workers_busy=0 level=DEBUG
2026-03-14 02:31:59.122 runner heartbeat queue_depth=7 workers_busy=2 level=DEBUG
2026-03-14 02:15:45.681 runner heartbeat queue_depth=5 workers_busy=0 level=DEBUG
2026-03-14 02:22:36.124 runner heartbeat queue_depth=0 workers_busy=1 level=DEBUG
2026-03-14 02:39:31.783 runner heartbeat queue_depth=4 workers_busy=3 level=DEBUG
2026-03-14 02:00:04.412 runner heartbeat queue_depth=2 workers_busy=3 level=DEBUG
2026-03-14 02:03:46.087 runner heartbeat queue_depth=2 workers_busy=2 level=DEBUG
2026-03-14 02:57:44.645 runner heartbeat queue_depth=6 workers_busy=1 level=DEBUG
2026-03-14 02:22:27.493 runner heartbeat queue_depth=8 workers_busy=3 level=DEBUG
2026-03-14 02:15:28.397 runner heartbeat queue_depth=5 workers_busy=1 level=DEBUG
2026-03-14 02:04:11.384 runner heartbeat queue_depth=4 workers_busy=2 level=DEBUG
2026-03-14 02:59:31.561 runner heartbeat queue_depth=6 workers_busy=2 level=DEBUG
2026-03-14 02:00:52.778 runner heartbeat queue_depth=3 workers_busy=2 level=DEBUG
2026-03-14 03:12:46.448 runner heartbeat queue_depth=8 workers_busy=1 level=DEBUG
2026-03-14 02:10:22.857 runner heartbeat queue_depth=6 workers_busy=3 level=DEBUG
2026-03-14 03:01:08.655 runner heartbeat queue_depth=8 workers_busy=2 level=DEBUG
2026-03-14 02:04:50.524 runner heartbeat queue_depth=4 workers_busy=1 level=DEBUG
2026-03-14 03:04:49.918 runner heartbeat queue_depth=7 workers_busy=1 level=DEBUG
2026-03-14 02:07:54.395 runner heartbeat queue_depth=1 workers_busy=2 level=DEBUG
2026-03-14 02:16:23.046 runner heartbeat queue_depth=1 workers_busy=2 level=DEBUG
2026-03-14 02:29:54.668 runner heartbeat queue_depth=8 workers_busy=2 level=DEBUG
2026-03-14 02:09:18.307 runner heartbeat queue_depth=5 workers_busy=3 level=DEBUG
2026-03-14 02:35:02.403 runner heartbeat queue_depth=6 workers_busy=3 level=DEBUG
2026-03-14 02:05:40.123 runner heartbeat queue_depth=6 workers_busy=1 level=DEBUG
2026-03-14 02:19:37.978 runner heartbeat queue_depth=6 workers_busy=3 level=DEBUG
2026-03-14 02:40:58.154 runner heartbeat queue_depth=2 workers_busy=0 level=DEBUG
2026-03-14 02:26:29.870 runner heartbeat queue_depth=0 workers_busy=2 level=DEBUG
2026-03-14 02:26:41.085 runner heartbeat queue_depth=6 workers_busy=3 level=DEBUG
2026-03-14 03:10:51.689 runner heartbeat queue_depth=3 workers_busy=3 level=DEBUG
2026-03-14 03:00:58.416 runner heartbeat queue_depth=8 workers_busy=0 level=DEBUG
2026-03-14 02:45:30.978 runner heartbeat queue_depth=1 workers_busy=3 level=DEBUG
2026-03-14 02:30:45.320 runner heartbeat queue_depth=8 workers_busy=1 level=DEBUG
2026-03-14 02:30:14.134 runner heartbeat queue_depth=4 workers_busy=3 level=DEBUG
2026-03-14 02:52:09.884 runner heartbeat queue_depth=5 workers_busy=1 level=DEBUG
2026-03-14 03:01:48.007 runner heartbeat queue_depth=4 workers_busy=1 level=DEBUG
2026-03-14 02:28:06.174 runner heartbeat queue_depth=5 workers_busy=2 level=DEBUG
2026-03-14 03:01:40.950 runner heartbeat queue_depth=5 workers_busy=0 level=DEBUG
2026-03-14 02:56:56.514 runner heartbeat queue_depth=3 workers_busy=2 level=DEBUG
2026-03-14 03:08:05.867 runner heartbeat queue_depth=5 workers_busy=0 level=DEBUG
2026-03-14 02:35:50.582 runner heartbeat queue_depth=6 workers_busy=3 level=DEBUG
2026-03-14 02:31:45.121 runner heartbeat queue_depth=1 workers_busy=0 level=DEBUG
2026-03-14 03:11:05.892 runner heartbeat queue_depth=2 workers_busy=1 level=DEBUG
2026-03-14 02:59:29.023 runner heartbeat queue_depth=0 workers_busy=0 level=DEBUG
2026-03-14 02:08:01.582 runner heartbeat queue_depth=2 workers_busy=1 level=DEBUG
2026-03-14 02:34:02.941 runner heartbeat queue_depth=2 workers_busy=2 level=DEBUG
2026-03-14 02:08:01.866 runner heartbeat queue_depth=6 workers_busy=0 level=DEBUG
2026-03-14 02:09:00.253 runner heartbeat queue_depth=6 workers_busy=0 level=DEBUG
2026-03-14 02:33:28.628 runner heartbeat queue_depth=1 workers_busy=2 level=DEBUG
2026-03-14 02:19:09.441 runner heartbeat queue_depth=1 workers_busy=3 level=DEBUG
2026-03-14 03:13:31.507 runner heartbeat queue_depth=7 workers_busy=0 level=DEBUG
2026-03-14 03:04:25.646 runner heartbeat queue_depth=7 workers_busy=1 level=DEBUG
2026-03-14 02:27:24.698 runner heartbeat queue_depth=3 workers_busy=2 level=DEBUG
2026-03-14 03:05:28.297 runner heartbeat queue_depth=6 workers_busy=2 level=DEBUG
2026-03-14 03:04:14.189 runner heartbeat queue_depth=2 workers_busy=2 level=DEBUG
2026-03-14 03:09:14.579 runner heartbeat queue_depth=0 workers_busy=0 level=DEBUG
2026-03-14 02:36:46.555 runner heartbeat queue_depth=6 workers_busy=2 level=DEBUG
2026-03-14 02:25:53.516 runner heartbeat queue_depth=3 workers_busy=3 level=DEBUG
2026-03-14 02:42:35.712 runner heartbeat queue_depth=0 workers_busy=3 level=DEBUG
2026-03-14 02:30:32.328 runner heartbeat queue_depth=0 workers_busy=2 level=DEBUG
2026-03-14 02:20:53.831 runner heartbeat queue_depth=4 workers_busy=0 level=DEBUG
2026-03-14 02:46:21.374 runner heartbeat queue_depth=8 workers_busy=0 level=DEBUG
2026-03-14 02:22:52.967 runner heartbeat queue_depth=3 workers_busy=0 level=DEBUG
2026-03-14 02:41:30.765 runner heartbeat queue_depth=2 workers_busy=3 level=DEBUG
2026-03-14 02:36:34.557 runner heartbeat queue_depth=0 workers_busy=0 level=DEBUG
2026-03-14 02:08:05.175 runner heartbeat queue_depth=2 workers_busy=0 level=DEBUG
2026-03-14 02:37:56.948 runner heartbeat queue_depth=4 workers_busy=0 level=DEBUG
2026-03-14 02:55:01.820 runner heartbeat queue_depth=7 workers_busy=3 level=DEBUG
2026-03-14 02:07:26.873 runner heartbeat queue_depth=3 workers_busy=0 level=DEBUG
2026-03-14 03:08:25.448 runner heartbeat queue_depth=4 workers_busy=3 level=DEBUG
2026-03-14 02:39:07.033 runner heartbeat queue_depth=2 workers_busy=0 level=DEBUG
2026-03-14 02:02:18.597 runner heartbeat queue_depth=5 workers_busy=0 level=DEBUG
2026-03-14 02:03:10.910 runner heartbeat queue_depth=2 workers_busy=2 level=DEBUG
2026-03-14 02:24:01.732 runner heartbeat queue_depth=6 workers_busy=2 level=DEBUG
2026-03-14 02:17:01.765 runner heartbeat queue_depth=8 workers_busy=1 level=DEBUG
2026-03-14 02:24:30.220 runner heartbeat queue_depth=6 workers_busy=1 level=DEBUG
2026-03-14 03:05:07.128 runner heartbeat queue_depth=8 workers_busy=1 level=DEBUG
2026-03-14 03:12:02.702 runner heartbeat queue_depth=7 workers_busy=3 level=DEBUG
2026-03-14 02:50:31.692 runner heartbeat queue_depth=1 workers_busy=0 level=DEBUG
2026-03-14 02:46:36.707 runner heartbeat queue_depth=1 workers_busy=2 level=DEBUG
2026-03-14 03:08:14.429 runner heartbeat queue_depth=7 workers_busy=2 level=DEBUG
2026-03-14 02:18:48.566 runner heartbeat queue_depth=0 workers_busy=1 level=DEBUG
2026-03-14 02:24:36.882 runner heartbeat queue_depth=4 workers_busy=1 level=DEBUG
2026-03-14 02:21:44.024 runner heartbeat queue_depth=5 workers_busy=3 level=DEBUG
2026-03-14 02:34:46.186 runner heartbeat queue_depth=2 workers_busy=1 level=DEBUG
2026-03-14 02:04:45.666 runner heartbeat queue_depth=7 workers_busy=1 level=DEBUG
2026-03-14 03:14:21.969 runner heartbeat queue_depth=6 workers_busy=1 level=DEBUG
2026-03-14 03:03:05.081 runner heartbeat queue_depth=2 workers_busy=0 level=DEBUG
2026-03-14 02:24:24.971 runner heartbeat queue_depth=5 workers_busy=0 level=DEBUG
2026-03-14 02:52:08.172 runner heartbeat queue_depth=8 workers_busy=3 level=DEBUG
2026-03-14 03:11:03.946 runner heartbeat queue_depth=5 workers_busy=0 level=DEBUG
2026-03-14 02:15:38.754 runner heartbeat queue_depth=8 workers_busy=3 level=DEBUG
2026-03-14 02:37:45.841 runner heartbeat queue_depth=2 workers_busy=2 level=DEBUG
2026-03-14 02:38:37.591 runner heartbeat queue_depth=0 workers_busy=3 level=DEBUG
2026-03-14 02:53:18.986 runner heartbeat queue_depth=2 workers_busy=0 level=DEBUG
2026-03-14 02:04:15.975 runner heartbeat queue_depth=7 workers_busy=1 level=DEBUG
2026-03-14 02:50:29.200 runner heartbeat queue_depth=6 workers_busy=1 level=DEBUG
2026-03-14 02:32:09.415 runner heartbeat queue_depth=3 workers_busy=0 level=DEBUG
2026-03-14 02:03:26.671 runner heartbeat queue_depth=7 workers_busy=1 level=DEBUG
2026-03-14 02:56:35.518 runner heartbeat queue_depth=8 workers_busy=2 level=DEBUG
2026-03-14 02:15:20.230 runner heartbeat queue_depth=0 workers_busy=3 level=DEBUG
2026-03-14 03:12:38.187 runner heartbeat queue_depth=4 workers_busy=0 level=DEBUG
2026-03-14 02:49:52.570 runner heartbeat queue_depth=5 workers_busy=3 level=DEBUG
2026-03-14 02:33:51.604 runner heartbeat queue_depth=2 workers_busy=2 level=DEBUG
2026-03-14 03:06:32.461 runner heartbeat queue_depth=3 workers_busy=2 level=DEBUG
2026-03-14 02:56:29.128 runner heartbeat queue_depth=6 workers_busy=1 level=DEBUG
2026-03-14 02:25:41.276 runner heartbeat queue_depth=7 workers_busy=0 level=DEBUG
2026-03-14 03:05:29.995 runner heartbeat queue_depth=5 workers_busy=3 level=DEBUG
2026-03-14 02:42:28.269 runner heartbeat queue_depth=7 workers_busy=0 level=DEBUG
2026-03-14 02:08:57.539 runner heartbeat queue_depth=8 workers_busy=3 level=DEBUG
2026-03-14 03:05:35.189 runner heartbeat queue_depth=3 workers_busy=0 level=DEBUG
2026-03-14 02:06:48.997 runner heartbeat queue_depth=7 workers_busy=0 level=DEBUG
2026-03-14 02:34:22.662 runner heartbeat queue_depth=8 workers_busy=2 level=DEBUG
2026-03-14 02:09:07.093 runner heartbeat queue_depth=8 workers_busy=1 level=DEBUG
2026-03-14 02:25:38.048 runner heartbeat queue_depth=0 workers_busy=2 level=DEBUG
2026-03-14 02:52:19.236 runner heartbeat queue_depth=1 workers_busy=2 level=DEBUG
2026-03-14 02:13:27.042 runner heartbeat queue_depth=8 workers_busy=3 level=DEBUG
2026-03-14 02:16:06.562 runner heartbeat queue_depth=2 workers_busy=2 level=DEBUG
2026-03-14 02:37:40.122 runner heartbeat queue_depth=8 workers_busy=3 level=DEBUG
2026-03-14 02:14:59.889 runner heartbeat queue_depth=7 workers_busy=0 level=DEBUG
2026-03-14 02:26:53.437 runner heartbeat queue_depth=0 workers_busy=1 level=DEBUG
2026-03-14 03:02:31.774 runner heartbeat queue_depth=0 workers_busy=0 level=DEBUG
2026-03-14 02:25:33.553 runner heartbeat queue_depth=0 workers_busy=0 level=DEBUG
2026-03-14 02:21:21.737 runner heartbeat queue_depth=3 workers_busy=1 level=DEBUG
2026-03-14 02:03:19.281 runner heartbeat queue_depth=7 workers_busy=1 level=DEBUG
2026-03-14 02:25:05.969 runner heartbeat queue_depth=8 workers_busy=0 level=DEBUG
2026-03-14 03:14:39.706 runner heartbeat queue_depth=6 workers_busy=2 level=DEBUG
2026-03-14 03:13:00.824 runner heartbeat queue_depth=8 workers_busy=2 level=DEBUG
2026-03-14 02:31:07.363 runner heartbeat queue_depth=0 workers_busy=2 level=DEBUG
2026-03-14 02:26:23.903 runner heartbeat queue_depth=3 workers_busy=3 level=DEBUG
2026-03-14 03:14:28.756 runner heartbeat queue_depth=0 workers_busy=1 level=DEBUG
2026-03-14 03:06:22.839 runner heartbeat queue_depth=1 workers_busy=0 level=DEBUG
2026-03-14 02:18:58.911 runner heartbeat queue_depth=7 workers_busy=3 level=DEBUG
2026-03-14 03:11:33.483 runner heartbeat queue_depth=5 workers_busy=1 level=DEBUG
2026-03-14 02:57:21.173 runner heartbeat queue_depth=5 workers_busy=0 level=DEBUG
2026-03-14 02:33:49.503 runner heartbeat queue_depth=1 workers_busy=3 level=DEBUG
2026-03-14 02:47:56.509 runner heartbeat queue_depth=8 workers_busy=0 level=DEBUG
2026-03-14 03:08:25.870 runner heartbeat queue_depth=7 workers_busy=2 level=DEBUG
2026-03-14 02:56:04.443 runner heartbeat queue_depth=0 workers_busy=1 level=DEBUG
2026-03-14 02:18:58.095 runner heartbeat queue_depth=7 workers_busy=3 level=DEBUG
2026-03-14 02:52:57.429 runner heartbeat queue_depth=4 workers_busy=0 level=DEBUG
2026-03-14 02:21:15.778 runner heartbeat queue_depth=5 workers_busy=2 level=DEBUG
2026-03-14 03:14:33.246 runner heartbeat queue_depth=3 workers_busy=0 level=DEBUG
2026-03-14 02:27:00.200 runner heartbeat queue_depth=3 workers_busy=1 level=DEBUG
2026-03-14 02:50:52.807 runner heartbeat queue_depth=8 workers_busy=0 level=DEBUG
2026-03-14 02:09:15.888 runner heartbeat queue_depth=8 workers_busy=1 level=DEBUG
2026-03-14 03:11:48.265 runner heartbeat queue_depth=1 workers_busy=3 level=DEBUG
2026-03-14 03:03:15.937 runner heartbeat queue_depth=4 workers_busy=1 level=DEBUG
2026-03-14 02:31:06.390 runner heartbeat queue_depth=6 workers_busy=2 level=DEBUG
2026-03-14 03:02:19.506 runner heartbeat queue_depth=1 workers_busy=2 level=DEBUG
2026-03-14 02:05:40.842 runner heartbeat queue_depth=2 workers_busy=3 level=DEBUG
2026-03-14 02:45:13.369 runner heartbeat queue_depth=7 workers_busy=1 level=DEBUG
2026-03-14 03:05:49.037 runner heartbeat queue_depth=6 workers_busy=1 level=DEBUG
2026-03-14 02:27:27.558 runner heartbeat queue_depth=2 workers_busy=0 level=DEBUG
2026-03-14 02:35:51.059 runner heartbeat queue_depth=5 workers_busy=3 level=DEBUG
2026-03-14 02:20:41.349 runner heartbeat queue_depth=3 workers_busy=0 level=DEBUG
2026-03-14 02:19:34.389 runner heartbeat queue_depth=2 workers_busy=0 level=DEBUG
2026-03-14 02:51:11.491 runner heartbeat queue_depth=6 workers_busy=2 level=DEBUG
2026-03-14 03:02:19.995 runner heartbeat queue_depth=7 workers_busy=1 level=DEBUG
2026-03-14 02:33:47.934 runner heartbeat queue_depth=2 workers_busy=1 level=DEBUG
2026-03-14 03:00:42.504 runner heartbeat queue_depth=4 workers_busy=2 level=DEBUG
2026-03-14 02:42:33.095 runner heartbeat queue_depth=1 workers_busy=0 level=DEBUG
2026-03-14 02:13:05.068 runner heartbeat queue_depth=4 workers_busy=2 level=DEBUG
2026-03-14 02:45:26.226 runner heartbeat queue_depth=4 workers_busy=3 level=DEBUG
2026-03-14 02:38:32.477 runner heartbeat queue_depth=0 workers_busy=2 level=DEBUG
2026-03-14 03:14:47.700 runner heartbeat queue_depth=8 workers_busy=2 level=DEBUG
2026-03-14 02:30:51.678 runner heartbeat queue_depth=5 workers_busy=3 level=DEBUG
2026-03-14 02:23:39.037 runner heartbeat queue_depth=6 workers_busy=0 level=DEBUG
2026-03-14 02:34:31.005 runner heartbeat queue_depth=7 workers_busy=3 level=DEBUG
2026-03-14 02:18:04.818 runner heartbeat queue_depth=0 workers_busy=0 level=DEBUG
2026-03-14 02:13:15.518 runner heartbeat queue_depth=4 workers_busy=1 level=DEBUG
2026-03-14 03:13:26.976 runner heartbeat queue_depth=2 workers_busy=1 level=DEBUG
2026-03-14 02:51:01.713 runner heartbeat queue_depth=0 workers_busy=1 level=DEBUG
2026-03-14 02:03:40.153 runner heartbeat queue_depth=7 workers_busy=2 level=DEBUG
2026-03-14 02:27:00.042 runner heartbeat queue_depth=0 workers_busy=1 level=DEBUG
2026-03-14 02:29:43.266 runner heartbeat queue_depth=2 workers_busy=3 level=DEBUG
2026-03-14 02:26:15.961 runner heartbeat queue_depth=1 workers_busy=1 level=DEBUG
2026-03-14 02:06:18.297 runner heartbeat queue_depth=7 workers_busy=3 level=DEBUG
2026-03-14 02:45:00.413 runner heartbeat queue_depth=2 workers_busy=1 level=DEBUG
2026-03-14 02:15:15.904 runner heartbeat queue_depth=1 workers_busy=0 level=DEBUG
2026-03-14 02:57:50.947 runner heartbeat queue_depth=4 workers_busy=0 level=DEBUG
2026-03-14 02:16:30.053 runner heartbeat queue_depth=0 workers_busy=0 level=DEBUG
2026-03-14 02:15:50.595 runner heartbeat queue_depth=0 workers_busy=1 level=DEBUG
2026-03-14 02:43:41.260 runner heartbeat queue_depth=2 workers_busy=3 level=DEBUG
2026-03-14 03:05:28.924 runner heartbeat queue_depth=5 workers_busy=3 level=DEBUG
2026-03-14 03:13:16.541 runner heartbeat queue_depth=0 workers_busy=3 level=DEBUG
2026-03-14 02:07:40.862 runner heartbeat queue_depth=1 workers_busy=0 level=DEBUG
2026-03-14 02:50:45.787 runner heartbeat queue_depth=4 workers_busy=3 level=DEBUG
2026-03-14 03:03:58.613 runner heartbeat queue_depth=5 workers_busy=3 level=DEBUG
2026-03-14 02:32:03.681 runner heartbeat queue_depth=1 workers_busy=2 level=DEBUG
2026-03-14 02:34:15.187 runner heartbeat queue_depth=8 workers_busy=3 level=DEBUG
2026-03-14 02:31:02.996 runner heartbeat queue_depth=5 workers_busy=0 level=DEBUG
2026-03-14 02:58:11.632 runner heartbeat queue_depth=5 workers_busy=2 level=DEBUG
2026-03-14 03:01:38.475 runner heartbeat queue_depth=8 workers_busy=1 level=DEBUG
2026-03-14 02:36:53.757 runner heartbeat queue_depth=0 workers_busy=2 level=DEBUG
2026-03-14 02:45:30.220 runner heartbeat queue_depth=2 workers_busy=2 level=DEBUG
2026-03-14 02:35:50.516 runner heartbeat queue_depth=2 workers_busy=2 level=DEBUG
2026-03-14 02:52:13.008 runner heartbeat queue_depth=8 workers_busy=1 level=DEBUG
2026-03-14 03:01:32.427 runner heartbeat queue_depth=3 workers_busy=2 level=DEBUG
2026-03-14 02:55:59.875 runner heartbeat queue_depth=7 workers_busy=0 level=DEBUG
2026-03-14 03:11:11.583 runner heartbeat queue_depth=2 workers_busy=2 level=DEBUG
2026-03-14 02:44:59.395 runner heartbeat queue_depth=7 workers_busy=3 level=DEBUG
2026-03-14 02:20:29.194 runner heartbeat queue_depth=1 workers_busy=2 level=DEBUG
2026-03-14 02:03:56.585 runner heartbeat queue_depth=8 workers_busy=1 level=DEBUG
2026-03-14 02:49:21.037 runner heartbeat queue_depth=5 workers_busy=3 level=DEBUG
2026-03-14 02:55:00.680 runner heartbeat queue_depth=1 workers_busy=1 level=DEBUG
2026-03-14 02:16:57.393 runner heartbeat queue_depth=7 workers_busy=2 level=DEBUG
2026-03-14 02:59:33.003 runner heartbeat queue_depth=3 workers_busy=2 level=DEBUG
2026-03-14 02:57:19.270 runner heartbeat queue_depth=0 workers_busy=2 level=DEBUG
2026-03-14 02:21:59.474 runner heartbeat queue_depth=1 workers_busy=2 level=DEBUG
2026-03-14 02:31:52.984 runner heartbeat queue_depth=6 workers_busy=1 level=DEBUG
2026-03-14 02:14:15.029 runner heartbeat queue_depth=2 workers_busy=0 level=DEBUG
2026-03-14 02:16:35.571 runner heartbeat queue_depth=1 workers_busy=2 level=DEBUG
2026-03-14 02:56:10.190 runner heartbeat queue_depth=3 workers_busy=2 level=DEBUG
2026-03-14 02:45:19.783 runner heartbeat queue_depth=2 workers_busy=3 level=DEBUG
2026-03-14 02:50:56.831 runner heartbeat queue_depth=2 workers_busy=3 level=DEBUG
2026-03-14 02:23:18.941 runner heartbeat queue_depth=2 workers_busy=1 level=DEBUG
2026-03-14 02:46:46.346 runner heartbeat queue_depth=3 workers_busy=2 level=DEBUG
2026-03-14 02:30:12.316 runner heartbeat queue_depth=5 workers_busy=3 level=DEBUG
2026-03-14 03:04:04.693 runner heartbeat queue_depth=0 workers_busy=3 level=DEBUG
2026-03-14 02:36:24.622 runner heartbeat queue_depth=5 workers_busy=0 level=DEBUG
2026-03-14 02:44:01.807 runner heartbeat queue_depth=7 workers_busy=2 level=DEBUG
2026-03-14 02:27:30.789 runner heartbeat queue_depth=3 workers_busy=2 level=DEBUG
2026-03-14 02:24:33.915 runner heartbeat queue_depth=3 workers_busy=0 level=DEBUG
2026-03-14 02:00:02.289 runner heartbeat queue_depth=8 workers_busy=1 level=DEBUG
2026-03-14 02:24:55.345 runner heartbeat queue_depth=8 workers_busy=1 level=DEBUG
2026-03-14 02:41:13.998 runner heartbeat queue_depth=0 workers_busy=2 level=DEBUG
2026-03-14 02:07:59.739 runner heartbeat queue_depth=2 workers_busy=0 level=DEBUG
2026-03-14 02:08:30.860 runner heartbeat queue_depth=4 workers_busy=2 level=DEBUG
2026-03-14 02:30:07.490 runner heartbeat queue_depth=4 workers_busy=0 level=DEBUG
2026-03-14 03:07:31.994 runner heartbeat queue_depth=5 workers_busy=0 level=DEBUG
2026-03-14 02:50:37.986 runner heartbeat queue_depth=7 workers_busy=2 level=DEBUG
2026-03-14 03:07:26.341 runner heartbeat queue_depth=4 workers_busy=3 level=DEBUG
2026-03-14 02:13:59.758 runner heartbeat queue_depth=8 workers_busy=2 level=DEBUG
2026-03-14 02:32:41.390 runner heartbeat queue_depth=4 workers_busy=3 level=DEBUG
2026-03-14 02:50:25.439 runner heartbeat queue_depth=1 workers_busy=0 level=DEBUG
2026-03-14 02:22:25.962 runner heartbeat queue_depth=2 workers_busy=0 level=DEBUG
2026-03-14 02:54:06.084 runner heartbeat queue_depth=5 workers_busy=2 level=DEBUG
2026-03-14 02:23:56.169 runner heartbeat queue_depth=7 workers_busy=1 level=DEBUG
2026-03-14 02:16:54.160 runner heartbeat queue_depth=0 workers_busy=3 level=DEBUG
2026-03-14 02:43:45.294 runner heartbeat queue_depth=6 workers_busy=3 level=DEBUG
2026-03-14 03:08:18.210 runner heartbeat queue_depth=8 workers_busy=1 level=DEBUG
2026-03-14 02:58:20.133 runner heartbeat queue_depth=1 workers_busy=1 level=DEBUG
2026-03-14 02:57:46.799 runner heartbeat queue_depth=2 workers_busy=2 level=DEBUG
2026-03-14 02:25:08.956 runner heartbeat queue_depth=6 workers_busy=1 level=DEBUG
2026-03-14 02:07:31.601 runner heartbeat queue_depth=4 workers_busy=3 level=DEBUG
2026-03-14 03:11:58.940 runner heartbeat queue_depth=2 workers_busy=0 level=DEBUG
2026-03-14 02:57:13.627 runner heartbeat queue_depth=5 workers_busy=3 level=DEBUG
2026-03-14 03:01:55.912 runner heartbeat queue_depth=2 workers_busy=0 level=DEBUG
2026-03-14 02:26:42.074 runner heartbeat queue_depth=4 workers_busy=2 level=DEBUG
2026-03-14 03:01:31.463 runner heartbeat queue_depth=1 workers_busy=3 level=DEBUG
2026-03-14 02:40:10.090 runner heartbeat queue_depth=3 workers_busy=3 level=DEBUG
2026-03-14 02:42:56.896 runner heartbeat queue_depth=1 workers_busy=2 level=DEBUG
2026-03-14 02:42:41.554 runner heartbeat queue_depth=6 workers_busy=1 level=DEBUG
2026-03-14 02:37:31.203 runner heartbeat queue_depth=7 workers_busy=1 level=DEBUG
2026-03-14 02:08:23.352 runner heartbeat queue_depth=7 workers_busy=1 level=DEBUG
2026-03-14 02:05:47.271 runner heartbeat queue_depth=7 workers_busy=1 level=DEBUG
2026-03-14 02:07:45.454 runner heartbeat queue_depth=4 workers_busy=2 level=DEBUG
2026-03-14 02:56:57.403 runner heartbeat queue_depth=6 workers_busy=2 level=DEBUG
2026-03-14 03:12:46.329 runner heartbeat queue_depth=3 workers_busy=3 level=DEBUG
2026-03-14 02:55:54.166 runner heartbeat queue_depth=4 workers_busy=0 level=DEBUG
2026-03-14 02:51:37.790 runner heartbeat queue_depth=3 workers_busy=2 level=DEBUG
2026-03-14 02:11:39.587 runner heartbeat queue_depth=4 workers_busy=0 level=DEBUG
2026-03-14 02:31:18.676 runner heartbeat queue_depth=7 workers_busy=0 level=DEBUG
2026-03-14 02:28:31.881 runner heartbeat queue_depth=4 workers_busy=0 level=DEBUG
2026-03-14 02:26:37.015 runner heartbeat queue_depth=1 workers_busy=1 level=DEBUG
2026-03-14 02:14:13.329 runner heartbeat queue_depth=0 workers_busy=1 level=DEBUG
2026-03-14 02:55:13.150 runner heartbeat queue_depth=0 workers_busy=1 level=DEBUG
2026-03-14 03:05:47.479 runner heartbeat queue_depth=2 workers_busy=1 level=DEBUG
2026-03-14 02:18:32.942 runner heartbeat queue_depth=2 workers_busy=3 level=DEBUG
2026-03-14 02:22:09.328 runner heartbeat queue_depth=7 workers_busy=2 level=DEBUG
2026-03-14 03:02:33.709 runner heartbeat queue_depth=8 workers_busy=1 level=DEBUG
2026-03-14 02:03:53.312 runner heartbeat queue_depth=3 workers_busy=2 level=DEBUG
2026-03-14 03:14:39.737 runner heartbeat queue_depth=2 workers_busy=3 level=DEBUG
2026-03-14 02:33:25.553 runner heartbeat queue_depth=3 workers_busy=0 level=DEBUG
2026-03-14 02:13:53.901 runner heartbeat queue_depth=8 workers_busy=0 level=DEBUG
2026-03-14 02:05:13.584 runner heartbeat queue_depth=1 workers_busy=3 level=DEBUG
2026-03-14 02:38:17.438 runner heartbeat queue_depth=1 workers_busy=1 level=DEBUG
2026-03-14 02:21:49.917 runner heartbeat queue_depth=3 workers_busy=2 level=DEBUG
2026-03-14 02:58:33.172 runner heartbeat queue_depth=2 workers_busy=0 level=DEBUG
2026-03-14 02:26:54.081 runner heartbeat queue_depth=0 workers_busy=1 level=DEBUG
2026-03-14 02:50:50.464 runner heartbeat queue_depth=6 workers_busy=0 level=DEBUG
2026-03-14 02:15:48.920 runner heartbeat queue_depth=7 workers_busy=2 level=DEBUG
2026-03-14 02:19:16.903 runner heartbeat queue_depth=2 workers_busy=3 level=DEBUG
2026-03-14 02:32:12.908 runner heartbeat queue_depth=5 workers_busy=1 level=DEBUG
2026-03-14 02:52:02.129 runner heartbeat queue_depth=2 workers_busy=1 level=DEBUG
2026-03-14 02:34:57.149 runner heartbeat queue_depth=8 workers_busy=3 level=DEBUG
2026-03-14 02:24:53.634 runner heartbeat queue_depth=5 workers_busy=2 level=DEBUG
2026-03-14 03:03:19.352 runner heartbeat queue_depth=6 workers_busy=1 level=DEBUG
2026-03-14 02:57:55.943 runner heartbeat queue_depth=7 workers_busy=3 level=DEBUG
2026-03-14 02:00:18.226 runner heartbeat queue_depth=7 workers_busy=3 level=DEBUG
2026-03-14 02:10:17.221 runner heartbeat queue_depth=8 workers_busy=2 level=DEBUG
2026-03-14 03:08:02.088 runner heartbeat queue_depth=5 workers_busy=1 level=DEBUG
2026-03-14 02:23:51.976 runner heartbeat queue_depth=4 workers_busy=1 level=DEBUG
2026-03-14 02:39:22.815 runner heartbeat queue_depth=8 workers_busy=1 level=DEBUG
2026-03-14 02:46:59.798 runner heartbeat queue_depth=2 workers_busy=0 level=DEBUG
2026-03-14 02:25:46.074 runner heartbeat queue_depth=2 workers_busy=2 level=DEBUG
2026-03-14 02:47:39.888 runner heartbeat queue_depth=2 workers_busy=3 level=DEBUG
2026-03-14 02:54:26.460 runner heartbeat queue_depth=2 workers_busy=1 level=DEBUG
2026-03-14 02:56:36.287 runner heartbeat queue_depth=6 workers_busy=3 level=DEBUG
2026-03-14 03:08:13.832 runner heartbeat queue_depth=5 workers_busy=2 level=DEBUG
2026-03-14 02:22:13.170 runner heartbeat queue_depth=2 workers_busy=2 level=DEBUG
2026-03-14 02:11:25.366 runner heartbeat queue_depth=1 workers_busy=0 level=DEBUG
2026-03-14 03:12:40.042 runner heartbeat queue_depth=1 workers_busy=2 level=DEBUG
2026-03-14 02:25:40.038 runner heartbeat queue_depth=2 workers_busy=3 level=DEBUG
2026-03-14 02:45:51.526 runner heartbeat queue_depth=8 workers_busy=1 level=DEBUG
2026-03-14 03:05:59.605 runner heartbeat queue_depth=3 workers_busy=0 level=DEBUG
2026-03-14 02:07:40.120 runner heartbeat queue_depth=4 workers_busy=1 level=DEBUG
2026-03-14 03:00:18.125 runner heartbeat queue_depth=7 workers_busy=3 level=DEBUG
2026-03-14 02:41:50.403 runner heartbeat queue_depth=8 workers_busy=1 level=DEBUG
2026-03-14 02:46:54.537 runner heartbeat queue_depth=2 workers_busy=3 level=DEBUG
2026-03-14 03:10:38.654 runner heartbeat queue_depth=3 workers_busy=1 level=DEBUG
2026-03-14 02:34:14.156 runner heartbeat queue_depth=0 workers_busy=3 level=DEBUG
2026-03-14 02:39:39.502 runner heartbeat queue_depth=0 workers_busy=2 level=DEBUG
2026-03-14 02:55:32.286 runner heartbeat queue_depth=6 workers_busy=1 level=DEBUG
2026-03-14 02:40:58.435 runner heartbeat queue_depth=6 workers_busy=3 level=DEBUG
2026-03-14 03:04:54.354 runner heartbeat queue_depth=7 workers_busy=2 level=DEBUG
2026-03-14 03:08:04.580 runner heartbeat queue_depth=6 workers_busy=0 level=DEBUG
2026-03-14 02:06:24.475 runner heartbeat queue_depth=7 workers_busy=1 level=DEBUG
2026-03-14 02:34:32.856 runner heartbeat queue_depth=2 workers_busy=3 level=DEBUG
2026-03-14 02:42:27.460 runner heartbeat queue_depth=2 workers_busy=2 level=DEBUG
2026-03-14 02:16:29.789 runner heartbeat queue_depth=0 workers_busy=1 level=DEBUG
2026-03-14 03:07:48.064 runner heartbeat queue_depth=7 workers_busy=3 level=DEBUG
2026-03-14 02:29:54.998 runner heartbeat queue_depth=2 workers_busy=1 level=DEBUG
2026-03-14 02:31:17.690 runner heartbeat queue_depth=6 workers_busy=3 level=DEBUG
2026-03-14 02:29:28.589 runner heartbeat queue_depth=1 workers_busy=3 level=DEBUG
2026-03-14 02:59:43.046 runner heartbeat queue_depth=0 workers_busy=2 level=DEBUG
2026-03-14 02:03:36.846 runner heartbeat queue_depth=5 workers_busy=0 level=DEBUG
2026-03-14 02:01:02.222 runner heartbeat queue_depth=7 workers_busy=3 level=DEBUG
2026-03-14 03:07:48.834 runner heartbeat queue_depth=2 workers_busy=3 level=DEBUG
2026-03-14 02:54:32.627 runner heartbeat queue_depth=8 workers_busy=1 level=DEBUG
2026-03-14 02:58:41.069 runner heartbeat queue_depth=4 workers_busy=2 level=DEBUG
2026-03-14 02:25:11.706 runner heartbeat queue_depth=8 workers_busy=0 level=DEBUG
2026-03-14 02:25:09.678 runner heartbeat queue_depth=7 workers_busy=1 level=DEBUG
2026-03-14 02:42:31.811 runner heartbeat queue_depth=4 workers_busy=2 level=DEBUG
2026-03-14 02:13:10.469 runner heartbeat queue_depth=2 workers_busy=2 level=DEBUG
2026-03-14 03:03:25.105 runner heartbeat queue_depth=0 workers_busy=0 level=DEBUG
2026-03-14 02:49:56.739 runner heartbeat queue_depth=2 workers_busy=1 level=DEBUG
2026-03-14 03:13:18.032 runner heartbeat queue_depth=5 workers_busy=1 level=DEBUG
2026-03-14 02:17:02.647 runner heartbeat queue_depth=1 workers_busy=3 level=DEBUG
2026-03-14 02:47:39.664 runner heartbeat queue_depth=7 workers_busy=1 level=DEBUG
2026-03-14 02:01:16.279 runner heartbeat queue_depth=6 workers_busy=0 level=DEBUG
2026-03-14 02:06:15.563 runner heartbeat queue_depth=1 workers_busy=1 level=DEBUG
2026-03-14 02:38:01.262 runner heartbeat queue_depth=2 workers_busy=3 level=DEBUG
2026-03-14 02:44:34.276 runner heartbeat queue_depth=5 workers_busy=3 level=DEBUG
2026-03-14 02:49:34.025 runner heartbeat queue_depth=7 workers_busy=2 level=DEBUG
2026-03-14 02:37:31.529 runner heartbeat queue_depth=3 workers_busy=0 level=DEBUG
2026-03-14 02:50:09.639 runner heartbeat queue_depth=2 workers_busy=1 level=DEBUG
2026-03-14 03:00:01.176 runner heartbeat queue_depth=4 workers_busy=2 level=DEBUG
2026-03-14 02:20:23.107 runner heartbeat queue_depth=8 workers_busy=1 level=DEBUG
2026-03-14 03:12:43.767 runner heartbeat queue_depth=4 workers_busy=3 level=DEBUG
2026-03-14 02:09:57.541 runner heartbeat queue_depth=3 workers_busy=0 level=DEBUG
2026-03-14 02:55:57.923 runner heartbeat queue_depth=0 workers_busy=0 level=DEBUG
2026-03-14 02:19:29.350 runner heartbeat queue_depth=6 workers_busy=1 level=DEBUG
2026-03-14 02:34:21.038 runner heartbeat queue_depth=2 workers_busy=3 level=DEBUG
2026-03-14 02:32:47.143 runner heartbeat queue_depth=2 workers_busy=0 level=DEBUG
2026-03-14 03:07:44.637 runner heartbeat queue_depth=0 workers_busy=2 level=DEBUG
2026-03-14 02:37:22.979 runner heartbeat queue_depth=7 workers_busy=1 level=DEBUG
2026-03-14 02:16:53.397 runner heartbeat queue_depth=4 workers_busy=2 level=DEBUG
2026-03-14 03:14:15.716 runner heartbeat queue_depth=8 workers_busy=3 level=DEBUG
2026-03-14 02:40:09.220 runner heartbeat queue_depth=3 workers_busy=2 level=DEBUG
2026-03-14 02:14:46.504 runner heartbeat queue_depth=5 workers_busy=0 level=DEBUG
2026-03-14 03:11:02.331 runner heartbeat queue_depth=0 workers_busy=0 level=DEBUG
2026-03-14 02:29:08.445 runner heartbeat queue_depth=7 workers_busy=1 level=DEBUG
2026-03-14 02:28:03.296 runner heartbeat queue_depth=0 workers_busy=2 level=DEBUG
2026-03-14 02:55:20.985 runner heartbeat queue_depth=7 workers_busy=0 level=DEBUG
2026-03-14 03:12:46.340 runner heartbeat queue_depth=1 workers_busy=3 level=DEBUG
2026-03-14 02:21:02.866 runner heartbeat queue_depth=3 workers_busy=1 level=DEBUG
2026-03-14 02:57:41.296 runner heartbeat queue_depth=3 workers_busy=1 level=DEBUG
2026-03-14 03:08:25.113 runner heartbeat queue_depth=7 workers_busy=1 level=DEBUG
2026-03-14 02:23:35.557 runner heartbeat queue_depth=5 workers_busy=1 level=DEBUG
2026-03-14 02:41:57.064 runner heartbeat queue_depth=1 workers_busy=0 level=DEBUG
2026-03-14 02:44:10.301 runner heartbeat queue_depth=0 workers_busy=3 level=DEBUG
2026-03-14 02:15:20.011 runner heartbeat queue_depth=8 workers_busy=3 level=DEBUG
2026-03-14 02:08:30.867 runner heartbeat queue_depth=7 workers_busy=1 level=DEBUG
2026-03-14 02:16:20.211 runner heartbeat queue_depth=3 workers_busy=3 level=DEBUG
2026-03-14 02:27:27.016 runner heartbeat queue_depth=0 workers_busy=2 level=DEBUG
2026-03-14 02:34:57.468 runner heartbeat queue_depth=6 workers_busy=3 level=DEBUG
2026-03-14 02:12:22.690 runner heartbeat queue_depth=6 workers_busy=1 level=DEBUG
2026-03-14 02:32:50.315 runner heartbeat queue_depth=8 workers_busy=3 level=DEBUG
2026-03-14 03:07:10.220 runner heartbeat queue_depth=5 workers_busy=1 level=DEBUG
2026-03-14 03:09:27.849 runner heartbeat queue_depth=0 workers_busy=1 level=DEBUG
2026-03-14 02:30:55.880 runner heartbeat queue_depth=7 workers_busy=0 level=DEBUG
2026-03-14 03:06:16.212 runner heartbeat queue_depth=4 workers_busy=2 level=DEBUG
2026-03-14 03:00:36.552 runner heartbeat queue_depth=3 workers_busy=0 level=DEBUG
2026-03-14 02:04:03.585 runner heartbeat queue_depth=5 workers_busy=2 level=DEBUG
2026-03-14 02:58:30.151 runner heartbeat queue_depth=0 workers_busy=2 level=DEBUG
2026-03-14 02:35:33.446 runner heartbeat queue_depth=4 workers_busy=3 level=DEBUG
2026-03-14 02:04:18.682 runner heartbeat queue_depth=4 workers_busy=2 level=DEBUG
2026-03-14 02:52:43.165 runner heartbeat queue_depth=8 workers_busy=1 level=DEBUG
2026-03-14 02:24:41.211 runner heartbeat queue_depth=2 workers_busy=2 level=DEBUG
2026-03-14 02:57:50.618 runner heartbeat queue_depth=6 workers_busy=3 level=DEBUG
2026-03-14 02:53:41.959 runner heartbeat queue_depth=1 workers_busy=1 level=DEBUG
2026-03-14 02:22:23.636 runner heartbeat queue_depth=8 workers_busy=2 level=DEBUG
2026-03-14 02:42:24.708 runner heartbeat queue_depth=0 workers_busy=0 level=DEBUG
2026-03-14 02:02:08.484 runner heartbeat queue_depth=0 workers_busy=0 level=DEBUG
2026-03-14 02:59:12.999 runner heartbeat queue_depth=6 workers_busy=1 level=DEBUG
2026-03-14 03:07:38.104 runner heartbeat queue_depth=2 workers_busy=1 level=DEBUG
2026-03-14 02:30:44.184 runner heartbeat queue_depth=6 workers_busy=2 level=DEBUG
2026-03-14 02:16:33.081 runner heartbeat queue_depth=5 workers_busy=0 level=DEBUG
2026-03-14 02:28:20.704 runner heartbeat queue_depth=8 workers_busy=2 level=DEBUG
2026-03-14 02:15:52.664 runner heartbeat queue_depth=2 workers_busy=3 level=DEBUG
2026-03-14 02:17:31.559 runner heartbeat queue_depth=8 workers_busy=0 level=DEBUG
2026-03-14 02:11:13.891 runner heartbeat queue_depth=1 workers_busy=1 level=DEBUG
2026-03-14 02:41:19.207 runner heartbeat queue_depth=2 workers_busy=1 level=DEBUG
2026-03-14 02:02:44.508 runner heartbeat queue_depth=0 workers_busy=1 level=DEBUG
2026-03-14 02:16:05.065 runner heartbeat queue_depth=4 workers_busy=0 level=DEBUG
2026-03-14 02:47:57.465 runner heartbeat queue_depth=5 workers_busy=3 level=DEBUG
2026-03-14 02:09:45.413 runner heartbeat queue_depth=0 workers_busy=1 level=DEBUG
2026-03-14 02:07:54.471 runner heartbeat queue_depth=5 workers_busy=0 level=DEBUG
2026-03-14 02:43:41.626 runner heartbeat queue_depth=4 workers_busy=2 level=DEBUG
2026-03-14 02:59:20.643 runner heartbeat queue_depth=4 workers_busy=1 level=DEBUG
2026-03-14 02:02:06.509 runner heartbeat queue_depth=1 workers_busy=1 level=DEBUG
2026-03-14 02:28:37.325 runner heartbeat queue_depth=2 workers_busy=3 level=DEBUG
2026-03-14 02:07:27.829 runner heartbeat queue_depth=3 workers_busy=1 level=DEBUG
2026-03-14 02:08:57.652 runner heartbeat queue_depth=0 workers_busy=0 level=DEBUG
2026-03-14 02:12:44.274 runner heartbeat queue_depth=1 workers_busy=0 level=DEBUG
2026-03-14 02:39:36.013 runner heartbeat queue_depth=0 workers_busy=1 level=DEBUG
2026-03-14 02:09:11.941 runner heartbeat queue_depth=4 workers_busy=3 level=DEBUG
2026-03-14 03:07:37.573 runner heartbeat queue_depth=4 workers_busy=2 level=DEBUG
2026-03-14 02:13:18.621 runner heartbeat queue_depth=1 workers_busy=1 level=DEBUG
2026-03-14 02:09:28.535 runner heartbeat queue_depth=4 workers_busy=3 level=DEBUG
2026-03-14 02:49:58.822 runner heartbeat queue_depth=2 workers_busy=0 level=DEBUG
2026-03-14 02:49:35.835 runner heartbeat queue_depth=7 workers_busy=0 level=DEBUG
2026-03-14 03:14:24.267 runner heartbeat queue_depth=8 workers_busy=0 level=DEBUG
2026-03-14 02:14:04.764 runner heartbeat queue_depth=1 workers_busy=1 level=DEBUG
2026-03-14 02:11:09.572 runner heartbeat queue_depth=3 workers_busy=2 level=DEBUG
2026-03-14 02:39:05.057 runner heartbeat queue_depth=2 workers_busy=1 level=DEBUG
2026-03-14 03:03:39.811 runner heartbeat queue_depth=6 workers_busy=3 level=DEBUG
2026-03-14 02:31:13.960 runner heartbeat queue_depth=1 workers_busy=3 level=DEBUG
2026-03-14 02:05:31.101 runner heartbeat queue_depth=3 workers_busy=0 level=DEBUG
2026-03-14 02:02:12.479 runner heartbeat queue_depth=2 workers_busy=1 level=DEBUG
2026-03-14 02:52:14.532 runner heartbeat queue_depth=7 workers_busy=1 level=DEBUG
2026-03-14 02:50:57.863 runner heartbeat queue_depth=0 workers_busy=2 level=DEBUG
2026-03-14 03:10:50.640 runner heartbeat queue_depth=7 workers_busy=3 level=DEBUG
2026-03-14 03:04:03.399 runner heartbeat queue_depth=7 workers_busy=2 level=DEBUG
2026-03-14 02:44:36.896 runner heartbeat queue_depth=1 workers_busy=3 level=DEBUG
2026-03-14 03:11:59.240 runner heartbeat queue_depth=4 workers_busy=3 level=DEBUG
2026-03-14 03:12:44.679 runner heartbeat queue_depth=4 workers_busy=0 level=DEBUG
2026-03-14 02:22:45.769 runner heartbeat queue_depth=6 workers_busy=1 level=DEBUG
2026-03-14 03:05:58.407 runner heartbeat queue_depth=6 workers_busy=3 level=DEBUG
2026-03-14 02:07:04.794 runner heartbeat queue_depth=4 workers_busy=2 level=DEBUG
2026-03-14 02:48:09.096 runner heartbeat queue_depth=5 workers_busy=1 level=DEBUG
2026-03-14 02:03:40.343 runner heartbeat queue_depth=6 workers_busy=1 level=DEBUG
2026-03-14 02:26:08.070 runner heartbeat queue_depth=4 workers_busy=0 level=DEBUG
2026-03-14 03:14:23.411 runner heartbeat queue_depth=4 workers_busy=2 level=DEBUG
2026-03-14 03:13:49.574 runner heartbeat queue_depth=2 workers_busy=1 level=DEBUG
2026-03-14 02:24:21.406 runner heartbeat queue_depth=7 workers_busy=1 level=DEBUG
2026-03-14 03:07:55.834 runner heartbeat queue_depth=8 workers_busy=0 level=DEBUG
2026-03-14 02:41:43.847 runner heartbeat queue_depth=5 workers_busy=0 level=DEBUG
2026-03-14 02:30:09.164 runner heartbeat queue_depth=7 workers_busy=3 level=DEBUG
2026-03-14 02:22:16.767 runner heartbeat queue_depth=0 workers_busy=2 level=DEBUG
2026-03-14 03:04:20.277 runner heartbeat queue_depth=2 workers_busy=1 level=DEBUG
2026-03-14 03:13:43.971 runner heartbeat queue_depth=0 workers_busy=3 level=DEBUG
2026-03-14 02:45:34.857 runner heartbeat queue_depth=8 workers_busy=2 level=DEBUG
2026-03-14 02:33:12.553 runner heartbeat queue_depth=4 workers_busy=1 level=DEBUG
2026-03-14 02:53:55.382 runner heartbeat queue_depth=2 workers_busy=3 level=DEBUG
2026-03-14 02:49:34.259 runner heartbeat queue_depth=1 workers_busy=2 level=DEBUG
2026-03-14 02:56:58.294 runner heartbeat queue_depth=5 workers_busy=3 level=DEBUG
2026-03-14 02:50:16.390 runner heartbeat queue_depth=5 workers_busy=1 level=DEBUG
2026-03-14 02:10:28.265 runner heartbeat queue_depth=3 workers_busy=2 level=DEBUG
2026-03-14 03:14:32.157 runner heartbeat queue_depth=3 workers_busy=1 level=DEBUG
2026-03-14 02:15:22.684 runner heartbeat queue_depth=4 workers_busy=1 level=DEBUG
2026-03-14 02:43:21.164 runner heartbeat queue_depth=7 workers_busy=0 level=DEBUG
2026-03-14 02:24:29.778 runner heartbeat queue_depth=6 workers_busy=1 level=DEBUG
2026-03-14 02:25:32.500 runner heartbeat queue_depth=0 workers_busy=2 level=DEBUG
2026-03-14 03:09:23.691 runner heartbeat queue_depth=7 workers_busy=0 level=DEBUG
2026-03-14 02:34:22.819 runner heartbeat queue_depth=2 workers_busy=2 level=DEBUG
2026-03-14 02:00:37.370 runner heartbeat queue_depth=3 workers_busy=3 level=DEBUG
2026-03-14 02:23:18.838 runner heartbeat queue_depth=1 workers_busy=3 level=DEBUG
2026-03-14 02:06:41.642 runner heartbeat queue_depth=2 workers_busy=1 level=DEBUG
2026-03-14 02:24:42.805 runner heartbeat queue_depth=4 workers_busy=3 level=DEBUG
2026-03-14 02:49:13.212 runner heartbeat queue_depth=7 workers_busy=0 level=DEBUG
2026-03-14 02:36:59.803 runner heartbeat queue_depth=8 workers_busy=0 level=DEBUG
2026-03-14 02:26:02.195 runner heartbeat queue_depth=2 workers_busy=3 level=DEBUG
2026-03-14 03:08:41.883 runner heartbeat queue_depth=8 workers_busy=1 level=DEBUG
2026-03-14 03:12:12.195 runner heartbeat queue_depth=1 workers_busy=2 level=DEBUG
2026-03-14 02:40:10.772 runner heartbeat queue_depth=0 workers_busy=0 level=DEBUG
2026-03-14 02:30:39.447 runner heartbeat queue_depth=8 workers_busy=3 level=DEBUG
2026-03-14 02:50:24.054 runner heartbeat queue_depth=5 workers_busy=1 level=DEBUG
2026-03-14 02:50:49.220 runner heartbeat queue_depth=2 workers_busy=0 level=DEBUG
2026-03-14 02:59:36.629 runner heartbeat queue_depth=4 workers_busy=1 level=DEBUG
2026-03-14 03:05:39.516 runner heartbeat queue_depth=5 workers_busy=0 level=DEBUG
2026-03-14 02:23:34.158 runner heartbeat queue_depth=1 workers_busy=0 level=DEBUG
2026-03-14 03:01:39.523 runner heartbeat queue_depth=6 workers_busy=0 level=DEBUG
2026-03-14 02:42:14.300 runner heartbeat queue_depth=6 workers_busy=0 level=DEBUG
2026-03-14 02:37:10.207 runner heartbeat queue_depth=0 workers_busy=2 level=DEBUG
2026-03-14 02:23:44.528 runner heartbeat queue_depth=7 workers_busy=3 level=DEBUG
2026-03-14 03:03:43.320 runner heartbeat queue_depth=3 workers_busy=1 level=DEBUG
2026-03-14 03:12:08.965 runner heartbeat queue_depth=6 workers_busy=1 level=DEBUG
2026-03-14 02:05:53.494 runner heartbeat queue_depth=8 workers_busy=1 level=DEBUG
2026-03-14 02:08:15.199 runner heartbeat queue_depth=6 workers_busy=3 level=DEBUG
2026-03-14 02:02:37.844 runner heartbeat queue_depth=6 workers_busy=0 level=DEBUG
2026-03-14 02:00:23.548 runner heartbeat queue_depth=7 workers_busy=0 level=DEBUG
2026-03-14 02:55:10.278 runner heartbeat queue_depth=6 workers_busy=3 level=DEBUG
2026-03-14 03:05:34.059 runner heartbeat queue_depth=4 workers_busy=2 level=DEBUG
2026-03-14 02:18:29.099 runner heartbeat queue_depth=2 workers_busy=2 level=DEBUG
2026-03-14 02:31:36.415 runner heartbeat queue_depth=3 workers_busy=0 level=DEBUG
2026-03-14 02:45:34.476 runner heartbeat queue_depth=6 workers_busy=3 level=DEBUG
2026-03-14 03:05:43.070 runner heartbeat queue_depth=3 workers_busy=2 level=DEBUG
2026-03-14 03:03:30.624 runner heartbeat queue_depth=2 workers_busy=1 level=DEBUG
2026-03-14 02:39:49.422 runner heartbeat queue_depth=5 workers_busy=3 level=DEBUG
2026-03-14 02:40:45.069 runner heartbeat queue_depth=0 workers_busy=3 level=DEBUG
2026-03-14 02:55:20.359 runner heartbeat queue_depth=7 workers_busy=2 level=DEBUG
2026-03-14 02:32:42.990 runner heartbeat queue_depth=0 workers_busy=2 level=DEBUG
2026-03-14 02:48:39.835 runner heartbeat queue_depth=2 workers_busy=1 level=DEBUG
2026-03-14 02:16:07.774 runner heartbeat queue_depth=5 workers_busy=1 level=DEBUG
2026-03-14 02:39:00.253 runner heartbeat queue_depth=8 workers_busy=0 level=DEBUG
2026-03-14 02:11:46.567 runner heartbeat queue_depth=5 workers_busy=1 level=DEBUG
2026-03-14 02:50:40.010 runner heartbeat queue_depth=3 workers_busy=3 level=DEBUG
2026-03-14 03:13:47.469 runner heartbeat queue_depth=6 workers_busy=1 level=DEBUG
2026-03-14 02:07:40.365 runner heartbeat queue_depth=7 workers_busy=3 level=DEBUG
2026-03-14 02:56:02.735 runner heartbeat queue_depth=0 workers_busy=2 level=DEBUG
2026-03-14 02:23:17.607 runner heartbeat queue_depth=2 workers_busy=0 level=DEBUG
2026-03-14 02:37:51.688 runner heartbeat queue_depth=8 workers_busy=3 level=DEBUG
2026-03-14 02:00:36.411 runner heartbeat queue_depth=4 workers_busy=0 level=DEBUG
2026-03-14 02:49:47.765 runner heartbeat queue_depth=0 workers_busy=2 level=DEBUG
2026-03-14 02:34:00.177 runner heartbeat queue_depth=6 workers_busy=1 level=DEBUG
2026-03-14 03:14:18.424 runner heartbeat queue_depth=2 workers_busy=1 level=DEBUG
2026-03-14 02:49:59.368 runner heartbeat queue_depth=1 workers_busy=2 level=DEBUG
2026-03-14 02:53:55.507 runner heartbeat queue_depth=2 workers_busy=2 level=DEBUG
2026-03-14 02:45:04.499 runner heartbeat queue_depth=3 workers_busy=0 level=DEBUG
2026-03-14 02:21:39.843 runner heartbeat queue_depth=6 workers_busy=2 level=DEBUG
2026-03-14 03:11:02.605 runner heartbeat queue_depth=0 workers_busy=2 level=DEBUG
2026-03-14 02:32:27.552 runner heartbeat queue_depth=2 workers_busy=3 level=DEBUG
2026-03-14 02:12:11.712 runner heartbeat queue_depth=0 workers_busy=1 level=DEBUG
2026-03-14 02:25:14.669 runner heartbeat queue_depth=1 workers_busy=0 level=DEBUG
2026-03-14 02:29:03.368 runner heartbeat queue_depth=8 workers_busy=0 level=DEBUG
2026-03-14 02:03:03.789 runner heartbeat queue_depth=2 workers_busy=3 level=DEBUG
2026-03-14 02:31:16.671 runner heartbeat queue_depth=6 workers_busy=0 level=DEBUG
2026-03-14 02:13:01.832 runner heartbeat queue_depth=3 workers_busy=0 level=DEBUG
2026-03-14 03:11:50.428 runner heartbeat queue_depth=5 workers_busy=3 level=DEBUG
2026-03-14 02:25:03.208 runner heartbeat queue_depth=6 workers_busy=0 level=DEBUG
2026-03-14 02:39:05.457 runner heartbeat queue_depth=3 workers_busy=0 level=DEBUG
2026-03-14 02:11:38.745 runner heartbeat queue_depth=4 workers_busy=3 level=DEBUG
2026-03-14 02:50:36.583 runner heartbeat queue_depth=6 workers_busy=3 level=DEBUG
2026-03-14 02:06:03.852 runner heartbeat queue_depth=0 workers_busy=0 level=DEBUG
2026-03-14 02:30:40.206 runner heartbeat queue_depth=5 workers_busy=2 level=DEBUG
2026-03-14 03:09:20.073 runner heartbeat queue_depth=2 workers_busy=3 level=DEBUG
2026-03-14 02:34:19.819 runner heartbeat queue_depth=0 workers_busy=3 level=DEBUG
2026-03-14 02:31:40.190 runner heartbeat queue_depth=5 workers_busy=0 level=DEBUG
2026-03-14 02:29:59.034 runner heartbeat queue_depth=3 workers_busy=3 level=DEBUG
2026-03-14 02:56:11.408 runner heartbeat queue_depth=8 workers_busy=3 level=DEBUG
2026-03-14 02:46:13.512 runner heartbeat queue_depth=8 workers_busy=0 level=DEBUG
2026-03-14 02:56:29.447 runner heartbeat queue_depth=5 workers_busy=0 level=DEBUG
2026-03-14 02:59:24.567 runner heartbeat queue_depth=0 workers_busy=0 level=DEBUG
2026-03-14 02:11:12.903 runner heartbeat queue_depth=5 workers_busy=0 level=DEBUG
2026-03-14 02:59:42.044 runner heartbeat queue_depth=5 workers_busy=1 level=DEBUG
2026-03-14 02:52:38.280 runner heartbeat queue_depth=4 workers_busy=0 level=DEBUG
2026-03-14 02:02:34.347 runner heartbeat queue_depth=5 workers_busy=0 level=DEBUG
2026-03-14 03:04:10.968 runner heartbeat queue_depth=0 workers_busy=2 level=DEBUG
2026-03-14 02:01:38.316 runner heartbeat queue_depth=1 workers_busy=1 level=DEBUG
2026-03-14 02:35:57.250 runner heartbeat queue_depth=8 workers_busy=1 level=DEBUG
2026-03-14 02:04:56.615 runner heartbeat queue_depth=2 workers_busy=1 level=DEBUG
2026-03-14 02:43:10.420 runner heartbeat queue_depth=3 workers_busy=3 level=DEBUG
2026-03-14 02:06:46.077 runner heartbeat queue_depth=6 workers_busy=3 level=DEBUG
2026-03-14 03:04:42.150 runner heartbeat queue_depth=6 workers_busy=1 level=DEBUG
2026-03-14 02:26:16.500 runner heartbeat queue_depth=4 workers_busy=3 level=DEBUG
2026-03-14 02:44:55.387 runner heartbeat queue_depth=5 workers_busy=1 level=DEBUG
2026-03-14 02:49:15.950 runner heartbeat queue_depth=4 workers_busy=0 level=DEBUG
2026-03-14 02:13:44.548 runner heartbeat queue_depth=8 workers_busy=2 level=DEBUG
2026-03-14 02:32:24.103 runner heartbeat queue_depth=7 workers_busy=3 level=DEBUG
2026-03-14 02:44:39.953 runner heartbeat queue_depth=5 workers_busy=1 level=DEBUG
2026-03-14 03:08:17.400 runner heartbeat queue_depth=8 workers_busy=0 level=DEBUG
2026-03-14 02:38:14.917 runner heartbeat queue_depth=7 workers_busy=0 level=DEBUG
2026-03-14 02:15:30.243 runner heartbeat queue_depth=3 workers_busy=2 level=DEBUG
2026-03-14 03:01:09.267 runner heartbeat queue_depth=1 workers_busy=3 level=DEBUG
2026-03-14 02:14:40.138 runner heartbeat queue_depth=7 workers_busy=1 level=DEBUG
2026-03-14 02:24:55.112 runner heartbeat queue_depth=1 workers_busy=0 level=DEBUG
2026-03-14 03:06:13.282 runner heartbeat queue_depth=5 workers_busy=3 level=DEBUG
2026-03-14 02:39:29.196 runner heartbeat queue_depth=2 workers_busy=2 level=DEBUG
2026-03-14 03:14:56.601 runner heartbeat queue_depth=5 workers_busy=1 level=DEBUG
2026-03-14 03:03:25.700 runner heartbeat queue_depth=7 workers_busy=3 level=DEBUG
2026-03-14 02:14:50.120 runner heartbeat queue_depth=5 workers_busy=0 level=DEBUG
2026-03-14 02:23:10.840 runner heartbeat queue_depth=7 workers_busy=1 level=DEBUG
2026-03-14 02:52:41.949 runner heartbeat queue_depth=8 workers_busy=0 level=DEBUG
2026-03-14 02:47:32.273 runner heartbeat queue_depth=1 workers_busy=1 level=DEBUG
2026-03-14 02:42:02.771 runner heartbeat queue_depth=0 workers_busy=0 level=DEBUG
2026-03-14 02:49:47.517 runner heartbeat queue_depth=6 workers_busy=0 level=DEBUG
2026-03-14 02:29:11.421 runner heartbeat queue_depth=4 workers_busy=0 level=DEBUG
2026-03-14 02:42:41.224 runner heartbeat queue_depth=1 workers_busy=1 level=DEBUG
2026-03-14 03:05:57.161 runner heartbeat queue_depth=1 workers_busy=1 level=DEBUG
2026-03-14 02:23:09.806 runner heartbeat queue_depth=0 workers_busy=0 level=DEBUG
2026-03-14 02:15:30.599 runner heartbeat queue_depth=4 workers_busy=3 level=DEBUG
2026-03-14 02:10:07.939 runner heartbeat queue_depth=0 workers_busy=2 level=DEBUG
2026-03-14 03:11:46.277 runner heartbeat queue_depth=2 workers_busy=0 level=DEBUG
2026-03-14 03:06:38.405 runner heartbeat queue_depth=8 workers_busy=1 level=DEBUG
2026-03-14 02:42:55.989 runner heartbeat queue_depth=4 workers_busy=0 level=DEBUG
2026-03-14 02:55:14.881 runner heartbeat queue_depth=4 workers_busy=0 level=DEBUG
2026-03-14 02:25:49.653 runner heartbeat queue_depth=8 workers_busy=2 level=DEBUG
2026-03-14 02:47:20.234 runner heartbeat queue_depth=4 workers_busy=3 level=DEBUG
2026-03-14 03:10:06.320 runner heartbeat queue_depth=5 workers_busy=3 level=DEBUG
2026-03-14 02:00:50.204 runner heartbeat queue_depth=5 workers_busy=2 level=DEBUG
2026-03-14 02:36:07.113 runner heartbeat queue_depth=3 workers_busy=0 level=DEBUG
2026-03-14 03:00:24.464 runner heartbeat queue_depth=8 workers_busy=2 level=DEBUG
2026-03-14 02:23:39.340 runner heartbeat queue_depth=7 workers_busy=2 level=DEBUG
2026-03-14 02:36:07.774 runner heartbeat queue_depth=1 workers_busy=1 level=DEBUG
2026-03-14 02:10:53.711 runner heartbeat queue_depth=4 workers_busy=0 level=DEBUG
2026-03-14 02:34:56.805 runner heartbeat queue_depth=7 workers_busy=3 level=DEBUG
2026-03-14 02:47:44.543 runner heartbeat queue_depth=2 workers_busy=1 level=DEBUG
2026-03-14 02:16:45.401 runner heartbeat queue_depth=0 workers_busy=1 level=DEBUG
2026-03-14 02:13:30.024 runner heartbeat queue_depth=7 workers_busy=0 level=DEBUG
2026-03-14 02:07:04.791 runner heartbeat queue_depth=2 workers_busy=2 level=DEBUG
2026-03-14 02:49:40.018 runner heartbeat queue_depth=7 workers_busy=3 level=DEBUG
2026-03-14 02:16:52.535 runner heartbeat queue_depth=4 workers_busy=0 level=DEBUG
2026-03-14 02:17:26.578 runner heartbeat queue_depth=7 workers_busy=1 level=DEBUG
2026-03-14 02:07:45.243 runner heartbeat queue_depth=0 workers_busy=3 level=DEBUG
2026-03-14 03:02:30.328 runner heartbeat queue_depth=4 workers_busy=3 level=DEBUG
2026-03-14 02:48:27.871 runner heartbeat queue_depth=8 workers_busy=1 level=DEBUG
2026-03-14 02:11:26.793 runner heartbeat queue_depth=1 workers_busy=2 level=DEBUG
2026-03-14 02:42:28.667 runner heartbeat queue_depth=7 workers_busy=0 level=DEBUG
2026-03-14 02:58:22.391 runner heartbeat queue_depth=7 workers_busy=1 level=DEBUG
2026-03-14 02:27:15.478 runner heartbeat queue_depth=4 workers_busy=2 level=DEBUG
2026-03-14 02:52:12.923 runner heartbeat queue_depth=6 workers_busy=0 level=DEBUG
2026-03-14 02:25:13.492 runner heartbeat queue_depth=8 workers_busy=1 level=DEBUG
2026-03-14 02:11:10.920 runner heartbeat queue_depth=4 workers_busy=1 level=DEBUG
2026-03-14 03:13:09.709 runner heartbeat queue_depth=2 workers_busy=2 level=DEBUG
2026-03-14 02:57:29.088 runner heartbeat queue_depth=0 workers_busy=0 level=DEBUG
2026-03-14 02:00:20.228 runner heartbeat queue_depth=8 workers_busy=3 level=DEBUG
2026-03-14 02:59:14.489 runner heartbeat queue_depth=8 workers_busy=3 level=DEBUG
2026-03-14 02:23:21.214 runner heartbeat queue_depth=0 workers_busy=0 level=DEBUG
2026-03-14 02:22:26.603 runner heartbeat queue_depth=7 workers_busy=3 level=DEBUG
2026-03-14 02:39:30.570 runner heartbeat queue_depth=8 workers_busy=1 level=DEBUG
2026-03-14 02:49:38.639 runner heartbeat queue_depth=4 workers_busy=3 level=DEBUG
2026-03-14 02:01:52.130 runner heartbeat queue_depth=7 workers_busy=1 level=DEBUG
2026-03-14 02:21:33.480 runner heartbeat queue_depth=3 workers_busy=1 level=DEBUG
2026-03-14 02:22:30.392 runner heartbeat queue_depth=0 workers_busy=3 level=DEBUG
2026-03-14 02:43:26.918 runner heartbeat queue_depth=3 workers_busy=1 level=DEBUG
2026-03-14 02:50:16.087 runner heartbeat queue_depth=4 workers_busy=3 level=DEBUG
2026-03-14 02:14:14.562 runner heartbeat queue_depth=3 workers_busy=2 level=DEBUG
2026-03-14 02:50:48.889 runner heartbeat queue_depth=8 workers_busy=3 level=DEBUG
2026-03-14 02:54:39.747 runner heartbeat queue_depth=5 workers_busy=0 level=DEBUG
2026-03-14 02:30:09.652 runner heartbeat queue_depth=7 workers_busy=0 level=DEBUG
2026-03-14 03:11:10.580 runner heartbeat queue_depth=8 workers_busy=2 level=DEBUG
2026-03-14 02:25:47.061 runner heartbeat queue_depth=2 workers_busy=3 level=DEBUG
2026-03-14 02:33:41.840 runner heartbeat queue_depth=5 workers_busy=2 level=DEBUG
2026-03-14 02:42:42.108 runner heartbeat queue_depth=8 workers_busy=1 level=DEBUG
2026-03-14 02:45:44.454 runner heartbeat queue_depth=3 workers_busy=0 level=DEBUG
2026-03-14 02:26:39.098 runner heartbeat queue_depth=3 workers_busy=0 level=DEBUG
2026-03-14 02:03:35.775 runner heartbeat queue_depth=0 workers_busy=2 level=DEBUG
2026-03-14 02:13:20.899 runner heartbeat queue_depth=2 workers_busy=3 level=DEBUG
2026-03-14 02:13:57.400 runner heartbeat queue_depth=3 workers_busy=0 level=DEBUG
2026-03-14 02:08:36.115 runner heartbeat queue_depth=8 workers_busy=2 level=DEBUG
2026-03-14 02:23:59.635 runner heartbeat queue_depth=5 workers_busy=1 level=DEBUG
2026-03-14 02:28:23.018 runner heartbeat queue_depth=6 workers_busy=2 level=DEBUG
2026-03-14 02:20:57.086 runner heartbeat queue_depth=3 workers_busy=0 level=DEBUG
2026-03-14 02:10:30.818 runner heartbeat queue_depth=4 workers_busy=0 level=DEBUG
2026-03-14 02:12:42.436 runner heartbeat queue_depth=6 workers_busy=1 level=DEBUG
2026-03-14 02:58:18.972 runner heartbeat queue_depth=4 workers_busy=1 level=DEBUG
2026-03-14 03:00:50.640 runner heartbeat queue_depth=8 workers_busy=0 level=DEBUG
2026-03-14 02:54:55.371 runner heartbeat queue_depth=5 workers_busy=1 level=DEBUG
2026-03-14 02:43:59.992 runner heartbeat queue_depth=3 workers_busy=2 level=DEBUG
2026-03-14 02:01:15.903 runner heartbeat queue_depth=1 workers_busy=0 level=DEBUG
2026-03-14 02:27:05.591 runner heartbeat queue_depth=2 workers_busy=0 level=DEBUG
2026-03-14 02:42:53.512 runner heartbeat queue_depth=2 workers_busy=1 level=DEBUG
2026-03-14 02:18:48.505 runner heartbeat queue_depth=5 workers_busy=1 level=DEBUG
2026-03-14 03:05:24.046 runner heartbeat queue_depth=6 workers_busy=3 level=DEBUG
2026-03-14 03:10:01.726 runner heartbeat queue_depth=3 workers_busy=2 level=DEBUG
2026-03-14 02:46:47.527 runner heartbeat queue_depth=2 workers_busy=1 level=DEBUG
2026-03-14 02:45:02.466 runner heartbeat queue_depth=3 workers_busy=0 level=DEBUG
2026-03-14 02:08:26.268 runner heartbeat queue_depth=3 workers_busy=3 level=DEBUG
2026-03-14 02:18:07.952 runner heartbeat queue_depth=3 workers_busy=3 level=DEBUG
2026-03-14 02:48:58.203 runner heartbeat queue_depth=5 workers_busy=1 level=DEBUG
2026-03-14 03:06:47.660 runner heartbeat queue_depth=7 workers_busy=2 level=DEBUG
2026-03-14 02:50:08.622 runner heartbeat queue_depth=8 workers_busy=2 level=DEBUG
2026-03-14 03:00:34.090 runner heartbeat queue_depth=0 workers_busy=0 level=DEBUG
2026-03-14 02:41:21.894 runner heartbeat queue_depth=2 workers_busy=2 level=DEBUG
2026-03-14 02:18:52.694 runner heartbeat queue_depth=6 workers_busy=3 level=DEBUG
2026-03-14 02:40:43.913 runner heartbeat queue_depth=8 workers_busy=0 level=DEBUG
2026-03-14 02:11:21.839 runner heartbeat queue_depth=1 workers_busy=2 level=DEBUG
2026-03-14 03:09:32.621 runner heartbeat queue_depth=0 workers_busy=1 level=DEBUG
2026-03-14 02:42:30.292 runner heartbeat queue_depth=8 workers_busy=1 level=DEBUG
2026-03-14 02:36:33.222 runner heartbeat queue_depth=3 workers_busy=3 level=DEBUG
2026-03-14 02:37:34.957 runner heartbeat queue_depth=2 workers_busy=1 level=DEBUG
2026-03-14 02:40:51.011 runner heartbeat queue_depth=1 workers_busy=3 level=DEBUG
2026-03-14 03:03:01.102 runner heartbeat queue_depth=2 workers_busy=0 level=DEBUG
2026-03-14 02:59:52.488 runner heartbeat queue_depth=0 workers_busy=2 level=DEBUG
2026-03-14 02:40:39.746 runner heartbeat queue_depth=5 workers_busy=1 level=DEBUG
2026-03-14 02:33:33.870 runner heartbeat queue_depth=8 workers_busy=2 level=DEBUG
2026-03-14 02:52:22.024 runner heartbeat queue_depth=6 workers_busy=2 level=DEBUG
2026-03-14 02:51:18.562 runner heartbeat queue_depth=3 workers_busy=2 level=DEBUG
2026-03-14 02:42:08.804 runner heartbeat queue_depth=2 workers_busy=0 level=DEBUG
2026-03-14 02:18:38.802 runner heartbeat queue_depth=6 workers_busy=1 level=DEBUG
2026-03-14 02:57:06.801 runner heartbeat queue_depth=8 workers_busy=2 level=DEBUG
2026-03-14 02:03:22.015 runner heartbeat queue_depth=3 workers_busy=0 level=DEBUG
2026-03-14 02:52:16.946 runner heartbeat queue_depth=2 workers_busy=3 level=DEBUG
2026-03-14 02:13:15.319 runner heartbeat queue_depth=5 workers_busy=3 level=DEBUG
2026-03-14 02:38:47.972 runner heartbeat queue_depth=8 workers_busy=1 level=DEBUG
2026-03-14 03:09:05.344 runner heartbeat queue_depth=7 workers_busy=3 level=DEBUG
2026-03-14 02:17:54.471 runner heartbeat queue_depth=5 workers_busy=3 level=DEBUG
2026-03-14 02:58:48.808 runner heartbeat queue_depth=1 workers_busy=1 level=DEBUG
2026-03-14 03:09:06.984 runner heartbeat queue_depth=8 workers_busy=1 level=DEBUG
2026-03-14 02:58:17.256 runner heartbeat queue_depth=8 workers_busy=0 level=DEBUG
2026-03-14 03:05:28.396 runner heartbeat queue_depth=8 workers_busy=1 level=DEBUG
2026-03-14 03:11:52.717 runner heartbeat queue_depth=4 workers_busy=1 level=DEBUG
2026-03-14 02:53:09.683 runner heartbeat queue_depth=7 workers_busy=0 level=DEBUG
2026-03-14 02:31:18.381 runner heartbeat queue_depth=6 workers_busy=1 level=DEBUG
2026-03-14 02:43:53.442 runner heartbeat queue_depth=4 workers_busy=3 level=DEBUG
2026-03-14 02:58:02.809 runner heartbeat queue_depth=8 workers_busy=3 level=DEBUG
2026-03-14 02:31:36.817 runner heartbeat queue_depth=2 workers_busy=2 level=DEBUG
2026-03-14 02:15:31.370 runner heartbeat queue_depth=8 workers_busy=1 level=DEBUG
2026-03-14 03:02:29.647 runner heartbeat queue_depth=0 workers_busy=3 level=DEBUG
2026-03-14 03:10:47.799 runner heartbeat queue_depth=5 workers_busy=2 level=DEBUG
2026-03-14 02:26:37.446 runner heartbeat queue_depth=3 workers_busy=1 level=DEBUG
2026-03-14 02:39:29.681 runner heartbeat queue_depth=2 workers_busy=0 level=DEBUG
2026-03-14 02:12:32.180 runner heartbeat queue_depth=6 workers_busy=1 level=DEBUG
2026-03-14 02:27:30.524 runner heartbeat queue_depth=2 workers_busy=2 level=DEBUG
2026-03-14 02:10:04.300 runner heartbeat queue_depth=1 workers_busy=1 level=DEBUG
2026-03-14 02:18:11.539 runner heartbeat queue_depth=4 workers_busy=2 level=DEBUG
2026-03-14 02:46:42.894 runner heartbeat queue_depth=7 workers_busy=3 level=DEBUG
2026-03-14 02:09:32.229 runner heartbeat queue_depth=6 workers_busy=1 level=DEBUG
2026-03-14 02:23:59.077 runner heartbeat queue_depth=2 workers_busy=2 level=DEBUG
2026-03-14 02:46:53.258 runner heartbeat queue_depth=6 workers_busy=0 level=DEBUG
2026-03-14 02:07:32.068 runner heartbeat queue_depth=3 workers_busy=1 level=DEBUG
2026-03-14 02:56:16.446 runner heartbeat queue_depth=8 workers_busy=2 level=DEBUG
2026-03-14 02:36:38.026 runner heartbeat queue_depth=5 workers_busy=0 level=DEBUG
2026-03-14 02:36:11.957 runner heartbeat queue_depth=0 workers_busy=3 level=DEBUG
2026-03-14 03:12:23.574 runner heartbeat queue_depth=3 workers_busy=3 level=DEBUG
2026-03-14 02:52:23.793 runner heartbeat queue_depth=2 workers_busy=3 level=DEBUG
2026-03-14 03:00:10.728 runner heartbeat queue_depth=1 workers_busy=2 level=DEBUG
2026-03-14 02:08:20.196 runner heartbeat queue_depth=0 workers_busy=1 level=DEBUG
2026-03-14 02:35:01.552 runner heartbeat queue_depth=6 workers_busy=3 level=DEBUG
2026-03-14 02:53:50.663 runner heartbeat queue_depth=5 workers_busy=2 level=DEBUG
2026-03-14 02:41:00.942 runner heartbeat queue_depth=8 workers_busy=1 level=DEBUG
2026-03-14 02:34:25.680 runner heartbeat queue_depth=6 workers_busy=3 level=DEBUG
2026-03-14 02:47:35.354 runner heartbeat queue_depth=0 workers_busy=1 level=DEBUG
2026-03-14 02:13:37.079 runner heartbeat queue_depth=6 workers_busy=0 level=DEBUG
2026-03-14 03:07:04.700 runner heartbeat queue_depth=0 workers_busy=3 level=DEBUG
2026-03-14 02:05:58.255 runner heartbeat queue_depth=7 workers_busy=0 level=DEBUG
2026-03-14 02:16:20.014 runner heartbeat queue_depth=5 workers_busy=2 level=DEBUG
2026-03-14 02:38:19.872 runner heartbeat queue_depth=0 workers_busy=3 level=DEBUG
2026-03-14 03:02:37.179 runner heartbeat queue_depth=2 workers_busy=1 level=DEBUG
2026-03-14 02:20:35.198 runner heartbeat queue_depth=8 workers_busy=0 level=DEBUG
2026-03-14 02:42:07.103 runner heartbeat queue_depth=4 workers_busy=3 level=DEBUG
2026-03-14 02:03:50.505 runner heartbeat queue_depth=4 workers_busy=1 level=DEBUG
2026-03-14 02:22:22.600 runner heartbeat queue_depth=6 workers_busy=0 level=DEBUG
2026-03-14 03:07:18.182 runner heartbeat queue_depth=2 workers_busy=0 level=DEBUG
2026-03-14 02:36:23.313 runner heartbeat queue_depth=8 workers_busy=1 level=DEBUG
2026-03-14 02:39:58.039 runner heartbeat queue_depth=4 workers_busy=3 level=DEBUG
2026-03-14 02:48:45.524 runner heartbeat queue_depth=8 workers_busy=3 level=DEBUG
2026-03-14 02:31:12.387 runner heartbeat queue_depth=4 workers_busy=0 level=DEBUG
2026-03-14 02:32:51.462 runner heartbeat queue_depth=1 workers_busy=3 level=DEBUG
2026-03-14 02:15:02.258 runner heartbeat queue_depth=0 workers_busy=0 level=DEBUG
2026-03-14 02:04:18.063 runner heartbeat queue_depth=0 workers_busy=2 level=DEBUG
2026-03-14 02:28:35.599 runner heartbeat queue_depth=4 workers_busy=0 level=DEBUG
2026-03-14 02:12:45.319 runner heartbeat queue_depth=3 workers_busy=3 level=DEBUG
2026-03-14 03:02:07.714 runner heartbeat queue_depth=7 workers_busy=3 level=DEBUG
2026-03-14 02:55:10.791 runner heartbeat queue_depth=4 workers_busy=3 level=DEBUG
2026-03-14 02:49:48.520 runner heartbeat queue_depth=5 workers_busy=0 level=DEBUG
2026-03-14 02:53:55.537 runner heartbeat queue_depth=7 workers_busy=1 level=DEBUG
2026-03-14 02:51:27.209 runner heartbeat queue_depth=4 workers_busy=2 level=DEBUG
2026-03-14 02:52:15.515 runner heartbeat queue_depth=7 workers_busy=3 level=DEBUG
2026-03-14 02:34:21.751 runner heartbeat queue_depth=5 workers_busy=3 level=DEBUG
2026-03-14 02:24:58.543 runner heartbeat queue_depth=8 workers_busy=0 level=DEBUG
2026-03-14 02:47:25.683 runner heartbeat queue_depth=7 workers_busy=2 level=DEBUG
2026-03-14 02:53:27.441 runner heartbeat queue_depth=0 workers_busy=0 level=DEBUG
2026-03-14 02:19:42.336 runner heartbeat queue_depth=3 workers_busy=2 level=DEBUG
2026-03-14 02:56:56.772 runner heartbeat queue_depth=0 workers_busy=3 level=DEBUG
2026-03-14 02:03:40.034 runner heartbeat queue_depth=8 workers_busy=0 level=DEBUG
2026-03-14 02:14:49.053 runner heartbeat queue_depth=5 workers_busy=1 level=DEBUG
2026-03-14 02:23:12.794 runner heartbeat queue_depth=8 workers_busy=2 level=DEBUG
2026-03-14 02:18:31.288 runner heartbeat queue_depth=0 workers_busy=1 level=DEBUG
2026-03-14 02:16:06.406 runner heartbeat queue_depth=3 workers_busy=0 level=DEBUG
2026-03-14 02:05:48.045 runner heartbeat queue_depth=5 workers_busy=2 level=DEBUG
2026-03-14 02:22:30.656 runner heartbeat queue_depth=1 workers_busy=1 level=DEBUG
2026-03-14 03:10:33.625 runner heartbeat queue_depth=2 workers_busy=3 level=DEBUG
2026-03-14 02:52:34.607 runner heartbeat queue_depth=3 workers_busy=1 level=DEBUG
2026-03-14 02:08:56.669 runner heartbeat queue_depth=7 workers_busy=3 level=DEBUG
2026-03-14 03:11:04.783 runner heartbeat queue_depth=8 workers_busy=3 level=DEBUG
2026-03-14 02:13:46.109 runner heartbeat queue_depth=3 workers_busy=1 level=DEBUG
2026-03-14 02:31:19.630 runner heartbeat queue_depth=2 workers_busy=1 level=DEBUG
2026-03-14 02:07:12.633 runner heartbeat queue_depth=4 workers_busy=3 level=DEBUG
2026-03-14 02:08:34.757 runner heartbeat queue_depth=0 workers_busy=3 level=DEBUG
2026-03-14 02:24:36.290 runner heartbeat queue_depth=3 workers_busy=0 level=DEBUG
2026-03-14 02:06:47.684 runner heartbeat queue_depth=2 workers_busy=0 level=DEBUG
2026-03-14 02:14:16.049 runner heartbeat queue_depth=2 workers_busy=0 level=DEBUG
2026-03-14 02:50:21.580 runner heartbeat queue_depth=0 workers_busy=3 level=DEBUG
2026-03-14 02:16:28.681 runner heartbeat queue_depth=3 workers_busy=3 level=DEBUG
2026-03-14 02:03:57.742 runner heartbeat queue_depth=4 workers_busy=2 level=DEBUG
2026-03-14 02:34:31.423 runner heartbeat queue_depth=3 workers_busy=2 level=DEBUG
2026-03-14 02:19:54.897 runner heartbeat queue_depth=7 workers_busy=2 level=DEBUG
2026-03-14 02:16:38.728 runner heartbeat queue_depth=5 workers_busy=0 level=DEBUG
2026-03-14 02:01:15.210 runner heartbeat queue_depth=7 workers_busy=2 level=DEBUG
2026-03-14 02:08:00.706 runner heartbeat queue_depth=3 workers_busy=2 level=DEBUG
2026-03-14 02:56:37.502 runner heartbeat queue_depth=2 workers_busy=0 level=DEBUG
2026-03-14 02:42:36.111 runner heartbeat queue_depth=2 workers_busy=1 level=DEBUG
2026-03-14 03:09:26.320 runner heartbeat queue_depth=8 workers_busy=3 level=DEBUG
2026-03-14 03:03:00.685 runner heartbeat queue_depth=2 workers_busy=1 level=DEBUG
2026-03-14 02:45:18.107 runner heartbeat queue_depth=4 workers_busy=0 level=DEBUG
2026-03-14 02:35:30.496 runner heartbeat queue_depth=3 workers_busy=3 level=DEBUG
2026-03-14 02:23:14.770 runner heartbeat queue_depth=4 workers_busy=0 level=DEBUG
2026-03-14 02:14:04.110 runner heartbeat queue_depth=3 workers_busy=0 level=DEBUG
2026-03-14 02:16:17.878 runner heartbeat queue_depth=1 workers_busy=2 level=DEBUG
2026-03-14 02:42:59.351 runner heartbeat queue_depth=1 workers_busy=1 level=DEBUG
2026-03-14 02:50:56.801 runner heartbeat queue_depth=4 workers_busy=0 level=DEBUG
2026-03-14 02:56:38.115 runner heartbeat queue_depth=8 workers_busy=3 level=DEBUG
2026-03-14 03:13:54.502 runner heartbeat queue_depth=6 workers_busy=3 level=DEBUG
2026-03-14 03:01:00.797 runner heartbeat queue_depth=8 workers_busy=1 level=DEBUG
2026-03-14 02:06:08.443 runner heartbeat queue_depth=8 workers_busy=0 level=DEBUG
2026-03-14 02:18:54.720 runner heartbeat queue_depth=8 workers_busy=0 level=DEBUG
2026-03-14 02:43:47.077 runner heartbeat queue_depth=1 workers_busy=3 level=DEBUG
2026-03-14 02:20:47.612 runner heartbeat queue_depth=3 workers_busy=0 level=DEBUG
2026-03-14 02:43:10.673 runner heartbeat queue_depth=4 workers_busy=2 level=DEBUG
2026-03-14 02:32:14.614 runner heartbeat queue_depth=6 workers_busy=2 level=DEBUG
2026-03-14 02:15:42.170 runner heartbeat queue_depth=5 workers_busy=3 level=DEBUG
2026-03-14 02:22:48.805 runner heartbeat queue_depth=0 workers_busy=1 level=DEBUG
2026-03-14 02:50:21.726 runner heartbeat queue_depth=5 workers_busy=0 level=DEBUG
2026-03-14 02:30:37.464 runner heartbeat queue_depth=6 workers_busy=0 level=DEBUG
2026-03-14 03:11:07.720 runner heartbeat queue_depth=3 workers_busy=0 level=DEBUG
2026-03-14 02:39:40.971 runner heartbeat queue_depth=8 workers_busy=0 level=DEBUG
2026-03-14 02:12:02.031 runner heartbeat queue_depth=0 workers_busy=0 level=DEBUG
2026-03-14 03:07:59.870 runner heartbeat queue_depth=4 workers_busy=0 level=DEBUG
2026-03-14 03:02:21.945 runner heartbeat queue_depth=6 workers_busy=1 level=DEBUG
2026-03-14 02:01:57.573 runner heartbeat queue_depth=2 workers_busy=1 level=DEBUG
2026-03-14 02:38:50.977 runner heartbeat queue_depth=5 workers_busy=3 level=DEBUG
2026-03-14 03:07:52.763 runner heartbeat queue_depth=7 workers_busy=3 level=DEBUG
2026-03-14 02:55:28.224 runner heartbeat queue_depth=2 workers_busy=3 level=DEBUG
2026-03-14 03:13:34.493 runner heartbeat queue_depth=8 workers_busy=2 level=DEBUG
2026-03-14 02:46:02.471 runner heartbeat queue_depth=6 workers_busy=1 level=DEBUG
2026-03-14 02:50:29.639 runner heartbeat queue_depth=6 workers_busy=3 level=DEBUG
2026-03-14 02:43:08.655 runner heartbeat queue_depth=0 workers_busy=3 level=DEBUG
2026-03-14 02:11:49.182 runner heartbeat queue_depth=4 workers_busy=3 level=DEBUG
2026-03-14 02:03:15.678 runner heartbeat queue_depth=2 workers_busy=2 level=DEBUG
2026-03-14 03:13:33.749 runner heartbeat queue_depth=1 workers_busy=2 level=DEBUG
2026-03-14 03:13:42.681 runner heartbeat queue_depth=2 workers_busy=1 level=DEBUG
2026-03-14 02:47:21.441 runner heartbeat queue_depth=1 workers_busy=1 level=DEBUG
2026-03-14 02:13:03.311 runner heartbeat queue_depth=0 workers_busy=0 level=DEBUG
2026-03-14 03:05:03.821 runner heartbeat queue_depth=8 workers_busy=0 level=DEBUG
2026-03-14 02:02:39.977 runner heartbeat queue_depth=6 workers_busy=2 level=DEBUG
2026-03-14 02:47:07.287 runner heartbeat queue_depth=7 workers_busy=3 level=DEBUG
2026-03-14 02:30:24.280 runner heartbeat queue_depth=7 workers_busy=3 level=DEBUG
2026-03-14 02:00:20.538 runner heartbeat queue_depth=3 workers_busy=2 level=DEBUG
2026-03-14 02:19:07.243 runner heartbeat queue_depth=1 workers_busy=0 level=DEBUG
2026-03-14 02:17:18.885 runner heartbeat queue_depth=0 workers_busy=0 level=DEBUG
2026-03-14 02:08:33.180 runner heartbeat queue_depth=7 workers_busy=0 level=DEBUG
2026-03-14 02:02:45.466 runner heartbeat queue_depth=5 workers_busy=2 level=DEBUG
2026-03-14 02:29:19.513 runner heartbeat queue_depth=5 workers_busy=3 level=DEBUG
2026-03-14 02:36:55.859 runner heartbeat queue_depth=4 workers_busy=1 level=DEBUG
2026-03-14 03:06:03.915 runner heartbeat queue_depth=8 workers_busy=1 level=DEBUG
2026-03-14 02:01:51.005 runner heartbeat queue_depth=6 workers_busy=2 level=DEBUG
2026-03-14 02:44:01.699 runner heartbeat queue_depth=4 workers_busy=3 level=DEBUG
2026-03-14 02:36:48.612 runner heartbeat queue_depth=4 workers_busy=1 level=DEBUG
2026-03-14 02:53:42.696 runner heartbeat queue_depth=0 workers_busy=2 level=DEBUG
2026-03-14 02:59:55.386 runner heartbeat queue_depth=0 workers_busy=2 level=DEBUG
2026-03-14 02:31:12.404 runner heartbeat queue_depth=0 workers_busy=3 level=DEBUG
2026-03-14 03:13:37.817 runner heartbeat queue_depth=1 workers_busy=2 level=DEBUG
2026-03-14 02:07:14.873 runner heartbeat queue_depth=3 workers_busy=0 level=DEBUG
2026-03-14 02:42:28.483 runner heartbeat queue_depth=7 workers_busy=3 level=DEBUG
2026-03-14 03:00:50.614 runner heartbeat queue_depth=1 workers_busy=3 level=DEBUG
2026-03-14 02:36:10.086 runner heartbeat queue_depth=1 workers_busy=0 level=DEBUG
2026-03-14 02:24:42.089 runner heartbeat queue_depth=7 workers_busy=0 level=DEBUG
2026-03-14 02:03:40.513 runner heartbeat queue_depth=5 workers_busy=1 level=DEBUG
2026-03-14 02:01:38.554 runner heartbeat queue_depth=5 workers_busy=1 level=DEBUG
2026-03-14 02:56:11.860 runner heartbeat queue_depth=8 workers_busy=2 level=DEBUG
2026-03-14 02:15:36.210 runner heartbeat queue_depth=3 workers_busy=2 level=DEBUG
2026-03-14 02:24:52.506 runner heartbeat queue_depth=7 workers_busy=2 level=DEBUG
2026-03-14 02:43:26.698 runner heartbeat queue_depth=7 workers_busy=0 level=DEBUG
2026-03-14 02:00:24.627 runner heartbeat queue_depth=8 workers_busy=2 level=DEBUG
2026-03-14 03:10:03.794 runner heartbeat queue_depth=6 workers_busy=2 level=DEBUG
2026-03-14 02:17:40.642 runner heartbeat queue_depth=1 workers_busy=2 level=DEBUG
2026-03-14 03:01:40.932 runner heartbeat queue_depth=8 workers_busy=3 level=DEBUG
2026-03-14 02:24:50.554 runner heartbeat queue_depth=7 workers_busy=2 level=DEBUG
2026-03-14 02:53:38.850 runner heartbeat queue_depth=0 workers_busy=2 level=DEBUG
2026-03-14 02:06:59.639 runner heartbeat queue_depth=1 workers_busy=3 level=DEBUG
2026-03-14 02:58:08.222 runner heartbeat queue_depth=0 workers_busy=0 level=DEBUG
2026-03-14 03:01:04.268 runner heartbeat queue_depth=2 workers_busy=1 level=DEBUG
2026-03-14 03:09:01.617 runner heartbeat queue_depth=4 workers_busy=3 level=DEBUG
2026-03-14 02:26:47.696 runner heartbeat queue_depth=6 workers_busy=3 level=DEBUG
2026-03-14 02:06:42.333 runner heartbeat queue_depth=1 workers_busy=2 level=DEBUG
2026-03-14 02:11:53.951 runner heartbeat queue_depth=0 workers_busy=1 level=DEBUG
2026-03-14 02:41:28.829 runner heartbeat queue_depth=7 workers_busy=2 level=DEBUG
2026-03-14 03:00:31.854 runner heartbeat queue_depth=2 workers_busy=2 level=DEBUG
2026-03-14 03:02:49.134 runner heartbeat queue_depth=5 workers_busy=3 level=DEBUG
2026-03-14 02:03:49.410 runner heartbeat queue_depth=3 workers_busy=1 level=DEBUG
2026-03-14 02:26:42.923 runner heartbeat queue_depth=6 workers_busy=3 level=DEBUG
2026-03-14 03:09:26.443 runner heartbeat queue_depth=2 workers_busy=0 level=DEBUG
2026-03-14 03:05:11.819 runner heartbeat queue_depth=6 workers_busy=0 level=DEBUG
2026-03-14 03:01:13.673 runner heartbeat queue_depth=8 workers_busy=1 level=DEBUG
2026-03-14 02:13:07.729 runner heartbeat queue_depth=7 workers_busy=2 level=DEBUG
2026-03-14 02:00:30.889 runner heartbeat queue_depth=0 workers_busy=2 level=DEBUG
2026-03-14 03:09:42.252 runner heartbeat queue_depth=6 workers_busy=3 level=DEBUG
2026-03-14 02:39:31.406 runner heartbeat queue_depth=5 workers_busy=0 level=DEBUG
2026-03-14 03:07:15.700 runner heartbeat queue_depth=3 workers_busy=0 level=DEBUG
2026-03-14 02:47:09.883 runner heartbeat queue_depth=1 workers_busy=1 level=DEBUG
2026-03-14 02:02:01.390 runner heartbeat queue_depth=8 workers_busy=1 level=DEBUG
2026-03-14 02:33:31.308 runner heartbeat queue_depth=2 workers_busy=2 level=DEBUG
2026-03-14 03:11:45.999 runner heartbeat queue_depth=5 workers_busy=2 level=DEBUG
2026-03-14 02:41:09.140 runner heartbeat queue_depth=3 workers_busy=1 level=DEBUG
2026-03-14 02:49:14.863 runner heartbeat queue_depth=2 workers_busy=0 level=DEBUG
2026-03-14 02:15:12.286 runner heartbeat queue_depth=0 workers_busy=1 level=DEBUG
2026-03-14 03:13:33.804 runner heartbeat queue_depth=8 workers_busy=1 level=DEBUG
2026-03-14 02:00:44.548 runner heartbeat queue_depth=4 workers_busy=0 level=DEBUG
2026-03-14 02:26:00.677 runner heartbeat queue_depth=4 workers_busy=1 level=DEBUG
2026-03-14 02:22:41.556 runner heartbeat queue_depth=8 workers_busy=0 level=DEBUG
2026-03-14 02:02:40.424 runner heartbeat queue_depth=1 workers_busy=0 level=DEBUG
2026-03-14 03:05:01.008 runner heartbeat queue_depth=4 workers_busy=1 level=DEBUG
2026-03-14 02:25:59.016 runner heartbeat queue_depth=7 workers_busy=2 level=DEBUG
2026-03-14 02:45:18.297 runner heartbeat queue_depth=6 workers_busy=3 level=DEBUG
2026-03-14 02:09:45.023 runner heartbeat queue_depth=0 workers_busy=3 level=DEBUG
2026-03-14 02:01:07.453 runner heartbeat queue_depth=6 workers_busy=2 level=DEBUG
2026-03-14 02:26:51.922 runner heartbeat queue_depth=6 workers_busy=1 level=DEBUG
2026-03-14 02:03:16.139 runner heartbeat queue_depth=8 workers_busy=3 level=DEBUG
2026-03-14 02:28:00.701 runner heartbeat queue_depth=6 workers_busy=2 level=DEBUG
2026-03-14 03:12:03.576 runner heartbeat queue_depth=4 workers_busy=0 level=DEBUG
2026-03-14 03:12:24.866 runner heartbeat queue_depth=4 workers_busy=0 level=DEBUG
2026-03-14 02:24:25.404 runner heartbeat queue_depth=5 workers_busy=3 level=DEBUG
2026-03-14 02:36:44.716 runner heartbeat queue_depth=7 workers_busy=0 level=DEBUG
2026-03-14 03:00:06.245 runner heartbeat queue_depth=7 workers_busy=2 level=DEBUG
2026-03-14 02:44:43.198 runner heartbeat queue_depth=6 workers_busy=0 level=DEBUG
2026-03-14 02:28:24.912 runner heartbeat queue_depth=8 workers_busy=3 level=DEBUG
2026-03-14 02:16:57.081 runner heartbeat queue_depth=0 workers_busy=3 level=DEBUG
2026-03-14 02:14:10.895 runner heartbeat queue_depth=1 workers_busy=3 level=DEBUG
2026-03-14 02:36:37.168 runner heartbeat queue_depth=2 workers_busy=2 level=DEBUG
2026-03-14 02:12:38.366 runner heartbeat queue_depth=8 workers_busy=1 level=DEBUG
2026-03-14 02:03:48.584 runner heartbeat queue_depth=1 workers_busy=1 level=DEBUG
2026-03-14 02:29:26.732 runner heartbeat queue_depth=5 workers_busy=1 level=DEBUG
2026-03-14 02:55:54.705 runner heartbeat queue_depth=5 workers_busy=1 level=DEBUG
2026-03-14 02:56:19.152 runner heartbeat queue_depth=4 workers_busy=0 level=DEBUG
2026-03-14 02:21:16.762 runner heartbeat queue_depth=7 workers_busy=3 level=DEBUG
2026-03-14 03:06:14.921 runner heartbeat queue_depth=7 workers_busy=0 level=DEBUG
2026-03-14 02:13:37.453 runner heartbeat queue_depth=6 workers_busy=2 level=DEBUG
2026-03-14 02:09:06.068 runner heartbeat queue_depth=8 workers_busy=2 level=DEBUG
2026-03-14 02:13:24.900 runner heartbeat queue_depth=8 workers_busy=1 level=DEBUG
2026-03-14 02:23:36.691 runner heartbeat queue_depth=6 workers_busy=2 level=DEBUG
2026-03-14 02:53:53.371 runner heartbeat queue_depth=4 workers_busy=0 level=DEBUG
2026-03-14 02:21:14.783 runner heartbeat queue_depth=4 workers_busy=2 level=DEBUG
2026-03-14 02:11:37.419 runner heartbeat queue_depth=2 workers_busy=2 level=DEBUG
2026-03-14 02:36:44.256 runner heartbeat queue_depth=0 workers_busy=3 level=DEBUG
2026-03-14 02:05:03.464 runner heartbeat queue_depth=3 workers_busy=2 level=DEBUG
2026-03-14 02:22:11.097 runner heartbeat queue_depth=2 workers_busy=2 level=DEBUG
2026-03-14 02:07:21.223 runner heartbeat queue_depth=5 workers_busy=2 level=DEBUG
2026-03-14 02:59:58.742 runner heartbeat queue_depth=3 workers_busy=1 level=DEBUG
2026-03-14 02:45:44.051 runner heartbeat queue_depth=4 workers_busy=1 level=DEBUG
2026-03-14 02:16:08.137 runner heartbeat queue_depth=7 workers_busy=0 level=DEBUG
2026-03-14 03:03:43.719 runner heartbeat queue_depth=7 workers_busy=0 level=DEBUG
2026-03-14 02:40:03.389 runner heartbeat queue_depth=0 workers_busy=2 level=DEBUG
2026-03-14 02:04:42.100 runner heartbeat queue_depth=0 workers_busy=2 level=DEBUG
2026-03-14 03:13:24.270 runner heartbeat queue_depth=3 workers_busy=3 level=DEBUG
2026-03-14 02:10:01.247 runner heartbeat queue_depth=1 workers_busy=2 level=DEBUG
2026-03-14 02:18:19.668 runner heartbeat queue_depth=6 workers_busy=3 level=DEBUG
2026-03-14 02:24:30.401 runner heartbeat queue_depth=3 workers_busy=3 level=DEBUG
2026-03-14 02:56:46.692 runner heartbeat queue_depth=8 workers_busy=1 level=DEBUG
2026-03-14 03:04:34.347 runner heartbeat queue_depth=4 workers_busy=3 level=DEBUG
2026-03-14 03:13:56.648 runner heartbeat queue_depth=2 workers_busy=2 level=DEBUG
2026-03-14 02:26:27.753 runner heartbeat queue_depth=2 workers_busy=2 level=DEBUG
2026-03-14 03:02:23.584 runner heartbeat queue_depth=3 workers_busy=3 level=DEBUG
2026-03-14 02:06:51.779 runner heartbeat queue_depth=4 workers_busy=2 level=DEBUG
2026-03-14 03:04:54.859 runner heartbeat queue_depth=7 workers_busy=0 level=DEBUG
2026-03-14 02:43:19.979 runner heartbeat queue_depth=6 workers_busy=2 level=DEBUG
2026-03-14 03:14:30.641 runner heartbeat queue_depth=6 workers_busy=2 level=DEBUG
2026-03-14 03:03:09.715 runner heartbeat queue_depth=4 workers_busy=1 level=DEBUG
2026-03-14 02:03:53.589 runner heartbeat queue_depth=3 workers_busy=3 level=DEBUG
2026-03-14 02:34:32.188 runner heartbeat queue_depth=6 workers_busy=3 level=DEBUG
2026-03-14 03:02:46.223 runner heartbeat queue_depth=8 workers_busy=3 level=DEBUG
2026-03-14 02:02:19.212 runner heartbeat queue_depth=0 workers_busy=2 level=DEBUG
2026-03-14 02:24:54.129 runner heartbeat queue_depth=2 workers_busy=3 level=DEBUG
2026-03-14 03:04:19.340 runner heartbeat queue_depth=7 workers_busy=2 level=DEBUG
2026-03-14 02:33:35.726 runner heartbeat queue_depth=2 workers_busy=2 level=DEBUG
2026-03-14 02:03:03.552 runner heartbeat queue_depth=5 workers_busy=0 level=DEBUG
2026-03-14 02:26:33.016 runner heartbeat queue_depth=7 workers_busy=0 level=DEBUG
2026-03-14 02:21:54.439 runner heartbeat queue_depth=6 workers_busy=2 level=DEBUG
2026-03-14 02:45:13.320 runner heartbeat queue_depth=7 workers_busy=2 level=DEBUG
2026-03-14 02:44:00.722 runner heartbeat queue_depth=8 workers_busy=0 level=DEBUG
2026-03-14 02:39:58.549 runner heartbeat queue_depth=6 workers_busy=3 level=DEBUG
2026-03-14 02:58:02.267 runner heartbeat queue_depth=4 workers_busy=0 level=DEBUG
2026-03-14 02:23:29.319 runner heartbeat queue_depth=1 workers_busy=1 level=DEBUG
2026-03-14 02:20:06.548 runner heartbeat queue_depth=0 workers_busy=1 level=DEBUG
2026-03-14 02:14:31.396 runner heartbeat queue_depth=6 workers_busy=3 level=DEBUG
2026-03-14 02:38:14.411 runner heartbeat queue_depth=6 workers_busy=1 level=DEBUG
2026-03-14 03:03:09.042 runner heartbeat queue_depth=3 workers_busy=0 level=DEBUG
2026-03-14 03:07:05.410 runner heartbeat queue_depth=3 workers_busy=1 level=DEBUG
2026-03-14 02:38:37.592 runner heartbeat queue_depth=5 workers_busy=0 level=DEBUG
2026-03-14 02:32:42.603 runner heartbeat queue_depth=3 workers_busy=2 level=DEBUG
2026-03-14 02:19:17.316 runner heartbeat queue_depth=7 workers_busy=2 level=DEBUG
2026-03-14 03:11:13.045 runner heartbeat queue_depth=6 workers_busy=2 level=DEBUG
2026-03-14 02:20:31.374 runner heartbeat queue_depth=2 workers_busy=2 level=DEBUG
2026-03-14 02:05:51.310 runner heartbeat queue_depth=6 workers_busy=0 level=DEBUG
2026-03-14 02:40:58.555 runner heartbeat queue_depth=2 workers_busy=1 level=DEBUG
2026-03-14 03:11:39.839 runner heartbeat queue_depth=3 workers_busy=2 level=DEBUG
2026-03-14 02:55:03.154 runner heartbeat queue_depth=4 workers_busy=2 level=DEBUG
2026-03-14 02:20:48.629 runner heartbeat queue_depth=2 workers_busy=3 level=DEBUG
2026-03-14 02:12:44.912 runner heartbeat queue_depth=3 workers_busy=3 level=DEBUG
2026-03-14 02:55:21.812 runner heartbeat queue_depth=0 workers_busy=0 level=DEBUG
2026-03-14 02:01:11.223 runner heartbeat queue_depth=4 workers_busy=0 level=DEBUG
2026-03-14 02:53:45.335 runner heartbeat queue_depth=2 workers_busy=1 level=DEBUG
2026-03-14 03:14:36.118 runner heartbeat queue_depth=4 workers_busy=2 level=DEBUG
2026-03-14 02:38:44.476 runner heartbeat queue_depth=6 workers_busy=1 level=DEBUG
2026-03-14 02:15:31.286 runner heartbeat queue_depth=4 workers_busy=3 level=DEBUG
2026-03-14 02:33:30.488 runner heartbeat queue_depth=5 workers_busy=1 level=DEBUG
2026-03-14 02:03:35.336 runner heartbeat queue_depth=0 workers_busy=0 level=DEBUG
2026-03-14 02:24:43.027 runner heartbeat queue_depth=2 workers_busy=3 level=DEBUG
2026-03-14 02:55:46.008 runner heartbeat queue_depth=5 workers_busy=0 level=DEBUG
2026-03-14 02:58:29.501 runner heartbeat queue_depth=4 workers_busy=2 level=DEBUG
2026-03-14 02:14:34.476 runner heartbeat queue_depth=5 workers_busy=3 level=DEBUG
2026-03-14 02:46:19.056 runner heartbeat queue_depth=1 workers_busy=1 level=DEBUG
2026-03-14 02:53:56.176 runner heartbeat queue_depth=3 workers_busy=3 level=DEBUG
2026-03-14 02:01:37.870 runner heartbeat queue_depth=5 workers_busy=2 level=DEBUG
2026-03-14 02:49:50.074 runner heartbeat queue_depth=3 workers_busy=3 level=DEBUG
2026-03-14 03:07:13.222 runner heartbeat queue_depth=8 workers_busy=0 level=DEBUG
2026-03-14 02:03:12.720 runner heartbeat queue_depth=6 workers_busy=3 level=DEBUG
2026-03-14 02:33:34.162 runner heartbeat queue_depth=7 workers_busy=3 level=DEBUG
2026-03-14 03:14:44.463 runner heartbeat queue_depth=5 workers_busy=2 level=DEBUG
2026-03-14 03:07:30.996 runner heartbeat queue_depth=1 workers_busy=0 level=DEBUG
2026-03-14 03:04:50.286 runner heartbeat queue_depth=3 workers_busy=3 level=DEBUG
2026-03-14 02:13:10.860 runner heartbeat queue_depth=1 workers_busy=1 level=DEBUG
2026-03-14 02:35:16.477 runner heartbeat queue_depth=0 workers_busy=0 level=DEBUG
2026-03-14 03:11:41.173 runner heartbeat queue_depth=0 workers_busy=3 level=DEBUG
2026-03-14 02:44:45.050 runner heartbeat queue_depth=7 workers_busy=1 level=DEBUG
2026-03-14 02:13:05.675 runner heartbeat queue_depth=4 workers_busy=2 level=DEBUG
2026-03-14 02:22:58.846 runner heartbeat queue_depth=0 workers_busy=3 level=DEBUG
2026-03-14 02:16:18.914 runner heartbeat queue_depth=3 workers_busy=2 level=DEBUG
2026-03-14 02:52:19.604 runner heartbeat queue_depth=5 workers_busy=2 level=DEBUG
2026-03-14 03:13:56.289 runner heartbeat queue_depth=5 workers_busy=3 level=DEBUG
2026-03-14 02:29:19.093 runner heartbeat queue_depth=5 workers_busy=0 level=DEBUG
2026-03-14 02:24:18.187 runner heartbeat queue_depth=3 workers_busy=2 level=DEBUG
2026-03-14 03:03:37.532 runner heartbeat queue_depth=1 workers_busy=3 level=DEBUG
2026-03-14 03:09:19.631 runner heartbeat queue_depth=6 workers_busy=3 level=DEBUG
2026-03-14 02:05:10.030 runner heartbeat queue_depth=3 workers_busy=1 level=DEBUG
2026-03-14 02:57:24.229 runner heartbeat queue_depth=4 workers_busy=1 level=DEBUG
2026-03-14 02:49:46.440 runner heartbeat queue_depth=3 workers_busy=3 level=DEBUG
2026-03-14 02:46:46.349 runner heartbeat queue_depth=8 workers_busy=3 level=DEBUG
2026-03-14 03:01:50.401 runner heartbeat queue_depth=8 workers_busy=2 level=DEBUG
2026-03-14 03:06:29.641 runner heartbeat queue_depth=0 workers_busy=3 level=DEBUG
2026-03-14 02:00:20.761 runner heartbeat queue_depth=7 workers_busy=0 level=DEBUG
2026-03-14 02:38:45.850 runner heartbeat queue_depth=2 workers_busy=1 level=DEBUG
2026-03-14 03:12:20.238 runner heartbeat queue_depth=0 workers_busy=0 level=DEBUG
2026-03-14 02:48:29.315 runner heartbeat queue_depth=7 workers_busy=3 level=DEBUG
2026-03-14 03:01:14.147 runner heartbeat queue_depth=5 workers_busy=1 level=DEBUG
2026-03-14 02:14:43.985 runner heartbeat queue_depth=1 workers_busy=1 level=DEBUG
2026-03-14 02:06:01.066 runner heartbeat queue_depth=4 workers_busy=3 level=DEBUG
2026-03-14 02:52:05.564 runner heartbeat queue_depth=4 workers_busy=3 level=DEBUG
2026-03-14 02:31:12.127 runner heartbeat queue_depth=4 workers_busy=1 level=DEBUG
2026-03-14 02:01:50.719 runner heartbeat queue_depth=2 workers_busy=0 level=DEBUG
2026-03-14 02:15:49.397 runner heartbeat queue_depth=6 workers_busy=0 level=DEBUG
2026-03-14 03:12:55.420 runner heartbeat queue_depth=0 workers_busy=2 level=DEBUG
2026-03-14 02:23:26.225 runner heartbeat queue_depth=0 workers_busy=1 level=DEBUG
2026-03-14 02:31:20.389 runner heartbeat queue_depth=1 workers_busy=3 level=DEBUG
2026-03-14 02:14:19.866 runner heartbeat queue_depth=3 workers_busy=3 level=DEBUG
2026-03-14 03:11:42.882 runner heartbeat queue_depth=4 workers_busy=2 level=DEBUG
2026-03-14 02:36:49.364 runner heartbeat queue_depth=0 workers_busy=3 level=DEBUG
2026-03-14 02:45:19.150 runner heartbeat queue_depth=8 workers_busy=0 level=DEBUG
2026-03-14 02:52:36.513 runner heartbeat queue_depth=3 workers_busy=2 level=DEBUG
2026-03-14 02:09:01.977 runner heartbeat queue_depth=0 workers_busy=1 level=DEBUG
2026-03-14 02:20:45.418 runner heartbeat queue_depth=4 workers_busy=2 level=DEBUG
2026-03-14 02:22:46.201 runner heartbeat queue_depth=5 workers_busy=1 level=DEBUG
2026-03-14 02:34:12.806 runner heartbeat queue_depth=1 workers_busy=2 level=DEBUG
2026-03-14 03:12:34.410 runner heartbeat queue_depth=0 workers_busy=0 level=DEBUG
2026-03-14 02:06:01.583 runner heartbeat queue_depth=0 workers_busy=0 level=DEBUG
2026-03-14 02:48:39.386 runner heartbeat queue_depth=7 workers_busy=0 level=DEBUG
2026-03-14 03:08:39.851 runner heartbeat queue_depth=7 workers_busy=0 level=DEBUG
2026-03-14 03:06:05.487 runner heartbeat queue_depth=5 workers_busy=0 level=DEBUG
2026-03-14 02:15:06.530 runner heartbeat queue_depth=5 workers_busy=2 level=DEBUG
2026-03-14 02:20:36.936 runner heartbeat queue_depth=7 workers_busy=1 level=DEBUG
2026-03-14 02:54:17.675 runner heartbeat queue_depth=0 workers_busy=3 level=DEBUG
2026-03-14 02:27:16.167 runner heartbeat queue_depth=7 workers_busy=2 level=DEBUG
2026-03-14 02:53:18.804 runner heartbeat queue_depth=2 workers_busy=0 level=DEBUG
2026-03-14 02:25:33.727 runner heartbeat queue_depth=6 workers_busy=1 level=DEBUG
2026-03-14 02:53:38.464 runner heartbeat queue_depth=1 workers_busy=2 level=DEBUG
2026-03-14 02:32:58.978 runner heartbeat queue_depth=7 workers_busy=2 level=DEBUG
2026-03-14 02:50:27.937 runner heartbeat queue_depth=6 workers_busy=1 level=DEBUG
2026-03-14 02:30:11.814 runner heartbeat queue_depth=3 workers_busy=3 level=DEBUG
2026-03-14 02:04:36.550 runner heartbeat queue_depth=8 workers_busy=2 level=DEBUG
2026-03-14 02:42:09.188 runner heartbeat queue_depth=0 workers_busy=0 level=DEBUG
2026-03-14 02:44:37.392 runner heartbeat queue_depth=0 workers_busy=3 level=DEBUG
2026-03-14 02:59:00.648 runner heartbeat queue_depth=6 workers_busy=3 level=DEBUG
2026-03-14 02:54:42.501 runner heartbeat queue_depth=4 workers_busy=0 level=DEBUG
2026-03-14 03:08:30.747 runner heartbeat queue_depth=0 workers_busy=2 level=DEBUG
2026-03-14 02:12:20.819 runner heartbeat queue_depth=0 workers_busy=1 level=DEBUG
2026-03-14 02:43:21.444 runner heartbeat queue_depth=0 workers_busy=0 level=DEBUG
2026-03-14 02:01:12.504 runner heartbeat queue_depth=7 workers_busy=2 level=DEBUG
2026-03-14 03:09:53.684 runner heartbeat queue_depth=2 workers_busy=1 level=DEBUG
2026-03-14 02:30:11.000 runner heartbeat queue_depth=0 workers_busy=1 level=DEBUG
2026-03-14 02:21:43.748 runner heartbeat queue_depth=4 workers_busy=0 level=DEBUG
2026-03-14 03:15:00.349 runner heartbeat queue_depth=0 workers_busy=0 level=DEBUG
2026-03-14 02:21:15.003 runner heartbeat queue_depth=1 workers_busy=1 level=DEBUG
2026-03-14 02:06:51.118 runner heartbeat queue_depth=8 workers_busy=1 level=DEBUG
2026-03-14 02:13:50.386 runner heartbeat queue_depth=0 workers_busy=3 level=DEBUG
2026-03-14 02:35:44.215 runner heartbeat queue_depth=3 workers_busy=3 level=DEBUG
2026-03-14 02:03:13.697 runner heartbeat queue_depth=4 workers_busy=0 level=DEBUG
2026-03-14 02:50:27.950 runner heartbeat queue_depth=6 workers_busy=2 level=DEBUG
2026-03-14 02:00:06.751 runner heartbeat queue_depth=8 workers_busy=3 level=DEBUG
2026-03-14 02:16:34.969 runner heartbeat queue_depth=7 workers_busy=1 level=DEBUG
2026-03-14 02:16:48.810 runner heartbeat queue_depth=0 workers_busy=0 level=DEBUG
2026-03-14 02:03:32.047 runner heartbeat queue_depth=2 workers_busy=0 level=DEBUG
2026-03-14 03:02:37.747 runner heartbeat queue_depth=3 workers_busy=1 level=DEBUG
2026-03-14 02:54:13.121 runner heartbeat queue_depth=3 workers_busy=2 level=DEBUG
2026-03-14 03:14:20.596 runner heartbeat queue_depth=7 workers_busy=1 level=DEBUG
2026-03-14 02:39:07.348 runner heartbeat queue_depth=7 workers_busy=3 level=DEBUG
2026-03-14 02:09:23.674 runner heartbeat queue_depth=5 workers_busy=1 level=DEBUG
2026-03-14 02:16:55.332 runner heartbeat queue_depth=0 workers_busy=3 level=DEBUG
2026-03-14 02:38:03.367 runner heartbeat queue_depth=5 workers_busy=3 level=DEBUG
2026-03-14 03:02:43.372 runner heartbeat queue_depth=0 workers_busy=0 level=DEBUG
2026-03-14 02:18:39.270 runner heartbeat queue_depth=5 workers_busy=0 level=DEBUG
2026-03-14 03:14:49.092 runner heartbeat queue_depth=2 workers_busy=3 level=DEBUG
2026-03-14 02:31:10.988 runner heartbeat queue_depth=1 workers_busy=3 level=DEBUG
2026-03-14 02:47:32.621 runner heartbeat queue_depth=1 workers_busy=0 level=DEBUG
2026-03-14 02:40:18.252 runner heartbeat queue_depth=2 workers_busy=1 level=DEBUG
2026-03-14 02:17:51.445 runner heartbeat queue_depth=2 workers_busy=2 level=DEBUG
2026-03-14 03:07:46.012 runner heartbeat queue_depth=2 workers_busy=0 level=DEBUG
2026-03-14 02:08:16.890 runner heartbeat queue_depth=4 workers_busy=2 level=DEBUG
2026-03-14 02:26:22.390 runner heartbeat queue_depth=3 workers_busy=3 level=DEBUG
2026-03-14 02:29:26.641 runner heartbeat queue_depth=1 workers_busy=3 level=DEBUG
2026-03-14 02:20:20.148 runner heartbeat queue_depth=1 workers_busy=3 level=DEBUG
2026-03-14 03:01:26.773 runner heartbeat queue_depth=3 workers_busy=2 level=DEBUG
2026-03-14 02:05:24.316 runner heartbeat queue_depth=3 workers_busy=3 level=DEBUG
2026-03-14 02:10:59.722 runner heartbeat queue_depth=3 workers_busy=1 level=DEBUG
2026-03-14 02:46:56.156 runner heartbeat queue_depth=1 workers_busy=3 level=DEBUG
2026-03-14 03:00:19.149 runner heartbeat queue_depth=6 workers_busy=1 level=DEBUG
2026-03-14 02:49:59.427 runner heartbeat queue_depth=7 workers_busy=3 level=DEBUG
2026-03-14 02:42:05.190 runner heartbeat queue_depth=6 workers_busy=0 level=DEBUG
2026-03-14 02:03:37.893 runner heartbeat queue_depth=3 workers_busy=1 level=DEBUG
2026-03-14 02:06:49.388 runner heartbeat queue_depth=7 workers_busy=2 level=DEBUG
2026-03-14 02:02:25.939 runner heartbeat queue_depth=4 workers_busy=0 level=DEBUG
2026-03-14 02:14:06.061 runner heartbeat queue_depth=8 workers_busy=0 level=DEBUG
2026-03-14 02:32:08.913 runner heartbeat queue_depth=6 workers_busy=2 level=DEBUG
2026-03-14 02:27:30.332 runner heartbeat queue_depth=3 workers_busy=3 level=DEBUG
2026-03-14 02:26:25.701 runner heartbeat queue_depth=5 workers_busy=2 level=DEBUG
2026-03-14 02:47:32.817 runner heartbeat queue_depth=3 workers_busy=3 level=DEBUG
2026-03-14 02:15:49.573 runner heartbeat queue_depth=4 workers_busy=3 level=DEBUG
2026-03-14 02:05:50.989 runner heartbeat queue_depth=5 workers_busy=2 level=DEBUG
2026-03-14 02:40:38.108 runner heartbeat queue_depth=2 workers_busy=1 level=DEBUG
2026-03-14 02:43:54.368 runner heartbeat queue_depth=7 workers_busy=0 level=DEBUG
2026-03-14 02:38:28.953 runner heartbeat queue_depth=5 workers_busy=3 level=DEBUG
2026-03-14 03:02:06.663 runner heartbeat queue_depth=0 workers_busy=1 level=DEBUG
2026-03-14 02:13:19.169 runner heartbeat queue_depth=8 workers_busy=0 level=DEBUG
2026-03-14 02:10:45.803 runner heartbeat queue_depth=4 workers_busy=1 level=DEBUG
2026-03-14 02:51:54.979 runner heartbeat queue_depth=6 workers_busy=0 level=DEBUG
2026-03-14 02:15:34.652 runner heartbeat queue_depth=5 workers_busy=1 level=DEBUG
2026-03-14 03:10:15.266 runner heartbeat queue_depth=0 workers_busy=3 level=DEBUG
2026-03-14 02:49:37.133 runner heartbeat queue_depth=7 workers_busy=0 level=DEBUG
2026-03-14 02:57:43.666 runner heartbeat queue_depth=4 workers_busy=0 level=DEBUG
2026-03-14 02:25:35.424 runner heartbeat queue_depth=6 workers_busy=0 level=DEBUG
2026-03-14 02:10:34.829 runner heartbeat queue_depth=0 workers_busy=0 level=DEBUG
2026-03-14 02:09:24.811 runner heartbeat queue_depth=7 workers_busy=1 level=DEBUG
2026-03-14 02:35:28.082 runner heartbeat queue_depth=7 workers_busy=1 level=DEBUG
2026-03-14 02:59:41.396 runner heartbeat queue_depth=0 workers_busy=0 level=DEBUG
2026-03-14 02:27:07.187 runner heartbeat queue_depth=4 workers_busy=3 level=DEBUG
2026-03-14 03:03:14.919 runner heartbeat queue_depth=4 workers_busy=1 level=DEBUG
2026-03-14 03:08:24.137 runner heartbeat queue_depth=2 workers_busy=3 level=DEBUG
2026-03-14 02:31:52.231 runner heartbeat queue_depth=2 workers_busy=3 level=DEBUG
2026-03-14 02:07:32.572 runner heartbeat queue_depth=1 workers_busy=3 level=DEBUG
2026-03-14 02:44:13.891 runner heartbeat queue_depth=3 workers_busy=0 level=DEBUG
2026-03-14 02:32:25.103 runner heartbeat queue_depth=4 workers_busy=0 level=DEBUG
2026-03-14 03:00:35.209 runner heartbeat queue_depth=6 workers_busy=0 level=DEBUG
2026-03-14 03:08:47.634 runner heartbeat queue_depth=5 workers_busy=3 level=DEBUG
2026-03-14 02:58:07.770 runner heartbeat queue_depth=4 workers_busy=1 level=DEBUG
2026-03-14 02:55:30.720 runner heartbeat queue_depth=1 workers_busy=1 level=DEBUG
2026-03-14 02:28:49.738 runner heartbeat queue_depth=6 workers_busy=2 level=DEBUG
2026-03-14 03:14:14.920 runner heartbeat queue_depth=1 workers_busy=3 level=DEBUG
2026-03-14 03:04:11.536 runner heartbeat queue_depth=4 workers_busy=0 level=DEBUG
2026-03-14 02:43:19.637 runner heartbeat queue_depth=3 workers_busy=0 level=DEBUG
2026-03-14 03:05:19.031 runner heartbeat queue_depth=6 workers_busy=3 level=DEBUG
2026-03-14 02:03:47.741 runner heartbeat queue_depth=1 workers_busy=0 level=DEBUG
2026-03-14 02:55:10.449 runner heartbeat queue_depth=4 workers_busy=2 level=DEBUG
2026-03-14 03:00:49.203 runner heartbeat queue_depth=7 workers_busy=3 level=DEBUG
2026-03-14 03:08:16.575 runner heartbeat queue_depth=3 workers_busy=1 level=DEBUG
2026-03-14 02:15:46.751 runner heartbeat queue_depth=6 workers_busy=2 level=DEBUG
2026-03-14 02:09:21.048 runner heartbeat queue_depth=4 workers_busy=1 level=DEBUG
2026-03-14 02:05:37.235 runner heartbeat queue_depth=3 workers_busy=1 level=DEBUG
2026-03-14 02:15:12.749 runner heartbeat queue_depth=5 workers_busy=0 level=DEBUG
2026-03-14 02:23:46.081 runner heartbeat queue_depth=7 workers_busy=2 level=DEBUG
2026-03-14 02:52:10.925 runner heartbeat queue_depth=2 workers_busy=0 level=DEBUG
2026-03-14 03:05:01.895 runner heartbeat queue_depth=0 workers_busy=0 level=DEBUG
2026-03-14 02:03:38.642 runner heartbeat queue_depth=6 workers_busy=0 level=DEBUG
2026-03-14 02:19:24.521 runner heartbeat queue_depth=3 workers_busy=0 level=DEBUG
2026-03-14 02:15:09.968 runner heartbeat queue_depth=6 workers_busy=1 level=DEBUG
2026-03-14 03:14:50.174 runner heartbeat queue_depth=8 workers_busy=0 level=DEBUG
2026-03-14 02:08:21.189 runner heartbeat queue_depth=5 workers_busy=2 level=DEBUG
2026-03-14 03:00:53.660 runner heartbeat queue_depth=6 workers_busy=0 level=DEBUG
2026-03-14 02:34:03.715 runner heartbeat queue_depth=2 workers_busy=1 level=DEBUG
2026-03-14 02:00:50.120 runner heartbeat queue_depth=8 workers_busy=2 level=DEBUG
2026-03-14 02:40:45.529 runner heartbeat queue_depth=6 workers_busy=0 level=DEBUG
2026-03-14 03:13:08.389 runner heartbeat queue_depth=2 workers_busy=1 level=DEBUG
2026-03-14 02:43:51.032 runner heartbeat queue_depth=1 workers_busy=0 level=DEBUG
2026-03-14 02:07:26.387 runner heartbeat queue_depth=2 workers_busy=2 level=DEBUG
2026-03-14 02:48:35.822 runner heartbeat queue_depth=6 workers_busy=3 level=DEBUG
2026-03-14 02:15:37.379 runner heartbeat queue_depth=5 workers_busy=0 level=DEBUG
2026-03-14 02:13:59.830 runner heartbeat queue_depth=3 workers_busy=0 level=DEBUG
2026-03-14 02:41:43.577 runner heartbeat queue_depth=1 workers_busy=1 level=DEBUG
2026-03-14 02:40:24.103 runner heartbeat queue_depth=6 workers_busy=0 level=DEBUG
2026-03-14 02:39:40.567 runner heartbeat queue_depth=0 workers_busy=3 level=DEBUG
2026-03-14 02:29:36.723 runner heartbeat queue_depth=2 workers_busy=2 level=DEBUG
2026-03-14 02:27:55.193 runner heartbeat queue_depth=4 workers_busy=0 level=DEBUG
2026-03-14 02:30:25.588 runner heartbeat queue_depth=6 workers_busy=1 level=DEBUG
2026-03-14 03:03:09.042 runner heartbeat queue_depth=4 workers_busy=3 level=DEBUG
2026-03-14 02:04:17.328 runner heartbeat queue_depth=7 workers_busy=3 level=DEBUG
2026-03-14 02:50:09.810 runner heartbeat queue_depth=8 workers_busy=1 level=DEBUG
2026-03-14 02:25:46.031 runner heartbeat queue_depth=8 workers_busy=2 level=DEBUG
2026-03-14 02:28:24.711 runner heartbeat queue_depth=5 workers_busy=1 level=DEBUG
2026-03-14 02:11:11.646 runner heartbeat queue_depth=7 workers_busy=2 level=DEBUG
2026-03-14 03:05:35.418 runner heartbeat queue_depth=2 workers_busy=3 level=DEBUG
2026-03-14 02:18:07.442 runner heartbeat queue_depth=2 workers_busy=0 level=DEBUG
2026-03-14 02:38:35.190 runner heartbeat queue_depth=6 workers_busy=0 level=DEBUG
2026-03-14 02:21:02.183 runner heartbeat queue_depth=5 workers_busy=1 level=DEBUG
2026-03-14 02:02:59.288 runner heartbeat queue_depth=6 workers_busy=3 level=DEBUG
2026-03-14 03:01:03.555 runner heartbeat queue_depth=4 workers_busy=2 level=DEBUG
2026-03-14 02:11:54.847 runner heartbeat queue_depth=0 workers_busy=0 level=DEBUG
2026-03-14 03:08:04.700 runner heartbeat queue_depth=2 workers_busy=3 level=DEBUG
2026-03-14 03:00:19.312 runner heartbeat queue_depth=0 workers_busy=3 level=DEBUG
2026-03-14 02:41:23.508 runner heartbeat queue_depth=2 workers_busy=3 level=DEBUG
2026-03-14 02:52:08.435 runner heartbeat queue_depth=6 workers_busy=1 level=DEBUG
2026-03-14 02:35:29.286 runner heartbeat queue_depth=2 workers_busy=0 level=DEBUG
2026-03-14 02:14:53.890 runner heartbeat queue_depth=4 workers_busy=2 level=DEBUG
2026-03-14 02:26:01.559 runner heartbeat queue_depth=2 workers_busy=3 level=DEBUG
2026-03-14 02:35:50.140 runner heartbeat queue_depth=3 workers_busy=0 level=DEBUG
2026-03-14 02:04:16.388 runner heartbeat queue_depth=4 workers_busy=3 level=DEBUG
2026-03-14 03:01:11.248 runner heartbeat queue_depth=1 workers_busy=2 level=DEBUG
2026-03-14 02:30:26.936 runner heartbeat queue_depth=3 workers_busy=3 level=DEBUG
2026-03-14 02:17:36.967 runner heartbeat queue_depth=0 workers_busy=1 level=DEBUG
2026-03-14 02:15:38.787 runner heartbeat queue_depth=2 workers_busy=3 level=DEBUG
2026-03-14 02:25:20.327 runner heartbeat queue_depth=0 workers_busy=0 level=DEBUG
2026-03-14 02:07:52.953 runner heartbeat queue_depth=1 workers_busy=0 level=DEBUG
2026-03-14 02:39:13.866 runner heartbeat queue_depth=7 workers_busy=1 level=DEBUG
2026-03-14 03:11:17.912 runner heartbeat queue_depth=3 workers_busy=2 level=DEBUG
2026-03-14 02:38:41.339 runner heartbeat queue_depth=0 workers_busy=2 level=DEBUG
2026-03-14 02:56:12.795 runner heartbeat queue_depth=7 workers_busy=0 level=DEBUG
2026-03-14 02:57:41.744 runner heartbeat queue_depth=4 workers_busy=2 level=DEBUG
2026-03-14 02:00:59.464 runner heartbeat queue_depth=7 workers_busy=3 level=DEBUG
2026-03-14 02:02:16.636 runner heartbeat queue_depth=2 workers_busy=2 level=DEBUG
2026-03-14 02:30:11.338 runner heartbeat queue_depth=4 workers_busy=0 level=DEBUG
2026-03-14 02:00:07.924 runner heartbeat queue_depth=6 workers_busy=2 level=DEBUG
2026-03-14 02:49:03.011 runner heartbeat queue_depth=7 workers_busy=2 level=DEBUG
2026-03-14 02:57:31.673 runner heartbeat queue_depth=6 workers_busy=2 level=DEBUG
2026-03-14 03:00:42.954 runner heartbeat queue_depth=5 workers_busy=0 level=DEBUG
2026-03-14 02:06:59.154 runner heartbeat queue_depth=6 workers_busy=1 level=DEBUG
2026-03-14 02:02:12.994 runner heartbeat queue_depth=5 workers_busy=0 level=DEBUG
2026-03-14 02:41:20.988 runner heartbeat queue_depth=2 workers_busy=1 level=DEBUG
2026-03-14 02:08:36.457 runner heartbeat queue_depth=4 workers_busy=3 level=DEBUG
2026-03-14 02:49:06.233 runner heartbeat queue_depth=5 workers_busy=2 level=DEBUG
2026-03-14 02:23:10.111 runner heartbeat queue_depth=7 workers_busy=1 level=DEBUG
2026-03-14 02:15:16.229 runner heartbeat queue_depth=2 workers_busy=0 level=DEBUG
2026-03-14 02:26:18.403 runner heartbeat queue_depth=4 workers_busy=2 level=DEBUG
2026-03-14 03:07:03.434 runner heartbeat queue_depth=4 workers_busy=3 level=DEBUG
2026-03-14 02:18:47.628 runner heartbeat queue_depth=6 workers_busy=0 level=DEBUG
2026-03-14 03:07:24.247 runner heartbeat queue_depth=7 workers_busy=2 level=DEBUG
2026-03-14 02:13:56.457 runner heartbeat queue_depth=2 workers_busy=3 level=DEBUG
2026-03-14 02:00:19.056 runner heartbeat queue_depth=7 workers_busy=1 level=DEBUG
2026-03-14 02:50:56.761 runner heartbeat queue_depth=6 workers_busy=1 level=DEBUG
2026-03-14 02:40:40.419 runner heartbeat queue_depth=1 workers_busy=3 level=DEBUG
2026-03-14 02:14:19.220 runner heartbeat queue_depth=0 workers_busy=1 level=DEBUG
2026-03-14 02:36:40.556 runner heartbeat queue_depth=0 workers_busy=2 level=DEBUG
2026-03-14 02:15:25.366 runner heartbeat queue_depth=8 workers_busy=1 level=DEBUG
2026-03-14 03:08:46.956 runner heartbeat queue_depth=4 workers_busy=0 level=DEBUG
2026-03-14 02:16:01.513 runner heartbeat queue_depth=6 workers_busy=2 level=DEBUG
2026-03-14 02:19:39.332 runner heartbeat queue_depth=6 workers_busy=3 level=DEBUG
2026-03-14 02:55:38.643 runner heartbeat queue_depth=1 workers_busy=0 level=DEBUG
2026-03-14 02:03:03.928 runner heartbeat queue_depth=7 workers_busy=2 level=DEBUG
2026-03-14 02:15:43.762 runner heartbeat queue_depth=3 workers_busy=2 level=DEBUG
2026-03-14 02:15:28.123 runner heartbeat queue_depth=4 workers_busy=2 level=DEBUG
2026-03-14 02:31:21.465 runner heartbeat queue_depth=1 workers_busy=1 level=DEBUG
2026-03-14 02:56:14.232 runner heartbeat queue_depth=4 workers_busy=3 level=DEBUG
2026-03-14 02:18:14.916 runner heartbeat queue_depth=6 workers_busy=3 level=DEBUG
2026-03-14 02:38:13.983 runner heartbeat queue_depth=8 workers_busy=1 level=DEBUG
2026-03-14 02:52:19.991 runner heartbeat queue_depth=4 workers_busy=1 level=DEBUG
2026-03-14 02:00:16.870 runner heartbeat queue_depth=3 workers_busy=1 level=DEBUG
2026-03-14 02:57:44.223 runner heartbeat queue_depth=4 workers_busy=1 level=DEBUG
2026-03-14 02:36:13.127 runner heartbeat queue_depth=2 workers_busy=1 level=DEBUG
2026-03-14 02:56:13.325 runner heartbeat queue_depth=6 workers_busy=2 level=DEBUG
2026-03-14 02:39:57.817 runner heartbeat queue_depth=7 workers_busy=0 level=DEBUG
2026-03-14 02:21:30.356 runner heartbeat queue_depth=2 workers_busy=1 level=DEBUG
2026-03-14 02:32:30.678 runner heartbeat queue_depth=4 workers_busy=0 level=DEBUG
2026-03-14 02:27:47.638 runner heartbeat queue_depth=4 workers_busy=2 level=DEBUG
2026-03-14 02:51:22.686 runner heartbeat queue_depth=6 workers_busy=0 level=DEBUG
2026-03-14 02:34:53.054 runner heartbeat queue_depth=4 workers_busy=1 level=DEBUG
2026-03-14 03:13:29.666 runner heartbeat queue_depth=8 workers_busy=1 level=DEBUG
2026-03-14 02:20:13.953 runner heartbeat queue_depth=7 workers_busy=0 level=DEBUG
2026-03-14 02:53:33.495 runner heartbeat queue_depth=1 workers_busy=1 level=DEBUG
2026-03-14 02:48:32.315 runner heartbeat queue_depth=7 workers_busy=1 level=DEBUG
2026-03-14 02:01:01.911 runner heartbeat queue_depth=0 workers_busy=1 level=DEBUG
2026-03-14 02:58:21.795 runner heartbeat queue_depth=8 workers_busy=2 level=DEBUG
2026-03-14 02:32:23.558 runner heartbeat queue_depth=1 workers_busy=2 level=DEBUG
2026-03-14 03:11:05.907 runner heartbeat queue_depth=8 workers_busy=3 level=DEBUG
2026-03-14 02:41:31.241 runner heartbeat queue_depth=3 workers_busy=2 level=DEBUG
2026-03-14 03:07:23.778 runner heartbeat queue_depth=5 workers_busy=3 level=DEBUG
2026-03-14 02:51:12.642 runner heartbeat queue_depth=3 workers_busy=0 level=DEBUG
2026-03-14 02:26:45.701 runner heartbeat queue_depth=2 workers_busy=1 level=DEBUG
2026-03-14 02:01:59.727 runner heartbeat queue_depth=1 workers_busy=3 level=DEBUG
2026-03-14 03:00:43.241 runner heartbeat queue_depth=5 workers_busy=0 level=DEBUG
2026-03-14 02:17:35.625 runner heartbeat queue_depth=0 workers_busy=3 level=DEBUG
2026-03-14 02:03:32.452 runner heartbeat queue_depth=1 workers_busy=0 level=DEBUG
2026-03-14 02:41:32.076 runner heartbeat queue_depth=5 workers_busy=1 level=DEBUG
2026-03-14 02:21:39.982 runner heartbeat queue_depth=0 workers_busy=2 level=DEBUG
2026-03-14 02:23:39.131 runner heartbeat queue_depth=3 workers_busy=0 level=DEBUG
2026-03-14 02:48:46.026 runner heartbeat queue_depth=0 workers_busy=3 level=DEBUG
2026-03-14 02:58:09.117 runner heartbeat queue_depth=0 workers_busy=3 level=DEBUG
2026-03-14 03:09:01.231 runner heartbeat queue_depth=4 workers_busy=1 level=DEBUG
2026-03-14 02:49:26.037 runner heartbeat queue_depth=6 workers_busy=3 level=DEBUG
2026-03-14 02:48:56.193 runner heartbeat queue_depth=7 workers_busy=0 level=DEBUG
2026-03-14 02:53:30.604 runner heartbeat queue_depth=5 workers_busy=0 level=DEBUG
2026-03-14 02:55:49.758 runner heartbeat queue_depth=6 workers_busy=3 level=DEBUG
2026-03-14 02:26:22.770 runner heartbeat queue_depth=4 workers_busy=2 level=DEBUG
2026-03-14 02:59:51.620 runner heartbeat queue_depth=8 workers_busy=0 level=DEBUG
2026-03-14 03:07:21.397 runner heartbeat queue_depth=7 workers_busy=3 level=DEBUG
2026-03-14 03:01:38.299 runner heartbeat queue_depth=6 workers_busy=0 level=DEBUG
2026-03-14 03:07:33.326 runner heartbeat queue_depth=8 workers_busy=3 level=DEBUG
2026-03-14 02:36:04.978 runner heartbeat queue_depth=8 workers_busy=1 level=DEBUG
2026-03-14 02:14:08.541 runner heartbeat queue_depth=0 workers_busy=3 level=DEBUG
2026-03-14 02:34:25.806 runner heartbeat queue_depth=4 workers_busy=3 level=DEBUG
2026-03-14 02:09:19.351 runner heartbeat queue_depth=0 workers_busy=3 level=DEBUG
2026-03-14 03:07:39.132 runner heartbeat queue_depth=4 workers_busy=2 level=DEBUG
2026-03-14 02:18:38.498 runner heartbeat queue_depth=3 workers_busy=1 level=DEBUG
2026-03-14 02:08:49.808 runner heartbeat queue_depth=8 workers_busy=0 level=DEBUG
2026-03-14 02:12:18.008 runner heartbeat queue_depth=7 workers_busy=0 level=DEBUG
2026-03-14 03:01:29.820 runner heartbeat queue_depth=4 workers_busy=0 level=DEBUG
2026-03-14 02:58:06.588 runner heartbeat queue_depth=5 workers_busy=3 level=DEBUG
2026-03-14 02:24:19.189 runner heartbeat queue_depth=2 workers_busy=1 level=DEBUG
2026-03-14 02:39:07.980 runner heartbeat queue_depth=4 workers_busy=0 level=DEBUG
2026-03-14 02:23:23.147 runner heartbeat queue_depth=3 workers_busy=2 level=DEBUG
2026-03-14 02:56:54.569 runner heartbeat queue_depth=7 workers_busy=2 level=DEBUG
2026-03-14 02:01:45.001 runner heartbeat queue_depth=7 workers_busy=0 level=DEBUG
2026-03-14 03:02:37.233 runner heartbeat queue_depth=6 workers_busy=1 level=DEBUG
2026-03-14 02:45:14.212 runner heartbeat queue_depth=2 workers_busy=2 level=DEBUG
2026-03-14 02:39:48.933 runner heartbeat queue_depth=4 workers_busy=1 level=DEBUG
2026-03-14 02:54:12.927 runner heartbeat queue_depth=1 workers_busy=1 level=DEBUG
2026-03-14 03:04:14.405 runner heartbeat queue_depth=6 workers_busy=3 level=DEBUG
2026-03-14 02:30:22.690 runner heartbeat queue_depth=4 workers_busy=1 level=DEBUG
2026-03-14 02:56:41.899 runner heartbeat queue_depth=7 workers_busy=3 level=DEBUG
2026-03-14 03:12:46.535 runner heartbeat queue_depth=6 workers_busy=2 level=DEBUG
2026-03-14 02:47:26.923 runner heartbeat queue_depth=8 workers_busy=1 level=DEBUG
2026-03-14 02:24:11.492 runner heartbeat queue_depth=5 workers_busy=1 level=DEBUG
2026-03-14 02:28:02.161 runner heartbeat queue_depth=1 workers_busy=1 level=DEBUG
2026-03-14 03:08:27.368 runner heartbeat queue_depth=2 workers_busy=0 level=DEBUG
2026-03-14 02:28:15.682 runner heartbeat queue_depth=4 workers_busy=3 level=DEBUG
2026-03-14 03:06:32.710 runner heartbeat queue_depth=2 workers_busy=0 level=DEBUG
2026-03-14 02:37:25.325 runner heartbeat queue_depth=6 workers_busy=2 level=DEBUG
2026-03-14 02:05:14.961 runner heartbeat queue_depth=2 workers_busy=1 level=DEBUG
2026-03-14 02:26:33.138 runner heartbeat queue_depth=1 workers_busy=0 level=DEBUG
2026-03-14 02:59:00.850 runner heartbeat queue_depth=2 workers_busy=2 level=DEBUG
2026-03-14 02:20:23.919 runner heartbeat queue_depth=0 workers_busy=1 level=DEBUG
2026-03-14 03:03:10.685 runner heartbeat queue_depth=4 workers_busy=1 level=DEBUG
2026-03-14 02:55:27.802 runner heartbeat queue_depth=1 workers_busy=3 level=DEBUG
2026-03-14 02:21:34.302 runner heartbeat queue_depth=6 workers_busy=1 level=DEBUG
2026-03-14 02:47:21.521 runner heartbeat queue_depth=1 workers_busy=3 level=DEBUG
2026-03-14 02:29:35.516 runner heartbeat queue_depth=3 workers_busy=2 level=DEBUG
2026-03-14 02:21:28.194 runner heartbeat queue_depth=3 workers_busy=3 level=DEBUG
2026-03-14 02:05:33.063 runner heartbeat queue_depth=5 workers_busy=1 level=DEBUG
2026-03-14 03:02:47.556 runner heartbeat queue_depth=8 workers_busy=3 level=DEBUG
2026-03-14 02:57:08.489 runner heartbeat queue_depth=8 workers_busy=0 level=DEBUG
2026-03-14 02:44:23.928 runner heartbeat queue_depth=8 workers_busy=3 level=DEBUG
2026-03-14 02:05:48.999 runner heartbeat queue_depth=0 workers_busy=1 level=DEBUG
2026-03-14 02:45:42.868 runner heartbeat queue_depth=0 workers_busy=1 level=DEBUG
2026-03-14 02:29:40.159 runner heartbeat queue_depth=8 workers_busy=1 level=DEBUG
2026-03-14 02:58:21.859 runner heartbeat queue_depth=2 workers_busy=3 level=DEBUG
2026-03-14 02:06:28.998 runner heartbeat queue_depth=3 workers_busy=0 level=DEBUG
2026-03-14 02:43:07.842 runner heartbeat queue_depth=8 workers_busy=2 level=DEBUG
2026-03-14 02:44:46.398 runner heartbeat queue_depth=6 workers_busy=1 level=DEBUG
2026-03-14 02:12:38.323 runner heartbeat queue_depth=3 workers_busy=1 level=DEBUG
2026-03-14 02:15:44.736 runner heartbeat queue_depth=5 workers_busy=3 level=DEBUG
2026-03-14 03:12:33.727 runner heartbeat queue_depth=6 workers_busy=0 level=DEBUG
2026-03-14 02:27:41.653 runner heartbeat queue_depth=8 workers_busy=3 level=DEBUG
2026-03-14 02:12:52.856 runner heartbeat queue_depth=2 workers_busy=0 level=DEBUG
2026-03-14 02:36:34.840 runner heartbeat queue_depth=0 workers_busy=3 level=DEBUG
2026-03-14 02:14:44.023 runner heartbeat queue_depth=0 workers_busy=3 level=DEBUG
2026-03-14 02:27:11.972 runner heartbeat queue_depth=0 workers_busy=2 level=DEBUG
2026-03-14 02:26:59.327 runner heartbeat queue_depth=3 workers_busy=1 level=DEBUG
2026-03-14 02:32:28.366 runner heartbeat queue_depth=5 workers_busy=1 level=DEBUG
2026-03-14 02:19:54.168 runner heartbeat queue_depth=8 workers_busy=2 level=DEBUG
2026-03-14 03:08:28.521 runner heartbeat queue_depth=7 workers_busy=3 level=DEBUG
2026-03-14 02:03:16.739 runner heartbeat queue_depth=0 workers_busy=1 level=DEBUG
2026-03-14 03:11:35.400 runner heartbeat queue_depth=7 workers_busy=0 level=DEBUG
2026-03-14 03:02:45.880 runner heartbeat queue_depth=7 workers_busy=1 level=DEBUG
2026-03-14 02:26:30.024 runner heartbeat queue_depth=1 workers_busy=3 level=DEBUG
2026-03-14 02:26:27.984 runner heartbeat queue_depth=0 workers_busy=3 level=DEBUG
2026-03-14 03:10:13.507 runner heartbeat queue_depth=0 workers_busy=2 level=DEBUG
2026-03-14 02:40:59.135 runner heartbeat queue_depth=1 workers_busy=0 level=DEBUG
2026-03-14 02:44:20.320 runner heartbeat queue_depth=2 workers_busy=2 level=DEBUG
2026-03-14 03:13:42.449 runner heartbeat queue_depth=1 workers_busy=3 level=DEBUG
2026-03-14 02:47:28.773 runner heartbeat queue_depth=2 workers_busy=3 level=DEBUG
2026-03-14 02:30:39.445 runner heartbeat queue_depth=0 workers_busy=3 level=DEBUG
2026-03-14 02:54:19.355 runner heartbeat queue_depth=6 workers_busy=1 level=DEBUG
2026-03-14 02:00:53.724 runner heartbeat queue_depth=8 workers_busy=3 level=DEBUG
2026-03-14 02:42:46.627 runner heartbeat queue_depth=7 workers_busy=0 level=DEBUG
2026-03-14 02:11:55.728 runner heartbeat queue_depth=6 workers_busy=3 level=DEBUG
2026-03-14 02:45:06.730 runner heartbeat queue_depth=8 workers_busy=1 level=DEBUG
2026-03-14 02:36:37.342 runner heartbeat queue_depth=7 workers_busy=3 level=DEBUG
2026-03-14 02:50:31.753 runner heartbeat queue_depth=3 workers_busy=1 level=DEBUG
2026-03-14 02:06:04.419 runner heartbeat queue_depth=0 workers_busy=2 level=DEBUG
2026-03-14 02:52:11.924 runner heartbeat queue_depth=8 workers_busy=0 level=DEBUG
2026-03-14 02:28:18.530 runner heartbeat queue_depth=7 workers_busy=0 level=DEBUG
2026-03-14 02:06:47.144 runner heartbeat queue_depth=3 workers_busy=2 level=DEBUG
2026-03-14 02:44:08.510 runner heartbeat queue_depth=1 workers_busy=2 level=DEBUG
2026-03-14 02:50:51.932 runner heartbeat queue_depth=5 workers_busy=3 level=DEBUG
2026-03-14 02:06:54.819 runner heartbeat queue_depth=5 workers_busy=2 level=DEBUG
2026-03-14 03:08:11.919 runner heartbeat queue_depth=0 workers_busy=0 level=DEBUG
2026-03-14 02:25:29.355 runner heartbeat queue_depth=1 workers_busy=0 level=DEBUG
2026-03-14 02:10:10.148 runner heartbeat queue_depth=3 workers_busy=3 level=DEBUG
2026-03-14 02:14:04.451 runner heartbeat queue_depth=1 workers_busy=1 level=DEBUG
2026-03-14 02:53:00.967 runner heartbeat queue_depth=8 workers_busy=1 level=DEBUG
2026-03-14 03:10:14.824 runner heartbeat queue_depth=5 workers_busy=1 level=DEBUG
2026-03-14 02:04:21.182 runner heartbeat queue_depth=8 workers_busy=2 level=DEBUG
2026-03-14 03:07:31.923 runner heartbeat queue_depth=5 workers_busy=2 level=DEBUG
2026-03-14 02:42:00.291 runner heartbeat queue_depth=3 workers_busy=3 level=DEBUG
2026-03-14 02:10:16.024 runner heartbeat queue_depth=1 workers_busy=2 level=DEBUG
2026-03-14 02:58:41.657 runner heartbeat queue_depth=1 workers_busy=0 level=DEBUG
2026-03-14 02:18:57.833 runner heartbeat queue_depth=0 workers_busy=1 level=DEBUG
2026-03-14 02:54:10.257 runner heartbeat queue_depth=3 workers_busy=1 level=DEBUG
2026-03-14 02:57:02.622 runner heartbeat queue_depth=1 workers_busy=0 level=DEBUG
2026-03-14 02:49:22.961 runner heartbeat queue_depth=7 workers_busy=1 level=DEBUG
2026-03-14 03:05:50.874 runner heartbeat queue_depth=7 workers_busy=1 level=DEBUG
2026-03-14 02:01:09.973 runner heartbeat queue_depth=6 workers_busy=0 level=DEBUG
2026-03-14 02:49:35.986 runner heartbeat queue_depth=2 workers_busy=0 level=DEBUG
2026-03-14 02:41:54.997 runner heartbeat queue_depth=5 workers_busy=0 level=DEBUG
2026-03-14 03:11:11.090 runner heartbeat queue_depth=6 workers_busy=0 level=DEBUG
2026-03-14 02:05:26.943 runner heartbeat queue_depth=1 workers_busy=2 level=DEBUG
2026-03-14 03:02:26.473 runner heartbeat queue_depth=8 workers_busy=2 level=DEBUG
2026-03-14 02:55:01.911 runner heartbeat queue_depth=0 workers_busy=3 level=DEBUG
2026-03-14 03:06:03.771 runner heartbeat queue_depth=0 workers_busy=0 level=DEBUG
2026-03-14 02:44:59.237 runner heartbeat queue_depth=5 workers_busy=1 level=DEBUG
2026-03-14 02:37:39.548 runner heartbeat queue_depth=6 workers_busy=1 level=DEBUG
2026-03-14 02:39:49.911 runner heartbeat queue_depth=3 workers_busy=2 level=DEBUG
2026-03-14 02:19:44.203 runner heartbeat queue_depth=0 workers_busy=0 level=DEBUG
2026-03-14 02:30:01.375 runner heartbeat queue_depth=6 workers_busy=2 level=DEBUG
2026-03-14 02:29:12.615 runner heartbeat queue_depth=5 workers_busy=0 level=DEBUG
2026-03-14 02:14:11.613 runner heartbeat queue_depth=7 workers_busy=0 level=DEBUG
2026-03-14 02:42:03.448 runner heartbeat queue_depth=7 workers_busy=2 level=DEBUG
2026-03-14 02:13:01.834 runner heartbeat queue_depth=6 workers_busy=1 level=DEBUG
2026-03-14 02:39:17.418 runner heartbeat queue_depth=0 workers_busy=3 level=DEBUG
2026-03-14 02:25:27.792 runner heartbeat queue_depth=0 workers_busy=2 level=DEBUG
2026-03-14 02:30:22.270 runner heartbeat queue_depth=6 workers_busy=2 level=DEBUG
2026-03-14 03:04:25.544 runner heartbeat queue_depth=0 workers_busy=0 level=DEBUG
2026-03-14 02:33:19.193 runner heartbeat queue_depth=1 workers_busy=2 level=DEBUG
2026-03-14 02:24:30.218 runner heartbeat queue_depth=1 workers_busy=3 level=DEBUG
2026-03-14 02:35:14.392 runner heartbeat queue_depth=8 workers_busy=3 level=DEBUG
2026-03-14 02:51:04.417 runner heartbeat queue_depth=1 workers_busy=0 level=DEBUG
2026-03-14 02:39:44.080 runner heartbeat queue_depth=1 workers_busy=1 level=DEBUG
2026-03-14 03:11:24.260 runner heartbeat queue_depth=4 workers_busy=2 level=DEBUG
2026-03-14 02:19:17.574 runner heartbeat queue_depth=5 workers_busy=1 level=DEBUG
2026-03-14 02:13:29.086 runner heartbeat queue_depth=1 workers_busy=3 level=DEBUG
2026-03-14 03:13:12.009 runner heartbeat queue_depth=6 workers_busy=2 level=DEBUG
2026-03-14 02:47:19.732 runner heartbeat queue_depth=3 workers_busy=2 level=DEBUG
2026-03-14 02:50:47.213 runner heartbeat queue_depth=8 workers_busy=2 level=DEBUG
2026-03-14 02:49:24.287 runner heartbeat queue_depth=2 workers_busy=2 level=DEBUG
2026-03-14 02:00:37.575 runner heartbeat queue_depth=5 workers_busy=3 level=DEBUG
2026-03-14 02:24:25.938 runner heartbeat queue_depth=5 workers_busy=3 level=DEBUG
2026-03-14 03:08:05.757 runner heartbeat queue_depth=6 workers_busy=3 level=DEBUG
2026-03-14 02:20:51.671 runner heartbeat queue_depth=6 workers_busy=2 level=DEBUG
2026-03-14 02:18:00.373 runner heartbeat queue_depth=1 workers_busy=3 level=DEBUG
2026-03-14 02:40:20.548 runner heartbeat queue_depth=6 workers_busy=0 level=DEBUG
2026-03-14 02:12:00.915 runner heartbeat queue_depth=5 workers_busy=3 level=DEBUG
2026-03-14 02:41:17.744 runner heartbeat queue_depth=3 workers_busy=0 level=DEBUG
2026-03-14 02:32:31.030 runner heartbeat queue_depth=7 workers_busy=1 level=DEBUG
2026-03-14 02:34:53.249 runner heartbeat queue_depth=1 workers_busy=2 level=DEBUG
2026-03-14 02:17:22.604 runner heartbeat queue_depth=5 workers_busy=2 level=DEBUG
2026-03-14 02:51:01.610 runner heartbeat queue_depth=6 workers_busy=0 level=DEBUG
2026-03-14 03:12:34.166 runner heartbeat queue_depth=4 workers_busy=0 level=DEBUG
2026-03-14 02:19:57.646 runner heartbeat queue_depth=3 workers_busy=3 level=DEBUG
2026-03-14 02:41:32.794 runner heartbeat queue_depth=2 workers_busy=1 level=DEBUG
2026-03-14 02:28:12.681 runner heartbeat queue_depth=1 workers_busy=2 level=DEBUG
2026-03-14 02:32:44.398 runner heartbeat queue_depth=4 workers_busy=0 level=DEBUG
2026-03-14 02:14:22.410 runner heartbeat queue_depth=1 workers_busy=0 level=DEBUG
2026-03-14 02:43:21.293 runner heartbeat queue_depth=2 workers_busy=3 level=DEBUG
2026-03-14 03:14:47.218 runner heartbeat queue_depth=4 workers_busy=3 level=DEBUG
2026-03-14 02:32:29.922 runner heartbeat queue_depth=2 workers_busy=0 level=DEBUG
2026-03-14 02:32:29.773 runner heartbeat queue_depth=5 workers_busy=3 level=DEBUG
2026-03-14 02:34:40.006 runner heartbeat queue_depth=3 workers_busy=1 level=DEBUG
2026-03-14 02:07:57.778 runner heartbeat queue_depth=6 workers_busy=3 level=DEBUG
2026-03-14 02:26:34.929 runner heartbeat queue_depth=5 workers_busy=1 level=DEBUG
2026-03-14 02:48:44.435 runner heartbeat queue_depth=3 workers_busy=3 level=DEBUG
2026-03-14 03:00:25.992 runner heartbeat queue_depth=0 workers_busy=3 level=DEBUG
2026-03-14 02:22:57.435 runner heartbeat queue_depth=0 workers_busy=2 level=DEBUG
2026-03-14 02:44:38.660 runner heartbeat queue_depth=4 workers_busy=1 level=DEBUG
2026-03-14 03:08:30.286 runner heartbeat queue_depth=6 workers_busy=1 level=DEBUG
2026-03-14 02:56:10.608 runner heartbeat queue_depth=3 workers_busy=2 level=DEBUG
2026-03-14 02:40:46.834 runner heartbeat queue_depth=8 workers_busy=3 level=DEBUG
2026-03-14 02:03:36.265 runner heartbeat queue_depth=8 workers_busy=0 level=DEBUG
2026-03-14 03:06:34.087 runner heartbeat queue_depth=2 workers_busy=2 level=DEBUG
2026-03-14 02:26:01.353 runner heartbeat queue_depth=3 workers_busy=3 level=DEBUG
2026-03-14 02:23:41.231 runner heartbeat queue_depth=6 workers_busy=2 level=DEBUG
2026-03-14 03:07:21.804 runner heartbeat queue_depth=6 workers_busy=2 level=DEBUG
2026-03-14 02:35:57.703 runner heartbeat queue_depth=2 workers_busy=0 level=DEBUG
2026-03-14 02:44:04.579 runner heartbeat queue_depth=6 workers_busy=2 level=DEBUG
2026-03-14 02:39:24.264 runner heartbeat queue_depth=8 workers_busy=0 level=DEBUG
2026-03-14 02:43:47.163 runner heartbeat queue_depth=0 workers_busy=2 level=DEBUG
2026-03-14 02:44:07.739 runner heartbeat queue_depth=6 workers_busy=3 level=DEBUG
2026-03-14 03:09:11.826 runner heartbeat queue_depth=6 workers_busy=3 level=DEBUG
2026-03-14 02:13:36.413 runner heartbeat queue_depth=3 workers_busy=3 level=DEBUG
2026-03-14 02:11:56.392 runner heartbeat queue_depth=7 workers_busy=0 level=DEBUG
2026-03-14 02:30:49.144 runner heartbeat queue_depth=3 workers_busy=0 level=DEBUG
2026-03-14 02:57:33.044 runner heartbeat queue_depth=6 workers_busy=1 level=DEBUG
2026-03-14 02:40:11.335 runner heartbeat queue_depth=3 workers_busy=2 level=DEBUG
2026-03-14 03:07:35.930 runner heartbeat queue_depth=6 workers_busy=0 level=DEBUG
2026-03-14 02:43:33.383 runner heartbeat queue_depth=6 workers_busy=3 level=DEBUG
2026-03-14 02:39:58.461 runner heartbeat queue_depth=0 workers_busy=3 level=DEBUG
2026-03-14 02:53:31.250 runner heartbeat queue_depth=0 workers_busy=2 level=DEBUG
2026-03-14 03:03:31.677 runner heartbeat queue_depth=7 workers_busy=0 level=DEBUG
2026-03-14 02:07:01.238 runner heartbeat queue_depth=3 workers_busy=0 level=DEBUG
2026-03-14 03:07:44.088 runner heartbeat queue_depth=8 workers_busy=2 level=DEBUG
2026-03-14 02:16:42.163 runner heartbeat queue_depth=6 workers_busy=1 level=DEBUG
2026-03-14 02:03:45.827 runner heartbeat queue_depth=0 workers_busy=3 level=DEBUG
2026-03-14 02:37:56.810 runner heartbeat queue_depth=6 workers_busy=0 level=DEBUG
2026-03-14 03:07:20.903 runner heartbeat queue_depth=6 workers_busy=0 level=DEBUG
2026-03-14 02:26:05.671 runner heartbeat queue_depth=0 workers_busy=3 level=DEBUG
2026-03-14 02:06:19.480 runner heartbeat queue_depth=5 workers_busy=1 level=DEBUG
2026-03-14 03:07:43.083 runner heartbeat queue_depth=0 workers_busy=1 level=DEBUG
2026-03-14 02:17:25.966 runner heartbeat queue_depth=4 workers_busy=1 level=DEBUG
2026-03-14 02:46:56.335 runner heartbeat queue_depth=8 workers_busy=1 level=DEBUG
2026-03-14 03:09:33.198 runner heartbeat queue_depth=7 workers_busy=0 level=DEBUG
2026-03-14 03:07:01.319 runner heartbeat queue_depth=4 workers_busy=1 level=DEBUG
2026-03-14 03:11:14.065 runner heartbeat queue_depth=7 workers_busy=0 level=DEBUG
2026-03-14 02:31:13.255 runner heartbeat queue_depth=6 workers_busy=3 level=DEBUG
2026-03-14 03:06:48.846 runner heartbeat queue_depth=7 workers_busy=1 level=DEBUG
2026-03-14 02:53:12.992 runner heartbeat queue_depth=5 workers_busy=3 level=DEBUG
2026-03-14 03:09:26.753 runner heartbeat queue_depth=4 workers_busy=3 level=DEBUG
2026-03-14 02:59:03.440 runner heartbeat queue_depth=7 workers_busy=1 level=DEBUG
2026-03-14 02:46:29.671 runner heartbeat queue_depth=4 workers_busy=2 level=DEBUG
2026-03-14 02:57:59.604 runner heartbeat queue_depth=2 workers_busy=1 level=DEBUG
2026-03-14 02:50:53.743 runner heartbeat queue_depth=4 workers_busy=0 level=DEBUG
2026-03-14 02:48:34.624 runner heartbeat queue_depth=4 workers_busy=0 level=DEBUG
2026-03-14 02:41:57.340 runner heartbeat queue_depth=8 workers_busy=0 level=DEBUG
2026-03-14 02:58:09.433 runner heartbeat queue_depth=0 workers_busy=1 level=DEBUG
2026-03-14 02:19:30.989 runner heartbeat queue_depth=0 workers_busy=2 level=DEBUG
2026-03-14 02:13:59.413 runner heartbeat queue_depth=0 workers_busy=1 level=DEBUG
2026-03-14 02:59:01.311 runner heartbeat queue_depth=5 workers_busy=3 level=DEBUG
2026-03-14 02:06:02.167 runner heartbeat queue_depth=5 workers_busy=1 level=DEBUG
2026-03-14 02:06:16.816 runner heartbeat queue_depth=5 workers_busy=3 level=DEBUG
2026-03-14 02:16:27.577 runner heartbeat queue_depth=8 workers_busy=0 level=DEBUG
2026-03-14 02:03:34.075 runner heartbeat queue_depth=3 workers_busy=2 level=DEBUG
2026-03-14 02:47:49.640 runner heartbeat queue_depth=0 workers_busy=2 level=DEBUG
2026-03-14 02:33:29.752 runner heartbeat queue_depth=8 workers_busy=2 level=DEBUG
2026-03-14 02:01:46.850 runner heartbeat queue_depth=6 workers_busy=2 level=DEBUG
2026-03-14 02:53:11.439 runner heartbeat queue_depth=2 workers_busy=1 level=DEBUG
2026-03-14 03:02:58.334 runner heartbeat queue_depth=3 workers_busy=0 level=DEBUG
2026-03-14 02:58:13.545 runner heartbeat queue_depth=0 workers_busy=2 level=DEBUG
2026-03-14 02:22:03.025 runner heartbeat queue_depth=8 workers_busy=0 level=DEBUG
2026-03-14 02:46:07.855 runner heartbeat queue_depth=5 workers_busy=0 level=DEBUG
2026-03-14 02:52:31.707 runner heartbeat queue_depth=4 workers_busy=2 level=DEBUG
2026-03-14 02:35:06.164 runner heartbeat queue_depth=3 workers_busy=1 level=DEBUG
2026-03-14 02:52:16.395 runner heartbeat queue_depth=2 workers_busy=1 level=DEBUG
2026-03-14 02:13:53.571 runner heartbeat queue_depth=6 workers_busy=1 level=DEBUG
2026-03-14 02:53:11.493 runner heartbeat queue_depth=2 workers_busy=3 level=DEBUG
2026-03-14 02:19:51.508 runner heartbeat queue_depth=8 workers_busy=1 level=DEBUG
2026-03-14 03:02:00.130 runner heartbeat queue_depth=2 workers_busy=0 level=DEBUG
2026-03-14 02:00:35.745 runner heartbeat queue_depth=7 workers_busy=1 level=DEBUG
2026-03-14 02:54:18.181 runner heartbeat queue_depth=1 workers_busy=0 level=DEBUG
2026-03-14 02:54:10.681 runner heartbeat queue_depth=2 workers_busy=1 level=DEBUG
2026-03-14 02:37:28.244 runner heartbeat queue_depth=4 workers_busy=2 level=DEBUG
2026-03-14 02:01:59.027 runner heartbeat queue_depth=3 workers_busy=0 level=DEBUG
2026-03-14 02:23:22.999 runner heartbeat queue_depth=5 workers_busy=2 level=DEBUG
2026-03-14 03:09:56.611 runner heartbeat queue_depth=8 workers_busy=2 level=DEBUG
2026-03-14 03:09:05.216 runner heartbeat queue_depth=3 workers_busy=2 level=DEBUG
2026-03-14 02:13:42.416 runner heartbeat queue_depth=8 workers_busy=1 level=DEBUG
2026-03-14 02:36:41.597 runner heartbeat queue_depth=6 workers_busy=3 level=DEBUG
2026-03-14 02:58:23.444 runner heartbeat queue_depth=0 workers_busy=0 level=DEBUG
2026-03-14 02:27:54.629 runner heartbeat queue_depth=7 workers_busy=2 level=DEBUG
2026-03-14 02:11:26.481 runner heartbeat queue_depth=3 workers_busy=0 level=DEBUG
2026-03-14 03:02:15.316 runner heartbeat queue_depth=1 workers_busy=0 level=DEBUG
2026-03-14 02:47:45.307 runner heartbeat queue_depth=5 workers_busy=3 level=DEBUG
2026-03-14 02:35:51.957 runner heartbeat queue_depth=6 workers_busy=1 level=DEBUG
2026-03-14 02:46:28.020 runner heartbeat queue_depth=7 workers_busy=2 level=DEBUG
2026-03-14 03:02:37.263 runner heartbeat queue_depth=6 workers_busy=2 level=DEBUG
2026-03-14 03:00:31.710 runner heartbeat queue_depth=4 workers_busy=2 level=DEBUG
2026-03-14 03:13:50.836 runner heartbeat queue_depth=7 workers_busy=0 level=DEBUG
2026-03-14 02:40:59.929 runner heartbeat queue_depth=7 workers_busy=3 level=DEBUG
2026-03-14 02:31:38.631 runner heartbeat queue_depth=1 workers_busy=1 level=DEBUG
2026-03-14 02:15:35.649 runner heartbeat queue_depth=3 workers_busy=0 level=DEBUG
2026-03-14 02:06:45.774 runner heartbeat queue_depth=1 workers_busy=0 level=DEBUG
2026-03-14 02:03:57.926 runner heartbeat queue_depth=2 workers_busy=2 level=DEBUG
2026-03-14 02:10:17.884 runner heartbeat queue_depth=8 workers_busy=1 level=DEBUG
2026-03-14 02:16:41.880 runner heartbeat queue_depth=3 workers_busy=0 level=DEBUG
2026-03-14 02:27:58.070 runner heartbeat queue_depth=7 workers_busy=2 level=DEBUG
2026-03-14 02:54:18.770 runner heartbeat queue_depth=8 workers_busy=3 level=DEBUG
2026-03-14 02:14:02.373 runner heartbeat queue_depth=6 workers_busy=1 level=DEBUG
2026-03-14 02:53:36.158 runner heartbeat queue_depth=8 workers_busy=0 level=DEBUG
2026-03-14 02:29:22.316 runner heartbeat queue_depth=3 workers_busy=1 level=DEBUG
2026-03-14 03:03:27.102 runner heartbeat queue_depth=2 workers_busy=2 level=DEBUG
2026-03-14 02:40:59.117 runner heartbeat queue_depth=2 workers_busy=1 level=DEBUG
2026-03-14 02:26:40.081 runner heartbeat queue_depth=2 workers_busy=1 level=DEBUG
2026-03-14 03:10:05.199 runner heartbeat queue_depth=2 workers_busy=3 level=DEBUG
2026-03-14 02:40:23.045 runner heartbeat queue_depth=2 workers_busy=3 level=DEBUG
2026-03-14 02:10:01.342 runner heartbeat queue_depth=1 workers_busy=2 level=DEBUG
2026-03-14 03:14:05.535 runner heartbeat queue_depth=4 workers_busy=2 level=DEBUG
2026-03-14 02:19:02.373 runner heartbeat queue_depth=0 workers_busy=2 level=DEBUG
2026-03-14 02:14:28.477 runner heartbeat queue_depth=5 workers_busy=3 level=DEBUG
2026-03-14 02:11:07.108 runner heartbeat queue_depth=5 workers_busy=2 level=DEBUG
2026-03-14 02:32:05.070 runner heartbeat queue_depth=8 workers_busy=0 level=DEBUG
2026-03-14 02:57:20.607 runner heartbeat queue_depth=5 workers_busy=0 level=DEBUG
2026-03-14 03:03:18.008 runner heartbeat queue_depth=2 workers_busy=2 level=DEBUG
2026-03-14 02:53:00.898 runner heartbeat queue_depth=1 workers_busy=1 level=DEBUG
2026-03-14 02:03:35.670 runner heartbeat queue_depth=5 workers_busy=0 level=DEBUG
2026-03-14 02:55:26.660 runner heartbeat queue_depth=2 workers_busy=1 level=DEBUG
2026-03-14 02:52:03.262 runner heartbeat queue_depth=5 workers_busy=3 level=DEBUG
2026-03-14 02:43:49.025 runner heartbeat queue_depth=6 workers_busy=0 level=DEBUG
2026-03-14 02:47:53.429 runner heartbeat queue_depth=1 workers_busy=3 level=DEBUG
2026-03-14 02:45:33.329 runner heartbeat queue_depth=1 workers_busy=1 level=DEBUG
2026-03-14 02:01:24.688 runner heartbeat queue_depth=0 workers_busy=1 level=DEBUG
2026-03-14 02:24:08.999 runner heartbeat queue_depth=8 workers_busy=1 level=DEBUG
2026-03-14 02:06:12.258 runner heartbeat queue_depth=2 workers_busy=1 level=DEBUG
2026-03-14 02:59:27.361 runner heartbeat queue_depth=3 workers_busy=1 level=DEBUG
2026-03-14 02:25:27.279 runner heartbeat queue_depth=7 workers_busy=2 level=DEBUG
2026-03-14 03:10:58.639 runner heartbeat queue_depth=7 workers_busy=0 level=DEBUG
2026-03-14 02:05:55.934 runner heartbeat queue_depth=8 workers_busy=2 level=DEBUG
2026-03-14 03:13:26.349 runner heartbeat queue_depth=5 workers_busy=3 level=DEBUG
2026-03-14 02:48:45.398 runner heartbeat queue_depth=7 workers_busy=2 level=DEBUG
2026-03-14 03:14:11.404 runner heartbeat queue_depth=5 workers_busy=0 level=DEBUG
2026-03-14 02:50:19.946 runner heartbeat queue_depth=8 workers_busy=1 level=DEBUG
2026-03-14 02:43:10.653 runner heartbeat queue_depth=7 workers_busy=3 level=DEBUG
2026-03-14 02:18:22.671 runner heartbeat queue_depth=3 workers_busy=0 level=DEBUG
2026-03-14 02:35:23.081 runner heartbeat queue_depth=5 workers_busy=1 level=DEBUG
2026-03-14 02:43:16.619 runner heartbeat queue_depth=5 workers_busy=2 level=DEBUG
2026-03-14 03:09:52.726 runner heartbeat queue_depth=3 workers_busy=1 level=DEBUG
2026-03-14 03:13:48.769 runner heartbeat queue_depth=2 workers_busy=2 level=DEBUG
2026-03-14 02:29:16.074 runner heartbeat queue_depth=6 workers_busy=0 level=DEBUG
2026-03-14 02:59:51.065 runner heartbeat queue_depth=4 workers_busy=0 level=DEBUG
2026-03-14 02:30:55.962 runner heartbeat queue_depth=7 workers_busy=1 level=DEBUG
2026-03-14 02:57:15.937 runner heartbeat queue_depth=2 workers_busy=3 level=DEBUG
2026-03-14 03:14:27.544 runner heartbeat queue_depth=1 workers_busy=2 level=DEBUG
2026-03-14 03:06:23.313 runner heartbeat queue_depth=5 workers_busy=2 level=DEBUG
2026-03-14 02:21:40.156 runner heartbeat queue_depth=3 workers_busy=0 level=DEBUG
2026-03-14 02:31:39.551 runner heartbeat queue_depth=7 workers_busy=2 level=DEBUG
2026-03-14 03:01:59.092 runner heartbeat queue_depth=0 workers_busy=1 level=DEBUG
2026-03-14 02:05:03.267 runner heartbeat queue_depth=2 workers_busy=0 level=DEBUG
2026-03-14 02:19:06.720 runner heartbeat queue_depth=5 workers_busy=1 level=DEBUG
2026-03-14 02:16:19.866 runner heartbeat queue_depth=3 workers_busy=2 level=DEBUG
2026-03-14 03:00:37.974 runner heartbeat queue_depth=2 workers_busy=3 level=DEBUG
2026-03-14 02:54:39.718 runner heartbeat queue_depth=6 workers_busy=0 level=DEBUG
2026-03-14 02:27:44.171 runner heartbeat queue_depth=0 workers_busy=2 level=DEBUG
2026-03-14 03:12:23.327 runner heartbeat queue_depth=2 workers_busy=3 level=DEBUG
2026-03-14 02:12:57.151 runner heartbeat queue_depth=4 workers_busy=1 level=DEBUG
2026-03-14 03:05:22.572 runner heartbeat queue_depth=6 workers_busy=2 level=DEBUG
2026-03-14 02:37:32.693 runner heartbeat queue_depth=2 workers_busy=2 level=DEBUG
2026-03-14 02:53:02.908 runner heartbeat queue_depth=2 workers_busy=1 level=DEBUG
2026-03-14 02:53:33.885 runner heartbeat queue_depth=2 workers_busy=2 level=DEBUG
2026-03-14 03:01:14.135 runner heartbeat queue_depth=3 workers_busy=0 level=DEBUG
2026-03-14 02:56:55.874 runner heartbeat queue_depth=0 workers_busy=2 level=DEBUG
2026-03-14 02:46:18.696 runner heartbeat queue_depth=6 workers_busy=2 level=DEBUG
2026-03-14 02:48:16.069 runner heartbeat queue_depth=2 workers_busy=2 level=DEBUG
2026-03-14 02:03:00.995 runner heartbeat queue_depth=6 workers_busy=3 level=DEBUG
2026-03-14 02:02:27.718 runner heartbeat queue_depth=5 workers_busy=0 level=DEBUG
2026-03-14 02:52:42.195 runner heartbeat queue_depth=7 workers_busy=3 level=DEBUG
2026-03-14 02:28:37.004 runner heartbeat queue_depth=5 workers_busy=2 level=DEBUG
2026-03-14 02:24:00.451 runner heartbeat queue_depth=5 workers_busy=2 level=DEBUG
2026-03-14 02:47:35.901 runner heartbeat queue_depth=8 workers_busy=2 level=DEBUG
2026-03-14 02:48:22.361 runner heartbeat queue_depth=6 workers_busy=2 level=DEBUG
2026-03-14 02:31:56.871 runner heartbeat queue_depth=8 workers_busy=0 level=DEBUG
2026-03-14 02:21:26.933 runner heartbeat queue_depth=0 workers_busy=2 level=DEBUG
2026-03-14 02:08:44.150 runner heartbeat queue_depth=8 workers_busy=2 level=DEBUG
2026-03-14 03:07:04.799 runner heartbeat queue_depth=5 workers_busy=0 level=DEBUG
2026-03-14 02:36:20.879 runner heartbeat queue_depth=0 workers_busy=0 level=DEBUG
2026-03-14 03:01:18.844 runner heartbeat queue_depth=6 workers_busy=1 level=DEBUG
2026-03-14 02:28:39.097 runner heartbeat queue_depth=5 workers_busy=2 level=DEBUG
2026-03-14 02:36:18.089 runner heartbeat queue_depth=5 workers_busy=2 level=DEBUG
2026-03-14 02:48:05.949 runner heartbeat queue_depth=6 workers_busy=3 level=DEBUG
2026-03-14 02:23:44.943 runner heartbeat queue_depth=6 workers_busy=0 level=DEBUG
2026-03-14 03:08:34.075 runner heartbeat queue_depth=8 workers_busy=1 level=DEBUG
2026-03-14 02:24:06.698 runner heartbeat queue_depth=2 workers_busy=0 level=DEBUG
2026-03-14 02:44:14.201 runner heartbeat queue_depth=4 workers_busy=3 level=DEBUG
2026-03-14 02:25:04.817 runner heartbeat queue_depth=6 workers_busy=0 level=DEBUG
2026-03-14 02:41:37.073 runner heartbeat queue_depth=6 workers_busy=2 level=DEBUG
2026-03-14 03:08:45.802 runner heartbeat queue_depth=0 workers_busy=1 level=DEBUG
2026-03-14 02:10:43.340 runner heartbeat queue_depth=2 workers_busy=2 level=DEBUG
2026-03-14 03:01:23.802 runner heartbeat queue_depth=7 workers_busy=1 level=DEBUG
2026-03-14 02:06:28.064 runner heartbeat queue_depth=7 workers_busy=2 level=DEBUG
2026-03-14 03:09:20.583 runner heartbeat queue_depth=8 workers_busy=0 level=DEBUG
2026-03-14 02:56:20.961 runner heartbeat queue_depth=0 workers_busy=0 level=DEBUG
2026-03-14 02:34:13.524 runner heartbeat queue_depth=8 workers_busy=1 level=DEBUG
2026-03-14 02:31:14.400 runner heartbeat queue_depth=8 workers_busy=2 level=DEBUG
2026-03-14 02:06:03.140 runner heartbeat queue_depth=8 workers_busy=0 level=DEBUG
2026-03-14 02:41:13.787 runner heartbeat queue_depth=6 workers_busy=0 level=DEBUG
2026-03-14 03:10:06.911 runner heartbeat queue_depth=5 workers_busy=2 level=DEBUG
2026-03-14 02:06:18.036 runner heartbeat queue_depth=5 workers_busy=0 level=DEBUG
2026-03-14 02:25:02.941 runner heartbeat queue_depth=3 workers_busy=1 level=DEBUG
2026-03-14 02:01:37.651 runner heartbeat queue_depth=0 workers_busy=2 level=DEBUG
2026-03-14 02:34:27.400 runner heartbeat queue_depth=2 workers_busy=0 level=DEBUG
2026-03-14 02:41:17.881 runner heartbeat queue_depth=3 workers_busy=1 level=DEBUG
2026-03-14 02:47:08.315 runner heartbeat queue_depth=8 workers_busy=0 level=DEBUG
2026-03-14 03:10:19.003 runner heartbeat queue_depth=3 workers_busy=0 level=DEBUG
2026-03-14 02:18:32.968 runner heartbeat queue_depth=3 workers_busy=1 level=DEBUG
2026-03-14 02:01:06.925 runner heartbeat queue_depth=3 workers_busy=1 level=DEBUG
2026-03-14 02:17:21.067 runner heartbeat queue_depth=7 workers_busy=0 level=DEBUG
2026-03-14 02:27:41.280 runner heartbeat queue_depth=2 workers_busy=0 level=DEBUG
2026-03-14 02:34:13.368 runner heartbeat queue_depth=8 workers_busy=1 level=DEBUG
2026-03-14 02:29:39.629 runner heartbeat queue_depth=4 workers_busy=0 level=DEBUG
2026-03-14 02:18:36.429 runner heartbeat queue_depth=8 workers_busy=1 level=DEBUG
2026-03-14 03:14:11.168 runner heartbeat queue_depth=1 workers_busy=3 level=DEBUG
2026-03-14 02:15:53.280 runner heartbeat queue_depth=8 workers_busy=3 level=DEBUG
2026-03-14 03:04:30.670 runner heartbeat queue_depth=6 workers_busy=1 level=DEBUG
2026-03-14 02:20:23.572 runner heartbeat queue_depth=5 workers_busy=0 level=DEBUG
2026-03-14 02:48:29.556 runner heartbeat queue_depth=6 workers_busy=3 level=DEBUG
2026-03-14 02:39:30.922 runner heartbeat queue_depth=2 workers_busy=3 level=DEBUG
2026-03-14 02:02:34.152 runner heartbeat queue_depth=4 workers_busy=2 level=DEBUG
2026-03-14 02:23:14.093 runner heartbeat queue_depth=6 workers_busy=0 level=DEBUG
2026-03-14 03:12:45.223 runner heartbeat queue_depth=6 workers_busy=1 level=DEBUG
2026-03-14 02:13:41.816 runner heartbeat queue_depth=4 workers_busy=2 level=DEBUG
2026-03-14 02:10:50.733 runner heartbeat queue_depth=2 workers_busy=0 level=DEBUG
2026-03-14 02:34:40.879 runner heartbeat queue_depth=7 workers_busy=2 level=DEBUG
2026-03-14 02:36:38.826 runner heartbeat queue_depth=0 workers_busy=1 level=DEBUG
2026-03-14 02:50:03.335 runner heartbeat queue_depth=3 workers_busy=2 level=DEBUG
2026-03-14 02:30:27.913 runner heartbeat queue_depth=5 workers_busy=1 level=DEBUG
2026-03-14 02:34:07.841 runner heartbeat queue_depth=8 workers_busy=3 level=DEBUG
2026-03-14 02:29:55.182 runner heartbeat queue_depth=6 workers_busy=0 level=DEBUG
2026-03-14 02:27:26.676 runner heartbeat queue_depth=0 workers_busy=0 level=DEBUG
2026-03-14 02:31:57.131 runner heartbeat queue_depth=1 workers_busy=2 level=DEBUG
2026-03-14 02:52:13.196 runner heartbeat queue_depth=6 workers_busy=3 level=DEBUG
2026-03-14 02:47:06.621 runner heartbeat queue_depth=7 workers_busy=0 level=DEBUG
2026-03-14 03:02:04.806 runner heartbeat queue_depth=5 workers_busy=3 level=DEBUG
2026-03-14 02:09:13.183 runner heartbeat queue_depth=3 workers_busy=2 level=DEBUG
2026-03-14 02:32:13.073 runner heartbeat queue_depth=0 workers_busy=1 level=DEBUG
2026-03-14 03:14:51.354 runner heartbeat queue_depth=8 workers_busy=3 level=DEBUG
2026-03-14 02:47:12.980 runner heartbeat queue_depth=1 workers_busy=0 level=DEBUG
2026-03-14 03:10:54.298 runner heartbeat queue_depth=8 workers_busy=3 level=DEBUG
2026-03-14 02:09:50.570 runner heartbeat queue_depth=3 workers_busy=1 level=DEBUG
2026-03-14 02:35:35.578 runner heartbeat queue_depth=6 workers_busy=3 level=DEBUG
2026-03-14 03:00:59.523 runner heartbeat queue_depth=4 workers_busy=1 level=DEBUG
2026-03-14 02:32:05.653 runner heartbeat queue_depth=8 workers_busy=3 level=DEBUG
2026-03-14 02:33:36.441 runner heartbeat queue_depth=2 workers_busy=1 level=DEBUG
2026-03-14 02:34:34.604 runner heartbeat queue_depth=5 workers_busy=2 level=DEBUG
2026-03-14 02:20:21.834 runner heartbeat queue_depth=6 workers_busy=0 level=DEBUG
2026-03-14 02:31:46.847 runner heartbeat queue_depth=2 workers_busy=3 level=DEBUG
2026-03-14 02:26:07.736 runner heartbeat queue_depth=0 workers_busy=0 level=DEBUG
2026-03-14 02:43:26.686 runner heartbeat queue_depth=4 workers_busy=0 level=DEBUG
2026-03-14 02:36:07.481 runner heartbeat queue_depth=2 workers_busy=0 level=DEBUG
2026-03-14 02:39:47.447 runner heartbeat queue_depth=3 workers_busy=0 level=DEBUG
2026-03-14 02:40:10.909 runner heartbeat queue_depth=5 workers_busy=2 level=DEBUG
2026-03-14 02:13:07.712 runner heartbeat queue_depth=2 workers_busy=0 level=DEBUG
2026-03-14 03:03:55.390 runner heartbeat queue_depth=3 workers_busy=3 level=DEBUG
2026-03-14 02:47:04.264 runner heartbeat queue_depth=4 workers_busy=2 level=DEBUG
2026-03-14 02:37:14.729 runner heartbeat queue_depth=3 workers_busy=0 level=DEBUG
2026-03-14 02:54:45.497 runner heartbeat queue_depth=0 workers_busy=3 level=DEBUG
2026-03-14 03:13:21.217 runner heartbeat queue_depth=7 workers_busy=1 level=DEBUG
2026-03-14 02:06:15.825 runner heartbeat queue_depth=0 workers_busy=2 level=DEBUG
2026-03-14 03:06:14.385 runner heartbeat queue_depth=2 workers_busy=2 level=DEBUG
2026-03-14 02:34:56.818 runner heartbeat queue_depth=7 workers_busy=2 level=DEBUG
2026-03-14 02:20:38.464 runner heartbeat queue_depth=5 workers_busy=0 level=DEBUG
2026-03-14 02:37:37.645 runner heartbeat queue_depth=8 workers_busy=0 level=DEBUG
2026-03-14 02:30:32.010 runner heartbeat queue_depth=6 workers_busy=2 level=DEBUG
2026-03-14 02:44:36.463 runner heartbeat queue_depth=1 workers_busy=0 level=DEBUG
2026-03-14 02:46:36.758 runner heartbeat queue_depth=6 workers_busy=0 level=DEBUG
2026-03-14 02:29:51.608 runner heartbeat queue_depth=6 workers_busy=1 level=DEBUG
2026-03-14 02:29:55.381 runner heartbeat queue_depth=2 workers_busy=0 level=DEBUG
2026-03-14 03:07:19.902 runner heartbeat queue_depth=7 workers_busy=0 level=DEBUG
2026-03-14 02:37:33.890 runner heartbeat queue_depth=3 workers_busy=0 level=DEBUG
2026-03-14 03:09:22.417 runner heartbeat queue_depth=1 workers_busy=0 level=DEBUG
2026-03-14 02:35:52.857 runner heartbeat queue_depth=4 workers_busy=3 level=DEBUG
2026-03-14 02:50:07.008 runner heartbeat queue_depth=4 workers_busy=0 level=DEBUG
2026-03-14 02:35:13.157 runner heartbeat queue_depth=6 workers_busy=0 level=DEBUG
2026-03-14 02:06:02.793 runner heartbeat queue_depth=7 workers_busy=1 level=DEBUG
2026-03-14 02:22:49.231 runner heartbeat queue_depth=4 workers_busy=1 level=DEBUG
2026-03-14 02:37:24.211 runner heartbeat queue_depth=7 workers_busy=1 level=DEBUG
2026-03-14 02:33:23.786 runner heartbeat queue_depth=4 workers_busy=2 level=DEBUG
2026-03-14 02:05:37.081 runner heartbeat queue_depth=8 workers_busy=0 level=DEBUG
2026-03-14 02:22:25.004 runner heartbeat queue_depth=1 workers_busy=0 level=DEBUG
2026-03-14 02:11:26.174 runner heartbeat queue_depth=6 workers_busy=0 level=DEBUG
2026-03-14 02:01:11.231 runner heartbeat queue_depth=4 workers_busy=1 level=DEBUG
2026-03-14 02:28:53.811 runner heartbeat queue_depth=2 workers_busy=3 level=DEBUG
2026-03-14 02:59:56.505 runner heartbeat queue_depth=1 workers_busy=3 level=DEBUG
2026-03-14 02:11:50.645 runner heartbeat queue_depth=3 workers_busy=1 level=DEBUG
2026-03-14 03:01:53.992 runner heartbeat queue_depth=4 workers_busy=2 level=DEBUG
2026-03-14 03:09:51.953 runner heartbeat queue_depth=3 workers_busy=0 level=DEBUG
2026-03-14 02:16:35.854 runner heartbeat queue_depth=4 workers_busy=3 level=DEBUG
2026-03-14 02:04:14.932 runner heartbeat queue_depth=5 workers_busy=1 level=DEBUG
2026-03-14 02:58:07.546 runner heartbeat queue_depth=6 workers_busy=1 level=DEBUG
2026-03-14 02:49:53.393 runner heartbeat queue_depth=7 workers_busy=0 level=DEBUG
2026-03-14 02:59:00.088 runner heartbeat queue_depth=5 workers_busy=3 level=DEBUG
2026-03-14 03:08:33.942 runner heartbeat queue_depth=1 workers_busy=2 level=DEBUG
2026-03-14 02:38:14.323 runner heartbeat queue_depth=8 workers_busy=3 level=DEBUG
2026-03-14 02:04:26.979 runner heartbeat queue_depth=8 workers_busy=3 level=DEBUG
2026-03-14 02:06:15.184 runner heartbeat queue_depth=3 workers_busy=1 level=DEBUG
2026-03-14 02:54:45.250 runner heartbeat queue_depth=8 workers_busy=3 level=DEBUG
2026-03-14 02:37:53.792 runner heartbeat queue_depth=7 workers_busy=0 level=DEBUG
2026-03-14 02:30:58.489 runner heartbeat queue_depth=6 workers_busy=2 level=DEBUG
2026-03-14 02:09:29.036 runner heartbeat queue_depth=2 workers_busy=1 level=DEBUG
2026-03-14 02:04:22.623 runner heartbeat queue_depth=2 workers_busy=3 level=DEBUG
2026-03-14 02:56:37.322 runner heartbeat queue_depth=8 workers_busy=2 level=DEBUG
2026-03-14 02:00:27.931 runner heartbeat queue_depth=3 workers_busy=1 level=DEBUG
2026-03-14 02:37:51.816 runner heartbeat queue_depth=7 workers_busy=3 level=DEBUG
2026-03-14 02:24:33.038 runner heartbeat queue_depth=0 workers_busy=2 level=DEBUG
2026-03-14 03:01:49.034 runner heartbeat queue_depth=3 workers_busy=3 level=DEBUG
2026-03-14 03:07:52.836 runner heartbeat queue_depth=3 workers_busy=0 level=DEBUG
2026-03-14 02:20:41.517 runner heartbeat queue_depth=2 workers_busy=2 level=DEBUG
2026-03-14 02:19:10.895 runner heartbeat queue_depth=4 workers_busy=2 level=DEBUG
2026-03-14 02:44:24.620 runner heartbeat queue_depth=2 workers_busy=0 level=DEBUG
2026-03-14 02:51:48.119 runner heartbeat queue_depth=2 workers_busy=1 level=DEBUG
2026-03-14 03:14:35.839 runner heartbeat queue_depth=0 workers_busy=0 level=DEBUG
2026-03-14 02:06:40.137 runner heartbeat queue_depth=7 workers_busy=2 level=DEBUG
2026-03-14 02:38:49.556 runner heartbeat queue_depth=6 workers_busy=3 level=DEBUG
2026-03-14 02:56:37.547 runner heartbeat queue_depth=6 workers_busy=1 level=DEBUG
2026-03-14 03:10:36.286 runner heartbeat queue_depth=0 workers_busy=0 level=DEBUG
2026-03-14 02:10:13.357 runner heartbeat queue_depth=6 workers_busy=2 level=DEBUG
2026-03-14 03:03:18.124 runner heartbeat queue_depth=3 workers_busy=3 level=DEBUG
2026-03-14 02:15:38.763 runner heartbeat queue_depth=0 workers_busy=2 level=DEBUG
2026-03-14 02:13:31.410 runner heartbeat queue_depth=5 workers_busy=1 level=DEBUG
2026-03-14 03:11:58.066 runner heartbeat queue_depth=0 workers_busy=1 level=DEBUG
2026-03-14 02:01:53.637 runner heartbeat queue_depth=3 workers_busy=1 level=DEBUG
2026-03-14 02:13:35.910 runner heartbeat queue_depth=4 workers_busy=1 level=DEBUG
2026-03-14 02:39:59.146 runner heartbeat queue_depth=5 workers_busy=3 level=DEBUG
2026-03-14 02:16:10.345 runner heartbeat queue_depth=3 workers_busy=3 level=DEBUG
2026-03-14 03:12:48.032 runner heartbeat queue_depth=0 workers_busy=1 level=DEBUG
2026-03-14 02:13:29.959 runner heartbeat queue_depth=7 workers_busy=0 level=DEBUG
2026-03-14 03:07:47.767 runner heartbeat queue_depth=8 workers_busy=2 level=DEBUG
2026-03-14 02:20:43.279 runner heartbeat queue_depth=2 workers_busy=0 level=DEBUG
2026-03-14 03:14:45.935 runner heartbeat queue_depth=7 workers_busy=0 level=DEBUG
2026-03-14 02:22:53.285 runner heartbeat queue_depth=4 workers_busy=2 level=DEBUG
2026-03-14 02:32:50.485 runner heartbeat queue_depth=1 workers_busy=2 level=DEBUG
2026-03-14 03:14:56.165 runner heartbeat queue_depth=1 workers_busy=2 level=DEBUG
2026-03-14 02:55:38.663 runner heartbeat queue_depth=2 workers_busy=2 level=DEBUG
2026-03-14 02:55:13.960 runner heartbeat queue_depth=5 workers_busy=3 level=DEBUG
2026-03-14 03:11:49.136 runner heartbeat queue_depth=5 workers_busy=1 level=DEBUG
2026-03-14 03:05:27.875 runner heartbeat queue_depth=5 workers_busy=0 level=DEBUG
2026-03-14 02:13:11.290 runner heartbeat queue_depth=7 workers_busy=1 level=DEBUG
2026-03-14 02:54:01.372 runner heartbeat queue_depth=2 workers_busy=2 level=DEBUG
2026-03-14 02:03:06.778 runner heartbeat queue_depth=6 workers_busy=3 level=DEBUG
2026-03-14 02:37:04.694 runner heartbeat queue_depth=8 workers_busy=0 level=DEBUG
2026-03-14 03:04:34.872 runner heartbeat queue_depth=0 workers_busy=0 level=DEBUG
2026-03-14 02:05:15.712 runner heartbeat queue_depth=5 workers_busy=2 level=DEBUG
2026-03-14 03:05:55.247 runner heartbeat queue_depth=4 workers_busy=0 level=DEBUG
2026-03-14 02:11:20.100 runner heartbeat queue_depth=5 workers_busy=0 level=DEBUG
2026-03-14 02:58:48.840 runner heartbeat queue_depth=1 workers_busy=2 level=DEBUG
2026-03-14 02:47:40.437 runner heartbeat queue_depth=6 workers_busy=1 level=DEBUG
2026-03-14 02:45:14.386 runner heartbeat queue_depth=0 workers_busy=2 level=DEBUG
2026-03-14 02:52:30.987 runner heartbeat queue_depth=8 workers_busy=2 level=DEBUG
2026-03-14 02:00:57.675 runner heartbeat queue_depth=5 workers_busy=2 level=DEBUG
2026-03-14 02:18:15.639 runner heartbeat queue_depth=3 workers_busy=3 level=DEBUG
2026-03-14 02:54:46.079 runner heartbeat queue_depth=8 workers_busy=1 level=DEBUG
2026-03-14 02:47:42.089 runner heartbeat queue_depth=2 workers_busy=3 level=DEBUG
2026-03-14 02:06:16.094 runner heartbeat queue_depth=6 workers_busy=2 level=DEBUG
2026-03-14 03:06:26.305 runner heartbeat queue_depth=4 workers_busy=1 level=DEBUG
2026-03-14 02:13:25.279 runner heartbeat queue_depth=3 workers_busy=1 level=DEBUG
2026-03-14 02:49:40.867 runner heartbeat queue_depth=5 workers_busy=1 level=DEBUG
2026-03-14 02:28:59.840 runner heartbeat queue_depth=5 workers_busy=3 level=DEBUG
2026-03-14 02:36:32.558 runner heartbeat queue_depth=4 workers_busy=3 level=DEBUG
2026-03-14 02:58:19.308 runner heartbeat queue_depth=4 workers_busy=0 level=DEBUG
2026-03-14 02:52:13.921 runner heartbeat queue_depth=5 workers_busy=1 level=DEBUG
2026-03-14 02:20:52.161 runner heartbeat queue_depth=5 workers_busy=1 level=DEBUG
2026-03-14 02:15:52.930 runner heartbeat queue_depth=0 workers_busy=2 level=DEBUG
2026-03-14 02:07:13.561 runner heartbeat queue_depth=7 workers_busy=0 level=DEBUG
2026-03-14 02:40:40.626 runner heartbeat queue_depth=5 workers_busy=1 level=DEBUG
2026-03-14 03:08:18.303 runner heartbeat queue_depth=7 workers_busy=2 level=DEBUG
2026-03-14 02:13:24.513 runner heartbeat queue_depth=8 workers_busy=0 level=DEBUG
2026-03-14 02:39:55.963 runner heartbeat queue_depth=1 workers_busy=1 level=DEBUG
2026-03-14 02:59:05.247 runner heartbeat queue_depth=5 workers_busy=3 level=DEBUG
2026-03-14 02:31:30.280 runner heartbeat queue_depth=8 workers_busy=0 level=DEBUG
2026-03-14 02:03:55.682 runner heartbeat queue_depth=8 workers_busy=3 level=DEBUG
2026-03-14 02:38:57.017 runner heartbeat queue_depth=2 workers_busy=2 level=DEBUG
2026-03-14 02:17:26.799 runner heartbeat queue_depth=1 workers_busy=2 level=DEBUG
2026-03-14 02:39:32.571 runner heartbeat queue_depth=6 workers_busy=0 level=DEBUG
2026-03-14 02:47:14.086 runner heartbeat queue_depth=2 workers_busy=2 level=DEBUG
2026-03-14 02:15:33.191 runner heartbeat queue_depth=1 workers_busy=2 level=DEBUG
2026-03-14 02:06:43.879 runner heartbeat queue_depth=0 workers_busy=3 level=DEBUG
2026-03-14 02:02:51.127 runner heartbeat queue_depth=3 workers_busy=1 level=DEBUG
2026-03-14 02:42:06.217 runner heartbeat queue_depth=8 workers_busy=0 level=DEBUG
2026-03-14 02:09:07.941 runner heartbeat queue_depth=6 workers_busy=2 level=DEBUG
2026-03-14 02:49:30.675 runner heartbeat queue_depth=8 workers_busy=2 level=DEBUG
2026-03-14 02:41:52.484 runner heartbeat queue_depth=0 workers_busy=1 level=DEBUG
2026-03-14 02:51:51.707 runner heartbeat queue_depth=1 workers_busy=0 level=DEBUG
2026-03-14 02:00:27.354 runner heartbeat queue_depth=4 workers_busy=2 level=DEBUG
2026-03-14 03:08:40.099 runner heartbeat queue_depth=0 workers_busy=2 level=DEBUG
2026-03-14 03:04:16.973 runner heartbeat queue_depth=7 workers_busy=3 level=DEBUG
2026-03-14 03:07:55.027 runner heartbeat queue_depth=2 workers_busy=2 level=DEBUG
2026-03-14 02:46:58.463 runner heartbeat queue_depth=6 workers_busy=3 level=DEBUG
2026-03-14 02:47:49.655 runner heartbeat queue_depth=6 workers_busy=3 level=DEBUG
2026-03-14 02:23:31.876 runner heartbeat queue_depth=3 workers_busy=1 level=DEBUG
2026-03-14 02:36:33.187 runner heartbeat queue_depth=8 workers_busy=3 level=DEBUG
2026-03-14 02:52:56.765 runner heartbeat queue_depth=7 workers_busy=2 level=DEBUG
2026-03-14 02:40:29.069 runner heartbeat queue_depth=3 workers_busy=2 level=DEBUG
2026-03-14 02:18:25.588 runner heartbeat queue_depth=5 workers_busy=2 level=DEBUG
2026-03-14 02:04:36.239 runner heartbeat queue_depth=4 workers_busy=3 level=DEBUG
2026-03-14 03:10:02.880 runner heartbeat queue_depth=8 workers_busy=0 level=DEBUG
2026-03-14 02:57:46.893 runner heartbeat queue_depth=4 workers_busy=0 level=DEBUG
2026-03-14 02:30:12.592 runner heartbeat queue_depth=8 workers_busy=1 level=DEBUG
2026-03-14 03:06:05.727 runner heartbeat queue_depth=5 workers_busy=2 level=DEBUG
2026-03-14 02:02:13.313 runner heartbeat queue_depth=4 workers_busy=0 level=DEBUG
2026-03-14 03:09:36.035 runner heartbeat queue_depth=5 workers_busy=2 level=DEBUG
2026-03-14 02:34:48.675 runner heartbeat queue_depth=6 workers_busy=0 level=DEBUG
2026-03-14 02:15:31.362 runner heartbeat queue_depth=6 workers_busy=3 level=DEBUG
2026-03-14 03:14:12.567 runner heartbeat queue_depth=6 workers_busy=1 level=DEBUG
2026-03-14 02:35:37.088 runner heartbeat queue_depth=0 workers_busy=2 level=DEBUG
2026-03-14 02:12:02.349 runner heartbeat queue_depth=5 workers_busy=0 level=DEBUG
2026-03-14 02:53:04.069 runner heartbeat queue_depth=7 workers_busy=0 level=DEBUG
2026-03-14 02:12:37.249 runner heartbeat queue_depth=6 workers_busy=3 level=DEBUG
2026-03-14 03:04:29.562 runner heartbeat queue_depth=8 workers_busy=1 level=DEBUG
2026-03-14 03:05:50.742 runner heartbeat queue_depth=5 workers_busy=2 level=DEBUG
2026-03-14 02:16:22.534 runner heartbeat queue_depth=2 workers_busy=3 level=DEBUG
2026-03-14 02:48:25.294 runner heartbeat queue_depth=3 workers_busy=3 level=DEBUG
2026-03-14 02:54:03.967 runner heartbeat queue_depth=4 workers_busy=0 level=DEBUG
2026-03-14 03:09:10.499 runner heartbeat queue_depth=4 workers_busy=1 level=DEBUG
2026-03-14 02:57:06.756 runner heartbeat queue_depth=0 workers_busy=0 level=DEBUG
2026-03-14 02:38:37.918 runner heartbeat queue_depth=6 workers_busy=2 level=DEBUG
2026-03-14 03:11:33.821 runner heartbeat queue_depth=4 workers_busy=3 level=DEBUG
2026-03-14 02:39:55.735 runner heartbeat queue_depth=2 workers_busy=3 level=DEBUG
2026-03-14 03:04:48.576 runner heartbeat queue_depth=3 workers_busy=3 level=DEBUG
2026-03-14 02:25:03.138 runner heartbeat queue_depth=2 workers_busy=0 level=DEBUG
2026-03-14 02:45:57.425 runner heartbeat queue_depth=5 workers_busy=1 level=DEBUG
2026-03-14 02:25:51.721 runner heartbeat queue_depth=5 workers_busy=0 level=DEBUG
2026-03-14 03:04:11.045 runner heartbeat queue_depth=6 workers_busy=2 level=DEBUG
2026-03-14 02:21:54.976 runner heartbeat queue_depth=0 workers_busy=3 level=DEBUG
2026-03-14 03:14:20.882 runner heartbeat queue_depth=5 workers_busy=2 level=DEBUG
2026-03-14 03:06:56.071 runner heartbeat queue_depth=5 workers_busy=3 level=DEBUG
2026-03-14 02:41:37.683 runner heartbeat queue_depth=2 workers_busy=2 level=DEBUG
2026-03-14 03:14:28.210 runner heartbeat queue_depth=2 workers_busy=1 level=DEBUG
2026-03-14 02:45:48.917 runner heartbeat queue_depth=2 workers_busy=2 level=DEBUG
2026-03-14 03:03:16.908 runner heartbeat queue_depth=7 workers_busy=0 level=DEBUG
2026-03-14 03:09:34.059 runner heartbeat queue_depth=6 workers_busy=1 level=DEBUG
2026-03-14 02:15:03.913 runner heartbeat queue_depth=6 workers_busy=0 level=DEBUG
2026-03-14 02:22:40.631 runner heartbeat queue_depth=8 workers_busy=1 level=DEBUG
2026-03-14 02:11:48.143 runner heartbeat queue_depth=3 workers_busy=3 level=DEBUG
2026-03-14 02:39:44.293 runner heartbeat queue_depth=1 workers_busy=0 level=DEBUG
2026-03-14 02:22:32.916 runner heartbeat queue_depth=6 workers_busy=2 level=DEBUG
2026-03-14 03:01:33.452 runner heartbeat queue_depth=5 workers_busy=3 level=DEBUG
2026-03-14 03:01:37.322 runner heartbeat queue_depth=7 workers_busy=0 level=DEBUG
2026-03-14 02:44:58.605 runner heartbeat queue_depth=7 workers_busy=1 level=DEBUG
2026-03-14 03:01:23.911 runner heartbeat queue_depth=8 workers_busy=0 level=DEBUG
2026-03-14 02:51:48.102 runner heartbeat queue_depth=7 workers_busy=2 level=DEBUG
2026-03-14 02:53:59.644 runner heartbeat queue_depth=8 workers_busy=3 level=DEBUG
2026-03-14 02:32:16.609 runner heartbeat queue_depth=5 workers_busy=3 level=DEBUG
2026-03-14 02:22:30.490 runner heartbeat queue_depth=2 workers_busy=3 level=DEBUG
2026-03-14 02:41:52.191 runner heartbeat queue_depth=8 workers_busy=1 level=DEBUG
2026-03-14 02:07:38.441 runner heartbeat queue_depth=7 workers_busy=2 level=DEBUG
2026-03-14 02:48:11.873 runner heartbeat queue_depth=4 workers_busy=0 level=DEBUG
2026-03-14 02:44:28.021 runner heartbeat queue_depth=5 workers_busy=3 level=DEBUG
2026-03-14 02:16:20.477 runner heartbeat queue_depth=0 workers_busy=0 level=DEBUG
2026-03-14 02:35:33.236 runner heartbeat queue_depth=8 workers_busy=2 level=DEBUG
2026-03-14 02:15:35.435 runner heartbeat queue_depth=1 workers_busy=2 level=DEBUG
2026-03-14 02:33:41.432 runner heartbeat queue_depth=0 workers_busy=2 level=DEBUG
2026-03-14 03:14:25.989 runner heartbeat queue_depth=0 workers_busy=0 level=DEBUG
2026-03-14 02:26:39.349 runner heartbeat queue_depth=5 workers_busy=1 level=DEBUG
2026-03-14 02:13:40.780 runner heartbeat queue_depth=1 workers_busy=1 level=DEBUG
2026-03-14 02:56:21.676 runner heartbeat queue_depth=8 workers_busy=0 level=DEBUG
2026-03-14 02:04:45.156 runner heartbeat queue_depth=2 workers_busy=1 level=DEBUG
2026-03-14 02:50:03.184 runner heartbeat queue_depth=1 workers_busy=0 level=DEBUG
2026-03-14 02:21:09.469 runner heartbeat queue_depth=2 workers_busy=3 level=DEBUG
2026-03-14 02:31:11.774 runner heartbeat queue_depth=3 workers_busy=1 level=DEBUG
2026-03-14 02:40:17.971 runner heartbeat queue_depth=3 workers_busy=0 level=DEBUG
2026-03-14 02:51:55.327 runner heartbeat queue_depth=3 workers_busy=0 level=DEBUG
2026-03-14 02:04:13.529 runner heartbeat queue_depth=7 workers_busy=2 level=DEBUG
2026-03-14 02:34:41.782 runner heartbeat queue_depth=7 workers_busy=1 level=DEBUG
2026-03-14 02:48:49.179 runner heartbeat queue_depth=4 workers_busy=3 level=DEBUG
2026-03-14 02:31:24.887 runner heartbeat queue_depth=6 workers_busy=2 level=DEBUG
2026-03-14 02:45:10.828 runner heartbeat queue_depth=3 workers_busy=3 level=DEBUG
2026-03-14 02:53:39.931 runner heartbeat queue_depth=7 workers_busy=3 level=DEBUG
2026-03-14 02:37:06.465 runner heartbeat queue_depth=5 workers_busy=3 level=DEBUG
2026-03-14 03:06:18.003 runner heartbeat queue_depth=5 workers_busy=0 level=DEBUG
2026-03-14 02:53:46.506 runner heartbeat queue_depth=1 workers_busy=3 level=DEBUG
2026-03-14 02:57:23.755 runner heartbeat queue_depth=3 workers_busy=3 level=DEBUG
2026-03-14 02:45:10.579 runner heartbeat queue_depth=8 workers_busy=2 level=DEBUG
2026-03-14 02:28:19.597 runner heartbeat queue_depth=3 workers_busy=2 level=DEBUG
2026-03-14 02:31:27.550 runner heartbeat queue_depth=0 workers_busy=3 level=DEBUG
2026-03-14 02:16:23.039 runner heartbeat queue_depth=2 workers_busy=3 level=DEBUG
2026-03-14 03:13:53.364 runner heartbeat queue_depth=6 workers_busy=0 level=DEBUG
2026-03-14 02:15:31.439 runner heartbeat queue_depth=6 workers_busy=3 level=DEBUG
2026-03-14 02:45:58.940 runner heartbeat queue_depth=8 workers_busy=0 level=DEBUG
2026-03-14 02:04:00.931 runner heartbeat queue_depth=7 workers_busy=1 level=DEBUG
2026-03-14 02:43:52.287 runner heartbeat queue_depth=2 workers_busy=3 level=DEBUG
2026-03-14 02:17:41.766 runner heartbeat queue_depth=8 workers_busy=1 level=DEBUG
2026-03-14 02:04:27.090 runner heartbeat queue_depth=3 workers_busy=2 level=DEBUG
2026-03-14 03:13:44.510 runner heartbeat queue_depth=3 workers_busy=1 level=DEBUG
2026-03-14 03:10:11.889 runner heartbeat queue_depth=4 workers_busy=1 level=DEBUG
2026-03-14 02:07:32.570 runner heartbeat queue_depth=4 workers_busy=0 level=DEBUG
2026-03-14 02:15:07.384 runner heartbeat queue_depth=0 workers_busy=3 level=DEBUG
2026-03-14 02:11:41.003 runner heartbeat queue_depth=7 workers_busy=2 level=DEBUG
2026-03-14 02:42:47.100 runner heartbeat queue_depth=6 workers_busy=3 level=DEBUG
2026-03-14 02:27:54.972 runner heartbeat queue_depth=5 workers_busy=1 level=DEBUG
2026-03-14 03:00:01.694 runner heartbeat queue_depth=1 workers_busy=0 level=DEBUG
2026-03-14 02:43:18.390 runner heartbeat queue_depth=6 workers_busy=0 level=DEBUG
2026-03-14 02:48:29.081 runner heartbeat queue_depth=2 workers_busy=0 level=DEBUG
2026-03-14 02:41:32.598 runner heartbeat queue_depth=0 workers_busy=1 level=DEBUG
2026-03-14 02:36:30.622 runner heartbeat queue_depth=0 workers_busy=2 level=DEBUG
2026-03-14 02:27:55.463 runner heartbeat queue_depth=8 workers_busy=0 level=DEBUG
2026-03-14 03:03:19.471 runner heartbeat queue_depth=4 workers_busy=0 level=DEBUG
2026-03-14 02:42:54.667 runner heartbeat queue_depth=5 workers_busy=3 level=DEBUG
2026-03-14 02:54:15.780 runner heartbeat queue_depth=0 workers_busy=1 level=DEBUG
2026-03-14 02:13:24.718 runner heartbeat queue_depth=0 workers_busy=3 level=DEBUG
2026-03-14 03:00:57.678 runner heartbeat queue_depth=6 workers_busy=2 level=DEBUG
2026-03-14 03:00:53.012 runner heartbeat queue_depth=4 workers_busy=2 level=DEBUG
2026-03-14 03:12:39.123 runner heartbeat queue_depth=6 workers_busy=1 level=DEBUG
2026-03-14 02:00:57.352 runner heartbeat queue_depth=7 workers_busy=3 level=DEBUG
2026-03-14 03:08:58.089 runner heartbeat queue_depth=1 workers_busy=2 level=DEBUG
2026-03-14 02:21:37.857 runner heartbeat queue_depth=6 workers_busy=3 level=DEBUG
2026-03-14 02:01:54.497 runner heartbeat queue_depth=5 workers_busy=2 level=DEBUG
2026-03-14 02:10:52.210 runner heartbeat queue_depth=3 workers_busy=0 level=DEBUG
2026-03-14 02:00:11.803 runner heartbeat queue_depth=1 workers_busy=3 level=DEBUG
2026-03-14 02:08:47.283 runner heartbeat queue_depth=5 workers_busy=0 level=DEBUG
2026-03-14 02:29:18.889 runner heartbeat queue_depth=2 workers_busy=3 level=DEBUG
2026-03-14 02:14:55.074 runner heartbeat queue_depth=2 workers_busy=1 level=DEBUG
2026-03-14 02:27:19.837 runner heartbeat queue_depth=2 workers_busy=1 level=DEBUG
2026-03-14 03:06:40.249 runner heartbeat queue_depth=5 workers_busy=0 level=DEBUG
2026-03-14 03:11:45.401 runner heartbeat queue_depth=1 workers_busy=0 level=DEBUG
2026-03-14 02:09:05.834 runner heartbeat queue_depth=6 workers_busy=2 level=DEBUG
2026-03-14 02:43:09.669 runner heartbeat queue_depth=3 workers_busy=3 level=DEBUG
2026-03-14 02:48:13.741 runner heartbeat queue_depth=5 workers_busy=1 level=DEBUG
2026-03-14 03:13:57.056 runner heartbeat queue_depth=4 workers_busy=1 level=DEBUG
2026-03-14 02:42:05.568 runner heartbeat queue_depth=8 workers_busy=0 level=DEBUG
2026-03-14 03:03:23.199 runner heartbeat queue_depth=1 workers_busy=1 level=DEBUG
2026-03-14 02:35:52.448 runner heartbeat queue_depth=7 workers_busy=3 level=DEBUG
2026-03-14 02:10:11.472 runner heartbeat queue_depth=7 workers_busy=1 level=DEBUG
2026-03-14 03:02:46.004 runner heartbeat queue_depth=2 workers_busy=1 level=DEBUG
2026-03-14 02:25:26.087 runner heartbeat queue_depth=6 workers_busy=3 level=DEBUG
2026-03-14 02:38:03.202 runner heartbeat queue_depth=8 workers_busy=2 level=DEBUG
2026-03-14 02:32:14.930 runner heartbeat queue_depth=0 workers_busy=1 level=DEBUG
2026-03-14 02:43:09.196 runner heartbeat queue_depth=0 workers_busy=0 level=DEBUG
2026-03-14 02:18:32.584 runner heartbeat queue_depth=3 workers_busy=1 level=DEBUG
2026-03-14 03:06:50.238 runner heartbeat queue_depth=3 workers_busy=3 level=DEBUG
2026-03-14 02:50:54.894 runner heartbeat queue_depth=6 workers_busy=3 level=DEBUG
2026-03-14 02:31:40.074 runner heartbeat queue_depth=3 workers_busy=3 level=DEBUG
2026-03-14 02:12:46.998 runner heartbeat queue_depth=3 workers_busy=1 level=DEBUG
2026-03-14 02:41:05.524 runner heartbeat queue_depth=7 workers_busy=2 level=DEBUG
2026-03-14 02:59:56.392 runner heartbeat queue_depth=8 workers_busy=0 level=DEBUG
2026-03-14 02:05:06.102 runner heartbeat queue_depth=4 workers_busy=0 level=DEBUG
2026-03-14 03:08:45.204 runner heartbeat queue_depth=2 workers_busy=2 level=DEBUG
2026-03-14 02:09:18.623 runner heartbeat queue_depth=1 workers_busy=2 level=DEBUG
2026-03-14 02:26:36.409 runner heartbeat queue_depth=1 workers_busy=1 level=DEBUG
2026-03-14 02:14:45.646 runner heartbeat queue_depth=7 workers_busy=2 level=DEBUG
2026-03-14 03:12:03.297 runner heartbeat queue_depth=7 workers_busy=2 level=DEBUG
2026-03-14 03:11:02.858 runner heartbeat queue_depth=0 workers_busy=3 level=DEBUG
2026-03-14 02:32:44.818 runner heartbeat queue_depth=3 workers_busy=0 level=DEBUG
2026-03-14 02:19:16.021 runner heartbeat queue_depth=0 workers_busy=0 level=DEBUG
2026-03-14 03:13:42.398 runner heartbeat queue_depth=4 workers_busy=3 level=DEBUG
2026-03-14 02:07:04.259 runner heartbeat queue_depth=3 workers_busy=3 level=DEBUG
2026-03-14 02:24:06.850 runner heartbeat queue_depth=0 workers_busy=0 level=DEBUG
2026-03-14 03:01:17.372 runner heartbeat queue_depth=5 workers_busy=2 level=DEBUG
2026-03-14 03:06:16.168 runner heartbeat queue_depth=2 workers_busy=3 level=DEBUG
2026-03-14 02:52:46.941 runner heartbeat queue_depth=3 workers_busy=3 level=DEBUG
2026-03-14 03:03:27.505 runner heartbeat queue_depth=7 workers_busy=2 level=DEBUG
2026-03-14 03:03:29.643 runner heartbeat queue_depth=3 workers_busy=0 level=DEBUG
2026-03-14 02:45:59.578 runner heartbeat queue_depth=0 workers_busy=1 level=DEBUG
2026-03-14 02:51:54.117 runner heartbeat queue_depth=6 workers_busy=1 level=DEBUG
2026-03-14 02:17:22.690 runner heartbeat queue_depth=8 workers_busy=3 level=DEBUG
2026-03-14 02:06:51.035 runner heartbeat queue_depth=2 workers_busy=0 level=DEBUG
2026-03-14 02:46:05.816 runner heartbeat queue_depth=3 workers_busy=0 level=DEBUG
2026-03-14 02:21:26.739 runner heartbeat queue_depth=2 workers_busy=3 level=DEBUG
2026-03-14 02:15:35.738 runner heartbeat queue_depth=8 workers_busy=3 level=DEBUG
2026-03-14 02:37:27.243 runner heartbeat queue_depth=0 workers_busy=1 level=DEBUG
2026-03-14 02:52:58.855 runner heartbeat queue_depth=3 workers_busy=0 level=DEBUG
2026-03-14 02:49:54.647 runner heartbeat queue_depth=0 workers_busy=1 level=DEBUG
2026-03-14 02:38:46.222 runner heartbeat queue_depth=8 workers_busy=0 level=DEBUG
2026-03-14 02:12:55.935 runner heartbeat queue_depth=0 workers_busy=3 level=DEBUG
2026-03-14 03:09:48.132 runner heartbeat queue_depth=0 workers_busy=1 level=DEBUG
2026-03-14 02:51:33.334 runner heartbeat queue_depth=6 workers_busy=0 level=DEBUG
2026-03-14 03:07:21.485 runner heartbeat queue_depth=0 workers_busy=0 level=DEBUG
2026-03-14 02:10:51.116 runner heartbeat queue_depth=7 workers_busy=2 level=DEBUG
2026-03-14 02:26:26.071 runner heartbeat queue_depth=4 workers_busy=0 level=DEBUG
2026-03-14 02:44:18.260 runner heartbeat queue_depth=2 workers_busy=2 level=DEBUG
2026-03-14 02:29:28.674 runner heartbeat queue_depth=2 workers_busy=2 level=DEBUG
2026-03-14 02:24:20.602 runner heartbeat queue_depth=0 workers_busy=3 level=DEBUG
2026-03-14 02:10:21.508 runner heartbeat queue_depth=3 workers_busy=3 level=DEBUG
2026-03-14 02:00:25.583 runner heartbeat queue_depth=4 workers_busy=0 level=DEBUG
2026-03-14 02:49:02.634 runner heartbeat queue_depth=5 workers_busy=0 level=DEBUG
2026-03-14 02:07:59.076 runner heartbeat queue_depth=6 workers_busy=2 level=DEBUG
2026-03-14 02:04:54.921 runner heartbeat queue_depth=3 workers_busy=1 level=DEBUG
2026-03-14 02:07:55.400 runner heartbeat queue_depth=6 workers_busy=2 level=DEBUG
2026-03-14 02:43:03.059 runner heartbeat queue_depth=2 workers_busy=3 level=DEBUG
2026-03-14 03:08:52.128 runner heartbeat queue_depth=7 workers_busy=0 level=DEBUG
2026-03-14 03:13:59.150 runner heartbeat queue_depth=0 workers_busy=2 level=DEBUG
2026-03-14 02:40:08.712 runner heartbeat queue_depth=7 workers_busy=0 level=DEBUG
2026-03-14 03:09:00.482 runner heartbeat queue_depth=0 workers_busy=0 level=DEBUG
2026-03-14 02:14:21.737 runner heartbeat queue_depth=4 workers_busy=3 level=DEBUG
2026-03-14 02:30:31.976 runner heartbeat queue_depth=2 workers_busy=1 level=DEBUG
2026-03-14 03:08:56.347 runner heartbeat queue_depth=2 workers_busy=3 level=DEBUG
2026-03-14 02:30:16.667 runner heartbeat queue_depth=4 workers_busy=1 level=DEBUG
2026-03-14 02:49:20.382 runner heartbeat queue_depth=6 workers_busy=0 level=DEBUG
2026-03-14 03:13:05.028 runner heartbeat queue_depth=3 workers_busy=2 level=DEBUG
2026-03-14 02:13:35.806 runner heartbeat queue_depth=5 workers_busy=2 level=DEBUG
2026-03-14 02:21:33.826 runner heartbeat queue_depth=0 workers_busy=3 level=DEBUG
2026-03-14 02:37:10.135 runner heartbeat queue_depth=4 workers_busy=2 level=DEBUG
2026-03-14 02:43:27.638 runner heartbeat queue_depth=2 workers_busy=0 level=DEBUG
2026-03-14 02:30:38.253 runner heartbeat queue_depth=6 workers_busy=3 level=DEBUG
2026-03-14 02:41:03.014 runner heartbeat queue_depth=4 workers_busy=0 level=DEBUG
2026-03-14 02:56:59.755 runner heartbeat queue_depth=7 workers_busy=2 level=DEBUG
2026-03-14 02:00:53.826 runner heartbeat queue_depth=2 workers_busy=2 level=DEBUG
2026-03-14 02:05:21.103 runner heartbeat queue_depth=2 workers_busy=3 level=DEBUG
2026-03-14 02:34:31.962 runner heartbeat queue_depth=2 workers_busy=0 level=DEBUG
2026-03-14 02:25:28.905 runner heartbeat queue_depth=3 workers_busy=0 level=DEBUG
2026-03-14 03:13:33.541 runner heartbeat queue_depth=0 workers_busy=0 level=DEBUG
2026-03-14 02:00:04.779 runner heartbeat queue_depth=2 workers_busy=0 level=DEBUG
2026-03-14 02:38:45.097 runner heartbeat queue_depth=3 workers_busy=3 level=DEBUG
2026-03-14 02:23:30.007 runner heartbeat queue_depth=6 workers_busy=3 level=DEBUG
2026-03-14 02:21:25.142 runner heartbeat queue_depth=5 workers_busy=2 level=DEBUG
2026-03-14 02:21:12.947 runner heartbeat queue_depth=2 workers_busy=2 level=DEBUG
2026-03-14 02:56:45.900 runner heartbeat queue_depth=7 workers_busy=1 level=DEBUG
2026-03-14 02:15:43.571 runner heartbeat queue_depth=4 workers_busy=0 level=DEBUG
2026-03-14 02:47:47.865 runner heartbeat queue_depth=1 workers_busy=2 level=DEBUG
2026-03-14 03:05:57.401 runner heartbeat queue_depth=7 workers_busy=1 level=DEBUG
2026-03-14 02:12:54.063 runner heartbeat queue_depth=7 workers_busy=1 level=DEBUG
2026-03-14 02:16:41.631 runner heartbeat queue_depth=7 workers_busy=3 level=DEBUG
2026-03-14 02:28:26.478 runner heartbeat queue_depth=6 workers_busy=3 level=DEBUG
2026-03-14 02:30:14.107 runner heartbeat queue_depth=1 workers_busy=3 level=DEBUG
2026-03-14 02:43:02.842 runner heartbeat queue_depth=2 workers_busy=3 level=DEBUG
2026-03-14 02:28:31.957 runner heartbeat queue_depth=3 workers_busy=0 level=DEBUG
2026-03-14 02:08:48.591 runner heartbeat queue_depth=0 workers_busy=3 level=DEBUG
2026-03-14 03:00:20.908 runner heartbeat queue_depth=6 workers_busy=0 level=DEBUG
2026-03-14 02:32:28.850 runner heartbeat queue_depth=4 workers_busy=3 level=DEBUG
2026-03-14 02:58:43.118 runner heartbeat queue_depth=0 workers_busy=2 level=DEBUG
2026-03-14 02:00:43.707 runner heartbeat queue_depth=1 workers_busy=1 level=DEBUG
2026-03-14 02:13:44.971 runner heartbeat queue_depth=0 workers_busy=2 level=DEBUG
2026-03-14 03:04:19.731 runner heartbeat queue_depth=7 workers_busy=2 level=DEBUG
2026-03-14 02:31:19.964 runner heartbeat queue_depth=1 workers_busy=3 level=DEBUG
2026-03-14 02:14:21.668 runner heartbeat queue_depth=7 workers_busy=3 level=DEBUG
2026-03-14 02:30:58.240 runner heartbeat queue_depth=2 workers_busy=2 level=DEBUG
2026-03-14 02:15:23.772 runner heartbeat queue_depth=6 workers_busy=3 level=DEBUG
2026-03-14 02:06:00.324 runner heartbeat queue_depth=7 workers_busy=0 level=DEBUG
2026-03-14 02:52:29.102 runner heartbeat queue_depth=6 workers_busy=1 level=DEBUG
2026-03-14 02:57:54.426 runner heartbeat queue_depth=1 workers_busy=1 level=DEBUG
2026-03-14 02:45:54.486 runner heartbeat queue_depth=2 workers_busy=3 level=DEBUG
2026-03-14 02:48:44.896 runner heartbeat queue_depth=5 workers_busy=2 level=DEBUG
2026-03-14 02:37:17.203 runner heartbeat queue_depth=2 workers_busy=3 level=DEBUG
2026-03-14 02:57:39.288 runner heartbeat queue_depth=6 workers_busy=0 level=DEBUG
2026-03-14 02:31:45.931 runner heartbeat queue_depth=7 workers_busy=3 level=DEBUG
2026-03-14 02:32:05.680 runner heartbeat queue_depth=5 workers_busy=0 level=DEBUG
2026-03-14 03:00:14.055 runner heartbeat queue_depth=7 workers_busy=2 level=DEBUG
2026-03-14 02:44:51.151 runner heartbeat queue_depth=4 workers_busy=2 level=DEBUG
2026-03-14 02:10:28.093 runner heartbeat queue_depth=1 workers_busy=3 level=DEBUG
2026-03-14 02:20:08.173 runner heartbeat queue_depth=4 workers_busy=1 level=DEBUG
2026-03-14 03:11:17.626 runner heartbeat queue_depth=5 workers_busy=0 level=DEBUG
2026-03-14 02:50:24.296 runner heartbeat queue_depth=2 workers_busy=3 level=DEBUG
2026-03-14 02:00:54.035 runner heartbeat queue_depth=1 workers_busy=0 level=DEBUG
2026-03-14 03:04:32.857 runner heartbeat queue_depth=1 workers_busy=1 level=DEBUG
2026-03-14 02:22:39.088 runner heartbeat queue_depth=2 workers_busy=3 level=DEBUG
2026-03-14 03:02:10.097 runner heartbeat queue_depth=1 workers_busy=3 level=DEBUG
2026-03-14 02:35:02.458 runner heartbeat queue_depth=3 workers_busy=1 level=DEBUG
2026-03-14 02:39:54.614 runner heartbeat queue_depth=8 workers_busy=2 level=DEBUG
2026-03-14 02:37:09.086 runner heartbeat queue_depth=0 workers_busy=2 level=DEBUG
2026-03-14 02:24:27.443 runner heartbeat queue_depth=6 workers_busy=2 level=DEBUG
2026-03-14 02:27:59.473 runner heartbeat queue_depth=6 workers_busy=0 level=DEBUG
2026-03-14 02:49:42.151 runner heartbeat queue_depth=3 workers_busy=3 level=DEBUG
2026-03-14 02:40:11.150 runner heartbeat queue_depth=2 workers_busy=1 level=DEBUG
2026-03-14 02:39:52.984 runner heartbeat queue_depth=0 workers_busy=2 level=DEBUG
2026-03-14 03:01:57.614 runner heartbeat queue_depth=2 workers_busy=1 level=DEBUG
2026-03-14 03:06:08.711 runner heartbeat queue_depth=6 workers_busy=3 level=DEBUG
2026-03-14 02:49:27.795 runner heartbeat queue_depth=1 workers_busy=1 level=DEBUG
2026-03-14 03:04:14.409 runner heartbeat queue_depth=8 workers_busy=2 level=DEBUG
2026-03-14 02:50:04.765 runner heartbeat queue_depth=0 workers_busy=0 level=DEBUG
2026-03-14 02:44:48.687 runner heartbeat queue_depth=7 workers_busy=2 level=DEBUG
2026-03-14 02:00:17.409 runner heartbeat queue_depth=6 workers_busy=0 level=DEBUG
2026-03-14 02:47:19.723 runner heartbeat queue_depth=7 workers_busy=0 level=DEBUG
2026-03-14 02:03:33.077 runner heartbeat queue_depth=4 workers_busy=0 level=DEBUG
2026-03-14 02:12:12.361 runner heartbeat queue_depth=1 workers_busy=1 level=DEBUG
2026-03-14 03:07:54.358 runner heartbeat queue_depth=8 workers_busy=0 level=DEBUG
2026-03-14 02:20:54.924 runner heartbeat queue_depth=1 workers_busy=2 level=DEBUG
2026-03-14 02:22:52.394 runner heartbeat queue_depth=3 workers_busy=0 level=DEBUG
2026-03-14 02:11:49.783 runner heartbeat queue_depth=1 workers_busy=3 level=DEBUG
2026-03-14 03:00:08.469 runner heartbeat queue_depth=8 workers_busy=1 level=DEBUG
2026-03-14 02:23:42.314 runner heartbeat queue_depth=5 workers_busy=0 level=DEBUG
2026-03-14 02:05:13.677 runner heartbeat queue_depth=1 workers_busy=3 level=DEBUG
2026-03-14 03:03:51.256 runner heartbeat queue_depth=2 workers_busy=0 level=DEBUG
2026-03-14 03:03:22.622 runner heartbeat queue_depth=4 workers_busy=1 level=DEBUG
2026-03-14 02:25:30.851 runner heartbeat queue_depth=3 workers_busy=0 level=DEBUG
2026-03-14 02:59:17.015 runner heartbeat queue_depth=3 workers_busy=1 level=DEBUG
2026-03-14 02:15:23.561 runner heartbeat queue_depth=1 workers_busy=0 level=DEBUG
2026-03-14 03:13:24.376 runner heartbeat queue_depth=2 workers_busy=3 level=DEBUG
2026-03-14 02:58:57.968 runner heartbeat queue_depth=4 workers_busy=1 level=DEBUG
2026-03-14 02:07:36.552 runner heartbeat queue_depth=8 workers_busy=0 level=DEBUG
2026-03-14 02:08:38.066 runner heartbeat queue_depth=6 workers_busy=2 level=DEBUG
2026-03-14 03:13:31.693 runner heartbeat queue_depth=2 workers_busy=3 level=DEBUG
2026-03-14 02:49:14.952 runner heartbeat queue_depth=0 workers_busy=0 level=DEBUG
2026-03-14 02:16:24.443 runner heartbeat queue_depth=6 workers_busy=3 level=DEBUG
2026-03-14 03:11:55.565 runner heartbeat queue_depth=0 workers_busy=1 level=DEBUG
2026-03-14 02:09:21.230 runner heartbeat queue_depth=1 workers_busy=0 level=DEBUG
2026-03-14 02:52:55.963 runner heartbeat queue_depth=5 workers_busy=2 level=DEBUG
2026-03-14 02:57:19.840 runner heartbeat queue_depth=4 workers_busy=2 level=DEBUG
2026-03-14 02:23:39.961 runner heartbeat queue_depth=7 workers_busy=1 level=DEBUG
2026-03-14 02:54:10.196 runner heartbeat queue_depth=6 workers_busy=2 level=DEBUG
2026-03-14 03:04:51.785 runner heartbeat queue_depth=3 workers_busy=1 level=DEBUG
2026-03-14 02:40:08.653 runner heartbeat queue_depth=7 workers_busy=1 level=DEBUG
2026-03-14 02:31:23.829 runner heartbeat queue_depth=8 workers_busy=1 level=DEBUG
2026-03-14 02:01:20.060 runner heartbeat queue_depth=8 workers_busy=0 level=DEBUG
2026-03-14 03:05:24.114 runner heartbeat queue_depth=0 workers_busy=2 level=DEBUG
2026-03-14 02:42:01.175 runner heartbeat queue_depth=1 workers_busy=0 level=DEBUG
2026-03-14 02:39:47.130 runner heartbeat queue_depth=4 workers_busy=3 level=DEBUG
2026-03-14 02:04:44.785 runner heartbeat queue_depth=0 workers_busy=2 level=DEBUG
2026-03-14 03:05:56.855 runner heartbeat queue_depth=3 workers_busy=0 level=DEBUG
2026-03-14 03:08:07.997 runner heartbeat queue_depth=3 workers_busy=0 level=DEBUG
2026-03-14 02:38:06.463 runner heartbeat queue_depth=0 workers_busy=2 level=DEBUG
2026-03-14 02:57:41.096 runner heartbeat queue_depth=8 workers_busy=1 level=DEBUG
2026-03-14 03:06:43.036 runner heartbeat queue_depth=7 workers_busy=2 level=DEBUG
2026-03-14 02:03:44.204 runner heartbeat queue_depth=8 workers_busy=2 level=DEBUG
2026-03-14 02:16:00.494 runner heartbeat queue_depth=1 workers_busy=1 level=DEBUG
2026-03-14 02:27:07.068 runner heartbeat queue_depth=7 workers_busy=2 level=DEBUG
2026-03-14 02:46:21.362 runner heartbeat queue_depth=6 workers_busy=1 level=DEBUG
2026-03-14 02:15:58.149 runner heartbeat queue_depth=6 workers_busy=2 level=DEBUG
2026-03-14 03:00:54.532 runner heartbeat queue_depth=1 workers_busy=0 level=DEBUG
2026-03-14 02:24:32.040 runner heartbeat queue_depth=7 workers_busy=2 level=DEBUG
2026-03-14 02:18:58.567 runner heartbeat queue_depth=4 workers_busy=2 level=DEBUG
2026-03-14 02:08:25.168 runner heartbeat queue_depth=2 workers_busy=3 level=DEBUG
2026-03-14 02:18:10.203 runner heartbeat queue_depth=4 workers_busy=2 level=DEBUG
2026-03-14 02:16:11.776 runner heartbeat queue_depth=8 workers_busy=1 level=DEBUG
2026-03-14 02:07:08.556 runner heartbeat queue_depth=7 workers_busy=2 level=DEBUG
2026-03-14 02:38:59.539 runner heartbeat queue_depth=1 workers_busy=0 level=DEBUG
2026-03-14 03:02:01.855 runner heartbeat queue_depth=5 workers_busy=0 level=DEBUG
2026-03-14 03:07:15.767 runner heartbeat queue_depth=3 workers_busy=1 level=DEBUG
2026-03-14 02:27:56.360 runner heartbeat queue_depth=2 workers_busy=2 level=DEBUG
2026-03-14 02:37:42.472 runner heartbeat queue_depth=6 workers_busy=0 level=DEBUG
2026-03-14 02:37:52.976 runner heartbeat queue_depth=5 workers_busy=0 level=DEBUG
2026-03-14 03:11:53.029 runner heartbeat queue_depth=1 workers_busy=3 level=DEBUG
2026-03-14 02:47:38.543 runner heartbeat queue_depth=1 workers_busy=1 level=DEBUG
2026-03-14 03:02:11.822 runner heartbeat queue_depth=8 workers_busy=2 level=DEBUG
2026-03-14 02:30:51.724 runner heartbeat queue_depth=3 workers_busy=0 level=DEBUG
2026-03-14 02:46:12.083 runner heartbeat queue_depth=7 workers_busy=3 level=DEBUG
2026-03-14 02:35:14.082 runner heartbeat queue_depth=0 workers_busy=2 level=DEBUG
2026-03-14 02:06:56.997 runner heartbeat queue_depth=6 workers_busy=3 level=DEBUG
2026-03-14 03:13:22.392 runner heartbeat queue_depth=8 workers_busy=0 level=DEBUG
2026-03-14 02:40:25.363 runner heartbeat queue_depth=1 workers_busy=1 level=DEBUG
2026-03-14 03:11:04.715 runner heartbeat queue_depth=8 workers_busy=1 level=DEBUG
2026-03-14 02:31:57.577 runner heartbeat queue_depth=4 workers_busy=1 level=DEBUG
2026-03-14 02:15:17.200 runner heartbeat queue_depth=7 workers_busy=1 level=DEBUG
2026-03-14 03:00:00.024 runner heartbeat queue_depth=8 workers_busy=3 level=DEBUG
2026-03-14 03:12:44.492 runner heartbeat queue_depth=6 workers_busy=3 level=DEBUG
2026-03-14 02:15:33.991 runner heartbeat queue_depth=3 workers_busy=1 level=DEBUG
2026-03-14 02:37:41.018 runner heartbeat queue_depth=6 workers_busy=3 level=DEBUG
2026-03-14 03:02:34.406 runner heartbeat queue_depth=4 workers_busy=2 level=DEBUG
2026-03-14 02:39:16.821 runner heartbeat queue_depth=4 workers_busy=0 level=DEBUG
2026-03-14 02:12:38.285 runner heartbeat queue_depth=4 workers_busy=1 level=DEBUG
2026-03-14 02:03:23.821 runner heartbeat queue_depth=8 workers_busy=3 level=DEBUG
2026-03-14 02:49:11.312 runner heartbeat queue_depth=7 workers_busy=3 level=DEBUG
2026-03-14 02:27:23.893 runner heartbeat queue_depth=1 workers_busy=3 level=DEBUG
2026-03-14 03:09:08.994 runner heartbeat queue_depth=6 workers_busy=0 level=DEBUG
2026-03-14 03:00:17.420 runner heartbeat queue_depth=6 workers_busy=2 level=DEBUG
2026-03-14 02:17:30.259 runner heartbeat queue_depth=0 workers_busy=3 level=DEBUG
2026-03-14 02:07:40.057 runner heartbeat queue_depth=8 workers_busy=3 level=DEBUG
2026-03-14 02:03:08.381 runner heartbeat queue_depth=5 workers_busy=3 level=DEBUG
2026-03-14 02:34:33.802 runner heartbeat queue_depth=7 workers_busy=1 level=DEBUG
2026-03-14 02:40:24.492 runner heartbeat queue_depth=8 workers_busy=1 level=DEBUG
2026-03-14 02:48:32.918 runner heartbeat queue_depth=8 workers_busy=3 level=DEBUG
2026-03-14 02:49:02.791 runner heartbeat queue_depth=1 workers_busy=3 level=DEBUG
2026-03-14 02:57:08.595 runner heartbeat queue_depth=1 workers_busy=0 level=DEBUG
2026-03-14 02:27:45.271 runner heartbeat queue_depth=6 workers_busy=3 level=DEBUG
2026-03-14 02:51:35.977 runner heartbeat queue_depth=1 workers_busy=1 level=DEBUG
2026-03-14 02:25:40.959 runner heartbeat queue_depth=7 workers_busy=1 level=DEBUG
2026-03-14 02:31:53.314 runner heartbeat queue_depth=5 workers_busy=0 level=DEBUG
2026-03-14 02:07:02.515 runner heartbeat queue_depth=0 workers_busy=0 level=DEBUG
2026-03-14 03:12:03.368 runner heartbeat queue_depth=8 workers_busy=0 level=DEBUG
2026-03-14 02:29:57.602 runner heartbeat queue_depth=2 workers_busy=3 level=DEBUG
2026-03-14 02:28:47.259 runner heartbeat queue_depth=3 workers_busy=2 level=DEBUG
2026-03-14 03:00:14.593 runner heartbeat queue_depth=1 workers_busy=3 level=DEBUG
2026-03-14 02:52:45.873 runner heartbeat queue_depth=7 workers_busy=3 level=DEBUG
2026-03-14 02:20:34.531 runner heartbeat queue_depth=5 workers_busy=1 level=DEBUG
2026-03-14 02:56:39.350 runner heartbeat queue_depth=8 workers_busy=2 level=DEBUG
2026-03-14 02:21:35.746 runner heartbeat queue_depth=6 workers_busy=3 level=DEBUG
2026-03-14 02:39:14.973 runner heartbeat queue_depth=2 workers_busy=1 level=DEBUG
2026-03-14 02:50:37.068 runner heartbeat queue_depth=5 workers_busy=2 level=DEBUG
2026-03-14 02:39:00.069 runner heartbeat queue_depth=2 workers_busy=3 level=DEBUG
2026-03-14 02:40:10.060 runner heartbeat queue_depth=2 workers_busy=1 level=DEBUG
2026-03-14 02:27:53.128 runner heartbeat queue_depth=3 workers_busy=0 level=DEBUG
2026-03-14 02:54:34.668 runner heartbeat queue_depth=8 workers_busy=3 level=DEBUG
2026-03-14 03:10:28.456 runner heartbeat queue_depth=2 workers_busy=3 level=DEBUG
2026-03-14 02:22:56.803 runner heartbeat queue_depth=4 workers_busy=1 level=DEBUG
2026-03-14 02:07:04.997 runner heartbeat queue_depth=6 workers_busy=1 level=DEBUG
2026-03-14 02:36:31.416 runner heartbeat queue_depth=4 workers_busy=0 level=DEBUG
2026-03-14 02:51:57.836 runner heartbeat queue_depth=8 workers_busy=3 level=DEBUG
2026-03-14 02:15:25.474 runner heartbeat queue_depth=4 workers_busy=0 level=DEBUG
2026-03-14 02:22:17.601 runner heartbeat queue_depth=5 workers_busy=0 level=DEBUG
2026-03-14 02:05:35.710 runner heartbeat queue_depth=6 workers_busy=3 level=DEBUG
2026-03-14 02:36:20.811 runner heartbeat queue_depth=0 workers_busy=3 level=DEBUG
2026-03-14 02:15:32.496 runner heartbeat queue_depth=3 workers_busy=1 level=DEBUG
2026-03-14 02:18:53.413 runner heartbeat queue_depth=4 workers_busy=0 level=DEBUG
2026-03-14 02:28:35.871 runner heartbeat queue_depth=2 workers_busy=2 level=DEBUG
2026-03-14 03:11:35.945 runner heartbeat queue_depth=7 workers_busy=0 level=DEBUG
2026-03-14 02:04:31.003 runner heartbeat queue_depth=7 workers_busy=1 level=DEBUG
2026-03-14 02:07:26.887 runner heartbeat queue_depth=7 workers_busy=3 level=DEBUG
2026-03-14 03:14:05.136 runner heartbeat queue_depth=8 workers_busy=0 level=DEBUG
2026-03-14 02:22:44.321 runner heartbeat queue_depth=1 workers_busy=2 level=DEBUG
2026-03-14 02:24:04.720 runner heartbeat queue_depth=8 workers_busy=0 level=DEBUG
2026-03-14 02:51:22.817 runner heartbeat queue_depth=1 workers_busy=0 level=DEBUG
2026-03-14 02:00:50.094 runner heartbeat queue_depth=3 workers_busy=1 level=DEBUG
2026-03-14 02:58:23.799 runner heartbeat queue_depth=6 workers_busy=2 level=DEBUG
2026-03-14 02:20:55.776 runner heartbeat queue_depth=3 workers_busy=2 level=DEBUG
2026-03-14 02:28:55.062 runner heartbeat queue_depth=6 workers_busy=3 level=DEBUG
2026-03-14 02:48:49.412 runner heartbeat queue_depth=8 workers_busy=1 level=DEBUG
2026-03-14 02:23:49.577 runner heartbeat queue_depth=4 workers_busy=0 level=DEBUG
2026-03-14 02:23:02.544 runner heartbeat queue_depth=4 workers_busy=1 level=DEBUG
2026-03-14 02:51:43.953 runner heartbeat queue_depth=7 workers_busy=1 level=DEBUG
2026-03-14 02:11:47.329 runner heartbeat queue_depth=6 workers_busy=2 level=DEBUG
2026-03-14 03:01:13.861 runner heartbeat queue_depth=5 workers_busy=0 level=DEBUG
2026-03-14 02:37:32.645 runner heartbeat queue_depth=0 workers_busy=0 level=DEBUG
2026-03-14 02:59:29.969 runner heartbeat queue_depth=6 workers_busy=1 level=DEBUG
2026-03-14 02:23:44.866 runner heartbeat queue_depth=4 workers_busy=1 level=DEBUG
2026-03-14 02:34:24.522 runner heartbeat queue_depth=8 workers_busy=1 level=DEBUG
2026-03-14 02:07:30.317 runner heartbeat queue_depth=6 workers_busy=3 level=DEBUG
2026-03-14 02:44:36.859 runner heartbeat queue_depth=8 workers_busy=1 level=DEBUG
2026-03-14 02:28:50.745 runner heartbeat queue_depth=3 workers_busy=3 level=DEBUG
2026-03-14 02:16:00.488 runner heartbeat queue_depth=4 workers_busy=3 level=DEBUG
2026-03-14 02:11:27.981 runner heartbeat queue_depth=3 workers_busy=2 level=DEBUG
2026-03-14 02:09:41.864 runner heartbeat queue_depth=0 workers_busy=0 level=DEBUG
2026-03-14 02:41:27.219 runner heartbeat queue_depth=4 workers_busy=0 level=DEBUG
2026-03-14 03:06:30.915 runner heartbeat queue_depth=5 workers_busy=3 level=DEBUG
2026-03-14 02:13:45.098 runner heartbeat queue_depth=0 workers_busy=1 level=DEBUG
2026-03-14 02:40:32.860 runner heartbeat queue_depth=5 workers_busy=3 level=DEBUG
2026-03-14 02:40:14.584 runner heartbeat queue_depth=4 workers_busy=1 level=DEBUG
2026-03-14 02:20:04.142 runner heartbeat queue_depth=8 workers_busy=0 level=DEBUG
2026-03-14 02:59:13.744 runner heartbeat queue_depth=0 workers_busy=1 level=DEBUG
2026-03-14 02:28:18.507 runner heartbeat queue_depth=7 workers_busy=3 level=DEBUG
2026-03-14 02:43:48.226 runner heartbeat queue_depth=6 workers_busy=2 level=DEBUG
2026-03-14 02:28:59.656 runner heartbeat queue_depth=7 workers_busy=3 level=DEBUG
2026-03-14 03:00:42.917 runner heartbeat queue_depth=1 workers_busy=0 level=DEBUG
2026-03-14 02:05:43.082 runner heartbeat queue_depth=2 workers_busy=0 level=DEBUG
2026-03-14 02:20:57.578 runner heartbeat queue_depth=3 workers_busy=0 level=DEBUG
2026-03-14 02:55:51.243 runner heartbeat queue_depth=6 workers_busy=3 level=DEBUG
2026-03-14 03:14:59.014 runner heartbeat queue_depth=2 workers_busy=3 level=DEBUG
2026-03-14 02:32:49.220 runner heartbeat queue_depth=5 workers_busy=2 level=DEBUG
2026-03-14 03:11:29.215 runner heartbeat queue_depth=2 workers_busy=1 level=DEBUG
2026-03-14 02:01:22.877 runner heartbeat queue_depth=0 workers_busy=1 level=DEBUG
2026-03-14 02:50:35.275 runner heartbeat queue_depth=8 workers_busy=3 level=DEBUG
2026-03-14 02:24:27.281 runner heartbeat queue_depth=7 workers_busy=0 level=DEBUG
2026-03-14 02:55:37.538 runner heartbeat queue_depth=3 workers_busy=2 level=DEBUG
2026-03-14 02:53:40.729 runner heartbeat queue_depth=4 workers_busy=1 level=DEBUG
2026-03-14 03:13:34.048 runner heartbeat queue_depth=7 workers_busy=2 level=DEBUG
2026-03-14 02:46:07.709 runner heartbeat queue_depth=6 workers_busy=2 level=DEBUG
2026-03-14 02:21:18.307 runner heartbeat queue_depth=7 workers_busy=2 level=DEBUG
2026-03-14 02:21:24.086 runner heartbeat queue_depth=8 workers_busy=0 level=DEBUG
2026-03-14 02:10:31.049 runner heartbeat queue_depth=5 workers_busy=3 level=DEBUG
2026-03-14 02:56:12.270 runner heartbeat queue_depth=3 workers_busy=1 level=DEBUG
2026-03-14 02:54:04.973 runner heartbeat queue_depth=2 workers_busy=0 level=DEBUG
2026-03-14 02:06:57.961 runner heartbeat queue_depth=0 workers_busy=0 level=DEBUG
2026-03-14 02:35:27.499 runner heartbeat queue_depth=4 workers_busy=1 level=DEBUG
2026-03-14 02:35:38.272 runner heartbeat queue_depth=2 workers_busy=0 level=DEBUG
2026-03-14 02:36:59.020 runner heartbeat queue_depth=6 workers_busy=2 level=DEBUG
2026-03-14 02:22:32.277 runner heartbeat queue_depth=1 workers_busy=3 level=DEBUG
2026-03-14 02:39:54.894 runner heartbeat queue_depth=4 workers_busy=2 level=DEBUG
2026-03-14 02:03:35.422 runner heartbeat queue_depth=4 workers_busy=0 level=DEBUG
2026-03-14 03:05:42.343 runner heartbeat queue_depth=3 workers_busy=2 level=DEBUG
2026-03-14 02:17:56.067 runner heartbeat queue_depth=3 workers_busy=2 level=DEBUG
2026-03-14 02:10:34.703 runner heartbeat queue_depth=2 workers_busy=3 level=DEBUG
2026-03-14 03:05:38.233 runner heartbeat queue_depth=8 workers_busy=3 level=DEBUG
2026-03-14 02:00:11.850 runner heartbeat queue_depth=5 workers_busy=0 level=DEBUG
2026-03-14 02:58:17.436 runner heartbeat queue_depth=8 workers_busy=1 level=DEBUG
2026-03-14 02:58:05.427 runner heartbeat queue_depth=8 workers_busy=0 level=DEBUG
2026-03-14 02:08:37.632 runner heartbeat queue_depth=3 workers_busy=1 level=DEBUG
2026-03-14 02:50:23.948 runner heartbeat queue_depth=6 workers_busy=1 level=DEBUG
2026-03-14 03:11:01.286 runner heartbeat queue_depth=1 workers_busy=1 level=DEBUG
2026-03-14 03:12:45.357 runner heartbeat queue_depth=3 workers_busy=1 level=DEBUG
2026-03-14 03:02:53.861 runner heartbeat queue_depth=3 workers_busy=3 level=DEBUG
2026-03-14 02:58:50.114 runner heartbeat queue_depth=1 workers_busy=3 level=DEBUG
2026-03-14 03:02:31.273 runner heartbeat queue_depth=3 workers_busy=1 level=DEBUG
2026-03-14 02:12:56.080 runner heartbeat queue_depth=8 workers_busy=2 level=DEBUG
2026-03-14 02:27:50.648 runner heartbeat queue_depth=4 workers_busy=2 level=DEBUG
2026-03-14 02:07:20.540 runner heartbeat queue_depth=0 workers_busy=0 level=DEBUG
2026-03-14 02:44:22.830 runner heartbeat queue_depth=2 workers_busy=1 level=DEBUG
2026-03-14 02:46:50.270 runner heartbeat queue_depth=8 workers_busy=1 level=DEBUG
2026-03-14 02:35:34.785 runner heartbeat queue_depth=3 workers_busy=2 level=DEBUG
2026-03-14 02:58:12.439 runner heartbeat queue_depth=3 workers_busy=2 level=DEBUG
2026-03-14 02:43:36.933 runner heartbeat queue_depth=8 workers_busy=2 level=DEBUG
2026-03-14 02:52:58.881 runner heartbeat queue_depth=4 workers_busy=1 level=DEBUG
2026-03-14 03:14:00.461 runner heartbeat queue_depth=3 workers_busy=1 level=DEBUG
2026-03-14 02:16:38.133 runner heartbeat queue_depth=4 workers_busy=3 level=DEBUG
2026-03-14 02:37:29.288 runner heartbeat queue_depth=7 workers_busy=2 level=DEBUG
2026-03-14 02:25:39.135 runner heartbeat queue_depth=2 workers_busy=1 level=DEBUG
2026-03-14 02:51:19.003 runner heartbeat queue_depth=0 workers_busy=2 level=DEBUG
2026-03-14 02:23:42.027 runner heartbeat queue_depth=8 workers_busy=2 level=DEBUG
2026-03-14 02:13:56.487 runner heartbeat queue_depth=6 workers_busy=0 level=DEBUG
2026-03-14 02:50:36.502 runner heartbeat queue_depth=7 workers_busy=1 level=DEBUG
2026-03-14 02:16:26.007 runner heartbeat queue_depth=5 workers_busy=2 level=DEBUG
2026-03-14 02:21:21.365 runner heartbeat queue_depth=0 workers_busy=1 level=DEBUG
2026-03-14 02:59:06.645 runner heartbeat queue_depth=7 workers_busy=1 level=DEBUG
2026-03-14 03:10:36.216 runner heartbeat queue_depth=5 workers_busy=3 level=DEBUG
2026-03-14 02:58:00.833 runner heartbeat queue_depth=3 workers_busy=2 level=DEBUG
2026-03-14 03:10:49.979 runner heartbeat queue_depth=1 workers_busy=1 level=DEBUG
2026-03-14 02:31:35.331 runner heartbeat queue_depth=4 workers_busy=3 level=DEBUG
2026-03-14 02:41:48.870 runner heartbeat queue_depth=0 workers_busy=3 level=DEBUG
2026-03-14 02:31:40.429 runner heartbeat queue_depth=3 workers_busy=1 level=DEBUG
2026-03-14 02:05:24.717 runner heartbeat queue_depth=5 workers_busy=3 level=DEBUG
2026-03-14 02:21:55.362 runner heartbeat queue_depth=6 workers_busy=3 level=DEBUG
2026-03-14 02:33:48.595 runner heartbeat queue_depth=4 workers_busy=0 level=DEBUG
2026-03-14 03:07:25.805 runner heartbeat queue_depth=5 workers_busy=2 level=DEBUG
2026-03-14 02:58:41.078 runner heartbeat queue_depth=5 workers_busy=3 level=DEBUG
2026-03-14 02:26:48.758 runner heartbeat queue_depth=5 workers_busy=0 level=DEBUG
2026-03-14 02:26:36.719 runner heartbeat queue_depth=5 workers_busy=2 level=DEBUG
2026-03-14 02:56:03.138 runner heartbeat queue_depth=8 workers_busy=2 level=DEBUG
2026-03-14 02:43:08.647 runner heartbeat queue_depth=0 workers_busy=2 level=DEBUG
2026-03-14 02:31:27.606 runner heartbeat queue_depth=1 workers_busy=2 level=DEBUG
2026-03-14 02:53:12.768 runner heartbeat queue_depth=0 workers_busy=3 level=DEBUG
2026-03-14 02:53:06.671 runner heartbeat queue_depth=0 workers_busy=2 level=DEBUG
2026-03-14 03:06:24.807 runner heartbeat queue_depth=8 workers_busy=3 level=DEBUG
2026-03-14 02:13:38.811 runner heartbeat queue_depth=4 workers_busy=2 level=DEBUG
2026-03-14 02:20:30.839 runner heartbeat queue_depth=1 workers_busy=0 level=DEBUG
2026-03-14 03:00:14.787 runner heartbeat queue_depth=6 workers_busy=0 level=DEBUG
2026-03-14 02:16:53.379 runner heartbeat queue_depth=5 workers_busy=3 level=DEBUG
2026-03-14 02:04:28.663 runner heartbeat queue_depth=3 workers_busy=3 level=DEBUG
2026-03-14 02:18:08.953 runner heartbeat queue_depth=2 workers_busy=3 level=DEBUG
2026-03-14 02:44:59.014 runner heartbeat queue_depth=7 workers_busy=2 level=DEBUG
2026-03-14 02:26:17.923 runner heartbeat queue_depth=3 workers_busy=1 level=DEBUG
2026-03-14 02:29:10.755 runner heartbeat queue_depth=2 workers_busy=0 level=DEBUG
2026-03-14 03:14:14.136 runner heartbeat queue_depth=3 workers_busy=3 level=DEBUG
2026-03-14 02:47:34.295 runner heartbeat queue_depth=1 workers_busy=1 level=DEBUG
2026-03-14 02:58:23.254 runner heartbeat queue_depth=2 workers_busy=0 level=DEBUG
2026-03-14 02:09:37.261 runner heartbeat queue_depth=4 workers_busy=1 level=DEBUG
2026-03-14 03:00:11.023 runner heartbeat queue_depth=8 workers_busy=0 level=DEBUG
2026-03-14 02:38:33.340 runner heartbeat queue_depth=0 workers_busy=3 level=DEBUG
2026-03-14 02:12:52.450 runner heartbeat queue_depth=6 workers_busy=0 level=DEBUG
2026-03-14 02:42:23.872 runner heartbeat queue_depth=5 workers_busy=1 level=DEBUG
2026-03-14 02:23:06.805 runner heartbeat queue_depth=5 workers_busy=1 level=DEBUG
2026-03-14 02:51:42.691 runner heartbeat queue_depth=6 workers_busy=3 level=DEBUG
2026-03-14 02:37:55.308 runner heartbeat queue_depth=1 workers_busy=2 level=DEBUG
2026-03-14 03:08:09.326 runner heartbeat queue_depth=7 workers_busy=2 level=DEBUG
2026-03-14 02:55:34.249 runner heartbeat queue_depth=4 workers_busy=0 level=DEBUG
2026-03-14 02:06:59.689 runner heartbeat queue_depth=3 workers_busy=1 level=DEBUG
2026-03-14 02:49:46.836 runner heartbeat queue_depth=2 workers_busy=2 level=DEBUG
2026-03-14 02:44:20.806 runner heartbeat queue_depth=4 workers_busy=3 level=DEBUG
2026-03-14 03:14:15.349 runner heartbeat queue_depth=4 workers_busy=3 level=DEBUG
2026-03-14 02:07:09.790 runner heartbeat queue_depth=4 workers_busy=3 level=DEBUG
2026-03-14 02:46:24.696 runner heartbeat queue_depth=0 workers_busy=0 level=DEBUG
2026-03-14 03:13:17.666 runner heartbeat queue_depth=7 workers_busy=2 level=DEBUG
2026-03-14 02:11:37.016 runner heartbeat queue_depth=5 workers_busy=3 level=DEBUG
2026-03-14 02:35:08.371 runner heartbeat queue_depth=8 workers_busy=1 level=DEBUG
2026-03-14 03:02:27.404 runner heartbeat queue_depth=1 workers_busy=0 level=DEBUG
2026-03-14 02:19:23.563 runner heartbeat queue_depth=3 workers_busy=2 level=DEBUG
2026-03-14 02:28:14.907 runner heartbeat queue_depth=2 workers_busy=1 level=DEBUG
2026-03-14 02:25:57.615 runner heartbeat queue_depth=4 workers_busy=2 level=DEBUG
2026-03-14 02:37:52.977 runner heartbeat queue_depth=2 workers_busy=3 level=DEBUG
2026-03-14 02:18:38.340 runner heartbeat queue_depth=3 workers_busy=1 level=DEBUG
2026-03-14 02:57:51.015 runner heartbeat queue_depth=5 workers_busy=3 level=DEBUG
2026-03-14 02:31:06.240 runner heartbeat queue_depth=4 workers_busy=1 level=DEBUG
2026-03-14 03:09:22.950 runner heartbeat queue_depth=1 workers_busy=0 level=DEBUG
2026-03-14 03:08:58.377 runner heartbeat queue_depth=1 workers_busy=2 level=DEBUG
2026-03-14 03:00:09.564 runner heartbeat queue_depth=1 workers_busy=0 level=DEBUG
2026-03-14 02:42:53.573 runner heartbeat queue_depth=6 workers_busy=1 level=DEBUG
2026-03-14 03:10:48.904 runner heartbeat queue_depth=1 workers_busy=3 level=DEBUG
2026-03-14 02:00:46.664 runner heartbeat queue_depth=2 workers_busy=0 level=DEBUG
2026-03-14 02:33:22.440 runner heartbeat queue_depth=6 workers_busy=3 level=DEBUG
2026-03-14 03:13:01.868 runner heartbeat queue_depth=5 workers_busy=1 level=DEBUG
2026-03-14 02:36:18.809 runner heartbeat queue_depth=2 workers_busy=2 level=DEBUG
2026-03-14 02:08:15.131 runner heartbeat queue_depth=4 workers_busy=1 level=DEBUG
2026-03-14 02:53:12.883 runner heartbeat queue_depth=0 workers_busy=3 level=DEBUG
2026-03-14 02:38:51.181 runner heartbeat queue_depth=4 workers_busy=0 level=DEBUG
2026-03-14 03:13:59.194 runner heartbeat queue_depth=3 workers_busy=1 level=DEBUG
2026-03-14 02:59:50.300 runner heartbeat queue_depth=3 workers_busy=1 level=DEBUG
2026-03-14 02:16:30.235 runner heartbeat queue_depth=5 workers_busy=0 level=DEBUG
2026-03-14 02:08:20.978 runner heartbeat queue_depth=7 workers_busy=2 level=DEBUG
2026-03-14 02:46:29.982 runner heartbeat queue_depth=7 workers_busy=1 level=DEBUG
2026-03-14 03:10:08.367 runner heartbeat queue_depth=1 workers_busy=3 level=DEBUG
2026-03-14 02:52:49.970 runner heartbeat queue_depth=7 workers_busy=1 level=DEBUG
2026-03-14 02:24:51.663 runner heartbeat queue_depth=5 workers_busy=3 level=DEBUG
2026-03-14 02:55:13.480 runner heartbeat queue_depth=6 workers_busy=1 level=DEBUG
2026-03-14 02:50:29.891 runner heartbeat queue_depth=3 workers_busy=1 level=DEBUG
2026-03-14 02:50:21.944 runner heartbeat queue_depth=8 workers_busy=0 level=DEBUG
2026-03-14 02:34:18.491 runner heartbeat queue_depth=5 workers_busy=2 level=DEBUG
2026-03-14 02:48:55.105 runner heartbeat queue_depth=7 workers_busy=3 level=DEBUG
2026-03-14 03:09:15.272 runner heartbeat queue_depth=0 workers_busy=3 level=DEBUG
2026-03-14 02:53:56.055 runner heartbeat queue_depth=7 workers_busy=2 level=DEBUG
2026-03-14 02:23:11.804 runner heartbeat queue_depth=5 workers_busy=2 level=DEBUG
2026-03-14 02:33:13.106 runner heartbeat queue_depth=0 workers_busy=1 level=DEBUG
2026-03-14 02:46:35.271 runner heartbeat queue_depth=3 workers_busy=2 level=DEBUG
2026-03-14 03:01:06.085 runner heartbeat queue_depth=8 workers_busy=0 level=DEBUG
2026-03-14 02:58:38.179 runner heartbeat queue_depth=2 workers_busy=3 level=DEBUG
2026-03-14 02:43:35.927 runner heartbeat queue_depth=5 workers_busy=2 level=DEBUG
2026-03-14 02:10:00.797 runner heartbeat queue_depth=1 workers_busy=3 level=DEBUG
2026-03-14 02:51:27.433 runner heartbeat queue_depth=4 workers_busy=3 level=DEBUG
2026-03-14 02:35:05.920 runner heartbeat queue_depth=1 workers_busy=1 level=DEBUG
2026-03-14 03:05:19.553 runner heartbeat queue_depth=7 workers_busy=3 level=DEBUG
2026-03-14 02:38:55.360 runner heartbeat queue_depth=6 workers_busy=2 level=DEBUG
2026-03-14 02:58:28.550 runner heartbeat queue_depth=7 workers_busy=1 level=DEBUG
2026-03-14 02:55:47.297 runner heartbeat queue_depth=7 workers_busy=1 level=DEBUG
2026-03-14 02:03:38.537 runner heartbeat queue_depth=2 workers_busy=0 level=DEBUG
2026-03-14 03:13:25.014 runner heartbeat queue_depth=3 workers_busy=3 level=DEBUG
2026-03-14 02:16:33.116 runner heartbeat queue_depth=8 workers_busy=1 level=DEBUG
2026-03-14 02:42:52.249 runner heartbeat queue_depth=6 workers_busy=1 level=DEBUG
2026-03-14 02:00:53.574 runner heartbeat queue_depth=1 workers_busy=1 level=DEBUG
2026-03-14 03:14:40.413 runner heartbeat queue_depth=8 workers_busy=3 level=DEBUG
2026-03-14 03:01:08.819 runner heartbeat queue_depth=7 workers_busy=0 level=DEBUG
2026-03-14 02:48:18.825 runner heartbeat queue_depth=7 workers_busy=0 level=DEBUG
2026-03-14 02:38:56.450 runner heartbeat queue_depth=6 workers_busy=3 level=DEBUG
2026-03-14 03:06:03.403 runner heartbeat queue_depth=0 workers_busy=0 level=DEBUG
2026-03-14 03:12:58.969 runner heartbeat queue_depth=3 workers_busy=0 level=DEBUG
2026-03-14 03:00:54.031 runner heartbeat queue_depth=3 workers_busy=2 level=DEBUG
2026-03-14 02:17:03.331 runner heartbeat queue_depth=7 workers_busy=0 level=DEBUG
2026-03-14 02:06:18.206 runner heartbeat queue_depth=8 workers_busy=0 level=DEBUG
2026-03-14 03:03:11.661 runner heartbeat queue_depth=5 workers_busy=3 level=DEBUG
2026-03-14 02:55:39.287 runner heartbeat queue_depth=4 workers_busy=1 level=DEBUG
2026-03-14 03:07:45.321 runner heartbeat queue_depth=6 workers_busy=1 level=DEBUG
2026-03-14 02:02:41.130 runner heartbeat queue_depth=0 workers_busy=3 level=DEBUG
2026-03-14 02:35:17.890 runner heartbeat queue_depth=2 workers_busy=1 level=DEBUG
2026-03-14 02:08:38.420 runner heartbeat queue_depth=0 workers_busy=0 level=DEBUG
2026-03-14 02:06:54.733 runner heartbeat queue_depth=4 workers_busy=0 level=DEBUG
2026-03-14 02:04:07.437 runner heartbeat queue_depth=8 workers_busy=1 level=DEBUG
2026-03-14 03:07:15.447 runner heartbeat queue_depth=4 workers_busy=3 level=DEBUG
2026-03-14 02:39:51.816 runner heartbeat queue_depth=1 workers_busy=3 level=DEBUG
2026-03-14 02:51:48.058 runner heartbeat queue_depth=7 workers_busy=3 level=DEBUG
2026-03-14 02:48:13.267 runner heartbeat queue_depth=5 workers_busy=1 level=DEBUG
2026-03-14 02:34:36.039 runner heartbeat queue_depth=2 workers_busy=3 level=DEBUG
2026-03-14 02:55:51.420 runner heartbeat queue_depth=0 workers_busy=2 level=DEBUG
2026-03-14 02:14:54.645 runner heartbeat queue_depth=2 workers_busy=1 level=DEBUG
2026-03-14 02:59:21.337 runner heartbeat queue_depth=2 workers_busy=1 level=DEBUG
2026-03-14 02:24:24.597 runner heartbeat queue_depth=2 workers_busy=3 level=DEBUG
2026-03-14 02:06:57.774 runner heartbeat queue_depth=6 workers_busy=0 level=DEBUG
2026-03-14 03:03:55.257 runner heartbeat queue_depth=1 workers_busy=2 level=DEBUG
2026-03-14 02:35:30.853 runner heartbeat queue_depth=1 workers_busy=1 level=DEBUG
2026-03-14 02:23:05.993 runner heartbeat queue_depth=4 workers_busy=0 level=DEBUG
2026-03-14 02:44:24.118 runner heartbeat queue_depth=5 workers_busy=1 level=DEBUG
2026-03-14 02:46:48.445 runner heartbeat queue_depth=1 workers_busy=0 level=DEBUG
2026-03-14 02:18:43.907 runner heartbeat queue_depth=2 workers_busy=0 level=DEBUG
2026-03-14 02:28:20.484 runner heartbeat queue_depth=6 workers_busy=2 level=DEBUG
2026-03-14 02:55:28.997 runner heartbeat queue_depth=7 workers_busy=3 level=DEBUG
2026-03-14 02:36:17.585 runner heartbeat queue_depth=7 workers_busy=1 level=DEBUG
2026-03-14 02:37:21.279 runner heartbeat queue_depth=3 workers_busy=0 level=DEBUG
2026-03-14 02:10:09.129 runner heartbeat queue_depth=3 workers_busy=3 level=DEBUG
2026-03-14 02:52:01.273 runner heartbeat queue_depth=4 workers_busy=1 level=DEBUG
2026-03-14 02:45:44.886 runner heartbeat queue_depth=1 workers_busy=2 level=DEBUG
2026-03-14 02:06:01.930 runner heartbeat queue_depth=6 workers_busy=3 level=DEBUG
2026-03-14 02:27:44.109 runner heartbeat queue_depth=6 workers_busy=3 level=DEBUG
2026-03-14 02:35:36.586 runner heartbeat queue_depth=7 workers_busy=1 level=DEBUG
2026-03-14 02:27:05.963 runner heartbeat queue_depth=7 workers_busy=3 level=DEBUG
2026-03-14 02:55:31.621 runner heartbeat queue_depth=0 workers_busy=1 level=DEBUG
2026-03-14 03:05:42.041 runner heartbeat queue_depth=3 workers_busy=3 level=DEBUG
2026-03-14 03:02:58.161 runner heartbeat queue_depth=7 workers_busy=3 level=DEBUG
2026-03-14 02:09:46.488 runner heartbeat queue_depth=0 workers_busy=3 level=DEBUG
2026-03-14 03:05:25.250 runner heartbeat queue_depth=6 workers_busy=1 level=DEBUG
2026-03-14 02:40:54.254 runner heartbeat queue_depth=7 workers_busy=0 level=DEBUG
2026-03-14 02:24:44.881 runner heartbeat queue_depth=4 workers_busy=0 level=DEBUG
2026-03-14 02:50:44.013 runner heartbeat queue_depth=7 workers_busy=0 level=DEBUG
2026-03-14 02:21:26.104 runner heartbeat queue_depth=7 workers_busy=1 level=DEBUG
2026-03-14 02:10:24.527 runner heartbeat queue_depth=6 workers_busy=3 level=DEBUG
2026-03-14 02:03:38.669 runner heartbeat queue_depth=0 workers_busy=0 level=DEBUG
2026-03-14 02:37:37.037 runner heartbeat queue_depth=2 workers_busy=3 level=DEBUG
2026-03-14 02:03:39.791 runner heartbeat queue_depth=1 workers_busy=2 level=DEBUG
2026-03-14 02:15:05.453 runner heartbeat queue_depth=6 workers_busy=2 level=DEBUG
2026-03-14 02:53:06.104 runner heartbeat queue_depth=6 workers_busy=1 level=DEBUG
2026-03-14 02:01:54.335 runner heartbeat queue_depth=4 workers_busy=3 level=DEBUG
2026-03-14 02:28:51.875 runner heartbeat queue_depth=2 workers_busy=0 level=DEBUG
2026-03-14 02:38:29.307 runner heartbeat queue_depth=7 workers_busy=1 level=DEBUG
2026-03-14 03:04:31.741 runner heartbeat queue_depth=8 workers_busy=1 level=DEBUG
2026-03-14 02:17:52.818 runner heartbeat queue_depth=1 workers_busy=0 level=DEBUG
2026-03-14 02:52:37.129 runner heartbeat queue_depth=8 workers_busy=1 level=DEBUG
2026-03-14 02:00:15.767 runner heartbeat queue_depth=3 workers_busy=2 level=DEBUG
2026-03-14 02:58:33.098 runner heartbeat queue_depth=0 workers_busy=2 level=DEBUG
2026-03-14 02:22:28.346 runner heartbeat queue_depth=3 workers_busy=0 level=DEBUG
2026-03-14 02:25:14.462 runner heartbeat queue_depth=7 workers_busy=3 level=DEBUG
2026-03-14 02:05:41.274 runner heartbeat queue_depth=1 workers_busy=1 level=DEBUG
2026-03-14 02:17:57.466 runner heartbeat queue_depth=4 workers_busy=1 level=DEBUG
2026-03-14 02:25:48.475 runner heartbeat queue_depth=5 workers_busy=2 level=DEBUG
2026-03-14 02:14:19.251 runner heartbeat queue_depth=8 workers_busy=0 level=DEBUG
2026-03-14 02:29:30.799 runner heartbeat queue_depth=1 workers_busy=3 level=DEBUG
2026-03-14 02:13:40.972 runner heartbeat queue_depth=7 workers_busy=0 level=DEBUG
2026-03-14 02:09:34.170 runner heartbeat queue_depth=0 workers_busy=2 level=DEBUG
2026-03-14 02:53:40.831 runner heartbeat queue_depth=0 workers_busy=0 level=DEBUG
2026-03-14 02:38:02.356 runner heartbeat queue_depth=5 workers_busy=0 level=DEBUG
2026-03-14 02:01:18.854 runner heartbeat queue_depth=4 workers_busy=0 level=DEBUG
2026-03-14 03:10:05.448 runner heartbeat queue_depth=0 workers_busy=1 level=DEBUG
2026-03-14 02:35:10.500 runner heartbeat queue_depth=5 workers_busy=0 level=DEBUG
2026-03-14 02:45:09.492 runner heartbeat queue_depth=7 workers_busy=2 level=DEBUG
2026-03-14 03:11:16.622 runner heartbeat queue_depth=7 workers_busy=0 level=DEBUG
2026-03-14 02:34:31.688 runner heartbeat queue_depth=6 workers_busy=0 level=DEBUG
2026-03-14 02:49:21.038 runner heartbeat queue_depth=6 workers_busy=3 level=DEBUG
2026-03-14 03:07:41.757 runner heartbeat queue_depth=3 workers_busy=0 level=DEBUG
2026-03-14 02:06:04.544 runner heartbeat queue_depth=5 workers_busy=0 level=DEBUG
2026-03-14 03:03:55.394 runner heartbeat queue_depth=0 workers_busy=2 level=DEBUG
2026-03-14 02:53:46.738 runner heartbeat queue_depth=0 workers_busy=2 level=DEBUG
2026-03-14 02:07:30.642 runner heartbeat queue_depth=7 workers_busy=3 level=DEBUG
2026-03-14 02:27:54.812 runner heartbeat queue_depth=5 workers_busy=2 level=DEBUG
2026-03-14 02:52:28.052 runner heartbeat queue_depth=1 workers_busy=0 level=DEBUG
2026-03-14 02:59:52.464 runner heartbeat queue_depth=8 workers_busy=3 level=DEBUG
2026-03-14 02:57:04.140 runner heartbeat queue_depth=8 workers_busy=3 level=DEBUG
2026-03-14 02:33:40.519 runner heartbeat queue_depth=8 workers_busy=3 level=DEBUG
2026-03-14 03:14:07.255 runner heartbeat queue_depth=3 workers_busy=1 level=DEBUG
2026-03-14 02:55:12.457 runner heartbeat queue_depth=7 workers_busy=1 level=DEBUG
2026-03-14 02:24:26.500 runner heartbeat queue_depth=0 workers_busy=1 level=DEBUG
2026-03-14 02:31:33.389 runner heartbeat queue_depth=0 workers_busy=1 level=DEBUG
2026-03-14 02:15:53.211 runner heartbeat queue_depth=1 workers_busy=0 level=DEBUG
2026-03-14 02:57:20.906 runner heartbeat queue_depth=6 workers_busy=2 level=DEBUG
2026-03-14 02:14:56.760 runner heartbeat queue_depth=8 workers_busy=1 level=DEBUG
2026-03-14 02:42:28.579 runner heartbeat queue_depth=0 workers_busy=0 level=DEBUG
2026-03-14 03:06:21.810 runner heartbeat queue_depth=7 workers_busy=1 level=DEBUG
2026-03-14 03:03:44.796 runner heartbeat queue_depth=0 workers_busy=1 level=DEBUG
2026-03-14 02:57:54.581 runner heartbeat queue_depth=1 workers_busy=3 level=DEBUG
2026-03-14 03:01:41.753 runner heartbeat queue_depth=2 workers_busy=2 level=DEBUG
2026-03-14 02:20:21.760 runner heartbeat queue_depth=7 workers_busy=3 level=DEBUG
2026-03-14 02:39:34.851 runner heartbeat queue_depth=7 workers_busy=3 level=DEBUG
2026-03-14 02:07:45.772 runner heartbeat queue_depth=3 workers_busy=3 level=DEBUG
2026-03-14 02:48:43.530 runner heartbeat queue_depth=3 workers_busy=1 level=DEBUG
2026-03-14 02:26:41.677 runner heartbeat queue_depth=5 workers_busy=3 level=DEBUG
2026-03-14 02:37:49.129 runner heartbeat queue_depth=1 workers_busy=2 level=DEBUG
2026-03-14 02:42:42.515 runner heartbeat queue_depth=6 workers_busy=2 level=DEBUG
2026-03-14 02:23:26.886 runner heartbeat queue_depth=3 workers_busy=3 level=DEBUG
2026-03-14 03:11:00.103 runner heartbeat queue_depth=3 workers_busy=3 level=DEBUG
2026-03-14 03:14:43.148 runner heartbeat queue_depth=4 workers_busy=3 level=DEBUG
2026-03-14 02:21:16.585 runner heartbeat queue_depth=4 workers_busy=0 level=DEBUG
2026-03-14 02:46:59.686 runner heartbeat queue_depth=8 workers_busy=0 level=DEBUG
2026-03-14 02:01:35.592 runner heartbeat queue_depth=8 workers_busy=1 level=DEBUG
2026-03-14 03:14:00.682 runner heartbeat queue_depth=1 workers_busy=0 level=DEBUG
2026-03-14 02:51:45.871 runner heartbeat queue_depth=5 workers_busy=3 level=DEBUG
2026-03-14 02:47:00.520 runner heartbeat queue_depth=1 workers_busy=0 level=DEBUG
2026-03-14 02:00:09.211 runner heartbeat queue_depth=6 workers_busy=0 level=DEBUG
2026-03-14 02:43:29.192 runner heartbeat queue_depth=1 workers_busy=3 level=DEBUG
2026-03-14 03:00:53.108 runner heartbeat queue_depth=7 workers_busy=1 level=DEBUG
2026-03-14 02:26:47.609 runner heartbeat queue_depth=8 workers_busy=2 level=DEBUG
2026-03-14 02:20:37.463 runner heartbeat queue_depth=1 workers_busy=1 level=DEBUG
2026-03-14 03:01:39.064 runner heartbeat queue_depth=8 workers_busy=2 level=DEBUG
2026-03-14 02:02:47.748 runner heartbeat queue_depth=8 workers_busy=2 level=DEBUG
2026-03-14 02:00:35.299 runner heartbeat queue_depth=4 workers_busy=0 level=DEBUG
2026-03-14 02:45:58.481 runner heartbeat queue_depth=2 workers_busy=1 level=DEBUG
2026-03-14 02:24:16.636 runner heartbeat queue_depth=2 workers_busy=2 level=DEBUG
2026-03-14 02:33:10.405 runner heartbeat queue_depth=0 workers_busy=0 level=DEBUG
2026-03-14 03:03:33.117 runner heartbeat queue_depth=8 workers_busy=1 level=DEBUG
2026-03-14 02:52:26.286 runner heartbeat queue_depth=2 workers_busy=3 level=DEBUG
