2026-03-14 02:00:00.502 edge /static/style.css status=200 upstream=B rt_ms=72 bytes=32324
2026-03-14 02:00:00.811 edge /healthz status=200 upstream=B rt_ms=6 bytes=35716
2026-03-14 02:00:02.565 edge / status=200 upstream=B rt_ms=120 bytes=2297
2026-03-14 02:00:03.468 edge / status=200 upstream=B rt_ms=67 bytes=10870
2026-03-14 02:00:03.970 edge /api/events status=200 upstream=B rt_ms=47 bytes=5813
2026-03-14 02:00:04.112 edge /api/events status=200 upstream=B rt_ms=313 bytes=33365
2026-03-14 02:00:04.251 edge /api/events status=200 upstream=B rt_ms=357 bytes=2628
2026-03-14 02:00:05.496 edge /api/orders status=200 upstream=B rt_ms=238 bytes=26238
2026-03-14 02:00:07.412 edge /api/orders status=500 upstream=B rt_ms=99 bytes=40134
2026-03-14 02:00:07.412 edge / status=200 upstream=B rt_ms=65 bytes=20439
2026-03-14 02:00:08.559 edge /api/orders status=200 upstream=B rt_ms=280 bytes=40675
2026-03-14 02:00:08.670 edge /api/orders status=200 upstream=B rt_ms=311 bytes=30435
2026-03-14 02:00:09.367 edge /healthz status=200 upstream=B rt_ms=92 bytes=27297
2026-03-14 02:00:09.689 edge /static/style.css status=200 upstream=B rt_ms=135 bytes=30056
2026-03-14 02:00:10.810 edge /healthz status=200 upstream=B rt_ms=76 bytes=2832
2026-03-14 02:00:10.822 edge / status=500 upstream=B rt_ms=261 bytes=41841
2026-03-14 02:00:12.147 edge /api/orders status=200 upstream=B rt_ms=262 bytes=1875
2026-03-14 02:00:12.402 edge /api/events status=200 upstream=B rt_ms=272 bytes=31743
2026-03-14 02:00:13.785 edge /api/orders status=200 upstream=B rt_ms=299 bytes=1357
2026-03-14 02:00:17.992 edge /static/style.css status=200 upstream=B rt_ms=264 bytes=35007
2026-03-14 02:00:18.241 edge /healthz status=200 upstream=B rt_ms=5 bytes=5285
2026-03-14 02:00:21.955 edge /healthz status=200 upstream=B rt_ms=187 bytes=24691
2026-03-14 02:00:22.272 edge / status=200 upstream=B rt_ms=44 bytes=16705
2026-03-14 02:00:27.809 edge /api/events status=200 upstream=B rt_ms=291 bytes=38041
2026-03-14 02:00:30.476 edge /api/events status=200 upstream=B rt_ms=384 bytes=23213
2026-03-14 02:00:30.936 edge /static/style.css status=200 upstream=B rt_ms=316 bytes=17602
2026-03-14 02:00:31.030 edge /healthz status=200 upstream=B rt_ms=50 bytes=40215
2026-03-14 02:00:31.088 edge /healthz status=200 upstream=B rt_ms=333 bytes=22429
2026-03-14 02:00:31.570 edge / status=200 upstream=B rt_ms=46 bytes=13547
2026-03-14 02:00:32.208 edge /healthz status=200 upstream=B rt_ms=200 bytes=898
2026-03-14 02:00:32.698 edge / status=200 upstream=B rt_ms=50 bytes=4417
2026-03-14 02:00:34.461 edge / status=200 upstream=B rt_ms=121 bytes=27466
2026-03-14 02:00:35.013 edge /healthz status=200 upstream=B rt_ms=149 bytes=28399
2026-03-14 02:00:35.240 edge /static/style.css status=200 upstream=B rt_ms=316 bytes=8139
2026-03-14 02:00:38.450 edge /healthz status=200 upstream=B rt_ms=175 bytes=8286
2026-03-14 02:00:39.027 edge /api/orders status=200 upstream=B rt_ms=350 bytes=40423
2026-03-14 02:00:39.751 edge /healthz status=200 upstream=B rt_ms=225 bytes=1739
2026-03-14 02:00:40.519 edge /healthz status=200 upstream=B rt_ms=312 bytes=20039
2026-03-14 02:00:41.898 edge /healthz status=200 upstream=B rt_ms=23 bytes=7919
2026-03-14 02:00:42.080 edge / status=200 upstream=B rt_ms=36 bytes=17432
2026-03-14 02:00:43.005 edge /api/orders status=200 upstream=B rt_ms=342 bytes=12072
2026-03-14 02:00:46.891 edge /healthz status=200 upstream=B rt_ms=78 bytes=14796
2026-03-14 02:00:47.214 edge /api/events status=200 upstream=B rt_ms=360 bytes=15840
2026-03-14 02:00:47.958 edge /healthz status=200 upstream=B rt_ms=292 bytes=6630
2026-03-14 02:00:49.374 edge /healthz status=200 upstream=B rt_ms=343 bytes=13066
2026-03-14 02:00:49.892 edge /api/events status=200 upstream=B rt_ms=171 bytes=24576
2026-03-14 02:00:50.556 edge /healthz status=200 upstream=B rt_ms=9 bytes=9034
2026-03-14 02:00:51.456 edge /api/events status=200 upstream=B rt_ms=350 bytes=1809
2026-03-14 02:00:52.416 edge /static/style.css status=200 upstream=B rt_ms=243 bytes=14351
2026-03-14 02:00:53.224 edge /static/style.css status=200 upstream=B rt_ms=355 bytes=23110
2026-03-14 02:00:56.125 edge / status=200 upstream=B rt_ms=328 bytes=18932
2026-03-14 02:00:56.482 edge /api/orders status=200 upstream=B rt_ms=292 bytes=30644
2026-03-14 02:00:56.600 edge / status=200 upstream=B rt_ms=27 bytes=19557
2026-03-14 02:00:57.324 edge /api/orders status=200 upstream=B rt_ms=219 bytes=35813
2026-03-14 02:00:59.043 edge /api/events status=200 upstream=B rt_ms=232 bytes=4347
2026-03-14 02:00:59.157 edge /static/style.css status=200 upstream=B rt_ms=146 bytes=5339
2026-03-14 02:00:59.785 edge /api/events status=200 upstream=B rt_ms=160 bytes=6877
2026-03-14 02:01:00.158 edge / status=200 upstream=B rt_ms=269 bytes=35572
2026-03-14 02:01:00.555 edge / status=200 upstream=B rt_ms=281 bytes=9256
2026-03-14 02:01:03.202 edge /static/style.css status=500 upstream=B rt_ms=250 bytes=9267
2026-03-14 02:01:04.278 edge / status=200 upstream=B rt_ms=178 bytes=20054
2026-03-14 02:01:06.496 edge / status=200 upstream=B rt_ms=254 bytes=22110
2026-03-14 02:01:14.697 edge /api/orders status=200 upstream=B rt_ms=88 bytes=5423
2026-03-14 02:01:15.947 edge / status=200 upstream=B rt_ms=144 bytes=29063
2026-03-14 02:01:15.996 edge / status=200 upstream=B rt_ms=178 bytes=36852
2026-03-14 02:01:16.314 edge /api/events status=200 upstream=B rt_ms=86 bytes=21675
2026-03-14 02:01:17.900 edge /api/orders status=200 upstream=B rt_ms=48 bytes=17510
2026-03-14 02:01:19.987 edge /api/events status=200 upstream=B rt_ms=258 bytes=22060
2026-03-14 02:01:20.174 edge /healthz status=200 upstream=B rt_ms=279 bytes=14675
2026-03-14 02:01:20.188 edge /api/events status=200 upstream=B rt_ms=267 bytes=14536
2026-03-14 02:01:20.747 edge /api/events status=200 upstream=B rt_ms=117 bytes=39169
2026-03-14 02:01:22.485 edge / status=200 upstream=B rt_ms=59 bytes=23423
2026-03-14 02:01:22.636 edge / status=200 upstream=B rt_ms=306 bytes=38732
2026-03-14 02:01:23.729 edge / status=200 upstream=B rt_ms=127 bytes=40858
2026-03-14 02:01:25.337 edge /api/orders status=200 upstream=B rt_ms=274 bytes=37279
2026-03-14 02:01:26.277 edge / status=200 upstream=B rt_ms=134 bytes=3910
2026-03-14 02:01:27.597 edge /api/orders status=200 upstream=B rt_ms=150 bytes=2542
2026-03-14 02:01:28.177 edge /api/orders status=200 upstream=B rt_ms=47 bytes=8725
2026-03-14 02:01:28.347 edge /api/orders status=200 upstream=B rt_ms=105 bytes=6771
2026-03-14 02:01:28.490 edge /static/style.css status=200 upstream=B rt_ms=340 bytes=38841
2026-03-14 02:01:30.246 edge /healthz status=200 upstream=B rt_ms=84 bytes=24982
2026-03-14 02:01:32.687 edge /api/events status=500 upstream=B rt_ms=285 bytes=9517
2026-03-14 02:01:37.171 edge /api/orders status=200 upstream=B rt_ms=20 bytes=11962
2026-03-14 02:01:37.201 edge /static/style.css status=200 upstream=B rt_ms=302 bytes=24904
2026-03-14 02:01:37.209 edge /static/style.css status=200 upstream=B rt_ms=227 bytes=26072
2026-03-14 02:01:37.656 edge /healthz status=200 upstream=B rt_ms=161 bytes=6324
2026-03-14 02:01:41.596 edge /static/style.css status=200 upstream=B rt_ms=273 bytes=38197
2026-03-14 02:01:41.980 edge /healthz status=200 upstream=B rt_ms=83 bytes=35378
2026-03-14 02:01:43.040 edge /api/events status=200 upstream=B rt_ms=19 bytes=40604
2026-03-14 02:01:43.044 edge /api/events status=200 upstream=B rt_ms=219 bytes=14034
2026-03-14 02:01:44.336 edge / status=200 upstream=B rt_ms=235 bytes=15817
2026-03-14 02:01:44.764 edge / status=200 upstream=B rt_ms=107 bytes=40630
2026-03-14 02:01:45.859 edge / status=200 upstream=B rt_ms=180 bytes=19205
2026-03-14 02:01:47.216 edge / status=200 upstream=B rt_ms=331 bytes=33105
2026-03-14 02:01:47.906 edge /healthz status=200 upstream=B rt_ms=113 bytes=18663
2026-03-14 02:01:50.210 edge /api/events status=200 upstream=B rt_ms=89 bytes=20765
2026-03-14 02:01:51.022 edge /static/style.css status=200 upstream=B rt_ms=95 bytes=16769
2026-03-14 02:01:54.431 edge /static/style.css status=200 upstream=B rt_ms=114 bytes=31782
2026-03-14 02:01:54.462 edge /api/events status=200 upstream=B rt_ms=202 bytes=10567
2026-03-14 02:01:54.541 edge /api/orders status=200 upstream=B rt_ms=298 bytes=18090
2026-03-14 02:01:59.099 edge /api/events status=200 upstream=B rt_ms=335 bytes=29505
2026-03-14 02:01:59.603 edge / status=200 upstream=B rt_ms=15 bytes=19000
2026-03-14 02:01:59.996 edge /static/style.css status=200 upstream=B rt_ms=118 bytes=14079
2026-03-14 02:02:01.095 edge /api/orders status=200 upstream=B rt_ms=208 bytes=39111
2026-03-14 02:02:01.299 edge /api/orders status=200 upstream=B rt_ms=271 bytes=22427
2026-03-14 02:02:01.470 edge /healthz status=200 upstream=B rt_ms=259 bytes=15728
2026-03-14 02:02:01.552 edge / status=200 upstream=B rt_ms=123 bytes=28405
2026-03-14 02:02:02.347 edge / status=200 upstream=B rt_ms=357 bytes=11184
2026-03-14 02:02:02.505 edge /api/events status=200 upstream=B rt_ms=275 bytes=40737
2026-03-14 02:02:03.618 edge /api/events status=200 upstream=B rt_ms=294 bytes=11827
2026-03-14 02:02:04.768 edge / status=200 upstream=B rt_ms=182 bytes=39374
2026-03-14 02:02:05.062 edge / status=200 upstream=B rt_ms=197 bytes=38816
2026-03-14 02:02:05.212 edge /static/style.css status=200 upstream=B rt_ms=353 bytes=38670
2026-03-14 02:02:06.108 edge / status=200 upstream=B rt_ms=159 bytes=27445
2026-03-14 02:02:06.209 edge /api/events status=200 upstream=B rt_ms=119 bytes=34839
2026-03-14 02:02:07.791 edge / status=200 upstream=B rt_ms=35 bytes=40954
2026-03-14 02:02:08.562 edge /api/orders status=200 upstream=B rt_ms=81 bytes=41682
2026-03-14 02:02:09.434 edge /api/orders status=200 upstream=B rt_ms=26 bytes=23934
2026-03-14 02:02:09.695 edge /api/orders status=200 upstream=B rt_ms=87 bytes=14344
2026-03-14 02:02:09.822 edge /api/events status=200 upstream=B rt_ms=235 bytes=11520
2026-03-14 02:02:11.824 edge /static/style.css status=200 upstream=B rt_ms=247 bytes=27852
2026-03-14 02:02:13.956 edge /api/orders status=200 upstream=B rt_ms=323 bytes=29307
2026-03-14 02:02:14.559 edge /healthz status=404 upstream=B rt_ms=220 bytes=36404
2026-03-14 02:02:15.367 edge /api/orders status=200 upstream=B rt_ms=377 bytes=659
2026-03-14 02:02:16.805 edge /static/style.css status=200 upstream=B rt_ms=306 bytes=13488
2026-03-14 02:02:19.074 edge /static/style.css status=200 upstream=B rt_ms=25 bytes=39448
2026-03-14 02:02:19.676 edge /healthz status=200 upstream=B rt_ms=219 bytes=33609
2026-03-14 02:02:20.415 edge /api/orders status=200 upstream=B rt_ms=239 bytes=21097
2026-03-14 02:02:20.921 edge /api/orders status=200 upstream=B rt_ms=212 bytes=16158
2026-03-14 02:02:21.111 edge /api/orders status=200 upstream=B rt_ms=100 bytes=26538
2026-03-14 02:02:21.163 edge /healthz status=200 upstream=B rt_ms=260 bytes=38597
2026-03-14 02:02:22.307 edge /static/style.css status=200 upstream=B rt_ms=188 bytes=27043
2026-03-14 02:02:23.068 edge /api/events status=200 upstream=B rt_ms=249 bytes=6832
2026-03-14 02:02:23.320 edge /static/style.css status=200 upstream=B rt_ms=125 bytes=35895
2026-03-14 02:02:27.078 edge /static/style.css status=200 upstream=B rt_ms=64 bytes=5898
2026-03-14 02:02:27.811 edge /healthz status=200 upstream=B rt_ms=45 bytes=29421
2026-03-14 02:02:28.954 edge /api/orders status=200 upstream=B rt_ms=353 bytes=40497
2026-03-14 02:02:29.580 edge /api/events status=200 upstream=B rt_ms=20 bytes=5351
2026-03-14 02:02:29.736 edge /healthz status=200 upstream=B rt_ms=89 bytes=15548
2026-03-14 02:02:29.884 edge /healthz status=200 upstream=B rt_ms=312 bytes=32620
2026-03-14 02:02:30.645 edge /static/style.css status=200 upstream=B rt_ms=133 bytes=20302
2026-03-14 02:02:33.609 edge /api/events status=200 upstream=B rt_ms=75 bytes=26057
2026-03-14 02:02:33.913 edge /api/orders status=200 upstream=B rt_ms=322 bytes=37031
2026-03-14 02:02:34.753 edge /static/style.css status=200 upstream=B rt_ms=285 bytes=28430
2026-03-14 02:02:34.994 edge /api/orders status=200 upstream=B rt_ms=120 bytes=6245
2026-03-14 02:02:38.034 edge /api/events status=200 upstream=B rt_ms=371 bytes=20505
2026-03-14 02:02:38.779 edge /api/events status=200 upstream=B rt_ms=196 bytes=3864
2026-03-14 02:02:39.248 edge /static/style.css status=500 upstream=B rt_ms=385 bytes=2516
2026-03-14 02:02:39.278 edge /api/orders status=200 upstream=B rt_ms=242 bytes=3167
2026-03-14 02:02:40.832 edge /api/orders status=200 upstream=B rt_ms=395 bytes=39453
2026-03-14 02:02:42.202 edge / status=200 upstream=B rt_ms=17 bytes=14603
2026-03-14 02:02:43.888 edge /api/orders status=200 upstream=B rt_ms=340 bytes=24157
2026-03-14 02:02:46.260 edge / status=200 upstream=B rt_ms=185 bytes=28280
2026-03-14 02:02:46.418 edge / status=200 upstream=B rt_ms=186 bytes=37172
2026-03-14 02:02:47.354 edge /healthz status=200 upstream=B rt_ms=170 bytes=36644
2026-03-14 02:02:49.814 edge /healthz status=200 upstream=B rt_ms=28 bytes=29513
2026-03-14 02:02:50.212 edge / status=200 upstream=B rt_ms=283 bytes=7170
2026-03-14 02:02:51.467 edge /healthz status=200 upstream=B rt_ms=159 bytes=41553
2026-03-14 02:02:51.854 edge /static/style.css status=200 upstream=B rt_ms=7 bytes=14715
2026-03-14 02:02:52.020 edge /healthz status=200 upstream=B rt_ms=348 bytes=36449
2026-03-14 02:02:55.078 edge /static/style.css status=200 upstream=B rt_ms=163 bytes=36926
2026-03-14 02:02:57.470 edge / status=200 upstream=B rt_ms=282 bytes=29273
2026-03-14 02:02:57.990 edge / status=500 upstream=B rt_ms=332 bytes=29565
2026-03-14 02:02:58.111 edge / status=200 upstream=B rt_ms=86 bytes=36356
2026-03-14 02:03:00.166 edge /healthz status=200 upstream=B rt_ms=92 bytes=29584
2026-03-14 02:03:01.254 edge / status=200 upstream=B rt_ms=323 bytes=9518
2026-03-14 02:03:08.409 edge /api/orders status=200 upstream=B rt_ms=157 bytes=17700
2026-03-14 02:03:11.976 edge / status=200 upstream=B rt_ms=184 bytes=41296
2026-03-14 02:03:12.027 edge /healthz status=200 upstream=B rt_ms=316 bytes=4671
2026-03-14 02:03:12.515 edge /healthz status=200 upstream=B rt_ms=59 bytes=15076
2026-03-14 02:03:14.606 edge /api/orders status=200 upstream=B rt_ms=153 bytes=18956
2026-03-14 02:03:15.587 edge /static/style.css status=200 upstream=B rt_ms=22 bytes=14421
2026-03-14 02:03:15.876 edge /static/style.css status=200 upstream=B rt_ms=269 bytes=24752
2026-03-14 02:03:16.219 edge / status=404 upstream=B rt_ms=201 bytes=1415
2026-03-14 02:03:16.719 edge /static/style.css status=200 upstream=B rt_ms=231 bytes=6459
2026-03-14 02:03:16.784 edge /static/style.css status=200 upstream=B rt_ms=72 bytes=29507
2026-03-14 02:03:17.398 edge /api/events status=200 upstream=B rt_ms=393 bytes=25843
2026-03-14 02:03:19.329 edge /static/style.css status=200 upstream=B rt_ms=166 bytes=40002
2026-03-14 02:03:19.602 edge / status=200 upstream=B rt_ms=262 bytes=15461
2026-03-14 02:03:19.683 edge /static/style.css status=200 upstream=B rt_ms=355 bytes=7433
2026-03-14 02:03:20.140 edge /healthz status=200 upstream=B rt_ms=37 bytes=34383
2026-03-14 02:03:20.176 edge /healthz status=200 upstream=B rt_ms=254 bytes=10544
2026-03-14 02:03:20.948 edge /static/style.css status=200 upstream=B rt_ms=139 bytes=25851
2026-03-14 02:03:23.262 edge /api/orders status=200 upstream=B rt_ms=185 bytes=39742
2026-03-14 02:03:26.238 edge /healthz status=200 upstream=B rt_ms=322 bytes=22289
2026-03-14 02:03:28.128 edge /healthz status=200 upstream=B rt_ms=191 bytes=35860
2026-03-14 02:03:29.960 edge /api/events status=200 upstream=B rt_ms=341 bytes=30880
2026-03-14 02:03:30.614 edge /healthz status=200 upstream=B rt_ms=138 bytes=16122
2026-03-14 02:03:31.637 edge /api/orders status=200 upstream=B rt_ms=120 bytes=5552
2026-03-14 02:03:32.129 edge / status=200 upstream=B rt_ms=131 bytes=18617
2026-03-14 02:03:32.469 edge / status=200 upstream=B rt_ms=168 bytes=27098
2026-03-14 02:03:33.030 edge /static/style.css status=200 upstream=B rt_ms=234 bytes=33777
2026-03-14 02:03:34.724 edge /static/style.css status=200 upstream=B rt_ms=200 bytes=2870
2026-03-14 02:03:34.769 edge /static/style.css status=200 upstream=B rt_ms=8 bytes=13546
2026-03-14 02:03:35.234 edge /api/events status=200 upstream=B rt_ms=274 bytes=11617
2026-03-14 02:03:35.580 edge /static/style.css status=200 upstream=B rt_ms=130 bytes=8149
2026-03-14 02:03:36.278 edge / status=500 upstream=B rt_ms=59 bytes=17131
2026-03-14 02:03:37.182 edge /api/events status=200 upstream=B rt_ms=375 bytes=9122
2026-03-14 02:03:37.463 edge /api/events status=200 upstream=B rt_ms=201 bytes=38479
2026-03-14 02:03:38.614 edge /healthz status=200 upstream=B rt_ms=377 bytes=18565
2026-03-14 02:03:39.526 edge /static/style.css status=200 upstream=B rt_ms=210 bytes=25086
2026-03-14 02:03:41.459 edge /healthz status=200 upstream=B rt_ms=266 bytes=10963
2026-03-14 02:03:41.884 edge /static/style.css status=200 upstream=B rt_ms=140 bytes=11987
2026-03-14 02:03:41.935 edge / status=200 upstream=B rt_ms=265 bytes=21157
2026-03-14 02:03:43.739 edge / status=200 upstream=B rt_ms=185 bytes=33663
2026-03-14 02:03:44.165 edge /api/orders status=200 upstream=B rt_ms=362 bytes=18044
2026-03-14 02:03:44.387 edge / status=200 upstream=B rt_ms=204 bytes=32589
2026-03-14 02:03:45.156 edge /healthz status=200 upstream=B rt_ms=224 bytes=24587
2026-03-14 02:03:45.577 edge /healthz status=200 upstream=B rt_ms=351 bytes=31047
2026-03-14 02:03:45.996 edge / status=200 upstream=B rt_ms=221 bytes=1873
2026-03-14 02:03:47.906 edge / status=200 upstream=B rt_ms=113 bytes=39441
2026-03-14 02:03:49.538 edge /static/style.css status=200 upstream=B rt_ms=45 bytes=19363
2026-03-14 02:03:49.789 edge /static/style.css status=200 upstream=B rt_ms=252 bytes=15604
2026-03-14 02:03:50.231 edge /api/events status=200 upstream=B rt_ms=126 bytes=35184
2026-03-14 02:03:50.934 edge /api/events status=200 upstream=B rt_ms=138 bytes=27877
2026-03-14 02:03:55.834 edge / status=200 upstream=B rt_ms=328 bytes=9903
2026-03-14 02:03:56.704 edge /static/style.css status=200 upstream=B rt_ms=23 bytes=24345
2026-03-14 02:03:59.416 edge /healthz status=200 upstream=B rt_ms=235 bytes=18637
2026-03-14 02:04:00.183 edge /static/style.css status=200 upstream=B rt_ms=41 bytes=41800
2026-03-14 02:04:01.413 edge /static/style.css status=200 upstream=B rt_ms=281 bytes=2084
2026-03-14 02:04:04.167 edge / status=500 upstream=B rt_ms=322 bytes=8188
2026-03-14 02:04:04.254 edge /api/orders status=200 upstream=B rt_ms=50 bytes=38027
2026-03-14 02:04:04.320 edge /healthz status=200 upstream=B rt_ms=238 bytes=11785
2026-03-14 02:04:04.565 edge /healthz status=200 upstream=B rt_ms=179 bytes=3059
2026-03-14 02:04:08.265 edge /api/orders status=200 upstream=B rt_ms=172 bytes=20736
2026-03-14 02:04:10.091 edge / status=200 upstream=B rt_ms=168 bytes=34192
2026-03-14 02:04:10.621 edge /static/style.css status=200 upstream=B rt_ms=379 bytes=18976
2026-03-14 02:04:11.645 edge /static/style.css status=200 upstream=B rt_ms=342 bytes=5108
2026-03-14 02:04:12.216 edge /static/style.css status=200 upstream=B rt_ms=15 bytes=11890
2026-03-14 02:04:12.230 edge /api/orders status=200 upstream=B rt_ms=8 bytes=23387
2026-03-14 02:04:14.475 edge /healthz status=200 upstream=B rt_ms=354 bytes=11315
2026-03-14 02:04:15.683 edge /static/style.css status=200 upstream=B rt_ms=262 bytes=32282
2026-03-14 02:04:16.297 edge /healthz status=200 upstream=B rt_ms=392 bytes=40961
2026-03-14 02:04:16.369 edge /static/style.css status=200 upstream=B rt_ms=103 bytes=12155
2026-03-14 02:04:17.960 edge /api/orders status=200 upstream=B rt_ms=165 bytes=12054
2026-03-14 02:04:18.160 edge / status=500 upstream=B rt_ms=265 bytes=4687
2026-03-14 02:04:18.500 edge /healthz status=200 upstream=B rt_ms=382 bytes=35248
2026-03-14 02:04:18.774 edge /static/style.css status=200 upstream=B rt_ms=117 bytes=25573
2026-03-14 02:04:19.561 edge /static/style.css status=200 upstream=B rt_ms=244 bytes=34470
2026-03-14 02:04:21.153 edge / status=200 upstream=B rt_ms=307 bytes=25383
2026-03-14 02:04:21.395 edge /api/orders status=200 upstream=B rt_ms=381 bytes=11256
2026-03-14 02:04:22.381 edge / status=200 upstream=B rt_ms=40 bytes=7767
2026-03-14 02:04:24.131 edge /healthz status=200 upstream=B rt_ms=299 bytes=4303
2026-03-14 02:04:24.154 edge /api/orders status=200 upstream=B rt_ms=238 bytes=39169
2026-03-14 02:04:24.277 edge /api/events status=200 upstream=B rt_ms=243 bytes=26354
2026-03-14 02:04:27.144 edge /api/orders status=200 upstream=B rt_ms=56 bytes=35425
2026-03-14 02:04:30.121 edge /static/style.css status=200 upstream=B rt_ms=68 bytes=4064
2026-03-14 02:04:30.192 edge / status=200 upstream=B rt_ms=269 bytes=10681
2026-03-14 02:04:31.035 edge /healthz status=200 upstream=B rt_ms=265 bytes=30701
2026-03-14 02:04:31.524 edge /api/orders status=200 upstream=B rt_ms=64 bytes=6653
2026-03-14 02:04:32.227 edge /static/style.css status=200 upstream=B rt_ms=235 bytes=16413
2026-03-14 02:04:32.883 edge /static/style.css status=200 upstream=B rt_ms=281 bytes=28020
2026-03-14 02:04:34.982 edge /static/style.css status=200 upstream=B rt_ms=166 bytes=3416
2026-03-14 02:04:36.910 edge / status=200 upstream=B rt_ms=346 bytes=1122
2026-03-14 02:04:38.547 edge /api/orders status=200 upstream=B rt_ms=63 bytes=39678
2026-03-14 02:04:38.910 edge /healthz status=200 upstream=B rt_ms=305 bytes=4735
2026-03-14 02:04:38.962 edge /static/style.css status=200 upstream=B rt_ms=46 bytes=40110
2026-03-14 02:04:39.204 edge /api/events status=200 upstream=B rt_ms=54 bytes=11330
2026-03-14 02:04:39.385 edge /static/style.css status=200 upstream=B rt_ms=164 bytes=13719
2026-03-14 02:04:39.711 edge /healthz status=200 upstream=B rt_ms=221 bytes=40636
2026-03-14 02:04:40.169 edge / status=200 upstream=B rt_ms=365 bytes=34111
2026-03-14 02:04:40.515 edge /api/orders status=200 upstream=B rt_ms=285 bytes=20831
2026-03-14 02:04:42.756 edge /api/orders status=200 upstream=B rt_ms=74 bytes=2151
2026-03-14 02:04:42.805 edge /api/orders status=200 upstream=B rt_ms=72 bytes=35407
2026-03-14 02:04:44.726 edge /static/style.css status=200 upstream=B rt_ms=310 bytes=37224
2026-03-14 02:04:46.434 edge /static/style.css status=200 upstream=B rt_ms=312 bytes=8133
2026-03-14 02:04:46.950 edge /static/style.css status=200 upstream=B rt_ms=170 bytes=8143
2026-03-14 02:04:47.250 edge / status=200 upstream=B rt_ms=30 bytes=8557
2026-03-14 02:04:48.629 edge / status=200 upstream=B rt_ms=154 bytes=28409
2026-03-14 02:04:49.847 edge /healthz status=200 upstream=B rt_ms=216 bytes=761
2026-03-14 02:04:50.942 edge /healthz status=200 upstream=B rt_ms=120 bytes=27176
2026-03-14 02:04:51.761 edge / status=200 upstream=B rt_ms=71 bytes=14354
2026-03-14 02:04:54.043 edge /healthz status=200 upstream=B rt_ms=39 bytes=39618
2026-03-14 02:04:54.217 edge /static/style.css status=200 upstream=B rt_ms=243 bytes=28676
2026-03-14 02:04:54.746 edge /api/orders status=200 upstream=B rt_ms=277 bytes=4550
2026-03-14 02:04:55.592 edge /static/style.css status=200 upstream=B rt_ms=362 bytes=23964
2026-03-14 02:04:55.850 edge /healthz status=200 upstream=B rt_ms=188 bytes=2232
2026-03-14 02:04:57.091 edge / status=200 upstream=B rt_ms=144 bytes=30792
2026-03-14 02:04:58.314 edge /healthz status=200 upstream=B rt_ms=106 bytes=6992
2026-03-14 02:04:59.379 edge /api/orders status=200 upstream=B rt_ms=141 bytes=25071
2026-03-14 02:04:59.912 edge /api/events status=200 upstream=B rt_ms=42 bytes=24777
2026-03-14 02:05:00.184 edge /healthz status=200 upstream=B rt_ms=284 bytes=9679
2026-03-14 02:05:00.423 edge /healthz status=200 upstream=B rt_ms=187 bytes=41443
2026-03-14 02:05:00.518 edge /healthz status=200 upstream=B rt_ms=122 bytes=35002
2026-03-14 02:05:00.647 edge /healthz status=200 upstream=B rt_ms=215 bytes=28765
2026-03-14 02:05:00.859 edge /api/events status=200 upstream=B rt_ms=73 bytes=17836
2026-03-14 02:05:01.956 edge /static/style.css status=200 upstream=B rt_ms=188 bytes=15500
2026-03-14 02:05:03.527 edge /api/events status=200 upstream=B rt_ms=199 bytes=4721
2026-03-14 02:05:04.234 edge / status=200 upstream=B rt_ms=320 bytes=9737
2026-03-14 02:05:06.863 edge /healthz status=200 upstream=B rt_ms=311 bytes=36040
2026-03-14 02:05:07.424 edge /api/events status=200 upstream=B rt_ms=66 bytes=6925
2026-03-14 02:05:07.601 edge /healthz status=200 upstream=B rt_ms=194 bytes=8782
2026-03-14 02:05:08.806 edge /healthz status=200 upstream=B rt_ms=215 bytes=5341
2026-03-14 02:05:08.870 edge /healthz status=200 upstream=B rt_ms=244 bytes=37238
2026-03-14 02:05:09.211 edge /static/style.css status=200 upstream=B rt_ms=206 bytes=38026
2026-03-14 02:05:09.619 edge /static/style.css status=200 upstream=B rt_ms=392 bytes=22638
2026-03-14 02:05:10.075 edge /healthz status=200 upstream=B rt_ms=120 bytes=9788
2026-03-14 02:05:12.041 edge / status=200 upstream=B rt_ms=137 bytes=13517
2026-03-14 02:05:12.606 edge / status=200 upstream=B rt_ms=176 bytes=33251
2026-03-14 02:05:12.655 edge /static/style.css status=200 upstream=B rt_ms=99 bytes=3150
2026-03-14 02:05:13.034 edge /static/style.css status=200 upstream=B rt_ms=23 bytes=541
2026-03-14 02:05:14.460 edge /api/events status=200 upstream=B rt_ms=352 bytes=35619
2026-03-14 02:05:16.269 edge /api/orders status=200 upstream=B rt_ms=96 bytes=28813
2026-03-14 02:05:16.574 edge /api/orders status=200 upstream=B rt_ms=365 bytes=41091
2026-03-14 02:05:17.991 edge / status=200 upstream=B rt_ms=368 bytes=19140
2026-03-14 02:05:18.084 edge / status=200 upstream=B rt_ms=301 bytes=38475
2026-03-14 02:05:18.492 edge /healthz status=200 upstream=B rt_ms=343 bytes=38636
2026-03-14 02:05:18.762 edge /api/events status=200 upstream=B rt_ms=59 bytes=20790
2026-03-14 02:05:20.019 edge /static/style.css status=200 upstream=B rt_ms=196 bytes=17431
2026-03-14 02:05:20.828 edge /api/orders status=404 upstream=B rt_ms=139 bytes=3224
2026-03-14 02:05:22.123 edge /api/events status=200 upstream=B rt_ms=85 bytes=30225
2026-03-14 02:05:22.521 edge / status=200 upstream=B rt_ms=141 bytes=33841
2026-03-14 02:05:24.140 edge /static/style.css status=200 upstream=B rt_ms=204 bytes=30913
2026-03-14 02:05:24.715 edge /api/orders status=200 upstream=B rt_ms=237 bytes=29302
2026-03-14 02:05:25.004 edge /api/orders status=200 upstream=B rt_ms=30 bytes=30990
2026-03-14 02:05:27.433 edge /static/style.css status=200 upstream=B rt_ms=391 bytes=37853
2026-03-14 02:05:29.112 edge /healthz status=200 upstream=B rt_ms=30 bytes=29479
2026-03-14 02:05:29.809 edge /healthz status=200 upstream=B rt_ms=112 bytes=26394
2026-03-14 02:05:29.928 edge /api/events status=200 upstream=B rt_ms=191 bytes=449
2026-03-14 02:05:31.880 edge /static/style.css status=200 upstream=B rt_ms=74 bytes=30487
2026-03-14 02:05:32.444 edge /api/events status=200 upstream=B rt_ms=372 bytes=21236
2026-03-14 02:05:32.613 edge /api/orders status=200 upstream=B rt_ms=364 bytes=4649
2026-03-14 02:05:35.519 edge /api/orders status=200 upstream=B rt_ms=165 bytes=22770
2026-03-14 02:05:36.395 edge /api/events status=200 upstream=B rt_ms=37 bytes=8168
2026-03-14 02:05:40.783 edge /static/style.css status=200 upstream=B rt_ms=220 bytes=41212
2026-03-14 02:05:41.284 edge / status=200 upstream=B rt_ms=222 bytes=37165
2026-03-14 02:05:42.732 edge /static/style.css status=200 upstream=B rt_ms=128 bytes=34505
2026-03-14 02:05:43.026 edge /static/style.css status=200 upstream=B rt_ms=274 bytes=12192
2026-03-14 02:05:44.479 edge /api/orders status=200 upstream=B rt_ms=392 bytes=21559
2026-03-14 02:05:45.203 edge /static/style.css status=200 upstream=B rt_ms=234 bytes=16738
2026-03-14 02:05:46.823 edge /api/orders status=200 upstream=B rt_ms=222 bytes=26794
2026-03-14 02:05:48.643 edge /static/style.css status=200 upstream=B rt_ms=17 bytes=23487
2026-03-14 02:05:49.887 edge /static/style.css status=200 upstream=B rt_ms=222 bytes=13359
2026-03-14 02:05:50.983 edge /api/orders status=200 upstream=B rt_ms=314 bytes=17100
2026-03-14 02:05:51.023 edge /api/orders status=200 upstream=B rt_ms=46 bytes=18272
2026-03-14 02:05:51.178 edge /api/events status=200 upstream=B rt_ms=183 bytes=1842
2026-03-14 02:05:51.535 edge /api/events status=200 upstream=B rt_ms=34 bytes=21845
2026-03-14 02:05:51.649 edge / status=200 upstream=B rt_ms=148 bytes=1875
2026-03-14 02:05:51.896 edge /api/orders status=200 upstream=B rt_ms=110 bytes=14681
2026-03-14 02:05:52.555 edge / status=200 upstream=B rt_ms=374 bytes=23905
2026-03-14 02:05:52.929 edge / status=404 upstream=B rt_ms=235 bytes=40141
2026-03-14 02:05:57.727 edge / status=500 upstream=B rt_ms=71 bytes=19246
2026-03-14 02:05:59.221 edge /api/orders status=200 upstream=B rt_ms=274 bytes=36564
2026-03-14 02:05:59.687 edge /api/orders status=200 upstream=B rt_ms=368 bytes=33791
2026-03-14 02:06:02.240 edge /api/events status=200 upstream=B rt_ms=137 bytes=15473
2026-03-14 02:06:02.640 edge /healthz status=200 upstream=B rt_ms=40 bytes=20345
2026-03-14 02:06:09.364 edge / status=200 upstream=B rt_ms=356 bytes=10157
2026-03-14 02:06:09.909 edge / status=200 upstream=B rt_ms=32 bytes=39108
2026-03-14 02:06:10.628 edge / status=200 upstream=B rt_ms=361 bytes=4462
2026-03-14 02:06:11.998 edge /static/style.css status=200 upstream=B rt_ms=81 bytes=31433
2026-03-14 02:06:15.119 edge /static/style.css status=200 upstream=B rt_ms=168 bytes=25816
2026-03-14 02:06:18.032 edge / status=500 upstream=B rt_ms=169 bytes=36125
2026-03-14 02:06:19.522 edge /api/orders status=200 upstream=B rt_ms=317 bytes=5452
2026-03-14 02:06:20.398 edge /api/events status=500 upstream=B rt_ms=379 bytes=11299
2026-03-14 02:06:21.234 edge / status=200 upstream=B rt_ms=171 bytes=26269
2026-03-14 02:06:22.870 edge /api/orders status=200 upstream=B rt_ms=224 bytes=35756
2026-03-14 02:06:23.200 edge /healthz status=200 upstream=B rt_ms=270 bytes=37156
2026-03-14 02:06:25.467 edge /healthz status=200 upstream=B rt_ms=372 bytes=39996
2026-03-14 02:06:26.141 edge /api/orders status=200 upstream=B rt_ms=383 bytes=17911
2026-03-14 02:06:26.836 edge / status=500 upstream=B rt_ms=172 bytes=35856
2026-03-14 02:06:27.511 edge /static/style.css status=200 upstream=B rt_ms=240 bytes=30114
2026-03-14 02:06:28.791 edge / status=200 upstream=B rt_ms=228 bytes=11611
2026-03-14 02:06:28.930 edge /healthz status=200 upstream=B rt_ms=299 bytes=41375
2026-03-14 02:06:29.150 edge /api/orders status=200 upstream=B rt_ms=225 bytes=34795
2026-03-14 02:06:32.841 edge /healthz status=200 upstream=B rt_ms=323 bytes=4421
2026-03-14 02:06:34.217 edge /api/orders status=200 upstream=B rt_ms=87 bytes=14154
2026-03-14 02:06:34.612 edge /api/events status=200 upstream=B rt_ms=317 bytes=13282
2026-03-14 02:06:34.714 edge /api/orders status=200 upstream=B rt_ms=172 bytes=416
2026-03-14 02:06:34.892 edge /static/style.css status=200 upstream=B rt_ms=252 bytes=29768
2026-03-14 02:06:35.110 edge /healthz status=200 upstream=B rt_ms=245 bytes=4589
2026-03-14 02:06:39.991 edge /healthz status=200 upstream=B rt_ms=153 bytes=27978
2026-03-14 02:06:40.017 edge /static/style.css status=200 upstream=B rt_ms=304 bytes=11663
2026-03-14 02:06:40.816 edge /static/style.css status=200 upstream=B rt_ms=38 bytes=21577
2026-03-14 02:06:41.343 edge / status=200 upstream=B rt_ms=38 bytes=16687
2026-03-14 02:06:41.815 edge / status=200 upstream=B rt_ms=206 bytes=13109
2026-03-14 02:06:42.606 edge /api/orders status=200 upstream=B rt_ms=282 bytes=19465
2026-03-14 02:06:42.761 edge /api/events status=200 upstream=B rt_ms=150 bytes=24098
2026-03-14 02:06:44.465 edge /api/events status=200 upstream=B rt_ms=73 bytes=3245
2026-03-14 02:06:44.924 edge / status=200 upstream=B rt_ms=211 bytes=21235
2026-03-14 02:06:45.668 edge /static/style.css status=200 upstream=B rt_ms=281 bytes=40752
2026-03-14 02:06:47.203 edge /api/events status=200 upstream=B rt_ms=175 bytes=19261
2026-03-14 02:06:47.451 edge / status=200 upstream=B rt_ms=126 bytes=5823
2026-03-14 02:06:48.114 edge /healthz status=404 upstream=B rt_ms=32 bytes=20266
2026-03-14 02:06:50.282 edge /api/events status=200 upstream=B rt_ms=92 bytes=22798
2026-03-14 02:06:51.118 edge /static/style.css status=200 upstream=B rt_ms=361 bytes=37177
2026-03-14 02:06:51.769 edge /static/style.css status=200 upstream=B rt_ms=84 bytes=16062
2026-03-14 02:06:52.308 edge /healthz status=200 upstream=B rt_ms=123 bytes=36841
2026-03-14 02:06:54.276 edge /healthz status=200 upstream=B rt_ms=327 bytes=26493
2026-03-14 02:06:54.584 edge /healthz status=404 upstream=B rt_ms=120 bytes=28347
2026-03-14 02:06:55.433 edge / status=200 upstream=B rt_ms=111 bytes=18562
2026-03-14 02:06:57.154 edge /healthz status=200 upstream=B rt_ms=304 bytes=39697
2026-03-14 02:06:59.121 edge /api/orders status=200 upstream=B rt_ms=97 bytes=22992
2026-03-14 02:07:01.317 edge /api/events status=404 upstream=B rt_ms=121 bytes=22285
2026-03-14 02:07:03.118 edge / status=200 upstream=B rt_ms=339 bytes=37910
2026-03-14 02:07:05.937 edge /static/style.css status=200 upstream=B rt_ms=116 bytes=24697
2026-03-14 02:07:06.137 edge / status=200 upstream=B rt_ms=216 bytes=39455
2026-03-14 02:07:07.266 edge /static/style.css status=200 upstream=B rt_ms=258 bytes=31963
2026-03-14 02:07:08.960 edge /static/style.css status=200 upstream=B rt_ms=159 bytes=28647
2026-03-14 02:07:09.215 edge /api/orders status=200 upstream=B rt_ms=379 bytes=12873
2026-03-14 02:07:09.948 edge /api/orders status=200 upstream=B rt_ms=155 bytes=39088
2026-03-14 02:07:10.053 edge / status=200 upstream=B rt_ms=203 bytes=20264
2026-03-14 02:07:10.887 edge /api/events status=200 upstream=B rt_ms=202 bytes=39309
2026-03-14 02:07:11.658 edge /healthz status=200 upstream=B rt_ms=73 bytes=40495
2026-03-14 02:07:13.071 edge /api/orders status=404 upstream=B rt_ms=215 bytes=32611
2026-03-14 02:07:13.363 edge /api/events status=200 upstream=B rt_ms=70 bytes=5122
2026-03-14 02:07:13.545 edge / status=200 upstream=B rt_ms=335 bytes=7700
2026-03-14 02:07:15.031 edge /api/events status=200 upstream=B rt_ms=226 bytes=25068
2026-03-14 02:07:15.623 edge /healthz status=200 upstream=B rt_ms=374 bytes=22480
2026-03-14 02:07:15.738 edge /api/events status=200 upstream=B rt_ms=7 bytes=27647
2026-03-14 02:07:16.117 edge /api/events status=200 upstream=B rt_ms=386 bytes=24933
2026-03-14 02:07:16.506 edge /api/events status=200 upstream=B rt_ms=322 bytes=41917
2026-03-14 02:07:18.123 edge /api/orders status=200 upstream=B rt_ms=355 bytes=11460
2026-03-14 02:07:18.792 edge /static/style.css status=200 upstream=B rt_ms=32 bytes=5030
2026-03-14 02:07:19.665 edge /api/events status=200 upstream=B rt_ms=112 bytes=31419
2026-03-14 02:07:20.389 edge /api/orders status=200 upstream=B rt_ms=211 bytes=2786
2026-03-14 02:07:22.004 edge /static/style.css status=200 upstream=B rt_ms=55 bytes=23909
2026-03-14 02:07:22.407 edge /static/style.css status=200 upstream=B rt_ms=48 bytes=20404
2026-03-14 02:07:22.871 edge /healthz status=200 upstream=B rt_ms=300 bytes=5241
2026-03-14 02:07:25.584 edge /api/orders status=200 upstream=B rt_ms=334 bytes=40237
2026-03-14 02:07:29.650 edge / status=200 upstream=B rt_ms=301 bytes=41856
2026-03-14 02:07:31.034 edge / status=200 upstream=B rt_ms=292 bytes=24165
2026-03-14 02:07:32.949 edge /api/orders status=200 upstream=B rt_ms=154 bytes=38965
2026-03-14 02:07:33.573 edge / status=200 upstream=B rt_ms=305 bytes=36061
2026-03-14 02:07:35.095 edge /static/style.css status=200 upstream=B rt_ms=199 bytes=36998
2026-03-14 02:07:35.346 edge /api/events status=200 upstream=B rt_ms=292 bytes=19787
2026-03-14 02:07:36.470 edge / status=500 upstream=B rt_ms=332 bytes=4100
2026-03-14 02:07:36.738 edge /static/style.css status=500 upstream=B rt_ms=115 bytes=10725
2026-03-14 02:07:37.553 edge /static/style.css status=200 upstream=B rt_ms=8 bytes=14955
2026-03-14 02:07:38.533 edge /healthz status=200 upstream=B rt_ms=249 bytes=19905
2026-03-14 02:07:39.405 edge /api/orders status=200 upstream=B rt_ms=29 bytes=2696
2026-03-14 02:07:40.407 edge /healthz status=200 upstream=B rt_ms=118 bytes=14785
2026-03-14 02:07:41.013 edge / status=200 upstream=B rt_ms=72 bytes=27318
2026-03-14 02:07:41.079 edge /api/events status=200 upstream=B rt_ms=67 bytes=21763
2026-03-14 02:07:41.859 edge /static/style.css status=200 upstream=B rt_ms=137 bytes=25345
2026-03-14 02:07:42.152 edge /healthz status=200 upstream=B rt_ms=298 bytes=39435
2026-03-14 02:07:44.008 edge / status=200 upstream=B rt_ms=390 bytes=16255
2026-03-14 02:07:44.919 edge / status=200 upstream=B rt_ms=222 bytes=36151
2026-03-14 02:07:46.167 edge / status=200 upstream=B rt_ms=385 bytes=18821
2026-03-14 02:07:46.708 edge /api/orders status=200 upstream=B rt_ms=245 bytes=32568
2026-03-14 02:07:48.453 edge /api/events status=200 upstream=B rt_ms=116 bytes=10496
2026-03-14 02:07:49.063 edge /api/orders status=200 upstream=B rt_ms=312 bytes=18550
2026-03-14 02:07:50.080 edge /api/events status=200 upstream=B rt_ms=176 bytes=15084
2026-03-14 02:07:53.431 edge /healthz status=200 upstream=B rt_ms=357 bytes=23794
2026-03-14 02:07:55.187 edge /static/style.css status=200 upstream=B rt_ms=387 bytes=21172
2026-03-14 02:07:55.953 edge /api/events status=200 upstream=B rt_ms=209 bytes=24116
2026-03-14 02:07:56.208 edge /healthz status=200 upstream=B rt_ms=264 bytes=9016
2026-03-14 02:07:56.497 edge /api/orders status=404 upstream=B rt_ms=298 bytes=27572
2026-03-14 02:07:58.494 edge /static/style.css status=200 upstream=B rt_ms=133 bytes=3936
2026-03-14 02:07:58.835 edge /api/events status=200 upstream=B rt_ms=257 bytes=21788
2026-03-14 02:08:02.466 edge /healthz status=200 upstream=B rt_ms=225 bytes=12962
2026-03-14 02:08:03.508 edge /api/orders status=200 upstream=B rt_ms=83 bytes=8777
2026-03-14 02:08:04.261 edge /healthz status=200 upstream=B rt_ms=123 bytes=25141
2026-03-14 02:08:05.896 edge /api/orders status=200 upstream=B rt_ms=35 bytes=7967
2026-03-14 02:08:08.423 edge /api/orders status=200 upstream=B rt_ms=70 bytes=13011
2026-03-14 02:08:09.719 edge / status=200 upstream=B rt_ms=318 bytes=32702
2026-03-14 02:08:10.415 edge /api/orders status=200 upstream=B rt_ms=226 bytes=30858
2026-03-14 02:08:11.752 edge /healthz status=200 upstream=B rt_ms=350 bytes=6194
2026-03-14 02:08:13.281 edge /api/events status=200 upstream=B rt_ms=346 bytes=21513
2026-03-14 02:08:14.132 edge /api/orders status=200 upstream=B rt_ms=322 bytes=25442
2026-03-14 02:08:16.001 edge /api/orders status=200 upstream=B rt_ms=40 bytes=33548
2026-03-14 02:08:18.827 edge /api/events status=200 upstream=B rt_ms=322 bytes=35222
2026-03-14 02:08:19.476 edge /api/events status=200 upstream=B rt_ms=14 bytes=41642
2026-03-14 02:08:21.951 edge /static/style.css status=500 upstream=B rt_ms=314 bytes=41900
2026-03-14 02:08:26.514 edge /api/events status=200 upstream=B rt_ms=249 bytes=1407
2026-03-14 02:08:27.335 edge /api/events status=200 upstream=B rt_ms=380 bytes=28674
2026-03-14 02:08:27.592 edge /healthz status=200 upstream=B rt_ms=55 bytes=31140
2026-03-14 02:08:28.324 edge /api/events status=200 upstream=B rt_ms=140 bytes=32376
2026-03-14 02:08:28.404 edge /healthz status=200 upstream=B rt_ms=316 bytes=9109
2026-03-14 02:08:28.997 edge /static/style.css status=200 upstream=B rt_ms=341 bytes=18873
2026-03-14 02:08:31.433 edge /static/style.css status=200 upstream=B rt_ms=138 bytes=9260
2026-03-14 02:08:31.451 edge /api/orders status=200 upstream=B rt_ms=148 bytes=14602
2026-03-14 02:08:33.454 edge / status=200 upstream=B rt_ms=311 bytes=27831
2026-03-14 02:08:35.001 edge /static/style.css status=404 upstream=B rt_ms=296 bytes=32570
2026-03-14 02:08:35.566 edge / status=200 upstream=B rt_ms=150 bytes=30600
2026-03-14 02:08:35.644 edge /api/events status=200 upstream=B rt_ms=85 bytes=11324
2026-03-14 02:08:38.929 edge / status=200 upstream=B rt_ms=151 bytes=41342
2026-03-14 02:08:38.995 edge /api/events status=200 upstream=B rt_ms=351 bytes=8067
2026-03-14 02:08:39.551 edge /static/style.css status=200 upstream=B rt_ms=282 bytes=9860
2026-03-14 02:08:41.880 edge /api/events status=200 upstream=B rt_ms=42 bytes=37715
2026-03-14 02:08:42.095 edge / status=200 upstream=B rt_ms=253 bytes=39429
2026-03-14 02:08:45.203 edge /api/orders status=200 upstream=B rt_ms=314 bytes=27962
2026-03-14 02:08:45.277 edge /static/style.css status=500 upstream=B rt_ms=70 bytes=15464
2026-03-14 02:08:45.732 edge /api/orders status=200 upstream=B rt_ms=133 bytes=3539
2026-03-14 02:08:47.394 edge /api/orders status=200 upstream=B rt_ms=352 bytes=6234
2026-03-14 02:08:49.253 edge / status=200 upstream=B rt_ms=247 bytes=16903
2026-03-14 02:08:49.807 edge /healthz status=200 upstream=B rt_ms=164 bytes=34029
2026-03-14 02:08:51.487 edge /healthz status=200 upstream=B rt_ms=320 bytes=2981
2026-03-14 02:08:51.652 edge /healthz status=200 upstream=B rt_ms=48 bytes=5429
2026-03-14 02:08:52.333 edge /api/events status=200 upstream=B rt_ms=151 bytes=19344
2026-03-14 02:08:52.440 edge /healthz status=200 upstream=B rt_ms=46 bytes=29913
2026-03-14 02:08:52.970 edge /api/events status=200 upstream=B rt_ms=358 bytes=34116
2026-03-14 02:08:53.372 edge /static/style.css status=200 upstream=B rt_ms=247 bytes=41543
2026-03-14 02:08:54.640 edge /static/style.css status=200 upstream=B rt_ms=289 bytes=31400
2026-03-14 02:08:55.524 edge /static/style.css status=200 upstream=B rt_ms=181 bytes=18350
2026-03-14 02:08:55.694 edge / status=200 upstream=B rt_ms=307 bytes=16509
2026-03-14 02:08:58.649 edge /healthz status=200 upstream=B rt_ms=269 bytes=17939
2026-03-14 02:09:00.000 edge / status=200 upstream=B rt_ms=6 bytes=8029
2026-03-14 02:09:00.033 edge /api/events status=200 upstream=B rt_ms=388 bytes=30115
2026-03-14 02:09:00.235 edge /api/events status=200 upstream=B rt_ms=230 bytes=33840
2026-03-14 02:09:00.615 edge /api/events status=200 upstream=B rt_ms=157 bytes=14678
2026-03-14 02:09:00.861 edge / status=200 upstream=B rt_ms=109 bytes=38726
2026-03-14 02:09:02.470 edge /healthz status=200 upstream=B rt_ms=283 bytes=11121
2026-03-14 02:09:03.384 edge /healthz status=200 upstream=B rt_ms=132 bytes=860
2026-03-14 02:09:06.215 edge /healthz status=200 upstream=B rt_ms=359 bytes=39864
2026-03-14 02:09:06.319 edge /static/style.css status=200 upstream=B rt_ms=203 bytes=22552
2026-03-14 02:09:06.709 edge /api/orders status=200 upstream=B rt_ms=65 bytes=20897
2026-03-14 02:09:07.223 edge /api/orders status=200 upstream=B rt_ms=82 bytes=24685
2026-03-14 02:09:07.513 edge /healthz status=200 upstream=B rt_ms=77 bytes=12898
2026-03-14 02:09:07.807 edge / status=200 upstream=B rt_ms=89 bytes=11363
2026-03-14 02:09:10.103 edge / status=200 upstream=B rt_ms=60 bytes=17057
2026-03-14 02:09:10.486 edge /static/style.css status=200 upstream=B rt_ms=38 bytes=14694
2026-03-14 02:09:13.001 edge /static/style.css status=200 upstream=B rt_ms=156 bytes=39899
2026-03-14 02:09:14.097 edge / status=200 upstream=B rt_ms=144 bytes=11216
2026-03-14 02:09:14.753 edge /api/orders status=500 upstream=B rt_ms=330 bytes=30646
2026-03-14 02:09:14.949 edge /api/orders status=200 upstream=B rt_ms=280 bytes=22420
2026-03-14 02:09:15.810 edge /healthz status=200 upstream=B rt_ms=375 bytes=25688
2026-03-14 02:09:16.131 edge / status=200 upstream=B rt_ms=328 bytes=10601
2026-03-14 02:09:16.579 edge /api/events status=200 upstream=B rt_ms=376 bytes=17823
2026-03-14 02:09:16.587 edge /static/style.css status=200 upstream=B rt_ms=321 bytes=14671
2026-03-14 02:09:18.614 edge /healthz status=200 upstream=B rt_ms=386 bytes=8808
2026-03-14 02:09:18.905 edge /healthz status=200 upstream=B rt_ms=218 bytes=818
2026-03-14 02:09:19.499 edge /static/style.css status=200 upstream=B rt_ms=126 bytes=31623
2026-03-14 02:09:22.076 edge /api/events status=200 upstream=B rt_ms=207 bytes=35234
2026-03-14 02:09:22.203 edge /healthz status=500 upstream=B rt_ms=41 bytes=29010
2026-03-14 02:09:22.364 edge / status=200 upstream=B rt_ms=327 bytes=40731
2026-03-14 02:09:24.381 edge / status=200 upstream=B rt_ms=72 bytes=33067
2026-03-14 02:09:26.836 edge /static/style.css status=200 upstream=B rt_ms=75 bytes=7120
2026-03-14 02:09:27.162 edge /static/style.css status=200 upstream=B rt_ms=326 bytes=28221
2026-03-14 02:09:28.008 edge /healthz status=500 upstream=B rt_ms=102 bytes=9351
2026-03-14 02:09:28.918 edge /api/orders status=404 upstream=B rt_ms=139 bytes=14949
2026-03-14 02:09:29.908 edge /api/events status=200 upstream=B rt_ms=301 bytes=36714
2026-03-14 02:09:30.224 edge /api/events status=200 upstream=B rt_ms=259 bytes=15393
2026-03-14 02:09:31.036 edge /static/style.css status=200 upstream=B rt_ms=273 bytes=25808
2026-03-14 02:09:32.316 edge / status=200 upstream=B rt_ms=284 bytes=28446
2026-03-14 02:09:37.687 edge / status=200 upstream=B rt_ms=35 bytes=35307
2026-03-14 02:09:38.289 edge /api/orders status=200 upstream=B rt_ms=125 bytes=1782
2026-03-14 02:09:39.372 edge /healthz status=200 upstream=B rt_ms=255 bytes=9658
2026-03-14 02:09:40.645 edge /healthz status=200 upstream=B rt_ms=83 bytes=36041
2026-03-14 02:09:42.979 edge / status=200 upstream=B rt_ms=308 bytes=25288
2026-03-14 02:09:44.308 edge /api/events status=200 upstream=B rt_ms=283 bytes=884
2026-03-14 02:09:47.524 edge /api/events status=200 upstream=B rt_ms=326 bytes=6915
2026-03-14 02:09:48.885 edge /static/style.css status=200 upstream=B rt_ms=129 bytes=6689
2026-03-14 02:09:49.670 edge /api/events status=200 upstream=B rt_ms=119 bytes=11005
2026-03-14 02:09:51.438 edge /api/events status=200 upstream=B rt_ms=7 bytes=26542
2026-03-14 02:09:57.089 edge / status=200 upstream=B rt_ms=145 bytes=39548
2026-03-14 02:09:57.390 edge /static/style.css status=200 upstream=B rt_ms=390 bytes=27754
2026-03-14 02:09:59.144 edge /static/style.css status=200 upstream=B rt_ms=223 bytes=32638
2026-03-14 02:09:59.443 edge /static/style.css status=200 upstream=B rt_ms=398 bytes=23598
2026-03-14 02:10:01.463 edge / status=500 upstream=B rt_ms=234 bytes=9096
2026-03-14 02:10:01.579 edge /static/style.css status=200 upstream=B rt_ms=307 bytes=33268
2026-03-14 02:10:04.908 edge /healthz status=200 upstream=B rt_ms=264 bytes=9901
2026-03-14 02:10:05.375 edge /static/style.css status=200 upstream=B rt_ms=313 bytes=11445
2026-03-14 02:10:06.090 edge / status=500 upstream=B rt_ms=3 bytes=31405
2026-03-14 02:10:06.440 edge /api/orders status=500 upstream=B rt_ms=312 bytes=11375
2026-03-14 02:10:07.851 edge /api/orders status=200 upstream=B rt_ms=101 bytes=12269
2026-03-14 02:10:07.918 edge /healthz status=200 upstream=B rt_ms=78 bytes=11379
2026-03-14 02:10:08.400 edge /static/style.css status=200 upstream=B rt_ms=11 bytes=1526
2026-03-14 02:10:08.550 edge / status=200 upstream=B rt_ms=188 bytes=10612
2026-03-14 02:10:10.998 edge /healthz status=200 upstream=B rt_ms=65 bytes=30146
2026-03-14 02:10:11.282 edge /healthz status=200 upstream=B rt_ms=27 bytes=40376
2026-03-14 02:10:12.171 edge / status=404 upstream=B rt_ms=49 bytes=6154
2026-03-14 02:10:14.624 edge / status=500 upstream=B rt_ms=134 bytes=34680
2026-03-14 02:10:14.798 edge /api/events status=200 upstream=B rt_ms=237 bytes=9693
2026-03-14 02:10:15.011 edge /healthz status=200 upstream=B rt_ms=351 bytes=18174
2026-03-14 02:10:15.703 edge /healthz status=200 upstream=B rt_ms=265 bytes=8430
2026-03-14 02:10:16.160 edge /static/style.css status=200 upstream=B rt_ms=36 bytes=30874
2026-03-14 02:10:16.169 edge /static/style.css status=200 upstream=B rt_ms=328 bytes=38058
2026-03-14 02:10:16.191 edge /api/orders status=200 upstream=B rt_ms=9 bytes=33101
2026-03-14 02:10:17.080 edge /api/events status=200 upstream=B rt_ms=8 bytes=15314
2026-03-14 02:10:18.647 edge /healthz status=200 upstream=B rt_ms=350 bytes=12814
2026-03-14 02:10:20.913 edge / status=200 upstream=B rt_ms=122 bytes=33254
2026-03-14 02:10:21.495 edge /healthz status=200 upstream=B rt_ms=294 bytes=26271
2026-03-14 02:10:21.640 edge / status=200 upstream=B rt_ms=375 bytes=36113
2026-03-14 02:10:22.583 edge /static/style.css status=200 upstream=B rt_ms=341 bytes=37287
2026-03-14 02:10:22.717 edge /static/style.css status=200 upstream=B rt_ms=355 bytes=18188
2026-03-14 02:10:23.461 edge /api/events status=200 upstream=B rt_ms=2 bytes=37391
2026-03-14 02:10:24.606 edge / status=200 upstream=B rt_ms=103 bytes=30192
2026-03-14 02:10:25.505 edge /api/events status=200 upstream=B rt_ms=316 bytes=37705
2026-03-14 02:10:25.619 edge /healthz status=200 upstream=B rt_ms=150 bytes=36535
2026-03-14 02:10:26.385 edge /healthz status=200 upstream=B rt_ms=320 bytes=27733
2026-03-14 02:10:27.523 edge /api/events status=200 upstream=B rt_ms=302 bytes=14909
2026-03-14 02:10:27.971 edge /api/events status=200 upstream=B rt_ms=333 bytes=33181
2026-03-14 02:10:29.203 edge /healthz status=200 upstream=B rt_ms=306 bytes=28713
2026-03-14 02:10:30.499 edge /healthz status=200 upstream=B rt_ms=381 bytes=1043
2026-03-14 02:10:30.591 edge /api/orders status=200 upstream=B rt_ms=181 bytes=15667
2026-03-14 02:10:32.844 edge /static/style.css status=200 upstream=B rt_ms=260 bytes=23791
2026-03-14 02:10:33.060 edge /api/events status=200 upstream=B rt_ms=204 bytes=16606
2026-03-14 02:10:34.159 edge /api/orders status=200 upstream=B rt_ms=372 bytes=764
2026-03-14 02:10:34.373 edge / status=200 upstream=B rt_ms=144 bytes=31477
2026-03-14 02:10:35.106 edge / status=200 upstream=B rt_ms=387 bytes=28741
2026-03-14 02:10:36.356 edge /api/events status=200 upstream=B rt_ms=127 bytes=34401
2026-03-14 02:10:36.425 edge /healthz status=200 upstream=B rt_ms=308 bytes=18869
2026-03-14 02:10:37.128 edge /api/orders status=404 upstream=B rt_ms=237 bytes=7778
2026-03-14 02:10:38.235 edge /static/style.css status=200 upstream=B rt_ms=158 bytes=10711
2026-03-14 02:10:40.115 edge / status=200 upstream=B rt_ms=99 bytes=20941
2026-03-14 02:10:42.247 edge /static/style.css status=200 upstream=B rt_ms=274 bytes=23664
2026-03-14 02:10:44.949 edge /api/events status=200 upstream=B rt_ms=202 bytes=31391
2026-03-14 02:10:45.372 edge /static/style.css status=200 upstream=B rt_ms=115 bytes=26833
2026-03-14 02:10:46.296 edge /api/events status=200 upstream=B rt_ms=77 bytes=9918
2026-03-14 02:10:46.738 edge / status=200 upstream=B rt_ms=310 bytes=11739
2026-03-14 02:10:46.757 edge /api/orders status=200 upstream=B rt_ms=298 bytes=15329
2026-03-14 02:10:49.077 edge /api/orders status=200 upstream=B rt_ms=195 bytes=24383
2026-03-14 02:10:53.466 edge /static/style.css status=200 upstream=B rt_ms=281 bytes=41745
2026-03-14 02:10:53.850 edge /api/events status=200 upstream=B rt_ms=226 bytes=20992
2026-03-14 02:10:54.308 edge / status=200 upstream=B rt_ms=367 bytes=34486
2026-03-14 02:10:57.480 edge /static/style.css status=200 upstream=B rt_ms=273 bytes=32791
2026-03-14 02:10:59.481 edge /api/events status=200 upstream=B rt_ms=398 bytes=4954
2026-03-14 02:11:00.372 edge /api/events status=200 upstream=B rt_ms=93 bytes=37643
2026-03-14 02:11:01.244 edge /static/style.css status=200 upstream=B rt_ms=303 bytes=39196
2026-03-14 02:11:02.864 edge /static/style.css status=200 upstream=B rt_ms=336 bytes=16127
2026-03-14 02:11:04.958 edge /api/events status=200 upstream=B rt_ms=11 bytes=38432
2026-03-14 02:11:07.128 edge /healthz status=200 upstream=B rt_ms=241 bytes=17423
2026-03-14 02:11:08.297 edge / status=404 upstream=B rt_ms=21 bytes=8728
2026-03-14 02:11:09.806 edge /healthz status=200 upstream=B rt_ms=10 bytes=31950
2026-03-14 02:11:10.065 edge /api/orders status=500 upstream=B rt_ms=190 bytes=41123
2026-03-14 02:11:10.403 edge / status=200 upstream=B rt_ms=25 bytes=31277
2026-03-14 02:11:13.115 edge / status=200 upstream=B rt_ms=213 bytes=20835
2026-03-14 02:11:14.444 edge / status=200 upstream=B rt_ms=234 bytes=8240
2026-03-14 02:11:14.770 edge /api/orders status=200 upstream=B rt_ms=149 bytes=3000
2026-03-14 02:11:16.088 edge / status=200 upstream=B rt_ms=162 bytes=34540
2026-03-14 02:11:16.738 edge /healthz status=200 upstream=B rt_ms=101 bytes=41757
2026-03-14 02:11:17.554 edge / status=200 upstream=B rt_ms=269 bytes=37801
2026-03-14 02:11:18.545 edge /api/events status=200 upstream=B rt_ms=156 bytes=18104
2026-03-14 02:11:22.517 edge /api/orders status=200 upstream=B rt_ms=115 bytes=11994
2026-03-14 02:11:24.977 edge / status=200 upstream=B rt_ms=198 bytes=41506
2026-03-14 02:11:29.743 edge /healthz status=500 upstream=B rt_ms=107 bytes=28388
2026-03-14 02:11:30.685 edge /api/events status=200 upstream=B rt_ms=320 bytes=7200
2026-03-14 02:11:31.804 edge /api/events status=200 upstream=B rt_ms=3 bytes=5873
2026-03-14 02:11:33.341 edge / status=200 upstream=B rt_ms=296 bytes=4783
2026-03-14 02:11:34.468 edge / status=200 upstream=B rt_ms=202 bytes=23436
2026-03-14 02:11:34.517 edge /api/events status=200 upstream=B rt_ms=5 bytes=40579
2026-03-14 02:11:34.538 edge /api/orders status=500 upstream=B rt_ms=332 bytes=26814
2026-03-14 02:11:34.911 edge /api/events status=200 upstream=B rt_ms=317 bytes=39332
2026-03-14 02:11:38.518 edge /healthz status=200 upstream=B rt_ms=104 bytes=29824
2026-03-14 02:11:38.525 edge /api/orders status=200 upstream=B rt_ms=3 bytes=22162
2026-03-14 02:11:39.279 edge /api/events status=200 upstream=B rt_ms=145 bytes=32850
2026-03-14 02:11:39.543 edge /api/events status=200 upstream=B rt_ms=234 bytes=32334
2026-03-14 02:11:39.617 edge /api/events status=200 upstream=B rt_ms=274 bytes=28889
2026-03-14 02:11:39.948 edge /healthz status=200 upstream=B rt_ms=397 bytes=40964
2026-03-14 02:11:41.864 edge /static/style.css status=200 upstream=B rt_ms=315 bytes=40119
2026-03-14 02:11:43.871 edge /healthz status=200 upstream=B rt_ms=101 bytes=12003
2026-03-14 02:11:46.714 edge /static/style.css status=200 upstream=B rt_ms=376 bytes=36420
2026-03-14 02:11:46.989 edge /static/style.css status=200 upstream=B rt_ms=346 bytes=437
2026-03-14 02:11:49.398 edge /static/style.css status=200 upstream=B rt_ms=57 bytes=14944
2026-03-14 02:11:49.629 edge /healthz status=200 upstream=B rt_ms=235 bytes=41048
2026-03-14 02:11:50.302 edge /static/style.css status=200 upstream=B rt_ms=33 bytes=2548
2026-03-14 02:11:51.786 edge /static/style.css status=200 upstream=B rt_ms=309 bytes=29924
2026-03-14 02:11:52.379 edge / status=200 upstream=B rt_ms=254 bytes=14729
2026-03-14 02:11:52.721 edge /static/style.css status=404 upstream=B rt_ms=173 bytes=13554
2026-03-14 02:11:52.863 edge /api/events status=200 upstream=B rt_ms=282 bytes=38446
2026-03-14 02:11:54.015 edge /api/orders status=200 upstream=B rt_ms=332 bytes=35711
2026-03-14 02:11:54.324 edge /healthz status=200 upstream=B rt_ms=179 bytes=27201
2026-03-14 02:11:56.807 edge / status=200 upstream=B rt_ms=163 bytes=4592
2026-03-14 02:11:56.880 edge /healthz status=404 upstream=B rt_ms=178 bytes=40567
2026-03-14 02:11:57.150 edge / status=200 upstream=B rt_ms=70 bytes=35953
2026-03-14 02:11:58.617 edge / status=200 upstream=B rt_ms=233 bytes=12682
2026-03-14 02:11:59.768 edge /api/orders status=200 upstream=B rt_ms=85 bytes=33586
2026-03-14 02:12:02.811 edge /static/style.css status=200 upstream=B rt_ms=272 bytes=14571
2026-03-14 02:12:02.890 edge /healthz status=200 upstream=B rt_ms=128 bytes=12345
2026-03-14 02:12:05.001 edge /api/events status=404 upstream=B rt_ms=219 bytes=25786
2026-03-14 02:12:05.786 edge /healthz status=200 upstream=B rt_ms=35 bytes=20428
2026-03-14 02:12:07.065 edge / status=200 upstream=B rt_ms=311 bytes=24170
2026-03-14 02:12:08.894 edge /api/events status=200 upstream=B rt_ms=261 bytes=30580
2026-03-14 02:12:08.989 edge /static/style.css status=200 upstream=B rt_ms=391 bytes=26947
2026-03-14 02:12:09.743 edge / status=200 upstream=B rt_ms=107 bytes=26674
2026-03-14 02:12:10.193 edge / status=200 upstream=B rt_ms=250 bytes=29405
2026-03-14 02:12:11.472 edge / status=200 upstream=B rt_ms=323 bytes=5296
2026-03-14 02:12:13.585 edge /api/orders status=200 upstream=B rt_ms=160 bytes=36412
2026-03-14 02:12:14.000 edge / status=200 upstream=B rt_ms=254 bytes=15864
2026-03-14 02:12:14.518 edge /api/orders status=200 upstream=B rt_ms=239 bytes=26075
2026-03-14 02:12:15.055 edge /api/events status=200 upstream=B rt_ms=56 bytes=3111
2026-03-14 02:12:15.061 edge /static/style.css status=500 upstream=B rt_ms=239 bytes=36545
2026-03-14 02:12:15.110 edge /static/style.css status=200 upstream=B rt_ms=149 bytes=40004
2026-03-14 02:12:16.071 edge /api/events status=200 upstream=B rt_ms=248 bytes=28397
2026-03-14 02:12:16.084 edge / status=200 upstream=B rt_ms=135 bytes=14989
2026-03-14 02:12:17.726 edge /healthz status=404 upstream=B rt_ms=241 bytes=31286
2026-03-14 02:12:18.379 edge /api/orders status=404 upstream=B rt_ms=351 bytes=2371
2026-03-14 02:12:18.999 edge /static/style.css status=200 upstream=B rt_ms=292 bytes=8027
2026-03-14 02:12:19.552 edge /healthz status=200 upstream=B rt_ms=311 bytes=20619
2026-03-14 02:12:19.970 edge /api/orders status=200 upstream=B rt_ms=305 bytes=23460
2026-03-14 02:12:20.620 edge /static/style.css status=200 upstream=B rt_ms=117 bytes=41983
2026-03-14 02:12:21.094 edge / status=200 upstream=B rt_ms=235 bytes=6303
2026-03-14 02:12:21.719 edge /api/orders status=200 upstream=B rt_ms=162 bytes=40351
2026-03-14 02:12:22.991 edge /api/events status=200 upstream=B rt_ms=119 bytes=13528
2026-03-14 02:12:23.978 edge /api/orders status=200 upstream=B rt_ms=294 bytes=38100
2026-03-14 02:12:24.228 edge /healthz status=200 upstream=B rt_ms=312 bytes=2387
2026-03-14 02:12:25.967 edge /healthz status=200 upstream=B rt_ms=25 bytes=21659
2026-03-14 02:12:26.842 edge /api/events status=200 upstream=B rt_ms=177 bytes=41640
2026-03-14 02:12:27.577 edge /static/style.css status=200 upstream=B rt_ms=243 bytes=38887
2026-03-14 02:12:27.713 edge /healthz status=200 upstream=B rt_ms=332 bytes=1814
2026-03-14 02:12:27.756 edge /healthz status=200 upstream=B rt_ms=171 bytes=7627
2026-03-14 02:12:28.610 edge /api/orders status=200 upstream=B rt_ms=287 bytes=29425
2026-03-14 02:12:29.628 edge /static/style.css status=200 upstream=B rt_ms=186 bytes=31780
2026-03-14 02:12:30.620 edge /static/style.css status=200 upstream=B rt_ms=386 bytes=10531
2026-03-14 02:12:31.571 edge /static/style.css status=200 upstream=B rt_ms=71 bytes=33304
2026-03-14 02:12:32.100 edge /api/orders status=200 upstream=B rt_ms=350 bytes=33278
2026-03-14 02:12:33.438 edge /healthz status=200 upstream=B rt_ms=163 bytes=13168
2026-03-14 02:12:36.287 edge /api/events status=200 upstream=B rt_ms=181 bytes=20066
2026-03-14 02:12:38.215 edge /api/orders status=200 upstream=B rt_ms=129 bytes=14799
2026-03-14 02:12:39.592 edge /healthz status=200 upstream=B rt_ms=204 bytes=26195
2026-03-14 02:12:40.434 edge /healthz status=200 upstream=B rt_ms=134 bytes=20998
2026-03-14 02:12:40.678 edge / status=200 upstream=B rt_ms=349 bytes=21988
2026-03-14 02:12:41.739 edge /healthz status=200 upstream=B rt_ms=298 bytes=13316
2026-03-14 02:12:41.766 edge /api/orders status=200 upstream=B rt_ms=302 bytes=39441
2026-03-14 02:12:42.709 edge /static/style.css status=200 upstream=B rt_ms=121 bytes=31989
2026-03-14 02:12:43.084 edge / status=200 upstream=B rt_ms=255 bytes=18351
2026-03-14 02:12:43.797 edge /api/events status=200 upstream=B rt_ms=94 bytes=9450
2026-03-14 02:12:44.169 edge /healthz status=200 upstream=B rt_ms=148 bytes=30769
2026-03-14 02:12:45.379 edge /api/events status=200 upstream=B rt_ms=331 bytes=20518
2026-03-14 02:12:46.352 edge /api/orders status=200 upstream=B rt_ms=39 bytes=37577
2026-03-14 02:12:46.926 edge /healthz status=200 upstream=B rt_ms=79 bytes=10964
2026-03-14 02:12:50.384 edge /static/style.css status=200 upstream=B rt_ms=49 bytes=38789
2026-03-14 02:12:53.452 edge / status=200 upstream=B rt_ms=217 bytes=13056
2026-03-14 02:12:55.326 edge /healthz status=200 upstream=B rt_ms=336 bytes=8321
2026-03-14 02:12:58.498 edge /healthz status=200 upstream=B rt_ms=352 bytes=26799
2026-03-14 02:12:58.571 edge /healthz status=200 upstream=B rt_ms=159 bytes=30385
2026-03-14 02:13:01.870 edge /static/style.css status=200 upstream=B rt_ms=241 bytes=13476
2026-03-14 02:13:02.091 edge /healthz status=200 upstream=B rt_ms=40 bytes=30865
2026-03-14 02:13:03.044 edge /api/orders status=200 upstream=B rt_ms=71 bytes=3164
2026-03-14 02:13:03.615 edge /healthz status=200 upstream=B rt_ms=390 bytes=19531
2026-03-14 02:13:03.648 edge / status=200 upstream=B rt_ms=181 bytes=26557
2026-03-14 02:13:03.777 edge /healthz status=200 upstream=B rt_ms=77 bytes=17118
2026-03-14 02:13:04.457 edge / status=200 upstream=B rt_ms=38 bytes=845
2026-03-14 02:13:06.926 edge /api/events status=200 upstream=B rt_ms=199 bytes=36164
2026-03-14 02:13:08.809 edge /static/style.css status=200 upstream=B rt_ms=358 bytes=31922
2026-03-14 02:13:10.954 edge /api/orders status=200 upstream=B rt_ms=311 bytes=5862
2026-03-14 02:13:11.463 edge /api/events status=200 upstream=B rt_ms=67 bytes=11085
2026-03-14 02:13:12.317 edge /healthz status=200 upstream=B rt_ms=154 bytes=19311
2026-03-14 02:13:13.248 edge /healthz status=200 upstream=B rt_ms=110 bytes=7862
2026-03-14 02:13:14.411 edge /healthz status=200 upstream=B rt_ms=96 bytes=27095
2026-03-14 02:13:15.429 edge /api/events status=200 upstream=B rt_ms=149 bytes=37219
2026-03-14 02:13:15.746 edge /api/events status=200 upstream=B rt_ms=170 bytes=8465
2026-03-14 02:13:15.964 edge /healthz status=200 upstream=B rt_ms=232 bytes=17586
2026-03-14 02:13:16.844 edge /static/style.css status=200 upstream=B rt_ms=19 bytes=27903
2026-03-14 02:13:17.302 edge /static/style.css status=200 upstream=B rt_ms=183 bytes=5816
2026-03-14 02:13:17.921 edge /healthz status=200 upstream=B rt_ms=73 bytes=17231
2026-03-14 02:13:18.134 edge /healthz status=200 upstream=B rt_ms=87 bytes=28356
2026-03-14 02:13:18.869 edge /api/events status=200 upstream=B rt_ms=66 bytes=35425
2026-03-14 02:13:21.482 edge / status=200 upstream=B rt_ms=53 bytes=17237
2026-03-14 02:13:22.487 edge /healthz status=200 upstream=B rt_ms=272 bytes=10788
2026-03-14 02:13:23.623 edge /api/events status=200 upstream=B rt_ms=21 bytes=9492
2026-03-14 02:13:26.208 edge /api/events status=200 upstream=B rt_ms=89 bytes=17917
2026-03-14 02:13:26.271 edge /api/orders status=200 upstream=B rt_ms=231 bytes=10542
2026-03-14 02:13:27.310 edge /api/events status=200 upstream=B rt_ms=144 bytes=28676
2026-03-14 02:13:27.778 edge /api/events status=200 upstream=B rt_ms=230 bytes=30266
2026-03-14 02:13:28.645 edge /healthz status=200 upstream=B rt_ms=52 bytes=19645
2026-03-14 02:13:29.062 edge / status=200 upstream=B rt_ms=114 bytes=5383
2026-03-14 02:13:32.376 edge /static/style.css status=200 upstream=B rt_ms=201 bytes=11405
2026-03-14 02:13:33.607 edge /api/events status=200 upstream=B rt_ms=114 bytes=32923
2026-03-14 02:13:34.034 edge /healthz status=200 upstream=B rt_ms=122 bytes=35360
2026-03-14 02:13:35.881 edge / status=200 upstream=B rt_ms=309 bytes=3805
2026-03-14 02:13:36.596 edge /api/orders status=500 upstream=B rt_ms=391 bytes=6274
2026-03-14 02:13:36.908 edge /api/events status=200 upstream=B rt_ms=61 bytes=16693
2026-03-14 02:13:37.046 edge /api/events status=200 upstream=B rt_ms=15 bytes=25769
2026-03-14 02:13:38.598 edge /static/style.css status=200 upstream=B rt_ms=394 bytes=15999
2026-03-14 02:13:41.005 edge / status=500 upstream=B rt_ms=109 bytes=35612
2026-03-14 02:13:41.190 edge /healthz status=200 upstream=B rt_ms=258 bytes=30458
2026-03-14 02:13:42.457 edge /api/orders status=200 upstream=B rt_ms=82 bytes=15412
2026-03-14 02:13:43.447 edge /api/events status=200 upstream=B rt_ms=251 bytes=36995
2026-03-14 02:13:44.208 edge /static/style.css status=200 upstream=B rt_ms=267 bytes=37489
2026-03-14 02:13:44.854 edge /healthz status=200 upstream=B rt_ms=129 bytes=7300
2026-03-14 02:13:45.137 edge /static/style.css status=200 upstream=B rt_ms=155 bytes=29262
2026-03-14 02:13:45.206 edge /api/events status=200 upstream=B rt_ms=300 bytes=23705
2026-03-14 02:13:47.023 edge /api/orders status=200 upstream=B rt_ms=13 bytes=14317
2026-03-14 02:13:47.044 edge /healthz status=200 upstream=B rt_ms=76 bytes=20552
2026-03-14 02:13:50.533 edge /static/style.css status=200 upstream=B rt_ms=17 bytes=21894
2026-03-14 02:13:51.079 edge / status=200 upstream=B rt_ms=266 bytes=1035
2026-03-14 02:13:51.328 edge /api/events status=200 upstream=B rt_ms=25 bytes=1427
2026-03-14 02:13:51.701 edge /api/orders status=200 upstream=B rt_ms=372 bytes=10683
2026-03-14 02:13:52.358 edge /api/orders status=200 upstream=B rt_ms=35 bytes=24547
2026-03-14 02:13:52.938 edge /api/orders status=200 upstream=B rt_ms=120 bytes=39096
2026-03-14 02:13:53.109 edge /healthz status=200 upstream=B rt_ms=293 bytes=23712
2026-03-14 02:13:53.323 edge /api/orders status=200 upstream=B rt_ms=380 bytes=10382
2026-03-14 02:13:54.355 edge /api/events status=200 upstream=B rt_ms=310 bytes=22885
2026-03-14 02:13:55.141 edge /static/style.css status=200 upstream=B rt_ms=183 bytes=9830
2026-03-14 02:13:59.331 edge /api/orders status=200 upstream=B rt_ms=26 bytes=41435
2026-03-14 02:13:59.525 edge /api/orders status=200 upstream=B rt_ms=295 bytes=41570
2026-03-14 02:14:00.182 edge /healthz status=200 upstream=B rt_ms=120 bytes=37523
2026-03-14 02:14:00.688 edge /api/orders status=200 upstream=B rt_ms=315 bytes=26669
2026-03-14 02:14:00.929 edge / status=200 upstream=B rt_ms=366 bytes=13100
2026-03-14 02:14:00.986 edge /static/style.css status=200 upstream=B rt_ms=191 bytes=25771
2026-03-14 02:14:03.002 edge /static/style.css status=500 upstream=B rt_ms=378 bytes=8773
2026-03-14 02:14:04.699 edge /api/orders status=200 upstream=B rt_ms=48 bytes=1854
2026-03-14 02:14:05.185 edge /static/style.css status=200 upstream=B rt_ms=151 bytes=20102
2026-03-14 02:14:05.754 edge /api/orders status=200 upstream=B rt_ms=173 bytes=7945
2026-03-14 02:14:09.594 edge /static/style.css status=200 upstream=B rt_ms=378 bytes=35265
2026-03-14 02:14:12.756 edge / status=200 upstream=B rt_ms=270 bytes=16713
2026-03-14 02:14:12.887 edge /api/orders status=200 upstream=B rt_ms=284 bytes=14723
2026-03-14 02:14:14.155 edge / status=200 upstream=B rt_ms=47 bytes=19945
2026-03-14 02:14:14.608 edge / status=200 upstream=B rt_ms=127 bytes=23566
2026-03-14 02:14:14.707 edge / status=200 upstream=B rt_ms=265 bytes=15762
2026-03-14 02:14:14.825 edge /static/style.css status=200 upstream=B rt_ms=15 bytes=30358
2026-03-14 02:14:15.885 edge /healthz status=200 upstream=B rt_ms=316 bytes=22824
2026-03-14 02:14:16.584 edge /healthz status=200 upstream=B rt_ms=279 bytes=30569
2026-03-14 02:14:16.661 edge / status=200 upstream=B rt_ms=164 bytes=14909
2026-03-14 02:14:16.671 edge / status=200 upstream=B rt_ms=336 bytes=3956
2026-03-14 02:14:18.043 edge /api/events status=404 upstream=B rt_ms=121 bytes=15874
2026-03-14 02:14:18.268 edge /api/events status=404 upstream=B rt_ms=395 bytes=38055
2026-03-14 02:14:21.563 edge /api/orders status=200 upstream=B rt_ms=334 bytes=15753
2026-03-14 02:14:21.698 edge / status=200 upstream=B rt_ms=106 bytes=5917
2026-03-14 02:14:21.853 edge /healthz status=200 upstream=B rt_ms=158 bytes=26071
2026-03-14 02:14:22.137 edge / status=200 upstream=B rt_ms=239 bytes=40807
2026-03-14 02:14:26.870 edge / status=200 upstream=B rt_ms=153 bytes=21849
2026-03-14 02:14:28.730 edge /api/orders status=200 upstream=B rt_ms=15 bytes=38426
2026-03-14 02:14:30.297 edge / status=200 upstream=B rt_ms=380 bytes=37047
2026-03-14 02:14:32.027 edge /api/events status=404 upstream=B rt_ms=41 bytes=13708
2026-03-14 02:14:33.321 edge /api/orders status=200 upstream=B rt_ms=108 bytes=9486
2026-03-14 02:14:33.435 edge /api/orders status=200 upstream=B rt_ms=243 bytes=29905
2026-03-14 02:14:34.132 edge / status=200 upstream=B rt_ms=390 bytes=29139
2026-03-14 02:14:36.878 edge /healthz status=200 upstream=B rt_ms=279 bytes=18441
2026-03-14 02:14:36.908 edge /api/events status=200 upstream=B rt_ms=396 bytes=15966
2026-03-14 02:14:37.861 edge / status=200 upstream=B rt_ms=167 bytes=27059
2026-03-14 02:14:38.387 edge /static/style.css status=200 upstream=B rt_ms=9 bytes=35599
2026-03-14 02:14:38.889 edge /static/style.css status=200 upstream=B rt_ms=47 bytes=34804
2026-03-14 02:14:40.331 edge /api/orders status=200 upstream=B rt_ms=326 bytes=22969
2026-03-14 02:14:41.324 edge /healthz status=500 upstream=B rt_ms=72 bytes=5802
2026-03-14 02:14:43.331 edge /api/orders status=200 upstream=B rt_ms=319 bytes=33137
2026-03-14 02:14:43.913 edge /api/orders status=200 upstream=B rt_ms=365 bytes=3629
2026-03-14 02:14:44.493 edge /static/style.css status=500 upstream=B rt_ms=124 bytes=36729
2026-03-14 02:14:44.867 edge / status=200 upstream=B rt_ms=75 bytes=8195
2026-03-14 02:14:47.075 edge /healthz status=200 upstream=B rt_ms=224 bytes=10380
2026-03-14 02:14:47.385 edge /static/style.css status=200 upstream=B rt_ms=311 bytes=25311
2026-03-14 02:14:47.698 edge /api/orders status=200 upstream=B rt_ms=36 bytes=13197
2026-03-14 02:14:48.783 edge /api/events status=200 upstream=B rt_ms=153 bytes=38093
2026-03-14 02:14:50.259 edge / status=200 upstream=B rt_ms=367 bytes=29084
2026-03-14 02:14:51.062 edge /api/orders status=200 upstream=B rt_ms=290 bytes=19958
2026-03-14 02:14:55.347 edge /api/events status=200 upstream=B rt_ms=145 bytes=401
2026-03-14 02:14:55.766 edge / status=200 upstream=B rt_ms=385 bytes=10763
2026-03-14 02:14:55.775 edge / status=200 upstream=B rt_ms=215 bytes=8612
2026-03-14 02:14:55.982 edge /static/style.css status=200 upstream=B rt_ms=331 bytes=30635
2026-03-14 02:14:56.347 edge /api/events status=200 upstream=B rt_ms=68 bytes=14999
2026-03-14 02:15:00.219 edge /healthz status=200 upstream=B rt_ms=147 bytes=17488
2026-03-14 02:15:00.311 edge /healthz status=404 upstream=B rt_ms=114 bytes=18009
2026-03-14 02:15:01.020 edge / status=404 upstream=B rt_ms=110 bytes=23126
2026-03-14 02:15:01.880 edge / status=200 upstream=B rt_ms=351 bytes=23473
2026-03-14 02:15:02.402 edge /api/events status=200 upstream=B rt_ms=322 bytes=28296
2026-03-14 02:15:02.779 edge / status=200 upstream=B rt_ms=378 bytes=25700
2026-03-14 02:15:02.800 edge /api/events status=200 upstream=B rt_ms=88 bytes=18051
2026-03-14 02:15:03.674 edge /api/events status=200 upstream=B rt_ms=362 bytes=1569
2026-03-14 02:15:04.012 edge / status=200 upstream=B rt_ms=149 bytes=9036
2026-03-14 02:15:04.121 edge /static/style.css status=200 upstream=B rt_ms=133 bytes=9656
2026-03-14 02:15:04.931 edge /api/orders status=200 upstream=B rt_ms=202 bytes=8151
2026-03-14 02:15:06.765 edge /api/events status=200 upstream=B rt_ms=206 bytes=37646
2026-03-14 02:15:06.871 edge /static/style.css status=200 upstream=B rt_ms=376 bytes=34460
2026-03-14 02:15:06.928 edge /api/events status=200 upstream=B rt_ms=37 bytes=16084
2026-03-14 02:15:07.668 edge /healthz status=200 upstream=B rt_ms=350 bytes=23976
2026-03-14 02:15:08.158 edge /healthz status=200 upstream=B rt_ms=317 bytes=17913
2026-03-14 02:15:09.674 edge /api/orders status=200 upstream=B rt_ms=50 bytes=31130
2026-03-14 02:15:10.800 edge / status=200 upstream=B rt_ms=167 bytes=34272
2026-03-14 02:15:11.914 edge /healthz status=200 upstream=B rt_ms=163 bytes=38113
2026-03-14 02:15:12.164 edge /api/events status=200 upstream=B rt_ms=380 bytes=32281
2026-03-14 02:15:13.243 edge /healthz status=200 upstream=B rt_ms=187 bytes=7988
2026-03-14 02:15:13.400 edge /api/orders status=200 upstream=B rt_ms=14 bytes=38257
2026-03-14 02:15:16.011 edge /api/orders status=200 upstream=B rt_ms=270 bytes=33417
2026-03-14 02:15:16.555 edge /healthz status=200 upstream=B rt_ms=25 bytes=30870
2026-03-14 02:15:16.780 edge / status=200 upstream=B rt_ms=340 bytes=14837
2026-03-14 02:15:17.979 edge /static/style.css status=200 upstream=B rt_ms=96 bytes=3493
2026-03-14 02:15:20.817 edge /static/style.css status=200 upstream=B rt_ms=293 bytes=12079
2026-03-14 02:15:21.137 edge /healthz status=200 upstream=B rt_ms=243 bytes=8876
2026-03-14 02:15:21.545 edge /api/events status=200 upstream=B rt_ms=233 bytes=39578
2026-03-14 02:15:24.679 edge /api/orders status=200 upstream=B rt_ms=15 bytes=3926
2026-03-14 02:15:24.834 edge /static/style.css status=200 upstream=B rt_ms=396 bytes=9667
2026-03-14 02:15:26.364 edge /healthz status=200 upstream=B rt_ms=16 bytes=30615
2026-03-14 02:15:26.939 edge / status=200 upstream=B rt_ms=33 bytes=2638
2026-03-14 02:15:27.807 edge /api/orders status=200 upstream=B rt_ms=215 bytes=37586
2026-03-14 02:15:28.378 edge /api/orders status=200 upstream=B rt_ms=283 bytes=25234
2026-03-14 02:15:30.934 edge /healthz status=200 upstream=B rt_ms=107 bytes=23376
2026-03-14 02:15:31.856 edge / status=200 upstream=B rt_ms=98 bytes=10783
2026-03-14 02:15:34.345 edge /static/style.css status=200 upstream=B rt_ms=221 bytes=31462
2026-03-14 02:15:34.405 edge /api/orders status=200 upstream=B rt_ms=398 bytes=28692
2026-03-14 02:15:34.829 edge /static/style.css status=200 upstream=B rt_ms=350 bytes=7271
2026-03-14 02:15:37.184 edge /api/orders status=200 upstream=B rt_ms=261 bytes=20232
2026-03-14 02:15:37.945 edge /healthz status=200 upstream=B rt_ms=235 bytes=31660
2026-03-14 02:15:38.003 edge /static/style.css status=200 upstream=B rt_ms=213 bytes=3566
2026-03-14 02:15:38.443 edge /api/orders status=500 upstream=B rt_ms=366 bytes=5568
2026-03-14 02:15:38.463 edge /healthz status=200 upstream=B rt_ms=162 bytes=18827
2026-03-14 02:15:38.998 edge /api/events status=200 upstream=B rt_ms=310 bytes=10618
2026-03-14 02:15:41.434 edge /healthz status=200 upstream=B rt_ms=133 bytes=217
2026-03-14 02:15:42.200 edge /api/orders status=200 upstream=B rt_ms=128 bytes=18707
2026-03-14 02:15:42.784 edge / status=200 upstream=B rt_ms=165 bytes=34151
2026-03-14 02:15:47.335 edge /static/style.css status=200 upstream=B rt_ms=322 bytes=23389
2026-03-14 02:15:47.488 edge / status=200 upstream=B rt_ms=145 bytes=33722
2026-03-14 02:15:48.116 edge /api/events status=200 upstream=B rt_ms=219 bytes=22509
2026-03-14 02:15:48.638 edge /api/events status=200 upstream=B rt_ms=5 bytes=1850
2026-03-14 02:15:49.333 edge /api/events status=200 upstream=B rt_ms=48 bytes=4425
2026-03-14 02:15:49.335 edge / status=200 upstream=B rt_ms=294 bytes=26467
2026-03-14 02:15:49.531 edge /api/orders status=200 upstream=B rt_ms=81 bytes=10623
2026-03-14 02:15:49.744 edge / status=200 upstream=B rt_ms=326 bytes=27208
2026-03-14 02:15:50.849 edge /api/events status=200 upstream=B rt_ms=297 bytes=13430
2026-03-14 02:15:52.232 edge / status=200 upstream=B rt_ms=131 bytes=34109
2026-03-14 02:15:53.350 edge /api/orders status=200 upstream=B rt_ms=267 bytes=27199
2026-03-14 02:15:56.666 edge / status=200 upstream=B rt_ms=325 bytes=26447
2026-03-14 02:15:58.945 edge /api/orders status=200 upstream=B rt_ms=195 bytes=8533
2026-03-14 02:16:02.246 edge /healthz status=200 upstream=B rt_ms=253 bytes=11659
2026-03-14 02:16:02.473 edge /healthz status=200 upstream=B rt_ms=286 bytes=19962
2026-03-14 02:16:02.947 edge /api/orders status=200 upstream=B rt_ms=189 bytes=38346
2026-03-14 02:16:03.753 edge /api/events status=200 upstream=B rt_ms=116 bytes=37524
2026-03-14 02:16:05.382 edge /healthz status=200 upstream=B rt_ms=18 bytes=22819
2026-03-14 02:16:06.055 edge /healthz status=200 upstream=B rt_ms=109 bytes=8501
2026-03-14 02:16:07.160 edge /healthz status=200 upstream=B rt_ms=207 bytes=27576
2026-03-14 02:16:08.780 edge / status=200 upstream=B rt_ms=352 bytes=13991
2026-03-14 02:16:09.137 edge / status=200 upstream=B rt_ms=349 bytes=18324
2026-03-14 02:16:09.138 edge /healthz status=200 upstream=B rt_ms=165 bytes=13031
2026-03-14 02:16:09.643 edge /static/style.css status=200 upstream=B rt_ms=344 bytes=2625
2026-03-14 02:16:09.987 edge /healthz status=200 upstream=B rt_ms=185 bytes=22012
2026-03-14 02:16:11.776 edge /healthz status=200 upstream=B rt_ms=328 bytes=14259
2026-03-14 02:16:13.027 edge /api/events status=200 upstream=B rt_ms=353 bytes=37363
2026-03-14 02:16:17.482 edge / status=200 upstream=B rt_ms=149 bytes=13121
2026-03-14 02:16:17.661 edge /healthz status=200 upstream=B rt_ms=120 bytes=5545
2026-03-14 02:16:18.100 edge /api/events status=200 upstream=B rt_ms=398 bytes=15185
2026-03-14 02:16:19.570 edge /api/events status=200 upstream=B rt_ms=343 bytes=17930
2026-03-14 02:16:21.504 edge /static/style.css status=200 upstream=B rt_ms=144 bytes=41949
2026-03-14 02:16:25.782 edge /api/events status=200 upstream=B rt_ms=115 bytes=2503
2026-03-14 02:16:26.420 edge / status=200 upstream=B rt_ms=17 bytes=34008
2026-03-14 02:16:26.650 edge / status=200 upstream=B rt_ms=182 bytes=21252
2026-03-14 02:16:27.459 edge /api/events status=200 upstream=B rt_ms=317 bytes=5243
2026-03-14 02:16:27.862 edge /static/style.css status=200 upstream=B rt_ms=322 bytes=6203
2026-03-14 02:16:28.195 edge /healthz status=200 upstream=B rt_ms=18 bytes=10641
2026-03-14 02:16:29.074 edge /api/events status=200 upstream=B rt_ms=44 bytes=31256
2026-03-14 02:16:29.386 edge /static/style.css status=200 upstream=B rt_ms=305 bytes=8862
2026-03-14 02:16:30.596 edge /api/orders status=200 upstream=B rt_ms=259 bytes=8103
2026-03-14 02:16:31.491 edge /healthz status=200 upstream=B rt_ms=173 bytes=17462
2026-03-14 02:16:32.008 edge /static/style.css status=200 upstream=B rt_ms=317 bytes=1588
2026-03-14 02:16:33.302 edge /api/events status=200 upstream=B rt_ms=79 bytes=1834
2026-03-14 02:16:33.525 edge /healthz status=200 upstream=B rt_ms=201 bytes=6005
2026-03-14 02:16:33.681 edge /healthz status=200 upstream=B rt_ms=176 bytes=13920
2026-03-14 02:16:34.353 edge /healthz status=200 upstream=B rt_ms=51 bytes=18101
2026-03-14 02:16:34.756 edge /static/style.css status=200 upstream=B rt_ms=82 bytes=8064
2026-03-14 02:16:35.061 edge / status=200 upstream=B rt_ms=325 bytes=17107
2026-03-14 02:16:36.166 edge /healthz status=200 upstream=B rt_ms=297 bytes=38273
2026-03-14 02:16:37.825 edge /api/orders status=200 upstream=B rt_ms=260 bytes=8152
2026-03-14 02:16:38.123 edge /healthz status=200 upstream=B rt_ms=83 bytes=9268
2026-03-14 02:16:38.261 edge /static/style.css status=200 upstream=B rt_ms=329 bytes=20874
2026-03-14 02:16:41.136 edge /api/orders status=200 upstream=B rt_ms=271 bytes=24630
2026-03-14 02:16:41.142 edge /api/orders status=200 upstream=B rt_ms=322 bytes=7805
2026-03-14 02:16:41.471 edge /static/style.css status=200 upstream=B rt_ms=262 bytes=33900
2026-03-14 02:16:43.208 edge /api/events status=200 upstream=B rt_ms=73 bytes=35556
2026-03-14 02:16:44.940 edge /healthz status=200 upstream=B rt_ms=175 bytes=12722
2026-03-14 02:16:45.518 edge /healthz status=200 upstream=B rt_ms=322 bytes=11660
2026-03-14 02:16:46.650 edge /static/style.css status=200 upstream=B rt_ms=207 bytes=7199
2026-03-14 02:16:48.843 edge /api/orders status=200 upstream=B rt_ms=381 bytes=16199
2026-03-14 02:16:49.613 edge /api/orders status=200 upstream=B rt_ms=286 bytes=36004
2026-03-14 02:16:49.616 edge / status=200 upstream=B rt_ms=196 bytes=21325
2026-03-14 02:16:50.706 edge /healthz status=200 upstream=B rt_ms=59 bytes=29404
2026-03-14 02:16:50.754 edge / status=200 upstream=B rt_ms=151 bytes=17158
2026-03-14 02:16:52.030 edge /api/events status=200 upstream=B rt_ms=18 bytes=20924
2026-03-14 02:16:52.130 edge /healthz status=200 upstream=B rt_ms=224 bytes=4830
2026-03-14 02:16:52.260 edge / status=200 upstream=B rt_ms=257 bytes=11593
2026-03-14 02:16:53.104 edge / status=200 upstream=B rt_ms=221 bytes=38833
2026-03-14 02:16:54.009 edge /healthz status=200 upstream=B rt_ms=211 bytes=37621
2026-03-14 02:16:54.644 edge /healthz status=200 upstream=B rt_ms=14 bytes=10882
2026-03-14 02:16:55.152 edge / status=200 upstream=B rt_ms=215 bytes=29405
2026-03-14 02:16:55.579 edge /healthz status=200 upstream=B rt_ms=148 bytes=19110
2026-03-14 02:16:56.057 edge /static/style.css status=200 upstream=B rt_ms=222 bytes=16753
2026-03-14 02:16:58.489 edge /api/events status=200 upstream=B rt_ms=361 bytes=35082
2026-03-14 02:16:59.459 edge /api/orders status=200 upstream=B rt_ms=179 bytes=38216
2026-03-14 02:17:00.924 edge /static/style.css status=200 upstream=B rt_ms=360 bytes=15954
2026-03-14 02:17:00.973 edge /api/orders status=200 upstream=B rt_ms=158 bytes=7596
2026-03-14 02:17:06.324 edge /static/style.css status=200 upstream=B rt_ms=16 bytes=32761
2026-03-14 02:17:07.730 edge /api/orders status=200 upstream=B rt_ms=228 bytes=37234
2026-03-14 02:17:08.027 edge / status=200 upstream=B rt_ms=29 bytes=5939
2026-03-14 02:17:08.192 edge /api/events status=200 upstream=B rt_ms=237 bytes=23637
2026-03-14 02:17:11.134 edge / status=200 upstream=B rt_ms=315 bytes=21978
2026-03-14 02:17:11.622 edge /api/events status=200 upstream=B rt_ms=102 bytes=30680
2026-03-14 02:17:11.697 edge /api/orders status=200 upstream=B rt_ms=79 bytes=3435
2026-03-14 02:17:12.243 edge / status=200 upstream=B rt_ms=69 bytes=18150
2026-03-14 02:17:12.799 edge /static/style.css status=200 upstream=B rt_ms=290 bytes=17897
2026-03-14 02:17:13.006 edge /api/events status=200 upstream=B rt_ms=102 bytes=18710
2026-03-14 02:17:13.065 edge / status=200 upstream=B rt_ms=241 bytes=39141
2026-03-14 02:17:13.496 edge /healthz status=200 upstream=B rt_ms=384 bytes=40240
2026-03-14 02:17:14.111 edge / status=200 upstream=B rt_ms=183 bytes=40560
2026-03-14 02:17:14.685 edge /healthz status=200 upstream=B rt_ms=149 bytes=33703
2026-03-14 02:17:16.499 edge /api/orders status=200 upstream=B rt_ms=268 bytes=3941
2026-03-14 02:17:16.882 edge / status=200 upstream=B rt_ms=108 bytes=21654
2026-03-14 02:17:17.349 edge /api/events status=200 upstream=B rt_ms=223 bytes=12973
2026-03-14 02:17:18.553 edge /healthz status=200 upstream=B rt_ms=62 bytes=23130
2026-03-14 02:17:20.306 edge / status=200 upstream=B rt_ms=73 bytes=2388
2026-03-14 02:17:22.908 edge / status=200 upstream=B rt_ms=57 bytes=21984
2026-03-14 02:17:24.225 edge / status=200 upstream=B rt_ms=303 bytes=21859
2026-03-14 02:17:27.093 edge /healthz status=404 upstream=B rt_ms=151 bytes=15755
2026-03-14 02:17:27.632 edge /static/style.css status=200 upstream=B rt_ms=265 bytes=17609
2026-03-14 02:17:28.598 edge /static/style.css status=200 upstream=B rt_ms=254 bytes=4904
2026-03-14 02:17:29.634 edge /api/orders status=200 upstream=B rt_ms=107 bytes=41107
2026-03-14 02:17:30.698 edge /api/events status=200 upstream=B rt_ms=45 bytes=8512
2026-03-14 02:17:31.800 edge /healthz status=200 upstream=B rt_ms=263 bytes=18966
2026-03-14 02:17:33.508 edge /healthz status=200 upstream=B rt_ms=178 bytes=5699
2026-03-14 02:17:33.851 edge /api/orders status=200 upstream=B rt_ms=381 bytes=25773
2026-03-14 02:17:34.504 edge /api/events status=200 upstream=B rt_ms=219 bytes=8892
2026-03-14 02:17:36.411 edge /api/orders status=200 upstream=B rt_ms=158 bytes=17255
2026-03-14 02:17:37.740 edge /api/events status=200 upstream=B rt_ms=56 bytes=24323
2026-03-14 02:17:39.128 edge /static/style.css status=200 upstream=B rt_ms=29 bytes=10968
2026-03-14 02:17:39.218 edge /api/events status=200 upstream=B rt_ms=112 bytes=32544
2026-03-14 02:17:39.917 edge /api/events status=200 upstream=B rt_ms=39 bytes=39896
2026-03-14 02:17:40.893 edge /static/style.css status=200 upstream=B rt_ms=376 bytes=40494
2026-03-14 02:17:41.199 edge / status=200 upstream=B rt_ms=210 bytes=6259
2026-03-14 02:17:42.327 edge /api/orders status=200 upstream=B rt_ms=290 bytes=26341
2026-03-14 02:17:43.042 edge / status=200 upstream=B rt_ms=327 bytes=37739
2026-03-14 02:17:43.380 edge /healthz status=200 upstream=B rt_ms=279 bytes=20767
2026-03-14 02:17:43.860 edge /healthz status=200 upstream=B rt_ms=115 bytes=34026
2026-03-14 02:17:44.047 edge /api/orders status=200 upstream=B rt_ms=219 bytes=38867
2026-03-14 02:17:44.297 edge / status=200 upstream=B rt_ms=331 bytes=35563
2026-03-14 02:17:45.939 edge /api/events status=404 upstream=B rt_ms=291 bytes=40098
2026-03-14 02:17:46.476 edge /healthz status=200 upstream=B rt_ms=153 bytes=10871
2026-03-14 02:17:47.690 edge /static/style.css status=200 upstream=B rt_ms=10 bytes=11095
2026-03-14 02:17:47.722 edge /api/events status=404 upstream=B rt_ms=315 bytes=32827
2026-03-14 02:17:47.947 edge / status=200 upstream=B rt_ms=101 bytes=36935
2026-03-14 02:17:50.052 edge /healthz status=200 upstream=B rt_ms=156 bytes=28127
2026-03-14 02:17:51.167 edge /healthz status=200 upstream=B rt_ms=42 bytes=22689
2026-03-14 02:17:52.125 edge / status=200 upstream=B rt_ms=329 bytes=20006
2026-03-14 02:17:52.363 edge / status=200 upstream=B rt_ms=303 bytes=37624
2026-03-14 02:17:53.753 edge /static/style.css status=200 upstream=B rt_ms=349 bytes=9271
2026-03-14 02:17:55.040 edge / status=200 upstream=B rt_ms=91 bytes=10097
2026-03-14 02:17:55.419 edge /static/style.css status=200 upstream=B rt_ms=239 bytes=8063
2026-03-14 02:17:55.806 edge /healthz status=500 upstream=B rt_ms=265 bytes=23627
2026-03-14 02:17:58.360 edge /healthz status=200 upstream=B rt_ms=117 bytes=40105
2026-03-14 02:17:58.466 edge / status=200 upstream=B rt_ms=266 bytes=7823
2026-03-14 02:17:59.055 edge /api/events status=200 upstream=B rt_ms=99 bytes=39855
2026-03-14 02:17:59.654 edge /api/orders status=404 upstream=B rt_ms=258 bytes=23544
2026-03-14 02:17:59.688 edge /static/style.css status=200 upstream=B rt_ms=113 bytes=20943
2026-03-14 02:17:59.720 edge /healthz status=200 upstream=B rt_ms=24 bytes=26906
2026-03-14 02:18:00.879 edge /healthz status=200 upstream=B rt_ms=3 bytes=30848
2026-03-14 02:18:01.267 edge /healthz status=200 upstream=B rt_ms=385 bytes=36539
2026-03-14 02:18:02.138 edge /api/orders status=200 upstream=B rt_ms=346 bytes=29490
2026-03-14 02:18:02.631 edge /api/events status=200 upstream=B rt_ms=335 bytes=13639
2026-03-14 02:18:04.290 edge /healthz status=200 upstream=B rt_ms=80 bytes=19748
2026-03-14 02:18:04.811 edge /api/orders status=200 upstream=B rt_ms=56 bytes=23565
2026-03-14 02:18:06.488 edge /api/orders status=404 upstream=B rt_ms=153 bytes=4384
2026-03-14 02:18:09.381 edge /static/style.css status=200 upstream=B rt_ms=141 bytes=18754
2026-03-14 02:18:10.092 edge /healthz status=200 upstream=B rt_ms=113 bytes=38922
2026-03-14 02:18:11.702 edge /static/style.css status=200 upstream=B rt_ms=96 bytes=9138
2026-03-14 02:18:11.992 edge /healthz status=200 upstream=B rt_ms=125 bytes=40985
2026-03-14 02:18:12.125 edge /api/orders status=500 upstream=B rt_ms=201 bytes=33625
2026-03-14 02:18:12.561 edge /api/events status=200 upstream=B rt_ms=98 bytes=22842
2026-03-14 02:18:12.976 edge /api/events status=200 upstream=B rt_ms=118 bytes=236
2026-03-14 02:18:13.356 edge / status=200 upstream=B rt_ms=92 bytes=29393
2026-03-14 02:18:14.019 edge /healthz status=200 upstream=B rt_ms=266 bytes=34034
2026-03-14 02:18:14.545 edge /healthz status=200 upstream=B rt_ms=250 bytes=8256
2026-03-14 02:18:15.599 edge /api/orders status=200 upstream=B rt_ms=364 bytes=10874
2026-03-14 02:18:15.761 edge / status=200 upstream=B rt_ms=111 bytes=36779
2026-03-14 02:18:17.409 edge /api/orders status=500 upstream=B rt_ms=351 bytes=41077
2026-03-14 02:18:18.442 edge / status=404 upstream=B rt_ms=369 bytes=12037
2026-03-14 02:18:20.226 edge / status=200 upstream=B rt_ms=45 bytes=7671
2026-03-14 02:18:20.971 edge /healthz status=404 upstream=B rt_ms=41 bytes=27459
2026-03-14 02:18:21.098 edge /api/events status=200 upstream=B rt_ms=333 bytes=18573
2026-03-14 02:18:24.011 edge / status=200 upstream=B rt_ms=398 bytes=24393
2026-03-14 02:18:25.149 edge /healthz status=200 upstream=B rt_ms=276 bytes=41648
2026-03-14 02:18:29.335 edge /healthz status=200 upstream=B rt_ms=328 bytes=21913
2026-03-14 02:18:30.344 edge /static/style.css status=200 upstream=B rt_ms=250 bytes=30396
2026-03-14 02:18:33.793 edge /api/events status=200 upstream=B rt_ms=139 bytes=6097
2026-03-14 02:18:34.305 edge /api/events status=200 upstream=B rt_ms=298 bytes=28633
2026-03-14 02:18:34.708 edge /api/events status=200 upstream=B rt_ms=39 bytes=1427
2026-03-14 02:18:34.848 edge /api/orders status=200 upstream=B rt_ms=163 bytes=30112
2026-03-14 02:18:36.450 edge /api/events status=200 upstream=B rt_ms=127 bytes=41285
2026-03-14 02:18:36.480 edge /api/orders status=200 upstream=B rt_ms=240 bytes=27061
2026-03-14 02:18:36.658 edge /api/events status=200 upstream=B rt_ms=78 bytes=30166
2026-03-14 02:18:36.767 edge /healthz status=200 upstream=B rt_ms=109 bytes=16657
2026-03-14 02:18:37.041 edge /api/events status=200 upstream=B rt_ms=284 bytes=12055
2026-03-14 02:18:37.314 edge /api/events status=200 upstream=B rt_ms=225 bytes=16514
2026-03-14 02:18:38.526 edge /healthz status=200 upstream=B rt_ms=125 bytes=36038
2026-03-14 02:18:40.111 edge /healthz status=200 upstream=B rt_ms=125 bytes=39301
2026-03-14 02:18:42.427 edge /static/style.css status=200 upstream=B rt_ms=398 bytes=33352
2026-03-14 02:18:42.823 edge /healthz status=200 upstream=B rt_ms=230 bytes=19003
2026-03-14 02:18:42.941 edge /api/events status=200 upstream=B rt_ms=135 bytes=13858
2026-03-14 02:18:43.083 edge /api/orders status=200 upstream=B rt_ms=345 bytes=2197
2026-03-14 02:18:48.031 edge /api/orders status=200 upstream=B rt_ms=176 bytes=8862
2026-03-14 02:18:49.760 edge /healthz status=200 upstream=B rt_ms=320 bytes=26160
2026-03-14 02:18:50.146 edge /healthz status=200 upstream=B rt_ms=339 bytes=8374
2026-03-14 02:18:52.993 edge /static/style.css status=200 upstream=B rt_ms=230 bytes=14614
2026-03-14 02:18:53.797 edge /healthz status=200 upstream=B rt_ms=353 bytes=13480
2026-03-14 02:18:54.600 edge /api/events status=200 upstream=B rt_ms=346 bytes=25098
2026-03-14 02:18:55.251 edge /api/events status=200 upstream=B rt_ms=156 bytes=23960
2026-03-14 02:18:55.776 edge /api/orders status=200 upstream=B rt_ms=192 bytes=14639
2026-03-14 02:18:56.542 edge /static/style.css status=500 upstream=B rt_ms=124 bytes=26963
2026-03-14 02:18:56.568 edge /healthz status=200 upstream=B rt_ms=115 bytes=2353
2026-03-14 02:18:59.306 edge /static/style.css status=200 upstream=B rt_ms=327 bytes=26948
2026-03-14 02:18:59.778 edge /api/orders status=200 upstream=B rt_ms=100 bytes=26908
2026-03-14 02:18:59.858 edge /static/style.css status=200 upstream=B rt_ms=298 bytes=38707
2026-03-14 02:19:01.192 edge /healthz status=200 upstream=B rt_ms=195 bytes=17320
2026-03-14 02:19:02.902 edge /healthz status=200 upstream=B rt_ms=65 bytes=14479
2026-03-14 02:19:03.048 edge /static/style.css status=500 upstream=B rt_ms=385 bytes=39337
2026-03-14 02:19:03.206 edge /api/orders status=200 upstream=B rt_ms=44 bytes=35088
2026-03-14 02:19:04.700 edge /healthz status=200 upstream=B rt_ms=106 bytes=12556
2026-03-14 02:19:05.009 edge /healthz status=200 upstream=B rt_ms=369 bytes=29490
2026-03-14 02:19:05.201 edge / status=200 upstream=B rt_ms=31 bytes=19606
2026-03-14 02:19:07.383 edge /static/style.css status=200 upstream=B rt_ms=38 bytes=38543
2026-03-14 02:19:09.179 edge /api/orders status=200 upstream=B rt_ms=93 bytes=3104
2026-03-14 02:19:09.471 edge /api/events status=200 upstream=B rt_ms=40 bytes=19652
2026-03-14 02:19:10.571 edge /api/orders status=200 upstream=B rt_ms=258 bytes=3425
2026-03-14 02:19:12.884 edge /healthz status=200 upstream=B rt_ms=278 bytes=35790
2026-03-14 02:19:13.070 edge / status=200 upstream=B rt_ms=170 bytes=20248
2026-03-14 02:19:14.155 edge /static/style.css status=200 upstream=B rt_ms=385 bytes=26335
2026-03-14 02:19:14.368 edge / status=200 upstream=B rt_ms=208 bytes=12995
2026-03-14 02:19:15.312 edge /healthz status=200 upstream=B rt_ms=84 bytes=10841
2026-03-14 02:19:15.647 edge /api/orders status=200 upstream=B rt_ms=66 bytes=29759
2026-03-14 02:19:16.712 edge / status=200 upstream=B rt_ms=369 bytes=13923
2026-03-14 02:19:17.144 edge /static/style.css status=200 upstream=B rt_ms=152 bytes=40499
2026-03-14 02:19:17.542 edge /api/events status=200 upstream=B rt_ms=83 bytes=36446
2026-03-14 02:19:21.139 edge /healthz status=200 upstream=B rt_ms=296 bytes=28499
2026-03-14 02:19:21.761 edge / status=200 upstream=B rt_ms=324 bytes=14617
2026-03-14 02:19:21.786 edge /api/orders status=200 upstream=B rt_ms=278 bytes=4958
2026-03-14 02:19:22.180 edge /api/orders status=200 upstream=B rt_ms=390 bytes=32539
2026-03-14 02:19:23.615 edge /api/events status=200 upstream=B rt_ms=288 bytes=29238
2026-03-14 02:19:26.631 edge /api/events status=200 upstream=B rt_ms=115 bytes=23995
2026-03-14 02:19:26.793 edge / status=200 upstream=B rt_ms=211 bytes=23691
2026-03-14 02:19:27.069 edge /healthz status=200 upstream=B rt_ms=303 bytes=40742
2026-03-14 02:19:28.967 edge /static/style.css status=200 upstream=B rt_ms=282 bytes=32412
2026-03-14 02:19:34.191 edge /static/style.css status=200 upstream=B rt_ms=105 bytes=14067
2026-03-14 02:19:34.369 edge / status=200 upstream=B rt_ms=255 bytes=33678
2026-03-14 02:19:34.752 edge /healthz status=200 upstream=B rt_ms=300 bytes=30734
2026-03-14 02:19:34.943 edge /healthz status=200 upstream=B rt_ms=82 bytes=29142
2026-03-14 02:19:35.275 edge / status=200 upstream=B rt_ms=284 bytes=3116
2026-03-14 02:19:36.280 edge /healthz status=200 upstream=B rt_ms=352 bytes=29430
2026-03-14 02:19:36.700 edge /api/events status=200 upstream=B rt_ms=299 bytes=16818
2026-03-14 02:19:38.125 edge / status=200 upstream=B rt_ms=232 bytes=33558
2026-03-14 02:19:38.532 edge /healthz status=200 upstream=B rt_ms=259 bytes=27464
2026-03-14 02:19:39.514 edge /api/orders status=200 upstream=B rt_ms=14 bytes=18429
2026-03-14 02:19:40.065 edge / status=500 upstream=B rt_ms=242 bytes=18594
2026-03-14 02:19:40.698 edge / status=500 upstream=B rt_ms=327 bytes=23113
2026-03-14 02:19:40.937 edge /api/orders status=404 upstream=B rt_ms=280 bytes=6667
2026-03-14 02:19:43.665 edge /healthz status=200 upstream=B rt_ms=362 bytes=32013
2026-03-14 02:19:46.094 edge /api/events status=500 upstream=B rt_ms=87 bytes=22141
2026-03-14 02:19:47.350 edge / status=200 upstream=B rt_ms=372 bytes=9388
2026-03-14 02:19:47.917 edge /api/orders status=200 upstream=B rt_ms=63 bytes=27420
2026-03-14 02:19:52.086 edge /healthz status=200 upstream=B rt_ms=107 bytes=20168
2026-03-14 02:19:54.461 edge /healthz status=200 upstream=B rt_ms=142 bytes=36742
2026-03-14 02:19:56.042 edge / status=200 upstream=B rt_ms=340 bytes=30516
2026-03-14 02:19:56.087 edge / status=200 upstream=B rt_ms=388 bytes=32169
2026-03-14 02:19:57.551 edge /healthz status=200 upstream=B rt_ms=112 bytes=30525
2026-03-14 02:19:57.777 edge /api/orders status=200 upstream=B rt_ms=306 bytes=20538
2026-03-14 02:19:59.670 edge /api/orders status=200 upstream=B rt_ms=215 bytes=23459
2026-03-14 02:20:01.378 edge /static/style.css status=200 upstream=B rt_ms=280 bytes=3785
2026-03-14 02:20:01.563 edge /api/orders status=200 upstream=B rt_ms=207 bytes=11462
2026-03-14 02:20:02.236 edge /healthz status=200 upstream=B rt_ms=37 bytes=31065
2026-03-14 02:20:03.021 edge /api/orders status=500 upstream=B rt_ms=316 bytes=30184
2026-03-14 02:20:03.975 edge /static/style.css status=200 upstream=B rt_ms=378 bytes=21039
2026-03-14 02:20:06.376 edge /healthz status=200 upstream=B rt_ms=94 bytes=3565
2026-03-14 02:20:10.862 edge /api/orders status=200 upstream=B rt_ms=108 bytes=26499
2026-03-14 02:20:10.945 edge /static/style.css status=200 upstream=B rt_ms=235 bytes=26319
2026-03-14 02:20:11.088 edge /healthz status=200 upstream=B rt_ms=123 bytes=4140
2026-03-14 02:20:12.492 edge /healthz status=200 upstream=B rt_ms=242 bytes=29607
2026-03-14 02:20:12.868 edge /api/orders status=404 upstream=B rt_ms=51 bytes=35467
2026-03-14 02:20:13.988 edge /api/orders status=200 upstream=B rt_ms=143 bytes=37634
2026-03-14 02:20:15.352 edge /api/events status=200 upstream=B rt_ms=46 bytes=16883
2026-03-14 02:20:15.811 edge /static/style.css status=200 upstream=B rt_ms=384 bytes=28552
2026-03-14 02:20:15.935 edge /api/orders status=200 upstream=B rt_ms=104 bytes=16412
2026-03-14 02:20:16.244 edge /api/orders status=200 upstream=B rt_ms=361 bytes=7297
2026-03-14 02:20:17.551 edge /static/style.css status=200 upstream=B rt_ms=160 bytes=36963
2026-03-14 02:20:17.914 edge /api/orders status=200 upstream=B rt_ms=4 bytes=40663
2026-03-14 02:20:19.415 edge / status=200 upstream=B rt_ms=104 bytes=16381
2026-03-14 02:20:19.495 edge /api/orders status=200 upstream=B rt_ms=125 bytes=30401
2026-03-14 02:20:22.782 edge /healthz status=500 upstream=B rt_ms=389 bytes=9043
2026-03-14 02:20:24.642 edge /static/style.css status=404 upstream=B rt_ms=268 bytes=4382
2026-03-14 02:20:24.710 edge /static/style.css status=404 upstream=B rt_ms=275 bytes=29361
2026-03-14 02:20:24.814 edge /api/orders status=200 upstream=B rt_ms=341 bytes=12846
2026-03-14 02:20:25.628 edge /api/events status=200 upstream=B rt_ms=224 bytes=28403
2026-03-14 02:20:26.772 edge / status=200 upstream=B rt_ms=179 bytes=36885
2026-03-14 02:20:28.323 edge /healthz status=500 upstream=B rt_ms=102 bytes=1020
2026-03-14 02:20:28.480 edge /api/orders status=404 upstream=B rt_ms=159 bytes=5407
2026-03-14 02:20:29.254 edge /api/orders status=200 upstream=B rt_ms=388 bytes=12540
2026-03-14 02:20:29.776 edge /static/style.css status=404 upstream=B rt_ms=361 bytes=40904
2026-03-14 02:20:30.043 edge /api/events status=200 upstream=B rt_ms=52 bytes=23561
2026-03-14 02:20:32.778 edge /api/orders status=200 upstream=B rt_ms=274 bytes=1322
2026-03-14 02:20:33.074 edge /static/style.css status=200 upstream=B rt_ms=157 bytes=32762
2026-03-14 02:20:34.646 edge /api/events status=200 upstream=B rt_ms=114 bytes=29005
2026-03-14 02:20:35.685 edge / status=200 upstream=B rt_ms=164 bytes=25062
2026-03-14 02:20:35.875 edge /healthz status=200 upstream=B rt_ms=108 bytes=24599
2026-03-14 02:20:36.015 edge /api/orders status=200 upstream=B rt_ms=8 bytes=27616
2026-03-14 02:20:37.237 edge /api/orders status=200 upstream=B rt_ms=2 bytes=23593
2026-03-14 02:20:37.754 edge / status=200 upstream=B rt_ms=396 bytes=17729
2026-03-14 02:20:38.926 edge /api/events status=200 upstream=B rt_ms=180 bytes=21036
2026-03-14 02:20:39.645 edge /api/events status=200 upstream=B rt_ms=393 bytes=585
2026-03-14 02:20:39.685 edge /static/style.css status=200 upstream=B rt_ms=271 bytes=31667
2026-03-14 02:20:41.251 edge /static/style.css status=200 upstream=B rt_ms=232 bytes=37856
2026-03-14 02:20:41.619 edge /api/events status=200 upstream=B rt_ms=152 bytes=4265
2026-03-14 02:20:42.886 edge /api/orders status=200 upstream=B rt_ms=205 bytes=21547
2026-03-14 02:20:43.349 edge /static/style.css status=200 upstream=B rt_ms=362 bytes=13753
2026-03-14 02:20:44.068 edge /static/style.css status=200 upstream=B rt_ms=104 bytes=5603
2026-03-14 02:20:46.032 edge /static/style.css status=200 upstream=B rt_ms=386 bytes=29162
2026-03-14 02:20:46.242 edge /static/style.css status=200 upstream=B rt_ms=255 bytes=26961
2026-03-14 02:20:47.301 edge /api/orders status=200 upstream=B rt_ms=268 bytes=34669
2026-03-14 02:20:47.343 edge /api/orders status=200 upstream=B rt_ms=72 bytes=27368
2026-03-14 02:20:47.797 edge /api/orders status=200 upstream=B rt_ms=192 bytes=13327
2026-03-14 02:20:48.008 edge /static/style.css status=200 upstream=B rt_ms=119 bytes=17917
2026-03-14 02:20:48.553 edge /api/events status=200 upstream=B rt_ms=355 bytes=41833
2026-03-14 02:20:51.015 edge / status=200 upstream=B rt_ms=390 bytes=27530
2026-03-14 02:20:51.445 edge /healthz status=200 upstream=B rt_ms=179 bytes=34912
2026-03-14 02:20:52.854 edge / status=200 upstream=B rt_ms=388 bytes=6029
2026-03-14 02:20:55.129 edge /api/orders status=200 upstream=B rt_ms=250 bytes=15747
2026-03-14 02:20:56.121 edge /api/orders status=200 upstream=B rt_ms=258 bytes=35343
2026-03-14 02:20:56.367 edge /static/style.css status=200 upstream=B rt_ms=227 bytes=33254
2026-03-14 02:21:00.008 edge / status=200 upstream=B rt_ms=261 bytes=25079
2026-03-14 02:21:00.993 edge /healthz status=200 upstream=B rt_ms=52 bytes=35680
2026-03-14 02:21:02.333 edge /static/style.css status=200 upstream=B rt_ms=230 bytes=7254
2026-03-14 02:21:05.349 edge /healthz status=200 upstream=B rt_ms=114 bytes=11313
2026-03-14 02:21:05.786 edge /api/events status=200 upstream=B rt_ms=49 bytes=32202
2026-03-14 02:21:06.004 edge /static/style.css status=200 upstream=B rt_ms=87 bytes=18611
2026-03-14 02:21:06.656 edge /api/orders status=404 upstream=B rt_ms=115 bytes=6595
2026-03-14 02:21:06.902 edge /static/style.css status=200 upstream=B rt_ms=272 bytes=18123
2026-03-14 02:21:07.791 edge /api/events status=200 upstream=B rt_ms=178 bytes=28955
2026-03-14 02:21:08.542 edge /api/events status=200 upstream=B rt_ms=82 bytes=22221
2026-03-14 02:21:10.159 edge /api/events status=200 upstream=B rt_ms=316 bytes=36833
2026-03-14 02:21:10.365 edge /healthz status=200 upstream=B rt_ms=280 bytes=13783
2026-03-14 02:21:12.007 edge /api/events status=500 upstream=B rt_ms=172 bytes=6854
2026-03-14 02:21:13.729 edge /static/style.css status=500 upstream=B rt_ms=228 bytes=21882
2026-03-14 02:21:15.440 edge / status=200 upstream=B rt_ms=244 bytes=39482
2026-03-14 02:21:15.655 edge /healthz status=200 upstream=B rt_ms=126 bytes=6520
2026-03-14 02:21:16.460 edge /healthz status=200 upstream=B rt_ms=398 bytes=7472
2026-03-14 02:21:17.193 edge /static/style.css status=200 upstream=B rt_ms=138 bytes=12794
2026-03-14 02:21:18.274 edge /healthz status=200 upstream=B rt_ms=22 bytes=16761
2026-03-14 02:21:18.751 edge /api/events status=200 upstream=B rt_ms=193 bytes=11689
2026-03-14 02:21:20.498 edge /api/orders status=200 upstream=B rt_ms=251 bytes=35850
2026-03-14 02:21:21.681 edge / status=500 upstream=B rt_ms=105 bytes=6416
2026-03-14 02:21:24.023 edge /healthz status=200 upstream=B rt_ms=351 bytes=13380
2026-03-14 02:21:27.266 edge /api/events status=200 upstream=B rt_ms=19 bytes=30445
2026-03-14 02:21:27.280 edge / status=200 upstream=B rt_ms=164 bytes=40844
2026-03-14 02:21:29.366 edge /healthz status=200 upstream=B rt_ms=75 bytes=30827
2026-03-14 02:21:30.407 edge / status=200 upstream=B rt_ms=374 bytes=21008
2026-03-14 02:21:30.747 edge / status=200 upstream=B rt_ms=359 bytes=20703
2026-03-14 02:21:30.815 edge /api/events status=200 upstream=B rt_ms=358 bytes=37784
2026-03-14 02:21:31.399 edge /api/orders status=200 upstream=B rt_ms=188 bytes=22051
2026-03-14 02:21:33.206 edge /api/orders status=200 upstream=B rt_ms=310 bytes=35759
2026-03-14 02:21:36.239 edge /healthz status=200 upstream=B rt_ms=94 bytes=34807
2026-03-14 02:21:36.351 edge /healthz status=200 upstream=B rt_ms=385 bytes=38393
2026-03-14 02:21:37.302 edge /api/orders status=200 upstream=B rt_ms=288 bytes=27973
2026-03-14 02:21:37.320 edge /api/events status=200 upstream=B rt_ms=32 bytes=12166
2026-03-14 02:21:37.636 edge /static/style.css status=404 upstream=B rt_ms=148 bytes=8671
2026-03-14 02:21:39.262 edge /healthz status=200 upstream=B rt_ms=53 bytes=36531
2026-03-14 02:21:39.427 edge / status=500 upstream=B rt_ms=126 bytes=40456
2026-03-14 02:21:39.611 edge /healthz status=200 upstream=B rt_ms=116 bytes=22806
2026-03-14 02:21:41.917 edge /api/events status=200 upstream=B rt_ms=17 bytes=19590
2026-03-14 02:21:41.947 edge /api/orders status=200 upstream=B rt_ms=337 bytes=27821
2026-03-14 02:21:43.668 edge /api/events status=200 upstream=B rt_ms=7 bytes=16893
2026-03-14 02:21:44.481 edge /api/events status=200 upstream=B rt_ms=253 bytes=1900
2026-03-14 02:21:44.762 edge /api/events status=200 upstream=B rt_ms=360 bytes=20504
2026-03-14 02:21:44.816 edge /healthz status=200 upstream=B rt_ms=361 bytes=37335
2026-03-14 02:21:45.051 edge /healthz status=200 upstream=B rt_ms=168 bytes=7887
2026-03-14 02:21:45.351 edge /static/style.css status=200 upstream=B rt_ms=343 bytes=6963
2026-03-14 02:21:45.546 edge /api/orders status=500 upstream=B rt_ms=98 bytes=12771
2026-03-14 02:21:47.618 edge /api/orders status=200 upstream=B rt_ms=338 bytes=40786
2026-03-14 02:21:47.973 edge /static/style.css status=200 upstream=B rt_ms=306 bytes=14663
2026-03-14 02:21:48.081 edge /healthz status=500 upstream=B rt_ms=247 bytes=34449
2026-03-14 02:21:48.872 edge /static/style.css status=200 upstream=B rt_ms=152 bytes=16953
2026-03-14 02:21:49.889 edge /api/orders status=404 upstream=B rt_ms=186 bytes=34823
2026-03-14 02:21:50.160 edge /healthz status=200 upstream=B rt_ms=231 bytes=37332
2026-03-14 02:21:52.115 edge /static/style.css status=200 upstream=B rt_ms=227 bytes=14839
2026-03-14 02:21:52.901 edge /static/style.css status=200 upstream=B rt_ms=144 bytes=25198
2026-03-14 02:21:55.352 edge /static/style.css status=200 upstream=B rt_ms=353 bytes=3547
2026-03-14 02:21:55.673 edge /static/style.css status=200 upstream=B rt_ms=54 bytes=37758
2026-03-14 02:21:57.259 edge / status=200 upstream=B rt_ms=261 bytes=33139
2026-03-14 02:21:59.851 edge /api/orders status=200 upstream=B rt_ms=215 bytes=22030
2026-03-14 02:21:59.951 edge /healthz status=200 upstream=B rt_ms=398 bytes=20821
2026-03-14 02:22:05.250 edge /healthz status=200 upstream=B rt_ms=380 bytes=28912
2026-03-14 02:22:05.520 edge /api/events status=200 upstream=B rt_ms=169 bytes=39395
2026-03-14 02:22:05.845 edge /static/style.css status=200 upstream=B rt_ms=12 bytes=34118
2026-03-14 02:22:07.123 edge /healthz status=200 upstream=B rt_ms=121 bytes=5365
2026-03-14 02:22:07.207 edge /api/events status=200 upstream=B rt_ms=352 bytes=520
2026-03-14 02:22:07.382 edge /api/events status=200 upstream=B rt_ms=107 bytes=19653
2026-03-14 02:22:09.613 edge /static/style.css status=200 upstream=B rt_ms=372 bytes=16429
2026-03-14 02:22:10.985 edge /healthz status=200 upstream=B rt_ms=77 bytes=26433
2026-03-14 02:22:11.103 edge /api/events status=200 upstream=B rt_ms=161 bytes=26246
2026-03-14 02:22:11.626 edge /static/style.css status=200 upstream=B rt_ms=180 bytes=37125
2026-03-14 02:22:12.607 edge /api/events status=200 upstream=B rt_ms=57 bytes=14430
2026-03-14 02:22:12.684 edge /static/style.css status=200 upstream=B rt_ms=353 bytes=32004
2026-03-14 02:22:17.260 edge /static/style.css status=200 upstream=B rt_ms=20 bytes=25427
2026-03-14 02:22:17.954 edge /static/style.css status=200 upstream=B rt_ms=168 bytes=7483
2026-03-14 02:22:20.416 edge / status=200 upstream=B rt_ms=61 bytes=33599
2026-03-14 02:22:20.468 edge /healthz status=200 upstream=B rt_ms=287 bytes=22495
2026-03-14 02:22:21.006 edge /api/events status=200 upstream=B rt_ms=5 bytes=22027
2026-03-14 02:22:21.765 edge /api/orders status=200 upstream=B rt_ms=113 bytes=6027
2026-03-14 02:22:22.715 edge / status=200 upstream=B rt_ms=347 bytes=18906
2026-03-14 02:22:23.960 edge /api/orders status=200 upstream=B rt_ms=131 bytes=33909
2026-03-14 02:22:25.224 edge /static/style.css status=200 upstream=B rt_ms=393 bytes=32106
2026-03-14 02:22:26.021 edge /static/style.css status=200 upstream=B rt_ms=310 bytes=7864
2026-03-14 02:22:26.460 edge /healthz status=200 upstream=B rt_ms=342 bytes=35598
2026-03-14 02:22:27.149 edge /api/events status=404 upstream=B rt_ms=219 bytes=34917
2026-03-14 02:22:30.624 edge /api/events status=200 upstream=B rt_ms=122 bytes=14997
2026-03-14 02:22:31.170 edge /healthz status=200 upstream=B rt_ms=392 bytes=41470
2026-03-14 02:22:33.910 edge / status=200 upstream=B rt_ms=374 bytes=13677
2026-03-14 02:22:34.879 edge /api/orders status=200 upstream=B rt_ms=169 bytes=21620
2026-03-14 02:22:37.656 edge /api/orders status=200 upstream=B rt_ms=295 bytes=7691
2026-03-14 02:22:37.715 edge /healthz status=200 upstream=B rt_ms=90 bytes=23476
2026-03-14 02:22:37.824 edge /api/orders status=200 upstream=B rt_ms=360 bytes=5195
2026-03-14 02:22:39.058 edge / status=200 upstream=B rt_ms=185 bytes=7654
2026-03-14 02:22:39.410 edge /static/style.css status=500 upstream=B rt_ms=255 bytes=26776
2026-03-14 02:22:40.480 edge /static/style.css status=200 upstream=B rt_ms=225 bytes=38648
2026-03-14 02:22:42.194 edge /healthz status=200 upstream=B rt_ms=224 bytes=22667
2026-03-14 02:22:44.035 edge / status=200 upstream=B rt_ms=197 bytes=4796
2026-03-14 02:22:44.389 edge / status=200 upstream=B rt_ms=237 bytes=27703
2026-03-14 02:22:46.619 edge / status=200 upstream=B rt_ms=144 bytes=10178
2026-03-14 02:22:46.687 edge /api/events status=200 upstream=B rt_ms=232 bytes=8453
2026-03-14 02:22:46.865 edge /api/events status=200 upstream=B rt_ms=239 bytes=2345
2026-03-14 02:22:46.978 edge /api/events status=500 upstream=B rt_ms=388 bytes=26858
2026-03-14 02:22:49.893 edge /static/style.css status=200 upstream=B rt_ms=213 bytes=20330
2026-03-14 02:22:50.356 edge /static/style.css status=500 upstream=B rt_ms=64 bytes=31848
2026-03-14 02:22:50.780 edge / status=200 upstream=B rt_ms=351 bytes=1088
2026-03-14 02:22:53.425 edge /api/events status=200 upstream=B rt_ms=17 bytes=13148
2026-03-14 02:22:53.807 edge /api/events status=404 upstream=B rt_ms=302 bytes=20390
2026-03-14 02:22:58.085 edge /healthz status=200 upstream=B rt_ms=297 bytes=15677
2026-03-14 02:22:59.003 edge /api/events status=200 upstream=B rt_ms=221 bytes=25341
2026-03-14 02:23:00.535 edge /api/events status=200 upstream=B rt_ms=37 bytes=18518
2026-03-14 02:23:01.825 edge /static/style.css status=200 upstream=B rt_ms=288 bytes=27864
2026-03-14 02:23:02.415 edge /api/events status=200 upstream=B rt_ms=215 bytes=36956
2026-03-14 02:23:03.980 edge / status=500 upstream=B rt_ms=349 bytes=33896
2026-03-14 02:23:04.910 edge /static/style.css status=200 upstream=B rt_ms=389 bytes=36976
2026-03-14 02:23:05.941 edge /api/orders status=404 upstream=B rt_ms=221 bytes=6636
2026-03-14 02:23:07.658 edge /static/style.css status=200 upstream=B rt_ms=231 bytes=35883
2026-03-14 02:23:07.748 edge /static/style.css status=200 upstream=B rt_ms=384 bytes=15844
2026-03-14 02:23:10.993 edge / status=200 upstream=B rt_ms=338 bytes=18060
2026-03-14 02:23:13.252 edge /api/events status=200 upstream=B rt_ms=94 bytes=23372
2026-03-14 02:23:14.650 edge /api/events status=200 upstream=B rt_ms=193 bytes=34012
2026-03-14 02:23:16.021 edge /static/style.css status=200 upstream=B rt_ms=187 bytes=33243
2026-03-14 02:23:16.877 edge /api/events status=200 upstream=B rt_ms=238 bytes=2606
2026-03-14 02:23:17.141 edge /api/events status=200 upstream=B rt_ms=34 bytes=33993
2026-03-14 02:23:17.229 edge /healthz status=200 upstream=B rt_ms=237 bytes=34716
2026-03-14 02:23:17.256 edge /api/orders status=200 upstream=B rt_ms=348 bytes=27937
2026-03-14 02:23:19.225 edge /api/events status=200 upstream=B rt_ms=15 bytes=16891
2026-03-14 02:23:20.892 edge /api/events status=500 upstream=B rt_ms=63 bytes=1264
2026-03-14 02:23:21.041 edge / status=500 upstream=B rt_ms=398 bytes=5108
2026-03-14 02:23:21.847 edge /healthz status=404 upstream=B rt_ms=310 bytes=2841
2026-03-14 02:23:21.872 edge /api/events status=200 upstream=B rt_ms=395 bytes=37959
2026-03-14 02:23:22.054 edge /healthz status=200 upstream=B rt_ms=165 bytes=27211
2026-03-14 02:23:22.877 edge / status=200 upstream=B rt_ms=239 bytes=30214
2026-03-14 02:23:22.934 edge /static/style.css status=200 upstream=B rt_ms=168 bytes=8824
2026-03-14 02:23:23.145 edge /api/events status=200 upstream=B rt_ms=376 bytes=20148
2026-03-14 02:23:23.961 edge /api/events status=200 upstream=B rt_ms=247 bytes=20179
2026-03-14 02:23:24.041 edge /static/style.css status=200 upstream=B rt_ms=379 bytes=204
2026-03-14 02:23:26.056 edge / status=200 upstream=B rt_ms=298 bytes=40847
2026-03-14 02:23:26.560 edge /api/events status=200 upstream=B rt_ms=125 bytes=33853
2026-03-14 02:23:27.911 edge / status=200 upstream=B rt_ms=101 bytes=27432
2026-03-14 02:23:28.982 edge /api/events status=200 upstream=B rt_ms=313 bytes=12962
2026-03-14 02:23:31.313 edge / status=200 upstream=B rt_ms=194 bytes=19339
2026-03-14 02:23:31.384 edge /healthz status=200 upstream=B rt_ms=361 bytes=35801
2026-03-14 02:23:31.593 edge /healthz status=200 upstream=B rt_ms=349 bytes=7384
2026-03-14 02:23:31.900 edge /api/orders status=200 upstream=B rt_ms=121 bytes=935
2026-03-14 02:23:32.347 edge /static/style.css status=200 upstream=B rt_ms=221 bytes=35657
2026-03-14 02:23:33.471 edge /api/events status=200 upstream=B rt_ms=178 bytes=12625
2026-03-14 02:23:35.914 edge /api/orders status=200 upstream=B rt_ms=24 bytes=13085
2026-03-14 02:23:37.724 edge / status=200 upstream=B rt_ms=196 bytes=21940
2026-03-14 02:23:37.932 edge /static/style.css status=200 upstream=B rt_ms=91 bytes=5245
2026-03-14 02:23:37.935 edge /static/style.css status=200 upstream=B rt_ms=207 bytes=41231
2026-03-14 02:23:39.292 edge /healthz status=200 upstream=B rt_ms=204 bytes=37529
2026-03-14 02:23:40.490 edge /api/orders status=200 upstream=B rt_ms=320 bytes=11871
2026-03-14 02:23:42.794 edge /healthz status=404 upstream=B rt_ms=230 bytes=3375
2026-03-14 02:23:42.949 edge /api/events status=200 upstream=B rt_ms=379 bytes=28124
2026-03-14 02:23:45.835 edge / status=200 upstream=B rt_ms=255 bytes=5550
2026-03-14 02:23:46.703 edge /api/orders status=200 upstream=B rt_ms=185 bytes=35807
2026-03-14 02:23:46.752 edge /api/orders status=404 upstream=B rt_ms=368 bytes=30970
2026-03-14 02:23:47.145 edge /healthz status=200 upstream=B rt_ms=273 bytes=29582
2026-03-14 02:23:47.406 edge / status=200 upstream=B rt_ms=378 bytes=40503
2026-03-14 02:23:48.108 edge /static/style.css status=200 upstream=B rt_ms=375 bytes=40490
2026-03-14 02:23:48.420 edge /healthz status=200 upstream=B rt_ms=88 bytes=19454
2026-03-14 02:23:49.085 edge /api/orders status=200 upstream=B rt_ms=25 bytes=40300
2026-03-14 02:23:49.109 edge /static/style.css status=200 upstream=B rt_ms=122 bytes=36665
2026-03-14 02:23:50.020 edge /static/style.css status=200 upstream=B rt_ms=103 bytes=31056
2026-03-14 02:23:53.416 edge /static/style.css status=200 upstream=B rt_ms=311 bytes=24507
2026-03-14 02:23:55.403 edge /api/events status=200 upstream=B rt_ms=58 bytes=35692
2026-03-14 02:23:55.930 edge /api/events status=200 upstream=B rt_ms=327 bytes=7937
2026-03-14 02:23:56.358 edge /static/style.css status=200 upstream=B rt_ms=357 bytes=19159
2026-03-14 02:23:56.531 edge /api/orders status=200 upstream=B rt_ms=305 bytes=30052
2026-03-14 02:23:56.942 edge /api/orders status=200 upstream=B rt_ms=45 bytes=13687
2026-03-14 02:23:57.004 edge /static/style.css status=200 upstream=B rt_ms=233 bytes=39549
2026-03-14 02:23:57.437 edge / status=200 upstream=B rt_ms=69 bytes=8084
2026-03-14 02:23:59.378 edge /static/style.css status=200 upstream=B rt_ms=168 bytes=6368
2026-03-14 02:23:59.612 edge / status=200 upstream=B rt_ms=272 bytes=4496
2026-03-14 02:24:00.736 edge /healthz status=404 upstream=B rt_ms=279 bytes=21438
2026-03-14 02:24:01.340 edge /healthz status=200 upstream=B rt_ms=23 bytes=12553
2026-03-14 02:24:01.462 edge /api/events status=200 upstream=B rt_ms=233 bytes=16357
2026-03-14 02:24:02.177 edge /healthz status=404 upstream=B rt_ms=339 bytes=39025
2026-03-14 02:24:04.260 edge /api/orders status=200 upstream=B rt_ms=58 bytes=20189
2026-03-14 02:24:04.450 edge /static/style.css status=200 upstream=B rt_ms=375 bytes=8071
2026-03-14 02:24:05.416 edge / status=200 upstream=B rt_ms=322 bytes=9016
2026-03-14 02:24:05.466 edge /static/style.css status=200 upstream=B rt_ms=70 bytes=28271
2026-03-14 02:24:06.010 edge /api/events status=200 upstream=B rt_ms=99 bytes=6402
2026-03-14 02:24:06.507 edge /static/style.css status=200 upstream=B rt_ms=21 bytes=22343
2026-03-14 02:24:07.767 edge / status=200 upstream=B rt_ms=385 bytes=9829
2026-03-14 02:24:10.266 edge / status=200 upstream=B rt_ms=242 bytes=25170
2026-03-14 02:24:10.441 edge /healthz status=200 upstream=B rt_ms=356 bytes=12311
2026-03-14 02:24:10.767 edge /healthz status=200 upstream=B rt_ms=19 bytes=893
2026-03-14 02:24:12.892 edge / status=200 upstream=B rt_ms=364 bytes=40291
2026-03-14 02:24:12.969 edge /api/events status=200 upstream=B rt_ms=15 bytes=36006
2026-03-14 02:24:14.028 edge /healthz status=200 upstream=B rt_ms=368 bytes=2783
2026-03-14 02:24:15.469 edge / status=200 upstream=B rt_ms=18 bytes=29647
2026-03-14 02:24:16.332 edge /api/orders status=200 upstream=B rt_ms=223 bytes=16754
2026-03-14 02:24:17.727 edge /api/events status=200 upstream=B rt_ms=88 bytes=28397
2026-03-14 02:24:18.344 edge /healthz status=200 upstream=B rt_ms=394 bytes=17614
2026-03-14 02:24:18.779 edge /healthz status=200 upstream=B rt_ms=297 bytes=3609
2026-03-14 02:24:20.204 edge /api/orders status=200 upstream=B rt_ms=92 bytes=3868
2026-03-14 02:24:22.195 edge /healthz status=200 upstream=B rt_ms=69 bytes=5887
2026-03-14 02:24:25.463 edge /api/orders status=200 upstream=B rt_ms=394 bytes=32583
2026-03-14 02:24:25.858 edge /api/orders status=200 upstream=B rt_ms=267 bytes=26691
2026-03-14 02:24:26.177 edge /api/events status=200 upstream=B rt_ms=58 bytes=8599
2026-03-14 02:24:26.283 edge / status=200 upstream=B rt_ms=295 bytes=38083
2026-03-14 02:24:27.027 edge /api/orders status=404 upstream=B rt_ms=59 bytes=38096
2026-03-14 02:24:27.367 edge /static/style.css status=200 upstream=B rt_ms=304 bytes=1657
2026-03-14 02:24:27.539 edge /api/orders status=200 upstream=B rt_ms=178 bytes=18671
2026-03-14 02:24:28.646 edge /api/orders status=200 upstream=B rt_ms=80 bytes=21783
2026-03-14 02:24:31.247 edge /static/style.css status=200 upstream=B rt_ms=169 bytes=10639
2026-03-14 02:24:32.139 edge /static/style.css status=200 upstream=B rt_ms=60 bytes=13241
2026-03-14 02:24:32.457 edge /api/events status=200 upstream=B rt_ms=208 bytes=29516
2026-03-14 02:24:33.918 edge /api/orders status=200 upstream=B rt_ms=268 bytes=35148
2026-03-14 02:24:35.465 edge /api/orders status=200 upstream=B rt_ms=85 bytes=35214
2026-03-14 02:24:35.569 edge /api/orders status=200 upstream=B rt_ms=159 bytes=32003
2026-03-14 02:24:38.268 edge /api/orders status=200 upstream=B rt_ms=213 bytes=12248
2026-03-14 02:24:38.298 edge /api/orders status=200 upstream=B rt_ms=396 bytes=25840
2026-03-14 02:24:39.907 edge /static/style.css status=200 upstream=B rt_ms=290 bytes=35331
2026-03-14 02:24:39.945 edge /api/events status=200 upstream=B rt_ms=179 bytes=19925
2026-03-14 02:24:42.003 edge / status=200 upstream=B rt_ms=193 bytes=30354
2026-03-14 02:24:43.690 edge /api/orders status=200 upstream=B rt_ms=354 bytes=29708
2026-03-14 02:24:44.074 edge /api/events status=200 upstream=B rt_ms=303 bytes=34015
2026-03-14 02:24:44.481 edge /static/style.css status=200 upstream=B rt_ms=63 bytes=31810
2026-03-14 02:24:44.728 edge /api/orders status=200 upstream=B rt_ms=300 bytes=2110
2026-03-14 02:24:44.817 edge /healthz status=200 upstream=B rt_ms=147 bytes=2902
2026-03-14 02:24:45.822 edge /api/orders status=200 upstream=B rt_ms=320 bytes=38854
2026-03-14 02:24:45.853 edge /api/events status=200 upstream=B rt_ms=217 bytes=37513
2026-03-14 02:24:46.022 edge /static/style.css status=200 upstream=B rt_ms=112 bytes=9359
2026-03-14 02:24:46.206 edge /api/orders status=200 upstream=B rt_ms=110 bytes=17591
2026-03-14 02:24:46.961 edge /api/orders status=200 upstream=B rt_ms=126 bytes=31733
2026-03-14 02:24:48.752 edge / status=200 upstream=B rt_ms=58 bytes=28165
2026-03-14 02:24:53.483 edge /static/style.css status=200 upstream=B rt_ms=86 bytes=19859
2026-03-14 02:24:53.985 edge /api/orders status=200 upstream=B rt_ms=83 bytes=32053
2026-03-14 02:24:54.519 edge /api/events status=500 upstream=B rt_ms=147 bytes=26038
2026-03-14 02:24:55.341 edge / status=200 upstream=B rt_ms=217 bytes=26753
2026-03-14 02:24:55.921 edge / status=200 upstream=B rt_ms=387 bytes=692
2026-03-14 02:24:57.730 edge /healthz status=200 upstream=B rt_ms=258 bytes=29161
2026-03-14 02:25:01.985 edge / status=404 upstream=B rt_ms=107 bytes=25965
2026-03-14 02:25:03.314 edge / status=500 upstream=B rt_ms=80 bytes=18676
2026-03-14 02:25:03.495 edge /healthz status=200 upstream=B rt_ms=30 bytes=20802
2026-03-14 02:25:04.608 edge /static/style.css status=200 upstream=B rt_ms=58 bytes=8415
2026-03-14 02:25:06.896 edge / status=200 upstream=B rt_ms=284 bytes=38977
2026-03-14 02:25:08.787 edge /api/orders status=200 upstream=B rt_ms=80 bytes=9651
2026-03-14 02:25:09.083 edge /api/orders status=200 upstream=B rt_ms=315 bytes=4005
2026-03-14 02:25:09.287 edge /api/events status=404 upstream=B rt_ms=216 bytes=38544
2026-03-14 02:25:10.276 edge /static/style.css status=200 upstream=B rt_ms=239 bytes=21380
2026-03-14 02:25:10.379 edge /api/orders status=200 upstream=B rt_ms=93 bytes=7641
2026-03-14 02:25:10.501 edge /healthz status=200 upstream=B rt_ms=71 bytes=1896
2026-03-14 02:25:15.189 edge /static/style.css status=200 upstream=B rt_ms=392 bytes=24674
2026-03-14 02:25:16.882 edge /healthz status=200 upstream=B rt_ms=15 bytes=26251
2026-03-14 02:25:17.047 edge /api/orders status=200 upstream=B rt_ms=173 bytes=16716
2026-03-14 02:25:17.795 edge /static/style.css status=200 upstream=B rt_ms=25 bytes=39951
2026-03-14 02:25:23.821 edge /static/style.css status=200 upstream=B rt_ms=20 bytes=31050
2026-03-14 02:25:25.284 edge /healthz status=200 upstream=B rt_ms=235 bytes=31371
2026-03-14 02:25:26.906 edge /api/events status=200 upstream=B rt_ms=126 bytes=15231
2026-03-14 02:25:31.886 edge /api/orders status=200 upstream=B rt_ms=174 bytes=1623
2026-03-14 02:25:33.986 edge / status=200 upstream=B rt_ms=178 bytes=8352
2026-03-14 02:25:34.716 edge / status=200 upstream=B rt_ms=124 bytes=34124
2026-03-14 02:25:39.991 edge /api/events status=200 upstream=B rt_ms=80 bytes=8814
2026-03-14 02:25:42.202 edge /healthz status=200 upstream=B rt_ms=114 bytes=29489
2026-03-14 02:25:44.025 edge /api/events status=200 upstream=B rt_ms=198 bytes=12621
2026-03-14 02:25:44.126 edge /api/events status=200 upstream=B rt_ms=22 bytes=17401
2026-03-14 02:25:46.917 edge /healthz status=200 upstream=B rt_ms=119 bytes=27459
2026-03-14 02:25:48.918 edge /api/events status=200 upstream=B rt_ms=319 bytes=28548
2026-03-14 02:25:52.458 edge /api/events status=200 upstream=B rt_ms=355 bytes=24478
2026-03-14 02:25:53.569 edge /api/orders status=200 upstream=B rt_ms=302 bytes=30472
2026-03-14 02:25:56.875 edge / status=200 upstream=B rt_ms=30 bytes=17605
2026-03-14 02:26:01.039 edge /healthz status=200 upstream=B rt_ms=140 bytes=4349
2026-03-14 02:26:01.882 edge /api/events status=200 upstream=B rt_ms=278 bytes=35258
2026-03-14 02:26:03.463 edge /static/style.css status=500 upstream=B rt_ms=259 bytes=20092
2026-03-14 02:26:04.433 edge /api/orders status=200 upstream=B rt_ms=178 bytes=18727
2026-03-14 02:26:04.819 edge /api/orders status=200 upstream=B rt_ms=320 bytes=17307
2026-03-14 02:26:05.539 edge /api/events status=500 upstream=B rt_ms=179 bytes=24285
2026-03-14 02:26:07.017 edge /healthz status=200 upstream=B rt_ms=254 bytes=3124
2026-03-14 02:26:07.219 edge /healthz status=200 upstream=B rt_ms=76 bytes=35663
2026-03-14 02:26:10.115 edge /static/style.css status=200 upstream=B rt_ms=279 bytes=5483
2026-03-14 02:26:13.503 edge / status=200 upstream=B rt_ms=114 bytes=39746
2026-03-14 02:26:15.788 edge /api/events status=200 upstream=B rt_ms=87 bytes=36982
2026-03-14 02:26:16.380 edge /static/style.css status=200 upstream=B rt_ms=205 bytes=9927
2026-03-14 02:26:17.090 edge /api/orders status=200 upstream=B rt_ms=41 bytes=708
2026-03-14 02:26:18.678 edge /api/orders status=200 upstream=B rt_ms=256 bytes=36877
2026-03-14 02:26:19.937 edge /api/orders status=404 upstream=B rt_ms=70 bytes=35254
2026-03-14 02:26:24.719 edge /healthz status=200 upstream=B rt_ms=80 bytes=3289
2026-03-14 02:26:25.027 edge /api/orders status=200 upstream=B rt_ms=336 bytes=33736
2026-03-14 02:26:26.784 edge /static/style.css status=200 upstream=B rt_ms=179 bytes=38766
2026-03-14 02:26:27.675 edge /api/orders status=200 upstream=B rt_ms=224 bytes=4735
2026-03-14 02:26:29.725 edge /static/style.css status=200 upstream=B rt_ms=288 bytes=27043
2026-03-14 02:26:30.066 edge /healthz status=200 upstream=B rt_ms=49 bytes=1116
2026-03-14 02:26:32.676 edge /api/orders status=200 upstream=B rt_ms=178 bytes=28903
2026-03-14 02:26:34.730 edge /static/style.css status=200 upstream=B rt_ms=370 bytes=23222
2026-03-14 02:26:36.363 edge / status=404 upstream=B rt_ms=37 bytes=26038
2026-03-14 02:26:37.513 edge /static/style.css status=200 upstream=B rt_ms=237 bytes=26193
2026-03-14 02:26:38.705 edge /api/orders status=200 upstream=B rt_ms=208 bytes=38746
2026-03-14 02:26:40.347 edge /api/events status=404 upstream=B rt_ms=161 bytes=4741
2026-03-14 02:26:41.451 edge / status=200 upstream=B rt_ms=214 bytes=1643
2026-03-14 02:26:43.179 edge /static/style.css status=200 upstream=B rt_ms=198 bytes=8415
2026-03-14 02:26:44.547 edge / status=200 upstream=B rt_ms=110 bytes=32347
2026-03-14 02:26:44.799 edge /api/events status=200 upstream=B rt_ms=84 bytes=16156
2026-03-14 02:26:46.308 edge /api/orders status=200 upstream=B rt_ms=200 bytes=10638
2026-03-14 02:26:46.905 edge /healthz status=200 upstream=B rt_ms=300 bytes=6885
2026-03-14 02:26:47.490 edge /api/events status=200 upstream=B rt_ms=270 bytes=12465
2026-03-14 02:26:47.803 edge /healthz status=200 upstream=B rt_ms=137 bytes=35617
2026-03-14 02:26:47.972 edge / status=200 upstream=B rt_ms=217 bytes=34997
2026-03-14 02:26:48.018 edge /api/events status=200 upstream=B rt_ms=327 bytes=10006
2026-03-14 02:26:49.153 edge / status=200 upstream=B rt_ms=39 bytes=22598
2026-03-14 02:26:49.651 edge / status=200 upstream=B rt_ms=135 bytes=4853
2026-03-14 02:26:49.755 edge /api/orders status=200 upstream=B rt_ms=358 bytes=30216
2026-03-14 02:26:50.280 edge /api/orders status=200 upstream=B rt_ms=115 bytes=32133
2026-03-14 02:26:50.943 edge /api/orders status=200 upstream=B rt_ms=324 bytes=25694
2026-03-14 02:26:51.770 edge /api/events status=200 upstream=B rt_ms=76 bytes=37578
2026-03-14 02:26:52.306 edge /static/style.css status=200 upstream=B rt_ms=191 bytes=21628
2026-03-14 02:26:55.889 edge /static/style.css status=200 upstream=B rt_ms=299 bytes=11290
2026-03-14 02:26:56.193 edge /healthz status=200 upstream=B rt_ms=378 bytes=30213
2026-03-14 02:26:56.460 edge /api/events status=200 upstream=B rt_ms=181 bytes=26761
2026-03-14 02:26:56.479 edge /api/orders status=200 upstream=B rt_ms=24 bytes=22109
2026-03-14 02:26:59.457 edge /api/orders status=200 upstream=B rt_ms=322 bytes=16606
2026-03-14 02:27:00.454 edge /static/style.css status=200 upstream=B rt_ms=119 bytes=4997
2026-03-14 02:27:02.021 edge /static/style.css status=500 upstream=B rt_ms=352 bytes=14800
2026-03-14 02:27:04.075 edge /api/orders status=200 upstream=B rt_ms=223 bytes=32187
2026-03-14 02:27:05.820 edge /static/style.css status=200 upstream=B rt_ms=3 bytes=16060
2026-03-14 02:27:05.821 edge / status=200 upstream=B rt_ms=129 bytes=8789
2026-03-14 02:27:06.181 edge /healthz status=200 upstream=B rt_ms=40 bytes=30356
2026-03-14 02:27:06.536 edge /healthz status=200 upstream=B rt_ms=28 bytes=14184
2026-03-14 02:27:06.593 edge /static/style.css status=200 upstream=B rt_ms=86 bytes=18672
2026-03-14 02:27:06.787 edge / status=200 upstream=B rt_ms=93 bytes=27930
2026-03-14 02:27:07.252 edge /static/style.css status=200 upstream=B rt_ms=199 bytes=28293
2026-03-14 02:27:08.424 edge /static/style.css status=200 upstream=B rt_ms=100 bytes=18713
2026-03-14 02:27:08.577 edge /api/orders status=200 upstream=B rt_ms=243 bytes=19885
2026-03-14 02:27:10.061 edge / status=200 upstream=B rt_ms=150 bytes=18929
2026-03-14 02:27:12.037 edge /api/orders status=200 upstream=B rt_ms=32 bytes=32562
2026-03-14 02:27:12.052 edge / status=200 upstream=B rt_ms=304 bytes=29652
2026-03-14 02:27:12.418 edge /api/orders status=200 upstream=B rt_ms=307 bytes=18327
2026-03-14 02:27:13.013 edge /api/events status=200 upstream=B rt_ms=135 bytes=5636
2026-03-14 02:27:15.134 edge /static/style.css status=200 upstream=B rt_ms=113 bytes=12980
2026-03-14 02:27:16.044 edge /api/events status=200 upstream=B rt_ms=377 bytes=15100
2026-03-14 02:27:17.603 edge /api/events status=200 upstream=B rt_ms=335 bytes=29362
2026-03-14 02:27:21.117 edge /healthz status=200 upstream=B rt_ms=69 bytes=2275
2026-03-14 02:27:21.877 edge /healthz status=200 upstream=B rt_ms=258 bytes=15105
2026-03-14 02:27:22.854 edge /healthz status=200 upstream=B rt_ms=41 bytes=27687
2026-03-14 02:27:23.091 edge /healthz status=200 upstream=B rt_ms=286 bytes=15051
2026-03-14 02:27:25.419 edge /api/events status=200 upstream=B rt_ms=34 bytes=35152
2026-03-14 02:27:26.257 edge /api/orders status=200 upstream=B rt_ms=123 bytes=12948
2026-03-14 02:27:29.401 edge / status=200 upstream=B rt_ms=384 bytes=29646
2026-03-14 02:27:29.472 edge /api/orders status=200 upstream=B rt_ms=35 bytes=31097
2026-03-14 02:27:30.095 edge /healthz status=200 upstream=B rt_ms=339 bytes=37873
2026-03-14 02:27:31.652 edge / status=200 upstream=B rt_ms=64 bytes=19528
2026-03-14 02:27:31.691 edge /api/orders status=200 upstream=B rt_ms=398 bytes=26952
2026-03-14 02:27:32.322 edge /healthz status=200 upstream=B rt_ms=290 bytes=29977
2026-03-14 02:27:32.991 edge /api/orders status=200 upstream=B rt_ms=286 bytes=14567
2026-03-14 02:27:33.062 edge /api/orders status=200 upstream=B rt_ms=97 bytes=20314
2026-03-14 02:27:33.698 edge /static/style.css status=200 upstream=B rt_ms=273 bytes=41107
2026-03-14 02:27:33.712 edge /static/style.css status=200 upstream=B rt_ms=62 bytes=17094
2026-03-14 02:27:35.160 edge /api/events status=200 upstream=B rt_ms=3 bytes=17930
2026-03-14 02:27:37.774 edge /api/events status=200 upstream=B rt_ms=155 bytes=20146
2026-03-14 02:27:38.005 edge /api/events status=200 upstream=B rt_ms=227 bytes=17264
2026-03-14 02:27:39.614 edge /static/style.css status=200 upstream=B rt_ms=23 bytes=32802
2026-03-14 02:27:40.115 edge /healthz status=200 upstream=B rt_ms=162 bytes=35928
2026-03-14 02:27:40.759 edge /api/events status=200 upstream=B rt_ms=235 bytes=6357
2026-03-14 02:27:41.510 edge /api/orders status=200 upstream=B rt_ms=51 bytes=27083
2026-03-14 02:27:42.732 edge /api/events status=200 upstream=B rt_ms=292 bytes=41213
2026-03-14 02:27:43.665 edge /static/style.css status=200 upstream=B rt_ms=146 bytes=2077
2026-03-14 02:27:44.705 edge /healthz status=200 upstream=B rt_ms=21 bytes=38101
2026-03-14 02:27:45.749 edge /api/orders status=200 upstream=B rt_ms=38 bytes=12582
2026-03-14 02:27:46.119 edge /api/orders status=200 upstream=B rt_ms=31 bytes=5290
2026-03-14 02:27:46.595 edge / status=200 upstream=B rt_ms=332 bytes=705
2026-03-14 02:27:46.716 edge /api/orders status=200 upstream=B rt_ms=14 bytes=10844
2026-03-14 02:27:46.794 edge /static/style.css status=500 upstream=B rt_ms=103 bytes=18149
2026-03-14 02:27:50.605 edge / status=200 upstream=B rt_ms=166 bytes=36493
2026-03-14 02:27:50.782 edge /static/style.css status=200 upstream=B rt_ms=104 bytes=13774
2026-03-14 02:27:50.924 edge /static/style.css status=200 upstream=B rt_ms=17 bytes=6281
2026-03-14 02:27:50.999 edge /healthz status=200 upstream=B rt_ms=63 bytes=38946
2026-03-14 02:27:55.839 edge /healthz status=200 upstream=B rt_ms=154 bytes=15895
2026-03-14 02:27:56.266 edge /api/events status=200 upstream=B rt_ms=36 bytes=12727
2026-03-14 02:27:58.035 edge / status=200 upstream=B rt_ms=393 bytes=3719
2026-03-14 02:28:02.799 edge / status=200 upstream=B rt_ms=206 bytes=15919
2026-03-14 02:28:02.909 edge /api/orders status=200 upstream=B rt_ms=348 bytes=2281
2026-03-14 02:28:04.788 edge /healthz status=200 upstream=B rt_ms=376 bytes=6274
2026-03-14 02:28:05.483 edge /static/style.css status=200 upstream=B rt_ms=280 bytes=3692
2026-03-14 02:28:06.268 edge /static/style.css status=200 upstream=B rt_ms=45 bytes=6258
2026-03-14 02:28:06.819 edge /static/style.css status=200 upstream=B rt_ms=5 bytes=1391
2026-03-14 02:28:15.827 edge /static/style.css status=200 upstream=B rt_ms=143 bytes=1858
2026-03-14 02:28:16.173 edge /static/style.css status=200 upstream=B rt_ms=296 bytes=35976
2026-03-14 02:28:17.839 edge /healthz status=200 upstream=B rt_ms=252 bytes=22090
2026-03-14 02:28:19.412 edge /static/style.css status=500 upstream=B rt_ms=91 bytes=19881
2026-03-14 02:28:23.487 edge /static/style.css status=200 upstream=B rt_ms=238 bytes=28877
2026-03-14 02:28:23.527 edge /api/events status=200 upstream=B rt_ms=378 bytes=5877
2026-03-14 02:28:24.121 edge / status=200 upstream=B rt_ms=118 bytes=29368
2026-03-14 02:28:24.528 edge /api/events status=200 upstream=B rt_ms=50 bytes=3381
2026-03-14 02:28:24.911 edge /static/style.css status=500 upstream=B rt_ms=255 bytes=27930
2026-03-14 02:28:26.643 edge /static/style.css status=200 upstream=B rt_ms=331 bytes=28691
2026-03-14 02:28:27.771 edge /api/events status=200 upstream=B rt_ms=312 bytes=13485
2026-03-14 02:28:29.953 edge /api/events status=200 upstream=B rt_ms=304 bytes=41841
2026-03-14 02:28:29.973 edge /static/style.css status=200 upstream=B rt_ms=60 bytes=29130
2026-03-14 02:28:30.587 edge /api/orders status=404 upstream=B rt_ms=32 bytes=33385
2026-03-14 02:28:32.738 edge /api/orders status=404 upstream=B rt_ms=62 bytes=11679
2026-03-14 02:28:32.937 edge /api/orders status=200 upstream=B rt_ms=44 bytes=13925
2026-03-14 02:28:34.656 edge /api/orders status=200 upstream=B rt_ms=133 bytes=32361
2026-03-14 02:28:35.281 edge /api/events status=200 upstream=B rt_ms=27 bytes=25076
2026-03-14 02:28:35.293 edge / status=200 upstream=B rt_ms=25 bytes=31272
2026-03-14 02:28:39.889 edge /api/orders status=200 upstream=B rt_ms=356 bytes=7618
2026-03-14 02:28:40.005 edge / status=200 upstream=B rt_ms=331 bytes=17918
2026-03-14 02:28:40.983 edge /healthz status=200 upstream=B rt_ms=86 bytes=39802
2026-03-14 02:28:41.436 edge / status=200 upstream=B rt_ms=138 bytes=38669
2026-03-14 02:28:43.334 edge / status=200 upstream=B rt_ms=100 bytes=15991
2026-03-14 02:28:43.688 edge /healthz status=200 upstream=B rt_ms=385 bytes=14121
2026-03-14 02:28:44.051 edge /api/events status=200 upstream=B rt_ms=40 bytes=18753
2026-03-14 02:28:46.917 edge /healthz status=200 upstream=B rt_ms=211 bytes=4155
2026-03-14 02:28:47.195 edge /static/style.css status=200 upstream=B rt_ms=13 bytes=41826
2026-03-14 02:28:47.405 edge /api/orders status=200 upstream=B rt_ms=296 bytes=27201
2026-03-14 02:28:48.066 edge /static/style.css status=200 upstream=B rt_ms=313 bytes=31632
2026-03-14 02:28:48.804 edge /static/style.css status=200 upstream=B rt_ms=128 bytes=16643
2026-03-14 02:28:49.000 edge /api/events status=200 upstream=B rt_ms=61 bytes=23742
2026-03-14 02:28:51.067 edge /api/orders status=200 upstream=B rt_ms=265 bytes=8558
2026-03-14 02:28:51.911 edge /static/style.css status=500 upstream=B rt_ms=55 bytes=17990
2026-03-14 02:28:52.004 edge /static/style.css status=200 upstream=B rt_ms=226 bytes=634
2026-03-14 02:28:52.161 edge /healthz status=200 upstream=B rt_ms=120 bytes=26109
2026-03-14 02:28:53.159 edge /api/orders status=200 upstream=B rt_ms=272 bytes=5241
2026-03-14 02:28:53.408 edge /healthz status=200 upstream=B rt_ms=154 bytes=11620
2026-03-14 02:28:53.976 edge /api/events status=200 upstream=B rt_ms=197 bytes=36536
2026-03-14 02:28:54.710 edge /api/events status=200 upstream=B rt_ms=185 bytes=39890
2026-03-14 02:28:55.078 edge /healthz status=200 upstream=B rt_ms=359 bytes=31046
2026-03-14 02:28:55.998 edge /static/style.css status=200 upstream=B rt_ms=63 bytes=34373
2026-03-14 02:28:58.484 edge /api/orders status=200 upstream=B rt_ms=129 bytes=9885
2026-03-14 02:28:59.738 edge / status=200 upstream=B rt_ms=111 bytes=35731
2026-03-14 02:29:00.716 edge /healthz status=200 upstream=B rt_ms=338 bytes=35399
2026-03-14 02:29:01.322 edge /api/orders status=200 upstream=B rt_ms=306 bytes=9745
2026-03-14 02:29:03.700 edge /api/orders status=200 upstream=B rt_ms=218 bytes=35620
2026-03-14 02:29:04.925 edge /healthz status=200 upstream=B rt_ms=166 bytes=7814
2026-03-14 02:29:05.576 edge /static/style.css status=200 upstream=B rt_ms=35 bytes=26842
2026-03-14 02:29:06.608 edge /healthz status=200 upstream=B rt_ms=126 bytes=14487
2026-03-14 02:29:07.051 edge /api/orders status=200 upstream=B rt_ms=237 bytes=26455
2026-03-14 02:29:07.738 edge /static/style.css status=404 upstream=B rt_ms=13 bytes=34826
2026-03-14 02:29:09.821 edge /healthz status=200 upstream=B rt_ms=46 bytes=40803
2026-03-14 02:29:10.525 edge / status=200 upstream=B rt_ms=30 bytes=26303
2026-03-14 02:29:11.040 edge /api/events status=200 upstream=B rt_ms=303 bytes=19493
2026-03-14 02:29:11.072 edge /static/style.css status=200 upstream=B rt_ms=198 bytes=27072
2026-03-14 02:29:11.109 edge /api/events status=200 upstream=B rt_ms=129 bytes=33614
2026-03-14 02:29:12.577 edge /healthz status=200 upstream=B rt_ms=330 bytes=28975
2026-03-14 02:29:13.473 edge /healthz status=200 upstream=B rt_ms=178 bytes=17418
2026-03-14 02:29:13.693 edge / status=200 upstream=B rt_ms=393 bytes=8661
2026-03-14 02:29:15.041 edge /static/style.css status=404 upstream=B rt_ms=393 bytes=5561
2026-03-14 02:29:15.124 edge /static/style.css status=404 upstream=B rt_ms=159 bytes=12927
2026-03-14 02:29:15.208 edge / status=200 upstream=B rt_ms=137 bytes=2346
2026-03-14 02:29:17.984 edge /api/events status=200 upstream=B rt_ms=298 bytes=19076
2026-03-14 02:29:18.335 edge /api/events status=200 upstream=B rt_ms=158 bytes=40179
2026-03-14 02:29:19.447 edge /api/events status=200 upstream=B rt_ms=311 bytes=9208
2026-03-14 02:29:21.340 edge / status=200 upstream=B rt_ms=70 bytes=3413
2026-03-14 02:29:21.489 edge /static/style.css status=200 upstream=B rt_ms=342 bytes=13296
2026-03-14 02:29:22.027 edge /static/style.css status=200 upstream=B rt_ms=267 bytes=28455
2026-03-14 02:29:22.425 edge /static/style.css status=200 upstream=B rt_ms=109 bytes=41569
2026-03-14 02:29:22.887 edge /healthz status=200 upstream=B rt_ms=56 bytes=33121
2026-03-14 02:29:23.604 edge /api/orders status=200 upstream=B rt_ms=235 bytes=13581
2026-03-14 02:29:24.319 edge /api/orders status=200 upstream=B rt_ms=178 bytes=10351
2026-03-14 02:29:26.424 edge / status=200 upstream=B rt_ms=190 bytes=27566
2026-03-14 02:29:26.527 edge /api/events status=200 upstream=B rt_ms=379 bytes=38572
2026-03-14 02:29:28.730 edge / status=200 upstream=B rt_ms=321 bytes=1886
2026-03-14 02:29:28.835 edge /static/style.css status=200 upstream=B rt_ms=89 bytes=1941
2026-03-14 02:29:29.359 edge /api/orders status=200 upstream=B rt_ms=327 bytes=10829
2026-03-14 02:29:31.798 edge /api/events status=200 upstream=B rt_ms=341 bytes=9983
2026-03-14 02:29:32.070 edge / status=200 upstream=B rt_ms=175 bytes=15059
2026-03-14 02:29:32.873 edge /static/style.css status=200 upstream=B rt_ms=29 bytes=19657
2026-03-14 02:29:36.845 edge /static/style.css status=200 upstream=B rt_ms=319 bytes=13281
2026-03-14 02:29:37.763 edge /api/events status=200 upstream=B rt_ms=75 bytes=10211
2026-03-14 02:29:38.297 edge /api/orders status=200 upstream=B rt_ms=132 bytes=35590
2026-03-14 02:29:40.031 edge /api/orders status=500 upstream=B rt_ms=233 bytes=20677
2026-03-14 02:29:40.524 edge /static/style.css status=200 upstream=B rt_ms=236 bytes=18837
2026-03-14 02:29:40.809 edge / status=200 upstream=B rt_ms=360 bytes=27224
2026-03-14 02:29:41.332 edge /api/events status=200 upstream=B rt_ms=29 bytes=6056
2026-03-14 02:29:41.653 edge /static/style.css status=200 upstream=B rt_ms=172 bytes=41505
2026-03-14 02:29:41.874 edge /healthz status=200 upstream=B rt_ms=202 bytes=24439
2026-03-14 02:29:43.913 edge /static/style.css status=500 upstream=B rt_ms=226 bytes=22863
2026-03-14 02:29:44.360 edge / status=200 upstream=B rt_ms=279 bytes=4006
2026-03-14 02:29:45.426 edge / status=200 upstream=B rt_ms=309 bytes=11968
2026-03-14 02:29:45.434 edge /api/events status=200 upstream=B rt_ms=10 bytes=27700
2026-03-14 02:29:45.548 edge /api/orders status=200 upstream=B rt_ms=127 bytes=20440
2026-03-14 02:29:46.399 edge /healthz status=404 upstream=B rt_ms=314 bytes=15574
2026-03-14 02:29:48.084 edge /api/orders status=200 upstream=B rt_ms=31 bytes=31355
2026-03-14 02:29:55.061 edge /static/style.css status=200 upstream=B rt_ms=291 bytes=33172
2026-03-14 02:29:57.136 edge /api/orders status=200 upstream=B rt_ms=276 bytes=22616
2026-03-14 02:29:59.094 edge /static/style.css status=500 upstream=B rt_ms=83 bytes=21488
2026-03-14 02:30:00.205 edge / status=200 upstream=B rt_ms=77 bytes=25493
2026-03-14 02:30:01.240 edge /api/orders status=200 upstream=B rt_ms=224 bytes=32049
2026-03-14 02:30:01.544 edge /healthz status=200 upstream=B rt_ms=19 bytes=37650
2026-03-14 02:30:04.242 edge /healthz status=200 upstream=B rt_ms=237 bytes=28104
2026-03-14 02:30:04.789 edge /static/style.css status=200 upstream=B rt_ms=275 bytes=14300
2026-03-14 02:30:07.812 edge / status=200 upstream=B rt_ms=52 bytes=16894
2026-03-14 02:30:08.403 edge /healthz status=200 upstream=B rt_ms=397 bytes=1544
2026-03-14 02:30:10.267 edge /static/style.css status=200 upstream=B rt_ms=153 bytes=15224
2026-03-14 02:30:11.174 edge /healthz status=200 upstream=B rt_ms=363 bytes=33181
2026-03-14 02:30:12.208 edge /static/style.css status=200 upstream=B rt_ms=49 bytes=31693
2026-03-14 02:30:14.354 edge /api/events status=200 upstream=B rt_ms=152 bytes=6298
2026-03-14 02:30:14.583 edge / status=500 upstream=B rt_ms=248 bytes=36209
2026-03-14 02:30:14.627 edge / status=200 upstream=B rt_ms=285 bytes=6256
2026-03-14 02:30:14.665 edge /static/style.css status=200 upstream=B rt_ms=168 bytes=1572
2026-03-14 02:30:16.607 edge /healthz status=200 upstream=B rt_ms=309 bytes=19307
2026-03-14 02:30:16.952 edge / status=200 upstream=B rt_ms=268 bytes=11188
2026-03-14 02:30:17.454 edge /healthz status=200 upstream=B rt_ms=79 bytes=32430
2026-03-14 02:30:22.656 edge / status=200 upstream=B rt_ms=227 bytes=36108
2026-03-14 02:30:23.431 edge /healthz status=200 upstream=B rt_ms=22 bytes=35629
2026-03-14 02:30:26.051 edge /api/orders status=200 upstream=B rt_ms=125 bytes=37481
2026-03-14 02:30:27.208 edge /api/events status=200 upstream=B rt_ms=170 bytes=30269
2026-03-14 02:30:27.838 edge /healthz status=200 upstream=B rt_ms=182 bytes=9708
2026-03-14 02:30:28.038 edge /api/orders status=200 upstream=B rt_ms=238 bytes=17618
2026-03-14 02:30:29.733 edge / status=200 upstream=B rt_ms=6 bytes=39523
2026-03-14 02:30:30.253 edge /api/events status=200 upstream=B rt_ms=287 bytes=24963
2026-03-14 02:30:32.929 edge / status=200 upstream=B rt_ms=349 bytes=17456
2026-03-14 02:30:32.986 edge / status=500 upstream=B rt_ms=136 bytes=7329
2026-03-14 02:30:35.507 edge /static/style.css status=200 upstream=B rt_ms=36 bytes=10433
2026-03-14 02:30:37.737 edge / status=200 upstream=B rt_ms=200 bytes=14247
2026-03-14 02:30:37.866 edge /api/events status=200 upstream=B rt_ms=50 bytes=14143
2026-03-14 02:30:38.940 edge /api/events status=200 upstream=B rt_ms=103 bytes=16428
2026-03-14 02:30:40.301 edge /healthz status=200 upstream=B rt_ms=12 bytes=7800
2026-03-14 02:30:42.254 edge /api/orders status=200 upstream=B rt_ms=257 bytes=30543
2026-03-14 02:30:44.232 edge /api/events status=200 upstream=B rt_ms=369 bytes=17738
2026-03-14 02:30:44.825 edge /static/style.css status=404 upstream=B rt_ms=248 bytes=36520
2026-03-14 02:30:46.038 edge / status=200 upstream=B rt_ms=115 bytes=2806
2026-03-14 02:30:46.162 edge /api/orders status=404 upstream=B rt_ms=356 bytes=25955
2026-03-14 02:30:46.601 edge /api/orders status=200 upstream=B rt_ms=187 bytes=12308
2026-03-14 02:30:47.940 edge /static/style.css status=200 upstream=B rt_ms=295 bytes=844
2026-03-14 02:30:49.713 edge /static/style.css status=200 upstream=B rt_ms=118 bytes=21161
2026-03-14 02:30:50.376 edge / status=200 upstream=B rt_ms=55 bytes=30666
2026-03-14 02:30:51.135 edge /healthz status=200 upstream=B rt_ms=234 bytes=28444
2026-03-14 02:30:55.614 edge /api/orders status=200 upstream=B rt_ms=274 bytes=7946
2026-03-14 02:30:56.031 edge /healthz status=200 upstream=B rt_ms=246 bytes=36226
2026-03-14 02:30:56.436 edge /api/orders status=200 upstream=B rt_ms=200 bytes=1176
2026-03-14 02:30:56.720 edge /healthz status=200 upstream=B rt_ms=66 bytes=4352
2026-03-14 02:30:57.603 edge /api/orders status=200 upstream=B rt_ms=200 bytes=10160
2026-03-14 02:30:58.383 edge /healthz status=200 upstream=B rt_ms=380 bytes=37121
2026-03-14 02:30:58.555 edge /healthz status=200 upstream=B rt_ms=335 bytes=29532
2026-03-14 02:30:58.582 edge /healthz status=200 upstream=B rt_ms=345 bytes=7029
2026-03-14 02:30:59.754 edge /healthz status=200 upstream=B rt_ms=99 bytes=3119
2026-03-14 02:31:00.017 edge event=deploy marker=router-config-v7 pushed_by=ci
2026-03-14 02:31:00.941 edge /api/orders status=200 upstream=B rt_ms=116 bytes=8164
2026-03-14 02:31:02.297 edge /healthz status=200 upstream=B rt_ms=9 bytes=39932
2026-03-14 02:31:03.141 edge /api/orders status=200 upstream=B rt_ms=177 bytes=8888
2026-03-14 02:31:04.561 edge /healthz status=200 upstream=B rt_ms=384 bytes=15780
2026-03-14 02:31:05.478 edge /api/events status=200 upstream=B rt_ms=383 bytes=18652
2026-03-14 02:31:05.585 edge /api/events status=200 upstream=B rt_ms=215 bytes=38715
2026-03-14 02:31:07.670 edge /api/events status=404 upstream=B rt_ms=231 bytes=20103
2026-03-14 02:31:09.455 edge /healthz status=200 upstream=B rt_ms=291 bytes=22223
2026-03-14 02:31:11.592 edge /api/orders status=200 upstream=B rt_ms=368 bytes=41957
2026-03-14 02:31:11.622 edge /api/orders status=200 upstream=B rt_ms=266 bytes=6375
2026-03-14 02:31:13.461 edge /static/style.css status=200 upstream=B rt_ms=147 bytes=24638
2026-03-14 02:31:13.718 edge / status=200 upstream=B rt_ms=55 bytes=25456
2026-03-14 02:31:14.031 edge / status=200 upstream=B rt_ms=21 bytes=31577
2026-03-14 02:31:14.656 edge /api/orders status=200 upstream=B rt_ms=302 bytes=10754
2026-03-14 02:31:14.691 edge /api/orders status=200 upstream=B rt_ms=160 bytes=26397
2026-03-14 02:31:14.763 edge /static/style.css status=200 upstream=B rt_ms=328 bytes=19019
2026-03-14 02:31:15.358 edge /api/events status=200 upstream=B rt_ms=232 bytes=33716
2026-03-14 02:31:15.776 edge /api/orders status=404 upstream=B rt_ms=336 bytes=25816
2026-03-14 02:31:16.351 edge / status=200 upstream=B rt_ms=143 bytes=3914
2026-03-14 02:31:16.893 edge / status=200 upstream=B rt_ms=241 bytes=32118
2026-03-14 02:31:18.654 edge / status=200 upstream=B rt_ms=294 bytes=15560
2026-03-14 02:31:19.732 edge / status=200 upstream=B rt_ms=136 bytes=8360
2026-03-14 02:31:21.358 edge /api/orders status=500 upstream=B rt_ms=181 bytes=36436
2026-03-14 02:31:23.070 edge / status=200 upstream=B rt_ms=165 bytes=11429
2026-03-14 02:31:23.465 edge /api/orders status=200 upstream=B rt_ms=323 bytes=7041
2026-03-14 02:31:23.885 edge /static/style.css status=200 upstream=B rt_ms=177 bytes=12813
2026-03-14 02:31:24.117 edge /api/events status=200 upstream=B rt_ms=395 bytes=34716
2026-03-14 02:31:24.730 edge /static/style.css status=200 upstream=B rt_ms=116 bytes=1271
2026-03-14 02:31:24.908 edge /api/events status=200 upstream=B rt_ms=107 bytes=7582
2026-03-14 02:31:25.215 edge /static/style.css status=200 upstream=B rt_ms=122 bytes=35934
2026-03-14 02:31:25.241 edge /api/events status=200 upstream=B rt_ms=2 bytes=9341
2026-03-14 02:31:25.734 edge /api/orders status=200 upstream=B rt_ms=106 bytes=1989
2026-03-14 02:31:26.043 edge / status=404 upstream=B rt_ms=330 bytes=15764
2026-03-14 02:31:26.289 edge /static/style.css status=200 upstream=B rt_ms=316 bytes=24754
2026-03-14 02:31:26.368 edge /static/style.css status=200 upstream=B rt_ms=350 bytes=32307
2026-03-14 02:31:26.720 edge /api/events status=200 upstream=B rt_ms=97 bytes=18341
2026-03-14 02:31:31.104 edge / status=200 upstream=B rt_ms=249 bytes=7003
2026-03-14 02:31:31.159 edge / status=200 upstream=B rt_ms=14 bytes=32419
2026-03-14 02:31:31.438 edge /healthz status=200 upstream=B rt_ms=346 bytes=33346
2026-03-14 02:31:34.429 edge / status=200 upstream=B rt_ms=248 bytes=38273
2026-03-14 02:31:34.611 edge /static/style.css status=200 upstream=B rt_ms=228 bytes=25650
2026-03-14 02:31:36.284 edge /api/orders status=200 upstream=B rt_ms=364 bytes=2050
2026-03-14 02:31:36.416 edge /api/events status=200 upstream=B rt_ms=295 bytes=25211
2026-03-14 02:31:38.768 edge /static/style.css status=200 upstream=B rt_ms=163 bytes=6827
2026-03-14 02:31:40.489 edge /healthz status=200 upstream=B rt_ms=334 bytes=4246
2026-03-14 02:31:41.316 edge /api/orders status=200 upstream=B rt_ms=369 bytes=5776
2026-03-14 02:31:42.387 edge /healthz status=500 upstream=B rt_ms=244 bytes=34777
2026-03-14 02:31:42.762 edge /api/events status=200 upstream=B rt_ms=215 bytes=3927
2026-03-14 02:31:43.189 edge /healthz status=200 upstream=B rt_ms=308 bytes=7485
2026-03-14 02:31:43.510 edge /healthz status=200 upstream=B rt_ms=2 bytes=23164
2026-03-14 02:31:43.699 edge /static/style.css status=200 upstream=B rt_ms=324 bytes=13644
2026-03-14 02:31:43.768 edge / status=200 upstream=B rt_ms=259 bytes=7465
2026-03-14 02:31:44.012 edge /api/orders status=200 upstream=B rt_ms=92 bytes=2107
2026-03-14 02:31:47.390 edge /api/orders status=200 upstream=B rt_ms=339 bytes=28572
2026-03-14 02:31:47.655 edge /healthz status=200 upstream=B rt_ms=304 bytes=18979
2026-03-14 02:31:49.417 edge /api/orders status=200 upstream=B rt_ms=160 bytes=7526
2026-03-14 02:31:49.662 edge /healthz status=200 upstream=B rt_ms=145 bytes=27648
2026-03-14 02:31:49.798 edge /static/style.css status=200 upstream=B rt_ms=323 bytes=25110
2026-03-14 02:31:50.002 edge / status=200 upstream=B rt_ms=22 bytes=7815
2026-03-14 02:31:50.393 edge /api/orders status=200 upstream=B rt_ms=347 bytes=34478
2026-03-14 02:31:50.979 edge /api/events status=200 upstream=B rt_ms=88 bytes=20578
2026-03-14 02:31:51.105 edge /api/events status=200 upstream=B rt_ms=348 bytes=8129
2026-03-14 02:31:52.622 edge /healthz status=200 upstream=B rt_ms=199 bytes=38065
2026-03-14 02:31:52.751 edge /api/events status=404 upstream=B rt_ms=133 bytes=38390
2026-03-14 02:31:53.092 edge /api/events status=200 upstream=B rt_ms=324 bytes=10992
2026-03-14 02:31:53.188 edge / status=200 upstream=B rt_ms=330 bytes=15709
2026-03-14 02:31:53.281 edge /api/events status=200 upstream=B rt_ms=365 bytes=23922
2026-03-14 02:31:54.340 edge / status=200 upstream=B rt_ms=38 bytes=16767
2026-03-14 02:31:55.378 edge /healthz status=200 upstream=B rt_ms=289 bytes=32284
2026-03-14 02:31:55.460 edge /api/orders status=200 upstream=B rt_ms=146 bytes=14627
2026-03-14 02:31:56.721 edge /api/events status=200 upstream=B rt_ms=96 bytes=5204
2026-03-14 02:31:57.799 edge / status=200 upstream=B rt_ms=213 bytes=29714
2026-03-14 02:32:00.209 edge /api/orders status=200 upstream=B rt_ms=240 bytes=4162
2026-03-14 02:32:00.528 edge /healthz status=200 upstream=B rt_ms=92 bytes=5440
2026-03-14 02:32:00.863 edge /api/events status=200 upstream=B rt_ms=59 bytes=27580
2026-03-14 02:32:01.516 edge /healthz status=200 upstream=B rt_ms=187 bytes=19969
2026-03-14 02:32:01.986 edge /api/events status=200 upstream=B rt_ms=91 bytes=9246
2026-03-14 02:32:04.150 edge /api/orders status=200 upstream=B rt_ms=294 bytes=30950
2026-03-14 02:32:05.158 edge / status=500 upstream=B rt_ms=233 bytes=29264
2026-03-14 02:32:05.203 edge /api/events status=200 upstream=B rt_ms=24 bytes=4710
2026-03-14 02:32:06.807 edge / status=200 upstream=B rt_ms=162 bytes=7266
2026-03-14 02:32:07.229 edge /static/style.css status=404 upstream=B rt_ms=230 bytes=30022
2026-03-14 02:32:07.740 edge / status=200 upstream=B rt_ms=35 bytes=12261
2026-03-14 02:32:08.960 edge /api/events status=200 upstream=B rt_ms=199 bytes=27223
2026-03-14 02:32:09.791 edge /api/events status=200 upstream=B rt_ms=89 bytes=16459
2026-03-14 02:32:09.942 edge / status=200 upstream=B rt_ms=252 bytes=8334
2026-03-14 02:32:11.002 edge /api/orders status=200 upstream=B rt_ms=313 bytes=21181
2026-03-14 02:32:12.108 edge /healthz status=200 upstream=B rt_ms=153 bytes=34276
2026-03-14 02:32:12.576 edge / status=500 upstream=B rt_ms=13 bytes=6827
2026-03-14 02:32:12.796 edge /healthz status=200 upstream=B rt_ms=13 bytes=15600
2026-03-14 02:32:18.825 edge /api/events status=200 upstream=B rt_ms=163 bytes=12040
2026-03-14 02:32:19.160 edge /static/style.css status=200 upstream=B rt_ms=305 bytes=8257
2026-03-14 02:32:21.054 edge / status=200 upstream=B rt_ms=391 bytes=24583
2026-03-14 02:32:23.879 edge /static/style.css status=200 upstream=B rt_ms=37 bytes=41827
2026-03-14 02:32:24.642 edge /healthz status=500 upstream=B rt_ms=270 bytes=39233
2026-03-14 02:32:24.647 edge /static/style.css status=200 upstream=B rt_ms=384 bytes=38531
2026-03-14 02:32:25.303 edge /static/style.css status=200 upstream=B rt_ms=335 bytes=3446
2026-03-14 02:32:27.082 edge /api/events status=200 upstream=B rt_ms=191 bytes=4246
2026-03-14 02:32:29.127 edge /api/orders status=200 upstream=B rt_ms=360 bytes=20888
2026-03-14 02:32:29.183 edge /api/orders status=200 upstream=B rt_ms=397 bytes=29868
2026-03-14 02:32:31.885 edge /healthz status=200 upstream=B rt_ms=108 bytes=12451
2026-03-14 02:32:32.833 edge / status=404 upstream=B rt_ms=197 bytes=9776
2026-03-14 02:32:33.645 edge /static/style.css status=200 upstream=B rt_ms=377 bytes=17401
2026-03-14 02:32:34.000 edge /api/orders status=200 upstream=B rt_ms=253 bytes=11517
2026-03-14 02:32:34.556 edge /healthz status=200 upstream=B rt_ms=327 bytes=9194
2026-03-14 02:32:34.664 edge /healthz status=200 upstream=B rt_ms=306 bytes=16064
2026-03-14 02:32:34.831 edge / status=200 upstream=B rt_ms=269 bytes=16357
2026-03-14 02:32:35.461 edge /api/events status=200 upstream=B rt_ms=125 bytes=847
2026-03-14 02:32:35.874 edge /healthz status=200 upstream=B rt_ms=287 bytes=5713
2026-03-14 02:32:36.065 edge /static/style.css status=200 upstream=B rt_ms=311 bytes=39425
2026-03-14 02:32:38.411 edge /api/orders status=200 upstream=B rt_ms=224 bytes=27241
2026-03-14 02:32:38.795 edge /healthz status=200 upstream=B rt_ms=88 bytes=13606
2026-03-14 02:32:40.373 edge /healthz status=200 upstream=B rt_ms=18 bytes=5024
2026-03-14 02:32:40.396 edge /api/orders status=200 upstream=B rt_ms=40 bytes=8654
2026-03-14 02:32:41.645 edge /api/orders status=200 upstream=B rt_ms=7 bytes=6115
2026-03-14 02:32:41.846 edge /healthz status=200 upstream=B rt_ms=114 bytes=18238
2026-03-14 02:32:42.701 edge /static/style.css status=200 upstream=B rt_ms=119 bytes=35019
2026-03-14 02:32:43.756 edge /healthz status=200 upstream=B rt_ms=94 bytes=21052
2026-03-14 02:32:44.110 edge / status=200 upstream=B rt_ms=261 bytes=27704
2026-03-14 02:32:44.488 edge /healthz status=200 upstream=B rt_ms=92 bytes=26386
2026-03-14 02:32:45.110 edge /static/style.css status=200 upstream=B rt_ms=351 bytes=13284
2026-03-14 02:32:45.869 edge /api/orders status=200 upstream=B rt_ms=150 bytes=10719
2026-03-14 02:32:46.128 edge / status=200 upstream=B rt_ms=131 bytes=10559
2026-03-14 02:32:46.989 edge /api/orders status=200 upstream=B rt_ms=396 bytes=657
2026-03-14 02:32:47.771 edge / status=200 upstream=B rt_ms=103 bytes=25754
2026-03-14 02:32:48.537 edge / status=200 upstream=B rt_ms=346 bytes=34972
2026-03-14 02:32:49.469 edge /api/orders status=200 upstream=B rt_ms=168 bytes=34052
2026-03-14 02:32:52.627 edge /healthz status=200 upstream=B rt_ms=121 bytes=10929
2026-03-14 02:32:52.995 edge /static/style.css status=200 upstream=B rt_ms=65 bytes=23709
2026-03-14 02:32:54.652 edge /api/events status=200 upstream=B rt_ms=290 bytes=25183
2026-03-14 02:32:56.090 edge /api/events status=200 upstream=B rt_ms=162 bytes=37617
2026-03-14 02:32:56.272 edge /api/orders status=200 upstream=B rt_ms=140 bytes=11528
2026-03-14 02:32:56.426 edge /api/events status=200 upstream=B rt_ms=170 bytes=27502
2026-03-14 02:32:56.865 edge /api/events status=200 upstream=B rt_ms=38 bytes=19261
2026-03-14 02:32:59.203 edge /healthz status=200 upstream=B rt_ms=206 bytes=33429
2026-03-14 02:32:59.442 edge / status=200 upstream=B rt_ms=208 bytes=32212
2026-03-14 02:33:00.351 edge /api/events status=200 upstream=B rt_ms=210 bytes=30789
2026-03-14 02:33:00.781 edge /api/orders status=200 upstream=B rt_ms=36 bytes=15890
2026-03-14 02:33:03.210 edge /healthz status=502 upstream=B rt_ms=113 bytes=34914
2026-03-14 02:33:05.263 edge /healthz status=200 upstream=B rt_ms=385 bytes=41471
2026-03-14 02:33:05.355 edge /static/style.css status=200 upstream=B rt_ms=223 bytes=3591
2026-03-14 02:33:05.507 edge /api/orders status=200 upstream=B rt_ms=289 bytes=1537
2026-03-14 02:33:05.867 edge /api/events status=200 upstream=B rt_ms=221 bytes=33995
2026-03-14 02:33:05.901 edge / status=200 upstream=B rt_ms=26 bytes=31405
2026-03-14 02:33:06.651 edge /static/style.css status=200 upstream=B rt_ms=250 bytes=9354
2026-03-14 02:33:07.121 edge /api/orders status=502 upstream=B rt_ms=194 bytes=13135
2026-03-14 02:33:12.374 edge /api/orders status=200 upstream=B rt_ms=70 bytes=2696
2026-03-14 02:33:13.514 edge /api/events status=404 upstream=B rt_ms=176 bytes=33246
2026-03-14 02:33:13.790 edge /healthz status=502 upstream=B rt_ms=273 bytes=7146
2026-03-14 02:33:15.300 edge /static/style.css status=502 upstream=B rt_ms=7 bytes=16870
2026-03-14 02:33:16.079 edge / status=200 upstream=B rt_ms=246 bytes=36345
2026-03-14 02:33:20.191 edge /api/orders status=200 upstream=B rt_ms=51 bytes=13962
2026-03-14 02:33:20.614 edge /api/orders status=502 upstream=B rt_ms=231 bytes=30644
2026-03-14 02:33:21.420 edge /api/orders status=502 upstream=B rt_ms=335 bytes=3254
2026-03-14 02:33:22.230 edge /api/orders status=200 upstream=B rt_ms=161 bytes=35824
2026-03-14 02:33:23.799 edge /static/style.css status=502 upstream=B rt_ms=194 bytes=40109
2026-03-14 02:33:24.548 edge / status=502 upstream=B rt_ms=117 bytes=17903
2026-03-14 02:33:24.552 edge / status=502 upstream=B rt_ms=246 bytes=24013
2026-03-14 02:33:24.866 edge / status=502 upstream=B rt_ms=167 bytes=37536
2026-03-14 02:33:25.321 edge /api/orders status=502 upstream=B rt_ms=153 bytes=10067
2026-03-14 02:33:26.660 edge /api/events status=500 upstream=B rt_ms=210 bytes=17991
2026-03-14 02:33:27.652 edge / status=200 upstream=B rt_ms=73 bytes=2746
2026-03-14 02:33:27.783 edge /api/events status=200 upstream=B rt_ms=310 bytes=15137
2026-03-14 02:33:28.510 edge /api/events status=200 upstream=B rt_ms=282 bytes=1392
2026-03-14 02:33:28.582 edge / status=502 upstream=B rt_ms=192 bytes=29437
2026-03-14 02:33:30.787 edge /api/events status=502 upstream=B rt_ms=273 bytes=40129
2026-03-14 02:33:31.164 edge /api/events status=200 upstream=B rt_ms=389 bytes=28380
2026-03-14 02:33:33.780 edge /api/orders status=502 upstream=B rt_ms=221 bytes=14056
2026-03-14 02:33:34.322 edge /api/events status=502 upstream=B rt_ms=42 bytes=34068
2026-03-14 02:33:35.584 edge /healthz status=200 upstream=B rt_ms=87 bytes=41667
2026-03-14 02:33:35.738 edge /static/style.css status=500 upstream=B rt_ms=131 bytes=34548
2026-03-14 02:33:38.513 edge /healthz status=502 upstream=B rt_ms=166 bytes=7789
2026-03-14 02:33:40.766 edge /api/events status=502 upstream=B rt_ms=330 bytes=3769
2026-03-14 02:33:44.121 edge /static/style.css status=502 upstream=B rt_ms=117 bytes=1656
2026-03-14 02:33:44.504 edge /api/orders status=200 upstream=B rt_ms=102 bytes=7344
2026-03-14 02:33:45.353 edge /healthz status=502 upstream=B rt_ms=196 bytes=13344
2026-03-14 02:33:49.094 edge / status=200 upstream=B rt_ms=366 bytes=37278
2026-03-14 02:33:49.323 edge /api/orders status=200 upstream=B rt_ms=31 bytes=39264
2026-03-14 02:33:50.232 edge /api/events status=200 upstream=B rt_ms=160 bytes=19458
2026-03-14 02:33:53.559 edge /api/events status=200 upstream=B rt_ms=43 bytes=27670
2026-03-14 02:33:53.673 edge /healthz status=502 upstream=B rt_ms=396 bytes=24030
2026-03-14 02:33:56.054 edge /api/events status=502 upstream=B rt_ms=345 bytes=17338
2026-03-14 02:33:57.471 edge /api/events status=502 upstream=B rt_ms=334 bytes=13310
2026-03-14 02:33:59.306 edge / status=200 upstream=B rt_ms=42 bytes=40059
2026-03-14 02:34:01.282 edge /healthz status=200 upstream=B rt_ms=243 bytes=37837
2026-03-14 02:34:01.780 edge /api/events status=200 upstream=B rt_ms=35 bytes=2764
2026-03-14 02:34:02.128 edge /api/orders status=404 upstream=B rt_ms=117 bytes=23319
2026-03-14 02:34:02.251 edge /api/events status=404 upstream=B rt_ms=293 bytes=10633
2026-03-14 02:34:02.581 edge /api/events status=502 upstream=B rt_ms=246 bytes=25000
2026-03-14 02:34:03.673 edge /static/style.css status=502 upstream=B rt_ms=144 bytes=35298
2026-03-14 02:34:03.788 edge /api/orders status=200 upstream=B rt_ms=257 bytes=29066
2026-03-14 02:34:08.839 edge /healthz status=200 upstream=B rt_ms=320 bytes=5598
2026-03-14 02:34:09.570 edge / status=200 upstream=B rt_ms=311 bytes=33530
2026-03-14 02:34:10.635 edge /static/style.css status=200 upstream=B rt_ms=286 bytes=31505
2026-03-14 02:34:11.614 edge /api/orders status=200 upstream=B rt_ms=382 bytes=34909
2026-03-14 02:34:12.904 edge / status=200 upstream=B rt_ms=172 bytes=21886
2026-03-14 02:34:13.603 edge /api/orders status=502 upstream=B rt_ms=155 bytes=32905
2026-03-14 02:34:14.346 edge / status=200 upstream=B rt_ms=277 bytes=14105
2026-03-14 02:34:18.242 edge /api/events status=200 upstream=B rt_ms=152 bytes=13199
2026-03-14 02:34:18.269 edge /api/orders status=200 upstream=B rt_ms=357 bytes=35659
2026-03-14 02:34:19.542 edge /healthz status=200 upstream=B rt_ms=130 bytes=1819
2026-03-14 02:34:20.031 edge /api/events status=502 upstream=B rt_ms=4 bytes=3168
2026-03-14 02:34:20.581 edge /api/events status=200 upstream=B rt_ms=254 bytes=21566
2026-03-14 02:34:22.475 edge /api/orders status=502 upstream=B rt_ms=55 bytes=16666
2026-03-14 02:34:23.365 edge /api/events status=502 upstream=B rt_ms=38 bytes=19024
2026-03-14 02:34:23.894 edge /api/orders status=502 upstream=B rt_ms=225 bytes=19788
2026-03-14 02:34:25.283 edge /healthz status=502 upstream=B rt_ms=156 bytes=20257
2026-03-14 02:34:25.729 edge /healthz status=200 upstream=B rt_ms=50 bytes=5675
2026-03-14 02:34:28.465 edge /api/orders status=200 upstream=B rt_ms=334 bytes=4524
2026-03-14 02:34:29.131 edge /api/orders status=200 upstream=B rt_ms=214 bytes=40501
2026-03-14 02:34:31.359 edge /static/style.css status=200 upstream=B rt_ms=244 bytes=29842
2026-03-14 02:34:32.953 edge /healthz status=200 upstream=B rt_ms=46 bytes=17395
2026-03-14 02:34:33.148 edge /static/style.css status=200 upstream=B rt_ms=354 bytes=9927
2026-03-14 02:34:34.787 edge /api/events status=502 upstream=B rt_ms=70 bytes=36676
2026-03-14 02:34:35.323 edge /static/style.css status=502 upstream=B rt_ms=256 bytes=1546
2026-03-14 02:34:36.513 edge / status=200 upstream=B rt_ms=17 bytes=10090
2026-03-14 02:34:36.947 edge /healthz status=502 upstream=B rt_ms=288 bytes=28996
2026-03-14 02:34:37.352 edge /static/style.css status=200 upstream=B rt_ms=274 bytes=34809
2026-03-14 02:34:38.287 edge /api/orders status=502 upstream=B rt_ms=356 bytes=31951
2026-03-14 02:34:40.525 edge /static/style.css status=200 upstream=B rt_ms=51 bytes=29759
2026-03-14 02:34:40.562 edge /static/style.css status=502 upstream=B rt_ms=372 bytes=5786
2026-03-14 02:34:41.144 edge /healthz status=502 upstream=B rt_ms=376 bytes=21171
2026-03-14 02:34:41.589 edge /healthz status=502 upstream=B rt_ms=28 bytes=15821
2026-03-14 02:34:41.608 edge /static/style.css status=200 upstream=B rt_ms=141 bytes=1567
2026-03-14 02:34:43.118 edge /api/events status=502 upstream=B rt_ms=307 bytes=35491
2026-03-14 02:34:43.400 edge /api/events status=200 upstream=B rt_ms=390 bytes=1778
2026-03-14 02:34:45.020 edge / status=502 upstream=B rt_ms=317 bytes=13336
2026-03-14 02:34:47.931 edge /api/events status=200 upstream=B rt_ms=278 bytes=7770
2026-03-14 02:34:48.121 edge /healthz status=502 upstream=B rt_ms=151 bytes=4598
2026-03-14 02:34:48.204 edge / status=200 upstream=B rt_ms=311 bytes=6871
2026-03-14 02:34:49.060 edge /api/orders status=200 upstream=B rt_ms=257 bytes=17331
2026-03-14 02:34:51.254 edge /api/orders status=200 upstream=B rt_ms=165 bytes=11355
2026-03-14 02:34:51.322 edge /static/style.css status=200 upstream=B rt_ms=323 bytes=34066
2026-03-14 02:34:52.532 edge /static/style.css status=200 upstream=B rt_ms=380 bytes=37896
2026-03-14 02:34:53.031 edge /api/orders status=200 upstream=B rt_ms=294 bytes=21301
2026-03-14 02:34:54.267 edge /static/style.css status=200 upstream=B rt_ms=54 bytes=35957
2026-03-14 02:34:55.405 edge /api/orders status=500 upstream=B rt_ms=160 bytes=37827
2026-03-14 02:34:56.009 edge /api/events status=502 upstream=B rt_ms=284 bytes=33373
2026-03-14 02:34:56.156 edge /healthz status=200 upstream=B rt_ms=392 bytes=209
2026-03-14 02:34:56.434 edge /api/orders status=200 upstream=B rt_ms=302 bytes=704
2026-03-14 02:34:57.941 edge / status=200 upstream=B rt_ms=282 bytes=37714
2026-03-14 02:34:58.634 edge /healthz status=200 upstream=B rt_ms=320 bytes=27689
2026-03-14 02:35:00.529 edge /api/orders status=502 upstream=B rt_ms=103 bytes=21781
2026-03-14 02:35:01.509 edge /healthz status=200 upstream=B rt_ms=108 bytes=13116
2026-03-14 02:35:01.528 edge / status=200 upstream=B rt_ms=98 bytes=20942
2026-03-14 02:35:03.440 edge / status=500 upstream=B rt_ms=220 bytes=3198
2026-03-14 02:35:03.710 edge /api/orders status=502 upstream=B rt_ms=278 bytes=4637
2026-03-14 02:35:04.368 edge /api/orders status=502 upstream=B rt_ms=174 bytes=26376
2026-03-14 02:35:05.414 edge /healthz status=200 upstream=B rt_ms=351 bytes=15540
2026-03-14 02:35:07.176 edge /static/style.css status=200 upstream=B rt_ms=266 bytes=13866
2026-03-14 02:35:10.619 edge /api/orders status=200 upstream=B rt_ms=391 bytes=9190
2026-03-14 02:35:10.672 edge / status=502 upstream=B rt_ms=204 bytes=34075
2026-03-14 02:35:11.084 edge /api/orders status=200 upstream=B rt_ms=337 bytes=37203
2026-03-14 02:35:12.451 edge /api/events status=502 upstream=B rt_ms=142 bytes=7764
2026-03-14 02:35:12.710 edge /api/orders status=200 upstream=B rt_ms=334 bytes=1025
2026-03-14 02:35:16.143 edge /api/orders status=200 upstream=B rt_ms=214 bytes=27393
2026-03-14 02:35:16.897 edge /static/style.css status=502 upstream=B rt_ms=361 bytes=16605
2026-03-14 02:35:19.500 edge /healthz status=200 upstream=B rt_ms=338 bytes=24040
2026-03-14 02:35:20.168 edge / status=200 upstream=B rt_ms=169 bytes=7618
2026-03-14 02:35:20.973 edge /healthz status=200 upstream=B rt_ms=157 bytes=25256
2026-03-14 02:35:21.926 edge /api/orders status=502 upstream=B rt_ms=182 bytes=11821
2026-03-14 02:35:23.644 edge /api/events status=200 upstream=B rt_ms=297 bytes=12331
2026-03-14 02:35:25.878 edge / status=502 upstream=B rt_ms=154 bytes=36163
2026-03-14 02:35:27.853 edge /api/events status=200 upstream=B rt_ms=61 bytes=30228
2026-03-14 02:35:29.985 edge /healthz status=200 upstream=B rt_ms=9 bytes=35084
2026-03-14 02:35:32.147 edge / status=502 upstream=B rt_ms=190 bytes=8519
2026-03-14 02:35:32.157 edge /static/style.css status=200 upstream=B rt_ms=23 bytes=1923
2026-03-14 02:35:32.463 edge /static/style.css status=200 upstream=B rt_ms=23 bytes=7676
2026-03-14 02:35:33.387 edge /api/orders status=404 upstream=B rt_ms=320 bytes=9799
2026-03-14 02:35:35.164 edge /api/orders status=502 upstream=B rt_ms=15 bytes=23446
2026-03-14 02:35:35.697 edge / status=502 upstream=B rt_ms=332 bytes=1941
2026-03-14 02:35:35.863 edge /healthz status=502 upstream=B rt_ms=397 bytes=31981
2026-03-14 02:35:37.260 edge /static/style.css status=502 upstream=B rt_ms=389 bytes=7378
2026-03-14 02:35:37.824 edge /healthz status=200 upstream=B rt_ms=332 bytes=36170
2026-03-14 02:35:37.894 edge /api/orders status=200 upstream=B rt_ms=5 bytes=21039
2026-03-14 02:35:38.187 edge /api/events status=502 upstream=B rt_ms=247 bytes=5091
2026-03-14 02:35:38.512 edge /api/events status=200 upstream=B rt_ms=41 bytes=33314
2026-03-14 02:35:38.566 edge /static/style.css status=200 upstream=B rt_ms=98 bytes=19668
2026-03-14 02:35:39.669 edge /api/orders status=200 upstream=B rt_ms=341 bytes=38443
2026-03-14 02:35:41.358 edge /api/orders status=200 upstream=B rt_ms=32 bytes=15837
2026-03-14 02:35:45.754 edge /healthz status=502 upstream=B rt_ms=144 bytes=27930
2026-03-14 02:35:48.819 edge /api/orders status=200 upstream=B rt_ms=270 bytes=6131
2026-03-14 02:35:48.831 edge / status=200 upstream=B rt_ms=324 bytes=18601
2026-03-14 02:35:50.546 edge /api/orders status=200 upstream=B rt_ms=207 bytes=11768
2026-03-14 02:35:51.027 edge /healthz status=200 upstream=B rt_ms=324 bytes=29118
2026-03-14 02:35:53.112 edge /healthz status=200 upstream=B rt_ms=368 bytes=5950
2026-03-14 02:35:55.260 edge /healthz status=502 upstream=B rt_ms=70 bytes=3596
2026-03-14 02:35:55.515 edge /healthz status=200 upstream=B rt_ms=6 bytes=10095
2026-03-14 02:35:55.558 edge /static/style.css status=200 upstream=B rt_ms=396 bytes=27322
2026-03-14 02:36:02.017 edge /healthz status=200 upstream=B rt_ms=45 bytes=26312
2026-03-14 02:36:03.079 edge /api/events status=500 upstream=B rt_ms=256 bytes=8716
2026-03-14 02:36:03.573 edge /api/events status=502 upstream=B rt_ms=379 bytes=32402
2026-03-14 02:36:04.351 edge /api/events status=502 upstream=B rt_ms=337 bytes=2475
2026-03-14 02:36:05.559 edge /api/events status=200 upstream=B rt_ms=149 bytes=8222
2026-03-14 02:36:06.241 edge /static/style.css status=502 upstream=B rt_ms=390 bytes=32482
2026-03-14 02:36:09.106 edge /static/style.css status=502 upstream=B rt_ms=42 bytes=2246
2026-03-14 02:36:09.768 edge / status=200 upstream=B rt_ms=292 bytes=18553
2026-03-14 02:36:11.919 edge / status=200 upstream=B rt_ms=163 bytes=2765
2026-03-14 02:36:13.119 edge /api/orders status=200 upstream=B rt_ms=83 bytes=16869
2026-03-14 02:36:13.219 edge /static/style.css status=200 upstream=B rt_ms=348 bytes=40922
2026-03-14 02:36:14.511 edge /healthz status=404 upstream=B rt_ms=397 bytes=32372
2026-03-14 02:36:14.595 edge /static/style.css status=200 upstream=B rt_ms=361 bytes=27746
2026-03-14 02:36:15.850 edge / status=200 upstream=B rt_ms=172 bytes=2948
2026-03-14 02:36:15.940 edge /api/orders status=502 upstream=B rt_ms=308 bytes=33939
2026-03-14 02:36:16.338 edge /api/orders status=502 upstream=B rt_ms=366 bytes=9947
2026-03-14 02:36:20.097 edge /api/events status=502 upstream=B rt_ms=110 bytes=30779
2026-03-14 02:36:21.378 edge /healthz status=500 upstream=B rt_ms=373 bytes=2660
2026-03-14 02:36:23.437 edge /static/style.css status=200 upstream=B rt_ms=121 bytes=26542
2026-03-14 02:36:25.339 edge /healthz status=502 upstream=B rt_ms=190 bytes=39800
2026-03-14 02:36:26.169 edge /static/style.css status=502 upstream=B rt_ms=143 bytes=38979
2026-03-14 02:36:28.631 edge /static/style.css status=502 upstream=B rt_ms=198 bytes=9733
2026-03-14 02:36:32.597 edge /api/orders status=502 upstream=B rt_ms=121 bytes=21817
2026-03-14 02:36:32.719 edge /healthz status=502 upstream=B rt_ms=127 bytes=20742
2026-03-14 02:36:32.854 edge /api/orders status=502 upstream=B rt_ms=72 bytes=37036
2026-03-14 02:36:35.897 edge /api/events status=502 upstream=B rt_ms=103 bytes=35908
2026-03-14 02:36:36.070 edge /api/orders status=200 upstream=B rt_ms=292 bytes=18659
2026-03-14 02:36:36.492 edge /api/events status=200 upstream=B rt_ms=214 bytes=20828
2026-03-14 02:36:36.713 edge /static/style.css status=200 upstream=B rt_ms=284 bytes=37161
2026-03-14 02:36:37.920 edge /static/style.css status=200 upstream=B rt_ms=341 bytes=8389
2026-03-14 02:36:39.168 edge /healthz status=404 upstream=B rt_ms=79 bytes=26268
2026-03-14 02:36:40.020 edge /healthz status=200 upstream=B rt_ms=227 bytes=8713
2026-03-14 02:36:40.262 edge /api/events status=200 upstream=B rt_ms=135 bytes=11281
2026-03-14 02:36:40.289 edge /static/style.css status=502 upstream=B rt_ms=148 bytes=31334
2026-03-14 02:36:41.805 edge /api/orders status=200 upstream=B rt_ms=332 bytes=12699
2026-03-14 02:36:42.320 edge / status=200 upstream=B rt_ms=14 bytes=29797
2026-03-14 02:36:42.441 edge /api/orders status=502 upstream=B rt_ms=105 bytes=19659
2026-03-14 02:36:42.549 edge /api/events status=500 upstream=B rt_ms=55 bytes=22977
2026-03-14 02:36:44.005 edge /healthz status=200 upstream=B rt_ms=321 bytes=6823
2026-03-14 02:36:45.622 edge / status=502 upstream=B rt_ms=387 bytes=28312
2026-03-14 02:36:46.194 edge /healthz status=502 upstream=B rt_ms=325 bytes=31788
2026-03-14 02:36:47.427 edge /api/orders status=200 upstream=B rt_ms=213 bytes=23166
2026-03-14 02:36:47.920 edge /api/orders status=200 upstream=B rt_ms=312 bytes=21534
2026-03-14 02:36:49.180 edge / status=502 upstream=B rt_ms=307 bytes=28361
2026-03-14 02:36:51.489 edge /static/style.css status=404 upstream=B rt_ms=69 bytes=16761
2026-03-14 02:36:51.888 edge /api/orders status=502 upstream=B rt_ms=214 bytes=4117
2026-03-14 02:36:55.558 edge /api/events status=502 upstream=B rt_ms=100 bytes=8347
2026-03-14 02:36:58.726 edge / status=502 upstream=B rt_ms=281 bytes=31608
2026-03-14 02:36:59.158 edge /api/events status=200 upstream=B rt_ms=338 bytes=18459
2026-03-14 02:36:59.550 edge /api/orders status=200 upstream=B rt_ms=85 bytes=25944
2026-03-14 02:37:02.109 edge /static/style.css status=502 upstream=B rt_ms=306 bytes=41492
2026-03-14 02:37:02.122 edge /static/style.css status=502 upstream=B rt_ms=378 bytes=35224
2026-03-14 02:37:02.742 edge /static/style.css status=200 upstream=B rt_ms=13 bytes=33650
2026-03-14 02:37:07.765 edge /api/events status=200 upstream=B rt_ms=330 bytes=25406
2026-03-14 02:37:09.448 edge /api/orders status=200 upstream=B rt_ms=293 bytes=35643
2026-03-14 02:37:09.500 edge / status=502 upstream=B rt_ms=196 bytes=31818
2026-03-14 02:37:10.381 edge /static/style.css status=200 upstream=B rt_ms=227 bytes=19398
2026-03-14 02:37:11.750 edge /static/style.css status=502 upstream=B rt_ms=247 bytes=15796
2026-03-14 02:37:17.985 edge /healthz status=502 upstream=B rt_ms=258 bytes=9892
2026-03-14 02:37:19.659 edge /api/events status=404 upstream=B rt_ms=10 bytes=36948
2026-03-14 02:37:20.883 edge /api/events status=200 upstream=B rt_ms=304 bytes=17917
2026-03-14 02:37:22.339 edge /api/events status=404 upstream=B rt_ms=69 bytes=34303
2026-03-14 02:37:23.104 edge / status=500 upstream=B rt_ms=22 bytes=16313
2026-03-14 02:37:23.381 edge / status=200 upstream=B rt_ms=29 bytes=8368
2026-03-14 02:37:24.460 edge /healthz status=200 upstream=B rt_ms=89 bytes=21382
2026-03-14 02:37:25.080 edge /api/events status=502 upstream=B rt_ms=208 bytes=7638
2026-03-14 02:37:26.966 edge /api/orders status=200 upstream=B rt_ms=127 bytes=39728
2026-03-14 02:37:28.086 edge /api/orders status=502 upstream=B rt_ms=185 bytes=1488
2026-03-14 02:37:28.232 edge /api/events status=200 upstream=B rt_ms=395 bytes=33831
2026-03-14 02:37:30.386 edge /api/events status=200 upstream=B rt_ms=279 bytes=19859
2026-03-14 02:37:32.395 edge /api/events status=502 upstream=B rt_ms=280 bytes=23114
2026-03-14 02:37:32.422 edge /api/events status=200 upstream=B rt_ms=66 bytes=41890
2026-03-14 02:37:32.452 edge / status=200 upstream=B rt_ms=214 bytes=20085
2026-03-14 02:37:32.823 edge /api/events status=200 upstream=B rt_ms=59 bytes=19365
2026-03-14 02:37:34.686 edge /api/events status=200 upstream=B rt_ms=166 bytes=30586
2026-03-14 02:37:35.466 edge /healthz status=200 upstream=B rt_ms=254 bytes=11835
2026-03-14 02:37:36.607 edge /healthz status=502 upstream=B rt_ms=87 bytes=14842
2026-03-14 02:37:36.804 edge /healthz status=200 upstream=B rt_ms=373 bytes=11480
2026-03-14 02:37:37.585 edge /static/style.css status=200 upstream=B rt_ms=162 bytes=1750
2026-03-14 02:37:38.189 edge /healthz status=200 upstream=B rt_ms=370 bytes=21973
2026-03-14 02:37:42.958 edge /api/orders status=502 upstream=B rt_ms=30 bytes=22178
2026-03-14 02:37:43.353 edge / status=200 upstream=B rt_ms=229 bytes=27084
2026-03-14 02:37:43.502 edge /api/events status=502 upstream=B rt_ms=386 bytes=6550
2026-03-14 02:37:47.536 edge /api/orders status=200 upstream=B rt_ms=348 bytes=6282
2026-03-14 02:37:48.538 edge /api/orders status=200 upstream=B rt_ms=75 bytes=31101
2026-03-14 02:37:49.506 edge /healthz status=200 upstream=B rt_ms=248 bytes=32715
2026-03-14 02:37:52.435 edge /healthz status=200 upstream=B rt_ms=194 bytes=15366
2026-03-14 02:37:54.220 edge / status=200 upstream=B rt_ms=202 bytes=21683
2026-03-14 02:37:55.139 edge /healthz status=200 upstream=B rt_ms=218 bytes=13437
2026-03-14 02:37:59.458 edge /static/style.css status=200 upstream=B rt_ms=218 bytes=29326
2026-03-14 02:38:00.608 edge /api/events status=200 upstream=B rt_ms=203 bytes=30162
2026-03-14 02:38:00.747 edge /api/orders status=502 upstream=B rt_ms=387 bytes=4033
2026-03-14 02:38:03.053 edge /healthz status=500 upstream=B rt_ms=288 bytes=28137
2026-03-14 02:38:03.121 edge /healthz status=200 upstream=B rt_ms=227 bytes=28295
2026-03-14 02:38:03.393 edge /static/style.css status=404 upstream=B rt_ms=365 bytes=7464
2026-03-14 02:38:05.763 edge /api/events status=502 upstream=B rt_ms=334 bytes=10789
2026-03-14 02:38:06.966 edge /api/events status=200 upstream=B rt_ms=295 bytes=27838
2026-03-14 02:38:07.528 edge /static/style.css status=502 upstream=B rt_ms=83 bytes=25421
2026-03-14 02:38:09.004 edge /api/orders status=200 upstream=B rt_ms=182 bytes=17779
2026-03-14 02:38:12.083 edge /static/style.css status=200 upstream=B rt_ms=273 bytes=29027
2026-03-14 02:38:13.111 edge /api/events status=200 upstream=B rt_ms=292 bytes=35604
2026-03-14 02:38:13.904 edge /static/style.css status=200 upstream=B rt_ms=167 bytes=8797
2026-03-14 02:38:14.237 edge /healthz status=502 upstream=B rt_ms=375 bytes=6974
2026-03-14 02:38:14.353 edge / status=200 upstream=B rt_ms=73 bytes=39030
2026-03-14 02:38:14.465 edge /static/style.css status=502 upstream=B rt_ms=154 bytes=32518
2026-03-14 02:38:14.670 edge /api/events status=200 upstream=B rt_ms=88 bytes=21210
2026-03-14 02:38:15.443 edge /api/orders status=200 upstream=B rt_ms=67 bytes=8543
2026-03-14 02:38:17.288 edge /static/style.css status=404 upstream=B rt_ms=313 bytes=6681
2026-03-14 02:38:18.608 edge / status=502 upstream=B rt_ms=399 bytes=27926
2026-03-14 02:38:20.097 edge /api/orders status=200 upstream=B rt_ms=377 bytes=36057
2026-03-14 02:38:21.029 edge /healthz status=200 upstream=B rt_ms=335 bytes=31298
2026-03-14 02:38:21.317 edge /static/style.css status=502 upstream=B rt_ms=308 bytes=36480
2026-03-14 02:38:22.483 edge /api/orders status=200 upstream=B rt_ms=37 bytes=7968
2026-03-14 02:38:22.803 edge /healthz status=200 upstream=B rt_ms=240 bytes=19051
2026-03-14 02:38:23.177 edge /static/style.css status=502 upstream=B rt_ms=238 bytes=34378
2026-03-14 02:38:23.623 edge /healthz status=502 upstream=B rt_ms=378 bytes=24932
2026-03-14 02:38:23.647 edge / status=502 upstream=B rt_ms=373 bytes=17883
2026-03-14 02:38:27.262 edge /static/style.css status=200 upstream=B rt_ms=130 bytes=4124
2026-03-14 02:38:27.324 edge /static/style.css status=200 upstream=B rt_ms=32 bytes=28432
2026-03-14 02:38:29.696 edge /api/orders status=200 upstream=B rt_ms=226 bytes=25064
2026-03-14 02:38:31.835 edge /api/orders status=200 upstream=B rt_ms=331 bytes=20621
2026-03-14 02:38:33.945 edge /static/style.css status=502 upstream=B rt_ms=60 bytes=21536
2026-03-14 02:38:34.461 edge / status=200 upstream=B rt_ms=322 bytes=23422
2026-03-14 02:38:34.546 edge /api/events status=200 upstream=B rt_ms=70 bytes=12491
2026-03-14 02:38:34.881 edge / status=502 upstream=B rt_ms=324 bytes=15390
2026-03-14 02:38:35.371 edge /static/style.css status=200 upstream=B rt_ms=183 bytes=21314
2026-03-14 02:38:35.485 edge /static/style.css status=200 upstream=B rt_ms=199 bytes=9201
2026-03-14 02:38:35.849 edge /healthz status=502 upstream=B rt_ms=90 bytes=11674
2026-03-14 02:38:40.182 edge / status=502 upstream=B rt_ms=339 bytes=6770
2026-03-14 02:38:41.506 edge /static/style.css status=200 upstream=B rt_ms=116 bytes=3727
2026-03-14 02:38:44.633 edge /static/style.css status=200 upstream=B rt_ms=342 bytes=39125
2026-03-14 02:38:45.402 edge /static/style.css status=200 upstream=B rt_ms=49 bytes=11579
2026-03-14 02:38:46.122 edge / status=500 upstream=B rt_ms=386 bytes=24680
2026-03-14 02:38:46.589 edge /api/orders status=502 upstream=B rt_ms=30 bytes=41536
2026-03-14 02:38:46.821 edge / status=502 upstream=B rt_ms=65 bytes=29469
2026-03-14 02:38:49.473 edge / status=200 upstream=B rt_ms=126 bytes=13158
2026-03-14 02:38:51.823 edge /api/events status=200 upstream=B rt_ms=392 bytes=32149
2026-03-14 02:38:52.607 edge /static/style.css status=200 upstream=B rt_ms=367 bytes=36607
2026-03-14 02:38:54.970 edge / status=500 upstream=B rt_ms=29 bytes=33791
2026-03-14 02:38:55.269 edge /api/orders status=200 upstream=B rt_ms=210 bytes=40531
2026-03-14 02:38:55.362 edge /api/orders status=502 upstream=B rt_ms=313 bytes=31518
2026-03-14 02:39:00.305 edge / status=200 upstream=B rt_ms=201 bytes=3987
2026-03-14 02:39:02.838 edge /api/events status=502 upstream=B rt_ms=285 bytes=15766
2026-03-14 02:39:04.545 edge /api/orders status=502 upstream=B rt_ms=18 bytes=8108
2026-03-14 02:39:06.273 edge / status=200 upstream=B rt_ms=177 bytes=6993
2026-03-14 02:39:08.454 edge /api/events status=200 upstream=B rt_ms=327 bytes=3282
2026-03-14 02:39:09.261 edge / status=200 upstream=B rt_ms=166 bytes=12321
2026-03-14 02:39:11.025 edge /api/orders status=502 upstream=B rt_ms=16 bytes=39404
2026-03-14 02:39:11.263 edge /healthz status=502 upstream=B rt_ms=126 bytes=10200
2026-03-14 02:39:11.500 edge /api/events status=200 upstream=B rt_ms=147 bytes=9207
2026-03-14 02:39:13.018 edge /api/events status=200 upstream=B rt_ms=94 bytes=29976
2026-03-14 02:39:15.692 edge /api/events status=200 upstream=B rt_ms=103 bytes=6391
2026-03-14 02:39:18.080 edge /static/style.css status=200 upstream=B rt_ms=318 bytes=35890
2026-03-14 02:39:19.601 edge /healthz status=200 upstream=B rt_ms=92 bytes=9122
2026-03-14 02:39:19.732 edge /healthz status=404 upstream=B rt_ms=178 bytes=11320
2026-03-14 02:39:20.627 edge /api/orders status=200 upstream=B rt_ms=275 bytes=5674
2026-03-14 02:39:20.979 edge / status=502 upstream=B rt_ms=225 bytes=33669
2026-03-14 02:39:22.185 edge /api/events status=200 upstream=B rt_ms=205 bytes=30368
2026-03-14 02:39:23.463 edge /api/orders status=200 upstream=B rt_ms=130 bytes=27786
2026-03-14 02:39:25.275 edge / status=200 upstream=B rt_ms=371 bytes=27416
2026-03-14 02:39:25.896 edge /api/orders status=200 upstream=B rt_ms=197 bytes=10702
2026-03-14 02:39:27.746 edge /static/style.css status=502 upstream=B rt_ms=84 bytes=39212
2026-03-14 02:39:28.144 edge / status=200 upstream=B rt_ms=182 bytes=22921
2026-03-14 02:39:29.099 edge /api/orders status=200 upstream=B rt_ms=181 bytes=20282
2026-03-14 02:39:29.400 edge / status=502 upstream=B rt_ms=260 bytes=13600
2026-03-14 02:39:29.728 edge /healthz status=200 upstream=B rt_ms=307 bytes=19463
2026-03-14 02:39:29.850 edge /api/orders status=200 upstream=B rt_ms=266 bytes=41276
2026-03-14 02:39:30.160 edge /api/events status=200 upstream=B rt_ms=368 bytes=5177
2026-03-14 02:39:30.508 edge /api/orders status=502 upstream=B rt_ms=324 bytes=13909
2026-03-14 02:39:31.736 edge /static/style.css status=200 upstream=B rt_ms=307 bytes=27324
2026-03-14 02:39:32.419 edge /healthz status=500 upstream=B rt_ms=191 bytes=7563
2026-03-14 02:39:34.394 edge /api/events status=200 upstream=B rt_ms=198 bytes=36058
2026-03-14 02:39:34.584 edge /api/orders status=200 upstream=B rt_ms=46 bytes=16148
2026-03-14 02:39:36.054 edge /static/style.css status=200 upstream=B rt_ms=263 bytes=26967
2026-03-14 02:39:36.413 edge /static/style.css status=200 upstream=B rt_ms=156 bytes=20400
2026-03-14 02:39:36.991 edge / status=200 upstream=B rt_ms=72 bytes=40573
2026-03-14 02:39:37.268 edge / status=502 upstream=B rt_ms=348 bytes=4342
2026-03-14 02:39:37.273 edge /api/orders status=502 upstream=B rt_ms=398 bytes=35763
2026-03-14 02:39:38.430 edge / status=200 upstream=B rt_ms=214 bytes=671
2026-03-14 02:39:38.540 edge /static/style.css status=502 upstream=B rt_ms=8 bytes=871
2026-03-14 02:39:44.426 edge / status=200 upstream=B rt_ms=148 bytes=13187
2026-03-14 02:39:45.470 edge /api/orders status=404 upstream=B rt_ms=293 bytes=12584
2026-03-14 02:39:45.475 edge /static/style.css status=200 upstream=B rt_ms=377 bytes=32253
2026-03-14 02:39:45.547 edge / status=200 upstream=B rt_ms=227 bytes=27870
2026-03-14 02:39:48.299 edge /api/orders status=200 upstream=B rt_ms=142 bytes=34237
2026-03-14 02:39:48.551 edge /healthz status=502 upstream=B rt_ms=170 bytes=31187
2026-03-14 02:39:51.588 edge /api/events status=200 upstream=B rt_ms=380 bytes=36867
2026-03-14 02:39:51.703 edge /healthz status=200 upstream=B rt_ms=349 bytes=38777
2026-03-14 02:39:52.182 edge / status=502 upstream=B rt_ms=360 bytes=11762
2026-03-14 02:39:53.071 edge /api/events status=502 upstream=B rt_ms=126 bytes=40135
2026-03-14 02:39:54.497 edge /api/orders status=502 upstream=B rt_ms=79 bytes=22820
2026-03-14 02:39:55.418 edge / status=502 upstream=B rt_ms=40 bytes=25887
2026-03-14 02:39:56.815 edge /api/events status=200 upstream=B rt_ms=114 bytes=29241
2026-03-14 02:39:58.435 edge /api/orders status=200 upstream=B rt_ms=336 bytes=30904
2026-03-14 02:40:00.091 edge /api/orders status=200 upstream=B rt_ms=343 bytes=11390
2026-03-14 02:40:00.677 edge / status=502 upstream=B rt_ms=230 bytes=6565
2026-03-14 02:40:02.374 edge /api/orders status=200 upstream=B rt_ms=153 bytes=20267
2026-03-14 02:40:04.439 edge /api/events status=200 upstream=B rt_ms=121 bytes=34850
2026-03-14 02:40:04.663 edge /api/events status=502 upstream=B rt_ms=17 bytes=40928
2026-03-14 02:40:06.340 edge /api/events status=200 upstream=B rt_ms=341 bytes=5853
2026-03-14 02:40:06.765 edge /api/events status=200 upstream=B rt_ms=10 bytes=8070
2026-03-14 02:40:09.715 edge /api/events status=500 upstream=B rt_ms=193 bytes=33821
2026-03-14 02:40:10.304 edge /api/orders status=502 upstream=B rt_ms=16 bytes=1980
2026-03-14 02:40:10.705 edge /static/style.css status=502 upstream=B rt_ms=162 bytes=3410
2026-03-14 02:40:10.792 edge /api/orders status=200 upstream=B rt_ms=220 bytes=10023
2026-03-14 02:40:12.277 edge / status=200 upstream=B rt_ms=380 bytes=4977
2026-03-14 02:40:12.315 edge /static/style.css status=200 upstream=B rt_ms=175 bytes=32874
2026-03-14 02:40:14.837 edge /api/events status=200 upstream=B rt_ms=170 bytes=33891
2026-03-14 02:40:17.868 edge /healthz status=502 upstream=B rt_ms=86 bytes=4839
2026-03-14 02:40:21.788 edge /static/style.css status=502 upstream=B rt_ms=100 bytes=36752
2026-03-14 02:40:22.363 edge /healthz status=200 upstream=B rt_ms=280 bytes=1229
2026-03-14 02:40:22.647 edge / status=200 upstream=B rt_ms=306 bytes=13101
2026-03-14 02:40:23.027 edge /static/style.css status=502 upstream=B rt_ms=146 bytes=33267
2026-03-14 02:40:23.398 edge /api/orders status=502 upstream=B rt_ms=50 bytes=28000
2026-03-14 02:40:24.665 edge /healthz status=502 upstream=B rt_ms=360 bytes=7208
2026-03-14 02:40:25.141 edge /api/events status=200 upstream=B rt_ms=259 bytes=4613
2026-03-14 02:40:26.082 edge /static/style.css status=502 upstream=B rt_ms=74 bytes=650
2026-03-14 02:40:28.152 edge /static/style.css status=200 upstream=B rt_ms=101 bytes=33711
2026-03-14 02:40:28.600 edge /api/events status=200 upstream=B rt_ms=279 bytes=31305
2026-03-14 02:40:29.444 edge /static/style.css status=200 upstream=B rt_ms=49 bytes=11452
2026-03-14 02:40:31.024 edge /healthz status=200 upstream=B rt_ms=290 bytes=18283
2026-03-14 02:40:33.799 edge /healthz status=502 upstream=B rt_ms=61 bytes=28224
2026-03-14 02:40:33.996 edge /healthz status=200 upstream=B rt_ms=224 bytes=19985
2026-03-14 02:40:34.406 edge /api/orders status=502 upstream=B rt_ms=31 bytes=33468
2026-03-14 02:40:34.681 edge /healthz status=502 upstream=B rt_ms=385 bytes=28296
2026-03-14 02:40:35.751 edge / status=502 upstream=B rt_ms=365 bytes=8350
2026-03-14 02:40:36.087 edge / status=502 upstream=B rt_ms=365 bytes=1023
2026-03-14 02:40:36.319 edge /api/orders status=200 upstream=B rt_ms=142 bytes=6508
2026-03-14 02:40:37.401 edge / status=200 upstream=B rt_ms=117 bytes=12983
2026-03-14 02:40:40.306 edge /healthz status=502 upstream=B rt_ms=398 bytes=10080
2026-03-14 02:40:40.490 edge /healthz status=200 upstream=B rt_ms=217 bytes=11142
2026-03-14 02:40:40.650 edge / status=502 upstream=B rt_ms=182 bytes=21830
2026-03-14 02:40:41.385 edge / status=502 upstream=B rt_ms=240 bytes=41505
2026-03-14 02:40:41.479 edge /static/style.css status=200 upstream=B rt_ms=83 bytes=15364
2026-03-14 02:40:41.895 edge / status=200 upstream=B rt_ms=114 bytes=12578
2026-03-14 02:40:42.195 edge / status=502 upstream=B rt_ms=75 bytes=26310
2026-03-14 02:40:42.262 edge /static/style.css status=502 upstream=B rt_ms=31 bytes=24428
2026-03-14 02:40:43.496 edge /api/events status=502 upstream=B rt_ms=311 bytes=17086
2026-03-14 02:40:44.568 edge /healthz status=502 upstream=B rt_ms=362 bytes=20744
2026-03-14 02:40:45.751 edge / status=404 upstream=B rt_ms=291 bytes=10045
2026-03-14 02:40:46.099 edge /api/orders status=200 upstream=B rt_ms=148 bytes=13641
2026-03-14 02:40:46.725 edge /api/orders status=200 upstream=B rt_ms=321 bytes=32117
2026-03-14 02:40:48.283 edge /healthz status=500 upstream=B rt_ms=374 bytes=15084
2026-03-14 02:40:50.144 edge / status=502 upstream=B rt_ms=277 bytes=7657
2026-03-14 02:40:50.646 edge /api/events status=200 upstream=B rt_ms=240 bytes=18686
2026-03-14 02:40:51.282 edge / status=502 upstream=B rt_ms=280 bytes=5624
2026-03-14 02:40:51.487 edge /api/orders status=200 upstream=B rt_ms=222 bytes=20923
2026-03-14 02:40:51.616 edge /static/style.css status=200 upstream=B rt_ms=258 bytes=25751
2026-03-14 02:40:56.179 edge /api/orders status=200 upstream=B rt_ms=276 bytes=14628
2026-03-14 02:40:59.056 edge /api/events status=200 upstream=B rt_ms=338 bytes=611
2026-03-14 02:41:00.048 edge /api/orders status=404 upstream=B rt_ms=296 bytes=7533
2026-03-14 02:41:02.735 edge /healthz status=502 upstream=B rt_ms=255 bytes=30665
2026-03-14 02:41:02.806 edge / status=200 upstream=B rt_ms=139 bytes=18143
2026-03-14 02:41:04.226 edge /api/orders status=200 upstream=B rt_ms=233 bytes=5054
2026-03-14 02:41:05.188 edge /api/orders status=200 upstream=B rt_ms=89 bytes=35253
2026-03-14 02:41:06.741 edge /api/orders status=200 upstream=B rt_ms=35 bytes=26795
2026-03-14 02:41:07.086 edge / status=200 upstream=B rt_ms=296 bytes=37065
2026-03-14 02:41:07.306 edge / status=200 upstream=B rt_ms=395 bytes=27330
2026-03-14 02:41:08.387 edge /static/style.css status=200 upstream=B rt_ms=261 bytes=3192
2026-03-14 02:41:08.393 edge /api/events status=200 upstream=B rt_ms=57 bytes=1841
2026-03-14 02:41:08.797 edge /api/orders status=200 upstream=B rt_ms=110 bytes=21567
2026-03-14 02:41:10.702 edge /healthz status=502 upstream=B rt_ms=98 bytes=30857
2026-03-14 02:41:10.841 edge /healthz status=200 upstream=B rt_ms=124 bytes=29091
2026-03-14 02:41:11.166 edge /static/style.css status=200 upstream=B rt_ms=66 bytes=10013
2026-03-14 02:41:11.438 edge /healthz status=200 upstream=B rt_ms=239 bytes=13765
2026-03-14 02:41:14.402 edge /api/orders status=200 upstream=B rt_ms=218 bytes=40244
2026-03-14 02:41:14.711 edge /healthz status=200 upstream=B rt_ms=324 bytes=15757
2026-03-14 02:41:16.522 edge /static/style.css status=200 upstream=B rt_ms=68 bytes=29301
2026-03-14 02:41:17.828 edge / status=502 upstream=B rt_ms=117 bytes=36769
2026-03-14 02:41:22.681 edge /healthz status=200 upstream=B rt_ms=165 bytes=30861
2026-03-14 02:41:23.406 edge /static/style.css status=200 upstream=B rt_ms=252 bytes=18729
2026-03-14 02:41:24.451 edge /healthz status=502 upstream=B rt_ms=205 bytes=26338
2026-03-14 02:41:27.471 edge /api/events status=200 upstream=B rt_ms=166 bytes=22286
2026-03-14 02:41:28.018 edge /api/orders status=200 upstream=B rt_ms=278 bytes=23472
2026-03-14 02:41:29.386 edge / status=200 upstream=B rt_ms=70 bytes=363
2026-03-14 02:41:32.277 edge /api/events status=200 upstream=B rt_ms=255 bytes=32883
2026-03-14 02:41:32.376 edge /static/style.css status=502 upstream=B rt_ms=92 bytes=32027
2026-03-14 02:41:34.128 edge /healthz status=404 upstream=B rt_ms=151 bytes=17183
2026-03-14 02:41:34.807 edge / status=200 upstream=B rt_ms=192 bytes=17444
2026-03-14 02:41:38.792 edge /healthz status=200 upstream=B rt_ms=255 bytes=12976
2026-03-14 02:41:41.351 edge / status=200 upstream=B rt_ms=342 bytes=24909
2026-03-14 02:41:41.357 edge /healthz status=200 upstream=B rt_ms=357 bytes=32250
2026-03-14 02:41:41.640 edge / status=200 upstream=B rt_ms=181 bytes=37893
2026-03-14 02:41:43.745 edge / status=502 upstream=B rt_ms=32 bytes=26378
2026-03-14 02:41:45.916 edge /api/orders status=200 upstream=B rt_ms=38 bytes=29142
2026-03-14 02:41:46.992 edge /static/style.css status=404 upstream=B rt_ms=21 bytes=1798
2026-03-14 02:41:48.874 edge /api/events status=200 upstream=B rt_ms=252 bytes=12472
2026-03-14 02:41:51.878 edge /api/orders status=502 upstream=B rt_ms=204 bytes=33924
2026-03-14 02:41:51.941 edge /api/events status=200 upstream=B rt_ms=137 bytes=40873
2026-03-14 02:41:52.404 edge /api/orders status=200 upstream=B rt_ms=40 bytes=3303
2026-03-14 02:41:54.671 edge /static/style.css status=200 upstream=B rt_ms=71 bytes=19700
2026-03-14 02:41:55.843 edge /api/events status=200 upstream=B rt_ms=280 bytes=14349
2026-03-14 02:41:56.788 edge /api/orders status=200 upstream=B rt_ms=195 bytes=911
2026-03-14 02:41:59.083 edge / status=200 upstream=B rt_ms=123 bytes=39514
2026-03-14 02:41:59.261 edge /static/style.css status=502 upstream=B rt_ms=372 bytes=1755
2026-03-14 02:42:01.417 edge / status=200 upstream=B rt_ms=54 bytes=29477
2026-03-14 02:42:01.646 edge /api/orders status=200 upstream=B rt_ms=22 bytes=27664
2026-03-14 02:42:01.863 edge /api/events status=200 upstream=B rt_ms=117 bytes=40902
2026-03-14 02:42:01.915 edge /healthz status=500 upstream=B rt_ms=83 bytes=8536
2026-03-14 02:42:02.405 edge /healthz status=200 upstream=B rt_ms=40 bytes=31905
2026-03-14 02:42:03.804 edge /api/orders status=200 upstream=B rt_ms=369 bytes=41534
2026-03-14 02:42:05.721 edge /healthz status=502 upstream=B rt_ms=60 bytes=38846
2026-03-14 02:42:06.712 edge /api/events status=200 upstream=B rt_ms=317 bytes=3899
2026-03-14 02:42:07.203 edge / status=200 upstream=B rt_ms=130 bytes=25081
2026-03-14 02:42:09.193 edge /api/orders status=200 upstream=B rt_ms=230 bytes=21166
2026-03-14 02:42:12.095 edge /healthz status=200 upstream=B rt_ms=93 bytes=12090
2026-03-14 02:42:14.329 edge / status=500 upstream=B rt_ms=60 bytes=682
2026-03-14 02:42:14.946 edge /api/orders status=502 upstream=B rt_ms=95 bytes=1669
2026-03-14 02:42:21.087 edge / status=200 upstream=B rt_ms=368 bytes=28386
2026-03-14 02:42:22.449 edge /healthz status=502 upstream=B rt_ms=63 bytes=40062
2026-03-14 02:42:23.165 edge /healthz status=404 upstream=B rt_ms=233 bytes=12610
2026-03-14 02:42:23.240 edge /healthz status=200 upstream=B rt_ms=99 bytes=35406
2026-03-14 02:42:23.607 edge /api/events status=200 upstream=B rt_ms=240 bytes=30956
2026-03-14 02:42:27.191 edge /api/orders status=502 upstream=B rt_ms=231 bytes=30727
2026-03-14 02:42:27.814 edge /api/events status=200 upstream=B rt_ms=384 bytes=20190
2026-03-14 02:42:29.686 edge /api/orders status=200 upstream=B rt_ms=194 bytes=33892
2026-03-14 02:42:30.425 edge /api/orders status=200 upstream=B rt_ms=84 bytes=5182
2026-03-14 02:42:33.308 edge /api/events status=200 upstream=B rt_ms=217 bytes=36690
2026-03-14 02:42:34.562 edge /static/style.css status=200 upstream=B rt_ms=209 bytes=859
2026-03-14 02:42:34.597 edge /healthz status=200 upstream=B rt_ms=326 bytes=32054
2026-03-14 02:42:36.548 edge /healthz status=200 upstream=B rt_ms=148 bytes=5522
2026-03-14 02:42:36.936 edge /api/orders status=200 upstream=B rt_ms=6 bytes=16659
2026-03-14 02:42:38.709 edge /static/style.css status=200 upstream=B rt_ms=289 bytes=39849
2026-03-14 02:42:38.868 edge /healthz status=500 upstream=B rt_ms=141 bytes=39382
2026-03-14 02:42:39.159 edge /healthz status=200 upstream=B rt_ms=381 bytes=19006
2026-03-14 02:42:39.362 edge / status=200 upstream=B rt_ms=27 bytes=6953
2026-03-14 02:42:39.537 edge / status=502 upstream=B rt_ms=330 bytes=18476
2026-03-14 02:42:39.555 edge /api/orders status=200 upstream=B rt_ms=262 bytes=37070
2026-03-14 02:42:39.681 edge /api/events status=200 upstream=B rt_ms=350 bytes=36386
2026-03-14 02:42:40.747 edge / status=200 upstream=B rt_ms=296 bytes=39932
2026-03-14 02:42:41.216 edge /api/events status=200 upstream=B rt_ms=227 bytes=39666
2026-03-14 02:42:42.085 edge /api/orders status=502 upstream=B rt_ms=161 bytes=8220
2026-03-14 02:42:44.682 edge /static/style.css status=502 upstream=B rt_ms=33 bytes=22289
2026-03-14 02:42:44.845 edge /api/events status=500 upstream=B rt_ms=109 bytes=25765
2026-03-14 02:42:45.721 edge /healthz status=404 upstream=B rt_ms=327 bytes=30266
2026-03-14 02:42:46.651 edge / status=200 upstream=B rt_ms=18 bytes=20429
2026-03-14 02:42:48.726 edge /healthz status=200 upstream=B rt_ms=117 bytes=31389
2026-03-14 02:42:49.453 edge /api/events status=200 upstream=B rt_ms=343 bytes=14337
2026-03-14 02:42:49.649 edge /api/events status=200 upstream=B rt_ms=340 bytes=27902
2026-03-14 02:42:49.781 edge / status=502 upstream=B rt_ms=322 bytes=16635
2026-03-14 02:42:49.832 edge /static/style.css status=200 upstream=B rt_ms=166 bytes=19536
2026-03-14 02:42:51.706 edge / status=502 upstream=B rt_ms=246 bytes=27478
2026-03-14 02:42:52.331 edge / status=200 upstream=B rt_ms=143 bytes=21460
2026-03-14 02:42:52.738 edge /healthz status=200 upstream=B rt_ms=378 bytes=41036
2026-03-14 02:42:52.964 edge / status=200 upstream=B rt_ms=37 bytes=17153
2026-03-14 02:42:53.086 edge /api/orders status=200 upstream=B rt_ms=10 bytes=25459
2026-03-14 02:42:53.970 edge /static/style.css status=502 upstream=B rt_ms=301 bytes=1756
2026-03-14 02:42:54.862 edge /api/orders status=200 upstream=B rt_ms=128 bytes=16045
2026-03-14 02:42:54.918 edge /api/orders status=502 upstream=B rt_ms=153 bytes=25416
2026-03-14 02:42:56.631 edge /healthz status=502 upstream=B rt_ms=143 bytes=17546
2026-03-14 02:42:57.451 edge /api/events status=200 upstream=B rt_ms=379 bytes=21747
2026-03-14 02:42:59.641 edge /api/orders status=200 upstream=B rt_ms=230 bytes=13819
2026-03-14 02:43:01.245 edge /api/events status=404 upstream=B rt_ms=11 bytes=31695
2026-03-14 02:43:02.410 edge /healthz status=200 upstream=B rt_ms=322 bytes=11338
2026-03-14 02:43:06.587 edge /api/events status=502 upstream=B rt_ms=194 bytes=11409
2026-03-14 02:43:09.257 edge /api/orders status=200 upstream=B rt_ms=113 bytes=41550
2026-03-14 02:43:10.065 edge /healthz status=502 upstream=B rt_ms=346 bytes=37939
2026-03-14 02:43:10.129 edge /healthz status=200 upstream=B rt_ms=139 bytes=20686
2026-03-14 02:43:10.435 edge /static/style.css status=502 upstream=B rt_ms=243 bytes=24905
2026-03-14 02:43:11.150 edge /api/events status=200 upstream=B rt_ms=91 bytes=31319
2026-03-14 02:43:11.959 edge /healthz status=200 upstream=B rt_ms=259 bytes=5216
2026-03-14 02:43:12.426 edge /static/style.css status=200 upstream=B rt_ms=296 bytes=19807
2026-03-14 02:43:14.009 edge / status=200 upstream=B rt_ms=16 bytes=8127
2026-03-14 02:43:15.922 edge /static/style.css status=200 upstream=B rt_ms=262 bytes=18883
2026-03-14 02:43:17.112 edge / status=200 upstream=B rt_ms=358 bytes=555
2026-03-14 02:43:20.301 edge /api/events status=200 upstream=B rt_ms=201 bytes=15239
2026-03-14 02:43:20.748 edge /api/events status=200 upstream=B rt_ms=194 bytes=31692
2026-03-14 02:43:21.698 edge /static/style.css status=200 upstream=B rt_ms=278 bytes=19648
2026-03-14 02:43:22.186 edge /healthz status=200 upstream=B rt_ms=393 bytes=32032
2026-03-14 02:43:24.976 edge /static/style.css status=502 upstream=B rt_ms=65 bytes=30923
2026-03-14 02:43:25.468 edge /static/style.css status=502 upstream=B rt_ms=154 bytes=20823
2026-03-14 02:43:27.497 edge /api/orders status=200 upstream=B rt_ms=101 bytes=8725
2026-03-14 02:43:28.551 edge /healthz status=404 upstream=B rt_ms=14 bytes=24422
2026-03-14 02:43:29.144 edge /api/events status=200 upstream=B rt_ms=76 bytes=40524
2026-03-14 02:43:31.569 edge / status=200 upstream=B rt_ms=207 bytes=12170
2026-03-14 02:43:32.451 edge /api/orders status=200 upstream=B rt_ms=65 bytes=25189
2026-03-14 02:43:32.780 edge /api/events status=200 upstream=B rt_ms=358 bytes=7132
2026-03-14 02:43:36.851 edge /api/events status=502 upstream=B rt_ms=273 bytes=12690
2026-03-14 02:43:36.878 edge /static/style.css status=404 upstream=B rt_ms=46 bytes=4674
2026-03-14 02:43:37.397 edge /api/orders status=502 upstream=B rt_ms=335 bytes=22521
2026-03-14 02:43:39.211 edge /api/events status=200 upstream=B rt_ms=197 bytes=36176
2026-03-14 02:43:39.976 edge /static/style.css status=404 upstream=B rt_ms=188 bytes=5687
2026-03-14 02:43:41.181 edge / status=200 upstream=B rt_ms=276 bytes=1306
2026-03-14 02:43:41.211 edge /api/orders status=200 upstream=B rt_ms=255 bytes=10068
2026-03-14 02:43:41.432 edge /api/events status=200 upstream=B rt_ms=292 bytes=33954
2026-03-14 02:43:43.650 edge /healthz status=200 upstream=B rt_ms=371 bytes=31105
2026-03-14 02:43:44.515 edge /api/orders status=200 upstream=B rt_ms=229 bytes=13214
2026-03-14 02:43:44.603 edge /healthz status=200 upstream=B rt_ms=49 bytes=12456
2026-03-14 02:43:45.413 edge /static/style.css status=200 upstream=B rt_ms=88 bytes=40916
2026-03-14 02:43:45.676 edge /api/orders status=502 upstream=B rt_ms=237 bytes=8200
2026-03-14 02:43:46.319 edge / status=200 upstream=B rt_ms=346 bytes=35523
2026-03-14 02:43:46.356 edge /healthz status=502 upstream=B rt_ms=23 bytes=38979
2026-03-14 02:43:46.888 edge /api/events status=502 upstream=B rt_ms=184 bytes=34327
2026-03-14 02:43:47.990 edge /static/style.css status=200 upstream=B rt_ms=382 bytes=6180
2026-03-14 02:43:48.499 edge /api/events status=200 upstream=B rt_ms=10 bytes=32229
2026-03-14 02:43:48.660 edge /static/style.css status=200 upstream=B rt_ms=271 bytes=27405
2026-03-14 02:43:50.560 edge /static/style.css status=502 upstream=B rt_ms=289 bytes=27278
2026-03-14 02:43:50.726 edge / status=200 upstream=B rt_ms=36 bytes=28440
2026-03-14 02:43:51.004 edge / status=200 upstream=B rt_ms=181 bytes=37246
2026-03-14 02:43:52.117 edge /healthz status=500 upstream=B rt_ms=381 bytes=30109
2026-03-14 02:43:57.062 edge / status=200 upstream=B rt_ms=106 bytes=2900
2026-03-14 02:43:57.804 edge /api/events status=502 upstream=B rt_ms=370 bytes=12779
2026-03-14 02:43:58.027 edge / status=200 upstream=B rt_ms=42 bytes=26722
2026-03-14 02:43:59.625 edge / status=200 upstream=B rt_ms=32 bytes=14328
2026-03-14 02:43:59.801 edge /api/orders status=200 upstream=B rt_ms=37 bytes=40127
2026-03-14 02:44:00.589 edge /api/orders status=500 upstream=B rt_ms=367 bytes=4908
2026-03-14 02:44:02.105 edge /api/events status=200 upstream=B rt_ms=259 bytes=26144
2026-03-14 02:44:02.420 edge /healthz status=200 upstream=B rt_ms=236 bytes=17628
2026-03-14 02:44:03.486 edge /static/style.css status=502 upstream=B rt_ms=235 bytes=19197
2026-03-14 02:44:06.146 edge /healthz status=200 upstream=B rt_ms=72 bytes=15906
2026-03-14 02:44:12.340 edge /healthz status=200 upstream=B rt_ms=219 bytes=33414
2026-03-14 02:44:12.543 edge /static/style.css status=502 upstream=B rt_ms=348 bytes=16278
2026-03-14 02:44:13.806 edge /static/style.css status=502 upstream=B rt_ms=125 bytes=25552
2026-03-14 02:44:16.396 edge / status=502 upstream=B rt_ms=351 bytes=14544
2026-03-14 02:44:17.100 edge /api/orders status=502 upstream=B rt_ms=330 bytes=6119
2026-03-14 02:44:19.285 edge /healthz status=502 upstream=B rt_ms=248 bytes=17087
2026-03-14 02:44:19.733 edge /healthz status=404 upstream=B rt_ms=264 bytes=19279
2026-03-14 02:44:19.872 edge /static/style.css status=200 upstream=B rt_ms=364 bytes=11462
2026-03-14 02:44:20.744 edge /api/events status=502 upstream=B rt_ms=84 bytes=39098
2026-03-14 02:44:21.942 edge /api/events status=502 upstream=B rt_ms=19 bytes=22427
2026-03-14 02:44:22.703 edge /api/orders status=502 upstream=B rt_ms=353 bytes=23082
2026-03-14 02:44:23.134 edge /api/events status=200 upstream=B rt_ms=122 bytes=17441
2026-03-14 02:44:25.597 edge /api/events status=502 upstream=B rt_ms=292 bytes=26857
2026-03-14 02:44:26.052 edge /healthz status=200 upstream=B rt_ms=49 bytes=21508
2026-03-14 02:44:26.460 edge /healthz status=200 upstream=B rt_ms=293 bytes=312
2026-03-14 02:44:26.931 edge / status=200 upstream=B rt_ms=162 bytes=14819
2026-03-14 02:44:27.971 edge /api/events status=502 upstream=B rt_ms=121 bytes=16714
2026-03-14 02:44:28.072 edge /healthz status=200 upstream=B rt_ms=105 bytes=6344
2026-03-14 02:44:29.020 edge /api/events status=500 upstream=B rt_ms=16 bytes=37738
2026-03-14 02:44:29.802 edge /api/events status=200 upstream=B rt_ms=390 bytes=32441
2026-03-14 02:44:33.348 edge /api/events status=502 upstream=B rt_ms=88 bytes=12179
2026-03-14 02:44:35.994 edge /api/orders status=200 upstream=B rt_ms=154 bytes=6770
2026-03-14 02:44:36.993 edge /api/events status=502 upstream=B rt_ms=204 bytes=37348
2026-03-14 02:44:37.706 edge / status=200 upstream=B rt_ms=128 bytes=40949
2026-03-14 02:44:40.987 edge /api/orders status=200 upstream=B rt_ms=280 bytes=1056
2026-03-14 02:44:41.539 edge /api/orders status=502 upstream=B rt_ms=359 bytes=15054
2026-03-14 02:44:43.319 edge / status=200 upstream=B rt_ms=218 bytes=33836
2026-03-14 02:44:43.678 edge /healthz status=502 upstream=B rt_ms=391 bytes=38111
2026-03-14 02:44:43.802 edge /api/events status=502 upstream=B rt_ms=124 bytes=40072
2026-03-14 02:44:45.572 edge /api/events status=200 upstream=B rt_ms=36 bytes=10016
2026-03-14 02:44:46.581 edge /healthz status=200 upstream=B rt_ms=65 bytes=11622
2026-03-14 02:44:51.019 edge / status=502 upstream=B rt_ms=9 bytes=25123
2026-03-14 02:44:51.878 edge /healthz status=502 upstream=B rt_ms=388 bytes=20048
2026-03-14 02:44:57.012 edge /healthz status=502 upstream=B rt_ms=139 bytes=14464
2026-03-14 02:44:57.015 edge /static/style.css status=200 upstream=B rt_ms=108 bytes=12721
2026-03-14 02:44:59.312 edge /api/events status=502 upstream=B rt_ms=113 bytes=2257
2026-03-14 02:45:01.901 edge /healthz status=404 upstream=B rt_ms=4 bytes=24179
2026-03-14 02:45:01.912 edge /api/events status=502 upstream=B rt_ms=9 bytes=18706
2026-03-14 02:45:04.031 edge /api/orders status=200 upstream=B rt_ms=215 bytes=39493
2026-03-14 02:45:09.158 edge /static/style.css status=502 upstream=B rt_ms=173 bytes=20430
2026-03-14 02:45:10.598 edge /api/events status=404 upstream=B rt_ms=269 bytes=35297
2026-03-14 02:45:10.788 edge /api/events status=404 upstream=B rt_ms=23 bytes=10495
2026-03-14 02:45:11.137 edge /api/events status=502 upstream=B rt_ms=189 bytes=3883
2026-03-14 02:45:12.342 edge /api/orders status=200 upstream=B rt_ms=332 bytes=3157
2026-03-14 02:45:12.612 edge /healthz status=200 upstream=B rt_ms=330 bytes=21723
2026-03-14 02:45:13.893 edge /healthz status=200 upstream=B rt_ms=236 bytes=36479
2026-03-14 02:45:13.907 edge / status=502 upstream=B rt_ms=315 bytes=4786
2026-03-14 02:45:14.063 edge /api/events status=502 upstream=B rt_ms=283 bytes=11699
2026-03-14 02:45:16.157 edge /healthz status=200 upstream=B rt_ms=275 bytes=34509
2026-03-14 02:45:19.130 edge /static/style.css status=404 upstream=B rt_ms=362 bytes=38511
2026-03-14 02:45:23.965 edge /api/events status=200 upstream=B rt_ms=37 bytes=6371
2026-03-14 02:45:25.067 edge /static/style.css status=200 upstream=B rt_ms=336 bytes=8496
2026-03-14 02:45:25.825 edge /api/orders status=500 upstream=B rt_ms=200 bytes=35116
2026-03-14 02:45:26.912 edge /api/orders status=200 upstream=B rt_ms=389 bytes=27958
2026-03-14 02:45:26.926 edge /api/orders status=200 upstream=B rt_ms=297 bytes=32417
2026-03-14 02:45:28.730 edge /healthz status=404 upstream=B rt_ms=132 bytes=35098
2026-03-14 02:45:30.321 edge /static/style.css status=502 upstream=B rt_ms=126 bytes=10271
2026-03-14 02:45:31.881 edge /api/orders status=200 upstream=B rt_ms=252 bytes=37684
2026-03-14 02:45:32.746 edge /static/style.css status=200 upstream=B rt_ms=78 bytes=8960
2026-03-14 02:45:33.967 edge /api/events status=502 upstream=B rt_ms=362 bytes=21206
2026-03-14 02:45:34.476 edge /api/orders status=502 upstream=B rt_ms=128 bytes=27742
2026-03-14 02:45:35.351 edge / status=502 upstream=B rt_ms=169 bytes=26446
2026-03-14 02:45:35.381 edge /static/style.css status=500 upstream=B rt_ms=137 bytes=2256
2026-03-14 02:45:37.040 edge /healthz status=200 upstream=B rt_ms=39 bytes=1344
2026-03-14 02:45:38.913 edge / status=200 upstream=B rt_ms=398 bytes=2028
2026-03-14 02:45:39.652 edge / status=502 upstream=B rt_ms=344 bytes=17519
2026-03-14 02:45:39.762 edge /api/orders status=500 upstream=B rt_ms=130 bytes=35886
2026-03-14 02:45:39.914 edge / status=502 upstream=B rt_ms=265 bytes=36518
2026-03-14 02:45:41.609 edge / status=200 upstream=B rt_ms=168 bytes=5080
2026-03-14 02:45:41.746 edge / status=200 upstream=B rt_ms=136 bytes=15217
2026-03-14 02:45:43.030 edge / status=502 upstream=B rt_ms=124 bytes=37543
2026-03-14 02:45:43.637 edge /api/orders status=200 upstream=B rt_ms=202 bytes=1269
2026-03-14 02:45:44.553 edge /api/events status=502 upstream=B rt_ms=376 bytes=7783
2026-03-14 02:45:44.588 edge /api/orders status=200 upstream=B rt_ms=65 bytes=26120
2026-03-14 02:45:44.758 edge / status=200 upstream=B rt_ms=377 bytes=23460
2026-03-14 02:45:46.446 edge /healthz status=200 upstream=B rt_ms=370 bytes=9816
2026-03-14 02:45:47.886 edge /healthz status=200 upstream=B rt_ms=268 bytes=2486
2026-03-14 02:45:50.087 edge / status=502 upstream=B rt_ms=354 bytes=33951
2026-03-14 02:45:51.171 edge /api/orders status=404 upstream=B rt_ms=369 bytes=37912
2026-03-14 02:45:51.363 edge /healthz status=200 upstream=B rt_ms=151 bytes=28472
2026-03-14 02:45:52.119 edge /api/events status=200 upstream=B rt_ms=260 bytes=1299
2026-03-14 02:45:54.603 edge / status=200 upstream=B rt_ms=7 bytes=31368
2026-03-14 02:45:55.046 edge /api/orders status=502 upstream=B rt_ms=98 bytes=23761
2026-03-14 02:45:55.809 edge /static/style.css status=200 upstream=B rt_ms=200 bytes=8654
2026-03-14 02:45:55.946 edge / status=502 upstream=B rt_ms=62 bytes=17384
2026-03-14 02:45:58.389 edge /api/events status=200 upstream=B rt_ms=163 bytes=38242
2026-03-14 02:46:00.753 edge /static/style.css status=500 upstream=B rt_ms=167 bytes=16059
2026-03-14 02:46:01.285 edge / status=404 upstream=B rt_ms=271 bytes=23864
2026-03-14 02:46:01.347 edge /api/events status=200 upstream=B rt_ms=74 bytes=13400
2026-03-14 02:46:01.816 edge / status=502 upstream=B rt_ms=77 bytes=11257
2026-03-14 02:46:03.379 edge /api/orders status=200 upstream=B rt_ms=69 bytes=32176
2026-03-14 02:46:03.846 edge /api/events status=200 upstream=B rt_ms=26 bytes=25872
2026-03-14 02:46:04.609 edge / status=404 upstream=B rt_ms=196 bytes=31047
2026-03-14 02:46:04.996 edge /api/orders status=200 upstream=B rt_ms=193 bytes=11533
2026-03-14 02:46:05.173 edge / status=200 upstream=B rt_ms=342 bytes=17378
2026-03-14 02:46:05.322 edge / status=502 upstream=B rt_ms=250 bytes=38435
2026-03-14 02:46:06.369 edge /static/style.css status=200 upstream=B rt_ms=127 bytes=22098
2026-03-14 02:46:07.461 edge / status=200 upstream=B rt_ms=392 bytes=22570
2026-03-14 02:46:07.994 edge /healthz status=200 upstream=B rt_ms=148 bytes=31601
2026-03-14 02:46:08.656 edge /api/orders status=502 upstream=B rt_ms=247 bytes=31210
2026-03-14 02:46:08.683 edge / status=200 upstream=B rt_ms=42 bytes=17637
2026-03-14 02:46:08.781 edge /api/orders status=200 upstream=B rt_ms=218 bytes=5186
2026-03-14 02:46:13.561 edge /api/orders status=200 upstream=B rt_ms=395 bytes=9126
2026-03-14 02:46:14.145 edge /api/orders status=200 upstream=B rt_ms=67 bytes=27000
2026-03-14 02:46:14.210 edge / status=200 upstream=B rt_ms=290 bytes=930
2026-03-14 02:46:14.662 edge / status=200 upstream=B rt_ms=344 bytes=30064
2026-03-14 02:46:15.587 edge /static/style.css status=200 upstream=B rt_ms=226 bytes=12353
2026-03-14 02:46:15.644 edge / status=200 upstream=B rt_ms=283 bytes=39276
2026-03-14 02:46:18.544 edge /api/events status=502 upstream=B rt_ms=250 bytes=13682
2026-03-14 02:46:18.612 edge /static/style.css status=200 upstream=B rt_ms=240 bytes=1661
2026-03-14 02:46:20.898 edge /healthz status=200 upstream=B rt_ms=161 bytes=6130
2026-03-14 02:46:23.134 edge / status=200 upstream=B rt_ms=163 bytes=11372
2026-03-14 02:46:23.441 edge / status=200 upstream=B rt_ms=170 bytes=12382
2026-03-14 02:46:23.570 edge / status=200 upstream=B rt_ms=45 bytes=15334
2026-03-14 02:46:23.578 edge /healthz status=200 upstream=B rt_ms=262 bytes=32735
2026-03-14 02:46:24.874 edge / status=502 upstream=B rt_ms=38 bytes=4080
2026-03-14 02:46:26.744 edge /static/style.css status=404 upstream=B rt_ms=31 bytes=21505
2026-03-14 02:46:27.144 edge /api/orders status=500 upstream=B rt_ms=97 bytes=34647
2026-03-14 02:46:29.974 edge /static/style.css status=200 upstream=B rt_ms=386 bytes=34713
2026-03-14 02:46:30.795 edge /api/orders status=200 upstream=B rt_ms=49 bytes=11079
2026-03-14 02:46:33.322 edge /static/style.css status=200 upstream=B rt_ms=164 bytes=31133
2026-03-14 02:46:36.352 edge /static/style.css status=502 upstream=B rt_ms=369 bytes=34811
2026-03-14 02:46:36.671 edge /healthz status=200 upstream=B rt_ms=19 bytes=27441
2026-03-14 02:46:36.921 edge /api/events status=502 upstream=B rt_ms=300 bytes=4948
2026-03-14 02:46:37.243 edge /api/events status=502 upstream=B rt_ms=115 bytes=11500
2026-03-14 02:46:38.398 edge /api/events status=502 upstream=B rt_ms=139 bytes=13475
2026-03-14 02:46:40.197 edge /api/events status=200 upstream=B rt_ms=196 bytes=15890
2026-03-14 02:46:40.394 edge /healthz status=200 upstream=B rt_ms=226 bytes=41442
2026-03-14 02:46:40.936 edge /static/style.css status=502 upstream=B rt_ms=316 bytes=29947
2026-03-14 02:46:41.667 edge / status=200 upstream=B rt_ms=266 bytes=5472
2026-03-14 02:46:43.273 edge /healthz status=502 upstream=B rt_ms=381 bytes=24876
2026-03-14 02:46:44.009 edge /api/events status=200 upstream=B rt_ms=126 bytes=23539
2026-03-14 02:46:44.953 edge / status=502 upstream=B rt_ms=376 bytes=17686
2026-03-14 02:46:46.878 edge /api/events status=502 upstream=B rt_ms=146 bytes=31445
2026-03-14 02:46:48.068 edge /static/style.css status=502 upstream=B rt_ms=23 bytes=34481
2026-03-14 02:46:49.891 edge /static/style.css status=200 upstream=B rt_ms=205 bytes=13976
2026-03-14 02:46:52.026 edge / status=502 upstream=B rt_ms=372 bytes=15822
2026-03-14 02:46:53.117 edge /api/events status=502 upstream=B rt_ms=257 bytes=17619
2026-03-14 02:46:53.271 edge /healthz status=200 upstream=B rt_ms=106 bytes=37954
2026-03-14 02:46:53.882 edge /static/style.css status=502 upstream=B rt_ms=83 bytes=28916
2026-03-14 02:46:55.455 edge / status=200 upstream=B rt_ms=8 bytes=18068
2026-03-14 02:46:57.591 edge /healthz status=502 upstream=B rt_ms=90 bytes=3851
2026-03-14 02:46:57.915 edge /static/style.css status=200 upstream=B rt_ms=157 bytes=30284
2026-03-14 02:47:01.588 edge /api/orders status=200 upstream=B rt_ms=183 bytes=31555
2026-03-14 02:47:01.589 edge / status=200 upstream=B rt_ms=179 bytes=34486
2026-03-14 02:47:01.616 edge / status=502 upstream=B rt_ms=240 bytes=21619
2026-03-14 02:47:02.256 edge /healthz status=200 upstream=B rt_ms=161 bytes=29588
2026-03-14 02:47:02.269 edge / status=502 upstream=B rt_ms=147 bytes=30833
2026-03-14 02:47:02.602 edge /healthz status=502 upstream=B rt_ms=253 bytes=9087
2026-03-14 02:47:05.647 edge / status=500 upstream=B rt_ms=278 bytes=31532
2026-03-14 02:47:07.323 edge / status=502 upstream=B rt_ms=244 bytes=7755
2026-03-14 02:47:08.146 edge / status=200 upstream=B rt_ms=104 bytes=38804
2026-03-14 02:47:08.917 edge /static/style.css status=502 upstream=B rt_ms=3 bytes=37887
2026-03-14 02:47:09.571 edge /static/style.css status=502 upstream=B rt_ms=46 bytes=10092
2026-03-14 02:47:10.787 edge / status=200 upstream=B rt_ms=382 bytes=24119
2026-03-14 02:47:11.487 edge /api/orders status=502 upstream=B rt_ms=127 bytes=32361
2026-03-14 02:47:14.703 edge /healthz status=200 upstream=B rt_ms=12 bytes=34536
2026-03-14 02:47:16.644 edge /api/events status=200 upstream=B rt_ms=92 bytes=11012
2026-03-14 02:47:17.694 edge /static/style.css status=502 upstream=B rt_ms=131 bytes=41090
2026-03-14 02:47:21.572 edge /api/events status=404 upstream=B rt_ms=20 bytes=27826
2026-03-14 02:47:22.334 edge /api/orders status=200 upstream=B rt_ms=288 bytes=22323
2026-03-14 02:47:25.129 edge / status=502 upstream=B rt_ms=161 bytes=1691
2026-03-14 02:47:25.557 edge /static/style.css status=200 upstream=B rt_ms=384 bytes=2260
2026-03-14 02:47:26.840 edge /api/events status=200 upstream=B rt_ms=90 bytes=5607
2026-03-14 02:47:27.323 edge / status=200 upstream=B rt_ms=25 bytes=23434
2026-03-14 02:47:28.791 edge / status=200 upstream=B rt_ms=284 bytes=29302
2026-03-14 02:47:28.996 edge / status=200 upstream=B rt_ms=97 bytes=34682
2026-03-14 02:47:29.140 edge /healthz status=200 upstream=B rt_ms=62 bytes=16819
2026-03-14 02:47:29.288 edge /healthz status=200 upstream=B rt_ms=319 bytes=32894
2026-03-14 02:47:30.401 edge / status=502 upstream=B rt_ms=327 bytes=22917
2026-03-14 02:47:30.413 edge /healthz status=502 upstream=B rt_ms=58 bytes=19485
2026-03-14 02:47:32.824 edge /api/events status=502 upstream=B rt_ms=31 bytes=21164
2026-03-14 02:47:33.722 edge /api/orders status=200 upstream=B rt_ms=83 bytes=13490
2026-03-14 02:47:35.938 edge / status=404 upstream=B rt_ms=282 bytes=24277
2026-03-14 02:47:35.998 edge /api/orders status=502 upstream=B rt_ms=196 bytes=968
2026-03-14 02:47:38.334 edge /api/events status=502 upstream=B rt_ms=325 bytes=29864
2026-03-14 02:47:40.018 edge /healthz status=500 upstream=B rt_ms=348 bytes=1625
2026-03-14 02:47:40.522 edge /static/style.css status=200 upstream=B rt_ms=397 bytes=22422
2026-03-14 02:47:40.728 edge /static/style.css status=200 upstream=B rt_ms=259 bytes=17565
2026-03-14 02:47:41.003 edge /api/orders status=200 upstream=B rt_ms=302 bytes=11844
2026-03-14 02:47:43.886 edge /api/orders status=502 upstream=B rt_ms=42 bytes=18935
2026-03-14 02:47:44.074 edge / status=200 upstream=B rt_ms=30 bytes=33318
2026-03-14 02:47:44.767 edge / status=200 upstream=B rt_ms=60 bytes=39518
2026-03-14 02:47:46.521 edge /healthz status=200 upstream=B rt_ms=200 bytes=4454
2026-03-14 02:47:47.559 edge /api/orders status=200 upstream=B rt_ms=222 bytes=10249
2026-03-14 02:47:54.661 edge / status=200 upstream=B rt_ms=71 bytes=9447
2026-03-14 02:47:54.949 edge /healthz status=500 upstream=B rt_ms=247 bytes=7805
2026-03-14 02:47:56.337 edge /api/events status=200 upstream=B rt_ms=202 bytes=17028
2026-03-14 02:47:56.729 edge /static/style.css status=502 upstream=B rt_ms=174 bytes=31331
2026-03-14 02:47:59.351 edge /api/orders status=502 upstream=B rt_ms=300 bytes=26192
2026-03-14 02:48:01.452 edge / status=502 upstream=B rt_ms=209 bytes=35692
2026-03-14 02:48:02.328 edge /api/orders status=502 upstream=B rt_ms=33 bytes=15943
2026-03-14 02:48:02.575 edge /healthz status=200 upstream=B rt_ms=399 bytes=13451
2026-03-14 02:48:03.806 edge /healthz status=200 upstream=B rt_ms=172 bytes=36410
2026-03-14 02:48:04.895 edge /healthz status=200 upstream=B rt_ms=341 bytes=30556
2026-03-14 02:48:05.544 edge /healthz status=200 upstream=B rt_ms=242 bytes=5900
2026-03-14 02:48:08.280 edge / status=502 upstream=B rt_ms=107 bytes=40881
2026-03-14 02:48:09.739 edge /api/orders status=502 upstream=B rt_ms=339 bytes=5839
2026-03-14 02:48:09.817 edge /api/orders status=200 upstream=B rt_ms=319 bytes=41154
2026-03-14 02:48:09.913 edge / status=200 upstream=B rt_ms=397 bytes=7575
2026-03-14 02:48:11.232 edge /api/events status=502 upstream=B rt_ms=262 bytes=1318
2026-03-14 02:48:11.924 edge /healthz status=200 upstream=B rt_ms=340 bytes=23769
2026-03-14 02:48:14.685 edge / status=502 upstream=B rt_ms=9 bytes=4858
2026-03-14 02:48:17.730 edge /healthz status=200 upstream=B rt_ms=26 bytes=895
2026-03-14 02:48:18.888 edge / status=200 upstream=B rt_ms=214 bytes=36094
2026-03-14 02:48:19.567 edge /static/style.css status=502 upstream=B rt_ms=320 bytes=4754
2026-03-14 02:48:20.332 edge /static/style.css status=502 upstream=B rt_ms=231 bytes=35860
2026-03-14 02:48:21.155 edge /static/style.css status=200 upstream=B rt_ms=85 bytes=11129
2026-03-14 02:48:21.908 edge /static/style.css status=200 upstream=B rt_ms=342 bytes=31846
2026-03-14 02:48:21.959 edge /healthz status=404 upstream=B rt_ms=353 bytes=10533
2026-03-14 02:48:23.046 edge /api/events status=200 upstream=B rt_ms=162 bytes=7911
2026-03-14 02:48:24.624 edge /api/events status=404 upstream=B rt_ms=355 bytes=3843
2026-03-14 02:48:25.264 edge / status=200 upstream=B rt_ms=282 bytes=26422
2026-03-14 02:48:26.558 edge /static/style.css status=500 upstream=B rt_ms=21 bytes=7710
2026-03-14 02:48:26.696 edge /healthz status=200 upstream=B rt_ms=5 bytes=18282
2026-03-14 02:48:26.737 edge / status=200 upstream=B rt_ms=35 bytes=31250
2026-03-14 02:48:28.783 edge /api/orders status=200 upstream=B rt_ms=266 bytes=33684
2026-03-14 02:48:29.115 edge /static/style.css status=502 upstream=B rt_ms=29 bytes=31640
2026-03-14 02:48:31.941 edge / status=502 upstream=B rt_ms=235 bytes=22571
2026-03-14 02:48:32.562 edge /healthz status=200 upstream=B rt_ms=45 bytes=36815
2026-03-14 02:48:33.287 edge /api/events status=200 upstream=B rt_ms=16 bytes=40467
2026-03-14 02:48:33.711 edge /healthz status=502 upstream=B rt_ms=55 bytes=18931
2026-03-14 02:48:37.910 edge /healthz status=200 upstream=B rt_ms=82 bytes=13525
2026-03-14 02:48:39.827 edge /api/orders status=502 upstream=B rt_ms=28 bytes=11319
2026-03-14 02:48:40.312 edge /static/style.css status=200 upstream=B rt_ms=160 bytes=6150
2026-03-14 02:48:42.127 edge /healthz status=200 upstream=B rt_ms=291 bytes=14370
2026-03-14 02:48:42.388 edge /static/style.css status=200 upstream=B rt_ms=240 bytes=38393
2026-03-14 02:48:43.005 edge /healthz status=502 upstream=B rt_ms=246 bytes=28211
2026-03-14 02:48:43.253 edge /api/orders status=200 upstream=B rt_ms=149 bytes=5055
2026-03-14 02:48:43.389 edge / status=200 upstream=B rt_ms=241 bytes=7184
2026-03-14 02:48:45.331 edge /api/orders status=502 upstream=B rt_ms=160 bytes=33836
2026-03-14 02:48:47.677 edge /static/style.css status=200 upstream=B rt_ms=25 bytes=31151
2026-03-14 02:48:47.947 edge /api/events status=502 upstream=B rt_ms=266 bytes=35476
2026-03-14 02:48:48.307 edge /api/events status=200 upstream=B rt_ms=146 bytes=27487
2026-03-14 02:48:48.904 edge /static/style.css status=502 upstream=B rt_ms=375 bytes=1079
2026-03-14 02:48:49.807 edge /static/style.css status=502 upstream=B rt_ms=342 bytes=28979
2026-03-14 02:48:50.936 edge / status=200 upstream=B rt_ms=250 bytes=3625
2026-03-14 02:48:51.900 edge /healthz status=502 upstream=B rt_ms=119 bytes=17573
2026-03-14 02:48:52.217 edge / status=502 upstream=B rt_ms=24 bytes=26938
2026-03-14 02:48:52.911 edge / status=200 upstream=B rt_ms=176 bytes=4019
2026-03-14 02:48:56.250 edge /api/orders status=200 upstream=B rt_ms=173 bytes=7780
2026-03-14 02:48:56.565 edge / status=200 upstream=B rt_ms=305 bytes=21537
2026-03-14 02:48:59.719 edge /static/style.css status=502 upstream=B rt_ms=340 bytes=14819
2026-03-14 02:49:00.503 edge /api/orders status=502 upstream=B rt_ms=51 bytes=27103
2026-03-14 02:49:01.681 edge /static/style.css status=200 upstream=B rt_ms=73 bytes=369
2026-03-14 02:49:01.835 edge /healthz status=200 upstream=B rt_ms=27 bytes=17114
2026-03-14 02:49:04.458 edge /static/style.css status=200 upstream=B rt_ms=360 bytes=32631
2026-03-14 02:49:05.606 edge /api/orders status=200 upstream=B rt_ms=206 bytes=717
2026-03-14 02:49:06.499 edge /healthz status=200 upstream=B rt_ms=179 bytes=38809
2026-03-14 02:49:07.798 edge /api/events status=502 upstream=B rt_ms=142 bytes=25705
2026-03-14 02:49:07.918 edge /api/events status=200 upstream=B rt_ms=113 bytes=8267
2026-03-14 02:49:08.340 edge /healthz status=502 upstream=B rt_ms=245 bytes=17426
2026-03-14 02:49:08.425 edge /api/events status=200 upstream=B rt_ms=143 bytes=29032
2026-03-14 02:49:09.500 edge /healthz status=502 upstream=B rt_ms=78 bytes=39049
2026-03-14 02:49:10.205 edge /api/events status=200 upstream=B rt_ms=26 bytes=4435
2026-03-14 02:49:11.300 edge /api/orders status=200 upstream=B rt_ms=272 bytes=41314
2026-03-14 02:49:11.302 edge /api/events status=502 upstream=B rt_ms=154 bytes=29385
2026-03-14 02:49:11.689 edge /static/style.css status=200 upstream=B rt_ms=221 bytes=1237
2026-03-14 02:49:11.856 edge /api/orders status=200 upstream=B rt_ms=115 bytes=8513
2026-03-14 02:49:13.642 edge /healthz status=200 upstream=B rt_ms=319 bytes=9471
2026-03-14 02:49:14.886 edge /api/events status=502 upstream=B rt_ms=69 bytes=637
2026-03-14 02:49:15.289 edge /healthz status=500 upstream=B rt_ms=210 bytes=15155
2026-03-14 02:49:15.304 edge / status=200 upstream=B rt_ms=215 bytes=35847
2026-03-14 02:49:16.229 edge /static/style.css status=404 upstream=B rt_ms=328 bytes=6993
2026-03-14 02:49:16.914 edge / status=200 upstream=B rt_ms=41 bytes=18447
2026-03-14 02:49:17.685 edge /static/style.css status=200 upstream=B rt_ms=34 bytes=33634
2026-03-14 02:49:18.374 edge /healthz status=200 upstream=B rt_ms=364 bytes=27584
2026-03-14 02:49:18.638 edge /api/events status=200 upstream=B rt_ms=292 bytes=17780
2026-03-14 02:49:18.867 edge /static/style.css status=200 upstream=B rt_ms=10 bytes=13580
2026-03-14 02:49:20.285 edge /api/events status=200 upstream=B rt_ms=139 bytes=35795
2026-03-14 02:49:20.847 edge /api/orders status=200 upstream=B rt_ms=190 bytes=26054
2026-03-14 02:49:20.891 edge /api/orders status=502 upstream=B rt_ms=129 bytes=9827
2026-03-14 02:49:23.334 edge /api/orders status=502 upstream=B rt_ms=196 bytes=39369
2026-03-14 02:49:24.197 edge /static/style.css status=200 upstream=B rt_ms=19 bytes=18078
2026-03-14 02:49:25.566 edge /api/orders status=200 upstream=B rt_ms=282 bytes=27417
2026-03-14 02:49:26.547 edge /healthz status=200 upstream=B rt_ms=271 bytes=31514
2026-03-14 02:49:26.822 edge /api/events status=200 upstream=B rt_ms=393 bytes=10096
2026-03-14 02:49:28.311 edge /healthz status=200 upstream=B rt_ms=229 bytes=32100
2026-03-14 02:49:28.728 edge /api/orders status=502 upstream=B rt_ms=352 bytes=35866
2026-03-14 02:49:29.054 edge /static/style.css status=200 upstream=B rt_ms=337 bytes=17710
2026-03-14 02:49:30.662 edge /api/orders status=502 upstream=B rt_ms=176 bytes=32163
2026-03-14 02:49:31.572 edge /healthz status=502 upstream=B rt_ms=396 bytes=39231
2026-03-14 02:49:32.473 edge /api/orders status=502 upstream=B rt_ms=226 bytes=41647
2026-03-14 02:49:32.673 edge /api/orders status=200 upstream=B rt_ms=63 bytes=11473
2026-03-14 02:49:33.065 edge /static/style.css status=500 upstream=B rt_ms=214 bytes=8938
2026-03-14 02:49:37.057 edge /api/events status=200 upstream=B rt_ms=117 bytes=18692
2026-03-14 02:49:38.592 edge /healthz status=200 upstream=B rt_ms=104 bytes=23392
2026-03-14 02:49:38.675 edge /healthz status=502 upstream=B rt_ms=278 bytes=19674
2026-03-14 02:49:38.690 edge /api/orders status=502 upstream=B rt_ms=275 bytes=36549
2026-03-14 02:49:41.095 edge /api/events status=502 upstream=B rt_ms=114 bytes=16327
2026-03-14 02:49:41.273 edge /healthz status=200 upstream=B rt_ms=279 bytes=19922
2026-03-14 02:49:44.031 edge / status=502 upstream=B rt_ms=83 bytes=25849
2026-03-14 02:49:44.911 edge /static/style.css status=200 upstream=B rt_ms=229 bytes=21816
2026-03-14 02:49:46.985 edge /api/events status=502 upstream=B rt_ms=360 bytes=31868
2026-03-14 02:49:47.299 edge /api/events status=200 upstream=B rt_ms=285 bytes=14301
2026-03-14 02:49:47.369 edge /api/events status=200 upstream=B rt_ms=269 bytes=13536
2026-03-14 02:49:49.737 edge /api/events status=200 upstream=B rt_ms=275 bytes=15775
2026-03-14 02:49:50.115 edge /static/style.css status=502 upstream=B rt_ms=384 bytes=39819
2026-03-14 02:49:52.389 edge / status=502 upstream=B rt_ms=259 bytes=37177
2026-03-14 02:49:52.624 edge /healthz status=200 upstream=B rt_ms=126 bytes=23508
2026-03-14 02:49:55.923 edge / status=502 upstream=B rt_ms=138 bytes=1227
2026-03-14 02:49:57.154 edge /api/events status=200 upstream=B rt_ms=233 bytes=14349
2026-03-14 02:49:58.205 edge /api/events status=200 upstream=B rt_ms=227 bytes=25024
2026-03-14 02:49:58.408 edge /api/events status=502 upstream=B rt_ms=139 bytes=17602
2026-03-14 02:50:00.382 edge /healthz status=502 upstream=B rt_ms=93 bytes=24870
2026-03-14 02:50:01.451 edge /api/orders status=200 upstream=B rt_ms=5 bytes=27312
2026-03-14 02:50:01.641 edge /api/orders status=200 upstream=B rt_ms=329 bytes=27939
2026-03-14 02:50:02.494 edge /static/style.css status=200 upstream=B rt_ms=146 bytes=21482
2026-03-14 02:50:03.787 edge /healthz status=502 upstream=B rt_ms=348 bytes=16829
2026-03-14 02:50:06.650 edge /api/orders status=200 upstream=B rt_ms=113 bytes=4454
2026-03-14 02:50:07.097 edge /api/events status=404 upstream=B rt_ms=99 bytes=6477
2026-03-14 02:50:07.619 edge /api/orders status=502 upstream=B rt_ms=2 bytes=30678
2026-03-14 02:50:10.053 edge /api/events status=200 upstream=B rt_ms=309 bytes=35481
2026-03-14 02:50:10.345 edge / status=502 upstream=B rt_ms=255 bytes=7631
2026-03-14 02:50:12.704 edge /healthz status=200 upstream=B rt_ms=69 bytes=22763
2026-03-14 02:50:16.827 edge /api/orders status=200 upstream=B rt_ms=309 bytes=39100
2026-03-14 02:50:16.906 edge /api/events status=502 upstream=B rt_ms=113 bytes=12604
2026-03-14 02:50:16.907 edge /api/orders status=200 upstream=B rt_ms=338 bytes=228
2026-03-14 02:50:17.231 edge /api/events status=500 upstream=B rt_ms=87 bytes=7421
2026-03-14 02:50:17.866 edge /api/events status=500 upstream=B rt_ms=183 bytes=36401
2026-03-14 02:50:18.197 edge /static/style.css status=200 upstream=B rt_ms=50 bytes=38140
2026-03-14 02:50:19.429 edge /healthz status=200 upstream=B rt_ms=8 bytes=21511
2026-03-14 02:50:20.403 edge /api/orders status=200 upstream=B rt_ms=52 bytes=7480
2026-03-14 02:50:20.793 edge /api/orders status=502 upstream=B rt_ms=213 bytes=5241
2026-03-14 02:50:21.419 edge /api/orders status=200 upstream=B rt_ms=214 bytes=40608
2026-03-14 02:50:22.251 edge /healthz status=502 upstream=B rt_ms=99 bytes=28929
2026-03-14 02:50:23.276 edge /api/events status=200 upstream=B rt_ms=392 bytes=33914
2026-03-14 02:50:23.382 edge /api/orders status=200 upstream=B rt_ms=86 bytes=6677
2026-03-14 02:50:23.529 edge /api/orders status=200 upstream=B rt_ms=268 bytes=8929
2026-03-14 02:50:24.922 edge / status=200 upstream=B rt_ms=271 bytes=41395
2026-03-14 02:50:25.722 edge / status=200 upstream=B rt_ms=171 bytes=23777
2026-03-14 02:50:26.708 edge /api/events status=200 upstream=B rt_ms=129 bytes=40748
2026-03-14 02:50:27.631 edge /static/style.css status=502 upstream=B rt_ms=100 bytes=37542
2026-03-14 02:50:30.459 edge /healthz status=502 upstream=B rt_ms=249 bytes=22162
2026-03-14 02:50:30.541 edge /api/events status=502 upstream=B rt_ms=227 bytes=40686
2026-03-14 02:50:30.626 edge /healthz status=502 upstream=B rt_ms=385 bytes=8870
2026-03-14 02:50:32.010 edge /api/events status=200 upstream=B rt_ms=353 bytes=36004
2026-03-14 02:50:32.512 edge / status=200 upstream=B rt_ms=371 bytes=10687
2026-03-14 02:50:34.069 edge /api/orders status=200 upstream=B rt_ms=313 bytes=12190
2026-03-14 02:50:36.147 edge /healthz status=200 upstream=B rt_ms=133 bytes=40027
2026-03-14 02:50:36.389 edge /api/events status=200 upstream=B rt_ms=198 bytes=6718
2026-03-14 02:50:36.484 edge /api/events status=502 upstream=B rt_ms=172 bytes=35334
2026-03-14 02:50:38.823 edge /healthz status=200 upstream=B rt_ms=217 bytes=25816
2026-03-14 02:50:42.351 edge /api/events status=200 upstream=B rt_ms=162 bytes=10435
2026-03-14 02:50:42.408 edge /healthz status=200 upstream=B rt_ms=173 bytes=9324
2026-03-14 02:50:43.146 edge /api/orders status=200 upstream=B rt_ms=78 bytes=30385
2026-03-14 02:50:43.614 edge /api/events status=502 upstream=B rt_ms=220 bytes=18488
2026-03-14 02:50:43.887 edge /api/orders status=502 upstream=B rt_ms=133 bytes=11583
2026-03-14 02:50:44.649 edge /api/events status=502 upstream=B rt_ms=367 bytes=5640
2026-03-14 02:50:47.803 edge /api/orders status=502 upstream=B rt_ms=360 bytes=8861
2026-03-14 02:50:48.210 edge /healthz status=200 upstream=B rt_ms=209 bytes=34949
2026-03-14 02:50:48.619 edge /healthz status=200 upstream=B rt_ms=302 bytes=27294
2026-03-14 02:50:49.667 edge / status=200 upstream=B rt_ms=363 bytes=18497
2026-03-14 02:50:51.268 edge / status=200 upstream=B rt_ms=288 bytes=30333
2026-03-14 02:50:51.302 edge / status=502 upstream=B rt_ms=186 bytes=27973
2026-03-14 02:50:53.131 edge /api/events status=200 upstream=B rt_ms=29 bytes=8500
2026-03-14 02:50:53.363 edge /healthz status=500 upstream=B rt_ms=18 bytes=30124
2026-03-14 02:50:54.333 edge /healthz status=200 upstream=B rt_ms=200 bytes=34197
2026-03-14 02:50:55.359 edge / status=502 upstream=B rt_ms=90 bytes=31056
2026-03-14 02:50:57.198 edge /static/style.css status=200 upstream=B rt_ms=343 bytes=33277
2026-03-14 02:50:57.747 edge /static/style.css status=404 upstream=B rt_ms=378 bytes=20457
2026-03-14 02:50:57.812 edge /healthz status=200 upstream=B rt_ms=116 bytes=13468
2026-03-14 02:51:00.096 edge /static/style.css status=502 upstream=B rt_ms=133 bytes=6001
2026-03-14 02:51:00.852 edge /api/orders status=200 upstream=B rt_ms=36 bytes=9538
2026-03-14 02:51:01.478 edge /api/events status=502 upstream=B rt_ms=252 bytes=1964
2026-03-14 02:51:03.073 edge /api/orders status=200 upstream=B rt_ms=17 bytes=29637
2026-03-14 02:51:03.657 edge /api/events status=502 upstream=B rt_ms=368 bytes=18106
2026-03-14 02:51:04.131 edge /api/events status=200 upstream=B rt_ms=153 bytes=20048
2026-03-14 02:51:04.914 edge /static/style.css status=502 upstream=B rt_ms=188 bytes=37433
2026-03-14 02:51:05.503 edge /healthz status=200 upstream=B rt_ms=78 bytes=1024
2026-03-14 02:51:06.463 edge / status=502 upstream=B rt_ms=161 bytes=14514
2026-03-14 02:51:07.624 edge / status=502 upstream=B rt_ms=65 bytes=5367
2026-03-14 02:51:10.525 edge / status=200 upstream=B rt_ms=49 bytes=6780
2026-03-14 02:51:12.569 edge /healthz status=200 upstream=B rt_ms=331 bytes=32187
2026-03-14 02:51:13.220 edge /api/events status=502 upstream=B rt_ms=32 bytes=692
2026-03-14 02:51:13.849 edge / status=200 upstream=B rt_ms=185 bytes=28537
2026-03-14 02:51:14.013 edge /api/events status=404 upstream=B rt_ms=71 bytes=27795
2026-03-14 02:51:14.308 edge /static/style.css status=200 upstream=B rt_ms=60 bytes=21121
2026-03-14 02:51:17.715 edge /static/style.css status=502 upstream=B rt_ms=176 bytes=8181
2026-03-14 02:51:18.652 edge / status=200 upstream=B rt_ms=391 bytes=33293
2026-03-14 02:51:18.676 edge / status=500 upstream=B rt_ms=219 bytes=27062
2026-03-14 02:51:19.430 edge /api/orders status=502 upstream=B rt_ms=353 bytes=18749
2026-03-14 02:51:19.855 edge / status=502 upstream=B rt_ms=26 bytes=2260
2026-03-14 02:51:20.546 edge /api/orders status=200 upstream=B rt_ms=216 bytes=37396
2026-03-14 02:51:21.045 edge /api/orders status=404 upstream=B rt_ms=336 bytes=24485
2026-03-14 02:51:21.806 edge /api/events status=502 upstream=B rt_ms=127 bytes=30169
2026-03-14 02:51:22.261 edge / status=502 upstream=B rt_ms=234 bytes=18447
2026-03-14 02:51:24.416 edge /api/orders status=200 upstream=B rt_ms=123 bytes=4841
2026-03-14 02:51:24.537 edge /healthz status=200 upstream=B rt_ms=87 bytes=38085
2026-03-14 02:51:25.535 edge /healthz status=200 upstream=B rt_ms=399 bytes=20044
2026-03-14 02:51:26.126 edge /static/style.css status=200 upstream=B rt_ms=209 bytes=17065
2026-03-14 02:51:28.323 edge /static/style.css status=200 upstream=B rt_ms=325 bytes=10831
2026-03-14 02:51:31.910 edge / status=200 upstream=B rt_ms=58 bytes=32212
2026-03-14 02:51:32.368 edge /api/orders status=200 upstream=B rt_ms=217 bytes=8878
2026-03-14 02:51:32.617 edge /static/style.css status=200 upstream=B rt_ms=395 bytes=40405
2026-03-14 02:51:32.702 edge /static/style.css status=500 upstream=B rt_ms=350 bytes=12509
2026-03-14 02:51:34.087 edge /api/events status=404 upstream=B rt_ms=323 bytes=23032
2026-03-14 02:51:34.336 edge /api/events status=200 upstream=B rt_ms=108 bytes=39584
2026-03-14 02:51:34.565 edge /static/style.css status=502 upstream=B rt_ms=24 bytes=5292
2026-03-14 02:51:35.465 edge /static/style.css status=500 upstream=B rt_ms=245 bytes=25173
2026-03-14 02:51:36.760 edge / status=502 upstream=B rt_ms=56 bytes=15653
2026-03-14 02:51:37.425 edge /api/events status=502 upstream=B rt_ms=155 bytes=41450
2026-03-14 02:51:38.191 edge /healthz status=200 upstream=B rt_ms=392 bytes=11874
2026-03-14 02:51:39.400 edge / status=200 upstream=B rt_ms=124 bytes=40690
2026-03-14 02:51:40.700 edge /healthz status=200 upstream=B rt_ms=160 bytes=4241
2026-03-14 02:51:41.434 edge / status=200 upstream=B rt_ms=15 bytes=23571
2026-03-14 02:51:42.482 edge /api/events status=200 upstream=B rt_ms=156 bytes=27758
2026-03-14 02:51:44.427 edge / status=502 upstream=B rt_ms=181 bytes=27180
2026-03-14 02:51:44.973 edge / status=502 upstream=B rt_ms=176 bytes=35705
2026-03-14 02:51:45.597 edge /healthz status=200 upstream=B rt_ms=254 bytes=32174
2026-03-14 02:51:45.976 edge / status=502 upstream=B rt_ms=208 bytes=40197
2026-03-14 02:51:46.429 edge /healthz status=200 upstream=B rt_ms=67 bytes=6893
2026-03-14 02:51:47.412 edge /healthz status=200 upstream=B rt_ms=396 bytes=27009
2026-03-14 02:51:49.348 edge / status=200 upstream=B rt_ms=63 bytes=32773
2026-03-14 02:51:51.115 edge /healthz status=200 upstream=B rt_ms=183 bytes=16003
2026-03-14 02:51:51.725 edge /healthz status=502 upstream=B rt_ms=348 bytes=33691
2026-03-14 02:51:52.953 edge /healthz status=502 upstream=B rt_ms=280 bytes=39368
2026-03-14 02:51:53.236 edge /api/orders status=502 upstream=B rt_ms=39 bytes=28679
2026-03-14 02:51:54.835 edge /static/style.css status=500 upstream=B rt_ms=331 bytes=1782
2026-03-14 02:51:55.035 edge /static/style.css status=502 upstream=B rt_ms=84 bytes=37466
2026-03-14 02:51:55.594 edge /healthz status=502 upstream=B rt_ms=335 bytes=22328
2026-03-14 02:51:56.721 edge /api/events status=200 upstream=B rt_ms=149 bytes=12394
2026-03-14 02:52:01.896 edge /api/events status=200 upstream=B rt_ms=181 bytes=9153
2026-03-14 02:52:02.259 edge /api/orders status=502 upstream=B rt_ms=112 bytes=34294
2026-03-14 02:52:03.867 edge /healthz status=200 upstream=B rt_ms=284 bytes=33713
2026-03-14 02:52:05.394 edge /api/orders status=502 upstream=B rt_ms=381 bytes=21566
2026-03-14 02:52:08.162 edge /api/events status=200 upstream=B rt_ms=175 bytes=26989
2026-03-14 02:52:08.797 edge /api/events status=500 upstream=B rt_ms=346 bytes=724
2026-03-14 02:52:09.282 edge /healthz status=200 upstream=B rt_ms=367 bytes=22419
2026-03-14 02:52:09.653 edge / status=502 upstream=B rt_ms=166 bytes=29791
2026-03-14 02:52:09.981 edge / status=502 upstream=B rt_ms=63 bytes=28306
2026-03-14 02:52:10.707 edge /api/orders status=200 upstream=B rt_ms=269 bytes=23675
2026-03-14 02:52:11.186 edge / status=200 upstream=B rt_ms=352 bytes=38616
2026-03-14 02:52:12.021 edge / status=502 upstream=B rt_ms=333 bytes=24264
2026-03-14 02:52:14.353 edge /api/orders status=502 upstream=B rt_ms=66 bytes=2998
2026-03-14 02:52:17.131 edge / status=200 upstream=B rt_ms=108 bytes=501
2026-03-14 02:52:20.175 edge /api/events status=200 upstream=B rt_ms=273 bytes=10773
2026-03-14 02:52:27.914 edge /healthz status=502 upstream=B rt_ms=316 bytes=18723
2026-03-14 02:52:30.318 edge /api/orders status=502 upstream=B rt_ms=32 bytes=33254
2026-03-14 02:52:30.950 edge / status=200 upstream=B rt_ms=175 bytes=34690
2026-03-14 02:52:33.002 edge /api/orders status=502 upstream=B rt_ms=344 bytes=483
2026-03-14 02:52:33.782 edge /healthz status=200 upstream=B rt_ms=42 bytes=27724
2026-03-14 02:52:38.195 edge /api/events status=200 upstream=B rt_ms=104 bytes=25823
2026-03-14 02:52:38.906 edge /static/style.css status=200 upstream=B rt_ms=198 bytes=27008
2026-03-14 02:52:40.127 edge / status=200 upstream=B rt_ms=165 bytes=3048
2026-03-14 02:52:40.277 edge /healthz status=502 upstream=B rt_ms=326 bytes=1247
2026-03-14 02:52:40.376 edge /healthz status=502 upstream=B rt_ms=105 bytes=25260
2026-03-14 02:52:41.731 edge /api/events status=502 upstream=B rt_ms=261 bytes=32061
2026-03-14 02:52:46.986 edge / status=200 upstream=B rt_ms=19 bytes=36913
2026-03-14 02:52:49.907 edge /healthz status=502 upstream=B rt_ms=129 bytes=26303
2026-03-14 02:52:50.483 edge /healthz status=502 upstream=B rt_ms=40 bytes=4297
2026-03-14 02:52:50.750 edge / status=200 upstream=B rt_ms=123 bytes=21108
2026-03-14 02:52:51.334 edge /api/events status=502 upstream=B rt_ms=331 bytes=16705
2026-03-14 02:52:51.610 edge /api/events status=502 upstream=B rt_ms=85 bytes=9302
2026-03-14 02:52:56.128 edge /api/orders status=502 upstream=B rt_ms=353 bytes=29253
2026-03-14 02:52:56.145 edge /healthz status=502 upstream=B rt_ms=342 bytes=11817
2026-03-14 02:52:56.487 edge /healthz status=200 upstream=B rt_ms=62 bytes=33795
2026-03-14 02:52:57.075 edge /healthz status=502 upstream=B rt_ms=164 bytes=22317
2026-03-14 02:53:00.499 edge /healthz status=404 upstream=B rt_ms=89 bytes=21197
2026-03-14 02:53:03.175 edge /api/orders status=200 upstream=B rt_ms=357 bytes=40026
2026-03-14 02:53:03.208 edge /api/orders status=200 upstream=B rt_ms=306 bytes=26139
2026-03-14 02:53:03.904 edge /static/style.css status=200 upstream=B rt_ms=387 bytes=3060
2026-03-14 02:53:04.368 edge /api/orders status=200 upstream=B rt_ms=219 bytes=14535
2026-03-14 02:53:04.386 edge /static/style.css status=502 upstream=B rt_ms=227 bytes=26306
2026-03-14 02:53:05.026 edge / status=502 upstream=B rt_ms=257 bytes=19362
2026-03-14 02:53:05.924 edge /healthz status=404 upstream=B rt_ms=381 bytes=32507
2026-03-14 02:53:08.056 edge / status=200 upstream=B rt_ms=306 bytes=11794
2026-03-14 02:53:08.703 edge /api/orders status=200 upstream=B rt_ms=127 bytes=15421
2026-03-14 02:53:09.529 edge /api/events status=502 upstream=B rt_ms=255 bytes=13883
2026-03-14 02:53:09.751 edge /api/orders status=502 upstream=B rt_ms=227 bytes=1813
2026-03-14 02:53:09.772 edge /static/style.css status=502 upstream=B rt_ms=99 bytes=3222
2026-03-14 02:53:10.227 edge / status=200 upstream=B rt_ms=120 bytes=13610
2026-03-14 02:53:18.529 edge /static/style.css status=502 upstream=B rt_ms=323 bytes=3573
2026-03-14 02:53:19.404 edge / status=200 upstream=B rt_ms=239 bytes=24134
2026-03-14 02:53:21.867 edge /healthz status=404 upstream=B rt_ms=283 bytes=36003
2026-03-14 02:53:22.245 edge /static/style.css status=502 upstream=B rt_ms=282 bytes=31553
2026-03-14 02:53:23.670 edge /api/orders status=200 upstream=B rt_ms=149 bytes=19928
2026-03-14 02:53:25.674 edge /static/style.css status=200 upstream=B rt_ms=222 bytes=16794
2026-03-14 02:53:26.717 edge /healthz status=200 upstream=B rt_ms=123 bytes=2419
2026-03-14 02:53:27.337 edge /healthz status=200 upstream=B rt_ms=324 bytes=19221
2026-03-14 02:53:28.525 edge /healthz status=200 upstream=B rt_ms=327 bytes=23415
2026-03-14 02:53:29.374 edge /static/style.css status=502 upstream=B rt_ms=359 bytes=19663
2026-03-14 02:53:29.884 edge /api/orders status=502 upstream=B rt_ms=178 bytes=26230
2026-03-14 02:53:30.024 edge /api/orders status=200 upstream=B rt_ms=333 bytes=7925
2026-03-14 02:53:32.038 edge /api/events status=200 upstream=B rt_ms=284 bytes=28203
2026-03-14 02:53:32.509 edge / status=200 upstream=B rt_ms=104 bytes=15571
2026-03-14 02:53:33.169 edge /api/events status=200 upstream=B rt_ms=80 bytes=1193
2026-03-14 02:53:33.619 edge /api/orders status=200 upstream=B rt_ms=195 bytes=32887
2026-03-14 02:53:36.000 edge / status=200 upstream=B rt_ms=240 bytes=5252
2026-03-14 02:53:36.161 edge /healthz status=502 upstream=B rt_ms=305 bytes=25974
2026-03-14 02:53:38.604 edge / status=200 upstream=B rt_ms=296 bytes=6144
2026-03-14 02:53:40.889 edge /api/orders status=502 upstream=B rt_ms=389 bytes=25491
2026-03-14 02:53:42.700 edge /static/style.css status=200 upstream=B rt_ms=345 bytes=33293
2026-03-14 02:53:42.705 edge /api/events status=200 upstream=B rt_ms=212 bytes=29613
2026-03-14 02:53:43.202 edge /api/orders status=200 upstream=B rt_ms=51 bytes=15172
2026-03-14 02:53:43.514 edge /api/orders status=500 upstream=B rt_ms=364 bytes=2676
2026-03-14 02:53:43.521 edge /api/events status=404 upstream=B rt_ms=203 bytes=16623
2026-03-14 02:53:44.922 edge /api/orders status=200 upstream=B rt_ms=228 bytes=13559
2026-03-14 02:53:48.534 edge /api/orders status=200 upstream=B rt_ms=338 bytes=34694
2026-03-14 02:53:48.572 edge / status=200 upstream=B rt_ms=26 bytes=4361
2026-03-14 02:53:49.052 edge /healthz status=200 upstream=B rt_ms=22 bytes=4365
2026-03-14 02:53:49.885 edge /static/style.css status=502 upstream=B rt_ms=201 bytes=25844
2026-03-14 02:53:53.963 edge /healthz status=200 upstream=B rt_ms=238 bytes=20987
2026-03-14 02:53:54.929 edge /api/orders status=502 upstream=B rt_ms=307 bytes=41112
2026-03-14 02:53:56.018 edge /api/events status=502 upstream=B rt_ms=81 bytes=18505
2026-03-14 02:53:56.323 edge / status=200 upstream=B rt_ms=292 bytes=3215
2026-03-14 02:53:59.023 edge /static/style.css status=200 upstream=B rt_ms=245 bytes=22527
2026-03-14 02:54:05.527 edge /api/orders status=200 upstream=B rt_ms=252 bytes=19775
2026-03-14 02:54:05.783 edge / status=200 upstream=B rt_ms=42 bytes=11517
2026-03-14 02:54:09.805 edge /api/orders status=200 upstream=B rt_ms=105 bytes=2619
2026-03-14 02:54:10.345 edge /api/events status=404 upstream=B rt_ms=395 bytes=40024
2026-03-14 02:54:10.386 edge /api/orders status=200 upstream=B rt_ms=120 bytes=19101
2026-03-14 02:54:12.052 edge /api/orders status=200 upstream=B rt_ms=397 bytes=14446
2026-03-14 02:54:12.176 edge / status=200 upstream=B rt_ms=375 bytes=1861
2026-03-14 02:54:12.334 edge /healthz status=502 upstream=B rt_ms=197 bytes=37305
2026-03-14 02:54:12.611 edge /healthz status=200 upstream=B rt_ms=35 bytes=39382
2026-03-14 02:54:13.482 edge /api/events status=502 upstream=B rt_ms=79 bytes=12010
2026-03-14 02:54:13.811 edge /api/orders status=200 upstream=B rt_ms=80 bytes=38957
2026-03-14 02:54:17.126 edge /api/orders status=502 upstream=B rt_ms=124 bytes=41127
2026-03-14 02:54:17.206 edge /api/events status=200 upstream=B rt_ms=101 bytes=20785
2026-03-14 02:54:18.482 edge /api/orders status=200 upstream=B rt_ms=244 bytes=5887
2026-03-14 02:54:18.976 edge /api/orders status=502 upstream=B rt_ms=354 bytes=27522
2026-03-14 02:54:19.692 edge / status=502 upstream=B rt_ms=75 bytes=18650
2026-03-14 02:54:20.993 edge /api/orders status=502 upstream=B rt_ms=306 bytes=12278
2026-03-14 02:54:22.879 edge /api/orders status=200 upstream=B rt_ms=89 bytes=38436
2026-03-14 02:54:23.225 edge / status=500 upstream=B rt_ms=226 bytes=8524
2026-03-14 02:54:24.061 edge /api/events status=200 upstream=B rt_ms=312 bytes=3676
2026-03-14 02:54:24.907 edge /api/events status=200 upstream=B rt_ms=164 bytes=3816
2026-03-14 02:54:24.925 edge / status=200 upstream=B rt_ms=64 bytes=17861
2026-03-14 02:54:24.958 edge /api/events status=502 upstream=B rt_ms=187 bytes=39558
2026-03-14 02:54:29.626 edge /api/orders status=200 upstream=B rt_ms=390 bytes=18735
2026-03-14 02:54:30.089 edge /api/orders status=502 upstream=B rt_ms=301 bytes=6758
2026-03-14 02:54:31.693 edge /healthz status=404 upstream=B rt_ms=134 bytes=36387
2026-03-14 02:54:34.618 edge /healthz status=500 upstream=B rt_ms=301 bytes=24628
2026-03-14 02:54:34.865 edge /static/style.css status=502 upstream=B rt_ms=179 bytes=7023
2026-03-14 02:54:36.969 edge / status=200 upstream=B rt_ms=90 bytes=8367
2026-03-14 02:54:38.179 edge /healthz status=200 upstream=B rt_ms=83 bytes=37172
2026-03-14 02:54:38.703 edge /api/events status=200 upstream=B rt_ms=282 bytes=16970
2026-03-14 02:54:40.770 edge /api/events status=502 upstream=B rt_ms=75 bytes=33326
2026-03-14 02:54:45.654 edge /static/style.css status=502 upstream=B rt_ms=346 bytes=31731
2026-03-14 02:54:48.284 edge /api/orders status=502 upstream=B rt_ms=267 bytes=7659
2026-03-14 02:54:49.123 edge /static/style.css status=502 upstream=B rt_ms=106 bytes=540
2026-03-14 02:54:49.164 edge / status=200 upstream=B rt_ms=382 bytes=13700
2026-03-14 02:54:49.960 edge /api/events status=502 upstream=B rt_ms=126 bytes=39653
2026-03-14 02:54:54.633 edge /api/events status=502 upstream=B rt_ms=185 bytes=14619
2026-03-14 02:54:54.652 edge /healthz status=502 upstream=B rt_ms=316 bytes=3183
2026-03-14 02:54:55.044 edge /static/style.css status=200 upstream=B rt_ms=165 bytes=15181
2026-03-14 02:54:56.338 edge /api/orders status=502 upstream=B rt_ms=244 bytes=37314
2026-03-14 02:54:58.313 edge /api/orders status=502 upstream=B rt_ms=72 bytes=11334
2026-03-14 02:54:58.463 edge /api/events status=200 upstream=B rt_ms=9 bytes=13274
2026-03-14 02:54:58.600 edge /api/events status=200 upstream=B rt_ms=102 bytes=1540
2026-03-14 02:54:58.875 edge /api/orders status=502 upstream=B rt_ms=161 bytes=6840
2026-03-14 02:54:59.269 edge / status=502 upstream=B rt_ms=239 bytes=11074
2026-03-14 02:55:00.132 edge /healthz status=200 upstream=B rt_ms=359 bytes=3308
2026-03-14 02:55:02.606 edge /static/style.css status=200 upstream=B rt_ms=300 bytes=28734
2026-03-14 02:55:02.873 edge /api/events status=200 upstream=B rt_ms=211 bytes=23002
2026-03-14 02:55:03.382 edge /healthz status=502 upstream=B rt_ms=27 bytes=4163
2026-03-14 02:55:03.582 edge /api/orders status=200 upstream=B rt_ms=335 bytes=38704
2026-03-14 02:55:04.823 edge /api/orders status=200 upstream=B rt_ms=200 bytes=794
2026-03-14 02:55:06.032 edge /api/events status=502 upstream=B rt_ms=272 bytes=10385
2026-03-14 02:55:08.437 edge /static/style.css status=502 upstream=B rt_ms=215 bytes=23128
2026-03-14 02:55:08.941 edge / status=200 upstream=B rt_ms=109 bytes=8157
2026-03-14 02:55:09.157 edge /static/style.css status=500 upstream=B rt_ms=24 bytes=14394
2026-03-14 02:55:09.723 edge / status=404 upstream=B rt_ms=381 bytes=26306
2026-03-14 02:55:10.607 edge /api/events status=200 upstream=B rt_ms=205 bytes=2662
2026-03-14 02:55:11.343 edge /static/style.css status=200 upstream=B rt_ms=133 bytes=483
2026-03-14 02:55:12.151 edge /api/events status=200 upstream=B rt_ms=305 bytes=4155
2026-03-14 02:55:12.322 edge /healthz status=200 upstream=B rt_ms=220 bytes=14282
2026-03-14 02:55:13.132 edge /api/events status=502 upstream=B rt_ms=141 bytes=10891
2026-03-14 02:55:13.760 edge /api/orders status=502 upstream=B rt_ms=37 bytes=30620
2026-03-14 02:55:15.732 edge /api/orders status=200 upstream=B rt_ms=341 bytes=21194
2026-03-14 02:55:15.889 edge / status=502 upstream=B rt_ms=375 bytes=2227
2026-03-14 02:55:16.162 edge /static/style.css status=502 upstream=B rt_ms=367 bytes=22595
2026-03-14 02:55:17.155 edge /static/style.css status=200 upstream=B rt_ms=228 bytes=34205
2026-03-14 02:55:17.652 edge / status=502 upstream=B rt_ms=98 bytes=37686
2026-03-14 02:55:19.469 edge /static/style.css status=502 upstream=B rt_ms=169 bytes=27949
2026-03-14 02:55:21.756 edge /api/events status=200 upstream=B rt_ms=298 bytes=34551
2026-03-14 02:55:22.184 edge /healthz status=502 upstream=B rt_ms=386 bytes=31596
2026-03-14 02:55:22.288 edge /api/orders status=200 upstream=B rt_ms=348 bytes=4742
2026-03-14 02:55:22.418 edge /api/events status=502 upstream=B rt_ms=223 bytes=8664
2026-03-14 02:55:22.557 edge /healthz status=502 upstream=B rt_ms=272 bytes=33820
2026-03-14 02:55:25.429 edge /api/orders status=200 upstream=B rt_ms=313 bytes=36770
2026-03-14 02:55:25.692 edge /api/orders status=200 upstream=B rt_ms=46 bytes=23869
2026-03-14 02:55:25.835 edge /static/style.css status=200 upstream=B rt_ms=220 bytes=18219
2026-03-14 02:55:27.153 edge /static/style.css status=200 upstream=B rt_ms=9 bytes=40368
2026-03-14 02:55:28.039 edge /api/events status=200 upstream=B rt_ms=100 bytes=35784
2026-03-14 02:55:29.132 edge /api/orders status=502 upstream=B rt_ms=142 bytes=27316
2026-03-14 02:55:32.349 edge / status=200 upstream=B rt_ms=335 bytes=17706
2026-03-14 02:55:33.332 edge /api/orders status=404 upstream=B rt_ms=349 bytes=13724
2026-03-14 02:55:33.875 edge /healthz status=502 upstream=B rt_ms=333 bytes=15944
2026-03-14 02:55:34.637 edge /api/orders status=502 upstream=B rt_ms=45 bytes=20535
2026-03-14 02:55:34.710 edge /api/events status=200 upstream=B rt_ms=78 bytes=1618
2026-03-14 02:55:35.037 edge /api/orders status=200 upstream=B rt_ms=347 bytes=18559
2026-03-14 02:55:35.525 edge /healthz status=200 upstream=B rt_ms=78 bytes=16102
2026-03-14 02:55:36.441 edge /api/orders status=200 upstream=B rt_ms=146 bytes=18386
2026-03-14 02:55:37.424 edge /api/events status=502 upstream=B rt_ms=346 bytes=29913
2026-03-14 02:55:38.747 edge /api/orders status=500 upstream=B rt_ms=322 bytes=26665
2026-03-14 02:55:40.155 edge / status=502 upstream=B rt_ms=307 bytes=28923
2026-03-14 02:55:40.166 edge /static/style.css status=502 upstream=B rt_ms=14 bytes=20933
2026-03-14 02:55:40.678 edge /api/events status=200 upstream=B rt_ms=10 bytes=17607
2026-03-14 02:55:43.058 edge /api/orders status=502 upstream=B rt_ms=220 bytes=32239
2026-03-14 02:55:43.158 edge / status=200 upstream=B rt_ms=356 bytes=12407
2026-03-14 02:55:43.859 edge /api/events status=200 upstream=B rt_ms=203 bytes=33190
2026-03-14 02:55:43.937 edge /api/orders status=200 upstream=B rt_ms=302 bytes=30907
2026-03-14 02:55:44.386 edge /api/orders status=502 upstream=B rt_ms=148 bytes=35051
2026-03-14 02:55:45.715 edge /api/orders status=502 upstream=B rt_ms=292 bytes=22401
2026-03-14 02:55:47.497 edge /api/events status=502 upstream=B rt_ms=111 bytes=19992
2026-03-14 02:55:48.914 edge /static/style.css status=200 upstream=B rt_ms=374 bytes=31875
2026-03-14 02:55:51.287 edge /static/style.css status=502 upstream=B rt_ms=373 bytes=18678
2026-03-14 02:55:51.488 edge /static/style.css status=200 upstream=B rt_ms=163 bytes=11941
2026-03-14 02:55:52.500 edge /api/events status=200 upstream=B rt_ms=346 bytes=15635
2026-03-14 02:55:52.561 edge / status=200 upstream=B rt_ms=221 bytes=19673
2026-03-14 02:55:52.767 edge /healthz status=404 upstream=B rt_ms=152 bytes=5627
2026-03-14 02:55:53.018 edge /static/style.css status=200 upstream=B rt_ms=294 bytes=21185
2026-03-14 02:55:54.786 edge /static/style.css status=200 upstream=B rt_ms=104 bytes=34665
2026-03-14 02:55:57.341 edge /api/orders status=200 upstream=B rt_ms=29 bytes=2099
2026-03-14 02:55:57.917 edge /api/orders status=200 upstream=B rt_ms=133 bytes=28580
2026-03-14 02:55:58.254 edge / status=502 upstream=B rt_ms=295 bytes=32416
2026-03-14 02:55:58.608 edge / status=200 upstream=B rt_ms=191 bytes=13904
2026-03-14 02:55:59.324 edge /api/orders status=500 upstream=B rt_ms=376 bytes=37292
2026-03-14 02:56:00.858 edge /static/style.css status=200 upstream=B rt_ms=252 bytes=30301
2026-03-14 02:56:02.067 edge /api/events status=502 upstream=B rt_ms=160 bytes=15993
2026-03-14 02:56:04.936 edge / status=200 upstream=B rt_ms=220 bytes=33454
2026-03-14 02:56:06.976 edge /api/orders status=502 upstream=B rt_ms=173 bytes=41071
2026-03-14 02:56:07.550 edge / status=200 upstream=B rt_ms=344 bytes=39142
2026-03-14 02:56:08.159 edge / status=502 upstream=B rt_ms=76 bytes=35935
2026-03-14 02:56:08.283 edge /static/style.css status=200 upstream=B rt_ms=398 bytes=29113
2026-03-14 02:56:08.328 edge /healthz status=502 upstream=B rt_ms=91 bytes=21596
2026-03-14 02:56:08.340 edge /healthz status=502 upstream=B rt_ms=24 bytes=25687
2026-03-14 02:56:08.427 edge /api/orders status=502 upstream=B rt_ms=227 bytes=16101
2026-03-14 02:56:09.619 edge /api/orders status=502 upstream=B rt_ms=212 bytes=18224
2026-03-14 02:56:09.913 edge /static/style.css status=200 upstream=B rt_ms=18 bytes=30215
2026-03-14 02:56:11.876 edge /api/events status=200 upstream=B rt_ms=173 bytes=40799
2026-03-14 02:56:13.557 edge /healthz status=502 upstream=B rt_ms=251 bytes=34165
2026-03-14 02:56:14.548 edge / status=502 upstream=B rt_ms=168 bytes=31575
2026-03-14 02:56:20.093 edge /static/style.css status=200 upstream=B rt_ms=391 bytes=11621
2026-03-14 02:56:20.345 edge /api/orders status=502 upstream=B rt_ms=338 bytes=4974
2026-03-14 02:56:20.658 edge /api/orders status=200 upstream=B rt_ms=213 bytes=37525
2026-03-14 02:56:22.513 edge /static/style.css status=502 upstream=B rt_ms=58 bytes=6234
2026-03-14 02:56:22.897 edge / status=502 upstream=B rt_ms=36 bytes=21138
2026-03-14 02:56:23.687 edge / status=200 upstream=B rt_ms=184 bytes=27929
2026-03-14 02:56:23.918 edge /healthz status=502 upstream=B rt_ms=389 bytes=31651
2026-03-14 02:56:23.953 edge /api/orders status=200 upstream=B rt_ms=243 bytes=39318
2026-03-14 02:56:24.306 edge /static/style.css status=502 upstream=B rt_ms=256 bytes=28599
2026-03-14 02:56:24.839 edge /api/events status=200 upstream=B rt_ms=226 bytes=14230
2026-03-14 02:56:26.225 edge /static/style.css status=200 upstream=B rt_ms=187 bytes=3158
2026-03-14 02:56:27.485 edge /healthz status=502 upstream=B rt_ms=344 bytes=30330
2026-03-14 02:56:27.676 edge /healthz status=200 upstream=B rt_ms=187 bytes=5449
2026-03-14 02:56:29.357 edge /static/style.css status=200 upstream=B rt_ms=184 bytes=20626
2026-03-14 02:56:30.129 edge /api/events status=502 upstream=B rt_ms=249 bytes=12924
2026-03-14 02:56:31.323 edge /healthz status=200 upstream=B rt_ms=373 bytes=37500
2026-03-14 02:56:31.596 edge /healthz status=500 upstream=B rt_ms=24 bytes=16584
2026-03-14 02:56:31.852 edge / status=502 upstream=B rt_ms=235 bytes=19740
2026-03-14 02:56:31.926 edge /static/style.css status=502 upstream=B rt_ms=252 bytes=2450
2026-03-14 02:56:34.016 edge /static/style.css status=200 upstream=B rt_ms=184 bytes=41891
2026-03-14 02:56:34.535 edge /api/orders status=200 upstream=B rt_ms=112 bytes=21426
2026-03-14 02:56:37.440 edge /healthz status=502 upstream=B rt_ms=269 bytes=19012
2026-03-14 02:56:39.646 edge /healthz status=502 upstream=B rt_ms=322 bytes=19199
2026-03-14 02:56:39.723 edge /api/events status=200 upstream=B rt_ms=187 bytes=10993
2026-03-14 02:56:40.528 edge /api/events status=200 upstream=B rt_ms=325 bytes=36747
2026-03-14 02:56:41.236 edge /healthz status=200 upstream=B rt_ms=189 bytes=9516
2026-03-14 02:56:42.116 edge / status=200 upstream=B rt_ms=116 bytes=36648
2026-03-14 02:56:42.381 edge /api/orders status=502 upstream=B rt_ms=145 bytes=1351
2026-03-14 02:56:45.893 edge /api/events status=404 upstream=B rt_ms=201 bytes=31048
2026-03-14 02:56:47.348 edge /api/events status=502 upstream=B rt_ms=179 bytes=21139
2026-03-14 02:56:47.470 edge / status=200 upstream=B rt_ms=44 bytes=14612
2026-03-14 02:56:48.669 edge /healthz status=404 upstream=B rt_ms=274 bytes=37122
2026-03-14 02:56:51.956 edge /static/style.css status=200 upstream=B rt_ms=300 bytes=32564
2026-03-14 02:56:52.728 edge /api/orders status=200 upstream=B rt_ms=74 bytes=15077
2026-03-14 02:56:53.551 edge / status=200 upstream=B rt_ms=10 bytes=8876
2026-03-14 02:56:54.649 edge /api/orders status=200 upstream=B rt_ms=255 bytes=29172
2026-03-14 02:56:56.748 edge / status=404 upstream=B rt_ms=352 bytes=24845
2026-03-14 02:56:57.468 edge /healthz status=502 upstream=B rt_ms=383 bytes=20380
2026-03-14 02:56:58.991 edge /api/events status=200 upstream=B rt_ms=110 bytes=40414
2026-03-14 02:56:59.090 edge /api/events status=200 upstream=B rt_ms=339 bytes=8111
2026-03-14 02:57:01.674 edge / status=200 upstream=B rt_ms=359 bytes=35202
2026-03-14 02:57:04.219 edge / status=200 upstream=B rt_ms=258 bytes=28327
2026-03-14 02:57:04.416 edge /healthz status=200 upstream=B rt_ms=181 bytes=22067
2026-03-14 02:57:05.439 edge /api/orders status=200 upstream=B rt_ms=233 bytes=28833
2026-03-14 02:57:07.762 edge /api/orders status=200 upstream=B rt_ms=167 bytes=23723
2026-03-14 02:57:07.790 edge /healthz status=502 upstream=B rt_ms=317 bytes=39604
2026-03-14 02:57:07.948 edge /api/events status=404 upstream=B rt_ms=4 bytes=4643
2026-03-14 02:57:09.535 edge / status=200 upstream=B rt_ms=382 bytes=8648
2026-03-14 02:57:11.464 edge /static/style.css status=200 upstream=B rt_ms=149 bytes=4620
2026-03-14 02:57:15.623 edge /api/events status=200 upstream=B rt_ms=39 bytes=31460
2026-03-14 02:57:16.260 edge /api/events status=404 upstream=B rt_ms=142 bytes=9763
2026-03-14 02:57:17.196 edge /static/style.css status=502 upstream=B rt_ms=109 bytes=28116
2026-03-14 02:57:19.534 edge /api/orders status=502 upstream=B rt_ms=131 bytes=9231
2026-03-14 02:57:19.881 edge /static/style.css status=200 upstream=B rt_ms=378 bytes=17799
2026-03-14 02:57:20.047 edge /api/orders status=200 upstream=B rt_ms=52 bytes=9673
2026-03-14 02:57:20.412 edge /api/events status=500 upstream=B rt_ms=330 bytes=25184
2026-03-14 02:57:21.127 edge /api/events status=500 upstream=B rt_ms=218 bytes=29304
2026-03-14 02:57:21.617 edge / status=502 upstream=B rt_ms=203 bytes=2621
2026-03-14 02:57:21.925 edge /healthz status=200 upstream=B rt_ms=380 bytes=18757
2026-03-14 02:57:22.047 edge /api/events status=502 upstream=B rt_ms=355 bytes=9999
2026-03-14 02:57:26.017 edge /healthz status=200 upstream=B rt_ms=126 bytes=20566
2026-03-14 02:57:29.508 edge /healthz status=502 upstream=B rt_ms=165 bytes=7204
2026-03-14 02:57:29.772 edge / status=200 upstream=B rt_ms=59 bytes=11604
2026-03-14 02:57:30.102 edge / status=404 upstream=B rt_ms=195 bytes=15306
2026-03-14 02:57:30.314 edge /api/events status=502 upstream=B rt_ms=360 bytes=897
2026-03-14 02:57:32.582 edge /static/style.css status=200 upstream=B rt_ms=263 bytes=15183
2026-03-14 02:57:34.198 edge /api/orders status=404 upstream=B rt_ms=98 bytes=36539
2026-03-14 02:57:34.611 edge /api/orders status=500 upstream=B rt_ms=358 bytes=22866
2026-03-14 02:57:35.160 edge / status=200 upstream=B rt_ms=386 bytes=38089
2026-03-14 02:57:35.405 edge /api/events status=500 upstream=B rt_ms=197 bytes=37070
2026-03-14 02:57:37.168 edge /api/events status=200 upstream=B rt_ms=289 bytes=38816
2026-03-14 02:57:39.003 edge /api/events status=502 upstream=B rt_ms=278 bytes=36782
2026-03-14 02:57:39.188 edge /static/style.css status=502 upstream=B rt_ms=142 bytes=18232
2026-03-14 02:57:39.257 edge /healthz status=200 upstream=B rt_ms=205 bytes=23425
2026-03-14 02:57:39.319 edge /api/events status=200 upstream=B rt_ms=316 bytes=12642
2026-03-14 02:57:40.089 edge /api/orders status=500 upstream=B rt_ms=376 bytes=36331
2026-03-14 02:57:41.306 edge / status=200 upstream=B rt_ms=135 bytes=13482
2026-03-14 02:57:42.341 edge /api/orders status=502 upstream=B rt_ms=217 bytes=385
2026-03-14 02:57:44.100 edge /healthz status=502 upstream=B rt_ms=128 bytes=6767
2026-03-14 02:57:44.877 edge /static/style.css status=200 upstream=B rt_ms=178 bytes=2711
2026-03-14 02:57:46.415 edge /healthz status=502 upstream=B rt_ms=66 bytes=13589
2026-03-14 02:57:46.864 edge /static/style.css status=200 upstream=B rt_ms=36 bytes=11613
2026-03-14 02:57:47.274 edge /healthz status=200 upstream=B rt_ms=277 bytes=33035
2026-03-14 02:57:49.422 edge /healthz status=502 upstream=B rt_ms=19 bytes=31959
2026-03-14 02:57:49.571 edge /static/style.css status=502 upstream=B rt_ms=168 bytes=34520
2026-03-14 02:57:50.166 edge /healthz status=200 upstream=B rt_ms=139 bytes=29423
2026-03-14 02:57:52.499 edge / status=200 upstream=B rt_ms=313 bytes=12819
2026-03-14 02:57:52.584 edge /static/style.css status=200 upstream=B rt_ms=351 bytes=2601
2026-03-14 02:57:53.295 edge / status=502 upstream=B rt_ms=99 bytes=15997
2026-03-14 02:57:53.710 edge /api/orders status=502 upstream=B rt_ms=259 bytes=19616
2026-03-14 02:57:54.111 edge /static/style.css status=200 upstream=B rt_ms=220 bytes=17934
2026-03-14 02:57:58.506 edge /api/events status=404 upstream=B rt_ms=268 bytes=33280
2026-03-14 02:57:59.226 edge /api/orders status=200 upstream=B rt_ms=236 bytes=21583
2026-03-14 02:58:01.847 edge /api/events status=502 upstream=B rt_ms=144 bytes=9658
2026-03-14 02:58:03.071 edge / status=502 upstream=B rt_ms=355 bytes=15505
2026-03-14 02:58:03.652 edge / status=404 upstream=B rt_ms=358 bytes=17536
2026-03-14 02:58:04.718 edge /healthz status=200 upstream=B rt_ms=118 bytes=4918
2026-03-14 02:58:04.761 edge /api/events status=404 upstream=B rt_ms=339 bytes=41354
2026-03-14 02:58:06.509 edge /static/style.css status=200 upstream=B rt_ms=338 bytes=21364
2026-03-14 02:58:06.664 edge / status=502 upstream=B rt_ms=57 bytes=10258
2026-03-14 02:58:07.300 edge / status=404 upstream=B rt_ms=368 bytes=31404
2026-03-14 02:58:08.038 edge /api/events status=200 upstream=B rt_ms=166 bytes=25306
2026-03-14 02:58:08.954 edge /api/events status=502 upstream=B rt_ms=59 bytes=14550
2026-03-14 02:58:10.407 edge /healthz status=502 upstream=B rt_ms=197 bytes=33963
2026-03-14 02:58:11.294 edge /static/style.css status=502 upstream=B rt_ms=102 bytes=1937
2026-03-14 02:58:12.132 edge /healthz status=502 upstream=B rt_ms=109 bytes=11188
2026-03-14 02:58:12.679 edge /static/style.css status=200 upstream=B rt_ms=216 bytes=3344
2026-03-14 02:58:13.786 edge /healthz status=404 upstream=B rt_ms=117 bytes=8323
2026-03-14 02:58:15.334 edge /api/orders status=200 upstream=B rt_ms=303 bytes=8811
2026-03-14 02:58:19.429 edge /api/events status=502 upstream=B rt_ms=136 bytes=40625
2026-03-14 02:58:19.758 edge /api/events status=200 upstream=B rt_ms=161 bytes=39040
2026-03-14 02:58:20.687 edge / status=200 upstream=B rt_ms=220 bytes=34384
2026-03-14 02:58:20.807 edge /static/style.css status=502 upstream=B rt_ms=71 bytes=17196
2026-03-14 02:58:21.592 edge /api/events status=502 upstream=B rt_ms=251 bytes=9549
2026-03-14 02:58:22.736 edge / status=502 upstream=B rt_ms=195 bytes=346
2026-03-14 02:58:24.800 edge /api/events status=200 upstream=B rt_ms=362 bytes=26880
2026-03-14 02:58:26.313 edge /api/events status=200 upstream=B rt_ms=197 bytes=10112
2026-03-14 02:58:26.770 edge /api/events status=502 upstream=B rt_ms=370 bytes=31170
2026-03-14 02:58:29.283 edge / status=502 upstream=B rt_ms=266 bytes=30458
2026-03-14 02:58:32.828 edge /api/orders status=500 upstream=B rt_ms=337 bytes=890
2026-03-14 02:58:33.141 edge /api/orders status=502 upstream=B rt_ms=82 bytes=7388
2026-03-14 02:58:33.314 edge /api/events status=502 upstream=B rt_ms=350 bytes=34870
2026-03-14 02:58:33.957 edge /static/style.css status=200 upstream=B rt_ms=11 bytes=14988
2026-03-14 02:58:34.468 edge / status=502 upstream=B rt_ms=335 bytes=16406
2026-03-14 02:58:35.872 edge / status=200 upstream=B rt_ms=280 bytes=1887
2026-03-14 02:58:38.901 edge /api/orders status=502 upstream=B rt_ms=101 bytes=4896
2026-03-14 02:58:41.389 edge /static/style.css status=502 upstream=B rt_ms=338 bytes=21249
2026-03-14 02:58:41.460 edge /api/orders status=404 upstream=B rt_ms=207 bytes=38063
2026-03-14 02:58:41.951 edge /api/orders status=200 upstream=B rt_ms=118 bytes=26303
2026-03-14 02:58:42.626 edge /api/orders status=200 upstream=B rt_ms=372 bytes=19994
2026-03-14 02:58:42.979 edge /api/orders status=200 upstream=B rt_ms=238 bytes=40208
2026-03-14 02:58:43.549 edge /healthz status=500 upstream=B rt_ms=324 bytes=4050
2026-03-14 02:58:44.627 edge /api/orders status=200 upstream=B rt_ms=112 bytes=30393
2026-03-14 02:58:46.012 edge /healthz status=500 upstream=B rt_ms=281 bytes=6589
2026-03-14 02:58:46.998 edge / status=200 upstream=B rt_ms=324 bytes=33984
2026-03-14 02:58:47.151 edge / status=200 upstream=B rt_ms=258 bytes=24460
2026-03-14 02:58:47.329 edge /healthz status=200 upstream=B rt_ms=392 bytes=23317
2026-03-14 02:58:47.792 edge /static/style.css status=200 upstream=B rt_ms=11 bytes=17691
2026-03-14 02:58:50.043 edge /api/orders status=502 upstream=B rt_ms=74 bytes=40179
2026-03-14 02:58:51.020 edge /api/orders status=200 upstream=B rt_ms=245 bytes=37705
2026-03-14 02:58:52.887 edge /api/events status=502 upstream=B rt_ms=142 bytes=25818
2026-03-14 02:58:52.988 edge /api/orders status=200 upstream=B rt_ms=391 bytes=31198
2026-03-14 02:58:53.368 edge /api/events status=502 upstream=B rt_ms=249 bytes=36231
2026-03-14 02:58:53.439 edge /api/events status=200 upstream=B rt_ms=195 bytes=39781
2026-03-14 02:58:54.815 edge /api/events status=200 upstream=B rt_ms=239 bytes=4754
2026-03-14 02:58:55.800 edge /api/events status=200 upstream=B rt_ms=208 bytes=27830
2026-03-14 02:58:57.300 edge /api/orders status=200 upstream=B rt_ms=394 bytes=32692
2026-03-14 02:59:01.068 edge /static/style.css status=502 upstream=B rt_ms=59 bytes=30619
2026-03-14 02:59:01.238 edge / status=200 upstream=B rt_ms=68 bytes=20338
2026-03-14 02:59:01.465 edge /static/style.css status=502 upstream=B rt_ms=9 bytes=28952
2026-03-14 02:59:01.846 edge /api/events status=502 upstream=B rt_ms=187 bytes=31031
2026-03-14 02:59:02.317 edge /healthz status=200 upstream=B rt_ms=143 bytes=24493
2026-03-14 02:59:02.474 edge / status=502 upstream=B rt_ms=351 bytes=33940
2026-03-14 02:59:02.682 edge /api/events status=200 upstream=B rt_ms=321 bytes=35272
2026-03-14 02:59:03.365 edge /static/style.css status=200 upstream=B rt_ms=394 bytes=5976
2026-03-14 02:59:04.458 edge /static/style.css status=502 upstream=B rt_ms=140 bytes=9312
2026-03-14 02:59:07.989 edge / status=200 upstream=B rt_ms=149 bytes=18648
2026-03-14 02:59:09.595 edge /healthz status=502 upstream=B rt_ms=116 bytes=36145
2026-03-14 02:59:09.660 edge /api/events status=200 upstream=B rt_ms=299 bytes=34692
2026-03-14 02:59:09.830 edge /healthz status=200 upstream=B rt_ms=375 bytes=1064
2026-03-14 02:59:12.315 edge /static/style.css status=502 upstream=B rt_ms=143 bytes=11770
2026-03-14 02:59:13.404 edge /healthz status=502 upstream=B rt_ms=367 bytes=7880
2026-03-14 02:59:13.841 edge /healthz status=200 upstream=B rt_ms=42 bytes=11996
2026-03-14 02:59:14.070 edge / status=200 upstream=B rt_ms=2 bytes=9323
2026-03-14 02:59:14.505 edge /healthz status=502 upstream=B rt_ms=177 bytes=21996
2026-03-14 02:59:15.151 edge /static/style.css status=502 upstream=B rt_ms=119 bytes=27191
2026-03-14 02:59:16.787 edge /api/orders status=502 upstream=B rt_ms=117 bytes=36909
2026-03-14 02:59:20.036 edge /static/style.css status=200 upstream=B rt_ms=138 bytes=36236
2026-03-14 02:59:20.858 edge / status=502 upstream=B rt_ms=91 bytes=9890
2026-03-14 02:59:22.387 edge /api/events status=200 upstream=B rt_ms=312 bytes=34798
2026-03-14 02:59:24.739 edge /static/style.css status=502 upstream=B rt_ms=155 bytes=11878
2026-03-14 02:59:29.055 edge / status=200 upstream=B rt_ms=391 bytes=39201
2026-03-14 02:59:29.183 edge /static/style.css status=200 upstream=B rt_ms=191 bytes=34617
2026-03-14 02:59:29.813 edge /api/events status=200 upstream=B rt_ms=155 bytes=24767
2026-03-14 02:59:30.389 edge /api/events status=502 upstream=B rt_ms=369 bytes=39187
2026-03-14 02:59:30.461 edge /api/events status=502 upstream=B rt_ms=51 bytes=7801
2026-03-14 02:59:30.867 edge /api/orders status=200 upstream=B rt_ms=260 bytes=6070
2026-03-14 02:59:31.443 edge /api/orders status=200 upstream=B rt_ms=281 bytes=33695
2026-03-14 02:59:31.503 edge /api/orders status=200 upstream=B rt_ms=397 bytes=8737
2026-03-14 02:59:33.744 edge /api/events status=502 upstream=B rt_ms=273 bytes=32766
2026-03-14 02:59:35.198 edge / status=502 upstream=B rt_ms=120 bytes=41268
2026-03-14 02:59:38.941 edge / status=502 upstream=B rt_ms=70 bytes=6647
2026-03-14 02:59:39.208 edge / status=200 upstream=B rt_ms=296 bytes=8832
2026-03-14 02:59:40.354 edge /api/orders status=502 upstream=B rt_ms=371 bytes=3891
2026-03-14 02:59:40.843 edge /static/style.css status=200 upstream=B rt_ms=368 bytes=11317
2026-03-14 02:59:41.506 edge / status=404 upstream=B rt_ms=198 bytes=1671
2026-03-14 02:59:43.704 edge /static/style.css status=200 upstream=B rt_ms=267 bytes=6295
2026-03-14 02:59:46.921 edge / status=200 upstream=B rt_ms=61 bytes=21721
2026-03-14 02:59:47.018 edge / status=502 upstream=B rt_ms=90 bytes=18040
2026-03-14 02:59:47.082 edge /api/orders status=502 upstream=B rt_ms=275 bytes=33286
2026-03-14 02:59:48.934 edge /api/orders status=200 upstream=B rt_ms=240 bytes=8650
2026-03-14 02:59:49.845 edge /static/style.css status=200 upstream=B rt_ms=237 bytes=12965
2026-03-14 02:59:51.859 edge /healthz status=200 upstream=B rt_ms=170 bytes=22750
2026-03-14 02:59:52.123 edge /static/style.css status=200 upstream=B rt_ms=193 bytes=15470
2026-03-14 02:59:52.368 edge /api/orders status=200 upstream=B rt_ms=55 bytes=40379
2026-03-14 02:59:53.000 edge /healthz status=200 upstream=B rt_ms=213 bytes=18273
2026-03-14 02:59:53.320 edge / status=200 upstream=B rt_ms=35 bytes=18697
2026-03-14 02:59:55.728 edge /api/events status=200 upstream=B rt_ms=235 bytes=34088
2026-03-14 02:59:57.890 edge /api/events status=200 upstream=B rt_ms=197 bytes=31163
2026-03-14 03:00:00.374 edge / status=200 upstream=B rt_ms=379 bytes=17747
2026-03-14 03:00:01.358 edge /static/style.css status=502 upstream=B rt_ms=94 bytes=30928
2026-03-14 03:00:03.597 edge /api/events status=200 upstream=B rt_ms=122 bytes=38202
2026-03-14 03:00:03.804 edge /healthz status=200 upstream=B rt_ms=201 bytes=13585
2026-03-14 03:00:03.827 edge /api/orders status=502 upstream=B rt_ms=41 bytes=8863
2026-03-14 03:00:04.102 edge /api/orders status=502 upstream=B rt_ms=302 bytes=22086
2026-03-14 03:00:04.866 edge /static/style.css status=200 upstream=B rt_ms=386 bytes=7656
2026-03-14 03:00:05.147 edge /healthz status=502 upstream=B rt_ms=165 bytes=18394
2026-03-14 03:00:07.462 edge /api/events status=200 upstream=B rt_ms=49 bytes=1524
2026-03-14 03:00:07.691 edge / status=502 upstream=B rt_ms=154 bytes=40749
2026-03-14 03:00:07.817 edge /static/style.css status=200 upstream=B rt_ms=126 bytes=30541
2026-03-14 03:00:08.586 edge /static/style.css status=502 upstream=B rt_ms=40 bytes=18993
2026-03-14 03:00:09.925 edge /healthz status=502 upstream=B rt_ms=35 bytes=4597
2026-03-14 03:00:10.345 edge /static/style.css status=500 upstream=B rt_ms=224 bytes=25329
2026-03-14 03:00:10.536 edge /static/style.css status=502 upstream=B rt_ms=66 bytes=35121
2026-03-14 03:00:12.062 edge / status=200 upstream=B rt_ms=264 bytes=11362
2026-03-14 03:00:13.148 edge /static/style.css status=200 upstream=B rt_ms=294 bytes=699
2026-03-14 03:00:13.619 edge /healthz status=200 upstream=B rt_ms=111 bytes=36861
2026-03-14 03:00:14.888 edge /api/events status=200 upstream=B rt_ms=228 bytes=37200
2026-03-14 03:00:18.290 edge /api/events status=502 upstream=B rt_ms=101 bytes=34140
2026-03-14 03:00:19.571 edge /api/orders status=502 upstream=B rt_ms=388 bytes=5864
2026-03-14 03:00:20.285 edge /healthz status=500 upstream=B rt_ms=73 bytes=4481
2026-03-14 03:00:20.860 edge /api/orders status=200 upstream=B rt_ms=338 bytes=37265
2026-03-14 03:00:23.820 edge /api/events status=200 upstream=B rt_ms=130 bytes=25336
2026-03-14 03:00:25.208 edge /static/style.css status=200 upstream=B rt_ms=164 bytes=3161
2026-03-14 03:00:26.070 edge /api/orders status=502 upstream=B rt_ms=133 bytes=34425
2026-03-14 03:00:27.986 edge /healthz status=200 upstream=B rt_ms=274 bytes=33723
2026-03-14 03:00:30.273 edge /static/style.css status=502 upstream=B rt_ms=159 bytes=22909
2026-03-14 03:00:30.381 edge /api/events status=502 upstream=B rt_ms=173 bytes=26218
2026-03-14 03:00:30.806 edge /api/orders status=502 upstream=B rt_ms=107 bytes=37284
2026-03-14 03:00:32.440 edge /api/events status=200 upstream=B rt_ms=78 bytes=37161
2026-03-14 03:00:34.268 edge /api/orders status=502 upstream=B rt_ms=146 bytes=11417
2026-03-14 03:00:35.971 edge /api/orders status=200 upstream=B rt_ms=287 bytes=4938
2026-03-14 03:00:37.675 edge /static/style.css status=200 upstream=B rt_ms=354 bytes=6296
2026-03-14 03:00:39.632 edge /api/events status=200 upstream=B rt_ms=396 bytes=30737
2026-03-14 03:00:40.495 edge /static/style.css status=200 upstream=B rt_ms=244 bytes=3273
2026-03-14 03:00:40.692 edge /api/orders status=200 upstream=B rt_ms=126 bytes=18986
2026-03-14 03:00:41.527 edge /healthz status=500 upstream=B rt_ms=375 bytes=9992
2026-03-14 03:00:43.051 edge /api/orders status=200 upstream=B rt_ms=285 bytes=5362
2026-03-14 03:00:43.138 edge /api/orders status=502 upstream=B rt_ms=241 bytes=4046
2026-03-14 03:00:43.639 edge /static/style.css status=200 upstream=B rt_ms=345 bytes=18763
2026-03-14 03:00:44.832 edge /healthz status=200 upstream=B rt_ms=379 bytes=27690
2026-03-14 03:00:45.690 edge /api/orders status=502 upstream=B rt_ms=375 bytes=11960
2026-03-14 03:00:45.709 edge /static/style.css status=200 upstream=B rt_ms=296 bytes=13783
2026-03-14 03:00:46.047 edge / status=200 upstream=B rt_ms=331 bytes=25024
2026-03-14 03:00:47.643 edge /healthz status=200 upstream=B rt_ms=353 bytes=14442
2026-03-14 03:00:48.504 edge /static/style.css status=502 upstream=B rt_ms=300 bytes=4587
2026-03-14 03:00:48.985 edge /static/style.css status=200 upstream=B rt_ms=250 bytes=2034
2026-03-14 03:00:49.414 edge / status=502 upstream=B rt_ms=84 bytes=27428
2026-03-14 03:00:50.202 edge /api/events status=200 upstream=B rt_ms=358 bytes=21084
2026-03-14 03:00:53.433 edge /api/orders status=200 upstream=B rt_ms=68 bytes=7133
2026-03-14 03:00:54.858 edge /healthz status=502 upstream=B rt_ms=386 bytes=38231
2026-03-14 03:00:55.700 edge /healthz status=200 upstream=B rt_ms=375 bytes=5873
2026-03-14 03:00:56.365 edge /static/style.css status=502 upstream=B rt_ms=394 bytes=13180
2026-03-14 03:00:56.550 edge /api/events status=200 upstream=B rt_ms=369 bytes=14476
2026-03-14 03:00:57.737 edge /healthz status=502 upstream=B rt_ms=368 bytes=7154
2026-03-14 03:00:57.978 edge /static/style.css status=404 upstream=B rt_ms=122 bytes=28991
2026-03-14 03:00:58.399 edge /api/events status=200 upstream=B rt_ms=43 bytes=12448
2026-03-14 03:00:58.632 edge /api/events status=502 upstream=B rt_ms=399 bytes=38820
2026-03-14 03:01:02.649 edge /api/events status=200 upstream=B rt_ms=93 bytes=3766
2026-03-14 03:01:02.853 edge /static/style.css status=200 upstream=B rt_ms=382 bytes=22094
2026-03-14 03:01:05.179 edge /static/style.css status=502 upstream=B rt_ms=91 bytes=28803
2026-03-14 03:01:06.934 edge /static/style.css status=200 upstream=B rt_ms=287 bytes=2815
2026-03-14 03:01:08.328 edge / status=502 upstream=B rt_ms=375 bytes=40242
2026-03-14 03:01:11.804 edge /static/style.css status=200 upstream=B rt_ms=92 bytes=33867
2026-03-14 03:01:12.248 edge /api/orders status=200 upstream=B rt_ms=368 bytes=23152
2026-03-14 03:01:13.855 edge /static/style.css status=200 upstream=B rt_ms=56 bytes=22616
2026-03-14 03:01:14.502 edge /healthz status=200 upstream=B rt_ms=306 bytes=2239
2026-03-14 03:01:14.575 edge / status=502 upstream=B rt_ms=385 bytes=6948
2026-03-14 03:01:17.564 edge /static/style.css status=502 upstream=B rt_ms=240 bytes=4007
2026-03-14 03:01:17.838 edge /api/events status=200 upstream=B rt_ms=322 bytes=23096
2026-03-14 03:01:18.259 edge /static/style.css status=502 upstream=B rt_ms=44 bytes=11661
2026-03-14 03:01:18.431 edge /healthz status=502 upstream=B rt_ms=199 bytes=6273
2026-03-14 03:01:19.177 edge /static/style.css status=200 upstream=B rt_ms=328 bytes=32955
2026-03-14 03:01:19.425 edge /healthz status=502 upstream=B rt_ms=364 bytes=9233
2026-03-14 03:01:19.584 edge /static/style.css status=200 upstream=B rt_ms=161 bytes=4273
2026-03-14 03:01:21.089 edge /api/orders status=200 upstream=B rt_ms=34 bytes=9689
2026-03-14 03:01:22.218 edge /api/events status=502 upstream=B rt_ms=235 bytes=17886
2026-03-14 03:01:23.594 edge /healthz status=200 upstream=B rt_ms=102 bytes=41479
2026-03-14 03:01:23.735 edge /static/style.css status=502 upstream=B rt_ms=284 bytes=36747
2026-03-14 03:01:23.841 edge /api/events status=404 upstream=B rt_ms=299 bytes=14768
2026-03-14 03:01:26.241 edge /healthz status=200 upstream=B rt_ms=11 bytes=8197
2026-03-14 03:01:26.980 edge / status=500 upstream=B rt_ms=380 bytes=1371
2026-03-14 03:01:30.079 edge /static/style.css status=502 upstream=B rt_ms=233 bytes=4697
2026-03-14 03:01:30.479 edge /healthz status=502 upstream=B rt_ms=231 bytes=18223
2026-03-14 03:01:30.595 edge /healthz status=502 upstream=B rt_ms=308 bytes=31992
2026-03-14 03:01:31.708 edge /api/events status=200 upstream=B rt_ms=240 bytes=28585
2026-03-14 03:01:32.003 edge /api/orders status=502 upstream=B rt_ms=227 bytes=7759
2026-03-14 03:01:34.305 edge / status=502 upstream=B rt_ms=95 bytes=35217
2026-03-14 03:01:35.094 edge /api/events status=502 upstream=B rt_ms=60 bytes=31214
2026-03-14 03:01:35.682 edge /static/style.css status=200 upstream=B rt_ms=308 bytes=4089
2026-03-14 03:01:36.037 edge /static/style.css status=200 upstream=B rt_ms=72 bytes=24722
2026-03-14 03:01:36.879 edge / status=200 upstream=B rt_ms=299 bytes=17216
2026-03-14 03:01:39.748 edge /static/style.css status=200 upstream=B rt_ms=166 bytes=7133
2026-03-14 03:01:40.273 edge /api/events status=200 upstream=B rt_ms=193 bytes=6821
2026-03-14 03:01:40.640 edge /api/orders status=200 upstream=B rt_ms=33 bytes=2063
2026-03-14 03:01:40.994 edge /static/style.css status=502 upstream=B rt_ms=137 bytes=36885
2026-03-14 03:01:41.143 edge /healthz status=404 upstream=B rt_ms=59 bytes=23850
2026-03-14 03:01:41.669 edge /healthz status=200 upstream=B rt_ms=21 bytes=3792
2026-03-14 03:01:41.766 edge /static/style.css status=200 upstream=B rt_ms=372 bytes=27358
2026-03-14 03:01:43.451 edge /static/style.css status=502 upstream=B rt_ms=345 bytes=3964
2026-03-14 03:01:44.527 edge /static/style.css status=200 upstream=B rt_ms=392 bytes=13962
2026-03-14 03:01:48.515 edge /api/orders status=502 upstream=B rt_ms=311 bytes=9492
2026-03-14 03:01:48.851 edge /static/style.css status=502 upstream=B rt_ms=232 bytes=1448
2026-03-14 03:01:50.166 edge /healthz status=200 upstream=B rt_ms=184 bytes=22499
2026-03-14 03:01:51.465 edge /api/events status=200 upstream=B rt_ms=381 bytes=8476
2026-03-14 03:01:52.930 edge /healthz status=200 upstream=B rt_ms=240 bytes=22042
2026-03-14 03:01:54.061 edge /static/style.css status=200 upstream=B rt_ms=253 bytes=24331
2026-03-14 03:01:54.134 edge /healthz status=200 upstream=B rt_ms=263 bytes=26821
2026-03-14 03:01:56.235 edge /api/events status=200 upstream=B rt_ms=139 bytes=22623
2026-03-14 03:01:57.777 edge /api/events status=200 upstream=B rt_ms=354 bytes=33638
2026-03-14 03:01:59.924 edge /static/style.css status=200 upstream=B rt_ms=236 bytes=17317
2026-03-14 03:02:00.607 edge /api/events status=502 upstream=B rt_ms=225 bytes=21197
2026-03-14 03:02:02.663 edge / status=200 upstream=B rt_ms=210 bytes=16944
2026-03-14 03:02:03.959 edge /healthz status=200 upstream=B rt_ms=185 bytes=29298
2026-03-14 03:02:05.667 edge /api/events status=502 upstream=B rt_ms=291 bytes=13706
2026-03-14 03:02:06.063 edge / status=200 upstream=B rt_ms=174 bytes=26357
2026-03-14 03:02:06.273 edge /api/events status=200 upstream=B rt_ms=169 bytes=34752
2026-03-14 03:02:09.626 edge / status=200 upstream=B rt_ms=270 bytes=18132
2026-03-14 03:02:10.461 edge /healthz status=502 upstream=B rt_ms=286 bytes=39493
2026-03-14 03:02:11.801 edge / status=500 upstream=B rt_ms=18 bytes=13895
2026-03-14 03:02:13.125 edge /static/style.css status=502 upstream=B rt_ms=366 bytes=10992
2026-03-14 03:02:18.490 edge /api/orders status=200 upstream=B rt_ms=10 bytes=10511
2026-03-14 03:02:21.798 edge / status=502 upstream=B rt_ms=312 bytes=15113
2026-03-14 03:02:22.155 edge /healthz status=502 upstream=B rt_ms=256 bytes=34666
2026-03-14 03:02:26.019 edge /api/events status=200 upstream=B rt_ms=136 bytes=38406
2026-03-14 03:02:27.348 edge /api/events status=200 upstream=B rt_ms=269 bytes=4978
2026-03-14 03:02:27.488 edge / status=502 upstream=B rt_ms=238 bytes=9117
2026-03-14 03:02:30.446 edge /api/events status=200 upstream=B rt_ms=312 bytes=12561
2026-03-14 03:02:31.961 edge / status=502 upstream=B rt_ms=6 bytes=11015
2026-03-14 03:02:33.440 edge /static/style.css status=500 upstream=B rt_ms=129 bytes=12468
2026-03-14 03:02:33.561 edge /static/style.css status=502 upstream=B rt_ms=55 bytes=22156
2026-03-14 03:02:34.814 edge / status=502 upstream=B rt_ms=92 bytes=24442
2026-03-14 03:02:35.308 edge /healthz status=502 upstream=B rt_ms=281 bytes=33795
2026-03-14 03:02:35.917 edge /api/events status=200 upstream=B rt_ms=183 bytes=24618
2026-03-14 03:02:36.686 edge /api/orders status=502 upstream=B rt_ms=342 bytes=9307
2026-03-14 03:02:41.357 edge /static/style.css status=502 upstream=B rt_ms=285 bytes=7849
2026-03-14 03:02:43.109 edge /api/orders status=502 upstream=B rt_ms=313 bytes=35039
2026-03-14 03:02:43.521 edge / status=200 upstream=B rt_ms=111 bytes=16462
2026-03-14 03:02:43.581 edge /api/events status=200 upstream=B rt_ms=375 bytes=13225
2026-03-14 03:02:43.871 edge /healthz status=200 upstream=B rt_ms=185 bytes=25957
2026-03-14 03:02:44.509 edge /api/orders status=200 upstream=B rt_ms=4 bytes=36837
2026-03-14 03:02:45.945 edge / status=502 upstream=B rt_ms=355 bytes=31012
2026-03-14 03:02:47.199 edge /api/orders status=200 upstream=B rt_ms=85 bytes=28877
2026-03-14 03:02:47.556 edge / status=200 upstream=B rt_ms=353 bytes=40989
2026-03-14 03:02:48.253 edge /static/style.css status=502 upstream=B rt_ms=307 bytes=11199
2026-03-14 03:02:48.765 edge /api/orders status=502 upstream=B rt_ms=359 bytes=23770
2026-03-14 03:02:48.993 edge /api/events status=200 upstream=B rt_ms=82 bytes=19604
2026-03-14 03:02:51.250 edge /api/orders status=200 upstream=B rt_ms=287 bytes=6626
2026-03-14 03:02:51.401 edge /healthz status=200 upstream=B rt_ms=83 bytes=21733
2026-03-14 03:02:51.769 edge /api/orders status=200 upstream=B rt_ms=272 bytes=25424
2026-03-14 03:02:51.861 edge /static/style.css status=200 upstream=B rt_ms=359 bytes=22124
2026-03-14 03:02:52.054 edge /healthz status=502 upstream=B rt_ms=215 bytes=34025
2026-03-14 03:02:52.130 edge /api/orders status=404 upstream=B rt_ms=384 bytes=5052
2026-03-14 03:02:52.388 edge /healthz status=200 upstream=B rt_ms=27 bytes=22392
2026-03-14 03:02:53.678 edge /healthz status=200 upstream=B rt_ms=24 bytes=31618
2026-03-14 03:02:53.703 edge /healthz status=200 upstream=B rt_ms=106 bytes=29392
2026-03-14 03:02:54.465 edge /api/orders status=200 upstream=B rt_ms=83 bytes=29371
2026-03-14 03:02:54.864 edge /static/style.css status=404 upstream=B rt_ms=282 bytes=641
2026-03-14 03:02:55.727 edge /api/orders status=502 upstream=B rt_ms=247 bytes=36876
2026-03-14 03:02:57.183 edge /api/orders status=200 upstream=B rt_ms=10 bytes=20426
2026-03-14 03:02:58.331 edge /healthz status=200 upstream=B rt_ms=139 bytes=9002
2026-03-14 03:02:59.885 edge / status=502 upstream=B rt_ms=212 bytes=20891
2026-03-14 03:03:01.419 edge / status=200 upstream=B rt_ms=211 bytes=39946
2026-03-14 03:03:02.511 edge /api/orders status=502 upstream=B rt_ms=350 bytes=21547
2026-03-14 03:03:03.145 edge /static/style.css status=502 upstream=B rt_ms=261 bytes=10506
2026-03-14 03:03:03.856 edge /healthz status=200 upstream=B rt_ms=216 bytes=25507
2026-03-14 03:03:03.946 edge / status=502 upstream=B rt_ms=172 bytes=35818
2026-03-14 03:03:04.855 edge /api/orders status=502 upstream=B rt_ms=304 bytes=11458
2026-03-14 03:03:06.105 edge /static/style.css status=200 upstream=B rt_ms=353 bytes=22730
2026-03-14 03:03:07.566 edge /static/style.css status=404 upstream=B rt_ms=310 bytes=24798
2026-03-14 03:03:08.144 edge /healthz status=200 upstream=B rt_ms=171 bytes=38732
2026-03-14 03:03:10.923 edge / status=502 upstream=B rt_ms=142 bytes=28388
2026-03-14 03:03:14.314 edge /static/style.css status=502 upstream=B rt_ms=324 bytes=29865
2026-03-14 03:03:14.557 edge /static/style.css status=200 upstream=B rt_ms=390 bytes=3857
2026-03-14 03:03:15.348 edge /api/orders status=502 upstream=B rt_ms=181 bytes=23516
2026-03-14 03:03:15.978 edge /healthz status=502 upstream=B rt_ms=165 bytes=368
2026-03-14 03:03:18.260 edge /api/orders status=502 upstream=B rt_ms=293 bytes=33188
2026-03-14 03:03:20.457 edge /healthz status=200 upstream=B rt_ms=194 bytes=30986
2026-03-14 03:03:20.578 edge /api/orders status=500 upstream=B rt_ms=90 bytes=22236
2026-03-14 03:03:20.693 edge /static/style.css status=404 upstream=B rt_ms=41 bytes=8768
2026-03-14 03:03:20.693 edge /api/events status=502 upstream=B rt_ms=80 bytes=23169
2026-03-14 03:03:20.778 edge /api/events status=502 upstream=B rt_ms=90 bytes=41176
2026-03-14 03:03:21.099 edge /healthz status=200 upstream=B rt_ms=313 bytes=5654
2026-03-14 03:03:22.634 edge /api/orders status=200 upstream=B rt_ms=251 bytes=31237
2026-03-14 03:03:23.851 edge / status=200 upstream=B rt_ms=65 bytes=17566
2026-03-14 03:03:24.847 edge /healthz status=200 upstream=B rt_ms=135 bytes=12581
2026-03-14 03:03:25.268 edge /healthz status=502 upstream=B rt_ms=364 bytes=3945
2026-03-14 03:03:25.989 edge /api/orders status=502 upstream=B rt_ms=223 bytes=4854
2026-03-14 03:03:27.412 edge / status=502 upstream=B rt_ms=237 bytes=37504
2026-03-14 03:03:28.968 edge /healthz status=500 upstream=B rt_ms=235 bytes=37773
2026-03-14 03:03:29.898 edge /api/events status=200 upstream=B rt_ms=16 bytes=28179
2026-03-14 03:03:31.109 edge /static/style.css status=200 upstream=B rt_ms=20 bytes=11934
2026-03-14 03:03:31.985 edge /api/orders status=200 upstream=B rt_ms=254 bytes=27450
2026-03-14 03:03:32.024 edge /healthz status=502 upstream=B rt_ms=14 bytes=7018
2026-03-14 03:03:33.626 edge /api/events status=502 upstream=B rt_ms=160 bytes=14526
2026-03-14 03:03:34.490 edge /healthz status=502 upstream=B rt_ms=281 bytes=36350
2026-03-14 03:03:34.606 edge / status=200 upstream=B rt_ms=129 bytes=36729
2026-03-14 03:03:35.267 edge /api/events status=502 upstream=B rt_ms=60 bytes=28789
2026-03-14 03:03:36.368 edge /healthz status=200 upstream=B rt_ms=332 bytes=27382
2026-03-14 03:03:37.786 edge /api/events status=502 upstream=B rt_ms=33 bytes=31034
2026-03-14 03:03:38.711 edge /api/orders status=200 upstream=B rt_ms=396 bytes=8240
2026-03-14 03:03:44.178 edge /healthz status=200 upstream=B rt_ms=286 bytes=31895
2026-03-14 03:03:45.361 edge /api/events status=502 upstream=B rt_ms=238 bytes=17453
2026-03-14 03:03:51.377 edge /api/orders status=502 upstream=B rt_ms=182 bytes=3843
2026-03-14 03:03:51.798 edge /static/style.css status=200 upstream=B rt_ms=92 bytes=33815
2026-03-14 03:03:52.378 edge /static/style.css status=200 upstream=B rt_ms=134 bytes=32473
2026-03-14 03:03:52.893 edge /api/orders status=200 upstream=B rt_ms=115 bytes=24743
2026-03-14 03:03:54.693 edge / status=200 upstream=B rt_ms=14 bytes=29974
2026-03-14 03:03:54.956 edge /api/orders status=502 upstream=B rt_ms=263 bytes=30504
2026-03-14 03:03:55.619 edge /api/events status=200 upstream=B rt_ms=206 bytes=3550
2026-03-14 03:03:56.114 edge /api/orders status=200 upstream=B rt_ms=317 bytes=24983
2026-03-14 03:03:56.534 edge /api/events status=200 upstream=B rt_ms=79 bytes=36913
2026-03-14 03:03:57.703 edge /api/orders status=200 upstream=B rt_ms=171 bytes=5203
2026-03-14 03:03:57.796 edge /static/style.css status=502 upstream=B rt_ms=78 bytes=33185
2026-03-14 03:04:02.105 edge /healthz status=200 upstream=B rt_ms=385 bytes=5900
2026-03-14 03:04:02.192 edge /api/events status=200 upstream=B rt_ms=180 bytes=37726
2026-03-14 03:04:02.626 edge /static/style.css status=502 upstream=B rt_ms=239 bytes=18569
2026-03-14 03:04:02.645 edge /static/style.css status=502 upstream=B rt_ms=243 bytes=717
2026-03-14 03:04:03.179 edge /api/orders status=502 upstream=B rt_ms=109 bytes=19948
2026-03-14 03:04:05.426 edge / status=200 upstream=B rt_ms=347 bytes=32078
2026-03-14 03:04:05.868 edge /static/style.css status=500 upstream=B rt_ms=229 bytes=35246
2026-03-14 03:04:06.480 edge /api/orders status=502 upstream=B rt_ms=262 bytes=11655
2026-03-14 03:04:06.590 edge /static/style.css status=200 upstream=B rt_ms=105 bytes=10512
2026-03-14 03:04:07.224 edge /api/events status=200 upstream=B rt_ms=357 bytes=35479
2026-03-14 03:04:07.761 edge / status=502 upstream=B rt_ms=56 bytes=9914
2026-03-14 03:04:08.085 edge /healthz status=200 upstream=B rt_ms=195 bytes=36496
2026-03-14 03:04:09.257 edge /healthz status=200 upstream=B rt_ms=238 bytes=6478
2026-03-14 03:04:10.247 edge /static/style.css status=502 upstream=B rt_ms=167 bytes=21726
2026-03-14 03:04:11.787 edge /api/events status=200 upstream=B rt_ms=42 bytes=39329
2026-03-14 03:04:11.853 edge /api/events status=200 upstream=B rt_ms=318 bytes=26465
2026-03-14 03:04:12.138 edge / status=200 upstream=B rt_ms=16 bytes=25798
2026-03-14 03:04:12.503 edge /api/events status=200 upstream=B rt_ms=103 bytes=35000
2026-03-14 03:04:12.637 edge /api/events status=200 upstream=B rt_ms=334 bytes=37204
2026-03-14 03:04:13.079 edge / status=502 upstream=B rt_ms=256 bytes=31411
2026-03-14 03:04:17.430 edge /healthz status=502 upstream=B rt_ms=206 bytes=10610
2026-03-14 03:04:20.327 edge / status=200 upstream=B rt_ms=163 bytes=31539
2026-03-14 03:04:21.238 edge / status=502 upstream=B rt_ms=237 bytes=26566
2026-03-14 03:04:23.484 edge /healthz status=200 upstream=B rt_ms=300 bytes=34321
2026-03-14 03:04:23.557 edge / status=502 upstream=B rt_ms=76 bytes=40362
2026-03-14 03:04:23.798 edge / status=502 upstream=B rt_ms=7 bytes=5058
2026-03-14 03:04:23.881 edge /healthz status=500 upstream=B rt_ms=239 bytes=5200
2026-03-14 03:04:26.207 edge /api/orders status=500 upstream=B rt_ms=330 bytes=18585
2026-03-14 03:04:29.097 edge /api/orders status=502 upstream=B rt_ms=253 bytes=35962
2026-03-14 03:04:29.329 edge /api/events status=502 upstream=B rt_ms=267 bytes=12344
2026-03-14 03:04:31.611 edge /api/orders status=502 upstream=B rt_ms=85 bytes=33548
2026-03-14 03:04:32.241 edge /api/events status=502 upstream=B rt_ms=314 bytes=3292
2026-03-14 03:04:33.154 edge /api/events status=200 upstream=B rt_ms=178 bytes=6019
2026-03-14 03:04:33.298 edge / status=200 upstream=B rt_ms=132 bytes=24523
2026-03-14 03:04:33.821 edge /api/events status=200 upstream=B rt_ms=341 bytes=2492
2026-03-14 03:04:34.357 edge /api/events status=500 upstream=B rt_ms=221 bytes=32800
2026-03-14 03:04:35.614 edge /api/orders status=200 upstream=B rt_ms=311 bytes=30843
2026-03-14 03:04:35.775 edge /healthz status=200 upstream=B rt_ms=287 bytes=9025
2026-03-14 03:04:36.050 edge /static/style.css status=502 upstream=B rt_ms=163 bytes=35570
2026-03-14 03:04:36.970 edge /api/orders status=200 upstream=B rt_ms=97 bytes=25904
2026-03-14 03:04:37.081 edge /static/style.css status=502 upstream=B rt_ms=140 bytes=462
2026-03-14 03:04:37.117 edge /static/style.css status=502 upstream=B rt_ms=202 bytes=26559
2026-03-14 03:04:37.797 edge /static/style.css status=200 upstream=B rt_ms=199 bytes=30390
2026-03-14 03:04:38.280 edge /api/events status=200 upstream=B rt_ms=273 bytes=33477
2026-03-14 03:04:40.509 edge /api/orders status=502 upstream=B rt_ms=315 bytes=18182
2026-03-14 03:04:41.293 edge /healthz status=200 upstream=B rt_ms=91 bytes=31294
2026-03-14 03:04:44.966 edge /static/style.css status=502 upstream=B rt_ms=25 bytes=31797
2026-03-14 03:04:45.494 edge /api/orders status=200 upstream=B rt_ms=359 bytes=29653
2026-03-14 03:04:46.657 edge /healthz status=200 upstream=B rt_ms=109 bytes=5420
2026-03-14 03:04:47.466 edge /static/style.css status=200 upstream=B rt_ms=263 bytes=24422
2026-03-14 03:04:48.617 edge /static/style.css status=200 upstream=B rt_ms=271 bytes=25950
2026-03-14 03:04:50.169 edge /static/style.css status=502 upstream=B rt_ms=271 bytes=22759
2026-03-14 03:04:53.289 edge / status=502 upstream=B rt_ms=369 bytes=40906
2026-03-14 03:05:00.190 edge /healthz status=200 upstream=B rt_ms=207 bytes=3869
2026-03-14 03:05:00.933 edge /api/events status=502 upstream=B rt_ms=393 bytes=28610
2026-03-14 03:05:02.593 edge /api/events status=200 upstream=B rt_ms=373 bytes=37675
2026-03-14 03:05:03.490 edge /api/orders status=200 upstream=B rt_ms=100 bytes=22220
2026-03-14 03:05:04.334 edge /api/orders status=502 upstream=B rt_ms=194 bytes=22167
2026-03-14 03:05:04.505 edge / status=200 upstream=B rt_ms=331 bytes=4934
2026-03-14 03:05:05.337 edge /static/style.css status=502 upstream=B rt_ms=9 bytes=34272
2026-03-14 03:05:07.670 edge /api/orders status=200 upstream=B rt_ms=306 bytes=33849
2026-03-14 03:05:10.051 edge /healthz status=200 upstream=B rt_ms=359 bytes=40837
2026-03-14 03:05:10.892 edge /api/orders status=502 upstream=B rt_ms=61 bytes=16763
2026-03-14 03:05:10.989 edge /static/style.css status=502 upstream=B rt_ms=227 bytes=23060
2026-03-14 03:05:11.676 edge /api/orders status=200 upstream=B rt_ms=12 bytes=40108
2026-03-14 03:05:12.287 edge / status=200 upstream=B rt_ms=265 bytes=2692
2026-03-14 03:05:15.311 edge /healthz status=200 upstream=B rt_ms=146 bytes=36754
2026-03-14 03:05:17.379 edge /api/events status=502 upstream=B rt_ms=384 bytes=10856
2026-03-14 03:05:19.994 edge /api/events status=200 upstream=B rt_ms=289 bytes=12168
2026-03-14 03:05:21.240 edge /static/style.css status=404 upstream=B rt_ms=263 bytes=31797
2026-03-14 03:05:22.243 edge / status=200 upstream=B rt_ms=24 bytes=10400
2026-03-14 03:05:24.631 edge /api/orders status=502 upstream=B rt_ms=333 bytes=2439
2026-03-14 03:05:24.674 edge /api/events status=502 upstream=B rt_ms=226 bytes=3978
2026-03-14 03:05:25.019 edge / status=200 upstream=B rt_ms=186 bytes=9119
2026-03-14 03:05:25.868 edge /api/orders status=200 upstream=B rt_ms=360 bytes=21508
2026-03-14 03:05:27.822 edge /static/style.css status=404 upstream=B rt_ms=213 bytes=15755
2026-03-14 03:05:27.953 edge /healthz status=200 upstream=B rt_ms=124 bytes=17121
2026-03-14 03:05:28.555 edge /api/events status=200 upstream=B rt_ms=358 bytes=5284
2026-03-14 03:05:28.652 edge /healthz status=200 upstream=B rt_ms=388 bytes=35027
2026-03-14 03:05:29.267 edge /api/events status=502 upstream=B rt_ms=378 bytes=2482
2026-03-14 03:05:29.869 edge /api/orders status=200 upstream=B rt_ms=86 bytes=13754
2026-03-14 03:05:30.802 edge /api/orders status=200 upstream=B rt_ms=291 bytes=15708
2026-03-14 03:05:32.907 edge /api/orders status=200 upstream=B rt_ms=185 bytes=24149
2026-03-14 03:05:32.970 edge /api/events status=200 upstream=B rt_ms=396 bytes=38739
2026-03-14 03:05:33.307 edge /api/events status=502 upstream=B rt_ms=267 bytes=34313
2026-03-14 03:05:33.904 edge /healthz status=502 upstream=B rt_ms=2 bytes=31103
2026-03-14 03:05:34.572 edge /static/style.css status=200 upstream=B rt_ms=97 bytes=11749
2026-03-14 03:05:36.434 edge /api/orders status=502 upstream=B rt_ms=319 bytes=26514
2026-03-14 03:05:36.810 edge / status=200 upstream=B rt_ms=47 bytes=41207
2026-03-14 03:05:39.584 edge / status=200 upstream=B rt_ms=385 bytes=36704
2026-03-14 03:05:41.850 edge /healthz status=502 upstream=B rt_ms=145 bytes=36152
2026-03-14 03:05:42.308 edge /api/orders status=502 upstream=B rt_ms=136 bytes=21915
2026-03-14 03:05:42.984 edge /static/style.css status=502 upstream=B rt_ms=67 bytes=32149
2026-03-14 03:05:43.189 edge /api/events status=200 upstream=B rt_ms=332 bytes=33355
2026-03-14 03:05:45.745 edge /static/style.css status=500 upstream=B rt_ms=310 bytes=18082
2026-03-14 03:05:47.444 edge /api/orders status=502 upstream=B rt_ms=390 bytes=17387
2026-03-14 03:05:47.958 edge /api/orders status=502 upstream=B rt_ms=311 bytes=4685
2026-03-14 03:05:48.791 edge /api/events status=502 upstream=B rt_ms=11 bytes=14404
2026-03-14 03:05:49.351 edge / status=200 upstream=B rt_ms=271 bytes=7813
2026-03-14 03:05:50.436 edge /api/orders status=200 upstream=B rt_ms=78 bytes=6997
2026-03-14 03:05:51.671 edge /static/style.css status=200 upstream=B rt_ms=281 bytes=23148
2026-03-14 03:05:52.032 edge /api/orders status=200 upstream=B rt_ms=27 bytes=31215
2026-03-14 03:05:53.552 edge / status=200 upstream=B rt_ms=264 bytes=26019
2026-03-14 03:05:53.604 edge /healthz status=502 upstream=B rt_ms=46 bytes=5246
2026-03-14 03:05:56.965 edge / status=502 upstream=B rt_ms=375 bytes=11888
2026-03-14 03:05:57.206 edge /api/events status=502 upstream=B rt_ms=70 bytes=4116
2026-03-14 03:05:57.346 edge /static/style.css status=200 upstream=B rt_ms=135 bytes=27889
2026-03-14 03:05:57.520 edge /api/orders status=200 upstream=B rt_ms=105 bytes=32913
2026-03-14 03:05:57.887 edge /api/orders status=200 upstream=B rt_ms=309 bytes=14329
2026-03-14 03:05:58.405 edge /api/orders status=200 upstream=B rt_ms=329 bytes=7225
2026-03-14 03:06:00.931 edge /healthz status=200 upstream=B rt_ms=229 bytes=15301
2026-03-14 03:06:01.118 edge / status=200 upstream=B rt_ms=305 bytes=4788
2026-03-14 03:06:02.627 edge /api/events status=502 upstream=B rt_ms=245 bytes=25912
2026-03-14 03:06:02.772 edge /api/events status=200 upstream=B rt_ms=387 bytes=36732
2026-03-14 03:06:04.741 edge /static/style.css status=200 upstream=B rt_ms=289 bytes=33619
2026-03-14 03:06:04.778 edge /healthz status=502 upstream=B rt_ms=192 bytes=4036
2026-03-14 03:06:05.408 edge /api/orders status=502 upstream=B rt_ms=241 bytes=34869
2026-03-14 03:06:05.420 edge /api/orders status=500 upstream=B rt_ms=66 bytes=16719
2026-03-14 03:06:05.522 edge /api/orders status=502 upstream=B rt_ms=328 bytes=23740
2026-03-14 03:06:06.068 edge / status=200 upstream=B rt_ms=246 bytes=18050
2026-03-14 03:06:08.929 edge /healthz status=200 upstream=B rt_ms=133 bytes=19825
2026-03-14 03:06:10.873 edge / status=200 upstream=B rt_ms=67 bytes=26317
2026-03-14 03:06:11.471 edge / status=200 upstream=B rt_ms=249 bytes=40019
2026-03-14 03:06:14.256 edge / status=500 upstream=B rt_ms=222 bytes=19887
2026-03-14 03:06:16.512 edge /api/events status=200 upstream=B rt_ms=61 bytes=8880
2026-03-14 03:06:18.300 edge / status=500 upstream=B rt_ms=20 bytes=40207
2026-03-14 03:06:18.881 edge /api/orders status=200 upstream=B rt_ms=238 bytes=31505
2026-03-14 03:06:20.730 edge /healthz status=200 upstream=B rt_ms=361 bytes=38284
2026-03-14 03:06:22.264 edge /healthz status=502 upstream=B rt_ms=173 bytes=35408
2026-03-14 03:06:22.656 edge / status=200 upstream=B rt_ms=224 bytes=22797
2026-03-14 03:06:22.895 edge /static/style.css status=200 upstream=B rt_ms=261 bytes=21185
2026-03-14 03:06:23.419 edge /api/events status=200 upstream=B rt_ms=157 bytes=7757
2026-03-14 03:06:23.614 edge / status=200 upstream=B rt_ms=64 bytes=10714
2026-03-14 03:06:24.516 edge /healthz status=502 upstream=B rt_ms=222 bytes=14199
2026-03-14 03:06:24.522 edge /api/events status=404 upstream=B rt_ms=42 bytes=6647
2026-03-14 03:06:24.706 edge /static/style.css status=502 upstream=B rt_ms=115 bytes=33370
2026-03-14 03:06:24.790 edge / status=500 upstream=B rt_ms=283 bytes=22566
2026-03-14 03:06:25.946 edge / status=404 upstream=B rt_ms=355 bytes=17505
2026-03-14 03:06:28.062 edge /api/orders status=502 upstream=B rt_ms=305 bytes=38780
2026-03-14 03:06:28.404 edge /api/events status=200 upstream=B rt_ms=193 bytes=7674
2026-03-14 03:06:29.498 edge /static/style.css status=200 upstream=B rt_ms=255 bytes=823
2026-03-14 03:06:30.169 edge /static/style.css status=200 upstream=B rt_ms=352 bytes=18312
2026-03-14 03:06:31.005 edge /api/events status=200 upstream=B rt_ms=209 bytes=27473
2026-03-14 03:06:31.240 edge / status=200 upstream=B rt_ms=176 bytes=36619
2026-03-14 03:06:33.535 edge /static/style.css status=200 upstream=B rt_ms=319 bytes=13330
2026-03-14 03:06:34.366 edge / status=502 upstream=B rt_ms=206 bytes=1245
2026-03-14 03:06:35.714 edge /api/events status=200 upstream=B rt_ms=140 bytes=11755
2026-03-14 03:06:36.686 edge /static/style.css status=502 upstream=B rt_ms=366 bytes=37913
2026-03-14 03:06:39.691 edge /api/events status=200 upstream=B rt_ms=247 bytes=2380
2026-03-14 03:06:40.452 edge /static/style.css status=200 upstream=B rt_ms=349 bytes=28584
2026-03-14 03:06:40.585 edge / status=200 upstream=B rt_ms=144 bytes=30517
2026-03-14 03:06:43.352 edge / status=502 upstream=B rt_ms=132 bytes=28682
2026-03-14 03:06:53.295 edge /api/events status=200 upstream=B rt_ms=135 bytes=21421
2026-03-14 03:06:53.651 edge /api/orders status=200 upstream=B rt_ms=224 bytes=22072
2026-03-14 03:06:54.868 edge /healthz status=502 upstream=B rt_ms=246 bytes=14582
2026-03-14 03:06:55.616 edge / status=200 upstream=B rt_ms=379 bytes=11522
2026-03-14 03:06:55.852 edge /static/style.css status=200 upstream=B rt_ms=234 bytes=14899
2026-03-14 03:06:55.863 edge / status=502 upstream=B rt_ms=185 bytes=23073
2026-03-14 03:06:56.934 edge /api/orders status=502 upstream=B rt_ms=397 bytes=383
2026-03-14 03:06:57.068 edge /healthz status=200 upstream=B rt_ms=31 bytes=29850
2026-03-14 03:06:59.505 edge /static/style.css status=200 upstream=B rt_ms=15 bytes=24033
2026-03-14 03:07:04.097 edge /api/orders status=200 upstream=B rt_ms=294 bytes=10022
2026-03-14 03:07:04.396 edge /api/orders status=200 upstream=B rt_ms=9 bytes=7511
2026-03-14 03:07:05.702 edge /api/orders status=200 upstream=B rt_ms=385 bytes=33870
2026-03-14 03:07:07.013 edge /static/style.css status=502 upstream=B rt_ms=116 bytes=23775
2026-03-14 03:07:07.119 edge /static/style.css status=200 upstream=B rt_ms=303 bytes=41622
2026-03-14 03:07:07.499 edge /healthz status=200 upstream=B rt_ms=152 bytes=10613
2026-03-14 03:07:07.679 edge /api/events status=200 upstream=B rt_ms=197 bytes=37577
2026-03-14 03:07:10.986 edge /api/orders status=200 upstream=B rt_ms=383 bytes=20297
2026-03-14 03:07:11.890 edge / status=502 upstream=B rt_ms=62 bytes=39079
2026-03-14 03:07:13.062 edge /api/events status=502 upstream=B rt_ms=342 bytes=17561
2026-03-14 03:07:13.843 edge / status=502 upstream=B rt_ms=306 bytes=9381
2026-03-14 03:07:14.900 edge /api/events status=200 upstream=B rt_ms=202 bytes=12381
2026-03-14 03:07:15.242 edge /static/style.css status=200 upstream=B rt_ms=4 bytes=12206
2026-03-14 03:07:16.738 edge /healthz status=502 upstream=B rt_ms=48 bytes=31860
2026-03-14 03:07:17.140 edge /api/orders status=200 upstream=B rt_ms=297 bytes=30570
2026-03-14 03:07:17.639 edge / status=502 upstream=B rt_ms=134 bytes=8638
2026-03-14 03:07:19.438 edge / status=404 upstream=B rt_ms=354 bytes=33732
2026-03-14 03:07:19.487 edge /static/style.css status=200 upstream=B rt_ms=302 bytes=30660
2026-03-14 03:07:20.985 edge /healthz status=200 upstream=B rt_ms=131 bytes=23824
2026-03-14 03:07:21.673 edge /api/orders status=200 upstream=B rt_ms=45 bytes=40706
2026-03-14 03:07:22.111 edge /static/style.css status=200 upstream=B rt_ms=33 bytes=1033
2026-03-14 03:07:22.399 edge / status=502 upstream=B rt_ms=247 bytes=30498
2026-03-14 03:07:23.147 edge /healthz status=200 upstream=B rt_ms=272 bytes=31205
2026-03-14 03:07:23.187 edge /healthz status=200 upstream=B rt_ms=15 bytes=26761
2026-03-14 03:07:24.951 edge /healthz status=200 upstream=B rt_ms=238 bytes=26490
2026-03-14 03:07:24.967 edge / status=200 upstream=B rt_ms=105 bytes=35852
2026-03-14 03:07:25.608 edge /api/orders status=502 upstream=B rt_ms=212 bytes=25584
2026-03-14 03:07:26.389 edge /api/orders status=502 upstream=B rt_ms=130 bytes=7637
2026-03-14 03:07:30.139 edge /api/events status=200 upstream=B rt_ms=98 bytes=14573
2026-03-14 03:07:30.632 edge / status=200 upstream=B rt_ms=217 bytes=10547
2026-03-14 03:07:34.614 edge /api/orders status=200 upstream=B rt_ms=15 bytes=2908
2026-03-14 03:07:35.418 edge /static/style.css status=200 upstream=B rt_ms=152 bytes=20796
2026-03-14 03:07:35.908 edge /api/orders status=200 upstream=B rt_ms=174 bytes=13011
2026-03-14 03:07:36.515 edge /api/events status=200 upstream=B rt_ms=272 bytes=6523
2026-03-14 03:07:37.667 edge /healthz status=502 upstream=B rt_ms=153 bytes=32612
2026-03-14 03:07:38.569 edge / status=404 upstream=B rt_ms=39 bytes=23515
2026-03-14 03:07:43.423 edge /healthz status=200 upstream=B rt_ms=127 bytes=38600
2026-03-14 03:07:44.205 edge /api/events status=200 upstream=B rt_ms=101 bytes=30474
2026-03-14 03:07:44.585 edge /api/events status=502 upstream=B rt_ms=378 bytes=24203
2026-03-14 03:07:44.949 edge /api/orders status=502 upstream=B rt_ms=338 bytes=30402
2026-03-14 03:07:45.284 edge /healthz status=200 upstream=B rt_ms=212 bytes=10287
2026-03-14 03:07:45.563 edge / status=200 upstream=B rt_ms=352 bytes=14632
2026-03-14 03:07:46.187 edge /static/style.css status=200 upstream=B rt_ms=321 bytes=4218
2026-03-14 03:07:49.623 edge /static/style.css status=200 upstream=B rt_ms=131 bytes=16838
2026-03-14 03:07:50.264 edge /healthz status=502 upstream=B rt_ms=258 bytes=25134
2026-03-14 03:07:50.371 edge /api/orders status=200 upstream=B rt_ms=377 bytes=39756
2026-03-14 03:07:50.526 edge / status=502 upstream=B rt_ms=185 bytes=936
2026-03-14 03:07:53.744 edge /api/events status=502 upstream=B rt_ms=340 bytes=6098
2026-03-14 03:07:53.816 edge /static/style.css status=200 upstream=B rt_ms=292 bytes=13632
2026-03-14 03:07:53.971 edge /healthz status=200 upstream=B rt_ms=344 bytes=2675
2026-03-14 03:07:55.154 edge / status=502 upstream=B rt_ms=296 bytes=18532
2026-03-14 03:07:55.691 edge /api/events status=200 upstream=B rt_ms=335 bytes=38700
2026-03-14 03:07:56.287 edge /api/events status=200 upstream=B rt_ms=124 bytes=41802
2026-03-14 03:07:56.379 edge /static/style.css status=502 upstream=B rt_ms=349 bytes=36230
2026-03-14 03:07:57.168 edge /healthz status=502 upstream=B rt_ms=293 bytes=11478
2026-03-14 03:07:58.338 edge /static/style.css status=200 upstream=B rt_ms=120 bytes=26449
2026-03-14 03:07:59.098 edge /api/orders status=200 upstream=B rt_ms=314 bytes=8263
2026-03-14 03:08:01.575 edge /healthz status=200 upstream=B rt_ms=74 bytes=14470
2026-03-14 03:08:02.491 edge /api/orders status=200 upstream=B rt_ms=278 bytes=7188
2026-03-14 03:08:02.929 edge /api/orders status=502 upstream=B rt_ms=83 bytes=6270
2026-03-14 03:08:03.708 edge /api/orders status=502 upstream=B rt_ms=290 bytes=1103
2026-03-14 03:08:04.822 edge /static/style.css status=200 upstream=B rt_ms=247 bytes=40726
2026-03-14 03:08:05.483 edge /api/orders status=200 upstream=B rt_ms=263 bytes=29106
2026-03-14 03:08:05.779 edge /api/events status=502 upstream=B rt_ms=280 bytes=24092
2026-03-14 03:08:09.324 edge /static/style.css status=502 upstream=B rt_ms=259 bytes=1565
2026-03-14 03:08:12.149 edge /static/style.css status=200 upstream=B rt_ms=357 bytes=19596
2026-03-14 03:08:12.166 edge /healthz status=200 upstream=B rt_ms=201 bytes=25838
2026-03-14 03:08:12.939 edge / status=502 upstream=B rt_ms=63 bytes=33543
2026-03-14 03:08:13.450 edge / status=200 upstream=B rt_ms=311 bytes=34609
2026-03-14 03:08:14.542 edge /healthz status=502 upstream=B rt_ms=140 bytes=23334
2026-03-14 03:08:14.752 edge /static/style.css status=200 upstream=B rt_ms=397 bytes=14363
2026-03-14 03:08:17.591 edge /api/events status=200 upstream=B rt_ms=253 bytes=24900
2026-03-14 03:08:18.789 edge /static/style.css status=200 upstream=B rt_ms=226 bytes=2700
2026-03-14 03:08:21.108 edge /healthz status=502 upstream=B rt_ms=210 bytes=25334
2026-03-14 03:08:21.276 edge /static/style.css status=502 upstream=B rt_ms=85 bytes=9645
2026-03-14 03:08:23.652 edge / status=200 upstream=B rt_ms=84 bytes=22138
2026-03-14 03:08:26.480 edge /api/events status=200 upstream=B rt_ms=104 bytes=36604
2026-03-14 03:08:26.956 edge / status=200 upstream=B rt_ms=147 bytes=2265
2026-03-14 03:08:27.639 edge /api/orders status=200 upstream=B rt_ms=256 bytes=23609
2026-03-14 03:08:28.726 edge / status=200 upstream=B rt_ms=330 bytes=3702
2026-03-14 03:08:28.750 edge /api/orders status=502 upstream=B rt_ms=131 bytes=1966
2026-03-14 03:08:29.759 edge /api/orders status=404 upstream=B rt_ms=46 bytes=34465
2026-03-14 03:08:29.932 edge / status=502 upstream=B rt_ms=56 bytes=7159
2026-03-14 03:08:30.093 edge /healthz status=200 upstream=B rt_ms=119 bytes=36620
2026-03-14 03:08:30.243 edge / status=502 upstream=B rt_ms=317 bytes=34673
2026-03-14 03:08:30.792 edge /healthz status=200 upstream=B rt_ms=180 bytes=17845
2026-03-14 03:08:32.394 edge /healthz status=200 upstream=B rt_ms=282 bytes=3624
2026-03-14 03:08:34.213 edge /healthz status=502 upstream=B rt_ms=397 bytes=11044
2026-03-14 03:08:37.528 edge / status=502 upstream=B rt_ms=287 bytes=16261
2026-03-14 03:08:38.535 edge / status=200 upstream=B rt_ms=35 bytes=39682
2026-03-14 03:08:39.939 edge /api/events status=502 upstream=B rt_ms=16 bytes=10854
2026-03-14 03:08:40.409 edge /api/events status=502 upstream=B rt_ms=307 bytes=40270
2026-03-14 03:08:41.678 edge /api/orders status=200 upstream=B rt_ms=171 bytes=5275
2026-03-14 03:08:41.977 edge /api/events status=502 upstream=B rt_ms=313 bytes=31311
2026-03-14 03:08:41.978 edge / status=200 upstream=B rt_ms=326 bytes=984
2026-03-14 03:08:42.162 edge /healthz status=502 upstream=B rt_ms=66 bytes=39674
2026-03-14 03:08:42.197 edge /static/style.css status=502 upstream=B rt_ms=51 bytes=36224
2026-03-14 03:08:42.609 edge /static/style.css status=200 upstream=B rt_ms=129 bytes=29574
2026-03-14 03:08:42.674 edge /api/orders status=404 upstream=B rt_ms=106 bytes=16581
2026-03-14 03:08:43.698 edge / status=200 upstream=B rt_ms=264 bytes=23041
2026-03-14 03:08:43.726 edge /healthz status=200 upstream=B rt_ms=216 bytes=33554
2026-03-14 03:08:45.241 edge /healthz status=200 upstream=B rt_ms=20 bytes=9103
2026-03-14 03:08:46.473 edge /api/events status=200 upstream=B rt_ms=212 bytes=8796
2026-03-14 03:08:48.738 edge / status=200 upstream=B rt_ms=236 bytes=31884
2026-03-14 03:08:49.193 edge /healthz status=200 upstream=B rt_ms=16 bytes=34812
2026-03-14 03:08:50.014 edge /api/orders status=200 upstream=B rt_ms=195 bytes=35101
2026-03-14 03:08:50.491 edge /api/events status=502 upstream=B rt_ms=237 bytes=15682
2026-03-14 03:08:50.950 edge /static/style.css status=200 upstream=B rt_ms=186 bytes=41323
2026-03-14 03:08:50.961 edge /healthz status=502 upstream=B rt_ms=391 bytes=31848
2026-03-14 03:08:51.202 edge /api/orders status=500 upstream=B rt_ms=338 bytes=23093
2026-03-14 03:08:51.240 edge / status=502 upstream=B rt_ms=37 bytes=6681
2026-03-14 03:08:51.248 edge /healthz status=200 upstream=B rt_ms=285 bytes=10636
2026-03-14 03:08:51.250 edge /healthz status=200 upstream=B rt_ms=225 bytes=26305
2026-03-14 03:08:58.997 edge / status=200 upstream=B rt_ms=106 bytes=468
2026-03-14 03:08:59.516 edge /api/events status=502 upstream=B rt_ms=270 bytes=16280
2026-03-14 03:08:59.775 edge /api/orders status=200 upstream=B rt_ms=151 bytes=2245
2026-03-14 03:09:02.193 edge /api/orders status=502 upstream=B rt_ms=101 bytes=41778
2026-03-14 03:09:02.643 edge / status=200 upstream=B rt_ms=268 bytes=26360
2026-03-14 03:09:02.821 edge /healthz status=200 upstream=B rt_ms=24 bytes=28512
2026-03-14 03:09:03.451 edge /healthz status=200 upstream=B rt_ms=94 bytes=1646
2026-03-14 03:09:03.727 edge /api/orders status=502 upstream=B rt_ms=123 bytes=41682
2026-03-14 03:09:04.197 edge /static/style.css status=200 upstream=B rt_ms=96 bytes=22681
2026-03-14 03:09:07.671 edge /static/style.css status=502 upstream=B rt_ms=346 bytes=26424
2026-03-14 03:09:09.768 edge /healthz status=200 upstream=B rt_ms=88 bytes=1668
2026-03-14 03:09:10.173 edge /api/events status=200 upstream=B rt_ms=68 bytes=16124
2026-03-14 03:09:14.049 edge /api/events status=200 upstream=B rt_ms=278 bytes=28172
2026-03-14 03:09:14.343 edge /static/style.css status=404 upstream=B rt_ms=197 bytes=3289
2026-03-14 03:09:17.002 edge /api/orders status=502 upstream=B rt_ms=372 bytes=8125
2026-03-14 03:09:17.284 edge /api/orders status=200 upstream=B rt_ms=324 bytes=8957
2026-03-14 03:09:18.221 edge /api/events status=404 upstream=B rt_ms=392 bytes=11020
2026-03-14 03:09:18.749 edge /healthz status=200 upstream=B rt_ms=68 bytes=15038
2026-03-14 03:09:19.351 edge /healthz status=200 upstream=B rt_ms=179 bytes=18382
2026-03-14 03:09:22.099 edge /api/orders status=502 upstream=B rt_ms=211 bytes=9618
2026-03-14 03:09:22.415 edge /api/orders status=200 upstream=B rt_ms=341 bytes=2922
2026-03-14 03:09:22.519 edge /static/style.css status=502 upstream=B rt_ms=72 bytes=23562
2026-03-14 03:09:23.082 edge /api/orders status=502 upstream=B rt_ms=320 bytes=38403
2026-03-14 03:09:23.640 edge /api/orders status=502 upstream=B rt_ms=383 bytes=6000
2026-03-14 03:09:24.896 edge / status=502 upstream=B rt_ms=154 bytes=532
2026-03-14 03:09:24.989 edge /api/events status=502 upstream=B rt_ms=309 bytes=13414
2026-03-14 03:09:26.456 edge /static/style.css status=404 upstream=B rt_ms=205 bytes=36436
2026-03-14 03:09:28.168 edge / status=200 upstream=B rt_ms=346 bytes=18054
2026-03-14 03:09:28.268 edge /static/style.css status=200 upstream=B rt_ms=60 bytes=19187
2026-03-14 03:09:28.449 edge /static/style.css status=200 upstream=B rt_ms=182 bytes=32933
2026-03-14 03:09:28.783 edge /api/events status=502 upstream=B rt_ms=351 bytes=38182
2026-03-14 03:09:29.397 edge / status=502 upstream=B rt_ms=9 bytes=15591
2026-03-14 03:09:30.478 edge /healthz status=200 upstream=B rt_ms=355 bytes=6023
2026-03-14 03:09:30.558 edge /static/style.css status=200 upstream=B rt_ms=103 bytes=4053
2026-03-14 03:09:32.160 edge /static/style.css status=200 upstream=B rt_ms=241 bytes=6819
2026-03-14 03:09:32.702 edge /static/style.css status=200 upstream=B rt_ms=41 bytes=32269
2026-03-14 03:09:33.110 edge /healthz status=200 upstream=B rt_ms=125 bytes=19752
2026-03-14 03:09:33.587 edge /static/style.css status=200 upstream=B rt_ms=71 bytes=24198
2026-03-14 03:09:38.129 edge /api/events status=200 upstream=B rt_ms=85 bytes=6938
2026-03-14 03:09:38.780 edge / status=500 upstream=B rt_ms=103 bytes=15670
2026-03-14 03:09:38.960 edge / status=200 upstream=B rt_ms=310 bytes=37818
2026-03-14 03:09:39.355 edge /api/events status=200 upstream=B rt_ms=221 bytes=23993
2026-03-14 03:09:39.386 edge /api/events status=502 upstream=B rt_ms=168 bytes=14994
2026-03-14 03:09:39.887 edge /api/events status=502 upstream=B rt_ms=340 bytes=16422
2026-03-14 03:09:39.892 edge /api/events status=502 upstream=B rt_ms=366 bytes=7709
2026-03-14 03:09:40.377 edge /api/events status=404 upstream=B rt_ms=294 bytes=19837
2026-03-14 03:09:41.002 edge /api/orders status=200 upstream=B rt_ms=295 bytes=34648
2026-03-14 03:09:41.088 edge /healthz status=200 upstream=B rt_ms=223 bytes=269
2026-03-14 03:09:42.305 edge /healthz status=502 upstream=B rt_ms=86 bytes=2142
2026-03-14 03:09:42.606 edge / status=200 upstream=B rt_ms=129 bytes=1326
2026-03-14 03:09:43.724 edge /api/orders status=200 upstream=B rt_ms=50 bytes=38427
2026-03-14 03:09:44.001 edge /api/orders status=200 upstream=B rt_ms=123 bytes=8046
2026-03-14 03:09:44.017 edge / status=404 upstream=B rt_ms=313 bytes=37008
2026-03-14 03:09:45.799 edge /api/events status=500 upstream=B rt_ms=319 bytes=36927
2026-03-14 03:09:46.065 edge /api/events status=200 upstream=B rt_ms=189 bytes=18854
2026-03-14 03:09:46.195 edge /api/events status=404 upstream=B rt_ms=142 bytes=30411
2026-03-14 03:09:46.239 edge /healthz status=200 upstream=B rt_ms=132 bytes=14917
2026-03-14 03:09:46.927 edge /api/orders status=200 upstream=B rt_ms=236 bytes=27845
2026-03-14 03:09:51.147 edge /api/events status=200 upstream=B rt_ms=176 bytes=11437
2026-03-14 03:09:52.147 edge /healthz status=200 upstream=B rt_ms=42 bytes=23085
2026-03-14 03:09:52.581 edge /api/events status=500 upstream=B rt_ms=270 bytes=2501
2026-03-14 03:09:54.814 edge /api/events status=200 upstream=B rt_ms=90 bytes=18912
2026-03-14 03:09:55.591 edge /api/orders status=200 upstream=B rt_ms=324 bytes=8615
2026-03-14 03:09:56.070 edge /api/orders status=200 upstream=B rt_ms=42 bytes=31352
2026-03-14 03:09:56.216 edge /healthz status=502 upstream=B rt_ms=277 bytes=29516
2026-03-14 03:09:57.072 edge /healthz status=502 upstream=B rt_ms=116 bytes=16536
2026-03-14 03:09:58.008 edge /healthz status=502 upstream=B rt_ms=29 bytes=1823
2026-03-14 03:09:58.749 edge /api/orders status=404 upstream=B rt_ms=29 bytes=6773
2026-03-14 03:09:58.842 edge / status=200 upstream=B rt_ms=3 bytes=12272
2026-03-14 03:09:59.934 edge /api/orders status=200 upstream=B rt_ms=77 bytes=37793
2026-03-14 03:10:02.809 edge /api/events status=500 upstream=B rt_ms=328 bytes=959
2026-03-14 03:10:03.587 edge /healthz status=200 upstream=B rt_ms=220 bytes=23641
2026-03-14 03:10:04.423 edge /static/style.css status=502 upstream=B rt_ms=212 bytes=13630
2026-03-14 03:10:04.942 edge /api/events status=200 upstream=B rt_ms=349 bytes=14826
2026-03-14 03:10:11.476 edge / status=200 upstream=B rt_ms=203 bytes=14063
2026-03-14 03:10:12.553 edge / status=502 upstream=B rt_ms=229 bytes=24197
2026-03-14 03:10:14.014 edge /api/events status=500 upstream=B rt_ms=357 bytes=21138
2026-03-14 03:10:14.170 edge /api/events status=200 upstream=B rt_ms=213 bytes=28905
2026-03-14 03:10:14.209 edge / status=200 upstream=B rt_ms=301 bytes=2862
2026-03-14 03:10:14.848 edge /api/events status=200 upstream=B rt_ms=22 bytes=21295
2026-03-14 03:10:16.885 edge /static/style.css status=200 upstream=B rt_ms=318 bytes=12515
2026-03-14 03:10:17.259 edge /api/events status=502 upstream=B rt_ms=193 bytes=6892
2026-03-14 03:10:17.928 edge /static/style.css status=200 upstream=B rt_ms=261 bytes=11501
2026-03-14 03:10:18.212 edge /api/events status=502 upstream=B rt_ms=129 bytes=18252
2026-03-14 03:10:18.231 edge /api/orders status=502 upstream=B rt_ms=363 bytes=11791
2026-03-14 03:10:20.122 edge / status=200 upstream=B rt_ms=337 bytes=37180
2026-03-14 03:10:24.803 edge /static/style.css status=502 upstream=B rt_ms=167 bytes=6196
2026-03-14 03:10:25.081 edge /static/style.css status=200 upstream=B rt_ms=157 bytes=36856
2026-03-14 03:10:25.385 edge /healthz status=502 upstream=B rt_ms=281 bytes=10218
2026-03-14 03:10:26.910 edge /healthz status=502 upstream=B rt_ms=138 bytes=13353
2026-03-14 03:10:27.320 edge /static/style.css status=502 upstream=B rt_ms=315 bytes=10312
2026-03-14 03:10:27.764 edge /api/events status=502 upstream=B rt_ms=9 bytes=26727
2026-03-14 03:10:28.028 edge /static/style.css status=200 upstream=B rt_ms=287 bytes=16141
2026-03-14 03:10:28.650 edge /static/style.css status=200 upstream=B rt_ms=300 bytes=17218
2026-03-14 03:10:29.839 edge /static/style.css status=200 upstream=B rt_ms=279 bytes=19066
2026-03-14 03:10:29.847 edge /api/orders status=502 upstream=B rt_ms=270 bytes=5750
2026-03-14 03:10:31.135 edge /healthz status=200 upstream=B rt_ms=52 bytes=22352
2026-03-14 03:10:33.036 edge /healthz status=200 upstream=B rt_ms=384 bytes=38188
2026-03-14 03:10:33.504 edge /api/events status=200 upstream=B rt_ms=199 bytes=37658
2026-03-14 03:10:34.021 edge /static/style.css status=200 upstream=B rt_ms=99 bytes=6415
2026-03-14 03:10:35.760 edge / status=200 upstream=B rt_ms=104 bytes=19471
2026-03-14 03:10:36.388 edge /healthz status=200 upstream=B rt_ms=193 bytes=5414
2026-03-14 03:10:36.598 edge / status=200 upstream=B rt_ms=380 bytes=22998
2026-03-14 03:10:37.597 edge /healthz status=200 upstream=B rt_ms=33 bytes=23215
2026-03-14 03:10:37.997 edge / status=200 upstream=B rt_ms=201 bytes=26208
2026-03-14 03:10:38.701 edge /api/events status=200 upstream=B rt_ms=209 bytes=26460
2026-03-14 03:10:39.166 edge /healthz status=500 upstream=B rt_ms=136 bytes=10585
2026-03-14 03:10:39.461 edge /api/orders status=502 upstream=B rt_ms=121 bytes=34724
2026-03-14 03:10:39.590 edge /api/events status=502 upstream=B rt_ms=206 bytes=21261
2026-03-14 03:10:39.949 edge / status=502 upstream=B rt_ms=313 bytes=28860
2026-03-14 03:10:40.479 edge /api/events status=200 upstream=B rt_ms=276 bytes=33890
2026-03-14 03:10:40.768 edge /healthz status=404 upstream=B rt_ms=355 bytes=13913
2026-03-14 03:10:45.884 edge /static/style.css status=502 upstream=B rt_ms=150 bytes=5439
2026-03-14 03:10:46.136 edge /api/events status=200 upstream=B rt_ms=121 bytes=20440
2026-03-14 03:10:47.299 edge /static/style.css status=200 upstream=B rt_ms=29 bytes=41412
2026-03-14 03:10:47.658 edge /api/events status=502 upstream=B rt_ms=132 bytes=33830
2026-03-14 03:10:50.303 edge /api/orders status=404 upstream=B rt_ms=8 bytes=25673
2026-03-14 03:10:50.500 edge /static/style.css status=200 upstream=B rt_ms=72 bytes=18581
2026-03-14 03:10:51.239 edge / status=200 upstream=B rt_ms=309 bytes=21355
2026-03-14 03:10:51.547 edge /api/events status=502 upstream=B rt_ms=145 bytes=41996
2026-03-14 03:10:51.653 edge / status=502 upstream=B rt_ms=219 bytes=27827
2026-03-14 03:10:52.064 edge / status=200 upstream=B rt_ms=196 bytes=14080
2026-03-14 03:10:52.512 edge / status=502 upstream=B rt_ms=62 bytes=41945
2026-03-14 03:10:53.224 edge /api/events status=200 upstream=B rt_ms=25 bytes=6485
2026-03-14 03:10:53.461 edge /healthz status=502 upstream=B rt_ms=389 bytes=36026
2026-03-14 03:10:54.017 edge /healthz status=200 upstream=B rt_ms=24 bytes=8212
2026-03-14 03:10:54.273 edge /healthz status=200 upstream=B rt_ms=163 bytes=34552
2026-03-14 03:10:55.247 edge /healthz status=200 upstream=B rt_ms=129 bytes=26972
2026-03-14 03:10:55.307 edge /static/style.css status=200 upstream=B rt_ms=172 bytes=24982
2026-03-14 03:10:58.302 edge /healthz status=500 upstream=B rt_ms=196 bytes=28550
2026-03-14 03:10:59.044 edge /api/events status=502 upstream=B rt_ms=82 bytes=31744
2026-03-14 03:11:03.021 edge /healthz status=200 upstream=B rt_ms=365 bytes=16574
2026-03-14 03:11:05.338 edge /static/style.css status=500 upstream=B rt_ms=134 bytes=17618
2026-03-14 03:11:08.878 edge /api/orders status=502 upstream=B rt_ms=25 bytes=38548
2026-03-14 03:11:10.228 edge /api/events status=502 upstream=B rt_ms=289 bytes=23723
2026-03-14 03:11:12.348 edge / status=502 upstream=B rt_ms=388 bytes=21543
2026-03-14 03:11:12.791 edge / status=200 upstream=B rt_ms=49 bytes=36215
2026-03-14 03:11:14.289 edge /api/events status=200 upstream=B rt_ms=385 bytes=38686
2026-03-14 03:11:14.931 edge /static/style.css status=500 upstream=B rt_ms=105 bytes=21470
2026-03-14 03:11:15.259 edge /static/style.css status=502 upstream=B rt_ms=141 bytes=20520
2026-03-14 03:11:15.890 edge /static/style.css status=200 upstream=B rt_ms=100 bytes=26087
2026-03-14 03:11:16.214 edge /api/orders status=200 upstream=B rt_ms=168 bytes=30814
2026-03-14 03:11:16.630 edge /api/events status=200 upstream=B rt_ms=344 bytes=23068
2026-03-14 03:11:16.954 edge /api/orders status=200 upstream=B rt_ms=86 bytes=33026
2026-03-14 03:11:17.095 edge / status=502 upstream=B rt_ms=175 bytes=4326
2026-03-14 03:11:19.047 edge /static/style.css status=502 upstream=B rt_ms=312 bytes=35556
2026-03-14 03:11:19.373 edge /api/events status=502 upstream=B rt_ms=291 bytes=37225
2026-03-14 03:11:21.188 edge /api/orders status=200 upstream=B rt_ms=277 bytes=18731
2026-03-14 03:11:21.214 edge / status=502 upstream=B rt_ms=286 bytes=17604
2026-03-14 03:11:22.232 edge /healthz status=200 upstream=B rt_ms=292 bytes=37516
2026-03-14 03:11:24.465 edge /api/events status=502 upstream=B rt_ms=328 bytes=13851
2026-03-14 03:11:24.863 edge /healthz status=200 upstream=B rt_ms=25 bytes=2758
2026-03-14 03:11:29.094 edge /api/events status=404 upstream=B rt_ms=363 bytes=24096
2026-03-14 03:11:29.104 edge /api/orders status=502 upstream=B rt_ms=226 bytes=10175
2026-03-14 03:11:31.722 edge /static/style.css status=500 upstream=B rt_ms=126 bytes=27085
2026-03-14 03:11:37.263 edge / status=200 upstream=B rt_ms=5 bytes=13087
2026-03-14 03:11:38.417 edge / status=502 upstream=B rt_ms=373 bytes=2777
2026-03-14 03:11:40.107 edge /api/orders status=404 upstream=B rt_ms=384 bytes=15857
2026-03-14 03:11:42.894 edge /static/style.css status=200 upstream=B rt_ms=196 bytes=14461
2026-03-14 03:11:43.570 edge /static/style.css status=502 upstream=B rt_ms=265 bytes=11702
2026-03-14 03:11:43.810 edge /api/events status=500 upstream=B rt_ms=71 bytes=16621
2026-03-14 03:11:44.905 edge /api/orders status=200 upstream=B rt_ms=169 bytes=28028
2026-03-14 03:11:45.977 edge /api/events status=502 upstream=B rt_ms=104 bytes=25068
2026-03-14 03:11:48.437 edge /static/style.css status=502 upstream=B rt_ms=177 bytes=35504
2026-03-14 03:11:48.535 edge / status=200 upstream=B rt_ms=123 bytes=38707
2026-03-14 03:11:51.054 edge / status=502 upstream=B rt_ms=330 bytes=8763
2026-03-14 03:11:51.252 edge /healthz status=200 upstream=B rt_ms=294 bytes=30012
2026-03-14 03:11:52.521 edge /static/style.css status=200 upstream=B rt_ms=97 bytes=6658
2026-03-14 03:11:52.566 edge / status=200 upstream=B rt_ms=360 bytes=40875
2026-03-14 03:11:54.189 edge /api/events status=200 upstream=B rt_ms=229 bytes=235
2026-03-14 03:11:55.023 edge / status=502 upstream=B rt_ms=286 bytes=7375
2026-03-14 03:11:58.854 edge /api/orders status=200 upstream=B rt_ms=35 bytes=23900
2026-03-14 03:11:59.355 edge /api/events status=200 upstream=B rt_ms=370 bytes=3496
2026-03-14 03:12:02.311 edge / status=502 upstream=B rt_ms=349 bytes=26763
2026-03-14 03:12:05.418 edge /static/style.css status=200 upstream=B rt_ms=210 bytes=1113
2026-03-14 03:12:06.419 edge / status=502 upstream=B rt_ms=19 bytes=11422
2026-03-14 03:12:06.788 edge /api/orders status=200 upstream=B rt_ms=258 bytes=37952
2026-03-14 03:12:07.630 edge / status=200 upstream=B rt_ms=311 bytes=32387
2026-03-14 03:12:08.309 edge /static/style.css status=200 upstream=B rt_ms=202 bytes=21091
2026-03-14 03:12:08.362 edge / status=200 upstream=B rt_ms=330 bytes=41198
2026-03-14 03:12:08.398 edge /api/events status=502 upstream=B rt_ms=230 bytes=33116
2026-03-14 03:12:08.486 edge /static/style.css status=200 upstream=B rt_ms=25 bytes=29058
2026-03-14 03:12:09.720 edge / status=200 upstream=B rt_ms=320 bytes=40676
2026-03-14 03:12:10.015 edge /healthz status=502 upstream=B rt_ms=148 bytes=17049
2026-03-14 03:12:10.793 edge /api/orders status=502 upstream=B rt_ms=351 bytes=41540
2026-03-14 03:12:13.225 edge /api/events status=200 upstream=B rt_ms=164 bytes=31260
2026-03-14 03:12:13.491 edge /static/style.css status=200 upstream=B rt_ms=209 bytes=20860
2026-03-14 03:12:14.650 edge /static/style.css status=200 upstream=B rt_ms=328 bytes=10931
2026-03-14 03:12:14.687 edge / status=502 upstream=B rt_ms=257 bytes=8057
2026-03-14 03:12:15.814 edge /static/style.css status=200 upstream=B rt_ms=299 bytes=21749
2026-03-14 03:12:17.613 edge / status=502 upstream=B rt_ms=8 bytes=5568
2026-03-14 03:12:19.054 edge / status=200 upstream=B rt_ms=78 bytes=34085
2026-03-14 03:12:19.631 edge /api/orders status=502 upstream=B rt_ms=127 bytes=10973
2026-03-14 03:12:19.808 edge /healthz status=200 upstream=B rt_ms=93 bytes=9459
2026-03-14 03:12:25.337 edge /api/orders status=200 upstream=B rt_ms=399 bytes=18550
2026-03-14 03:12:25.411 edge /static/style.css status=404 upstream=B rt_ms=164 bytes=26111
2026-03-14 03:12:25.688 edge /healthz status=200 upstream=B rt_ms=353 bytes=17441
2026-03-14 03:12:28.013 edge /api/orders status=200 upstream=B rt_ms=251 bytes=8284
2026-03-14 03:12:28.109 edge /api/orders status=502 upstream=B rt_ms=59 bytes=41993
2026-03-14 03:12:29.543 edge /static/style.css status=200 upstream=B rt_ms=106 bytes=23812
2026-03-14 03:12:30.678 edge / status=200 upstream=B rt_ms=132 bytes=20213
2026-03-14 03:12:30.757 edge /healthz status=502 upstream=B rt_ms=101 bytes=7589
2026-03-14 03:12:34.260 edge /healthz status=200 upstream=B rt_ms=265 bytes=12337
2026-03-14 03:12:36.876 edge /api/orders status=502 upstream=B rt_ms=264 bytes=36757
2026-03-14 03:12:37.392 edge /static/style.css status=502 upstream=B rt_ms=336 bytes=2466
2026-03-14 03:12:37.491 edge /api/events status=502 upstream=B rt_ms=396 bytes=16529
2026-03-14 03:12:37.958 edge /api/events status=502 upstream=B rt_ms=369 bytes=9675
2026-03-14 03:12:38.357 edge /static/style.css status=200 upstream=B rt_ms=387 bytes=28691
2026-03-14 03:12:38.664 edge /healthz status=500 upstream=B rt_ms=289 bytes=38615
2026-03-14 03:12:38.829 edge /static/style.css status=200 upstream=B rt_ms=259 bytes=17314
2026-03-14 03:12:40.283 edge /api/orders status=502 upstream=B rt_ms=200 bytes=29820
2026-03-14 03:12:42.202 edge /api/orders status=502 upstream=B rt_ms=16 bytes=39687
2026-03-14 03:12:43.039 edge /api/orders status=502 upstream=B rt_ms=55 bytes=4944
2026-03-14 03:12:45.054 edge /healthz status=404 upstream=B rt_ms=274 bytes=2425
2026-03-14 03:12:45.747 edge /healthz status=502 upstream=B rt_ms=373 bytes=20571
2026-03-14 03:12:45.996 edge /api/orders status=502 upstream=B rt_ms=307 bytes=16842
2026-03-14 03:12:47.157 edge / status=200 upstream=B rt_ms=19 bytes=14159
2026-03-14 03:12:48.134 edge /static/style.css status=502 upstream=B rt_ms=391 bytes=4814
2026-03-14 03:12:48.436 edge /api/orders status=200 upstream=B rt_ms=115 bytes=40805
2026-03-14 03:12:51.081 edge /static/style.css status=200 upstream=B rt_ms=239 bytes=28760
2026-03-14 03:12:51.164 edge /healthz status=200 upstream=B rt_ms=115 bytes=7842
2026-03-14 03:12:52.623 edge /api/events status=502 upstream=B rt_ms=118 bytes=20748
2026-03-14 03:12:53.707 edge /static/style.css status=200 upstream=B rt_ms=223 bytes=27618
2026-03-14 03:12:55.525 edge / status=200 upstream=B rt_ms=68 bytes=28904
2026-03-14 03:12:55.833 edge /healthz status=200 upstream=B rt_ms=46 bytes=40045
2026-03-14 03:12:56.795 edge /api/events status=200 upstream=B rt_ms=12 bytes=26746
2026-03-14 03:12:56.856 edge / status=502 upstream=B rt_ms=22 bytes=35599
2026-03-14 03:12:57.062 edge /healthz status=502 upstream=B rt_ms=87 bytes=30201
2026-03-14 03:12:57.806 edge /static/style.css status=502 upstream=B rt_ms=110 bytes=16026
2026-03-14 03:12:58.666 edge / status=200 upstream=B rt_ms=201 bytes=29979
2026-03-14 03:12:59.254 edge /healthz status=502 upstream=B rt_ms=56 bytes=13405
2026-03-14 03:12:59.643 edge / status=200 upstream=B rt_ms=224 bytes=3411
2026-03-14 03:13:00.657 edge /static/style.css status=200 upstream=B rt_ms=230 bytes=18189
2026-03-14 03:13:03.244 edge /api/events status=502 upstream=B rt_ms=181 bytes=35541
2026-03-14 03:13:03.687 edge /api/events status=200 upstream=B rt_ms=67 bytes=10536
2026-03-14 03:13:04.352 edge /api/events status=200 upstream=B rt_ms=11 bytes=23471
2026-03-14 03:13:06.156 edge /api/orders status=200 upstream=B rt_ms=105 bytes=10651
2026-03-14 03:13:06.792 edge /api/orders status=200 upstream=B rt_ms=288 bytes=2962
2026-03-14 03:13:09.080 edge /api/orders status=500 upstream=B rt_ms=65 bytes=15963
2026-03-14 03:13:09.387 edge /static/style.css status=502 upstream=B rt_ms=78 bytes=34799
2026-03-14 03:13:10.115 edge / status=502 upstream=B rt_ms=253 bytes=19728
2026-03-14 03:13:11.384 edge /api/orders status=502 upstream=B rt_ms=304 bytes=38370
2026-03-14 03:13:17.087 edge /static/style.css status=200 upstream=B rt_ms=222 bytes=16786
2026-03-14 03:13:18.753 edge /api/events status=200 upstream=B rt_ms=85 bytes=22931
2026-03-14 03:13:23.805 edge /healthz status=200 upstream=B rt_ms=118 bytes=13253
2026-03-14 03:13:24.662 edge /healthz status=200 upstream=B rt_ms=109 bytes=14709
2026-03-14 03:13:26.322 edge / status=502 upstream=B rt_ms=125 bytes=27532
2026-03-14 03:13:27.699 edge /api/events status=200 upstream=B rt_ms=219 bytes=17628
2026-03-14 03:13:28.523 edge /healthz status=200 upstream=B rt_ms=331 bytes=23988
2026-03-14 03:13:28.992 edge /static/style.css status=404 upstream=B rt_ms=82 bytes=3664
2026-03-14 03:13:29.415 edge / status=500 upstream=B rt_ms=382 bytes=4391
2026-03-14 03:13:34.776 edge /api/events status=200 upstream=B rt_ms=101 bytes=2631
2026-03-14 03:13:37.342 edge /api/orders status=200 upstream=B rt_ms=319 bytes=1836
2026-03-14 03:13:38.492 edge /healthz status=200 upstream=B rt_ms=76 bytes=23163
2026-03-14 03:13:38.765 edge / status=200 upstream=B rt_ms=358 bytes=26077
2026-03-14 03:13:39.436 edge /api/orders status=502 upstream=B rt_ms=171 bytes=956
2026-03-14 03:13:40.421 edge /api/orders status=200 upstream=B rt_ms=349 bytes=37123
2026-03-14 03:13:42.007 edge /healthz status=200 upstream=B rt_ms=350 bytes=38014
2026-03-14 03:13:42.125 edge / status=502 upstream=B rt_ms=36 bytes=16412
2026-03-14 03:13:42.201 edge /static/style.css status=404 upstream=B rt_ms=373 bytes=41030
2026-03-14 03:13:42.888 edge / status=502 upstream=B rt_ms=395 bytes=22515
2026-03-14 03:13:44.725 edge / status=502 upstream=B rt_ms=159 bytes=39265
2026-03-14 03:13:44.815 edge /api/orders status=200 upstream=B rt_ms=368 bytes=29028
2026-03-14 03:13:45.344 edge / status=404 upstream=B rt_ms=190 bytes=29405
2026-03-14 03:13:45.559 edge /api/events status=502 upstream=B rt_ms=14 bytes=16766
2026-03-14 03:13:45.935 edge /healthz status=200 upstream=B rt_ms=142 bytes=28236
2026-03-14 03:13:46.097 edge /static/style.css status=200 upstream=B rt_ms=245 bytes=22576
2026-03-14 03:13:46.327 edge /healthz status=200 upstream=B rt_ms=225 bytes=8430
2026-03-14 03:13:49.332 edge /static/style.css status=200 upstream=B rt_ms=136 bytes=35978
2026-03-14 03:13:50.293 edge /static/style.css status=502 upstream=B rt_ms=135 bytes=41012
2026-03-14 03:13:50.360 edge /static/style.css status=200 upstream=B rt_ms=362 bytes=36065
2026-03-14 03:13:50.586 edge /api/events status=502 upstream=B rt_ms=383 bytes=30137
2026-03-14 03:13:53.199 edge / status=200 upstream=B rt_ms=336 bytes=17379
2026-03-14 03:13:53.282 edge /healthz status=200 upstream=B rt_ms=197 bytes=5651
2026-03-14 03:13:53.637 edge /static/style.css status=200 upstream=B rt_ms=112 bytes=34485
2026-03-14 03:13:53.755 edge /api/events status=200 upstream=B rt_ms=238 bytes=36704
2026-03-14 03:13:54.721 edge /api/events status=200 upstream=B rt_ms=256 bytes=27778
2026-03-14 03:13:54.936 edge /healthz status=502 upstream=B rt_ms=370 bytes=5139
2026-03-14 03:13:56.877 edge /api/orders status=404 upstream=B rt_ms=10 bytes=18669
2026-03-14 03:13:57.392 edge /static/style.css status=200 upstream=B rt_ms=387 bytes=13180
2026-03-14 03:13:57.655 edge /static/style.css status=200 upstream=B rt_ms=33 bytes=24740
2026-03-14 03:14:01.559 edge /static/style.css status=502 upstream=B rt_ms=383 bytes=4995
2026-03-14 03:14:02.682 edge /api/orders status=200 upstream=B rt_ms=70 bytes=4116
2026-03-14 03:14:03.971 edge /api/orders status=200 upstream=B rt_ms=346 bytes=7555
2026-03-14 03:14:04.848 edge /static/style.css status=200 upstream=B rt_ms=232 bytes=26244
2026-03-14 03:14:05.724 edge / status=502 upstream=B rt_ms=109 bytes=12142
2026-03-14 03:14:05.997 edge / status=200 upstream=B rt_ms=321 bytes=24231
2026-03-14 03:14:06.078 edge /static/style.css status=200 upstream=B rt_ms=124 bytes=33559
2026-03-14 03:14:06.612 edge /static/style.css status=502 upstream=B rt_ms=376 bytes=35714
2026-03-14 03:14:06.679 edge /static/style.css status=200 upstream=B rt_ms=255 bytes=23466
2026-03-14 03:14:07.932 edge /healthz status=200 upstream=B rt_ms=182 bytes=13352
2026-03-14 03:14:08.567 edge /static/style.css status=200 upstream=B rt_ms=320 bytes=32606
2026-03-14 03:14:11.512 edge /healthz status=200 upstream=B rt_ms=343 bytes=18315
2026-03-14 03:14:13.611 edge / status=404 upstream=B rt_ms=367 bytes=9082
2026-03-14 03:14:16.027 edge /static/style.css status=200 upstream=B rt_ms=333 bytes=8040
2026-03-14 03:14:16.848 edge /api/events status=200 upstream=B rt_ms=378 bytes=9641
2026-03-14 03:14:16.867 edge / status=500 upstream=B rt_ms=122 bytes=23341
2026-03-14 03:14:16.914 edge /static/style.css status=200 upstream=B rt_ms=189 bytes=9906
2026-03-14 03:14:16.991 edge / status=502 upstream=B rt_ms=339 bytes=22270
2026-03-14 03:14:17.485 edge /api/orders status=502 upstream=B rt_ms=316 bytes=28523
2026-03-14 03:14:18.051 edge /api/events status=404 upstream=B rt_ms=286 bytes=22410
2026-03-14 03:14:19.091 edge / status=502 upstream=B rt_ms=270 bytes=23353
2026-03-14 03:14:20.334 edge /api/events status=502 upstream=B rt_ms=70 bytes=28871
2026-03-14 03:14:21.099 edge /static/style.css status=200 upstream=B rt_ms=140 bytes=10453
2026-03-14 03:14:21.217 edge /static/style.css status=404 upstream=B rt_ms=384 bytes=13300
2026-03-14 03:14:24.079 edge /api/events status=502 upstream=B rt_ms=137 bytes=6962
2026-03-14 03:14:24.364 edge /static/style.css status=200 upstream=B rt_ms=293 bytes=33551
2026-03-14 03:14:25.650 edge /api/orders status=200 upstream=B rt_ms=73 bytes=27224
2026-03-14 03:14:26.196 edge /api/events status=502 upstream=B rt_ms=138 bytes=6347
2026-03-14 03:14:26.734 edge /healthz status=200 upstream=B rt_ms=222 bytes=24243
2026-03-14 03:14:27.037 edge /static/style.css status=200 upstream=B rt_ms=307 bytes=11916
2026-03-14 03:14:27.816 edge /api/orders status=200 upstream=B rt_ms=179 bytes=38138
2026-03-14 03:14:28.438 edge /api/events status=502 upstream=B rt_ms=93 bytes=25734
2026-03-14 03:14:28.469 edge / status=200 upstream=B rt_ms=107 bytes=31639
2026-03-14 03:14:28.945 edge / status=404 upstream=B rt_ms=148 bytes=8107
2026-03-14 03:14:29.178 edge /api/orders status=502 upstream=B rt_ms=131 bytes=27677
2026-03-14 03:14:30.639 edge /healthz status=404 upstream=B rt_ms=88 bytes=37134
2026-03-14 03:14:31.649 edge /static/style.css status=200 upstream=B rt_ms=354 bytes=33355
2026-03-14 03:14:32.272 edge /static/style.css status=200 upstream=B rt_ms=151 bytes=13591
2026-03-14 03:14:32.416 edge /healthz status=502 upstream=B rt_ms=372 bytes=27340
2026-03-14 03:14:35.122 edge /api/orders status=200 upstream=B rt_ms=267 bytes=9147
2026-03-14 03:14:35.241 edge /api/orders status=200 upstream=B rt_ms=183 bytes=5592
2026-03-14 03:14:35.359 edge / status=200 upstream=B rt_ms=357 bytes=38115
2026-03-14 03:14:35.970 edge / status=500 upstream=B rt_ms=152 bytes=27652
2026-03-14 03:14:38.088 edge /healthz status=200 upstream=B rt_ms=310 bytes=21917
2026-03-14 03:14:38.330 edge /static/style.css status=200 upstream=B rt_ms=338 bytes=37549
2026-03-14 03:14:40.116 edge /healthz status=200 upstream=B rt_ms=202 bytes=34709
2026-03-14 03:14:40.285 edge / status=200 upstream=B rt_ms=200 bytes=32229
2026-03-14 03:14:40.772 edge /static/style.css status=502 upstream=B rt_ms=337 bytes=10370
2026-03-14 03:14:41.431 edge /api/events status=200 upstream=B rt_ms=64 bytes=10260
2026-03-14 03:14:44.110 edge /healthz status=502 upstream=B rt_ms=29 bytes=32377
2026-03-14 03:14:44.448 edge /api/events status=200 upstream=B rt_ms=218 bytes=2221
2026-03-14 03:14:44.777 edge /static/style.css status=200 upstream=B rt_ms=54 bytes=7484
2026-03-14 03:14:47.138 edge /healthz status=200 upstream=B rt_ms=220 bytes=5481
2026-03-14 03:14:47.227 edge /static/style.css status=502 upstream=B rt_ms=113 bytes=5310
2026-03-14 03:14:48.725 edge /static/style.css status=200 upstream=B rt_ms=351 bytes=37290
2026-03-14 03:14:49.332 edge / status=200 upstream=B rt_ms=219 bytes=40230
2026-03-14 03:14:51.225 edge /healthz status=502 upstream=B rt_ms=156 bytes=34636
2026-03-14 03:14:54.538 edge /static/style.css status=502 upstream=B rt_ms=263 bytes=19377
2026-03-14 03:14:56.309 edge /api/events status=200 upstream=B rt_ms=293 bytes=17670
2026-03-14 03:14:57.051 edge /api/events status=200 upstream=B rt_ms=73 bytes=30935
2026-03-14 03:14:57.384 edge /static/style.css status=200 upstream=B rt_ms=317 bytes=17273
2026-03-14 03:14:58.783 edge /static/style.css status=502 upstream=B rt_ms=115 bytes=15278
2026-03-14 03:14:59.746 edge /healthz status=200 upstream=B rt_ms=224 bytes=11130
2026-03-14 03:14:59.807 edge / status=200 upstream=B rt_ms=337 bytes=5757
2026-03-14 03:15:01.727 edge / status=502 upstream=B rt_ms=250 bytes=24469
2026-03-14 03:15:01.991 edge /healthz status=502 upstream=B rt_ms=194 bytes=40593
2026-03-14 03:15:02.167 edge /healthz status=502 upstream=B rt_ms=75 bytes=2554
2026-03-14 03:15:02.612 edge /api/orders status=200 upstream=B rt_ms=229 bytes=12283
2026-03-14 03:15:03.446 edge /healthz status=502 upstream=B rt_ms=42 bytes=4099
2026-03-14 03:15:03.539 edge /static/style.css status=502 upstream=B rt_ms=132 bytes=40930
2026-03-14 03:15:04.520 edge / status=200 upstream=B rt_ms=310 bytes=29386
2026-03-14 03:15:05.154 edge / status=200 upstream=B rt_ms=182 bytes=9386
2026-03-14 03:15:05.367 edge /api/orders status=200 upstream=B rt_ms=308 bytes=17470
2026-03-14 03:15:05.474 edge / status=502 upstream=B rt_ms=5 bytes=8015
2026-03-14 03:15:05.733 edge /healthz status=502 upstream=B rt_ms=208 bytes=34371
2026-03-14 03:15:05.916 edge /api/orders status=200 upstream=B rt_ms=282 bytes=23341
2026-03-14 03:15:06.090 edge /healthz status=200 upstream=B rt_ms=179 bytes=29486
2026-03-14 03:15:06.994 edge /api/events status=502 upstream=B rt_ms=265 bytes=22759
2026-03-14 03:15:08.278 edge /static/style.css status=502 upstream=B rt_ms=389 bytes=16086
2026-03-14 03:15:09.882 edge /api/orders status=404 upstream=B rt_ms=35 bytes=11478
2026-03-14 03:15:09.938 edge /static/style.css status=200 upstream=B rt_ms=45 bytes=41196
2026-03-14 03:15:10.736 edge / status=502 upstream=B rt_ms=301 bytes=30095
2026-03-14 03:15:10.781 edge /api/orders status=200 upstream=B rt_ms=215 bytes=28602
2026-03-14 03:15:10.854 edge /api/orders status=502 upstream=B rt_ms=278 bytes=5639
2026-03-14 03:15:11.577 edge /static/style.css status=502 upstream=B rt_ms=136 bytes=19679
2026-03-14 03:15:12.574 edge / status=200 upstream=B rt_ms=189 bytes=8828
2026-03-14 03:15:12.960 edge / status=200 upstream=B rt_ms=187 bytes=11910
2026-03-14 03:15:15.069 edge / status=502 upstream=B rt_ms=23 bytes=37194
2026-03-14 03:15:16.020 edge / status=200 upstream=B rt_ms=107 bytes=7620
2026-03-14 03:15:17.328 edge /api/events status=200 upstream=B rt_ms=391 bytes=25577
2026-03-14 03:15:18.434 edge /api/orders status=200 upstream=B rt_ms=193 bytes=5362
2026-03-14 03:15:20.748 edge /healthz status=502 upstream=B rt_ms=297 bytes=24391
2026-03-14 03:15:21.036 edge / status=502 upstream=B rt_ms=282 bytes=20849
2026-03-14 03:15:21.054 edge / status=200 upstream=B rt_ms=387 bytes=19901
2026-03-14 03:15:22.216 edge /healthz status=200 upstream=B rt_ms=323 bytes=34763
2026-03-14 03:15:25.625 edge /static/style.css status=502 upstream=B rt_ms=273 bytes=14810
2026-03-14 03:15:27.075 edge / status=200 upstream=B rt_ms=253 bytes=20613
2026-03-14 03:15:28.066 edge /api/orders status=502 upstream=B rt_ms=362 bytes=11489
2026-03-14 03:15:28.476 edge / status=404 upstream=B rt_ms=187 bytes=13821
2026-03-14 03:15:29.815 edge /static/style.css status=502 upstream=B rt_ms=146 bytes=8077
2026-03-14 03:15:29.875 edge /api/events status=404 upstream=B rt_ms=274 bytes=41340
2026-03-14 03:15:30.191 edge /healthz status=500 upstream=B rt_ms=159 bytes=11805
2026-03-14 03:15:30.388 edge / status=200 upstream=B rt_ms=262 bytes=15164
2026-03-14 03:15:31.841 edge /api/orders status=502 upstream=B rt_ms=88 bytes=16845
2026-03-14 03:15:32.185 edge /api/events status=200 upstream=B rt_ms=232 bytes=19326
2026-03-14 03:15:38.390 edge / status=200 upstream=B rt_ms=386 bytes=17929
2026-03-14 03:15:39.127 edge /static/style.css status=200 upstream=B rt_ms=150 bytes=25264
2026-03-14 03:15:39.600 edge / status=200 upstream=B rt_ms=375 bytes=16495
2026-03-14 03:15:39.884 edge /api/orders status=502 upstream=B rt_ms=113 bytes=36149
2026-03-14 03:15:40.108 edge /api/orders status=200 upstream=B rt_ms=176 bytes=10559
2026-03-14 03:15:40.148 edge /static/style.css status=200 upstream=B rt_ms=46 bytes=16624
2026-03-14 03:15:40.682 edge /api/events status=200 upstream=B rt_ms=313 bytes=11456
2026-03-14 03:15:40.982 edge /api/events status=200 upstream=B rt_ms=207 bytes=41029
2026-03-14 03:15:41.263 edge /api/orders status=502 upstream=B rt_ms=176 bytes=36075
2026-03-14 03:15:43.633 edge /healthz status=502 upstream=B rt_ms=280 bytes=30703
2026-03-14 03:15:44.523 edge /static/style.css status=200 upstream=B rt_ms=250 bytes=703
2026-03-14 03:15:46.338 edge /static/style.css status=200 upstream=B rt_ms=104 bytes=34282
2026-03-14 03:15:50.168 edge / status=502 upstream=B rt_ms=230 bytes=23112
2026-03-14 03:15:52.131 edge /api/events status=200 upstream=B rt_ms=396 bytes=38046
2026-03-14 03:15:54.659 edge /api/events status=200 upstream=B rt_ms=236 bytes=34028
2026-03-14 03:15:55.239 edge / status=502 upstream=B rt_ms=34 bytes=14564
2026-03-14 03:15:55.277 edge /api/events status=200 upstream=B rt_ms=105 bytes=39786
2026-03-14 03:15:55.785 edge /api/events status=502 upstream=B rt_ms=287 bytes=6118
2026-03-14 03:15:56.412 edge /api/events status=502 upstream=B rt_ms=244 bytes=10035
2026-03-14 03:15:56.699 edge /static/style.css status=502 upstream=B rt_ms=387 bytes=20812
2026-03-14 03:15:56.770 edge /healthz status=502 upstream=B rt_ms=264 bytes=37635
2026-03-14 03:15:56.853 edge /static/style.css status=200 upstream=B rt_ms=297 bytes=10660
2026-03-14 03:15:57.624 edge / status=200 upstream=B rt_ms=288 bytes=4571
2026-03-14 03:15:58.118 edge /api/orders status=502 upstream=B rt_ms=220 bytes=30348
2026-03-14 03:15:58.138 edge /api/events status=200 upstream=B rt_ms=178 bytes=37478
2026-03-14 03:16:00.194 edge /static/style.css status=200 upstream=B rt_ms=23 bytes=14572
2026-03-14 03:16:01.399 edge /api/orders status=502 upstream=B rt_ms=161 bytes=34952
2026-03-14 03:16:01.451 edge / status=200 upstream=B rt_ms=145 bytes=30638
2026-03-14 03:16:02.654 edge /healthz status=502 upstream=B rt_ms=273 bytes=33014
2026-03-14 03:16:04.567 edge /healthz status=502 upstream=B rt_ms=238 bytes=17834
2026-03-14 03:16:05.704 edge /api/orders status=200 upstream=B rt_ms=234 bytes=19694
2026-03-14 03:16:05.829 edge /api/events status=200 upstream=B rt_ms=165 bytes=18290
2026-03-14 03:16:06.170 edge /api/orders status=502 upstream=B rt_ms=235 bytes=40817
2026-03-14 03:16:06.607 edge /api/events status=200 upstream=B rt_ms=201 bytes=15914
2026-03-14 03:16:09.071 edge /api/orders status=200 upstream=B rt_ms=71 bytes=25754
2026-03-14 03:16:10.177 edge /healthz status=200 upstream=B rt_ms=212 bytes=28465
2026-03-14 03:16:10.330 edge / status=404 upstream=B rt_ms=70 bytes=26043
2026-03-14 03:16:10.390 edge /api/events status=200 upstream=B rt_ms=211 bytes=31384
2026-03-14 03:16:10.999 edge /healthz status=200 upstream=B rt_ms=252 bytes=4363
2026-03-14 03:16:11.580 edge /healthz status=200 upstream=B rt_ms=83 bytes=40126
2026-03-14 03:16:11.884 edge /static/style.css status=500 upstream=B rt_ms=327 bytes=32708
2026-03-14 03:16:13.749 edge /api/orders status=502 upstream=B rt_ms=315 bytes=22478
2026-03-14 03:16:14.399 edge /healthz status=502 upstream=B rt_ms=167 bytes=14245
2026-03-14 03:16:14.535 edge / status=502 upstream=B rt_ms=36 bytes=7117
2026-03-14 03:16:17.924 edge /api/events status=502 upstream=B rt_ms=380 bytes=32698
2026-03-14 03:16:18.326 edge / status=502 upstream=B rt_ms=152 bytes=13959
2026-03-14 03:16:18.385 edge /api/orders status=502 upstream=B rt_ms=239 bytes=32674
2026-03-14 03:16:20.197 edge /api/orders status=200 upstream=B rt_ms=385 bytes=8871
2026-03-14 03:16:20.216 edge /healthz status=502 upstream=B rt_ms=126 bytes=16177
2026-03-14 03:16:20.981 edge /api/events status=200 upstream=B rt_ms=50 bytes=40476
2026-03-14 03:16:24.339 edge / status=404 upstream=B rt_ms=166 bytes=29601
2026-03-14 03:16:25.371 edge /api/events status=200 upstream=B rt_ms=336 bytes=24124
2026-03-14 03:16:27.490 edge /static/style.css status=502 upstream=B rt_ms=269 bytes=34771
2026-03-14 03:16:29.316 edge /healthz status=200 upstream=B rt_ms=280 bytes=6109
2026-03-14 03:16:29.498 edge /static/style.css status=502 upstream=B rt_ms=216 bytes=8161
2026-03-14 03:16:31.016 edge /api/events status=200 upstream=B rt_ms=358 bytes=21347
2026-03-14 03:16:32.162 edge /api/events status=502 upstream=B rt_ms=153 bytes=33528
2026-03-14 03:16:32.826 edge /static/style.css status=200 upstream=B rt_ms=163 bytes=2163
2026-03-14 03:16:32.921 edge /api/events status=200 upstream=B rt_ms=324 bytes=1259
2026-03-14 03:16:33.087 edge /healthz status=200 upstream=B rt_ms=263 bytes=14171
2026-03-14 03:16:33.288 edge /static/style.css status=200 upstream=B rt_ms=337 bytes=11675
2026-03-14 03:16:34.248 edge /healthz status=200 upstream=B rt_ms=351 bytes=41899
2026-03-14 03:16:34.421 edge /static/style.css status=502 upstream=B rt_ms=36 bytes=18888
2026-03-14 03:16:35.722 edge /api/events status=502 upstream=B rt_ms=359 bytes=21662
2026-03-14 03:16:37.745 edge /healthz status=502 upstream=B rt_ms=75 bytes=28330
2026-03-14 03:16:37.811 edge / status=200 upstream=B rt_ms=133 bytes=8486
2026-03-14 03:16:37.987 edge /api/events status=502 upstream=B rt_ms=63 bytes=39588
2026-03-14 03:16:40.095 edge / status=502 upstream=B rt_ms=4 bytes=3720
2026-03-14 03:16:41.386 edge / status=200 upstream=B rt_ms=350 bytes=26599
2026-03-14 03:16:45.379 edge /healthz status=502 upstream=B rt_ms=298 bytes=21297
2026-03-14 03:16:48.419 edge /healthz status=200 upstream=B rt_ms=281 bytes=7266
2026-03-14 03:16:48.565 edge /api/orders status=502 upstream=B rt_ms=223 bytes=15335
2026-03-14 03:16:49.315 edge / status=502 upstream=B rt_ms=5 bytes=20478
2026-03-14 03:16:49.479 edge /static/style.css status=200 upstream=B rt_ms=142 bytes=11791
2026-03-14 03:16:49.978 edge /api/orders status=200 upstream=B rt_ms=285 bytes=19644
2026-03-14 03:16:50.868 edge /healthz status=200 upstream=B rt_ms=395 bytes=12241
2026-03-14 03:16:52.106 edge / status=200 upstream=B rt_ms=221 bytes=3188
2026-03-14 03:16:53.791 edge /api/events status=502 upstream=B rt_ms=258 bytes=19743
2026-03-14 03:16:55.245 edge /api/orders status=200 upstream=B rt_ms=145 bytes=30154
2026-03-14 03:16:55.693 edge /static/style.css status=200 upstream=B rt_ms=81 bytes=34961
2026-03-14 03:16:56.337 edge /healthz status=502 upstream=B rt_ms=221 bytes=12826
2026-03-14 03:16:56.684 edge /healthz status=404 upstream=B rt_ms=228 bytes=19944
2026-03-14 03:16:57.364 edge / status=200 upstream=B rt_ms=62 bytes=39349
2026-03-14 03:16:57.592 edge /static/style.css status=200 upstream=B rt_ms=256 bytes=24402
2026-03-14 03:16:57.760 edge /api/orders status=502 upstream=B rt_ms=5 bytes=40799
2026-03-14 03:16:58.300 edge /api/orders status=200 upstream=B rt_ms=368 bytes=3544
2026-03-14 03:16:58.488 edge /api/events status=502 upstream=B rt_ms=40 bytes=15899
2026-03-14 03:16:59.492 edge / status=200 upstream=B rt_ms=252 bytes=26722
2026-03-14 03:16:59.526 edge / status=200 upstream=B rt_ms=313 bytes=35919
2026-03-14 03:17:01.842 edge /api/orders status=404 upstream=B rt_ms=279 bytes=23406
2026-03-14 03:17:03.978 edge / status=502 upstream=B rt_ms=319 bytes=23992
2026-03-14 03:17:07.147 edge /static/style.css status=502 upstream=B rt_ms=60 bytes=39113
2026-03-14 03:17:08.045 edge /static/style.css status=200 upstream=B rt_ms=148 bytes=12966
2026-03-14 03:17:08.870 edge /api/orders status=200 upstream=B rt_ms=68 bytes=34826
2026-03-14 03:17:09.728 edge /api/events status=200 upstream=B rt_ms=35 bytes=22186
2026-03-14 03:17:11.688 edge /healthz status=200 upstream=B rt_ms=244 bytes=6661
2026-03-14 03:17:12.046 edge /healthz status=200 upstream=B rt_ms=318 bytes=15851
2026-03-14 03:17:14.498 edge / status=200 upstream=B rt_ms=31 bytes=28809
2026-03-14 03:17:15.100 edge /static/style.css status=200 upstream=B rt_ms=87 bytes=7156
2026-03-14 03:17:15.652 edge / status=502 upstream=B rt_ms=105 bytes=38323
2026-03-14 03:17:22.713 edge /healthz status=502 upstream=B rt_ms=393 bytes=20432
2026-03-14 03:17:23.022 edge /api/events status=200 upstream=B rt_ms=284 bytes=33936
2026-03-14 03:17:24.510 edge /api/events status=404 upstream=B rt_ms=220 bytes=1340
2026-03-14 03:17:24.860 edge /healthz status=200 upstream=B rt_ms=304 bytes=6997
2026-03-14 03:17:25.415 edge /api/orders status=200 upstream=B rt_ms=224 bytes=8973
2026-03-14 03:17:26.078 edge / status=404 upstream=B rt_ms=205 bytes=12282
2026-03-14 03:17:27.093 edge /api/orders status=200 upstream=B rt_ms=392 bytes=5669
2026-03-14 03:17:30.015 edge /api/events status=200 upstream=B rt_ms=343 bytes=13248
2026-03-14 03:17:30.643 edge /static/style.css status=200 upstream=B rt_ms=387 bytes=33624
2026-03-14 03:17:31.116 edge /api/events status=502 upstream=B rt_ms=9 bytes=19836
2026-03-14 03:17:31.478 edge / status=200 upstream=B rt_ms=103 bytes=19932
2026-03-14 03:17:31.722 edge /api/orders status=502 upstream=B rt_ms=315 bytes=25950
2026-03-14 03:17:32.462 edge /api/orders status=200 upstream=B rt_ms=61 bytes=2207
2026-03-14 03:17:34.534 edge / status=200 upstream=B rt_ms=156 bytes=16490
2026-03-14 03:17:35.771 edge /healthz status=200 upstream=B rt_ms=65 bytes=1199
2026-03-14 03:17:36.168 edge /healthz status=200 upstream=B rt_ms=310 bytes=28364
2026-03-14 03:17:36.174 edge /static/style.css status=200 upstream=B rt_ms=250 bytes=3423
2026-03-14 03:17:36.972 edge /api/orders status=502 upstream=B rt_ms=295 bytes=41131
2026-03-14 03:17:39.075 edge /healthz status=502 upstream=B rt_ms=23 bytes=27224
2026-03-14 03:17:39.685 edge / status=502 upstream=B rt_ms=319 bytes=32013
2026-03-14 03:17:40.715 edge /api/orders status=200 upstream=B rt_ms=55 bytes=11750
2026-03-14 03:17:41.514 edge /api/events status=200 upstream=B rt_ms=30 bytes=24052
2026-03-14 03:17:42.348 edge /healthz status=502 upstream=B rt_ms=306 bytes=25281
2026-03-14 03:17:44.504 edge /api/events status=200 upstream=B rt_ms=344 bytes=26550
2026-03-14 03:17:47.977 edge /api/orders status=200 upstream=B rt_ms=225 bytes=33138
2026-03-14 03:17:48.678 edge /api/events status=502 upstream=B rt_ms=103 bytes=36792
2026-03-14 03:17:49.896 edge / status=200 upstream=B rt_ms=233 bytes=37522
2026-03-14 03:17:50.066 edge /api/orders status=200 upstream=B rt_ms=249 bytes=5722
2026-03-14 03:17:50.403 edge /api/orders status=200 upstream=B rt_ms=228 bytes=15983
2026-03-14 03:17:51.366 edge /api/orders status=200 upstream=B rt_ms=72 bytes=15532
2026-03-14 03:17:52.285 edge /api/events status=502 upstream=B rt_ms=350 bytes=41457
2026-03-14 03:17:52.872 edge /api/orders status=502 upstream=B rt_ms=162 bytes=34565
2026-03-14 03:17:52.935 edge /api/events status=502 upstream=B rt_ms=173 bytes=28201
2026-03-14 03:17:53.158 edge /static/style.css status=200 upstream=B rt_ms=312 bytes=26892
2026-03-14 03:17:53.163 edge /api/events status=200 upstream=B rt_ms=159 bytes=16757
2026-03-14 03:17:58.086 edge /api/orders status=404 upstream=B rt_ms=129 bytes=38346
2026-03-14 03:17:58.297 edge /healthz status=200 upstream=B rt_ms=368 bytes=10559
2026-03-14 03:17:58.449 edge / status=502 upstream=B rt_ms=96 bytes=17962
2026-03-14 03:18:01.760 edge / status=200 upstream=B rt_ms=163 bytes=20442
2026-03-14 03:18:03.649 edge /static/style.css status=502 upstream=B rt_ms=375 bytes=16395
2026-03-14 03:18:04.590 edge / status=200 upstream=B rt_ms=324 bytes=37537
2026-03-14 03:18:05.138 edge /api/orders status=502 upstream=B rt_ms=236 bytes=33916
2026-03-14 03:18:05.587 edge /healthz status=502 upstream=B rt_ms=225 bytes=2767
2026-03-14 03:18:10.065 edge /api/events status=200 upstream=B rt_ms=336 bytes=11935
2026-03-14 03:18:10.153 edge / status=502 upstream=B rt_ms=305 bytes=17163
2026-03-14 03:18:10.313 edge /api/events status=200 upstream=B rt_ms=318 bytes=10392
2026-03-14 03:18:10.406 edge /api/events status=502 upstream=B rt_ms=232 bytes=36248
2026-03-14 03:18:11.074 edge /healthz status=200 upstream=B rt_ms=100 bytes=30675
2026-03-14 03:18:14.675 edge /healthz status=200 upstream=B rt_ms=22 bytes=15582
2026-03-14 03:18:15.336 edge /static/style.css status=200 upstream=B rt_ms=91 bytes=15377
2026-03-14 03:18:16.129 edge /healthz status=502 upstream=B rt_ms=87 bytes=28375
2026-03-14 03:18:17.061 edge /api/events status=200 upstream=B rt_ms=219 bytes=36228
2026-03-14 03:18:21.093 edge / status=502 upstream=B rt_ms=51 bytes=30856
2026-03-14 03:18:21.788 edge / status=502 upstream=B rt_ms=380 bytes=7623
2026-03-14 03:18:22.496 edge /healthz status=502 upstream=B rt_ms=331 bytes=26746
2026-03-14 03:18:23.374 edge /api/orders status=200 upstream=B rt_ms=111 bytes=27446
2026-03-14 03:18:23.826 edge /api/events status=502 upstream=B rt_ms=53 bytes=14122
2026-03-14 03:18:24.752 edge /healthz status=200 upstream=B rt_ms=178 bytes=36882
2026-03-14 03:18:26.500 edge /healthz status=200 upstream=B rt_ms=288 bytes=36304
2026-03-14 03:18:26.604 edge /static/style.css status=200 upstream=B rt_ms=362 bytes=37735
2026-03-14 03:18:26.689 edge /api/events status=502 upstream=B rt_ms=107 bytes=13020
2026-03-14 03:18:26.725 edge /api/orders status=502 upstream=B rt_ms=273 bytes=11969
2026-03-14 03:18:28.989 edge /healthz status=502 upstream=B rt_ms=191 bytes=28959
2026-03-14 03:18:29.153 edge /api/orders status=200 upstream=B rt_ms=265 bytes=7639
2026-03-14 03:18:29.512 edge /api/orders status=200 upstream=B rt_ms=338 bytes=18226
2026-03-14 03:18:30.217 edge /api/orders status=502 upstream=B rt_ms=385 bytes=9656
2026-03-14 03:18:31.425 edge /healthz status=502 upstream=B rt_ms=3 bytes=40157
2026-03-14 03:18:32.285 edge / status=200 upstream=B rt_ms=60 bytes=16892
2026-03-14 03:18:33.081 edge /static/style.css status=200 upstream=B rt_ms=221 bytes=24926
2026-03-14 03:18:33.393 edge /static/style.css status=404 upstream=B rt_ms=168 bytes=23540
2026-03-14 03:18:33.568 edge /healthz status=502 upstream=B rt_ms=216 bytes=38127
2026-03-14 03:18:34.145 edge /api/orders status=502 upstream=B rt_ms=295 bytes=13326
2026-03-14 03:18:34.359 edge /api/orders status=200 upstream=B rt_ms=283 bytes=18690
2026-03-14 03:18:35.310 edge / status=200 upstream=B rt_ms=283 bytes=925
2026-03-14 03:18:36.774 edge /api/orders status=200 upstream=B rt_ms=377 bytes=4053
2026-03-14 03:18:39.213 edge /healthz status=404 upstream=B rt_ms=123 bytes=25963
2026-03-14 03:18:39.719 edge /api/events status=200 upstream=B rt_ms=135 bytes=9567
2026-03-14 03:18:40.319 edge /api/orders status=200 upstream=B rt_ms=339 bytes=9546
2026-03-14 03:18:40.539 edge / status=200 upstream=B rt_ms=73 bytes=27858
2026-03-14 03:18:41.199 edge /healthz status=200 upstream=B rt_ms=228 bytes=5785
2026-03-14 03:18:43.244 edge /api/orders status=502 upstream=B rt_ms=275 bytes=34827
2026-03-14 03:18:43.407 edge /static/style.css status=200 upstream=B rt_ms=151 bytes=10336
2026-03-14 03:18:43.795 edge /healthz status=502 upstream=B rt_ms=381 bytes=7728
2026-03-14 03:18:44.790 edge /api/orders status=200 upstream=B rt_ms=97 bytes=37224
2026-03-14 03:18:44.863 edge /static/style.css status=502 upstream=B rt_ms=333 bytes=901
2026-03-14 03:18:45.063 edge /static/style.css status=200 upstream=B rt_ms=177 bytes=25051
2026-03-14 03:18:45.096 edge /healthz status=502 upstream=B rt_ms=219 bytes=27666
2026-03-14 03:18:46.450 edge /static/style.css status=200 upstream=B rt_ms=287 bytes=21546
2026-03-14 03:18:46.960 edge / status=502 upstream=B rt_ms=179 bytes=21796
2026-03-14 03:18:47.400 edge /static/style.css status=200 upstream=B rt_ms=198 bytes=33901
2026-03-14 03:18:47.432 edge /api/orders status=502 upstream=B rt_ms=284 bytes=28273
2026-03-14 03:18:53.696 edge / status=200 upstream=B rt_ms=372 bytes=15281
2026-03-14 03:18:55.297 edge /healthz status=200 upstream=B rt_ms=300 bytes=19114
2026-03-14 03:18:57.520 edge /healthz status=200 upstream=B rt_ms=31 bytes=29269
2026-03-14 03:18:58.536 edge /static/style.css status=502 upstream=B rt_ms=23 bytes=5395
2026-03-14 03:18:58.679 edge / status=500 upstream=B rt_ms=334 bytes=4972
2026-03-14 03:18:59.006 edge /api/events status=502 upstream=B rt_ms=233 bytes=41530
2026-03-14 03:18:59.499 edge / status=500 upstream=B rt_ms=101 bytes=22837
2026-03-14 03:18:59.553 edge /static/style.css status=502 upstream=B rt_ms=214 bytes=6748
2026-03-14 03:19:01.355 edge /healthz status=502 upstream=B rt_ms=299 bytes=34393
2026-03-14 03:19:02.089 edge /static/style.css status=502 upstream=B rt_ms=354 bytes=28831
2026-03-14 03:19:02.267 edge /api/orders status=200 upstream=B rt_ms=191 bytes=16334
2026-03-14 03:19:04.379 edge /api/events status=200 upstream=B rt_ms=134 bytes=22711
2026-03-14 03:19:04.482 edge /static/style.css status=200 upstream=B rt_ms=378 bytes=3417
2026-03-14 03:19:05.995 edge /api/orders status=502 upstream=B rt_ms=182 bytes=3786
2026-03-14 03:19:07.279 edge / status=200 upstream=B rt_ms=189 bytes=28592
2026-03-14 03:19:07.809 edge /static/style.css status=200 upstream=B rt_ms=89 bytes=26373
2026-03-14 03:19:09.191 edge /healthz status=200 upstream=B rt_ms=331 bytes=15603
2026-03-14 03:19:10.174 edge /static/style.css status=200 upstream=B rt_ms=232 bytes=30842
2026-03-14 03:19:10.253 edge / status=502 upstream=B rt_ms=167 bytes=11228
2026-03-14 03:19:10.748 edge / status=502 upstream=B rt_ms=43 bytes=20544
2026-03-14 03:19:12.396 edge / status=200 upstream=B rt_ms=241 bytes=8709
2026-03-14 03:19:13.412 edge / status=200 upstream=B rt_ms=211 bytes=18172
2026-03-14 03:19:13.512 edge /api/events status=200 upstream=B rt_ms=16 bytes=4476
2026-03-14 03:19:16.374 edge /healthz status=502 upstream=B rt_ms=151 bytes=8241
2026-03-14 03:19:17.049 edge /static/style.css status=200 upstream=B rt_ms=384 bytes=33021
2026-03-14 03:19:18.836 edge /static/style.css status=404 upstream=B rt_ms=222 bytes=21551
2026-03-14 03:19:19.071 edge /healthz status=200 upstream=B rt_ms=264 bytes=25295
2026-03-14 03:19:19.251 edge /healthz status=502 upstream=B rt_ms=137 bytes=24665
2026-03-14 03:19:20.912 edge /static/style.css status=502 upstream=B rt_ms=233 bytes=40690
2026-03-14 03:19:21.034 edge /healthz status=502 upstream=B rt_ms=114 bytes=938
2026-03-14 03:19:22.065 edge /healthz status=502 upstream=B rt_ms=219 bytes=28137
2026-03-14 03:19:22.114 edge /healthz status=502 upstream=B rt_ms=228 bytes=24369
2026-03-14 03:19:22.546 edge /api/orders status=200 upstream=B rt_ms=118 bytes=10652
2026-03-14 03:19:23.506 edge /healthz status=200 upstream=B rt_ms=56 bytes=228
2026-03-14 03:19:24.421 edge / status=500 upstream=B rt_ms=397 bytes=3217
2026-03-14 03:19:24.727 edge /api/orders status=200 upstream=B rt_ms=338 bytes=2431
2026-03-14 03:19:25.573 edge / status=502 upstream=B rt_ms=399 bytes=31751
2026-03-14 03:19:26.291 edge /api/orders status=404 upstream=B rt_ms=186 bytes=1571
2026-03-14 03:19:26.507 edge /api/events status=502 upstream=B rt_ms=233 bytes=40811
2026-03-14 03:19:26.911 edge /healthz status=200 upstream=B rt_ms=66 bytes=30859
2026-03-14 03:19:27.299 edge /api/orders status=502 upstream=B rt_ms=136 bytes=24740
2026-03-14 03:19:27.768 edge /api/events status=502 upstream=B rt_ms=107 bytes=12459
2026-03-14 03:19:27.924 edge /api/orders status=200 upstream=B rt_ms=91 bytes=7688
2026-03-14 03:19:28.706 edge /static/style.css status=502 upstream=B rt_ms=117 bytes=23288
2026-03-14 03:19:29.051 edge /api/orders status=502 upstream=B rt_ms=119 bytes=27553
2026-03-14 03:19:30.115 edge /api/orders status=200 upstream=B rt_ms=59 bytes=9846
2026-03-14 03:19:31.079 edge /api/events status=200 upstream=B rt_ms=189 bytes=13451
2026-03-14 03:19:31.652 edge /api/orders status=200 upstream=B rt_ms=276 bytes=30022
2026-03-14 03:19:33.737 edge / status=502 upstream=B rt_ms=253 bytes=1860
2026-03-14 03:19:34.177 edge / status=200 upstream=B rt_ms=99 bytes=29724
2026-03-14 03:19:35.671 edge / status=404 upstream=B rt_ms=48 bytes=5693
2026-03-14 03:19:35.876 edge /api/events status=502 upstream=B rt_ms=251 bytes=34715
2026-03-14 03:19:37.351 edge /api/orders status=502 upstream=B rt_ms=338 bytes=8958
2026-03-14 03:19:37.996 edge / status=502 upstream=B rt_ms=258 bytes=35657
2026-03-14 03:19:38.743 edge /healthz status=200 upstream=B rt_ms=149 bytes=26143
2026-03-14 03:19:39.905 edge /api/events status=502 upstream=B rt_ms=186 bytes=10503
2026-03-14 03:19:41.383 edge /api/events status=502 upstream=B rt_ms=390 bytes=5892
2026-03-14 03:19:42.966 edge /api/events status=502 upstream=B rt_ms=226 bytes=24552
2026-03-14 03:19:43.087 edge /healthz status=200 upstream=B rt_ms=310 bytes=286
2026-03-14 03:19:43.493 edge /healthz status=200 upstream=B rt_ms=122 bytes=12617
2026-03-14 03:19:46.395 edge / status=200 upstream=B rt_ms=37 bytes=10284
2026-03-14 03:19:46.411 edge / status=200 upstream=B rt_ms=195 bytes=2607
2026-03-14 03:19:47.827 edge /healthz status=200 upstream=B rt_ms=356 bytes=1691
2026-03-14 03:19:49.890 edge /healthz status=200 upstream=B rt_ms=37 bytes=6654
2026-03-14 03:19:54.793 edge /healthz status=502 upstream=B rt_ms=358 bytes=39066
2026-03-14 03:19:56.168 edge /api/orders status=200 upstream=B rt_ms=239 bytes=33912
2026-03-14 03:19:56.929 edge /api/orders status=502 upstream=B rt_ms=106 bytes=15474
2026-03-14 03:19:56.960 edge /api/orders status=200 upstream=B rt_ms=219 bytes=17932
2026-03-14 03:19:58.225 edge /healthz status=200 upstream=B rt_ms=43 bytes=8610
2026-03-14 03:19:58.323 edge /api/orders status=500 upstream=B rt_ms=186 bytes=979
2026-03-14 03:19:59.183 edge /api/orders status=200 upstream=B rt_ms=28 bytes=23713
2026-03-14 03:20:00.449 edge /static/style.css status=200 upstream=B rt_ms=6 bytes=5276
2026-03-14 03:20:01.208 edge /healthz status=200 upstream=B rt_ms=121 bytes=17892
2026-03-14 03:20:02.224 edge /static/style.css status=502 upstream=B rt_ms=179 bytes=11578
2026-03-14 03:20:03.215 edge /api/orders status=200 upstream=B rt_ms=209 bytes=4063
2026-03-14 03:20:05.034 edge / status=200 upstream=B rt_ms=270 bytes=20143
2026-03-14 03:20:05.390 edge /static/style.css status=502 upstream=B rt_ms=359 bytes=8307
2026-03-14 03:20:05.942 edge / status=502 upstream=B rt_ms=131 bytes=6945
2026-03-14 03:20:07.784 edge /api/events status=200 upstream=B rt_ms=181 bytes=10644
2026-03-14 03:20:08.158 edge /api/orders status=200 upstream=B rt_ms=27 bytes=14587
2026-03-14 03:20:08.645 edge /healthz status=502 upstream=B rt_ms=273 bytes=31935
2026-03-14 03:20:09.106 edge /static/style.css status=200 upstream=B rt_ms=113 bytes=34432
2026-03-14 03:20:09.600 edge /api/orders status=200 upstream=B rt_ms=17 bytes=41106
2026-03-14 03:20:10.263 edge /api/orders status=200 upstream=B rt_ms=46 bytes=36698
2026-03-14 03:20:10.319 edge /api/events status=200 upstream=B rt_ms=23 bytes=37730
2026-03-14 03:20:10.553 edge /api/events status=502 upstream=B rt_ms=163 bytes=29026
2026-03-14 03:20:11.450 edge /healthz status=200 upstream=B rt_ms=298 bytes=4391
2026-03-14 03:20:11.717 edge /api/events status=200 upstream=B rt_ms=145 bytes=17261
2026-03-14 03:20:15.874 edge /api/orders status=502 upstream=B rt_ms=200 bytes=13675
2026-03-14 03:20:16.709 edge /api/orders status=200 upstream=B rt_ms=197 bytes=32829
2026-03-14 03:20:17.006 edge /api/events status=500 upstream=B rt_ms=106 bytes=35569
2026-03-14 03:20:17.511 edge /healthz status=500 upstream=B rt_ms=276 bytes=41618
2026-03-14 03:20:17.790 edge /api/orders status=200 upstream=B rt_ms=205 bytes=4725
2026-03-14 03:20:18.007 edge /api/orders status=200 upstream=B rt_ms=59 bytes=39688
2026-03-14 03:20:21.032 edge / status=200 upstream=B rt_ms=247 bytes=13521
2026-03-14 03:20:21.892 edge /healthz status=502 upstream=B rt_ms=167 bytes=15479
2026-03-14 03:20:22.154 edge /static/style.css status=502 upstream=B rt_ms=286 bytes=35539
2026-03-14 03:20:22.244 edge / status=502 upstream=B rt_ms=166 bytes=3728
2026-03-14 03:20:22.816 edge /api/events status=502 upstream=B rt_ms=145 bytes=38474
2026-03-14 03:20:23.512 edge /api/orders status=200 upstream=B rt_ms=254 bytes=7428
2026-03-14 03:20:23.711 edge /api/orders status=502 upstream=B rt_ms=234 bytes=22110
2026-03-14 03:20:23.852 edge /healthz status=200 upstream=B rt_ms=238 bytes=17967
2026-03-14 03:20:24.654 edge /healthz status=200 upstream=B rt_ms=218 bytes=14735
2026-03-14 03:20:25.053 edge / status=200 upstream=B rt_ms=255 bytes=17561
2026-03-14 03:20:26.237 edge / status=404 upstream=B rt_ms=35 bytes=37540
2026-03-14 03:20:26.714 edge /static/style.css status=200 upstream=B rt_ms=195 bytes=11827
2026-03-14 03:20:27.179 edge /api/orders status=200 upstream=B rt_ms=109 bytes=36727
2026-03-14 03:20:28.785 edge /healthz status=502 upstream=B rt_ms=373 bytes=39877
2026-03-14 03:20:29.873 edge /api/orders status=502 upstream=B rt_ms=213 bytes=23990
2026-03-14 03:20:29.908 edge /api/events status=502 upstream=B rt_ms=205 bytes=30727
2026-03-14 03:20:30.418 edge /healthz status=200 upstream=B rt_ms=287 bytes=23754
2026-03-14 03:20:31.110 edge /api/orders status=502 upstream=B rt_ms=180 bytes=15286
2026-03-14 03:20:31.210 edge /static/style.css status=200 upstream=B rt_ms=190 bytes=38776
2026-03-14 03:20:35.187 edge /api/events status=200 upstream=B rt_ms=339 bytes=28909
2026-03-14 03:20:36.030 edge /healthz status=200 upstream=B rt_ms=342 bytes=17239
2026-03-14 03:20:36.236 edge /api/events status=200 upstream=B rt_ms=134 bytes=24255
2026-03-14 03:20:37.279 edge /api/orders status=200 upstream=B rt_ms=353 bytes=15031
2026-03-14 03:20:37.436 edge /healthz status=500 upstream=B rt_ms=23 bytes=3249
2026-03-14 03:20:38.421 edge / status=200 upstream=B rt_ms=383 bytes=23625
2026-03-14 03:20:42.888 edge /healthz status=200 upstream=B rt_ms=301 bytes=20774
2026-03-14 03:20:43.405 edge /healthz status=500 upstream=B rt_ms=258 bytes=13365
2026-03-14 03:20:44.998 edge /api/events status=200 upstream=B rt_ms=62 bytes=682
2026-03-14 03:20:45.143 edge /static/style.css status=200 upstream=B rt_ms=207 bytes=25609
2026-03-14 03:20:45.570 edge /healthz status=200 upstream=B rt_ms=25 bytes=26496
2026-03-14 03:20:47.292 edge /healthz status=502 upstream=B rt_ms=381 bytes=28392
2026-03-14 03:20:47.458 edge /api/events status=200 upstream=B rt_ms=42 bytes=24515
2026-03-14 03:20:48.269 edge / status=200 upstream=B rt_ms=215 bytes=1139
2026-03-14 03:20:49.256 edge /healthz status=200 upstream=B rt_ms=69 bytes=13684
2026-03-14 03:20:49.458 edge /static/style.css status=200 upstream=B rt_ms=140 bytes=9712
2026-03-14 03:20:50.552 edge /api/events status=200 upstream=B rt_ms=335 bytes=27296
2026-03-14 03:20:52.445 edge /api/events status=200 upstream=B rt_ms=42 bytes=9311
2026-03-14 03:20:53.024 edge /static/style.css status=500 upstream=B rt_ms=109 bytes=980
2026-03-14 03:20:53.885 edge /api/orders status=502 upstream=B rt_ms=263 bytes=10873
2026-03-14 03:20:54.751 edge /api/orders status=200 upstream=B rt_ms=99 bytes=41030
2026-03-14 03:20:55.712 edge /static/style.css status=502 upstream=B rt_ms=215 bytes=2865
2026-03-14 03:20:57.032 edge /api/orders status=502 upstream=B rt_ms=165 bytes=7250
2026-03-14 03:20:58.153 edge /api/orders status=502 upstream=B rt_ms=372 bytes=22053
2026-03-14 03:20:59.523 edge / status=200 upstream=B rt_ms=78 bytes=3865
2026-03-14 03:21:00.825 edge /api/orders status=502 upstream=B rt_ms=336 bytes=35948
2026-03-14 03:21:02.373 edge /healthz status=200 upstream=B rt_ms=301 bytes=34737
2026-03-14 03:21:02.698 edge /static/style.css status=502 upstream=B rt_ms=210 bytes=30647
2026-03-14 03:21:04.858 edge /static/style.css status=502 upstream=B rt_ms=371 bytes=33262
2026-03-14 03:21:08.020 edge /healthz status=200 upstream=B rt_ms=95 bytes=34792
2026-03-14 03:21:09.581 edge /api/orders status=502 upstream=B rt_ms=233 bytes=11103
2026-03-14 03:21:10.761 edge /healthz status=200 upstream=B rt_ms=185 bytes=28828
2026-03-14 03:21:11.074 edge /api/orders status=502 upstream=B rt_ms=285 bytes=19764
2026-03-14 03:21:11.340 edge /api/orders status=502 upstream=B rt_ms=389 bytes=28500
2026-03-14 03:21:11.442 edge /api/events status=200 upstream=B rt_ms=189 bytes=10717
2026-03-14 03:21:13.048 edge /api/orders status=502 upstream=B rt_ms=95 bytes=39907
2026-03-14 03:21:13.082 edge /api/orders status=502 upstream=B rt_ms=65 bytes=1533
2026-03-14 03:21:16.904 edge / status=200 upstream=B rt_ms=161 bytes=22151
2026-03-14 03:21:18.999 edge /api/orders status=200 upstream=B rt_ms=204 bytes=29547
2026-03-14 03:21:20.056 edge /static/style.css status=200 upstream=B rt_ms=300 bytes=13174
2026-03-14 03:21:20.307 edge /static/style.css status=404 upstream=B rt_ms=77 bytes=28598
2026-03-14 03:21:22.267 edge /api/events status=500 upstream=B rt_ms=46 bytes=1693
2026-03-14 03:21:22.359 edge /static/style.css status=502 upstream=B rt_ms=209 bytes=35020
2026-03-14 03:21:23.247 edge /healthz status=200 upstream=B rt_ms=165 bytes=26948
2026-03-14 03:21:23.282 edge /api/events status=200 upstream=B rt_ms=182 bytes=33631
2026-03-14 03:21:24.107 edge /healthz status=500 upstream=B rt_ms=313 bytes=11128
2026-03-14 03:21:25.095 edge /api/events status=200 upstream=B rt_ms=279 bytes=33630
2026-03-14 03:21:27.348 edge /api/orders status=200 upstream=B rt_ms=265 bytes=40165
2026-03-14 03:21:27.451 edge /static/style.css status=200 upstream=B rt_ms=104 bytes=10981
2026-03-14 03:21:29.412 edge /api/events status=502 upstream=B rt_ms=56 bytes=32618
2026-03-14 03:21:30.546 edge /static/style.css status=502 upstream=B rt_ms=92 bytes=38525
2026-03-14 03:21:32.202 edge /api/orders status=200 upstream=B rt_ms=310 bytes=9448
2026-03-14 03:21:33.149 edge /api/orders status=502 upstream=B rt_ms=140 bytes=33687
2026-03-14 03:21:34.045 edge /api/events status=200 upstream=B rt_ms=245 bytes=9206
2026-03-14 03:21:35.348 edge /api/events status=502 upstream=B rt_ms=221 bytes=38804
2026-03-14 03:21:36.209 edge / status=200 upstream=B rt_ms=168 bytes=4732
2026-03-14 03:21:36.650 edge /healthz status=502 upstream=B rt_ms=311 bytes=38209
2026-03-14 03:21:36.953 edge /healthz status=200 upstream=B rt_ms=36 bytes=22360
2026-03-14 03:21:37.727 edge /healthz status=200 upstream=B rt_ms=2 bytes=36454
2026-03-14 03:21:38.752 edge /healthz status=200 upstream=B rt_ms=306 bytes=39806
2026-03-14 03:21:39.082 edge /api/orders status=200 upstream=B rt_ms=56 bytes=731
2026-03-14 03:21:39.365 edge /api/events status=502 upstream=B rt_ms=380 bytes=29463
2026-03-14 03:21:40.074 edge / status=502 upstream=B rt_ms=99 bytes=33433
2026-03-14 03:21:40.256 edge /static/style.css status=502 upstream=B rt_ms=358 bytes=13714
2026-03-14 03:21:42.080 edge /healthz status=502 upstream=B rt_ms=372 bytes=11098
2026-03-14 03:21:45.258 edge /healthz status=502 upstream=B rt_ms=69 bytes=2967
2026-03-14 03:21:46.422 edge /static/style.css status=502 upstream=B rt_ms=214 bytes=28906
2026-03-14 03:21:46.648 edge /api/events status=502 upstream=B rt_ms=269 bytes=36992
2026-03-14 03:21:48.656 edge / status=502 upstream=B rt_ms=113 bytes=3575
2026-03-14 03:21:49.081 edge /api/orders status=502 upstream=B rt_ms=266 bytes=29940
2026-03-14 03:21:49.148 edge /api/events status=502 upstream=B rt_ms=388 bytes=29087
2026-03-14 03:21:49.550 edge /static/style.css status=200 upstream=B rt_ms=147 bytes=23939
2026-03-14 03:21:50.277 edge / status=200 upstream=B rt_ms=350 bytes=39360
2026-03-14 03:21:50.831 edge /healthz status=500 upstream=B rt_ms=317 bytes=19581
2026-03-14 03:21:52.676 edge / status=200 upstream=B rt_ms=156 bytes=11263
2026-03-14 03:21:54.357 edge / status=200 upstream=B rt_ms=201 bytes=2732
2026-03-14 03:21:54.367 edge /api/events status=200 upstream=B rt_ms=310 bytes=26161
2026-03-14 03:21:55.668 edge /api/orders status=502 upstream=B rt_ms=350 bytes=25617
2026-03-14 03:21:56.146 edge /static/style.css status=502 upstream=B rt_ms=58 bytes=37823
2026-03-14 03:22:00.066 edge /static/style.css status=404 upstream=B rt_ms=296 bytes=9608
2026-03-14 03:22:01.126 edge /healthz status=502 upstream=B rt_ms=88 bytes=36091
2026-03-14 03:22:01.240 edge /static/style.css status=404 upstream=B rt_ms=25 bytes=19595
2026-03-14 03:22:02.590 edge /api/events status=502 upstream=B rt_ms=300 bytes=31859
2026-03-14 03:22:03.846 edge / status=200 upstream=B rt_ms=62 bytes=15877
2026-03-14 03:22:04.405 edge / status=200 upstream=B rt_ms=398 bytes=16005
2026-03-14 03:22:07.288 edge /healthz status=502 upstream=B rt_ms=278 bytes=6374
2026-03-14 03:22:07.395 edge /healthz status=200 upstream=B rt_ms=277 bytes=18632
2026-03-14 03:22:10.284 edge /healthz status=502 upstream=B rt_ms=252 bytes=12520
2026-03-14 03:22:12.043 edge / status=200 upstream=B rt_ms=224 bytes=33316
2026-03-14 03:22:12.359 edge /api/orders status=200 upstream=B rt_ms=205 bytes=29980
2026-03-14 03:22:12.795 edge / status=502 upstream=B rt_ms=330 bytes=12448
2026-03-14 03:22:14.769 edge / status=500 upstream=B rt_ms=152 bytes=34096
2026-03-14 03:22:14.986 edge /api/events status=502 upstream=B rt_ms=62 bytes=37043
2026-03-14 03:22:15.569 edge / status=502 upstream=B rt_ms=219 bytes=33118
2026-03-14 03:22:15.597 edge /api/orders status=200 upstream=B rt_ms=326 bytes=17225
2026-03-14 03:22:16.825 edge /healthz status=502 upstream=B rt_ms=189 bytes=9201
2026-03-14 03:22:17.070 edge / status=502 upstream=B rt_ms=201 bytes=18077
2026-03-14 03:22:18.545 edge /api/orders status=200 upstream=B rt_ms=250 bytes=24089
2026-03-14 03:22:19.021 edge /api/events status=200 upstream=B rt_ms=248 bytes=9668
2026-03-14 03:22:22.055 edge / status=502 upstream=B rt_ms=297 bytes=35225
2026-03-14 03:22:22.447 edge / status=502 upstream=B rt_ms=42 bytes=6230
2026-03-14 03:22:25.405 edge / status=200 upstream=B rt_ms=372 bytes=39326
2026-03-14 03:22:25.995 edge /api/orders status=200 upstream=B rt_ms=95 bytes=28013
2026-03-14 03:22:27.944 edge /healthz status=502 upstream=B rt_ms=176 bytes=8802
2026-03-14 03:22:29.710 edge /api/events status=200 upstream=B rt_ms=20 bytes=37190
2026-03-14 03:22:30.299 edge /static/style.css status=200 upstream=B rt_ms=205 bytes=12628
2026-03-14 03:22:33.242 edge /healthz status=502 upstream=B rt_ms=139 bytes=24096
2026-03-14 03:22:33.858 edge /healthz status=500 upstream=B rt_ms=257 bytes=610
2026-03-14 03:22:34.102 edge /static/style.css status=200 upstream=B rt_ms=359 bytes=39143
2026-03-14 03:22:34.446 edge /healthz status=200 upstream=B rt_ms=356 bytes=6715
2026-03-14 03:22:35.237 edge /healthz status=200 upstream=B rt_ms=108 bytes=27650
2026-03-14 03:22:38.010 edge /healthz status=502 upstream=B rt_ms=121 bytes=7390
2026-03-14 03:22:38.750 edge / status=200 upstream=B rt_ms=179 bytes=3074
2026-03-14 03:22:39.503 edge /api/orders status=200 upstream=B rt_ms=154 bytes=36412
2026-03-14 03:22:43.015 edge /api/orders status=502 upstream=B rt_ms=291 bytes=35256
2026-03-14 03:22:45.955 edge /api/orders status=200 upstream=B rt_ms=366 bytes=25278
2026-03-14 03:22:47.317 edge /api/events status=200 upstream=B rt_ms=16 bytes=39713
2026-03-14 03:22:47.957 edge / status=200 upstream=B rt_ms=147 bytes=11087
2026-03-14 03:22:48.372 edge /healthz status=200 upstream=B rt_ms=135 bytes=27750
2026-03-14 03:22:48.810 edge / status=502 upstream=B rt_ms=303 bytes=20981
2026-03-14 03:22:48.999 edge /api/events status=502 upstream=B rt_ms=298 bytes=32286
2026-03-14 03:22:49.291 edge /static/style.css status=200 upstream=B rt_ms=140 bytes=35452
2026-03-14 03:22:50.600 edge /static/style.css status=502 upstream=B rt_ms=209 bytes=973
2026-03-14 03:22:51.056 edge / status=502 upstream=B rt_ms=222 bytes=9718
2026-03-14 03:22:51.829 edge /static/style.css status=200 upstream=B rt_ms=356 bytes=826
2026-03-14 03:22:51.999 edge /healthz status=200 upstream=B rt_ms=393 bytes=10825
2026-03-14 03:22:53.608 edge / status=200 upstream=B rt_ms=27 bytes=1002
2026-03-14 03:22:54.103 edge /api/events status=502 upstream=B rt_ms=137 bytes=21530
2026-03-14 03:22:54.909 edge /api/events status=502 upstream=B rt_ms=347 bytes=6094
2026-03-14 03:22:59.423 edge /api/events status=200 upstream=B rt_ms=97 bytes=4116
2026-03-14 03:22:59.491 edge /static/style.css status=502 upstream=B rt_ms=291 bytes=4579
2026-03-14 03:23:00.982 edge /static/style.css status=502 upstream=B rt_ms=214 bytes=8248
2026-03-14 03:23:04.228 edge /api/events status=502 upstream=B rt_ms=241 bytes=6782
2026-03-14 03:23:05.217 edge / status=200 upstream=B rt_ms=294 bytes=18731
2026-03-14 03:23:06.724 edge /api/events status=200 upstream=B rt_ms=351 bytes=12728
2026-03-14 03:23:06.834 edge /api/events status=502 upstream=B rt_ms=398 bytes=27996
2026-03-14 03:23:07.644 edge /api/orders status=200 upstream=B rt_ms=39 bytes=2663
2026-03-14 03:23:11.342 edge /healthz status=200 upstream=B rt_ms=11 bytes=31880
2026-03-14 03:23:11.424 edge / status=200 upstream=B rt_ms=131 bytes=5073
2026-03-14 03:23:11.749 edge /healthz status=502 upstream=B rt_ms=21 bytes=20130
2026-03-14 03:23:13.635 edge /healthz status=200 upstream=B rt_ms=236 bytes=38905
2026-03-14 03:23:16.435 edge / status=200 upstream=B rt_ms=279 bytes=28947
2026-03-14 03:23:16.808 edge /static/style.css status=200 upstream=B rt_ms=334 bytes=33873
2026-03-14 03:23:17.392 edge /healthz status=200 upstream=B rt_ms=48 bytes=29067
2026-03-14 03:23:17.719 edge /api/orders status=502 upstream=B rt_ms=157 bytes=19463
2026-03-14 03:23:20.777 edge / status=200 upstream=B rt_ms=139 bytes=36740
2026-03-14 03:23:23.250 edge / status=200 upstream=B rt_ms=42 bytes=3909
2026-03-14 03:23:23.850 edge /api/events status=200 upstream=B rt_ms=371 bytes=24771
2026-03-14 03:23:24.785 edge /healthz status=502 upstream=B rt_ms=205 bytes=9987
2026-03-14 03:23:25.229 edge /static/style.css status=502 upstream=B rt_ms=204 bytes=27167
2026-03-14 03:23:28.045 edge /api/orders status=200 upstream=B rt_ms=165 bytes=5190
2026-03-14 03:23:28.887 edge / status=200 upstream=B rt_ms=149 bytes=19330
2026-03-14 03:23:31.590 edge / status=502 upstream=B rt_ms=226 bytes=35149
2026-03-14 03:23:34.967 edge /api/events status=200 upstream=B rt_ms=69 bytes=36493
2026-03-14 03:23:35.546 edge /healthz status=200 upstream=B rt_ms=11 bytes=23080
2026-03-14 03:23:37.301 edge /healthz status=200 upstream=B rt_ms=231 bytes=23588
2026-03-14 03:23:37.456 edge /healthz status=200 upstream=B rt_ms=307 bytes=2535
2026-03-14 03:23:38.027 edge /api/events status=200 upstream=B rt_ms=321 bytes=24367
2026-03-14 03:23:39.597 edge /healthz status=502 upstream=B rt_ms=342 bytes=26880
2026-03-14 03:23:41.043 edge /api/events status=200 upstream=B rt_ms=28 bytes=37268
2026-03-14 03:23:41.080 edge /api/orders status=200 upstream=B rt_ms=156 bytes=3669
2026-03-14 03:23:41.941 edge /api/orders status=502 upstream=B rt_ms=317 bytes=2296
2026-03-14 03:23:44.682 edge /healthz status=200 upstream=B rt_ms=296 bytes=16431
2026-03-14 03:23:45.852 edge /static/style.css status=200 upstream=B rt_ms=208 bytes=5720
2026-03-14 03:23:45.877 edge / status=502 upstream=B rt_ms=252 bytes=10259
2026-03-14 03:23:46.922 edge /api/events status=200 upstream=B rt_ms=40 bytes=18634
2026-03-14 03:23:49.251 edge /api/events status=200 upstream=B rt_ms=257 bytes=32307
2026-03-14 03:23:49.296 edge /static/style.css status=200 upstream=B rt_ms=270 bytes=6639
2026-03-14 03:23:53.263 edge /healthz status=200 upstream=B rt_ms=75 bytes=30136
2026-03-14 03:23:54.121 edge /static/style.css status=200 upstream=B rt_ms=299 bytes=17872
2026-03-14 03:23:54.433 edge / status=502 upstream=B rt_ms=386 bytes=1509
2026-03-14 03:23:55.916 edge /healthz status=502 upstream=B rt_ms=17 bytes=27518
2026-03-14 03:23:56.827 edge / status=502 upstream=B rt_ms=217 bytes=27221
2026-03-14 03:23:58.412 edge /api/events status=200 upstream=B rt_ms=44 bytes=11872
2026-03-14 03:24:00.316 edge / status=502 upstream=B rt_ms=191 bytes=38498
2026-03-14 03:24:00.953 edge /api/events status=200 upstream=B rt_ms=250 bytes=38752
2026-03-14 03:24:02.269 edge /healthz status=200 upstream=B rt_ms=285 bytes=41421
2026-03-14 03:24:02.513 edge /healthz status=502 upstream=B rt_ms=232 bytes=18289
2026-03-14 03:24:04.055 edge /api/orders status=200 upstream=B rt_ms=245 bytes=20192
2026-03-14 03:24:04.508 edge / status=200 upstream=B rt_ms=206 bytes=34828
2026-03-14 03:24:05.229 edge /healthz status=500 upstream=B rt_ms=269 bytes=13027
2026-03-14 03:24:07.306 edge /static/style.css status=502 upstream=B rt_ms=303 bytes=33978
2026-03-14 03:24:07.333 edge / status=502 upstream=B rt_ms=110 bytes=35317
2026-03-14 03:24:08.165 edge /api/events status=500 upstream=B rt_ms=292 bytes=37514
2026-03-14 03:24:08.280 edge / status=200 upstream=B rt_ms=18 bytes=24185
2026-03-14 03:24:08.793 edge /healthz status=502 upstream=B rt_ms=6 bytes=41674
2026-03-14 03:24:09.220 edge /static/style.css status=200 upstream=B rt_ms=313 bytes=38417
2026-03-14 03:24:09.321 edge /api/events status=200 upstream=B rt_ms=162 bytes=28274
2026-03-14 03:24:10.483 edge / status=502 upstream=B rt_ms=259 bytes=20975
2026-03-14 03:24:11.427 edge /api/events status=502 upstream=B rt_ms=37 bytes=31303
2026-03-14 03:24:12.168 edge /static/style.css status=502 upstream=B rt_ms=202 bytes=12808
2026-03-14 03:24:12.369 edge /healthz status=502 upstream=B rt_ms=117 bytes=12843
2026-03-14 03:24:12.401 edge / status=502 upstream=B rt_ms=208 bytes=41267
2026-03-14 03:24:13.663 edge /api/events status=200 upstream=B rt_ms=263 bytes=28711
2026-03-14 03:24:14.097 edge /api/events status=502 upstream=B rt_ms=79 bytes=700
2026-03-14 03:24:14.450 edge /healthz status=200 upstream=B rt_ms=202 bytes=11623
2026-03-14 03:24:16.084 edge /api/events status=200 upstream=B rt_ms=350 bytes=36492
2026-03-14 03:24:16.239 edge /healthz status=200 upstream=B rt_ms=261 bytes=33601
2026-03-14 03:24:16.408 edge /api/events status=200 upstream=B rt_ms=137 bytes=21068
2026-03-14 03:24:16.633 edge /static/style.css status=200 upstream=B rt_ms=15 bytes=2822
2026-03-14 03:24:16.735 edge / status=500 upstream=B rt_ms=81 bytes=9805
2026-03-14 03:24:17.251 edge /healthz status=200 upstream=B rt_ms=237 bytes=7379
2026-03-14 03:24:17.794 edge /api/orders status=200 upstream=B rt_ms=211 bytes=4291
2026-03-14 03:24:17.960 edge / status=502 upstream=B rt_ms=335 bytes=26902
2026-03-14 03:24:18.036 edge /api/orders status=502 upstream=B rt_ms=363 bytes=6568
2026-03-14 03:24:18.267 edge /api/events status=200 upstream=B rt_ms=214 bytes=6310
2026-03-14 03:24:18.866 edge /api/events status=200 upstream=B rt_ms=105 bytes=30862
2026-03-14 03:24:19.076 edge /api/orders status=502 upstream=B rt_ms=258 bytes=23470
2026-03-14 03:24:20.618 edge /healthz status=404 upstream=B rt_ms=288 bytes=14085
2026-03-14 03:24:21.471 edge /healthz status=502 upstream=B rt_ms=392 bytes=31500
2026-03-14 03:24:22.214 edge / status=200 upstream=B rt_ms=213 bytes=14634
2026-03-14 03:24:22.793 edge /healthz status=200 upstream=B rt_ms=4 bytes=28771
2026-03-14 03:24:22.840 edge /healthz status=200 upstream=B rt_ms=116 bytes=26552
2026-03-14 03:24:22.856 edge /static/style.css status=500 upstream=B rt_ms=42 bytes=23346
2026-03-14 03:24:24.547 edge /static/style.css status=200 upstream=B rt_ms=170 bytes=34160
2026-03-14 03:24:25.669 edge /api/events status=200 upstream=B rt_ms=47 bytes=33046
2026-03-14 03:24:28.007 edge /static/style.css status=200 upstream=B rt_ms=367 bytes=20476
2026-03-14 03:24:28.920 edge / status=200 upstream=B rt_ms=342 bytes=13207
2026-03-14 03:24:31.347 edge / status=502 upstream=B rt_ms=320 bytes=4277
2026-03-14 03:24:32.218 edge /healthz status=200 upstream=B rt_ms=246 bytes=2888
2026-03-14 03:24:32.225 edge /api/orders status=200 upstream=B rt_ms=215 bytes=40611
2026-03-14 03:24:32.939 edge /api/orders status=200 upstream=B rt_ms=209 bytes=34985
2026-03-14 03:24:38.778 edge /api/orders status=200 upstream=B rt_ms=200 bytes=8724
2026-03-14 03:24:44.773 edge / status=200 upstream=B rt_ms=172 bytes=777
2026-03-14 03:24:44.806 edge /static/style.css status=502 upstream=B rt_ms=377 bytes=36028
2026-03-14 03:24:45.228 edge /api/orders status=502 upstream=B rt_ms=121 bytes=14759
2026-03-14 03:24:46.736 edge /healthz status=200 upstream=B rt_ms=318 bytes=14594
2026-03-14 03:24:47.432 edge /api/orders status=502 upstream=B rt_ms=225 bytes=21709
2026-03-14 03:24:47.712 edge /api/orders status=200 upstream=B rt_ms=158 bytes=10008
2026-03-14 03:24:49.734 edge / status=200 upstream=B rt_ms=34 bytes=17961
2026-03-14 03:24:49.932 edge /healthz status=200 upstream=B rt_ms=238 bytes=34721
2026-03-14 03:24:50.810 edge /static/style.css status=200 upstream=B rt_ms=325 bytes=10612
2026-03-14 03:24:53.873 edge /api/events status=200 upstream=B rt_ms=135 bytes=19092
2026-03-14 03:24:55.114 edge /api/orders status=200 upstream=B rt_ms=157 bytes=37730
2026-03-14 03:24:58.108 edge /api/orders status=502 upstream=B rt_ms=130 bytes=32662
2026-03-14 03:24:59.409 edge / status=200 upstream=B rt_ms=213 bytes=25426
2026-03-14 03:25:01.613 edge / status=200 upstream=B rt_ms=398 bytes=33981
2026-03-14 03:25:02.240 edge / status=502 upstream=B rt_ms=382 bytes=22068
2026-03-14 03:25:02.376 edge /static/style.css status=502 upstream=B rt_ms=146 bytes=22183
2026-03-14 03:25:02.722 edge /static/style.css status=502 upstream=B rt_ms=108 bytes=3588
2026-03-14 03:25:04.810 edge /api/orders status=502 upstream=B rt_ms=107 bytes=11398
2026-03-14 03:25:05.249 edge /healthz status=502 upstream=B rt_ms=283 bytes=3359
2026-03-14 03:25:05.383 edge /healthz status=200 upstream=B rt_ms=194 bytes=7590
2026-03-14 03:25:07.220 edge /api/orders status=200 upstream=B rt_ms=367 bytes=23273
2026-03-14 03:25:07.319 edge /healthz status=502 upstream=B rt_ms=353 bytes=41272
2026-03-14 03:25:07.813 edge /api/events status=404 upstream=B rt_ms=201 bytes=17241
2026-03-14 03:25:09.004 edge /healthz status=200 upstream=B rt_ms=181 bytes=15880
2026-03-14 03:25:09.951 edge /api/events status=200 upstream=B rt_ms=316 bytes=29612
2026-03-14 03:25:11.332 edge /api/events status=200 upstream=B rt_ms=170 bytes=26067
2026-03-14 03:25:11.537 edge /api/orders status=200 upstream=B rt_ms=43 bytes=2518
2026-03-14 03:25:12.315 edge /healthz status=200 upstream=B rt_ms=249 bytes=26493
2026-03-14 03:25:13.521 edge /static/style.css status=200 upstream=B rt_ms=14 bytes=12050
2026-03-14 03:25:14.642 edge /healthz status=404 upstream=B rt_ms=206 bytes=40248
2026-03-14 03:25:17.307 edge /static/style.css status=200 upstream=B rt_ms=86 bytes=31002
2026-03-14 03:25:17.714 edge /api/events status=200 upstream=B rt_ms=371 bytes=19719
2026-03-14 03:25:18.905 edge /api/events status=200 upstream=B rt_ms=245 bytes=41728
2026-03-14 03:25:22.506 edge /healthz status=200 upstream=B rt_ms=108 bytes=37752
2026-03-14 03:25:25.189 edge /api/events status=502 upstream=B rt_ms=196 bytes=25915
2026-03-14 03:25:26.793 edge /api/events status=502 upstream=B rt_ms=45 bytes=17698
2026-03-14 03:25:28.360 edge / status=200 upstream=B rt_ms=45 bytes=7097
2026-03-14 03:25:30.454 edge /api/events status=200 upstream=B rt_ms=161 bytes=37047
2026-03-14 03:25:30.496 edge /api/events status=502 upstream=B rt_ms=368 bytes=27991
2026-03-14 03:25:31.192 edge /api/events status=200 upstream=B rt_ms=260 bytes=14898
2026-03-14 03:25:33.960 edge /healthz status=200 upstream=B rt_ms=380 bytes=32763
2026-03-14 03:25:34.635 edge /api/events status=500 upstream=B rt_ms=243 bytes=14859
2026-03-14 03:25:34.898 edge /static/style.css status=404 upstream=B rt_ms=20 bytes=14818
2026-03-14 03:25:35.865 edge /api/orders status=200 upstream=B rt_ms=341 bytes=3548
2026-03-14 03:25:36.411 edge /api/orders status=502 upstream=B rt_ms=221 bytes=12103
2026-03-14 03:25:36.415 edge /healthz status=200 upstream=B rt_ms=158 bytes=20892
2026-03-14 03:25:36.482 edge /api/orders status=200 upstream=B rt_ms=342 bytes=9260
2026-03-14 03:25:37.037 edge / status=200 upstream=B rt_ms=170 bytes=5644
2026-03-14 03:25:37.244 edge /api/events status=502 upstream=B rt_ms=262 bytes=4992
2026-03-14 03:25:39.235 edge /healthz status=200 upstream=B rt_ms=66 bytes=14898
2026-03-14 03:25:41.357 edge /api/orders status=502 upstream=B rt_ms=353 bytes=29668
2026-03-14 03:25:44.729 edge /api/orders status=200 upstream=B rt_ms=252 bytes=41833
2026-03-14 03:25:47.091 edge /api/orders status=502 upstream=B rt_ms=125 bytes=17894
2026-03-14 03:25:47.721 edge /api/events status=200 upstream=B rt_ms=224 bytes=12050
2026-03-14 03:25:48.044 edge /static/style.css status=502 upstream=B rt_ms=190 bytes=7845
2026-03-14 03:25:50.645 edge /static/style.css status=502 upstream=B rt_ms=269 bytes=3457
2026-03-14 03:25:50.766 edge /static/style.css status=502 upstream=B rt_ms=205 bytes=24360
2026-03-14 03:25:51.518 edge /api/events status=502 upstream=B rt_ms=351 bytes=12973
2026-03-14 03:25:53.671 edge / status=200 upstream=B rt_ms=225 bytes=425
2026-03-14 03:25:54.991 edge /static/style.css status=200 upstream=B rt_ms=124 bytes=11556
2026-03-14 03:25:55.227 edge /static/style.css status=502 upstream=B rt_ms=283 bytes=41322
2026-03-14 03:25:57.122 edge / status=502 upstream=B rt_ms=364 bytes=25229
2026-03-14 03:26:00.680 edge /healthz status=502 upstream=B rt_ms=115 bytes=16518
2026-03-14 03:26:00.858 edge /api/events status=200 upstream=B rt_ms=209 bytes=10280
2026-03-14 03:26:01.736 edge /healthz status=200 upstream=B rt_ms=244 bytes=13603
2026-03-14 03:26:01.969 edge /static/style.css status=200 upstream=B rt_ms=180 bytes=26444
2026-03-14 03:26:02.928 edge /healthz status=502 upstream=B rt_ms=5 bytes=30003
2026-03-14 03:26:03.741 edge /api/events status=200 upstream=B rt_ms=235 bytes=8472
2026-03-14 03:26:06.072 edge / status=502 upstream=B rt_ms=39 bytes=9471
2026-03-14 03:26:07.457 edge /healthz status=200 upstream=B rt_ms=204 bytes=18700
2026-03-14 03:26:07.740 edge /api/orders status=200 upstream=B rt_ms=221 bytes=16592
2026-03-14 03:26:07.819 edge /static/style.css status=200 upstream=B rt_ms=95 bytes=25653
2026-03-14 03:26:11.880 edge /api/orders status=502 upstream=B rt_ms=356 bytes=15847
2026-03-14 03:26:11.919 edge /static/style.css status=200 upstream=B rt_ms=397 bytes=10875
2026-03-14 03:26:12.266 edge /api/events status=502 upstream=B rt_ms=306 bytes=35362
2026-03-14 03:26:13.706 edge /healthz status=200 upstream=B rt_ms=26 bytes=13908
2026-03-14 03:26:15.036 edge /healthz status=502 upstream=B rt_ms=192 bytes=31136
2026-03-14 03:26:15.764 edge / status=200 upstream=B rt_ms=279 bytes=13744
2026-03-14 03:26:17.260 edge /api/events status=200 upstream=B rt_ms=17 bytes=34959
2026-03-14 03:26:18.044 edge / status=200 upstream=B rt_ms=368 bytes=25719
2026-03-14 03:26:18.500 edge /static/style.css status=200 upstream=B rt_ms=199 bytes=27751
2026-03-14 03:26:18.597 edge /healthz status=502 upstream=B rt_ms=136 bytes=40829
2026-03-14 03:26:19.813 edge /api/events status=502 upstream=B rt_ms=117 bytes=12250
2026-03-14 03:26:19.815 edge /healthz status=200 upstream=B rt_ms=158 bytes=5740
2026-03-14 03:26:19.972 edge /api/events status=502 upstream=B rt_ms=389 bytes=11308
2026-03-14 03:26:22.125 edge /api/events status=502 upstream=B rt_ms=364 bytes=23820
2026-03-14 03:26:22.795 edge /api/orders status=502 upstream=B rt_ms=31 bytes=5941
2026-03-14 03:26:22.846 edge / status=200 upstream=B rt_ms=370 bytes=32508
2026-03-14 03:26:27.686 edge / status=200 upstream=B rt_ms=266 bytes=7968
2026-03-14 03:26:28.596 edge /api/events status=502 upstream=B rt_ms=185 bytes=20988
2026-03-14 03:26:28.682 edge /api/orders status=200 upstream=B rt_ms=4 bytes=2547
2026-03-14 03:26:30.145 edge /static/style.css status=502 upstream=B rt_ms=286 bytes=41523
2026-03-14 03:26:31.066 edge /healthz status=502 upstream=B rt_ms=96 bytes=31694
2026-03-14 03:26:31.581 edge /healthz status=502 upstream=B rt_ms=136 bytes=37659
2026-03-14 03:26:32.736 edge / status=404 upstream=B rt_ms=162 bytes=23628
2026-03-14 03:26:33.295 edge /healthz status=200 upstream=B rt_ms=362 bytes=13715
2026-03-14 03:26:34.941 edge /static/style.css status=200 upstream=B rt_ms=220 bytes=38693
2026-03-14 03:26:35.853 edge / status=502 upstream=B rt_ms=172 bytes=35773
2026-03-14 03:26:37.199 edge /api/events status=502 upstream=B rt_ms=126 bytes=29758
2026-03-14 03:26:38.105 edge / status=502 upstream=B rt_ms=226 bytes=870
2026-03-14 03:26:39.562 edge /static/style.css status=200 upstream=B rt_ms=91 bytes=11741
2026-03-14 03:26:39.993 edge /api/events status=502 upstream=B rt_ms=350 bytes=19792
2026-03-14 03:26:42.283 edge /api/orders status=200 upstream=B rt_ms=23 bytes=21125
2026-03-14 03:26:43.299 edge /api/events status=502 upstream=B rt_ms=99 bytes=8625
2026-03-14 03:26:43.426 edge /healthz status=200 upstream=B rt_ms=213 bytes=29709
2026-03-14 03:26:46.522 edge /api/events status=502 upstream=B rt_ms=3 bytes=31034
2026-03-14 03:26:46.567 edge /static/style.css status=502 upstream=B rt_ms=19 bytes=4077
2026-03-14 03:26:47.270 edge /healthz status=200 upstream=B rt_ms=143 bytes=27296
2026-03-14 03:26:47.973 edge / status=502 upstream=B rt_ms=334 bytes=9108
2026-03-14 03:26:49.884 edge /static/style.css status=502 upstream=B rt_ms=355 bytes=6577
2026-03-14 03:26:52.114 edge /api/events status=502 upstream=B rt_ms=14 bytes=40174
2026-03-14 03:26:55.460 edge /static/style.css status=200 upstream=B rt_ms=67 bytes=36501
2026-03-14 03:26:59.015 edge / status=200 upstream=B rt_ms=39 bytes=27647
2026-03-14 03:27:02.074 edge / status=502 upstream=B rt_ms=238 bytes=18136
2026-03-14 03:27:02.296 edge /healthz status=500 upstream=B rt_ms=14 bytes=37403
2026-03-14 03:27:03.646 edge /static/style.css status=200 upstream=B rt_ms=396 bytes=37360
2026-03-14 03:27:03.717 edge /api/events status=200 upstream=B rt_ms=360 bytes=22305
2026-03-14 03:27:04.544 edge /api/events status=502 upstream=B rt_ms=365 bytes=33111
2026-03-14 03:27:06.182 edge /healthz status=200 upstream=B rt_ms=288 bytes=41026
2026-03-14 03:27:07.270 edge /api/orders status=502 upstream=B rt_ms=385 bytes=24395
2026-03-14 03:27:07.641 edge / status=200 upstream=B rt_ms=86 bytes=7393
2026-03-14 03:27:08.272 edge /healthz status=200 upstream=B rt_ms=286 bytes=36461
2026-03-14 03:27:08.513 edge /api/events status=200 upstream=B rt_ms=243 bytes=30397
2026-03-14 03:27:09.167 edge /healthz status=502 upstream=B rt_ms=262 bytes=5981
2026-03-14 03:27:09.725 edge / status=502 upstream=B rt_ms=124 bytes=26250
2026-03-14 03:27:10.775 edge /api/orders status=200 upstream=B rt_ms=332 bytes=40824
2026-03-14 03:27:11.003 edge /healthz status=502 upstream=B rt_ms=37 bytes=3375
2026-03-14 03:27:13.469 edge /api/orders status=500 upstream=B rt_ms=161 bytes=34474
2026-03-14 03:27:14.909 edge /static/style.css status=200 upstream=B rt_ms=364 bytes=31201
2026-03-14 03:27:16.323 edge /healthz status=502 upstream=B rt_ms=190 bytes=40214
2026-03-14 03:27:16.740 edge /static/style.css status=200 upstream=B rt_ms=100 bytes=8196
2026-03-14 03:27:20.118 edge /api/events status=200 upstream=B rt_ms=358 bytes=7027
2026-03-14 03:27:21.778 edge /healthz status=502 upstream=B rt_ms=278 bytes=35526
2026-03-14 03:27:21.854 edge / status=200 upstream=B rt_ms=338 bytes=32419
2026-03-14 03:27:23.887 edge /api/events status=200 upstream=B rt_ms=84 bytes=20243
2026-03-14 03:27:25.725 edge /api/events status=502 upstream=B rt_ms=377 bytes=20649
2026-03-14 03:27:28.125 edge / status=200 upstream=B rt_ms=261 bytes=37982
2026-03-14 03:27:29.152 edge / status=200 upstream=B rt_ms=193 bytes=29915
2026-03-14 03:27:30.513 edge /static/style.css status=502 upstream=B rt_ms=141 bytes=34801
2026-03-14 03:27:31.067 edge /api/events status=502 upstream=B rt_ms=239 bytes=8986
2026-03-14 03:27:31.391 edge /healthz status=200 upstream=B rt_ms=82 bytes=28307
2026-03-14 03:27:32.806 edge /api/orders status=502 upstream=B rt_ms=364 bytes=852
2026-03-14 03:27:33.757 edge /api/events status=200 upstream=B rt_ms=364 bytes=30416
2026-03-14 03:27:34.033 edge /api/events status=502 upstream=B rt_ms=354 bytes=1728
2026-03-14 03:27:35.205 edge /api/orders status=502 upstream=B rt_ms=325 bytes=974
2026-03-14 03:27:38.081 edge /healthz status=200 upstream=B rt_ms=291 bytes=31934
2026-03-14 03:27:38.704 edge /api/events status=502 upstream=B rt_ms=305 bytes=19730
2026-03-14 03:27:39.532 edge /api/orders status=502 upstream=B rt_ms=165 bytes=7349
2026-03-14 03:27:39.726 edge /api/events status=502 upstream=B rt_ms=126 bytes=17239
2026-03-14 03:27:41.225 edge /api/orders status=200 upstream=B rt_ms=300 bytes=12449
2026-03-14 03:27:46.601 edge /api/events status=502 upstream=B rt_ms=57 bytes=24288
2026-03-14 03:27:47.563 edge /healthz status=502 upstream=B rt_ms=258 bytes=27824
2026-03-14 03:27:48.414 edge /api/events status=500 upstream=B rt_ms=389 bytes=30161
2026-03-14 03:27:48.478 edge /healthz status=200 upstream=B rt_ms=234 bytes=9542
2026-03-14 03:27:48.725 edge / status=200 upstream=B rt_ms=75 bytes=9557
2026-03-14 03:27:48.856 edge / status=500 upstream=B rt_ms=156 bytes=35379
2026-03-14 03:27:49.760 edge /api/orders status=200 upstream=B rt_ms=159 bytes=22958
2026-03-14 03:27:56.494 edge /api/events status=502 upstream=B rt_ms=212 bytes=38737
2026-03-14 03:27:58.203 edge /api/orders status=404 upstream=B rt_ms=87 bytes=16717
2026-03-14 03:28:00.073 edge / status=502 upstream=B rt_ms=227 bytes=40629
2026-03-14 03:28:00.713 edge /healthz status=502 upstream=B rt_ms=274 bytes=34103
2026-03-14 03:28:02.163 edge /api/orders status=502 upstream=B rt_ms=35 bytes=19267
2026-03-14 03:28:02.785 edge /static/style.css status=200 upstream=B rt_ms=189 bytes=37912
2026-03-14 03:28:04.671 edge /api/orders status=500 upstream=B rt_ms=54 bytes=33563
2026-03-14 03:28:06.119 edge /api/events status=502 upstream=B rt_ms=292 bytes=28839
2026-03-14 03:28:07.512 edge /api/events status=200 upstream=B rt_ms=87 bytes=36858
2026-03-14 03:28:09.207 edge /api/orders status=200 upstream=B rt_ms=251 bytes=40797
2026-03-14 03:28:10.545 edge /static/style.css status=502 upstream=B rt_ms=325 bytes=693
2026-03-14 03:28:10.770 edge /api/events status=200 upstream=B rt_ms=149 bytes=23063
2026-03-14 03:28:11.742 edge /api/events status=502 upstream=B rt_ms=305 bytes=10122
2026-03-14 03:28:15.057 edge /healthz status=502 upstream=B rt_ms=221 bytes=27154
2026-03-14 03:28:15.872 edge / status=502 upstream=B rt_ms=235 bytes=40204
2026-03-14 03:28:16.859 edge /healthz status=502 upstream=B rt_ms=47 bytes=22462
2026-03-14 03:28:16.902 edge /api/orders status=200 upstream=B rt_ms=60 bytes=16659
2026-03-14 03:28:17.111 edge /healthz status=502 upstream=B rt_ms=113 bytes=5952
2026-03-14 03:28:17.193 edge /api/orders status=502 upstream=B rt_ms=225 bytes=29525
2026-03-14 03:28:18.139 edge / status=200 upstream=B rt_ms=153 bytes=22232
2026-03-14 03:28:19.854 edge /healthz status=200 upstream=B rt_ms=185 bytes=274
2026-03-14 03:28:20.938 edge /healthz status=200 upstream=B rt_ms=218 bytes=1345
2026-03-14 03:28:22.049 edge /static/style.css status=200 upstream=B rt_ms=144 bytes=35803
2026-03-14 03:28:22.248 edge /api/events status=502 upstream=B rt_ms=325 bytes=38736
2026-03-14 03:28:25.940 edge /api/events status=200 upstream=B rt_ms=223 bytes=5296
2026-03-14 03:28:27.430 edge /api/orders status=200 upstream=B rt_ms=96 bytes=18251
2026-03-14 03:28:29.334 edge /static/style.css status=200 upstream=B rt_ms=66 bytes=39113
2026-03-14 03:28:29.584 edge /api/events status=502 upstream=B rt_ms=146 bytes=7834
2026-03-14 03:28:32.677 edge / status=200 upstream=B rt_ms=318 bytes=2229
2026-03-14 03:28:34.159 edge /healthz status=502 upstream=B rt_ms=308 bytes=4594
2026-03-14 03:28:34.650 edge /api/orders status=200 upstream=B rt_ms=318 bytes=11877
2026-03-14 03:28:35.995 edge /healthz status=502 upstream=B rt_ms=109 bytes=19687
2026-03-14 03:28:37.597 edge / status=502 upstream=B rt_ms=324 bytes=15733
2026-03-14 03:28:37.668 edge /api/events status=200 upstream=B rt_ms=372 bytes=12774
2026-03-14 03:28:38.635 edge /static/style.css status=200 upstream=B rt_ms=363 bytes=20218
2026-03-14 03:28:40.197 edge /api/events status=200 upstream=B rt_ms=311 bytes=29046
2026-03-14 03:28:40.846 edge /api/orders status=404 upstream=B rt_ms=32 bytes=32706
2026-03-14 03:28:42.984 edge / status=200 upstream=B rt_ms=234 bytes=20446
2026-03-14 03:28:43.147 edge /healthz status=200 upstream=B rt_ms=260 bytes=7977
2026-03-14 03:28:43.827 edge /api/events status=200 upstream=B rt_ms=37 bytes=14304
2026-03-14 03:28:44.474 edge / status=200 upstream=B rt_ms=246 bytes=4557
2026-03-14 03:28:46.115 edge /api/events status=502 upstream=B rt_ms=289 bytes=2035
2026-03-14 03:28:47.236 edge /static/style.css status=500 upstream=B rt_ms=187 bytes=35869
2026-03-14 03:28:48.485 edge /api/orders status=200 upstream=B rt_ms=376 bytes=22678
2026-03-14 03:28:49.139 edge /static/style.css status=502 upstream=B rt_ms=345 bytes=3750
2026-03-14 03:28:52.603 edge /static/style.css status=200 upstream=B rt_ms=161 bytes=11190
2026-03-14 03:28:52.808 edge /healthz status=200 upstream=B rt_ms=347 bytes=40883
2026-03-14 03:28:53.191 edge /api/events status=502 upstream=B rt_ms=149 bytes=12546
2026-03-14 03:28:53.568 edge /api/events status=200 upstream=B rt_ms=68 bytes=15651
2026-03-14 03:28:53.975 edge /api/orders status=200 upstream=B rt_ms=240 bytes=35620
2026-03-14 03:28:54.490 edge / status=500 upstream=B rt_ms=206 bytes=23981
2026-03-14 03:28:54.784 edge /static/style.css status=502 upstream=B rt_ms=180 bytes=24683
2026-03-14 03:28:55.670 edge /static/style.css status=502 upstream=B rt_ms=11 bytes=537
2026-03-14 03:28:56.042 edge /static/style.css status=502 upstream=B rt_ms=270 bytes=7707
2026-03-14 03:28:58.119 edge / status=200 upstream=B rt_ms=342 bytes=28158
2026-03-14 03:29:00.245 edge /api/orders status=200 upstream=B rt_ms=275 bytes=3276
2026-03-14 03:29:00.728 edge /static/style.css status=502 upstream=B rt_ms=146 bytes=26541
2026-03-14 03:29:02.678 edge /healthz status=200 upstream=B rt_ms=286 bytes=19313
2026-03-14 03:29:02.991 edge /healthz status=404 upstream=B rt_ms=369 bytes=35452
2026-03-14 03:29:03.013 edge / status=502 upstream=B rt_ms=233 bytes=19320
2026-03-14 03:29:03.395 edge / status=200 upstream=B rt_ms=399 bytes=24450
2026-03-14 03:29:04.063 edge /api/events status=404 upstream=B rt_ms=48 bytes=16365
2026-03-14 03:29:04.748 edge / status=200 upstream=B rt_ms=124 bytes=10652
2026-03-14 03:29:05.020 edge /static/style.css status=200 upstream=B rt_ms=112 bytes=5841
2026-03-14 03:29:05.886 edge /healthz status=200 upstream=B rt_ms=283 bytes=12055
2026-03-14 03:29:06.216 edge /static/style.css status=200 upstream=B rt_ms=206 bytes=11393
2026-03-14 03:29:06.873 edge / status=200 upstream=B rt_ms=136 bytes=41594
2026-03-14 03:29:08.665 edge / status=502 upstream=B rt_ms=299 bytes=28736
2026-03-14 03:29:09.725 edge /healthz status=502 upstream=B rt_ms=156 bytes=23800
2026-03-14 03:29:10.704 edge /api/orders status=200 upstream=B rt_ms=292 bytes=15944
2026-03-14 03:29:10.727 edge /static/style.css status=200 upstream=B rt_ms=314 bytes=34549
2026-03-14 03:29:11.528 edge /api/orders status=502 upstream=B rt_ms=63 bytes=6515
2026-03-14 03:29:12.261 edge /static/style.css status=502 upstream=B rt_ms=71 bytes=37053
2026-03-14 03:29:14.470 edge / status=200 upstream=B rt_ms=131 bytes=16709
2026-03-14 03:29:15.861 edge /static/style.css status=500 upstream=B rt_ms=259 bytes=33205
2026-03-14 03:29:16.082 edge /api/events status=200 upstream=B rt_ms=20 bytes=11205
2026-03-14 03:29:19.757 edge /api/events status=502 upstream=B rt_ms=191 bytes=23518
2026-03-14 03:29:21.776 edge /static/style.css status=502 upstream=B rt_ms=242 bytes=15616
2026-03-14 03:29:23.005 edge /healthz status=502 upstream=B rt_ms=51 bytes=16789
2026-03-14 03:29:24.251 edge /api/events status=502 upstream=B rt_ms=361 bytes=32849
2026-03-14 03:29:25.087 edge /api/orders status=200 upstream=B rt_ms=185 bytes=3305
2026-03-14 03:29:26.062 edge / status=502 upstream=B rt_ms=218 bytes=27577
2026-03-14 03:29:26.355 edge / status=200 upstream=B rt_ms=390 bytes=20680
2026-03-14 03:29:27.561 edge /api/events status=200 upstream=B rt_ms=128 bytes=40758
2026-03-14 03:29:28.375 edge /api/orders status=200 upstream=B rt_ms=199 bytes=23802
2026-03-14 03:29:29.411 edge /api/events status=200 upstream=B rt_ms=379 bytes=19661
2026-03-14 03:29:32.018 edge /healthz status=200 upstream=B rt_ms=82 bytes=14145
2026-03-14 03:29:32.389 edge / status=200 upstream=B rt_ms=370 bytes=41316
2026-03-14 03:29:32.606 edge / status=200 upstream=B rt_ms=195 bytes=590
2026-03-14 03:29:32.871 edge / status=200 upstream=B rt_ms=139 bytes=15708
2026-03-14 03:29:33.450 edge /api/orders status=500 upstream=B rt_ms=320 bytes=27290
2026-03-14 03:29:35.667 edge /healthz status=502 upstream=B rt_ms=398 bytes=2974
2026-03-14 03:29:36.283 edge /api/orders status=502 upstream=B rt_ms=90 bytes=20830
2026-03-14 03:29:36.943 edge /api/orders status=200 upstream=B rt_ms=144 bytes=16726
2026-03-14 03:29:37.898 edge /static/style.css status=200 upstream=B rt_ms=218 bytes=41527
2026-03-14 03:29:38.663 edge / status=404 upstream=B rt_ms=144 bytes=30674
2026-03-14 03:29:38.774 edge /static/style.css status=502 upstream=B rt_ms=166 bytes=7948
2026-03-14 03:29:39.741 edge /api/events status=500 upstream=B rt_ms=110 bytes=22128
2026-03-14 03:29:40.673 edge / status=200 upstream=B rt_ms=34 bytes=19375
2026-03-14 03:29:40.979 edge /healthz status=200 upstream=B rt_ms=96 bytes=12642
2026-03-14 03:29:42.702 edge /static/style.css status=200 upstream=B rt_ms=348 bytes=9715
2026-03-14 03:29:42.811 edge / status=200 upstream=B rt_ms=263 bytes=40064
2026-03-14 03:29:44.243 edge /healthz status=200 upstream=B rt_ms=396 bytes=13433
2026-03-14 03:29:45.158 edge /api/orders status=200 upstream=B rt_ms=97 bytes=29115
2026-03-14 03:29:45.393 edge /healthz status=200 upstream=B rt_ms=107 bytes=7108
2026-03-14 03:29:45.829 edge /api/events status=200 upstream=B rt_ms=202 bytes=20054
2026-03-14 03:29:47.997 edge /api/orders status=200 upstream=B rt_ms=166 bytes=29907
2026-03-14 03:29:48.875 edge / status=502 upstream=B rt_ms=283 bytes=19400
2026-03-14 03:29:50.808 edge / status=200 upstream=B rt_ms=263 bytes=19964
2026-03-14 03:29:51.340 edge /static/style.css status=200 upstream=B rt_ms=68 bytes=8445
2026-03-14 03:29:51.967 edge /api/orders status=200 upstream=B rt_ms=340 bytes=3909
2026-03-14 03:29:52.299 edge / status=502 upstream=B rt_ms=77 bytes=38378
2026-03-14 03:29:53.983 edge /healthz status=200 upstream=B rt_ms=27 bytes=10607
2026-03-14 03:29:54.158 edge / status=200 upstream=B rt_ms=361 bytes=40616
2026-03-14 03:29:54.791 edge /api/orders status=200 upstream=B rt_ms=257 bytes=13775
2026-03-14 03:29:55.056 edge / status=200 upstream=B rt_ms=277 bytes=30798
2026-03-14 03:29:55.399 edge /api/orders status=200 upstream=B rt_ms=215 bytes=29650
2026-03-14 03:29:56.034 edge /api/events status=200 upstream=B rt_ms=320 bytes=38679
2026-03-14 03:29:56.333 edge /static/style.css status=200 upstream=B rt_ms=253 bytes=23485
2026-03-14 03:29:56.696 edge / status=200 upstream=B rt_ms=193 bytes=33961
2026-03-14 03:29:58.225 edge /api/orders status=200 upstream=B rt_ms=64 bytes=30187
2026-03-14 03:29:58.281 edge /healthz status=200 upstream=B rt_ms=220 bytes=36026
2026-03-14 03:29:58.484 edge / status=502 upstream=B rt_ms=387 bytes=29929
2026-03-14 03:30:00.845 edge /api/orders status=502 upstream=B rt_ms=16 bytes=4162
2026-03-14 03:30:00.996 edge /static/style.css status=200 upstream=B rt_ms=286 bytes=12711
2026-03-14 03:30:02.259 edge /api/orders status=200 upstream=B rt_ms=294 bytes=19877
2026-03-14 03:30:03.816 edge /api/events status=200 upstream=B rt_ms=263 bytes=8004
2026-03-14 03:30:05.427 edge /api/events status=502 upstream=B rt_ms=157 bytes=38462
2026-03-14 03:30:06.353 edge /healthz status=200 upstream=B rt_ms=61 bytes=32196
2026-03-14 03:30:06.947 edge / status=200 upstream=B rt_ms=234 bytes=15909
2026-03-14 03:30:07.554 edge / status=502 upstream=B rt_ms=234 bytes=12795
2026-03-14 03:30:08.006 edge /api/orders status=200 upstream=B rt_ms=250 bytes=39412
2026-03-14 03:30:08.109 edge /api/orders status=200 upstream=B rt_ms=139 bytes=24844
2026-03-14 03:30:08.155 edge /static/style.css status=200 upstream=B rt_ms=241 bytes=37881
2026-03-14 03:30:08.376 edge /static/style.css status=502 upstream=B rt_ms=175 bytes=2444
2026-03-14 03:30:09.621 edge /api/orders status=200 upstream=B rt_ms=203 bytes=10279
2026-03-14 03:30:09.935 edge /static/style.css status=502 upstream=B rt_ms=245 bytes=16684
2026-03-14 03:30:09.968 edge /api/events status=200 upstream=B rt_ms=304 bytes=33541
2026-03-14 03:30:11.106 edge /healthz status=200 upstream=B rt_ms=113 bytes=15265
2026-03-14 03:30:12.296 edge /api/orders status=200 upstream=B rt_ms=348 bytes=23840
2026-03-14 03:30:14.052 edge /healthz status=200 upstream=B rt_ms=330 bytes=27326
2026-03-14 03:30:15.035 edge /static/style.css status=404 upstream=B rt_ms=388 bytes=31538
2026-03-14 03:30:15.587 edge /api/orders status=200 upstream=B rt_ms=319 bytes=12726
2026-03-14 03:30:17.075 edge / status=200 upstream=B rt_ms=265 bytes=11497
2026-03-14 03:30:19.466 edge /api/orders status=200 upstream=B rt_ms=21 bytes=16222
2026-03-14 03:30:20.358 edge /healthz status=200 upstream=B rt_ms=195 bytes=34042
2026-03-14 03:30:20.730 edge /api/orders status=200 upstream=B rt_ms=60 bytes=6182
2026-03-14 03:30:21.235 edge / status=200 upstream=B rt_ms=158 bytes=14776
2026-03-14 03:30:23.912 edge / status=200 upstream=B rt_ms=270 bytes=32516
2026-03-14 03:30:24.553 edge /api/orders status=502 upstream=B rt_ms=275 bytes=1824
2026-03-14 03:30:24.827 edge /static/style.css status=200 upstream=B rt_ms=234 bytes=18116
2026-03-14 03:30:24.932 edge /api/events status=404 upstream=B rt_ms=63 bytes=38289
2026-03-14 03:30:26.226 edge /static/style.css status=200 upstream=B rt_ms=292 bytes=31539
2026-03-14 03:30:27.001 edge /api/orders status=200 upstream=B rt_ms=15 bytes=40194
2026-03-14 03:30:28.970 edge /healthz status=200 upstream=B rt_ms=328 bytes=38167
2026-03-14 03:30:33.899 edge /static/style.css status=500 upstream=B rt_ms=7 bytes=22509
2026-03-14 03:30:37.295 edge / status=502 upstream=B rt_ms=126 bytes=2449
2026-03-14 03:30:38.151 edge /static/style.css status=200 upstream=B rt_ms=217 bytes=37934
2026-03-14 03:30:39.208 edge /static/style.css status=502 upstream=B rt_ms=105 bytes=5025
2026-03-14 03:30:39.560 edge /api/events status=200 upstream=B rt_ms=344 bytes=2579
2026-03-14 03:30:42.612 edge /healthz status=200 upstream=B rt_ms=189 bytes=41754
2026-03-14 03:30:43.021 edge /healthz status=502 upstream=B rt_ms=348 bytes=1903
2026-03-14 03:30:44.247 edge /static/style.css status=404 upstream=B rt_ms=397 bytes=10584
2026-03-14 03:30:45.442 edge /api/orders status=200 upstream=B rt_ms=302 bytes=22883
2026-03-14 03:30:48.323 edge /healthz status=404 upstream=B rt_ms=46 bytes=13992
2026-03-14 03:30:48.692 edge /api/events status=502 upstream=B rt_ms=211 bytes=28508
2026-03-14 03:30:51.724 edge /api/events status=502 upstream=B rt_ms=375 bytes=41803
2026-03-14 03:30:52.002 edge /healthz status=502 upstream=B rt_ms=169 bytes=29239
2026-03-14 03:30:52.229 edge / status=502 upstream=B rt_ms=51 bytes=31910
2026-03-14 03:30:54.612 edge /api/events status=200 upstream=B rt_ms=8 bytes=14411
2026-03-14 03:30:55.030 edge /api/orders status=502 upstream=B rt_ms=311 bytes=28347
2026-03-14 03:30:58.094 edge /api/events status=500 upstream=B rt_ms=57 bytes=18436
2026-03-14 03:30:58.657 edge /static/style.css status=502 upstream=B rt_ms=122 bytes=35242
2026-03-14 03:30:58.780 edge /healthz status=502 upstream=B rt_ms=28 bytes=28208
2026-03-14 03:31:00.855 edge /static/style.css status=200 upstream=B rt_ms=15 bytes=9158
2026-03-14 03:31:02.865 edge /static/style.css status=200 upstream=B rt_ms=249 bytes=28231
2026-03-14 03:31:02.884 edge /api/orders status=200 upstream=B rt_ms=45 bytes=7530
2026-03-14 03:31:03.759 edge /healthz status=500 upstream=B rt_ms=60 bytes=10368
2026-03-14 03:31:04.325 edge /healthz status=502 upstream=B rt_ms=206 bytes=8944
2026-03-14 03:31:05.051 edge /api/events status=404 upstream=B rt_ms=301 bytes=6990
2026-03-14 03:31:05.387 edge /healthz status=502 upstream=B rt_ms=26 bytes=40792
2026-03-14 03:31:05.706 edge /static/style.css status=200 upstream=B rt_ms=123 bytes=11547
2026-03-14 03:31:06.023 edge /healthz status=200 upstream=B rt_ms=384 bytes=34287
2026-03-14 03:31:06.380 edge /api/events status=200 upstream=B rt_ms=327 bytes=24835
2026-03-14 03:31:06.782 edge /api/events status=502 upstream=B rt_ms=38 bytes=11414
2026-03-14 03:31:06.999 edge /api/orders status=200 upstream=B rt_ms=303 bytes=36440
2026-03-14 03:31:09.850 edge /api/events status=500 upstream=B rt_ms=96 bytes=19053
2026-03-14 03:31:09.997 edge /api/events status=200 upstream=B rt_ms=34 bytes=21778
2026-03-14 03:31:12.668 edge / status=200 upstream=B rt_ms=218 bytes=25096
2026-03-14 03:31:13.218 edge /api/orders status=200 upstream=B rt_ms=79 bytes=31405
2026-03-14 03:31:13.685 edge / status=404 upstream=B rt_ms=299 bytes=28282
2026-03-14 03:31:15.202 edge /healthz status=502 upstream=B rt_ms=204 bytes=3338
2026-03-14 03:31:15.228 edge /api/orders status=502 upstream=B rt_ms=120 bytes=17289
2026-03-14 03:31:15.401 edge /static/style.css status=200 upstream=B rt_ms=113 bytes=7103
2026-03-14 03:31:15.634 edge /healthz status=502 upstream=B rt_ms=14 bytes=39928
2026-03-14 03:31:17.213 edge /static/style.css status=502 upstream=B rt_ms=222 bytes=21700
2026-03-14 03:31:18.094 edge /api/events status=502 upstream=B rt_ms=387 bytes=26757
2026-03-14 03:31:20.001 edge / status=200 upstream=B rt_ms=225 bytes=13395
2026-03-14 03:31:20.414 edge / status=200 upstream=B rt_ms=258 bytes=25386
2026-03-14 03:31:20.753 edge /healthz status=200 upstream=B rt_ms=396 bytes=25779
2026-03-14 03:31:21.080 edge / status=200 upstream=B rt_ms=222 bytes=4518
2026-03-14 03:31:23.729 edge /api/orders status=200 upstream=B rt_ms=8 bytes=13343
2026-03-14 03:31:24.688 edge /static/style.css status=502 upstream=B rt_ms=273 bytes=7200
2026-03-14 03:31:25.792 edge /api/orders status=200 upstream=B rt_ms=332 bytes=12981
2026-03-14 03:31:25.820 edge /api/events status=200 upstream=B rt_ms=277 bytes=28623
2026-03-14 03:31:30.888 edge /static/style.css status=200 upstream=B rt_ms=372 bytes=7652
2026-03-14 03:31:31.581 edge /api/events status=200 upstream=B rt_ms=255 bytes=35306
2026-03-14 03:31:32.018 edge /healthz status=200 upstream=B rt_ms=209 bytes=35336
2026-03-14 03:31:33.246 edge /healthz status=404 upstream=B rt_ms=65 bytes=38472
2026-03-14 03:31:34.032 edge /healthz status=200 upstream=B rt_ms=219 bytes=12313
2026-03-14 03:31:36.579 edge / status=200 upstream=B rt_ms=182 bytes=7459
2026-03-14 03:31:40.482 edge /api/events status=404 upstream=B rt_ms=388 bytes=8926
2026-03-14 03:31:41.134 edge /static/style.css status=500 upstream=B rt_ms=142 bytes=29723
2026-03-14 03:31:41.682 edge /api/orders status=502 upstream=B rt_ms=377 bytes=13522
2026-03-14 03:31:42.615 edge /healthz status=502 upstream=B rt_ms=68 bytes=23536
2026-03-14 03:31:42.646 edge /api/events status=404 upstream=B rt_ms=263 bytes=38036
2026-03-14 03:31:44.248 edge /healthz status=502 upstream=B rt_ms=346 bytes=32369
2026-03-14 03:31:48.062 edge /api/orders status=502 upstream=B rt_ms=295 bytes=3298
2026-03-14 03:31:48.358 edge / status=200 upstream=B rt_ms=247 bytes=3954
2026-03-14 03:31:48.632 edge /api/orders status=200 upstream=B rt_ms=315 bytes=14340
2026-03-14 03:31:49.071 edge /static/style.css status=502 upstream=B rt_ms=73 bytes=15701
2026-03-14 03:31:50.419 edge /api/orders status=200 upstream=B rt_ms=183 bytes=40178
2026-03-14 03:31:50.639 edge /healthz status=200 upstream=B rt_ms=136 bytes=24851
2026-03-14 03:31:50.938 edge /api/orders status=200 upstream=B rt_ms=248 bytes=27818
2026-03-14 03:31:51.055 edge /api/events status=200 upstream=B rt_ms=307 bytes=31766
2026-03-14 03:31:53.847 edge /healthz status=502 upstream=B rt_ms=264 bytes=19281
2026-03-14 03:31:54.502 edge /api/events status=200 upstream=B rt_ms=264 bytes=39444
2026-03-14 03:31:55.875 edge / status=502 upstream=B rt_ms=235 bytes=37221
2026-03-14 03:31:56.403 edge /api/orders status=200 upstream=B rt_ms=300 bytes=37975
2026-03-14 03:31:57.195 edge /static/style.css status=200 upstream=B rt_ms=83 bytes=35505
2026-03-14 03:31:58.266 edge / status=200 upstream=B rt_ms=120 bytes=20343
2026-03-14 03:31:58.650 edge /static/style.css status=200 upstream=B rt_ms=291 bytes=40668
2026-03-14 03:31:58.812 edge /healthz status=200 upstream=B rt_ms=294 bytes=13883
2026-03-14 03:31:59.818 edge /api/orders status=404 upstream=B rt_ms=94 bytes=41442
2026-03-14 03:31:59.899 edge /api/orders status=200 upstream=B rt_ms=280 bytes=17773
2026-03-14 03:32:00.768 edge /api/orders status=200 upstream=B rt_ms=95 bytes=17419
2026-03-14 03:32:02.696 edge /api/orders status=200 upstream=B rt_ms=336 bytes=4410
2026-03-14 03:32:02.833 edge /healthz status=200 upstream=B rt_ms=46 bytes=28842
2026-03-14 03:32:03.384 edge /healthz status=502 upstream=B rt_ms=123 bytes=8505
2026-03-14 03:32:03.723 edge / status=200 upstream=B rt_ms=111 bytes=11115
2026-03-14 03:32:03.855 edge /api/events status=502 upstream=B rt_ms=221 bytes=15352
2026-03-14 03:32:04.093 edge /api/orders status=200 upstream=B rt_ms=59 bytes=7989
2026-03-14 03:32:04.699 edge / status=200 upstream=B rt_ms=47 bytes=2411
2026-03-14 03:32:06.941 edge /healthz status=404 upstream=B rt_ms=11 bytes=11449
2026-03-14 03:32:07.220 edge / status=502 upstream=B rt_ms=348 bytes=31283
2026-03-14 03:32:10.600 edge /healthz status=200 upstream=B rt_ms=276 bytes=38849
2026-03-14 03:32:15.104 edge / status=404 upstream=B rt_ms=192 bytes=40989
2026-03-14 03:32:15.980 edge /api/orders status=200 upstream=B rt_ms=258 bytes=39899
2026-03-14 03:32:16.207 edge /api/orders status=502 upstream=B rt_ms=11 bytes=37971
2026-03-14 03:32:16.247 edge /static/style.css status=200 upstream=B rt_ms=91 bytes=30446
2026-03-14 03:32:16.752 edge / status=200 upstream=B rt_ms=302 bytes=39995
2026-03-14 03:32:17.624 edge /static/style.css status=502 upstream=B rt_ms=166 bytes=6869
2026-03-14 03:32:19.171 edge / status=200 upstream=B rt_ms=360 bytes=38215
2026-03-14 03:32:21.110 edge / status=200 upstream=B rt_ms=348 bytes=37696
2026-03-14 03:32:22.199 edge /static/style.css status=502 upstream=B rt_ms=64 bytes=37110
2026-03-14 03:32:23.899 edge /api/orders status=500 upstream=B rt_ms=165 bytes=7472
2026-03-14 03:32:24.380 edge / status=200 upstream=B rt_ms=398 bytes=16684
2026-03-14 03:32:25.660 edge /healthz status=200 upstream=B rt_ms=355 bytes=3691
2026-03-14 03:32:27.204 edge /static/style.css status=502 upstream=B rt_ms=300 bytes=24984
2026-03-14 03:32:31.071 edge /static/style.css status=200 upstream=B rt_ms=289 bytes=38233
2026-03-14 03:32:31.544 edge /static/style.css status=200 upstream=B rt_ms=41 bytes=7730
2026-03-14 03:32:32.980 edge /healthz status=200 upstream=B rt_ms=146 bytes=17590
2026-03-14 03:32:38.697 edge / status=200 upstream=B rt_ms=205 bytes=13665
2026-03-14 03:32:41.041 edge /api/events status=200 upstream=B rt_ms=250 bytes=25329
2026-03-14 03:32:43.143 edge / status=200 upstream=B rt_ms=210 bytes=39435
2026-03-14 03:32:43.923 edge /api/events status=200 upstream=B rt_ms=234 bytes=26293
2026-03-14 03:32:44.838 edge /api/orders status=200 upstream=B rt_ms=255 bytes=10265
2026-03-14 03:32:46.330 edge /static/style.css status=200 upstream=B rt_ms=188 bytes=35409
2026-03-14 03:32:47.935 edge /healthz status=502 upstream=B rt_ms=13 bytes=25943
2026-03-14 03:32:50.667 edge /static/style.css status=200 upstream=B rt_ms=214 bytes=34541
2026-03-14 03:32:51.991 edge /healthz status=404 upstream=B rt_ms=214 bytes=748
2026-03-14 03:32:53.103 edge / status=200 upstream=B rt_ms=222 bytes=40109
2026-03-14 03:32:53.447 edge /api/events status=502 upstream=B rt_ms=132 bytes=37088
2026-03-14 03:32:53.776 edge /static/style.css status=200 upstream=B rt_ms=87 bytes=25266
2026-03-14 03:32:54.592 edge /healthz status=502 upstream=B rt_ms=297 bytes=38075
2026-03-14 03:32:54.796 edge /healthz status=200 upstream=B rt_ms=180 bytes=8487
2026-03-14 03:32:55.051 edge /api/events status=500 upstream=B rt_ms=61 bytes=29756
2026-03-14 03:32:55.684 edge /api/events status=200 upstream=B rt_ms=370 bytes=11516
2026-03-14 03:32:55.876 edge / status=200 upstream=B rt_ms=322 bytes=25693
2026-03-14 03:32:56.611 edge /api/events status=502 upstream=B rt_ms=353 bytes=33709
2026-03-14 03:32:56.796 edge /static/style.css status=200 upstream=B rt_ms=390 bytes=8720
2026-03-14 03:32:57.426 edge /api/events status=200 upstream=B rt_ms=33 bytes=2557
2026-03-14 03:32:58.038 edge /api/events status=200 upstream=B rt_ms=113 bytes=11289
2026-03-14 03:32:59.170 edge /healthz status=200 upstream=B rt_ms=170 bytes=9354
2026-03-14 03:33:01.223 edge /api/orders status=502 upstream=B rt_ms=135 bytes=13169
2026-03-14 03:33:02.697 edge /healthz status=502 upstream=B rt_ms=361 bytes=4655
2026-03-14 03:33:03.141 edge /api/events status=200 upstream=B rt_ms=200 bytes=33231
2026-03-14 03:33:03.694 edge /healthz status=200 upstream=B rt_ms=359 bytes=10370
2026-03-14 03:33:07.658 edge /api/orders status=200 upstream=B rt_ms=387 bytes=17826
2026-03-14 03:33:07.860 edge /healthz status=200 upstream=B rt_ms=181 bytes=22195
2026-03-14 03:33:07.967 edge /api/events status=200 upstream=B rt_ms=214 bytes=4053
2026-03-14 03:33:08.298 edge /api/orders status=200 upstream=B rt_ms=52 bytes=15457
2026-03-14 03:33:09.275 edge /healthz status=500 upstream=B rt_ms=13 bytes=33723
2026-03-14 03:33:11.155 edge / status=404 upstream=B rt_ms=340 bytes=28887
2026-03-14 03:33:12.389 edge / status=502 upstream=B rt_ms=339 bytes=39800
2026-03-14 03:33:16.050 edge /healthz status=200 upstream=B rt_ms=130 bytes=8856
2026-03-14 03:33:16.086 edge /healthz status=404 upstream=B rt_ms=98 bytes=27782
2026-03-14 03:33:17.461 edge /healthz status=200 upstream=B rt_ms=44 bytes=29976
2026-03-14 03:33:19.157 edge / status=502 upstream=B rt_ms=7 bytes=29381
2026-03-14 03:33:19.543 edge /api/orders status=200 upstream=B rt_ms=226 bytes=24672
2026-03-14 03:33:22.213 edge /healthz status=200 upstream=B rt_ms=315 bytes=11534
2026-03-14 03:33:22.685 edge / status=502 upstream=B rt_ms=31 bytes=11082
2026-03-14 03:33:23.615 edge /static/style.css status=502 upstream=B rt_ms=2 bytes=14464
2026-03-14 03:33:24.216 edge /api/orders status=200 upstream=B rt_ms=54 bytes=37705
2026-03-14 03:33:24.961 edge /api/events status=502 upstream=B rt_ms=272 bytes=11876
2026-03-14 03:33:25.147 edge /static/style.css status=502 upstream=B rt_ms=389 bytes=21925
2026-03-14 03:33:26.860 edge / status=502 upstream=B rt_ms=81 bytes=33128
2026-03-14 03:33:27.212 edge /api/events status=200 upstream=B rt_ms=74 bytes=24885
2026-03-14 03:33:27.683 edge /static/style.css status=200 upstream=B rt_ms=301 bytes=35521
2026-03-14 03:33:28.227 edge /api/orders status=200 upstream=B rt_ms=314 bytes=14439
2026-03-14 03:33:28.454 edge / status=200 upstream=B rt_ms=265 bytes=29300
2026-03-14 03:33:29.451 edge / status=200 upstream=B rt_ms=144 bytes=21285
2026-03-14 03:33:31.705 edge /api/orders status=502 upstream=B rt_ms=75 bytes=14518
2026-03-14 03:33:31.772 edge /api/events status=502 upstream=B rt_ms=204 bytes=40014
2026-03-14 03:33:32.549 edge /api/orders status=200 upstream=B rt_ms=210 bytes=32527
2026-03-14 03:33:32.971 edge /api/events status=200 upstream=B rt_ms=203 bytes=6793
2026-03-14 03:33:35.825 edge /api/events status=200 upstream=B rt_ms=142 bytes=26353
2026-03-14 03:33:37.038 edge / status=502 upstream=B rt_ms=58 bytes=25839
2026-03-14 03:33:37.275 edge /api/orders status=200 upstream=B rt_ms=286 bytes=7444
2026-03-14 03:33:38.874 edge /api/events status=200 upstream=B rt_ms=159 bytes=23512
2026-03-14 03:33:41.698 edge /static/style.css status=502 upstream=B rt_ms=291 bytes=10931
2026-03-14 03:33:43.139 edge / status=200 upstream=B rt_ms=378 bytes=8341
2026-03-14 03:33:43.497 edge /api/events status=200 upstream=B rt_ms=4 bytes=5819
2026-03-14 03:33:44.862 edge /static/style.css status=200 upstream=B rt_ms=96 bytes=10673
2026-03-14 03:33:45.432 edge /api/events status=200 upstream=B rt_ms=297 bytes=29475
2026-03-14 03:33:45.925 edge /static/style.css status=502 upstream=B rt_ms=73 bytes=28297
2026-03-14 03:33:46.276 edge / status=200 upstream=B rt_ms=307 bytes=13330
2026-03-14 03:33:46.463 edge /api/orders status=502 upstream=B rt_ms=128 bytes=8928
2026-03-14 03:33:46.665 edge /static/style.css status=502 upstream=B rt_ms=23 bytes=37221
2026-03-14 03:33:46.937 edge /static/style.css status=200 upstream=B rt_ms=145 bytes=30040
2026-03-14 03:33:47.159 edge / status=200 upstream=B rt_ms=207 bytes=10186
2026-03-14 03:33:47.936 edge /api/events status=502 upstream=B rt_ms=299 bytes=7426
2026-03-14 03:33:48.050 edge /static/style.css status=200 upstream=B rt_ms=322 bytes=14357
2026-03-14 03:33:49.036 edge /healthz status=200 upstream=B rt_ms=216 bytes=30872
2026-03-14 03:33:49.981 edge /healthz status=200 upstream=B rt_ms=192 bytes=22168
2026-03-14 03:33:52.069 edge /healthz status=200 upstream=B rt_ms=98 bytes=24458
2026-03-14 03:33:53.667 edge /api/events status=200 upstream=B rt_ms=71 bytes=29784
2026-03-14 03:33:57.011 edge / status=200 upstream=B rt_ms=215 bytes=26110
2026-03-14 03:33:57.538 edge /api/events status=200 upstream=B rt_ms=72 bytes=25253
2026-03-14 03:33:59.310 edge / status=200 upstream=B rt_ms=305 bytes=7289
2026-03-14 03:33:59.827 edge /api/orders status=502 upstream=B rt_ms=221 bytes=39225
2026-03-14 03:34:01.529 edge /healthz status=502 upstream=B rt_ms=319 bytes=39045
2026-03-14 03:34:02.902 edge /static/style.css status=502 upstream=B rt_ms=230 bytes=39099
2026-03-14 03:34:04.089 edge /static/style.css status=200 upstream=B rt_ms=113 bytes=3112
2026-03-14 03:34:06.236 edge /api/orders status=200 upstream=B rt_ms=216 bytes=13880
2026-03-14 03:34:07.504 edge /healthz status=502 upstream=B rt_ms=325 bytes=24550
2026-03-14 03:34:07.849 edge /static/style.css status=200 upstream=B rt_ms=377 bytes=7615
2026-03-14 03:34:09.210 edge /api/events status=200 upstream=B rt_ms=190 bytes=38330
2026-03-14 03:34:11.529 edge /static/style.css status=200 upstream=B rt_ms=123 bytes=37457
2026-03-14 03:34:12.087 edge /healthz status=200 upstream=B rt_ms=374 bytes=17648
2026-03-14 03:34:13.769 edge /api/orders status=502 upstream=B rt_ms=323 bytes=17365
2026-03-14 03:34:14.958 edge / status=502 upstream=B rt_ms=265 bytes=3004
2026-03-14 03:34:15.152 edge /api/events status=500 upstream=B rt_ms=116 bytes=24406
2026-03-14 03:34:15.274 edge /api/events status=200 upstream=B rt_ms=349 bytes=26754
2026-03-14 03:34:20.539 edge /healthz status=502 upstream=B rt_ms=211 bytes=24882
2026-03-14 03:34:20.905 edge /healthz status=502 upstream=B rt_ms=239 bytes=20272
2026-03-14 03:34:20.951 edge /api/orders status=200 upstream=B rt_ms=110 bytes=8020
2026-03-14 03:34:22.579 edge /api/events status=502 upstream=B rt_ms=19 bytes=24417
2026-03-14 03:34:22.705 edge /api/events status=200 upstream=B rt_ms=215 bytes=38132
2026-03-14 03:34:24.062 edge /static/style.css status=200 upstream=B rt_ms=179 bytes=25841
2026-03-14 03:34:25.768 edge /static/style.css status=502 upstream=B rt_ms=361 bytes=22171
2026-03-14 03:34:25.961 edge / status=200 upstream=B rt_ms=191 bytes=40403
2026-03-14 03:34:26.539 edge / status=502 upstream=B rt_ms=84 bytes=15713
2026-03-14 03:34:27.360 edge / status=200 upstream=B rt_ms=274 bytes=31743
2026-03-14 03:34:28.441 edge /api/orders status=200 upstream=B rt_ms=334 bytes=22103
2026-03-14 03:34:31.745 edge / status=502 upstream=B rt_ms=205 bytes=4724
2026-03-14 03:34:33.478 edge /static/style.css status=502 upstream=B rt_ms=84 bytes=22005
2026-03-14 03:34:39.390 edge /api/events status=502 upstream=B rt_ms=165 bytes=15567
2026-03-14 03:34:39.903 edge /healthz status=502 upstream=B rt_ms=6 bytes=22700
2026-03-14 03:34:39.916 edge /static/style.css status=200 upstream=B rt_ms=297 bytes=25941
2026-03-14 03:34:44.895 edge /api/orders status=200 upstream=B rt_ms=224 bytes=20177
2026-03-14 03:34:46.656 edge /healthz status=502 upstream=B rt_ms=347 bytes=20788
2026-03-14 03:34:47.515 edge /static/style.css status=200 upstream=B rt_ms=270 bytes=27541
2026-03-14 03:34:48.116 edge /api/orders status=502 upstream=B rt_ms=92 bytes=14945
2026-03-14 03:34:48.585 edge /static/style.css status=404 upstream=B rt_ms=78 bytes=38071
2026-03-14 03:34:49.641 edge / status=200 upstream=B rt_ms=22 bytes=4597
2026-03-14 03:34:49.732 edge /api/events status=200 upstream=B rt_ms=359 bytes=33852
2026-03-14 03:34:51.798 edge / status=404 upstream=B rt_ms=118 bytes=3635
2026-03-14 03:34:51.957 edge / status=502 upstream=B rt_ms=47 bytes=32614
2026-03-14 03:34:53.187 edge /api/events status=502 upstream=B rt_ms=383 bytes=1776
2026-03-14 03:34:53.499 edge /healthz status=200 upstream=B rt_ms=92 bytes=35315
2026-03-14 03:34:54.883 edge /healthz status=502 upstream=B rt_ms=326 bytes=3104
2026-03-14 03:34:55.520 edge /api/orders status=200 upstream=B rt_ms=176 bytes=36306
2026-03-14 03:34:55.534 edge /static/style.css status=200 upstream=B rt_ms=52 bytes=25900
2026-03-14 03:34:55.550 edge /static/style.css status=502 upstream=B rt_ms=286 bytes=28649
2026-03-14 03:34:55.969 edge /healthz status=200 upstream=B rt_ms=294 bytes=7052
2026-03-14 03:34:56.584 edge /api/orders status=200 upstream=B rt_ms=298 bytes=35527
2026-03-14 03:34:56.669 edge /static/style.css status=200 upstream=B rt_ms=324 bytes=16308
2026-03-14 03:34:57.399 edge /api/orders status=200 upstream=B rt_ms=124 bytes=19165
2026-03-14 03:34:58.951 edge /static/style.css status=200 upstream=B rt_ms=228 bytes=40246
