2026-03-14 02:00:00.181 runner job=J10068 run=r4143 event=start pid=5143
2026-03-14 02:00:00.181 runner job=J10068 run=r4143 event=finish status=failed exit=2 duration_ms=8345 level=WARN
2026-03-14 02:00:00.204 runner job=J10483 run=r4232 event=start pid=5232
2026-03-14 02:00:00.204 runner job=J10483 run=r4232 event=finish status=ok exit=0 duration_ms=5821 level=INFO
2026-03-14 02:00:00.235 runner job=J10525 run=r4258 event=start pid=5258
2026-03-14 02:00:00.235 runner job=J10525 run=r4258 event=finish status=ok exit=0 duration_ms=215505 level=INFO
2026-03-14 02:00:00.421 runner job=J10325 run=r4224 event=start pid=5224
2026-03-14 02:00:00.421 runner job=J10325 run=r4224 event=finish status=failed exit=1 duration_ms=93717 level=WARN
2026-03-14 02:00:00.470 runner job=J10171 run=r4183 event=start pid=5183
2026-03-14 02:00:00.470 runner job=J10171 run=r4183 event=finish status=ok exit=0 duration_ms=39515 level=INFO
2026-03-14 02:00:00.490 runner job=J10289 run=r4204 event=start pid=5204
2026-03-14 02:00:00.490 runner job=J10289 run=r4204 event=finish status=retry_ok exit=0 duration_ms=30105 level=INFO
2026-03-14 02:00:00.490 runner job=J10289 run=r4204 event=retry attempt=2 note=transient-upstream
2026-03-14 02:00:00.901 runner job=J10663 run=r4264 event=start pid=5264
2026-03-14 02:00:00.901 runner job=J10663 run=r4264 event=finish status=failed exit=2 duration_ms=345648 level=WARN
2026-03-14 02:01:34.782 runner job=J10068 run=r4144 event=start pid=5144
2026-03-14 02:01:34.782 runner job=J10068 run=r4144 event=finish status=ok exit=0 duration_ms=5507 level=INFO
2026-03-14 02:02:52.912 runner job=J10483 run=r4233 event=start pid=5233
2026-03-14 02:02:52.912 runner job=J10483 run=r4233 event=finish status=ok exit=0 duration_ms=2126 level=INFO
2026-03-14 02:03:44.986 runner job=J10068 run=r4145 event=start pid=5145
2026-03-14 02:03:44.986 runner job=J10068 run=r4145 event=finish status=ok exit=0 duration_ms=4532 level=INFO
2026-03-14 02:03:46.189 runner job=J10171 run=r4184 event=start pid=5184
2026-03-14 02:03:46.189 runner job=J10171 run=r4184 event=finish status=ok exit=0 duration_ms=56251 level=INFO
2026-03-14 02:03:50.048 runner job=J10289 run=r4205 event=start pid=5205
2026-03-14 02:03:50.048 runner job=J10289 run=r4205 event=finish status=ok exit=0 duration_ms=36042 level=INFO
2026-03-14 02:05:19.221 runner job=J10068 run=r4146 event=start pid=5146
2026-03-14 02:05:19.221 runner job=J10068 run=r4146 event=finish status=ok exit=0 duration_ms=6148 level=INFO
2026-03-14 02:06:12.003 runner job=J10483 run=r4234 event=start pid=5234
2026-03-14 02:06:12.003 runner job=J10483 run=r4234 event=finish status=ok exit=0 duration_ms=4678 level=INFO
2026-03-14 02:07:32.822 runner job=J10289 run=r4206 event=start pid=5206
2026-03-14 02:07:32.822 runner job=J10289 run=r4206 event=finish status=ok exit=0 duration_ms=70111 level=INFO
2026-03-14 02:07:46.893 runner job=J10068 run=r4147 event=start pid=5147
2026-03-14 02:07:46.893 runner job=J10068 run=r4147 event=finish status=ok exit=0 duration_ms=5206 level=INFO
2026-03-14 02:09:20.860 runner job=J10483 run=r4235 event=start pid=5235
2026-03-14 02:09:20.860 runner job=J10483 run=r4235 event=finish status=ok exit=0 duration_ms=2545 level=INFO
2026-03-14 02:09:33.577 runner job=J10068 run=r4148 event=start pid=5148
2026-03-14 02:09:33.577 runner job=J10068 run=r4148 event=finish status=ok exit=0 duration_ms=8188 level=INFO
2026-03-14 02:11:21.522 runner job=J10289 run=r4207 event=start pid=5207
2026-03-14 02:11:21.522 runner job=J10289 run=r4207 event=finish status=ok exit=0 duration_ms=40030 level=INFO
2026-03-14 02:11:40.688 runner job=J10068 run=r4149 event=start pid=5149
2026-03-14 02:11:40.688 runner job=J10068 run=r4149 event=finish status=ok exit=0 duration_ms=7141 level=INFO
2026-03-14 02:11:47.436 runner job=J10171 run=r4186 event=start pid=5186
2026-03-14 02:11:47.436 runner job=J10171 run=r4186 event=finish status=ok exit=0 duration_ms=82786 level=INFO
2026-03-14 02:12:43.780 runner job=J10483 run=r4236 event=start pid=5236
2026-03-14 02:12:43.780 runner job=J10483 run=r4236 event=finish status=ok exit=0 duration_ms=2502 level=INFO
2026-03-14 02:13:56.298 runner job=J10068 run=r4150 event=start pid=5150
2026-03-14 02:13:56.298 runner job=J10068 run=r4150 event=finish status=ok exit=0 duration_ms=5152 level=INFO
2026-03-14 02:14:49.964 runner job=J10525 run=r4259 event=start pid=5259
2026-03-14 02:14:49.964 runner job=J10525 run=r4259 event=finish status=ok exit=0 duration_ms=186179 level=INFO
2026-03-14 02:14:57.505 runner job=J10289 run=r4208 event=start pid=5208
2026-03-14 02:14:57.505 runner job=J10289 run=r4208 event=finish status=failed exit=2 duration_ms=32175 level=WARN
2026-03-14 02:15:17.763 runner job=J10171 run=r4187 event=start pid=5187
2026-03-14 02:15:17.763 runner job=J10171 run=r4187 event=finish status=ok exit=0 duration_ms=67690 level=INFO
2026-03-14 02:15:20.087 runner job=J10483 run=r4237 event=start pid=5237
2026-03-14 02:15:20.087 runner job=J10483 run=r4237 event=finish status=ok exit=0 duration_ms=2819 level=INFO
2026-03-14 02:16:08.484 runner job=J10068 run=r4151 event=start pid=5151
2026-03-14 02:16:08.484 runner job=J10068 run=r4151 event=finish status=retry_ok exit=0 duration_ms=5149 level=INFO
2026-03-14 02:16:08.484 runner job=J10068 run=r4151 event=retry attempt=2 note=transient-upstream
2026-03-14 02:18:13.463 runner job=J10068 run=r4152 event=start pid=5152
2026-03-14 02:18:13.463 runner job=J10068 run=r4152 event=finish status=ok exit=0 duration_ms=4069 level=INFO
2026-03-14 02:18:40.132 runner job=J10483 run=r4238 event=start pid=5238
2026-03-14 02:18:40.132 runner job=J10483 run=r4238 event=finish status=ok exit=0 duration_ms=3891 level=INFO
2026-03-14 02:19:17.270 runner job=J10289 run=r4209 event=start pid=5209
2026-03-14 02:19:17.270 runner job=J10289 run=r4209 event=finish status=ok exit=0 duration_ms=32864 level=INFO
2026-03-14 02:19:34.517 runner job=J10171 run=r4188 event=start pid=5188
2026-03-14 02:19:34.517 runner job=J10171 run=r4188 event=finish status=ok exit=0 duration_ms=62527 level=INFO
2026-03-14 02:20:18.672 runner job=J10663 run=r4265 event=start pid=5265
2026-03-14 02:20:18.672 runner job=J10663 run=r4265 event=finish status=ok exit=0 duration_ms=367262 level=INFO
2026-03-14 02:20:24.530 runner job=J10325 run=r4226 event=start pid=5226
2026-03-14 02:20:24.530 runner job=J10325 run=r4226 event=finish status=ok exit=0 duration_ms=128362 level=INFO
2026-03-14 02:20:31.234 runner job=J10068 run=r4153 event=start pid=5153
2026-03-14 02:20:31.234 runner job=J10068 run=r4153 event=finish status=ok exit=0 duration_ms=4008 level=INFO
2026-03-14 02:21:55.933 runner job=J10483 run=r4239 event=start pid=5239
2026-03-14 02:21:55.933 runner job=J10483 run=r4239 event=finish status=ok exit=0 duration_ms=2474 level=INFO
2026-03-14 02:22:01.122 runner job=J10068 run=r4154 event=start pid=5154
2026-03-14 02:22:01.122 runner job=J10068 run=r4154 event=finish status=ok exit=0 duration_ms=7427 level=INFO
2026-03-14 02:23:02.897 runner job=J10289 run=r4210 event=start pid=5210
2026-03-14 02:23:02.897 runner job=J10289 run=r4210 event=finish status=ok exit=0 duration_ms=54511 level=INFO
2026-03-14 02:23:27.116 runner job=J10171 run=r4189 event=start pid=5189
2026-03-14 02:23:27.116 runner job=J10171 run=r4189 event=finish status=ok exit=0 duration_ms=77349 level=INFO
2026-03-14 02:23:52.667 runner job=J10068 run=r4155 event=start pid=5155
2026-03-14 02:23:52.667 runner job=J10068 run=r4155 event=finish status=ok exit=0 duration_ms=4793 level=INFO
2026-03-14 02:25:05.543 runner job=J10483 run=r4240 event=start pid=5240
2026-03-14 02:25:05.543 runner job=J10483 run=r4240 event=finish status=ok exit=0 duration_ms=4437 level=INFO
2026-03-14 02:25:34.162 runner job=J10068 run=r4156 event=start pid=5156
2026-03-14 02:25:34.162 runner job=J10068 run=r4156 event=finish status=retry_ok exit=0 duration_ms=4477 level=INFO
2026-03-14 02:25:34.162 runner job=J10068 run=r4156 event=retry attempt=2 note=transient-upstream
2026-03-14 02:26:33.266 runner job=J10289 run=r4211 event=start pid=5211
2026-03-14 02:26:33.266 runner job=J10289 run=r4211 event=finish status=retry_ok exit=0 duration_ms=52346 level=INFO
2026-03-14 02:26:33.266 runner job=J10289 run=r4211 event=retry attempt=2 note=transient-upstream
2026-03-14 02:27:21.045 runner job=J10068 run=r4157 event=start pid=5157
2026-03-14 02:27:21.045 runner job=J10068 run=r4157 event=finish status=ok exit=0 duration_ms=4292 level=INFO
2026-03-14 02:27:42.143 runner job=J10171 run=r4190 event=start pid=5190
2026-03-14 02:27:42.143 runner job=J10171 run=r4190 event=finish status=ok exit=0 duration_ms=78202 level=INFO
2026-03-14 02:28:12.621 runner job=J10483 run=r4241 event=start pid=5241
2026-03-14 02:28:12.621 runner job=J10483 run=r4241 event=finish status=ok exit=0 duration_ms=5686 level=INFO
2026-03-14 02:29:10.159 runner job=J10068 run=r4158 event=start pid=5158
2026-03-14 02:29:10.159 runner job=J10068 run=r4158 event=finish status=ok exit=0 duration_ms=7577 level=INFO
2026-03-14 02:29:59.003 runner job=J10325 run=r4227 event=start pid=5227
2026-03-14 02:29:59.003 runner job=J10325 run=r4227 event=finish status=retry_ok exit=0 duration_ms=118291 level=INFO
2026-03-14 02:29:59.003 runner job=J10325 run=r4227 event=retry attempt=2 note=transient-upstream
2026-03-14 02:30:01.070 runner job=J10525 run=r4260 event=start pid=5260
2026-03-14 02:30:01.070 runner job=J10525 run=r4260 event=finish status=ok exit=0 duration_ms=204032 level=INFO
2026-03-14 02:30:26.245 runner job=J10289 run=r4212 event=start pid=5212
2026-03-14 02:30:26.245 runner job=J10289 run=r4212 event=finish status=ok exit=0 duration_ms=51288 level=INFO
2026-03-14 02:31:04.460 runner job=J10483 run=r4242 event=start pid=5242
2026-03-14 02:31:04.460 runner job=J10483 run=r4242 event=finish status=ok exit=0 duration_ms=2919 level=INFO
2026-03-14 02:31:23.982 runner job=J10171 run=r4191 event=start pid=5191
2026-03-14 02:31:23.982 runner job=J10171 run=r4191 event=finish status=ok exit=0 duration_ms=42025 level=INFO
2026-03-14 02:31:37.167 runner job=J10068 run=r4159 event=start pid=5159
2026-03-14 02:31:37.167 runner job=J10068 run=r4159 event=finish status=ok exit=0 duration_ms=6535 level=INFO
2026-03-14 02:33:41.974 runner job=J10068 run=r4160 event=start pid=5160
2026-03-14 02:33:41.974 runner job=J10068 run=r4160 event=finish status=failed exit=2 duration_ms=6142 level=WARN
2026-03-14 02:34:31.345 runner job=J10483 run=r4243 event=start pid=5243
2026-03-14 02:34:31.345 runner job=J10483 run=r4243 event=finish status=ok exit=0 duration_ms=4036 level=INFO
2026-03-14 02:34:44.662 runner job=J10289 run=r4213 event=start pid=5213
2026-03-14 02:34:44.662 runner job=J10289 run=r4213 event=finish status=ok exit=0 duration_ms=53430 level=INFO
2026-03-14 02:34:57.055 runner job=J10171 run=r4192 event=start pid=5192
2026-03-14 02:34:57.055 runner job=J10171 run=r4192 event=finish status=ok exit=0 duration_ms=34477 level=INFO
2026-03-14 02:35:14.573 runner job=J10068 run=r4161 event=start pid=5161
2026-03-14 02:35:14.573 runner job=J10068 run=r4161 event=finish status=ok exit=0 duration_ms=7573 level=INFO
2026-03-14 02:37:23.668 runner job=J10068 run=r4162 event=start pid=5162
2026-03-14 02:37:23.668 runner job=J10068 run=r4162 event=finish status=ok exit=0 duration_ms=6005 level=INFO
2026-03-14 02:37:24.104 runner job=J10483 run=r4244 event=start pid=5244
2026-03-14 02:37:24.104 runner job=J10483 run=r4244 event=finish status=failed exit=2 duration_ms=3292 level=WARN
2026-03-14 02:38:37.581 runner job=J10171 run=r4193 event=start pid=5193
2026-03-14 02:38:37.581 runner job=J10171 run=r4193 event=finish status=ok exit=0 duration_ms=71250 level=INFO
2026-03-14 02:38:44.081 runner job=J10289 run=r4214 event=start pid=5214
2026-03-14 02:38:44.081 runner job=J10289 run=r4214 event=finish status=ok exit=0 duration_ms=66669 level=INFO
2026-03-14 02:39:14.640 runner job=J10068 run=r4163 event=start pid=5163
2026-03-14 02:39:14.640 runner job=J10068 run=r4163 event=finish status=ok exit=0 duration_ms=6317 level=INFO
2026-03-14 02:39:54.297 runner job=J10325 run=r4228 event=start pid=5228
2026-03-14 02:39:54.297 runner job=J10325 run=r4228 event=finish status=retry_ok exit=0 duration_ms=102148 level=INFO
2026-03-14 02:39:54.297 runner job=J10325 run=r4228 event=retry attempt=2 note=transient-upstream
2026-03-14 02:40:05.131 runner job=J10483 run=r4245 event=start pid=5245
2026-03-14 02:40:05.131 runner job=J10483 run=r4245 event=finish status=ok exit=0 duration_ms=2685 level=INFO
2026-03-14 02:40:08.990 runner job=J10663 run=r4266 event=start pid=5266
2026-03-14 02:40:08.990 runner job=J10663 run=r4266 event=finish status=ok exit=0 duration_ms=331039 level=INFO
2026-03-14 02:41:33.778 runner job=J10068 run=r4164 event=start pid=5164
2026-03-14 02:41:33.778 runner job=J10068 run=r4164 event=finish status=ok exit=0 duration_ms=8464 level=INFO
2026-03-14 02:42:30.829 runner job=J10171 run=r4194 event=start pid=5194
2026-03-14 02:42:30.829 runner job=J10171 run=r4194 event=finish status=ok exit=0 duration_ms=51959 level=INFO
2026-03-14 02:42:59.143 runner job=J10289 run=r4215 event=start pid=5215
2026-03-14 02:42:59.143 runner job=J10289 run=r4215 event=finish status=ok exit=0 duration_ms=33016 level=INFO
2026-03-14 02:43:04.915 runner job=J10483 run=r4246 event=start pid=5246
2026-03-14 02:43:04.915 runner job=J10483 run=r4246 event=finish status=ok exit=0 duration_ms=3044 level=INFO
2026-03-14 02:43:23.481 runner job=J10068 run=r4165 event=start pid=5165
2026-03-14 02:43:23.481 runner job=J10068 run=r4165 event=finish status=ok exit=0 duration_ms=5543 level=INFO
2026-03-14 02:44:39.190 runner job=J10525 run=r4261 event=start pid=5261
2026-03-14 02:44:39.190 runner job=J10525 run=r4261 event=finish status=ok exit=0 duration_ms=191570 level=INFO
2026-03-14 02:45:50.315 runner job=J10483 run=r4247 event=start pid=5247
2026-03-14 02:45:50.315 runner job=J10483 run=r4247 event=finish status=ok exit=0 duration_ms=4842 level=INFO
2026-03-14 02:45:51.810 runner job=J10068 run=r4166 event=start pid=5166
2026-03-14 02:45:51.810 runner job=J10068 run=r4166 event=finish status=ok exit=0 duration_ms=7447 level=INFO
2026-03-14 02:46:28.245 runner job=J10171 run=r4195 event=start pid=5195
2026-03-14 02:46:28.245 runner job=J10171 run=r4195 event=finish status=ok exit=0 duration_ms=34620 level=INFO
2026-03-14 02:47:28.219 runner job=J10289 run=r4216 event=start pid=5216
2026-03-14 02:47:28.219 runner job=J10289 run=r4216 event=finish status=ok exit=0 duration_ms=43409 level=INFO
2026-03-14 02:47:49.879 runner job=J10068 run=r4167 event=start pid=5167
2026-03-14 02:47:49.879 runner job=J10068 run=r4167 event=finish status=ok exit=0 duration_ms=7666 level=INFO
2026-03-14 02:48:28.847 runner job=J10483 run=r4248 event=start pid=5248
2026-03-14 02:48:28.847 runner job=J10483 run=r4248 event=finish status=ok exit=0 duration_ms=2027 level=INFO
2026-03-14 02:50:13.986 runner job=J10325 run=r4229 event=start pid=5229
2026-03-14 02:50:13.986 runner job=J10325 run=r4229 event=finish status=ok exit=0 duration_ms=66657 level=INFO
2026-03-14 02:50:17.787 runner job=J10068 run=r4168 event=start pid=5168
2026-03-14 02:50:17.787 runner job=J10068 run=r4168 event=finish status=ok exit=0 duration_ms=5176 level=INFO
2026-03-14 02:50:25.759 runner job=J10171 run=r4196 event=start pid=5196
2026-03-14 02:50:25.759 runner job=J10171 run=r4196 event=finish status=ok exit=0 duration_ms=75491 level=INFO
2026-03-14 02:51:28.424 runner job=J10289 run=r4217 event=start pid=5217
2026-03-14 02:51:28.424 runner job=J10289 run=r4217 event=finish status=ok exit=0 duration_ms=31597 level=INFO
2026-03-14 02:51:53.649 runner job=J10483 run=r4249 event=start pid=5249
2026-03-14 02:51:53.649 runner job=J10483 run=r4249 event=finish status=ok exit=0 duration_ms=5651 level=INFO
2026-03-14 02:52:01.890 runner job=J10068 run=r4169 event=start pid=5169
2026-03-14 02:52:01.890 runner job=J10068 run=r4169 event=finish status=ok exit=0 duration_ms=4439 level=INFO
2026-03-14 02:52:30.913 runner job=J10171 run=r4268 event=start pid=5268
2026-03-14 02:52:30.913 runner job=J10171 run=r4268 event=finish status=oom_killed exit=137 duration_ms=82951 level=ERROR
2026-03-14 02:53:55.564 runner job=J10068 run=r4170 event=start pid=5170
2026-03-14 02:53:55.564 runner job=J10068 run=r4170 event=finish status=ok exit=0 duration_ms=8698 level=INFO
2026-03-14 02:54:15.835 runner job=J10171 run=r4197 event=start pid=5197
2026-03-14 02:54:15.835 runner job=J10171 run=r4197 event=finish status=ok exit=0 duration_ms=55356 level=INFO
2026-03-14 02:55:08.046 runner job=J10483 run=r4250 event=start pid=5250
2026-03-14 02:55:08.046 runner job=J10483 run=r4250 event=finish status=ok exit=0 duration_ms=4860 level=INFO
2026-03-14 02:55:37.913 runner job=J10289 run=r4218 event=start pid=5218
2026-03-14 02:55:37.913 runner job=J10289 run=r4218 event=finish status=ok exit=0 duration_ms=25411 level=INFO
2026-03-14 02:55:50.159 runner job=J10068 run=r4171 event=start pid=5171
2026-03-14 02:55:50.159 runner job=J10068 run=r4171 event=finish status=ok exit=0 duration_ms=6064 level=INFO
2026-03-14 02:56:30.485 runner job=J10171 run=r4269 event=start pid=5269
2026-03-14 02:56:30.485 runner job=J10171 run=r4269 event=finish status=oom_killed exit=137 duration_ms=40595 level=ERROR
2026-03-14 02:58:00.991 runner job=J10171 run=r4198 event=start pid=5198
2026-03-14 02:58:00.991 runner job=J10171 run=r4198 event=finish status=ok exit=0 duration_ms=88089 level=INFO
2026-03-14 02:58:04.378 runner job=J10483 run=r4251 event=start pid=5251
2026-03-14 02:58:04.378 runner job=J10483 run=r4251 event=finish status=ok exit=0 duration_ms=2414 level=INFO
2026-03-14 02:58:12.365 runner job=J10068 run=r4172 event=start pid=5172
2026-03-14 02:58:12.365 runner job=J10068 run=r4172 event=finish status=ok exit=0 duration_ms=4129 level=INFO
2026-03-14 02:59:25.898 runner job=J10289 run=r4219 event=start pid=5219
2026-03-14 02:59:25.898 runner job=J10289 run=r4219 event=finish status=ok exit=0 duration_ms=43205 level=INFO
2026-03-14 02:59:29.954 runner job=J10525 run=r4262 event=start pid=5262
2026-03-14 02:59:29.954 runner job=J10525 run=r4262 event=finish status=retry_ok exit=0 duration_ms=299052 level=INFO
2026-03-14 02:59:29.954 runner job=J10525 run=r4262 event=retry attempt=2 note=transient-upstream
2026-03-14 03:00:00.867 runner job=J10068 run=r4173 event=start pid=5173
2026-03-14 03:00:00.867 runner job=J10068 run=r4173 event=finish status=ok exit=0 duration_ms=4716 level=INFO
2026-03-14 03:00:13.550 runner job=J10663 run=r4267 event=start pid=5267
2026-03-14 03:00:13.550 runner job=J10663 run=r4267 event=finish status=ok exit=0 duration_ms=326673 level=INFO
2026-03-14 03:00:36.104 runner job=J10325 run=r4230 event=start pid=5230
2026-03-14 03:00:36.104 runner job=J10325 run=r4230 event=finish status=ok exit=0 duration_ms=139869 level=INFO
2026-03-14 03:00:40.736 runner job=J10483 run=r4252 event=start pid=5252
2026-03-14 03:00:40.736 runner job=J10483 run=r4252 event=finish status=ok exit=0 duration_ms=2842 level=INFO
2026-03-14 03:02:01.530 runner job=J10171 run=r4199 event=start pid=5199
2026-03-14 03:02:01.530 runner job=J10171 run=r4199 event=finish status=oom_killed exit=137 duration_ms=47440 level=ERROR
2026-03-14 03:02:23.416 runner job=J10068 run=r4174 event=start pid=5174
2026-03-14 03:02:23.416 runner job=J10068 run=r4174 event=finish status=ok exit=0 duration_ms=6543 level=INFO
2026-03-14 03:03:51.861 runner job=J10289 run=r4220 event=start pid=5220
2026-03-14 03:03:51.861 runner job=J10289 run=r4220 event=finish status=ok exit=0 duration_ms=27978 level=INFO
2026-03-14 03:04:06.926 runner job=J10068 run=r4175 event=start pid=5175
2026-03-14 03:04:06.926 runner job=J10068 run=r4175 event=finish status=ok exit=0 duration_ms=6569 level=INFO
2026-03-14 03:04:10.609 runner job=J10483 run=r4253 event=start pid=5253
2026-03-14 03:04:10.609 runner job=J10483 run=r4253 event=finish status=ok exit=0 duration_ms=5908 level=INFO
2026-03-14 03:05:45.875 runner job=J10068 run=r4176 event=start pid=5176
2026-03-14 03:05:45.875 runner job=J10068 run=r4176 event=finish status=ok exit=0 duration_ms=5889 level=INFO
2026-03-14 03:06:20.207 runner job=J10171 run=r4200 event=start pid=5200
2026-03-14 03:06:20.207 runner job=J10171 run=r4200 event=finish status=ok exit=0 duration_ms=43365 level=INFO
2026-03-14 03:06:42.321 runner job=J10483 run=r4254 event=start pid=5254
2026-03-14 03:06:42.321 runner job=J10483 run=r4254 event=finish status=ok exit=0 duration_ms=3056 level=INFO
2026-03-14 03:07:23.416 runner job=J10068 run=r4177 event=start pid=5177
2026-03-14 03:07:23.416 runner job=J10068 run=r4177 event=finish status=failed exit=1 duration_ms=5452 level=WARN
2026-03-14 03:07:46.017 runner job=J10289 run=r4221 event=start pid=5221
2026-03-14 03:07:46.017 runner job=J10289 run=r4221 event=finish status=ok exit=0 duration_ms=27236 level=INFO
2026-03-14 03:09:48.636 runner job=J10483 run=r4255 event=start pid=5255
2026-03-14 03:09:48.636 runner job=J10483 run=r4255 event=finish status=ok exit=0 duration_ms=3060 level=INFO
2026-03-14 03:10:28.558 runner job=J10171 run=r4201 event=start pid=5201
2026-03-14 03:10:28.558 runner job=J10171 run=r4201 event=finish status=ok exit=0 duration_ms=77240 level=INFO
2026-03-14 03:10:50.394 runner job=J10325 run=r4231 event=start pid=5231
2026-03-14 03:10:50.394 runner job=J10325 run=r4231 event=finish status=retry_ok exit=0 duration_ms=70520 level=INFO
2026-03-14 03:10:50.394 runner job=J10325 run=r4231 event=retry attempt=2 note=transient-upstream
2026-03-14 03:11:13.292 runner job=J10068 run=r4179 event=start pid=5179
2026-03-14 03:11:13.292 runner job=J10068 run=r4179 event=finish status=ok exit=0 duration_ms=8556 level=INFO
2026-03-14 03:12:13.851 runner job=J10289 run=r4222 event=start pid=5222
2026-03-14 03:12:13.851 runner job=J10289 run=r4222 event=finish status=ok exit=0 duration_ms=56952 level=INFO
2026-03-14 03:12:57.073 runner job=J10483 run=r4256 event=start pid=5256
2026-03-14 03:12:57.073 runner job=J10483 run=r4256 event=finish status=ok exit=0 duration_ms=4084 level=INFO
2026-03-14 03:13:40.075 runner job=J10068 run=r4180 event=start pid=5180
2026-03-14 03:13:40.075 runner job=J10068 run=r4180 event=finish status=ok exit=0 duration_ms=8772 level=INFO
2026-03-14 03:14:10.294 runner job=J10171 run=r4202 event=start pid=5202
2026-03-14 03:14:10.294 runner job=J10171 run=r4202 event=finish status=ok exit=0 duration_ms=84298 level=INFO
2026-03-14 03:14:28.739 runner job=J10525 run=r4263 event=start pid=5263
2026-03-14 03:14:28.739 runner job=J10525 run=r4263 event=finish status=ok exit=0 duration_ms=157794 level=INFO
2026-03-14 03:15:56.300 runner job=J10483 run=r4257 event=start pid=5257
2026-03-14 03:15:56.300 runner job=J10483 run=r4257 event=finish status=ok exit=0 duration_ms=3031 level=INFO
2026-03-14 03:16:05.812 runner job=J10068 run=r4181 event=start pid=5181
2026-03-14 03:16:05.812 runner job=J10068 run=r4181 event=finish status=ok exit=0 duration_ms=5854 level=INFO
2026-03-14 03:16:22.985 runner job=J10289 run=r4223 event=start pid=5223
2026-03-14 03:16:22.985 runner job=J10289 run=r4223 event=finish status=ok exit=0 duration_ms=44088 level=INFO
2026-03-14 03:17:57.867 runner job=J10171 run=r4203 event=start pid=5203
2026-03-14 03:17:57.867 runner job=J10171 run=r4203 event=finish status=ok exit=0 duration_ms=74084 level=INFO
2026-03-14 03:18:04.256 runner job=J10068 run=r4182 event=start pid=5182
2026-03-14 03:18:04.256 runner job=J10068 run=r4182 event=finish status=ok exit=0 duration_ms=7739 level=INFO
2026-03-14 02:14:49.594 runner heartbeat queue_depth=4 workers_busy=2 level=DEBUG
2026-03-14 02:02:59.211 runner heartbeat queue_depth=8 workers_busy=0 level=DEBUG
2026-03-14 02:04:45.020 runner heartbeat queue_depth=0 workers_busy=2 level=DEBUG
2026-03-14 02:01:04.471 runner heartbeat queue_depth=3 workers_busy=3 level=DEBUG
2026-03-14 02:48:52.633 runner heartbeat queue_depth=0 workers_busy=0 level=DEBUG
2026-03-14 02:05:28.795 runner heartbeat queue_depth=2 workers_busy=1 level=DEBUG
2026-03-14 02:12:37.887 runner heartbeat queue_depth=4 workers_busy=0 level=DEBUG
2026-03-14 03:06:07.394 runner heartbeat queue_depth=8 workers_busy=2 level=DEBUG
2026-03-14 02:33:07.824 runner heartbeat queue_depth=8 workers_busy=3 level=DEBUG
2026-03-14 02:44:02.028 runner heartbeat queue_depth=0 workers_busy=2 level=DEBUG
2026-03-14 02:25:38.392 runner heartbeat queue_depth=2 workers_busy=0 level=DEBUG
2026-03-14 03:09:09.212 runner heartbeat queue_depth=3 workers_busy=1 level=DEBUG
2026-03-14 03:18:16.092 runner heartbeat queue_depth=1 workers_busy=2 level=DEBUG
2026-03-14 02:39:09.147 runner heartbeat queue_depth=0 workers_busy=2 level=DEBUG
2026-03-14 02:35:10.999 runner heartbeat queue_depth=3 workers_busy=0 level=DEBUG
2026-03-14 02:32:14.120 runner heartbeat queue_depth=4 workers_busy=2 level=DEBUG
2026-03-14 03:07:48.685 runner heartbeat queue_depth=6 workers_busy=0 level=DEBUG
2026-03-14 03:12:00.127 runner heartbeat queue_depth=5 workers_busy=2 level=DEBUG
2026-03-14 02:26:20.884 runner heartbeat queue_depth=4 workers_busy=2 level=DEBUG
2026-03-14 03:16:17.674 runner heartbeat queue_depth=5 workers_busy=1 level=DEBUG
2026-03-14 02:11:34.820 runner heartbeat queue_depth=3 workers_busy=0 level=DEBUG
2026-03-14 03:09:34.881 runner heartbeat queue_depth=3 workers_busy=2 level=DEBUG
2026-03-14 03:17:46.237 runner heartbeat queue_depth=4 workers_busy=0 level=DEBUG
2026-03-14 02:50:14.120 runner heartbeat queue_depth=7 workers_busy=3 level=DEBUG
2026-03-14 02:01:14.353 runner heartbeat queue_depth=5 workers_busy=1 level=DEBUG
2026-03-14 02:00:57.219 runner heartbeat queue_depth=8 workers_busy=2 level=DEBUG
2026-03-14 02:05:16.338 runner heartbeat queue_depth=1 workers_busy=3 level=DEBUG
2026-03-14 02:07:09.676 runner heartbeat queue_depth=5 workers_busy=1 level=DEBUG
2026-03-14 02:55:28.172 runner heartbeat queue_depth=4 workers_busy=0 level=DEBUG
2026-03-14 02:56:01.763 runner heartbeat queue_depth=0 workers_busy=1 level=DEBUG
2026-03-14 02:10:01.470 runner heartbeat queue_depth=0 workers_busy=3 level=DEBUG
2026-03-14 02:40:16.917 runner heartbeat queue_depth=7 workers_busy=2 level=DEBUG
2026-03-14 02:46:21.110 runner heartbeat queue_depth=1 workers_busy=1 level=DEBUG
2026-03-14 02:54:18.229 runner heartbeat queue_depth=6 workers_busy=1 level=DEBUG
2026-03-14 03:16:38.500 runner heartbeat queue_depth=2 workers_busy=2 level=DEBUG
2026-03-14 02:03:25.266 runner heartbeat queue_depth=1 workers_busy=2 level=DEBUG
2026-03-14 02:25:47.514 runner heartbeat queue_depth=6 workers_busy=2 level=DEBUG
2026-03-14 02:17:08.743 runner heartbeat queue_depth=3 workers_busy=2 level=DEBUG
2026-03-14 03:10:55.239 runner heartbeat queue_depth=1 workers_busy=0 level=DEBUG
2026-03-14 03:10:45.295 runner heartbeat queue_depth=0 workers_busy=2 level=DEBUG
2026-03-14 02:33:31.137 runner heartbeat queue_depth=4 workers_busy=2 level=DEBUG
2026-03-14 02:36:04.758 runner heartbeat queue_depth=6 workers_busy=2 level=DEBUG
2026-03-14 02:19:31.490 runner heartbeat queue_depth=8 workers_busy=0 level=DEBUG
2026-03-14 03:10:35.208 runner heartbeat queue_depth=5 workers_busy=0 level=DEBUG
2026-03-14 02:33:22.345 runner heartbeat queue_depth=5 workers_busy=0 level=DEBUG
2026-03-14 02:01:12.560 runner heartbeat queue_depth=4 workers_busy=3 level=DEBUG
2026-03-14 02:04:11.961 runner heartbeat queue_depth=0 workers_busy=1 level=DEBUG
2026-03-14 03:02:27.450 runner heartbeat queue_depth=1 workers_busy=1 level=DEBUG
2026-03-14 02:34:49.534 runner heartbeat queue_depth=8 workers_busy=2 level=DEBUG
2026-03-14 02:08:50.820 runner heartbeat queue_depth=1 workers_busy=1 level=DEBUG
2026-03-14 02:46:53.812 runner heartbeat queue_depth=8 workers_busy=2 level=DEBUG
2026-03-14 02:21:49.389 runner heartbeat queue_depth=0 workers_busy=3 level=DEBUG
2026-03-14 02:44:39.514 runner heartbeat queue_depth=3 workers_busy=1 level=DEBUG
2026-03-14 02:10:46.367 runner heartbeat queue_depth=4 workers_busy=2 level=DEBUG
2026-03-14 02:55:57.643 runner heartbeat queue_depth=4 workers_busy=0 level=DEBUG
2026-03-14 03:05:30.871 runner heartbeat queue_depth=3 workers_busy=1 level=DEBUG
2026-03-14 02:08:18.187 runner heartbeat queue_depth=5 workers_busy=1 level=DEBUG
2026-03-14 02:13:00.818 runner heartbeat queue_depth=8 workers_busy=1 level=DEBUG
2026-03-14 03:10:29.274 runner heartbeat queue_depth=0 workers_busy=0 level=DEBUG
2026-03-14 02:30:30.642 runner heartbeat queue_depth=1 workers_busy=0 level=DEBUG
2026-03-14 02:16:29.538 runner heartbeat queue_depth=4 workers_busy=2 level=DEBUG
2026-03-14 02:33:03.634 runner heartbeat queue_depth=5 workers_busy=1 level=DEBUG
2026-03-14 02:40:24.484 runner heartbeat queue_depth=2 workers_busy=0 level=DEBUG
2026-03-14 02:39:45.743 runner heartbeat queue_depth=1 workers_busy=2 level=DEBUG
2026-03-14 02:34:49.304 runner heartbeat queue_depth=2 workers_busy=0 level=DEBUG
2026-03-14 02:02:38.285 runner heartbeat queue_depth=3 workers_busy=1 level=DEBUG
2026-03-14 03:08:03.269 runner heartbeat queue_depth=3 workers_busy=0 level=DEBUG
2026-03-14 02:05:18.207 runner heartbeat queue_depth=1 workers_busy=0 level=DEBUG
2026-03-14 02:42:24.477 runner heartbeat queue_depth=1 workers_busy=1 level=DEBUG
2026-03-14 02:17:06.978 runner heartbeat queue_depth=6 workers_busy=1 level=DEBUG
2026-03-14 02:52:49.943 runner heartbeat queue_depth=7 workers_busy=2 level=DEBUG
2026-03-14 02:17:44.300 runner heartbeat queue_depth=0 workers_busy=1 level=DEBUG
2026-03-14 02:39:21.090 runner heartbeat queue_depth=5 workers_busy=0 level=DEBUG
2026-03-14 02:19:02.725 runner heartbeat queue_depth=5 workers_busy=2 level=DEBUG
2026-03-14 02:26:11.462 runner heartbeat queue_depth=5 workers_busy=2 level=DEBUG
2026-03-14 03:02:34.070 runner heartbeat queue_depth=6 workers_busy=0 level=DEBUG
2026-03-14 02:44:07.954 runner heartbeat queue_depth=5 workers_busy=0 level=DEBUG
2026-03-14 02:15:38.533 runner heartbeat queue_depth=0 workers_busy=1 level=DEBUG
2026-03-14 02:42:00.585 runner heartbeat queue_depth=7 workers_busy=2 level=DEBUG
2026-03-14 03:13:43.519 runner heartbeat queue_depth=0 workers_busy=3 level=DEBUG
2026-03-14 02:57:41.851 runner heartbeat queue_depth=5 workers_busy=3 level=DEBUG
2026-03-14 02:11:37.616 runner heartbeat queue_depth=5 workers_busy=1 level=DEBUG
2026-03-14 02:14:19.436 runner heartbeat queue_depth=1 workers_busy=2 level=DEBUG
2026-03-14 02:57:05.840 runner heartbeat queue_depth=5 workers_busy=1 level=DEBUG
2026-03-14 02:53:33.734 runner heartbeat queue_depth=0 workers_busy=2 level=DEBUG
2026-03-14 02:44:10.110 runner heartbeat queue_depth=8 workers_busy=0 level=DEBUG
2026-03-14 02:19:03.231 runner heartbeat queue_depth=4 workers_busy=1 level=DEBUG
2026-03-14 02:06:26.477 runner heartbeat queue_depth=5 workers_busy=2 level=DEBUG
2026-03-14 03:00:33.493 runner heartbeat queue_depth=3 workers_busy=3 level=DEBUG
2026-03-14 02:11:16.714 runner heartbeat queue_depth=3 workers_busy=1 level=DEBUG
2026-03-14 03:01:15.944 runner heartbeat queue_depth=0 workers_busy=2 level=DEBUG
2026-03-14 02:15:17.241 runner heartbeat queue_depth=1 workers_busy=3 level=DEBUG
2026-03-14 03:10:55.921 runner heartbeat queue_depth=4 workers_busy=1 level=DEBUG
2026-03-14 02:02:36.796 runner heartbeat queue_depth=4 workers_busy=3 level=DEBUG
2026-03-14 02:38:14.229 runner heartbeat queue_depth=8 workers_busy=0 level=DEBUG
2026-03-14 02:52:56.582 runner heartbeat queue_depth=7 workers_busy=3 level=DEBUG
2026-03-14 03:17:47.857 runner heartbeat queue_depth=1 workers_busy=3 level=DEBUG
2026-03-14 03:06:09.005 runner heartbeat queue_depth=2 workers_busy=3 level=DEBUG
2026-03-14 02:53:23.582 runner heartbeat queue_depth=2 workers_busy=0 level=DEBUG
2026-03-14 02:48:13.993 runner heartbeat queue_depth=0 workers_busy=1 level=DEBUG
2026-03-14 02:24:39.033 runner heartbeat queue_depth=4 workers_busy=1 level=DEBUG
2026-03-14 03:08:39.078 runner heartbeat queue_depth=5 workers_busy=0 level=DEBUG
2026-03-14 02:32:37.279 runner heartbeat queue_depth=6 workers_busy=1 level=DEBUG
2026-03-14 02:54:49.414 runner heartbeat queue_depth=5 workers_busy=2 level=DEBUG
2026-03-14 02:03:07.731 runner heartbeat queue_depth=4 workers_busy=0 level=DEBUG
2026-03-14 02:01:44.422 runner heartbeat queue_depth=4 workers_busy=0 level=DEBUG
2026-03-14 02:25:02.225 runner heartbeat queue_depth=3 workers_busy=3 level=DEBUG
2026-03-14 03:05:43.502 runner heartbeat queue_depth=6 workers_busy=2 level=DEBUG
2026-03-14 02:45:53.634 runner heartbeat queue_depth=0 workers_busy=1 level=DEBUG
2026-03-14 03:18:31.918 runner heartbeat queue_depth=5 workers_busy=1 level=DEBUG
2026-03-14 02:41:09.246 runner heartbeat queue_depth=8 workers_busy=3 level=DEBUG
2026-03-14 02:24:52.120 runner heartbeat queue_depth=8 workers_busy=3 level=DEBUG
2026-03-14 02:22:17.194 runner heartbeat queue_depth=8 workers_busy=3 level=DEBUG
2026-03-14 02:00:24.310 runner heartbeat queue_depth=1 workers_busy=2 level=DEBUG
2026-03-14 02:44:23.102 runner heartbeat queue_depth=0 workers_busy=1 level=DEBUG
2026-03-14 03:18:33.820 runner heartbeat queue_depth=6 workers_busy=3 level=DEBUG
2026-03-14 02:35:35.511 runner heartbeat queue_depth=5 workers_busy=2 level=DEBUG
2026-03-14 02:11:31.303 runner heartbeat queue_depth=8 workers_busy=3 level=DEBUG
2026-03-14 03:03:12.223 runner heartbeat queue_depth=6 workers_busy=3 level=DEBUG
2026-03-14 02:58:28.406 runner heartbeat queue_depth=5 workers_busy=0 level=DEBUG
2026-03-14 03:08:29.151 runner heartbeat queue_depth=5 workers_busy=1 level=DEBUG
2026-03-14 02:04:49.444 runner heartbeat queue_depth=6 workers_busy=2 level=DEBUG
2026-03-14 02:56:43.320 runner heartbeat queue_depth=4 workers_busy=3 level=DEBUG
2026-03-14 02:37:07.463 runner heartbeat queue_depth=0 workers_busy=0 level=DEBUG
2026-03-14 02:13:52.663 runner heartbeat queue_depth=6 workers_busy=3 level=DEBUG
2026-03-14 02:48:47.293 runner heartbeat queue_depth=8 workers_busy=0 level=DEBUG
2026-03-14 03:04:09.122 runner heartbeat queue_depth=7 workers_busy=2 level=DEBUG
2026-03-14 02:10:00.205 runner heartbeat queue_depth=6 workers_busy=0 level=DEBUG
2026-03-14 03:04:11.098 runner heartbeat queue_depth=2 workers_busy=2 level=DEBUG
2026-03-14 02:43:31.257 runner heartbeat queue_depth=7 workers_busy=1 level=DEBUG
2026-03-14 03:15:25.370 runner heartbeat queue_depth=6 workers_busy=3 level=DEBUG
2026-03-14 02:24:43.260 runner heartbeat queue_depth=1 workers_busy=2 level=DEBUG
2026-03-14 02:49:02.906 runner heartbeat queue_depth=0 workers_busy=0 level=DEBUG
2026-03-14 02:45:34.670 runner heartbeat queue_depth=4 workers_busy=2 level=DEBUG
2026-03-14 02:22:28.534 runner heartbeat queue_depth=4 workers_busy=1 level=DEBUG
2026-03-14 03:09:52.118 runner heartbeat queue_depth=1 workers_busy=2 level=DEBUG
2026-03-14 02:22:44.492 runner heartbeat queue_depth=2 workers_busy=0 level=DEBUG
2026-03-14 02:38:48.492 runner heartbeat queue_depth=3 workers_busy=2 level=DEBUG
2026-03-14 02:55:39.456 runner heartbeat queue_depth=6 workers_busy=0 level=DEBUG
2026-03-14 02:06:10.919 runner heartbeat queue_depth=3 workers_busy=2 level=DEBUG
2026-03-14 02:58:38.109 runner heartbeat queue_depth=5 workers_busy=3 level=DEBUG
2026-03-14 03:05:26.565 runner heartbeat queue_depth=8 workers_busy=2 level=DEBUG
2026-03-14 02:17:26.954 runner heartbeat queue_depth=8 workers_busy=0 level=DEBUG
2026-03-14 02:57:13.091 runner heartbeat queue_depth=6 workers_busy=3 level=DEBUG
2026-03-14 02:37:24.799 runner heartbeat queue_depth=0 workers_busy=2 level=DEBUG
2026-03-14 02:18:13.033 runner heartbeat queue_depth=6 workers_busy=1 level=DEBUG
2026-03-14 03:17:21.462 runner heartbeat queue_depth=1 workers_busy=2 level=DEBUG
2026-03-14 02:05:24.719 runner heartbeat queue_depth=6 workers_busy=0 level=DEBUG
2026-03-14 02:43:43.111 runner heartbeat queue_depth=2 workers_busy=3 level=DEBUG
2026-03-14 03:09:20.660 runner heartbeat queue_depth=0 workers_busy=1 level=DEBUG
2026-03-14 03:02:51.088 runner heartbeat queue_depth=8 workers_busy=0 level=DEBUG
2026-03-14 02:41:18.505 runner heartbeat queue_depth=6 workers_busy=0 level=DEBUG
2026-03-14 02:10:15.274 runner heartbeat queue_depth=3 workers_busy=0 level=DEBUG
2026-03-14 02:20:49.671 runner heartbeat queue_depth=0 workers_busy=3 level=DEBUG
2026-03-14 02:07:42.084 runner heartbeat queue_depth=4 workers_busy=2 level=DEBUG
2026-03-14 03:16:41.027 runner heartbeat queue_depth=2 workers_busy=1 level=DEBUG
2026-03-14 02:55:14.618 runner heartbeat queue_depth=4 workers_busy=0 level=DEBUG
2026-03-14 03:00:13.827 runner heartbeat queue_depth=1 workers_busy=3 level=DEBUG
2026-03-14 02:59:45.492 runner heartbeat queue_depth=3 workers_busy=3 level=DEBUG
2026-03-14 02:32:58.104 runner heartbeat queue_depth=0 workers_busy=3 level=DEBUG
2026-03-14 02:48:41.374 runner heartbeat queue_depth=1 workers_busy=0 level=DEBUG
2026-03-14 03:07:01.760 runner heartbeat queue_depth=2 workers_busy=1 level=DEBUG
2026-03-14 02:29:58.255 runner heartbeat queue_depth=1 workers_busy=1 level=DEBUG
2026-03-14 02:42:30.392 runner heartbeat queue_depth=4 workers_busy=3 level=DEBUG
2026-03-14 02:41:43.891 runner heartbeat queue_depth=1 workers_busy=3 level=DEBUG
2026-03-14 02:12:55.278 runner heartbeat queue_depth=5 workers_busy=1 level=DEBUG
2026-03-14 02:43:44.173 runner heartbeat queue_depth=7 workers_busy=1 level=DEBUG
2026-03-14 03:11:13.291 runner heartbeat queue_depth=3 workers_busy=3 level=DEBUG
2026-03-14 02:28:03.917 runner heartbeat queue_depth=3 workers_busy=2 level=DEBUG
2026-03-14 02:58:38.987 runner heartbeat queue_depth=5 workers_busy=3 level=DEBUG
2026-03-14 02:51:50.816 runner heartbeat queue_depth=5 workers_busy=0 level=DEBUG
2026-03-14 02:11:46.631 runner heartbeat queue_depth=7 workers_busy=1 level=DEBUG
2026-03-14 02:05:18.369 runner heartbeat queue_depth=4 workers_busy=3 level=DEBUG
2026-03-14 02:58:21.802 runner heartbeat queue_depth=7 workers_busy=1 level=DEBUG
2026-03-14 02:26:16.359 runner heartbeat queue_depth=7 workers_busy=0 level=DEBUG
2026-03-14 03:08:57.985 runner heartbeat queue_depth=2 workers_busy=1 level=DEBUG
2026-03-14 02:34:29.425 runner heartbeat queue_depth=0 workers_busy=0 level=DEBUG
2026-03-14 03:17:26.571 runner heartbeat queue_depth=1 workers_busy=2 level=DEBUG
2026-03-14 02:25:30.639 runner heartbeat queue_depth=6 workers_busy=3 level=DEBUG
2026-03-14 02:55:20.240 runner heartbeat queue_depth=5 workers_busy=0 level=DEBUG
2026-03-14 03:01:42.055 runner heartbeat queue_depth=0 workers_busy=2 level=DEBUG
2026-03-14 02:08:48.876 runner heartbeat queue_depth=3 workers_busy=2 level=DEBUG
2026-03-14 02:38:18.310 runner heartbeat queue_depth=7 workers_busy=0 level=DEBUG
2026-03-14 03:13:11.182 runner heartbeat queue_depth=2 workers_busy=2 level=DEBUG
2026-03-14 02:14:25.309 runner heartbeat queue_depth=8 workers_busy=1 level=DEBUG
2026-03-14 02:07:47.195 runner heartbeat queue_depth=2 workers_busy=0 level=DEBUG
2026-03-14 02:26:16.117 runner heartbeat queue_depth=0 workers_busy=3 level=DEBUG
2026-03-14 02:47:11.993 runner heartbeat queue_depth=8 workers_busy=0 level=DEBUG
2026-03-14 02:47:12.520 runner heartbeat queue_depth=5 workers_busy=2 level=DEBUG
2026-03-14 02:12:23.416 runner heartbeat queue_depth=5 workers_busy=2 level=DEBUG
2026-03-14 03:16:43.525 runner heartbeat queue_depth=1 workers_busy=0 level=DEBUG
2026-03-14 02:45:19.586 runner heartbeat queue_depth=8 workers_busy=1 level=DEBUG
2026-03-14 02:02:44.619 runner heartbeat queue_depth=6 workers_busy=1 level=DEBUG
2026-03-14 02:45:11.510 runner heartbeat queue_depth=8 workers_busy=1 level=DEBUG
2026-03-14 03:09:06.222 runner heartbeat queue_depth=0 workers_busy=2 level=DEBUG
2026-03-14 02:07:47.547 runner heartbeat queue_depth=7 workers_busy=1 level=DEBUG
2026-03-14 02:53:38.300 runner heartbeat queue_depth=7 workers_busy=0 level=DEBUG
2026-03-14 02:54:03.514 runner heartbeat queue_depth=3 workers_busy=3 level=DEBUG
2026-03-14 02:28:19.113 runner heartbeat queue_depth=1 workers_busy=3 level=DEBUG
2026-03-14 02:42:07.475 runner heartbeat queue_depth=7 workers_busy=2 level=DEBUG
2026-03-14 02:14:50.177 runner heartbeat queue_depth=5 workers_busy=3 level=DEBUG
2026-03-14 03:13:09.277 runner heartbeat queue_depth=7 workers_busy=0 level=DEBUG
2026-03-14 02:12:27.459 runner heartbeat queue_depth=4 workers_busy=1 level=DEBUG
2026-03-14 02:24:21.293 runner heartbeat queue_depth=1 workers_busy=0 level=DEBUG
2026-03-14 02:31:35.555 runner heartbeat queue_depth=5 workers_busy=1 level=DEBUG
2026-03-14 02:19:46.666 runner heartbeat queue_depth=7 workers_busy=1 level=DEBUG
2026-03-14 02:36:28.405 runner heartbeat queue_depth=0 workers_busy=1 level=DEBUG
2026-03-14 03:12:14.254 runner heartbeat queue_depth=2 workers_busy=1 level=DEBUG
2026-03-14 02:21:15.387 runner heartbeat queue_depth=4 workers_busy=1 level=DEBUG
2026-03-14 02:06:54.142 runner heartbeat queue_depth=2 workers_busy=3 level=DEBUG
2026-03-14 02:57:22.275 runner heartbeat queue_depth=1 workers_busy=0 level=DEBUG
2026-03-14 03:04:08.552 runner heartbeat queue_depth=0 workers_busy=0 level=DEBUG
2026-03-14 03:17:31.347 runner heartbeat queue_depth=8 workers_busy=0 level=DEBUG
2026-03-14 02:57:18.492 runner heartbeat queue_depth=1 workers_busy=0 level=DEBUG
2026-03-14 02:13:03.432 runner heartbeat queue_depth=3 workers_busy=2 level=DEBUG
2026-03-14 02:15:01.894 runner heartbeat queue_depth=0 workers_busy=0 level=DEBUG
2026-03-14 03:18:55.964 runner heartbeat queue_depth=8 workers_busy=3 level=DEBUG
2026-03-14 02:21:01.258 runner heartbeat queue_depth=6 workers_busy=1 level=DEBUG
2026-03-14 02:01:31.662 runner heartbeat queue_depth=2 workers_busy=2 level=DEBUG
2026-03-14 02:53:50.288 runner heartbeat queue_depth=8 workers_busy=3 level=DEBUG
2026-03-14 02:18:36.881 runner heartbeat queue_depth=6 workers_busy=1 level=DEBUG
2026-03-14 02:13:17.881 runner heartbeat queue_depth=4 workers_busy=3 level=DEBUG
2026-03-14 02:11:28.888 runner heartbeat queue_depth=4 workers_busy=3 level=DEBUG
2026-03-14 02:08:47.107 runner heartbeat queue_depth=0 workers_busy=2 level=DEBUG
2026-03-14 02:13:55.952 runner heartbeat queue_depth=6 workers_busy=2 level=DEBUG
2026-03-14 02:53:47.523 runner heartbeat queue_depth=1 workers_busy=1 level=DEBUG
2026-03-14 02:35:28.375 runner heartbeat queue_depth=8 workers_busy=0 level=DEBUG
2026-03-14 02:33:37.303 runner heartbeat queue_depth=3 workers_busy=3 level=DEBUG
2026-03-14 02:02:55.395 runner heartbeat queue_depth=3 workers_busy=0 level=DEBUG
2026-03-14 02:36:09.165 runner heartbeat queue_depth=0 workers_busy=2 level=DEBUG
2026-03-14 03:10:14.895 runner heartbeat queue_depth=4 workers_busy=1 level=DEBUG
2026-03-14 02:02:23.064 runner heartbeat queue_depth=7 workers_busy=2 level=DEBUG
2026-03-14 02:42:39.008 runner heartbeat queue_depth=3 workers_busy=3 level=DEBUG
2026-03-14 02:21:36.601 runner heartbeat queue_depth=5 workers_busy=0 level=DEBUG
2026-03-14 02:30:42.828 runner heartbeat queue_depth=7 workers_busy=1 level=DEBUG
2026-03-14 02:45:32.180 runner heartbeat queue_depth=2 workers_busy=0 level=DEBUG
2026-03-14 03:18:37.458 runner heartbeat queue_depth=4 workers_busy=1 level=DEBUG
2026-03-14 02:44:52.724 runner heartbeat queue_depth=5 workers_busy=3 level=DEBUG
2026-03-14 03:16:55.234 runner heartbeat queue_depth=7 workers_busy=2 level=DEBUG
2026-03-14 03:02:04.594 runner heartbeat queue_depth=6 workers_busy=0 level=DEBUG
2026-03-14 02:33:18.008 runner heartbeat queue_depth=2 workers_busy=3 level=DEBUG
2026-03-14 02:27:23.815 runner heartbeat queue_depth=5 workers_busy=3 level=DEBUG
2026-03-14 02:48:12.394 runner heartbeat queue_depth=0 workers_busy=1 level=DEBUG
2026-03-14 02:10:04.721 runner heartbeat queue_depth=6 workers_busy=3 level=DEBUG
2026-03-14 03:08:37.723 runner heartbeat queue_depth=1 workers_busy=3 level=DEBUG
2026-03-14 02:07:37.065 runner heartbeat queue_depth=6 workers_busy=3 level=DEBUG
2026-03-14 02:56:52.373 runner heartbeat queue_depth=6 workers_busy=1 level=DEBUG
2026-03-14 02:34:50.053 runner heartbeat queue_depth=4 workers_busy=2 level=DEBUG
2026-03-14 02:45:57.276 runner heartbeat queue_depth=8 workers_busy=2 level=DEBUG
2026-03-14 02:41:58.910 runner heartbeat queue_depth=6 workers_busy=0 level=DEBUG
2026-03-14 02:08:27.633 runner heartbeat queue_depth=1 workers_busy=2 level=DEBUG
2026-03-14 02:59:33.652 runner heartbeat queue_depth=7 workers_busy=3 level=DEBUG
2026-03-14 02:10:06.356 runner heartbeat queue_depth=1 workers_busy=1 level=DEBUG
2026-03-14 03:13:53.429 runner heartbeat queue_depth=7 workers_busy=3 level=DEBUG
2026-03-14 03:05:53.326 runner heartbeat queue_depth=5 workers_busy=3 level=DEBUG
2026-03-14 03:05:14.817 runner heartbeat queue_depth=1 workers_busy=3 level=DEBUG
2026-03-14 03:06:40.711 runner heartbeat queue_depth=1 workers_busy=1 level=DEBUG
2026-03-14 03:04:28.869 runner heartbeat queue_depth=7 workers_busy=0 level=DEBUG
2026-03-14 02:53:47.421 runner heartbeat queue_depth=2 workers_busy=1 level=DEBUG
2026-03-14 02:53:22.277 runner heartbeat queue_depth=7 workers_busy=1 level=DEBUG
2026-03-14 02:50:44.448 runner heartbeat queue_depth=5 workers_busy=3 level=DEBUG
2026-03-14 03:10:59.224 runner heartbeat queue_depth=8 workers_busy=3 level=DEBUG
2026-03-14 02:21:10.268 runner heartbeat queue_depth=5 workers_busy=1 level=DEBUG
2026-03-14 02:43:53.616 runner heartbeat queue_depth=8 workers_busy=0 level=DEBUG
2026-03-14 02:18:43.424 runner heartbeat queue_depth=8 workers_busy=1 level=DEBUG
2026-03-14 02:26:43.731 runner heartbeat queue_depth=0 workers_busy=3 level=DEBUG
2026-03-14 03:14:32.932 runner heartbeat queue_depth=3 workers_busy=0 level=DEBUG
2026-03-14 03:15:11.947 runner heartbeat queue_depth=1 workers_busy=2 level=DEBUG
2026-03-14 02:57:38.384 runner heartbeat queue_depth=0 workers_busy=3 level=DEBUG
2026-03-14 02:40:57.488 runner heartbeat queue_depth=4 workers_busy=2 level=DEBUG
2026-03-14 02:24:56.951 runner heartbeat queue_depth=7 workers_busy=2 level=DEBUG
2026-03-14 02:36:08.113 runner heartbeat queue_depth=4 workers_busy=1 level=DEBUG
2026-03-14 03:08:01.457 runner heartbeat queue_depth=2 workers_busy=2 level=DEBUG
2026-03-14 02:34:49.941 runner heartbeat queue_depth=1 workers_busy=1 level=DEBUG
2026-03-14 03:01:45.738 runner heartbeat queue_depth=1 workers_busy=3 level=DEBUG
2026-03-14 02:51:12.031 runner heartbeat queue_depth=4 workers_busy=0 level=DEBUG
2026-03-14 02:57:37.073 runner heartbeat queue_depth=2 workers_busy=1 level=DEBUG
2026-03-14 02:01:05.551 runner heartbeat queue_depth=8 workers_busy=2 level=DEBUG
2026-03-14 02:06:03.683 runner heartbeat queue_depth=3 workers_busy=3 level=DEBUG
2026-03-14 03:15:31.505 runner heartbeat queue_depth=1 workers_busy=3 level=DEBUG
2026-03-14 02:44:48.098 runner heartbeat queue_depth=4 workers_busy=1 level=DEBUG
2026-03-14 02:21:42.199 runner heartbeat queue_depth=0 workers_busy=3 level=DEBUG
2026-03-14 03:15:20.305 runner heartbeat queue_depth=3 workers_busy=0 level=DEBUG
2026-03-14 02:24:18.062 runner heartbeat queue_depth=7 workers_busy=0 level=DEBUG
2026-03-14 03:11:55.791 runner heartbeat queue_depth=2 workers_busy=3 level=DEBUG
2026-03-14 02:01:30.827 runner heartbeat queue_depth=7 workers_busy=3 level=DEBUG
2026-03-14 03:18:42.631 runner heartbeat queue_depth=7 workers_busy=1 level=DEBUG
2026-03-14 02:57:45.773 runner heartbeat queue_depth=7 workers_busy=1 level=DEBUG
2026-03-14 02:21:30.040 runner heartbeat queue_depth=5 workers_busy=3 level=DEBUG
2026-03-14 02:35:38.825 runner heartbeat queue_depth=7 workers_busy=0 level=DEBUG
2026-03-14 02:56:07.986 runner heartbeat queue_depth=0 workers_busy=2 level=DEBUG
2026-03-14 02:07:52.419 runner heartbeat queue_depth=6 workers_busy=0 level=DEBUG
2026-03-14 02:17:52.480 runner heartbeat queue_depth=5 workers_busy=0 level=DEBUG
2026-03-14 02:07:30.523 runner heartbeat queue_depth=1 workers_busy=1 level=DEBUG
2026-03-14 02:27:34.316 runner heartbeat queue_depth=1 workers_busy=0 level=DEBUG
2026-03-14 03:07:17.300 runner heartbeat queue_depth=4 workers_busy=2 level=DEBUG
2026-03-14 02:06:59.653 runner heartbeat queue_depth=7 workers_busy=0 level=DEBUG
2026-03-14 02:06:07.512 runner heartbeat queue_depth=0 workers_busy=1 level=DEBUG
2026-03-14 02:35:15.569 runner heartbeat queue_depth=1 workers_busy=3 level=DEBUG
2026-03-14 03:13:32.910 runner heartbeat queue_depth=5 workers_busy=2 level=DEBUG
2026-03-14 02:17:15.194 runner heartbeat queue_depth=7 workers_busy=0 level=DEBUG
2026-03-14 02:00:35.141 runner heartbeat queue_depth=2 workers_busy=3 level=DEBUG
2026-03-14 03:16:00.395 runner heartbeat queue_depth=0 workers_busy=3 level=DEBUG
2026-03-14 02:04:58.923 runner heartbeat queue_depth=7 workers_busy=3 level=DEBUG
2026-03-14 02:02:46.555 runner heartbeat queue_depth=6 workers_busy=1 level=DEBUG
2026-03-14 02:16:23.931 runner heartbeat queue_depth=1 workers_busy=2 level=DEBUG
2026-03-14 02:57:18.986 runner heartbeat queue_depth=6 workers_busy=1 level=DEBUG
2026-03-14 03:05:29.688 runner heartbeat queue_depth=8 workers_busy=0 level=DEBUG
2026-03-14 02:59:28.290 runner heartbeat queue_depth=4 workers_busy=0 level=DEBUG
2026-03-14 03:01:42.184 runner heartbeat queue_depth=0 workers_busy=0 level=DEBUG
2026-03-14 02:35:25.989 runner heartbeat queue_depth=8 workers_busy=0 level=DEBUG
2026-03-14 02:58:46.935 runner heartbeat queue_depth=5 workers_busy=0 level=DEBUG
2026-03-14 03:18:02.024 runner heartbeat queue_depth=6 workers_busy=3 level=DEBUG
2026-03-14 02:51:41.428 runner heartbeat queue_depth=4 workers_busy=1 level=DEBUG
2026-03-14 03:03:02.567 runner heartbeat queue_depth=4 workers_busy=3 level=DEBUG
2026-03-14 02:09:39.721 runner heartbeat queue_depth=4 workers_busy=3 level=DEBUG
2026-03-14 02:11:25.208 runner heartbeat queue_depth=0 workers_busy=2 level=DEBUG
2026-03-14 03:08:02.662 runner heartbeat queue_depth=7 workers_busy=2 level=DEBUG
2026-03-14 02:24:32.004 runner heartbeat queue_depth=0 workers_busy=2 level=DEBUG
2026-03-14 02:02:12.948 runner heartbeat queue_depth=1 workers_busy=3 level=DEBUG
2026-03-14 03:12:50.226 runner heartbeat queue_depth=0 workers_busy=1 level=DEBUG
2026-03-14 02:18:43.802 runner heartbeat queue_depth=0 workers_busy=1 level=DEBUG
2026-03-14 02:47:54.396 runner heartbeat queue_depth=1 workers_busy=1 level=DEBUG
2026-03-14 02:11:42.716 runner heartbeat queue_depth=8 workers_busy=2 level=DEBUG
2026-03-14 02:35:32.822 runner heartbeat queue_depth=0 workers_busy=1 level=DEBUG
2026-03-14 02:10:21.239 runner heartbeat queue_depth=2 workers_busy=0 level=DEBUG
2026-03-14 02:14:23.479 runner heartbeat queue_depth=0 workers_busy=0 level=DEBUG
2026-03-14 03:08:56.340 runner heartbeat queue_depth=2 workers_busy=2 level=DEBUG
2026-03-14 02:24:41.294 runner heartbeat queue_depth=8 workers_busy=2 level=DEBUG
2026-03-14 03:16:33.583 runner heartbeat queue_depth=8 workers_busy=1 level=DEBUG
2026-03-14 02:50:02.753 runner heartbeat queue_depth=0 workers_busy=0 level=DEBUG
2026-03-14 03:06:44.245 runner heartbeat queue_depth=4 workers_busy=1 level=DEBUG
2026-03-14 02:54:08.455 runner heartbeat queue_depth=5 workers_busy=0 level=DEBUG
2026-03-14 02:54:31.040 runner heartbeat queue_depth=8 workers_busy=0 level=DEBUG
2026-03-14 02:33:40.423 runner heartbeat queue_depth=3 workers_busy=0 level=DEBUG
2026-03-14 02:29:49.562 runner heartbeat queue_depth=0 workers_busy=2 level=DEBUG
2026-03-14 02:48:35.193 runner heartbeat queue_depth=2 workers_busy=3 level=DEBUG
2026-03-14 02:00:16.816 runner heartbeat queue_depth=7 workers_busy=3 level=DEBUG
2026-03-14 03:12:57.070 runner heartbeat queue_depth=8 workers_busy=3 level=DEBUG
2026-03-14 02:27:30.209 runner heartbeat queue_depth=0 workers_busy=2 level=DEBUG
2026-03-14 02:03:52.136 runner heartbeat queue_depth=3 workers_busy=2 level=DEBUG
2026-03-14 02:32:17.156 runner heartbeat queue_depth=3 workers_busy=3 level=DEBUG
2026-03-14 02:13:02.208 runner heartbeat queue_depth=4 workers_busy=2 level=DEBUG
2026-03-14 02:51:05.712 runner heartbeat queue_depth=4 workers_busy=3 level=DEBUG
2026-03-14 02:39:46.880 runner heartbeat queue_depth=2 workers_busy=1 level=DEBUG
2026-03-14 03:06:04.441 runner heartbeat queue_depth=1 workers_busy=1 level=DEBUG
2026-03-14 02:42:19.603 runner heartbeat queue_depth=4 workers_busy=2 level=DEBUG
2026-03-14 02:36:04.065 runner heartbeat queue_depth=5 workers_busy=2 level=DEBUG
2026-03-14 02:00:59.605 runner heartbeat queue_depth=2 workers_busy=3 level=DEBUG
2026-03-14 02:14:51.600 runner heartbeat queue_depth=7 workers_busy=3 level=DEBUG
2026-03-14 02:31:32.597 runner heartbeat queue_depth=6 workers_busy=1 level=DEBUG
2026-03-14 02:36:01.434 runner heartbeat queue_depth=8 workers_busy=3 level=DEBUG
2026-03-14 02:38:52.257 runner heartbeat queue_depth=4 workers_busy=3 level=DEBUG
2026-03-14 02:48:07.910 runner heartbeat queue_depth=6 workers_busy=3 level=DEBUG
2026-03-14 02:25:24.404 runner heartbeat queue_depth=1 workers_busy=0 level=DEBUG
2026-03-14 02:39:15.423 runner heartbeat queue_depth=5 workers_busy=2 level=DEBUG
2026-03-14 03:16:41.905 runner heartbeat queue_depth=1 workers_busy=1 level=DEBUG
2026-03-14 03:06:46.321 runner heartbeat queue_depth=5 workers_busy=0 level=DEBUG
2026-03-14 02:04:08.909 runner heartbeat queue_depth=5 workers_busy=2 level=DEBUG
2026-03-14 02:36:33.444 runner heartbeat queue_depth=0 workers_busy=2 level=DEBUG
2026-03-14 02:00:57.102 runner heartbeat queue_depth=4 workers_busy=1 level=DEBUG
2026-03-14 02:31:26.734 runner heartbeat queue_depth=3 workers_busy=2 level=DEBUG
2026-03-14 03:04:41.324 runner heartbeat queue_depth=6 workers_busy=3 level=DEBUG
2026-03-14 03:07:26.713 runner heartbeat queue_depth=7 workers_busy=0 level=DEBUG
2026-03-14 02:02:54.802 runner heartbeat queue_depth=1 workers_busy=3 level=DEBUG
2026-03-14 03:06:28.393 runner heartbeat queue_depth=3 workers_busy=0 level=DEBUG
2026-03-14 02:16:23.564 runner heartbeat queue_depth=3 workers_busy=3 level=DEBUG
2026-03-14 02:32:06.037 runner heartbeat queue_depth=0 workers_busy=1 level=DEBUG
2026-03-14 02:26:35.804 runner heartbeat queue_depth=8 workers_busy=2 level=DEBUG
2026-03-14 03:09:36.214 runner heartbeat queue_depth=5 workers_busy=2 level=DEBUG
2026-03-14 02:42:15.583 runner heartbeat queue_depth=5 workers_busy=3 level=DEBUG
2026-03-14 02:53:13.225 runner heartbeat queue_depth=1 workers_busy=1 level=DEBUG
2026-03-14 03:02:03.403 runner heartbeat queue_depth=3 workers_busy=3 level=DEBUG
2026-03-14 02:56:46.355 runner heartbeat queue_depth=2 workers_busy=1 level=DEBUG
2026-03-14 03:17:13.669 runner heartbeat queue_depth=4 workers_busy=0 level=DEBUG
2026-03-14 02:12:07.261 runner heartbeat queue_depth=4 workers_busy=1 level=DEBUG
2026-03-14 02:46:12.963 runner heartbeat queue_depth=6 workers_busy=2 level=DEBUG
2026-03-14 02:55:14.631 runner heartbeat queue_depth=7 workers_busy=1 level=DEBUG
2026-03-14 02:00:18.758 runner heartbeat queue_depth=8 workers_busy=2 level=DEBUG
2026-03-14 03:15:00.096 runner heartbeat queue_depth=7 workers_busy=1 level=DEBUG
2026-03-14 02:09:12.406 runner heartbeat queue_depth=7 workers_busy=1 level=DEBUG
2026-03-14 02:47:57.334 runner heartbeat queue_depth=6 workers_busy=3 level=DEBUG
2026-03-14 02:34:02.355 runner heartbeat queue_depth=6 workers_busy=3 level=DEBUG
2026-03-14 02:00:29.399 runner heartbeat queue_depth=8 workers_busy=2 level=DEBUG
2026-03-14 02:47:05.079 runner heartbeat queue_depth=0 workers_busy=1 level=DEBUG
2026-03-14 02:24:27.059 runner heartbeat queue_depth=8 workers_busy=1 level=DEBUG
2026-03-14 02:41:48.740 runner heartbeat queue_depth=3 workers_busy=3 level=DEBUG
2026-03-14 03:08:17.885 runner heartbeat queue_depth=4 workers_busy=0 level=DEBUG
2026-03-14 02:59:13.584 runner heartbeat queue_depth=5 workers_busy=1 level=DEBUG
2026-03-14 02:17:51.690 runner heartbeat queue_depth=2 workers_busy=3 level=DEBUG
2026-03-14 03:14:08.196 runner heartbeat queue_depth=7 workers_busy=1 level=DEBUG
2026-03-14 02:59:04.274 runner heartbeat queue_depth=1 workers_busy=1 level=DEBUG
2026-03-14 03:08:41.002 runner heartbeat queue_depth=1 workers_busy=0 level=DEBUG
2026-03-14 02:02:52.050 runner heartbeat queue_depth=0 workers_busy=3 level=DEBUG
2026-03-14 02:30:39.766 runner heartbeat queue_depth=8 workers_busy=1 level=DEBUG
2026-03-14 02:18:47.088 runner heartbeat queue_depth=5 workers_busy=1 level=DEBUG
2026-03-14 02:00:43.555 runner heartbeat queue_depth=8 workers_busy=2 level=DEBUG
2026-03-14 02:57:47.032 runner heartbeat queue_depth=1 workers_busy=1 level=DEBUG
2026-03-14 03:12:22.435 runner heartbeat queue_depth=6 workers_busy=3 level=DEBUG
2026-03-14 02:38:45.283 runner heartbeat queue_depth=8 workers_busy=0 level=DEBUG
2026-03-14 02:23:15.337 runner heartbeat queue_depth=5 workers_busy=0 level=DEBUG
2026-03-14 02:07:28.100 runner heartbeat queue_depth=2 workers_busy=3 level=DEBUG
2026-03-14 02:02:48.815 runner heartbeat queue_depth=8 workers_busy=0 level=DEBUG
2026-03-14 02:55:22.976 runner heartbeat queue_depth=8 workers_busy=2 level=DEBUG
2026-03-14 03:16:12.785 runner heartbeat queue_depth=3 workers_busy=2 level=DEBUG
2026-03-14 03:06:35.568 runner heartbeat queue_depth=5 workers_busy=2 level=DEBUG
2026-03-14 02:59:42.249 runner heartbeat queue_depth=4 workers_busy=3 level=DEBUG
2026-03-14 02:46:57.883 runner heartbeat queue_depth=0 workers_busy=0 level=DEBUG
2026-03-14 02:06:34.626 runner heartbeat queue_depth=2 workers_busy=0 level=DEBUG
2026-03-14 02:00:58.858 runner heartbeat queue_depth=7 workers_busy=0 level=DEBUG
2026-03-14 02:44:26.596 runner heartbeat queue_depth=2 workers_busy=0 level=DEBUG
2026-03-14 02:34:54.410 runner heartbeat queue_depth=3 workers_busy=1 level=DEBUG
2026-03-14 02:11:43.691 runner heartbeat queue_depth=5 workers_busy=2 level=DEBUG
2026-03-14 02:07:09.399 runner heartbeat queue_depth=8 workers_busy=3 level=DEBUG
2026-03-14 02:37:30.334 runner heartbeat queue_depth=5 workers_busy=2 level=DEBUG
2026-03-14 02:56:18.873 runner heartbeat queue_depth=4 workers_busy=0 level=DEBUG
2026-03-14 03:15:46.347 runner heartbeat queue_depth=0 workers_busy=0 level=DEBUG
2026-03-14 02:07:07.428 runner heartbeat queue_depth=8 workers_busy=0 level=DEBUG
2026-03-14 02:49:38.851 runner heartbeat queue_depth=8 workers_busy=2 level=DEBUG
2026-03-14 03:06:11.525 runner heartbeat queue_depth=3 workers_busy=2 level=DEBUG
2026-03-14 03:10:32.884 runner heartbeat queue_depth=2 workers_busy=2 level=DEBUG
2026-03-14 02:42:01.201 runner heartbeat queue_depth=3 workers_busy=1 level=DEBUG
2026-03-14 03:11:38.497 runner heartbeat queue_depth=6 workers_busy=3 level=DEBUG
2026-03-14 02:20:48.538 runner heartbeat queue_depth=0 workers_busy=0 level=DEBUG
2026-03-14 03:15:06.222 runner heartbeat queue_depth=0 workers_busy=0 level=DEBUG
2026-03-14 02:16:46.980 runner heartbeat queue_depth=6 workers_busy=0 level=DEBUG
2026-03-14 02:22:45.885 runner heartbeat queue_depth=5 workers_busy=3 level=DEBUG
2026-03-14 02:49:56.430 runner heartbeat queue_depth=5 workers_busy=1 level=DEBUG
2026-03-14 02:48:57.714 runner heartbeat queue_depth=2 workers_busy=1 level=DEBUG
2026-03-14 02:04:05.060 runner heartbeat queue_depth=0 workers_busy=1 level=DEBUG
2026-03-14 02:24:45.232 runner heartbeat queue_depth=7 workers_busy=0 level=DEBUG
2026-03-14 02:36:17.060 runner heartbeat queue_depth=6 workers_busy=2 level=DEBUG
2026-03-14 02:31:49.807 runner heartbeat queue_depth=2 workers_busy=0 level=DEBUG
2026-03-14 02:54:38.625 runner heartbeat queue_depth=2 workers_busy=3 level=DEBUG
2026-03-14 02:07:55.025 runner heartbeat queue_depth=5 workers_busy=2 level=DEBUG
2026-03-14 03:03:27.807 runner heartbeat queue_depth=7 workers_busy=1 level=DEBUG
2026-03-14 02:25:20.742 runner heartbeat queue_depth=0 workers_busy=3 level=DEBUG
2026-03-14 02:49:54.668 runner heartbeat queue_depth=5 workers_busy=0 level=DEBUG
2026-03-14 02:49:01.309 runner heartbeat queue_depth=6 workers_busy=2 level=DEBUG
2026-03-14 02:23:27.304 runner heartbeat queue_depth=1 workers_busy=2 level=DEBUG
2026-03-14 03:14:05.524 runner heartbeat queue_depth=5 workers_busy=1 level=DEBUG
2026-03-14 02:20:08.328 runner heartbeat queue_depth=3 workers_busy=0 level=DEBUG
2026-03-14 02:56:58.551 runner heartbeat queue_depth=2 workers_busy=2 level=DEBUG
2026-03-14 03:01:49.823 runner heartbeat queue_depth=4 workers_busy=1 level=DEBUG
2026-03-14 03:12:19.855 runner heartbeat queue_depth=1 workers_busy=3 level=DEBUG
2026-03-14 02:15:13.953 runner heartbeat queue_depth=8 workers_busy=3 level=DEBUG
2026-03-14 02:19:33.328 runner heartbeat queue_depth=8 workers_busy=2 level=DEBUG
2026-03-14 02:10:52.670 runner heartbeat queue_depth=3 workers_busy=0 level=DEBUG
2026-03-14 03:10:31.662 runner heartbeat queue_depth=0 workers_busy=3 level=DEBUG
2026-03-14 02:28:30.751 runner heartbeat queue_depth=6 workers_busy=0 level=DEBUG
2026-03-14 02:50:11.988 runner heartbeat queue_depth=0 workers_busy=3 level=DEBUG
2026-03-14 02:16:05.980 runner heartbeat queue_depth=3 workers_busy=3 level=DEBUG
2026-03-14 03:06:46.482 runner heartbeat queue_depth=2 workers_busy=1 level=DEBUG
2026-03-14 02:53:07.974 runner heartbeat queue_depth=0 workers_busy=1 level=DEBUG
2026-03-14 02:47:39.679 runner heartbeat queue_depth=1 workers_busy=0 level=DEBUG
2026-03-14 02:10:59.763 runner heartbeat queue_depth=5 workers_busy=0 level=DEBUG
2026-03-14 02:16:46.513 runner heartbeat queue_depth=7 workers_busy=2 level=DEBUG
2026-03-14 02:39:43.288 runner heartbeat queue_depth=5 workers_busy=3 level=DEBUG
2026-03-14 02:22:04.137 runner heartbeat queue_depth=8 workers_busy=1 level=DEBUG
2026-03-14 02:05:42.675 runner heartbeat queue_depth=1 workers_busy=3 level=DEBUG
2026-03-14 02:23:02.287 runner heartbeat queue_depth=0 workers_busy=3 level=DEBUG
2026-03-14 03:04:45.692 runner heartbeat queue_depth=5 workers_busy=2 level=DEBUG
2026-03-14 02:50:32.419 runner heartbeat queue_depth=2 workers_busy=0 level=DEBUG
2026-03-14 02:42:05.202 runner heartbeat queue_depth=2 workers_busy=0 level=DEBUG
2026-03-14 02:34:56.959 runner heartbeat queue_depth=1 workers_busy=1 level=DEBUG
2026-03-14 02:53:20.513 runner heartbeat queue_depth=7 workers_busy=1 level=DEBUG
2026-03-14 02:00:10.037 runner heartbeat queue_depth=5 workers_busy=3 level=DEBUG
2026-03-14 03:11:05.546 runner heartbeat queue_depth=1 workers_busy=2 level=DEBUG
2026-03-14 02:07:01.873 runner heartbeat queue_depth=6 workers_busy=0 level=DEBUG
2026-03-14 03:04:10.527 runner heartbeat queue_depth=5 workers_busy=2 level=DEBUG
2026-03-14 02:24:17.979 runner heartbeat queue_depth=1 workers_busy=3 level=DEBUG
2026-03-14 03:01:21.999 runner heartbeat queue_depth=6 workers_busy=0 level=DEBUG
2026-03-14 02:13:06.814 runner heartbeat queue_depth=7 workers_busy=2 level=DEBUG
2026-03-14 02:36:47.697 runner heartbeat queue_depth=7 workers_busy=1 level=DEBUG
2026-03-14 03:00:49.242 runner heartbeat queue_depth=2 workers_busy=3 level=DEBUG
2026-03-14 02:59:03.747 runner heartbeat queue_depth=4 workers_busy=2 level=DEBUG
2026-03-14 02:19:13.560 runner heartbeat queue_depth=8 workers_busy=0 level=DEBUG
2026-03-14 03:09:01.223 runner heartbeat queue_depth=3 workers_busy=1 level=DEBUG
2026-03-14 02:55:33.568 runner heartbeat queue_depth=2 workers_busy=3 level=DEBUG
2026-03-14 02:23:18.223 runner heartbeat queue_depth=3 workers_busy=0 level=DEBUG
2026-03-14 02:59:08.768 runner heartbeat queue_depth=7 workers_busy=3 level=DEBUG
2026-03-14 02:19:53.047 runner heartbeat queue_depth=4 workers_busy=0 level=DEBUG
2026-03-14 02:19:15.476 runner heartbeat queue_depth=0 workers_busy=1 level=DEBUG
2026-03-14 02:46:05.567 runner heartbeat queue_depth=5 workers_busy=1 level=DEBUG
2026-03-14 02:12:39.233 runner heartbeat queue_depth=4 workers_busy=3 level=DEBUG
2026-03-14 02:08:06.520 runner heartbeat queue_depth=7 workers_busy=3 level=DEBUG
2026-03-14 02:51:44.761 runner heartbeat queue_depth=1 workers_busy=0 level=DEBUG
2026-03-14 02:54:14.430 runner heartbeat queue_depth=6 workers_busy=2 level=DEBUG
2026-03-14 03:16:38.835 runner heartbeat queue_depth=5 workers_busy=0 level=DEBUG
2026-03-14 03:05:31.788 runner heartbeat queue_depth=4 workers_busy=1 level=DEBUG
2026-03-14 02:33:07.091 runner heartbeat queue_depth=6 workers_busy=1 level=DEBUG
2026-03-14 02:17:27.063 runner heartbeat queue_depth=3 workers_busy=3 level=DEBUG
2026-03-14 02:59:16.885 runner heartbeat queue_depth=5 workers_busy=2 level=DEBUG
2026-03-14 02:50:28.459 runner heartbeat queue_depth=3 workers_busy=3 level=DEBUG
2026-03-14 02:51:39.117 runner heartbeat queue_depth=7 workers_busy=1 level=DEBUG
2026-03-14 02:06:24.193 runner heartbeat queue_depth=2 workers_busy=3 level=DEBUG
2026-03-14 02:25:36.477 runner heartbeat queue_depth=2 workers_busy=1 level=DEBUG
2026-03-14 03:15:15.035 runner heartbeat queue_depth=6 workers_busy=1 level=DEBUG
2026-03-14 02:09:28.836 runner heartbeat queue_depth=3 workers_busy=3 level=DEBUG
2026-03-14 02:52:25.656 runner heartbeat queue_depth=6 workers_busy=2 level=DEBUG
2026-03-14 03:00:16.422 runner heartbeat queue_depth=3 workers_busy=1 level=DEBUG
2026-03-14 02:31:27.739 runner heartbeat queue_depth=5 workers_busy=1 level=DEBUG
2026-03-14 02:34:05.359 runner heartbeat queue_depth=4 workers_busy=1 level=DEBUG
2026-03-14 02:39:09.810 runner heartbeat queue_depth=4 workers_busy=3 level=DEBUG
2026-03-14 03:14:36.667 runner heartbeat queue_depth=8 workers_busy=3 level=DEBUG
2026-03-14 02:29:56.020 runner heartbeat queue_depth=3 workers_busy=2 level=DEBUG
2026-03-14 03:09:34.521 runner heartbeat queue_depth=7 workers_busy=0 level=DEBUG
2026-03-14 02:17:43.733 runner heartbeat queue_depth=6 workers_busy=2 level=DEBUG
2026-03-14 02:46:41.860 runner heartbeat queue_depth=0 workers_busy=3 level=DEBUG
2026-03-14 03:02:50.691 runner heartbeat queue_depth=1 workers_busy=0 level=DEBUG
2026-03-14 03:13:40.324 runner heartbeat queue_depth=5 workers_busy=3 level=DEBUG
2026-03-14 03:17:30.822 runner heartbeat queue_depth=1 workers_busy=2 level=DEBUG
2026-03-14 02:13:13.518 runner heartbeat queue_depth=3 workers_busy=3 level=DEBUG
2026-03-14 02:22:51.700 runner heartbeat queue_depth=8 workers_busy=0 level=DEBUG
2026-03-14 03:18:36.246 runner heartbeat queue_depth=4 workers_busy=1 level=DEBUG
2026-03-14 02:46:41.347 runner heartbeat queue_depth=3 workers_busy=0 level=DEBUG
2026-03-14 02:58:52.085 runner heartbeat queue_depth=8 workers_busy=1 level=DEBUG
2026-03-14 02:17:59.244 runner heartbeat queue_depth=1 workers_busy=2 level=DEBUG
2026-03-14 02:21:49.023 runner heartbeat queue_depth=6 workers_busy=0 level=DEBUG
2026-03-14 03:10:49.985 runner heartbeat queue_depth=1 workers_busy=3 level=DEBUG
2026-03-14 02:55:05.864 runner heartbeat queue_depth=6 workers_busy=2 level=DEBUG
2026-03-14 03:10:09.990 runner heartbeat queue_depth=2 workers_busy=0 level=DEBUG
2026-03-14 02:28:58.509 runner heartbeat queue_depth=8 workers_busy=0 level=DEBUG
2026-03-14 02:52:09.949 runner heartbeat queue_depth=0 workers_busy=1 level=DEBUG
2026-03-14 03:11:18.636 runner heartbeat queue_depth=8 workers_busy=0 level=DEBUG
2026-03-14 02:08:55.340 runner heartbeat queue_depth=0 workers_busy=2 level=DEBUG
2026-03-14 03:07:36.725 runner heartbeat queue_depth=7 workers_busy=3 level=DEBUG
2026-03-14 02:28:54.211 runner heartbeat queue_depth=1 workers_busy=3 level=DEBUG
2026-03-14 02:56:21.479 runner heartbeat queue_depth=1 workers_busy=1 level=DEBUG
2026-03-14 03:01:33.900 runner heartbeat queue_depth=3 workers_busy=0 level=DEBUG
2026-03-14 02:52:15.362 runner heartbeat queue_depth=4 workers_busy=3 level=DEBUG
2026-03-14 02:14:58.027 runner heartbeat queue_depth=8 workers_busy=3 level=DEBUG
2026-03-14 02:39:14.119 runner heartbeat queue_depth=7 workers_busy=0 level=DEBUG
2026-03-14 03:18:31.831 runner heartbeat queue_depth=3 workers_busy=1 level=DEBUG
2026-03-14 02:28:00.693 runner heartbeat queue_depth=8 workers_busy=2 level=DEBUG
2026-03-14 02:28:54.540 runner heartbeat queue_depth=1 workers_busy=2 level=DEBUG
2026-03-14 03:13:16.125 runner heartbeat queue_depth=4 workers_busy=3 level=DEBUG
2026-03-14 02:01:37.878 runner heartbeat queue_depth=0 workers_busy=3 level=DEBUG
2026-03-14 02:49:16.322 runner heartbeat queue_depth=5 workers_busy=2 level=DEBUG
2026-03-14 02:02:52.137 runner heartbeat queue_depth=0 workers_busy=1 level=DEBUG
2026-03-14 03:07:13.002 runner heartbeat queue_depth=8 workers_busy=2 level=DEBUG
2026-03-14 02:12:03.588 runner heartbeat queue_depth=0 workers_busy=3 level=DEBUG
2026-03-14 02:14:47.776 runner heartbeat queue_depth=8 workers_busy=0 level=DEBUG
2026-03-14 02:38:19.458 runner heartbeat queue_depth=8 workers_busy=3 level=DEBUG
2026-03-14 02:15:51.746 runner heartbeat queue_depth=6 workers_busy=0 level=DEBUG
2026-03-14 03:00:21.623 runner heartbeat queue_depth=2 workers_busy=0 level=DEBUG
2026-03-14 03:05:08.770 runner heartbeat queue_depth=2 workers_busy=0 level=DEBUG
2026-03-14 03:08:11.823 runner heartbeat queue_depth=3 workers_busy=2 level=DEBUG
2026-03-14 03:08:09.913 runner heartbeat queue_depth=0 workers_busy=2 level=DEBUG
2026-03-14 02:04:40.467 runner heartbeat queue_depth=2 workers_busy=3 level=DEBUG
2026-03-14 02:14:49.428 runner heartbeat queue_depth=2 workers_busy=0 level=DEBUG
2026-03-14 02:12:43.376 runner heartbeat queue_depth=2 workers_busy=1 level=DEBUG
2026-03-14 02:39:23.276 runner heartbeat queue_depth=0 workers_busy=3 level=DEBUG
2026-03-14 03:12:48.371 runner heartbeat queue_depth=5 workers_busy=3 level=DEBUG
2026-03-14 02:48:32.864 runner heartbeat queue_depth=8 workers_busy=0 level=DEBUG
2026-03-14 03:17:58.144 runner heartbeat queue_depth=3 workers_busy=3 level=DEBUG
2026-03-14 02:32:46.962 runner heartbeat queue_depth=3 workers_busy=2 level=DEBUG
2026-03-14 02:24:30.650 runner heartbeat queue_depth=5 workers_busy=1 level=DEBUG
2026-03-14 02:00:01.530 runner heartbeat queue_depth=5 workers_busy=2 level=DEBUG
2026-03-14 03:03:44.690 runner heartbeat queue_depth=6 workers_busy=0 level=DEBUG
2026-03-14 02:49:25.718 runner heartbeat queue_depth=4 workers_busy=1 level=DEBUG
2026-03-14 02:37:51.066 runner heartbeat queue_depth=4 workers_busy=3 level=DEBUG
2026-03-14 02:44:27.359 runner heartbeat queue_depth=6 workers_busy=1 level=DEBUG
2026-03-14 02:15:53.350 runner heartbeat queue_depth=1 workers_busy=1 level=DEBUG
2026-03-14 02:12:43.470 runner heartbeat queue_depth=7 workers_busy=3 level=DEBUG
2026-03-14 02:51:32.140 runner heartbeat queue_depth=0 workers_busy=3 level=DEBUG
2026-03-14 02:19:11.695 runner heartbeat queue_depth=0 workers_busy=2 level=DEBUG
2026-03-14 02:34:42.218 runner heartbeat queue_depth=2 workers_busy=1 level=DEBUG
2026-03-14 02:37:01.705 runner heartbeat queue_depth=8 workers_busy=1 level=DEBUG
2026-03-14 02:57:54.135 runner heartbeat queue_depth=2 workers_busy=1 level=DEBUG
2026-03-14 02:21:52.562 runner heartbeat queue_depth=0 workers_busy=3 level=DEBUG
2026-03-14 03:09:13.280 runner heartbeat queue_depth=8 workers_busy=0 level=DEBUG
2026-03-14 03:01:47.642 runner heartbeat queue_depth=1 workers_busy=2 level=DEBUG
2026-03-14 02:45:24.658 runner heartbeat queue_depth=8 workers_busy=0 level=DEBUG
2026-03-14 02:31:15.957 runner heartbeat queue_depth=7 workers_busy=2 level=DEBUG
2026-03-14 02:28:32.461 runner heartbeat queue_depth=0 workers_busy=0 level=DEBUG
2026-03-14 02:35:40.207 runner heartbeat queue_depth=6 workers_busy=0 level=DEBUG
2026-03-14 02:28:15.377 runner heartbeat queue_depth=3 workers_busy=3 level=DEBUG
2026-03-14 02:40:11.341 runner heartbeat queue_depth=5 workers_busy=2 level=DEBUG
2026-03-14 02:49:09.904 runner heartbeat queue_depth=6 workers_busy=3 level=DEBUG
2026-03-14 02:30:30.547 runner heartbeat queue_depth=7 workers_busy=1 level=DEBUG
2026-03-14 02:38:06.685 runner heartbeat queue_depth=4 workers_busy=2 level=DEBUG
2026-03-14 02:10:51.628 runner heartbeat queue_depth=0 workers_busy=3 level=DEBUG
2026-03-14 03:09:49.808 runner heartbeat queue_depth=1 workers_busy=3 level=DEBUG
2026-03-14 02:39:40.699 runner heartbeat queue_depth=6 workers_busy=3 level=DEBUG
2026-03-14 02:49:08.963 runner heartbeat queue_depth=0 workers_busy=3 level=DEBUG
2026-03-14 02:40:21.128 runner heartbeat queue_depth=6 workers_busy=3 level=DEBUG
2026-03-14 02:26:53.239 runner heartbeat queue_depth=6 workers_busy=2 level=DEBUG
2026-03-14 02:14:22.829 runner heartbeat queue_depth=4 workers_busy=3 level=DEBUG
2026-03-14 02:54:21.316 runner heartbeat queue_depth=7 workers_busy=3 level=DEBUG
2026-03-14 02:01:07.055 runner heartbeat queue_depth=0 workers_busy=1 level=DEBUG
2026-03-14 02:28:46.723 runner heartbeat queue_depth=6 workers_busy=2 level=DEBUG
2026-03-14 03:02:18.586 runner heartbeat queue_depth=1 workers_busy=3 level=DEBUG
2026-03-14 02:01:43.763 runner heartbeat queue_depth=4 workers_busy=1 level=DEBUG
2026-03-14 02:50:42.713 runner heartbeat queue_depth=0 workers_busy=3 level=DEBUG
2026-03-14 02:30:27.444 runner heartbeat queue_depth=5 workers_busy=3 level=DEBUG
2026-03-14 03:10:10.187 runner heartbeat queue_depth=8 workers_busy=2 level=DEBUG
2026-03-14 02:10:48.068 runner heartbeat queue_depth=8 workers_busy=3 level=DEBUG
2026-03-14 02:11:00.813 runner heartbeat queue_depth=8 workers_busy=1 level=DEBUG
2026-03-14 03:03:57.894 runner heartbeat queue_depth=6 workers_busy=0 level=DEBUG
2026-03-14 02:49:22.319 runner heartbeat queue_depth=8 workers_busy=1 level=DEBUG
2026-03-14 02:06:51.396 runner heartbeat queue_depth=0 workers_busy=1 level=DEBUG
2026-03-14 03:04:34.203 runner heartbeat queue_depth=8 workers_busy=2 level=DEBUG
2026-03-14 03:06:27.358 runner heartbeat queue_depth=0 workers_busy=2 level=DEBUG
2026-03-14 03:08:28.019 runner heartbeat queue_depth=1 workers_busy=3 level=DEBUG
2026-03-14 02:02:34.816 runner heartbeat queue_depth=3 workers_busy=0 level=DEBUG
2026-03-14 03:18:53.973 runner heartbeat queue_depth=4 workers_busy=2 level=DEBUG
2026-03-14 03:10:29.985 runner heartbeat queue_depth=2 workers_busy=1 level=DEBUG
2026-03-14 02:50:50.355 runner heartbeat queue_depth=7 workers_busy=1 level=DEBUG
2026-03-14 02:34:16.071 runner heartbeat queue_depth=6 workers_busy=3 level=DEBUG
2026-03-14 02:53:12.573 runner heartbeat queue_depth=1 workers_busy=2 level=DEBUG
2026-03-14 02:11:00.001 runner heartbeat queue_depth=8 workers_busy=3 level=DEBUG
2026-03-14 02:10:16.123 runner heartbeat queue_depth=1 workers_busy=2 level=DEBUG
2026-03-14 03:02:47.037 runner heartbeat queue_depth=7 workers_busy=3 level=DEBUG
2026-03-14 02:36:29.654 runner heartbeat queue_depth=8 workers_busy=3 level=DEBUG
2026-03-14 02:39:11.689 runner heartbeat queue_depth=8 workers_busy=0 level=DEBUG
2026-03-14 03:12:47.524 runner heartbeat queue_depth=2 workers_busy=0 level=DEBUG
2026-03-14 02:59:16.032 runner heartbeat queue_depth=4 workers_busy=0 level=DEBUG
2026-03-14 02:40:30.020 runner heartbeat queue_depth=5 workers_busy=0 level=DEBUG
2026-03-14 02:48:18.586 runner heartbeat queue_depth=5 workers_busy=3 level=DEBUG
2026-03-14 02:08:25.953 runner heartbeat queue_depth=3 workers_busy=3 level=DEBUG
2026-03-14 02:25:40.329 runner heartbeat queue_depth=4 workers_busy=2 level=DEBUG
2026-03-14 02:49:02.496 runner heartbeat queue_depth=5 workers_busy=2 level=DEBUG
2026-03-14 02:40:22.515 runner heartbeat queue_depth=7 workers_busy=1 level=DEBUG
2026-03-14 02:54:11.420 runner heartbeat queue_depth=6 workers_busy=0 level=DEBUG
2026-03-14 02:04:17.581 runner heartbeat queue_depth=7 workers_busy=3 level=DEBUG
2026-03-14 02:03:00.601 runner heartbeat queue_depth=7 workers_busy=1 level=DEBUG
2026-03-14 03:17:35.793 runner heartbeat queue_depth=7 workers_busy=1 level=DEBUG
2026-03-14 02:19:42.890 runner heartbeat queue_depth=4 workers_busy=3 level=DEBUG
2026-03-14 02:08:01.731 runner heartbeat queue_depth=8 workers_busy=2 level=DEBUG
2026-03-14 03:07:32.378 runner heartbeat queue_depth=0 workers_busy=1 level=DEBUG
2026-03-14 03:00:14.843 runner heartbeat queue_depth=8 workers_busy=2 level=DEBUG
2026-03-14 02:19:10.052 runner heartbeat queue_depth=8 workers_busy=3 level=DEBUG
2026-03-14 02:21:32.142 runner heartbeat queue_depth=5 workers_busy=0 level=DEBUG
2026-03-14 02:56:02.463 runner heartbeat queue_depth=2 workers_busy=3 level=DEBUG
2026-03-14 02:14:01.767 runner heartbeat queue_depth=4 workers_busy=1 level=DEBUG
2026-03-14 02:59:07.579 runner heartbeat queue_depth=2 workers_busy=2 level=DEBUG
2026-03-14 02:33:08.276 runner heartbeat queue_depth=0 workers_busy=0 level=DEBUG
2026-03-14 03:18:18.445 runner heartbeat queue_depth=3 workers_busy=2 level=DEBUG
2026-03-14 02:03:01.384 runner heartbeat queue_depth=2 workers_busy=0 level=DEBUG
2026-03-14 02:21:14.904 runner heartbeat queue_depth=3 workers_busy=2 level=DEBUG
2026-03-14 03:13:53.446 runner heartbeat queue_depth=6 workers_busy=0 level=DEBUG
2026-03-14 02:37:20.919 runner heartbeat queue_depth=0 workers_busy=2 level=DEBUG
2026-03-14 02:18:35.086 runner heartbeat queue_depth=2 workers_busy=0 level=DEBUG
2026-03-14 02:02:41.020 runner heartbeat queue_depth=0 workers_busy=1 level=DEBUG
2026-03-14 02:29:20.880 runner heartbeat queue_depth=0 workers_busy=3 level=DEBUG
2026-03-14 02:03:18.342 runner heartbeat queue_depth=0 workers_busy=2 level=DEBUG
2026-03-14 02:45:05.264 runner heartbeat queue_depth=8 workers_busy=3 level=DEBUG
2026-03-14 02:03:02.459 runner heartbeat queue_depth=4 workers_busy=2 level=DEBUG
2026-03-14 02:19:43.856 runner heartbeat queue_depth=1 workers_busy=1 level=DEBUG
2026-03-14 02:33:08.919 runner heartbeat queue_depth=8 workers_busy=0 level=DEBUG
2026-03-14 02:32:57.005 runner heartbeat queue_depth=0 workers_busy=1 level=DEBUG
2026-03-14 02:26:56.433 runner heartbeat queue_depth=5 workers_busy=3 level=DEBUG
2026-03-14 02:35:20.360 runner heartbeat queue_depth=1 workers_busy=2 level=DEBUG
2026-03-14 02:39:04.857 runner heartbeat queue_depth=2 workers_busy=1 level=DEBUG
2026-03-14 03:03:56.238 runner heartbeat queue_depth=2 workers_busy=0 level=DEBUG
2026-03-14 03:14:12.464 runner heartbeat queue_depth=2 workers_busy=3 level=DEBUG
2026-03-14 02:19:40.196 runner heartbeat queue_depth=3 workers_busy=0 level=DEBUG
2026-03-14 03:00:13.339 runner heartbeat queue_depth=3 workers_busy=1 level=DEBUG
2026-03-14 02:17:37.507 runner heartbeat queue_depth=7 workers_busy=2 level=DEBUG
2026-03-14 02:47:47.776 runner heartbeat queue_depth=4 workers_busy=1 level=DEBUG
2026-03-14 02:55:15.242 runner heartbeat queue_depth=8 workers_busy=3 level=DEBUG
2026-03-14 03:16:04.905 runner heartbeat queue_depth=4 workers_busy=0 level=DEBUG
2026-03-14 02:54:06.364 runner heartbeat queue_depth=6 workers_busy=0 level=DEBUG
2026-03-14 02:38:53.742 runner heartbeat queue_depth=7 workers_busy=0 level=DEBUG
2026-03-14 02:18:43.914 runner heartbeat queue_depth=1 workers_busy=1 level=DEBUG
2026-03-14 03:17:26.006 runner heartbeat queue_depth=1 workers_busy=0 level=DEBUG
2026-03-14 03:13:34.297 runner heartbeat queue_depth=6 workers_busy=3 level=DEBUG
2026-03-14 03:05:51.598 runner heartbeat queue_depth=8 workers_busy=0 level=DEBUG
2026-03-14 02:01:52.881 runner heartbeat queue_depth=0 workers_busy=2 level=DEBUG
2026-03-14 03:17:06.989 runner heartbeat queue_depth=2 workers_busy=3 level=DEBUG
2026-03-14 02:02:32.178 runner heartbeat queue_depth=2 workers_busy=3 level=DEBUG
2026-03-14 02:56:32.278 runner heartbeat queue_depth=0 workers_busy=1 level=DEBUG
2026-03-14 03:01:35.124 runner heartbeat queue_depth=3 workers_busy=3 level=DEBUG
2026-03-14 02:43:02.656 runner heartbeat queue_depth=4 workers_busy=3 level=DEBUG
2026-03-14 02:14:53.153 runner heartbeat queue_depth=1 workers_busy=2 level=DEBUG
2026-03-14 02:54:48.855 runner heartbeat queue_depth=3 workers_busy=2 level=DEBUG
2026-03-14 02:47:24.565 runner heartbeat queue_depth=3 workers_busy=3 level=DEBUG
2026-03-14 02:56:14.980 runner heartbeat queue_depth=6 workers_busy=1 level=DEBUG
2026-03-14 02:46:01.852 runner heartbeat queue_depth=5 workers_busy=2 level=DEBUG
2026-03-14 02:58:47.203 runner heartbeat queue_depth=4 workers_busy=3 level=DEBUG
2026-03-14 02:00:27.819 runner heartbeat queue_depth=4 workers_busy=0 level=DEBUG
2026-03-14 02:49:30.070 runner heartbeat queue_depth=4 workers_busy=3 level=DEBUG
2026-03-14 02:44:27.994 runner heartbeat queue_depth=1 workers_busy=0 level=DEBUG
2026-03-14 02:52:37.114 runner heartbeat queue_depth=8 workers_busy=0 level=DEBUG
2026-03-14 03:14:31.713 runner heartbeat queue_depth=3 workers_busy=0 level=DEBUG
2026-03-14 02:21:07.044 runner heartbeat queue_depth=3 workers_busy=2 level=DEBUG
2026-03-14 02:58:43.779 runner heartbeat queue_depth=3 workers_busy=3 level=DEBUG
2026-03-14 02:56:02.153 runner heartbeat queue_depth=7 workers_busy=0 level=DEBUG
2026-03-14 02:58:41.180 runner heartbeat queue_depth=1 workers_busy=3 level=DEBUG
2026-03-14 03:13:32.056 runner heartbeat queue_depth=7 workers_busy=3 level=DEBUG
2026-03-14 02:01:49.042 runner heartbeat queue_depth=0 workers_busy=3 level=DEBUG
2026-03-14 02:08:30.724 runner heartbeat queue_depth=7 workers_busy=0 level=DEBUG
2026-03-14 03:14:32.296 runner heartbeat queue_depth=8 workers_busy=0 level=DEBUG
2026-03-14 03:09:19.771 runner heartbeat queue_depth=5 workers_busy=3 level=DEBUG
2026-03-14 02:55:23.444 runner heartbeat queue_depth=8 workers_busy=3 level=DEBUG
2026-03-14 02:32:07.014 runner heartbeat queue_depth=1 workers_busy=0 level=DEBUG
2026-03-14 02:27:22.313 runner heartbeat queue_depth=0 workers_busy=3 level=DEBUG
2026-03-14 02:48:20.381 runner heartbeat queue_depth=4 workers_busy=2 level=DEBUG
2026-03-14 03:10:25.545 runner heartbeat queue_depth=3 workers_busy=2 level=DEBUG
2026-03-14 02:35:19.413 runner heartbeat queue_depth=6 workers_busy=1 level=DEBUG
2026-03-14 02:11:16.427 runner heartbeat queue_depth=6 workers_busy=1 level=DEBUG
2026-03-14 02:11:54.142 runner heartbeat queue_depth=0 workers_busy=0 level=DEBUG
2026-03-14 02:56:25.316 runner heartbeat queue_depth=0 workers_busy=0 level=DEBUG
2026-03-14 02:23:16.790 runner heartbeat queue_depth=8 workers_busy=3 level=DEBUG
2026-03-14 02:57:22.822 runner heartbeat queue_depth=8 workers_busy=3 level=DEBUG
2026-03-14 02:49:44.451 runner heartbeat queue_depth=5 workers_busy=0 level=DEBUG
2026-03-14 02:19:53.981 runner heartbeat queue_depth=5 workers_busy=1 level=DEBUG
2026-03-14 02:17:33.919 runner heartbeat queue_depth=0 workers_busy=1 level=DEBUG
2026-03-14 02:20:10.257 runner heartbeat queue_depth=5 workers_busy=0 level=DEBUG
2026-03-14 02:09:37.283 runner heartbeat queue_depth=1 workers_busy=1 level=DEBUG
2026-03-14 02:25:51.381 runner heartbeat queue_depth=6 workers_busy=0 level=DEBUG
2026-03-14 02:25:12.705 runner heartbeat queue_depth=6 workers_busy=1 level=DEBUG
2026-03-14 02:44:55.555 runner heartbeat queue_depth=2 workers_busy=1 level=DEBUG
2026-03-14 02:46:20.293 runner heartbeat queue_depth=1 workers_busy=3 level=DEBUG
2026-03-14 03:12:36.977 runner heartbeat queue_depth=4 workers_busy=1 level=DEBUG
2026-03-14 03:08:59.482 runner heartbeat queue_depth=1 workers_busy=1 level=DEBUG
2026-03-14 02:01:33.216 runner heartbeat queue_depth=0 workers_busy=3 level=DEBUG
2026-03-14 03:03:51.924 runner heartbeat queue_depth=7 workers_busy=3 level=DEBUG
2026-03-14 02:58:24.939 runner heartbeat queue_depth=3 workers_busy=3 level=DEBUG
2026-03-14 03:07:51.358 runner heartbeat queue_depth=7 workers_busy=3 level=DEBUG
2026-03-14 02:21:50.921 runner heartbeat queue_depth=1 workers_busy=3 level=DEBUG
2026-03-14 02:15:55.870 runner heartbeat queue_depth=7 workers_busy=1 level=DEBUG
2026-03-14 03:08:56.668 runner heartbeat queue_depth=6 workers_busy=2 level=DEBUG
2026-03-14 02:44:04.757 runner heartbeat queue_depth=7 workers_busy=1 level=DEBUG
2026-03-14 02:34:16.100 runner heartbeat queue_depth=4 workers_busy=3 level=DEBUG
2026-03-14 02:24:49.530 runner heartbeat queue_depth=6 workers_busy=2 level=DEBUG
2026-03-14 02:37:24.149 runner heartbeat queue_depth=8 workers_busy=0 level=DEBUG
2026-03-14 03:16:02.078 runner heartbeat queue_depth=7 workers_busy=0 level=DEBUG
2026-03-14 02:28:39.982 runner heartbeat queue_depth=3 workers_busy=2 level=DEBUG
2026-03-14 02:06:34.404 runner heartbeat queue_depth=0 workers_busy=3 level=DEBUG
2026-03-14 03:02:56.215 runner heartbeat queue_depth=2 workers_busy=2 level=DEBUG
2026-03-14 02:58:50.653 runner heartbeat queue_depth=8 workers_busy=0 level=DEBUG
2026-03-14 02:57:29.239 runner heartbeat queue_depth=2 workers_busy=1 level=DEBUG
2026-03-14 02:25:54.488 runner heartbeat queue_depth=6 workers_busy=2 level=DEBUG
2026-03-14 02:46:44.813 runner heartbeat queue_depth=4 workers_busy=0 level=DEBUG
2026-03-14 02:17:25.323 runner heartbeat queue_depth=1 workers_busy=0 level=DEBUG
2026-03-14 02:02:54.975 runner heartbeat queue_depth=6 workers_busy=3 level=DEBUG
2026-03-14 02:48:22.564 runner heartbeat queue_depth=1 workers_busy=1 level=DEBUG
2026-03-14 02:37:53.665 runner heartbeat queue_depth=8 workers_busy=3 level=DEBUG
2026-03-14 02:58:10.563 runner heartbeat queue_depth=5 workers_busy=2 level=DEBUG
2026-03-14 02:18:09.327 runner heartbeat queue_depth=8 workers_busy=2 level=DEBUG
2026-03-14 02:25:31.863 runner heartbeat queue_depth=8 workers_busy=2 level=DEBUG
2026-03-14 02:54:26.334 runner heartbeat queue_depth=3 workers_busy=2 level=DEBUG
2026-03-14 02:56:14.560 runner heartbeat queue_depth=2 workers_busy=3 level=DEBUG
2026-03-14 02:08:36.870 runner heartbeat queue_depth=2 workers_busy=2 level=DEBUG
2026-03-14 02:04:34.973 runner heartbeat queue_depth=7 workers_busy=3 level=DEBUG
2026-03-14 03:13:49.605 runner heartbeat queue_depth=1 workers_busy=3 level=DEBUG
2026-03-14 02:20:24.829 runner heartbeat queue_depth=0 workers_busy=0 level=DEBUG
2026-03-14 02:03:24.128 runner heartbeat queue_depth=6 workers_busy=2 level=DEBUG
2026-03-14 02:54:24.422 runner heartbeat queue_depth=4 workers_busy=0 level=DEBUG
2026-03-14 02:55:54.991 runner heartbeat queue_depth=7 workers_busy=0 level=DEBUG
2026-03-14 02:12:12.724 runner heartbeat queue_depth=7 workers_busy=0 level=DEBUG
2026-03-14 02:08:37.801 runner heartbeat queue_depth=3 workers_busy=3 level=DEBUG
2026-03-14 02:33:52.658 runner heartbeat queue_depth=8 workers_busy=1 level=DEBUG
2026-03-14 02:37:10.343 runner heartbeat queue_depth=7 workers_busy=2 level=DEBUG
2026-03-14 02:53:52.762 runner heartbeat queue_depth=5 workers_busy=1 level=DEBUG
2026-03-14 03:11:52.751 runner heartbeat queue_depth=3 workers_busy=1 level=DEBUG
2026-03-14 02:32:39.977 runner heartbeat queue_depth=7 workers_busy=3 level=DEBUG
2026-03-14 03:05:07.232 runner heartbeat queue_depth=1 workers_busy=0 level=DEBUG
2026-03-14 03:00:02.447 runner heartbeat queue_depth=6 workers_busy=2 level=DEBUG
2026-03-14 02:47:42.915 runner heartbeat queue_depth=1 workers_busy=2 level=DEBUG
2026-03-14 02:02:46.622 runner heartbeat queue_depth=2 workers_busy=2 level=DEBUG
2026-03-14 02:23:31.183 runner heartbeat queue_depth=7 workers_busy=3 level=DEBUG
2026-03-14 02:21:44.497 runner heartbeat queue_depth=8 workers_busy=3 level=DEBUG
2026-03-14 02:38:47.968 runner heartbeat queue_depth=3 workers_busy=2 level=DEBUG
2026-03-14 03:11:32.196 runner heartbeat queue_depth=3 workers_busy=2 level=DEBUG
2026-03-14 03:17:26.179 runner heartbeat queue_depth=3 workers_busy=1 level=DEBUG
2026-03-14 02:07:49.961 runner heartbeat queue_depth=5 workers_busy=0 level=DEBUG
2026-03-14 02:28:12.554 runner heartbeat queue_depth=7 workers_busy=1 level=DEBUG
2026-03-14 02:02:18.768 runner heartbeat queue_depth=0 workers_busy=0 level=DEBUG
2026-03-14 02:30:30.523 runner heartbeat queue_depth=0 workers_busy=3 level=DEBUG
2026-03-14 02:38:59.997 runner heartbeat queue_depth=0 workers_busy=1 level=DEBUG
2026-03-14 02:36:37.286 runner heartbeat queue_depth=3 workers_busy=0 level=DEBUG
2026-03-14 02:09:17.462 runner heartbeat queue_depth=5 workers_busy=3 level=DEBUG
2026-03-14 03:08:00.869 runner heartbeat queue_depth=3 workers_busy=3 level=DEBUG
2026-03-14 02:34:49.900 runner heartbeat queue_depth=0 workers_busy=0 level=DEBUG
2026-03-14 02:31:34.779 runner heartbeat queue_depth=3 workers_busy=2 level=DEBUG
2026-03-14 02:30:27.240 runner heartbeat queue_depth=1 workers_busy=3 level=DEBUG
2026-03-14 02:17:42.267 runner heartbeat queue_depth=7 workers_busy=1 level=DEBUG
2026-03-14 02:18:39.876 runner heartbeat queue_depth=5 workers_busy=3 level=DEBUG
2026-03-14 02:16:36.516 runner heartbeat queue_depth=6 workers_busy=2 level=DEBUG
2026-03-14 02:17:13.886 runner heartbeat queue_depth=0 workers_busy=1 level=DEBUG
2026-03-14 03:02:37.551 runner heartbeat queue_depth=7 workers_busy=0 level=DEBUG
2026-03-14 03:07:50.726 runner heartbeat queue_depth=4 workers_busy=0 level=DEBUG
2026-03-14 02:18:48.156 runner heartbeat queue_depth=2 workers_busy=2 level=DEBUG
2026-03-14 02:30:13.325 runner heartbeat queue_depth=1 workers_busy=2 level=DEBUG
2026-03-14 02:35:51.696 runner heartbeat queue_depth=5 workers_busy=1 level=DEBUG
2026-03-14 02:42:22.929 runner heartbeat queue_depth=6 workers_busy=2 level=DEBUG
2026-03-14 02:39:41.454 runner heartbeat queue_depth=5 workers_busy=0 level=DEBUG
2026-03-14 02:53:51.994 runner heartbeat queue_depth=2 workers_busy=3 level=DEBUG
2026-03-14 02:08:03.612 runner heartbeat queue_depth=1 workers_busy=2 level=DEBUG
2026-03-14 03:14:56.485 runner heartbeat queue_depth=7 workers_busy=2 level=DEBUG
2026-03-14 02:10:18.807 runner heartbeat queue_depth=2 workers_busy=2 level=DEBUG
2026-03-14 03:12:09.313 runner heartbeat queue_depth=2 workers_busy=1 level=DEBUG
2026-03-14 02:25:32.336 runner heartbeat queue_depth=8 workers_busy=2 level=DEBUG
2026-03-14 02:01:23.803 runner heartbeat queue_depth=4 workers_busy=1 level=DEBUG
2026-03-14 02:38:59.185 runner heartbeat queue_depth=5 workers_busy=2 level=DEBUG
2026-03-14 02:12:06.660 runner heartbeat queue_depth=2 workers_busy=0 level=DEBUG
2026-03-14 03:01:59.910 runner heartbeat queue_depth=4 workers_busy=1 level=DEBUG
2026-03-14 02:46:33.797 runner heartbeat queue_depth=8 workers_busy=3 level=DEBUG
2026-03-14 02:18:08.514 runner heartbeat queue_depth=4 workers_busy=2 level=DEBUG
2026-03-14 02:07:35.244 runner heartbeat queue_depth=1 workers_busy=0 level=DEBUG
2026-03-14 02:02:07.980 runner heartbeat queue_depth=2 workers_busy=1 level=DEBUG
2026-03-14 02:40:52.922 runner heartbeat queue_depth=3 workers_busy=1 level=DEBUG
2026-03-14 02:05:56.483 runner heartbeat queue_depth=5 workers_busy=3 level=DEBUG
2026-03-14 02:38:11.538 runner heartbeat queue_depth=4 workers_busy=0 level=DEBUG
2026-03-14 02:43:09.546 runner heartbeat queue_depth=2 workers_busy=3 level=DEBUG
2026-03-14 02:39:06.990 runner heartbeat queue_depth=3 workers_busy=1 level=DEBUG
2026-03-14 02:31:42.226 runner heartbeat queue_depth=7 workers_busy=1 level=DEBUG
2026-03-14 02:37:33.125 runner heartbeat queue_depth=0 workers_busy=2 level=DEBUG
2026-03-14 02:37:52.446 runner heartbeat queue_depth=7 workers_busy=2 level=DEBUG
2026-03-14 02:18:23.593 runner heartbeat queue_depth=0 workers_busy=3 level=DEBUG
2026-03-14 02:34:55.255 runner heartbeat queue_depth=8 workers_busy=2 level=DEBUG
2026-03-14 03:01:08.188 runner heartbeat queue_depth=7 workers_busy=0 level=DEBUG
2026-03-14 02:29:00.186 runner heartbeat queue_depth=1 workers_busy=0 level=DEBUG
2026-03-14 02:34:32.413 runner heartbeat queue_depth=8 workers_busy=3 level=DEBUG
2026-03-14 02:54:17.218 runner heartbeat queue_depth=6 workers_busy=3 level=DEBUG
2026-03-14 03:13:32.389 runner heartbeat queue_depth=1 workers_busy=1 level=DEBUG
2026-03-14 03:04:58.162 runner heartbeat queue_depth=2 workers_busy=2 level=DEBUG
2026-03-14 02:28:17.079 runner heartbeat queue_depth=2 workers_busy=2 level=DEBUG
2026-03-14 02:26:31.052 runner heartbeat queue_depth=8 workers_busy=3 level=DEBUG
2026-03-14 03:00:27.710 runner heartbeat queue_depth=2 workers_busy=1 level=DEBUG
2026-03-14 02:24:06.255 runner heartbeat queue_depth=0 workers_busy=0 level=DEBUG
2026-03-14 02:13:36.184 runner heartbeat queue_depth=5 workers_busy=2 level=DEBUG
2026-03-14 02:19:40.895 runner heartbeat queue_depth=3 workers_busy=0 level=DEBUG
2026-03-14 03:03:19.965 runner heartbeat queue_depth=4 workers_busy=2 level=DEBUG
2026-03-14 02:27:22.886 runner heartbeat queue_depth=6 workers_busy=0 level=DEBUG
2026-03-14 02:52:51.196 runner heartbeat queue_depth=3 workers_busy=2 level=DEBUG
2026-03-14 02:15:40.769 runner heartbeat queue_depth=1 workers_busy=0 level=DEBUG
2026-03-14 02:53:16.560 runner heartbeat queue_depth=0 workers_busy=2 level=DEBUG
2026-03-14 02:29:19.885 runner heartbeat queue_depth=5 workers_busy=2 level=DEBUG
2026-03-14 02:57:04.876 runner heartbeat queue_depth=4 workers_busy=1 level=DEBUG
2026-03-14 02:37:01.056 runner heartbeat queue_depth=2 workers_busy=2 level=DEBUG
2026-03-14 02:03:45.083 runner heartbeat queue_depth=3 workers_busy=0 level=DEBUG
2026-03-14 02:47:37.511 runner heartbeat queue_depth=1 workers_busy=0 level=DEBUG
2026-03-14 02:01:50.639 runner heartbeat queue_depth=7 workers_busy=0 level=DEBUG
2026-03-14 02:31:02.763 runner heartbeat queue_depth=1 workers_busy=3 level=DEBUG
2026-03-14 03:05:09.891 runner heartbeat queue_depth=7 workers_busy=2 level=DEBUG
2026-03-14 03:16:39.501 runner heartbeat queue_depth=7 workers_busy=0 level=DEBUG
2026-03-14 02:25:28.216 runner heartbeat queue_depth=0 workers_busy=3 level=DEBUG
2026-03-14 02:51:28.145 runner heartbeat queue_depth=0 workers_busy=2 level=DEBUG
2026-03-14 03:05:26.468 runner heartbeat queue_depth=4 workers_busy=3 level=DEBUG
2026-03-14 03:13:28.683 runner heartbeat queue_depth=8 workers_busy=3 level=DEBUG
2026-03-14 02:48:46.728 runner heartbeat queue_depth=1 workers_busy=0 level=DEBUG
2026-03-14 03:13:15.431 runner heartbeat queue_depth=4 workers_busy=2 level=DEBUG
2026-03-14 02:35:31.479 runner heartbeat queue_depth=5 workers_busy=2 level=DEBUG
2026-03-14 02:04:22.115 runner heartbeat queue_depth=8 workers_busy=2 level=DEBUG
2026-03-14 02:57:40.737 runner heartbeat queue_depth=2 workers_busy=3 level=DEBUG
2026-03-14 03:03:49.015 runner heartbeat queue_depth=2 workers_busy=2 level=DEBUG
2026-03-14 02:08:40.343 runner heartbeat queue_depth=6 workers_busy=0 level=DEBUG
2026-03-14 02:40:20.540 runner heartbeat queue_depth=5 workers_busy=3 level=DEBUG
2026-03-14 02:09:04.563 runner heartbeat queue_depth=1 workers_busy=1 level=DEBUG
2026-03-14 02:57:34.939 runner heartbeat queue_depth=6 workers_busy=3 level=DEBUG
2026-03-14 03:10:13.430 runner heartbeat queue_depth=8 workers_busy=2 level=DEBUG
2026-03-14 02:48:01.275 runner heartbeat queue_depth=6 workers_busy=1 level=DEBUG
2026-03-14 02:15:34.391 runner heartbeat queue_depth=8 workers_busy=0 level=DEBUG
2026-03-14 02:47:00.716 runner heartbeat queue_depth=2 workers_busy=2 level=DEBUG
2026-03-14 02:24:54.789 runner heartbeat queue_depth=7 workers_busy=0 level=DEBUG
2026-03-14 03:03:14.472 runner heartbeat queue_depth=0 workers_busy=2 level=DEBUG
2026-03-14 02:34:36.042 runner heartbeat queue_depth=5 workers_busy=2 level=DEBUG
2026-03-14 02:26:32.733 runner heartbeat queue_depth=1 workers_busy=3 level=DEBUG
2026-03-14 02:58:48.884 runner heartbeat queue_depth=6 workers_busy=1 level=DEBUG
2026-03-14 03:18:39.465 runner heartbeat queue_depth=0 workers_busy=0 level=DEBUG
2026-03-14 03:01:08.298 runner heartbeat queue_depth=6 workers_busy=1 level=DEBUG
2026-03-14 02:59:40.372 runner heartbeat queue_depth=0 workers_busy=3 level=DEBUG
2026-03-14 02:07:00.538 runner heartbeat queue_depth=6 workers_busy=3 level=DEBUG
2026-03-14 02:40:27.615 runner heartbeat queue_depth=6 workers_busy=2 level=DEBUG
2026-03-14 02:04:34.398 runner heartbeat queue_depth=4 workers_busy=3 level=DEBUG
2026-03-14 02:21:21.356 runner heartbeat queue_depth=4 workers_busy=1 level=DEBUG
2026-03-14 02:06:18.019 runner heartbeat queue_depth=1 workers_busy=3 level=DEBUG
2026-03-14 02:03:26.147 runner heartbeat queue_depth=2 workers_busy=2 level=DEBUG
2026-03-14 03:07:30.055 runner heartbeat queue_depth=3 workers_busy=0 level=DEBUG
2026-03-14 03:08:20.927 runner heartbeat queue_depth=6 workers_busy=2 level=DEBUG
2026-03-14 02:57:31.543 runner heartbeat queue_depth=5 workers_busy=1 level=DEBUG
2026-03-14 02:35:50.979 runner heartbeat queue_depth=4 workers_busy=2 level=DEBUG
2026-03-14 02:31:35.860 runner heartbeat queue_depth=5 workers_busy=3 level=DEBUG
2026-03-14 02:56:14.022 runner heartbeat queue_depth=8 workers_busy=2 level=DEBUG
2026-03-14 02:59:55.235 runner heartbeat queue_depth=1 workers_busy=0 level=DEBUG
2026-03-14 02:23:43.336 runner heartbeat queue_depth=0 workers_busy=2 level=DEBUG
2026-03-14 02:52:27.093 runner heartbeat queue_depth=1 workers_busy=3 level=DEBUG
2026-03-14 03:03:51.958 runner heartbeat queue_depth=4 workers_busy=2 level=DEBUG
2026-03-14 03:17:47.872 runner heartbeat queue_depth=0 workers_busy=2 level=DEBUG
2026-03-14 02:47:24.954 runner heartbeat queue_depth=2 workers_busy=0 level=DEBUG
2026-03-14 02:06:10.761 runner heartbeat queue_depth=2 workers_busy=2 level=DEBUG
2026-03-14 02:35:09.893 runner heartbeat queue_depth=1 workers_busy=0 level=DEBUG
2026-03-14 02:15:18.174 runner heartbeat queue_depth=1 workers_busy=2 level=DEBUG
2026-03-14 02:24:31.597 runner heartbeat queue_depth=4 workers_busy=3 level=DEBUG
2026-03-14 03:08:15.121 runner heartbeat queue_depth=4 workers_busy=0 level=DEBUG
2026-03-14 03:17:35.830 runner heartbeat queue_depth=6 workers_busy=3 level=DEBUG
2026-03-14 02:35:21.895 runner heartbeat queue_depth=8 workers_busy=3 level=DEBUG
2026-03-14 03:10:33.109 runner heartbeat queue_depth=2 workers_busy=1 level=DEBUG
2026-03-14 02:13:27.845 runner heartbeat queue_depth=2 workers_busy=3 level=DEBUG
2026-03-14 03:07:37.477 runner heartbeat queue_depth=0 workers_busy=1 level=DEBUG
2026-03-14 03:16:00.935 runner heartbeat queue_depth=5 workers_busy=1 level=DEBUG
2026-03-14 02:32:35.367 runner heartbeat queue_depth=4 workers_busy=0 level=DEBUG
2026-03-14 02:57:20.906 runner heartbeat queue_depth=3 workers_busy=0 level=DEBUG
2026-03-14 02:18:02.953 runner heartbeat queue_depth=5 workers_busy=3 level=DEBUG
2026-03-14 02:27:31.319 runner heartbeat queue_depth=3 workers_busy=3 level=DEBUG
2026-03-14 02:22:22.210 runner heartbeat queue_depth=3 workers_busy=3 level=DEBUG
2026-03-14 02:12:30.091 runner heartbeat queue_depth=4 workers_busy=3 level=DEBUG
2026-03-14 02:50:25.728 runner heartbeat queue_depth=0 workers_busy=0 level=DEBUG
2026-03-14 02:28:24.126 runner heartbeat queue_depth=2 workers_busy=1 level=DEBUG
2026-03-14 02:48:23.839 runner heartbeat queue_depth=3 workers_busy=1 level=DEBUG
2026-03-14 03:18:24.157 runner heartbeat queue_depth=0 workers_busy=0 level=DEBUG
2026-03-14 02:06:10.422 runner heartbeat queue_depth=5 workers_busy=2 level=DEBUG
2026-03-14 03:06:04.192 runner heartbeat queue_depth=1 workers_busy=1 level=DEBUG
2026-03-14 02:34:40.367 runner heartbeat queue_depth=0 workers_busy=0 level=DEBUG
2026-03-14 02:39:17.253 runner heartbeat queue_depth=0 workers_busy=3 level=DEBUG
2026-03-14 02:58:09.147 runner heartbeat queue_depth=2 workers_busy=3 level=DEBUG
2026-03-14 02:22:13.738 runner heartbeat queue_depth=4 workers_busy=3 level=DEBUG
2026-03-14 02:19:56.532 runner heartbeat queue_depth=0 workers_busy=3 level=DEBUG
2026-03-14 02:36:44.605 runner heartbeat queue_depth=2 workers_busy=1 level=DEBUG
2026-03-14 02:24:04.032 runner heartbeat queue_depth=3 workers_busy=2 level=DEBUG
2026-03-14 03:10:12.200 runner heartbeat queue_depth=6 workers_busy=0 level=DEBUG
2026-03-14 02:54:37.406 runner heartbeat queue_depth=3 workers_busy=0 level=DEBUG
2026-03-14 03:00:11.162 runner heartbeat queue_depth=1 workers_busy=2 level=DEBUG
2026-03-14 03:13:55.602 runner heartbeat queue_depth=4 workers_busy=2 level=DEBUG
2026-03-14 03:09:10.719 runner heartbeat queue_depth=7 workers_busy=2 level=DEBUG
2026-03-14 02:42:57.319 runner heartbeat queue_depth=0 workers_busy=1 level=DEBUG
2026-03-14 03:00:02.035 runner heartbeat queue_depth=2 workers_busy=2 level=DEBUG
2026-03-14 02:07:43.257 runner heartbeat queue_depth=1 workers_busy=1 level=DEBUG
2026-03-14 02:46:45.081 runner heartbeat queue_depth=1 workers_busy=2 level=DEBUG
2026-03-14 02:21:56.172 runner heartbeat queue_depth=2 workers_busy=2 level=DEBUG
2026-03-14 02:04:35.087 runner heartbeat queue_depth=2 workers_busy=2 level=DEBUG
2026-03-14 02:29:58.623 runner heartbeat queue_depth=6 workers_busy=2 level=DEBUG
2026-03-14 02:26:40.323 runner heartbeat queue_depth=1 workers_busy=1 level=DEBUG
2026-03-14 03:12:37.208 runner heartbeat queue_depth=1 workers_busy=1 level=DEBUG
2026-03-14 03:16:35.318 runner heartbeat queue_depth=4 workers_busy=2 level=DEBUG
2026-03-14 02:42:22.582 runner heartbeat queue_depth=0 workers_busy=2 level=DEBUG
2026-03-14 02:10:22.396 runner heartbeat queue_depth=7 workers_busy=2 level=DEBUG
2026-03-14 03:07:20.233 runner heartbeat queue_depth=5 workers_busy=0 level=DEBUG
2026-03-14 02:42:40.844 runner heartbeat queue_depth=7 workers_busy=3 level=DEBUG
2026-03-14 02:01:33.838 runner heartbeat queue_depth=8 workers_busy=2 level=DEBUG
2026-03-14 02:19:49.932 runner heartbeat queue_depth=0 workers_busy=1 level=DEBUG
2026-03-14 02:11:00.999 runner heartbeat queue_depth=2 workers_busy=2 level=DEBUG
2026-03-14 03:10:31.345 runner heartbeat queue_depth=7 workers_busy=2 level=DEBUG
2026-03-14 02:25:44.504 runner heartbeat queue_depth=3 workers_busy=1 level=DEBUG
2026-03-14 02:28:35.100 runner heartbeat queue_depth=2 workers_busy=1 level=DEBUG
2026-03-14 02:23:27.910 runner heartbeat queue_depth=8 workers_busy=1 level=DEBUG
2026-03-14 02:08:28.746 runner heartbeat queue_depth=4 workers_busy=2 level=DEBUG
2026-03-14 02:21:45.850 runner heartbeat queue_depth=7 workers_busy=3 level=DEBUG
2026-03-14 02:18:10.302 runner heartbeat queue_depth=2 workers_busy=1 level=DEBUG
2026-03-14 02:30:18.805 runner heartbeat queue_depth=5 workers_busy=1 level=DEBUG
2026-03-14 02:51:39.497 runner heartbeat queue_depth=4 workers_busy=1 level=DEBUG
2026-03-14 02:25:55.973 runner heartbeat queue_depth=7 workers_busy=1 level=DEBUG
2026-03-14 03:12:10.134 runner heartbeat queue_depth=7 workers_busy=1 level=DEBUG
2026-03-14 02:00:18.349 runner heartbeat queue_depth=2 workers_busy=0 level=DEBUG
2026-03-14 02:06:30.439 runner heartbeat queue_depth=6 workers_busy=2 level=DEBUG
2026-03-14 02:41:02.167 runner heartbeat queue_depth=0 workers_busy=1 level=DEBUG
2026-03-14 03:07:40.551 runner heartbeat queue_depth=1 workers_busy=2 level=DEBUG
2026-03-14 02:47:54.675 runner heartbeat queue_depth=2 workers_busy=3 level=DEBUG
2026-03-14 03:08:27.457 runner heartbeat queue_depth=0 workers_busy=2 level=DEBUG
2026-03-14 02:35:51.934 runner heartbeat queue_depth=6 workers_busy=3 level=DEBUG
2026-03-14 03:07:31.443 runner heartbeat queue_depth=0 workers_busy=3 level=DEBUG
2026-03-14 03:12:15.439 runner heartbeat queue_depth=4 workers_busy=0 level=DEBUG
2026-03-14 02:27:29.271 runner heartbeat queue_depth=0 workers_busy=2 level=DEBUG
2026-03-14 02:03:11.215 runner heartbeat queue_depth=2 workers_busy=3 level=DEBUG
2026-03-14 02:42:47.233 runner heartbeat queue_depth=2 workers_busy=2 level=DEBUG
2026-03-14 03:14:53.838 runner heartbeat queue_depth=8 workers_busy=3 level=DEBUG
2026-03-14 02:35:18.028 runner heartbeat queue_depth=1 workers_busy=3 level=DEBUG
2026-03-14 03:15:58.296 runner heartbeat queue_depth=6 workers_busy=2 level=DEBUG
2026-03-14 03:12:38.414 runner heartbeat queue_depth=8 workers_busy=3 level=DEBUG
2026-03-14 02:40:13.499 runner heartbeat queue_depth=8 workers_busy=1 level=DEBUG
2026-03-14 02:19:29.550 runner heartbeat queue_depth=3 workers_busy=1 level=DEBUG
2026-03-14 02:07:20.824 runner heartbeat queue_depth=6 workers_busy=3 level=DEBUG
2026-03-14 03:12:04.477 runner heartbeat queue_depth=4 workers_busy=2 level=DEBUG
2026-03-14 02:47:46.676 runner heartbeat queue_depth=3 workers_busy=0 level=DEBUG
2026-03-14 02:54:37.307 runner heartbeat queue_depth=0 workers_busy=2 level=DEBUG
2026-03-14 02:07:47.623 runner heartbeat queue_depth=2 workers_busy=1 level=DEBUG
2026-03-14 02:35:01.512 runner heartbeat queue_depth=1 workers_busy=3 level=DEBUG
2026-03-14 02:36:43.293 runner heartbeat queue_depth=7 workers_busy=0 level=DEBUG
2026-03-14 02:03:57.768 runner heartbeat queue_depth=8 workers_busy=1 level=DEBUG
2026-03-14 02:11:09.211 runner heartbeat queue_depth=0 workers_busy=0 level=DEBUG
2026-03-14 03:18:23.317 runner heartbeat queue_depth=4 workers_busy=1 level=DEBUG
2026-03-14 02:58:45.643 runner heartbeat queue_depth=5 workers_busy=2 level=DEBUG
2026-03-14 03:12:28.674 runner heartbeat queue_depth=3 workers_busy=2 level=DEBUG
2026-03-14 02:31:03.219 runner heartbeat queue_depth=0 workers_busy=3 level=DEBUG
2026-03-14 02:44:01.574 runner heartbeat queue_depth=1 workers_busy=0 level=DEBUG
2026-03-14 02:08:41.429 runner heartbeat queue_depth=7 workers_busy=1 level=DEBUG
2026-03-14 02:04:35.645 runner heartbeat queue_depth=5 workers_busy=3 level=DEBUG
2026-03-14 02:01:45.869 runner heartbeat queue_depth=8 workers_busy=0 level=DEBUG
2026-03-14 03:16:16.542 runner heartbeat queue_depth=2 workers_busy=1 level=DEBUG
2026-03-14 02:43:14.619 runner heartbeat queue_depth=8 workers_busy=0 level=DEBUG
2026-03-14 03:00:19.095 runner heartbeat queue_depth=8 workers_busy=0 level=DEBUG
2026-03-14 02:10:01.190 runner heartbeat queue_depth=5 workers_busy=0 level=DEBUG
2026-03-14 02:43:51.363 runner heartbeat queue_depth=1 workers_busy=1 level=DEBUG
2026-03-14 02:57:40.237 runner heartbeat queue_depth=1 workers_busy=0 level=DEBUG
2026-03-14 03:04:58.264 runner heartbeat queue_depth=7 workers_busy=3 level=DEBUG
2026-03-14 02:55:02.689 runner heartbeat queue_depth=4 workers_busy=1 level=DEBUG
2026-03-14 02:30:50.990 runner heartbeat queue_depth=3 workers_busy=3 level=DEBUG
2026-03-14 02:56:16.786 runner heartbeat queue_depth=7 workers_busy=3 level=DEBUG
2026-03-14 02:55:46.998 runner heartbeat queue_depth=5 workers_busy=0 level=DEBUG
2026-03-14 02:31:54.453 runner heartbeat queue_depth=6 workers_busy=2 level=DEBUG
2026-03-14 03:15:01.495 runner heartbeat queue_depth=3 workers_busy=2 level=DEBUG
2026-03-14 02:55:11.397 runner heartbeat queue_depth=5 workers_busy=2 level=DEBUG
2026-03-14 02:52:44.075 runner heartbeat queue_depth=2 workers_busy=2 level=DEBUG
2026-03-14 02:49:32.435 runner heartbeat queue_depth=6 workers_busy=2 level=DEBUG
2026-03-14 03:02:33.924 runner heartbeat queue_depth=0 workers_busy=2 level=DEBUG
2026-03-14 03:04:47.278 runner heartbeat queue_depth=6 workers_busy=0 level=DEBUG
2026-03-14 03:00:46.279 runner heartbeat queue_depth=7 workers_busy=1 level=DEBUG
2026-03-14 02:24:38.068 runner heartbeat queue_depth=0 workers_busy=2 level=DEBUG
2026-03-14 02:30:59.815 runner heartbeat queue_depth=6 workers_busy=2 level=DEBUG
2026-03-14 02:57:04.952 runner heartbeat queue_depth=6 workers_busy=0 level=DEBUG
2026-03-14 03:02:00.404 runner heartbeat queue_depth=0 workers_busy=3 level=DEBUG
2026-03-14 03:06:58.519 runner heartbeat queue_depth=4 workers_busy=3 level=DEBUG
2026-03-14 02:37:39.118 runner heartbeat queue_depth=5 workers_busy=1 level=DEBUG
2026-03-14 02:04:01.119 runner heartbeat queue_depth=8 workers_busy=0 level=DEBUG
2026-03-14 02:30:39.639 runner heartbeat queue_depth=1 workers_busy=2 level=DEBUG
2026-03-14 03:09:41.360 runner heartbeat queue_depth=2 workers_busy=1 level=DEBUG
2026-03-14 02:00:25.012 runner heartbeat queue_depth=0 workers_busy=3 level=DEBUG
2026-03-14 02:53:54.526 runner heartbeat queue_depth=2 workers_busy=1 level=DEBUG
2026-03-14 02:05:35.382 runner heartbeat queue_depth=4 workers_busy=3 level=DEBUG
2026-03-14 02:29:38.637 runner heartbeat queue_depth=4 workers_busy=0 level=DEBUG
2026-03-14 03:01:04.201 runner heartbeat queue_depth=0 workers_busy=1 level=DEBUG
2026-03-14 02:33:13.044 runner heartbeat queue_depth=3 workers_busy=3 level=DEBUG
2026-03-14 02:32:28.002 runner heartbeat queue_depth=2 workers_busy=1 level=DEBUG
2026-03-14 02:40:31.514 runner heartbeat queue_depth=4 workers_busy=1 level=DEBUG
2026-03-14 02:05:55.911 runner heartbeat queue_depth=5 workers_busy=2 level=DEBUG
2026-03-14 02:54:03.675 runner heartbeat queue_depth=7 workers_busy=3 level=DEBUG
2026-03-14 03:03:09.084 runner heartbeat queue_depth=8 workers_busy=1 level=DEBUG
2026-03-14 02:40:38.387 runner heartbeat queue_depth=1 workers_busy=2 level=DEBUG
2026-03-14 02:21:51.854 runner heartbeat queue_depth=0 workers_busy=1 level=DEBUG
2026-03-14 02:11:09.752 runner heartbeat queue_depth=6 workers_busy=0 level=DEBUG
2026-03-14 03:17:31.928 runner heartbeat queue_depth=5 workers_busy=0 level=DEBUG
2026-03-14 02:59:39.832 runner heartbeat queue_depth=6 workers_busy=2 level=DEBUG
2026-03-14 02:00:39.520 runner heartbeat queue_depth=8 workers_busy=2 level=DEBUG
2026-03-14 03:17:32.318 runner heartbeat queue_depth=8 workers_busy=2 level=DEBUG
2026-03-14 02:09:12.780 runner heartbeat queue_depth=7 workers_busy=3 level=DEBUG
2026-03-14 02:09:53.683 runner heartbeat queue_depth=2 workers_busy=2 level=DEBUG
2026-03-14 02:34:18.622 runner heartbeat queue_depth=6 workers_busy=3 level=DEBUG
2026-03-14 02:39:14.749 runner heartbeat queue_depth=6 workers_busy=2 level=DEBUG
2026-03-14 02:43:55.186 runner heartbeat queue_depth=3 workers_busy=3 level=DEBUG
2026-03-14 02:59:44.936 runner heartbeat queue_depth=1 workers_busy=2 level=DEBUG
2026-03-14 02:53:35.655 runner heartbeat queue_depth=7 workers_busy=2 level=DEBUG
2026-03-14 02:35:13.106 runner heartbeat queue_depth=1 workers_busy=3 level=DEBUG
2026-03-14 02:03:40.377 runner heartbeat queue_depth=6 workers_busy=3 level=DEBUG
2026-03-14 02:16:57.845 runner heartbeat queue_depth=1 workers_busy=0 level=DEBUG
2026-03-14 02:53:40.731 runner heartbeat queue_depth=5 workers_busy=2 level=DEBUG
2026-03-14 02:08:59.197 runner heartbeat queue_depth=3 workers_busy=3 level=DEBUG
2026-03-14 03:06:20.080 runner heartbeat queue_depth=6 workers_busy=2 level=DEBUG
2026-03-14 02:52:15.920 runner heartbeat queue_depth=5 workers_busy=3 level=DEBUG
2026-03-14 02:27:43.474 runner heartbeat queue_depth=6 workers_busy=2 level=DEBUG
2026-03-14 02:55:45.150 runner heartbeat queue_depth=7 workers_busy=2 level=DEBUG
2026-03-14 03:03:06.322 runner heartbeat queue_depth=2 workers_busy=3 level=DEBUG
2026-03-14 03:03:07.464 runner heartbeat queue_depth=0 workers_busy=3 level=DEBUG
2026-03-14 03:01:24.446 runner heartbeat queue_depth=2 workers_busy=3 level=DEBUG
2026-03-14 02:08:01.443 runner heartbeat queue_depth=7 workers_busy=3 level=DEBUG
2026-03-14 02:52:13.694 runner heartbeat queue_depth=8 workers_busy=1 level=DEBUG
2026-03-14 02:44:13.413 runner heartbeat queue_depth=3 workers_busy=1 level=DEBUG
2026-03-14 02:09:26.244 runner heartbeat queue_depth=5 workers_busy=0 level=DEBUG
2026-03-14 03:09:50.832 runner heartbeat queue_depth=1 workers_busy=1 level=DEBUG
2026-03-14 03:11:02.122 runner heartbeat queue_depth=5 workers_busy=2 level=DEBUG
2026-03-14 03:13:01.159 runner heartbeat queue_depth=3 workers_busy=3 level=DEBUG
2026-03-14 02:51:47.221 runner heartbeat queue_depth=1 workers_busy=2 level=DEBUG
2026-03-14 02:34:45.175 runner heartbeat queue_depth=0 workers_busy=3 level=DEBUG
2026-03-14 02:48:43.865 runner heartbeat queue_depth=2 workers_busy=2 level=DEBUG
2026-03-14 03:15:10.195 runner heartbeat queue_depth=2 workers_busy=0 level=DEBUG
2026-03-14 02:30:59.404 runner heartbeat queue_depth=2 workers_busy=0 level=DEBUG
2026-03-14 02:43:46.540 runner heartbeat queue_depth=4 workers_busy=3 level=DEBUG
2026-03-14 02:49:18.329 runner heartbeat queue_depth=2 workers_busy=2 level=DEBUG
2026-03-14 03:08:01.441 runner heartbeat queue_depth=6 workers_busy=1 level=DEBUG
2026-03-14 02:42:59.472 runner heartbeat queue_depth=8 workers_busy=3 level=DEBUG
2026-03-14 02:10:48.567 runner heartbeat queue_depth=1 workers_busy=2 level=DEBUG
2026-03-14 02:23:36.343 runner heartbeat queue_depth=8 workers_busy=1 level=DEBUG
2026-03-14 02:47:26.260 runner heartbeat queue_depth=4 workers_busy=3 level=DEBUG
2026-03-14 02:38:43.473 runner heartbeat queue_depth=8 workers_busy=1 level=DEBUG
2026-03-14 02:41:43.271 runner heartbeat queue_depth=4 workers_busy=0 level=DEBUG
2026-03-14 02:45:55.007 runner heartbeat queue_depth=2 workers_busy=2 level=DEBUG
2026-03-14 02:32:42.868 runner heartbeat queue_depth=4 workers_busy=2 level=DEBUG
2026-03-14 02:39:41.079 runner heartbeat queue_depth=1 workers_busy=2 level=DEBUG
2026-03-14 02:18:10.422 runner heartbeat queue_depth=6 workers_busy=2 level=DEBUG
2026-03-14 03:08:33.886 runner heartbeat queue_depth=0 workers_busy=2 level=DEBUG
2026-03-14 02:29:00.104 runner heartbeat queue_depth=4 workers_busy=3 level=DEBUG
2026-03-14 02:53:57.785 runner heartbeat queue_depth=5 workers_busy=1 level=DEBUG
2026-03-14 02:59:28.593 runner heartbeat queue_depth=0 workers_busy=2 level=DEBUG
2026-03-14 02:50:02.869 runner heartbeat queue_depth=1 workers_busy=3 level=DEBUG
2026-03-14 02:40:00.134 runner heartbeat queue_depth=3 workers_busy=0 level=DEBUG
2026-03-14 02:54:57.300 runner heartbeat queue_depth=0 workers_busy=0 level=DEBUG
2026-03-14 02:48:08.546 runner heartbeat queue_depth=2 workers_busy=3 level=DEBUG
2026-03-14 02:30:34.791 runner heartbeat queue_depth=1 workers_busy=0 level=DEBUG
2026-03-14 03:02:09.622 runner heartbeat queue_depth=3 workers_busy=1 level=DEBUG
2026-03-14 02:00:59.545 runner heartbeat queue_depth=7 workers_busy=3 level=DEBUG
2026-03-14 02:08:01.693 runner heartbeat queue_depth=4 workers_busy=0 level=DEBUG
2026-03-14 03:05:56.830 runner heartbeat queue_depth=0 workers_busy=0 level=DEBUG
2026-03-14 02:19:06.075 runner heartbeat queue_depth=8 workers_busy=2 level=DEBUG
2026-03-14 02:23:20.163 runner heartbeat queue_depth=2 workers_busy=3 level=DEBUG
2026-03-14 02:19:12.082 runner heartbeat queue_depth=4 workers_busy=3 level=DEBUG
2026-03-14 03:07:20.832 runner heartbeat queue_depth=5 workers_busy=1 level=DEBUG
2026-03-14 02:45:20.447 runner heartbeat queue_depth=4 workers_busy=2 level=DEBUG
2026-03-14 03:10:10.778 runner heartbeat queue_depth=2 workers_busy=3 level=DEBUG
2026-03-14 02:58:46.588 runner heartbeat queue_depth=1 workers_busy=2 level=DEBUG
2026-03-14 02:55:56.445 runner heartbeat queue_depth=3 workers_busy=2 level=DEBUG
2026-03-14 02:45:29.307 runner heartbeat queue_depth=3 workers_busy=2 level=DEBUG
2026-03-14 02:10:48.446 runner heartbeat queue_depth=4 workers_busy=2 level=DEBUG
2026-03-14 02:25:32.567 runner heartbeat queue_depth=4 workers_busy=2 level=DEBUG
2026-03-14 02:56:21.906 runner heartbeat queue_depth=3 workers_busy=3 level=DEBUG
2026-03-14 02:35:43.329 runner heartbeat queue_depth=7 workers_busy=3 level=DEBUG
2026-03-14 02:49:08.130 runner heartbeat queue_depth=8 workers_busy=3 level=DEBUG
2026-03-14 02:05:17.614 runner heartbeat queue_depth=0 workers_busy=1 level=DEBUG
2026-03-14 02:24:16.706 runner heartbeat queue_depth=3 workers_busy=1 level=DEBUG
2026-03-14 03:10:15.094 runner heartbeat queue_depth=5 workers_busy=2 level=DEBUG
2026-03-14 03:05:51.974 runner heartbeat queue_depth=2 workers_busy=0 level=DEBUG
2026-03-14 02:20:24.668 runner heartbeat queue_depth=0 workers_busy=2 level=DEBUG
2026-03-14 03:11:19.393 runner heartbeat queue_depth=5 workers_busy=1 level=DEBUG
2026-03-14 02:40:06.564 runner heartbeat queue_depth=0 workers_busy=2 level=DEBUG
2026-03-14 02:36:42.797 runner heartbeat queue_depth=8 workers_busy=2 level=DEBUG
2026-03-14 03:04:01.255 runner heartbeat queue_depth=5 workers_busy=2 level=DEBUG
2026-03-14 02:40:57.844 runner heartbeat queue_depth=5 workers_busy=0 level=DEBUG
2026-03-14 02:15:09.972 runner heartbeat queue_depth=7 workers_busy=2 level=DEBUG
2026-03-14 02:15:26.226 runner heartbeat queue_depth=1 workers_busy=0 level=DEBUG
2026-03-14 03:07:08.519 runner heartbeat queue_depth=6 workers_busy=2 level=DEBUG
2026-03-14 02:48:33.599 runner heartbeat queue_depth=6 workers_busy=1 level=DEBUG
2026-03-14 02:04:57.961 runner heartbeat queue_depth=4 workers_busy=3 level=DEBUG
2026-03-14 03:02:19.400 runner heartbeat queue_depth=6 workers_busy=2 level=DEBUG
2026-03-14 02:02:50.074 runner heartbeat queue_depth=6 workers_busy=1 level=DEBUG
2026-03-14 03:11:22.685 runner heartbeat queue_depth=8 workers_busy=0 level=DEBUG
2026-03-14 02:18:47.546 runner heartbeat queue_depth=5 workers_busy=2 level=DEBUG
2026-03-14 02:24:34.440 runner heartbeat queue_depth=8 workers_busy=1 level=DEBUG
2026-03-14 02:32:54.464 runner heartbeat queue_depth=1 workers_busy=1 level=DEBUG
2026-03-14 02:24:08.212 runner heartbeat queue_depth=1 workers_busy=2 level=DEBUG
2026-03-14 03:07:22.960 runner heartbeat queue_depth=4 workers_busy=2 level=DEBUG
2026-03-14 02:42:57.685 runner heartbeat queue_depth=6 workers_busy=1 level=DEBUG
2026-03-14 02:16:28.780 runner heartbeat queue_depth=8 workers_busy=0 level=DEBUG
2026-03-14 02:32:29.514 runner heartbeat queue_depth=2 workers_busy=3 level=DEBUG
2026-03-14 02:54:05.434 runner heartbeat queue_depth=8 workers_busy=1 level=DEBUG
2026-03-14 03:03:52.470 runner heartbeat queue_depth=8 workers_busy=2 level=DEBUG
2026-03-14 02:06:39.617 runner heartbeat queue_depth=4 workers_busy=1 level=DEBUG
2026-03-14 02:00:14.497 runner heartbeat queue_depth=1 workers_busy=0 level=DEBUG
2026-03-14 02:57:14.607 runner heartbeat queue_depth=2 workers_busy=2 level=DEBUG
2026-03-14 02:56:56.369 runner heartbeat queue_depth=8 workers_busy=2 level=DEBUG
2026-03-14 02:49:16.697 runner heartbeat queue_depth=4 workers_busy=3 level=DEBUG
2026-03-14 03:07:55.014 runner heartbeat queue_depth=0 workers_busy=3 level=DEBUG
2026-03-14 03:17:13.319 runner heartbeat queue_depth=5 workers_busy=3 level=DEBUG
2026-03-14 02:22:52.143 runner heartbeat queue_depth=0 workers_busy=1 level=DEBUG
2026-03-14 03:04:30.394 runner heartbeat queue_depth=6 workers_busy=0 level=DEBUG
2026-03-14 02:00:33.682 runner heartbeat queue_depth=0 workers_busy=0 level=DEBUG
2026-03-14 02:43:43.367 runner heartbeat queue_depth=3 workers_busy=0 level=DEBUG
2026-03-14 02:58:36.024 runner heartbeat queue_depth=5 workers_busy=0 level=DEBUG
2026-03-14 02:40:17.532 runner heartbeat queue_depth=3 workers_busy=1 level=DEBUG
2026-03-14 02:57:19.657 runner heartbeat queue_depth=0 workers_busy=3 level=DEBUG
2026-03-14 03:15:30.780 runner heartbeat queue_depth=8 workers_busy=1 level=DEBUG
2026-03-14 02:05:47.469 runner heartbeat queue_depth=3 workers_busy=2 level=DEBUG
2026-03-14 03:08:39.476 runner heartbeat queue_depth=1 workers_busy=2 level=DEBUG
2026-03-14 02:41:48.450 runner heartbeat queue_depth=4 workers_busy=0 level=DEBUG
2026-03-14 02:56:12.870 runner heartbeat queue_depth=6 workers_busy=3 level=DEBUG
2026-03-14 02:41:06.762 runner heartbeat queue_depth=1 workers_busy=2 level=DEBUG
2026-03-14 02:37:15.978 runner heartbeat queue_depth=5 workers_busy=1 level=DEBUG
2026-03-14 02:40:21.451 runner heartbeat queue_depth=7 workers_busy=3 level=DEBUG
2026-03-14 02:17:53.895 runner heartbeat queue_depth=5 workers_busy=2 level=DEBUG
2026-03-14 03:13:10.019 runner heartbeat queue_depth=0 workers_busy=2 level=DEBUG
2026-03-14 03:11:26.143 runner heartbeat queue_depth=8 workers_busy=2 level=DEBUG
2026-03-14 02:22:53.947 runner heartbeat queue_depth=2 workers_busy=3 level=DEBUG
2026-03-14 03:06:44.668 runner heartbeat queue_depth=4 workers_busy=3 level=DEBUG
2026-03-14 03:11:36.828 runner heartbeat queue_depth=7 workers_busy=3 level=DEBUG
2026-03-14 02:07:14.994 runner heartbeat queue_depth=1 workers_busy=3 level=DEBUG
2026-03-14 03:07:06.840 runner heartbeat queue_depth=4 workers_busy=3 level=DEBUG
2026-03-14 02:43:56.611 runner heartbeat queue_depth=8 workers_busy=2 level=DEBUG
2026-03-14 02:47:04.652 runner heartbeat queue_depth=4 workers_busy=1 level=DEBUG
2026-03-14 03:03:23.938 runner heartbeat queue_depth=4 workers_busy=1 level=DEBUG
2026-03-14 03:01:06.866 runner heartbeat queue_depth=7 workers_busy=2 level=DEBUG
2026-03-14 02:03:17.149 runner heartbeat queue_depth=2 workers_busy=0 level=DEBUG
2026-03-14 03:13:58.522 runner heartbeat queue_depth=8 workers_busy=3 level=DEBUG
2026-03-14 02:10:22.344 runner heartbeat queue_depth=4 workers_busy=1 level=DEBUG
2026-03-14 02:02:14.347 runner heartbeat queue_depth=2 workers_busy=0 level=DEBUG
2026-03-14 02:37:22.082 runner heartbeat queue_depth=8 workers_busy=2 level=DEBUG
2026-03-14 03:16:09.065 runner heartbeat queue_depth=4 workers_busy=3 level=DEBUG
2026-03-14 02:22:29.727 runner heartbeat queue_depth=1 workers_busy=2 level=DEBUG
2026-03-14 02:42:02.199 runner heartbeat queue_depth=8 workers_busy=3 level=DEBUG
2026-03-14 02:48:21.998 runner heartbeat queue_depth=3 workers_busy=3 level=DEBUG
2026-03-14 03:17:13.235 runner heartbeat queue_depth=8 workers_busy=2 level=DEBUG
2026-03-14 02:16:43.701 runner heartbeat queue_depth=1 workers_busy=0 level=DEBUG
2026-03-14 02:54:43.798 runner heartbeat queue_depth=0 workers_busy=1 level=DEBUG
2026-03-14 02:27:49.669 runner heartbeat queue_depth=4 workers_busy=1 level=DEBUG
2026-03-14 03:13:08.138 runner heartbeat queue_depth=4 workers_busy=3 level=DEBUG
2026-03-14 02:32:42.043 runner heartbeat queue_depth=2 workers_busy=3 level=DEBUG
2026-03-14 03:06:34.817 runner heartbeat queue_depth=3 workers_busy=1 level=DEBUG
2026-03-14 02:27:37.211 runner heartbeat queue_depth=0 workers_busy=3 level=DEBUG
2026-03-14 02:40:37.724 runner heartbeat queue_depth=6 workers_busy=0 level=DEBUG
2026-03-14 02:53:56.588 runner heartbeat queue_depth=1 workers_busy=0 level=DEBUG
2026-03-14 03:14:51.297 runner heartbeat queue_depth=1 workers_busy=1 level=DEBUG
2026-03-14 02:00:58.270 runner heartbeat queue_depth=4 workers_busy=3 level=DEBUG
2026-03-14 02:33:27.213 runner heartbeat queue_depth=2 workers_busy=1 level=DEBUG
2026-03-14 03:10:54.979 runner heartbeat queue_depth=4 workers_busy=0 level=DEBUG
2026-03-14 03:04:36.356 runner heartbeat queue_depth=6 workers_busy=0 level=DEBUG
2026-03-14 02:03:13.738 runner heartbeat queue_depth=2 workers_busy=1 level=DEBUG
2026-03-14 02:30:19.898 runner heartbeat queue_depth=3 workers_busy=2 level=DEBUG
2026-03-14 02:41:22.778 runner heartbeat queue_depth=7 workers_busy=2 level=DEBUG
2026-03-14 02:06:55.855 runner heartbeat queue_depth=3 workers_busy=2 level=DEBUG
2026-03-14 02:35:09.176 runner heartbeat queue_depth=6 workers_busy=1 level=DEBUG
2026-03-14 02:06:36.266 runner heartbeat queue_depth=6 workers_busy=0 level=DEBUG
2026-03-14 02:49:56.468 runner heartbeat queue_depth=7 workers_busy=0 level=DEBUG
2026-03-14 02:32:56.068 runner heartbeat queue_depth=6 workers_busy=2 level=DEBUG
2026-03-14 03:10:15.918 runner heartbeat queue_depth=3 workers_busy=2 level=DEBUG
2026-03-14 02:37:31.298 runner heartbeat queue_depth=8 workers_busy=1 level=DEBUG
2026-03-14 03:04:02.101 runner heartbeat queue_depth=8 workers_busy=2 level=DEBUG
2026-03-14 02:06:44.579 runner heartbeat queue_depth=8 workers_busy=1 level=DEBUG
2026-03-14 03:12:13.749 runner heartbeat queue_depth=8 workers_busy=1 level=DEBUG
2026-03-14 03:03:25.525 runner heartbeat queue_depth=1 workers_busy=3 level=DEBUG
2026-03-14 02:26:29.035 runner heartbeat queue_depth=3 workers_busy=1 level=DEBUG
2026-03-14 02:43:43.797 runner heartbeat queue_depth=2 workers_busy=1 level=DEBUG
2026-03-14 03:18:16.719 runner heartbeat queue_depth=7 workers_busy=2 level=DEBUG
2026-03-14 03:16:07.851 runner heartbeat queue_depth=0 workers_busy=0 level=DEBUG
2026-03-14 02:46:32.571 runner heartbeat queue_depth=6 workers_busy=0 level=DEBUG
2026-03-14 03:11:48.263 runner heartbeat queue_depth=0 workers_busy=0 level=DEBUG
2026-03-14 02:49:44.550 runner heartbeat queue_depth=6 workers_busy=3 level=DEBUG
2026-03-14 03:14:40.852 runner heartbeat queue_depth=5 workers_busy=0 level=DEBUG
2026-03-14 03:03:54.576 runner heartbeat queue_depth=0 workers_busy=3 level=DEBUG
2026-03-14 03:05:27.851 runner heartbeat queue_depth=2 workers_busy=1 level=DEBUG
2026-03-14 02:07:37.123 runner heartbeat queue_depth=7 workers_busy=3 level=DEBUG
2026-03-14 02:28:19.318 runner heartbeat queue_depth=7 workers_busy=3 level=DEBUG
2026-03-14 03:09:21.076 runner heartbeat queue_depth=2 workers_busy=0 level=DEBUG
2026-03-14 02:08:04.061 runner heartbeat queue_depth=1 workers_busy=0 level=DEBUG
2026-03-14 02:11:14.869 runner heartbeat queue_depth=2 workers_busy=2 level=DEBUG
2026-03-14 02:56:10.392 runner heartbeat queue_depth=7 workers_busy=0 level=DEBUG
2026-03-14 02:26:10.961 runner heartbeat queue_depth=0 workers_busy=2 level=DEBUG
2026-03-14 02:29:16.384 runner heartbeat queue_depth=2 workers_busy=3 level=DEBUG
2026-03-14 03:18:18.470 runner heartbeat queue_depth=8 workers_busy=1 level=DEBUG
2026-03-14 02:59:10.174 runner heartbeat queue_depth=7 workers_busy=2 level=DEBUG
2026-03-14 02:55:57.545 runner heartbeat queue_depth=5 workers_busy=1 level=DEBUG
2026-03-14 03:04:48.677 runner heartbeat queue_depth=1 workers_busy=1 level=DEBUG
2026-03-14 02:24:33.314 runner heartbeat queue_depth=5 workers_busy=3 level=DEBUG
2026-03-14 03:14:13.964 runner heartbeat queue_depth=4 workers_busy=1 level=DEBUG
2026-03-14 02:02:56.064 runner heartbeat queue_depth=0 workers_busy=3 level=DEBUG
2026-03-14 02:51:31.082 runner heartbeat queue_depth=5 workers_busy=2 level=DEBUG
2026-03-14 03:12:08.582 runner heartbeat queue_depth=1 workers_busy=3 level=DEBUG
2026-03-14 02:46:54.238 runner heartbeat queue_depth=7 workers_busy=3 level=DEBUG
2026-03-14 02:20:23.058 runner heartbeat queue_depth=2 workers_busy=1 level=DEBUG
2026-03-14 02:51:23.703 runner heartbeat queue_depth=8 workers_busy=2 level=DEBUG
2026-03-14 03:03:01.449 runner heartbeat queue_depth=7 workers_busy=1 level=DEBUG
2026-03-14 03:02:08.781 runner heartbeat queue_depth=1 workers_busy=3 level=DEBUG
2026-03-14 02:54:05.596 runner heartbeat queue_depth=5 workers_busy=1 level=DEBUG
2026-03-14 03:05:37.456 runner heartbeat queue_depth=2 workers_busy=0 level=DEBUG
2026-03-14 02:05:05.227 runner heartbeat queue_depth=4 workers_busy=3 level=DEBUG
2026-03-14 02:00:37.231 runner heartbeat queue_depth=1 workers_busy=2 level=DEBUG
2026-03-14 02:58:59.746 runner heartbeat queue_depth=7 workers_busy=1 level=DEBUG
2026-03-14 03:01:10.108 runner heartbeat queue_depth=4 workers_busy=1 level=DEBUG
2026-03-14 02:33:54.803 runner heartbeat queue_depth=6 workers_busy=2 level=DEBUG
2026-03-14 02:35:33.098 runner heartbeat queue_depth=0 workers_busy=1 level=DEBUG
2026-03-14 02:42:59.354 runner heartbeat queue_depth=5 workers_busy=0 level=DEBUG
2026-03-14 02:06:10.849 runner heartbeat queue_depth=8 workers_busy=1 level=DEBUG
2026-03-14 03:10:58.451 runner heartbeat queue_depth=1 workers_busy=1 level=DEBUG
2026-03-14 02:59:18.754 runner heartbeat queue_depth=1 workers_busy=1 level=DEBUG
2026-03-14 02:31:39.354 runner heartbeat queue_depth=6 workers_busy=3 level=DEBUG
2026-03-14 02:32:33.873 runner heartbeat queue_depth=2 workers_busy=0 level=DEBUG
2026-03-14 02:51:04.741 runner heartbeat queue_depth=6 workers_busy=0 level=DEBUG
2026-03-14 02:18:11.710 runner heartbeat queue_depth=3 workers_busy=2 level=DEBUG
2026-03-14 02:25:12.137 runner heartbeat queue_depth=2 workers_busy=3 level=DEBUG
2026-03-14 02:48:48.520 runner heartbeat queue_depth=1 workers_busy=3 level=DEBUG
2026-03-14 03:02:05.671 runner heartbeat queue_depth=8 workers_busy=3 level=DEBUG
2026-03-14 03:12:04.741 runner heartbeat queue_depth=6 workers_busy=3 level=DEBUG
2026-03-14 02:52:57.798 runner heartbeat queue_depth=2 workers_busy=3 level=DEBUG
2026-03-14 02:48:32.821 runner heartbeat queue_depth=5 workers_busy=0 level=DEBUG
2026-03-14 02:33:21.142 runner heartbeat queue_depth=3 workers_busy=3 level=DEBUG
2026-03-14 03:17:57.863 runner heartbeat queue_depth=1 workers_busy=1 level=DEBUG
2026-03-14 02:30:08.366 runner heartbeat queue_depth=1 workers_busy=0 level=DEBUG
2026-03-14 03:01:02.549 runner heartbeat queue_depth=5 workers_busy=1 level=DEBUG
2026-03-14 02:18:34.208 runner heartbeat queue_depth=7 workers_busy=2 level=DEBUG
2026-03-14 02:35:49.534 runner heartbeat queue_depth=4 workers_busy=3 level=DEBUG
2026-03-14 02:07:33.952 runner heartbeat queue_depth=0 workers_busy=1 level=DEBUG
2026-03-14 02:24:11.528 runner heartbeat queue_depth=0 workers_busy=0 level=DEBUG
2026-03-14 02:21:22.885 runner heartbeat queue_depth=0 workers_busy=0 level=DEBUG
2026-03-14 02:20:14.734 runner heartbeat queue_depth=4 workers_busy=2 level=DEBUG
2026-03-14 02:06:05.509 runner heartbeat queue_depth=2 workers_busy=3 level=DEBUG
2026-03-14 02:25:36.952 runner heartbeat queue_depth=4 workers_busy=3 level=DEBUG
2026-03-14 02:06:31.273 runner heartbeat queue_depth=6 workers_busy=2 level=DEBUG
2026-03-14 03:03:56.246 runner heartbeat queue_depth=4 workers_busy=3 level=DEBUG
2026-03-14 02:53:46.284 runner heartbeat queue_depth=5 workers_busy=1 level=DEBUG
2026-03-14 02:36:27.360 runner heartbeat queue_depth=6 workers_busy=1 level=DEBUG
2026-03-14 03:09:37.860 runner heartbeat queue_depth=7 workers_busy=2 level=DEBUG
2026-03-14 02:07:47.697 runner heartbeat queue_depth=8 workers_busy=0 level=DEBUG
2026-03-14 02:24:16.961 runner heartbeat queue_depth=7 workers_busy=1 level=DEBUG
2026-03-14 02:36:15.844 runner heartbeat queue_depth=1 workers_busy=3 level=DEBUG
2026-03-14 02:51:57.706 runner heartbeat queue_depth=5 workers_busy=2 level=DEBUG
2026-03-14 02:40:58.122 runner heartbeat queue_depth=2 workers_busy=1 level=DEBUG
2026-03-14 02:30:47.962 runner heartbeat queue_depth=3 workers_busy=0 level=DEBUG
2026-03-14 02:02:23.633 runner heartbeat queue_depth=4 workers_busy=1 level=DEBUG
2026-03-14 02:08:36.290 runner heartbeat queue_depth=1 workers_busy=1 level=DEBUG
2026-03-14 02:41:44.684 runner heartbeat queue_depth=4 workers_busy=3 level=DEBUG
2026-03-14 02:49:01.971 runner heartbeat queue_depth=8 workers_busy=1 level=DEBUG
2026-03-14 02:09:54.950 runner heartbeat queue_depth=7 workers_busy=0 level=DEBUG
2026-03-14 02:35:08.159 runner heartbeat queue_depth=6 workers_busy=3 level=DEBUG
2026-03-14 02:42:09.660 runner heartbeat queue_depth=0 workers_busy=0 level=DEBUG
2026-03-14 02:18:01.920 runner heartbeat queue_depth=4 workers_busy=3 level=DEBUG
2026-03-14 02:47:37.212 runner heartbeat queue_depth=6 workers_busy=3 level=DEBUG
2026-03-14 02:14:32.906 runner heartbeat queue_depth=5 workers_busy=3 level=DEBUG
2026-03-14 02:07:20.905 runner heartbeat queue_depth=2 workers_busy=0 level=DEBUG
2026-03-14 03:12:10.666 runner heartbeat queue_depth=2 workers_busy=3 level=DEBUG
2026-03-14 02:19:14.324 runner heartbeat queue_depth=2 workers_busy=0 level=DEBUG
2026-03-14 02:54:13.556 runner heartbeat queue_depth=6 workers_busy=1 level=DEBUG
2026-03-14 02:08:15.808 runner heartbeat queue_depth=6 workers_busy=1 level=DEBUG
2026-03-14 02:49:47.771 runner heartbeat queue_depth=8 workers_busy=3 level=DEBUG
2026-03-14 02:56:55.367 runner heartbeat queue_depth=3 workers_busy=3 level=DEBUG
2026-03-14 03:13:34.256 runner heartbeat queue_depth=7 workers_busy=3 level=DEBUG
2026-03-14 02:42:03.740 runner heartbeat queue_depth=3 workers_busy=1 level=DEBUG
2026-03-14 03:09:51.344 runner heartbeat queue_depth=7 workers_busy=3 level=DEBUG
2026-03-14 03:02:15.452 runner heartbeat queue_depth=1 workers_busy=1 level=DEBUG
2026-03-14 02:42:05.741 runner heartbeat queue_depth=5 workers_busy=0 level=DEBUG
2026-03-14 02:19:15.090 runner heartbeat queue_depth=0 workers_busy=1 level=DEBUG
2026-03-14 03:18:55.466 runner heartbeat queue_depth=3 workers_busy=3 level=DEBUG
2026-03-14 02:43:58.549 runner heartbeat queue_depth=7 workers_busy=1 level=DEBUG
2026-03-14 02:40:12.797 runner heartbeat queue_depth=6 workers_busy=0 level=DEBUG
2026-03-14 02:58:38.815 runner heartbeat queue_depth=2 workers_busy=1 level=DEBUG
2026-03-14 02:38:12.597 runner heartbeat queue_depth=8 workers_busy=3 level=DEBUG
2026-03-14 02:47:40.855 runner heartbeat queue_depth=8 workers_busy=2 level=DEBUG
2026-03-14 02:38:38.642 runner heartbeat queue_depth=7 workers_busy=2 level=DEBUG
2026-03-14 03:12:01.787 runner heartbeat queue_depth=7 workers_busy=2 level=DEBUG
2026-03-14 02:29:16.009 runner heartbeat queue_depth=0 workers_busy=2 level=DEBUG
2026-03-14 03:14:19.642 runner heartbeat queue_depth=6 workers_busy=1 level=DEBUG
2026-03-14 02:28:48.083 runner heartbeat queue_depth=5 workers_busy=3 level=DEBUG
2026-03-14 02:39:35.888 runner heartbeat queue_depth=5 workers_busy=0 level=DEBUG
2026-03-14 02:13:07.824 runner heartbeat queue_depth=3 workers_busy=0 level=DEBUG
2026-03-14 02:58:34.376 runner heartbeat queue_depth=2 workers_busy=1 level=DEBUG
2026-03-14 03:11:10.493 runner heartbeat queue_depth=0 workers_busy=3 level=DEBUG
2026-03-14 02:51:59.808 runner heartbeat queue_depth=5 workers_busy=1 level=DEBUG
2026-03-14 02:49:13.790 runner heartbeat queue_depth=5 workers_busy=1 level=DEBUG
2026-03-14 02:00:48.973 runner heartbeat queue_depth=1 workers_busy=1 level=DEBUG
2026-03-14 02:44:46.548 runner heartbeat queue_depth=4 workers_busy=0 level=DEBUG
2026-03-14 03:18:20.245 runner heartbeat queue_depth=5 workers_busy=2 level=DEBUG
2026-03-14 02:38:52.827 runner heartbeat queue_depth=3 workers_busy=3 level=DEBUG
2026-03-14 03:03:56.624 runner heartbeat queue_depth=6 workers_busy=1 level=DEBUG
2026-03-14 02:00:52.395 runner heartbeat queue_depth=5 workers_busy=3 level=DEBUG
2026-03-14 02:05:35.593 runner heartbeat queue_depth=1 workers_busy=3 level=DEBUG
2026-03-14 02:20:34.447 runner heartbeat queue_depth=5 workers_busy=1 level=DEBUG
2026-03-14 02:31:17.159 runner heartbeat queue_depth=6 workers_busy=2 level=DEBUG
2026-03-14 03:06:41.728 runner heartbeat queue_depth=5 workers_busy=3 level=DEBUG
2026-03-14 02:46:19.268 runner heartbeat queue_depth=5 workers_busy=0 level=DEBUG
2026-03-14 02:13:50.965 runner heartbeat queue_depth=3 workers_busy=1 level=DEBUG
2026-03-14 03:18:38.317 runner heartbeat queue_depth=2 workers_busy=2 level=DEBUG
2026-03-14 02:24:43.439 runner heartbeat queue_depth=7 workers_busy=3 level=DEBUG
2026-03-14 02:03:29.541 runner heartbeat queue_depth=8 workers_busy=0 level=DEBUG
2026-03-14 02:19:54.361 runner heartbeat queue_depth=4 workers_busy=2 level=DEBUG
2026-03-14 03:07:12.948 runner heartbeat queue_depth=0 workers_busy=1 level=DEBUG
2026-03-14 02:18:34.896 runner heartbeat queue_depth=4 workers_busy=2 level=DEBUG
2026-03-14 02:39:55.317 runner heartbeat queue_depth=8 workers_busy=3 level=DEBUG
2026-03-14 02:52:35.508 runner heartbeat queue_depth=0 workers_busy=3 level=DEBUG
2026-03-14 02:56:31.283 runner heartbeat queue_depth=4 workers_busy=3 level=DEBUG
2026-03-14 02:35:30.809 runner heartbeat queue_depth=4 workers_busy=2 level=DEBUG
2026-03-14 03:11:59.175 runner heartbeat queue_depth=4 workers_busy=2 level=DEBUG
2026-03-14 02:46:11.730 runner heartbeat queue_depth=2 workers_busy=3 level=DEBUG
2026-03-14 02:21:21.692 runner heartbeat queue_depth=4 workers_busy=1 level=DEBUG
2026-03-14 02:11:46.258 runner heartbeat queue_depth=4 workers_busy=3 level=DEBUG
2026-03-14 02:44:29.277 runner heartbeat queue_depth=5 workers_busy=2 level=DEBUG
2026-03-14 02:44:44.605 runner heartbeat queue_depth=5 workers_busy=3 level=DEBUG
2026-03-14 02:27:03.995 runner heartbeat queue_depth=7 workers_busy=3 level=DEBUG
2026-03-14 02:59:37.185 runner heartbeat queue_depth=5 workers_busy=0 level=DEBUG
2026-03-14 02:38:07.763 runner heartbeat queue_depth=3 workers_busy=2 level=DEBUG
2026-03-14 02:29:01.144 runner heartbeat queue_depth=7 workers_busy=3 level=DEBUG
2026-03-14 03:10:49.569 runner heartbeat queue_depth=3 workers_busy=2 level=DEBUG
2026-03-14 02:19:52.286 runner heartbeat queue_depth=8 workers_busy=0 level=DEBUG
2026-03-14 02:07:43.691 runner heartbeat queue_depth=8 workers_busy=2 level=DEBUG
2026-03-14 02:16:16.016 runner heartbeat queue_depth=3 workers_busy=1 level=DEBUG
2026-03-14 02:15:09.959 runner heartbeat queue_depth=2 workers_busy=0 level=DEBUG
2026-03-14 02:39:16.437 runner heartbeat queue_depth=1 workers_busy=3 level=DEBUG
2026-03-14 02:41:37.255 runner heartbeat queue_depth=8 workers_busy=1 level=DEBUG
2026-03-14 02:52:33.382 runner heartbeat queue_depth=5 workers_busy=0 level=DEBUG
2026-03-14 03:18:47.592 runner heartbeat queue_depth=4 workers_busy=0 level=DEBUG
2026-03-14 02:41:53.214 runner heartbeat queue_depth=0 workers_busy=0 level=DEBUG
2026-03-14 02:32:26.361 runner heartbeat queue_depth=0 workers_busy=3 level=DEBUG
2026-03-14 02:03:15.283 runner heartbeat queue_depth=2 workers_busy=3 level=DEBUG
2026-03-14 02:05:56.556 runner heartbeat queue_depth=3 workers_busy=2 level=DEBUG
2026-03-14 02:29:08.990 runner heartbeat queue_depth=5 workers_busy=1 level=DEBUG
2026-03-14 02:18:18.307 runner heartbeat queue_depth=8 workers_busy=3 level=DEBUG
2026-03-14 02:27:11.456 runner heartbeat queue_depth=4 workers_busy=2 level=DEBUG
2026-03-14 02:42:08.197 runner heartbeat queue_depth=8 workers_busy=3 level=DEBUG
2026-03-14 02:01:59.936 runner heartbeat queue_depth=6 workers_busy=1 level=DEBUG
2026-03-14 02:37:16.580 runner heartbeat queue_depth=0 workers_busy=1 level=DEBUG
2026-03-14 02:35:34.682 runner heartbeat queue_depth=0 workers_busy=1 level=DEBUG
2026-03-14 02:42:26.101 runner heartbeat queue_depth=1 workers_busy=2 level=DEBUG
2026-03-14 02:23:44.158 runner heartbeat queue_depth=1 workers_busy=2 level=DEBUG
2026-03-14 02:25:06.155 runner heartbeat queue_depth=3 workers_busy=0 level=DEBUG
2026-03-14 02:19:43.048 runner heartbeat queue_depth=1 workers_busy=1 level=DEBUG
2026-03-14 02:31:58.047 runner heartbeat queue_depth=2 workers_busy=3 level=DEBUG
2026-03-14 02:13:32.492 runner heartbeat queue_depth=6 workers_busy=2 level=DEBUG
2026-03-14 03:06:05.534 runner heartbeat queue_depth=4 workers_busy=0 level=DEBUG
2026-03-14 02:43:54.859 runner heartbeat queue_depth=5 workers_busy=3 level=DEBUG
2026-03-14 02:52:32.411 runner heartbeat queue_depth=0 workers_busy=3 level=DEBUG
2026-03-14 02:22:01.426 runner heartbeat queue_depth=8 workers_busy=3 level=DEBUG
2026-03-14 02:48:33.460 runner heartbeat queue_depth=2 workers_busy=3 level=DEBUG
2026-03-14 03:14:05.332 runner heartbeat queue_depth=5 workers_busy=3 level=DEBUG
2026-03-14 02:37:11.329 runner heartbeat queue_depth=0 workers_busy=1 level=DEBUG
2026-03-14 03:13:07.758 runner heartbeat queue_depth=3 workers_busy=2 level=DEBUG
2026-03-14 02:00:57.888 runner heartbeat queue_depth=5 workers_busy=0 level=DEBUG
2026-03-14 02:17:51.475 runner heartbeat queue_depth=7 workers_busy=1 level=DEBUG
2026-03-14 02:19:10.401 runner heartbeat queue_depth=2 workers_busy=3 level=DEBUG
2026-03-14 02:54:05.330 runner heartbeat queue_depth=8 workers_busy=0 level=DEBUG
2026-03-14 02:14:15.700 runner heartbeat queue_depth=6 workers_busy=0 level=DEBUG
2026-03-14 02:11:33.277 runner heartbeat queue_depth=5 workers_busy=0 level=DEBUG
2026-03-14 02:07:55.434 runner heartbeat queue_depth=5 workers_busy=1 level=DEBUG
2026-03-14 02:16:03.922 runner heartbeat queue_depth=3 workers_busy=1 level=DEBUG
2026-03-14 03:09:31.764 runner heartbeat queue_depth=6 workers_busy=2 level=DEBUG
2026-03-14 02:02:18.450 runner heartbeat queue_depth=8 workers_busy=0 level=DEBUG
2026-03-14 03:05:46.571 runner heartbeat queue_depth=6 workers_busy=0 level=DEBUG
2026-03-14 03:10:20.689 runner heartbeat queue_depth=5 workers_busy=0 level=DEBUG
2026-03-14 02:58:42.920 runner heartbeat queue_depth=0 workers_busy=3 level=DEBUG
2026-03-14 02:24:07.733 runner heartbeat queue_depth=4 workers_busy=3 level=DEBUG
2026-03-14 02:55:21.735 runner heartbeat queue_depth=5 workers_busy=0 level=DEBUG
2026-03-14 02:16:18.187 runner heartbeat queue_depth=6 workers_busy=3 level=DEBUG
2026-03-14 02:57:02.191 runner heartbeat queue_depth=1 workers_busy=1 level=DEBUG
2026-03-14 02:34:26.840 runner heartbeat queue_depth=0 workers_busy=1 level=DEBUG
2026-03-14 02:59:58.133 runner heartbeat queue_depth=3 workers_busy=3 level=DEBUG
2026-03-14 02:29:52.798 runner heartbeat queue_depth=0 workers_busy=2 level=DEBUG
2026-03-14 02:35:28.381 runner heartbeat queue_depth=3 workers_busy=0 level=DEBUG
2026-03-14 02:40:14.992 runner heartbeat queue_depth=2 workers_busy=0 level=DEBUG
2026-03-14 02:53:15.326 runner heartbeat queue_depth=3 workers_busy=1 level=DEBUG
2026-03-14 02:41:14.253 runner heartbeat queue_depth=0 workers_busy=3 level=DEBUG
2026-03-14 02:00:11.331 runner heartbeat queue_depth=1 workers_busy=3 level=DEBUG
2026-03-14 02:36:43.858 runner heartbeat queue_depth=4 workers_busy=3 level=DEBUG
2026-03-14 02:20:40.081 runner heartbeat queue_depth=5 workers_busy=2 level=DEBUG
2026-03-14 02:49:56.948 runner heartbeat queue_depth=7 workers_busy=0 level=DEBUG
2026-03-14 02:24:17.018 runner heartbeat queue_depth=2 workers_busy=3 level=DEBUG
2026-03-14 03:00:20.370 runner heartbeat queue_depth=0 workers_busy=3 level=DEBUG
2026-03-14 02:52:29.664 runner heartbeat queue_depth=1 workers_busy=0 level=DEBUG
2026-03-14 02:30:31.704 runner heartbeat queue_depth=5 workers_busy=0 level=DEBUG
2026-03-14 02:42:53.748 runner heartbeat queue_depth=4 workers_busy=3 level=DEBUG
2026-03-14 02:01:22.259 runner heartbeat queue_depth=1 workers_busy=3 level=DEBUG
2026-03-14 02:56:29.913 runner heartbeat queue_depth=8 workers_busy=0 level=DEBUG
2026-03-14 03:03:22.052 runner heartbeat queue_depth=6 workers_busy=0 level=DEBUG
2026-03-14 03:04:16.865 runner heartbeat queue_depth=3 workers_busy=2 level=DEBUG
2026-03-14 02:10:38.974 runner heartbeat queue_depth=5 workers_busy=1 level=DEBUG
2026-03-14 02:40:17.010 runner heartbeat queue_depth=4 workers_busy=1 level=DEBUG
2026-03-14 02:19:54.044 runner heartbeat queue_depth=0 workers_busy=0 level=DEBUG
2026-03-14 02:43:25.268 runner heartbeat queue_depth=5 workers_busy=3 level=DEBUG
2026-03-14 02:03:38.793 runner heartbeat queue_depth=7 workers_busy=2 level=DEBUG
2026-03-14 02:05:03.851 runner heartbeat queue_depth=8 workers_busy=3 level=DEBUG
2026-03-14 03:12:08.173 runner heartbeat queue_depth=4 workers_busy=3 level=DEBUG
2026-03-14 02:30:37.719 runner heartbeat queue_depth=0 workers_busy=1 level=DEBUG
2026-03-14 03:13:38.287 runner heartbeat queue_depth=0 workers_busy=2 level=DEBUG
2026-03-14 02:59:24.344 runner heartbeat queue_depth=4 workers_busy=3 level=DEBUG
2026-03-14 02:07:14.557 runner heartbeat queue_depth=0 workers_busy=1 level=DEBUG
2026-03-14 02:09:37.399 runner heartbeat queue_depth=0 workers_busy=1 level=DEBUG
2026-03-14 02:57:51.069 runner heartbeat queue_depth=2 workers_busy=3 level=DEBUG
2026-03-14 03:15:02.804 runner heartbeat queue_depth=1 workers_busy=1 level=DEBUG
2026-03-14 02:59:30.638 runner heartbeat queue_depth=4 workers_busy=1 level=DEBUG
2026-03-14 02:52:02.582 runner heartbeat queue_depth=4 workers_busy=0 level=DEBUG
2026-03-14 02:43:56.996 runner heartbeat queue_depth=7 workers_busy=2 level=DEBUG
2026-03-14 03:08:12.330 runner heartbeat queue_depth=1 workers_busy=3 level=DEBUG
2026-03-14 03:13:52.543 runner heartbeat queue_depth=4 workers_busy=3 level=DEBUG
2026-03-14 02:22:00.538 runner heartbeat queue_depth=5 workers_busy=0 level=DEBUG
2026-03-14 02:32:05.245 runner heartbeat queue_depth=5 workers_busy=2 level=DEBUG
2026-03-14 02:31:15.810 runner heartbeat queue_depth=7 workers_busy=0 level=DEBUG
2026-03-14 02:33:36.884 runner heartbeat queue_depth=6 workers_busy=0 level=DEBUG
2026-03-14 03:06:16.175 runner heartbeat queue_depth=2 workers_busy=1 level=DEBUG
2026-03-14 02:10:05.063 runner heartbeat queue_depth=8 workers_busy=2 level=DEBUG
2026-03-14 02:25:29.147 runner heartbeat queue_depth=6 workers_busy=2 level=DEBUG
2026-03-14 02:20:42.141 runner heartbeat queue_depth=1 workers_busy=1 level=DEBUG
2026-03-14 02:52:29.633 runner heartbeat queue_depth=0 workers_busy=0 level=DEBUG
2026-03-14 03:12:52.398 runner heartbeat queue_depth=4 workers_busy=0 level=DEBUG
2026-03-14 02:48:16.015 runner heartbeat queue_depth=1 workers_busy=2 level=DEBUG
2026-03-14 02:44:32.729 runner heartbeat queue_depth=7 workers_busy=0 level=DEBUG
2026-03-14 03:04:18.767 runner heartbeat queue_depth=8 workers_busy=0 level=DEBUG
2026-03-14 02:00:30.887 runner heartbeat queue_depth=1 workers_busy=0 level=DEBUG
2026-03-14 02:35:10.891 runner heartbeat queue_depth=0 workers_busy=1 level=DEBUG
2026-03-14 02:04:24.164 runner heartbeat queue_depth=1 workers_busy=1 level=DEBUG
2026-03-14 02:41:28.254 runner heartbeat queue_depth=4 workers_busy=0 level=DEBUG
2026-03-14 02:11:11.811 runner heartbeat queue_depth=1 workers_busy=0 level=DEBUG
2026-03-14 02:04:13.688 runner heartbeat queue_depth=2 workers_busy=1 level=DEBUG
2026-03-14 02:15:13.304 runner heartbeat queue_depth=1 workers_busy=1 level=DEBUG
2026-03-14 02:16:12.021 runner heartbeat queue_depth=7 workers_busy=0 level=DEBUG
2026-03-14 03:04:24.700 runner heartbeat queue_depth=8 workers_busy=0 level=DEBUG
2026-03-14 03:01:34.598 runner heartbeat queue_depth=4 workers_busy=1 level=DEBUG
2026-03-14 02:13:11.347 runner heartbeat queue_depth=1 workers_busy=1 level=DEBUG
2026-03-14 03:18:30.774 runner heartbeat queue_depth=8 workers_busy=0 level=DEBUG
2026-03-14 02:28:29.943 runner heartbeat queue_depth=6 workers_busy=3 level=DEBUG
2026-03-14 02:45:22.454 runner heartbeat queue_depth=1 workers_busy=3 level=DEBUG
2026-03-14 02:43:38.587 runner heartbeat queue_depth=3 workers_busy=0 level=DEBUG
2026-03-14 02:50:20.487 runner heartbeat queue_depth=7 workers_busy=2 level=DEBUG
2026-03-14 02:49:30.375 runner heartbeat queue_depth=8 workers_busy=2 level=DEBUG
2026-03-14 02:49:21.549 runner heartbeat queue_depth=6 workers_busy=3 level=DEBUG
2026-03-14 02:48:20.204 runner heartbeat queue_depth=7 workers_busy=2 level=DEBUG
2026-03-14 03:01:38.837 runner heartbeat queue_depth=6 workers_busy=0 level=DEBUG
2026-03-14 02:47:58.798 runner heartbeat queue_depth=6 workers_busy=3 level=DEBUG
2026-03-14 02:37:43.149 runner heartbeat queue_depth=5 workers_busy=1 level=DEBUG
2026-03-14 03:01:41.395 runner heartbeat queue_depth=1 workers_busy=1 level=DEBUG
2026-03-14 02:21:04.963 runner heartbeat queue_depth=7 workers_busy=0 level=DEBUG
2026-03-14 02:27:19.496 runner heartbeat queue_depth=0 workers_busy=0 level=DEBUG
2026-03-14 02:27:40.128 runner heartbeat queue_depth=7 workers_busy=1 level=DEBUG
2026-03-14 03:14:50.229 runner heartbeat queue_depth=3 workers_busy=2 level=DEBUG
2026-03-14 02:39:01.339 runner heartbeat queue_depth=2 workers_busy=1 level=DEBUG
2026-03-14 03:01:46.402 runner heartbeat queue_depth=8 workers_busy=3 level=DEBUG
2026-03-14 02:01:05.846 runner heartbeat queue_depth=1 workers_busy=0 level=DEBUG
2026-03-14 02:17:49.689 runner heartbeat queue_depth=2 workers_busy=2 level=DEBUG
2026-03-14 02:26:47.349 runner heartbeat queue_depth=4 workers_busy=1 level=DEBUG
2026-03-14 02:50:49.076 runner heartbeat queue_depth=4 workers_busy=0 level=DEBUG
2026-03-14 02:15:54.060 runner heartbeat queue_depth=0 workers_busy=0 level=DEBUG
2026-03-14 02:12:41.520 runner heartbeat queue_depth=5 workers_busy=0 level=DEBUG
2026-03-14 02:06:30.577 runner heartbeat queue_depth=4 workers_busy=3 level=DEBUG
2026-03-14 02:27:09.735 runner heartbeat queue_depth=3 workers_busy=0 level=DEBUG
2026-03-14 03:15:45.266 runner heartbeat queue_depth=2 workers_busy=0 level=DEBUG
2026-03-14 02:01:49.230 runner heartbeat queue_depth=5 workers_busy=1 level=DEBUG
2026-03-14 02:28:56.220 runner heartbeat queue_depth=3 workers_busy=0 level=DEBUG
2026-03-14 02:30:22.903 runner heartbeat queue_depth=2 workers_busy=3 level=DEBUG
2026-03-14 02:55:54.753 runner heartbeat queue_depth=6 workers_busy=3 level=DEBUG
2026-03-14 02:08:13.009 runner heartbeat queue_depth=1 workers_busy=0 level=DEBUG
2026-03-14 02:53:49.489 runner heartbeat queue_depth=4 workers_busy=2 level=DEBUG
2026-03-14 02:46:48.557 runner heartbeat queue_depth=6 workers_busy=3 level=DEBUG
2026-03-14 02:21:01.252 runner heartbeat queue_depth=3 workers_busy=0 level=DEBUG
2026-03-14 02:30:36.300 runner heartbeat queue_depth=3 workers_busy=1 level=DEBUG
2026-03-14 02:37:23.591 runner heartbeat queue_depth=4 workers_busy=2 level=DEBUG
2026-03-14 02:39:55.571 runner heartbeat queue_depth=1 workers_busy=2 level=DEBUG
2026-03-14 02:21:55.357 runner heartbeat queue_depth=0 workers_busy=3 level=DEBUG
2026-03-14 02:43:26.387 runner heartbeat queue_depth=3 workers_busy=3 level=DEBUG
2026-03-14 02:18:08.344 runner heartbeat queue_depth=0 workers_busy=3 level=DEBUG
2026-03-14 02:57:01.076 runner heartbeat queue_depth=3 workers_busy=1 level=DEBUG
2026-03-14 02:13:42.781 runner heartbeat queue_depth=5 workers_busy=0 level=DEBUG
2026-03-14 02:35:00.403 runner heartbeat queue_depth=5 workers_busy=0 level=DEBUG
2026-03-14 03:18:40.628 runner heartbeat queue_depth=2 workers_busy=2 level=DEBUG
2026-03-14 02:51:00.529 runner heartbeat queue_depth=0 workers_busy=0 level=DEBUG
2026-03-14 02:39:20.690 runner heartbeat queue_depth=3 workers_busy=3 level=DEBUG
2026-03-14 02:24:52.314 runner heartbeat queue_depth=2 workers_busy=0 level=DEBUG
2026-03-14 02:17:49.254 runner heartbeat queue_depth=6 workers_busy=0 level=DEBUG
2026-03-14 02:08:10.001 runner heartbeat queue_depth=5 workers_busy=0 level=DEBUG
2026-03-14 02:31:23.771 runner heartbeat queue_depth=0 workers_busy=3 level=DEBUG
2026-03-14 03:02:51.617 runner heartbeat queue_depth=3 workers_busy=3 level=DEBUG
2026-03-14 02:10:26.662 runner heartbeat queue_depth=3 workers_busy=2 level=DEBUG
2026-03-14 03:14:40.254 runner heartbeat queue_depth=8 workers_busy=1 level=DEBUG
2026-03-14 02:36:06.850 runner heartbeat queue_depth=7 workers_busy=3 level=DEBUG
2026-03-14 03:00:16.197 runner heartbeat queue_depth=3 workers_busy=3 level=DEBUG
2026-03-14 03:06:45.250 runner heartbeat queue_depth=4 workers_busy=1 level=DEBUG
2026-03-14 02:42:14.116 runner heartbeat queue_depth=5 workers_busy=1 level=DEBUG
2026-03-14 02:01:20.725 runner heartbeat queue_depth=2 workers_busy=0 level=DEBUG
2026-03-14 02:05:54.923 runner heartbeat queue_depth=8 workers_busy=2 level=DEBUG
2026-03-14 02:46:22.758 runner heartbeat queue_depth=8 workers_busy=1 level=DEBUG
2026-03-14 02:41:38.305 runner heartbeat queue_depth=1 workers_busy=0 level=DEBUG
2026-03-14 02:51:08.958 runner heartbeat queue_depth=4 workers_busy=1 level=DEBUG
2026-03-14 02:49:03.996 runner heartbeat queue_depth=2 workers_busy=2 level=DEBUG
2026-03-14 03:04:00.566 runner heartbeat queue_depth=5 workers_busy=2 level=DEBUG
2026-03-14 02:41:05.957 runner heartbeat queue_depth=5 workers_busy=0 level=DEBUG
2026-03-14 03:05:28.092 runner heartbeat queue_depth=2 workers_busy=3 level=DEBUG
2026-03-14 02:36:31.251 runner heartbeat queue_depth=8 workers_busy=3 level=DEBUG
2026-03-14 03:08:35.742 runner heartbeat queue_depth=8 workers_busy=3 level=DEBUG
2026-03-14 03:10:20.053 runner heartbeat queue_depth=7 workers_busy=0 level=DEBUG
2026-03-14 02:44:00.907 runner heartbeat queue_depth=4 workers_busy=0 level=DEBUG
2026-03-14 02:16:07.329 runner heartbeat queue_depth=8 workers_busy=3 level=DEBUG
2026-03-14 02:50:27.842 runner heartbeat queue_depth=7 workers_busy=0 level=DEBUG
2026-03-14 02:15:09.835 runner heartbeat queue_depth=5 workers_busy=0 level=DEBUG
2026-03-14 03:04:46.784 runner heartbeat queue_depth=7 workers_busy=1 level=DEBUG
2026-03-14 03:13:24.076 runner heartbeat queue_depth=5 workers_busy=1 level=DEBUG
2026-03-14 02:30:30.535 runner heartbeat queue_depth=4 workers_busy=2 level=DEBUG
2026-03-14 02:43:28.264 runner heartbeat queue_depth=0 workers_busy=0 level=DEBUG
2026-03-14 02:22:16.819 runner heartbeat queue_depth=1 workers_busy=0 level=DEBUG
2026-03-14 02:15:06.378 runner heartbeat queue_depth=5 workers_busy=1 level=DEBUG
2026-03-14 02:48:27.684 runner heartbeat queue_depth=3 workers_busy=1 level=DEBUG
2026-03-14 02:00:52.514 runner heartbeat queue_depth=2 workers_busy=3 level=DEBUG
2026-03-14 02:23:12.024 runner heartbeat queue_depth=3 workers_busy=2 level=DEBUG
2026-03-14 02:36:47.964 runner heartbeat queue_depth=6 workers_busy=0 level=DEBUG
2026-03-14 02:30:33.359 runner heartbeat queue_depth=1 workers_busy=0 level=DEBUG
2026-03-14 03:10:02.773 runner heartbeat queue_depth=6 workers_busy=1 level=DEBUG
2026-03-14 03:18:59.455 runner heartbeat queue_depth=3 workers_busy=1 level=DEBUG
2026-03-14 02:29:45.348 runner heartbeat queue_depth=7 workers_busy=1 level=DEBUG
2026-03-14 03:00:19.579 runner heartbeat queue_depth=8 workers_busy=3 level=DEBUG
2026-03-14 02:04:42.318 runner heartbeat queue_depth=2 workers_busy=3 level=DEBUG
2026-03-14 02:39:12.508 runner heartbeat queue_depth=2 workers_busy=1 level=DEBUG
2026-03-14 02:45:45.811 runner heartbeat queue_depth=0 workers_busy=2 level=DEBUG
2026-03-14 02:22:30.423 runner heartbeat queue_depth=1 workers_busy=0 level=DEBUG
2026-03-14 02:49:38.830 runner heartbeat queue_depth=6 workers_busy=3 level=DEBUG
2026-03-14 02:22:35.926 runner heartbeat queue_depth=6 workers_busy=1 level=DEBUG
2026-03-14 02:35:08.530 runner heartbeat queue_depth=3 workers_busy=1 level=DEBUG
2026-03-14 02:34:14.093 runner heartbeat queue_depth=2 workers_busy=0 level=DEBUG
2026-03-14 03:04:44.487 runner heartbeat queue_depth=4 workers_busy=3 level=DEBUG
2026-03-14 02:48:27.976 runner heartbeat queue_depth=7 workers_busy=2 level=DEBUG
2026-03-14 02:51:06.466 runner heartbeat queue_depth=2 workers_busy=2 level=DEBUG
2026-03-14 03:03:48.409 runner heartbeat queue_depth=4 workers_busy=2 level=DEBUG
2026-03-14 02:59:08.249 runner heartbeat queue_depth=7 workers_busy=2 level=DEBUG
2026-03-14 02:51:08.315 runner heartbeat queue_depth=7 workers_busy=1 level=DEBUG
2026-03-14 02:35:42.737 runner heartbeat queue_depth=8 workers_busy=1 level=DEBUG
2026-03-14 03:12:43.398 runner heartbeat queue_depth=4 workers_busy=2 level=DEBUG
2026-03-14 02:00:19.251 runner heartbeat queue_depth=1 workers_busy=2 level=DEBUG
2026-03-14 02:07:21.525 runner heartbeat queue_depth=6 workers_busy=0 level=DEBUG
2026-03-14 02:55:42.243 runner heartbeat queue_depth=6 workers_busy=2 level=DEBUG
2026-03-14 02:45:49.264 runner heartbeat queue_depth=4 workers_busy=0 level=DEBUG
2026-03-14 02:28:56.368 runner heartbeat queue_depth=7 workers_busy=0 level=DEBUG
2026-03-14 02:13:29.051 runner heartbeat queue_depth=4 workers_busy=0 level=DEBUG
2026-03-14 03:01:59.754 runner heartbeat queue_depth=1 workers_busy=2 level=DEBUG
2026-03-14 02:50:08.293 runner heartbeat queue_depth=3 workers_busy=0 level=DEBUG
2026-03-14 02:35:13.561 runner heartbeat queue_depth=6 workers_busy=2 level=DEBUG
2026-03-14 02:31:49.915 runner heartbeat queue_depth=8 workers_busy=1 level=DEBUG
2026-03-14 02:53:28.591 runner heartbeat queue_depth=7 workers_busy=0 level=DEBUG
2026-03-14 02:33:04.694 runner heartbeat queue_depth=5 workers_busy=3 level=DEBUG
2026-03-14 02:51:10.600 runner heartbeat queue_depth=7 workers_busy=2 level=DEBUG
2026-03-14 03:01:19.929 runner heartbeat queue_depth=6 workers_busy=2 level=DEBUG
2026-03-14 02:18:25.066 runner heartbeat queue_depth=5 workers_busy=0 level=DEBUG
2026-03-14 02:52:38.683 runner heartbeat queue_depth=2 workers_busy=0 level=DEBUG
2026-03-14 02:49:47.009 runner heartbeat queue_depth=4 workers_busy=3 level=DEBUG
2026-03-14 03:02:32.053 runner heartbeat queue_depth=3 workers_busy=2 level=DEBUG
2026-03-14 03:16:13.469 runner heartbeat queue_depth=3 workers_busy=1 level=DEBUG
2026-03-14 02:16:52.129 runner heartbeat queue_depth=6 workers_busy=0 level=DEBUG
2026-03-14 02:44:14.356 runner heartbeat queue_depth=6 workers_busy=2 level=DEBUG
2026-03-14 02:56:49.517 runner heartbeat queue_depth=0 workers_busy=2 level=DEBUG
2026-03-14 02:02:41.230 runner heartbeat queue_depth=7 workers_busy=2 level=DEBUG
2026-03-14 02:19:39.409 runner heartbeat queue_depth=1 workers_busy=1 level=DEBUG
2026-03-14 02:07:25.713 runner heartbeat queue_depth=8 workers_busy=2 level=DEBUG
2026-03-14 02:36:06.410 runner heartbeat queue_depth=7 workers_busy=3 level=DEBUG
2026-03-14 03:00:29.842 runner heartbeat queue_depth=6 workers_busy=1 level=DEBUG
2026-03-14 02:55:04.027 runner heartbeat queue_depth=1 workers_busy=1 level=DEBUG
2026-03-14 02:17:48.870 runner heartbeat queue_depth=5 workers_busy=2 level=DEBUG
2026-03-14 03:11:34.611 runner heartbeat queue_depth=2 workers_busy=1 level=DEBUG
2026-03-14 02:15:43.915 runner heartbeat queue_depth=3 workers_busy=2 level=DEBUG
2026-03-14 02:31:42.816 runner heartbeat queue_depth=5 workers_busy=3 level=DEBUG
2026-03-14 03:00:28.729 runner heartbeat queue_depth=4 workers_busy=1 level=DEBUG
2026-03-14 02:25:10.571 runner heartbeat queue_depth=5 workers_busy=1 level=DEBUG
2026-03-14 02:11:33.221 runner heartbeat queue_depth=6 workers_busy=2 level=DEBUG
2026-03-14 02:22:46.867 runner heartbeat queue_depth=2 workers_busy=3 level=DEBUG
2026-03-14 02:13:42.310 runner heartbeat queue_depth=7 workers_busy=2 level=DEBUG
2026-03-14 02:39:05.636 runner heartbeat queue_depth=1 workers_busy=3 level=DEBUG
2026-03-14 02:43:34.496 runner heartbeat queue_depth=7 workers_busy=3 level=DEBUG
2026-03-14 03:00:58.049 runner heartbeat queue_depth=7 workers_busy=3 level=DEBUG
2026-03-14 03:08:22.845 runner heartbeat queue_depth=3 workers_busy=3 level=DEBUG
2026-03-14 02:53:44.472 runner heartbeat queue_depth=0 workers_busy=3 level=DEBUG
2026-03-14 02:02:31.549 runner heartbeat queue_depth=3 workers_busy=1 level=DEBUG
2026-03-14 02:48:57.641 runner heartbeat queue_depth=7 workers_busy=2 level=DEBUG
2026-03-14 02:21:19.612 runner heartbeat queue_depth=7 workers_busy=3 level=DEBUG
2026-03-14 02:12:43.522 runner heartbeat queue_depth=1 workers_busy=3 level=DEBUG
2026-03-14 02:27:38.766 runner heartbeat queue_depth=1 workers_busy=2 level=DEBUG
2026-03-14 02:48:37.199 runner heartbeat queue_depth=0 workers_busy=1 level=DEBUG
2026-03-14 03:10:50.842 runner heartbeat queue_depth=5 workers_busy=1 level=DEBUG
2026-03-14 03:16:52.513 runner heartbeat queue_depth=2 workers_busy=0 level=DEBUG
2026-03-14 02:09:40.227 runner heartbeat queue_depth=3 workers_busy=3 level=DEBUG
2026-03-14 02:13:03.902 runner heartbeat queue_depth=3 workers_busy=1 level=DEBUG
2026-03-14 02:11:49.773 runner heartbeat queue_depth=6 workers_busy=3 level=DEBUG
2026-03-14 02:36:56.497 runner heartbeat queue_depth=4 workers_busy=2 level=DEBUG
2026-03-14 02:10:51.732 runner heartbeat queue_depth=4 workers_busy=3 level=DEBUG
2026-03-14 02:32:58.875 runner heartbeat queue_depth=8 workers_busy=2 level=DEBUG
2026-03-14 02:09:30.171 runner heartbeat queue_depth=6 workers_busy=2 level=DEBUG
2026-03-14 02:02:50.304 runner heartbeat queue_depth=8 workers_busy=3 level=DEBUG
2026-03-14 03:18:19.795 runner heartbeat queue_depth=5 workers_busy=1 level=DEBUG
2026-03-14 03:13:55.129 runner heartbeat queue_depth=7 workers_busy=2 level=DEBUG
2026-03-14 02:07:36.569 runner heartbeat queue_depth=2 workers_busy=3 level=DEBUG
2026-03-14 02:56:24.718 runner heartbeat queue_depth=5 workers_busy=2 level=DEBUG
2026-03-14 02:47:01.853 runner heartbeat queue_depth=3 workers_busy=2 level=DEBUG
2026-03-14 02:34:19.978 runner heartbeat queue_depth=2 workers_busy=0 level=DEBUG
2026-03-14 02:40:18.946 runner heartbeat queue_depth=6 workers_busy=0 level=DEBUG
2026-03-14 02:31:02.615 runner heartbeat queue_depth=6 workers_busy=1 level=DEBUG
2026-03-14 02:07:42.718 runner heartbeat queue_depth=4 workers_busy=0 level=DEBUG
2026-03-14 02:17:11.398 runner heartbeat queue_depth=1 workers_busy=2 level=DEBUG
2026-03-14 02:31:16.542 runner heartbeat queue_depth=6 workers_busy=1 level=DEBUG
2026-03-14 03:06:38.922 runner heartbeat queue_depth=2 workers_busy=1 level=DEBUG
2026-03-14 02:35:45.179 runner heartbeat queue_depth=8 workers_busy=0 level=DEBUG
2026-03-14 02:58:43.426 runner heartbeat queue_depth=0 workers_busy=0 level=DEBUG
2026-03-14 03:16:16.047 runner heartbeat queue_depth=5 workers_busy=0 level=DEBUG
2026-03-14 03:13:18.913 runner heartbeat queue_depth=4 workers_busy=0 level=DEBUG
2026-03-14 02:10:58.560 runner heartbeat queue_depth=4 workers_busy=0 level=DEBUG
2026-03-14 03:05:25.292 runner heartbeat queue_depth=5 workers_busy=3 level=DEBUG
2026-03-14 02:33:37.937 runner heartbeat queue_depth=5 workers_busy=3 level=DEBUG
2026-03-14 03:09:15.475 runner heartbeat queue_depth=8 workers_busy=2 level=DEBUG
2026-03-14 02:14:55.423 runner heartbeat queue_depth=1 workers_busy=1 level=DEBUG
2026-03-14 02:10:04.531 runner heartbeat queue_depth=4 workers_busy=2 level=DEBUG
2026-03-14 02:20:00.033 runner heartbeat queue_depth=7 workers_busy=1 level=DEBUG
2026-03-14 02:04:40.431 runner heartbeat queue_depth=1 workers_busy=3 level=DEBUG
2026-03-14 03:18:56.583 runner heartbeat queue_depth=6 workers_busy=0 level=DEBUG
2026-03-14 03:01:07.478 runner heartbeat queue_depth=4 workers_busy=0 level=DEBUG
2026-03-14 02:16:29.423 runner heartbeat queue_depth=7 workers_busy=2 level=DEBUG
2026-03-14 03:08:33.237 runner heartbeat queue_depth=6 workers_busy=0 level=DEBUG
2026-03-14 02:53:36.991 runner heartbeat queue_depth=4 workers_busy=2 level=DEBUG
2026-03-14 03:09:23.074 runner heartbeat queue_depth=2 workers_busy=3 level=DEBUG
2026-03-14 02:22:13.616 runner heartbeat queue_depth=4 workers_busy=1 level=DEBUG
2026-03-14 02:20:41.012 runner heartbeat queue_depth=8 workers_busy=2 level=DEBUG
2026-03-14 03:15:50.428 runner heartbeat queue_depth=4 workers_busy=1 level=DEBUG
2026-03-14 02:06:21.137 runner heartbeat queue_depth=2 workers_busy=0 level=DEBUG
2026-03-14 03:17:34.253 runner heartbeat queue_depth=8 workers_busy=2 level=DEBUG
2026-03-14 03:18:31.242 runner heartbeat queue_depth=3 workers_busy=0 level=DEBUG
2026-03-14 02:49:20.991 runner heartbeat queue_depth=6 workers_busy=1 level=DEBUG
2026-03-14 02:51:40.728 runner heartbeat queue_depth=5 workers_busy=1 level=DEBUG
2026-03-14 02:51:02.273 runner heartbeat queue_depth=6 workers_busy=2 level=DEBUG
2026-03-14 02:48:37.103 runner heartbeat queue_depth=1 workers_busy=2 level=DEBUG
2026-03-14 02:45:47.128 runner heartbeat queue_depth=7 workers_busy=1 level=DEBUG
2026-03-14 02:08:29.159 runner heartbeat queue_depth=8 workers_busy=0 level=DEBUG
2026-03-14 02:43:56.276 runner heartbeat queue_depth=4 workers_busy=0 level=DEBUG
2026-03-14 02:32:10.362 runner heartbeat queue_depth=0 workers_busy=2 level=DEBUG
2026-03-14 02:35:06.708 runner heartbeat queue_depth=8 workers_busy=0 level=DEBUG
2026-03-14 02:23:36.576 runner heartbeat queue_depth=7 workers_busy=1 level=DEBUG
2026-03-14 02:51:09.336 runner heartbeat queue_depth=5 workers_busy=2 level=DEBUG
2026-03-14 02:34:45.021 runner heartbeat queue_depth=2 workers_busy=3 level=DEBUG
2026-03-14 03:12:40.107 runner heartbeat queue_depth=3 workers_busy=1 level=DEBUG
2026-03-14 02:49:10.237 runner heartbeat queue_depth=1 workers_busy=3 level=DEBUG
2026-03-14 02:33:28.069 runner heartbeat queue_depth=8 workers_busy=0 level=DEBUG
2026-03-14 02:30:09.984 runner heartbeat queue_depth=4 workers_busy=1 level=DEBUG
2026-03-14 02:07:48.653 runner heartbeat queue_depth=5 workers_busy=0 level=DEBUG
2026-03-14 03:09:39.336 runner heartbeat queue_depth=4 workers_busy=2 level=DEBUG
2026-03-14 02:32:17.428 runner heartbeat queue_depth=3 workers_busy=1 level=DEBUG
2026-03-14 02:59:36.788 runner heartbeat queue_depth=3 workers_busy=3 level=DEBUG
2026-03-14 02:23:53.592 runner heartbeat queue_depth=3 workers_busy=0 level=DEBUG
2026-03-14 03:16:48.826 runner heartbeat queue_depth=4 workers_busy=3 level=DEBUG
2026-03-14 02:25:36.242 runner heartbeat queue_depth=3 workers_busy=2 level=DEBUG
2026-03-14 02:23:02.661 runner heartbeat queue_depth=7 workers_busy=1 level=DEBUG
2026-03-14 02:14:35.817 runner heartbeat queue_depth=2 workers_busy=2 level=DEBUG
2026-03-14 02:01:23.712 runner heartbeat queue_depth=6 workers_busy=3 level=DEBUG
2026-03-14 02:02:56.846 runner heartbeat queue_depth=5 workers_busy=1 level=DEBUG
2026-03-14 03:04:25.687 runner heartbeat queue_depth=2 workers_busy=0 level=DEBUG
2026-03-14 02:47:19.254 runner heartbeat queue_depth=8 workers_busy=1 level=DEBUG
2026-03-14 03:04:57.166 runner heartbeat queue_depth=3 workers_busy=2 level=DEBUG
2026-03-14 03:12:33.288 runner heartbeat queue_depth=5 workers_busy=1 level=DEBUG
2026-03-14 02:01:12.085 runner heartbeat queue_depth=7 workers_busy=3 level=DEBUG
2026-03-14 03:00:10.971 runner heartbeat queue_depth=4 workers_busy=0 level=DEBUG
2026-03-14 02:05:10.748 runner heartbeat queue_depth=6 workers_busy=0 level=DEBUG
2026-03-14 03:04:56.429 runner heartbeat queue_depth=8 workers_busy=0 level=DEBUG
2026-03-14 02:33:10.933 runner heartbeat queue_depth=2 workers_busy=3 level=DEBUG
2026-03-14 02:58:34.287 runner heartbeat queue_depth=0 workers_busy=0 level=DEBUG
2026-03-14 02:20:36.583 runner heartbeat queue_depth=3 workers_busy=2 level=DEBUG
2026-03-14 03:14:57.441 runner heartbeat queue_depth=7 workers_busy=2 level=DEBUG
2026-03-14 03:16:56.219 runner heartbeat queue_depth=8 workers_busy=2 level=DEBUG
2026-03-14 02:30:19.402 runner heartbeat queue_depth=7 workers_busy=0 level=DEBUG
2026-03-14 02:37:32.571 runner heartbeat queue_depth=4 workers_busy=0 level=DEBUG
2026-03-14 02:27:55.139 runner heartbeat queue_depth=7 workers_busy=1 level=DEBUG
2026-03-14 03:17:16.459 runner heartbeat queue_depth=6 workers_busy=0 level=DEBUG
2026-03-14 02:35:27.326 runner heartbeat queue_depth=6 workers_busy=0 level=DEBUG
2026-03-14 02:36:50.657 runner heartbeat queue_depth=0 workers_busy=2 level=DEBUG
2026-03-14 02:33:48.217 runner heartbeat queue_depth=5 workers_busy=3 level=DEBUG
2026-03-14 02:15:02.188 runner heartbeat queue_depth=2 workers_busy=3 level=DEBUG
2026-03-14 02:34:09.243 runner heartbeat queue_depth=5 workers_busy=0 level=DEBUG
2026-03-14 02:55:43.198 runner heartbeat queue_depth=8 workers_busy=2 level=DEBUG
2026-03-14 02:48:59.907 runner heartbeat queue_depth=8 workers_busy=1 level=DEBUG
2026-03-14 02:35:56.315 runner heartbeat queue_depth=7 workers_busy=1 level=DEBUG
2026-03-14 02:52:35.935 runner heartbeat queue_depth=5 workers_busy=2 level=DEBUG
2026-03-14 03:14:56.929 runner heartbeat queue_depth=8 workers_busy=3 level=DEBUG
2026-03-14 02:18:08.197 runner heartbeat queue_depth=2 workers_busy=2 level=DEBUG
2026-03-14 02:56:50.231 runner heartbeat queue_depth=8 workers_busy=3 level=DEBUG
2026-03-14 02:00:17.708 runner heartbeat queue_depth=6 workers_busy=0 level=DEBUG
2026-03-14 03:15:04.973 runner heartbeat queue_depth=3 workers_busy=2 level=DEBUG
2026-03-14 03:15:19.483 runner heartbeat queue_depth=2 workers_busy=3 level=DEBUG
2026-03-14 02:39:44.704 runner heartbeat queue_depth=0 workers_busy=2 level=DEBUG
2026-03-14 02:10:17.302 runner heartbeat queue_depth=1 workers_busy=0 level=DEBUG
2026-03-14 03:07:48.511 runner heartbeat queue_depth=8 workers_busy=2 level=DEBUG
2026-03-14 02:13:36.828 runner heartbeat queue_depth=0 workers_busy=3 level=DEBUG
2026-03-14 02:35:26.644 runner heartbeat queue_depth=0 workers_busy=0 level=DEBUG
2026-03-14 02:05:10.848 runner heartbeat queue_depth=8 workers_busy=0 level=DEBUG
2026-03-14 03:04:43.365 runner heartbeat queue_depth=1 workers_busy=2 level=DEBUG
2026-03-14 02:23:34.753 runner heartbeat queue_depth=7 workers_busy=2 level=DEBUG
2026-03-14 02:42:15.878 runner heartbeat queue_depth=3 workers_busy=2 level=DEBUG
2026-03-14 02:52:35.394 runner heartbeat queue_depth=8 workers_busy=1 level=DEBUG
2026-03-14 02:29:39.503 runner heartbeat queue_depth=5 workers_busy=0 level=DEBUG
2026-03-14 02:03:18.628 runner heartbeat queue_depth=8 workers_busy=2 level=DEBUG
2026-03-14 02:49:04.322 runner heartbeat queue_depth=4 workers_busy=2 level=DEBUG
2026-03-14 02:14:53.313 runner heartbeat queue_depth=8 workers_busy=2 level=DEBUG
2026-03-14 02:48:40.634 runner heartbeat queue_depth=2 workers_busy=1 level=DEBUG
2026-03-14 02:38:14.575 runner heartbeat queue_depth=1 workers_busy=0 level=DEBUG
2026-03-14 02:34:54.402 runner heartbeat queue_depth=7 workers_busy=2 level=DEBUG
2026-03-14 02:10:04.044 runner heartbeat queue_depth=1 workers_busy=0 level=DEBUG
2026-03-14 02:48:01.124 runner heartbeat queue_depth=2 workers_busy=3 level=DEBUG
2026-03-14 02:05:55.122 runner heartbeat queue_depth=2 workers_busy=1 level=DEBUG
2026-03-14 02:57:19.949 runner heartbeat queue_depth=0 workers_busy=1 level=DEBUG
2026-03-14 02:55:11.767 runner heartbeat queue_depth=5 workers_busy=0 level=DEBUG
2026-03-14 03:04:07.569 runner heartbeat queue_depth=4 workers_busy=0 level=DEBUG
2026-03-14 02:59:23.321 runner heartbeat queue_depth=0 workers_busy=0 level=DEBUG
2026-03-14 02:59:04.092 runner heartbeat queue_depth=3 workers_busy=2 level=DEBUG
2026-03-14 02:07:19.788 runner heartbeat queue_depth=8 workers_busy=2 level=DEBUG
2026-03-14 02:13:10.418 runner heartbeat queue_depth=1 workers_busy=3 level=DEBUG
2026-03-14 03:14:10.513 runner heartbeat queue_depth=8 workers_busy=1 level=DEBUG
2026-03-14 02:05:49.222 runner heartbeat queue_depth=6 workers_busy=0 level=DEBUG
2026-03-14 02:06:08.502 runner heartbeat queue_depth=7 workers_busy=2 level=DEBUG
2026-03-14 02:30:03.230 runner heartbeat queue_depth=0 workers_busy=0 level=DEBUG
2026-03-14 02:35:06.696 runner heartbeat queue_depth=6 workers_busy=3 level=DEBUG
2026-03-14 02:46:00.930 runner heartbeat queue_depth=1 workers_busy=1 level=DEBUG
2026-03-14 02:40:34.214 runner heartbeat queue_depth=8 workers_busy=2 level=DEBUG
2026-03-14 03:07:17.637 runner heartbeat queue_depth=6 workers_busy=1 level=DEBUG
2026-03-14 02:10:39.006 runner heartbeat queue_depth=6 workers_busy=3 level=DEBUG
2026-03-14 02:46:10.178 runner heartbeat queue_depth=3 workers_busy=0 level=DEBUG
2026-03-14 02:43:42.843 runner heartbeat queue_depth=1 workers_busy=1 level=DEBUG
2026-03-14 02:43:29.952 runner heartbeat queue_depth=2 workers_busy=3 level=DEBUG
2026-03-14 02:30:06.089 runner heartbeat queue_depth=5 workers_busy=0 level=DEBUG
2026-03-14 02:01:56.892 runner heartbeat queue_depth=7 workers_busy=3 level=DEBUG
2026-03-14 03:01:09.950 runner heartbeat queue_depth=4 workers_busy=3 level=DEBUG
2026-03-14 02:53:21.352 runner heartbeat queue_depth=3 workers_busy=0 level=DEBUG
2026-03-14 02:53:21.759 runner heartbeat queue_depth=4 workers_busy=1 level=DEBUG
2026-03-14 02:58:42.709 runner heartbeat queue_depth=7 workers_busy=3 level=DEBUG
2026-03-14 02:37:38.906 runner heartbeat queue_depth=3 workers_busy=2 level=DEBUG
2026-03-14 02:30:49.103 runner heartbeat queue_depth=4 workers_busy=2 level=DEBUG
2026-03-14 02:15:45.073 runner heartbeat queue_depth=5 workers_busy=2 level=DEBUG
2026-03-14 02:08:03.587 runner heartbeat queue_depth=2 workers_busy=2 level=DEBUG
2026-03-14 03:05:42.316 runner heartbeat queue_depth=8 workers_busy=1 level=DEBUG
2026-03-14 02:32:47.964 runner heartbeat queue_depth=3 workers_busy=1 level=DEBUG
2026-03-14 02:28:26.211 runner heartbeat queue_depth=2 workers_busy=0 level=DEBUG
2026-03-14 02:09:06.249 runner heartbeat queue_depth=2 workers_busy=0 level=DEBUG
2026-03-14 02:51:48.126 runner heartbeat queue_depth=4 workers_busy=1 level=DEBUG
2026-03-14 02:41:23.794 runner heartbeat queue_depth=6 workers_busy=0 level=DEBUG
2026-03-14 02:27:08.384 runner heartbeat queue_depth=3 workers_busy=1 level=DEBUG
2026-03-14 02:45:40.532 runner heartbeat queue_depth=3 workers_busy=1 level=DEBUG
2026-03-14 02:51:29.082 runner heartbeat queue_depth=1 workers_busy=0 level=DEBUG
2026-03-14 02:49:39.787 runner heartbeat queue_depth=2 workers_busy=1 level=DEBUG
2026-03-14 02:02:55.328 runner heartbeat queue_depth=2 workers_busy=3 level=DEBUG
2026-03-14 02:51:16.945 runner heartbeat queue_depth=4 workers_busy=1 level=DEBUG
2026-03-14 02:07:30.579 runner heartbeat queue_depth=3 workers_busy=1 level=DEBUG
2026-03-14 02:20:13.752 runner heartbeat queue_depth=1 workers_busy=3 level=DEBUG
2026-03-14 03:11:48.857 runner heartbeat queue_depth=0 workers_busy=2 level=DEBUG
2026-03-14 02:10:29.014 runner heartbeat queue_depth=6 workers_busy=1 level=DEBUG
2026-03-14 03:14:13.540 runner heartbeat queue_depth=4 workers_busy=3 level=DEBUG
2026-03-14 02:05:30.333 runner heartbeat queue_depth=7 workers_busy=0 level=DEBUG
2026-03-14 02:38:52.766 runner heartbeat queue_depth=6 workers_busy=3 level=DEBUG
2026-03-14 02:08:03.247 runner heartbeat queue_depth=0 workers_busy=0 level=DEBUG
2026-03-14 02:15:18.822 runner heartbeat queue_depth=2 workers_busy=2 level=DEBUG
2026-03-14 03:16:40.567 runner heartbeat queue_depth=1 workers_busy=0 level=DEBUG
2026-03-14 03:00:55.344 runner heartbeat queue_depth=5 workers_busy=3 level=DEBUG
2026-03-14 02:14:14.587 runner heartbeat queue_depth=7 workers_busy=3 level=DEBUG
2026-03-14 03:07:35.858 runner heartbeat queue_depth=6 workers_busy=2 level=DEBUG
2026-03-14 02:25:49.142 runner heartbeat queue_depth=8 workers_busy=1 level=DEBUG
2026-03-14 03:09:22.345 runner heartbeat queue_depth=0 workers_busy=1 level=DEBUG
2026-03-14 03:06:59.969 runner heartbeat queue_depth=5 workers_busy=1 level=DEBUG
2026-03-14 02:21:25.825 runner heartbeat queue_depth=3 workers_busy=2 level=DEBUG
2026-03-14 02:43:23.607 runner heartbeat queue_depth=4 workers_busy=0 level=DEBUG
2026-03-14 02:09:03.899 runner heartbeat queue_depth=5 workers_busy=2 level=DEBUG
2026-03-14 03:03:45.401 runner heartbeat queue_depth=1 workers_busy=3 level=DEBUG
2026-03-14 03:05:15.031 runner heartbeat queue_depth=8 workers_busy=0 level=DEBUG
2026-03-14 02:37:54.255 runner heartbeat queue_depth=7 workers_busy=1 level=DEBUG
2026-03-14 02:54:17.894 runner heartbeat queue_depth=4 workers_busy=1 level=DEBUG
2026-03-14 02:21:33.544 runner heartbeat queue_depth=2 workers_busy=3 level=DEBUG
2026-03-14 02:42:14.256 runner heartbeat queue_depth=6 workers_busy=2 level=DEBUG
2026-03-14 02:27:13.336 runner heartbeat queue_depth=3 workers_busy=2 level=DEBUG
2026-03-14 02:53:53.001 runner heartbeat queue_depth=7 workers_busy=1 level=DEBUG
2026-03-14 02:25:07.657 runner heartbeat queue_depth=8 workers_busy=3 level=DEBUG
2026-03-14 02:23:36.333 runner heartbeat queue_depth=2 workers_busy=3 level=DEBUG
2026-03-14 02:09:33.129 runner heartbeat queue_depth=2 workers_busy=0 level=DEBUG
2026-03-14 03:06:15.689 runner heartbeat queue_depth=7 workers_busy=2 level=DEBUG
2026-03-14 02:20:49.545 runner heartbeat queue_depth=1 workers_busy=3 level=DEBUG
2026-03-14 03:05:46.136 runner heartbeat queue_depth=7 workers_busy=3 level=DEBUG
2026-03-14 02:08:56.870 runner heartbeat queue_depth=3 workers_busy=1 level=DEBUG
2026-03-14 03:09:43.547 runner heartbeat queue_depth=8 workers_busy=1 level=DEBUG
2026-03-14 02:22:16.315 runner heartbeat queue_depth=3 workers_busy=3 level=DEBUG
2026-03-14 02:36:35.645 runner heartbeat queue_depth=6 workers_busy=3 level=DEBUG
2026-03-14 02:12:16.234 runner heartbeat queue_depth=5 workers_busy=3 level=DEBUG
2026-03-14 02:04:18.562 runner heartbeat queue_depth=8 workers_busy=3 level=DEBUG
2026-03-14 03:08:38.881 runner heartbeat queue_depth=0 workers_busy=2 level=DEBUG
2026-03-14 02:08:53.340 runner heartbeat queue_depth=2 workers_busy=0 level=DEBUG
2026-03-14 03:16:57.943 runner heartbeat queue_depth=6 workers_busy=3 level=DEBUG
2026-03-14 03:18:07.735 runner heartbeat queue_depth=8 workers_busy=3 level=DEBUG
2026-03-14 03:13:39.730 runner heartbeat queue_depth=7 workers_busy=0 level=DEBUG
2026-03-14 02:35:20.662 runner heartbeat queue_depth=8 workers_busy=1 level=DEBUG
2026-03-14 02:36:18.810 runner heartbeat queue_depth=0 workers_busy=2 level=DEBUG
2026-03-14 03:02:00.421 runner heartbeat queue_depth=0 workers_busy=1 level=DEBUG
2026-03-14 02:21:07.103 runner heartbeat queue_depth=2 workers_busy=0 level=DEBUG
2026-03-14 02:13:32.398 runner heartbeat queue_depth=7 workers_busy=3 level=DEBUG
2026-03-14 03:04:47.144 runner heartbeat queue_depth=0 workers_busy=3 level=DEBUG
2026-03-14 02:09:06.028 runner heartbeat queue_depth=7 workers_busy=1 level=DEBUG
2026-03-14 02:00:10.621 runner heartbeat queue_depth=2 workers_busy=2 level=DEBUG
2026-03-14 02:29:37.945 runner heartbeat queue_depth=1 workers_busy=2 level=DEBUG
2026-03-14 02:14:21.284 runner heartbeat queue_depth=6 workers_busy=0 level=DEBUG
2026-03-14 02:50:45.279 runner heartbeat queue_depth=8 workers_busy=2 level=DEBUG
2026-03-14 02:43:13.997 runner heartbeat queue_depth=8 workers_busy=3 level=DEBUG
2026-03-14 02:10:25.729 runner heartbeat queue_depth=8 workers_busy=1 level=DEBUG
2026-03-14 02:41:01.001 runner heartbeat queue_depth=0 workers_busy=0 level=DEBUG
2026-03-14 02:15:09.672 runner heartbeat queue_depth=6 workers_busy=0 level=DEBUG
2026-03-14 03:10:22.767 runner heartbeat queue_depth=8 workers_busy=1 level=DEBUG
2026-03-14 02:07:42.540 runner heartbeat queue_depth=5 workers_busy=3 level=DEBUG
2026-03-14 02:59:01.771 runner heartbeat queue_depth=2 workers_busy=1 level=DEBUG
2026-03-14 02:23:53.925 runner heartbeat queue_depth=3 workers_busy=1 level=DEBUG
2026-03-14 02:49:18.866 runner heartbeat queue_depth=8 workers_busy=1 level=DEBUG
2026-03-14 02:11:06.976 runner heartbeat queue_depth=8 workers_busy=3 level=DEBUG
2026-03-14 02:43:34.931 runner heartbeat queue_depth=7 workers_busy=3 level=DEBUG
2026-03-14 02:42:25.263 runner heartbeat queue_depth=1 workers_busy=1 level=DEBUG
2026-03-14 02:52:44.413 runner heartbeat queue_depth=7 workers_busy=1 level=DEBUG
2026-03-14 02:51:22.176 runner heartbeat queue_depth=6 workers_busy=3 level=DEBUG
2026-03-14 03:02:51.565 runner heartbeat queue_depth=3 workers_busy=1 level=DEBUG
2026-03-14 02:06:35.270 runner heartbeat queue_depth=5 workers_busy=0 level=DEBUG
2026-03-14 02:03:05.290 runner heartbeat queue_depth=8 workers_busy=0 level=DEBUG
2026-03-14 03:06:08.938 runner heartbeat queue_depth=5 workers_busy=0 level=DEBUG
2026-03-14 02:02:24.260 runner heartbeat queue_depth=6 workers_busy=1 level=DEBUG
2026-03-14 02:09:38.559 runner heartbeat queue_depth=2 workers_busy=0 level=DEBUG
2026-03-14 02:52:03.951 runner heartbeat queue_depth=6 workers_busy=0 level=DEBUG
2026-03-14 02:03:39.717 runner heartbeat queue_depth=3 workers_busy=1 level=DEBUG
2026-03-14 02:54:05.738 runner heartbeat queue_depth=2 workers_busy=2 level=DEBUG
2026-03-14 02:43:13.594 runner heartbeat queue_depth=1 workers_busy=0 level=DEBUG
2026-03-14 03:05:17.361 runner heartbeat queue_depth=4 workers_busy=1 level=DEBUG
2026-03-14 02:47:47.576 runner heartbeat queue_depth=0 workers_busy=1 level=DEBUG
2026-03-14 02:29:33.913 runner heartbeat queue_depth=6 workers_busy=0 level=DEBUG
2026-03-14 02:14:05.915 runner heartbeat queue_depth=5 workers_busy=1 level=DEBUG
2026-03-14 03:16:56.720 runner heartbeat queue_depth=7 workers_busy=1 level=DEBUG
2026-03-14 02:44:22.269 runner heartbeat queue_depth=8 workers_busy=0 level=DEBUG
2026-03-14 02:06:21.709 runner heartbeat queue_depth=6 workers_busy=2 level=DEBUG
2026-03-14 02:34:19.035 runner heartbeat queue_depth=2 workers_busy=3 level=DEBUG
2026-03-14 02:05:13.006 runner heartbeat queue_depth=2 workers_busy=1 level=DEBUG
2026-03-14 02:47:05.302 runner heartbeat queue_depth=5 workers_busy=3 level=DEBUG
2026-03-14 02:28:46.207 runner heartbeat queue_depth=1 workers_busy=0 level=DEBUG
2026-03-14 02:36:24.471 runner heartbeat queue_depth=5 workers_busy=2 level=DEBUG
2026-03-14 03:17:07.624 runner heartbeat queue_depth=4 workers_busy=3 level=DEBUG
2026-03-14 03:09:40.844 runner heartbeat queue_depth=0 workers_busy=1 level=DEBUG
2026-03-14 02:45:54.252 runner heartbeat queue_depth=5 workers_busy=0 level=DEBUG
2026-03-14 02:04:08.159 runner heartbeat queue_depth=7 workers_busy=3 level=DEBUG
2026-03-14 02:33:29.856 runner heartbeat queue_depth=4 workers_busy=1 level=DEBUG
2026-03-14 02:59:19.729 runner heartbeat queue_depth=7 workers_busy=2 level=DEBUG
2026-03-14 03:15:56.186 runner heartbeat queue_depth=5 workers_busy=2 level=DEBUG
2026-03-14 02:59:24.428 runner heartbeat queue_depth=7 workers_busy=0 level=DEBUG
2026-03-14 03:17:11.899 runner heartbeat queue_depth=4 workers_busy=3 level=DEBUG
2026-03-14 02:39:09.986 runner heartbeat queue_depth=0 workers_busy=0 level=DEBUG
2026-03-14 02:45:27.786 runner heartbeat queue_depth=0 workers_busy=0 level=DEBUG
2026-03-14 02:09:34.012 runner heartbeat queue_depth=8 workers_busy=2 level=DEBUG
2026-03-14 02:17:17.750 runner heartbeat queue_depth=8 workers_busy=1 level=DEBUG
2026-03-14 02:54:39.249 runner heartbeat queue_depth=8 workers_busy=2 level=DEBUG
2026-03-14 03:06:29.659 runner heartbeat queue_depth=0 workers_busy=1 level=DEBUG
2026-03-14 02:02:55.386 runner heartbeat queue_depth=8 workers_busy=0 level=DEBUG
2026-03-14 02:48:59.913 runner heartbeat queue_depth=0 workers_busy=0 level=DEBUG
2026-03-14 03:01:28.637 runner heartbeat queue_depth=1 workers_busy=2 level=DEBUG
2026-03-14 02:31:55.904 runner heartbeat queue_depth=6 workers_busy=1 level=DEBUG
2026-03-14 03:12:03.853 runner heartbeat queue_depth=5 workers_busy=1 level=DEBUG
2026-03-14 02:31:14.514 runner heartbeat queue_depth=2 workers_busy=2 level=DEBUG
2026-03-14 02:57:02.387 runner heartbeat queue_depth=1 workers_busy=1 level=DEBUG
2026-03-14 02:22:34.619 runner heartbeat queue_depth=1 workers_busy=2 level=DEBUG
2026-03-14 02:39:09.099 runner heartbeat queue_depth=8 workers_busy=3 level=DEBUG
2026-03-14 02:26:58.581 runner heartbeat queue_depth=6 workers_busy=3 level=DEBUG
2026-03-14 03:13:16.690 runner heartbeat queue_depth=3 workers_busy=3 level=DEBUG
2026-03-14 02:27:08.696 runner heartbeat queue_depth=6 workers_busy=1 level=DEBUG
2026-03-14 02:14:47.386 runner heartbeat queue_depth=3 workers_busy=2 level=DEBUG
2026-03-14 03:14:56.606 runner heartbeat queue_depth=8 workers_busy=2 level=DEBUG
2026-03-14 03:00:37.152 runner heartbeat queue_depth=4 workers_busy=1 level=DEBUG
2026-03-14 02:13:13.354 runner heartbeat queue_depth=0 workers_busy=0 level=DEBUG
2026-03-14 02:41:26.828 runner heartbeat queue_depth=5 workers_busy=3 level=DEBUG
2026-03-14 03:04:11.223 runner heartbeat queue_depth=1 workers_busy=0 level=DEBUG
2026-03-14 02:24:54.473 runner heartbeat queue_depth=8 workers_busy=1 level=DEBUG
2026-03-14 02:10:34.606 runner heartbeat queue_depth=2 workers_busy=0 level=DEBUG
2026-03-14 02:53:09.505 runner heartbeat queue_depth=5 workers_busy=2 level=DEBUG
2026-03-14 02:31:11.437 runner heartbeat queue_depth=1 workers_busy=2 level=DEBUG
2026-03-14 03:18:20.089 runner heartbeat queue_depth=4 workers_busy=3 level=DEBUG
2026-03-14 02:01:03.858 runner heartbeat queue_depth=7 workers_busy=2 level=DEBUG
2026-03-14 02:41:27.531 runner heartbeat queue_depth=8 workers_busy=1 level=DEBUG
2026-03-14 02:39:35.154 runner heartbeat queue_depth=2 workers_busy=0 level=DEBUG
2026-03-14 02:02:58.456 runner heartbeat queue_depth=0 workers_busy=1 level=DEBUG
2026-03-14 02:49:50.607 runner heartbeat queue_depth=0 workers_busy=0 level=DEBUG
2026-03-14 03:02:22.930 runner heartbeat queue_depth=7 workers_busy=3 level=DEBUG
2026-03-14 03:04:16.634 runner heartbeat queue_depth=3 workers_busy=2 level=DEBUG
2026-03-14 02:14:03.527 runner heartbeat queue_depth=2 workers_busy=3 level=DEBUG
2026-03-14 03:03:22.883 runner heartbeat queue_depth=5 workers_busy=3 level=DEBUG
2026-03-14 02:52:48.070 runner heartbeat queue_depth=2 workers_busy=0 level=DEBUG
2026-03-14 03:07:31.330 runner heartbeat queue_depth=4 workers_busy=0 level=DEBUG
2026-03-14 02:56:02.234 runner heartbeat queue_depth=3 workers_busy=3 level=DEBUG
2026-03-14 02:22:03.283 runner heartbeat queue_depth=5 workers_busy=3 level=DEBUG
2026-03-14 02:39:37.206 runner heartbeat queue_depth=2 workers_busy=2 level=DEBUG
2026-03-14 02:30:39.017 runner heartbeat queue_depth=6 workers_busy=1 level=DEBUG
2026-03-14 03:16:07.182 runner heartbeat queue_depth=2 workers_busy=2 level=DEBUG
2026-03-14 02:39:48.207 runner heartbeat queue_depth=1 workers_busy=0 level=DEBUG
2026-03-14 02:35:52.061 runner heartbeat queue_depth=8 workers_busy=0 level=DEBUG
2026-03-14 02:24:03.317 runner heartbeat queue_depth=0 workers_busy=1 level=DEBUG
2026-03-14 02:58:37.010 runner heartbeat queue_depth=8 workers_busy=2 level=DEBUG
2026-03-14 02:14:59.762 runner heartbeat queue_depth=7 workers_busy=2 level=DEBUG
2026-03-14 02:20:48.147 runner heartbeat queue_depth=6 workers_busy=3 level=DEBUG
2026-03-14 03:01:05.093 runner heartbeat queue_depth=4 workers_busy=2 level=DEBUG
2026-03-14 02:57:21.623 runner heartbeat queue_depth=3 workers_busy=2 level=DEBUG
2026-03-14 02:49:54.853 runner heartbeat queue_depth=1 workers_busy=3 level=DEBUG
2026-03-14 02:15:36.238 runner heartbeat queue_depth=7 workers_busy=3 level=DEBUG
2026-03-14 02:06:24.959 runner heartbeat queue_depth=7 workers_busy=1 level=DEBUG
2026-03-14 03:05:52.268 runner heartbeat queue_depth=6 workers_busy=3 level=DEBUG
2026-03-14 03:03:24.562 runner heartbeat queue_depth=1 workers_busy=3 level=DEBUG
2026-03-14 02:47:21.960 runner heartbeat queue_depth=7 workers_busy=1 level=DEBUG
2026-03-14 02:32:56.619 runner heartbeat queue_depth=6 workers_busy=1 level=DEBUG
2026-03-14 02:43:18.119 runner heartbeat queue_depth=0 workers_busy=2 level=DEBUG
2026-03-14 02:39:33.061 runner heartbeat queue_depth=2 workers_busy=2 level=DEBUG
2026-03-14 03:11:30.696 runner heartbeat queue_depth=7 workers_busy=3 level=DEBUG
2026-03-14 03:10:40.322 runner heartbeat queue_depth=3 workers_busy=0 level=DEBUG
2026-03-14 02:58:35.810 runner heartbeat queue_depth=0 workers_busy=0 level=DEBUG
2026-03-14 02:21:37.381 runner heartbeat queue_depth=1 workers_busy=3 level=DEBUG
2026-03-14 03:18:29.444 runner heartbeat queue_depth=1 workers_busy=1 level=DEBUG
2026-03-14 02:55:04.959 runner heartbeat queue_depth=0 workers_busy=3 level=DEBUG
2026-03-14 02:21:10.917 runner heartbeat queue_depth=1 workers_busy=0 level=DEBUG
2026-03-14 02:21:06.085 runner heartbeat queue_depth=7 workers_busy=3 level=DEBUG
2026-03-14 02:56:39.267 runner heartbeat queue_depth=0 workers_busy=1 level=DEBUG
2026-03-14 02:35:30.003 runner heartbeat queue_depth=4 workers_busy=0 level=DEBUG
2026-03-14 03:01:06.530 runner heartbeat queue_depth=3 workers_busy=3 level=DEBUG
2026-03-14 02:35:39.454 runner heartbeat queue_depth=2 workers_busy=0 level=DEBUG
2026-03-14 02:08:31.217 runner heartbeat queue_depth=2 workers_busy=3 level=DEBUG
2026-03-14 02:34:15.985 runner heartbeat queue_depth=3 workers_busy=2 level=DEBUG
2026-03-14 02:54:38.552 runner heartbeat queue_depth=6 workers_busy=2 level=DEBUG
2026-03-14 02:45:16.415 runner heartbeat queue_depth=4 workers_busy=1 level=DEBUG
2026-03-14 02:08:15.235 runner heartbeat queue_depth=6 workers_busy=2 level=DEBUG
2026-03-14 02:34:47.169 runner heartbeat queue_depth=1 workers_busy=1 level=DEBUG
2026-03-14 02:19:04.409 runner heartbeat queue_depth=6 workers_busy=3 level=DEBUG
2026-03-14 02:57:58.206 runner heartbeat queue_depth=0 workers_busy=2 level=DEBUG
2026-03-14 02:22:18.835 runner heartbeat queue_depth=6 workers_busy=3 level=DEBUG
2026-03-14 02:49:30.333 runner heartbeat queue_depth=8 workers_busy=3 level=DEBUG
2026-03-14 03:15:20.599 runner heartbeat queue_depth=0 workers_busy=1 level=DEBUG
2026-03-14 02:53:49.796 runner heartbeat queue_depth=8 workers_busy=3 level=DEBUG
2026-03-14 02:07:48.485 runner heartbeat queue_depth=5 workers_busy=1 level=DEBUG
2026-03-14 03:06:05.169 runner heartbeat queue_depth=6 workers_busy=3 level=DEBUG
2026-03-14 02:25:17.691 runner heartbeat queue_depth=2 workers_busy=3 level=DEBUG
2026-03-14 02:43:29.946 runner heartbeat queue_depth=5 workers_busy=2 level=DEBUG
2026-03-14 02:14:22.628 runner heartbeat queue_depth=2 workers_busy=0 level=DEBUG
2026-03-14 02:37:51.533 runner heartbeat queue_depth=3 workers_busy=3 level=DEBUG
2026-03-14 02:10:09.806 runner heartbeat queue_depth=7 workers_busy=3 level=DEBUG
2026-03-14 03:14:48.448 runner heartbeat queue_depth=2 workers_busy=1 level=DEBUG
2026-03-14 02:51:54.075 runner heartbeat queue_depth=5 workers_busy=1 level=DEBUG
2026-03-14 02:18:57.844 runner heartbeat queue_depth=0 workers_busy=1 level=DEBUG
2026-03-14 02:21:13.754 runner heartbeat queue_depth=5 workers_busy=1 level=DEBUG
2026-03-14 02:04:50.579 runner heartbeat queue_depth=7 workers_busy=1 level=DEBUG
2026-03-14 03:07:05.186 runner heartbeat queue_depth=2 workers_busy=0 level=DEBUG
2026-03-14 02:16:01.803 runner heartbeat queue_depth=5 workers_busy=0 level=DEBUG
2026-03-14 02:50:41.222 runner heartbeat queue_depth=2 workers_busy=0 level=DEBUG
2026-03-14 02:26:43.212 runner heartbeat queue_depth=2 workers_busy=2 level=DEBUG
2026-03-14 03:17:37.443 runner heartbeat queue_depth=2 workers_busy=0 level=DEBUG
2026-03-14 02:34:57.471 runner heartbeat queue_depth=8 workers_busy=3 level=DEBUG
2026-03-14 02:00:46.767 runner heartbeat queue_depth=4 workers_busy=2 level=DEBUG
2026-03-14 03:02:59.947 runner heartbeat queue_depth=1 workers_busy=3 level=DEBUG
2026-03-14 02:27:57.441 runner heartbeat queue_depth=1 workers_busy=1 level=DEBUG
2026-03-14 02:16:20.463 runner heartbeat queue_depth=2 workers_busy=1 level=DEBUG
2026-03-14 02:31:23.253 runner heartbeat queue_depth=1 workers_busy=2 level=DEBUG
2026-03-14 02:52:23.907 runner heartbeat queue_depth=1 workers_busy=3 level=DEBUG
2026-03-14 02:50:59.604 runner heartbeat queue_depth=0 workers_busy=0 level=DEBUG
2026-03-14 02:05:52.075 runner heartbeat queue_depth=0 workers_busy=3 level=DEBUG
2026-03-14 02:50:01.028 runner heartbeat queue_depth=8 workers_busy=2 level=DEBUG
2026-03-14 03:01:12.540 runner heartbeat queue_depth=8 workers_busy=2 level=DEBUG
2026-03-14 02:47:57.530 runner heartbeat queue_depth=6 workers_busy=0 level=DEBUG
2026-03-14 02:20:35.618 runner heartbeat queue_depth=4 workers_busy=2 level=DEBUG
2026-03-14 02:05:09.105 runner heartbeat queue_depth=7 workers_busy=0 level=DEBUG
2026-03-14 02:51:02.841 runner heartbeat queue_depth=3 workers_busy=2 level=DEBUG
2026-03-14 02:11:44.115 runner heartbeat queue_depth=0 workers_busy=0 level=DEBUG
2026-03-14 02:12:23.172 runner heartbeat queue_depth=6 workers_busy=3 level=DEBUG
2026-03-14 02:48:22.041 runner heartbeat queue_depth=5 workers_busy=0 level=DEBUG
2026-03-14 03:18:46.464 runner heartbeat queue_depth=1 workers_busy=2 level=DEBUG
2026-03-14 03:05:44.267 runner heartbeat queue_depth=2 workers_busy=0 level=DEBUG
2026-03-14 02:09:36.921 runner heartbeat queue_depth=8 workers_busy=1 level=DEBUG
2026-03-14 02:10:11.512 runner heartbeat queue_depth=5 workers_busy=1 level=DEBUG
2026-03-14 03:09:50.449 runner heartbeat queue_depth=5 workers_busy=2 level=DEBUG
2026-03-14 02:32:55.426 runner heartbeat queue_depth=0 workers_busy=2 level=DEBUG
2026-03-14 02:24:06.200 runner heartbeat queue_depth=7 workers_busy=0 level=DEBUG
2026-03-14 03:08:31.982 runner heartbeat queue_depth=4 workers_busy=3 level=DEBUG
2026-03-14 03:03:43.534 runner heartbeat queue_depth=0 workers_busy=2 level=DEBUG
2026-03-14 02:25:21.335 runner heartbeat queue_depth=4 workers_busy=0 level=DEBUG
2026-03-14 02:45:56.616 runner heartbeat queue_depth=8 workers_busy=1 level=DEBUG
2026-03-14 02:31:03.633 runner heartbeat queue_depth=3 workers_busy=2 level=DEBUG
2026-03-14 03:02:16.851 runner heartbeat queue_depth=2 workers_busy=2 level=DEBUG
2026-03-14 03:14:48.963 runner heartbeat queue_depth=1 workers_busy=1 level=DEBUG
2026-03-14 02:50:14.752 runner heartbeat queue_depth=6 workers_busy=2 level=DEBUG
2026-03-14 02:05:17.797 runner heartbeat queue_depth=6 workers_busy=2 level=DEBUG
2026-03-14 02:25:48.940 runner heartbeat queue_depth=4 workers_busy=2 level=DEBUG
2026-03-14 02:12:52.013 runner heartbeat queue_depth=6 workers_busy=0 level=DEBUG
2026-03-14 02:31:47.906 runner heartbeat queue_depth=2 workers_busy=1 level=DEBUG
2026-03-14 02:16:22.575 runner heartbeat queue_depth=7 workers_busy=0 level=DEBUG
2026-03-14 02:01:00.498 runner heartbeat queue_depth=6 workers_busy=3 level=DEBUG
2026-03-14 02:18:10.793 runner heartbeat queue_depth=1 workers_busy=3 level=DEBUG
2026-03-14 02:49:16.171 runner heartbeat queue_depth=0 workers_busy=1 level=DEBUG
2026-03-14 02:18:07.323 runner heartbeat queue_depth=3 workers_busy=2 level=DEBUG
2026-03-14 03:13:50.030 runner heartbeat queue_depth=0 workers_busy=2 level=DEBUG
2026-03-14 03:14:10.812 runner heartbeat queue_depth=5 workers_busy=3 level=DEBUG
2026-03-14 02:51:56.351 runner heartbeat queue_depth=5 workers_busy=0 level=DEBUG
2026-03-14 03:17:10.454 runner heartbeat queue_depth=4 workers_busy=1 level=DEBUG
2026-03-14 03:13:46.338 runner heartbeat queue_depth=0 workers_busy=2 level=DEBUG
2026-03-14 03:08:19.630 runner heartbeat queue_depth=0 workers_busy=2 level=DEBUG
2026-03-14 03:00:30.133 runner heartbeat queue_depth=4 workers_busy=3 level=DEBUG
2026-03-14 02:05:04.166 runner heartbeat queue_depth=2 workers_busy=2 level=DEBUG
2026-03-14 03:04:57.039 runner heartbeat queue_depth=7 workers_busy=3 level=DEBUG
2026-03-14 03:14:54.120 runner heartbeat queue_depth=6 workers_busy=3 level=DEBUG
2026-03-14 03:00:43.856 runner heartbeat queue_depth=2 workers_busy=2 level=DEBUG
2026-03-14 03:03:06.545 runner heartbeat queue_depth=4 workers_busy=1 level=DEBUG
2026-03-14 03:05:26.459 runner heartbeat queue_depth=2 workers_busy=0 level=DEBUG
2026-03-14 02:15:13.032 runner heartbeat queue_depth=6 workers_busy=3 level=DEBUG
2026-03-14 03:02:48.978 runner heartbeat queue_depth=3 workers_busy=2 level=DEBUG
2026-03-14 02:18:38.992 runner heartbeat queue_depth=1 workers_busy=0 level=DEBUG
2026-03-14 02:05:48.954 runner heartbeat queue_depth=3 workers_busy=1 level=DEBUG
2026-03-14 02:45:43.482 runner heartbeat queue_depth=0 workers_busy=0 level=DEBUG
2026-03-14 02:33:57.029 runner heartbeat queue_depth=2 workers_busy=0 level=DEBUG
2026-03-14 02:50:17.083 runner heartbeat queue_depth=4 workers_busy=2 level=DEBUG
2026-03-14 02:36:23.582 runner heartbeat queue_depth=2 workers_busy=1 level=DEBUG
2026-03-14 02:35:51.739 runner heartbeat queue_depth=2 workers_busy=3 level=DEBUG
2026-03-14 02:48:14.961 runner heartbeat queue_depth=3 workers_busy=3 level=DEBUG
2026-03-14 02:51:15.865 runner heartbeat queue_depth=5 workers_busy=3 level=DEBUG
2026-03-14 03:01:33.833 runner heartbeat queue_depth=4 workers_busy=0 level=DEBUG
2026-03-14 02:33:06.286 runner heartbeat queue_depth=8 workers_busy=1 level=DEBUG
2026-03-14 03:01:35.958 runner heartbeat queue_depth=6 workers_busy=0 level=DEBUG
2026-03-14 02:54:46.570 runner heartbeat queue_depth=4 workers_busy=0 level=DEBUG
2026-03-14 02:24:42.415 runner heartbeat queue_depth=0 workers_busy=1 level=DEBUG
2026-03-14 02:56:46.307 runner heartbeat queue_depth=5 workers_busy=3 level=DEBUG
2026-03-14 02:08:39.566 runner heartbeat queue_depth=4 workers_busy=3 level=DEBUG
2026-03-14 02:33:55.034 runner heartbeat queue_depth=1 workers_busy=3 level=DEBUG
2026-03-14 03:09:02.096 runner heartbeat queue_depth=0 workers_busy=2 level=DEBUG
2026-03-14 03:04:03.864 runner heartbeat queue_depth=2 workers_busy=0 level=DEBUG
2026-03-14 02:56:10.269 runner heartbeat queue_depth=1 workers_busy=0 level=DEBUG
2026-03-14 02:54:26.805 runner heartbeat queue_depth=2 workers_busy=0 level=DEBUG
2026-03-14 02:04:06.449 runner heartbeat queue_depth=3 workers_busy=1 level=DEBUG
2026-03-14 02:29:59.837 runner heartbeat queue_depth=1 workers_busy=2 level=DEBUG
2026-03-14 02:57:46.207 runner heartbeat queue_depth=4 workers_busy=3 level=DEBUG
2026-03-14 03:03:00.505 runner heartbeat queue_depth=0 workers_busy=0 level=DEBUG
2026-03-14 02:14:03.227 runner heartbeat queue_depth=5 workers_busy=3 level=DEBUG
2026-03-14 03:13:52.792 runner heartbeat queue_depth=4 workers_busy=3 level=DEBUG
2026-03-14 03:05:54.368 runner heartbeat queue_depth=0 workers_busy=1 level=DEBUG
2026-03-14 02:07:28.335 runner heartbeat queue_depth=8 workers_busy=1 level=DEBUG
2026-03-14 03:01:12.958 runner heartbeat queue_depth=4 workers_busy=3 level=DEBUG
2026-03-14 03:03:55.439 runner heartbeat queue_depth=8 workers_busy=1 level=DEBUG
2026-03-14 02:02:58.847 runner heartbeat queue_depth=8 workers_busy=3 level=DEBUG
2026-03-14 02:23:43.270 runner heartbeat queue_depth=0 workers_busy=2 level=DEBUG
2026-03-14 02:55:10.262 runner heartbeat queue_depth=8 workers_busy=3 level=DEBUG
2026-03-14 03:06:29.131 runner heartbeat queue_depth=3 workers_busy=1 level=DEBUG
2026-03-14 02:15:08.058 runner heartbeat queue_depth=6 workers_busy=3 level=DEBUG
2026-03-14 02:31:18.982 runner heartbeat queue_depth=0 workers_busy=0 level=DEBUG
2026-03-14 03:13:31.486 runner heartbeat queue_depth=6 workers_busy=3 level=DEBUG
2026-03-14 02:03:57.266 runner heartbeat queue_depth=2 workers_busy=3 level=DEBUG
2026-03-14 03:16:55.243 runner heartbeat queue_depth=6 workers_busy=2 level=DEBUG
2026-03-14 02:04:58.109 runner heartbeat queue_depth=2 workers_busy=2 level=DEBUG
2026-03-14 02:44:39.955 runner heartbeat queue_depth=6 workers_busy=0 level=DEBUG
2026-03-14 02:49:17.323 runner heartbeat queue_depth=6 workers_busy=1 level=DEBUG
2026-03-14 03:00:37.659 runner heartbeat queue_depth=5 workers_busy=2 level=DEBUG
2026-03-14 02:28:10.108 runner heartbeat queue_depth=0 workers_busy=3 level=DEBUG
2026-03-14 02:35:16.196 runner heartbeat queue_depth=4 workers_busy=0 level=DEBUG
2026-03-14 02:44:21.265 runner heartbeat queue_depth=7 workers_busy=0 level=DEBUG
2026-03-14 02:47:19.990 runner heartbeat queue_depth=7 workers_busy=0 level=DEBUG
2026-03-14 02:59:12.337 runner heartbeat queue_depth=5 workers_busy=3 level=DEBUG
2026-03-14 02:33:25.166 runner heartbeat queue_depth=4 workers_busy=2 level=DEBUG
2026-03-14 02:13:34.630 runner heartbeat queue_depth=0 workers_busy=3 level=DEBUG
2026-03-14 02:19:34.587 runner heartbeat queue_depth=3 workers_busy=0 level=DEBUG
2026-03-14 03:02:24.197 runner heartbeat queue_depth=5 workers_busy=0 level=DEBUG
2026-03-14 03:17:29.506 runner heartbeat queue_depth=4 workers_busy=0 level=DEBUG
2026-03-14 02:42:26.469 runner heartbeat queue_depth=2 workers_busy=2 level=DEBUG
2026-03-14 02:12:04.306 runner heartbeat queue_depth=2 workers_busy=2 level=DEBUG
2026-03-14 03:04:11.721 runner heartbeat queue_depth=8 workers_busy=1 level=DEBUG
2026-03-14 03:03:04.622 runner heartbeat queue_depth=2 workers_busy=2 level=DEBUG
2026-03-14 02:33:58.056 runner heartbeat queue_depth=4 workers_busy=1 level=DEBUG
2026-03-14 02:13:50.548 runner heartbeat queue_depth=7 workers_busy=1 level=DEBUG
2026-03-14 03:00:25.357 runner heartbeat queue_depth=3 workers_busy=2 level=DEBUG
2026-03-14 02:11:28.818 runner heartbeat queue_depth=2 workers_busy=3 level=DEBUG
2026-03-14 02:59:18.636 runner heartbeat queue_depth=1 workers_busy=1 level=DEBUG
2026-03-14 02:00:17.004 runner heartbeat queue_depth=4 workers_busy=0 level=DEBUG
2026-03-14 02:43:36.078 runner heartbeat queue_depth=5 workers_busy=1 level=DEBUG
2026-03-14 02:51:44.781 runner heartbeat queue_depth=2 workers_busy=0 level=DEBUG
2026-03-14 02:54:49.354 runner heartbeat queue_depth=2 workers_busy=0 level=DEBUG
2026-03-14 02:11:57.611 runner heartbeat queue_depth=6 workers_busy=1 level=DEBUG
2026-03-14 03:00:24.537 runner heartbeat queue_depth=4 workers_busy=0 level=DEBUG
2026-03-14 03:12:41.437 runner heartbeat queue_depth=8 workers_busy=1 level=DEBUG
2026-03-14 02:08:37.183 runner heartbeat queue_depth=8 workers_busy=3 level=DEBUG
2026-03-14 03:05:54.333 runner heartbeat queue_depth=8 workers_busy=3 level=DEBUG
2026-03-14 03:08:39.657 runner heartbeat queue_depth=7 workers_busy=0 level=DEBUG
2026-03-14 03:14:12.975 runner heartbeat queue_depth=7 workers_busy=3 level=DEBUG
2026-03-14 02:24:32.340 runner heartbeat queue_depth=1 workers_busy=1 level=DEBUG
2026-03-14 02:26:59.326 runner heartbeat queue_depth=5 workers_busy=0 level=DEBUG
2026-03-14 02:08:07.505 runner heartbeat queue_depth=2 workers_busy=2 level=DEBUG
2026-03-14 02:54:29.900 runner heartbeat queue_depth=5 workers_busy=0 level=DEBUG
2026-03-14 02:36:53.356 runner heartbeat queue_depth=7 workers_busy=1 level=DEBUG
2026-03-14 02:27:04.853 runner heartbeat queue_depth=6 workers_busy=1 level=DEBUG
2026-03-14 03:08:28.769 runner heartbeat queue_depth=2 workers_busy=0 level=DEBUG
2026-03-14 03:17:49.579 runner heartbeat queue_depth=4 workers_busy=1 level=DEBUG
2026-03-14 02:35:01.572 runner heartbeat queue_depth=1 workers_busy=1 level=DEBUG
2026-03-14 02:43:52.818 runner heartbeat queue_depth=0 workers_busy=2 level=DEBUG
2026-03-14 02:24:34.529 runner heartbeat queue_depth=1 workers_busy=0 level=DEBUG
2026-03-14 02:29:55.718 runner heartbeat queue_depth=7 workers_busy=1 level=DEBUG
2026-03-14 02:56:58.945 runner heartbeat queue_depth=4 workers_busy=1 level=DEBUG
2026-03-14 02:38:01.869 runner heartbeat queue_depth=3 workers_busy=3 level=DEBUG
2026-03-14 02:35:38.838 runner heartbeat queue_depth=4 workers_busy=1 level=DEBUG
2026-03-14 02:24:12.558 runner heartbeat queue_depth=7 workers_busy=3 level=DEBUG
2026-03-14 03:08:31.008 runner heartbeat queue_depth=1 workers_busy=0 level=DEBUG
2026-03-14 03:09:46.116 runner heartbeat queue_depth=5 workers_busy=3 level=DEBUG
2026-03-14 02:22:56.243 runner heartbeat queue_depth=7 workers_busy=0 level=DEBUG
2026-03-14 02:10:47.052 runner heartbeat queue_depth=4 workers_busy=3 level=DEBUG
2026-03-14 02:11:09.128 runner heartbeat queue_depth=6 workers_busy=2 level=DEBUG
2026-03-14 02:07:52.500 runner heartbeat queue_depth=3 workers_busy=2 level=DEBUG
2026-03-14 02:45:17.979 runner heartbeat queue_depth=0 workers_busy=3 level=DEBUG
2026-03-14 02:58:14.473 runner heartbeat queue_depth=6 workers_busy=3 level=DEBUG
2026-03-14 03:10:02.685 runner heartbeat queue_depth=3 workers_busy=1 level=DEBUG
2026-03-14 02:33:15.859 runner heartbeat queue_depth=5 workers_busy=2 level=DEBUG
2026-03-14 02:11:15.305 runner heartbeat queue_depth=3 workers_busy=1 level=DEBUG
2026-03-14 02:50:11.334 runner heartbeat queue_depth=0 workers_busy=3 level=DEBUG
2026-03-14 02:22:43.970 runner heartbeat queue_depth=7 workers_busy=0 level=DEBUG
2026-03-14 03:11:12.439 runner heartbeat queue_depth=0 workers_busy=0 level=DEBUG
2026-03-14 02:51:32.235 runner heartbeat queue_depth=6 workers_busy=0 level=DEBUG
2026-03-14 02:32:01.723 runner heartbeat queue_depth=3 workers_busy=0 level=DEBUG
2026-03-14 02:23:19.063 runner heartbeat queue_depth=1 workers_busy=0 level=DEBUG
2026-03-14 02:19:53.058 runner heartbeat queue_depth=5 workers_busy=2 level=DEBUG
2026-03-14 02:40:35.269 runner heartbeat queue_depth=0 workers_busy=0 level=DEBUG
2026-03-14 02:50:52.892 runner heartbeat queue_depth=7 workers_busy=2 level=DEBUG
2026-03-14 02:56:24.211 runner heartbeat queue_depth=4 workers_busy=1 level=DEBUG
2026-03-14 02:22:10.906 runner heartbeat queue_depth=5 workers_busy=3 level=DEBUG
2026-03-14 02:57:42.314 runner heartbeat queue_depth=6 workers_busy=3 level=DEBUG
2026-03-14 02:53:21.398 runner heartbeat queue_depth=6 workers_busy=3 level=DEBUG
2026-03-14 02:42:05.430 runner heartbeat queue_depth=7 workers_busy=3 level=DEBUG
2026-03-14 02:57:15.020 runner heartbeat queue_depth=5 workers_busy=0 level=DEBUG
2026-03-14 02:17:53.231 runner heartbeat queue_depth=1 workers_busy=1 level=DEBUG
2026-03-14 02:53:11.101 runner heartbeat queue_depth=0 workers_busy=3 level=DEBUG
2026-03-14 02:02:39.018 runner heartbeat queue_depth=7 workers_busy=3 level=DEBUG
2026-03-14 03:04:02.563 runner heartbeat queue_depth=1 workers_busy=2 level=DEBUG
2026-03-14 03:01:09.858 runner heartbeat queue_depth=5 workers_busy=0 level=DEBUG
2026-03-14 02:51:45.348 runner heartbeat queue_depth=2 workers_busy=0 level=DEBUG
2026-03-14 02:55:59.827 runner heartbeat queue_depth=3 workers_busy=0 level=DEBUG
2026-03-14 03:13:14.575 runner heartbeat queue_depth=3 workers_busy=0 level=DEBUG
2026-03-14 02:02:19.394 runner heartbeat queue_depth=7 workers_busy=0 level=DEBUG
2026-03-14 02:01:54.415 runner heartbeat queue_depth=0 workers_busy=3 level=DEBUG
2026-03-14 02:46:01.609 runner heartbeat queue_depth=1 workers_busy=1 level=DEBUG
2026-03-14 02:41:54.897 runner heartbeat queue_depth=4 workers_busy=2 level=DEBUG
2026-03-14 02:44:30.929 runner heartbeat queue_depth=0 workers_busy=2 level=DEBUG
2026-03-14 02:06:34.540 runner heartbeat queue_depth=7 workers_busy=0 level=DEBUG
2026-03-14 02:13:19.526 runner heartbeat queue_depth=8 workers_busy=1 level=DEBUG
2026-03-14 03:09:21.914 runner heartbeat queue_depth=6 workers_busy=0 level=DEBUG
2026-03-14 02:24:43.332 runner heartbeat queue_depth=7 workers_busy=1 level=DEBUG
2026-03-14 02:49:57.109 runner heartbeat queue_depth=0 workers_busy=0 level=DEBUG
2026-03-14 02:23:04.414 runner heartbeat queue_depth=5 workers_busy=3 level=DEBUG
2026-03-14 02:52:24.429 runner heartbeat queue_depth=8 workers_busy=3 level=DEBUG
2026-03-14 03:03:39.540 runner heartbeat queue_depth=1 workers_busy=1 level=DEBUG
2026-03-14 03:00:48.129 runner heartbeat queue_depth=8 workers_busy=0 level=DEBUG
2026-03-14 02:29:12.026 runner heartbeat queue_depth=8 workers_busy=3 level=DEBUG
2026-03-14 03:04:38.035 runner heartbeat queue_depth=0 workers_busy=2 level=DEBUG
2026-03-14 03:14:52.075 runner heartbeat queue_depth=2 workers_busy=2 level=DEBUG
2026-03-14 02:50:57.094 runner heartbeat queue_depth=3 workers_busy=2 level=DEBUG
2026-03-14 02:50:59.175 runner heartbeat queue_depth=3 workers_busy=0 level=DEBUG
2026-03-14 02:56:27.161 runner heartbeat queue_depth=5 workers_busy=1 level=DEBUG
2026-03-14 02:52:42.511 runner heartbeat queue_depth=0 workers_busy=0 level=DEBUG
2026-03-14 02:02:58.221 runner heartbeat queue_depth=6 workers_busy=0 level=DEBUG
2026-03-14 02:31:40.430 runner heartbeat queue_depth=8 workers_busy=2 level=DEBUG
2026-03-14 03:18:38.943 runner heartbeat queue_depth=6 workers_busy=1 level=DEBUG
2026-03-14 02:50:44.966 runner heartbeat queue_depth=1 workers_busy=3 level=DEBUG
2026-03-14 02:43:54.409 runner heartbeat queue_depth=1 workers_busy=1 level=DEBUG
2026-03-14 02:46:02.472 runner heartbeat queue_depth=5 workers_busy=1 level=DEBUG
2026-03-14 02:35:57.667 runner heartbeat queue_depth=1 workers_busy=1 level=DEBUG
2026-03-14 02:11:38.156 runner heartbeat queue_depth=0 workers_busy=1 level=DEBUG
2026-03-14 02:53:40.968 runner heartbeat queue_depth=3 workers_busy=1 level=DEBUG
2026-03-14 02:03:37.396 runner heartbeat queue_depth=8 workers_busy=1 level=DEBUG
2026-03-14 03:02:05.174 runner heartbeat queue_depth=6 workers_busy=0 level=DEBUG
2026-03-14 03:10:15.555 runner heartbeat queue_depth=1 workers_busy=1 level=DEBUG
2026-03-14 02:34:23.320 runner heartbeat queue_depth=3 workers_busy=2 level=DEBUG
2026-03-14 02:05:06.970 runner heartbeat queue_depth=1 workers_busy=2 level=DEBUG
2026-03-14 02:42:59.080 runner heartbeat queue_depth=5 workers_busy=3 level=DEBUG
2026-03-14 02:01:33.910 runner heartbeat queue_depth=3 workers_busy=0 level=DEBUG
2026-03-14 02:02:59.871 runner heartbeat queue_depth=4 workers_busy=0 level=DEBUG
2026-03-14 02:41:22.199 runner heartbeat queue_depth=3 workers_busy=1 level=DEBUG
2026-03-14 02:52:56.411 runner heartbeat queue_depth=8 workers_busy=0 level=DEBUG
2026-03-14 02:13:33.743 runner heartbeat queue_depth=0 workers_busy=3 level=DEBUG
2026-03-14 03:16:19.544 runner heartbeat queue_depth=0 workers_busy=3 level=DEBUG
2026-03-14 02:58:04.215 runner heartbeat queue_depth=5 workers_busy=2 level=DEBUG
2026-03-14 02:44:03.160 runner heartbeat queue_depth=3 workers_busy=2 level=DEBUG
2026-03-14 03:13:49.796 runner heartbeat queue_depth=0 workers_busy=3 level=DEBUG
2026-03-14 02:12:53.007 runner heartbeat queue_depth=7 workers_busy=3 level=DEBUG
2026-03-14 03:07:48.484 runner heartbeat queue_depth=6 workers_busy=2 level=DEBUG
2026-03-14 02:21:30.378 runner heartbeat queue_depth=4 workers_busy=0 level=DEBUG
2026-03-14 02:54:17.091 runner heartbeat queue_depth=6 workers_busy=2 level=DEBUG
2026-03-14 03:15:00.526 runner heartbeat queue_depth=3 workers_busy=1 level=DEBUG
2026-03-14 03:11:47.018 runner heartbeat queue_depth=5 workers_busy=2 level=DEBUG
2026-03-14 02:10:59.904 runner heartbeat queue_depth=2 workers_busy=3 level=DEBUG
2026-03-14 02:21:10.562 runner heartbeat queue_depth=4 workers_busy=1 level=DEBUG
2026-03-14 02:24:38.287 runner heartbeat queue_depth=3 workers_busy=1 level=DEBUG
2026-03-14 02:17:03.976 runner heartbeat queue_depth=2 workers_busy=0 level=DEBUG
2026-03-14 02:19:45.277 runner heartbeat queue_depth=3 workers_busy=2 level=DEBUG
2026-03-14 02:05:55.442 runner heartbeat queue_depth=3 workers_busy=0 level=DEBUG
2026-03-14 02:41:08.224 runner heartbeat queue_depth=0 workers_busy=2 level=DEBUG
2026-03-14 02:02:58.747 runner heartbeat queue_depth=6 workers_busy=3 level=DEBUG
2026-03-14 02:13:53.103 runner heartbeat queue_depth=4 workers_busy=0 level=DEBUG
2026-03-14 02:07:43.598 runner heartbeat queue_depth=3 workers_busy=0 level=DEBUG
2026-03-14 02:21:19.384 runner heartbeat queue_depth=0 workers_busy=3 level=DEBUG
2026-03-14 02:51:26.879 runner heartbeat queue_depth=3 workers_busy=3 level=DEBUG
2026-03-14 03:02:01.503 runner heartbeat queue_depth=4 workers_busy=2 level=DEBUG
2026-03-14 02:41:16.207 runner heartbeat queue_depth=4 workers_busy=3 level=DEBUG
2026-03-14 02:24:01.147 runner heartbeat queue_depth=8 workers_busy=3 level=DEBUG
2026-03-14 02:56:56.888 runner heartbeat queue_depth=5 workers_busy=3 level=DEBUG
2026-03-14 02:00:23.588 runner heartbeat queue_depth=7 workers_busy=0 level=DEBUG
2026-03-14 02:44:23.682 runner heartbeat queue_depth=6 workers_busy=2 level=DEBUG
2026-03-14 02:48:12.067 runner heartbeat queue_depth=1 workers_busy=0 level=DEBUG
2026-03-14 02:19:29.966 runner heartbeat queue_depth=1 workers_busy=2 level=DEBUG
2026-03-14 02:14:02.883 runner heartbeat queue_depth=3 workers_busy=3 level=DEBUG
2026-03-14 02:31:51.155 runner heartbeat queue_depth=3 workers_busy=0 level=DEBUG
2026-03-14 02:22:49.315 runner heartbeat queue_depth=0 workers_busy=3 level=DEBUG
2026-03-14 02:07:11.826 runner heartbeat queue_depth=5 workers_busy=3 level=DEBUG
2026-03-14 03:13:18.960 runner heartbeat queue_depth=1 workers_busy=2 level=DEBUG
2026-03-14 02:21:33.371 runner heartbeat queue_depth=2 workers_busy=1 level=DEBUG
2026-03-14 02:11:19.633 runner heartbeat queue_depth=4 workers_busy=0 level=DEBUG
2026-03-14 02:27:31.148 runner heartbeat queue_depth=0 workers_busy=0 level=DEBUG
2026-03-14 02:58:18.876 runner heartbeat queue_depth=8 workers_busy=1 level=DEBUG
2026-03-14 02:35:04.027 runner heartbeat queue_depth=2 workers_busy=3 level=DEBUG
2026-03-14 03:06:21.091 runner heartbeat queue_depth=0 workers_busy=2 level=DEBUG
2026-03-14 02:18:53.750 runner heartbeat queue_depth=2 workers_busy=1 level=DEBUG
2026-03-14 02:02:23.687 runner heartbeat queue_depth=2 workers_busy=3 level=DEBUG
2026-03-14 02:12:15.543 runner heartbeat queue_depth=8 workers_busy=3 level=DEBUG
2026-03-14 02:05:46.315 runner heartbeat queue_depth=6 workers_busy=1 level=DEBUG
2026-03-14 02:53:05.406 runner heartbeat queue_depth=3 workers_busy=2 level=DEBUG
2026-03-14 02:24:26.230 runner heartbeat queue_depth=5 workers_busy=1 level=DEBUG
2026-03-14 02:06:41.183 runner heartbeat queue_depth=2 workers_busy=1 level=DEBUG
2026-03-14 02:49:17.087 runner heartbeat queue_depth=1 workers_busy=1 level=DEBUG
2026-03-14 02:20:21.086 runner heartbeat queue_depth=5 workers_busy=1 level=DEBUG
2026-03-14 02:27:06.149 runner heartbeat queue_depth=0 workers_busy=3 level=DEBUG
2026-03-14 02:18:40.702 runner heartbeat queue_depth=0 workers_busy=1 level=DEBUG
2026-03-14 03:05:24.341 runner heartbeat queue_depth=8 workers_busy=1 level=DEBUG
2026-03-14 03:12:02.279 runner heartbeat queue_depth=7 workers_busy=0 level=DEBUG
2026-03-14 02:49:01.350 runner heartbeat queue_depth=6 workers_busy=3 level=DEBUG
2026-03-14 02:10:29.608 runner heartbeat queue_depth=7 workers_busy=3 level=DEBUG
2026-03-14 02:50:24.027 runner heartbeat queue_depth=2 workers_busy=0 level=DEBUG
2026-03-14 03:06:18.707 runner heartbeat queue_depth=2 workers_busy=1 level=DEBUG
2026-03-14 03:06:37.624 runner heartbeat queue_depth=1 workers_busy=0 level=DEBUG
2026-03-14 03:18:42.396 runner heartbeat queue_depth=4 workers_busy=3 level=DEBUG
2026-03-14 02:10:25.753 runner heartbeat queue_depth=7 workers_busy=1 level=DEBUG
2026-03-14 02:39:53.871 runner heartbeat queue_depth=2 workers_busy=3 level=DEBUG
2026-03-14 02:41:50.753 runner heartbeat queue_depth=0 workers_busy=3 level=DEBUG
2026-03-14 03:17:10.002 runner heartbeat queue_depth=4 workers_busy=0 level=DEBUG
2026-03-14 02:57:53.266 runner heartbeat queue_depth=3 workers_busy=0 level=DEBUG
2026-03-14 02:52:57.546 runner heartbeat queue_depth=0 workers_busy=0 level=DEBUG
2026-03-14 03:01:53.487 runner heartbeat queue_depth=3 workers_busy=3 level=DEBUG
2026-03-14 02:13:10.296 runner heartbeat queue_depth=0 workers_busy=1 level=DEBUG
2026-03-14 02:55:40.240 runner heartbeat queue_depth=4 workers_busy=1 level=DEBUG
2026-03-14 02:54:46.370 runner heartbeat queue_depth=2 workers_busy=1 level=DEBUG
2026-03-14 02:14:19.086 runner heartbeat queue_depth=0 workers_busy=1 level=DEBUG
2026-03-14 02:08:23.255 runner heartbeat queue_depth=1 workers_busy=2 level=DEBUG
2026-03-14 03:01:48.186 runner heartbeat queue_depth=4 workers_busy=1 level=DEBUG
2026-03-14 03:13:02.101 runner heartbeat queue_depth=8 workers_busy=3 level=DEBUG
2026-03-14 02:51:15.632 runner heartbeat queue_depth=0 workers_busy=0 level=DEBUG
2026-03-14 02:45:03.673 runner heartbeat queue_depth=5 workers_busy=0 level=DEBUG
2026-03-14 02:21:54.599 runner heartbeat queue_depth=2 workers_busy=1 level=DEBUG
2026-03-14 03:00:22.594 runner heartbeat queue_depth=8 workers_busy=0 level=DEBUG
2026-03-14 03:08:27.175 runner heartbeat queue_depth=2 workers_busy=0 level=DEBUG
2026-03-14 03:18:33.427 runner heartbeat queue_depth=8 workers_busy=3 level=DEBUG
2026-03-14 03:01:56.015 runner heartbeat queue_depth=7 workers_busy=3 level=DEBUG
2026-03-14 02:24:54.247 runner heartbeat queue_depth=5 workers_busy=3 level=DEBUG
2026-03-14 02:23:34.308 runner heartbeat queue_depth=8 workers_busy=0 level=DEBUG
2026-03-14 02:27:05.592 runner heartbeat queue_depth=0 workers_busy=1 level=DEBUG
2026-03-14 02:14:16.277 runner heartbeat queue_depth=1 workers_busy=0 level=DEBUG
2026-03-14 02:45:02.452 runner heartbeat queue_depth=2 workers_busy=2 level=DEBUG
2026-03-14 03:13:09.738 runner heartbeat queue_depth=7 workers_busy=2 level=DEBUG
2026-03-14 02:10:32.343 runner heartbeat queue_depth=4 workers_busy=1 level=DEBUG
2026-03-14 03:07:00.475 runner heartbeat queue_depth=1 workers_busy=2 level=DEBUG
2026-03-14 02:42:20.382 runner heartbeat queue_depth=2 workers_busy=0 level=DEBUG
2026-03-14 02:56:55.488 runner heartbeat queue_depth=5 workers_busy=3 level=DEBUG
2026-03-14 03:16:40.855 runner heartbeat queue_depth=0 workers_busy=0 level=DEBUG
2026-03-14 03:00:26.441 runner heartbeat queue_depth=1 workers_busy=1 level=DEBUG
2026-03-14 02:24:39.783 runner heartbeat queue_depth=2 workers_busy=1 level=DEBUG
2026-03-14 02:06:03.577 runner heartbeat queue_depth=2 workers_busy=3 level=DEBUG
2026-03-14 03:01:30.076 runner heartbeat queue_depth=3 workers_busy=2 level=DEBUG
2026-03-14 03:13:02.543 runner heartbeat queue_depth=5 workers_busy=3 level=DEBUG
2026-03-14 02:53:59.385 runner heartbeat queue_depth=1 workers_busy=3 level=DEBUG
2026-03-14 03:15:33.933 runner heartbeat queue_depth=2 workers_busy=3 level=DEBUG
2026-03-14 02:19:52.325 runner heartbeat queue_depth=1 workers_busy=1 level=DEBUG
2026-03-14 02:54:07.402 runner heartbeat queue_depth=7 workers_busy=3 level=DEBUG
2026-03-14 03:08:16.090 runner heartbeat queue_depth=2 workers_busy=3 level=DEBUG
2026-03-14 02:18:23.969 runner heartbeat queue_depth=3 workers_busy=2 level=DEBUG
2026-03-14 02:51:03.267 runner heartbeat queue_depth=8 workers_busy=3 level=DEBUG
2026-03-14 02:32:57.473 runner heartbeat queue_depth=5 workers_busy=0 level=DEBUG
2026-03-14 02:41:50.505 runner heartbeat queue_depth=3 workers_busy=2 level=DEBUG
2026-03-14 02:12:53.146 runner heartbeat queue_depth=1 workers_busy=0 level=DEBUG
2026-03-14 02:09:23.484 runner heartbeat queue_depth=2 workers_busy=0 level=DEBUG
2026-03-14 02:04:13.102 runner heartbeat queue_depth=8 workers_busy=0 level=DEBUG
2026-03-14 02:10:26.676 runner heartbeat queue_depth=7 workers_busy=0 level=DEBUG
2026-03-14 03:10:02.769 runner heartbeat queue_depth=7 workers_busy=3 level=DEBUG
2026-03-14 02:50:11.644 runner heartbeat queue_depth=2 workers_busy=2 level=DEBUG
2026-03-14 02:21:20.895 runner heartbeat queue_depth=5 workers_busy=3 level=DEBUG
2026-03-14 02:25:11.985 runner heartbeat queue_depth=3 workers_busy=0 level=DEBUG
2026-03-14 02:05:13.037 runner heartbeat queue_depth=8 workers_busy=2 level=DEBUG
2026-03-14 02:06:19.080 runner heartbeat queue_depth=6 workers_busy=3 level=DEBUG
2026-03-14 03:01:32.300 runner heartbeat queue_depth=4 workers_busy=1 level=DEBUG
2026-03-14 02:55:17.254 runner heartbeat queue_depth=5 workers_busy=1 level=DEBUG
2026-03-14 02:32:46.503 runner heartbeat queue_depth=8 workers_busy=1 level=DEBUG
2026-03-14 02:26:56.776 runner heartbeat queue_depth=4 workers_busy=0 level=DEBUG
2026-03-14 02:16:54.116 runner heartbeat queue_depth=8 workers_busy=2 level=DEBUG
2026-03-14 02:18:10.217 runner heartbeat queue_depth=6 workers_busy=1 level=DEBUG
2026-03-14 02:02:24.325 runner heartbeat queue_depth=4 workers_busy=1 level=DEBUG
2026-03-14 03:10:09.408 runner heartbeat queue_depth=2 workers_busy=3 level=DEBUG
2026-03-14 02:57:01.160 runner heartbeat queue_depth=3 workers_busy=2 level=DEBUG
2026-03-14 03:04:53.394 runner heartbeat queue_depth=6 workers_busy=1 level=DEBUG
2026-03-14 02:19:43.586 runner heartbeat queue_depth=8 workers_busy=2 level=DEBUG
2026-03-14 02:44:49.377 runner heartbeat queue_depth=0 workers_busy=0 level=DEBUG
2026-03-14 02:43:57.239 runner heartbeat queue_depth=3 workers_busy=1 level=DEBUG
2026-03-14 02:06:14.294 runner heartbeat queue_depth=2 workers_busy=0 level=DEBUG
2026-03-14 03:14:28.030 runner heartbeat queue_depth=5 workers_busy=3 level=DEBUG
2026-03-14 02:36:10.734 runner heartbeat queue_depth=7 workers_busy=2 level=DEBUG
2026-03-14 02:23:12.129 runner heartbeat queue_depth=4 workers_busy=3 level=DEBUG
2026-03-14 02:07:35.867 runner heartbeat queue_depth=7 workers_busy=0 level=DEBUG
2026-03-14 02:27:16.949 runner heartbeat queue_depth=0 workers_busy=2 level=DEBUG
2026-03-14 02:11:19.350 runner heartbeat queue_depth=3 workers_busy=1 level=DEBUG
2026-03-14 02:58:56.250 runner heartbeat queue_depth=5 workers_busy=1 level=DEBUG
2026-03-14 02:58:06.143 runner heartbeat queue_depth=6 workers_busy=0 level=DEBUG
2026-03-14 03:09:59.897 runner heartbeat queue_depth=4 workers_busy=3 level=DEBUG
2026-03-14 03:16:13.466 runner heartbeat queue_depth=0 workers_busy=2 level=DEBUG
2026-03-14 03:11:48.356 runner heartbeat queue_depth=5 workers_busy=2 level=DEBUG
2026-03-14 03:08:45.473 runner heartbeat queue_depth=6 workers_busy=0 level=DEBUG
2026-03-14 02:02:25.846 runner heartbeat queue_depth=4 workers_busy=1 level=DEBUG
2026-03-14 02:28:02.695 runner heartbeat queue_depth=2 workers_busy=1 level=DEBUG
2026-03-14 02:05:57.982 runner heartbeat queue_depth=2 workers_busy=1 level=DEBUG
2026-03-14 03:10:10.392 runner heartbeat queue_depth=3 workers_busy=0 level=DEBUG
2026-03-14 03:10:48.658 runner heartbeat queue_depth=3 workers_busy=2 level=DEBUG
2026-03-14 02:30:59.597 runner heartbeat queue_depth=7 workers_busy=3 level=DEBUG
2026-03-14 02:38:33.290 runner heartbeat queue_depth=5 workers_busy=3 level=DEBUG
2026-03-14 03:12:34.460 runner heartbeat queue_depth=0 workers_busy=3 level=DEBUG
2026-03-14 02:18:38.612 runner heartbeat queue_depth=5 workers_busy=3 level=DEBUG
2026-03-14 02:21:38.349 runner heartbeat queue_depth=4 workers_busy=3 level=DEBUG
2026-03-14 02:28:14.738 runner heartbeat queue_depth=5 workers_busy=0 level=DEBUG
2026-03-14 03:07:41.343 runner heartbeat queue_depth=3 workers_busy=1 level=DEBUG
2026-03-14 02:52:19.431 runner heartbeat queue_depth=7 workers_busy=3 level=DEBUG
2026-03-14 02:04:55.390 runner heartbeat queue_depth=0 workers_busy=3 level=DEBUG
2026-03-14 02:41:05.447 runner heartbeat queue_depth=8 workers_busy=0 level=DEBUG
2026-03-14 02:07:27.026 runner heartbeat queue_depth=1 workers_busy=1 level=DEBUG
2026-03-14 03:18:06.232 runner heartbeat queue_depth=4 workers_busy=3 level=DEBUG
2026-03-14 02:24:14.082 runner heartbeat queue_depth=6 workers_busy=1 level=DEBUG
2026-03-14 02:36:13.171 runner heartbeat queue_depth=0 workers_busy=1 level=DEBUG
2026-03-14 02:37:57.908 runner heartbeat queue_depth=8 workers_busy=0 level=DEBUG
2026-03-14 02:56:42.026 runner heartbeat queue_depth=4 workers_busy=1 level=DEBUG
2026-03-14 03:11:23.710 runner heartbeat queue_depth=6 workers_busy=2 level=DEBUG
2026-03-14 02:56:12.329 runner heartbeat queue_depth=6 workers_busy=0 level=DEBUG
2026-03-14 03:05:49.283 runner heartbeat queue_depth=6 workers_busy=0 level=DEBUG
2026-03-14 02:07:12.504 runner heartbeat queue_depth=6 workers_busy=2 level=DEBUG
2026-03-14 02:51:43.688 runner heartbeat queue_depth=0 workers_busy=2 level=DEBUG
2026-03-14 02:59:21.326 runner heartbeat queue_depth=3 workers_busy=0 level=DEBUG
2026-03-14 02:31:38.321 runner heartbeat queue_depth=8 workers_busy=1 level=DEBUG
2026-03-14 02:31:31.535 runner heartbeat queue_depth=2 workers_busy=0 level=DEBUG
2026-03-14 02:24:44.120 runner heartbeat queue_depth=4 workers_busy=0 level=DEBUG
2026-03-14 03:05:24.791 runner heartbeat queue_depth=4 workers_busy=0 level=DEBUG
2026-03-14 02:48:29.528 runner heartbeat queue_depth=4 workers_busy=3 level=DEBUG
2026-03-14 02:15:07.069 runner heartbeat queue_depth=7 workers_busy=1 level=DEBUG
2026-03-14 02:12:48.003 runner heartbeat queue_depth=4 workers_busy=0 level=DEBUG
2026-03-14 02:12:15.539 runner heartbeat queue_depth=1 workers_busy=3 level=DEBUG
2026-03-14 02:47:17.928 runner heartbeat queue_depth=8 workers_busy=0 level=DEBUG
2026-03-14 03:04:52.784 runner heartbeat queue_depth=1 workers_busy=1 level=DEBUG
2026-03-14 03:04:37.439 runner heartbeat queue_depth=4 workers_busy=3 level=DEBUG
2026-03-14 03:18:08.802 runner heartbeat queue_depth=8 workers_busy=3 level=DEBUG
2026-03-14 02:29:11.007 runner heartbeat queue_depth=7 workers_busy=3 level=DEBUG
2026-03-14 02:13:59.046 runner heartbeat queue_depth=6 workers_busy=0 level=DEBUG
2026-03-14 03:00:45.401 runner heartbeat queue_depth=8 workers_busy=3 level=DEBUG
2026-03-14 02:40:09.522 runner heartbeat queue_depth=7 workers_busy=3 level=DEBUG
2026-03-14 02:33:02.773 runner heartbeat queue_depth=1 workers_busy=3 level=DEBUG
2026-03-14 02:33:01.822 runner heartbeat queue_depth=7 workers_busy=1 level=DEBUG
2026-03-14 02:42:03.159 runner heartbeat queue_depth=3 workers_busy=0 level=DEBUG
2026-03-14 03:00:12.040 runner heartbeat queue_depth=8 workers_busy=2 level=DEBUG
2026-03-14 02:53:54.748 runner heartbeat queue_depth=7 workers_busy=2 level=DEBUG
2026-03-14 02:44:43.719 runner heartbeat queue_depth=8 workers_busy=0 level=DEBUG
2026-03-14 02:03:06.482 runner heartbeat queue_depth=8 workers_busy=0 level=DEBUG
2026-03-14 02:18:11.033 runner heartbeat queue_depth=3 workers_busy=1 level=DEBUG
2026-03-14 03:06:21.589 runner heartbeat queue_depth=0 workers_busy=2 level=DEBUG
2026-03-14 02:54:56.441 runner heartbeat queue_depth=3 workers_busy=1 level=DEBUG
2026-03-14 03:15:51.840 runner heartbeat queue_depth=1 workers_busy=0 level=DEBUG
2026-03-14 02:34:09.176 runner heartbeat queue_depth=6 workers_busy=3 level=DEBUG
2026-03-14 02:44:01.484 runner heartbeat queue_depth=4 workers_busy=2 level=DEBUG
2026-03-14 02:50:09.592 runner heartbeat queue_depth=4 workers_busy=0 level=DEBUG
2026-03-14 02:06:37.663 runner heartbeat queue_depth=7 workers_busy=0 level=DEBUG
2026-03-14 02:42:48.723 runner heartbeat queue_depth=8 workers_busy=0 level=DEBUG
2026-03-14 03:13:32.755 runner heartbeat queue_depth=6 workers_busy=2 level=DEBUG
2026-03-14 02:26:53.515 runner heartbeat queue_depth=4 workers_busy=1 level=DEBUG
2026-03-14 02:42:38.041 runner heartbeat queue_depth=0 workers_busy=2 level=DEBUG
2026-03-14 03:13:43.420 runner heartbeat queue_depth=3 workers_busy=0 level=DEBUG
2026-03-14 03:12:43.377 runner heartbeat queue_depth=1 workers_busy=2 level=DEBUG
2026-03-14 02:24:48.461 runner heartbeat queue_depth=3 workers_busy=3 level=DEBUG
2026-03-14 02:21:00.167 runner heartbeat queue_depth=1 workers_busy=1 level=DEBUG
2026-03-14 03:08:56.998 runner heartbeat queue_depth=8 workers_busy=3 level=DEBUG
2026-03-14 03:18:31.340 runner heartbeat queue_depth=7 workers_busy=2 level=DEBUG
2026-03-14 03:14:17.229 runner heartbeat queue_depth=6 workers_busy=1 level=DEBUG
2026-03-14 02:31:23.630 runner heartbeat queue_depth=2 workers_busy=2 level=DEBUG
2026-03-14 03:12:10.405 runner heartbeat queue_depth=2 workers_busy=0 level=DEBUG
2026-03-14 02:30:21.555 runner heartbeat queue_depth=8 workers_busy=0 level=DEBUG
2026-03-14 02:49:11.706 runner heartbeat queue_depth=7 workers_busy=3 level=DEBUG
2026-03-14 02:40:41.886 runner heartbeat queue_depth=1 workers_busy=2 level=DEBUG
2026-03-14 03:10:43.352 runner heartbeat queue_depth=5 workers_busy=0 level=DEBUG
2026-03-14 03:04:02.705 runner heartbeat queue_depth=8 workers_busy=3 level=DEBUG
2026-03-14 03:16:41.549 runner heartbeat queue_depth=1 workers_busy=2 level=DEBUG
2026-03-14 02:04:41.045 runner heartbeat queue_depth=7 workers_busy=1 level=DEBUG
2026-03-14 02:42:54.778 runner heartbeat queue_depth=2 workers_busy=3 level=DEBUG
2026-03-14 02:05:51.995 runner heartbeat queue_depth=1 workers_busy=0 level=DEBUG
2026-03-14 03:12:47.525 runner heartbeat queue_depth=3 workers_busy=3 level=DEBUG
2026-03-14 02:08:49.099 runner heartbeat queue_depth=3 workers_busy=3 level=DEBUG
2026-03-14 02:10:49.519 runner heartbeat queue_depth=3 workers_busy=3 level=DEBUG
2026-03-14 02:08:44.670 runner heartbeat queue_depth=2 workers_busy=3 level=DEBUG
2026-03-14 03:06:47.119 runner heartbeat queue_depth=8 workers_busy=1 level=DEBUG
2026-03-14 02:01:20.870 runner heartbeat queue_depth=3 workers_busy=2 level=DEBUG
2026-03-14 03:01:42.375 runner heartbeat queue_depth=6 workers_busy=2 level=DEBUG
2026-03-14 02:20:13.819 runner heartbeat queue_depth=6 workers_busy=3 level=DEBUG
2026-03-14 02:42:24.563 runner heartbeat queue_depth=4 workers_busy=2 level=DEBUG
2026-03-14 03:07:31.776 runner heartbeat queue_depth=8 workers_busy=3 level=DEBUG
2026-03-14 02:12:49.954 runner heartbeat queue_depth=7 workers_busy=1 level=DEBUG
2026-03-14 03:04:20.890 runner heartbeat queue_depth=1 workers_busy=2 level=DEBUG
2026-03-14 02:56:02.385 runner heartbeat queue_depth=4 workers_busy=0 level=DEBUG
2026-03-14 02:06:23.787 runner heartbeat queue_depth=6 workers_busy=2 level=DEBUG
2026-03-14 02:37:03.427 runner heartbeat queue_depth=1 workers_busy=2 level=DEBUG
2026-03-14 02:52:12.208 runner heartbeat queue_depth=7 workers_busy=1 level=DEBUG
2026-03-14 02:53:35.032 runner heartbeat queue_depth=3 workers_busy=3 level=DEBUG
2026-03-14 02:12:47.236 runner heartbeat queue_depth=2 workers_busy=2 level=DEBUG
2026-03-14 03:05:57.667 runner heartbeat queue_depth=5 workers_busy=3 level=DEBUG
2026-03-14 02:42:41.651 runner heartbeat queue_depth=2 workers_busy=2 level=DEBUG
2026-03-14 03:04:31.907 runner heartbeat queue_depth=7 workers_busy=2 level=DEBUG
2026-03-14 02:33:30.875 runner heartbeat queue_depth=7 workers_busy=1 level=DEBUG
2026-03-14 02:22:47.762 runner heartbeat queue_depth=8 workers_busy=1 level=DEBUG
2026-03-14 02:36:34.665 runner heartbeat queue_depth=0 workers_busy=1 level=DEBUG
2026-03-14 02:56:15.192 runner heartbeat queue_depth=7 workers_busy=0 level=DEBUG
2026-03-14 03:06:59.616 runner heartbeat queue_depth=5 workers_busy=1 level=DEBUG
2026-03-14 02:25:15.164 runner heartbeat queue_depth=4 workers_busy=2 level=DEBUG
2026-03-14 02:47:29.938 runner heartbeat queue_depth=7 workers_busy=3 level=DEBUG
2026-03-14 03:00:37.122 runner heartbeat queue_depth=0 workers_busy=0 level=DEBUG
2026-03-14 02:02:33.752 runner heartbeat queue_depth=0 workers_busy=0 level=DEBUG
2026-03-14 02:49:38.774 runner heartbeat queue_depth=5 workers_busy=3 level=DEBUG
2026-03-14 03:03:32.150 runner heartbeat queue_depth=6 workers_busy=2 level=DEBUG
2026-03-14 02:12:51.640 runner heartbeat queue_depth=7 workers_busy=3 level=DEBUG
2026-03-14 02:59:08.500 runner heartbeat queue_depth=3 workers_busy=0 level=DEBUG
2026-03-14 02:19:25.812 runner heartbeat queue_depth=3 workers_busy=2 level=DEBUG
2026-03-14 02:02:26.960 runner heartbeat queue_depth=1 workers_busy=2 level=DEBUG
2026-03-14 02:35:04.071 runner heartbeat queue_depth=8 workers_busy=1 level=DEBUG
2026-03-14 02:48:12.369 runner heartbeat queue_depth=1 workers_busy=0 level=DEBUG
2026-03-14 03:15:06.324 runner heartbeat queue_depth=3 workers_busy=3 level=DEBUG
2026-03-14 02:20:30.483 runner heartbeat queue_depth=5 workers_busy=1 level=DEBUG
2026-03-14 02:52:38.595 runner heartbeat queue_depth=7 workers_busy=1 level=DEBUG
2026-03-14 02:48:06.028 runner heartbeat queue_depth=2 workers_busy=2 level=DEBUG
2026-03-14 02:48:17.404 runner heartbeat queue_depth=5 workers_busy=3 level=DEBUG
2026-03-14 02:08:14.479 runner heartbeat queue_depth=5 workers_busy=2 level=DEBUG
2026-03-14 02:02:40.466 runner heartbeat queue_depth=8 workers_busy=2 level=DEBUG
2026-03-14 02:31:23.837 runner heartbeat queue_depth=6 workers_busy=3 level=DEBUG
2026-03-14 03:14:16.751 runner heartbeat queue_depth=4 workers_busy=2 level=DEBUG
2026-03-14 02:46:36.190 runner heartbeat queue_depth=8 workers_busy=0 level=DEBUG
2026-03-14 03:10:14.527 runner heartbeat queue_depth=2 workers_busy=3 level=DEBUG
2026-03-14 02:02:53.632 runner heartbeat queue_depth=7 workers_busy=3 level=DEBUG
2026-03-14 02:51:55.342 runner heartbeat queue_depth=1 workers_busy=3 level=DEBUG
2026-03-14 02:39:27.542 runner heartbeat queue_depth=2 workers_busy=3 level=DEBUG
2026-03-14 02:36:19.289 runner heartbeat queue_depth=5 workers_busy=1 level=DEBUG
2026-03-14 02:32:49.659 runner heartbeat queue_depth=0 workers_busy=3 level=DEBUG
2026-03-14 02:07:20.057 runner heartbeat queue_depth=8 workers_busy=3 level=DEBUG
2026-03-14 03:07:07.275 runner heartbeat queue_depth=1 workers_busy=1 level=DEBUG
2026-03-14 02:48:11.983 runner heartbeat queue_depth=6 workers_busy=0 level=DEBUG
2026-03-14 03:17:27.750 runner heartbeat queue_depth=8 workers_busy=1 level=DEBUG
2026-03-14 02:13:57.720 runner heartbeat queue_depth=8 workers_busy=1 level=DEBUG
2026-03-14 03:06:40.313 runner heartbeat queue_depth=2 workers_busy=3 level=DEBUG
2026-03-14 02:15:46.931 runner heartbeat queue_depth=5 workers_busy=0 level=DEBUG
2026-03-14 02:13:10.218 runner heartbeat queue_depth=3 workers_busy=1 level=DEBUG
2026-03-14 03:09:03.408 runner heartbeat queue_depth=0 workers_busy=3 level=DEBUG
2026-03-14 02:21:13.022 runner heartbeat queue_depth=1 workers_busy=0 level=DEBUG
2026-03-14 02:43:32.065 runner heartbeat queue_depth=3 workers_busy=0 level=DEBUG
2026-03-14 03:01:07.398 runner heartbeat queue_depth=0 workers_busy=1 level=DEBUG
2026-03-14 02:49:19.870 runner heartbeat queue_depth=2 workers_busy=0 level=DEBUG
2026-03-14 02:56:38.445 runner heartbeat queue_depth=2 workers_busy=0 level=DEBUG
2026-03-14 02:15:07.395 runner heartbeat queue_depth=5 workers_busy=0 level=DEBUG
2026-03-14 02:34:16.822 runner heartbeat queue_depth=7 workers_busy=0 level=DEBUG
2026-03-14 02:15:41.647 runner heartbeat queue_depth=0 workers_busy=2 level=DEBUG
2026-03-14 02:17:32.445 runner heartbeat queue_depth=4 workers_busy=1 level=DEBUG
2026-03-14 02:59:54.218 runner heartbeat queue_depth=8 workers_busy=2 level=DEBUG
2026-03-14 02:29:36.182 runner heartbeat queue_depth=2 workers_busy=0 level=DEBUG
2026-03-14 03:06:07.276 runner heartbeat queue_depth=5 workers_busy=3 level=DEBUG
2026-03-14 03:00:34.248 runner heartbeat queue_depth=1 workers_busy=3 level=DEBUG
2026-03-14 03:03:24.985 runner heartbeat queue_depth=2 workers_busy=0 level=DEBUG
2026-03-14 02:18:28.845 runner heartbeat queue_depth=3 workers_busy=1 level=DEBUG
2026-03-14 02:00:54.371 runner heartbeat queue_depth=6 workers_busy=3 level=DEBUG
2026-03-14 02:11:39.936 runner heartbeat queue_depth=5 workers_busy=3 level=DEBUG
2026-03-14 02:15:33.936 runner heartbeat queue_depth=1 workers_busy=0 level=DEBUG
2026-03-14 03:18:36.609 runner heartbeat queue_depth=8 workers_busy=3 level=DEBUG
2026-03-14 02:11:50.319 runner heartbeat queue_depth=1 workers_busy=0 level=DEBUG
2026-03-14 02:27:14.527 runner heartbeat queue_depth=1 workers_busy=3 level=DEBUG
2026-03-14 02:55:15.952 runner heartbeat queue_depth=4 workers_busy=3 level=DEBUG
2026-03-14 02:03:17.032 runner heartbeat queue_depth=5 workers_busy=0 level=DEBUG
2026-03-14 02:00:12.522 runner heartbeat queue_depth=7 workers_busy=0 level=DEBUG
2026-03-14 02:14:51.164 runner heartbeat queue_depth=2 workers_busy=0 level=DEBUG
2026-03-14 03:05:47.972 runner heartbeat queue_depth=5 workers_busy=2 level=DEBUG
2026-03-14 02:49:04.074 runner heartbeat queue_depth=7 workers_busy=1 level=DEBUG
2026-03-14 02:01:39.382 runner heartbeat queue_depth=6 workers_busy=2 level=DEBUG
2026-03-14 02:21:00.554 runner heartbeat queue_depth=7 workers_busy=1 level=DEBUG
2026-03-14 03:12:54.689 runner heartbeat queue_depth=5 workers_busy=2 level=DEBUG
2026-03-14 02:46:32.153 runner heartbeat queue_depth=0 workers_busy=0 level=DEBUG
2026-03-14 02:32:49.853 runner heartbeat queue_depth=3 workers_busy=3 level=DEBUG
2026-03-14 03:17:55.672 runner heartbeat queue_depth=4 workers_busy=0 level=DEBUG
2026-03-14 03:06:32.617 runner heartbeat queue_depth=3 workers_busy=3 level=DEBUG
2026-03-14 02:14:14.581 runner heartbeat queue_depth=1 workers_busy=2 level=DEBUG
2026-03-14 02:32:58.027 runner heartbeat queue_depth=3 workers_busy=2 level=DEBUG
2026-03-14 02:37:31.781 runner heartbeat queue_depth=6 workers_busy=3 level=DEBUG
2026-03-14 02:30:24.073 runner heartbeat queue_depth=7 workers_busy=1 level=DEBUG
2026-03-14 02:45:06.340 runner heartbeat queue_depth=5 workers_busy=0 level=DEBUG
2026-03-14 02:32:46.494 runner heartbeat queue_depth=7 workers_busy=1 level=DEBUG
2026-03-14 02:09:21.224 runner heartbeat queue_depth=1 workers_busy=0 level=DEBUG
2026-03-14 02:42:25.024 runner heartbeat queue_depth=5 workers_busy=1 level=DEBUG
2026-03-14 02:50:50.625 runner heartbeat queue_depth=2 workers_busy=3 level=DEBUG
2026-03-14 03:04:32.796 runner heartbeat queue_depth=5 workers_busy=3 level=DEBUG
2026-03-14 02:01:43.201 runner heartbeat queue_depth=6 workers_busy=1 level=DEBUG
2026-03-14 03:05:04.163 runner heartbeat queue_depth=4 workers_busy=2 level=DEBUG
2026-03-14 02:35:20.273 runner heartbeat queue_depth=2 workers_busy=0 level=DEBUG
2026-03-14 03:00:02.595 runner heartbeat queue_depth=6 workers_busy=2 level=DEBUG
2026-03-14 02:58:43.709 runner heartbeat queue_depth=0 workers_busy=3 level=DEBUG
2026-03-14 02:53:19.709 runner heartbeat queue_depth=3 workers_busy=0 level=DEBUG
2026-03-14 03:11:43.731 runner heartbeat queue_depth=7 workers_busy=2 level=DEBUG
2026-03-14 02:52:25.509 runner heartbeat queue_depth=3 workers_busy=1 level=DEBUG
2026-03-14 02:32:13.241 runner heartbeat queue_depth=2 workers_busy=3 level=DEBUG
2026-03-14 02:42:53.840 runner heartbeat queue_depth=5 workers_busy=3 level=DEBUG
2026-03-14 02:03:51.994 runner heartbeat queue_depth=2 workers_busy=1 level=DEBUG
2026-03-14 03:08:39.444 runner heartbeat queue_depth=8 workers_busy=2 level=DEBUG
2026-03-14 02:47:53.281 runner heartbeat queue_depth=5 workers_busy=1 level=DEBUG
2026-03-14 02:45:18.152 runner heartbeat queue_depth=0 workers_busy=0 level=DEBUG
2026-03-14 02:33:56.123 runner heartbeat queue_depth=1 workers_busy=2 level=DEBUG
2026-03-14 02:30:10.614 runner heartbeat queue_depth=6 workers_busy=0 level=DEBUG
2026-03-14 02:52:00.048 runner heartbeat queue_depth=0 workers_busy=0 level=DEBUG
2026-03-14 02:05:37.329 runner heartbeat queue_depth=5 workers_busy=2 level=DEBUG
2026-03-14 02:39:46.421 runner heartbeat queue_depth=6 workers_busy=3 level=DEBUG
2026-03-14 02:40:48.671 runner heartbeat queue_depth=5 workers_busy=0 level=DEBUG
2026-03-14 02:25:40.766 runner heartbeat queue_depth=3 workers_busy=0 level=DEBUG
2026-03-14 02:33:19.199 runner heartbeat queue_depth=7 workers_busy=0 level=DEBUG
2026-03-14 02:31:26.745 runner heartbeat queue_depth=0 workers_busy=1 level=DEBUG
2026-03-14 02:46:56.435 runner heartbeat queue_depth=2 workers_busy=1 level=DEBUG
2026-03-14 02:15:34.751 runner heartbeat queue_depth=2 workers_busy=2 level=DEBUG
2026-03-14 02:03:29.598 runner heartbeat queue_depth=2 workers_busy=3 level=DEBUG
2026-03-14 02:32:38.596 runner heartbeat queue_depth=6 workers_busy=3 level=DEBUG
2026-03-14 03:01:18.562 runner heartbeat queue_depth=5 workers_busy=0 level=DEBUG
2026-03-14 03:01:56.467 runner heartbeat queue_depth=8 workers_busy=3 level=DEBUG
2026-03-14 02:13:28.160 runner heartbeat queue_depth=5 workers_busy=3 level=DEBUG
2026-03-14 03:13:16.136 runner heartbeat queue_depth=0 workers_busy=2 level=DEBUG
2026-03-14 02:42:45.211 runner heartbeat queue_depth=3 workers_busy=3 level=DEBUG
2026-03-14 03:01:10.581 runner heartbeat queue_depth=1 workers_busy=2 level=DEBUG
2026-03-14 02:07:19.451 runner heartbeat queue_depth=7 workers_busy=2 level=DEBUG
2026-03-14 03:17:32.689 runner heartbeat queue_depth=4 workers_busy=1 level=DEBUG
2026-03-14 02:29:09.867 runner heartbeat queue_depth=4 workers_busy=2 level=DEBUG
2026-03-14 02:19:21.130 runner heartbeat queue_depth=6 workers_busy=1 level=DEBUG
2026-03-14 02:46:04.377 runner heartbeat queue_depth=2 workers_busy=2 level=DEBUG
2026-03-14 02:41:32.435 runner heartbeat queue_depth=2 workers_busy=1 level=DEBUG
2026-03-14 02:15:15.914 runner heartbeat queue_depth=2 workers_busy=0 level=DEBUG
2026-03-14 02:59:02.820 runner heartbeat queue_depth=7 workers_busy=2 level=DEBUG
2026-03-14 02:09:51.542 runner heartbeat queue_depth=4 workers_busy=2 level=DEBUG
2026-03-14 02:19:35.145 runner heartbeat queue_depth=4 workers_busy=2 level=DEBUG
2026-03-14 02:06:15.115 runner heartbeat queue_depth=8 workers_busy=2 level=DEBUG
2026-03-14 02:19:04.529 runner heartbeat queue_depth=1 workers_busy=2 level=DEBUG
2026-03-14 02:45:07.244 runner heartbeat queue_depth=1 workers_busy=3 level=DEBUG
2026-03-14 02:07:34.406 runner heartbeat queue_depth=3 workers_busy=0 level=DEBUG
2026-03-14 02:35:36.275 runner heartbeat queue_depth=7 workers_busy=1 level=DEBUG
2026-03-14 02:48:30.681 runner heartbeat queue_depth=4 workers_busy=3 level=DEBUG
2026-03-14 02:35:22.293 runner heartbeat queue_depth=0 workers_busy=3 level=DEBUG
2026-03-14 02:06:49.238 runner heartbeat queue_depth=0 workers_busy=2 level=DEBUG
2026-03-14 02:14:37.405 runner heartbeat queue_depth=8 workers_busy=2 level=DEBUG
2026-03-14 02:23:04.837 runner heartbeat queue_depth=3 workers_busy=1 level=DEBUG
2026-03-14 03:07:03.562 runner heartbeat queue_depth=5 workers_busy=0 level=DEBUG
2026-03-14 02:46:04.925 runner heartbeat queue_depth=2 workers_busy=2 level=DEBUG
2026-03-14 02:48:28.476 runner heartbeat queue_depth=8 workers_busy=0 level=DEBUG
2026-03-14 02:55:19.041 runner heartbeat queue_depth=2 workers_busy=2 level=DEBUG
2026-03-14 03:06:59.459 runner heartbeat queue_depth=1 workers_busy=1 level=DEBUG
2026-03-14 02:46:02.807 runner heartbeat queue_depth=7 workers_busy=0 level=DEBUG
2026-03-14 02:21:46.393 runner heartbeat queue_depth=3 workers_busy=1 level=DEBUG
2026-03-14 02:06:45.820 runner heartbeat queue_depth=0 workers_busy=3 level=DEBUG
2026-03-14 02:49:37.892 runner heartbeat queue_depth=4 workers_busy=3 level=DEBUG
2026-03-14 02:55:32.580 runner heartbeat queue_depth=4 workers_busy=2 level=DEBUG
2026-03-14 03:07:00.369 runner heartbeat queue_depth=3 workers_busy=0 level=DEBUG
2026-03-14 02:20:12.287 runner heartbeat queue_depth=0 workers_busy=2 level=DEBUG
