2026-03-14 02:00:01.095 edge /healthz status=200 upstream=B rt_ms=373 bytes=14571
2026-03-14 02:00:02.587 edge /static/style.css status=200 upstream=B rt_ms=260 bytes=31986
2026-03-14 02:00:03.137 edge /api/orders status=500 upstream=B rt_ms=269 bytes=21718
2026-03-14 02:00:03.831 edge /api/events status=200 upstream=B rt_ms=318 bytes=24799
2026-03-14 02:00:04.598 edge /static/style.css status=200 upstream=B rt_ms=235 bytes=18711
2026-03-14 02:00:04.729 edge /healthz status=200 upstream=B rt_ms=192 bytes=19150
2026-03-14 02:00:04.826 edge /healthz status=200 upstream=B rt_ms=237 bytes=22672
2026-03-14 02:00:10.226 edge / status=200 upstream=B rt_ms=135 bytes=23840
2026-03-14 02:00:10.568 edge /static/style.css status=200 upstream=B rt_ms=72 bytes=2801
2026-03-14 02:00:11.420 edge /static/style.css status=200 upstream=B rt_ms=395 bytes=1764
2026-03-14 02:00:11.430 edge /api/events status=200 upstream=B rt_ms=196 bytes=252
2026-03-14 02:00:11.772 edge / status=200 upstream=B rt_ms=222 bytes=41392
2026-03-14 02:00:11.954 edge /api/events status=200 upstream=B rt_ms=130 bytes=39684
2026-03-14 02:00:12.177 edge /healthz status=200 upstream=B rt_ms=171 bytes=14434
2026-03-14 02:00:12.461 edge /static/style.css status=200 upstream=B rt_ms=213 bytes=3993
2026-03-14 02:00:14.550 edge / status=200 upstream=B rt_ms=114 bytes=31991
2026-03-14 02:00:14.900 edge /api/orders status=200 upstream=B rt_ms=106 bytes=27228
2026-03-14 02:00:16.482 edge /healthz status=200 upstream=B rt_ms=112 bytes=10892
2026-03-14 02:00:16.817 edge / status=200 upstream=B rt_ms=99 bytes=21817
2026-03-14 02:00:17.804 edge /api/orders status=500 upstream=B rt_ms=275 bytes=9555
2026-03-14 02:00:18.573 edge / status=200 upstream=B rt_ms=370 bytes=19379
2026-03-14 02:00:19.741 edge /api/events status=200 upstream=B rt_ms=152 bytes=11732
2026-03-14 02:00:20.369 edge /static/style.css status=200 upstream=B rt_ms=104 bytes=12153
2026-03-14 02:00:20.945 edge /static/style.css status=200 upstream=B rt_ms=369 bytes=24548
2026-03-14 02:00:22.647 edge /healthz status=200 upstream=B rt_ms=167 bytes=23667
2026-03-14 02:00:24.054 edge /api/events status=200 upstream=B rt_ms=162 bytes=1958
2026-03-14 02:00:24.482 edge /static/style.css status=200 upstream=B rt_ms=330 bytes=20639
2026-03-14 02:00:26.116 edge / status=200 upstream=B rt_ms=133 bytes=10673
2026-03-14 02:00:28.174 edge /healthz status=200 upstream=B rt_ms=312 bytes=17411
2026-03-14 02:00:28.807 edge /api/orders status=200 upstream=B rt_ms=375 bytes=39932
2026-03-14 02:00:30.177 edge /healthz status=200 upstream=B rt_ms=20 bytes=31028
2026-03-14 02:00:30.472 edge /static/style.css status=200 upstream=B rt_ms=384 bytes=11201
2026-03-14 02:00:30.674 edge /api/orders status=200 upstream=B rt_ms=39 bytes=1193
2026-03-14 02:00:33.766 edge /static/style.css status=200 upstream=B rt_ms=354 bytes=41207
2026-03-14 02:00:33.796 edge /api/events status=200 upstream=B rt_ms=166 bytes=8244
2026-03-14 02:00:34.337 edge /healthz status=200 upstream=B rt_ms=264 bytes=20706
2026-03-14 02:00:34.526 edge /healthz status=200 upstream=B rt_ms=286 bytes=21395
2026-03-14 02:00:36.616 edge /api/orders status=200 upstream=B rt_ms=382 bytes=41234
2026-03-14 02:00:39.305 edge /api/events status=200 upstream=B rt_ms=69 bytes=19018
2026-03-14 02:00:39.336 edge /api/events status=200 upstream=B rt_ms=125 bytes=10614
2026-03-14 02:00:40.138 edge /api/events status=200 upstream=B rt_ms=324 bytes=13403
2026-03-14 02:00:40.698 edge / status=200 upstream=B rt_ms=375 bytes=1193
2026-03-14 02:00:41.427 edge /api/events status=200 upstream=B rt_ms=32 bytes=41654
2026-03-14 02:00:44.063 edge /api/orders status=200 upstream=B rt_ms=175 bytes=15261
2026-03-14 02:00:46.695 edge / status=200 upstream=B rt_ms=247 bytes=17782
2026-03-14 02:00:46.933 edge /healthz status=200 upstream=B rt_ms=40 bytes=25941
2026-03-14 02:00:48.344 edge /api/orders status=200 upstream=B rt_ms=347 bytes=19748
2026-03-14 02:00:48.609 edge /static/style.css status=200 upstream=B rt_ms=220 bytes=12978
2026-03-14 02:00:49.367 edge /api/events status=200 upstream=B rt_ms=206 bytes=23421
2026-03-14 02:00:49.737 edge /api/events status=200 upstream=B rt_ms=235 bytes=19822
2026-03-14 02:00:53.366 edge /static/style.css status=200 upstream=B rt_ms=157 bytes=25760
2026-03-14 02:00:54.233 edge /api/orders status=200 upstream=B rt_ms=331 bytes=14371
2026-03-14 02:00:54.666 edge /api/orders status=200 upstream=B rt_ms=207 bytes=14204
2026-03-14 02:00:55.951 edge /static/style.css status=200 upstream=B rt_ms=184 bytes=20885
2026-03-14 02:00:56.500 edge / status=200 upstream=B rt_ms=151 bytes=6538
2026-03-14 02:00:57.302 edge /static/style.css status=200 upstream=B rt_ms=105 bytes=37220
2026-03-14 02:00:58.317 edge / status=200 upstream=B rt_ms=189 bytes=27250
2026-03-14 02:00:59.920 edge /api/orders status=200 upstream=B rt_ms=348 bytes=29333
2026-03-14 02:01:02.731 edge / status=200 upstream=B rt_ms=130 bytes=25935
2026-03-14 02:01:03.584 edge /api/orders status=200 upstream=B rt_ms=358 bytes=5824
2026-03-14 02:01:06.003 edge / status=200 upstream=B rt_ms=264 bytes=2563
2026-03-14 02:01:06.011 edge /static/style.css status=200 upstream=B rt_ms=165 bytes=849
2026-03-14 02:01:06.654 edge /static/style.css status=200 upstream=B rt_ms=317 bytes=41432
2026-03-14 02:01:06.964 edge /api/orders status=200 upstream=B rt_ms=191 bytes=6372
2026-03-14 02:01:07.845 edge /api/events status=404 upstream=B rt_ms=398 bytes=18191
2026-03-14 02:01:09.368 edge /static/style.css status=200 upstream=B rt_ms=90 bytes=16748
2026-03-14 02:01:10.141 edge /api/orders status=200 upstream=B rt_ms=318 bytes=40818
2026-03-14 02:01:11.967 edge /static/style.css status=200 upstream=B rt_ms=2 bytes=13035
2026-03-14 02:01:12.412 edge /api/orders status=200 upstream=B rt_ms=265 bytes=30903
2026-03-14 02:01:12.654 edge /api/orders status=200 upstream=B rt_ms=240 bytes=38650
2026-03-14 02:01:12.921 edge / status=200 upstream=B rt_ms=316 bytes=33273
2026-03-14 02:01:13.042 edge / status=200 upstream=B rt_ms=307 bytes=16364
2026-03-14 02:01:13.823 edge /api/events status=200 upstream=B rt_ms=254 bytes=12532
2026-03-14 02:01:15.020 edge / status=200 upstream=B rt_ms=378 bytes=11515
2026-03-14 02:01:16.270 edge / status=200 upstream=B rt_ms=201 bytes=26729
2026-03-14 02:01:18.129 edge /static/style.css status=200 upstream=B rt_ms=71 bytes=13435
2026-03-14 02:01:18.426 edge /static/style.css status=200 upstream=B rt_ms=381 bytes=22871
2026-03-14 02:01:19.573 edge /api/events status=200 upstream=B rt_ms=71 bytes=9174
2026-03-14 02:01:19.575 edge /api/orders status=200 upstream=B rt_ms=280 bytes=1909
2026-03-14 02:01:20.226 edge /healthz status=200 upstream=B rt_ms=398 bytes=32949
2026-03-14 02:01:20.441 edge / status=200 upstream=B rt_ms=282 bytes=695
2026-03-14 02:01:20.640 edge /healthz status=200 upstream=B rt_ms=184 bytes=8974
2026-03-14 02:01:21.642 edge / status=200 upstream=B rt_ms=59 bytes=18464
2026-03-14 02:01:21.760 edge /static/style.css status=200 upstream=B rt_ms=89 bytes=36871
2026-03-14 02:01:22.820 edge /api/events status=200 upstream=B rt_ms=229 bytes=9931
2026-03-14 02:01:23.699 edge /api/orders status=200 upstream=B rt_ms=370 bytes=34402
2026-03-14 02:01:24.095 edge /api/events status=200 upstream=B rt_ms=321 bytes=17705
2026-03-14 02:01:24.318 edge /static/style.css status=404 upstream=B rt_ms=344 bytes=18562
2026-03-14 02:01:27.072 edge / status=200 upstream=B rt_ms=236 bytes=15385
2026-03-14 02:01:27.294 edge / status=200 upstream=B rt_ms=171 bytes=23874
2026-03-14 02:01:28.397 edge /api/events status=200 upstream=B rt_ms=205 bytes=20039
2026-03-14 02:01:29.540 edge /api/events status=200 upstream=B rt_ms=355 bytes=9045
2026-03-14 02:01:29.718 edge /healthz status=500 upstream=B rt_ms=346 bytes=30502
2026-03-14 02:01:32.017 edge /static/style.css status=200 upstream=B rt_ms=47 bytes=38360
2026-03-14 02:01:32.110 edge /api/orders status=200 upstream=B rt_ms=186 bytes=33484
2026-03-14 02:01:34.235 edge /healthz status=200 upstream=B rt_ms=258 bytes=24193
2026-03-14 02:01:35.210 edge /api/orders status=200 upstream=B rt_ms=148 bytes=13358
2026-03-14 02:01:35.505 edge /static/style.css status=200 upstream=B rt_ms=116 bytes=2610
2026-03-14 02:01:37.353 edge /api/orders status=200 upstream=B rt_ms=367 bytes=31548
2026-03-14 02:01:39.894 edge /api/orders status=200 upstream=B rt_ms=71 bytes=19278
2026-03-14 02:01:40.246 edge / status=200 upstream=B rt_ms=380 bytes=27864
2026-03-14 02:01:43.271 edge /api/orders status=200 upstream=B rt_ms=311 bytes=21632
2026-03-14 02:01:43.359 edge /api/events status=200 upstream=B rt_ms=144 bytes=34854
2026-03-14 02:01:43.781 edge / status=200 upstream=B rt_ms=352 bytes=9100
2026-03-14 02:01:45.113 edge /api/orders status=200 upstream=B rt_ms=71 bytes=27536
2026-03-14 02:01:46.663 edge /api/events status=200 upstream=B rt_ms=375 bytes=34118
2026-03-14 02:01:49.146 edge /api/events status=200 upstream=B rt_ms=299 bytes=40240
2026-03-14 02:01:50.534 edge /static/style.css status=200 upstream=B rt_ms=375 bytes=32553
2026-03-14 02:01:52.266 edge /api/orders status=200 upstream=B rt_ms=174 bytes=9091
2026-03-14 02:01:53.024 edge /api/orders status=200 upstream=B rt_ms=156 bytes=28966
2026-03-14 02:01:54.791 edge / status=200 upstream=B rt_ms=227 bytes=22729
2026-03-14 02:01:57.065 edge /api/orders status=200 upstream=B rt_ms=192 bytes=26639
2026-03-14 02:01:57.515 edge / status=200 upstream=B rt_ms=91 bytes=26233
2026-03-14 02:01:58.512 edge /api/events status=200 upstream=B rt_ms=108 bytes=17941
2026-03-14 02:02:00.929 edge /static/style.css status=200 upstream=B rt_ms=345 bytes=8432
2026-03-14 02:02:02.934 edge /api/orders status=200 upstream=B rt_ms=346 bytes=11068
2026-03-14 02:02:03.339 edge /api/events status=200 upstream=B rt_ms=196 bytes=33772
2026-03-14 02:02:04.309 edge /api/events status=200 upstream=B rt_ms=309 bytes=37216
2026-03-14 02:02:04.392 edge /healthz status=200 upstream=B rt_ms=147 bytes=11560
2026-03-14 02:02:06.583 edge / status=200 upstream=B rt_ms=203 bytes=17394
2026-03-14 02:02:09.972 edge /static/style.css status=200 upstream=B rt_ms=99 bytes=40808
2026-03-14 02:02:10.260 edge /static/style.css status=200 upstream=B rt_ms=194 bytes=18273
2026-03-14 02:02:13.749 edge /static/style.css status=200 upstream=B rt_ms=151 bytes=31387
2026-03-14 02:02:14.129 edge / status=200 upstream=B rt_ms=294 bytes=4217
2026-03-14 02:02:14.897 edge / status=200 upstream=B rt_ms=146 bytes=20963
2026-03-14 02:02:15.606 edge / status=200 upstream=B rt_ms=278 bytes=8484
2026-03-14 02:02:16.512 edge / status=200 upstream=B rt_ms=225 bytes=7541
2026-03-14 02:02:16.648 edge /api/events status=200 upstream=B rt_ms=60 bytes=38387
2026-03-14 02:02:17.687 edge /static/style.css status=200 upstream=B rt_ms=345 bytes=10203
2026-03-14 02:02:17.756 edge /api/events status=200 upstream=B rt_ms=217 bytes=13242
2026-03-14 02:02:17.824 edge /healthz status=200 upstream=B rt_ms=248 bytes=11653
2026-03-14 02:02:18.085 edge /api/orders status=200 upstream=B rt_ms=162 bytes=19582
2026-03-14 02:02:20.640 edge /healthz status=200 upstream=B rt_ms=172 bytes=39532
2026-03-14 02:02:22.243 edge /static/style.css status=200 upstream=B rt_ms=40 bytes=28315
2026-03-14 02:02:22.490 edge /healthz status=200 upstream=B rt_ms=331 bytes=30846
2026-03-14 02:02:25.807 edge /healthz status=200 upstream=B rt_ms=193 bytes=38260
2026-03-14 02:02:25.960 edge /static/style.css status=200 upstream=B rt_ms=197 bytes=34445
2026-03-14 02:02:26.271 edge /api/orders status=200 upstream=B rt_ms=354 bytes=16960
2026-03-14 02:02:27.348 edge /healthz status=404 upstream=B rt_ms=337 bytes=2066
2026-03-14 02:02:28.539 edge /api/events status=200 upstream=B rt_ms=211 bytes=28033
2026-03-14 02:02:28.697 edge / status=200 upstream=B rt_ms=309 bytes=20017
2026-03-14 02:02:31.376 edge /api/orders status=200 upstream=B rt_ms=228 bytes=40449
2026-03-14 02:02:32.144 edge / status=200 upstream=B rt_ms=341 bytes=18919
2026-03-14 02:02:32.613 edge /api/events status=200 upstream=B rt_ms=217 bytes=7863
2026-03-14 02:02:33.403 edge /api/orders status=200 upstream=B rt_ms=102 bytes=11487
2026-03-14 02:02:34.320 edge /api/events status=200 upstream=B rt_ms=394 bytes=13384
2026-03-14 02:02:34.420 edge / status=200 upstream=B rt_ms=146 bytes=1881
2026-03-14 02:02:34.889 edge /api/orders status=200 upstream=B rt_ms=121 bytes=13036
2026-03-14 02:02:35.672 edge / status=200 upstream=B rt_ms=296 bytes=6658
2026-03-14 02:02:36.541 edge /static/style.css status=200 upstream=B rt_ms=44 bytes=36658
2026-03-14 02:02:41.396 edge /api/events status=200 upstream=B rt_ms=385 bytes=1160
2026-03-14 02:02:41.534 edge /api/events status=200 upstream=B rt_ms=98 bytes=9750
2026-03-14 02:02:43.122 edge /static/style.css status=500 upstream=B rt_ms=257 bytes=26606
2026-03-14 02:02:43.170 edge /healthz status=200 upstream=B rt_ms=150 bytes=39134
2026-03-14 02:02:48.831 edge / status=200 upstream=B rt_ms=359 bytes=38378
2026-03-14 02:02:48.870 edge /healthz status=200 upstream=B rt_ms=365 bytes=33784
2026-03-14 02:02:49.369 edge /static/style.css status=200 upstream=B rt_ms=298 bytes=9669
2026-03-14 02:02:49.400 edge /static/style.css status=200 upstream=B rt_ms=270 bytes=34664
2026-03-14 02:02:51.395 edge /static/style.css status=200 upstream=B rt_ms=89 bytes=3411
2026-03-14 02:02:54.419 edge /static/style.css status=200 upstream=B rt_ms=319 bytes=40882
2026-03-14 02:02:54.439 edge /api/orders status=200 upstream=B rt_ms=266 bytes=15606
2026-03-14 02:02:56.133 edge / status=200 upstream=B rt_ms=68 bytes=1804
2026-03-14 02:02:57.428 edge /api/orders status=200 upstream=B rt_ms=315 bytes=36810
2026-03-14 02:02:58.696 edge /healthz status=200 upstream=B rt_ms=5 bytes=3288
2026-03-14 02:02:59.791 edge /healthz status=500 upstream=B rt_ms=45 bytes=3829
2026-03-14 02:02:59.827 edge /api/orders status=200 upstream=B rt_ms=115 bytes=19413
2026-03-14 02:02:59.865 edge /static/style.css status=200 upstream=B rt_ms=28 bytes=25596
2026-03-14 02:02:59.899 edge /api/events status=200 upstream=B rt_ms=279 bytes=34227
2026-03-14 02:03:01.088 edge / status=200 upstream=B rt_ms=288 bytes=22423
2026-03-14 02:03:02.125 edge /api/orders status=200 upstream=B rt_ms=267 bytes=12684
2026-03-14 02:03:02.583 edge /api/events status=200 upstream=B rt_ms=17 bytes=26073
2026-03-14 02:03:03.988 edge /api/events status=200 upstream=B rt_ms=221 bytes=11732
2026-03-14 02:03:04.198 edge /static/style.css status=200 upstream=B rt_ms=48 bytes=17547
2026-03-14 02:03:04.470 edge /api/events status=200 upstream=B rt_ms=33 bytes=12354
2026-03-14 02:03:05.602 edge /static/style.css status=200 upstream=B rt_ms=83 bytes=12925
2026-03-14 02:03:07.058 edge /healthz status=200 upstream=B rt_ms=106 bytes=23614
2026-03-14 02:03:07.656 edge /healthz status=200 upstream=B rt_ms=41 bytes=7852
2026-03-14 02:03:09.873 edge /api/orders status=200 upstream=B rt_ms=244 bytes=32605
2026-03-14 02:03:10.484 edge /api/orders status=200 upstream=B rt_ms=30 bytes=22254
2026-03-14 02:03:11.506 edge /api/events status=404 upstream=B rt_ms=190 bytes=2787
2026-03-14 02:03:14.191 edge /healthz status=500 upstream=B rt_ms=2 bytes=7813
2026-03-14 02:03:14.241 edge /healthz status=200 upstream=B rt_ms=372 bytes=29788
2026-03-14 02:03:16.691 edge /static/style.css status=200 upstream=B rt_ms=274 bytes=26236
2026-03-14 02:03:18.016 edge /api/orders status=200 upstream=B rt_ms=367 bytes=38012
2026-03-14 02:03:18.787 edge /api/orders status=200 upstream=B rt_ms=361 bytes=2046
2026-03-14 02:03:20.375 edge /healthz status=200 upstream=B rt_ms=197 bytes=15179
2026-03-14 02:03:21.150 edge / status=200 upstream=B rt_ms=38 bytes=11061
2026-03-14 02:03:23.822 edge /healthz status=200 upstream=B rt_ms=284 bytes=18112
2026-03-14 02:03:23.880 edge /healthz status=200 upstream=B rt_ms=379 bytes=7307
2026-03-14 02:03:24.060 edge /api/orders status=200 upstream=B rt_ms=282 bytes=15240
2026-03-14 02:03:24.318 edge /api/orders status=500 upstream=B rt_ms=394 bytes=7172
2026-03-14 02:03:24.328 edge /api/events status=200 upstream=B rt_ms=113 bytes=2806
2026-03-14 02:03:24.943 edge /healthz status=200 upstream=B rt_ms=306 bytes=6089
2026-03-14 02:03:26.572 edge /static/style.css status=200 upstream=B rt_ms=359 bytes=21620
2026-03-14 02:03:28.097 edge / status=200 upstream=B rt_ms=318 bytes=15458
2026-03-14 02:03:28.392 edge /api/events status=200 upstream=B rt_ms=379 bytes=14920
2026-03-14 02:03:28.846 edge /healthz status=200 upstream=B rt_ms=277 bytes=7616
2026-03-14 02:03:29.393 edge / status=200 upstream=B rt_ms=265 bytes=28967
2026-03-14 02:03:29.601 edge /api/events status=200 upstream=B rt_ms=210 bytes=20387
2026-03-14 02:03:31.903 edge /static/style.css status=500 upstream=B rt_ms=98 bytes=4008
2026-03-14 02:03:33.251 edge /api/orders status=200 upstream=B rt_ms=119 bytes=38197
2026-03-14 02:03:33.631 edge / status=200 upstream=B rt_ms=91 bytes=21257
2026-03-14 02:03:33.743 edge /api/orders status=200 upstream=B rt_ms=286 bytes=4348
2026-03-14 02:03:34.892 edge /healthz status=200 upstream=B rt_ms=359 bytes=2112
2026-03-14 02:03:35.300 edge /api/orders status=200 upstream=B rt_ms=206 bytes=17790
2026-03-14 02:03:35.385 edge /healthz status=200 upstream=B rt_ms=318 bytes=2257
2026-03-14 02:03:38.672 edge /api/events status=200 upstream=B rt_ms=266 bytes=16395
2026-03-14 02:03:41.143 edge / status=200 upstream=B rt_ms=380 bytes=9221
2026-03-14 02:03:41.747 edge /static/style.css status=500 upstream=B rt_ms=127 bytes=13334
2026-03-14 02:03:42.373 edge /healthz status=200 upstream=B rt_ms=306 bytes=4925
2026-03-14 02:03:47.224 edge /healthz status=200 upstream=B rt_ms=132 bytes=12430
2026-03-14 02:03:49.340 edge /healthz status=200 upstream=B rt_ms=164 bytes=19730
2026-03-14 02:03:50.506 edge /static/style.css status=200 upstream=B rt_ms=391 bytes=7625
2026-03-14 02:03:51.283 edge /api/events status=200 upstream=B rt_ms=49 bytes=13248
2026-03-14 02:03:52.011 edge /api/orders status=200 upstream=B rt_ms=327 bytes=14488
2026-03-14 02:03:52.192 edge /static/style.css status=200 upstream=B rt_ms=229 bytes=21990
2026-03-14 02:03:53.183 edge / status=200 upstream=B rt_ms=324 bytes=40166
2026-03-14 02:03:56.164 edge /healthz status=200 upstream=B rt_ms=384 bytes=11391
2026-03-14 02:03:56.564 edge /api/events status=200 upstream=B rt_ms=33 bytes=25234
2026-03-14 02:03:56.567 edge / status=200 upstream=B rt_ms=188 bytes=10368
2026-03-14 02:03:58.009 edge /api/events status=200 upstream=B rt_ms=380 bytes=35759
2026-03-14 02:03:59.887 edge /healthz status=200 upstream=B rt_ms=341 bytes=31176
2026-03-14 02:04:01.219 edge /api/orders status=200 upstream=B rt_ms=175 bytes=36379
2026-03-14 02:04:01.656 edge /api/events status=200 upstream=B rt_ms=246 bytes=40593
2026-03-14 02:04:04.520 edge /healthz status=200 upstream=B rt_ms=111 bytes=5306
2026-03-14 02:04:05.631 edge /api/events status=200 upstream=B rt_ms=20 bytes=23568
2026-03-14 02:04:05.943 edge /healthz status=200 upstream=B rt_ms=241 bytes=41683
2026-03-14 02:04:07.500 edge /static/style.css status=500 upstream=B rt_ms=29 bytes=3401
2026-03-14 02:04:07.914 edge /healthz status=200 upstream=B rt_ms=26 bytes=17172
2026-03-14 02:04:09.419 edge /api/orders status=200 upstream=B rt_ms=335 bytes=7064
2026-03-14 02:04:10.070 edge /healthz status=200 upstream=B rt_ms=11 bytes=31651
2026-03-14 02:04:11.117 edge / status=200 upstream=B rt_ms=122 bytes=34487
2026-03-14 02:04:12.123 edge / status=200 upstream=B rt_ms=81 bytes=23563
2026-03-14 02:04:12.638 edge /api/orders status=200 upstream=B rt_ms=27 bytes=28480
2026-03-14 02:04:14.651 edge /api/events status=200 upstream=B rt_ms=238 bytes=30912
2026-03-14 02:04:15.206 edge / status=200 upstream=B rt_ms=42 bytes=25971
2026-03-14 02:04:17.373 edge /api/events status=200 upstream=B rt_ms=75 bytes=31643
2026-03-14 02:04:20.324 edge /healthz status=200 upstream=B rt_ms=355 bytes=15268
2026-03-14 02:04:22.037 edge /api/events status=200 upstream=B rt_ms=138 bytes=4956
2026-03-14 02:04:22.064 edge /api/events status=200 upstream=B rt_ms=157 bytes=13312
2026-03-14 02:04:22.610 edge /api/orders status=200 upstream=B rt_ms=307 bytes=27444
2026-03-14 02:04:22.761 edge /api/events status=200 upstream=B rt_ms=45 bytes=23600
2026-03-14 02:04:23.040 edge /static/style.css status=200 upstream=B rt_ms=284 bytes=29660
2026-03-14 02:04:23.480 edge /static/style.css status=200 upstream=B rt_ms=107 bytes=41063
2026-03-14 02:04:23.619 edge / status=200 upstream=B rt_ms=396 bytes=15411
2026-03-14 02:04:25.396 edge /api/orders status=200 upstream=B rt_ms=263 bytes=28747
2026-03-14 02:04:26.633 edge / status=200 upstream=B rt_ms=6 bytes=6847
2026-03-14 02:04:28.040 edge /static/style.css status=200 upstream=B rt_ms=246 bytes=18160
2026-03-14 02:04:28.100 edge /api/events status=200 upstream=B rt_ms=81 bytes=15264
2026-03-14 02:04:29.642 edge /healthz status=200 upstream=B rt_ms=59 bytes=25580
2026-03-14 02:04:30.506 edge /api/orders status=200 upstream=B rt_ms=55 bytes=29426
2026-03-14 02:04:31.301 edge /static/style.css status=200 upstream=B rt_ms=294 bytes=1267
2026-03-14 02:04:31.794 edge /api/orders status=200 upstream=B rt_ms=298 bytes=35472
2026-03-14 02:04:34.739 edge /api/events status=200 upstream=B rt_ms=267 bytes=18060
2026-03-14 02:04:35.940 edge /api/orders status=200 upstream=B rt_ms=246 bytes=25147
2026-03-14 02:04:36.244 edge /api/events status=200 upstream=B rt_ms=31 bytes=7394
2026-03-14 02:04:37.865 edge / status=200 upstream=B rt_ms=89 bytes=25940
2026-03-14 02:04:40.147 edge /static/style.css status=200 upstream=B rt_ms=256 bytes=7925
2026-03-14 02:04:43.186 edge / status=200 upstream=B rt_ms=74 bytes=19144
2026-03-14 02:04:43.515 edge /static/style.css status=200 upstream=B rt_ms=264 bytes=6380
2026-03-14 02:04:43.612 edge /healthz status=200 upstream=B rt_ms=292 bytes=22052
2026-03-14 02:04:44.952 edge /healthz status=200 upstream=B rt_ms=331 bytes=2409
2026-03-14 02:04:45.732 edge /api/events status=200 upstream=B rt_ms=281 bytes=29659
2026-03-14 02:04:45.914 edge / status=200 upstream=B rt_ms=54 bytes=33550
2026-03-14 02:04:47.071 edge /static/style.css status=200 upstream=B rt_ms=234 bytes=3523
2026-03-14 02:04:49.204 edge /healthz status=200 upstream=B rt_ms=231 bytes=14907
2026-03-14 02:04:50.858 edge /api/events status=200 upstream=B rt_ms=79 bytes=9811
2026-03-14 02:04:53.149 edge /healthz status=200 upstream=B rt_ms=384 bytes=4801
2026-03-14 02:04:53.186 edge /api/events status=500 upstream=B rt_ms=354 bytes=221
2026-03-14 02:04:53.546 edge /static/style.css status=200 upstream=B rt_ms=5 bytes=2313
2026-03-14 02:04:53.940 edge /static/style.css status=200 upstream=B rt_ms=114 bytes=2133
2026-03-14 02:04:55.706 edge / status=200 upstream=B rt_ms=98 bytes=269
2026-03-14 02:04:56.211 edge /static/style.css status=200 upstream=B rt_ms=394 bytes=35873
2026-03-14 02:04:56.789 edge /api/events status=200 upstream=B rt_ms=382 bytes=4838
2026-03-14 02:04:57.157 edge /static/style.css status=200 upstream=B rt_ms=273 bytes=34945
2026-03-14 02:04:58.399 edge / status=200 upstream=B rt_ms=339 bytes=752
2026-03-14 02:04:59.279 edge /healthz status=200 upstream=B rt_ms=341 bytes=29420
2026-03-14 02:05:01.431 edge /healthz status=200 upstream=B rt_ms=108 bytes=26260
2026-03-14 02:05:04.650 edge /static/style.css status=404 upstream=B rt_ms=123 bytes=28637
2026-03-14 02:05:05.063 edge /healthz status=200 upstream=B rt_ms=30 bytes=17743
2026-03-14 02:05:06.172 edge /healthz status=200 upstream=B rt_ms=391 bytes=38173
2026-03-14 02:05:06.654 edge /api/orders status=200 upstream=B rt_ms=240 bytes=9505
2026-03-14 02:05:06.796 edge /api/events status=200 upstream=B rt_ms=355 bytes=38270
2026-03-14 02:05:07.950 edge /static/style.css status=404 upstream=B rt_ms=355 bytes=18269
2026-03-14 02:05:08.320 edge /api/orders status=200 upstream=B rt_ms=187 bytes=21329
2026-03-14 02:05:09.333 edge /api/orders status=404 upstream=B rt_ms=244 bytes=38565
2026-03-14 02:05:09.692 edge /api/orders status=200 upstream=B rt_ms=325 bytes=34404
2026-03-14 02:05:09.823 edge /api/events status=200 upstream=B rt_ms=241 bytes=4192
2026-03-14 02:05:09.834 edge /api/orders status=200 upstream=B rt_ms=79 bytes=19002
2026-03-14 02:05:10.922 edge /healthz status=200 upstream=B rt_ms=393 bytes=30027
2026-03-14 02:05:11.537 edge /api/events status=200 upstream=B rt_ms=321 bytes=41996
2026-03-14 02:05:11.724 edge /static/style.css status=200 upstream=B rt_ms=97 bytes=21026
2026-03-14 02:05:12.608 edge / status=200 upstream=B rt_ms=344 bytes=12616
2026-03-14 02:05:14.078 edge /api/orders status=200 upstream=B rt_ms=12 bytes=17629
2026-03-14 02:05:14.119 edge / status=200 upstream=B rt_ms=133 bytes=3675
2026-03-14 02:05:14.513 edge /api/orders status=200 upstream=B rt_ms=379 bytes=5066
2026-03-14 02:05:16.136 edge /api/orders status=500 upstream=B rt_ms=111 bytes=35144
2026-03-14 02:05:16.455 edge /api/orders status=200 upstream=B rt_ms=270 bytes=15943
2026-03-14 02:05:16.495 edge /api/orders status=200 upstream=B rt_ms=47 bytes=26509
2026-03-14 02:05:16.757 edge /api/orders status=200 upstream=B rt_ms=63 bytes=8743
2026-03-14 02:05:16.922 edge / status=200 upstream=B rt_ms=62 bytes=13802
2026-03-14 02:05:18.570 edge /api/events status=200 upstream=B rt_ms=271 bytes=34993
2026-03-14 02:05:19.008 edge /api/events status=200 upstream=B rt_ms=82 bytes=34487
2026-03-14 02:05:19.744 edge /healthz status=200 upstream=B rt_ms=185 bytes=7444
2026-03-14 02:05:19.978 edge /api/events status=200 upstream=B rt_ms=345 bytes=34679
2026-03-14 02:05:20.740 edge /static/style.css status=200 upstream=B rt_ms=322 bytes=17995
2026-03-14 02:05:21.318 edge /api/orders status=200 upstream=B rt_ms=69 bytes=33793
2026-03-14 02:05:21.359 edge /api/orders status=500 upstream=B rt_ms=209 bytes=10168
2026-03-14 02:05:22.997 edge /healthz status=200 upstream=B rt_ms=272 bytes=5275
2026-03-14 02:05:23.071 edge / status=200 upstream=B rt_ms=314 bytes=21020
2026-03-14 02:05:23.113 edge /static/style.css status=200 upstream=B rt_ms=160 bytes=1831
2026-03-14 02:05:23.919 edge /healthz status=200 upstream=B rt_ms=230 bytes=34650
2026-03-14 02:05:26.824 edge /static/style.css status=500 upstream=B rt_ms=369 bytes=34479
2026-03-14 02:05:27.603 edge /static/style.css status=200 upstream=B rt_ms=308 bytes=19538
2026-03-14 02:05:28.850 edge /api/orders status=200 upstream=B rt_ms=168 bytes=40742
2026-03-14 02:05:29.766 edge /healthz status=200 upstream=B rt_ms=64 bytes=750
2026-03-14 02:05:30.158 edge / status=200 upstream=B rt_ms=343 bytes=41686
2026-03-14 02:05:31.739 edge /healthz status=200 upstream=B rt_ms=356 bytes=30638
2026-03-14 02:05:31.891 edge / status=200 upstream=B rt_ms=31 bytes=12169
2026-03-14 02:05:32.712 edge / status=200 upstream=B rt_ms=114 bytes=6754
2026-03-14 02:05:35.798 edge / status=200 upstream=B rt_ms=375 bytes=2440
2026-03-14 02:05:38.487 edge /api/orders status=200 upstream=B rt_ms=363 bytes=10278
2026-03-14 02:05:41.051 edge /healthz status=200 upstream=B rt_ms=369 bytes=41410
2026-03-14 02:05:41.869 edge /api/orders status=200 upstream=B rt_ms=13 bytes=14387
2026-03-14 02:05:43.739 edge /healthz status=200 upstream=B rt_ms=12 bytes=4893
2026-03-14 02:05:45.403 edge /static/style.css status=200 upstream=B rt_ms=56 bytes=18761
2026-03-14 02:05:45.429 edge / status=200 upstream=B rt_ms=248 bytes=32459
2026-03-14 02:05:45.591 edge /api/orders status=200 upstream=B rt_ms=193 bytes=8403
2026-03-14 02:05:47.226 edge / status=200 upstream=B rt_ms=131 bytes=13583
2026-03-14 02:05:47.370 edge /api/orders status=200 upstream=B rt_ms=280 bytes=373
2026-03-14 02:05:47.750 edge /api/orders status=200 upstream=B rt_ms=350 bytes=28207
2026-03-14 02:05:47.828 edge /static/style.css status=200 upstream=B rt_ms=195 bytes=24002
2026-03-14 02:05:48.097 edge /static/style.css status=200 upstream=B rt_ms=44 bytes=9029
2026-03-14 02:05:50.818 edge /healthz status=200 upstream=B rt_ms=31 bytes=19838
2026-03-14 02:05:52.632 edge /api/orders status=200 upstream=B rt_ms=197 bytes=11383
2026-03-14 02:05:53.252 edge /static/style.css status=200 upstream=B rt_ms=197 bytes=37682
2026-03-14 02:05:53.507 edge / status=200 upstream=B rt_ms=220 bytes=17650
2026-03-14 02:05:55.004 edge /api/events status=200 upstream=B rt_ms=384 bytes=39993
2026-03-14 02:05:56.912 edge /api/events status=200 upstream=B rt_ms=85 bytes=36977
2026-03-14 02:05:59.060 edge /api/events status=200 upstream=B rt_ms=78 bytes=15644
2026-03-14 02:05:59.724 edge /api/orders status=200 upstream=B rt_ms=51 bytes=32546
2026-03-14 02:05:59.954 edge /api/events status=200 upstream=B rt_ms=316 bytes=3673
2026-03-14 02:06:00.017 edge /healthz status=200 upstream=B rt_ms=248 bytes=21224
2026-03-14 02:06:00.526 edge /healthz status=200 upstream=B rt_ms=135 bytes=10032
2026-03-14 02:06:00.708 edge /static/style.css status=404 upstream=B rt_ms=170 bytes=23983
2026-03-14 02:06:00.844 edge /api/events status=200 upstream=B rt_ms=167 bytes=31834
2026-03-14 02:06:01.439 edge /static/style.css status=200 upstream=B rt_ms=233 bytes=10578
2026-03-14 02:06:02.466 edge /static/style.css status=200 upstream=B rt_ms=30 bytes=17687
2026-03-14 02:06:04.325 edge /healthz status=200 upstream=B rt_ms=109 bytes=34279
2026-03-14 02:06:04.542 edge /static/style.css status=200 upstream=B rt_ms=244 bytes=14440
2026-03-14 02:06:04.940 edge / status=200 upstream=B rt_ms=101 bytes=25635
2026-03-14 02:06:06.206 edge / status=200 upstream=B rt_ms=318 bytes=3406
2026-03-14 02:06:06.236 edge /healthz status=200 upstream=B rt_ms=305 bytes=11936
2026-03-14 02:06:06.560 edge / status=200 upstream=B rt_ms=158 bytes=8173
2026-03-14 02:06:08.412 edge /api/orders status=200 upstream=B rt_ms=302 bytes=9732
2026-03-14 02:06:08.491 edge /api/events status=200 upstream=B rt_ms=305 bytes=13737
2026-03-14 02:06:08.496 edge / status=200 upstream=B rt_ms=45 bytes=40733
2026-03-14 02:06:08.611 edge /api/events status=200 upstream=B rt_ms=161 bytes=40852
2026-03-14 02:06:10.044 edge / status=200 upstream=B rt_ms=314 bytes=39477
2026-03-14 02:06:12.925 edge / status=200 upstream=B rt_ms=226 bytes=14217
2026-03-14 02:06:13.221 edge /api/events status=200 upstream=B rt_ms=164 bytes=26510
2026-03-14 02:06:14.109 edge /api/events status=200 upstream=B rt_ms=131 bytes=16783
2026-03-14 02:06:15.911 edge /static/style.css status=200 upstream=B rt_ms=246 bytes=29945
2026-03-14 02:06:16.519 edge /api/orders status=200 upstream=B rt_ms=161 bytes=35010
2026-03-14 02:06:17.236 edge /static/style.css status=200 upstream=B rt_ms=160 bytes=10977
2026-03-14 02:06:18.407 edge /static/style.css status=200 upstream=B rt_ms=324 bytes=11536
2026-03-14 02:06:21.085 edge /healthz status=200 upstream=B rt_ms=332 bytes=36929
2026-03-14 02:06:22.509 edge /api/orders status=200 upstream=B rt_ms=55 bytes=14537
2026-03-14 02:06:22.815 edge /static/style.css status=200 upstream=B rt_ms=347 bytes=30570
2026-03-14 02:06:22.915 edge /healthz status=200 upstream=B rt_ms=37 bytes=38551
2026-03-14 02:06:23.037 edge /static/style.css status=404 upstream=B rt_ms=93 bytes=31116
2026-03-14 02:06:24.081 edge /static/style.css status=200 upstream=B rt_ms=188 bytes=31199
2026-03-14 02:06:26.785 edge / status=200 upstream=B rt_ms=59 bytes=2863
2026-03-14 02:06:28.881 edge /healthz status=200 upstream=B rt_ms=387 bytes=11000
2026-03-14 02:06:30.860 edge /static/style.css status=200 upstream=B rt_ms=317 bytes=5357
2026-03-14 02:06:31.433 edge /static/style.css status=200 upstream=B rt_ms=15 bytes=3546
2026-03-14 02:06:34.451 edge /api/events status=404 upstream=B rt_ms=362 bytes=38318
2026-03-14 02:06:34.843 edge /api/events status=200 upstream=B rt_ms=225 bytes=32556
2026-03-14 02:06:34.928 edge /api/orders status=200 upstream=B rt_ms=123 bytes=28801
2026-03-14 02:06:38.669 edge /api/orders status=200 upstream=B rt_ms=244 bytes=36299
2026-03-14 02:06:39.953 edge /healthz status=200 upstream=B rt_ms=76 bytes=32556
2026-03-14 02:06:39.982 edge /healthz status=200 upstream=B rt_ms=397 bytes=38397
2026-03-14 02:06:40.198 edge / status=200 upstream=B rt_ms=3 bytes=23495
2026-03-14 02:06:45.113 edge /healthz status=200 upstream=B rt_ms=322 bytes=26205
2026-03-14 02:06:45.504 edge /api/events status=200 upstream=B rt_ms=294 bytes=33365
2026-03-14 02:06:46.151 edge /api/orders status=200 upstream=B rt_ms=186 bytes=546
2026-03-14 02:06:46.665 edge /static/style.css status=200 upstream=B rt_ms=247 bytes=12032
2026-03-14 02:06:47.626 edge /healthz status=200 upstream=B rt_ms=369 bytes=26687
2026-03-14 02:06:51.471 edge /static/style.css status=200 upstream=B rt_ms=307 bytes=9955
2026-03-14 02:06:52.069 edge /api/orders status=404 upstream=B rt_ms=76 bytes=9842
2026-03-14 02:06:52.492 edge /api/events status=200 upstream=B rt_ms=178 bytes=17624
2026-03-14 02:06:52.628 edge /api/events status=200 upstream=B rt_ms=364 bytes=2424
2026-03-14 02:06:52.829 edge /api/orders status=200 upstream=B rt_ms=228 bytes=38830
2026-03-14 02:06:53.221 edge /api/orders status=200 upstream=B rt_ms=129 bytes=4775
2026-03-14 02:06:53.291 edge /healthz status=200 upstream=B rt_ms=380 bytes=28388
2026-03-14 02:06:53.952 edge /healthz status=200 upstream=B rt_ms=191 bytes=4037
2026-03-14 02:06:54.494 edge /static/style.css status=200 upstream=B rt_ms=326 bytes=39084
2026-03-14 02:06:55.632 edge /api/orders status=200 upstream=B rt_ms=41 bytes=36183
2026-03-14 02:06:55.675 edge /api/events status=200 upstream=B rt_ms=347 bytes=32020
2026-03-14 02:06:56.275 edge /static/style.css status=200 upstream=B rt_ms=10 bytes=37348
2026-03-14 02:06:56.934 edge /healthz status=200 upstream=B rt_ms=176 bytes=25937
2026-03-14 02:06:57.491 edge /static/style.css status=200 upstream=B rt_ms=290 bytes=14561
2026-03-14 02:07:00.171 edge /api/events status=200 upstream=B rt_ms=272 bytes=4899
2026-03-14 02:07:01.275 edge /static/style.css status=200 upstream=B rt_ms=56 bytes=31119
2026-03-14 02:07:02.575 edge /static/style.css status=200 upstream=B rt_ms=347 bytes=15608
2026-03-14 02:07:03.542 edge /api/events status=200 upstream=B rt_ms=226 bytes=35571
2026-03-14 02:07:03.658 edge /healthz status=200 upstream=B rt_ms=164 bytes=40603
2026-03-14 02:07:03.664 edge /api/orders status=200 upstream=B rt_ms=168 bytes=27474
2026-03-14 02:07:04.181 edge /healthz status=200 upstream=B rt_ms=274 bytes=10355
2026-03-14 02:07:04.965 edge /healthz status=200 upstream=B rt_ms=286 bytes=8631
2026-03-14 02:07:05.522 edge /api/events status=200 upstream=B rt_ms=175 bytes=4723
2026-03-14 02:07:07.357 edge /api/events status=200 upstream=B rt_ms=211 bytes=40986
2026-03-14 02:07:09.546 edge /api/orders status=200 upstream=B rt_ms=30 bytes=29492
2026-03-14 02:07:12.686 edge /static/style.css status=200 upstream=B rt_ms=320 bytes=3443
2026-03-14 02:07:15.714 edge /api/events status=200 upstream=B rt_ms=350 bytes=17337
2026-03-14 02:07:16.588 edge /api/events status=200 upstream=B rt_ms=230 bytes=37047
2026-03-14 02:07:17.167 edge / status=200 upstream=B rt_ms=155 bytes=23243
2026-03-14 02:07:17.212 edge /api/events status=404 upstream=B rt_ms=338 bytes=31395
2026-03-14 02:07:17.556 edge /healthz status=200 upstream=B rt_ms=110 bytes=33835
2026-03-14 02:07:20.046 edge /api/orders status=200 upstream=B rt_ms=234 bytes=4876
2026-03-14 02:07:20.130 edge /api/orders status=200 upstream=B rt_ms=275 bytes=1386
2026-03-14 02:07:20.222 edge / status=200 upstream=B rt_ms=216 bytes=22115
2026-03-14 02:07:25.302 edge /api/orders status=200 upstream=B rt_ms=336 bytes=10674
2026-03-14 02:07:25.462 edge /static/style.css status=200 upstream=B rt_ms=242 bytes=26573
2026-03-14 02:07:27.077 edge /api/orders status=200 upstream=B rt_ms=273 bytes=8148
2026-03-14 02:07:27.191 edge /api/orders status=200 upstream=B rt_ms=139 bytes=23586
2026-03-14 02:07:27.461 edge / status=200 upstream=B rt_ms=296 bytes=26324
2026-03-14 02:07:28.624 edge /api/orders status=200 upstream=B rt_ms=199 bytes=8055
2026-03-14 02:07:28.908 edge /static/style.css status=200 upstream=B rt_ms=6 bytes=17020
2026-03-14 02:07:30.823 edge /api/events status=200 upstream=B rt_ms=297 bytes=23895
2026-03-14 02:07:31.036 edge /api/events status=200 upstream=B rt_ms=188 bytes=20160
2026-03-14 02:07:31.044 edge /api/events status=500 upstream=B rt_ms=336 bytes=30577
2026-03-14 02:07:31.304 edge /api/orders status=200 upstream=B rt_ms=156 bytes=13191
2026-03-14 02:07:32.293 edge / status=200 upstream=B rt_ms=70 bytes=3655
2026-03-14 02:07:32.884 edge /api/orders status=200 upstream=B rt_ms=166 bytes=1503
2026-03-14 02:07:33.458 edge /healthz status=500 upstream=B rt_ms=55 bytes=17718
2026-03-14 02:07:34.299 edge /api/events status=200 upstream=B rt_ms=187 bytes=40017
2026-03-14 02:07:34.439 edge / status=200 upstream=B rt_ms=182 bytes=1559
2026-03-14 02:07:35.477 edge /api/events status=200 upstream=B rt_ms=153 bytes=15094
2026-03-14 02:07:36.598 edge /healthz status=200 upstream=B rt_ms=207 bytes=11092
2026-03-14 02:07:37.743 edge /api/orders status=200 upstream=B rt_ms=48 bytes=39424
2026-03-14 02:07:40.969 edge /static/style.css status=200 upstream=B rt_ms=144 bytes=17693
2026-03-14 02:07:43.156 edge /static/style.css status=200 upstream=B rt_ms=386 bytes=10552
2026-03-14 02:07:46.013 edge /api/events status=200 upstream=B rt_ms=359 bytes=31281
2026-03-14 02:07:46.424 edge /static/style.css status=200 upstream=B rt_ms=344 bytes=2740
2026-03-14 02:07:47.701 edge /api/events status=200 upstream=B rt_ms=245 bytes=13749
2026-03-14 02:07:48.504 edge /static/style.css status=200 upstream=B rt_ms=201 bytes=13012
2026-03-14 02:07:51.296 edge /api/events status=200 upstream=B rt_ms=41 bytes=2576
2026-03-14 02:07:51.717 edge / status=200 upstream=B rt_ms=103 bytes=30884
2026-03-14 02:07:52.434 edge /api/orders status=200 upstream=B rt_ms=109 bytes=40919
2026-03-14 02:07:54.538 edge /healthz status=200 upstream=B rt_ms=5 bytes=11370
2026-03-14 02:07:54.894 edge /static/style.css status=200 upstream=B rt_ms=209 bytes=41151
2026-03-14 02:07:55.731 edge /api/events status=200 upstream=B rt_ms=43 bytes=15538
2026-03-14 02:07:58.413 edge / status=500 upstream=B rt_ms=165 bytes=26269
2026-03-14 02:07:59.859 edge / status=200 upstream=B rt_ms=196 bytes=22809
2026-03-14 02:08:00.888 edge / status=200 upstream=B rt_ms=236 bytes=23618
2026-03-14 02:08:01.389 edge /healthz status=500 upstream=B rt_ms=387 bytes=30169
2026-03-14 02:08:01.575 edge /static/style.css status=200 upstream=B rt_ms=32 bytes=38129
2026-03-14 02:08:02.149 edge /static/style.css status=200 upstream=B rt_ms=173 bytes=7469
2026-03-14 02:08:02.683 edge /static/style.css status=200 upstream=B rt_ms=51 bytes=33303
2026-03-14 02:08:03.435 edge /api/events status=200 upstream=B rt_ms=199 bytes=22805
2026-03-14 02:08:03.921 edge / status=200 upstream=B rt_ms=273 bytes=2101
2026-03-14 02:08:04.257 edge /static/style.css status=200 upstream=B rt_ms=104 bytes=26554
2026-03-14 02:08:05.502 edge /healthz status=200 upstream=B rt_ms=132 bytes=19979
2026-03-14 02:08:08.848 edge /static/style.css status=200 upstream=B rt_ms=34 bytes=20818
2026-03-14 02:08:11.597 edge / status=200 upstream=B rt_ms=299 bytes=540
2026-03-14 02:08:11.999 edge /api/orders status=200 upstream=B rt_ms=384 bytes=14673
2026-03-14 02:08:13.001 edge /api/events status=200 upstream=B rt_ms=348 bytes=17311
2026-03-14 02:08:14.422 edge /api/events status=200 upstream=B rt_ms=101 bytes=6085
2026-03-14 02:08:14.767 edge /api/orders status=200 upstream=B rt_ms=367 bytes=14143
2026-03-14 02:08:15.197 edge /healthz status=200 upstream=B rt_ms=82 bytes=31671
2026-03-14 02:08:15.431 edge /api/events status=200 upstream=B rt_ms=133 bytes=24171
2026-03-14 02:08:18.637 edge /api/orders status=200 upstream=B rt_ms=25 bytes=23169
2026-03-14 02:08:19.758 edge /healthz status=200 upstream=B rt_ms=45 bytes=18809
2026-03-14 02:08:22.421 edge /api/events status=200 upstream=B rt_ms=348 bytes=18875
2026-03-14 02:08:23.095 edge /healthz status=200 upstream=B rt_ms=132 bytes=2143
2026-03-14 02:08:24.785 edge /static/style.css status=200 upstream=B rt_ms=189 bytes=11597
2026-03-14 02:08:26.078 edge /static/style.css status=200 upstream=B rt_ms=77 bytes=36069
2026-03-14 02:08:29.775 edge /static/style.css status=200 upstream=B rt_ms=25 bytes=13445
2026-03-14 02:08:30.306 edge / status=200 upstream=B rt_ms=145 bytes=39819
2026-03-14 02:08:30.938 edge /static/style.css status=200 upstream=B rt_ms=180 bytes=16983
2026-03-14 02:08:35.390 edge /healthz status=200 upstream=B rt_ms=16 bytes=36323
2026-03-14 02:08:37.386 edge /healthz status=200 upstream=B rt_ms=193 bytes=22349
2026-03-14 02:08:39.757 edge / status=200 upstream=B rt_ms=201 bytes=33111
2026-03-14 02:08:41.474 edge / status=200 upstream=B rt_ms=375 bytes=21875
2026-03-14 02:08:43.016 edge /api/orders status=200 upstream=B rt_ms=156 bytes=15534
2026-03-14 02:08:45.764 edge /api/orders status=200 upstream=B rt_ms=199 bytes=26721
2026-03-14 02:08:46.418 edge /api/events status=200 upstream=B rt_ms=391 bytes=18475
2026-03-14 02:08:47.504 edge /api/events status=200 upstream=B rt_ms=7 bytes=33673
2026-03-14 02:08:47.825 edge /healthz status=200 upstream=B rt_ms=306 bytes=30972
2026-03-14 02:08:50.045 edge /static/style.css status=500 upstream=B rt_ms=373 bytes=5577
2026-03-14 02:08:50.818 edge / status=200 upstream=B rt_ms=218 bytes=41652
2026-03-14 02:08:51.191 edge /static/style.css status=200 upstream=B rt_ms=362 bytes=9813
2026-03-14 02:08:51.910 edge / status=200 upstream=B rt_ms=344 bytes=12632
2026-03-14 02:08:52.011 edge /api/events status=200 upstream=B rt_ms=279 bytes=30087
2026-03-14 02:08:53.640 edge /static/style.css status=200 upstream=B rt_ms=201 bytes=12551
2026-03-14 02:08:55.261 edge /healthz status=200 upstream=B rt_ms=304 bytes=8230
2026-03-14 02:08:56.613 edge /api/events status=200 upstream=B rt_ms=175 bytes=7972
2026-03-14 02:08:57.695 edge / status=200 upstream=B rt_ms=77 bytes=8467
2026-03-14 02:08:57.746 edge /api/orders status=200 upstream=B rt_ms=72 bytes=41519
2026-03-14 02:08:58.272 edge /static/style.css status=200 upstream=B rt_ms=386 bytes=27892
2026-03-14 02:08:58.423 edge /api/events status=200 upstream=B rt_ms=353 bytes=35784
2026-03-14 02:08:58.923 edge /api/orders status=404 upstream=B rt_ms=364 bytes=38908
2026-03-14 02:08:59.256 edge / status=200 upstream=B rt_ms=47 bytes=4937
2026-03-14 02:08:59.266 edge /api/events status=200 upstream=B rt_ms=316 bytes=39205
2026-03-14 02:08:59.273 edge /static/style.css status=200 upstream=B rt_ms=187 bytes=14619
2026-03-14 02:08:59.732 edge /healthz status=200 upstream=B rt_ms=194 bytes=11363
2026-03-14 02:08:59.874 edge /api/orders status=200 upstream=B rt_ms=114 bytes=12476
2026-03-14 02:09:00.907 edge /api/orders status=200 upstream=B rt_ms=34 bytes=6931
2026-03-14 02:09:01.176 edge /api/orders status=200 upstream=B rt_ms=174 bytes=29452
2026-03-14 02:09:01.625 edge /api/events status=200 upstream=B rt_ms=182 bytes=22296
2026-03-14 02:09:03.464 edge /api/events status=200 upstream=B rt_ms=141 bytes=23943
2026-03-14 02:09:04.104 edge /api/events status=200 upstream=B rt_ms=85 bytes=35009
2026-03-14 02:09:05.645 edge / status=200 upstream=B rt_ms=244 bytes=18609
2026-03-14 02:09:08.148 edge /static/style.css status=200 upstream=B rt_ms=313 bytes=34082
2026-03-14 02:09:08.549 edge /healthz status=200 upstream=B rt_ms=17 bytes=35669
2026-03-14 02:09:09.758 edge /api/orders status=200 upstream=B rt_ms=138 bytes=27807
2026-03-14 02:09:11.725 edge /api/events status=200 upstream=B rt_ms=90 bytes=25552
2026-03-14 02:09:12.084 edge /healthz status=200 upstream=B rt_ms=63 bytes=19063
2026-03-14 02:09:13.626 edge /api/orders status=200 upstream=B rt_ms=289 bytes=27028
2026-03-14 02:09:14.059 edge /api/events status=200 upstream=B rt_ms=394 bytes=7408
2026-03-14 02:09:15.328 edge /healthz status=200 upstream=B rt_ms=365 bytes=37099
2026-03-14 02:09:16.205 edge /healthz status=200 upstream=B rt_ms=298 bytes=10448
2026-03-14 02:09:16.942 edge /healthz status=200 upstream=B rt_ms=376 bytes=9303
2026-03-14 02:09:18.979 edge / status=200 upstream=B rt_ms=279 bytes=32956
2026-03-14 02:09:20.470 edge /api/orders status=200 upstream=B rt_ms=187 bytes=11324
2026-03-14 02:09:26.845 edge /api/orders status=200 upstream=B rt_ms=399 bytes=6771
2026-03-14 02:09:27.751 edge /healthz status=200 upstream=B rt_ms=305 bytes=7594
2026-03-14 02:09:27.922 edge /api/orders status=200 upstream=B rt_ms=380 bytes=25489
2026-03-14 02:09:28.205 edge /static/style.css status=200 upstream=B rt_ms=172 bytes=12429
2026-03-14 02:09:30.277 edge /api/orders status=200 upstream=B rt_ms=268 bytes=40499
2026-03-14 02:09:35.480 edge /healthz status=200 upstream=B rt_ms=131 bytes=8145
2026-03-14 02:09:36.004 edge /healthz status=200 upstream=B rt_ms=266 bytes=37669
2026-03-14 02:09:36.955 edge /api/orders status=200 upstream=B rt_ms=306 bytes=30679
2026-03-14 02:09:38.712 edge /healthz status=404 upstream=B rt_ms=367 bytes=31218
2026-03-14 02:09:41.723 edge / status=404 upstream=B rt_ms=245 bytes=25374
2026-03-14 02:09:41.975 edge /api/events status=200 upstream=B rt_ms=213 bytes=29067
2026-03-14 02:09:42.816 edge /healthz status=200 upstream=B rt_ms=331 bytes=20587
2026-03-14 02:09:43.629 edge /api/events status=200 upstream=B rt_ms=339 bytes=13538
2026-03-14 02:09:44.998 edge /healthz status=200 upstream=B rt_ms=165 bytes=7036
2026-03-14 02:09:46.474 edge / status=200 upstream=B rt_ms=117 bytes=11810
2026-03-14 02:09:47.444 edge /healthz status=200 upstream=B rt_ms=103 bytes=17900
2026-03-14 02:09:49.430 edge /api/orders status=200 upstream=B rt_ms=53 bytes=21978
2026-03-14 02:09:52.008 edge /healthz status=200 upstream=B rt_ms=74 bytes=24793
2026-03-14 02:09:52.928 edge /api/orders status=200 upstream=B rt_ms=28 bytes=29798
2026-03-14 02:09:53.690 edge /api/events status=200 upstream=B rt_ms=320 bytes=23996
2026-03-14 02:09:55.259 edge /static/style.css status=200 upstream=B rt_ms=273 bytes=2993
2026-03-14 02:09:55.734 edge /api/orders status=200 upstream=B rt_ms=345 bytes=34970
2026-03-14 02:09:56.258 edge /api/orders status=200 upstream=B rt_ms=79 bytes=30534
2026-03-14 02:09:56.363 edge /static/style.css status=200 upstream=B rt_ms=149 bytes=19501
2026-03-14 02:09:57.255 edge /static/style.css status=200 upstream=B rt_ms=210 bytes=35968
2026-03-14 02:09:57.761 edge /static/style.css status=200 upstream=B rt_ms=210 bytes=35928
2026-03-14 02:09:59.357 edge /api/orders status=200 upstream=B rt_ms=365 bytes=25149
2026-03-14 02:09:59.838 edge / status=200 upstream=B rt_ms=274 bytes=10613
2026-03-14 02:09:59.893 edge /api/orders status=200 upstream=B rt_ms=244 bytes=1320
2026-03-14 02:10:00.323 edge /healthz status=404 upstream=B rt_ms=28 bytes=40028
2026-03-14 02:10:01.238 edge /api/orders status=200 upstream=B rt_ms=375 bytes=25925
2026-03-14 02:10:02.454 edge / status=200 upstream=B rt_ms=132 bytes=11363
2026-03-14 02:10:03.342 edge /api/orders status=200 upstream=B rt_ms=296 bytes=18360
2026-03-14 02:10:05.013 edge /api/events status=200 upstream=B rt_ms=37 bytes=19705
2026-03-14 02:10:05.593 edge /static/style.css status=200 upstream=B rt_ms=258 bytes=20993
2026-03-14 02:10:07.769 edge /api/orders status=200 upstream=B rt_ms=245 bytes=22834
2026-03-14 02:10:08.315 edge /healthz status=200 upstream=B rt_ms=101 bytes=37388
2026-03-14 02:10:08.760 edge /api/events status=200 upstream=B rt_ms=305 bytes=32043
2026-03-14 02:10:10.049 edge /api/orders status=200 upstream=B rt_ms=17 bytes=39172
2026-03-14 02:10:10.713 edge /static/style.css status=200 upstream=B rt_ms=253 bytes=32385
2026-03-14 02:10:12.642 edge /healthz status=200 upstream=B rt_ms=218 bytes=19980
2026-03-14 02:10:15.485 edge / status=200 upstream=B rt_ms=225 bytes=16303
2026-03-14 02:10:17.700 edge / status=200 upstream=B rt_ms=194 bytes=7818
2026-03-14 02:10:18.847 edge /api/events status=200 upstream=B rt_ms=8 bytes=40698
2026-03-14 02:10:19.042 edge / status=200 upstream=B rt_ms=172 bytes=17800
2026-03-14 02:10:20.265 edge /api/events status=200 upstream=B rt_ms=282 bytes=25420
2026-03-14 02:10:21.163 edge /healthz status=200 upstream=B rt_ms=101 bytes=4276
2026-03-14 02:10:22.730 edge /api/events status=200 upstream=B rt_ms=8 bytes=27622
2026-03-14 02:10:22.923 edge / status=200 upstream=B rt_ms=278 bytes=26602
2026-03-14 02:10:23.021 edge /healthz status=200 upstream=B rt_ms=231 bytes=38947
2026-03-14 02:10:23.700 edge /static/style.css status=200 upstream=B rt_ms=340 bytes=1591
2026-03-14 02:10:26.654 edge /api/events status=200 upstream=B rt_ms=85 bytes=7547
2026-03-14 02:10:27.602 edge /static/style.css status=200 upstream=B rt_ms=328 bytes=40209
2026-03-14 02:10:31.876 edge / status=200 upstream=B rt_ms=86 bytes=13823
2026-03-14 02:10:32.400 edge /healthz status=200 upstream=B rt_ms=366 bytes=18191
2026-03-14 02:10:32.478 edge / status=200 upstream=B rt_ms=240 bytes=38412
2026-03-14 02:10:32.873 edge /static/style.css status=200 upstream=B rt_ms=179 bytes=33190
2026-03-14 02:10:34.152 edge /api/orders status=200 upstream=B rt_ms=301 bytes=14573
2026-03-14 02:10:34.956 edge / status=500 upstream=B rt_ms=58 bytes=38184
2026-03-14 02:10:37.973 edge /api/events status=200 upstream=B rt_ms=96 bytes=36357
2026-03-14 02:10:38.667 edge /api/orders status=200 upstream=B rt_ms=187 bytes=6253
2026-03-14 02:10:39.005 edge / status=200 upstream=B rt_ms=74 bytes=679
2026-03-14 02:10:39.130 edge /healthz status=200 upstream=B rt_ms=232 bytes=28255
2026-03-14 02:10:39.617 edge /static/style.css status=200 upstream=B rt_ms=12 bytes=38133
2026-03-14 02:10:39.736 edge /api/orders status=200 upstream=B rt_ms=136 bytes=22807
2026-03-14 02:10:39.859 edge /static/style.css status=200 upstream=B rt_ms=267 bytes=12953
2026-03-14 02:10:42.358 edge /static/style.css status=500 upstream=B rt_ms=316 bytes=28343
2026-03-14 02:10:42.703 edge /api/orders status=200 upstream=B rt_ms=399 bytes=20127
2026-03-14 02:10:42.961 edge /api/orders status=200 upstream=B rt_ms=45 bytes=15399
2026-03-14 02:10:44.507 edge /static/style.css status=200 upstream=B rt_ms=34 bytes=6641
2026-03-14 02:10:44.939 edge /healthz status=200 upstream=B rt_ms=10 bytes=38753
2026-03-14 02:10:45.259 edge /healthz status=200 upstream=B rt_ms=38 bytes=34821
2026-03-14 02:10:46.045 edge /static/style.css status=200 upstream=B rt_ms=281 bytes=23106
2026-03-14 02:10:47.341 edge / status=200 upstream=B rt_ms=210 bytes=33186
2026-03-14 02:10:47.414 edge /static/style.css status=200 upstream=B rt_ms=80 bytes=1389
2026-03-14 02:10:48.789 edge /healthz status=200 upstream=B rt_ms=219 bytes=20170
2026-03-14 02:10:49.233 edge /healthz status=200 upstream=B rt_ms=56 bytes=38264
2026-03-14 02:10:56.631 edge /healthz status=200 upstream=B rt_ms=93 bytes=24195
2026-03-14 02:11:03.234 edge /api/events status=200 upstream=B rt_ms=24 bytes=31728
2026-03-14 02:11:06.082 edge /api/orders status=200 upstream=B rt_ms=219 bytes=303
2026-03-14 02:11:06.724 edge /api/orders status=200 upstream=B rt_ms=87 bytes=13155
2026-03-14 02:11:07.139 edge /api/events status=200 upstream=B rt_ms=382 bytes=8698
2026-03-14 02:11:07.298 edge / status=200 upstream=B rt_ms=140 bytes=8467
2026-03-14 02:11:08.569 edge /api/events status=500 upstream=B rt_ms=154 bytes=31264
2026-03-14 02:11:08.709 edge / status=200 upstream=B rt_ms=383 bytes=5336
2026-03-14 02:11:09.393 edge / status=404 upstream=B rt_ms=176 bytes=38774
2026-03-14 02:11:10.058 edge / status=200 upstream=B rt_ms=162 bytes=20248
2026-03-14 02:11:11.225 edge /api/orders status=200 upstream=B rt_ms=348 bytes=21692
2026-03-14 02:11:11.558 edge /healthz status=200 upstream=B rt_ms=371 bytes=2616
2026-03-14 02:11:14.211 edge /api/events status=200 upstream=B rt_ms=383 bytes=13320
2026-03-14 02:11:14.470 edge /api/orders status=200 upstream=B rt_ms=219 bytes=1204
2026-03-14 02:11:16.979 edge / status=200 upstream=B rt_ms=80 bytes=8214
2026-03-14 02:11:17.319 edge /static/style.css status=200 upstream=B rt_ms=313 bytes=24536
2026-03-14 02:11:18.963 edge /api/events status=200 upstream=B rt_ms=296 bytes=29272
2026-03-14 02:11:20.765 edge /healthz status=200 upstream=B rt_ms=251 bytes=15943
2026-03-14 02:11:24.098 edge /api/orders status=200 upstream=B rt_ms=300 bytes=15393
2026-03-14 02:11:24.351 edge /static/style.css status=200 upstream=B rt_ms=208 bytes=27321
2026-03-14 02:11:24.911 edge /api/events status=200 upstream=B rt_ms=211 bytes=15499
2026-03-14 02:11:25.015 edge / status=200 upstream=B rt_ms=100 bytes=16227
2026-03-14 02:11:27.665 edge /api/orders status=200 upstream=B rt_ms=334 bytes=27891
2026-03-14 02:11:28.777 edge /api/orders status=200 upstream=B rt_ms=221 bytes=8420
2026-03-14 02:11:29.989 edge / status=200 upstream=B rt_ms=53 bytes=18954
2026-03-14 02:11:30.871 edge /static/style.css status=200 upstream=B rt_ms=160 bytes=37787
2026-03-14 02:11:31.668 edge /static/style.css status=200 upstream=B rt_ms=185 bytes=32828
2026-03-14 02:11:32.218 edge /api/orders status=200 upstream=B rt_ms=47 bytes=27871
2026-03-14 02:11:32.265 edge / status=200 upstream=B rt_ms=284 bytes=7027
2026-03-14 02:11:33.144 edge /api/orders status=200 upstream=B rt_ms=284 bytes=33604
2026-03-14 02:11:35.943 edge /static/style.css status=200 upstream=B rt_ms=217 bytes=21236
2026-03-14 02:11:36.580 edge /static/style.css status=200 upstream=B rt_ms=343 bytes=37743
2026-03-14 02:11:36.740 edge /api/events status=200 upstream=B rt_ms=164 bytes=38528
2026-03-14 02:11:37.130 edge /api/orders status=200 upstream=B rt_ms=305 bytes=29888
2026-03-14 02:11:39.730 edge / status=200 upstream=B rt_ms=97 bytes=29743
2026-03-14 02:11:40.297 edge / status=200 upstream=B rt_ms=248 bytes=10899
2026-03-14 02:11:41.028 edge /healthz status=200 upstream=B rt_ms=363 bytes=28198
2026-03-14 02:11:42.364 edge /api/events status=200 upstream=B rt_ms=255 bytes=23097
2026-03-14 02:11:42.987 edge / status=200 upstream=B rt_ms=130 bytes=39095
2026-03-14 02:11:44.334 edge / status=200 upstream=B rt_ms=251 bytes=26450
2026-03-14 02:11:44.468 edge /static/style.css status=404 upstream=B rt_ms=221 bytes=29189
2026-03-14 02:11:44.511 edge /static/style.css status=200 upstream=B rt_ms=263 bytes=28663
2026-03-14 02:11:46.351 edge /static/style.css status=200 upstream=B rt_ms=282 bytes=7495
2026-03-14 02:11:46.989 edge /static/style.css status=200 upstream=B rt_ms=288 bytes=40756
2026-03-14 02:11:47.731 edge /api/events status=200 upstream=B rt_ms=31 bytes=20985
2026-03-14 02:11:49.049 edge /api/events status=200 upstream=B rt_ms=379 bytes=16047
2026-03-14 02:11:49.437 edge /api/orders status=200 upstream=B rt_ms=80 bytes=18327
2026-03-14 02:11:49.975 edge /static/style.css status=404 upstream=B rt_ms=69 bytes=3790
2026-03-14 02:11:50.485 edge / status=200 upstream=B rt_ms=304 bytes=34828
2026-03-14 02:11:50.567 edge /api/events status=200 upstream=B rt_ms=156 bytes=19245
2026-03-14 02:11:51.745 edge / status=200 upstream=B rt_ms=188 bytes=9563
2026-03-14 02:11:51.777 edge /api/events status=200 upstream=B rt_ms=267 bytes=10997
2026-03-14 02:11:52.688 edge /static/style.css status=200 upstream=B rt_ms=320 bytes=27656
2026-03-14 02:11:54.521 edge / status=200 upstream=B rt_ms=107 bytes=8220
2026-03-14 02:11:55.957 edge /static/style.css status=200 upstream=B rt_ms=233 bytes=5967
2026-03-14 02:11:56.431 edge / status=200 upstream=B rt_ms=9 bytes=7393
2026-03-14 02:11:58.241 edge /healthz status=200 upstream=B rt_ms=201 bytes=22704
2026-03-14 02:11:59.554 edge /api/events status=200 upstream=B rt_ms=41 bytes=31713
2026-03-14 02:11:59.880 edge /static/style.css status=200 upstream=B rt_ms=361 bytes=6072
2026-03-14 02:12:00.288 edge /api/orders status=200 upstream=B rt_ms=392 bytes=11682
2026-03-14 02:12:00.394 edge /static/style.css status=200 upstream=B rt_ms=316 bytes=29381
2026-03-14 02:12:00.848 edge /api/events status=500 upstream=B rt_ms=168 bytes=24533
2026-03-14 02:12:01.410 edge /healthz status=200 upstream=B rt_ms=389 bytes=7203
2026-03-14 02:12:02.889 edge /healthz status=200 upstream=B rt_ms=16 bytes=6311
2026-03-14 02:12:03.031 edge /api/orders status=200 upstream=B rt_ms=276 bytes=30799
2026-03-14 02:12:03.259 edge /static/style.css status=200 upstream=B rt_ms=347 bytes=24593
2026-03-14 02:12:05.865 edge /api/events status=200 upstream=B rt_ms=375 bytes=24325
2026-03-14 02:12:06.227 edge /static/style.css status=200 upstream=B rt_ms=137 bytes=5913
2026-03-14 02:12:07.039 edge / status=200 upstream=B rt_ms=56 bytes=26686
2026-03-14 02:12:07.110 edge /api/orders status=200 upstream=B rt_ms=178 bytes=15512
2026-03-14 02:12:08.661 edge /api/orders status=200 upstream=B rt_ms=162 bytes=37134
2026-03-14 02:12:08.941 edge /api/events status=200 upstream=B rt_ms=279 bytes=16478
2026-03-14 02:12:09.090 edge /static/style.css status=200 upstream=B rt_ms=235 bytes=10160
2026-03-14 02:12:10.967 edge / status=200 upstream=B rt_ms=367 bytes=39761
2026-03-14 02:12:12.205 edge /api/orders status=200 upstream=B rt_ms=291 bytes=2059
2026-03-14 02:12:16.961 edge /api/events status=200 upstream=B rt_ms=227 bytes=39259
2026-03-14 02:12:19.191 edge /api/events status=200 upstream=B rt_ms=299 bytes=35764
2026-03-14 02:12:20.216 edge /static/style.css status=200 upstream=B rt_ms=67 bytes=31995
2026-03-14 02:12:21.202 edge /static/style.css status=200 upstream=B rt_ms=317 bytes=25247
2026-03-14 02:12:21.479 edge /api/events status=200 upstream=B rt_ms=23 bytes=512
2026-03-14 02:12:21.858 edge /static/style.css status=200 upstream=B rt_ms=172 bytes=32839
2026-03-14 02:12:21.901 edge /api/orders status=200 upstream=B rt_ms=269 bytes=23408
2026-03-14 02:12:22.602 edge /api/orders status=200 upstream=B rt_ms=161 bytes=29938
2026-03-14 02:12:27.736 edge /api/events status=200 upstream=B rt_ms=157 bytes=17302
2026-03-14 02:12:28.586 edge / status=200 upstream=B rt_ms=36 bytes=6899
2026-03-14 02:12:29.252 edge /api/orders status=200 upstream=B rt_ms=14 bytes=14177
2026-03-14 02:12:29.432 edge /api/events status=200 upstream=B rt_ms=240 bytes=34179
2026-03-14 02:12:30.407 edge /api/events status=200 upstream=B rt_ms=46 bytes=39687
2026-03-14 02:12:30.412 edge /api/orders status=200 upstream=B rt_ms=257 bytes=21661
2026-03-14 02:12:30.463 edge /api/orders status=200 upstream=B rt_ms=28 bytes=13181
2026-03-14 02:12:34.619 edge /static/style.css status=200 upstream=B rt_ms=339 bytes=16242
2026-03-14 02:12:36.833 edge / status=200 upstream=B rt_ms=252 bytes=36073
2026-03-14 02:12:37.775 edge /api/events status=404 upstream=B rt_ms=65 bytes=37270
2026-03-14 02:12:38.092 edge /api/orders status=200 upstream=B rt_ms=196 bytes=16918
2026-03-14 02:12:38.366 edge /static/style.css status=200 upstream=B rt_ms=340 bytes=27834
2026-03-14 02:12:40.910 edge / status=200 upstream=B rt_ms=223 bytes=38989
2026-03-14 02:12:41.759 edge /api/events status=200 upstream=B rt_ms=316 bytes=40559
2026-03-14 02:12:42.429 edge /static/style.css status=404 upstream=B rt_ms=82 bytes=13281
2026-03-14 02:12:44.288 edge /api/events status=200 upstream=B rt_ms=156 bytes=17608
2026-03-14 02:12:45.362 edge /api/events status=200 upstream=B rt_ms=73 bytes=9703
2026-03-14 02:12:45.555 edge /api/orders status=200 upstream=B rt_ms=28 bytes=7665
2026-03-14 02:12:46.197 edge /static/style.css status=200 upstream=B rt_ms=74 bytes=25221
2026-03-14 02:12:46.920 edge / status=200 upstream=B rt_ms=343 bytes=34392
2026-03-14 02:12:47.478 edge /static/style.css status=200 upstream=B rt_ms=392 bytes=19464
2026-03-14 02:12:52.383 edge /static/style.css status=200 upstream=B rt_ms=210 bytes=9860
2026-03-14 02:12:53.176 edge /api/orders status=404 upstream=B rt_ms=219 bytes=16123
2026-03-14 02:12:57.615 edge /api/orders status=200 upstream=B rt_ms=392 bytes=28233
2026-03-14 02:13:00.406 edge /static/style.css status=200 upstream=B rt_ms=378 bytes=707
2026-03-14 02:13:01.751 edge /healthz status=200 upstream=B rt_ms=158 bytes=3522
2026-03-14 02:13:05.456 edge / status=200 upstream=B rt_ms=349 bytes=3482
2026-03-14 02:13:06.513 edge /static/style.css status=404 upstream=B rt_ms=273 bytes=35605
2026-03-14 02:13:07.097 edge /healthz status=200 upstream=B rt_ms=209 bytes=21406
2026-03-14 02:13:08.123 edge /api/orders status=200 upstream=B rt_ms=223 bytes=37940
2026-03-14 02:13:09.224 edge /api/orders status=200 upstream=B rt_ms=277 bytes=36904
2026-03-14 02:13:09.968 edge /api/orders status=200 upstream=B rt_ms=193 bytes=3111
2026-03-14 02:13:10.110 edge /static/style.css status=200 upstream=B rt_ms=352 bytes=34576
2026-03-14 02:13:10.816 edge / status=200 upstream=B rt_ms=8 bytes=7965
2026-03-14 02:13:11.640 edge /healthz status=500 upstream=B rt_ms=128 bytes=37498
2026-03-14 02:13:15.041 edge /healthz status=200 upstream=B rt_ms=135 bytes=40807
2026-03-14 02:13:15.565 edge / status=200 upstream=B rt_ms=46 bytes=3154
2026-03-14 02:13:15.885 edge /static/style.css status=200 upstream=B rt_ms=367 bytes=14232
2026-03-14 02:13:16.834 edge /healthz status=200 upstream=B rt_ms=29 bytes=36715
2026-03-14 02:13:18.152 edge / status=200 upstream=B rt_ms=234 bytes=19643
2026-03-14 02:13:21.596 edge /healthz status=200 upstream=B rt_ms=42 bytes=8094
2026-03-14 02:13:22.927 edge /api/events status=200 upstream=B rt_ms=252 bytes=1004
2026-03-14 02:13:23.075 edge /api/events status=200 upstream=B rt_ms=396 bytes=20304
2026-03-14 02:13:24.538 edge /healthz status=200 upstream=B rt_ms=380 bytes=24088
2026-03-14 02:13:24.614 edge / status=200 upstream=B rt_ms=242 bytes=18385
2026-03-14 02:13:24.842 edge /api/orders status=200 upstream=B rt_ms=350 bytes=25950
2026-03-14 02:13:24.926 edge / status=200 upstream=B rt_ms=107 bytes=10313
2026-03-14 02:13:25.297 edge /api/events status=200 upstream=B rt_ms=310 bytes=13253
2026-03-14 02:13:26.209 edge / status=200 upstream=B rt_ms=69 bytes=22072
2026-03-14 02:13:26.480 edge / status=200 upstream=B rt_ms=361 bytes=14095
2026-03-14 02:13:26.955 edge /api/orders status=200 upstream=B rt_ms=33 bytes=35115
2026-03-14 02:13:28.306 edge /api/events status=404 upstream=B rt_ms=361 bytes=12122
2026-03-14 02:13:34.151 edge /healthz status=404 upstream=B rt_ms=106 bytes=7216
2026-03-14 02:13:34.728 edge /static/style.css status=500 upstream=B rt_ms=144 bytes=14390
2026-03-14 02:13:37.123 edge /api/orders status=404 upstream=B rt_ms=310 bytes=31733
2026-03-14 02:13:39.828 edge /healthz status=200 upstream=B rt_ms=283 bytes=5972
2026-03-14 02:13:40.037 edge /static/style.css status=200 upstream=B rt_ms=29 bytes=37774
2026-03-14 02:13:40.632 edge /healthz status=200 upstream=B rt_ms=89 bytes=35982
2026-03-14 02:13:40.770 edge /static/style.css status=200 upstream=B rt_ms=377 bytes=2669
2026-03-14 02:13:40.844 edge /api/events status=404 upstream=B rt_ms=296 bytes=35202
2026-03-14 02:13:40.963 edge /api/events status=200 upstream=B rt_ms=25 bytes=40444
2026-03-14 02:13:45.251 edge /api/orders status=200 upstream=B rt_ms=122 bytes=21844
2026-03-14 02:13:45.770 edge /healthz status=200 upstream=B rt_ms=224 bytes=10769
2026-03-14 02:13:46.719 edge /static/style.css status=200 upstream=B rt_ms=365 bytes=19310
2026-03-14 02:13:46.850 edge /static/style.css status=200 upstream=B rt_ms=278 bytes=7989
2026-03-14 02:13:47.340 edge /static/style.css status=200 upstream=B rt_ms=252 bytes=33625
2026-03-14 02:13:48.041 edge /api/events status=200 upstream=B rt_ms=274 bytes=19355
2026-03-14 02:13:48.238 edge /static/style.css status=200 upstream=B rt_ms=217 bytes=35480
2026-03-14 02:13:49.497 edge / status=200 upstream=B rt_ms=97 bytes=23211
2026-03-14 02:13:50.420 edge / status=200 upstream=B rt_ms=221 bytes=13564
2026-03-14 02:13:52.273 edge /static/style.css status=200 upstream=B rt_ms=185 bytes=9752
2026-03-14 02:13:53.978 edge /api/orders status=200 upstream=B rt_ms=85 bytes=1407
2026-03-14 02:13:54.759 edge /api/orders status=200 upstream=B rt_ms=93 bytes=10787
2026-03-14 02:13:54.833 edge /healthz status=200 upstream=B rt_ms=209 bytes=41504
2026-03-14 02:13:55.097 edge /api/orders status=200 upstream=B rt_ms=364 bytes=6453
2026-03-14 02:13:55.656 edge /healthz status=200 upstream=B rt_ms=359 bytes=29749
2026-03-14 02:13:57.864 edge /static/style.css status=200 upstream=B rt_ms=300 bytes=34504
2026-03-14 02:14:00.464 edge / status=200 upstream=B rt_ms=189 bytes=12528
2026-03-14 02:14:01.643 edge /static/style.css status=200 upstream=B rt_ms=296 bytes=11559
2026-03-14 02:14:02.024 edge /api/events status=200 upstream=B rt_ms=316 bytes=36622
2026-03-14 02:14:02.069 edge /healthz status=200 upstream=B rt_ms=219 bytes=17106
2026-03-14 02:14:05.772 edge /api/events status=200 upstream=B rt_ms=31 bytes=6759
2026-03-14 02:14:06.542 edge /api/orders status=200 upstream=B rt_ms=391 bytes=24488
2026-03-14 02:14:07.561 edge /healthz status=200 upstream=B rt_ms=378 bytes=5861
2026-03-14 02:14:10.501 edge /api/orders status=200 upstream=B rt_ms=34 bytes=1245
2026-03-14 02:14:10.630 edge /api/events status=200 upstream=B rt_ms=28 bytes=36277
2026-03-14 02:14:10.871 edge /static/style.css status=200 upstream=B rt_ms=7 bytes=14789
2026-03-14 02:14:11.637 edge / status=200 upstream=B rt_ms=268 bytes=33530
2026-03-14 02:14:14.281 edge /healthz status=200 upstream=B rt_ms=398 bytes=29464
2026-03-14 02:14:16.480 edge / status=200 upstream=B rt_ms=332 bytes=14716
2026-03-14 02:14:18.667 edge /static/style.css status=200 upstream=B rt_ms=155 bytes=11253
2026-03-14 02:14:18.720 edge /static/style.css status=404 upstream=B rt_ms=269 bytes=38003
2026-03-14 02:14:20.243 edge /static/style.css status=200 upstream=B rt_ms=46 bytes=36487
2026-03-14 02:14:20.789 edge /api/events status=200 upstream=B rt_ms=51 bytes=22506
2026-03-14 02:14:21.410 edge /healthz status=200 upstream=B rt_ms=69 bytes=27057
2026-03-14 02:14:22.032 edge /api/orders status=200 upstream=B rt_ms=378 bytes=17893
2026-03-14 02:14:22.629 edge /api/orders status=200 upstream=B rt_ms=213 bytes=16568
2026-03-14 02:14:22.994 edge / status=200 upstream=B rt_ms=85 bytes=13734
2026-03-14 02:14:23.246 edge /static/style.css status=200 upstream=B rt_ms=151 bytes=19836
2026-03-14 02:14:24.155 edge / status=200 upstream=B rt_ms=110 bytes=3467
2026-03-14 02:14:24.249 edge /static/style.css status=200 upstream=B rt_ms=294 bytes=11927
2026-03-14 02:14:24.331 edge /static/style.css status=200 upstream=B rt_ms=127 bytes=16067
2026-03-14 02:14:24.913 edge /api/orders status=200 upstream=B rt_ms=225 bytes=27341
2026-03-14 02:14:25.356 edge /api/events status=404 upstream=B rt_ms=138 bytes=21137
2026-03-14 02:14:28.095 edge /api/events status=200 upstream=B rt_ms=99 bytes=11836
2026-03-14 02:14:29.189 edge /healthz status=200 upstream=B rt_ms=356 bytes=21891
2026-03-14 02:14:30.069 edge /healthz status=200 upstream=B rt_ms=289 bytes=21044
2026-03-14 02:14:30.156 edge /static/style.css status=200 upstream=B rt_ms=247 bytes=39662
2026-03-14 02:14:30.774 edge /api/orders status=200 upstream=B rt_ms=73 bytes=13620
2026-03-14 02:14:31.554 edge /api/orders status=200 upstream=B rt_ms=313 bytes=9467
2026-03-14 02:14:32.368 edge /static/style.css status=200 upstream=B rt_ms=177 bytes=29826
2026-03-14 02:14:34.306 edge /api/events status=200 upstream=B rt_ms=133 bytes=28795
2026-03-14 02:14:35.414 edge /healthz status=200 upstream=B rt_ms=113 bytes=8662
2026-03-14 02:14:37.795 edge /static/style.css status=404 upstream=B rt_ms=63 bytes=19547
2026-03-14 02:14:39.071 edge /healthz status=200 upstream=B rt_ms=4 bytes=18714
2026-03-14 02:14:39.244 edge /healthz status=404 upstream=B rt_ms=30 bytes=40407
2026-03-14 02:14:39.848 edge /api/events status=200 upstream=B rt_ms=399 bytes=34839
2026-03-14 02:14:39.958 edge /static/style.css status=200 upstream=B rt_ms=72 bytes=10746
2026-03-14 02:14:41.023 edge /static/style.css status=200 upstream=B rt_ms=205 bytes=32287
2026-03-14 02:14:43.344 edge /api/events status=200 upstream=B rt_ms=269 bytes=235
2026-03-14 02:14:43.468 edge /api/events status=500 upstream=B rt_ms=113 bytes=7535
2026-03-14 02:14:43.606 edge /healthz status=200 upstream=B rt_ms=245 bytes=40314
2026-03-14 02:14:45.390 edge / status=200 upstream=B rt_ms=261 bytes=33232
2026-03-14 02:14:49.205 edge /api/events status=200 upstream=B rt_ms=81 bytes=1992
2026-03-14 02:14:53.517 edge /api/orders status=200 upstream=B rt_ms=108 bytes=38332
2026-03-14 02:14:57.154 edge /healthz status=200 upstream=B rt_ms=208 bytes=7273
2026-03-14 02:14:57.801 edge /api/orders status=200 upstream=B rt_ms=49 bytes=33765
2026-03-14 02:15:01.425 edge /api/orders status=200 upstream=B rt_ms=182 bytes=10056
2026-03-14 02:15:04.323 edge / status=200 upstream=B rt_ms=276 bytes=30169
2026-03-14 02:15:05.923 edge /api/orders status=200 upstream=B rt_ms=213 bytes=9655
2026-03-14 02:15:06.286 edge /api/orders status=500 upstream=B rt_ms=5 bytes=25738
2026-03-14 02:15:06.782 edge /static/style.css status=200 upstream=B rt_ms=153 bytes=1024
2026-03-14 02:15:07.342 edge / status=200 upstream=B rt_ms=169 bytes=12256
2026-03-14 02:15:07.853 edge /api/orders status=200 upstream=B rt_ms=95 bytes=40244
2026-03-14 02:15:08.352 edge /healthz status=200 upstream=B rt_ms=242 bytes=14275
2026-03-14 02:15:10.266 edge /healthz status=500 upstream=B rt_ms=346 bytes=37950
2026-03-14 02:15:13.528 edge /api/orders status=200 upstream=B rt_ms=147 bytes=36345
2026-03-14 02:15:17.213 edge /static/style.css status=200 upstream=B rt_ms=295 bytes=31382
2026-03-14 02:15:19.443 edge /healthz status=200 upstream=B rt_ms=138 bytes=19605
2026-03-14 02:15:28.876 edge /api/events status=200 upstream=B rt_ms=258 bytes=11512
2026-03-14 02:15:30.438 edge /healthz status=200 upstream=B rt_ms=242 bytes=38920
2026-03-14 02:15:31.930 edge /healthz status=200 upstream=B rt_ms=171 bytes=3697
2026-03-14 02:15:32.327 edge /healthz status=200 upstream=B rt_ms=173 bytes=10544
2026-03-14 02:15:33.514 edge /healthz status=200 upstream=B rt_ms=171 bytes=16389
2026-03-14 02:15:33.853 edge /api/orders status=500 upstream=B rt_ms=354 bytes=19988
2026-03-14 02:15:36.753 edge /healthz status=200 upstream=B rt_ms=84 bytes=23758
2026-03-14 02:15:37.051 edge /api/orders status=200 upstream=B rt_ms=338 bytes=27206
2026-03-14 02:15:37.155 edge /api/events status=200 upstream=B rt_ms=39 bytes=15937
2026-03-14 02:15:37.939 edge /api/orders status=200 upstream=B rt_ms=152 bytes=4486
2026-03-14 02:15:38.746 edge /static/style.css status=200 upstream=B rt_ms=363 bytes=22751
2026-03-14 02:15:39.735 edge / status=200 upstream=B rt_ms=5 bytes=41676
2026-03-14 02:15:39.774 edge /healthz status=200 upstream=B rt_ms=62 bytes=14240
2026-03-14 02:15:41.609 edge /api/orders status=200 upstream=B rt_ms=100 bytes=6887
2026-03-14 02:15:41.864 edge /static/style.css status=200 upstream=B rt_ms=218 bytes=10192
2026-03-14 02:15:42.208 edge /api/events status=200 upstream=B rt_ms=365 bytes=20480
2026-03-14 02:15:43.710 edge /api/events status=200 upstream=B rt_ms=137 bytes=41665
2026-03-14 02:15:45.953 edge / status=200 upstream=B rt_ms=299 bytes=32375
2026-03-14 02:15:46.238 edge /api/events status=200 upstream=B rt_ms=229 bytes=11269
2026-03-14 02:15:46.805 edge /api/orders status=200 upstream=B rt_ms=368 bytes=2044
2026-03-14 02:15:47.132 edge /api/orders status=200 upstream=B rt_ms=374 bytes=1981
2026-03-14 02:15:48.000 edge /static/style.css status=200 upstream=B rt_ms=127 bytes=5076
2026-03-14 02:15:48.229 edge /api/orders status=200 upstream=B rt_ms=352 bytes=27474
2026-03-14 02:15:49.660 edge /api/events status=500 upstream=B rt_ms=135 bytes=36101
2026-03-14 02:15:49.946 edge / status=200 upstream=B rt_ms=206 bytes=21929
2026-03-14 02:15:50.243 edge /api/events status=200 upstream=B rt_ms=91 bytes=4480
2026-03-14 02:15:50.523 edge /api/orders status=200 upstream=B rt_ms=31 bytes=2933
2026-03-14 02:15:51.791 edge /healthz status=200 upstream=B rt_ms=262 bytes=20060
2026-03-14 02:15:52.180 edge / status=200 upstream=B rt_ms=238 bytes=38940
2026-03-14 02:15:53.133 edge /static/style.css status=404 upstream=B rt_ms=161 bytes=19104
2026-03-14 02:15:53.636 edge /static/style.css status=200 upstream=B rt_ms=243 bytes=18909
2026-03-14 02:15:55.030 edge /api/orders status=200 upstream=B rt_ms=191 bytes=4289
2026-03-14 02:15:55.608 edge / status=200 upstream=B rt_ms=51 bytes=32313
2026-03-14 02:15:56.628 edge / status=200 upstream=B rt_ms=302 bytes=2784
2026-03-14 02:15:57.548 edge /healthz status=200 upstream=B rt_ms=369 bytes=4472
2026-03-14 02:15:57.767 edge /static/style.css status=200 upstream=B rt_ms=31 bytes=30404
2026-03-14 02:15:57.914 edge /api/events status=200 upstream=B rt_ms=167 bytes=15096
2026-03-14 02:15:59.071 edge / status=200 upstream=B rt_ms=48 bytes=36791
2026-03-14 02:16:01.040 edge /healthz status=200 upstream=B rt_ms=37 bytes=3562
2026-03-14 02:16:01.948 edge / status=200 upstream=B rt_ms=317 bytes=2174
2026-03-14 02:16:03.340 edge /api/orders status=200 upstream=B rt_ms=94 bytes=27365
2026-03-14 02:16:03.516 edge / status=200 upstream=B rt_ms=350 bytes=19109
2026-03-14 02:16:04.226 edge /static/style.css status=200 upstream=B rt_ms=155 bytes=5555
2026-03-14 02:16:04.371 edge /api/orders status=200 upstream=B rt_ms=368 bytes=1738
2026-03-14 02:16:07.837 edge / status=200 upstream=B rt_ms=61 bytes=2000
2026-03-14 02:16:08.303 edge /static/style.css status=200 upstream=B rt_ms=300 bytes=12727
2026-03-14 02:16:08.549 edge / status=200 upstream=B rt_ms=168 bytes=39653
2026-03-14 02:16:10.713 edge /api/orders status=200 upstream=B rt_ms=215 bytes=11612
2026-03-14 02:16:11.813 edge / status=200 upstream=B rt_ms=243 bytes=8548
2026-03-14 02:16:11.864 edge /api/events status=200 upstream=B rt_ms=330 bytes=12507
2026-03-14 02:16:13.087 edge /api/events status=500 upstream=B rt_ms=202 bytes=5108
2026-03-14 02:16:13.544 edge /api/orders status=200 upstream=B rt_ms=126 bytes=2727
2026-03-14 02:16:15.390 edge /static/style.css status=200 upstream=B rt_ms=282 bytes=5355
2026-03-14 02:16:15.969 edge /api/orders status=500 upstream=B rt_ms=34 bytes=14539
2026-03-14 02:16:17.343 edge /healthz status=200 upstream=B rt_ms=133 bytes=24061
2026-03-14 02:16:17.468 edge /api/orders status=200 upstream=B rt_ms=388 bytes=33122
2026-03-14 02:16:18.845 edge /static/style.css status=200 upstream=B rt_ms=202 bytes=23016
2026-03-14 02:16:19.597 edge / status=200 upstream=B rt_ms=228 bytes=2637
2026-03-14 02:16:23.528 edge /api/events status=200 upstream=B rt_ms=382 bytes=14365
2026-03-14 02:16:24.579 edge /static/style.css status=200 upstream=B rt_ms=172 bytes=28426
2026-03-14 02:16:25.162 edge /static/style.css status=200 upstream=B rt_ms=203 bytes=791
2026-03-14 02:16:25.767 edge /api/orders status=200 upstream=B rt_ms=271 bytes=1089
2026-03-14 02:16:28.256 edge /api/events status=200 upstream=B rt_ms=44 bytes=37726
2026-03-14 02:16:29.856 edge /api/events status=200 upstream=B rt_ms=399 bytes=33029
2026-03-14 02:16:29.879 edge /healthz status=200 upstream=B rt_ms=305 bytes=31900
2026-03-14 02:16:30.460 edge /healthz status=200 upstream=B rt_ms=5 bytes=3739
2026-03-14 02:16:30.945 edge /api/orders status=200 upstream=B rt_ms=352 bytes=4957
2026-03-14 02:16:31.031 edge /static/style.css status=200 upstream=B rt_ms=269 bytes=22613
2026-03-14 02:16:31.304 edge /static/style.css status=200 upstream=B rt_ms=113 bytes=32580
2026-03-14 02:16:31.727 edge /api/events status=200 upstream=B rt_ms=368 bytes=11737
2026-03-14 02:16:34.082 edge /healthz status=200 upstream=B rt_ms=298 bytes=23607
2026-03-14 02:16:34.325 edge /healthz status=200 upstream=B rt_ms=347 bytes=15041
2026-03-14 02:16:37.813 edge /healthz status=200 upstream=B rt_ms=214 bytes=8451
2026-03-14 02:16:40.051 edge /api/events status=200 upstream=B rt_ms=155 bytes=8713
2026-03-14 02:16:41.849 edge / status=200 upstream=B rt_ms=22 bytes=39087
2026-03-14 02:16:46.159 edge /healthz status=200 upstream=B rt_ms=344 bytes=32423
2026-03-14 02:16:46.865 edge / status=200 upstream=B rt_ms=364 bytes=26235
2026-03-14 02:16:48.292 edge /api/orders status=200 upstream=B rt_ms=359 bytes=25429
2026-03-14 02:16:49.249 edge / status=500 upstream=B rt_ms=282 bytes=7626
2026-03-14 02:16:51.740 edge / status=200 upstream=B rt_ms=144 bytes=27383
2026-03-14 02:16:53.537 edge /healthz status=200 upstream=B rt_ms=64 bytes=16207
2026-03-14 02:16:53.878 edge /api/events status=200 upstream=B rt_ms=54 bytes=21793
2026-03-14 02:16:54.093 edge /static/style.css status=200 upstream=B rt_ms=178 bytes=8556
2026-03-14 02:16:54.835 edge /api/orders status=200 upstream=B rt_ms=65 bytes=39082
2026-03-14 02:16:56.498 edge / status=200 upstream=B rt_ms=355 bytes=31263
2026-03-14 02:16:57.368 edge /api/orders status=200 upstream=B rt_ms=224 bytes=2123
2026-03-14 02:16:58.925 edge /api/events status=200 upstream=B rt_ms=312 bytes=16632
2026-03-14 02:17:00.647 edge /static/style.css status=200 upstream=B rt_ms=258 bytes=24752
2026-03-14 02:17:02.143 edge /api/events status=200 upstream=B rt_ms=84 bytes=40182
2026-03-14 02:17:02.709 edge / status=200 upstream=B rt_ms=311 bytes=10217
2026-03-14 02:17:03.095 edge /healthz status=200 upstream=B rt_ms=67 bytes=22544
2026-03-14 02:17:04.597 edge /api/events status=200 upstream=B rt_ms=281 bytes=39627
2026-03-14 02:17:05.672 edge / status=200 upstream=B rt_ms=100 bytes=38689
2026-03-14 02:17:09.884 edge / status=200 upstream=B rt_ms=291 bytes=28441
2026-03-14 02:17:11.008 edge /static/style.css status=200 upstream=B rt_ms=274 bytes=31026
2026-03-14 02:17:11.159 edge /static/style.css status=200 upstream=B rt_ms=94 bytes=2751
2026-03-14 02:17:13.389 edge /api/events status=500 upstream=B rt_ms=363 bytes=12662
2026-03-14 02:17:15.419 edge /static/style.css status=200 upstream=B rt_ms=349 bytes=8689
2026-03-14 02:17:15.859 edge /healthz status=500 upstream=B rt_ms=392 bytes=13579
2026-03-14 02:17:16.645 edge /api/orders status=200 upstream=B rt_ms=279 bytes=38877
2026-03-14 02:17:16.711 edge /api/orders status=200 upstream=B rt_ms=85 bytes=21418
2026-03-14 02:17:17.746 edge /static/style.css status=200 upstream=B rt_ms=320 bytes=37766
2026-03-14 02:17:20.514 edge / status=200 upstream=B rt_ms=394 bytes=40410
2026-03-14 02:17:21.442 edge /static/style.css status=200 upstream=B rt_ms=293 bytes=33074
2026-03-14 02:17:24.186 edge /static/style.css status=404 upstream=B rt_ms=373 bytes=17742
2026-03-14 02:17:24.971 edge /healthz status=200 upstream=B rt_ms=22 bytes=6009
2026-03-14 02:17:25.084 edge /healthz status=200 upstream=B rt_ms=323 bytes=38610
2026-03-14 02:17:27.750 edge /api/orders status=200 upstream=B rt_ms=153 bytes=30761
2026-03-14 02:17:27.977 edge /healthz status=404 upstream=B rt_ms=209 bytes=359
2026-03-14 02:17:28.926 edge / status=200 upstream=B rt_ms=108 bytes=39067
2026-03-14 02:17:29.250 edge /api/orders status=200 upstream=B rt_ms=250 bytes=10986
2026-03-14 02:17:29.728 edge /api/orders status=200 upstream=B rt_ms=108 bytes=38413
2026-03-14 02:17:32.938 edge /static/style.css status=200 upstream=B rt_ms=326 bytes=31576
2026-03-14 02:17:33.359 edge /api/orders status=200 upstream=B rt_ms=106 bytes=18577
2026-03-14 02:17:33.835 edge /api/events status=200 upstream=B rt_ms=213 bytes=23031
2026-03-14 02:17:34.067 edge / status=200 upstream=B rt_ms=206 bytes=33660
2026-03-14 02:17:34.674 edge /api/events status=200 upstream=B rt_ms=38 bytes=7194
2026-03-14 02:17:34.853 edge / status=200 upstream=B rt_ms=69 bytes=24282
2026-03-14 02:17:36.463 edge /api/orders status=200 upstream=B rt_ms=155 bytes=16755
2026-03-14 02:17:36.629 edge /api/events status=404 upstream=B rt_ms=29 bytes=39716
2026-03-14 02:17:36.788 edge / status=200 upstream=B rt_ms=63 bytes=4401
2026-03-14 02:17:37.020 edge /api/orders status=200 upstream=B rt_ms=198 bytes=13420
2026-03-14 02:17:38.803 edge /healthz status=200 upstream=B rt_ms=36 bytes=4053
2026-03-14 02:17:41.404 edge /healthz status=200 upstream=B rt_ms=121 bytes=26398
2026-03-14 02:17:41.874 edge /api/events status=200 upstream=B rt_ms=63 bytes=27686
2026-03-14 02:17:43.028 edge /static/style.css status=200 upstream=B rt_ms=319 bytes=7890
2026-03-14 02:17:45.858 edge / status=200 upstream=B rt_ms=31 bytes=12077
2026-03-14 02:17:46.328 edge / status=200 upstream=B rt_ms=238 bytes=27286
2026-03-14 02:17:47.104 edge / status=200 upstream=B rt_ms=3 bytes=36633
2026-03-14 02:17:47.272 edge /api/events status=200 upstream=B rt_ms=209 bytes=15636
2026-03-14 02:17:47.388 edge /healthz status=200 upstream=B rt_ms=134 bytes=5100
2026-03-14 02:17:48.363 edge /static/style.css status=200 upstream=B rt_ms=288 bytes=20127
2026-03-14 02:17:49.487 edge /api/events status=200 upstream=B rt_ms=286 bytes=40087
2026-03-14 02:17:49.616 edge /api/orders status=200 upstream=B rt_ms=327 bytes=4268
2026-03-14 02:17:49.823 edge / status=200 upstream=B rt_ms=290 bytes=5120
2026-03-14 02:17:50.459 edge /api/orders status=200 upstream=B rt_ms=231 bytes=30798
2026-03-14 02:17:50.739 edge /static/style.css status=200 upstream=B rt_ms=296 bytes=9172
2026-03-14 02:17:52.827 edge /healthz status=200 upstream=B rt_ms=54 bytes=14553
2026-03-14 02:17:55.274 edge /healthz status=200 upstream=B rt_ms=366 bytes=9653
2026-03-14 02:17:56.147 edge /static/style.css status=200 upstream=B rt_ms=366 bytes=37630
2026-03-14 02:17:56.400 edge /api/events status=200 upstream=B rt_ms=308 bytes=10585
2026-03-14 02:17:56.972 edge / status=200 upstream=B rt_ms=205 bytes=10059
2026-03-14 02:17:57.297 edge /api/orders status=404 upstream=B rt_ms=16 bytes=30928
2026-03-14 02:17:58.396 edge /api/orders status=200 upstream=B rt_ms=250 bytes=31008
2026-03-14 02:18:00.882 edge /api/events status=200 upstream=B rt_ms=225 bytes=34345
2026-03-14 02:18:02.328 edge /api/events status=200 upstream=B rt_ms=279 bytes=35085
2026-03-14 02:18:02.525 edge / status=200 upstream=B rt_ms=353 bytes=11659
2026-03-14 02:18:02.895 edge /api/events status=200 upstream=B rt_ms=269 bytes=7896
2026-03-14 02:18:04.420 edge / status=200 upstream=B rt_ms=195 bytes=20439
2026-03-14 02:18:06.061 edge /static/style.css status=200 upstream=B rt_ms=15 bytes=23453
2026-03-14 02:18:06.214 edge /api/events status=200 upstream=B rt_ms=213 bytes=25250
2026-03-14 02:18:07.752 edge /api/events status=200 upstream=B rt_ms=197 bytes=27142
2026-03-14 02:18:09.691 edge /healthz status=200 upstream=B rt_ms=287 bytes=2914
2026-03-14 02:18:10.303 edge /api/events status=200 upstream=B rt_ms=305 bytes=40630
2026-03-14 02:18:12.248 edge /healthz status=200 upstream=B rt_ms=20 bytes=30720
2026-03-14 02:18:12.529 edge /static/style.css status=200 upstream=B rt_ms=168 bytes=6082
2026-03-14 02:18:14.628 edge /api/events status=200 upstream=B rt_ms=329 bytes=41185
2026-03-14 02:18:16.605 edge / status=200 upstream=B rt_ms=313 bytes=25535
2026-03-14 02:18:16.636 edge /api/events status=404 upstream=B rt_ms=164 bytes=11604
2026-03-14 02:18:17.927 edge / status=200 upstream=B rt_ms=250 bytes=21963
2026-03-14 02:18:18.616 edge /static/style.css status=200 upstream=B rt_ms=139 bytes=37210
2026-03-14 02:18:18.878 edge /healthz status=200 upstream=B rt_ms=3 bytes=33019
2026-03-14 02:18:20.740 edge /api/events status=200 upstream=B rt_ms=298 bytes=11485
2026-03-14 02:18:21.780 edge /api/orders status=200 upstream=B rt_ms=20 bytes=672
2026-03-14 02:18:21.833 edge /api/orders status=200 upstream=B rt_ms=156 bytes=33266
2026-03-14 02:18:22.644 edge /healthz status=200 upstream=B rt_ms=120 bytes=37151
2026-03-14 02:18:23.007 edge /api/events status=200 upstream=B rt_ms=250 bytes=22702
2026-03-14 02:18:24.278 edge /api/orders status=200 upstream=B rt_ms=304 bytes=8944
2026-03-14 02:18:26.469 edge /api/events status=200 upstream=B rt_ms=304 bytes=16596
2026-03-14 02:18:29.904 edge /api/orders status=404 upstream=B rt_ms=340 bytes=9426
2026-03-14 02:18:31.711 edge / status=200 upstream=B rt_ms=251 bytes=39237
2026-03-14 02:18:31.947 edge /api/orders status=200 upstream=B rt_ms=54 bytes=33830
2026-03-14 02:18:33.146 edge /static/style.css status=200 upstream=B rt_ms=206 bytes=34676
2026-03-14 02:18:33.198 edge /healthz status=200 upstream=B rt_ms=95 bytes=5561
2026-03-14 02:18:33.867 edge /healthz status=200 upstream=B rt_ms=204 bytes=12996
2026-03-14 02:18:34.111 edge /healthz status=200 upstream=B rt_ms=300 bytes=32772
2026-03-14 02:18:34.712 edge / status=200 upstream=B rt_ms=353 bytes=14666
2026-03-14 02:18:39.507 edge /healthz status=200 upstream=B rt_ms=267 bytes=25767
2026-03-14 02:18:39.660 edge /api/orders status=200 upstream=B rt_ms=67 bytes=8046
2026-03-14 02:18:40.700 edge /healthz status=200 upstream=B rt_ms=312 bytes=19015
2026-03-14 02:18:42.264 edge /api/orders status=200 upstream=B rt_ms=315 bytes=41913
2026-03-14 02:18:43.413 edge /api/events status=500 upstream=B rt_ms=118 bytes=38578
2026-03-14 02:18:45.961 edge /api/events status=200 upstream=B rt_ms=278 bytes=28267
2026-03-14 02:18:46.387 edge / status=200 upstream=B rt_ms=174 bytes=3246
2026-03-14 02:18:46.447 edge /static/style.css status=200 upstream=B rt_ms=112 bytes=23005
2026-03-14 02:18:46.809 edge /static/style.css status=200 upstream=B rt_ms=206 bytes=40696
2026-03-14 02:18:47.305 edge /api/orders status=200 upstream=B rt_ms=131 bytes=17446
2026-03-14 02:18:48.732 edge /api/events status=200 upstream=B rt_ms=271 bytes=19189
2026-03-14 02:18:51.545 edge /api/orders status=200 upstream=B rt_ms=207 bytes=24226
2026-03-14 02:18:52.740 edge /api/events status=200 upstream=B rt_ms=116 bytes=9197
2026-03-14 02:18:53.287 edge /api/orders status=200 upstream=B rt_ms=336 bytes=11345
2026-03-14 02:18:53.421 edge /static/style.css status=200 upstream=B rt_ms=154 bytes=28158
2026-03-14 02:18:55.634 edge /static/style.css status=200 upstream=B rt_ms=113 bytes=13081
2026-03-14 02:18:55.817 edge /static/style.css status=200 upstream=B rt_ms=330 bytes=29591
2026-03-14 02:18:56.661 edge /api/events status=200 upstream=B rt_ms=216 bytes=14925
2026-03-14 02:18:57.450 edge /api/orders status=200 upstream=B rt_ms=102 bytes=38770
2026-03-14 02:18:58.943 edge /api/orders status=200 upstream=B rt_ms=3 bytes=39842
2026-03-14 02:18:59.949 edge /static/style.css status=200 upstream=B rt_ms=158 bytes=37623
2026-03-14 02:19:00.422 edge /healthz status=200 upstream=B rt_ms=198 bytes=2280
2026-03-14 02:19:00.855 edge / status=200 upstream=B rt_ms=90 bytes=18835
2026-03-14 02:19:01.972 edge / status=404 upstream=B rt_ms=94 bytes=12731
2026-03-14 02:19:02.337 edge /api/events status=200 upstream=B rt_ms=161 bytes=6585
2026-03-14 02:19:02.829 edge /healthz status=200 upstream=B rt_ms=56 bytes=24069
2026-03-14 02:19:03.307 edge /api/events status=200 upstream=B rt_ms=110 bytes=38061
2026-03-14 02:19:03.970 edge /healthz status=200 upstream=B rt_ms=213 bytes=41743
2026-03-14 02:19:05.758 edge /healthz status=404 upstream=B rt_ms=117 bytes=3729
2026-03-14 02:19:06.778 edge /api/orders status=200 upstream=B rt_ms=73 bytes=10190
2026-03-14 02:19:08.149 edge /api/orders status=200 upstream=B rt_ms=15 bytes=5119
2026-03-14 02:19:08.557 edge /api/events status=200 upstream=B rt_ms=301 bytes=26247
2026-03-14 02:19:10.493 edge /api/events status=200 upstream=B rt_ms=10 bytes=21284
2026-03-14 02:19:11.167 edge /api/orders status=500 upstream=B rt_ms=349 bytes=13220
2026-03-14 02:19:11.747 edge /healthz status=200 upstream=B rt_ms=210 bytes=32802
2026-03-14 02:19:12.560 edge / status=200 upstream=B rt_ms=87 bytes=16229
2026-03-14 02:19:12.696 edge /static/style.css status=200 upstream=B rt_ms=376 bytes=10770
2026-03-14 02:19:13.993 edge /api/orders status=200 upstream=B rt_ms=264 bytes=40070
2026-03-14 02:19:14.033 edge / status=200 upstream=B rt_ms=91 bytes=34245
2026-03-14 02:19:17.276 edge /api/orders status=200 upstream=B rt_ms=344 bytes=31089
2026-03-14 02:19:17.929 edge /api/orders status=200 upstream=B rt_ms=189 bytes=13750
2026-03-14 02:19:20.500 edge /static/style.css status=200 upstream=B rt_ms=191 bytes=14169
2026-03-14 02:19:21.933 edge / status=200 upstream=B rt_ms=163 bytes=17331
2026-03-14 02:19:24.420 edge /healthz status=200 upstream=B rt_ms=368 bytes=33222
2026-03-14 02:19:25.417 edge /static/style.css status=200 upstream=B rt_ms=45 bytes=22806
2026-03-14 02:19:26.602 edge /api/events status=200 upstream=B rt_ms=111 bytes=31903
2026-03-14 02:19:27.161 edge /healthz status=200 upstream=B rt_ms=363 bytes=16553
2026-03-14 02:19:28.057 edge / status=500 upstream=B rt_ms=399 bytes=3568
2026-03-14 02:19:29.381 edge /api/events status=200 upstream=B rt_ms=159 bytes=36458
2026-03-14 02:19:29.780 edge / status=200 upstream=B rt_ms=270 bytes=20910
2026-03-14 02:19:36.209 edge /static/style.css status=200 upstream=B rt_ms=63 bytes=30627
2026-03-14 02:19:36.590 edge /healthz status=200 upstream=B rt_ms=199 bytes=21313
2026-03-14 02:19:37.005 edge /api/events status=500 upstream=B rt_ms=284 bytes=12401
2026-03-14 02:19:38.367 edge / status=200 upstream=B rt_ms=163 bytes=1035
2026-03-14 02:19:38.711 edge /static/style.css status=200 upstream=B rt_ms=102 bytes=20787
2026-03-14 02:19:39.530 edge /static/style.css status=200 upstream=B rt_ms=6 bytes=27455
2026-03-14 02:19:40.460 edge /api/events status=200 upstream=B rt_ms=246 bytes=14258
2026-03-14 02:19:40.981 edge / status=500 upstream=B rt_ms=101 bytes=14637
2026-03-14 02:19:41.378 edge /healthz status=200 upstream=B rt_ms=258 bytes=39422
2026-03-14 02:19:41.382 edge /api/orders status=200 upstream=B rt_ms=305 bytes=30751
2026-03-14 02:19:41.519 edge /api/events status=200 upstream=B rt_ms=14 bytes=14816
2026-03-14 02:19:41.801 edge /healthz status=200 upstream=B rt_ms=109 bytes=15715
2026-03-14 02:19:42.416 edge / status=200 upstream=B rt_ms=146 bytes=25030
2026-03-14 02:19:42.576 edge /static/style.css status=200 upstream=B rt_ms=296 bytes=18161
2026-03-14 02:19:43.168 edge /static/style.css status=200 upstream=B rt_ms=47 bytes=10094
2026-03-14 02:19:43.790 edge /static/style.css status=200 upstream=B rt_ms=176 bytes=38025
2026-03-14 02:19:45.195 edge /static/style.css status=200 upstream=B rt_ms=255 bytes=29720
2026-03-14 02:19:46.389 edge /api/events status=200 upstream=B rt_ms=48 bytes=3773
2026-03-14 02:19:46.425 edge /api/orders status=200 upstream=B rt_ms=82 bytes=14597
2026-03-14 02:19:47.175 edge /healthz status=200 upstream=B rt_ms=305 bytes=40011
2026-03-14 02:19:51.918 edge / status=500 upstream=B rt_ms=129 bytes=1274
2026-03-14 02:19:52.100 edge /healthz status=200 upstream=B rt_ms=107 bytes=41929
2026-03-14 02:19:52.351 edge /api/events status=200 upstream=B rt_ms=262 bytes=25156
2026-03-14 02:19:53.592 edge /healthz status=200 upstream=B rt_ms=301 bytes=7199
2026-03-14 02:19:54.849 edge /api/orders status=404 upstream=B rt_ms=219 bytes=35780
2026-03-14 02:19:58.152 edge / status=200 upstream=B rt_ms=288 bytes=40560
2026-03-14 02:19:59.552 edge /healthz status=200 upstream=B rt_ms=147 bytes=8744
2026-03-14 02:20:00.440 edge /healthz status=500 upstream=B rt_ms=199 bytes=25424
2026-03-14 02:20:00.762 edge / status=200 upstream=B rt_ms=16 bytes=28442
2026-03-14 02:20:00.841 edge / status=404 upstream=B rt_ms=26 bytes=31421
2026-03-14 02:20:01.048 edge / status=200 upstream=B rt_ms=207 bytes=15493
2026-03-14 02:20:03.164 edge /healthz status=200 upstream=B rt_ms=26 bytes=23754
2026-03-14 02:20:03.322 edge /static/style.css status=200 upstream=B rt_ms=191 bytes=15772
2026-03-14 02:20:04.208 edge /api/events status=200 upstream=B rt_ms=359 bytes=14889
2026-03-14 02:20:04.443 edge /api/events status=200 upstream=B rt_ms=9 bytes=6239
2026-03-14 02:20:04.539 edge /api/orders status=200 upstream=B rt_ms=125 bytes=1959
2026-03-14 02:20:05.090 edge /api/orders status=200 upstream=B rt_ms=172 bytes=3659
2026-03-14 02:20:05.158 edge /static/style.css status=200 upstream=B rt_ms=325 bytes=31093
2026-03-14 02:20:05.573 edge /healthz status=200 upstream=B rt_ms=16 bytes=31008
2026-03-14 02:20:06.667 edge / status=200 upstream=B rt_ms=308 bytes=28476
2026-03-14 02:20:08.730 edge /api/events status=200 upstream=B rt_ms=23 bytes=18737
2026-03-14 02:20:08.954 edge /api/orders status=200 upstream=B rt_ms=299 bytes=11798
2026-03-14 02:20:09.183 edge /api/events status=200 upstream=B rt_ms=84 bytes=30406
2026-03-14 02:20:09.518 edge /static/style.css status=200 upstream=B rt_ms=28 bytes=26854
2026-03-14 02:20:11.356 edge / status=200 upstream=B rt_ms=101 bytes=4598
2026-03-14 02:20:12.119 edge /static/style.css status=200 upstream=B rt_ms=79 bytes=7785
2026-03-14 02:20:13.060 edge /healthz status=200 upstream=B rt_ms=19 bytes=18691
2026-03-14 02:20:14.233 edge /api/orders status=200 upstream=B rt_ms=290 bytes=5885
2026-03-14 02:20:18.731 edge /static/style.css status=200 upstream=B rt_ms=281 bytes=36347
2026-03-14 02:20:19.674 edge /healthz status=200 upstream=B rt_ms=256 bytes=23591
2026-03-14 02:20:21.096 edge /api/events status=200 upstream=B rt_ms=376 bytes=38337
2026-03-14 02:20:21.931 edge /api/events status=200 upstream=B rt_ms=195 bytes=6508
2026-03-14 02:20:24.992 edge /api/orders status=200 upstream=B rt_ms=357 bytes=1416
2026-03-14 02:20:25.648 edge /healthz status=200 upstream=B rt_ms=399 bytes=41929
2026-03-14 02:20:28.017 edge /healthz status=200 upstream=B rt_ms=125 bytes=15785
2026-03-14 02:20:28.513 edge /healthz status=200 upstream=B rt_ms=103 bytes=30605
2026-03-14 02:20:28.541 edge /healthz status=200 upstream=B rt_ms=379 bytes=18053
2026-03-14 02:20:29.285 edge /static/style.css status=200 upstream=B rt_ms=341 bytes=3252
2026-03-14 02:20:29.929 edge /healthz status=200 upstream=B rt_ms=293 bytes=22498
2026-03-14 02:20:30.974 edge / status=200 upstream=B rt_ms=35 bytes=36361
2026-03-14 02:20:31.426 edge /healthz status=200 upstream=B rt_ms=203 bytes=28153
2026-03-14 02:20:32.064 edge /healthz status=200 upstream=B rt_ms=159 bytes=1445
2026-03-14 02:20:32.119 edge /healthz status=200 upstream=B rt_ms=35 bytes=13613
2026-03-14 02:20:33.399 edge /healthz status=200 upstream=B rt_ms=350 bytes=23199
2026-03-14 02:20:33.451 edge /api/events status=200 upstream=B rt_ms=273 bytes=12823
2026-03-14 02:20:34.320 edge / status=200 upstream=B rt_ms=298 bytes=9490
2026-03-14 02:20:34.599 edge /api/events status=200 upstream=B rt_ms=151 bytes=39669
2026-03-14 02:20:36.917 edge /api/orders status=200 upstream=B rt_ms=306 bytes=7479
2026-03-14 02:20:37.918 edge /api/events status=200 upstream=B rt_ms=370 bytes=13536
2026-03-14 02:20:39.860 edge / status=200 upstream=B rt_ms=142 bytes=3791
2026-03-14 02:20:41.139 edge /api/orders status=200 upstream=B rt_ms=216 bytes=25448
2026-03-14 02:20:41.359 edge / status=200 upstream=B rt_ms=27 bytes=21902
2026-03-14 02:20:42.375 edge / status=200 upstream=B rt_ms=290 bytes=2839
2026-03-14 02:20:42.821 edge /healthz status=200 upstream=B rt_ms=156 bytes=29413
2026-03-14 02:20:46.300 edge /api/events status=200 upstream=B rt_ms=166 bytes=6953
2026-03-14 02:20:46.526 edge /api/events status=200 upstream=B rt_ms=149 bytes=36696
2026-03-14 02:20:46.674 edge /api/events status=200 upstream=B rt_ms=153 bytes=37065
2026-03-14 02:20:47.705 edge /healthz status=200 upstream=B rt_ms=121 bytes=15295
2026-03-14 02:20:49.593 edge / status=200 upstream=B rt_ms=273 bytes=19146
2026-03-14 02:20:49.849 edge /api/orders status=200 upstream=B rt_ms=114 bytes=31893
2026-03-14 02:20:52.669 edge /api/orders status=500 upstream=B rt_ms=36 bytes=23808
2026-03-14 02:20:53.348 edge / status=200 upstream=B rt_ms=361 bytes=16312
2026-03-14 02:20:53.733 edge /healthz status=200 upstream=B rt_ms=372 bytes=9296
2026-03-14 02:20:54.747 edge /static/style.css status=200 upstream=B rt_ms=305 bytes=35852
2026-03-14 02:20:55.105 edge /static/style.css status=200 upstream=B rt_ms=300 bytes=38169
2026-03-14 02:20:56.854 edge /api/orders status=200 upstream=B rt_ms=283 bytes=3812
2026-03-14 02:20:59.954 edge /api/orders status=200 upstream=B rt_ms=305 bytes=30975
2026-03-14 02:21:01.404 edge / status=500 upstream=B rt_ms=101 bytes=35898
2026-03-14 02:21:01.864 edge /static/style.css status=200 upstream=B rt_ms=95 bytes=28787
2026-03-14 02:21:05.849 edge /static/style.css status=200 upstream=B rt_ms=378 bytes=4082
2026-03-14 02:21:06.136 edge / status=200 upstream=B rt_ms=315 bytes=36017
2026-03-14 02:21:07.260 edge / status=200 upstream=B rt_ms=368 bytes=31368
2026-03-14 02:21:07.741 edge / status=200 upstream=B rt_ms=181 bytes=3381
2026-03-14 02:21:09.142 edge /healthz status=200 upstream=B rt_ms=332 bytes=33468
2026-03-14 02:21:09.933 edge /api/orders status=200 upstream=B rt_ms=17 bytes=2784
2026-03-14 02:21:13.503 edge /api/events status=500 upstream=B rt_ms=56 bytes=24712
2026-03-14 02:21:15.771 edge /api/orders status=200 upstream=B rt_ms=9 bytes=31942
2026-03-14 02:21:15.841 edge /api/events status=200 upstream=B rt_ms=139 bytes=14131
2026-03-14 02:21:17.387 edge /healthz status=200 upstream=B rt_ms=295 bytes=23417
2026-03-14 02:21:20.169 edge /api/events status=200 upstream=B rt_ms=286 bytes=37867
2026-03-14 02:21:21.110 edge / status=200 upstream=B rt_ms=363 bytes=31993
2026-03-14 02:21:21.645 edge /api/events status=200 upstream=B rt_ms=170 bytes=4048
2026-03-14 02:21:25.327 edge / status=200 upstream=B rt_ms=358 bytes=40141
2026-03-14 02:21:26.729 edge /static/style.css status=200 upstream=B rt_ms=220 bytes=8846
2026-03-14 02:21:29.103 edge /api/events status=404 upstream=B rt_ms=189 bytes=21751
2026-03-14 02:21:32.314 edge /healthz status=200 upstream=B rt_ms=213 bytes=16987
2026-03-14 02:21:32.748 edge /healthz status=200 upstream=B rt_ms=88 bytes=35557
2026-03-14 02:21:33.017 edge /healthz status=200 upstream=B rt_ms=321 bytes=16926
2026-03-14 02:21:33.723 edge / status=200 upstream=B rt_ms=329 bytes=34011
2026-03-14 02:21:34.831 edge /static/style.css status=500 upstream=B rt_ms=90 bytes=7080
2026-03-14 02:21:36.147 edge /api/orders status=200 upstream=B rt_ms=89 bytes=21500
2026-03-14 02:21:36.489 edge / status=200 upstream=B rt_ms=244 bytes=11583
2026-03-14 02:21:39.360 edge /api/orders status=200 upstream=B rt_ms=385 bytes=39068
2026-03-14 02:21:39.418 edge /static/style.css status=200 upstream=B rt_ms=391 bytes=5095
2026-03-14 02:21:39.455 edge / status=200 upstream=B rt_ms=61 bytes=922
2026-03-14 02:21:42.294 edge /static/style.css status=200 upstream=B rt_ms=272 bytes=13903
2026-03-14 02:21:43.985 edge /api/orders status=200 upstream=B rt_ms=139 bytes=1840
2026-03-14 02:21:44.179 edge /static/style.css status=200 upstream=B rt_ms=385 bytes=27590
2026-03-14 02:21:44.262 edge /api/orders status=200 upstream=B rt_ms=314 bytes=39115
2026-03-14 02:21:44.426 edge / status=200 upstream=B rt_ms=328 bytes=34280
2026-03-14 02:21:46.645 edge / status=200 upstream=B rt_ms=211 bytes=35589
2026-03-14 02:21:49.795 edge /static/style.css status=200 upstream=B rt_ms=375 bytes=18429
2026-03-14 02:21:50.416 edge / status=200 upstream=B rt_ms=6 bytes=16413
2026-03-14 02:21:50.731 edge /healthz status=200 upstream=B rt_ms=160 bytes=6883
2026-03-14 02:21:53.505 edge /healthz status=500 upstream=B rt_ms=139 bytes=40392
2026-03-14 02:21:56.262 edge /static/style.css status=200 upstream=B rt_ms=190 bytes=30549
2026-03-14 02:21:56.520 edge /healthz status=200 upstream=B rt_ms=187 bytes=37698
2026-03-14 02:21:58.089 edge /static/style.css status=200 upstream=B rt_ms=151 bytes=11464
2026-03-14 02:21:58.374 edge /api/events status=200 upstream=B rt_ms=340 bytes=27556
2026-03-14 02:21:59.244 edge /static/style.css status=200 upstream=B rt_ms=323 bytes=26533
2026-03-14 02:21:59.693 edge / status=200 upstream=B rt_ms=379 bytes=21755
2026-03-14 02:22:00.676 edge /static/style.css status=200 upstream=B rt_ms=70 bytes=39244
2026-03-14 02:22:00.752 edge /api/events status=200 upstream=B rt_ms=42 bytes=13993
2026-03-14 02:22:05.523 edge / status=200 upstream=B rt_ms=352 bytes=24468
2026-03-14 02:22:06.344 edge /healthz status=404 upstream=B rt_ms=239 bytes=25340
2026-03-14 02:22:06.564 edge /api/events status=200 upstream=B rt_ms=48 bytes=35968
2026-03-14 02:22:10.488 edge /static/style.css status=200 upstream=B rt_ms=38 bytes=30016
2026-03-14 02:22:10.805 edge /healthz status=200 upstream=B rt_ms=336 bytes=6296
2026-03-14 02:22:12.041 edge / status=200 upstream=B rt_ms=120 bytes=32988
2026-03-14 02:22:13.974 edge / status=200 upstream=B rt_ms=28 bytes=35908
2026-03-14 02:22:15.936 edge /static/style.css status=200 upstream=B rt_ms=266 bytes=17862
2026-03-14 02:22:15.980 edge / status=200 upstream=B rt_ms=154 bytes=32509
2026-03-14 02:22:16.336 edge /healthz status=200 upstream=B rt_ms=26 bytes=11314
2026-03-14 02:22:16.798 edge / status=200 upstream=B rt_ms=264 bytes=36077
2026-03-14 02:22:17.746 edge / status=200 upstream=B rt_ms=343 bytes=39480
2026-03-14 02:22:19.193 edge /api/events status=200 upstream=B rt_ms=332 bytes=19139
2026-03-14 02:22:22.036 edge /api/orders status=200 upstream=B rt_ms=201 bytes=12916
2026-03-14 02:22:22.678 edge /api/orders status=200 upstream=B rt_ms=270 bytes=24632
2026-03-14 02:22:23.552 edge /static/style.css status=200 upstream=B rt_ms=8 bytes=24922
2026-03-14 02:22:23.731 edge /static/style.css status=200 upstream=B rt_ms=125 bytes=22667
2026-03-14 02:22:27.266 edge /healthz status=200 upstream=B rt_ms=230 bytes=14988
2026-03-14 02:22:30.450 edge /api/orders status=200 upstream=B rt_ms=391 bytes=3665
2026-03-14 02:22:30.648 edge /api/orders status=200 upstream=B rt_ms=238 bytes=24167
2026-03-14 02:22:31.386 edge / status=200 upstream=B rt_ms=75 bytes=29689
2026-03-14 02:22:31.847 edge /api/orders status=200 upstream=B rt_ms=64 bytes=9188
2026-03-14 02:22:31.913 edge / status=200 upstream=B rt_ms=5 bytes=31520
2026-03-14 02:22:33.158 edge / status=404 upstream=B rt_ms=44 bytes=29600
2026-03-14 02:22:33.268 edge / status=200 upstream=B rt_ms=350 bytes=37532
2026-03-14 02:22:33.529 edge /healthz status=200 upstream=B rt_ms=396 bytes=17633
2026-03-14 02:22:35.057 edge /static/style.css status=200 upstream=B rt_ms=80 bytes=25152
2026-03-14 02:22:35.819 edge /static/style.css status=404 upstream=B rt_ms=323 bytes=26052
2026-03-14 02:22:37.218 edge /api/events status=200 upstream=B rt_ms=128 bytes=15573
2026-03-14 02:22:42.750 edge /api/orders status=200 upstream=B rt_ms=8 bytes=38514
2026-03-14 02:22:45.842 edge /healthz status=200 upstream=B rt_ms=43 bytes=10427
2026-03-14 02:22:49.446 edge /static/style.css status=200 upstream=B rt_ms=198 bytes=37041
2026-03-14 02:22:49.878 edge / status=200 upstream=B rt_ms=269 bytes=39783
2026-03-14 02:22:51.431 edge /healthz status=200 upstream=B rt_ms=186 bytes=40349
2026-03-14 02:22:51.768 edge / status=200 upstream=B rt_ms=158 bytes=32736
2026-03-14 02:22:52.159 edge /api/orders status=200 upstream=B rt_ms=111 bytes=2059
2026-03-14 02:22:53.032 edge /static/style.css status=200 upstream=B rt_ms=380 bytes=14663
2026-03-14 02:22:53.684 edge /static/style.css status=200 upstream=B rt_ms=255 bytes=4396
2026-03-14 02:22:54.394 edge /healthz status=200 upstream=B rt_ms=355 bytes=25823
2026-03-14 02:22:54.520 edge /static/style.css status=500 upstream=B rt_ms=78 bytes=636
2026-03-14 02:22:55.567 edge / status=200 upstream=B rt_ms=87 bytes=18936
2026-03-14 02:22:57.007 edge /api/events status=404 upstream=B rt_ms=142 bytes=8170
2026-03-14 02:22:58.287 edge /healthz status=200 upstream=B rt_ms=354 bytes=9254
2026-03-14 02:22:58.570 edge /static/style.css status=200 upstream=B rt_ms=238 bytes=19278
2026-03-14 02:22:58.614 edge /api/events status=200 upstream=B rt_ms=159 bytes=26053
2026-03-14 02:23:00.452 edge /api/orders status=404 upstream=B rt_ms=3 bytes=21677
2026-03-14 02:23:03.530 edge /static/style.css status=200 upstream=B rt_ms=336 bytes=16969
2026-03-14 02:23:03.796 edge /static/style.css status=200 upstream=B rt_ms=136 bytes=6712
2026-03-14 02:23:04.015 edge / status=500 upstream=B rt_ms=229 bytes=15830
2026-03-14 02:23:06.040 edge / status=200 upstream=B rt_ms=82 bytes=7101
2026-03-14 02:23:08.004 edge /healthz status=200 upstream=B rt_ms=322 bytes=21002
2026-03-14 02:23:09.667 edge /api/events status=200 upstream=B rt_ms=83 bytes=25506
2026-03-14 02:23:10.100 edge /healthz status=200 upstream=B rt_ms=131 bytes=19416
2026-03-14 02:23:10.376 edge /api/events status=200 upstream=B rt_ms=203 bytes=38100
2026-03-14 02:23:11.201 edge /healthz status=200 upstream=B rt_ms=267 bytes=21306
2026-03-14 02:23:11.223 edge /static/style.css status=200 upstream=B rt_ms=101 bytes=16958
2026-03-14 02:23:11.323 edge /api/orders status=200 upstream=B rt_ms=38 bytes=33166
2026-03-14 02:23:11.542 edge / status=404 upstream=B rt_ms=205 bytes=1516
2026-03-14 02:23:12.030 edge /healthz status=200 upstream=B rt_ms=300 bytes=39172
2026-03-14 02:23:12.322 edge /healthz status=200 upstream=B rt_ms=210 bytes=37779
2026-03-14 02:23:13.403 edge / status=200 upstream=B rt_ms=97 bytes=29889
2026-03-14 02:23:16.549 edge /static/style.css status=200 upstream=B rt_ms=178 bytes=35031
2026-03-14 02:23:17.279 edge /static/style.css status=200 upstream=B rt_ms=92 bytes=40722
2026-03-14 02:23:18.327 edge /api/events status=200 upstream=B rt_ms=61 bytes=14361
2026-03-14 02:23:21.243 edge /api/orders status=200 upstream=B rt_ms=113 bytes=8678
2026-03-14 02:23:21.287 edge /healthz status=404 upstream=B rt_ms=103 bytes=38224
2026-03-14 02:23:21.337 edge /static/style.css status=500 upstream=B rt_ms=154 bytes=34021
2026-03-14 02:23:25.445 edge /healthz status=200 upstream=B rt_ms=254 bytes=884
2026-03-14 02:23:26.379 edge /healthz status=200 upstream=B rt_ms=284 bytes=21628
2026-03-14 02:23:28.460 edge /api/events status=200 upstream=B rt_ms=380 bytes=2387
2026-03-14 02:23:28.693 edge / status=200 upstream=B rt_ms=331 bytes=29049
2026-03-14 02:23:29.595 edge /static/style.css status=200 upstream=B rt_ms=256 bytes=16129
2026-03-14 02:23:29.609 edge / status=200 upstream=B rt_ms=58 bytes=34049
2026-03-14 02:23:30.120 edge /api/events status=200 upstream=B rt_ms=305 bytes=37056
2026-03-14 02:23:32.115 edge /static/style.css status=200 upstream=B rt_ms=250 bytes=30974
2026-03-14 02:23:35.864 edge / status=200 upstream=B rt_ms=75 bytes=16604
2026-03-14 02:23:36.404 edge /healthz status=404 upstream=B rt_ms=206 bytes=8751
2026-03-14 02:23:36.713 edge /api/events status=200 upstream=B rt_ms=91 bytes=15689
2026-03-14 02:23:38.326 edge /api/orders status=200 upstream=B rt_ms=84 bytes=29204
2026-03-14 02:23:40.379 edge / status=200 upstream=B rt_ms=252 bytes=17964
2026-03-14 02:23:41.169 edge /static/style.css status=200 upstream=B rt_ms=55 bytes=36101
2026-03-14 02:23:43.450 edge /static/style.css status=200 upstream=B rt_ms=247 bytes=1881
2026-03-14 02:23:44.004 edge / status=200 upstream=B rt_ms=4 bytes=8387
2026-03-14 02:23:44.471 edge / status=200 upstream=B rt_ms=115 bytes=16886
2026-03-14 02:23:44.541 edge /api/orders status=200 upstream=B rt_ms=297 bytes=4099
2026-03-14 02:23:47.990 edge /api/events status=200 upstream=B rt_ms=86 bytes=8192
2026-03-14 02:23:49.368 edge /healthz status=200 upstream=B rt_ms=195 bytes=9173
2026-03-14 02:23:50.171 edge /api/events status=200 upstream=B rt_ms=301 bytes=12220
2026-03-14 02:23:50.884 edge /api/orders status=404 upstream=B rt_ms=24 bytes=30392
2026-03-14 02:23:51.334 edge /api/orders status=200 upstream=B rt_ms=44 bytes=15706
2026-03-14 02:23:52.539 edge /api/events status=200 upstream=B rt_ms=123 bytes=13186
2026-03-14 02:23:56.737 edge /api/orders status=200 upstream=B rt_ms=61 bytes=36045
2026-03-14 02:23:57.304 edge /static/style.css status=200 upstream=B rt_ms=19 bytes=4008
2026-03-14 02:23:58.897 edge /static/style.css status=200 upstream=B rt_ms=269 bytes=20996
2026-03-14 02:23:59.659 edge /api/orders status=200 upstream=B rt_ms=132 bytes=2387
2026-03-14 02:24:00.459 edge /api/events status=200 upstream=B rt_ms=45 bytes=23853
2026-03-14 02:24:01.547 edge /api/orders status=200 upstream=B rt_ms=181 bytes=2581
2026-03-14 02:24:02.891 edge /static/style.css status=200 upstream=B rt_ms=17 bytes=19518
2026-03-14 02:24:03.455 edge / status=500 upstream=B rt_ms=79 bytes=37495
2026-03-14 02:24:03.636 edge / status=500 upstream=B rt_ms=192 bytes=31559
2026-03-14 02:24:04.567 edge /healthz status=200 upstream=B rt_ms=183 bytes=31816
2026-03-14 02:24:06.026 edge /healthz status=200 upstream=B rt_ms=316 bytes=8186
2026-03-14 02:24:06.152 edge /api/orders status=200 upstream=B rt_ms=383 bytes=16900
2026-03-14 02:24:06.659 edge /healthz status=200 upstream=B rt_ms=99 bytes=15958
2026-03-14 02:24:07.936 edge /healthz status=200 upstream=B rt_ms=10 bytes=41988
2026-03-14 02:24:09.937 edge /api/orders status=200 upstream=B rt_ms=282 bytes=19246
2026-03-14 02:24:11.008 edge /healthz status=200 upstream=B rt_ms=343 bytes=2231
2026-03-14 02:24:13.712 edge /api/events status=200 upstream=B rt_ms=101 bytes=17329
2026-03-14 02:24:15.000 edge /healthz status=200 upstream=B rt_ms=346 bytes=15835
2026-03-14 02:24:15.137 edge /api/orders status=500 upstream=B rt_ms=275 bytes=8087
2026-03-14 02:24:16.180 edge /api/events status=200 upstream=B rt_ms=367 bytes=16103
2026-03-14 02:24:16.275 edge / status=200 upstream=B rt_ms=107 bytes=13534
2026-03-14 02:24:16.462 edge /healthz status=200 upstream=B rt_ms=161 bytes=35130
2026-03-14 02:24:17.545 edge /static/style.css status=200 upstream=B rt_ms=364 bytes=37995
2026-03-14 02:24:18.768 edge /api/events status=200 upstream=B rt_ms=211 bytes=1385
2026-03-14 02:24:19.245 edge /healthz status=200 upstream=B rt_ms=292 bytes=7021
2026-03-14 02:24:19.737 edge /api/events status=200 upstream=B rt_ms=30 bytes=30325
2026-03-14 02:24:19.837 edge /static/style.css status=200 upstream=B rt_ms=11 bytes=18436
2026-03-14 02:24:20.221 edge /healthz status=404 upstream=B rt_ms=143 bytes=36628
2026-03-14 02:24:21.466 edge /api/orders status=200 upstream=B rt_ms=146 bytes=17989
2026-03-14 02:24:22.702 edge /healthz status=200 upstream=B rt_ms=374 bytes=21991
2026-03-14 02:24:22.890 edge / status=200 upstream=B rt_ms=258 bytes=18425
2026-03-14 02:24:24.440 edge /api/events status=200 upstream=B rt_ms=307 bytes=35859
2026-03-14 02:24:25.376 edge /api/events status=200 upstream=B rt_ms=308 bytes=4344
2026-03-14 02:24:25.910 edge /healthz status=200 upstream=B rt_ms=256 bytes=35280
2026-03-14 02:24:26.379 edge /healthz status=404 upstream=B rt_ms=46 bytes=28799
2026-03-14 02:24:27.674 edge /healthz status=500 upstream=B rt_ms=23 bytes=24699
2026-03-14 02:24:28.662 edge /static/style.css status=200 upstream=B rt_ms=294 bytes=12829
2026-03-14 02:24:31.005 edge /static/style.css status=500 upstream=B rt_ms=200 bytes=2341
2026-03-14 02:24:32.777 edge /healthz status=200 upstream=B rt_ms=251 bytes=30036
2026-03-14 02:24:33.119 edge / status=200 upstream=B rt_ms=274 bytes=24235
2026-03-14 02:24:33.557 edge /healthz status=200 upstream=B rt_ms=381 bytes=3438
2026-03-14 02:24:34.025 edge /api/orders status=200 upstream=B rt_ms=334 bytes=40489
2026-03-14 02:24:34.718 edge /api/events status=200 upstream=B rt_ms=267 bytes=25188
2026-03-14 02:24:35.086 edge /api/orders status=200 upstream=B rt_ms=210 bytes=4251
2026-03-14 02:24:37.106 edge /healthz status=200 upstream=B rt_ms=373 bytes=32324
2026-03-14 02:24:38.282 edge /api/orders status=200 upstream=B rt_ms=103 bytes=28045
2026-03-14 02:24:39.076 edge / status=200 upstream=B rt_ms=389 bytes=11379
2026-03-14 02:24:39.269 edge /static/style.css status=200 upstream=B rt_ms=157 bytes=34279
2026-03-14 02:24:40.146 edge /healthz status=200 upstream=B rt_ms=325 bytes=32722
2026-03-14 02:24:40.737 edge /api/orders status=200 upstream=B rt_ms=183 bytes=26934
2026-03-14 02:24:41.294 edge /api/orders status=200 upstream=B rt_ms=11 bytes=13330
2026-03-14 02:24:41.295 edge /static/style.css status=200 upstream=B rt_ms=26 bytes=15207
2026-03-14 02:24:41.556 edge /api/events status=200 upstream=B rt_ms=124 bytes=18001
2026-03-14 02:24:43.577 edge /healthz status=200 upstream=B rt_ms=362 bytes=38568
2026-03-14 02:24:43.876 edge /api/events status=200 upstream=B rt_ms=40 bytes=25698
2026-03-14 02:24:43.891 edge / status=200 upstream=B rt_ms=9 bytes=21767
2026-03-14 02:24:47.199 edge /api/events status=500 upstream=B rt_ms=13 bytes=19509
2026-03-14 02:24:48.032 edge /healthz status=200 upstream=B rt_ms=275 bytes=30479
2026-03-14 02:24:49.615 edge / status=200 upstream=B rt_ms=195 bytes=17786
2026-03-14 02:24:50.073 edge /static/style.css status=200 upstream=B rt_ms=175 bytes=16853
2026-03-14 02:24:50.615 edge /api/events status=200 upstream=B rt_ms=227 bytes=5698
2026-03-14 02:24:51.413 edge /api/events status=200 upstream=B rt_ms=140 bytes=2669
2026-03-14 02:24:57.058 edge /static/style.css status=200 upstream=B rt_ms=135 bytes=16637
2026-03-14 02:24:58.779 edge /static/style.css status=200 upstream=B rt_ms=362 bytes=27974
2026-03-14 02:24:58.919 edge /api/orders status=200 upstream=B rt_ms=354 bytes=4392
2026-03-14 02:25:00.989 edge /api/orders status=200 upstream=B rt_ms=233 bytes=30246
2026-03-14 02:25:03.622 edge /static/style.css status=200 upstream=B rt_ms=309 bytes=36513
2026-03-14 02:25:06.160 edge /api/orders status=404 upstream=B rt_ms=186 bytes=27851
2026-03-14 02:25:06.371 edge / status=200 upstream=B rt_ms=252 bytes=24692
2026-03-14 02:25:07.696 edge /static/style.css status=200 upstream=B rt_ms=60 bytes=25029
2026-03-14 02:25:07.828 edge /api/events status=200 upstream=B rt_ms=318 bytes=16146
2026-03-14 02:25:08.363 edge / status=500 upstream=B rt_ms=210 bytes=458
2026-03-14 02:25:09.315 edge /api/events status=200 upstream=B rt_ms=103 bytes=27997
2026-03-14 02:25:10.705 edge / status=200 upstream=B rt_ms=305 bytes=15154
2026-03-14 02:25:13.618 edge /healthz status=200 upstream=B rt_ms=394 bytes=3163
2026-03-14 02:25:13.735 edge /api/orders status=200 upstream=B rt_ms=283 bytes=13633
2026-03-14 02:25:14.569 edge / status=404 upstream=B rt_ms=131 bytes=19929
2026-03-14 02:25:15.407 edge / status=200 upstream=B rt_ms=43 bytes=271
2026-03-14 02:25:16.175 edge /api/events status=500 upstream=B rt_ms=50 bytes=26430
2026-03-14 02:25:16.551 edge /api/events status=200 upstream=B rt_ms=201 bytes=22871
2026-03-14 02:25:18.384 edge /healthz status=200 upstream=B rt_ms=74 bytes=20193
2026-03-14 02:25:20.188 edge /api/events status=200 upstream=B rt_ms=312 bytes=28402
2026-03-14 02:25:22.692 edge /api/orders status=200 upstream=B rt_ms=15 bytes=38967
2026-03-14 02:25:26.402 edge /static/style.css status=200 upstream=B rt_ms=185 bytes=22460
2026-03-14 02:25:28.371 edge /static/style.css status=500 upstream=B rt_ms=344 bytes=39144
2026-03-14 02:25:28.691 edge /static/style.css status=200 upstream=B rt_ms=196 bytes=11325
2026-03-14 02:25:29.068 edge / status=200 upstream=B rt_ms=267 bytes=11887
2026-03-14 02:25:29.541 edge /api/events status=200 upstream=B rt_ms=41 bytes=30086
2026-03-14 02:25:29.618 edge /healthz status=200 upstream=B rt_ms=209 bytes=25590
2026-03-14 02:25:32.194 edge /static/style.css status=200 upstream=B rt_ms=290 bytes=10554
2026-03-14 02:25:32.232 edge /api/events status=200 upstream=B rt_ms=27 bytes=25742
2026-03-14 02:25:32.440 edge /api/events status=500 upstream=B rt_ms=148 bytes=8869
2026-03-14 02:25:35.350 edge /healthz status=200 upstream=B rt_ms=157 bytes=20557
2026-03-14 02:25:36.000 edge /static/style.css status=200 upstream=B rt_ms=45 bytes=11340
2026-03-14 02:25:36.207 edge /healthz status=200 upstream=B rt_ms=28 bytes=23644
2026-03-14 02:25:36.693 edge /api/events status=200 upstream=B rt_ms=26 bytes=5049
2026-03-14 02:25:37.527 edge /api/orders status=200 upstream=B rt_ms=295 bytes=26451
2026-03-14 02:25:38.059 edge / status=200 upstream=B rt_ms=19 bytes=5831
2026-03-14 02:25:38.218 edge /healthz status=200 upstream=B rt_ms=104 bytes=36710
2026-03-14 02:25:38.285 edge /api/events status=200 upstream=B rt_ms=13 bytes=6873
2026-03-14 02:25:39.080 edge /static/style.css status=500 upstream=B rt_ms=8 bytes=17798
2026-03-14 02:25:40.246 edge / status=200 upstream=B rt_ms=291 bytes=32889
2026-03-14 02:25:43.952 edge /static/style.css status=200 upstream=B rt_ms=294 bytes=41703
2026-03-14 02:25:44.271 edge / status=404 upstream=B rt_ms=152 bytes=5263
2026-03-14 02:25:46.457 edge / status=200 upstream=B rt_ms=394 bytes=22119
2026-03-14 02:25:47.255 edge / status=200 upstream=B rt_ms=388 bytes=33656
2026-03-14 02:25:48.876 edge /healthz status=200 upstream=B rt_ms=214 bytes=37806
2026-03-14 02:25:50.076 edge /healthz status=200 upstream=B rt_ms=76 bytes=16706
2026-03-14 02:25:50.539 edge /api/orders status=200 upstream=B rt_ms=398 bytes=23737
2026-03-14 02:25:50.844 edge /api/orders status=200 upstream=B rt_ms=118 bytes=2546
2026-03-14 02:25:51.454 edge /static/style.css status=404 upstream=B rt_ms=31 bytes=33680
2026-03-14 02:25:52.470 edge /api/events status=200 upstream=B rt_ms=233 bytes=12736
2026-03-14 02:25:52.508 edge / status=200 upstream=B rt_ms=226 bytes=292
2026-03-14 02:25:54.751 edge /api/orders status=200 upstream=B rt_ms=89 bytes=3460
2026-03-14 02:25:56.350 edge /api/events status=200 upstream=B rt_ms=156 bytes=27755
2026-03-14 02:25:56.773 edge /healthz status=200 upstream=B rt_ms=188 bytes=9319
2026-03-14 02:25:58.047 edge / status=200 upstream=B rt_ms=177 bytes=31881
2026-03-14 02:25:58.193 edge /healthz status=200 upstream=B rt_ms=23 bytes=4198
2026-03-14 02:25:59.151 edge / status=200 upstream=B rt_ms=15 bytes=14270
2026-03-14 02:26:02.486 edge / status=200 upstream=B rt_ms=269 bytes=12772
2026-03-14 02:26:05.191 edge /static/style.css status=200 upstream=B rt_ms=36 bytes=34947
2026-03-14 02:26:07.424 edge /static/style.css status=200 upstream=B rt_ms=81 bytes=841
2026-03-14 02:26:08.917 edge /api/events status=200 upstream=B rt_ms=233 bytes=18197
2026-03-14 02:26:10.705 edge /healthz status=200 upstream=B rt_ms=68 bytes=1363
2026-03-14 02:26:11.990 edge /api/events status=200 upstream=B rt_ms=234 bytes=15311
2026-03-14 02:26:14.583 edge /api/events status=200 upstream=B rt_ms=346 bytes=14209
2026-03-14 02:26:15.598 edge /healthz status=200 upstream=B rt_ms=269 bytes=15524
2026-03-14 02:26:15.635 edge /api/events status=200 upstream=B rt_ms=48 bytes=10882
2026-03-14 02:26:16.809 edge /healthz status=200 upstream=B rt_ms=50 bytes=481
2026-03-14 02:26:17.528 edge /api/orders status=200 upstream=B rt_ms=70 bytes=37480
2026-03-14 02:26:17.642 edge /healthz status=200 upstream=B rt_ms=267 bytes=38094
2026-03-14 02:26:19.315 edge /api/orders status=200 upstream=B rt_ms=223 bytes=2363
2026-03-14 02:26:20.342 edge /api/orders status=200 upstream=B rt_ms=352 bytes=34888
2026-03-14 02:26:21.915 edge /static/style.css status=200 upstream=B rt_ms=214 bytes=23057
2026-03-14 02:26:22.602 edge /api/orders status=200 upstream=B rt_ms=86 bytes=24417
2026-03-14 02:26:23.388 edge /static/style.css status=200 upstream=B rt_ms=366 bytes=15394
2026-03-14 02:26:24.803 edge /api/events status=200 upstream=B rt_ms=196 bytes=25082
2026-03-14 02:26:25.755 edge /api/orders status=200 upstream=B rt_ms=332 bytes=10561
2026-03-14 02:26:26.939 edge /static/style.css status=500 upstream=B rt_ms=346 bytes=14972
2026-03-14 02:26:27.182 edge /api/orders status=200 upstream=B rt_ms=72 bytes=15131
2026-03-14 02:26:27.653 edge /api/orders status=200 upstream=B rt_ms=34 bytes=10668
2026-03-14 02:26:29.821 edge /api/orders status=200 upstream=B rt_ms=96 bytes=1357
2026-03-14 02:26:29.866 edge /static/style.css status=200 upstream=B rt_ms=226 bytes=26525
2026-03-14 02:26:30.717 edge /api/orders status=200 upstream=B rt_ms=57 bytes=21234
2026-03-14 02:26:31.767 edge /api/events status=200 upstream=B rt_ms=276 bytes=19203
2026-03-14 02:26:32.775 edge /healthz status=200 upstream=B rt_ms=107 bytes=35176
2026-03-14 02:26:38.469 edge / status=200 upstream=B rt_ms=121 bytes=30463
2026-03-14 02:26:40.265 edge /api/events status=200 upstream=B rt_ms=204 bytes=38973
2026-03-14 02:26:41.972 edge /api/orders status=200 upstream=B rt_ms=263 bytes=13028
2026-03-14 02:26:42.732 edge /api/orders status=200 upstream=B rt_ms=248 bytes=22891
2026-03-14 02:26:44.971 edge /api/orders status=200 upstream=B rt_ms=282 bytes=22082
2026-03-14 02:26:45.150 edge /api/events status=200 upstream=B rt_ms=286 bytes=21995
2026-03-14 02:26:45.251 edge /api/events status=200 upstream=B rt_ms=300 bytes=20424
2026-03-14 02:26:46.293 edge /healthz status=200 upstream=B rt_ms=174 bytes=19531
2026-03-14 02:26:48.437 edge /healthz status=200 upstream=B rt_ms=363 bytes=41902
2026-03-14 02:26:48.991 edge /api/events status=200 upstream=B rt_ms=384 bytes=24123
2026-03-14 02:26:50.991 edge /api/orders status=200 upstream=B rt_ms=252 bytes=26870
2026-03-14 02:26:52.651 edge / status=200 upstream=B rt_ms=395 bytes=9196
2026-03-14 02:26:54.124 edge /api/orders status=200 upstream=B rt_ms=117 bytes=528
2026-03-14 02:26:55.561 edge /healthz status=200 upstream=B rt_ms=169 bytes=3839
2026-03-14 02:26:58.725 edge / status=200 upstream=B rt_ms=33 bytes=11757
2026-03-14 02:26:58.767 edge /api/orders status=200 upstream=B rt_ms=30 bytes=25292
2026-03-14 02:26:58.824 edge /api/orders status=200 upstream=B rt_ms=146 bytes=3128
2026-03-14 02:26:58.911 edge /healthz status=200 upstream=B rt_ms=107 bytes=4997
2026-03-14 02:27:02.153 edge /api/events status=200 upstream=B rt_ms=361 bytes=5774
2026-03-14 02:27:02.353 edge /api/orders status=200 upstream=B rt_ms=387 bytes=7872
2026-03-14 02:27:06.136 edge /api/orders status=200 upstream=B rt_ms=296 bytes=23968
2026-03-14 02:27:06.433 edge /api/orders status=200 upstream=B rt_ms=374 bytes=9049
2026-03-14 02:27:07.100 edge /static/style.css status=200 upstream=B rt_ms=215 bytes=19702
2026-03-14 02:27:08.156 edge / status=200 upstream=B rt_ms=233 bytes=31905
2026-03-14 02:27:12.580 edge /healthz status=200 upstream=B rt_ms=361 bytes=33884
2026-03-14 02:27:12.619 edge /healthz status=200 upstream=B rt_ms=311 bytes=7522
2026-03-14 02:27:15.845 edge /healthz status=200 upstream=B rt_ms=4 bytes=8602
2026-03-14 02:27:16.222 edge /static/style.css status=200 upstream=B rt_ms=328 bytes=13824
2026-03-14 02:27:16.587 edge /api/orders status=200 upstream=B rt_ms=353 bytes=22220
2026-03-14 02:27:17.225 edge / status=200 upstream=B rt_ms=147 bytes=933
2026-03-14 02:27:21.293 edge / status=200 upstream=B rt_ms=253 bytes=20583
2026-03-14 02:27:22.511 edge / status=200 upstream=B rt_ms=229 bytes=12525
2026-03-14 02:27:22.862 edge /api/orders status=200 upstream=B rt_ms=287 bytes=24032
2026-03-14 02:27:23.038 edge /static/style.css status=200 upstream=B rt_ms=83 bytes=34929
2026-03-14 02:27:23.063 edge /api/orders status=200 upstream=B rt_ms=327 bytes=6708
2026-03-14 02:27:24.069 edge /healthz status=200 upstream=B rt_ms=105 bytes=14188
2026-03-14 02:27:24.110 edge /api/orders status=200 upstream=B rt_ms=28 bytes=8197
2026-03-14 02:27:24.696 edge /api/orders status=200 upstream=B rt_ms=244 bytes=23330
2026-03-14 02:27:25.611 edge /api/orders status=200 upstream=B rt_ms=94 bytes=35514
2026-03-14 02:27:27.536 edge /static/style.css status=200 upstream=B rt_ms=136 bytes=4309
2026-03-14 02:27:28.094 edge /api/orders status=200 upstream=B rt_ms=141 bytes=5729
2026-03-14 02:27:28.331 edge /healthz status=200 upstream=B rt_ms=329 bytes=30618
2026-03-14 02:27:30.379 edge /healthz status=200 upstream=B rt_ms=124 bytes=40697
2026-03-14 02:27:30.423 edge /api/events status=200 upstream=B rt_ms=111 bytes=729
2026-03-14 02:27:32.260 edge /healthz status=200 upstream=B rt_ms=343 bytes=19177
2026-03-14 02:27:32.320 edge /static/style.css status=200 upstream=B rt_ms=110 bytes=623
2026-03-14 02:27:34.007 edge /static/style.css status=200 upstream=B rt_ms=334 bytes=16040
2026-03-14 02:27:34.265 edge /healthz status=200 upstream=B rt_ms=90 bytes=19396
2026-03-14 02:27:34.310 edge / status=200 upstream=B rt_ms=382 bytes=37773
2026-03-14 02:27:34.356 edge /healthz status=200 upstream=B rt_ms=377 bytes=16541
2026-03-14 02:27:34.623 edge /api/events status=200 upstream=B rt_ms=68 bytes=313
2026-03-14 02:27:34.815 edge /healthz status=200 upstream=B rt_ms=368 bytes=2266
2026-03-14 02:27:34.845 edge /api/orders status=200 upstream=B rt_ms=393 bytes=36639
2026-03-14 02:27:36.202 edge /static/style.css status=200 upstream=B rt_ms=130 bytes=18630
2026-03-14 02:27:37.820 edge /static/style.css status=200 upstream=B rt_ms=337 bytes=31234
2026-03-14 02:27:40.058 edge /static/style.css status=200 upstream=B rt_ms=228 bytes=23185
2026-03-14 02:27:42.294 edge /healthz status=200 upstream=B rt_ms=314 bytes=23056
2026-03-14 02:27:44.934 edge /healthz status=200 upstream=B rt_ms=132 bytes=2481
2026-03-14 02:27:47.690 edge /api/events status=200 upstream=B rt_ms=236 bytes=11749
2026-03-14 02:27:48.412 edge /api/events status=200 upstream=B rt_ms=346 bytes=34459
2026-03-14 02:27:50.002 edge /api/orders status=200 upstream=B rt_ms=271 bytes=17957
2026-03-14 02:27:52.813 edge /healthz status=200 upstream=B rt_ms=82 bytes=24539
2026-03-14 02:27:53.191 edge /healthz status=200 upstream=B rt_ms=290 bytes=20216
2026-03-14 02:27:53.261 edge /static/style.css status=200 upstream=B rt_ms=339 bytes=38114
2026-03-14 02:27:55.839 edge / status=200 upstream=B rt_ms=77 bytes=19893
2026-03-14 02:27:56.144 edge /api/orders status=200 upstream=B rt_ms=34 bytes=38734
2026-03-14 02:27:58.875 edge /api/orders status=200 upstream=B rt_ms=252 bytes=416
2026-03-14 02:27:59.395 edge / status=200 upstream=B rt_ms=52 bytes=21476
2026-03-14 02:27:59.536 edge /api/orders status=200 upstream=B rt_ms=118 bytes=29788
2026-03-14 02:28:00.020 edge /api/events status=500 upstream=B rt_ms=336 bytes=18582
2026-03-14 02:28:00.266 edge /api/orders status=200 upstream=B rt_ms=89 bytes=18518
2026-03-14 02:28:01.284 edge / status=200 upstream=B rt_ms=201 bytes=7980
2026-03-14 02:28:01.746 edge /static/style.css status=200 upstream=B rt_ms=343 bytes=30029
2026-03-14 02:28:02.510 edge / status=200 upstream=B rt_ms=5 bytes=13430
2026-03-14 02:28:03.050 edge /api/orders status=200 upstream=B rt_ms=151 bytes=35036
2026-03-14 02:28:03.723 edge /api/events status=200 upstream=B rt_ms=150 bytes=27184
2026-03-14 02:28:06.302 edge /static/style.css status=200 upstream=B rt_ms=175 bytes=33073
2026-03-14 02:28:06.913 edge /static/style.css status=200 upstream=B rt_ms=170 bytes=28205
2026-03-14 02:28:09.604 edge /static/style.css status=200 upstream=B rt_ms=86 bytes=10566
2026-03-14 02:28:10.608 edge /static/style.css status=200 upstream=B rt_ms=195 bytes=14140
2026-03-14 02:28:12.780 edge /api/events status=200 upstream=B rt_ms=250 bytes=31759
2026-03-14 02:28:17.893 edge / status=200 upstream=B rt_ms=162 bytes=27778
2026-03-14 02:28:18.256 edge /static/style.css status=200 upstream=B rt_ms=240 bytes=611
2026-03-14 02:28:20.187 edge /api/orders status=200 upstream=B rt_ms=17 bytes=8294
2026-03-14 02:28:21.592 edge / status=200 upstream=B rt_ms=325 bytes=37953
2026-03-14 02:28:24.304 edge /static/style.css status=200 upstream=B rt_ms=203 bytes=23223
2026-03-14 02:28:24.503 edge /healthz status=500 upstream=B rt_ms=92 bytes=7814
2026-03-14 02:28:24.779 edge / status=200 upstream=B rt_ms=132 bytes=25457
2026-03-14 02:28:25.401 edge /healthz status=200 upstream=B rt_ms=165 bytes=3047
2026-03-14 02:28:26.323 edge /static/style.css status=200 upstream=B rt_ms=325 bytes=27915
2026-03-14 02:28:26.956 edge /api/events status=200 upstream=B rt_ms=221 bytes=8729
2026-03-14 02:28:26.965 edge /api/events status=200 upstream=B rt_ms=190 bytes=491
2026-03-14 02:28:26.989 edge /healthz status=200 upstream=B rt_ms=172 bytes=25486
2026-03-14 02:28:28.315 edge /healthz status=200 upstream=B rt_ms=299 bytes=9858
2026-03-14 02:28:28.961 edge /static/style.css status=200 upstream=B rt_ms=87 bytes=14437
2026-03-14 02:28:32.003 edge /static/style.css status=200 upstream=B rt_ms=319 bytes=24438
2026-03-14 02:28:34.197 edge /api/events status=200 upstream=B rt_ms=118 bytes=5634
2026-03-14 02:28:35.229 edge /api/orders status=200 upstream=B rt_ms=196 bytes=27359
2026-03-14 02:28:37.425 edge /api/events status=200 upstream=B rt_ms=34 bytes=647
2026-03-14 02:28:37.970 edge /healthz status=200 upstream=B rt_ms=214 bytes=36810
2026-03-14 02:28:38.096 edge /static/style.css status=200 upstream=B rt_ms=265 bytes=29334
2026-03-14 02:28:38.963 edge /static/style.css status=200 upstream=B rt_ms=229 bytes=27301
2026-03-14 02:28:41.687 edge /healthz status=200 upstream=B rt_ms=57 bytes=32436
2026-03-14 02:28:42.938 edge /api/events status=200 upstream=B rt_ms=26 bytes=17295
2026-03-14 02:28:43.495 edge /api/orders status=200 upstream=B rt_ms=109 bytes=10113
2026-03-14 02:28:43.820 edge /api/events status=200 upstream=B rt_ms=182 bytes=27599
2026-03-14 02:28:48.091 edge /healthz status=200 upstream=B rt_ms=316 bytes=33972
2026-03-14 02:28:48.301 edge /static/style.css status=200 upstream=B rt_ms=25 bytes=2909
2026-03-14 02:28:49.082 edge / status=200 upstream=B rt_ms=211 bytes=15032
2026-03-14 02:28:50.299 edge / status=200 upstream=B rt_ms=395 bytes=16320
2026-03-14 02:28:50.979 edge / status=200 upstream=B rt_ms=369 bytes=31783
2026-03-14 02:28:51.505 edge /api/events status=200 upstream=B rt_ms=157 bytes=20630
2026-03-14 02:28:51.628 edge /healthz status=200 upstream=B rt_ms=251 bytes=8205
2026-03-14 02:28:55.482 edge /static/style.css status=200 upstream=B rt_ms=322 bytes=26456
2026-03-14 02:28:55.516 edge / status=200 upstream=B rt_ms=315 bytes=22450
2026-03-14 02:28:56.153 edge /api/orders status=200 upstream=B rt_ms=200 bytes=28759
2026-03-14 02:28:56.179 edge / status=200 upstream=B rt_ms=277 bytes=14938
2026-03-14 02:28:56.447 edge /healthz status=200 upstream=B rt_ms=119 bytes=20405
2026-03-14 02:28:57.208 edge /healthz status=200 upstream=B rt_ms=14 bytes=3417
2026-03-14 02:28:57.699 edge /api/orders status=200 upstream=B rt_ms=332 bytes=6994
2026-03-14 02:28:57.980 edge /api/events status=200 upstream=B rt_ms=230 bytes=34515
2026-03-14 02:28:59.316 edge /api/orders status=404 upstream=B rt_ms=148 bytes=15114
2026-03-14 02:28:59.801 edge / status=200 upstream=B rt_ms=201 bytes=34948
2026-03-14 02:29:00.220 edge /healthz status=200 upstream=B rt_ms=24 bytes=447
2026-03-14 02:29:03.125 edge / status=404 upstream=B rt_ms=265 bytes=30573
2026-03-14 02:29:03.637 edge /api/orders status=200 upstream=B rt_ms=148 bytes=203
2026-03-14 02:29:04.182 edge /api/events status=200 upstream=B rt_ms=306 bytes=38289
2026-03-14 02:29:04.260 edge /static/style.css status=404 upstream=B rt_ms=183 bytes=9265
2026-03-14 02:29:05.966 edge / status=200 upstream=B rt_ms=220 bytes=21412
2026-03-14 02:29:06.221 edge /api/orders status=404 upstream=B rt_ms=128 bytes=19503
2026-03-14 02:29:06.370 edge /healthz status=200 upstream=B rt_ms=300 bytes=30867
2026-03-14 02:29:06.906 edge /healthz status=200 upstream=B rt_ms=21 bytes=8667
2026-03-14 02:29:07.108 edge /static/style.css status=200 upstream=B rt_ms=210 bytes=33990
2026-03-14 02:29:07.568 edge /api/events status=200 upstream=B rt_ms=286 bytes=41768
2026-03-14 02:29:09.843 edge /static/style.css status=200 upstream=B rt_ms=193 bytes=28535
2026-03-14 02:29:12.151 edge /static/style.css status=200 upstream=B rt_ms=71 bytes=30358
2026-03-14 02:29:12.816 edge /static/style.css status=200 upstream=B rt_ms=44 bytes=19670
2026-03-14 02:29:12.866 edge /api/events status=200 upstream=B rt_ms=370 bytes=16443
2026-03-14 02:29:13.432 edge / status=200 upstream=B rt_ms=92 bytes=18765
2026-03-14 02:29:13.980 edge /api/events status=200 upstream=B rt_ms=283 bytes=7243
2026-03-14 02:29:14.364 edge /api/events status=200 upstream=B rt_ms=82 bytes=23968
2026-03-14 02:29:14.545 edge /static/style.css status=200 upstream=B rt_ms=390 bytes=4394
2026-03-14 02:29:15.206 edge /api/events status=200 upstream=B rt_ms=323 bytes=6947
2026-03-14 02:29:16.835 edge /api/events status=200 upstream=B rt_ms=382 bytes=36988
2026-03-14 02:29:17.406 edge /healthz status=200 upstream=B rt_ms=356 bytes=33200
2026-03-14 02:29:18.596 edge /static/style.css status=200 upstream=B rt_ms=273 bytes=41768
2026-03-14 02:29:19.623 edge /healthz status=200 upstream=B rt_ms=368 bytes=30359
2026-03-14 02:29:25.104 edge /healthz status=500 upstream=B rt_ms=332 bytes=35957
2026-03-14 02:29:26.282 edge / status=200 upstream=B rt_ms=210 bytes=39243
2026-03-14 02:29:27.103 edge /api/events status=200 upstream=B rt_ms=110 bytes=7974
2026-03-14 02:29:27.116 edge /api/orders status=200 upstream=B rt_ms=365 bytes=37141
2026-03-14 02:29:30.781 edge / status=200 upstream=B rt_ms=115 bytes=28517
2026-03-14 02:29:31.961 edge /static/style.css status=200 upstream=B rt_ms=152 bytes=21486
2026-03-14 02:29:32.479 edge /healthz status=200 upstream=B rt_ms=307 bytes=41279
2026-03-14 02:29:33.826 edge /static/style.css status=200 upstream=B rt_ms=295 bytes=33569
2026-03-14 02:29:34.319 edge / status=200 upstream=B rt_ms=206 bytes=9976
2026-03-14 02:29:35.746 edge /healthz status=200 upstream=B rt_ms=19 bytes=12121
2026-03-14 02:29:36.838 edge /api/orders status=200 upstream=B rt_ms=107 bytes=21331
2026-03-14 02:29:39.182 edge /healthz status=200 upstream=B rt_ms=85 bytes=28480
2026-03-14 02:29:41.378 edge /api/events status=500 upstream=B rt_ms=285 bytes=26001
2026-03-14 02:29:42.489 edge /api/events status=404 upstream=B rt_ms=170 bytes=41891
2026-03-14 02:29:43.329 edge /api/orders status=200 upstream=B rt_ms=385 bytes=9469
2026-03-14 02:29:43.953 edge /api/events status=200 upstream=B rt_ms=266 bytes=5040
2026-03-14 02:29:44.113 edge /api/events status=200 upstream=B rt_ms=386 bytes=23547
2026-03-14 02:29:44.325 edge / status=200 upstream=B rt_ms=244 bytes=36840
2026-03-14 02:29:46.435 edge / status=200 upstream=B rt_ms=125 bytes=13741
2026-03-14 02:29:47.001 edge / status=200 upstream=B rt_ms=129 bytes=3320
2026-03-14 02:29:47.824 edge /static/style.css status=200 upstream=B rt_ms=198 bytes=2038
2026-03-14 02:29:47.834 edge / status=200 upstream=B rt_ms=196 bytes=41258
2026-03-14 02:29:47.837 edge /healthz status=200 upstream=B rt_ms=379 bytes=37749
2026-03-14 02:29:48.885 edge /api/orders status=200 upstream=B rt_ms=142 bytes=34140
2026-03-14 02:29:49.260 edge / status=200 upstream=B rt_ms=249 bytes=12613
2026-03-14 02:29:49.839 edge /api/orders status=200 upstream=B rt_ms=325 bytes=25351
2026-03-14 02:29:51.403 edge / status=200 upstream=B rt_ms=184 bytes=31269
2026-03-14 02:29:51.432 edge /api/orders status=200 upstream=B rt_ms=253 bytes=25060
2026-03-14 02:29:52.204 edge / status=200 upstream=B rt_ms=110 bytes=37709
2026-03-14 02:29:52.266 edge /healthz status=200 upstream=B rt_ms=304 bytes=3604
2026-03-14 02:29:53.235 edge /healthz status=200 upstream=B rt_ms=321 bytes=28058
2026-03-14 02:29:54.760 edge / status=200 upstream=B rt_ms=122 bytes=14650
2026-03-14 02:29:54.839 edge / status=200 upstream=B rt_ms=283 bytes=33741
2026-03-14 02:29:57.033 edge /static/style.css status=200 upstream=B rt_ms=82 bytes=26680
2026-03-14 02:29:59.098 edge / status=200 upstream=B rt_ms=223 bytes=36729
2026-03-14 02:30:00.498 edge /api/events status=200 upstream=B rt_ms=242 bytes=7556
2026-03-14 02:30:01.072 edge /healthz status=200 upstream=B rt_ms=312 bytes=41015
2026-03-14 02:30:02.971 edge /api/events status=200 upstream=B rt_ms=331 bytes=33530
2026-03-14 02:30:03.286 edge /api/orders status=200 upstream=B rt_ms=18 bytes=19643
2026-03-14 02:30:03.467 edge / status=200 upstream=B rt_ms=304 bytes=3177
2026-03-14 02:30:05.951 edge /healthz status=200 upstream=B rt_ms=262 bytes=14641
2026-03-14 02:30:07.777 edge /api/orders status=200 upstream=B rt_ms=308 bytes=24583
2026-03-14 02:30:09.889 edge /healthz status=200 upstream=B rt_ms=269 bytes=5522
2026-03-14 02:30:10.709 edge / status=200 upstream=B rt_ms=391 bytes=7813
2026-03-14 02:30:11.697 edge /static/style.css status=200 upstream=B rt_ms=9 bytes=31640
2026-03-14 02:30:12.446 edge /api/orders status=200 upstream=B rt_ms=265 bytes=34761
2026-03-14 02:30:12.684 edge / status=200 upstream=B rt_ms=292 bytes=11351
2026-03-14 02:30:16.039 edge /healthz status=200 upstream=B rt_ms=42 bytes=3938
2026-03-14 02:30:16.454 edge /static/style.css status=200 upstream=B rt_ms=327 bytes=20001
2026-03-14 02:30:16.766 edge / status=200 upstream=B rt_ms=19 bytes=35336
2026-03-14 02:30:19.018 edge / status=200 upstream=B rt_ms=248 bytes=21365
2026-03-14 02:30:20.377 edge /healthz status=200 upstream=B rt_ms=143 bytes=5106
2026-03-14 02:30:20.648 edge /api/orders status=200 upstream=B rt_ms=165 bytes=36376
2026-03-14 02:30:23.673 edge /static/style.css status=200 upstream=B rt_ms=43 bytes=27410
2026-03-14 02:30:24.040 edge /api/orders status=200 upstream=B rt_ms=367 bytes=13397
2026-03-14 02:30:24.699 edge / status=200 upstream=B rt_ms=256 bytes=11339
2026-03-14 02:30:25.133 edge / status=500 upstream=B rt_ms=199 bytes=7411
2026-03-14 02:30:27.250 edge / status=500 upstream=B rt_ms=380 bytes=22021
2026-03-14 02:30:27.516 edge /static/style.css status=200 upstream=B rt_ms=295 bytes=22902
2026-03-14 02:30:29.039 edge /api/events status=200 upstream=B rt_ms=334 bytes=8003
2026-03-14 02:30:30.551 edge /healthz status=200 upstream=B rt_ms=91 bytes=9790
2026-03-14 02:30:36.498 edge /healthz status=200 upstream=B rt_ms=377 bytes=33498
2026-03-14 02:30:37.941 edge /api/events status=200 upstream=B rt_ms=80 bytes=23830
2026-03-14 02:30:39.586 edge /healthz status=200 upstream=B rt_ms=198 bytes=17651
2026-03-14 02:30:39.670 edge /api/events status=200 upstream=B rt_ms=122 bytes=18568
2026-03-14 02:30:39.694 edge /healthz status=200 upstream=B rt_ms=43 bytes=38125
2026-03-14 02:30:40.080 edge /api/events status=404 upstream=B rt_ms=74 bytes=11744
2026-03-14 02:30:41.140 edge /api/orders status=200 upstream=B rt_ms=202 bytes=30652
2026-03-14 02:30:42.870 edge /api/orders status=200 upstream=B rt_ms=372 bytes=37102
2026-03-14 02:30:43.306 edge / status=200 upstream=B rt_ms=107 bytes=35494
2026-03-14 02:30:44.213 edge /api/events status=200 upstream=B rt_ms=164 bytes=12300
2026-03-14 02:30:45.199 edge / status=200 upstream=B rt_ms=277 bytes=15070
2026-03-14 02:30:45.559 edge /healthz status=200 upstream=B rt_ms=210 bytes=20993
2026-03-14 02:30:46.019 edge /healthz status=200 upstream=B rt_ms=271 bytes=5706
2026-03-14 02:30:47.211 edge /api/orders status=200 upstream=B rt_ms=314 bytes=25045
2026-03-14 02:30:47.290 edge / status=200 upstream=B rt_ms=290 bytes=1922
2026-03-14 02:30:50.472 edge /static/style.css status=200 upstream=B rt_ms=329 bytes=38443
2026-03-14 02:30:50.965 edge /api/orders status=404 upstream=B rt_ms=297 bytes=16757
2026-03-14 02:30:52.613 edge / status=200 upstream=B rt_ms=38 bytes=3722
2026-03-14 02:30:54.365 edge / status=200 upstream=B rt_ms=109 bytes=18533
2026-03-14 02:30:55.445 edge /healthz status=200 upstream=B rt_ms=343 bytes=12087
2026-03-14 02:30:57.175 edge /api/orders status=200 upstream=B rt_ms=145 bytes=2055
2026-03-14 02:30:58.321 edge /api/orders status=200 upstream=B rt_ms=17 bytes=4723
2026-03-14 02:30:58.595 edge /api/orders status=200 upstream=B rt_ms=59 bytes=27707
2026-03-14 02:30:59.793 edge /static/style.css status=404 upstream=B rt_ms=311 bytes=38190
2026-03-14 02:30:59.827 edge /api/orders status=200 upstream=B rt_ms=155 bytes=34088
2026-03-14 02:31:02.963 edge /healthz status=200 upstream=B rt_ms=186 bytes=11801
2026-03-14 02:31:03.755 edge /healthz status=200 upstream=B rt_ms=238 bytes=40982
2026-03-14 02:31:04.368 edge / status=200 upstream=B rt_ms=16 bytes=16459
2026-03-14 02:31:06.765 edge /static/style.css status=200 upstream=B rt_ms=279 bytes=8716
2026-03-14 02:31:07.585 edge /healthz status=200 upstream=B rt_ms=152 bytes=21291
2026-03-14 02:31:09.065 edge /api/events status=200 upstream=B rt_ms=72 bytes=41827
2026-03-14 02:31:09.112 edge /healthz status=200 upstream=B rt_ms=318 bytes=11648
2026-03-14 02:31:10.207 edge /healthz status=200 upstream=B rt_ms=100 bytes=37660
2026-03-14 02:31:14.344 edge /api/events status=200 upstream=B rt_ms=11 bytes=18514
2026-03-14 02:31:15.036 edge /static/style.css status=200 upstream=B rt_ms=181 bytes=22592
2026-03-14 02:31:17.578 edge / status=200 upstream=B rt_ms=36 bytes=1670
2026-03-14 02:31:17.815 edge /api/orders status=200 upstream=B rt_ms=176 bytes=33473
2026-03-14 02:31:20.356 edge / status=200 upstream=B rt_ms=357 bytes=23192
2026-03-14 02:31:21.380 edge /static/style.css status=200 upstream=B rt_ms=382 bytes=29023
2026-03-14 02:31:23.322 edge /api/events status=200 upstream=B rt_ms=29 bytes=32136
2026-03-14 02:31:24.463 edge /healthz status=200 upstream=B rt_ms=337 bytes=28514
2026-03-14 02:31:25.703 edge /api/events status=200 upstream=B rt_ms=201 bytes=7855
2026-03-14 02:31:27.463 edge /static/style.css status=200 upstream=B rt_ms=176 bytes=25724
2026-03-14 02:31:27.789 edge /healthz status=200 upstream=B rt_ms=312 bytes=20994
2026-03-14 02:31:28.923 edge /static/style.css status=200 upstream=B rt_ms=399 bytes=20809
2026-03-14 02:31:29.641 edge /static/style.css status=200 upstream=B rt_ms=260 bytes=3822
2026-03-14 02:31:32.861 edge / status=200 upstream=B rt_ms=112 bytes=27423
2026-03-14 02:31:33.331 edge /healthz status=200 upstream=B rt_ms=178 bytes=2238
2026-03-14 02:31:34.178 edge /api/events status=200 upstream=B rt_ms=190 bytes=26539
2026-03-14 02:31:35.007 edge /api/events status=200 upstream=B rt_ms=165 bytes=30652
2026-03-14 02:31:35.072 edge /static/style.css status=200 upstream=B rt_ms=330 bytes=34320
2026-03-14 02:31:36.534 edge /api/orders status=200 upstream=B rt_ms=178 bytes=8357
2026-03-14 02:31:37.053 edge /healthz status=404 upstream=B rt_ms=319 bytes=24632
2026-03-14 02:31:38.280 edge /api/orders status=200 upstream=B rt_ms=286 bytes=14776
2026-03-14 02:31:38.472 edge / status=200 upstream=B rt_ms=73 bytes=9478
2026-03-14 02:31:38.596 edge /static/style.css status=200 upstream=B rt_ms=338 bytes=41685
2026-03-14 02:31:38.793 edge / status=500 upstream=B rt_ms=292 bytes=23429
2026-03-14 02:31:40.197 edge /api/events status=200 upstream=B rt_ms=19 bytes=8402
2026-03-14 02:31:41.748 edge /static/style.css status=200 upstream=B rt_ms=160 bytes=8631
2026-03-14 02:31:43.587 edge /api/events status=200 upstream=B rt_ms=15 bytes=3070
2026-03-14 02:31:44.259 edge /api/orders status=200 upstream=B rt_ms=14 bytes=35220
2026-03-14 02:31:44.954 edge /static/style.css status=200 upstream=B rt_ms=205 bytes=13286
2026-03-14 02:31:45.932 edge /healthz status=500 upstream=B rt_ms=181 bytes=16906
2026-03-14 02:31:47.590 edge / status=200 upstream=B rt_ms=311 bytes=15313
2026-03-14 02:31:47.989 edge /api/events status=200 upstream=B rt_ms=309 bytes=35754
2026-03-14 02:31:48.092 edge /api/events status=200 upstream=B rt_ms=169 bytes=22483
2026-03-14 02:31:48.962 edge /healthz status=200 upstream=B rt_ms=192 bytes=36764
2026-03-14 02:31:49.924 edge / status=200 upstream=B rt_ms=291 bytes=11509
2026-03-14 02:31:51.350 edge /healthz status=200 upstream=B rt_ms=113 bytes=7134
2026-03-14 02:31:53.612 edge /static/style.css status=200 upstream=B rt_ms=268 bytes=9904
2026-03-14 02:31:53.723 edge / status=200 upstream=B rt_ms=357 bytes=16367
2026-03-14 02:31:54.037 edge / status=200 upstream=B rt_ms=231 bytes=24122
2026-03-14 02:31:55.128 edge /api/orders status=200 upstream=B rt_ms=203 bytes=9586
2026-03-14 02:31:55.455 edge / status=404 upstream=B rt_ms=213 bytes=34479
2026-03-14 02:31:57.636 edge /api/orders status=500 upstream=B rt_ms=3 bytes=33387
2026-03-14 02:31:57.900 edge /api/orders status=200 upstream=B rt_ms=337 bytes=35802
2026-03-14 02:31:58.573 edge /api/orders status=200 upstream=B rt_ms=362 bytes=10135
2026-03-14 02:31:58.712 edge / status=200 upstream=B rt_ms=211 bytes=37427
2026-03-14 02:31:59.360 edge / status=200 upstream=B rt_ms=187 bytes=13060
2026-03-14 02:32:00.017 edge event=deploy marker=router-config-v7 pushed_by=ci
2026-03-14 02:32:02.868 edge /api/events status=200 upstream=B rt_ms=141 bytes=3269
2026-03-14 02:32:05.304 edge /api/events status=200 upstream=B rt_ms=234 bytes=23375
2026-03-14 02:32:08.528 edge / status=200 upstream=B rt_ms=304 bytes=2095
2026-03-14 02:32:08.571 edge /api/orders status=404 upstream=B rt_ms=360 bytes=2881
2026-03-14 02:32:08.722 edge /healthz status=404 upstream=B rt_ms=245 bytes=8319
2026-03-14 02:32:10.410 edge /api/orders status=200 upstream=B rt_ms=280 bytes=8967
2026-03-14 02:32:11.330 edge / status=200 upstream=B rt_ms=393 bytes=34672
2026-03-14 02:32:12.039 edge /static/style.css status=200 upstream=B rt_ms=393 bytes=29507
2026-03-14 02:32:13.246 edge / status=200 upstream=B rt_ms=120 bytes=27939
2026-03-14 02:32:13.873 edge / status=500 upstream=B rt_ms=287 bytes=27277
2026-03-14 02:32:14.862 edge / status=200 upstream=B rt_ms=240 bytes=1215
2026-03-14 02:32:15.445 edge /api/orders status=200 upstream=B rt_ms=369 bytes=7122
2026-03-14 02:32:15.916 edge /api/orders status=404 upstream=B rt_ms=308 bytes=975
2026-03-14 02:32:18.482 edge /healthz status=200 upstream=B rt_ms=208 bytes=27967
2026-03-14 02:32:19.770 edge /api/orders status=200 upstream=B rt_ms=280 bytes=17099
2026-03-14 02:32:20.782 edge /api/orders status=200 upstream=B rt_ms=374 bytes=11826
2026-03-14 02:32:20.930 edge /api/orders status=200 upstream=B rt_ms=84 bytes=22516
2026-03-14 02:32:21.591 edge / status=200 upstream=B rt_ms=38 bytes=32145
2026-03-14 02:32:22.160 edge /static/style.css status=200 upstream=B rt_ms=337 bytes=26661
2026-03-14 02:32:22.365 edge /api/events status=200 upstream=B rt_ms=23 bytes=26001
2026-03-14 02:32:23.059 edge /api/orders status=200 upstream=B rt_ms=294 bytes=27195
2026-03-14 02:32:24.088 edge / status=200 upstream=B rt_ms=116 bytes=24231
2026-03-14 02:32:26.922 edge /api/orders status=200 upstream=B rt_ms=391 bytes=32153
2026-03-14 02:32:29.184 edge /healthz status=200 upstream=B rt_ms=105 bytes=16162
2026-03-14 02:32:29.914 edge /static/style.css status=200 upstream=B rt_ms=361 bytes=2914
2026-03-14 02:32:31.552 edge /static/style.css status=200 upstream=B rt_ms=10 bytes=19412
2026-03-14 02:32:32.397 edge /api/orders status=200 upstream=B rt_ms=374 bytes=17486
2026-03-14 02:32:32.509 edge /api/events status=200 upstream=B rt_ms=251 bytes=28203
2026-03-14 02:32:32.872 edge /api/orders status=200 upstream=B rt_ms=271 bytes=9084
2026-03-14 02:32:33.287 edge /api/orders status=200 upstream=B rt_ms=183 bytes=7261
2026-03-14 02:32:34.654 edge / status=200 upstream=B rt_ms=178 bytes=10489
2026-03-14 02:32:38.942 edge /api/orders status=200 upstream=B rt_ms=160 bytes=27087
2026-03-14 02:32:39.258 edge /static/style.css status=200 upstream=B rt_ms=41 bytes=7858
2026-03-14 02:32:39.986 edge /healthz status=200 upstream=B rt_ms=195 bytes=24959
2026-03-14 02:32:40.727 edge /api/orders status=200 upstream=B rt_ms=241 bytes=31127
2026-03-14 02:32:42.989 edge / status=200 upstream=B rt_ms=28 bytes=29058
2026-03-14 02:32:43.015 edge /healthz status=200 upstream=B rt_ms=64 bytes=13183
2026-03-14 02:32:45.766 edge /static/style.css status=200 upstream=B rt_ms=202 bytes=6055
2026-03-14 02:32:45.800 edge / status=200 upstream=B rt_ms=20 bytes=6099
2026-03-14 02:32:46.923 edge /static/style.css status=200 upstream=B rt_ms=203 bytes=26429
2026-03-14 02:32:48.607 edge /api/events status=200 upstream=B rt_ms=371 bytes=6317
2026-03-14 02:32:49.227 edge /api/events status=200 upstream=B rt_ms=392 bytes=29185
2026-03-14 02:32:50.361 edge / status=200 upstream=B rt_ms=178 bytes=40885
2026-03-14 02:32:51.533 edge / status=200 upstream=B rt_ms=10 bytes=26616
2026-03-14 02:32:56.512 edge / status=200 upstream=B rt_ms=199 bytes=18649
2026-03-14 02:32:56.549 edge /api/events status=200 upstream=B rt_ms=270 bytes=4898
2026-03-14 02:32:58.797 edge /static/style.css status=200 upstream=B rt_ms=50 bytes=41793
2026-03-14 02:33:01.220 edge /healthz status=200 upstream=B rt_ms=69 bytes=2511
2026-03-14 02:33:01.721 edge /api/events status=200 upstream=B rt_ms=207 bytes=862
2026-03-14 02:33:02.561 edge /api/events status=200 upstream=B rt_ms=310 bytes=23433
2026-03-14 02:33:06.201 edge /api/events status=200 upstream=B rt_ms=292 bytes=8552
2026-03-14 02:33:07.408 edge /api/events status=200 upstream=B rt_ms=392 bytes=35665
2026-03-14 02:33:07.682 edge /api/orders status=200 upstream=B rt_ms=69 bytes=8050
2026-03-14 02:33:08.290 edge /healthz status=200 upstream=B rt_ms=28 bytes=29258
2026-03-14 02:33:09.011 edge /api/orders status=200 upstream=B rt_ms=283 bytes=25422
2026-03-14 02:33:09.733 edge /healthz status=200 upstream=B rt_ms=78 bytes=1774
2026-03-14 02:33:10.564 edge /healthz status=200 upstream=B rt_ms=181 bytes=17591
2026-03-14 02:33:13.867 edge / status=200 upstream=B rt_ms=9 bytes=21338
2026-03-14 02:33:13.976 edge / status=200 upstream=B rt_ms=338 bytes=1204
2026-03-14 02:33:14.012 edge /healthz status=200 upstream=B rt_ms=344 bytes=40080
2026-03-14 02:33:15.421 edge /api/events status=200 upstream=B rt_ms=288 bytes=33496
2026-03-14 02:33:15.792 edge / status=200 upstream=B rt_ms=272 bytes=5158
2026-03-14 02:33:16.456 edge /healthz status=200 upstream=B rt_ms=331 bytes=18925
2026-03-14 02:33:20.409 edge /api/orders status=200 upstream=B rt_ms=268 bytes=8580
2026-03-14 02:33:21.140 edge /api/events status=200 upstream=B rt_ms=336 bytes=30599
2026-03-14 02:33:21.543 edge / status=200 upstream=B rt_ms=73 bytes=33010
2026-03-14 02:33:21.740 edge /static/style.css status=200 upstream=B rt_ms=259 bytes=17312
2026-03-14 02:33:23.866 edge /healthz status=200 upstream=B rt_ms=195 bytes=41910
2026-03-14 02:33:24.863 edge /api/events status=200 upstream=B rt_ms=162 bytes=14004
2026-03-14 02:33:25.062 edge /static/style.css status=200 upstream=B rt_ms=330 bytes=38437
2026-03-14 02:33:27.219 edge /api/orders status=200 upstream=B rt_ms=53 bytes=31848
2026-03-14 02:33:27.817 edge /static/style.css status=200 upstream=B rt_ms=188 bytes=21442
2026-03-14 02:33:28.130 edge /api/events status=200 upstream=B rt_ms=26 bytes=7835
2026-03-14 02:33:29.469 edge /healthz status=200 upstream=B rt_ms=29 bytes=38140
2026-03-14 02:33:31.819 edge /healthz status=200 upstream=B rt_ms=131 bytes=3141
2026-03-14 02:33:31.908 edge /api/orders status=200 upstream=B rt_ms=187 bytes=20108
2026-03-14 02:33:33.222 edge / status=200 upstream=B rt_ms=15 bytes=22942
2026-03-14 02:33:33.812 edge /static/style.css status=200 upstream=B rt_ms=308 bytes=33877
2026-03-14 02:33:34.362 edge /api/events status=200 upstream=B rt_ms=191 bytes=24118
2026-03-14 02:33:34.372 edge /api/events status=200 upstream=B rt_ms=178 bytes=21153
2026-03-14 02:33:34.600 edge /api/orders status=500 upstream=B rt_ms=48 bytes=33342
2026-03-14 02:33:35.440 edge /api/events status=200 upstream=B rt_ms=74 bytes=28186
2026-03-14 02:33:39.638 edge /api/orders status=200 upstream=B rt_ms=198 bytes=36647
2026-03-14 02:33:40.574 edge /api/orders status=200 upstream=B rt_ms=279 bytes=30946
2026-03-14 02:33:41.522 edge /api/events status=200 upstream=B rt_ms=106 bytes=33092
2026-03-14 02:33:42.203 edge /static/style.css status=200 upstream=B rt_ms=272 bytes=34410
2026-03-14 02:33:42.239 edge /healthz status=200 upstream=B rt_ms=159 bytes=21351
2026-03-14 02:33:42.856 edge /healthz status=200 upstream=B rt_ms=134 bytes=4505
2026-03-14 02:33:43.722 edge /healthz status=200 upstream=B rt_ms=280 bytes=31708
2026-03-14 02:33:43.794 edge /api/events status=200 upstream=B rt_ms=64 bytes=17058
2026-03-14 02:33:45.130 edge /static/style.css status=200 upstream=B rt_ms=80 bytes=6562
2026-03-14 02:33:45.529 edge /healthz status=200 upstream=B rt_ms=233 bytes=41014
2026-03-14 02:33:46.313 edge /static/style.css status=200 upstream=B rt_ms=173 bytes=34759
2026-03-14 02:33:48.181 edge /api/orders status=200 upstream=B rt_ms=80 bytes=10672
2026-03-14 02:33:48.450 edge /healthz status=200 upstream=B rt_ms=69 bytes=28907
2026-03-14 02:33:50.251 edge /api/orders status=200 upstream=B rt_ms=288 bytes=19437
2026-03-14 02:33:50.377 edge /static/style.css status=404 upstream=B rt_ms=277 bytes=7341
2026-03-14 02:33:51.324 edge /api/events status=200 upstream=B rt_ms=307 bytes=18808
2026-03-14 02:33:54.746 edge /static/style.css status=200 upstream=B rt_ms=218 bytes=12483
2026-03-14 02:33:55.090 edge /api/events status=200 upstream=B rt_ms=391 bytes=17477
2026-03-14 02:33:58.785 edge /api/orders status=200 upstream=B rt_ms=185 bytes=33333
2026-03-14 02:34:00.199 edge /healthz status=200 upstream=B rt_ms=71 bytes=35685
2026-03-14 02:34:00.235 edge /healthz status=200 upstream=B rt_ms=130 bytes=22759
2026-03-14 02:34:02.640 edge / status=502 upstream=B rt_ms=123 bytes=13742
2026-03-14 02:34:02.720 edge /healthz status=200 upstream=B rt_ms=102 bytes=14732
2026-03-14 02:34:03.188 edge / status=200 upstream=B rt_ms=219 bytes=5484
2026-03-14 02:34:05.129 edge /api/orders status=502 upstream=B rt_ms=179 bytes=14902
2026-03-14 02:34:05.141 edge /api/events status=200 upstream=B rt_ms=276 bytes=28326
2026-03-14 02:34:05.312 edge /static/style.css status=200 upstream=B rt_ms=33 bytes=36735
2026-03-14 02:34:06.372 edge /static/style.css status=200 upstream=B rt_ms=381 bytes=27440
2026-03-14 02:34:07.443 edge / status=200 upstream=B rt_ms=235 bytes=39936
2026-03-14 02:34:09.358 edge /api/orders status=200 upstream=B rt_ms=40 bytes=11942
2026-03-14 02:34:09.552 edge / status=200 upstream=B rt_ms=396 bytes=8862
2026-03-14 02:34:09.924 edge /healthz status=200 upstream=B rt_ms=170 bytes=13445
2026-03-14 02:34:10.447 edge /healthz status=502 upstream=B rt_ms=268 bytes=37492
2026-03-14 02:34:11.227 edge /static/style.css status=200 upstream=B rt_ms=320 bytes=10620
2026-03-14 02:34:11.259 edge /healthz status=200 upstream=B rt_ms=38 bytes=6032
2026-03-14 02:34:11.457 edge / status=502 upstream=B rt_ms=211 bytes=29851
2026-03-14 02:34:12.493 edge /static/style.css status=200 upstream=B rt_ms=368 bytes=24413
2026-03-14 02:34:12.536 edge /healthz status=200 upstream=B rt_ms=3 bytes=20897
2026-03-14 02:34:16.909 edge /static/style.css status=200 upstream=B rt_ms=31 bytes=21513
2026-03-14 02:34:17.357 edge /static/style.css status=502 upstream=B rt_ms=72 bytes=1035
2026-03-14 02:34:18.133 edge /api/orders status=502 upstream=B rt_ms=376 bytes=24696
2026-03-14 02:34:18.366 edge /static/style.css status=200 upstream=B rt_ms=21 bytes=4755
2026-03-14 02:34:19.313 edge /static/style.css status=200 upstream=B rt_ms=271 bytes=7841
2026-03-14 02:34:21.549 edge /healthz status=200 upstream=B rt_ms=158 bytes=9069
2026-03-14 02:34:22.071 edge / status=200 upstream=B rt_ms=176 bytes=38395
2026-03-14 02:34:22.766 edge /static/style.css status=200 upstream=B rt_ms=167 bytes=41678
2026-03-14 02:34:25.105 edge /static/style.css status=200 upstream=B rt_ms=247 bytes=4185
2026-03-14 02:34:27.718 edge /healthz status=502 upstream=B rt_ms=136 bytes=2469
2026-03-14 02:34:30.279 edge /static/style.css status=502 upstream=B rt_ms=388 bytes=627
2026-03-14 02:34:30.453 edge /api/events status=502 upstream=B rt_ms=6 bytes=34839
2026-03-14 02:34:32.984 edge / status=200 upstream=B rt_ms=308 bytes=31588
2026-03-14 02:34:33.737 edge /static/style.css status=502 upstream=B rt_ms=385 bytes=38265
2026-03-14 02:34:35.621 edge /healthz status=502 upstream=B rt_ms=155 bytes=8971
2026-03-14 02:34:35.751 edge /api/events status=200 upstream=B rt_ms=38 bytes=10590
2026-03-14 02:34:37.521 edge /static/style.css status=200 upstream=B rt_ms=389 bytes=11327
2026-03-14 02:34:37.683 edge /api/orders status=200 upstream=B rt_ms=137 bytes=30744
2026-03-14 02:34:38.412 edge /api/events status=200 upstream=B rt_ms=365 bytes=27387
2026-03-14 02:34:38.467 edge /api/orders status=502 upstream=B rt_ms=305 bytes=11408
2026-03-14 02:34:40.468 edge /api/events status=200 upstream=B rt_ms=82 bytes=29756
2026-03-14 02:34:44.455 edge /api/events status=200 upstream=B rt_ms=335 bytes=13164
2026-03-14 02:34:47.839 edge /api/orders status=502 upstream=B rt_ms=300 bytes=30958
2026-03-14 02:34:48.012 edge /healthz status=200 upstream=B rt_ms=293 bytes=31731
2026-03-14 02:34:48.331 edge /healthz status=200 upstream=B rt_ms=128 bytes=22358
2026-03-14 02:34:49.400 edge /api/events status=502 upstream=B rt_ms=257 bytes=24386
2026-03-14 02:34:50.306 edge /static/style.css status=500 upstream=B rt_ms=150 bytes=20114
2026-03-14 02:34:50.562 edge / status=502 upstream=B rt_ms=293 bytes=2696
2026-03-14 02:34:51.213 edge /static/style.css status=200 upstream=B rt_ms=67 bytes=24705
2026-03-14 02:34:53.701 edge / status=502 upstream=B rt_ms=328 bytes=24525
2026-03-14 02:34:53.749 edge /api/events status=200 upstream=B rt_ms=71 bytes=25137
2026-03-14 02:34:53.925 edge /api/events status=200 upstream=B rt_ms=317 bytes=29590
2026-03-14 02:34:55.117 edge /healthz status=200 upstream=B rt_ms=326 bytes=8202
2026-03-14 02:34:55.238 edge /api/orders status=200 upstream=B rt_ms=256 bytes=30770
2026-03-14 02:34:55.648 edge /static/style.css status=502 upstream=B rt_ms=221 bytes=15438
2026-03-14 02:34:55.922 edge /api/events status=200 upstream=B rt_ms=233 bytes=267
2026-03-14 02:34:58.052 edge /healthz status=200 upstream=B rt_ms=67 bytes=15932
2026-03-14 02:35:01.112 edge /healthz status=200 upstream=B rt_ms=259 bytes=2040
2026-03-14 02:35:01.557 edge /api/orders status=200 upstream=B rt_ms=69 bytes=25263
2026-03-14 02:35:01.800 edge /api/orders status=502 upstream=B rt_ms=185 bytes=14727
2026-03-14 02:35:02.115 edge /static/style.css status=502 upstream=B rt_ms=67 bytes=31327
2026-03-14 02:35:05.280 edge /api/events status=502 upstream=B rt_ms=51 bytes=5410
2026-03-14 02:35:07.107 edge /healthz status=200 upstream=B rt_ms=145 bytes=29896
2026-03-14 02:35:07.277 edge /api/events status=502 upstream=B rt_ms=81 bytes=384
2026-03-14 02:35:08.004 edge /static/style.css status=200 upstream=B rt_ms=162 bytes=16937
2026-03-14 02:35:08.744 edge /healthz status=200 upstream=B rt_ms=225 bytes=24489
2026-03-14 02:35:10.112 edge /api/events status=200 upstream=B rt_ms=13 bytes=36585
2026-03-14 02:35:11.277 edge /api/orders status=200 upstream=B rt_ms=235 bytes=31021
2026-03-14 02:35:12.187 edge / status=502 upstream=B rt_ms=52 bytes=33528
2026-03-14 02:35:13.423 edge /api/events status=502 upstream=B rt_ms=340 bytes=14643
2026-03-14 02:35:15.363 edge /static/style.css status=200 upstream=B rt_ms=70 bytes=16909
2026-03-14 02:35:16.053 edge /healthz status=502 upstream=B rt_ms=234 bytes=8706
2026-03-14 02:35:16.302 edge /api/events status=200 upstream=B rt_ms=351 bytes=24831
2026-03-14 02:35:16.595 edge /healthz status=404 upstream=B rt_ms=257 bytes=7504
2026-03-14 02:35:17.671 edge /api/orders status=404 upstream=B rt_ms=34 bytes=21909
2026-03-14 02:35:18.541 edge / status=200 upstream=B rt_ms=210 bytes=25403
2026-03-14 02:35:19.745 edge /static/style.css status=502 upstream=B rt_ms=83 bytes=35617
2026-03-14 02:35:20.717 edge /api/events status=200 upstream=B rt_ms=324 bytes=39634
2026-03-14 02:35:21.086 edge /api/orders status=404 upstream=B rt_ms=341 bytes=36884
2026-03-14 02:35:21.440 edge /static/style.css status=200 upstream=B rt_ms=363 bytes=1653
2026-03-14 02:35:21.456 edge /api/orders status=404 upstream=B rt_ms=258 bytes=1532
2026-03-14 02:35:23.318 edge /api/orders status=200 upstream=B rt_ms=93 bytes=13287
2026-03-14 02:35:24.391 edge /api/events status=502 upstream=B rt_ms=208 bytes=27354
2026-03-14 02:35:25.474 edge /healthz status=502 upstream=B rt_ms=369 bytes=1379
2026-03-14 02:35:26.637 edge /healthz status=502 upstream=B rt_ms=352 bytes=29873
2026-03-14 02:35:27.035 edge /static/style.css status=200 upstream=B rt_ms=104 bytes=6765
2026-03-14 02:35:27.775 edge /api/events status=200 upstream=B rt_ms=391 bytes=12814
2026-03-14 02:35:30.229 edge /static/style.css status=404 upstream=B rt_ms=347 bytes=33504
2026-03-14 02:35:30.705 edge /api/events status=502 upstream=B rt_ms=8 bytes=32809
2026-03-14 02:35:31.405 edge / status=200 upstream=B rt_ms=21 bytes=17895
2026-03-14 02:35:31.619 edge /healthz status=502 upstream=B rt_ms=326 bytes=24341
2026-03-14 02:35:32.470 edge /api/events status=502 upstream=B rt_ms=376 bytes=14665
2026-03-14 02:35:33.232 edge /api/orders status=502 upstream=B rt_ms=183 bytes=18905
2026-03-14 02:35:34.936 edge / status=502 upstream=B rt_ms=344 bytes=20439
2026-03-14 02:35:35.014 edge /api/events status=200 upstream=B rt_ms=203 bytes=26954
2026-03-14 02:35:36.667 edge /api/events status=502 upstream=B rt_ms=164 bytes=34175
2026-03-14 02:35:38.030 edge /healthz status=200 upstream=B rt_ms=251 bytes=33756
2026-03-14 02:35:38.803 edge / status=404 upstream=B rt_ms=195 bytes=33574
2026-03-14 02:35:39.938 edge / status=200 upstream=B rt_ms=270 bytes=20879
2026-03-14 02:35:40.174 edge /static/style.css status=200 upstream=B rt_ms=302 bytes=32743
2026-03-14 02:35:42.488 edge /api/orders status=404 upstream=B rt_ms=134 bytes=25366
2026-03-14 02:35:43.687 edge /static/style.css status=200 upstream=B rt_ms=26 bytes=27504
2026-03-14 02:35:46.964 edge / status=200 upstream=B rt_ms=131 bytes=27548
2026-03-14 02:35:47.506 edge /api/events status=502 upstream=B rt_ms=273 bytes=29984
2026-03-14 02:35:48.266 edge /api/events status=200 upstream=B rt_ms=42 bytes=1609
2026-03-14 02:35:48.950 edge /api/events status=200 upstream=B rt_ms=98 bytes=8701
2026-03-14 02:35:49.940 edge /api/orders status=200 upstream=B rt_ms=309 bytes=40531
2026-03-14 02:35:51.314 edge / status=502 upstream=B rt_ms=98 bytes=33085
2026-03-14 02:35:51.480 edge / status=200 upstream=B rt_ms=233 bytes=40178
2026-03-14 02:35:52.638 edge /api/orders status=200 upstream=B rt_ms=299 bytes=3372
2026-03-14 02:35:52.649 edge /healthz status=500 upstream=B rt_ms=33 bytes=7843
2026-03-14 02:35:53.931 edge /healthz status=200 upstream=B rt_ms=176 bytes=13389
2026-03-14 02:35:54.364 edge /static/style.css status=200 upstream=B rt_ms=206 bytes=19089
2026-03-14 02:35:54.843 edge /api/events status=200 upstream=B rt_ms=266 bytes=12655
2026-03-14 02:35:56.147 edge /api/orders status=502 upstream=B rt_ms=231 bytes=40157
2026-03-14 02:35:56.330 edge /healthz status=200 upstream=B rt_ms=99 bytes=3476
2026-03-14 02:35:57.543 edge /static/style.css status=200 upstream=B rt_ms=359 bytes=15739
2026-03-14 02:35:58.027 edge /healthz status=502 upstream=B rt_ms=221 bytes=38352
2026-03-14 02:35:58.155 edge /api/events status=200 upstream=B rt_ms=127 bytes=18521
2026-03-14 02:36:01.019 edge / status=200 upstream=B rt_ms=321 bytes=31974
2026-03-14 02:36:01.422 edge /static/style.css status=502 upstream=B rt_ms=277 bytes=32757
2026-03-14 02:36:02.677 edge /healthz status=200 upstream=B rt_ms=397 bytes=38579
2026-03-14 02:36:06.318 edge /healthz status=502 upstream=B rt_ms=197 bytes=32663
2026-03-14 02:36:06.856 edge /static/style.css status=200 upstream=B rt_ms=324 bytes=28727
2026-03-14 02:36:08.258 edge /static/style.css status=502 upstream=B rt_ms=25 bytes=2164
2026-03-14 02:36:08.746 edge /static/style.css status=502 upstream=B rt_ms=88 bytes=27182
2026-03-14 02:36:12.116 edge /api/events status=200 upstream=B rt_ms=341 bytes=30928
2026-03-14 02:36:13.913 edge /healthz status=502 upstream=B rt_ms=209 bytes=11752
2026-03-14 02:36:16.478 edge /static/style.css status=502 upstream=B rt_ms=384 bytes=5939
2026-03-14 02:36:16.652 edge / status=200 upstream=B rt_ms=364 bytes=4029
2026-03-14 02:36:17.310 edge / status=200 upstream=B rt_ms=351 bytes=24868
2026-03-14 02:36:18.681 edge /api/orders status=200 upstream=B rt_ms=218 bytes=12908
2026-03-14 02:36:18.756 edge /static/style.css status=502 upstream=B rt_ms=175 bytes=35917
2026-03-14 02:36:18.925 edge /static/style.css status=200 upstream=B rt_ms=285 bytes=20134
2026-03-14 02:36:18.976 edge / status=502 upstream=B rt_ms=138 bytes=1066
2026-03-14 02:36:19.764 edge /api/orders status=500 upstream=B rt_ms=234 bytes=27508
2026-03-14 02:36:19.984 edge / status=502 upstream=B rt_ms=193 bytes=10658
2026-03-14 02:36:20.392 edge /api/orders status=200 upstream=B rt_ms=166 bytes=6104
2026-03-14 02:36:20.460 edge / status=200 upstream=B rt_ms=187 bytes=20418
2026-03-14 02:36:22.026 edge /api/orders status=200 upstream=B rt_ms=383 bytes=21603
2026-03-14 02:36:23.088 edge / status=200 upstream=B rt_ms=313 bytes=25234
2026-03-14 02:36:23.163 edge /static/style.css status=502 upstream=B rt_ms=264 bytes=22108
2026-03-14 02:36:24.012 edge /static/style.css status=200 upstream=B rt_ms=31 bytes=6276
2026-03-14 02:36:24.554 edge /api/orders status=200 upstream=B rt_ms=54 bytes=3407
2026-03-14 02:36:24.903 edge /api/events status=502 upstream=B rt_ms=203 bytes=2527
2026-03-14 02:36:25.070 edge /api/orders status=200 upstream=B rt_ms=127 bytes=11123
2026-03-14 02:36:27.663 edge /healthz status=502 upstream=B rt_ms=137 bytes=37088
2026-03-14 02:36:27.900 edge /api/events status=200 upstream=B rt_ms=126 bytes=25770
2026-03-14 02:36:28.211 edge /api/events status=502 upstream=B rt_ms=56 bytes=25476
2026-03-14 02:36:28.303 edge /api/orders status=200 upstream=B rt_ms=331 bytes=16401
2026-03-14 02:36:28.315 edge /api/events status=200 upstream=B rt_ms=118 bytes=21490
2026-03-14 02:36:28.906 edge /api/events status=200 upstream=B rt_ms=191 bytes=40895
2026-03-14 02:36:29.018 edge /api/events status=200 upstream=B rt_ms=159 bytes=13226
2026-03-14 02:36:29.699 edge / status=200 upstream=B rt_ms=270 bytes=8158
2026-03-14 02:36:30.620 edge /healthz status=502 upstream=B rt_ms=77 bytes=20149
2026-03-14 02:36:31.345 edge /static/style.css status=404 upstream=B rt_ms=14 bytes=30703
2026-03-14 02:36:36.031 edge /api/orders status=200 upstream=B rt_ms=243 bytes=35049
2026-03-14 02:36:36.567 edge /api/orders status=200 upstream=B rt_ms=280 bytes=26337
2026-03-14 02:36:37.746 edge /api/events status=200 upstream=B rt_ms=398 bytes=31580
2026-03-14 02:36:38.241 edge /static/style.css status=200 upstream=B rt_ms=347 bytes=21871
2026-03-14 02:36:40.254 edge /healthz status=200 upstream=B rt_ms=61 bytes=14986
2026-03-14 02:36:40.979 edge /static/style.css status=200 upstream=B rt_ms=174 bytes=25176
2026-03-14 02:36:41.803 edge /static/style.css status=200 upstream=B rt_ms=91 bytes=21576
2026-03-14 02:36:42.499 edge /api/events status=200 upstream=B rt_ms=304 bytes=40149
2026-03-14 02:36:43.474 edge /healthz status=404 upstream=B rt_ms=144 bytes=22394
2026-03-14 02:36:46.032 edge /api/events status=404 upstream=B rt_ms=340 bytes=37795
2026-03-14 02:36:47.321 edge / status=200 upstream=B rt_ms=164 bytes=36778
2026-03-14 02:36:47.484 edge / status=200 upstream=B rt_ms=207 bytes=17126
2026-03-14 02:36:48.202 edge /api/orders status=502 upstream=B rt_ms=385 bytes=6056
2026-03-14 02:36:48.430 edge /api/events status=200 upstream=B rt_ms=165 bytes=13076
2026-03-14 02:36:49.069 edge / status=500 upstream=B rt_ms=258 bytes=26179
2026-03-14 02:36:49.261 edge /api/orders status=502 upstream=B rt_ms=238 bytes=13142
2026-03-14 02:36:50.801 edge /api/orders status=200 upstream=B rt_ms=70 bytes=14693
2026-03-14 02:36:51.382 edge /healthz status=200 upstream=B rt_ms=76 bytes=7221
2026-03-14 02:36:53.034 edge /api/events status=200 upstream=B rt_ms=293 bytes=41503
2026-03-14 02:36:53.262 edge /api/orders status=200 upstream=B rt_ms=388 bytes=37172
2026-03-14 02:36:53.642 edge /healthz status=502 upstream=B rt_ms=154 bytes=19842
2026-03-14 02:36:56.158 edge /static/style.css status=502 upstream=B rt_ms=100 bytes=18460
2026-03-14 02:36:58.120 edge /healthz status=200 upstream=B rt_ms=64 bytes=566
2026-03-14 02:36:59.667 edge / status=502 upstream=B rt_ms=264 bytes=17468
2026-03-14 02:37:02.870 edge /healthz status=200 upstream=B rt_ms=198 bytes=23717
2026-03-14 02:37:04.492 edge /api/events status=502 upstream=B rt_ms=133 bytes=23220
2026-03-14 02:37:05.622 edge /api/events status=502 upstream=B rt_ms=220 bytes=13948
2026-03-14 02:37:06.825 edge /api/events status=200 upstream=B rt_ms=399 bytes=12757
2026-03-14 02:37:08.204 edge / status=200 upstream=B rt_ms=100 bytes=25237
2026-03-14 02:37:10.180 edge /api/orders status=404 upstream=B rt_ms=311 bytes=32184
2026-03-14 02:37:11.019 edge /static/style.css status=200 upstream=B rt_ms=11 bytes=7758
2026-03-14 02:37:12.824 edge /healthz status=502 upstream=B rt_ms=280 bytes=35577
2026-03-14 02:37:15.078 edge /api/orders status=200 upstream=B rt_ms=91 bytes=22121
2026-03-14 02:37:15.465 edge /static/style.css status=502 upstream=B rt_ms=231 bytes=20861
2026-03-14 02:37:15.636 edge / status=200 upstream=B rt_ms=276 bytes=9674
2026-03-14 02:37:19.816 edge / status=502 upstream=B rt_ms=100 bytes=12717
2026-03-14 02:37:20.246 edge / status=404 upstream=B rt_ms=180 bytes=1355
2026-03-14 02:37:22.756 edge /api/orders status=502 upstream=B rt_ms=262 bytes=32550
2026-03-14 02:37:23.161 edge /healthz status=200 upstream=B rt_ms=106 bytes=24869
2026-03-14 02:37:24.177 edge /api/orders status=200 upstream=B rt_ms=177 bytes=38322
2026-03-14 02:37:25.592 edge / status=502 upstream=B rt_ms=40 bytes=21174
2026-03-14 02:37:25.594 edge /static/style.css status=200 upstream=B rt_ms=11 bytes=16273
2026-03-14 02:37:26.670 edge /static/style.css status=200 upstream=B rt_ms=36 bytes=8056
2026-03-14 02:37:28.559 edge /healthz status=502 upstream=B rt_ms=54 bytes=26817
2026-03-14 02:37:29.436 edge /static/style.css status=404 upstream=B rt_ms=366 bytes=3509
2026-03-14 02:37:29.465 edge /healthz status=502 upstream=B rt_ms=56 bytes=15866
2026-03-14 02:37:29.954 edge /api/events status=200 upstream=B rt_ms=83 bytes=41936
2026-03-14 02:37:30.063 edge /api/events status=200 upstream=B rt_ms=253 bytes=27112
2026-03-14 02:37:31.689 edge /static/style.css status=502 upstream=B rt_ms=351 bytes=39249
2026-03-14 02:37:32.264 edge /api/orders status=502 upstream=B rt_ms=282 bytes=39467
2026-03-14 02:37:32.483 edge /healthz status=200 upstream=B rt_ms=146 bytes=24519
2026-03-14 02:37:32.805 edge /api/orders status=200 upstream=B rt_ms=63 bytes=41199
2026-03-14 02:37:33.933 edge /healthz status=502 upstream=B rt_ms=156 bytes=18291
2026-03-14 02:37:34.599 edge / status=200 upstream=B rt_ms=324 bytes=28536
2026-03-14 02:37:35.473 edge /healthz status=200 upstream=B rt_ms=267 bytes=14460
2026-03-14 02:37:37.810 edge /api/events status=200 upstream=B rt_ms=59 bytes=12835
2026-03-14 02:37:39.606 edge / status=502 upstream=B rt_ms=327 bytes=22772
2026-03-14 02:37:39.984 edge /healthz status=502 upstream=B rt_ms=224 bytes=35335
2026-03-14 02:37:44.445 edge /api/orders status=200 upstream=B rt_ms=149 bytes=12505
2026-03-14 02:37:45.106 edge /static/style.css status=404 upstream=B rt_ms=278 bytes=40993
2026-03-14 02:37:45.304 edge / status=200 upstream=B rt_ms=76 bytes=33050
2026-03-14 02:37:46.559 edge /api/orders status=200 upstream=B rt_ms=79 bytes=6553
2026-03-14 02:37:47.111 edge /healthz status=502 upstream=B rt_ms=186 bytes=19579
2026-03-14 02:37:47.457 edge /api/events status=500 upstream=B rt_ms=93 bytes=10179
2026-03-14 02:37:47.716 edge /api/orders status=200 upstream=B rt_ms=344 bytes=33392
2026-03-14 02:37:50.258 edge /healthz status=200 upstream=B rt_ms=82 bytes=12481
2026-03-14 02:37:51.502 edge /static/style.css status=500 upstream=B rt_ms=364 bytes=15502
2026-03-14 02:37:54.791 edge /healthz status=200 upstream=B rt_ms=357 bytes=12815
2026-03-14 02:37:54.917 edge / status=502 upstream=B rt_ms=329 bytes=677
2026-03-14 02:37:55.388 edge /static/style.css status=200 upstream=B rt_ms=160 bytes=12194
2026-03-14 02:37:56.146 edge /api/events status=200 upstream=B rt_ms=390 bytes=2729
2026-03-14 02:37:57.475 edge / status=500 upstream=B rt_ms=128 bytes=4523
2026-03-14 02:37:58.392 edge / status=200 upstream=B rt_ms=156 bytes=34781
2026-03-14 02:37:58.776 edge /healthz status=502 upstream=B rt_ms=193 bytes=20873
2026-03-14 02:37:59.944 edge /api/orders status=200 upstream=B rt_ms=236 bytes=36350
2026-03-14 02:38:00.315 edge /healthz status=404 upstream=B rt_ms=172 bytes=38592
2026-03-14 02:38:01.859 edge /static/style.css status=200 upstream=B rt_ms=77 bytes=35778
2026-03-14 02:38:01.873 edge /static/style.css status=200 upstream=B rt_ms=232 bytes=38029
2026-03-14 02:38:04.041 edge /api/orders status=502 upstream=B rt_ms=353 bytes=23743
2026-03-14 02:38:04.218 edge / status=502 upstream=B rt_ms=240 bytes=5073
2026-03-14 02:38:04.846 edge /api/events status=500 upstream=B rt_ms=123 bytes=35630
2026-03-14 02:38:06.086 edge /static/style.css status=502 upstream=B rt_ms=21 bytes=26280
2026-03-14 02:38:08.595 edge /static/style.css status=200 upstream=B rt_ms=212 bytes=29278
2026-03-14 02:38:09.020 edge / status=502 upstream=B rt_ms=356 bytes=18200
2026-03-14 02:38:15.148 edge /healthz status=500 upstream=B rt_ms=5 bytes=5205
2026-03-14 02:38:15.299 edge /healthz status=200 upstream=B rt_ms=399 bytes=36938
2026-03-14 02:38:15.464 edge /healthz status=502 upstream=B rt_ms=24 bytes=26770
2026-03-14 02:38:16.243 edge /api/orders status=200 upstream=B rt_ms=352 bytes=27758
2026-03-14 02:38:16.362 edge /api/orders status=200 upstream=B rt_ms=20 bytes=10784
2026-03-14 02:38:16.790 edge /healthz status=200 upstream=B rt_ms=312 bytes=30999
2026-03-14 02:38:18.244 edge /api/orders status=502 upstream=B rt_ms=257 bytes=41746
2026-03-14 02:38:18.745 edge / status=502 upstream=B rt_ms=191 bytes=9751
2026-03-14 02:38:21.428 edge /api/orders status=500 upstream=B rt_ms=224 bytes=12584
2026-03-14 02:38:21.568 edge /healthz status=200 upstream=B rt_ms=204 bytes=4756
2026-03-14 02:38:22.415 edge /api/events status=200 upstream=B rt_ms=221 bytes=14753
2026-03-14 02:38:22.592 edge /healthz status=200 upstream=B rt_ms=285 bytes=11930
2026-03-14 02:38:22.919 edge /static/style.css status=502 upstream=B rt_ms=129 bytes=27317
2026-03-14 02:38:23.477 edge / status=502 upstream=B rt_ms=20 bytes=21577
2026-03-14 02:38:23.818 edge / status=200 upstream=B rt_ms=176 bytes=11899
2026-03-14 02:38:23.871 edge /healthz status=500 upstream=B rt_ms=269 bytes=2325
2026-03-14 02:38:24.110 edge /api/events status=200 upstream=B rt_ms=12 bytes=14450
2026-03-14 02:38:24.116 edge / status=200 upstream=B rt_ms=159 bytes=32045
2026-03-14 02:38:24.291 edge /api/events status=200 upstream=B rt_ms=358 bytes=16943
2026-03-14 02:38:24.409 edge /api/orders status=200 upstream=B rt_ms=369 bytes=9103
2026-03-14 02:38:24.691 edge /api/events status=500 upstream=B rt_ms=331 bytes=34027
2026-03-14 02:38:24.945 edge /static/style.css status=200 upstream=B rt_ms=19 bytes=22767
2026-03-14 02:38:25.668 edge /healthz status=200 upstream=B rt_ms=361 bytes=25396
2026-03-14 02:38:26.153 edge /static/style.css status=200 upstream=B rt_ms=274 bytes=12298
2026-03-14 02:38:26.922 edge /api/events status=200 upstream=B rt_ms=397 bytes=36323
2026-03-14 02:38:27.953 edge /static/style.css status=200 upstream=B rt_ms=148 bytes=8837
2026-03-14 02:38:29.287 edge /healthz status=200 upstream=B rt_ms=46 bytes=40024
2026-03-14 02:38:30.034 edge / status=200 upstream=B rt_ms=80 bytes=20166
2026-03-14 02:38:30.978 edge /healthz status=502 upstream=B rt_ms=292 bytes=36699
2026-03-14 02:38:31.167 edge /static/style.css status=502 upstream=B rt_ms=189 bytes=18336
2026-03-14 02:38:33.304 edge /api/events status=200 upstream=B rt_ms=91 bytes=14014
2026-03-14 02:38:33.518 edge /api/events status=502 upstream=B rt_ms=222 bytes=8048
2026-03-14 02:38:35.102 edge /healthz status=200 upstream=B rt_ms=141 bytes=10356
2026-03-14 02:38:35.161 edge /api/orders status=404 upstream=B rt_ms=276 bytes=40574
2026-03-14 02:38:36.798 edge / status=502 upstream=B rt_ms=186 bytes=14834
2026-03-14 02:38:39.105 edge /api/events status=502 upstream=B rt_ms=7 bytes=22698
2026-03-14 02:38:40.633 edge /api/orders status=502 upstream=B rt_ms=215 bytes=23149
2026-03-14 02:38:41.859 edge /api/events status=200 upstream=B rt_ms=162 bytes=37528
2026-03-14 02:38:42.531 edge / status=200 upstream=B rt_ms=149 bytes=22973
2026-03-14 02:38:43.152 edge /static/style.css status=200 upstream=B rt_ms=186 bytes=19734
2026-03-14 02:38:45.333 edge / status=200 upstream=B rt_ms=247 bytes=32268
2026-03-14 02:38:45.793 edge / status=502 upstream=B rt_ms=115 bytes=27981
2026-03-14 02:38:46.180 edge / status=200 upstream=B rt_ms=100 bytes=36670
2026-03-14 02:38:46.763 edge /api/orders status=502 upstream=B rt_ms=353 bytes=28877
2026-03-14 02:38:47.128 edge /healthz status=200 upstream=B rt_ms=157 bytes=37069
2026-03-14 02:38:47.421 edge / status=200 upstream=B rt_ms=347 bytes=2373
2026-03-14 02:38:47.601 edge /api/orders status=200 upstream=B rt_ms=388 bytes=1752
2026-03-14 02:38:50.243 edge /healthz status=502 upstream=B rt_ms=185 bytes=2672
2026-03-14 02:38:50.732 edge /api/orders status=200 upstream=B rt_ms=388 bytes=39566
2026-03-14 02:38:50.903 edge /api/orders status=200 upstream=B rt_ms=155 bytes=34472
2026-03-14 02:38:53.775 edge /api/orders status=200 upstream=B rt_ms=48 bytes=37509
2026-03-14 02:38:54.680 edge /healthz status=404 upstream=B rt_ms=359 bytes=3809
2026-03-14 02:38:56.306 edge /healthz status=200 upstream=B rt_ms=28 bytes=15521
2026-03-14 02:38:57.224 edge / status=502 upstream=B rt_ms=186 bytes=31618
2026-03-14 02:38:57.440 edge /static/style.css status=200 upstream=B rt_ms=3 bytes=6605
2026-03-14 02:38:58.053 edge /api/events status=502 upstream=B rt_ms=73 bytes=14387
2026-03-14 02:38:58.133 edge /api/events status=200 upstream=B rt_ms=27 bytes=18999
2026-03-14 02:39:03.260 edge /api/orders status=502 upstream=B rt_ms=274 bytes=5719
2026-03-14 02:39:03.488 edge / status=200 upstream=B rt_ms=188 bytes=38579
2026-03-14 02:39:03.918 edge /api/orders status=404 upstream=B rt_ms=178 bytes=26572
2026-03-14 02:39:04.601 edge /healthz status=200 upstream=B rt_ms=277 bytes=37011
2026-03-14 02:39:04.870 edge /api/orders status=200 upstream=B rt_ms=250 bytes=8368
2026-03-14 02:39:07.270 edge /api/orders status=200 upstream=B rt_ms=212 bytes=21838
2026-03-14 02:39:07.851 edge / status=200 upstream=B rt_ms=291 bytes=40592
2026-03-14 02:39:08.493 edge /api/orders status=200 upstream=B rt_ms=166 bytes=24594
2026-03-14 02:39:08.639 edge /api/events status=502 upstream=B rt_ms=90 bytes=29493
2026-03-14 02:39:09.780 edge / status=502 upstream=B rt_ms=92 bytes=23925
2026-03-14 02:39:10.719 edge /api/orders status=200 upstream=B rt_ms=340 bytes=16491
2026-03-14 02:39:11.956 edge / status=500 upstream=B rt_ms=391 bytes=37289
2026-03-14 02:39:13.467 edge / status=200 upstream=B rt_ms=228 bytes=32534
2026-03-14 02:39:14.157 edge /api/events status=502 upstream=B rt_ms=299 bytes=37039
2026-03-14 02:39:14.391 edge /static/style.css status=502 upstream=B rt_ms=314 bytes=7770
2026-03-14 02:39:14.483 edge /static/style.css status=200 upstream=B rt_ms=19 bytes=5483
2026-03-14 02:39:15.426 edge /healthz status=502 upstream=B rt_ms=34 bytes=31616
2026-03-14 02:39:15.601 edge / status=200 upstream=B rt_ms=147 bytes=24427
2026-03-14 02:39:17.629 edge /api/events status=502 upstream=B rt_ms=268 bytes=16007
2026-03-14 02:39:18.023 edge /healthz status=404 upstream=B rt_ms=165 bytes=9846
2026-03-14 02:39:18.046 edge /api/orders status=404 upstream=B rt_ms=87 bytes=19946
2026-03-14 02:39:18.158 edge /healthz status=200 upstream=B rt_ms=250 bytes=224
2026-03-14 02:39:19.532 edge / status=200 upstream=B rt_ms=290 bytes=14677
2026-03-14 02:39:22.419 edge /api/orders status=404 upstream=B rt_ms=14 bytes=8486
2026-03-14 02:39:24.722 edge /api/orders status=502 upstream=B rt_ms=321 bytes=9736
2026-03-14 02:39:24.934 edge /static/style.css status=502 upstream=B rt_ms=132 bytes=10045
2026-03-14 02:39:28.221 edge /static/style.css status=502 upstream=B rt_ms=161 bytes=6986
2026-03-14 02:39:28.512 edge /static/style.css status=200 upstream=B rt_ms=258 bytes=29399
2026-03-14 02:39:29.984 edge / status=200 upstream=B rt_ms=277 bytes=12125
2026-03-14 02:39:31.781 edge /api/events status=502 upstream=B rt_ms=151 bytes=12001
2026-03-14 02:39:35.622 edge /static/style.css status=502 upstream=B rt_ms=279 bytes=2054
2026-03-14 02:39:38.646 edge /api/orders status=200 upstream=B rt_ms=182 bytes=4477
2026-03-14 02:39:38.877 edge / status=200 upstream=B rt_ms=100 bytes=24461
2026-03-14 02:39:39.998 edge /healthz status=502 upstream=B rt_ms=260 bytes=26157
2026-03-14 02:39:40.615 edge /api/events status=200 upstream=B rt_ms=144 bytes=39350
2026-03-14 02:39:41.380 edge /api/orders status=200 upstream=B rt_ms=218 bytes=10581
2026-03-14 02:39:42.493 edge / status=200 upstream=B rt_ms=282 bytes=39976
2026-03-14 02:39:44.405 edge /api/orders status=200 upstream=B rt_ms=144 bytes=3143
2026-03-14 02:39:45.496 edge /api/events status=502 upstream=B rt_ms=231 bytes=9171
2026-03-14 02:39:48.589 edge /api/orders status=500 upstream=B rt_ms=97 bytes=19176
2026-03-14 02:39:49.160 edge /api/orders status=200 upstream=B rt_ms=198 bytes=14775
2026-03-14 02:39:49.935 edge /static/style.css status=502 upstream=B rt_ms=58 bytes=36360
2026-03-14 02:39:50.830 edge / status=500 upstream=B rt_ms=15 bytes=15963
2026-03-14 02:39:52.329 edge /healthz status=200 upstream=B rt_ms=211 bytes=10844
2026-03-14 02:39:53.844 edge /static/style.css status=200 upstream=B rt_ms=183 bytes=37275
2026-03-14 02:39:53.865 edge /api/events status=200 upstream=B rt_ms=99 bytes=2204
2026-03-14 02:39:55.277 edge /api/events status=200 upstream=B rt_ms=77 bytes=26659
2026-03-14 02:39:56.127 edge /static/style.css status=200 upstream=B rt_ms=195 bytes=40047
2026-03-14 02:39:56.423 edge /api/orders status=502 upstream=B rt_ms=256 bytes=2566
2026-03-14 02:39:56.609 edge /static/style.css status=502 upstream=B rt_ms=324 bytes=34370
2026-03-14 02:39:57.519 edge /static/style.css status=200 upstream=B rt_ms=391 bytes=25675
2026-03-14 02:39:57.536 edge /api/events status=502 upstream=B rt_ms=229 bytes=14684
2026-03-14 02:40:00.315 edge / status=502 upstream=B rt_ms=111 bytes=25984
2026-03-14 02:40:00.583 edge /api/events status=200 upstream=B rt_ms=193 bytes=18228
2026-03-14 02:40:01.028 edge /api/events status=500 upstream=B rt_ms=177 bytes=6877
2026-03-14 02:40:02.416 edge /healthz status=502 upstream=B rt_ms=335 bytes=25296
2026-03-14 02:40:02.940 edge / status=200 upstream=B rt_ms=294 bytes=5988
2026-03-14 02:40:03.549 edge /api/events status=404 upstream=B rt_ms=26 bytes=7342
2026-03-14 02:40:04.723 edge / status=404 upstream=B rt_ms=257 bytes=17099
2026-03-14 02:40:04.832 edge /api/orders status=200 upstream=B rt_ms=250 bytes=38229
2026-03-14 02:40:04.936 edge /healthz status=200 upstream=B rt_ms=355 bytes=6144
2026-03-14 02:40:07.056 edge /healthz status=200 upstream=B rt_ms=103 bytes=25041
2026-03-14 02:40:07.162 edge / status=200 upstream=B rt_ms=313 bytes=29923
2026-03-14 02:40:08.503 edge /api/orders status=200 upstream=B rt_ms=14 bytes=11335
2026-03-14 02:40:10.384 edge /api/orders status=500 upstream=B rt_ms=35 bytes=3697
2026-03-14 02:40:10.499 edge / status=502 upstream=B rt_ms=52 bytes=19921
2026-03-14 02:40:15.413 edge /api/events status=200 upstream=B rt_ms=172 bytes=6577
2026-03-14 02:40:15.970 edge / status=404 upstream=B rt_ms=161 bytes=33768
2026-03-14 02:40:17.365 edge / status=200 upstream=B rt_ms=179 bytes=13834
2026-03-14 02:40:17.519 edge / status=502 upstream=B rt_ms=305 bytes=10288
2026-03-14 02:40:17.861 edge / status=200 upstream=B rt_ms=144 bytes=4174
2026-03-14 02:40:17.937 edge /api/events status=502 upstream=B rt_ms=177 bytes=6610
2026-03-14 02:40:17.955 edge /api/events status=200 upstream=B rt_ms=45 bytes=4776
2026-03-14 02:40:18.845 edge / status=502 upstream=B rt_ms=151 bytes=23736
2026-03-14 02:40:19.924 edge /api/events status=502 upstream=B rt_ms=374 bytes=36495
2026-03-14 02:40:19.935 edge / status=200 upstream=B rt_ms=293 bytes=36388
2026-03-14 02:40:19.998 edge /api/events status=502 upstream=B rt_ms=343 bytes=26524
2026-03-14 02:40:20.904 edge / status=502 upstream=B rt_ms=276 bytes=33575
2026-03-14 02:40:22.353 edge /api/orders status=200 upstream=B rt_ms=136 bytes=32128
2026-03-14 02:40:23.661 edge /api/events status=200 upstream=B rt_ms=269 bytes=38041
2026-03-14 02:40:24.236 edge /static/style.css status=200 upstream=B rt_ms=261 bytes=29207
2026-03-14 02:40:28.173 edge / status=502 upstream=B rt_ms=100 bytes=31034
2026-03-14 02:40:29.868 edge /api/events status=200 upstream=B rt_ms=13 bytes=36984
2026-03-14 02:40:34.506 edge / status=200 upstream=B rt_ms=216 bytes=27334
2026-03-14 02:40:35.389 edge /healthz status=404 upstream=B rt_ms=61 bytes=31357
2026-03-14 02:40:36.239 edge / status=200 upstream=B rt_ms=50 bytes=39553
2026-03-14 02:40:36.902 edge /api/orders status=200 upstream=B rt_ms=94 bytes=3192
2026-03-14 02:40:38.180 edge /static/style.css status=502 upstream=B rt_ms=225 bytes=15071
2026-03-14 02:40:41.326 edge / status=502 upstream=B rt_ms=166 bytes=41266
2026-03-14 02:40:43.295 edge /api/events status=200 upstream=B rt_ms=316 bytes=11615
2026-03-14 02:40:44.787 edge /healthz status=200 upstream=B rt_ms=360 bytes=24979
2026-03-14 02:40:49.555 edge /api/orders status=502 upstream=B rt_ms=350 bytes=10396
2026-03-14 02:40:49.678 edge /healthz status=502 upstream=B rt_ms=258 bytes=24979
2026-03-14 02:40:51.824 edge / status=200 upstream=B rt_ms=77 bytes=8234
2026-03-14 02:40:53.334 edge /api/events status=200 upstream=B rt_ms=195 bytes=20103
2026-03-14 02:40:53.437 edge / status=502 upstream=B rt_ms=277 bytes=11535
2026-03-14 02:40:53.463 edge /api/events status=502 upstream=B rt_ms=65 bytes=21598
2026-03-14 02:40:55.241 edge /static/style.css status=200 upstream=B rt_ms=75 bytes=37562
2026-03-14 02:40:56.079 edge / status=404 upstream=B rt_ms=3 bytes=37539
2026-03-14 02:40:57.475 edge /api/events status=200 upstream=B rt_ms=146 bytes=33822
2026-03-14 02:40:58.566 edge /api/events status=502 upstream=B rt_ms=100 bytes=38211
2026-03-14 02:40:58.672 edge / status=200 upstream=B rt_ms=199 bytes=6756
2026-03-14 02:41:01.822 edge / status=502 upstream=B rt_ms=86 bytes=38063
2026-03-14 02:41:01.935 edge /api/orders status=200 upstream=B rt_ms=340 bytes=41151
2026-03-14 02:41:02.077 edge / status=200 upstream=B rt_ms=330 bytes=10170
2026-03-14 02:41:02.849 edge /healthz status=200 upstream=B rt_ms=258 bytes=9017
2026-03-14 02:41:04.248 edge /api/events status=502 upstream=B rt_ms=368 bytes=13792
2026-03-14 02:41:04.319 edge /api/orders status=200 upstream=B rt_ms=105 bytes=39539
2026-03-14 02:41:04.407 edge / status=200 upstream=B rt_ms=51 bytes=34607
2026-03-14 02:41:04.788 edge /static/style.css status=200 upstream=B rt_ms=65 bytes=13093
2026-03-14 02:41:04.824 edge / status=502 upstream=B rt_ms=38 bytes=37341
2026-03-14 02:41:06.570 edge / status=200 upstream=B rt_ms=80 bytes=13503
2026-03-14 02:41:06.688 edge /api/orders status=502 upstream=B rt_ms=278 bytes=9427
2026-03-14 02:41:07.446 edge /api/events status=200 upstream=B rt_ms=17 bytes=5656
2026-03-14 02:41:07.743 edge /api/orders status=502 upstream=B rt_ms=324 bytes=302
2026-03-14 02:41:08.203 edge /api/orders status=502 upstream=B rt_ms=316 bytes=5028
2026-03-14 02:41:08.694 edge /healthz status=200 upstream=B rt_ms=149 bytes=8040
2026-03-14 02:41:11.625 edge /api/events status=502 upstream=B rt_ms=15 bytes=15210
2026-03-14 02:41:11.925 edge /healthz status=200 upstream=B rt_ms=178 bytes=5016
2026-03-14 02:41:12.208 edge /api/orders status=200 upstream=B rt_ms=241 bytes=30658
2026-03-14 02:41:12.278 edge /api/orders status=200 upstream=B rt_ms=247 bytes=2983
2026-03-14 02:41:12.993 edge /api/orders status=500 upstream=B rt_ms=18 bytes=36165
2026-03-14 02:41:13.283 edge /api/orders status=200 upstream=B rt_ms=92 bytes=7010
2026-03-14 02:41:14.207 edge /api/events status=200 upstream=B rt_ms=131 bytes=9659
2026-03-14 02:41:15.202 edge / status=502 upstream=B rt_ms=241 bytes=28994
2026-03-14 02:41:15.440 edge / status=502 upstream=B rt_ms=143 bytes=22390
2026-03-14 02:41:16.601 edge /api/orders status=200 upstream=B rt_ms=322 bytes=31777
2026-03-14 02:41:16.626 edge /static/style.css status=404 upstream=B rt_ms=277 bytes=638
2026-03-14 02:41:16.901 edge /api/events status=502 upstream=B rt_ms=292 bytes=18724
2026-03-14 02:41:17.221 edge /api/orders status=200 upstream=B rt_ms=19 bytes=21526
2026-03-14 02:41:17.448 edge / status=502 upstream=B rt_ms=141 bytes=2998
2026-03-14 02:41:18.848 edge /api/events status=200 upstream=B rt_ms=312 bytes=10225
2026-03-14 02:41:20.478 edge /api/orders status=200 upstream=B rt_ms=228 bytes=854
2026-03-14 02:41:22.915 edge /healthz status=200 upstream=B rt_ms=88 bytes=14795
2026-03-14 02:41:25.448 edge / status=502 upstream=B rt_ms=347 bytes=24410
2026-03-14 02:41:26.494 edge /api/orders status=200 upstream=B rt_ms=352 bytes=428
2026-03-14 02:41:26.504 edge /healthz status=200 upstream=B rt_ms=348 bytes=35366
2026-03-14 02:41:26.543 edge / status=200 upstream=B rt_ms=161 bytes=13570
2026-03-14 02:41:27.515 edge /api/events status=502 upstream=B rt_ms=70 bytes=27793
2026-03-14 02:41:28.136 edge /static/style.css status=502 upstream=B rt_ms=188 bytes=41455
2026-03-14 02:41:29.138 edge /static/style.css status=200 upstream=B rt_ms=323 bytes=40568
2026-03-14 02:41:30.231 edge / status=200 upstream=B rt_ms=248 bytes=32097
2026-03-14 02:41:30.528 edge /static/style.css status=502 upstream=B rt_ms=194 bytes=14400
2026-03-14 02:41:32.353 edge / status=200 upstream=B rt_ms=361 bytes=620
2026-03-14 02:41:33.595 edge / status=200 upstream=B rt_ms=124 bytes=3055
2026-03-14 02:41:34.240 edge /api/events status=200 upstream=B rt_ms=225 bytes=10898
2026-03-14 02:41:34.512 edge / status=200 upstream=B rt_ms=333 bytes=40942
2026-03-14 02:41:35.099 edge /static/style.css status=200 upstream=B rt_ms=318 bytes=7612
2026-03-14 02:41:35.184 edge / status=502 upstream=B rt_ms=13 bytes=38224
2026-03-14 02:41:35.192 edge /api/orders status=502 upstream=B rt_ms=274 bytes=11689
2026-03-14 02:41:35.712 edge /api/events status=500 upstream=B rt_ms=328 bytes=30468
2026-03-14 02:41:37.121 edge /api/events status=200 upstream=B rt_ms=22 bytes=11226
2026-03-14 02:41:38.887 edge /api/events status=500 upstream=B rt_ms=161 bytes=14628
2026-03-14 02:41:39.916 edge /api/orders status=502 upstream=B rt_ms=360 bytes=34769
2026-03-14 02:41:40.058 edge /healthz status=502 upstream=B rt_ms=121 bytes=30586
2026-03-14 02:41:40.445 edge / status=200 upstream=B rt_ms=40 bytes=30755
2026-03-14 02:41:41.136 edge /static/style.css status=200 upstream=B rt_ms=37 bytes=17826
2026-03-14 02:41:41.319 edge /healthz status=200 upstream=B rt_ms=232 bytes=22283
2026-03-14 02:41:42.610 edge / status=500 upstream=B rt_ms=253 bytes=33449
2026-03-14 02:41:44.448 edge /api/orders status=502 upstream=B rt_ms=386 bytes=26709
2026-03-14 02:41:44.509 edge /api/events status=200 upstream=B rt_ms=4 bytes=19085
2026-03-14 02:41:44.958 edge /api/events status=200 upstream=B rt_ms=15 bytes=25402
2026-03-14 02:41:46.077 edge /api/orders status=200 upstream=B rt_ms=180 bytes=29768
2026-03-14 02:41:46.467 edge /healthz status=502 upstream=B rt_ms=311 bytes=37952
2026-03-14 02:41:47.456 edge /api/events status=502 upstream=B rt_ms=118 bytes=38005
2026-03-14 02:41:47.778 edge /api/events status=502 upstream=B rt_ms=333 bytes=28114
2026-03-14 02:41:49.591 edge /static/style.css status=502 upstream=B rt_ms=86 bytes=13254
2026-03-14 02:41:52.498 edge / status=200 upstream=B rt_ms=376 bytes=21632
2026-03-14 02:41:53.097 edge /static/style.css status=200 upstream=B rt_ms=267 bytes=3419
2026-03-14 02:41:55.714 edge /api/orders status=200 upstream=B rt_ms=55 bytes=23497
2026-03-14 02:41:56.401 edge / status=404 upstream=B rt_ms=43 bytes=14183
2026-03-14 02:41:56.793 edge /api/orders status=502 upstream=B rt_ms=131 bytes=5004
2026-03-14 02:41:56.867 edge / status=502 upstream=B rt_ms=160 bytes=8363
2026-03-14 02:41:57.089 edge /api/orders status=502 upstream=B rt_ms=342 bytes=38401
2026-03-14 02:41:57.196 edge /healthz status=200 upstream=B rt_ms=63 bytes=2328
2026-03-14 02:42:00.600 edge /static/style.css status=502 upstream=B rt_ms=134 bytes=36532
2026-03-14 02:42:02.148 edge /healthz status=200 upstream=B rt_ms=315 bytes=9603
2026-03-14 02:42:03.308 edge /api/events status=502 upstream=B rt_ms=327 bytes=38441
2026-03-14 02:42:03.538 edge /healthz status=200 upstream=B rt_ms=196 bytes=19769
2026-03-14 02:42:03.870 edge /static/style.css status=200 upstream=B rt_ms=141 bytes=28413
2026-03-14 02:42:08.095 edge /api/events status=200 upstream=B rt_ms=21 bytes=34704
2026-03-14 02:42:08.242 edge / status=502 upstream=B rt_ms=278 bytes=7160
2026-03-14 02:42:09.249 edge /api/events status=502 upstream=B rt_ms=321 bytes=8440
2026-03-14 02:42:10.583 edge /static/style.css status=502 upstream=B rt_ms=129 bytes=5319
2026-03-14 02:42:10.789 edge /healthz status=200 upstream=B rt_ms=84 bytes=33865
2026-03-14 02:42:11.333 edge / status=200 upstream=B rt_ms=96 bytes=30960
2026-03-14 02:42:11.667 edge /api/orders status=200 upstream=B rt_ms=361 bytes=40315
2026-03-14 02:42:12.074 edge /api/events status=502 upstream=B rt_ms=250 bytes=27680
2026-03-14 02:42:13.395 edge /api/events status=502 upstream=B rt_ms=58 bytes=10170
2026-03-14 02:42:13.723 edge /static/style.css status=502 upstream=B rt_ms=355 bytes=21608
2026-03-14 02:42:14.802 edge /static/style.css status=502 upstream=B rt_ms=4 bytes=40785
2026-03-14 02:42:14.838 edge /static/style.css status=200 upstream=B rt_ms=217 bytes=15537
2026-03-14 02:42:14.861 edge /healthz status=502 upstream=B rt_ms=252 bytes=22061
2026-03-14 02:42:15.312 edge /healthz status=200 upstream=B rt_ms=6 bytes=24975
2026-03-14 02:42:17.440 edge / status=200 upstream=B rt_ms=176 bytes=34827
2026-03-14 02:42:18.055 edge /api/events status=200 upstream=B rt_ms=309 bytes=9874
2026-03-14 02:42:18.773 edge /healthz status=502 upstream=B rt_ms=382 bytes=34264
2026-03-14 02:42:18.781 edge /api/events status=200 upstream=B rt_ms=60 bytes=14775
2026-03-14 02:42:19.878 edge /healthz status=404 upstream=B rt_ms=111 bytes=7716
2026-03-14 02:42:21.399 edge /healthz status=500 upstream=B rt_ms=344 bytes=27244
2026-03-14 02:42:22.009 edge / status=200 upstream=B rt_ms=18 bytes=32109
2026-03-14 02:42:22.789 edge /api/events status=200 upstream=B rt_ms=208 bytes=11895
2026-03-14 02:42:24.575 edge /static/style.css status=200 upstream=B rt_ms=217 bytes=12902
2026-03-14 02:42:24.784 edge /healthz status=502 upstream=B rt_ms=389 bytes=41614
2026-03-14 02:42:25.109 edge / status=200 upstream=B rt_ms=183 bytes=37203
2026-03-14 02:42:25.401 edge /api/events status=404 upstream=B rt_ms=254 bytes=21144
2026-03-14 02:42:25.593 edge /static/style.css status=200 upstream=B rt_ms=112 bytes=32545
2026-03-14 02:42:26.644 edge /api/events status=200 upstream=B rt_ms=382 bytes=10088
2026-03-14 02:42:27.705 edge /api/orders status=502 upstream=B rt_ms=12 bytes=1267
2026-03-14 02:42:30.451 edge /api/events status=502 upstream=B rt_ms=119 bytes=22221
2026-03-14 02:42:30.702 edge /api/events status=502 upstream=B rt_ms=211 bytes=21814
2026-03-14 02:42:30.718 edge /static/style.css status=502 upstream=B rt_ms=296 bytes=39387
2026-03-14 02:42:32.984 edge /api/orders status=200 upstream=B rt_ms=148 bytes=28857
2026-03-14 02:42:36.846 edge /api/events status=404 upstream=B rt_ms=173 bytes=18296
2026-03-14 02:42:37.318 edge / status=200 upstream=B rt_ms=167 bytes=38579
2026-03-14 02:42:37.888 edge /api/orders status=404 upstream=B rt_ms=199 bytes=24031
2026-03-14 02:42:37.953 edge /api/events status=502 upstream=B rt_ms=7 bytes=2457
2026-03-14 02:42:39.310 edge /healthz status=200 upstream=B rt_ms=33 bytes=4358
2026-03-14 02:42:40.032 edge / status=502 upstream=B rt_ms=168 bytes=20013
2026-03-14 02:42:40.716 edge / status=502 upstream=B rt_ms=244 bytes=29605
2026-03-14 02:42:40.934 edge /api/events status=502 upstream=B rt_ms=116 bytes=28776
2026-03-14 02:42:41.709 edge /healthz status=502 upstream=B rt_ms=14 bytes=18604
2026-03-14 02:42:43.254 edge / status=502 upstream=B rt_ms=117 bytes=28501
2026-03-14 02:42:43.451 edge /healthz status=200 upstream=B rt_ms=234 bytes=38834
2026-03-14 02:42:43.808 edge /healthz status=502 upstream=B rt_ms=374 bytes=7689
2026-03-14 02:42:44.837 edge /api/events status=200 upstream=B rt_ms=133 bytes=1214
2026-03-14 02:42:45.973 edge /healthz status=200 upstream=B rt_ms=33 bytes=26797
2026-03-14 02:42:47.466 edge / status=200 upstream=B rt_ms=251 bytes=24220
2026-03-14 02:42:49.262 edge /healthz status=200 upstream=B rt_ms=170 bytes=31346
2026-03-14 02:42:49.414 edge /api/events status=502 upstream=B rt_ms=358 bytes=23022
2026-03-14 02:42:49.837 edge /healthz status=502 upstream=B rt_ms=167 bytes=10439
2026-03-14 02:42:49.869 edge / status=200 upstream=B rt_ms=142 bytes=6088
2026-03-14 02:42:50.045 edge / status=200 upstream=B rt_ms=320 bytes=41552
2026-03-14 02:42:51.204 edge / status=200 upstream=B rt_ms=226 bytes=2669
2026-03-14 02:42:51.261 edge /healthz status=500 upstream=B rt_ms=311 bytes=2144
2026-03-14 02:42:54.079 edge /api/events status=502 upstream=B rt_ms=253 bytes=9848
2026-03-14 02:42:55.407 edge /api/events status=500 upstream=B rt_ms=165 bytes=6936
2026-03-14 02:42:56.422 edge /api/events status=502 upstream=B rt_ms=242 bytes=22734
2026-03-14 02:42:57.374 edge / status=200 upstream=B rt_ms=253 bytes=33299
2026-03-14 02:42:57.880 edge / status=200 upstream=B rt_ms=331 bytes=31695
2026-03-14 02:42:58.385 edge /healthz status=502 upstream=B rt_ms=326 bytes=27122
2026-03-14 02:42:59.245 edge /healthz status=502 upstream=B rt_ms=271 bytes=33427
2026-03-14 02:42:59.253 edge / status=200 upstream=B rt_ms=62 bytes=29661
2026-03-14 02:42:59.274 edge /api/events status=200 upstream=B rt_ms=388 bytes=7444
2026-03-14 02:42:59.872 edge /static/style.css status=404 upstream=B rt_ms=285 bytes=31241
2026-03-14 02:43:01.911 edge / status=404 upstream=B rt_ms=319 bytes=40400
2026-03-14 02:43:02.776 edge /static/style.css status=502 upstream=B rt_ms=271 bytes=34912
2026-03-14 02:43:04.361 edge /healthz status=200 upstream=B rt_ms=6 bytes=5189
2026-03-14 02:43:04.465 edge /api/events status=200 upstream=B rt_ms=262 bytes=642
2026-03-14 02:43:05.725 edge /api/orders status=200 upstream=B rt_ms=168 bytes=17460
2026-03-14 02:43:06.482 edge /api/orders status=200 upstream=B rt_ms=232 bytes=10419
2026-03-14 02:43:07.344 edge /api/events status=502 upstream=B rt_ms=211 bytes=15604
2026-03-14 02:43:07.989 edge /healthz status=502 upstream=B rt_ms=364 bytes=36988
2026-03-14 02:43:08.529 edge /api/events status=200 upstream=B rt_ms=71 bytes=38564
2026-03-14 02:43:09.439 edge /healthz status=200 upstream=B rt_ms=121 bytes=19080
2026-03-14 02:43:10.211 edge / status=502 upstream=B rt_ms=148 bytes=24247
2026-03-14 02:43:10.980 edge /api/orders status=200 upstream=B rt_ms=262 bytes=35688
2026-03-14 02:43:14.456 edge /api/orders status=502 upstream=B rt_ms=167 bytes=33364
2026-03-14 02:43:15.667 edge /api/events status=502 upstream=B rt_ms=177 bytes=7194
2026-03-14 02:43:16.479 edge /static/style.css status=502 upstream=B rt_ms=108 bytes=37357
2026-03-14 02:43:17.216 edge /api/orders status=200 upstream=B rt_ms=127 bytes=13704
2026-03-14 02:43:18.375 edge /static/style.css status=200 upstream=B rt_ms=20 bytes=29300
2026-03-14 02:43:18.801 edge /api/events status=502 upstream=B rt_ms=261 bytes=13535
2026-03-14 02:43:19.689 edge / status=502 upstream=B rt_ms=30 bytes=6510
2026-03-14 02:43:21.438 edge /api/orders status=502 upstream=B rt_ms=74 bytes=20882
2026-03-14 02:43:24.957 edge /api/orders status=404 upstream=B rt_ms=117 bytes=12281
2026-03-14 02:43:26.096 edge /healthz status=502 upstream=B rt_ms=98 bytes=5623
2026-03-14 02:43:26.426 edge / status=502 upstream=B rt_ms=135 bytes=5395
2026-03-14 02:43:27.465 edge /api/events status=502 upstream=B rt_ms=230 bytes=21911
2026-03-14 02:43:30.028 edge /static/style.css status=502 upstream=B rt_ms=131 bytes=41831
2026-03-14 02:43:30.718 edge / status=502 upstream=B rt_ms=145 bytes=25369
2026-03-14 02:43:31.439 edge /api/events status=502 upstream=B rt_ms=99 bytes=9625
2026-03-14 02:43:32.261 edge /healthz status=502 upstream=B rt_ms=149 bytes=17699
2026-03-14 02:43:32.800 edge / status=502 upstream=B rt_ms=250 bytes=40664
2026-03-14 02:43:32.905 edge /api/events status=200 upstream=B rt_ms=91 bytes=36356
2026-03-14 02:43:34.968 edge /api/orders status=500 upstream=B rt_ms=177 bytes=20751
2026-03-14 02:43:35.367 edge / status=200 upstream=B rt_ms=83 bytes=12359
2026-03-14 02:43:37.014 edge /static/style.css status=502 upstream=B rt_ms=25 bytes=11428
2026-03-14 02:43:37.338 edge /api/events status=200 upstream=B rt_ms=247 bytes=3564
2026-03-14 02:43:37.679 edge / status=502 upstream=B rt_ms=356 bytes=33549
2026-03-14 02:43:38.149 edge / status=200 upstream=B rt_ms=31 bytes=18641
2026-03-14 02:43:38.193 edge /api/events status=502 upstream=B rt_ms=63 bytes=7346
2026-03-14 02:43:41.935 edge /static/style.css status=200 upstream=B rt_ms=34 bytes=16013
2026-03-14 02:43:42.519 edge /static/style.css status=502 upstream=B rt_ms=322 bytes=24214
2026-03-14 02:43:42.570 edge /api/orders status=502 upstream=B rt_ms=129 bytes=4024
2026-03-14 02:43:44.907 edge /api/orders status=502 upstream=B rt_ms=134 bytes=37114
2026-03-14 02:43:45.539 edge / status=502 upstream=B rt_ms=302 bytes=3452
2026-03-14 02:43:45.945 edge /static/style.css status=502 upstream=B rt_ms=216 bytes=15999
2026-03-14 02:43:48.377 edge /api/events status=502 upstream=B rt_ms=175 bytes=3020
2026-03-14 02:43:49.430 edge /healthz status=200 upstream=B rt_ms=300 bytes=23815
2026-03-14 02:43:53.917 edge /healthz status=200 upstream=B rt_ms=4 bytes=24279
2026-03-14 02:43:54.224 edge /healthz status=502 upstream=B rt_ms=72 bytes=39920
2026-03-14 02:43:54.378 edge / status=502 upstream=B rt_ms=258 bytes=1052
2026-03-14 02:43:55.394 edge /static/style.css status=502 upstream=B rt_ms=268 bytes=40049
2026-03-14 02:44:00.294 edge / status=500 upstream=B rt_ms=248 bytes=11314
2026-03-14 02:44:00.788 edge /static/style.css status=502 upstream=B rt_ms=313 bytes=27517
2026-03-14 02:44:01.558 edge /static/style.css status=200 upstream=B rt_ms=210 bytes=28203
2026-03-14 02:44:01.635 edge /static/style.css status=404 upstream=B rt_ms=362 bytes=34185
2026-03-14 02:44:03.032 edge /api/events status=502 upstream=B rt_ms=33 bytes=36303
2026-03-14 02:44:03.284 edge /api/events status=500 upstream=B rt_ms=75 bytes=16568
2026-03-14 02:44:03.838 edge /api/events status=200 upstream=B rt_ms=195 bytes=16553
2026-03-14 02:44:04.043 edge /static/style.css status=502 upstream=B rt_ms=327 bytes=12595
2026-03-14 02:44:08.022 edge /healthz status=200 upstream=B rt_ms=97 bytes=40550
2026-03-14 02:44:10.481 edge /api/orders status=200 upstream=B rt_ms=330 bytes=21189
2026-03-14 02:44:11.466 edge /api/events status=404 upstream=B rt_ms=56 bytes=8495
2026-03-14 02:44:11.910 edge /api/orders status=502 upstream=B rt_ms=255 bytes=13215
2026-03-14 02:44:15.485 edge /api/events status=502 upstream=B rt_ms=119 bytes=39514
2026-03-14 02:44:16.199 edge / status=502 upstream=B rt_ms=379 bytes=16552
2026-03-14 02:44:18.015 edge /api/events status=200 upstream=B rt_ms=199 bytes=12140
2026-03-14 02:44:18.371 edge / status=502 upstream=B rt_ms=312 bytes=25922
2026-03-14 02:44:19.139 edge /api/orders status=502 upstream=B rt_ms=6 bytes=31260
2026-03-14 02:44:22.197 edge /healthz status=502 upstream=B rt_ms=275 bytes=6852
2026-03-14 02:44:23.414 edge /api/events status=502 upstream=B rt_ms=139 bytes=12667
2026-03-14 02:44:24.198 edge /static/style.css status=502 upstream=B rt_ms=190 bytes=16436
2026-03-14 02:44:24.281 edge /static/style.css status=500 upstream=B rt_ms=80 bytes=39285
2026-03-14 02:44:24.593 edge /api/events status=200 upstream=B rt_ms=375 bytes=259
2026-03-14 02:44:25.937 edge / status=200 upstream=B rt_ms=169 bytes=12080
2026-03-14 02:44:26.246 edge / status=502 upstream=B rt_ms=240 bytes=4249
2026-03-14 02:44:26.524 edge /static/style.css status=200 upstream=B rt_ms=212 bytes=27511
2026-03-14 02:44:27.570 edge /healthz status=200 upstream=B rt_ms=350 bytes=11368
2026-03-14 02:44:28.640 edge /api/orders status=502 upstream=B rt_ms=186 bytes=15165
2026-03-14 02:44:29.423 edge /static/style.css status=502 upstream=B rt_ms=112 bytes=7390
2026-03-14 02:44:29.895 edge /healthz status=200 upstream=B rt_ms=251 bytes=28904
2026-03-14 02:44:30.073 edge /healthz status=500 upstream=B rt_ms=350 bytes=11632
2026-03-14 02:44:30.121 edge /api/orders status=502 upstream=B rt_ms=265 bytes=10891
2026-03-14 02:44:30.860 edge / status=200 upstream=B rt_ms=260 bytes=21171
2026-03-14 02:44:31.859 edge /static/style.css status=502 upstream=B rt_ms=276 bytes=33690
2026-03-14 02:44:32.544 edge / status=502 upstream=B rt_ms=114 bytes=38922
2026-03-14 02:44:33.935 edge /static/style.css status=200 upstream=B rt_ms=339 bytes=34311
2026-03-14 02:44:36.386 edge / status=200 upstream=B rt_ms=292 bytes=4565
2026-03-14 02:44:40.269 edge /healthz status=502 upstream=B rt_ms=203 bytes=34662
2026-03-14 02:44:40.860 edge /healthz status=502 upstream=B rt_ms=113 bytes=18438
2026-03-14 02:44:42.208 edge / status=500 upstream=B rt_ms=73 bytes=10575
2026-03-14 02:44:42.687 edge /api/events status=502 upstream=B rt_ms=294 bytes=20024
2026-03-14 02:44:43.214 edge /api/orders status=502 upstream=B rt_ms=211 bytes=35053
2026-03-14 02:44:44.042 edge /api/events status=502 upstream=B rt_ms=229 bytes=34788
2026-03-14 02:44:44.180 edge /api/events status=200 upstream=B rt_ms=258 bytes=25735
2026-03-14 02:44:45.757 edge /api/orders status=200 upstream=B rt_ms=204 bytes=39666
2026-03-14 02:44:46.669 edge /api/events status=502 upstream=B rt_ms=33 bytes=26326
2026-03-14 02:44:52.083 edge /api/orders status=502 upstream=B rt_ms=189 bytes=7999
2026-03-14 02:44:56.097 edge /static/style.css status=502 upstream=B rt_ms=161 bytes=25475
2026-03-14 02:44:56.588 edge /api/events status=502 upstream=B rt_ms=311 bytes=23296
2026-03-14 02:44:59.450 edge /healthz status=502 upstream=B rt_ms=388 bytes=33199
2026-03-14 02:44:59.793 edge /static/style.css status=200 upstream=B rt_ms=13 bytes=5815
2026-03-14 02:45:00.265 edge /healthz status=200 upstream=B rt_ms=36 bytes=20457
2026-03-14 02:45:02.995 edge /static/style.css status=200 upstream=B rt_ms=316 bytes=35655
2026-03-14 02:45:03.017 edge / status=200 upstream=B rt_ms=139 bytes=19849
2026-03-14 02:45:04.092 edge /api/orders status=200 upstream=B rt_ms=239 bytes=9910
2026-03-14 02:45:04.851 edge /healthz status=200 upstream=B rt_ms=235 bytes=9127
2026-03-14 02:45:05.220 edge /static/style.css status=500 upstream=B rt_ms=52 bytes=24749
2026-03-14 02:45:07.953 edge /static/style.css status=502 upstream=B rt_ms=151 bytes=3626
2026-03-14 02:45:09.647 edge /healthz status=500 upstream=B rt_ms=343 bytes=28219
2026-03-14 02:45:10.825 edge /api/events status=200 upstream=B rt_ms=326 bytes=14843
2026-03-14 02:45:12.417 edge /api/orders status=502 upstream=B rt_ms=32 bytes=19138
2026-03-14 02:45:12.714 edge /api/orders status=502 upstream=B rt_ms=240 bytes=40320
2026-03-14 02:45:13.295 edge / status=500 upstream=B rt_ms=372 bytes=20356
2026-03-14 02:45:13.305 edge /api/orders status=502 upstream=B rt_ms=320 bytes=6203
2026-03-14 02:45:13.718 edge /healthz status=502 upstream=B rt_ms=358 bytes=36358
2026-03-14 02:45:14.648 edge /api/orders status=502 upstream=B rt_ms=73 bytes=38296
2026-03-14 02:45:16.437 edge /api/events status=200 upstream=B rt_ms=218 bytes=30187
2026-03-14 02:45:19.536 edge /healthz status=200 upstream=B rt_ms=275 bytes=4493
2026-03-14 02:45:22.313 edge /healthz status=200 upstream=B rt_ms=387 bytes=26067
2026-03-14 02:45:22.718 edge / status=502 upstream=B rt_ms=352 bytes=35638
2026-03-14 02:45:23.142 edge /healthz status=200 upstream=B rt_ms=148 bytes=32967
2026-03-14 02:45:23.225 edge /api/events status=500 upstream=B rt_ms=391 bytes=3249
2026-03-14 02:45:24.695 edge /api/orders status=200 upstream=B rt_ms=120 bytes=38403
2026-03-14 02:45:24.725 edge /healthz status=200 upstream=B rt_ms=90 bytes=27094
2026-03-14 02:45:25.572 edge /static/style.css status=200 upstream=B rt_ms=179 bytes=15530
2026-03-14 02:45:26.175 edge /healthz status=200 upstream=B rt_ms=379 bytes=5440
2026-03-14 02:45:27.656 edge /api/orders status=200 upstream=B rt_ms=19 bytes=6086
2026-03-14 02:45:27.797 edge /healthz status=404 upstream=B rt_ms=336 bytes=14389
2026-03-14 02:45:28.316 edge /api/events status=200 upstream=B rt_ms=276 bytes=7127
2026-03-14 02:45:29.626 edge /healthz status=200 upstream=B rt_ms=178 bytes=23501
2026-03-14 02:45:29.842 edge /api/orders status=200 upstream=B rt_ms=215 bytes=29166
2026-03-14 02:45:30.322 edge /healthz status=200 upstream=B rt_ms=195 bytes=19939
2026-03-14 02:45:30.892 edge /static/style.css status=200 upstream=B rt_ms=322 bytes=28870
2026-03-14 02:45:30.990 edge / status=200 upstream=B rt_ms=257 bytes=13766
2026-03-14 02:45:32.234 edge /static/style.css status=500 upstream=B rt_ms=85 bytes=24086
2026-03-14 02:45:32.646 edge / status=200 upstream=B rt_ms=385 bytes=11540
2026-03-14 02:45:35.390 edge /static/style.css status=200 upstream=B rt_ms=365 bytes=23459
2026-03-14 02:45:35.827 edge /api/orders status=200 upstream=B rt_ms=387 bytes=28954
2026-03-14 02:45:36.987 edge /healthz status=500 upstream=B rt_ms=323 bytes=3190
2026-03-14 02:45:37.253 edge /api/events status=502 upstream=B rt_ms=321 bytes=8732
2026-03-14 02:45:37.782 edge /api/events status=502 upstream=B rt_ms=206 bytes=12497
2026-03-14 02:45:37.870 edge /api/orders status=502 upstream=B rt_ms=149 bytes=26098
2026-03-14 02:45:40.179 edge /api/events status=200 upstream=B rt_ms=391 bytes=12093
2026-03-14 02:45:41.236 edge /static/style.css status=200 upstream=B rt_ms=114 bytes=11168
2026-03-14 02:45:44.880 edge / status=200 upstream=B rt_ms=273 bytes=9699
2026-03-14 02:45:45.573 edge /static/style.css status=404 upstream=B rt_ms=289 bytes=39703
2026-03-14 02:45:49.866 edge /api/orders status=200 upstream=B rt_ms=227 bytes=11404
2026-03-14 02:45:50.022 edge / status=200 upstream=B rt_ms=3 bytes=35600
2026-03-14 02:45:51.541 edge / status=502 upstream=B rt_ms=221 bytes=2179
2026-03-14 02:45:54.785 edge /api/orders status=200 upstream=B rt_ms=363 bytes=1547
2026-03-14 02:45:54.936 edge /api/events status=200 upstream=B rt_ms=182 bytes=38785
2026-03-14 02:45:55.541 edge / status=200 upstream=B rt_ms=320 bytes=19703
2026-03-14 02:45:56.333 edge /api/events status=200 upstream=B rt_ms=255 bytes=11769
2026-03-14 02:45:57.298 edge /api/events status=200 upstream=B rt_ms=19 bytes=30212
2026-03-14 02:45:58.142 edge /healthz status=200 upstream=B rt_ms=139 bytes=8560
2026-03-14 02:45:59.061 edge /api/orders status=502 upstream=B rt_ms=216 bytes=29812
2026-03-14 02:46:00.630 edge /api/events status=200 upstream=B rt_ms=207 bytes=28010
2026-03-14 02:46:01.567 edge /api/orders status=502 upstream=B rt_ms=255 bytes=7262
2026-03-14 02:46:01.867 edge /static/style.css status=502 upstream=B rt_ms=110 bytes=41444
2026-03-14 02:46:01.868 edge /healthz status=502 upstream=B rt_ms=220 bytes=6677
2026-03-14 02:46:02.093 edge /static/style.css status=200 upstream=B rt_ms=104 bytes=33559
2026-03-14 02:46:02.257 edge /api/orders status=502 upstream=B rt_ms=137 bytes=15198
2026-03-14 02:46:03.460 edge / status=200 upstream=B rt_ms=141 bytes=8462
2026-03-14 02:46:04.021 edge / status=200 upstream=B rt_ms=309 bytes=20580
2026-03-14 02:46:06.028 edge /healthz status=502 upstream=B rt_ms=300 bytes=15393
2026-03-14 02:46:07.668 edge /static/style.css status=200 upstream=B rt_ms=85 bytes=1915
2026-03-14 02:46:07.965 edge / status=502 upstream=B rt_ms=109 bytes=22834
2026-03-14 02:46:10.997 edge / status=200 upstream=B rt_ms=87 bytes=11133
2026-03-14 02:46:12.221 edge /api/events status=502 upstream=B rt_ms=130 bytes=10609
2026-03-14 02:46:12.578 edge /healthz status=502 upstream=B rt_ms=281 bytes=18681
2026-03-14 02:46:14.974 edge /api/orders status=200 upstream=B rt_ms=378 bytes=11212
2026-03-14 02:46:15.151 edge /api/events status=200 upstream=B rt_ms=61 bytes=11947
2026-03-14 02:46:15.287 edge /api/events status=200 upstream=B rt_ms=151 bytes=27110
2026-03-14 02:46:17.717 edge /healthz status=200 upstream=B rt_ms=109 bytes=26147
2026-03-14 02:46:18.850 edge /static/style.css status=502 upstream=B rt_ms=27 bytes=21675
2026-03-14 02:46:19.706 edge /api/events status=200 upstream=B rt_ms=51 bytes=9066
2026-03-14 02:46:19.816 edge /api/orders status=502 upstream=B rt_ms=3 bytes=26460
2026-03-14 02:46:20.344 edge /healthz status=200 upstream=B rt_ms=333 bytes=23437
2026-03-14 02:46:20.853 edge /api/events status=200 upstream=B rt_ms=292 bytes=25419
2026-03-14 02:46:22.200 edge /api/events status=200 upstream=B rt_ms=25 bytes=34360
2026-03-14 02:46:24.354 edge /static/style.css status=502 upstream=B rt_ms=199 bytes=17041
2026-03-14 02:46:25.999 edge /static/style.css status=502 upstream=B rt_ms=148 bytes=21252
2026-03-14 02:46:27.094 edge /healthz status=502 upstream=B rt_ms=205 bytes=19378
2026-03-14 02:46:29.042 edge /api/orders status=200 upstream=B rt_ms=280 bytes=4604
2026-03-14 02:46:29.365 edge /healthz status=200 upstream=B rt_ms=274 bytes=331
2026-03-14 02:46:30.643 edge /api/events status=200 upstream=B rt_ms=213 bytes=18675
2026-03-14 02:46:30.704 edge /api/events status=200 upstream=B rt_ms=44 bytes=28831
2026-03-14 02:46:33.607 edge / status=500 upstream=B rt_ms=316 bytes=18077
2026-03-14 02:46:34.130 edge /api/events status=200 upstream=B rt_ms=339 bytes=17070
2026-03-14 02:46:36.003 edge /api/events status=404 upstream=B rt_ms=128 bytes=30563
2026-03-14 02:46:37.437 edge / status=502 upstream=B rt_ms=308 bytes=31692
2026-03-14 02:46:39.930 edge /healthz status=200 upstream=B rt_ms=27 bytes=4027
2026-03-14 02:46:39.963 edge /api/events status=502 upstream=B rt_ms=384 bytes=7450
2026-03-14 02:46:40.574 edge /healthz status=200 upstream=B rt_ms=34 bytes=37758
2026-03-14 02:46:40.902 edge /api/orders status=200 upstream=B rt_ms=12 bytes=28492
2026-03-14 02:46:43.210 edge /api/events status=502 upstream=B rt_ms=204 bytes=15769
2026-03-14 02:46:44.866 edge /healthz status=200 upstream=B rt_ms=280 bytes=7655
2026-03-14 02:46:44.943 edge /api/events status=404 upstream=B rt_ms=350 bytes=30705
2026-03-14 02:46:45.627 edge /api/events status=200 upstream=B rt_ms=282 bytes=26302
2026-03-14 02:46:48.280 edge /api/events status=502 upstream=B rt_ms=144 bytes=38465
2026-03-14 02:46:49.223 edge /static/style.css status=502 upstream=B rt_ms=305 bytes=19704
2026-03-14 02:46:49.239 edge /api/orders status=200 upstream=B rt_ms=235 bytes=23053
2026-03-14 02:46:50.436 edge /static/style.css status=200 upstream=B rt_ms=325 bytes=2473
2026-03-14 02:46:52.395 edge /api/events status=502 upstream=B rt_ms=136 bytes=14211
2026-03-14 02:46:52.443 edge /healthz status=200 upstream=B rt_ms=196 bytes=34787
2026-03-14 02:46:53.943 edge /static/style.css status=200 upstream=B rt_ms=30 bytes=3601
2026-03-14 02:46:54.155 edge / status=502 upstream=B rt_ms=323 bytes=17525
2026-03-14 02:46:55.414 edge /static/style.css status=200 upstream=B rt_ms=366 bytes=41465
2026-03-14 02:46:57.442 edge /static/style.css status=200 upstream=B rt_ms=134 bytes=10781
2026-03-14 02:46:58.283 edge /api/orders status=502 upstream=B rt_ms=366 bytes=18232
2026-03-14 02:46:58.527 edge /static/style.css status=200 upstream=B rt_ms=365 bytes=1949
2026-03-14 02:46:58.749 edge /api/events status=502 upstream=B rt_ms=353 bytes=25401
2026-03-14 02:46:59.324 edge / status=200 upstream=B rt_ms=332 bytes=25834
2026-03-14 02:47:03.389 edge /api/events status=502 upstream=B rt_ms=327 bytes=34784
2026-03-14 02:47:05.276 edge /static/style.css status=502 upstream=B rt_ms=354 bytes=36750
2026-03-14 02:47:05.638 edge /static/style.css status=404 upstream=B rt_ms=245 bytes=25233
2026-03-14 02:47:06.941 edge /static/style.css status=200 upstream=B rt_ms=305 bytes=24056
2026-03-14 02:47:08.718 edge /api/events status=200 upstream=B rt_ms=78 bytes=12462
2026-03-14 02:47:09.525 edge / status=200 upstream=B rt_ms=331 bytes=40538
2026-03-14 02:47:09.945 edge /healthz status=502 upstream=B rt_ms=287 bytes=32203
2026-03-14 02:47:09.946 edge /api/orders status=500 upstream=B rt_ms=111 bytes=8258
2026-03-14 02:47:11.746 edge / status=502 upstream=B rt_ms=10 bytes=22824
2026-03-14 02:47:12.761 edge /healthz status=200 upstream=B rt_ms=114 bytes=7337
2026-03-14 02:47:13.691 edge / status=502 upstream=B rt_ms=374 bytes=18301
2026-03-14 02:47:13.845 edge /static/style.css status=502 upstream=B rt_ms=388 bytes=23801
2026-03-14 02:47:15.003 edge /healthz status=200 upstream=B rt_ms=220 bytes=31237
2026-03-14 02:47:15.389 edge / status=200 upstream=B rt_ms=203 bytes=29187
2026-03-14 02:47:17.626 edge / status=200 upstream=B rt_ms=141 bytes=5098
2026-03-14 02:47:17.668 edge /healthz status=200 upstream=B rt_ms=50 bytes=18512
2026-03-14 02:47:17.768 edge / status=500 upstream=B rt_ms=31 bytes=30162
2026-03-14 02:47:18.001 edge /static/style.css status=200 upstream=B rt_ms=277 bytes=29009
2026-03-14 02:47:22.551 edge /static/style.css status=200 upstream=B rt_ms=153 bytes=5403
2026-03-14 02:47:23.191 edge /static/style.css status=200 upstream=B rt_ms=191 bytes=27248
2026-03-14 02:47:23.733 edge /static/style.css status=200 upstream=B rt_ms=311 bytes=3272
2026-03-14 02:47:24.297 edge /api/orders status=502 upstream=B rt_ms=272 bytes=23550
2026-03-14 02:47:26.697 edge / status=200 upstream=B rt_ms=58 bytes=27271
2026-03-14 02:47:29.625 edge /healthz status=200 upstream=B rt_ms=173 bytes=35883
2026-03-14 02:47:29.955 edge / status=200 upstream=B rt_ms=57 bytes=24262
2026-03-14 02:47:30.522 edge /api/events status=200 upstream=B rt_ms=160 bytes=36604
2026-03-14 02:47:32.856 edge /api/orders status=502 upstream=B rt_ms=366 bytes=17228
2026-03-14 02:47:33.524 edge / status=200 upstream=B rt_ms=137 bytes=24532
2026-03-14 02:47:33.795 edge / status=500 upstream=B rt_ms=386 bytes=35082
2026-03-14 02:47:35.596 edge /static/style.css status=200 upstream=B rt_ms=394 bytes=23606
2026-03-14 02:47:37.705 edge /healthz status=200 upstream=B rt_ms=156 bytes=28689
2026-03-14 02:47:37.883 edge / status=502 upstream=B rt_ms=108 bytes=12056
2026-03-14 02:47:38.311 edge /healthz status=200 upstream=B rt_ms=397 bytes=20994
2026-03-14 02:47:38.461 edge /static/style.css status=502 upstream=B rt_ms=216 bytes=22664
2026-03-14 02:47:39.503 edge /static/style.css status=500 upstream=B rt_ms=119 bytes=10858
2026-03-14 02:47:41.326 edge /static/style.css status=200 upstream=B rt_ms=306 bytes=38630
2026-03-14 02:47:41.464 edge / status=200 upstream=B rt_ms=236 bytes=36747
2026-03-14 02:47:41.820 edge /static/style.css status=404 upstream=B rt_ms=266 bytes=24977
2026-03-14 02:47:41.858 edge /api/orders status=200 upstream=B rt_ms=374 bytes=35693
2026-03-14 02:47:43.055 edge /api/events status=200 upstream=B rt_ms=253 bytes=34354
2026-03-14 02:47:43.113 edge /api/events status=502 upstream=B rt_ms=169 bytes=7400
2026-03-14 02:47:45.369 edge /api/events status=502 upstream=B rt_ms=133 bytes=13747
2026-03-14 02:47:46.292 edge /api/events status=404 upstream=B rt_ms=248 bytes=34063
2026-03-14 02:47:46.519 edge /api/events status=200 upstream=B rt_ms=192 bytes=13138
2026-03-14 02:47:47.326 edge /healthz status=200 upstream=B rt_ms=392 bytes=28458
2026-03-14 02:47:48.200 edge /static/style.css status=200 upstream=B rt_ms=177 bytes=2079
2026-03-14 02:47:49.495 edge /static/style.css status=502 upstream=B rt_ms=223 bytes=19644
2026-03-14 02:47:49.955 edge /api/events status=502 upstream=B rt_ms=23 bytes=15712
2026-03-14 02:47:51.778 edge /static/style.css status=502 upstream=B rt_ms=39 bytes=33268
2026-03-14 02:47:52.407 edge / status=200 upstream=B rt_ms=83 bytes=38437
2026-03-14 02:47:52.537 edge /api/events status=200 upstream=B rt_ms=135 bytes=8264
2026-03-14 02:47:54.261 edge /healthz status=502 upstream=B rt_ms=366 bytes=39580
2026-03-14 02:47:56.421 edge / status=404 upstream=B rt_ms=51 bytes=33949
2026-03-14 02:47:57.852 edge /static/style.css status=200 upstream=B rt_ms=39 bytes=13663
2026-03-14 02:47:59.419 edge /static/style.css status=502 upstream=B rt_ms=359 bytes=17929
2026-03-14 02:47:59.514 edge /api/events status=200 upstream=B rt_ms=166 bytes=17559
2026-03-14 02:48:02.438 edge /healthz status=502 upstream=B rt_ms=118 bytes=28680
2026-03-14 02:48:02.825 edge /healthz status=200 upstream=B rt_ms=391 bytes=41504
2026-03-14 02:48:03.093 edge /api/orders status=200 upstream=B rt_ms=337 bytes=6812
2026-03-14 02:48:03.217 edge / status=500 upstream=B rt_ms=360 bytes=22207
2026-03-14 02:48:04.055 edge / status=200 upstream=B rt_ms=41 bytes=235
2026-03-14 02:48:06.569 edge / status=502 upstream=B rt_ms=148 bytes=19638
2026-03-14 02:48:07.273 edge /api/events status=200 upstream=B rt_ms=305 bytes=7586
2026-03-14 02:48:08.384 edge /healthz status=200 upstream=B rt_ms=226 bytes=1923
2026-03-14 02:48:10.238 edge /static/style.css status=502 upstream=B rt_ms=194 bytes=6496
2026-03-14 02:48:11.020 edge /api/events status=200 upstream=B rt_ms=239 bytes=5511
2026-03-14 02:48:11.545 edge /api/orders status=200 upstream=B rt_ms=288 bytes=1965
2026-03-14 02:48:12.005 edge /api/orders status=502 upstream=B rt_ms=28 bytes=26254
2026-03-14 02:48:12.895 edge /healthz status=200 upstream=B rt_ms=181 bytes=38414
2026-03-14 02:48:13.878 edge /static/style.css status=500 upstream=B rt_ms=185 bytes=17164
2026-03-14 02:48:14.448 edge /api/orders status=200 upstream=B rt_ms=39 bytes=12404
2026-03-14 02:48:15.234 edge /api/events status=502 upstream=B rt_ms=86 bytes=853
2026-03-14 02:48:15.682 edge /static/style.css status=502 upstream=B rt_ms=283 bytes=17679
2026-03-14 02:48:17.144 edge /static/style.css status=502 upstream=B rt_ms=61 bytes=3985
2026-03-14 02:48:18.602 edge /api/events status=200 upstream=B rt_ms=300 bytes=20352
2026-03-14 02:48:19.068 edge /static/style.css status=200 upstream=B rt_ms=315 bytes=33609
2026-03-14 02:48:19.846 edge /api/events status=200 upstream=B rt_ms=296 bytes=8463
2026-03-14 02:48:20.051 edge /api/events status=200 upstream=B rt_ms=305 bytes=40054
2026-03-14 02:48:21.591 edge / status=200 upstream=B rt_ms=66 bytes=8365
2026-03-14 02:48:23.363 edge /healthz status=200 upstream=B rt_ms=3 bytes=4797
2026-03-14 02:48:26.696 edge /static/style.css status=200 upstream=B rt_ms=167 bytes=3754
2026-03-14 02:48:28.048 edge /healthz status=200 upstream=B rt_ms=198 bytes=20607
2026-03-14 02:48:28.082 edge /api/orders status=404 upstream=B rt_ms=388 bytes=19653
2026-03-14 02:48:28.781 edge /api/orders status=502 upstream=B rt_ms=381 bytes=37947
2026-03-14 02:48:28.844 edge /healthz status=404 upstream=B rt_ms=172 bytes=23236
2026-03-14 02:48:30.619 edge /healthz status=502 upstream=B rt_ms=285 bytes=18685
2026-03-14 02:48:31.834 edge / status=200 upstream=B rt_ms=182 bytes=11089
2026-03-14 02:48:32.187 edge /static/style.css status=200 upstream=B rt_ms=228 bytes=36066
2026-03-14 02:48:32.461 edge /api/events status=200 upstream=B rt_ms=351 bytes=38838
2026-03-14 02:48:33.108 edge / status=200 upstream=B rt_ms=398 bytes=12339
2026-03-14 02:48:33.338 edge /api/orders status=502 upstream=B rt_ms=91 bytes=18713
2026-03-14 02:48:33.868 edge /healthz status=200 upstream=B rt_ms=196 bytes=30474
2026-03-14 02:48:34.343 edge /static/style.css status=502 upstream=B rt_ms=33 bytes=19285
2026-03-14 02:48:35.801 edge /api/orders status=502 upstream=B rt_ms=368 bytes=19842
2026-03-14 02:48:38.134 edge / status=404 upstream=B rt_ms=258 bytes=23350
2026-03-14 02:48:39.448 edge /healthz status=200 upstream=B rt_ms=25 bytes=25470
2026-03-14 02:48:40.763 edge /static/style.css status=200 upstream=B rt_ms=192 bytes=24814
2026-03-14 02:48:40.916 edge /api/events status=404 upstream=B rt_ms=318 bytes=3617
2026-03-14 02:48:41.705 edge /api/events status=502 upstream=B rt_ms=334 bytes=6712
2026-03-14 02:48:43.693 edge /api/orders status=502 upstream=B rt_ms=24 bytes=19108
2026-03-14 02:48:44.169 edge /api/orders status=200 upstream=B rt_ms=399 bytes=6805
2026-03-14 02:48:44.241 edge /static/style.css status=200 upstream=B rt_ms=103 bytes=8756
2026-03-14 02:48:48.015 edge / status=502 upstream=B rt_ms=131 bytes=31687
2026-03-14 02:48:48.145 edge /api/events status=200 upstream=B rt_ms=187 bytes=13941
2026-03-14 02:48:48.872 edge /healthz status=200 upstream=B rt_ms=14 bytes=13604
2026-03-14 02:48:49.480 edge /api/events status=200 upstream=B rt_ms=264 bytes=26272
2026-03-14 02:48:51.846 edge /static/style.css status=500 upstream=B rt_ms=168 bytes=4011
2026-03-14 02:48:52.962 edge /static/style.css status=200 upstream=B rt_ms=190 bytes=34525
2026-03-14 02:48:53.680 edge /api/orders status=502 upstream=B rt_ms=26 bytes=6657
2026-03-14 02:48:54.111 edge / status=200 upstream=B rt_ms=63 bytes=6960
2026-03-14 02:48:55.942 edge / status=200 upstream=B rt_ms=117 bytes=2076
2026-03-14 02:48:56.871 edge /static/style.css status=200 upstream=B rt_ms=10 bytes=38288
2026-03-14 02:48:58.350 edge /healthz status=502 upstream=B rt_ms=312 bytes=1902
2026-03-14 02:48:58.762 edge /api/orders status=200 upstream=B rt_ms=165 bytes=14891
2026-03-14 02:49:00.088 edge / status=502 upstream=B rt_ms=234 bytes=25829
2026-03-14 02:49:01.548 edge /api/orders status=502 upstream=B rt_ms=294 bytes=23769
2026-03-14 02:49:02.382 edge /api/events status=200 upstream=B rt_ms=30 bytes=19328
2026-03-14 02:49:02.425 edge /static/style.css status=200 upstream=B rt_ms=272 bytes=16139
2026-03-14 02:49:02.634 edge / status=200 upstream=B rt_ms=300 bytes=35835
2026-03-14 02:49:03.545 edge /static/style.css status=200 upstream=B rt_ms=101 bytes=22652
2026-03-14 02:49:08.792 edge / status=200 upstream=B rt_ms=73 bytes=22381
2026-03-14 02:49:09.339 edge /healthz status=502 upstream=B rt_ms=155 bytes=38427
2026-03-14 02:49:09.591 edge / status=502 upstream=B rt_ms=193 bytes=12676
2026-03-14 02:49:10.407 edge /api/events status=502 upstream=B rt_ms=39 bytes=31890
2026-03-14 02:49:12.461 edge /api/orders status=502 upstream=B rt_ms=270 bytes=15470
2026-03-14 02:49:13.720 edge /static/style.css status=502 upstream=B rt_ms=394 bytes=24090
2026-03-14 02:49:14.148 edge / status=200 upstream=B rt_ms=355 bytes=35503
2026-03-14 02:49:14.689 edge /healthz status=200 upstream=B rt_ms=181 bytes=2942
2026-03-14 02:49:15.756 edge /static/style.css status=200 upstream=B rt_ms=80 bytes=41470
2026-03-14 02:49:16.314 edge / status=404 upstream=B rt_ms=296 bytes=5569
2026-03-14 02:49:18.519 edge /healthz status=502 upstream=B rt_ms=390 bytes=18821
2026-03-14 02:49:20.190 edge /static/style.css status=502 upstream=B rt_ms=182 bytes=34524
2026-03-14 02:49:21.683 edge /api/events status=200 upstream=B rt_ms=395 bytes=18228
2026-03-14 02:49:22.209 edge / status=200 upstream=B rt_ms=355 bytes=29855
2026-03-14 02:49:23.215 edge /api/orders status=200 upstream=B rt_ms=55 bytes=19702
2026-03-14 02:49:23.523 edge /api/orders status=502 upstream=B rt_ms=258 bytes=37034
2026-03-14 02:49:25.461 edge /healthz status=200 upstream=B rt_ms=257 bytes=14279
2026-03-14 02:49:28.282 edge /api/orders status=502 upstream=B rt_ms=311 bytes=10360
2026-03-14 02:49:29.216 edge /api/orders status=200 upstream=B rt_ms=260 bytes=29623
2026-03-14 02:49:29.324 edge /api/orders status=502 upstream=B rt_ms=275 bytes=4934
2026-03-14 02:49:30.109 edge /api/orders status=200 upstream=B rt_ms=238 bytes=34686
2026-03-14 02:49:30.829 edge /static/style.css status=500 upstream=B rt_ms=252 bytes=12421
2026-03-14 02:49:32.284 edge /api/events status=200 upstream=B rt_ms=155 bytes=38394
2026-03-14 02:49:32.682 edge / status=200 upstream=B rt_ms=183 bytes=41464
2026-03-14 02:49:33.350 edge /api/events status=200 upstream=B rt_ms=380 bytes=35289
2026-03-14 02:49:34.303 edge / status=200 upstream=B rt_ms=171 bytes=4687
2026-03-14 02:49:34.357 edge /healthz status=502 upstream=B rt_ms=386 bytes=11802
2026-03-14 02:49:34.572 edge / status=200 upstream=B rt_ms=302 bytes=36236
2026-03-14 02:49:34.613 edge / status=502 upstream=B rt_ms=22 bytes=24930
2026-03-14 02:49:34.777 edge / status=200 upstream=B rt_ms=294 bytes=9891
2026-03-14 02:49:35.513 edge /static/style.css status=200 upstream=B rt_ms=284 bytes=30995
2026-03-14 02:49:36.070 edge /healthz status=200 upstream=B rt_ms=209 bytes=24059
2026-03-14 02:49:36.100 edge /static/style.css status=200 upstream=B rt_ms=68 bytes=32037
2026-03-14 02:49:36.751 edge /api/orders status=502 upstream=B rt_ms=87 bytes=13944
2026-03-14 02:49:37.305 edge /api/orders status=404 upstream=B rt_ms=140 bytes=8062
2026-03-14 02:49:40.189 edge /static/style.css status=200 upstream=B rt_ms=372 bytes=8663
2026-03-14 02:49:40.602 edge /api/orders status=200 upstream=B rt_ms=95 bytes=7792
2026-03-14 02:49:41.945 edge /healthz status=502 upstream=B rt_ms=223 bytes=31139
2026-03-14 02:49:44.197 edge /healthz status=502 upstream=B rt_ms=316 bytes=24470
2026-03-14 02:49:44.726 edge /api/orders status=404 upstream=B rt_ms=46 bytes=23304
2026-03-14 02:49:45.380 edge /api/orders status=502 upstream=B rt_ms=391 bytes=4691
2026-03-14 02:49:48.266 edge /api/orders status=500 upstream=B rt_ms=216 bytes=40124
2026-03-14 02:49:48.749 edge /api/orders status=200 upstream=B rt_ms=193 bytes=12354
2026-03-14 02:49:50.025 edge /api/events status=502 upstream=B rt_ms=82 bytes=7116
2026-03-14 02:49:50.452 edge /api/events status=200 upstream=B rt_ms=384 bytes=18450
2026-03-14 02:49:50.480 edge /healthz status=502 upstream=B rt_ms=227 bytes=15871
2026-03-14 02:49:50.723 edge / status=200 upstream=B rt_ms=333 bytes=36057
2026-03-14 02:49:50.855 edge /static/style.css status=502 upstream=B rt_ms=62 bytes=9146
2026-03-14 02:49:50.878 edge /healthz status=200 upstream=B rt_ms=49 bytes=28378
2026-03-14 02:49:51.391 edge / status=200 upstream=B rt_ms=330 bytes=37929
2026-03-14 02:49:52.089 edge /api/orders status=200 upstream=B rt_ms=306 bytes=34207
2026-03-14 02:49:52.194 edge / status=502 upstream=B rt_ms=334 bytes=19278
2026-03-14 02:49:54.107 edge /api/orders status=200 upstream=B rt_ms=84 bytes=14370
2026-03-14 02:49:57.425 edge /static/style.css status=200 upstream=B rt_ms=132 bytes=19763
2026-03-14 02:49:58.476 edge /static/style.css status=502 upstream=B rt_ms=330 bytes=3673
2026-03-14 02:50:00.283 edge /api/orders status=502 upstream=B rt_ms=162 bytes=33823
2026-03-14 02:50:01.214 edge /static/style.css status=200 upstream=B rt_ms=355 bytes=8828
2026-03-14 02:50:02.572 edge / status=200 upstream=B rt_ms=29 bytes=24274
2026-03-14 02:50:05.943 edge /static/style.css status=502 upstream=B rt_ms=213 bytes=303
2026-03-14 02:50:07.544 edge /api/orders status=200 upstream=B rt_ms=296 bytes=37652
2026-03-14 02:50:07.571 edge / status=200 upstream=B rt_ms=251 bytes=25969
2026-03-14 02:50:07.893 edge /healthz status=200 upstream=B rt_ms=190 bytes=39394
2026-03-14 02:50:08.084 edge /api/events status=200 upstream=B rt_ms=365 bytes=41825
2026-03-14 02:50:09.893 edge / status=502 upstream=B rt_ms=259 bytes=10908
2026-03-14 02:50:10.534 edge /api/orders status=200 upstream=B rt_ms=378 bytes=4649
2026-03-14 02:50:11.417 edge /api/events status=502 upstream=B rt_ms=288 bytes=23109
2026-03-14 02:50:12.863 edge /api/events status=200 upstream=B rt_ms=188 bytes=20927
2026-03-14 02:50:15.342 edge /healthz status=404 upstream=B rt_ms=145 bytes=31376
2026-03-14 02:50:19.504 edge /healthz status=200 upstream=B rt_ms=185 bytes=26455
2026-03-14 02:50:20.055 edge /healthz status=200 upstream=B rt_ms=181 bytes=20503
2026-03-14 02:50:22.203 edge /api/events status=502 upstream=B rt_ms=344 bytes=12378
2026-03-14 02:50:24.299 edge /healthz status=200 upstream=B rt_ms=296 bytes=37659
2026-03-14 02:50:25.097 edge /api/events status=200 upstream=B rt_ms=238 bytes=14985
2026-03-14 02:50:25.391 edge /api/orders status=200 upstream=B rt_ms=180 bytes=13476
2026-03-14 02:50:26.318 edge /healthz status=200 upstream=B rt_ms=393 bytes=17348
2026-03-14 02:50:26.506 edge / status=502 upstream=B rt_ms=32 bytes=17065
2026-03-14 02:50:26.897 edge / status=502 upstream=B rt_ms=332 bytes=1134
2026-03-14 02:50:29.253 edge /api/events status=404 upstream=B rt_ms=67 bytes=28314
2026-03-14 02:50:29.366 edge / status=502 upstream=B rt_ms=210 bytes=7428
2026-03-14 02:50:30.969 edge / status=200 upstream=B rt_ms=276 bytes=38759
2026-03-14 02:50:31.817 edge /static/style.css status=502 upstream=B rt_ms=377 bytes=40496
2026-03-14 02:50:32.894 edge / status=502 upstream=B rt_ms=69 bytes=15766
2026-03-14 02:50:33.270 edge / status=200 upstream=B rt_ms=154 bytes=14182
2026-03-14 02:50:33.954 edge /static/style.css status=500 upstream=B rt_ms=127 bytes=22322
2026-03-14 02:50:37.292 edge /api/events status=200 upstream=B rt_ms=318 bytes=38951
2026-03-14 02:50:38.307 edge /api/orders status=200 upstream=B rt_ms=379 bytes=18723
2026-03-14 02:50:38.594 edge /api/orders status=200 upstream=B rt_ms=27 bytes=23515
2026-03-14 02:50:38.800 edge /healthz status=200 upstream=B rt_ms=127 bytes=5202
2026-03-14 02:50:39.038 edge / status=200 upstream=B rt_ms=180 bytes=5991
2026-03-14 02:50:39.150 edge /api/events status=404 upstream=B rt_ms=239 bytes=25277
2026-03-14 02:50:39.424 edge /api/events status=200 upstream=B rt_ms=306 bytes=32687
2026-03-14 02:50:40.751 edge /static/style.css status=200 upstream=B rt_ms=361 bytes=13917
2026-03-14 02:50:41.010 edge /api/orders status=200 upstream=B rt_ms=28 bytes=31062
2026-03-14 02:50:41.036 edge /static/style.css status=200 upstream=B rt_ms=37 bytes=16350
2026-03-14 02:50:41.104 edge /api/events status=502 upstream=B rt_ms=238 bytes=414
2026-03-14 02:50:44.065 edge /api/events status=200 upstream=B rt_ms=56 bytes=9131
2026-03-14 02:50:44.970 edge /api/events status=502 upstream=B rt_ms=197 bytes=12587
2026-03-14 02:50:44.983 edge /static/style.css status=200 upstream=B rt_ms=268 bytes=23282
2026-03-14 02:50:45.350 edge /api/orders status=502 upstream=B rt_ms=30 bytes=37241
2026-03-14 02:50:45.430 edge /api/orders status=200 upstream=B rt_ms=148 bytes=21133
2026-03-14 02:50:46.581 edge / status=500 upstream=B rt_ms=216 bytes=24949
2026-03-14 02:50:46.592 edge /api/orders status=502 upstream=B rt_ms=245 bytes=37096
2026-03-14 02:50:46.777 edge /api/orders status=502 upstream=B rt_ms=101 bytes=24374
2026-03-14 02:50:49.190 edge /api/orders status=502 upstream=B rt_ms=257 bytes=5206
2026-03-14 02:50:49.382 edge /static/style.css status=502 upstream=B rt_ms=229 bytes=7647
2026-03-14 02:50:49.495 edge / status=200 upstream=B rt_ms=154 bytes=21954
2026-03-14 02:50:52.286 edge / status=200 upstream=B rt_ms=28 bytes=39564
2026-03-14 02:50:54.270 edge / status=500 upstream=B rt_ms=338 bytes=34561
2026-03-14 02:50:55.523 edge /api/orders status=200 upstream=B rt_ms=171 bytes=20822
2026-03-14 02:50:55.976 edge / status=502 upstream=B rt_ms=187 bytes=20428
2026-03-14 02:50:56.129 edge /healthz status=200 upstream=B rt_ms=129 bytes=13300
2026-03-14 02:50:56.224 edge /static/style.css status=502 upstream=B rt_ms=373 bytes=37409
2026-03-14 02:50:56.882 edge / status=200 upstream=B rt_ms=323 bytes=3410
2026-03-14 02:50:57.702 edge /static/style.css status=200 upstream=B rt_ms=42 bytes=37999
2026-03-14 02:50:58.652 edge /healthz status=502 upstream=B rt_ms=146 bytes=39517
2026-03-14 02:51:01.479 edge / status=502 upstream=B rt_ms=25 bytes=19429
2026-03-14 02:51:01.634 edge /static/style.css status=200 upstream=B rt_ms=145 bytes=32494
2026-03-14 02:51:03.831 edge /api/orders status=200 upstream=B rt_ms=192 bytes=6175
2026-03-14 02:51:04.376 edge /static/style.css status=200 upstream=B rt_ms=190 bytes=36987
2026-03-14 02:51:04.704 edge /api/events status=200 upstream=B rt_ms=281 bytes=13392
2026-03-14 02:51:05.698 edge / status=502 upstream=B rt_ms=169 bytes=28855
2026-03-14 02:51:06.683 edge /api/orders status=502 upstream=B rt_ms=58 bytes=27162
2026-03-14 02:51:07.110 edge / status=404 upstream=B rt_ms=110 bytes=26375
2026-03-14 02:51:07.232 edge /api/orders status=200 upstream=B rt_ms=151 bytes=31910
2026-03-14 02:51:07.331 edge /static/style.css status=502 upstream=B rt_ms=63 bytes=37340
2026-03-14 02:51:13.029 edge / status=200 upstream=B rt_ms=119 bytes=22238
2026-03-14 02:51:13.326 edge /healthz status=502 upstream=B rt_ms=191 bytes=15781
2026-03-14 02:51:13.610 edge / status=200 upstream=B rt_ms=39 bytes=1968
2026-03-14 02:51:14.322 edge /api/events status=502 upstream=B rt_ms=116 bytes=13086
2026-03-14 02:51:15.672 edge /static/style.css status=502 upstream=B rt_ms=125 bytes=32285
2026-03-14 02:51:16.586 edge / status=502 upstream=B rt_ms=268 bytes=5187
2026-03-14 02:51:18.138 edge /static/style.css status=500 upstream=B rt_ms=183 bytes=19670
2026-03-14 02:51:18.139 edge /static/style.css status=502 upstream=B rt_ms=227 bytes=12785
2026-03-14 02:51:18.590 edge /static/style.css status=502 upstream=B rt_ms=84 bytes=14749
2026-03-14 02:51:19.618 edge /api/events status=200 upstream=B rt_ms=3 bytes=41269
2026-03-14 02:51:20.911 edge /api/orders status=200 upstream=B rt_ms=54 bytes=6550
2026-03-14 02:51:21.386 edge /api/orders status=502 upstream=B rt_ms=28 bytes=6060
2026-03-14 02:51:22.200 edge /api/events status=502 upstream=B rt_ms=67 bytes=34382
2026-03-14 02:51:22.480 edge /api/events status=200 upstream=B rt_ms=69 bytes=18261
2026-03-14 02:51:22.965 edge /static/style.css status=502 upstream=B rt_ms=87 bytes=23954
2026-03-14 02:51:26.037 edge /static/style.css status=200 upstream=B rt_ms=85 bytes=31266
2026-03-14 02:51:26.150 edge /healthz status=200 upstream=B rt_ms=216 bytes=40027
2026-03-14 02:51:28.385 edge /api/events status=502 upstream=B rt_ms=366 bytes=37696
2026-03-14 02:51:28.429 edge /api/events status=200 upstream=B rt_ms=272 bytes=12020
2026-03-14 02:51:28.639 edge /healthz status=502 upstream=B rt_ms=263 bytes=39885
2026-03-14 02:51:28.911 edge /static/style.css status=200 upstream=B rt_ms=357 bytes=1279
2026-03-14 02:51:29.623 edge /api/events status=200 upstream=B rt_ms=327 bytes=21310
2026-03-14 02:51:31.470 edge / status=200 upstream=B rt_ms=54 bytes=27135
2026-03-14 02:51:31.736 edge / status=404 upstream=B rt_ms=181 bytes=36446
2026-03-14 02:51:32.000 edge /static/style.css status=502 upstream=B rt_ms=49 bytes=9035
2026-03-14 02:51:33.999 edge /static/style.css status=502 upstream=B rt_ms=271 bytes=13586
2026-03-14 02:51:36.671 edge /api/orders status=502 upstream=B rt_ms=137 bytes=33239
2026-03-14 02:51:36.987 edge /api/orders status=200 upstream=B rt_ms=320 bytes=21013
2026-03-14 02:51:37.531 edge /api/events status=502 upstream=B rt_ms=98 bytes=19418
2026-03-14 02:51:41.442 edge / status=502 upstream=B rt_ms=71 bytes=25301
2026-03-14 02:51:42.200 edge /healthz status=200 upstream=B rt_ms=283 bytes=16836
2026-03-14 02:51:42.407 edge / status=200 upstream=B rt_ms=329 bytes=6084
2026-03-14 02:51:42.670 edge /static/style.css status=200 upstream=B rt_ms=295 bytes=37418
2026-03-14 02:51:44.735 edge /static/style.css status=200 upstream=B rt_ms=386 bytes=15515
2026-03-14 02:51:44.801 edge /healthz status=502 upstream=B rt_ms=20 bytes=9197
2026-03-14 02:51:45.227 edge /healthz status=502 upstream=B rt_ms=210 bytes=41416
2026-03-14 02:51:45.664 edge /api/orders status=502 upstream=B rt_ms=291 bytes=31087
2026-03-14 02:51:46.393 edge /api/orders status=502 upstream=B rt_ms=93 bytes=30386
2026-03-14 02:51:46.926 edge / status=200 upstream=B rt_ms=117 bytes=25988
2026-03-14 02:51:47.235 edge /api/orders status=502 upstream=B rt_ms=398 bytes=40887
2026-03-14 02:51:47.576 edge /api/events status=200 upstream=B rt_ms=94 bytes=25653
2026-03-14 02:51:49.880 edge /api/events status=200 upstream=B rt_ms=188 bytes=11839
2026-03-14 02:51:50.558 edge /api/orders status=200 upstream=B rt_ms=103 bytes=35290
2026-03-14 02:51:52.473 edge /healthz status=500 upstream=B rt_ms=275 bytes=23033
2026-03-14 02:51:54.058 edge /api/events status=502 upstream=B rt_ms=192 bytes=40515
2026-03-14 02:51:54.878 edge /api/events status=502 upstream=B rt_ms=339 bytes=1246
2026-03-14 02:51:55.049 edge /api/orders status=200 upstream=B rt_ms=344 bytes=2372
2026-03-14 02:51:56.343 edge / status=200 upstream=B rt_ms=156 bytes=20497
2026-03-14 02:51:57.379 edge /api/events status=502 upstream=B rt_ms=133 bytes=23776
2026-03-14 02:51:58.247 edge /static/style.css status=200 upstream=B rt_ms=313 bytes=10347
2026-03-14 02:52:00.278 edge /api/orders status=200 upstream=B rt_ms=176 bytes=1266
2026-03-14 02:52:00.435 edge /healthz status=502 upstream=B rt_ms=160 bytes=24393
2026-03-14 02:52:01.369 edge /healthz status=200 upstream=B rt_ms=30 bytes=22029
2026-03-14 02:52:04.318 edge /healthz status=200 upstream=B rt_ms=99 bytes=14213
2026-03-14 02:52:05.202 edge / status=502 upstream=B rt_ms=218 bytes=1129
2026-03-14 02:52:05.423 edge /api/events status=200 upstream=B rt_ms=53 bytes=15026
2026-03-14 02:52:06.936 edge /static/style.css status=500 upstream=B rt_ms=105 bytes=7984
2026-03-14 02:52:08.090 edge /static/style.css status=200 upstream=B rt_ms=343 bytes=759
2026-03-14 02:52:10.308 edge /static/style.css status=200 upstream=B rt_ms=399 bytes=34876
2026-03-14 02:52:13.641 edge / status=502 upstream=B rt_ms=208 bytes=22131
2026-03-14 02:52:15.055 edge /static/style.css status=200 upstream=B rt_ms=181 bytes=17542
2026-03-14 02:52:15.550 edge /api/events status=200 upstream=B rt_ms=195 bytes=24784
2026-03-14 02:52:15.785 edge /static/style.css status=502 upstream=B rt_ms=374 bytes=11404
2026-03-14 02:52:17.726 edge /static/style.css status=500 upstream=B rt_ms=204 bytes=17875
2026-03-14 02:52:18.067 edge /api/orders status=200 upstream=B rt_ms=222 bytes=2273
2026-03-14 02:52:19.095 edge /api/events status=200 upstream=B rt_ms=152 bytes=12970
2026-03-14 02:52:20.205 edge /static/style.css status=200 upstream=B rt_ms=211 bytes=10430
2026-03-14 02:52:20.210 edge /api/orders status=200 upstream=B rt_ms=190 bytes=20791
2026-03-14 02:52:20.364 edge /healthz status=404 upstream=B rt_ms=150 bytes=5885
2026-03-14 02:52:20.965 edge / status=502 upstream=B rt_ms=319 bytes=7167
2026-03-14 02:52:21.835 edge /api/orders status=200 upstream=B rt_ms=397 bytes=15435
2026-03-14 02:52:22.991 edge /static/style.css status=200 upstream=B rt_ms=349 bytes=555
2026-03-14 02:52:23.861 edge /healthz status=200 upstream=B rt_ms=49 bytes=20552
2026-03-14 02:52:24.578 edge /api/orders status=200 upstream=B rt_ms=298 bytes=8857
2026-03-14 02:52:24.676 edge / status=200 upstream=B rt_ms=259 bytes=8200
2026-03-14 02:52:24.749 edge /api/orders status=502 upstream=B rt_ms=253 bytes=41372
2026-03-14 02:52:26.227 edge /static/style.css status=502 upstream=B rt_ms=386 bytes=41887
2026-03-14 02:52:27.162 edge / status=502 upstream=B rt_ms=261 bytes=28684
2026-03-14 02:52:28.654 edge /api/orders status=404 upstream=B rt_ms=27 bytes=28352
2026-03-14 02:52:29.382 edge /healthz status=502 upstream=B rt_ms=34 bytes=10962
2026-03-14 02:52:31.401 edge /api/events status=502 upstream=B rt_ms=373 bytes=31443
2026-03-14 02:52:31.588 edge /api/events status=404 upstream=B rt_ms=123 bytes=16919
2026-03-14 02:52:31.857 edge /api/events status=200 upstream=B rt_ms=33 bytes=1624
2026-03-14 02:52:33.753 edge /healthz status=200 upstream=B rt_ms=68 bytes=27840
2026-03-14 02:52:33.905 edge / status=502 upstream=B rt_ms=9 bytes=32991
2026-03-14 02:52:36.740 edge /static/style.css status=200 upstream=B rt_ms=76 bytes=1192
2026-03-14 02:52:39.837 edge /api/events status=404 upstream=B rt_ms=268 bytes=34908
2026-03-14 02:52:40.004 edge /api/events status=500 upstream=B rt_ms=396 bytes=25104
2026-03-14 02:52:40.976 edge /static/style.css status=200 upstream=B rt_ms=312 bytes=21595
2026-03-14 02:52:41.077 edge / status=502 upstream=B rt_ms=3 bytes=16550
2026-03-14 02:52:44.972 edge / status=200 upstream=B rt_ms=112 bytes=23972
2026-03-14 02:52:46.150 edge / status=502 upstream=B rt_ms=79 bytes=29785
2026-03-14 02:52:46.904 edge /healthz status=200 upstream=B rt_ms=93 bytes=16719
2026-03-14 02:52:48.372 edge /api/orders status=200 upstream=B rt_ms=146 bytes=7642
2026-03-14 02:52:48.974 edge /static/style.css status=502 upstream=B rt_ms=44 bytes=1143
2026-03-14 02:52:50.015 edge /api/events status=502 upstream=B rt_ms=205 bytes=3242
2026-03-14 02:52:50.193 edge /api/events status=502 upstream=B rt_ms=301 bytes=40970
2026-03-14 02:52:52.219 edge /healthz status=200 upstream=B rt_ms=69 bytes=25035
2026-03-14 02:52:52.698 edge / status=200 upstream=B rt_ms=260 bytes=26018
2026-03-14 02:52:54.346 edge /static/style.css status=502 upstream=B rt_ms=298 bytes=19891
2026-03-14 02:52:55.740 edge /api/orders status=200 upstream=B rt_ms=324 bytes=2720
2026-03-14 02:52:55.752 edge /static/style.css status=200 upstream=B rt_ms=231 bytes=7622
2026-03-14 02:52:56.949 edge /api/events status=502 upstream=B rt_ms=89 bytes=30041
2026-03-14 02:52:57.756 edge /api/events status=200 upstream=B rt_ms=58 bytes=1449
2026-03-14 02:52:57.890 edge /api/orders status=200 upstream=B rt_ms=245 bytes=21304
2026-03-14 02:52:58.771 edge / status=502 upstream=B rt_ms=287 bytes=25612
2026-03-14 02:53:00.030 edge /api/orders status=200 upstream=B rt_ms=154 bytes=27866
2026-03-14 02:53:01.557 edge /api/orders status=502 upstream=B rt_ms=176 bytes=31417
2026-03-14 02:53:02.046 edge /static/style.css status=502 upstream=B rt_ms=36 bytes=30050
2026-03-14 02:53:02.858 edge /api/orders status=502 upstream=B rt_ms=398 bytes=26439
2026-03-14 02:53:03.403 edge / status=502 upstream=B rt_ms=390 bytes=8341
2026-03-14 02:53:05.520 edge /api/events status=200 upstream=B rt_ms=398 bytes=11432
2026-03-14 02:53:05.595 edge /healthz status=200 upstream=B rt_ms=170 bytes=3526
2026-03-14 02:53:05.756 edge /healthz status=200 upstream=B rt_ms=285 bytes=17456
2026-03-14 02:53:08.282 edge /static/style.css status=200 upstream=B rt_ms=52 bytes=29623
2026-03-14 02:53:10.130 edge /api/events status=200 upstream=B rt_ms=276 bytes=17133
2026-03-14 02:53:11.290 edge /api/orders status=502 upstream=B rt_ms=76 bytes=29958
2026-03-14 02:53:15.130 edge /api/events status=200 upstream=B rt_ms=24 bytes=26360
2026-03-14 02:53:16.849 edge /api/orders status=502 upstream=B rt_ms=80 bytes=2828
2026-03-14 02:53:16.950 edge /api/orders status=502 upstream=B rt_ms=341 bytes=36934
2026-03-14 02:53:20.316 edge /api/events status=200 upstream=B rt_ms=224 bytes=19694
2026-03-14 02:53:20.655 edge /static/style.css status=502 upstream=B rt_ms=357 bytes=26532
2026-03-14 02:53:24.298 edge /api/orders status=200 upstream=B rt_ms=373 bytes=9199
2026-03-14 02:53:25.585 edge /api/orders status=200 upstream=B rt_ms=65 bytes=7714
2026-03-14 02:53:26.098 edge / status=200 upstream=B rt_ms=64 bytes=8105
2026-03-14 02:53:26.744 edge /api/events status=502 upstream=B rt_ms=305 bytes=19902
2026-03-14 02:53:26.954 edge / status=200 upstream=B rt_ms=153 bytes=5690
2026-03-14 02:53:30.349 edge /api/orders status=502 upstream=B rt_ms=155 bytes=31385
2026-03-14 02:53:31.356 edge /static/style.css status=502 upstream=B rt_ms=117 bytes=26230
2026-03-14 02:53:32.147 edge /api/events status=200 upstream=B rt_ms=164 bytes=31847
2026-03-14 02:53:32.232 edge /static/style.css status=502 upstream=B rt_ms=348 bytes=39304
2026-03-14 02:53:33.351 edge / status=502 upstream=B rt_ms=36 bytes=5425
2026-03-14 02:53:35.707 edge /api/orders status=200 upstream=B rt_ms=342 bytes=3032
2026-03-14 02:53:36.763 edge /static/style.css status=200 upstream=B rt_ms=238 bytes=31510
2026-03-14 02:53:37.196 edge /healthz status=502 upstream=B rt_ms=150 bytes=12486
2026-03-14 02:53:37.945 edge /api/events status=200 upstream=B rt_ms=219 bytes=9478
2026-03-14 02:53:38.995 edge /api/events status=200 upstream=B rt_ms=261 bytes=34971
2026-03-14 02:53:41.238 edge /api/events status=200 upstream=B rt_ms=377 bytes=31877
2026-03-14 02:53:41.361 edge /api/orders status=502 upstream=B rt_ms=163 bytes=13090
2026-03-14 02:53:43.270 edge /static/style.css status=502 upstream=B rt_ms=277 bytes=17889
2026-03-14 02:53:45.395 edge /healthz status=200 upstream=B rt_ms=381 bytes=30032
2026-03-14 02:53:47.027 edge /api/events status=502 upstream=B rt_ms=353 bytes=22192
2026-03-14 02:53:48.356 edge /static/style.css status=200 upstream=B rt_ms=372 bytes=36959
2026-03-14 02:53:48.586 edge /api/events status=502 upstream=B rt_ms=391 bytes=31743
2026-03-14 02:53:48.651 edge /api/orders status=200 upstream=B rt_ms=395 bytes=7075
2026-03-14 02:53:49.043 edge /api/orders status=500 upstream=B rt_ms=361 bytes=5094
2026-03-14 02:53:49.320 edge /healthz status=200 upstream=B rt_ms=63 bytes=40918
2026-03-14 02:53:50.045 edge /api/orders status=502 upstream=B rt_ms=384 bytes=9161
2026-03-14 02:53:51.434 edge /api/orders status=502 upstream=B rt_ms=383 bytes=29846
2026-03-14 02:53:52.027 edge /api/orders status=502 upstream=B rt_ms=41 bytes=32535
2026-03-14 02:53:56.304 edge /api/events status=502 upstream=B rt_ms=184 bytes=35436
2026-03-14 02:53:56.335 edge / status=200 upstream=B rt_ms=300 bytes=35886
2026-03-14 02:53:56.592 edge / status=200 upstream=B rt_ms=358 bytes=25647
2026-03-14 02:53:56.874 edge /static/style.css status=404 upstream=B rt_ms=373 bytes=41883
2026-03-14 02:53:57.012 edge /api/orders status=200 upstream=B rt_ms=166 bytes=41789
2026-03-14 02:53:57.227 edge /healthz status=502 upstream=B rt_ms=141 bytes=6600
2026-03-14 02:53:58.129 edge /static/style.css status=200 upstream=B rt_ms=142 bytes=11896
2026-03-14 02:53:58.593 edge /api/events status=200 upstream=B rt_ms=149 bytes=21301
2026-03-14 02:53:58.794 edge /healthz status=502 upstream=B rt_ms=371 bytes=40302
2026-03-14 02:54:00.755 edge /static/style.css status=502 upstream=B rt_ms=169 bytes=27922
2026-03-14 02:54:01.201 edge /static/style.css status=200 upstream=B rt_ms=234 bytes=28486
2026-03-14 02:54:02.551 edge / status=200 upstream=B rt_ms=120 bytes=19685
2026-03-14 02:54:02.944 edge /api/events status=502 upstream=B rt_ms=81 bytes=26868
2026-03-14 02:54:05.280 edge /static/style.css status=502 upstream=B rt_ms=349 bytes=7476
2026-03-14 02:54:05.870 edge /healthz status=200 upstream=B rt_ms=330 bytes=13339
2026-03-14 02:54:07.156 edge /api/orders status=502 upstream=B rt_ms=110 bytes=37304
2026-03-14 02:54:07.912 edge /api/orders status=200 upstream=B rt_ms=395 bytes=26789
2026-03-14 02:54:08.554 edge /api/events status=200 upstream=B rt_ms=47 bytes=8221
2026-03-14 02:54:09.628 edge / status=200 upstream=B rt_ms=24 bytes=23641
2026-03-14 02:54:10.101 edge / status=502 upstream=B rt_ms=302 bytes=17587
2026-03-14 02:54:10.663 edge /api/orders status=200 upstream=B rt_ms=344 bytes=20691
2026-03-14 02:54:11.455 edge /api/events status=502 upstream=B rt_ms=230 bytes=22675
2026-03-14 02:54:11.653 edge /static/style.css status=502 upstream=B rt_ms=211 bytes=8546
2026-03-14 02:54:12.398 edge /api/events status=200 upstream=B rt_ms=333 bytes=35261
2026-03-14 02:54:13.261 edge /api/events status=502 upstream=B rt_ms=274 bytes=20860
2026-03-14 02:54:13.975 edge /api/events status=200 upstream=B rt_ms=282 bytes=7302
2026-03-14 02:54:16.752 edge /api/events status=502 upstream=B rt_ms=264 bytes=39015
2026-03-14 02:54:17.427 edge /healthz status=200 upstream=B rt_ms=352 bytes=591
2026-03-14 02:54:18.672 edge /api/events status=200 upstream=B rt_ms=273 bytes=20853
2026-03-14 02:54:19.032 edge /healthz status=200 upstream=B rt_ms=168 bytes=27203
2026-03-14 02:54:20.125 edge /static/style.css status=404 upstream=B rt_ms=92 bytes=41579
2026-03-14 02:54:22.086 edge /api/orders status=200 upstream=B rt_ms=49 bytes=36193
2026-03-14 02:54:22.436 edge /static/style.css status=200 upstream=B rt_ms=181 bytes=30592
2026-03-14 02:54:23.469 edge /api/events status=502 upstream=B rt_ms=220 bytes=10410
2026-03-14 02:54:24.013 edge / status=502 upstream=B rt_ms=335 bytes=5463
2026-03-14 02:54:25.476 edge /api/events status=502 upstream=B rt_ms=372 bytes=1761
2026-03-14 02:54:25.912 edge /api/events status=200 upstream=B rt_ms=364 bytes=6155
2026-03-14 02:54:26.607 edge /api/orders status=502 upstream=B rt_ms=191 bytes=2567
2026-03-14 02:54:27.026 edge /static/style.css status=502 upstream=B rt_ms=284 bytes=1103
2026-03-14 02:54:27.401 edge /healthz status=200 upstream=B rt_ms=130 bytes=23237
2026-03-14 02:54:27.720 edge / status=200 upstream=B rt_ms=4 bytes=5330
2026-03-14 02:54:30.127 edge /static/style.css status=200 upstream=B rt_ms=392 bytes=41362
2026-03-14 02:54:30.495 edge /static/style.css status=404 upstream=B rt_ms=19 bytes=39472
2026-03-14 02:54:32.357 edge /healthz status=200 upstream=B rt_ms=190 bytes=6974
2026-03-14 02:54:32.364 edge / status=404 upstream=B rt_ms=64 bytes=40244
2026-03-14 02:54:32.371 edge / status=200 upstream=B rt_ms=243 bytes=35593
2026-03-14 02:54:32.528 edge /api/events status=200 upstream=B rt_ms=284 bytes=18981
2026-03-14 02:54:32.676 edge /healthz status=502 upstream=B rt_ms=83 bytes=26797
2026-03-14 02:54:33.253 edge /api/orders status=200 upstream=B rt_ms=193 bytes=20503
2026-03-14 02:54:34.715 edge /healthz status=200 upstream=B rt_ms=216 bytes=6219
2026-03-14 02:54:34.868 edge /api/events status=200 upstream=B rt_ms=160 bytes=36349
2026-03-14 02:54:34.923 edge /static/style.css status=200 upstream=B rt_ms=322 bytes=16598
2026-03-14 02:54:35.278 edge /api/events status=200 upstream=B rt_ms=35 bytes=32491
2026-03-14 02:54:36.871 edge /api/orders status=502 upstream=B rt_ms=179 bytes=17804
2026-03-14 02:54:37.324 edge /static/style.css status=502 upstream=B rt_ms=59 bytes=1079
2026-03-14 02:54:38.860 edge /static/style.css status=502 upstream=B rt_ms=280 bytes=33165
2026-03-14 02:54:40.675 edge /api/events status=200 upstream=B rt_ms=332 bytes=28964
2026-03-14 02:54:40.990 edge /static/style.css status=200 upstream=B rt_ms=371 bytes=16551
2026-03-14 02:54:41.593 edge /static/style.css status=200 upstream=B rt_ms=95 bytes=26668
2026-03-14 02:54:46.511 edge /healthz status=200 upstream=B rt_ms=298 bytes=21559
2026-03-14 02:54:50.380 edge /api/events status=200 upstream=B rt_ms=246 bytes=21171
2026-03-14 02:54:50.609 edge /static/style.css status=200 upstream=B rt_ms=364 bytes=11642
2026-03-14 02:54:51.367 edge /healthz status=200 upstream=B rt_ms=102 bytes=24411
2026-03-14 02:54:52.447 edge / status=200 upstream=B rt_ms=239 bytes=39885
2026-03-14 02:54:53.831 edge /healthz status=502 upstream=B rt_ms=347 bytes=10431
2026-03-14 02:54:54.847 edge /api/events status=502 upstream=B rt_ms=192 bytes=27528
2026-03-14 02:54:54.854 edge /api/events status=200 upstream=B rt_ms=150 bytes=11495
2026-03-14 02:54:56.351 edge /api/orders status=502 upstream=B rt_ms=278 bytes=15221
2026-03-14 02:54:57.075 edge /static/style.css status=200 upstream=B rt_ms=14 bytes=17399
2026-03-14 02:54:58.859 edge /static/style.css status=200 upstream=B rt_ms=24 bytes=16252
2026-03-14 02:55:05.153 edge /static/style.css status=200 upstream=B rt_ms=123 bytes=13143
2026-03-14 02:55:05.827 edge /api/events status=200 upstream=B rt_ms=95 bytes=21482
2026-03-14 02:55:06.182 edge / status=404 upstream=B rt_ms=351 bytes=22713
2026-03-14 02:55:07.641 edge /api/orders status=502 upstream=B rt_ms=239 bytes=12053
2026-03-14 02:55:09.707 edge /api/events status=200 upstream=B rt_ms=331 bytes=32545
2026-03-14 02:55:13.439 edge /api/orders status=502 upstream=B rt_ms=385 bytes=2197
2026-03-14 02:55:15.075 edge / status=200 upstream=B rt_ms=143 bytes=34866
2026-03-14 02:55:15.436 edge /healthz status=200 upstream=B rt_ms=92 bytes=16275
2026-03-14 02:55:16.911 edge /api/events status=200 upstream=B rt_ms=382 bytes=29165
2026-03-14 02:55:19.285 edge /api/events status=200 upstream=B rt_ms=324 bytes=36795
2026-03-14 02:55:19.429 edge /api/events status=200 upstream=B rt_ms=27 bytes=39905
2026-03-14 02:55:20.050 edge /api/orders status=502 upstream=B rt_ms=135 bytes=21176
2026-03-14 02:55:21.531 edge /healthz status=502 upstream=B rt_ms=181 bytes=23196
2026-03-14 02:55:21.903 edge /healthz status=200 upstream=B rt_ms=294 bytes=12766
2026-03-14 02:55:22.790 edge /api/orders status=200 upstream=B rt_ms=29 bytes=33765
2026-03-14 02:55:23.298 edge /api/orders status=200 upstream=B rt_ms=187 bytes=11714
2026-03-14 02:55:23.553 edge /api/events status=200 upstream=B rt_ms=229 bytes=34540
2026-03-14 02:55:25.771 edge /healthz status=200 upstream=B rt_ms=373 bytes=21021
2026-03-14 02:55:26.864 edge /healthz status=502 upstream=B rt_ms=371 bytes=41095
2026-03-14 02:55:27.726 edge / status=502 upstream=B rt_ms=105 bytes=9402
2026-03-14 02:55:28.473 edge /api/events status=200 upstream=B rt_ms=91 bytes=21131
2026-03-14 02:55:28.682 edge /api/events status=200 upstream=B rt_ms=70 bytes=9391
2026-03-14 02:55:29.209 edge /healthz status=502 upstream=B rt_ms=368 bytes=9814
2026-03-14 02:55:33.085 edge /healthz status=502 upstream=B rt_ms=194 bytes=10618
2026-03-14 02:55:33.143 edge /api/orders status=502 upstream=B rt_ms=301 bytes=37386
2026-03-14 02:55:33.634 edge / status=200 upstream=B rt_ms=351 bytes=4854
2026-03-14 02:55:34.715 edge / status=404 upstream=B rt_ms=25 bytes=4428
2026-03-14 02:55:34.813 edge /api/orders status=200 upstream=B rt_ms=145 bytes=1423
2026-03-14 02:55:34.870 edge /api/orders status=502 upstream=B rt_ms=351 bytes=28600
2026-03-14 02:55:35.181 edge /api/orders status=200 upstream=B rt_ms=97 bytes=34816
2026-03-14 02:55:35.930 edge /api/events status=200 upstream=B rt_ms=389 bytes=41972
2026-03-14 02:55:36.707 edge /healthz status=200 upstream=B rt_ms=276 bytes=5874
2026-03-14 02:55:36.856 edge /static/style.css status=200 upstream=B rt_ms=18 bytes=11708
2026-03-14 02:55:37.740 edge /static/style.css status=502 upstream=B rt_ms=253 bytes=33291
2026-03-14 02:55:38.082 edge /healthz status=502 upstream=B rt_ms=28 bytes=11207
2026-03-14 02:55:38.544 edge /healthz status=502 upstream=B rt_ms=46 bytes=1882
2026-03-14 02:55:39.803 edge /healthz status=200 upstream=B rt_ms=286 bytes=14743
2026-03-14 02:55:39.903 edge /static/style.css status=200 upstream=B rt_ms=364 bytes=27485
2026-03-14 02:55:40.479 edge /api/events status=200 upstream=B rt_ms=212 bytes=1443
2026-03-14 02:55:42.073 edge /static/style.css status=502 upstream=B rt_ms=150 bytes=9108
2026-03-14 02:55:43.502 edge /static/style.css status=502 upstream=B rt_ms=242 bytes=15217
2026-03-14 02:55:45.511 edge /static/style.css status=200 upstream=B rt_ms=342 bytes=37981
2026-03-14 02:55:46.062 edge /api/events status=200 upstream=B rt_ms=281 bytes=33961
2026-03-14 02:55:47.167 edge /api/orders status=502 upstream=B rt_ms=152 bytes=20186
2026-03-14 02:55:47.268 edge /api/orders status=200 upstream=B rt_ms=348 bytes=26517
2026-03-14 02:55:47.589 edge /static/style.css status=502 upstream=B rt_ms=307 bytes=10289
2026-03-14 02:55:48.712 edge /api/orders status=200 upstream=B rt_ms=325 bytes=17561
2026-03-14 02:55:53.578 edge /static/style.css status=200 upstream=B rt_ms=272 bytes=21746
2026-03-14 02:55:55.061 edge /api/events status=502 upstream=B rt_ms=214 bytes=22873
2026-03-14 02:56:00.205 edge /api/orders status=200 upstream=B rt_ms=127 bytes=25575
2026-03-14 02:56:00.988 edge /static/style.css status=502 upstream=B rt_ms=47 bytes=21659
2026-03-14 02:56:02.781 edge / status=200 upstream=B rt_ms=286 bytes=17918
2026-03-14 02:56:02.953 edge /healthz status=200 upstream=B rt_ms=230 bytes=8483
2026-03-14 02:56:05.002 edge / status=404 upstream=B rt_ms=188 bytes=19003
2026-03-14 02:56:06.631 edge / status=404 upstream=B rt_ms=26 bytes=30751
2026-03-14 02:56:08.050 edge /static/style.css status=502 upstream=B rt_ms=24 bytes=33603
2026-03-14 02:56:08.680 edge /api/events status=200 upstream=B rt_ms=338 bytes=38011
2026-03-14 02:56:09.480 edge / status=200 upstream=B rt_ms=358 bytes=35882
2026-03-14 02:56:09.598 edge /static/style.css status=200 upstream=B rt_ms=201 bytes=2016
2026-03-14 02:56:10.873 edge /api/orders status=200 upstream=B rt_ms=41 bytes=9982
2026-03-14 02:56:12.356 edge /healthz status=502 upstream=B rt_ms=393 bytes=589
2026-03-14 02:56:12.733 edge /api/events status=200 upstream=B rt_ms=173 bytes=17345
2026-03-14 02:56:15.347 edge /static/style.css status=200 upstream=B rt_ms=50 bytes=1130
2026-03-14 02:56:16.238 edge /api/orders status=200 upstream=B rt_ms=385 bytes=6469
2026-03-14 02:56:16.958 edge /static/style.css status=200 upstream=B rt_ms=244 bytes=25841
2026-03-14 02:56:17.117 edge /static/style.css status=200 upstream=B rt_ms=101 bytes=20321
2026-03-14 02:56:17.573 edge /api/orders status=502 upstream=B rt_ms=372 bytes=29670
2026-03-14 02:56:18.409 edge /static/style.css status=500 upstream=B rt_ms=64 bytes=5444
2026-03-14 02:56:18.644 edge /api/events status=502 upstream=B rt_ms=386 bytes=14777
2026-03-14 02:56:19.705 edge /healthz status=502 upstream=B rt_ms=133 bytes=16518
2026-03-14 02:56:20.207 edge /healthz status=404 upstream=B rt_ms=380 bytes=32630
2026-03-14 02:56:20.956 edge /api/events status=502 upstream=B rt_ms=333 bytes=27432
2026-03-14 02:56:21.454 edge /api/events status=200 upstream=B rt_ms=397 bytes=7712
2026-03-14 02:56:24.235 edge /api/events status=200 upstream=B rt_ms=359 bytes=27927
2026-03-14 02:56:30.187 edge /api/events status=502 upstream=B rt_ms=167 bytes=37320
2026-03-14 02:56:31.371 edge /api/orders status=500 upstream=B rt_ms=355 bytes=32751
2026-03-14 02:56:33.477 edge /api/orders status=200 upstream=B rt_ms=195 bytes=37639
2026-03-14 02:56:33.728 edge /static/style.css status=502 upstream=B rt_ms=329 bytes=2788
2026-03-14 02:56:34.683 edge /healthz status=500 upstream=B rt_ms=165 bytes=2980
2026-03-14 02:56:34.712 edge /api/orders status=502 upstream=B rt_ms=350 bytes=1900
2026-03-14 02:56:35.583 edge / status=200 upstream=B rt_ms=202 bytes=25560
2026-03-14 02:56:35.967 edge /static/style.css status=502 upstream=B rt_ms=5 bytes=6485
2026-03-14 02:56:38.083 edge /api/events status=200 upstream=B rt_ms=166 bytes=28023
2026-03-14 02:56:40.187 edge /static/style.css status=200 upstream=B rt_ms=347 bytes=2174
2026-03-14 02:56:42.265 edge /api/orders status=200 upstream=B rt_ms=36 bytes=36182
2026-03-14 02:56:43.071 edge /healthz status=200 upstream=B rt_ms=262 bytes=11348
2026-03-14 02:56:43.690 edge /api/orders status=502 upstream=B rt_ms=270 bytes=31054
2026-03-14 02:56:44.413 edge /api/orders status=502 upstream=B rt_ms=253 bytes=20145
2026-03-14 02:56:45.917 edge /api/orders status=502 upstream=B rt_ms=41 bytes=40065
2026-03-14 02:56:47.873 edge /static/style.css status=200 upstream=B rt_ms=220 bytes=27002
2026-03-14 02:56:48.868 edge /static/style.css status=502 upstream=B rt_ms=275 bytes=5600
2026-03-14 02:56:48.988 edge /static/style.css status=502 upstream=B rt_ms=124 bytes=30661
2026-03-14 02:56:50.004 edge / status=502 upstream=B rt_ms=51 bytes=39006
2026-03-14 02:56:50.630 edge /static/style.css status=404 upstream=B rt_ms=255 bytes=31159
2026-03-14 02:56:50.707 edge / status=200 upstream=B rt_ms=43 bytes=28315
2026-03-14 02:56:51.830 edge /healthz status=200 upstream=B rt_ms=192 bytes=280
2026-03-14 02:56:51.880 edge / status=200 upstream=B rt_ms=323 bytes=36610
2026-03-14 02:56:53.242 edge /api/events status=200 upstream=B rt_ms=149 bytes=3043
2026-03-14 02:56:53.247 edge /api/orders status=502 upstream=B rt_ms=238 bytes=20692
2026-03-14 02:56:53.589 edge / status=200 upstream=B rt_ms=396 bytes=40913
2026-03-14 02:56:53.643 edge /healthz status=200 upstream=B rt_ms=98 bytes=871
2026-03-14 02:56:55.076 edge / status=200 upstream=B rt_ms=250 bytes=13165
2026-03-14 02:56:58.636 edge /api/events status=404 upstream=B rt_ms=308 bytes=18433
2026-03-14 02:56:58.801 edge /api/events status=502 upstream=B rt_ms=389 bytes=5093
2026-03-14 02:56:59.051 edge /healthz status=502 upstream=B rt_ms=302 bytes=17098
2026-03-14 02:56:59.748 edge /api/orders status=200 upstream=B rt_ms=326 bytes=31251
2026-03-14 02:57:00.931 edge /api/events status=502 upstream=B rt_ms=362 bytes=30653
2026-03-14 02:57:02.054 edge /static/style.css status=200 upstream=B rt_ms=15 bytes=19375
2026-03-14 02:57:02.372 edge /healthz status=502 upstream=B rt_ms=213 bytes=2636
2026-03-14 02:57:03.710 edge / status=502 upstream=B rt_ms=115 bytes=40188
2026-03-14 02:57:04.555 edge /static/style.css status=200 upstream=B rt_ms=307 bytes=9057
2026-03-14 02:57:04.629 edge /api/events status=502 upstream=B rt_ms=305 bytes=16070
2026-03-14 02:57:05.125 edge / status=502 upstream=B rt_ms=272 bytes=23217
2026-03-14 02:57:06.989 edge /api/events status=200 upstream=B rt_ms=2 bytes=1168
2026-03-14 02:57:07.262 edge / status=200 upstream=B rt_ms=378 bytes=11907
2026-03-14 02:57:08.736 edge /api/events status=200 upstream=B rt_ms=296 bytes=2773
2026-03-14 02:57:09.466 edge /api/orders status=200 upstream=B rt_ms=51 bytes=26283
2026-03-14 02:57:09.647 edge / status=502 upstream=B rt_ms=315 bytes=40876
2026-03-14 02:57:09.658 edge /static/style.css status=502 upstream=B rt_ms=35 bytes=5428
2026-03-14 02:57:10.090 edge /healthz status=502 upstream=B rt_ms=230 bytes=37522
2026-03-14 02:57:10.258 edge /healthz status=200 upstream=B rt_ms=300 bytes=34376
2026-03-14 02:57:13.036 edge / status=200 upstream=B rt_ms=372 bytes=26907
2026-03-14 02:57:13.481 edge /static/style.css status=502 upstream=B rt_ms=164 bytes=39609
2026-03-14 02:57:14.401 edge / status=200 upstream=B rt_ms=4 bytes=996
2026-03-14 02:57:15.743 edge /static/style.css status=200 upstream=B rt_ms=122 bytes=36564
2026-03-14 02:57:16.015 edge / status=502 upstream=B rt_ms=330 bytes=28105
2026-03-14 02:57:18.276 edge /static/style.css status=500 upstream=B rt_ms=113 bytes=32070
2026-03-14 02:57:20.229 edge / status=502 upstream=B rt_ms=281 bytes=30096
2026-03-14 02:57:21.233 edge /api/events status=200 upstream=B rt_ms=211 bytes=5388
2026-03-14 02:57:21.496 edge / status=502 upstream=B rt_ms=55 bytes=4108
2026-03-14 02:57:21.546 edge /api/orders status=200 upstream=B rt_ms=166 bytes=41256
2026-03-14 02:57:23.660 edge / status=502 upstream=B rt_ms=76 bytes=6297
2026-03-14 02:57:23.944 edge /api/events status=200 upstream=B rt_ms=67 bytes=40141
2026-03-14 02:57:24.069 edge /healthz status=200 upstream=B rt_ms=97 bytes=20690
2026-03-14 02:57:26.854 edge /api/events status=502 upstream=B rt_ms=115 bytes=15439
2026-03-14 02:57:27.024 edge /api/orders status=502 upstream=B rt_ms=65 bytes=21409
2026-03-14 02:57:28.183 edge /healthz status=500 upstream=B rt_ms=163 bytes=430
2026-03-14 02:57:30.515 edge /api/orders status=502 upstream=B rt_ms=203 bytes=25568
2026-03-14 02:57:32.436 edge /api/orders status=502 upstream=B rt_ms=296 bytes=30264
2026-03-14 02:57:32.631 edge /api/orders status=502 upstream=B rt_ms=189 bytes=9057
2026-03-14 02:57:33.060 edge /api/orders status=200 upstream=B rt_ms=350 bytes=6923
2026-03-14 02:57:38.234 edge / status=502 upstream=B rt_ms=205 bytes=15526
2026-03-14 02:57:39.612 edge /healthz status=200 upstream=B rt_ms=223 bytes=15466
2026-03-14 02:57:39.835 edge /api/events status=502 upstream=B rt_ms=145 bytes=12658
2026-03-14 02:57:40.093 edge /api/orders status=200 upstream=B rt_ms=350 bytes=28017
2026-03-14 02:57:41.299 edge /static/style.css status=502 upstream=B rt_ms=51 bytes=30721
2026-03-14 02:57:43.013 edge /healthz status=200 upstream=B rt_ms=384 bytes=6718
2026-03-14 02:57:43.987 edge /api/events status=500 upstream=B rt_ms=248 bytes=3351
2026-03-14 02:57:46.204 edge /static/style.css status=502 upstream=B rt_ms=22 bytes=31648
2026-03-14 02:57:47.155 edge /api/events status=502 upstream=B rt_ms=336 bytes=10172
2026-03-14 02:57:49.086 edge / status=500 upstream=B rt_ms=186 bytes=41053
2026-03-14 02:57:49.562 edge /healthz status=404 upstream=B rt_ms=309 bytes=22143
2026-03-14 02:57:50.307 edge / status=200 upstream=B rt_ms=237 bytes=29821
2026-03-14 02:57:51.939 edge /api/events status=200 upstream=B rt_ms=254 bytes=28531
2026-03-14 02:57:53.674 edge /api/orders status=200 upstream=B rt_ms=227 bytes=35026
2026-03-14 02:57:55.040 edge /healthz status=502 upstream=B rt_ms=361 bytes=25348
2026-03-14 02:57:57.035 edge / status=502 upstream=B rt_ms=368 bytes=40813
2026-03-14 02:57:58.475 edge /healthz status=502 upstream=B rt_ms=175 bytes=41168
2026-03-14 02:57:58.593 edge /api/events status=200 upstream=B rt_ms=207 bytes=3363
2026-03-14 02:57:59.345 edge /static/style.css status=502 upstream=B rt_ms=353 bytes=39410
2026-03-14 02:57:59.936 edge /api/events status=200 upstream=B rt_ms=44 bytes=1088
2026-03-14 02:58:00.718 edge /static/style.css status=200 upstream=B rt_ms=336 bytes=9618
2026-03-14 02:58:01.748 edge / status=500 upstream=B rt_ms=177 bytes=21221
2026-03-14 02:58:01.754 edge /api/orders status=200 upstream=B rt_ms=204 bytes=33149
2026-03-14 02:58:02.071 edge /api/orders status=502 upstream=B rt_ms=104 bytes=41911
2026-03-14 02:58:02.148 edge /static/style.css status=404 upstream=B rt_ms=388 bytes=37737
2026-03-14 02:58:03.425 edge /static/style.css status=502 upstream=B rt_ms=290 bytes=1699
2026-03-14 02:58:05.039 edge /api/events status=500 upstream=B rt_ms=52 bytes=13918
2026-03-14 02:58:05.357 edge /healthz status=404 upstream=B rt_ms=390 bytes=8641
2026-03-14 02:58:06.540 edge / status=200 upstream=B rt_ms=118 bytes=9764
2026-03-14 02:58:07.631 edge /api/events status=200 upstream=B rt_ms=63 bytes=8329
2026-03-14 02:58:07.699 edge / status=502 upstream=B rt_ms=331 bytes=29144
2026-03-14 02:58:08.593 edge /static/style.css status=404 upstream=B rt_ms=255 bytes=33605
2026-03-14 02:58:09.074 edge /static/style.css status=502 upstream=B rt_ms=70 bytes=27472
2026-03-14 02:58:11.164 edge /healthz status=200 upstream=B rt_ms=301 bytes=7417
2026-03-14 02:58:11.837 edge /api/orders status=200 upstream=B rt_ms=192 bytes=1158
2026-03-14 02:58:12.349 edge /api/events status=200 upstream=B rt_ms=328 bytes=30753
2026-03-14 02:58:14.422 edge /healthz status=200 upstream=B rt_ms=83 bytes=41570
2026-03-14 02:58:15.853 edge / status=200 upstream=B rt_ms=245 bytes=5992
2026-03-14 02:58:16.399 edge /healthz status=200 upstream=B rt_ms=182 bytes=23794
2026-03-14 02:58:16.810 edge /healthz status=200 upstream=B rt_ms=122 bytes=19493
2026-03-14 02:58:19.203 edge /static/style.css status=200 upstream=B rt_ms=246 bytes=1498
2026-03-14 02:58:19.819 edge /api/events status=502 upstream=B rt_ms=56 bytes=23817
2026-03-14 02:58:20.773 edge /api/orders status=500 upstream=B rt_ms=287 bytes=11609
2026-03-14 02:58:20.975 edge /static/style.css status=200 upstream=B rt_ms=245 bytes=41188
2026-03-14 02:58:21.848 edge /healthz status=502 upstream=B rt_ms=264 bytes=31298
2026-03-14 02:58:23.104 edge /api/events status=502 upstream=B rt_ms=382 bytes=18127
2026-03-14 02:58:24.675 edge /static/style.css status=502 upstream=B rt_ms=382 bytes=5160
2026-03-14 02:58:26.013 edge /healthz status=502 upstream=B rt_ms=295 bytes=27865
2026-03-14 02:58:26.110 edge / status=502 upstream=B rt_ms=305 bytes=8935
2026-03-14 02:58:26.995 edge / status=502 upstream=B rt_ms=149 bytes=29373
2026-03-14 02:58:27.158 edge /api/events status=502 upstream=B rt_ms=238 bytes=20916
2026-03-14 02:58:27.732 edge /static/style.css status=200 upstream=B rt_ms=22 bytes=593
2026-03-14 02:58:32.283 edge /static/style.css status=200 upstream=B rt_ms=295 bytes=30498
2026-03-14 02:58:32.901 edge / status=502 upstream=B rt_ms=348 bytes=11543
2026-03-14 02:58:36.876 edge /static/style.css status=200 upstream=B rt_ms=271 bytes=16462
2026-03-14 02:58:39.635 edge /static/style.css status=200 upstream=B rt_ms=40 bytes=10040
2026-03-14 02:58:42.751 edge /api/orders status=200 upstream=B rt_ms=18 bytes=24631
2026-03-14 02:58:44.089 edge / status=502 upstream=B rt_ms=145 bytes=34190
2026-03-14 02:58:45.961 edge /api/events status=502 upstream=B rt_ms=392 bytes=23060
2026-03-14 02:58:46.953 edge /api/orders status=200 upstream=B rt_ms=208 bytes=37355
2026-03-14 02:58:47.386 edge /api/orders status=200 upstream=B rt_ms=367 bytes=13025
2026-03-14 02:58:48.607 edge /api/orders status=200 upstream=B rt_ms=54 bytes=36795
2026-03-14 02:58:49.497 edge / status=200 upstream=B rt_ms=297 bytes=6991
2026-03-14 02:58:50.434 edge /api/orders status=502 upstream=B rt_ms=140 bytes=33988
2026-03-14 02:58:50.786 edge /api/events status=502 upstream=B rt_ms=258 bytes=34354
2026-03-14 02:58:52.035 edge / status=502 upstream=B rt_ms=261 bytes=25349
2026-03-14 02:58:52.720 edge / status=200 upstream=B rt_ms=208 bytes=23264
2026-03-14 02:58:55.306 edge /healthz status=502 upstream=B rt_ms=161 bytes=16831
2026-03-14 02:58:55.383 edge /healthz status=502 upstream=B rt_ms=152 bytes=10426
2026-03-14 02:58:56.045 edge /static/style.css status=200 upstream=B rt_ms=39 bytes=16128
2026-03-14 02:58:56.389 edge /static/style.css status=502 upstream=B rt_ms=135 bytes=35398
2026-03-14 02:58:57.414 edge /api/events status=200 upstream=B rt_ms=377 bytes=17377
2026-03-14 02:58:59.461 edge /static/style.css status=502 upstream=B rt_ms=128 bytes=19110
2026-03-14 02:59:00.776 edge /api/events status=502 upstream=B rt_ms=300 bytes=20796
2026-03-14 02:59:00.901 edge /api/events status=200 upstream=B rt_ms=259 bytes=18393
2026-03-14 02:59:01.564 edge /api/orders status=200 upstream=B rt_ms=296 bytes=14630
2026-03-14 02:59:04.807 edge / status=200 upstream=B rt_ms=141 bytes=37148
2026-03-14 02:59:05.382 edge /healthz status=200 upstream=B rt_ms=332 bytes=27759
2026-03-14 02:59:08.707 edge /api/events status=200 upstream=B rt_ms=352 bytes=16460
2026-03-14 02:59:08.965 edge /api/orders status=200 upstream=B rt_ms=174 bytes=30272
2026-03-14 02:59:09.266 edge /static/style.css status=502 upstream=B rt_ms=133 bytes=34086
2026-03-14 02:59:10.448 edge /healthz status=200 upstream=B rt_ms=164 bytes=11992
2026-03-14 02:59:11.348 edge /static/style.css status=200 upstream=B rt_ms=49 bytes=20436
2026-03-14 02:59:11.559 edge /healthz status=200 upstream=B rt_ms=273 bytes=30508
2026-03-14 02:59:11.936 edge /api/events status=200 upstream=B rt_ms=300 bytes=25245
2026-03-14 02:59:12.892 edge /healthz status=502 upstream=B rt_ms=116 bytes=21752
2026-03-14 02:59:14.763 edge /api/orders status=502 upstream=B rt_ms=266 bytes=36545
2026-03-14 02:59:15.180 edge /api/orders status=500 upstream=B rt_ms=61 bytes=40728
2026-03-14 02:59:16.664 edge /api/events status=200 upstream=B rt_ms=233 bytes=20729
2026-03-14 02:59:16.919 edge /healthz status=200 upstream=B rt_ms=90 bytes=39493
2026-03-14 02:59:19.501 edge / status=502 upstream=B rt_ms=258 bytes=4093
2026-03-14 02:59:19.917 edge /static/style.css status=200 upstream=B rt_ms=91 bytes=11402
2026-03-14 02:59:22.376 edge / status=200 upstream=B rt_ms=317 bytes=18568
2026-03-14 02:59:23.178 edge / status=502 upstream=B rt_ms=279 bytes=21402
2026-03-14 02:59:24.694 edge /static/style.css status=200 upstream=B rt_ms=366 bytes=41867
2026-03-14 02:59:24.863 edge / status=502 upstream=B rt_ms=72 bytes=40251
2026-03-14 02:59:31.335 edge /healthz status=200 upstream=B rt_ms=34 bytes=31565
2026-03-14 02:59:34.963 edge /static/style.css status=200 upstream=B rt_ms=140 bytes=26742
2026-03-14 02:59:35.002 edge /api/events status=200 upstream=B rt_ms=193 bytes=991
2026-03-14 02:59:35.057 edge /api/orders status=502 upstream=B rt_ms=376 bytes=29958
2026-03-14 02:59:35.416 edge /static/style.css status=502 upstream=B rt_ms=169 bytes=34241
2026-03-14 02:59:35.869 edge / status=500 upstream=B rt_ms=179 bytes=37018
2026-03-14 02:59:35.922 edge /healthz status=500 upstream=B rt_ms=328 bytes=39547
2026-03-14 02:59:36.612 edge /api/orders status=200 upstream=B rt_ms=229 bytes=36769
2026-03-14 02:59:37.035 edge /healthz status=200 upstream=B rt_ms=278 bytes=41732
2026-03-14 02:59:38.487 edge /static/style.css status=502 upstream=B rt_ms=253 bytes=15135
2026-03-14 02:59:38.606 edge /healthz status=502 upstream=B rt_ms=44 bytes=10581
2026-03-14 02:59:38.916 edge / status=404 upstream=B rt_ms=226 bytes=34447
2026-03-14 02:59:40.641 edge /api/events status=502 upstream=B rt_ms=168 bytes=13114
2026-03-14 02:59:40.847 edge / status=200 upstream=B rt_ms=91 bytes=35752
2026-03-14 02:59:42.058 edge /api/orders status=502 upstream=B rt_ms=145 bytes=30190
2026-03-14 02:59:43.366 edge /static/style.css status=200 upstream=B rt_ms=300 bytes=30994
2026-03-14 02:59:46.659 edge /healthz status=200 upstream=B rt_ms=10 bytes=36707
2026-03-14 02:59:47.732 edge /healthz status=404 upstream=B rt_ms=149 bytes=25603
2026-03-14 02:59:48.411 edge / status=502 upstream=B rt_ms=245 bytes=12909
2026-03-14 02:59:49.420 edge /api/events status=200 upstream=B rt_ms=382 bytes=33609
2026-03-14 02:59:50.177 edge /healthz status=502 upstream=B rt_ms=38 bytes=6469
2026-03-14 02:59:50.626 edge /api/events status=200 upstream=B rt_ms=307 bytes=7027
2026-03-14 02:59:51.492 edge /api/orders status=200 upstream=B rt_ms=151 bytes=11663
2026-03-14 02:59:53.425 edge /healthz status=502 upstream=B rt_ms=43 bytes=36534
2026-03-14 02:59:53.900 edge / status=502 upstream=B rt_ms=121 bytes=5249
2026-03-14 02:59:54.047 edge /api/orders status=500 upstream=B rt_ms=391 bytes=14458
2026-03-14 02:59:55.285 edge /static/style.css status=200 upstream=B rt_ms=274 bytes=476
2026-03-14 02:59:56.546 edge / status=404 upstream=B rt_ms=224 bytes=26147
2026-03-14 02:59:56.872 edge / status=200 upstream=B rt_ms=297 bytes=3393
2026-03-14 02:59:57.490 edge /static/style.css status=502 upstream=B rt_ms=257 bytes=23768
2026-03-14 02:59:57.516 edge /api/orders status=200 upstream=B rt_ms=105 bytes=1534
2026-03-14 03:00:00.553 edge /static/style.css status=502 upstream=B rt_ms=28 bytes=15331
2026-03-14 03:00:00.756 edge /static/style.css status=200 upstream=B rt_ms=169 bytes=5525
2026-03-14 03:00:01.507 edge / status=200 upstream=B rt_ms=274 bytes=25921
2026-03-14 03:00:03.515 edge /api/events status=200 upstream=B rt_ms=217 bytes=32563
2026-03-14 03:00:04.475 edge /api/orders status=502 upstream=B rt_ms=323 bytes=8532
2026-03-14 03:00:04.504 edge /api/events status=502 upstream=B rt_ms=41 bytes=34898
2026-03-14 03:00:04.528 edge /api/events status=502 upstream=B rt_ms=159 bytes=16501
2026-03-14 03:00:04.782 edge / status=502 upstream=B rt_ms=17 bytes=31210
2026-03-14 03:00:08.468 edge / status=200 upstream=B rt_ms=59 bytes=40666
2026-03-14 03:00:09.794 edge / status=200 upstream=B rt_ms=88 bytes=26498
2026-03-14 03:00:09.864 edge /healthz status=200 upstream=B rt_ms=397 bytes=29497
2026-03-14 03:00:11.321 edge /static/style.css status=200 upstream=B rt_ms=152 bytes=15814
2026-03-14 03:00:11.341 edge /healthz status=502 upstream=B rt_ms=30 bytes=18575
2026-03-14 03:00:13.865 edge / status=500 upstream=B rt_ms=114 bytes=29974
2026-03-14 03:00:15.665 edge /api/orders status=200 upstream=B rt_ms=82 bytes=1446
2026-03-14 03:00:16.064 edge /healthz status=200 upstream=B rt_ms=354 bytes=29196
2026-03-14 03:00:18.661 edge /api/events status=200 upstream=B rt_ms=274 bytes=2999
2026-03-14 03:00:20.101 edge /api/events status=200 upstream=B rt_ms=100 bytes=14658
2026-03-14 03:00:21.070 edge /static/style.css status=502 upstream=B rt_ms=127 bytes=11918
2026-03-14 03:00:23.841 edge /api/events status=200 upstream=B rt_ms=146 bytes=5177
2026-03-14 03:00:23.847 edge / status=502 upstream=B rt_ms=40 bytes=3741
2026-03-14 03:00:25.451 edge /static/style.css status=502 upstream=B rt_ms=82 bytes=26001
2026-03-14 03:00:26.210 edge /api/orders status=200 upstream=B rt_ms=312 bytes=40121
2026-03-14 03:00:27.019 edge /healthz status=502 upstream=B rt_ms=137 bytes=6396
2026-03-14 03:00:27.772 edge /healthz status=200 upstream=B rt_ms=363 bytes=30536
2026-03-14 03:00:29.327 edge /static/style.css status=200 upstream=B rt_ms=25 bytes=6047
2026-03-14 03:00:29.962 edge /healthz status=500 upstream=B rt_ms=291 bytes=19827
2026-03-14 03:00:30.253 edge /healthz status=500 upstream=B rt_ms=152 bytes=37654
2026-03-14 03:00:31.109 edge /healthz status=200 upstream=B rt_ms=161 bytes=35966
2026-03-14 03:00:31.654 edge /healthz status=200 upstream=B rt_ms=202 bytes=34373
2026-03-14 03:00:32.287 edge /api/events status=404 upstream=B rt_ms=305 bytes=35292
2026-03-14 03:00:33.554 edge / status=502 upstream=B rt_ms=285 bytes=3612
2026-03-14 03:00:34.774 edge /api/orders status=200 upstream=B rt_ms=36 bytes=18111
2026-03-14 03:00:34.907 edge /api/events status=200 upstream=B rt_ms=41 bytes=34980
2026-03-14 03:00:35.346 edge / status=200 upstream=B rt_ms=66 bytes=31224
2026-03-14 03:00:36.252 edge /healthz status=502 upstream=B rt_ms=16 bytes=8927
2026-03-14 03:00:36.357 edge /api/events status=200 upstream=B rt_ms=59 bytes=31203
2026-03-14 03:00:37.637 edge /api/orders status=502 upstream=B rt_ms=267 bytes=19392
2026-03-14 03:00:38.885 edge / status=200 upstream=B rt_ms=191 bytes=41209
2026-03-14 03:00:39.403 edge /healthz status=502 upstream=B rt_ms=356 bytes=26958
2026-03-14 03:00:41.528 edge /static/style.css status=502 upstream=B rt_ms=65 bytes=2246
2026-03-14 03:00:41.643 edge / status=200 upstream=B rt_ms=337 bytes=38495
2026-03-14 03:00:43.891 edge /api/events status=200 upstream=B rt_ms=193 bytes=40029
2026-03-14 03:00:48.976 edge /healthz status=200 upstream=B rt_ms=58 bytes=10234
2026-03-14 03:00:50.667 edge / status=502 upstream=B rt_ms=95 bytes=21489
2026-03-14 03:00:51.917 edge /api/orders status=404 upstream=B rt_ms=370 bytes=36413
2026-03-14 03:00:52.365 edge /static/style.css status=200 upstream=B rt_ms=162 bytes=3662
2026-03-14 03:00:52.564 edge /static/style.css status=404 upstream=B rt_ms=361 bytes=237
2026-03-14 03:00:53.118 edge /api/orders status=200 upstream=B rt_ms=298 bytes=9865
2026-03-14 03:00:53.178 edge /healthz status=500 upstream=B rt_ms=299 bytes=31841
2026-03-14 03:00:53.740 edge /api/events status=200 upstream=B rt_ms=170 bytes=27564
2026-03-14 03:00:54.315 edge / status=200 upstream=B rt_ms=15 bytes=38877
2026-03-14 03:00:55.281 edge / status=200 upstream=B rt_ms=119 bytes=10083
2026-03-14 03:00:55.711 edge / status=502 upstream=B rt_ms=348 bytes=2873
2026-03-14 03:00:55.753 edge /static/style.css status=200 upstream=B rt_ms=106 bytes=19794
2026-03-14 03:00:56.634 edge / status=200 upstream=B rt_ms=156 bytes=4757
2026-03-14 03:00:56.854 edge / status=502 upstream=B rt_ms=47 bytes=6482
2026-03-14 03:00:57.949 edge /static/style.css status=200 upstream=B rt_ms=43 bytes=3320
2026-03-14 03:00:59.678 edge /static/style.css status=502 upstream=B rt_ms=391 bytes=37750
2026-03-14 03:01:01.309 edge /healthz status=200 upstream=B rt_ms=353 bytes=33477
2026-03-14 03:01:01.440 edge /api/events status=200 upstream=B rt_ms=255 bytes=7745
2026-03-14 03:01:01.554 edge /healthz status=502 upstream=B rt_ms=134 bytes=5826
2026-03-14 03:01:02.403 edge /healthz status=404 upstream=B rt_ms=172 bytes=15328
2026-03-14 03:01:02.698 edge /static/style.css status=200 upstream=B rt_ms=389 bytes=25919
2026-03-14 03:01:02.800 edge /api/events status=200 upstream=B rt_ms=328 bytes=6028
2026-03-14 03:01:03.210 edge /static/style.css status=200 upstream=B rt_ms=32 bytes=40677
2026-03-14 03:01:04.387 edge /static/style.css status=404 upstream=B rt_ms=148 bytes=21777
2026-03-14 03:01:05.636 edge /healthz status=502 upstream=B rt_ms=125 bytes=31925
2026-03-14 03:01:06.013 edge / status=200 upstream=B rt_ms=52 bytes=32860
2026-03-14 03:01:08.105 edge /static/style.css status=502 upstream=B rt_ms=331 bytes=23395
2026-03-14 03:01:08.541 edge /healthz status=200 upstream=B rt_ms=268 bytes=10422
2026-03-14 03:01:10.492 edge / status=404 upstream=B rt_ms=144 bytes=24437
2026-03-14 03:01:11.792 edge /healthz status=200 upstream=B rt_ms=316 bytes=20251
2026-03-14 03:01:15.079 edge / status=502 upstream=B rt_ms=392 bytes=18772
2026-03-14 03:01:15.511 edge /static/style.css status=200 upstream=B rt_ms=156 bytes=35363
2026-03-14 03:01:18.800 edge /api/events status=502 upstream=B rt_ms=183 bytes=38212
2026-03-14 03:01:19.014 edge /api/orders status=200 upstream=B rt_ms=7 bytes=41446
2026-03-14 03:01:19.182 edge /healthz status=502 upstream=B rt_ms=130 bytes=21434
2026-03-14 03:01:22.332 edge /healthz status=500 upstream=B rt_ms=170 bytes=39638
2026-03-14 03:01:23.753 edge /api/orders status=502 upstream=B rt_ms=398 bytes=16504
2026-03-14 03:01:24.469 edge /healthz status=200 upstream=B rt_ms=168 bytes=39428
2026-03-14 03:01:25.418 edge /static/style.css status=502 upstream=B rt_ms=101 bytes=22482
2026-03-14 03:01:27.685 edge / status=200 upstream=B rt_ms=197 bytes=9438
2026-03-14 03:01:28.524 edge /api/events status=502 upstream=B rt_ms=235 bytes=21347
2026-03-14 03:01:28.885 edge /static/style.css status=200 upstream=B rt_ms=189 bytes=37838
2026-03-14 03:01:29.191 edge /healthz status=502 upstream=B rt_ms=93 bytes=41415
2026-03-14 03:01:30.461 edge /api/orders status=200 upstream=B rt_ms=381 bytes=9670
2026-03-14 03:01:31.322 edge / status=200 upstream=B rt_ms=226 bytes=7266
2026-03-14 03:01:36.767 edge /static/style.css status=502 upstream=B rt_ms=167 bytes=32816
2026-03-14 03:01:38.958 edge /api/orders status=200 upstream=B rt_ms=14 bytes=16229
2026-03-14 03:01:39.588 edge /static/style.css status=200 upstream=B rt_ms=110 bytes=28516
2026-03-14 03:01:40.258 edge /api/events status=200 upstream=B rt_ms=340 bytes=35413
2026-03-14 03:01:41.447 edge /api/orders status=502 upstream=B rt_ms=213 bytes=31584
2026-03-14 03:01:45.614 edge /api/events status=502 upstream=B rt_ms=17 bytes=25704
2026-03-14 03:01:45.679 edge /healthz status=200 upstream=B rt_ms=308 bytes=21355
2026-03-14 03:01:45.851 edge /static/style.css status=502 upstream=B rt_ms=265 bytes=12686
2026-03-14 03:01:46.412 edge / status=404 upstream=B rt_ms=192 bytes=27140
2026-03-14 03:01:46.850 edge / status=200 upstream=B rt_ms=108 bytes=17323
2026-03-14 03:01:46.976 edge /api/orders status=200 upstream=B rt_ms=154 bytes=37032
2026-03-14 03:01:48.570 edge /static/style.css status=502 upstream=B rt_ms=225 bytes=34666
2026-03-14 03:01:48.802 edge /api/events status=200 upstream=B rt_ms=283 bytes=36508
2026-03-14 03:01:51.839 edge /static/style.css status=200 upstream=B rt_ms=42 bytes=36778
2026-03-14 03:01:53.468 edge / status=200 upstream=B rt_ms=125 bytes=28611
2026-03-14 03:01:54.634 edge /api/orders status=200 upstream=B rt_ms=297 bytes=35312
2026-03-14 03:01:55.593 edge /api/orders status=502 upstream=B rt_ms=211 bytes=35471
2026-03-14 03:01:56.132 edge /healthz status=200 upstream=B rt_ms=45 bytes=23568
2026-03-14 03:01:56.717 edge /api/events status=200 upstream=B rt_ms=229 bytes=30993
2026-03-14 03:01:57.009 edge /static/style.css status=200 upstream=B rt_ms=293 bytes=28233
2026-03-14 03:01:57.654 edge /static/style.css status=502 upstream=B rt_ms=398 bytes=9317
2026-03-14 03:01:57.804 edge /api/events status=200 upstream=B rt_ms=161 bytes=20411
2026-03-14 03:01:59.575 edge /static/style.css status=200 upstream=B rt_ms=69 bytes=15058
2026-03-14 03:02:00.843 edge /static/style.css status=404 upstream=B rt_ms=260 bytes=13924
2026-03-14 03:02:01.080 edge /static/style.css status=200 upstream=B rt_ms=136 bytes=1583
2026-03-14 03:02:01.104 edge /healthz status=200 upstream=B rt_ms=89 bytes=38143
2026-03-14 03:02:01.192 edge /static/style.css status=200 upstream=B rt_ms=329 bytes=29708
2026-03-14 03:02:05.104 edge /api/events status=200 upstream=B rt_ms=320 bytes=28951
2026-03-14 03:02:07.435 edge / status=200 upstream=B rt_ms=361 bytes=688
2026-03-14 03:02:08.167 edge / status=502 upstream=B rt_ms=284 bytes=25289
2026-03-14 03:02:08.358 edge /api/events status=200 upstream=B rt_ms=114 bytes=4506
2026-03-14 03:02:08.840 edge /static/style.css status=502 upstream=B rt_ms=387 bytes=41324
2026-03-14 03:02:08.886 edge /api/events status=200 upstream=B rt_ms=229 bytes=33535
2026-03-14 03:02:09.578 edge / status=200 upstream=B rt_ms=309 bytes=36336
2026-03-14 03:02:09.733 edge /healthz status=404 upstream=B rt_ms=297 bytes=38434
2026-03-14 03:02:11.080 edge / status=502 upstream=B rt_ms=152 bytes=33190
2026-03-14 03:02:12.375 edge / status=502 upstream=B rt_ms=326 bytes=11668
2026-03-14 03:02:12.553 edge / status=200 upstream=B rt_ms=45 bytes=14871
2026-03-14 03:02:12.582 edge /healthz status=502 upstream=B rt_ms=172 bytes=2426
2026-03-14 03:02:12.868 edge /static/style.css status=502 upstream=B rt_ms=383 bytes=23783
2026-03-14 03:02:13.920 edge /api/events status=500 upstream=B rt_ms=296 bytes=4868
2026-03-14 03:02:14.604 edge /healthz status=502 upstream=B rt_ms=327 bytes=38548
2026-03-14 03:02:14.642 edge /static/style.css status=200 upstream=B rt_ms=319 bytes=31304
2026-03-14 03:02:15.032 edge /api/orders status=502 upstream=B rt_ms=80 bytes=4178
2026-03-14 03:02:15.340 edge /api/orders status=200 upstream=B rt_ms=269 bytes=1323
2026-03-14 03:02:17.672 edge /api/events status=200 upstream=B rt_ms=293 bytes=13117
2026-03-14 03:02:19.531 edge /api/events status=502 upstream=B rt_ms=365 bytes=11217
2026-03-14 03:02:21.319 edge / status=200 upstream=B rt_ms=143 bytes=30736
2026-03-14 03:02:22.296 edge / status=200 upstream=B rt_ms=250 bytes=16803
2026-03-14 03:02:23.382 edge / status=200 upstream=B rt_ms=134 bytes=4376
2026-03-14 03:02:23.816 edge / status=502 upstream=B rt_ms=192 bytes=22162
2026-03-14 03:02:25.156 edge / status=502 upstream=B rt_ms=346 bytes=14823
2026-03-14 03:02:25.523 edge / status=200 upstream=B rt_ms=373 bytes=23824
2026-03-14 03:02:26.385 edge /static/style.css status=502 upstream=B rt_ms=222 bytes=12569
2026-03-14 03:02:26.790 edge /healthz status=200 upstream=B rt_ms=101 bytes=13290
2026-03-14 03:02:27.932 edge /api/events status=200 upstream=B rt_ms=9 bytes=34070
2026-03-14 03:02:29.545 edge /api/orders status=200 upstream=B rt_ms=6 bytes=24117
2026-03-14 03:02:29.894 edge /api/events status=502 upstream=B rt_ms=330 bytes=27007
2026-03-14 03:02:29.929 edge /static/style.css status=502 upstream=B rt_ms=369 bytes=25531
2026-03-14 03:02:31.707 edge /healthz status=200 upstream=B rt_ms=231 bytes=3766
2026-03-14 03:02:32.019 edge /api/events status=200 upstream=B rt_ms=54 bytes=34914
2026-03-14 03:02:38.674 edge /static/style.css status=502 upstream=B rt_ms=49 bytes=19763
2026-03-14 03:02:41.416 edge /healthz status=502 upstream=B rt_ms=289 bytes=34137
2026-03-14 03:02:42.210 edge /healthz status=500 upstream=B rt_ms=120 bytes=39006
2026-03-14 03:02:42.548 edge /healthz status=502 upstream=B rt_ms=333 bytes=12428
2026-03-14 03:02:43.820 edge /api/events status=502 upstream=B rt_ms=86 bytes=23293
2026-03-14 03:02:44.539 edge / status=502 upstream=B rt_ms=181 bytes=23961
2026-03-14 03:02:45.164 edge /api/events status=200 upstream=B rt_ms=366 bytes=33659
2026-03-14 03:02:46.378 edge /static/style.css status=502 upstream=B rt_ms=180 bytes=1481
2026-03-14 03:02:46.649 edge / status=200 upstream=B rt_ms=133 bytes=36751
2026-03-14 03:02:46.979 edge / status=502 upstream=B rt_ms=119 bytes=27645
2026-03-14 03:02:47.017 edge /api/events status=502 upstream=B rt_ms=246 bytes=36550
2026-03-14 03:02:47.671 edge /healthz status=200 upstream=B rt_ms=143 bytes=13278
2026-03-14 03:02:47.900 edge /api/events status=502 upstream=B rt_ms=188 bytes=22941
2026-03-14 03:02:50.256 edge /healthz status=500 upstream=B rt_ms=250 bytes=7121
2026-03-14 03:02:51.061 edge / status=200 upstream=B rt_ms=125 bytes=15303
2026-03-14 03:02:51.894 edge / status=502 upstream=B rt_ms=237 bytes=36583
2026-03-14 03:02:52.185 edge / status=404 upstream=B rt_ms=258 bytes=39073
2026-03-14 03:02:52.478 edge /api/events status=502 upstream=B rt_ms=248 bytes=21933
2026-03-14 03:02:53.782 edge /static/style.css status=200 upstream=B rt_ms=37 bytes=27956
2026-03-14 03:02:55.336 edge /api/orders status=200 upstream=B rt_ms=134 bytes=13944
2026-03-14 03:02:55.524 edge /api/events status=200 upstream=B rt_ms=336 bytes=21670
2026-03-14 03:02:56.037 edge /static/style.css status=502 upstream=B rt_ms=14 bytes=23777
2026-03-14 03:02:56.413 edge /static/style.css status=200 upstream=B rt_ms=68 bytes=14946
2026-03-14 03:02:57.479 edge /static/style.css status=200 upstream=B rt_ms=379 bytes=41767
2026-03-14 03:02:58.299 edge /healthz status=200 upstream=B rt_ms=274 bytes=24799
2026-03-14 03:02:58.610 edge /static/style.css status=200 upstream=B rt_ms=146 bytes=39458
2026-03-14 03:02:59.139 edge /static/style.css status=502 upstream=B rt_ms=122 bytes=26476
2026-03-14 03:02:59.487 edge /api/orders status=200 upstream=B rt_ms=266 bytes=36872
2026-03-14 03:03:02.924 edge /api/orders status=502 upstream=B rt_ms=259 bytes=35651
2026-03-14 03:03:03.864 edge /api/events status=200 upstream=B rt_ms=200 bytes=23778
2026-03-14 03:03:04.277 edge /healthz status=200 upstream=B rt_ms=153 bytes=41458
2026-03-14 03:03:05.843 edge /api/events status=200 upstream=B rt_ms=297 bytes=18432
2026-03-14 03:03:05.908 edge /static/style.css status=502 upstream=B rt_ms=63 bytes=1629
2026-03-14 03:03:07.788 edge / status=200 upstream=B rt_ms=2 bytes=35651
2026-03-14 03:03:10.260 edge /static/style.css status=502 upstream=B rt_ms=345 bytes=33288
2026-03-14 03:03:10.502 edge /healthz status=200 upstream=B rt_ms=211 bytes=19593
2026-03-14 03:03:11.167 edge /healthz status=502 upstream=B rt_ms=245 bytes=41501
2026-03-14 03:03:14.930 edge /healthz status=502 upstream=B rt_ms=167 bytes=31292
2026-03-14 03:03:15.248 edge /healthz status=200 upstream=B rt_ms=43 bytes=4291
2026-03-14 03:03:16.517 edge /api/orders status=502 upstream=B rt_ms=333 bytes=21083
2026-03-14 03:03:16.841 edge / status=200 upstream=B rt_ms=221 bytes=28598
2026-03-14 03:03:17.165 edge /api/events status=200 upstream=B rt_ms=222 bytes=3211
2026-03-14 03:03:19.387 edge /healthz status=200 upstream=B rt_ms=91 bytes=24401
2026-03-14 03:03:20.651 edge /static/style.css status=404 upstream=B rt_ms=263 bytes=858
2026-03-14 03:03:20.682 edge /healthz status=502 upstream=B rt_ms=90 bytes=8945
2026-03-14 03:03:20.893 edge /api/events status=200 upstream=B rt_ms=39 bytes=1753
2026-03-14 03:03:23.222 edge /api/events status=502 upstream=B rt_ms=223 bytes=29280
2026-03-14 03:03:24.991 edge / status=200 upstream=B rt_ms=302 bytes=4215
2026-03-14 03:03:25.662 edge /static/style.css status=200 upstream=B rt_ms=62 bytes=32439
2026-03-14 03:03:27.387 edge /healthz status=200 upstream=B rt_ms=40 bytes=17361
2026-03-14 03:03:28.881 edge /static/style.css status=404 upstream=B rt_ms=214 bytes=14671
2026-03-14 03:03:29.161 edge / status=200 upstream=B rt_ms=292 bytes=27606
2026-03-14 03:03:30.221 edge /api/events status=200 upstream=B rt_ms=187 bytes=40650
2026-03-14 03:03:30.493 edge /api/events status=200 upstream=B rt_ms=398 bytes=11714
2026-03-14 03:03:30.991 edge / status=200 upstream=B rt_ms=29 bytes=28654
2026-03-14 03:03:32.941 edge /static/style.css status=502 upstream=B rt_ms=355 bytes=4481
2026-03-14 03:03:33.693 edge /api/orders status=200 upstream=B rt_ms=312 bytes=19342
2026-03-14 03:03:34.486 edge /api/events status=200 upstream=B rt_ms=318 bytes=15168
2026-03-14 03:03:37.627 edge /api/events status=200 upstream=B rt_ms=372 bytes=9888
2026-03-14 03:03:40.126 edge /healthz status=200 upstream=B rt_ms=383 bytes=23896
2026-03-14 03:03:44.190 edge /api/events status=502 upstream=B rt_ms=386 bytes=13982
2026-03-14 03:03:46.379 edge /api/events status=500 upstream=B rt_ms=293 bytes=26745
2026-03-14 03:03:47.067 edge /static/style.css status=502 upstream=B rt_ms=240 bytes=23432
2026-03-14 03:03:47.140 edge / status=200 upstream=B rt_ms=388 bytes=704
2026-03-14 03:03:48.726 edge /api/events status=502 upstream=B rt_ms=22 bytes=13668
2026-03-14 03:03:49.150 edge /api/orders status=200 upstream=B rt_ms=37 bytes=34360
2026-03-14 03:03:49.787 edge /api/events status=200 upstream=B rt_ms=163 bytes=2559
2026-03-14 03:03:50.204 edge /static/style.css status=502 upstream=B rt_ms=114 bytes=2347
2026-03-14 03:03:52.382 edge /healthz status=200 upstream=B rt_ms=276 bytes=17285
2026-03-14 03:03:53.329 edge /healthz status=200 upstream=B rt_ms=278 bytes=11057
2026-03-14 03:03:53.647 edge /api/orders status=502 upstream=B rt_ms=337 bytes=3676
2026-03-14 03:03:54.284 edge /static/style.css status=200 upstream=B rt_ms=129 bytes=41012
2026-03-14 03:03:54.363 edge /healthz status=502 upstream=B rt_ms=295 bytes=1451
2026-03-14 03:03:56.219 edge /api/events status=502 upstream=B rt_ms=391 bytes=16547
2026-03-14 03:03:58.283 edge /api/orders status=200 upstream=B rt_ms=399 bytes=27293
2026-03-14 03:03:58.975 edge /api/events status=200 upstream=B rt_ms=321 bytes=422
2026-03-14 03:03:59.173 edge /api/events status=502 upstream=B rt_ms=295 bytes=22254
2026-03-14 03:03:59.463 edge /api/orders status=502 upstream=B rt_ms=370 bytes=11852
2026-03-14 03:03:59.740 edge /api/events status=200 upstream=B rt_ms=89 bytes=13391
2026-03-14 03:04:00.393 edge / status=500 upstream=B rt_ms=220 bytes=36555
2026-03-14 03:04:01.653 edge /api/events status=502 upstream=B rt_ms=397 bytes=383
2026-03-14 03:04:03.060 edge /api/events status=200 upstream=B rt_ms=297 bytes=14467
2026-03-14 03:04:03.213 edge / status=200 upstream=B rt_ms=129 bytes=40379
2026-03-14 03:04:04.873 edge /api/events status=200 upstream=B rt_ms=381 bytes=35582
2026-03-14 03:04:08.358 edge /api/events status=502 upstream=B rt_ms=383 bytes=29064
2026-03-14 03:04:08.508 edge /api/orders status=200 upstream=B rt_ms=205 bytes=7571
2026-03-14 03:04:09.189 edge /static/style.css status=404 upstream=B rt_ms=28 bytes=34921
2026-03-14 03:04:11.789 edge /api/orders status=200 upstream=B rt_ms=272 bytes=3381
2026-03-14 03:04:12.832 edge /static/style.css status=200 upstream=B rt_ms=194 bytes=24722
2026-03-14 03:04:14.625 edge /healthz status=502 upstream=B rt_ms=181 bytes=34016
2026-03-14 03:04:15.219 edge /api/orders status=200 upstream=B rt_ms=279 bytes=28965
2026-03-14 03:04:15.506 edge /healthz status=500 upstream=B rt_ms=298 bytes=39272
2026-03-14 03:04:16.760 edge /api/orders status=200 upstream=B rt_ms=362 bytes=18811
2026-03-14 03:04:17.418 edge / status=200 upstream=B rt_ms=199 bytes=41234
2026-03-14 03:04:18.799 edge / status=200 upstream=B rt_ms=256 bytes=19094
2026-03-14 03:04:19.036 edge /healthz status=502 upstream=B rt_ms=190 bytes=2419
2026-03-14 03:04:20.340 edge /healthz status=200 upstream=B rt_ms=292 bytes=36246
2026-03-14 03:04:20.453 edge /static/style.css status=502 upstream=B rt_ms=336 bytes=1569
2026-03-14 03:04:23.900 edge /healthz status=200 upstream=B rt_ms=379 bytes=15238
2026-03-14 03:04:28.246 edge /api/events status=502 upstream=B rt_ms=83 bytes=41711
2026-03-14 03:04:32.887 edge /static/style.css status=200 upstream=B rt_ms=276 bytes=34965
2026-03-14 03:04:35.668 edge / status=200 upstream=B rt_ms=91 bytes=14267
2026-03-14 03:04:37.086 edge /api/events status=200 upstream=B rt_ms=304 bytes=26045
2026-03-14 03:04:37.163 edge /healthz status=200 upstream=B rt_ms=118 bytes=11558
2026-03-14 03:04:37.610 edge /healthz status=502 upstream=B rt_ms=70 bytes=19182
2026-03-14 03:04:38.714 edge /api/events status=502 upstream=B rt_ms=399 bytes=22061
2026-03-14 03:04:40.920 edge /api/events status=502 upstream=B rt_ms=328 bytes=39976
2026-03-14 03:04:42.620 edge /api/orders status=200 upstream=B rt_ms=129 bytes=2368
2026-03-14 03:04:43.163 edge /api/orders status=200 upstream=B rt_ms=134 bytes=41222
2026-03-14 03:04:45.855 edge /api/orders status=200 upstream=B rt_ms=287 bytes=41940
2026-03-14 03:04:46.807 edge /api/events status=200 upstream=B rt_ms=240 bytes=36774
2026-03-14 03:04:47.257 edge /api/events status=502 upstream=B rt_ms=74 bytes=39026
2026-03-14 03:04:48.194 edge /healthz status=200 upstream=B rt_ms=96 bytes=6392
2026-03-14 03:04:49.459 edge /api/events status=502 upstream=B rt_ms=108 bytes=4232
2026-03-14 03:04:49.772 edge /api/orders status=502 upstream=B rt_ms=214 bytes=37095
2026-03-14 03:04:52.200 edge /static/style.css status=502 upstream=B rt_ms=151 bytes=36437
2026-03-14 03:04:57.705 edge /api/events status=200 upstream=B rt_ms=121 bytes=7472
2026-03-14 03:04:59.045 edge /static/style.css status=200 upstream=B rt_ms=51 bytes=20874
2026-03-14 03:04:59.141 edge /api/orders status=502 upstream=B rt_ms=191 bytes=26228
2026-03-14 03:05:00.545 edge /api/events status=502 upstream=B rt_ms=168 bytes=15507
2026-03-14 03:05:02.585 edge / status=200 upstream=B rt_ms=168 bytes=3625
2026-03-14 03:05:02.647 edge /static/style.css status=200 upstream=B rt_ms=55 bytes=37345
2026-03-14 03:05:02.870 edge / status=200 upstream=B rt_ms=44 bytes=24461
2026-03-14 03:05:02.959 edge /api/orders status=200 upstream=B rt_ms=75 bytes=6461
2026-03-14 03:05:05.838 edge /api/orders status=404 upstream=B rt_ms=87 bytes=33470
2026-03-14 03:05:06.761 edge /static/style.css status=200 upstream=B rt_ms=97 bytes=5362
2026-03-14 03:05:07.420 edge /api/orders status=200 upstream=B rt_ms=116 bytes=37695
2026-03-14 03:05:08.577 edge /api/orders status=404 upstream=B rt_ms=362 bytes=3384
2026-03-14 03:05:09.176 edge /api/events status=200 upstream=B rt_ms=50 bytes=20045
2026-03-14 03:05:09.979 edge /healthz status=200 upstream=B rt_ms=245 bytes=6245
2026-03-14 03:05:10.904 edge /healthz status=200 upstream=B rt_ms=149 bytes=25823
2026-03-14 03:05:12.658 edge /api/orders status=200 upstream=B rt_ms=385 bytes=5880
2026-03-14 03:05:13.567 edge / status=502 upstream=B rt_ms=39 bytes=24298
2026-03-14 03:05:13.656 edge / status=200 upstream=B rt_ms=231 bytes=14063
2026-03-14 03:05:14.169 edge /api/orders status=200 upstream=B rt_ms=81 bytes=10650
2026-03-14 03:05:16.945 edge / status=502 upstream=B rt_ms=296 bytes=6554
2026-03-14 03:05:17.011 edge / status=502 upstream=B rt_ms=318 bytes=40524
2026-03-14 03:05:18.087 edge / status=502 upstream=B rt_ms=289 bytes=8351
2026-03-14 03:05:18.533 edge / status=200 upstream=B rt_ms=274 bytes=14513
2026-03-14 03:05:20.753 edge / status=200 upstream=B rt_ms=301 bytes=26963
2026-03-14 03:05:22.182 edge /healthz status=200 upstream=B rt_ms=42 bytes=9394
2026-03-14 03:05:22.703 edge / status=200 upstream=B rt_ms=21 bytes=37872
2026-03-14 03:05:24.899 edge /healthz status=200 upstream=B rt_ms=174 bytes=15802
2026-03-14 03:05:26.200 edge /api/orders status=200 upstream=B rt_ms=51 bytes=6392
2026-03-14 03:05:27.701 edge /healthz status=502 upstream=B rt_ms=322 bytes=7920
2026-03-14 03:05:28.837 edge /api/events status=200 upstream=B rt_ms=27 bytes=17525
2026-03-14 03:05:29.809 edge / status=502 upstream=B rt_ms=246 bytes=14272
2026-03-14 03:05:29.881 edge /healthz status=200 upstream=B rt_ms=70 bytes=34019
2026-03-14 03:05:31.459 edge / status=404 upstream=B rt_ms=218 bytes=23029
2026-03-14 03:05:31.617 edge /healthz status=200 upstream=B rt_ms=160 bytes=15177
2026-03-14 03:05:34.204 edge /healthz status=404 upstream=B rt_ms=358 bytes=12298
2026-03-14 03:05:35.271 edge / status=200 upstream=B rt_ms=108 bytes=35809
2026-03-14 03:05:35.306 edge / status=200 upstream=B rt_ms=116 bytes=34817
2026-03-14 03:05:37.979 edge /api/events status=502 upstream=B rt_ms=201 bytes=13168
2026-03-14 03:05:38.349 edge /api/orders status=502 upstream=B rt_ms=139 bytes=36787
2026-03-14 03:05:41.276 edge /api/orders status=200 upstream=B rt_ms=322 bytes=33555
2026-03-14 03:05:42.046 edge / status=200 upstream=B rt_ms=261 bytes=23162
2026-03-14 03:05:42.241 edge /static/style.css status=502 upstream=B rt_ms=41 bytes=4048
2026-03-14 03:05:42.973 edge /healthz status=200 upstream=B rt_ms=79 bytes=22834
2026-03-14 03:05:45.979 edge /static/style.css status=502 upstream=B rt_ms=48 bytes=12673
2026-03-14 03:05:51.260 edge /api/orders status=200 upstream=B rt_ms=359 bytes=36564
2026-03-14 03:05:51.845 edge /healthz status=200 upstream=B rt_ms=310 bytes=300
2026-03-14 03:05:53.109 edge /api/orders status=200 upstream=B rt_ms=199 bytes=7642
2026-03-14 03:05:55.543 edge / status=200 upstream=B rt_ms=358 bytes=40675
2026-03-14 03:05:56.876 edge /healthz status=200 upstream=B rt_ms=311 bytes=2618
2026-03-14 03:05:58.997 edge /api/orders status=500 upstream=B rt_ms=26 bytes=1273
2026-03-14 03:05:59.882 edge /api/orders status=502 upstream=B rt_ms=50 bytes=8770
2026-03-14 03:06:00.078 edge /api/orders status=502 upstream=B rt_ms=221 bytes=28694
2026-03-14 03:06:00.577 edge / status=404 upstream=B rt_ms=289 bytes=3693
2026-03-14 03:06:03.131 edge /api/orders status=200 upstream=B rt_ms=92 bytes=26548
2026-03-14 03:06:03.371 edge /healthz status=200 upstream=B rt_ms=191 bytes=17974
2026-03-14 03:06:04.655 edge /static/style.css status=200 upstream=B rt_ms=373 bytes=24646
2026-03-14 03:06:05.752 edge / status=502 upstream=B rt_ms=365 bytes=18844
2026-03-14 03:06:06.885 edge / status=502 upstream=B rt_ms=156 bytes=34634
2026-03-14 03:06:08.551 edge /healthz status=502 upstream=B rt_ms=231 bytes=21278
2026-03-14 03:06:11.965 edge /api/orders status=200 upstream=B rt_ms=397 bytes=40183
2026-03-14 03:06:12.047 edge /api/events status=502 upstream=B rt_ms=191 bytes=16561
2026-03-14 03:06:13.368 edge /static/style.css status=200 upstream=B rt_ms=236 bytes=26960
2026-03-14 03:06:14.402 edge /healthz status=502 upstream=B rt_ms=263 bytes=37152
2026-03-14 03:06:19.131 edge /healthz status=200 upstream=B rt_ms=294 bytes=34400
2026-03-14 03:06:20.120 edge /api/orders status=200 upstream=B rt_ms=326 bytes=28464
2026-03-14 03:06:20.386 edge /healthz status=200 upstream=B rt_ms=88 bytes=24937
2026-03-14 03:06:20.899 edge /api/events status=502 upstream=B rt_ms=371 bytes=33326
2026-03-14 03:06:21.513 edge /api/orders status=502 upstream=B rt_ms=326 bytes=24458
2026-03-14 03:06:23.888 edge / status=200 upstream=B rt_ms=133 bytes=12842
2026-03-14 03:06:24.001 edge /api/events status=200 upstream=B rt_ms=7 bytes=17545
2026-03-14 03:06:26.744 edge /static/style.css status=200 upstream=B rt_ms=380 bytes=34655
2026-03-14 03:06:28.684 edge /api/orders status=200 upstream=B rt_ms=111 bytes=28464
2026-03-14 03:06:28.801 edge /static/style.css status=200 upstream=B rt_ms=46 bytes=21621
2026-03-14 03:06:29.158 edge /healthz status=502 upstream=B rt_ms=319 bytes=10030
2026-03-14 03:06:30.437 edge /healthz status=502 upstream=B rt_ms=3 bytes=37259
2026-03-14 03:06:30.973 edge /api/events status=200 upstream=B rt_ms=122 bytes=13295
2026-03-14 03:06:31.000 edge /api/orders status=200 upstream=B rt_ms=273 bytes=36146
2026-03-14 03:06:31.122 edge / status=404 upstream=B rt_ms=253 bytes=31370
2026-03-14 03:06:32.476 edge /static/style.css status=502 upstream=B rt_ms=300 bytes=3295
2026-03-14 03:06:32.688 edge /static/style.css status=200 upstream=B rt_ms=326 bytes=13109
2026-03-14 03:06:33.557 edge /api/orders status=502 upstream=B rt_ms=124 bytes=29167
2026-03-14 03:06:34.207 edge /healthz status=200 upstream=B rt_ms=313 bytes=23073
2026-03-14 03:06:34.606 edge /static/style.css status=200 upstream=B rt_ms=366 bytes=4147
2026-03-14 03:06:35.617 edge / status=200 upstream=B rt_ms=377 bytes=38191
2026-03-14 03:06:36.104 edge /api/events status=500 upstream=B rt_ms=57 bytes=29725
2026-03-14 03:06:36.741 edge /static/style.css status=502 upstream=B rt_ms=122 bytes=35350
2026-03-14 03:06:38.011 edge /api/orders status=200 upstream=B rt_ms=285 bytes=8585
2026-03-14 03:06:38.830 edge /api/orders status=200 upstream=B rt_ms=77 bytes=14225
2026-03-14 03:06:38.849 edge /static/style.css status=502 upstream=B rt_ms=315 bytes=25443
2026-03-14 03:06:39.166 edge / status=502 upstream=B rt_ms=225 bytes=11157
2026-03-14 03:06:39.488 edge /healthz status=200 upstream=B rt_ms=23 bytes=37000
2026-03-14 03:06:41.690 edge /api/orders status=200 upstream=B rt_ms=313 bytes=3025
2026-03-14 03:06:42.486 edge /api/orders status=200 upstream=B rt_ms=151 bytes=14223
2026-03-14 03:06:42.974 edge /api/orders status=502 upstream=B rt_ms=227 bytes=31191
2026-03-14 03:06:44.046 edge / status=200 upstream=B rt_ms=334 bytes=38699
2026-03-14 03:06:45.266 edge / status=502 upstream=B rt_ms=90 bytes=10501
2026-03-14 03:06:45.683 edge /healthz status=200 upstream=B rt_ms=33 bytes=40349
2026-03-14 03:06:46.736 edge /api/events status=200 upstream=B rt_ms=159 bytes=28372
2026-03-14 03:06:47.354 edge /healthz status=502 upstream=B rt_ms=321 bytes=29572
2026-03-14 03:06:47.431 edge / status=200 upstream=B rt_ms=310 bytes=26865
2026-03-14 03:06:47.743 edge /api/events status=502 upstream=B rt_ms=246 bytes=13327
2026-03-14 03:06:49.970 edge /healthz status=502 upstream=B rt_ms=95 bytes=37186
2026-03-14 03:06:50.230 edge /api/orders status=200 upstream=B rt_ms=278 bytes=20708
2026-03-14 03:06:54.138 edge /healthz status=200 upstream=B rt_ms=229 bytes=41552
2026-03-14 03:06:55.271 edge /api/orders status=502 upstream=B rt_ms=85 bytes=18163
2026-03-14 03:06:56.535 edge /api/orders status=502 upstream=B rt_ms=3 bytes=36267
2026-03-14 03:06:57.022 edge /api/events status=200 upstream=B rt_ms=354 bytes=28733
2026-03-14 03:06:57.896 edge /static/style.css status=502 upstream=B rt_ms=71 bytes=7442
2026-03-14 03:06:58.468 edge /healthz status=200 upstream=B rt_ms=329 bytes=37183
2026-03-14 03:06:59.012 edge /healthz status=200 upstream=B rt_ms=328 bytes=18143
2026-03-14 03:06:59.044 edge /api/orders status=200 upstream=B rt_ms=207 bytes=24242
2026-03-14 03:06:59.902 edge / status=200 upstream=B rt_ms=217 bytes=9146
2026-03-14 03:07:01.096 edge /api/orders status=502 upstream=B rt_ms=197 bytes=30832
2026-03-14 03:07:01.269 edge /static/style.css status=502 upstream=B rt_ms=233 bytes=41052
2026-03-14 03:07:02.589 edge / status=200 upstream=B rt_ms=390 bytes=30020
2026-03-14 03:07:02.811 edge /static/style.css status=200 upstream=B rt_ms=84 bytes=11482
2026-03-14 03:07:05.297 edge /api/orders status=502 upstream=B rt_ms=301 bytes=24179
2026-03-14 03:07:05.469 edge /static/style.css status=502 upstream=B rt_ms=95 bytes=1874
2026-03-14 03:07:06.836 edge /healthz status=200 upstream=B rt_ms=189 bytes=33967
2026-03-14 03:07:08.477 edge /api/orders status=500 upstream=B rt_ms=180 bytes=4711
2026-03-14 03:07:08.608 edge / status=502 upstream=B rt_ms=113 bytes=28764
2026-03-14 03:07:10.479 edge /healthz status=502 upstream=B rt_ms=102 bytes=35210
2026-03-14 03:07:12.273 edge /static/style.css status=200 upstream=B rt_ms=349 bytes=7998
2026-03-14 03:07:12.495 edge / status=502 upstream=B rt_ms=200 bytes=26882
2026-03-14 03:07:13.110 edge / status=200 upstream=B rt_ms=165 bytes=34236
2026-03-14 03:07:14.310 edge /static/style.css status=200 upstream=B rt_ms=266 bytes=37889
2026-03-14 03:07:15.401 edge / status=200 upstream=B rt_ms=32 bytes=19502
2026-03-14 03:07:15.795 edge /api/orders status=502 upstream=B rt_ms=308 bytes=12294
2026-03-14 03:07:16.078 edge /api/orders status=200 upstream=B rt_ms=372 bytes=4127
2026-03-14 03:07:16.646 edge /api/orders status=200 upstream=B rt_ms=282 bytes=2353
2026-03-14 03:07:18.557 edge /api/orders status=200 upstream=B rt_ms=125 bytes=9954
2026-03-14 03:07:18.704 edge /api/orders status=502 upstream=B rt_ms=186 bytes=9632
2026-03-14 03:07:18.809 edge / status=500 upstream=B rt_ms=6 bytes=38220
2026-03-14 03:07:19.647 edge /api/events status=500 upstream=B rt_ms=353 bytes=9900
2026-03-14 03:07:21.428 edge /api/orders status=200 upstream=B rt_ms=392 bytes=18091
2026-03-14 03:07:22.209 edge /api/events status=502 upstream=B rt_ms=32 bytes=20997
2026-03-14 03:07:22.510 edge /api/orders status=502 upstream=B rt_ms=326 bytes=7014
2026-03-14 03:07:23.819 edge /healthz status=502 upstream=B rt_ms=339 bytes=16823
2026-03-14 03:07:24.536 edge /static/style.css status=200 upstream=B rt_ms=198 bytes=10410
2026-03-14 03:07:25.731 edge /healthz status=200 upstream=B rt_ms=228 bytes=1455
2026-03-14 03:07:27.207 edge /api/orders status=200 upstream=B rt_ms=136 bytes=3427
2026-03-14 03:07:27.854 edge /api/events status=502 upstream=B rt_ms=218 bytes=13113
2026-03-14 03:07:27.920 edge /api/orders status=200 upstream=B rt_ms=336 bytes=36287
2026-03-14 03:07:28.900 edge /static/style.css status=200 upstream=B rt_ms=271 bytes=21418
2026-03-14 03:07:28.904 edge /api/events status=200 upstream=B rt_ms=185 bytes=33622
2026-03-14 03:07:29.596 edge / status=502 upstream=B rt_ms=47 bytes=9344
2026-03-14 03:07:29.618 edge / status=500 upstream=B rt_ms=130 bytes=11491
2026-03-14 03:07:30.739 edge /static/style.css status=502 upstream=B rt_ms=229 bytes=25199
2026-03-14 03:07:31.636 edge /api/orders status=200 upstream=B rt_ms=398 bytes=39287
2026-03-14 03:07:32.070 edge /healthz status=502 upstream=B rt_ms=290 bytes=15386
2026-03-14 03:07:32.482 edge /api/events status=200 upstream=B rt_ms=35 bytes=32255
2026-03-14 03:07:35.153 edge /api/events status=200 upstream=B rt_ms=162 bytes=40061
2026-03-14 03:07:36.498 edge /api/events status=200 upstream=B rt_ms=264 bytes=10740
2026-03-14 03:07:37.713 edge / status=200 upstream=B rt_ms=227 bytes=41702
2026-03-14 03:07:39.037 edge /static/style.css status=200 upstream=B rt_ms=263 bytes=16703
2026-03-14 03:07:39.865 edge /healthz status=200 upstream=B rt_ms=390 bytes=9318
2026-03-14 03:07:41.432 edge / status=200 upstream=B rt_ms=152 bytes=5517
2026-03-14 03:07:44.071 edge / status=502 upstream=B rt_ms=148 bytes=30668
2026-03-14 03:07:44.661 edge /static/style.css status=200 upstream=B rt_ms=105 bytes=40908
2026-03-14 03:07:45.431 edge /api/events status=502 upstream=B rt_ms=217 bytes=7874
2026-03-14 03:07:46.531 edge / status=500 upstream=B rt_ms=323 bytes=36796
2026-03-14 03:07:47.440 edge / status=502 upstream=B rt_ms=274 bytes=24650
2026-03-14 03:07:47.708 edge /static/style.css status=502 upstream=B rt_ms=207 bytes=30724
2026-03-14 03:07:51.811 edge / status=502 upstream=B rt_ms=280 bytes=24425
2026-03-14 03:07:52.945 edge /api/events status=200 upstream=B rt_ms=59 bytes=15424
2026-03-14 03:07:54.659 edge /api/orders status=200 upstream=B rt_ms=147 bytes=4415
2026-03-14 03:07:55.394 edge /static/style.css status=200 upstream=B rt_ms=321 bytes=27460
2026-03-14 03:07:55.579 edge /api/events status=200 upstream=B rt_ms=279 bytes=25615
2026-03-14 03:07:58.201 edge / status=200 upstream=B rt_ms=303 bytes=41358
2026-03-14 03:07:58.287 edge /static/style.css status=404 upstream=B rt_ms=99 bytes=2978
2026-03-14 03:07:58.807 edge /healthz status=500 upstream=B rt_ms=241 bytes=20210
2026-03-14 03:07:59.263 edge /api/events status=200 upstream=B rt_ms=282 bytes=21454
2026-03-14 03:08:00.186 edge /api/orders status=200 upstream=B rt_ms=367 bytes=4568
2026-03-14 03:08:00.446 edge /healthz status=404 upstream=B rt_ms=83 bytes=27728
2026-03-14 03:08:00.447 edge /static/style.css status=404 upstream=B rt_ms=101 bytes=31689
2026-03-14 03:08:02.996 edge / status=200 upstream=B rt_ms=194 bytes=1380
2026-03-14 03:08:03.429 edge / status=200 upstream=B rt_ms=46 bytes=10529
2026-03-14 03:08:04.552 edge /api/events status=200 upstream=B rt_ms=253 bytes=18446
2026-03-14 03:08:07.373 edge / status=200 upstream=B rt_ms=187 bytes=28461
2026-03-14 03:08:08.734 edge /api/events status=502 upstream=B rt_ms=256 bytes=10344
2026-03-14 03:08:09.603 edge / status=502 upstream=B rt_ms=135 bytes=35445
2026-03-14 03:08:09.773 edge /healthz status=200 upstream=B rt_ms=100 bytes=35429
2026-03-14 03:08:12.012 edge /api/events status=200 upstream=B rt_ms=163 bytes=8187
2026-03-14 03:08:12.221 edge /static/style.css status=200 upstream=B rt_ms=69 bytes=24658
2026-03-14 03:08:12.938 edge / status=200 upstream=B rt_ms=81 bytes=20811
2026-03-14 03:08:15.196 edge /api/events status=200 upstream=B rt_ms=43 bytes=38811
2026-03-14 03:08:15.725 edge /healthz status=200 upstream=B rt_ms=47 bytes=11260
2026-03-14 03:08:16.982 edge /api/events status=200 upstream=B rt_ms=305 bytes=17889
2026-03-14 03:08:18.477 edge /healthz status=404 upstream=B rt_ms=306 bytes=26648
2026-03-14 03:08:18.990 edge /api/orders status=200 upstream=B rt_ms=331 bytes=19884
2026-03-14 03:08:19.666 edge /api/orders status=200 upstream=B rt_ms=175 bytes=41451
2026-03-14 03:08:20.672 edge /api/events status=502 upstream=B rt_ms=159 bytes=21791
2026-03-14 03:08:20.855 edge / status=502 upstream=B rt_ms=257 bytes=20684
2026-03-14 03:08:21.293 edge / status=200 upstream=B rt_ms=305 bytes=31869
2026-03-14 03:08:21.311 edge / status=502 upstream=B rt_ms=146 bytes=2957
2026-03-14 03:08:23.592 edge / status=502 upstream=B rt_ms=388 bytes=20640
2026-03-14 03:08:23.917 edge /healthz status=200 upstream=B rt_ms=105 bytes=38282
2026-03-14 03:08:27.006 edge /static/style.css status=200 upstream=B rt_ms=15 bytes=2385
2026-03-14 03:08:28.991 edge /api/orders status=200 upstream=B rt_ms=63 bytes=33842
2026-03-14 03:08:30.337 edge /healthz status=502 upstream=B rt_ms=89 bytes=22010
2026-03-14 03:08:30.896 edge /healthz status=502 upstream=B rt_ms=188 bytes=37387
2026-03-14 03:08:31.127 edge /api/orders status=502 upstream=B rt_ms=205 bytes=6163
2026-03-14 03:08:33.340 edge /healthz status=502 upstream=B rt_ms=345 bytes=15531
2026-03-14 03:08:33.676 edge /api/orders status=404 upstream=B rt_ms=273 bytes=23455
2026-03-14 03:08:35.213 edge /static/style.css status=502 upstream=B rt_ms=338 bytes=20838
2026-03-14 03:08:35.317 edge / status=502 upstream=B rt_ms=143 bytes=30418
2026-03-14 03:08:35.758 edge /healthz status=200 upstream=B rt_ms=50 bytes=31173
2026-03-14 03:08:36.688 edge /healthz status=200 upstream=B rt_ms=248 bytes=25602
2026-03-14 03:08:36.840 edge /healthz status=200 upstream=B rt_ms=182 bytes=9425
2026-03-14 03:08:36.975 edge /healthz status=200 upstream=B rt_ms=88 bytes=35268
2026-03-14 03:08:40.694 edge /healthz status=502 upstream=B rt_ms=93 bytes=31526
2026-03-14 03:08:41.228 edge / status=502 upstream=B rt_ms=122 bytes=8454
2026-03-14 03:08:42.409 edge /healthz status=200 upstream=B rt_ms=155 bytes=10496
2026-03-14 03:08:43.546 edge /static/style.css status=502 upstream=B rt_ms=269 bytes=5592
2026-03-14 03:08:44.628 edge /static/style.css status=200 upstream=B rt_ms=50 bytes=35144
2026-03-14 03:08:45.723 edge /healthz status=502 upstream=B rt_ms=65 bytes=35055
2026-03-14 03:08:46.247 edge / status=200 upstream=B rt_ms=353 bytes=34022
2026-03-14 03:08:46.437 edge / status=502 upstream=B rt_ms=149 bytes=15956
2026-03-14 03:08:47.516 edge / status=502 upstream=B rt_ms=105 bytes=33110
2026-03-14 03:08:49.020 edge /healthz status=200 upstream=B rt_ms=192 bytes=17372
2026-03-14 03:08:49.831 edge /api/events status=500 upstream=B rt_ms=276 bytes=20026
2026-03-14 03:08:54.508 edge / status=200 upstream=B rt_ms=10 bytes=41789
2026-03-14 03:08:54.653 edge /static/style.css status=200 upstream=B rt_ms=330 bytes=24064
2026-03-14 03:08:54.809 edge /healthz status=502 upstream=B rt_ms=301 bytes=24950
2026-03-14 03:08:54.884 edge /api/orders status=200 upstream=B rt_ms=345 bytes=15597
2026-03-14 03:08:55.380 edge /static/style.css status=200 upstream=B rt_ms=296 bytes=37410
2026-03-14 03:08:58.398 edge /healthz status=500 upstream=B rt_ms=4 bytes=28638
2026-03-14 03:08:59.910 edge /api/orders status=200 upstream=B rt_ms=78 bytes=32703
2026-03-14 03:08:59.984 edge /api/orders status=502 upstream=B rt_ms=157 bytes=34223
2026-03-14 03:09:00.002 edge /healthz status=502 upstream=B rt_ms=146 bytes=22795
2026-03-14 03:09:02.702 edge /api/events status=200 upstream=B rt_ms=331 bytes=24226
2026-03-14 03:09:06.254 edge /api/orders status=502 upstream=B rt_ms=271 bytes=34655
2026-03-14 03:09:07.277 edge /api/events status=200 upstream=B rt_ms=200 bytes=11303
2026-03-14 03:09:07.577 edge /api/orders status=200 upstream=B rt_ms=188 bytes=9167
2026-03-14 03:09:08.798 edge / status=200 upstream=B rt_ms=239 bytes=7521
2026-03-14 03:09:08.820 edge /static/style.css status=200 upstream=B rt_ms=62 bytes=30497
2026-03-14 03:09:09.370 edge / status=200 upstream=B rt_ms=359 bytes=672
2026-03-14 03:09:10.149 edge /api/orders status=502 upstream=B rt_ms=51 bytes=37726
2026-03-14 03:09:11.234 edge / status=502 upstream=B rt_ms=51 bytes=27530
2026-03-14 03:09:11.436 edge /static/style.css status=200 upstream=B rt_ms=142 bytes=28687
2026-03-14 03:09:11.687 edge /static/style.css status=502 upstream=B rt_ms=135 bytes=27056
2026-03-14 03:09:11.819 edge /static/style.css status=200 upstream=B rt_ms=360 bytes=3824
2026-03-14 03:09:13.745 edge /healthz status=200 upstream=B rt_ms=97 bytes=7184
2026-03-14 03:09:14.043 edge /healthz status=502 upstream=B rt_ms=264 bytes=37854
2026-03-14 03:09:14.453 edge /static/style.css status=502 upstream=B rt_ms=39 bytes=8579
2026-03-14 03:09:16.175 edge /api/events status=200 upstream=B rt_ms=312 bytes=41911
2026-03-14 03:09:18.244 edge / status=200 upstream=B rt_ms=250 bytes=22430
2026-03-14 03:09:19.082 edge / status=200 upstream=B rt_ms=273 bytes=37168
2026-03-14 03:09:21.016 edge /api/events status=200 upstream=B rt_ms=136 bytes=37273
2026-03-14 03:09:22.015 edge /api/orders status=502 upstream=B rt_ms=32 bytes=3299
2026-03-14 03:09:22.892 edge /api/orders status=200 upstream=B rt_ms=177 bytes=1766
2026-03-14 03:09:24.506 edge /api/events status=200 upstream=B rt_ms=317 bytes=17340
2026-03-14 03:09:24.557 edge /static/style.css status=200 upstream=B rt_ms=238 bytes=21630
2026-03-14 03:09:25.454 edge /static/style.css status=502 upstream=B rt_ms=182 bytes=14457
2026-03-14 03:09:27.693 edge /healthz status=200 upstream=B rt_ms=37 bytes=13556
2026-03-14 03:09:28.382 edge /api/events status=200 upstream=B rt_ms=221 bytes=14140
2026-03-14 03:09:29.145 edge /healthz status=200 upstream=B rt_ms=206 bytes=38125
2026-03-14 03:09:29.413 edge /healthz status=200 upstream=B rt_ms=24 bytes=9156
2026-03-14 03:09:30.733 edge /api/orders status=200 upstream=B rt_ms=245 bytes=7899
2026-03-14 03:09:31.511 edge /api/events status=502 upstream=B rt_ms=149 bytes=15945
2026-03-14 03:09:35.063 edge /static/style.css status=200 upstream=B rt_ms=134 bytes=19490
2026-03-14 03:09:35.083 edge /api/orders status=502 upstream=B rt_ms=207 bytes=5394
2026-03-14 03:09:36.176 edge /healthz status=502 upstream=B rt_ms=63 bytes=35619
2026-03-14 03:09:36.434 edge /healthz status=502 upstream=B rt_ms=150 bytes=37618
2026-03-14 03:09:36.501 edge /static/style.css status=502 upstream=B rt_ms=352 bytes=26103
2026-03-14 03:09:36.608 edge /api/events status=502 upstream=B rt_ms=215 bytes=25096
2026-03-14 03:09:37.870 edge /healthz status=502 upstream=B rt_ms=191 bytes=39225
2026-03-14 03:09:38.266 edge / status=502 upstream=B rt_ms=35 bytes=19765
2026-03-14 03:09:39.388 edge /static/style.css status=200 upstream=B rt_ms=8 bytes=39406
2026-03-14 03:09:39.591 edge /static/style.css status=200 upstream=B rt_ms=231 bytes=36453
2026-03-14 03:09:39.801 edge /healthz status=502 upstream=B rt_ms=222 bytes=37134
2026-03-14 03:09:42.002 edge /api/orders status=502 upstream=B rt_ms=260 bytes=38932
2026-03-14 03:09:42.024 edge /api/orders status=200 upstream=B rt_ms=393 bytes=18560
2026-03-14 03:09:43.248 edge / status=200 upstream=B rt_ms=262 bytes=31253
2026-03-14 03:09:43.913 edge /healthz status=200 upstream=B rt_ms=24 bytes=5851
2026-03-14 03:09:45.217 edge /api/events status=200 upstream=B rt_ms=179 bytes=29367
2026-03-14 03:09:46.172 edge / status=502 upstream=B rt_ms=116 bytes=18702
2026-03-14 03:09:46.993 edge /api/orders status=200 upstream=B rt_ms=366 bytes=36762
2026-03-14 03:09:48.286 edge /api/orders status=200 upstream=B rt_ms=112 bytes=10974
2026-03-14 03:09:48.799 edge / status=200 upstream=B rt_ms=165 bytes=40778
2026-03-14 03:09:49.353 edge / status=200 upstream=B rt_ms=391 bytes=23843
2026-03-14 03:09:49.638 edge / status=502 upstream=B rt_ms=317 bytes=7334
2026-03-14 03:09:52.453 edge /static/style.css status=200 upstream=B rt_ms=366 bytes=33953
2026-03-14 03:09:54.515 edge /api/orders status=502 upstream=B rt_ms=184 bytes=4809
2026-03-14 03:09:56.618 edge /static/style.css status=502 upstream=B rt_ms=275 bytes=9404
2026-03-14 03:09:59.965 edge /healthz status=502 upstream=B rt_ms=103 bytes=11591
2026-03-14 03:10:02.264 edge /api/events status=502 upstream=B rt_ms=41 bytes=4175
2026-03-14 03:10:04.785 edge /api/events status=200 upstream=B rt_ms=339 bytes=28638
2026-03-14 03:10:11.532 edge /healthz status=200 upstream=B rt_ms=204 bytes=21072
2026-03-14 03:10:14.494 edge /api/events status=200 upstream=B rt_ms=22 bytes=15966
2026-03-14 03:10:15.254 edge /healthz status=502 upstream=B rt_ms=35 bytes=39572
2026-03-14 03:10:15.901 edge /static/style.css status=200 upstream=B rt_ms=188 bytes=18401
2026-03-14 03:10:15.931 edge /api/orders status=200 upstream=B rt_ms=210 bytes=8897
2026-03-14 03:10:16.523 edge /api/events status=200 upstream=B rt_ms=249 bytes=35309
2026-03-14 03:10:19.610 edge /healthz status=502 upstream=B rt_ms=158 bytes=3454
2026-03-14 03:10:20.644 edge /api/events status=502 upstream=B rt_ms=138 bytes=2534
2026-03-14 03:10:21.127 edge /api/events status=200 upstream=B rt_ms=323 bytes=7620
2026-03-14 03:10:21.559 edge /healthz status=502 upstream=B rt_ms=105 bytes=7070
2026-03-14 03:10:22.469 edge / status=502 upstream=B rt_ms=163 bytes=40950
2026-03-14 03:10:26.030 edge /healthz status=200 upstream=B rt_ms=167 bytes=24810
2026-03-14 03:10:27.620 edge /api/events status=200 upstream=B rt_ms=148 bytes=4185
2026-03-14 03:10:28.722 edge /static/style.css status=502 upstream=B rt_ms=22 bytes=35891
2026-03-14 03:10:30.314 edge /api/orders status=502 upstream=B rt_ms=323 bytes=16189
2026-03-14 03:10:30.893 edge /healthz status=200 upstream=B rt_ms=205 bytes=18320
2026-03-14 03:10:31.189 edge /static/style.css status=200 upstream=B rt_ms=208 bytes=20279
2026-03-14 03:10:32.047 edge / status=500 upstream=B rt_ms=82 bytes=19804
2026-03-14 03:10:32.290 edge /api/orders status=502 upstream=B rt_ms=122 bytes=25604
2026-03-14 03:10:33.288 edge / status=200 upstream=B rt_ms=9 bytes=38771
2026-03-14 03:10:36.514 edge /static/style.css status=502 upstream=B rt_ms=56 bytes=13509
2026-03-14 03:10:37.643 edge /api/events status=200 upstream=B rt_ms=4 bytes=14741
2026-03-14 03:10:37.687 edge /healthz status=200 upstream=B rt_ms=37 bytes=34073
2026-03-14 03:10:39.089 edge /static/style.css status=200 upstream=B rt_ms=211 bytes=27368
2026-03-14 03:10:41.149 edge /static/style.css status=200 upstream=B rt_ms=350 bytes=31561
2026-03-14 03:10:41.158 edge /static/style.css status=502 upstream=B rt_ms=67 bytes=18014
2026-03-14 03:10:41.656 edge /static/style.css status=200 upstream=B rt_ms=302 bytes=41129
2026-03-14 03:10:42.992 edge /api/orders status=200 upstream=B rt_ms=18 bytes=4960
2026-03-14 03:10:44.344 edge / status=200 upstream=B rt_ms=169 bytes=40882
2026-03-14 03:10:44.615 edge /api/events status=200 upstream=B rt_ms=262 bytes=9797
2026-03-14 03:10:46.595 edge /api/orders status=502 upstream=B rt_ms=383 bytes=35156
2026-03-14 03:10:47.298 edge /healthz status=502 upstream=B rt_ms=278 bytes=4956
2026-03-14 03:10:47.506 edge / status=200 upstream=B rt_ms=386 bytes=4620
2026-03-14 03:10:49.421 edge / status=502 upstream=B rt_ms=18 bytes=41545
2026-03-14 03:10:49.448 edge /api/orders status=200 upstream=B rt_ms=89 bytes=35530
2026-03-14 03:10:53.729 edge /api/orders status=200 upstream=B rt_ms=368 bytes=11471
2026-03-14 03:10:57.200 edge /healthz status=502 upstream=B rt_ms=361 bytes=38675
2026-03-14 03:10:57.774 edge /api/events status=200 upstream=B rt_ms=83 bytes=27690
2026-03-14 03:10:59.137 edge /api/orders status=200 upstream=B rt_ms=322 bytes=21913
2026-03-14 03:10:59.210 edge /static/style.css status=200 upstream=B rt_ms=228 bytes=17941
2026-03-14 03:10:59.255 edge /api/orders status=502 upstream=B rt_ms=160 bytes=991
2026-03-14 03:11:00.358 edge /healthz status=200 upstream=B rt_ms=129 bytes=20878
2026-03-14 03:11:03.337 edge /healthz status=502 upstream=B rt_ms=126 bytes=6369
2026-03-14 03:11:03.602 edge /api/events status=502 upstream=B rt_ms=87 bytes=15557
2026-03-14 03:11:05.029 edge /static/style.css status=500 upstream=B rt_ms=36 bytes=34558
2026-03-14 03:11:05.622 edge /api/events status=200 upstream=B rt_ms=150 bytes=35594
2026-03-14 03:11:05.848 edge / status=200 upstream=B rt_ms=26 bytes=40914
2026-03-14 03:11:06.452 edge / status=200 upstream=B rt_ms=148 bytes=7517
2026-03-14 03:11:06.604 edge /api/orders status=200 upstream=B rt_ms=229 bytes=23249
2026-03-14 03:11:07.091 edge /api/events status=200 upstream=B rt_ms=193 bytes=22135
2026-03-14 03:11:07.373 edge /api/orders status=200 upstream=B rt_ms=342 bytes=7221
2026-03-14 03:11:08.106 edge /api/orders status=500 upstream=B rt_ms=34 bytes=28606
2026-03-14 03:11:08.423 edge /static/style.css status=200 upstream=B rt_ms=304 bytes=13077
2026-03-14 03:11:12.498 edge /static/style.css status=502 upstream=B rt_ms=355 bytes=4026
2026-03-14 03:11:13.897 edge /healthz status=200 upstream=B rt_ms=281 bytes=10466
2026-03-14 03:11:16.494 edge /api/orders status=502 upstream=B rt_ms=346 bytes=20194
2026-03-14 03:11:16.986 edge /healthz status=200 upstream=B rt_ms=133 bytes=36413
2026-03-14 03:11:18.127 edge /static/style.css status=200 upstream=B rt_ms=182 bytes=2641
2026-03-14 03:11:19.311 edge /healthz status=502 upstream=B rt_ms=167 bytes=17771
2026-03-14 03:11:19.462 edge /healthz status=200 upstream=B rt_ms=385 bytes=25985
2026-03-14 03:11:19.794 edge /api/events status=200 upstream=B rt_ms=283 bytes=38895
2026-03-14 03:11:20.612 edge /api/orders status=200 upstream=B rt_ms=201 bytes=11930
2026-03-14 03:11:24.708 edge /static/style.css status=200 upstream=B rt_ms=339 bytes=5417
2026-03-14 03:11:25.016 edge / status=200 upstream=B rt_ms=17 bytes=34287
2026-03-14 03:11:25.162 edge /healthz status=200 upstream=B rt_ms=81 bytes=40510
2026-03-14 03:11:25.914 edge /healthz status=502 upstream=B rt_ms=259 bytes=26309
2026-03-14 03:11:26.671 edge /healthz status=200 upstream=B rt_ms=217 bytes=12735
2026-03-14 03:11:27.741 edge /api/orders status=200 upstream=B rt_ms=307 bytes=22000
2026-03-14 03:11:30.822 edge / status=200 upstream=B rt_ms=383 bytes=25604
2026-03-14 03:11:31.502 edge /static/style.css status=200 upstream=B rt_ms=329 bytes=14725
2026-03-14 03:11:32.732 edge /static/style.css status=200 upstream=B rt_ms=346 bytes=6179
2026-03-14 03:11:33.064 edge /static/style.css status=200 upstream=B rt_ms=269 bytes=1718
2026-03-14 03:11:33.257 edge /static/style.css status=502 upstream=B rt_ms=310 bytes=15603
2026-03-14 03:11:33.788 edge /api/orders status=502 upstream=B rt_ms=122 bytes=23661
2026-03-14 03:11:34.465 edge /api/events status=502 upstream=B rt_ms=350 bytes=4722
2026-03-14 03:11:35.609 edge / status=404 upstream=B rt_ms=359 bytes=7082
2026-03-14 03:11:36.733 edge /static/style.css status=200 upstream=B rt_ms=55 bytes=27737
2026-03-14 03:11:36.832 edge /healthz status=200 upstream=B rt_ms=38 bytes=38542
2026-03-14 03:11:37.460 edge /static/style.css status=502 upstream=B rt_ms=201 bytes=8384
2026-03-14 03:11:38.417 edge /api/orders status=200 upstream=B rt_ms=140 bytes=29450
2026-03-14 03:11:38.544 edge /healthz status=502 upstream=B rt_ms=358 bytes=2171
2026-03-14 03:11:41.387 edge /healthz status=200 upstream=B rt_ms=177 bytes=26218
2026-03-14 03:11:41.687 edge /api/orders status=502 upstream=B rt_ms=349 bytes=2500
2026-03-14 03:11:43.057 edge /healthz status=200 upstream=B rt_ms=262 bytes=40778
2026-03-14 03:11:43.450 edge /static/style.css status=200 upstream=B rt_ms=271 bytes=30070
2026-03-14 03:11:44.590 edge / status=502 upstream=B rt_ms=362 bytes=15202
2026-03-14 03:11:45.831 edge /api/events status=200 upstream=B rt_ms=263 bytes=18211
2026-03-14 03:11:46.334 edge /healthz status=200 upstream=B rt_ms=392 bytes=26417
2026-03-14 03:11:46.840 edge /healthz status=200 upstream=B rt_ms=167 bytes=18687
2026-03-14 03:11:50.974 edge /api/orders status=200 upstream=B rt_ms=256 bytes=29478
2026-03-14 03:11:51.662 edge /api/orders status=502 upstream=B rt_ms=370 bytes=8102
2026-03-14 03:11:52.320 edge / status=200 upstream=B rt_ms=334 bytes=27175
2026-03-14 03:11:53.054 edge /api/orders status=404 upstream=B rt_ms=257 bytes=9016
2026-03-14 03:11:53.544 edge /healthz status=200 upstream=B rt_ms=104 bytes=21309
2026-03-14 03:11:54.269 edge / status=200 upstream=B rt_ms=236 bytes=6589
2026-03-14 03:11:54.791 edge /static/style.css status=502 upstream=B rt_ms=112 bytes=4938
2026-03-14 03:11:56.772 edge /api/events status=502 upstream=B rt_ms=93 bytes=21015
2026-03-14 03:11:58.137 edge / status=502 upstream=B rt_ms=9 bytes=13248
2026-03-14 03:11:58.754 edge /static/style.css status=200 upstream=B rt_ms=104 bytes=33262
2026-03-14 03:11:59.845 edge /healthz status=200 upstream=B rt_ms=184 bytes=13154
2026-03-14 03:12:01.191 edge /api/orders status=200 upstream=B rt_ms=157 bytes=14425
2026-03-14 03:12:01.514 edge /api/orders status=502 upstream=B rt_ms=323 bytes=33978
2026-03-14 03:12:02.654 edge / status=502 upstream=B rt_ms=53 bytes=31566
2026-03-14 03:12:03.434 edge /static/style.css status=502 upstream=B rt_ms=200 bytes=27156
2026-03-14 03:12:03.499 edge /api/events status=502 upstream=B rt_ms=159 bytes=34177
2026-03-14 03:12:03.712 edge / status=500 upstream=B rt_ms=240 bytes=8245
2026-03-14 03:12:04.943 edge /healthz status=200 upstream=B rt_ms=267 bytes=41627
2026-03-14 03:12:05.767 edge / status=502 upstream=B rt_ms=95 bytes=15949
2026-03-14 03:12:05.899 edge /api/events status=200 upstream=B rt_ms=125 bytes=39989
2026-03-14 03:12:06.543 edge /healthz status=200 upstream=B rt_ms=307 bytes=9568
2026-03-14 03:12:07.965 edge /healthz status=200 upstream=B rt_ms=205 bytes=27198
2026-03-14 03:12:09.585 edge /api/orders status=200 upstream=B rt_ms=63 bytes=15706
2026-03-14 03:12:09.624 edge /healthz status=500 upstream=B rt_ms=353 bytes=39600
2026-03-14 03:12:10.427 edge /api/events status=200 upstream=B rt_ms=37 bytes=27104
2026-03-14 03:12:10.553 edge / status=502 upstream=B rt_ms=103 bytes=26955
2026-03-14 03:12:12.375 edge /static/style.css status=200 upstream=B rt_ms=84 bytes=15543
2026-03-14 03:12:12.870 edge /static/style.css status=502 upstream=B rt_ms=116 bytes=8521
2026-03-14 03:12:12.959 edge /api/events status=502 upstream=B rt_ms=30 bytes=22399
2026-03-14 03:12:15.031 edge / status=200 upstream=B rt_ms=299 bytes=4581
2026-03-14 03:12:16.435 edge /healthz status=502 upstream=B rt_ms=238 bytes=2330
2026-03-14 03:12:16.709 edge / status=200 upstream=B rt_ms=84 bytes=30673
2026-03-14 03:12:16.795 edge /api/events status=502 upstream=B rt_ms=12 bytes=25271
2026-03-14 03:12:17.486 edge / status=200 upstream=B rt_ms=194 bytes=6930
2026-03-14 03:12:18.832 edge / status=200 upstream=B rt_ms=306 bytes=1893
2026-03-14 03:12:20.045 edge / status=200 upstream=B rt_ms=368 bytes=41580
2026-03-14 03:12:20.943 edge / status=200 upstream=B rt_ms=177 bytes=33788
2026-03-14 03:12:21.053 edge /api/orders status=502 upstream=B rt_ms=36 bytes=39604
2026-03-14 03:12:23.308 edge /healthz status=200 upstream=B rt_ms=398 bytes=31095
2026-03-14 03:12:24.096 edge /api/events status=200 upstream=B rt_ms=27 bytes=1752
2026-03-14 03:12:24.862 edge /healthz status=200 upstream=B rt_ms=336 bytes=26415
2026-03-14 03:12:27.591 edge /api/orders status=500 upstream=B rt_ms=63 bytes=35338
2026-03-14 03:12:29.416 edge /api/orders status=404 upstream=B rt_ms=172 bytes=10934
2026-03-14 03:12:30.768 edge / status=502 upstream=B rt_ms=306 bytes=38666
2026-03-14 03:12:31.443 edge /api/orders status=500 upstream=B rt_ms=183 bytes=9904
2026-03-14 03:12:31.732 edge / status=200 upstream=B rt_ms=5 bytes=25462
2026-03-14 03:12:32.916 edge / status=200 upstream=B rt_ms=299 bytes=14042
2026-03-14 03:12:33.481 edge /api/orders status=502 upstream=B rt_ms=278 bytes=37772
2026-03-14 03:12:33.685 edge /api/events status=200 upstream=B rt_ms=315 bytes=11529
2026-03-14 03:12:33.751 edge /api/events status=200 upstream=B rt_ms=286 bytes=23869
2026-03-14 03:12:34.114 edge /static/style.css status=200 upstream=B rt_ms=16 bytes=9197
2026-03-14 03:12:36.629 edge /api/orders status=404 upstream=B rt_ms=270 bytes=2711
2026-03-14 03:12:37.686 edge /api/events status=200 upstream=B rt_ms=345 bytes=23826
2026-03-14 03:12:37.894 edge /healthz status=502 upstream=B rt_ms=326 bytes=29491
2026-03-14 03:12:38.644 edge / status=200 upstream=B rt_ms=55 bytes=18131
2026-03-14 03:12:39.192 edge /api/orders status=200 upstream=B rt_ms=372 bytes=4741
2026-03-14 03:12:40.750 edge /static/style.css status=502 upstream=B rt_ms=390 bytes=14109
2026-03-14 03:12:41.046 edge /api/orders status=502 upstream=B rt_ms=397 bytes=7899
2026-03-14 03:12:42.111 edge /api/events status=200 upstream=B rt_ms=210 bytes=21206
2026-03-14 03:12:44.414 edge /api/orders status=404 upstream=B rt_ms=134 bytes=1583
2026-03-14 03:12:44.931 edge / status=200 upstream=B rt_ms=116 bytes=16453
2026-03-14 03:12:46.464 edge /healthz status=200 upstream=B rt_ms=392 bytes=16065
2026-03-14 03:12:47.275 edge / status=200 upstream=B rt_ms=157 bytes=41692
2026-03-14 03:12:48.173 edge /api/events status=500 upstream=B rt_ms=13 bytes=38873
2026-03-14 03:12:51.861 edge /healthz status=200 upstream=B rt_ms=263 bytes=28613
2026-03-14 03:12:52.093 edge /api/events status=502 upstream=B rt_ms=303 bytes=24331
2026-03-14 03:12:52.162 edge / status=200 upstream=B rt_ms=287 bytes=27048
2026-03-14 03:12:53.840 edge /static/style.css status=502 upstream=B rt_ms=108 bytes=31464
2026-03-14 03:12:54.626 edge /api/orders status=200 upstream=B rt_ms=199 bytes=7556
2026-03-14 03:12:56.828 edge / status=502 upstream=B rt_ms=268 bytes=29314
2026-03-14 03:12:57.503 edge /api/events status=200 upstream=B rt_ms=123 bytes=4092
2026-03-14 03:12:58.009 edge /api/orders status=502 upstream=B rt_ms=133 bytes=41859
2026-03-14 03:12:58.651 edge /static/style.css status=502 upstream=B rt_ms=286 bytes=27391
2026-03-14 03:12:58.864 edge /healthz status=502 upstream=B rt_ms=321 bytes=29542
2026-03-14 03:12:59.140 edge /static/style.css status=502 upstream=B rt_ms=216 bytes=32829
2026-03-14 03:13:01.146 edge /api/events status=200 upstream=B rt_ms=247 bytes=4888
2026-03-14 03:13:03.312 edge /healthz status=200 upstream=B rt_ms=256 bytes=25401
2026-03-14 03:13:05.435 edge /static/style.css status=502 upstream=B rt_ms=253 bytes=23206
2026-03-14 03:13:06.386 edge /api/orders status=200 upstream=B rt_ms=164 bytes=7457
2026-03-14 03:13:06.393 edge /api/orders status=200 upstream=B rt_ms=154 bytes=1154
2026-03-14 03:13:06.562 edge /static/style.css status=200 upstream=B rt_ms=260 bytes=367
2026-03-14 03:13:06.706 edge /api/events status=200 upstream=B rt_ms=161 bytes=30264
2026-03-14 03:13:07.431 edge /healthz status=502 upstream=B rt_ms=294 bytes=21151
2026-03-14 03:13:12.279 edge / status=404 upstream=B rt_ms=356 bytes=40945
2026-03-14 03:13:14.500 edge /api/events status=502 upstream=B rt_ms=313 bytes=6576
2026-03-14 03:13:14.664 edge /static/style.css status=502 upstream=B rt_ms=232 bytes=36485
2026-03-14 03:13:17.414 edge /api/events status=200 upstream=B rt_ms=333 bytes=10386
2026-03-14 03:13:17.798 edge /api/events status=200 upstream=B rt_ms=309 bytes=19095
2026-03-14 03:13:18.427 edge /static/style.css status=502 upstream=B rt_ms=307 bytes=38086
2026-03-14 03:13:21.033 edge /api/events status=502 upstream=B rt_ms=326 bytes=26125
2026-03-14 03:13:22.493 edge /api/orders status=200 upstream=B rt_ms=141 bytes=11325
2026-03-14 03:13:22.499 edge /healthz status=200 upstream=B rt_ms=206 bytes=8134
2026-03-14 03:13:23.569 edge /healthz status=200 upstream=B rt_ms=233 bytes=23523
2026-03-14 03:13:25.264 edge /api/events status=502 upstream=B rt_ms=5 bytes=34177
2026-03-14 03:13:26.073 edge /healthz status=200 upstream=B rt_ms=71 bytes=25970
2026-03-14 03:13:26.601 edge /static/style.css status=200 upstream=B rt_ms=267 bytes=27857
2026-03-14 03:13:27.143 edge / status=200 upstream=B rt_ms=290 bytes=41741
2026-03-14 03:13:28.485 edge / status=200 upstream=B rt_ms=127 bytes=13866
2026-03-14 03:13:30.208 edge /api/orders status=200 upstream=B rt_ms=398 bytes=336
2026-03-14 03:13:30.944 edge /api/orders status=502 upstream=B rt_ms=40 bytes=23975
2026-03-14 03:13:31.800 edge /static/style.css status=502 upstream=B rt_ms=45 bytes=21676
2026-03-14 03:13:32.315 edge / status=502 upstream=B rt_ms=70 bytes=5370
2026-03-14 03:13:35.545 edge /static/style.css status=502 upstream=B rt_ms=128 bytes=2843
2026-03-14 03:13:36.911 edge /api/orders status=200 upstream=B rt_ms=42 bytes=12399
2026-03-14 03:13:37.832 edge /healthz status=200 upstream=B rt_ms=225 bytes=41891
2026-03-14 03:13:38.489 edge /api/events status=200 upstream=B rt_ms=398 bytes=37240
2026-03-14 03:13:39.089 edge /api/events status=200 upstream=B rt_ms=72 bytes=21272
2026-03-14 03:13:39.157 edge /api/events status=502 upstream=B rt_ms=145 bytes=21791
2026-03-14 03:13:40.944 edge / status=502 upstream=B rt_ms=235 bytes=20909
2026-03-14 03:13:41.720 edge /api/orders status=200 upstream=B rt_ms=29 bytes=8319
2026-03-14 03:13:42.259 edge / status=502 upstream=B rt_ms=152 bytes=38646
2026-03-14 03:13:42.575 edge /api/events status=200 upstream=B rt_ms=265 bytes=1645
2026-03-14 03:13:43.574 edge /api/orders status=502 upstream=B rt_ms=185 bytes=39133
2026-03-14 03:13:43.781 edge /static/style.css status=200 upstream=B rt_ms=210 bytes=6831
2026-03-14 03:13:44.459 edge /static/style.css status=200 upstream=B rt_ms=347 bytes=34997
2026-03-14 03:13:45.006 edge / status=200 upstream=B rt_ms=130 bytes=35037
2026-03-14 03:13:45.943 edge /api/events status=502 upstream=B rt_ms=16 bytes=9545
2026-03-14 03:13:47.697 edge /static/style.css status=200 upstream=B rt_ms=398 bytes=37363
2026-03-14 03:13:48.246 edge /healthz status=502 upstream=B rt_ms=167 bytes=24116
2026-03-14 03:13:48.463 edge /static/style.css status=502 upstream=B rt_ms=391 bytes=9599
2026-03-14 03:13:49.348 edge /api/events status=200 upstream=B rt_ms=54 bytes=2217
2026-03-14 03:13:50.397 edge /static/style.css status=502 upstream=B rt_ms=364 bytes=4771
2026-03-14 03:13:50.617 edge /api/events status=200 upstream=B rt_ms=13 bytes=4920
2026-03-14 03:13:51.281 edge /static/style.css status=200 upstream=B rt_ms=121 bytes=3410
2026-03-14 03:13:51.959 edge /static/style.css status=502 upstream=B rt_ms=4 bytes=5938
2026-03-14 03:13:53.582 edge /healthz status=200 upstream=B rt_ms=86 bytes=31864
2026-03-14 03:13:54.977 edge / status=200 upstream=B rt_ms=393 bytes=12616
2026-03-14 03:13:55.127 edge /api/orders status=200 upstream=B rt_ms=214 bytes=11775
2026-03-14 03:13:55.560 edge / status=200 upstream=B rt_ms=55 bytes=36740
2026-03-14 03:13:55.784 edge /api/events status=200 upstream=B rt_ms=5 bytes=3825
2026-03-14 03:13:56.013 edge /healthz status=200 upstream=B rt_ms=255 bytes=18755
2026-03-14 03:13:59.619 edge /healthz status=500 upstream=B rt_ms=119 bytes=35174
2026-03-14 03:14:00.875 edge /api/events status=200 upstream=B rt_ms=19 bytes=29185
2026-03-14 03:14:02.360 edge /healthz status=502 upstream=B rt_ms=20 bytes=1102
2026-03-14 03:14:02.509 edge /api/events status=200 upstream=B rt_ms=207 bytes=9350
2026-03-14 03:14:02.664 edge /static/style.css status=404 upstream=B rt_ms=178 bytes=22065
2026-03-14 03:14:03.283 edge /api/events status=200 upstream=B rt_ms=156 bytes=26105
2026-03-14 03:14:04.797 edge /api/events status=200 upstream=B rt_ms=190 bytes=14287
2026-03-14 03:14:05.035 edge / status=200 upstream=B rt_ms=192 bytes=552
2026-03-14 03:14:05.118 edge / status=502 upstream=B rt_ms=42 bytes=5549
2026-03-14 03:14:06.289 edge /static/style.css status=502 upstream=B rt_ms=371 bytes=16117
2026-03-14 03:14:07.330 edge /api/events status=200 upstream=B rt_ms=47 bytes=29651
2026-03-14 03:14:07.396 edge / status=200 upstream=B rt_ms=338 bytes=8039
2026-03-14 03:14:07.653 edge /healthz status=502 upstream=B rt_ms=56 bytes=23879
2026-03-14 03:14:08.891 edge /api/orders status=502 upstream=B rt_ms=287 bytes=7534
2026-03-14 03:14:09.152 edge /healthz status=200 upstream=B rt_ms=150 bytes=26103
2026-03-14 03:14:13.065 edge /api/events status=200 upstream=B rt_ms=176 bytes=9917
2026-03-14 03:14:15.997 edge /healthz status=502 upstream=B rt_ms=48 bytes=17782
2026-03-14 03:14:18.137 edge /static/style.css status=200 upstream=B rt_ms=303 bytes=15520
2026-03-14 03:14:18.931 edge /api/events status=502 upstream=B rt_ms=212 bytes=40393
2026-03-14 03:14:22.790 edge /static/style.css status=200 upstream=B rt_ms=351 bytes=39332
2026-03-14 03:14:22.958 edge / status=200 upstream=B rt_ms=311 bytes=1827
2026-03-14 03:14:23.307 edge /api/events status=200 upstream=B rt_ms=48 bytes=13508
2026-03-14 03:14:23.629 edge /static/style.css status=502 upstream=B rt_ms=58 bytes=27910
2026-03-14 03:14:23.783 edge /static/style.css status=502 upstream=B rt_ms=282 bytes=33995
2026-03-14 03:14:29.737 edge /healthz status=200 upstream=B rt_ms=259 bytes=28059
2026-03-14 03:14:30.916 edge /static/style.css status=200 upstream=B rt_ms=134 bytes=17380
2026-03-14 03:14:31.447 edge /api/events status=502 upstream=B rt_ms=389 bytes=2596
2026-03-14 03:14:33.001 edge / status=200 upstream=B rt_ms=164 bytes=38663
2026-03-14 03:14:33.807 edge /healthz status=200 upstream=B rt_ms=359 bytes=31046
2026-03-14 03:14:34.344 edge /api/orders status=200 upstream=B rt_ms=315 bytes=41170
2026-03-14 03:14:34.449 edge /api/orders status=200 upstream=B rt_ms=361 bytes=22249
2026-03-14 03:14:36.745 edge /api/orders status=404 upstream=B rt_ms=126 bytes=21598
2026-03-14 03:14:38.640 edge /api/orders status=502 upstream=B rt_ms=279 bytes=19781
2026-03-14 03:14:39.421 edge /static/style.css status=200 upstream=B rt_ms=272 bytes=10861
2026-03-14 03:14:41.210 edge /api/events status=500 upstream=B rt_ms=126 bytes=37086
2026-03-14 03:14:43.152 edge /static/style.css status=502 upstream=B rt_ms=134 bytes=921
2026-03-14 03:14:43.211 edge /api/events status=502 upstream=B rt_ms=55 bytes=25854
2026-03-14 03:14:45.132 edge /healthz status=502 upstream=B rt_ms=260 bytes=28868
2026-03-14 03:14:46.221 edge /api/events status=404 upstream=B rt_ms=288 bytes=38262
2026-03-14 03:14:47.185 edge /healthz status=500 upstream=B rt_ms=367 bytes=35947
2026-03-14 03:14:48.192 edge /static/style.css status=502 upstream=B rt_ms=199 bytes=6708
2026-03-14 03:14:49.859 edge /healthz status=502 upstream=B rt_ms=63 bytes=19613
2026-03-14 03:14:54.150 edge / status=200 upstream=B rt_ms=344 bytes=12871
2026-03-14 03:14:54.364 edge / status=200 upstream=B rt_ms=80 bytes=30422
2026-03-14 03:14:55.270 edge /api/events status=502 upstream=B rt_ms=133 bytes=18518
2026-03-14 03:14:55.441 edge / status=502 upstream=B rt_ms=120 bytes=39341
2026-03-14 03:14:59.737 edge /healthz status=502 upstream=B rt_ms=105 bytes=32978
2026-03-14 03:14:59.888 edge /healthz status=200 upstream=B rt_ms=86 bytes=1524
2026-03-14 03:15:01.226 edge /healthz status=500 upstream=B rt_ms=229 bytes=9870
2026-03-14 03:15:02.394 edge /api/events status=502 upstream=B rt_ms=197 bytes=37055
2026-03-14 03:15:02.512 edge / status=502 upstream=B rt_ms=65 bytes=6036
2026-03-14 03:15:02.635 edge /api/events status=502 upstream=B rt_ms=315 bytes=39301
2026-03-14 03:15:03.295 edge /healthz status=200 upstream=B rt_ms=385 bytes=19644
2026-03-14 03:15:05.908 edge /static/style.css status=200 upstream=B rt_ms=151 bytes=22359
2026-03-14 03:15:09.560 edge /static/style.css status=200 upstream=B rt_ms=76 bytes=32876
2026-03-14 03:15:09.628 edge /api/events status=502 upstream=B rt_ms=321 bytes=11461
2026-03-14 03:15:12.317 edge /api/orders status=200 upstream=B rt_ms=375 bytes=27068
2026-03-14 03:15:13.299 edge /static/style.css status=502 upstream=B rt_ms=184 bytes=26251
2026-03-14 03:15:13.524 edge / status=200 upstream=B rt_ms=141 bytes=7542
2026-03-14 03:15:15.243 edge /api/orders status=200 upstream=B rt_ms=122 bytes=4891
2026-03-14 03:15:17.767 edge / status=200 upstream=B rt_ms=261 bytes=33231
2026-03-14 03:15:18.484 edge /healthz status=200 upstream=B rt_ms=102 bytes=24250
2026-03-14 03:15:19.645 edge /static/style.css status=200 upstream=B rt_ms=154 bytes=10086
2026-03-14 03:15:21.005 edge /api/events status=502 upstream=B rt_ms=177 bytes=5507
2026-03-14 03:15:21.707 edge / status=502 upstream=B rt_ms=395 bytes=8250
2026-03-14 03:15:29.965 edge /healthz status=502 upstream=B rt_ms=118 bytes=24425
2026-03-14 03:15:30.261 edge /api/orders status=200 upstream=B rt_ms=329 bytes=5941
2026-03-14 03:15:31.270 edge /api/orders status=200 upstream=B rt_ms=264 bytes=22282
2026-03-14 03:15:32.362 edge /api/events status=200 upstream=B rt_ms=280 bytes=26256
2026-03-14 03:15:33.213 edge / status=200 upstream=B rt_ms=29 bytes=11187
2026-03-14 03:15:34.332 edge / status=502 upstream=B rt_ms=301 bytes=3978
2026-03-14 03:15:34.849 edge /api/orders status=200 upstream=B rt_ms=338 bytes=34133
2026-03-14 03:15:36.349 edge /api/events status=502 upstream=B rt_ms=6 bytes=32130
2026-03-14 03:15:37.529 edge /api/events status=200 upstream=B rt_ms=92 bytes=24634
2026-03-14 03:15:41.783 edge /api/events status=502 upstream=B rt_ms=99 bytes=35425
2026-03-14 03:15:42.227 edge / status=200 upstream=B rt_ms=95 bytes=38712
2026-03-14 03:15:42.546 edge /api/orders status=500 upstream=B rt_ms=46 bytes=13847
2026-03-14 03:15:42.713 edge /api/events status=500 upstream=B rt_ms=127 bytes=1393
2026-03-14 03:15:45.034 edge /healthz status=200 upstream=B rt_ms=214 bytes=38449
2026-03-14 03:15:45.107 edge /static/style.css status=502 upstream=B rt_ms=178 bytes=37144
2026-03-14 03:15:46.657 edge /api/events status=200 upstream=B rt_ms=377 bytes=19931
2026-03-14 03:15:47.059 edge /static/style.css status=200 upstream=B rt_ms=343 bytes=4991
2026-03-14 03:15:48.024 edge /healthz status=502 upstream=B rt_ms=66 bytes=4826
2026-03-14 03:15:48.044 edge / status=502 upstream=B rt_ms=114 bytes=8724
2026-03-14 03:15:48.412 edge /api/events status=200 upstream=B rt_ms=283 bytes=22591
2026-03-14 03:15:48.596 edge /static/style.css status=200 upstream=B rt_ms=375 bytes=26434
2026-03-14 03:15:50.106 edge /static/style.css status=200 upstream=B rt_ms=91 bytes=21769
2026-03-14 03:15:51.139 edge /healthz status=200 upstream=B rt_ms=50 bytes=38591
2026-03-14 03:15:51.228 edge /api/orders status=502 upstream=B rt_ms=232 bytes=41611
2026-03-14 03:15:51.336 edge / status=502 upstream=B rt_ms=355 bytes=30404
2026-03-14 03:15:51.463 edge /api/events status=502 upstream=B rt_ms=369 bytes=6416
2026-03-14 03:15:51.879 edge /api/orders status=200 upstream=B rt_ms=62 bytes=27437
2026-03-14 03:15:51.989 edge /healthz status=200 upstream=B rt_ms=46 bytes=37765
2026-03-14 03:15:53.233 edge /healthz status=502 upstream=B rt_ms=28 bytes=13802
2026-03-14 03:15:53.961 edge /healthz status=200 upstream=B rt_ms=38 bytes=15028
2026-03-14 03:15:56.255 edge /api/orders status=200 upstream=B rt_ms=106 bytes=8108
2026-03-14 03:15:56.479 edge /api/events status=502 upstream=B rt_ms=260 bytes=16990
2026-03-14 03:15:57.124 edge /static/style.css status=200 upstream=B rt_ms=238 bytes=27465
2026-03-14 03:15:57.623 edge /static/style.css status=200 upstream=B rt_ms=154 bytes=23952
2026-03-14 03:15:59.059 edge /healthz status=200 upstream=B rt_ms=399 bytes=25143
2026-03-14 03:15:59.181 edge /static/style.css status=502 upstream=B rt_ms=37 bytes=19043
2026-03-14 03:15:59.538 edge /api/orders status=200 upstream=B rt_ms=125 bytes=26091
2026-03-14 03:15:59.563 edge /api/orders status=200 upstream=B rt_ms=147 bytes=16941
2026-03-14 03:15:59.998 edge /api/events status=502 upstream=B rt_ms=265 bytes=37541
2026-03-14 03:16:02.614 edge /static/style.css status=200 upstream=B rt_ms=187 bytes=33930
2026-03-14 03:16:03.212 edge /api/events status=200 upstream=B rt_ms=4 bytes=39853
2026-03-14 03:16:05.090 edge /api/events status=200 upstream=B rt_ms=342 bytes=1241
2026-03-14 03:16:06.989 edge / status=500 upstream=B rt_ms=95 bytes=16274
2026-03-14 03:16:07.483 edge /healthz status=502 upstream=B rt_ms=392 bytes=3087
2026-03-14 03:16:08.870 edge /api/orders status=502 upstream=B rt_ms=174 bytes=31111
2026-03-14 03:16:12.754 edge /api/events status=200 upstream=B rt_ms=20 bytes=37083
2026-03-14 03:16:12.884 edge / status=200 upstream=B rt_ms=43 bytes=34715
2026-03-14 03:16:15.154 edge /api/orders status=502 upstream=B rt_ms=304 bytes=30861
2026-03-14 03:16:15.705 edge /api/events status=502 upstream=B rt_ms=111 bytes=9232
2026-03-14 03:16:17.838 edge /static/style.css status=200 upstream=B rt_ms=9 bytes=41654
2026-03-14 03:16:18.742 edge / status=200 upstream=B rt_ms=254 bytes=10173
2026-03-14 03:16:19.095 edge /api/orders status=200 upstream=B rt_ms=333 bytes=39239
2026-03-14 03:16:19.314 edge / status=502 upstream=B rt_ms=26 bytes=1733
2026-03-14 03:16:19.384 edge /api/orders status=200 upstream=B rt_ms=323 bytes=10712
2026-03-14 03:16:21.771 edge / status=502 upstream=B rt_ms=184 bytes=28125
2026-03-14 03:16:21.916 edge /static/style.css status=502 upstream=B rt_ms=28 bytes=12676
2026-03-14 03:16:23.532 edge /healthz status=200 upstream=B rt_ms=197 bytes=35452
2026-03-14 03:16:24.184 edge /api/events status=502 upstream=B rt_ms=216 bytes=10695
2026-03-14 03:16:24.710 edge /api/events status=502 upstream=B rt_ms=203 bytes=14929
2026-03-14 03:16:24.784 edge /api/events status=502 upstream=B rt_ms=232 bytes=4106
2026-03-14 03:16:24.866 edge /static/style.css status=500 upstream=B rt_ms=310 bytes=1910
2026-03-14 03:16:26.513 edge /static/style.css status=200 upstream=B rt_ms=122 bytes=17120
2026-03-14 03:16:27.145 edge / status=500 upstream=B rt_ms=28 bytes=26156
2026-03-14 03:16:27.154 edge / status=200 upstream=B rt_ms=314 bytes=35608
2026-03-14 03:16:27.348 edge /healthz status=502 upstream=B rt_ms=150 bytes=36206
2026-03-14 03:16:27.731 edge /healthz status=404 upstream=B rt_ms=254 bytes=31162
2026-03-14 03:16:28.558 edge / status=502 upstream=B rt_ms=255 bytes=9569
2026-03-14 03:16:28.642 edge /static/style.css status=200 upstream=B rt_ms=224 bytes=29419
2026-03-14 03:16:28.776 edge /healthz status=502 upstream=B rt_ms=155 bytes=37642
2026-03-14 03:16:29.207 edge / status=200 upstream=B rt_ms=19 bytes=8185
2026-03-14 03:16:30.803 edge /api/events status=404 upstream=B rt_ms=373 bytes=37936
2026-03-14 03:16:31.642 edge /static/style.css status=502 upstream=B rt_ms=76 bytes=31126
2026-03-14 03:16:34.487 edge /healthz status=502 upstream=B rt_ms=159 bytes=25543
2026-03-14 03:16:35.956 edge /api/orders status=200 upstream=B rt_ms=140 bytes=39910
2026-03-14 03:16:37.213 edge /healthz status=502 upstream=B rt_ms=294 bytes=1019
2026-03-14 03:16:39.411 edge /healthz status=200 upstream=B rt_ms=45 bytes=17365
2026-03-14 03:16:39.963 edge / status=502 upstream=B rt_ms=168 bytes=8351
2026-03-14 03:16:42.197 edge / status=200 upstream=B rt_ms=28 bytes=2579
2026-03-14 03:16:42.285 edge /healthz status=200 upstream=B rt_ms=165 bytes=18571
2026-03-14 03:16:42.643 edge /healthz status=200 upstream=B rt_ms=90 bytes=33197
2026-03-14 03:16:45.574 edge /healthz status=200 upstream=B rt_ms=181 bytes=17696
2026-03-14 03:16:45.679 edge /api/events status=500 upstream=B rt_ms=64 bytes=4527
2026-03-14 03:16:46.391 edge /api/events status=200 upstream=B rt_ms=97 bytes=29803
2026-03-14 03:16:47.070 edge /api/orders status=200 upstream=B rt_ms=170 bytes=2150
2026-03-14 03:16:49.457 edge / status=200 upstream=B rt_ms=241 bytes=4193
2026-03-14 03:16:50.271 edge /healthz status=200 upstream=B rt_ms=153 bytes=3766
2026-03-14 03:16:50.837 edge /static/style.css status=502 upstream=B rt_ms=89 bytes=33573
2026-03-14 03:16:51.054 edge /static/style.css status=200 upstream=B rt_ms=251 bytes=29157
2026-03-14 03:16:51.281 edge /static/style.css status=200 upstream=B rt_ms=25 bytes=2981
2026-03-14 03:16:51.629 edge / status=502 upstream=B rt_ms=347 bytes=37432
2026-03-14 03:16:51.998 edge / status=200 upstream=B rt_ms=140 bytes=41431
2026-03-14 03:16:52.607 edge /api/orders status=502 upstream=B rt_ms=358 bytes=35479
2026-03-14 03:16:53.424 edge /healthz status=200 upstream=B rt_ms=167 bytes=21149
2026-03-14 03:16:54.982 edge /healthz status=200 upstream=B rt_ms=385 bytes=11183
2026-03-14 03:16:55.452 edge /api/orders status=500 upstream=B rt_ms=97 bytes=23924
2026-03-14 03:16:56.112 edge /healthz status=200 upstream=B rt_ms=386 bytes=19042
2026-03-14 03:16:57.893 edge /healthz status=500 upstream=B rt_ms=83 bytes=973
2026-03-14 03:16:58.538 edge / status=502 upstream=B rt_ms=301 bytes=29105
2026-03-14 03:16:59.968 edge / status=200 upstream=B rt_ms=191 bytes=29029
2026-03-14 03:17:00.096 edge /api/orders status=502 upstream=B rt_ms=96 bytes=18446
2026-03-14 03:17:04.432 edge /api/orders status=200 upstream=B rt_ms=259 bytes=21248
2026-03-14 03:17:04.764 edge /healthz status=502 upstream=B rt_ms=136 bytes=11100
2026-03-14 03:17:04.938 edge /static/style.css status=200 upstream=B rt_ms=121 bytes=41859
2026-03-14 03:17:07.861 edge /api/events status=200 upstream=B rt_ms=300 bytes=23877
2026-03-14 03:17:08.902 edge /api/orders status=502 upstream=B rt_ms=139 bytes=26725
2026-03-14 03:17:10.494 edge /healthz status=200 upstream=B rt_ms=226 bytes=2447
2026-03-14 03:17:12.573 edge /api/events status=500 upstream=B rt_ms=184 bytes=24915
2026-03-14 03:17:13.259 edge / status=200 upstream=B rt_ms=244 bytes=13488
2026-03-14 03:17:17.959 edge /static/style.css status=502 upstream=B rt_ms=88 bytes=31808
2026-03-14 03:17:22.317 edge /static/style.css status=200 upstream=B rt_ms=6 bytes=41902
2026-03-14 03:17:23.009 edge / status=200 upstream=B rt_ms=345 bytes=9668
2026-03-14 03:17:23.297 edge /healthz status=502 upstream=B rt_ms=92 bytes=8963
2026-03-14 03:17:24.528 edge /api/orders status=200 upstream=B rt_ms=146 bytes=3475
2026-03-14 03:17:25.791 edge /static/style.css status=200 upstream=B rt_ms=347 bytes=31371
2026-03-14 03:17:29.084 edge /api/events status=200 upstream=B rt_ms=81 bytes=34392
2026-03-14 03:17:29.544 edge /static/style.css status=502 upstream=B rt_ms=287 bytes=8737
2026-03-14 03:17:30.488 edge /api/events status=404 upstream=B rt_ms=268 bytes=16858
2026-03-14 03:17:31.303 edge /api/events status=200 upstream=B rt_ms=44 bytes=14203
2026-03-14 03:17:31.309 edge /api/events status=200 upstream=B rt_ms=123 bytes=24295
2026-03-14 03:17:31.701 edge /static/style.css status=502 upstream=B rt_ms=194 bytes=23797
2026-03-14 03:17:32.975 edge /api/orders status=502 upstream=B rt_ms=216 bytes=8714
2026-03-14 03:17:34.376 edge / status=502 upstream=B rt_ms=342 bytes=33678
2026-03-14 03:17:36.239 edge /api/orders status=200 upstream=B rt_ms=36 bytes=1871
2026-03-14 03:17:39.490 edge / status=502 upstream=B rt_ms=92 bytes=36264
2026-03-14 03:17:41.003 edge /static/style.css status=200 upstream=B rt_ms=291 bytes=29428
2026-03-14 03:17:41.499 edge /api/orders status=200 upstream=B rt_ms=100 bytes=16315
2026-03-14 03:17:44.637 edge /static/style.css status=200 upstream=B rt_ms=236 bytes=14176
2026-03-14 03:17:44.713 edge /healthz status=200 upstream=B rt_ms=312 bytes=13359
2026-03-14 03:17:45.037 edge /healthz status=404 upstream=B rt_ms=114 bytes=35632
2026-03-14 03:17:45.380 edge /api/events status=502 upstream=B rt_ms=211 bytes=13702
2026-03-14 03:17:46.643 edge /api/orders status=502 upstream=B rt_ms=262 bytes=25454
2026-03-14 03:17:47.640 edge /static/style.css status=200 upstream=B rt_ms=266 bytes=21408
2026-03-14 03:17:48.409 edge / status=502 upstream=B rt_ms=13 bytes=24073
2026-03-14 03:17:52.484 edge /healthz status=200 upstream=B rt_ms=103 bytes=29808
2026-03-14 03:17:52.841 edge /healthz status=200 upstream=B rt_ms=396 bytes=11549
2026-03-14 03:17:52.955 edge / status=200 upstream=B rt_ms=22 bytes=24450
2026-03-14 03:17:55.369 edge /api/orders status=502 upstream=B rt_ms=222 bytes=13741
2026-03-14 03:17:56.251 edge /api/orders status=200 upstream=B rt_ms=235 bytes=6039
2026-03-14 03:17:57.087 edge / status=502 upstream=B rt_ms=18 bytes=41707
2026-03-14 03:17:57.469 edge /healthz status=500 upstream=B rt_ms=34 bytes=10316
2026-03-14 03:18:00.332 edge /api/orders status=200 upstream=B rt_ms=76 bytes=23413
2026-03-14 03:18:02.961 edge /api/orders status=404 upstream=B rt_ms=117 bytes=19744
2026-03-14 03:18:03.232 edge /api/events status=200 upstream=B rt_ms=112 bytes=31157
2026-03-14 03:18:03.401 edge /static/style.css status=502 upstream=B rt_ms=239 bytes=10948
2026-03-14 03:18:03.473 edge /static/style.css status=502 upstream=B rt_ms=190 bytes=16164
2026-03-14 03:18:05.404 edge /healthz status=502 upstream=B rt_ms=61 bytes=1108
2026-03-14 03:18:07.552 edge /static/style.css status=200 upstream=B rt_ms=388 bytes=22189
2026-03-14 03:18:08.356 edge /healthz status=502 upstream=B rt_ms=146 bytes=29685
2026-03-14 03:18:08.429 edge /api/orders status=502 upstream=B rt_ms=154 bytes=28679
2026-03-14 03:18:10.427 edge /api/orders status=200 upstream=B rt_ms=324 bytes=7740
2026-03-14 03:18:11.422 edge /static/style.css status=200 upstream=B rt_ms=332 bytes=40430
2026-03-14 03:18:12.586 edge / status=502 upstream=B rt_ms=259 bytes=20305
2026-03-14 03:18:14.871 edge /healthz status=404 upstream=B rt_ms=285 bytes=5785
2026-03-14 03:18:17.882 edge /api/events status=200 upstream=B rt_ms=71 bytes=23692
2026-03-14 03:18:18.934 edge /healthz status=200 upstream=B rt_ms=378 bytes=31662
2026-03-14 03:18:21.203 edge /api/orders status=200 upstream=B rt_ms=33 bytes=9636
2026-03-14 03:18:22.471 edge /static/style.css status=502 upstream=B rt_ms=131 bytes=11360
2026-03-14 03:18:23.742 edge /api/orders status=200 upstream=B rt_ms=92 bytes=3924
2026-03-14 03:18:24.326 edge /static/style.css status=502 upstream=B rt_ms=336 bytes=36970
2026-03-14 03:18:24.587 edge /healthz status=200 upstream=B rt_ms=81 bytes=38279
2026-03-14 03:18:25.085 edge / status=200 upstream=B rt_ms=43 bytes=29293
2026-03-14 03:18:27.458 edge /api/events status=502 upstream=B rt_ms=393 bytes=5883
2026-03-14 03:18:30.067 edge /healthz status=200 upstream=B rt_ms=268 bytes=37061
2026-03-14 03:18:31.683 edge / status=200 upstream=B rt_ms=249 bytes=23317
2026-03-14 03:18:31.902 edge /static/style.css status=404 upstream=B rt_ms=143 bytes=3651
2026-03-14 03:18:32.897 edge / status=502 upstream=B rt_ms=393 bytes=34637
2026-03-14 03:18:33.166 edge /static/style.css status=500 upstream=B rt_ms=291 bytes=20327
2026-03-14 03:18:33.490 edge /static/style.css status=200 upstream=B rt_ms=353 bytes=23557
2026-03-14 03:18:33.595 edge / status=200 upstream=B rt_ms=327 bytes=8689
2026-03-14 03:18:37.059 edge /api/orders status=502 upstream=B rt_ms=150 bytes=19425
2026-03-14 03:18:39.988 edge /api/events status=200 upstream=B rt_ms=316 bytes=7704
2026-03-14 03:18:42.161 edge /healthz status=502 upstream=B rt_ms=42 bytes=9859
2026-03-14 03:18:44.217 edge / status=200 upstream=B rt_ms=333 bytes=20176
2026-03-14 03:18:44.714 edge /static/style.css status=200 upstream=B rt_ms=209 bytes=9763
2026-03-14 03:18:45.005 edge /api/orders status=200 upstream=B rt_ms=67 bytes=38919
2026-03-14 03:18:47.083 edge /static/style.css status=200 upstream=B rt_ms=312 bytes=10836
2026-03-14 03:18:47.128 edge /healthz status=200 upstream=B rt_ms=389 bytes=6128
2026-03-14 03:18:48.852 edge /static/style.css status=502 upstream=B rt_ms=372 bytes=39547
2026-03-14 03:18:52.727 edge / status=200 upstream=B rt_ms=178 bytes=8969
2026-03-14 03:18:55.445 edge / status=200 upstream=B rt_ms=212 bytes=39088
2026-03-14 03:18:56.207 edge /healthz status=502 upstream=B rt_ms=37 bytes=813
2026-03-14 03:18:58.125 edge /static/style.css status=404 upstream=B rt_ms=35 bytes=5359
2026-03-14 03:19:00.258 edge /api/events status=200 upstream=B rt_ms=18 bytes=34484
2026-03-14 03:19:00.301 edge /healthz status=200 upstream=B rt_ms=377 bytes=9234
2026-03-14 03:19:00.574 edge /static/style.css status=502 upstream=B rt_ms=337 bytes=37124
2026-03-14 03:19:03.085 edge / status=200 upstream=B rt_ms=48 bytes=13194
2026-03-14 03:19:03.406 edge /static/style.css status=200 upstream=B rt_ms=231 bytes=26421
2026-03-14 03:19:03.770 edge /healthz status=200 upstream=B rt_ms=332 bytes=19431
2026-03-14 03:19:04.724 edge /healthz status=502 upstream=B rt_ms=338 bytes=34864
2026-03-14 03:19:05.350 edge /api/orders status=502 upstream=B rt_ms=32 bytes=11680
2026-03-14 03:19:06.148 edge /healthz status=200 upstream=B rt_ms=121 bytes=13639
2026-03-14 03:19:06.607 edge /api/events status=200 upstream=B rt_ms=209 bytes=40354
2026-03-14 03:19:06.728 edge / status=502 upstream=B rt_ms=383 bytes=2299
2026-03-14 03:19:07.449 edge /api/orders status=200 upstream=B rt_ms=258 bytes=33210
2026-03-14 03:19:07.889 edge /static/style.css status=502 upstream=B rt_ms=163 bytes=33575
2026-03-14 03:19:09.995 edge / status=200 upstream=B rt_ms=139 bytes=36241
2026-03-14 03:19:13.657 edge / status=502 upstream=B rt_ms=275 bytes=40667
2026-03-14 03:19:16.828 edge /healthz status=502 upstream=B rt_ms=311 bytes=13432
2026-03-14 03:19:20.668 edge /api/events status=200 upstream=B rt_ms=212 bytes=18407
2026-03-14 03:19:21.918 edge /healthz status=200 upstream=B rt_ms=277 bytes=31702
2026-03-14 03:19:22.101 edge /static/style.css status=502 upstream=B rt_ms=131 bytes=41833
2026-03-14 03:19:22.858 edge / status=200 upstream=B rt_ms=308 bytes=29242
2026-03-14 03:19:23.453 edge /healthz status=200 upstream=B rt_ms=338 bytes=34372
2026-03-14 03:19:24.006 edge /api/events status=200 upstream=B rt_ms=351 bytes=3511
2026-03-14 03:19:24.055 edge / status=200 upstream=B rt_ms=327 bytes=21579
2026-03-14 03:19:25.123 edge /api/events status=502 upstream=B rt_ms=183 bytes=35871
2026-03-14 03:19:25.418 edge /api/orders status=200 upstream=B rt_ms=2 bytes=18718
2026-03-14 03:19:26.409 edge /api/events status=500 upstream=B rt_ms=14 bytes=8132
2026-03-14 03:19:28.337 edge /api/orders status=200 upstream=B rt_ms=44 bytes=11146
2026-03-14 03:19:32.136 edge /static/style.css status=502 upstream=B rt_ms=168 bytes=13443
2026-03-14 03:19:32.957 edge /api/events status=200 upstream=B rt_ms=171 bytes=38212
2026-03-14 03:19:33.563 edge /api/events status=502 upstream=B rt_ms=373 bytes=14323
2026-03-14 03:19:33.592 edge /healthz status=502 upstream=B rt_ms=398 bytes=39107
2026-03-14 03:19:33.745 edge /healthz status=200 upstream=B rt_ms=199 bytes=7989
2026-03-14 03:19:33.895 edge /api/orders status=502 upstream=B rt_ms=191 bytes=23410
2026-03-14 03:19:34.027 edge /api/events status=200 upstream=B rt_ms=352 bytes=39518
2026-03-14 03:19:34.980 edge /api/events status=200 upstream=B rt_ms=12 bytes=31122
2026-03-14 03:19:35.940 edge /healthz status=200 upstream=B rt_ms=244 bytes=8333
2026-03-14 03:19:37.439 edge /static/style.css status=200 upstream=B rt_ms=144 bytes=19058
2026-03-14 03:19:41.408 edge /healthz status=200 upstream=B rt_ms=43 bytes=30994
2026-03-14 03:19:41.541 edge /static/style.css status=502 upstream=B rt_ms=197 bytes=26970
2026-03-14 03:19:42.994 edge /healthz status=200 upstream=B rt_ms=62 bytes=28846
2026-03-14 03:19:43.404 edge /healthz status=502 upstream=B rt_ms=376 bytes=40298
2026-03-14 03:19:44.766 edge /api/orders status=200 upstream=B rt_ms=50 bytes=36754
2026-03-14 03:19:45.599 edge /healthz status=500 upstream=B rt_ms=286 bytes=18727
2026-03-14 03:19:45.752 edge /api/orders status=200 upstream=B rt_ms=62 bytes=36102
2026-03-14 03:19:45.770 edge /api/orders status=200 upstream=B rt_ms=60 bytes=26054
2026-03-14 03:19:46.017 edge /healthz status=200 upstream=B rt_ms=202 bytes=15563
2026-03-14 03:19:47.856 edge /healthz status=200 upstream=B rt_ms=91 bytes=40231
2026-03-14 03:19:48.026 edge /api/orders status=502 upstream=B rt_ms=258 bytes=20248
2026-03-14 03:19:48.200 edge /api/events status=200 upstream=B rt_ms=296 bytes=27815
2026-03-14 03:19:49.316 edge / status=200 upstream=B rt_ms=82 bytes=40589
2026-03-14 03:19:51.211 edge / status=502 upstream=B rt_ms=205 bytes=18653
2026-03-14 03:19:51.875 edge / status=502 upstream=B rt_ms=323 bytes=28203
2026-03-14 03:19:55.334 edge /api/events status=502 upstream=B rt_ms=24 bytes=39304
2026-03-14 03:19:56.405 edge / status=200 upstream=B rt_ms=386 bytes=33037
2026-03-14 03:19:56.465 edge /static/style.css status=200 upstream=B rt_ms=262 bytes=12712
2026-03-14 03:19:56.529 edge /static/style.css status=200 upstream=B rt_ms=15 bytes=30783
2026-03-14 03:19:56.587 edge /healthz status=502 upstream=B rt_ms=378 bytes=19528
2026-03-14 03:19:57.846 edge /healthz status=502 upstream=B rt_ms=308 bytes=40246
2026-03-14 03:19:58.762 edge /api/events status=502 upstream=B rt_ms=9 bytes=36357
2026-03-14 03:19:58.961 edge /healthz status=200 upstream=B rt_ms=212 bytes=5445
2026-03-14 03:19:59.266 edge /static/style.css status=200 upstream=B rt_ms=157 bytes=25159
2026-03-14 03:20:02.570 edge /api/events status=200 upstream=B rt_ms=188 bytes=26346
2026-03-14 03:20:02.617 edge /api/events status=404 upstream=B rt_ms=269 bytes=30032
2026-03-14 03:20:04.466 edge /healthz status=502 upstream=B rt_ms=280 bytes=4213
2026-03-14 03:20:05.476 edge /healthz status=200 upstream=B rt_ms=220 bytes=18992
2026-03-14 03:20:05.699 edge /healthz status=200 upstream=B rt_ms=144 bytes=27390
2026-03-14 03:20:07.253 edge /healthz status=200 upstream=B rt_ms=163 bytes=39910
2026-03-14 03:20:08.822 edge /api/orders status=200 upstream=B rt_ms=80 bytes=22324
2026-03-14 03:20:10.571 edge / status=502 upstream=B rt_ms=260 bytes=5722
2026-03-14 03:20:10.696 edge /api/events status=200 upstream=B rt_ms=108 bytes=25000
2026-03-14 03:20:11.465 edge /healthz status=200 upstream=B rt_ms=285 bytes=10431
2026-03-14 03:20:12.717 edge /static/style.css status=200 upstream=B rt_ms=130 bytes=29249
2026-03-14 03:20:13.932 edge /static/style.css status=200 upstream=B rt_ms=213 bytes=27725
2026-03-14 03:20:16.496 edge / status=200 upstream=B rt_ms=215 bytes=27678
2026-03-14 03:20:16.516 edge /api/events status=500 upstream=B rt_ms=321 bytes=34153
2026-03-14 03:20:17.993 edge /static/style.css status=404 upstream=B rt_ms=103 bytes=17490
2026-03-14 03:20:18.101 edge /healthz status=200 upstream=B rt_ms=392 bytes=13931
2026-03-14 03:20:18.247 edge /api/events status=502 upstream=B rt_ms=267 bytes=5522
2026-03-14 03:20:18.917 edge /healthz status=200 upstream=B rt_ms=118 bytes=5500
2026-03-14 03:20:22.165 edge /api/events status=502 upstream=B rt_ms=388 bytes=13882
2026-03-14 03:20:22.176 edge / status=502 upstream=B rt_ms=125 bytes=34603
2026-03-14 03:20:22.185 edge /healthz status=502 upstream=B rt_ms=146 bytes=6494
2026-03-14 03:20:23.425 edge /healthz status=200 upstream=B rt_ms=81 bytes=19923
2026-03-14 03:20:24.961 edge /healthz status=502 upstream=B rt_ms=295 bytes=26691
2026-03-14 03:20:28.595 edge /static/style.css status=200 upstream=B rt_ms=377 bytes=21302
2026-03-14 03:20:28.601 edge /api/events status=502 upstream=B rt_ms=77 bytes=24896
2026-03-14 03:20:30.025 edge /healthz status=502 upstream=B rt_ms=68 bytes=19783
2026-03-14 03:20:31.080 edge /healthz status=502 upstream=B rt_ms=368 bytes=19010
2026-03-14 03:20:31.429 edge /healthz status=502 upstream=B rt_ms=205 bytes=28701
2026-03-14 03:20:32.018 edge / status=502 upstream=B rt_ms=7 bytes=19795
2026-03-14 03:20:34.986 edge /static/style.css status=200 upstream=B rt_ms=332 bytes=15519
2026-03-14 03:20:35.705 edge /api/events status=502 upstream=B rt_ms=57 bytes=14856
2026-03-14 03:20:37.643 edge /api/orders status=200 upstream=B rt_ms=329 bytes=9345
2026-03-14 03:20:38.223 edge /healthz status=200 upstream=B rt_ms=297 bytes=21775
2026-03-14 03:20:39.233 edge /healthz status=500 upstream=B rt_ms=148 bytes=20200
2026-03-14 03:20:40.006 edge /api/events status=200 upstream=B rt_ms=138 bytes=37839
2026-03-14 03:20:41.642 edge /static/style.css status=502 upstream=B rt_ms=306 bytes=16441
2026-03-14 03:20:42.268 edge /api/events status=200 upstream=B rt_ms=374 bytes=41376
2026-03-14 03:20:42.767 edge /api/orders status=200 upstream=B rt_ms=109 bytes=38119
2026-03-14 03:20:43.115 edge /api/orders status=200 upstream=B rt_ms=131 bytes=28325
2026-03-14 03:20:44.024 edge /healthz status=200 upstream=B rt_ms=9 bytes=24278
2026-03-14 03:20:49.406 edge /healthz status=502 upstream=B rt_ms=138 bytes=41266
2026-03-14 03:20:51.971 edge /api/orders status=200 upstream=B rt_ms=57 bytes=10356
2026-03-14 03:20:54.151 edge /api/orders status=200 upstream=B rt_ms=391 bytes=16481
2026-03-14 03:20:55.520 edge / status=502 upstream=B rt_ms=113 bytes=24045
2026-03-14 03:20:55.968 edge /healthz status=502 upstream=B rt_ms=339 bytes=23601
2026-03-14 03:20:57.148 edge /api/events status=200 upstream=B rt_ms=348 bytes=32409
2026-03-14 03:20:57.477 edge /healthz status=502 upstream=B rt_ms=359 bytes=41633
2026-03-14 03:20:58.555 edge /api/events status=200 upstream=B rt_ms=39 bytes=21815
2026-03-14 03:20:58.749 edge /healthz status=200 upstream=B rt_ms=253 bytes=10831
2026-03-14 03:20:59.601 edge /healthz status=200 upstream=B rt_ms=344 bytes=37588
2026-03-14 03:21:01.855 edge /api/orders status=404 upstream=B rt_ms=129 bytes=36960
2026-03-14 03:21:02.813 edge /healthz status=200 upstream=B rt_ms=78 bytes=11987
2026-03-14 03:21:03.770 edge /api/orders status=502 upstream=B rt_ms=301 bytes=33003
2026-03-14 03:21:03.837 edge /api/events status=200 upstream=B rt_ms=390 bytes=18531
2026-03-14 03:21:06.750 edge /static/style.css status=502 upstream=B rt_ms=261 bytes=11072
2026-03-14 03:21:07.673 edge /static/style.css status=502 upstream=B rt_ms=104 bytes=3470
2026-03-14 03:21:08.527 edge /api/orders status=200 upstream=B rt_ms=243 bytes=16665
2026-03-14 03:21:08.846 edge /healthz status=502 upstream=B rt_ms=134 bytes=31853
2026-03-14 03:21:09.059 edge /static/style.css status=502 upstream=B rt_ms=310 bytes=19372
2026-03-14 03:21:09.568 edge /static/style.css status=200 upstream=B rt_ms=342 bytes=10735
2026-03-14 03:21:10.380 edge / status=502 upstream=B rt_ms=350 bytes=5201
2026-03-14 03:21:10.656 edge / status=200 upstream=B rt_ms=4 bytes=23055
2026-03-14 03:21:10.767 edge /api/orders status=200 upstream=B rt_ms=86 bytes=8971
2026-03-14 03:21:11.438 edge /static/style.css status=500 upstream=B rt_ms=157 bytes=39706
2026-03-14 03:21:12.965 edge /api/orders status=200 upstream=B rt_ms=216 bytes=21666
2026-03-14 03:21:14.728 edge /api/events status=500 upstream=B rt_ms=227 bytes=17364
2026-03-14 03:21:17.294 edge / status=200 upstream=B rt_ms=199 bytes=26152
2026-03-14 03:21:18.147 edge /api/orders status=200 upstream=B rt_ms=292 bytes=35618
2026-03-14 03:21:18.220 edge /healthz status=404 upstream=B rt_ms=248 bytes=7961
2026-03-14 03:21:18.625 edge / status=200 upstream=B rt_ms=312 bytes=38734
2026-03-14 03:21:18.661 edge / status=200 upstream=B rt_ms=221 bytes=37525
2026-03-14 03:21:18.898 edge /api/events status=200 upstream=B rt_ms=195 bytes=18675
2026-03-14 03:21:21.577 edge / status=502 upstream=B rt_ms=256 bytes=37582
2026-03-14 03:21:22.433 edge /static/style.css status=502 upstream=B rt_ms=74 bytes=5196
2026-03-14 03:21:25.197 edge /static/style.css status=200 upstream=B rt_ms=60 bytes=36147
2026-03-14 03:21:26.508 edge /api/orders status=200 upstream=B rt_ms=323 bytes=8732
2026-03-14 03:21:27.227 edge /static/style.css status=404 upstream=B rt_ms=216 bytes=24455
2026-03-14 03:21:28.510 edge /api/orders status=502 upstream=B rt_ms=230 bytes=11378
2026-03-14 03:21:31.030 edge /static/style.css status=502 upstream=B rt_ms=90 bytes=37611
2026-03-14 03:21:32.670 edge /static/style.css status=200 upstream=B rt_ms=92 bytes=33123
2026-03-14 03:21:33.329 edge /static/style.css status=200 upstream=B rt_ms=46 bytes=35159
2026-03-14 03:21:34.606 edge / status=502 upstream=B rt_ms=76 bytes=7282
2026-03-14 03:21:35.938 edge /api/orders status=500 upstream=B rt_ms=225 bytes=30278
2026-03-14 03:21:36.096 edge /api/orders status=200 upstream=B rt_ms=201 bytes=4642
2026-03-14 03:21:37.624 edge /api/events status=200 upstream=B rt_ms=97 bytes=35455
2026-03-14 03:21:38.838 edge /api/orders status=200 upstream=B rt_ms=263 bytes=13276
2026-03-14 03:21:39.115 edge /api/orders status=200 upstream=B rt_ms=78 bytes=29291
2026-03-14 03:21:39.689 edge /healthz status=502 upstream=B rt_ms=99 bytes=22929
2026-03-14 03:21:40.159 edge / status=500 upstream=B rt_ms=295 bytes=30282
2026-03-14 03:21:41.370 edge /api/events status=200 upstream=B rt_ms=61 bytes=24056
2026-03-14 03:21:44.047 edge /static/style.css status=502 upstream=B rt_ms=296 bytes=10880
2026-03-14 03:21:44.493 edge /static/style.css status=200 upstream=B rt_ms=287 bytes=23627
2026-03-14 03:21:45.189 edge /static/style.css status=200 upstream=B rt_ms=352 bytes=22397
2026-03-14 03:21:46.741 edge / status=502 upstream=B rt_ms=260 bytes=37607
2026-03-14 03:21:48.100 edge /api/events status=200 upstream=B rt_ms=353 bytes=1301
2026-03-14 03:21:48.178 edge /api/orders status=200 upstream=B rt_ms=84 bytes=9091
2026-03-14 03:21:48.714 edge /healthz status=502 upstream=B rt_ms=179 bytes=9462
2026-03-14 03:21:49.697 edge / status=502 upstream=B rt_ms=251 bytes=23385
2026-03-14 03:21:49.755 edge /api/events status=200 upstream=B rt_ms=241 bytes=18001
2026-03-14 03:21:49.928 edge /healthz status=404 upstream=B rt_ms=291 bytes=23584
2026-03-14 03:21:50.150 edge /static/style.css status=502 upstream=B rt_ms=399 bytes=5595
2026-03-14 03:21:50.924 edge /api/orders status=502 upstream=B rt_ms=201 bytes=34594
2026-03-14 03:21:51.841 edge / status=200 upstream=B rt_ms=151 bytes=13072
2026-03-14 03:21:53.538 edge /healthz status=502 upstream=B rt_ms=337 bytes=27108
2026-03-14 03:21:56.473 edge /api/orders status=502 upstream=B rt_ms=124 bytes=39424
2026-03-14 03:21:56.996 edge / status=200 upstream=B rt_ms=208 bytes=40467
2026-03-14 03:21:57.470 edge /static/style.css status=502 upstream=B rt_ms=211 bytes=39316
2026-03-14 03:21:57.500 edge /healthz status=502 upstream=B rt_ms=270 bytes=4987
2026-03-14 03:21:58.045 edge /api/orders status=200 upstream=B rt_ms=309 bytes=9617
2026-03-14 03:21:59.990 edge /healthz status=502 upstream=B rt_ms=378 bytes=4814
2026-03-14 03:22:01.579 edge / status=500 upstream=B rt_ms=262 bytes=4570
2026-03-14 03:22:02.926 edge /static/style.css status=502 upstream=B rt_ms=192 bytes=26080
2026-03-14 03:22:03.228 edge /api/orders status=200 upstream=B rt_ms=126 bytes=14082
2026-03-14 03:22:03.340 edge /api/orders status=502 upstream=B rt_ms=131 bytes=9523
2026-03-14 03:22:04.461 edge /healthz status=404 upstream=B rt_ms=306 bytes=11269
2026-03-14 03:22:05.670 edge / status=200 upstream=B rt_ms=136 bytes=24561
2026-03-14 03:22:05.834 edge /healthz status=200 upstream=B rt_ms=332 bytes=3700
2026-03-14 03:22:07.141 edge / status=404 upstream=B rt_ms=35 bytes=25636
2026-03-14 03:22:07.588 edge /static/style.css status=200 upstream=B rt_ms=284 bytes=41972
2026-03-14 03:22:09.398 edge / status=502 upstream=B rt_ms=308 bytes=15434
2026-03-14 03:22:10.843 edge /static/style.css status=502 upstream=B rt_ms=371 bytes=37042
2026-03-14 03:22:11.709 edge /api/orders status=502 upstream=B rt_ms=86 bytes=23597
2026-03-14 03:22:11.735 edge / status=500 upstream=B rt_ms=65 bytes=24353
2026-03-14 03:22:11.862 edge /api/orders status=502 upstream=B rt_ms=105 bytes=25212
2026-03-14 03:22:11.890 edge /healthz status=200 upstream=B rt_ms=84 bytes=13621
2026-03-14 03:22:12.097 edge /static/style.css status=502 upstream=B rt_ms=385 bytes=34069
2026-03-14 03:22:12.315 edge /api/orders status=200 upstream=B rt_ms=271 bytes=25596
2026-03-14 03:22:12.328 edge /api/events status=200 upstream=B rt_ms=278 bytes=33353
2026-03-14 03:22:12.456 edge /static/style.css status=200 upstream=B rt_ms=290 bytes=38067
2026-03-14 03:22:12.801 edge / status=200 upstream=B rt_ms=330 bytes=5394
2026-03-14 03:22:19.436 edge /static/style.css status=502 upstream=B rt_ms=78 bytes=21054
2026-03-14 03:22:20.842 edge /api/orders status=200 upstream=B rt_ms=209 bytes=30783
2026-03-14 03:22:21.228 edge /static/style.css status=200 upstream=B rt_ms=171 bytes=1426
2026-03-14 03:22:21.267 edge /static/style.css status=502 upstream=B rt_ms=299 bytes=14490
2026-03-14 03:22:21.332 edge /static/style.css status=200 upstream=B rt_ms=159 bytes=8765
2026-03-14 03:22:21.554 edge /api/orders status=200 upstream=B rt_ms=190 bytes=10306
2026-03-14 03:22:22.017 edge / status=502 upstream=B rt_ms=121 bytes=36036
2026-03-14 03:22:22.382 edge /static/style.css status=200 upstream=B rt_ms=377 bytes=25206
2026-03-14 03:22:23.934 edge /api/orders status=404 upstream=B rt_ms=46 bytes=32979
2026-03-14 03:22:24.573 edge /static/style.css status=200 upstream=B rt_ms=341 bytes=38198
2026-03-14 03:22:27.072 edge /api/events status=200 upstream=B rt_ms=170 bytes=41732
2026-03-14 03:22:27.687 edge /static/style.css status=502 upstream=B rt_ms=193 bytes=30829
2026-03-14 03:22:29.065 edge /static/style.css status=200 upstream=B rt_ms=178 bytes=29295
2026-03-14 03:22:29.834 edge / status=200 upstream=B rt_ms=146 bytes=40294
2026-03-14 03:22:29.963 edge / status=200 upstream=B rt_ms=3 bytes=15474
2026-03-14 03:22:32.836 edge /api/orders status=200 upstream=B rt_ms=241 bytes=27700
2026-03-14 03:22:33.513 edge /healthz status=502 upstream=B rt_ms=178 bytes=30159
2026-03-14 03:22:34.545 edge /api/events status=200 upstream=B rt_ms=128 bytes=15819
2026-03-14 03:22:35.080 edge /healthz status=502 upstream=B rt_ms=37 bytes=19013
2026-03-14 03:22:38.628 edge /healthz status=500 upstream=B rt_ms=92 bytes=12344
2026-03-14 03:22:41.165 edge /api/orders status=200 upstream=B rt_ms=130 bytes=40119
2026-03-14 03:22:41.509 edge /api/orders status=502 upstream=B rt_ms=333 bytes=22535
2026-03-14 03:22:42.433 edge /api/events status=200 upstream=B rt_ms=392 bytes=12469
2026-03-14 03:22:43.048 edge /static/style.css status=200 upstream=B rt_ms=101 bytes=7266
2026-03-14 03:22:43.533 edge / status=200 upstream=B rt_ms=199 bytes=32440
2026-03-14 03:22:44.107 edge /static/style.css status=404 upstream=B rt_ms=377 bytes=15736
2026-03-14 03:22:46.038 edge /static/style.css status=200 upstream=B rt_ms=223 bytes=2185
2026-03-14 03:22:46.373 edge /api/events status=502 upstream=B rt_ms=143 bytes=27366
2026-03-14 03:22:47.181 edge /healthz status=200 upstream=B rt_ms=27 bytes=14520
2026-03-14 03:22:47.492 edge / status=502 upstream=B rt_ms=107 bytes=19385
2026-03-14 03:22:51.792 edge /api/orders status=200 upstream=B rt_ms=178 bytes=24013
2026-03-14 03:22:53.350 edge /healthz status=200 upstream=B rt_ms=285 bytes=6503
2026-03-14 03:22:54.048 edge /api/orders status=502 upstream=B rt_ms=148 bytes=6136
2026-03-14 03:22:54.279 edge /healthz status=200 upstream=B rt_ms=307 bytes=21416
2026-03-14 03:22:54.824 edge /api/orders status=200 upstream=B rt_ms=74 bytes=22136
2026-03-14 03:22:54.843 edge /api/orders status=200 upstream=B rt_ms=365 bytes=17702
2026-03-14 03:22:56.794 edge /api/orders status=502 upstream=B rt_ms=91 bytes=41106
2026-03-14 03:22:57.542 edge / status=200 upstream=B rt_ms=53 bytes=41203
2026-03-14 03:22:58.825 edge /static/style.css status=200 upstream=B rt_ms=392 bytes=19850
2026-03-14 03:23:00.115 edge /static/style.css status=200 upstream=B rt_ms=339 bytes=14927
2026-03-14 03:23:01.193 edge /healthz status=502 upstream=B rt_ms=314 bytes=2472
2026-03-14 03:23:01.445 edge /api/events status=200 upstream=B rt_ms=119 bytes=26694
2026-03-14 03:23:02.243 edge /healthz status=502 upstream=B rt_ms=314 bytes=15170
2026-03-14 03:23:03.305 edge /api/events status=200 upstream=B rt_ms=159 bytes=12435
2026-03-14 03:23:03.542 edge /api/events status=200 upstream=B rt_ms=121 bytes=24565
2026-03-14 03:23:04.366 edge /healthz status=200 upstream=B rt_ms=367 bytes=32007
2026-03-14 03:23:04.426 edge /api/events status=200 upstream=B rt_ms=248 bytes=24561
2026-03-14 03:23:05.384 edge / status=200 upstream=B rt_ms=62 bytes=6776
2026-03-14 03:23:06.640 edge /healthz status=502 upstream=B rt_ms=196 bytes=15167
2026-03-14 03:23:07.078 edge /healthz status=200 upstream=B rt_ms=191 bytes=41033
2026-03-14 03:23:07.306 edge /static/style.css status=200 upstream=B rt_ms=327 bytes=22513
2026-03-14 03:23:07.356 edge /api/orders status=200 upstream=B rt_ms=296 bytes=37093
2026-03-14 03:23:07.459 edge / status=502 upstream=B rt_ms=180 bytes=21089
2026-03-14 03:23:08.110 edge /healthz status=200 upstream=B rt_ms=164 bytes=3735
2026-03-14 03:23:09.743 edge /healthz status=502 upstream=B rt_ms=120 bytes=26086
2026-03-14 03:23:09.886 edge /static/style.css status=502 upstream=B rt_ms=263 bytes=27853
2026-03-14 03:23:11.520 edge /api/orders status=502 upstream=B rt_ms=130 bytes=9530
2026-03-14 03:23:13.340 edge / status=502 upstream=B rt_ms=187 bytes=33723
2026-03-14 03:23:14.028 edge /api/events status=200 upstream=B rt_ms=305 bytes=3198
2026-03-14 03:23:14.711 edge /healthz status=502 upstream=B rt_ms=263 bytes=21891
2026-03-14 03:23:15.513 edge / status=502 upstream=B rt_ms=137 bytes=6865
2026-03-14 03:23:16.036 edge / status=200 upstream=B rt_ms=370 bytes=14271
2026-03-14 03:23:16.924 edge /api/events status=200 upstream=B rt_ms=74 bytes=9156
2026-03-14 03:23:16.956 edge /healthz status=200 upstream=B rt_ms=288 bytes=30672
2026-03-14 03:23:17.242 edge /api/events status=502 upstream=B rt_ms=177 bytes=29694
2026-03-14 03:23:18.121 edge /api/orders status=200 upstream=B rt_ms=15 bytes=5981
2026-03-14 03:23:19.004 edge /static/style.css status=502 upstream=B rt_ms=239 bytes=38198
2026-03-14 03:23:19.159 edge /api/events status=200 upstream=B rt_ms=287 bytes=16695
2026-03-14 03:23:21.047 edge /api/orders status=200 upstream=B rt_ms=372 bytes=33009
2026-03-14 03:23:21.750 edge /static/style.css status=200 upstream=B rt_ms=235 bytes=6744
2026-03-14 03:23:26.246 edge / status=200 upstream=B rt_ms=168 bytes=23962
2026-03-14 03:23:26.440 edge /healthz status=502 upstream=B rt_ms=5 bytes=38225
2026-03-14 03:23:26.708 edge / status=502 upstream=B rt_ms=61 bytes=3069
2026-03-14 03:23:26.855 edge /api/events status=200 upstream=B rt_ms=14 bytes=6652
2026-03-14 03:23:29.101 edge /api/orders status=502 upstream=B rt_ms=306 bytes=9997
2026-03-14 03:23:29.154 edge /api/events status=200 upstream=B rt_ms=394 bytes=37355
2026-03-14 03:23:29.192 edge /api/orders status=502 upstream=B rt_ms=57 bytes=26394
2026-03-14 03:23:29.652 edge /api/events status=200 upstream=B rt_ms=77 bytes=40672
2026-03-14 03:23:30.712 edge /healthz status=404 upstream=B rt_ms=220 bytes=21790
2026-03-14 03:23:31.645 edge / status=502 upstream=B rt_ms=362 bytes=11985
2026-03-14 03:23:31.950 edge /api/orders status=502 upstream=B rt_ms=77 bytes=33142
2026-03-14 03:23:34.111 edge /api/events status=502 upstream=B rt_ms=174 bytes=37832
2026-03-14 03:23:34.488 edge / status=200 upstream=B rt_ms=71 bytes=39612
2026-03-14 03:23:37.485 edge /static/style.css status=502 upstream=B rt_ms=162 bytes=24551
2026-03-14 03:23:37.723 edge /api/orders status=200 upstream=B rt_ms=310 bytes=11345
2026-03-14 03:23:37.870 edge / status=200 upstream=B rt_ms=157 bytes=19452
2026-03-14 03:23:41.492 edge /static/style.css status=200 upstream=B rt_ms=240 bytes=6334
2026-03-14 03:23:41.806 edge /api/events status=200 upstream=B rt_ms=312 bytes=7760
2026-03-14 03:23:42.154 edge /healthz status=200 upstream=B rt_ms=273 bytes=39128
2026-03-14 03:23:43.042 edge / status=200 upstream=B rt_ms=6 bytes=30984
2026-03-14 03:23:44.050 edge /api/events status=200 upstream=B rt_ms=225 bytes=28483
2026-03-14 03:23:45.161 edge /healthz status=502 upstream=B rt_ms=282 bytes=36715
2026-03-14 03:23:45.361 edge /static/style.css status=502 upstream=B rt_ms=387 bytes=14952
2026-03-14 03:23:48.289 edge /static/style.css status=200 upstream=B rt_ms=19 bytes=26617
2026-03-14 03:23:48.500 edge /api/events status=200 upstream=B rt_ms=317 bytes=5135
2026-03-14 03:23:50.866 edge /api/orders status=200 upstream=B rt_ms=17 bytes=20115
2026-03-14 03:23:52.937 edge /healthz status=200 upstream=B rt_ms=346 bytes=9582
2026-03-14 03:23:54.242 edge /api/orders status=200 upstream=B rt_ms=311 bytes=24413
2026-03-14 03:23:57.341 edge /api/orders status=200 upstream=B rt_ms=287 bytes=33359
2026-03-14 03:23:57.735 edge /api/events status=502 upstream=B rt_ms=198 bytes=39653
2026-03-14 03:23:59.395 edge / status=500 upstream=B rt_ms=6 bytes=3507
2026-03-14 03:23:59.490 edge / status=502 upstream=B rt_ms=218 bytes=11826
2026-03-14 03:24:00.810 edge /api/events status=502 upstream=B rt_ms=64 bytes=16195
2026-03-14 03:24:01.564 edge /api/events status=502 upstream=B rt_ms=364 bytes=27093
2026-03-14 03:24:02.834 edge /api/events status=200 upstream=B rt_ms=307 bytes=6098
2026-03-14 03:24:02.839 edge / status=200 upstream=B rt_ms=181 bytes=30033
2026-03-14 03:24:02.879 edge /api/orders status=200 upstream=B rt_ms=223 bytes=19130
2026-03-14 03:24:02.890 edge / status=200 upstream=B rt_ms=154 bytes=24913
2026-03-14 03:24:07.311 edge /api/orders status=500 upstream=B rt_ms=95 bytes=17706
2026-03-14 03:24:08.488 edge /api/orders status=200 upstream=B rt_ms=222 bytes=16949
2026-03-14 03:24:10.596 edge /static/style.css status=404 upstream=B rt_ms=81 bytes=25838
2026-03-14 03:24:11.601 edge / status=200 upstream=B rt_ms=366 bytes=35861
2026-03-14 03:24:11.838 edge / status=200 upstream=B rt_ms=305 bytes=41086
2026-03-14 03:24:13.418 edge / status=200 upstream=B rt_ms=350 bytes=38466
2026-03-14 03:24:14.219 edge /healthz status=404 upstream=B rt_ms=46 bytes=30331
2026-03-14 03:24:14.788 edge /api/events status=200 upstream=B rt_ms=193 bytes=10585
2026-03-14 03:24:15.269 edge /api/orders status=502 upstream=B rt_ms=114 bytes=8748
2026-03-14 03:24:17.088 edge /healthz status=502 upstream=B rt_ms=385 bytes=11246
2026-03-14 03:24:18.407 edge /api/events status=502 upstream=B rt_ms=309 bytes=28266
2026-03-14 03:24:19.187 edge / status=200 upstream=B rt_ms=190 bytes=5106
2026-03-14 03:24:19.292 edge /static/style.css status=200 upstream=B rt_ms=346 bytes=2623
2026-03-14 03:24:19.377 edge / status=200 upstream=B rt_ms=314 bytes=19197
2026-03-14 03:24:20.840 edge /healthz status=502 upstream=B rt_ms=13 bytes=22765
2026-03-14 03:24:21.678 edge / status=200 upstream=B rt_ms=358 bytes=27347
2026-03-14 03:24:21.778 edge /static/style.css status=502 upstream=B rt_ms=47 bytes=21668
2026-03-14 03:24:22.341 edge /healthz status=500 upstream=B rt_ms=139 bytes=8190
2026-03-14 03:24:22.547 edge /static/style.css status=200 upstream=B rt_ms=167 bytes=29153
2026-03-14 03:24:22.729 edge /static/style.css status=502 upstream=B rt_ms=79 bytes=5982
2026-03-14 03:24:23.212 edge /api/orders status=200 upstream=B rt_ms=215 bytes=16860
2026-03-14 03:24:23.781 edge / status=502 upstream=B rt_ms=397 bytes=12210
2026-03-14 03:24:24.589 edge / status=502 upstream=B rt_ms=204 bytes=22873
2026-03-14 03:24:25.193 edge /api/events status=502 upstream=B rt_ms=348 bytes=22850
2026-03-14 03:24:25.270 edge /static/style.css status=502 upstream=B rt_ms=364 bytes=18932
2026-03-14 03:24:25.887 edge /api/orders status=502 upstream=B rt_ms=73 bytes=30178
2026-03-14 03:24:26.176 edge /api/orders status=200 upstream=B rt_ms=62 bytes=1322
2026-03-14 03:24:26.543 edge /healthz status=404 upstream=B rt_ms=82 bytes=34609
2026-03-14 03:24:26.729 edge /api/events status=200 upstream=B rt_ms=376 bytes=13919
2026-03-14 03:24:27.015 edge /healthz status=200 upstream=B rt_ms=78 bytes=1365
2026-03-14 03:24:28.091 edge /api/orders status=200 upstream=B rt_ms=282 bytes=26007
2026-03-14 03:24:29.363 edge / status=200 upstream=B rt_ms=114 bytes=14220
2026-03-14 03:24:30.553 edge /healthz status=502 upstream=B rt_ms=112 bytes=30438
2026-03-14 03:24:30.690 edge /static/style.css status=404 upstream=B rt_ms=328 bytes=12193
2026-03-14 03:24:33.908 edge /api/orders status=502 upstream=B rt_ms=11 bytes=20092
2026-03-14 03:24:37.272 edge /static/style.css status=200 upstream=B rt_ms=343 bytes=19462
2026-03-14 03:24:38.250 edge /healthz status=200 upstream=B rt_ms=48 bytes=16602
2026-03-14 03:24:39.042 edge /api/orders status=200 upstream=B rt_ms=257 bytes=31382
2026-03-14 03:24:40.430 edge /api/events status=200 upstream=B rt_ms=139 bytes=30263
2026-03-14 03:24:40.916 edge /api/events status=502 upstream=B rt_ms=242 bytes=9168
2026-03-14 03:24:41.023 edge / status=502 upstream=B rt_ms=313 bytes=13724
2026-03-14 03:24:43.332 edge /api/orders status=502 upstream=B rt_ms=157 bytes=38713
2026-03-14 03:24:43.402 edge /api/events status=200 upstream=B rt_ms=313 bytes=16640
2026-03-14 03:24:43.855 edge /healthz status=200 upstream=B rt_ms=13 bytes=30123
2026-03-14 03:24:44.622 edge /api/orders status=200 upstream=B rt_ms=76 bytes=14144
2026-03-14 03:24:48.848 edge /api/orders status=200 upstream=B rt_ms=81 bytes=19820
2026-03-14 03:24:50.837 edge /healthz status=404 upstream=B rt_ms=388 bytes=30648
2026-03-14 03:24:52.746 edge /healthz status=200 upstream=B rt_ms=312 bytes=11835
2026-03-14 03:24:53.097 edge /healthz status=502 upstream=B rt_ms=372 bytes=17774
2026-03-14 03:24:54.905 edge /api/events status=200 upstream=B rt_ms=113 bytes=23885
2026-03-14 03:24:54.981 edge /static/style.css status=500 upstream=B rt_ms=159 bytes=10574
2026-03-14 03:24:57.928 edge /api/orders status=502 upstream=B rt_ms=397 bytes=14266
2026-03-14 03:24:59.042 edge /api/events status=502 upstream=B rt_ms=398 bytes=6309
2026-03-14 03:25:00.922 edge / status=200 upstream=B rt_ms=221 bytes=21235
2026-03-14 03:25:01.863 edge / status=200 upstream=B rt_ms=206 bytes=10340
2026-03-14 03:25:02.089 edge / status=200 upstream=B rt_ms=88 bytes=29986
2026-03-14 03:25:04.390 edge /api/orders status=502 upstream=B rt_ms=302 bytes=443
2026-03-14 03:25:06.375 edge /static/style.css status=200 upstream=B rt_ms=237 bytes=1333
2026-03-14 03:25:06.716 edge /healthz status=502 upstream=B rt_ms=346 bytes=36465
2026-03-14 03:25:07.101 edge /api/orders status=404 upstream=B rt_ms=97 bytes=10307
2026-03-14 03:25:07.754 edge /api/orders status=200 upstream=B rt_ms=381 bytes=36414
2026-03-14 03:25:08.214 edge / status=502 upstream=B rt_ms=181 bytes=19740
2026-03-14 03:25:09.505 edge /static/style.css status=200 upstream=B rt_ms=151 bytes=14400
2026-03-14 03:25:11.359 edge /static/style.css status=200 upstream=B rt_ms=310 bytes=7837
2026-03-14 03:25:11.417 edge /api/events status=200 upstream=B rt_ms=327 bytes=25671
2026-03-14 03:25:14.879 edge /static/style.css status=500 upstream=B rt_ms=91 bytes=21055
2026-03-14 03:25:15.240 edge /api/orders status=502 upstream=B rt_ms=11 bytes=8037
2026-03-14 03:25:16.417 edge /api/events status=200 upstream=B rt_ms=109 bytes=37697
2026-03-14 03:25:16.420 edge /api/events status=502 upstream=B rt_ms=88 bytes=22802
2026-03-14 03:25:17.141 edge /api/orders status=200 upstream=B rt_ms=280 bytes=7241
2026-03-14 03:25:17.199 edge / status=200 upstream=B rt_ms=166 bytes=1437
2026-03-14 03:25:17.520 edge /api/orders status=502 upstream=B rt_ms=5 bytes=14736
2026-03-14 03:25:17.832 edge / status=200 upstream=B rt_ms=11 bytes=20001
2026-03-14 03:25:18.693 edge /api/orders status=200 upstream=B rt_ms=10 bytes=22555
2026-03-14 03:25:19.265 edge /static/style.css status=200 upstream=B rt_ms=166 bytes=20805
2026-03-14 03:25:19.918 edge /api/events status=200 upstream=B rt_ms=28 bytes=34059
2026-03-14 03:25:21.216 edge / status=502 upstream=B rt_ms=369 bytes=24575
2026-03-14 03:25:22.675 edge /static/style.css status=200 upstream=B rt_ms=285 bytes=32354
2026-03-14 03:25:26.055 edge /static/style.css status=200 upstream=B rt_ms=314 bytes=3072
2026-03-14 03:25:26.088 edge /api/events status=200 upstream=B rt_ms=183 bytes=3501
2026-03-14 03:25:26.539 edge / status=200 upstream=B rt_ms=60 bytes=34377
2026-03-14 03:25:28.430 edge /static/style.css status=502 upstream=B rt_ms=156 bytes=36639
2026-03-14 03:25:31.755 edge /healthz status=404 upstream=B rt_ms=133 bytes=41413
2026-03-14 03:25:31.821 edge /api/events status=502 upstream=B rt_ms=115 bytes=38146
2026-03-14 03:25:32.900 edge /api/orders status=200 upstream=B rt_ms=198 bytes=18796
2026-03-14 03:25:33.005 edge /api/orders status=200 upstream=B rt_ms=157 bytes=12242
2026-03-14 03:25:34.081 edge /static/style.css status=200 upstream=B rt_ms=349 bytes=15257
2026-03-14 03:25:39.103 edge /healthz status=200 upstream=B rt_ms=51 bytes=4501
2026-03-14 03:25:39.927 edge /healthz status=502 upstream=B rt_ms=122 bytes=5026
2026-03-14 03:25:41.961 edge /api/orders status=502 upstream=B rt_ms=23 bytes=14136
2026-03-14 03:25:42.495 edge /api/events status=200 upstream=B rt_ms=223 bytes=9029
2026-03-14 03:25:42.506 edge /api/orders status=200 upstream=B rt_ms=216 bytes=33452
2026-03-14 03:25:45.371 edge /static/style.css status=502 upstream=B rt_ms=161 bytes=16571
2026-03-14 03:25:45.885 edge /api/events status=200 upstream=B rt_ms=279 bytes=10853
2026-03-14 03:25:46.183 edge /healthz status=502 upstream=B rt_ms=28 bytes=22751
2026-03-14 03:25:50.256 edge /api/orders status=500 upstream=B rt_ms=55 bytes=29120
2026-03-14 03:25:50.455 edge /static/style.css status=502 upstream=B rt_ms=116 bytes=6391
2026-03-14 03:25:50.886 edge /static/style.css status=200 upstream=B rt_ms=74 bytes=3349
2026-03-14 03:25:54.311 edge / status=200 upstream=B rt_ms=364 bytes=17277
2026-03-14 03:25:58.911 edge /static/style.css status=200 upstream=B rt_ms=228 bytes=15558
2026-03-14 03:26:04.194 edge /static/style.css status=502 upstream=B rt_ms=356 bytes=14374
2026-03-14 03:26:04.680 edge /healthz status=502 upstream=B rt_ms=346 bytes=27263
2026-03-14 03:26:05.054 edge / status=200 upstream=B rt_ms=127 bytes=14393
2026-03-14 03:26:07.388 edge /api/orders status=200 upstream=B rt_ms=25 bytes=29934
2026-03-14 03:26:07.589 edge /static/style.css status=200 upstream=B rt_ms=115 bytes=15376
2026-03-14 03:26:07.752 edge /api/events status=502 upstream=B rt_ms=79 bytes=4500
2026-03-14 03:26:08.919 edge / status=200 upstream=B rt_ms=65 bytes=21878
2026-03-14 03:26:20.746 edge /api/events status=200 upstream=B rt_ms=118 bytes=1138
2026-03-14 03:26:21.079 edge /api/events status=200 upstream=B rt_ms=58 bytes=34999
2026-03-14 03:26:26.621 edge /api/events status=500 upstream=B rt_ms=215 bytes=16644
2026-03-14 03:26:26.773 edge / status=200 upstream=B rt_ms=12 bytes=2868
2026-03-14 03:26:27.213 edge /static/style.css status=200 upstream=B rt_ms=210 bytes=11763
2026-03-14 03:26:28.129 edge /api/events status=200 upstream=B rt_ms=194 bytes=29081
2026-03-14 03:26:29.033 edge / status=200 upstream=B rt_ms=188 bytes=21625
2026-03-14 03:26:30.243 edge /static/style.css status=502 upstream=B rt_ms=13 bytes=15062
2026-03-14 03:26:30.803 edge /healthz status=502 upstream=B rt_ms=285 bytes=18867
2026-03-14 03:26:31.355 edge / status=200 upstream=B rt_ms=136 bytes=11968
2026-03-14 03:26:31.792 edge /static/style.css status=200 upstream=B rt_ms=113 bytes=10660
2026-03-14 03:26:32.765 edge /api/orders status=404 upstream=B rt_ms=193 bytes=23391
2026-03-14 03:26:33.587 edge /static/style.css status=500 upstream=B rt_ms=386 bytes=27748
2026-03-14 03:26:35.410 edge /api/orders status=200 upstream=B rt_ms=204 bytes=29897
2026-03-14 03:26:35.661 edge /api/orders status=502 upstream=B rt_ms=98 bytes=1655
2026-03-14 03:26:37.123 edge /static/style.css status=200 upstream=B rt_ms=122 bytes=35297
2026-03-14 03:26:37.375 edge /static/style.css status=200 upstream=B rt_ms=396 bytes=6667
2026-03-14 03:26:39.887 edge /api/orders status=200 upstream=B rt_ms=182 bytes=24986
2026-03-14 03:26:41.987 edge /api/events status=500 upstream=B rt_ms=219 bytes=2173
2026-03-14 03:26:42.971 edge /api/orders status=200 upstream=B rt_ms=277 bytes=27153
2026-03-14 03:26:43.556 edge /static/style.css status=200 upstream=B rt_ms=260 bytes=18615
2026-03-14 03:26:44.706 edge / status=502 upstream=B rt_ms=8 bytes=33433
2026-03-14 03:26:45.829 edge /api/events status=502 upstream=B rt_ms=322 bytes=34408
2026-03-14 03:26:47.622 edge /api/orders status=200 upstream=B rt_ms=193 bytes=40451
2026-03-14 03:26:50.017 edge /api/orders status=502 upstream=B rt_ms=96 bytes=11175
2026-03-14 03:26:50.068 edge /api/orders status=200 upstream=B rt_ms=336 bytes=41198
2026-03-14 03:26:50.135 edge /api/events status=200 upstream=B rt_ms=331 bytes=10526
2026-03-14 03:26:51.506 edge /api/events status=200 upstream=B rt_ms=94 bytes=41540
2026-03-14 03:26:52.226 edge /api/orders status=200 upstream=B rt_ms=113 bytes=10598
2026-03-14 03:26:52.368 edge /static/style.css status=200 upstream=B rt_ms=126 bytes=26390
2026-03-14 03:26:52.919 edge /api/orders status=502 upstream=B rt_ms=238 bytes=36913
2026-03-14 03:26:53.162 edge /api/events status=502 upstream=B rt_ms=179 bytes=1695
2026-03-14 03:26:53.489 edge /static/style.css status=200 upstream=B rt_ms=172 bytes=7170
2026-03-14 03:26:54.976 edge /healthz status=404 upstream=B rt_ms=40 bytes=36644
2026-03-14 03:26:57.717 edge /api/orders status=200 upstream=B rt_ms=6 bytes=2716
2026-03-14 03:26:58.939 edge /static/style.css status=200 upstream=B rt_ms=373 bytes=40981
2026-03-14 03:26:59.806 edge /static/style.css status=502 upstream=B rt_ms=271 bytes=36289
2026-03-14 03:27:01.183 edge /static/style.css status=502 upstream=B rt_ms=241 bytes=437
2026-03-14 03:27:02.463 edge / status=502 upstream=B rt_ms=106 bytes=7652
2026-03-14 03:27:05.079 edge /api/events status=502 upstream=B rt_ms=337 bytes=12944
2026-03-14 03:27:05.619 edge / status=502 upstream=B rt_ms=306 bytes=7060
2026-03-14 03:27:05.733 edge / status=500 upstream=B rt_ms=73 bytes=14392
2026-03-14 03:27:06.119 edge / status=500 upstream=B rt_ms=329 bytes=39710
2026-03-14 03:27:06.643 edge /api/events status=200 upstream=B rt_ms=390 bytes=28999
2026-03-14 03:27:07.158 edge /api/events status=200 upstream=B rt_ms=267 bytes=22198
2026-03-14 03:27:07.999 edge /api/orders status=502 upstream=B rt_ms=337 bytes=18880
2026-03-14 03:27:08.342 edge /api/events status=200 upstream=B rt_ms=5 bytes=14525
2026-03-14 03:27:14.465 edge /api/events status=200 upstream=B rt_ms=221 bytes=12737
2026-03-14 03:27:15.351 edge / status=502 upstream=B rt_ms=119 bytes=37780
2026-03-14 03:27:18.603 edge /static/style.css status=200 upstream=B rt_ms=156 bytes=34674
2026-03-14 03:27:18.737 edge / status=200 upstream=B rt_ms=217 bytes=20581
2026-03-14 03:27:19.241 edge /healthz status=502 upstream=B rt_ms=108 bytes=21004
2026-03-14 03:27:20.069 edge / status=200 upstream=B rt_ms=109 bytes=15347
2026-03-14 03:27:22.679 edge /api/orders status=200 upstream=B rt_ms=161 bytes=36345
2026-03-14 03:27:23.223 edge /api/orders status=200 upstream=B rt_ms=204 bytes=36989
2026-03-14 03:27:23.907 edge /api/events status=502 upstream=B rt_ms=208 bytes=24790
2026-03-14 03:27:24.256 edge /static/style.css status=502 upstream=B rt_ms=325 bytes=9677
2026-03-14 03:27:24.274 edge /healthz status=502 upstream=B rt_ms=272 bytes=25708
2026-03-14 03:27:24.796 edge /api/events status=200 upstream=B rt_ms=165 bytes=39723
2026-03-14 03:27:25.274 edge /api/events status=404 upstream=B rt_ms=26 bytes=24326
2026-03-14 03:27:25.815 edge /api/events status=200 upstream=B rt_ms=35 bytes=28634
2026-03-14 03:27:30.724 edge / status=200 upstream=B rt_ms=116 bytes=15615
2026-03-14 03:27:31.120 edge /api/orders status=502 upstream=B rt_ms=369 bytes=30084
2026-03-14 03:27:32.077 edge /api/orders status=502 upstream=B rt_ms=85 bytes=13718
2026-03-14 03:27:32.572 edge /api/events status=200 upstream=B rt_ms=5 bytes=29121
2026-03-14 03:27:32.839 edge /api/events status=502 upstream=B rt_ms=212 bytes=39817
2026-03-14 03:27:32.993 edge /healthz status=200 upstream=B rt_ms=224 bytes=11174
2026-03-14 03:27:33.046 edge / status=502 upstream=B rt_ms=368 bytes=17717
2026-03-14 03:27:34.392 edge /healthz status=200 upstream=B rt_ms=297 bytes=24148
2026-03-14 03:27:34.422 edge /api/orders status=200 upstream=B rt_ms=338 bytes=14515
2026-03-14 03:27:36.737 edge /api/events status=200 upstream=B rt_ms=41 bytes=21520
2026-03-14 03:27:39.722 edge /healthz status=200 upstream=B rt_ms=339 bytes=28889
2026-03-14 03:27:40.703 edge /api/events status=200 upstream=B rt_ms=376 bytes=14989
2026-03-14 03:27:40.923 edge / status=200 upstream=B rt_ms=132 bytes=24238
2026-03-14 03:27:41.740 edge / status=502 upstream=B rt_ms=83 bytes=25376
2026-03-14 03:27:42.312 edge /api/orders status=200 upstream=B rt_ms=395 bytes=31553
2026-03-14 03:27:42.358 edge / status=502 upstream=B rt_ms=341 bytes=25003
2026-03-14 03:27:42.445 edge /static/style.css status=200 upstream=B rt_ms=40 bytes=419
2026-03-14 03:27:42.969 edge / status=502 upstream=B rt_ms=362 bytes=29999
2026-03-14 03:27:43.003 edge /api/orders status=200 upstream=B rt_ms=221 bytes=30005
2026-03-14 03:27:43.624 edge /api/events status=502 upstream=B rt_ms=53 bytes=40750
2026-03-14 03:27:44.804 edge /static/style.css status=200 upstream=B rt_ms=247 bytes=1341
2026-03-14 03:27:46.378 edge /static/style.css status=502 upstream=B rt_ms=328 bytes=38009
2026-03-14 03:27:47.147 edge /healthz status=200 upstream=B rt_ms=67 bytes=25803
2026-03-14 03:27:48.640 edge /api/events status=500 upstream=B rt_ms=89 bytes=30611
2026-03-14 03:27:50.050 edge /static/style.css status=200 upstream=B rt_ms=304 bytes=30173
2026-03-14 03:27:50.294 edge /api/orders status=404 upstream=B rt_ms=252 bytes=5260
2026-03-14 03:27:50.367 edge / status=404 upstream=B rt_ms=172 bytes=22382
2026-03-14 03:27:50.562 edge /api/orders status=200 upstream=B rt_ms=215 bytes=25641
2026-03-14 03:27:51.365 edge /api/events status=502 upstream=B rt_ms=92 bytes=17018
2026-03-14 03:27:52.086 edge /api/orders status=200 upstream=B rt_ms=263 bytes=40886
2026-03-14 03:27:53.380 edge / status=200 upstream=B rt_ms=374 bytes=37988
2026-03-14 03:27:54.979 edge /api/events status=502 upstream=B rt_ms=145 bytes=26485
2026-03-14 03:27:57.462 edge /api/orders status=502 upstream=B rt_ms=53 bytes=28610
2026-03-14 03:27:58.751 edge /api/events status=500 upstream=B rt_ms=253 bytes=24765
2026-03-14 03:27:59.155 edge /healthz status=200 upstream=B rt_ms=280 bytes=1831
2026-03-14 03:27:59.265 edge / status=200 upstream=B rt_ms=96 bytes=10640
2026-03-14 03:28:02.625 edge /api/orders status=502 upstream=B rt_ms=254 bytes=31212
2026-03-14 03:28:03.354 edge /static/style.css status=200 upstream=B rt_ms=58 bytes=4403
2026-03-14 03:28:03.660 edge /healthz status=200 upstream=B rt_ms=222 bytes=18716
2026-03-14 03:28:05.200 edge /static/style.css status=200 upstream=B rt_ms=304 bytes=3050
2026-03-14 03:28:05.843 edge /healthz status=200 upstream=B rt_ms=261 bytes=3949
2026-03-14 03:28:06.824 edge /api/events status=502 upstream=B rt_ms=184 bytes=5898
2026-03-14 03:28:07.592 edge / status=200 upstream=B rt_ms=26 bytes=11550
2026-03-14 03:28:07.633 edge /api/events status=200 upstream=B rt_ms=26 bytes=27910
2026-03-14 03:28:08.849 edge /api/events status=200 upstream=B rt_ms=266 bytes=39720
2026-03-14 03:28:11.629 edge /api/orders status=200 upstream=B rt_ms=276 bytes=20220
2026-03-14 03:28:13.438 edge /api/events status=200 upstream=B rt_ms=331 bytes=2489
2026-03-14 03:28:14.799 edge / status=200 upstream=B rt_ms=392 bytes=27739
2026-03-14 03:28:14.850 edge /api/events status=404 upstream=B rt_ms=74 bytes=37084
2026-03-14 03:28:15.924 edge /api/orders status=200 upstream=B rt_ms=338 bytes=38791
2026-03-14 03:28:16.037 edge /static/style.css status=502 upstream=B rt_ms=393 bytes=37600
2026-03-14 03:28:18.434 edge /healthz status=404 upstream=B rt_ms=290 bytes=12717
2026-03-14 03:28:21.862 edge /healthz status=200 upstream=B rt_ms=249 bytes=28474
2026-03-14 03:28:21.972 edge /api/orders status=200 upstream=B rt_ms=238 bytes=15985
2026-03-14 03:28:22.874 edge /healthz status=200 upstream=B rt_ms=302 bytes=9274
2026-03-14 03:28:23.205 edge / status=200 upstream=B rt_ms=330 bytes=41138
2026-03-14 03:28:23.561 edge /healthz status=200 upstream=B rt_ms=124 bytes=18664
2026-03-14 03:28:24.043 edge /api/orders status=502 upstream=B rt_ms=312 bytes=4305
2026-03-14 03:28:24.388 edge /api/orders status=200 upstream=B rt_ms=277 bytes=8336
2026-03-14 03:28:24.968 edge /api/orders status=200 upstream=B rt_ms=68 bytes=10080
2026-03-14 03:28:25.575 edge /static/style.css status=502 upstream=B rt_ms=374 bytes=10899
2026-03-14 03:28:29.315 edge /api/events status=502 upstream=B rt_ms=129 bytes=8598
2026-03-14 03:28:30.122 edge /api/orders status=502 upstream=B rt_ms=3 bytes=11339
2026-03-14 03:28:30.539 edge /api/orders status=502 upstream=B rt_ms=267 bytes=16463
2026-03-14 03:28:30.900 edge /api/events status=200 upstream=B rt_ms=19 bytes=9262
2026-03-14 03:28:31.620 edge /healthz status=200 upstream=B rt_ms=3 bytes=32924
2026-03-14 03:28:33.799 edge /api/events status=200 upstream=B rt_ms=267 bytes=3020
2026-03-14 03:28:33.834 edge /static/style.css status=200 upstream=B rt_ms=171 bytes=6156
2026-03-14 03:28:34.254 edge / status=502 upstream=B rt_ms=76 bytes=37965
2026-03-14 03:28:34.447 edge /api/orders status=502 upstream=B rt_ms=320 bytes=22371
2026-03-14 03:28:34.565 edge /static/style.css status=200 upstream=B rt_ms=261 bytes=11265
2026-03-14 03:28:35.251 edge / status=200 upstream=B rt_ms=267 bytes=37555
2026-03-14 03:28:35.965 edge /static/style.css status=200 upstream=B rt_ms=323 bytes=31352
2026-03-14 03:28:36.039 edge /static/style.css status=502 upstream=B rt_ms=167 bytes=7505
2026-03-14 03:28:36.140 edge /api/orders status=502 upstream=B rt_ms=325 bytes=8669
2026-03-14 03:28:36.566 edge /api/events status=200 upstream=B rt_ms=317 bytes=4300
2026-03-14 03:28:37.522 edge /api/orders status=200 upstream=B rt_ms=318 bytes=465
2026-03-14 03:28:39.748 edge /api/events status=200 upstream=B rt_ms=114 bytes=6170
2026-03-14 03:28:42.003 edge /api/orders status=502 upstream=B rt_ms=39 bytes=22807
2026-03-14 03:28:42.164 edge /api/orders status=200 upstream=B rt_ms=161 bytes=15628
2026-03-14 03:28:44.289 edge / status=500 upstream=B rt_ms=303 bytes=32387
2026-03-14 03:28:45.348 edge /static/style.css status=502 upstream=B rt_ms=157 bytes=23148
2026-03-14 03:28:45.741 edge /api/orders status=200 upstream=B rt_ms=131 bytes=17077
2026-03-14 03:28:45.945 edge /static/style.css status=404 upstream=B rt_ms=387 bytes=41048
2026-03-14 03:28:46.389 edge / status=200 upstream=B rt_ms=379 bytes=24054
2026-03-14 03:28:46.434 edge /healthz status=200 upstream=B rt_ms=355 bytes=5024
2026-03-14 03:28:46.638 edge / status=200 upstream=B rt_ms=164 bytes=33302
2026-03-14 03:28:47.029 edge /api/events status=502 upstream=B rt_ms=286 bytes=2055
2026-03-14 03:28:49.665 edge / status=502 upstream=B rt_ms=147 bytes=26059
2026-03-14 03:28:50.427 edge / status=200 upstream=B rt_ms=182 bytes=14303
2026-03-14 03:28:50.560 edge /api/events status=404 upstream=B rt_ms=373 bytes=18970
2026-03-14 03:28:51.949 edge /static/style.css status=502 upstream=B rt_ms=120 bytes=33690
2026-03-14 03:28:52.420 edge /static/style.css status=200 upstream=B rt_ms=290 bytes=1611
2026-03-14 03:28:52.550 edge / status=200 upstream=B rt_ms=69 bytes=28279
2026-03-14 03:28:52.962 edge /healthz status=200 upstream=B rt_ms=22 bytes=38373
2026-03-14 03:28:53.835 edge / status=200 upstream=B rt_ms=25 bytes=228
2026-03-14 03:28:57.980 edge / status=200 upstream=B rt_ms=174 bytes=5090
2026-03-14 03:28:57.994 edge /static/style.css status=200 upstream=B rt_ms=219 bytes=18550
2026-03-14 03:28:58.901 edge /static/style.css status=502 upstream=B rt_ms=120 bytes=26940
2026-03-14 03:29:01.039 edge /api/orders status=200 upstream=B rt_ms=321 bytes=12481
2026-03-14 03:29:04.415 edge / status=200 upstream=B rt_ms=146 bytes=34611
2026-03-14 03:29:05.297 edge /api/orders status=200 upstream=B rt_ms=129 bytes=3627
2026-03-14 03:29:06.338 edge /healthz status=200 upstream=B rt_ms=96 bytes=21918
2026-03-14 03:29:07.425 edge /healthz status=200 upstream=B rt_ms=245 bytes=30873
2026-03-14 03:29:07.622 edge /healthz status=502 upstream=B rt_ms=57 bytes=20878
2026-03-14 03:29:08.151 edge /api/events status=404 upstream=B rt_ms=35 bytes=40847
2026-03-14 03:29:09.376 edge /api/events status=200 upstream=B rt_ms=107 bytes=28892
2026-03-14 03:29:11.548 edge /api/events status=200 upstream=B rt_ms=107 bytes=10079
2026-03-14 03:29:12.888 edge /static/style.css status=502 upstream=B rt_ms=87 bytes=22524
2026-03-14 03:29:13.234 edge / status=200 upstream=B rt_ms=212 bytes=16436
2026-03-14 03:29:15.062 edge /api/orders status=200 upstream=B rt_ms=26 bytes=885
2026-03-14 03:29:18.885 edge /static/style.css status=502 upstream=B rt_ms=377 bytes=25672
2026-03-14 03:29:19.268 edge /static/style.css status=502 upstream=B rt_ms=80 bytes=23282
2026-03-14 03:29:19.603 edge /api/orders status=200 upstream=B rt_ms=369 bytes=8538
2026-03-14 03:29:20.639 edge /api/events status=200 upstream=B rt_ms=245 bytes=28652
2026-03-14 03:29:21.758 edge /static/style.css status=200 upstream=B rt_ms=166 bytes=19619
2026-03-14 03:29:23.959 edge / status=502 upstream=B rt_ms=358 bytes=34352
2026-03-14 03:29:24.890 edge /api/events status=502 upstream=B rt_ms=322 bytes=10502
2026-03-14 03:29:27.373 edge /api/events status=502 upstream=B rt_ms=121 bytes=28442
2026-03-14 03:29:28.725 edge / status=200 upstream=B rt_ms=344 bytes=40900
2026-03-14 03:29:31.296 edge /api/orders status=200 upstream=B rt_ms=354 bytes=30502
2026-03-14 03:29:35.072 edge /healthz status=200 upstream=B rt_ms=133 bytes=32077
2026-03-14 03:29:36.060 edge /healthz status=502 upstream=B rt_ms=43 bytes=17616
2026-03-14 03:29:38.835 edge /api/events status=200 upstream=B rt_ms=140 bytes=21074
2026-03-14 03:29:38.900 edge /static/style.css status=200 upstream=B rt_ms=374 bytes=40894
2026-03-14 03:29:39.761 edge /api/events status=502 upstream=B rt_ms=308 bytes=9148
2026-03-14 03:29:40.940 edge /api/events status=502 upstream=B rt_ms=318 bytes=13972
2026-03-14 03:29:43.726 edge / status=502 upstream=B rt_ms=14 bytes=6468
2026-03-14 03:29:44.515 edge /api/events status=200 upstream=B rt_ms=159 bytes=32342
2026-03-14 03:29:44.840 edge /static/style.css status=500 upstream=B rt_ms=181 bytes=3377
2026-03-14 03:29:45.880 edge /api/orders status=502 upstream=B rt_ms=336 bytes=9337
2026-03-14 03:29:47.366 edge /api/events status=200 upstream=B rt_ms=344 bytes=2238
2026-03-14 03:29:47.815 edge / status=200 upstream=B rt_ms=141 bytes=36443
2026-03-14 03:29:49.518 edge /healthz status=200 upstream=B rt_ms=140 bytes=8445
2026-03-14 03:29:49.660 edge /api/events status=200 upstream=B rt_ms=24 bytes=2681
2026-03-14 03:29:50.673 edge /static/style.css status=200 upstream=B rt_ms=163 bytes=8808
2026-03-14 03:29:50.907 edge /api/events status=502 upstream=B rt_ms=147 bytes=24283
2026-03-14 03:29:51.005 edge /healthz status=502 upstream=B rt_ms=18 bytes=29672
2026-03-14 03:29:51.022 edge /static/style.css status=200 upstream=B rt_ms=92 bytes=10027
2026-03-14 03:29:51.088 edge / status=502 upstream=B rt_ms=141 bytes=303
2026-03-14 03:29:52.145 edge / status=200 upstream=B rt_ms=265 bytes=17551
2026-03-14 03:29:52.158 edge /api/events status=502 upstream=B rt_ms=170 bytes=20274
2026-03-14 03:29:52.190 edge /static/style.css status=502 upstream=B rt_ms=227 bytes=40475
2026-03-14 03:29:52.378 edge /static/style.css status=200 upstream=B rt_ms=94 bytes=31886
2026-03-14 03:29:52.481 edge / status=200 upstream=B rt_ms=108 bytes=14482
2026-03-14 03:29:54.626 edge /api/orders status=200 upstream=B rt_ms=152 bytes=2075
2026-03-14 03:29:55.410 edge / status=200 upstream=B rt_ms=20 bytes=35636
2026-03-14 03:29:58.468 edge / status=200 upstream=B rt_ms=184 bytes=9307
2026-03-14 03:30:03.189 edge /api/events status=200 upstream=B rt_ms=390 bytes=32140
2026-03-14 03:30:03.578 edge /healthz status=200 upstream=B rt_ms=233 bytes=23357
2026-03-14 03:30:03.933 edge /api/orders status=200 upstream=B rt_ms=240 bytes=34304
2026-03-14 03:30:04.849 edge /api/orders status=200 upstream=B rt_ms=283 bytes=40921
2026-03-14 03:30:06.320 edge /api/orders status=200 upstream=B rt_ms=5 bytes=24257
2026-03-14 03:30:06.555 edge /static/style.css status=200 upstream=B rt_ms=330 bytes=29879
2026-03-14 03:30:07.263 edge /api/events status=502 upstream=B rt_ms=108 bytes=17867
2026-03-14 03:30:07.670 edge /static/style.css status=500 upstream=B rt_ms=222 bytes=28268
2026-03-14 03:30:08.068 edge /healthz status=200 upstream=B rt_ms=33 bytes=17067
2026-03-14 03:30:08.274 edge /static/style.css status=200 upstream=B rt_ms=112 bytes=510
2026-03-14 03:30:08.308 edge /static/style.css status=502 upstream=B rt_ms=352 bytes=12248
2026-03-14 03:30:08.346 edge /api/orders status=200 upstream=B rt_ms=333 bytes=40422
2026-03-14 03:30:08.906 edge /static/style.css status=200 upstream=B rt_ms=171 bytes=8967
2026-03-14 03:30:08.965 edge /api/events status=502 upstream=B rt_ms=309 bytes=1087
2026-03-14 03:30:09.107 edge / status=200 upstream=B rt_ms=5 bytes=3183
2026-03-14 03:30:10.252 edge /api/events status=502 upstream=B rt_ms=124 bytes=19528
2026-03-14 03:30:10.367 edge /healthz status=200 upstream=B rt_ms=47 bytes=24870
2026-03-14 03:30:11.512 edge /api/orders status=200 upstream=B rt_ms=145 bytes=14715
2026-03-14 03:30:11.681 edge /healthz status=200 upstream=B rt_ms=382 bytes=20835
2026-03-14 03:30:12.580 edge /healthz status=500 upstream=B rt_ms=295 bytes=23944
2026-03-14 03:30:13.547 edge /static/style.css status=502 upstream=B rt_ms=64 bytes=34795
2026-03-14 03:30:17.301 edge / status=200 upstream=B rt_ms=335 bytes=12165
2026-03-14 03:30:17.504 edge /api/orders status=200 upstream=B rt_ms=154 bytes=16156
2026-03-14 03:30:18.930 edge /api/orders status=200 upstream=B rt_ms=193 bytes=27296
2026-03-14 03:30:20.094 edge /api/events status=200 upstream=B rt_ms=303 bytes=12308
2026-03-14 03:30:20.750 edge /api/events status=502 upstream=B rt_ms=394 bytes=25343
2026-03-14 03:30:22.492 edge /api/events status=502 upstream=B rt_ms=179 bytes=15535
2026-03-14 03:30:22.575 edge /healthz status=200 upstream=B rt_ms=163 bytes=39007
2026-03-14 03:30:24.613 edge /healthz status=500 upstream=B rt_ms=34 bytes=28417
2026-03-14 03:30:25.503 edge /static/style.css status=502 upstream=B rt_ms=19 bytes=37303
2026-03-14 03:30:25.621 edge / status=502 upstream=B rt_ms=278 bytes=24992
2026-03-14 03:30:25.802 edge /static/style.css status=502 upstream=B rt_ms=142 bytes=3994
2026-03-14 03:30:26.012 edge /healthz status=502 upstream=B rt_ms=17 bytes=16168
2026-03-14 03:30:26.294 edge /healthz status=500 upstream=B rt_ms=108 bytes=14438
2026-03-14 03:30:29.305 edge /api/orders status=200 upstream=B rt_ms=296 bytes=40006
2026-03-14 03:30:29.997 edge /static/style.css status=200 upstream=B rt_ms=186 bytes=2122
2026-03-14 03:30:29.998 edge / status=200 upstream=B rt_ms=82 bytes=3134
2026-03-14 03:30:30.417 edge /api/events status=502 upstream=B rt_ms=250 bytes=4068
2026-03-14 03:30:33.009 edge / status=500 upstream=B rt_ms=4 bytes=18063
2026-03-14 03:30:33.075 edge /api/orders status=200 upstream=B rt_ms=16 bytes=31455
2026-03-14 03:30:34.088 edge /api/orders status=404 upstream=B rt_ms=95 bytes=1490
2026-03-14 03:30:34.264 edge /static/style.css status=200 upstream=B rt_ms=182 bytes=26388
2026-03-14 03:30:35.137 edge /api/orders status=200 upstream=B rt_ms=32 bytes=3345
2026-03-14 03:30:37.104 edge /api/orders status=500 upstream=B rt_ms=202 bytes=14040
2026-03-14 03:30:39.556 edge /static/style.css status=200 upstream=B rt_ms=265 bytes=20198
2026-03-14 03:30:40.621 edge / status=200 upstream=B rt_ms=305 bytes=35997
2026-03-14 03:30:42.026 edge /static/style.css status=502 upstream=B rt_ms=281 bytes=15325
2026-03-14 03:30:42.471 edge / status=200 upstream=B rt_ms=50 bytes=3093
2026-03-14 03:30:44.844 edge /static/style.css status=500 upstream=B rt_ms=148 bytes=4466
2026-03-14 03:30:45.624 edge /static/style.css status=200 upstream=B rt_ms=275 bytes=12949
2026-03-14 03:30:45.745 edge /healthz status=502 upstream=B rt_ms=354 bytes=6595
2026-03-14 03:30:46.976 edge /api/events status=200 upstream=B rt_ms=198 bytes=39178
2026-03-14 03:30:47.529 edge / status=200 upstream=B rt_ms=64 bytes=20338
2026-03-14 03:30:51.116 edge /static/style.css status=200 upstream=B rt_ms=186 bytes=34678
2026-03-14 03:30:51.163 edge /healthz status=502 upstream=B rt_ms=373 bytes=10839
2026-03-14 03:30:51.220 edge /api/events status=200 upstream=B rt_ms=165 bytes=37869
2026-03-14 03:30:52.108 edge /static/style.css status=502 upstream=B rt_ms=315 bytes=15252
2026-03-14 03:30:54.101 edge /healthz status=200 upstream=B rt_ms=227 bytes=2126
2026-03-14 03:30:54.711 edge /api/events status=404 upstream=B rt_ms=342 bytes=12244
2026-03-14 03:30:55.346 edge /healthz status=502 upstream=B rt_ms=222 bytes=35827
2026-03-14 03:31:01.790 edge /api/events status=200 upstream=B rt_ms=149 bytes=2041
2026-03-14 03:31:05.821 edge / status=500 upstream=B rt_ms=396 bytes=31729
2026-03-14 03:31:07.089 edge /healthz status=200 upstream=B rt_ms=332 bytes=30630
2026-03-14 03:31:07.116 edge /api/orders status=502 upstream=B rt_ms=48 bytes=5127
2026-03-14 03:31:07.598 edge /api/events status=502 upstream=B rt_ms=115 bytes=16236
2026-03-14 03:31:07.654 edge /api/orders status=200 upstream=B rt_ms=312 bytes=32255
2026-03-14 03:31:08.920 edge /healthz status=500 upstream=B rt_ms=233 bytes=4274
2026-03-14 03:31:10.022 edge /healthz status=502 upstream=B rt_ms=15 bytes=12876
2026-03-14 03:31:13.140 edge / status=502 upstream=B rt_ms=221 bytes=4597
2026-03-14 03:31:14.190 edge / status=502 upstream=B rt_ms=215 bytes=5869
2026-03-14 03:31:14.781 edge /static/style.css status=502 upstream=B rt_ms=348 bytes=12116
2026-03-14 03:31:15.456 edge /api/orders status=502 upstream=B rt_ms=292 bytes=3570
2026-03-14 03:31:18.724 edge / status=200 upstream=B rt_ms=364 bytes=1374
2026-03-14 03:31:19.674 edge /api/events status=502 upstream=B rt_ms=213 bytes=31465
2026-03-14 03:31:20.059 edge /static/style.css status=502 upstream=B rt_ms=278 bytes=27615
2026-03-14 03:31:23.289 edge / status=200 upstream=B rt_ms=271 bytes=21793
2026-03-14 03:31:25.168 edge /healthz status=502 upstream=B rt_ms=372 bytes=34699
2026-03-14 03:31:25.816 edge /healthz status=404 upstream=B rt_ms=11 bytes=35675
2026-03-14 03:31:27.589 edge /api/events status=200 upstream=B rt_ms=168 bytes=2310
2026-03-14 03:31:27.820 edge /api/orders status=200 upstream=B rt_ms=377 bytes=29310
2026-03-14 03:31:28.282 edge / status=404 upstream=B rt_ms=203 bytes=8203
2026-03-14 03:31:29.726 edge /static/style.css status=200 upstream=B rt_ms=286 bytes=17920
2026-03-14 03:31:30.310 edge / status=500 upstream=B rt_ms=291 bytes=35195
2026-03-14 03:31:30.525 edge /api/events status=502 upstream=B rt_ms=137 bytes=20756
2026-03-14 03:31:30.568 edge /healthz status=502 upstream=B rt_ms=80 bytes=548
2026-03-14 03:31:31.525 edge /api/orders status=200 upstream=B rt_ms=126 bytes=33908
2026-03-14 03:31:32.258 edge /api/orders status=200 upstream=B rt_ms=295 bytes=21237
2026-03-14 03:31:32.995 edge /static/style.css status=200 upstream=B rt_ms=367 bytes=32848
2026-03-14 03:31:34.916 edge /healthz status=200 upstream=B rt_ms=161 bytes=29305
2026-03-14 03:31:34.957 edge /api/events status=200 upstream=B rt_ms=296 bytes=9278
2026-03-14 03:31:35.140 edge /api/events status=502 upstream=B rt_ms=60 bytes=11742
2026-03-14 03:31:36.947 edge / status=200 upstream=B rt_ms=186 bytes=14408
2026-03-14 03:31:37.912 edge /healthz status=502 upstream=B rt_ms=372 bytes=6688
2026-03-14 03:31:38.804 edge /static/style.css status=502 upstream=B rt_ms=41 bytes=37628
2026-03-14 03:31:39.198 edge /static/style.css status=404 upstream=B rt_ms=37 bytes=32634
2026-03-14 03:31:39.363 edge /api/orders status=502 upstream=B rt_ms=354 bytes=840
2026-03-14 03:31:39.543 edge /static/style.css status=200 upstream=B rt_ms=208 bytes=3853
2026-03-14 03:31:41.534 edge /healthz status=200 upstream=B rt_ms=196 bytes=40511
2026-03-14 03:31:45.232 edge /healthz status=404 upstream=B rt_ms=231 bytes=11601
2026-03-14 03:31:46.922 edge /api/orders status=502 upstream=B rt_ms=35 bytes=4397
2026-03-14 03:31:48.309 edge / status=200 upstream=B rt_ms=159 bytes=24931
2026-03-14 03:31:49.009 edge /static/style.css status=404 upstream=B rt_ms=14 bytes=35341
2026-03-14 03:31:49.329 edge / status=200 upstream=B rt_ms=188 bytes=16772
2026-03-14 03:31:50.346 edge /api/events status=500 upstream=B rt_ms=167 bytes=14358
2026-03-14 03:31:51.485 edge /api/events status=200 upstream=B rt_ms=306 bytes=18129
2026-03-14 03:31:51.498 edge /api/events status=200 upstream=B rt_ms=37 bytes=8778
2026-03-14 03:31:52.460 edge / status=404 upstream=B rt_ms=106 bytes=24337
2026-03-14 03:31:55.239 edge /api/events status=502 upstream=B rt_ms=286 bytes=3250
2026-03-14 03:31:56.180 edge /api/orders status=200 upstream=B rt_ms=278 bytes=7222
2026-03-14 03:31:56.942 edge /healthz status=200 upstream=B rt_ms=369 bytes=14485
2026-03-14 03:31:58.777 edge / status=200 upstream=B rt_ms=129 bytes=30473
2026-03-14 03:32:00.727 edge /api/events status=404 upstream=B rt_ms=162 bytes=34285
2026-03-14 03:32:02.172 edge /static/style.css status=200 upstream=B rt_ms=297 bytes=28830
2026-03-14 03:32:02.403 edge /static/style.css status=500 upstream=B rt_ms=392 bytes=10144
2026-03-14 03:32:03.325 edge /healthz status=200 upstream=B rt_ms=273 bytes=38349
2026-03-14 03:32:03.615 edge /api/events status=200 upstream=B rt_ms=373 bytes=7970
2026-03-14 03:32:06.982 edge /static/style.css status=502 upstream=B rt_ms=112 bytes=40531
2026-03-14 03:32:07.074 edge / status=200 upstream=B rt_ms=364 bytes=32772
2026-03-14 03:32:07.249 edge /healthz status=200 upstream=B rt_ms=258 bytes=7629
2026-03-14 03:32:07.327 edge / status=502 upstream=B rt_ms=107 bytes=7760
2026-03-14 03:32:07.582 edge / status=502 upstream=B rt_ms=199 bytes=27534
2026-03-14 03:32:11.171 edge /static/style.css status=200 upstream=B rt_ms=364 bytes=26381
2026-03-14 03:32:11.525 edge /api/orders status=502 upstream=B rt_ms=382 bytes=36343
2026-03-14 03:32:12.857 edge /healthz status=200 upstream=B rt_ms=328 bytes=18445
2026-03-14 03:32:13.343 edge / status=502 upstream=B rt_ms=223 bytes=24710
2026-03-14 03:32:13.597 edge /api/events status=502 upstream=B rt_ms=145 bytes=31126
2026-03-14 03:32:15.622 edge / status=502 upstream=B rt_ms=155 bytes=36614
2026-03-14 03:32:17.345 edge /static/style.css status=200 upstream=B rt_ms=286 bytes=8291
2026-03-14 03:32:17.642 edge /static/style.css status=200 upstream=B rt_ms=34 bytes=24334
2026-03-14 03:32:17.847 edge /healthz status=500 upstream=B rt_ms=22 bytes=21288
2026-03-14 03:32:18.094 edge / status=200 upstream=B rt_ms=101 bytes=27777
2026-03-14 03:32:19.193 edge /healthz status=502 upstream=B rt_ms=184 bytes=609
2026-03-14 03:32:19.969 edge / status=502 upstream=B rt_ms=361 bytes=1601
2026-03-14 03:32:20.007 edge /static/style.css status=502 upstream=B rt_ms=350 bytes=3057
2026-03-14 03:32:22.328 edge /api/orders status=502 upstream=B rt_ms=339 bytes=28002
2026-03-14 03:32:24.043 edge /api/events status=502 upstream=B rt_ms=104 bytes=14640
2026-03-14 03:32:24.786 edge /api/events status=200 upstream=B rt_ms=77 bytes=13131
2026-03-14 03:32:27.058 edge /healthz status=502 upstream=B rt_ms=358 bytes=10267
2026-03-14 03:32:27.141 edge /healthz status=200 upstream=B rt_ms=353 bytes=5580
2026-03-14 03:32:31.163 edge /api/orders status=502 upstream=B rt_ms=382 bytes=26871
2026-03-14 03:32:32.864 edge /api/orders status=200 upstream=B rt_ms=26 bytes=13503
2026-03-14 03:32:37.862 edge / status=200 upstream=B rt_ms=288 bytes=37295
2026-03-14 03:32:37.949 edge /api/orders status=200 upstream=B rt_ms=344 bytes=41854
2026-03-14 03:32:38.268 edge /healthz status=200 upstream=B rt_ms=162 bytes=31625
2026-03-14 03:32:38.663 edge /api/orders status=200 upstream=B rt_ms=201 bytes=27275
2026-03-14 03:32:40.956 edge /static/style.css status=200 upstream=B rt_ms=226 bytes=20396
2026-03-14 03:32:41.686 edge /api/events status=200 upstream=B rt_ms=238 bytes=7130
2026-03-14 03:32:41.709 edge /api/events status=200 upstream=B rt_ms=125 bytes=33832
2026-03-14 03:32:44.616 edge /api/events status=200 upstream=B rt_ms=342 bytes=17495
2026-03-14 03:32:44.631 edge /healthz status=502 upstream=B rt_ms=359 bytes=25892
2026-03-14 03:32:46.280 edge /api/events status=502 upstream=B rt_ms=49 bytes=37473
2026-03-14 03:32:49.353 edge /api/events status=502 upstream=B rt_ms=291 bytes=28625
2026-03-14 03:32:53.312 edge /api/events status=500 upstream=B rt_ms=192 bytes=18892
2026-03-14 03:32:54.090 edge /api/orders status=200 upstream=B rt_ms=91 bytes=37231
2026-03-14 03:32:55.201 edge / status=200 upstream=B rt_ms=38 bytes=41802
2026-03-14 03:32:56.431 edge /static/style.css status=502 upstream=B rt_ms=316 bytes=21773
2026-03-14 03:32:57.274 edge /api/orders status=200 upstream=B rt_ms=155 bytes=37701
2026-03-14 03:32:57.935 edge /healthz status=200 upstream=B rt_ms=45 bytes=41271
2026-03-14 03:32:59.432 edge /api/events status=502 upstream=B rt_ms=226 bytes=19219
2026-03-14 03:33:00.100 edge /static/style.css status=200 upstream=B rt_ms=76 bytes=535
2026-03-14 03:33:00.607 edge / status=502 upstream=B rt_ms=23 bytes=14260
2026-03-14 03:33:01.283 edge /static/style.css status=502 upstream=B rt_ms=81 bytes=29926
2026-03-14 03:33:01.531 edge / status=502 upstream=B rt_ms=60 bytes=15574
2026-03-14 03:33:02.586 edge /api/events status=502 upstream=B rt_ms=124 bytes=16224
2026-03-14 03:33:05.074 edge /static/style.css status=200 upstream=B rt_ms=7 bytes=8152
2026-03-14 03:33:06.160 edge /api/orders status=200 upstream=B rt_ms=333 bytes=27355
2026-03-14 03:33:06.388 edge / status=200 upstream=B rt_ms=143 bytes=31307
2026-03-14 03:33:06.418 edge /healthz status=200 upstream=B rt_ms=65 bytes=18939
2026-03-14 03:33:07.846 edge /api/events status=200 upstream=B rt_ms=147 bytes=22491
2026-03-14 03:33:10.214 edge /api/orders status=502 upstream=B rt_ms=22 bytes=27772
2026-03-14 03:33:11.875 edge / status=200 upstream=B rt_ms=127 bytes=17146
2026-03-14 03:33:16.953 edge / status=500 upstream=B rt_ms=19 bytes=41670
2026-03-14 03:33:17.512 edge /api/events status=200 upstream=B rt_ms=389 bytes=27794
2026-03-14 03:33:17.922 edge /api/orders status=502 upstream=B rt_ms=197 bytes=24467
2026-03-14 03:33:19.050 edge /healthz status=200 upstream=B rt_ms=397 bytes=40102
2026-03-14 03:33:19.598 edge / status=502 upstream=B rt_ms=182 bytes=33149
2026-03-14 03:33:19.615 edge / status=200 upstream=B rt_ms=337 bytes=273
2026-03-14 03:33:19.791 edge / status=200 upstream=B rt_ms=155 bytes=23407
2026-03-14 03:33:22.519 edge /api/orders status=502 upstream=B rt_ms=370 bytes=39365
2026-03-14 03:33:24.033 edge / status=502 upstream=B rt_ms=345 bytes=39366
2026-03-14 03:33:26.994 edge /healthz status=200 upstream=B rt_ms=229 bytes=29510
2026-03-14 03:33:29.778 edge /api/orders status=502 upstream=B rt_ms=332 bytes=19197
2026-03-14 03:33:32.376 edge /healthz status=200 upstream=B rt_ms=146 bytes=15616
2026-03-14 03:33:32.610 edge /api/orders status=200 upstream=B rt_ms=31 bytes=9008
2026-03-14 03:33:34.095 edge /healthz status=200 upstream=B rt_ms=132 bytes=33165
2026-03-14 03:33:34.129 edge /api/events status=200 upstream=B rt_ms=33 bytes=38793
2026-03-14 03:33:34.136 edge / status=502 upstream=B rt_ms=100 bytes=23149
2026-03-14 03:33:34.365 edge /api/orders status=502 upstream=B rt_ms=158 bytes=17584
2026-03-14 03:33:34.626 edge /static/style.css status=502 upstream=B rt_ms=203 bytes=14925
2026-03-14 03:33:34.834 edge /api/orders status=502 upstream=B rt_ms=388 bytes=6102
2026-03-14 03:33:34.900 edge /static/style.css status=502 upstream=B rt_ms=72 bytes=18431
2026-03-14 03:33:36.125 edge /healthz status=502 upstream=B rt_ms=45 bytes=4154
2026-03-14 03:33:36.354 edge /static/style.css status=200 upstream=B rt_ms=264 bytes=34665
2026-03-14 03:33:38.675 edge /api/events status=200 upstream=B rt_ms=209 bytes=7832
2026-03-14 03:33:39.019 edge /api/orders status=200 upstream=B rt_ms=216 bytes=40278
2026-03-14 03:33:39.194 edge /static/style.css status=502 upstream=B rt_ms=138 bytes=23004
2026-03-14 03:33:39.493 edge /api/orders status=200 upstream=B rt_ms=114 bytes=10132
2026-03-14 03:33:40.089 edge /healthz status=500 upstream=B rt_ms=393 bytes=13501
2026-03-14 03:33:45.496 edge /api/events status=502 upstream=B rt_ms=295 bytes=17043
2026-03-14 03:33:45.682 edge /healthz status=500 upstream=B rt_ms=75 bytes=7792
2026-03-14 03:33:46.719 edge /healthz status=200 upstream=B rt_ms=296 bytes=10487
2026-03-14 03:33:47.266 edge /static/style.css status=502 upstream=B rt_ms=229 bytes=38337
2026-03-14 03:33:47.976 edge /api/events status=200 upstream=B rt_ms=190 bytes=37715
2026-03-14 03:33:48.063 edge / status=502 upstream=B rt_ms=122 bytes=21845
2026-03-14 03:33:49.164 edge /healthz status=200 upstream=B rt_ms=257 bytes=3752
2026-03-14 03:33:50.624 edge / status=502 upstream=B rt_ms=93 bytes=33054
2026-03-14 03:33:51.631 edge /healthz status=200 upstream=B rt_ms=67 bytes=2154
2026-03-14 03:33:51.774 edge /api/events status=200 upstream=B rt_ms=38 bytes=4376
2026-03-14 03:33:51.991 edge / status=200 upstream=B rt_ms=229 bytes=25346
2026-03-14 03:33:53.347 edge /healthz status=200 upstream=B rt_ms=35 bytes=16017
2026-03-14 03:33:54.908 edge /api/orders status=502 upstream=B rt_ms=334 bytes=1661
2026-03-14 03:33:55.861 edge / status=502 upstream=B rt_ms=269 bytes=30679
2026-03-14 03:33:56.717 edge /api/events status=200 upstream=B rt_ms=32 bytes=20747
2026-03-14 03:33:58.009 edge /static/style.css status=200 upstream=B rt_ms=16 bytes=28826
2026-03-14 03:33:58.563 edge / status=502 upstream=B rt_ms=378 bytes=25958
2026-03-14 03:33:59.388 edge / status=200 upstream=B rt_ms=367 bytes=16423
2026-03-14 03:33:59.624 edge /api/events status=200 upstream=B rt_ms=58 bytes=24029
2026-03-14 03:33:59.888 edge /healthz status=502 upstream=B rt_ms=367 bytes=15364
2026-03-14 03:34:00.408 edge /static/style.css status=502 upstream=B rt_ms=221 bytes=33259
2026-03-14 03:34:01.969 edge /healthz status=502 upstream=B rt_ms=254 bytes=29016
2026-03-14 03:34:02.787 edge /api/events status=200 upstream=B rt_ms=239 bytes=22071
2026-03-14 03:34:03.297 edge / status=500 upstream=B rt_ms=221 bytes=12650
2026-03-14 03:34:03.439 edge /api/events status=200 upstream=B rt_ms=196 bytes=20954
2026-03-14 03:34:03.991 edge / status=502 upstream=B rt_ms=121 bytes=31320
2026-03-14 03:34:05.384 edge /static/style.css status=200 upstream=B rt_ms=318 bytes=13948
2026-03-14 03:34:07.564 edge /api/orders status=500 upstream=B rt_ms=58 bytes=12595
2026-03-14 03:34:08.431 edge / status=502 upstream=B rt_ms=13 bytes=39874
2026-03-14 03:34:10.165 edge /api/events status=502 upstream=B rt_ms=334 bytes=34638
2026-03-14 03:34:10.520 edge /api/orders status=404 upstream=B rt_ms=190 bytes=37609
2026-03-14 03:34:12.425 edge /healthz status=200 upstream=B rt_ms=316 bytes=11407
2026-03-14 03:34:17.820 edge /healthz status=200 upstream=B rt_ms=80 bytes=7078
2026-03-14 03:34:19.709 edge / status=200 upstream=B rt_ms=251 bytes=27745
2026-03-14 03:34:19.881 edge /static/style.css status=500 upstream=B rt_ms=49 bytes=19363
2026-03-14 03:34:20.891 edge /api/orders status=200 upstream=B rt_ms=294 bytes=19113
2026-03-14 03:34:22.009 edge / status=200 upstream=B rt_ms=200 bytes=6977
2026-03-14 03:34:22.397 edge /static/style.css status=502 upstream=B rt_ms=315 bytes=10792
2026-03-14 03:34:24.322 edge /api/events status=200 upstream=B rt_ms=53 bytes=31653
2026-03-14 03:34:24.617 edge / status=200 upstream=B rt_ms=171 bytes=13446
2026-03-14 03:34:25.830 edge /api/orders status=500 upstream=B rt_ms=355 bytes=16238
2026-03-14 03:34:28.054 edge /api/events status=200 upstream=B rt_ms=51 bytes=30599
2026-03-14 03:34:28.819 edge /api/events status=200 upstream=B rt_ms=364 bytes=37334
2026-03-14 03:34:28.946 edge /api/events status=200 upstream=B rt_ms=46 bytes=9465
2026-03-14 03:34:29.727 edge /healthz status=200 upstream=B rt_ms=90 bytes=29090
2026-03-14 03:34:32.413 edge / status=200 upstream=B rt_ms=96 bytes=18294
2026-03-14 03:34:37.164 edge / status=502 upstream=B rt_ms=127 bytes=16795
2026-03-14 03:34:37.300 edge /api/events status=502 upstream=B rt_ms=64 bytes=6796
2026-03-14 03:34:38.292 edge /api/orders status=200 upstream=B rt_ms=133 bytes=14768
2026-03-14 03:34:38.865 edge / status=200 upstream=B rt_ms=368 bytes=41276
2026-03-14 03:34:39.120 edge / status=502 upstream=B rt_ms=252 bytes=13228
2026-03-14 03:34:41.510 edge /static/style.css status=200 upstream=B rt_ms=12 bytes=14854
2026-03-14 03:34:41.688 edge /api/events status=502 upstream=B rt_ms=170 bytes=13704
2026-03-14 03:34:42.329 edge /healthz status=200 upstream=B rt_ms=338 bytes=27729
2026-03-14 03:34:42.361 edge /healthz status=502 upstream=B rt_ms=317 bytes=8456
2026-03-14 03:34:43.467 edge / status=502 upstream=B rt_ms=225 bytes=40237
2026-03-14 03:34:44.469 edge /api/orders status=502 upstream=B rt_ms=219 bytes=8886
2026-03-14 03:34:44.794 edge /api/events status=200 upstream=B rt_ms=368 bytes=33845
2026-03-14 03:34:46.373 edge /static/style.css status=502 upstream=B rt_ms=119 bytes=13437
2026-03-14 03:34:47.717 edge /healthz status=200 upstream=B rt_ms=342 bytes=33321
2026-03-14 03:34:47.871 edge /healthz status=502 upstream=B rt_ms=203 bytes=33897
2026-03-14 03:34:48.009 edge /api/events status=404 upstream=B rt_ms=365 bytes=41495
2026-03-14 03:34:48.830 edge /api/events status=200 upstream=B rt_ms=229 bytes=6498
2026-03-14 03:34:48.900 edge /healthz status=200 upstream=B rt_ms=314 bytes=28900
2026-03-14 03:34:51.554 edge /api/events status=502 upstream=B rt_ms=274 bytes=40563
2026-03-14 03:34:52.265 edge / status=200 upstream=B rt_ms=115 bytes=12917
2026-03-14 03:34:52.386 edge /static/style.css status=200 upstream=B rt_ms=57 bytes=10281
2026-03-14 03:34:53.900 edge /api/events status=200 upstream=B rt_ms=218 bytes=35806
2026-03-14 03:34:54.019 edge /api/orders status=200 upstream=B rt_ms=298 bytes=2976
2026-03-14 03:34:56.227 edge /healthz status=502 upstream=B rt_ms=39 bytes=3913
2026-03-14 03:34:57.044 edge /healthz status=200 upstream=B rt_ms=28 bytes=30764
2026-03-14 03:34:58.779 edge / status=200 upstream=B rt_ms=356 bytes=7492
